g A_build_bridge_02_bk_wide
v 0.447430195 -0.00425058419 -0.709975454
v 0.446942459 0.0025490253 -0.709889383
v 0.450069705 -0.00416451318 -0.700019907
v -0.185277771 -0.00889841852 -0.682949158
v -0.185335152 0.00378270972 -0.682059757
v -0.166083937 -0.0087262765 -0.683809868
v 0.892302535 -0.0288955823 -0.345550814
v 0.892302535 -0.0288955823 -0.323401875
v 0.892302535 -0.0322523515 -0.323401875
v 0.914451474 -0.0288955823 -0.323401875
v 0.914451474 -0.0288955823 -0.345550814
v 0.914451474 -0.0322523515 -0.345550814
v 0.892302535 -0.0322523515 -0.323401875
v 0.892302535 -0.0322523515 -0.345550814
v 0.892302535 -0.0288955823 -0.345550814
v 0.914451474 -0.0322523515 -0.345550814
v 0.914451474 -0.0322523515 -0.323401875
v 0.914451474 -0.0288955823 -0.323401875
v 0.892302535 -0.0288955823 -0.705385
v 0.892302535 -0.0288955823 -0.683236061
v 0.892302535 -0.0322523515 -0.683236061
v 0.892302535 -0.0288955823 -0.683236061
v 0.914451474 -0.0288955823 -0.683236061
v 0.914451474 -0.0322523515 -0.683236061
v 0.892302535 -0.0322523515 -0.683236061
v 0.892302535 -0.0322523515 -0.705385
v 0.892302535 -0.0288955823 -0.705385
v 0.914451474 -0.0322523515 -0.683236061
v 0.892302535 -0.0322523515 -0.683236061
v 0.892302535 -0.0288955823 -0.683236061
v 0.914451474 -0.0322523515 -0.705385
v 0.914451474 -0.0322523515 -0.683236061
v 0.914451474 -0.0288955823 -0.683236061
v -0.253187795 -0.000979885953 -0.886162803
v -0.244465933 -0.000979885953 -0.912500531
v -0.207684923 -0.000979885953 -0.930804965
v -0.217009282 -0.0158127893 -0.972979758
v -0.277890174 -0.00881234751 -0.945982152
v -0.277890174 -0.0228419215 -0.945982152
v -0.0571754238 -0.0228419215 -0.778660116
v -0.0290015145 -0.000979885953 -0.733903193
v -0.0798694791 -0.000979885953 -0.743801359
v -0.253187795 -0.000979885953 -0.886162803
v -0.278263148 -0.00881234751 -0.892302535
v -0.275681018 -0.00881234751 -0.917865624
v 0.0498108368 -0.00826723114 -0.870325738
v 0.0844974522 -0.000979885953 -0.829642842
v 0.0421792075 -0.000979885953 -0.824822866
v -0.253187795 -0.000979885953 -0.886162803
v -0.266586182 -0.000979885953 -0.864960645
v -0.278263148 -0.00881234751 -0.892302535
v -0.0240093962 -0.0228419215 -0.738407576
v -0.0290015145 -0.000979885953 -0.733903193
v -0.0571754238 -0.0228419215 -0.778660116
v 0.127446884 -0.000979885953 -0.819256941
v 0.0838088842 -0.00935746388 -0.878244271
v 0.151087721 -0.000979885953 -0.822642401
v 0.914451474 -0.0288955823 -0.683236061
v 0.914451474 -0.0288955823 -0.705385
v 0.914451474 -0.0322523515 -0.705385
v -0.619190403 -0.0053981976 -0.760642586
v -0.619878971 0.0109266032 -0.757658791
v -0.635027469 0.0053893685 -0.730402972
v -0.6343389 -0.0110215033 -0.733415458
v -0.375666837 -0.0686316968 -0.854144389
v -0.369039369 -0.048634533 -0.854832957
v -0.374060178 -0.0481754876 -0.890236831
v -0.380687645 -0.0682013417 -0.889548263
v -0.402578371 -0.0613730419 -0.901770346
v -0.395950904 -0.0413471878 -0.902458914
v -0.431383468 -0.030244028 -0.901397371
v -0.438010936 -0.0502698821 -0.900708803
v -0.380687645 -0.0682013417 -0.889548263
v -0.374060178 -0.0481754876 -0.890236831
v -0.395950904 -0.0413471878 -0.902458914
v -0.402578371 -0.0613730419 -0.901770346
v -0.520122675 -0.0220099018 -0.888314578
v -0.513523898 -0.00198404769 -0.889003146
v -0.519893153 0.00111450853 -0.860398882
v -0.52652062 -0.0189113456 -0.859710314
v -0.395950904 -0.0413471878 -0.902458914
v -0.374060178 -0.0481754876 -0.890236831
v -0.369039369 -0.048634533 -0.854832957
v -0.403783365 -0.0354369787 -0.805715103
v -0.432990127 -0.0259117874 -0.788156617
v -0.395950904 -0.0413471878 -0.902458914
v -0.431383468 -0.030244028 -0.901397371
v -0.484345827 -0.00881234751 -0.80634629
v -0.484690111 -0.0122551878 -0.90983233
v -0.502765022 -0.00367677748 -0.834290677
v -0.513523898 -0.00198404769 -0.889003146
v -0.519893153 0.00111450853 -0.860398882
v -0.484345827 -0.00881234751 -0.80634629
v -0.5093638 -0.0237026316 -0.833602109
v -0.502765022 -0.00367677748 -0.834290677
v -0.490829843 -0.0284365369 -0.805686412
v -0.432990127 -0.0259117874 -0.788156617
v -0.439474143 -0.0455359768 -0.78749674
v -0.403783365 -0.0354369787 -0.805715103
v -0.410267381 -0.0550611681 -0.805026535
v -0.369039369 -0.048634533 -0.854832957
v -0.375666837 -0.0686316968 -0.854144389
v -0.403783365 -0.0354369787 -0.805715103
v 0.453254333 -0.00370546781 -0.721508968
v 0.452795287 0.00306545133 -0.721422897
v 0.446942459 0.0025490253 -0.709889383
v 0.447430195 -0.00425058419 -0.709975454
v -0.545255409 0.00323759335 -0.790337083
v -0.545972668 0.0200501299 -0.787295907
v -0.580659283 0.0178983547 -0.785517107
v -0.579942025 0.00140141188 -0.788500902
v -0.514298537 0.0114143389 -0.729054527
v -0.513523898 -0.00594331397 -0.732210464
v -0.518946372 -0.00766473409 -0.721996704
v -0.519721011 0.00972160914 -0.718840767
v -0.569871717 -0.0169317124 -0.683293442
v -0.570617666 2.42757845E-05 -0.680194885
v -0.604845236 -0.0164726671 -0.696290164
v -0.605591184 0.000454630815 -0.693220298
v -0.513523898 -0.00594331397 -0.732210464
v -0.514298537 0.0114143389 -0.729054527
v -0.545972668 0.0200501299 -0.787295907
v -0.545255409 0.00323759335 -0.790337083
v -0.519721011 0.00972160914 -0.718840767
v -0.545972668 0.0200501299 -0.787295907
v -0.514298537 0.0114143389 -0.729054527
v -0.580659283 0.0178983547 -0.785517107
v -0.619878971 0.0109266032 -0.757658791
v -0.570617666 2.42757845E-05 -0.680194885
v -0.605591184 0.000454630815 -0.693220298
v -0.635027469 0.0053893685 -0.730402972
v -0.629260711 0.00145879255 -0.706188329
v -0.438010936 -0.0502698821 -0.900708803
v -0.431383468 -0.030244028 -0.901397371
v -0.484690111 -0.0122551878 -0.90983233
v -0.491317579 -0.0322523515 -0.909143762
v -0.52652062 -0.0189113456 -0.859710314
v -0.519893153 0.00111450853 -0.860398882
v -0.502765022 -0.00367677748 -0.834290677
v -0.5093638 -0.0237026316 -0.833602109
v -0.579942025 0.00140141188 -0.788500902
v -0.580659283 0.0178983547 -0.785517107
v -0.619878971 0.0109266032 -0.757658791
v -0.619190403 -0.0053981976 -0.760642586
v 0.435466325 -0.00516867492 -0.644245895
v 0.435179421 0.00868875707 -0.644159824
v 0.434749066 0.0082297117 -0.615928534
v 0.435007279 -0.0053981976 -0.616014605
v 0.496175074 0.00647960124 -0.711209138
v 0.4966915 -0.000721672935 -0.711266519
v 0.494597106 -0.000750363271 -0.706991659
v 0.49408068 0.00645091091 -0.706905588
v 0.474313039 -0.00238571239 -0.690150432
v 0.473796613 0.00467211011 -0.690093051
v 0.450069705 -0.00416451318 -0.700019907
v 0.446942459 0.0025490253 -0.709889383
v 0.4966915 -0.000721672935 -0.711266519
v 0.496175074 0.00647960124 -0.711209138
v 0.476522195 0.00550412984 -0.726357635
v 0.47700993 -0.00146762165 -0.726415016
v 0.49408068 0.00645091091 -0.706905588
v 0.476522195 0.00550412984 -0.726357635
v 0.496175074 0.00647960124 -0.711209138
v 0.473796613 0.00467211011 -0.690093051
v 0.452795287 0.00306545133 -0.721422897
v 0.446942459 0.0025490253 -0.709889383
v -0.6343389 -0.0110215033 -0.733415458
v -0.635027469 0.0053893685 -0.730402972
v -0.629260711 0.00145879255 -0.706188329
v -0.628543453 -0.0151529116 -0.709229505
v 0.435007279 -0.0053981976 -0.616014605
v 0.434749066 0.0082297117 -0.615928534
v 0.455463489 0.00828709237 -0.582360842
v 0.455750392 -0.00522605559 -0.582446913
v -0.20395518 -0.00789425678 -0.698212416
v -0.20401256 0.00472949079 -0.697294325
v -0.185335152 0.00378270972 -0.682059757
v -0.185277771 -0.00889841852 -0.682949158
v 0.484756321 0.0103241062 -0.666165312
v 0.485043224 -0.00399237117 -0.666251383
v 0.493076518 -0.00356201614 -0.661230574
v 0.492789615 0.0107831515 -0.661144503
v 0.522053757 -0.00330380312 -0.617506503
v 0.521766854 0.0107257709 -0.617391741
v 0.5094587 -0.00404975184 -0.589963781
v 0.509171796 0.00992244149 -0.58987771
v 0.485043224 -0.00399237117 -0.666251383
v 0.484756321 0.0103241062 -0.666165312
v 0.435179421 0.00868875707 -0.644159824
v 0.435466325 -0.00516867492 -0.644245895
v 0.492789615 0.0107831515 -0.661144503
v 0.435179421 0.00868875707 -0.644159824
v 0.484756321 0.0103241062 -0.666165312
v 0.521766854 0.0107257709 -0.617391741
v 0.434749066 0.0082297117 -0.615928534
v 0.455463489 0.00828709237 -0.582360842
v 0.509171796 0.00992244149 -0.58987771
v 0.455750392 -0.00522605559 -0.582446913
v 0.455463489 0.00828709237 -0.582360842
v 0.509171796 0.00992244149 -0.58987771
v 0.5094587 -0.00404975184 -0.589963781
v -0.628543453 -0.0151529116 -0.709229505
v -0.629260711 0.00145879255 -0.706188329
v -0.605591184 0.000454630815 -0.693220298
v -0.604845236 -0.0164726671 -0.696290164
v -0.491317579 -0.0322523515 -0.909143762
v -0.484690111 -0.0122551878 -0.90983233
v -0.513523898 -0.00198404769 -0.889003146
v -0.520122675 -0.0220099018 -0.888314578
v 0.453254333 -0.00370546781 -0.721508968
v 0.47700993 -0.00146762165 -0.726415016
v 0.476522195 0.00550412984 -0.726357635
v 0.452795287 0.00306545133 -0.721422897
v -0.168006189 0.0111274356 -0.772262172
v -0.167948809 -0.00229964138 -0.773208953
v -0.160977057 -0.00238571239 -0.767700408
v -0.161034438 0.0110700549 -0.766724937
v -0.138426454 -0.0053981976 -0.723976337
v -0.138512525 0.007741976 -0.723058247
v -0.166083937 -0.0087262765 -0.683809868
v -0.185335152 0.00378270972 -0.682059757
v -0.167948809 -0.00229964138 -0.773208953
v -0.168006189 0.0111274356 -0.772262172
v -0.203467444 0.00929125411 -0.742538984
v -0.203410063 -0.00367677748 -0.743457075
v -0.161034438 0.0110700549 -0.766724937
v -0.203467444 0.00929125411 -0.742538984
v -0.168006189 0.0111274356 -0.772262172
v -0.138512525 0.007741976 -0.723058247
v -0.20401256 0.00472949079 -0.697294325
v -0.185335152 0.00378270972 -0.682059757
v -0.20395518 -0.00789425678 -0.698212416
v -0.203410063 -0.00367677748 -0.743457075
v -0.203467444 0.00929125411 -0.742538984
v -0.20401256 0.00472949079 -0.697294325
v 0.891642657 -0.0320515192 -1.02881115
v 0.907537103 -0.0320515192 -4.41455092E-06
v 0.891642657 -0.0320515192 -4.41455092E-06
v 0.907537103 -0.0320515192 -1.02881115
v 0.907537103 -0.0320515192 -4.41455092E-06
v 0.907537103 -0.0352648367 -1.02881115
v 0.907537103 -0.0352648367 -4.41455092E-06
v 0.907537103 -0.0320515192 -1.02881115
v -0.645212538 0.0592985087 -4.41455092E-06
v -0.642056601 0.0561425718 -0.514393437
v -0.642056601 0.0561425718 -4.41455092E-06
v -0.645212538 0.0592985087 -0.514393437
v -0.642056601 0.0561425718 -0.771602294
v -0.645212538 0.0592985087 -0.771602294
v -0.642286123 0.0471624968 -0.900221067
v -0.64541337 0.0503184337 -0.900221067
v -0.831556266 0.0780046073 -0.33926763
v -0.822002384 0.0780046073 -0.329713749
v -0.831556266 0.0780046073 -0.329713749
v -0.822002384 0.0780046073 -0.33926763
v -0.833306376 0.0760249742 -0.341017741
v -0.833306376 -0.0288955823 -0.327963638
v -0.833306376 -0.0288955823 -0.341017741
v -0.833306376 0.0760249742 -0.327963638
v -0.833306376 0.0760249742 -0.327963638
v -0.820252274 -0.0288955823 -0.327963638
v -0.833306376 -0.0288955823 -0.327963638
v -0.820252274 0.0760249742 -0.327963638
v -0.820252274 0.0760249742 -0.341017741
v -0.820252274 -0.0288955823 -0.327963638
v -0.820252274 0.0760249742 -0.327963638
v -0.820252274 -0.0288955823 -0.341017741
v -0.833306376 0.0760249742 -0.341017741
v -0.820252274 -0.0288955823 -0.341017741
v -0.820252274 0.0760249742 -0.341017741
v -0.833306376 -0.0288955823 -0.341017741
v -0.81569051 -0.0288955823 -0.345550814
v -0.837839449 -0.0322523515 -0.345550814
v -0.81569051 -0.0322523515 -0.345550814
v -0.837839449 -0.0288955823 -0.345550814
v -0.81569051 -0.0288955823 -0.345550814
v -0.81569051 -0.0322523515 -0.323401875
v -0.81569051 -0.0288955823 -0.323401875
v -0.81569051 -0.0322523515 -0.345550814
v -0.81569051 -0.0288955823 -0.323401875
v -0.837839449 -0.0322523515 -0.323401875
v -0.837839449 -0.0288955823 -0.323401875
v -0.81569051 -0.0322523515 -0.323401875
v -0.837839449 -0.0288955823 -0.323401875
v -0.837839449 -0.0322523515 -0.345550814
v -0.837839449 -0.0288955823 -0.345550814
v -0.837839449 -0.0322523515 -0.323401875
v -0.829088897 0.0560565008 -0.287137291
v -0.826363315 0.0201935815 -0.289834182
v -0.826363315 0.0560565008 -0.289834182
v -0.829088897 0.0201935815 -0.287137291
v -0.826363315 0.0560565008 -0.284411709
v -0.826363315 0.0201935815 -0.284411709
v -0.823637733 0.0560565008 -0.287137291
v -0.823637733 0.0201935815 -0.287137291
v -0.826363315 0.0560565008 -0.289834182
v -0.826363315 0.0201935815 -0.289834182
v -0.821916313 0.0170950253 -0.514393437
v -0.83190055 0.0170950253 -4.41455092E-06
v -0.821916313 0.0170950253 -4.41455092E-06
v -0.83190055 0.0170950253 -0.514393437
v -0.83190055 0.0170950253 -0.771602294
v -0.821916313 0.0170950253 -0.771602294
v -0.83190055 0.0170950253 -0.900221067
v -0.821916313 0.0170950253 -0.900221067
v -0.83190055 0.0170950253 -4.41455092E-06
v -0.83190055 0.0222592857 -0.514393437
v -0.83190055 0.0222592857 -4.41455092E-06
v -0.83190055 0.0170950253 -0.514393437
v -0.83190055 0.0222592857 -0.771602294
v -0.83190055 0.0170950253 -0.771602294
v -0.83190055 0.0222592857 -0.900221067
v -0.83190055 0.0170950253 -0.900221067
v -0.836404932 0.0242389188 -0.964516109
v -0.825531295 0.0222592857 -1.02881115
v -0.826420696 0.0242389188 -0.964516109
v -0.835515532 0.0222592857 -1.02881115
v -0.821916313 0.0222592857 -0.514393437
v -0.821916313 0.0170950253 -4.41455092E-06
v -0.821916313 0.0222592857 -4.41455092E-06
v -0.821916313 0.0170950253 -0.514393437
v -0.821916313 0.0170950253 -0.771602294
v -0.821916313 0.0222592857 -0.771602294
v -0.821916313 0.0170950253 -0.900221067
v -0.821916313 0.0222592857 -0.900221067
v -0.821916313 0.0542490096 -0.514393437
v -0.83190055 0.0542490096 -4.41455092E-06
v -0.821916313 0.0542490096 -4.41455092E-06
v -0.83190055 0.0542490096 -0.514393437
v -0.83190055 0.0542490096 -0.771602294
v -0.821916313 0.0542490096 -0.771602294
v -0.83789683 0.0542490096 -0.835897336
v -0.827912593 0.0542490096 -0.835897336
v -0.83190055 0.0542490096 -0.900221067
v -0.821916313 0.0542490096 -0.900221067
v -0.83190055 0.0542490096 -4.41455092E-06
v -0.83190055 0.0594419603 -0.514393437
v -0.83190055 0.0594419603 -4.41455092E-06
v -0.83190055 0.0542490096 -0.514393437
v -0.83190055 0.0594419603 -0.771602294
v -0.83190055 0.0542490096 -0.771602294
v -0.83190055 0.0581795856 -0.964516109
v -0.829834846 0.0594419603 -1.02881115
v -0.821916313 0.0581795856 -0.964516109
v -0.839819082 0.0594419603 -1.02881115
v -0.821916313 0.0594419603 -0.514393437
v -0.821916313 0.0542490096 -4.41455092E-06
v -0.821916313 0.0594419603 -4.41455092E-06
v -0.821916313 0.0542490096 -0.514393437
v -0.821916313 0.0542490096 -0.771602294
v -0.821916313 0.0594419603 -0.771602294
v -0.650262037 0.0566016171 -0.858132345
v -0.646015867 0.0757954515 -0.850472026
v -0.650262037 0.0566016171 -0.850472026
v -0.646015867 0.0757954515 -0.858132345
v -0.638355547 0.0757954515 -0.850472026
v -0.650262037 0.0566016171 -0.850472026
v -0.646015867 0.0757954515 -0.850472026
v -0.642601717 0.0566016171 -0.850472026
v -0.648999662 0.0374077828 -0.850472026
v -0.641368033 0.0374077828 -0.850472026
v -0.648999662 -0.000979885953 -0.850472026
v -0.641368033 -0.000979885953 -0.850472026
v -0.642601717 0.0566016171 -0.850472026
v -0.638355547 0.0757954515 -0.858132345
v -0.642601717 0.0566016171 -0.858132345
v -0.638355547 0.0757954515 -0.850472026
v -0.646015867 0.0757954515 -0.858132345
v -0.642601717 0.0566016171 -0.858132345
v -0.638355547 0.0757954515 -0.858132345
v -0.650262037 0.0566016171 -0.858132345
v -0.641368033 0.0374077828 -0.858132345
v -0.648999662 0.0374077828 -0.858132345
v -0.641368033 -0.000979885953 -0.858132345
v -0.648999662 -0.000979885953 -0.858132345
v -0.652126908 0.0819064929 -4.41455092E-06
v -0.638298167 0.0819064929 -0.493334731
v -0.638298167 0.0819064929 -4.41455092E-06
v -0.652126908 0.0819064929 -0.493965919
v -0.638298167 0.0699139327 -0.739985544
v -0.652126908 0.0699139327 -0.740932325
v -0.60260739 0.0819064929 -0.863325296
v -0.616436131 0.0819064929 -0.864415529
v -0.831556266 0.0780046073 -0.329713749
v -0.833306376 0.0760249742 -0.341017741
v -0.831556266 0.0780046073 -0.33926763
v -0.833306376 0.0760249742 -0.327963638
v -0.820252274 0.0760249742 -0.341017741
v -0.831556266 0.0780046073 -0.33926763
v -0.822002384 0.0780046073 -0.33926763
v -0.822002384 0.0780046073 -0.329713749
v -0.822002384 0.0780046073 -0.33926763
v -0.820252274 0.0760249742 -0.327963638
v -0.831556266 0.0780046073 -0.329713749
v -0.833306376 0.0760249742 -0.327963638
v -0.822002384 0.0780046073 -0.329713749
v -0.831556266 0.0780046073 -0.699073126
v -0.822002384 0.0780046073 -0.689519244
v -0.831556266 0.0780046073 -0.689519244
v -0.822002384 0.0780046073 -0.699073126
v -0.833306376 0.0760249742 -0.700823237
v -0.833306376 -0.0288955823 -0.687769134
v -0.833306376 -0.0288955823 -0.700823237
v -0.833306376 0.0760249742 -0.687769134
v -0.833306376 0.0760249742 -0.687769134
v -0.820252274 -0.0288955823 -0.687769134
v -0.833306376 -0.0288955823 -0.687769134
v -0.820252274 0.0760249742 -0.687769134
v -0.820252274 0.0760249742 -0.700823237
v -0.820252274 -0.0288955823 -0.687769134
v -0.820252274 0.0760249742 -0.687769134
v -0.820252274 -0.0288955823 -0.700823237
v -0.833306376 0.0760249742 -0.700823237
v -0.820252274 -0.0288955823 -0.700823237
v -0.820252274 0.0760249742 -0.700823237
v -0.833306376 -0.0288955823 -0.700823237
v -0.81569051 -0.0288955823 -0.705385
v -0.837839449 -0.0322523515 -0.705385
v -0.81569051 -0.0322523515 -0.705385
v -0.837839449 -0.0288955823 -0.705385
v -0.81569051 -0.0288955823 -0.705385
v -0.81569051 -0.0322523515 -0.683236061
v -0.81569051 -0.0288955823 -0.683236061
v -0.81569051 -0.0322523515 -0.705385
v -0.81569051 -0.0288955823 -0.683236061
v -0.837839449 -0.0322523515 -0.683236061
v -0.837839449 -0.0288955823 -0.683236061
v -0.81569051 -0.0322523515 -0.683236061
v -0.837839449 -0.0288955823 -0.683236061
v -0.837839449 -0.0322523515 -0.705385
v -0.837839449 -0.0288955823 -0.705385
v -0.837839449 -0.0322523515 -0.683236061
v -0.831556266 0.0780046073 -0.689519244
v -0.833306376 0.0760249742 -0.700823237
v -0.831556266 0.0780046073 -0.699073126
v -0.833306376 0.0760249742 -0.687769134
v -0.831556266 0.0780046073 -0.689519244
v -0.820252274 0.0760249742 -0.687769134
v -0.822002384 0.0780046073 -0.689519244
v -0.820252274 0.0760249742 -0.700823237
v -0.831556266 0.0780046073 -0.699073126
v -0.822002384 0.0780046073 -0.699073126
v -0.822002384 0.0780046073 -0.689519244
v -0.820252274 0.0760249742 -0.687769134
v -0.822002384 0.0780046073 -0.699073126
v -0.839474798 0.0780046073 -1.03268435
v -0.829920917 0.0780046073 -1.02313046
v -0.839474798 0.0780046073 -1.02313046
v -0.829920917 0.0780046073 -1.03268435
v -0.841224909 0.0760249742 -1.03443446
v -0.833306376 -0.0288955823 -1.02138035
v -0.833306376 -0.0288955823 -1.03443446
v -0.841224909 0.0760249742 -1.02138035
v -0.841224909 0.0760249742 -1.02138035
v -0.820252274 -0.0288955823 -1.02138035
v -0.833306376 -0.0288955823 -1.02138035
v -0.828170806 0.0760249742 -1.02138035
v -0.828170806 0.0760249742 -1.03443446
v -0.820252274 -0.0288955823 -1.02138035
v -0.828170806 0.0760249742 -1.02138035
v -0.820252274 -0.0288955823 -1.03443446
v -0.841224909 0.0760249742 -1.03443446
v -0.820252274 -0.0288955823 -1.03443446
v -0.828170806 0.0760249742 -1.03443446
v -0.833306376 -0.0288955823 -1.03443446
v -0.81569051 -0.0288955823 -1.03899622
v -0.837839449 -0.0322523515 -1.03899622
v -0.81569051 -0.0322523515 -1.03899622
v -0.837839449 -0.0288955823 -1.03899622
v -0.81569051 -0.0288955823 -1.03899622
v -0.81569051 -0.0322523515 -1.01684728
v -0.81569051 -0.0288955823 -1.01684728
v -0.81569051 -0.0322523515 -1.03899622
v -0.81569051 -0.0288955823 -1.01684728
v -0.837839449 -0.0322523515 -1.01684728
v -0.837839449 -0.0288955823 -1.01684728
v -0.81569051 -0.0322523515 -1.01684728
v -0.837839449 -0.0288955823 -1.01684728
v -0.837839449 -0.0322523515 -1.03899622
v -0.837839449 -0.0288955823 -1.03899622
v -0.837839449 -0.0322523515 -1.01684728
v -0.839474798 0.0780046073 -1.03268435
v -0.841224909 0.0760249742 -1.02138035
v -0.841224909 0.0760249742 -1.03443446
v -0.839474798 0.0780046073 -1.02313046
v -0.839474798 0.0780046073 -1.02313046
v -0.828170806 0.0760249742 -1.02138035
v -0.829920917 0.0780046073 -1.02313046
v -0.829920917 0.0780046073 -1.03268435
v -0.829920917 0.0780046073 -1.02313046
v -0.828170806 0.0760249742 -1.03443446
v -0.839474798 0.0780046073 -1.03268435
v -0.829920917 0.0780046073 -1.03268435
v -0.841224909 0.0760249742 -1.03443446
v -0.829088897 0.0560565008 -0.241835251
v -0.826363315 0.0201935815 -0.244532143
v -0.826363315 0.0560565008 -0.244532143
v -0.829088897 0.0201935815 -0.241835251
v -0.826363315 0.0560565008 -0.23910967
v -0.826363315 0.0201935815 -0.23910967
v -0.823637733 0.0560565008 -0.241835251
v -0.823637733 0.0201935815 -0.241835251
v -0.826363315 0.0560565008 -0.244532143
v -0.826363315 0.0201935815 -0.244532143
v -0.829088897 0.0560565008 -0.196590593
v -0.826363315 0.0201935815 -0.199287484
v -0.826363315 0.0560565008 -0.199287484
v -0.829088897 0.0201935815 -0.196590593
v -0.826363315 0.0560565008 -0.193865011
v -0.826363315 0.0201935815 -0.193865011
v -0.823637733 0.0560565008 -0.196590593
v -0.823637733 0.0201935815 -0.196590593
v -0.823637733 0.0201935815 -0.196590593
v -0.826363315 0.0560565008 -0.199287484
v -0.826363315 0.0201935815 -0.199287484
v -0.823637733 0.0560565008 -0.196590593
v -0.829088897 0.0560565008 -0.151288553
v -0.826363315 0.0201935815 -0.153985444
v -0.826363315 0.0560565008 -0.153985444
v -0.829088897 0.0201935815 -0.151288553
v -0.826363315 0.0560565008 -0.148562971
v -0.826363315 0.0201935815 -0.148562971
v -0.823637733 0.0560565008 -0.151288553
v -0.823637733 0.0201935815 -0.151288553
v -0.826363315 0.0560565008 -0.153985444
v -0.826363315 0.0201935815 -0.153985444
v -0.829088897 0.0560565008 -0.106043894
v -0.826363315 0.0201935815 -0.108769476
v -0.826363315 0.0560565008 -0.108769476
v -0.829088897 0.0201935815 -0.106043894
v -0.826363315 0.0560565008 -0.103318312
v -0.826363315 0.0201935815 -0.103318312
v -0.823637733 0.0560565008 -0.106043894
v -0.823637733 0.0201935815 -0.106043894
v -0.826363315 0.0560565008 -0.108769476
v -0.826363315 0.0201935815 -0.108769476
v -0.829088897 0.0560565008 -0.0607418545
v -0.826363315 0.0201935815 -0.0634674364
v -0.826363315 0.0560565008 -0.0634674364
v -0.829088897 0.0201935815 -0.0607418545
v -0.826363315 0.0560565008 -0.0580162727
v -0.826363315 0.0201935815 -0.0580162727
v -0.823637733 0.0560565008 -0.0607418545
v -0.823637733 0.0201935815 -0.0607418545
v -0.826363315 0.0560565008 -0.0634674364
v -0.826363315 0.0201935815 -0.0634674364
v -0.829088897 0.0560565008 -0.0155545763
v -0.826363315 0.0201935815 -0.0182801582
v -0.826363315 0.0560565008 -0.0182801582
v -0.829088897 0.0201935815 -0.0155545763
v -0.826363315 0.0560565008 -0.0128576848
v -0.826363315 0.0201935815 -0.0128576848
v -0.823637733 0.0560565008 -0.0155545763
v -0.823637733 0.0201935815 -0.0155545763
v -0.826363315 0.0560565008 -0.0182801582
v -0.826363315 0.0201935815 -0.0182801582
v -0.829088897 0.0560565008 -0.377569228
v -0.826363315 0.0201935815 -0.38029481
v -0.826363315 0.0560565008 -0.38029481
v -0.829088897 0.0201935815 -0.377569228
v -0.826363315 0.0560565008 -0.374843646
v -0.826363315 0.0201935815 -0.374843646
v -0.823637733 0.0560565008 -0.377569228
v -0.823637733 0.0201935815 -0.377569228
v -0.826363315 0.0560565008 -0.38029481
v -0.826363315 0.0201935815 -0.38029481
v -0.829088897 0.0560565008 -0.558633935
v -0.826363315 0.0201935815 -0.561359516
v -0.826363315 0.0560565008 -0.561359516
v -0.829088897 0.0201935815 -0.558633935
v -0.826363315 0.0560565008 -0.555908353
v -0.826363315 0.0201935815 -0.555908353
v -0.823637733 0.0560565008 -0.558633935
v -0.823637733 0.0201935815 -0.558633935
v -0.826363315 0.0560565008 -0.561359516
v -0.826363315 0.0201935815 -0.561359516
v -0.829088897 0.0560565008 -0.468087236
v -0.826363315 0.0201935815 -0.470812818
v -0.826363315 0.0560565008 -0.470812818
v -0.829088897 0.0201935815 -0.468087236
v -0.826363315 0.0560565008 -0.465361654
v -0.826363315 0.0201935815 -0.465361654
v -0.823637733 0.0560565008 -0.468087236
v -0.823637733 0.0201935815 -0.468087236
v -0.826363315 0.0560565008 -0.470812818
v -0.826363315 0.0201935815 -0.470812818
v -0.829088897 0.0560565008 -0.422785197
v -0.826363315 0.0201935815 -0.425510778
v -0.826363315 0.0560565008 -0.425510778
v -0.829088897 0.0201935815 -0.422785197
v -0.826363315 0.0560565008 -0.420059615
v -0.826363315 0.0201935815 -0.420059615
v -0.823637733 0.0560565008 -0.422785197
v -0.823637733 0.0201935815 -0.422785197
v -0.826363315 0.0560565008 -0.425510778
v -0.826363315 0.0201935815 -0.425510778
v -0.829088897 0.0560565008 -0.73964126
v -0.826363315 0.0201935815 -0.742366842
v -0.826363315 0.0560565008 -0.742366842
v -0.829088897 0.0201935815 -0.73964126
v -0.826363315 0.0560565008 -0.736915679
v -0.826363315 0.0201935815 -0.736915679
v -0.823637733 0.0560565008 -0.73964126
v -0.823637733 0.0201935815 -0.73964126
v -0.826363315 0.0560565008 -0.742366842
v -0.826363315 0.0201935815 -0.742366842
v -0.829088897 0.0560565008 -0.694339221
v -0.826363315 0.0201935815 -0.697064803
v -0.826363315 0.0560565008 -0.697064803
v -0.829088897 0.0201935815 -0.694339221
v -0.826363315 0.0560565008 -0.691613639
v -0.826363315 0.0201935815 -0.691613639
v -0.823637733 0.0560565008 -0.694339221
v -0.823637733 0.0201935815 -0.694339221
v -0.826363315 0.0560565008 -0.697064803
v -0.826363315 0.0201935815 -0.697064803
v -0.829088897 0.0560565008 -0.649094562
v -0.826363315 0.0201935815 -0.651820144
v -0.826363315 0.0560565008 -0.651820144
v -0.829088897 0.0201935815 -0.649094562
v -0.826363315 0.0560565008 -0.64636898
v -0.826363315 0.0201935815 -0.64636898
v -0.823637733 0.0560565008 -0.649094562
v -0.823637733 0.0201935815 -0.649094562
v -0.826363315 0.0560565008 -0.651820144
v -0.826363315 0.0201935815 -0.651820144
v -0.829088897 0.0560565008 -0.603792522
v -0.826363315 0.0201935815 -0.606518104
v -0.826363315 0.0560565008 -0.606518104
v -0.829088897 0.0201935815 -0.603792522
v -0.826363315 0.0560565008 -0.601066941
v -0.826363315 0.0201935815 -0.601066941
v -0.823637733 0.0560565008 -0.603792522
v -0.823637733 0.0201935815 -0.603792522
v -0.826363315 0.0560565008 -0.606518104
v -0.826363315 0.0201935815 -0.606518104
v -0.829088897 0.0560565008 -0.920705967
v -0.826363315 0.0201935815 -0.923431549
v -0.826363315 0.0560565008 -0.923431549
v -0.829088897 0.0201935815 -0.920705967
v -0.826363315 0.0560565008 -0.917980385
v -0.826363315 0.0201935815 -0.917980385
v -0.823637733 0.0560565008 -0.920705967
v -0.823637733 0.0201935815 -0.920705967
v -0.826363315 0.0560565008 -0.923431549
v -0.826363315 0.0201935815 -0.923431549
v -0.829088897 0.0560565008 -0.875403927
v -0.826363315 0.0201935815 -0.878129509
v -0.826363315 0.0560565008 -0.878129509
v -0.829088897 0.0201935815 -0.875403927
v -0.826363315 0.0560565008 -0.872678345
v -0.826363315 0.0201935815 -0.872678345
v -0.823637733 0.0560565008 -0.875403927
v -0.823637733 0.0201935815 -0.875403927
v -0.826363315 0.0560565008 -0.878129509
v -0.826363315 0.0201935815 -0.878129509
v -0.829088897 0.0560565008 -0.784857229
v -0.826363315 0.0201935815 -0.787582811
v -0.826363315 0.0560565008 -0.787582811
v -0.829088897 0.0201935815 -0.784857229
v -0.826363315 0.0560565008 -0.782131647
v -0.826363315 0.0201935815 -0.782131647
v -0.823637733 0.0560565008 -0.784857229
v -0.823637733 0.0201935815 -0.784857229
v -0.826363315 0.0560565008 -0.787582811
v -0.826363315 0.0201935815 -0.787582811
v -0.829088897 0.054794126 -0.965778484
v -0.830867698 0.0221732147 -0.968504066
v -0.826363315 0.054794126 -0.968504066
v -0.83359328 0.0221732147 -0.965778484
v -0.826363315 0.054794126 -0.963052902
v -0.830867698 0.0221732147 -0.963052902
v -0.823637733 0.054794126 -0.965778484
v -0.828142116 0.0221732147 -0.965778484
v -0.826363315 0.054794126 -0.968504066
v -0.830867698 0.0221732147 -0.968504066
v -0.648999662 -0.000979885953 -0.514938554
v -0.648999662 0.0757954515 -0.507278234
v -0.648999662 -0.000979885953 -0.507278234
v -0.648999662 0.0757954515 -0.514938554
v -0.648999662 -0.000979885953 -0.507278234
v -0.641368033 0.0757954515 -0.507278234
v -0.641368033 -0.000979885953 -0.507278234
v -0.648999662 0.0757954515 -0.507278234
v -0.641368033 -0.000979885953 -0.507278234
v -0.641368033 0.0757954515 -0.514938554
v -0.641368033 -0.000979885953 -0.514938554
v -0.641368033 0.0757954515 -0.507278234
v -0.641368033 -0.000979885953 -0.514938554
v -0.648999662 0.0757954515 -0.514938554
v -0.648999662 -0.000979885953 -0.514938554
v -0.641368033 0.0757954515 -0.514938554
v -0.648999662 -0.000979885953 -0.17160131
v -0.648999662 0.0757954515 -0.163940991
v -0.648999662 -0.000979885953 -0.163940991
v -0.648999662 0.0757954515 -0.17160131
v -0.648999662 -0.000979885953 -0.163940991
v -0.641368033 0.0757954515 -0.163940991
v -0.641368033 -0.000979885953 -0.163940991
v -0.648999662 0.0757954515 -0.163940991
v -0.641368033 -0.000979885953 -0.163940991
v -0.641368033 0.0757954515 -0.17160131
v -0.641368033 -0.000979885953 -0.17160131
v -0.641368033 0.0757954515 -0.163940991
v -0.641368033 -0.000979885953 -0.17160131
v -0.648999662 0.0757954515 -0.17160131
v -0.648999662 -0.000979885953 -0.17160131
v -0.641368033 0.0757954515 -0.17160131
v -0.829088897 0.0560565008 -0.513245824
v -0.826363315 0.0201935815 -0.515971406
v -0.826363315 0.0560565008 -0.515971406
v -0.829088897 0.0201935815 -0.513245824
v -0.826363315 0.0560565008 -0.510520242
v -0.826363315 0.0201935815 -0.510520242
v -0.823637733 0.0560565008 -0.513245824
v -0.823637733 0.0201935815 -0.513245824
v -0.826363315 0.0560565008 -0.515971406
v -0.826363315 0.0201935815 -0.515971406
v 0.721795872 0.0346535106 -0.514393437
v 0.724923118 0.0314975737 -4.41455092E-06
v 0.721795872 0.0346535106 -4.41455092E-06
v 0.724923118 0.0314975737 -0.514393437
v 0.721795872 0.0283703271 -4.41455092E-06
v 0.739698641 0.0314975737 -0.643012211
v 0.736571395 0.0346535106 -0.643012211
v 0.721795872 0.0283703271 -0.514393437
v 0.718668625 0.0314975737 -4.41455092E-06
v 0.718668625 0.0314975737 -0.514393437
v 0.733444148 0.0314975737 -0.643012211
v 0.736571395 0.0283703271 -0.643012211
v 0.723861576 0.0314975737 -0.771602294
v 0.727017513 0.0283703271 -0.771602294
v 0.722398369 0.0314975737 -0.835897336
v 0.730144759 0.0314975737 -0.771602294
v 0.727017513 0.0346535106 -0.771602294
v 0.725525615 0.0283703271 -0.835897336
v 0.728652862 0.0314975737 -0.835897336
v 0.725525615 0.0346535106 -0.835897336
v 0.717176728 0.0346535106 -0.900221067
v 0.720303974 0.0314975737 -0.900221067
v 0.717176728 0.0283703271 -0.900221067
v 0.714049481 0.0314975737 -0.900221067
v 0.718668625 0.0561425718 -0.514393437
v 0.718668625 0.0561425718 -4.41455092E-06
v 0.721795872 0.0530153252 -4.41455092E-06
v 0.721795872 0.0530153252 -0.514393437
v 0.728939765 0.0561425718 -0.643012211
v 0.732095702 0.0530153252 -0.643012211
v 0.718668625 0.0561425718 -0.771602294
v 0.721795872 0.0530153252 -0.771602294
v 0.718668625 0.0561425718 -0.900221067
v 0.721795872 0.0530153252 -0.900221067
v 0.70707773 0.0561425718 -0.964516109
v 0.710204976 0.0530153252 -0.964516109
v 0.9081396 0.0780046073 -0.33926763
v 0.898585718 0.0780046073 -0.329713749
v 0.898585718 0.0780046073 -0.33926763
v 0.9081396 0.0780046073 -0.329713749
v 0.90988971 -0.0288955823 -0.327963638
v 0.90988971 0.0760249742 -0.341017741
v 0.90988971 -0.0288955823 -0.341017741
v 0.90988971 0.0760249742 -0.327963638
v 0.896835608 -0.0288955823 -0.327963638
v 0.90988971 0.0760249742 -0.327963638
v 0.90988971 -0.0288955823 -0.327963638
v 0.896835608 0.0760249742 -0.327963638
v 0.896835608 0.0760249742 -0.341017741
v 0.896835608 -0.0288955823 -0.327963638
v 0.896835608 -0.0288955823 -0.341017741
v 0.896835608 0.0760249742 -0.327963638
v 0.90988971 0.0760249742 -0.341017741
v 0.896835608 -0.0288955823 -0.341017741
v 0.90988971 -0.0288955823 -0.341017741
v 0.896835608 0.0760249742 -0.341017741
v 0.892302535 -0.0288955823 -0.345550814
v 0.914451474 -0.0322523515 -0.345550814
v 0.914451474 -0.0288955823 -0.345550814
v 0.892302535 -0.0322523515 -0.345550814
v 0.892302535 -0.0288955823 -0.323401875
v 0.914451474 -0.0322523515 -0.323401875
v 0.892302535 -0.0322523515 -0.323401875
v 0.914451474 -0.0288955823 -0.323401875
v 0.90297534 0.0201935815 -0.289834182
v 0.905672231 0.0560565008 -0.287137291
v 0.90297534 0.0560565008 -0.289834182
v 0.905672231 0.0201935815 -0.287137291
v 0.90297534 0.0560565008 -0.284411709
v 0.90297534 0.0201935815 -0.284411709
v 0.900249758 0.0560565008 -0.287137291
v 0.900249758 0.0201935815 -0.287137291
v 0.90297534 0.0560565008 -0.289834182
v 0.90297534 0.0201935815 -0.289834182
v 0.898528338 0.0170950253 -4.41455092E-06
v 0.898528338 0.0222592857 -0.514393437
v 0.898528338 0.0222592857 -4.41455092E-06
v 0.898528338 0.0170950253 -0.514393437
v 0.900106306 0.0222592857 -0.771602294
v 0.900106306 0.0170950253 -0.771602294
v 0.898528338 0.0542490096 -4.41455092E-06
v 0.898528338 0.0594419603 -0.514393437
v 0.898528338 0.0594419603 -4.41455092E-06
v 0.898528338 0.0542490096 -0.514393437
v 0.9004219 0.0594419603 -0.771602294
v 0.9004219 0.0542490096 -0.771602294
v 0.717951367 0.0757954515 -0.850472026
v 0.725611686 0.0757954515 -0.850472026
v 0.725611686 -0.000979885953 -0.850472026
v 0.717951367 -0.000979885953 -0.850472026
v 0.717951367 0.0757954515 -0.858132345
v 0.717951367 0.0757954515 -0.850472026
v 0.717951367 -0.000979885953 -0.850472026
v 0.717951367 -0.000979885953 -0.858132345
v 0.725611686 0.0757954515 -0.858132345
v 0.717951367 0.0757954515 -0.858132345
v 0.717951367 -0.000979885953 -0.858132345
v 0.725611686 -0.000979885953 -0.858132345
v 0.715225785 0.0698852424 -0.900221067
v 0.700450262 0.0482240392 -1.01016243
v 0.686621521 0.0482240392 -1.01016243
v 0.729054527 0.0698852424 -0.900221067
v 0.723545982 0.0748199801 -0.771602294
v 0.709717241 0.0748199801 -0.771602294
v 0.90988971 0.0760249742 -0.341017741
v 0.9081396 0.0780046073 -0.329713749
v 0.9081396 0.0780046073 -0.33926763
v 0.90988971 0.0760249742 -0.327963638
v 0.9081396 0.0780046073 -0.33926763
v 0.896835608 0.0760249742 -0.341017741
v 0.898585718 0.0780046073 -0.33926763
v 0.898585718 0.0780046073 -0.329713749
v 0.898585718 0.0780046073 -0.33926763
v 0.896835608 0.0760249742 -0.327963638
v 0.9081396 0.0780046073 -0.329713749
v 0.90988971 0.0760249742 -0.327963638
v 0.898585718 0.0780046073 -0.329713749
v 0.9081396 0.0780046073 -0.699073126
v 0.898585718 0.0780046073 -0.689519244
v 0.898585718 0.0780046073 -0.699073126
v 0.9081396 0.0780046073 -0.689519244
v 0.90988971 -0.0288955823 -0.687769134
v 0.90988971 0.0760249742 -0.700823237
v 0.90988971 -0.0288955823 -0.700823237
v 0.90988971 0.0760249742 -0.687769134
v 0.896835608 -0.0288955823 -0.687769134
v 0.90988971 0.0760249742 -0.687769134
v 0.90988971 -0.0288955823 -0.687769134
v 0.896835608 0.0760249742 -0.687769134
v 0.896835608 0.0760249742 -0.700823237
v 0.896835608 -0.0288955823 -0.687769134
v 0.896835608 -0.0288955823 -0.700823237
v 0.896835608 0.0760249742 -0.687769134
v 0.90988971 0.0760249742 -0.700823237
v 0.896835608 -0.0288955823 -0.700823237
v 0.90988971 -0.0288955823 -0.700823237
v 0.896835608 0.0760249742 -0.700823237
v 0.892302535 -0.0288955823 -0.705385
v 0.914451474 -0.0322523515 -0.705385
v 0.914451474 -0.0288955823 -0.705385
v 0.892302535 -0.0322523515 -0.705385
v 0.90988971 0.0760249742 -0.700823237
v 0.9081396 0.0780046073 -0.689519244
v 0.9081396 0.0780046073 -0.699073126
v 0.90988971 0.0760249742 -0.687769134
v 0.9081396 0.0780046073 -0.699073126
v 0.896835608 0.0760249742 -0.700823237
v 0.898585718 0.0780046073 -0.699073126
v 0.896835608 0.0760249742 -0.687769134
v 0.9081396 0.0780046073 -0.689519244
v 0.898585718 0.0780046073 -0.689519244
v 0.896835608 0.0760249742 -0.700823237
v 0.898585718 0.0780046073 -0.689519244
v 0.898585718 0.0780046073 -0.699073126
v 0.90297534 0.0201935815 -0.244532143
v 0.905672231 0.0560565008 -0.241835251
v 0.90297534 0.0560565008 -0.244532143
v 0.905672231 0.0201935815 -0.241835251
v 0.905672231 0.0201935815 -0.241835251
v 0.90297534 0.0560565008 -0.23910967
v 0.905672231 0.0560565008 -0.241835251
v 0.90297534 0.0201935815 -0.23910967
v 0.900249758 0.0560565008 -0.241835251
v 0.900249758 0.0201935815 -0.241835251
v 0.90297534 0.0560565008 -0.244532143
v 0.90297534 0.0201935815 -0.244532143
v 0.90297534 0.0201935815 -0.199287484
v 0.905672231 0.0560565008 -0.196590593
v 0.90297534 0.0560565008 -0.199287484
v 0.905672231 0.0201935815 -0.196590593
v 0.90297534 0.0560565008 -0.193865011
v 0.90297534 0.0201935815 -0.193865011
v 0.90297534 0.0201935815 -0.193865011
v 0.900249758 0.0560565008 -0.196590593
v 0.90297534 0.0560565008 -0.193865011
v 0.900249758 0.0201935815 -0.196590593
v 0.90297534 0.0560565008 -0.199287484
v 0.90297534 0.0201935815 -0.199287484
v 0.90297534 0.0201935815 -0.153985444
v 0.905672231 0.0560565008 -0.151288553
v 0.90297534 0.0560565008 -0.153985444
v 0.905672231 0.0201935815 -0.151288553
v 0.90297534 0.0560565008 -0.148562971
v 0.90297534 0.0201935815 -0.148562971
v 0.90297534 0.0201935815 -0.148562971
v 0.900249758 0.0560565008 -0.151288553
v 0.90297534 0.0560565008 -0.148562971
v 0.900249758 0.0201935815 -0.151288553
v 0.90297534 0.0560565008 -0.153985444
v 0.90297534 0.0201935815 -0.153985444
v 0.90297534 0.0201935815 -0.108769476
v 0.905672231 0.0560565008 -0.106043894
v 0.90297534 0.0560565008 -0.108769476
v 0.905672231 0.0201935815 -0.106043894
v 0.90297534 0.0560565008 -0.103318312
v 0.90297534 0.0201935815 -0.103318312
v 0.900249758 0.0560565008 -0.106043894
v 0.900249758 0.0201935815 -0.106043894
v 0.900249758 0.0201935815 -0.106043894
v 0.90297534 0.0560565008 -0.108769476
v 0.900249758 0.0560565008 -0.106043894
v 0.90297534 0.0201935815 -0.108769476
v 0.90297534 0.0201935815 -0.0634674364
v 0.905672231 0.0560565008 -0.0607418545
v 0.90297534 0.0560565008 -0.0634674364
v 0.905672231 0.0201935815 -0.0607418545
v 0.90297534 0.0560565008 -0.0580162727
v 0.90297534 0.0201935815 -0.0580162727
v 0.900249758 0.0560565008 -0.0607418545
v 0.900249758 0.0201935815 -0.0607418545
v 0.90297534 0.0560565008 -0.0634674364
v 0.90297534 0.0201935815 -0.0634674364
v 0.90297534 0.0201935815 -0.0182801582
v 0.905672231 0.0560565008 -0.0155545763
v 0.90297534 0.0560565008 -0.0182801582
v 0.905672231 0.0201935815 -0.0155545763
v 0.90297534 0.0560565008 -0.0128576848
v 0.90297534 0.0201935815 -0.0128576848
v 0.900249758 0.0560565008 -0.0155545763
v 0.900249758 0.0201935815 -0.0155545763
v 0.90297534 0.0560565008 -0.0182801582
v 0.90297534 0.0201935815 -0.0182801582
v 0.90297534 0.0201935815 -0.38029481
v 0.905672231 0.0560565008 -0.377569228
v 0.90297534 0.0560565008 -0.38029481
v 0.905672231 0.0201935815 -0.377569228
v 0.90297534 0.0560565008 -0.374843646
v 0.90297534 0.0201935815 -0.374843646
v 0.900249758 0.0560565008 -0.377569228
v 0.900249758 0.0201935815 -0.377569228
v 0.90297534 0.0560565008 -0.38029481
v 0.90297534 0.0201935815 -0.38029481
v 0.90297534 0.0201935815 -0.561359516
v 0.905672231 0.0560565008 -0.558633935
v 0.90297534 0.0560565008 -0.561359516
v 0.905672231 0.0201935815 -0.558633935
v 0.90297534 0.0560565008 -0.555908353
v 0.90297534 0.0201935815 -0.555908353
v 0.900249758 0.0560565008 -0.558633935
v 0.900249758 0.0201935815 -0.558633935
v 0.90297534 0.0560565008 -0.561359516
v 0.90297534 0.0201935815 -0.561359516
v 0.90297534 0.0201935815 -0.470812818
v 0.905672231 0.0560565008 -0.468087236
v 0.90297534 0.0560565008 -0.470812818
v 0.905672231 0.0201935815 -0.468087236
v 0.90297534 0.0560565008 -0.465361654
v 0.90297534 0.0201935815 -0.465361654
v 0.900249758 0.0560565008 -0.468087236
v 0.900249758 0.0201935815 -0.468087236
v 0.90297534 0.0560565008 -0.470812818
v 0.90297534 0.0201935815 -0.470812818
v 0.90297534 0.0201935815 -0.425510778
v 0.905672231 0.0560565008 -0.422785197
v 0.90297534 0.0560565008 -0.425510778
v 0.905672231 0.0201935815 -0.422785197
v 0.90297534 0.0560565008 -0.420059615
v 0.90297534 0.0201935815 -0.420059615
v 0.900249758 0.0560565008 -0.422785197
v 0.900249758 0.0201935815 -0.422785197
v 0.90297534 0.0560565008 -0.425510778
v 0.90297534 0.0201935815 -0.425510778
v 0.90383605 0.0201935815 -0.742366842
v 0.90986102 0.0560565008 -0.73964126
v 0.907135438 0.0560565008 -0.742366842
v 0.906561632 0.0201935815 -0.73964126
v 0.907135438 0.0560565008 -0.736915679
v 0.90383605 0.0201935815 -0.736915679
v 0.904409856 0.0560565008 -0.73964126
v 0.901110468 0.0201935815 -0.73964126
v 0.907135438 0.0560565008 -0.742366842
v 0.90383605 0.0201935815 -0.742366842
v 0.90297534 0.0201935815 -0.697064803
v 0.905672231 0.0560565008 -0.694339221
v 0.90297534 0.0560565008 -0.697064803
v 0.905672231 0.0201935815 -0.694339221
v 0.90297534 0.0560565008 -0.691613639
v 0.90297534 0.0201935815 -0.691613639
v 0.900249758 0.0560565008 -0.694339221
v 0.900249758 0.0201935815 -0.694339221
v 0.90297534 0.0560565008 -0.697064803
v 0.90297534 0.0201935815 -0.697064803
v 0.90297534 0.0201935815 -0.651820144
v 0.905672231 0.0560565008 -0.649094562
v 0.90297534 0.0560565008 -0.651820144
v 0.905672231 0.0201935815 -0.649094562
v 0.90297534 0.0560565008 -0.64636898
v 0.90297534 0.0201935815 -0.64636898
v 0.900249758 0.0560565008 -0.649094562
v 0.900249758 0.0201935815 -0.649094562
v 0.90297534 0.0560565008 -0.651820144
v 0.90297534 0.0201935815 -0.651820144
v 0.90297534 0.0201935815 -0.606518104
v 0.905672231 0.0560565008 -0.603792522
v 0.90297534 0.0560565008 -0.606518104
v 0.905672231 0.0201935815 -0.603792522
v 0.90297534 0.0560565008 -0.601066941
v 0.90297534 0.0201935815 -0.601066941
v 0.900249758 0.0560565008 -0.603792522
v 0.900249758 0.0201935815 -0.603792522
v 0.90297534 0.0560565008 -0.606518104
v 0.90297534 0.0201935815 -0.606518104
v 0.915082661 0.0201935815 -0.878129509
v 0.925755466 0.0560565008 -0.875403927
v 0.923029884 0.0560565008 -0.878129509
v 0.917808243 0.0201935815 -0.875403927
v 0.923029884 0.0560565008 -0.872678345
v 0.915082661 0.0201935815 -0.872678345
v 0.920304302 0.0560565008 -0.875403927
v 0.912357079 0.0201935815 -0.875403927
v 0.923029884 0.0560565008 -0.878129509
v 0.915082661 0.0201935815 -0.878129509
v 0.912586602 0.0201935815 -0.83288485
v 0.921136322 0.0560565008 -0.830159268
v 0.91841074 0.0560565008 -0.83288485
v 0.915283494 0.0201935815 -0.830159268
v 0.91841074 0.0560565008 -0.827433687
v 0.912586602 0.0201935815 -0.827433687
v 0.915685158 0.0560565008 -0.830159268
v 0.90986102 0.0201935815 -0.830159268
v 0.91841074 0.0560565008 -0.83288485
v 0.912586602 0.0201935815 -0.83288485
v 0.904553308 0.0201935815 -0.787582811
v 0.907594484 0.0560565008 -0.784857229
v 0.904868902 0.0560565008 -0.787582811
v 0.90727889 0.0201935815 -0.784857229
v 0.904868902 0.0560565008 -0.782131647
v 0.904553308 0.0201935815 -0.782131647
v 0.90214332 0.0560565008 -0.784857229
v 0.901827726 0.0201935815 -0.784857229
v 0.904868902 0.0560565008 -0.787582811
v 0.904553308 0.0201935815 -0.787582811
v 0.717951367 0.0757954515 -0.507278234
v 0.725611686 0.0757954515 -0.507278234
v 0.725611686 -0.000979885953 -0.507278234
v 0.717951367 -0.000979885953 -0.507278234
v 0.725611686 0.0757954515 -0.163940991
v 0.725611686 0.0757954515 -0.17160131
v 0.725611686 -0.000979885953 -0.17160131
v 0.725611686 -0.000979885953 -0.163940991
v 0.725611686 0.0757954515 -0.514938554
v 0.717951367 0.0757954515 -0.514938554
v 0.717951367 -0.000979885953 -0.514938554
v 0.725611686 -0.000979885953 -0.514938554
v 0.725611686 0.0757954515 -0.507278234
v 0.725611686 0.0757954515 -0.514938554
v 0.725611686 -0.000979885953 -0.514938554
v 0.725611686 -0.000979885953 -0.507278234
v 0.717951367 0.0757954515 -0.163940991
v 0.725611686 0.0757954515 -0.163940991
v 0.725611686 -0.000979885953 -0.163940991
v 0.717951367 -0.000979885953 -0.163940991
v 0.717951367 0.0757954515 -0.17160131
v 0.717951367 0.0757954515 -0.163940991
v 0.717951367 -0.000979885953 -0.163940991
v 0.717951367 -0.000979885953 -0.17160131
v 0.725611686 0.0757954515 -0.17160131
v 0.717951367 0.0757954515 -0.17160131
v 0.717951367 -0.000979885953 -0.17160131
v 0.725611686 -0.000979885953 -0.17160131
v 0.90297534 0.0201935815 -0.515971406
v 0.905672231 0.0560565008 -0.513245824
v 0.90297534 0.0560565008 -0.515971406
v 0.905672231 0.0201935815 -0.513245824
v 0.90297534 0.0560565008 -0.510520242
v 0.90297534 0.0201935815 -0.510520242
v 0.900249758 0.0560565008 -0.513245824
v 0.900249758 0.0201935815 -0.513245824
v 0.90297534 0.0560565008 -0.515971406
v 0.90297534 0.0201935815 -0.515971406
v -0.648339784 0.0561425718 -4.41455092E-06
v -0.645212538 0.0592985087 -0.514393437
v -0.645212538 0.0592985087 -4.41455092E-06
v -0.648339784 0.0561425718 -0.514393437
v -0.645212538 0.0592985087 -0.771602294
v -0.645212538 0.0530153252 -4.41455092E-06
v -0.648339784 0.0561425718 -0.771602294
v -0.64541337 0.0503184337 -0.900221067
v -0.648540616 0.0471624968 -0.900221067
v -0.645212538 0.0530153252 -0.514393437
v -0.642056601 0.0561425718 -4.41455092E-06
v -0.642056601 0.0561425718 -0.514393437
v -0.645212538 0.0530153252 -0.771602294
v -0.64541337 0.0440352502 -0.900221067
v -0.642056601 0.0561425718 -0.771602294
v -0.642286123 0.0471624968 -0.900221067
v -0.638298167 0.0819064929 -4.41455092E-06
v -0.638298167 0.0748199801 -0.493707706
v -0.638298167 0.0748199801 -4.41455092E-06
v -0.638298167 0.0819064929 -0.493334731
v -0.638298167 0.0628274199 -0.740559351
v -0.638298167 0.0699139327 -0.739985544
v -0.60260739 0.0819064929 -0.863325296
v -0.60260739 0.0748199801 -0.863985174
v -0.647192171 0.0314975737 -0.888515411
v -0.645212538 0.0304360313 -0.94664203
v -0.642056601 0.0273087847 -0.947732263
v -0.650319417 0.0346535106 -0.887482559
v -0.642056601 0.0314975737 -0.829269868
v -0.645212538 0.0346535106 -0.828323087
v -0.642056601 0.0314975737 -0.710807473
v -0.645212538 0.0346535106 -0.709975454
v -0.642056601 0.0314975737 -0.473853994
v -0.645212538 0.0346535106 -0.473308877
v -0.645212538 0.0346535106 -4.41455092E-06
v -0.642056601 0.0314975737 -4.41455092E-06
v -0.645212538 0.0241815382 -0.944863229
v -0.647192171 0.0314975737 -0.888515411
v -0.642056601 0.0273087847 -0.947732263
v -0.650319417 0.0283703271 -0.885789829
v -0.642056601 0.0314975737 -0.829269868
v -0.653475354 0.0314975737 -0.887166965
v -0.648339784 0.0273087847 -0.946297746
v -0.645212538 0.0283703271 -0.826745119
v -0.642056601 0.0314975737 -0.710807473
v -0.650319417 0.0346535106 -0.887482559
v -0.645212538 0.0304360313 -0.94664203
v -0.645212538 0.0346535106 -0.828323087
v -0.648339784 0.0314975737 -0.828007493
v -0.648339784 0.0314975737 -0.709717241
v -0.645212538 0.0346535106 -0.709975454
v -0.645212538 0.0283703271 -0.708655698
v -0.642056601 0.0314975737 -0.473853994
v -0.648339784 0.0314975737 -0.473165425
v -0.645212538 0.0346535106 -0.473308877
v -0.645212538 0.0283703271 -0.472419477
v -0.642056601 0.0314975737 -4.41455092E-06
v -0.645212538 0.0283703271 -4.41455092E-06
v -0.648339784 0.0314975737 -4.41455092E-06
v -0.645212538 0.0346535106 -4.41455092E-06
v 0.713303533 0.0613929031 -0.699532172
v 0.723545982 0.0819064929 -0.771602294
v 0.723545982 0.0748199801 -0.771602294
v 0.713303533 0.0543063903 -0.699532172
v 0.716861134 0.0764266389 -0.656726191
v 0.716861134 0.069340126 -0.656726191
v 0.728710243 0.0819064929 -0.514393437
v 0.728710243 0.0748199801 -0.514393437
v 0.709717241 0.0748199801 -0.771602294
v 0.715225785 0.0698852424 -0.900221067
v 0.715225785 0.0769717552 -0.900221067
v 0.709717241 0.0819064929 -0.771602294
v 0.723545982 0.0819064929 -0.771602294
v 0.729054527 0.0769717552 -0.900221067
v 0.729054527 0.0698852424 -0.900221067
v 0.723545982 0.0748199801 -0.771602294
v 0.699474791 0.0543063903 -0.699532172
v 0.709717241 0.0748199801 -0.771602294
v 0.709717241 0.0819064929 -0.771602294
v 0.699474791 0.0613929031 -0.699532172
v 0.703032392 0.069340126 -0.656726191
v 0.703032392 0.0764266389 -0.656726191
v 0.714881501 0.0748199801 -0.514393437
v 0.714881501 0.0819064929 -0.514393437
v 0.729054527 0.0769717552 -0.900221067
v 0.700450262 0.055310552 -1.01016243
v 0.700450262 0.0482240392 -1.01016243
v 0.729054527 0.0698852424 -0.900221067
v 0.722398369 0.0314975737 -0.835897336
v 0.714049481 0.0314975737 -0.900221067
v 0.717176728 0.0346535106 -0.900221067
v 0.725525615 0.0346535106 -0.835897336
v 0.727017513 0.0346535106 -0.771602294
v 0.723861576 0.0314975737 -0.771602294
v 0.733444148 0.0314975737 -0.643012211
v 0.736571395 0.0346535106 -0.643012211
v 0.718668625 0.0314975737 -0.514393437
v 0.721795872 0.0346535106 -0.514393437
v 0.718668625 0.0314975737 -4.41455092E-06
v 0.721795872 0.0346535106 -4.41455092E-06
v -0.652126908 0.0819064929 -4.41455092E-06
v -0.652126908 0.0748199801 -4.41455092E-06
v -0.652126908 0.0748199801 -0.493679015
v -0.652126908 0.0819064929 -0.493965919
v -0.652126908 0.0699139327 -0.740932325
v -0.652126908 0.0628274199 -0.740530661
v -0.616436131 0.0819064929 -0.864415529
v -0.616436131 0.0748199801 -0.863956484
v -0.60952176 0.0748199801 -0.863956484
v -0.638298167 0.0628274199 -0.740559351
v -0.60260739 0.0748199801 -0.863985174
v -0.616436131 0.0748199801 -0.863956484
v -0.645212538 0.0628274199 -0.740559351
v -0.652126908 0.0628274199 -0.740530661
v -0.638298167 0.0748199801 -0.493707706
v -0.645212538 0.0748199801 -0.493707706
v -0.652126908 0.0748199801 -0.493679015
v -0.652126908 0.0748199801 -4.41455092E-06
v -0.645212538 0.0748199801 -4.41455092E-06
v -0.638298167 0.0748199801 -4.41455092E-06
v -0.648999662 -0.000979885953 -0.858132345
v -0.648999662 0.0374077828 -0.850472026
v -0.648999662 -0.000979885953 -0.850472026
v -0.648999662 0.0374077828 -0.858132345
v -0.641368033 -0.000979885953 -0.850472026
v -0.641368033 0.0374077828 -0.858132345
v -0.641368033 -0.000979885953 -0.858132345
v -0.641368033 0.0374077828 -0.850472026
v -0.648999662 0.0374077828 -0.858132345
v -0.650262037 0.0566016171 -0.850472026
v -0.648999662 0.0374077828 -0.850472026
v -0.650262037 0.0566016171 -0.858132345
v -0.641368033 0.0374077828 -0.850472026
v -0.642601717 0.0566016171 -0.858132345
v -0.641368033 0.0374077828 -0.858132345
v -0.642601717 0.0566016171 -0.850472026
v 0.729054527 0.0769717552 -0.900221067
v 0.723545982 0.0819064929 -0.771602294
v 0.709717241 0.0819064929 -0.771602294
v 0.715225785 0.0769717552 -0.900221067
v 0.700450262 0.055310552 -1.01016243
v 0.686621521 0.055310552 -1.01016243
v 0.715225785 0.0698852424 -0.900221067
v 0.686621521 0.0482240392 -1.01016243
v 0.686621521 0.055310552 -1.01016243
v 0.715225785 0.0769717552 -0.900221067
v 0.710204976 0.0592985087 -0.964516109
v 0.718668625 0.0561425718 -0.900221067
v 0.70707773 0.0561425718 -0.964516109
v 0.721795872 0.0592985087 -0.900221067
v 0.713360913 0.0561425718 -0.964516109
v 0.718668625 0.0561425718 -0.771602294
v 0.724923118 0.0561425718 -0.900221067
v 0.710204976 0.0530153252 -0.964516109
v 0.721795872 0.0530153252 -0.900221067
v 0.721795872 0.0592985087 -0.771602294
v 0.728939765 0.0561425718 -0.643012211
v 0.724923118 0.0561425718 -0.771602294
v 0.721795872 0.0530153252 -0.771602294
v 0.732095702 0.0592985087 -0.643012211
v 0.718668625 0.0561425718 -0.514393437
v 0.735222949 0.0561425718 -0.643012211
v 0.732095702 0.0530153252 -0.643012211
v 0.721795872 0.0592985087 -0.514393437
v 0.718668625 0.0561425718 -4.41455092E-06
v 0.721795872 0.0592985087 -4.41455092E-06
v 0.724923118 0.0561425718 -4.41455092E-06
v 0.724923118 0.0561425718 -0.514393437
v 0.721795872 0.0530153252 -0.514393437
v 0.721795872 0.0530153252 -4.41455092E-06
v 0.728710243 0.0819064929 -0.514393437
v 0.728710243 0.0819064929 -4.41455092E-06
v 0.714881501 0.0819064929 -4.41455092E-06
v 0.714881501 0.0819064929 -0.514393437
v 0.716861134 0.0764266389 -0.656726191
v 0.703032392 0.0764266389 -0.656726191
v 0.713303533 0.0613929031 -0.699532172
v 0.699474791 0.0613929031 -0.699532172
v 0.723545982 0.0819064929 -0.771602294
v 0.709717241 0.0819064929 -0.771602294
v 0.714881501 0.0748199801 -4.41455092E-06
v 0.714881501 0.0748199801 -0.514393437
v 0.714881501 0.0819064929 -0.514393437
v 0.714881501 0.0819064929 -4.41455092E-06
v 0.728710243 0.0819064929 -4.41455092E-06
v 0.728710243 0.0819064929 -0.514393437
v 0.728710243 0.0748199801 -0.514393437
v 0.728710243 0.0748199801 -4.41455092E-06
v 0.908512574 0.0542490096 -4.41455092E-06
v 0.898528338 0.0542490096 -0.514393437
v 0.898528338 0.0542490096 -4.41455092E-06
v 0.908512574 0.0542490096 -0.514393437
v 0.9004219 0.0542490096 -0.771602294
v 0.910406137 0.0542490096 -0.771602294
v 0.921480606 0.0542490096 -0.900221067
v 0.931464843 0.0542490096 -0.900221067
v 0.908512574 0.0594419603 -4.41455092E-06
v 0.908512574 0.0542490096 -0.514393437
v 0.908512574 0.0542490096 -4.41455092E-06
v 0.908512574 0.0594419603 -0.514393437
v 0.910406137 0.0542490096 -0.771602294
v 0.910406137 0.0594419603 -0.771602294
v 0.898528338 0.0594419603 -4.41455092E-06
v 0.908512574 0.0594419603 -0.514393437
v 0.908512574 0.0594419603 -4.41455092E-06
v 0.898528338 0.0594419603 -0.514393437
v 0.910406137 0.0594419603 -0.771602294
v 0.9004219 0.0594419603 -0.771602294
v 0.931464843 0.0594419603 -0.900221067
v 0.921480606 0.0594419603 -0.900221067
v 0.921480606 0.0594419603 -0.900221067
v 0.9004219 0.0542490096 -0.771602294
v 0.921480606 0.0542490096 -0.900221067
v 0.9004219 0.0594419603 -0.771602294
v 0.910406137 0.0594419603 -0.771602294
v 0.931464843 0.0542490096 -0.900221067
v 0.910406137 0.0542490096 -0.771602294
v 0.931464843 0.0594419603 -0.900221067
v 0.908512574 0.0170950253 -4.41455092E-06
v 0.898528338 0.0170950253 -0.514393437
v 0.898528338 0.0170950253 -4.41455092E-06
v 0.908512574 0.0170950253 -0.514393437
v 0.900106306 0.0170950253 -0.771602294
v 0.910090543 0.0170950253 -0.771602294
v 0.913016957 0.0170950253 -0.900221067
v 0.923001194 0.0170950253 -0.900221067
v 0.908512574 0.0222592857 -4.41455092E-06
v 0.908512574 0.0170950253 -0.514393437
v 0.908512574 0.0170950253 -4.41455092E-06
v 0.908512574 0.0222592857 -0.514393437
v 0.910090543 0.0170950253 -0.771602294
v 0.910090543 0.0222592857 -0.771602294
v 0.898528338 0.0222592857 -4.41455092E-06
v 0.908512574 0.0222592857 -0.514393437
v 0.908512574 0.0222592857 -4.41455092E-06
v 0.898528338 0.0222592857 -0.514393437
v 0.910090543 0.0222592857 -0.771602294
v 0.900106306 0.0222592857 -0.771602294
v 0.923001194 0.0222592857 -0.900221067
v 0.913016957 0.0222592857 -0.900221067
v 0.913016957 0.0222592857 -0.900221067
v 0.900106306 0.0170950253 -0.771602294
v 0.913016957 0.0170950253 -0.900221067
v 0.900106306 0.0222592857 -0.771602294
v 0.910090543 0.0222592857 -0.771602294
v 0.923001194 0.0170950253 -0.900221067
v 0.910090543 0.0170950253 -0.771602294
v 0.923001194 0.0222592857 -0.900221067
v 0.902774507 0.0054754395 -0.964516109
v 0.913016957 0.0170950253 -0.900221067
v 0.902774507 0.000311179138 -0.964516109
v 0.913016957 0.0222592857 -0.900221067
v 0.923001194 0.0170950253 -0.900221067
v 0.902774507 0.000311179138 -0.964516109
v 0.913016957 0.0170950253 -0.900221067
v 0.912758744 0.000311179138 -0.964516109
v 0.923001194 0.0222592857 -0.900221067
v 0.912758744 0.000311179138 -0.964516109
v 0.923001194 0.0170950253 -0.900221067
v 0.912758744 0.0054754395 -0.964516109
v 0.913016957 0.0222592857 -0.900221067
v 0.912758744 0.0054754395 -0.964516109
v 0.923001194 0.0222592857 -0.900221067
v 0.902774507 0.0054754395 -0.964516109
v -0.83190055 0.0594419603 -4.41455092E-06
v -0.821916313 0.0594419603 -0.514393437
v -0.821916313 0.0594419603 -4.41455092E-06
v -0.83190055 0.0594419603 -0.514393437
v -0.821916313 0.0594419603 -0.771602294
v -0.83190055 0.0594419603 -0.771602294
v -0.827912593 0.0594419603 -0.835897336
v -0.83789683 0.0594419603 -0.835897336
v -0.821916313 0.0594419603 -0.900221067
v -0.83190055 0.0594419603 -0.900221067
v -0.83789683 0.0594419603 -0.835897336
v -0.83190055 0.0542490096 -0.771602294
v -0.83789683 0.0542490096 -0.835897336
v -0.83190055 0.0594419603 -0.771602294
v -0.827912593 0.0542490096 -0.835897336
v -0.821916313 0.0594419603 -0.771602294
v -0.827912593 0.0594419603 -0.835897336
v -0.821916313 0.0542490096 -0.771602294
v -0.83190055 0.0530153252 -0.964516109
v -0.821916313 0.0542490096 -0.900221067
v -0.821916313 0.0530153252 -0.964516109
v -0.83190055 0.0542490096 -0.900221067
v -0.83190055 0.0581795856 -0.964516109
v -0.83190055 0.0542490096 -0.900221067
v -0.83190055 0.0530153252 -0.964516109
v -0.83190055 0.0594419603 -0.900221067
v -0.821916313 0.0530153252 -0.964516109
v -0.821916313 0.0594419603 -0.900221067
v -0.821916313 0.0581795856 -0.964516109
v -0.821916313 0.0542490096 -0.900221067
v -0.83190055 0.0594419603 -0.900221067
v -0.821916313 0.0581795856 -0.964516109
v -0.821916313 0.0594419603 -0.900221067
v -0.83190055 0.0581795856 -0.964516109
v -0.839819082 0.0542490096 -1.02881115
v -0.821916313 0.0530153252 -0.964516109
v -0.829834846 0.0542490096 -1.02881115
v -0.83190055 0.0530153252 -0.964516109
v -0.839819082 0.0594419603 -1.02881115
v -0.83190055 0.0530153252 -0.964516109
v -0.839819082 0.0542490096 -1.02881115
v -0.83190055 0.0581795856 -0.964516109
v -0.829834846 0.0542490096 -1.02881115
v -0.821916313 0.0581795856 -0.964516109
v -0.829834846 0.0594419603 -1.02881115
v -0.821916313 0.0530153252 -0.964516109
v -0.83190055 0.0222592857 -4.41455092E-06
v -0.821916313 0.0222592857 -0.514393437
v -0.821916313 0.0222592857 -4.41455092E-06
v -0.83190055 0.0222592857 -0.514393437
v -0.821916313 0.0222592857 -0.771602294
v -0.83190055 0.0222592857 -0.771602294
v -0.821916313 0.0222592857 -0.900221067
v -0.83190055 0.0222592857 -0.900221067
v -0.836404932 0.0190746585 -0.964516109
v -0.821916313 0.0170950253 -0.900221067
v -0.826420696 0.0190746585 -0.964516109
v -0.83190055 0.0170950253 -0.900221067
v -0.836404932 0.0242389188 -0.964516109
v -0.83190055 0.0170950253 -0.900221067
v -0.836404932 0.0190746585 -0.964516109
v -0.83190055 0.0222592857 -0.900221067
v -0.826420696 0.0190746585 -0.964516109
v -0.821916313 0.0222592857 -0.900221067
v -0.826420696 0.0242389188 -0.964516109
v -0.821916313 0.0170950253 -0.900221067
v -0.83190055 0.0222592857 -0.900221067
v -0.826420696 0.0242389188 -0.964516109
v -0.821916313 0.0222592857 -0.900221067
v -0.836404932 0.0242389188 -0.964516109
v -0.835515532 0.0170950253 -1.02881115
v -0.826420696 0.0190746585 -0.964516109
v -0.825531295 0.0170950253 -1.02881115
v -0.836404932 0.0190746585 -0.964516109
v -0.835515532 0.0222592857 -1.02881115
v -0.836404932 0.0190746585 -0.964516109
v -0.835515532 0.0170950253 -1.02881115
v -0.836404932 0.0242389188 -0.964516109
v -0.825531295 0.0170950253 -1.02881115
v -0.826420696 0.0242389188 -0.964516109
v -0.825531295 0.0222592857 -1.02881115
v -0.826420696 0.0190746585 -0.964516109
v -0.83190055 0.0594419603 -0.900221067
v -0.83789683 0.0542490096 -0.835897336
v -0.83190055 0.0542490096 -0.900221067
v -0.83789683 0.0594419603 -0.835897336
v -0.821916313 0.0542490096 -0.900221067
v -0.827912593 0.0594419603 -0.835897336
v -0.821916313 0.0594419603 -0.900221067
v -0.827912593 0.0542490096 -0.835897336
v 0.503003374 -0.00585724297 -0.627318597
v 0.493076518 -0.0259978584 -0.676637284
v 0.488658207 0.00398354207 -0.667800661
v 0.507421686 -0.0358099531 -0.636155221
v 0.488658207 0.00398354207 -0.667800661
v 0.514192605 -0.00866889583 -0.724779667
v 0.509774293 0.0213125046 -0.715943043
v 0.493076518 -0.0259978584 -0.676637284
v 0.509774293 0.0213125046 -0.715943043
v 0.576708846 0.0159187216 -0.776852625
v 0.572290534 0.045900122 -0.768016002
v 0.514192605 -0.00866889583 -0.724779667
v 0.572290534 0.045900122 -0.768016002
v 0.63612653 0.026821049 -0.7840539
v 0.631708219 0.0567737591 -0.775217276
v 0.576708846 0.0159187216 -0.776852625
v 0.631708219 0.0567737591 -0.775217276
v 0.690265193 0.0390431319 -0.798456448
v 0.685846882 0.068995842 -0.789591134
v 0.63612653 0.026821049 -0.7840539
v 0.685846882 0.068995842 -0.789591134
v 0.724980499 0.0323009031 -0.758289978
v 0.720562187 0.0622536132 -0.749453355
v 0.690265193 0.0390431319 -0.798456448
v 0.631708219 0.0567737591 -0.775217276
v 0.720562187 0.0622536132 -0.749453355
v 0.684957481 0.0318992384 -0.664415201
v 0.685846882 0.068995842 -0.789591134
v 0.488658207 0.00398354207 -0.667800661
v 0.546153639 -0.00516867492 -0.608096073
v 0.503003374 -0.00585724297 -0.627318597
v 0.509774293 0.0213125046 -0.715943043
v 0.567499248 -0.00657450135 -0.592689363
v 0.59243115 -0.0044227262 -0.587525102
v 0.572290534 0.045900122 -0.768016002
v 0.641577694 0.0148858695 -0.62838014
v 0.631708219 0.0567737591 -0.775217276
v 0.651992286 0.0229191634 -0.650356937
v 0.684957481 0.0318992384 -0.664415201
v 0.546153639 -0.00516867492 -0.608096073
v 0.507421686 -0.0358099531 -0.636155221
v 0.503003374 -0.00585724297 -0.627318597
v 0.55057195 -0.0351500754 -0.616932696
v 0.684957481 0.0318992384 -0.664415201
v 0.689289722 0.0025490253 -0.673079682
v 0.656324526 -0.00645974001 -0.659050108
v 0.651992286 0.0229191634 -0.650356937
v 0.645909935 -0.0144930339 -0.637044621
v 0.641577694 0.0148858695 -0.62838014
v 0.59676339 -0.0337729393 -0.596218274
v 0.59243115 -0.0044227262 -0.587525102
v 0.571831489 -0.0359534048 -0.601353844
v 0.567499248 -0.00657450135 -0.592689363
v 0.55057195 -0.0351500754 -0.616932696
v 0.546153639 -0.00516867492 -0.608096073
v 0.720562187 0.0622536132 -0.749453355
v 0.724980499 0.0323009031 -0.758289978
v 0.689289722 0.0025490253 -0.673079682
v 0.684957481 0.0318992384 -0.664415201
v 0.714881501 0.0748199801 -0.514393437
v 0.714881501 0.0748199801 -4.41455092E-06
v 0.728710243 0.0748199801 -4.41455092E-06
v 0.728710243 0.0748199801 -0.514393437
v 0.703032392 0.069340126 -0.656726191
v 0.716861134 0.069340126 -0.656726191
v 0.699474791 0.0543063903 -0.699532172
v 0.713303533 0.0543063903 -0.699532172
v 0.709717241 0.0748199801 -0.771602294
v 0.723545982 0.0748199801 -0.771602294
v 0.714651978 0.0109266032 -0.882260918
v 0.714651978 0.0109266032 -4.41455092E-06
v 0.714651978 -0.000979885953 -4.41455092E-06
v 0.714651978 -0.000979885953 -0.877842606
v 0.714651978 0.0109266032 -0.952179265
v 0.714651978 -0.000979885953 -0.96718431
v -0.830953769 -0.0352648367 -4.41455092E-06
v -0.830953769 -0.0352648367 -1.02881115
v -0.830953769 -0.0320515192 -1.02881115
v -0.830953769 -0.0320515192 -4.41455092E-06
v -0.820539177 0.00659436258 -4.41455092E-06
v -0.820539177 -0.00631628833 -4.41455092E-06
v -0.820539177 -0.00631628833 -1.02881115
v -0.820539177 0.00659436258 -1.02881115
v -0.820539177 0.00659436258 -0.945006681
v 0.854087008 -0.0072630694 -0.904008192
v 0.848033347 0.00659436258 -0.889663024
v 0.823359659 0.00659436258 -0.936916006
v 0.837016259 -0.0072630694 -0.934965064
v -0.429403835 -0.0228419215 -0.752523221
v -0.429403835 -0.000979885953 -0.743170172
v -0.491977456 -0.000979885953 -0.779205233
v -0.491977456 -0.0228419215 -0.788558282
v 0.728997146 0.00659436258 -0.880338665
v 0.728997146 0.00659436258 -4.41455092E-06
v 0.728997146 0.0109266032 -4.41455092E-06
v 0.728997146 0.0109266032 -0.881974014
v 0.729456191 0.00659436258 -0.955708176
v 0.728997146 0.0109266032 -0.952179265
v 0.00404975184 -0.0231862055 -0.751031324
v 0.0214074047 -0.000979885953 -0.747014677
v 0.00181190568 -0.000979885953 -0.698183726
v 0.00178321534 -0.0228419215 -0.71568483
v -0.820539177 -0.00631628833 -1.02881115
v -0.820539177 -0.00631628833 -4.41455092E-06
v -0.815059323 -0.00631628833 -4.41455092E-06
v -0.815059323 -0.00631628833 -1.02881115
v -0.815059323 -0.0320515192 -1.02881115
v -0.815059323 -0.00631628833 -1.02881115
v -0.815059323 -0.00631628833 -4.41455092E-06
v -0.815059323 -0.0320515192 -4.41455092E-06
v -0.652413812 0.0109266032 -0.938666117
v -0.638068644 0.0109266032 -4.41455092E-06
v -0.652413812 0.0109266032 -4.41455092E-06
v -0.638068644 0.0109266032 -0.938666117
v -0.652413812 0.0109266032 -0.955650795
v -0.638068644 0.0109266032 -0.955650795
v -0.652413812 0.00659436258 -0.938666117
v -0.652413812 0.0109266032 -4.41455092E-06
v -0.652413812 0.00659436258 -4.41455092E-06
v -0.652413812 0.0109266032 -0.938666117
v -0.652413812 0.00659436258 -0.952953904
v -0.652413812 0.0109266032 -0.955650795
v 0.714651978 -0.000979885953 -0.877842606
v 0.704925955 -0.000979885953 -0.940846582
v 0.714651978 -0.000979885953 -0.96718431
v 0.706130949 -0.000979885953 -0.878014748
v 0.714651978 -0.000979885953 -4.41455092E-06
v 0.693478511 -0.000979885953 -0.878272961
v 0.692617801 -0.000979885953 -0.938780878
v 0.682748325 -0.000979885953 -0.931063178
v 0.685502598 -0.000979885953 -0.878416413
v 0.699733004 -0.000979885953 -4.41455092E-06
v 0.714651978 -0.000979885953 -4.41455092E-06
v 0.681744164 -0.000979885953 -4.41455092E-06
v 0.685502598 -0.000979885953 -0.878416413
v 0.677469304 -0.000979885953 -0.878588555
v 0.682748325 -0.000979885953 -0.931063178
v 0.661546168 -0.000979885953 -4.41455092E-06
v 0.677469304 -0.000979885953 -0.878588555
v 0.644159824 -0.000979885953 -4.41455092E-06
v 0.657529521 -0.000979885953 -0.878990219
v 0.682748325 -0.000979885953 -0.931063178
v 0.659279631 -0.000979885953 -0.932555075
v 0.67285016 -0.000979885953 -0.93551018
v 0.612543075 -0.000979885953 -0.899302977
v 0.600722657 -0.000979885953 -4.41455092E-06
v 0.657529521 -0.000979885953 -0.878990219
v 0.641176029 -0.000979885953 -0.89017945
v 0.659279631 -0.000979885953 -0.932555075
v 0.54543638 -0.000979885953 -0.882519131
v 0.539755694 -0.000979885953 -0.930518062
v 0.522828396 -0.000979885953 -4.41455092E-06
v 0.495170913 -0.000979885953 -0.7840539
v 0.497121856 -0.000979885953 -0.744920282
v 0.442151173 -0.000979885953 -4.41455092E-06
v 0.389303575 -0.000979885953 -0.760585205
v 0.440028088 -0.000979885953 -0.804883083
v 0.459738349 -0.000979885953 -0.702487276
v 0.22969924 -0.000979885953 -4.41455092E-06
v 0.233428983 -0.000979885953 -0.702487276
v 0.356969567 -0.000979885953 -0.801841907
v 0.30420804 -0.000979885953 -0.80545689
v 0.200234265 -0.000979885953 -0.702487276
v 0.233285531 -0.000979885953 -0.808383304
v 0.209558624 -0.000979885953 -0.808469375
v 0.200234265 -0.000979885953 -0.702487276
v 0.160698983 -0.000979885953 -4.41455092E-06
v 0.118466809 -0.000979885953 -4.41455092E-06
v 0.148046545 -0.000979885953 -0.702487276
v 0.192889539 -0.000979885953 -0.792804452
v 0.209558624 -0.000979885953 -0.808469375
v 0.174699867 -0.000979885953 -0.795099679
v 0.0942234759 -0.000979885953 -0.702487276
v 0.0476590616 -0.000979885953 -4.41455092E-06
v 0.127446884 -0.000979885953 -0.819256941
v 0.151087721 -0.000979885953 -0.822642401
v 0.0844974522 -0.000979885953 -0.829642842
v -0.745112285 -0.015095531 -0.9731519
v -0.745112285 0.00659436258 -0.889949927
v -0.793627642 0.00659436258 -0.960671604
v -0.793627642 -0.015095531 -0.99200145
v 0.790652677 -0.015267673 -1.00855577
v 0.799632752 0.00659436258 -0.974242133
v 0.784283422 0.00659436258 -0.970455008
v 0.775303347 -0.015267673 -1.00473996
v -0.00277854798 -0.0231862055 -0.816674811
v 0.0119109037 -0.000979885953 -0.804538799
v 0.00809508913 -0.000979885953 -0.773208953
v -0.00711078862 -0.0231862055 -0.781242247
v 0.629929418 -0.0227845408 -0.930776275
v 0.641176029 -0.000979885953 -0.89017945
v 0.612543075 -0.000979885953 -0.899302977
v 0.610104396 -0.0227845408 -0.940875273
v -0.687559473 -0.015181602 -0.9731519
v -0.687559473 0.00659436258 -0.952953904
v -0.704744983 0.00659436258 -0.932813288
v -0.704744983 -0.015095531 -0.9731519
v -0.599738356 -0.0228419215 -0.99108336
v -0.599738356 -0.000979885953 -0.979836748
v -0.614226975 -0.000979885953 -0.979951509
v -0.615919705 -0.0228419215 -0.993005612
v -0.599738356 -0.0228419215 -0.99108336
v -0.574490861 -0.0228419215 -0.926730937
v -0.585163666 -0.000979885953 -0.920792038
v -0.599738356 -0.000979885953 -0.979836748
v -0.537853303 -0.0228419215 -0.880281284
v -0.585163666 -0.000979885953 -0.920792038
v -0.574490861 -0.0228419215 -0.926730937
v -0.552341922 -0.000979885953 -0.859796385
v -0.524713129 -0.0228419215 -0.821179194
v -0.543074944 -0.000979885953 -0.786119604
v -0.491977456 -0.0228419215 -0.788558282
v -0.491977456 -0.000979885953 -0.779205233
v -0.543074944 -0.000979885953 -0.786119604
v -0.524713129 -0.0228419215 -0.821179194
v 0.775303347 -0.015267673 -1.00473996
v 0.784283422 0.00659436258 -0.970455008
v 0.767643028 0.00659436258 -0.980295793
v 0.758662953 -0.015267673 -1.01458074
v -0.311630008 -0.000979885953 -0.862062921
v -0.286181681 -0.0228419215 -0.863440058
v -0.268020698 -0.000979885953 -0.831278192
v -0.310023349 -0.0228419215 -0.875949044
v -0.268020698 -0.000979885953 -0.831278192
v -0.287300604 -0.0228419215 -0.878645935
v -0.266586182 -0.000979885953 -0.864960645
v -0.286181681 -0.0228419215 -0.863440058
v 0.682031067 -0.0228419215 -0.944404184
v 0.682748325 -0.000979885953 -0.931063178
v 0.67285016 -0.000979885953 -0.93551018
v 0.672132901 -0.0228419215 -0.948851186
v 0.705241548 -0.0228419215 -0.956568886
v 0.704925955 -0.000979885953 -0.940846582
v 0.692617801 -0.000979885953 -0.938780878
v 0.691871852 -0.0228419215 -0.952150574
v 0.447516266 -0.0228419215 -0.843787178
v 0.440028088 -0.000979885953 -0.804883083
v 0.389303575 -0.000979885953 -0.760585205
v 0.378458628 -0.0228419215 -0.795128369
v 0.0739967895 -0.0231862055 -0.89101147
v 0.0838088842 -0.00935746388 -0.878244271
v 0.0498108368 -0.00826723114 -0.870325738
v 0.0360968564 -0.0231862055 -0.886019351
v 0.728997146 0.0109266032 -0.881974014
v 0.714651978 0.0109266032 -0.952179265
v 0.728997146 0.0109266032 -0.952179265
v 0.714651978 0.0109266032 -0.882260918
v 0.728997146 0.0109266032 -4.41455092E-06
v 0.714651978 0.0109266032 -4.41455092E-06
v 0.714651978 -0.0228419215 -0.96718431
v 0.714651978 -0.000979885953 -0.96718431
v 0.704925955 -0.000979885953 -0.940846582
v 0.705241548 -0.0228419215 -0.956568886
v 0.691871852 -0.0228419215 -0.952150574
v 0.692617801 -0.000979885953 -0.938780878
v 0.682748325 -0.000979885953 -0.931063178
v 0.682031067 -0.0228419215 -0.944404184
v 0.610104396 -0.0227845408 -0.940875273
v 0.612543075 -0.000979885953 -0.899302977
v 0.539755694 -0.000979885953 -0.930518062
v 0.54710042 -0.0227845408 -0.947875715
v 0.758662953 -0.015267673 -1.01458074
v 0.767643028 0.00659436258 -0.980295793
v 0.729456191 0.00659436258 -0.955708176
v 0.728997146 -0.015267673 -0.96718431
v 0.0309612864 -0.0231862055 -0.846168476
v 0.0421792075 -0.000979885953 -0.824822866
v 0.0119109037 -0.000979885953 -0.804538799
v -0.00277854798 -0.0231862055 -0.816674811
v 0.493420802 -0.0228419215 -0.829241178
v 0.495170913 -0.000979885953 -0.7840539
v 0.440028088 -0.000979885953 -0.804883083
v 0.447516266 -0.0228419215 -0.843787178
v 0.358662297 -0.0228419215 -0.831880689
v 0.356969567 -0.000979885953 -0.801841907
v 0.30420804 -0.000979885953 -0.80545689
v 0.299416754 -0.0231862055 -0.832913541
v -0.793627642 -0.015095531 -0.99200145
v -0.793627642 0.00659436258 -0.960671604
v -0.804185686 0.00659436258 -1.01222814
v -0.804185686 -0.015181602 -1.01222814
v 0.808297233 -0.0153824343 -1.02129428
v 0.814752558 0.00659436258 -0.996649285
v 0.799632752 0.00659436258 -0.974242133
v 0.790652677 -0.015267673 -1.00855577
v -0.0044138971 -0.0228419215 -0.724578834
v -0.0044138971 -0.000979885953 -0.707049039
v -0.0290015145 -0.000979885953 -0.733903193
v -0.0240093962 -0.0228419215 -0.738407576
v 0.192889539 -0.000979885953 -0.792804452
v 0.174699867 -0.000979885953 -0.795099679
v 0.172146427 -0.0231862055 -0.854115699
v 0.192717397 -0.0231862055 -0.847172637
v 0.209558624 -0.000979885953 -0.808469375
v 0.21087838 -0.0231862055 -0.86025543
v -0.280787898 -0.0228419215 -0.917004914
v -0.275681018 -0.00881234751 -0.917865624
v -0.278263148 -0.00881234751 -0.892302535
v -0.282968363 -0.0228419215 -0.893134555
v -0.277890174 -0.0228419215 -0.945982152
v -0.277890174 -0.00881234751 -0.945982152
v -0.275681018 -0.00881234751 -0.917865624
v -0.280787898 -0.0228419215 -0.917004914
v 0.0214074047 -0.000979885953 -0.747014677
v 0.0218090694 -0.000979885953 -0.700048598
v 0.00181190568 -0.000979885953 -0.698183726
v 0.0476590616 -0.000979885953 -0.702487276
v 0.0130011365 -0.000979885953 -4.41455092E-06
v 0.0476590616 -0.000979885953 -4.41455092E-06
v 0.0421792075 -0.000979885953 -0.824822866
v 0.0119109037 -0.000979885953 -0.804538799
v 0.00809508913 -0.000979885953 -0.773208953
v 0.0844974522 -0.000979885953 -0.829642842
v 0.0942234759 -0.000979885953 -0.702487276
v 0.0476590616 -0.000979885953 -4.41455092E-06
v 0.00181190568 -0.000979885953 -0.698183726
v 0.0218090694 -0.000979885953 -0.700048598
v -0.0204517946 -0.000979885953 -4.41455092E-06
v -0.030923767 -0.000979885953 -0.697236945
v -0.0424572818 -0.000979885953 -4.41455092E-06
v -0.0044138971 -0.000979885953 -0.707049039
v -0.0290015145 -0.000979885953 -0.733903193
v -0.0745904574 -0.000979885953 -4.41455092E-06
v -0.030923767 -0.000979885953 -0.697236945
v -0.0795825758 -0.000979885953 -0.695831118
v -0.0290015145 -0.000979885953 -0.733903193
v -0.0798694791 -0.000979885953 -0.743801359
v -0.145914631 -0.000979885953 -0.813777087
v -0.134954923 -0.000979885953 -4.41455092E-06
v -0.150763298 -0.000979885953 -0.877986058
v -0.139229783 -0.000979885953 -0.928337596
v -0.167002028 -0.000979885953 -0.927620338
v -0.189294418 -0.000979885953 -0.833544728
v -0.200914004 -0.000979885953 -4.41455092E-06
v -0.192593807 -0.000979885953 -0.883953647
v -0.207684923 -0.000979885953 -0.930804965
v -0.253187795 -0.000979885953 -0.886162803
v -0.266586182 -0.000979885953 -0.864960645
v -0.268020698 -0.000979885953 -0.831278192
v -0.274016979 -0.000979885953 -4.41455092E-06
v -0.311630008 -0.000979885953 -0.862062921
v -0.311170963 -0.000979885953 -4.41455092E-06
v -0.499063969 -0.000979885953 -4.41455092E-06
v -0.429403835 -0.000979885953 -0.743170172
v -0.491977456 -0.000979885953 -0.779205233
v -0.523852419 -0.000979885953 -4.41455092E-06
v -0.543074944 -0.000979885953 -0.786119604
v -0.550821334 -0.000979885953 -4.41455092E-06
v -0.566945303 -0.000979885953 -0.854718196
v -0.552341922 -0.000979885953 -0.859796385
v -0.585163666 -0.000979885953 -0.920792038
v -0.600340853 -0.000979885953 -0.915484326
v -0.594401954 -0.000979885953 -4.41455092E-06
v -0.621686463 -0.000979885953 -4.41455092E-06
v -0.615001614 -0.000979885953 -0.921394535
v -0.638068644 -0.000979885953 -0.938580046
v -0.638068644 -0.000979885953 -4.41455092E-06
v -0.638068644 -0.000979885953 -0.952953904
v -0.614226975 -0.000979885953 -0.979951509
v -0.599738356 -0.000979885953 -0.979836748
v -0.585163666 -0.000979885953 -0.920792038
v 0.839081963 0.00659436258 -0.87388334
v 0.823359659 0.00659436258 -0.936916006
v 0.848033347 0.00659436258 -0.889663024
v 0.86105876 0.00659436258 -0.882978176
v 0.378458628 -0.0228419215 -0.795128369
v 0.389303575 -0.000979885953 -0.760585205
v 0.356969567 -0.000979885953 -0.801841907
v 0.358662297 -0.0228419215 -0.831880689
v 0.651045505 -0.0228132312 -0.954445801
v 0.659279631 -0.000979885953 -0.932555075
v 0.641176029 -0.000979885953 -0.89017945
v 0.629929418 -0.0227845408 -0.930776275
v 0.672132901 -0.0228419215 -0.948851186
v 0.67285016 -0.000979885953 -0.93551018
v 0.659279631 -0.000979885953 -0.932555075
v 0.651045505 -0.0228132312 -0.954445801
v 0.897122511 -0.00697616605 -0.877842606
v 0.897122511 0.00659436258 -0.85078762
v 0.877096657 0.00659436258 -0.858935675
v 0.878387722 -0.0072630694 -0.882691273
v -0.167461073 -0.0228419215 -0.955736866
v -0.167002028 -0.000979885953 -0.927620338
v -0.207684923 -0.000979885953 -0.930804965
v -0.217009282 -0.0158127893 -0.972979758
v 0.897122511 -0.00697616605 -0.877842606
v 0.897122511 -0.00631628833 -4.41455092E-06
v 0.897122511 0.00659436258 -4.41455092E-06
v 0.897122511 0.00659436258 -0.85078762
v -0.310023349 -0.0228419215 -0.875949044
v -0.311630008 -0.000979885953 -0.862062921
v -0.429403835 -0.000979885953 -0.743170172
v -0.429403835 -0.0228419215 -0.752523221
v -0.00711078862 -0.0231862055 -0.781242247
v 0.00809508913 -0.000979885953 -0.773208953
v 0.0214074047 -0.000979885953 -0.747014677
v 0.00404975184 -0.0231862055 -0.751031324
v -0.804185686 0.00659436258 -1.01222814
v -0.793627642 0.00659436258 -0.960671604
v -0.820539177 0.00659436258 -1.02881115
v -0.797271315 0.00659436258 -0.842811706
v -0.820539177 0.00659436258 -0.945006681
v -0.745112285 0.00659436258 -0.889949927
v -0.820539177 0.00659436258 -4.41455092E-06
v -0.704744983 0.00659436258 -0.932813288
v -0.705347481 0.00659436258 -0.842811706
v -0.781577702 0.00659436258 -4.41455092E-06
v -0.708933772 0.00659436258 -4.41455092E-06
v -0.688649705 0.00659436258 -0.842811706
v -0.689510415 0.00659436258 -4.41455092E-06
v -0.652413812 0.00659436258 -4.41455092E-06
v -0.687559473 0.00659436258 -0.952953904
v -0.652413812 0.00659436258 -0.938666117
v -0.652413812 0.00659436258 -0.952953904
v -0.804185686 -0.015181602 -1.01222814
v -0.804185686 0.00659436258 -1.01222814
v -0.820539177 0.00659436258 -1.02881115
v -0.820539177 -0.015267673 -1.02881115
v 0.54710042 -0.0227845408 -0.947875715
v 0.539755694 -0.000979885953 -0.930518062
v 0.495170913 -0.000979885953 -0.7840539
v 0.493420802 -0.0228419215 -0.829241178
v -0.652413812 -0.015267673 -0.9731519
v -0.652413812 0.00659436258 -0.952953904
v -0.687559473 0.00659436258 -0.952953904
v -0.687559473 -0.015181602 -0.9731519
v 0.837446614 0.00659436258 -0.988042184
v 0.841090286 0.00659436258 -0.964458728
v 0.814752558 0.00659436258 -0.996649285
v 0.823359659 0.00659436258 -0.936916006
v 0.799632752 0.00659436258 -0.974242133
v 0.839081963 0.00659436258 -0.87388334
v 0.827864042 0.00659436258 -0.878330342
v 0.784283422 0.00659436258 -0.970455008
v 0.816273146 0.00659436258 -4.41455092E-06
v 0.835323529 0.00659436258 -4.41455092E-06
v 0.812399951 0.00659436258 -0.878645935
v 0.802960831 0.00659436258 -4.41455092E-06
v 0.791599458 0.00659436258 -0.87907629
v 0.767643028 0.00659436258 -0.980295793
v 0.729456191 0.00659436258 -0.955708176
v 0.740874945 0.00659436258 -4.41455092E-06
v 0.728997146 0.00659436258 -0.880338665
v 0.728997146 0.00659436258 -4.41455092E-06
v 0.839081963 0.00659436258 -0.87388334
v 0.86105876 0.00659436258 -0.882978176
v 0.855320693 0.00659436258 -4.41455092E-06
v 0.877096657 0.00659436258 -0.858935675
v 0.897122511 0.00659436258 -0.85078762
v 0.897122511 0.00659436258 -4.41455092E-06
v 0.00178321534 -0.0228419215 -0.71568483
v 0.00181190568 -0.000979885953 -0.698183726
v -0.0044138971 -0.000979885953 -0.707049039
v -0.0044138971 -0.0228419215 -0.724578834
v 0.864903265 -0.0072630694 -0.899073454
v 0.86105876 0.00659436258 -0.882978176
v 0.848033347 0.00659436258 -0.889663024
v 0.854087008 -0.0072630694 -0.904008192
v 0.878387722 -0.0072630694 -0.882691273
v 0.877096657 0.00659436258 -0.858935675
v 0.86105876 0.00659436258 -0.882978176
v 0.864903265 -0.0072630694 -0.899073454
v 0.837016259 -0.0072630694 -0.934965064
v 0.823359659 0.00659436258 -0.936916006
v 0.841090286 0.00659436258 -0.964458728
v 0.853714034 -0.0072630694 -0.959954346
v -0.638068644 0.0109266032 -0.938666117
v -0.638068644 -0.000979885953 -4.41455092E-06
v -0.638068644 0.0109266032 -4.41455092E-06
v -0.638068644 -0.000979885953 -0.938580046
v -0.638068644 0.0109266032 -0.955650795
v -0.638068644 -0.000979885953 -0.952953904
v -0.830953769 -0.0320515192 -1.02881115
v -0.815059323 -0.0320515192 -1.02881115
v -0.815059323 -0.0320515192 -4.41455092E-06
v -0.830953769 -0.0320515192 -4.41455092E-06
v -0.287300604 -0.0228419215 -0.878645935
v -0.282968363 -0.0228419215 -0.893134555
v -0.278263148 -0.00881234751 -0.892302535
v -0.266586182 -0.000979885953 -0.864960645
v -0.253187795 -0.000979885953 -0.886162803
v -0.275681018 -0.00881234751 -0.917865624
v -0.277890174 -0.00881234751 -0.945982152
v -0.244465933 -0.000979885953 -0.912500531
v -0.244465933 -0.000979885953 -0.912500531
v -0.277890174 -0.00881234751 -0.945982152
v -0.217009282 -0.0158127893 -0.972979758
v -0.207684923 -0.000979885953 -0.930804965
v 0.155247819 -0.0231862055 -0.844332294
v 0.0838088842 -0.00935746388 -0.878244271
v 0.0739967895 -0.0231862055 -0.89101147
v 0.151087721 -0.000979885953 -0.822642401
v -0.121327014 -0.0228419215 -0.954187588
v -0.139229783 -0.000979885953 -0.928337596
v -0.167002028 -0.000979885953 -0.927620338
v -0.167461073 -0.0228419215 -0.955736866
v -0.0571754238 -0.0228419215 -0.778660116
v -0.0798694791 -0.000979885953 -0.743801359
v -0.139229783 -0.000979885953 -0.928337596
v -0.121327014 -0.0228419215 -0.954187588
v -0.615919705 -0.0228419215 -0.993005612
v -0.614226975 -0.000979885953 -0.979951509
v -0.638068644 -0.000979885953 -0.952953904
v -0.638068644 -0.0228419215 -0.952953904
v -0.704744983 -0.015095531 -0.9731519
v -0.704744983 0.00659436258 -0.932813288
v -0.745112285 0.00659436258 -0.889949927
v -0.745112285 -0.015095531 -0.9731519
v 0.853714034 -0.0072630694 -0.959954346
v 0.841090286 0.00659436258 -0.964458728
v 0.837446614 0.00659436258 -0.988042184
v 0.850414645 -0.00700485638 -0.997796898
v 0.0844974522 -0.000979885953 -0.829642842
v 0.0498108368 -0.00826723114 -0.870325738
v 0.0838088842 -0.00935746388 -0.878244271
v 0.127446884 -0.000979885953 -0.819256941
v 0.0360968564 -0.0231862055 -0.886019351
v 0.0498108368 -0.00826723114 -0.870325738
v 0.0421792075 -0.000979885953 -0.824822866
v 0.0309612864 -0.0231862055 -0.846168476
v 0.174699867 -0.000979885953 -0.795099679
v 0.151087721 -0.000979885953 -0.822642401
v 0.155247819 -0.0231862055 -0.844332294
v 0.172146427 -0.0231862055 -0.854115699
v 0.299416754 -0.0231862055 -0.832913541
v 0.30420804 -0.000979885953 -0.80545689
v 0.233285531 -0.000979885953 -0.808383304
v 0.235265165 -0.0231862055 -0.857730681
v 0.233285531 -0.000979885953 -0.808383304
v 0.209558624 -0.000979885953 -0.808469375
v 0.21087838 -0.0231862055 -0.86025543
v 0.235265165 -0.0231862055 -0.857730681
v 0.850414645 -0.00700485638 -0.997796898
v 0.837446614 0.00659436258 -0.988042184
v 0.814752558 0.00659436258 -0.996649285
v 0.808297233 -0.0153824343 -1.02129428
v -0.00564758152 -0.0320515192 -0.814494345
v 0.0674840833 -0.0259404777 -0.801497623
v 0.0649019532 -0.0369001858 -0.811194957
v -0.00309414167 -0.0211205014 -0.804797012
v -0.0693975067 -0.0250797677 -0.781816053
v 0.0663938506 -0.0159849314 -0.812428641
v -0.0618806388 -0.0135175625 -0.776307509
v -0.00415568408 -0.0111362647 -0.81575672
v 0.0638404107 -0.0269159491 -0.822125975
v -0.069254055 -0.00439403586 -0.785344965
v -0.00673781426 -0.0220959728 -0.825454053
v 0.0649019532 -0.0369001858 -0.811194957
v -0.0767996132 -0.0159275507 -0.790882199
v -0.00564758152 -0.0320515192 -0.814494345
v -0.0693975067 -0.0250797677 -0.781816053
v -0.082336848 -0.0271167815 -0.863440058
v -0.111916584 -0.0150381503 -0.843672416
v -0.106895775 -0.0224976375 -0.837590065
v -0.0845173134 -0.020058959 -0.87135859
v -0.0415678814 -0.029899744 -0.872161919
v -0.105748162 -0.00729175973 -0.839254105
v -0.0410801457 -0.0240756059 -0.877699154
v -0.0810170925 -0.0119395941 -0.865104097
v -0.100727353 -0.0147225566 -0.833171754
v -0.040764552 -0.0185383712 -0.871846326
v -0.078836627 -0.0189974166 -0.857156874
v -0.106895775 -0.0224976375 -0.837590065
v -0.0412522877 -0.0243911996 -0.866309091
v -0.082336848 -0.0271167815 -0.863440058
v -0.0415678814 -0.029899744 -0.872161919
v -0.0412522877 -0.0243911996 -0.866309091
v -0.040764552 -0.0185383712 -0.871846326
v -0.0410801457 -0.0240756059 -0.877699154
v -0.0415678814 -0.029899744 -0.872161919
v -0.395836143 -0.0597950735 -0.873194772
v -0.342271286 -0.0702383555 -0.916832772
v -0.347779831 -0.0762346356 -0.92265691
v -0.391130928 -0.0516470182 -0.865046716
v -0.461049275 -0.0500690498 -0.839426247
v -0.342730332 -0.0630657717 -0.923804523
v -0.455454659 -0.0403430261 -0.829728913
v -0.553518226 -0.0250797677 -0.832942231
v -0.546001358 -0.0135175625 -0.827433687
v -0.389266056 -0.0435276533 -0.874285004
v -0.348238876 -0.0690620518 -0.929628661
v -0.453188123 -0.0306456927 -0.840746002
v -0.553403464 -0.00439403586 -0.836499833
v -0.393971271 -0.0516757086 -0.882404369
v -0.347779831 -0.0762346356 -0.92265691
v -0.395836143 -0.0597950735 -0.873194772
v -0.458811429 -0.0403717164 -0.850443336
v -0.560920332 -0.0159275507 -0.842008377
v -0.461049275 -0.0500690498 -0.839426247
v -0.553518226 -0.0250797677 -0.832942231
v -0.540578884 -0.0271167815 -0.910320066
v -0.575466332 -0.0150381503 -0.903377004
v -0.573142415 -0.0224976375 -0.895831446
v -0.539546032 -0.020058959 -0.918496811
v -0.499551705 -0.029899744 -0.902774507
v -0.571449685 -0.00729175973 -0.896950369
v -0.496969575 -0.0240756059 -0.907680555
v -0.538714013 -0.0119395941 -0.911352918
v -0.569154459 -0.0147225566 -0.889404811
v -0.498920518 -0.0185383712 -0.90217201
v -0.539718174 -0.0189974166 -0.903176172
v -0.573142415 -0.0224976375 -0.895831446
v -0.501502648 -0.0243911996 -0.897237273
v -0.540578884 -0.0271167815 -0.910320066
v -0.499551705 -0.029899744 -0.902774507
v 0.717951367 0.0757954515 -0.514938554
v 0.717951367 0.0757954515 -0.507278234
v 0.717951367 -0.000979885953 -0.507278234
v 0.717951367 -0.000979885953 -0.514938554
v 0.725611686 0.0757954515 -0.850472026
v 0.725611686 0.0757954515 -0.858132345
v 0.725611686 -0.000979885953 -0.858132345
v 0.725611686 -0.000979885953 -0.850472026
v 0.914451474 -0.0288955823 -0.345550814
v 0.896835608 -0.0288955823 -0.341017741
v 0.892302535 -0.0288955823 -0.345550814
v 0.892302535 -0.0288955823 -0.323401875
v 0.90988971 -0.0288955823 -0.341017741
v 0.896835608 -0.0288955823 -0.327963638
v 0.90988971 -0.0288955823 -0.327963638
v 0.914451474 -0.0288955823 -0.323401875
v -0.81569051 -0.0288955823 -0.345550814
v -0.833306376 -0.0288955823 -0.341017741
v -0.837839449 -0.0288955823 -0.345550814
v -0.820252274 -0.0288955823 -0.341017741
v -0.833306376 -0.0288955823 -0.327963638
v -0.81569051 -0.0288955823 -0.323401875
v -0.837839449 -0.0288955823 -0.323401875
v -0.820252274 -0.0288955823 -0.327963638
v -0.81569051 -0.0288955823 -0.705385
v -0.833306376 -0.0288955823 -0.700823237
v -0.837839449 -0.0288955823 -0.705385
v -0.820252274 -0.0288955823 -0.700823237
v -0.833306376 -0.0288955823 -0.687769134
v -0.81569051 -0.0288955823 -0.683236061
v -0.837839449 -0.0288955823 -0.683236061
v -0.820252274 -0.0288955823 -0.687769134
v -0.81569051 -0.0288955823 -1.03899622
v -0.833306376 -0.0288955823 -1.03443446
v -0.837839449 -0.0288955823 -1.03899622
v -0.820252274 -0.0288955823 -1.03443446
v -0.833306376 -0.0288955823 -1.02138035
v -0.81569051 -0.0288955823 -1.01684728
v -0.837839449 -0.0288955823 -1.01684728
v -0.820252274 -0.0288955823 -1.02138035
v 0.90988971 -0.0288955823 -0.700823237
v 0.892302535 -0.0288955823 -0.705385
v 0.914451474 -0.0288955823 -0.705385
v 0.896835608 -0.0288955823 -0.700823237
v 0.90988971 -0.0288955823 -0.687769134
v 0.892302535 -0.0288955823 -0.683236061
v 0.914451474 -0.0288955823 -0.683236061
v 0.896835608 -0.0288955823 -0.687769134
vt 0.519626764 0.846397998
vt 0.519626764 0.882597206
vt 0.536748011 0.846397998
vt 0.474133164 0.852757318
vt 0.474133164 0.876237886
vt 0.485873448 0.852757318
vt 0.321998653 0.695241843
vt 0.245197629 0.695241843
vt 0.245197629 0.695241843
vt 0.245197629 0.755899976
vt 0.321998653 0.755899976
vt 0.321998653 0.755899976
vt 0.424726136 0.702579521
vt 0.377765001 0.702579521
vt 0.377765001 0.6962202
vt 0.523540192 0.702579521
vt 0.476579057 0.702579521
vt 0.476579057 0.6962202
vt 0.321998653 0.695241843
vt 0.245197629 0.695241843
vt 0.245197629 0.695241843
vt 0.245197629 0.695241843
vt 0.245197629 0.755899976
vt 0.245197629 0.755899976
vt 0.424726136 0.702579521
vt 0.377765001 0.702579521
vt 0.377765001 0.6962202
vt 0.470708915 0.702579521
vt 0.4301071 0.702579521
vt 0.4301071 0.6962202
vt 0.523540192 0.702579521
vt 0.476579057 0.702579521
vt 0.476579057 0.6962202
vt 0.31319344 0.944233696
vt 0.321509474 0.967225086
vt 0.379232536 0.974073585
vt 0.321998653 1.00000004
vt 0.314660975 0.966246729
vt 0.314660975 0.966246729
vt 0.479514128 0.566098721
vt 0.440379848 0.577349826
vt 0.440379848 0.566098721
vt 0.391461999 0.717254875
vt 0.385102678 0.7417138
vt 0.403202283 0.730951873
vt 0.457011917 0.325422902
vt 0.440379848 0.361622111
vt 0.440379848 0.423258601
vt 0.322487831 0.906077774
vt 0.34890347 0.866943494
vt 0.319063582 0.899718454
vt 0.479514128 0.577349826
vt 0.440379848 0.577349826
vt 0.479514128 0.566098721
vt 0.359176218 0.763726832
vt 0.368959788 0.768129439
vt 0.35868704 0.758835047
vt 0.245197629 0.755899976
vt 0.321998653 0.755899976
vt 0.321998653 0.755899976
vt 0.513267444 0.837592785
vt 0.513267444 0.891402419
vt 0.584687504 0.891402419
vt 0.584687504 0.837592785
vt 0.284821087 0.86498678
vt 0.284821087 0.86498678
vt 0.278950945 0.865965137
vt 0.278950945 0.865965137
vt 0.276505053 0.86205171
vt 0.276505053 0.86205171
vt 0.269656554 0.857649103
vt 0.269656554 0.857649103
vt 0.278950945 0.865965137
vt 0.278950945 0.865965137
vt 0.276505053 0.86205171
vt 0.276505053 0.86205171
vt 0.584687504 0.837592785
vt 0.584687504 0.891402419
vt 0.610613964 0.891402419
vt 0.610613964 0.837592785
vt 0.276505053 0.86205171
vt 0.278950945 0.865965137
vt 0.284821087 0.86498678
vt 0.288734515 0.857159925
vt 0.286777801 0.850311426
vt 0.276505053 0.86205171
vt 0.269656554 0.857649103
vt 0.284821087 0.843952105
vt 0.270634911 0.849333069
vt 0.281886016 0.843462927
vt 0.273080803 0.844441284
vt 0.27748341 0.84248457
vt 0.284821087 0.843952105
vt 0.281886016 0.843462927
vt 0.281886016 0.843462927
vt 0.284821087 0.843952105
vt 0.286777801 0.850311426
vt 0.286777801 0.850311426
vt 0.288734515 0.856670746
vt 0.288734515 0.856670746
vt 0.284821087 0.86498678
vt 0.284821087 0.86498678
vt 0.288734515 0.857159925
vt 0.471687272 0.846397998
vt 0.471687272 0.882597206
vt 0.519626764 0.882597206
vt 0.519626764 0.846397998
vt 0.27405916 0.85226814
vt 0.27405916 0.85226814
vt 0.267210661 0.847376355
vt 0.267210661 0.847376355
vt 0.282375195 0.855203211
vt 0.282375195 0.855203211
vt 0.285310266 0.843952105
vt 0.285310266 0.843952105
vt 0.281886016 0.833190178
vt 0.281886016 0.833190178
vt 0.279440124 0.833190178
vt 0.279440124 0.833190178
vt 0.282375195 0.855203211
vt 0.282375195 0.855203211
vt 0.27405916 0.85226814
vt 0.27405916 0.85226814
vt 0.285310266 0.843952105
vt 0.27405916 0.85226814
vt 0.282375195 0.855203211
vt 0.267210661 0.847376355
vt 0.268189018 0.83906032
vt 0.281886016 0.833190178
vt 0.279440124 0.833190178
vt 0.270634911 0.834657714
vt 0.275037517 0.832211821
vt 0.378743358 0.837592785
vt 0.378743358 0.891402419
vt 0.513267444 0.891402419
vt 0.513267444 0.837592785
vt 0.610613964 0.837592785
vt 0.610613964 0.891402419
vt 0.584198325 0.891402419
vt 0.584198325 0.837592785
vt 0.378743358 0.837592785
vt 0.378743358 0.891402419
vt 0.513267444 0.891402419
vt 0.513267444 0.837592785
vt 0.241284201 0.871835279
vt 0.241284201 0.871835279
vt 0.236392416 0.868900208
vt 0.236392416 0.868900208
vt 0.246665165 0.873791993
vt 0.246665165 0.873791993
vt 0.248621879 0.866454316
vt 0.248621879 0.866454316
vt 0.246665165 0.859116639
vt 0.246665165 0.859116639
vt 0.536748011 0.846397998
vt 0.238838309 0.860094996
vt 0.246665165 0.873791993
vt 0.246665165 0.873791993
vt 0.241284201 0.871835279
vt 0.241284201 0.871835279
vt 0.248621879 0.866454316
vt 0.241284201 0.871835279
vt 0.246665165 0.873791993
vt 0.246665165 0.859116639
vt 0.237370773 0.863030067
vt 0.238838309 0.860094996
vt 0.584687504 0.837592785
vt 0.584687504 0.891402419
vt 0.610613964 0.891402419
vt 0.610613964 0.837592785
vt 0.381678429 0.846397998
vt 0.381678429 0.882597206
vt 0.471687272 0.882597206
vt 0.471687272 0.846397998
vt 0.442825741 0.852757318
vt 0.442825741 0.876237886
vt 0.474133164 0.876237886
vt 0.474133164 0.852757318
vt 0.246665165 0.873791993
vt 0.246665165 0.873791993
vt 0.248621879 0.866454316
vt 0.248621879 0.866454316
vt 0.246665165 0.859116639
vt 0.246665165 0.859116639
vt 0.244708451 0.859116639
vt 0.244708451 0.859116639
vt 0.246665165 0.873791993
vt 0.246665165 0.873791993
vt 0.241284201 0.871835279
vt 0.241284201 0.871835279
vt 0.248621879 0.866454316
vt 0.241284201 0.871835279
vt 0.246665165 0.873791993
vt 0.246665165 0.859116639
vt 0.236392416 0.868900208
vt 0.237370773 0.863030067
vt 0.244708451 0.859116639
vt 0.471687272 0.846397998
vt 0.471687272 0.882597206
vt 0.518648407 0.882597206
vt 0.518648407 0.846397998
vt 0.610613964 0.837592785
vt 0.610613964 0.891402419
vt 0.584198325 0.891402419
vt 0.584198325 0.837592785
vt 0.513267444 0.837592785
vt 0.513267444 0.891402419
vt 0.584687504 0.891402419
vt 0.584687504 0.837592785
vt 0.471687272 0.846397998
vt 0.241284201 0.871835279
vt 0.241284201 0.871835279
vt 0.471687272 0.882597206
vt 0.295093836 0.870856922
vt 0.295093836 0.870856922
vt 0.296072193 0.865965137
vt 0.296072193 0.865965137
vt 0.294604657 0.861073353
vt 0.294604657 0.861073353
vt 0.485873448 0.852757318
vt 0.289712872 0.861562531
vt 0.295093836 0.870856922
vt 0.295093836 0.870856922
vt 0.291180408 0.869389387
vt 0.291180408 0.869389387
vt 0.296072193 0.865965137
vt 0.291180408 0.869389387
vt 0.295093836 0.870856922
vt 0.294604657 0.861073353
vt 0.288734515 0.863519245
vt 0.289712872 0.861562531
vt 0.442825741 0.852757318
vt 0.291180408 0.869389387
vt 0.291180408 0.869389387
vt 0.442825741 0.876237886
vt 0.0196863437 1.00000004
vt 0.00794605981 0.00011920391
vt 0.0196863437 0.00011920391
vt 0.00794605981 1.00000004
vt 0.00550016734 0.00011920391
vt 0.00305427487 1.00000004
vt 0.00305427487 0.00011920391
vt 0.00550016734 1.00000004
vt 0.00011920391 0.257427092
vt 0.500059624 0.252046128
vt 0.00011920391 0.252046128
vt 0.500059624 0.257427092
vt 0.750029835 0.252046128
vt 0.750029835 0.257427092
vt 0.87477035 0.252046128
vt 0.87477035 0.257427092
vt 0.488808519 0.816068931
vt 0.513756622 0.837103606
vt 0.513756622 0.816068931
vt 0.488808519 0.837103606
vt 0.0505045887 0.846397998
vt 0.0710500855 0.694263486
vt 0.0505045887 0.694263486
vt 0.0710500855 0.846397998
vt 0.0764310489 0.846397998
vt 0.0945306532 0.694263486
vt 0.0764310489 0.694263486
vt 0.0945306532 0.846397998
vt 0.0245781286 0.846397998
vt 0.00256509638 0.694263486
vt 0.00256509638 0.846397998
vt 0.0245781286 0.694263486
vt 0.0461019823 0.846397998
vt 0.0284915565 0.694263486
vt 0.0284915565 0.846397998
vt 0.0461019823 0.694263486
vt 0.371405681 0.6962202
vt 0.330803866 0.702579521
vt 0.371405681 0.702579521
vt 0.330803866 0.6962202
vt 0.377765001 0.6962202
vt 0.424726136 0.702579521
vt 0.424726136 0.6962202
vt 0.377765001 0.702579521
vt 0.4301071 0.6962202
vt 0.470708915 0.702579521
vt 0.470708915 0.6962202
vt 0.4301071 0.702579521
vt 0.476579057 0.6962202
vt 0.523540192 0.702579521
vt 0.523540192 0.6962202
vt 0.476579057 0.702579521
vt 0.286288623 0.82291743
vt 0.367003074 0.814112217
vt 0.286288623 0.814112217
vt 0.367003074 0.82291743
vt 0.286288623 0.832211821
vt 0.367003074 0.832211821
vt 0.286288623 0.841017034
vt 0.367003074 0.841017034
vt 0.286288623 0.850311426
vt 0.367003074 0.850311426
vt 0.500059624 0.246175986
vt 0.00011920391 0.234435702
vt 0.00011920391 0.246175986
vt 0.500059624 0.234435702
vt 0.750029835 0.234435702
vt 0.750029835 0.246175986
vt 0.87477035 0.234435702
vt 0.87477035 0.246175986
vt 0.00011920391 0.230033096
vt 0.500059624 0.224162954
vt 0.00011920391 0.224162954
vt 0.500059624 0.230033096
vt 0.750029835 0.224162954
vt 0.750029835 0.230033096
vt 0.87477035 0.224162954
vt 0.87477035 0.230033096
vt 0.937385198 0.220249526
vt 1.00000004 0.208509242
vt 0.937385198 0.208509242
vt 1.00000004 0.220249526
vt 0.500059624 0.204595814
vt 0.00011920391 0.198236494
vt 0.00011920391 0.204595814
vt 0.500059624 0.198236494
vt 0.750029835 0.198236494
vt 0.750029835 0.204595814
vt 0.87477035 0.198236494
vt 0.87477035 0.204595814
vt 0.500059624 0.0950198317
vt 1.00000004 0.10529258
vt 1.00000004 0.0950198317
vt 0.500059624 0.10529258
vt 0.250089414 0.10529258
vt 0.250089414 0.0950198317
vt 0.187474567 0.10529258
vt 0.187474567 0.0950198317
vt 0.12485972 0.10529258
vt 0.12485972 0.0950198317
vt 1.00000004 0.110184365
vt 0.500059624 0.115565328
vt 1.00000004 0.115565328
vt 0.500059624 0.110184365
vt 0.250089414 0.115565328
vt 0.250089414 0.110184365
vt 0.0627340511 0.120457113
vt 0.00011920391 0.130240683
vt 0.0627340511 0.130240683
vt 0.00011920391 0.120457113
vt 0.500059624 0.0847470833
vt 1.00000004 0.0896388682
vt 1.00000004 0.0847470833
vt 0.500059624 0.0896388682
vt 0.250089414 0.0896388682
vt 0.250089414 0.0847470833
vt 0.201171565 0.710406377
vt 0.234924881 0.695731022
vt 0.201171565 0.695731022
vt 0.234924881 0.710406377
vt 0.234924881 0.749540656
vt 0.201171565 0.762259297
vt 0.234924881 0.762259297
vt 0.201171565 0.749540656
vt 0.16692907 0.762259297
vt 0.16692907 0.749540656
vt 0.0989332596 0.762259297
vt 0.0989332596 0.749540656
vt 0.201171565 0.745627228
vt 0.234924881 0.730951873
vt 0.201171565 0.730951873
vt 0.234924881 0.745627228
vt 0.234924881 0.714808983
vt 0.201171565 0.727038445
vt 0.234924881 0.727038445
vt 0.201171565 0.714808983
vt 0.16692907 0.727038445
vt 0.16692907 0.714808983
vt 0.0989332596 0.727038445
vt 0.0989332596 0.714808983
vt 0.00011920391 0.163015642
vt 0.479514128 0.148340287
vt 0.00011920391 0.148340287
vt 0.480003306 0.163015642
vt 0.719211589 0.148340287
vt 0.720189946 0.163015642
vt 0.83906032 0.148340287
vt 0.840038677 0.163015642
vt 0.513756622 0.816068931
vt 0.483427556 0.811177146
vt 0.488808519 0.816068931
vt 0.519137586 0.811177146
vt 0.483427556 0.841995391
vt 0.488808519 0.816068931
vt 0.488808519 0.837103606
vt 0.513756622 0.837103606
vt 0.488808519 0.837103606
vt 0.519137586 0.841995391
vt 0.513756622 0.816068931
vt 0.519137586 0.811177146
vt 0.513756622 0.837103606
vt 0.488808519 0.816068931
vt 0.513756622 0.837103606
vt 0.513756622 0.816068931
vt 0.488808519 0.837103606
vt 0.0505045887 0.846397998
vt 0.0710500855 0.694263486
vt 0.0505045887 0.694263486
vt 0.0710500855 0.846397998
vt 0.0764310489 0.846397998
vt 0.0945306532 0.694263486
vt 0.0764310489 0.694263486
vt 0.0945306532 0.846397998
vt 0.0245781286 0.846397998
vt 0.00256509638 0.694263486
vt 0.00256509638 0.846397998
vt 0.0245781286 0.694263486
vt 0.0461019823 0.846397998
vt 0.0284915565 0.694263486
vt 0.0284915565 0.846397998
vt 0.0461019823 0.694263486
vt 0.371405681 0.6962202
vt 0.330803866 0.702579521
vt 0.371405681 0.702579521
vt 0.330803866 0.6962202
vt 0.377765001 0.6962202
vt 0.424726136 0.702579521
vt 0.424726136 0.6962202
vt 0.377765001 0.702579521
vt 0.4301071 0.6962202
vt 0.470708915 0.702579521
vt 0.470708915 0.6962202
vt 0.4301071 0.702579521
vt 0.476579057 0.6962202
vt 0.523540192 0.702579521
vt 0.523540192 0.6962202
vt 0.476579057 0.702579521
vt 0.513756622 0.816068931
vt 0.483427556 0.811177146
vt 0.488808519 0.816068931
vt 0.519137586 0.811177146
vt 0.513756622 0.816068931
vt 0.519137586 0.841995391
vt 0.513756622 0.837103606
vt 0.483427556 0.841995391
vt 0.488808519 0.816068931
vt 0.488808519 0.837103606
vt 0.513756622 0.837103606
vt 0.519137586 0.841995391
vt 0.488808519 0.837103606
vt 0.488808519 0.816068931
vt 0.513756622 0.837103606
vt 0.513756622 0.816068931
vt 0.488808519 0.837103606
vt 0.0505045887 0.846397998
vt 0.0710500855 0.694263486
vt 0.0505045887 0.694263486
vt 0.0710500855 0.846397998
vt 0.0764310489 0.846397998
vt 0.0945306532 0.694263486
vt 0.0764310489 0.694263486
vt 0.0945306532 0.846397998
vt 0.0245781286 0.846397998
vt 0.00256509638 0.694263486
vt 0.00256509638 0.846397998
vt 0.0245781286 0.694263486
vt 0.0461019823 0.846397998
vt 0.0284915565 0.694263486
vt 0.0284915565 0.846397998
vt 0.0461019823 0.694263486
vt 0.371405681 0.6962202
vt 0.330803866 0.702579521
vt 0.371405681 0.702579521
vt 0.330803866 0.6962202
vt 0.377765001 0.6962202
vt 0.424726136 0.702579521
vt 0.424726136 0.6962202
vt 0.377765001 0.702579521
vt 0.4301071 0.6962202
vt 0.470708915 0.702579521
vt 0.470708915 0.6962202
vt 0.4301071 0.702579521
vt 0.476579057 0.6962202
vt 0.523540192 0.702579521
vt 0.523540192 0.6962202
vt 0.476579057 0.702579521
vt 0.488808519 0.816068931
vt 0.519137586 0.811177146
vt 0.483427556 0.811177146
vt 0.513756622 0.816068931
vt 0.513756622 0.816068931
vt 0.519137586 0.841995391
vt 0.513756622 0.837103606
vt 0.488808519 0.837103606
vt 0.513756622 0.837103606
vt 0.483427556 0.841995391
vt 0.488808519 0.816068931
vt 0.488808519 0.837103606
vt 0.483427556 0.811177146
vt 0.286288623 0.82291743
vt 0.367003074 0.814112217
vt 0.286288623 0.814112217
vt 0.367003074 0.82291743
vt 0.286288623 0.832211821
vt 0.367003074 0.832211821
vt 0.286288623 0.841017034
vt 0.367003074 0.841017034
vt 0.286288623 0.850311426
vt 0.367003074 0.850311426
vt 0.286288623 0.82291743
vt 0.367003074 0.814112217
vt 0.286288623 0.814112217
vt 0.367003074 0.82291743
vt 0.286288623 0.832211821
vt 0.367003074 0.832211821
vt 0.286288623 0.841017034
vt 0.367003074 0.841017034
vt 0.367003074 0.841017034
vt 0.286288623 0.850311426
vt 0.367003074 0.850311426
vt 0.286288623 0.841017034
vt 0.286288623 0.82291743
vt 0.367003074 0.814112217
vt 0.286288623 0.814112217
vt 0.367003074 0.82291743
vt 0.286288623 0.832211821
vt 0.367003074 0.832211821
vt 0.286288623 0.841017034
vt 0.367003074 0.841017034
vt 0.286288623 0.850311426
vt 0.367003074 0.850311426
vt 0.286288623 0.82291743
vt 0.367003074 0.814112217
vt 0.286288623 0.814112217
vt 0.367003074 0.82291743
vt 0.286288623 0.832211821
vt 0.367003074 0.832211821
vt 0.286288623 0.841017034
vt 0.367003074 0.841017034
vt 0.286288623 0.850311426
vt 0.367003074 0.850311426
vt 0.286288623 0.82291743
vt 0.367003074 0.814112217
vt 0.286288623 0.814112217
vt 0.367003074 0.82291743
vt 0.286288623 0.832211821
vt 0.367003074 0.832211821
vt 0.286288623 0.841017034
vt 0.367003074 0.841017034
vt 0.286288623 0.850311426
vt 0.367003074 0.850311426
vt 0.286288623 0.82291743
vt 0.367003074 0.814112217
vt 0.286288623 0.814112217
vt 0.367003074 0.82291743
vt 0.286288623 0.832211821
vt 0.367003074 0.832211821
vt 0.286288623 0.841017034
vt 0.367003074 0.841017034
vt 0.286288623 0.850311426
vt 0.367003074 0.850311426
vt 0.286288623 0.82291743
vt 0.367003074 0.814112217
vt 0.286288623 0.814112217
vt 0.367003074 0.82291743
vt 0.286288623 0.832211821
vt 0.367003074 0.832211821
vt 0.286288623 0.841017034
vt 0.367003074 0.841017034
vt 0.286288623 0.850311426
vt 0.367003074 0.850311426
vt 0.286288623 0.82291743
vt 0.367003074 0.814112217
vt 0.286288623 0.814112217
vt 0.367003074 0.82291743
vt 0.286288623 0.832211821
vt 0.367003074 0.832211821
vt 0.286288623 0.841017034
vt 0.367003074 0.841017034
vt 0.286288623 0.850311426
vt 0.367003074 0.850311426
vt 0.286288623 0.82291743
vt 0.367003074 0.814112217
vt 0.286288623 0.814112217
vt 0.367003074 0.82291743
vt 0.286288623 0.832211821
vt 0.367003074 0.832211821
vt 0.286288623 0.841017034
vt 0.367003074 0.841017034
vt 0.286288623 0.850311426
vt 0.367003074 0.850311426
vt 0.286288623 0.82291743
vt 0.367003074 0.814112217
vt 0.286288623 0.814112217
vt 0.367003074 0.82291743
vt 0.286288623 0.832211821
vt 0.367003074 0.832211821
vt 0.286288623 0.841017034
vt 0.367003074 0.841017034
vt 0.286288623 0.850311426
vt 0.367003074 0.850311426
vt 0.286288623 0.82291743
vt 0.367003074 0.814112217
vt 0.286288623 0.814112217
vt 0.367003074 0.82291743
vt 0.286288623 0.832211821
vt 0.367003074 0.832211821
vt 0.286288623 0.841017034
vt 0.367003074 0.841017034
vt 0.286288623 0.850311426
vt 0.367003074 0.850311426
vt 0.286288623 0.82291743
vt 0.367003074 0.814112217
vt 0.286288623 0.814112217
vt 0.367003074 0.82291743
vt 0.286288623 0.832211821
vt 0.367003074 0.832211821
vt 0.286288623 0.841017034
vt 0.367003074 0.841017034
vt 0.286288623 0.850311426
vt 0.367003074 0.850311426
vt 0.286288623 0.82291743
vt 0.367003074 0.814112217
vt 0.286288623 0.814112217
vt 0.367003074 0.82291743
vt 0.286288623 0.832211821
vt 0.367003074 0.832211821
vt 0.286288623 0.841017034
vt 0.367003074 0.841017034
vt 0.286288623 0.850311426
vt 0.367003074 0.850311426
vt 0.286288623 0.82291743
vt 0.367003074 0.814112217
vt 0.286288623 0.814112217
vt 0.367003074 0.82291743
vt 0.286288623 0.832211821
vt 0.367003074 0.832211821
vt 0.286288623 0.841017034
vt 0.367003074 0.841017034
vt 0.286288623 0.850311426
vt 0.367003074 0.850311426
vt 0.286288623 0.82291743
vt 0.367003074 0.814112217
vt 0.286288623 0.814112217
vt 0.367003074 0.82291743
vt 0.286288623 0.832211821
vt 0.367003074 0.832211821
vt 0.286288623 0.841017034
vt 0.367003074 0.841017034
vt 0.286288623 0.850311426
vt 0.367003074 0.850311426
vt 0.286288623 0.82291743
vt 0.367003074 0.814112217
vt 0.286288623 0.814112217
vt 0.367003074 0.82291743
vt 0.286288623 0.832211821
vt 0.367003074 0.832211821
vt 0.286288623 0.841017034
vt 0.367003074 0.841017034
vt 0.286288623 0.850311426
vt 0.367003074 0.850311426
vt 0.286288623 0.82291743
vt 0.367003074 0.814112217
vt 0.286288623 0.814112217
vt 0.367003074 0.82291743
vt 0.286288623 0.832211821
vt 0.367003074 0.832211821
vt 0.286288623 0.841017034
vt 0.367003074 0.841017034
vt 0.286288623 0.850311426
vt 0.367003074 0.850311426
vt 0.286288623 0.82291743
vt 0.367003074 0.814112217
vt 0.286288623 0.814112217
vt 0.367003074 0.82291743
vt 0.286288623 0.832211821
vt 0.367003074 0.832211821
vt 0.286288623 0.841017034
vt 0.367003074 0.841017034
vt 0.286288623 0.850311426
vt 0.367003074 0.850311426
vt 0.0989332596 0.710406377
vt 0.234924881 0.695731022
vt 0.0989332596 0.695731022
vt 0.234924881 0.710406377
vt 0.0989332596 0.762259297
vt 0.234924881 0.749540656
vt 0.0989332596 0.749540656
vt 0.234924881 0.762259297
vt 0.0989332596 0.745627228
vt 0.234924881 0.730951873
vt 0.0989332596 0.730951873
vt 0.234924881 0.745627228
vt 0.0989332596 0.727038445
vt 0.234924881 0.714808983
vt 0.0989332596 0.714808983
vt 0.234924881 0.727038445
vt 0.0989332596 0.710406377
vt 0.234924881 0.695731022
vt 0.0989332596 0.695731022
vt 0.234924881 0.710406377
vt 0.0989332596 0.762259297
vt 0.234924881 0.749540656
vt 0.0989332596 0.749540656
vt 0.234924881 0.762259297
vt 0.0989332596 0.745627228
vt 0.234924881 0.730951873
vt 0.0989332596 0.730951873
vt 0.234924881 0.745627228
vt 0.0989332596 0.727038445
vt 0.234924881 0.714808983
vt 0.0989332596 0.714808983
vt 0.234924881 0.727038445
vt 0.286288623 0.82291743
vt 0.367003074 0.814112217
vt 0.286288623 0.814112217
vt 0.367003074 0.82291743
vt 0.286288623 0.832211821
vt 0.367003074 0.832211821
vt 0.286288623 0.841017034
vt 0.367003074 0.841017034
vt 0.286288623 0.850311426
vt 0.367003074 0.850311426
vt 0.500059624 0.288245337
vt 1.00000004 0.283353552
vt 1.00000004 0.288245337
vt 0.500059624 0.283353552
vt 1.00000004 0.279440124
vt 0.37482993 0.283353552
vt 0.37482993 0.288245337
vt 0.500059624 0.279440124
vt 1.00000004 0.276015874
vt 0.500059624 0.276015874
vt 0.37482993 0.276015874
vt 0.37482993 0.279440124
vt 0.250089414 0.276015874
vt 0.250089414 0.279440124
vt 0.187474567 0.276015874
vt 0.250089414 0.283353552
vt 0.250089414 0.288245337
vt 0.187474567 0.279440124
vt 0.187474567 0.283353552
vt 0.187474567 0.288245337
vt 0.12485972 0.288245337
vt 0.12485972 0.283353552
vt 0.12485972 0.279440124
vt 0.12485972 0.276015874
vt 0.500059624 0.270145732
vt 0.00011920391 0.270145732
vt 0.00011920391 0.266232304
vt 0.500059624 0.266232304
vt 0.62480014 0.270145732
vt 0.62480014 0.266232304
vt 0.750029835 0.270145732
vt 0.750029835 0.266232304
vt 0.87477035 0.270145732
vt 0.87477035 0.266232304
vt 0.937385198 0.270145732
vt 0.937385198 0.266232304
vt 0.488808519 0.816068931
vt 0.513756622 0.837103606
vt 0.488808519 0.837103606
vt 0.513756622 0.816068931
vt 0.0710500855 0.694263486
vt 0.0505045887 0.846397998
vt 0.0505045887 0.694263486
vt 0.0710500855 0.846397998
vt 0.0945306532 0.694263486
vt 0.0764310489 0.846397998
vt 0.0764310489 0.694263486
vt 0.0945306532 0.846397998
vt 0.0245781286 0.846397998
vt 0.00256509638 0.694263486
vt 0.0245781286 0.694263486
vt 0.00256509638 0.846397998
vt 0.0461019823 0.846397998
vt 0.0284915565 0.694263486
vt 0.0461019823 0.694263486
vt 0.0284915565 0.846397998
vt 0.371405681 0.6962202
vt 0.330803866 0.702579521
vt 0.330803866 0.6962202
vt 0.371405681 0.702579521
vt 0.4301071 0.6962202
vt 0.470708915 0.702579521
vt 0.4301071 0.702579521
vt 0.470708915 0.6962202
vt 0.367003074 0.814112217
vt 0.286288623 0.82291743
vt 0.286288623 0.814112217
vt 0.367003074 0.82291743
vt 0.286288623 0.832211821
vt 0.367003074 0.832211821
vt 0.286288623 0.841017034
vt 0.367003074 0.841017034
vt 0.286288623 0.850311426
vt 0.367003074 0.850311426
vt 0.00011920391 0.198236494
vt 0.500059624 0.204595814
vt 0.00011920391 0.204595814
vt 0.500059624 0.198236494
vt 0.750029835 0.204595814
vt 0.750029835 0.198236494
vt 1.00000004 0.0896388682
vt 0.500059624 0.0847470833
vt 1.00000004 0.0847470833
vt 0.500059624 0.0896388682
vt 0.250089414 0.0847470833
vt 0.250089414 0.0896388682
vt 0.234924881 0.749540656
vt 0.234924881 0.762259297
vt 0.0989332596 0.762259297
vt 0.0989332596 0.749540656
vt 0.234924881 0.730951873
vt 0.234924881 0.745627228
vt 0.0989332596 0.745627228
vt 0.0989332596 0.730951873
vt 0.234924881 0.714808983
vt 0.234924881 0.727038445
vt 0.0989332596 0.727038445
vt 0.0989332596 0.714808983
vt 0.87477035 0.193833887
vt 1.00000004 0.179158533
vt 1.00000004 0.193833887
vt 0.87477035 0.179158533
vt 0.750029835 0.179158533
vt 0.750029835 0.193833887
vt 0.483427556 0.811177146
vt 0.513756622 0.816068931
vt 0.488808519 0.816068931
vt 0.519137586 0.811177146
vt 0.488808519 0.816068931
vt 0.483427556 0.841995391
vt 0.488808519 0.837103606
vt 0.513756622 0.837103606
vt 0.488808519 0.837103606
vt 0.519137586 0.841995391
vt 0.513756622 0.816068931
vt 0.519137586 0.811177146
vt 0.513756622 0.837103606
vt 0.488808519 0.816068931
vt 0.513756622 0.837103606
vt 0.488808519 0.837103606
vt 0.513756622 0.816068931
vt 0.0710500855 0.694263486
vt 0.0505045887 0.846397998
vt 0.0505045887 0.694263486
vt 0.0710500855 0.846397998
vt 0.0945306532 0.694263486
vt 0.0764310489 0.846397998
vt 0.0764310489 0.694263486
vt 0.0945306532 0.846397998
vt 0.0245781286 0.846397998
vt 0.00256509638 0.694263486
vt 0.0245781286 0.694263486
vt 0.00256509638 0.846397998
vt 0.0461019823 0.846397998
vt 0.0284915565 0.694263486
vt 0.0461019823 0.694263486
vt 0.0284915565 0.846397998
vt 0.371405681 0.6962202
vt 0.330803866 0.702579521
vt 0.330803866 0.6962202
vt 0.371405681 0.702579521
vt 0.483427556 0.811177146
vt 0.513756622 0.816068931
vt 0.488808519 0.816068931
vt 0.519137586 0.811177146
vt 0.488808519 0.816068931
vt 0.483427556 0.841995391
vt 0.488808519 0.837103606
vt 0.519137586 0.841995391
vt 0.513756622 0.816068931
vt 0.513756622 0.837103606
vt 0.483427556 0.841995391
vt 0.513756622 0.837103606
vt 0.488808519 0.837103606
vt 0.367003074 0.814112217
vt 0.286288623 0.82291743
vt 0.286288623 0.814112217
vt 0.367003074 0.82291743
vt 0.367003074 0.82291743
vt 0.286288623 0.832211821
vt 0.286288623 0.82291743
vt 0.367003074 0.832211821
vt 0.286288623 0.841017034
vt 0.367003074 0.841017034
vt 0.286288623 0.850311426
vt 0.367003074 0.850311426
vt 0.367003074 0.814112217
vt 0.286288623 0.82291743
vt 0.286288623 0.814112217
vt 0.367003074 0.82291743
vt 0.286288623 0.832211821
vt 0.367003074 0.832211821
vt 0.367003074 0.832211821
vt 0.286288623 0.841017034
vt 0.286288623 0.832211821
vt 0.367003074 0.841017034
vt 0.286288623 0.850311426
vt 0.367003074 0.850311426
vt 0.367003074 0.814112217
vt 0.286288623 0.82291743
vt 0.286288623 0.814112217
vt 0.367003074 0.82291743
vt 0.286288623 0.832211821
vt 0.367003074 0.832211821
vt 0.367003074 0.832211821
vt 0.286288623 0.841017034
vt 0.286288623 0.832211821
vt 0.367003074 0.841017034
vt 0.286288623 0.850311426
vt 0.367003074 0.850311426
vt 0.367003074 0.814112217
vt 0.286288623 0.82291743
vt 0.286288623 0.814112217
vt 0.367003074 0.82291743
vt 0.286288623 0.832211821
vt 0.367003074 0.832211821
vt 0.286288623 0.841017034
vt 0.367003074 0.841017034
vt 0.367003074 0.841017034
vt 0.286288623 0.850311426
vt 0.286288623 0.841017034
vt 0.367003074 0.850311426
vt 0.367003074 0.814112217
vt 0.286288623 0.82291743
vt 0.286288623 0.814112217
vt 0.367003074 0.82291743
vt 0.286288623 0.832211821
vt 0.367003074 0.832211821
vt 0.286288623 0.841017034
vt 0.367003074 0.841017034
vt 0.286288623 0.850311426
vt 0.367003074 0.850311426
vt 0.367003074 0.814112217
vt 0.286288623 0.82291743
vt 0.286288623 0.814112217
vt 0.367003074 0.82291743
vt 0.286288623 0.832211821
vt 0.367003074 0.832211821
vt 0.286288623 0.841017034
vt 0.367003074 0.841017034
vt 0.286288623 0.850311426
vt 0.367003074 0.850311426
vt 0.367003074 0.814112217
vt 0.286288623 0.82291743
vt 0.286288623 0.814112217
vt 0.367003074 0.82291743
vt 0.286288623 0.832211821
vt 0.367003074 0.832211821
vt 0.286288623 0.841017034
vt 0.367003074 0.841017034
vt 0.286288623 0.850311426
vt 0.367003074 0.850311426
vt 0.367003074 0.814112217
vt 0.286288623 0.82291743
vt 0.286288623 0.814112217
vt 0.367003074 0.82291743
vt 0.286288623 0.832211821
vt 0.367003074 0.832211821
vt 0.286288623 0.841017034
vt 0.367003074 0.841017034
vt 0.286288623 0.850311426
vt 0.367003074 0.850311426
vt 0.367003074 0.814112217
vt 0.286288623 0.82291743
vt 0.286288623 0.814112217
vt 0.367003074 0.82291743
vt 0.286288623 0.832211821
vt 0.367003074 0.832211821
vt 0.286288623 0.841017034
vt 0.367003074 0.841017034
vt 0.286288623 0.850311426
vt 0.367003074 0.850311426
vt 0.367003074 0.814112217
vt 0.286288623 0.82291743
vt 0.286288623 0.814112217
vt 0.367003074 0.82291743
vt 0.286288623 0.832211821
vt 0.367003074 0.832211821
vt 0.286288623 0.841017034
vt 0.367003074 0.841017034
vt 0.286288623 0.850311426
vt 0.367003074 0.850311426
vt 0.367003074 0.814112217
vt 0.286288623 0.82291743
vt 0.286288623 0.814112217
vt 0.367003074 0.82291743
vt 0.286288623 0.832211821
vt 0.367003074 0.832211821
vt 0.286288623 0.841017034
vt 0.367003074 0.841017034
vt 0.286288623 0.850311426
vt 0.367003074 0.850311426
vt 0.367003074 0.814112217
vt 0.286288623 0.82291743
vt 0.286288623 0.814112217
vt 0.367003074 0.82291743
vt 0.286288623 0.832211821
vt 0.367003074 0.832211821
vt 0.286288623 0.841017034
vt 0.367003074 0.841017034
vt 0.286288623 0.850311426
vt 0.367003074 0.850311426
vt 0.367003074 0.814112217
vt 0.286288623 0.82291743
vt 0.286288623 0.814112217
vt 0.367003074 0.82291743
vt 0.286288623 0.832211821
vt 0.367003074 0.832211821
vt 0.286288623 0.841017034
vt 0.367003074 0.841017034
vt 0.286288623 0.850311426
vt 0.367003074 0.850311426
vt 0.367003074 0.814112217
vt 0.286288623 0.82291743
vt 0.286288623 0.814112217
vt 0.367003074 0.82291743
vt 0.286288623 0.832211821
vt 0.367003074 0.832211821
vt 0.286288623 0.841017034
vt 0.367003074 0.841017034
vt 0.286288623 0.850311426
vt 0.367003074 0.850311426
vt 0.367003074 0.814112217
vt 0.286288623 0.82291743
vt 0.286288623 0.814112217
vt 0.367003074 0.82291743
vt 0.286288623 0.832211821
vt 0.367003074 0.832211821
vt 0.286288623 0.841017034
vt 0.367003074 0.841017034
vt 0.286288623 0.850311426
vt 0.367003074 0.850311426
vt 0.367003074 0.814112217
vt 0.286288623 0.82291743
vt 0.286288623 0.814112217
vt 0.367003074 0.82291743
vt 0.286288623 0.832211821
vt 0.367003074 0.832211821
vt 0.286288623 0.841017034
vt 0.367003074 0.841017034
vt 0.286288623 0.850311426
vt 0.367003074 0.850311426
vt 0.367003074 0.814112217
vt 0.286288623 0.82291743
vt 0.286288623 0.814112217
vt 0.367003074 0.82291743
vt 0.286288623 0.832211821
vt 0.367003074 0.832211821
vt 0.286288623 0.841017034
vt 0.367003074 0.841017034
vt 0.286288623 0.850311426
vt 0.367003074 0.850311426
vt 0.234924881 0.749540656
vt 0.234924881 0.762259297
vt 0.0989332596 0.762259297
vt 0.0989332596 0.749540656
vt 0.234924881 0.695731022
vt 0.234924881 0.710406377
vt 0.0989332596 0.710406377
vt 0.0989332596 0.695731022
vt 0.234924881 0.714808983
vt 0.234924881 0.727038445
vt 0.0989332596 0.727038445
vt 0.0989332596 0.714808983
vt 0.234924881 0.695731022
vt 0.234924881 0.710406377
vt 0.0989332596 0.710406377
vt 0.0989332596 0.695731022
vt 0.234924881 0.749540656
vt 0.234924881 0.762259297
vt 0.0989332596 0.762259297
vt 0.0989332596 0.749540656
vt 0.234924881 0.730951873
vt 0.234924881 0.745627228
vt 0.0989332596 0.745627228
vt 0.0989332596 0.730951873
vt 0.234924881 0.714808983
vt 0.234924881 0.727038445
vt 0.0989332596 0.727038445
vt 0.0989332596 0.714808983
vt 0.367003074 0.814112217
vt 0.286288623 0.82291743
vt 0.286288623 0.814112217
vt 0.367003074 0.82291743
vt 0.286288623 0.832211821
vt 0.367003074 0.832211821
vt 0.286288623 0.841017034
vt 0.367003074 0.841017034
vt 0.286288623 0.850311426
vt 0.367003074 0.850311426
vt 0.00011920391 0.262808055
vt 0.500059624 0.257427092
vt 0.00011920391 0.257427092
vt 0.500059624 0.262808055
vt 0.750029835 0.257427092
vt 0.00011920391 0.266232304
vt 0.750029835 0.262808055
vt 0.87477035 0.257427092
vt 0.87477035 0.262808055
vt 0.500059624 0.266232304
vt 0.00011920391 0.270145732
vt 0.500059624 0.270145732
vt 0.750029835 0.266232304
vt 0.87477035 0.266232304
vt 0.750029835 0.270145732
vt 0.87477035 0.270145732
vt 0.00011920391 0.143937681
vt 0.480003306 0.136600004
vt 0.00011920391 0.136600004
vt 0.479514128 0.143937681
vt 0.719700768 0.136600004
vt 0.719211589 0.143937681
vt 0.83906032 0.143937681
vt 0.839549499 0.136600004
vt 0.136600004 0.2936263
vt 0.0798552984 0.288245337
vt 0.0788769414 0.2936263
vt 0.137578361 0.288245337
vt 0.193833887 0.2936263
vt 0.194812244 0.288245337
vt 0.309280012 0.2936263
vt 0.30976919 0.288245337
vt 0.539193904 0.2936263
vt 0.540172261 0.288245337
vt 1.00000004 0.288245337
vt 1.00000004 0.2936263
vt 0.0818120123 0.279440124
vt 0.136600004 0.276015874
vt 0.0788769414 0.276015874
vt 0.139045896 0.279440124
vt 0.193833887 0.276015874
vt 0.137578361 0.283353552
vt 0.0803444769 0.283353552
vt 0.19627978 0.279440124
vt 0.309280012 0.276015874
vt 0.137578361 0.288245337
vt 0.0798552984 0.288245337
vt 0.194812244 0.288245337
vt 0.195301423 0.283353552
vt 0.310258369 0.283353552
vt 0.30976919 0.288245337
vt 0.311236726 0.279440124
vt 0.539193904 0.276015874
vt 0.540172261 0.283353552
vt 0.540172261 0.288245337
vt 0.540661439 0.279440124
vt 1.00000004 0.276015874
vt 1.00000004 0.279440124
vt 1.00000004 0.283353552
vt 1.00000004 0.288245337
vt 0.68007731 0.167418249
vt 0.750029835 0.167418249
vt 0.750029835 0.174755926
vt 0.68007731 0.174755926
vt 0.638497138 0.167418249
vt 0.638497138 0.174755926
vt 0.500059624 0.167418249
vt 0.500059624 0.174755926
vt 0.750029835 0.136600004
vt 0.87477035 0.136600004
vt 0.87477035 0.143937681
vt 0.750029835 0.143937681
vt 0.750029835 0.167418249
vt 0.87477035 0.167418249
vt 0.87477035 0.174755926
vt 0.750029835 0.174755926
vt 0.68007731 0.136600004
vt 0.750029835 0.136600004
vt 0.750029835 0.143937681
vt 0.68007731 0.143937681
vt 0.638497138 0.136600004
vt 0.638497138 0.143937681
vt 0.500059624 0.136600004
vt 0.500059624 0.143937681
vt 0.87477035 0.167418249
vt 1.00000004 0.167418249
vt 1.00000004 0.174755926
vt 0.87477035 0.174755926
vt 0.187474567 0.2936263
vt 0.12485972 0.2936263
vt 0.12485972 0.288245337
vt 0.187474567 0.288245337
vt 0.250089414 0.288245337
vt 0.250089414 0.2936263
vt 0.37482993 0.2936263
vt 0.37482993 0.288245337
vt 0.500059624 0.2936263
vt 0.500059624 0.288245337
vt 1.00000004 0.2936263
vt 1.00000004 0.288245337
vt 0.00011920391 0.167418249
vt 0.00011920391 0.174755926
vt 0.480003306 0.174755926
vt 0.480003306 0.167418249
vt 0.720189946 0.167418249
vt 0.719700768 0.174755926
vt 0.840038677 0.167418249
vt 0.839549499 0.174755926
vt 0.839549499 0.18649621
vt 0.719700768 0.193833887
vt 0.839549499 0.193833887
vt 0.839549499 0.179158533
vt 0.719700768 0.18649621
vt 0.719700768 0.179158533
vt 0.480003306 0.193833887
vt 0.480003306 0.18649621
vt 0.480003306 0.179158533
vt 0.00011920391 0.179158533
vt 0.00011920391 0.18649621
vt 0.00011920391 0.193833887
vt 0.0989332596 0.710406377
vt 0.16692907 0.695731022
vt 0.0989332596 0.695731022
vt 0.16692907 0.710406377
vt 0.0989332596 0.745627228
vt 0.16692907 0.730951873
vt 0.0989332596 0.730951873
vt 0.16692907 0.745627228
vt 0.16692907 0.710406377
vt 0.201171565 0.695731022
vt 0.16692907 0.695731022
vt 0.201171565 0.710406377
vt 0.16692907 0.745627228
vt 0.201171565 0.730951873
vt 0.16692907 0.730951873
vt 0.201171565 0.745627228
vt 0.87477035 0.163015642
vt 0.750029835 0.163015642
vt 0.750029835 0.148340287
vt 0.87477035 0.148340287
vt 1.00000004 0.163015642
vt 1.00000004 0.148340287
vt 0.87477035 0.136600004
vt 1.00000004 0.136600004
vt 1.00000004 0.143937681
vt 0.87477035 0.143937681
vt 0.937385198 0.257427092
vt 0.87477035 0.252046128
vt 0.937385198 0.252046128
vt 0.87477035 0.257427092
vt 0.937385198 0.262808055
vt 0.750029835 0.252046128
vt 0.87477035 0.262808055
vt 0.937385198 0.266232304
vt 0.87477035 0.266232304
vt 0.750029835 0.257427092
vt 0.62480014 0.252046128
vt 0.750029835 0.262808055
vt 0.750029835 0.266232304
vt 0.62480014 0.257427092
vt 0.500059624 0.252046128
vt 0.62480014 0.262808055
vt 0.62480014 0.266232304
vt 0.500059624 0.257427092
vt 0.00011920391 0.252046128
vt 0.00011920391 0.257427092
vt 0.00011920391 0.262808055
vt 0.500059624 0.262808055
vt 0.500059624 0.266232304
vt 0.00011920391 0.266232304
vt 0.500059624 0.163015642
vt 0.00011920391 0.163015642
vt 0.00011920391 0.148340287
vt 0.500059624 0.148340287
vt 0.638497138 0.163015642
vt 0.638497138 0.148340287
vt 0.68007731 0.163015642
vt 0.68007731 0.148340287
vt 0.750029835 0.163015642
vt 0.750029835 0.148340287
vt 0.00011920391 0.136600004
vt 0.500059624 0.136600004
vt 0.500059624 0.143937681
vt 0.00011920391 0.143937681
vt 0.00011920391 0.167418249
vt 0.500059624 0.167418249
vt 0.500059624 0.174755926
vt 0.00011920391 0.174755926
vt 1.00000004 0.10529258
vt 0.500059624 0.0950198317
vt 1.00000004 0.0950198317
vt 0.500059624 0.10529258
vt 0.250089414 0.0950198317
vt 0.250089414 0.10529258
vt 0.12485972 0.0950198317
vt 0.12485972 0.10529258
vt 1.00000004 0.115565328
vt 0.500059624 0.110184365
vt 1.00000004 0.110184365
vt 0.500059624 0.115565328
vt 0.250089414 0.110184365
vt 0.250089414 0.115565328
vt 1.00000004 0.130240683
vt 0.500059624 0.120457113
vt 1.00000004 0.120457113
vt 0.500059624 0.130240683
vt 0.250089414 0.120457113
vt 0.250089414 0.130240683
vt 0.12485972 0.120457113
vt 0.12485972 0.130240683
vt 0.12485972 0.0847470833
vt 0.250089414 0.0896388682
vt 0.12485972 0.0896388682
vt 0.250089414 0.0847470833
vt 0.250089414 0.115565328
vt 0.12485972 0.110184365
vt 0.250089414 0.110184365
vt 0.12485972 0.115565328
vt 0.00011920391 0.234435702
vt 0.500059624 0.246175986
vt 0.00011920391 0.246175986
vt 0.500059624 0.234435702
vt 0.750029835 0.246175986
vt 0.750029835 0.234435702
vt 0.87477035 0.246175986
vt 0.87477035 0.234435702
vt 0.00011920391 0.224162954
vt 0.500059624 0.230033096
vt 0.00011920391 0.230033096
vt 0.500059624 0.224162954
vt 0.750029835 0.230033096
vt 0.750029835 0.224162954
vt 0.00011920391 0.208509242
vt 0.500059624 0.220249526
vt 0.00011920391 0.220249526
vt 0.500059624 0.208509242
vt 0.750029835 0.220249526
vt 0.750029835 0.208509242
vt 0.87477035 0.220249526
vt 0.87477035 0.208509242
vt 0.87477035 0.204595814
vt 0.750029835 0.198236494
vt 0.87477035 0.198236494
vt 0.750029835 0.204595814
vt 0.750029835 0.224162954
vt 0.87477035 0.230033096
vt 0.750029835 0.230033096
vt 0.87477035 0.224162954
vt 0.937385198 0.204595814
vt 0.87477035 0.198236494
vt 0.937385198 0.198236494
vt 0.87477035 0.204595814
vt 0.87477035 0.234435702
vt 0.937385198 0.246175986
vt 0.87477035 0.246175986
vt 0.937385198 0.234435702
vt 0.87477035 0.224162954
vt 0.937385198 0.230033096
vt 0.87477035 0.230033096
vt 0.937385198 0.224162954
vt 0.87477035 0.208509242
vt 0.937385198 0.220249526
vt 0.87477035 0.220249526
vt 0.937385198 0.208509242
vt 1.00000004 0.120457113
vt 0.500059624 0.130240683
vt 1.00000004 0.130240683
vt 0.500059624 0.120457113
vt 0.250089414 0.130240683
vt 0.250089414 0.120457113
vt 0.187474567 0.130240683
vt 0.187474567 0.120457113
vt 0.12485972 0.130240683
vt 0.12485972 0.120457113
vt 0.187474567 0.115565328
vt 0.250089414 0.110184365
vt 0.187474567 0.110184365
vt 0.250089414 0.115565328
vt 0.187474567 0.0896388682
vt 0.250089414 0.0847470833
vt 0.187474567 0.0847470833
vt 0.250089414 0.0896388682
vt 0.0627340511 0.10529258
vt 0.12485972 0.0950198317
vt 0.0627340511 0.0950198317
vt 0.12485972 0.10529258
vt 0.0627340511 0.115565328
vt 0.12485972 0.110184365
vt 0.0627340511 0.110184365
vt 0.12485972 0.115565328
vt 0.0627340511 0.0896388682
vt 0.12485972 0.0847470833
vt 0.0627340511 0.0847470833
vt 0.12485972 0.0896388682
vt 0.12485972 0.120457113
vt 0.0627340511 0.130240683
vt 0.12485972 0.130240683
vt 0.0627340511 0.120457113
vt 0.00011920391 0.10529258
vt 0.0627340511 0.0950198317
vt 0.00011920391 0.0950198317
vt 0.0627340511 0.10529258
vt 0.00011920391 0.115565328
vt 0.0627340511 0.110184365
vt 0.00011920391 0.110184365
vt 0.0627340511 0.115565328
vt 0.00011920391 0.0896388682
vt 0.0627340511 0.0847470833
vt 0.00011920391 0.0847470833
vt 0.0627340511 0.0896388682
vt 0.00011920391 0.220249526
vt 0.500059624 0.208509242
vt 0.00011920391 0.208509242
vt 0.500059624 0.220249526
vt 0.750029835 0.208509242
vt 0.750029835 0.220249526
vt 0.87477035 0.208509242
vt 0.87477035 0.220249526
vt 0.937385198 0.234435702
vt 0.87477035 0.246175986
vt 0.937385198 0.246175986
vt 0.87477035 0.234435702
vt 0.937385198 0.224162954
vt 0.87477035 0.230033096
vt 0.937385198 0.230033096
vt 0.87477035 0.224162954
vt 0.937385198 0.198236494
vt 0.87477035 0.204595814
vt 0.937385198 0.204595814
vt 0.87477035 0.198236494
vt 0.87477035 0.220249526
vt 0.937385198 0.208509242
vt 0.87477035 0.208509242
vt 0.937385198 0.220249526
vt 1.00000004 0.234435702
vt 0.937385198 0.246175986
vt 1.00000004 0.246175986
vt 0.937385198 0.234435702
vt 1.00000004 0.224162954
vt 0.937385198 0.230033096
vt 1.00000004 0.230033096
vt 0.937385198 0.224162954
vt 1.00000004 0.198236494
vt 0.937385198 0.204595814
vt 1.00000004 0.204595814
vt 0.937385198 0.198236494
vt 0.12485972 0.115565328
vt 0.187474567 0.110184365
vt 0.12485972 0.110184365
vt 0.187474567 0.115565328
vt 0.12485972 0.0896388682
vt 0.187474567 0.0847470833
vt 0.12485972 0.0847470833
vt 0.187474567 0.0896388682
vt 0.590557646 0.412496674
vt 0.545553224 0.319063582
vt 0.545553224 0.412496674
vt 0.590557646 0.319063582
vt 0.545553224 0.412496674
vt 0.421301887 0.319063582
vt 0.421301887 0.412496674
vt 0.545553224 0.319063582
vt 0.421301887 0.412496674
vt 0.187474567 0.319063582
vt 0.187474567 0.412496674
vt 0.421301887 0.319063582
vt 0.770086153 0.518648407
vt 0.813623039 0.48831934
vt 0.813623039 0.48831934
vt 0.770086153 0.518648407
vt 0.813623039 0.48831934
vt 0.843462927 0.482449199
vt 0.843462927 0.482449199
vt 0.813623039 0.48831934
vt 0.843462927 0.482449199
vt 0.850800604 0.447717525
vt 0.850800604 0.447717525
vt 0.843462927 0.482449199
vt 0.813623039 0.48831934
vt 0.850800604 0.447717525
vt 0.814112217 0.403691461
vt 0.843462927 0.482449199
vt 0.702090342 0.46581713
vt 0.71578734 0.412007495
vt 0.69964445 0.435977242
vt 0.724592553 0.490276054
vt 0.722635839 0.396842962
vt 0.727038445 0.39439707
vt 0.770086153 0.518648407
vt 0.76764026 0.398799676
vt 0.813623039 0.48831934
vt 0.793077542 0.40418064
vt 0.811177146 0.40418064
vt 0.544085689 0.412496674
vt 0.590557646 0.319063582
vt 0.590557646 0.412496674
vt 0.544085689 0.319063582
vt 0.811177146 0.40418064
vt 0.811177146 0.40418064
vt 0.793077542 0.40418064
vt 0.793077542 0.40418064
vt 0.76764026 0.398799676
vt 0.76764026 0.398799676
vt 0.727038445 0.39439707
vt 0.727038445 0.39439707
vt 0.722635839 0.396842962
vt 0.722635839 0.396842962
vt 0.71578734 0.412007495
vt 0.71578734 0.412007495
vt 0.850800604 0.447717525
vt 0.850800604 0.447717525
vt 0.814112217 0.403691461
vt 0.814112217 0.403691461
vt 0.500059624 0.193833887
vt 0.00011920391 0.193833887
vt 0.00011920391 0.179158533
vt 0.500059624 0.179158533
vt 0.638497138 0.193833887
vt 0.638497138 0.179158533
vt 0.68007731 0.193833887
vt 0.68007731 0.179158533
vt 0.750029835 0.193833887
vt 0.750029835 0.179158533
vt 0.178180176 0.857649103
vt 0.178180176 0.00011920391
vt 0.187474567 0.00011920391
vt 0.187474567 0.853246497
vt 0.178180176 1.00000004
vt 0.187474567 1.00000004
vt 0.00305427487 0.00011920391
vt 0.00305427487 1.00000004
vt 0.00550016734 1.00000004
vt 0.00550016734 0.00011920391
vt 0.0602881586 0.00011920391
vt 0.0509937672 0.00011920391
vt 0.0509937672 1.00000004
vt 0.0602881586 1.00000004
vt 0.0602881586 0.918307236
vt 0.700133628 0.525496906
vt 0.754432441 0.525496906
vt 0.754921619 0.404669818
vt 0.700622807 0.404669818
vt 0.302920691 0.892869955
vt 0.302920691 0.892869955
vt 0.283353552 0.892869955
vt 0.283353552 0.892869955
vt 0.155677965 0.855692389
vt 0.155677965 0.00011920391
vt 0.159102214 0.00011920391
vt 0.159102214 0.857159925
vt 0.155677965 1.00000004
vt 0.159102214 1.00000004
vt 0.479514128 0.474622343
vt 0.440379848 0.474622343
vt 0.440379848 0.536748011
vt 0.479514128 0.536748011
vt 0.0480586963 1.00000004
vt 0.0480586963 0.00011920391
vt 0.0441452683 0.00011920391
vt 0.0441452683 1.00000004
vt 0.0226214146 1.00000004
vt 0.0416993759 1.00000004
vt 0.0416993759 0.00011920391
vt 0.0226214146 0.00011920391
vt 0.162526464 0.917818058
vt 0.173288391 0.00011920391
vt 0.162526464 0.00011920391
vt 0.173288391 0.915372165
vt 0.162526464 1.00000004
vt 0.173288391 1.00000004
vt 0.155677965 0.917328879
vt 0.159102214 0.00011920391
vt 0.155677965 0.00011920391
vt 0.159102214 0.918307236
vt 0.155677965 1.00000004
vt 0.159102214 1.00000004
vt 1.00000004 0.853246497
vt 0.992662367 0.989727296
vt 1.00000004 1.00000004
vt 0.993640724 0.866943494
vt 1.00000004 0.00011920391
vt 0.983367976 0.86498678
vt 0.982389619 0.98532469
vt 0.976519477 0.977497834
vt 0.977987012 0.865475959
vt 0.988259761 0.00011920391
vt 1.00000004 0.00011920391
vt 0.974562763 0.00011920391
vt 0.976519477 0.865475959
vt 0.971627692 0.865475959
vt 0.973095228 0.977987012
vt 0.95939823 0.00011920391
vt 0.970160157 0.865475959
vt 0.945701232 0.00011920391
vt 0.966735907 0.872813636
vt 0.973095228 0.977987012
vt 0.969670978 0.986792225
vt 0.973584406 0.981411262
vt 0.919774772 0.895805026
vt 0.912437094 0.00011920391
vt 0.966735907 0.872813636
vt 0.934939305 0.964779193
vt 0.969670978 0.986792225
vt 0.870367744 0.857649103
vt 0.871346101 0.921242307
vt 0.853246497 0.00011920391
vt 0.830255107 0.98532469
vt 0.833190178 0.861073353
vt 0.791120828 0.00011920391
vt 0.768129439 1.00000004
vt 0.805796183 0.970649335
vt 0.803839469 0.857649103
vt 0.758835047 0.00011920391
vt 0.744648871 0.857649103
vt 0.74513805 0.960865765
vt 0.743181336 0.943255339
vt 0.722635839 0.834168535
vt 0.725081731 0.931025877
vt 0.719211589 0.91390463
vt 0.718722411 0.833679357
vt 0.690350058 0.00011920391
vt 0.658064278 0.00011920391
vt 0.681055667 0.828787572
vt 0.713341447 0.938363555
vt 0.718233232 0.932982591
vt 0.704536235 0.947657946
vt 0.637518781 0.826341679
vt 0.602297929 0.00011920391
vt 0.68643663 0.96575755
vt 0.695241843 0.956463159
vt 0.632137818 0.989727296
vt 0.0979549026 0.943255339
vt 0.0979549026 0.943255339
vt 0.0832795478 0.947168767
vt 0.0832795478 0.947168767
vt 0.113608614 0.986303047
vt 0.113608614 0.986303047
vt 0.125348898 0.986792225
vt 0.125348898 0.986792225
vt 0.479514128 0.475111521
vt 0.440379848 0.475111521
vt 0.440379848 0.494189482
vt 0.479514128 0.494189482
vt 0.934939305 0.964779193
vt 0.934939305 0.964779193
vt 0.919774772 0.895805026
vt 0.919774772 0.895805026
vt 0.125348898 0.978476191
vt 0.125348898 0.978476191
vt 0.112141079 0.938852733
vt 0.112141079 0.938852733
vt 0.235903238 0.963800836
vt 0.235903238 0.963800836
vt 0.211933492 1.00000004
vt 0.211933492 1.00000004
vt 0.235903238 0.963800836
vt 0.254981199 0.912926273
vt 0.254981199 0.912926273
vt 0.235903238 0.963800836
vt 0.259383805 0.91048038
vt 0.254981199 0.912926273
vt 0.254981199 0.912926273
vt 0.259383805 0.91048038
vt 0.263786412 0.908523666
vt 0.263786412 0.908523666
vt 0.283353552 0.892869955
vt 0.283353552 0.892869955
vt 0.263786412 0.908523666
vt 0.263786412 0.908523666
vt 0.125348898 0.986792225
vt 0.125348898 0.986792225
vt 0.135621647 1.00000004
vt 0.135621647 1.00000004
vt 0.338141543 0.853246497
vt 0.354773612 0.818025645
vt 0.354773612 0.818025645
vt 0.338141543 0.853246497
vt 0.354773612 0.818025645
vt 0.350860184 0.854224854
vt 0.350860184 0.854224854
vt 0.354773612 0.818025645
vt 0.973095228 0.977987012
vt 0.973095228 0.977987012
vt 0.973584406 0.981411262
vt 0.973584406 0.981411262
vt 0.992662367 0.989727296
vt 0.992662367 0.989727296
vt 0.982389619 0.98532469
vt 0.982389619 0.98532469
vt 0.359176218 0.621375891
vt 0.340587435 0.616484106
vt 0.346457577 0.662956063
vt 0.363578825 0.656107564
vt 0.367492253 0.800904398
vt 0.357219504 0.796501791
vt 0.344500863 0.844930462
vt 0.35526279 0.85226814
vt 0.162526464 0.857159925
vt 0.173288391 1.00000004
vt 0.162526464 1.00000004
vt 0.173288391 0.857649103
vt 0.162526464 0.00011920391
vt 0.173288391 0.00011920391
vt 1.00000004 1.00000004
vt 1.00000004 1.00000004
vt 0.992662367 0.989727296
vt 0.992662367 0.989727296
vt 0.982389619 0.98532469
vt 0.982389619 0.98532469
vt 0.976519477 0.977497834
vt 0.976519477 0.977497834
vt 0.919774772 0.895805026
vt 0.919774772 0.895805026
vt 0.871346101 0.921242307
vt 0.871346101 0.921242307
vt 0.135621647 1.00000004
vt 0.135621647 1.00000004
vt 0.151764537 1.00000004
vt 0.151764537 1.00000004
vt 0.479514128 0.423258601
vt 0.440379848 0.423258601
vt 0.440379848 0.475111521
vt 0.479514128 0.475111521
vt 0.354284433 0.585176682
vt 0.336674007 0.587622575
vt 0.340587435 0.616484106
vt 0.359176218 0.621375891
vt 0.369448967 0.701111985
vt 0.351349362 0.703557878
vt 0.353306076 0.718233232
vt 0.370916502 0.716276518
vt 0.0832795478 0.947168767
vt 0.0832795478 0.947168767
vt 0.0749635134 0.983857154
vt 0.0749635134 0.983857154
vt 0.0984440811 0.994129903
vt 0.0984440811 0.994129903
vt 0.113608614 0.986303047
vt 0.113608614 0.986303047
vt 0.479514128 0.555825973
vt 0.440379848 0.555825973
vt 0.440379848 0.577349826
vt 0.479514128 0.577349826
vt 0.357219504 0.748562299
vt 0.357708683 0.753454084
vt 0.377275822 0.756389155
vt 0.375808287 0.749051478
vt 0.356730326 0.746116407
vt 0.37482993 0.744648871
vt 0.305855762 0.940809447
vt 0.305855762 0.940809447
vt 0.319063582 0.899718454
vt 0.319063582 0.899718454
vt 0.314660975 0.966246729
vt 0.314660975 0.966246729
vt 0.305855762 0.940809447
vt 0.305855762 0.940809447
vt 0.587133396 0.892380776
vt 0.586644218 0.820960716
vt 0.569033792 0.832701
vt 0.596916966 0.821449895
vt 0.578817362 0.00011920391
vt 0.605722179 0.00011920391
vt 0.595449431 0.971627692
vt 0.573436398 0.947168767
vt 0.570501327 0.917818058
vt 0.624310962 0.989238118
vt 0.637518781 0.826341679
vt 0.602297929 -0.00134833157
vt 0.569033792 0.832701
vt 0.580774076 0.820471538
vt 0.551912545 0.00011920391
vt 0.534302119 0.802861112
vt 0.534791297 0.00011920391
vt 0.558761044 0.832211821
vt 0.54359651 0.845419641
vt 0.510332373 0.00011920391
vt 0.542128975 0.810198789
vt 0.532345405 0.860094996
vt 0.54359651 0.845419641
vt 0.53381294 0.909502023
vt 0.477557414 0.834168535
vt 0.463860416 0.00011920391
vt 0.4756007 0.891891598
vt 0.477068235 1.00000004
vt 0.418855994 0.989238118
vt 0.420812708 0.824874144
vt 0.413475031 0.00011920391
vt 0.418366816 0.874281172
vt 0.379232536 0.974073585
vt 0.351349362 0.872324458
vt 0.350860184 0.854224854
vt 0.354773612 0.818025645
vt 0.357708683 0.00011920391
vt 0.338141543 0.853246497
vt 0.32933633 0.00011920391
vt 0.29998562 0.00011920391
vt 0.302920691 0.892869955
vt 0.283353552 0.892869955
vt 0.280907659 0.00011920391
vt 0.263786412 0.908523666
vt 0.260362162 0.00011920391
vt 0.255470378 0.835636071
vt 0.259383805 0.91048038
vt 0.254981199 0.912926273
vt 0.234435702 0.890913241
vt 0.227098025 0.00011920391
vt 0.20606335 0.00011920391
vt 0.211444313 0.895805026
vt 0.193833887 0.912437094
vt 0.193833887 0.00011920391
vt 0.193833887 1.00000004
vt 0.211933492 1.00000004
vt 0.235903238 0.963800836
vt 0.254981199 0.912926273
vt 0.0955090102 0.853246497
vt 0.0994224381 0.899229275
vt 0.0950198317 0.878683778
vt 0.0871929758 0.873791993
vt 0.363578825 0.656107564
vt 0.346457577 0.662956063
vt 0.351349362 0.703557878
vt 0.369448967 0.701111985
vt 0.969670978 0.986792225
vt 0.969670978 0.986792225
vt 0.934939305 0.964779193
vt 0.934939305 0.964779193
vt 0.973584406 0.981411262
vt 0.973584406 0.981411262
vt 0.969670978 0.986792225
vt 0.969670978 0.986792225
vt 0.699155271 0.703068699
vt 0.752475727 0.707960484
vt 0.753454084 0.661977706
vt 0.699155271 0.661977706
vt 0.407115711 0.631159461
vt 0.389505285 0.638497138
vt 0.407115711 0.670782919
vt 0.428639564 0.668337026
vt 0.0509937672 0.855692389
vt 0.0509937672 0.00011920391
vt 0.0602881586 0.00011920391
vt 0.0602881586 0.85226814
vt 0.338141543 0.853246497
vt 0.338141543 0.853246497
vt 0.302920691 0.892869955
vt 0.302920691 0.892869955
vt 0.479514128 0.494189482
vt 0.440379848 0.494189482
vt 0.440379848 0.474622343
vt 0.479514128 0.474622343
vt 0.0749635134 0.983857154
vt 0.0832795478 0.947168767
vt 0.0627340511 1.00000004
vt 0.0803444769 0.819004002
vt 0.0627340511 0.918307236
vt 0.0979549026 0.943255339
vt 0.0627340511 0.00011920391
vt 0.112141079 0.938852733
vt 0.112141079 0.870856922
vt 0.0920847607 0.00011920391
vt 0.109206008 0.00011920391
vt 0.123881363 0.891891598
vt 0.123881363 0.00011920391
vt 0.151764537 0.00011920391
vt 0.125348898 0.978476191
vt 0.151764537 0.916839701
vt 0.151764537 1.00000004
vt 0.0749635134 0.983857154
vt 0.0749635134 0.983857154
vt 0.0627340511 1.00000004
vt 0.0627340511 1.00000004
vt 0.871346101 0.921242307
vt 0.871346101 0.921242307
vt 0.830255107 0.98532469
vt 0.830255107 0.98532469
vt 0.151764537 1.00000004
vt 0.151764537 1.00000004
vt 0.125348898 0.978476191
vt 0.125348898 0.978476191
vt 0.0627340511 0.940320268
vt 0.0867037973 0.916350522
vt 0.0984440811 0.994129903
vt 0.0994224381 0.899229275
vt 0.113608614 0.986303047
vt 0.100400795 0.853246497
vt 0.11507615 0.853735675
vt 0.125348898 0.986792225
vt 0.123881363 0.00011920391
vt 0.109206008 0.00011920391
vt 0.126816434 0.854224854
vt 0.133664933 0.00011920391
vt 0.136600004 0.854224854
vt 0.135621647 1.00000004
vt 0.151764537 1.00000004
vt 0.142959324 0.00011920391
vt 0.151764537 0.855692389
vt 0.151764537 0.00011920391
vt 0.0955090102 0.853246497
vt 0.0871929758 0.873791993
vt 0.0945306532 0.00011920391
vt 0.0769202274 0.858138282
vt 0.0627340511 0.85226814
vt 0.0627340511 0.00011920391
vt 0.479514128 0.536748011
vt 0.440379848 0.536748011
vt 0.440379848 0.555825973
vt 0.479514128 0.555825973
vt 0.69964445 0.561206936
vt 0.753943262 0.561206936
vt 0.754432441 0.525496906
vt 0.700133628 0.525496906
vt 0.699155271 0.661977706
vt 0.753454084 0.661977706
vt 0.753943262 0.561206936
vt 0.69964445 0.561206936
vt 0.700622807 0.404669818
vt 0.754921619 0.404669818
vt 0.753454084 0.318574403
vt 0.699155271 0.318574403
vt 0.178180176 0.915372165
vt 0.187474567 0.00011920391
vt 0.178180176 0.00011920391
vt 0.186985388 0.912437094
vt 0.178180176 1.00000004
vt 0.187474567 1.00000004
vt 0.00794605981 1.00000004
vt 0.0196863437 1.00000004
vt 0.0196863437 0.00011920391
vt 0.00794605981 0.00011920391
vt 0.350860184 0.854224854
vt 0.319063582 0.899718454
vt 0.319063582 0.899718454
vt 0.350860184 0.854224854
vt 0.391461999 0.717254875
vt 0.403202283 0.730951873
vt 0.424726136 0.723125017
vt 0.404669818 0.707960484
vt 0.404669818 0.707960484
vt 0.424726136 0.723125017
vt 0.428639564 0.668337026
vt 0.407115711 0.670782919
vt 0.378743358 0.763726832
vt 0.368959788 0.768129439
vt 0.380210893 0.77106451
vt 0.35868704 0.758835047
vt 0.39439707 0.585176682
vt 0.380210893 0.609146428
vt 0.389505285 0.638497138
vt 0.407115711 0.631159461
vt 0.479514128 0.566098721
vt 0.440379848 0.566098721
vt 0.440379848 0.629202747
vt 0.479514128 0.629202747
vt 0.211933492 1.00000004
vt 0.211933492 1.00000004
vt 0.193833887 1.00000004
vt 0.193833887 1.00000004
vt 0.112141079 0.938852733
vt 0.112141079 0.938852733
vt 0.0979549026 0.943255339
vt 0.0979549026 0.943255339
vt 0.699155271 0.318574403
vt 0.753454084 0.318574403
vt 0.75149737 0.20606335
vt 0.698176914 0.204595814
vt 0.632137818 0.989727296
vt 0.642899744 0.999021688
vt 0.684479916 0.969670978
vt 0.68643663 0.96575755
vt 0.479514128 0.325422902
vt 0.457011917 0.325422902
vt 0.440379848 0.423258601
vt 0.479514128 0.423258601
vt 0.357708683 0.753454084
vt 0.35868704 0.758835047
vt 0.378743358 0.763726832
vt 0.377275822 0.756389155
vt 0.370916502 0.716276518
vt 0.353306076 0.718233232
vt 0.356241147 0.740246265
vt 0.373851573 0.737800372
vt 0.356241147 0.740246265
vt 0.356730326 0.743670514
vt 0.370427324 0.742202979
vt 0.373851573 0.737800372
vt 0.0509937672 0.942276982
vt 0.0602881586 0.940320268
vt 0.0984440811 0.994129903
vt 0.0984440811 0.994129903
vt 0.7417138 0.826341679
vt 0.781826437 0.817047288
vt 0.781826437 0.826341679
vt 0.7417138 0.817047288
vt 0.701601164 0.826341679
vt 0.781826437 0.808242075
vt 0.701601164 0.817047288
vt 0.7417138 0.808242075
vt 0.781826437 0.798947684
vt 0.701601164 0.808242075
vt 0.7417138 0.798947684
vt 0.781826437 0.790142471
vt 0.701601164 0.798947684
vt 0.7417138 0.790142471
vt 0.701601164 0.790142471
vt 0.7417138 0.826341679
vt 0.781826437 0.817047288
vt 0.781826437 0.826341679
vt 0.7417138 0.817047288
vt 0.701601164 0.826341679
vt 0.781826437 0.808242075
vt 0.701601164 0.817047288
vt 0.7417138 0.808242075
vt 0.781826437 0.798947684
vt 0.701601164 0.808242075
vt 0.7417138 0.798947684
vt 0.781826437 0.790142471
vt 0.701601164 0.798947684
vt 0.7417138 0.790142471
vt 0.701601164 0.790142471
vt 0.701601164 0.798947684
vt 0.701601164 0.808242075
vt 0.701601164 0.817047288
vt 0.701601164 0.826341679
vt 0.761770118 0.826341679
vt 0.781826437 0.817047288
vt 0.781826437 0.826341679
vt 0.761770118 0.817047288
vt 0.7417138 0.826341679
vt 0.781826437 0.808242075
vt 0.7417138 0.817047288
vt 0.701601164 0.826341679
vt 0.701601164 0.817047288
vt 0.761770118 0.808242075
vt 0.781826437 0.798947684
vt 0.7417138 0.808242075
vt 0.701601164 0.808242075
vt 0.761770118 0.798947684
vt 0.781826437 0.790142471
vt 0.761770118 0.790142471
vt 0.7417138 0.798947684
vt 0.701601164 0.798947684
vt 0.7417138 0.790142471
vt 0.701601164 0.790142471
vt 0.7417138 0.826341679
vt 0.781826437 0.817047288
vt 0.781826437 0.826341679
vt 0.7417138 0.817047288
vt 0.701601164 0.826341679
vt 0.781826437 0.808242075
vt 0.701601164 0.817047288
vt 0.7417138 0.808242075
vt 0.781826437 0.798947684
vt 0.701601164 0.808242075
vt 0.7417138 0.798947684
vt 0.781826437 0.790142471
vt 0.701601164 0.798947684
vt 0.7417138 0.790142471
vt 0.701601164 0.790142471
vt 0.234924881 0.730951873
vt 0.234924881 0.745627228
vt 0.0989332596 0.745627228
vt 0.0989332596 0.730951873
vt 0.234924881 0.695731022
vt 0.234924881 0.710406377
vt 0.0989332596 0.710406377
vt 0.0989332596 0.695731022
vt 0.321998653 0.755899976
vt 0.305855762 0.707960484
vt 0.321998653 0.695241843
vt 0.245197629 0.695241843
vt 0.305855762 0.743670514
vt 0.260851341 0.707960484
vt 0.260851341 0.743670514
vt 0.245197629 0.755899976
vt 0.321998653 0.695241843
vt 0.305855762 0.743670514
vt 0.321998653 0.755899976
vt 0.305855762 0.707960484
vt 0.260851341 0.743670514
vt 0.245197629 0.695241843
vt 0.245197629 0.755899976
vt 0.260851341 0.707960484
vt 0.321998653 0.695241843
vt 0.305855762 0.743670514
vt 0.321998653 0.755899976
vt 0.305855762 0.707960484
vt 0.260851341 0.743670514
vt 0.245197629 0.695241843
vt 0.245197629 0.755899976
vt 0.260851341 0.707960484
vt 0.321998653 0.695241843
vt 0.305855762 0.743670514
vt 0.321998653 0.755899976
vt 0.305855762 0.707960484
vt 0.260851341 0.743670514
vt 0.245197629 0.695241843
vt 0.245197629 0.755899976
vt 0.260851341 0.707960484
vt 0.305855762 0.743670514
vt 0.321998653 0.695241843
vt 0.321998653 0.755899976
vt 0.305855762 0.707960484
vt 0.260851341 0.743670514
vt 0.245197629 0.695241843
vt 0.245197629 0.755899976
vt 0.260851341 0.707960484
vn -0.960776984 -0.0745092355 0.267125367
vn -0.960776984 -0.0745092355 0.267125367
vn -0.960776984 -0.0745092355 0.267125367
vn 0.0431369258 -0.0745092355 0.996286896
vn 0.0431369258 -0.0745092355 0.996286896
vn 0.0431369258 -0.0745092355 0.996286896
vn -0.999992311 0.00392153847 -0
vn -0.999992311 0.00392153847 -0
vn -0.999992311 0.00392153847 -0
vn 0.999992311 0.00392153847 -0
vn 0.999992311 0.00392153847 -0
vn 0.999992311 0.00392153847 -0
vn -0.999992311 0.00392153847 -0
vn -0.999992311 0.00392153847 -0
vn -0.999992311 0.00392153847 -0
vn 0.999992311 0.00392153847 -0
vn 0.999992311 0.00392153847 -0
vn 0.999992311 0.00392153847 -0
vn -0.999992311 0.00392153847 -0
vn -0.999992311 0.00392153847 -0
vn -0.999992311 0.00392153847 -0
vn -0.00392153871 0.00392153871 0.999984621
vn -0.00392153871 0.00392153871 0.999984621
vn -0.00392153871 0.00392153871 0.999984621
vn -0.999992311 0.00392153847 -0
vn -0.999992311 0.00392153847 -0
vn -0.999992311 0.00392153847 -0
vn -0.00392153871 0.00392153871 0.999984621
vn -0.00392153871 0.00392153871 0.999984621
vn -0.00392153871 0.00392153871 0.999984621
vn 0.999992311 0.00392153847 -0
vn 0.999992311 0.00392153847 -0
vn 0.999992311 0.00392153847 -0
vn -0.00392153847 0.999992311 -0
vn -0.00392153847 0.999992311 -0
vn -0.00392153847 0.999992311 -0
vn -0.403918487 -0.00392153871 -0.914786575
vn -0.403918487 -0.00392153871 -0.914786575
vn -0.403918487 -0.00392153871 -0.914786575
vn 0.0901953903 0.866660055 -0.490678246
vn 0.0901953903 0.866660055 -0.490678246
vn 0.0901953903 0.866660055 -0.490678246
vn -0.294115403 0.952933906 -0.0735737741
vn -0.294115403 0.952933906 -0.0735737741
vn -0.294115403 0.952933906 -0.0735737741
vn 0.00392153871 0.984306216 -0.176425325
vn 0.0117646161 0.984306216 -0.176076311
vn -0.0196076935 0.984306216 -0.175376201
vn -0.254900016 0.952933906 -0.164143085
vn -0.254900016 0.952933906 -0.164143085
vn -0.254900016 0.952933906 -0.164143085
vn 0.741170816 0.294115403 -0.603458326
vn 0.741170816 0.294115403 -0.603458326
vn 0.741170816 0.294115403 -0.603458326
vn -0.0117646161 0.992149293 -0.124504513
vn 0.0117646161 0.984306216 -0.176076311
vn -0.0196076935 0.992149293 -0.123512422
vn 0.999992311 0.00392153847 -0
vn 0.999992311 0.00392153847 -0
vn 0.999992311 0.00392153847 -0
vn -0.874503132 0.0509800032 -0.482333196
vn -0.874503132 0.0509800032 -0.482333196
vn -0.874503132 0.0509800032 -0.482333196
vn -0.874503132 0.0509800032 -0.482333196
vn 0.921561596 -0.294115403 0.253417351
vn 0.921561596 -0.294115403 0.253417351
vn 0.937247751 -0.317644635 -0.143765567
vn 0.937247751 -0.317644635 -0.143765567
vn -0.0352938484 -0.0196076935 -0.999184609
vn -0.0352938484 -0.0196076935 -0.999184609
vn -0.0352938484 -0.0196076935 -0.999184609
vn -0.0352938484 -0.0196076935 -0.999184609
vn 0.435290797 -0.176469242 -0.882825311
vn 0.435290797 -0.176469242 -0.882825311
vn 0.435290797 -0.176469242 -0.882825311
vn 0.435290797 -0.176469242 -0.882825311
vn -0.921561596 0.294115403 -0.253417351
vn -0.921561596 0.294115403 -0.253417351
vn -0.921561596 0.294115403 -0.253417351
vn -0.921561596 0.294115403 -0.253417351
vn 0.301958481 0.952933906 -0.0271670136
vn 0.317644635 0.945090829 -0.0768453717
vn 0.317644635 0.945090829 -0.0768453717
vn 0.301958481 0.952933906 -0.0271670136
vn 0.309174564 0.951005304 -0
vn 0.301958481 0.952933906 -0.0271670136
vn 0.309174564 0.951005304 -0
vn 0.325487713 0.945090829 -0.0293440684
vn 0.317644635 0.945090829 -0.0768453717
vn 0.317644635 0.945090829 -0.0768453717
vn 0.317644635 0.945090829 -0.0768453717
vn 0.317644635 0.945090829 -0.0768453717
vn -0.568623113 0.215684629 0.793818554
vn -0.780386203 0.278429248 0.55988796
vn -0.780386203 0.278429248 0.55988796
vn -0.568623113 0.215684629 0.793818554
vn 0.105881545 -0.00392153871 0.994371017
vn 0.0980384677 0.00392153871 0.995174899
vn 0.639210809 -0.184312319 0.746618048
vn 0.631367732 -0.184312319 0.753262077
vn 0.921561596 -0.294115403 0.253417351
vn 0.921561596 -0.294115403 0.253417351
vn 0.639210809 -0.184312319 0.746618048
vn -0.890189287 -0.0588230806 -0.451777466
vn -0.890189287 -0.0588230806 -0.451777466
vn -0.890189287 -0.0588230806 -0.451777466
vn -0.890189287 -0.0588230806 -0.451777466
vn -0.0588230806 0.176469242 -0.982546921
vn -0.0588230806 0.176469242 -0.982546921
vn -0.0588230806 0.176469242 -0.982546921
vn -0.0588230806 0.176469242 -0.982546921
vn 0.999070885 0.0430971754 -0
vn 0.999070885 0.0430971754 -0
vn 0.764700048 -0.0823523129 0.639102443
vn 0.764700048 -0.0823523129 0.639102443
vn 0.15294001 -0.168626164 0.973742558
vn 0.160783087 -0.168626164 0.972478285
vn -0.411761564 -0.184312319 0.892458057
vn -0.411761564 -0.184312319 0.892458057
vn 0.999070885 0.0430971754 -0
vn 0.999070885 0.0430971754 -0
vn 0.882346209 0.1215677 -0.454627827
vn 0.882346209 0.1215677 -0.454627827
vn -0.0431369258 0.984306216 0.171115397
vn -0.0509800032 0.984306216 0.168944704
vn -0.0196076935 0.984306216 0.175376201
vn -0.0509800032 0.984306216 0.168944704
vn -0.0509800032 0.984306216 0.168944704
vn -0.0509800032 0.984306216 0.168944704
vn -0.0509800032 0.984306216 0.168944704
vn -0.0509800032 0.984306216 0.168944704
vn -0.0509800032 0.984306216 0.168944704
vn 0.129410777 -0.0745092355 -0.988787755
vn 0.129410777 -0.0745092355 -0.988787755
vn 0.129410777 -0.0745092355 -0.988787755
vn 0.129410777 -0.0745092355 -0.988787755
vn -0.780386203 0.278429248 0.55988796
vn -0.780386203 0.278429248 0.55988796
vn -0.780386203 0.278429248 0.55988796
vn -0.780386203 0.278429248 0.55988796
vn -0.592152345 0.1215677 -0.796603348
vn -0.592152345 0.1215677 -0.796603348
vn -0.592152345 0.1215677 -0.796603348
vn -0.592152345 0.1215677 -0.796603348
vn -0.999807822 -0.0196040749 -0
vn -0.999807822 -0.0196040749 -0
vn -0.999807822 -0.0196040749 -0
vn -0.999807822 -0.0196040749 -0
vn 0.968620061 0.0745092355 -0.237115059
vn 0.968620061 0.0745092355 -0.237115059
vn 0.78822928 0.0509800032 0.61326637
vn 0.780386203 0.0509800032 0.623216185
vn 0.0980384677 0.286272326 0.953119412
vn 0.0980384677 0.286272326 0.953119412
vn -0.482349261 0.419604642 0.768941568
vn -0.482349261 0.419604642 0.768941568
vn 0.968620061 0.0745092355 -0.237115059
vn 0.968620061 0.0745092355 -0.237115059
vn 0.6078385 0.0509800032 -0.792422487
vn 0.6078385 0.0509800032 -0.792422487
vn -0.0665190105 0.997785158 -0
vn -0.0820750945 0.996626148 -0
vn -0.0430971754 0.999070885 -0
vn -0.0820750945 0.996626148 -0
vn -0.0820750945 0.996626148 -0
vn -0.0820750945 0.996626148 -0
vn -0.968620061 -0.0823523129 0.234506448
vn -0.968620061 -0.0823523129 0.234506448
vn -0.968620061 -0.0823523129 0.234506448
vn -0.968620061 -0.0823523129 0.234506448
vn -0.8509739 -0.0196076935 0.524841843
vn -0.8509739 -0.0196076935 0.524841843
vn -0.8509739 -0.0196076935 0.524841843
vn -0.8509739 -0.0196076935 0.524841843
vn -0.631367732 -0.0588230806 0.773249398
vn -0.631367732 -0.0588230806 0.773249398
vn -0.631367732 -0.0588230806 0.773249398
vn -0.631367732 -0.0588230806 0.773249398
vn 0.0745092355 0.0117646161 -0.997150925
vn 0.066666158 0.0117646161 -0.997705977
vn 0.694112351 0.0196076935 -0.719599598
vn 0.701955429 0.0196076935 -0.711950921
vn 0.999807822 0.0196040749 -0
vn 0.999807822 0.0196040749 -0
vn 0.592152345 0.00392153871 0.805816494
vn 0.599995422 0.00392153871 0.799993822
vn 0.066666158 0.0117646161 -0.997705977
vn 0.0745092355 0.0117646161 -0.997150925
vn -0.403918487 -0.00392153871 -0.914786575
vn -0.403918487 -0.00392153871 -0.914786575
vn -0.0352721557 0.999377744 -0
vn -0.0274406433 0.999623435 -0
vn -0.0430971754 0.999070885 -0
vn -0.0274406433 0.999623435 -0
vn -0.0274406433 0.999623435 -0
vn -0.0274406433 0.999623435 -0
vn -0.0274406433 0.999623435 -0
vn 0.137253855 -0.00392153871 0.990528142
vn 0.137253855 -0.00392153871 0.990528142
vn 0.599995422 0.00392153871 0.799993822
vn 0.592152345 0.00392153871 0.805816494
vn -0.482349261 -0.176469242 0.858019695
vn -0.482349261 -0.176469242 0.858019695
vn -0.411761564 -0.184312319 0.892458057
vn -0.411761564 -0.184312319 0.892458057
vn -0.54509388 0.15294001 -0.824306991
vn -0.54509388 0.15294001 -0.824306991
vn -0.54509388 0.15294001 -0.824306991
vn -0.54509388 0.15294001 -0.824306991
vn -0.199998474 -0.00392153871 -0.979788361
vn -0.199998474 -0.00392153871 -0.979788361
vn -0.199998474 -0.00392153871 -0.979788361
vn -0.199998474 -0.00392153871 -0.979788361
vn -0.0117646161 0.0745092355 -0.997150925
vn -0.0196076935 0.0745092355 -0.997027538
vn 0.772543126 0.0509800032 -0.632912441
vn 0.772543126 0.0509800032 -0.632912441
vn 0.952933906 0.286272326 0.0998254784
vn 0.952933906 0.286272326 0.0998254784
vn 0.647053887 0.419604642 0.636595014
vn 0.647053887 0.419604642 0.636595014
vn -0.0196076935 0.0745092355 -0.997027538
vn -0.0117646161 0.0745092355 -0.997150925
vn -0.647053887 0.0509800032 -0.760738001
vn -0.647053887 0.0509800032 -0.760738001
vn -0.0117638918 0.999930803 -0
vn -0.00392153847 0.999992311 -0
vn -0.0196040749 0.999807822 -0
vn -0.00392153847 0.999992311 -0
vn -0.0117638918 0.999930803 -0
vn -0.0117638918 0.999930803 -0
vn -0.999992311 -0.00392153847 -0
vn -0.999992311 -0.00392153847 -0
vn -0.999992311 -0.00392153847 -0
vn -0.999992311 -0.00392153847 -0
vn -0.00392153847 0.999992311 -0
vn -0.00392153847 0.999992311 -0
vn -0.00392153847 0.999992311 -0
vn -0.00392153847 0.999992311 -0
vn 0.999992311 0.00392153847 -0
vn 0.999992311 0.00392153847 -0
vn 0.999992311 0.00392153847 -0
vn 0.999992311 0.00392153847 -0
vn 0.00392153847 0.999992311 -0
vn 0.999992311 0.00392153847 -0
vn 0.999992311 -0.00392153847 -0
vn 0.00392153847 0.999992311 -0
vn 0.999930803 0.0117638918 -0
vn 0.00392153847 0.999992311 -0
vn 0.999623435 -0.0274406433 -0
vn -0.00392153847 0.999992311 -0
vn -0.325487713 0.890189287 -0.318780148
vn 0.325487713 0.890189287 0.318780148
vn -0.325487713 0.890189287 0.318780148
vn 0.325487713 0.890189287 -0.318780148
vn -0.999992311 0.00392153847 -0
vn -0.999992311 0.00392153847 -0
vn -0.999992311 0.00392153847 -0
vn -0.999992311 0.00392153847 -0
vn -0.00392153871 -0.00392153871 0.999984621
vn -0.00392153871 -0.00392153871 0.999984621
vn -0.00392153871 -0.00392153871 0.999984621
vn -0.00392153871 -0.00392153871 0.999984621
vn 0.999992311 0.00392153847 -0
vn 0.999992311 0.00392153847 -0
vn 0.999992311 0.00392153847 -0
vn 0.999992311 0.00392153847 -0
vn 0.00392153871 0.00392153871 -0.999984621
vn 0.00392153871 0.00392153871 -0.999984621
vn 0.00392153871 0.00392153871 -0.999984621
vn -0.00392153871 0.00392153871 -0.999984621
vn -0.00392153871 0.00392153871 -0.999984621
vn -0.00392153871 0.00392153871 -0.999984621
vn -0.00392153871 0.00392153871 -0.999984621
vn -0.00392153871 0.00392153871 -0.999984621
vn 0.999992311 0.00392153847 -0
vn 0.999992311 0.00392153847 -0
vn 0.999992311 0.00392153847 -0
vn 0.999992311 0.00392153847 -0
vn -0.00392153871 0.00392153871 0.999984621
vn -0.00392153871 0.00392153871 0.999984621
vn -0.00392153871 0.00392153871 0.999984621
vn -0.00392153871 0.00392153871 0.999984621
vn -0.999992311 0.00392153847 -0
vn -0.999992311 0.00392153847 -0
vn -0.999992311 0.00392153847 -0
vn -0.999992311 0.00392153847 -0
vn -0.999992311 0.00392153847 -0
vn -0.00392153871 0.00392153871 -0.999984621
vn 0.00392153871 0.00392153871 -0.999984621
vn -0.999992311 0.00392153847 -0
vn -0.00392153871 0.00392153871 0.999984621
vn 0.00392153871 0.00392153871 0.999984621
vn 0.999992311 0.00392153847 -0
vn 0.999992311 0.00392153847 -0
vn 0.00392153871 0.00392153871 -0.999984621
vn -0.00392153871 0.00392153871 -0.999984621
vn -0.00392153847 -0.999992311 -0
vn -0.00392153847 -0.999992311 -0
vn -0.00392153847 -0.999992311 -0
vn -0.00392153847 -0.999992311 -0
vn -0.00392153847 -0.999992311 -0
vn -0.00392153847 -0.999992311 -0
vn -0.00392153847 -0.999992311 -0
vn -0.00392153847 -0.999992311 -0
vn -0.999992311 0.00392153847 -0
vn -0.999992311 0.00392153847 -0
vn -0.999992311 0.00392153847 -0
vn -0.999992311 0.00392153847 -0
vn -0.999992311 0.00392153847 -0
vn -0.999992311 0.00392153847 -0
vn -0.999992311 0.00392153847 -0
vn -0.999992311 0.00392153847 -0
vn -0.00392153847 0.999992311 -0
vn 0.00392153847 0.999992311 -0
vn -0.00392153847 0.999992311 -0
vn 0.00392153847 0.999992311 -0
vn 0.999992311 0.00392153847 -0
vn 0.999992311 0.00392153847 -0
vn 0.999992311 0.00392153847 -0
vn 0.999992311 0.00392153847 -0
vn 0.999992311 0.00392153847 -0
vn 0.999992311 0.00392153847 -0
vn 0.999992311 0.00392153847 -0
vn 0.999992311 0.00392153847 -0
vn -0.00392153847 -0.999992311 -0
vn -0.00392153847 -0.999992311 -0
vn 0.00392153847 -0.999992311 -0
vn -0.00392153847 -0.999992311 -0
vn -0.00392153847 -0.999992311 -0
vn -0.00392153847 -0.999992311 -0
vn -0.00392153847 -0.999992311 -0
vn -0.00392153847 -0.999992311 -0
vn -0.00392153847 -0.999992311 -0
vn -0.00392153847 -0.999992311 -0
vn -0.999992311 0.00392153847 -0
vn -0.999992311 0.00392153847 -0
vn -0.999992311 0.00392153847 -0
vn -0.999992311 0.00392153847 -0
vn -0.999992311 0.00392153847 -0
vn -0.999992311 0.00392153847 -0
vn 0.00392153847 0.999992311 -0
vn 0.00392153847 0.999992311 -0
vn -0.00392153847 0.999992311 -0
vn 0.00392153847 0.999992311 -0
vn 0.999992311 0.00392153847 -0
vn 0.999992311 0.00392153847 -0
vn 0.999992311 0.00392153847 -0
vn 0.999992311 0.00392153847 -0
vn 0.999992311 0.00392153847 -0
vn 0.999992311 0.00392153847 -0
vn -0.97646308 0.215684616 -0
vn -0.97646308 0.215684616 -0
vn -0.97646308 0.215684616 -0
vn -0.97646308 0.215684616 -0
vn -0.00392153871 0.00392153871 0.999984621
vn -0.00392153871 -0.00392153871 0.999984621
vn -0.00392153871 0.00392153871 0.999984621
vn -0.00392153871 -0.00392153871 0.999984621
vn -0.00392153871 0.00392153871 0.999984621
vn -0.00392153871 0.00392153871 0.999984621
vn -0.00392153871 0.00392153871 0.999984621
vn -0.00392153871 0.00392153871 0.999984621
vn 0.97646308 -0.215684616 -0
vn 0.97646308 -0.215684616 -0
vn 0.97646308 -0.215684616 -0
vn 0.97646308 -0.215684616 -0
vn -0.00392153871 0.00392153871 -0.999984621
vn -0.00392153871 -0.00392153871 -0.999984621
vn -0.00392153871 0.00392153871 -0.999984621
vn -0.00392153871 -0.00392153871 -0.999984621
vn -0.00392153871 -0.00392153871 -0.999984621
vn -0.00392153871 -0.00392153871 -0.999984621
vn -0.00392153871 0.00392153871 -0.999984621
vn -0.00392153871 0.00392153871 -0.999984621
vn -0.00392153847 0.999992311 -0
vn 0.00392153847 0.999992311 -0
vn -0.00392153847 0.999992311 -0
vn 0.00392153847 0.999992311 -0
vn -0.00392153847 0.999992311 -0
vn -0.00392153847 0.999992311 -0
vn -0.00392153871 0.992149293 0.124997606
vn -0.00392153871 0.992149293 0.124997606
vn -0.325487713 0.890189287 0.318780148
vn -0.435290797 0.780386203 -0.448909007
vn -0.325487713 0.890189287 -0.318780148
vn -0.435290797 0.780386203 0.448909007
vn 0.435290797 0.780386203 -0.448909007
vn -0.325487713 0.890189287 -0.318780148
vn 0.325487713 0.890189287 -0.318780148
vn 0.325487713 0.890189287 0.318780148
vn 0.325487713 0.890189287 -0.318780148
vn 0.435290797 0.780386203 0.448909007
vn -0.325487713 0.890189287 0.318780148
vn -0.435290797 0.780386203 0.448909007
vn 0.325487713 0.890189287 0.318780148
vn -0.325487713 0.890189287 -0.318780148
vn 0.325487713 0.890189287 0.318780148
vn -0.325487713 0.890189287 0.318780148
vn 0.325487713 0.890189287 -0.318780148
vn -0.999992311 0.00392153847 -0
vn -0.999992311 0.00392153847 -0
vn -0.999992311 0.00392153847 -0
vn -0.999992311 0.00392153847 -0
vn -0.00392153871 -0.00392153871 0.999984621
vn -0.00392153871 -0.00392153871 0.999984621
vn -0.00392153871 -0.00392153871 0.999984621
vn -0.00392153871 -0.00392153871 0.999984621
vn 0.999992311 0.00392153847 -0
vn 0.999992311 0.00392153847 -0
vn 0.999992311 0.00392153847 -0
vn 0.999992311 0.00392153847 -0
vn 0.00392153871 0.00392153871 -0.999984621
vn 0.00392153871 0.00392153871 -0.999984621
vn -0.00392153871 0.00392153871 -0.999984621
vn 0.00392153871 0.00392153871 -0.999984621
vn 0.00392153871 0.00392153871 -0.999984621
vn 0.00392153871 0.00392153871 -0.999984621
vn 0.00392153871 0.00392153871 -0.999984621
vn 0.00392153871 0.00392153871 -0.999984621
vn 0.999992311 0.00392153847 -0
vn 0.999992311 0.00392153847 -0
vn 0.999992311 0.00392153847 -0
vn 0.999992311 0.00392153847 -0
vn -0.00392153871 0.00392153871 0.999984621
vn -0.00392153871 0.00392153871 0.999984621
vn -0.00392153871 0.00392153871 0.999984621
vn -0.00392153871 0.00392153871 0.999984621
vn -0.999992311 0.00392153847 -0
vn -0.999992311 0.00392153847 -0
vn -0.999992311 0.00392153847 -0
vn -0.999992311 0.00392153847 -0
vn -0.325487713 0.890189287 0.318780148
vn -0.435290797 0.780386203 -0.448909007
vn -0.325487713 0.890189287 -0.318780148
vn -0.435290797 0.780386203 0.448909007
vn -0.325487713 0.890189287 0.318780148
vn 0.435290797 0.780386203 0.448909007
vn 0.325487713 0.890189287 0.318780148
vn 0.435290797 0.780386203 -0.448909007
vn -0.325487713 0.890189287 -0.318780148
vn 0.325487713 0.890189287 -0.318780148
vn 0.325487713 0.890189287 0.318780148
vn 0.435290797 0.780386203 0.448909007
vn 0.325487713 0.890189287 -0.318780148
vn -0.325487713 0.890189287 -0.318780148
vn 0.325487713 0.890189287 0.318780148
vn -0.325487713 0.890189287 0.318780148
vn 0.325487713 0.890189287 -0.318780148
vn -0.997235649 -0.0743038327 -0
vn -0.997235649 -0.0743038327 -0
vn -0.997235649 -0.0743038327 -0
vn -0.997235649 -0.0743038327 -0
vn -0.00392153871 -0.00392153871 0.999984621
vn -0.00392153871 0.00392153871 0.999984621
vn -0.00392153871 0.00392153871 0.999984621
vn -0.00392153871 -0.00392153871 0.999984621
vn 0.997235649 0.0743038327 -0
vn 0.997235649 0.0743038327 -0
vn 0.997235649 0.0743038327 -0
vn 0.997235649 0.0743038327 -0
vn -0.00392153871 0.00392153871 -0.999984621
vn -0.00392153871 0.00392153871 -0.999984621
vn -0.00392153871 0.00392153871 -0.999984621
vn -0.00392153871 0.00392153871 -0.999984621
vn -0.00392153871 0.00392153871 -0.999984621
vn -0.00392153871 0.00392153871 -0.999984621
vn -0.00392153871 0.00392153871 -0.999984621
vn -0.00392153871 0.00392153871 -0.999984621
vn 0.999992311 0.00392153847 -0
vn 0.999992311 0.00392153847 -0
vn 0.999992311 0.00392153847 -0
vn 0.999992311 0.00392153847 -0
vn -0.00392153871 0.00392153871 0.999984621
vn -0.00392153871 0.00392153871 0.999984621
vn -0.00392153871 0.00392153871 0.999984621
vn -0.00392153871 0.00392153871 0.999984621
vn -0.999992311 0.00392153847 -0
vn -0.999992311 0.00392153847 -0
vn -0.999992311 0.00392153847 -0
vn -0.999992311 0.00392153847 -0
vn -0.325487713 0.890189287 -0.318780148
vn -0.435290797 0.780386203 0.448909007
vn -0.435290797 0.780386203 -0.448909007
vn -0.325487713 0.890189287 0.318780148
vn -0.325487713 0.890189287 0.318780148
vn 0.435290797 0.780386203 0.448909007
vn 0.325487713 0.890189287 0.318780148
vn 0.325487713 0.890189287 -0.318780148
vn 0.325487713 0.890189287 0.318780148
vn 0.435290797 0.780386203 -0.448909007
vn -0.325487713 0.890189287 -0.318780148
vn 0.325487713 0.890189287 -0.318780148
vn -0.435290797 0.780386203 -0.448909007
vn -0.999992311 0.00392153847 -0
vn -0.00392153871 0.00392153871 -0.999984621
vn 0.00392153871 0.00392153871 -0.999984621
vn -0.999992311 -0.00392153847 -0
vn -0.00392153871 -0.00392153871 0.999984621
vn 0.00392153871 -0.00392153871 0.999984621
vn 0.999992311 -0.00392153847 -0
vn 0.999992311 0.00392153847 -0
vn 0.00392153871 0.00392153871 -0.999984621
vn -0.00392153871 0.00392153871 -0.999984621
vn -0.999992311 0.00392153847 -0
vn -0.00392153871 0.00392153871 -0.999984621
vn 0.00392153871 0.00392153871 -0.999984621
vn -0.999992311 0.00392153847 -0
vn -0.00392153871 0.00392153871 0.999984621
vn 0.00392153871 0.00392153871 0.999984621
vn 0.999992311 0.00392153847 -0
vn 0.999992311 0.00392153847 -0
vn 0.999992311 0.00392153847 -0
vn 0.00392153871 0.00392153871 -0.999984621
vn -0.00392153871 0.00392153871 -0.999984621
vn 0.999992311 0.00392153847 -0
vn -0.999992311 -0.00392153847 -0
vn -0.00392153871 0.00392153871 -0.999984621
vn 0.00392153871 0.00392153871 -0.999984621
vn -0.999992311 0.00392153847 -0
vn -0.00392153871 -0.00392153871 0.999984621
vn 0.00392153871 -0.00392153871 0.999984621
vn 0.999992311 0.00392153847 -0
vn 0.999992311 0.00392153847 -0
vn 0.00392153871 0.00392153871 -0.999984621
vn -0.00392153871 0.00392153871 -0.999984621
vn -0.999992311 -0.00392153847 -0
vn -0.00392153871 0.00392153871 -0.999984621
vn -0.00392153871 -0.00392153871 -0.999984621
vn -0.999992311 0.00392153847 -0
vn -0.00392153871 0.00392153871 0.999984621
vn -0.00392153871 0.00392153871 0.999984621
vn 0.999992311 0.00392153847 -0
vn 0.999992311 0.00392153847 -0
vn -0.00392153871 -0.00392153871 -0.999984621
vn -0.00392153871 0.00392153871 -0.999984621
vn -0.999992311 0.00392153847 -0
vn -0.00392153871 -0.00392153871 -0.999984621
vn -0.00392153871 0.00392153871 -0.999984621
vn -0.999992311 -0.00392153847 -0
vn -0.00392153871 -0.00392153871 0.999984621
vn -0.00392153871 0.00392153871 0.999984621
vn 0.999992311 -0.00392153847 -0
vn 0.999992311 -0.00392153847 -0
vn -0.00392153871 0.00392153871 -0.999984621
vn -0.00392153871 -0.00392153871 -0.999984621
vn -0.999992311 0.00392153847 -0
vn -0.00392153871 0.00392153871 -0.999984621
vn -0.00392153871 0.00392153871 -0.999984621
vn -0.999992311 -0.00392153847 -0
vn -0.00392153871 -0.00392153871 0.999984621
vn -0.00392153871 0.00392153871 0.999984621
vn 0.999992311 -0.00392153847 -0
vn 0.999992311 0.00392153847 -0
vn -0.00392153871 0.00392153871 -0.999984621
vn -0.00392153871 0.00392153871 -0.999984621
vn -0.999992311 0.00392153847 -0
vn -0.00392153871 0.00392153871 -0.999984621
vn -0.00392153871 0.00392153871 -0.999984621
vn -0.999992311 0.00392153847 -0
vn -0.00392153871 0.00392153871 0.999984621
vn -0.00392153871 0.00392153871 0.999984621
vn 0.999992311 0.00392153847 -0
vn 0.999992311 0.00392153847 -0
vn -0.00392153871 0.00392153871 -0.999984621
vn -0.00392153871 0.00392153871 -0.999984621
vn -0.999992311 0.00392153847 -0
vn -0.00392153871 0.00392153871 -0.999984621
vn 0.00392153871 0.00392153871 -0.999984621
vn -0.999992311 0.00392153847 -0
vn 0.00392153871 0.00392153871 0.999984621
vn 0.00392153871 0.00392153871 0.999984621
vn 0.999992311 0.00392153847 -0
vn 0.999992311 0.00392153847 -0
vn 0.00392153871 0.00392153871 -0.999984621
vn -0.00392153871 0.00392153871 -0.999984621
vn -0.999992311 0.00392153847 -0
vn -0.00392153871 0.00392153871 -0.999984621
vn 0.00392153871 0.00392153871 -0.999984621
vn -0.999992311 0.00392153847 -0
vn -0.00392153871 0.00392153871 0.999984621
vn 0.00392153871 0.00392153871 0.999984621
vn 0.999992311 0.00392153847 -0
vn 0.999992311 0.00392153847 -0
vn 0.00392153871 0.00392153871 -0.999984621
vn -0.00392153871 0.00392153871 -0.999984621
vn -0.999992311 0.00392153847 -0
vn -0.00392153871 0.00392153871 -0.999984621
vn 0.00392153871 0.00392153871 -0.999984621
vn -0.999992311 0.00392153847 -0
vn -0.00392153871 0.00392153871 0.999984621
vn 0.00392153871 0.00392153871 0.999984621
vn 0.999992311 0.00392153847 -0
vn 0.999992311 0.00392153847 -0
vn 0.00392153871 0.00392153871 -0.999984621
vn -0.00392153871 0.00392153871 -0.999984621
vn -0.999992311 0.00392153847 -0
vn 0.00392153871 0.00392153871 -0.999984621
vn 0.00392153871 0.00392153871 -0.999984621
vn -0.999992311 0.00392153847 -0
vn 0.00392153871 0.00392153871 0.999984621
vn 0.00392153871 0.00392153871 0.999984621
vn 0.999992311 0.00392153847 -0
vn 0.999992311 0.00392153847 -0
vn 0.00392153871 0.00392153871 -0.999984621
vn 0.00392153871 0.00392153871 -0.999984621
vn -0.999992311 0.00392153847 -0
vn 0.00392153871 0.00392153871 -0.999984621
vn 0.00392153871 0.00392153871 -0.999984621
vn -0.999992311 0.00392153847 -0
vn 0.00392153871 0.00392153871 0.999984621
vn -0.00392153871 0.00392153871 0.999984621
vn 0.999992311 0.00392153847 -0
vn 0.999992311 0.00392153847 -0
vn 0.00392153871 0.00392153871 -0.999984621
vn 0.00392153871 0.00392153871 -0.999984621
vn -0.999992311 0.00392153847 -0
vn -0.00392153871 0.00392153871 -0.999984621
vn 0.00392153871 0.00392153871 -0.999984621
vn -0.999992311 0.00392153847 -0
vn -0.00392153871 0.00392153871 0.999984621
vn 0.00392153871 0.00392153871 0.999984621
vn 0.999992311 0.00392153847 -0
vn 0.999992311 0.00392153847 -0
vn 0.00392153871 0.00392153871 -0.999984621
vn -0.00392153871 0.00392153871 -0.999984621
vn -0.999992311 0.00392153847 -0
vn 0.00392153871 0.00392153871 -0.999984621
vn 0.00392153871 0.00392153871 -0.999984621
vn -0.999992311 0.00392153847 -0
vn 0.00392153871 0.00392153871 0.999984621
vn 0.00392153871 0.00392153871 0.999984621
vn 0.999992311 0.00392153847 -0
vn 0.999992311 0.00392153847 -0
vn 0.00392153871 0.00392153871 -0.999984621
vn 0.00392153871 0.00392153871 -0.999984621
vn -0.999992311 0.00392153847 -0
vn -0.00392153871 -0.00392153871 -0.999984621
vn -0.00392153871 0.00392153871 -0.999984621
vn -0.999992311 0.00392153847 -0
vn -0.00392153871 -0.00392153871 0.999984621
vn -0.00392153871 0.00392153871 0.999984621
vn 0.999992311 -0.00392153847 -0
vn 0.999992311 -0.00392153847 -0
vn -0.00392153871 0.00392153871 -0.999984621
vn -0.00392153871 -0.00392153871 -0.999984621
vn -0.999992311 0.00392153847 -0
vn 0.00392153871 0.00392153871 -0.999984621
vn 0.00392153871 0.00392153871 -0.999984621
vn -0.999992311 0.00392153847 -0
vn 0.00392153871 0.00392153871 0.999984621
vn 0.00392153871 0.00392153871 0.999984621
vn 0.999992311 0.00392153847 -0
vn 0.999992311 0.00392153847 -0
vn 0.00392153871 0.00392153871 -0.999984621
vn 0.00392153871 0.00392153871 -0.999984621
vn -0.999992311 0.00392153847 -0
vn 0.00392153871 0.00392153871 -0.999984621
vn 0.00392153871 0.00392153871 -0.999984621
vn -0.999992311 0.00392153847 -0
vn 0.00392153871 0.00392153871 0.999984621
vn 0.00392153871 0.00392153871 0.999984621
vn 0.999992311 0.00392153847 -0
vn 0.999992311 0.00392153847 -0
vn 0.00392153871 0.00392153871 -0.999984621
vn 0.00392153871 0.00392153871 -0.999984621
vn -0.990566226 0.137034853 -0
vn -0.0588230806 0.0117646161 -0.998199098
vn 0.0588230806 -0.0117646161 -0.998199098
vn -0.990566226 0.137034853 -0
vn 0.0588230806 -0.0117646161 0.998199098
vn -0.0588230806 0.0117646161 0.998199098
vn 0.990566226 -0.137034853 -0
vn 0.990566226 -0.137034853 -0
vn 0.0588230806 -0.0117646161 -0.998199098
vn -0.0588230806 0.0117646161 -0.998199098
vn -0.999992311 0.00392153847 -0
vn -0.999992311 0.00392153847 -0
vn -0.999992311 0.00392153847 -0
vn -0.999992311 0.00392153847 -0
vn -0.00392153871 0.00392153871 0.999984621
vn -0.00392153871 0.00392153871 0.999984621
vn -0.00392153871 0.00392153871 0.999984621
vn -0.00392153871 0.00392153871 0.999984621
vn 0.999992311 0.00392153847 -0
vn 0.999992311 0.00392153847 -0
vn 0.999992311 0.00392153847 -0
vn 0.999992311 0.00392153847 -0
vn -0.00392153871 0.00392153871 -0.999984621
vn -0.00392153871 0.00392153871 -0.999984621
vn -0.00392153871 0.00392153871 -0.999984621
vn -0.00392153871 0.00392153871 -0.999984621
vn -0.999992311 0.00392153847 -0
vn -0.999992311 0.00392153847 -0
vn -0.999992311 0.00392153847 -0
vn -0.999992311 0.00392153847 -0
vn -0.00392153871 -0.00392153871 0.999984621
vn -0.00392153871 -0.00392153871 0.999984621
vn -0.00392153871 -0.00392153871 0.999984621
vn -0.00392153871 -0.00392153871 0.999984621
vn 0.999992311 0.00392153847 -0
vn 0.999992311 0.00392153847 -0
vn 0.999992311 0.00392153847 -0
vn 0.999992311 0.00392153847 -0
vn -0.00392153871 0.00392153871 -0.999984621
vn -0.00392153871 0.00392153871 -0.999984621
vn -0.00392153871 0.00392153871 -0.999984621
vn -0.00392153871 0.00392153871 -0.999984621
vn -0.999992311 0.00392153847 -0
vn -0.00392153871 0.00392153871 -0.999984621
vn 0.00392153871 0.00392153871 -0.999984621
vn -0.999992311 0.00392153847 -0
vn -0.00392153871 0.00392153871 0.999984621
vn 0.00392153871 0.00392153871 0.999984621
vn 0.999992311 0.00392153847 -0
vn 0.999992311 0.00392153847 -0
vn 0.00392153871 0.00392153871 -0.999984621
vn -0.00392153871 0.00392153871 -0.999984621
vn -0.0274406433 0.999623435 -0
vn 0.999992311 -0.00392153847 -0
vn -0.00392153847 0.999992311 -0
vn 0.999992311 -0.00392153847 -0
vn -0.00392153847 -0.999992311 -0
vn 0.999992311 -0.00392153847 -0
vn 0.0430971754 0.999070885 -0
vn -0.0274406433 -0.999623435 -0
vn -0.999992311 -0.00392153847 -0
vn -0.999992311 -0.00392153847 -0
vn -0.999992311 -0.00392153847 -0
vn 0.0430971754 -0.999070885 -0
vn -0.999992311 -0.00392153847 -0
vn -0.0117638918 -0.999930803 -0
vn -0.999992311 -0.00392153847 -0
vn 0.999992311 -0.00392153847 -0
vn -0.0117638918 0.999930803 -0
vn 0.0274406433 -0.999623435 -0
vn 0.999992311 -0.00392153847 -0
vn 0.0274406433 0.999623435 -0
vn -0.058722022 0.998274373 -0
vn 0.992149293 -0.00392153871 -0.124997606
vn -0.058722022 -0.998274373 -0
vn -0.992149293 0.00392153871 0.124997606
vn -0.999992311 -0.00392153847 -0
vn -0.999992311 0.00392153847 -0
vn -0.00392153847 -0.999992311 -0
vn -0.0196040749 -0.999807822 -0
vn -0.999992311 0.00392153847 -0
vn 0.0352721557 -0.999377744 -0
vn -0.999992311 0.00392153847 -0
vn -0.0196040749 -0.999807822 -0
vn -0.992149293 0.00392153871 0.124997606
vn 0.0430971754 -0.999070885 -0
vn -0.984306216 0.00392153871 0.176425325
vn -0.0820750945 -0.996626148 -0
vn 0.325487713 0.890189287 -0.318780148
vn -0.325487713 0.890189287 0.318780148
vn -0.325487713 0.890189287 -0.318780148
vn 0.325487713 0.890189287 0.318780148
vn 0.999992311 0.00392153847 -0
vn 0.999992311 0.00392153847 -0
vn 0.999992311 0.00392153847 -0
vn 0.999992311 0.00392153847 -0
vn -0.00392153871 -0.00392153871 0.999984621
vn -0.00392153871 -0.00392153871 0.999984621
vn -0.00392153871 -0.00392153871 0.999984621
vn -0.00392153871 -0.00392153871 0.999984621
vn -0.999992311 0.00392153847 -0
vn -0.999992311 0.00392153847 -0
vn -0.999992311 0.00392153847 -0
vn -0.999992311 0.00392153847 -0
vn 0.00392153871 0.00392153871 -0.999984621
vn 0.00392153871 0.00392153871 -0.999984621
vn 0.00392153871 0.00392153871 -0.999984621
vn 0.00392153871 0.00392153871 -0.999984621
vn 0.00392153871 0.00392153871 -0.999984621
vn 0.00392153871 0.00392153871 -0.999984621
vn 0.00392153871 0.00392153871 -0.999984621
vn 0.00392153871 0.00392153871 -0.999984621
vn -0.00392153871 0.00392153871 0.999984621
vn -0.00392153871 0.00392153871 0.999984621
vn -0.00392153871 0.00392153871 0.999984621
vn -0.00392153871 0.00392153871 0.999984621
vn 0.00392153871 0.00392153871 -0.999984621
vn 0.999992311 0.00392153847 -0
vn 0.00392153871 0.00392153871 -0.999984621
vn 0.999992311 0.00392153847 -0
vn 0.00392153871 0.00392153871 0.999984621
vn 0.00392153871 0.00392153871 0.999984621
vn -0.999992311 0.00392153847 -0
vn -0.999992311 0.00392153847 -0
vn 0.00392153871 0.00392153871 -0.999984621
vn 0.00392153871 0.00392153871 -0.999984621
vn -0.999992311 0.00392153847 -0
vn -0.999992311 0.00392153847 -0
vn -0.999992311 0.00392153847 -0
vn -0.999992311 0.00392153847 -0
vn -0.999992311 0.00392153847 -0
vn -0.999992311 0.00392153847 -0
vn -0.999992311 0.00392153847 -0
vn -0.999992311 0.00392153847 -0
vn -0.999992311 0.00392153847 -0
vn -0.999992311 0.00392153847 -0
vn -0.999992311 0.00392153847 -0
vn -0.999992311 0.00392153847 -0
vn -0.00392153871 0.00392153871 0.999984621
vn -0.00392153871 0.00392153871 0.999984621
vn -0.00392153871 0.00392153871 0.999984621
vn -0.00392153871 0.00392153871 0.999984621
vn -0.999992311 0.00392153847 -0
vn -0.999992311 0.00392153847 -0
vn -0.999992311 0.00392153847 -0
vn -0.999992311 0.00392153847 -0
vn -0.00392153871 0.00392153871 -0.999984621
vn -0.00392153871 0.00392153871 -0.999984621
vn -0.00392153871 0.00392153871 -0.999984621
vn -0.00392153871 0.00392153871 -0.999984621
vn -0.00392153871 -0.992149293 0.124997606
vn -0.00392153871 -0.984306216 0.176425325
vn -0.00392153871 -0.984306216 0.176425325
vn -0.00392153871 -0.992149293 0.124997606
vn -0.00392153847 -0.999992311 -0
vn -0.00392153847 -0.999992311 -0
vn 0.435290797 0.780386203 -0.448909007
vn 0.325487713 0.890189287 0.318780148
vn 0.325487713 0.890189287 -0.318780148
vn 0.435290797 0.780386203 0.448909007
vn 0.325487713 0.890189287 -0.318780148
vn -0.435290797 0.780386203 -0.448909007
vn -0.325487713 0.890189287 -0.318780148
vn -0.325487713 0.890189287 0.318780148
vn -0.325487713 0.890189287 -0.318780148
vn -0.435290797 0.780386203 0.448909007
vn 0.325487713 0.890189287 0.318780148
vn 0.435290797 0.780386203 0.448909007
vn -0.325487713 0.890189287 0.318780148
vn 0.325487713 0.890189287 -0.318780148
vn -0.325487713 0.890189287 0.318780148
vn -0.325487713 0.890189287 -0.318780148
vn 0.325487713 0.890189287 0.318780148
vn 0.999992311 0.00392153847 -0
vn 0.999992311 0.00392153847 -0
vn 0.999992311 0.00392153847 -0
vn 0.999992311 0.00392153847 -0
vn -0.00392153871 -0.00392153871 0.999984621
vn -0.00392153871 -0.00392153871 0.999984621
vn -0.00392153871 -0.00392153871 0.999984621
vn -0.00392153871 -0.00392153871 0.999984621
vn -0.999992311 0.00392153847 -0
vn -0.999992311 0.00392153847 -0
vn -0.999992311 0.00392153847 -0
vn -0.999992311 0.00392153847 -0
vn 0.00392153871 0.00392153871 -0.999984621
vn 0.00392153871 0.00392153871 -0.999984621
vn -0.00392153871 0.00392153871 -0.999984621
vn 0.00392153871 0.00392153871 -0.999984621
vn -0.00392153871 0.00392153871 -0.999984621
vn -0.00392153871 0.00392153871 -0.999984621
vn -0.00392153871 0.00392153871 -0.999984621
vn -0.00392153871 0.00392153871 -0.999984621
vn 0.435290797 0.780386203 -0.448909007
vn 0.325487713 0.890189287 0.318780148
vn 0.325487713 0.890189287 -0.318780148
vn 0.435290797 0.780386203 0.448909007
vn 0.325487713 0.890189287 -0.318780148
vn -0.435290797 0.780386203 -0.448909007
vn -0.325487713 0.890189287 -0.318780148
vn -0.435290797 0.780386203 0.448909007
vn 0.325487713 0.890189287 0.318780148
vn -0.325487713 0.890189287 0.318780148
vn -0.435290797 0.780386203 -0.448909007
vn -0.325487713 0.890189287 0.318780148
vn -0.325487713 0.890189287 -0.318780148
vn 0.00392153871 0.00392153871 -0.999984621
vn 0.999992311 -0.00392153847 -0
vn 0.00392153871 0.00392153871 -0.999984621
vn 0.999992311 -0.00392153847 -0
vn 0.999992311 -0.00392153847 -0
vn 0.00392153871 -0.00392153871 0.999984621
vn 0.999992311 -0.00392153847 -0
vn 0.00392153871 -0.00392153871 0.999984621
vn -0.999992311 0.00392153847 -0
vn -0.999992311 -0.00392153847 -0
vn 0.00392153871 0.00392153871 -0.999984621
vn 0.00392153871 0.00392153871 -0.999984621
vn 0.00392153871 0.00392153871 -0.999984621
vn 0.999992311 0.00392153847 -0
vn -0.00392153871 0.00392153871 -0.999984621
vn 0.999992311 0.00392153847 -0
vn 0.00392153871 0.00392153871 0.999984621
vn -0.00392153871 0.00392153871 0.999984621
vn -0.00392153871 0.00392153871 0.999984621
vn -0.999992311 0.00392153847 -0
vn 0.00392153871 0.00392153871 0.999984621
vn -0.999992311 0.00392153847 -0
vn -0.00392153871 0.00392153871 -0.999984621
vn 0.00392153871 0.00392153871 -0.999984621
vn 0.00392153871 0.00392153871 -0.999984621
vn 0.999992311 0.00392153847 -0
vn -0.00392153871 0.00392153871 -0.999984621
vn 0.999992311 -0.00392153847 -0
vn 0.00392153871 -0.00392153871 0.999984621
vn 0.00392153871 -0.00392153871 0.999984621
vn 0.00392153871 -0.00392153871 0.999984621
vn -0.999992311 -0.00392153847 -0
vn 0.00392153871 -0.00392153871 0.999984621
vn -0.999992311 0.00392153847 -0
vn -0.00392153871 0.00392153871 -0.999984621
vn 0.00392153871 0.00392153871 -0.999984621
vn 0.00392153871 0.00392153871 -0.999984621
vn 0.999992311 -0.00392153847 -0
vn -0.00392153871 0.00392153871 -0.999984621
vn 0.999992311 0.00392153847 -0
vn 0.00392153871 -0.00392153871 0.999984621
vn -0.00392153871 0.00392153871 0.999984621
vn -0.999992311 -0.00392153847 -0
vn -0.999992311 0.00392153847 -0
vn -0.999992311 0.00392153847 -0
vn -0.00392153871 0.00392153871 -0.999984621
vn -0.999992311 -0.00392153847 -0
vn 0.00392153871 0.00392153871 -0.999984621
vn 0.00392153871 0.00392153871 -0.999984621
vn 0.999992311 0.00392153847 -0
vn -0.00392153871 -0.00392153871 -0.999984621
vn 0.999992311 -0.00392153847 -0
vn -0.00392153871 -0.00392153871 0.999984621
vn -0.00392153871 -0.00392153871 0.999984621
vn -0.999992311 -0.00392153847 -0
vn -0.999992311 0.00392153847 -0
vn -0.00392153871 -0.00392153871 -0.999984621
vn 0.00392153871 0.00392153871 -0.999984621
vn 0.00392153871 0.00392153871 -0.999984621
vn 0.999992311 0.00392153847 -0
vn -0.00392153871 0.00392153871 -0.999984621
vn 0.999992311 0.00392153847 -0
vn 0.00392153871 0.00392153871 0.999984621
vn -0.00392153871 0.00392153871 0.999984621
vn -0.999992311 0.00392153847 -0
vn -0.999992311 0.00392153847 -0
vn -0.00392153871 0.00392153871 -0.999984621
vn 0.00392153871 0.00392153871 -0.999984621
vn 0.00392153871 0.00392153871 -0.999984621
vn 0.999992311 0.00392153847 -0
vn 0.00392153871 0.00392153871 -0.999984621
vn 0.999992311 0.00392153847 -0
vn -0.00392153871 0.00392153871 0.999984621
vn 0.00392153871 0.00392153871 0.999984621
vn -0.999992311 0.00392153847 -0
vn -0.999992311 0.00392153847 -0
vn 0.00392153871 0.00392153871 -0.999984621
vn 0.00392153871 0.00392153871 -0.999984621
vn 0.00392153871 0.00392153871 -0.999984621
vn 0.999992311 0.00392153847 -0
vn -0.00392153871 0.00392153871 -0.999984621
vn 0.999992311 0.00392153847 -0
vn 0.00392153871 0.00392153871 0.999984621
vn -0.00392153871 0.00392153871 0.999984621
vn -0.999992311 0.00392153847 -0
vn -0.999992311 0.00392153847 -0
vn -0.00392153871 0.00392153871 -0.999984621
vn 0.00392153871 0.00392153871 -0.999984621
vn 0.00392153871 0.00392153871 -0.999984621
vn 0.999992311 0.00392153847 -0
vn -0.00392153871 0.00392153871 -0.999984621
vn 0.999992311 0.00392153847 -0
vn 0.00392153871 0.00392153871 0.999984621
vn -0.00392153871 0.00392153871 0.999984621
vn -0.999992311 0.00392153847 -0
vn -0.999992311 0.00392153847 -0
vn -0.00392153871 0.00392153871 -0.999984621
vn 0.00392153871 0.00392153871 -0.999984621
vn 0.00392153871 0.00392153871 -0.999984621
vn 0.999992311 0.00392153847 -0
vn -0.00392153871 0.00392153871 -0.999984621
vn 0.999992311 0.00392153847 -0
vn 0.00392153871 0.00392153871 0.999984621
vn -0.00392153871 0.00392153871 0.999984621
vn -0.999992311 0.00392153847 -0
vn -0.999992311 0.00392153847 -0
vn -0.00392153871 0.00392153871 -0.999984621
vn 0.00392153871 0.00392153871 -0.999984621
vn -0.0431369258 0.00392153871 -0.999061473
vn 0.992149293 -0.0901953903 0.0866289305
vn 0.0431369258 -0.00392153871 -0.999061473
vn 0.992149293 -0.0901953903 0.0866289305
vn 0.0431369258 -0.00392153871 0.999061473
vn -0.0431369258 0.00392153871 0.999061473
vn -0.992149293 0.0901953903 0.0866289305
vn -0.992149293 0.0901953903 0.0866289305
vn 0.0431369258 -0.00392153871 -0.999061473
vn -0.0431369258 0.00392153871 -0.999061473
vn -0.00392153871 0.00392153871 -0.999984621
vn 0.999992311 0.00392153847 -0
vn -0.00392153871 0.00392153871 -0.999984621
vn 0.999992311 0.00392153847 -0
vn -0.00392153871 0.00392153871 0.999984621
vn -0.00392153871 0.00392153871 0.999984621
vn -0.999992311 0.00392153847 -0
vn -0.999992311 0.00392153847 -0
vn -0.00392153871 0.00392153871 -0.999984621
vn -0.00392153871 0.00392153871 -0.999984621
vn 0.00392153871 0.00392153871 -0.999984621
vn 0.999992311 0.00392153847 -0
vn -0.00392153871 0.00392153871 -0.999984621
vn 0.999992311 0.00392153847 -0
vn 0.00392153871 0.00392153871 0.999984621
vn -0.00392153871 0.00392153871 0.999984621
vn -0.999992311 0.00392153847 -0
vn -0.999992311 0.00392153847 -0
vn -0.00392153871 0.00392153871 -0.999984621
vn 0.00392153871 0.00392153871 -0.999984621
vn -0.00392153871 0.00392153871 -0.999984621
vn 0.999992311 0.00392153847 -0
vn -0.00392153871 0.00392153871 -0.999984621
vn 0.999992311 0.00392153847 -0
vn -0.00392153871 0.00392153871 0.999984621
vn -0.00392153871 0.00392153871 0.999984621
vn -0.999992311 0.00392153847 -0
vn -0.999992311 0.00392153847 -0
vn -0.00392153871 0.00392153871 -0.999984621
vn -0.00392153871 0.00392153871 -0.999984621
vn -0.0980384677 0.0196076935 -0.994989446
vn 0.97646308 -0.215684616 -0
vn 0.0980384677 -0.0196076935 -0.994989446
vn 0.97646308 -0.215684616 -0
vn 0.0980384677 -0.0196076935 0.994989446
vn -0.0980384677 0.0196076935 0.994989446
vn -0.97646308 0.215684616 -0
vn -0.97646308 0.215684616 -0
vn 0.0980384677 -0.0196076935 -0.994989446
vn -0.0980384677 0.0196076935 -0.994989446
vn -0.0745092355 0.0117646161 -0.997150925
vn 0.984306216 -0.160783087 0.0727328847
vn 0.0745092355 -0.0117646161 -0.997150925
vn 0.984306216 -0.160783087 0.0727328847
vn 0.0745092355 -0.0117646161 0.997150925
vn -0.0745092355 0.0117646161 0.997150925
vn -0.984306216 0.160783087 0.0727328847
vn -0.984306216 0.160783087 0.0727328847
vn 0.0745092355 -0.0117646161 -0.997150925
vn -0.0745092355 0.0117646161 -0.997150925
vn -0.00392153871 0.00392153871 -0.999984621
vn 0.999930803 -0.0117638918 -0
vn 0.00392153871 -0.00392153871 -0.999984621
vn 0.999930803 -0.0117638918 -0
vn 0.00392153871 -0.00392153871 0.999984621
vn -0.00392153871 0.00392153871 0.999984621
vn -0.999930803 0.0117638918 -0
vn -0.999930803 0.0117638918 -0
vn 0.00392153871 -0.00392153871 -0.999984621
vn -0.00392153871 0.00392153871 -0.999984621
vn -0.00392153871 0.00392153871 0.999984621
vn -0.00392153871 0.00392153871 0.999984621
vn -0.00392153871 0.00392153871 0.999984621
vn -0.00392153871 0.00392153871 0.999984621
vn 0.999992311 0.00392153847 -0
vn 0.999992311 0.00392153847 -0
vn 0.999992311 0.00392153847 -0
vn 0.999992311 0.00392153847 -0
vn -0.00392153871 0.00392153871 -0.999984621
vn -0.00392153871 0.00392153871 -0.999984621
vn -0.00392153871 0.00392153871 -0.999984621
vn -0.00392153871 0.00392153871 -0.999984621
vn 0.999992311 0.00392153847 -0
vn 0.999992311 0.00392153847 -0
vn 0.999992311 0.00392153847 -0
vn 0.999992311 0.00392153847 -0
vn -0.00392153871 -0.00392153871 0.999984621
vn -0.00392153871 -0.00392153871 0.999984621
vn -0.00392153871 -0.00392153871 0.999984621
vn -0.00392153871 -0.00392153871 0.999984621
vn -0.999992311 0.00392153847 -0
vn -0.999992311 0.00392153847 -0
vn -0.999992311 0.00392153847 -0
vn -0.999992311 0.00392153847 -0
vn -0.00392153871 0.00392153871 -0.999984621
vn -0.00392153871 0.00392153871 -0.999984621
vn -0.00392153871 0.00392153871 -0.999984621
vn -0.00392153871 0.00392153871 -0.999984621
vn 0.00392153871 0.00392153871 -0.999984621
vn 0.999992311 0.00392153847 -0
vn -0.00392153871 0.00392153871 -0.999984621
vn 0.999992311 0.00392153847 -0
vn 0.00392153871 0.00392153871 0.999984621
vn -0.00392153871 0.00392153871 0.999984621
vn -0.999992311 0.00392153847 -0
vn -0.999992311 0.00392153847 -0
vn -0.00392153871 0.00392153871 -0.999984621
vn 0.00392153871 0.00392153871 -0.999984621
vn -0.999992311 0.00392153847 -0
vn 0.00392153847 0.999992311 -0
vn 0.00392153847 0.999992311 -0
vn -0.999992311 0.00392153847 -0
vn 0.00392153847 0.999992311 -0
vn -0.00392153847 -0.999992311 -0
vn -0.999930803 0.0117638918 -0
vn -0.00392153847 0.999992311 -0
vn -0.999623435 -0.0274406433 -0
vn 0.00392153847 -0.999992311 -0
vn 0.999992311 -0.00392153847 -0
vn 0.999992311 0.00392153847 -0
vn 0.00392153847 -0.999992311 -0
vn -0.00392153847 -0.999992311 -0
vn 0.999930803 0.0117638918 -0
vn 0.999623435 -0.0274406433 -0
vn 0.999992311 0.00392153847 -0
vn 0.999992311 0.00392153847 -0
vn 0.999992311 0.00392153847 -0
vn 0.999992311 0.00392153847 -0
vn 0.992149293 -0.0117646161 0.124504513
vn 0.992149293 -0.0117646161 0.124504513
vn 0.960776984 -0.027450771 0.27596022
vn 0.960776984 -0.027450771 0.27596022
vn 0.999377744 0.0352721557 -0
vn 0.129339184 0.991600411 -0
vn 0.984306216 0.137253855 0.110917325
vn -0.0430971754 0.999070885 -0
vn 0.999992311 -0.00392153847 -0
vn 0.0196040749 0.999807822 -0
vn 0.999992311 -0.00392153847 -0
vn 0.00392153847 0.999992311 -0
vn 0.999992311 -0.00392153847 -0
vn 0.00392153847 0.999992311 -0
vn 0.00392153847 0.999992311 -0
vn 0.999992311 -0.00392153847 -0
vn 0.137253855 -0.984306216 0.110917325
vn 0.999377744 0.0352721557 -0
vn 0.984306216 0.137253855 0.110917325
vn -0.0430971754 -0.999070885 -0
vn 0.999992311 -0.00392153847 -0
vn -0.999807822 0.0196040749 -0
vn -0.992149293 0.0823523129 -0.0941162929
vn 0.0117638918 -0.999930803 -0
vn 0.999992311 -0.00392153847 -0
vn -0.0430971754 0.999070885 -0
vn 0.129339184 0.991600411 -0
vn 0.0196040749 0.999807822 -0
vn -0.999992311 0.00392153847 -0
vn -0.999992311 0.00392153847 -0
vn 0.00392153847 0.999992311 -0
vn 0.00392153847 -0.999992311 -0
vn 0.999992311 -0.00392153847 -0
vn -0.999992311 0.00392153847 -0
vn 0.00392153847 0.999992311 -0
vn 0.00392153847 -0.999992311 -0
vn 0.999992311 -0.00392153847 -0
vn -0.00392153847 -0.999992311 -0
vn -0.999992311 0.00392153847 -0
vn 0.00392153847 0.999992311 -0
vn 0.999992311 0.00392153847 -0
vn 0.992149293 0.00392153871 0.124997606
vn 0.992149293 0.00392153871 0.124997606
vn 0.999992311 0.00392153847 -0
vn 0.999992311 0.00392153847 -0
vn 0.999992311 0.00392153847 -0
vn 0.999992311 0.00392153847 -0
vn 0.999992311 0.00392153847 -0
vn -0.999992311 0.00392153847 -0
vn -0.999992311 0.00392153847 -0
vn -0.999992311 0.00392153847 -0
vn -0.999992311 0.00392153847 -0
vn 0.999992311 0.00392153847 -0
vn 0.999992311 0.00392153847 -0
vn 0.999992311 0.00392153847 -0
vn 0.999992311 0.00392153847 -0
vn -0.999992311 0.00392153847 -0
vn -0.992149293 0.00392153871 -0.124997606
vn -0.992149293 0.00392153871 -0.124997606
vn -0.999992311 0.00392153847 -0
vn -0.999992311 0.00392153847 -0
vn -0.999992311 0.00392153847 -0
vn -0.999992311 0.00392153847 -0
vn -0.999992311 0.00392153847 -0
vn 0.968620061 0.00392153871 -0.248515189
vn 0.968620061 0.00392153871 -0.248515189
vn 0.968620061 0.00392153871 -0.248515189
vn 0.968620061 0.00392153871 -0.248515189
vn -0.999992311 -0.00392153847 -0
vn -0.992149293 0.00392153871 0.124997606
vn -0.058722022 0.998274373 -0
vn 0.0274406433 0.999623435 -0
vn -0.0117638918 0.999930803 -0
vn -0.999992311 -0.00392153847 -0
vn -0.999992311 -0.00392153847 -0
vn 0.0430971754 0.999070885 -0
vn -0.999992311 -0.00392153847 -0
vn -0.0274406433 0.999623435 -0
vn -0.999992311 -0.00392153847 -0
vn -0.00392153847 0.999992311 -0
vn -0.999992311 0.00392153847 -0
vn -0.999992311 0.00392153847 -0
vn -0.999992311 0.00392153847 -0
vn -0.999992311 0.00392153847 -0
vn -0.992149293 -0.0117646161 -0.124504513
vn -0.992149293 -0.0117646161 -0.124504513
vn -0.960776984 -0.0196076935 -0.276628137
vn -0.960776984 -0.0196076935 -0.276628137
vn -0.00392153871 -0.992149293 -0.124997606
vn -0.00392153847 -0.999992311 -0
vn -0.00392153871 -0.992149293 -0.124997606
vn -0.00392153871 -0.992149293 -0.124997606
vn -0.00392153847 -0.999992311 -0
vn -0.00392153847 -0.999992311 -0
vn 0.00392153847 -0.999992311 -0
vn 0.00392153847 -0.999992311 -0
vn 0.00392153847 -0.999992311 -0
vn -0.00392153847 -0.999992311 -0
vn -0.00392153847 -0.999992311 -0
vn -0.00392153847 -0.999992311 -0
vn -0.999992311 0.00392153847 -0
vn -0.999992311 0.00392153847 -0
vn -0.999992311 0.00392153847 -0
vn -0.999992311 0.00392153847 -0
vn 0.999992311 0.00392153847 -0
vn 0.999992311 0.00392153847 -0
vn 0.999992311 0.00392153847 -0
vn 0.999992311 0.00392153847 -0
vn -0.997785158 -0.0665190105 -0
vn -0.997785158 -0.0665190105 -0
vn -0.997785158 -0.0665190105 -0
vn -0.997785158 -0.0665190105 -0
vn 0.997785158 0.0665190105 -0
vn 0.997785158 0.0665190105 -0
vn 0.997785158 0.0665190105 -0
vn 0.997785158 0.0665190105 -0
vn -0.00392153871 0.992149293 -0.124997606
vn -0.00392153847 0.999992311 -0
vn -0.00392153847 0.999992311 -0
vn -0.00392153871 0.992149293 -0.124997606
vn -0.00392153871 0.984306216 -0.176425325
vn -0.00392153871 0.984306216 -0.176425325
vn -0.968620061 0.00392153871 0.248515189
vn -0.968620061 0.00392153871 0.248515189
vn -0.968620061 0.00392153871 0.248515189
vn -0.968620061 0.00392153871 0.248515189
vn -0.0820750945 0.996626148 -0
vn -0.992149293 0.00392153871 0.124997606
vn -0.984306216 0.00392153871 0.176425325
vn 0.0430971754 0.999070885 -0
vn 0.984306216 0.00392153871 -0.176425325
vn -0.999992311 0.00392153847 -0
vn 0.999992311 0.00392153847 -0
vn -0.0820750945 -0.996626148 -0
vn 0.0430971754 -0.999070885 -0
vn -0.0196040749 0.999807822 -0
vn -0.999992311 0.00392153847 -0
vn 0.999992311 0.00392153847 -0
vn -0.0196040749 -0.999807822 -0
vn 0.0352721557 0.999377744 -0
vn -0.999992311 -0.00392153847 -0
vn 0.999992311 0.00392153847 -0
vn 0.0352721557 -0.999377744 -0
vn -0.0196040749 0.999807822 -0
vn -0.999992311 0.00392153847 -0
vn -0.00392153847 0.999992311 -0
vn 0.999992311 0.00392153847 -0
vn 0.999992311 -0.00392153847 -0
vn -0.0196040749 -0.999807822 -0
vn -0.00392153847 -0.999992311 -0
vn 0.00392153847 0.999992311 -0
vn 0.00392153847 0.999992311 -0
vn 0.00392153847 0.999992311 -0
vn 0.00392153847 0.999992311 -0
vn 0.00392153871 0.984306216 -0.176425325
vn 0.00392153871 0.984306216 -0.176425325
vn 0.00392153847 0.999992311 -0
vn 0.00392153847 0.999992311 -0
vn 0.00392153871 0.960776984 0.277294445
vn 0.00392153871 0.960776984 0.277294445
vn -0.999992311 0.00392153847 -0
vn -0.999992311 0.00392153847 -0
vn -0.999992311 0.00392153847 -0
vn -0.999992311 0.00392153847 -0
vn 0.999992311 0.00392153847 -0
vn 0.999992311 0.00392153847 -0
vn 0.999992311 0.00392153847 -0
vn 0.999992311 0.00392153847 -0
vn 0.00392153847 -0.999992311 -0
vn 0.00392153847 -0.999992311 -0
vn 0.00392153847 -0.999992311 -0
vn 0.00392153847 -0.999992311 -0
vn -0.00392153847 -0.999992311 -0
vn -0.00392153847 -0.999992311 -0
vn -0.00392153847 -0.999992311 -0
vn -0.00392153847 -0.999992311 -0
vn 0.999992311 0.00392153847 -0
vn 0.999992311 0.00392153847 -0
vn 0.999992311 0.00392153847 -0
vn 0.999992311 0.00392153847 -0
vn 0.999992311 0.00392153847 -0
vn 0.999992311 0.00392153847 -0
vn -0.00392153847 0.999992311 -0
vn -0.00392153847 0.999992311 -0
vn -0.00392153847 0.999992311 -0
vn -0.00392153847 0.999992311 -0
vn -0.00392153847 0.999992311 -0
vn -0.00392153847 0.999992311 -0
vn -0.00392153847 0.999992311 -0
vn -0.00392153847 0.999992311 -0
vn -0.984306216 0.00392153871 -0.176425325
vn -0.984306216 0.00392153871 -0.176425325
vn -0.984306216 0.00392153871 -0.176425325
vn -0.984306216 0.00392153871 -0.176425325
vn 0.984306216 0.00392153871 0.176425325
vn 0.984306216 0.00392153871 0.176425325
vn 0.984306216 0.00392153871 0.176425325
vn 0.984306216 0.00392153871 0.176425325
vn -0.00392153847 -0.999992311 -0
vn -0.00392153847 -0.999992311 -0
vn -0.00392153847 -0.999992311 -0
vn -0.00392153847 -0.999992311 -0
vn -0.00392153847 -0.999992311 -0
vn -0.00392153847 -0.999992311 -0
vn -0.00392153847 -0.999992311 -0
vn -0.00392153847 -0.999992311 -0
vn 0.999992311 0.00392153847 -0
vn 0.999992311 0.00392153847 -0
vn 0.999992311 0.00392153847 -0
vn 0.999992311 0.00392153847 -0
vn 0.999992311 0.00392153847 -0
vn 0.999992311 0.00392153847 -0
vn -0.00392153847 0.999992311 -0
vn -0.00392153847 0.999992311 -0
vn -0.00392153847 0.999992311 -0
vn -0.00392153847 0.999992311 -0
vn -0.00392153847 0.999992311 -0
vn -0.00392153847 0.999992311 -0
vn -0.00392153847 0.999992311 -0
vn -0.00392153847 0.999992311 -0
vn -0.992149293 0.00392153871 -0.124997606
vn -0.992149293 0.00392153871 -0.124997606
vn -0.992149293 0.00392153871 -0.124997606
vn -0.992149293 0.00392153871 -0.124997606
vn 0.992149293 0.00392153871 0.124997606
vn 0.992149293 0.00392153871 0.124997606
vn 0.992149293 0.00392153871 0.124997606
vn 0.992149293 0.00392153871 0.124997606
vn -0.984306216 0.00392153871 0.176425325
vn -0.984306216 0.00392153871 0.176425325
vn -0.984306216 0.00392153871 0.176425325
vn -0.984306216 0.00392153871 0.176425325
vn -0.00392153871 -0.968620061 0.248515189
vn -0.00392153871 -0.968620061 0.248515189
vn -0.00392153871 -0.968620061 0.248515189
vn -0.00392153871 -0.968620061 0.248515189
vn 0.984306216 0.00392153871 -0.176425325
vn 0.984306216 0.00392153871 -0.176425325
vn 0.984306216 0.00392153871 -0.176425325
vn 0.984306216 0.00392153871 -0.176425325
vn -0.00392153871 0.968620061 -0.248515189
vn -0.00392153871 0.968620061 -0.248515189
vn -0.00392153871 0.968620061 -0.248515189
vn -0.00392153871 0.968620061 -0.248515189
vn -0.00392153847 0.999992311 -0
vn 0.00392153847 0.999992311 -0
vn -0.00392153847 0.999992311 -0
vn 0.00392153847 0.999992311 -0
vn 0.00392153847 0.999992311 -0
vn 0.00392153847 0.999992311 -0
vn 0.00392153847 0.999992311 -0
vn 0.00392153847 0.999992311 -0
vn 0.00392153847 0.999992311 -0
vn 0.00392153847 0.999992311 -0
vn -0.992149293 0.00392153871 0.124997606
vn -0.992149293 0.00392153871 0.124997606
vn -0.992149293 0.00392153871 0.124997606
vn -0.992149293 0.00392153871 0.124997606
vn 0.992149293 0.00392153871 -0.124997606
vn 0.992149293 0.00392153871 -0.124997606
vn 0.992149293 0.00392153871 -0.124997606
vn 0.992149293 0.00392153871 -0.124997606
vn -0.00392153847 -0.999992311 -0
vn -0.00392153847 -0.999992311 -0
vn -0.00392153847 -0.999992311 -0
vn -0.00392153847 -0.999992311 -0
vn -0.999992311 0.00392153847 -0
vn -0.999992311 0.00392153847 -0
vn -0.999992311 0.00392153847 -0
vn -0.999992311 0.00392153847 -0
vn 0.999992311 0.00392153847 -0
vn 0.999992311 0.00392153847 -0
vn 0.999992311 0.00392153847 -0
vn 0.999992311 0.00392153847 -0
vn 0.00392153847 0.999992311 -0
vn 0.00392153847 0.999992311 -0
vn 0.00392153847 0.999992311 -0
vn 0.00392153847 0.999992311 -0
vn -0.00392153847 -0.999992311 -0
vn -0.00392153847 -0.999992311 -0
vn -0.00392153847 -0.999992311 -0
vn -0.00392153847 -0.999992311 -0
vn -0.992149293 0.00392153871 0.124997606
vn -0.992149293 0.00392153871 0.124997606
vn -0.992149293 0.00392153871 0.124997606
vn -0.992149293 0.00392153871 0.124997606
vn 0.992149293 0.00392153871 -0.124997606
vn 0.992149293 0.00392153871 -0.124997606
vn 0.992149293 0.00392153871 -0.124997606
vn 0.992149293 0.00392153871 -0.124997606
vn -0.00392153847 0.999992311 -0
vn -0.00392153847 0.999992311 -0
vn -0.00392153847 0.999992311 -0
vn -0.00392153847 0.999992311 -0
vn 0.00392153847 0.999992311 -0
vn 0.00392153847 0.999992311 -0
vn -0.00392153847 0.999992311 -0
vn -0.00392153847 0.999992311 -0
vn -0.00392153847 -0.999992311 -0
vn -0.00392153847 -0.999992311 -0
vn -0.00392153847 -0.999992311 -0
vn -0.00392153847 -0.999992311 -0
vn -0.999992311 0.00392153847 -0
vn -0.999992311 0.00392153847 -0
vn -0.999992311 0.00392153847 -0
vn -0.999992311 0.00392153847 -0
vn 0.999992311 0.00392153847 -0
vn 0.999992311 0.00392153847 -0
vn 0.999992311 0.00392153847 -0
vn 0.999992311 0.00392153847 -0
vn -0.00392153847 0.999992311 -0
vn -0.00392153847 0.999992311 -0
vn -0.00392153847 0.999992311 -0
vn -0.00392153847 0.999992311 -0
vn -0.00392153847 -0.999992311 -0
vn -0.00392153847 -0.999992311 -0
vn -0.00392153847 -0.999992311 -0
vn -0.00392153847 -0.999992311 -0
vn -0.999992311 0.00392153847 -0
vn -0.999992311 0.00392153847 -0
vn -0.999992311 0.00392153847 -0
vn -0.999992311 0.00392153847 -0
vn 0.999992311 0.00392153847 -0
vn 0.999992311 0.00392153847 -0
vn 0.999992311 0.00392153847 -0
vn 0.999992311 0.00392153847 -0
vn -0.992149293 0.00392153871 -0.124997606
vn -0.992149293 0.00392153871 -0.124997606
vn -0.992149293 0.00392153871 -0.124997606
vn -0.992149293 0.00392153871 -0.124997606
vn 0.992149293 0.00392153871 0.124997606
vn 0.992149293 0.00392153871 0.124997606
vn 0.992149293 0.00392153871 0.124997606
vn 0.992149293 0.00392153871 0.124997606
vn -0.937247751 -0.223527706 0.267585533
vn -0.937247751 -0.223527706 0.267585533
vn -0.937247751 -0.223527706 0.267585533
vn -0.937247751 -0.223527706 0.267585533
vn -0.913718519 -0.0117646161 -0.406177377
vn -0.913718519 -0.0117646161 -0.406177377
vn -0.913718519 -0.0117646161 -0.406177377
vn -0.913718519 -0.0117646161 -0.406177377
vn -0.662740042 0.1215677 -0.738916052
vn -0.662740042 0.1215677 -0.738916052
vn -0.662740042 0.1215677 -0.738916052
vn -0.662740042 0.1215677 -0.738916052
vn -0.160783087 0.254900016 -0.953506571
vn -0.160783087 0.254900016 -0.953506571
vn -0.160783087 0.254900016 -0.953506571
vn -0.160783087 0.254900016 -0.953506571
vn -0.294115403 0.231370784 -0.927342272
vn -0.294115403 0.231370784 -0.927342272
vn -0.294115403 0.231370784 -0.927342272
vn -0.294115403 0.231370784 -0.927342272
vn 0.749013893 0.286272326 -0.597516814
vn 0.976463138 0.176469242 -0.12400946
vn 0.976463138 0.176469242 -0.12400946
vn 0.749013893 0.286272326 -0.597516814
vn -0.137253855 0.952933906 0.270330076
vn -0.137253855 0.952933906 0.270330076
vn -0.137253855 0.952933906 0.270330076
vn -0.137253855 0.952933906 0.270330076
vn -0.137253855 0.952933906 0.270330076
vn -0.137253855 0.952933906 0.270330076
vn -0.137253855 0.952933906 0.270330076
vn -0.137253855 0.952933906 0.270330076
vn -0.137253855 0.952933906 0.270330076
vn -0.137253855 0.952933906 0.270330076
vn -0.137253855 0.952933906 0.270330076
vn -0.137253855 0.952933906 0.270330076
vn -0.137253855 0.952933906 0.270330076
vn -0.137253855 0.952933906 0.270330076
vn -0.137253855 0.952933906 0.270330076
vn -0.482349261 -0.309801558 0.819366942
vn -0.380389255 -0.309801558 0.871393717
vn -0.380389255 -0.309801558 0.871393717
vn -0.474506184 -0.309801558 0.823933782
vn 0.725484661 -0.0980384677 0.681219836
vn 0.725484661 -0.0980384677 0.681219836
vn 0.709798506 -0.0980384677 0.697548951
vn 0.709798506 -0.0980384677 0.697548951
vn 0.796072358 -0.0588230806 0.602335991
vn 0.796072358 -0.0588230806 0.602335991
vn 0.278429248 -0.231370784 0.932172041
vn 0.278429248 -0.231370784 0.932172041
vn -0.380389255 -0.309801558 0.871393717
vn -0.380389255 -0.309801558 0.871393717
vn -0.474506184 -0.309801558 0.823933782
vn -0.482349261 -0.309801558 0.819366942
vn 0.976463138 0.176469242 -0.12400946
vn 0.976463138 0.176469242 -0.12400946
vn 0.725484661 -0.0980384677 0.681219836
vn 0.725484661 -0.0980384677 0.681219836
vn -0.00392153847 -0.999992311 -0
vn -0.00392153847 -0.999992311 -0
vn -0.00392153847 -0.999992311 -0
vn -0.00392153847 -0.999992311 -0
vn -0.00392153871 -0.984306216 0.176425325
vn -0.00392153871 -0.984306216 0.176425325
vn -0.00392153847 -0.999992311 -0
vn -0.00392153847 -0.999992311 -0
vn -0.00392153871 -0.960776984 -0.277294445
vn -0.00392153871 -0.960776984 -0.277294445
vn -0.999992311 -0.00392153847 -0
vn -0.999992311 -0.00392153847 -0
vn -0.999992311 -0.00392153847 -0
vn -0.999992311 -0.00392153847 -0
vn -0.999992311 -0.00392153847 -0
vn -0.999992311 -0.00392153847 -0
vn -0.999992311 0.00392153847 -0
vn -0.999992311 0.00392153847 -0
vn -0.999992311 0.00392153847 -0
vn -0.999992311 0.00392153847 -0
vn -0.999992311 0.00392153847 -0
vn -0.999992311 0.00392153847 -0
vn -0.999992311 0.00392153847 -0
vn -0.999992311 0.00392153847 -0
vn -0.999992311 0.00392153847 -0
vn 0.678426197 0.639210809 -0.362142841
vn 0.678426197 0.639210809 -0.362142841
vn 0.678426197 0.639210809 -0.362142841
vn 0.678426197 0.639210809 -0.362142841
vn 0.466663106 0.349016945 -0.812657811
vn 0.466663106 0.349016945 -0.812657811
vn 0.466663106 0.349016945 -0.812657811
vn 0.466663106 0.349016945 -0.812657811
vn 0.999807822 0.0196040749 -0
vn 0.999992311 0.00392153847 -0
vn 0.999992311 0.00392153847 -0
vn 0.999377744 0.0352721557 -0
vn 0.998703027 0.050914272 -0
vn 0.998703027 0.050914272 -0
vn -0.866660055 0.450976951 -0.213354492
vn -0.866660055 0.450976951 -0.213354492
vn -0.866660055 0.450976951 -0.213354492
vn -0.866660055 0.450976951 -0.213354492
vn 0.00392153847 -0.999992311 -0
vn 0.00392153847 -0.999992311 -0
vn 0.00392153847 -0.999992311 -0
vn 0.00392153847 -0.999992311 -0
vn -0.999992311 0.00392153847 -0
vn -0.999992311 0.00392153847 -0
vn -0.999992311 0.00392153847 -0
vn -0.999992311 0.00392153847 -0
vn 0.00392153847 0.999992311 -0
vn 0.00392153847 0.999992311 -0
vn 0.00392153847 0.999992311 -0
vn 0.00392153847 0.999992311 -0
vn 0.00392153847 0.999992311 -0
vn 0.00392153847 0.999992311 -0
vn -0.999992311 0.00392153847 -0
vn -0.999992311 0.00392153847 -0
vn -0.999992311 0.00392153847 -0
vn -0.999992311 0.00392153847 -0
vn -0.999992311 0.00392153847 -0
vn -0.999992311 0.00392153847 -0
vn -0.00392153847 0.999992311 -0
vn -0.00392153847 0.999992311 -0
vn -0.00392153847 0.999992311 -0
vn -0.00392153847 0.999992311 -0
vn -0.00392153847 0.999992311 -0
vn -0.00392153847 0.999992311 -0
vn -0.00392153847 0.999992311 -0
vn -0.00392153847 0.999992311 -0
vn -0.00392153847 0.999992311 -0
vn -0.00392153847 0.999992311 -0
vn -0.00392153847 0.999992311 -0
vn -0.00392153847 0.999992311 -0
vn -0.00392153847 0.999992311 -0
vn -0.00392153847 0.999992311 -0
vn -0.00392153847 0.999992311 -0
vn -0.00392153847 0.999992311 -0
vn -0.00392153847 0.999992311 -0
vn -0.00392153847 0.999992311 -0
vn -0.00392153847 0.999992311 -0
vn -0.00392153847 0.999992311 -0
vn -0.00392153847 0.999992311 -0
vn -0.00392153847 0.999992311 -0
vn -0.00392153847 0.999992311 -0
vn -0.00392153847 0.999992311 -0
vn -0.00392153847 0.999992311 -0
vn -0.00392153847 0.999992311 -0
vn -0.00392153847 0.999992311 -0
vn -0.00392153847 0.999992311 -0
vn -0.00392153847 0.999992311 -0
vn -0.00392153847 0.999992311 -0
vn -0.00392153847 0.999992311 -0
vn -0.00392153847 0.999992311 -0
vn -0.00392153847 0.999992311 -0
vn -0.00392153847 0.999992311 -0
vn -0.00392153847 0.999992311 -0
vn -0.00392153847 0.999992311 -0
vn -0.00392153847 0.999992311 -0
vn -0.00392153847 0.999992311 -0
vn -0.00392153847 0.999992311 -0
vn -0.00392153847 0.999992311 -0
vn -0.00392153847 0.999992311 -0
vn -0.00392153847 0.999992311 -0
vn -0.00392153847 0.999992311 -0
vn -0.00392153847 0.999992311 -0
vn -0.00392153847 0.999992311 -0
vn -0.00392153847 0.999992311 -0
vn -0.00392153847 0.999992311 -0
vn -0.00392153847 0.999992311 -0
vn -0.00392153847 0.999992311 -0
vn -0.00392153847 0.999992311 -0
vn -0.00392153847 0.999992311 -0
vn -0.00392153847 0.999992311 -0
vn -0.00392153847 0.999992311 -0
vn -0.00392153847 0.999992311 -0
vn -0.00392153847 0.999992311 -0
vn 0.309801558 0.890189287 -0.33404495
vn 0.309801558 0.890189287 -0.33404495
vn 0.309801558 0.890189287 -0.33404495
vn 0.309801558 0.890189287 -0.33404495
vn -0.129410777 0.8509739 -0.509015002
vn -0.129410777 0.8509739 -0.509015002
vn -0.129410777 0.8509739 -0.509015002
vn -0.129410777 0.8509739 -0.509015002
vn -0.803915435 0.584309268 -0.110917325
vn -0.803915435 0.584309268 -0.110917325
vn -0.803915435 0.584309268 -0.110917325
vn -0.803915435 0.584309268 -0.110917325
vn 0.192155397 0.8509739 -0.488794155
vn 0.192155397 0.8509739 -0.488794155
vn 0.192155397 0.8509739 -0.488794155
vn 0.192155397 0.8509739 -0.488794155
vn -0.317644635 0.772543126 -0.549799059
vn -0.317644635 0.772543126 -0.549799059
vn -0.317644635 0.772543126 -0.549799059
vn -0.317644635 0.772543126 -0.549799059
vn 0.0588230806 0.482349261 -0.874001737
vn 0.0588230806 0.482349261 -0.874001737
vn 0.0588230806 0.482349261 -0.874001737
vn 0.0588230806 0.482349261 -0.874001737
vn 0.898032364 0.33333079 -0.287103565
vn 0.898032364 0.33333079 -0.287103565
vn 0.898032364 0.33333079 -0.287103565
vn 0.898032364 0.33333079 -0.287103565
vn 0.686269274 0.662740042 -0.299683368
vn 0.654896964 0.631367732 -0.415312838
vn 0.654896964 0.631367732 -0.415312838
vn 0.701955429 0.678426197 -0.216786697
vn 0.717641584 0.686269274 -0.118427366
vn 0.717641584 0.686269274 -0.118427366
vn 0.286272326 0.741170816 -0.607218229
vn 0.286272326 0.741170816 -0.607218229
vn 0.286272326 0.741170816 -0.607218229
vn 0.286272326 0.741170816 -0.607218229
vn 0.33333079 0.749013893 -0.572598264
vn 0.33333079 0.749013893 -0.572598264
vn 0.33333079 0.749013893 -0.572598264
vn 0.33333079 0.749013893 -0.572598264
vn 0.435290797 0.552936958 -0.710480572
vn 0.443133874 0.560780035 -0.6993984
vn 0.466663106 0.584309268 -0.663933901
vn 0.39607541 0.513721571 -0.761061376
vn -0.741170816 0.670583119 -0.0313704013
vn -0.763386285 0.645942241 -0
vn -0.717641584 0.694112351 -0.056556177
vn -0.811608702 0.584201433 -0
vn 0.356860022 0.474506184 -0.80467062
vn 0.356860022 0.474506184 -0.80467062
vn 0.356860022 0.474506184 -0.80467062
vn 0.356860022 0.474506184 -0.80467062
vn -0.207841552 0.54509388 -0.812203516
vn -0.207841552 0.54509388 -0.812203516
vn -0.207841552 0.54509388 -0.812203516
vn -0.207841552 0.54509388 -0.812203516
vn -0.356860022 0.811758513 -0.462275937
vn -0.356860022 0.811758513 -0.462275937
vn -0.356860022 0.811758513 -0.462275937
vn -0.356860022 0.811758513 -0.462275937
vn -0.105881545 0.741170816 -0.662913961
vn -0.105881545 0.741170816 -0.662913961
vn -0.105881545 0.741170816 -0.662913961
vn -0.105881545 0.741170816 -0.662913961
vn 0.00392153847 0.999992311 -0
vn -0.00392153847 0.999992311 -0
vn -0.00392153847 0.999992311 -0
vn 0.00392153847 0.999992311 -0
vn 0.00392153847 0.999992311 -0
vn 0.00392153847 0.999992311 -0
vn -0.874503132 0.15294001 -0.460275598
vn -0.874503132 0.15294001 -0.460275598
vn -0.874503132 0.15294001 -0.460275598
vn -0.874503132 0.15294001 -0.460275598
vn -0.552936958 0.450976951 -0.700628653
vn -0.552936958 0.450976951 -0.700628653
vn -0.552936958 0.450976951 -0.700628653
vn -0.552936958 0.450976951 -0.700628653
vn 0.160783087 0.796072358 -0.583453169
vn 0.160783087 0.796072358 -0.583453169
vn 0.160783087 0.796072358 -0.583453169
vn 0.160783087 0.796072358 -0.583453169
vn -0.54509388 0.654896964 -0.523433499
vn -0.54509388 0.654896964 -0.523433499
vn -0.54509388 0.654896964 -0.523433499
vn -0.54509388 0.654896964 -0.523433499
vn -0.443133874 0.686269274 -0.576772792
vn -0.443133874 0.686269274 -0.576772792
vn -0.443133874 0.686269274 -0.576772792
vn -0.443133874 0.686269274 -0.576772792
vn 0.15294001 0.882346209 -0.445055637
vn 0.15294001 0.882346209 -0.445055637
vn 0.15294001 0.882346209 -0.445055637
vn 0.15294001 0.882346209 -0.445055637
vn 0.0196076935 0.796072358 -0.604883741
vn 0.0196076935 0.796072358 -0.604883741
vn 0.0196076935 0.796072358 -0.604883741
vn 0.0196076935 0.796072358 -0.604883741
vn 0.937247751 0.199998474 -0.28559983
vn 0.937247751 0.199998474 -0.28559983
vn 0.937247751 0.199998474 -0.28559983
vn 0.937247751 0.199998474 -0.28559983
vn -0.474506184 0.764700048 -0.435979034
vn -0.474506184 0.764700048 -0.435979034
vn -0.474506184 0.764700048 -0.435979034
vn -0.474506184 0.764700048 -0.435979034
vn 0.615681577 0.411761564 -0.671854605
vn 0.615681577 0.411761564 -0.671854605
vn 0.615681577 0.411761564 -0.671854605
vn 0.615681577 0.411761564 -0.671854605
vn -0.066666158 0.921561596 -0.382465485
vn 0.0901953903 0.929404674 -0.357871127
vn 0.0901953903 0.929404674 -0.357871127
vn -0.1215677 0.921561596 -0.368707904
vn -0.301958481 0.874503132 -0.379559413
vn -0.301958481 0.874503132 -0.379559413
vn -0.937247751 0.325487713 -0.124997606
vn -0.937247751 0.325487713 -0.124997606
vn -0.937247751 0.325487713 -0.124997606
vn -0.937247751 0.325487713 -0.124997606
vn -0.984306157 0.176469231 -0
vn -0.984306157 0.176469231 -0
vn -0.984306157 0.176469231 -0
vn -0.984306157 0.176469231 -0
vn -0.00392153847 0.999992311 -0
vn -0.00392153847 0.999992311 -0
vn -0.00392153847 0.999992311 -0
vn -0.00392153847 0.999992311 -0
vn -0.00392153847 0.999992311 -0
vn -0.00392153847 0.999992311 -0
vn -0.00392153847 0.999992311 -0
vn -0.00392153847 0.999992311 -0
vn -0.00392153847 0.999992311 -0
vn -0.00392153847 0.999992311 -0
vn -0.00392153847 0.999992311 -0
vn -0.00392153847 0.999992311 -0
vn -0.00392153847 0.999992311 -0
vn -0.00392153847 0.999992311 -0
vn -0.00392153847 0.999992311 -0
vn -0.00392153847 0.999992311 -0
vn -0.00392153847 0.999992311 -0
vn -0.00392153847 0.999992311 -0
vn -0.00392153847 0.999992311 -0
vn -0.00392153847 0.999992311 -0
vn -0.00392153847 0.999992311 -0
vn -0.00392153847 0.999992311 -0
vn -0.00392153847 0.999992311 -0
vn -0.00392153847 0.999992311 -0
vn -0.00392153847 0.999992311 -0
vn -0.00392153847 0.999992311 -0
vn -0.00392153847 0.999992311 -0
vn -0.00392153847 0.999992311 -0
vn -0.00392153847 0.999992311 -0
vn -0.00392153847 0.999992311 -0
vn -0.00392153847 0.999992311 -0
vn -0.00392153847 0.999992311 -0
vn -0.00392153847 0.999992311 -0
vn -0.00392153847 0.999992311 -0
vn -0.00392153847 0.999992311 -0
vn -0.00392153847 0.999992311 -0
vn -0.00392153847 0.999992311 -0
vn -0.00392153847 0.999992311 -0
vn -0.00392153847 0.999992311 -0
vn -0.00392153847 0.999992311 -0
vn -0.00392153847 0.999992311 -0
vn -0.00392153847 0.999992311 -0
vn -0.00392153847 0.999992311 -0
vn -0.00392153847 0.999992311 -0
vn -0.00392153847 0.999992311 -0
vn -0.00392153847 0.999992311 -0
vn -0.00392153847 0.999992311 -0
vn -0.00392153847 0.999992311 -0
vn -0.00392153847 0.999992311 -0
vn -0.00392153847 0.999992311 -0
vn -0.00392153847 0.999992311 -0
vn -0.00392153847 0.999992311 -0
vn -0.00392153847 0.999992311 -0
vn -0.00392153847 0.999992311 -0
vn -0.00392153847 0.999992311 -0
vn -0.00392153847 0.999992311 -0
vn -0.00392153847 0.999992311 -0
vn -0.00392153847 0.999992311 -0
vn -0.00392153847 0.999992311 -0
vn 0.00392153847 0.999992311 -0
vn -0.00392153847 0.999992311 -0
vn -0.00392153847 0.999992311 -0
vn 0.701955429 0.54509388 -0.458400739
vn 0.701955429 0.54509388 -0.458400739
vn 0.701955429 0.54509388 -0.458400739
vn 0.701955429 0.54509388 -0.458400739
vn -0.57646619 0.741170816 -0.344024059
vn -0.57646619 0.741170816 -0.344024059
vn -0.57646619 0.741170816 -0.344024059
vn -0.57646619 0.741170816 -0.344024059
vn 0.0588230806 0.615681577 -0.785796437
vn 0.0588230806 0.615681577 -0.785796437
vn 0.0588230806 0.615681577 -0.785796437
vn 0.0588230806 0.615681577 -0.785796437
vn 0.15294001 0.874503132 -0.460275598
vn 0.15294001 0.874503132 -0.460275598
vn 0.15294001 0.874503132 -0.460275598
vn 0.15294001 0.874503132 -0.460275598
vn 0.176469242 0.858816977 -0.480928276
vn 0.176469242 0.858816977 -0.480928276
vn 0.176469242 0.858816977 -0.480928276
vn 0.176469242 0.858816977 -0.480928276
vn 0.999992311 0.00392153847 -0
vn 0.999992311 0.00392153847 -0
vn 0.999992311 0.00392153847 -0
vn 0.999992311 0.00392153847 -0
vn -0.678426197 0.325487713 -0.658631646
vn -0.678426197 0.325487713 -0.658631646
vn -0.678426197 0.325487713 -0.658631646
vn -0.678426197 0.325487713 -0.658631646
vn -0.796072358 0.490192339 0.354936998
vn -0.796072358 0.490192339 0.354936998
vn -0.796072358 0.490192339 0.354936998
vn -0.796072358 0.490192339 0.354936998
vn 0.00392153847 0.999992311 -0
vn -0.00392153847 0.999992311 -0
vn -0.00392153847 0.999992311 -0
vn -0.00392153847 0.999992311 -0
vn -0.00392153847 0.999992311 -0
vn -0.00392153847 0.999992311 -0
vn -0.00392153847 0.999992311 -0
vn -0.00392153847 0.999992311 -0
vn -0.00392153847 0.999992311 -0
vn -0.00392153847 0.999992311 -0
vn -0.00392153847 0.999992311 -0
vn -0.00392153847 0.999992311 -0
vn 0.00392153847 0.999992311 -0
vn 0.00392153847 0.999992311 -0
vn 0.00392153847 0.999992311 -0
vn 0.00392153847 0.999992311 -0
vn 0.00392153847 0.999992311 -0
vn 0.709798506 0.00392153871 -0.704393854
vn 0.709798506 0.00392153871 -0.704393854
vn 0.709798506 0.00392153871 -0.704393854
vn 0.709798506 0.00392153871 -0.704393854
vn -0.874503132 0.356860022 -0.328474043
vn -0.874503132 0.356860022 -0.328474043
vn -0.874503132 0.356860022 -0.328474043
vn -0.874503132 0.356860022 -0.328474043
vn 0.00392153871 0.678426197 -0.734658096
vn 0.00392153871 0.678426197 -0.734658096
vn 0.00392153871 0.678426197 -0.734658096
vn 0.00392153871 0.678426197 -0.734658096
vn 0.00392153847 0.999992311 -0
vn 0.00392153847 0.999992311 -0
vn 0.00392153847 0.999992311 -0
vn 0.00392153847 0.999992311 -0
vn 0.00392153847 0.999992311 -0
vn -0.00392153847 0.999992311 -0
vn 0.00392153847 0.999992311 -0
vn -0.00392153847 0.999992311 -0
vn -0.00392153847 0.999992311 -0
vn -0.00392153847 0.999992311 -0
vn -0.00392153847 0.999992311 -0
vn -0.00392153847 0.999992311 -0
vn -0.00392153847 0.999992311 -0
vn -0.00392153847 0.999992311 -0
vn 0.00392153847 0.999992311 -0
vn -0.00392153847 0.999992311 -0
vn -0.00392153847 0.999992311 -0
vn -0.00392153847 0.999992311 -0
vn -0.00392153847 0.999992311 -0
vn -0.00392153847 0.999992311 -0
vn -0.00392153847 0.999992311 -0
vn -0.00392153847 0.999992311 -0
vn -0.00392153847 0.999992311 -0
vn -0.00392153847 0.999992311 -0
vn 0.749013893 0.419604642 -0.51274763
vn 0.749013893 0.419604642 -0.51274763
vn 0.749013893 0.419604642 -0.51274763
vn 0.749013893 0.419604642 -0.51274763
vn 0.286272326 0.756856971 -0.587550578
vn 0.286272326 0.756856971 -0.587550578
vn 0.286272326 0.756856971 -0.587550578
vn 0.286272326 0.756856971 -0.587550578
vn 0.568623113 0.709798506 -0.415756944
vn 0.568623113 0.709798506 -0.415756944
vn 0.568623113 0.709798506 -0.415756944
vn 0.568623113 0.709798506 -0.415756944
vn 0.615681577 0.678426197 0.400841729
vn 0.615681577 0.678426197 0.400841729
vn 0.615681577 0.678426197 0.400841729
vn 0.615681577 0.678426197 0.400841729
vn 0.999992311 0.00392153847 -0
vn 0.999992311 0.00392153847 -0
vn 0.999992311 0.00392153847 -0
vn 0.999992311 0.00392153847 -0
vn 0.999992311 0.00392153847 -0
vn 0.999992311 0.00392153847 -0
vn 0.00392153847 0.999992311 -0
vn 0.00392153847 0.999992311 -0
vn 0.00392153847 0.999992311 -0
vn 0.00392153847 0.999992311 -0
vn -0.81960159 0.568623113 0.0701497636
vn -0.81960159 0.568623113 0.0701497636
vn -0.81960159 0.568623113 0.0701497636
vn -0.81960159 0.568623113 0.0701497636
vn -0.239213861 0.968620061 -0.0674678157
vn -0.239213861 0.968620061 -0.0674678157
vn -0.239213861 0.968620061 -0.0674678157
vn -0.239213861 0.968620061 -0.0674678157
vn -0.0509800032 0.960776984 -0.272596088
vn -0.0509800032 0.960776984 -0.272596088
vn -0.0509800032 0.960776984 -0.272596088
vn -0.0509800032 0.960776984 -0.272596088
vn 0.427447719 0.647053887 -0.631355458
vn 0.450976951 0.450976951 -0.770220474
vn 0.450976951 0.411761564 -0.791878907
vn 0.419604642 0.670583119 -0.611759941
vn 0.00392153871 0.780386203 -0.625285531
vn 0.00392153871 0.780386203 -0.625285531
vn 0.00392153871 0.780386203 -0.625285531
vn 0.00392153871 0.780386203 -0.625285531
vn 0.568623113 0.796072358 -0.207211382
vn 0.568623113 0.796072358 -0.207211382
vn 0.568623113 0.796072358 -0.207211382
vn 0.568623113 0.796072358 -0.207211382
vn -0.811758513 0.199998474 -0.548679075
vn -0.811758513 0.199998474 -0.548679075
vn -0.811758513 0.199998474 -0.548679075
vn -0.811758513 0.199998474 -0.548679075
vn -0.176469242 0.929404674 -0.324138179
vn -0.176469242 0.929404674 -0.324138179
vn -0.176469242 0.929404674 -0.324138179
vn -0.176469242 0.929404674 -0.324138179
vn 0.717641584 0.686269274 -0.118427366
vn 0.717641584 0.686269274 -0.118427366
vn 0.717641584 0.686269274 -0.118427366
vn 0.717641584 0.686269274 -0.118427366
vn 0.0117646161 0.984306216 -0.176076311
vn 0.00392153871 0.984306216 -0.176425325
vn 0.0117646161 0.984306216 -0.176076311
vn -0.0117646161 0.992149293 -0.124504513
vn -0.733327738 0.654896964 -0.182593522
vn -0.733327738 0.654896964 -0.182593522
vn -0.733327738 0.654896964 -0.182593522
vn -0.733327738 0.654896964 -0.182593522
vn 0.207841552 0.858816977 -0.468225682
vn 0.207841552 0.858816977 -0.468225682
vn 0.207841552 0.858816977 -0.468225682
vn 0.207841552 0.858816977 -0.468225682
vn 0.105881545 0.858816977 -0.501221007
vn 0.105881545 0.858816977 -0.501221007
vn 0.105881545 0.858816977 -0.501221007
vn 0.105881545 0.858816977 -0.501221007
vn 0.0196076935 0.913718519 -0.405874373
vn 0.0196076935 0.913718519 -0.405874373
vn 0.0196076935 0.913718519 -0.405874373
vn 0.0196076935 0.913718519 -0.405874373
vn 0.247056939 0.694112351 -0.676144151
vn 0.247056939 0.694112351 -0.676144151
vn 0.247056939 0.694112351 -0.676144151
vn 0.247056939 0.694112351 -0.676144151
vn -0.0901953903 -0.992149293 -0.0866289305
vn -0.0431369258 0.066666158 0.996842429
vn -0.0745092355 -0.984306216 0.159967645
vn 0.215684629 0.0745092355 0.973616205
vn -0.113724623 -0.992149293 -0.0520239392
vn 0.0665190105 0.997785158 -0
vn 0.443133874 0.0980384677 0.891078464
vn 0.0352938484 0.984306216 -0.172903493
vn 0.0431369258 -0.0588230806 -0.997335977
vn -0.027450771 0.968620061 -0.247025571
vn -0.207841552 -0.0745092355 -0.975320595
vn -0.0745092355 -0.984306216 0.159967645
vn -0.443133874 -0.0901953903 -0.891906476
vn -0.0901953903 -0.992149293 -0.0866289305
vn -0.113724623 -0.992149293 -0.0520239392
vn -0.14470579 -0.989474726 -0
vn -0.717641584 -0.0196076935 -0.69613655
vn -0.066666158 -0.992149293 0.105808333
vn -0.443133874 -0.027450771 -0.896035058
vn 0.513342747 -0.858183677 -0
vn 0.0823523129 0.992149293 -0.0941162929
vn 0.521564648 -0.0901953903 -0.848430969
vn 0.0352938484 0.976463138 -0.212777075
vn 0.733327738 0.0196076935 0.6795925
vn 0.654896964 0.749013893 -0.100439802
vn 0.521564648 0.027450771 0.852770059
vn -0.066666158 -0.992149293 0.105808333
vn 0.662740042 -0.0352938484 0.748017367
vn -0.14470579 -0.989474726 -0
vn 0.513342747 -0.858183677 -0
vn 0.662740042 -0.0352938484 0.748017367
vn 0.654896964 0.749013893 -0.100439802
vn 0.521564648 -0.0901953903 -0.848430969
vn 0.513342747 -0.858183677 -0
vn -0.15294001 -0.984306216 0.0880376456
vn 0.686269274 -0.184312319 0.703607456
vn -0.411761564 -0.905875442 -0.0992073505
vn 0.560780035 -0.0980384677 0.822140019
vn -0.176469242 -0.968620061 0.175025096
vn 0.207841552 0.960776984 -0.183601409
vn 0.262743093 0.00392153871 0.964857859
vn -0.270586171 -0.952933906 -0.13674829
vn 0.0980384677 0.223527706 0.969754517
vn 0.341173868 0.937247751 0.071882159
vn -0.654896964 0.215684629 -0.724285929
vn 0.247056939 0.968620061 0.0271670136
vn 0.184312319 0.8509739 -0.491805237
vn -0.568623113 0.184312319 -0.801683681
vn -0.411761564 -0.905875442 -0.0992073505
vn -0.15294001 -0.984306216 0.0880376456
vn -0.278429248 -0.0352938484 -0.959808053
vn -0.066666158 -0.00392153871 -0.997767631
vn -0.176469242 -0.968620061 0.175025096
vn -0.270586171 -0.952933906 -0.13674829
vn -0.1215677 -0.992149293 -0.0293440684
vn -0.39607541 -0.0196076935 -0.91800861
vn -0.0980384677 -0.992149293 0.0776417341
vn -0.066666158 -0.027450771 -0.997397653
vn -0.0509800032 -0.992149293 -0.114196407
vn 0.1215677 0.992149293 -0.0293440684
vn 0.239213861 -0.0509800032 -0.969627644
vn 0.105881545 0.976463138 -0.18790646
vn 0.419604642 0.0196076935 0.90749517
vn 0.176469231 0.984306157 -0
vn 0.160783087 0.027450771 0.986607954
vn -0.0980384677 -0.992149293 0.0776417341
vn -0.15294001 -0.00392153871 0.988227694
vn -0.1215677 -0.992149293 -0.0293440684
vn -0.0509800032 -0.992149293 -0.114196407
vn -0.999992311 0.00392153847 -0
vn -0.999992311 0.00392153847 -0
vn -0.999992311 0.00392153847 -0
vn -0.999992311 0.00392153847 -0
vn 0.999992311 0.00392153847 -0
vn 0.999992311 0.00392153847 -0
vn 0.999992311 0.00392153847 -0
vn 0.999992311 0.00392153847 -0
vn 0.00392153847 0.999992311 -0
vn -0.00392153847 0.999992311 -0
vn -0.00392153847 0.999992311 -0
vn -0.00392153847 0.999992311 -0
vn 0.00392153847 0.999992311 -0
vn -0.00392153847 0.999992311 -0
vn 0.00392153847 0.999992311 -0
vn -0.00392153847 0.999992311 -0
vn 0.00392153847 0.999992311 -0
vn 0.00392153847 0.999992311 -0
vn 0.00392153847 0.999992311 -0
vn 0.00392153847 0.999992311 -0
vn -0.00392153847 0.999992311 -0
vn 0.00392153847 0.999992311 -0
vn -0.00392153847 0.999992311 -0
vn 0.00392153847 0.999992311 -0
vn 0.00392153847 0.999992311 -0
vn 0.00392153847 0.999992311 -0
vn 0.00392153847 0.999992311 -0
vn 0.00392153847 0.999992311 -0
vn -0.00392153847 0.999992311 -0
vn 0.00392153847 0.999992311 -0
vn -0.00392153847 0.999992311 -0
vn 0.00392153847 0.999992311 -0
vn 0.00392153847 0.999992311 -0
vn 0.00392153847 0.999992311 -0
vn 0.00392153847 0.999992311 -0
vn 0.00392153847 0.999992311 -0
vn -0.00392153847 0.999992311 -0
vn 0.00392153847 0.999992311 -0
vn 0.00392153847 0.999992311 -0
vn 0.00392153847 0.999992311 -0
vn 0.00392153847 0.999992311 -0
vn -0.00392153847 0.999992311 -0
vn -0.00392153847 0.999992311 -0
vn -0.00392153847 0.999992311 -0
vn -0.00392153847 0.999992311 -0
vn -0.00392153847 0.999992311 -0
vn -0.00392153847 0.999992311 -0
vn -0.00392153847 0.999992311 -0
g A_build_bridge_02_bk_wide_0
f 3/3/3 2/2/2 1/1/1
f 6/6/6 5/5/5 4/4/4
f 9/9/9 8/8/8 7/7/7
f 12/12/12 11/11/11 10/10/10
f 15/15/15 14/14/14 13/13/13
f 18/18/18 17/17/17 16/16/16
f 21/21/21 20/20/20 19/19/19
f 24/24/24 23/23/23 22/22/22
f 27/27/27 26/26/26 25/25/25
f 30/30/30 29/29/29 28/28/28
f 33/33/33 32/32/32 31/31/31
f 36/36/36 35/35/35 34/34/34
f 39/39/39 38/38/38 37/37/37
f 42/42/42 41/41/41 40/40/40
f 45/45/45 44/44/44 43/43/43
f 48/48/48 47/47/47 46/46/46
f 51/51/51 50/50/50 49/49/49
f 54/54/54 53/53/53 52/52/52
f 57/57/57 56/56/56 55/55/55
f 60/60/60 59/59/59 58/58/58
f 63/63/63 62/62/62 61/61/61
f 64/64/64 63/63/63 61/61/61
f 67/67/67 66/66/66 65/65/65
f 68/68/68 67/67/67 65/65/65
f 71/71/71 70/70/70 69/69/69
f 72/72/72 71/71/71 69/69/69
f 75/75/75 74/74/74 73/73/73
f 76/76/76 75/75/75 73/73/73
f 79/79/79 78/78/78 77/77/77
f 80/80/80 79/79/79 77/77/77
f 83/83/83 82/82/82 81/81/81
f 84/84/84 83/83/83 81/81/81
f 84/84/84 86/86/86 85/85/85
f 86/86/86 87/87/87 85/85/85
f 85/85/85 87/87/87 88/88/88
f 87/87/87 89/89/89 88/88/88
f 88/88/88 89/89/89 90/90/90
f 89/89/89 91/91/91 90/90/90
f 92/92/92 90/90/90 91/91/91
f 95/95/95 94/94/94 93/93/93
f 94/94/94 96/96/96 93/93/93
f 97/97/97 93/93/93 96/96/96
f 98/98/98 97/97/97 96/96/96
f 99/99/99 97/97/97 98/98/98
f 100/100/100 99/99/99 98/98/98
f 100/100/100 102/102/102 101/101/101
f 103/103/103 100/100/100 101/101/101
f 106/106/106 105/105/105 104/104/104
f 107/107/107 106/106/106 104/104/104
f 110/110/110 109/109/109 108/108/108
f 111/111/111 110/110/110 108/108/108
f 114/114/114 113/113/113 112/112/112
f 115/115/115 114/114/114 112/112/112
f 116/116/116 114/114/114 115/115/115
f 117/117/117 116/116/116 115/115/115
f 118/118/118 116/116/116 117/117/117
f 119/119/119 118/118/118 117/117/117
f 122/122/122 121/121/121 120/120/120
f 123/123/123 122/122/122 120/120/120
f 126/126/126 125/125/125 124/124/124
f 124/124/124 125/125/125 127/127/127
f 127/127/127 128/128/128 124/124/124
f 128/128/128 129/129/129 124/124/124
f 129/129/129 128/128/128 130/130/130
f 128/128/128 131/131/131 130/130/130
f 132/132/132 130/130/130 131/131/131
f 135/135/135 134/134/134 133/133/133
f 136/136/136 135/135/135 133/133/133
f 139/139/139 138/138/138 137/137/137
f 140/140/140 139/139/139 137/137/137
f 143/143/143 142/142/142 141/141/141
f 144/144/144 143/143/143 141/141/141
f 147/147/147 146/146/146 145/145/145
f 148/148/148 147/147/147 145/145/145
f 151/151/151 150/150/150 149/149/149
f 152/152/152 151/151/151 149/149/149
f 153/153/153 151/151/151 152/152/152
f 154/154/154 153/153/153 152/152/152
f 153/153/153 154/154/154 155/155/155
f 154/154/154 156/156/156 155/155/155
f 159/159/159 158/158/158 157/157/157
f 160/160/160 159/159/159 157/157/157
f 163/163/163 162/162/162 161/161/161
f 161/161/161 162/162/162 164/164/164
f 162/162/162 165/165/165 164/164/164
f 164/164/164 165/165/165 166/166/166
f 169/169/169 168/168/168 167/167/167
f 170/170/170 169/169/169 167/167/167
f 173/173/173 172/172/172 171/171/171
f 174/174/174 173/173/173 171/171/171
f 177/177/177 176/176/176 175/175/175
f 178/178/178 177/177/177 175/175/175
f 181/181/181 180/180/180 179/179/179
f 182/182/182 181/181/181 179/179/179
f 183/183/183 181/181/181 182/182/182
f 184/184/184 183/183/183 182/182/182
f 185/185/185 183/183/183 184/184/184
f 186/186/186 185/185/185 184/184/184
f 189/189/189 188/188/188 187/187/187
f 190/190/190 189/189/189 187/187/187
f 193/193/193 192/192/192 191/191/191
f 194/194/194 191/191/191 192/192/192
f 192/192/192 195/195/195 194/194/194
f 195/195/195 196/196/196 194/194/194
f 194/194/194 196/196/196 197/197/197
f 200/200/200 199/199/199 198/198/198
f 201/201/201 200/200/200 198/198/198
f 204/204/204 203/203/203 202/202/202
f 205/205/205 204/204/204 202/202/202
f 208/208/208 207/207/207 206/206/206
f 209/209/209 208/208/208 206/206/206
f 212/212/212 211/211/211 210/210/210
f 213/213/213 212/212/212 210/210/210
f 216/216/216 215/215/215 214/214/214
f 217/217/217 216/216/216 214/214/214
f 218/218/218 216/216/216 217/217/217
f 219/219/219 218/218/218 217/217/217
f 218/218/218 219/219/219 220/220/220
f 219/219/219 221/221/221 220/220/220
f 224/224/224 223/223/223 222/222/222
f 225/225/225 224/224/224 222/222/222
f 228/228/228 227/227/227 226/226/226
f 226/226/226 227/227/227 229/229/229
f 227/227/227 230/230/230 229/229/229
f 229/229/229 230/230/230 231/231/231
f 234/234/234 233/233/233 232/232/232
f 235/235/235 234/234/234 232/232/232
f 238/238/238 237/237/237 236/236/236
f 239/239/239 236/236/236 237/237/237
f 242/242/242 241/241/241 240/240/240
f 243/243/243 240/240/240 241/241/241
f 246/246/246 245/245/245 244/244/244
f 247/247/247 244/244/244 245/245/245
f 245/245/245 248/248/248 247/247/247
f 249/249/249 247/247/247 248/248/248
f 248/248/248 250/250/250 249/249/249
f 251/251/251 249/249/249 250/250/250
f 254/254/254 253/253/253 252/252/252
f 255/255/255 252/252/252 253/253/253
f 258/258/258 257/257/257 256/256/256
f 259/259/259 256/256/256 257/257/257
f 262/262/262 261/261/261 260/260/260
f 263/263/263 260/260/260 261/261/261
f 266/266/266 265/265/265 264/264/264
f 267/267/267 264/264/264 265/265/265
f 270/270/270 269/269/269 268/268/268
f 271/271/271 268/268/268 269/269/269
f 274/274/274 273/273/273 272/272/272
f 275/275/275 272/272/272 273/273/273
f 278/278/278 277/277/277 276/276/276
f 279/279/279 276/276/276 277/277/277
f 282/282/282 281/281/281 280/280/280
f 283/283/283 280/280/280 281/281/281
f 286/286/286 285/285/285 284/284/284
f 287/287/287 284/284/284 285/285/285
f 290/290/290 289/289/289 288/288/288
f 291/291/291 288/288/288 289/289/289
f 288/288/288 291/291/291 292/292/292
f 293/293/293 292/292/292 291/291/291
f 292/292/292 293/293/293 294/294/294
f 295/295/295 294/294/294 293/293/293
f 294/294/294 295/295/295 296/296/296
f 297/297/297 296/296/296 295/295/295
f 300/300/300 299/299/299 298/298/298
f 301/301/301 298/298/298 299/299/299
f 301/301/301 302/302/302 298/298/298
f 303/303/303 298/298/298 302/302/302
f 302/302/302 304/304/304 303/303/303
f 305/305/305 303/303/303 304/304/304
f 308/308/308 307/307/307 306/306/306
f 309/309/309 306/306/306 307/307/307
f 307/307/307 310/310/310 309/309/309
f 311/311/311 309/309/309 310/310/310
f 310/310/310 312/312/312 311/311/311
f 313/313/313 311/311/311 312/312/312
f 316/316/316 315/315/315 314/314/314
f 317/317/317 314/314/314 315/315/315
f 320/320/320 319/319/319 318/318/318
f 321/321/321 318/318/318 319/319/319
f 321/321/321 322/322/322 318/318/318
f 323/323/323 318/318/318 322/322/322
f 322/322/322 324/324/324 323/323/323
f 325/325/325 323/323/323 324/324/324
f 328/328/328 327/327/327 326/326/326
f 329/329/329 326/326/326 327/327/327
f 329/329/329 330/330/330 326/326/326
f 331/331/331 326/326/326 330/330/330
f 330/330/330 332/332/332 331/331/331
f 333/333/333 331/331/331 332/332/332
f 332/332/332 334/334/334 333/333/333
f 335/335/335 333/333/333 334/334/334
f 338/338/338 337/337/337 336/336/336
f 339/339/339 336/336/336 337/337/337
f 337/337/337 340/340/340 339/339/339
f 341/341/341 339/339/339 340/340/340
f 344/344/344 343/343/343 342/342/342
f 345/345/345 342/342/342 343/343/343
f 348/348/348 347/347/347 346/346/346
f 349/349/349 346/346/346 347/347/347
f 349/349/349 350/350/350 346/346/346
f 351/351/351 346/346/346 350/350/350
f 354/354/354 353/353/353 352/352/352
f 355/355/355 352/352/352 353/353/353
f 358/358/358 357/357/357 356/356/356
f 359/359/359 356/356/356 357/357/357
f 357/357/357 360/360/360 359/359/359
f 361/361/361 359/359/359 360/360/360
f 360/360/360 362/362/362 361/361/361
f 363/363/363 361/361/361 362/362/362
f 366/366/366 365/365/365 364/364/364
f 367/367/367 364/364/364 365/365/365
f 370/370/370 369/369/369 368/368/368
f 371/371/371 368/368/368 369/369/369
f 369/369/369 372/372/372 371/371/371
f 373/373/373 371/371/371 372/372/372
f 372/372/372 374/374/374 373/373/373
f 375/375/375 373/373/373 374/374/374
f 378/378/378 377/377/377 376/376/376
f 377/377/377 379/379/379 376/376/376
f 377/377/377 380/380/380 379/379/379
f 380/380/380 381/381/381 379/379/379
f 380/380/380 382/382/382 381/381/381
f 382/382/382 383/383/383 381/381/381
f 386/386/386 385/385/385 384/384/384
f 387/387/387 384/384/384 385/385/385
f 385/385/385 389/389/389 388/388/388
f 390/390/390 388/388/388 389/389/389
f 392/392/392 391/391/391 388/388/388
f 393/393/393 388/388/388 391/391/391
f 395/395/395 393/393/393 394/394/394
f 396/396/396 394/394/394 393/393/393
f 399/399/399 398/398/398 397/397/397
f 400/400/400 397/397/397 398/398/398
f 403/403/403 402/402/402 401/401/401
f 404/404/404 401/401/401 402/402/402
f 407/407/407 406/406/406 405/405/405
f 408/408/408 405/405/405 406/406/406
f 411/411/411 410/410/410 409/409/409
f 412/412/412 409/409/409 410/410/410
f 415/415/415 414/414/414 413/413/413
f 416/416/416 413/413/413 414/414/414
f 419/419/419 418/418/418 417/417/417
f 420/420/420 417/417/417 418/418/418
f 423/423/423 422/422/422 421/421/421
f 424/424/424 421/421/421 422/422/422
f 427/427/427 426/426/426 425/425/425
f 428/428/428 425/425/425 426/426/426
f 431/431/431 430/430/430 429/429/429
f 432/432/432 429/429/429 430/430/430
f 435/435/435 434/434/434 433/433/433
f 436/436/436 433/433/433 434/434/434
f 436/436/436 438/438/438 437/437/437
f 439/439/439 437/437/437 438/438/438
f 434/434/434 441/441/441 440/440/440
f 442/442/442 440/440/440 441/441/441
f 444/444/444 440/440/440 443/443/443
f 445/445/445 443/443/443 440/440/440
f 448/448/448 447/447/447 446/446/446
f 449/449/449 446/446/446 447/447/447
f 452/452/452 451/451/451 450/450/450
f 453/453/453 450/450/450 451/451/451
f 456/456/456 455/455/455 454/454/454
f 457/457/457 454/454/454 455/455/455
f 460/460/460 459/459/459 458/458/458
f 461/461/461 458/458/458 459/459/459
f 464/464/464 463/463/463 462/462/462
f 465/465/465 462/462/462 463/463/463
f 468/468/468 467/467/467 466/466/466
f 469/469/469 466/466/466 467/467/467
f 472/472/472 471/471/471 470/470/470
f 473/473/473 470/470/470 471/471/471
f 476/476/476 475/475/475 474/474/474
f 477/477/477 474/474/474 475/475/475
f 480/480/480 479/479/479 478/478/478
f 481/481/481 478/478/478 479/479/479
f 484/484/484 483/483/483 482/482/482
f 485/485/485 482/482/482 483/483/483
f 483/483/483 487/487/487 486/486/486
f 488/488/488 486/486/486 487/487/487
f 490/490/490 487/487/487 489/489/489
f 491/491/491 489/489/489 487/487/487
f 493/493/493 491/491/491 492/492/492
f 494/494/494 492/492/492 491/491/491
f 497/497/497 496/496/496 495/495/495
f 498/498/498 495/495/495 496/496/496
f 495/495/495 498/498/498 499/499/499
f 500/500/500 499/499/499 498/498/498
f 499/499/499 500/500/500 501/501/501
f 502/502/502 501/501/501 500/500/500
f 501/501/501 502/502/502 503/503/503
f 504/504/504 503/503/503 502/502/502
f 507/507/507 506/506/506 505/505/505
f 508/508/508 505/505/505 506/506/506
f 505/505/505 508/508/508 509/509/509
f 510/510/510 509/509/509 508/508/508
f 509/509/509 510/510/510 511/511/511
f 512/512/512 511/511/511 510/510/510
f 515/515/515 514/514/514 513/513/513
f 516/516/516 513/513/513 514/514/514
f 519/519/519 518/518/518 517/517/517
f 520/520/520 517/517/517 518/518/518
f 517/517/517 520/520/520 521/521/521
f 522/522/522 521/521/521 520/520/520
f 521/521/521 522/522/522 523/523/523
f 524/524/524 523/523/523 522/522/522
f 523/523/523 524/524/524 525/525/525
f 526/526/526 525/525/525 524/524/524
f 529/529/529 528/528/528 527/527/527
f 530/530/530 527/527/527 528/528/528
f 527/527/527 530/530/530 531/531/531
f 532/532/532 531/531/531 530/530/530
f 531/531/531 532/532/532 533/533/533
f 534/534/534 533/533/533 532/532/532
f 533/533/533 534/534/534 535/535/535
f 536/536/536 535/535/535 534/534/534
f 539/539/539 538/538/538 537/537/537
f 540/540/540 537/537/537 538/538/538
f 537/537/537 540/540/540 541/541/541
f 542/542/542 541/541/541 540/540/540
f 541/541/541 542/542/542 543/543/543
f 544/544/544 543/543/543 542/542/542
f 543/543/543 544/544/544 545/545/545
f 546/546/546 545/545/545 544/544/544
f 549/549/549 548/548/548 547/547/547
f 550/550/550 547/547/547 548/548/548
f 547/547/547 550/550/550 551/551/551
f 552/552/552 551/551/551 550/550/550
f 551/551/551 552/552/552 553/553/553
f 554/554/554 553/553/553 552/552/552
f 553/553/553 554/554/554 555/555/555
f 556/556/556 555/555/555 554/554/554
f 559/559/559 558/558/558 557/557/557
f 560/560/560 557/557/557 558/558/558
f 557/557/557 560/560/560 561/561/561
f 562/562/562 561/561/561 560/560/560
f 561/561/561 562/562/562 563/563/563
f 564/564/564 563/563/563 562/562/562
f 563/563/563 564/564/564 565/565/565
f 566/566/566 565/565/565 564/564/564
f 569/569/569 568/568/568 567/567/567
f 570/570/570 567/567/567 568/568/568
f 567/567/567 570/570/570 571/571/571
f 572/572/572 571/571/571 570/570/570
f 571/571/571 572/572/572 573/573/573
f 574/574/574 573/573/573 572/572/572
f 573/573/573 574/574/574 575/575/575
f 576/576/576 575/575/575 574/574/574
f 579/579/579 578/578/578 577/577/577
f 580/580/580 577/577/577 578/578/578
f 577/577/577 580/580/580 581/581/581
f 582/582/582 581/581/581 580/580/580
f 581/581/581 582/582/582 583/583/583
f 584/584/584 583/583/583 582/582/582
f 583/583/583 584/584/584 585/585/585
f 586/586/586 585/585/585 584/584/584
f 589/589/589 588/588/588 587/587/587
f 590/590/590 587/587/587 588/588/588
f 587/587/587 590/590/590 591/591/591
f 592/592/592 591/591/591 590/590/590
f 591/591/591 592/592/592 593/593/593
f 594/594/594 593/593/593 592/592/592
f 593/593/593 594/594/594 595/595/595
f 596/596/596 595/595/595 594/594/594
f 599/599/599 598/598/598 597/597/597
f 600/600/600 597/597/597 598/598/598
f 597/597/597 600/600/600 601/601/601
f 602/602/602 601/601/601 600/600/600
f 601/601/601 602/602/602 603/603/603
f 604/604/604 603/603/603 602/602/602
f 603/603/603 604/604/604 605/605/605
f 606/606/606 605/605/605 604/604/604
f 609/609/609 608/608/608 607/607/607
f 610/610/610 607/607/607 608/608/608
f 607/607/607 610/610/610 611/611/611
f 612/612/612 611/611/611 610/610/610
f 611/611/611 612/612/612 613/613/613
f 614/614/614 613/613/613 612/612/612
f 613/613/613 614/614/614 615/615/615
f 616/616/616 615/615/615 614/614/614
f 619/619/619 618/618/618 617/617/617
f 620/620/620 617/617/617 618/618/618
f 617/617/617 620/620/620 621/621/621
f 622/622/622 621/621/621 620/620/620
f 621/621/621 622/622/622 623/623/623
f 624/624/624 623/623/623 622/622/622
f 623/623/623 624/624/624 625/625/625
f 626/626/626 625/625/625 624/624/624
f 629/629/629 628/628/628 627/627/627
f 630/630/630 627/627/627 628/628/628
f 627/627/627 630/630/630 631/631/631
f 632/632/632 631/631/631 630/630/630
f 631/631/631 632/632/632 633/633/633
f 634/634/634 633/633/633 632/632/632
f 633/633/633 634/634/634 635/635/635
f 636/636/636 635/635/635 634/634/634
f 639/639/639 638/638/638 637/637/637
f 640/640/640 637/637/637 638/638/638
f 637/637/637 640/640/640 641/641/641
f 642/642/642 641/641/641 640/640/640
f 641/641/641 642/642/642 643/643/643
f 644/644/644 643/643/643 642/642/642
f 643/643/643 644/644/644 645/645/645
f 646/646/646 645/645/645 644/644/644
f 649/649/649 648/648/648 647/647/647
f 650/650/650 647/647/647 648/648/648
f 647/647/647 650/650/650 651/651/651
f 652/652/652 651/651/651 650/650/650
f 651/651/651 652/652/652 653/653/653
f 654/654/654 653/653/653 652/652/652
f 653/653/653 654/654/654 655/655/655
f 656/656/656 655/655/655 654/654/654
f 659/659/659 658/658/658 657/657/657
f 660/660/660 657/657/657 658/658/658
f 657/657/657 660/660/660 661/661/661
f 662/662/662 661/661/661 660/660/660
f 661/661/661 662/662/662 663/663/663
f 664/664/664 663/663/663 662/662/662
f 663/663/663 664/664/664 665/665/665
f 666/666/666 665/665/665 664/664/664
f 669/669/669 668/668/668 667/667/667
f 670/670/670 667/667/667 668/668/668
f 667/667/667 670/670/670 671/671/671
f 672/672/672 671/671/671 670/670/670
f 671/671/671 672/672/672 673/673/673
f 674/674/674 673/673/673 672/672/672
f 673/673/673 674/674/674 675/675/675
f 676/676/676 675/675/675 674/674/674
f 679/679/679 678/678/678 677/677/677
f 680/680/680 677/677/677 678/678/678
f 683/683/683 682/682/682 681/681/681
f 684/684/684 681/681/681 682/682/682
f 687/687/687 686/686/686 685/685/685
f 688/688/688 685/685/685 686/686/686
f 691/691/691 690/690/690 689/689/689
f 692/692/692 689/689/689 690/690/690
f 695/695/695 694/694/694 693/693/693
f 696/696/696 693/693/693 694/694/694
f 699/699/699 698/698/698 697/697/697
f 700/700/700 697/697/697 698/698/698
f 703/703/703 702/702/702 701/701/701
f 704/704/704 701/701/701 702/702/702
f 707/707/707 706/706/706 705/705/705
f 708/708/708 705/705/705 706/706/706
f 711/711/711 710/710/710 709/709/709
f 712/712/712 709/709/709 710/710/710
f 709/709/709 712/712/712 713/713/713
f 714/714/714 713/713/713 712/712/712
f 713/713/713 714/714/714 715/715/715
f 716/716/716 715/715/715 714/714/714
f 715/715/715 716/716/716 717/717/717
f 718/718/718 717/717/717 716/716/716
f 721/721/721 720/720/720 719/719/719
f 720/720/720 722/722/722 719/719/719
f 720/720/720 723/723/723 722/722/722
f 722/722/722 724/724/724 719/719/719
f 724/724/724 725/725/725 719/719/719
f 723/723/723 726/726/726 722/722/722
f 723/723/723 727/727/727 726/726/726
f 727/727/727 728/728/728 726/726/726
f 728/728/728 729/729/729 726/726/726
f 726/726/726 730/730/730 722/722/722
f 729/729/729 730/730/730 726/726/726
f 730/730/730 724/724/724 722/722/722
f 729/729/729 731/731/731 730/730/730
f 731/731/731 732/732/732 730/730/730
f 730/730/730 732/732/732 724/724/724
f 732/732/732 731/731/731 733/733/733
f 724/724/724 734/734/734 725/725/725
f 732/732/732 734/734/734 724/724/724
f 734/734/734 735/735/735 725/725/725
f 736/736/736 732/732/732 733/733/733
f 734/734/734 732/732/732 736/736/736
f 735/735/735 734/734/734 737/737/737
f 737/737/737 734/734/734 736/736/736
f 738/738/738 735/735/735 737/737/737
f 739/739/739 738/738/738 737/737/737
f 740/740/740 739/739/739 737/737/737
f 740/740/740 737/737/737 736/736/736
f 741/741/741 740/740/740 736/736/736
f 741/741/741 736/736/736 733/733/733
f 742/742/742 741/741/741 733/733/733
f 745/745/745 744/744/744 743/743/743
f 746/746/746 745/745/745 743/743/743
f 746/746/746 743/743/743 747/747/747
f 748/748/748 746/746/746 747/747/747
f 748/748/748 747/747/747 749/749/749
f 750/750/750 748/748/748 749/749/749
f 750/750/750 749/749/749 751/751/751
f 752/752/752 750/750/750 751/751/751
f 752/752/752 751/751/751 753/753/753
f 754/754/754 752/752/752 753/753/753
f 757/757/757 756/756/756 755/755/755
f 758/758/758 755/755/755 756/756/756
f 761/761/761 760/760/760 759/759/759
f 762/762/762 759/759/759 760/760/760
f 765/765/765 764/764/764 763/763/763
f 766/766/766 763/763/763 764/764/764
f 769/769/769 768/768/768 767/767/767
f 770/770/770 767/767/767 768/768/768
f 773/773/773 772/772/772 771/771/771
f 774/774/774 771/771/771 772/772/772
f 777/777/777 776/776/776 775/775/775
f 778/778/778 775/775/775 776/776/776
f 781/781/781 780/780/780 779/779/779
f 782/782/782 779/779/779 780/780/780
f 785/785/785 784/784/784 783/783/783
f 786/786/786 783/783/783 784/784/784
f 784/784/784 787/787/787 786/786/786
f 788/788/788 786/786/786 787/787/787
f 787/787/787 789/789/789 788/788/788
f 790/790/790 788/788/788 789/789/789
f 789/789/789 791/791/791 790/790/790
f 792/792/792 790/790/790 791/791/791
f 795/795/795 794/794/794 793/793/793
f 796/796/796 793/793/793 794/794/794
f 794/794/794 797/797/797 796/796/796
f 798/798/798 796/796/796 797/797/797
f 801/801/801 800/800/800 799/799/799
f 802/802/802 799/799/799 800/800/800
f 800/800/800 803/803/803 802/802/802
f 804/804/804 802/802/802 803/803/803
f 807/807/807 806/806/806 805/805/805
f 808/808/808 807/807/807 805/805/805
f 811/811/811 810/810/810 809/809/809
f 812/812/812 811/811/811 809/809/809
f 815/815/815 814/814/814 813/813/813
f 816/816/816 815/815/815 813/813/813
f 819/819/819 818/818/818 817/817/817
f 818/818/818 820/820/820 817/817/817
f 820/820/820 821/821/821 817/817/817
f 821/821/821 822/822/822 817/817/817
f 825/825/825 824/824/824 823/823/823
f 826/826/826 823/823/823 824/824/824
f 823/823/823 828/828/828 827/827/827
f 829/829/829 827/827/827 828/828/828
f 831/831/831 828/828/828 830/830/830
f 832/832/832 830/830/830 828/828/828
f 834/834/834 833/833/833 832/832/832
f 835/835/835 832/832/832 833/833/833
f 838/838/838 837/837/837 836/836/836
f 839/839/839 836/836/836 837/837/837
f 842/842/842 841/841/841 840/840/840
f 843/843/843 840/840/840 841/841/841
f 846/846/846 845/845/845 844/844/844
f 847/847/847 844/844/844 845/845/845
f 850/850/850 849/849/849 848/848/848
f 851/851/851 848/848/848 849/849/849
f 854/854/854 853/853/853 852/852/852
f 855/855/855 852/852/852 853/853/853
f 858/858/858 857/857/857 856/856/856
f 859/859/859 856/856/856 857/857/857
f 862/862/862 861/861/861 860/860/860
f 863/863/863 860/860/860 861/861/861
f 860/860/860 865/865/865 864/864/864
f 866/866/866 864/864/864 865/865/865
f 863/863/863 868/868/868 867/867/867
f 869/869/869 867/867/867 868/868/868
f 867/867/867 871/871/871 870/870/870
f 872/872/872 870/870/870 871/871/871
f 875/875/875 874/874/874 873/873/873
f 876/876/876 873/873/873 874/874/874
f 879/879/879 878/878/878 877/877/877
f 880/880/880 877/877/877 878/878/878
f 878/878/878 881/881/881 880/880/880
f 882/882/882 880/880/880 881/881/881
f 881/881/881 883/883/883 882/882/882
f 884/884/884 882/882/882 883/883/883
f 887/887/887 886/886/886 885/885/885
f 888/888/888 885/885/885 886/886/886
f 886/886/886 889/889/889 888/888/888
f 890/890/890 888/888/888 889/889/889
f 893/893/893 892/892/892 891/891/891
f 894/894/894 891/891/891 892/892/892
f 892/892/892 895/895/895 894/894/894
f 896/896/896 894/894/894 895/895/895
f 899/899/899 898/898/898 897/897/897
f 900/900/900 897/897/897 898/898/898
f 898/898/898 901/901/901 900/900/900
f 902/902/902 900/900/900 901/901/901
f 905/905/905 904/904/904 903/903/903
f 906/906/906 903/903/903 904/904/904
f 904/904/904 907/907/907 906/906/906
f 908/908/908 906/906/906 907/907/907
f 911/911/911 910/910/910 909/909/909
f 912/912/912 909/909/909 910/910/910
f 910/910/910 913/913/913 912/912/912
f 914/914/914 912/912/912 913/913/913
f 913/913/913 915/915/915 914/914/914
f 916/916/916 914/914/914 915/915/915
f 919/919/919 918/918/918 917/917/917
f 920/920/920 917/917/917 918/918/918
f 923/923/923 922/922/922 921/921/921
f 924/924/924 921/921/921 922/922/922
f 922/922/922 925/925/925 924/924/924
f 926/926/926 924/924/924 925/925/925
f 925/925/925 927/927/927 926/926/926
f 928/928/928 926/926/926 927/927/927
f 927/927/927 929/929/929 928/928/928
f 930/930/930 928/928/928 929/929/929
f 933/933/933 932/932/932 931/931/931
f 934/934/934 931/931/931 932/932/932
f 932/932/932 935/935/935 934/934/934
f 936/936/936 934/934/934 935/935/935
f 935/935/935 937/937/937 936/936/936
f 938/938/938 936/936/936 937/937/937
f 937/937/937 939/939/939 938/938/938
f 940/940/940 938/938/938 939/939/939
f 943/943/943 942/942/942 941/941/941
f 944/944/944 941/941/941 942/942/942
f 942/942/942 945/945/945 944/944/944
f 946/946/946 944/944/944 945/945/945
f 945/945/945 947/947/947 946/946/946
f 948/948/948 946/946/946 947/947/947
f 947/947/947 949/949/949 948/948/948
f 950/950/950 948/948/948 949/949/949
f 953/953/953 952/952/952 951/951/951
f 954/954/954 951/951/951 952/952/952
f 952/952/952 955/955/955 954/954/954
f 956/956/956 954/954/954 955/955/955
f 955/955/955 957/957/957 956/956/956
f 958/958/958 956/956/956 957/957/957
f 957/957/957 959/959/959 958/958/958
f 960/960/960 958/958/958 959/959/959
f 963/963/963 962/962/962 961/961/961
f 964/964/964 961/961/961 962/962/962
f 962/962/962 965/965/965 964/964/964
f 966/966/966 964/964/964 965/965/965
f 965/965/965 967/967/967 966/966/966
f 968/968/968 966/966/966 967/967/967
f 967/967/967 969/969/969 968/968/968
f 970/970/970 968/968/968 969/969/969
f 973/973/973 972/972/972 971/971/971
f 974/974/974 971/971/971 972/972/972
f 972/972/972 975/975/975 974/974/974
f 976/976/976 974/974/974 975/975/975
f 975/975/975 977/977/977 976/976/976
f 978/978/978 976/976/976 977/977/977
f 977/977/977 979/979/979 978/978/978
f 980/980/980 978/978/978 979/979/979
f 983/983/983 982/982/982 981/981/981
f 984/984/984 981/981/981 982/982/982
f 982/982/982 985/985/985 984/984/984
f 986/986/986 984/984/984 985/985/985
f 985/985/985 987/987/987 986/986/986
f 988/988/988 986/986/986 987/987/987
f 987/987/987 989/989/989 988/988/988
f 990/990/990 988/988/988 989/989/989
f 993/993/993 992/992/992 991/991/991
f 994/994/994 991/991/991 992/992/992
f 992/992/992 995/995/995 994/994/994
f 996/996/996 994/994/994 995/995/995
f 995/995/995 997/997/997 996/996/996
f 998/998/998 996/996/996 997/997/997
f 997/997/997 999/999/999 998/998/998
f 1000/1000/1000 998/998/998 999/999/999
f 1003/1003/1003 1002/1002/1002 1001/1001/1001
f 1004/1004/1004 1001/1001/1001 1002/1002/1002
f 1002/1002/1002 1005/1005/1005 1004/1004/1004
f 1006/1006/1006 1004/1004/1004 1005/1005/1005
f 1005/1005/1005 1007/1007/1007 1006/1006/1006
f 1008/1008/1008 1006/1006/1006 1007/1007/1007
f 1007/1007/1007 1009/1009/1009 1008/1008/1008
f 1010/1010/1010 1008/1008/1008 1009/1009/1009
f 1013/1013/1013 1012/1012/1012 1011/1011/1011
f 1014/1014/1014 1011/1011/1011 1012/1012/1012
f 1012/1012/1012 1015/1015/1015 1014/1014/1014
f 1016/1016/1016 1014/1014/1014 1015/1015/1015
f 1015/1015/1015 1017/1017/1017 1016/1016/1016
f 1018/1018/1018 1016/1016/1016 1017/1017/1017
f 1017/1017/1017 1019/1019/1019 1018/1018/1018
f 1020/1020/1020 1018/1018/1018 1019/1019/1019
f 1023/1023/1023 1022/1022/1022 1021/1021/1021
f 1024/1024/1024 1021/1021/1021 1022/1022/1022
f 1022/1022/1022 1025/1025/1025 1024/1024/1024
f 1026/1026/1026 1024/1024/1024 1025/1025/1025
f 1025/1025/1025 1027/1027/1027 1026/1026/1026
f 1028/1028/1028 1026/1026/1026 1027/1027/1027
f 1027/1027/1027 1029/1029/1029 1028/1028/1028
f 1030/1030/1030 1028/1028/1028 1029/1029/1029
f 1033/1033/1033 1032/1032/1032 1031/1031/1031
f 1034/1034/1034 1031/1031/1031 1032/1032/1032
f 1032/1032/1032 1035/1035/1035 1034/1034/1034
f 1036/1036/1036 1034/1034/1034 1035/1035/1035
f 1035/1035/1035 1037/1037/1037 1036/1036/1036
f 1038/1038/1038 1036/1036/1036 1037/1037/1037
f 1037/1037/1037 1039/1039/1039 1038/1038/1038
f 1040/1040/1040 1038/1038/1038 1039/1039/1039
f 1043/1043/1043 1042/1042/1042 1041/1041/1041
f 1044/1044/1044 1041/1041/1041 1042/1042/1042
f 1042/1042/1042 1045/1045/1045 1044/1044/1044
f 1046/1046/1046 1044/1044/1044 1045/1045/1045
f 1045/1045/1045 1047/1047/1047 1046/1046/1046
f 1048/1048/1048 1046/1046/1046 1047/1047/1047
f 1047/1047/1047 1049/1049/1049 1048/1048/1048
f 1050/1050/1050 1048/1048/1048 1049/1049/1049
f 1053/1053/1053 1052/1052/1052 1051/1051/1051
f 1054/1054/1054 1053/1053/1053 1051/1051/1051
f 1057/1057/1057 1056/1056/1056 1055/1055/1055
f 1058/1058/1058 1057/1057/1057 1055/1055/1055
f 1061/1061/1061 1060/1060/1060 1059/1059/1059
f 1062/1062/1062 1061/1061/1061 1059/1059/1059
f 1065/1065/1065 1064/1064/1064 1063/1063/1063
f 1066/1066/1066 1065/1065/1065 1063/1063/1063
f 1069/1069/1069 1068/1068/1068 1067/1067/1067
f 1070/1070/1070 1069/1069/1069 1067/1067/1067
f 1073/1073/1073 1072/1072/1072 1071/1071/1071
f 1074/1074/1074 1073/1073/1073 1071/1071/1071
f 1077/1077/1077 1076/1076/1076 1075/1075/1075
f 1078/1078/1078 1077/1077/1077 1075/1075/1075
f 1081/1081/1081 1080/1080/1080 1079/1079/1079
f 1082/1082/1082 1079/1079/1079 1080/1080/1080
f 1080/1080/1080 1083/1083/1083 1082/1082/1082
f 1084/1084/1084 1082/1082/1082 1083/1083/1083
f 1083/1083/1083 1085/1085/1085 1084/1084/1084
f 1086/1086/1086 1084/1084/1084 1085/1085/1085
f 1085/1085/1085 1087/1087/1087 1086/1086/1086
f 1088/1088/1088 1086/1086/1086 1087/1087/1087
f 1091/1091/1091 1090/1090/1090 1089/1089/1089
f 1092/1092/1092 1089/1089/1089 1090/1090/1090
f 1090/1090/1090 1093/1093/1093 1092/1092/1092
f 1089/1089/1089 1092/1092/1092 1094/1094/1094
f 1095/1095/1095 1092/1092/1092 1093/1093/1093
f 1093/1093/1093 1096/1096/1096 1095/1095/1095
f 1097/1097/1097 1095/1095/1095 1096/1096/1096
f 1098/1098/1098 1094/1094/1094 1092/1092/1092
f 1092/1092/1092 1095/1095/1095 1098/1098/1098
f 1094/1094/1094 1098/1098/1098 1099/1099/1099
f 1100/1100/1100 1099/1099/1099 1098/1098/1098
f 1095/1095/1095 1097/1097/1097 1101/1101/1101
f 1101/1101/1101 1098/1098/1098 1095/1095/1095
f 1098/1098/1098 1101/1101/1101 1100/1100/1100
f 1102/1102/1102 1101/1101/1101 1097/1097/1097
f 1103/1103/1103 1100/1100/1100 1101/1101/1101
f 1101/1101/1101 1102/1102/1102 1103/1103/1103
f 1104/1104/1104 1103/1103/1103 1102/1102/1102
f 1107/1107/1107 1106/1106/1106 1105/1105/1105
f 1106/1106/1106 1108/1108/1108 1105/1105/1105
f 1106/1106/1106 1109/1109/1109 1108/1108/1108
f 1109/1109/1109 1110/1110/1110 1108/1108/1108
f 1110/1110/1110 1109/1109/1109 1111/1111/1111
f 1109/1109/1109 1112/1112/1112 1111/1111/1111
f 1115/1115/1115 1114/1114/1114 1113/1113/1113
f 1116/1116/1116 1113/1113/1113 1114/1114/1114
f 1113/1113/1113 1116/1116/1116 1117/1117/1117
f 1118/1118/1118 1117/1117/1117 1116/1116/1116
f 1117/1117/1117 1118/1118/1118 1119/1119/1119
f 1120/1120/1120 1119/1119/1119 1118/1118/1118
f 1119/1119/1119 1120/1120/1120 1121/1121/1121
f 1122/1122/1122 1121/1121/1121 1120/1120/1120
f 1122/1122/1122 1123/1123/1123 1121/1121/1121
f 1124/1124/1124 1121/1121/1121 1123/1123/1123
f 1127/1127/1127 1126/1126/1126 1125/1125/1125
f 1128/1128/1128 1125/1125/1125 1126/1126/1126
f 1126/1126/1126 1129/1129/1129 1128/1128/1128
f 1128/1128/1128 1130/1130/1130 1125/1125/1125
f 1131/1131/1131 1125/1125/1125 1130/1130/1130
f 1132/1132/1132 1128/1128/1128 1129/1129/1129
f 1129/1129/1129 1133/1133/1133 1132/1132/1132
f 1130/1130/1130 1134/1134/1134 1131/1131/1131
f 1135/1135/1135 1131/1131/1131 1134/1134/1134
f 1134/1134/1134 1130/1130/1130 1136/1136/1136
f 1130/1130/1130 1128/1128/1128 1137/1137/1137
f 1137/1137/1137 1136/1136/1136 1130/1130/1130
f 1132/1132/1132 1137/1137/1137 1128/1128/1128
f 1137/1137/1137 1138/1138/1138 1136/1136/1136
f 1137/1137/1137 1132/1132/1132 1138/1138/1138
f 1139/1139/1139 1136/1136/1136 1138/1138/1138
f 1140/1140/1140 1132/1132/1132 1133/1133/1133
f 1140/1140/1140 1138/1138/1138 1132/1132/1132
f 1133/1133/1133 1141/1141/1141 1140/1140/1140
f 1138/1138/1138 1142/1142/1142 1139/1139/1139
f 1138/1138/1138 1140/1140/1140 1142/1142/1142
f 1143/1143/1143 1139/1139/1139 1142/1142/1142
f 1144/1144/1144 1140/1140/1140 1141/1141/1141
f 1144/1144/1144 1142/1142/1142 1140/1140/1140
f 1141/1141/1141 1145/1145/1145 1144/1144/1144
f 1146/1146/1146 1144/1144/1144 1145/1145/1145
f 1144/1144/1144 1146/1146/1146 1142/1142/1142
f 1147/1147/1147 1142/1142/1142 1146/1146/1146
f 1142/1142/1142 1147/1147/1147 1143/1143/1143
f 1148/1148/1148 1143/1143/1143 1147/1147/1147
f 1151/1151/1151 1150/1150/1150 1149/1149/1149
f 1152/1152/1152 1151/1151/1151 1149/1149/1149
f 1152/1152/1152 1149/1149/1149 1153/1153/1153
f 1154/1154/1154 1152/1152/1152 1153/1153/1153
f 1154/1154/1154 1153/1153/1153 1155/1155/1155
f 1156/1156/1156 1154/1154/1154 1155/1155/1155
f 1159/1159/1159 1158/1158/1158 1157/1157/1157
f 1160/1160/1160 1159/1159/1159 1157/1157/1157
f 1163/1163/1163 1162/1162/1162 1161/1161/1161
f 1164/1164/1164 1163/1163/1163 1161/1161/1161
f 1167/1167/1167 1166/1166/1166 1165/1165/1165
f 1168/1168/1168 1167/1167/1167 1165/1165/1165
f 1168/1168/1168 1165/1165/1165 1169/1169/1169
f 1170/1170/1170 1168/1168/1168 1169/1169/1169
f 1170/1170/1170 1169/1169/1169 1171/1171/1171
f 1172/1172/1172 1170/1170/1170 1171/1171/1171
f 1175/1175/1175 1174/1174/1174 1173/1173/1173
f 1176/1176/1176 1175/1175/1175 1173/1173/1173
f 1179/1179/1179 1178/1178/1178 1177/1177/1177
f 1180/1180/1180 1179/1179/1179 1177/1177/1177
f 1181/1181/1181 1180/1180/1180 1177/1177/1177
f 1182/1182/1182 1181/1181/1181 1177/1177/1177
f 1182/1182/1182 1183/1183/1183 1181/1181/1181
f 1183/1183/1183 1184/1184/1184 1181/1181/1181
f 1183/1183/1183 1185/1185/1185 1184/1184/1184
f 1185/1185/1185 1186/1186/1186 1184/1184/1184
f 1185/1185/1185 1187/1187/1187 1186/1186/1186
f 1187/1187/1187 1188/1188/1188 1186/1186/1186
f 1191/1191/1191 1190/1190/1190 1189/1189/1189
f 1192/1192/1192 1191/1191/1191 1189/1189/1189
f 1192/1192/1192 1193/1193/1193 1191/1191/1191
f 1193/1193/1193 1194/1194/1194 1191/1191/1191
f 1193/1193/1193 1195/1195/1195 1194/1194/1194
f 1195/1195/1195 1196/1196/1196 1194/1194/1194
f 1199/1199/1199 1198/1198/1198 1197/1197/1197
f 1197/1197/1197 1198/1198/1198 1200/1200/1200
f 1198/1198/1198 1201/1201/1201 1200/1200/1200
f 1202/1202/1202 1200/1200/1200 1201/1201/1201
f 1201/1201/1201 1198/1198/1198 1203/1203/1203
f 1202/1202/1202 1201/1201/1201 1204/1204/1204
f 1204/1204/1204 1201/1201/1201 1203/1203/1203
f 1205/1205/1205 1202/1202/1202 1204/1204/1204
f 1206/1206/1206 1205/1205/1205 1204/1204/1204
f 1207/1207/1207 1206/1206/1206 1204/1204/1204
f 1207/1207/1207 1204/1204/1204 1203/1203/1203
f 1208/1208/1208 1207/1207/1207 1203/1203/1203
f 1211/1211/1211 1210/1210/1210 1209/1209/1209
f 1212/1212/1212 1209/1209/1209 1210/1210/1210
f 1215/1215/1215 1214/1214/1214 1213/1213/1213
f 1216/1216/1216 1213/1213/1213 1214/1214/1214
f 1219/1219/1219 1218/1218/1218 1217/1217/1217
f 1220/1220/1220 1217/1217/1217 1218/1218/1218
f 1223/1223/1223 1222/1222/1222 1221/1221/1221
f 1224/1224/1224 1221/1221/1221 1222/1222/1222
f 1227/1227/1227 1226/1226/1226 1225/1225/1225
f 1228/1228/1228 1227/1227/1227 1225/1225/1225
f 1228/1228/1228 1225/1225/1225 1229/1229/1229
f 1230/1230/1230 1228/1228/1228 1229/1229/1229
f 1233/1233/1233 1232/1232/1232 1231/1231/1231
f 1234/1234/1234 1233/1233/1233 1231/1231/1231
f 1237/1237/1237 1236/1236/1236 1235/1235/1235
f 1236/1236/1236 1238/1238/1238 1235/1235/1235
f 1239/1239/1239 1235/1235/1235 1238/1238/1238
f 1236/1236/1236 1240/1240/1240 1238/1238/1238
f 1241/1241/1241 1239/1239/1239 1238/1238/1238
f 1239/1239/1239 1241/1241/1241 1242/1242/1242
f 1241/1241/1241 1243/1243/1243 1242/1242/1242
f 1240/1240/1240 1244/1244/1244 1238/1238/1238
f 1241/1241/1241 1238/1238/1238 1244/1244/1244
f 1240/1240/1240 1245/1245/1245 1244/1244/1244
f 1241/1241/1241 1246/1246/1246 1243/1243/1243
f 1246/1246/1246 1241/1241/1241 1244/1244/1244
f 1246/1246/1246 1247/1247/1247 1243/1243/1243
f 1245/1245/1245 1248/1248/1248 1244/1244/1244
f 1246/1246/1246 1244/1244/1244 1248/1248/1248
f 1245/1245/1245 1249/1249/1249 1248/1248/1248
f 1246/1246/1246 1250/1250/1250 1247/1247/1247
f 1250/1250/1250 1246/1246/1246 1248/1248/1248
f 1250/1250/1250 1251/1251/1251 1247/1247/1247
f 1249/1249/1249 1252/1252/1252 1248/1248/1248
f 1250/1250/1250 1248/1248/1248 1252/1252/1252
f 1249/1249/1249 1253/1253/1253 1252/1252/1252
f 1253/1253/1253 1254/1254/1254 1252/1252/1252
f 1254/1254/1254 1255/1255/1255 1252/1252/1252
f 1250/1250/1250 1256/1256/1256 1251/1251/1251
f 1256/1256/1256 1250/1250/1250 1252/1252/1252
f 1255/1255/1255 1256/1256/1256 1252/1252/1252
f 1256/1256/1256 1257/1257/1257 1251/1251/1251
f 1256/1256/1256 1255/1255/1255 1257/1257/1257
f 1255/1255/1255 1258/1258/1258 1257/1257/1257
f 1261/1261/1261 1260/1260/1260 1259/1259/1259
f 1262/1262/1262 1261/1261/1261 1259/1259/1259
f 1262/1262/1262 1259/1259/1259 1263/1263/1263
f 1264/1264/1264 1262/1262/1262 1263/1263/1263
f 1264/1264/1264 1263/1263/1263 1265/1265/1265
f 1266/1266/1266 1264/1264/1264 1265/1265/1265
f 1266/1266/1266 1265/1265/1265 1267/1267/1267
f 1268/1268/1268 1266/1266/1266 1267/1267/1267
f 1271/1271/1271 1270/1270/1270 1269/1269/1269
f 1272/1272/1272 1271/1271/1271 1269/1269/1269
f 1275/1275/1275 1274/1274/1274 1273/1273/1273
f 1276/1276/1276 1275/1275/1275 1273/1273/1273
f 1279/1279/1279 1278/1278/1278 1277/1277/1277
f 1280/1280/1280 1277/1277/1277 1278/1278/1278
f 1278/1278/1278 1281/1281/1281 1280/1280/1280
f 1282/1282/1282 1280/1280/1280 1281/1281/1281
f 1281/1281/1281 1283/1283/1283 1282/1282/1282
f 1284/1284/1284 1282/1282/1282 1283/1283/1283
f 1287/1287/1287 1286/1286/1286 1285/1285/1285
f 1288/1288/1288 1285/1285/1285 1286/1286/1286
f 1286/1286/1286 1289/1289/1289 1288/1288/1288
f 1290/1290/1290 1288/1288/1288 1289/1289/1289
f 1293/1293/1293 1292/1292/1292 1291/1291/1291
f 1294/1294/1294 1291/1291/1291 1292/1292/1292
f 1292/1292/1292 1295/1295/1295 1294/1294/1294
f 1296/1296/1296 1294/1294/1294 1295/1295/1295
f 1295/1295/1295 1297/1297/1297 1296/1296/1296
f 1298/1298/1298 1296/1296/1296 1297/1297/1297
f 1301/1301/1301 1300/1300/1300 1299/1299/1299
f 1302/1302/1302 1299/1299/1299 1300/1300/1300
f 1305/1305/1305 1304/1304/1304 1303/1303/1303
f 1306/1306/1306 1303/1303/1303 1304/1304/1304
f 1309/1309/1309 1308/1308/1308 1307/1307/1307
f 1310/1310/1310 1307/1307/1307 1308/1308/1308
f 1308/1308/1308 1311/1311/1311 1310/1310/1310
f 1312/1312/1312 1310/1310/1310 1311/1311/1311
f 1311/1311/1311 1313/1313/1313 1312/1312/1312
f 1314/1314/1314 1312/1312/1312 1313/1313/1313
f 1317/1317/1317 1316/1316/1316 1315/1315/1315
f 1318/1318/1318 1315/1315/1315 1316/1316/1316
f 1316/1316/1316 1319/1319/1319 1318/1318/1318
f 1320/1320/1320 1318/1318/1318 1319/1319/1319
f 1323/1323/1323 1322/1322/1322 1321/1321/1321
f 1324/1324/1324 1321/1321/1321 1322/1322/1322
f 1322/1322/1322 1325/1325/1325 1324/1324/1324
f 1326/1326/1326 1324/1324/1324 1325/1325/1325
f 1325/1325/1325 1327/1327/1327 1326/1326/1326
f 1328/1328/1328 1326/1326/1326 1327/1327/1327
f 1331/1331/1331 1330/1330/1330 1329/1329/1329
f 1332/1332/1332 1329/1329/1329 1330/1330/1330
f 1335/1335/1335 1334/1334/1334 1333/1333/1333
f 1336/1336/1336 1333/1333/1333 1334/1334/1334
f 1339/1339/1339 1338/1338/1338 1337/1337/1337
f 1340/1340/1340 1337/1337/1337 1338/1338/1338
f 1343/1343/1343 1342/1342/1342 1341/1341/1341
f 1344/1344/1344 1341/1341/1341 1342/1342/1342
f 1347/1347/1347 1346/1346/1346 1345/1345/1345
f 1348/1348/1348 1345/1345/1345 1346/1346/1346
f 1351/1351/1351 1350/1350/1350 1349/1349/1349
f 1352/1352/1352 1349/1349/1349 1350/1350/1350
f 1355/1355/1355 1354/1354/1354 1353/1353/1353
f 1356/1356/1356 1353/1353/1353 1354/1354/1354
f 1354/1354/1354 1357/1357/1357 1356/1356/1356
f 1358/1358/1358 1356/1356/1356 1357/1357/1357
f 1357/1357/1357 1359/1359/1359 1358/1358/1358
f 1360/1360/1360 1358/1358/1358 1359/1359/1359
f 1359/1359/1359 1361/1361/1361 1360/1360/1360
f 1362/1362/1362 1360/1360/1360 1361/1361/1361
f 1365/1365/1365 1364/1364/1364 1363/1363/1363
f 1366/1366/1366 1363/1363/1363 1364/1364/1364
f 1369/1369/1369 1368/1368/1368 1367/1367/1367
f 1370/1370/1370 1367/1367/1367 1368/1368/1368
f 1373/1373/1373 1372/1372/1372 1371/1371/1371
f 1374/1374/1374 1371/1371/1371 1372/1372/1372
f 1377/1377/1377 1376/1376/1376 1375/1375/1375
f 1378/1378/1378 1375/1375/1375 1376/1376/1376
f 1381/1381/1381 1380/1380/1380 1379/1379/1379
f 1382/1382/1382 1379/1379/1379 1380/1380/1380
f 1385/1385/1385 1384/1384/1384 1383/1383/1383
f 1386/1386/1386 1383/1383/1383 1384/1384/1384
f 1389/1389/1389 1388/1388/1388 1387/1387/1387
f 1390/1390/1390 1387/1387/1387 1388/1388/1388
f 1393/1393/1393 1392/1392/1392 1391/1391/1391
f 1394/1394/1394 1391/1391/1391 1392/1392/1392
f 1397/1397/1397 1396/1396/1396 1395/1395/1395
f 1398/1398/1398 1395/1395/1395 1396/1396/1396
f 1401/1401/1401 1400/1400/1400 1399/1399/1399
f 1402/1402/1402 1399/1399/1399 1400/1400/1400
f 1400/1400/1400 1403/1403/1403 1402/1402/1402
f 1404/1404/1404 1402/1402/1402 1403/1403/1403
f 1403/1403/1403 1405/1405/1405 1404/1404/1404
f 1406/1406/1406 1404/1404/1404 1405/1405/1405
f 1409/1409/1409 1408/1408/1408 1407/1407/1407
f 1410/1410/1410 1407/1407/1407 1408/1408/1408
f 1413/1413/1413 1412/1412/1412 1411/1411/1411
f 1414/1414/1414 1411/1411/1411 1412/1412/1412
f 1417/1417/1417 1416/1416/1416 1415/1415/1415
f 1418/1418/1418 1415/1415/1415 1416/1416/1416
f 1421/1421/1421 1420/1420/1420 1419/1419/1419
f 1422/1422/1422 1419/1419/1419 1420/1420/1420
f 1425/1425/1425 1424/1424/1424 1423/1423/1423
f 1426/1426/1426 1423/1423/1423 1424/1424/1424
f 1429/1429/1429 1428/1428/1428 1427/1427/1427
f 1430/1430/1430 1427/1427/1427 1428/1428/1428
f 1433/1433/1433 1432/1432/1432 1431/1431/1431
f 1434/1434/1434 1431/1431/1431 1432/1432/1432
f 1437/1437/1437 1436/1436/1436 1435/1435/1435
f 1438/1438/1438 1435/1435/1435 1436/1436/1436
f 1441/1441/1441 1440/1440/1440 1439/1439/1439
f 1442/1442/1442 1439/1439/1439 1440/1440/1440
f 1445/1445/1445 1444/1444/1444 1443/1443/1443
f 1446/1446/1446 1443/1443/1443 1444/1444/1444
f 1449/1449/1449 1448/1448/1448 1447/1447/1447
f 1450/1450/1450 1447/1447/1447 1448/1448/1448
f 1453/1453/1453 1452/1452/1452 1451/1451/1451
f 1454/1454/1454 1451/1451/1451 1452/1452/1452
f 1457/1457/1457 1456/1456/1456 1455/1455/1455
f 1458/1458/1458 1455/1455/1455 1456/1456/1456
f 1461/1461/1461 1460/1460/1460 1459/1459/1459
f 1462/1462/1462 1459/1459/1459 1460/1460/1460
f 1465/1465/1465 1464/1464/1464 1463/1463/1463
f 1466/1466/1466 1463/1463/1463 1464/1464/1464
f 1469/1469/1469 1468/1468/1468 1467/1467/1467
f 1468/1468/1468 1470/1470/1470 1467/1467/1467
f 1473/1473/1473 1472/1472/1472 1471/1471/1471
f 1474/1474/1474 1471/1471/1471 1472/1472/1472
f 1475/1475/1475 1474/1474/1474 1472/1472/1472
f 1475/1475/1475 1476/1476/1476 1474/1474/1474
f 1477/1477/1477 1474/1474/1474 1476/1476/1476
f 1478/1478/1478 1477/1477/1477 1476/1476/1476
f 1477/1477/1477 1478/1478/1478 1479/1479/1479
f 1478/1478/1478 1480/1480/1480 1479/1479/1479
f 1481/1481/1481 1479/1479/1479 1480/1480/1480
f 1484/1484/1484 1483/1483/1483 1482/1482/1482
f 1485/1485/1485 1482/1482/1482 1483/1483/1483
f 1488/1488/1488 1487/1487/1487 1486/1486/1486
f 1489/1489/1489 1488/1488/1488 1486/1486/1486
f 1490/1490/1490 1488/1488/1488 1489/1489/1489
f 1491/1491/1491 1490/1490/1490 1489/1489/1489
f 1492/1492/1492 1490/1490/1490 1491/1491/1491
f 1493/1493/1493 1492/1492/1492 1491/1491/1491
f 1494/1494/1494 1492/1492/1492 1493/1493/1493
f 1495/1495/1495 1494/1494/1494 1493/1493/1493
f 1496/1496/1496 1494/1494/1494 1495/1495/1495
f 1497/1497/1497 1496/1496/1496 1495/1495/1495
f 1500/1500/1500 1499/1499/1499 1498/1498/1498
f 1501/1501/1501 1500/1500/1500 1498/1498/1498
f 1504/1504/1504 1503/1503/1503 1502/1502/1502
f 1505/1505/1505 1504/1504/1504 1502/1502/1502
f 1505/1505/1505 1502/1502/1502 1506/1506/1506
f 1507/1507/1507 1505/1505/1505 1506/1506/1506
f 1507/1507/1507 1506/1506/1506 1508/1508/1508
f 1509/1509/1509 1507/1507/1507 1508/1508/1508
f 1509/1509/1509 1508/1508/1508 1510/1510/1510
f 1511/1511/1511 1509/1509/1509 1510/1510/1510
f 1514/1514/1514 1513/1513/1513 1512/1512/1512
f 1515/1515/1515 1514/1514/1514 1512/1512/1512
f 1515/1515/1515 1512/1512/1512 1516/1516/1516
f 1517/1517/1517 1515/1515/1515 1516/1516/1516
f 1520/1520/1520 1519/1519/1519 1518/1518/1518
f 1521/1521/1521 1520/1520/1520 1518/1518/1518
f 1524/1524/1524 1523/1523/1523 1522/1522/1522
f 1522/1522/1522 1525/1525/1525 1524/1524/1524
f 1522/1522/1522 1526/1526/1526 1525/1525/1525
f 1529/1529/1529 1528/1528/1528 1527/1527/1527
f 1530/1530/1530 1529/1529/1529 1527/1527/1527
f 1533/1533/1533 1532/1532/1532 1531/1531/1531
f 1534/1534/1534 1533/1533/1533 1531/1531/1531
f 1537/1537/1537 1536/1536/1536 1535/1535/1535
f 1538/1538/1538 1537/1537/1537 1535/1535/1535
f 1538/1538/1538 1535/1535/1535 1539/1539/1539
f 1540/1540/1540 1538/1538/1538 1539/1539/1539
f 1543/1543/1543 1542/1542/1542 1541/1541/1541
f 1544/1544/1544 1543/1543/1543 1541/1541/1541
f 1547/1547/1547 1546/1546/1546 1545/1545/1545
f 1548/1548/1548 1547/1547/1547 1545/1545/1545
f 1551/1551/1551 1550/1550/1550 1549/1549/1549
f 1552/1552/1552 1551/1551/1551 1549/1549/1549
f 1555/1555/1555 1554/1554/1554 1553/1553/1553
f 1554/1554/1554 1556/1556/1556 1553/1553/1553
f 1553/1553/1553 1556/1556/1556 1557/1557/1557
f 1556/1556/1556 1558/1558/1558 1557/1557/1557
f 1561/1561/1561 1560/1560/1560 1559/1559/1559
f 1560/1560/1560 1562/1562/1562 1559/1559/1559
f 1559/1559/1559 1562/1562/1562 1563/1563/1563
f 1562/1562/1562 1564/1564/1564 1563/1563/1563
f 1567/1567/1567 1566/1566/1566 1565/1565/1565
f 1566/1566/1566 1568/1568/1568 1565/1565/1565
f 1565/1565/1565 1568/1568/1568 1569/1569/1569
f 1570/1570/1570 1568/1568/1568 1566/1566/1566
f 1571/1571/1571 1570/1570/1570 1566/1566/1566
f 1571/1571/1571 1572/1572/1572 1570/1570/1570
f 1572/1572/1572 1573/1573/1573 1570/1570/1570
f 1570/1570/1570 1573/1573/1573 1574/1574/1574
f 1570/1570/1570 1574/1574/1574 1568/1568/1568
f 1574/1574/1574 1575/1575/1575 1568/1568/1568
f 1577/1577/1577 1576/1576/1576 1574/1574/1574
f 1577/1577/1577 1578/1578/1578 1576/1576/1576
f 1579/1579/1579 1578/1578/1578 1577/1577/1577
f 1578/1578/1578 1580/1580/1580 1576/1576/1576
f 1582/1582/1582 1580/1580/1580 1581/1581/1581
f 1583/1583/1583 1582/1582/1582 1581/1581/1581
f 1583/1583/1583 1581/1581/1581 1584/1584/1584
f 1585/1585/1585 1583/1583/1583 1584/1584/1584
f 1586/1586/1586 1585/1585/1585 1584/1584/1584
f 1588/1588/1588 1582/1582/1582 1587/1587/1587
f 1589/1589/1589 1587/1587/1587 1582/1582/1582
f 1589/1589/1589 1590/1590/1590 1587/1587/1587
f 1591/1591/1591 1590/1590/1590 1589/1589/1589
f 1587/1587/1587 1592/1592/1592 1588/1588/1588
f 1593/1593/1593 1592/1592/1592 1587/1587/1587
f 1592/1592/1592 1594/1594/1594 1588/1588/1588
f 1593/1593/1593 1595/1595/1595 1592/1592/1592
f 1592/1592/1592 1596/1596/1596 1594/1594/1594
f 1595/1595/1595 1596/1596/1596 1592/1592/1592
f 1594/1594/1594 1596/1596/1596 1597/1597/1597
f 1596/1596/1596 1595/1595/1595 1598/1598/1598
f 1595/1595/1595 1599/1599/1599 1598/1598/1598
f 1596/1596/1596 1600/1600/1600 1597/1597/1597
f 1600/1600/1600 1596/1596/1596 1598/1598/1598
f 1597/1597/1597 1600/1600/1600 1601/1601/1601
f 1600/1600/1600 1598/1598/1598 1602/1602/1602
f 1600/1600/1600 1602/1602/1602 1601/1601/1601
f 1598/1598/1598 1603/1603/1603 1602/1602/1602
f 1602/1602/1602 1603/1603/1603 1604/1604/1604
f 1605/1605/1605 1602/1602/1602 1604/1604/1604
f 1605/1605/1605 1604/1604/1604 1606/1606/1606
f 1606/1606/1606 1607/1607/1607 1605/1605/1605
f 1601/1601/1601 1602/1602/1602 1608/1608/1608
f 1609/1609/1609 1601/1601/1601 1608/1608/1608
f 1610/1610/1610 1609/1609/1609 1608/1608/1608
f 1611/1611/1611 1610/1610/1610 1608/1608/1608
f 1611/1611/1611 1608/1608/1608 1612/1612/1612
f 1612/1612/1612 1608/1608/1608 1613/1613/1613
f 1614/1614/1614 1611/1611/1611 1612/1612/1612
f 1611/1611/1611 1615/1615/1615 1610/1610/1610
f 1610/1610/1610 1615/1615/1615 1616/1616/1616
f 1611/1611/1611 1614/1614/1614 1617/1617/1617
f 1615/1615/1615 1611/1611/1611 1617/1617/1617
f 1614/1614/1614 1618/1618/1618 1617/1617/1617
f 1619/1619/1619 1615/1615/1615 1617/1617/1617
f 1622/1622/1622 1621/1621/1621 1620/1620/1620
f 1623/1623/1623 1622/1622/1622 1620/1620/1620
f 1626/1626/1626 1625/1625/1625 1624/1624/1624
f 1627/1627/1627 1626/1626/1626 1624/1624/1624
f 1630/1630/1630 1629/1629/1629 1628/1628/1628
f 1631/1631/1631 1630/1630/1630 1628/1628/1628
f 1634/1634/1634 1633/1633/1633 1632/1632/1632
f 1635/1635/1635 1634/1634/1634 1632/1632/1632
f 1638/1638/1638 1637/1637/1637 1636/1636/1636
f 1639/1639/1639 1638/1638/1638 1636/1636/1636
f 1642/1642/1642 1641/1641/1641 1640/1640/1640
f 1643/1643/1643 1642/1642/1642 1640/1640/1640
f 1646/1646/1646 1645/1645/1645 1644/1644/1644
f 1647/1647/1647 1646/1646/1646 1644/1644/1644
f 1650/1650/1650 1649/1649/1649 1648/1648/1648
f 1649/1649/1649 1651/1651/1651 1648/1648/1648
f 1648/1648/1648 1651/1651/1651 1652/1652/1652
f 1651/1651/1651 1653/1653/1653 1652/1652/1652
f 1656/1656/1656 1655/1655/1655 1654/1654/1654
f 1657/1657/1657 1656/1656/1656 1654/1654/1654
f 1660/1660/1660 1659/1659/1659 1658/1658/1658
f 1661/1661/1661 1660/1660/1660 1658/1658/1658
f 1664/1664/1664 1663/1663/1663 1662/1662/1662
f 1665/1665/1665 1662/1662/1662 1663/1663/1663
f 1668/1668/1668 1667/1667/1667 1666/1666/1666
f 1669/1669/1669 1666/1666/1666 1667/1667/1667
f 1672/1672/1672 1671/1671/1671 1670/1670/1670
f 1673/1673/1673 1672/1672/1672 1670/1670/1670
f 1676/1676/1676 1675/1675/1675 1674/1674/1674
f 1677/1677/1677 1676/1676/1676 1674/1674/1674
f 1680/1680/1680 1679/1679/1679 1678/1678/1678
f 1681/1681/1681 1680/1680/1680 1678/1678/1678
f 1684/1684/1684 1683/1683/1683 1682/1682/1682
f 1685/1685/1685 1684/1684/1684 1682/1682/1682
f 1688/1688/1688 1687/1687/1687 1686/1686/1686
f 1687/1687/1687 1689/1689/1689 1686/1686/1686
f 1686/1686/1686 1689/1689/1689 1690/1690/1690
f 1689/1689/1689 1691/1691/1691 1690/1690/1690
f 1694/1694/1694 1693/1693/1693 1692/1692/1692
f 1695/1695/1695 1694/1694/1694 1692/1692/1692
f 1698/1698/1698 1697/1697/1697 1696/1696/1696
f 1699/1699/1699 1698/1698/1698 1696/1696/1696
f 1702/1702/1702 1701/1701/1701 1700/1700/1700
f 1703/1703/1703 1702/1702/1702 1700/1700/1700
f 1706/1706/1706 1705/1705/1705 1704/1704/1704
f 1707/1707/1707 1706/1706/1706 1704/1704/1704
f 1710/1710/1710 1709/1709/1709 1708/1708/1708
f 1711/1711/1711 1710/1710/1710 1708/1708/1708
f 1714/1714/1714 1713/1713/1713 1712/1712/1712
f 1715/1715/1715 1714/1714/1714 1712/1712/1712
f 1718/1718/1718 1717/1717/1717 1716/1716/1716
f 1719/1719/1719 1718/1718/1718 1716/1716/1716
f 1722/1722/1722 1721/1721/1721 1720/1720/1720
f 1723/1723/1723 1722/1722/1722 1720/1720/1720
f 1726/1726/1726 1725/1725/1725 1724/1724/1724
f 1727/1727/1727 1726/1726/1726 1724/1724/1724
f 1730/1730/1730 1729/1729/1729 1728/1728/1728
f 1731/1731/1731 1730/1730/1730 1728/1728/1728
f 1734/1734/1734 1733/1733/1733 1732/1732/1732
f 1735/1735/1735 1734/1734/1734 1732/1732/1732
f 1735/1735/1735 1732/1732/1732 1736/1736/1736
f 1737/1737/1737 1735/1735/1735 1736/1736/1736
f 1740/1740/1740 1739/1739/1739 1738/1738/1738
f 1741/1741/1741 1740/1740/1740 1738/1738/1738
f 1744/1744/1744 1743/1743/1743 1742/1742/1742
f 1745/1745/1745 1744/1744/1744 1742/1742/1742
f 1748/1748/1748 1747/1747/1747 1746/1746/1746
f 1749/1749/1749 1746/1746/1746 1747/1747/1747
f 1749/1749/1749 1747/1747/1747 1750/1750/1750
f 1751/1751/1751 1749/1749/1749 1750/1750/1750
f 1749/1749/1749 1752/1752/1752 1746/1746/1746
f 1752/1752/1752 1753/1753/1753 1746/1746/1746
f 1754/1754/1754 1746/1746/1746 1753/1753/1753
f 1755/1755/1755 1752/1752/1752 1749/1749/1749
f 1756/1756/1756 1755/1755/1755 1749/1749/1749
f 1756/1756/1756 1749/1749/1749 1757/1757/1757
f 1750/1750/1750 1759/1759/1759 1758/1758/1758
f 1760/1760/1760 1750/1750/1750 1758/1758/1758
f 1760/1760/1760 1758/1758/1758 1761/1761/1761
f 1762/1762/1762 1760/1760/1760 1761/1761/1761
f 1761/1761/1761 1758/1758/1758 1763/1763/1763
f 1764/1764/1764 1761/1761/1761 1763/1763/1763
f 1762/1762/1762 1766/1766/1766 1765/1765/1765
f 1767/1767/1767 1765/1765/1765 1766/1766/1766
f 1767/1767/1767 1766/1766/1766 1768/1768/1768
f 1769/1769/1769 1767/1767/1767 1768/1768/1768
f 1767/1767/1767 1770/1770/1770 1765/1765/1765
f 1765/1765/1765 1770/1770/1770 1771/1771/1771
f 1769/1769/1769 1772/1772/1772 1767/1767/1767
f 1772/1772/1772 1770/1770/1770 1767/1767/1767
f 1772/1772/1772 1769/1769/1769 1773/1773/1773
f 1773/1773/1773 1774/1774/1774 1772/1772/1772
f 1770/1770/1770 1775/1775/1775 1771/1771/1771
f 1770/1770/1770 1772/1772/1772 1775/1775/1775
f 1771/1771/1771 1775/1775/1775 1776/1776/1776
f 1777/1777/1777 1772/1772/1772 1774/1774/1774
f 1772/1772/1772 1777/1777/1777 1775/1775/1775
f 1774/1774/1774 1778/1778/1778 1777/1777/1777
f 1778/1778/1778 1779/1779/1779 1777/1777/1777
f 1779/1779/1779 1780/1780/1780 1777/1777/1777
f 1777/1777/1777 1780/1780/1780 1781/1781/1781
f 1775/1775/1775 1777/1777/1777 1781/1781/1781
f 1775/1775/1775 1781/1781/1781 1776/1776/1776
f 1782/1782/1782 1776/1776/1776 1781/1781/1781
f 1781/1781/1781 1783/1783/1783 1782/1782/1782
f 1783/1783/1783 1784/1784/1784 1782/1782/1782
f 1784/1784/1784 1783/1783/1783 1785/1785/1785
f 1783/1783/1783 1786/1786/1786 1785/1785/1785
f 1786/1786/1786 1787/1787/1787 1785/1785/1785
f 1787/1787/1787 1788/1788/1788 1785/1785/1785
f 1787/1787/1787 1789/1789/1789 1788/1788/1788
f 1790/1790/1790 1788/1788/1788 1789/1789/1789
f 1791/1791/1791 1790/1790/1790 1789/1789/1789
f 1789/1789/1789 1792/1792/1792 1791/1791/1791
f 1792/1792/1792 1793/1793/1793 1791/1791/1791
f 1793/1793/1793 1794/1794/1794 1791/1791/1791
f 1791/1791/1791 1794/1794/1794 1790/1790/1790
f 1794/1794/1794 1795/1795/1795 1790/1790/1790
f 1795/1795/1795 1794/1794/1794 1796/1796/1796
f 1794/1794/1794 1797/1797/1797 1796/1796/1796
f 1797/1797/1797 1798/1798/1798 1796/1796/1796
f 1798/1798/1798 1799/1799/1799 1796/1796/1796
f 1800/1800/1800 1798/1798/1798 1797/1797/1797
f 1801/1801/1801 1800/1800/1800 1797/1797/1797
f 1801/1801/1801 1797/1797/1797 1802/1802/1802
f 1797/1797/1797 1794/1794/1794 1802/1802/1802
f 1794/1794/1794 1803/1803/1803 1802/1802/1802
f 1806/1806/1806 1805/1805/1805 1804/1804/1804
f 1807/1807/1807 1806/1806/1806 1804/1804/1804
f 1810/1810/1810 1809/1809/1809 1808/1808/1808
f 1811/1811/1811 1810/1810/1810 1808/1808/1808
f 1814/1814/1814 1813/1813/1813 1812/1812/1812
f 1815/1815/1815 1814/1814/1814 1812/1812/1812
f 1818/1818/1818 1817/1817/1817 1816/1816/1816
f 1819/1819/1819 1818/1818/1818 1816/1816/1816
f 1822/1822/1822 1821/1821/1821 1820/1820/1820
f 1823/1823/1823 1822/1822/1822 1820/1820/1820
f 1826/1826/1826 1825/1825/1825 1824/1824/1824
f 1827/1827/1827 1826/1826/1826 1824/1824/1824
f 1830/1830/1830 1829/1829/1829 1828/1828/1828
f 1831/1831/1831 1830/1830/1830 1828/1828/1828
f 1834/1834/1834 1833/1833/1833 1832/1832/1832
f 1835/1835/1835 1834/1834/1834 1832/1832/1832
f 1838/1838/1838 1837/1837/1837 1836/1836/1836
f 1839/1839/1839 1838/1838/1838 1836/1836/1836
f 1842/1842/1842 1841/1841/1841 1840/1840/1840
f 1843/1843/1843 1841/1841/1841 1842/1842/1842
f 1844/1844/1844 1843/1843/1843 1842/1842/1842
f 1841/1841/1841 1843/1843/1843 1845/1845/1845
f 1844/1844/1844 1846/1846/1846 1843/1843/1843
f 1845/1845/1845 1843/1843/1843 1847/1847/1847
f 1843/1843/1843 1846/1846/1846 1848/1848/1848
f 1843/1843/1843 1848/1848/1848 1847/1847/1847
f 1846/1846/1846 1849/1849/1849 1848/1848/1848
f 1850/1850/1850 1848/1848/1848 1849/1849/1849
f 1848/1848/1848 1851/1851/1851 1847/1847/1847
f 1848/1848/1848 1850/1850/1850 1851/1851/1851
f 1852/1852/1852 1851/1851/1851 1850/1850/1850
f 1852/1852/1852 1853/1853/1853 1851/1851/1851
f 1847/1847/1847 1851/1851/1851 1854/1854/1854
f 1853/1853/1853 1855/1855/1855 1851/1851/1851
f 1851/1851/1851 1855/1855/1855 1854/1854/1854
f 1855/1855/1855 1856/1856/1856 1854/1854/1854
f 1859/1859/1859 1858/1858/1858 1857/1857/1857
f 1860/1860/1860 1859/1859/1859 1857/1857/1857
f 1863/1863/1863 1862/1862/1862 1861/1861/1861
f 1864/1864/1864 1863/1863/1863 1861/1861/1861
f 1867/1867/1867 1866/1866/1866 1865/1865/1865
f 1868/1868/1868 1867/1867/1867 1865/1865/1865
f 1871/1871/1871 1870/1870/1870 1869/1869/1869
f 1872/1872/1872 1870/1870/1870 1871/1871/1871
f 1873/1873/1873 1872/1872/1872 1871/1871/1871
f 1874/1874/1874 1872/1872/1872 1873/1873/1873
f 1875/1875/1875 1874/1874/1874 1873/1873/1873
f 1873/1873/1873 1876/1876/1876 1875/1875/1875
f 1877/1877/1877 1874/1874/1874 1875/1875/1875
f 1878/1878/1878 1874/1874/1874 1877/1877/1877
f 1875/1875/1875 1879/1879/1879 1877/1877/1877
f 1876/1876/1876 1879/1879/1879 1875/1875/1875
f 1879/1879/1879 1880/1880/1880 1877/1877/1877
f 1881/1881/1881 1879/1879/1879 1876/1876/1876
f 1880/1880/1880 1879/1879/1879 1881/1881/1881
f 1882/1882/1882 1881/1881/1881 1876/1876/1876
f 1882/1882/1882 1883/1883/1883 1881/1881/1881
f 1884/1884/1884 1880/1880/1880 1881/1881/1881
f 1883/1883/1883 1885/1885/1885 1881/1881/1881
f 1881/1881/1881 1885/1885/1885 1884/1884/1884
f 1885/1885/1885 1886/1886/1886 1884/1884/1884
f 1888/1888/1888 1887/1887/1887 1878/1878/1878
f 1889/1889/1889 1888/1888/1888 1878/1878/1878
f 1889/1889/1889 1890/1890/1890 1888/1888/1888
f 1891/1891/1891 1890/1890/1890 1889/1889/1889
f 1892/1892/1892 1891/1891/1891 1889/1889/1889
f 1895/1895/1895 1894/1894/1894 1893/1893/1893
f 1896/1896/1896 1895/1895/1895 1893/1893/1893
f 1899/1899/1899 1898/1898/1898 1897/1897/1897
f 1900/1900/1900 1899/1899/1899 1897/1897/1897
f 1903/1903/1903 1902/1902/1902 1901/1901/1901
f 1904/1904/1904 1903/1903/1903 1901/1901/1901
f 1907/1907/1907 1906/1906/1906 1905/1905/1905
f 1908/1908/1908 1907/1907/1907 1905/1905/1905
f 1911/1911/1911 1910/1910/1910 1909/1909/1909
f 1910/1910/1910 1912/1912/1912 1909/1909/1909
f 1909/1909/1909 1912/1912/1912 1913/1913/1913
f 1912/1912/1912 1914/1914/1914 1913/1913/1913
f 1917/1917/1917 1916/1916/1916 1915/1915/1915
f 1918/1918/1918 1917/1917/1917 1915/1915/1915
f 1921/1921/1921 1920/1920/1920 1919/1919/1919
f 1922/1922/1922 1921/1921/1921 1919/1919/1919
f 1925/1925/1925 1924/1924/1924 1923/1923/1923
f 1926/1926/1926 1925/1925/1925 1923/1923/1923
f 1929/1929/1929 1928/1928/1928 1927/1927/1927
f 1930/1930/1930 1929/1929/1929 1927/1927/1927
f 1933/1933/1933 1932/1932/1932 1931/1931/1931
f 1931/1931/1931 1932/1932/1932 1934/1934/1934
f 1937/1937/1937 1936/1936/1936 1935/1935/1935
f 1938/1938/1938 1937/1937/1937 1935/1935/1935
f 1941/1941/1941 1940/1940/1940 1939/1939/1939
f 1942/1942/1942 1941/1941/1941 1939/1939/1939
f 1945/1945/1945 1944/1944/1944 1943/1943/1943
f 1946/1946/1946 1945/1945/1945 1943/1943/1943
f 1949/1949/1949 1948/1948/1948 1947/1947/1947
f 1950/1950/1950 1949/1949/1949 1947/1947/1947
f 1953/1953/1953 1952/1952/1952 1951/1951/1951
f 1954/1954/1954 1953/1953/1953 1951/1951/1951
f 1957/1957/1957 1956/1956/1956 1955/1955/1955
f 1958/1958/1958 1957/1957/1957 1955/1955/1955
f 1961/1961/1961 1960/1960/1960 1959/1959/1959
f 1962/1962/1962 1961/1961/1961 1959/1959/1959
f 1965/1965/1965 1964/1964/1964 1963/1963/1963
f 1966/1966/1966 1965/1965/1965 1963/1963/1963
f 1969/1969/1969 1968/1968/1968 1967/1967/1967
f 1970/1970/1970 1969/1969/1969 1967/1967/1967
f 1973/1973/1973 1972/1972/1972 1971/1971/1971
f 1974/1974/1974 1973/1973/1973 1971/1971/1971
f 1977/1977/1977 1976/1976/1976 1975/1975/1975
f 1978/1978/1978 1977/1977/1977 1975/1975/1975
f 1981/1981/1981 1980/1980/1980 1979/1979/1979
f 1980/1980/1980 1982/1982/1982 1979/1979/1979
f 1979/1979/1979 1982/1982/1982 1983/1983/1983
f 1980/1980/1980 1984/1984/1984 1982/1982/1982
f 1982/1982/1982 1985/1985/1985 1983/1983/1983
f 1984/1984/1984 1986/1986/1986 1982/1982/1982
f 1982/1982/1982 1986/1986/1986 1985/1985/1985
f 1984/1984/1984 1987/1987/1987 1986/1986/1986
f 1986/1986/1986 1988/1988/1988 1985/1985/1985
f 1987/1987/1987 1989/1989/1989 1986/1986/1986
f 1986/1986/1986 1989/1989/1989 1988/1988/1988
f 1987/1987/1987 1990/1990/1990 1989/1989/1989
f 1989/1989/1989 1991/1991/1991 1988/1988/1988
f 1990/1990/1990 1992/1992/1992 1989/1989/1989
f 1989/1989/1989 1992/1992/1992 1991/1991/1991
f 1992/1992/1992 1993/1993/1993 1991/1991/1991
f 1996/1996/1996 1995/1995/1995 1994/1994/1994
f 1995/1995/1995 1997/1997/1997 1994/1994/1994
f 1994/1994/1994 1997/1997/1997 1998/1998/1998
f 1995/1995/1995 1999/1999/1999 1997/1997/1997
f 1997/1997/1997 2000/2000/2000 1998/1998/1998
f 1999/1999/1999 2001/2001/2001 1997/1997/1997
f 1997/1997/1997 2001/2001/2001 2000/2000/2000
f 1999/1999/1999 2002/2002/2002 2001/2001/2001
f 2001/2001/2001 2003/2003/2003 2000/2000/2000
f 2002/2002/2002 2004/2004/2004 2001/2001/2001
f 2001/2001/2001 2004/2004/2004 2003/2003/2003
f 2002/2002/2002 2005/2005/2005 2004/2004/2004
f 2004/2004/2004 2006/2006/2006 2003/2003/2003
f 2005/2005/2005 2007/2007/2007 2004/2004/2004
f 2004/2004/2004 2007/2007/2007 2006/2006/2006
f 2007/2007/2007 2008/2008/2008 2006/2006/2006
f 2011/2011/2011 2010/2010/2010 2009/2009/2009
f 2012/2012/2012 2011/2011/2011 2009/2009/2009
f 2015/2015/2015 2014/2014/2014 2013/2013/2013
f 2014/2014/2014 2016/2016/2016 2013/2013/2013
f 2013/2013/2013 2016/2016/2016 2017/2017/2017
f 2014/2014/2014 2018/2018/2018 2016/2016/2016
f 2016/2016/2016 2019/2019/2019 2017/2017/2017
f 2017/2017/2017 2019/2019/2019 2020/2020/2020
f 2019/2019/2019 2021/2021/2021 2020/2020/2020
f 2018/2018/2018 2022/2022/2022 2016/2016/2016
f 2016/2016/2016 2022/2022/2022 2019/2019/2019
f 2018/2018/2018 2023/2023/2023 2022/2022/2022
f 2019/2019/2019 2024/2024/2024 2021/2021/2021
f 2022/2022/2022 2024/2024/2024 2019/2019/2019
f 2024/2024/2024 2025/2025/2025 2021/2021/2021
f 2023/2023/2023 2026/2026/2026 2022/2022/2022
f 2022/2022/2022 2026/2026/2026 2024/2024/2024
f 2023/2023/2023 2027/2027/2027 2026/2026/2026
f 2027/2027/2027 2028/2028/2028 2026/2026/2026
f 2024/2024/2024 2029/2029/2029 2025/2025/2025
f 2026/2026/2026 2029/2029/2029 2024/2024/2024
f 2026/2026/2026 2028/2028/2028 2029/2029/2029
f 2029/2029/2029 2030/2030/2030 2025/2025/2025
f 2028/2028/2028 2031/2031/2031 2029/2029/2029
f 2029/2029/2029 2031/2031/2031 2030/2030/2030
f 2031/2031/2031 2032/2032/2032 2030/2030/2030
f 2035/2035/2035 2034/2034/2034 2033/2033/2033
f 2034/2034/2034 2036/2036/2036 2033/2033/2033
f 2033/2033/2033 2036/2036/2036 2037/2037/2037
f 2034/2034/2034 2038/2038/2038 2036/2036/2036
f 2036/2036/2036 2039/2039/2039 2037/2037/2037
f 2038/2038/2038 2040/2040/2040 2036/2036/2036
f 2036/2036/2036 2040/2040/2040 2039/2039/2039
f 2038/2038/2038 2041/2041/2041 2040/2040/2040
f 2040/2040/2040 2042/2042/2042 2039/2039/2039
f 2041/2041/2041 2043/2043/2043 2040/2040/2040
f 2040/2040/2040 2043/2043/2043 2042/2042/2042
f 2041/2041/2041 2044/2044/2044 2043/2043/2043
f 2043/2043/2043 2045/2045/2045 2042/2042/2042
f 2044/2044/2044 2046/2046/2046 2043/2043/2043
f 2043/2043/2043 2046/2046/2046 2045/2045/2045
f 2046/2046/2046 2047/2047/2047 2045/2045/2045
f 2050/2050/2050 2049/2049/2049 2048/2048/2048
f 2051/2051/2051 2050/2050/2050 2048/2048/2048
f 2054/2054/2054 2053/2053/2053 2052/2052/2052
f 2055/2055/2055 2054/2054/2054 2052/2052/2052
f 2058/2058/2058 2057/2057/2057 2056/2056/2056
f 2057/2057/2057 2058/2058/2058 2059/2059/2059
f 2060/2060/2060 2056/2056/2056 2057/2057/2057
f 2059/2059/2059 2061/2061/2061 2057/2057/2057
f 2056/2056/2056 2060/2060/2060 2062/2062/2062
f 2061/2061/2061 2059/2059/2059 2062/2062/2062
f 2062/2062/2062 2063/2063/2063 2056/2056/2056
f 2063/2063/2063 2062/2062/2062 2059/2059/2059
f 2066/2066/2066 2065/2065/2065 2064/2064/2064
f 2067/2067/2067 2064/2064/2064 2065/2065/2065
f 2065/2065/2065 2066/2066/2066 2068/2068/2068
f 2064/2064/2064 2067/2067/2067 2069/2069/2069
f 2070/2070/2070 2068/2068/2068 2066/2066/2066
f 2071/2071/2071 2069/2069/2069 2067/2067/2067
f 2068/2068/2068 2070/2070/2070 2071/2071/2071
f 2069/2069/2069 2071/2071/2071 2070/2070/2070
f 2074/2074/2074 2073/2073/2073 2072/2072/2072
f 2075/2075/2075 2072/2072/2072 2073/2073/2073
f 2073/2073/2073 2074/2074/2074 2076/2076/2076
f 2072/2072/2072 2075/2075/2075 2077/2077/2077
f 2078/2078/2078 2076/2076/2076 2074/2074/2074
f 2079/2079/2079 2077/2077/2077 2075/2075/2075
f 2076/2076/2076 2078/2078/2078 2079/2079/2079
f 2077/2077/2077 2079/2079/2079 2078/2078/2078
f 2082/2082/2082 2081/2081/2081 2080/2080/2080
f 2083/2083/2083 2080/2080/2080 2081/2081/2081
f 2081/2081/2081 2082/2082/2082 2084/2084/2084
f 2080/2080/2080 2083/2083/2083 2085/2085/2085
f 2086/2086/2086 2084/2084/2084 2082/2082/2082
f 2087/2087/2087 2085/2085/2085 2083/2083/2083
f 2084/2084/2084 2086/2086/2086 2087/2087/2087
f 2085/2085/2085 2087/2087/2087 2086/2086/2086
f 2090/2090/2090 2089/2089/2089 2088/2088/2088
f 2091/2091/2091 2088/2088/2088 2089/2089/2089
f 2090/2090/2090 2088/2088/2088 2092/2092/2092
f 2091/2091/2091 2089/2089/2089 2093/2093/2093
f 2094/2094/2094 2090/2090/2090 2092/2092/2092
f 2093/2093/2093 2095/2095/2095 2091/2091/2091
f 2094/2094/2094 2092/2092/2092 2095/2095/2095
f 2095/2095/2095 2093/2093/2093 2094/2094/2094
