g A_build_Carbarn_02_qizi
v 0.338234188 3.6263201 0.0668384939
v 0.356148191 3.58663131 0.0668384939
v 0.356302622 3.58663131 -0.0488303733
v 0.338388619 3.6263201 -0.0488303733
v 0.297618818 3.64160877 0.0668384939
v 0.297773249 3.64160877 -0.0488303733
v 0.257930034 3.62369477 0.0668384939
v 0.258084465 3.62369477 -0.0488303733
v 0.242486928 3.5830794 0.0668384939
v 0.24279579 3.5830794 -0.0488303733
v 0.260400931 3.54339061 0.0668384939
v 0.260709794 3.54339061 -0.0488303733
v 0.301016301 3.52810194 0.0668384939
v 0.301325163 3.52810194 -0.0488303733
v 0.340705085 3.54601594 0.0668384939
v 0.340859516 3.54601594 -0.0488303733
v 0.356148191 3.58663131 0.0668384939
v 0.356302622 3.58663131 -0.0488303733
v 0.298854266 3.69133557 0.0668384939
v 0.146430806 3.72994334 0.0668384939
v 0.146585237 3.72994334 -0.0488303733
v 0.299163129 3.69133557 -0.0488303733
v 0.372363453 3.65797846 0.0668384939
v 0.372517884 3.65797846 -0.0488303733
v 0.402477511 3.585087 0.0668384939
v 0.402631942 3.585087 -0.0488303733
v 0.372363453 3.5125044 0.0668384939
v 0.372517884 3.5125044 -0.0488303733
v 0.294839059 3.47806627 0.0668384939
v 0.29499349 3.47806627 -0.0488303733
v 0.146430806 3.44038509 0.0668384939
v 0.146585237 3.44038509 -0.0488303733
v 0.338234188 5.89908207 0.0668384939
v 0.356148191 5.85939329 0.0668384939
v 0.356302622 5.85939329 -0.0488303733
v 0.338388619 5.89908207 -0.0488303733
v 0.297618818 5.91437074 0.0668384939
v 0.297773249 5.91437074 -0.0488303733
v 0.257930034 5.89645674 0.0668384939
v 0.258084465 5.89645674 -0.0488303733
v 0.242486928 5.85584137 0.0668384939
v 0.24279579 5.85584137 -0.0488303733
v 0.260400931 5.81615259 0.0668384939
v 0.260709794 5.81615259 -0.0488303733
v 0.301016301 5.80086391 0.0668384939
v 0.301325163 5.80086391 -0.0488303733
v 0.340705085 5.81877792 0.0668384939
v 0.340859516 5.81877792 -0.0488303733
v 0.356148191 5.85939329 0.0668384939
v 0.356302622 5.85939329 -0.0488303733
v 0.298854266 5.96409755 0.0668384939
v 0.146430806 6.00285974 0.0668384939
v 0.146585237 6.00285974 -0.0488303733
v 0.299163129 5.96409755 -0.0488303733
v 0.372363453 5.93074044 0.0668384939
v 0.372517884 5.93074044 -0.0488303733
v 0.402477511 5.85784898 0.0668384939
v 0.402631942 5.85784898 -0.0488303733
v 0.372363453 5.78526638 0.0668384939
v 0.372517884 5.78526638 -0.0488303733
v 0.294839059 5.75082825 0.0668384939
v 0.29499349 5.75082825 -0.0488303733
v 0.146430806 5.71314707 0.0668384939
v 0.146585237 5.71314707 -0.0488303733
v 0.21237287 0.588197767 -0.296846663
v -0.000278705207 0.660934798 -0.392593922
v -0.000278705207 0.588197767 -0.365877348
v 0.228124839 0.660934798 -0.318467012
v -0.000278705207 0.733826261 -0.365877348
v 0.343948137 0.588197767 -0.116007886
v 0.21237287 0.733826261 -0.296846663
v 0.369274832 0.660934798 -0.124192733
v 0.343948137 0.588197767 0.107608295
v 0.343948137 0.733826261 -0.116007886
v 0.369274832 0.660934798 0.115947572
v 0.21237287 0.588197767 0.288601502
v 0.343948137 0.733826261 0.107608295
v 0.228124839 0.660934798 0.31006742
v -0.000278705207 0.588197767 0.357632188
v 0.21237287 0.733826261 0.288601502
v -0.000278705207 0.660934798 0.384348762
v -0.212930281 0.588197767 0.288601502
v -0.000278705207 0.733826261 0.357632188
v -0.228527818 0.660934798 0.31006742
v -0.344351117 0.588197767 0.107608295
v -0.212930281 0.733826261 0.288601502
v -0.369677811 0.660934798 0.115947572
v -0.344351117 0.588197767 -0.116007886
v -0.344351117 0.733826261 0.107608295
v -0.369677811 0.660934798 -0.124192733
v -0.212930281 0.588197767 -0.296846663
v -0.344351117 0.733826261 -0.116007886
v -0.228527818 0.660934798 -0.318467012
v -0.000278705207 0.588197767 -0.365877348
v -0.212930281 0.733826261 -0.296846663
v -0.000278705207 0.660934798 -0.392593922
v -0.000278705207 0.733826261 -0.365877348
v 0.400469907 -0.00111117437 -0.556290851
v -0.000278705207 0.289219227 -0.586404908
v -0.000278705207 -0.00111117437 -0.686476238
v 0.341631671 0.289219227 -0.475368973
v 0.648177334 -0.00111117437 -0.215461492
v 0.553047798 0.289219227 -0.184420848
v 0.648177334 -0.00111117437 0.205980883
v 0.553047798 0.289219227 0.17509467
v 0.400469907 -0.00111117437 0.546810242
v 0.341631671 0.289219227 0.465888364
v -0.000278705207 -0.00111117437 0.67715006
v -0.000278705207 0.289219227 0.576924299
v -0.401027317 -0.00111117437 0.546810242
v -0.342189082 0.289219227 0.465888364
v -0.648734744 -0.00111117437 0.205980883
v -0.553450778 0.289219227 0.17509467
v -0.648734744 -0.00111117437 -0.215461492
v -0.553450778 0.289219227 -0.184420848
v -0.401027317 -0.00111117437 -0.556290851
v -0.342189082 0.289219227 -0.475368973
v -0.000278705207 -0.00111117437 -0.686476238
v -0.000278705207 0.289219227 -0.586404908
v 0.195231022 0.289528089 -0.273682003
v -0.000278705207 0.435156582 -0.288507385
v -0.000278705207 0.289528089 -0.337307601
v 0.166506844 0.435156582 -0.234302082
v -0.000278705207 0.580630645 -0.297773249
v 0.315996115 0.289528089 -0.107514178
v 0.172066363 0.580630645 -0.241869204
v 0.269666795 0.435156582 -0.0923799334
v 0.315996115 0.289528089 0.0980335689
v 0.278469366 0.580630645 -0.0953141236
v 0.269666795 0.435156582 0.0828993246
v 0.195231022 0.289528089 0.264355825
v 0.278469366 0.580630645 0.0858335148
v 0.166506844 0.435156582 0.224821473
v -0.000278705207 0.289528089 0.327826993
v 0.172066363 0.580630645 0.232388595
v -0.000278705207 0.435156582 0.279026776
v -0.195634002 0.289528089 0.264355825
v -0.000278705207 0.580630645 0.288447071
v -0.167064255 0.435156582 0.224821473
v -0.316553525 0.289528089 0.0980335689
v -0.172469342 0.580630645 0.232388595
v -0.270224206 0.435156582 0.0828993246
v -0.316553525 0.289528089 -0.107514178
v -0.279026776 0.580630645 0.0858335148
v -0.270224206 0.435156582 -0.0923799334
v -0.195634002 0.289528089 -0.273682003
v -0.279026776 0.580630645 -0.0953141236
v -0.167064255 0.435156582 -0.234302082
v -0.000278705207 0.289528089 -0.337307601
v -0.172469342 0.580630645 -0.241869204
v -0.000278705207 0.435156582 -0.288507385
v -0.000278705207 0.580630645 -0.297773249
v 2.90843039 3.56362108 -0.0221137991
v 3.30902457 3.56362108 -0.0221137991
v 3.30902457 3.9643697 -0.0221137991
v 2.90843039 3.9643697 -0.0221137991
v 2.54613511 3.56362108 -0.0221137991
v 3.30902457 4.40048302 -0.0221137991
v 2.54613511 3.9643697 -0.0221137991
v 2.18692846 3.56362108 -0.0221137991
v 2.90843039 4.40048302 -0.0221137991
v 2.18692846 3.9643697 -0.0221137991
v 1.81474959 3.56362108 -0.0221137991
v 2.90843039 4.83458874 -0.0221137991
v 3.30902457 4.83458874 -0.0221137991
v 2.54613511 4.40032859 -0.0221137991
v 1.81474959 3.9643697 -0.0221137991
v 1.44257073 3.56362108 -0.0221137991
v 2.90843039 5.2688489 -0.0221137991
v 3.30902457 5.2688489 -0.0221137991
v 3.30902457 5.70496222 -0.0221137991
v 2.54613511 4.83458874 -0.0221137991
v 2.18692846 4.40032859 -0.0221137991
v 1.44257073 3.9643697 -0.0221137991
v 1.08320964 3.56362108 -0.0221137991
v 2.54613511 5.2688489 -0.0221137991
v 2.90843039 5.70480779 -0.0221137991
v 2.18692846 4.83458874 -0.0221137991
v 1.81474959 4.40032859 -0.0221137991
v 1.08320964 3.9643697 -0.0221137991
v 0.720914365 3.56362108 -0.0221137991
v 2.90843039 6.1055564 -0.0221137991
v 3.30902457 6.1055564 -0.0221137991
v 2.54613511 5.70480779 -0.0221137991
v 2.54613511 6.1055564 -0.0221137991
v 2.18692846 5.26869446 -0.0221137991
v 2.18692846 5.70480779 -0.0221137991
v 2.18692846 6.1055564 -0.0221137991
v 1.81474959 5.26869446 -0.0221137991
v 1.81474959 5.70480779 -0.0221137991
v 1.81474959 6.1055564 -0.0221137991
v 1.44257073 5.70480779 -0.0221137991
v 1.44257073 6.1055564 -0.0221137991
v 1.08320964 6.1055564 -0.0221137991
v 1.81474959 4.83458874 -0.0221137991
v 1.44257073 5.26869446 -0.0221137991
v 1.44257073 4.83458874 -0.0221137991
v 1.08320964 5.2688489 -0.0221137991
v 1.08320964 5.70480779 -0.0221137991
v 1.44257073 4.40032859 -0.0221137991
v 0.720914365 5.70480779 -0.0221137991
v 0.720914365 6.1055564 -0.0221137991
v 0.720914365 5.2688489 -0.0221137991
v 1.08320964 4.83458874 -0.0221137991
v 0.320320184 5.70496222 -0.0221137991
v 0.320320184 6.1055564 -0.0221137991
v 0.320320184 5.2688489 -0.0221137991
v 0.720914365 4.83458874 -0.0221137991
v 0.320320184 4.83458874 -0.0221137991
v 1.08320964 4.40032859 -0.0221137991
v 0.720914365 4.40048302 -0.0221137991
v 0.320320184 4.40048302 -0.0221137991
v 0.320320184 3.9643697 -0.0221137991
v 0.720914365 3.9643697 -0.0221137991
v 0.320320184 3.56362108 -0.0221137991
v 3.30902457 3.9643697 0.0365700053
v 3.30902457 3.56362108 -0.0221137991
v 3.30902457 3.56362108 0.0365700053
v 3.30902457 3.9643697 -0.0221137991
v 3.30902457 4.40048302 0.0365700053
v 3.30902457 4.40048302 -0.0221137991
v 3.30902457 4.83458874 0.0365700053
v 3.30902457 4.83458874 -0.0221137991
v 3.30902457 5.2688489 0.0365700053
v 3.30902457 5.2688489 -0.0221137991
v 3.30902457 5.70496222 0.0365700053
v 3.30902457 5.70496222 -0.0221137991
v 3.30902457 6.1055564 0.0365700053
v 3.30902457 6.1055564 -0.0221137991
v 0.320320184 3.56362108 0.0365700053
v 0.320320184 3.56362108 -0.0221137991
v 0.320320184 3.9643697 -0.0221137991
v 0.320320184 3.9643697 0.0365700053
v 0.320320184 4.40048302 0.0365700053
v 0.320320184 4.40048302 -0.0221137991
v 0.320320184 4.83458874 -0.0221137991
v 0.320320184 4.83458874 0.0365700053
v 0.320320184 5.2688489 -0.0221137991
v 0.320320184 5.2688489 0.0365700053
v 0.320320184 5.70496222 -0.0221137991
v 0.320320184 5.70496222 0.0365700053
v 0.320320184 6.1055564 0.0365700053
v 0.320320184 6.1055564 -0.0221137991
v 2.90843039 3.56362108 0.0365700053
v 3.30902457 3.9643697 0.0365700053
v 3.30902457 3.56362108 0.0365700053
v 2.90843039 3.9643697 0.0365700053
v 2.54613511 3.56362108 0.0365700053
v 3.30902457 4.40048302 0.0365700053
v 2.54613511 3.9643697 0.0365700053
v 2.18692846 3.56362108 0.0365700053
v 2.90843039 4.40048302 0.0365700053
v 2.18692846 3.9643697 0.0365700053
v 1.81474959 3.56362108 0.0365700053
v 2.90843039 4.83458874 0.0365700053
v 3.30902457 4.83458874 0.0365700053
v 2.54613511 4.40032859 0.0365700053
v 1.81474959 3.9643697 0.0365700053
v 1.44257073 3.56362108 0.0365700053
v 2.54613511 4.83458874 0.0365700053
v 2.90843039 5.2688489 0.0365700053
v 3.30902457 5.2688489 0.0365700053
v 3.30902457 5.70496222 0.0365700053
v 2.18692846 4.40032859 0.0365700053
v 1.44257073 3.9643697 0.0365700053
v 1.08320964 3.56362108 0.0365700053
v 2.54613511 5.2688489 0.0365700053
v 2.90843039 5.70480779 0.0365700053
v 2.18692846 4.83458874 0.0365700053
v 1.81474959 4.40032859 0.0365700053
v 1.08320964 3.9643697 0.0365700053
v 0.720914365 3.56362108 0.0365700053
v 2.90843039 6.1055564 0.0365700053
v 3.30902457 6.1055564 0.0365700053
v 2.54613511 5.70480779 0.0365700053
v 2.54613511 6.1055564 0.0365700053
v 2.18692846 5.26869446 0.0365700053
v 2.18692846 5.70480779 0.0365700053
v 2.18692846 6.1055564 0.0365700053
v 1.81474959 5.26869446 0.0365700053
v 1.81474959 5.70480779 0.0365700053
v 1.81474959 6.1055564 0.0365700053
v 1.44257073 5.70480779 0.0365700053
v 1.44257073 6.1055564 0.0365700053
v 1.08320964 6.1055564 0.0365700053
v 1.81474959 4.83458874 0.0365700053
v 1.44257073 5.26869446 0.0365700053
v 1.44257073 4.83458874 0.0365700053
v 1.08320964 5.2688489 0.0365700053
v 1.08320964 5.70480779 0.0365700053
v 1.44257073 4.40032859 0.0365700053
v 0.720914365 5.70480779 0.0365700053
v 0.720914365 6.1055564 0.0365700053
v 0.720914365 5.2688489 0.0365700053
v 1.08320964 4.83458874 0.0365700053
v 0.320320184 5.70496222 0.0365700053
v 0.320320184 6.1055564 0.0365700053
v 0.320320184 5.2688489 0.0365700053
v 0.720914365 4.83458874 0.0365700053
v 0.320320184 4.83458874 0.0365700053
v 1.08320964 4.40032859 0.0365700053
v 0.720914365 4.40048302 0.0365700053
v 0.320320184 4.40048302 0.0365700053
v 0.320320184 3.9643697 0.0365700053
v 0.720914365 3.9643697 0.0365700053
v 0.320320184 3.56362108 0.0365700053
v 2.90843039 6.1055564 0.0365700053
v 3.30902457 6.1055564 -0.0221137991
v 3.30902457 6.1055564 0.0365700053
v 2.90843039 6.1055564 -0.0221137991
v 2.54613511 6.1055564 0.0365700053
v 2.54613511 6.1055564 -0.0221137991
v 2.18692846 6.1055564 0.0365700053
v 2.18692846 6.1055564 -0.0221137991
v 1.81474959 6.1055564 0.0365700053
v 1.81474959 6.1055564 -0.0221137991
v 1.44257073 6.1055564 0.0365700053
v 1.44257073 6.1055564 -0.0221137991
v 1.08320964 6.1055564 0.0365700053
v 1.08320964 6.1055564 -0.0221137991
v 0.720914365 6.1055564 0.0365700053
v 0.720914365 6.1055564 -0.0221137991
v 0.320320184 6.1055564 0.0365700053
v 0.320320184 6.1055564 -0.0221137991
v 3.30902457 3.56362108 0.0365700053
v 3.30902457 3.56362108 -0.0221137991
v 2.90843039 3.56362108 -0.0221137991
v 2.90843039 3.56362108 0.0365700053
v 2.54613511 3.56362108 -0.0221137991
v 2.54613511 3.56362108 0.0365700053
v 2.18692846 3.56362108 0.0365700053
v 2.18692846 3.56362108 -0.0221137991
v 1.81474959 3.56362108 -0.0221137991
v 1.81474959 3.56362108 0.0365700053
v 1.44257073 3.56362108 -0.0221137991
v 1.44257073 3.56362108 0.0365700053
v 1.08320964 3.56362108 -0.0221137991
v 1.08320964 3.56362108 0.0365700053
v 0.720914365 3.56362108 -0.0221137991
v 0.720914365 3.56362108 0.0365700053
v 0.320320184 3.56362108 0.0365700053
v 0.320320184 3.56362108 -0.0221137991
v -0.000124274143 5.64797716 -0.196157609
v -0.000124274143 6.02586997 -0.227352684
v -0.157952822 6.02586997 -0.162028343
v -0.13586918 5.64797716 -0.139944701
v -0.000124274143 3.72886232 -0.167279
v -0.223277162 6.02586997 -0.00419979566
v -0.115484279 3.72886232 -0.119559801
v -0.192236518 5.64797716 -0.00419979566
v -0.157952822 6.02586997 0.153628752
v -0.163203478 3.72886232 -0.00419979566
v -0.13586918 5.64797716 0.13154511
v -0.000124274143 6.02586997 0.218953092
v -0.115484279 3.72886232 0.111160209
v -0.000124274143 5.64797716 0.187758017
v 0.157549843 6.02586997 0.153628752
v -0.000124274143 3.72886232 0.158879408
v 0.135620631 5.64797716 0.13154511
v 0.115235731 3.72886232 0.111160209
v 0.223028614 6.02586997 -0.00419979566
v 0.191833539 5.64797716 -0.00419979566
v 0.16295493 3.72886232 -0.00419979566
v 0.135620631 5.64797716 -0.139944701
v 0.157549843 6.02586997 -0.162028343
v -0.000124274143 6.02586997 -0.227352684
v 0.115235731 3.72886232 -0.119559801
v -0.000124274143 5.64797716 -0.196157609
v -0.000124274143 3.72886232 -0.167279
v -0.0825904625 0.641630915 -0.086665984
v -0.000124274143 0.641630915 -0.120795249
v -0.000124274143 3.43312683 -0.16295493
v -0.112395658 3.43312683 -0.116471179
v -0.116719728 0.641630915 -0.00419979566
v -0.158879408 3.43312683 -0.00419979566
v -0.0825904625 0.641630915 0.0782663927
v -0.112395658 3.43312683 0.108071588
v -0.000124274143 0.641630915 0.112395658
v -0.000124274143 3.43312683 0.154555338
v 0.0823419142 0.641630915 0.0782663927
v 0.111992679 3.43312683 0.108071588
v 0.116471179 0.641630915 -0.00419979566
v 0.158476429 3.43312683 -0.00419979566
v 0.0823419142 0.641630915 -0.086665984
v 0.111992679 3.43312683 -0.116471179
v -0.000124274143 0.641630915 -0.120795249
v -0.000124274143 3.43312683 -0.16295493
v 0.183494261 6.02818644 -0.187972762
v -0.000124274143 6.15049584 -0.314606235
v -0.000124274143 6.02818644 -0.263952846
v 0.219322268 6.15049584 -0.223646338
v -0.000124274143 6.27295968 -0.268122485
v 0.186428452 6.27295968 -0.190906952
v 0.263798415 6.27295968 -0.00419979566
v 0.310127734 6.15049584 -0.00419979566
v 0.259628776 6.02818644 -0.00419979566
v 0.183494261 6.02818644 0.179573171
v 0.219322268 6.15049584 0.215246747
v 0.186428452 6.27295968 0.182507361
v -0.000124274143 6.02818644 0.255553255
v -0.000124274143 6.15049584 0.306206644
v -0.000124274143 6.27295968 0.259722893
v -0.183897241 6.02818644 0.179573171
v -0.219570817 6.15049584 0.215246747
v -0.186831431 6.27295968 0.182507361
v -0.259877324 6.02818644 -0.00419979566
v -0.310530713 6.15049584 -0.00419979566
v -0.264201394 6.27295968 -0.00419979566
v -0.183897241 6.02818644 -0.187972762
v -0.219570817 6.15049584 -0.223646338
v -0.000124274143 6.02818644 -0.263952846
v -0.186831431 6.27295968 -0.190906952
v -0.000124274143 6.15049584 -0.314606235
v -0.000124274143 6.27295968 -0.268122485
v 0.186428452 6.27295968 0.182507361
v -0.000124274143 6.27295968 0.259722893
v -0.186831431 6.27295968 0.182507361
v 0.263798415 6.27295968 -0.00419979566
v -0.264201394 6.27295968 -0.00419979566
v 0.186428452 6.27295968 -0.190906952
v -0.186831431 6.27295968 -0.190906952
v -0.000124274143 6.27295968 -0.268122485
v -0.000124274143 3.58091736 -0.226271666
v -0.000124274143 3.43312683 -0.209284249
v 0.144886495 3.43312683 -0.149210565
v 0.156777687 3.58091736 -0.161256188
v -0.000124274143 3.72886232 -0.207276645
v 0.204960179 3.43312683 -0.00419979566
v 0.143496616 3.72886232 -0.147820685
v 0.221793165 3.58091736 -0.00419979566
v 0.144886495 3.43312683 0.140810974
v 0.202952575 3.72886232 -0.00419979566
v 0.156777687 3.58091736 0.152856597
v -0.000124274143 3.43312683 0.200884658
v 0.143496616 3.72886232 0.139421094
v -0.000124274143 3.58091736 0.217872075
v -0.145135044 3.43312683 0.140810974
v -0.000124274143 3.72886232 0.198877054
v -0.157180667 3.58091736 0.152856597
v -0.205208728 3.43312683 -0.00419979566
v -0.143745164 3.72886232 0.139421094
v -0.222196145 3.58091736 -0.00419979566
v -0.145135044 3.43312683 -0.149210565
v -0.203355555 3.72886232 -0.00419979566
v -0.157180667 3.58091736 -0.161256188
v -0.000124274143 3.43312683 -0.209284249
v -0.143745164 3.72886232 -0.147820685
v -0.000124274143 3.58091736 -0.226271666
v -0.000124274143 3.72886232 -0.207276645
v -0.115484279 3.72886232 -0.119559801
v -0.000124274143 3.72886232 -0.207276645
v -0.000124274143 3.72886232 -0.167279
v -0.143745164 3.72886232 -0.147820685
v -0.163203478 3.72886232 -0.00419979566
v -0.203355555 3.72886232 -0.00419979566
v -0.115484279 3.72886232 0.111160209
v -0.143745164 3.72886232 0.139421094
v -0.000124274143 3.72886232 0.158879408
v -0.000124274143 3.72886232 0.198877054
v 0.115235731 3.72886232 0.111160209
v 0.143496616 3.72886232 0.139421094
v 0.16295493 3.72886232 -0.00419979566
v 0.202952575 3.72886232 -0.00419979566
v 0.115235731 3.72886232 -0.119559801
v 0.143496616 3.72886232 -0.147820685
v -0.000124274143 3.72886232 -0.167279
v -0.000124274143 3.72886232 -0.207276645
v 0.260400931 3.54339061 0.0668384939
v 0.146430806 3.44038509 0.0668384939
v 0.242486928 3.5830794 0.0668384939
v 0.301016301 3.52810194 0.0668384939
v 0.294839059 3.47806627 0.0668384939
v 0.340705085 3.54601594 0.0668384939
v 0.372363453 3.5125044 0.0668384939
v 0.356148191 3.58663131 0.0668384939
v 0.402477511 3.585087 0.0668384939
v 0.338234188 3.6263201 0.0668384939
v 0.372363453 3.65797846 0.0668384939
v 0.146430806 3.72994334 0.0668384939
v 0.257930034 3.62369477 0.0668384939
v 0.297618818 3.64160877 0.0668384939
v 0.298854266 3.69133557 0.0668384939
v 0.258084465 3.62369477 -0.0488303733
v 0.146585237 3.72994334 -0.0488303733
v 0.24279579 3.5830794 -0.0488303733
v 0.297773249 3.64160877 -0.0488303733
v 0.299163129 3.69133557 -0.0488303733
v 0.372517884 3.65797846 -0.0488303733
v 0.338388619 3.6263201 -0.0488303733
v 0.402631942 3.585087 -0.0488303733
v 0.356302622 3.58663131 -0.0488303733
v 0.372517884 3.5125044 -0.0488303733
v 0.340859516 3.54601594 -0.0488303733
v 0.29499349 3.47806627 -0.0488303733
v 0.301325163 3.52810194 -0.0488303733
v 0.146585237 3.44038509 -0.0488303733
v 0.260709794 3.54339061 -0.0488303733
v 0.260400931 5.81615259 0.0668384939
v 0.146430806 5.71314707 0.0668384939
v 0.242486928 5.85584137 0.0668384939
v 0.301016301 5.80086391 0.0668384939
v 0.294839059 5.75082825 0.0668384939
v 0.340705085 5.81877792 0.0668384939
v 0.372363453 5.78526638 0.0668384939
v 0.356148191 5.85939329 0.0668384939
v 0.402477511 5.85784898 0.0668384939
v 0.338234188 5.89908207 0.0668384939
v 0.372363453 5.93074044 0.0668384939
v 0.146430806 6.00285974 0.0668384939
v 0.257930034 5.89645674 0.0668384939
v 0.297618818 5.91437074 0.0668384939
v 0.298854266 5.96409755 0.0668384939
v 0.258084465 5.89645674 -0.0488303733
v 0.146585237 6.00285974 -0.0488303733
v 0.24279579 5.85584137 -0.0488303733
v 0.297773249 5.91437074 -0.0488303733
v 0.299163129 5.96409755 -0.0488303733
v 0.372517884 5.93074044 -0.0488303733
v 0.338388619 5.89908207 -0.0488303733
v 0.402631942 5.85784898 -0.0488303733
v 0.356302622 5.85939329 -0.0488303733
v 0.372517884 5.78526638 -0.0488303733
v 0.340859516 5.81877792 -0.0488303733
v 0.29499349 5.75082825 -0.0488303733
v 0.301325163 5.80086391 -0.0488303733
v 0.146585237 5.71314707 -0.0488303733
v 0.260709794 5.81615259 -0.0488303733
v 0.21237287 0.733826261 0.288601502
v -0.000278705207 0.733826261 -0.00419979566
v 0.343948137 0.733826261 0.107608295
v -0.000278705207 0.733826261 0.357632188
v 0.343948137 0.733826261 -0.116007886
v -0.212930281 0.733826261 0.288601502
v 0.21237287 0.733826261 -0.296846663
v -0.344351117 0.733826261 0.107608295
v -0.000278705207 0.733826261 -0.365877348
v -0.344351117 0.733826261 -0.116007886
v -0.212930281 0.733826261 -0.296846663
v 0.258393328 6.4236844 -0.00512638204
v 0.202798144 6.33133462 -0.00512638204
v 0.188899349 6.34538785 0.0901575846
v 0.240942617 6.43140595 0.0978791379
v 0.277079486 6.53441147 -0.00512638204
v 0.102881246 6.29319015 0.0978791379
v 0.110448368 6.27573944 -0.00512638204
v -0.000278705207 6.27573944 0.105600691
v -0.000278705207 6.25705328 -0.00512638204
v -0.103284225 6.29319015 0.0978791379
v -0.110851347 6.27573944 -0.00512638204
v -0.189302328 6.34538785 0.0901575846
v -0.203201124 6.33133462 -0.00512638204
v -0.241345597 6.43140595 0.0978791379
v -0.258796307 6.4236844 -0.00512638204
v -0.258796307 6.53441147 0.105600691
v -0.277482466 6.53441147 -0.00512638204
v 0.0951596926 6.34538785 0.183897241
v -0.000278705207 6.33133462 0.197950468
v -0.0955626719 6.34538785 0.183897241
v -0.160887012 6.37364873 0.155636356
v -0.189302328 6.43897307 0.183897241
v -0.103284225 6.43140595 0.235940509
v -0.000278705207 6.4236844 0.253545651
v -0.203201124 6.53441147 0.197950468
v -0.110851347 6.53441147 0.253545651
v 0.160484033 6.37364873 0.155636356
v 0.102881246 6.43140595 0.235940509
v 0.188899349 6.43897307 0.183897241
v -0.000278705207 6.53441147 0.272077378
v 0.258393328 6.53441147 0.105600691
v 0.202798144 6.53441147 0.197950468
v 0.110448368 6.53441147 0.253545651
v -0.103284225 6.63741699 0.235940509
v -0.000278705207 6.64498411 0.253545651
v 0.102881246 6.63741699 0.235940509
v 0.188899349 6.62969543 0.183897241
v 0.240942617 6.63741699 0.0978791379
v 0.258393328 6.64498411 -0.00512638204
v -0.189302328 6.62969543 0.183897241
v -0.241345597 6.63741699 0.0978791379
v 0.0951596926 6.72343509 0.183897241
v 0.160484033 6.69501978 0.155636356
v 0.188899349 6.72343509 0.0901575846
v -0.000278705207 6.73733389 0.197950468
v -0.0955626719 6.72343509 0.183897241
v 0.102881246 6.77547836 0.0978791379
v 0.202798144 6.73733389 -0.00512638204
v -0.000278705207 6.79292907 0.105600691
v 0.110448368 6.79292907 -0.00512638204
v -0.160887012 6.69501978 0.155636356
v -0.103284225 6.77547836 0.0978791379
v -0.189302328 6.72343509 0.0901575846
v -0.000278705207 6.81161523 -0.00512638204
v -0.258796307 6.64498411 -0.00512638204
v -0.203201124 6.73733389 -0.00512638204
v -0.110851347 6.79292907 -0.00512638204
v -0.000278705207 6.79292907 -0.115853455
v -0.103284225 6.77547836 -0.108131902
v -0.189302328 6.72343509 -0.100410349
v -0.241345597 6.63741699 -0.108131902
v -0.258796307 6.53441147 -0.115853455
v 0.102881246 6.77547836 -0.108131902
v -0.241345597 6.43140595 -0.108131902
v -0.258796307 6.4236844 -0.00512638204
v 0.188899349 6.72343509 -0.100410349
v -0.189302328 6.34538785 -0.100410349
v -0.203201124 6.33133462 -0.00512638204
v 0.240942617 6.63741699 -0.108131902
v -0.103284225 6.29319015 -0.108131902
v -0.110851347 6.27573944 -0.00512638204
v 0.258393328 6.53441147 -0.115853455
v 0.258393328 6.4236844 -0.00512638204
v -0.000278705207 6.27573944 -0.115853455
v -0.000278705207 6.25705328 -0.00512638204
v 0.240942617 6.43140595 -0.108131902
v 0.202798144 6.33133462 -0.00512638204
v 0.102881246 6.29319015 -0.108131902
v 0.110448368 6.27573944 -0.00512638204
v 0.188899349 6.34538785 -0.100410349
v -0.0955626719 6.34538785 -0.194150005
v -0.000278705207 6.33133462 -0.208048801
v 0.0951596926 6.34538785 -0.194150005
v 0.160484033 6.37364873 -0.16588912
v 0.188899349 6.43897307 -0.194150005
v 0.202798144 6.53441147 -0.208048801
v 0.102881246 6.43140595 -0.246193273
v -0.000278705207 6.4236844 -0.263798415
v 0.110448368 6.53441147 -0.263798415
v 0.188899349 6.62969543 -0.194150005
v -0.103284225 6.43140595 -0.246193273
v -0.000278705207 6.53441147 -0.282330143
v 0.102881246 6.63741699 -0.246193273
v 0.160484033 6.69501978 -0.16588912
v 0.0951596926 6.72343509 -0.194150005
v -0.000278705207 6.73733389 -0.208048801
v -0.000278705207 6.64498411 -0.263798415
v -0.0955626719 6.72343509 -0.194150005
v -0.103284225 6.63741699 -0.246193273
v -0.160887012 6.69501978 -0.16588912
v -0.189302328 6.62969543 -0.194150005
v -0.110851347 6.53441147 -0.263798415
v -0.203201124 6.53441147 -0.208048801
v -0.189302328 6.43897307 -0.194150005
v -0.160887012 6.37364873 -0.16588912
v 0.341631671 0.289219227 0.465888364
v 0.195231022 0.289528089 0.264355825
v 0.315996115 0.289528089 0.0980335689
v 0.553047798 0.289219227 0.17509467
v -0.000278705207 0.289219227 0.576924299
v 0.315996115 0.289528089 -0.107514178
v -0.000278705207 0.289528089 0.327826993
v 0.553047798 0.289219227 -0.184420848
v -0.342189082 0.289219227 0.465888364
v 0.195231022 0.289528089 -0.273682003
v -0.195634002 0.289528089 0.264355825
v 0.341631671 0.289219227 -0.475368973
v -0.553450778 0.289219227 0.17509467
v -0.000278705207 0.289528089 -0.337307601
v -0.316553525 0.289528089 0.0980335689
v -0.000278705207 0.289219227 -0.586404908
v -0.553450778 0.289219227 -0.184420848
v -0.195634002 0.289528089 -0.273682003
v -0.316553525 0.289528089 -0.107514178
v -0.342189082 0.289219227 -0.475368973
v 0.343948137 0.588197767 0.107608295
v 0.278469366 0.580630645 0.0858335148
v 0.172066363 0.580630645 0.232388595
v 0.21237287 0.588197767 0.288601502
v 0.343948137 0.588197767 -0.116007886
v -0.000278705207 0.580630645 0.288447071
v 0.278469366 0.580630645 -0.0953141236
v -0.000278705207 0.588197767 0.357632188
v 0.21237287 0.588197767 -0.296846663
v -0.172469342 0.580630645 0.232388595
v 0.172066363 0.580630645 -0.241869204
v -0.212930281 0.588197767 0.288601502
v -0.000278705207 0.588197767 -0.365877348
v -0.279026776 0.580630645 0.0858335148
v -0.000278705207 0.580630645 -0.297773249
v -0.344351117 0.588197767 0.107608295
v -0.212930281 0.588197767 -0.296846663
v -0.279026776 0.580630645 -0.0953141236
v -0.172469342 0.580630645 -0.241869204
v -0.344351117 0.588197767 -0.116007886
v 0.223028614 6.02586997 -0.00419979566
v 0.259628776 6.02818644 -0.00419979566
v 0.183494261 6.02818644 -0.187972762
v 0.157549843 6.02586997 -0.162028343
v 0.157549843 6.02586997 0.153628752
v -0.000124274143 6.02818644 -0.263952846
v 0.183494261 6.02818644 0.179573171
v -0.000124274143 6.02586997 -0.227352684
v -0.000124274143 6.02586997 0.218953092
v -0.183897241 6.02818644 -0.187972762
v -0.000124274143 6.02818644 0.255553255
v -0.157952822 6.02586997 -0.162028343
v -0.157952822 6.02586997 0.153628752
v -0.259877324 6.02818644 -0.00419979566
v -0.183897241 6.02818644 0.179573171
v -0.223277162 6.02586997 -0.00419979566
v -0.000124274143 3.43312683 0.154555338
v -0.000124274143 3.43312683 0.200884658
v 0.144886495 3.43312683 0.140810974
v 0.111992679 3.43312683 0.108071588
v -0.112395658 3.43312683 0.108071588
v 0.204960179 3.43312683 -0.00419979566
v -0.145135044 3.43312683 0.140810974
v 0.158476429 3.43312683 -0.00419979566
v -0.158879408 3.43312683 -0.00419979566
v 0.144886495 3.43312683 -0.149210565
v -0.205208728 3.43312683 -0.00419979566
v 0.111992679 3.43312683 -0.116471179
v -0.112395658 3.43312683 -0.116471179
v -0.000124274143 3.43312683 -0.209284249
v -0.145135044 3.43312683 -0.149210565
v -0.000124274143 3.43312683 -0.16295493
vt 0.424295263 0.963854017
vt 0.421389201 0.963854017
vt 0.421389201 0.971603514
vt 0.424295263 0.971603514
vt 0.427201324 0.963854017
vt 0.427201324 0.971603514
vt 0.430107386 0.963854017
vt 0.430107386 0.971603514
vt 0.433013447 0.963854017
vt 0.433013447 0.971603514
vt 0.435919509 0.963854017
vt 0.435919509 0.971603514
vt 0.43882557 0.963854017
vt 0.43882557 0.971603514
vt 0.441731632 0.963854017
vt 0.441731632 0.971603514
vt 0.444637693 0.963854017
vt 0.444637693 0.971603514
vt 0.41170233 0.984196448
vt 0.401046771 0.984196448
vt 0.401046771 0.992914632
vt 0.41170233 0.992914632
vt 0.417514453 0.984196448
vt 0.417514453 0.992914632
vt 0.423326576 0.984196448
vt 0.423326576 0.992914632
vt 0.429138699 0.984196448
vt 0.429138699 0.992914632
vt 0.434950822 0.984196448
vt 0.434950822 0.992914632
vt 0.445606381 0.984196448
vt 0.445606381 0.992914632
vt 0.424295263 0.974509576
vt 0.421389201 0.974509576
vt 0.421389201 0.982259073
vt 0.424295263 0.982259073
vt 0.427201324 0.974509576
vt 0.427201324 0.982259073
vt 0.430107386 0.974509576
vt 0.430107386 0.982259073
vt 0.433013447 0.974509576
vt 0.433013447 0.982259073
vt 0.435919509 0.974509576
vt 0.435919509 0.982259073
vt 0.43882557 0.974509576
vt 0.43882557 0.982259073
vt 0.441731632 0.974509576
vt 0.441731632 0.982259073
vt 0.444637693 0.974509576
vt 0.444637693 0.982259073
vt 0.313864925 0.503727611
vt 0.302240679 0.503727611
vt 0.302240679 0.512445795
vt 0.313864925 0.512445795
vt 0.319677048 0.503727611
vt 0.319677048 0.512445795
vt 0.325489171 0.503727611
vt 0.325489171 0.512445795
vt 0.331301294 0.503727611
vt 0.331301294 0.512445795
vt 0.338082105 0.503727611
vt 0.338082105 0.512445795
vt 0.349706351 0.503727611
vt 0.349706351 0.512445795
vt 0.416545765 0.960947955
vt 0.410733642 0.978384325
vt 0.416545765 0.978384325
vt 0.410733642 0.960947955
vt 0.404921519 0.978384325
vt 0.416545765 0.943511586
vt 0.404921519 0.960947955
vt 0.410733642 0.943511586
vt 0.416545765 0.926075217
vt 0.404921519 0.943511586
vt 0.410733642 0.926075217
vt 0.416545765 0.909607535
vt 0.404921519 0.926075217
vt 0.410733642 0.909607535
vt 0.416545765 0.892171166
vt 0.404921519 0.909607535
vt 0.410733642 0.892171166
vt 0.416545765 0.874734797
vt 0.404921519 0.892171166
vt 0.410733642 0.874734797
vt 0.416545765 0.858267115
vt 0.404921519 0.874734797
vt 0.410733642 0.858267115
vt 0.416545765 0.840830746
vt 0.404921519 0.858267115
vt 0.410733642 0.840830746
vt 0.416545765 0.824363064
vt 0.404921519 0.840830746
vt 0.410733642 0.824363064
vt 0.416545765 0.806926695
vt 0.404921519 0.824363064
vt 0.410733642 0.806926695
vt 0.404921519 0.806926695
vt 0.335176043 0.0271335228
vt 0.306115428 0.0116345281
vt 0.306115428 0.0271335228
vt 0.335176043 0.0116345281
vt 0.363267971 0.0271335228
vt 0.363267971 0.0116345281
vt 0.391359899 0.0271335228
vt 0.391359899 0.0116345281
vt 0.419451827 0.0271335228
vt 0.419451827 0.0116345281
vt 0.447543755 0.0271335228
vt 0.447543755 0.0116345281
vt 0.475635683 0.0271335228
vt 0.475635683 0.0116345281
vt 0.503727611 0.0271335228
vt 0.503727611 0.0116345281
vt 0.531819539 0.0271335228
vt 0.531819539 0.0116345281
vt 0.560880154 0.0271335228
vt 0.559911467 0.0116345281
vt 0.589940769 0.0271335228
vt 0.589940769 0.0116345281
vt 0.444637693 0.718776163
vt 0.433982135 0.732337783
vt 0.444637693 0.732337783
vt 0.433982135 0.718776163
vt 0.422357889 0.732337783
vt 0.444637693 0.705214542
vt 0.422357889 0.718776163
vt 0.433982135 0.705214542
vt 0.444637693 0.691652922
vt 0.422357889 0.705214542
vt 0.433982135 0.691652922
vt 0.444637693 0.677122614
vt 0.422357889 0.691652922
vt 0.433982135 0.677122614
vt 0.444637693 0.662592307
vt 0.422357889 0.677122614
vt 0.433982135 0.662592307
vt 0.444637693 0.649030686
vt 0.422357889 0.662592307
vt 0.433982135 0.649030686
vt 0.444637693 0.634500379
vt 0.422357889 0.649030686
vt 0.433982135 0.634500379
vt 0.444637693 0.620938759
vt 0.422357889 0.634500379
vt 0.433982135 0.620938759
vt 0.444637693 0.606408451
vt 0.422357889 0.620938759
vt 0.433982135 0.606408451
vt 0.444637693 0.592846831
vt 0.422357889 0.606408451
vt 0.433982135 0.592846831
vt 0.422357889 0.592846831
vt 0.196653778 0.611251887
vt 0.22668308 0.611251887
vt 0.22668308 0.641281189
vt 0.196653778 0.641281189
vt 0.169530537 0.611251887
vt 0.22668308 0.673247866
vt 0.169530537 0.641281189
vt 0.142407296 0.611251887
vt 0.196653778 0.673247866
vt 0.142407296 0.641281189
vt 0.115284055 0.611251887
vt 0.196653778 0.705214542
vt 0.22668308 0.705214542
vt 0.169530537 0.673247866
vt 0.115284055 0.641281189
vt 0.0871921274 0.611251887
vt 0.196653778 0.738149906
vt 0.22668308 0.738149906
vt 0.22668308 0.770116583
vt 0.169530537 0.705214542
vt 0.142407296 0.673247866
vt 0.0871921274 0.641281189
vt 0.0610375738 0.611251887
vt 0.169530537 0.738149906
vt 0.196653778 0.770116583
vt 0.142407296 0.705214542
vt 0.115284055 0.673247866
vt 0.0610375738 0.641281189
vt 0.033914333 0.611251887
vt 0.196653778 0.800145885
vt 0.22668308 0.800145885
vt 0.169530537 0.770116583
vt 0.169530537 0.800145885
vt 0.142407296 0.738149906
vt 0.142407296 0.770116583
vt 0.142407296 0.800145885
vt 0.115284055 0.738149906
vt 0.115284055 0.770116583
vt 0.115284055 0.800145885
vt 0.0871921274 0.770116583
vt 0.0871921274 0.800145885
vt 0.0610375738 0.800145885
vt 0.115284055 0.705214542
vt 0.0871921274 0.738149906
vt 0.0871921274 0.705214542
vt 0.0610375738 0.738149906
vt 0.0610375738 0.770116583
vt 0.0871921274 0.673247866
vt 0.033914333 0.770116583
vt 0.033914333 0.800145885
vt 0.033914333 0.738149906
vt 0.0610375738 0.705214542
vt 0.00388503075 0.770116583
vt 0.00388503075 0.800145885
vt 0.00388503075 0.738149906
vt 0.033914333 0.705214542
vt 0.00388503075 0.705214542
vt 0.0610375738 0.673247866
vt 0.033914333 0.673247866
vt 0.00388503075 0.673247866
vt 0.00388503075 0.641281189
vt 0.033914333 0.641281189
vt 0.00388503075 0.611251887
vt 0.437856883 0.0368203946
vt 0.407827581 0.0329456459
vt 0.407827581 0.0368203946
vt 0.437856883 0.0329456459
vt 0.46982356 0.0368203946
vt 0.46982356 0.0329456459
vt 0.502758924 0.0368203946
vt 0.502758924 0.0329456459
vt 0.5347256 0.0368203946
vt 0.5347256 0.0329456459
vt 0.566692277 0.0368203946
vt 0.566692277 0.0329456459
vt 0.596721579 0.0368203946
vt 0.596721579 0.0329456459
vt 0.596721579 0.0455385791
vt 0.596721579 0.0416638304
vt 0.566692277 0.0416638304
vt 0.566692277 0.0455385791
vt 0.5347256 0.0455385791
vt 0.5347256 0.0416638304
vt 0.502758924 0.0416638304
vt 0.502758924 0.0455385791
vt 0.46982356 0.0416638304
vt 0.46982356 0.0455385791
vt 0.437856883 0.0416638304
vt 0.437856883 0.0455385791
vt 0.407827581 0.0455385791
vt 0.407827581 0.0416638304
vt 0.196653778 0.611251887
vt 0.22668308 0.641281189
vt 0.22668308 0.611251887
vt 0.196653778 0.641281189
vt 0.169530537 0.611251887
vt 0.22668308 0.673247866
vt 0.169530537 0.641281189
vt 0.142407296 0.611251887
vt 0.196653778 0.673247866
vt 0.142407296 0.641281189
vt 0.115284055 0.611251887
vt 0.196653778 0.705214542
vt 0.22668308 0.705214542
vt 0.169530537 0.673247866
vt 0.115284055 0.641281189
vt 0.0871921274 0.611251887
vt 0.169530537 0.705214542
vt 0.196653778 0.738149906
vt 0.22668308 0.738149906
vt 0.22668308 0.770116583
vt 0.142407296 0.673247866
vt 0.0871921274 0.641281189
vt 0.0610375738 0.611251887
vt 0.169530537 0.738149906
vt 0.196653778 0.770116583
vt 0.142407296 0.705214542
vt 0.115284055 0.673247866
vt 0.0610375738 0.641281189
vt 0.033914333 0.611251887
vt 0.196653778 0.800145885
vt 0.22668308 0.800145885
vt 0.169530537 0.770116583
vt 0.169530537 0.800145885
vt 0.142407296 0.738149906
vt 0.142407296 0.770116583
vt 0.142407296 0.800145885
vt 0.115284055 0.738149906
vt 0.115284055 0.770116583
vt 0.115284055 0.800145885
vt 0.0871921274 0.770116583
vt 0.0871921274 0.800145885
vt 0.0610375738 0.800145885
vt 0.115284055 0.705214542
vt 0.0871921274 0.738149906
vt 0.0871921274 0.705214542
vt 0.0610375738 0.738149906
vt 0.0610375738 0.770116583
vt 0.0871921274 0.673247866
vt 0.033914333 0.770116583
vt 0.033914333 0.800145885
vt 0.033914333 0.738149906
vt 0.0610375738 0.705214542
vt 0.00388503075 0.770116583
vt 0.00388503075 0.800145885
vt 0.00388503075 0.738149906
vt 0.033914333 0.705214542
vt 0.00388503075 0.705214542
vt 0.0610375738 0.673247866
vt 0.033914333 0.673247866
vt 0.00388503075 0.673247866
vt 0.00388503075 0.641281189
vt 0.033914333 0.641281189
vt 0.00388503075 0.611251887
vt 0.427201324 0.768179208
vt 0.431076073 0.739118593
vt 0.427201324 0.739118593
vt 0.431076073 0.768179208
vt 0.427201324 0.795302449
vt 0.431076073 0.795302449
vt 0.427201324 0.82242569
vt 0.431076073 0.82242569
vt 0.427201324 0.849548931
vt 0.431076073 0.849548931
vt 0.427201324 0.877640859
vt 0.431076073 0.877640859
vt 0.427201324 0.9047641
vt 0.431076073 0.9047641
vt 0.427201324 0.93188734
vt 0.431076073 0.93188734
vt 0.427201324 0.960947955
vt 0.431076073 0.960947955
vt 0.440762945 0.739118593
vt 0.435919509 0.739118593
vt 0.435919509 0.768179208
vt 0.440762945 0.768179208
vt 0.435919509 0.795302449
vt 0.440762945 0.795302449
vt 0.440762945 0.82242569
vt 0.435919509 0.82242569
vt 0.435919509 0.849548931
vt 0.440762945 0.849548931
vt 0.435919509 0.877640859
vt 0.440762945 0.877640859
vt 0.435919509 0.9047641
vt 0.440762945 0.9047641
vt 0.435919509 0.93188734
vt 0.440762945 0.93188734
vt 0.440762945 0.960947955
vt 0.435919509 0.960947955
vt 0.202465901 0.151125481
vt 0.202465901 0.178248721
vt 0.21312146 0.178248721
vt 0.21312146 0.151125481
vt 0.202465901 0.0106658409
vt 0.223777019 0.178248721
vt 0.21312146 0.0106658409
vt 0.223777019 0.151125481
vt 0.234432577 0.178248721
vt 0.223777019 0.0106658409
vt 0.234432577 0.151125481
vt 0.245088136 0.178248721
vt 0.234432577 0.0106658409
vt 0.245088136 0.151125481
vt 0.255743695 0.178248721
vt 0.245088136 0.0106658409
vt 0.255743695 0.151125481
vt 0.255743695 0.0106658409
vt 0.266399254 0.178248721
vt 0.266399254 0.151125481
vt 0.266399254 0.0106658409
vt 0.277054813 0.151125481
vt 0.277054813 0.178248721
vt 0.287710372 0.178248721
vt 0.277054813 0.0106658409
vt 0.287710372 0.151125481
vt 0.287710372 0.0106658409
vt 0.408796268 0.801114572
vt 0.416545765 0.801114572
vt 0.416545765 0.592846831
vt 0.408796268 0.592846831
vt 0.401046771 0.801114572
vt 0.401046771 0.592846831
vt 0.393297273 0.801114572
vt 0.393297273 0.592846831
vt 0.385547776 0.801114572
vt 0.385547776 0.592846831
vt 0.377798279 0.801114572
vt 0.377798279 0.592846831
vt 0.370048781 0.801114572
vt 0.370048781 0.592846831
vt 0.362299284 0.801114572
vt 0.362299284 0.592846831
vt 0.354549787 0.801114572
vt 0.354549787 0.592846831
vt 0.247025511 0.495009426
vt 0.237338639 0.511477108
vt 0.247025511 0.511477108
vt 0.237338639 0.495009426
vt 0.227651767 0.511477108
vt 0.227651767 0.495009426
vt 0.227651767 0.478541744
vt 0.237338639 0.478541744
vt 0.247025511 0.478541744
vt 0.247025511 0.46304275
vt 0.237338639 0.46304275
vt 0.227651767 0.46304275
vt 0.247025511 0.446575068
vt 0.237338639 0.446575068
vt 0.227651767 0.446575068
vt 0.247025511 0.431076073
vt 0.237338639 0.431076073
vt 0.227651767 0.431076073
vt 0.247025511 0.414608391
vt 0.237338639 0.414608391
vt 0.227651767 0.414608391
vt 0.247025511 0.398140709
vt 0.237338639 0.398140709
vt 0.247025511 0.381673027
vt 0.227651767 0.398140709
vt 0.237338639 0.381673027
vt 0.227651767 0.381673027
vt 0.179217409 0.368111407
vt 0.165655788 0.368111407
vt 0.155000229 0.377798279
vt 0.189872968 0.377798279
vt 0.155968917 0.392328586
vt 0.189872968 0.392328586
vt 0.165655788 0.402015458
vt 0.179217409 0.402015458
vt 0.0997850607 0.502758924
vt 0.0997850607 0.491134678
vt 0.0881608146 0.491134678
vt 0.0881608146 0.502758924
vt 0.0997850607 0.513414483
vt 0.0755678814 0.491134678
vt 0.0881608146 0.513414483
vt 0.0755678814 0.502758924
vt 0.0639436353 0.491134678
vt 0.0755678814 0.513414483
vt 0.0639436353 0.502758924
vt 0.0523193893 0.491134678
vt 0.0639436353 0.513414483
vt 0.0523193893 0.502758924
vt 0.0397264561 0.491134678
vt 0.0523193893 0.513414483
vt 0.0397264561 0.502758924
vt 0.02810221 0.491134678
vt 0.0397264561 0.513414483
vt 0.02810221 0.502758924
vt 0.0155092768 0.491134678
vt 0.02810221 0.513414483
vt 0.0155092768 0.502758924
vt 0.00388503075 0.491134678
vt 0.0155092768 0.513414483
vt 0.00388503075 0.502758924
vt 0.00388503075 0.513414483
vt 0.393297273 0.914450971
vt 0.396203335 0.901858038
vt 0.393297273 0.901858038
vt 0.396203335 0.914450971
vt 0.393297273 0.924137843
vt 0.396203335 0.924137843
vt 0.393297273 0.933824715
vt 0.396203335 0.933824715
vt 0.393297273 0.944480274
vt 0.396203335 0.944480274
vt 0.393297273 0.954167145
vt 0.396203335 0.954167145
vt 0.393297273 0.963854017
vt 0.396203335 0.963854017
vt 0.393297273 0.973540889
vt 0.396203335 0.973540889
vt 0.393297273 0.985165135
vt 0.396203335 0.985165135
vt 0.982259073 0.481447806
vt 0.990977258 0.489197303
vt 0.984196448 0.478541744
vt 0.979353012 0.482416493
vt 0.980321699 0.486291242
vt 0.97644695 0.481447806
vt 0.974509576 0.48338518
vt 0.975478263 0.478541744
vt 0.971603514 0.478541744
vt 0.97644695 0.475635683
vt 0.974509576 0.472729621
vt 0.990977258 0.466917498
vt 0.98322776 0.475635683
vt 0.979353012 0.473698309
vt 0.979353012 0.470792247
vt 0.971603514 0.493072052
vt 0.963854017 0.486291242
vt 0.970634827 0.496946801
vt 0.974509576 0.492103365
vt 0.975478263 0.488228616
vt 0.980321699 0.491134678
vt 0.978384325 0.493072052
vt 0.98322776 0.495978113
vt 0.979353012 0.495978113
vt 0.980321699 0.501790237
vt 0.978384325 0.498884175
vt 0.974509576 0.504696298
vt 0.975478263 0.500821549
vt 0.963854017 0.506633672
vt 0.972572202 0.499852862
vt 0.982259073 0.517289231
vt 0.990977258 0.526007416
vt 0.98322776 0.51438317
vt 0.979353012 0.519226606
vt 0.979353012 0.522132667
vt 0.97644695 0.517289231
vt 0.974509576 0.520195293
vt 0.975478263 0.51438317
vt 0.971603514 0.51438317
vt 0.97644695 0.511477108
vt 0.974509576 0.509539734
vt 0.990977258 0.503727611
vt 0.982259073 0.511477108
vt 0.979353012 0.510508421
vt 0.979353012 0.506633672
vt 0.971603514 0.530850852
vt 0.963854017 0.523101354
vt 0.970634827 0.533756913
vt 0.974509576 0.528913477
vt 0.975478263 0.526007416
vt 0.980321699 0.52794479
vt 0.978384325 0.530850852
vt 0.98322776 0.533756913
vt 0.979353012 0.533756913
vt 0.980321699 0.538600349
vt 0.978384325 0.536662975
vt 0.974509576 0.541506411
vt 0.975478263 0.537631662
vt 0.963854017 0.544412472
vt 0.972572202 0.536662975
vt 0.21990227 0.515351857
vt 0.204403275 0.537631662
vt 0.229589142 0.528913477
vt 0.204403275 0.510508421
vt 0.229589142 0.545381159
vt 0.18890428 0.515351857
vt 0.21990227 0.55894278
vt 0.179217409 0.528913477
vt 0.204403275 0.563786215
vt 0.179217409 0.545381159
vt 0.18890428 0.55894278
vt 0.195685091 0.505664985
vt 0.209246711 0.500821549
vt 0.206340649 0.495009426
vt 0.196653778 0.498884175
vt 0.177280034 0.503727611
vt 0.212152772 0.486291242
vt 0.218933583 0.49016599
vt 0.214090147 0.475635683
vt 0.221839644 0.475635683
vt 0.212152772 0.465948811
vt 0.218933583 0.462074063
vt 0.206340649 0.457230627
vt 0.209246711 0.451418504
vt 0.196653778 0.453355878
vt 0.195685091 0.446575068
vt 0.187935593 0.454324565
vt 0.177280034 0.447543755
vt 0.207309337 0.484353867
vt 0.208278024 0.475635683
vt 0.207309337 0.467886186
vt 0.204403275 0.461105375
vt 0.199559839 0.460136688
vt 0.201497214 0.467886186
vt 0.202465901 0.475635683
vt 0.193747716 0.461105375
vt 0.196653778 0.467886186
vt 0.204403275 0.491134678
vt 0.201497214 0.484353867
vt 0.199559839 0.492103365
vt 0.197622465 0.475635683
vt 0.187935593 0.497915488
vt 0.193747716 0.491134678
vt 0.196653778 0.484353867
vt 0.191810342 0.468854873
vt 0.191810342 0.475635683
vt 0.191810342 0.48338518
vt 0.18890428 0.489197303
vt 0.184060845 0.494040739
vt 0.177280034 0.495978113
vt 0.18890428 0.46304275
vt 0.184060845 0.457230627
vt 0.186966906 0.482416493
vt 0.185998219 0.487259929
vt 0.18212347 0.489197303
vt 0.186966906 0.475635683
vt 0.186966906 0.46982356
vt 0.18212347 0.482416493
vt 0.177280034 0.489197303
vt 0.18212347 0.475635683
vt 0.177280034 0.48338518
vt 0.185998219 0.464980124
vt 0.18212347 0.46982356
vt 0.18212347 0.46304275
vt 0.177280034 0.475635683
vt 0.177280034 0.456261939
vt 0.177280034 0.46304275
vt 0.177280034 0.468854873
vt 0.172436598 0.475635683
vt 0.172436598 0.46982356
vt 0.172436598 0.46304275
vt 0.170499224 0.457230627
vt 0.166624475 0.454324565
vt 0.172436598 0.482416493
vt 0.157906291 0.453355878
vt 0.158874978 0.446575068
vt 0.172436598 0.489197303
vt 0.148219419 0.457230627
vt 0.145313358 0.451418504
vt 0.170499224 0.494040739
vt 0.142407296 0.465948811
vt 0.136595173 0.462074063
vt 0.166624475 0.497915488
vt 0.158874978 0.505664985
vt 0.140469922 0.475635683
vt 0.132720424 0.475635683
vt 0.157906291 0.498884175
vt 0.145313358 0.500821549
vt 0.142407296 0.486291242
vt 0.136595173 0.49016599
vt 0.148219419 0.495009426
vt 0.147250732 0.467886186
vt 0.146282045 0.475635683
vt 0.147250732 0.484353867
vt 0.150156794 0.491134678
vt 0.155000229 0.492103365
vt 0.160812352 0.491134678
vt 0.153062855 0.484353867
vt 0.152094168 0.475635683
vt 0.157906291 0.484353867
vt 0.165655788 0.489197303
vt 0.153062855 0.467886186
vt 0.156937604 0.475635683
vt 0.162749727 0.48338518
vt 0.16856185 0.487259929
vt 0.167593163 0.482416493
vt 0.167593163 0.475635683
vt 0.162749727 0.475635683
vt 0.167593163 0.46982356
vt 0.162749727 0.468854873
vt 0.16856185 0.464980124
vt 0.165655788 0.46304275
vt 0.157906291 0.467886186
vt 0.160812352 0.461105375
vt 0.155000229 0.460136688
vt 0.150156794 0.461105375
vt 0.195685091 0.350675038
vt 0.185998219 0.365205345
vt 0.194716403 0.376829591
vt 0.210215398 0.371017468
vt 0.171467911 0.343894228
vt 0.194716403 0.391359899
vt 0.171467911 0.361330597
vt 0.211184085 0.396203335
vt 0.148219419 0.352612412
vt 0.186966906 0.402984145
vt 0.157906291 0.366174033
vt 0.196653778 0.416545765
vt 0.133689112 0.372954843
vt 0.173405286 0.407827581
vt 0.150156794 0.377798279
vt 0.173405286 0.42526395
vt 0.134657799 0.398140709
vt 0.158874978 0.403952832
vt 0.150156794 0.392328586
vt 0.149188106 0.417514453
vt 0.950292397 0.0203527126
vt 0.955135832 0.0213213998
vt 0.960947955 0.0126032153
vt 0.959010581 0.0087284666
vt 0.950292397 0.033914333
vt 0.971603514 0.0087284666
vt 0.955135832 0.0329456459
vt 0.971603514 0.00485371792
vt 0.959010581 0.0445698919
vt 0.982259073 0.0126032153
vt 0.960947955 0.0416638304
vt 0.985165135 0.0087284666
vt 0.971603514 0.0494133278
vt 0.989039883 0.0213213998
vt 0.971603514 0.0445698919
vt 0.992914632 0.0203527126
vt 0.985165135 0.0445698919
vt 0.989039883 0.0329456459
vt 0.982259073 0.0416638304
vt 0.992914632 0.033914333
vt 0.991945945 0.981290386
vt 0.994852006 0.982259073
vt 0.994852006 0.965791391
vt 0.991945945 0.966760078
vt 0.981290386 0.990977258
vt 0.98322776 0.954167145
vt 0.98322776 0.993883319
vt 0.981290386 0.95610452
vt 0.967728766 0.990977258
vt 0.965791391 0.954167145
vt 0.965791391 0.993883319
vt 0.967728766 0.95610452
vt 0.957073207 0.981290386
vt 0.954167145 0.965791391
vt 0.954167145 0.982259073
vt 0.957073207 0.966760078
vt 0.985165135 0.978384325
vt 0.988071196 0.979353012
vt 0.988071196 0.967728766
vt 0.985165135 0.96966614
vt 0.979353012 0.984196448
vt 0.980321699 0.959979268
vt 0.980321699 0.987102509
vt 0.979353012 0.96288533
vt 0.970634827 0.984196448
vt 0.96966614 0.959979268
vt 0.96966614 0.987102509
vt 0.970634827 0.96288533
vt 0.964822704 0.978384325
vt 0.960947955 0.967728766
vt 0.960947955 0.979353012
vt 0.964822704 0.96966614
vn -0.686269274 -0.725484661 -0.0520239392
vn -0.911701732 -0.410852712 -0
vn -0.911701732 -0.410852712 -0
vn -0.686269274 -0.725484661 -0.0520239392
vn 0.0352721557 -0.999377744 -0
vn 0.0274406433 -0.999623435 -0
vn 0.725484661 -0.686269274 0.0520239392
vn 0.725484661 -0.686269274 0.0520239392
vn 0.999623435 0.0274406433 -0
vn 0.999623435 0.0274406433 -0
vn 0.686269274 0.725484661 0.0520239392
vn 0.686269274 0.725484661 0.0520239392
vn -0.0274406433 0.999623435 -0
vn -0.0352721557 0.999377744 -0
vn -0.725484661 0.686269274 -0.0520239392
vn -0.725484661 0.686269274 -0.0520239392
vn -0.934549665 0.355832718 -0
vn -0.934549665 0.355832718 -0
vn 0.301958481 0.952933906 0.0271670136
vn 0.247056939 0.968620061 0.0271670136
vn 0.247056939 0.968620061 0.0271670136
vn 0.301958481 0.952933906 0.0271670136
vn 0.717641584 0.694112351 0.056556177
vn 0.717641584 0.694112351 0.056556177
vn 0.999992311 -0.00392153847 -0
vn 0.999992311 0.00392153847 -0
vn 0.701955429 -0.709798506 0.0586911971
vn 0.701955429 -0.709798506 0.0586911971
vn 0.301958481 -0.952933906 0.0271670136
vn 0.301958481 -0.952933906 0.0271670136
vn 0.247056939 -0.968620061 0.0271670136
vn 0.247056939 -0.968620061 0.0271670136
vn -0.686269274 -0.725484661 -0.0520239392
vn -0.911701732 -0.410852712 -0
vn -0.911701732 -0.410852712 -0
vn -0.686269274 -0.725484661 -0.0520239392
vn 0.0352721557 -0.999377744 -0
vn 0.0274406433 -0.999623435 -0
vn 0.725484661 -0.686269274 0.0520239392
vn 0.725484661 -0.686269274 0.0520239392
vn 0.999623435 0.0274406433 -0
vn 0.999623435 0.0274406433 -0
vn 0.686269274 0.725484661 0.0520239392
vn 0.686269274 0.725484661 0.0520239392
vn -0.0274406433 0.999623435 -0
vn -0.0352721557 0.999377744 -0
vn -0.725484661 0.686269274 -0.0520239392
vn -0.725484661 0.686269274 -0.0520239392
vn -0.934549665 0.355832718 -0
vn -0.934549665 0.355832718 -0
vn 0.301958481 0.952933906 0.0271670136
vn 0.247056939 0.968620061 0.0271670136
vn 0.247056939 0.968620061 0.0271670136
vn 0.301958481 0.952933906 0.0271670136
vn 0.717641584 0.694112351 0.056556177
vn 0.717641584 0.694112351 0.056556177
vn 0.999992311 -0.00392153847 -0
vn 0.999992311 0.00392153847 -0
vn 0.701955429 -0.709798506 0.0586911971
vn 0.701955429 -0.709798506 0.0586911971
vn 0.301958481 -0.952933906 0.0271670136
vn 0.301958481 -0.952933906 0.0271670136
vn 0.247056939 -0.968620061 0.0271670136
vn 0.247056939 -0.968620061 0.0271670136
vn 0.552936958 -0.341173868 -0.760171765
vn 0.309801558 0.00392153871 -0.950793151
vn 0.294115403 -0.325487713 -0.898640016
vn 0.584309268 0.00392153871 -0.811521596
vn 0.294115403 0.325487713 -0.898640016
vn 0.890189287 -0.341173868 -0.301932817
vn 0.552936958 0.341173868 -0.760171765
vn 0.952933906 0.00392153871 -0.303152754
vn 0.890189287 -0.341173868 0.301932817
vn 0.890189287 0.341173868 -0.301932817
vn 0.952933906 0.00392153871 0.303152754
vn 0.552936958 -0.341173868 0.760171765
vn 0.890189287 0.341173868 0.301932817
vn 0.584309268 -0.00392153871 0.811521596
vn -0.00392153871 -0.341173868 0.939992028
vn 0.552936958 0.341173868 0.760171765
vn -0.00392153871 0.00392153871 0.999984621
vn -0.552936958 -0.341173868 0.760171765
vn -0.00392153871 0.341173868 0.939992028
vn -0.584309268 0.00392153871 0.811521596
vn -0.890189287 -0.341173868 0.301932817
vn -0.552936958 0.341173868 0.760171765
vn -0.952933906 0.00392153871 0.303152754
vn -0.890189287 -0.341173868 -0.301932817
vn -0.890189287 0.341173868 0.301932817
vn -0.952933906 -0.00392153871 -0.303152754
vn -0.552936958 -0.341173868 -0.760171765
vn -0.890189287 0.341173868 -0.301932817
vn -0.584309268 0.00392153871 -0.811521596
vn -0.294115403 -0.325487713 -0.898640016
vn -0.552936958 0.341173868 -0.760171765
vn -0.309801558 0.00392153871 -0.950793151
vn -0.294115403 0.325487713 -0.898640016
vn 0.552936958 0.325487713 -0.767019211
vn 0.294115403 0.309801558 -0.904167642
vn 0.294115403 0.309801558 -0.904167642
vn 0.552936958 0.325487713 -0.767019211
vn 0.898032364 0.325487713 -0.295965575
vn 0.898032364 0.325487713 -0.295965575
vn 0.898032364 0.325487713 0.295965575
vn 0.898032364 0.325487713 0.295965575
vn 0.552936958 0.325487713 0.767019211
vn 0.552936958 0.325487713 0.767019211
vn -0.00392153871 0.325487713 0.945538138
vn -0.00392153871 0.325487713 0.945538138
vn -0.552936958 0.325487713 0.767019211
vn -0.552936958 0.325487713 0.767019211
vn -0.898032364 0.325487713 0.295965575
vn -0.898032364 0.325487713 0.295965575
vn -0.898032364 0.325487713 -0.295965575
vn -0.898032364 0.325487713 -0.295965575
vn -0.552936958 0.325487713 -0.767019211
vn -0.552936958 0.325487713 -0.767019211
vn -0.294115403 0.309801558 -0.904167642
vn -0.294115403 0.309801558 -0.904167642
vn 0.560780035 0.317644635 -0.764609467
vn 0.309801558 0.137253855 -0.940842375
vn 0.294115403 0.301958481 -0.906817074
vn 0.584309268 0.145096932 -0.798454482
vn 0.309801558 -0.0588230806 -0.948979894
vn 0.898032364 0.317644635 -0.304367801
vn 0.584309268 -0.066666158 -0.80878817
vn 0.937247751 0.145096932 -0.317038693
vn 0.898032364 0.317644635 0.304367801
vn 0.952933906 -0.066666158 -0.295757661
vn 0.937247751 0.145096932 0.317038693
vn 0.560780035 0.317644635 0.764609467
vn 0.952933906 -0.066666158 0.295757661
vn 0.584309268 0.145096932 0.798454482
vn -0.00392153871 0.317644635 0.948201723
vn 0.584309268 -0.066666158 0.80878817
vn -0.00392153871 0.145096932 0.989409673
vn -0.560780035 0.317644635 0.764609467
vn -0.00392153871 -0.066666158 0.997767631
vn -0.584309268 0.145096932 0.798454482
vn -0.898032364 0.317644635 0.304367801
vn -0.584309268 -0.066666158 0.80878817
vn -0.937247751 0.145096932 0.317038693
vn -0.898032364 0.317644635 -0.304367801
vn -0.952933906 -0.066666158 0.295757661
vn -0.937247751 0.145096932 -0.317038693
vn -0.560780035 0.317644635 -0.764609467
vn -0.952933906 -0.066666158 -0.295757661
vn -0.584309268 0.145096932 -0.798454482
vn -0.294115403 0.301958481 -0.906817074
vn -0.584309268 -0.066666158 -0.80878817
vn -0.309801558 0.137253855 -0.940842375
vn -0.309801558 -0.0588230806 -0.948979894
vn 0.00392153871 -0.00392153871 -0.999984621
vn 0.00392153871 -0.00392153871 -0.999984621
vn 0.00392153871 -0.00392153871 -0.999984621
vn 0.00392153871 -0.00392153871 -0.999984621
vn 0.00392153871 -0.00392153871 -0.999984621
vn 0.00392153871 -0.00392153871 -0.999984621
vn 0.00392153871 -0.00392153871 -0.999984621
vn 0.00392153871 -0.00392153871 -0.999984621
vn 0.00392153871 0.00392153871 -0.999984621
vn 0.00392153871 -0.00392153871 -0.999984621
vn -0.00392153871 -0.00392153871 -0.999984621
vn 0.00392153871 0.00392153871 -0.999984621
vn 0.00392153871 0.00392153871 -0.999984621
vn 0.00392153871 0.00392153871 -0.999984621
vn -0.00392153871 -0.00392153871 -0.999984621
vn -0.00392153871 -0.00392153871 -0.999984621
vn 0.00392153871 0.00392153871 -0.999984621
vn 0.00392153871 0.00392153871 -0.999984621
vn 0.00392153871 0.00392153871 -0.999984621
vn 0.00392153871 0.00392153871 -0.999984621
vn 0.00392153871 0.00392153871 -0.999984621
vn -0.00392153871 -0.00392153871 -0.999984621
vn -0.00392153871 -0.00392153871 -0.999984621
vn 0.00392153871 0.00392153871 -0.999984621
vn 0.00392153871 0.00392153871 -0.999984621
vn 0.00392153871 0.00392153871 -0.999984621
vn -0.00392153871 -0.00392153871 -0.999984621
vn -0.00392153871 -0.00392153871 -0.999984621
vn -0.00392153871 -0.00392153871 -0.999984621
vn 0.00392153871 0.00392153871 -0.999984621
vn -0.00392153871 0.00392153871 -0.999984621
vn 0.00392153871 0.00392153871 -0.999984621
vn 0.00392153871 0.00392153871 -0.999984621
vn 0.00392153871 0.00392153871 -0.999984621
vn 0.00392153871 0.00392153871 -0.999984621
vn -0.00392153871 0.00392153871 -0.999984621
vn -0.00392153871 0.00392153871 -0.999984621
vn -0.00392153871 0.00392153871 -0.999984621
vn -0.00392153871 0.00392153871 -0.999984621
vn -0.00392153871 0.00392153871 -0.999984621
vn 0.00392153871 0.00392153871 -0.999984621
vn -0.00392153871 0.00392153871 -0.999984621
vn -0.00392153871 0.00392153871 -0.999984621
vn -0.00392153871 0.00392153871 -0.999984621
vn -0.00392153871 0.00392153871 -0.999984621
vn -0.00392153871 0.00392153871 -0.999984621
vn -0.00392153871 0.00392153871 -0.999984621
vn -0.00392153871 -0.00392153871 -0.999984621
vn -0.00392153871 0.00392153871 -0.999984621
vn -0.00392153871 0.00392153871 -0.999984621
vn -0.00392153871 0.00392153871 -0.999984621
vn -0.00392153871 0.00392153871 -0.999984621
vn -0.00392153871 0.00392153871 -0.999984621
vn -0.00392153871 0.00392153871 -0.999984621
vn -0.00392153871 0.00392153871 -0.999984621
vn -0.00392153871 0.00392153871 -0.999984621
vn -0.00392153871 0.00392153871 -0.999984621
vn -0.00392153871 -0.00392153871 -0.999984621
vn -0.00392153871 -0.00392153871 -0.999984621
vn -0.00392153871 -0.00392153871 -0.999984621
vn -0.00392153871 -0.00392153871 -0.999984621
vn -0.00392153871 -0.00392153871 -0.999984621
vn -0.00392153871 -0.00392153871 -0.999984621
vn 0.999992311 0.00392153847 -0
vn 0.999992311 0.00392153847 -0
vn 0.999992311 0.00392153847 -0
vn 0.999992311 0.00392153847 -0
vn 0.999992311 0.00392153847 -0
vn 0.999992311 0.00392153847 -0
vn 0.999992311 0.00392153847 -0
vn 0.999992311 0.00392153847 -0
vn 0.999992311 -0.00392153847 -0
vn 0.999992311 -0.00392153847 -0
vn 0.999992311 -0.00392153847 -0
vn 0.999992311 -0.00392153847 -0
vn 0.999992311 -0.00392153847 -0
vn 0.999992311 -0.00392153847 -0
vn -0.999992311 0.00392153847 -0
vn -0.999992311 0.00392153847 -0
vn -0.999992311 0.00392153847 -0
vn -0.999992311 0.00392153847 -0
vn -0.999992311 0.00392153847 -0
vn -0.999992311 0.00392153847 -0
vn -0.999992311 0.00392153847 -0
vn -0.999992311 0.00392153847 -0
vn -0.999992311 0.00392153847 -0
vn -0.999992311 0.00392153847 -0
vn -0.999992311 0.00392153847 -0
vn -0.999992311 0.00392153847 -0
vn -0.999992311 0.00392153847 -0
vn -0.999992311 0.00392153847 -0
vn -0.00392153871 0.00392153871 0.999984621
vn -0.00392153871 0.00392153871 0.999984621
vn 0.00392153871 0.00392153871 0.999984621
vn -0.00392153871 0.00392153871 0.999984621
vn -0.00392153871 0.00392153871 0.999984621
vn -0.00392153871 0.00392153871 0.999984621
vn -0.00392153871 0.00392153871 0.999984621
vn -0.00392153871 0.00392153871 0.999984621
vn -0.00392153871 0.00392153871 0.999984621
vn -0.00392153871 0.00392153871 0.999984621
vn -0.00392153871 0.00392153871 0.999984621
vn -0.00392153871 0.00392153871 0.999984621
vn -0.00392153871 0.00392153871 0.999984621
vn 0.00392153871 0.00392153871 0.999984621
vn -0.00392153871 0.00392153871 0.999984621
vn 0.00392153871 0.00392153871 0.999984621
vn 0.00392153871 0.00392153871 0.999984621
vn -0.00392153871 -0.00392153871 0.999984621
vn -0.00392153871 -0.00392153871 0.999984621
vn -0.00392153871 -0.00392153871 0.999984621
vn 0.00392153871 0.00392153871 0.999984621
vn 0.00392153871 0.00392153871 0.999984621
vn 0.00392153871 0.00392153871 0.999984621
vn 0.00392153871 -0.00392153871 0.999984621
vn -0.00392153871 -0.00392153871 0.999984621
vn 0.00392153871 0.00392153871 0.999984621
vn 0.00392153871 -0.00392153871 0.999984621
vn 0.00392153871 0.00392153871 0.999984621
vn 0.00392153871 0.00392153871 0.999984621
vn 0.00392153871 -0.00392153871 0.999984621
vn 0.00392153871 -0.00392153871 0.999984621
vn -0.00392153871 -0.00392153871 0.999984621
vn -0.00392153871 -0.00392153871 0.999984621
vn 0.00392153871 0.00392153871 0.999984621
vn -0.00392153871 -0.00392153871 0.999984621
vn -0.00392153871 -0.00392153871 0.999984621
vn 0.00392153871 0.00392153871 0.999984621
vn -0.00392153871 -0.00392153871 0.999984621
vn -0.00392153871 -0.00392153871 0.999984621
vn -0.00392153871 -0.00392153871 0.999984621
vn 0.00392153871 -0.00392153871 0.999984621
vn 0.00392153871 -0.00392153871 0.999984621
vn 0.00392153871 0.00392153871 0.999984621
vn -0.00392153871 0.00392153871 0.999984621
vn -0.00392153871 0.00392153871 0.999984621
vn -0.00392153871 -0.00392153871 0.999984621
vn -0.00392153871 -0.00392153871 0.999984621
vn -0.00392153871 -0.00392153871 0.999984621
vn 0.00392153871 -0.00392153871 0.999984621
vn -0.00392153871 -0.00392153871 0.999984621
vn 0.00392153871 -0.00392153871 0.999984621
vn -0.00392153871 0.00392153871 0.999984621
vn 0.00392153871 -0.00392153871 0.999984621
vn 0.00392153871 -0.00392153871 0.999984621
vn 0.00392153871 -0.00392153871 0.999984621
vn 0.00392153871 0.00392153871 0.999984621
vn 0.00392153871 0.00392153871 0.999984621
vn -0.00392153871 0.00392153871 0.999984621
vn 0.00392153871 0.00392153871 0.999984621
vn 0.00392153871 0.00392153871 0.999984621
vn 0.00392153871 0.00392153871 0.999984621
vn 0.00392153871 0.00392153871 0.999984621
vn 0.00392153871 0.00392153871 0.999984621
vn -0.00392153847 0.999992311 -0
vn -0.00392153847 0.999992311 -0
vn -0.00392153847 0.999992311 -0
vn -0.00392153847 0.999992311 -0
vn -0.00392153847 0.999992311 -0
vn -0.00392153847 0.999992311 -0
vn -0.00392153847 0.999992311 -0
vn -0.00392153847 0.999992311 -0
vn -0.00392153847 0.999992311 -0
vn -0.00392153847 0.999992311 -0
vn 0.00392153847 0.999992311 -0
vn 0.00392153847 0.999992311 -0
vn 0.00392153847 0.999992311 -0
vn 0.00392153847 0.999992311 -0
vn 0.00392153847 0.999992311 -0
vn 0.00392153847 0.999992311 -0
vn 0.00392153847 0.999992311 -0
vn 0.00392153847 0.999992311 -0
vn -0.00392153847 -0.999992311 -0
vn -0.00392153847 -0.999992311 -0
vn -0.00392153847 -0.999992311 -0
vn -0.00392153847 -0.999992311 -0
vn -0.00392153847 -0.999992311 -0
vn -0.00392153847 -0.999992311 -0
vn -0.00392153847 -0.999992311 -0
vn -0.00392153847 -0.999992311 -0
vn -0.00392153847 -0.999992311 -0
vn -0.00392153847 -0.999992311 -0
vn 0.00392153847 -0.999992311 -0
vn 0.00392153847 -0.999992311 -0
vn 0.00392153847 -0.999992311 -0
vn 0.00392153847 -0.999992311 -0
vn 0.00392153847 -0.999992311 -0
vn 0.00392153847 -0.999992311 -0
vn 0.00392153847 -0.999992311 -0
vn 0.00392153847 -0.999992311 -0
vn -0.380389255 -0.027450771 -0.924418991
vn -0.380389255 -0.0745092355 -0.92182015
vn -0.701955429 -0.0823523129 -0.707443759
vn -0.709798506 -0.027450771 -0.703869687
vn -0.380389255 -0.0117646161 -0.924751647
vn -0.996626148 -0.0820750945 -0
vn -0.709798506 -0.0117646161 -0.70430652
vn -0.999623435 -0.0274406433 -0
vn -0.701955429 -0.0823523129 0.707443759
vn -0.999930803 -0.0117638918 -0
vn -0.709798506 -0.027450771 0.703869687
vn 0.00392153871 -0.0823523129 0.996595564
vn -0.709798506 -0.0117646161 0.70430652
vn -0.00392153871 -0.027450771 0.999615464
vn 0.701955429 -0.0823523129 0.707443759
vn -0.00392153871 -0.0117646161 0.999923105
vn 0.709798506 -0.027450771 0.703869687
vn 0.709798506 -0.0117646161 0.70430652
vn 0.996626148 -0.0820750945 -0
vn 0.999623435 -0.0274406433 -0
vn 0.999930803 -0.0117638918 -0
vn 0.709798506 -0.027450771 -0.703869687
vn 0.701955429 -0.0823523129 -0.707443759
vn 0.380389255 -0.0745092355 -0.92182015
vn 0.709798506 -0.0117646161 -0.70430652
vn 0.380389255 -0.027450771 -0.924418991
vn 0.380389255 -0.0117646161 -0.924751647
vn -0.709798506 -0.0117646161 -0.70430652
vn -0.380389255 -0.0117646161 -0.924751647
vn -0.380389255 -0.0117646161 -0.924751647
vn -0.709798506 -0.0117646161 -0.70430652
vn -0.999930803 -0.0117638918 -0
vn -0.999930803 -0.0117638918 -0
vn -0.709798506 -0.0117646161 0.70430652
vn -0.709798506 -0.0117646161 0.70430652
vn -0.00392153871 -0.0117646161 0.999923105
vn -0.00392153871 -0.0117646161 0.999923105
vn 0.709798506 -0.0117646161 0.70430652
vn 0.709798506 -0.0117646161 0.70430652
vn 0.999930803 -0.0117638918 -0
vn 0.999930803 -0.0117638918 -0
vn 0.709798506 -0.0117646161 -0.70430652
vn 0.709798506 -0.0117646161 -0.70430652
vn 0.380389255 -0.0117646161 -0.924751647
vn 0.380389255 -0.0117646161 -0.924751647
vn 0.654896964 -0.380389255 -0.653003814
vn 0.380389255 -0.0117646161 -0.924751647
vn 0.356860022 -0.356860022 -0.863308664
vn 0.709798506 -0.0117646161 -0.70430652
vn 0.3647031 0.33333079 -0.86941488
vn 0.662740042 0.356860022 -0.658351397
vn 0.934549665 0.355832718 -0
vn 0.999930803 -0.0117638918 -0
vn 0.921561596 -0.380389255 -0.0776417341
vn 0.654896964 -0.380389255 0.653003814
vn 0.709798506 -0.0117646161 0.70430652
vn 0.662740042 0.356860022 0.658351397
vn 0.00392153871 -0.380389255 0.924818164
vn -0.00392153871 -0.0117646161 0.999923105
vn -0.00392153871 0.356860022 0.934149638
vn -0.654896964 -0.380389255 0.653003814
vn -0.709798506 -0.0117646161 0.70430652
vn -0.662740042 0.356860022 0.658351397
vn -0.921561596 -0.380389255 -0.0776417341
vn -0.999930803 -0.0117638918 -0
vn -0.934549665 0.355832718 -0
vn -0.654896964 -0.380389255 -0.653003814
vn -0.709798506 -0.0117646161 -0.70430652
vn -0.356860022 -0.356860022 -0.863308664
vn -0.662740042 0.356860022 -0.658351397
vn -0.380389255 -0.0117646161 -0.924751647
vn -0.3647031 0.33333079 -0.86941488
vn -0.00392153847 0.999992311 -0
vn -0.00392153847 0.999992311 -0
vn -0.00392153847 0.999992311 -0
vn -0.00392153847 0.999992311 -0
vn -0.00392153847 0.999992311 -0
vn -0.00392153847 0.999992311 -0
vn -0.00392153847 0.999992311 -0
vn -0.00392153847 0.999992311 -0
vn 0.380389255 0.00392153871 -0.924818164
vn 0.380389255 -0.105881545 -0.918745402
vn 0.701955429 -0.113724623 -0.703082702
vn 0.709798506 0.00392153871 -0.704393854
vn 0.380389255 0.113724623 -0.917807564
vn 0.992149293 -0.113724623 0.0520239392
vn 0.701955429 0.129410777 -0.70036521
vn 0.999992311 0.00392153847 -0
vn 0.701955429 -0.113724623 0.703082702
vn 0.991600411 0.129339184 -0
vn 0.709798506 0.00392153871 0.704393854
vn -0.00392153871 -0.113724623 0.993504571
vn 0.701955429 0.129410777 0.70036521
vn -0.00392153871 0.00392153871 0.999984621
vn -0.701955429 -0.113724623 0.703082702
vn -0.00392153871 0.129410777 0.991583316
vn -0.709798506 0.00392153871 0.704393854
vn -0.992149293 -0.113724623 -0.0520239392
vn -0.701955429 0.129410777 0.70036521
vn -0.999992311 0.00392153847 -0
vn -0.701955429 -0.113724623 -0.703082702
vn -0.991600411 0.129339184 -0
vn -0.709798506 0.00392153871 -0.704393854
vn -0.380389255 -0.105881545 -0.918745402
vn -0.701955429 0.129410777 -0.70036521
vn -0.380389255 0.00392153871 -0.924818164
vn -0.380389255 0.113724623 -0.917807564
vn -0.00392153847 0.999992311 -0
vn -0.00392153847 0.999992311 -0
vn -0.00392153847 0.999992311 -0
vn -0.00392153847 0.999992311 -0
vn -0.00392153847 0.999992311 -0
vn -0.00392153847 0.999992311 -0
vn -0.00392153847 0.999992311 -0
vn -0.00392153847 0.999992311 -0
vn -0.00392153847 0.999992311 -0
vn -0.00392153847 0.999992311 -0
vn -0.00392153847 0.999992311 -0
vn -0.00392153847 0.999992311 -0
vn -0.00392153847 0.999992311 -0
vn -0.00392153847 0.999992311 -0
vn -0.00392153847 0.999992311 -0
vn -0.00392153847 0.999992311 -0
vn -0.00392153847 0.999992311 -0
vn -0.00392153847 0.999992311 -0
vn -0.00392153871 0.00392153871 0.999984621
vn 0.00392153871 0.00392153871 0.999984621
vn 0.00392153871 0.00392153871 0.999984621
vn -0.00392153871 0.00392153871 0.999984621
vn -0.00392153871 0.00392153871 0.999984621
vn -0.00392153871 -0.00392153871 0.999984621
vn -0.00392153871 -0.00392153871 0.999984621
vn 0.00392153871 -0.00392153871 0.999984621
vn 0.00392153871 -0.00392153871 0.999984621
vn 0.00392153871 0.00392153871 0.999984621
vn 0.00392153871 0.00392153871 0.999984621
vn 0.00392153871 0.00392153871 0.999984621
vn 0.00392153871 0.00392153871 0.999984621
vn -0.00392153871 0.00392153871 0.999984621
vn 0.00392153871 0.00392153871 0.999984621
vn 0.00392153871 0.00392153871 -0.999984621
vn -0.00392153871 0.00392153871 -0.999984621
vn -0.00392153871 0.00392153871 -0.999984621
vn 0.00392153871 -0.00392153871 -0.999984621
vn 0.00392153871 -0.00392153871 -0.999984621
vn 0.00392153871 0.00392153871 -0.999984621
vn 0.00392153871 0.00392153871 -0.999984621
vn -0.00392153871 0.00392153871 -0.999984621
vn -0.00392153871 0.00392153871 -0.999984621
vn 0.00392153871 -0.00392153871 -0.999984621
vn 0.00392153871 -0.00392153871 -0.999984621
vn -0.00392153871 -0.00392153871 -0.999984621
vn -0.00392153871 -0.00392153871 -0.999984621
vn -0.00392153871 -0.00392153871 -0.999984621
vn 0.00392153871 -0.00392153871 -0.999984621
vn 0.00392153871 0.00392153871 0.999984621
vn 0.00392153871 0.00392153871 0.999984621
vn 0.00392153871 0.00392153871 0.999984621
vn 0.00392153871 0.00392153871 0.999984621
vn 0.00392153871 0.00392153871 0.999984621
vn -0.00392153871 0.00392153871 0.999984621
vn -0.00392153871 0.00392153871 0.999984621
vn -0.00392153871 -0.00392153871 0.999984621
vn -0.00392153871 -0.00392153871 0.999984621
vn -0.00392153871 -0.00392153871 0.999984621
vn -0.00392153871 -0.00392153871 0.999984621
vn 0.00392153871 -0.00392153871 0.999984621
vn 0.00392153871 -0.00392153871 0.999984621
vn 0.00392153871 -0.00392153871 0.999984621
vn 0.00392153871 -0.00392153871 0.999984621
vn -0.00392153871 -0.00392153871 -0.999984621
vn -0.00392153871 -0.00392153871 -0.999984621
vn -0.00392153871 -0.00392153871 -0.999984621
vn -0.00392153871 -0.00392153871 -0.999984621
vn -0.00392153871 -0.00392153871 -0.999984621
vn 0.00392153871 -0.00392153871 -0.999984621
vn 0.00392153871 -0.00392153871 -0.999984621
vn -0.00392153871 0.00392153871 -0.999984621
vn -0.00392153871 0.00392153871 -0.999984621
vn -0.00392153871 -0.00392153871 -0.999984621
vn -0.00392153871 -0.00392153871 -0.999984621
vn 0.00392153871 0.00392153871 -0.999984621
vn -0.00392153871 -0.00392153871 -0.999984621
vn -0.00392153871 0.00392153871 -0.999984621
vn 0.00392153871 0.00392153871 -0.999984621
vn -0.00392153847 0.999992311 -0
vn -0.00392153847 0.999992311 -0
vn -0.00392153847 0.999992311 -0
vn -0.00392153847 0.999992311 -0
vn -0.00392153847 0.999992311 -0
vn -0.00392153847 0.999992311 -0
vn -0.00392153847 0.999992311 -0
vn -0.00392153847 0.999992311 -0
vn -0.00392153847 0.999992311 -0
vn -0.00392153847 0.999992311 -0
vn -0.00392153847 0.999992311 -0
vn 0.921561596 -0.341173868 0.185269037
vn 0.694112351 -0.694112351 0.190829996
vn 0.670583119 -0.670583119 0.31723266
vn 0.882346209 -0.325487713 0.339886622
vn 0.999992311 -0.00392153847 -0
vn 0.325487713 -0.882346209 0.339886622
vn 0.341173868 -0.921561596 0.185269037
vn -0.00392153871 -0.937247751 0.348642043
vn 0.00392153871 -0.984306216 0.176425325
vn -0.325487713 -0.882346209 0.339886622
vn -0.341173868 -0.921561596 0.185269037
vn -0.670583119 -0.670583119 0.31723266
vn -0.694112351 -0.694112351 0.190829996
vn -0.882346209 -0.325487713 0.339886622
vn -0.921561596 -0.341173868 0.185269037
vn -0.937247751 0.00392153871 0.348642043
vn -0.999992311 0.00392153847 -0
vn 0.309801558 -0.670583119 0.674048422
vn -0.00392153871 -0.709798506 0.704393854
vn -0.309801558 -0.670583119 0.674048422
vn -0.57646619 -0.57646619 0.579114378
vn -0.670583119 -0.309801558 0.674048422
vn -0.325487713 -0.325487713 0.887758693
vn -0.00392153871 -0.349016945 0.937108208
vn -0.709798506 0.00392153871 0.704393854
vn -0.349016945 -0.00392153871 0.937108208
vn 0.57646619 -0.57646619 0.579114378
vn 0.325487713 -0.325487713 0.887758693
vn 0.670583119 -0.309801558 0.674048422
vn -0.00392153871 0.00392153871 0.999984621
vn 0.937247751 0.00392153871 0.348642043
vn 0.709798506 -0.00392153871 0.704393854
vn 0.349016945 0.00392153871 0.937108208
vn -0.325487713 0.325487713 0.887758693
vn -0.00392153871 0.349016945 0.937108208
vn 0.325487713 0.325487713 0.887758693
vn 0.670583119 0.309801558 0.674048422
vn 0.882346209 0.325487713 0.339886622
vn 0.937132409 0.348973993 -0
vn -0.670583119 0.309801558 0.674048422
vn -0.882346209 0.325487713 0.339886622
vn 0.309801558 0.670583119 0.674048422
vn 0.57646619 0.57646619 0.579114378
vn 0.670583119 0.670583119 0.31723266
vn 0.00392153871 0.709798506 0.704393854
vn -0.309801558 0.670583119 0.674048422
vn 0.325487713 0.882346209 0.339886622
vn 0.707106781 0.707106781 -0
vn -0.00392153871 0.937247751 0.348642043
vn 0.348973993 0.937132409 -0
vn -0.57646619 0.57646619 0.579114378
vn -0.325487713 0.882346209 0.339886622
vn -0.670583119 0.670583119 0.31723266
vn -0.00392153847 0.999992311 -0
vn -0.937132409 0.348973993 -0
vn -0.707106781 0.707106781 -0
vn -0.348973993 0.937132409 -0
vn -0.00392153871 0.937247751 -0.348642043
vn -0.325487713 0.882346209 -0.339886622
vn -0.670583119 0.670583119 -0.31723266
vn -0.882346209 0.325487713 -0.339886622
vn -0.937247751 0.00392153871 -0.348642043
vn 0.325487713 0.882346209 -0.339886622
vn -0.882346209 -0.325487713 -0.339886622
vn -0.921561596 -0.341173868 -0.185269037
vn 0.670583119 0.670583119 -0.31723266
vn -0.670583119 -0.670583119 -0.31723266
vn -0.694112351 -0.694112351 -0.190829996
vn 0.882346209 0.325487713 -0.339886622
vn -0.325487713 -0.882346209 -0.339886622
vn -0.341173868 -0.921561596 -0.185269037
vn 0.937247751 0.00392153871 -0.348642043
vn 0.921561596 -0.341173868 -0.185269037
vn 0.00392153871 -0.937247751 -0.348642043
vn 0.00392153871 -0.984306216 -0.176425325
vn 0.882346209 -0.325487713 -0.339886622
vn 0.694112351 -0.694112351 -0.190829996
vn 0.325487713 -0.882346209 -0.339886622
vn 0.341173868 -0.921561596 -0.185269037
vn 0.670583119 -0.670583119 -0.31723266
vn -0.309801558 -0.670583119 -0.674048422
vn 0.00392153871 -0.709798506 -0.704393854
vn 0.309801558 -0.670583119 -0.674048422
vn 0.57646619 -0.57646619 -0.579114378
vn 0.670583119 -0.309801558 -0.674048422
vn 0.709798506 0.00392153871 -0.704393854
vn 0.325487713 -0.325487713 -0.887758693
vn -0.00392153871 -0.349016945 -0.937108208
vn 0.349016945 0.00392153871 -0.937108208
vn 0.670583119 0.309801558 -0.674048422
vn -0.325487713 -0.325487713 -0.887758693
vn -0.00392153871 0.00392153871 -0.999984621
vn 0.325487713 0.325487713 -0.887758693
vn 0.57646619 0.57646619 -0.579114378
vn 0.309801558 0.670583119 -0.674048422
vn -0.00392153871 0.709798506 -0.704393854
vn -0.00392153871 0.349016945 -0.937108208
vn -0.309801558 0.670583119 -0.674048422
vn -0.325487713 0.325487713 -0.887758693
vn -0.57646619 0.57646619 -0.579114378
vn -0.670583119 0.309801558 -0.674048422
vn -0.349016945 0.00392153871 -0.937108208
vn -0.709798506 0.00392153871 -0.704393854
vn -0.670583119 -0.309801558 -0.674048422
vn -0.57646619 -0.57646619 -0.579114378
vn 0.00392153847 0.999992311 -0
vn 0.00392153847 0.999992311 -0
vn 0.00392153847 0.999992311 -0
vn 0.00392153847 0.999992311 -0
vn -0.00392153847 0.999992311 -0
vn 0.00392153847 0.999992311 -0
vn -0.00392153847 0.999992311 -0
vn 0.00392153847 0.999992311 -0
vn -0.00392153847 0.999992311 -0
vn 0.00392153847 0.999992311 -0
vn -0.00392153847 0.999992311 -0
vn 0.00392153847 0.999992311 -0
vn -0.00392153847 0.999992311 -0
vn -0.00392153847 0.999992311 -0
vn -0.00392153847 0.999992311 -0
vn -0.00392153847 0.999992311 -0
vn -0.00392153847 0.999992311 -0
vn -0.00392153847 0.999992311 -0
vn -0.00392153847 0.999992311 -0
vn -0.00392153847 0.999992311 -0
vn 0.105881545 -0.992149293 0.0665498191
vn 0.105881545 -0.992149293 0.0665498191
vn 0.066666158 -0.992149293 0.105808333
vn 0.066666158 -0.992149293 0.105808333
vn 0.105881545 -0.992149293 -0.0665498191
vn -0.00392153871 -0.992149293 0.124997606
vn 0.105881545 -0.992149293 -0.0665498191
vn 0.00392153871 -0.992149293 0.124997606
vn 0.066666158 -0.992149293 -0.105808333
vn -0.066666158 -0.992149293 0.105808333
vn 0.066666158 -0.992149293 -0.105808333
vn -0.066666158 -0.992149293 0.105808333
vn 0.00392153871 -0.992149293 -0.124997606
vn -0.105881545 -0.992149293 0.0665498191
vn -0.00392153871 -0.992149293 -0.124997606
vn -0.105881545 -0.992149293 0.0665498191
vn -0.066666158 -0.992149293 -0.105808333
vn -0.105881545 -0.992149293 -0.0665498191
vn -0.066666158 -0.992149293 -0.105808333
vn -0.105881545 -0.992149293 -0.0665498191
vn 0.0665190105 -0.997785158 -0
vn 0.0665190105 -0.997785158 -0
vn 0.0430971754 -0.999070885 -0
vn 0.0430971754 -0.999070885 -0
vn 0.0430971754 -0.999070885 -0
vn -0.00392153847 -0.999992311 -0
vn 0.0430971754 -0.999070885 -0
vn -0.00392153847 -0.999992311 -0
vn -0.00392153847 -0.999992311 -0
vn -0.0430971754 -0.999070885 -0
vn -0.00392153847 -0.999992311 -0
vn -0.0430971754 -0.999070885 -0
vn -0.0430971754 -0.999070885 -0
vn -0.0665190105 -0.997785158 -0
vn -0.0430971754 -0.999070885 -0
vn -0.0665190105 -0.997785158 -0
vn -0.00392153847 -0.999992311 -0
vn -0.00392153847 -0.999992311 -0
vn -0.00392153847 -0.999992311 -0
vn -0.00392153847 -0.999992311 -0
vn -0.00392153847 -0.999992311 -0
vn -0.00392153847 -0.999992311 -0
vn -0.00392153847 -0.999992311 -0
vn -0.00392153847 -0.999992311 -0
vn -0.00392153847 -0.999992311 -0
vn -0.00392153847 -0.999992311 -0
vn -0.00392153847 -0.999992311 -0
vn -0.00392153847 -0.999992311 -0
vn -0.00392153847 -0.999992311 -0
vn -0.00392153847 -0.999992311 -0
vn -0.00392153847 -0.999992311 -0
vn -0.00392153847 -0.999992311 -0
g A_build_Carbarn_02_qizi_0
f 3/3/3 2/2/2 1/1/1
f 4/4/4 3/3/3 1/1/1
f 4/4/4 1/1/1 5/5/5
f 6/6/6 4/4/4 5/5/5
f 6/6/6 5/5/5 7/7/7
f 8/8/8 6/6/6 7/7/7
f 8/8/8 7/7/7 9/9/9
f 10/10/10 8/8/8 9/9/9
f 10/10/10 9/9/9 11/11/11
f 12/12/12 10/10/10 11/11/11
f 12/12/12 11/11/11 13/13/13
f 14/14/14 12/12/12 13/13/13
f 14/14/14 13/13/13 15/15/15
f 16/16/16 14/14/14 15/15/15
f 16/16/16 15/15/15 17/17/17
f 18/18/18 16/16/16 17/17/17
f 21/21/21 20/20/20 19/19/19
f 22/22/22 21/21/21 19/19/19
f 22/22/22 19/19/19 23/23/23
f 24/24/24 22/22/22 23/23/23
f 24/24/24 23/23/23 25/25/25
f 26/26/26 24/24/24 25/25/25
f 26/26/26 25/25/25 27/27/27
f 28/28/28 26/26/26 27/27/27
f 28/28/28 27/27/27 29/29/29
f 30/30/30 28/28/28 29/29/29
f 30/30/30 29/29/29 31/31/31
f 32/32/32 30/30/30 31/31/31
f 35/35/35 34/34/34 33/33/33
f 36/36/36 35/35/35 33/33/33
f 36/36/36 33/33/33 37/37/37
f 38/38/38 36/36/36 37/37/37
f 38/38/38 37/37/37 39/39/39
f 40/40/40 38/38/38 39/39/39
f 40/40/40 39/39/39 41/41/41
f 42/42/42 40/40/40 41/41/41
f 42/42/42 41/41/41 43/43/43
f 44/44/44 42/42/42 43/43/43
f 44/44/44 43/43/43 45/45/45
f 46/46/46 44/44/44 45/45/45
f 46/46/46 45/45/45 47/47/47
f 48/48/48 46/46/46 47/47/47
f 48/48/48 47/47/47 49/49/49
f 50/50/50 48/48/48 49/49/49
f 53/53/53 52/52/52 51/51/51
f 54/54/54 53/53/53 51/51/51
f 54/54/54 51/51/51 55/55/55
f 56/56/56 54/54/54 55/55/55
f 56/56/56 55/55/55 57/57/57
f 58/58/58 56/56/56 57/57/57
f 58/58/58 57/57/57 59/59/59
f 60/60/60 58/58/58 59/59/59
f 60/60/60 59/59/59 61/61/61
f 62/62/62 60/60/60 61/61/61
f 62/62/62 61/61/61 63/63/63
f 64/64/64 62/62/62 63/63/63
f 67/67/67 66/66/66 65/65/65
f 66/66/66 68/68/68 65/65/65
f 66/66/66 69/69/69 68/68/68
f 65/65/65 68/68/68 70/70/70
f 69/69/69 71/71/71 68/68/68
f 68/68/68 72/72/72 70/70/70
f 68/68/68 71/71/71 72/72/72
f 70/70/70 72/72/72 73/73/73
f 71/71/71 74/74/74 72/72/72
f 72/72/72 75/75/75 73/73/73
f 72/72/72 74/74/74 75/75/75
f 73/73/73 75/75/75 76/76/76
f 74/74/74 77/77/77 75/75/75
f 75/75/75 78/78/78 76/76/76
f 75/75/75 77/77/77 78/78/78
f 76/76/76 78/78/78 79/79/79
f 77/77/77 80/80/80 78/78/78
f 78/78/78 81/81/81 79/79/79
f 78/78/78 80/80/80 81/81/81
f 79/79/79 81/81/81 82/82/82
f 80/80/80 83/83/83 81/81/81
f 81/81/81 84/84/84 82/82/82
f 81/81/81 83/83/83 84/84/84
f 82/82/82 84/84/84 85/85/85
f 83/83/83 86/86/86 84/84/84
f 84/84/84 87/87/87 85/85/85
f 84/84/84 86/86/86 87/87/87
f 85/85/85 87/87/87 88/88/88
f 86/86/86 89/89/89 87/87/87
f 87/87/87 90/90/90 88/88/88
f 87/87/87 89/89/89 90/90/90
f 88/88/88 90/90/90 91/91/91
f 89/89/89 92/92/92 90/90/90
f 90/90/90 93/93/93 91/91/91
f 90/90/90 92/92/92 93/93/93
f 91/91/91 93/93/93 94/94/94
f 92/92/92 95/95/95 93/93/93
f 93/93/93 96/96/96 94/94/94
f 93/93/93 95/95/95 96/96/96
f 95/95/95 97/97/97 96/96/96
f 100/100/100 99/99/99 98/98/98
f 99/99/99 101/101/101 98/98/98
f 98/98/98 101/101/101 102/102/102
f 101/101/101 103/103/103 102/102/102
f 102/102/102 103/103/103 104/104/104
f 103/103/103 105/105/105 104/104/104
f 104/104/104 105/105/105 106/106/106
f 105/105/105 107/107/107 106/106/106
f 106/106/106 107/107/107 108/108/108
f 107/107/107 109/109/109 108/108/108
f 108/108/108 109/109/109 110/110/110
f 109/109/109 111/111/111 110/110/110
f 110/110/110 111/111/111 112/112/112
f 111/111/111 113/113/113 112/112/112
f 112/112/112 113/113/113 114/114/114
f 113/113/113 115/115/115 114/114/114
f 114/114/114 115/115/115 116/116/116
f 115/115/115 117/117/117 116/116/116
f 116/116/116 117/117/117 118/118/118
f 117/117/117 119/119/119 118/118/118
f 122/122/122 121/121/121 120/120/120
f 121/121/121 123/123/123 120/120/120
f 121/121/121 124/124/124 123/123/123
f 120/120/120 123/123/123 125/125/125
f 124/124/124 126/126/126 123/123/123
f 123/123/123 127/127/127 125/125/125
f 123/123/123 126/126/126 127/127/127
f 125/125/125 127/127/127 128/128/128
f 126/126/126 129/129/129 127/127/127
f 127/127/127 130/130/130 128/128/128
f 127/127/127 129/129/129 130/130/130
f 128/128/128 130/130/130 131/131/131
f 129/129/129 132/132/132 130/130/130
f 130/130/130 133/133/133 131/131/131
f 130/130/130 132/132/132 133/133/133
f 131/131/131 133/133/133 134/134/134
f 132/132/132 135/135/135 133/133/133
f 133/133/133 136/136/136 134/134/134
f 133/133/133 135/135/135 136/136/136
f 134/134/134 136/136/136 137/137/137
f 135/135/135 138/138/138 136/136/136
f 136/136/136 139/139/139 137/137/137
f 136/136/136 138/138/138 139/139/139
f 137/137/137 139/139/139 140/140/140
f 138/138/138 141/141/141 139/139/139
f 139/139/139 142/142/142 140/140/140
f 139/139/139 141/141/141 142/142/142
f 140/140/140 142/142/142 143/143/143
f 141/141/141 144/144/144 142/142/142
f 142/142/142 145/145/145 143/143/143
f 142/142/142 144/144/144 145/145/145
f 143/143/143 145/145/145 146/146/146
f 144/144/144 147/147/147 145/145/145
f 145/145/145 148/148/148 146/146/146
f 145/145/145 147/147/147 148/148/148
f 146/146/146 148/148/148 149/149/149
f 147/147/147 150/150/150 148/148/148
f 148/148/148 151/151/151 149/149/149
f 148/148/148 150/150/150 151/151/151
f 150/150/150 152/152/152 151/151/151
f 155/155/155 154/154/154 153/153/153
f 156/156/156 155/155/155 153/153/153
f 153/153/153 157/157/157 156/156/156
f 158/158/158 155/155/155 156/156/156
f 157/157/157 159/159/159 156/156/156
f 159/159/159 157/157/157 160/160/160
f 161/161/161 158/158/158 156/156/156
f 156/156/156 159/159/159 161/161/161
f 162/162/162 159/159/159 160/160/160
f 162/162/162 160/160/160 163/163/163
f 161/161/161 164/164/164 158/158/158
f 164/164/164 165/165/165 158/158/158
f 159/159/159 166/166/166 161/161/161
f 166/166/166 159/159/159 162/162/162
f 167/167/167 162/162/162 163/163/163
f 167/167/167 163/163/163 168/168/168
f 164/164/164 169/169/169 165/165/165
f 169/169/169 170/170/170 165/165/165
f 171/171/171 170/170/170 169/169/169
f 172/172/172 164/164/164 161/161/161
f 166/166/166 172/172/172 161/161/161
f 173/173/173 166/166/166 162/162/162
f 162/162/162 167/167/167 173/173/173
f 174/174/174 167/167/167 168/168/168
f 174/174/174 168/168/168 175/175/175
f 176/176/176 169/169/169 164/164/164
f 172/172/172 176/176/176 164/164/164
f 177/177/177 171/171/171 169/169/169
f 169/169/169 176/176/176 177/177/177
f 166/166/166 173/173/173 178/178/178
f 172/172/172 166/166/166 178/178/178
f 167/167/167 179/179/179 173/173/173
f 167/167/167 174/174/174 179/179/179
f 178/178/178 173/173/173 179/179/179
f 180/180/180 174/174/174 175/175/175
f 175/175/175 181/181/181 180/180/180
f 171/171/171 177/177/177 182/182/182
f 183/183/183 171/171/171 182/182/182
f 182/182/182 177/177/177 184/184/184
f 185/185/185 182/182/182 184/184/184
f 176/176/176 184/184/184 177/177/177
f 176/176/176 172/172/172 186/186/186
f 184/184/184 176/176/176 186/186/186
f 172/172/172 178/178/178 186/186/186
f 185/185/185 184/184/184 187/187/187
f 187/187/187 184/184/184 186/186/186
f 188/188/188 185/185/185 187/187/187
f 189/189/189 186/186/186 178/178/178
f 187/187/187 186/186/186 189/189/189
f 188/188/188 187/187/187 190/190/190
f 190/190/190 187/187/187 189/189/189
f 191/191/191 188/188/188 190/190/190
f 191/191/191 190/190/190 192/192/192
f 193/193/193 191/191/191 192/192/192
f 193/193/193 192/192/192 194/194/194
f 195/195/195 189/189/189 178/178/178
f 195/195/195 178/178/178 179/179/179
f 190/190/190 189/189/189 196/196/196
f 192/192/192 190/190/190 196/196/196
f 195/195/195 197/197/197 189/189/189
f 195/195/195 179/179/179 197/197/197
f 197/197/197 196/196/196 189/189/189
f 192/192/192 196/196/196 198/198/198
f 198/198/198 196/196/196 197/197/197
f 192/192/192 199/199/199 194/194/194
f 199/199/199 192/192/192 198/198/198
f 179/179/179 200/200/200 197/197/197
f 174/174/174 200/200/200 179/179/179
f 200/200/200 174/174/174 180/180/180
f 194/194/194 199/199/199 201/201/201
f 202/202/202 194/194/194 201/201/201
f 198/198/198 203/203/203 199/199/199
f 203/203/203 201/201/201 199/199/199
f 204/204/204 198/198/198 197/197/197
f 204/204/204 197/197/197 200/200/200
f 203/203/203 198/198/198 204/204/204
f 202/202/202 201/201/201 205/205/205
f 206/206/206 202/202/202 205/205/205
f 205/205/205 201/201/201 207/207/207
f 201/201/201 203/203/203 207/207/207
f 203/203/203 208/208/208 207/207/207
f 208/208/208 203/203/203 204/204/204
f 208/208/208 209/209/209 207/207/207
f 210/210/210 204/204/204 200/200/200
f 208/208/208 204/204/204 210/210/210
f 210/210/210 200/200/200 180/180/180
f 208/208/208 211/211/211 209/209/209
f 211/211/211 208/208/208 210/210/210
f 211/211/211 212/212/212 209/209/209
f 212/212/212 211/211/211 213/213/213
f 180/180/180 214/214/214 210/210/210
f 214/214/214 211/211/211 210/210/210
f 211/211/211 214/214/214 213/213/213
f 181/181/181 214/214/214 180/180/180
f 213/213/213 214/214/214 215/215/215
f 214/214/214 181/181/181 215/215/215
f 218/218/218 217/217/217 216/216/216
f 217/217/217 219/219/219 216/216/216
f 216/216/216 219/219/219 220/220/220
f 219/219/219 221/221/221 220/220/220
f 222/222/222 220/220/220 221/221/221
f 223/223/223 222/222/222 221/221/221
f 224/224/224 222/222/222 223/223/223
f 225/225/225 224/224/224 223/223/223
f 224/224/224 225/225/225 226/226/226
f 225/225/225 227/227/227 226/226/226
f 226/226/226 227/227/227 228/228/228
f 227/227/227 229/229/229 228/228/228
f 232/232/232 231/231/231 230/230/230
f 233/233/233 232/232/232 230/230/230
f 233/233/233 234/234/234 232/232/232
f 234/234/234 235/235/235 232/232/232
f 235/235/235 234/234/234 236/236/236
f 234/234/234 237/237/237 236/236/236
f 236/236/236 237/237/237 238/238/238
f 237/237/237 239/239/239 238/238/238
f 240/240/240 238/238/238 239/239/239
f 241/241/241 240/240/240 239/239/239
f 241/241/241 242/242/242 240/240/240
f 242/242/242 243/243/243 240/240/240
f 246/246/246 245/245/245 244/244/244
f 245/245/245 247/247/247 244/244/244
f 248/248/248 244/244/244 247/247/247
f 245/245/245 249/249/249 247/247/247
f 250/250/250 248/248/248 247/247/247
f 248/248/248 250/250/250 251/251/251
f 249/249/249 252/252/252 247/247/247
f 250/250/250 247/247/247 252/252/252
f 250/250/250 253/253/253 251/251/251
f 251/251/251 253/253/253 254/254/254
f 255/255/255 252/252/252 249/249/249
f 256/256/256 255/255/255 249/249/249
f 257/257/257 250/250/250 252/252/252
f 250/250/250 257/257/257 253/253/253
f 253/253/253 258/258/258 254/254/254
f 254/254/254 258/258/258 259/259/259
f 255/255/255 260/260/260 252/252/252
f 260/260/260 257/257/257 252/252/252
f 261/261/261 255/255/255 256/256/256
f 262/262/262 261/261/261 256/256/256
f 262/262/262 263/263/263 261/261/261
f 257/257/257 264/264/264 253/253/253
f 258/258/258 253/253/253 264/264/264
f 258/258/258 265/265/265 259/259/259
f 259/259/259 265/265/265 266/266/266
f 261/261/261 267/267/267 255/255/255
f 267/267/267 260/260/260 255/255/255
f 263/263/263 268/268/268 261/261/261
f 267/267/267 261/261/261 268/268/268
f 257/257/257 260/260/260 269/269/269
f 264/264/264 257/257/257 269/269/269
f 270/270/270 258/258/258 264/264/264
f 265/265/265 258/258/258 270/270/270
f 264/264/264 269/269/269 270/270/270
f 265/265/265 271/271/271 266/266/266
f 272/272/272 266/266/266 271/271/271
f 268/268/268 263/263/263 273/273/273
f 263/263/263 274/274/274 273/273/273
f 268/268/268 273/273/273 275/275/275
f 275/275/275 267/267/267 268/268/268
f 273/273/273 276/276/276 275/275/275
f 267/267/267 275/275/275 277/277/277
f 260/260/260 267/267/267 277/277/277
f 269/269/269 260/260/260 277/277/277
f 275/275/275 276/276/276 278/278/278
f 275/275/275 278/278/278 277/277/277
f 276/276/276 279/279/279 278/278/278
f 277/277/277 280/280/280 269/269/269
f 277/277/277 278/278/278 280/280/280
f 278/278/278 279/279/279 281/281/281
f 278/278/278 281/281/281 280/280/280
f 279/279/279 282/282/282 281/281/281
f 281/281/281 282/282/282 283/283/283
f 282/282/282 284/284/284 283/283/283
f 283/283/283 284/284/284 285/285/285
f 280/280/280 286/286/286 269/269/269
f 269/269/269 286/286/286 270/270/270
f 280/280/280 281/281/281 287/287/287
f 281/281/281 283/283/283 287/287/287
f 288/288/288 286/286/286 280/280/280
f 270/270/270 286/286/286 288/288/288
f 287/287/287 288/288/288 280/280/280
f 287/287/287 283/283/283 289/289/289
f 287/287/287 289/289/289 288/288/288
f 290/290/290 283/283/283 285/285/285
f 283/283/283 290/290/290 289/289/289
f 291/291/291 270/270/270 288/288/288
f 291/291/291 265/265/265 270/270/270
f 265/265/265 291/291/291 271/271/271
f 290/290/290 285/285/285 292/292/292
f 285/285/285 293/293/293 292/292/292
f 294/294/294 289/289/289 290/290/290
f 292/292/292 294/294/294 290/290/290
f 289/289/289 295/295/295 288/288/288
f 288/288/288 295/295/295 291/291/291
f 289/289/289 294/294/294 295/295/295
f 292/292/292 293/293/293 296/296/296
f 293/293/293 297/297/297 296/296/296
f 292/292/292 296/296/296 298/298/298
f 294/294/294 292/292/292 298/298/298
f 299/299/299 294/294/294 298/298/298
f 294/294/294 299/299/299 295/295/295
f 300/300/300 299/299/299 298/298/298
f 295/295/295 301/301/301 291/291/291
f 295/295/295 299/299/299 301/301/301
f 291/291/291 301/301/301 271/271/271
f 302/302/302 299/299/299 300/300/300
f 299/299/299 302/302/302 301/301/301
f 303/303/303 302/302/302 300/300/300
f 302/302/302 303/303/303 304/304/304
f 305/305/305 271/271/271 301/301/301
f 302/302/302 305/305/305 301/301/301
f 305/305/305 302/302/302 304/304/304
f 305/305/305 272/272/272 271/271/271
f 305/305/305 304/304/304 306/306/306
f 272/272/272 305/305/305 306/306/306
f 309/309/309 308/308/308 307/307/307
f 308/308/308 310/310/310 307/307/307
f 311/311/311 307/307/307 310/310/310
f 312/312/312 311/311/311 310/310/310
f 311/311/311 312/312/312 313/313/313
f 312/312/312 314/314/314 313/313/313
f 315/315/315 313/313/313 314/314/314
f 316/316/316 315/315/315 314/314/314
f 317/317/317 315/315/315 316/316/316
f 318/318/318 317/317/317 316/316/316
f 317/317/317 318/318/318 319/319/319
f 318/318/318 320/320/320 319/319/319
f 321/321/321 319/319/319 320/320/320
f 322/322/322 321/321/321 320/320/320
f 321/321/321 322/322/322 323/323/323
f 322/322/322 324/324/324 323/323/323
f 327/327/327 326/326/326 325/325/325
f 328/328/328 327/327/327 325/325/325
f 329/329/329 327/327/327 328/328/328
f 330/330/330 329/329/329 328/328/328
f 330/330/330 331/331/331 329/329/329
f 331/331/331 332/332/332 329/329/329
f 332/332/332 331/331/331 333/333/333
f 331/331/331 334/334/334 333/333/333
f 333/333/333 334/334/334 335/335/335
f 334/334/334 336/336/336 335/335/335
f 337/337/337 335/335/335 336/336/336
f 338/338/338 337/337/337 336/336/336
f 339/339/339 337/337/337 338/338/338
f 340/340/340 339/339/339 338/338/338
f 340/340/340 341/341/341 339/339/339
f 341/341/341 342/342/342 339/339/339
f 345/345/345 344/344/344 343/343/343
f 346/346/346 345/345/345 343/343/343
f 346/346/346 343/343/343 347/347/347
f 348/348/348 345/345/345 346/346/346
f 349/349/349 346/346/346 347/347/347
f 350/350/350 348/348/348 346/346/346
f 350/350/350 346/346/346 349/349/349
f 351/351/351 348/348/348 350/350/350
f 352/352/352 350/350/350 349/349/349
f 353/353/353 351/351/351 350/350/350
f 353/353/353 350/350/350 352/352/352
f 354/354/354 351/351/351 353/353/353
f 355/355/355 353/353/353 352/352/352
f 356/356/356 354/354/354 353/353/353
f 356/356/356 353/353/353 355/355/355
f 357/357/357 354/354/354 356/356/356
f 358/358/358 356/356/356 355/355/355
f 359/359/359 357/357/357 356/356/356
f 359/359/359 356/356/356 358/358/358
f 360/360/360 359/359/359 358/358/358
f 361/361/361 357/357/357 359/359/359
f 362/362/362 359/359/359 360/360/360
f 362/362/362 361/361/361 359/359/359
f 363/363/363 362/362/362 360/360/360
f 362/362/362 364/364/364 361/361/361
f 364/364/364 362/362/362 363/363/363
f 364/364/364 365/365/365 361/361/361
f 366/366/366 365/365/365 364/364/364
f 367/367/367 364/364/364 363/363/363
f 368/368/368 366/366/366 364/364/364
f 368/368/368 364/364/364 367/367/367
f 369/369/369 368/368/368 367/367/367
f 372/372/372 371/371/371 370/370/370
f 373/373/373 372/372/372 370/370/370
f 373/373/373 370/370/370 374/374/374
f 375/375/375 373/373/373 374/374/374
f 375/375/375 374/374/374 376/376/376
f 377/377/377 375/375/375 376/376/376
f 377/377/377 376/376/376 378/378/378
f 379/379/379 377/377/377 378/378/378
f 379/379/379 378/378/378 380/380/380
f 381/381/381 379/379/379 380/380/380
f 381/381/381 380/380/380 382/382/382
f 383/383/383 381/381/381 382/382/382
f 383/383/383 382/382/382 384/384/384
f 385/385/385 383/383/383 384/384/384
f 385/385/385 384/384/384 386/386/386
f 387/387/387 385/385/385 386/386/386
f 390/390/390 389/389/389 388/388/388
f 389/389/389 391/391/391 388/388/388
f 389/389/389 392/392/392 391/391/391
f 392/392/392 393/393/393 391/391/391
f 391/391/391 393/393/393 394/394/394
f 388/388/388 391/391/391 395/395/395
f 395/395/395 391/391/391 394/394/394
f 396/396/396 388/388/388 395/395/395
f 396/396/396 395/395/395 397/397/397
f 395/395/395 394/394/394 398/398/398
f 395/395/395 398/398/398 397/397/397
f 394/394/394 399/399/399 398/398/398
f 397/397/397 398/398/398 400/400/400
f 398/398/398 399/399/399 401/401/401
f 398/398/398 401/401/401 400/400/400
f 399/399/399 402/402/402 401/401/401
f 400/400/400 401/401/401 403/403/403
f 401/401/401 402/402/402 404/404/404
f 401/401/401 404/404/404 403/403/403
f 402/402/402 405/405/405 404/404/404
f 403/403/403 404/404/404 406/406/406
f 404/404/404 405/405/405 407/407/407
f 404/404/404 407/407/407 406/406/406
f 405/405/405 408/408/408 407/407/407
f 406/406/406 407/407/407 409/409/409
f 407/407/407 408/408/408 410/410/410
f 407/407/407 410/410/410 409/409/409
f 409/409/409 410/410/410 411/411/411
f 408/408/408 412/412/412 410/410/410
f 410/410/410 413/413/413 411/411/411
f 410/410/410 412/412/412 413/413/413
f 412/412/412 414/414/414 413/413/413
f 417/417/417 416/416/416 415/415/415
f 418/418/418 417/417/417 415/415/415
f 417/417/417 418/418/418 419/419/419
f 418/418/418 420/420/420 419/419/419
f 419/419/419 420/420/420 421/421/421
f 420/420/420 422/422/422 421/421/421
f 425/425/425 424/424/424 423/423/423
f 426/426/426 425/425/425 423/423/423
f 426/426/426 423/423/423 427/427/427
f 425/425/425 426/426/426 428/428/428
f 429/429/429 426/426/426 427/427/427
f 426/426/426 430/430/430 428/428/428
f 426/426/426 429/429/429 430/430/430
f 428/428/428 430/430/430 431/431/431
f 429/429/429 432/432/432 430/430/430
f 430/430/430 433/433/433 431/431/431
f 430/430/430 432/432/432 433/433/433
f 434/434/434 431/431/431 433/433/433
f 432/432/432 435/435/435 433/433/433
f 436/436/436 434/434/434 433/433/433
f 436/436/436 433/433/433 435/435/435
f 437/437/437 434/434/434 436/436/436
f 438/438/438 436/436/436 435/435/435
f 439/439/439 437/437/437 436/436/436
f 439/439/439 436/436/436 438/438/438
f 440/440/440 437/437/437 439/439/439
f 441/441/441 439/439/439 438/438/438
f 442/442/442 440/440/440 439/439/439
f 442/442/442 439/439/439 441/441/441
f 443/443/443 440/440/440 442/442/442
f 444/444/444 442/442/442 441/441/441
f 445/445/445 443/443/443 442/442/442
f 445/445/445 442/442/442 444/444/444
f 446/446/446 443/443/443 445/445/445
f 447/447/447 445/445/445 444/444/444
f 448/448/448 446/446/446 445/445/445
f 448/448/448 445/445/445 447/447/447
f 449/449/449 448/448/448 447/447/447
f 452/452/452 451/451/451 450/450/450
f 451/451/451 453/453/453 450/450/450
f 450/450/450 453/453/453 454/454/454
f 453/453/453 455/455/455 454/454/454
f 454/454/454 455/455/455 456/456/456
f 455/455/455 457/457/457 456/456/456
f 456/456/456 457/457/457 458/458/458
f 457/457/457 459/459/459 458/458/458
f 458/458/458 459/459/459 460/460/460
f 459/459/459 461/461/461 460/460/460
f 460/460/460 461/461/461 462/462/462
f 461/461/461 463/463/463 462/462/462
f 462/462/462 463/463/463 464/464/464
f 463/463/463 465/465/465 464/464/464
f 464/464/464 465/465/465 466/466/466
f 465/465/465 467/467/467 466/466/466
f 470/470/470 469/469/469 468/468/468
f 468/468/468 469/469/469 471/471/471
f 469/469/469 472/472/472 471/471/471
f 473/473/473 471/471/471 472/472/472
f 474/474/474 473/473/473 472/472/472
f 475/475/475 473/473/473 474/474/474
f 476/476/476 475/475/475 474/474/474
f 477/477/477 475/475/475 476/476/476
f 478/478/478 477/477/477 476/476/476
f 479/479/479 469/469/469 470/470/470
f 479/479/479 470/470/470 480/480/480
f 481/481/481 477/477/477 478/478/478
f 480/480/480 481/481/481 479/479/479
f 482/482/482 481/481/481 478/478/478
f 481/481/481 482/482/482 479/479/479
f 485/485/485 484/484/484 483/483/483
f 486/486/486 483/483/483 484/484/484
f 487/487/487 486/486/486 484/484/484
f 486/486/486 487/487/487 488/488/488
f 489/489/489 486/486/486 488/488/488
f 489/489/489 488/488/488 490/490/490
f 491/491/491 489/489/489 490/490/490
f 491/491/491 490/490/490 492/492/492
f 493/493/493 491/491/491 492/492/492
f 493/493/493 492/492/492 494/494/494
f 495/495/495 493/493/493 494/494/494
f 496/496/496 484/484/484 485/485/485
f 494/494/494 496/496/496 495/495/495
f 496/496/496 485/485/485 497/497/497
f 496/496/496 497/497/497 495/495/495
f 500/500/500 499/499/499 498/498/498
f 498/498/498 499/499/499 501/501/501
f 499/499/499 502/502/502 501/501/501
f 503/503/503 501/501/501 502/502/502
f 504/504/504 503/503/503 502/502/502
f 505/505/505 503/503/503 504/504/504
f 506/506/506 505/505/505 504/504/504
f 507/507/507 505/505/505 506/506/506
f 508/508/508 507/507/507 506/506/506
f 509/509/509 499/499/499 500/500/500
f 509/509/509 500/500/500 510/510/510
f 511/511/511 507/507/507 508/508/508
f 510/510/510 511/511/511 509/509/509
f 512/512/512 511/511/511 508/508/508
f 511/511/511 512/512/512 509/509/509
f 515/515/515 514/514/514 513/513/513
f 516/516/516 513/513/513 514/514/514
f 517/517/517 516/516/516 514/514/514
f 516/516/516 517/517/517 518/518/518
f 519/519/519 516/516/516 518/518/518
f 519/519/519 518/518/518 520/520/520
f 521/521/521 519/519/519 520/520/520
f 521/521/521 520/520/520 522/522/522
f 523/523/523 521/521/521 522/522/522
f 523/523/523 522/522/522 524/524/524
f 525/525/525 523/523/523 524/524/524
f 526/526/526 514/514/514 515/515/515
f 524/524/524 526/526/526 525/525/525
f 526/526/526 515/515/515 527/527/527
f 526/526/526 527/527/527 525/525/525
f 530/530/530 529/529/529 528/528/528
f 528/528/528 529/529/529 531/531/531
f 532/532/532 529/529/529 530/530/530
f 531/531/531 529/529/529 533/533/533
f 534/534/534 529/529/529 532/532/532
f 533/533/533 529/529/529 535/535/535
f 536/536/536 529/529/529 534/534/534
f 535/535/535 529/529/529 537/537/537
f 538/538/538 529/529/529 536/536/536
f 537/537/537 529/529/529 538/538/538
f 541/541/541 540/540/540 539/539/539
f 542/542/542 541/541/541 539/539/539
f 542/542/542 539/539/539 543/543/543
f 541/541/541 544/544/544 540/540/540
f 544/544/544 545/545/545 540/540/540
f 544/544/544 546/546/546 545/545/545
f 546/546/546 547/547/547 545/545/545
f 546/546/546 548/548/548 547/547/547
f 548/548/548 549/549/549 547/547/547
f 548/548/548 550/550/550 549/549/549
f 550/550/550 551/551/551 549/549/549
f 550/550/550 552/552/552 551/551/551
f 552/552/552 553/553/553 551/551/551
f 552/552/552 554/554/554 553/553/553
f 554/554/554 555/555/555 553/553/553
f 556/556/556 544/544/544 541/541/541
f 557/557/557 546/546/546 544/544/544
f 556/556/556 557/557/557 544/544/544
f 558/558/558 548/548/548 546/546/546
f 557/557/557 558/558/558 546/546/546
f 559/559/559 550/550/550 548/548/548
f 558/558/558 559/559/559 548/548/548
f 560/560/560 552/552/552 550/550/550
f 559/559/559 560/560/560 550/550/550
f 558/558/558 561/561/561 559/559/559
f 561/561/561 560/560/560 559/559/559
f 557/557/557 562/562/562 558/558/558
f 562/562/562 561/561/561 558/558/558
f 560/560/560 563/563/563 552/552/552
f 563/563/563 554/554/554 552/552/552
f 561/561/561 564/564/564 560/560/560
f 564/564/564 563/563/563 560/560/560
f 565/565/565 556/556/556 541/541/541
f 565/565/565 541/541/541 542/542/542
f 556/556/556 566/566/566 557/557/557
f 566/566/566 562/562/562 557/557/557
f 565/565/565 567/567/567 556/556/556
f 567/567/567 565/565/565 542/542/542
f 567/567/567 566/566/566 556/556/556
f 562/562/562 568/568/568 561/561/561
f 568/568/568 564/564/564 561/561/561
f 567/567/567 542/542/542 569/569/569
f 569/569/569 542/542/542 543/543/543
f 567/567/567 570/570/570 566/566/566
f 570/570/570 567/567/567 569/569/569
f 566/566/566 571/571/571 562/562/562
f 571/571/571 568/568/568 562/562/562
f 570/570/570 571/571/571 566/566/566
f 564/564/564 572/572/572 563/563/563
f 568/568/568 573/573/573 564/564/564
f 573/573/573 572/572/572 564/564/564
f 571/571/571 574/574/574 568/568/568
f 574/574/574 573/573/573 568/568/568
f 570/570/570 575/575/575 571/571/571
f 575/575/575 574/574/574 571/571/571
f 570/570/570 569/569/569 576/576/576
f 575/575/575 570/570/570 576/576/576
f 569/569/569 543/543/543 577/577/577
f 576/576/576 569/569/569 577/577/577
f 572/572/572 578/578/578 563/563/563
f 563/563/563 578/578/578 554/554/554
f 578/578/578 579/579/579 554/554/554
f 554/554/554 579/579/579 555/555/555
f 574/574/574 580/580/580 573/573/573
f 575/575/575 581/581/581 574/574/574
f 581/581/581 580/580/580 574/574/574
f 575/575/575 576/576/576 582/582/582
f 581/581/581 575/575/575 582/582/582
f 573/573/573 583/583/583 572/572/572
f 580/580/580 583/583/583 573/573/573
f 572/572/572 584/584/584 578/578/578
f 583/583/583 584/584/584 572/572/572
f 580/580/580 581/581/581 585/585/585
f 581/581/581 582/582/582 585/585/585
f 582/582/582 576/576/576 586/586/586
f 576/576/576 577/577/577 586/586/586
f 583/583/583 580/580/580 587/587/587
f 580/580/580 585/585/585 587/587/587
f 585/585/585 582/582/582 588/588/588
f 582/582/582 586/586/586 588/588/588
f 584/584/584 589/589/589 578/578/578
f 578/578/578 589/589/589 579/579/579
f 584/584/584 583/583/583 590/590/590
f 583/583/583 587/587/587 590/590/590
f 589/589/589 584/584/584 591/591/591
f 589/589/589 591/591/591 579/579/579
f 584/584/584 590/590/590 591/591/591
f 587/587/587 585/585/585 592/592/592
f 585/585/585 588/588/588 592/592/592
f 579/579/579 591/591/591 593/593/593
f 579/579/579 593/593/593 555/555/555
f 591/591/591 590/590/590 594/594/594
f 591/591/591 594/594/594 593/593/593
f 590/590/590 587/587/587 595/595/595
f 587/587/587 592/592/592 595/595/595
f 590/590/590 595/595/595 594/594/594
f 592/592/592 588/588/588 596/596/596
f 595/595/595 592/592/592 597/597/597
f 592/592/592 596/596/596 597/597/597
f 594/594/594 595/595/595 598/598/598
f 595/595/595 597/597/597 598/598/598
f 593/593/593 594/594/594 599/599/599
f 594/594/594 598/598/598 599/599/599
f 555/555/555 593/593/593 600/600/600
f 593/593/593 599/599/599 600/600/600
f 588/588/588 601/601/601 596/596/596
f 588/588/588 586/586/586 601/601/601
f 555/555/555 600/600/600 602/602/602
f 603/603/603 555/555/555 602/602/602
f 586/586/586 604/604/604 601/601/601
f 586/586/586 577/577/577 604/604/604
f 603/603/603 602/602/602 605/605/605
f 606/606/606 603/603/603 605/605/605
f 577/577/577 607/607/607 604/604/604
f 577/577/577 543/543/543 607/607/607
f 606/606/606 605/605/605 608/608/608
f 609/609/609 606/606/606 608/608/608
f 543/543/543 610/610/610 607/607/607
f 543/543/543 611/611/611 610/610/610
f 609/609/609 608/608/608 612/612/612
f 613/613/613 609/609/609 612/612/612
f 611/611/611 614/614/614 610/610/610
f 611/611/611 615/615/615 614/614/614
f 613/613/613 612/612/612 616/616/616
f 617/617/617 613/613/613 616/616/616
f 615/615/615 617/617/617 618/618/618
f 615/615/615 618/618/618 614/614/614
f 617/617/617 616/616/616 618/618/618
f 608/608/608 605/605/605 619/619/619
f 612/612/612 608/608/608 620/620/620
f 608/608/608 619/619/619 620/620/620
f 616/616/616 612/612/612 621/621/621
f 612/612/612 620/620/620 621/621/621
f 618/618/618 616/616/616 622/622/622
f 616/616/616 621/621/621 622/622/622
f 614/614/614 618/618/618 623/623/623
f 618/618/618 622/622/622 623/623/623
f 610/610/610 614/614/614 624/624/624
f 614/614/614 623/623/623 624/624/624
f 621/621/621 625/625/625 622/622/622
f 625/625/625 623/623/623 622/622/622
f 620/620/620 626/626/626 621/621/621
f 626/626/626 625/625/625 621/621/621
f 625/625/625 627/627/627 623/623/623
f 627/627/627 624/624/624 623/623/623
f 610/610/610 624/624/624 628/628/628
f 607/607/607 610/610/610 628/628/628
f 629/629/629 626/626/626 620/620/620
f 619/619/619 629/629/629 620/620/620
f 626/626/626 630/630/630 625/625/625
f 630/630/630 627/627/627 625/625/625
f 627/627/627 631/631/631 624/624/624
f 631/631/631 628/628/628 624/624/624
f 607/607/607 628/628/628 632/632/632
f 604/604/604 607/607/607 632/632/632
f 633/633/633 632/632/632 628/628/628
f 604/604/604 632/632/632 633/633/633
f 631/631/631 633/633/633 628/628/628
f 601/601/601 604/604/604 633/633/633
f 601/601/601 633/633/633 634/634/634
f 634/634/634 633/633/633 631/631/631
f 596/596/596 601/601/601 634/634/634
f 635/635/635 631/631/631 627/627/627
f 635/635/635 634/634/634 631/631/631
f 630/630/630 635/635/635 627/627/627
f 596/596/596 634/634/634 636/636/636
f 636/636/636 634/634/634 635/635/635
f 597/597/597 596/596/596 636/636/636
f 637/637/637 635/635/635 630/630/630
f 637/637/637 636/636/636 635/635/635
f 597/597/597 636/636/636 638/638/638
f 638/638/638 636/636/636 637/637/637
f 598/598/598 597/597/597 638/638/638
f 598/598/598 638/638/638 639/639/639
f 639/639/639 638/638/638 637/637/637
f 599/599/599 598/598/598 639/639/639
f 640/640/640 637/637/637 630/630/630
f 639/639/639 637/637/637 640/640/640
f 640/640/640 630/630/630 626/626/626
f 629/629/629 640/640/640 626/626/626
f 599/599/599 639/639/639 641/641/641
f 641/641/641 639/639/639 640/640/640
f 641/641/641 640/640/640 629/629/629
f 600/600/600 599/599/599 641/641/641
f 642/642/642 641/641/641 629/629/629
f 600/600/600 641/641/641 642/642/642
f 642/642/642 629/629/629 619/619/619
f 602/602/602 600/600/600 642/642/642
f 643/643/643 642/642/642 619/619/619
f 602/602/602 642/642/642 643/643/643
f 605/605/605 643/643/643 619/619/619
f 605/605/605 602/602/602 643/643/643
f 646/646/646 645/645/645 644/644/644
f 647/647/647 646/646/646 644/644/644
f 644/644/644 645/645/645 648/648/648
f 649/649/649 646/646/646 647/647/647
f 645/645/645 650/650/650 648/648/648
f 651/651/651 649/649/649 647/647/647
f 648/648/648 650/650/650 652/652/652
f 653/653/653 649/649/649 651/651/651
f 650/650/650 654/654/654 652/652/652
f 655/655/655 653/653/653 651/651/651
f 652/652/652 654/654/654 656/656/656
f 657/657/657 653/653/653 655/655/655
f 654/654/654 658/658/658 656/656/656
f 659/659/659 657/657/657 655/655/655
f 656/656/656 658/658/658 660/660/660
f 661/661/661 657/657/657 659/659/659
f 658/658/658 662/662/662 660/660/660
f 663/663/663 661/661/661 659/659/659
f 660/660/660 662/662/662 663/663/663
f 662/662/662 661/661/661 663/663/663
f 666/666/666 665/665/665 664/664/664
f 667/667/667 666/666/666 664/664/664
f 664/664/664 665/665/665 668/668/668
f 669/669/669 666/666/666 667/667/667
f 665/665/665 670/670/670 668/668/668
f 671/671/671 669/669/669 667/667/667
f 668/668/668 670/670/670 672/672/672
f 673/673/673 669/669/669 671/671/671
f 670/670/670 674/674/674 672/672/672
f 675/675/675 673/673/673 671/671/671
f 672/672/672 674/674/674 676/676/676
f 677/677/677 673/673/673 675/675/675
f 674/674/674 678/678/678 676/676/676
f 679/679/679 677/677/677 675/675/675
f 676/676/676 678/678/678 680/680/680
f 681/681/681 677/677/677 679/679/679
f 678/678/678 682/682/682 680/680/680
f 683/683/683 681/681/681 679/679/679
f 680/680/680 682/682/682 683/683/683
f 682/682/682 681/681/681 683/683/683
f 686/686/686 685/685/685 684/684/684
f 687/687/687 686/686/686 684/684/684
f 684/684/684 685/685/685 688/688/688
f 689/689/689 686/686/686 687/687/687
f 685/685/685 690/690/690 688/688/688
f 691/691/691 689/689/689 687/687/687
f 688/688/688 690/690/690 692/692/692
f 693/693/693 689/689/689 691/691/691
f 690/690/690 694/694/694 692/692/692
f 695/695/695 693/693/693 691/691/691
f 692/692/692 694/694/694 696/696/696
f 697/697/697 693/693/693 695/695/695
f 694/694/694 698/698/698 696/696/696
f 699/699/699 697/697/697 695/695/695
f 696/696/696 698/698/698 699/699/699
f 698/698/698 697/697/697 699/699/699
f 702/702/702 701/701/701 700/700/700
f 703/703/703 702/702/702 700/700/700
f 700/700/700 701/701/701 704/704/704
f 705/705/705 702/702/702 703/703/703
f 701/701/701 706/706/706 704/704/704
f 707/707/707 705/705/705 703/703/703
f 704/704/704 706/706/706 708/708/708
f 709/709/709 705/705/705 707/707/707
f 706/706/706 710/710/710 708/708/708
f 711/711/711 709/709/709 707/707/707
f 708/708/708 710/710/710 712/712/712
f 713/713/713 709/709/709 711/711/711
f 710/710/710 714/714/714 712/712/712
f 715/715/715 713/713/713 711/711/711
f 712/712/712 714/714/714 715/715/715
f 714/714/714 713/713/713 715/715/715
