g O_env_baoxiang_05_a
v -0.00456199981 -0.000186999896 0.0129037648
v -0.0137649989 0.00658000028 0.0129037667
v -0.00456199935 0.00657999981 0.0129037648
v -0.0144990003 -0.000186999474 0.0129037667
v -0.0162649993 0.00658000028 0.0104037654
v -0.0169990007 -0.000186999358 0.0104037654
v -0.0169990007 -0.000186999358 -0.0117342342
v -0.0162649993 0.00658000028 -0.0117342342
v -0.0144990012 -0.000186999474 -0.0142342336
v -0.0137649998 0.00658000028 -0.0142342336
v -0.00456200074 -0.000186999896 -0.0142342346
v -0.00456200074 0.00657999981 -0.0142342346
v -0.00456199935 0.00657999981 0.0105007645
v -0.00456199981 -0.000186999896 0.0129037648
v -0.00456199935 0.00657999981 0.0129037648
v -0.00456199981 -0.000186999896 0.0104257651
v -0.00456200074 0.00657999981 -0.0142342346
v -0.00456200074 -0.000186999896 -0.011776235
v -0.00456200028 0.00657999981 -0.0117982347
v -0.00456200074 -0.000186999896 -0.0142342346
v -0.00995199848 0.0175049976 0.0131397648
v -0.0130669987 0.0193959977 0.0125497663
v -0.0130669987 0.0193959977 0.0131397657
v -0.00995199848 0.0175049976 0.0125497645
v -0.00683699874 0.0193959977 0.0131397648
v -0.00995199848 0.0175049976 0.0125497645
v -0.00995199848 0.0175049976 0.0131397648
v -0.00683699874 0.0193959977 0.0125497645
v -0.00995199848 0.0212859958 0.0131397648
v -0.00683699874 0.0193959977 0.0125497645
v -0.00683699874 0.0193959977 0.0131397648
v -0.00995199848 0.0212859958 0.0125497645
v -0.0130669987 0.0193959977 0.0131397657
v -0.00995199848 0.0212859958 0.0125497645
v -0.00995199848 0.0212859958 0.0131397648
v -0.0130669987 0.0193959977 0.0125497663
v -0.00995199941 0.00156417058 0.0141019905
v -0.0130669996 0.00345517113 0.0128419111
v -0.0130669987 0.00345517113 0.0141019914
v -0.00995199941 0.00156417035 0.0128419101
v -0.00683699967 0.0034551709 0.0141019914
v -0.00995199941 0.00156417035 0.0128419101
v -0.00995199941 0.00156417058 0.0141019905
v -0.00683699967 0.0034551709 0.0128419111
v -0.00995199941 0.00534516992 0.0141019905
v -0.00683699967 0.0034551709 0.0128419111
v -0.00683699967 0.0034551709 0.0141019914
v -0.00995199941 0.00534516992 0.0128419101
v -0.0130669987 0.00345517113 0.0141019914
v -0.00995199941 0.00534516992 0.0128419101
v -0.00995199941 0.00534516992 0.0141019905
v -0.0130669996 0.00345517113 0.0128419111
v 0.0137650007 0.00657999935 0.0129037648
v 0.00456200028 -0.000187000318 0.0129037648
v 0.00456200074 0.00657999981 0.0129037648
v 0.0144990003 -0.00018700074 0.0129037648
v 0.0162649993 0.00657999935 0.0104037644
v 0.0169990007 -0.000187000856 0.0104037644
v 0.0169989988 -0.000187000856 -0.0117342351
v 0.0162649993 0.00657999935 -0.0117342351
v 0.0144989984 -0.00018700074 -0.0142342346
v 0.0137649998 0.00657999935 -0.0142342346
v 0.00456199888 -0.000187000318 -0.0142342346
v 0.00456199935 0.00657999981 -0.0142342346
v 0.00456200074 0.00657999981 0.0105007645
v 0.00456200028 -0.000187000318 0.0129037648
v 0.00456200028 -0.000187000318 0.0104257641
v 0.00456200074 0.00657999981 0.0129037648
v 0.00456199935 0.00657999981 -0.0142342346
v 0.00456199935 -0.000187000318 -0.011776235
v 0.00456199888 -0.000187000318 -0.0142342346
v 0.00456199981 0.00657999981 -0.0117982347
v 0.00995200034 0.0175049976 0.0131397648
v 0.0130670005 0.0193959977 0.0125497645
v 0.00995200034 0.0175049976 0.0125497645
v 0.0130670005 0.0193959977 0.0131397648
v 0.00683700107 0.0193959977 0.0131397648
v 0.00995200034 0.0175049976 0.0125497645
v 0.00683700107 0.0193959977 0.0125497645
v 0.00995200034 0.0175049976 0.0131397648
v 0.00995200034 0.0212859958 0.0131397648
v 0.00683700107 0.0193959977 0.0125497645
v 0.00995200034 0.0212859958 0.0125497645
v 0.00683700107 0.0193959977 0.0131397648
v 0.0130670005 0.0193959977 0.0131397648
v 0.00995200034 0.0212859958 0.0125497645
v 0.0130670005 0.0193959977 0.0125497645
v 0.00995200034 0.0212859958 0.0131397648
v 0.00995200034 0.00156416965 0.0141019905
v 0.0130669996 0.00345516996 0.0128419101
v 0.00995200034 0.00156416954 0.0128419101
v 0.0130670005 0.00345516996 0.0141019905
v 0.0068370006 0.00345517043 0.0141019914
v 0.00995200034 0.00156416954 0.0128419101
v 0.0068370006 0.00345517043 0.0128419111
v 0.00995200034 0.00156416965 0.0141019905
v 0.00995200034 0.00534516852 0.0141019905
v 0.0068370006 0.00345517043 0.0128419111
v 0.00995200034 0.00534516852 0.0128419101
v 0.0068370006 0.00345517043 0.0141019914
v 0.0130670005 0.00345516996 0.0141019905
v 0.00995200034 0.00534516852 0.0128419101
v 0.0130669996 0.00345516996 0.0128419101
v 0.00995200034 0.00534516852 0.0141019905
v 0.00462000072 0.00646300009 0.0101197641
v -0.00461999932 0.00646300009 0.0111977644
v -0.00461999932 0.00646300009 0.0101197641
v 0.00462000072 0.00646300009 0.0111977644
v -0.00461999932 0.00579900015 0.011835766
v 0.00462000072 0.00579900015 0.0118357642
v -0.00461999932 0.00408700015 0.011835766
v 0.00462000072 0.00408699969 0.0118357642
v 0.00327500049 0.00412999978 0.010998765
v 0.00546600018 0.00215499941 0.0108537646
v 0.00327500002 0.00215499965 0.0108537646
v 0.00546600018 0.00412999932 0.010998765
v 0.00327500049 0.00413100002 0.0100867655
v 0.00327500002 0.00215499965 0.0108537646
v 0.00327500002 0.00215499965 0.0100867655
v 0.00327500049 0.00412999978 0.010998765
v 0.00108000042 0.00413100002 0.0100867655
v 0.00108000042 0.00215499988 0.0108537646
v 0.00108000042 0.00412999978 0.010998765
v 0.00108000042 0.00215499988 0.0100867655
v 0.00546599925 0.00215499941 -0.0119962348
v 0.00327499909 0.00412999978 -0.0121412342
v 0.00327499909 0.00215499965 -0.0119962348
v 0.00546599925 0.00412999932 -0.0121412342
v 0.00327499909 0.00215499965 -0.0119962348
v 0.00327499909 0.00413100002 -0.0112292347
v 0.00327499909 0.00215499965 -0.0112292347
v 0.00327499909 0.00412999978 -0.0121412342
v 0.00107999961 0.00413100002 -0.0112292347
v 0.00107999938 0.00215499988 -0.0119962348
v 0.00107999938 0.00215499988 -0.0112292347
v 0.00107999949 0.00412999978 -0.0121412342
v 0.00462000072 0.00408699969 0.0118357642
v -0.00461999932 0.00408600038 0.0102847647
v -0.00461999932 0.00408700015 0.011835766
v 0.00462000072 0.00408599945 0.0102847647
v 0.00461999932 0.00408699969 -0.0128772352
v -0.00462000072 0.00579900015 -0.0128772352
v -0.00462000072 0.00408700015 -0.0128772352
v 0.00461999932 0.00579900015 -0.0128772352
v -0.00462000025 0.00646300009 -0.0122392345
v 0.00461999979 0.00646300009 -0.0122392345
v -0.00462000025 0.00646300009 -0.0111612342
v 0.00461999979 0.00646300009 -0.0111612342
v 0.00461999932 0.00220899959 -0.0125462348
v -0.00462000072 0.00221200008 -0.0113262357
v -0.00462000072 0.00220900006 -0.0125462348
v 0.00461999932 0.00221199961 -0.0113262357
v 0.00462000025 0.000485999684 0.0118357642
v -0.00461999979 0.00220900006 0.011835766
v 0.00462000025 0.00220899959 0.0118357642
v -0.00461999979 0.000486000063 0.011835766
v -0.00461999979 -0.000116999894 0.0112657649
v 0.00462000025 -0.000117000302 0.011265764
v -0.00546599925 0.00215500011 0.0108537646
v -0.00327499909 0.00412999978 0.010998765
v -0.00327499956 0.00215499988 0.0108537646
v -0.00546599925 0.00413000025 0.010998765
v -0.00327499956 0.00215499988 0.0108537646
v -0.00327499909 0.00413100002 0.0100867655
v -0.00327499956 0.00215499988 0.0100867655
v -0.00327499909 0.00412999978 0.010998765
v -0.00107999961 0.00413100002 0.0100867655
v -0.00107999973 0.00215499988 0.0108537646
v -0.00107999973 0.00215499988 0.0100867655
v -0.00107999949 0.00412999978 0.010998765
v -0.00462000072 -0.000116999894 -0.0125662349
v 0.00461999932 0.00220899959 -0.0125462348
v -0.00462000072 0.00220900006 -0.0125462348
v 0.00461999932 -0.000117000302 -0.0125662349
v -0.00327500049 0.00412999978 -0.0121412342
v -0.00546600018 0.00215500011 -0.0119962348
v -0.00327500049 0.00215499988 -0.0119962348
v -0.00546600018 0.00413000025 -0.0121412342
v -0.00327500049 0.00413100002 -0.0112292347
v -0.00327500049 0.00215499988 -0.0119962348
v -0.00327500049 0.00215499988 -0.0112292347
v -0.00327500049 0.00412999978 -0.0121412342
v -0.00108000042 0.00413100002 -0.0112292347
v -0.00108000066 0.00215499988 -0.0119962348
v -0.00108000042 0.00412999978 -0.0121412342
v -0.00108000066 0.00215499988 -0.0112292347
v 0.00462000025 0.00221199961 0.0102847647
v -0.00461999979 0.00220900006 0.011835766
v -0.00461999979 0.00221200008 0.0102847647
v 0.00462000025 0.00220899959 0.0118357642
v 0.00462000072 0.00408599945 0.0102847647
v -0.00461999979 0.00221200008 0.0102847647
v -0.00461999932 0.00408600038 0.0102847647
v 0.00462000025 0.00221199961 0.0102847647
v 0.00108000042 0.00412999978 0.010998765
v -0.00107999973 0.00215499988 0.0108537646
v -0.00107999949 0.00412999978 0.010998765
v 0.00108000042 0.00215499988 0.0108537646
v 0.00461999932 0.00221199961 -0.0113262357
v -0.00462000072 0.00408600038 -0.0113262357
v -0.00462000072 0.00221200008 -0.0113262357
v 0.00461999932 0.00408599945 -0.0113262357
v 0.00461999932 0.00408599945 -0.0113262357
v -0.00462000072 0.00408700015 -0.0128772352
v -0.00462000072 0.00408600038 -0.0113262357
v 0.00461999932 0.00408699969 -0.0128772352
v 0.00107999938 0.00215499988 -0.0119962348
v -0.00108000042 0.00412999978 -0.0121412342
v -0.00108000066 0.00215499988 -0.0119962348
v 0.00107999949 0.00412999978 -0.0121412342
v 0.00648600096 0.0199370012 0.0145127615
v 0.00351000158 0.0219250023 0.0130457617
v 0.00648600096 0.0199370012 0.0130457617
v 0.00351000158 0.0219250023 0.0145127615
v 1.38959932E-09 0.0226230025 0.0130457617
v 0.00329100154 0.0213950016 0.0149927614
v 0.00608000066 0.0195310004 0.0149927614
v 1.44961498E-09 0.0220490023 0.0149927614
v 1.45372392E-09 0.0226230025 0.0145127615
v -0.00350999855 0.0219250023 0.0130457617
v -0.00329099852 0.0213950016 0.0149927614
v -0.00350999855 0.0219250023 0.0145127615
v -0.00648599863 0.0199370012 0.0130457617
v -0.00607999833 0.0195310004 0.0149927614
v -0.00648599863 0.0199370012 0.0145127615
v -0.00847499911 0.0169610009 0.0130457617
v -0.00794399809 0.016741002 0.0149927614
v -0.00847499911 0.0169610009 0.0145127615
v -0.00917299837 0.0134500014 0.0130457617
v -0.00859899819 0.0134500014 0.0149927614
v -0.00917299837 0.0134500014 0.0145127615
v -0.00847499911 0.00994000211 0.0130457617
v -0.00794399809 0.010160001 0.0149927614
v -0.00847499911 0.00994000211 0.0145127615
v -0.0064859991 0.00696400134 0.0130457617
v -0.00607999926 0.00737000164 0.0149927614
v -0.0064859991 0.00696400134 0.0145127615
v -0.00350999949 0.00497600157 0.0130457617
v -0.00329099945 0.00550600141 0.0149927614
v -0.00350999949 0.00497600157 0.0145127615
v 5.87713878E-10 0.00427800138 0.0130457617
v 6.97910285E-10 0.00485200109 0.0149927614
v 6.51838528E-10 0.00427800138 0.0145127615
v 0.00351000065 0.0049760011 0.0130457617
v 0.00329100061 0.00550600141 0.0149927614
v 0.00351000065 0.0049760011 0.0145127615
v 0.00648600049 0.00696400134 0.0130457617
v 0.0060800002 0.00737000164 0.0149927614
v 0.00648600049 0.00696400134 0.0145127615
v 0.00847500097 0.00994000118 0.0130457617
v 0.00794400088 0.010160001 0.0149927614
v 0.00847500097 0.00994000118 0.0145127615
v 0.00917300116 0.0134500014 0.0130457617
v 0.00859900098 0.0134500014 0.0149927614
v 0.00917300116 0.0134500014 0.0145127615
v 0.00847500097 0.0169610009 0.0130457617
v 0.00794400088 0.016741002 0.0149927614
v 0.00847500097 0.0169610009 0.0145127615
v 0.00648600096 0.0199370012 0.0130457617
v 0.00608000066 0.0195310004 0.0149927614
v 0.00648600096 0.0199370012 0.0145127615
v -0.00182699866 0.0168320015 0.0150257666
v 1.55002011E-09 0.0240640007 0.0152747678
v -0.00182699866 0.0168320015 0.0152747678
v 1.53913582E-09 0.0240640007 0.0150257666
v 6.07078054E-10 0.00274100155 0.0150257666
v -0.00184199912 0.0100120008 0.0152747678
v 6.17962181E-10 0.00274100155 0.0152747678
v -0.00184199912 0.0100120008 0.0150257666
v -0.00184199912 0.0100120008 0.0150257666
v -0.00567699969 0.00774800172 0.0152747678
v -0.00184199912 0.0100120008 0.0152747678
v -0.00567699969 0.00774800172 0.0150257666
v -0.00567699969 0.00774800172 0.0150257666
v -0.00308899907 0.012143001 0.0152747678
v -0.00567699969 0.00774800172 0.0152747678
v -0.00308899907 0.012143001 0.0150257666
v -0.00308899907 0.012143001 0.0150257666
v -0.00802899897 0.0134250009 0.0152747678
v -0.00308899907 0.012143001 0.0152747678
v -0.00802899897 0.0134250009 0.0150257666
v -0.00802899897 0.0134250009 0.0150257666
v -0.0030839988 0.0146949999 0.0152747678
v -0.00802899897 0.0134250009 0.0152747678
v -0.0030839988 0.0146949999 0.0150257666
v -0.0030839988 0.0146949999 0.0150257666
v -0.00567699876 0.0191020016 0.0152747678
v -0.0030839988 0.0146949999 0.0152747678
v -0.00567699876 0.0191020016 0.0150257666
v -0.00567699876 0.0191020016 0.0150257666
v -0.00182699866 0.0168320015 0.0152747678
v -0.00567699876 0.0191020016 0.0152747678
v -0.00182699866 0.0168320015 0.0150257666
v 1.53913582E-09 0.0240640007 0.0150257666
v 0.00182700111 0.0168320015 0.0152747678
v 1.55002011E-09 0.0240640007 0.0152747678
v 0.00182700111 0.0168320015 0.0150257666
v 0.00184200087 0.0100120008 0.0150257666
v 6.17962181E-10 0.00274100155 0.0152747678
v 0.00184200087 0.0100120008 0.0152747678
v 6.07078054E-10 0.00274100155 0.0150257666
v 0.0030890007 0.012143001 0.0150257666
v 0.00567700062 0.00774800172 0.0152747678
v 0.0030890007 0.012143001 0.0152747678
v 0.00567700062 0.00774800172 0.0150257666
v 0.00567700062 0.00774800172 0.0150257666
v 0.00184200087 0.0100120008 0.0152747678
v 0.00567700062 0.00774800172 0.0152747678
v 0.00184200087 0.0100120008 0.0150257666
v 0.00308400113 0.0146949999 0.0150257666
v 0.00802900083 0.0134250009 0.0152747678
v 0.00308400113 0.0146949999 0.0152747678
v 0.00802900083 0.0134250009 0.0150257666
v 0.00802900083 0.0134250009 0.0150257666
v 0.0030890007 0.012143001 0.0152747678
v 0.00802900083 0.0134250009 0.0152747678
v 0.0030890007 0.012143001 0.0150257666
v 0.00182700111 0.0168320015 0.0150257666
v 0.00567700155 0.0191020016 0.0152747678
v 0.00182700111 0.0168320015 0.0152747678
v 0.00567700155 0.0191020016 0.0150257666
v 0.00567700155 0.0191020016 0.0150257666
v 0.00308400113 0.0146949999 0.0152747678
v 0.00567700155 0.0191020016 0.0152747678
v 0.00308400113 0.0146949999 0.0150257666
v -0.00822599884 0.00909000169 0.0129627651
v 0.00538000045 0.00782900117 0.0129627651
v -0.00537999906 0.00782900117 0.0129627651
v 0.0082260007 0.00909000076 0.0129627651
v 0.00986200012 0.0103520006 0.0129627651
v -0.00986199919 0.0103520006 0.0129627651
v 0.00972300023 0.0108100008 0.0129627651
v -0.0097229993 0.0108100008 0.0129627651
v 0.0101450011 0.0112680001 0.0129627651
v -0.0101449993 0.0112680001 0.0129627651
v 0.0116690015 0.0129870009 0.0129627651
v -0.0116689987 0.0129870009 0.0129627669
v 0.0123000015 0.0140230013 0.0129627651
v -0.0122999987 0.0140230013 0.0129627669
v 0.0121160001 0.0147060007 0.0129627651
v -0.0121159982 0.0147060007 0.0129627669
v 0.0121160001 0.0147060007 0.0129627651
v -0.0121159982 0.0147060007 0.011835767
v 0.0121160001 0.0147060007 0.011835766
v -0.0121159982 0.0147060007 0.0129627669
v -0.0121159982 0.0147060007 0.0129627669
v -0.0122999987 0.0140230013 0.011835767
v -0.0121159982 0.0147060007 0.011835767
v -0.0122999987 0.0140230013 0.0129627669
v -0.0116689987 0.0129870009 0.011835767
v -0.0116689987 0.0129870009 0.0129627669
v -0.0101449993 0.0112680001 0.011835767
v -0.0101449993 0.0112680001 0.0129627651
v -0.0097229993 0.0108100008 0.011835767
v -0.0097229993 0.0108100008 0.0129627651
v -0.00986199919 0.0103520006 0.011835767
v -0.00986199919 0.0103520006 0.0129627651
v -0.00822599884 0.00909000169 0.011835767
v -0.00822599884 0.00909000169 0.0129627651
v -0.00537999906 0.00782900117 0.011835767
v -0.00537999906 0.00782900117 0.0129627651
v 0.00538000045 0.00782900117 0.011835766
v 0.00538000045 0.00782900117 0.0129627651
v 0.0082260007 0.00909000076 0.011835766
v 0.0082260007 0.00909000076 0.0129627651
v 0.00986200012 0.0103520006 0.011835766
v 0.00986200012 0.0103520006 0.0129627651
v 0.00972300023 0.0108100008 0.011835766
v 0.00972300023 0.0108100008 0.0129627651
v 0.0101450011 0.0112680001 0.011835766
v 0.0101450011 0.0112680001 0.0129627651
v 0.0116690015 0.0129870009 0.011835766
v 0.0116690015 0.0129870009 0.0129627651
v 0.0123000015 0.0140230013 0.011835766
v 0.0123000015 0.0140230013 0.0129627651
v 0.0121160001 0.0147060007 0.011835766
v 0.0121160001 0.0147060007 0.0129627651
v -0.00504499907 0.0233019963 -0.0117732342
v 1.32341627E-09 0.0233019963 0.010851766
v -0.0050449986 0.0233019963 0.010851766
v 3.34445943E-10 0.0233019963 -0.0117732342
v 2.62890404E-10 0.0205999967 -0.0107082352
v -0.00508099841 0.0205999967 0.00985076558
v 1.16155296E-09 0.0205999967 0.00985076465
v -0.00522499951 0.0205999967 -0.0107082352
v -0.00624699891 0.0205949973 0.00994976517
v -0.006391 0.0205939971 -0.0112292347
v -0.0124259982 0.0205949973 0.00994976517
v -0.013572 0.0205949973 -0.0100652333
v -0.0124259992 0.0205949973 -0.0112292338
v -0.013571999 0.0205949973 0.00872576516
v -0.00504499953 0.0223099962 -0.0124012353
v 3.34445943E-10 0.0233019963 -0.0117732342
v -0.00504499907 0.0233019963 -0.0117732342
v 2.63633504E-10 0.0223099962 -0.0124012353
v 2.3745457E-11 0.0168189984 -0.0123982346
v -0.00504499953 0.0168189984 -0.0123982346
v 9.86230472E-11 0.0168169979 -0.0106832348
v -0.00522499951 0.0205999967 -0.0107082352
v 2.62890404E-10 0.0205999967 -0.0107082352
v -0.0052240002 0.0168169979 -0.0106832348
v -0.006391 0.0205939971 -0.0112292347
v -0.00638999976 0.0158319995 -0.0112042343
v -0.0124259992 0.0205949973 -0.0112292338
v -0.0124259992 0.0158329997 -0.0112042325
v -0.00524500012 0.0236129966 -0.0139192352
v -0.0140050007 0.0168190002 -0.0139192343
v -0.00524500012 0.0168189984 -0.0139192352
v -0.0145039996 0.0236129966 -0.0139192343
v -0.0163049996 0.0168190002 -0.0116192335
v -0.0168040004 0.0236129966 -0.0116192335
v -0.0168039985 0.0236129966 0.0103307664
v -0.0163049977 0.0168190002 0.0103307664
v -0.0145039987 0.0236129966 0.0126307663
v -0.0140049988 0.0168190002 0.0126307663
v -0.00524499873 0.0236129966 0.0126307653
v -0.00524499873 0.0168189984 0.0126307653
v -0.0140050007 0.0168190002 -0.0139192343
v -0.00621100003 0.0158329997 -0.012919235
v -0.00524500012 0.0168189984 -0.0139192352
v -0.0130049996 0.0158329997 -0.0129192341
v -0.0124259992 0.0158329997 -0.0112042325
v -0.00638999976 0.0158319995 -0.0112042343
v -0.0135709997 0.0158329997 -0.0100392336
v -0.0153050004 0.0158330016 -0.0106192334
v -0.0163049996 0.0168190002 -0.0116192335
v -0.0135709988 0.0158329997 0.00875076558
v -0.0163049977 0.0168190002 0.0103307664
v -0.0153049994 0.0158330016 0.00933076534
v -0.0130049987 0.0158329997 0.0116307661
v -0.0124259982 0.0158329997 0.0099757649
v -0.0140049988 0.0168190002 0.0126307663
v -0.00621099863 0.0158329997 0.0116307652
v -0.00624599867 0.0158329997 0.0099757649
v -0.00524499873 0.0168189984 0.0126307653
v -0.0050449986 0.0168189984 0.0115317656
v 1.30116717E-09 0.0222129952 0.0114317657
v 1.06975906E-09 0.0168189984 0.0115317656
v -0.0050449986 0.0222129952 0.0114317657
v 1.32341627E-09 0.0233019963 0.010851766
v -0.0050449986 0.0233019963 0.010851766
v -0.00504499953 0.0168189984 -0.0123982346
v -0.00638999976 0.0158319995 -0.0112042343
v -0.0052240002 0.0168169979 -0.0106832348
v -0.00621100003 0.0158329997 -0.012919235
v -0.00524500012 0.0168189984 -0.0139192352
v -0.00504499953 0.0223099962 -0.0124012353
v -0.00524500012 0.0236129966 -0.0139192352
v -0.00504499907 0.0233019963 -0.0117732342
v -0.00611699931 0.0246129967 -0.012919235
v -0.00611699885 0.0246129967 0.0116307652
v -0.0050449986 0.0233019963 0.010851766
v -0.00524499873 0.0236129966 0.0126307653
v -0.0050449986 0.0222129952 0.0114317657
v -0.00524499873 0.0168189984 0.0126307653
v -0.0050449986 0.0168189984 0.0115317656
v -0.00621099863 0.0158329997 0.0116307652
v -0.00624599867 0.0158329997 0.0099757649
v -0.00507999863 0.0168179981 0.00987676531
v 9.86230472E-11 0.0168169979 -0.0106832348
v -0.00504499953 0.0168189984 -0.0123982346
v -0.0052240002 0.0168169979 -0.0106832348
v 2.3745457E-11 0.0168189984 -0.0123982346
v -0.0124259992 0.0158329997 -0.0112042325
v -0.013572 0.0205949973 -0.0100652333
v -0.0124259992 0.0205949973 -0.0112292338
v -0.0135709997 0.0158329997 -0.0100392336
v -0.013571999 0.0205949973 0.00872576516
v -0.0135709988 0.0158329997 0.00875076558
v -0.0124259982 0.0205949973 0.00994976517
v -0.0124259982 0.0158329997 0.0099757649
v -0.0124259982 0.0158329997 0.0099757649
v -0.00624699891 0.0205949973 0.00994976517
v -0.0124259982 0.0205949973 0.00994976517
v -0.00624599867 0.0158329997 0.0099757649
v -0.00507999863 0.0168179981 0.00987676531
v -0.00508099841 0.0205999967 0.00985076558
v 9.97373073E-10 0.0168179981 0.00987676438
v 1.16155296E-09 0.0205999967 0.00985076465
v -0.011820999 0.0230719969 0.00914076529
v -0.0135629987 0.0253569987 0.00739876553
v -0.011820999 0.0253569987 0.00914076529
v -0.0135629987 0.0230719969 0.00739876553
v -0.0135629997 0.0230719969 -0.00831323396
v -0.0135629997 0.0253569987 -0.00831323396
v -0.0118209999 0.0253569987 -0.0100552328
v -0.0118209999 0.0230719969 -0.0100552328
v 3.99488553E-10 0.0230719969 -0.0100552347
v -0.0118209999 0.0253569987 -0.0100552328
v -0.0118209999 0.0230719969 -0.0100552328
v 4.99369102E-10 0.0253569987 -0.0100552347
v -0.0111720003 0.0259569976 -0.00945523381
v 4.99369102E-10 0.0253569987 -0.0100552347
v 5.51822699E-10 0.0259569976 -0.00945523474
v -0.0118209999 0.0253569987 -0.0100552328
v -0.0129629988 0.0259569976 -0.00770623423
v -0.0135629997 0.0253569987 -0.00831323396
v -0.0129629988 0.0259569976 0.00678776531
v -0.0135629987 0.0253569987 0.00739876553
v -0.011820999 0.0253569987 0.00914076529
v -0.0111229988 0.0259569976 0.00854076538
v 1.33845302E-09 0.0253569987 0.00914076529
v 1.33845302E-09 0.0259569976 0.00854076445
v 9.97373073E-10 0.0168179981 0.00987676438
v -0.0050449986 0.0168189984 0.0115317656
v 1.06975906E-09 0.0168189984 0.0115317656
v -0.00507999863 0.0168179981 0.00987676531
v 5.51822699E-10 0.0259569976 -0.00945523474
v -0.0129629988 0.0259569976 -0.00770623423
v -0.0111720003 0.0259569976 -0.00945523381
v -0.0111229988 0.0259569976 0.00854076538
v 1.33845302E-09 0.0259569976 0.00854076445
v -0.0129629988 0.0259569976 0.00678776531
v -0.011820999 0.0230719969 0.00914076529
v 1.33845302E-09 0.0253569987 0.00914076529
v 1.23857247E-09 0.0230719969 0.00914076529
v -0.011820999 0.0253569987 0.00914076529
v 0.005045 0.0233019963 -0.0117732342
v 1.32341627E-09 0.0233019963 0.010851766
v 3.34445943E-10 0.0233019963 -0.0117732342
v 0.00504500093 0.0233019963 0.0108517641
v 0.00508100074 0.0205999967 0.00985076465
v 2.62890404E-10 0.0205999967 -0.0107082352
v 1.16155296E-09 0.0205999967 0.00985076465
v 0.00522499951 0.0205999967 -0.0107082352
v 0.00624700123 0.0205949973 0.00994976517
v 0.006391 0.0205939971 -0.0112292347
v 0.012426001 0.0205949973 0.00994976424
v 0.013572 0.0205949973 -0.0100652343
v 0.0135720009 0.0205949973 0.00872576423
v 0.0124259992 0.0205949973 -0.0112292347
v 3.34445943E-10 0.0233019963 -0.0117732342
v 0.00504499953 0.0223099962 -0.0124012353
v 0.005045 0.0233019963 -0.0117732342
v 2.63633504E-10 0.0223099962 -0.0124012353
v 2.3745457E-11 0.0168189984 -0.0123982346
v 0.00504499953 0.0168189984 -0.0123982346
v 0.00522499951 0.0205999967 -0.0107082352
v 9.86230472E-11 0.0168169979 -0.0106832348
v 2.62890404E-10 0.0205999967 -0.0107082352
v 0.0052240002 0.0168169979 -0.0106832348
v 0.006391 0.0205939971 -0.0112292347
v 0.00638999976 0.0158319995 -0.0112042343
v 0.0124259992 0.0205949973 -0.0112292347
v 0.0124259992 0.0158329997 -0.0112042343
v 0.0140050007 0.0168189984 -0.0139192352
v 0.00524500012 0.0236129966 -0.0139192352
v 0.00524500012 0.0168189984 -0.0139192352
v 0.0145039996 0.0236129966 -0.0139192352
v 0.0163049996 0.0168189984 -0.0116192354
v 0.0168040004 0.0236129966 -0.0116192354
v 0.0168040004 0.0236129966 0.0103307646
v 0.0163049996 0.0168189984 0.0103307646
v 0.0145040005 0.0236129966 0.0126307653
v 0.0140050016 0.0168189984 0.0126307653
v 0.00524500106 0.0236129966 0.0126307653
v 0.00524500106 0.0168189984 0.0126307653
v 0.00621100003 0.0158329997 -0.012919235
v 0.0140050007 0.0168189984 -0.0139192352
v 0.00524500012 0.0168189984 -0.0139192352
v 0.0130049996 0.0158329997 -0.012919235
v 0.0124259992 0.0158329997 -0.0112042343
v 0.00638999976 0.0158319995 -0.0112042343
v 0.0135709997 0.0158329997 -0.0100392355
v 0.0153050004 0.0158329979 -0.0106192352
v 0.0163049996 0.0168189984 -0.0116192354
v 0.0135710007 0.0158329997 0.00875076465
v 0.0163049996 0.0168189984 0.0103307646
v 0.0153050013 0.0158329979 0.00933076441
v 0.0130050015 0.0158329997 0.0116307652
v 0.012426001 0.0158329997 0.00997576397
v 0.0140050016 0.0168189984 0.0126307653
v 0.00621100096 0.0158329997 0.0116307652
v 0.00624600099 0.0158329997 0.0099757649
v 0.00524500106 0.0168189984 0.0126307653
v 1.30116717E-09 0.0222129952 0.0114317657
v 0.00504500093 0.0168189984 0.0115317637
v 1.06975906E-09 0.0168189984 0.0115317656
v 0.00504500093 0.0222129952 0.0114317639
v 1.32341627E-09 0.0233019963 0.010851766
v 0.00504500093 0.0233019963 0.0108517641
v 0.00638999976 0.0158319995 -0.0112042343
v 0.00504499953 0.0168189984 -0.0123982346
v 0.0052240002 0.0168169979 -0.0106832348
v 0.00621100003 0.0158329997 -0.012919235
v 0.00524500012 0.0168189984 -0.0139192352
v 0.00504499953 0.0223099962 -0.0124012353
v 0.00524500012 0.0236129966 -0.0139192352
v 0.005045 0.0233019963 -0.0117732342
v 0.00611700024 0.0246129967 -0.012919235
v 0.00611700118 0.0246129967 0.0116307652
v 0.00504500093 0.0233019963 0.0108517641
v 0.00524500106 0.0236129966 0.0126307653
v 0.00504500093 0.0222129952 0.0114317639
v 0.00524500106 0.0168189984 0.0126307653
v 0.00504500093 0.0168189984 0.0115317637
v 0.00621100096 0.0158329997 0.0116307652
v 0.00624600099 0.0158329997 0.0099757649
v 0.00508000143 0.0168179981 0.00987676438
v 9.86230472E-11 0.0168169979 -0.0106832348
v 0.00504499953 0.0168189984 -0.0123982346
v 2.3745457E-11 0.0168189984 -0.0123982346
v 0.0052240002 0.0168169979 -0.0106832348
v 0.013572 0.0205949973 -0.0100652343
v 0.0124259992 0.0158329997 -0.0112042343
v 0.0124259992 0.0205949973 -0.0112292347
v 0.0135709997 0.0158329997 -0.0100392355
v 0.0135720009 0.0205949973 0.00872576423
v 0.0135710007 0.0158329997 0.00875076465
v 0.012426001 0.0205949973 0.00994976424
v 0.012426001 0.0158329997 0.00997576397
v 0.00624700123 0.0205949973 0.00994976517
v 0.012426001 0.0158329997 0.00997576397
v 0.012426001 0.0205949973 0.00994976424
v 0.00624600099 0.0158329997 0.0099757649
v 0.00508000143 0.0168179981 0.00987676438
v 0.00508100074 0.0205999967 0.00985076465
v 9.97373073E-10 0.0168179981 0.00987676438
v 1.16155296E-09 0.0205999967 0.00985076465
v 0.0135630006 0.0253569987 0.00739876414
v 0.0118210018 0.0230719969 0.00914076436
v 0.0118210018 0.0253569987 0.00914076436
v 0.0135630006 0.0230719969 0.00739876414
v 0.0135629997 0.0230719969 -0.00831323583
v 0.0135629997 0.0253569987 -0.00831323583
v 0.0118209999 0.0253569987 -0.0100552347
v 0.0118209999 0.0230719969 -0.0100552347
v 3.99488553E-10 0.0230719969 -0.0100552347
v 0.0118209999 0.0253569987 -0.0100552347
v 4.99369102E-10 0.0253569987 -0.0100552347
v 0.0118209999 0.0230719969 -0.0100552347
v 4.99369102E-10 0.0253569987 -0.0100552347
v 0.0111720003 0.0259569976 -0.00945523567
v 5.51822699E-10 0.0259569976 -0.00945523474
v 0.0118209999 0.0253569987 -0.0100552347
v 0.0129630016 0.0259569976 -0.00770623563
v 0.0135629997 0.0253569987 -0.00831323583
v 0.0129630016 0.0259569976 0.00678776437
v 0.0135630006 0.0253569987 0.00739876414
v 0.0118210018 0.0253569987 0.00914076436
v 0.0111230016 0.0259569976 0.00854076445
v 1.33845302E-09 0.0253569987 0.00914076529
v 1.33845302E-09 0.0259569976 0.00854076445
v 9.97373073E-10 0.0168179981 0.00987676438
v 0.00504500093 0.0168189984 0.0115317637
v 0.00508000143 0.0168179981 0.00987676438
v 1.06975906E-09 0.0168189984 0.0115317656
v 0.0111230016 0.0259569976 0.00854076445
v 0.0129630016 0.0259569976 -0.00770623563
v 0.0129630016 0.0259569976 0.00678776437
v 5.51822699E-10 0.0259569976 -0.00945523474
v 1.33845302E-09 0.0259569976 0.00854076445
v 0.0111720003 0.0259569976 -0.00945523567
v 0.0118210018 0.0230719969 0.00914076436
v 1.33845302E-09 0.0253569987 0.00914076529
v 0.0118210018 0.0253569987 0.00914076436
v 1.23857247E-09 0.0230719969 0.00914076529
v -0.0182689987 0.013860005 0.00368776591
v -0.014858 0.00794000458 0.00368776591
v -0.0179069992 0.00791500416 0.00368776591
v -0.0151909981 0.0159160029 0.00368776591
v -0.014858 0.00794000458 -0.00482923398
v -0.0182690006 0.013860005 -0.00482923398
v -0.0179069992 0.00791500416 -0.00482923398
v -0.015190999 0.0159160029 -0.00482923398
v -0.014858 0.00794000458 0.00368776591
v -0.0179069992 0.00791500416 -0.00482923398
v -0.0179069992 0.00791500416 0.00368776591
v -0.014858 0.00794000458 -0.00482923398
v -0.0182689987 0.013860005 0.00368776591
v -0.015190999 0.0159160029 -0.00482923398
v -0.0151909981 0.0159160029 0.00368776591
v -0.0182690006 0.013860005 -0.00482923398
v -0.0179069992 0.00791500416 0.00368776591
v -0.0182690006 0.013860005 -0.00482923398
v -0.0182689987 0.013860005 0.00368776591
v -0.0179069992 0.00791500416 -0.00482923398
v -0.0170800015 0.00524599617 0.00571976649
v -0.0164550003 0.0134899961 0.00552676618
v -0.0156610012 0.0124209961 0.00555176614
v -0.018116001 0.0138619952 0.00551776635
v -0.0205320027 0.00519499648 0.00572176697
v -0.0173810031 0.00507599581 0.00572376652
v -0.0207290016 0.00537799625 0.0057167667
v -0.0156610012 0.0124209961 0.00359976618
v -0.0173810031 0.00507599581 0.00342776626
v -0.0170800015 0.00524599617 0.00343076629
v -0.0205320027 0.00519499648 0.00342976651
v -0.018116001 0.0138619952 0.0036337662
v -0.0164550021 0.0134899961 0.00362476613
v -0.0207290016 0.00537799625 0.00343476655
v -0.0205320027 0.00519499648 0.00572176697
v -0.0207290016 0.00537799625 0.00343476655
v -0.0207290016 0.00537799625 0.0057167667
v -0.0205320027 0.00519499648 0.00342976651
v -0.0173810031 0.00507599581 0.00342776626
v -0.0173810031 0.00507599581 0.00572376652
v -0.0170800015 0.00524599617 0.00343076629
v -0.0170800015 0.00524599617 0.00571976649
v -0.0156610012 0.0124209961 0.00555176614
v -0.0170800015 0.00524599617 0.00343076629
v -0.0170800015 0.00524599617 0.00571976649
v -0.0156610012 0.0124209961 0.00359976618
v -0.0164550003 0.0134899961 0.00552676618
v -0.0156610012 0.0124209961 0.00359976618
v -0.0156610012 0.0124209961 0.00555176614
v -0.0164550021 0.0134899961 0.00362476613
v -0.018116001 0.0138619952 0.0036337662
v -0.018116001 0.0138619952 0.00551776635
v -0.0207290016 0.00537799625 0.0057167667
v -0.018116001 0.0138619952 0.0036337662
v -0.018116001 0.0138619952 0.00551776635
v -0.0207290016 0.00537799625 0.00343476655
v -0.0170800015 0.00524599617 -0.00687456643
v -0.0205320027 0.00519499648 -0.00687656645
v -0.0173810031 0.00507599628 -0.006878566
v -0.018116001 0.0138619952 -0.00667256629
v -0.0207290016 0.00537799718 -0.00687156618
v -0.0164550021 0.0134899961 -0.00668156706
v -0.0156610012 0.0124209961 -0.00670656748
v -0.0156610012 0.0124209961 -0.00475456705
v -0.018116001 0.0138619952 -0.00478856685
v -0.0164550021 0.0134899961 -0.00477956655
v -0.0205320027 0.00519499648 -0.00458456716
v -0.0207290016 0.00537799718 -0.00458956696
v -0.0173810031 0.00507599628 -0.00458256714
v -0.0170800015 0.00524599617 -0.0045855674
v -0.0207290016 0.00537799718 -0.00458956696
v -0.0205320027 0.00519499648 -0.00687656645
v -0.0207290016 0.00537799718 -0.00687156618
v -0.0205320027 0.00519499648 -0.00458456716
v -0.0173810031 0.00507599628 -0.00458256714
v -0.0173810031 0.00507599628 -0.006878566
v -0.0170800015 0.00524599617 -0.0045855674
v -0.0170800015 0.00524599617 -0.00687456643
v -0.0156610012 0.0124209961 -0.00670656748
v -0.0170800015 0.00524599617 -0.0045855674
v -0.0156610012 0.0124209961 -0.00475456705
v -0.0170800015 0.00524599617 -0.00687456643
v -0.0156610012 0.0124209961 -0.00475456705
v -0.0164550021 0.0134899961 -0.00668156706
v -0.0156610012 0.0124209961 -0.00670656748
v -0.0164550021 0.0134899961 -0.00477956655
v -0.018116001 0.0138619952 -0.00478856685
v -0.018116001 0.0138619952 -0.00667256629
v -0.0207290016 0.00537799718 -0.00687156618
v -0.018116001 0.0138619952 -0.00478856685
v -0.0207290016 0.00537799718 -0.00458956696
v -0.018116001 0.0138619952 -0.00667256629
v 0.0182690006 0.0138600022 0.00368776429
v 0.014858 0.00794000365 0.00368776429
v 0.015191 0.0159160011 0.00368776429
v 0.0179069992 0.00791500323 0.00368776429
v 0.014858 0.00794000365 -0.00482923537
v 0.0182690006 0.0138600022 -0.00482923537
v 0.015190999 0.0159160011 -0.00482923537
v 0.0179069992 0.00791500323 -0.00482923537
v 0.014858 0.00794000365 0.00368776429
v 0.0179069992 0.00791500323 -0.00482923537
v 0.014858 0.00794000365 -0.00482923537
v 0.0179069992 0.00791500323 0.00368776429
v 0.0182690006 0.0138600022 0.00368776429
v 0.015190999 0.0159160011 -0.00482923537
v 0.0182690006 0.0138600022 -0.00482923537
v 0.015191 0.0159160011 0.00368776429
v 0.0179069992 0.00791500323 0.00368776429
v 0.0182690006 0.0138600022 -0.00482923537
v 0.0179069992 0.00791500323 -0.00482923537
v 0.0182690006 0.0138600022 0.00368776429
v 0.0170799978 0.00524599897 0.00571976416
v 0.0205319971 0.00519499835 0.00572176464
v 0.0173809994 0.0050759986 0.00572376419
v 0.0181159992 0.013861998 0.00551776402
v 0.0207289979 0.00537799811 0.00571676437
v 0.0164549984 0.0134899979 0.00552676432
v 0.0156609993 0.0124209989 0.00555176428
v 0.0156609993 0.0124209989 0.00359976431
v 0.0181159973 0.013861998 0.00363376434
v 0.0164549984 0.0134899979 0.00362476427
v 0.0205319971 0.00519499835 0.00342976418
v 0.0207289979 0.00537799811 0.00343476399
v 0.0173809994 0.0050759986 0.0034277644
v 0.0170799978 0.00524599897 0.00343076419
v 0.0207289979 0.00537799811 0.00343476399
v 0.0205319971 0.00519499835 0.00572176464
v 0.0207289979 0.00537799811 0.00571676437
v 0.0205319971 0.00519499835 0.00342976418
v 0.0173809994 0.0050759986 0.0034277644
v 0.0173809994 0.0050759986 0.00572376419
v 0.0170799978 0.00524599897 0.00343076419
v 0.0170799978 0.00524599897 0.00571976416
v 0.0156609993 0.0124209989 0.00555176428
v 0.0170799978 0.00524599897 0.00343076419
v 0.0156609993 0.0124209989 0.00359976431
v 0.0170799978 0.00524599897 0.00571976416
v 0.0156609993 0.0124209989 0.00359976431
v 0.0164549984 0.0134899979 0.00552676432
v 0.0156609993 0.0124209989 0.00555176428
v 0.0164549984 0.0134899979 0.00362476427
v 0.0181159973 0.013861998 0.00363376434
v 0.0181159992 0.013861998 0.00551776402
v 0.0207289979 0.00537799811 0.00571676437
v 0.0181159973 0.013861998 0.00363376434
v 0.0207289979 0.00537799811 0.00343476399
v 0.0181159992 0.013861998 0.00551776402
v 0.0170799978 0.00524599897 -0.00687456876
v 0.0164549984 0.0134899979 -0.00668156892
v 0.0156609993 0.0124209989 -0.00670656888
v 0.0181159973 0.013861998 -0.00667256862
v 0.0205319971 0.00519499835 -0.00687656878
v 0.0173809994 0.00507599954 -0.00687856833
v 0.0207289979 0.00537799904 -0.0068715685
v 0.0156609993 0.0124209989 -0.00475456892
v 0.0173809994 0.00507599954 -0.004582569
v 0.0170799978 0.00524599897 -0.00458556926
v 0.0205319971 0.00519499835 -0.00458456948
v 0.0181159973 0.013861998 -0.00478856871
v 0.0164549984 0.0134899979 -0.00477956841
v 0.0207289979 0.00537799904 -0.00458956929
v 0.0205319971 0.00519499835 -0.00687656878
v 0.0207289979 0.00537799904 -0.00458956929
v 0.0207289979 0.00537799904 -0.0068715685
v 0.0205319971 0.00519499835 -0.00458456948
v 0.0173809994 0.00507599954 -0.004582569
v 0.0173809994 0.00507599954 -0.00687856833
v 0.0170799978 0.00524599897 -0.00458556926
v 0.0170799978 0.00524599897 -0.00687456876
v 0.0156609993 0.0124209989 -0.00670656888
v 0.0170799978 0.00524599897 -0.00458556926
v 0.0170799978 0.00524599897 -0.00687456876
v 0.0156609993 0.0124209989 -0.00475456892
v 0.0164549984 0.0134899979 -0.00668156892
v 0.0156609993 0.0124209989 -0.00475456892
v 0.0156609993 0.0124209989 -0.00670656888
v 0.0164549984 0.0134899979 -0.00477956841
v 0.0181159973 0.013861998 -0.00478856871
v 0.0181159973 0.013861998 -0.00667256862
v 0.0207289979 0.00537799904 -0.0068715685
v 0.0181159973 0.013861998 -0.00478856871
v 0.0181159973 0.013861998 -0.00667256862
v 0.0207289979 0.00537799904 -0.00458956929
v -0.00456199935 0.00657999981 0.0105007645
v -0.00546199922 0.00748000015 0.0120037645
v -0.00546199922 0.00748000015 0.0105397655
v -0.00456199935 0.00657999981 0.0129037648
v -0.0128259994 0.00748000061 0.0105397655
v -0.0137649989 0.00658000028 0.0129037667
v -0.0128649985 0.00748000061 0.0120037664
v -0.0138259996 0.00748000061 0.00953976531
v -0.0153649999 0.00748000061 0.00950376503
v -0.0162649993 0.00658000028 0.0104037654
v -0.0162649993 0.00658000028 -0.0117342342
v -0.0153649999 0.00748000061 -0.0108342338
v -0.0138259996 0.00748000061 -0.0107762339
v -0.0137649998 0.00658000028 -0.0142342336
v -0.0128260003 0.00748000061 -0.011776234
v -0.0128649995 0.00748000061 -0.0133342333
v -0.00546200015 0.00748000015 -0.0133342342
v -0.00456200074 0.00657999981 -0.0142342346
v -0.00546200015 0.00748000015 -0.011776235
v -0.00456200028 0.00657999981 -0.0117982347
v 0.00546200015 0.00748000015 0.0120037645
v 0.00456200074 0.00657999981 0.0105007645
v 0.00546200015 0.00748000015 0.0105397636
v 0.00456200074 0.00657999981 0.0129037648
v 0.0128260013 0.00747999968 0.0105397636
v 0.0137650007 0.00657999935 0.0129037648
v 0.0128650004 0.00747999968 0.0120037645
v 0.0138259996 0.00747999968 0.00953976437
v 0.0153649999 0.00747999968 0.0095037641
v 0.0162649993 0.00657999935 0.0104037644
v 0.0162649993 0.00657999935 -0.0117342351
v 0.0153649999 0.00747999968 -0.0108342348
v 0.0138259996 0.00747999968 -0.0107762348
v 0.0137649998 0.00657999935 -0.0142342346
v 0.0128260003 0.00747999968 -0.011776235
v 0.0128649995 0.00747999968 -0.0133342342
v 0.00546199922 0.00748000015 -0.0133342342
v 0.00456199935 0.00657999981 -0.0142342346
v 0.00546199922 0.00748000015 -0.011776235
v 0.00456199981 0.00657999981 -0.0117982347
v 1.55002011E-09 0.0240640007 0.0152747678
v 1.00112868E-06 0.0134020001 0.0162987672
v -0.00182699866 0.0168320015 0.0152747678
v 0.00182700111 0.0168320015 0.0152747678
v -0.00567699876 0.0191020016 0.0152747678
v 0.00567700155 0.0191020016 0.0152747678
v -0.0030839988 0.0146949999 0.0152747678
v 0.00308400113 0.0146949999 0.0152747678
v -0.00802899897 0.0134250009 0.0152747678
v 0.00802900083 0.0134250009 0.0152747678
v -0.00308899907 0.012143001 0.0152747678
v 0.0030890007 0.012143001 0.0152747678
v -0.00567699969 0.00774800172 0.0152747678
v 0.00567700062 0.00774800172 0.0152747678
v -0.00184199912 0.0100120008 0.0152747678
v 0.00184200087 0.0100120008 0.0152747678
v 6.17962181E-10 0.00274100155 0.0152747678
v -0.00524499873 0.0236129966 0.0126307653
v -0.0135039985 0.0246129967 0.0116307661
v -0.00611699885 0.0246129967 0.0116307652
v -0.0145039987 0.0236129966 0.0126307663
v -0.0158039983 0.0246129967 0.00933076534
v -0.0168039985 0.0236129966 0.0103307664
v -0.0168040004 0.0236129966 -0.0116192335
v -0.0135039994 0.0246129967 -0.0129192341
v -0.00611699931 0.0246129967 -0.012919235
v -0.00524500012 0.0236129966 -0.0139192352
v -0.0145039996 0.0236129966 -0.0139192343
v -0.0158040002 0.0246129967 -0.0106192334
v 0.00524500106 0.0236129966 0.0126307653
v 0.0135040004 0.0246129967 0.0116307652
v 0.0145040005 0.0236129966 0.0126307653
v 0.00611700118 0.0246129967 0.0116307652
v 0.0158040002 0.0246129967 0.00933076441
v 0.0168040004 0.0236129966 0.0103307646
v 0.0168040004 0.0236129966 -0.0116192354
v 0.0135039994 0.0246129967 -0.012919235
v 0.00611700024 0.0246129967 -0.012919235
v 0.00524500012 0.0236129966 -0.0139192352
v 0.0145039996 0.0236129966 -0.0139192352
v 0.0158040002 0.0246129967 -0.0106192352
v -0.0126839979 0.0193959977 0.0133397663
v -0.00995199848 0.0175049976 0.0131397648
v -0.0130669987 0.0193959977 0.0131397657
v -0.00995199848 0.0212859958 0.0131397648
v -0.00995199848 0.0177379977 0.0133397644
v -0.00995199848 0.0210539978 0.0133397644
v -0.00721999863 0.0193959977 0.0133397644
v -0.00683699874 0.0193959977 0.0131397648
v -0.0126839979 0.00345517113 0.0143019911
v -0.00995199941 0.00156417058 0.0141019905
v -0.0130669987 0.00345517113 0.0141019914
v -0.00995199941 0.00534516992 0.0141019905
v -0.00995199941 0.00179717108 0.0143019902
v -0.00995199941 0.00511317188 0.0143019902
v -0.0072199991 0.0034551709 0.0143019902
v -0.00683699967 0.0034551709 0.0141019914
v 0.00995200034 0.0175049976 0.0131397648
v 0.0126840007 0.0193959977 0.0133397644
v 0.0130670005 0.0193959977 0.0131397648
v 0.00995200034 0.0212859958 0.0131397648
v 0.00995200034 0.0177379977 0.0133397644
v 0.00995200034 0.0210539978 0.0133397644
v 0.00722000096 0.0193959977 0.0133397644
v 0.00683700107 0.0193959977 0.0131397648
v 0.00995200034 0.00156416965 0.0141019905
v 0.0126840007 0.00345516996 0.0143019902
v 0.0130670005 0.00345516996 0.0141019905
v 0.00995200034 0.00534516852 0.0141019905
v 0.00995200034 0.00179717015 0.0143019902
v 0.00995200034 0.00511317048 0.0143019902
v 0.00722000049 0.00345517043 0.0143019902
v 0.0068370006 0.00345517043 0.0141019914
v 0.00531168561 0.0112501727 0.0150948213
v 0.00859900098 0.0134500014 0.0149927614
v 0.00794400088 0.010160001 0.0149927614
v 0.00574970013 0.0134500014 0.0150948185
v 0.00406534318 0.00938465912 0.0150948195
v 0.00794400088 0.016741002 0.0149927614
v 0.0060800002 0.00737000164 0.0149927614
v 0.00531171355 0.0156505108 0.0150948185
v 0.00220051035 0.00813828874 0.0150948185
v 0.00608000066 0.0195310004 0.0149927614
v 0.00329100061 0.00550600141 0.0149927614
v 0.00406538369 0.0175160524 0.0150948185
v 8.26907431E-10 0.00770105235 0.0150948213
v 0.00329100154 0.0213950016 0.0149927614
v 6.97910285E-10 0.00485200109 0.0149927614
v 0.00220053946 0.0187624507 0.0150948167
v -0.00220050872 0.00813828874 0.0150948185
v 1.44961498E-09 0.0220490023 0.0149927614
v -0.00329099945 0.00550600141 0.0149927614
v 1.32952915E-09 0.0191996992 0.0150948185
v -0.00406534132 0.00938465912 0.0150948195
v -0.00329099852 0.0213950016 0.0149927614
v -0.00607999926 0.00737000164 0.0149927614
v -0.0022005369 0.0187624507 0.0150948167
v -0.00531168329 0.0112501727 0.0150948213
v -0.00607999833 0.0195310004 0.0149927614
v -0.00794399809 0.010160001 0.0149927614
v -0.00406538136 0.0175160524 0.0150948185
v -0.00574969733 0.0134500014 0.0150948176
v -0.00794399809 0.016741002 0.0149927614
v -0.00859899819 0.0134500014 0.0149927614
v -0.00531171123 0.0156505108 0.0150948185
v 0.00270300126 0.0118660005 0.0167347658
v 0.00312100095 0.0134260012 0.0159207676
v 0.00270300126 0.0118660005 0.0159207676
v 0.00312100095 0.0134260012 0.0167347658
v 0.00270300126 0.0149870012 0.0159207676
v 0.00156000105 0.0107240006 0.0167347658
v 0.00156000105 0.0107240006 0.0159207676
v 0.00270300126 0.0149870012 0.0167347658
v 0.00156000117 0.0161290001 0.0159207676
v 1.01245756E-09 0.0103060007 0.0167347658
v 9.76876358E-10 0.0103060007 0.0159207676
v 0.00156000128 0.0161290001 0.0167347658
v 1.24967925E-09 0.0165470019 0.0159207676
v -0.00155999896 0.0107240006 0.0167347658
v -0.00155999896 0.0107240006 0.0159207676
v 1.28526023E-09 0.0165470019 0.0167347658
v -0.00155999884 0.0161290001 0.0159207676
v -0.0027029987 0.0118660005 0.0167347658
v -0.0027029987 0.0118660005 0.0159207676
v -0.00155999861 0.0161290001 0.0167347658
v -0.0027029987 0.0149870012 0.0159207676
v -0.00312099862 0.0134260012 0.0167347658
v -0.00312099862 0.0134260012 0.0159207676
v -0.0027029987 0.0149870012 0.0167347658
v 1.03238984E-09 0.0105620008 0.0169347674
v -0.00143199891 0.0109460009 0.0169347674
v -0.00248099887 0.0119940005 0.0169347674
v -0.00286499877 0.0134260012 0.0169347674
v -0.00248099864 0.0148590012 0.0169347674
v -0.00143199868 0.0159070008 0.0169347674
v 0.00143200101 0.0109460009 0.0169347674
v 1.28281241E-09 0.0162909999 0.0169347674
v 0.00248100096 0.0119940005 0.0169347674
v 0.00143200113 0.0159070008 0.0169347674
v 0.00286500109 0.0134260012 0.0169347674
v 0.0024810012 0.0148590012 0.0169347674
v 1.05835452E-09 0.0111560011 0.0169347674
v 0.00113500096 0.0114600016 0.0169347674
v -0.00113499886 0.0114600016 0.0169347674
v 0.00196700101 0.0122910012 0.0169347674
v 0.00227100123 0.0134260012 0.0169347674
v -0.00196699891 0.0122910012 0.0169347674
v 0.00196700124 0.0145620005 0.0169347674
v 0.00113500131 0.0153930001 0.0169347674
v -0.00227099867 0.0134260012 0.0169347674
v 1.25684785E-09 0.0156970005 0.0169347674
v -0.00196699891 0.0145620005 0.0169347674
v -0.00113499875 0.0153930001 0.0169347674
vt 0.64453125 0.340332031
vt 0.526855469 0.421386719
vt 0.64453125 0.421386719
vt 0.526855469 0.340332031
vt 0.483642578 0.421386719
vt 0.483642578 0.340332031
vt 0.211303711 0.340332031
vt 0.211303711 0.421386719
vt 0.16784668 0.340332031
vt 0.16784668 0.421386719
vt 0.0503234863 0.340332031
vt 0.0503234863 0.421386719
vt 0.688964844 0.421386719
vt 0.657714844 0.340332031
vt 0.657714844 0.421386719
vt 0.688964844 0.340332031
vt 0.0391845703 0.421386719
vt 0.00784301758 0.340332031
vt 0.00784301758 0.421386719
vt 0.0391845703 0.340332031
vt 0.9921875 0.959472656
vt 0.931640625 0.947753906
vt 0.931640625 0.959472656
vt 0.9921875 0.947753906
vt 0.795410156 0.959472656
vt 0.734863281 0.947753906
vt 0.734863281 0.959472656
vt 0.795410156 0.947753906
vt 0.861328125 0.959472656
vt 0.80078125 0.947753906
vt 0.80078125 0.959472656
vt 0.861328125 0.947753906
vt 0.926757812 0.959472656
vt 0.866210938 0.947753906
vt 0.866210938 0.959472656
vt 0.926757812 0.947753906
vt 0.991210938 0.943847656
vt 0.930664062 0.932617188
vt 0.930664062 0.943847656
vt 0.991210938 0.932617188
vt 0.793945312 0.943847656
vt 0.733886719 0.932617188
vt 0.733886719 0.943847656
vt 0.793945312 0.932617188
vt 0.859375 0.943847656
vt 0.798828125 0.932617188
vt 0.798828125 0.943847656
vt 0.859375 0.932617188
vt 0.925292969 0.943847656
vt 0.865234375 0.932617188
vt 0.865234375 0.943847656
vt 0.925292969 0.932617188
vt 0.526855469 0.421386719
vt 0.64453125 0.340332031
vt 0.64453125 0.421386719
vt 0.526855469 0.340332031
vt 0.483642578 0.421386719
vt 0.483642578 0.340332031
vt 0.211303711 0.340332031
vt 0.211303711 0.421386719
vt 0.16784668 0.340332031
vt 0.16784668 0.421386719
vt 0.0503234863 0.340332031
vt 0.0503234863 0.421386719
vt 0.688964844 0.421386719
vt 0.657714844 0.340332031
vt 0.688964844 0.340332031
vt 0.657714844 0.421386719
vt 0.0391845703 0.421386719
vt 0.00784301758 0.340332031
vt 0.0391845703 0.340332031
vt 0.00784301758 0.421386719
vt 0.9921875 0.959472656
vt 0.931640625 0.947753906
vt 0.9921875 0.947753906
vt 0.931640625 0.959472656
vt 0.795410156 0.959472656
vt 0.734863281 0.947753906
vt 0.795410156 0.947753906
vt 0.734863281 0.959472656
vt 0.861328125 0.959472656
vt 0.80078125 0.947753906
vt 0.861328125 0.947753906
vt 0.80078125 0.959472656
vt 0.926757812 0.959472656
vt 0.866210938 0.947753906
vt 0.926757812 0.947753906
vt 0.866210938 0.959472656
vt 0.991210938 0.943847656
vt 0.930664062 0.932617188
vt 0.991210938 0.932617188
vt 0.930664062 0.943847656
vt 0.793945312 0.943847656
vt 0.733886719 0.932617188
vt 0.793945312 0.932617188
vt 0.733886719 0.943847656
vt 0.859375 0.943847656
vt 0.798828125 0.932617188
vt 0.859375 0.932617188
vt 0.798828125 0.943847656
vt 0.925292969 0.943847656
vt 0.865234375 0.932617188
vt 0.925292969 0.932617188
vt 0.865234375 0.943847656
vt 0.483398438 0.248535156
vt 0.495605469 0.138183594
vt 0.483398438 0.138183594
vt 0.495605469 0.248535156
vt 0.505859375 0.138183594
vt 0.505859375 0.248535156
vt 0.525390625 0.138183594
vt 0.525390625 0.248535156
vt 0.914550781 0.168579102
vt 0.939941406 0.198974609
vt 0.939941406 0.168579102
vt 0.914550781 0.198974609
vt 0.914550781 0.151000977
vt 0.939941406 0.162719727
vt 0.939941406 0.151000977
vt 0.914550781 0.162719727
vt 0.895507812 0.079284668
vt 0.884765625 0.0556030273
vt 0.884765625 0.079284668
vt 0.895507812 0.0556030273
vt 0.939941406 0.205444336
vt 0.914550781 0.235961914
vt 0.939941406 0.235961914
vt 0.914550781 0.205444336
vt 0.939941406 0.242919922
vt 0.914550781 0.254394531
vt 0.939941406 0.254394531
vt 0.914550781 0.242919922
vt 0.770996094 0.079284668
vt 0.781738281 0.0556335449
vt 0.770996094 0.0556335449
vt 0.781738281 0.079284668
vt 0.533203125 0.248535156
vt 0.55078125 0.138183594
vt 0.533203125 0.138183594
vt 0.55078125 0.248535156
vt 0.633789062 0.670898438
vt 0.733886719 0.686035156
vt 0.733886719 0.670898438
vt 0.633789062 0.686035156
vt 0.733886719 0.694335938
vt 0.633789062 0.694335938
vt 0.733886719 0.704101562
vt 0.633789062 0.704101562
vt 0.633789062 0.603515625
vt 0.733886719 0.614257812
vt 0.733886719 0.603515625
vt 0.633789062 0.614257812
vt 0.633300781 0.248535156
vt 0.613769531 0.138183594
vt 0.613769531 0.248535156
vt 0.633300781 0.138183594
vt 0.642578125 0.138183594
vt 0.642578125 0.248535156
vt 0.939941406 0.0928344727
vt 0.914550781 0.123291016
vt 0.939941406 0.123291016
vt 0.914550781 0.0928344727
vt 0.939941406 0.132202148
vt 0.914550781 0.143798828
vt 0.939941406 0.143798828
vt 0.914550781 0.132202148
vt 0.834472656 0.079284668
vt 0.845214844 0.0556030273
vt 0.834472656 0.0556030273
vt 0.845214844 0.079284668
vt 0.733886719 0.572753906
vt 0.633789062 0.59375
vt 0.733886719 0.59375
vt 0.633789062 0.572753906
vt 0.918457031 0.0788574219
vt 0.946289062 0.0552368164
vt 0.918457031 0.0552368164
vt 0.946289062 0.0788574219
vt 0.901367188 0.0788574219
vt 0.912109375 0.0552368164
vt 0.901367188 0.0552368164
vt 0.912109375 0.0788574219
vt 0.828125 0.079284668
vt 0.817382812 0.0556335449
vt 0.817382812 0.079284668
vt 0.828125 0.0556335449
vt 0.586914062 0.248535156
vt 0.604492188 0.138183594
vt 0.586914062 0.138183594
vt 0.604492188 0.248535156
vt 0.557617188 0.248535156
vt 0.579101562 0.138183594
vt 0.557617188 0.138183594
vt 0.579101562 0.248535156
vt 0.877441406 0.079284668
vt 0.849609375 0.0556030273
vt 0.849609375 0.079284668
vt 0.877441406 0.0556030273
vt 0.633789062 0.622070312
vt 0.733886719 0.639160156
vt 0.733886719 0.622070312
vt 0.633789062 0.639160156
vt 0.633789062 0.647949219
vt 0.733886719 0.662109375
vt 0.733886719 0.647949219
vt 0.633789062 0.662109375
vt 0.786132812 0.0556335449
vt 0.813964844 0.079284668
vt 0.813964844 0.0556335449
vt 0.786132812 0.079284668
vt 0.00553512573 0.950683594
vt 0.050567627 0.933105469
vt 0.00553512573 0.933105469
vt 0.050567627 0.950683594
vt 0.095703125 0.933105469
vt 0.050567627 0.959472656
vt 0.00553512573 0.959472656
vt 0.095703125 0.959472656
vt 0.095703125 0.950683594
vt 0.140869141 0.933105469
vt 0.140869141 0.959472656
vt 0.140869141 0.950683594
vt 0.186035156 0.933105469
vt 0.186035156 0.959472656
vt 0.186035156 0.950683594
vt 0.231201172 0.933105469
vt 0.231201172 0.959472656
vt 0.231201172 0.950683594
vt 0.276367188 0.933105469
vt 0.276367188 0.959472656
vt 0.276367188 0.950683594
vt 0.321533203 0.933105469
vt 0.321533203 0.959472656
vt 0.321533203 0.950683594
vt 0.366699219 0.933105469
vt 0.366699219 0.959472656
vt 0.366699219 0.950683594
vt 0.411865234 0.933105469
vt 0.411865234 0.959472656
vt 0.411865234 0.950683594
vt 0.456787109 0.933105469
vt 0.45703125 0.959472656
vt 0.457275391 0.950683594
vt 0.501953125 0.933105469
vt 0.501953125 0.959472656
vt 0.501953125 0.950683594
vt 0.546875 0.933105469
vt 0.546875 0.959472656
vt 0.546875 0.950683594
vt 0.592285156 0.933105469
vt 0.592285156 0.959472656
vt 0.592285156 0.950683594
vt 0.637207031 0.933105469
vt 0.637207031 0.959472656
vt 0.637207031 0.950683594
vt 0.682617188 0.933105469
vt 0.682617188 0.959472656
vt 0.682617188 0.950683594
vt 0.727539062 0.933105469
vt 0.727539062 0.959472656
vt 0.727539062 0.950683594
vt 0.567871094 0.985351562
vt 0.49609375 0.994140625
vt 0.567871094 0.994140625
vt 0.49609375 0.985351562
vt 0.993164062 0.985351562
vt 0.920898438 0.994140625
vt 0.993164062 0.994140625
vt 0.920898438 0.985351562
vt 0.911132812 0.985351562
vt 0.868164062 0.994140625
vt 0.911132812 0.994140625
vt 0.868164062 0.985351562
vt 0.858398438 0.985351562
vt 0.809570312 0.994140625
vt 0.858398438 0.994140625
vt 0.809570312 0.985351562
vt 0.800292969 0.985351562
vt 0.750976562 0.994140625
vt 0.800292969 0.994140625
vt 0.750976562 0.985351562
vt 0.740722656 0.985351562
vt 0.691894531 0.994140625
vt 0.740722656 0.994140625
vt 0.691894531 0.985351562
vt 0.6796875 0.985351562
vt 0.630371094 0.994140625
vt 0.6796875 0.994140625
vt 0.630371094 0.985351562
vt 0.620117188 0.985351562
vt 0.577148438 0.994140625
vt 0.620117188 0.994140625
vt 0.577148438 0.985351562
vt 0.488037109 0.985351562
vt 0.416503906 0.994140625
vt 0.488037109 0.994140625
vt 0.416503906 0.985351562
vt 0.0780639648 0.985351562
vt 0.00597763062 0.994140625
vt 0.0780639648 0.994140625
vt 0.00597763062 0.985351562
vt 0.182617188 0.985351562
vt 0.133544922 0.994140625
vt 0.182617188 0.994140625
vt 0.133544922 0.985351562
vt 0.127075195 0.985351562
vt 0.0842895508 0.994140625
vt 0.127075195 0.994140625
vt 0.0842895508 0.985351562
vt 0.300048828 0.985351562
vt 0.250976562 0.994140625
vt 0.300048828 0.994140625
vt 0.250976562 0.985351562
vt 0.242797852 0.985351562
vt 0.193725586 0.994140625
vt 0.242797852 0.994140625
vt 0.193725586 0.985351562
vt 0.407958984 0.985351562
vt 0.364990234 0.994140625
vt 0.407958984 0.994140625
vt 0.364990234 0.985351562
vt 0.355712891 0.985351562
vt 0.306640625 0.994140625
vt 0.355712891 0.994140625
vt 0.306640625 0.985351562
vt 0.0591430664 0.658203125
vt 0.233398438 0.643066406
vt 0.0955810547 0.643066406
vt 0.269775391 0.658203125
vt 0.290771484 0.673339844
vt 0.0382080078 0.673339844
vt 0.288818359 0.678710938
vt 0.0399780273 0.678710938
vt 0.294433594 0.684082031
vt 0.034576416 0.684082031
vt 0.313964844 0.704589844
vt 0.0150756836 0.704589844
vt 0.322021484 0.717285156
vt 0.00699996948 0.717285156
vt 0.319580078 0.725097656
vt 0.0093536377 0.725097656
vt 0.697265625 0.965820312
vt 0.470458984 0.979492188
vt 0.697265625 0.979492188
vt 0.470458984 0.965820312
vt 0.994140625 0.965820312
vt 0.987792969 0.979492188
vt 0.994140625 0.979492188
vt 0.987792969 0.965820312
vt 0.977050781 0.979492188
vt 0.977050781 0.965820312
vt 0.956054688 0.979492188
vt 0.956054688 0.965820312
vt 0.950683594 0.979492188
vt 0.950683594 0.965820312
vt 0.946289062 0.979492188
vt 0.946289062 0.965820312
vt 0.927246094 0.979492188
vt 0.927246094 0.965820312
vt 0.899414062 0.979492188
vt 0.899414062 0.965820312
vt 0.801757812 0.979492188
vt 0.801757812 0.965820312
vt 0.7734375 0.979492188
vt 0.7734375 0.965820312
vt 0.754882812 0.979492188
vt 0.754882812 0.965820312
vt 0.750488281 0.979492188
vt 0.750488281 0.965820312
vt 0.745117188 0.979492188
vt 0.745117188 0.965820312
vt 0.724121094 0.979492188
vt 0.724121094 0.965820312
vt 0.713378906 0.979492188
vt 0.713378906 0.965820312
vt 0.706542969 0.979492188
vt 0.706542969 0.965820312
vt 0.130004883 0.634765625
vt 0.388427734 0.57421875
vt 0.388427734 0.634765625
vt 0.130004883 0.57421875
vt 0.0578613281 0.818847656
vt 0.209472656 0.787109375
vt 0.209472656 0.818847656
vt 0.0578613281 0.786132812
vt 0.210205078 0.779785156
vt 0.0540466309 0.778808594
vt 0.210205078 0.741210938
vt 0.0626220703 0.734375
vt 0.0540466309 0.741210938
vt 0.201171875 0.734375
vt 0.106445312 0.634765625
vt 0.119873047 0.57421875
vt 0.119873047 0.634765625
vt 0.106445312 0.57421875
vt 0.043762207 0.57421875
vt 0.043762207 0.634765625
vt 0.676269531 0.879882812
vt 0.639648438 0.854492188
vt 0.676269531 0.854492188
vt 0.639648438 0.879882812
vt 0.630859375 0.854492188
vt 0.630859375 0.887207031
vt 0.588867188 0.854492188
vt 0.588867188 0.887207031
vt 0.764648438 0.087097168
vt 0.649414062 0.00570297241
vt 0.764648438 0.00570297241
vt 0.649414062 0.087097168
vt 0.607421875 0.00570297241
vt 0.607421875 0.087097168
vt 0.326416016 0.087097168
vt 0.326416016 0.00570297241
vt 0.284667969 0.087097168
vt 0.284667969 0.00570297241
vt 0.169555664 0.087097168
vt 0.169555664 0.00570297241
vt 0.776367188 0.270751953
vt 0.758789062 0.176513672
vt 0.776367188 0.164916992
vt 0.758789062 0.257568359
vt 0.736816406 0.250488281
vt 0.736816406 0.178588867
vt 0.72265625 0.262939453
vt 0.729980469 0.283691406
vt 0.743164062 0.300048828
vt 0.482421875 0.262939453
vt 0.461425781 0.300048828
vt 0.474853516 0.283691406
vt 0.446289062 0.257080078
vt 0.467285156 0.249755859
vt 0.428955078 0.269775391
vt 0.446289062 0.17590332
vt 0.467285156 0.176269531
vt 0.428955078 0.164306641
vt 0.477050781 0.634765625
vt 0.415527344 0.57421875
vt 0.477050781 0.57421875
vt 0.415527344 0.634765625
vt 0.401367188 0.57421875
vt 0.401367188 0.634765625
vt 0.0263824463 0.751464844
vt 0.0453796387 0.733398438
vt 0.0453796387 0.751464844
vt 0.020111084 0.733398438
vt 0.00687789917 0.750976562
vt 0.0263824463 0.816894531
vt 0.00687789917 0.832519531
vt 0.034362793 0.828613281
vt 0.0196990967 0.848632812
vt 0.333496094 0.848632812
vt 0.323486328 0.828613281
vt 0.345947266 0.832519531
vt 0.331298828 0.815917969
vt 0.345947266 0.750976562
vt 0.331298828 0.751464844
vt 0.333007812 0.733398438
vt 0.311035156 0.733398438
vt 0.311035156 0.751464844
vt 0.00865936279 0.57421875
vt 0.0282440186 0.634765625
vt 0.00865936279 0.634765625
vt 0.0282440186 0.57421875
vt 0.583496094 0.887207031
vt 0.571289062 0.854492188
vt 0.583496094 0.854492188
vt 0.571289062 0.887207031
vt 0.432861328 0.854492188
vt 0.432861328 0.887207031
vt 0.420654297 0.854492188
vt 0.420654297 0.887207031
vt 0.412109375 0.887207031
vt 0.370605469 0.854492188
vt 0.412109375 0.854492188
vt 0.370605469 0.887207031
vt 0.362792969 0.881347656
vt 0.362792969 0.854492188
vt 0.328857422 0.881347656
vt 0.328857422 0.854492188
vt 0.337646484 0.125610352
vt 0.369628906 0.0977783203
vt 0.337646484 0.0977783203
vt 0.369628906 0.125610352
vt 0.574707031 0.125732422
vt 0.574707031 0.0979003906
vt 0.606933594 0.0979003906
vt 0.606933594 0.125732422
vt 0.771972656 0.125732422
vt 0.617675781 0.0979003906
vt 0.617675781 0.125732422
vt 0.771972656 0.0979003906
vt 0.410644531 0.165649414
vt 0.421386719 0.298583984
vt 0.410644531 0.298583984
vt 0.421386719 0.157714844
vt 0.388427734 0.14453125
vt 0.396484375 0.134643555
vt 0.203735352 0.14453125
vt 0.195556641 0.134643555
vt 0.171020508 0.157836914
vt 0.181640625 0.166259766
vt 0.170898438 0.298583984
vt 0.181640625 0.298583984
vt 0.506835938 0.57421875
vt 0.487792969 0.634765625
vt 0.487792969 0.57421875
vt 0.506835938 0.634765625
vt 0.403808594 0.298583984
vt 0.383056641 0.153564453
vt 0.403808594 0.173461914
vt 0.188354492 0.174072266
vt 0.188232422 0.298583984
vt 0.209106445 0.153564453
vt 0.323730469 0.125610352
vt 0.169677734 0.0977783203
vt 0.169677734 0.125610352
vt 0.323730469 0.0977783203
vt 0.130004883 0.634765625
vt 0.388427734 0.57421875
vt 0.130004883 0.57421875
vt 0.388427734 0.634765625
vt 0.209472656 0.787109375
vt 0.0578613281 0.818847656
vt 0.209472656 0.818847656
vt 0.0578613281 0.786132812
vt 0.210205078 0.779785156
vt 0.0540466309 0.778808594
vt 0.210205078 0.741210938
vt 0.0626220703 0.734375
vt 0.201171875 0.734375
vt 0.0540466309 0.741210938
vt 0.119873047 0.57421875
vt 0.106445312 0.634765625
vt 0.119873047 0.634765625
vt 0.106445312 0.57421875
vt 0.043762207 0.57421875
vt 0.043762207 0.634765625
vt 0.639648438 0.854492188
vt 0.676269531 0.879882812
vt 0.676269531 0.854492188
vt 0.639648438 0.879882812
vt 0.630859375 0.854492188
vt 0.630859375 0.887207031
vt 0.588867188 0.854492188
vt 0.588867188 0.887207031
vt 0.649414062 0.00570297241
vt 0.764648438 0.087097168
vt 0.764648438 0.00570297241
vt 0.649414062 0.087097168
vt 0.607421875 0.00570297241
vt 0.607421875 0.087097168
vt 0.326416016 0.087097168
vt 0.326416016 0.00570297241
vt 0.284667969 0.087097168
vt 0.284667969 0.00570297241
vt 0.169555664 0.087097168
vt 0.169555664 0.00570297241
vt 0.758789062 0.176513672
vt 0.776367188 0.270751953
vt 0.776367188 0.164916992
vt 0.758789062 0.257568359
vt 0.736816406 0.250488281
vt 0.736816406 0.178588867
vt 0.72265625 0.262939453
vt 0.729980469 0.283691406
vt 0.743164062 0.300048828
vt 0.482421875 0.262939453
vt 0.461425781 0.300048828
vt 0.474853516 0.283691406
vt 0.446289062 0.257080078
vt 0.467285156 0.249755859
vt 0.428955078 0.269775391
vt 0.446289062 0.17590332
vt 0.467285156 0.176269531
vt 0.428955078 0.164306641
vt 0.415527344 0.57421875
vt 0.477050781 0.634765625
vt 0.477050781 0.57421875
vt 0.415527344 0.634765625
vt 0.401367188 0.57421875
vt 0.401367188 0.634765625
vt 0.0453796387 0.733398438
vt 0.0263824463 0.751464844
vt 0.0453796387 0.751464844
vt 0.020111084 0.733398438
vt 0.00687789917 0.750976562
vt 0.0263824463 0.816894531
vt 0.00687789917 0.832519531
vt 0.034362793 0.828613281
vt 0.0196990967 0.848632812
vt 0.333496094 0.848632812
vt 0.323486328 0.828613281
vt 0.345947266 0.832519531
vt 0.331298828 0.815917969
vt 0.345947266 0.750976562
vt 0.331298828 0.751464844
vt 0.333007812 0.733398438
vt 0.311035156 0.733398438
vt 0.311035156 0.751464844
vt 0.00865936279 0.57421875
vt 0.0282440186 0.634765625
vt 0.0282440186 0.57421875
vt 0.00865936279 0.634765625
vt 0.571289062 0.854492188
vt 0.583496094 0.887207031
vt 0.583496094 0.854492188
vt 0.571289062 0.887207031
vt 0.432861328 0.854492188
vt 0.432861328 0.887207031
vt 0.420654297 0.854492188
vt 0.420654297 0.887207031
vt 0.370605469 0.854492188
vt 0.412109375 0.887207031
vt 0.412109375 0.854492188
vt 0.370605469 0.887207031
vt 0.362792969 0.881347656
vt 0.362792969 0.854492188
vt 0.328857422 0.881347656
vt 0.328857422 0.854492188
vt 0.369628906 0.0977783203
vt 0.337646484 0.125610352
vt 0.337646484 0.0977783203
vt 0.369628906 0.125610352
vt 0.574707031 0.125732422
vt 0.574707031 0.0979003906
vt 0.606933594 0.0979003906
vt 0.606933594 0.125732422
vt 0.771972656 0.125732422
vt 0.617675781 0.0979003906
vt 0.771972656 0.0979003906
vt 0.617675781 0.125732422
vt 0.421386719 0.298583984
vt 0.410644531 0.165649414
vt 0.410644531 0.298583984
vt 0.421386719 0.157714844
vt 0.388427734 0.14453125
vt 0.396484375 0.134643555
vt 0.203735352 0.14453125
vt 0.195556641 0.134643555
vt 0.171020508 0.157836914
vt 0.181640625 0.166259766
vt 0.170898438 0.298583984
vt 0.181640625 0.298583984
vt 0.506835938 0.57421875
vt 0.487792969 0.634765625
vt 0.506835938 0.634765625
vt 0.487792969 0.57421875
vt 0.188354492 0.174072266
vt 0.383056641 0.153564453
vt 0.209106445 0.153564453
vt 0.403808594 0.298583984
vt 0.188232422 0.298583984
vt 0.403808594 0.173461914
vt 0.323730469 0.125610352
vt 0.169677734 0.0977783203
vt 0.323730469 0.0977783203
vt 0.169677734 0.125610352
vt 0.172607422 0.306396484
vt 0.254638672 0.332519531
vt 0.254638672 0.306396484
vt 0.172607422 0.332519531
vt 0.373535156 0.332519531
vt 0.44921875 0.306396484
vt 0.373535156 0.306396484
vt 0.44921875 0.332519531
vt 0.264648438 0.332519531
vt 0.364990234 0.306396484
vt 0.264648438 0.306396484
vt 0.364990234 0.332519531
vt 0.557128906 0.306396484
vt 0.459716797 0.332519531
vt 0.557128906 0.332519531
vt 0.459716797 0.306396484
vt 0.727539062 0.248046875
vt 0.651367188 0.146240234
vt 0.651367188 0.248046875
vt 0.727539062 0.146240234
vt 0.622558594 0.587890625
vt 0.599121094 0.702148438
vt 0.612792969 0.690917969
vt 0.577636719 0.700195312
vt 0.580566406 0.572753906
vt 0.619628906 0.584472656
vt 0.577636719 0.57421875
vt 0.530761719 0.690917969
vt 0.523925781 0.584472656
vt 0.520996094 0.587890625
vt 0.562988281 0.572753906
vt 0.56640625 0.700195312
vt 0.544433594 0.702148438
vt 0.56640625 0.57421875
vt 0.946289062 0.928222656
vt 0.942871094 0.899902344
vt 0.942871094 0.928222656
vt 0.946289062 0.899902344
vt 0.985351562 0.899902344
vt 0.985351562 0.928222656
vt 0.989746094 0.899902344
vt 0.989746094 0.928222656
vt 0.771484375 0.928222656
vt 0.680664062 0.899902344
vt 0.680664062 0.928222656
vt 0.771484375 0.899902344
vt 0.794433594 0.928222656
vt 0.777832031 0.899902344
vt 0.777832031 0.928222656
vt 0.794433594 0.899902344
vt 0.815429688 0.899902344
vt 0.815429688 0.928222656
vt 0.936035156 0.928222656
vt 0.826171875 0.899902344
vt 0.826171875 0.928222656
vt 0.936035156 0.899902344
vt 0.622558594 0.587890625
vt 0.580566406 0.572753906
vt 0.619628906 0.584472656
vt 0.577636719 0.700195312
vt 0.577636719 0.57421875
vt 0.599121094 0.702148438
vt 0.612792969 0.690917969
vt 0.530761719 0.690917969
vt 0.56640625 0.700195312
vt 0.544433594 0.702148438
vt 0.562988281 0.572753906
vt 0.56640625 0.57421875
vt 0.523925781 0.584472656
vt 0.520996094 0.587890625
vt 0.942871094 0.899902344
vt 0.946289062 0.928222656
vt 0.942871094 0.928222656
vt 0.946289062 0.899902344
vt 0.985351562 0.899902344
vt 0.985351562 0.928222656
vt 0.989746094 0.899902344
vt 0.989746094 0.928222656
vt 0.771484375 0.928222656
vt 0.680664062 0.899902344
vt 0.771484375 0.899902344
vt 0.680664062 0.928222656
vt 0.777832031 0.899902344
vt 0.794433594 0.928222656
vt 0.777832031 0.928222656
vt 0.794433594 0.899902344
vt 0.815429688 0.899902344
vt 0.815429688 0.928222656
vt 0.936035156 0.928222656
vt 0.826171875 0.899902344
vt 0.936035156 0.899902344
vt 0.826171875 0.928222656
vt 0.172607422 0.306396484
vt 0.254638672 0.332519531
vt 0.172607422 0.332519531
vt 0.254638672 0.306396484
vt 0.373535156 0.332519531
vt 0.44921875 0.306396484
vt 0.44921875 0.332519531
vt 0.373535156 0.306396484
vt 0.264648438 0.332519531
vt 0.364990234 0.306396484
vt 0.364990234 0.332519531
vt 0.264648438 0.306396484
vt 0.557128906 0.306396484
vt 0.459716797 0.332519531
vt 0.459716797 0.306396484
vt 0.557128906 0.332519531
vt 0.727539062 0.248046875
vt 0.651367188 0.146240234
vt 0.727539062 0.146240234
vt 0.651367188 0.248046875
vt 0.622558594 0.587890625
vt 0.580566406 0.572753906
vt 0.619628906 0.584472656
vt 0.577636719 0.700195312
vt 0.577636719 0.57421875
vt 0.599121094 0.702148438
vt 0.612792969 0.690917969
vt 0.530761719 0.690917969
vt 0.56640625 0.700195312
vt 0.544433594 0.702148438
vt 0.562988281 0.572753906
vt 0.56640625 0.57421875
vt 0.523925781 0.584472656
vt 0.520996094 0.587890625
vt 0.942871094 0.899902344
vt 0.946289062 0.928222656
vt 0.942871094 0.928222656
vt 0.946289062 0.899902344
vt 0.985351562 0.899902344
vt 0.985351562 0.928222656
vt 0.989746094 0.899902344
vt 0.989746094 0.928222656
vt 0.771484375 0.928222656
vt 0.680664062 0.899902344
vt 0.771484375 0.899902344
vt 0.680664062 0.928222656
vt 0.777832031 0.899902344
vt 0.794433594 0.928222656
vt 0.777832031 0.928222656
vt 0.794433594 0.899902344
vt 0.815429688 0.899902344
vt 0.815429688 0.928222656
vt 0.936035156 0.928222656
vt 0.826171875 0.899902344
vt 0.936035156 0.899902344
vt 0.826171875 0.928222656
vt 0.622558594 0.587890625
vt 0.599121094 0.702148438
vt 0.612792969 0.690917969
vt 0.577636719 0.700195312
vt 0.580566406 0.572753906
vt 0.619628906 0.584472656
vt 0.577636719 0.57421875
vt 0.530761719 0.690917969
vt 0.523925781 0.584472656
vt 0.520996094 0.587890625
vt 0.562988281 0.572753906
vt 0.56640625 0.700195312
vt 0.544433594 0.702148438
vt 0.56640625 0.57421875
vt 0.946289062 0.928222656
vt 0.942871094 0.899902344
vt 0.942871094 0.928222656
vt 0.946289062 0.899902344
vt 0.985351562 0.899902344
vt 0.985351562 0.928222656
vt 0.989746094 0.899902344
vt 0.989746094 0.928222656
vt 0.771484375 0.928222656
vt 0.680664062 0.899902344
vt 0.680664062 0.928222656
vt 0.771484375 0.899902344
vt 0.794433594 0.928222656
vt 0.777832031 0.899902344
vt 0.777832031 0.928222656
vt 0.794433594 0.899902344
vt 0.815429688 0.899902344
vt 0.815429688 0.928222656
vt 0.936035156 0.928222656
vt 0.826171875 0.899902344
vt 0.826171875 0.928222656
vt 0.936035156 0.899902344
vt 0.833007812 0.611816406
vt 0.846679688 0.627929688
vt 0.846679688 0.610839844
vt 0.833007812 0.642578125
vt 0.940429688 0.610839844
vt 0.954101562 0.642578125
vt 0.94140625 0.627929688
vt 0.952636719 0.599121094
vt 0.972167969 0.598632812
vt 0.987792969 0.609863281
vt 0.987792969 0.346191406
vt 0.971679688 0.357421875
vt 0.952148438 0.358154297
vt 0.953613281 0.313720703
vt 0.940429688 0.346679688
vt 0.940917969 0.328369141
vt 0.846191406 0.328369141
vt 0.832519531 0.313720703
vt 0.846679688 0.346679688
vt 0.832519531 0.345703125
vt 0.846679688 0.627929688
vt 0.833007812 0.611816406
vt 0.846679688 0.610839844
vt 0.833007812 0.642578125
vt 0.940429688 0.610839844
vt 0.954101562 0.642578125
vt 0.94140625 0.627929688
vt 0.952636719 0.599121094
vt 0.972167969 0.598632812
vt 0.987792969 0.609863281
vt 0.987792969 0.346191406
vt 0.971679688 0.357421875
vt 0.952148438 0.358154297
vt 0.953613281 0.313720703
vt 0.940429688 0.346679688
vt 0.940917969 0.328369141
vt 0.846191406 0.328369141
vt 0.832519531 0.313720703
vt 0.846679688 0.346679688
vt 0.832519531 0.345703125
vt 0.889160156 0.893554688
vt 0.889160156 0.772460938
vt 0.865234375 0.8125
vt 0.913085938 0.8125
vt 0.815917969 0.837402344
vt 0.962402344 0.837402344
vt 0.84765625 0.787597656
vt 0.930664062 0.787597656
vt 0.78515625 0.772460938
vt 0.993164062 0.772460938
vt 0.84765625 0.757324219
vt 0.930664062 0.757324219
vt 0.815917969 0.707519531
vt 0.962890625 0.707519531
vt 0.865234375 0.732421875
vt 0.913574219 0.732421875
vt 0.889160156 0.650878906
vt 0.159423828 0.00637817383
vt 0.053894043 0.0228729248
vt 0.148071289 0.0228729248
vt 0.0397949219 0.00637817383
vt 0.0251464844 0.0497741699
vt 0.00743865967 0.0374145508
vt 0.00743865967 0.299316406
vt 0.0539550781 0.313964844
vt 0.148071289 0.313964844
vt 0.159057617 0.330322266
vt 0.040222168 0.330322266
vt 0.0251464844 0.286865234
vt 0.159423828 0.00637817383
vt 0.053894043 0.0228729248
vt 0.0397949219 0.00637817383
vt 0.148071289 0.0228729248
vt 0.0251464844 0.0497741699
vt 0.00743865967 0.0374145508
vt 0.00743865967 0.299316406
vt 0.0539550781 0.313964844
vt 0.148071289 0.313964844
vt 0.159057617 0.330322266
vt 0.040222168 0.330322266
vt 0.0251464844 0.286865234
vt 0.747070312 0.352294922
vt 0.781738281 0.328857422
vt 0.741699219 0.352294922
vt 0.781738281 0.375976562
vt 0.781738281 0.332519531
vt 0.781738281 0.372314453
vt 0.815917969 0.352294922
vt 0.821777344 0.352294922
vt 0.704589844 0.390625
vt 0.738769531 0.366943359
vt 0.698730469 0.390380859
vt 0.738769531 0.4140625
vt 0.738769531 0.370605469
vt 0.738769531 0.410400391
vt 0.772949219 0.390380859
vt 0.778808594 0.390625
vt 0.781738281 0.328857422
vt 0.747070312 0.352294922
vt 0.741699219 0.352294922
vt 0.781738281 0.375976562
vt 0.781738281 0.332519531
vt 0.781738281 0.372314453
vt 0.815917969 0.352294922
vt 0.821777344 0.352294922
vt 0.738769531 0.366943359
vt 0.704589844 0.390625
vt 0.698730469 0.390380859
vt 0.738769531 0.4140625
vt 0.738769531 0.370605469
vt 0.738769531 0.410400391
vt 0.772949219 0.390380859
vt 0.778808594 0.390625
vt 0.896484375 0.471679688
vt 0.938964844 0.498046875
vt 0.930175781 0.458740234
vt 0.90234375 0.498046875
vt 0.880859375 0.449462891
vt 0.930175781 0.537597656
vt 0.906738281 0.425292969
vt 0.896484375 0.524414062
vt 0.856933594 0.434570312
vt 0.906738281 0.570800781
vt 0.870605469 0.403076172
vt 0.880859375 0.546875
vt 0.828613281 0.429443359
vt 0.870605469 0.593261719
vt 0.828613281 0.395263672
vt 0.856933594 0.561523438
vt 0.800292969 0.434570312
vt 0.828613281 0.601074219
vt 0.786621094 0.403076172
vt 0.828613281 0.566894531
vt 0.776367188 0.449462891
vt 0.786621094 0.593261719
vt 0.750976562 0.425292969
vt 0.800292969 0.561523438
vt 0.760742188 0.471679688
vt 0.750976562 0.570800781
vt 0.727050781 0.458740234
vt 0.776367188 0.546875
vt 0.754882812 0.498046875
vt 0.727050781 0.537597656
vt 0.718261719 0.498046875
vt 0.760742188 0.524414062
vt 0.620605469 0.751953125
vt 0.642578125 0.778808594
vt 0.6328125 0.745117188
vt 0.627929688 0.778808594
vt 0.6328125 0.812011719
vt 0.599609375 0.732421875
vt 0.606445312 0.720703125
vt 0.620605469 0.805664062
vt 0.606933594 0.836914062
vt 0.570800781 0.725097656
vt 0.5703125 0.711425781
vt 0.599121094 0.825195312
vt 0.570800781 0.845703125
vt 0.541992188 0.732421875
vt 0.534667969 0.720703125
vt 0.570800781 0.832519531
vt 0.534667969 0.836914062
vt 0.520996094 0.751953125
vt 0.508300781 0.745117188
vt 0.541992188 0.825195312
vt 0.508300781 0.8125
vt 0.513183594 0.778808594
vt 0.498779297 0.778808594
vt 0.520996094 0.805664062
vt 0.570800781 0.73046875
vt 0.544921875 0.737304688
vt 0.525878906 0.754394531
vt 0.519042969 0.778808594
vt 0.525878906 0.802734375
vt 0.544921875 0.8203125
vt 0.596679688 0.737304688
vt 0.570800781 0.826660156
vt 0.615234375 0.754882812
vt 0.596191406 0.8203125
vt 0.622070312 0.778808594
vt 0.615234375 0.802734375
vt 0.570800781 0.740722656
vt 0.591308594 0.745605469
vt 0.550292969 0.745605469
vt 0.605957031 0.759765625
vt 0.611328125 0.778808594
vt 0.53515625 0.759765625
vt 0.605957031 0.797851562
vt 0.590820312 0.812011719
vt 0.529785156 0.778808594
vt 0.570800781 0.816894531
vt 0.53515625 0.797851562
vt 0.550292969 0.811523438
vn 1.46336404E-07 0 1
vn -0.184009358 0.0199591257 0.982721865
vn 3.82837527E-07 0 1
vn -0.215507522 0.0233755708 0.976222336
vn -0.988706589 0.107242793 0.104682006
vn -0.989576459 0.10733711 0.0960059762
vn -0.989576459 0.107337125 -0.0960059389
vn -0.988706589 0.107242793 -0.104681917
vn -0.215507463 0.0233755913 -0.976222396
vn -0.184009671 0.0199591406 -0.982721865
vn -0 0 -1
vn 1.91418764E-07 0 -1
vn 1 0 0
vn 1 0 0
vn 1 0 0
vn 1 0 0
vn 1 0 -1.22096679E-07
vn 1 0 -1.21485684E-07
vn 1 0 -1.22341291E-07
vn 1 0 -1.21246259E-07
vn -0.518928587 -0.854817569 0
vn -0.518928111 -0.854817927 0
vn -0.518928051 -0.854817927 0
vn -0.518928647 -0.854817569 0
vn 0.518928528 -0.854817688 0
vn 0.518928528 -0.854817688 0
vn 0.518928468 -0.854817688 0
vn 0.518928468 -0.854817688 0
vn 0.518726945 0.854939997 0
vn 0.518726945 0.854939997 0
vn 0.518726945 0.854939997 0
vn 0.518726945 0.854939997 0
vn -0.518726707 0.854940057 0
vn -0.518726945 0.854939938 0
vn -0.518727005 0.854939938 0
vn -0.518726707 0.854940057 0
vn -0.518927991 -0.854817927 1.37558516E-07
vn -0.518928051 -0.854817927 5.11474866E-07
vn -0.51892817 -0.854817867 6.49033382E-07
vn -0.518927932 -0.854818046 0
vn 0.518928349 -0.854817748 0
vn 0.518927813 -0.854818106 0
vn 0.518927634 -0.854818225 0
vn 0.518928528 -0.854817688 0
vn 0.518727541 0.85493964 0
vn 0.518727541 0.85493964 0
vn 0.518727481 0.85493964 0
vn 0.518727541 0.85493964 0
vn -0.518726826 0.854939997 0
vn -0.518726945 0.854939938 0
vn -0.518727005 0.854939938 0
vn -0.518726826 0.854940057 0
vn 0.184009686 0.0199590046 0.982721865
vn -0 0 1
vn -0 0 1
vn 0.215507299 0.0233755298 0.976222396
vn 0.988706589 0.107242651 0.104681872
vn 0.989576459 0.107337147 0.0960059166
vn 0.989576459 0.107336685 -0.0960059837
vn 0.988706589 0.107242204 -0.104681909
vn 0.215507224 0.0233755317 -0.976222396
vn 0.184009418 0.0199590083 -0.982721865
vn -0 0 -1
vn -0 0 -1
vn -1 0 0
vn -1 0 0
vn -1 0 0
vn -1 0 0
vn -1 0 1.22096679E-07
vn -1 0 1.21485698E-07
vn -1 0 1.21246259E-07
vn -1 0 1.22341291E-07
vn 0.518928468 -0.854817688 0
vn 0.518928349 -0.854817748 0
vn 0.518928468 -0.854817688 0
vn 0.518928349 -0.854817688 0
vn -0.518928528 -0.854817688 0
vn -0.518928528 -0.854817688 0
vn -0.518928468 -0.854817688 0
vn -0.518928468 -0.854817688 0
vn -0.518726945 0.854939997 0
vn -0.518726945 0.854939997 0
vn -0.518726945 0.854939997 0
vn -0.518726945 0.854939997 0
vn 0.518726707 0.854940057 0
vn 0.518726826 0.854939997 0
vn 0.518726707 0.854940057 0
vn 0.518726945 0.854939997 0
vn 0.51892823 -0.854817867 1.1817918E-07
vn 0.51892817 -0.854817867 -4.42695836E-07
vn 0.518928289 -0.854817748 3.24517174E-07
vn 0.51892817 -0.854817867 -6.49033382E-07
vn -0.518928528 -0.854817688 0
vn -0.518928528 -0.854817688 0
vn -0.518928468 -0.854817688 0
vn -0.518928528 -0.854817688 0
vn -0.518727541 0.85493958 0
vn -0.518727541 0.85493964 0
vn -0.518727601 0.85493958 0
vn -0.518727541 0.85493964 0
vn 0.518727481 0.85493964 -5.1152989E-07
vn 0.518726647 0.854940057 -1.37596444E-07
vn 0.518727779 0.854939461 -6.49126264E-07
vn 0.518726468 0.854940355 0
vn -0 1 0
vn -0 0.932615519 0.360871762
vn -0 1 0
vn -0 0.932615101 0.360872597
vn -0 0.259332448 0.965788186
vn 1.81364072E-07 0.259331763 0.965788245
vn -0 0 1
vn 1.88397095E-07 0 1
vn -0 -0.0732207373 0.997315705
vn -0 -0.0732207373 0.997315705
vn -0 -0.0732207447 0.997315705
vn -0 -0.0732207149 0.997315705
vn -1 1.01353869E-07 0
vn -1 3.41596831E-07 0
vn -1 4.91595699E-07 0
vn -1 0 0
vn 1 0 0
vn 1 0 0
vn 1 0 0
vn 1 0 0
vn 3.65500938E-07 -0.0732207373 -0.997315705
vn 3.2136694E-07 -0.0732207447 -0.997315705
vn -0 -0.0732207671 -0.997315705
vn 6.86867679E-07 -0.0732207149 -0.997315705
vn -1 0 0
vn -1 0 0
vn -1 0 0
vn -1 0 0
vn 1 0 0
vn 1 0 0
vn 1 0 0
vn 1 0 0
vn -0 -0.999999881 0.000644655956
vn -0 -0.999999881 0.000644655665
vn -0 -0.999999881 0.000644655607
vn -0 -0.999999881 0.000644656015
vn -0 0 -1
vn -0 0.259332269 -0.965788186
vn -0 0 -1
vn -0 0.259332448 -0.965788186
vn -0 0.932615221 -0.360872477
vn -0 0.932615519 -0.360871702
vn -0 1 0
vn -0 1 0
vn -0 0.99999702 -0.00245895539
vn -0 0.99999702 -0.00245917519
vn -0 0.99999702 -0.00245919754
vn -0 0.99999702 -0.00245893351
vn 2.5355439E-07 -0.238013521 0.971261859
vn 2.09164241E-07 0 1
vn 3.74388776E-07 0 1
vn 1.34680519E-07 -0.238013595 0.971261859
vn -0 -0.68694222 0.726711988
vn -0 -0.68694222 0.726711988
vn -0 -0.0732207671 0.997315705
vn -0 -0.0732207671 0.997315705
vn -6.86868191E-07 -0.0732207671 0.997315705
vn 6.8686785E-07 -0.0732207447 0.997315705
vn 1 -1.70798444E-07 0
vn 1 0 0
vn 1 -2.4579785E-07 0
vn 1 0 0
vn -1 1.64167929E-07 0
vn -1 0 0
vn -1 0 0
vn -1 2.06805723E-07 0
vn -0 0.00859802496 -0.999963045
vn -0 0.00859802496 -0.999963045
vn -0 0.00859802403 -0.999963045
vn -0 0.00859802403 -0.999963045
vn -0 -0.0732207671 -0.997315705
vn -0 -0.0732207596 -0.997315705
vn -0 -0.0732207596 -0.997315705
vn -0 -0.0732207447 -0.997315705
vn 1 0 0
vn 1 0 0
vn 1 0 0
vn 1 0 0
vn -1 1.07422721E-07 0
vn -1 1.16950289E-07 0
vn -1 1.03403217E-07 0
vn -1 1.22898925E-07 0
vn -0 0.999998212 0.00193435838
vn -0 0.999998212 0.00193419296
vn -0 0.999998212 0.00193417072
vn -0 0.999998212 0.00193438074
vn -0 0 1
vn -0 0 1
vn -0 0 1
vn -0 0 1
vn -0 -0.0732207671 0.997315705
vn -0 -0.0732207671 0.997315705
vn -0 -0.0732207894 0.997315705
vn -0 -0.0732207522 0.997315705
vn -0 0 -1
vn -0 0 -1
vn -0 0 -1
vn -0 0 -1
vn -0 -0.999999881 -0.000644656015
vn -0 -0.999999881 -0.000644656015
vn -0 -0.999999881 -0.000644656015
vn -0 -0.999999881 -0.000644656015
vn -0 -0.0732207671 -0.997315705
vn -0 -0.0732207671 -0.997315705
vn -0 -0.0732207745 -0.997315705
vn -0 -0.0732207671 -0.997315705
vn 0.683879077 0.682316482 0.258367151
vn 0.382612348 0.923909009 0
vn 0.707035661 0.707177937 0
vn 0.370701998 0.892157674 0.258137077
vn 1.18023046E-07 1 0
vn 0.248924643 0.591585755 0.766852558
vn 0.456092685 0.450922042 0.767234564
vn 0.00365792634 0.641513467 0.767103136
vn 0.00118542498 0.966055334 0.25833258
vn -0.382611722 0.923909247 0
vn -0.242307544 0.594337821 0.766843855
vn -0.368557811 0.893047452 0.25813067
vn -0.70703584 0.707177818 0
vn -0.450979114 0.456114858 0.767187715
vn -0.682200968 0.683977783 0.25841102
vn -0.923879504 0.382683426 0
vn -0.590803862 0.24871476 0.767523229
vn -0.891992331 0.370772958 0.258605897
vn -1 0 0
vn -0.64146328 0.0035723066 0.767145455
vn -0.96604985 0.00115855294 0.258352906
vn -0.923858881 -0.382733345 2.17700858E-07
vn -0.593618214 -0.241940603 0.767516792
vn -0.892885625 -0.368611693 0.258612961
vn -0.70703584 -0.707177758 0
vn -0.456094086 -0.450922489 0.767233372
vn -0.683879614 -0.682316303 0.258366495
vn -0.382611722 -0.923909247 0
vn -0.248925999 -0.591587842 0.766850471
vn -0.37070179 -0.892158031 0.258136004
vn -2.64832209E-07 -1 0
vn -0.00365809794 -0.641511977 0.767104268
vn -0.00118558027 -0.966055095 0.258333385
vn 0.382611722 -0.923909247 0
vn 0.24230884 -0.594339848 0.766841948
vn 0.36855799 -0.89304781 0.258129179
vn 0.707035303 -0.707178295 0
vn 0.450980812 -0.456115663 0.767186344
vn 0.682200849 -0.683978081 0.258410543
vn 0.923858643 -0.382733673 -5.07081154E-07
vn 0.590789616 -0.24875021 0.767522573
vn 0.891971946 -0.370821089 0.258607179
vn 1 -1.3815368E-07 0
vn 0.641462386 -0.00357557531 0.76714623
vn 0.966050208 -0.00115728891 0.258352101
vn 0.923879623 0.382683247 0
vn 0.593631804 0.241905004 0.767517507
vn 0.892905772 0.368563861 0.258611292
vn 0.707035661 0.707177937 0
vn 0.456092685 0.450922042 0.767234564
vn 0.683879077 0.682316482 0.258367151
vn -0.969540298 0.244932041 0
vn -0.969540298 0.24493207 0
vn -0.969540298 0.244932041 0
vn -0.969540298 0.24493207 0
vn -0.969376802 -0.245577931 0
vn -0.969377637 -0.245575026 0
vn -0.969376802 -0.245577961 0
vn -0.969377637 -0.245574906 0
vn 0.508371592 -0.861137807 0
vn 0.508371592 -0.861137807 0
vn 0.508371592 -0.861137748 0
vn 0.508371592 -0.861137748 0
vn -0.86170125 0.50741607 0
vn -0.861701131 0.507416189 0
vn -0.86170125 0.50741607 0
vn -0.861701131 0.507416189 0
vn -0.25119099 -0.967937589 0
vn -0.251195103 -0.967936456 0
vn -0.251190811 -0.967937589 0
vn -0.251195282 -0.967936397 0
vn -0.248751163 0.968567371 0
vn -0.248753339 0.968566835 0
vn -0.248751104 0.968567371 0
vn -0.248753443 0.968566835 0
vn -0.861878633 -0.50711447 0
vn -0.861881018 -0.507110476 0
vn -0.861878574 -0.507114649 0
vn -0.861881137 -0.507110357 0
vn 0.507899404 0.861416399 0
vn 0.507903159 0.861414194 0
vn 0.507899225 0.861416578 0
vn 0.507903218 0.861414075 0
vn 0.969540298 0.244931921 0
vn 0.969540298 0.244931981 0
vn 0.969540298 0.244931921 0
vn 0.969540298 0.244931951 0
vn 0.969376802 -0.245577991 0
vn 0.969377637 -0.245575085 0
vn 0.969376802 -0.245578021 0
vn 0.969377637 -0.245574996 0
vn 0.86170131 0.50741595 0
vn 0.86170125 0.50741607 0
vn 0.86170125 0.50741601 0
vn 0.86170125 0.50741607 0
vn -0.508371592 -0.861137748 0
vn -0.508371592 -0.861137748 0
vn -0.508371592 -0.861137748 0
vn -0.508371592 -0.861137748 0
vn 0.248751253 0.968567371 0
vn 0.248753279 0.968566835 0
vn 0.248751163 0.968567371 0
vn 0.248753384 0.968566835 0
vn 0.25119099 -0.967937589 0
vn 0.251195103 -0.967936456 0
vn 0.251190811 -0.967937589 0
vn 0.251195282 -0.967936397 0
vn -0.507899404 0.861416399 0
vn -0.507903159 0.861414194 0
vn -0.507899225 0.861416578 0
vn -0.507903337 0.861414075 0
vn 0.861878812 -0.507114291 0
vn 0.861880958 -0.507110596 0
vn 0.861878753 -0.50711453 0
vn 0.861881018 -0.507110476 0
vn -0 0 1
vn -0 0 1
vn -0 0 1
vn -1.22921165E-07 0 1
vn -0 0 1
vn -0 0 1
vn -0 0 1
vn -0 0 1
vn -0 0 1
vn -0 -5.80224537E-07 1
vn -0 0 1
vn -0 -2.32903261E-07 1
vn -0 0 1
vn 1.03851583E-07 0 1
vn -0 0 1
vn -0 0 1
vn -0 1 0
vn -0 1 0
vn -0 1 0
vn -0 1 0
vn -0.965574622 0.260126173 0
vn -0.967814445 -0.251664758 0
vn -0.965573967 0.260128736 0
vn -0.967814207 -0.251665622 0
vn -0.787655711 -0.61611563 0
vn -0.787655652 -0.616115808 0
vn -0.745554388 -0.666444838 0
vn -0.745554447 -0.666444659 0
vn -0.955440164 -0.29518497 0
vn -0.955440283 -0.295184463 0
vn -0.754312456 -0.656515419 0
vn -0.754312634 -0.656515479 0
vn -0.490537971 -0.871419847 0
vn -0.490537971 -0.871419847 0
vn -0.0922843069 -0.995732725 0
vn -0.0922843218 -0.995732725 0
vn 0.0922840536 -0.995732725 0
vn 0.0922841281 -0.995732725 0
vn 0.49053821 -0.871419728 0
vn 0.490538299 -0.871419668 0
vn 0.754312575 -0.656515479 0
vn 0.754312992 -0.656514943 0
vn 0.955439329 -0.295187443 0
vn 0.955440283 -0.295184731 0
vn 0.745554686 -0.666444421 0
vn 0.745554745 -0.666444421 0
vn 0.787656188 -0.616114974 0
vn 0.787655711 -0.61611563 0
vn 0.967814207 -0.25166586 0
vn 0.967814088 -0.251666248 0
vn 0.965574622 0.260126323 0
vn 0.965574026 0.26012826 0
vn -0 1 1.79702923E-07
vn -0 1 0
vn -0 1 0
vn -0 1 1.04438442E-07
vn -0 -1 0
vn 0.000826170784 -0.999999642 -5.79688594E-06
vn -0 -1 0
vn 0.00115804642 -0.999999404 2.47736057E-06
vn 0.000643554667 -0.999999881 3.60708545E-05
vn 0.000528129574 -0.999999881 1.39638287E-05
vn -2.87573603E-05 -1 3.6088597E-05
vn -0.000137646275 -1 4.83659551E-06
vn -0.000165529593 -1 -0.000162911194
vn -0 -1 0
vn -0 0.095960997 -0.99538511
vn -0 0.534891188 -0.844920933
vn -0 0.534888089 -0.84492296
vn -0 0.095961161 -0.99538511
vn -0 -0.00054643926 -0.999999881
vn -0 -0.000546439376 -0.999999881
vn -0 0.00660851831 0.999978185
vn -0.0812003464 0.00656522904 0.996676207
vn -0 0.00660851784 0.999978185
vn -0.124521732 0.00619978458 0.992197454
vn -0.0623044558 0.00536626019 0.998042703
vn -0.0456581935 0.00523489527 0.998943388
vn 1.00589318E-06 0.00524994778 0.999986291
vn 8.29460987E-07 0.00524994824 0.999986291
vn -1.13468197E-07 0 -1
vn -0.186646253 -0.0137086362 -0.982331514
vn -2.00299922E-07 0 -1
vn -0.207441568 -0.0152360024 -0.978128731
vn -0.992615819 -0.0729048029 -0.0969473049
vn -0.993141592 -0.0729434192 -0.0913733542
vn -0.993141592 -0.0729434192 0.0913734362
vn -0.992615819 -0.0729048327 0.0969474167
vn -0.207441315 -0.015236008 0.97812885
vn -0.186646134 -0.0137086967 0.982331514
vn 1.64303984E-07 0 1
vn -0 0 1
vn -0.200483412 -0.790402055 -0.57885319
vn -5.28456367E-05 -0.880400777 -0.474230468
vn -0 -0.712073922 -0.702104509
vn -0.0789359063 -0.911365807 -0.403957397
vn -1.70253315E-05 -1 -6.17582846E-05
vn -0.000165700229 -0.999999881 -0.000599976454
vn -6.67987706E-07 -1 1.16622253E-07
vn -0.446096331 -0.894438505 -0.0312700421
vn -0.648759067 -0.754961193 -0.0956304893
vn -6.69702331E-07 -1 0
vn -0.64460367 -0.757626176 0.102414787
vn -0.422488302 -0.905793607 0.0322735868
vn -0.0799350068 -0.908994555 0.409071237
vn -0 -1 2.322802E-07
vn -0.200483352 -0.790402174 0.578852952
vn -0 -0.883770466 0.467920691
vn -0 -1 1.16553076E-06
vn -1.21127016E-07 -0.712073982 0.702104509
vn -0 0.0185359251 0.999828219
vn -0 0.104317419 0.994544029
vn 2.18994572E-07 0.0185359139 0.999828219
vn -0 0.104317375 0.994544029
vn -0 0.470083296 0.882622004
vn -0 0.470082015 0.882622719
vn 0.949054599 -0.303001642 -0.0865179077
vn 0.627113402 -0.776230931 0.0647641718
vn 0.626995027 -0.776345551 0.0645361766
vn 0.643744469 -0.765204132 0.00745507749
vn 0.985186756 -0.11230728 -0.129592016
vn 0.992148221 0.00676377025 -0.124884717
vn 0.979896665 0.177157119 -0.091748938
vn 0.784372985 0.620286882 -0.00181017257
vn 0.773289442 0.63405019 0.00198294129
vn 0.77366364 0.633594394 -0.00163751328
vn 0.785979629 0.618247211 0.0025424615
vn 0.972584903 0.207467765 0.105051629
vn 0.987394691 0.00651596347 0.158143431
vn 0.977342725 -0.118446141 0.175418749
vn 0.933629513 -0.332639724 0.132991523
vn 0.646453261 -0.76276511 0.016954327
vn 0.644785047 -0.764246643 -0.0133937206
vn 0.644616365 -0.764392734 -0.0131709371
vn -0 -0.999999404 -0.00116560981
vn -0 -0.999999404 -0.00116559665
vn -0 -0.999999404 -0.00116559234
vn -0 -0.999999404 -0.00116561493
vn 0.713068604 0.00391551806 0.701083362
vn 0.998337269 0.000505063217 0.0576398075
vn 0.712590456 0.00368342432 0.701570511
vn 0.998375893 0.000520609785 0.0569683574
vn 0.998382568 -8.93060496E-05 -0.0568526089
vn 0.998348951 -0.000112001442 -0.0574401133
vn 0.730102837 -0.00349828415 -0.683328271
vn 0.730553865 -0.00372782629 -0.682844937
vn -0 -0.00545971841 -0.999985099
vn -0.0114175314 -0.00561086088 -0.999919057
vn -0 -0.00545972073 -0.999985099
vn -0.00760412402 -0.00546115218 -0.99995625
vn -0.0233349875 -0.00651313504 -0.999706447
vn -0.0158059765 -0.00687787123 -0.999851465
vn -0 -0.00687454594 -0.999976397
vn -0 -0.00687454687 -0.999976397
vn -0.707107008 0 0.707106471
vn -0.995056391 0 0.0993118137
vn -0.707106471 0 0.707107008
vn -0.995056391 0 0.0993116722
vn -0.995056391 0 -0.0993116945
vn -0.995056391 0 -0.0993118286
vn -0.707106829 0 -0.707106769
vn -0.707107246 0 -0.707106233
vn -0 0 -1
vn -1.93843988E-07 0 -1
vn -2.2066834E-07 0 -1
vn -0 0 -1
vn -0.0619517192 0.738458753 -0.671446741
vn -0 0.707104802 -0.707108736
vn -0 0.707104623 -0.707108855
vn -0.128681526 0.766352296 -0.629400611
vn -0.677562177 0.733459651 -0.0542820469
vn -0.646793425 0.75511235 -0.107068695
vn -0.678680122 0.732654035 0.0511009842
vn -0.649944067 0.753188729 0.101387605
vn -0.132768154 0.771714985 0.621955574
vn -0.0594795085 0.739602923 0.670410097
vn -0 0.707106054 0.707107425
vn -0 0.707106113 0.707107425
vn -0 -0.999999881 0.000603104883
vn -0 -0.999999881 0.000604865316
vn -0 -0.999999881 0.000602508604
vn -0 -0.999999881 0.00060544716
vn -0 1 0
vn -0 1 -2.13288516E-07
vn -0 1 0
vn -0 1 0
vn -0 1 0
vn -0 1 0
vn -0 0 1
vn -0 0 1
vn 1.1033417E-07 0 1
vn -0 0 1
vn -0 1 0
vn -0 1 0
vn -0 1 1.04438442E-07
vn -0 1 -2.08876941E-07
vn -0.000826170901 -0.999999642 -5.79688731E-06
vn -0 -1 0
vn -0 -1 0
vn -0.00115804642 -0.999999404 2.47736125E-06
vn -0.000643554784 -0.999999881 3.60708655E-05
vn -0.000528129516 -0.999999881 1.39325139E-05
vn 2.87573421E-05 -1 3.60846934E-05
vn 0.00013764629 -1 4.78921856E-06
vn -0 -1 0
vn 0.000165530015 -1 -0.00016333544
vn -0 0.534891188 -0.844920933
vn -0 0.0959610045 -0.99538511
vn -0 0.534888148 -0.84492296
vn -0 0.095961161 -0.99538511
vn -0 -0.00054643926 -0.999999881
vn -0 -0.000546439376 -0.999999881
vn 0.0812003165 0.00656522904 0.996676207
vn -0 0.00660851831 0.999978185
vn -0 0.00660851784 0.999978185
vn 0.124521762 0.00619978504 0.992197454
vn 0.0623048022 0.00536626065 0.998042703
vn 0.0456584096 0.00523489667 0.998943388
vn -8.29519479E-07 0.00524994871 0.999986291
vn -8.29460987E-07 0.00524994824 0.999986291
vn 0.186646312 -0.0137086287 -0.982331514
vn -0 0 -1
vn -0 0 -1
vn 0.207441553 -0.0152359903 -0.978128731
vn 0.992615819 -0.0729047656 -0.0969474167
vn 0.993141592 -0.0729433969 -0.0913734287
vn 0.993141592 -0.0729434341 0.0913733318
vn 0.992615819 -0.072904788 0.0969473347
vn 0.207441613 -0.0152360508 0.978128731
vn 0.186646372 -0.0137086287 0.982331514
vn 1.1346814E-07 0 1
vn 2.00299795E-07 0 1
vn 5.2845553E-05 -0.880400836 -0.474230349
vn 0.20048289 -0.790402472 -0.578852713
vn -0 -0.712073982 -0.702104509
vn 0.0789354369 -0.911366165 -0.403956592
vn 1.70252988E-05 -1 -6.175827E-05
vn 0.000165699952 -0.999999881 -0.000599976571
vn -6.67986797E-07 -1 0
vn 0.446095467 -0.894438922 -0.031270057
vn 0.648759067 -0.754961193 -0.0956305861
vn -6.69702331E-07 -1 0
vn 0.64460361 -0.757626235 0.102414593
vn 0.422487557 -0.905793965 0.0322734118
vn 0.0799348801 -0.908995032 0.409070075
vn -0 -1 2.32280286E-07
vn 0.200483158 -0.790402353 0.578852832
vn -0 -0.883770466 0.467920601
vn -0 -1 1.16553042E-06
vn -1.2112703E-07 -0.712073982 0.702104509
vn -0 0.104317419 0.994544029
vn 2.28337001E-07 0.0185359176 0.999828219
vn 2.18994572E-07 0.0185359139 0.999828219
vn -0 0.104317389 0.994544029
vn -0 0.470083296 0.882622004
vn -0 0.470081955 0.882622719
vn -0.627113342 -0.776230931 0.0647641718
vn -0.949054599 -0.303001642 -0.0865178257
vn -0.626995027 -0.776345491 0.0645361841
vn -0.643744469 -0.765204132 0.00745531311
vn -0.985186756 -0.11230725 -0.129591912
vn -0.992148221 0.00676384475 -0.124884643
vn -0.979896665 0.177157313 -0.0917488709
vn -0.784373462 0.620286405 -0.001810021
vn -0.773289919 0.634049535 0.00198307331
vn -0.773662567 0.633595824 -0.00163767382
vn -0.785978436 0.618248641 0.00254229596
vn -0.972584903 0.207467541 0.105051406
vn -0.987394691 0.00651595369 0.158143222
vn -0.977342725 -0.118446313 0.175418794
vn -0.933629394 -0.332639813 0.132991582
vn -0.646452904 -0.762765527 0.0169545617
vn -0.644785106 -0.764246583 -0.0133937253
vn -0.644617021 -0.764392197 -0.0131709389
vn -0 -0.999999404 -0.00116560981
vn -0 -0.999999404 -0.00116559665
vn -0 -0.999999404 -0.00116561493
vn -0 -0.999999404 -0.00116559234
vn -0.998337269 0.000505564036 0.0576399267
vn -0.713068962 0.00391551573 0.701082945
vn -0.712590456 0.00368342432 0.701570511
vn -0.998375893 0.000521110895 0.0569684654
vn -0.998382568 -8.88063514E-05 -0.0568524823
vn -0.998348951 -0.000111502166 -0.0574399941
vn -0.730102837 -0.00349828438 -0.683328331
vn -0.730553865 -0.00372782629 -0.682844937
vn 0.0114174224 -0.00561086135 -0.999919057
vn -1.1788326E-07 -0.00545971794 -0.999985099
vn -2.02566042E-07 -0.00545972027 -0.999985099
vn 0.00760402204 -0.00546115404 -0.99995625
vn 0.0233347081 -0.00651313923 -0.999706447
vn 0.015805969 -0.00687787076 -0.999851465
vn -0 -0.00687454594 -0.999976397
vn -0 -0.00687454687 -0.999976397
vn 0.995056391 0 0.0993116796
vn 0.707106829 0 0.70710665
vn 0.707106471 0 0.707107008
vn 0.995056391 0 0.0993115082
vn 0.995056391 0 -0.0993118361
vn 0.995056391 0 -0.0993119702
vn 0.707106829 0 -0.707106769
vn 0.707107246 0 -0.707106233
vn -0 0 -1
vn -0 0 -1
vn -0 0 -1
vn -0 0 -1
vn -0 0.707104802 -0.707108736
vn 0.0619516037 0.738458753 -0.671446681
vn -0 0.707104623 -0.707108855
vn 0.128681496 0.766352415 -0.629400492
vn 0.677563012 0.733458817 -0.0542818047
vn 0.646793902 0.755111933 -0.107068323
vn 0.678678632 0.732655406 0.0511007532
vn 0.649942636 0.753190041 0.101387359
vn 0.132768348 0.771715105 0.621955335
vn 0.0594796427 0.739603043 0.670409977
vn -0 0.707106054 0.707107425
vn -0 0.707106113 0.707107425
vn -0 -0.999999881 0.000603104883
vn -0 -0.999999881 0.000604865316
vn -0 -0.999999881 0.000605447276
vn -0 -0.999999881 0.000602508604
vn -0 1 1.06228129E-07
vn -0 1 2.13288416E-07
vn -0 1 0
vn -0 1 0
vn -0 1 0
vn -0 1 0
vn -0 0 1
vn -0 0 1
vn -0 0 1
vn 1.1033417E-07 0 1
vn -0 0 1
vn -0 0 1
vn -1.64332718E-07 0 1
vn 1.18100203E-07 0 1
vn -0 0 -1
vn -0 0 -1
vn -0 0 -1
vn -0 0 -1
vn 0.00819932204 -0.999966383 0
vn 0.00819932204 -0.999966383 0
vn 0.00819932111 -0.999966383 0
vn 0.00819932111 -0.999966383 0
vn -0.555447936 0.831551313 0
vn -0.555447638 0.831551552 0
vn -0.555448055 0.831551194 0
vn -0.5554474 0.831551611 0
vn -0.998151243 -0.0607789941 0
vn -0.998151243 -0.0607789941 0
vn -0.998151243 -0.0607789978 1.32187523E-07
vn -0.998151243 -0.0607789978 0
vn 0.000205755525 0.0234601423 0.999724686
vn -0.000136423114 0.023414962 0.999725759
vn 3.05629546E-05 0.0234023463 0.999726117
vn -1.40309839E-05 0.0234391075 0.999725282
vn 5.76188104E-05 0.0235147644 0.999723494
vn 0.00023786271 0.023101965 0.999733031
vn -0.00279148831 0.0243090931 0.999700665
vn 1.35320306E-05 0.0235021114 -0.999723732
vn 9.88170214E-05 0.0233877245 -0.999726474
vn -0.00375512778 0.024289526 -0.999697924
vn -2.71859935E-05 0.0234625228 -0.999724686
vn -3.65752676E-05 0.0235359371 -0.999723017
vn -0.000216879605 0.0232190099 -0.999730408
vn -0.00278871646 0.0243084021 -0.999700665
vn -0.0890132859 -0.99603039 0
vn -0.680594206 -0.732660532 0
vn -0.680592179 -0.732662499 0
vn -0.0892415345 -0.996009946 0
vn 0.0145598939 -0.999894023 0
vn 0.0143068079 -0.999897718 0
vn 0.491770625 -0.870724916 0
vn 0.491769195 -0.870725632 0
vn 0.980999112 -0.19401224 -4.90103616E-07
vn 0.980999112 -0.194012448 0
vn 0.980999112 -0.194012463 0
vn 0.980999112 -0.194012165 -6.26236329E-07
vn 0.511952102 0.859014034 -2.76433582E-07
vn 0.802785158 0.596268356 -5.82379357E-07
vn 0.80278492 0.596268654 -5.73273383E-07
vn 0.508609414 0.860997379 -2.77606972E-07
vn 0.218547463 0.975826323 0
vn 0.21854721 0.975826323 0
vn -0.955698609 0.294347048 0
vn -0.955698669 0.294346929 5.80178607E-07
vn -0.955698669 0.294346899 7.12769918E-07
vn -0.955698609 0.294347078 0
vn 0.000205534307 0.023460092 -0.999724686
vn 5.76279017E-05 0.0235147327 -0.999723494
vn 0.000237865388 0.0230989512 -0.99973315
vn -1.48528443E-05 0.0234390292 -0.999725282
vn -0.00278871623 0.024309095 -0.999700665
vn -0.000137479059 0.023414867 -0.999725759
vn 3.05629619E-05 0.0234023016 -0.999726117
vn 1.39123549E-05 0.0235020798 0.999723732
vn -3.61133352E-05 0.023535911 0.999723017
vn -0.000217382578 0.0232181679 0.999730408
vn -2.72647485E-05 0.0234625004 0.999724686
vn -0.00279148831 0.0243084002 0.999700665
vn 9.8816854E-05 0.0233876798 0.999726474
vn -0.00375512266 0.0242891032 0.999697924
vn -0.680595279 -0.732659578 0
vn -0.0890131965 -0.99603039 0
vn -0.680593073 -0.732661486 0
vn -0.0892414451 -0.996010065 0
vn 0.0145598277 -0.999894023 0
vn 0.0143067967 -0.999897718 0
vn 0.491768926 -0.870725691 0
vn 0.491767615 -0.870726526 0
vn 0.980999112 -0.194011807 0
vn 0.980999112 -0.194012195 0
vn 0.980999112 -0.194011718 0
vn 0.980999112 -0.194012269 0
vn 0.802785158 0.596268356 0
vn 0.511952162 0.859014034 0
vn 0.802786171 0.596267045 0
vn 0.508608997 0.860997677 0
vn 0.218547195 0.975826323 0
vn 0.218547165 0.975826323 0
vn -0.955698609 0.294347078 0
vn -0.955698609 0.294346958 0
vn -0.955698609 0.294347078 0
vn -0.955698669 0.294346899 0
vn -0 0 1
vn -0 0 1
vn -0 0 1
vn -0 0 1
vn -0 0 -1
vn -0 0 -1
vn -0 0 -1
vn -0 0 -1
vn -0.00819932017 -0.999966383 0
vn -0.00819932017 -0.999966383 0
vn -0.00819932111 -0.999966383 0
vn -0.00819932111 -0.999966383 0
vn 0.555447638 0.831551552 0
vn 0.555447876 0.831551373 0
vn 0.555448055 0.831551194 0
vn 0.55544734 0.831551611 0
vn 0.998151243 -0.0607790016 0
vn 0.998151243 -0.0607790016 0
vn 0.998151243 -0.0607790127 0
vn 0.998151243 -0.0607790016 -1.46875038E-07
vn -0.000205762539 0.0234601405 0.999724686
vn -5.7816098E-05 0.0235147681 0.999723494
vn -0.00023802575 0.0231019706 0.999733031
vn 1.40092106E-05 0.0234390441 0.999725282
vn 0.00278872042 0.0243091304 0.999700665
vn 0.000136716306 0.0234148689 0.999725759
vn -2.89109139E-05 0.0234022997 0.999726117
vn -1.39583299E-05 0.0235021394 -0.999723732
vn 3.61181992E-05 0.0235359799 -0.999723017
vn 0.000217382578 0.0232190508 -0.999730408
vn 2.72786765E-05 0.0234625433 -0.999724686
vn 0.00279426039 0.0243087485 -0.999700665
vn -9.90627595E-05 0.0233876929 -0.999726474
vn 0.00375512219 0.0242892988 -0.999697924
vn 0.680589855 -0.732664585 0
vn 0.0890128836 -0.996030509 0
vn 0.680592 -0.732662678 0
vn 0.0892411098 -0.996010065 0
vn -0.0145602114 -0.999894023 0
vn -0.0143070836 -0.999897718 0
vn -0.491770715 -0.870724738 0
vn -0.491772264 -0.870723903 0
vn -0.980999112 -0.194012195 4.9010373E-07
vn -0.980999112 -0.194012076 0
vn -0.980999112 -0.19401224 6.26236385E-07
vn -0.980999112 -0.194012046 0
vn -0.802784622 0.596269131 5.82378789E-07
vn -0.511952102 0.859014034 2.76433497E-07
vn -0.802785099 0.596268594 5.73273326E-07
vn -0.508609354 0.860997379 2.77607057E-07
vn -0.218547523 0.975826323 0
vn -0.218547508 0.975826323 0
vn 0.955698609 0.294347286 0
vn 0.955698669 0.29434666 -5.80178551E-07
vn 0.95569849 0.294347346 0
vn 0.955698788 0.294346601 -7.12770088E-07
vn -0.000205302626 0.0234601106 -0.999724686
vn 0.000136628558 0.0234149024 -0.999725759
vn -3.13889868E-05 0.0234022494 -0.999726117
vn 1.44746782E-05 0.0234390702 -0.999725282
vn -5.73249963E-05 0.0235147458 -0.999723494
vn -0.000237864879 0.0230988804 -0.99973315
vn 0.00278870831 0.0243090279 -0.999700665
vn -1.37362767E-05 0.0235020034 0.999723732
vn -9.89320615E-05 0.0233877376 0.999726474
vn 0.003752016 0.0242887121 0.999697924
vn 2.71292229E-05 0.0234625228 0.999724686
vn 3.6331352E-05 0.0235358011 0.999723017
vn 0.000216376415 0.023218194 0.999730408
vn 0.00278870831 0.0243083313 0.999700665
vn 0.0890129805 -0.996030509 0
vn 0.680590868 -0.732663691 0
vn 0.680593073 -0.732661486 0
vn 0.089241229 -0.996010065 0
vn -0.0145602962 -0.999894023 0
vn -0.0143070836 -0.999897718 0
vn -0.491769075 -0.870725691 0
vn -0.491767704 -0.870726407 0
vn -0.980999112 -0.194012165 0
vn -0.980999112 -0.194011912 0
vn -0.980999112 -0.194011807 0
vn -0.980999112 -0.19401224 0
vn -0.511951923 0.859014034 0
vn -0.802785337 0.596268296 0
vn -0.802784801 0.596268952 0
vn -0.508609414 0.860997379 0
vn -0.218547359 0.975826323 0
vn -0.218547598 0.975826204 0
vn 0.95569849 0.294347346 0
vn 0.955698609 0.294346958 0
vn 0.955698669 0.294346929 0
vn 0.95569849 0.294347435 0
vn 0.707107067 0.707106411 0
vn 0.0960558653 0.904743195 0.414985418
vn 0.110120922 0.99391818 0
vn 0.160139903 0.773442984 0.613303423
vn -0 1 1.66865448E-07
vn -0.203184679 0.786455154 0.583270371
vn -0.0793815181 0.910173357 0.406550229
vn -0 1 0
vn -0.413937032 0.909773052 0.0311290566
vn -0.650633812 0.752524734 0.101892591
vn -0.646744847 0.754986763 -0.108240724
vn -0.408082694 0.912344217 -0.0331160575
vn -0 1 0
vn -0.2031845 0.786455512 -0.583270013
vn -0 1 0
vn -0.0759865791 0.918029428 -0.389163077
vn 0.0961984992 0.909400165 -0.404644608
vn 0.162005991 0.774050653 -0.612045527
vn 0.107215427 0.994235814 0
vn 0.70710665 0.707106829 0
vn -0.0960558355 0.904743671 0.414984494
vn -0.707106888 0.70710659 0
vn -0.110120654 0.99391818 0
vn -0.160140082 0.773443818 0.61330241
vn -0 1 8.02930572E-07
vn 0.203184411 0.786454976 0.583270729
vn 0.0793815851 0.91017276 0.406551421
vn -0 1 0
vn 0.413937241 0.909773052 0.0311289765
vn 0.650633574 0.752525091 0.101892196
vn 0.646744967 0.754986763 -0.108240701
vn 0.408082694 0.912344217 -0.0331160426
vn -0 1 0
vn 0.203184277 0.786455035 -0.583270669
vn -0 1 -6.20102298E-07
vn 0.0759865865 0.918028951 -0.389164329
vn -0.0961984545 0.909400463 -0.404643744
vn -0.162006021 0.774051607 -0.612044215
vn -0.1072153 0.994235814 0
vn -0.707106769 0.707106769 0
vn -0.000125043167 0.095602043 0.995419621
vn -4.71613203E-05 0.00061938836 0.999999881
vn -0.162458122 0.201770395 0.965865433
vn 0.162553266 0.201806739 0.965841889
vn -0.110822089 0.0677323267 0.991529584
vn 0.110655226 0.0679383352 0.991534054
vn -0.270599842 0.111634411 0.956197381
vn 0.270749331 0.111660689 0.956152081
vn -0.126489073 0.00272885454 0.991964221
vn 0.126520008 0.00273054349 0.991960347
vn -0.270759821 -0.113014206 0.955990016
vn 0.270908803 -0.113041408 0.955944598
vn -0.11585366 -0.0631812811 0.991254687
vn 0.115689166 -0.0633883253 0.991260827
vn -0.163523942 -0.202736899 0.965483129
vn 0.163620576 -0.202773765 0.965459049
vn -0.000124047874 -0.0956109539 0.995418787
vn -0 0.707106471 0.707107067
vn -0.0506860279 0.942540109 0.330225945
vn -0 0.99866724 0.0516113304
vn -0.174933001 0.778154612 0.603219569
vn -0.114938766 0.993339837 0.00806850288
vn -0.654120207 0.7502563 0.09613657
vn -0.649977565 0.752945542 -0.102966309
vn -0.00954860728 0.99801743 -0.0622103885
vn -0 0.998640954 -0.0521168113
vn -0 0.707108259 -0.707105279
vn -0.174933001 0.778155267 -0.603218794
vn -0.284746319 0.958355367 -0.0217820797
vn -0 0.707106471 0.707107067
vn 0.0506860614 0.942540228 0.330225408
vn 0.174933061 0.77815479 0.60321939
vn -0 0.99866724 0.0516114496
vn 0.114938743 0.993339837 0.00806855597
vn 0.654119432 0.750257015 0.0961363018
vn 0.649976969 0.752946138 -0.102966234
vn 0.00954861008 0.99801743 -0.0622103587
vn -0 0.998640954 -0.0521168783
vn -0 0.707106352 -0.707107127
vn 0.174932986 0.778155148 -0.603218853
vn 0.28474623 0.958355486 -0.0217821077
vn -0.135446891 1.17169452E-06 0.990784645
vn -2.94544691E-07 -0.651393712 0.758739829
vn -0.462884068 -8.80911757E-05 0.886418879
vn -0 0.652889132 0.757453561
vn -0 -0.101814307 0.994803369
vn -0 0.101830587 0.99480176
vn 0.135446727 1.07520259E-06 0.990784645
vn 0.462883919 -8.84922338E-05 0.886418879
vn -0.135445252 9.64924311E-07 0.990784883
vn -0 -0.651391566 0.758741796
vn -0.462881416 -8.88930299E-05 0.88642019
vn -3.42181266E-07 0.652891636 0.757451355
vn 2.87706456E-07 -0.101814181 0.994803369
vn 2.85669842E-07 0.101830766 0.99480176
vn 0.135444745 8.13293468E-07 0.990784883
vn 0.462879002 -8.93745892E-05 0.886421502
vn -0 -0.651393592 0.758739889
vn 0.135446712 1.17858758E-06 0.990784645
vn 0.462884009 -8.81314845E-05 0.886418879
vn -1.29792454E-07 0.652888954 0.75745362
vn -0 -0.101814285 0.994803369
vn -0 0.10183055 0.99480176
vn -0.135446817 1.06507935E-06 0.990784645
vn -0.462884009 -8.84520705E-05 0.886418879
vn 6.24432096E-06 -0.651391864 0.758741558
vn 0.135446668 9.05693128E-07 0.990784645
vn 0.462881058 -8.90533775E-05 0.886420369
vn 3.43361557E-06 0.652891934 0.757451117
vn 1.03222908E-06 -0.101814233 0.994803369
vn 5.14205624E-07 0.101830646 0.99480176
vn -0.135445639 9.51354991E-07 0.990784764
vn -0.462879062 -8.88131908E-05 0.886421502
vn 0.0334021077 -0.0129068969 0.999358714
vn 0.0357956663 0.000545236224 0.999358952
vn 0.033280801 -0.013198494 0.999358952
vn 0.0357954875 0.000862595858 0.999358714
vn 0.0259251166 -0.0247005597 0.999358714
vn 0.0328628384 0.0142028155 0.999358952
vn 0.0257000793 -0.024925191 0.999358952
vn 0.0327415466 0.0144954445 0.999358714
vn 0.0144930007 -0.0327423662 0.999358714
vn 0.0249280669 0.025693804 0.999359071
vn 0.0142006809 -0.0328635164 0.999358952
vn 0.0247054808 0.0259167422 0.999358833
vn 0.000861334905 -0.035799399 0.999358594
vn 0.0131920343 0.033277452 0.999359071
vn 0.000544451526 -0.0357994065 0.999358833
vn 0.0128983529 0.0333991051 0.999358833
vn -0.0128990952 -0.0334026776 0.999358714
vn -0.000544565613 0.0357953496 0.999358952
vn -0.0131933521 -0.0332808383 0.999358952
vn -0.000861023553 0.0357953683 0.999358833
vn -0.0247068517 -0.0259192958 0.999358714
vn -0.0141992969 0.0328602195 0.999359071
vn -0.0249300115 -0.0256956946 0.999358952
vn -0.0144917145 0.032738965 0.999358833
vn -0.0327423289 -0.0144982515 0.999358714
vn -0.0256980527 0.0249236953 0.999359071
vn -0.0328638889 -0.0142045515 0.999358952
vn -0.0259233657 0.0246983934 0.999358833
vn -0.035795439 -0.000862568268 0.999358833
vn -0.0332794748 0.0131964153 0.999358952
vn -0.0357953161 -0.000545080111 0.999358952
vn -0.0334010385 0.0129031334 0.999358714
vn 0.845049322 -0.490063816 0.213843465
vn 1 0 0
vn 0.865886867 -0.500239968 0
vn 0.976895571 -0.00160304399 0.213711113
vn 0.865967214 0.500100672 0
vn 0.486877412 -0.846879065 0.213883758
vn 0.499861449 -0.866105378 0
vn 0.846755087 0.487110883 0.213842899
vn 0.499860883 0.866105735 -8.24606559E-07
vn -0.00160510454 -0.97689724 0.21370317
vn -0 -1 0
vn 0.489695936 0.845251143 0.213888764
vn -0 1 -6.97529913E-07
vn -0.489695966 -0.845251083 0.213889226
vn -0.499860823 -0.866105735 0
vn 0.00160513213 0.976896822 0.213705629
vn -0.499861449 0.866105437 -6.97336304E-07
vn -0.846676052 -0.487245232 0.213849843
vn -0.865886569 -0.500240207 0
vn -0.48687765 0.846879303 0.213882029
vn -0.865966797 0.500101626 0
vn -0.976895094 0.00160687731 0.213713259
vn -1 0 0
vn -0.845128 0.489929497 0.213840365
vn -0.00298778503 -0.295373529 0.955377162
vn -0.15023683 -0.254213572 0.955407977
vn -0.257220954 -0.145153388 0.955388904
vn -0.295357525 0.00298406207 0.955382049
vn -0.254237175 0.150365129 0.955381513
vn -0.14497298 0.257211983 0.955418646
vn 0.144972101 -0.257210672 0.955419183
vn 0.00298785744 0.295372099 0.955377579
vn 0.254203409 -0.150405988 0.955384016
vn 0.150237337 0.254214495 0.955407619
vn 0.295349866 -0.002989867 0.955384433
vn 0.257256001 0.145113811 0.955385447
vn -1.11482713E-07 0 1
vn -2.78986818E-07 0 1
vn -2.00546651E-06 0 1
vn 2.56368367E-06 0 1
vn 4.45427133E-07 0 1
vn 1.11474878E-06 0 1
vn 8.92375908E-07 0 1
vn 2.00546697E-06 0 1
vn -0 0 1
vn 1.11482308E-07 0 1
vn -1.00279192E-06 0 1
vn 2.78987642E-07 0 1
g O_env_baoxiang_05_a_0
f 3/3/3 2/2/2 1/1/1
f 4/4/4 1/1/1 2/2/2
f 2/2/2 5/5/5 4/4/4
f 6/6/6 4/4/4 5/5/5
f 6/6/6 5/5/5 7/7/7
f 8/8/8 7/7/7 5/5/5
f 7/7/7 8/8/8 9/9/9
f 10/10/10 9/9/9 8/8/8
f 9/9/9 10/10/10 11/11/11
f 12/12/12 11/11/11 10/10/10
f 15/15/15 14/14/14 13/13/13
f 16/16/16 13/13/13 14/14/14
f 19/19/19 18/18/18 17/17/17
f 20/20/20 17/17/17 18/18/18
f 23/23/23 22/22/22 21/21/21
f 24/24/24 21/21/21 22/22/22
f 27/27/27 26/26/26 25/25/25
f 28/28/28 25/25/25 26/26/26
f 31/31/31 30/30/30 29/29/29
f 32/32/32 29/29/29 30/30/30
f 35/35/35 34/34/34 33/33/33
f 36/36/36 33/33/33 34/34/34
f 39/39/39 38/38/38 37/37/37
f 40/40/40 37/37/37 38/38/38
f 43/43/43 42/42/42 41/41/41
f 44/44/44 41/41/41 42/42/42
f 47/47/47 46/46/46 45/45/45
f 48/48/48 45/45/45 46/46/46
f 51/51/51 50/50/50 49/49/49
f 52/52/52 49/49/49 50/50/50
f 55/55/55 54/54/54 53/53/53
f 56/56/56 53/53/53 54/54/54
f 53/53/53 56/56/56 57/57/57
f 58/58/58 57/57/57 56/56/56
f 58/58/58 59/59/59 57/57/57
f 60/60/60 57/57/57 59/59/59
f 59/59/59 61/61/61 60/60/60
f 62/62/62 60/60/60 61/61/61
f 61/61/61 63/63/63 62/62/62
f 64/64/64 62/62/62 63/63/63
f 67/67/67 66/66/66 65/65/65
f 68/68/68 65/65/65 66/66/66
f 71/71/71 70/70/70 69/69/69
f 72/72/72 69/69/69 70/70/70
f 75/75/75 74/74/74 73/73/73
f 76/76/76 73/73/73 74/74/74
f 79/79/79 78/78/78 77/77/77
f 80/80/80 77/77/77 78/78/78
f 83/83/83 82/82/82 81/81/81
f 84/84/84 81/81/81 82/82/82
f 87/87/87 86/86/86 85/85/85
f 88/88/88 85/85/85 86/86/86
f 91/91/91 90/90/90 89/89/89
f 92/92/92 89/89/89 90/90/90
f 95/95/95 94/94/94 93/93/93
f 96/96/96 93/93/93 94/94/94
f 99/99/99 98/98/98 97/97/97
f 100/100/100 97/97/97 98/98/98
f 103/103/103 102/102/102 101/101/101
f 104/104/104 101/101/101 102/102/102
f 107/107/107 106/106/106 105/105/105
f 108/108/108 105/105/105 106/106/106
f 106/106/106 109/109/109 108/108/108
f 110/110/110 108/108/108 109/109/109
f 109/109/109 111/111/111 110/110/110
f 112/112/112 110/110/110 111/111/111
f 115/115/115 114/114/114 113/113/113
f 116/116/116 113/113/113 114/114/114
f 119/119/119 118/118/118 117/117/117
f 120/120/120 117/117/117 118/118/118
f 123/123/123 122/122/122 121/121/121
f 124/124/124 121/121/121 122/122/122
f 127/127/127 126/126/126 125/125/125
f 128/128/128 125/125/125 126/126/126
f 131/131/131 130/130/130 129/129/129
f 132/132/132 129/129/129 130/130/130
f 135/135/135 134/134/134 133/133/133
f 136/136/136 133/133/133 134/134/134
f 139/139/139 138/138/138 137/137/137
f 140/140/140 137/137/137 138/138/138
f 143/143/143 142/142/142 141/141/141
f 144/144/144 141/141/141 142/142/142
f 142/142/142 145/145/145 144/144/144
f 146/146/146 144/144/144 145/145/145
f 145/145/145 147/147/147 146/146/146
f 148/148/148 146/146/146 147/147/147
f 151/151/151 150/150/150 149/149/149
f 152/152/152 149/149/149 150/150/150
f 155/155/155 154/154/154 153/153/153
f 156/156/156 153/153/153 154/154/154
f 156/156/156 157/157/157 153/153/153
f 158/158/158 153/153/153 157/157/157
f 161/161/161 160/160/160 159/159/159
f 162/162/162 159/159/159 160/160/160
f 165/165/165 164/164/164 163/163/163
f 166/166/166 163/163/163 164/164/164
f 169/169/169 168/168/168 167/167/167
f 170/170/170 167/167/167 168/168/168
f 173/173/173 172/172/172 171/171/171
f 174/174/174 171/171/171 172/172/172
f 177/177/177 176/176/176 175/175/175
f 178/178/178 175/175/175 176/176/176
f 181/181/181 180/180/180 179/179/179
f 182/182/182 179/179/179 180/180/180
f 185/185/185 184/184/184 183/183/183
f 186/186/186 183/183/183 184/184/184
f 189/189/189 188/188/188 187/187/187
f 190/190/190 187/187/187 188/188/188
f 193/193/193 192/192/192 191/191/191
f 194/194/194 191/191/191 192/192/192
f 197/197/197 196/196/196 195/195/195
f 198/198/198 195/195/195 196/196/196
f 201/201/201 200/200/200 199/199/199
f 202/202/202 199/199/199 200/200/200
f 205/205/205 204/204/204 203/203/203
f 206/206/206 203/203/203 204/204/204
f 209/209/209 208/208/208 207/207/207
f 210/210/210 207/207/207 208/208/208
f 213/213/213 212/212/212 211/211/211
f 214/214/214 211/211/211 212/212/212
f 212/212/212 215/215/215 214/214/214
f 214/214/214 216/216/216 211/211/211
f 217/217/217 211/211/211 216/216/216
f 216/216/216 214/214/214 218/218/218
f 219/219/219 214/214/214 215/215/215
f 219/219/219 218/218/218 214/214/214
f 215/215/215 220/220/220 219/219/219
f 218/218/218 219/219/219 221/221/221
f 222/222/222 219/219/219 220/220/220
f 222/222/222 221/221/221 219/219/219
f 220/220/220 223/223/223 222/222/222
f 221/221/221 222/222/222 224/224/224
f 225/225/225 222/222/222 223/223/223
f 225/225/225 224/224/224 222/222/222
f 223/223/223 226/226/226 225/225/225
f 224/224/224 225/225/225 227/227/227
f 228/228/228 225/225/225 226/226/226
f 228/228/228 227/227/227 225/225/225
f 226/226/226 229/229/229 228/228/228
f 227/227/227 228/228/228 230/230/230
f 231/231/231 228/228/228 229/229/229
f 231/231/231 230/230/230 228/228/228
f 229/229/229 232/232/232 231/231/231
f 230/230/230 231/231/231 233/233/233
f 234/234/234 231/231/231 232/232/232
f 234/234/234 233/233/233 231/231/231
f 232/232/232 235/235/235 234/234/234
f 233/233/233 234/234/234 236/236/236
f 237/237/237 234/234/234 235/235/235
f 237/237/237 236/236/236 234/234/234
f 235/235/235 238/238/238 237/237/237
f 236/236/236 237/237/237 239/239/239
f 240/240/240 237/237/237 238/238/238
f 240/240/240 239/239/239 237/237/237
f 238/238/238 241/241/241 240/240/240
f 239/239/239 240/240/240 242/242/242
f 243/243/243 240/240/240 241/241/241
f 243/243/243 242/242/242 240/240/240
f 241/241/241 244/244/244 243/243/243
f 242/242/242 243/243/243 245/245/245
f 246/246/246 243/243/243 244/244/244
f 246/246/246 245/245/245 243/243/243
f 244/244/244 247/247/247 246/246/246
f 245/245/245 246/246/246 248/248/248
f 249/249/249 246/246/246 247/247/247
f 249/249/249 248/248/248 246/246/246
f 247/247/247 250/250/250 249/249/249
f 248/248/248 249/249/249 251/251/251
f 252/252/252 249/249/249 250/250/250
f 252/252/252 251/251/251 249/249/249
f 250/250/250 253/253/253 252/252/252
f 251/251/251 252/252/252 254/254/254
f 255/255/255 252/252/252 253/253/253
f 255/255/255 254/254/254 252/252/252
f 253/253/253 256/256/256 255/255/255
f 254/254/254 255/255/255 257/257/257
f 258/258/258 255/255/255 256/256/256
f 258/258/258 257/257/257 255/255/255
f 256/256/256 259/259/259 258/258/258
f 257/257/257 258/258/258 260/260/260
f 261/261/261 258/258/258 259/259/259
f 261/261/261 260/260/260 258/258/258
f 264/264/264 263/263/263 262/262/262
f 265/265/265 262/262/262 263/263/263
f 268/268/268 267/267/267 266/266/266
f 269/269/269 266/266/266 267/267/267
f 272/272/272 271/271/271 270/270/270
f 273/273/273 270/270/270 271/271/271
f 276/276/276 275/275/275 274/274/274
f 277/277/277 274/274/274 275/275/275
f 280/280/280 279/279/279 278/278/278
f 281/281/281 278/278/278 279/279/279
f 284/284/284 283/283/283 282/282/282
f 285/285/285 282/282/282 283/283/283
f 288/288/288 287/287/287 286/286/286
f 289/289/289 286/286/286 287/287/287
f 292/292/292 291/291/291 290/290/290
f 293/293/293 290/290/290 291/291/291
f 296/296/296 295/295/295 294/294/294
f 297/297/297 294/294/294 295/295/295
f 300/300/300 299/299/299 298/298/298
f 301/301/301 298/298/298 299/299/299
f 304/304/304 303/303/303 302/302/302
f 305/305/305 302/302/302 303/303/303
f 308/308/308 307/307/307 306/306/306
f 309/309/309 306/306/306 307/307/307
f 312/312/312 311/311/311 310/310/310
f 313/313/313 310/310/310 311/311/311
f 316/316/316 315/315/315 314/314/314
f 317/317/317 314/314/314 315/315/315
f 320/320/320 319/319/319 318/318/318
f 321/321/321 318/318/318 319/319/319
f 324/324/324 323/323/323 322/322/322
f 325/325/325 322/322/322 323/323/323
f 328/328/328 327/327/327 326/326/326
f 329/329/329 326/326/326 327/327/327
f 329/329/329 330/330/330 326/326/326
f 331/331/331 326/326/326 330/330/330
f 330/330/330 332/332/332 331/331/331
f 333/333/333 331/331/331 332/332/332
f 332/332/332 334/334/334 333/333/333
f 335/335/335 333/333/333 334/334/334
f 334/334/334 336/336/336 335/335/335
f 337/337/337 335/335/335 336/336/336
f 336/336/336 338/338/338 337/337/337
f 339/339/339 337/337/337 338/338/338
f 338/338/338 340/340/340 339/339/339
f 341/341/341 339/339/339 340/340/340
f 344/344/344 343/343/343 342/342/342
f 345/345/345 342/342/342 343/343/343
f 348/348/348 347/347/347 346/346/346
f 349/349/349 346/346/346 347/347/347
f 347/347/347 350/350/350 349/349/349
f 351/351/351 349/349/349 350/350/350
f 350/350/350 352/352/352 351/351/351
f 353/353/353 351/351/351 352/352/352
f 352/352/352 354/354/354 353/353/353
f 355/355/355 353/353/353 354/354/354
f 354/354/354 356/356/356 355/355/355
f 357/357/357 355/355/355 356/356/356
f 356/356/356 358/358/358 357/357/357
f 359/359/359 357/357/357 358/358/358
f 358/358/358 360/360/360 359/359/359
f 361/361/361 359/359/359 360/360/360
f 360/360/360 362/362/362 361/361/361
f 363/363/363 361/361/361 362/362/362
f 362/362/362 364/364/364 363/363/363
f 365/365/365 363/363/363 364/364/364
f 364/364/364 366/366/366 365/365/365
f 367/367/367 365/365/365 366/366/366
f 366/366/366 368/368/368 367/367/367
f 369/369/369 367/367/367 368/368/368
f 368/368/368 370/370/370 369/369/369
f 371/371/371 369/369/369 370/370/370
f 370/370/370 372/372/372 371/371/371
f 373/373/373 371/371/371 372/372/372
f 372/372/372 374/374/374 373/373/373
f 375/375/375 373/373/373 374/374/374
f 374/374/374 376/376/376 375/375/375
f 377/377/377 375/375/375 376/376/376
f 380/380/380 379/379/379 378/378/378
f 381/381/381 378/378/378 379/379/379
f 384/384/384 383/383/383 382/382/382
f 385/385/385 382/382/382 383/383/383
f 383/383/383 386/386/386 385/385/385
f 387/387/387 385/385/385 386/386/386
f 386/386/386 388/388/388 387/387/387
f 387/387/387 388/388/388 389/389/389
f 390/390/390 387/387/387 389/389/389
f 388/388/388 391/391/391 389/389/389
f 394/394/394 393/393/393 392/392/392
f 395/395/395 392/392/392 393/393/393
f 395/395/395 396/396/396 392/392/392
f 397/397/397 392/392/392 396/396/396
f 400/400/400 399/399/399 398/398/398
f 401/401/401 398/398/398 399/399/399
f 399/399/399 402/402/402 401/401/401
f 403/403/403 401/401/401 402/402/402
f 402/402/402 404/404/404 403/403/403
f 405/405/405 403/403/403 404/404/404
f 408/408/408 407/407/407 406/406/406
f 409/409/409 406/406/406 407/407/407
f 407/407/407 410/410/410 409/409/409
f 411/411/411 409/409/409 410/410/410
f 411/411/411 410/410/410 412/412/412
f 413/413/413 412/412/412 410/410/410
f 412/412/412 413/413/413 414/414/414
f 415/415/415 414/414/414 413/413/413
f 414/414/414 415/415/415 416/416/416
f 417/417/417 416/416/416 415/415/415
f 420/420/420 419/419/419 418/418/418
f 421/421/421 418/418/418 419/419/419
f 421/421/421 419/419/419 422/422/422
f 423/423/423 422/422/422 419/419/419
f 422/422/422 424/424/424 421/421/421
f 421/421/421 425/425/425 418/418/418
f 425/425/425 421/421/421 424/424/424
f 426/426/426 418/418/418 425/425/425
f 424/424/424 427/427/427 425/425/425
f 426/426/426 425/425/425 428/428/428
f 429/429/429 425/425/425 427/427/427
f 429/429/429 428/428/428 425/425/425
f 429/429/429 427/427/427 430/430/430
f 429/429/429 430/430/430 428/428/428
f 431/431/431 430/430/430 427/427/427
f 432/432/432 428/428/428 430/430/430
f 430/430/430 431/431/431 433/433/433
f 430/430/430 433/433/433 432/432/432
f 434/434/434 433/433/433 431/431/431
f 435/435/435 432/432/432 433/433/433
f 438/438/438 437/437/437 436/436/436
f 439/439/439 436/436/436 437/437/437
f 437/437/437 440/440/440 439/439/439
f 441/441/441 439/439/439 440/440/440
f 444/444/444 443/443/443 442/442/442
f 445/445/445 442/442/442 443/443/443
f 445/445/445 446/446/446 442/442/442
f 442/442/442 446/446/446 447/447/447
f 448/448/448 447/447/447 446/446/446
f 447/447/447 448/448/448 449/449/449
f 449/449/449 448/448/448 450/450/450
f 450/450/450 451/451/451 449/449/449
f 452/452/452 449/449/449 451/451/451
f 452/452/452 451/451/451 453/453/453
f 454/454/454 452/452/452 453/453/453
f 453/453/453 455/455/455 454/454/454
f 456/456/456 454/454/454 455/455/455
f 457/457/457 456/456/456 455/455/455
f 457/457/457 458/458/458 456/456/456
f 459/459/459 456/456/456 458/458/458
f 462/462/462 461/461/461 460/460/460
f 463/463/463 460/460/460 461/461/461
f 466/466/466 465/465/465 464/464/464
f 467/467/467 464/464/464 465/465/465
f 465/465/465 468/468/468 467/467/467
f 469/469/469 467/467/467 468/468/468
f 468/468/468 470/470/470 469/469/469
f 471/471/471 469/469/469 470/470/470
f 474/474/474 473/473/473 472/472/472
f 475/475/475 472/472/472 473/473/473
f 475/475/475 473/473/473 476/476/476
f 477/477/477 476/476/476 473/473/473
f 476/476/476 477/477/477 478/478/478
f 479/479/479 478/478/478 477/477/477
f 482/482/482 481/481/481 480/480/480
f 483/483/483 480/480/480 481/481/481
f 483/483/483 481/481/481 484/484/484
f 485/485/485 484/484/484 481/481/481
f 485/485/485 486/486/486 484/484/484
f 487/487/487 484/484/484 486/486/486
f 490/490/490 489/489/489 488/488/488
f 491/491/491 488/488/488 489/489/489
f 494/494/494 493/493/493 492/492/492
f 495/495/495 492/492/492 493/493/493
f 492/492/492 495/495/495 496/496/496
f 497/497/497 496/496/496 495/495/495
f 496/496/496 497/497/497 498/498/498
f 499/499/499 498/498/498 497/497/497
f 499/499/499 500/500/500 498/498/498
f 501/501/501 498/498/498 500/500/500
f 500/500/500 502/502/502 501/501/501
f 503/503/503 501/501/501 502/502/502
f 506/506/506 505/505/505 504/504/504
f 507/507/507 504/504/504 505/505/505
f 510/510/510 509/509/509 508/508/508
f 509/509/509 511/511/511 508/508/508
f 508/508/508 511/511/511 512/512/512
f 513/513/513 511/511/511 509/509/509
f 516/516/516 515/515/515 514/514/514
f 517/517/517 514/514/514 515/515/515
f 520/520/520 519/519/519 518/518/518
f 521/521/521 518/518/518 519/519/519
f 524/524/524 523/523/523 522/522/522
f 525/525/525 522/522/522 523/523/523
f 522/522/522 525/525/525 526/526/526
f 527/527/527 526/526/526 525/525/525
f 526/526/526 527/527/527 528/528/528
f 528/528/528 527/527/527 529/529/529
f 530/530/530 528/528/528 529/529/529
f 527/527/527 531/531/531 529/529/529
f 534/534/534 533/533/533 532/532/532
f 535/535/535 532/532/532 533/533/533
f 535/535/535 533/533/533 536/536/536
f 537/537/537 536/536/536 533/533/533
f 540/540/540 539/539/539 538/538/538
f 541/541/541 538/538/538 539/539/539
f 538/538/538 541/541/541 542/542/542
f 543/543/543 542/542/542 541/541/541
f 542/542/542 543/543/543 544/544/544
f 545/545/545 544/544/544 543/543/543
f 548/548/548 547/547/547 546/546/546
f 549/549/549 546/546/546 547/547/547
f 546/546/546 549/549/549 550/550/550
f 551/551/551 550/550/550 549/549/549
f 551/551/551 552/552/552 550/550/550
f 553/553/553 550/550/550 552/552/552
f 552/552/552 554/554/554 553/553/553
f 555/555/555 553/553/553 554/554/554
f 554/554/554 556/556/556 555/555/555
f 557/557/557 555/555/555 556/556/556
f 560/560/560 559/559/559 558/558/558
f 561/561/561 558/558/558 559/559/559
f 561/561/561 562/562/562 558/558/558
f 563/563/563 558/558/558 562/562/562
f 562/562/562 561/561/561 564/564/564
f 561/561/561 559/559/559 565/565/565
f 565/565/565 564/564/564 561/561/561
f 566/566/566 565/565/565 559/559/559
f 564/564/564 565/565/565 567/567/567
f 566/566/566 568/568/568 565/565/565
f 569/569/569 567/567/567 565/565/565
f 569/569/569 565/565/565 568/568/568
f 569/569/569 570/570/570 567/567/567
f 569/569/569 568/568/568 570/570/570
f 571/571/571 567/567/567 570/570/570
f 572/572/572 570/570/570 568/568/568
f 570/570/570 573/573/573 571/571/571
f 570/570/570 572/572/572 573/573/573
f 574/574/574 571/571/571 573/573/573
f 575/575/575 573/573/573 572/572/572
f 578/578/578 577/577/577 576/576/576
f 579/579/579 576/576/576 577/577/577
f 576/576/576 579/579/579 580/580/580
f 581/581/581 580/580/580 579/579/579
f 584/584/584 583/583/583 582/582/582
f 585/585/585 582/582/582 583/583/583
f 586/586/586 585/585/585 583/583/583
f 583/583/583 587/587/587 586/586/586
f 588/588/588 586/586/586 587/587/587
f 588/588/588 587/587/587 589/589/589
f 588/588/588 589/589/589 590/590/590
f 590/590/590 589/589/589 591/591/591
f 592/592/592 591/591/591 589/589/589
f 591/591/591 592/592/592 593/593/593
f 592/592/592 594/594/594 593/593/593
f 593/593/593 594/594/594 595/595/595
f 596/596/596 595/595/595 594/594/594
f 596/596/596 597/597/597 595/595/595
f 597/597/597 596/596/596 598/598/598
f 599/599/599 598/598/598 596/596/596
f 602/602/602 601/601/601 600/600/600
f 603/603/603 600/600/600 601/601/601
f 606/606/606 605/605/605 604/604/604
f 607/607/607 604/604/604 605/605/605
f 604/604/604 607/607/607 608/608/608
f 609/609/609 608/608/608 607/607/607
f 608/608/608 609/609/609 610/610/610
f 611/611/611 610/610/610 609/609/609
f 614/614/614 613/613/613 612/612/612
f 615/615/615 612/612/612 613/613/613
f 615/615/615 616/616/616 612/612/612
f 617/617/617 612/612/612 616/616/616
f 616/616/616 618/618/618 617/617/617
f 619/619/619 617/617/617 618/618/618
f 622/622/622 621/621/621 620/620/620
f 623/623/623 620/620/620 621/621/621
f 623/623/623 624/624/624 620/620/620
f 625/625/625 620/620/620 624/624/624
f 625/625/625 624/624/624 626/626/626
f 627/627/627 626/626/626 624/624/624
f 630/630/630 629/629/629 628/628/628
f 631/631/631 628/628/628 629/629/629
f 634/634/634 633/633/633 632/632/632
f 635/635/635 632/632/632 633/633/633
f 633/633/633 636/636/636 635/635/635
f 637/637/637 635/635/635 636/636/636
f 636/636/636 638/638/638 637/637/637
f 639/639/639 637/637/637 638/638/638
f 639/639/639 638/638/638 640/640/640
f 641/641/641 640/640/640 638/638/638
f 640/640/640 641/641/641 642/642/642
f 643/643/643 642/642/642 641/641/641
f 646/646/646 645/645/645 644/644/644
f 647/647/647 644/644/644 645/645/645
f 650/650/650 649/649/649 648/648/648
f 649/649/649 651/651/651 648/648/648
f 648/648/648 651/651/651 652/652/652
f 653/653/653 651/651/651 649/649/649
f 656/656/656 655/655/655 654/654/654
f 657/657/657 654/654/654 655/655/655
f 660/660/660 659/659/659 658/658/658
f 661/661/661 658/658/658 659/659/659
f 664/664/664 663/663/663 662/662/662
f 665/665/665 662/662/662 663/663/663
f 668/668/668 667/667/667 666/666/666
f 669/669/669 666/666/666 667/667/667
f 672/672/672 671/671/671 670/670/670
f 673/673/673 670/670/670 671/671/671
f 676/676/676 675/675/675 674/674/674
f 677/677/677 674/674/674 675/675/675
f 680/680/680 679/679/679 678/678/678
f 679/679/679 681/681/681 678/678/678
f 681/681/681 682/682/682 678/678/678
f 682/682/682 683/683/683 678/678/678
f 684/684/684 682/682/682 681/681/681
f 687/687/687 686/686/686 685/685/685
f 686/686/686 688/688/688 685/685/685
f 688/688/688 689/689/689 685/685/685
f 689/689/689 690/690/690 685/685/685
f 691/691/691 689/689/689 688/688/688
f 694/694/694 693/693/693 692/692/692
f 695/695/695 692/692/692 693/693/693
f 695/695/695 696/696/696 692/692/692
f 697/697/697 692/692/692 696/696/696
f 696/696/696 698/698/698 697/697/697
f 699/699/699 697/697/697 698/698/698
f 702/702/702 701/701/701 700/700/700
f 703/703/703 700/700/700 701/701/701
f 706/706/706 705/705/705 704/704/704
f 707/707/707 704/704/704 705/705/705
f 707/707/707 708/708/708 704/704/704
f 709/709/709 704/704/704 708/708/708
f 712/712/712 711/711/711 710/710/710
f 713/713/713 710/710/710 711/711/711
f 716/716/716 715/715/715 714/714/714
f 715/715/715 717/717/717 714/714/714
f 718/718/718 717/717/717 715/715/715
f 717/717/717 719/719/719 714/714/714
f 719/719/719 720/720/720 714/714/714
f 723/723/723 722/722/722 721/721/721
f 722/722/722 724/724/724 721/721/721
f 725/725/725 724/724/724 722/722/722
f 724/724/724 726/726/726 721/721/721
f 726/726/726 727/727/727 721/721/721
f 730/730/730 729/729/729 728/728/728
f 731/731/731 728/728/728 729/729/729
f 731/731/731 729/729/729 732/732/732
f 733/733/733 732/732/732 729/729/729
f 732/732/732 733/733/733 734/734/734
f 735/735/735 734/734/734 733/733/733
f 738/738/738 737/737/737 736/736/736
f 739/739/739 736/736/736 737/737/737
f 742/742/742 741/741/741 740/740/740
f 743/743/743 740/740/740 741/741/741
f 743/743/743 741/741/741 744/744/744
f 745/745/745 744/744/744 741/741/741
f 748/748/748 747/747/747 746/746/746
f 749/749/749 746/746/746 747/747/747
f 752/752/752 751/751/751 750/750/750
f 753/753/753 750/750/750 751/751/751
f 756/756/756 755/755/755 754/754/754
f 757/757/757 754/754/754 755/755/755
f 760/760/760 759/759/759 758/758/758
f 761/761/761 758/758/758 759/759/759
f 764/764/764 763/763/763 762/762/762
f 765/765/765 762/762/762 763/763/763
f 768/768/768 767/767/767 766/766/766
f 769/769/769 766/766/766 767/767/767
f 772/772/772 771/771/771 770/770/770
f 771/771/771 773/773/773 770/770/770
f 774/774/774 773/773/773 771/771/771
f 773/773/773 775/775/775 770/770/770
f 775/775/775 776/776/776 770/770/770
f 779/779/779 778/778/778 777/777/777
f 778/778/778 780/780/780 777/777/777
f 781/781/781 780/780/780 778/778/778
f 780/780/780 782/782/782 777/777/777
f 782/782/782 783/783/783 777/777/777
f 786/786/786 785/785/785 784/784/784
f 787/787/787 784/784/784 785/785/785
f 787/787/787 785/785/785 788/788/788
f 789/789/789 788/788/788 785/785/785
f 788/788/788 789/789/789 790/790/790
f 791/791/791 790/790/790 789/789/789
f 794/794/794 793/793/793 792/792/792
f 795/795/795 792/792/792 793/793/793
f 798/798/798 797/797/797 796/796/796
f 799/799/799 796/796/796 797/797/797
f 799/799/799 797/797/797 800/800/800
f 801/801/801 800/800/800 797/797/797
f 804/804/804 803/803/803 802/802/802
f 805/805/805 802/802/802 803/803/803
f 808/808/808 807/807/807 806/806/806
f 807/807/807 809/809/809 806/806/806
f 809/809/809 810/810/810 806/806/806
f 810/810/810 811/811/811 806/806/806
f 812/812/812 810/810/810 809/809/809
f 815/815/815 814/814/814 813/813/813
f 814/814/814 816/816/816 813/813/813
f 816/816/816 817/817/817 813/813/813
f 817/817/817 818/818/818 813/813/813
f 819/819/819 817/817/817 816/816/816
f 822/822/822 821/821/821 820/820/820
f 823/823/823 820/820/820 821/821/821
f 823/823/823 824/824/824 820/820/820
f 825/825/825 820/820/820 824/824/824
f 824/824/824 826/826/826 825/825/825
f 827/827/827 825/825/825 826/826/826
f 830/830/830 829/829/829 828/828/828
f 831/831/831 828/828/828 829/829/829
f 834/834/834 833/833/833 832/832/832
f 835/835/835 832/832/832 833/833/833
f 835/835/835 836/836/836 832/832/832
f 837/837/837 832/832/832 836/836/836
f 840/840/840 839/839/839 838/838/838
f 841/841/841 838/838/838 839/839/839
f 844/844/844 843/843/843 842/842/842
f 845/845/845 842/842/842 843/843/843
f 844/844/844 846/846/846 843/843/843
f 845/845/845 843/843/843 847/847/847
f 848/848/848 843/843/843 846/846/846
f 848/848/848 847/847/847 843/843/843
f 846/846/846 849/849/849 848/848/848
f 848/848/848 850/850/850 847/847/847
f 850/850/850 848/848/848 849/849/849
f 851/851/851 847/847/847 850/850/850
f 851/851/851 850/850/850 852/852/852
f 850/850/850 849/849/849 853/853/853
f 853/853/853 852/852/852 850/850/850
f 854/854/854 853/853/853 849/849/849
f 852/852/852 853/853/853 855/855/855
f 854/854/854 856/856/856 853/853/853
f 857/857/857 855/855/855 853/853/853
f 857/857/857 853/853/853 856/856/856
f 857/857/857 858/858/858 855/855/855
f 857/857/857 856/856/856 858/858/858
f 859/859/859 855/855/855 858/858/858
f 860/860/860 858/858/858 856/856/856
f 859/859/859 858/858/858 861/861/861
f 860/860/860 861/861/861 858/858/858
f 864/864/864 863/863/863 862/862/862
f 865/865/865 862/862/862 863/863/863
f 864/864/864 862/862/862 866/866/866
f 865/865/865 867/867/867 862/862/862
f 868/868/868 866/866/866 862/862/862
f 868/868/868 862/862/862 867/867/867
f 866/866/866 868/868/868 869/869/869
f 868/868/868 867/867/867 870/870/870
f 870/870/870 869/869/869 868/868/868
f 871/871/871 870/870/870 867/867/867
f 871/871/871 872/872/872 870/870/870
f 870/870/870 873/873/873 869/869/869
f 873/873/873 870/870/870 872/872/872
f 874/874/874 869/869/869 873/873/873
f 872/872/872 875/875/875 873/873/873
f 874/874/874 873/873/873 876/876/876
f 877/877/877 873/873/873 875/875/875
f 877/877/877 876/876/876 873/873/873
f 877/877/877 875/875/875 878/878/878
f 877/877/877 878/878/878 876/876/876
f 879/879/879 878/878/878 875/875/875
f 880/880/880 876/876/876 878/878/878
f 879/879/879 881/881/881 878/878/878
f 880/880/880 878/878/878 881/881/881
f 884/884/884 883/883/883 882/882/882
f 883/883/883 885/885/885 882/882/882
f 886/886/886 883/883/883 884/884/884
f 883/883/883 887/887/887 885/885/885
f 888/888/888 883/883/883 886/886/886
f 889/889/889 887/887/887 883/883/883
f 890/890/890 883/883/883 888/888/888
f 883/883/883 891/891/891 889/889/889
f 890/890/890 892/892/892 883/883/883
f 893/893/893 891/891/891 883/883/883
f 894/894/894 883/883/883 892/892/892
f 883/883/883 895/895/895 893/893/893
f 896/896/896 883/883/883 894/894/894
f 897/897/897 895/895/895 883/883/883
f 898/898/898 883/883/883 896/896/896
f 883/883/883 898/898/898 897/897/897
f 901/901/901 900/900/900 899/899/899
f 902/902/902 899/899/899 900/900/900
f 900/900/900 903/903/903 902/902/902
f 900/900/900 901/901/901 903/903/903
f 904/904/904 902/902/902 903/903/903
f 904/904/904 903/903/903 905/905/905
f 901/901/901 906/906/906 903/903/903
f 907/907/907 906/906/906 901/901/901
f 907/907/907 908/908/908 906/906/906
f 909/909/909 906/906/906 908/908/908
f 909/909/909 905/905/905 906/906/906
f 910/910/910 905/905/905 903/903/903
f 910/910/910 906/906/906 905/905/905
f 906/906/906 910/910/910 903/903/903
f 913/913/913 912/912/912 911/911/911
f 914/914/914 911/911/911 912/912/912
f 912/912/912 913/913/913 915/915/915
f 914/914/914 912/912/912 915/915/915
f 916/916/916 915/915/915 913/913/913
f 916/916/916 917/917/917 915/915/915
f 918/918/918 914/914/914 915/915/915
f 919/919/919 914/914/914 918/918/918
f 919/919/919 918/918/918 920/920/920
f 921/921/921 920/920/920 918/918/918
f 921/921/921 918/918/918 917/917/917
f 922/922/922 915/915/915 917/917/917
f 922/922/922 917/917/917 918/918/918
f 922/922/922 918/918/918 915/915/915
f 925/925/925 924/924/924 923/923/923
f 925/925/925 923/923/923 926/926/926
f 927/927/927 923/923/923 924/924/924
f 928/928/928 926/926/926 923/923/923
f 923/923/923 927/927/927 928/928/928
f 927/927/927 924/924/924 929/929/929
f 929/929/929 928/928/928 927/927/927
f 928/928/928 929/929/929 926/926/926
f 930/930/930 929/929/929 924/924/924
f 930/930/930 926/926/926 929/929/929
f 933/933/933 932/932/932 931/931/931
f 933/933/933 931/931/931 934/934/934
f 935/935/935 931/931/931 932/932/932
f 936/936/936 934/934/934 931/931/931
f 931/931/931 935/935/935 936/936/936
f 935/935/935 932/932/932 937/937/937
f 937/937/937 936/936/936 935/935/935
f 936/936/936 937/937/937 934/934/934
f 938/938/938 937/937/937 932/932/932
f 938/938/938 934/934/934 937/937/937
f 941/941/941 940/940/940 939/939/939
f 941/941/941 942/942/942 940/940/940
f 943/943/943 939/939/939 940/940/940
f 944/944/944 940/940/940 942/942/942
f 940/940/940 944/944/944 943/943/943
f 943/943/943 945/945/945 939/939/939
f 945/945/945 943/943/943 944/944/944
f 944/944/944 942/942/942 945/945/945
f 946/946/946 939/939/939 945/945/945
f 946/946/946 945/945/945 942/942/942
f 949/949/949 948/948/948 947/947/947
f 949/949/949 950/950/950 948/948/948
f 951/951/951 947/947/947 948/948/948
f 952/952/952 948/948/948 950/950/950
f 948/948/948 952/952/952 951/951/951
f 951/951/951 953/953/953 947/947/947
f 953/953/953 951/951/951 952/952/952
f 952/952/952 950/950/950 953/953/953
f 954/954/954 947/947/947 953/953/953
f 954/954/954 953/953/953 950/950/950
f 957/957/957 956/956/956 955/955/955
f 958/958/958 955/955/955 956/956/956
f 955/955/955 959/959/959 957/957/957
f 956/956/956 960/960/960 958/958/958
f 961/961/961 957/957/957 959/959/959
f 962/962/962 958/958/958 960/960/960
f 959/959/959 963/963/963 961/961/961
f 960/960/960 964/964/964 962/962/962
f 965/965/965 961/961/961 963/963/963
f 966/966/966 962/962/962 964/964/964
f 963/963/963 967/967/967 965/965/965
f 964/964/964 968/968/968 966/966/966
f 969/969/969 965/965/965 967/967/967
f 970/970/970 966/966/966 968/968/968
f 967/967/967 971/971/971 969/969/969
f 968/968/968 972/972/972 970/970/970
f 973/973/973 969/969/969 971/971/971
f 974/974/974 970/970/970 972/972/972
f 971/971/971 975/975/975 973/973/973
f 972/972/972 976/976/976 974/974/974
f 977/977/977 973/973/973 975/975/975
f 978/978/978 974/974/974 976/976/976
f 975/975/975 979/979/979 977/977/977
f 976/976/976 980/980/980 978/978/978
f 981/981/981 977/977/977 979/979/979
f 982/982/982 978/978/978 980/980/980
f 979/979/979 983/983/983 981/981/981
f 980/980/980 984/984/984 982/982/982
f 985/985/985 981/981/981 983/983/983
f 986/986/986 982/982/982 984/984/984
f 983/983/983 986/986/986 985/985/985
f 984/984/984 985/985/985 986/986/986
f 989/989/989 988/988/988 987/987/987
f 990/990/990 987/987/987 988/988/988
f 988/988/988 991/991/991 990/990/990
f 987/987/987 992/992/992 989/989/989
f 993/993/993 989/989/989 992/992/992
f 994/994/994 990/990/990 991/991/991
f 991/991/991 995/995/995 994/994/994
f 992/992/992 996/996/996 993/993/993
f 997/997/997 993/993/993 996/996/996
f 998/998/998 994/994/994 995/995/995
f 995/995/995 999/999/999 998/998/998
f 996/996/996 1000/1000/1000 997/997/997
f 1001/1001/1001 997/997/997 1000/1000/1000
f 1002/1002/1002 998/998/998 999/999/999
f 999/999/999 1003/1003/1003 1002/1002/1002
f 1000/1000/1000 1004/1004/1004 1001/1001/1001
f 1005/1005/1005 1001/1001/1001 1004/1004/1004
f 1006/1006/1006 1002/1002/1002 1003/1003/1003
f 1003/1003/1003 1007/1007/1007 1006/1006/1006
f 1004/1004/1004 1008/1008/1008 1005/1005/1005
f 1009/1009/1009 1005/1005/1005 1008/1008/1008
f 1007/1007/1007 1009/1009/1009 1010/1010/1010
f 1010/1010/1010 1006/1006/1006 1007/1007/1007
f 1008/1008/1008 1010/1010/1010 1009/1009/1009
f 996/996/996 1011/1011/1011 1000/1000/1000
f 1000/1000/1000 1012/1012/1012 1004/1004/1004
f 1012/1012/1012 1000/1000/1000 1011/1011/1011
f 1004/1004/1004 1013/1013/1013 1008/1008/1008
f 1013/1013/1013 1004/1004/1004 1012/1012/1012
f 1008/1008/1008 1014/1014/1014 1010/1010/1010
f 1014/1014/1014 1008/1008/1008 1013/1013/1013
f 1010/1010/1010 1015/1015/1015 1006/1006/1006
f 1015/1015/1015 1010/1010/1010 1014/1014/1014
f 1006/1006/1006 1016/1016/1016 1002/1002/1002
f 1016/1016/1016 1006/1006/1006 1015/1015/1015
f 1011/1011/1011 996/996/996 1017/1017/1017
f 992/992/992 1017/1017/1017 996/996/996
f 1018/1018/1018 1002/1002/1002 1016/1016/1016
f 1002/1002/1002 1018/1018/1018 998/998/998
f 1017/1017/1017 992/992/992 1019/1019/1019
f 987/987/987 1019/1019/1019 992/992/992
f 1020/1020/1020 998/998/998 1018/1018/1018
f 998/998/998 1020/1020/1020 994/994/994
f 1019/1019/1019 987/987/987 1021/1021/1021
f 990/990/990 1021/1021/1021 987/987/987
f 994/994/994 1022/1022/1022 990/990/990
f 1022/1022/1022 994/994/994 1020/1020/1020
f 1021/1021/1021 990/990/990 1022/1022/1022
f 1011/1011/1011 1017/1017/1017 1023/1023/1023
f 1024/1024/1024 1023/1023/1023 1017/1017/1017
f 1017/1017/1017 1019/1019/1019 1024/1024/1024
f 1023/1023/1023 1025/1025/1025 1011/1011/1011
f 1026/1026/1026 1024/1024/1024 1019/1019/1019
f 1019/1019/1019 1021/1021/1021 1026/1026/1026
f 1012/1012/1012 1011/1011/1011 1025/1025/1025
f 1027/1027/1027 1026/1026/1026 1021/1021/1021
f 1021/1021/1021 1022/1022/1022 1027/1027/1027
f 1025/1025/1025 1028/1028/1028 1012/1012/1012
f 1029/1029/1029 1027/1027/1027 1022/1022/1022
f 1022/1022/1022 1020/1020/1020 1029/1029/1029
f 1013/1013/1013 1012/1012/1012 1028/1028/1028
f 1030/1030/1030 1029/1029/1029 1020/1020/1020
f 1028/1028/1028 1031/1031/1031 1013/1013/1013
f 1020/1020/1020 1018/1018/1018 1030/1030/1030
f 1014/1014/1014 1013/1013/1013 1031/1031/1031
f 1032/1032/1032 1030/1030/1030 1018/1018/1018
f 1031/1031/1031 1033/1033/1033 1014/1014/1014
f 1018/1018/1018 1016/1016/1016 1032/1032/1032
f 1015/1015/1015 1014/1014/1014 1033/1033/1033
f 1034/1034/1034 1032/1032/1032 1016/1016/1016
f 1033/1033/1033 1034/1034/1034 1015/1015/1015
f 1016/1016/1016 1015/1015/1015 1034/1034/1034
