g O_env_baoxiang_03_a
v -0.00456199981 -0.000186999794 0.0129037648
v -0.0137649989 0.00658000028 0.0129037667
v -0.00456199935 0.00657999981 0.0129037648
v -0.0144990003 -0.000186999358 0.0129037667
v -0.0162649993 0.00658000028 0.0104037654
v -0.0169990007 -0.000186999256 0.0104037654
v -0.0169990007 -0.000186999256 -0.0117342342
v -0.0162649993 0.00658000028 -0.0117342342
v -0.0144990012 -0.000186999358 -0.0142342336
v -0.0137649998 0.00658000028 -0.0142342336
v -0.00456200074 -0.000186999794 -0.0142342346
v -0.00456200074 0.00657999981 -0.0142342346
v -0.00456199935 0.00657999981 0.0105007645
v -0.00456199981 -0.000186999794 0.0129037648
v -0.00456199935 0.00657999981 0.0129037648
v -0.00456199981 -0.000186999794 0.0104257651
v -0.00456200074 0.00657999981 -0.0142342346
v -0.00456200074 -0.000186999794 -0.011776235
v -0.00456200028 0.00657999981 -0.0117982347
v -0.00456200074 -0.000186999794 -0.0142342346
v -0.00995199848 0.0175049994 0.0131397648
v -0.0130669987 0.0193959996 0.0125497663
v -0.0130669987 0.0193959996 0.0131397657
v -0.00995199848 0.0175049994 0.0125497645
v -0.00683699874 0.0193959996 0.0131397648
v -0.00995199848 0.0175049994 0.0125497645
v -0.00995199848 0.0175049994 0.0131397648
v -0.00683699874 0.0193959996 0.0125497645
v -0.00995199848 0.0212859977 0.0131397648
v -0.00683699874 0.0193959996 0.0125497645
v -0.00683699874 0.0193959996 0.0131397648
v -0.00995199848 0.0212859977 0.0125497645
v -0.0130669987 0.0193959996 0.0131397657
v -0.00995199848 0.0212859977 0.0125497645
v -0.00995199848 0.0212859977 0.0131397648
v -0.0130669987 0.0193959996 0.0125497663
v -0.00995199941 0.0015641707 0.0141019905
v -0.0130669996 0.00345517113 0.0128419111
v -0.0130669987 0.00345517113 0.0141019914
v -0.00995199941 0.00156417058 0.0128419101
v -0.00683699967 0.0034551709 0.0141019914
v -0.00995199941 0.00156417058 0.0128419101
v -0.00995199941 0.0015641707 0.0141019905
v -0.00683699967 0.0034551709 0.0128419111
v -0.00995199941 0.00534516992 0.0141019905
v -0.00683699967 0.0034551709 0.0128419111
v -0.00683699967 0.0034551709 0.0141019914
v -0.00995199941 0.00534516992 0.0128419101
v -0.0130669987 0.00345517113 0.0141019914
v -0.00995199941 0.00534516992 0.0128419101
v -0.00995199941 0.00534516992 0.0141019905
v -0.0130669996 0.00345517113 0.0128419111
v 0.0137650007 0.00657999935 0.0129037648
v 0.00456200028 -0.000187000202 0.0129037648
v 0.00456200074 0.00657999981 0.0129037648
v 0.0144990003 -0.000187000624 0.0129037648
v 0.0162649993 0.00657999935 0.0104037644
v 0.0169990007 -0.00018700074 0.0104037644
v 0.0169989988 -0.00018700074 -0.0117342351
v 0.0162649993 0.00657999935 -0.0117342351
v 0.0144989984 -0.000187000624 -0.0142342346
v 0.0137649998 0.00657999935 -0.0142342346
v 0.00456199888 -0.000187000202 -0.0142342346
v 0.00456199935 0.00657999981 -0.0142342346
v 0.00456200074 0.00657999981 0.0105007645
v 0.00456200028 -0.000187000202 0.0129037648
v 0.00456200028 -0.000187000202 0.0104257641
v 0.00456200074 0.00657999981 0.0129037648
v 0.00456199935 0.00657999981 -0.0142342346
v 0.00456199935 -0.000187000202 -0.011776235
v 0.00456199888 -0.000187000202 -0.0142342346
v 0.00456199981 0.00657999981 -0.0117982347
v 0.00995200034 0.0175049994 0.0131397648
v 0.0130670005 0.0193959996 0.0125497645
v 0.00995200034 0.0175049994 0.0125497645
v 0.0130670005 0.0193959996 0.0131397648
v 0.00683700107 0.0193959996 0.0131397648
v 0.00995200034 0.0175049994 0.0125497645
v 0.00683700107 0.0193959996 0.0125497645
v 0.00995200034 0.0175049994 0.0131397648
v 0.00995200034 0.0212859977 0.0131397648
v 0.00683700107 0.0193959996 0.0125497645
v 0.00995200034 0.0212859977 0.0125497645
v 0.00683700107 0.0193959996 0.0131397648
v 0.0130670005 0.0193959996 0.0131397648
v 0.00995200034 0.0212859977 0.0125497645
v 0.0130670005 0.0193959996 0.0125497645
v 0.00995200034 0.0212859977 0.0131397648
v 0.00995200034 0.00156416977 0.0141019905
v 0.0130669996 0.00345516996 0.0128419101
v 0.00995200034 0.00156416965 0.0128419101
v 0.0130670005 0.00345516996 0.0141019905
v 0.0068370006 0.00345517043 0.0141019914
v 0.00995200034 0.00156416965 0.0128419101
v 0.0068370006 0.00345517043 0.0128419111
v 0.00995200034 0.00156416977 0.0141019905
v 0.00995200034 0.00534516852 0.0141019905
v 0.0068370006 0.00345517043 0.0128419111
v 0.00995200034 0.00534516852 0.0128419101
v 0.0068370006 0.00345517043 0.0141019914
v 0.0130670005 0.00345516996 0.0141019905
v 0.00995200034 0.00534516852 0.0128419101
v 0.0130669996 0.00345516996 0.0128419101
v 0.00995200034 0.00534516852 0.0141019905
v 0.00462000072 0.00646300009 0.0101197641
v -0.00461999932 0.00646300009 0.0111977644
v -0.00461999932 0.00646300009 0.0101197641
v 0.00462000072 0.00646300009 0.0111977644
v -0.00461999932 0.00579900015 0.011835766
v 0.00462000072 0.00579900015 0.0118357642
v -0.00461999932 0.00408700015 0.011835766
v 0.00462000072 0.00408699969 0.0118357642
v 0.00327500049 0.00412999978 0.010998765
v 0.00546600018 0.00215499965 0.0108537646
v 0.00327500002 0.00215499988 0.0108537646
v 0.00546600018 0.00412999932 0.010998765
v 0.00327500049 0.00413100002 0.0100867655
v 0.00327500002 0.00215499988 0.0108537646
v 0.00327500002 0.00215499988 0.0100867655
v 0.00327500049 0.00412999978 0.010998765
v 0.00108000042 0.00413100002 0.0100867655
v 0.00108000042 0.00215499988 0.0108537646
v 0.00108000042 0.00412999978 0.010998765
v 0.00108000042 0.00215499988 0.0100867655
v 0.00546599925 0.00215499965 -0.0119962348
v 0.00327499909 0.00412999978 -0.0121412342
v 0.00327499909 0.00215499988 -0.0119962348
v 0.00546599925 0.00412999932 -0.0121412342
v 0.00327499909 0.00215499988 -0.0119962348
v 0.00327499909 0.00413100002 -0.0112292347
v 0.00327499909 0.00215499988 -0.0112292347
v 0.00327499909 0.00412999978 -0.0121412342
v 0.00107999961 0.00413100002 -0.0112292347
v 0.00107999938 0.00215499988 -0.0119962348
v 0.00107999938 0.00215499988 -0.0112292347
v 0.00107999949 0.00412999978 -0.0121412342
v 0.00462000072 0.00408699969 0.0118357642
v -0.00461999932 0.00408600038 0.0102847647
v -0.00461999932 0.00408700015 0.011835766
v 0.00462000072 0.00408599945 0.0102847647
v 0.00461999932 0.00408699969 -0.0128772352
v -0.00462000072 0.00579900015 -0.0128772352
v -0.00462000072 0.00408700015 -0.0128772352
v 0.00461999932 0.00579900015 -0.0128772352
v -0.00462000025 0.00646300009 -0.0122392345
v 0.00461999979 0.00646300009 -0.0122392345
v -0.00462000025 0.00646300009 -0.0111612342
v 0.00461999979 0.00646300009 -0.0111612342
v 0.00461999932 0.00220899982 -0.0125462348
v -0.00462000072 0.00221200008 -0.0113262357
v -0.00462000072 0.00220900006 -0.0125462348
v 0.00461999932 0.00221199985 -0.0113262357
v 0.00462000025 0.000485999801 0.0118357642
v -0.00461999979 0.00220900006 0.011835766
v 0.00462000025 0.00220899982 0.0118357642
v -0.00461999979 0.000486000179 0.011835766
v -0.00461999979 -0.000116999792 0.0112657649
v 0.00462000025 -0.0001170002 0.011265764
v -0.00546599925 0.00215500011 0.0108537646
v -0.00327499909 0.00412999978 0.010998765
v -0.00327499956 0.00215500011 0.0108537646
v -0.00546599925 0.00413000025 0.010998765
v -0.00327499956 0.00215500011 0.0108537646
v -0.00327499909 0.00413100002 0.0100867655
v -0.00327499956 0.00215500011 0.0100867655
v -0.00327499909 0.00412999978 0.010998765
v -0.00107999961 0.00413100002 0.0100867655
v -0.00107999973 0.00215499988 0.0108537646
v -0.00107999973 0.00215499988 0.0100867655
v -0.00107999949 0.00412999978 0.010998765
v -0.00462000072 -0.000116999792 -0.0125662349
v 0.00461999932 0.00220899982 -0.0125462348
v -0.00462000072 0.00220900006 -0.0125462348
v 0.00461999932 -0.0001170002 -0.0125662349
v -0.00327500049 0.00412999978 -0.0121412342
v -0.00546600018 0.00215500011 -0.0119962348
v -0.00327500049 0.00215500011 -0.0119962348
v -0.00546600018 0.00413000025 -0.0121412342
v -0.00327500049 0.00413100002 -0.0112292347
v -0.00327500049 0.00215500011 -0.0119962348
v -0.00327500049 0.00215500011 -0.0112292347
v -0.00327500049 0.00412999978 -0.0121412342
v -0.00108000042 0.00413100002 -0.0112292347
v -0.00108000066 0.00215499988 -0.0119962348
v -0.00108000042 0.00412999978 -0.0121412342
v -0.00108000066 0.00215499988 -0.0112292347
v 0.00462000025 0.00221199985 0.0102847647
v -0.00461999979 0.00220900006 0.011835766
v -0.00461999979 0.00221200008 0.0102847647
v 0.00462000025 0.00220899982 0.0118357642
v 0.00108000042 0.00412999978 0.010998765
v -0.00107999973 0.00215499988 0.0108537646
v -0.00107999949 0.00412999978 0.010998765
v 0.00108000042 0.00215499988 0.0108537646
v 0.00461999932 0.00221199985 -0.0113262357
v -0.00462000072 0.00408600038 -0.0113262357
v -0.00462000072 0.00221200008 -0.0113262357
v 0.00461999932 0.00408599945 -0.0113262357
v 0.00461999932 0.00408599945 -0.0113262357
v -0.00462000072 0.00408700015 -0.0128772352
v -0.00462000072 0.00408600038 -0.0113262357
v 0.00461999932 0.00408699969 -0.0128772352
v 0.00648600096 0.0199369993 0.0145127652
v 0.00351000158 0.0219250005 0.0130457645
v 0.00648600096 0.0199369993 0.0130457645
v 0.00351000158 0.0219250005 0.0145127652
v 1.38963907E-09 0.0226229988 0.0130457645
v 0.00329100154 0.0213949978 0.0149927652
v 0.00608000066 0.0195309985 0.0149927652
v 1.44965484E-09 0.0220490005 0.0149927652
v 1.45376378E-09 0.0226229988 0.0145127652
v -0.00350999855 0.0219250005 0.0130457645
v -0.00329099852 0.0213949978 0.0149927652
v -0.00350999855 0.0219250005 0.0145127652
v -0.00648599863 0.0199369993 0.0130457645
v -0.00607999833 0.0195309985 0.0149927652
v -0.00648599863 0.0199369993 0.0145127652
v -0.00847499911 0.016960999 0.0130457645
v -0.00794399809 0.0167410001 0.0149927652
v -0.00847499911 0.016960999 0.0145127652
v -0.00917299837 0.0134500004 0.0130457645
v -0.00859899819 0.0134500004 0.0149927652
v -0.00917299837 0.0134500004 0.0145127652
v -0.00847499911 0.00994000025 0.0130457645
v -0.00794399809 0.0101600001 0.0149927652
v -0.00847499911 0.00994000025 0.0145127652
v -0.0064859991 0.00696399994 0.0130457645
v -0.00607999926 0.00736999977 0.0149927652
v -0.0064859991 0.00696399994 0.0145127652
v -0.00350999949 0.00497600017 0.0130457645
v -0.00329099945 0.00550600002 0.0149927652
v -0.00350999949 0.00497600017 0.0145127652
v 5.87753679E-10 0.00427799998 0.0130457645
v 6.97950031E-10 0.00485199969 0.0149927652
v 6.51878329E-10 0.00427799998 0.0145127652
v 0.00351000065 0.00497599971 0.0130457645
v 0.00329100061 0.00550600002 0.0149927652
v 0.00351000065 0.00497599971 0.0145127652
v 0.00648600049 0.00696399994 0.0130457645
v 0.0060800002 0.00736999977 0.0149927652
v 0.00648600049 0.00696399994 0.0145127652
v 0.00847500097 0.00993999932 0.0130457645
v 0.00794400088 0.0101600001 0.0149927652
v 0.00847500097 0.00993999932 0.0145127652
v 0.00917300116 0.0134500004 0.0130457645
v 0.00859900098 0.0134500004 0.0149927652
v 0.00917300116 0.0134500004 0.0145127652
v 0.00847500097 0.016960999 0.0130457645
v 0.00794400088 0.0167410001 0.0149927652
v 0.00847500097 0.016960999 0.0145127652
v 0.00648600096 0.0199369993 0.0130457645
v 0.00608000066 0.0195309985 0.0149927652
v 0.00648600096 0.0199369993 0.0145127652
v -0.00182699866 0.0168319996 0.0150257647
v 1.55005986E-09 0.0240639988 0.015274765
v -0.00182699866 0.0168319996 0.015274765
v 1.53917568E-09 0.0240639988 0.0150257647
v 6.071178E-10 0.00274099992 0.0150257647
v -0.00184199912 0.0100119989 0.015274765
v 6.18001983E-10 0.00274099992 0.015274765
v -0.00184199912 0.0100119989 0.0150257647
v -0.00184199912 0.0100119989 0.0150257647
v -0.00567699969 0.00774799986 0.015274765
v -0.00184199912 0.0100119989 0.015274765
v -0.00567699969 0.00774799986 0.0150257647
v -0.00567699969 0.00774799986 0.0150257647
v -0.00308899907 0.012143 0.015274765
v -0.00567699969 0.00774799986 0.015274765
v -0.00308899907 0.012143 0.0150257647
v -0.00308899907 0.012143 0.0150257647
v -0.00802899897 0.0134249991 0.015274765
v -0.00308899907 0.012143 0.015274765
v -0.00802899897 0.0134249991 0.0150257647
v -0.00802899897 0.0134249991 0.0150257647
v -0.0030839988 0.014694999 0.015274765
v -0.00802899897 0.0134249991 0.015274765
v -0.0030839988 0.014694999 0.0150257647
v -0.0030839988 0.014694999 0.0150257647
v -0.00567699876 0.0191019997 0.015274765
v -0.0030839988 0.014694999 0.015274765
v -0.00567699876 0.0191019997 0.0150257647
v -0.00567699876 0.0191019997 0.0150257647
v -0.00182699866 0.0168319996 0.015274765
v -0.00567699876 0.0191019997 0.015274765
v -0.00182699866 0.0168319996 0.0150257647
v 1.53917568E-09 0.0240639988 0.0150257647
v 0.00182700111 0.0168319996 0.015274765
v 1.55005986E-09 0.0240639988 0.015274765
v 0.00182700111 0.0168319996 0.0150257647
v 0.00184200087 0.0100119989 0.0150257647
v 6.18001983E-10 0.00274099992 0.015274765
v 0.00184200087 0.0100119989 0.015274765
v 6.071178E-10 0.00274099992 0.0150257647
v 0.0030890007 0.012143 0.0150257647
v 0.00567700062 0.00774799986 0.015274765
v 0.0030890007 0.012143 0.015274765
v 0.00567700062 0.00774799986 0.0150257647
v 0.00567700062 0.00774799986 0.0150257647
v 0.00184200087 0.0100119989 0.015274765
v 0.00567700062 0.00774799986 0.015274765
v 0.00184200087 0.0100119989 0.0150257647
v 0.00308400113 0.014694999 0.0150257647
v 0.00802900083 0.0134249991 0.015274765
v 0.00308400113 0.014694999 0.015274765
v 0.00802900083 0.0134249991 0.0150257647
v 0.00802900083 0.0134249991 0.0150257647
v 0.0030890007 0.012143 0.015274765
v 0.00802900083 0.0134249991 0.015274765
v 0.0030890007 0.012143 0.0150257647
v 0.00182700111 0.0168319996 0.0150257647
v 0.00567700155 0.0191019997 0.015274765
v 0.00182700111 0.0168319996 0.015274765
v 0.00567700155 0.0191019997 0.0150257647
v 0.00567700155 0.0191019997 0.0150257647
v 0.00308400113 0.014694999 0.015274765
v 0.00567700155 0.0191019997 0.015274765
v 0.00308400113 0.014694999 0.0150257647
v -0.00822599884 0.00908999983 0.0129627641
v 0.00538000045 0.00782899931 0.0129627641
v -0.00537999906 0.00782899931 0.0129627641
v 0.0082260007 0.0090899989 0.0129627641
v 0.00986200012 0.0103519997 0.0129627641
v -0.00986199919 0.0103519997 0.0129627641
v 0.00972300023 0.0108099999 0.0129627641
v -0.0097229993 0.0108099999 0.0129627641
v 0.0101450011 0.0112679992 0.0129627641
v -0.0101449993 0.0112679992 0.0129627641
v 0.0116690015 0.012986999 0.0129627641
v -0.0116689987 0.012986999 0.0129627651
v 0.0123000015 0.0140229994 0.0129627641
v -0.0122999987 0.0140229994 0.0129627651
v 0.0121160001 0.0147059998 0.0129627641
v -0.0121159982 0.0147059998 0.0129627651
v 0.0121160001 0.0147059998 0.0129627641
v -0.0121159982 0.0147059998 0.011835766
v 0.0121160001 0.0147059998 0.0118357642
v -0.0121159982 0.0147059998 0.0129627651
v -0.0121159982 0.0147059998 0.0129627651
v -0.0122999987 0.0140229994 0.011835766
v -0.0121159982 0.0147059998 0.011835766
v -0.0122999987 0.0140229994 0.0129627651
v -0.0116689987 0.012986999 0.011835766
v -0.0116689987 0.012986999 0.0129627651
v -0.0101449993 0.0112679992 0.011835766
v -0.0101449993 0.0112679992 0.0129627641
v -0.0097229993 0.0108099999 0.011835766
v -0.0097229993 0.0108099999 0.0129627641
v -0.00986199919 0.0103519997 0.011835766
v -0.00986199919 0.0103519997 0.0129627641
v -0.00822599884 0.00908999983 0.011835766
v -0.00822599884 0.00908999983 0.0129627641
v -0.00537999906 0.00782899931 0.011835766
v -0.00537999906 0.00782899931 0.0129627641
v 0.00538000045 0.00782899931 0.0118357642
v 0.00538000045 0.00782899931 0.0129627641
v 0.0082260007 0.0090899989 0.0118357642
v 0.0082260007 0.0090899989 0.0129627641
v 0.00986200012 0.0103519997 0.0118357642
v 0.00986200012 0.0103519997 0.0129627641
v 0.00972300023 0.0108099999 0.0118357642
v 0.00972300023 0.0108099999 0.0129627641
v 0.0101450011 0.0112679992 0.0118357642
v 0.0101450011 0.0112679992 0.0129627641
v 0.0116690015 0.012986999 0.0118357642
v 0.0116690015 0.012986999 0.0129627641
v 0.0123000015 0.0140229994 0.0118357642
v 0.0123000015 0.0140229994 0.0129627641
v 0.0121160001 0.0147059998 0.0118357642
v 0.0121160001 0.0147059998 0.0129627641
v -0.0182689987 0.0138600012 0.00368776591
v -0.014858 0.00794000085 0.00368776591
v -0.0179069992 0.00791500043 0.00368776591
v -0.0151909981 0.0159160011 0.00368776591
v -0.014858 0.00794000085 -0.00482923398
v -0.0182690006 0.0138600012 -0.00482923398
v -0.0179069992 0.00791500043 -0.00482923398
v -0.015190999 0.0159160011 -0.00482923398
v -0.014858 0.00794000085 0.00368776591
v -0.0179069992 0.00791500043 -0.00482923398
v -0.0179069992 0.00791500043 0.00368776591
v -0.014858 0.00794000085 -0.00482923398
v -0.0182689987 0.0138600012 0.00368776591
v -0.015190999 0.0159160011 -0.00482923398
v -0.0151909981 0.0159160011 0.00368776591
v -0.0182690006 0.0138600012 -0.00482923398
v -0.0179069992 0.00791500043 0.00368776591
v -0.0182690006 0.0138600012 -0.00482923398
v -0.0182689987 0.0138600012 0.00368776591
v -0.0179069992 0.00791500043 -0.00482923398
v -0.0170799997 0.00524600083 0.00571976602
v -0.0164549984 0.0134900007 0.00552676525
v -0.0156609993 0.0124210007 0.00555176521
v -0.0181159973 0.0138620008 0.00551776588
v -0.0205319989 0.00519500114 0.00572176604
v -0.0173809994 0.00507600047 0.00572376605
v -0.0207289997 0.00537800137 0.00571676577
v -0.0156609993 0.0124210007 0.00359976571
v -0.0173809994 0.00507600047 0.0034277658
v -0.0170799997 0.00524600083 0.00343076605
v -0.0205319989 0.00519500114 0.00342976628
v -0.0181159992 0.0138620008 0.00363376574
v -0.0164549984 0.0134900007 0.0036247659
v -0.0207289997 0.00537800137 0.00343476608
v -0.0205319989 0.00519500114 0.00572176604
v -0.0207289997 0.00537800137 0.00343476608
v -0.0207289997 0.00537800137 0.00571676577
v -0.0205319989 0.00519500114 0.00342976628
v -0.0173809994 0.00507600047 0.0034277658
v -0.0173809994 0.00507600047 0.00572376605
v -0.0170799997 0.00524600083 0.00343076605
v -0.0170799997 0.00524600083 0.00571976602
v -0.0156609993 0.0124210007 0.00555176521
v -0.0170799997 0.00524600083 0.00343076605
v -0.0170799997 0.00524600083 0.00571976602
v -0.0156609993 0.0124210007 0.00359976571
v -0.0164549984 0.0134900007 0.00552676525
v -0.0156609993 0.0124210007 0.00359976571
v -0.0156609993 0.0124210007 0.00555176521
v -0.0164549984 0.0134900007 0.0036247659
v -0.0181159992 0.0138620008 0.00363376574
v -0.0181159973 0.0138620008 0.00551776588
v -0.0207289997 0.00537800137 0.00571676577
v -0.0181159992 0.0138620008 0.00363376574
v -0.0181159973 0.0138620008 0.00551776588
v -0.0207289997 0.00537800137 0.00343476608
v -0.0170799997 0.00524600083 -0.0068745669
v -0.0205319989 0.00519500114 -0.00687656691
v -0.0173809994 0.0050760014 -0.00687856646
v -0.0181159992 0.0138620008 -0.00667256676
v -0.0207289997 0.00537800184 -0.00687156664
v -0.0164549984 0.0134900007 -0.00668156799
v -0.0156609993 0.0124210007 -0.00670656795
v -0.0156609993 0.0124210007 -0.00475456752
v -0.0181159992 0.0138620008 -0.00478856685
v -0.0164549984 0.0134900007 -0.00477956655
v -0.0205319989 0.00519500114 -0.00458456762
v -0.0207289997 0.00537800184 -0.00458956696
v -0.0173809994 0.0050760014 -0.00458256761
v -0.0170799997 0.00524600083 -0.00458556786
v -0.0207289997 0.00537800184 -0.00458956696
v -0.0205319989 0.00519500114 -0.00687656691
v -0.0207289997 0.00537800184 -0.00687156664
v -0.0205319989 0.00519500114 -0.00458456762
v -0.0173809994 0.0050760014 -0.00458256761
v -0.0173809994 0.0050760014 -0.00687856646
v -0.0170799997 0.00524600083 -0.00458556786
v -0.0170799997 0.00524600083 -0.0068745669
v -0.0156609993 0.0124210007 -0.00670656795
v -0.0170799997 0.00524600083 -0.00458556786
v -0.0156609993 0.0124210007 -0.00475456752
v -0.0170799997 0.00524600083 -0.0068745669
v -0.0156609993 0.0124210007 -0.00475456752
v -0.0164549984 0.0134900007 -0.00668156799
v -0.0156609993 0.0124210007 -0.00670656795
v -0.0164549984 0.0134900007 -0.00477956655
v -0.0181159992 0.0138620008 -0.00478856685
v -0.0181159992 0.0138620008 -0.00667256676
v -0.0207289997 0.00537800184 -0.00687156664
v -0.0181159992 0.0138620008 -0.00478856685
v -0.0207289997 0.00537800184 -0.00458956696
v -0.0181159992 0.0138620008 -0.00667256676
v 0.0182690006 0.0138599984 0.00368776429
v 0.014858 0.00793999992 0.00368776429
v 0.015191 0.0159159973 0.00368776429
v 0.0179069992 0.00791499857 0.00368776429
v 0.014858 0.00793999992 -0.00482923537
v 0.0182690006 0.0138599984 -0.00482923537
v 0.015190999 0.0159159973 -0.00482923537
v 0.0179069992 0.00791499857 -0.00482923537
v 0.014858 0.00793999992 0.00368776429
v 0.0179069992 0.00791499857 -0.00482923537
v 0.014858 0.00793999992 -0.00482923537
v 0.0179069992 0.00791499857 0.00368776429
v 0.0182690006 0.0138599984 0.00368776429
v 0.015190999 0.0159159973 -0.00482923537
v 0.0182690006 0.0138599984 -0.00482923537
v 0.015191 0.0159159973 0.00368776429
v 0.0179069992 0.00791499857 0.00368776429
v 0.0182690006 0.0138599984 -0.00482923537
v 0.0179069992 0.00791499857 -0.00482923537
v 0.0182690006 0.0138599984 0.00368776429
v 0.0170799997 0.00524599943 0.00571976416
v 0.0205319989 0.00519499881 0.00572176464
v 0.0173809994 0.00507599954 0.00572376419
v 0.018116001 0.013861998 0.00551776402
v 0.0207289997 0.00537799904 0.00571676437
v 0.0164550003 0.0134899979 0.00552676432
v 0.0156610012 0.0124209989 0.00555176428
v 0.0156609993 0.0124209989 0.00359976431
v 0.0181159992 0.013861998 0.00363376434
v 0.0164549984 0.0134899979 0.00362476427
v 0.0205319989 0.00519499881 0.00342976418
v 0.0207289997 0.00537799904 0.00343476399
v 0.0173809994 0.00507599954 0.0034277644
v 0.0170799997 0.00524599943 0.00343076419
v 0.0207289997 0.00537799904 0.00343476399
v 0.0205319989 0.00519499881 0.00572176464
v 0.0207289997 0.00537799904 0.00571676437
v 0.0205319989 0.00519499881 0.00342976418
v 0.0173809994 0.00507599954 0.0034277644
v 0.0173809994 0.00507599954 0.00572376419
v 0.0170799997 0.00524599943 0.00343076419
v 0.0170799997 0.00524599943 0.00571976416
v 0.0156610012 0.0124209989 0.00555176428
v 0.0170799997 0.00524599943 0.00343076419
v 0.0156609993 0.0124209989 0.00359976431
v 0.0170799997 0.00524599943 0.00571976416
v 0.0156609993 0.0124209989 0.00359976431
v 0.0164550003 0.0134899979 0.00552676432
v 0.0156610012 0.0124209989 0.00555176428
v 0.0164549984 0.0134899979 0.00362476427
v 0.0181159992 0.013861998 0.00363376434
v 0.018116001 0.013861998 0.00551776402
v 0.0207289997 0.00537799904 0.00571676437
v 0.0181159992 0.013861998 0.00363376434
v 0.0207289997 0.00537799904 0.00343476399
v 0.018116001 0.013861998 0.00551776402
v 0.0170799997 0.00524599943 -0.00687456876
v 0.0164549984 0.0134899979 -0.00668156892
v 0.0156609993 0.0124209989 -0.00670656888
v 0.0181159992 0.013861998 -0.00667256862
v 0.0205319989 0.00519499881 -0.00687656878
v 0.0173809994 0.005076 -0.00687856833
v 0.0207289997 0.00537799951 -0.0068715685
v 0.0156609993 0.0124209989 -0.00475456892
v 0.0173809994 0.005076 -0.004582569
v 0.0170799997 0.00524599943 -0.00458556926
v 0.0205319989 0.00519499881 -0.00458456948
v 0.0181159992 0.013861998 -0.00478856871
v 0.0164549984 0.0134899979 -0.00477956841
v 0.0207289997 0.00537799951 -0.00458956929
v 0.0205319989 0.00519499881 -0.00687656878
v 0.0207289997 0.00537799951 -0.00458956929
v 0.0207289997 0.00537799951 -0.0068715685
v 0.0205319989 0.00519499881 -0.00458456948
v 0.0173809994 0.005076 -0.004582569
v 0.0173809994 0.005076 -0.00687856833
v 0.0170799997 0.00524599943 -0.00458556926
v 0.0170799997 0.00524599943 -0.00687456876
v 0.0156609993 0.0124209989 -0.00670656888
v 0.0170799997 0.00524599943 -0.00458556926
v 0.0170799997 0.00524599943 -0.00687456876
v 0.0156609993 0.0124209989 -0.00475456892
v 0.0164549984 0.0134899979 -0.00668156892
v 0.0156609993 0.0124209989 -0.00475456892
v 0.0156609993 0.0124209989 -0.00670656888
v 0.0164549984 0.0134899979 -0.00477956841
v 0.0181159992 0.013861998 -0.00478856871
v 0.0181159992 0.013861998 -0.00667256862
v 0.0207289997 0.00537799951 -0.0068715685
v 0.0181159992 0.013861998 -0.00478856871
v 0.0181159992 0.013861998 -0.00667256862
v 0.0207289997 0.00537799951 -0.00458956929
v -0.00504499907 0.0233019982 -0.0117732342
v 1.32341627E-09 0.0233019982 0.010851766
v -0.0050449986 0.0233019982 0.010851766
v 3.34445943E-10 0.0233019982 -0.0117732342
v 2.62890404E-10 0.0205999985 -0.0107082352
v -0.00508099841 0.0205999985 0.00985076558
v 1.16155296E-09 0.0205999985 0.00985076465
v -0.00522499951 0.0205999985 -0.0107082352
v -0.00624699891 0.0205949992 0.00994976517
v -0.006391 0.0205940008 -0.0112292347
v -0.0124259982 0.0205949992 0.00994976517
v -0.013572 0.0205949992 -0.0100652333
v -0.0124259992 0.0205949992 -0.0112292338
v -0.013571999 0.0205949992 0.00872576516
v -0.00504499953 0.0223099981 -0.0124012353
v 3.34445943E-10 0.0233019982 -0.0117732342
v -0.00504499907 0.0233019982 -0.0117732342
v 2.63633504E-10 0.0223099981 -0.0124012353
v 2.3745457E-11 0.0168190002 -0.0123982346
v -0.00504499953 0.0168190002 -0.0123982346
v 9.86230472E-11 0.0168169998 -0.0106832348
v -0.00522499951 0.0205999985 -0.0107082352
v 2.62890404E-10 0.0205999985 -0.0107082352
v -0.0052240002 0.0168169998 -0.0106832348
v -0.006391 0.0205940008 -0.0112292347
v -0.00638999976 0.0158319995 -0.0112042343
v -0.0124259992 0.0205949992 -0.0112292338
v -0.0124259992 0.0158329997 -0.0112042325
v -0.00524500012 0.0236130003 -0.0139192352
v -0.0140050007 0.0168190002 -0.0139192343
v -0.00524500012 0.0168190002 -0.0139192352
v -0.0145039996 0.0236130003 -0.0139192343
v -0.0163049996 0.0168190002 -0.0116192335
v -0.0168040004 0.0236130003 -0.0116192335
v -0.0168039985 0.0236130003 0.0103307664
v -0.0163049977 0.0168190002 0.0103307664
v -0.0145039987 0.0236130003 0.0126307663
v -0.0140049988 0.0168190002 0.0126307663
v -0.00524499873 0.0236130003 0.0126307653
v -0.00524499873 0.0168190002 0.0126307653
v -0.0140050007 0.0168190002 -0.0139192343
v -0.00621100003 0.0158329997 -0.012919235
v -0.00524500012 0.0168190002 -0.0139192352
v -0.0130049996 0.0158329997 -0.0129192341
v -0.0124259992 0.0158329997 -0.0112042325
v -0.00638999976 0.0158319995 -0.0112042343
v -0.0135709997 0.0158329997 -0.0100392336
v -0.0153050004 0.0158330016 -0.0106192334
v -0.0163049996 0.0168190002 -0.0116192335
v -0.0135709988 0.0158329997 0.00875076558
v -0.0163049977 0.0168190002 0.0103307664
v -0.0153049994 0.0158330016 0.00933076534
v -0.0130049987 0.0158329997 0.0116307661
v -0.0124259982 0.0158329997 0.0099757649
v -0.0140049988 0.0168190002 0.0126307663
v -0.00621099863 0.0158329997 0.0116307652
v -0.00624599867 0.0158329997 0.0099757649
v -0.00524499873 0.0168190002 0.0126307653
v -0.0050449986 0.0168190002 0.0115317656
v 1.30116717E-09 0.0222129989 0.0114317657
v 1.06975906E-09 0.0168190002 0.0115317656
v -0.0050449986 0.0222129989 0.0114317657
v 1.32341627E-09 0.0233019982 0.010851766
v -0.0050449986 0.0233019982 0.010851766
v -0.00504499953 0.0168190002 -0.0123982346
v -0.00638999976 0.0158319995 -0.0112042343
v -0.0052240002 0.0168169998 -0.0106832348
v -0.00621100003 0.0158329997 -0.012919235
v -0.00524500012 0.0168190002 -0.0139192352
v -0.00504499953 0.0223099981 -0.0124012353
v -0.00524500012 0.0236130003 -0.0139192352
v -0.00504499907 0.0233019982 -0.0117732342
v -0.00611699931 0.0246129986 -0.012919235
v -0.00611699885 0.0246129986 0.0116307652
v -0.0050449986 0.0233019982 0.010851766
v -0.00524499873 0.0236130003 0.0126307653
v -0.0050449986 0.0222129989 0.0114317657
v -0.00524499873 0.0168190002 0.0126307653
v -0.0050449986 0.0168190002 0.0115317656
v -0.00621099863 0.0158329997 0.0116307652
v -0.00624599867 0.0158329997 0.0099757649
v -0.00507999863 0.016818 0.00987676531
v 9.86230472E-11 0.0168169998 -0.0106832348
v -0.00504499953 0.0168190002 -0.0123982346
v -0.0052240002 0.0168169998 -0.0106832348
v 2.3745457E-11 0.0168190002 -0.0123982346
v -0.0124259992 0.0158329997 -0.0112042325
v -0.013572 0.0205949992 -0.0100652333
v -0.0124259992 0.0205949992 -0.0112292338
v -0.0135709997 0.0158329997 -0.0100392336
v -0.013571999 0.0205949992 0.00872576516
v -0.0135709988 0.0158329997 0.00875076558
v -0.0124259982 0.0205949992 0.00994976517
v -0.0124259982 0.0158329997 0.0099757649
v -0.0124259982 0.0158329997 0.0099757649
v -0.00624699891 0.0205949992 0.00994976517
v -0.0124259982 0.0205949992 0.00994976517
v -0.00624599867 0.0158329997 0.0099757649
v -0.00507999863 0.016818 0.00987676531
v -0.00508099841 0.0205999985 0.00985076558
v 9.97373073E-10 0.016818 0.00987676438
v 1.16155296E-09 0.0205999985 0.00985076465
v -0.011820999 0.0230719987 0.00914076529
v -0.0135629987 0.0253570005 0.00739876553
v -0.011820999 0.0253570005 0.00914076529
v -0.0135629987 0.0230719987 0.00739876553
v -0.0135629997 0.0230719987 -0.00831323396
v -0.0135629997 0.0253570005 -0.00831323396
v -0.0118209999 0.0253570005 -0.0100552328
v -0.0118209999 0.0230719987 -0.0100552328
v 3.99488553E-10 0.0230719987 -0.0100552347
v -0.0118209999 0.0253570005 -0.0100552328
v -0.0118209999 0.0230719987 -0.0100552328
v 4.99369102E-10 0.0253570005 -0.0100552347
v -0.0111720003 0.0259569995 -0.00945523381
v 4.99369102E-10 0.0253570005 -0.0100552347
v 5.51822699E-10 0.0259569995 -0.00945523474
v -0.0118209999 0.0253570005 -0.0100552328
v -0.0129629988 0.0259569995 -0.00770623423
v -0.0135629997 0.0253570005 -0.00831323396
v -0.0129629988 0.0259569995 0.00678776531
v -0.0135629987 0.0253570005 0.00739876553
v -0.011820999 0.0253570005 0.00914076529
v -0.0111229988 0.0259569995 0.00854076538
v 1.33845302E-09 0.0253570005 0.00914076529
v 1.33845302E-09 0.0259569995 0.00854076445
v 9.97373073E-10 0.016818 0.00987676438
v -0.0050449986 0.0168190002 0.0115317656
v 1.06975906E-09 0.0168190002 0.0115317656
v -0.00507999863 0.016818 0.00987676531
v 5.51822699E-10 0.0259569995 -0.00945523474
v -0.0129629988 0.0259569995 -0.00770623423
v -0.0111720003 0.0259569995 -0.00945523381
v -0.0111229988 0.0259569995 0.00854076538
v 1.33845302E-09 0.0259569995 0.00854076445
v -0.0129629988 0.0259569995 0.00678776531
v -0.011820999 0.0230719987 0.00914076529
v 1.33845302E-09 0.0253570005 0.00914076529
v 1.23857247E-09 0.0230719987 0.00914076529
v -0.011820999 0.0253570005 0.00914076529
v 0.005045 0.0233019982 -0.0117732342
v 1.32341627E-09 0.0233019982 0.010851766
v 3.34445943E-10 0.0233019982 -0.0117732342
v 0.00504500093 0.0233019982 0.0108517641
v 0.00508100074 0.0205999985 0.00985076465
v 2.62890404E-10 0.0205999985 -0.0107082352
v 1.16155296E-09 0.0205999985 0.00985076465
v 0.00522499951 0.0205999985 -0.0107082352
v 0.00624700123 0.0205949992 0.00994976517
v 0.006391 0.0205940008 -0.0112292347
v 0.012426001 0.0205949992 0.00994976424
v 0.013572 0.0205949992 -0.0100652343
v 0.0135720009 0.0205949992 0.00872576423
v 0.0124259992 0.0205949992 -0.0112292347
v 3.34445943E-10 0.0233019982 -0.0117732342
v 0.00504499953 0.0223099981 -0.0124012353
v 0.005045 0.0233019982 -0.0117732342
v 2.63633504E-10 0.0223099981 -0.0124012353
v 2.3745457E-11 0.0168190002 -0.0123982346
v 0.00504499953 0.0168190002 -0.0123982346
v 0.00522499951 0.0205999985 -0.0107082352
v 9.86230472E-11 0.0168169998 -0.0106832348
v 2.62890404E-10 0.0205999985 -0.0107082352
v 0.0052240002 0.0168169998 -0.0106832348
v 0.006391 0.0205940008 -0.0112292347
v 0.00638999976 0.0158319995 -0.0112042343
v 0.0124259992 0.0205949992 -0.0112292347
v 0.0124259992 0.0158329997 -0.0112042343
v 0.0140050007 0.0168189984 -0.0139192352
v 0.00524500012 0.0236130003 -0.0139192352
v 0.00524500012 0.0168190002 -0.0139192352
v 0.0145039996 0.0236130003 -0.0139192352
v 0.0163049996 0.0168189984 -0.0116192354
v 0.0168040004 0.0236130003 -0.0116192354
v 0.0168040004 0.0236130003 0.0103307646
v 0.0163049996 0.0168189984 0.0103307646
v 0.0145040005 0.0236130003 0.0126307653
v 0.0140050016 0.0168189984 0.0126307653
v 0.00524500106 0.0236130003 0.0126307653
v 0.00524500106 0.0168190002 0.0126307653
v 0.00621100003 0.0158329997 -0.012919235
v 0.0140050007 0.0168189984 -0.0139192352
v 0.00524500012 0.0168190002 -0.0139192352
v 0.0130049996 0.0158329997 -0.012919235
v 0.0124259992 0.0158329997 -0.0112042343
v 0.00638999976 0.0158319995 -0.0112042343
v 0.0135709997 0.0158329997 -0.0100392355
v 0.0153050004 0.0158329979 -0.0106192352
v 0.0163049996 0.0168189984 -0.0116192354
v 0.0135710007 0.0158329997 0.00875076465
v 0.0163049996 0.0168189984 0.0103307646
v 0.0153050013 0.0158329979 0.00933076441
v 0.0130050015 0.0158329997 0.0116307652
v 0.012426001 0.0158329997 0.00997576397
v 0.0140050016 0.0168189984 0.0126307653
v 0.00621100096 0.0158329997 0.0116307652
v 0.00624600099 0.0158329997 0.0099757649
v 0.00524500106 0.0168190002 0.0126307653
v 1.30116717E-09 0.0222129989 0.0114317657
v 0.00504500093 0.0168190002 0.0115317637
v 1.06975906E-09 0.0168190002 0.0115317656
v 0.00504500093 0.0222129989 0.0114317639
v 1.32341627E-09 0.0233019982 0.010851766
v 0.00504500093 0.0233019982 0.0108517641
v 0.00638999976 0.0158319995 -0.0112042343
v 0.00504499953 0.0168190002 -0.0123982346
v 0.0052240002 0.0168169998 -0.0106832348
v 0.00621100003 0.0158329997 -0.012919235
v 0.00524500012 0.0168190002 -0.0139192352
v 0.00504499953 0.0223099981 -0.0124012353
v 0.00524500012 0.0236130003 -0.0139192352
v 0.005045 0.0233019982 -0.0117732342
v 0.00611700024 0.0246129986 -0.012919235
v 0.00611700118 0.0246129986 0.0116307652
v 0.00504500093 0.0233019982 0.0108517641
v 0.00524500106 0.0236130003 0.0126307653
v 0.00504500093 0.0222129989 0.0114317639
v 0.00524500106 0.0168190002 0.0126307653
v 0.00504500093 0.0168190002 0.0115317637
v 0.00621100096 0.0158329997 0.0116307652
v 0.00624600099 0.0158329997 0.0099757649
v 0.00508000143 0.016818 0.00987676438
v 9.86230472E-11 0.0168169998 -0.0106832348
v 0.00504499953 0.0168190002 -0.0123982346
v 2.3745457E-11 0.0168190002 -0.0123982346
v 0.0052240002 0.0168169998 -0.0106832348
v 0.013572 0.0205949992 -0.0100652343
v 0.0124259992 0.0158329997 -0.0112042343
v 0.0124259992 0.0205949992 -0.0112292347
v 0.0135709997 0.0158329997 -0.0100392355
v 0.0135720009 0.0205949992 0.00872576423
v 0.0135710007 0.0158329997 0.00875076465
v 0.012426001 0.0205949992 0.00994976424
v 0.012426001 0.0158329997 0.00997576397
v 0.00624700123 0.0205949992 0.00994976517
v 0.012426001 0.0158329997 0.00997576397
v 0.012426001 0.0205949992 0.00994976424
v 0.00624600099 0.0158329997 0.0099757649
v 0.00508000143 0.016818 0.00987676438
v 0.00508100074 0.0205999985 0.00985076465
v 9.97373073E-10 0.016818 0.00987676438
v 1.16155296E-09 0.0205999985 0.00985076465
v 0.0135630006 0.0253570005 0.00739876414
v 0.0118210018 0.0230719987 0.00914076436
v 0.0118210018 0.0253570005 0.00914076436
v 0.0135630006 0.0230719987 0.00739876414
v 0.0135629997 0.0230719987 -0.00831323583
v 0.0135629997 0.0253570005 -0.00831323583
v 0.0118209999 0.0253570005 -0.0100552347
v 0.0118209999 0.0230719987 -0.0100552347
v 3.99488553E-10 0.0230719987 -0.0100552347
v 0.0118209999 0.0253570005 -0.0100552347
v 4.99369102E-10 0.0253570005 -0.0100552347
v 0.0118209999 0.0230719987 -0.0100552347
v 4.99369102E-10 0.0253570005 -0.0100552347
v 0.0111720003 0.0259569995 -0.00945523567
v 5.51822699E-10 0.0259569995 -0.00945523474
v 0.0118209999 0.0253570005 -0.0100552347
v 0.0129630016 0.0259569995 -0.00770623563
v 0.0135629997 0.0253570005 -0.00831323583
v 0.0129630016 0.0259569995 0.00678776437
v 0.0135630006 0.0253570005 0.00739876414
v 0.0118210018 0.0253570005 0.00914076436
v 0.0111230016 0.0259569995 0.00854076445
v 1.33845302E-09 0.0253570005 0.00914076529
v 1.33845302E-09 0.0259569995 0.00854076445
v 9.97373073E-10 0.016818 0.00987676438
v 0.00504500093 0.0168190002 0.0115317637
v 0.00508000143 0.016818 0.00987676438
v 1.06975906E-09 0.0168190002 0.0115317656
v 0.0111230016 0.0259569995 0.00854076445
v 0.0129630016 0.0259569995 -0.00770623563
v 0.0129630016 0.0259569995 0.00678776437
v 5.51822699E-10 0.0259569995 -0.00945523474
v 1.33845302E-09 0.0259569995 0.00854076445
v 0.0111720003 0.0259569995 -0.00945523567
v 0.0118210018 0.0230719987 0.00914076436
v 1.33845302E-09 0.0253570005 0.00914076529
v 0.0118210018 0.0253570005 0.00914076436
v 1.23857247E-09 0.0230719987 0.00914076529
v -0.00456199935 0.00657999981 0.0105007645
v -0.00546199922 0.00748000015 0.0120037645
v -0.00546199922 0.00748000015 0.0105397655
v -0.00456199935 0.00657999981 0.0129037648
v -0.0128259994 0.00748000061 0.0105397655
v -0.0137649989 0.00658000028 0.0129037667
v -0.0128649985 0.00748000061 0.0120037664
v -0.0138259996 0.00748000061 0.00953976531
v -0.0153649999 0.00748000061 0.00950376503
v -0.0162649993 0.00658000028 0.0104037654
v -0.0162649993 0.00658000028 -0.0117342342
v -0.0153649999 0.00748000061 -0.0108342338
v -0.0138259996 0.00748000061 -0.0107762339
v -0.0137649998 0.00658000028 -0.0142342336
v -0.0128260003 0.00748000061 -0.011776234
v -0.0128649995 0.00748000061 -0.0133342333
v -0.00546200015 0.00748000015 -0.0133342342
v -0.00456200074 0.00657999981 -0.0142342346
v -0.00546200015 0.00748000015 -0.011776235
v -0.00456200028 0.00657999981 -0.0117982347
v 0.00546200015 0.00748000015 0.0120037645
v 0.00456200074 0.00657999981 0.0105007645
v 0.00546200015 0.00748000015 0.0105397636
v 0.00456200074 0.00657999981 0.0129037648
v 0.0128260013 0.00747999968 0.0105397636
v 0.0137650007 0.00657999935 0.0129037648
v 0.0128650004 0.00747999968 0.0120037645
v 0.0138259996 0.00747999968 0.00953976437
v 0.0153649999 0.00747999968 0.0095037641
v 0.0162649993 0.00657999935 0.0104037644
v 0.0162649993 0.00657999935 -0.0117342351
v 0.0153649999 0.00747999968 -0.0108342348
v 0.0138259996 0.00747999968 -0.0107762348
v 0.0137649998 0.00657999935 -0.0142342346
v 0.0128260003 0.00747999968 -0.011776235
v 0.0128649995 0.00747999968 -0.0133342342
v 0.00546199922 0.00748000015 -0.0133342342
v 0.00456199935 0.00657999981 -0.0142342346
v 0.00546199922 0.00748000015 -0.011776235
v 0.00456199981 0.00657999981 -0.0117982347
v 1.55005986E-09 0.0240639988 0.015274765
v 1.00112879E-06 0.0134019991 0.0162987653
v -0.00182699866 0.0168319996 0.015274765
v 0.00182700111 0.0168319996 0.015274765
v -0.00567699876 0.0191019997 0.015274765
v 0.00567700155 0.0191019997 0.015274765
v -0.0030839988 0.014694999 0.015274765
v 0.00308400113 0.014694999 0.015274765
v -0.00802899897 0.0134249991 0.015274765
v 0.00802900083 0.0134249991 0.015274765
v -0.00308899907 0.012143 0.015274765
v 0.0030890007 0.012143 0.015274765
v -0.00567699969 0.00774799986 0.015274765
v 0.00567700062 0.00774799986 0.015274765
v -0.00184199912 0.0100119989 0.015274765
v 0.00184200087 0.0100119989 0.015274765
v 6.18001983E-10 0.00274099992 0.015274765
v -0.00524499873 0.0236130003 0.0126307653
v -0.0135039985 0.0246129986 0.0116307661
v -0.00611699885 0.0246129986 0.0116307652
v -0.0145039987 0.0236130003 0.0126307663
v -0.0158039983 0.0246129986 0.00933076534
v -0.0168039985 0.0236130003 0.0103307664
v -0.0168040004 0.0236130003 -0.0116192335
v -0.0135039994 0.0246129986 -0.0129192341
v -0.00611699931 0.0246129986 -0.012919235
v -0.00524500012 0.0236130003 -0.0139192352
v -0.0145039996 0.0236130003 -0.0139192343
v -0.0158040002 0.0246129986 -0.0106192334
v 0.00524500106 0.0236130003 0.0126307653
v 0.0135040004 0.0246129986 0.0116307652
v 0.0145040005 0.0236130003 0.0126307653
v 0.00611700118 0.0246129986 0.0116307652
v 0.0158040002 0.0246129986 0.00933076441
v 0.0168040004 0.0236130003 0.0103307646
v 0.0168040004 0.0236130003 -0.0116192354
v 0.0135039994 0.0246129986 -0.012919235
v 0.00611700024 0.0246129986 -0.012919235
v 0.00524500012 0.0236130003 -0.0139192352
v 0.0145039996 0.0236130003 -0.0139192352
v 0.0158040002 0.0246129986 -0.0106192352
v -0.0126839979 0.0193959996 0.0133397663
v -0.00995199848 0.0175049994 0.0131397648
v -0.0130669987 0.0193959996 0.0131397657
v -0.00995199848 0.0212859977 0.0131397648
v -0.00995199848 0.0177379996 0.0133397644
v -0.00995199848 0.0210539997 0.0133397644
v -0.00721999863 0.0193959996 0.0133397644
v -0.00683699874 0.0193959996 0.0131397648
v -0.0126839979 0.00345517113 0.0143019911
v -0.00995199941 0.0015641707 0.0141019905
v -0.0130669987 0.00345517113 0.0141019914
v -0.00995199941 0.00534516992 0.0141019905
v -0.00995199941 0.00179717119 0.0143019902
v -0.00995199941 0.00511317188 0.0143019902
v -0.0072199991 0.0034551709 0.0143019902
v -0.00683699967 0.0034551709 0.0141019914
v 0.00995200034 0.0175049994 0.0131397648
v 0.0126840007 0.0193959996 0.0133397644
v 0.0130670005 0.0193959996 0.0131397648
v 0.00995200034 0.0212859977 0.0131397648
v 0.00995200034 0.0177379996 0.0133397644
v 0.00995200034 0.0210539997 0.0133397644
v 0.00722000096 0.0193959996 0.0133397644
v 0.00683700107 0.0193959996 0.0131397648
v 0.00995200034 0.00156416977 0.0141019905
v 0.0126840007 0.00345516996 0.0143019902
v 0.0130670005 0.00345516996 0.0141019905
v 0.00995200034 0.00534516852 0.0141019905
v 0.00995200034 0.00179717026 0.0143019902
v 0.00995200034 0.00511317048 0.0143019902
v 0.00722000049 0.00345517043 0.0143019902
v 0.0068370006 0.00345517043 0.0141019914
v 0.00531168561 0.0112501718 0.0150948251
v 0.00859900098 0.0134500004 0.0149927652
v 0.00794400088 0.0101600001 0.0149927652
v 0.00574970013 0.0134500004 0.0150948223
v 0.00406534318 0.00938465726 0.0150948232
v 0.00794400088 0.0167410001 0.0149927652
v 0.0060800002 0.00736999977 0.0149927652
v 0.00531171355 0.0156505089 0.0150948223
v 0.00220051035 0.00813828688 0.0150948223
v 0.00608000066 0.0195309985 0.0149927652
v 0.00329100061 0.00550600002 0.0149927652
v 0.00406538369 0.0175160505 0.0150948223
v 8.26947233E-10 0.00770105049 0.0150948251
v 0.00329100154 0.0213949978 0.0149927652
v 6.97950031E-10 0.00485199969 0.0149927652
v 0.00220053946 0.0187624507 0.0150948195
v -0.00220050872 0.00813828688 0.0150948223
v 1.44965484E-09 0.0220490005 0.0149927652
v -0.00329099945 0.00550600002 0.0149927652
v 1.32956901E-09 0.0191996992 0.0150948223
v -0.00406534132 0.00938465726 0.0150948232
v -0.00329099852 0.0213949978 0.0149927652
v -0.00607999926 0.00736999977 0.0149927652
v -0.0022005369 0.0187624507 0.0150948195
v -0.00531168329 0.0112501718 0.0150948251
v -0.00607999833 0.0195309985 0.0149927652
v -0.00794399809 0.0101600001 0.0149927652
v -0.00406538136 0.0175160505 0.0150948223
v -0.00574969733 0.0134500004 0.0150948213
v -0.00794399809 0.0167410001 0.0149927652
v -0.00859899819 0.0134500004 0.0149927652
v -0.00531171123 0.0156505089 0.0150948223
v 0.00270300126 0.0118659995 0.016734764
v 0.00312100095 0.0134259993 0.0159207657
v 0.00270300126 0.0118659995 0.0159207657
v 0.00312100095 0.0134259993 0.016734764
v 0.00270300126 0.0149870003 0.0159207657
v 0.00156000105 0.0107239997 0.016734764
v 0.00156000105 0.0107239997 0.0159207657
v 0.00270300126 0.0149870003 0.016734764
v 0.00156000117 0.0161290001 0.0159207657
v 1.01249731E-09 0.0103059988 0.016734764
v 9.76916215E-10 0.0103059988 0.0159207657
v 0.00156000128 0.0161290001 0.016734764
v 1.24971899E-09 0.016547 0.0159207657
v -0.00155999896 0.0107239997 0.016734764
v -0.00155999896 0.0107239997 0.0159207657
v 1.28529998E-09 0.016547 0.016734764
v -0.00155999884 0.0161290001 0.0159207657
v -0.0027029987 0.0118659995 0.016734764
v -0.0027029987 0.0118659995 0.0159207657
v -0.00155999861 0.0161290001 0.016734764
v -0.0027029987 0.0149870003 0.0159207657
v -0.00312099862 0.0134259993 0.016734764
v -0.00312099862 0.0134259993 0.0159207657
v -0.0027029987 0.0149870003 0.016734764
v 1.0324297E-09 0.0105619999 0.0169347655
v -0.00143199891 0.0109459991 0.0169347655
v -0.00248099887 0.0119939996 0.0169347655
v -0.00286499877 0.0134259993 0.0169347655
v -0.00248099864 0.0148590002 0.0169347655
v -0.00143199868 0.0159070008 0.0169347655
v 0.00143200101 0.0109459991 0.0169347655
v 1.28285216E-09 0.0162909999 0.0169347655
v 0.00248100096 0.0119939996 0.0169347655
v 0.00143200113 0.0159070008 0.0169347655
v 0.00286500109 0.0134259993 0.0169347655
v 0.0024810012 0.0148590002 0.0169347655
v 1.05839426E-09 0.0111559993 0.0169347655
v 0.00113500096 0.0114599997 0.0169347655
v -0.00113499886 0.0114599997 0.0169347655
v 0.00196700101 0.0122909993 0.0169347655
v 0.00227100123 0.0134259993 0.0169347655
v -0.00196699891 0.0122909993 0.0169347655
v 0.00196700124 0.0145619996 0.0169347655
v 0.00113500131 0.0153929992 0.0169347655
v -0.00227099867 0.0134259993 0.0169347655
v 1.25688771E-09 0.0156970005 0.0169347655
v -0.00196699891 0.0145619996 0.0169347655
v -0.00113499875 0.0153929992 0.0169347655
vt 0.64453125 0.340332031
vt 0.526855469 0.421386719
vt 0.64453125 0.421386719
vt 0.526855469 0.340332031
vt 0.483642578 0.421386719
vt 0.483642578 0.340332031
vt 0.211303711 0.340332031
vt 0.211303711 0.421386719
vt 0.16784668 0.340332031
vt 0.16784668 0.421386719
vt 0.0503234863 0.340332031
vt 0.0503234863 0.421386719
vt 0.688964844 0.421386719
vt 0.657714844 0.340332031
vt 0.657714844 0.421386719
vt 0.688964844 0.340332031
vt 0.0391845703 0.421386719
vt 0.00784301758 0.340332031
vt 0.00784301758 0.421386719
vt 0.0391845703 0.340332031
vt 0.9921875 0.959472656
vt 0.931640625 0.947753906
vt 0.931640625 0.959472656
vt 0.9921875 0.947753906
vt 0.795410156 0.959472656
vt 0.734863281 0.947753906
vt 0.734863281 0.959472656
vt 0.795410156 0.947753906
vt 0.861328125 0.959472656
vt 0.80078125 0.947753906
vt 0.80078125 0.959472656
vt 0.861328125 0.947753906
vt 0.926757812 0.959472656
vt 0.866210938 0.947753906
vt 0.866210938 0.959472656
vt 0.926757812 0.947753906
vt 0.991210938 0.943847656
vt 0.930664062 0.932617188
vt 0.930664062 0.943847656
vt 0.991210938 0.932617188
vt 0.793945312 0.943847656
vt 0.733886719 0.932617188
vt 0.733886719 0.943847656
vt 0.793945312 0.932617188
vt 0.859375 0.943847656
vt 0.798828125 0.932617188
vt 0.798828125 0.943847656
vt 0.859375 0.932617188
vt 0.925292969 0.943847656
vt 0.865234375 0.932617188
vt 0.865234375 0.943847656
vt 0.925292969 0.932617188
vt 0.526855469 0.421386719
vt 0.64453125 0.340332031
vt 0.64453125 0.421386719
vt 0.526855469 0.340332031
vt 0.483642578 0.421386719
vt 0.483642578 0.340332031
vt 0.211303711 0.340332031
vt 0.211303711 0.421386719
vt 0.16784668 0.340332031
vt 0.16784668 0.421386719
vt 0.0503234863 0.340332031
vt 0.0503234863 0.421386719
vt 0.688964844 0.421386719
vt 0.657714844 0.340332031
vt 0.688964844 0.340332031
vt 0.657714844 0.421386719
vt 0.0391845703 0.421386719
vt 0.00784301758 0.340332031
vt 0.0391845703 0.340332031
vt 0.00784301758 0.421386719
vt 0.9921875 0.959472656
vt 0.931640625 0.947753906
vt 0.9921875 0.947753906
vt 0.931640625 0.959472656
vt 0.795410156 0.959472656
vt 0.734863281 0.947753906
vt 0.795410156 0.947753906
vt 0.734863281 0.959472656
vt 0.861328125 0.959472656
vt 0.80078125 0.947753906
vt 0.861328125 0.947753906
vt 0.80078125 0.959472656
vt 0.926757812 0.959472656
vt 0.866210938 0.947753906
vt 0.926757812 0.947753906
vt 0.866210938 0.959472656
vt 0.991210938 0.943847656
vt 0.930664062 0.932617188
vt 0.991210938 0.932617188
vt 0.930664062 0.943847656
vt 0.793945312 0.943847656
vt 0.733886719 0.932617188
vt 0.793945312 0.932617188
vt 0.733886719 0.943847656
vt 0.859375 0.943847656
vt 0.798828125 0.932617188
vt 0.859375 0.932617188
vt 0.798828125 0.943847656
vt 0.925292969 0.943847656
vt 0.865234375 0.932617188
vt 0.925292969 0.932617188
vt 0.865234375 0.943847656
vt 0.483398438 0.248535156
vt 0.495605469 0.138183594
vt 0.483398438 0.138183594
vt 0.495605469 0.248535156
vt 0.505859375 0.138183594
vt 0.505859375 0.248535156
vt 0.525390625 0.138183594
vt 0.525390625 0.248535156
vt 0.914550781 0.168579102
vt 0.939941406 0.198974609
vt 0.939941406 0.168579102
vt 0.914550781 0.198974609
vt 0.914550781 0.151000977
vt 0.939941406 0.162719727
vt 0.939941406 0.151000977
vt 0.914550781 0.162719727
vt 0.895507812 0.079284668
vt 0.884765625 0.0556030273
vt 0.884765625 0.079284668
vt 0.895507812 0.0556030273
vt 0.939941406 0.205444336
vt 0.914550781 0.235961914
vt 0.939941406 0.235961914
vt 0.914550781 0.205444336
vt 0.939941406 0.242919922
vt 0.914550781 0.254394531
vt 0.939941406 0.254394531
vt 0.914550781 0.242919922
vt 0.770996094 0.079284668
vt 0.781738281 0.0556335449
vt 0.770996094 0.0556335449
vt 0.781738281 0.079284668
vt 0.533203125 0.248535156
vt 0.55078125 0.138183594
vt 0.533203125 0.138183594
vt 0.55078125 0.248535156
vt 0.633789062 0.670898438
vt 0.733886719 0.686035156
vt 0.733886719 0.670898438
vt 0.633789062 0.686035156
vt 0.733886719 0.694335938
vt 0.633789062 0.694335938
vt 0.733886719 0.704101562
vt 0.633789062 0.704101562
vt 0.633789062 0.603515625
vt 0.733886719 0.614257812
vt 0.733886719 0.603515625
vt 0.633789062 0.614257812
vt 0.633300781 0.248535156
vt 0.613769531 0.138183594
vt 0.613769531 0.248535156
vt 0.633300781 0.138183594
vt 0.642578125 0.138183594
vt 0.642578125 0.248535156
vt 0.939941406 0.0928344727
vt 0.914550781 0.123291016
vt 0.939941406 0.123291016
vt 0.914550781 0.0928344727
vt 0.939941406 0.132202148
vt 0.914550781 0.143798828
vt 0.939941406 0.143798828
vt 0.914550781 0.132202148
vt 0.834472656 0.079284668
vt 0.845214844 0.0556030273
vt 0.834472656 0.0556030273
vt 0.845214844 0.079284668
vt 0.733886719 0.572753906
vt 0.633789062 0.59375
vt 0.733886719 0.59375
vt 0.633789062 0.572753906
vt 0.918457031 0.0788574219
vt 0.946289062 0.0552368164
vt 0.918457031 0.0552368164
vt 0.946289062 0.0788574219
vt 0.901367188 0.0788574219
vt 0.912109375 0.0552368164
vt 0.901367188 0.0552368164
vt 0.912109375 0.0788574219
vt 0.828125 0.079284668
vt 0.817382812 0.0556335449
vt 0.817382812 0.079284668
vt 0.828125 0.0556335449
vt 0.586914062 0.248535156
vt 0.604492188 0.138183594
vt 0.586914062 0.138183594
vt 0.604492188 0.248535156
vt 0.877441406 0.079284668
vt 0.849609375 0.0556030273
vt 0.849609375 0.079284668
vt 0.877441406 0.0556030273
vt 0.633789062 0.622070312
vt 0.733886719 0.639160156
vt 0.733886719 0.622070312
vt 0.633789062 0.639160156
vt 0.633789062 0.647949219
vt 0.733886719 0.662109375
vt 0.733886719 0.647949219
vt 0.633789062 0.662109375
vt 0.00553512573 0.950683594
vt 0.050567627 0.933105469
vt 0.00553512573 0.933105469
vt 0.050567627 0.950683594
vt 0.095703125 0.933105469
vt 0.050567627 0.959472656
vt 0.00553512573 0.959472656
vt 0.095703125 0.959472656
vt 0.095703125 0.950683594
vt 0.140869141 0.933105469
vt 0.140869141 0.959472656
vt 0.140869141 0.950683594
vt 0.186035156 0.933105469
vt 0.186035156 0.959472656
vt 0.186035156 0.950683594
vt 0.231201172 0.933105469
vt 0.231201172 0.959472656
vt 0.231201172 0.950683594
vt 0.276367188 0.933105469
vt 0.276367188 0.959472656
vt 0.276367188 0.950683594
vt 0.321533203 0.933105469
vt 0.321533203 0.959472656
vt 0.321533203 0.950683594
vt 0.366699219 0.933105469
vt 0.366699219 0.959472656
vt 0.366699219 0.950683594
vt 0.411865234 0.933105469
vt 0.411865234 0.959472656
vt 0.411865234 0.950683594
vt 0.456787109 0.933105469
vt 0.45703125 0.959472656
vt 0.457275391 0.950683594
vt 0.501953125 0.933105469
vt 0.501953125 0.959472656
vt 0.501953125 0.950683594
vt 0.546875 0.933105469
vt 0.546875 0.959472656
vt 0.546875 0.950683594
vt 0.592285156 0.933105469
vt 0.592285156 0.959472656
vt 0.592285156 0.950683594
vt 0.637207031 0.933105469
vt 0.637207031 0.959472656
vt 0.637207031 0.950683594
vt 0.682617188 0.933105469
vt 0.682617188 0.959472656
vt 0.682617188 0.950683594
vt 0.727539062 0.933105469
vt 0.727539062 0.959472656
vt 0.727539062 0.950683594
vt 0.567871094 0.985351562
vt 0.49609375 0.994140625
vt 0.567871094 0.994140625
vt 0.49609375 0.985351562
vt 0.993164062 0.985351562
vt 0.920898438 0.994140625
vt 0.993164062 0.994140625
vt 0.920898438 0.985351562
vt 0.911132812 0.985351562
vt 0.868164062 0.994140625
vt 0.911132812 0.994140625
vt 0.868164062 0.985351562
vt 0.858398438 0.985351562
vt 0.809570312 0.994140625
vt 0.858398438 0.994140625
vt 0.809570312 0.985351562
vt 0.800292969 0.985351562
vt 0.750976562 0.994140625
vt 0.800292969 0.994140625
vt 0.750976562 0.985351562
vt 0.740722656 0.985351562
vt 0.691894531 0.994140625
vt 0.740722656 0.994140625
vt 0.691894531 0.985351562
vt 0.6796875 0.985351562
vt 0.630371094 0.994140625
vt 0.6796875 0.994140625
vt 0.630371094 0.985351562
vt 0.620117188 0.985351562
vt 0.577148438 0.994140625
vt 0.620117188 0.994140625
vt 0.577148438 0.985351562
vt 0.488037109 0.985351562
vt 0.416503906 0.994140625
vt 0.488037109 0.994140625
vt 0.416503906 0.985351562
vt 0.0780639648 0.985351562
vt 0.00597763062 0.994140625
vt 0.0780639648 0.994140625
vt 0.00597763062 0.985351562
vt 0.182617188 0.985351562
vt 0.133544922 0.994140625
vt 0.182617188 0.994140625
vt 0.133544922 0.985351562
vt 0.127075195 0.985351562
vt 0.0842895508 0.994140625
vt 0.127075195 0.994140625
vt 0.0842895508 0.985351562
vt 0.300048828 0.985351562
vt 0.250976562 0.994140625
vt 0.300048828 0.994140625
vt 0.250976562 0.985351562
vt 0.242797852 0.985351562
vt 0.193725586 0.994140625
vt 0.242797852 0.994140625
vt 0.193725586 0.985351562
vt 0.407958984 0.985351562
vt 0.364990234 0.994140625
vt 0.407958984 0.994140625
vt 0.364990234 0.985351562
vt 0.355712891 0.985351562
vt 0.306640625 0.994140625
vt 0.355712891 0.994140625
vt 0.306640625 0.985351562
vt 0.0591430664 0.658203125
vt 0.233398438 0.643066406
vt 0.0955810547 0.643066406
vt 0.269775391 0.658203125
vt 0.290771484 0.673339844
vt 0.0382080078 0.673339844
vt 0.288818359 0.678710938
vt 0.0399780273 0.678710938
vt 0.294433594 0.684082031
vt 0.034576416 0.684082031
vt 0.313964844 0.704589844
vt 0.0150756836 0.704589844
vt 0.322021484 0.717285156
vt 0.00699996948 0.717285156
vt 0.319580078 0.725097656
vt 0.0093536377 0.725097656
vt 0.697265625 0.965820312
vt 0.470458984 0.979492188
vt 0.697265625 0.979492188
vt 0.470458984 0.965820312
vt 0.994140625 0.965820312
vt 0.987792969 0.979492188
vt 0.994140625 0.979492188
vt 0.987792969 0.965820312
vt 0.977050781 0.979492188
vt 0.977050781 0.965820312
vt 0.956054688 0.979492188
vt 0.956054688 0.965820312
vt 0.950683594 0.979492188
vt 0.950683594 0.965820312
vt 0.946289062 0.979492188
vt 0.946289062 0.965820312
vt 0.927246094 0.979492188
vt 0.927246094 0.965820312
vt 0.899414062 0.979492188
vt 0.899414062 0.965820312
vt 0.801757812 0.979492188
vt 0.801757812 0.965820312
vt 0.7734375 0.979492188
vt 0.7734375 0.965820312
vt 0.754882812 0.979492188
vt 0.754882812 0.965820312
vt 0.750488281 0.979492188
vt 0.750488281 0.965820312
vt 0.745117188 0.979492188
vt 0.745117188 0.965820312
vt 0.724121094 0.979492188
vt 0.724121094 0.965820312
vt 0.713378906 0.979492188
vt 0.713378906 0.965820312
vt 0.706542969 0.979492188
vt 0.706542969 0.965820312
vt 0.172607422 0.306396484
vt 0.254638672 0.332519531
vt 0.254638672 0.306396484
vt 0.172607422 0.332519531
vt 0.373535156 0.332519531
vt 0.44921875 0.306396484
vt 0.373535156 0.306396484
vt 0.44921875 0.332519531
vt 0.264648438 0.332519531
vt 0.364990234 0.306396484
vt 0.264648438 0.306396484
vt 0.364990234 0.332519531
vt 0.557128906 0.306396484
vt 0.459716797 0.332519531
vt 0.557128906 0.332519531
vt 0.459716797 0.306396484
vt 0.727539062 0.248046875
vt 0.651367188 0.146240234
vt 0.651367188 0.248046875
vt 0.727539062 0.146240234
vt 0.622558594 0.587890625
vt 0.599121094 0.702148438
vt 0.612792969 0.690917969
vt 0.577636719 0.700195312
vt 0.580566406 0.572753906
vt 0.619628906 0.584472656
vt 0.577636719 0.57421875
vt 0.530761719 0.690917969
vt 0.523925781 0.584472656
vt 0.520996094 0.587890625
vt 0.562988281 0.572753906
vt 0.56640625 0.700195312
vt 0.544433594 0.702148438
vt 0.56640625 0.57421875
vt 0.946289062 0.928222656
vt 0.942871094 0.899902344
vt 0.942871094 0.928222656
vt 0.946289062 0.899902344
vt 0.985351562 0.899902344
vt 0.985351562 0.928222656
vt 0.989746094 0.899902344
vt 0.989746094 0.928222656
vt 0.771484375 0.928222656
vt 0.680664062 0.899902344
vt 0.680664062 0.928222656
vt 0.771484375 0.899902344
vt 0.794433594 0.928222656
vt 0.777832031 0.899902344
vt 0.777832031 0.928222656
vt 0.794433594 0.899902344
vt 0.815429688 0.899902344
vt 0.815429688 0.928222656
vt 0.936035156 0.928222656
vt 0.826171875 0.899902344
vt 0.826171875 0.928222656
vt 0.936035156 0.899902344
vt 0.622558594 0.587890625
vt 0.580566406 0.572753906
vt 0.619628906 0.584472656
vt 0.577636719 0.700195312
vt 0.577636719 0.57421875
vt 0.599121094 0.702148438
vt 0.612792969 0.690917969
vt 0.530761719 0.690917969
vt 0.56640625 0.700195312
vt 0.544433594 0.702148438
vt 0.562988281 0.572753906
vt 0.56640625 0.57421875
vt 0.523925781 0.584472656
vt 0.520996094 0.587890625
vt 0.942871094 0.899902344
vt 0.946289062 0.928222656
vt 0.942871094 0.928222656
vt 0.946289062 0.899902344
vt 0.985351562 0.899902344
vt 0.985351562 0.928222656
vt 0.989746094 0.899902344
vt 0.989746094 0.928222656
vt 0.771484375 0.928222656
vt 0.680664062 0.899902344
vt 0.771484375 0.899902344
vt 0.680664062 0.928222656
vt 0.777832031 0.899902344
vt 0.794433594 0.928222656
vt 0.777832031 0.928222656
vt 0.794433594 0.899902344
vt 0.815429688 0.899902344
vt 0.815429688 0.928222656
vt 0.936035156 0.928222656
vt 0.826171875 0.899902344
vt 0.936035156 0.899902344
vt 0.826171875 0.928222656
vt 0.172607422 0.306396484
vt 0.254638672 0.332519531
vt 0.172607422 0.332519531
vt 0.254638672 0.306396484
vt 0.373535156 0.332519531
vt 0.44921875 0.306396484
vt 0.44921875 0.332519531
vt 0.373535156 0.306396484
vt 0.264648438 0.332519531
vt 0.364990234 0.306396484
vt 0.364990234 0.332519531
vt 0.264648438 0.306396484
vt 0.557128906 0.306396484
vt 0.459716797 0.332519531
vt 0.459716797 0.306396484
vt 0.557128906 0.332519531
vt 0.727539062 0.248046875
vt 0.651367188 0.146240234
vt 0.727539062 0.146240234
vt 0.651367188 0.248046875
vt 0.622558594 0.587890625
vt 0.580566406 0.572753906
vt 0.619628906 0.584472656
vt 0.577636719 0.700195312
vt 0.577636719 0.57421875
vt 0.599121094 0.702148438
vt 0.612792969 0.690917969
vt 0.530761719 0.690917969
vt 0.56640625 0.700195312
vt 0.544433594 0.702148438
vt 0.562988281 0.572753906
vt 0.56640625 0.57421875
vt 0.523925781 0.584472656
vt 0.520996094 0.587890625
vt 0.942871094 0.899902344
vt 0.946289062 0.928222656
vt 0.942871094 0.928222656
vt 0.946289062 0.899902344
vt 0.985351562 0.899902344
vt 0.985351562 0.928222656
vt 0.989746094 0.899902344
vt 0.989746094 0.928222656
vt 0.771484375 0.928222656
vt 0.680664062 0.899902344
vt 0.771484375 0.899902344
vt 0.680664062 0.928222656
vt 0.777832031 0.899902344
vt 0.794433594 0.928222656
vt 0.777832031 0.928222656
vt 0.794433594 0.899902344
vt 0.815429688 0.899902344
vt 0.815429688 0.928222656
vt 0.936035156 0.928222656
vt 0.826171875 0.899902344
vt 0.936035156 0.899902344
vt 0.826171875 0.928222656
vt 0.622558594 0.587890625
vt 0.599121094 0.702148438
vt 0.612792969 0.690917969
vt 0.577636719 0.700195312
vt 0.580566406 0.572753906
vt 0.619628906 0.584472656
vt 0.577636719 0.57421875
vt 0.530761719 0.690917969
vt 0.523925781 0.584472656
vt 0.520996094 0.587890625
vt 0.562988281 0.572753906
vt 0.56640625 0.700195312
vt 0.544433594 0.702148438
vt 0.56640625 0.57421875
vt 0.946289062 0.928222656
vt 0.942871094 0.899902344
vt 0.942871094 0.928222656
vt 0.946289062 0.899902344
vt 0.985351562 0.899902344
vt 0.985351562 0.928222656
vt 0.989746094 0.899902344
vt 0.989746094 0.928222656
vt 0.771484375 0.928222656
vt 0.680664062 0.899902344
vt 0.680664062 0.928222656
vt 0.771484375 0.899902344
vt 0.794433594 0.928222656
vt 0.777832031 0.899902344
vt 0.777832031 0.928222656
vt 0.794433594 0.899902344
vt 0.815429688 0.899902344
vt 0.815429688 0.928222656
vt 0.936035156 0.928222656
vt 0.826171875 0.899902344
vt 0.826171875 0.928222656
vt 0.936035156 0.899902344
vt 0.130004883 0.634765625
vt 0.388427734 0.57421875
vt 0.388427734 0.634765625
vt 0.130004883 0.57421875
vt 0.0578613281 0.818847656
vt 0.209472656 0.787109375
vt 0.209472656 0.818847656
vt 0.0578613281 0.786132812
vt 0.210205078 0.779785156
vt 0.0540466309 0.778808594
vt 0.210205078 0.741210938
vt 0.0626220703 0.734375
vt 0.0540466309 0.741210938
vt 0.201171875 0.734375
vt 0.106445312 0.634765625
vt 0.119873047 0.57421875
vt 0.119873047 0.634765625
vt 0.106445312 0.57421875
vt 0.043762207 0.57421875
vt 0.043762207 0.634765625
vt 0.676269531 0.879882812
vt 0.639648438 0.854492188
vt 0.676269531 0.854492188
vt 0.639648438 0.879882812
vt 0.630859375 0.854492188
vt 0.630859375 0.887207031
vt 0.588867188 0.854492188
vt 0.588867188 0.887207031
vt 0.764648438 0.087097168
vt 0.649414062 0.00570297241
vt 0.764648438 0.00570297241
vt 0.649414062 0.087097168
vt 0.607421875 0.00570297241
vt 0.607421875 0.087097168
vt 0.326416016 0.087097168
vt 0.326416016 0.00570297241
vt 0.284667969 0.087097168
vt 0.284667969 0.00570297241
vt 0.169555664 0.087097168
vt 0.169555664 0.00570297241
vt 0.776367188 0.270751953
vt 0.758789062 0.176513672
vt 0.776367188 0.164916992
vt 0.758789062 0.257568359
vt 0.736816406 0.250488281
vt 0.736816406 0.178588867
vt 0.72265625 0.262939453
vt 0.729980469 0.283691406
vt 0.743164062 0.300048828
vt 0.482421875 0.262939453
vt 0.461425781 0.300048828
vt 0.474853516 0.283691406
vt 0.446289062 0.257080078
vt 0.467285156 0.249755859
vt 0.428955078 0.269775391
vt 0.446289062 0.17590332
vt 0.467285156 0.176269531
vt 0.428955078 0.164306641
vt 0.477050781 0.634765625
vt 0.415527344 0.57421875
vt 0.477050781 0.57421875
vt 0.415527344 0.634765625
vt 0.401367188 0.57421875
vt 0.401367188 0.634765625
vt 0.0263824463 0.751464844
vt 0.0453796387 0.733398438
vt 0.0453796387 0.751464844
vt 0.020111084 0.733398438
vt 0.00687789917 0.750976562
vt 0.0263824463 0.816894531
vt 0.00687789917 0.832519531
vt 0.034362793 0.828613281
vt 0.0196990967 0.848632812
vt 0.333496094 0.848632812
vt 0.323486328 0.828613281
vt 0.345947266 0.832519531
vt 0.331298828 0.815917969
vt 0.345947266 0.750976562
vt 0.331298828 0.751464844
vt 0.333007812 0.733398438
vt 0.311035156 0.733398438
vt 0.311035156 0.751464844
vt 0.00865936279 0.57421875
vt 0.0282440186 0.634765625
vt 0.00865936279 0.634765625
vt 0.0282440186 0.57421875
vt 0.583496094 0.887207031
vt 0.571289062 0.854492188
vt 0.583496094 0.854492188
vt 0.571289062 0.887207031
vt 0.432861328 0.854492188
vt 0.432861328 0.887207031
vt 0.420654297 0.854492188
vt 0.420654297 0.887207031
vt 0.412109375 0.887207031
vt 0.370605469 0.854492188
vt 0.412109375 0.854492188
vt 0.370605469 0.887207031
vt 0.362792969 0.881347656
vt 0.362792969 0.854492188
vt 0.328857422 0.881347656
vt 0.328857422 0.854492188
vt 0.337646484 0.125610352
vt 0.369628906 0.0977783203
vt 0.337646484 0.0977783203
vt 0.369628906 0.125610352
vt 0.574707031 0.125732422
vt 0.574707031 0.0979003906
vt 0.606933594 0.0979003906
vt 0.606933594 0.125732422
vt 0.771972656 0.125732422
vt 0.617675781 0.0979003906
vt 0.617675781 0.125732422
vt 0.771972656 0.0979003906
vt 0.410644531 0.165649414
vt 0.421386719 0.298583984
vt 0.410644531 0.298583984
vt 0.421386719 0.157714844
vt 0.388427734 0.14453125
vt 0.396484375 0.134643555
vt 0.203735352 0.14453125
vt 0.195556641 0.134643555
vt 0.171020508 0.157836914
vt 0.181640625 0.166259766
vt 0.170898438 0.298583984
vt 0.181640625 0.298583984
vt 0.506835938 0.57421875
vt 0.487792969 0.634765625
vt 0.487792969 0.57421875
vt 0.506835938 0.634765625
vt 0.403808594 0.298583984
vt 0.383056641 0.153564453
vt 0.403808594 0.173461914
vt 0.188354492 0.174072266
vt 0.188232422 0.298583984
vt 0.209106445 0.153564453
vt 0.323730469 0.125610352
vt 0.169677734 0.0977783203
vt 0.169677734 0.125610352
vt 0.323730469 0.0977783203
vt 0.130004883 0.634765625
vt 0.388427734 0.57421875
vt 0.130004883 0.57421875
vt 0.388427734 0.634765625
vt 0.209472656 0.787109375
vt 0.0578613281 0.818847656
vt 0.209472656 0.818847656
vt 0.0578613281 0.786132812
vt 0.210205078 0.779785156
vt 0.0540466309 0.778808594
vt 0.210205078 0.741210938
vt 0.0626220703 0.734375
vt 0.201171875 0.734375
vt 0.0540466309 0.741210938
vt 0.119873047 0.57421875
vt 0.106445312 0.634765625
vt 0.119873047 0.634765625
vt 0.106445312 0.57421875
vt 0.043762207 0.57421875
vt 0.043762207 0.634765625
vt 0.639648438 0.854492188
vt 0.676269531 0.879882812
vt 0.676269531 0.854492188
vt 0.639648438 0.879882812
vt 0.630859375 0.854492188
vt 0.630859375 0.887207031
vt 0.588867188 0.854492188
vt 0.588867188 0.887207031
vt 0.649414062 0.00570297241
vt 0.764648438 0.087097168
vt 0.764648438 0.00570297241
vt 0.649414062 0.087097168
vt 0.607421875 0.00570297241
vt 0.607421875 0.087097168
vt 0.326416016 0.087097168
vt 0.326416016 0.00570297241
vt 0.284667969 0.087097168
vt 0.284667969 0.00570297241
vt 0.169555664 0.087097168
vt 0.169555664 0.00570297241
vt 0.758789062 0.176513672
vt 0.776367188 0.270751953
vt 0.776367188 0.164916992
vt 0.758789062 0.257568359
vt 0.736816406 0.250488281
vt 0.736816406 0.178588867
vt 0.72265625 0.262939453
vt 0.729980469 0.283691406
vt 0.743164062 0.300048828
vt 0.482421875 0.262939453
vt 0.461425781 0.300048828
vt 0.474853516 0.283691406
vt 0.446289062 0.257080078
vt 0.467285156 0.249755859
vt 0.428955078 0.269775391
vt 0.446289062 0.17590332
vt 0.467285156 0.176269531
vt 0.428955078 0.164306641
vt 0.415527344 0.57421875
vt 0.477050781 0.634765625
vt 0.477050781 0.57421875
vt 0.415527344 0.634765625
vt 0.401367188 0.57421875
vt 0.401367188 0.634765625
vt 0.0453796387 0.733398438
vt 0.0263824463 0.751464844
vt 0.0453796387 0.751464844
vt 0.020111084 0.733398438
vt 0.00687789917 0.750976562
vt 0.0263824463 0.816894531
vt 0.00687789917 0.832519531
vt 0.034362793 0.828613281
vt 0.0196990967 0.848632812
vt 0.333496094 0.848632812
vt 0.323486328 0.828613281
vt 0.345947266 0.832519531
vt 0.331298828 0.815917969
vt 0.345947266 0.750976562
vt 0.331298828 0.751464844
vt 0.333007812 0.733398438
vt 0.311035156 0.733398438
vt 0.311035156 0.751464844
vt 0.00865936279 0.57421875
vt 0.0282440186 0.634765625
vt 0.0282440186 0.57421875
vt 0.00865936279 0.634765625
vt 0.571289062 0.854492188
vt 0.583496094 0.887207031
vt 0.583496094 0.854492188
vt 0.571289062 0.887207031
vt 0.432861328 0.854492188
vt 0.432861328 0.887207031
vt 0.420654297 0.854492188
vt 0.420654297 0.887207031
vt 0.370605469 0.854492188
vt 0.412109375 0.887207031
vt 0.412109375 0.854492188
vt 0.370605469 0.887207031
vt 0.362792969 0.881347656
vt 0.362792969 0.854492188
vt 0.328857422 0.881347656
vt 0.328857422 0.854492188
vt 0.369628906 0.0977783203
vt 0.337646484 0.125610352
vt 0.337646484 0.0977783203
vt 0.369628906 0.125610352
vt 0.574707031 0.125732422
vt 0.574707031 0.0979003906
vt 0.606933594 0.0979003906
vt 0.606933594 0.125732422
vt 0.771972656 0.125732422
vt 0.617675781 0.0979003906
vt 0.771972656 0.0979003906
vt 0.617675781 0.125732422
vt 0.421386719 0.298583984
vt 0.410644531 0.165649414
vt 0.410644531 0.298583984
vt 0.421386719 0.157714844
vt 0.388427734 0.14453125
vt 0.396484375 0.134643555
vt 0.203735352 0.14453125
vt 0.195556641 0.134643555
vt 0.171020508 0.157836914
vt 0.181640625 0.166259766
vt 0.170898438 0.298583984
vt 0.181640625 0.298583984
vt 0.506835938 0.57421875
vt 0.487792969 0.634765625
vt 0.506835938 0.634765625
vt 0.487792969 0.57421875
vt 0.188354492 0.174072266
vt 0.383056641 0.153564453
vt 0.209106445 0.153564453
vt 0.403808594 0.298583984
vt 0.188232422 0.298583984
vt 0.403808594 0.173461914
vt 0.323730469 0.125610352
vt 0.169677734 0.0977783203
vt 0.323730469 0.0977783203
vt 0.169677734 0.125610352
vt 0.833007812 0.611816406
vt 0.846679688 0.627929688
vt 0.846679688 0.610839844
vt 0.833007812 0.642578125
vt 0.940429688 0.610839844
vt 0.954101562 0.642578125
vt 0.94140625 0.627929688
vt 0.952636719 0.599121094
vt 0.972167969 0.598632812
vt 0.987792969 0.609863281
vt 0.987792969 0.346191406
vt 0.971679688 0.357421875
vt 0.952148438 0.358154297
vt 0.953613281 0.313720703
vt 0.940429688 0.346679688
vt 0.940917969 0.328369141
vt 0.846191406 0.328369141
vt 0.832519531 0.313720703
vt 0.846679688 0.346679688
vt 0.832519531 0.345703125
vt 0.846679688 0.627929688
vt 0.833007812 0.611816406
vt 0.846679688 0.610839844
vt 0.833007812 0.642578125
vt 0.940429688 0.610839844
vt 0.954101562 0.642578125
vt 0.94140625 0.627929688
vt 0.952636719 0.599121094
vt 0.972167969 0.598632812
vt 0.987792969 0.609863281
vt 0.987792969 0.346191406
vt 0.971679688 0.357421875
vt 0.952148438 0.358154297
vt 0.953613281 0.313720703
vt 0.940429688 0.346679688
vt 0.940917969 0.328369141
vt 0.846191406 0.328369141
vt 0.832519531 0.313720703
vt 0.846679688 0.346679688
vt 0.832519531 0.345703125
vt 0.889160156 0.893554688
vt 0.889160156 0.772460938
vt 0.865234375 0.8125
vt 0.913085938 0.8125
vt 0.815917969 0.837402344
vt 0.962402344 0.837402344
vt 0.84765625 0.787597656
vt 0.930664062 0.787597656
vt 0.78515625 0.772460938
vt 0.993164062 0.772460938
vt 0.84765625 0.757324219
vt 0.930664062 0.757324219
vt 0.815917969 0.707519531
vt 0.962890625 0.707519531
vt 0.865234375 0.732421875
vt 0.913574219 0.732421875
vt 0.889160156 0.650878906
vt 0.159423828 0.00637817383
vt 0.053894043 0.0228729248
vt 0.148071289 0.0228729248
vt 0.0397949219 0.00637817383
vt 0.0251464844 0.0497741699
vt 0.00743865967 0.0374145508
vt 0.00743865967 0.299316406
vt 0.0539550781 0.313964844
vt 0.148071289 0.313964844
vt 0.159057617 0.330322266
vt 0.040222168 0.330322266
vt 0.0251464844 0.286865234
vt 0.159423828 0.00637817383
vt 0.053894043 0.0228729248
vt 0.0397949219 0.00637817383
vt 0.148071289 0.0228729248
vt 0.0251464844 0.0497741699
vt 0.00743865967 0.0374145508
vt 0.00743865967 0.299316406
vt 0.0539550781 0.313964844
vt 0.148071289 0.313964844
vt 0.159057617 0.330322266
vt 0.040222168 0.330322266
vt 0.0251464844 0.286865234
vt 0.747070312 0.352294922
vt 0.781738281 0.328857422
vt 0.741699219 0.352294922
vt 0.781738281 0.375976562
vt 0.781738281 0.332519531
vt 0.781738281 0.372314453
vt 0.815917969 0.352294922
vt 0.821777344 0.352294922
vt 0.704589844 0.390625
vt 0.738769531 0.366943359
vt 0.698730469 0.390380859
vt 0.738769531 0.4140625
vt 0.738769531 0.370605469
vt 0.738769531 0.410400391
vt 0.772949219 0.390380859
vt 0.778808594 0.390625
vt 0.781738281 0.328857422
vt 0.747070312 0.352294922
vt 0.741699219 0.352294922
vt 0.781738281 0.375976562
vt 0.781738281 0.332519531
vt 0.781738281 0.372314453
vt 0.815917969 0.352294922
vt 0.821777344 0.352294922
vt 0.738769531 0.366943359
vt 0.704589844 0.390625
vt 0.698730469 0.390380859
vt 0.738769531 0.4140625
vt 0.738769531 0.370605469
vt 0.738769531 0.410400391
vt 0.772949219 0.390380859
vt 0.778808594 0.390625
vt 0.896484375 0.471679688
vt 0.938964844 0.498046875
vt 0.930175781 0.458740234
vt 0.90234375 0.498046875
vt 0.880859375 0.449462891
vt 0.930175781 0.537597656
vt 0.906738281 0.425292969
vt 0.896484375 0.524414062
vt 0.856933594 0.434570312
vt 0.906738281 0.570800781
vt 0.870605469 0.403076172
vt 0.880859375 0.546875
vt 0.828613281 0.429443359
vt 0.870605469 0.593261719
vt 0.828613281 0.395263672
vt 0.856933594 0.561523438
vt 0.800292969 0.434570312
vt 0.828613281 0.601074219
vt 0.786621094 0.403076172
vt 0.828613281 0.566894531
vt 0.776367188 0.449462891
vt 0.786621094 0.593261719
vt 0.750976562 0.425292969
vt 0.800292969 0.561523438
vt 0.760742188 0.471679688
vt 0.750976562 0.570800781
vt 0.727050781 0.458740234
vt 0.776367188 0.546875
vt 0.754882812 0.498046875
vt 0.727050781 0.537597656
vt 0.718261719 0.498046875
vt 0.760742188 0.524414062
vt 0.620605469 0.751953125
vt 0.642578125 0.778808594
vt 0.6328125 0.745117188
vt 0.627929688 0.778808594
vt 0.6328125 0.812011719
vt 0.599609375 0.732421875
vt 0.606445312 0.720703125
vt 0.620605469 0.805664062
vt 0.606933594 0.836914062
vt 0.570800781 0.725097656
vt 0.5703125 0.711425781
vt 0.599121094 0.825195312
vt 0.570800781 0.845703125
vt 0.541992188 0.732421875
vt 0.534667969 0.720703125
vt 0.570800781 0.832519531
vt 0.534667969 0.836914062
vt 0.520996094 0.751953125
vt 0.508300781 0.745117188
vt 0.541992188 0.825195312
vt 0.508300781 0.8125
vt 0.513183594 0.778808594
vt 0.498779297 0.778808594
vt 0.520996094 0.805664062
vt 0.570800781 0.73046875
vt 0.544921875 0.737304688
vt 0.525878906 0.754394531
vt 0.519042969 0.778808594
vt 0.525878906 0.802734375
vt 0.544921875 0.8203125
vt 0.596679688 0.737304688
vt 0.570800781 0.826660156
vt 0.615234375 0.754882812
vt 0.596191406 0.8203125
vt 0.622070312 0.778808594
vt 0.615234375 0.802734375
vt 0.570800781 0.740722656
vt 0.591308594 0.745605469
vt 0.550292969 0.745605469
vt 0.605957031 0.759765625
vt 0.611328125 0.778808594
vt 0.53515625 0.759765625
vt 0.605957031 0.797851562
vt 0.590820312 0.812011719
vt 0.529785156 0.778808594
vt 0.570800781 0.816894531
vt 0.53515625 0.797851562
vt 0.550292969 0.811523438
vn 1.46336419E-07 0 1
vn -0.184009358 0.0199591257 0.982721865
vn 3.82837527E-07 0 1
vn -0.215507552 0.0233755745 0.976222336
vn -0.988706589 0.107242793 0.104681984
vn -0.989576459 0.10733711 0.0960059613
vn -0.989576459 0.107337125 -0.0960059389
vn -0.988706589 0.107242793 -0.104681917
vn -0.215507492 0.0233755931 -0.976222336
vn -0.184009671 0.0199591406 -0.982721865
vn -0 0 -1
vn 1.91418764E-07 0 -1
vn 1 0 0
vn 1 0 0
vn 1 0 0
vn 1 0 0
vn 1 0 -1.22096679E-07
vn 1 0 -1.2148567E-07
vn 1 0 -1.22341291E-07
vn 1 0 -1.21246231E-07
vn -0.518928587 -0.854817569 0
vn -0.518928111 -0.854817927 0
vn -0.518928051 -0.854817927 0
vn -0.518928647 -0.854817569 0
vn 0.518928528 -0.854817688 0
vn 0.518928528 -0.854817688 0
vn 0.518928468 -0.854817688 0
vn 0.518928468 -0.854817688 0
vn 0.518726945 0.854939938 0
vn 0.518727779 0.854939461 0
vn 0.518727899 0.854939401 0
vn 0.518726945 0.854939997 0
vn -0.518726826 0.854940057 0
vn -0.518727899 0.854939401 0
vn -0.518728077 0.854939282 0
vn -0.518726707 0.854940057 0
vn -0.51892817 -0.854817867 1.37558544E-07
vn -0.518927455 -0.854818285 5.11475207E-07
vn -0.518927217 -0.854818463 6.4903378E-07
vn -0.518928468 -0.854817688 0
vn 0.518928051 -0.854817927 0
vn 0.518928468 -0.854817688 0
vn 0.518928587 -0.854817569 0
vn 0.518927991 -0.854817927 0
vn 0.518727541 0.85493964 0
vn 0.518727541 0.85493964 0
vn 0.518727481 0.85493964 0
vn 0.518727541 0.85493964 0
vn -0.518726826 0.854939997 0
vn -0.518726945 0.854939938 0
vn -0.518727005 0.854939938 0
vn -0.518726826 0.854940057 0
vn 0.184009686 0.0199590046 0.982721865
vn -0 0 1
vn -0 0 1
vn 0.215507299 0.0233755298 0.976222396
vn 0.988706589 0.107242651 0.104681872
vn 0.989576459 0.107337147 0.0960059166
vn 0.989576459 0.107336685 -0.0960059762
vn 0.988706589 0.107242204 -0.104681909
vn 0.215507224 0.0233755317 -0.976222396
vn 0.184009418 0.0199590083 -0.982721865
vn -0 0 -1
vn -0 0 -1
vn -1 0 0
vn -1 0 0
vn -1 0 0
vn -1 0 0
vn -1 0 1.22096679E-07
vn -1 0 1.21485698E-07
vn -1 0 1.21246259E-07
vn -1 0 1.22341291E-07
vn 0.518928468 -0.854817688 0
vn 0.518928349 -0.854817748 0
vn 0.518928468 -0.854817688 0
vn 0.518928349 -0.854817688 0
vn -0.518928528 -0.854817688 0
vn -0.518928528 -0.854817688 0
vn -0.518928468 -0.854817688 0
vn -0.518928468 -0.854817688 0
vn -0.518726945 0.854939938 0
vn -0.518727779 0.854939461 0
vn -0.518726945 0.854939997 0
vn -0.518727899 0.854939401 0
vn 0.518726826 0.854940057 0
vn 0.518727779 0.854939461 0
vn 0.518726707 0.854940057 0
vn 0.518727899 0.854939401 0
vn 0.518927932 -0.854818046 -1.37558757E-07
vn 0.518928051 -0.854817927 -5.11475093E-07
vn 0.518927753 -0.854818106 0
vn 0.51892817 -0.854817867 -6.49033382E-07
vn -0.51892817 -0.854817867 0
vn -0.518928468 -0.854817688 2.55737632E-07
vn -0.518927932 -0.854818046 0
vn -0.518928528 -0.854817688 3.24517003E-07
vn -0.518727541 0.85493958 0
vn -0.518727541 0.85493964 0
vn -0.518727601 0.85493958 0
vn -0.518727541 0.85493964 0
vn 0.518727481 0.85493964 -5.1152989E-07
vn 0.518726647 0.854940057 -1.37596444E-07
vn 0.518727779 0.854939461 -6.49126264E-07
vn 0.518726468 0.854940355 0
vn -0 1 0
vn -0 0.932615519 0.360871762
vn -0 1 0
vn -0 0.932615101 0.360872597
vn -0 0.259332448 0.965788186
vn 1.81364072E-07 0.259331763 0.965788245
vn -0 0 1
vn 1.88397095E-07 0 1
vn -0 -0.0732207447 0.997315705
vn -0 -0.0732207373 0.997315705
vn -0 -0.0732207298 0.997315705
vn -0 -0.0732207373 0.997315705
vn -1 1.01353869E-07 0
vn -1 3.41596888E-07 0
vn -1 4.91595699E-07 0
vn -1 0 0
vn 1 0 0
vn 1 0 0
vn 1 0 0
vn 1 0 0
vn -0 -0.0732207447 -0.997315705
vn -0 -0.0732207522 -0.997315705
vn -6.86867907E-07 -0.0732207373 -0.997315705
vn 6.86867907E-07 -0.0732207373 -0.997315705
vn -1 0 0
vn -1 0 0
vn -1 0 0
vn -1 0 0
vn 1 0 0
vn 1 0 0
vn 1 0 0
vn 1 0 0
vn -0 -0.999999881 0.000644655956
vn -0 -0.999999881 0.000644655665
vn -0 -0.999999881 0.000644655607
vn -0 -0.999999881 0.000644656015
vn -0 0 -1
vn -0 0.259332269 -0.965788186
vn -0 0 -1
vn -0 0.259332448 -0.965788186
vn -0 0.932615221 -0.360872477
vn -0 0.932615519 -0.360871702
vn -0 1 0
vn -0 1 0
vn -0 0.99999702 -0.00245917519
vn -0 0.99999702 -0.00245895539
vn -0 0.99999702 -0.00245893351
vn -0 0.99999702 -0.00245919754
vn 1.18873906E-07 -0.238013521 0.971261859
vn -0 0 1
vn 1.87194388E-07 0 1
vn -0 -0.238013595 0.971261859
vn -0 -0.68694222 0.726711988
vn -0 -0.68694222 0.726712048
vn 3.65501137E-07 -0.0732207671 0.997315705
vn 3.21367111E-07 -0.0732207745 0.997315705
vn -0 -0.0732208043 0.997315705
vn 6.8686785E-07 -0.0732207447 0.997315705
vn 1 -1.70798529E-07 0
vn 1 0 0
vn 1 -2.4579785E-07 0
vn 1 0 0
vn -1 1.64167915E-07 0
vn -1 0 0
vn -1 0 0
vn -1 2.06805723E-07 0
vn -0 0.00859802496 -0.999963045
vn -0 0.00859802403 -0.999963045
vn -0 0.00859802403 -0.999963045
vn -0 0.00859802403 -0.999963045
vn -0 -0.0732207671 -0.997315705
vn -0 -0.0732207671 -0.997315705
vn -0 -0.073220782 -0.997315705
vn -0 -0.0732207447 -0.997315705
vn 1 0 0
vn 1 0 0
vn 1 0 0
vn 1 0 0
vn -1 1.07422721E-07 0
vn -1 1.16950275E-07 0
vn -1 1.03403217E-07 0
vn -1 1.22898925E-07 0
vn -0 0.999998212 0.00193419459
vn -0 0.999998212 0.00193435699
vn -0 0.999998212 0.00193437876
vn -0 0.999998212 0.00193417259
vn -0 -0.073220782 0.997315705
vn -0 -0.073220782 0.997315705
vn -0 -0.0732207894 0.997315705
vn -0 -0.0732207671 0.997315705
vn -0 0 -1
vn -0 0 -1
vn -0 0 -1
vn -0 0 -1
vn -0 -0.999999881 -0.000644656015
vn -0 -0.999999881 -0.000644656015
vn -0 -0.999999881 -0.000644656015
vn -0 -0.999999881 -0.000644656015
vn 0.683879077 0.682316661 0.258366376
vn 0.382611722 0.923909247 0
vn 0.70703578 0.707177818 0
vn 0.370701432 0.892158031 0.25813669
vn -0 1 0
vn 0.248925537 0.591587007 0.766851306
vn 0.456094056 0.450923204 0.767233014
vn 0.00365784485 0.6415115 0.767104685
vn 0.00118528854 0.966054976 0.258333713
vn -0.382612109 0.923909128 0
vn -0.24230884 0.594338357 0.76684314
vn -0.368558049 0.893047631 0.258129716
vn -0.70703578 0.707177818 0
vn -0.450980723 0.456116408 0.767185926
vn -0.682200849 0.683978319 0.258409739
vn -0.923879743 0.382683098 0
vn -0.59080404 0.248714805 0.767522991
vn -0.891992331 0.370772928 0.258606046
vn -1 0 0
vn -0.641463757 0.00357232825 0.767144918
vn -0.96604985 0.00115857925 0.258353144
vn -0.923858762 -0.382733524 3.98217225E-07
vn -0.593618631 -0.241940141 0.767516732
vn -0.892885387 -0.368612081 0.258613467
vn -0.70703578 -0.707177818 0
vn -0.456093609 -0.45092234 0.767233789
vn -0.683878958 -0.68231672 0.258366823
vn -0.382611424 -0.923909307 0
vn -0.248925373 -0.591588199 0.766850412
vn -0.370701015 -0.892158449 0.258135885
vn -0 -1 0
vn -0.0036579431 -0.641512275 0.76710403
vn -0.0011853514 -0.966055095 0.258333147
vn 0.382611781 -0.923909247 0
vn 0.24230817 -0.594339728 0.766842246
vn 0.368557751 -0.893047929 0.258129209
vn 0.707035661 -0.707177937 0
vn 0.450980812 -0.456115514 0.767186403
vn 0.682200909 -0.68397814 0.258410454
vn 0.923858643 -0.382733673 -5.07081154E-07
vn 0.590789437 -0.248750016 0.767522752
vn 0.891971767 -0.370821387 0.258607566
vn 1 -1.61179216E-07 0
vn 0.641462743 -0.0035756242 0.767145872
vn 0.966050088 -0.00115730648 0.25835228
vn 0.923879623 0.382683247 0
vn 0.593632519 0.241905198 0.767516971
vn 0.892905772 0.368564248 0.258611083
vn 0.70703578 0.707177818 0
vn 0.456094056 0.450923204 0.767233014
vn 0.683879077 0.682316661 0.258366376
vn -0.969540298 0.244932041 0
vn -0.969540298 0.24493207 0
vn -0.969540298 0.244932041 0
vn -0.969540298 0.24493207 0
vn -0.969376802 -0.245577991 0
vn -0.969376802 -0.245577961 0
vn -0.969376802 -0.245577961 0
vn -0.969376802 -0.245577961 0
vn 0.50837177 -0.861137629 0
vn 0.508375466 -0.861135542 0
vn 0.508371592 -0.861137748 0
vn 0.508375645 -0.861135423 0
vn -0.86170131 0.50741595 0
vn -0.861703515 0.507412195 0
vn -0.86170125 0.50741607 0
vn -0.861703515 0.507412076 0
vn -0.25119099 -0.967937589 0
vn -0.251195103 -0.967936456 0
vn -0.251190811 -0.967937589 0
vn -0.251195282 -0.967936397 0
vn -0.248751163 0.968567371 0
vn -0.248753339 0.968566835 0
vn -0.248751104 0.968567371 0
vn -0.248753443 0.968566835 0
vn -0.861878633 -0.507114589 0
vn -0.861878753 -0.50711453 0
vn -0.861878574 -0.507114649 0
vn -0.861878753 -0.50711453 0
vn 0.507899225 0.861416578 0
vn 0.507899225 0.861416459 0
vn 0.507899225 0.861416578 0
vn 0.507899225 0.861416578 0
vn 0.969540298 0.244931921 0
vn 0.969540298 0.244931981 0
vn 0.969540298 0.244931921 0
vn 0.969540298 0.244931951 0
vn 0.969376802 -0.245578051 0
vn 0.969376802 -0.245578021 0
vn 0.969376802 -0.245578021 0
vn 0.969376802 -0.245578021 0
vn 0.86170131 0.507415891 0
vn 0.861703515 0.507412195 0
vn 0.86170125 0.50741601 0
vn 0.861703515 0.507412016 0
vn -0.50837177 -0.861137629 0
vn -0.508375525 -0.861135542 0
vn -0.508371592 -0.861137748 0
vn -0.508375704 -0.861135423 0
vn 0.248751253 0.968567371 0
vn 0.248753279 0.968566835 0
vn 0.248751163 0.968567371 0
vn 0.248753384 0.968566835 0
vn 0.25119099 -0.967937589 0
vn 0.251195103 -0.967936456 0
vn 0.251190811 -0.967937589 0
vn 0.251195282 -0.967936397 0
vn -0.507899225 0.861416578 0
vn -0.507899284 0.861416459 0
vn -0.507899225 0.861416578 0
vn -0.507899284 0.861416459 0
vn 0.861878753 -0.50711453 0
vn 0.861878633 -0.507114589 0
vn 0.861878753 -0.50711453 0
vn 0.861878574 -0.507114649 0
vn -0 0 1
vn -0 0 1
vn -0 0 1
vn -0 0 1
vn -0 0 1
vn -0 0 1
vn -0 0 1
vn -0 0 1
vn -0 0 1
vn -0 -5.80224537E-07 1
vn -0 0 1
vn -0 -2.32902991E-07 1
vn 1.04122698E-07 0 1
vn -0 0 1
vn -0 0 1
vn -0 0 1
vn -0 1 0
vn -0 1 0
vn -0 1 0
vn -0 1 0
vn -0.965574622 0.260126173 0
vn -0.967814445 -0.251664758 0
vn -0.965573967 0.260128736 0
vn -0.967814207 -0.251665622 0
vn -0.787656009 -0.616115332 0
vn -0.78765589 -0.616115391 0
vn -0.745554984 -0.666444182 0
vn -0.745554745 -0.666444421 0
vn -0.955440283 -0.295184493 0
vn -0.955440044 -0.295185059 0
vn -0.754313171 -0.656514823 0
vn -0.754312754 -0.656515181 0
vn -0.490538418 -0.871419549 0
vn -0.49053821 -0.871419728 0
vn -0.0922841802 -0.995732725 0
vn -0.0922841281 -0.995732725 0
vn 0.0922840536 -0.995732725 0
vn 0.0922841281 -0.995732725 0
vn 0.49053821 -0.871419728 0
vn 0.490538299 -0.871419668 0
vn 0.754312456 -0.656515598 0
vn 0.754312992 -0.656514943 0
vn 0.95543921 -0.295187801 0
vn 0.955440164 -0.295184791 0
vn 0.745554268 -0.666445017 0
vn 0.745554626 -0.66644448 0
vn 0.787656367 -0.616114855 0
vn 0.787656009 -0.616115332 0
vn 0.967814207 -0.25166586 0
vn 0.967814088 -0.251666248 0
vn 0.965574622 0.260126323 0
vn 0.965574026 0.26012826 0
vn -0 0 1
vn -0 0 1
vn -0 0 1
vn -0 0 1
vn -0 0 -1
vn -0 0 -1
vn -0 0 -1
vn -0 0 -1
vn 0.00819932204 -0.999966383 0
vn 0.00819932204 -0.999966383 0
vn 0.00819932111 -0.999966383 0
vn 0.00819932111 -0.999966383 0
vn -0.555447936 0.831551313 0
vn -0.555447638 0.831551552 0
vn -0.555448055 0.831551194 0
vn -0.5554474 0.831551611 0
vn -0.998151243 -0.0607789904 0
vn -0.998151243 -0.0607789904 0
vn -0.998151243 -0.0607789941 1.32187495E-07
vn -0.998151243 -0.0607789941 0
vn 0.000205961071 0.0234601609 0.999724686
vn -0.000136012299 0.0234149154 0.999725759
vn 2.8910903E-05 0.0234023407 0.999726117
vn -1.34517886E-05 0.0234390795 0.999725282
vn 5.74891856E-05 0.0235147849 0.999723494
vn 0.000237862609 0.0231019612 0.999733031
vn -0.00279702852 0.0243090577 0.999700546
vn 1.3810627E-05 0.0235020947 -0.999723732
vn 9.86865489E-05 0.0233877208 -0.999726474
vn -0.00375201646 0.0242894907 -0.999697924
vn -2.74640006E-05 0.0234625414 -0.999724686
vn -3.61881539E-05 0.0235359184 -0.999723017
vn -0.000216376153 0.0232189875 -0.999730408
vn -0.00279148435 0.024308715 -0.999700665
vn -0.0890132189 -0.99603039 0
vn -0.680589736 -0.732664704 0
vn -0.680591941 -0.732662737 0
vn -0.0892414823 -0.996009946 0
vn 0.0145598827 -0.999894023 0
vn 0.014306806 -0.999897718 0
vn 0.491770715 -0.870724738 0
vn 0.491772205 -0.870723903 0
vn 0.980999112 -0.194012269 -4.9010373E-07
vn 0.980999112 -0.194012448 0
vn 0.980999112 -0.194012463 0
vn 0.980999112 -0.19401224 -6.26236499E-07
vn 0.511952102 0.859014034 -2.76433582E-07
vn 0.802785218 0.596268296 -5.823793E-07
vn 0.80278492 0.596268654 -5.73273383E-07
vn 0.508609474 0.860997379 -2.77607E-07
vn 0.218547285 0.975826323 0
vn 0.218547121 0.975826442 0
vn -0.955698609 0.294347107 0
vn -0.95569849 0.294347286 5.80178778E-07
vn -0.95569849 0.294347405 7.12770373E-07
vn -0.955698609 0.294347078 0
vn 0.000205935241 0.0234601088 -0.999724686
vn 5.76836901E-05 0.0235147551 -0.999723494
vn 0.000237783926 0.0230989587 -0.99973315
vn -1.41940973E-05 0.0234390404 -0.999725282
vn -0.00279425643 0.0243090615 -0.999700546
vn -0.000136921677 0.0234148446 -0.999725759
vn 2.97369279E-05 0.0234021861 -0.999726117
vn 1.39168087E-05 0.0235020574 0.999723732
vn -3.61133461E-05 0.0235358775 0.999723017
vn -0.000217382578 0.0232181698 0.999730408
vn -2.72648467E-05 0.0234624874 0.999724686
vn -0.00279148412 0.0243083667 0.999700665
vn 9.89320688E-05 0.0233876798 0.999726474
vn -0.00375201553 0.0242890995 0.999697924
vn -0.680590987 -0.732663512 0
vn -0.0890132487 -0.99603039 0
vn -0.680597961 -0.732657015 0
vn -0.0892413631 -0.996010065 0
vn 0.0145598361 -0.999894023 0
vn 0.014306806 -0.999897718 0
vn 0.491768926 -0.870725691 0
vn 0.491767615 -0.870726526 0
vn 0.980999112 -0.194011852 0
vn 0.980999112 -0.194012135 0
vn 0.980999112 -0.194011763 0
vn 0.980999112 -0.194012195 0
vn 0.802785099 0.596268415 0
vn 0.511952162 0.859014034 0
vn 0.802785993 0.596267164 0
vn 0.508609056 0.860997558 0
vn 0.218547136 0.975826442 0
vn 0.218547001 0.975826442 0
vn -0.955698609 0.294347227 0
vn -0.955698609 0.294347227 0
vn -0.955698609 0.294347227 0
vn -0.955698609 0.294347256 0
vn -0 0 1
vn -0 0 1
vn 1.18100203E-07 0 1
vn -0 0 1
vn -0 0 -1
vn -0 0 -1
vn -0 0 -1
vn -0 0 -1
vn -0.00819932017 -0.999966383 0
vn -0.00819932017 -0.999966383 0
vn -0.00819932111 -0.999966383 0
vn -0.00819932111 -0.999966383 0
vn 0.555447638 0.831551552 0
vn 0.555447876 0.831551373 0
vn 0.555448055 0.831551194 0
vn 0.55544734 0.831551611 0
vn 0.998151243 -0.0607789941 0
vn 0.998151243 -0.0607789978 0
vn 0.998151243 -0.0607790016 0
vn 0.998151243 -0.0607789978 -1.32187523E-07
vn -0.000205792443 0.0234601572 0.999724686
vn -5.78160361E-05 0.0235147793 0.999723494
vn -0.000238028239 0.023102222 0.999733031
vn 1.40096663E-05 0.0234390553 0.999725282
vn 0.00278871227 0.0243090596 0.999700665
vn 0.000136423158 0.0234148558 0.999725759
vn -3.05629619E-05 0.0234022476 0.999726117
vn -1.37649895E-05 0.0235021226 -0.999723732
vn 3.63502477E-05 0.023535965 -0.999723017
vn 0.000217382578 0.0232189875 -0.999730408
vn 2.71435674E-05 0.0234625265 -0.999724686
vn 0.00279148412 0.0243087132 -0.999700665
vn -9.90628032E-05 0.0233876891 -0.999726474
vn 0.00375512172 0.0242896844 -0.999697924
vn 0.680589855 -0.732664645 0
vn 0.0890128464 -0.996030509 0
vn 0.680592 -0.732662678 0
vn 0.0892410576 -0.996010065 0
vn -0.0145602077 -0.999894023 0
vn -0.0143070836 -0.999897718 0
vn -0.491770715 -0.870724738 0
vn -0.491772264 -0.870723903 0
vn -0.980999112 -0.194011897 4.90103787E-07
vn -0.980999112 -0.194012061 0
vn -0.980999112 -0.194011837 6.26236499E-07
vn -0.980999112 -0.19401212 0
vn -0.802785695 0.596267581 5.82379528E-07
vn -0.511952579 0.859013796 2.76433752E-07
vn -0.802786171 0.596267104 5.73274178E-07
vn -0.508609891 0.86099714 2.77607342E-07
vn -0.218547523 0.975826323 0
vn -0.218547508 0.975826323 0
vn 0.95569849 0.294347346 0
vn 0.955698609 0.294347286 -5.80178664E-07
vn 0.95569849 0.294347346 0
vn 0.955698609 0.294347227 -7.12769804E-07
vn -0.000205670032 0.02346012 -0.999724686
vn 0.000136628558 0.0234148763 -0.999725759
vn -3.13889868E-05 0.02340235 -0.999726117
vn 1.43241659E-05 0.0234390441 -0.999725282
vn -5.7380581E-05 0.0235147644 -0.999723494
vn -0.000237865024 0.0230989158 -0.99973315
vn 0.0027942562 0.0243090596 -0.999700546
vn -1.3735711E-05 0.0235020369 0.999723732
vn -9.89320397E-05 0.0233877264 0.999726474
vn 0.003752016 0.0242890995 0.999697924
vn 2.71295485E-05 0.0234624948 0.999724686
vn 3.63313629E-05 0.0235358495 0.999723017
vn 0.000216376415 0.023218194 0.999730408
vn 0.00278871227 0.0243080221 0.999700665
vn 0.0890129507 -0.996030509 0
vn 0.680595279 -0.732659578 0
vn 0.680593073 -0.732661486 0
vn 0.089241229 -0.996010065 0
vn -0.0145602878 -0.999894023 0
vn -0.0143070836 -0.999897718 0
vn -0.491769075 -0.870725691 0
vn -0.491767704 -0.870726407 0
vn -0.980999112 -0.194011867 0
vn -0.980999112 -0.194012135 0
vn -0.980999112 -0.194012195 0
vn -0.980999112 -0.194011822 0
vn -0.511952102 0.859014034 0
vn -0.802785099 0.596268594 0
vn -0.802785873 0.596267462 0
vn -0.508609414 0.860997379 0
vn -0.218547404 0.975826323 0
vn -0.21854721 0.975826323 0
vn 0.955698609 0.294347227 0
vn 0.95569849 0.294347286 0
vn 0.95569849 0.294347286 0
vn 0.955698609 0.294347227 0
vn -0 1 1.79702923E-07
vn -0 1 0
vn -0 1 0
vn -0 1 1.04438442E-07
vn -0 -1 0
vn 0.000826170784 -0.999999642 -5.77293076E-06
vn -0 -1 0
vn 0.00115804642 -0.999999404 2.53143162E-06
vn 0.000643554667 -0.999999881 3.57799836E-05
vn 0.000528129574 -0.999999881 1.39638578E-05
vn -2.87573603E-05 -1 3.58322613E-05
vn -0.000137646275 -1 4.87674652E-06
vn -0.000165529593 -1 -0.000162911194
vn -0 -1 0
vn -0 0.0959610194 -0.99538511
vn -0 0.534889936 -0.844921768
vn -0 0.534889877 -0.844921827
vn -0 0.095961079 -0.99538511
vn -0 -0.000546439143 -0.999999881
vn -0 -0.00054643926 -0.999999881
vn -0 0.00660851691 0.999978185
vn -0.081200324 0.0065652281 0.996676207
vn -0 0.00660851784 0.999978185
vn -0.124521472 0.00619978178 0.992197454
vn -0.0623043291 0.0053662518 0.998042703
vn -0.0456580222 0.00523488922 0.998943388
vn 1.00589193E-06 0.00524994126 0.999986291
vn 8.29460362E-07 0.00524994452 0.999986291
vn -1.13468118E-07 0 -1
vn -0.186646342 -0.0137086315 -0.982331514
vn -2.00299723E-07 0 -1
vn -0.207441628 -0.0152360024 -0.978128731
vn -0.992615819 -0.072904788 -0.09694729
vn -0.993141592 -0.0729434118 -0.0913733914
vn -0.993141592 -0.0729433969 0.0913734585
vn -0.992615819 -0.0729048103 0.0969474316
vn -0.207441539 -0.015236007 0.978128731
vn -0.186646014 -0.0137086948 0.982331634
vn 1.95620089E-07 0 1
vn 2.00299723E-07 0 1
vn -0.200483486 -0.790401876 -0.57885325
vn -5.299861E-05 -0.880400836 -0.474230349
vn -2.42254032E-07 -0.712073922 -0.702104509
vn -0.0789359063 -0.911365807 -0.403957397
vn -1.70253315E-05 -1 -6.17582846E-05
vn -0.000165700229 -0.999999881 -0.000599976454
vn -6.67987706E-07 -1 1.16622253E-07
vn -0.446096748 -0.894438267 -0.0312700942
vn -0.648759604 -0.754960775 -0.0956306607
vn -6.69702331E-07 -1 0
vn -0.644604146 -0.757625699 0.10241472
vn -0.422488719 -0.905793428 0.0322735757
vn -0.0799351335 -0.908994555 0.409071147
vn -0 -1 2.322802E-07
vn -0.200483635 -0.790402174 0.578852892
vn -0 -0.883770466 0.467920661
vn -0 -1 1.16553076E-06
vn -0 -0.712074041 0.70210439
vn -0 0.0185359214 0.999828219
vn -0 0.104317389 0.994544029
vn 2.18994572E-07 0.0185359139 0.999828219
vn -0 0.104317352 0.994544029
vn -0 0.470083296 0.882622004
vn -0 0.470082015 0.882622719
vn 0.949054658 -0.303001553 -0.0865179673
vn 0.627113938 -0.776230514 0.0647641942
vn 0.626995564 -0.776344955 0.0645372421
vn 0.643745005 -0.765203834 0.00745439623
vn 0.985186756 -0.11230728 -0.129592016
vn 0.992148221 0.00676376885 -0.124884687
vn 0.979896665 0.177157074 -0.0917496532
vn 0.784372985 0.620286882 -0.0018101125
vn 0.773289442 0.63405019 0.00198282278
vn 0.77366364 0.633594394 -0.00163750281
vn 0.785979629 0.618247211 0.00254238304
vn 0.972584784 0.207467929 0.105052345
vn 0.987394691 0.00651597138 0.158143535
vn 0.977342725 -0.118446216 0.175418869
vn 0.933629513 -0.332639575 0.13299188
vn 0.646453738 -0.762764812 0.0169552248
vn 0.644785404 -0.764246285 -0.0133925369
vn 0.644616663 -0.764392436 -0.0131697534
vn -0 -0.999999404 -0.00116560981
vn -0 -0.999999404 -0.00116559665
vn -0 -0.999999404 -0.00116559234
vn -0 -0.999999404 -0.00116561493
vn 0.713068485 0.00391551759 0.701083481
vn 0.998337269 0.000505063101 0.0576398298
vn 0.712590098 0.00368342269 0.701570868
vn 0.998375893 0.000520609494 0.0569683276
vn 0.998382568 -8.93060205E-05 -0.0568526499
vn 0.998348951 -0.000112001435 -0.057440117
vn 0.730102837 -0.00349828159 -0.68332839
vn 0.730553865 -0.00372782629 -0.682844937
vn -0 -0.00545971561 -0.999985099
vn -0.011417524 -0.00561085809 -0.999919057
vn -0 -0.00545971654 -0.999985099
vn -0.0076041189 -0.00546115171 -0.99995625
vn -0.0233349875 -0.00651313458 -0.999706447
vn -0.0158059672 -0.0068778675 -0.999851465
vn -0 -0.00687454408 -0.999976397
vn -0 -0.00687454268 -0.999976397
vn -0.707107067 0 0.707106471
vn -0.995056391 0 0.0993118361
vn -0.707107484 0 0.707106054
vn -0.995056391 0 0.0993119702
vn -0.995056391 0 -0.0993116796
vn -0.995056391 0 -0.0993115306
vn -0.707106769 0 -0.707106769
vn -0.707106233 0 -0.707107246
vn -0 0 -1
vn -1.93843675E-07 0 -1
vn -2.20667957E-07 0 -1
vn -0 0 -1
vn -0.0619517565 0.738459051 -0.671446443
vn -0 0.707107186 -0.707106352
vn -0 0.707107186 -0.707106352
vn -0.128681585 0.766352594 -0.629400313
vn -0.677562177 0.733459651 -0.0542819872
vn -0.646793365 0.75511235 -0.107068755
vn -0.678680122 0.732654035 0.0511009842
vn -0.649944067 0.753188729 0.101387605
vn -0.132768452 0.771716475 0.621953547
vn -0.0594796799 0.73960501 0.670407832
vn -0 0.707106173 0.707107306
vn -0 0.707106113 0.707107425
vn -0 -0.999999881 0.000603955297
vn -0 -0.999999881 0.000604010944
vn -0 -0.999999881 0.000603936322
vn -0 -0.999999881 0.000604029279
vn -0 1 0
vn -0 1 -2.13288516E-07
vn -0 1 0
vn -0 1 0
vn -0 1 0
vn -0 1 0
vn -0 0 1
vn -0 0 1
vn 1.10333964E-07 0 1
vn -0 0 1
vn -0 1 0
vn -0 1 0
vn -0 1 1.04438442E-07
vn -0 1 -2.08876941E-07
vn -0.000826170901 -0.999999642 -5.79688731E-06
vn -0 -1 0
vn -0 -1 0
vn -0.00115804642 -0.999999404 2.53065673E-06
vn -0.000643554784 -0.999999881 3.57621902E-05
vn -0.000528129516 -0.999999881 1.38991445E-05
vn 2.87573421E-05 -1 3.58197794E-05
vn 0.00013764629 -1 4.77405047E-06
vn -0 -1 0
vn 0.000165530015 -1 -0.000164183934
vn -0 0.534889936 -0.844921768
vn -0 0.0959610492 -0.99538511
vn -0 0.534889936 -0.844921768
vn -0 0.095961079 -0.99538511
vn -0 -0.000546439143 -0.999999881
vn -0 -0.00054643926 -0.999999881
vn 0.0812003091 0.0065652281 0.996676207
vn -0 0.00660851691 0.999978185
vn -0 0.00660851784 0.999978185
vn 0.124521501 0.00619978132 0.992197454
vn 0.062304683 0.0053662532 0.998042703
vn 0.045658242 0.00523489062 0.998943388
vn -8.29518399E-07 0.00524994172 0.999986291
vn -8.29460362E-07 0.00524994452 0.999986291
vn 0.186646283 -0.0137086269 -0.982331514
vn -0 0 -1
vn -0 0 -1
vn 0.207441702 -0.0152359912 -0.978128731
vn 0.992615819 -0.0729047582 -0.0969474465
vn 0.993141592 -0.0729433745 -0.0913734436
vn 0.993141592 -0.0729434192 0.0913733467
vn 0.992615819 -0.0729047731 0.0969473496
vn 0.207441732 -0.015236049 0.978128731
vn 0.186646283 -0.0137086269 0.982331514
vn -0 0 1
vn -0 0 1
vn 5.28455494E-05 -0.880400777 -0.474230438
vn 0.200483024 -0.790401995 -0.578853428
vn -0 -0.712073922 -0.702104509
vn 0.0789355114 -0.911365688 -0.403957546
vn 1.70252988E-05 -1 -6.175827E-05
vn 0.000165699952 -0.999999881 -0.000599976571
vn -6.67986797E-07 -1 0
vn 0.446095824 -0.894438744 -0.0312700532
vn 0.648759544 -0.754960775 -0.0956305265
vn -6.69702331E-07 -1 0
vn 0.644604087 -0.757625818 0.102414727
vn 0.422488004 -0.905793786 0.0322735719
vn 0.0799349397 -0.908994734 0.409070909
vn -0 -1 2.32280286E-07
vn 0.200483367 -0.790402353 0.578852832
vn -0 -0.883770466 0.467920661
vn -0 -1 1.16553042E-06
vn -1.21127016E-07 -0.712073922 0.702104509
vn -0 0.104317389 0.994544029
vn 2.28336972E-07 0.0185359102 0.999828219
vn 2.18994572E-07 0.0185359139 0.999828219
vn -0 0.10431736 0.994544029
vn -0 0.470083296 0.882622004
vn -0 0.470081955 0.882622719
vn -0.627113938 -0.776230514 0.0647641942
vn -0.949054658 -0.303001523 -0.0865180641
vn -0.626995564 -0.776344955 0.0645372421
vn -0.643745005 -0.765203834 0.00745414337
vn -0.985186756 -0.112307258 -0.12959215
vn -0.992148221 0.00676384522 -0.124884583
vn -0.979896665 0.177157268 -0.0917493403
vn -0.784373462 0.620286405 -0.00181006303
vn -0.773289919 0.634049535 0.0019829073
vn -0.773662567 0.633595824 -0.00163753633
vn -0.785978436 0.618248641 0.00254236418
vn -0.972584784 0.207467735 0.105052091
vn -0.987394691 0.00651596114 0.158143356
vn -0.977342725 -0.118446395 0.175418615
vn -0.933629394 -0.332639754 0.132991701
vn -0.646453381 -0.76276505 0.0169550385
vn -0.644785643 -0.764246166 -0.0133925406
vn -0.644617379 -0.764391899 -0.0131697534
vn -0 -0.999999404 -0.00116560981
vn -0 -0.999999404 -0.00116559665
vn -0 -0.999999404 -0.00116561493
vn -0 -0.999999404 -0.00116559234
vn -0.998337269 0.000505563803 0.057639949
vn -0.713068604 0.00391551806 0.701083362
vn -0.712590098 0.00368342269 0.701570868
vn -0.998375893 0.000521110604 0.0569684431
vn -0.998382568 -8.88062859E-05 -0.056852527
vn -0.998348951 -0.000111502151 -0.0574399903
vn -0.730102777 -0.00349828135 -0.68332839
vn -0.730553865 -0.00372782629 -0.682844937
vn 0.011417307 -0.00561085902 -0.999919057
vn -1.17883189E-07 -0.00545971608 -0.999985099
vn -2.02565886E-07 -0.00545971561 -0.999985099
vn 0.00760411797 -0.00546115404 -0.99995625
vn 0.0233349428 -0.00651313784 -0.999706447
vn 0.0158057082 -0.00687786657 -0.999851465
vn -0 -0.00687454408 -0.999976397
vn -0 -0.00687454268 -0.999976397
vn 0.995056391 0 0.0993116796
vn 0.707106948 0 0.70710659
vn 0.707107484 0 0.707106054
vn 0.995056391 0 0.0993118063
vn 0.995056391 0 -0.0993118137
vn 0.995056391 0 -0.0993116722
vn 0.707106769 0 -0.707106769
vn 0.707106233 0 -0.707107246
vn -0 0 -1
vn -0 0 -1
vn -0 0 -1
vn -0 0 -1
vn -0 0.707107186 -0.707106352
vn 0.0619516075 0.738458812 -0.671446562
vn -0 0.707107186 -0.707106352
vn 0.128681496 0.766352415 -0.629400492
vn 0.677563012 0.733458817 -0.0542818047
vn 0.646793902 0.755111933 -0.107068323
vn 0.678678632 0.732655406 0.051100757
vn 0.649942577 0.753190041 0.101387404
vn 0.132768571 0.771716654 0.621953368
vn 0.059479773 0.739605069 0.670407832
vn -0 0.707106173 0.707107306
vn -0 0.707106113 0.707107425
vn -0 -0.999999881 0.000603955297
vn -0 -0.999999881 0.000604010886
vn -0 -0.999999881 0.000604029396
vn -0 -0.999999881 0.000603936322
vn -0 1 0
vn -0 1 0
vn -0 1 0
vn -0 1 0
vn -0 1 0
vn -0 1 0
vn -0 0 1
vn -0 0 1
vn -0 0 1
vn 1.10333964E-07 0 1
vn 0.707107067 0.707106411 0
vn 0.0960558653 0.904743195 0.414985418
vn 0.110120922 0.99391818 0
vn 0.160139903 0.773442984 0.613303423
vn -0 1 1.66865448E-07
vn -0.203184679 0.786455154 0.583270371
vn -0.0793815181 0.910173357 0.406550229
vn -0 1 0
vn -0.413937032 0.909773052 0.0311290566
vn -0.650633812 0.752524734 0.101892591
vn -0.646744847 0.754986763 -0.108240724
vn -0.408082694 0.912344217 -0.0331160575
vn -0 1 0
vn -0.2031845 0.786455512 -0.583270013
vn -0 1 0
vn -0.0759865791 0.918029428 -0.389163077
vn 0.0961984992 0.909400165 -0.404644608
vn 0.162005991 0.774050653 -0.612045527
vn 0.107215427 0.994235814 0
vn 0.70710665 0.707106829 0
vn -0.0960558355 0.904743671 0.414984494
vn -0.707106888 0.70710659 0
vn -0.110120654 0.99391818 0
vn -0.160140082 0.773443818 0.61330241
vn -0 1 8.02930572E-07
vn 0.203184411 0.786454976 0.583270729
vn 0.0793815851 0.91017276 0.406551421
vn -0 1 0
vn 0.413937241 0.909773052 0.0311289765
vn 0.650633574 0.752525091 0.101892196
vn 0.646744967 0.754986763 -0.108240701
vn 0.408082694 0.912344217 -0.0331160426
vn -0 1 0
vn 0.203184277 0.786455035 -0.583270669
vn -0 1 -6.20102298E-07
vn 0.0759865865 0.918028951 -0.389164329
vn -0.0961984545 0.909400463 -0.404643744
vn -0.162006021 0.774051607 -0.612044215
vn -0.1072153 0.994235814 0
vn -0.707106769 0.707106769 0
vn -0.000124683909 0.0956020281 0.995419621
vn -4.7037498E-05 0.000619353552 0.999999881
vn -0.162458122 0.201770604 0.965865433
vn 0.162553638 0.201807037 0.96584177
vn -0.110822193 0.0677323639 0.991529465
vn 0.110654846 0.0679384544 0.991534173
vn -0.270599902 0.111634307 0.956197381
vn 0.27074945 0.111660562 0.956152081
vn -0.126489073 0.00272885454 0.991964221
vn 0.126520142 0.00273009646 0.991960347
vn -0.27076003 -0.113014035 0.955990016
vn 0.270909458 -0.113041729 0.955944419
vn -0.115854196 -0.0631808713 0.991254687
vn 0.115689509 -0.0633885413 0.991260827
vn -0.163523957 -0.202736795 0.965483129
vn 0.163620517 -0.202773795 0.965459049
vn -0.00012410109 -0.0956109464 0.995418787
vn -0 0.707106292 0.707107246
vn -0.050686039 0.94253993 0.330226332
vn -0 0.99866724 0.0516113117
vn -0.174933001 0.778154135 0.603220224
vn -0.114938766 0.993339837 0.00806844421
vn -0.654120207 0.7502563 0.096136488
vn -0.649977624 0.752945542 -0.10296604
vn -0.00954860728 0.99801743 -0.0622104332
vn -0 0.998640954 -0.0521168746
vn -0 0.707106233 -0.707107246
vn -0.174932912 0.778154314 -0.603219986
vn -0.284746319 0.958355367 -0.021781927
vn -0 0.707106233 0.707107246
vn 0.0506860651 0.942540228 0.330225438
vn 0.174933046 0.778154254 0.603219926
vn -0 0.99866724 0.0516112968
vn 0.114938743 0.993339837 0.00806836039
vn 0.654119432 0.750257015 0.0961363018
vn 0.649977028 0.752946198 -0.10296604
vn 0.00954860821 0.99801743 -0.0622104742
vn -0 0.998640954 -0.0521166213
vn -0 0.70710808 -0.707105398
vn 0.174932852 0.778154254 -0.603220046
vn 0.28474623 0.958355486 -0.0217820071
vn -0.135446191 1.06141636E-06 0.990784645
vn -2.78344714E-07 -0.651393771 0.758739829
vn -0.462882608 -8.83318571E-05 0.886419594
vn -0 0.652889132 0.757453561
vn -0 -0.101814196 0.994803369
vn -0 0.101830639 0.99480176
vn 0.135446116 9.85601105E-07 0.990784764
vn 0.462882549 -8.88531358E-05 0.886419594
vn -0.135446653 9.92493483E-07 0.990784645
vn 2.45943534E-06 -0.651391566 0.758741796
vn -0.462884307 -8.8772591E-05 0.886418641
vn -3.42181266E-07 0.652891636 0.757451355
vn 8.43353064E-07 -0.101814389 0.994803369
vn 2.85669842E-07 0.101830766 0.99480176
vn 0.135444105 8.68432096E-07 0.990785003
vn 0.462876052 -8.93346369E-05 0.886423051
vn -0 -0.651393592 0.758739889
vn 0.135446116 1.09415532E-06 0.990784764
vn 0.462882608 -8.83319808E-05 0.886419594
vn 1.76989431E-07 0.652888834 0.75745368
vn -0 -0.101814158 0.994803369
vn -0 0.101830564 0.99480176
vn -0.135446116 9.73970486E-07 0.990784764
vn -0.462882608 -8.88531431E-05 0.886419594
vn 6.4799525E-07 -0.651391447 0.758741915
vn 0.135445684 8.71231578E-07 0.990784764
vn 0.462881058 -8.90533775E-05 0.886420369
vn 3.43361557E-06 0.652891934 0.757451117
vn -0 -0.10181427 0.994803369
vn 5.14205738E-07 0.101830669 0.99480176
vn -0.135444731 9.85816996E-07 0.990784883
vn -0.462879062 -8.88131908E-05 0.886421502
vn 0.0334014073 -0.0129068904 0.999358714
vn 0.0357956998 0.000545235525 0.999358952
vn 0.0332811289 -0.013198493 0.999358833
vn 0.0357950777 0.000862597139 0.999358833
vn 0.0259249732 -0.0247005485 0.999358714
vn 0.0328628346 0.0142028136 0.999358952
vn 0.0257005338 -0.024925204 0.999358952
vn 0.0327411741 0.0144954436 0.999358714
vn 0.0144934282 -0.0327423513 0.999358714
vn 0.0249277782 0.0256938096 0.999359071
vn 0.0142009156 -0.0328635238 0.999358952
vn 0.0247046407 0.0259167328 0.999358833
vn 0.000861101667 -0.0357993916 0.999358594
vn 0.0131920464 0.0332774818 0.999359071
vn 0.000544305018 -0.0357994027 0.999358833
vn 0.0128983483 0.0333991051 0.999358833
vn -0.0128992768 -0.0334026664 0.999358714
vn -0.000544565963 0.0357953422 0.999358952
vn -0.0131937405 -0.0332808346 0.999358952
vn -0.000861024077 0.0357953794 0.999358833
vn -0.024706481 -0.0259193014 0.999358714
vn -0.0141993947 0.0328602493 0.999359071
vn -0.0249304026 -0.0256957002 0.999358952
vn -0.0144918505 0.0327390321 0.999358833
vn -0.0327427983 -0.0144982543 0.999358714
vn -0.0256981272 0.0249236897 0.999358952
vn -0.0328639895 -0.0142045533 0.999358952
vn -0.025923362 0.024698386 0.999358833
vn -0.0357951745 -0.000862567802 0.999358833
vn -0.0332797021 0.0131964004 0.999358952
vn -0.0357950144 -0.000545081799 0.999359071
vn -0.0334008709 0.0129031306 0.999358714
vn 0.845048487 -0.490064383 0.213845611
vn 1 0 0
vn 0.865886867 -0.500239968 0
vn 0.97689569 -0.00160304236 0.213710964
vn 0.865966856 0.500101447 0
vn 0.486878186 -0.846879244 0.213881582
vn 0.499861568 -0.866105378 0
vn 0.846755028 0.4871113 0.213842258
vn 0.4998613 0.866105556 0
vn -0.00160458183 -0.976896942 0.213705063
vn 4.05626679E-07 -1 0
vn 0.489696771 0.845250487 0.21388948
vn -3.96872082E-07 1 -6.9753014E-07
vn -0.489696831 -0.845250666 0.213888466
vn -0.49986127 -0.866105437 0
vn 0.0016045986 0.97689724 0.213703319
vn -0.499861568 0.866105378 4.75806303E-07
vn -0.846675932 -0.4872455 0.213849276
vn -0.865886569 -0.500240207 0
vn -0.486878067 0.846879065 0.213882342
vn -0.865966797 0.500101626 3.48480995E-07
vn -0.976895094 0.00160690828 0.213713139
vn -1 0 0
vn -0.84512794 0.489930332 0.213839024
vn -0.00298772263 -0.295372605 0.955377519
vn -0.150237679 -0.254213691 0.955407739
vn -0.257220477 -0.145153388 0.955389023
vn -0.295359671 0.00298406929 0.955381513
vn -0.254236788 0.150365934 0.955381513
vn -0.144974157 0.257211417 0.955418646
vn 0.144974262 -0.257211626 0.955418527
vn 0.00298780273 0.295372963 0.9553774
vn 0.254197776 -0.150405645 0.955385566
vn 0.15023759 0.254213542 0.955407858
vn 0.295349389 -0.0029899003 0.955384552
vn 0.257257789 0.14511402 0.95538491
vn -3.90080885E-07 0 1
vn -0 0 1
vn -0 0 1
vn -0 0 1
vn -0 0 1
vn -0 0 1
vn -0 0 1
vn -0 0 1
vn -0 0 1
vn 3.90080032E-07 0 1
vn -0 0 1
vn -0 0 1
g O_env_baoxiang_03_a_0
f 3/3/3 2/2/2 1/1/1
f 4/4/4 1/1/1 2/2/2
f 2/2/2 5/5/5 4/4/4
f 6/6/6 4/4/4 5/5/5
f 6/6/6 5/5/5 7/7/7
f 8/8/8 7/7/7 5/5/5
f 7/7/7 8/8/8 9/9/9
f 10/10/10 9/9/9 8/8/8
f 9/9/9 10/10/10 11/11/11
f 12/12/12 11/11/11 10/10/10
f 15/15/15 14/14/14 13/13/13
f 16/16/16 13/13/13 14/14/14
f 19/19/19 18/18/18 17/17/17
f 20/20/20 17/17/17 18/18/18
f 23/23/23 22/22/22 21/21/21
f 24/24/24 21/21/21 22/22/22
f 27/27/27 26/26/26 25/25/25
f 28/28/28 25/25/25 26/26/26
f 31/31/31 30/30/30 29/29/29
f 32/32/32 29/29/29 30/30/30
f 35/35/35 34/34/34 33/33/33
f 36/36/36 33/33/33 34/34/34
f 39/39/39 38/38/38 37/37/37
f 40/40/40 37/37/37 38/38/38
f 43/43/43 42/42/42 41/41/41
f 44/44/44 41/41/41 42/42/42
f 47/47/47 46/46/46 45/45/45
f 48/48/48 45/45/45 46/46/46
f 51/51/51 50/50/50 49/49/49
f 52/52/52 49/49/49 50/50/50
f 55/55/55 54/54/54 53/53/53
f 56/56/56 53/53/53 54/54/54
f 53/53/53 56/56/56 57/57/57
f 58/58/58 57/57/57 56/56/56
f 58/58/58 59/59/59 57/57/57
f 60/60/60 57/57/57 59/59/59
f 59/59/59 61/61/61 60/60/60
f 62/62/62 60/60/60 61/61/61
f 61/61/61 63/63/63 62/62/62
f 64/64/64 62/62/62 63/63/63
f 67/67/67 66/66/66 65/65/65
f 68/68/68 65/65/65 66/66/66
f 71/71/71 70/70/70 69/69/69
f 72/72/72 69/69/69 70/70/70
f 75/75/75 74/74/74 73/73/73
f 76/76/76 73/73/73 74/74/74
f 79/79/79 78/78/78 77/77/77
f 80/80/80 77/77/77 78/78/78
f 83/83/83 82/82/82 81/81/81
f 84/84/84 81/81/81 82/82/82
f 87/87/87 86/86/86 85/85/85
f 88/88/88 85/85/85 86/86/86
f 91/91/91 90/90/90 89/89/89
f 92/92/92 89/89/89 90/90/90
f 95/95/95 94/94/94 93/93/93
f 96/96/96 93/93/93 94/94/94
f 99/99/99 98/98/98 97/97/97
f 100/100/100 97/97/97 98/98/98
f 103/103/103 102/102/102 101/101/101
f 104/104/104 101/101/101 102/102/102
f 107/107/107 106/106/106 105/105/105
f 108/108/108 105/105/105 106/106/106
f 106/106/106 109/109/109 108/108/108
f 110/110/110 108/108/108 109/109/109
f 109/109/109 111/111/111 110/110/110
f 112/112/112 110/110/110 111/111/111
f 115/115/115 114/114/114 113/113/113
f 116/116/116 113/113/113 114/114/114
f 119/119/119 118/118/118 117/117/117
f 120/120/120 117/117/117 118/118/118
f 123/123/123 122/122/122 121/121/121
f 124/124/124 121/121/121 122/122/122
f 127/127/127 126/126/126 125/125/125
f 128/128/128 125/125/125 126/126/126
f 131/131/131 130/130/130 129/129/129
f 132/132/132 129/129/129 130/130/130
f 135/135/135 134/134/134 133/133/133
f 136/136/136 133/133/133 134/134/134
f 139/139/139 138/138/138 137/137/137
f 140/140/140 137/137/137 138/138/138
f 143/143/143 142/142/142 141/141/141
f 144/144/144 141/141/141 142/142/142
f 142/142/142 145/145/145 144/144/144
f 146/146/146 144/144/144 145/145/145
f 145/145/145 147/147/147 146/146/146
f 148/148/148 146/146/146 147/147/147
f 151/151/151 150/150/150 149/149/149
f 152/152/152 149/149/149 150/150/150
f 155/155/155 154/154/154 153/153/153
f 156/156/156 153/153/153 154/154/154
f 156/156/156 157/157/157 153/153/153
f 158/158/158 153/153/153 157/157/157
f 161/161/161 160/160/160 159/159/159
f 162/162/162 159/159/159 160/160/160
f 165/165/165 164/164/164 163/163/163
f 166/166/166 163/163/163 164/164/164
f 169/169/169 168/168/168 167/167/167
f 170/170/170 167/167/167 168/168/168
f 173/173/173 172/172/172 171/171/171
f 174/174/174 171/171/171 172/172/172
f 177/177/177 176/176/176 175/175/175
f 178/178/178 175/175/175 176/176/176
f 181/181/181 180/180/180 179/179/179
f 182/182/182 179/179/179 180/180/180
f 185/185/185 184/184/184 183/183/183
f 186/186/186 183/183/183 184/184/184
f 189/189/189 188/188/188 187/187/187
f 190/190/190 187/187/187 188/188/188
f 193/193/193 192/192/192 191/191/191
f 194/194/194 191/191/191 192/192/192
f 197/197/197 196/196/196 195/195/195
f 198/198/198 195/195/195 196/196/196
f 201/201/201 200/200/200 199/199/199
f 202/202/202 199/199/199 200/200/200
f 205/205/205 204/204/204 203/203/203
f 206/206/206 203/203/203 204/204/204
f 204/204/204 207/207/207 206/206/206
f 206/206/206 208/208/208 203/203/203
f 209/209/209 203/203/203 208/208/208
f 208/208/208 206/206/206 210/210/210
f 211/211/211 206/206/206 207/207/207
f 211/211/211 210/210/210 206/206/206
f 207/207/207 212/212/212 211/211/211
f 210/210/210 211/211/211 213/213/213
f 214/214/214 211/211/211 212/212/212
f 214/214/214 213/213/213 211/211/211
f 212/212/212 215/215/215 214/214/214
f 213/213/213 214/214/214 216/216/216
f 217/217/217 214/214/214 215/215/215
f 217/217/217 216/216/216 214/214/214
f 215/215/215 218/218/218 217/217/217
f 216/216/216 217/217/217 219/219/219
f 220/220/220 217/217/217 218/218/218
f 220/220/220 219/219/219 217/217/217
f 218/218/218 221/221/221 220/220/220
f 219/219/219 220/220/220 222/222/222
f 223/223/223 220/220/220 221/221/221
f 223/223/223 222/222/222 220/220/220
f 221/221/221 224/224/224 223/223/223
f 222/222/222 223/223/223 225/225/225
f 226/226/226 223/223/223 224/224/224
f 226/226/226 225/225/225 223/223/223
f 224/224/224 227/227/227 226/226/226
f 225/225/225 226/226/226 228/228/228
f 229/229/229 226/226/226 227/227/227
f 229/229/229 228/228/228 226/226/226
f 227/227/227 230/230/230 229/229/229
f 228/228/228 229/229/229 231/231/231
f 232/232/232 229/229/229 230/230/230
f 232/232/232 231/231/231 229/229/229
f 230/230/230 233/233/233 232/232/232
f 231/231/231 232/232/232 234/234/234
f 235/235/235 232/232/232 233/233/233
f 235/235/235 234/234/234 232/232/232
f 233/233/233 236/236/236 235/235/235
f 234/234/234 235/235/235 237/237/237
f 238/238/238 235/235/235 236/236/236
f 238/238/238 237/237/237 235/235/235
f 236/236/236 239/239/239 238/238/238
f 237/237/237 238/238/238 240/240/240
f 241/241/241 238/238/238 239/239/239
f 241/241/241 240/240/240 238/238/238
f 239/239/239 242/242/242 241/241/241
f 240/240/240 241/241/241 243/243/243
f 244/244/244 241/241/241 242/242/242
f 244/244/244 243/243/243 241/241/241
f 242/242/242 245/245/245 244/244/244
f 243/243/243 244/244/244 246/246/246
f 247/247/247 244/244/244 245/245/245
f 247/247/247 246/246/246 244/244/244
f 245/245/245 248/248/248 247/247/247
f 246/246/246 247/247/247 249/249/249
f 250/250/250 247/247/247 248/248/248
f 250/250/250 249/249/249 247/247/247
f 248/248/248 251/251/251 250/250/250
f 249/249/249 250/250/250 252/252/252
f 253/253/253 250/250/250 251/251/251
f 253/253/253 252/252/252 250/250/250
f 256/256/256 255/255/255 254/254/254
f 257/257/257 254/254/254 255/255/255
f 260/260/260 259/259/259 258/258/258
f 261/261/261 258/258/258 259/259/259
f 264/264/264 263/263/263 262/262/262
f 265/265/265 262/262/262 263/263/263
f 268/268/268 267/267/267 266/266/266
f 269/269/269 266/266/266 267/267/267
f 272/272/272 271/271/271 270/270/270
f 273/273/273 270/270/270 271/271/271
f 276/276/276 275/275/275 274/274/274
f 277/277/277 274/274/274 275/275/275
f 280/280/280 279/279/279 278/278/278
f 281/281/281 278/278/278 279/279/279
f 284/284/284 283/283/283 282/282/282
f 285/285/285 282/282/282 283/283/283
f 288/288/288 287/287/287 286/286/286
f 289/289/289 286/286/286 287/287/287
f 292/292/292 291/291/291 290/290/290
f 293/293/293 290/290/290 291/291/291
f 296/296/296 295/295/295 294/294/294
f 297/297/297 294/294/294 295/295/295
f 300/300/300 299/299/299 298/298/298
f 301/301/301 298/298/298 299/299/299
f 304/304/304 303/303/303 302/302/302
f 305/305/305 302/302/302 303/303/303
f 308/308/308 307/307/307 306/306/306
f 309/309/309 306/306/306 307/307/307
f 312/312/312 311/311/311 310/310/310
f 313/313/313 310/310/310 311/311/311
f 316/316/316 315/315/315 314/314/314
f 317/317/317 314/314/314 315/315/315
f 320/320/320 319/319/319 318/318/318
f 321/321/321 318/318/318 319/319/319
f 321/321/321 322/322/322 318/318/318
f 323/323/323 318/318/318 322/322/322
f 322/322/322 324/324/324 323/323/323
f 325/325/325 323/323/323 324/324/324
f 324/324/324 326/326/326 325/325/325
f 327/327/327 325/325/325 326/326/326
f 326/326/326 328/328/328 327/327/327
f 329/329/329 327/327/327 328/328/328
f 328/328/328 330/330/330 329/329/329
f 331/331/331 329/329/329 330/330/330
f 330/330/330 332/332/332 331/331/331
f 333/333/333 331/331/331 332/332/332
f 336/336/336 335/335/335 334/334/334
f 337/337/337 334/334/334 335/335/335
f 340/340/340 339/339/339 338/338/338
f 341/341/341 338/338/338 339/339/339
f 339/339/339 342/342/342 341/341/341
f 343/343/343 341/341/341 342/342/342
f 342/342/342 344/344/344 343/343/343
f 345/345/345 343/343/343 344/344/344
f 344/344/344 346/346/346 345/345/345
f 347/347/347 345/345/345 346/346/346
f 346/346/346 348/348/348 347/347/347
f 349/349/349 347/347/347 348/348/348
f 348/348/348 350/350/350 349/349/349
f 351/351/351 349/349/349 350/350/350
f 350/350/350 352/352/352 351/351/351
f 353/353/353 351/351/351 352/352/352
f 352/352/352 354/354/354 353/353/353
f 355/355/355 353/353/353 354/354/354
f 354/354/354 356/356/356 355/355/355
f 357/357/357 355/355/355 356/356/356
f 356/356/356 358/358/358 357/357/357
f 359/359/359 357/357/357 358/358/358
f 358/358/358 360/360/360 359/359/359
f 361/361/361 359/359/359 360/360/360
f 360/360/360 362/362/362 361/361/361
f 363/363/363 361/361/361 362/362/362
f 362/362/362 364/364/364 363/363/363
f 365/365/365 363/363/363 364/364/364
f 364/364/364 366/366/366 365/365/365
f 367/367/367 365/365/365 366/366/366
f 366/366/366 368/368/368 367/367/367
f 369/369/369 367/367/367 368/368/368
f 372/372/372 371/371/371 370/370/370
f 373/373/373 370/370/370 371/371/371
f 376/376/376 375/375/375 374/374/374
f 377/377/377 374/374/374 375/375/375
f 380/380/380 379/379/379 378/378/378
f 381/381/381 378/378/378 379/379/379
f 384/384/384 383/383/383 382/382/382
f 385/385/385 382/382/382 383/383/383
f 388/388/388 387/387/387 386/386/386
f 389/389/389 386/386/386 387/387/387
f 392/392/392 391/391/391 390/390/390
f 391/391/391 393/393/393 390/390/390
f 393/393/393 394/394/394 390/390/390
f 394/394/394 395/395/395 390/390/390
f 396/396/396 394/394/394 393/393/393
f 399/399/399 398/398/398 397/397/397
f 398/398/398 400/400/400 397/397/397
f 400/400/400 401/401/401 397/397/397
f 401/401/401 402/402/402 397/397/397
f 403/403/403 401/401/401 400/400/400
f 406/406/406 405/405/405 404/404/404
f 407/407/407 404/404/404 405/405/405
f 407/407/407 408/408/408 404/404/404
f 409/409/409 404/404/404 408/408/408
f 408/408/408 410/410/410 409/409/409
f 411/411/411 409/409/409 410/410/410
f 414/414/414 413/413/413 412/412/412
f 415/415/415 412/412/412 413/413/413
f 418/418/418 417/417/417 416/416/416
f 419/419/419 416/416/416 417/417/417
f 419/419/419 420/420/420 416/416/416
f 421/421/421 416/416/416 420/420/420
f 424/424/424 423/423/423 422/422/422
f 425/425/425 422/422/422 423/423/423
f 428/428/428 427/427/427 426/426/426
f 427/427/427 429/429/429 426/426/426
f 430/430/430 429/429/429 427/427/427
f 429/429/429 431/431/431 426/426/426
f 431/431/431 432/432/432 426/426/426
f 435/435/435 434/434/434 433/433/433
f 434/434/434 436/436/436 433/433/433
f 437/437/437 436/436/436 434/434/434
f 436/436/436 438/438/438 433/433/433
f 438/438/438 439/439/439 433/433/433
f 442/442/442 441/441/441 440/440/440
f 443/443/443 440/440/440 441/441/441
f 443/443/443 441/441/441 444/444/444
f 445/445/445 444/444/444 441/441/441
f 444/444/444 445/445/445 446/446/446
f 447/447/447 446/446/446 445/445/445
f 450/450/450 449/449/449 448/448/448
f 451/451/451 448/448/448 449/449/449
f 454/454/454 453/453/453 452/452/452
f 455/455/455 452/452/452 453/453/453
f 455/455/455 453/453/453 456/456/456
f 457/457/457 456/456/456 453/453/453
f 460/460/460 459/459/459 458/458/458
f 461/461/461 458/458/458 459/459/459
f 464/464/464 463/463/463 462/462/462
f 465/465/465 462/462/462 463/463/463
f 468/468/468 467/467/467 466/466/466
f 469/469/469 466/466/466 467/467/467
f 472/472/472 471/471/471 470/470/470
f 473/473/473 470/470/470 471/471/471
f 476/476/476 475/475/475 474/474/474
f 477/477/477 474/474/474 475/475/475
f 480/480/480 479/479/479 478/478/478
f 481/481/481 478/478/478 479/479/479
f 484/484/484 483/483/483 482/482/482
f 483/483/483 485/485/485 482/482/482
f 486/486/486 485/485/485 483/483/483
f 485/485/485 487/487/487 482/482/482
f 487/487/487 488/488/488 482/482/482
f 491/491/491 490/490/490 489/489/489
f 490/490/490 492/492/492 489/489/489
f 493/493/493 492/492/492 490/490/490
f 492/492/492 494/494/494 489/489/489
f 494/494/494 495/495/495 489/489/489
f 498/498/498 497/497/497 496/496/496
f 499/499/499 496/496/496 497/497/497
f 499/499/499 497/497/497 500/500/500
f 501/501/501 500/500/500 497/497/497
f 500/500/500 501/501/501 502/502/502
f 503/503/503 502/502/502 501/501/501
f 506/506/506 505/505/505 504/504/504
f 507/507/507 504/504/504 505/505/505
f 510/510/510 509/509/509 508/508/508
f 511/511/511 508/508/508 509/509/509
f 511/511/511 509/509/509 512/512/512
f 513/513/513 512/512/512 509/509/509
f 516/516/516 515/515/515 514/514/514
f 517/517/517 514/514/514 515/515/515
f 520/520/520 519/519/519 518/518/518
f 519/519/519 521/521/521 518/518/518
f 521/521/521 522/522/522 518/518/518
f 522/522/522 523/523/523 518/518/518
f 524/524/524 522/522/522 521/521/521
f 527/527/527 526/526/526 525/525/525
f 526/526/526 528/528/528 525/525/525
f 528/528/528 529/529/529 525/525/525
f 529/529/529 530/530/530 525/525/525
f 531/531/531 529/529/529 528/528/528
f 534/534/534 533/533/533 532/532/532
f 535/535/535 532/532/532 533/533/533
f 535/535/535 536/536/536 532/532/532
f 537/537/537 532/532/532 536/536/536
f 536/536/536 538/538/538 537/537/537
f 539/539/539 537/537/537 538/538/538
f 542/542/542 541/541/541 540/540/540
f 543/543/543 540/540/540 541/541/541
f 546/546/546 545/545/545 544/544/544
f 547/547/547 544/544/544 545/545/545
f 547/547/547 548/548/548 544/544/544
f 549/549/549 544/544/544 548/548/548
f 552/552/552 551/551/551 550/550/550
f 553/553/553 550/550/550 551/551/551
f 556/556/556 555/555/555 554/554/554
f 557/557/557 554/554/554 555/555/555
f 560/560/560 559/559/559 558/558/558
f 561/561/561 558/558/558 559/559/559
f 559/559/559 562/562/562 561/561/561
f 563/563/563 561/561/561 562/562/562
f 562/562/562 564/564/564 563/563/563
f 563/563/563 564/564/564 565/565/565
f 566/566/566 563/563/563 565/565/565
f 564/564/564 567/567/567 565/565/565
f 570/570/570 569/569/569 568/568/568
f 571/571/571 568/568/568 569/569/569
f 571/571/571 572/572/572 568/568/568
f 573/573/573 568/568/568 572/572/572
f 576/576/576 575/575/575 574/574/574
f 577/577/577 574/574/574 575/575/575
f 575/575/575 578/578/578 577/577/577
f 579/579/579 577/577/577 578/578/578
f 578/578/578 580/580/580 579/579/579
f 581/581/581 579/579/579 580/580/580
f 584/584/584 583/583/583 582/582/582
f 585/585/585 582/582/582 583/583/583
f 583/583/583 586/586/586 585/585/585
f 587/587/587 585/585/585 586/586/586
f 587/587/587 586/586/586 588/588/588
f 589/589/589 588/588/588 586/586/586
f 588/588/588 589/589/589 590/590/590
f 591/591/591 590/590/590 589/589/589
f 590/590/590 591/591/591 592/592/592
f 593/593/593 592/592/592 591/591/591
f 596/596/596 595/595/595 594/594/594
f 597/597/597 594/594/594 595/595/595
f 597/597/597 595/595/595 598/598/598
f 599/599/599 598/598/598 595/595/595
f 598/598/598 600/600/600 597/597/597
f 597/597/597 601/601/601 594/594/594
f 601/601/601 597/597/597 600/600/600
f 602/602/602 594/594/594 601/601/601
f 600/600/600 603/603/603 601/601/601
f 602/602/602 601/601/601 604/604/604
f 605/605/605 601/601/601 603/603/603
f 605/605/605 604/604/604 601/601/601
f 605/605/605 603/603/603 606/606/606
f 605/605/605 606/606/606 604/604/604
f 607/607/607 606/606/606 603/603/603
f 608/608/608 604/604/604 606/606/606
f 606/606/606 607/607/607 609/609/609
f 606/606/606 609/609/609 608/608/608
f 610/610/610 609/609/609 607/607/607
f 611/611/611 608/608/608 609/609/609
f 614/614/614 613/613/613 612/612/612
f 615/615/615 612/612/612 613/613/613
f 613/613/613 616/616/616 615/615/615
f 617/617/617 615/615/615 616/616/616
f 620/620/620 619/619/619 618/618/618
f 621/621/621 618/618/618 619/619/619
f 621/621/621 622/622/622 618/618/618
f 618/618/618 622/622/622 623/623/623
f 624/624/624 623/623/623 622/622/622
f 623/623/623 624/624/624 625/625/625
f 625/625/625 624/624/624 626/626/626
f 626/626/626 627/627/627 625/625/625
f 628/628/628 625/625/625 627/627/627
f 628/628/628 627/627/627 629/629/629
f 630/630/630 628/628/628 629/629/629
f 629/629/629 631/631/631 630/630/630
f 632/632/632 630/630/630 631/631/631
f 633/633/633 632/632/632 631/631/631
f 633/633/633 634/634/634 632/632/632
f 635/635/635 632/632/632 634/634/634
f 638/638/638 637/637/637 636/636/636
f 639/639/639 636/636/636 637/637/637
f 642/642/642 641/641/641 640/640/640
f 643/643/643 640/640/640 641/641/641
f 641/641/641 644/644/644 643/643/643
f 645/645/645 643/643/643 644/644/644
f 644/644/644 646/646/646 645/645/645
f 647/647/647 645/645/645 646/646/646
f 650/650/650 649/649/649 648/648/648
f 651/651/651 648/648/648 649/649/649
f 651/651/651 649/649/649 652/652/652
f 653/653/653 652/652/652 649/649/649
f 652/652/652 653/653/653 654/654/654
f 655/655/655 654/654/654 653/653/653
f 658/658/658 657/657/657 656/656/656
f 659/659/659 656/656/656 657/657/657
f 659/659/659 657/657/657 660/660/660
f 661/661/661 660/660/660 657/657/657
f 661/661/661 662/662/662 660/660/660
f 663/663/663 660/660/660 662/662/662
f 666/666/666 665/665/665 664/664/664
f 667/667/667 664/664/664 665/665/665
f 670/670/670 669/669/669 668/668/668
f 671/671/671 668/668/668 669/669/669
f 668/668/668 671/671/671 672/672/672
f 673/673/673 672/672/672 671/671/671
f 672/672/672 673/673/673 674/674/674
f 675/675/675 674/674/674 673/673/673
f 675/675/675 676/676/676 674/674/674
f 677/677/677 674/674/674 676/676/676
f 676/676/676 678/678/678 677/677/677
f 679/679/679 677/677/677 678/678/678
f 682/682/682 681/681/681 680/680/680
f 683/683/683 680/680/680 681/681/681
f 686/686/686 685/685/685 684/684/684
f 685/685/685 687/687/687 684/684/684
f 684/684/684 687/687/687 688/688/688
f 689/689/689 687/687/687 685/685/685
f 692/692/692 691/691/691 690/690/690
f 693/693/693 690/690/690 691/691/691
f 696/696/696 695/695/695 694/694/694
f 697/697/697 694/694/694 695/695/695
f 700/700/700 699/699/699 698/698/698
f 701/701/701 698/698/698 699/699/699
f 698/698/698 701/701/701 702/702/702
f 703/703/703 702/702/702 701/701/701
f 702/702/702 703/703/703 704/704/704
f 704/704/704 703/703/703 705/705/705
f 706/706/706 704/704/704 705/705/705
f 703/703/703 707/707/707 705/705/705
f 710/710/710 709/709/709 708/708/708
f 711/711/711 708/708/708 709/709/709
f 711/711/711 709/709/709 712/712/712
f 713/713/713 712/712/712 709/709/709
f 716/716/716 715/715/715 714/714/714
f 717/717/717 714/714/714 715/715/715
f 714/714/714 717/717/717 718/718/718
f 719/719/719 718/718/718 717/717/717
f 718/718/718 719/719/719 720/720/720
f 721/721/721 720/720/720 719/719/719
f 724/724/724 723/723/723 722/722/722
f 725/725/725 722/722/722 723/723/723
f 722/722/722 725/725/725 726/726/726
f 727/727/727 726/726/726 725/725/725
f 727/727/727 728/728/728 726/726/726
f 729/729/729 726/726/726 728/728/728
f 728/728/728 730/730/730 729/729/729
f 731/731/731 729/729/729 730/730/730
f 730/730/730 732/732/732 731/731/731
f 733/733/733 731/731/731 732/732/732
f 736/736/736 735/735/735 734/734/734
f 737/737/737 734/734/734 735/735/735
f 737/737/737 738/738/738 734/734/734
f 739/739/739 734/734/734 738/738/738
f 738/738/738 737/737/737 740/740/740
f 737/737/737 735/735/735 741/741/741
f 741/741/741 740/740/740 737/737/737
f 742/742/742 741/741/741 735/735/735
f 740/740/740 741/741/741 743/743/743
f 742/742/742 744/744/744 741/741/741
f 745/745/745 743/743/743 741/741/741
f 745/745/745 741/741/741 744/744/744
f 745/745/745 746/746/746 743/743/743
f 745/745/745 744/744/744 746/746/746
f 747/747/747 743/743/743 746/746/746
f 748/748/748 746/746/746 744/744/744
f 746/746/746 749/749/749 747/747/747
f 746/746/746 748/748/748 749/749/749
f 750/750/750 747/747/747 749/749/749
f 751/751/751 749/749/749 748/748/748
f 754/754/754 753/753/753 752/752/752
f 755/755/755 752/752/752 753/753/753
f 752/752/752 755/755/755 756/756/756
f 757/757/757 756/756/756 755/755/755
f 760/760/760 759/759/759 758/758/758
f 761/761/761 758/758/758 759/759/759
f 762/762/762 761/761/761 759/759/759
f 759/759/759 763/763/763 762/762/762
f 764/764/764 762/762/762 763/763/763
f 764/764/764 763/763/763 765/765/765
f 764/764/764 765/765/765 766/766/766
f 766/766/766 765/765/765 767/767/767
f 768/768/768 767/767/767 765/765/765
f 767/767/767 768/768/768 769/769/769
f 768/768/768 770/770/770 769/769/769
f 769/769/769 770/770/770 771/771/771
f 772/772/772 771/771/771 770/770/770
f 772/772/772 773/773/773 771/771/771
f 773/773/773 772/772/772 774/774/774
f 775/775/775 774/774/774 772/772/772
f 778/778/778 777/777/777 776/776/776
f 779/779/779 776/776/776 777/777/777
f 782/782/782 781/781/781 780/780/780
f 783/783/783 780/780/780 781/781/781
f 780/780/780 783/783/783 784/784/784
f 785/785/785 784/784/784 783/783/783
f 784/784/784 785/785/785 786/786/786
f 787/787/787 786/786/786 785/785/785
f 790/790/790 789/789/789 788/788/788
f 791/791/791 788/788/788 789/789/789
f 791/791/791 792/792/792 788/788/788
f 793/793/793 788/788/788 792/792/792
f 792/792/792 794/794/794 793/793/793
f 795/795/795 793/793/793 794/794/794
f 798/798/798 797/797/797 796/796/796
f 799/799/799 796/796/796 797/797/797
f 799/799/799 800/800/800 796/796/796
f 801/801/801 796/796/796 800/800/800
f 801/801/801 800/800/800 802/802/802
f 803/803/803 802/802/802 800/800/800
f 806/806/806 805/805/805 804/804/804
f 807/807/807 804/804/804 805/805/805
f 810/810/810 809/809/809 808/808/808
f 811/811/811 808/808/808 809/809/809
f 809/809/809 812/812/812 811/811/811
f 813/813/813 811/811/811 812/812/812
f 812/812/812 814/814/814 813/813/813
f 815/815/815 813/813/813 814/814/814
f 815/815/815 814/814/814 816/816/816
f 817/817/817 816/816/816 814/814/814
f 816/816/816 817/817/817 818/818/818
f 819/819/819 818/818/818 817/817/817
f 822/822/822 821/821/821 820/820/820
f 823/823/823 820/820/820 821/821/821
f 826/826/826 825/825/825 824/824/824
f 825/825/825 827/827/827 824/824/824
f 824/824/824 827/827/827 828/828/828
f 829/829/829 827/827/827 825/825/825
f 832/832/832 831/831/831 830/830/830
f 833/833/833 830/830/830 831/831/831
f 836/836/836 835/835/835 834/834/834
f 837/837/837 834/834/834 835/835/835
f 836/836/836 838/838/838 835/835/835
f 837/837/837 835/835/835 839/839/839
f 840/840/840 835/835/835 838/838/838
f 840/840/840 839/839/839 835/835/835
f 838/838/838 841/841/841 840/840/840
f 840/840/840 842/842/842 839/839/839
f 842/842/842 840/840/840 841/841/841
f 843/843/843 839/839/839 842/842/842
f 843/843/843 842/842/842 844/844/844
f 842/842/842 841/841/841 845/845/845
f 845/845/845 844/844/844 842/842/842
f 846/846/846 845/845/845 841/841/841
f 844/844/844 845/845/845 847/847/847
f 846/846/846 848/848/848 845/845/845
f 849/849/849 847/847/847 845/845/845
f 849/849/849 845/845/845 848/848/848
f 849/849/849 850/850/850 847/847/847
f 849/849/849 848/848/848 850/850/850
f 851/851/851 847/847/847 850/850/850
f 852/852/852 850/850/850 848/848/848
f 851/851/851 850/850/850 853/853/853
f 852/852/852 853/853/853 850/850/850
f 856/856/856 855/855/855 854/854/854
f 857/857/857 854/854/854 855/855/855
f 856/856/856 854/854/854 858/858/858
f 857/857/857 859/859/859 854/854/854
f 860/860/860 858/858/858 854/854/854
f 860/860/860 854/854/854 859/859/859
f 858/858/858 860/860/860 861/861/861
f 860/860/860 859/859/859 862/862/862
f 862/862/862 861/861/861 860/860/860
f 863/863/863 862/862/862 859/859/859
f 863/863/863 864/864/864 862/862/862
f 862/862/862 865/865/865 861/861/861
f 865/865/865 862/862/862 864/864/864
f 866/866/866 861/861/861 865/865/865
f 864/864/864 867/867/867 865/865/865
f 866/866/866 865/865/865 868/868/868
f 869/869/869 865/865/865 867/867/867
f 869/869/869 868/868/868 865/865/865
f 869/869/869 867/867/867 870/870/870
f 869/869/869 870/870/870 868/868/868
f 871/871/871 870/870/870 867/867/867
f 872/872/872 868/868/868 870/870/870
f 871/871/871 873/873/873 870/870/870
f 872/872/872 870/870/870 873/873/873
f 876/876/876 875/875/875 874/874/874
f 875/875/875 877/877/877 874/874/874
f 878/878/878 875/875/875 876/876/876
f 875/875/875 879/879/879 877/877/877
f 880/880/880 875/875/875 878/878/878
f 881/881/881 879/879/879 875/875/875
f 882/882/882 875/875/875 880/880/880
f 875/875/875 883/883/883 881/881/881
f 882/882/882 884/884/884 875/875/875
f 885/885/885 883/883/883 875/875/875
f 886/886/886 875/875/875 884/884/884
f 875/875/875 887/887/887 885/885/885
f 888/888/888 875/875/875 886/886/886
f 889/889/889 887/887/887 875/875/875
f 890/890/890 875/875/875 888/888/888
f 875/875/875 890/890/890 889/889/889
f 893/893/893 892/892/892 891/891/891
f 894/894/894 891/891/891 892/892/892
f 892/892/892 895/895/895 894/894/894
f 892/892/892 893/893/893 895/895/895
f 896/896/896 894/894/894 895/895/895
f 896/896/896 895/895/895 897/897/897
f 893/893/893 898/898/898 895/895/895
f 899/899/899 898/898/898 893/893/893
f 899/899/899 900/900/900 898/898/898
f 901/901/901 898/898/898 900/900/900
f 901/901/901 897/897/897 898/898/898
f 902/902/902 897/897/897 895/895/895
f 902/902/902 898/898/898 897/897/897
f 898/898/898 902/902/902 895/895/895
f 905/905/905 904/904/904 903/903/903
f 906/906/906 903/903/903 904/904/904
f 904/904/904 905/905/905 907/907/907
f 906/906/906 904/904/904 907/907/907
f 908/908/908 907/907/907 905/905/905
f 908/908/908 909/909/909 907/907/907
f 910/910/910 906/906/906 907/907/907
f 911/911/911 906/906/906 910/910/910
f 911/911/911 910/910/910 912/912/912
f 913/913/913 912/912/912 910/910/910
f 913/913/913 910/910/910 909/909/909
f 914/914/914 907/907/907 909/909/909
f 914/914/914 909/909/909 910/910/910
f 914/914/914 910/910/910 907/907/907
f 917/917/917 916/916/916 915/915/915
f 917/917/917 915/915/915 918/918/918
f 919/919/919 915/915/915 916/916/916
f 920/920/920 918/918/918 915/915/915
f 915/915/915 919/919/919 920/920/920
f 919/919/919 916/916/916 921/921/921
f 921/921/921 920/920/920 919/919/919
f 920/920/920 921/921/921 918/918/918
f 922/922/922 921/921/921 916/916/916
f 922/922/922 918/918/918 921/921/921
f 925/925/925 924/924/924 923/923/923
f 925/925/925 923/923/923 926/926/926
f 927/927/927 923/923/923 924/924/924
f 928/928/928 926/926/926 923/923/923
f 923/923/923 927/927/927 928/928/928
f 927/927/927 924/924/924 929/929/929
f 929/929/929 928/928/928 927/927/927
f 928/928/928 929/929/929 926/926/926
f 930/930/930 929/929/929 924/924/924
f 930/930/930 926/926/926 929/929/929
f 933/933/933 932/932/932 931/931/931
f 933/933/933 934/934/934 932/932/932
f 935/935/935 931/931/931 932/932/932
f 936/936/936 932/932/932 934/934/934
f 932/932/932 936/936/936 935/935/935
f 935/935/935 937/937/937 931/931/931
f 937/937/937 935/935/935 936/936/936
f 936/936/936 934/934/934 937/937/937
f 938/938/938 931/931/931 937/937/937
f 938/938/938 937/937/937 934/934/934
f 941/941/941 940/940/940 939/939/939
f 941/941/941 942/942/942 940/940/940
f 943/943/943 939/939/939 940/940/940
f 944/944/944 940/940/940 942/942/942
f 940/940/940 944/944/944 943/943/943
f 943/943/943 945/945/945 939/939/939
f 945/945/945 943/943/943 944/944/944
f 944/944/944 942/942/942 945/945/945
f 946/946/946 939/939/939 945/945/945
f 946/946/946 945/945/945 942/942/942
f 949/949/949 948/948/948 947/947/947
f 950/950/950 947/947/947 948/948/948
f 947/947/947 951/951/951 949/949/949
f 948/948/948 952/952/952 950/950/950
f 953/953/953 949/949/949 951/951/951
f 954/954/954 950/950/950 952/952/952
f 951/951/951 955/955/955 953/953/953
f 952/952/952 956/956/956 954/954/954
f 957/957/957 953/953/953 955/955/955
f 958/958/958 954/954/954 956/956/956
f 955/955/955 959/959/959 957/957/957
f 956/956/956 960/960/960 958/958/958
f 961/961/961 957/957/957 959/959/959
f 962/962/962 958/958/958 960/960/960
f 959/959/959 963/963/963 961/961/961
f 960/960/960 964/964/964 962/962/962
f 965/965/965 961/961/961 963/963/963
f 966/966/966 962/962/962 964/964/964
f 963/963/963 967/967/967 965/965/965
f 964/964/964 968/968/968 966/966/966
f 969/969/969 965/965/965 967/967/967
f 970/970/970 966/966/966 968/968/968
f 967/967/967 971/971/971 969/969/969
f 968/968/968 972/972/972 970/970/970
f 973/973/973 969/969/969 971/971/971
f 974/974/974 970/970/970 972/972/972
f 971/971/971 975/975/975 973/973/973
f 972/972/972 976/976/976 974/974/974
f 977/977/977 973/973/973 975/975/975
f 978/978/978 974/974/974 976/976/976
f 975/975/975 978/978/978 977/977/977
f 976/976/976 977/977/977 978/978/978
f 981/981/981 980/980/980 979/979/979
f 982/982/982 979/979/979 980/980/980
f 980/980/980 983/983/983 982/982/982
f 979/979/979 984/984/984 981/981/981
f 985/985/985 981/981/981 984/984/984
f 986/986/986 982/982/982 983/983/983
f 983/983/983 987/987/987 986/986/986
f 984/984/984 988/988/988 985/985/985
f 989/989/989 985/985/985 988/988/988
f 990/990/990 986/986/986 987/987/987
f 987/987/987 991/991/991 990/990/990
f 988/988/988 992/992/992 989/989/989
f 993/993/993 989/989/989 992/992/992
f 994/994/994 990/990/990 991/991/991
f 991/991/991 995/995/995 994/994/994
f 992/992/992 996/996/996 993/993/993
f 997/997/997 993/993/993 996/996/996
f 998/998/998 994/994/994 995/995/995
f 995/995/995 999/999/999 998/998/998
f 996/996/996 1000/1000/1000 997/997/997
f 1001/1001/1001 997/997/997 1000/1000/1000
f 999/999/999 1001/1001/1001 1002/1002/1002
f 1002/1002/1002 998/998/998 999/999/999
f 1000/1000/1000 1002/1002/1002 1001/1001/1001
f 988/988/988 1003/1003/1003 992/992/992
f 992/992/992 1004/1004/1004 996/996/996
f 1004/1004/1004 992/992/992 1003/1003/1003
f 996/996/996 1005/1005/1005 1000/1000/1000
f 1005/1005/1005 996/996/996 1004/1004/1004
f 1000/1000/1000 1006/1006/1006 1002/1002/1002
f 1006/1006/1006 1000/1000/1000 1005/1005/1005
f 1002/1002/1002 1007/1007/1007 998/998/998
f 1007/1007/1007 1002/1002/1002 1006/1006/1006
f 998/998/998 1008/1008/1008 994/994/994
f 1008/1008/1008 998/998/998 1007/1007/1007
f 1003/1003/1003 988/988/988 1009/1009/1009
f 984/984/984 1009/1009/1009 988/988/988
f 1010/1010/1010 994/994/994 1008/1008/1008
f 994/994/994 1010/1010/1010 990/990/990
f 1009/1009/1009 984/984/984 1011/1011/1011
f 979/979/979 1011/1011/1011 984/984/984
f 1012/1012/1012 990/990/990 1010/1010/1010
f 990/990/990 1012/1012/1012 986/986/986
f 1011/1011/1011 979/979/979 1013/1013/1013
f 982/982/982 1013/1013/1013 979/979/979
f 986/986/986 1014/1014/1014 982/982/982
f 1014/1014/1014 986/986/986 1012/1012/1012
f 1013/1013/1013 982/982/982 1014/1014/1014
f 1003/1003/1003 1009/1009/1009 1015/1015/1015
f 1016/1016/1016 1015/1015/1015 1009/1009/1009
f 1009/1009/1009 1011/1011/1011 1016/1016/1016
f 1015/1015/1015 1017/1017/1017 1003/1003/1003
f 1018/1018/1018 1016/1016/1016 1011/1011/1011
f 1011/1011/1011 1013/1013/1013 1018/1018/1018
f 1004/1004/1004 1003/1003/1003 1017/1017/1017
f 1019/1019/1019 1018/1018/1018 1013/1013/1013
f 1013/1013/1013 1014/1014/1014 1019/1019/1019
f 1017/1017/1017 1020/1020/1020 1004/1004/1004
f 1021/1021/1021 1019/1019/1019 1014/1014/1014
f 1014/1014/1014 1012/1012/1012 1021/1021/1021
f 1005/1005/1005 1004/1004/1004 1020/1020/1020
f 1022/1022/1022 1021/1021/1021 1012/1012/1012
f 1020/1020/1020 1023/1023/1023 1005/1005/1005
f 1012/1012/1012 1010/1010/1010 1022/1022/1022
f 1006/1006/1006 1005/1005/1005 1023/1023/1023
f 1024/1024/1024 1022/1022/1022 1010/1010/1010
f 1023/1023/1023 1025/1025/1025 1006/1006/1006
f 1010/1010/1010 1008/1008/1008 1024/1024/1024
f 1007/1007/1007 1006/1006/1006 1025/1025/1025
f 1026/1026/1026 1024/1024/1024 1008/1008/1008
f 1025/1025/1025 1026/1026/1026 1007/1007/1007
f 1008/1008/1008 1007/1007/1007 1026/1026/1026
