g jianglidaoju_shouqiang_lod1_gpuskinmesh
v -0.516127408 0.0847048163 0.0395934992
v -0.483872563 0.0847048163 0.0395934992
v -0.5 0.100377917 0.0396345705
v -0.513196111 0.0882213488 0.150573313
v -0.486803859 0.0882213488 0.150573313
v -0.5 0.0684027821 0.165326044
v -0.5 0.103763551 0.150391057
v -0.486803859 0.0882213488 0.150573313
v -0.513196111 0.0882213488 0.150573313
v -0.515683353 0.0847869441 0.0478997827
v -0.5 0.100660264 0.0475660935
v -0.484316587 0.0847869441 0.0478997827
v -0.513552904 0.0881546065 0.140570328
v -0.486447066 0.0881546065 0.140570328
v -0.5 0.103683978 0.140480503
v -0.514217734 0.0455964804 -0.071219489
v -0.535442889 0.0455964804 -0.0590809062
v -0.516769111 0.0170378387 -0.0603155605
v -0.514217734 0.0455964804 -0.071219489
v -0.514389694 0.083991237 -0.0685576648
v -0.535442889 0.0455964804 -0.0590809062
v -0.517413378 0.0318279155 0.159916595
v -0.5 0.0339840539 0.165243864
v -0.5 0.026986856 0.159916595
v -0.523626029 0.0666060075 0.160029545
v -0.5 0.0339840539 0.165243864
v -0.517413378 0.0318279155 0.159916595
v -0.513196111 0.0882213488 0.150573313
v -0.5 0.0684027821 0.165326044
v -0.523626029 0.0666060075 0.160029545
v -0.523626029 0.0666060075 0.160029545
v -0.5 0.0684027821 0.165326044
v -0.5 0.0339840539 0.165243864
v -0.485782266 0.0455964804 -0.071219489
v -0.483230859 0.0170378368 -0.0603155605
v -0.464557111 0.0455964804 -0.0590809062
v -0.485782266 0.0455964804 -0.071219489
v -0.464557111 0.0455964804 -0.0590809062
v -0.485610306 0.083991237 -0.0685576648
v -0.482586533 0.0318279155 0.159916595
v -0.5 0.026986856 0.159916595
v -0.5 0.0339840539 0.165243864
v -0.476373971 0.0666060075 0.160029545
v -0.482586533 0.0318279155 0.159916595
v -0.5 0.0339840539 0.165243864
v -0.486803859 0.0882213488 0.150573313
v -0.476373971 0.0666060075 0.160029545
v -0.5 0.0684027821 0.165326044
v -0.476373971 0.0666060075 0.160029545
v -0.5 0.0339840539 0.165243864
v -0.5 0.0684027821 0.165326044
v -0.497440875 -0.0208717957 -0.0376041792
v -0.502559125 -0.0208717957 -0.0376041792
v -0.5 -0.0196936186 -0.0336230136
v -0.495894343 0.0662954748 -0.10368485
v -0.5 0.0700379163 -0.101780251
v -0.504104376 0.0662954748 -0.10368485
v -0.513827562 -0.0346633978 -0.150640041
v -0.513863504 -0.000380711223 -0.134124994
v -0.522485495 -0.0270527303 -0.114465579
v -0.51386863 0.0271614566 -0.106939621
v -0.513899386 0.0420542508 -0.103997998
v -0.519115269 0.0158956032 -0.0877345279
v -0.514135599 0.00486332597 -0.0631775782
v -0.519115269 0.0158956032 -0.0877345279
v -0.516769111 0.0170378387 -0.0603155605
v -0.514217734 0.0455964804 -0.071219489
v -0.516769111 0.0170378387 -0.0603155605
v -0.519115269 0.0158956032 -0.0877345279
v -0.514389694 0.083991237 -0.0685576648
v -0.532678425 0.0645987615 0.0109604131
v -0.535442889 0.0455964804 -0.0590809062
v -0.5 -0.00748316292 -0.0757628009
v -0.519115269 0.0158956032 -0.0877345279
v -0.514135599 0.00486332597 -0.0631775782
v -0.517621338 0.00928853638 0.0299087986
v -0.514844 0.00439615129 -0.0112247802
v -0.517749667 0.0156696998 0.0109578371
v -0.535442889 0.0455964804 -0.0590809062
v -0.532678425 0.0645987615 0.0109604131
v -0.535442889 0.0455964655 0.0109475749
v -0.517621338 0.00928853638 0.0299087986
v -0.5 0.00267892703 0.0312743559
v -0.5 -0.00300918473 0.0270313714
v -0.515647411 0.0838757306 0.0106395613
v -0.532678425 0.0645987615 0.0109604131
v -0.514389694 0.083991237 -0.0685576648
v -0.514389694 0.083991237 -0.0685576648
v -0.51493901 0.0894278139 0.0064119813
v -0.515647411 0.0838757306 0.0106395613
v -0.5 0.0700379163 -0.101780251
v -0.5 0.0658924654 -0.0663270876
v -0.504104376 0.0662954748 -0.10368485
v -0.505593121 0.0589081086 -0.0923188925
v -0.5 0.0658924654 -0.0663270876
v -0.507084429 0.0415819511 -0.0835762396
v -0.504104376 0.0662954748 -0.10368485
v -0.5 0.0658924654 -0.0663270876
v -0.505593121 0.0589081086 -0.0923188925
v -0.486172438 -0.0346633978 -0.150640041
v -0.477514476 -0.0270527303 -0.114465579
v -0.486136496 -0.000380712416 -0.134124994
v -0.48613134 0.0271614566 -0.106939621
v -0.480884731 0.0158955995 -0.0877345279
v -0.486100554 0.0420542508 -0.103997998
v -0.485864401 0.00486332504 -0.0631775782
v -0.483230859 0.0170378368 -0.0603155605
v -0.480884731 0.0158955995 -0.0877345279
v -0.485782266 0.0455964804 -0.071219489
v -0.480884731 0.0158955995 -0.0877345279
v -0.483230859 0.0170378368 -0.0603155605
v -0.485610306 0.083991237 -0.0685576648
v -0.464557111 0.0455964804 -0.0590809062
v -0.467321575 0.0645987615 0.0109604103
v -0.5 -0.00748316292 -0.0757628009
v -0.485864401 0.00486332504 -0.0631775782
v -0.480884731 0.0158955995 -0.0877345279
v -0.482378632 0.00928853545 0.0299087986
v -0.482250303 0.0156696979 0.0109578343
v -0.48515597 0.00439614989 -0.0112247821
v -0.464557111 0.0455964804 -0.0590809062
v -0.464557111 0.0455964655 0.010947573
v -0.467321575 0.0645987615 0.0109604103
v -0.482378632 0.00928853545 0.0299087986
v -0.5 -0.00300918473 0.0270313714
v -0.5 0.00267892703 0.0312743559
v -0.484352559 0.0838757306 0.0106395585
v -0.485610306 0.083991237 -0.0685576648
v -0.467321575 0.0645987615 0.0109604103
v -0.485610306 0.083991237 -0.0685576648
v -0.484352559 0.0838757306 0.0106395585
v -0.48506099 0.0894278139 0.00641198037
v -0.486100554 0.0420542508 -0.103997998
v -0.480884731 0.0158955995 -0.0877345279
v -0.485782266 0.0455964804 -0.071219489
v -0.5 0.0700379163 -0.101780251
v -0.495894343 0.0662954748 -0.10368485
v -0.5 0.0658924654 -0.0663270876
v -0.494405597 0.0589081086 -0.0923188925
v -0.492915511 0.0415819511 -0.0835762396
v -0.5 0.0658924654 -0.0663270876
v -0.495894343 0.0662954748 -0.10368485
v -0.494405597 0.0589081086 -0.0923188925
v -0.5 0.0658924654 -0.0663270876
v -0.523626029 0.0666060075 0.160029545
v -0.517413378 0.0318279155 0.159916595
v -0.51751864 0.0330933668 0.134527996
v -0.521703959 0.0646712258 0.0109702703
v -0.515647411 0.0838757306 0.0106395613
v -0.516127408 0.0847048163 0.0395934992
v -0.523626029 0.0666060075 0.160029545
v -0.513552904 0.0881546065 0.140570328
v -0.513196111 0.0882213488 0.150573313
v -0.521703959 0.0646712258 0.0109702703
v -0.516127408 0.0847048163 0.0395934992
v -0.515683353 0.0847869441 0.0478997827
v -0.476373971 0.0666060075 0.160029545
v -0.482481301 0.0330933668 0.134527996
v -0.482586533 0.0318279155 0.159916595
v -0.478296041 0.0646712258 0.0109702684
v -0.483872563 0.0847048163 0.0395934992
v -0.484352559 0.0838757306 0.0106395585
v -0.476373971 0.0666060075 0.160029545
v -0.486803859 0.0882213488 0.150573313
v -0.486447066 0.0881546065 0.140570328
v -0.478296041 0.0646712258 0.0109702684
v -0.484316587 0.0847869441 0.0478997827
v -0.483872563 0.0847048163 0.0395934992
v -0.513899386 0.0420542508 -0.103997998
v -0.514217734 0.0455964804 -0.071219489
v -0.519115269 0.0158956032 -0.0877345279
v 0.483872563 0.0847048163 0.0395934992
v 0.516127408 0.0847048163 0.0395934992
v 0.5 0.100377917 0.0396345705
v 0.486803889 0.0882213488 0.150573313
v 0.513196111 0.0882213488 0.150573313
v 0.5 0.0684027821 0.165326044
v 0.5 0.103763551 0.150391057
v 0.513196111 0.0882213488 0.150573313
v 0.486803889 0.0882213488 0.150573313
v 0.484316617 0.0847869441 0.0478997827
v 0.5 0.100660264 0.0475660935
v 0.515683413 0.0847869441 0.0478997827
v 0.486447096 0.0881546065 0.140570328
v 0.513552904 0.0881546065 0.140570328
v 0.5 0.103683978 0.140480503
v 0.485782266 0.0455964804 -0.071219489
v 0.464557111 0.0455964804 -0.0590809062
v 0.483230859 0.0170378387 -0.0603155605
v 0.485782266 0.0455964804 -0.071219489
v 0.485610306 0.083991237 -0.0685576648
v 0.464557111 0.0455964804 -0.0590809062
v 0.482586592 0.0318279155 0.159916595
v 0.5 0.0339840539 0.165243864
v 0.5 0.026986856 0.159916595
v 0.476373971 0.0666060075 0.160029545
v 0.5 0.0339840539 0.165243864
v 0.482586592 0.0318279155 0.159916595
v 0.486803889 0.0882213488 0.150573313
v 0.5 0.0684027821 0.165326044
v 0.476373971 0.0666060075 0.160029545
v 0.476373971 0.0666060075 0.160029545
v 0.5 0.0684027821 0.165326044
v 0.5 0.0339840539 0.165243864
v 0.514217734 0.0455964804 -0.071219489
v 0.516769111 0.0170378368 -0.0603155605
v 0.535442889 0.0455964804 -0.0590809062
v 0.514217734 0.0455964804 -0.071219489
v 0.535442889 0.0455964804 -0.0590809062
v 0.514389694 0.083991237 -0.0685576648
v 0.517413437 0.0318279155 0.159916595
v 0.5 0.026986856 0.159916595
v 0.5 0.0339840539 0.165243864
v 0.523626029 0.0666060075 0.160029545
v 0.517413437 0.0318279155 0.159916595
v 0.5 0.0339840539 0.165243864
v 0.513196111 0.0882213488 0.150573313
v 0.523626029 0.0666060075 0.160029545
v 0.5 0.0684027821 0.165326044
v 0.523626029 0.0666060075 0.160029545
v 0.5 0.0339840539 0.165243864
v 0.5 0.0684027821 0.165326044
v 0.502559125 -0.0208717957 -0.0376041792
v 0.497440875 -0.0208717957 -0.0376041792
v 0.5 -0.0196936186 -0.0336230136
v 0.504105628 0.0662954748 -0.10368485
v 0.5 0.0700379163 -0.101780251
v 0.495895594 0.0662954748 -0.10368485
v 0.486172438 -0.0346633978 -0.150640041
v 0.486136496 -0.000380711223 -0.134124994
v 0.477514476 -0.0270527303 -0.114465579
v 0.48613134 0.0271614566 -0.106939621
v 0.486100554 0.0420542508 -0.103997998
v 0.480884731 0.0158956032 -0.0877345279
v 0.485864401 0.00486332597 -0.0631775782
v 0.480884731 0.0158956032 -0.0877345279
v 0.483230859 0.0170378387 -0.0603155605
v 0.485782266 0.0455964804 -0.071219489
v 0.483230859 0.0170378387 -0.0603155605
v 0.480884731 0.0158956032 -0.0877345279
v 0.485610306 0.083991237 -0.0685576648
v 0.467321575 0.0645987615 0.0109604131
v 0.464557111 0.0455964804 -0.0590809062
v 0.5 -0.00748316292 -0.0757628009
v 0.480884731 0.0158956032 -0.0877345279
v 0.485864401 0.00486332597 -0.0631775782
v 0.482378632 0.00928853638 0.0299087986
v 0.48515597 0.00439615129 -0.0112247802
v 0.482250303 0.0156696998 0.0109578371
v 0.464557111 0.0455964804 -0.0590809062
v 0.467321575 0.0645987615 0.0109604131
v 0.464557111 0.0455964655 0.0109475749
v 0.482378632 0.00928853638 0.0299087986
v 0.5 0.00267892703 0.0312743559
v 0.5 -0.00300918473 0.0270313714
v 0.484352559 0.0838757306 0.0106395613
v 0.467321575 0.0645987615 0.0109604131
v 0.485610306 0.083991237 -0.0685576648
v 0.485610306 0.083991237 -0.0685576648
v 0.48506099 0.0894278139 0.0064119813
v 0.484352559 0.0838757306 0.0106395613
v 0.5 0.0700379163 -0.101780251
v 0.5 0.0658924654 -0.0663270876
v 0.495895594 0.0662954748 -0.10368485
v 0.494406849 0.0589081086 -0.0923188925
v 0.5 0.0658924654 -0.0663270876
v 0.492915511 0.0415819511 -0.0835762396
v 0.495895594 0.0662954748 -0.10368485
v 0.5 0.0658924654 -0.0663270876
v 0.494406849 0.0589081086 -0.0923188925
v 0.513827562 -0.0346633978 -0.150640041
v 0.522485495 -0.0270527303 -0.114465579
v 0.513863504 -0.000380712416 -0.134124994
v 0.51386863 0.0271614566 -0.106939621
v 0.519115269 0.0158955995 -0.0877345279
v 0.513899386 0.0420542508 -0.103997998
v 0.514135599 0.00486332504 -0.0631775782
v 0.516769111 0.0170378368 -0.0603155605
v 0.519115269 0.0158955995 -0.0877345279
v 0.514217734 0.0455964804 -0.071219489
v 0.519115269 0.0158955995 -0.0877345279
v 0.516769111 0.0170378368 -0.0603155605
v 0.514389694 0.083991237 -0.0685576648
v 0.535442889 0.0455964804 -0.0590809062
v 0.532678425 0.0645987615 0.0109604103
v 0.5 -0.00748316292 -0.0757628009
v 0.514135599 0.00486332504 -0.0631775782
v 0.519115269 0.0158955995 -0.0877345279
v 0.517621338 0.00928853545 0.0299087986
v 0.517749667 0.0156696979 0.0109578343
v 0.514844 0.00439614989 -0.0112247821
v 0.535442889 0.0455964804 -0.0590809062
v 0.535442889 0.0455964655 0.010947573
v 0.532678425 0.0645987615 0.0109604103
v 0.517621338 0.00928853545 0.0299087986
v 0.5 -0.00300918473 0.0270313714
v 0.5 0.00267892703 0.0312743559
v 0.515647411 0.0838757306 0.0106395585
v 0.514389694 0.083991237 -0.0685576648
v 0.532678425 0.0645987615 0.0109604103
v 0.514389694 0.083991237 -0.0685576648
v 0.515647411 0.0838757306 0.0106395585
v 0.51493901 0.0894278139 0.00641198037
v 0.513899386 0.0420542508 -0.103997998
v 0.519115269 0.0158955995 -0.0877345279
v 0.514217734 0.0455964804 -0.071219489
v 0.5 0.0700379163 -0.101780251
v 0.504105628 0.0662954748 -0.10368485
v 0.5 0.0658924654 -0.0663270876
v 0.505594373 0.0589081086 -0.0923188925
v 0.507084429 0.0415819511 -0.0835762396
v 0.5 0.0658924654 -0.0663270876
v 0.504105628 0.0662954748 -0.10368485
v 0.505594373 0.0589081086 -0.0923188925
v 0.5 0.0658924654 -0.0663270876
v 0.476373971 0.0666060075 0.160029545
v 0.482586592 0.0318279155 0.159916595
v 0.482481331 0.0330933668 0.134527996
v 0.478296041 0.0646712258 0.0109702703
v 0.484352559 0.0838757306 0.0106395613
v 0.483872563 0.0847048163 0.0395934992
v 0.476373971 0.0666060075 0.160029545
v 0.486447096 0.0881546065 0.140570328
v 0.486803889 0.0882213488 0.150573313
v 0.478296041 0.0646712258 0.0109702703
v 0.483872563 0.0847048163 0.0395934992
v 0.484316617 0.0847869441 0.0478997827
v 0.523626029 0.0666060075 0.160029545
v 0.517518699 0.0330933668 0.134527996
v 0.517413437 0.0318279155 0.159916595
v 0.521703959 0.0646712258 0.0109702684
v 0.516127408 0.0847048163 0.0395934992
v 0.515647411 0.0838757306 0.0106395585
v 0.523626029 0.0666060075 0.160029545
v 0.513196111 0.0882213488 0.150573313
v 0.513552904 0.0881546065 0.140570328
v 0.521703959 0.0646712258 0.0109702684
v 0.515683413 0.0847869441 0.0478997827
v 0.516127408 0.0847048163 0.0395934992
v 0.486100554 0.0420542508 -0.103997998
v 0.485782266 0.0455964804 -0.071219489
v 0.480884731 0.0158956032 -0.0877345279
v -0.515647411 0.0838757306 0.0106395613
v -0.484352559 0.0838757306 0.0106395585
v -0.483872563 0.0847048163 0.0395934992
v -0.516127408 0.0847048163 0.0395934992
v -0.48506099 0.0894278139 0.00641198037
v -0.51493901 0.0894278139 0.0064119813
v -0.514389694 0.083991237 -0.0685576648
v -0.485610306 0.083991237 -0.0685576648
v -0.514389694 0.083991237 -0.0685576648
v -0.51391995 0.0581021197 -0.0791202039
v -0.48608005 0.0581021197 -0.0791202039
v -0.485610306 0.083991237 -0.0685576648
v -0.513863504 -0.000380711223 -0.134124994
v -0.486136496 -0.000380712416 -0.134124994
v -0.48613134 0.0271614566 -0.106939621
v -0.51386863 0.0271614566 -0.106939621
v -0.513827562 -0.0346633978 -0.150640041
v -0.513817251 -0.0708994567 -0.157182902
v -0.48618269 -0.0708994567 -0.157182902
v -0.486172438 -0.0346633978 -0.150640041
v -0.48618269 -0.0708994567 -0.157182902
v -0.513817251 -0.0708994567 -0.157182902
v -0.522108197 -0.0736305714 -0.125461921
v -0.477891833 -0.0736305714 -0.125461921
v -0.5 -0.0765644759 -0.093751207
v -0.515647411 0.0838757306 0.0106395613
v -0.51493901 0.0894278139 0.0064119813
v -0.48506099 0.0894278139 0.00641198037
v -0.484352559 0.0838757306 0.0106395585
v -0.48608005 0.0581021197 -0.0791202039
v -0.51391995 0.0581021197 -0.0791202039
v -0.513899386 0.0420542508 -0.103997998
v -0.486100554 0.0420542508 -0.103997998
v -0.486100554 0.0420542508 -0.103997998
v -0.513899386 0.0420542508 -0.103997998
v -0.51386863 0.0271614566 -0.106939621
v -0.48613134 0.0271614566 -0.106939621
v -0.486136496 -0.000380712416 -0.134124994
v -0.513863504 -0.000380711223 -0.134124994
v -0.513827562 -0.0346633978 -0.150640041
v -0.486172438 -0.0346633978 -0.150640041
v -0.491349757 -0.0220756438 -0.0614424087
v -0.508650243 -0.0220756438 -0.0614424087
v -0.514135599 0.00486332597 -0.0631775782
v -0.485864401 0.00486332504 -0.0631775782
v -0.508760571 -0.0332927331 -0.0360640846
v -0.508650243 -0.0220756438 -0.0614424087
v -0.491349757 -0.0220756438 -0.0614424087
v -0.491239399 -0.0332927331 -0.0360640846
v -0.485864401 0.00486332504 -0.0631775782
v -0.514135599 0.00486332597 -0.0631775782
v -0.514844 0.00439615129 -0.0112247802
v -0.48515597 0.00439614989 -0.0112247821
v -0.491239399 -0.0332927331 -0.0360640846
v -0.491039157 -0.0248093344 -0.0140893795
v -0.508960843 -0.0248093344 -0.0140893795
v -0.508760571 -0.0332927331 -0.0360640846
v -0.48515597 0.00439614989 -0.0112247821
v -0.514844 0.00439615129 -0.0112247802
v -0.508960843 -0.0248093344 -0.0140893795
v -0.491039157 -0.0248093344 -0.0140893795
v -0.515683353 0.0847869441 0.0478997827
v -0.484316587 0.0847869441 0.0478997827
v -0.486447066 0.0881546065 0.140570328
v -0.513552904 0.0881546065 0.140570328
v -0.504104376 0.0662954748 -0.10368485
v -0.505593121 0.0589081086 -0.0923188925
v -0.494405597 0.0589081086 -0.0923188925
v -0.495894343 0.0662954748 -0.10368485
v -0.497440875 -0.0208717957 -0.0376041792
v -0.495823741 -0.00868701469 -0.0517423227
v -0.504176259 -0.00868701469 -0.0517423227
v -0.502559125 -0.0208717957 -0.0376041792
v -0.504176259 -0.00868701469 -0.0517423227
v -0.495823741 -0.00868701469 -0.0517423227
v -0.494206637 0.00811807532 -0.0549945049
v -0.505793333 0.00811807532 -0.0549945049
v -0.494405597 0.0589081086 -0.0923188925
v -0.505593121 0.0589081086 -0.0923188925
v -0.507084429 0.0415819511 -0.0835762396
v -0.492915511 0.0415819511 -0.0835762396
v -0.513827562 -0.0346633978 -0.150640041
v -0.522485495 -0.0270527303 -0.114465579
v -0.522108197 -0.0736305714 -0.125461921
v -0.513817251 -0.0708994567 -0.157182902
v -0.513863504 -0.000380711223 -0.134124994
v -0.51386863 0.0271614566 -0.106939621
v -0.519115269 0.0158956032 -0.0877345279
v -0.522485495 -0.0270527303 -0.114465579
v -0.522485495 -0.0270527303 -0.114465579
v -0.519115269 0.0158956032 -0.0877345279
v -0.5 -0.00748316292 -0.0757628009
v -0.5 -0.0357491784 -0.0891231969
v -0.5 -0.00748316292 -0.0757628009
v -0.514135599 0.00486332597 -0.0631775782
v -0.508650243 -0.0220756438 -0.0614424087
v -0.5 -0.0272298492 -0.0656956583
v -0.5 -0.038470041 -0.0363823734
v -0.5 -0.0272298492 -0.0656956583
v -0.508650243 -0.0220756438 -0.0614424087
v -0.508760571 -0.0332927331 -0.0360640846
v -0.5 -0.038470041 -0.0363823734
v -0.508760571 -0.0332927331 -0.0360640846
v -0.508960843 -0.0248093344 -0.0140893795
v -0.5 -0.0287725329 -0.00887869857
v -0.5 -0.00624339515 -0.00287486007
v -0.5 -0.0287725329 -0.00887869857
v -0.508960843 -0.0248093344 -0.0140893795
v -0.514844 0.00439615129 -0.0112247802
v -0.514135599 0.00486332597 -0.0631775782
v -0.516769111 0.0170378387 -0.0603155605
v -0.514844 0.00439615129 -0.0112247802
v -0.517749667 0.0156696998 0.0109578371
v -0.514389694 0.083991237 -0.0685576648
v -0.514217734 0.0455964804 -0.071219489
v -0.51391995 0.0581021197 -0.0791202039
v -0.513899386 0.0420542508 -0.103997998
v -0.5 -0.0357491784 -0.0891231969
v -0.5 -0.0765644759 -0.093751207
v -0.522108197 -0.0736305714 -0.125461921
v -0.522485495 -0.0270527303 -0.114465579
v -0.5 -0.00624339515 -0.00287486007
v -0.514844 0.00439615129 -0.0112247802
v -0.517621338 0.00928853638 0.0299087986
v -0.5 -0.00300918473 0.0270313714
v -0.535442889 0.0455964804 -0.0590809062
v -0.535442889 0.0455964655 0.0109475749
v -0.517749667 0.0156696998 0.0109578371
v -0.516769111 0.0170378387 -0.0603155605
v -0.517621338 0.00928853638 0.0299087986
v -0.517749667 0.0156696998 0.0109578371
v -0.517344117 0.0399776585 0.0111195501
v -0.51751864 0.0330933668 0.134527996
v -0.517572522 -0.000257555308 0.128151953
v -0.5 0.0282831211 0.13591665
v -0.5 -0.00717775011 0.128149375
v -0.517572522 -0.000257555308 0.128151953
v -0.51751864 0.0330933668 0.134527996
v -0.5 0.00267892703 0.0312743559
v -0.517621338 0.00928853638 0.0299087986
v -0.517572522 -0.000257555308 0.128151953
v -0.5 -0.00717775011 0.128149375
v -0.5 0.0982217789 0.0458155088
v -0.5 0.102210626 0.147457168
v -0.505364656 0.0969306231 0.147457168
v -0.505364656 0.0917405114 0.0459643863
v -0.505364656 0.0917405114 0.0459643863
v -0.505364656 0.0969306231 0.147457168
v -0.5 0.091648072 0.147457168
v -0.5 0.0864579529 0.0459643863
v -0.5 -0.00538349571 -0.041023206
v -0.5 -0.0196936186 -0.0336230136
v -0.502559125 -0.0208717957 -0.0376041792
v -0.504176259 -0.00868701469 -0.0517423227
v -0.505793333 0.00811807532 -0.0549945049
v -0.5 0.00890609156 -0.0412439518
v -0.5 -0.00538349571 -0.041023206
v -0.504176259 -0.00868701469 -0.0517423227
v -0.486172438 -0.0346633978 -0.150640041
v -0.48618269 -0.0708994567 -0.157182902
v -0.477891833 -0.0736305714 -0.125461921
v -0.477514476 -0.0270527303 -0.114465579
v -0.486136496 -0.000380712416 -0.134124994
v -0.477514476 -0.0270527303 -0.114465579
v -0.480884731 0.0158955995 -0.0877345279
v -0.48613134 0.0271614566 -0.106939621
v -0.477514476 -0.0270527303 -0.114465579
v -0.5 -0.0357491784 -0.0891231969
v -0.5 -0.00748316292 -0.0757628009
v -0.480884731 0.0158955995 -0.0877345279
v -0.5 -0.00748316292 -0.0757628009
v -0.5 -0.0272298492 -0.0656956583
v -0.491349757 -0.0220756438 -0.0614424087
v -0.485864401 0.00486332504 -0.0631775782
v -0.5 -0.038470041 -0.0363823734
v -0.491239399 -0.0332927331 -0.0360640846
v -0.491349757 -0.0220756438 -0.0614424087
v -0.5 -0.0272298492 -0.0656956583
v -0.5 -0.038470041 -0.0363823734
v -0.5 -0.0287725329 -0.00887869857
v -0.491039157 -0.0248093344 -0.0140893795
v -0.491239399 -0.0332927331 -0.0360640846
v -0.5 -0.00624339515 -0.00287486007
v -0.48515597 0.00439614989 -0.0112247821
v -0.491039157 -0.0248093344 -0.0140893795
v -0.5 -0.0287725329 -0.00887869857
v -0.485864401 0.00486332504 -0.0631775782
v -0.48515597 0.00439614989 -0.0112247821
v -0.483230859 0.0170378368 -0.0603155605
v -0.482250303 0.0156696979 0.0109578343
v -0.485610306 0.083991237 -0.0685576648
v -0.48608005 0.0581021197 -0.0791202039
v -0.485782266 0.0455964804 -0.071219489
v -0.486100554 0.0420542508 -0.103997998
v -0.5 -0.0357491784 -0.0891231969
v -0.477514476 -0.0270527303 -0.114465579
v -0.477891833 -0.0736305714 -0.125461921
v -0.5 -0.0765644759 -0.093751207
v -0.5 -0.00624339515 -0.00287486007
v -0.5 -0.00300918473 0.0270313714
v -0.482378632 0.00928853545 0.0299087986
v -0.48515597 0.00439614989 -0.0112247821
v -0.464557111 0.0455964804 -0.0590809062
v -0.483230859 0.0170378368 -0.0603155605
v -0.482250303 0.0156696979 0.0109578343
v -0.464557111 0.0455964655 0.010947573
v -0.482378632 0.00928853545 0.0299087986
v -0.482655853 0.0399776585 0.0111195482
v -0.482250303 0.0156696979 0.0109578343
v -0.482481301 0.0330933668 0.134527996
v -0.482427388 -0.000257556851 0.128151953
v -0.5 0.0282831211 0.13591665
v -0.482481301 0.0330933668 0.134527996
v -0.482427388 -0.000257556851 0.128151953
v -0.5 -0.00717775011 0.128149375
v -0.5 0.00267892703 0.0312743559
v -0.5 -0.00717775011 0.128149375
v -0.482427388 -0.000257556851 0.128151953
v -0.482378632 0.00928853545 0.0299087986
v -0.5 0.0982217789 0.0458155088
v -0.494635314 0.0917405114 0.0459643863
v -0.494635314 0.0969306231 0.147457168
v -0.5 0.102210626 0.147457168
v -0.494635314 0.0917405114 0.0459643863
v -0.5 0.0864579529 0.0459643863
v -0.5 0.091648072 0.147457168
v -0.494635314 0.0969306231 0.147457168
v -0.5 -0.00538349571 -0.041023206
v -0.495823741 -0.00868701469 -0.0517423227
v -0.497440875 -0.0208717957 -0.0376041792
v -0.5 -0.0196936186 -0.0336230136
v -0.494206637 0.00811807532 -0.0549945049
v -0.495823741 -0.00868701469 -0.0517423227
v -0.5 -0.00538349571 -0.041023206
v -0.5 0.00890609156 -0.0412439518
v -0.517344117 0.0399776585 0.0111195501
v -0.517749667 0.0156696998 0.0109578371
v -0.535442889 0.0455964655 0.0109475749
v -0.532678425 0.0645987615 0.0109604131
v -0.521703959 0.0646712258 0.0109702703
v -0.515647411 0.0838757306 0.0106395613
v -0.517413378 0.0318279155 0.159916595
v -0.5 0.026986856 0.159916595
v -0.5 0.0282831211 0.13591665
v -0.51751864 0.0330933668 0.134527996
v -0.513196111 0.0882213488 0.150573313
v -0.513552904 0.0881546065 0.140570328
v -0.5 0.103683978 0.140480503
v -0.5 0.103763551 0.150391057
v -0.51751864 0.0330933668 0.134527996
v -0.517344117 0.0399776585 0.0111195501
v -0.521703959 0.0646712258 0.0109702703
v -0.523626029 0.0666060075 0.160029545
v -0.515683353 0.0847869441 0.0478997827
v -0.516127408 0.0847048163 0.0395934992
v -0.5 0.100377917 0.0396345705
v -0.5 0.100660264 0.0475660935
v -0.515683353 0.0847869441 0.0478997827
v -0.513552904 0.0881546065 0.140570328
v -0.523626029 0.0666060075 0.160029545
v -0.521703959 0.0646712258 0.0109702703
v -0.482655853 0.0399776585 0.0111195482
v -0.464557111 0.0455964655 0.010947573
v -0.482250303 0.0156696979 0.0109578343
v -0.467321575 0.0645987615 0.0109604103
v -0.478296041 0.0646712258 0.0109702684
v -0.484352559 0.0838757306 0.0106395585
v -0.482586533 0.0318279155 0.159916595
v -0.482481301 0.0330933668 0.134527996
v -0.5 0.0282831211 0.13591665
v -0.5 0.026986856 0.159916595
v -0.486803859 0.0882213488 0.150573313
v -0.5 0.103763551 0.150391057
v -0.5 0.103683978 0.140480503
v -0.486447066 0.0881546065 0.140570328
v -0.482481301 0.0330933668 0.134527996
v -0.476373971 0.0666060075 0.160029545
v -0.478296041 0.0646712258 0.0109702684
v -0.482655853 0.0399776585 0.0111195482
v -0.484316587 0.0847869441 0.0478997827
v -0.5 0.100660264 0.0475660935
v -0.5 0.100377917 0.0396345705
v -0.483872563 0.0847048163 0.0395934992
v -0.484316587 0.0847869441 0.0478997827
v -0.478296041 0.0646712258 0.0109702684
v -0.476373971 0.0666060075 0.160029545
v -0.486447066 0.0881546065 0.140570328
v 0.484352559 0.0838757306 0.0106395613
v 0.515647411 0.0838757306 0.0106395585
v 0.516127408 0.0847048163 0.0395934992
v 0.483872563 0.0847048163 0.0395934992
v 0.51493901 0.0894278139 0.00641198037
v 0.48506099 0.0894278139 0.0064119813
v 0.485610306 0.083991237 -0.0685576648
v 0.514389694 0.083991237 -0.0685576648
v 0.485610306 0.083991237 -0.0685576648
v 0.486080021 0.0581021197 -0.0791202039
v 0.51391995 0.0581021197 -0.0791202039
v 0.514389694 0.083991237 -0.0685576648
v 0.486136496 -0.000380711223 -0.134124994
v 0.513863504 -0.000380712416 -0.134124994
v 0.51386863 0.0271614566 -0.106939621
v 0.48613134 0.0271614566 -0.106939621
v 0.486172438 -0.0346633978 -0.150640041
v 0.48618269 -0.0708994567 -0.157182902
v 0.513817251 -0.0708994567 -0.157182902
v 0.513827562 -0.0346633978 -0.150640041
v 0.513817251 -0.0708994567 -0.157182902
v 0.48618269 -0.0708994567 -0.157182902
v 0.477891803 -0.0736305714 -0.125461921
v 0.522108138 -0.0736305714 -0.125461921
v 0.5 -0.0765644759 -0.093751207
v 0.484352559 0.0838757306 0.0106395613
v 0.48506099 0.0894278139 0.0064119813
v 0.51493901 0.0894278139 0.00641198037
v 0.515647411 0.0838757306 0.0106395585
v 0.51391995 0.0581021197 -0.0791202039
v 0.486080021 0.0581021197 -0.0791202039
v 0.486100554 0.0420542508 -0.103997998
v 0.513899386 0.0420542508 -0.103997998
v 0.513899386 0.0420542508 -0.103997998
v 0.486100554 0.0420542508 -0.103997998
v 0.48613134 0.0271614566 -0.106939621
v 0.51386863 0.0271614566 -0.106939621
v 0.513863504 -0.000380712416 -0.134124994
v 0.486136496 -0.000380711223 -0.134124994
v 0.486172438 -0.0346633978 -0.150640041
v 0.513827562 -0.0346633978 -0.150640041
v 0.508650243 -0.0220756438 -0.0614424087
v 0.491349757 -0.0220756438 -0.0614424087
v 0.485864401 0.00486332597 -0.0631775782
v 0.514135599 0.00486332504 -0.0631775782
v 0.491239399 -0.0332927331 -0.0360640846
v 0.491349757 -0.0220756438 -0.0614424087
v 0.508650243 -0.0220756438 -0.0614424087
v 0.508760571 -0.0332927331 -0.0360640846
v 0.514135599 0.00486332504 -0.0631775782
v 0.485864401 0.00486332597 -0.0631775782
v 0.48515597 0.00439615129 -0.0112247802
v 0.514844 0.00439614989 -0.0112247821
v 0.508760571 -0.0332927331 -0.0360640846
v 0.508960843 -0.0248093344 -0.0140893795
v 0.491039157 -0.0248093344 -0.0140893795
v 0.491239399 -0.0332927331 -0.0360640846
v 0.514844 0.00439614989 -0.0112247821
v 0.48515597 0.00439615129 -0.0112247802
v 0.491039157 -0.0248093344 -0.0140893795
v 0.508960843 -0.0248093344 -0.0140893795
v 0.484316617 0.0847869441 0.0478997827
v 0.515683413 0.0847869441 0.0478997827
v 0.513552904 0.0881546065 0.140570328
v 0.486447096 0.0881546065 0.140570328
v 0.495895594 0.0662954748 -0.10368485
v 0.494406849 0.0589081086 -0.0923188925
v 0.505594373 0.0589081086 -0.0923188925
v 0.504105628 0.0662954748 -0.10368485
v 0.502559125 -0.0208717957 -0.0376041792
v 0.504176259 -0.00868701469 -0.0517423227
v 0.495823741 -0.00868701469 -0.0517423227
v 0.497440875 -0.0208717957 -0.0376041792
v 0.495823741 -0.00868701469 -0.0517423227
v 0.504176259 -0.00868701469 -0.0517423227
v 0.505793333 0.00811807532 -0.0549945049
v 0.494206637 0.00811807532 -0.0549945049
v 0.505594373 0.0589081086 -0.0923188925
v 0.494406849 0.0589081086 -0.0923188925
v 0.492915511 0.0415819511 -0.0835762396
v 0.507084429 0.0415819511 -0.0835762396
v 0.486172438 -0.0346633978 -0.150640041
v 0.477514476 -0.0270527303 -0.114465579
v 0.477891803 -0.0736305714 -0.125461921
v 0.48618269 -0.0708994567 -0.157182902
v 0.486136496 -0.000380711223 -0.134124994
v 0.48613134 0.0271614566 -0.106939621
v 0.480884731 0.0158956032 -0.0877345279
v 0.477514476 -0.0270527303 -0.114465579
v 0.477514476 -0.0270527303 -0.114465579
v 0.480884731 0.0158956032 -0.0877345279
v 0.5 -0.00748316292 -0.0757628009
v 0.5 -0.0357491784 -0.0891231969
v 0.5 -0.00748316292 -0.0757628009
v 0.485864401 0.00486332597 -0.0631775782
v 0.491349757 -0.0220756438 -0.0614424087
v 0.5 -0.0272298492 -0.0656956583
v 0.5 -0.038470041 -0.0363823734
v 0.5 -0.0272298492 -0.0656956583
v 0.491349757 -0.0220756438 -0.0614424087
v 0.491239399 -0.0332927331 -0.0360640846
v 0.5 -0.038470041 -0.0363823734
v 0.491239399 -0.0332927331 -0.0360640846
v 0.491039157 -0.0248093344 -0.0140893795
v 0.5 -0.0287725329 -0.00887869857
v 0.5 -0.00624339515 -0.00287486007
v 0.5 -0.0287725329 -0.00887869857
v 0.491039157 -0.0248093344 -0.0140893795
v 0.48515597 0.00439615129 -0.0112247802
v 0.485864401 0.00486332597 -0.0631775782
v 0.483230859 0.0170378387 -0.0603155605
v 0.48515597 0.00439615129 -0.0112247802
v 0.482250303 0.0156696998 0.0109578371
v 0.485610306 0.083991237 -0.0685576648
v 0.485782266 0.0455964804 -0.071219489
v 0.486080021 0.0581021197 -0.0791202039
v 0.486100554 0.0420542508 -0.103997998
v 0.5 -0.0357491784 -0.0891231969
v 0.5 -0.0765644759 -0.093751207
v 0.477891803 -0.0736305714 -0.125461921
v 0.477514476 -0.0270527303 -0.114465579
v 0.5 -0.00624339515 -0.00287486007
v 0.48515597 0.00439615129 -0.0112247802
v 0.482378632 0.00928853638 0.0299087986
v 0.5 -0.00300918473 0.0270313714
v 0.464557111 0.0455964804 -0.0590809062
v 0.464557111 0.0455964655 0.0109475749
v 0.482250303 0.0156696998 0.0109578371
v 0.483230859 0.0170378387 -0.0603155605
v 0.482378632 0.00928853638 0.0299087986
v 0.482250303 0.0156696998 0.0109578371
v 0.482655853 0.0399776585 0.0111195501
v 0.482481331 0.0330933668 0.134527996
v 0.482427448 -0.000257555308 0.128151953
v 0.5 0.0282831211 0.13591665
v 0.5 -0.00717775011 0.128149375
v 0.482427448 -0.000257555308 0.128151953
v 0.482481331 0.0330933668 0.134527996
v 0.5 0.00267892703 0.0312743559
v 0.482378632 0.00928853638 0.0299087986
v 0.482427448 -0.000257555308 0.128151953
v 0.5 -0.00717775011 0.128149375
v 0.5 0.0982217789 0.0458155088
v 0.5 0.102210626 0.147457168
v 0.494635314 0.0969306231 0.147457168
v 0.494635314 0.0917405114 0.0459643863
v 0.494635314 0.0917405114 0.0459643863
v 0.494635314 0.0969306231 0.147457168
v 0.5 0.091648072 0.147457168
v 0.5 0.0864579529 0.0459643863
v 0.5 -0.00538349571 -0.041023206
v 0.5 -0.0196936186 -0.0336230136
v 0.497440875 -0.0208717957 -0.0376041792
v 0.495823741 -0.00868701469 -0.0517423227
v 0.494206637 0.00811807532 -0.0549945049
v 0.5 0.00890609156 -0.0412439518
v 0.5 -0.00538349571 -0.041023206
v 0.495823741 -0.00868701469 -0.0517423227
v 0.513827562 -0.0346633978 -0.150640041
v 0.513817251 -0.0708994567 -0.157182902
v 0.522108138 -0.0736305714 -0.125461921
v 0.522485495 -0.0270527303 -0.114465579
v 0.513863504 -0.000380712416 -0.134124994
v 0.522485495 -0.0270527303 -0.114465579
v 0.519115269 0.0158955995 -0.0877345279
v 0.51386863 0.0271614566 -0.106939621
v 0.522485495 -0.0270527303 -0.114465579
v 0.5 -0.0357491784 -0.0891231969
v 0.5 -0.00748316292 -0.0757628009
v 0.519115269 0.0158955995 -0.0877345279
v 0.5 -0.00748316292 -0.0757628009
v 0.5 -0.0272298492 -0.0656956583
v 0.508650243 -0.0220756438 -0.0614424087
v 0.514135599 0.00486332504 -0.0631775782
v 0.5 -0.038470041 -0.0363823734
v 0.508760571 -0.0332927331 -0.0360640846
v 0.508650243 -0.0220756438 -0.0614424087
v 0.5 -0.0272298492 -0.0656956583
v 0.5 -0.038470041 -0.0363823734
v 0.5 -0.0287725329 -0.00887869857
v 0.508960843 -0.0248093344 -0.0140893795
v 0.508760571 -0.0332927331 -0.0360640846
v 0.5 -0.00624339515 -0.00287486007
v 0.514844 0.00439614989 -0.0112247821
v 0.508960843 -0.0248093344 -0.0140893795
v 0.5 -0.0287725329 -0.00887869857
v 0.514135599 0.00486332504 -0.0631775782
v 0.514844 0.00439614989 -0.0112247821
v 0.516769111 0.0170378368 -0.0603155605
v 0.517749667 0.0156696979 0.0109578343
v 0.514389694 0.083991237 -0.0685576648
v 0.51391995 0.0581021197 -0.0791202039
v 0.514217734 0.0455964804 -0.071219489
v 0.513899386 0.0420542508 -0.103997998
v 0.5 -0.0357491784 -0.0891231969
v 0.522485495 -0.0270527303 -0.114465579
v 0.522108138 -0.0736305714 -0.125461921
v 0.5 -0.0765644759 -0.093751207
v 0.5 -0.00624339515 -0.00287486007
v 0.5 -0.00300918473 0.0270313714
v 0.517621338 0.00928853545 0.0299087986
v 0.514844 0.00439614989 -0.0112247821
v 0.535442889 0.0455964804 -0.0590809062
v 0.516769111 0.0170378368 -0.0603155605
v 0.517749667 0.0156696979 0.0109578343
v 0.535442889 0.0455964655 0.010947573
v 0.517621338 0.00928853545 0.0299087986
v 0.517344117 0.0399776585 0.0111195482
v 0.517749667 0.0156696979 0.0109578343
v 0.517518699 0.0330933668 0.134527996
v 0.517572582 -0.000257556851 0.128151953
v 0.5 0.0282831211 0.13591665
v 0.517518699 0.0330933668 0.134527996
v 0.517572582 -0.000257556851 0.128151953
v 0.5 -0.00717775011 0.128149375
v 0.5 0.00267892703 0.0312743559
v 0.5 -0.00717775011 0.128149375
v 0.517572582 -0.000257556851 0.128151953
v 0.517621338 0.00928853545 0.0299087986
v 0.5 0.0982217789 0.0458155088
v 0.505364656 0.0917405114 0.0459643863
v 0.505364656 0.0969306231 0.147457168
v 0.5 0.102210626 0.147457168
v 0.505364656 0.0917405114 0.0459643863
v 0.5 0.0864579529 0.0459643863
v 0.5 0.091648072 0.147457168
v 0.505364656 0.0969306231 0.147457168
v 0.5 -0.00538349571 -0.041023206
v 0.504176259 -0.00868701469 -0.0517423227
v 0.502559125 -0.0208717957 -0.0376041792
v 0.5 -0.0196936186 -0.0336230136
v 0.505793333 0.00811807532 -0.0549945049
v 0.504176259 -0.00868701469 -0.0517423227
v 0.5 -0.00538349571 -0.041023206
v 0.5 0.00890609156 -0.0412439518
v 0.482655853 0.0399776585 0.0111195501
v 0.482250303 0.0156696998 0.0109578371
v 0.464557111 0.0455964655 0.0109475749
v 0.467321575 0.0645987615 0.0109604131
v 0.478296041 0.0646712258 0.0109702703
v 0.484352559 0.0838757306 0.0106395613
v 0.482586592 0.0318279155 0.159916595
v 0.5 0.026986856 0.159916595
v 0.5 0.0282831211 0.13591665
v 0.482481331 0.0330933668 0.134527996
v 0.486803889 0.0882213488 0.150573313
v 0.486447096 0.0881546065 0.140570328
v 0.5 0.103683978 0.140480503
v 0.5 0.103763551 0.150391057
v 0.482481331 0.0330933668 0.134527996
v 0.482655853 0.0399776585 0.0111195501
v 0.478296041 0.0646712258 0.0109702703
v 0.476373971 0.0666060075 0.160029545
v 0.484316617 0.0847869441 0.0478997827
v 0.483872563 0.0847048163 0.0395934992
v 0.5 0.100377917 0.0396345705
v 0.5 0.100660264 0.0475660935
v 0.484316617 0.0847869441 0.0478997827
v 0.486447096 0.0881546065 0.140570328
v 0.476373971 0.0666060075 0.160029545
v 0.478296041 0.0646712258 0.0109702703
v 0.517344117 0.0399776585 0.0111195482
v 0.535442889 0.0455964655 0.010947573
v 0.517749667 0.0156696979 0.0109578343
v 0.532678425 0.0645987615 0.0109604103
v 0.521703959 0.0646712258 0.0109702684
v 0.515647411 0.0838757306 0.0106395585
v 0.517413437 0.0318279155 0.159916595
v 0.517518699 0.0330933668 0.134527996
v 0.5 0.0282831211 0.13591665
v 0.5 0.026986856 0.159916595
v 0.513196111 0.0882213488 0.150573313
v 0.5 0.103763551 0.150391057
v 0.5 0.103683978 0.140480503
v 0.513552904 0.0881546065 0.140570328
v 0.517518699 0.0330933668 0.134527996
v 0.523626029 0.0666060075 0.160029545
v 0.521703959 0.0646712258 0.0109702684
v 0.517344117 0.0399776585 0.0111195482
v 0.515683413 0.0847869441 0.0478997827
v 0.5 0.100660264 0.0475660935
v 0.5 0.100377917 0.0396345705
v 0.516127408 0.0847048163 0.0395934992
v 0.515683413 0.0847869441 0.0478997827
v 0.521703959 0.0646712258 0.0109702684
v 0.523626029 0.0666060075 0.160029545
v 0.513552904 0.0881546065 0.140570328
vt 0.717285156 0.134277344
vt 0.717285156 0.229980469
vt 0.764160156 0.182373047
vt 0.704589844 0.513183594
vt 0.792480469 0.513183594
vt 0.750488281 0.431640625
vt 0.748046875 0.5625
vt 0.792480469 0.513183594
vt 0.704589844 0.513183594
vt 0.333740234 0.573730469
vt 0.29296875 0.515625
vt 0.252197266 0.573730469
vt 0.333740234 0.900878906
vt 0.252197266 0.900878906
vt 0.29296875 0.963867188
vt 0.345703125 0.786621094
vt 0.427490234 0.784179688
vt 0.367675781 0.688964844
vt 0.345703125 0.786621094
vt 0.353027344 0.915039062
vt 0.427490234 0.784179688
vt 0.689453125 0.314941406
vt 0.750488281 0.325683594
vt 0.750488281 0.289794922
vt 0.661132812 0.431640625
vt 0.750488281 0.325683594
vt 0.689453125 0.314941406
vt 0.704589844 0.513183594
vt 0.750488281 0.431640625
vt 0.661132812 0.431640625
vt 0.661132812 0.431640625
vt 0.750488281 0.431640625
vt 0.750488281 0.325683594
vt 0.345703125 0.786621094
vt 0.367675781 0.688964844
vt 0.427490234 0.784179688
vt 0.345703125 0.786621094
vt 0.427490234 0.784179688
vt 0.353027344 0.915039062
vt 0.812011719 0.31640625
vt 0.750488281 0.289794922
vt 0.750488281 0.325683594
vt 0.837890625 0.431640625
vt 0.812011719 0.31640625
vt 0.750488281 0.325683594
vt 0.792480469 0.513183594
vt 0.837890625 0.431640625
vt 0.750488281 0.431640625
vt 0.837890625 0.431640625
vt 0.750488281 0.325683594
vt 0.750488281 0.431640625
vt 0.369140625 0.977539062
vt 0.369140625 0.922363281
vt 0.351318359 0.947265625
vt 0.970214844 0.235229492
vt 0.947265625 0.213256836
vt 0.921386719 0.235229492
vt 0.0516052246 0.157836914
vt 0.111206055 0.267089844
vt 0.182250977 0.182128906
vt 0.200683594 0.354736328
vt 0.211303711 0.402099609
vt 0.273925781 0.318847656
vt 0.3671875 0.283691406
vt 0.273925781 0.318847656
vt 0.377929688 0.322753906
vt 0.333007812 0.413330078
vt 0.377929688 0.322753906
vt 0.273925781 0.318847656
vt 0.347900391 0.549804688
vt 0.634277344 0.473876953
vt 0.387939453 0.413574219
vt 0.318115234 0.243041992
vt 0.273925781 0.318847656
vt 0.3671875 0.283691406
vt 0.703125 0.287597656
vt 0.553710938 0.282226562
vt 0.634277344 0.318115234
vt 0.387939453 0.413574219
vt 0.634277344 0.473876953
vt 0.634277344 0.413330078
vt 0.703125 0.287597656
vt 0.716796875 0.253417969
vt 0.692382812 0.244018555
vt 0.634277344 0.549804688
vt 0.634277344 0.473876953
vt 0.347900391 0.549804688
vt 0.347900391 0.549804688
vt 0.618164062 0.567382812
vt 0.634277344 0.549804688
vt 0.970703125 0.413085938
vt 0.970703125 0.574707031
vt 0.944335938 0.413085938
vt 0.923828125 0.476074219
vt 0.970703125 0.574707031
vt 0.888671875 0.574707031
vt 0.944335938 0.413085938
vt 0.970703125 0.574707031
vt 0.923828125 0.476074219
vt 0.0516052246 0.157836914
vt 0.182250977 0.182128906
vt 0.111206055 0.267089844
vt 0.200683594 0.354736328
vt 0.273925781 0.318847656
vt 0.211303711 0.402099609
vt 0.3671875 0.283691406
vt 0.377929688 0.322753906
vt 0.273925781 0.318847656
vt 0.333007812 0.413330078
vt 0.273925781 0.318847656
vt 0.377929688 0.322753906
vt 0.347900391 0.549804688
vt 0.387939453 0.413574219
vt 0.634277344 0.473876953
vt 0.318115234 0.243041992
vt 0.3671875 0.283691406
vt 0.273925781 0.318847656
vt 0.703125 0.287597656
vt 0.634277344 0.318115234
vt 0.553710938 0.282226562
vt 0.387939453 0.413574219
vt 0.634277344 0.413330078
vt 0.634277344 0.473876953
vt 0.703125 0.287597656
vt 0.692382812 0.244018555
vt 0.716796875 0.253417969
vt 0.634277344 0.549804688
vt 0.347900391 0.549804688
vt 0.634277344 0.473876953
vt 0.347900391 0.549804688
vt 0.634277344 0.549804688
vt 0.618164062 0.567382812
vt 0.211303711 0.402099609
vt 0.273925781 0.318847656
vt 0.333007812 0.413330078
vt 0.970703125 0.413085938
vt 0.944335938 0.413085938
vt 0.970703125 0.574707031
vt 0.923828125 0.476074219
vt 0.888671875 0.574707031
vt 0.970703125 0.574707031
vt 0.944335938 0.413085938
vt 0.923828125 0.476074219
vt 0.970703125 0.574707031
vt 0.973144531 0.825683594
vt 0.973144531 0.708496094
vt 0.872558594 0.708496094
vt 0.437988281 0.825683594
vt 0.437988281 0.912109375
vt 0.548828125 0.912109375
vt 0.973144531 0.825683594
vt 0.923339844 0.912109375
vt 0.973144531 0.912109375
vt 0.437988281 0.825683594
vt 0.548828125 0.912109375
vt 0.579101562 0.912109375
vt 0.973144531 0.825683594
vt 0.872558594 0.708496094
vt 0.973144531 0.708496094
vt 0.437988281 0.825683594
vt 0.548828125 0.912109375
vt 0.437988281 0.912109375
vt 0.973144531 0.825683594
vt 0.973144531 0.912109375
vt 0.923339844 0.912109375
vt 0.437988281 0.825683594
vt 0.579101562 0.912109375
vt 0.548828125 0.912109375
vt 0.211303711 0.402099609
vt 0.333007812 0.413330078
vt 0.273925781 0.318847656
vt 0.717285156 0.134277344
vt 0.717285156 0.229980469
vt 0.764160156 0.182373047
vt 0.704589844 0.513183594
vt 0.792480469 0.513183594
vt 0.750488281 0.431640625
vt 0.748046875 0.5625
vt 0.792480469 0.513183594
vt 0.704589844 0.513183594
vt 0.333740234 0.573730469
vt 0.29296875 0.515625
vt 0.252197266 0.573730469
vt 0.333740234 0.900878906
vt 0.252197266 0.900878906
vt 0.29296875 0.963867188
vt 0.345703125 0.786621094
vt 0.427490234 0.784179688
vt 0.367675781 0.688964844
vt 0.345703125 0.786621094
vt 0.353027344 0.915039062
vt 0.427490234 0.784179688
vt 0.689453125 0.314941406
vt 0.750488281 0.325683594
vt 0.750488281 0.289794922
vt 0.661132812 0.431640625
vt 0.750488281 0.325683594
vt 0.689453125 0.314941406
vt 0.704589844 0.513183594
vt 0.750488281 0.431640625
vt 0.661132812 0.431640625
vt 0.661132812 0.431640625
vt 0.750488281 0.431640625
vt 0.750488281 0.325683594
vt 0.345703125 0.786621094
vt 0.367675781 0.688964844
vt 0.427490234 0.784179688
vt 0.345703125 0.786621094
vt 0.427490234 0.784179688
vt 0.353027344 0.915039062
vt 0.812011719 0.31640625
vt 0.750488281 0.289794922
vt 0.750488281 0.325683594
vt 0.837890625 0.431640625
vt 0.812011719 0.31640625
vt 0.750488281 0.325683594
vt 0.792480469 0.513183594
vt 0.837890625 0.431640625
vt 0.750488281 0.431640625
vt 0.837890625 0.431640625
vt 0.750488281 0.325683594
vt 0.750488281 0.431640625
vt 0.369140625 0.977539062
vt 0.369140625 0.922363281
vt 0.351318359 0.947265625
vt 0.970214844 0.235229492
vt 0.947265625 0.213256836
vt 0.921386719 0.235229492
vt 0.0516052246 0.157836914
vt 0.111206055 0.267089844
vt 0.182250977 0.182128906
vt 0.200683594 0.354736328
vt 0.211303711 0.402099609
vt 0.273925781 0.318847656
vt 0.3671875 0.283691406
vt 0.273925781 0.318847656
vt 0.377929688 0.322753906
vt 0.333007812 0.413330078
vt 0.377929688 0.322753906
vt 0.273925781 0.318847656
vt 0.347900391 0.549804688
vt 0.634277344 0.473876953
vt 0.387939453 0.413574219
vt 0.318115234 0.243041992
vt 0.273925781 0.318847656
vt 0.3671875 0.283691406
vt 0.703125 0.287597656
vt 0.553710938 0.282226562
vt 0.634277344 0.318115234
vt 0.387939453 0.413574219
vt 0.634277344 0.473876953
vt 0.634277344 0.413330078
vt 0.703125 0.287597656
vt 0.716796875 0.253417969
vt 0.692382812 0.244018555
vt 0.634277344 0.549804688
vt 0.634277344 0.473876953
vt 0.347900391 0.549804688
vt 0.347900391 0.549804688
vt 0.618164062 0.567382812
vt 0.634277344 0.549804688
vt 0.970703125 0.413085938
vt 0.970703125 0.574707031
vt 0.944335938 0.413085938
vt 0.923828125 0.476074219
vt 0.970703125 0.574707031
vt 0.888671875 0.574707031
vt 0.944335938 0.413085938
vt 0.970703125 0.574707031
vt 0.923828125 0.476074219
vt 0.0516052246 0.157836914
vt 0.182250977 0.182128906
vt 0.111206055 0.267089844
vt 0.200683594 0.354736328
vt 0.273925781 0.318847656
vt 0.211303711 0.402099609
vt 0.3671875 0.283691406
vt 0.377929688 0.322753906
vt 0.273925781 0.318847656
vt 0.333007812 0.413330078
vt 0.273925781 0.318847656
vt 0.377929688 0.322753906
vt 0.347900391 0.549804688
vt 0.387939453 0.413574219
vt 0.634277344 0.473876953
vt 0.318115234 0.243041992
vt 0.3671875 0.283691406
vt 0.273925781 0.318847656
vt 0.703125 0.287597656
vt 0.634277344 0.318115234
vt 0.553710938 0.282226562
vt 0.387939453 0.413574219
vt 0.634277344 0.413330078
vt 0.634277344 0.473876953
vt 0.703125 0.287597656
vt 0.692382812 0.244018555
vt 0.716796875 0.253417969
vt 0.634277344 0.549804688
vt 0.347900391 0.549804688
vt 0.634277344 0.473876953
vt 0.347900391 0.549804688
vt 0.634277344 0.549804688
vt 0.618164062 0.567382812
vt 0.211303711 0.402099609
vt 0.273925781 0.318847656
vt 0.333007812 0.413330078
vt 0.970703125 0.413085938
vt 0.944335938 0.413085938
vt 0.970703125 0.574707031
vt 0.923828125 0.476074219
vt 0.888671875 0.574707031
vt 0.970703125 0.574707031
vt 0.944335938 0.413085938
vt 0.923828125 0.476074219
vt 0.970703125 0.574707031
vt 0.973144531 0.825683594
vt 0.973144531 0.708496094
vt 0.872558594 0.708496094
vt 0.437988281 0.825683594
vt 0.437988281 0.912109375
vt 0.548828125 0.912109375
vt 0.973144531 0.825683594
vt 0.923339844 0.912109375
vt 0.973144531 0.912109375
vt 0.437988281 0.825683594
vt 0.548828125 0.912109375
vt 0.579101562 0.912109375
vt 0.973144531 0.825683594
vt 0.872558594 0.708496094
vt 0.973144531 0.708496094
vt 0.437988281 0.825683594
vt 0.548828125 0.912109375
vt 0.437988281 0.912109375
vt 0.973144531 0.825683594
vt 0.973144531 0.912109375
vt 0.923339844 0.912109375
vt 0.437988281 0.825683594
vt 0.579101562 0.912109375
vt 0.548828125 0.912109375
vt 0.211303711 0.402099609
vt 0.333007812 0.413330078
vt 0.273925781 0.318847656
vt 0.625488281 0.134277344
vt 0.625488281 0.229980469
vt 0.717285156 0.229980469
vt 0.717285156 0.134277344
vt 0.600097656 0.229980469
vt 0.600097656 0.134277344
vt 0.351806641 0.134277344
vt 0.351806641 0.229980469
vt 0.870117188 0.0267944336
vt 0.7890625 0.0267944336
vt 0.7890625 0.122497559
vt 0.870117188 0.122497559
vt 0.527832031 0.0267944336
vt 0.527832031 0.122497559
vt 0.650878906 0.122497559
vt 0.650878906 0.0267944336
vt 0.408935547 0.0267944336
vt 0.300537109 0.0267944336
vt 0.300537109 0.122497559
vt 0.408935547 0.122497559
vt 0.534667969 0.671386719
vt 0.534667969 0.591308594
vt 0.441894531 0.568359375
vt 0.441894531 0.697265625
vt 0.349365234 0.634277344
vt 0.625488281 0.134277344
vt 0.600097656 0.134277344
vt 0.600097656 0.229980469
vt 0.625488281 0.229980469
vt 0.7890625 0.122497559
vt 0.7890625 0.0267944336
vt 0.701660156 0.0267944336
vt 0.701660156 0.122497559
vt 0.701660156 0.122497559
vt 0.701660156 0.0267944336
vt 0.650878906 0.0267944336
vt 0.650878906 0.122497559
vt 0.527832031 0.122497559
vt 0.527832031 0.0267944336
vt 0.408935547 0.0267944336
vt 0.408935547 0.122497559
vt 0.616210938 0.64453125
vt 0.616210938 0.588867188
vt 0.559570312 0.588867188
vt 0.559570312 0.64453125
vt 0.6796875 0.588867188
vt 0.616210938 0.588867188
vt 0.616210938 0.64453125
vt 0.6796875 0.64453125
vt 0.970703125 0.64453125
vt 0.970703125 0.588867188
vt 0.838378906 0.588867188
vt 0.838378906 0.64453125
vt 0.6796875 0.64453125
vt 0.734863281 0.64453125
vt 0.734863281 0.588867188
vt 0.6796875 0.588867188
vt 0.838378906 0.64453125
vt 0.838378906 0.588867188
vt 0.734863281 0.588867188
vt 0.734863281 0.64453125
vt 0.333740234 0.573730469
vt 0.252197266 0.573730469
vt 0.252197266 0.900878906
vt 0.333740234 0.900878906
vt 0.921386719 0.235229492
vt 0.921386719 0.326904297
vt 0.970214844 0.326904297
vt 0.970214844 0.235229492
vt 0.369140625 0.977539062
vt 0.443603516 0.977539062
vt 0.443603516 0.922363281
vt 0.369140625 0.922363281
vt 0.443603516 0.922363281
vt 0.443603516 0.977539062
vt 0.518066406 0.977539062
vt 0.518066406 0.922363281
vt 0.970214844 0.326904297
vt 0.921386719 0.326904297
vt 0.921386719 0.401855469
vt 0.970214844 0.401855469
vt 0.0516052246 0.157836914
vt 0.182250977 0.182128906
vt 0.142456055 0.0338134766
vt 0.0279998779 0.0425109863
vt 0.111206055 0.267089844
vt 0.200683594 0.354736328
vt 0.273925781 0.318847656
vt 0.182250977 0.182128906
vt 0.182250977 0.182128906
vt 0.273925781 0.318847656
vt 0.318115234 0.243041992
vt 0.273681641 0.154418945
vt 0.866210938 0.146240234
vt 0.766113281 0.146240234
vt 0.8515625 0.236450195
vt 0.897949219 0.236450195
vt 0.897949219 0.364013672
vt 0.897949219 0.236450195
vt 0.8515625 0.236450195
vt 0.8515625 0.364013672
vt 0.897949219 0.364013672
vt 0.8515625 0.364013672
vt 0.8515625 0.477294922
vt 0.897949219 0.477294922
vt 0.857910156 0.575195312
vt 0.897949219 0.477294922
vt 0.8515625 0.477294922
vt 0.769042969 0.575195312
vt 0.3671875 0.283691406
vt 0.377929688 0.322753906
vt 0.553710938 0.282226562
vt 0.634277344 0.318115234
vt 0.347900391 0.549804688
vt 0.333007812 0.413330078
vt 0.300537109 0.45703125
vt 0.211303711 0.402099609
vt 0.273681641 0.154418945
vt 0.256835938 0.0245056152
vt 0.142456055 0.0338134766
vt 0.182250977 0.182128906
vt 0.592285156 0.244018555
vt 0.553710938 0.282226562
vt 0.703125 0.287597656
vt 0.692382812 0.244018555
vt 0.387939453 0.413574219
vt 0.634277344 0.413330078
vt 0.634277344 0.318115234
vt 0.377929688 0.322753906
vt 0.155029297 0.4921875
vt 0.137451172 0.401367188
vt 0.0276947021 0.380126953
vt 0.0276947021 0.918457031
vt 0.155029297 0.918457031
vt 0.0476074219 0.969726562
vt 0.177856445 0.969726562
vt 0.155029297 0.918457031
vt 0.0276947021 0.918457031
vt 0.237304688 0.4921875
vt 0.155029297 0.4921875
vt 0.155029297 0.918457031
vt 0.237304688 0.918457031
vt 0.609863281 0.975585938
vt 0.90625 0.975585938
vt 0.90625 0.954101562
vt 0.609863281 0.954101562
vt 0.609863281 0.954101562
vt 0.90625 0.954101562
vt 0.90625 0.932617188
vt 0.609863281 0.932617188
vt 0.967773438 0.11138916
vt 0.967773438 0.197143555
vt 0.945800781 0.197143555
vt 0.906738281 0.11138916
vt 0.894042969 0.0274963379
vt 0.967773438 0.0274963379
vt 0.967773438 0.11138916
vt 0.906738281 0.11138916
vt 0.0516052246 0.157836914
vt 0.0279998779 0.0425109863
vt 0.142456055 0.0338134766
vt 0.182250977 0.182128906
vt 0.111206055 0.267089844
vt 0.182250977 0.182128906
vt 0.273925781 0.318847656
vt 0.200683594 0.354736328
vt 0.182250977 0.182128906
vt 0.273681641 0.154418945
vt 0.318115234 0.243041992
vt 0.273925781 0.318847656
vt 0.866210938 0.146240234
vt 0.897949219 0.236450195
vt 0.8515625 0.236450195
vt 0.766113281 0.146240234
vt 0.897949219 0.364013672
vt 0.8515625 0.364013672
vt 0.8515625 0.236450195
vt 0.897949219 0.236450195
vt 0.897949219 0.364013672
vt 0.897949219 0.477294922
vt 0.8515625 0.477294922
vt 0.8515625 0.364013672
vt 0.857910156 0.575195312
vt 0.769042969 0.575195312
vt 0.8515625 0.477294922
vt 0.897949219 0.477294922
vt 0.3671875 0.283691406
vt 0.553710938 0.282226562
vt 0.377929688 0.322753906
vt 0.634277344 0.318115234
vt 0.347900391 0.549804688
vt 0.300537109 0.45703125
vt 0.333007812 0.413330078
vt 0.211303711 0.402099609
vt 0.273681641 0.154418945
vt 0.182250977 0.182128906
vt 0.142456055 0.0338134766
vt 0.256835938 0.0245056152
vt 0.592285156 0.244018555
vt 0.692382812 0.244018555
vt 0.703125 0.287597656
vt 0.553710938 0.282226562
vt 0.387939453 0.413574219
vt 0.377929688 0.322753906
vt 0.634277344 0.318115234
vt 0.634277344 0.413330078
vt 0.155029297 0.4921875
vt 0.0276947021 0.380126953
vt 0.137451172 0.401367188
vt 0.0276947021 0.918457031
vt 0.155029297 0.918457031
vt 0.0476074219 0.969726562
vt 0.0276947021 0.918457031
vt 0.155029297 0.918457031
vt 0.177856445 0.969726562
vt 0.237304688 0.4921875
vt 0.237304688 0.918457031
vt 0.155029297 0.918457031
vt 0.155029297 0.4921875
vt 0.609863281 0.975585938
vt 0.609863281 0.954101562
vt 0.90625 0.954101562
vt 0.90625 0.975585938
vt 0.609863281 0.954101562
vt 0.609863281 0.932617188
vt 0.90625 0.932617188
vt 0.90625 0.954101562
vt 0.967773438 0.11138916
vt 0.906738281 0.11138916
vt 0.945800781 0.197143555
vt 0.967773438 0.197143555
vt 0.894042969 0.0274963379
vt 0.906738281 0.11138916
vt 0.967773438 0.11138916
vt 0.967773438 0.0274963379
vt 0.0868530273 0.353271484
vt 0.0290222168 0.300292969
vt 0.139160156 0.321533203
vt 0.179077148 0.368896484
vt 0.155761719 0.395507812
vt 0.189208984 0.451171875
vt 0.973144531 0.708496094
vt 0.973144531 0.666992188
vt 0.872558594 0.666992188
vt 0.872558594 0.708496094
vt 0.973144531 0.912109375
vt 0.923339844 0.912109375
vt 0.923339844 0.975585938
vt 0.973144531 0.975585938
vt 0.872558594 0.708496094
vt 0.437988281 0.708496094
vt 0.437988281 0.825683594
vt 0.973144531 0.825683594
vt 0.579101562 0.912109375
vt 0.548828125 0.912109375
vt 0.548828125 0.975585938
vt 0.579101562 0.975585938
vt 0.579101562 0.912109375
vt 0.923339844 0.912109375
vt 0.973144531 0.825683594
vt 0.437988281 0.825683594
vt 0.0868530273 0.353271484
vt 0.139160156 0.321533203
vt 0.0290222168 0.300292969
vt 0.179077148 0.368896484
vt 0.155761719 0.395507812
vt 0.189208984 0.451171875
vt 0.973144531 0.708496094
vt 0.872558594 0.708496094
vt 0.872558594 0.666992188
vt 0.973144531 0.666992188
vt 0.973144531 0.912109375
vt 0.973144531 0.975585938
vt 0.923339844 0.975585938
vt 0.923339844 0.912109375
vt 0.872558594 0.708496094
vt 0.973144531 0.825683594
vt 0.437988281 0.825683594
vt 0.437988281 0.708496094
vt 0.579101562 0.912109375
vt 0.579101562 0.975585938
vt 0.548828125 0.975585938
vt 0.548828125 0.912109375
vt 0.579101562 0.912109375
vt 0.437988281 0.825683594
vt 0.973144531 0.825683594
vt 0.923339844 0.912109375
vt 0.625488281 0.134277344
vt 0.625488281 0.229980469
vt 0.717285156 0.229980469
vt 0.717285156 0.134277344
vt 0.600097656 0.229980469
vt 0.600097656 0.134277344
vt 0.351806641 0.134277344
vt 0.351806641 0.229980469
vt 0.870117188 0.0267944336
vt 0.7890625 0.0267944336
vt 0.7890625 0.122497559
vt 0.870117188 0.122497559
vt 0.527832031 0.0267944336
vt 0.527832031 0.122497559
vt 0.650878906 0.122497559
vt 0.650878906 0.0267944336
vt 0.408935547 0.0267944336
vt 0.300537109 0.0267944336
vt 0.300537109 0.122497559
vt 0.408935547 0.122497559
vt 0.534667969 0.671386719
vt 0.534667969 0.591308594
vt 0.441894531 0.568359375
vt 0.441894531 0.697265625
vt 0.349365234 0.634277344
vt 0.625488281 0.134277344
vt 0.600097656 0.134277344
vt 0.600097656 0.229980469
vt 0.625488281 0.229980469
vt 0.7890625 0.122497559
vt 0.7890625 0.0267944336
vt 0.701660156 0.0267944336
vt 0.701660156 0.122497559
vt 0.701660156 0.122497559
vt 0.701660156 0.0267944336
vt 0.650878906 0.0267944336
vt 0.650878906 0.122497559
vt 0.527832031 0.122497559
vt 0.527832031 0.0267944336
vt 0.408935547 0.0267944336
vt 0.408935547 0.122497559
vt 0.616210938 0.64453125
vt 0.616210938 0.588867188
vt 0.559570312 0.588867188
vt 0.559570312 0.64453125
vt 0.6796875 0.588867188
vt 0.616210938 0.588867188
vt 0.616210938 0.64453125
vt 0.6796875 0.64453125
vt 0.970703125 0.64453125
vt 0.970703125 0.588867188
vt 0.838378906 0.588867188
vt 0.838378906 0.64453125
vt 0.6796875 0.64453125
vt 0.734863281 0.64453125
vt 0.734863281 0.588867188
vt 0.6796875 0.588867188
vt 0.838378906 0.64453125
vt 0.838378906 0.588867188
vt 0.734863281 0.588867188
vt 0.734863281 0.64453125
vt 0.333740234 0.573730469
vt 0.252197266 0.573730469
vt 0.252197266 0.900878906
vt 0.333740234 0.900878906
vt 0.921386719 0.235229492
vt 0.921386719 0.326904297
vt 0.970214844 0.326904297
vt 0.970214844 0.235229492
vt 0.369140625 0.977539062
vt 0.443603516 0.977539062
vt 0.443603516 0.922363281
vt 0.369140625 0.922363281
vt 0.443603516 0.922363281
vt 0.443603516 0.977539062
vt 0.518066406 0.977539062
vt 0.518066406 0.922363281
vt 0.970214844 0.326904297
vt 0.921386719 0.326904297
vt 0.921386719 0.401855469
vt 0.970214844 0.401855469
vt 0.0516052246 0.157836914
vt 0.182250977 0.182128906
vt 0.142456055 0.0338134766
vt 0.0279998779 0.0425109863
vt 0.111206055 0.267089844
vt 0.200683594 0.354736328
vt 0.273925781 0.318847656
vt 0.182250977 0.182128906
vt 0.182250977 0.182128906
vt 0.273925781 0.318847656
vt 0.318115234 0.243041992
vt 0.273681641 0.154418945
vt 0.866210938 0.146240234
vt 0.766113281 0.146240234
vt 0.8515625 0.236450195
vt 0.897949219 0.236450195
vt 0.897949219 0.364013672
vt 0.897949219 0.236450195
vt 0.8515625 0.236450195
vt 0.8515625 0.364013672
vt 0.897949219 0.364013672
vt 0.8515625 0.364013672
vt 0.8515625 0.477294922
vt 0.897949219 0.477294922
vt 0.857910156 0.575195312
vt 0.897949219 0.477294922
vt 0.8515625 0.477294922
vt 0.769042969 0.575195312
vt 0.3671875 0.283691406
vt 0.377929688 0.322753906
vt 0.553710938 0.282226562
vt 0.634277344 0.318115234
vt 0.347900391 0.549804688
vt 0.333007812 0.413330078
vt 0.300537109 0.45703125
vt 0.211303711 0.402099609
vt 0.273681641 0.154418945
vt 0.256835938 0.0245056152
vt 0.142456055 0.0338134766
vt 0.182250977 0.182128906
vt 0.592285156 0.244018555
vt 0.553710938 0.282226562
vt 0.703125 0.287597656
vt 0.692382812 0.244018555
vt 0.387939453 0.413574219
vt 0.634277344 0.413330078
vt 0.634277344 0.318115234
vt 0.377929688 0.322753906
vt 0.155029297 0.4921875
vt 0.137451172 0.401367188
vt 0.0276947021 0.380126953
vt 0.0276947021 0.918457031
vt 0.155029297 0.918457031
vt 0.0476074219 0.969726562
vt 0.177856445 0.969726562
vt 0.155029297 0.918457031
vt 0.0276947021 0.918457031
vt 0.237304688 0.4921875
vt 0.155029297 0.4921875
vt 0.155029297 0.918457031
vt 0.237304688 0.918457031
vt 0.609863281 0.975585938
vt 0.90625 0.975585938
vt 0.90625 0.954101562
vt 0.609863281 0.954101562
vt 0.609863281 0.954101562
vt 0.90625 0.954101562
vt 0.90625 0.932617188
vt 0.609863281 0.932617188
vt 0.967773438 0.11138916
vt 0.967773438 0.197143555
vt 0.945800781 0.197143555
vt 0.906738281 0.11138916
vt 0.894042969 0.0274963379
vt 0.967773438 0.0274963379
vt 0.967773438 0.11138916
vt 0.906738281 0.11138916
vt 0.0516052246 0.157836914
vt 0.0279998779 0.0425109863
vt 0.142456055 0.0338134766
vt 0.182250977 0.182128906
vt 0.111206055 0.267089844
vt 0.182250977 0.182128906
vt 0.273925781 0.318847656
vt 0.200683594 0.354736328
vt 0.182250977 0.182128906
vt 0.273681641 0.154418945
vt 0.318115234 0.243041992
vt 0.273925781 0.318847656
vt 0.866210938 0.146240234
vt 0.897949219 0.236450195
vt 0.8515625 0.236450195
vt 0.766113281 0.146240234
vt 0.897949219 0.364013672
vt 0.8515625 0.364013672
vt 0.8515625 0.236450195
vt 0.897949219 0.236450195
vt 0.897949219 0.364013672
vt 0.897949219 0.477294922
vt 0.8515625 0.477294922
vt 0.8515625 0.364013672
vt 0.857910156 0.575195312
vt 0.769042969 0.575195312
vt 0.8515625 0.477294922
vt 0.897949219 0.477294922
vt 0.3671875 0.283691406
vt 0.553710938 0.282226562
vt 0.377929688 0.322753906
vt 0.634277344 0.318115234
vt 0.347900391 0.549804688
vt 0.300537109 0.45703125
vt 0.333007812 0.413330078
vt 0.211303711 0.402099609
vt 0.273681641 0.154418945
vt 0.182250977 0.182128906
vt 0.142456055 0.0338134766
vt 0.256835938 0.0245056152
vt 0.592285156 0.244018555
vt 0.692382812 0.244018555
vt 0.703125 0.287597656
vt 0.553710938 0.282226562
vt 0.387939453 0.413574219
vt 0.377929688 0.322753906
vt 0.634277344 0.318115234
vt 0.634277344 0.413330078
vt 0.155029297 0.4921875
vt 0.0276947021 0.380126953
vt 0.137451172 0.401367188
vt 0.0276947021 0.918457031
vt 0.155029297 0.918457031
vt 0.0476074219 0.969726562
vt 0.0276947021 0.918457031
vt 0.155029297 0.918457031
vt 0.177856445 0.969726562
vt 0.237304688 0.4921875
vt 0.237304688 0.918457031
vt 0.155029297 0.918457031
vt 0.155029297 0.4921875
vt 0.609863281 0.975585938
vt 0.609863281 0.954101562
vt 0.90625 0.954101562
vt 0.90625 0.975585938
vt 0.609863281 0.954101562
vt 0.609863281 0.932617188
vt 0.90625 0.932617188
vt 0.90625 0.954101562
vt 0.967773438 0.11138916
vt 0.906738281 0.11138916
vt 0.945800781 0.197143555
vt 0.967773438 0.197143555
vt 0.894042969 0.0274963379
vt 0.906738281 0.11138916
vt 0.967773438 0.11138916
vt 0.967773438 0.0274963379
vt 0.0868530273 0.353271484
vt 0.0290222168 0.300292969
vt 0.139160156 0.321533203
vt 0.179077148 0.368896484
vt 0.155761719 0.395507812
vt 0.189208984 0.451171875
vt 0.973144531 0.708496094
vt 0.973144531 0.666992188
vt 0.872558594 0.666992188
vt 0.872558594 0.708496094
vt 0.973144531 0.912109375
vt 0.923339844 0.912109375
vt 0.923339844 0.975585938
vt 0.973144531 0.975585938
vt 0.872558594 0.708496094
vt 0.437988281 0.708496094
vt 0.437988281 0.825683594
vt 0.973144531 0.825683594
vt 0.579101562 0.912109375
vt 0.548828125 0.912109375
vt 0.548828125 0.975585938
vt 0.579101562 0.975585938
vt 0.579101562 0.912109375
vt 0.923339844 0.912109375
vt 0.973144531 0.825683594
vt 0.437988281 0.825683594
vt 0.0868530273 0.353271484
vt 0.139160156 0.321533203
vt 0.0290222168 0.300292969
vt 0.179077148 0.368896484
vt 0.155761719 0.395507812
vt 0.189208984 0.451171875
vt 0.973144531 0.708496094
vt 0.872558594 0.708496094
vt 0.872558594 0.666992188
vt 0.973144531 0.666992188
vt 0.973144531 0.912109375
vt 0.973144531 0.975585938
vt 0.923339844 0.975585938
vt 0.923339844 0.912109375
vt 0.872558594 0.708496094
vt 0.973144531 0.825683594
vt 0.437988281 0.825683594
vt 0.437988281 0.708496094
vt 0.579101562 0.912109375
vt 0.579101562 0.975585938
vt 0.548828125 0.975585938
vt 0.548828125 0.912109375
vt 0.579101562 0.912109375
vt 0.437988281 0.825683594
vt 0.973144531 0.825683594
vt 0.923339844 0.912109375
vn -0 0.00247955322 -1
vn -0 0.00247955322 -1
vn -0 0.00267028809 -1
vn -0 0.597167969 0.802246094
vn -0 0.597167969 0.802246094
vn -0 0.597167969 0.802246094
vn -0 0.0118255615 1
vn -0 0.0116348267 1
vn -0 0.0116348267 1
vn -0 0.020980835 1
vn -0 0.020980835 1
vn -0 0.020980835 1
vn -0 -0.0057220459 -1
vn -0 -0.0057220459 -1
vn -0 -0.0057220459 -1
vn -0.477050781 -0.275878906 -0.834472656
vn -0.477050781 -0.275878906 -0.834472656
vn -0.477050781 -0.275878906 -0.834472656
vn -0.495605469 0.0578308105 -0.866699219
vn -0.495605469 0.0579833984 -0.866699219
vn -0.495605469 0.0578308105 -0.866699219
vn -0.166015625 -0.597167969 0.784667969
vn -0.166015625 -0.597167969 0.784667969
vn -0.166015625 -0.597167969 0.784667969
vn -0.285888672 -0.0541687012 0.956542969
vn -0.285888672 -0.0541992188 0.956542969
vn -0.285888672 -0.0541992188 0.956542969
vn -0.22644043 0.479980469 0.84765625
vn -0.2265625 0.479980469 0.84765625
vn -0.2265625 0.479980469 0.84765625
vn -0.21862793 -0.00233650208 0.975585938
vn -0.21862793 -0.00233650208 0.975585938
vn -0.21862793 -0.00233650208 0.975585938
vn 0.477050781 -0.275878906 -0.834472656
vn 0.477050781 -0.275878906 -0.834472656
vn 0.477050781 -0.275878906 -0.834472656
vn 0.495605469 0.0578308105 -0.866699219
vn 0.495605469 0.0578308105 -0.866699219
vn 0.495605469 0.0579833984 -0.866699219
vn 0.166015625 -0.597167969 0.784667969
vn 0.166015625 -0.597167969 0.784667969
vn 0.166015625 -0.597167969 0.784667969
vn 0.285888672 -0.0541687012 0.956542969
vn 0.285888672 -0.0541992188 0.956542969
vn 0.285888672 -0.0541992188 0.956542969
vn 0.22644043 0.479980469 0.84765625
vn 0.2265625 0.479980469 0.84765625
vn 0.2265625 0.479980469 0.84765625
vn 0.21862793 -0.00233650208 0.975585938
vn 0.21862793 -0.00233650208 0.975585938
vn 0.21862793 -0.00233650208 0.975585938
vn -0 -0.958984375 0.283691406
vn -0 -0.958984375 0.283691406
vn -0 -0.958984375 0.283691406
vn -0 0.453613281 -0.891113281
vn -0 0.453613281 -0.891113281
vn -0 0.453613281 -0.891113281
vn -0.958984375 0.121948242 -0.255126953
vn -0.958984375 0.121948242 -0.255126953
vn -0.958984375 0.121948242 -0.255126953
vn -0.970214844 0.0451049805 -0.238525391
vn -0.970214844 0.0451049805 -0.238525391
vn -0.970214844 0.0451049805 -0.238525391
vn -0.968261719 -0.231201172 0.0925292969
vn -0.968261719 -0.231201172 0.0925292969
vn -0.968261719 -0.231201172 0.0925292969
vn -0.989746094 0.118896484 0.0797119141
vn -0.989746094 0.118896484 0.0797119141
vn -0.989746094 0.118896484 0.0797119141
vn -0.882324219 0.461669922 -0.0903930664
vn -0.882324219 0.461669922 -0.0903930664
vn -0.882324219 0.461669922 -0.0903930664
vn -0.724609375 -0.671875 -0.154785156
vn -0.724609375 -0.671875 -0.154907227
vn -0.724609375 -0.671875 -0.154785156
vn -0.985839844 -0.160766602 -0.047454834
vn -0.985839844 -0.160766602 -0.047454834
vn -0.985839844 -0.160766602 -0.047454834
vn -0.989746094 0.143920898 0
vn -0.989746094 0.143920898 0
vn -0.989746094 0.143920898 0
vn -0.275390625 -0.574707031 0.770507812
vn -0.275390625 -0.574707031 0.770507812
vn -0.275390625 -0.574707031 0.770507812
vn -0.749511719 0.662109375 -0.0109329224
vn -0.749511719 0.662109375 -0.0109329224
vn -0.749511719 0.662109375 -0.0109176636
vn -0.993164062 0.114807129 -0.0155944824
vn -0.993164062 0.114807129 -0.0156021118
vn -0.993164062 0.114807129 -0.0156021118
vn -0.692382812 0.716796875 0.0838012695
vn -0.692382812 0.716796875 0.0838012695
vn -0.692382812 0.716796875 0.0838012695
vn -0.972167969 0.166625977 0.164428711
vn -0.972167969 0.166625977 0.164428711
vn -0.972167969 0.166625977 0.164428711
vn -0.930664062 0.350585938 0.106079102
vn -0.930664062 0.350585938 0.106018066
vn -0.930664062 0.350585938 0.106079102
vn 0.958984375 0.121948242 -0.255126953
vn 0.958984375 0.121948242 -0.255126953
vn 0.958984375 0.121948242 -0.255126953
vn 0.970214844 0.0451049805 -0.238525391
vn 0.970214844 0.0451049805 -0.238525391
vn 0.970214844 0.0451049805 -0.238525391
vn 0.968261719 -0.231201172 0.0925292969
vn 0.968261719 -0.231201172 0.0925292969
vn 0.968261719 -0.231201172 0.0925292969
vn 0.989746094 0.118896484 0.0797119141
vn 0.989746094 0.118896484 0.0797119141
vn 0.989746094 0.118896484 0.0797119141
vn 0.882324219 0.461669922 -0.0903930664
vn 0.882324219 0.461669922 -0.0903930664
vn 0.882324219 0.461669922 -0.0903930664
vn 0.724609375 -0.671875 -0.154785156
vn 0.724609375 -0.671875 -0.154785156
vn 0.724609375 -0.671875 -0.154907227
vn 0.985839844 -0.160766602 -0.047454834
vn 0.985839844 -0.160766602 -0.047454834
vn 0.985839844 -0.160766602 -0.047454834
vn 0.989746094 0.143920898 0
vn 0.989746094 0.143920898 0
vn 0.989746094 0.143920898 0
vn 0.275390625 -0.574707031 0.770507812
vn 0.275390625 -0.574707031 0.770507812
vn 0.275390625 -0.574707031 0.770507812
vn 0.749511719 0.662109375 -0.0109329224
vn 0.749511719 0.662109375 -0.0109176636
vn 0.749511719 0.662109375 -0.0109329224
vn 0.993164062 0.114807129 -0.0155944824
vn 0.993164062 0.114807129 -0.0156021118
vn 0.993164062 0.114807129 -0.0156021118
vn 0.983398438 0.178222656 -0.0288085938
vn 0.983398438 0.178222656 -0.028793335
vn 0.983398438 0.178222656 -0.0288085938
vn 0.692382812 0.716796875 0.0838012695
vn 0.692382812 0.716796875 0.0838012695
vn 0.692382812 0.716796875 0.0838012695
vn 0.972167969 0.166625977 0.164550781
vn 0.972167969 0.166625977 0.164550781
vn 0.972167969 0.166625977 0.164550781
vn 0.930664062 0.350585938 0.106079102
vn 0.930664062 0.350585938 0.106079102
vn 0.930664062 0.350585938 0.106018066
vn -0.984375 -0.17590332 -0.00476837158
vn -0.984375 -0.17578125 -0.00467300415
vn -0.984375 -0.17578125 -0.00467300415
vn -0.953613281 0.300292969 -0.0243988037
vn -0.953613281 0.300292969 -0.0243988037
vn -0.953613281 0.300292969 -0.0244140625
vn -0.895019531 0.444580078 0.0289916992
vn -0.895019531 0.444580078 0.0289916992
vn -0.895019531 0.444580078 0.0289916992
vn -0.978515625 0.200439453 0.0503234863
vn -0.978515625 0.200439453 0.0503234863
vn -0.978515625 0.200439453 0.0502929688
vn 0.984375 -0.17590332 -0.00476837158
vn 0.984375 -0.17578125 -0.00467300415
vn 0.984375 -0.17578125 -0.00467300415
vn 0.953613281 0.300292969 -0.0243988037
vn 0.953613281 0.300292969 -0.0244140625
vn 0.953613281 0.300292969 -0.0243988037
vn 0.895019531 0.444580078 0.0289916992
vn 0.895019531 0.444580078 0.0289916992
vn 0.895019531 0.444580078 0.0289916992
vn 0.978515625 0.200439453 0.0503234863
vn 0.978515625 0.200439453 0.0502929688
vn 0.978515625 0.200439453 0.0503234863
vn -0.983398438 0.178222656 -0.0288085938
vn -0.983398438 0.178222656 -0.0288085938
vn -0.983398438 0.178222656 -0.028793335
vn -0 0.00247955322 -1
vn -0 0.00247955322 -1
vn -0 0.00267028809 -1
vn -0 0.597167969 0.802246094
vn -0 0.597167969 0.802246094
vn -0 0.597167969 0.802246094
vn -0 0.0118255615 1
vn -0 0.0116348267 1
vn -0 0.0116348267 1
vn -0 0.020980835 1
vn -0 0.020980835 1
vn -0 0.020980835 1
vn -0 -0.0057220459 -1
vn -0 -0.0057220459 -1
vn -0 -0.0057220459 -1
vn -0.477050781 -0.275878906 -0.834472656
vn -0.477050781 -0.275878906 -0.834472656
vn -0.477050781 -0.275878906 -0.834472656
vn -0.495605469 0.0578308105 -0.866699219
vn -0.495605469 0.0579833984 -0.866699219
vn -0.495605469 0.0578308105 -0.866699219
vn -0.166015625 -0.597167969 0.784667969
vn -0.166015625 -0.597167969 0.784667969
vn -0.166015625 -0.597167969 0.784667969
vn -0.285888672 -0.0541687012 0.956542969
vn -0.285888672 -0.0541992188 0.956542969
vn -0.285888672 -0.0541992188 0.956542969
vn -0.22644043 0.479980469 0.84765625
vn -0.2265625 0.479980469 0.84765625
vn -0.2265625 0.479980469 0.84765625
vn -0.21862793 -0.00233650208 0.975585938
vn -0.21862793 -0.00233650208 0.975585938
vn -0.21862793 -0.00233650208 0.975585938
vn 0.477050781 -0.275878906 -0.834472656
vn 0.477050781 -0.275878906 -0.834472656
vn 0.477050781 -0.275878906 -0.834472656
vn 0.495605469 0.0578308105 -0.866699219
vn 0.495605469 0.0578308105 -0.866699219
vn 0.495605469 0.0579833984 -0.866699219
vn 0.166015625 -0.597167969 0.784667969
vn 0.166015625 -0.597167969 0.784667969
vn 0.166015625 -0.597167969 0.784667969
vn 0.285888672 -0.0541687012 0.956542969
vn 0.285888672 -0.0541992188 0.956542969
vn 0.285888672 -0.0541992188 0.956542969
vn 0.22644043 0.479980469 0.84765625
vn 0.2265625 0.479980469 0.84765625
vn 0.2265625 0.479980469 0.84765625
vn 0.21862793 -0.00233650208 0.975585938
vn 0.21862793 -0.00233650208 0.975585938
vn 0.21862793 -0.00233650208 0.975585938
vn -0 -0.958984375 0.283691406
vn -0 -0.958984375 0.283691406
vn -0 -0.958984375 0.283691406
vn -0 0.453613281 -0.891113281
vn -0 0.453613281 -0.891113281
vn -0 0.453613281 -0.891113281
vn -0.958984375 0.121948242 -0.255126953
vn -0.958984375 0.121948242 -0.255126953
vn -0.958984375 0.121948242 -0.255126953
vn -0.970214844 0.0451049805 -0.238525391
vn -0.970214844 0.0451049805 -0.238525391
vn -0.970214844 0.0451049805 -0.238525391
vn -0.968261719 -0.231201172 0.0925292969
vn -0.968261719 -0.231201172 0.0925292969
vn -0.968261719 -0.231201172 0.0925292969
vn -0.989746094 0.118896484 0.0797119141
vn -0.989746094 0.118896484 0.0797119141
vn -0.989746094 0.118896484 0.0797119141
vn -0.882324219 0.461669922 -0.0903930664
vn -0.882324219 0.461669922 -0.0903930664
vn -0.882324219 0.461669922 -0.0903930664
vn -0.724609375 -0.671875 -0.154785156
vn -0.724609375 -0.671875 -0.154907227
vn -0.724609375 -0.671875 -0.154785156
vn -0.985839844 -0.160766602 -0.047454834
vn -0.985839844 -0.160766602 -0.047454834
vn -0.985839844 -0.160766602 -0.047454834
vn -0.989746094 0.143920898 0
vn -0.989746094 0.143920898 0
vn -0.989746094 0.143920898 0
vn -0.275390625 -0.574707031 0.770507812
vn -0.275390625 -0.574707031 0.770507812
vn -0.275390625 -0.574707031 0.770507812
vn -0.749511719 0.662109375 -0.0109329224
vn -0.749511719 0.662109375 -0.0109329224
vn -0.749511719 0.662109375 -0.0109176636
vn -0.993164062 0.114807129 -0.0155944824
vn -0.993164062 0.114807129 -0.0156021118
vn -0.993164062 0.114807129 -0.0156021118
vn -0.692382812 0.716796875 0.0838012695
vn -0.692382812 0.716796875 0.0838012695
vn -0.692382812 0.716796875 0.0838012695
vn -0.972167969 0.166625977 0.164428711
vn -0.972167969 0.166625977 0.164428711
vn -0.972167969 0.166625977 0.164428711
vn -0.930664062 0.350585938 0.106079102
vn -0.930664062 0.350585938 0.106018066
vn -0.930664062 0.350585938 0.106079102
vn 0.958984375 0.121948242 -0.255126953
vn 0.958984375 0.121948242 -0.255126953
vn 0.958984375 0.121948242 -0.255126953
vn 0.970214844 0.0451049805 -0.238525391
vn 0.970214844 0.0451049805 -0.238525391
vn 0.970214844 0.0451049805 -0.238525391
vn 0.968261719 -0.231201172 0.0925292969
vn 0.968261719 -0.231201172 0.0925292969
vn 0.968261719 -0.231201172 0.0925292969
vn 0.989746094 0.118896484 0.0797119141
vn 0.989746094 0.118896484 0.0797119141
vn 0.989746094 0.118896484 0.0797119141
vn 0.882324219 0.461669922 -0.0903930664
vn 0.882324219 0.461669922 -0.0903930664
vn 0.882324219 0.461669922 -0.0903930664
vn 0.724609375 -0.671875 -0.154785156
vn 0.724609375 -0.671875 -0.154785156
vn 0.724609375 -0.671875 -0.154907227
vn 0.985839844 -0.160766602 -0.047454834
vn 0.985839844 -0.160766602 -0.047454834
vn 0.985839844 -0.160766602 -0.047454834
vn 0.989746094 0.143920898 0
vn 0.989746094 0.143920898 0
vn 0.989746094 0.143920898 0
vn 0.275390625 -0.574707031 0.770507812
vn 0.275390625 -0.574707031 0.770507812
vn 0.275390625 -0.574707031 0.770507812
vn 0.749511719 0.662109375 -0.0109329224
vn 0.749511719 0.662109375 -0.0109176636
vn 0.749511719 0.662109375 -0.0109329224
vn 0.993164062 0.114807129 -0.0155944824
vn 0.993164062 0.114807129 -0.0156021118
vn 0.993164062 0.114807129 -0.0156021118
vn 0.983398438 0.178222656 -0.0288085938
vn 0.983398438 0.178222656 -0.028793335
vn 0.983398438 0.178222656 -0.0288085938
vn 0.692382812 0.716796875 0.0838012695
vn 0.692382812 0.716796875 0.0838012695
vn 0.692382812 0.716796875 0.0838012695
vn 0.972167969 0.166625977 0.164550781
vn 0.972167969 0.166625977 0.164550781
vn 0.972167969 0.166625977 0.164550781
vn 0.930664062 0.350585938 0.106079102
vn 0.930664062 0.350585938 0.106079102
vn 0.930664062 0.350585938 0.106018066
vn -0.984375 -0.17590332 -0.00476837158
vn -0.984375 -0.17578125 -0.00467300415
vn -0.984375 -0.17578125 -0.00467300415
vn -0.953613281 0.300292969 -0.0243988037
vn -0.953613281 0.300292969 -0.0243988037
vn -0.953613281 0.300292969 -0.0244140625
vn -0.895019531 0.444580078 0.0289916992
vn -0.895019531 0.444580078 0.0289916992
vn -0.895019531 0.444580078 0.0289916992
vn -0.978515625 0.200439453 0.0503234863
vn -0.978515625 0.200439453 0.0503234863
vn -0.978515625 0.200439453 0.0502929688
vn 0.984375 -0.17590332 -0.00476837158
vn 0.984375 -0.17578125 -0.00467300415
vn 0.984375 -0.17578125 -0.00467300415
vn 0.953613281 0.300292969 -0.0243988037
vn 0.953613281 0.300292969 -0.0244140625
vn 0.953613281 0.300292969 -0.0243988037
vn 0.895019531 0.444580078 0.0289916992
vn 0.895019531 0.444580078 0.0289916992
vn 0.895019531 0.444580078 0.0289916992
vn 0.978515625 0.200439453 0.0503234863
vn 0.978515625 0.200439453 0.0502929688
vn 0.978515625 0.200439453 0.0503234863
vn -0.983398438 0.178222656 -0.0288085938
vn -0.983398438 0.178222656 -0.0288085938
vn -0.983398438 0.178222656 -0.028793335
vn -0 0.999511719 -0.0286254883
vn -0 0.999511719 -0.0286254883
vn -0 0.999511719 -0.0286407471
vn -0 0.999511719 -0.0286407471
vn -0 0.997558594 -0.0723266602
vn -0 0.997558594 -0.0723266602
vn -0 0.997558594 -0.0723266602
vn -0 0.997558594 -0.0723266602
vn -0 0.377929688 -0.92578125
vn -0 0.377685547 -0.92578125
vn -0 0.377685547 -0.92578125
vn -0 0.377929688 -0.92578125
vn -0 0.702636719 -0.711914062
vn -0 0.702636719 -0.711914062
vn -0 0.702636719 -0.711914062
vn -0 0.702636719 -0.711914062
vn -0 0.177734375 -0.983886719
vn -0 0.177612305 -0.983886719
vn -0 0.177612305 -0.983886719
vn -0 0.177734375 -0.983886719
vn -0 -0.99609375 -0.0857543945
vn -0 -0.99609375 -0.0857543945
vn -0 -0.99609375 -0.0857543945
vn -0 -0.99609375 -0.0857543945
vn -0 -0.995605469 -0.0921020508
vn -0 0.605957031 0.795410156
vn -0 0.605957031 0.795410156
vn -0 0.605957031 0.795410156
vn -0 0.605957031 0.795410156
vn -0 0.840332031 -0.541992188
vn -0 0.840332031 -0.541992188
vn -0 0.840332031 -0.541992188
vn -0 0.840332031 -0.541992188
vn -0 0.193725586 -0.980957031
vn -0 0.193725586 -0.980957031
vn -0 0.193725586 -0.980957031
vn -0 0.193725586 -0.980957031
vn -0 0.434082031 -0.900878906
vn -0 0.434082031 -0.900878906
vn -0 0.434082031 -0.900878906
vn -0 0.434082031 -0.900878906
vn -0 0.0642700195 0.998046875
vn -0 0.0642700195 0.998046875
vn -0 0.0642700195 0.998046875
vn -0 0.0642700195 0.998046875
vn -0 0.914550781 0.404296875
vn -0 0.914550781 0.404296875
vn -0 0.914550781 0.404296875
vn -0 0.914550781 0.404296875
vn -0 -1 -0.00901031494
vn -0 -1 -0.00901031494
vn -0 -1 -0.00898742676
vn -0 -1 -0.00898742676
vn -0 0.933105469 -0.360107422
vn -0 0.933105469 -0.360107422
vn -0 0.933105469 -0.360107422
vn -0 0.933105469 -0.360107422
vn -0 0.0975952148 -0.995117188
vn -0 0.0975952148 -0.995117188
vn -0 0.0975952148 -0.995117188
vn -0 0.0975952148 -0.995117188
vn -0 0.999511719 -0.0363464355
vn -0 0.999511719 -0.0363464355
vn -0 0.999511719 -0.036315918
vn -0 0.999511719 -0.036315918
vn -0 -0.838378906 -0.544921875
vn -0 -0.838378906 -0.544921875
vn -0 -0.838378906 -0.544921875
vn -0 -0.838378906 -0.544921875
vn -0 -0.757324219 -0.652832031
vn -0 -0.757324219 -0.652832031
vn -0 -0.757324219 -0.652832031
vn -0 -0.757324219 -0.652832031
vn -0 -0.189941406 -0.981933594
vn -0 -0.189941406 -0.981933594
vn -0 -0.189941406 -0.981933594
vn -0 -0.189941406 -0.981933594
vn -0 -0.450439453 -0.892578125
vn -0 -0.450439453 -0.892578125
vn -0 -0.450439453 -0.892578125
vn -0 -0.450439453 -0.892578125
vn -0.968261719 0.0473632812 -0.245117188
vn -0.968261719 0.0473632812 -0.245117188
vn -0.968261719 0.0473937988 -0.245117188
vn -0.968261719 0.0473937988 -0.245117188
vn -0.96875 0.177856445 -0.172119141
vn -0.96875 0.177856445 -0.172119141
vn -0.96875 0.177856445 -0.172119141
vn -0.96875 0.177856445 -0.172119141
vn -0.75390625 -0.294921875 0.586914062
vn -0.75390625 -0.294921875 0.586914062
vn -0.75390625 -0.294921875 0.586914062
vn -0.75390625 -0.294921875 0.586914062
vn -0.692871094 -0.252197266 -0.675292969
vn -0.692871094 -0.252197266 -0.675292969
vn -0.692871094 -0.252197266 -0.675292969
vn -0.692871094 -0.252197266 -0.675292969
vn -0.544433594 -0.775878906 -0.319580078
vn -0.544433594 -0.775878906 -0.319580078
vn -0.544433594 -0.775878906 -0.319580078
vn -0.544433594 -0.775878906 -0.319580078
vn -0.500976562 -0.812988281 0.296630859
vn -0.500976562 -0.812988281 0.296630859
vn -0.500976562 -0.812988281 0.296630859
vn -0.500976562 -0.812988281 0.296630859
vn -0.575195312 -0.201293945 0.79296875
vn -0.575195312 -0.201293945 0.79296875
vn -0.575195312 -0.201293945 0.79296875
vn -0.575195312 -0.201293945 0.79296875
vn -0.978027344 -0.208007812 -0.0152130127
vn -0.978027344 -0.208007812 -0.0152130127
vn -0.978027344 -0.208007812 -0.0152130127
vn -0.976074219 -0.216918945 -0.0175933838
vn -0.999023438 -0.00171661377 -0.0402832031
vn -0.999023438 -0.00166893005 -0.0402832031
vn -0.999023438 -0.00166893005 -0.0402832031
vn -1 0.0165405273 -0.0115356445
vn -0.793945312 -0.110351562 0.598144531
vn -0.793945312 -0.110351562 0.598144531
vn -0.793945312 -0.110351562 0.598144531
vn -0.793945312 -0.110351562 0.598144531
vn -0.583496094 -0.809082031 0.0697631836
vn -0.583496094 -0.809082031 0.0697631836
vn -0.583496094 -0.809082031 0.0697631836
vn -0.583496094 -0.809082031 0.0697631836
vn -0.849121094 -0.527832031 -0.0110168457
vn -0.849121094 -0.527832031 -0.0110015869
vn -0.849121094 -0.527832031 -0.0110015869
vn -0.849121094 -0.527832031 -0.0110168457
vn -1 0.0166015625 0.0123519897
vn -1 0.0166015625 0.0123596191
vn -1 0.0166015625 0.0123596191
vn -1 0.00846099854 -0.000953674316
vn -1 0.00149345398 0.000667572021
vn -0.10534668 -0.200073242 0.974121094
vn -0.10534668 -0.200073242 0.974121094
vn -0.105407715 -0.200073242 0.974121094
vn -0.105407715 -0.200073242 0.974121094
vn -0.354248047 -0.930664062 -0.0924682617
vn -0.354248047 -0.930664062 -0.0924682617
vn -0.354248047 -0.930664062 -0.0924072266
vn -0.354248047 -0.930664062 -0.0924072266
vn -0.738769531 0.673339844 -0.0304260254
vn -0.738769531 0.673339844 -0.0304260254
vn -0.738769531 0.673339844 -0.0304260254
vn -0.738769531 0.673339844 -0.0304260254
vn -0.701171875 -0.711914062 0.0364379883
vn -0.701171875 -0.711914062 0.0364379883
vn -0.701171875 -0.711914062 0.0364379883
vn -0.701171875 -0.711914062 0.0364379883
vn -0.909667969 0.227050781 0.34765625
vn -0.909667969 0.227050781 0.34765625
vn -0.909667969 0.227050781 0.34765625
vn -0.909667969 0.227050781 0.34765625
vn -0.92578125 -0.00590515137 0.378173828
vn -0.92578125 -0.00591278076 0.378173828
vn -0.92578125 -0.00590515137 0.378173828
vn -0.92578125 -0.00590515137 0.378173828
vn 0.968261719 0.0473632812 -0.245117188
vn 0.968261719 0.0473937988 -0.245117188
vn 0.968261719 0.0473937988 -0.245117188
vn 0.968261719 0.0473632812 -0.245117188
vn 0.96875 0.177856445 -0.172119141
vn 0.96875 0.177856445 -0.172119141
vn 0.96875 0.177856445 -0.172119141
vn 0.96875 0.177856445 -0.172119141
vn 0.75390625 -0.294921875 0.586914062
vn 0.75390625 -0.294921875 0.586914062
vn 0.75390625 -0.294921875 0.586914062
vn 0.75390625 -0.294921875 0.586914062
vn 0.692871094 -0.252197266 -0.675292969
vn 0.692871094 -0.252197266 -0.675292969
vn 0.692871094 -0.252197266 -0.675292969
vn 0.692871094 -0.252197266 -0.675292969
vn 0.544433594 -0.775878906 -0.319580078
vn 0.544433594 -0.775878906 -0.319580078
vn 0.544433594 -0.775878906 -0.319580078
vn 0.544433594 -0.775878906 -0.319580078
vn 0.500976562 -0.812988281 0.296630859
vn 0.500976562 -0.812988281 0.296630859
vn 0.500976562 -0.812988281 0.296630859
vn 0.500976562 -0.812988281 0.296630859
vn 0.575195312 -0.201293945 0.79296875
vn 0.575195312 -0.201293945 0.79296875
vn 0.575195312 -0.201293945 0.79296875
vn 0.575195312 -0.201293945 0.79296875
vn 0.978027344 -0.208007812 -0.0152130127
vn 0.978027344 -0.208007812 -0.0152130127
vn 0.978027344 -0.208007812 -0.0152130127
vn 0.976074219 -0.216918945 -0.0175933838
vn 0.999023438 -0.00171661377 -0.0402832031
vn 0.999023438 -0.00166893005 -0.0402832031
vn 0.999023438 -0.00166893005 -0.0402832031
vn 1 0.0165405273 -0.0115432739
vn 0.793945312 -0.110351562 0.598144531
vn 0.793945312 -0.110351562 0.598144531
vn 0.793945312 -0.110351562 0.598144531
vn 0.793945312 -0.110351562 0.598144531
vn 0.583496094 -0.809082031 0.0697631836
vn 0.583496094 -0.809082031 0.0697631836
vn 0.583496094 -0.809082031 0.0697631836
vn 0.583496094 -0.809082031 0.0697631836
vn 0.849121094 -0.527832031 -0.0110168457
vn 0.849121094 -0.527832031 -0.0110168457
vn 0.849121094 -0.527832031 -0.0110015869
vn 0.849121094 -0.527832031 -0.0110015869
vn 1 0.0166015625 0.0123519897
vn 1 0.0165863037 0.0123596191
vn 1 0.0165863037 0.0123596191
vn 1 0.00846099854 -0.000953674316
vn 1 0.00149345398 0.000667572021
vn 0.10534668 -0.200073242 0.974121094
vn 0.105407715 -0.200073242 0.974121094
vn 0.105407715 -0.200073242 0.974121094
vn 0.10534668 -0.200073242 0.974121094
vn 0.354248047 -0.930664062 -0.0924682617
vn 0.354248047 -0.930664062 -0.0924072266
vn 0.354248047 -0.930664062 -0.0924072266
vn 0.354248047 -0.930664062 -0.0924682617
vn 0.738769531 0.673339844 -0.0304260254
vn 0.738769531 0.673339844 -0.0304260254
vn 0.738769531 0.673339844 -0.0304260254
vn 0.738769531 0.673339844 -0.0304260254
vn 0.701171875 -0.711914062 0.0364379883
vn 0.701171875 -0.711914062 0.0364379883
vn 0.701171875 -0.711914062 0.0364379883
vn 0.701171875 -0.711914062 0.0364379883
vn 0.909667969 0.227050781 0.34765625
vn 0.909667969 0.227050781 0.34765625
vn 0.909667969 0.227050781 0.34765625
vn 0.909667969 0.227050781 0.34765625
vn 0.92578125 -0.00590515137 0.378173828
vn 0.92578125 -0.00590515137 0.378173828
vn 0.92578125 -0.00590515137 0.378173828
vn 0.92578125 -0.00591278076 0.378173828
vn -0.011505127 -0.00648498535 1
vn -0.011505127 -0.00646209717 1
vn -0.0115127563 -0.00643920898 1
vn -0.00930023193 0.000667572021 1
vn -0.00102519989 0.0175476074 1
vn -0.00101280212 0.0175476074 1
vn -0.264160156 -0.963378906 -0.049407959
vn -0.264160156 -0.963378906 -0.049407959
vn -0.264160156 -0.963378906 -0.049407959
vn -0.264160156 -0.963378906 -0.049407959
vn -0.7578125 0.65234375 0.00877380371
vn -0.7578125 0.65234375 0.00877380371
vn -0.7578125 0.65234375 0.00877380371
vn -0.7578125 0.65234375 0.00877380371
vn -0.984863281 -0.172485352 -0.0106811523
vn -0.984863281 -0.172485352 -0.0107192993
vn -0.984863281 -0.172485352 -0.0107192993
vn -0.984863281 -0.172485352 -0.0106811523
vn -0.704101562 0.709960938 0.00333786011
vn -0.704101562 0.709960938 0.00331497192
vn -0.704101562 0.709960938 0.00331497192
vn -0.704101562 0.709960938 0.00333786011
vn -0.931640625 0.363037109 -0.00715255737
vn -0.931640625 0.363037109 -0.00715255737
vn -0.931640625 0.363037109 -0.0072479248
vn -0.931640625 0.363037109 -0.00715255737
vn 0.011505127 -0.00648498535 1
vn 0.0115127563 -0.00643920898 1
vn 0.011505127 -0.00646209717 1
vn 0.00930023193 0.000667572021 1
vn 0.00102519989 0.0175476074 1
vn 0.0010137558 0.0175476074 1
vn 0.264160156 -0.963378906 -0.049407959
vn 0.264160156 -0.963378906 -0.049407959
vn 0.264160156 -0.963378906 -0.049407959
vn 0.264160156 -0.963378906 -0.049407959
vn 0.7578125 0.65234375 0.00877380371
vn 0.7578125 0.65234375 0.00877380371
vn 0.7578125 0.65234375 0.00877380371
vn 0.7578125 0.65234375 0.00877380371
vn 0.984863281 -0.172485352 -0.0106811523
vn 0.984863281 -0.172485352 -0.0106811523
vn 0.984863281 -0.172485352 -0.0107192993
vn 0.984863281 -0.172485352 -0.0107192993
vn 0.704101562 0.709960938 0.00333786011
vn 0.704101562 0.709960938 0.00333786011
vn 0.704101562 0.709960938 0.00331306458
vn 0.704101562 0.709960938 0.00331306458
vn 0.931640625 0.363037109 -0.00715255737
vn 0.931640625 0.363037109 -0.00715255737
vn 0.931640625 0.363037109 -0.0072479248
vn 0.931640625 0.363037109 -0.00715255737
vn -0 0.999511719 -0.0286254883
vn -0 0.999511719 -0.0286254883
vn -0 0.999511719 -0.0286407471
vn -0 0.999511719 -0.0286407471
vn -0 0.997558594 -0.0723266602
vn -0 0.997558594 -0.0723266602
vn -0 0.997558594 -0.0723266602
vn -0 0.997558594 -0.0723266602
vn -0 0.377929688 -0.92578125
vn -0 0.377685547 -0.92578125
vn -0 0.377685547 -0.92578125
vn -0 0.377929688 -0.92578125
vn -0 0.702636719 -0.711914062
vn -0 0.702636719 -0.711914062
vn -0 0.702636719 -0.711914062
vn -0 0.702636719 -0.711914062
vn -0 0.177734375 -0.983886719
vn -0 0.177612305 -0.983886719
vn -0 0.177612305 -0.983886719
vn -0 0.177734375 -0.983886719
vn -0 -0.99609375 -0.0857543945
vn -0 -0.99609375 -0.0857543945
vn -0 -0.99609375 -0.0857543945
vn -0 -0.99609375 -0.0857543945
vn -0 -0.995605469 -0.0921020508
vn -0 0.605957031 0.795410156
vn -0 0.605957031 0.795410156
vn -0 0.605957031 0.795410156
vn -0 0.605957031 0.795410156
vn -0 0.840332031 -0.541992188
vn -0 0.840332031 -0.541992188
vn -0 0.840332031 -0.541992188
vn -0 0.840332031 -0.541992188
vn -0 0.193725586 -0.980957031
vn -0 0.193725586 -0.980957031
vn -0 0.193725586 -0.980957031
vn -0 0.193725586 -0.980957031
vn -0 0.434082031 -0.900878906
vn -0 0.434082031 -0.900878906
vn -0 0.434082031 -0.900878906
vn -0 0.434082031 -0.900878906
vn -0 0.0642700195 0.998046875
vn -0 0.0642700195 0.998046875
vn -0 0.0642700195 0.998046875
vn -0 0.0642700195 0.998046875
vn -0 0.914550781 0.404296875
vn -0 0.914550781 0.404296875
vn -0 0.914550781 0.404296875
vn -0 0.914550781 0.404296875
vn -0 -1 -0.00901031494
vn -0 -1 -0.00901031494
vn -0 -1 -0.00898742676
vn -0 -1 -0.00898742676
vn -0 0.933105469 -0.360107422
vn -0 0.933105469 -0.360107422
vn -0 0.933105469 -0.360107422
vn -0 0.933105469 -0.360107422
vn -0 0.0975952148 -0.995117188
vn -0 0.0975952148 -0.995117188
vn -0 0.0975952148 -0.995117188
vn -0 0.0975952148 -0.995117188
vn -0 0.999511719 -0.0363464355
vn -0 0.999511719 -0.0363464355
vn -0 0.999511719 -0.036315918
vn -0 0.999511719 -0.036315918
vn -0 -0.838378906 -0.544921875
vn -0 -0.838378906 -0.544921875
vn -0 -0.838378906 -0.544921875
vn -0 -0.838378906 -0.544921875
vn -0 -0.757324219 -0.652832031
vn -0 -0.757324219 -0.652832031
vn -0 -0.757324219 -0.652832031
vn -0 -0.757324219 -0.652832031
vn -0 -0.189941406 -0.981933594
vn -0 -0.189941406 -0.981933594
vn -0 -0.189941406 -0.981933594
vn -0 -0.189941406 -0.981933594
vn -0 -0.450439453 -0.892578125
vn -0 -0.450439453 -0.892578125
vn -0 -0.450439453 -0.892578125
vn -0 -0.450439453 -0.892578125
vn -0.968261719 0.0473632812 -0.245117188
vn -0.968261719 0.0473632812 -0.245117188
vn -0.968261719 0.0473937988 -0.245117188
vn -0.968261719 0.0473937988 -0.245117188
vn -0.96875 0.177856445 -0.172119141
vn -0.96875 0.177856445 -0.172119141
vn -0.96875 0.177856445 -0.172119141
vn -0.96875 0.177856445 -0.172119141
vn -0.75390625 -0.294921875 0.586914062
vn -0.75390625 -0.294921875 0.586914062
vn -0.75390625 -0.294921875 0.586914062
vn -0.75390625 -0.294921875 0.586914062
vn -0.692871094 -0.252197266 -0.675292969
vn -0.692871094 -0.252197266 -0.675292969
vn -0.692871094 -0.252197266 -0.675292969
vn -0.692871094 -0.252197266 -0.675292969
vn -0.544433594 -0.775878906 -0.319580078
vn -0.544433594 -0.775878906 -0.319580078
vn -0.544433594 -0.775878906 -0.319580078
vn -0.544433594 -0.775878906 -0.319580078
vn -0.500976562 -0.812988281 0.296630859
vn -0.500976562 -0.812988281 0.296630859
vn -0.500976562 -0.812988281 0.296630859
vn -0.500976562 -0.812988281 0.296630859
vn -0.575195312 -0.201293945 0.79296875
vn -0.575195312 -0.201293945 0.79296875
vn -0.575195312 -0.201293945 0.79296875
vn -0.575195312 -0.201293945 0.79296875
vn -0.978027344 -0.208007812 -0.0152130127
vn -0.978027344 -0.208007812 -0.0152130127
vn -0.978027344 -0.208007812 -0.0152130127
vn -0.976074219 -0.216918945 -0.0175933838
vn -0.999023438 -0.00171661377 -0.0402832031
vn -0.999023438 -0.00166893005 -0.0402832031
vn -0.999023438 -0.00166893005 -0.0402832031
vn -1 0.0165405273 -0.0115356445
vn -0.793945312 -0.110351562 0.598144531
vn -0.793945312 -0.110351562 0.598144531
vn -0.793945312 -0.110351562 0.598144531
vn -0.793945312 -0.110351562 0.598144531
vn -0.583496094 -0.809082031 0.0697631836
vn -0.583496094 -0.809082031 0.0697631836
vn -0.583496094 -0.809082031 0.0697631836
vn -0.583496094 -0.809082031 0.0697631836
vn -0.849121094 -0.527832031 -0.0110168457
vn -0.849121094 -0.527832031 -0.0110015869
vn -0.849121094 -0.527832031 -0.0110015869
vn -0.849121094 -0.527832031 -0.0110168457
vn -1 0.0166015625 0.0123519897
vn -1 0.0166015625 0.0123596191
vn -1 0.0166015625 0.0123596191
vn -1 0.00846099854 -0.000953674316
vn -1 0.00149345398 0.000667572021
vn -0.10534668 -0.200073242 0.974121094
vn -0.10534668 -0.200073242 0.974121094
vn -0.105407715 -0.200073242 0.974121094
vn -0.105407715 -0.200073242 0.974121094
vn -0.354248047 -0.930664062 -0.0924682617
vn -0.354248047 -0.930664062 -0.0924682617
vn -0.354248047 -0.930664062 -0.0924072266
vn -0.354248047 -0.930664062 -0.0924072266
vn -0.738769531 0.673339844 -0.0304260254
vn -0.738769531 0.673339844 -0.0304260254
vn -0.738769531 0.673339844 -0.0304260254
vn -0.738769531 0.673339844 -0.0304260254
vn -0.701171875 -0.711914062 0.0364379883
vn -0.701171875 -0.711914062 0.0364379883
vn -0.701171875 -0.711914062 0.0364379883
vn -0.701171875 -0.711914062 0.0364379883
vn -0.909667969 0.227050781 0.34765625
vn -0.909667969 0.227050781 0.34765625
vn -0.909667969 0.227050781 0.34765625
vn -0.909667969 0.227050781 0.34765625
vn -0.92578125 -0.00590515137 0.378173828
vn -0.92578125 -0.00591278076 0.378173828
vn -0.92578125 -0.00590515137 0.378173828
vn -0.92578125 -0.00590515137 0.378173828
vn 0.968261719 0.0473632812 -0.245117188
vn 0.968261719 0.0473937988 -0.245117188
vn 0.968261719 0.0473937988 -0.245117188
vn 0.968261719 0.0473632812 -0.245117188
vn 0.96875 0.177856445 -0.172119141
vn 0.96875 0.177856445 -0.172119141
vn 0.96875 0.177856445 -0.172119141
vn 0.96875 0.177856445 -0.172119141
vn 0.75390625 -0.294921875 0.586914062
vn 0.75390625 -0.294921875 0.586914062
vn 0.75390625 -0.294921875 0.586914062
vn 0.75390625 -0.294921875 0.586914062
vn 0.692871094 -0.252197266 -0.675292969
vn 0.692871094 -0.252197266 -0.675292969
vn 0.692871094 -0.252197266 -0.675292969
vn 0.692871094 -0.252197266 -0.675292969
vn 0.544433594 -0.775878906 -0.319580078
vn 0.544433594 -0.775878906 -0.319580078
vn 0.544433594 -0.775878906 -0.319580078
vn 0.544433594 -0.775878906 -0.319580078
vn 0.500976562 -0.812988281 0.296630859
vn 0.500976562 -0.812988281 0.296630859
vn 0.500976562 -0.812988281 0.296630859
vn 0.500976562 -0.812988281 0.296630859
vn 0.575195312 -0.201293945 0.79296875
vn 0.575195312 -0.201293945 0.79296875
vn 0.575195312 -0.201293945 0.79296875
vn 0.575195312 -0.201293945 0.79296875
vn 0.978027344 -0.208007812 -0.0152130127
vn 0.978027344 -0.208007812 -0.0152130127
vn 0.978027344 -0.208007812 -0.0152130127
vn 0.976074219 -0.216918945 -0.0175933838
vn 0.999023438 -0.00171661377 -0.0402832031
vn 0.999023438 -0.00166893005 -0.0402832031
vn 0.999023438 -0.00166893005 -0.0402832031
vn 1 0.0165405273 -0.0115432739
vn 0.793945312 -0.110351562 0.598144531
vn 0.793945312 -0.110351562 0.598144531
vn 0.793945312 -0.110351562 0.598144531
vn 0.793945312 -0.110351562 0.598144531
vn 0.583496094 -0.809082031 0.0697631836
vn 0.583496094 -0.809082031 0.0697631836
vn 0.583496094 -0.809082031 0.0697631836
vn 0.583496094 -0.809082031 0.0697631836
vn 0.849121094 -0.527832031 -0.0110168457
vn 0.849121094 -0.527832031 -0.0110168457
vn 0.849121094 -0.527832031 -0.0110015869
vn 0.849121094 -0.527832031 -0.0110015869
vn 1 0.0166015625 0.0123519897
vn 1 0.0165863037 0.0123596191
vn 1 0.0165863037 0.0123596191
vn 1 0.00846099854 -0.000953674316
vn 1 0.00149345398 0.000667572021
vn 0.10534668 -0.200073242 0.974121094
vn 0.105407715 -0.200073242 0.974121094
vn 0.105407715 -0.200073242 0.974121094
vn 0.10534668 -0.200073242 0.974121094
vn 0.354248047 -0.930664062 -0.0924682617
vn 0.354248047 -0.930664062 -0.0924072266
vn 0.354248047 -0.930664062 -0.0924072266
vn 0.354248047 -0.930664062 -0.0924682617
vn 0.738769531 0.673339844 -0.0304260254
vn 0.738769531 0.673339844 -0.0304260254
vn 0.738769531 0.673339844 -0.0304260254
vn 0.738769531 0.673339844 -0.0304260254
vn 0.701171875 -0.711914062 0.0364379883
vn 0.701171875 -0.711914062 0.0364379883
vn 0.701171875 -0.711914062 0.0364379883
vn 0.701171875 -0.711914062 0.0364379883
vn 0.909667969 0.227050781 0.34765625
vn 0.909667969 0.227050781 0.34765625
vn 0.909667969 0.227050781 0.34765625
vn 0.909667969 0.227050781 0.34765625
vn 0.92578125 -0.00590515137 0.378173828
vn 0.92578125 -0.00590515137 0.378173828
vn 0.92578125 -0.00590515137 0.378173828
vn 0.92578125 -0.00591278076 0.378173828
vn -0.011505127 -0.00648498535 1
vn -0.011505127 -0.00646209717 1
vn -0.0115127563 -0.00643920898 1
vn -0.00930023193 0.000667572021 1
vn -0.00102519989 0.0175476074 1
vn -0.00101280212 0.0175476074 1
vn -0.264160156 -0.963378906 -0.049407959
vn -0.264160156 -0.963378906 -0.049407959
vn -0.264160156 -0.963378906 -0.049407959
vn -0.264160156 -0.963378906 -0.049407959
vn -0.7578125 0.65234375 0.00877380371
vn -0.7578125 0.65234375 0.00877380371
vn -0.7578125 0.65234375 0.00877380371
vn -0.7578125 0.65234375 0.00877380371
vn -0.984863281 -0.172485352 -0.0106811523
vn -0.984863281 -0.172485352 -0.0107192993
vn -0.984863281 -0.172485352 -0.0107192993
vn -0.984863281 -0.172485352 -0.0106811523
vn -0.704101562 0.709960938 0.00333786011
vn -0.704101562 0.709960938 0.00331497192
vn -0.704101562 0.709960938 0.00331497192
vn -0.704101562 0.709960938 0.00333786011
vn -0.931640625 0.363037109 -0.00715255737
vn -0.931640625 0.363037109 -0.00715255737
vn -0.931640625 0.363037109 -0.0072479248
vn -0.931640625 0.363037109 -0.00715255737
vn 0.011505127 -0.00648498535 1
vn 0.0115127563 -0.00643920898 1
vn 0.011505127 -0.00646209717 1
vn 0.00930023193 0.000667572021 1
vn 0.00102519989 0.0175476074 1
vn 0.0010137558 0.0175476074 1
vn 0.264160156 -0.963378906 -0.049407959
vn 0.264160156 -0.963378906 -0.049407959
vn 0.264160156 -0.963378906 -0.049407959
vn 0.264160156 -0.963378906 -0.049407959
vn 0.7578125 0.65234375 0.00877380371
vn 0.7578125 0.65234375 0.00877380371
vn 0.7578125 0.65234375 0.00877380371
vn 0.7578125 0.65234375 0.00877380371
vn 0.984863281 -0.172485352 -0.0106811523
vn 0.984863281 -0.172485352 -0.0106811523
vn 0.984863281 -0.172485352 -0.0107192993
vn 0.984863281 -0.172485352 -0.0107192993
vn 0.704101562 0.709960938 0.00333786011
vn 0.704101562 0.709960938 0.00333786011
vn 0.704101562 0.709960938 0.00331306458
vn 0.704101562 0.709960938 0.00331306458
vn 0.931640625 0.363037109 -0.00715255737
vn 0.931640625 0.363037109 -0.00715255737
vn 0.931640625 0.363037109 -0.0072479248
vn 0.931640625 0.363037109 -0.00715255737
g jianglidaoju_shouqiang_lod1_gpuskinmesh_0
f 3/3/3 2/2/2 1/1/1
f 6/6/6 5/5/5 4/4/4
f 9/9/9 8/8/8 7/7/7
f 12/12/12 11/11/11 10/10/10
f 15/15/15 14/14/14 13/13/13
f 18/18/18 17/17/17 16/16/16
f 21/21/21 20/20/20 19/19/19
f 24/24/24 23/23/23 22/22/22
f 27/27/27 26/26/26 25/25/25
f 30/30/30 29/29/29 28/28/28
f 33/33/33 32/32/32 31/31/31
f 36/36/36 35/35/35 34/34/34
f 39/39/39 38/38/38 37/37/37
f 42/42/42 41/41/41 40/40/40
f 45/45/45 44/44/44 43/43/43
f 48/48/48 47/47/47 46/46/46
f 51/51/51 50/50/50 49/49/49
f 54/54/54 53/53/53 52/52/52
f 57/57/57 56/56/56 55/55/55
f 60/60/60 59/59/59 58/58/58
f 63/63/63 62/62/62 61/61/61
f 66/66/66 65/65/65 64/64/64
f 69/69/69 68/68/68 67/67/67
f 72/72/72 71/71/71 70/70/70
f 75/75/75 74/74/74 73/73/73
f 78/78/78 77/77/77 76/76/76
f 81/81/81 80/80/80 79/79/79
f 84/84/84 83/83/83 82/82/82
f 87/87/87 86/86/86 85/85/85
f 90/90/90 89/89/89 88/88/88
f 93/93/93 92/92/92 91/91/91
f 96/96/96 95/95/95 94/94/94
f 99/99/99 98/98/98 97/97/97
f 102/102/102 101/101/101 100/100/100
f 105/105/105 104/104/104 103/103/103
f 108/108/108 107/107/107 106/106/106
f 111/111/111 110/110/110 109/109/109
f 114/114/114 113/113/113 112/112/112
f 117/117/117 116/116/116 115/115/115
f 120/120/120 119/119/119 118/118/118
f 123/123/123 122/122/122 121/121/121
f 126/126/126 125/125/125 124/124/124
f 129/129/129 128/128/128 127/127/127
f 132/132/132 131/131/131 130/130/130
f 135/135/135 134/134/134 133/133/133
f 138/138/138 137/137/137 136/136/136
f 141/141/141 140/140/140 139/139/139
f 144/144/144 143/143/143 142/142/142
f 147/147/147 146/146/146 145/145/145
f 150/150/150 149/149/149 148/148/148
f 153/153/153 152/152/152 151/151/151
f 156/156/156 155/155/155 154/154/154
f 159/159/159 158/158/158 157/157/157
f 162/162/162 161/161/161 160/160/160
f 165/165/165 164/164/164 163/163/163
f 168/168/168 167/167/167 166/166/166
f 171/171/171 170/170/170 169/169/169
f 174/174/174 173/173/173 172/172/172
f 177/177/177 176/176/176 175/175/175
f 180/180/180 179/179/179 178/178/178
f 183/183/183 182/182/182 181/181/181
f 186/186/186 185/185/185 184/184/184
f 189/189/189 188/188/188 187/187/187
f 192/192/192 191/191/191 190/190/190
f 195/195/195 194/194/194 193/193/193
f 198/198/198 197/197/197 196/196/196
f 201/201/201 200/200/200 199/199/199
f 204/204/204 203/203/203 202/202/202
f 207/207/207 206/206/206 205/205/205
f 210/210/210 209/209/209 208/208/208
f 213/213/213 212/212/212 211/211/211
f 216/216/216 215/215/215 214/214/214
f 219/219/219 218/218/218 217/217/217
f 222/222/222 221/221/221 220/220/220
f 225/225/225 224/224/224 223/223/223
f 228/228/228 227/227/227 226/226/226
f 231/231/231 230/230/230 229/229/229
f 234/234/234 233/233/233 232/232/232
f 237/237/237 236/236/236 235/235/235
f 240/240/240 239/239/239 238/238/238
f 243/243/243 242/242/242 241/241/241
f 246/246/246 245/245/245 244/244/244
f 249/249/249 248/248/248 247/247/247
f 252/252/252 251/251/251 250/250/250
f 255/255/255 254/254/254 253/253/253
f 258/258/258 257/257/257 256/256/256
f 261/261/261 260/260/260 259/259/259
f 264/264/264 263/263/263 262/262/262
f 267/267/267 266/266/266 265/265/265
f 270/270/270 269/269/269 268/268/268
f 273/273/273 272/272/272 271/271/271
f 276/276/276 275/275/275 274/274/274
f 279/279/279 278/278/278 277/277/277
f 282/282/282 281/281/281 280/280/280
f 285/285/285 284/284/284 283/283/283
f 288/288/288 287/287/287 286/286/286
f 291/291/291 290/290/290 289/289/289
f 294/294/294 293/293/293 292/292/292
f 297/297/297 296/296/296 295/295/295
f 300/300/300 299/299/299 298/298/298
f 303/303/303 302/302/302 301/301/301
f 306/306/306 305/305/305 304/304/304
f 309/309/309 308/308/308 307/307/307
f 312/312/312 311/311/311 310/310/310
f 315/315/315 314/314/314 313/313/313
f 318/318/318 317/317/317 316/316/316
f 321/321/321 320/320/320 319/319/319
f 324/324/324 323/323/323 322/322/322
f 327/327/327 326/326/326 325/325/325
f 330/330/330 329/329/329 328/328/328
f 333/333/333 332/332/332 331/331/331
f 336/336/336 335/335/335 334/334/334
f 339/339/339 338/338/338 337/337/337
f 342/342/342 341/341/341 340/340/340
f 345/345/345 344/344/344 343/343/343
f 346/346/346 345/345/345 343/343/343
f 349/349/349 348/348/348 347/347/347
f 350/350/350 349/349/349 347/347/347
f 353/353/353 352/352/352 351/351/351
f 354/354/354 353/353/353 351/351/351
f 357/357/357 356/356/356 355/355/355
f 358/358/358 357/357/357 355/355/355
f 361/361/361 360/360/360 359/359/359
f 362/362/362 361/361/361 359/359/359
f 365/365/365 364/364/364 363/363/363
f 366/366/366 365/365/365 363/363/363
f 367/367/367 365/365/365 366/366/366
f 370/370/370 369/369/369 368/368/368
f 371/371/371 370/370/370 368/368/368
f 374/374/374 373/373/373 372/372/372
f 375/375/375 374/374/374 372/372/372
f 378/378/378 377/377/377 376/376/376
f 379/379/379 378/378/378 376/376/376
f 382/382/382 381/381/381 380/380/380
f 383/383/383 382/382/382 380/380/380
f 386/386/386 385/385/385 384/384/384
f 387/387/387 386/386/386 384/384/384
f 390/390/390 389/389/389 388/388/388
f 391/391/391 390/390/390 388/388/388
f 394/394/394 393/393/393 392/392/392
f 395/395/395 394/394/394 392/392/392
f 398/398/398 397/397/397 396/396/396
f 399/399/399 398/398/398 396/396/396
f 402/402/402 401/401/401 400/400/400
f 403/403/403 402/402/402 400/400/400
f 406/406/406 405/405/405 404/404/404
f 407/407/407 406/406/406 404/404/404
f 410/410/410 409/409/409 408/408/408
f 411/411/411 410/410/410 408/408/408
f 414/414/414 413/413/413 412/412/412
f 415/415/415 414/414/414 412/412/412
f 418/418/418 417/417/417 416/416/416
f 419/419/419 418/418/418 416/416/416
f 422/422/422 421/421/421 420/420/420
f 423/423/423 422/422/422 420/420/420
f 426/426/426 425/425/425 424/424/424
f 427/427/427 426/426/426 424/424/424
f 430/430/430 429/429/429 428/428/428
f 431/431/431 430/430/430 428/428/428
f 434/434/434 433/433/433 432/432/432
f 435/435/435 434/434/434 432/432/432
f 438/438/438 437/437/437 436/436/436
f 439/439/439 438/438/438 436/436/436
f 442/442/442 441/441/441 440/440/440
f 443/443/443 442/442/442 440/440/440
f 446/446/446 445/445/445 444/444/444
f 447/447/447 446/446/446 444/444/444
f 450/450/450 449/449/449 448/448/448
f 451/451/451 450/450/450 448/448/448
f 454/454/454 453/453/453 452/452/452
f 455/455/455 453/453/453 454/454/454
f 458/458/458 457/457/457 456/456/456
f 457/457/457 458/458/458 459/459/459
f 462/462/462 461/461/461 460/460/460
f 463/463/463 462/462/462 460/460/460
f 466/466/466 465/465/465 464/464/464
f 467/467/467 466/466/466 464/464/464
f 470/470/470 469/469/469 468/468/468
f 471/471/471 470/470/470 468/468/468
f 474/474/474 473/473/473 472/472/472
f 472/472/472 475/475/475 474/474/474
f 476/476/476 475/475/475 472/472/472
f 479/479/479 478/478/478 477/477/477
f 480/480/480 479/479/479 477/477/477
f 483/483/483 482/482/482 481/481/481
f 484/484/484 483/483/483 481/481/481
f 487/487/487 486/486/486 485/485/485
f 488/488/488 487/487/487 485/485/485
f 491/491/491 490/490/490 489/489/489
f 492/492/492 491/491/491 489/489/489
f 495/495/495 494/494/494 493/493/493
f 496/496/496 495/495/495 493/493/493
f 499/499/499 498/498/498 497/497/497
f 500/500/500 499/499/499 497/497/497
f 503/503/503 502/502/502 501/501/501
f 504/504/504 503/503/503 501/501/501
f 507/507/507 506/506/506 505/505/505
f 508/508/508 507/507/507 505/505/505
f 511/511/511 510/510/510 509/509/509
f 512/512/512 511/511/511 509/509/509
f 515/515/515 514/514/514 513/513/513
f 516/516/516 515/515/515 513/513/513
f 519/519/519 518/518/518 517/517/517
f 520/520/520 519/519/519 517/517/517
f 523/523/523 522/522/522 521/521/521
f 524/524/524 523/523/523 521/521/521
f 527/527/527 526/526/526 525/525/525
f 528/528/528 527/527/527 525/525/525
f 531/531/531 530/530/530 529/529/529
f 531/531/531 532/532/532 530/530/530
f 535/535/535 534/534/534 533/533/533
f 534/534/534 535/535/535 536/536/536
f 539/539/539 538/538/538 537/537/537
f 540/540/540 539/539/539 537/537/537
f 543/543/543 542/542/542 541/541/541
f 544/544/544 543/543/543 541/541/541
f 547/547/547 546/546/546 545/545/545
f 548/548/548 547/547/547 545/545/545
f 551/551/551 550/550/550 549/549/549
f 552/552/552 549/549/549 550/550/550
f 552/552/552 553/553/553 549/549/549
f 556/556/556 555/555/555 554/554/554
f 557/557/557 556/556/556 554/554/554
f 560/560/560 559/559/559 558/558/558
f 561/561/561 560/560/560 558/558/558
f 564/564/564 563/563/563 562/562/562
f 565/565/565 564/564/564 562/562/562
f 568/568/568 567/567/567 566/566/566
f 569/569/569 568/568/568 566/566/566
f 572/572/572 571/571/571 570/570/570
f 573/573/573 572/572/572 570/570/570
f 576/576/576 575/575/575 574/574/574
f 577/577/577 576/576/576 574/574/574
f 580/580/580 579/579/579 578/578/578
f 581/581/581 580/580/580 578/578/578
f 581/581/581 578/578/578 582/582/582
f 581/581/581 582/582/582 583/583/583
f 586/586/586 585/585/585 584/584/584
f 587/587/587 586/586/586 584/584/584
f 590/590/590 589/589/589 588/588/588
f 591/591/591 590/590/590 588/588/588
f 594/594/594 593/593/593 592/592/592
f 595/595/595 594/594/594 592/592/592
f 598/598/598 597/597/597 596/596/596
f 599/599/599 598/598/598 596/596/596
f 602/602/602 601/601/601 600/600/600
f 603/603/603 602/602/602 600/600/600
f 606/606/606 605/605/605 604/604/604
f 605/605/605 607/607/607 604/604/604
f 604/604/604 607/607/607 608/608/608
f 608/608/608 607/607/607 609/609/609
f 612/612/612 611/611/611 610/610/610
f 613/613/613 612/612/612 610/610/610
f 616/616/616 615/615/615 614/614/614
f 617/617/617 616/616/616 614/614/614
f 620/620/620 619/619/619 618/618/618
f 621/621/621 620/620/620 618/618/618
f 624/624/624 623/623/623 622/622/622
f 625/625/625 624/624/624 622/622/622
f 628/628/628 627/627/627 626/626/626
f 629/629/629 628/628/628 626/626/626
f 632/632/632 631/631/631 630/630/630
f 633/633/633 632/632/632 630/630/630
f 636/636/636 635/635/635 634/634/634
f 637/637/637 636/636/636 634/634/634
f 640/640/640 639/639/639 638/638/638
f 641/641/641 640/640/640 638/638/638
f 644/644/644 643/643/643 642/642/642
f 645/645/645 644/644/644 642/642/642
f 648/648/648 647/647/647 646/646/646
f 649/649/649 648/648/648 646/646/646
f 652/652/652 651/651/651 650/650/650
f 653/653/653 652/652/652 650/650/650
f 654/654/654 652/652/652 653/653/653
f 657/657/657 656/656/656 655/655/655
f 658/658/658 657/657/657 655/655/655
f 661/661/661 660/660/660 659/659/659
f 662/662/662 661/661/661 659/659/659
f 665/665/665 664/664/664 663/663/663
f 666/666/666 665/665/665 663/663/663
f 669/669/669 668/668/668 667/667/667
f 670/670/670 669/669/669 667/667/667
f 673/673/673 672/672/672 671/671/671
f 674/674/674 673/673/673 671/671/671
f 677/677/677 676/676/676 675/675/675
f 678/678/678 677/677/677 675/675/675
f 681/681/681 680/680/680 679/679/679
f 682/682/682 681/681/681 679/679/679
f 685/685/685 684/684/684 683/683/683
f 686/686/686 685/685/685 683/683/683
f 689/689/689 688/688/688 687/687/687
f 690/690/690 689/689/689 687/687/687
f 693/693/693 692/692/692 691/691/691
f 694/694/694 693/693/693 691/691/691
f 697/697/697 696/696/696 695/695/695
f 698/698/698 697/697/697 695/695/695
f 701/701/701 700/700/700 699/699/699
f 702/702/702 701/701/701 699/699/699
f 705/705/705 704/704/704 703/703/703
f 706/706/706 705/705/705 703/703/703
f 709/709/709 708/708/708 707/707/707
f 710/710/710 709/709/709 707/707/707
f 713/713/713 712/712/712 711/711/711
f 714/714/714 713/713/713 711/711/711
f 717/717/717 716/716/716 715/715/715
f 718/718/718 717/717/717 715/715/715
f 721/721/721 720/720/720 719/719/719
f 722/722/722 721/721/721 719/719/719
f 725/725/725 724/724/724 723/723/723
f 726/726/726 725/725/725 723/723/723
f 729/729/729 728/728/728 727/727/727
f 730/730/730 729/729/729 727/727/727
f 733/733/733 732/732/732 731/731/731
f 734/734/734 733/733/733 731/731/731
f 737/737/737 736/736/736 735/735/735
f 738/738/738 737/737/737 735/735/735
f 741/741/741 740/740/740 739/739/739
f 742/742/742 740/740/740 741/741/741
f 745/745/745 744/744/744 743/743/743
f 744/744/744 745/745/745 746/746/746
f 749/749/749 748/748/748 747/747/747
f 750/750/750 749/749/749 747/747/747
f 753/753/753 752/752/752 751/751/751
f 754/754/754 753/753/753 751/751/751
f 757/757/757 756/756/756 755/755/755
f 758/758/758 757/757/757 755/755/755
f 761/761/761 760/760/760 759/759/759
f 759/759/759 762/762/762 761/761/761
f 763/763/763 762/762/762 759/759/759
f 766/766/766 765/765/765 764/764/764
f 767/767/767 766/766/766 764/764/764
f 770/770/770 769/769/769 768/768/768
f 771/771/771 770/770/770 768/768/768
f 774/774/774 773/773/773 772/772/772
f 775/775/775 774/774/774 772/772/772
f 778/778/778 777/777/777 776/776/776
f 779/779/779 778/778/778 776/776/776
f 782/782/782 781/781/781 780/780/780
f 783/783/783 782/782/782 780/780/780
f 786/786/786 785/785/785 784/784/784
f 787/787/787 786/786/786 784/784/784
f 790/790/790 789/789/789 788/788/788
f 791/791/791 790/790/790 788/788/788
f 794/794/794 793/793/793 792/792/792
f 795/795/795 794/794/794 792/792/792
f 798/798/798 797/797/797 796/796/796
f 799/799/799 798/798/798 796/796/796
f 802/802/802 801/801/801 800/800/800
f 803/803/803 802/802/802 800/800/800
f 806/806/806 805/805/805 804/804/804
f 807/807/807 806/806/806 804/804/804
f 810/810/810 809/809/809 808/808/808
f 811/811/811 810/810/810 808/808/808
f 814/814/814 813/813/813 812/812/812
f 815/815/815 814/814/814 812/812/812
f 818/818/818 817/817/817 816/816/816
f 818/818/818 819/819/819 817/817/817
f 822/822/822 821/821/821 820/820/820
f 821/821/821 822/822/822 823/823/823
f 826/826/826 825/825/825 824/824/824
f 827/827/827 826/826/826 824/824/824
f 830/830/830 829/829/829 828/828/828
f 831/831/831 830/830/830 828/828/828
f 834/834/834 833/833/833 832/832/832
f 835/835/835 834/834/834 832/832/832
f 838/838/838 837/837/837 836/836/836
f 839/839/839 836/836/836 837/837/837
f 839/839/839 840/840/840 836/836/836
f 843/843/843 842/842/842 841/841/841
f 844/844/844 843/843/843 841/841/841
f 847/847/847 846/846/846 845/845/845
f 848/848/848 847/847/847 845/845/845
f 851/851/851 850/850/850 849/849/849
f 852/852/852 851/851/851 849/849/849
f 855/855/855 854/854/854 853/853/853
f 856/856/856 855/855/855 853/853/853
f 859/859/859 858/858/858 857/857/857
f 860/860/860 859/859/859 857/857/857
f 863/863/863 862/862/862 861/861/861
f 864/864/864 863/863/863 861/861/861
f 867/867/867 866/866/866 865/865/865
f 868/868/868 867/867/867 865/865/865
f 868/868/868 865/865/865 869/869/869
f 868/868/868 869/869/869 870/870/870
f 873/873/873 872/872/872 871/871/871
f 874/874/874 873/873/873 871/871/871
f 877/877/877 876/876/876 875/875/875
f 878/878/878 877/877/877 875/875/875
f 881/881/881 880/880/880 879/879/879
f 882/882/882 881/881/881 879/879/879
f 885/885/885 884/884/884 883/883/883
f 886/886/886 885/885/885 883/883/883
f 889/889/889 888/888/888 887/887/887
f 890/890/890 889/889/889 887/887/887
f 893/893/893 892/892/892 891/891/891
f 892/892/892 894/894/894 891/891/891
f 891/891/891 894/894/894 895/895/895
f 895/895/895 894/894/894 896/896/896
f 899/899/899 898/898/898 897/897/897
f 900/900/900 899/899/899 897/897/897
f 903/903/903 902/902/902 901/901/901
f 904/904/904 903/903/903 901/901/901
f 907/907/907 906/906/906 905/905/905
f 908/908/908 907/907/907 905/905/905
f 911/911/911 910/910/910 909/909/909
f 912/912/912 911/911/911 909/909/909
f 915/915/915 914/914/914 913/913/913
f 916/916/916 915/915/915 913/913/913
