g A_build_bridge01_03_langan
v 10.0679788 -0.209974813 -10.6384937
v 10.0679788 0.230666832 -10.6384937
v 10.0679788 0.230666832 -10.8677047
v 10.0679788 -0.209974813 -10.8677047
v 9.99531155 0.41890585 -10.6384937
v 9.99531155 0.41890585 -10.8677047
v 10.0679788 0.230666832 -10.8677047
v 10.0679788 0.230666832 -10.6384937
v 9.99531155 0.996378321 -10.6384937
v 9.99531155 0.996378321 -10.8677047
v 9.99531155 0.41890585 -10.8677047
v 9.99531155 0.41890585 -10.6384937
v 10.057929 1.04353471 -10.6384937
v 10.057929 1.04353471 -10.8677047
v 9.99531155 0.996378321 -10.8677047
v 9.99531155 0.996378321 -10.6384937
v 10.057929 1.30946581 -10.6384937
v 10.057929 1.30946581 -10.8677047
v 10.057929 1.04353471 -10.8677047
v 10.057929 1.04353471 -10.6384937
v 9.98294266 1.35237039 -10.8677047
v 10.057929 1.30946581 -10.8677047
v 10.057929 1.30946581 -10.6384937
v 9.98294266 1.35237039 -10.6384937
v 9.63274851 -0.209974813 -10.8677047
v 9.63274851 0.230666832 -10.8677047
v 9.63274851 0.230666832 -10.6384937
v 9.63274851 -0.209974813 -10.6384937
v 9.63274851 0.230666832 -10.8677047
v 9.70541573 0.41890585 -10.8677047
v 9.70541573 0.41890585 -10.6384937
v 9.63274851 0.230666832 -10.6384937
v 9.70541573 0.41890585 -10.8677047
v 9.70541573 0.996378321 -10.8677047
v 9.70541573 0.996378321 -10.6384937
v 9.70541573 0.41890585 -10.6384937
v 9.70541573 0.996378321 -10.8677047
v 9.64279823 1.04353471 -10.8677047
v 9.64279823 1.04353471 -10.6384937
v 9.70541573 0.996378321 -10.6384937
v 9.64279823 1.04353471 -10.8677047
v 9.64279823 1.30946581 -10.8677047
v 9.64279823 1.30946581 -10.6384937
v 9.64279823 1.04353471 -10.6384937
v 9.71778461 1.35237039 -10.6384937
v 9.64279823 1.30946581 -10.6384937
v 9.64279823 1.30946581 -10.8677047
v 9.71778461 1.35237039 -10.8677047
v 10.0679788 0.230666832 -10.6384937
v 10.0679788 -0.209974813 -10.6384937
v 9.63274851 -0.209974813 -10.6384937
v 9.63274851 0.230666832 -10.6384937
v 9.99531155 0.41890585 -10.6384937
v 9.70541573 0.41890585 -10.6384937
v 9.99531155 0.996378321 -10.6384937
v 9.70541573 0.996378321 -10.6384937
v 10.057929 1.04353471 -10.6384937
v 9.64279823 1.04353471 -10.6384937
v 10.057929 1.30946581 -10.6384937
v 9.64279823 1.30946581 -10.6384937
v 9.98294266 1.35237039 -10.6384937
v 9.71778461 1.35237039 -10.6384937
v 9.98294266 1.35237039 -10.8677047
v 9.98294266 1.35237039 -10.6384937
v 9.71778461 1.35237039 -10.6384937
v 9.71778461 1.35237039 -10.8677047
v 10.057929 1.30946581 -10.8677047
v 9.98294266 1.35237039 -10.8677047
v 9.71778461 1.35237039 -10.8677047
v 9.64279823 1.30946581 -10.8677047
v 10.057929 1.04353471 -10.8677047
v 9.64279823 1.04353471 -10.8677047
v 9.99531155 0.996378321 -10.8677047
v 9.70541573 0.996378321 -10.8677047
v 9.99531155 0.41890585 -10.8677047
v 9.70541573 0.41890585 -10.8677047
v 10.0679788 0.230666832 -10.8677047
v 9.63274851 0.230666832 -10.8677047
v 10.0679788 -0.209974813 -10.8677047
v 9.63274851 -0.209974813 -10.8677047
v 9.68647587 -0.161658843 -10.7532925
v 9.68647587 0.251539331 -7.17443196
v 9.68647587 -0.161658843 -7.17443196
v 9.68647587 0.251539331 -10.7532925
v 9.68647587 -0.161658843 -14.3364048
v 9.68647587 0.251539331 -14.3364048
v 9.9361728 1.30405442 -14.3364048
v 9.76455447 1.30405442 -10.7532925
v 9.76455447 1.30405442 -14.3364048
v 9.9361728 1.30405442 -10.7532925
v 9.9361728 1.30405442 -7.17443196
v 9.76455447 1.30405442 -7.17443196
v 10.0142514 -0.161658843 -14.3364048
v 10.0142514 0.251539331 -10.7532925
v 10.0142514 0.251539331 -14.3364048
v 10.0142514 -0.161658843 -10.7532925
v 10.0142514 -0.161658843 -7.17443196
v 10.0142514 0.251539331 -7.17443196
v 9.75605086 0.377933908 -14.3364048
v 9.68647587 0.251539331 -10.7532925
v 9.68647587 0.251539331 -14.3364048
v 9.75605086 0.377933908 -10.7532925
v 9.75605086 0.377933908 -7.17443196
v 9.68647587 0.251539331 -7.17443196
v 10.0142514 0.251539331 -14.3364048
v 9.94467641 0.377933908 -10.7532925
v 9.94467641 0.377933908 -14.3364048
v 10.0142514 0.251539331 -10.7532925
v 10.0142514 0.251539331 -7.17443196
v 9.94467641 0.377933908 -7.17443196
v 9.75605086 1.03155235 -14.3364048
v 9.75605086 0.377933908 -10.7532925
v 9.75605086 0.377933908 -14.3364048
v 9.75605086 1.03155235 -10.7532925
v 9.75605086 1.03155235 -7.17443196
v 9.75605086 0.377933908 -7.17443196
v 9.94467641 0.377933908 -14.3364048
v 9.94467641 1.03155235 -10.7532925
v 9.94467641 1.03155235 -14.3364048
v 9.94467641 0.377933908 -10.7532925
v 9.94467641 0.377933908 -7.17443196
v 9.94467641 1.03155235 -7.17443196
v 9.71314628 1.26385553 -14.3364048
v 9.71314628 1.07561651 -10.7532925
v 9.71314628 1.07561651 -14.3364048
v 9.71314628 1.26385553 -10.7532925
v 9.71314628 1.26385553 -7.17443196
v 9.71314628 1.07561651 -7.17443196
v 9.71314628 1.07561651 -14.3364048
v 9.75605086 1.03155235 -10.7532925
v 9.75605086 1.03155235 -14.3364048
v 9.71314628 1.07561651 -10.7532925
v 9.71314628 1.07561651 -7.17443196
v 9.75605086 1.03155235 -7.17443196
v 9.94467641 1.03155235 -14.3364048
v 9.98758099 1.07561651 -10.7532925
v 9.98758099 1.07561651 -14.3364048
v 9.94467641 1.03155235 -10.7532925
v 9.94467641 1.03155235 -7.17443196
v 9.98758099 1.07561651 -7.17443196
v 9.98758099 1.07561651 -14.3364048
v 9.98758099 1.26385553 -10.7532925
v 9.98758099 1.26385553 -14.3364048
v 9.98758099 1.07561651 -10.7532925
v 9.98758099 1.07561651 -7.17443196
v 9.98758099 1.26385553 -7.17443196
v 9.76455447 1.30405442 -14.3364048
v 9.71314628 1.26385553 -10.7532925
v 9.71314628 1.26385553 -14.3364048
v 9.76455447 1.30405442 -10.7532925
v 9.76455447 1.30405442 -7.17443196
v 9.71314628 1.26385553 -7.17443196
v 9.98758099 1.26385553 -14.3364048
v 9.9361728 1.30405442 -10.7532925
v 9.9361728 1.30405442 -14.3364048
v 9.98758099 1.26385553 -10.7532925
v 9.98758099 1.26385553 -7.17443196
v 9.9361728 1.30405442 -7.17443196
v 9.00386785 -0.00859385067 -7.17443196
v 9.00386785 -0.00859385067 -14.3364048
v 9.02628646 0.0625272569 -14.3364048
v 9.02628646 0.0625272569 -7.17443196
v 9.02628646 0.0625272569 -7.17443196
v 9.02628646 0.0625272569 -14.3364048
v 9.78194822 0.0625272569 -14.3364048
v 9.78194822 0.0625272569 -7.17443196
v 10.0679788 -0.209974813 -3.4807727
v 10.0679788 0.230666832 -3.4807727
v 10.0679788 0.230666832 -3.71037019
v 10.0679788 -0.209974813 -3.71037019
v 9.99531155 0.41890585 -3.4807727
v 9.99531155 0.41890585 -3.71037019
v 10.0679788 0.230666832 -3.71037019
v 10.0679788 0.230666832 -3.4807727
v 9.99531155 0.996378321 -3.4807727
v 9.99531155 0.996378321 -3.71037019
v 9.99531155 0.41890585 -3.71037019
v 9.99531155 0.41890585 -3.4807727
v 10.057929 1.04353471 -3.4807727
v 10.057929 1.04353471 -3.71037019
v 9.99531155 0.996378321 -3.71037019
v 9.99531155 0.996378321 -3.4807727
v 10.057929 1.30946581 -3.4807727
v 10.057929 1.30946581 -3.71037019
v 10.057929 1.04353471 -3.71037019
v 10.057929 1.04353471 -3.4807727
v 9.98294266 1.35237039 -3.71037019
v 10.057929 1.30946581 -3.71037019
v 10.057929 1.30946581 -3.4807727
v 9.98294266 1.35237039 -3.4807727
v 9.63274851 -0.209974813 -3.71037019
v 9.63274851 0.230666832 -3.71037019
v 9.63274851 0.230666832 -3.4807727
v 9.63274851 -0.209974813 -3.4807727
v 9.63274851 0.230666832 -3.71037019
v 9.70541573 0.41890585 -3.71037019
v 9.70541573 0.41890585 -3.4807727
v 9.63274851 0.230666832 -3.4807727
v 9.70541573 0.41890585 -3.71037019
v 9.70541573 0.996378321 -3.71037019
v 9.70541573 0.996378321 -3.4807727
v 9.70541573 0.41890585 -3.4807727
v 9.70541573 0.996378321 -3.71037019
v 9.64279823 1.04353471 -3.71037019
v 9.64279823 1.04353471 -3.4807727
v 9.70541573 0.996378321 -3.4807727
v 9.64279823 1.04353471 -3.71037019
v 9.64279823 1.30946581 -3.71037019
v 9.64279823 1.30946581 -3.4807727
v 9.64279823 1.04353471 -3.4807727
v 9.71778461 1.35237039 -3.4807727
v 9.64279823 1.30946581 -3.4807727
v 9.64279823 1.30946581 -3.71037019
v 9.71778461 1.35237039 -3.71037019
v 10.0679788 0.230666832 -3.4807727
v 10.0679788 -0.209974813 -3.4807727
v 9.63274851 -0.209974813 -3.4807727
v 9.63274851 0.230666832 -3.4807727
v 9.99531155 0.41890585 -3.4807727
v 9.70541573 0.41890585 -3.4807727
v 9.99531155 0.996378321 -3.4807727
v 9.70541573 0.996378321 -3.4807727
v 10.057929 1.04353471 -3.4807727
v 9.64279823 1.04353471 -3.4807727
v 10.057929 1.30946581 -3.4807727
v 9.64279823 1.30946581 -3.4807727
v 9.98294266 1.35237039 -3.4807727
v 9.71778461 1.35237039 -3.4807727
v 9.98294266 1.35237039 -3.71037019
v 9.98294266 1.35237039 -3.4807727
v 9.71778461 1.35237039 -3.4807727
v 9.71778461 1.35237039 -3.71037019
v 10.057929 1.30946581 -3.71037019
v 9.98294266 1.35237039 -3.71037019
v 9.71778461 1.35237039 -3.71037019
v 9.64279823 1.30946581 -3.71037019
v 10.057929 1.04353471 -3.71037019
v 9.64279823 1.04353471 -3.71037019
v 9.99531155 0.996378321 -3.71037019
v 9.70541573 0.996378321 -3.71037019
v 9.99531155 0.41890585 -3.71037019
v 9.70541573 0.41890585 -3.71037019
v 10.0679788 0.230666832 -3.71037019
v 9.63274851 0.230666832 -3.71037019
v 10.0679788 -0.209974813 -3.71037019
v 9.63274851 -0.209974813 -3.71037019
v 9.68647587 -0.161658843 -3.59557145
v 9.68647587 0.251539331 -9.02399861E-05
v 9.68647587 -0.161658843 -9.02399861E-05
v 9.68647587 0.251539331 -3.59557145
v 9.68647587 -0.161658843 -7.17443196
v 9.68647587 0.251539331 -7.17443196
v 9.9361728 1.30405442 -7.17443196
v 9.76455447 1.30405442 -3.59557145
v 9.76455447 1.30405442 -7.17443196
v 9.9361728 1.30405442 -3.59557145
v 9.9361728 1.30405442 -9.02399861E-05
v 9.76455447 1.30405442 -9.02399861E-05
v 10.0142514 -0.161658843 -7.17443196
v 10.0142514 0.251539331 -3.59557145
v 10.0142514 0.251539331 -7.17443196
v 10.0142514 -0.161658843 -3.59557145
v 10.0142514 -0.161658843 -9.02399861E-05
v 10.0142514 0.251539331 -9.02399861E-05
v 9.75605086 0.377933908 -7.17443196
v 9.68647587 0.251539331 -3.59557145
v 9.68647587 0.251539331 -7.17443196
v 9.75605086 0.377933908 -3.59557145
v 9.75605086 0.377933908 -9.02399861E-05
v 9.68647587 0.251539331 -9.02399861E-05
v 10.0142514 0.251539331 -7.17443196
v 9.94467641 0.377933908 -3.59557145
v 9.94467641 0.377933908 -7.17443196
v 10.0142514 0.251539331 -3.59557145
v 10.0142514 0.251539331 -9.02399861E-05
v 9.94467641 0.377933908 -9.02399861E-05
v 9.75605086 1.03155235 -7.17443196
v 9.75605086 0.377933908 -3.59557145
v 9.75605086 0.377933908 -7.17443196
v 9.75605086 1.03155235 -3.59557145
v 9.75605086 1.03155235 -9.02399861E-05
v 9.75605086 0.377933908 -9.02399861E-05
v 9.94467641 0.377933908 -7.17443196
v 9.94467641 1.03155235 -3.59557145
v 9.94467641 1.03155235 -7.17443196
v 9.94467641 0.377933908 -3.59557145
v 9.94467641 0.377933908 -9.02399861E-05
v 9.94467641 1.03155235 -9.02399861E-05
v 9.71314628 1.26385553 -7.17443196
v 9.71314628 1.07561651 -3.59557145
v 9.71314628 1.07561651 -7.17443196
v 9.71314628 1.26385553 -3.59557145
v 9.71314628 1.26385553 -9.02399861E-05
v 9.71314628 1.07561651 -9.02399861E-05
v 9.71314628 1.07561651 -7.17443196
v 9.75605086 1.03155235 -3.59557145
v 9.75605086 1.03155235 -7.17443196
v 9.71314628 1.07561651 -3.59557145
v 9.71314628 1.07561651 -9.02399861E-05
v 9.75605086 1.03155235 -9.02399861E-05
v 9.94467641 1.03155235 -7.17443196
v 9.98758099 1.07561651 -3.59557145
v 9.98758099 1.07561651 -7.17443196
v 9.94467641 1.03155235 -3.59557145
v 9.94467641 1.03155235 -9.02399861E-05
v 9.98758099 1.07561651 -9.02399861E-05
v 9.98758099 1.07561651 -7.17443196
v 9.98758099 1.26385553 -3.59557145
v 9.98758099 1.26385553 -7.17443196
v 9.98758099 1.07561651 -3.59557145
v 9.98758099 1.07561651 -9.02399861E-05
v 9.98758099 1.26385553 -9.02399861E-05
v 9.76455447 1.30405442 -7.17443196
v 9.71314628 1.26385553 -3.59557145
v 9.71314628 1.26385553 -7.17443196
v 9.76455447 1.30405442 -3.59557145
v 9.76455447 1.30405442 -9.02399861E-05
v 9.71314628 1.26385553 -9.02399861E-05
v 9.98758099 1.26385553 -7.17443196
v 9.9361728 1.30405442 -3.59557145
v 9.9361728 1.30405442 -7.17443196
v 9.98758099 1.26385553 -3.59557145
v 9.98758099 1.26385553 -9.02399861E-05
v 9.9361728 1.30405442 -9.02399861E-05
v 9.00386785 -0.00859385067 -9.02399861E-05
v 9.00386785 -0.00859385067 -7.17443196
v 9.02628646 0.0625272569 -7.17443196
v 9.02628646 0.0625272569 -9.02399861E-05
v 9.02628646 0.0625272569 -9.02399861E-05
v 9.02628646 0.0625272569 -7.17443196
v 9.78194822 0.0625272569 -7.17443196
v 9.78194822 0.0625272569 -9.02399861E-05
v -10.9946918 -0.209974813 -10.6384937
v -10.9946918 -0.209974813 -10.8677047
v -10.9946918 0.230666832 -10.8677047
v -10.9946918 0.230666832 -10.6384937
v -10.9220246 0.41890585 -10.6384937
v -10.9946918 0.230666832 -10.6384937
v -10.9946918 0.230666832 -10.8677047
v -10.9220246 0.41890585 -10.8677047
v -10.9220246 0.996378321 -10.6384937
v -10.9220246 0.41890585 -10.6384937
v -10.9220246 0.41890585 -10.8677047
v -10.9220246 0.996378321 -10.8677047
v -10.9846421 1.04353471 -10.6384937
v -10.9220246 0.996378321 -10.6384937
v -10.9220246 0.996378321 -10.8677047
v -10.9846421 1.04353471 -10.8677047
v -10.9846421 1.30946581 -10.6384937
v -10.9846421 1.04353471 -10.6384937
v -10.9846421 1.04353471 -10.8677047
v -10.9846421 1.30946581 -10.8677047
v -10.9096557 1.35237039 -10.8677047
v -10.9096557 1.35237039 -10.6384937
v -10.9846421 1.30946581 -10.6384937
v -10.9846421 1.30946581 -10.8677047
v -10.5594616 -0.209974813 -10.8677047
v -10.5594616 -0.209974813 -10.6384937
v -10.5594616 0.230666832 -10.6384937
v -10.5594616 0.230666832 -10.8677047
v -10.5594616 0.230666832 -10.8677047
v -10.5594616 0.230666832 -10.6384937
v -10.6321288 0.41890585 -10.6384937
v -10.6321288 0.41890585 -10.8677047
v -10.6321288 0.41890585 -10.8677047
v -10.6321288 0.41890585 -10.6384937
v -10.6321288 0.996378321 -10.6384937
v -10.6321288 0.996378321 -10.8677047
v -10.6321288 0.996378321 -10.8677047
v -10.6321288 0.996378321 -10.6384937
v -10.5695113 1.04353471 -10.6384937
v -10.5695113 1.04353471 -10.8677047
v -10.5695113 1.04353471 -10.8677047
v -10.5695113 1.04353471 -10.6384937
v -10.5695113 1.30946581 -10.6384937
v -10.5695113 1.30946581 -10.8677047
v -10.6444977 1.35237039 -10.6384937
v -10.6444977 1.35237039 -10.8677047
v -10.5695113 1.30946581 -10.8677047
v -10.5695113 1.30946581 -10.6384937
v -10.9946918 0.230666832 -10.6384937
v -10.5594616 -0.209974813 -10.6384937
v -10.9946918 -0.209974813 -10.6384937
v -10.5594616 0.230666832 -10.6384937
v -10.9220246 0.41890585 -10.6384937
v -10.6321288 0.41890585 -10.6384937
v -10.9220246 0.996378321 -10.6384937
v -10.6321288 0.996378321 -10.6384937
v -10.9846421 1.04353471 -10.6384937
v -10.5695113 1.04353471 -10.6384937
v -10.9846421 1.30946581 -10.6384937
v -10.5695113 1.30946581 -10.6384937
v -10.9096557 1.35237039 -10.6384937
v -10.6444977 1.35237039 -10.6384937
v -10.9096557 1.35237039 -10.8677047
v -10.6444977 1.35237039 -10.8677047
v -10.6444977 1.35237039 -10.6384937
v -10.9096557 1.35237039 -10.6384937
v -10.9846421 1.30946581 -10.8677047
v -10.6444977 1.35237039 -10.8677047
v -10.9096557 1.35237039 -10.8677047
v -10.5695113 1.30946581 -10.8677047
v -10.9846421 1.04353471 -10.8677047
v -10.5695113 1.04353471 -10.8677047
v -10.9220246 0.996378321 -10.8677047
v -10.6321288 0.996378321 -10.8677047
v -10.9220246 0.41890585 -10.8677047
v -10.6321288 0.41890585 -10.8677047
v -10.9946918 0.230666832 -10.8677047
v -10.5594616 0.230666832 -10.8677047
v -10.9946918 -0.209974813 -10.8677047
v -10.5594616 -0.209974813 -10.8677047
v -10.613189 -0.161658843 -10.7532925
v -10.613189 -0.161658843 -7.17443196
v -10.613189 0.251539331 -7.17443196
v -10.613189 0.251539331 -10.7532925
v -10.613189 -0.161658843 -14.3364048
v -10.613189 0.251539331 -14.3364048
v -10.8628859 1.30405442 -14.3364048
v -10.6912676 1.30405442 -14.3364048
v -10.6912676 1.30405442 -10.7532925
v -10.8628859 1.30405442 -10.7532925
v -10.8628859 1.30405442 -7.17443196
v -10.6912676 1.30405442 -7.17443196
v -10.9409645 -0.161658843 -14.3364048
v -10.9409645 0.251539331 -14.3364048
v -10.9409645 0.251539331 -10.7532925
v -10.9409645 -0.161658843 -10.7532925
v -10.9409645 -0.161658843 -7.17443196
v -10.9409645 0.251539331 -7.17443196
v -10.6827639 0.377933908 -14.3364048
v -10.613189 0.251539331 -14.3364048
v -10.613189 0.251539331 -10.7532925
v -10.6827639 0.377933908 -10.7532925
v -10.6827639 0.377933908 -7.17443196
v -10.613189 0.251539331 -7.17443196
v -10.9409645 0.251539331 -14.3364048
v -10.8713895 0.377933908 -14.3364048
v -10.8713895 0.377933908 -10.7532925
v -10.9409645 0.251539331 -10.7532925
v -10.9409645 0.251539331 -7.17443196
v -10.8713895 0.377933908 -7.17443196
v -10.6827639 1.03155235 -14.3364048
v -10.6827639 0.377933908 -14.3364048
v -10.6827639 0.377933908 -10.7532925
v -10.6827639 1.03155235 -10.7532925
v -10.6827639 1.03155235 -7.17443196
v -10.6827639 0.377933908 -7.17443196
v -10.8713895 0.377933908 -14.3364048
v -10.8713895 1.03155235 -14.3364048
v -10.8713895 1.03155235 -10.7532925
v -10.8713895 0.377933908 -10.7532925
v -10.8713895 0.377933908 -7.17443196
v -10.8713895 1.03155235 -7.17443196
v -10.6398594 1.26385553 -14.3364048
v -10.6398594 1.07561651 -14.3364048
v -10.6398594 1.07561651 -10.7532925
v -10.6398594 1.26385553 -10.7532925
v -10.6398594 1.26385553 -7.17443196
v -10.6398594 1.07561651 -7.17443196
v -10.6398594 1.07561651 -14.3364048
v -10.6827639 1.03155235 -14.3364048
v -10.6827639 1.03155235 -10.7532925
v -10.6398594 1.07561651 -10.7532925
v -10.6398594 1.07561651 -7.17443196
v -10.6827639 1.03155235 -7.17443196
v -10.8713895 1.03155235 -14.3364048
v -10.9142941 1.07561651 -14.3364048
v -10.9142941 1.07561651 -10.7532925
v -10.8713895 1.03155235 -10.7532925
v -10.8713895 1.03155235 -7.17443196
v -10.9142941 1.07561651 -7.17443196
v -10.9142941 1.07561651 -14.3364048
v -10.9142941 1.26385553 -14.3364048
v -10.9142941 1.26385553 -10.7532925
v -10.9142941 1.07561651 -10.7532925
v -10.9142941 1.07561651 -7.17443196
v -10.9142941 1.26385553 -7.17443196
v -10.6912676 1.30405442 -14.3364048
v -10.6398594 1.26385553 -14.3364048
v -10.6398594 1.26385553 -10.7532925
v -10.6912676 1.30405442 -10.7532925
v -10.6912676 1.30405442 -7.17443196
v -10.6398594 1.26385553 -7.17443196
v -10.9142941 1.26385553 -14.3364048
v -10.8628859 1.30405442 -14.3364048
v -10.8628859 1.30405442 -10.7532925
v -10.9142941 1.26385553 -10.7532925
v -10.9142941 1.26385553 -7.17443196
v -10.8628859 1.30405442 -7.17443196
v -9.93058093 -0.00859385067 -7.17443196
v -9.95299954 0.0625272569 -7.17443196
v -9.95299954 0.0625272569 -14.3364048
v -9.93058093 -0.00859385067 -14.3364048
v -9.95299954 0.0625272569 -7.17443196
v -10.7086613 0.0625272569 -7.17443196
v -10.7086613 0.0625272569 -14.3364048
v -9.95299954 0.0625272569 -14.3364048
v -10.9946918 -0.209974813 -3.4807727
v -10.9946918 -0.209974813 -3.71037019
v -10.9946918 0.230666832 -3.71037019
v -10.9946918 0.230666832 -3.4807727
v -10.9220246 0.41890585 -3.4807727
v -10.9946918 0.230666832 -3.4807727
v -10.9946918 0.230666832 -3.71037019
v -10.9220246 0.41890585 -3.71037019
v -10.9220246 0.996378321 -3.4807727
v -10.9220246 0.41890585 -3.4807727
v -10.9220246 0.41890585 -3.71037019
v -10.9220246 0.996378321 -3.71037019
v -10.9846421 1.04353471 -3.4807727
v -10.9220246 0.996378321 -3.4807727
v -10.9220246 0.996378321 -3.71037019
v -10.9846421 1.04353471 -3.71037019
v -10.9846421 1.30946581 -3.4807727
v -10.9846421 1.04353471 -3.4807727
v -10.9846421 1.04353471 -3.71037019
v -10.9846421 1.30946581 -3.71037019
v -10.9096557 1.35237039 -3.71037019
v -10.9096557 1.35237039 -3.4807727
v -10.9846421 1.30946581 -3.4807727
v -10.9846421 1.30946581 -3.71037019
v -10.5594616 -0.209974813 -3.71037019
v -10.5594616 -0.209974813 -3.4807727
v -10.5594616 0.230666832 -3.4807727
v -10.5594616 0.230666832 -3.71037019
v -10.5594616 0.230666832 -3.71037019
v -10.5594616 0.230666832 -3.4807727
v -10.6321288 0.41890585 -3.4807727
v -10.6321288 0.41890585 -3.71037019
v -10.6321288 0.41890585 -3.71037019
v -10.6321288 0.41890585 -3.4807727
v -10.6321288 0.996378321 -3.4807727
v -10.6321288 0.996378321 -3.71037019
v -10.6321288 0.996378321 -3.71037019
v -10.6321288 0.996378321 -3.4807727
v -10.5695113 1.04353471 -3.4807727
v -10.5695113 1.04353471 -3.71037019
v -10.5695113 1.04353471 -3.71037019
v -10.5695113 1.04353471 -3.4807727
v -10.5695113 1.30946581 -3.4807727
v -10.5695113 1.30946581 -3.71037019
v -10.6444977 1.35237039 -3.4807727
v -10.6444977 1.35237039 -3.71037019
v -10.5695113 1.30946581 -3.71037019
v -10.5695113 1.30946581 -3.4807727
v -10.9946918 0.230666832 -3.4807727
v -10.5594616 -0.209974813 -3.4807727
v -10.9946918 -0.209974813 -3.4807727
v -10.5594616 0.230666832 -3.4807727
v -10.9220246 0.41890585 -3.4807727
v -10.6321288 0.41890585 -3.4807727
v -10.9220246 0.996378321 -3.4807727
v -10.6321288 0.996378321 -3.4807727
v -10.9846421 1.04353471 -3.4807727
v -10.5695113 1.04353471 -3.4807727
v -10.9846421 1.30946581 -3.4807727
v -10.5695113 1.30946581 -3.4807727
v -10.9096557 1.35237039 -3.4807727
v -10.6444977 1.35237039 -3.4807727
v -10.9096557 1.35237039 -3.71037019
v -10.6444977 1.35237039 -3.71037019
v -10.6444977 1.35237039 -3.4807727
v -10.9096557 1.35237039 -3.4807727
v -10.9846421 1.30946581 -3.71037019
v -10.6444977 1.35237039 -3.71037019
v -10.9096557 1.35237039 -3.71037019
v -10.5695113 1.30946581 -3.71037019
v -10.9846421 1.04353471 -3.71037019
v -10.5695113 1.04353471 -3.71037019
v -10.9220246 0.996378321 -3.71037019
v -10.6321288 0.996378321 -3.71037019
v -10.9220246 0.41890585 -3.71037019
v -10.6321288 0.41890585 -3.71037019
v -10.9946918 0.230666832 -3.71037019
v -10.5594616 0.230666832 -3.71037019
v -10.9946918 -0.209974813 -3.71037019
v -10.5594616 -0.209974813 -3.71037019
v -10.613189 -0.161658843 -3.59557145
v -10.613189 -0.161658843 -9.02399861E-05
v -10.613189 0.251539331 -9.02399861E-05
v -10.613189 0.251539331 -3.59557145
v -10.613189 -0.161658843 -7.17443196
v -10.613189 0.251539331 -7.17443196
v -10.8628859 1.30405442 -7.17443196
v -10.6912676 1.30405442 -7.17443196
v -10.6912676 1.30405442 -3.59557145
v -10.8628859 1.30405442 -3.59557145
v -10.8628859 1.30405442 -9.02399861E-05
v -10.6912676 1.30405442 -9.02399861E-05
v -10.9409645 -0.161658843 -7.17443196
v -10.9409645 0.251539331 -7.17443196
v -10.9409645 0.251539331 -3.59557145
v -10.9409645 -0.161658843 -3.59557145
v -10.9409645 -0.161658843 -9.02399861E-05
v -10.9409645 0.251539331 -9.02399861E-05
v -10.6827639 0.377933908 -7.17443196
v -10.613189 0.251539331 -7.17443196
v -10.613189 0.251539331 -3.59557145
v -10.6827639 0.377933908 -3.59557145
v -10.6827639 0.377933908 -9.02399861E-05
v -10.613189 0.251539331 -9.02399861E-05
v -10.9409645 0.251539331 -7.17443196
v -10.8713895 0.377933908 -7.17443196
v -10.8713895 0.377933908 -3.59557145
v -10.9409645 0.251539331 -3.59557145
v -10.9409645 0.251539331 -9.02399861E-05
v -10.8713895 0.377933908 -9.02399861E-05
v -10.6827639 1.03155235 -7.17443196
v -10.6827639 0.377933908 -7.17443196
v -10.6827639 0.377933908 -3.59557145
v -10.6827639 1.03155235 -3.59557145
v -10.6827639 1.03155235 -9.02399861E-05
v -10.6827639 0.377933908 -9.02399861E-05
v -10.8713895 0.377933908 -7.17443196
v -10.8713895 1.03155235 -7.17443196
v -10.8713895 1.03155235 -3.59557145
v -10.8713895 0.377933908 -3.59557145
v -10.8713895 0.377933908 -9.02399861E-05
v -10.8713895 1.03155235 -9.02399861E-05
v -10.6398594 1.26385553 -7.17443196
v -10.6398594 1.07561651 -7.17443196
v -10.6398594 1.07561651 -3.59557145
v -10.6398594 1.26385553 -3.59557145
v -10.6398594 1.26385553 -9.02399861E-05
v -10.6398594 1.07561651 -9.02399861E-05
v -10.6398594 1.07561651 -7.17443196
v -10.6827639 1.03155235 -7.17443196
v -10.6827639 1.03155235 -3.59557145
v -10.6398594 1.07561651 -3.59557145
v -10.6398594 1.07561651 -9.02399861E-05
v -10.6827639 1.03155235 -9.02399861E-05
v -10.8713895 1.03155235 -7.17443196
v -10.9142941 1.07561651 -7.17443196
v -10.9142941 1.07561651 -3.59557145
v -10.8713895 1.03155235 -3.59557145
v -10.8713895 1.03155235 -9.02399861E-05
v -10.9142941 1.07561651 -9.02399861E-05
v -10.9142941 1.07561651 -7.17443196
v -10.9142941 1.26385553 -7.17443196
v -10.9142941 1.26385553 -3.59557145
v -10.9142941 1.07561651 -3.59557145
v -10.9142941 1.07561651 -9.02399861E-05
v -10.9142941 1.26385553 -9.02399861E-05
v -10.6912676 1.30405442 -7.17443196
v -10.6398594 1.26385553 -7.17443196
v -10.6398594 1.26385553 -3.59557145
v -10.6912676 1.30405442 -3.59557145
v -10.6912676 1.30405442 -9.02399861E-05
v -10.6398594 1.26385553 -9.02399861E-05
v -10.9142941 1.26385553 -7.17443196
v -10.8628859 1.30405442 -7.17443196
v -10.8628859 1.30405442 -3.59557145
v -10.9142941 1.26385553 -3.59557145
v -10.9142941 1.26385553 -9.02399861E-05
v -10.8628859 1.30405442 -9.02399861E-05
v -9.93058093 -0.00859385067 -9.02399861E-05
v -9.95299954 0.0625272569 -9.02399861E-05
v -9.95299954 0.0625272569 -7.17443196
v -9.93058093 -0.00859385067 -7.17443196
v -9.95299954 0.0625272569 -9.02399861E-05
v -10.7086613 0.0625272569 -9.02399861E-05
v -10.7086613 0.0625272569 -7.17443196
v -9.95299954 0.0625272569 -7.17443196
v 2.39153748 -0.209974813 -10.6384937
v 2.39153748 -0.209974813 -10.8677047
v 2.39153748 0.230666832 -10.8677047
v 2.39153748 0.230666832 -10.6384937
v 2.4642047 0.41890585 -10.6384937
v 2.39153748 0.230666832 -10.6384937
v 2.39153748 0.230666832 -10.8677047
v 2.4642047 0.41890585 -10.8677047
v 2.4642047 0.996378321 -10.6384937
v 2.4642047 0.41890585 -10.6384937
v 2.4642047 0.41890585 -10.8677047
v 2.4642047 0.996378321 -10.8677047
v 2.40120068 1.04353471 -10.6384937
v 2.4642047 0.996378321 -10.6384937
v 2.4642047 0.996378321 -10.8677047
v 2.40120068 1.04353471 -10.8677047
v 2.40120068 1.30946581 -10.6384937
v 2.40120068 1.04353471 -10.6384937
v 2.40120068 1.04353471 -10.8677047
v 2.40120068 1.30946581 -10.8677047
v 2.47618706 1.35237039 -10.8677047
v 2.47618706 1.35237039 -10.6384937
v 2.40120068 1.30946581 -10.6384937
v 2.40120068 1.30946581 -10.8677047
v 2.82676774 -0.209974813 -10.8677047
v 2.82676774 -0.209974813 -10.6384937
v 2.82676774 0.230666832 -10.6384937
v 2.82676774 0.230666832 -10.8677047
v 2.82676774 0.230666832 -10.8677047
v 2.82676774 0.230666832 -10.6384937
v 2.75371399 0.41890585 -10.6384937
v 2.75371399 0.41890585 -10.8677047
v 2.75371399 0.41890585 -10.8677047
v 2.75371399 0.41890585 -10.6384937
v 2.75371399 0.996378321 -10.6384937
v 2.75371399 0.996378321 -10.8677047
v 2.75371399 0.996378321 -10.8677047
v 2.75371399 0.996378321 -10.6384937
v 2.81671802 1.04353471 -10.6384937
v 2.81671802 1.04353471 -10.8677047
v 2.81671802 1.04353471 -10.8677047
v 2.81671802 1.04353471 -10.6384937
v 2.81671802 1.30946581 -10.6384937
v 2.81671802 1.30946581 -10.8677047
v 2.74173163 1.35237039 -10.6384937
v 2.74173163 1.35237039 -10.8677047
v 2.81671802 1.30946581 -10.8677047
v 2.81671802 1.30946581 -10.6384937
v 2.39153748 0.230666832 -10.6384937
v 2.82676774 -0.209974813 -10.6384937
v 2.39153748 -0.209974813 -10.6384937
v 2.82676774 0.230666832 -10.6384937
v 2.4642047 0.41890585 -10.6384937
v 2.75371399 0.41890585 -10.6384937
v 2.4642047 0.996378321 -10.6384937
v 2.75371399 0.996378321 -10.6384937
v 2.40120068 1.04353471 -10.6384937
v 2.81671802 1.04353471 -10.6384937
v 2.40120068 1.30946581 -10.6384937
v 2.81671802 1.30946581 -10.6384937
v 2.47618706 1.35237039 -10.6384937
v 2.74173163 1.35237039 -10.6384937
v 2.47618706 1.35237039 -10.8677047
v 2.74173163 1.35237039 -10.8677047
v 2.74173163 1.35237039 -10.6384937
v 2.47618706 1.35237039 -10.6384937
v 2.40120068 1.30946581 -10.8677047
v 2.74173163 1.35237039 -10.8677047
v 2.47618706 1.35237039 -10.8677047
v 2.81671802 1.30946581 -10.8677047
v 2.40120068 1.04353471 -10.8677047
v 2.81671802 1.04353471 -10.8677047
v 2.4642047 0.996378321 -10.8677047
v 2.75371399 0.996378321 -10.8677047
v 2.4642047 0.41890585 -10.8677047
v 2.75371399 0.41890585 -10.8677047
v 2.39153748 0.230666832 -10.8677047
v 2.82676774 0.230666832 -10.8677047
v 2.39153748 -0.209974813 -10.8677047
v 2.82676774 -0.209974813 -10.8677047
v 2.77304038 -0.161658843 -10.7532925
v 2.77304038 -0.161658843 -7.17443196
v 2.77304038 0.251539331 -7.17443196
v 2.77304038 0.251539331 -10.7532925
v 2.77304038 -0.161658843 -14.3364048
v 2.77304038 0.251539331 -14.3364048
v 2.52295692 1.30405442 -14.3364048
v 2.69496177 1.30405442 -14.3364048
v 2.69496177 1.30405442 -10.7532925
v 2.52295692 1.30405442 -10.7532925
v 2.52295692 1.30405442 -7.17443196
v 2.69496177 1.30405442 -7.17443196
v 2.44487831 -0.161658843 -14.3364048
v 2.44487831 0.251539331 -14.3364048
v 2.44487831 0.251539331 -10.7532925
v 2.44487831 -0.161658843 -10.7532925
v 2.44487831 -0.161658843 -7.17443196
v 2.44487831 0.251539331 -7.17443196
v 2.70307885 0.377933908 -14.3364048
v 2.77304038 0.251539331 -14.3364048
v 2.77304038 0.251539331 -10.7532925
v 2.70307885 0.377933908 -10.7532925
v 2.70307885 0.377933908 -7.17443196
v 2.77304038 0.251539331 -7.17443196
v 2.44487831 0.251539331 -14.3364048
v 2.51483984 0.377933908 -14.3364048
v 2.51483984 0.377933908 -10.7532925
v 2.44487831 0.251539331 -10.7532925
v 2.44487831 0.251539331 -7.17443196
v 2.51483984 0.377933908 -7.17443196
v 2.70307885 1.03155235 -14.3364048
v 2.70307885 0.377933908 -14.3364048
v 2.70307885 0.377933908 -10.7532925
v 2.70307885 1.03155235 -10.7532925
v 2.70307885 1.03155235 -7.17443196
v 2.70307885 0.377933908 -7.17443196
v 2.51483984 0.377933908 -14.3364048
v 2.51483984 1.03155235 -14.3364048
v 2.51483984 1.03155235 -10.7532925
v 2.51483984 0.377933908 -10.7532925
v 2.51483984 0.377933908 -7.17443196
v 2.51483984 1.03155235 -7.17443196
v 2.74636996 1.26385553 -14.3364048
v 2.74636996 1.07561651 -14.3364048
v 2.74636996 1.07561651 -10.7532925
v 2.74636996 1.26385553 -10.7532925
v 2.74636996 1.26385553 -7.17443196
v 2.74636996 1.07561651 -7.17443196
v 2.74636996 1.07561651 -14.3364048
v 2.70307885 1.03155235 -14.3364048
v 2.70307885 1.03155235 -10.7532925
v 2.74636996 1.07561651 -10.7532925
v 2.74636996 1.07561651 -7.17443196
v 2.70307885 1.03155235 -7.17443196
v 2.51483984 1.03155235 -14.3364048
v 2.47154873 1.07561651 -14.3364048
v 2.47154873 1.07561651 -10.7532925
v 2.51483984 1.03155235 -10.7532925
v 2.51483984 1.03155235 -7.17443196
v 2.47154873 1.07561651 -7.17443196
v 2.47154873 1.07561651 -14.3364048
v 2.47154873 1.26385553 -14.3364048
v 2.47154873 1.26385553 -10.7532925
v 2.47154873 1.07561651 -10.7532925
v 2.47154873 1.07561651 -7.17443196
v 2.47154873 1.26385553 -7.17443196
v 2.69496177 1.30405442 -14.3364048
v 2.74636996 1.26385553 -14.3364048
v 2.74636996 1.26385553 -10.7532925
v 2.69496177 1.30405442 -10.7532925
v 2.69496177 1.30405442 -7.17443196
v 2.74636996 1.26385553 -7.17443196
v 2.47154873 1.26385553 -14.3364048
v 2.52295692 1.30405442 -14.3364048
v 2.52295692 1.30405442 -10.7532925
v 2.47154873 1.26385553 -10.7532925
v 2.47154873 1.26385553 -7.17443196
v 2.52295692 1.30405442 -7.17443196
v 3.4556484 -0.00859385067 -7.17443196
v 3.43322979 0.0625272569 -7.17443196
v 3.43322979 0.0625272569 -14.3364048
v 3.4556484 -0.00859385067 -14.3364048
v 3.43322979 0.0625272569 -7.17443196
v 2.67756802 0.0625272569 -7.17443196
v 2.67756802 0.0625272569 -14.3364048
v 3.43322979 0.0625272569 -14.3364048
v 2.39153748 -0.209974813 -3.4807727
v 2.39153748 -0.209974813 -3.71037019
v 2.39153748 0.230666832 -3.71037019
v 2.39153748 0.230666832 -3.4807727
v 2.4642047 0.41890585 -3.4807727
v 2.39153748 0.230666832 -3.4807727
v 2.39153748 0.230666832 -3.71037019
v 2.4642047 0.41890585 -3.71037019
v 2.4642047 0.996378321 -3.4807727
v 2.4642047 0.41890585 -3.4807727
v 2.4642047 0.41890585 -3.71037019
v 2.4642047 0.996378321 -3.71037019
v 2.40120068 1.04353471 -3.4807727
v 2.4642047 0.996378321 -3.4807727
v 2.4642047 0.996378321 -3.71037019
v 2.40120068 1.04353471 -3.71037019
v 2.40120068 1.30946581 -3.4807727
v 2.40120068 1.04353471 -3.4807727
v 2.40120068 1.04353471 -3.71037019
v 2.40120068 1.30946581 -3.71037019
v 2.47618706 1.35237039 -3.71037019
v 2.47618706 1.35237039 -3.4807727
v 2.40120068 1.30946581 -3.4807727
v 2.40120068 1.30946581 -3.71037019
v 2.82676774 -0.209974813 -3.71037019
v 2.82676774 -0.209974813 -3.4807727
v 2.82676774 0.230666832 -3.4807727
v 2.82676774 0.230666832 -3.71037019
v 2.82676774 0.230666832 -3.71037019
v 2.82676774 0.230666832 -3.4807727
v 2.75371399 0.41890585 -3.4807727
v 2.75371399 0.41890585 -3.71037019
v 2.75371399 0.41890585 -3.71037019
v 2.75371399 0.41890585 -3.4807727
v 2.75371399 0.996378321 -3.4807727
v 2.75371399 0.996378321 -3.71037019
v 2.75371399 0.996378321 -3.71037019
v 2.75371399 0.996378321 -3.4807727
v 2.81671802 1.04353471 -3.4807727
v 2.81671802 1.04353471 -3.71037019
v 2.81671802 1.04353471 -3.71037019
v 2.81671802 1.04353471 -3.4807727
v 2.81671802 1.30946581 -3.4807727
v 2.81671802 1.30946581 -3.71037019
v 2.74173163 1.35237039 -3.4807727
v 2.74173163 1.35237039 -3.71037019
v 2.81671802 1.30946581 -3.71037019
v 2.81671802 1.30946581 -3.4807727
v 2.39153748 0.230666832 -3.4807727
v 2.82676774 -0.209974813 -3.4807727
v 2.39153748 -0.209974813 -3.4807727
v 2.82676774 0.230666832 -3.4807727
v 2.4642047 0.41890585 -3.4807727
v 2.75371399 0.41890585 -3.4807727
v 2.4642047 0.996378321 -3.4807727
v 2.75371399 0.996378321 -3.4807727
v 2.40120068 1.04353471 -3.4807727
v 2.81671802 1.04353471 -3.4807727
v 2.40120068 1.30946581 -3.4807727
v 2.81671802 1.30946581 -3.4807727
v 2.47618706 1.35237039 -3.4807727
v 2.74173163 1.35237039 -3.4807727
v 2.47618706 1.35237039 -3.71037019
v 2.74173163 1.35237039 -3.71037019
v 2.74173163 1.35237039 -3.4807727
v 2.47618706 1.35237039 -3.4807727
v 2.40120068 1.30946581 -3.71037019
v 2.74173163 1.35237039 -3.71037019
v 2.47618706 1.35237039 -3.71037019
v 2.81671802 1.30946581 -3.71037019
v 2.40120068 1.04353471 -3.71037019
v 2.81671802 1.04353471 -3.71037019
v 2.4642047 0.996378321 -3.71037019
v 2.75371399 0.996378321 -3.71037019
v 2.4642047 0.41890585 -3.71037019
v 2.75371399 0.41890585 -3.71037019
v 2.39153748 0.230666832 -3.71037019
v 2.82676774 0.230666832 -3.71037019
v 2.39153748 -0.209974813 -3.71037019
v 2.82676774 -0.209974813 -3.71037019
v 2.77304038 -0.161658843 -3.59557145
v 2.77304038 -0.161658843 -9.02399861E-05
v 2.77304038 0.251539331 -9.02399861E-05
v 2.77304038 0.251539331 -3.59557145
v 2.77304038 -0.161658843 -7.17443196
v 2.77304038 0.251539331 -7.17443196
v 2.52295692 1.30405442 -7.17443196
v 2.69496177 1.30405442 -7.17443196
v 2.69496177 1.30405442 -3.59557145
v 2.52295692 1.30405442 -3.59557145
v 2.52295692 1.30405442 -9.02399861E-05
v 2.69496177 1.30405442 -9.02399861E-05
v 2.44487831 -0.161658843 -7.17443196
v 2.44487831 0.251539331 -7.17443196
v 2.44487831 0.251539331 -3.59557145
v 2.44487831 -0.161658843 -3.59557145
v 2.44487831 -0.161658843 -9.02399861E-05
v 2.44487831 0.251539331 -9.02399861E-05
v 2.70307885 0.377933908 -7.17443196
v 2.77304038 0.251539331 -7.17443196
v 2.77304038 0.251539331 -3.59557145
v 2.70346538 0.377933908 -3.59557145
v 2.70307885 0.377933908 -9.02399861E-05
v 2.77304038 0.251539331 -9.02399861E-05
v 2.44487831 0.251539331 -7.17443196
v 2.51483984 0.377933908 -7.17443196
v 2.51483984 0.377933908 -3.59557145
v 2.44487831 0.251539331 -3.59557145
v 2.44487831 0.251539331 -9.02399861E-05
v 2.51483984 0.377933908 -9.02399861E-05
v 2.70307885 1.03155235 -7.17443196
v 2.70307885 0.377933908 -7.17443196
v 2.70346538 0.377933908 -3.59557145
v 2.70346538 1.03155235 -3.59557145
v 2.70307885 1.03155235 -9.02399861E-05
v 2.70307885 0.377933908 -9.02399861E-05
v 2.51483984 0.377933908 -7.17443196
v 2.51483984 1.03155235 -7.17443196
v 2.51483984 1.03155235 -3.59557145
v 2.51483984 0.377933908 -3.59557145
v 2.51483984 0.377933908 -9.02399861E-05
v 2.51483984 1.03155235 -9.02399861E-05
v 2.74636996 1.26385553 -7.17443196
v 2.74636996 1.07561651 -7.17443196
v 2.74636996 1.07561651 -3.59557145
v 2.74636996 1.26385553 -3.59557145
v 2.74636996 1.26385553 -9.02399861E-05
v 2.74636996 1.07561651 -9.02399861E-05
v 2.74636996 1.07561651 -7.17443196
v 2.70307885 1.03155235 -7.17443196
v 2.70346538 1.03155235 -3.59557145
v 2.74636996 1.07561651 -3.59557145
v 2.74636996 1.07561651 -9.02399861E-05
v 2.70307885 1.03155235 -9.02399861E-05
v 2.51483984 1.03155235 -7.17443196
v 2.47154873 1.07561651 -7.17443196
v 2.47154873 1.07561651 -3.59557145
v 2.51483984 1.03155235 -3.59557145
v 2.51483984 1.03155235 -9.02399861E-05
v 2.47154873 1.07561651 -9.02399861E-05
v 2.47154873 1.07561651 -7.17443196
v 2.47154873 1.26385553 -7.17443196
v 2.47154873 1.26385553 -3.59557145
v 2.47154873 1.07561651 -3.59557145
v 2.47154873 1.07561651 -9.02399861E-05
v 2.47154873 1.26385553 -9.02399861E-05
v 2.69496177 1.30405442 -7.17443196
v 2.74636996 1.26385553 -7.17443196
v 2.74636996 1.26385553 -3.59557145
v 2.69496177 1.30405442 -3.59557145
v 2.69496177 1.30405442 -9.02399861E-05
v 2.74636996 1.26385553 -9.02399861E-05
v 2.47154873 1.26385553 -7.17443196
v 2.52295692 1.30405442 -7.17443196
v 2.52295692 1.30405442 -3.59557145
v 2.47154873 1.26385553 -3.59557145
v 2.47154873 1.26385553 -9.02399861E-05
v 2.52295692 1.30405442 -9.02399861E-05
v 3.4556484 -0.00859385067 -9.02399861E-05
v 3.43322979 0.0625272569 -9.02399861E-05
v 3.43322979 0.0625272569 -7.17443196
v 3.4556484 -0.00859385067 -7.17443196
v 3.43322979 0.0625272569 -9.02399861E-05
v 2.67756802 0.0625272569 -9.02399861E-05
v 2.67756802 0.0625272569 -7.17443196
v 3.43322979 0.0625272569 -7.17443196
v 1.20876254 -0.209974813 -10.6384937
v 1.20876254 0.230666832 -10.6384937
v 1.20876254 0.230666832 -10.8677047
v 1.20876254 -0.209974813 -10.8677047
v 1.13609532 0.41890585 -10.6384937
v 1.13609532 0.41890585 -10.8677047
v 1.20876254 0.230666832 -10.8677047
v 1.20876254 0.230666832 -10.6384937
v 1.13609532 0.996378321 -10.6384937
v 1.13609532 0.996378321 -10.8677047
v 1.13609532 0.41890585 -10.8677047
v 1.13609532 0.41890585 -10.6384937
v 1.19871282 1.04353471 -10.6384937
v 1.19871282 1.04353471 -10.8677047
v 1.13609532 0.996378321 -10.8677047
v 1.13609532 0.996378321 -10.6384937
v 1.19871282 1.30946581 -10.6384937
v 1.19871282 1.30946581 -10.8677047
v 1.19871282 1.04353471 -10.8677047
v 1.19871282 1.04353471 -10.6384937
v 1.12372643 1.35237039 -10.8677047
v 1.19871282 1.30946581 -10.8677047
v 1.19871282 1.30946581 -10.6384937
v 1.12372643 1.35237039 -10.6384937
v 0.773532285 -0.209974813 -10.8677047
v 0.773532285 0.230666832 -10.8677047
v 0.773532285 0.230666832 -10.6384937
v 0.773532285 -0.209974813 -10.6384937
v 0.773532285 0.230666832 -10.8677047
v 0.846199503 0.41890585 -10.8677047
v 0.846199503 0.41890585 -10.6384937
v 0.773532285 0.230666832 -10.6384937
v 0.846199503 0.41890585 -10.8677047
v 0.846199503 0.996378321 -10.8677047
v 0.846199503 0.996378321 -10.6384937
v 0.846199503 0.41890585 -10.6384937
v 0.846199503 0.996378321 -10.8677047
v 0.783582006 1.04353471 -10.8677047
v 0.783582006 1.04353471 -10.6384937
v 0.846199503 0.996378321 -10.6384937
v 0.783582006 1.04353471 -10.8677047
v 0.783582006 1.30946581 -10.8677047
v 0.783582006 1.30946581 -10.6384937
v 0.783582006 1.04353471 -10.6384937
v 0.858568391 1.35237039 -10.6384937
v 0.783582006 1.30946581 -10.6384937
v 0.783582006 1.30946581 -10.8677047
v 0.858568391 1.35237039 -10.8677047
v 1.20876254 0.230666832 -10.6384937
v 1.20876254 -0.209974813 -10.6384937
v 0.773532285 -0.209974813 -10.6384937
v 0.773532285 0.230666832 -10.6384937
v 1.13609532 0.41890585 -10.6384937
v 0.846199503 0.41890585 -10.6384937
v 1.13609532 0.996378321 -10.6384937
v 0.846199503 0.996378321 -10.6384937
v 1.19871282 1.04353471 -10.6384937
v 0.783582006 1.04353471 -10.6384937
v 1.19871282 1.30946581 -10.6384937
v 0.783582006 1.30946581 -10.6384937
v 1.12372643 1.35237039 -10.6384937
v 0.858568391 1.35237039 -10.6384937
v 1.12372643 1.35237039 -10.8677047
v 1.12372643 1.35237039 -10.6384937
v 0.858568391 1.35237039 -10.6384937
v 0.858568391 1.35237039 -10.8677047
v 1.19871282 1.30946581 -10.8677047
v 1.12372643 1.35237039 -10.8677047
v 0.858568391 1.35237039 -10.8677047
v 0.783582006 1.30946581 -10.8677047
v 1.19871282 1.04353471 -10.8677047
v 0.783582006 1.04353471 -10.8677047
v 1.13609532 0.996378321 -10.8677047
v 0.846199503 0.996378321 -10.8677047
v 1.13609532 0.41890585 -10.8677047
v 0.846199503 0.41890585 -10.8677047
v 1.20876254 0.230666832 -10.8677047
v 0.773532285 0.230666832 -10.8677047
v 1.20876254 -0.209974813 -10.8677047
v 0.773532285 -0.209974813 -10.8677047
v 0.827259643 -0.161658843 -10.7532925
v 0.827259643 0.251539331 -7.17443196
v 0.827259643 -0.161658843 -7.17443196
v 0.827259643 0.251539331 -10.7532925
v 0.827259643 -0.161658843 -14.3364048
v 0.827259643 0.251539331 -14.3364048
v 1.07695657 1.30405442 -14.3364048
v 0.90533825 1.30405442 -10.7532925
v 0.90533825 1.30405442 -14.3364048
v 1.07695657 1.30405442 -10.7532925
v 1.07695657 1.30405442 -7.17443196
v 0.90533825 1.30405442 -7.17443196
v 1.15503518 -0.161658843 -14.3364048
v 1.15503518 0.251539331 -10.7532925
v 1.15503518 0.251539331 -14.3364048
v 1.15503518 -0.161658843 -10.7532925
v 1.15503518 -0.161658843 -7.17443196
v 1.15503518 0.251539331 -7.17443196
v 0.89683464 0.377933908 -14.3364048
v 0.827259643 0.251539331 -10.7532925
v 0.827259643 0.251539331 -14.3364048
v 0.89683464 0.377933908 -10.7532925
v 0.89683464 0.377933908 -7.17443196
v 0.827259643 0.251539331 -7.17443196
v 1.15503518 0.251539331 -14.3364048
v 1.08546019 0.377933908 -10.7532925
v 1.08546019 0.377933908 -14.3364048
v 1.15503518 0.251539331 -10.7532925
v 1.15503518 0.251539331 -7.17443196
v 1.08546019 0.377933908 -7.17443196
v 0.89683464 1.03155235 -14.3364048
v 0.89683464 0.377933908 -10.7532925
v 0.89683464 0.377933908 -14.3364048
v 0.89683464 1.03155235 -10.7532925
v 0.89683464 1.03155235 -7.17443196
v 0.89683464 0.377933908 -7.17443196
v 1.08546019 0.377933908 -14.3364048
v 1.08546019 1.03155235 -10.7532925
v 1.08546019 1.03155235 -14.3364048
v 1.08546019 0.377933908 -10.7532925
v 1.08546019 0.377933908 -7.17443196
v 1.08546019 1.03155235 -7.17443196
v 0.853930058 1.26385553 -14.3364048
v 0.853930058 1.07561651 -10.7532925
v 0.853930058 1.07561651 -14.3364048
v 0.853930058 1.26385553 -10.7532925
v 0.853930058 1.26385553 -7.17443196
v 0.853930058 1.07561651 -7.17443196
v 0.853930058 1.07561651 -14.3364048
v 0.89683464 1.03155235 -10.7532925
v 0.89683464 1.03155235 -14.3364048
v 0.853930058 1.07561651 -10.7532925
v 0.853930058 1.07561651 -7.17443196
v 0.89683464 1.03155235 -7.17443196
v 1.08546019 1.03155235 -14.3364048
v 1.12836477 1.07561651 -10.7532925
v 1.12836477 1.07561651 -14.3364048
v 1.08546019 1.03155235 -10.7532925
v 1.08546019 1.03155235 -7.17443196
v 1.12836477 1.07561651 -7.17443196
v 1.12836477 1.07561651 -14.3364048
v 1.12836477 1.26385553 -10.7532925
v 1.12836477 1.26385553 -14.3364048
v 1.12836477 1.07561651 -10.7532925
v 1.12836477 1.07561651 -7.17443196
v 1.12836477 1.26385553 -7.17443196
v 0.90533825 1.30405442 -14.3364048
v 0.853930058 1.26385553 -10.7532925
v 0.853930058 1.26385553 -14.3364048
v 0.90533825 1.30405442 -10.7532925
v 0.90533825 1.30405442 -7.17443196
v 0.853930058 1.26385553 -7.17443196
v 1.12836477 1.26385553 -14.3364048
v 1.07695657 1.30405442 -10.7532925
v 1.07695657 1.30405442 -14.3364048
v 1.12836477 1.26385553 -10.7532925
v 1.12836477 1.26385553 -7.17443196
v 1.07695657 1.30405442 -7.17443196
v 0.144651622 -0.00859385067 -7.17443196
v 0.144651622 -0.00859385067 -14.3364048
v 0.167070232 0.0625272569 -14.3364048
v 0.167070232 0.0625272569 -7.17443196
v 0.167070232 0.0625272569 -7.17443196
v 0.167070232 0.0625272569 -14.3364048
v 0.922731999 0.0625272569 -14.3364048
v 0.922731999 0.0625272569 -7.17443196
v 1.20876254 -0.209974813 -3.4807727
v 1.20876254 0.230666832 -3.4807727
v 1.20876254 0.230666832 -3.71037019
v 1.20876254 -0.209974813 -3.71037019
v 1.13609532 0.41890585 -3.4807727
v 1.13609532 0.41890585 -3.71037019
v 1.20876254 0.230666832 -3.71037019
v 1.20876254 0.230666832 -3.4807727
v 1.13609532 0.996378321 -3.4807727
v 1.13609532 0.996378321 -3.71037019
v 1.13609532 0.41890585 -3.71037019
v 1.13609532 0.41890585 -3.4807727
v 1.19871282 1.04353471 -3.4807727
v 1.19871282 1.04353471 -3.71037019
v 1.13609532 0.996378321 -3.71037019
v 1.13609532 0.996378321 -3.4807727
v 1.19871282 1.30946581 -3.4807727
v 1.19871282 1.30946581 -3.71037019
v 1.19871282 1.04353471 -3.71037019
v 1.19871282 1.04353471 -3.4807727
v 1.12372643 1.35237039 -3.71037019
v 1.19871282 1.30946581 -3.71037019
v 1.19871282 1.30946581 -3.4807727
v 1.12372643 1.35237039 -3.4807727
v 0.773532285 -0.209974813 -3.71037019
v 0.773532285 0.230666832 -3.71037019
v 0.773532285 0.230666832 -3.4807727
v 0.773532285 -0.209974813 -3.4807727
v 0.773532285 0.230666832 -3.71037019
v 0.846199503 0.41890585 -3.71037019
v 0.846199503 0.41890585 -3.4807727
v 0.773532285 0.230666832 -3.4807727
v 0.846199503 0.41890585 -3.71037019
v 0.846199503 0.996378321 -3.71037019
v 0.846199503 0.996378321 -3.4807727
v 0.846199503 0.41890585 -3.4807727
v 0.846199503 0.996378321 -3.71037019
v 0.783582006 1.04353471 -3.71037019
v 0.783582006 1.04353471 -3.4807727
v 0.846199503 0.996378321 -3.4807727
v 0.783582006 1.04353471 -3.71037019
v 0.783582006 1.30946581 -3.71037019
v 0.783582006 1.30946581 -3.4807727
v 0.783582006 1.04353471 -3.4807727
v 0.858568391 1.35237039 -3.4807727
v 0.783582006 1.30946581 -3.4807727
v 0.783582006 1.30946581 -3.71037019
v 0.858568391 1.35237039 -3.71037019
v 1.20876254 0.230666832 -3.4807727
v 1.20876254 -0.209974813 -3.4807727
v 0.773532285 -0.209974813 -3.4807727
v 0.773532285 0.230666832 -3.4807727
v 1.13609532 0.41890585 -3.4807727
v 0.846199503 0.41890585 -3.4807727
v 1.13609532 0.996378321 -3.4807727
v 0.846199503 0.996378321 -3.4807727
v 1.19871282 1.04353471 -3.4807727
v 0.783582006 1.04353471 -3.4807727
v 1.19871282 1.30946581 -3.4807727
v 0.783582006 1.30946581 -3.4807727
v 1.12372643 1.35237039 -3.4807727
v 0.858568391 1.35237039 -3.4807727
v 1.12372643 1.35237039 -3.71037019
v 1.12372643 1.35237039 -3.4807727
v 0.858568391 1.35237039 -3.4807727
v 0.858568391 1.35237039 -3.71037019
v 1.19871282 1.30946581 -3.71037019
v 1.12372643 1.35237039 -3.71037019
v 0.858568391 1.35237039 -3.71037019
v 0.783582006 1.30946581 -3.71037019
v 1.19871282 1.04353471 -3.71037019
v 0.783582006 1.04353471 -3.71037019
v 1.13609532 0.996378321 -3.71037019
v 0.846199503 0.996378321 -3.71037019
v 1.13609532 0.41890585 -3.71037019
v 0.846199503 0.41890585 -3.71037019
v 1.20876254 0.230666832 -3.71037019
v 0.773532285 0.230666832 -3.71037019
v 1.20876254 -0.209974813 -3.71037019
v 0.773532285 -0.209974813 -3.71037019
v 0.827259643 -0.161658843 -3.59557145
v 0.827259643 0.251539331 -9.02399861E-05
v 0.827259643 -0.161658843 -9.02399861E-05
v 0.827259643 0.251539331 -3.59557145
v 0.827259643 -0.161658843 -7.17443196
v 0.827259643 0.251539331 -7.17443196
v 1.07695657 1.30405442 -7.17443196
v 0.90533825 1.30405442 -3.59557145
v 0.90533825 1.30405442 -7.17443196
v 1.07695657 1.30405442 -3.59557145
v 1.07695657 1.30405442 -9.02399861E-05
v 0.90533825 1.30405442 -9.02399861E-05
v 1.15503518 -0.161658843 -7.17443196
v 1.15503518 0.251539331 -3.59557145
v 1.15503518 0.251539331 -7.17443196
v 1.15503518 -0.161658843 -3.59557145
v 1.15503518 -0.161658843 -9.02399861E-05
v 1.15503518 0.251539331 -9.02399861E-05
v 0.89683464 0.377933908 -7.17443196
v 0.827259643 0.251539331 -3.59557145
v 0.827259643 0.251539331 -7.17443196
v 0.89683464 0.377933908 -3.59557145
v 0.89683464 0.377933908 -9.02399861E-05
v 0.827259643 0.251539331 -9.02399861E-05
v 1.15503518 0.251539331 -7.17443196
v 1.08546019 0.377933908 -3.59557145
v 1.08546019 0.377933908 -7.17443196
v 1.15503518 0.251539331 -3.59557145
v 1.15503518 0.251539331 -9.02399861E-05
v 1.08546019 0.377933908 -9.02399861E-05
v 0.89683464 1.03155235 -7.17443196
v 0.89683464 0.377933908 -3.59557145
v 0.89683464 0.377933908 -7.17443196
v 0.89683464 1.03155235 -3.59557145
v 0.89683464 1.03155235 -9.02399861E-05
v 0.89683464 0.377933908 -9.02399861E-05
v 1.08546019 0.377933908 -7.17443196
v 1.08546019 1.03155235 -3.59557145
v 1.08546019 1.03155235 -7.17443196
v 1.08546019 0.377933908 -3.59557145
v 1.08546019 0.377933908 -9.02399861E-05
v 1.08546019 1.03155235 -9.02399861E-05
v 0.853930058 1.26385553 -7.17443196
v 0.853930058 1.07561651 -3.59557145
v 0.853930058 1.07561651 -7.17443196
v 0.853930058 1.26385553 -3.59557145
v 0.853930058 1.26385553 -9.02399861E-05
v 0.853930058 1.07561651 -9.02399861E-05
v 0.853930058 1.07561651 -7.17443196
v 0.89683464 1.03155235 -3.59557145
v 0.89683464 1.03155235 -7.17443196
v 0.853930058 1.07561651 -3.59557145
v 0.853930058 1.07561651 -9.02399861E-05
v 0.89683464 1.03155235 -9.02399861E-05
v 1.08546019 1.03155235 -7.17443196
v 1.12836477 1.07561651 -3.59557145
v 1.12836477 1.07561651 -7.17443196
v 1.08546019 1.03155235 -3.59557145
v 1.08546019 1.03155235 -9.02399861E-05
v 1.12836477 1.07561651 -9.02399861E-05
v 1.12836477 1.07561651 -7.17443196
v 1.12836477 1.26385553 -3.59557145
v 1.12836477 1.26385553 -7.17443196
v 1.12836477 1.07561651 -3.59557145
v 1.12836477 1.07561651 -9.02399861E-05
v 1.12836477 1.26385553 -9.02399861E-05
v 0.90533825 1.30405442 -7.17443196
v 0.853930058 1.26385553 -3.59557145
v 0.853930058 1.26385553 -7.17443196
v 0.90533825 1.30405442 -3.59557145
v 0.90533825 1.30405442 -9.02399861E-05
v 0.853930058 1.26385553 -9.02399861E-05
v 1.12836477 1.26385553 -7.17443196
v 1.07695657 1.30405442 -3.59557145
v 1.07695657 1.30405442 -7.17443196
v 1.12836477 1.26385553 -3.59557145
v 1.12836477 1.26385553 -9.02399861E-05
v 1.07695657 1.30405442 -9.02399861E-05
v 0.144651622 -0.00859385067 -9.02399861E-05
v 0.144651622 -0.00859385067 -7.17443196
v 0.167070232 0.0625272569 -7.17443196
v 0.167070232 0.0625272569 -9.02399861E-05
v 0.167070232 0.0625272569 -9.02399861E-05
v 0.167070232 0.0625272569 -7.17443196
v 0.922731999 0.0625272569 -7.17443196
v 0.922731999 0.0625272569 -9.02399861E-05
vt 0.559106442 0.602788693
vt 0.49795129 0.602788693
vt 0.49795129 0.575608626
vt 0.559106442 0.575608626
vt 0.470771222 0.602788693
vt 0.470771222 0.575608626
vt 0.49795129 0.575608626
vt 0.49795129 0.602788693
vt 0.382436003 0.602788693
vt 0.382436003 0.575608626
vt 0.462034772 0.575608626
vt 0.462034772 0.602788693
vt 0.364963102 0.602788693
vt 0.364963102 0.575608626
vt 0.375640986 0.575608626
vt 0.375640986 0.602788693
vt 0.32128085 0.602788693
vt 0.32128085 0.575608626
vt 0.358168085 0.575608626
vt 0.358168085 0.602788693
vt 0.30380795 0.575608626
vt 0.31545655 0.575608626
vt 0.31545655 0.602788693
vt 0.30380795 0.602788693
vt 0.0106515063 0.575608626
vt 0.0718066584 0.575608626
vt 0.0718066584 0.602788693
vt 0.0106515063 0.602788693
vt 0.0718066584 0.575608626
vt 0.0999574428 0.575608626
vt 0.0999574428 0.602788693
vt 0.0718066584 0.602788693
vt 0.107723176 0.575608626
vt 0.187321946 0.575608626
vt 0.187321946 0.602788693
vt 0.107723176 0.602788693
vt 0.194116963 0.575608626
vt 0.204794846 0.575608626
vt 0.204794846 0.602788693
vt 0.194116963 0.602788693
vt 0.211589863 0.575608626
vt 0.248477098 0.575608626
vt 0.248477098 0.602788693
vt 0.211589863 0.602788693
vt 0.266920715 0.602788693
vt 0.255272115 0.602788693
vt 0.255272115 0.575608626
vt 0.266920715 0.575608626
vt 0.622203027 0.718303981
vt 0.622203027 0.776546983
vt 0.564930742 0.776546983
vt 0.564930742 0.718303981
vt 0.61249586 0.694036063
vt 0.574637909 0.694036063
vt 0.61249586 0.618320161
vt 0.574637909 0.618320161
vt 0.620261594 0.611525144
vt 0.565901459 0.611525144
vt 0.620261594 0.576579343
vt 0.565901459 0.576579343
vt 0.610554427 0.570755042
vt 0.575608626 0.570755042
vt 0.30380795 0.575608626
vt 0.30380795 0.602788693
vt 0.266920715 0.602788693
vt 0.266920715 0.575608626
vt 0.688211763 0.753249782
vt 0.678504596 0.759074082
vt 0.643558795 0.759074082
vt 0.633851628 0.753249782
vt 0.688211763 0.718303981
vt 0.633851628 0.718303981
vt 0.680446029 0.711508964
vt 0.641617361 0.711508964
vt 0.680446029 0.635793061
vt 0.641617361 0.635793061
vt 0.690153196 0.611525144
vt 0.631910194 0.611525144
vt 0.690153196 0.553282142
vt 0.631910194 0.553282142
vt 0.70083108 0.307690817
vt 0.732864731 0.602788693
vt 0.70083108 0.602788693
vt 0.732864731 0.307690817
vt 0.70083108 0.0125929397
vt 0.732864731 0.0125929397
vt 0.856145752 0.0125929397
vt 0.843526435 0.307690817
vt 0.843526435 0.0125929397
vt 0.856145752 0.307690817
vt 0.856145752 0.602788693
vt 0.843526435 0.602788693
vt 0.99495824 0.0125929397
vt 0.962924589 0.307690817
vt 0.962924589 0.0125929397
vt 0.99495824 0.307690817
vt 0.99495824 0.602788693
vt 0.962924589 0.602788693
vt 0.743542615 0.0125929397
vt 0.732864731 0.307690817
vt 0.732864731 0.0125929397
vt 0.743542615 0.307690817
vt 0.743542615 0.602788693
vt 0.732864731 0.602788693
vt 0.962924589 0.0125929397
vt 0.952246706 0.307690817
vt 0.952246706 0.0125929397
vt 0.962924589 0.307690817
vt 0.962924589 0.602788693
vt 0.952246706 0.602788693
vt 0.801785617 0.0125929397
vt 0.751308349 0.307690817
vt 0.751308349 0.0125929397
vt 0.801785617 0.307690817
vt 0.801785617 0.602788693
vt 0.751308349 0.602788693
vt 0.947393122 0.0125929397
vt 0.896915854 0.307690817
vt 0.896915854 0.0125929397
vt 0.947393122 0.307690817
vt 0.947393122 0.602788693
vt 0.896915854 0.602788693
vt 0.832848551 0.0125929397
vt 0.818287801 0.307690817
vt 0.818287801 0.0125929397
vt 0.832848551 0.307690817
vt 0.832848551 0.602788693
vt 0.818287801 0.602788693
vt 0.812463501 0.0125929397
vt 0.807609917 0.307690817
vt 0.807609917 0.0125929397
vt 0.812463501 0.307690817
vt 0.812463501 0.602788693
vt 0.807609917 0.602788693
vt 0.891091553 0.0125929397
vt 0.88623797 0.307690817
vt 0.88623797 0.0125929397
vt 0.891091553 0.307690817
vt 0.891091553 0.602788693
vt 0.88623797 0.602788693
vt 0.881384386 0.0125929397
vt 0.866823636 0.307690817
vt 0.866823636 0.0125929397
vt 0.881384386 0.307690817
vt 0.881384386 0.602788693
vt 0.866823636 0.602788693
vt 0.843526435 0.0125929397
vt 0.837702135 0.307690817
vt 0.837702135 0.0125929397
vt 0.843526435 0.307690817
vt 0.843526435 0.602788693
vt 0.837702135 0.602788693
vt 0.861970052 0.0125929397
vt 0.856145752 0.307690817
vt 0.856145752 0.0125929397
vt 0.861970052 0.307690817
vt 0.861970052 0.602788693
vt 0.856145752 0.602788693
vt 0.0125929397 0.78625415
vt 0.690153196 0.78625415
vt 0.690153196 0.794019883
vt 0.0125929397 0.794019883
vt 0.0125929397 0.794019883
vt 0.690153196 0.794019883
vt 0.690153196 0.866823636
vt 0.0125929397 0.866823636
vt 0.559106442 0.602788693
vt 0.49795129 0.602788693
vt 0.49795129 0.575608626
vt 0.559106442 0.575608626
vt 0.470771222 0.602788693
vt 0.470771222 0.575608626
vt 0.49795129 0.575608626
vt 0.49795129 0.602788693
vt 0.382436003 0.602788693
vt 0.382436003 0.575608626
vt 0.462034772 0.575608626
vt 0.462034772 0.602788693
vt 0.364963102 0.602788693
vt 0.364963102 0.575608626
vt 0.375640986 0.575608626
vt 0.375640986 0.602788693
vt 0.32128085 0.602788693
vt 0.32128085 0.575608626
vt 0.358168085 0.575608626
vt 0.358168085 0.602788693
vt 0.30380795 0.575608626
vt 0.31545655 0.575608626
vt 0.31545655 0.602788693
vt 0.30380795 0.602788693
vt 0.0106515063 0.575608626
vt 0.0718066584 0.575608626
vt 0.0718066584 0.602788693
vt 0.0106515063 0.602788693
vt 0.0718066584 0.575608626
vt 0.0999574428 0.575608626
vt 0.0999574428 0.602788693
vt 0.0718066584 0.602788693
vt 0.107723176 0.575608626
vt 0.187321946 0.575608626
vt 0.187321946 0.602788693
vt 0.107723176 0.602788693
vt 0.194116963 0.575608626
vt 0.204794846 0.575608626
vt 0.204794846 0.602788693
vt 0.194116963 0.602788693
vt 0.211589863 0.575608626
vt 0.248477098 0.575608626
vt 0.248477098 0.602788693
vt 0.211589863 0.602788693
vt 0.266920715 0.602788693
vt 0.255272115 0.602788693
vt 0.255272115 0.575608626
vt 0.266920715 0.575608626
vt 0.622203027 0.718303981
vt 0.622203027 0.776546983
vt 0.564930742 0.776546983
vt 0.564930742 0.718303981
vt 0.61249586 0.694036063
vt 0.574637909 0.694036063
vt 0.61249586 0.618320161
vt 0.574637909 0.618320161
vt 0.620261594 0.611525144
vt 0.565901459 0.611525144
vt 0.620261594 0.576579343
vt 0.565901459 0.576579343
vt 0.610554427 0.570755042
vt 0.575608626 0.570755042
vt 0.30380795 0.575608626
vt 0.30380795 0.602788693
vt 0.266920715 0.602788693
vt 0.266920715 0.575608626
vt 0.688211763 0.753249782
vt 0.678504596 0.759074082
vt 0.643558795 0.759074082
vt 0.633851628 0.753249782
vt 0.688211763 0.718303981
vt 0.633851628 0.718303981
vt 0.680446029 0.711508964
vt 0.641617361 0.711508964
vt 0.680446029 0.635793061
vt 0.641617361 0.635793061
vt 0.690153196 0.611525144
vt 0.631910194 0.611525144
vt 0.690153196 0.553282142
vt 0.631910194 0.553282142
vt 0.70083108 0.307690817
vt 0.732864731 0.602788693
vt 0.70083108 0.602788693
vt 0.732864731 0.307690817
vt 0.70083108 0.0125929397
vt 0.732864731 0.0125929397
vt 0.856145752 0.0125929397
vt 0.843526435 0.307690817
vt 0.843526435 0.0125929397
vt 0.856145752 0.307690817
vt 0.856145752 0.602788693
vt 0.843526435 0.602788693
vt 0.99495824 0.0125929397
vt 0.962924589 0.307690817
vt 0.962924589 0.0125929397
vt 0.99495824 0.307690817
vt 0.99495824 0.602788693
vt 0.962924589 0.602788693
vt 0.743542615 0.0125929397
vt 0.732864731 0.307690817
vt 0.732864731 0.0125929397
vt 0.743542615 0.307690817
vt 0.743542615 0.602788693
vt 0.732864731 0.602788693
vt 0.962924589 0.0125929397
vt 0.952246706 0.307690817
vt 0.952246706 0.0125929397
vt 0.962924589 0.307690817
vt 0.962924589 0.602788693
vt 0.952246706 0.602788693
vt 0.801785617 0.0125929397
vt 0.751308349 0.307690817
vt 0.751308349 0.0125929397
vt 0.801785617 0.307690817
vt 0.801785617 0.602788693
vt 0.751308349 0.602788693
vt 0.947393122 0.0125929397
vt 0.896915854 0.307690817
vt 0.896915854 0.0125929397
vt 0.947393122 0.307690817
vt 0.947393122 0.602788693
vt 0.896915854 0.602788693
vt 0.832848551 0.0125929397
vt 0.818287801 0.307690817
vt 0.818287801 0.0125929397
vt 0.832848551 0.307690817
vt 0.832848551 0.602788693
vt 0.818287801 0.602788693
vt 0.812463501 0.0125929397
vt 0.807609917 0.307690817
vt 0.807609917 0.0125929397
vt 0.812463501 0.307690817
vt 0.812463501 0.602788693
vt 0.807609917 0.602788693
vt 0.891091553 0.0125929397
vt 0.88623797 0.307690817
vt 0.88623797 0.0125929397
vt 0.891091553 0.307690817
vt 0.891091553 0.602788693
vt 0.88623797 0.602788693
vt 0.881384386 0.0125929397
vt 0.866823636 0.307690817
vt 0.866823636 0.0125929397
vt 0.881384386 0.307690817
vt 0.881384386 0.602788693
vt 0.866823636 0.602788693
vt 0.843526435 0.0125929397
vt 0.837702135 0.307690817
vt 0.837702135 0.0125929397
vt 0.843526435 0.307690817
vt 0.843526435 0.602788693
vt 0.837702135 0.602788693
vt 0.861970052 0.0125929397
vt 0.856145752 0.307690817
vt 0.856145752 0.0125929397
vt 0.861970052 0.307690817
vt 0.861970052 0.602788693
vt 0.856145752 0.602788693
vt 0.0125929397 0.78625415
vt 0.690153196 0.78625415
vt 0.690153196 0.794019883
vt 0.0125929397 0.794019883
vt 0.0125929397 0.794019883
vt 0.690153196 0.794019883
vt 0.690153196 0.866823636
vt 0.0125929397 0.866823636
vt 0.559106442 0.602788693
vt 0.559106442 0.575608626
vt 0.49795129 0.575608626
vt 0.49795129 0.602788693
vt 0.470771222 0.602788693
vt 0.49795129 0.602788693
vt 0.49795129 0.575608626
vt 0.470771222 0.575608626
vt 0.382436003 0.602788693
vt 0.462034772 0.602788693
vt 0.462034772 0.575608626
vt 0.382436003 0.575608626
vt 0.364963102 0.602788693
vt 0.375640986 0.602788693
vt 0.375640986 0.575608626
vt 0.364963102 0.575608626
vt 0.32128085 0.602788693
vt 0.358168085 0.602788693
vt 0.358168085 0.575608626
vt 0.32128085 0.575608626
vt 0.30380795 0.575608626
vt 0.30380795 0.602788693
vt 0.31545655 0.602788693
vt 0.31545655 0.575608626
vt 0.0106515063 0.575608626
vt 0.0106515063 0.602788693
vt 0.0718066584 0.602788693
vt 0.0718066584 0.575608626
vt 0.0718066584 0.575608626
vt 0.0718066584 0.602788693
vt 0.0999574428 0.602788693
vt 0.0999574428 0.575608626
vt 0.107723176 0.575608626
vt 0.107723176 0.602788693
vt 0.187321946 0.602788693
vt 0.187321946 0.575608626
vt 0.194116963 0.575608626
vt 0.194116963 0.602788693
vt 0.204794846 0.602788693
vt 0.204794846 0.575608626
vt 0.211589863 0.575608626
vt 0.211589863 0.602788693
vt 0.248477098 0.602788693
vt 0.248477098 0.575608626
vt 0.266920715 0.602788693
vt 0.266920715 0.575608626
vt 0.255272115 0.575608626
vt 0.255272115 0.602788693
vt 0.622203027 0.718303981
vt 0.564930742 0.776546983
vt 0.622203027 0.776546983
vt 0.564930742 0.718303981
vt 0.61249586 0.694036063
vt 0.574637909 0.694036063
vt 0.61249586 0.618320161
vt 0.574637909 0.618320161
vt 0.620261594 0.611525144
vt 0.565901459 0.611525144
vt 0.620261594 0.576579343
vt 0.565901459 0.576579343
vt 0.610554427 0.570755042
vt 0.575608626 0.570755042
vt 0.30380795 0.575608626
vt 0.266920715 0.575608626
vt 0.266920715 0.602788693
vt 0.30380795 0.602788693
vt 0.688211763 0.753249782
vt 0.643558795 0.759074082
vt 0.678504596 0.759074082
vt 0.633851628 0.753249782
vt 0.688211763 0.718303981
vt 0.633851628 0.718303981
vt 0.680446029 0.711508964
vt 0.641617361 0.711508964
vt 0.680446029 0.635793061
vt 0.641617361 0.635793061
vt 0.690153196 0.611525144
vt 0.631910194 0.611525144
vt 0.690153196 0.553282142
vt 0.631910194 0.553282142
vt 0.70083108 0.307690817
vt 0.70083108 0.602788693
vt 0.732864731 0.602788693
vt 0.732864731 0.307690817
vt 0.70083108 0.0125929397
vt 0.732864731 0.0125929397
vt 0.856145752 0.0125929397
vt 0.843526435 0.0125929397
vt 0.843526435 0.307690817
vt 0.856145752 0.307690817
vt 0.856145752 0.602788693
vt 0.843526435 0.602788693
vt 0.99495824 0.0125929397
vt 0.962924589 0.0125929397
vt 0.962924589 0.307690817
vt 0.99495824 0.307690817
vt 0.99495824 0.602788693
vt 0.962924589 0.602788693
vt 0.743542615 0.0125929397
vt 0.732864731 0.0125929397
vt 0.732864731 0.307690817
vt 0.743542615 0.307690817
vt 0.743542615 0.602788693
vt 0.732864731 0.602788693
vt 0.962924589 0.0125929397
vt 0.952246706 0.0125929397
vt 0.952246706 0.307690817
vt 0.962924589 0.307690817
vt 0.962924589 0.602788693
vt 0.952246706 0.602788693
vt 0.801785617 0.0125929397
vt 0.751308349 0.0125929397
vt 0.751308349 0.307690817
vt 0.801785617 0.307690817
vt 0.801785617 0.602788693
vt 0.751308349 0.602788693
vt 0.947393122 0.0125929397
vt 0.896915854 0.0125929397
vt 0.896915854 0.307690817
vt 0.947393122 0.307690817
vt 0.947393122 0.602788693
vt 0.896915854 0.602788693
vt 0.832848551 0.0125929397
vt 0.818287801 0.0125929397
vt 0.818287801 0.307690817
vt 0.832848551 0.307690817
vt 0.832848551 0.602788693
vt 0.818287801 0.602788693
vt 0.812463501 0.0125929397
vt 0.807609917 0.0125929397
vt 0.807609917 0.307690817
vt 0.812463501 0.307690817
vt 0.812463501 0.602788693
vt 0.807609917 0.602788693
vt 0.891091553 0.0125929397
vt 0.88623797 0.0125929397
vt 0.88623797 0.307690817
vt 0.891091553 0.307690817
vt 0.891091553 0.602788693
vt 0.88623797 0.602788693
vt 0.881384386 0.0125929397
vt 0.866823636 0.0125929397
vt 0.866823636 0.307690817
vt 0.881384386 0.307690817
vt 0.881384386 0.602788693
vt 0.866823636 0.602788693
vt 0.843526435 0.0125929397
vt 0.837702135 0.0125929397
vt 0.837702135 0.307690817
vt 0.843526435 0.307690817
vt 0.843526435 0.602788693
vt 0.837702135 0.602788693
vt 0.861970052 0.0125929397
vt 0.856145752 0.0125929397
vt 0.856145752 0.307690817
vt 0.861970052 0.307690817
vt 0.861970052 0.602788693
vt 0.856145752 0.602788693
vt 0.0125929397 0.78625415
vt 0.0125929397 0.794019883
vt 0.690153196 0.794019883
vt 0.690153196 0.78625415
vt 0.0125929397 0.794019883
vt 0.0125929397 0.866823636
vt 0.690153196 0.866823636
vt 0.690153196 0.794019883
vt 0.559106442 0.602788693
vt 0.559106442 0.575608626
vt 0.49795129 0.575608626
vt 0.49795129 0.602788693
vt 0.470771222 0.602788693
vt 0.49795129 0.602788693
vt 0.49795129 0.575608626
vt 0.470771222 0.575608626
vt 0.382436003 0.602788693
vt 0.462034772 0.602788693
vt 0.462034772 0.575608626
vt 0.382436003 0.575608626
vt 0.364963102 0.602788693
vt 0.375640986 0.602788693
vt 0.375640986 0.575608626
vt 0.364963102 0.575608626
vt 0.32128085 0.602788693
vt 0.358168085 0.602788693
vt 0.358168085 0.575608626
vt 0.32128085 0.575608626
vt 0.30380795 0.575608626
vt 0.30380795 0.602788693
vt 0.31545655 0.602788693
vt 0.31545655 0.575608626
vt 0.0106515063 0.575608626
vt 0.0106515063 0.602788693
vt 0.0718066584 0.602788693
vt 0.0718066584 0.575608626
vt 0.0718066584 0.575608626
vt 0.0718066584 0.602788693
vt 0.0999574428 0.602788693
vt 0.0999574428 0.575608626
vt 0.107723176 0.575608626
vt 0.107723176 0.602788693
vt 0.187321946 0.602788693
vt 0.187321946 0.575608626
vt 0.194116963 0.575608626
vt 0.194116963 0.602788693
vt 0.204794846 0.602788693
vt 0.204794846 0.575608626
vt 0.211589863 0.575608626
vt 0.211589863 0.602788693
vt 0.248477098 0.602788693
vt 0.248477098 0.575608626
vt 0.266920715 0.602788693
vt 0.266920715 0.575608626
vt 0.255272115 0.575608626
vt 0.255272115 0.602788693
vt 0.622203027 0.718303981
vt 0.564930742 0.776546983
vt 0.622203027 0.776546983
vt 0.564930742 0.718303981
vt 0.61249586 0.694036063
vt 0.574637909 0.694036063
vt 0.61249586 0.618320161
vt 0.574637909 0.618320161
vt 0.620261594 0.611525144
vt 0.565901459 0.611525144
vt 0.620261594 0.576579343
vt 0.565901459 0.576579343
vt 0.610554427 0.570755042
vt 0.575608626 0.570755042
vt 0.30380795 0.575608626
vt 0.266920715 0.575608626
vt 0.266920715 0.602788693
vt 0.30380795 0.602788693
vt 0.688211763 0.753249782
vt 0.643558795 0.759074082
vt 0.678504596 0.759074082
vt 0.633851628 0.753249782
vt 0.688211763 0.718303981
vt 0.633851628 0.718303981
vt 0.680446029 0.711508964
vt 0.641617361 0.711508964
vt 0.680446029 0.635793061
vt 0.641617361 0.635793061
vt 0.690153196 0.611525144
vt 0.631910194 0.611525144
vt 0.690153196 0.553282142
vt 0.631910194 0.553282142
vt 0.70083108 0.307690817
vt 0.70083108 0.602788693
vt 0.732864731 0.602788693
vt 0.732864731 0.307690817
vt 0.70083108 0.0125929397
vt 0.732864731 0.0125929397
vt 0.856145752 0.0125929397
vt 0.843526435 0.0125929397
vt 0.843526435 0.307690817
vt 0.856145752 0.307690817
vt 0.856145752 0.602788693
vt 0.843526435 0.602788693
vt 0.99495824 0.0125929397
vt 0.962924589 0.0125929397
vt 0.962924589 0.307690817
vt 0.99495824 0.307690817
vt 0.99495824 0.602788693
vt 0.962924589 0.602788693
vt 0.743542615 0.0125929397
vt 0.732864731 0.0125929397
vt 0.732864731 0.307690817
vt 0.743542615 0.307690817
vt 0.743542615 0.602788693
vt 0.732864731 0.602788693
vt 0.962924589 0.0125929397
vt 0.952246706 0.0125929397
vt 0.952246706 0.307690817
vt 0.962924589 0.307690817
vt 0.962924589 0.602788693
vt 0.952246706 0.602788693
vt 0.801785617 0.0125929397
vt 0.751308349 0.0125929397
vt 0.751308349 0.307690817
vt 0.801785617 0.307690817
vt 0.801785617 0.602788693
vt 0.751308349 0.602788693
vt 0.947393122 0.0125929397
vt 0.896915854 0.0125929397
vt 0.896915854 0.307690817
vt 0.947393122 0.307690817
vt 0.947393122 0.602788693
vt 0.896915854 0.602788693
vt 0.832848551 0.0125929397
vt 0.818287801 0.0125929397
vt 0.818287801 0.307690817
vt 0.832848551 0.307690817
vt 0.832848551 0.602788693
vt 0.818287801 0.602788693
vt 0.812463501 0.0125929397
vt 0.807609917 0.0125929397
vt 0.807609917 0.307690817
vt 0.812463501 0.307690817
vt 0.812463501 0.602788693
vt 0.807609917 0.602788693
vt 0.891091553 0.0125929397
vt 0.88623797 0.0125929397
vt 0.88623797 0.307690817
vt 0.891091553 0.307690817
vt 0.891091553 0.602788693
vt 0.88623797 0.602788693
vt 0.881384386 0.0125929397
vt 0.866823636 0.0125929397
vt 0.866823636 0.307690817
vt 0.881384386 0.307690817
vt 0.881384386 0.602788693
vt 0.866823636 0.602788693
vt 0.843526435 0.0125929397
vt 0.837702135 0.0125929397
vt 0.837702135 0.307690817
vt 0.843526435 0.307690817
vt 0.843526435 0.602788693
vt 0.837702135 0.602788693
vt 0.861970052 0.0125929397
vt 0.856145752 0.0125929397
vt 0.856145752 0.307690817
vt 0.861970052 0.307690817
vt 0.861970052 0.602788693
vt 0.856145752 0.602788693
vt 0.0125929397 0.78625415
vt 0.0125929397 0.794019883
vt 0.690153196 0.794019883
vt 0.690153196 0.78625415
vt 0.0125929397 0.794019883
vt 0.0125929397 0.866823636
vt 0.690153196 0.866823636
vt 0.690153196 0.794019883
vt 0.559106442 0.602788693
vt 0.559106442 0.575608626
vt 0.49795129 0.575608626
vt 0.49795129 0.602788693
vt 0.470771222 0.602788693
vt 0.49795129 0.602788693
vt 0.49795129 0.575608626
vt 0.470771222 0.575608626
vt 0.382436003 0.602788693
vt 0.462034772 0.602788693
vt 0.462034772 0.575608626
vt 0.382436003 0.575608626
vt 0.364963102 0.602788693
vt 0.375640986 0.602788693
vt 0.375640986 0.575608626
vt 0.364963102 0.575608626
vt 0.32128085 0.602788693
vt 0.358168085 0.602788693
vt 0.358168085 0.575608626
vt 0.32128085 0.575608626
vt 0.30380795 0.575608626
vt 0.30380795 0.602788693
vt 0.31545655 0.602788693
vt 0.31545655 0.575608626
vt 0.0106515063 0.575608626
vt 0.0106515063 0.602788693
vt 0.0718066584 0.602788693
vt 0.0718066584 0.575608626
vt 0.0718066584 0.575608626
vt 0.0718066584 0.602788693
vt 0.0999574428 0.602788693
vt 0.0999574428 0.575608626
vt 0.107723176 0.575608626
vt 0.107723176 0.602788693
vt 0.187321946 0.602788693
vt 0.187321946 0.575608626
vt 0.194116963 0.575608626
vt 0.194116963 0.602788693
vt 0.204794846 0.602788693
vt 0.204794846 0.575608626
vt 0.211589863 0.575608626
vt 0.211589863 0.602788693
vt 0.248477098 0.602788693
vt 0.248477098 0.575608626
vt 0.266920715 0.602788693
vt 0.266920715 0.575608626
vt 0.255272115 0.575608626
vt 0.255272115 0.602788693
vt 0.622203027 0.718303981
vt 0.564930742 0.776546983
vt 0.622203027 0.776546983
vt 0.564930742 0.718303981
vt 0.61249586 0.694036063
vt 0.574637909 0.694036063
vt 0.61249586 0.618320161
vt 0.574637909 0.618320161
vt 0.620261594 0.611525144
vt 0.565901459 0.611525144
vt 0.620261594 0.576579343
vt 0.565901459 0.576579343
vt 0.610554427 0.570755042
vt 0.575608626 0.570755042
vt 0.30380795 0.575608626
vt 0.266920715 0.575608626
vt 0.266920715 0.602788693
vt 0.30380795 0.602788693
vt 0.688211763 0.753249782
vt 0.643558795 0.759074082
vt 0.678504596 0.759074082
vt 0.633851628 0.753249782
vt 0.688211763 0.718303981
vt 0.633851628 0.718303981
vt 0.680446029 0.711508964
vt 0.641617361 0.711508964
vt 0.680446029 0.635793061
vt 0.641617361 0.635793061
vt 0.690153196 0.611525144
vt 0.631910194 0.611525144
vt 0.690153196 0.553282142
vt 0.631910194 0.553282142
vt 0.70083108 0.307690817
vt 0.70083108 0.602788693
vt 0.732864731 0.602788693
vt 0.732864731 0.307690817
vt 0.70083108 0.0125929397
vt 0.732864731 0.0125929397
vt 0.856145752 0.0125929397
vt 0.843526435 0.0125929397
vt 0.843526435 0.307690817
vt 0.856145752 0.307690817
vt 0.856145752 0.602788693
vt 0.843526435 0.602788693
vt 0.99495824 0.0125929397
vt 0.962924589 0.0125929397
vt 0.962924589 0.307690817
vt 0.99495824 0.307690817
vt 0.99495824 0.602788693
vt 0.962924589 0.602788693
vt 0.743542615 0.0125929397
vt 0.732864731 0.0125929397
vt 0.732864731 0.307690817
vt 0.743542615 0.307690817
vt 0.743542615 0.602788693
vt 0.732864731 0.602788693
vt 0.962924589 0.0125929397
vt 0.952246706 0.0125929397
vt 0.952246706 0.307690817
vt 0.962924589 0.307690817
vt 0.962924589 0.602788693
vt 0.952246706 0.602788693
vt 0.801785617 0.0125929397
vt 0.751308349 0.0125929397
vt 0.751308349 0.307690817
vt 0.801785617 0.307690817
vt 0.801785617 0.602788693
vt 0.751308349 0.602788693
vt 0.947393122 0.0125929397
vt 0.896915854 0.0125929397
vt 0.896915854 0.307690817
vt 0.947393122 0.307690817
vt 0.947393122 0.602788693
vt 0.896915854 0.602788693
vt 0.832848551 0.0125929397
vt 0.818287801 0.0125929397
vt 0.818287801 0.307690817
vt 0.832848551 0.307690817
vt 0.832848551 0.602788693
vt 0.818287801 0.602788693
vt 0.812463501 0.0125929397
vt 0.807609917 0.0125929397
vt 0.807609917 0.307690817
vt 0.812463501 0.307690817
vt 0.812463501 0.602788693
vt 0.807609917 0.602788693
vt 0.891091553 0.0125929397
vt 0.88623797 0.0125929397
vt 0.88623797 0.307690817
vt 0.891091553 0.307690817
vt 0.891091553 0.602788693
vt 0.88623797 0.602788693
vt 0.881384386 0.0125929397
vt 0.866823636 0.0125929397
vt 0.866823636 0.307690817
vt 0.881384386 0.307690817
vt 0.881384386 0.602788693
vt 0.866823636 0.602788693
vt 0.843526435 0.0125929397
vt 0.837702135 0.0125929397
vt 0.837702135 0.307690817
vt 0.843526435 0.307690817
vt 0.843526435 0.602788693
vt 0.837702135 0.602788693
vt 0.861970052 0.0125929397
vt 0.856145752 0.0125929397
vt 0.856145752 0.307690817
vt 0.861970052 0.307690817
vt 0.861970052 0.602788693
vt 0.856145752 0.602788693
vt 0.0125929397 0.78625415
vt 0.0125929397 0.794019883
vt 0.690153196 0.794019883
vt 0.690153196 0.78625415
vt 0.0125929397 0.794019883
vt 0.0125929397 0.866823636
vt 0.690153196 0.866823636
vt 0.690153196 0.794019883
vt 0.559106442 0.602788693
vt 0.559106442 0.575608626
vt 0.49795129 0.575608626
vt 0.49795129 0.602788693
vt 0.470771222 0.602788693
vt 0.49795129 0.602788693
vt 0.49795129 0.575608626
vt 0.470771222 0.575608626
vt 0.382436003 0.602788693
vt 0.462034772 0.602788693
vt 0.462034772 0.575608626
vt 0.382436003 0.575608626
vt 0.364963102 0.602788693
vt 0.375640986 0.602788693
vt 0.375640986 0.575608626
vt 0.364963102 0.575608626
vt 0.32128085 0.602788693
vt 0.358168085 0.602788693
vt 0.358168085 0.575608626
vt 0.32128085 0.575608626
vt 0.30380795 0.575608626
vt 0.30380795 0.602788693
vt 0.31545655 0.602788693
vt 0.31545655 0.575608626
vt 0.0106515063 0.575608626
vt 0.0106515063 0.602788693
vt 0.0718066584 0.602788693
vt 0.0718066584 0.575608626
vt 0.0718066584 0.575608626
vt 0.0718066584 0.602788693
vt 0.0999574428 0.602788693
vt 0.0999574428 0.575608626
vt 0.107723176 0.575608626
vt 0.107723176 0.602788693
vt 0.187321946 0.602788693
vt 0.187321946 0.575608626
vt 0.194116963 0.575608626
vt 0.194116963 0.602788693
vt 0.204794846 0.602788693
vt 0.204794846 0.575608626
vt 0.211589863 0.575608626
vt 0.211589863 0.602788693
vt 0.248477098 0.602788693
vt 0.248477098 0.575608626
vt 0.266920715 0.602788693
vt 0.266920715 0.575608626
vt 0.255272115 0.575608626
vt 0.255272115 0.602788693
vt 0.622203027 0.718303981
vt 0.564930742 0.776546983
vt 0.622203027 0.776546983
vt 0.564930742 0.718303981
vt 0.61249586 0.694036063
vt 0.574637909 0.694036063
vt 0.61249586 0.618320161
vt 0.574637909 0.618320161
vt 0.620261594 0.611525144
vt 0.565901459 0.611525144
vt 0.620261594 0.576579343
vt 0.565901459 0.576579343
vt 0.610554427 0.570755042
vt 0.575608626 0.570755042
vt 0.30380795 0.575608626
vt 0.266920715 0.575608626
vt 0.266920715 0.602788693
vt 0.30380795 0.602788693
vt 0.688211763 0.753249782
vt 0.643558795 0.759074082
vt 0.678504596 0.759074082
vt 0.633851628 0.753249782
vt 0.688211763 0.718303981
vt 0.633851628 0.718303981
vt 0.680446029 0.711508964
vt 0.641617361 0.711508964
vt 0.680446029 0.635793061
vt 0.641617361 0.635793061
vt 0.690153196 0.611525144
vt 0.631910194 0.611525144
vt 0.690153196 0.553282142
vt 0.631910194 0.553282142
vt 0.70083108 0.307690817
vt 0.70083108 0.602788693
vt 0.732864731 0.602788693
vt 0.732864731 0.307690817
vt 0.70083108 0.0125929397
vt 0.732864731 0.0125929397
vt 0.856145752 0.0125929397
vt 0.843526435 0.0125929397
vt 0.843526435 0.307690817
vt 0.856145752 0.307690817
vt 0.856145752 0.602788693
vt 0.843526435 0.602788693
vt 0.99495824 0.0125929397
vt 0.962924589 0.0125929397
vt 0.962924589 0.307690817
vt 0.99495824 0.307690817
vt 0.99495824 0.602788693
vt 0.962924589 0.602788693
vt 0.743542615 0.0125929397
vt 0.732864731 0.0125929397
vt 0.732864731 0.307690817
vt 0.743542615 0.307690817
vt 0.743542615 0.602788693
vt 0.732864731 0.602788693
vt 0.962924589 0.0125929397
vt 0.952246706 0.0125929397
vt 0.952246706 0.307690817
vt 0.962924589 0.307690817
vt 0.962924589 0.602788693
vt 0.952246706 0.602788693
vt 0.801785617 0.0125929397
vt 0.751308349 0.0125929397
vt 0.751308349 0.307690817
vt 0.801785617 0.307690817
vt 0.801785617 0.602788693
vt 0.751308349 0.602788693
vt 0.947393122 0.0125929397
vt 0.896915854 0.0125929397
vt 0.896915854 0.307690817
vt 0.947393122 0.307690817
vt 0.947393122 0.602788693
vt 0.896915854 0.602788693
vt 0.832848551 0.0125929397
vt 0.818287801 0.0125929397
vt 0.818287801 0.307690817
vt 0.832848551 0.307690817
vt 0.832848551 0.602788693
vt 0.818287801 0.602788693
vt 0.812463501 0.0125929397
vt 0.807609917 0.0125929397
vt 0.807609917 0.307690817
vt 0.812463501 0.307690817
vt 0.812463501 0.602788693
vt 0.807609917 0.602788693
vt 0.891091553 0.0125929397
vt 0.88623797 0.0125929397
vt 0.88623797 0.307690817
vt 0.891091553 0.307690817
vt 0.891091553 0.602788693
vt 0.88623797 0.602788693
vt 0.881384386 0.0125929397
vt 0.866823636 0.0125929397
vt 0.866823636 0.307690817
vt 0.881384386 0.307690817
vt 0.881384386 0.602788693
vt 0.866823636 0.602788693
vt 0.843526435 0.0125929397
vt 0.837702135 0.0125929397
vt 0.837702135 0.307690817
vt 0.843526435 0.307690817
vt 0.843526435 0.602788693
vt 0.837702135 0.602788693
vt 0.861970052 0.0125929397
vt 0.856145752 0.0125929397
vt 0.856145752 0.307690817
vt 0.861970052 0.307690817
vt 0.861970052 0.602788693
vt 0.856145752 0.602788693
vt 0.0125929397 0.78625415
vt 0.0125929397 0.794019883
vt 0.690153196 0.794019883
vt 0.690153196 0.78625415
vt 0.0125929397 0.794019883
vt 0.0125929397 0.866823636
vt 0.690153196 0.866823636
vt 0.690153196 0.794019883
vt 0.559106442 0.602788693
vt 0.49795129 0.602788693
vt 0.49795129 0.575608626
vt 0.559106442 0.575608626
vt 0.470771222 0.602788693
vt 0.470771222 0.575608626
vt 0.49795129 0.575608626
vt 0.49795129 0.602788693
vt 0.382436003 0.602788693
vt 0.382436003 0.575608626
vt 0.462034772 0.575608626
vt 0.462034772 0.602788693
vt 0.364963102 0.602788693
vt 0.364963102 0.575608626
vt 0.375640986 0.575608626
vt 0.375640986 0.602788693
vt 0.32128085 0.602788693
vt 0.32128085 0.575608626
vt 0.358168085 0.575608626
vt 0.358168085 0.602788693
vt 0.30380795 0.575608626
vt 0.31545655 0.575608626
vt 0.31545655 0.602788693
vt 0.30380795 0.602788693
vt 0.0106515063 0.575608626
vt 0.0718066584 0.575608626
vt 0.0718066584 0.602788693
vt 0.0106515063 0.602788693
vt 0.0718066584 0.575608626
vt 0.0999574428 0.575608626
vt 0.0999574428 0.602788693
vt 0.0718066584 0.602788693
vt 0.107723176 0.575608626
vt 0.187321946 0.575608626
vt 0.187321946 0.602788693
vt 0.107723176 0.602788693
vt 0.194116963 0.575608626
vt 0.204794846 0.575608626
vt 0.204794846 0.602788693
vt 0.194116963 0.602788693
vt 0.211589863 0.575608626
vt 0.248477098 0.575608626
vt 0.248477098 0.602788693
vt 0.211589863 0.602788693
vt 0.266920715 0.602788693
vt 0.255272115 0.602788693
vt 0.255272115 0.575608626
vt 0.266920715 0.575608626
vt 0.622203027 0.718303981
vt 0.622203027 0.776546983
vt 0.564930742 0.776546983
vt 0.564930742 0.718303981
vt 0.61249586 0.694036063
vt 0.574637909 0.694036063
vt 0.61249586 0.618320161
vt 0.574637909 0.618320161
vt 0.620261594 0.611525144
vt 0.565901459 0.611525144
vt 0.620261594 0.576579343
vt 0.565901459 0.576579343
vt 0.610554427 0.570755042
vt 0.575608626 0.570755042
vt 0.30380795 0.575608626
vt 0.30380795 0.602788693
vt 0.266920715 0.602788693
vt 0.266920715 0.575608626
vt 0.688211763 0.753249782
vt 0.678504596 0.759074082
vt 0.643558795 0.759074082
vt 0.633851628 0.753249782
vt 0.688211763 0.718303981
vt 0.633851628 0.718303981
vt 0.680446029 0.711508964
vt 0.641617361 0.711508964
vt 0.680446029 0.635793061
vt 0.641617361 0.635793061
vt 0.690153196 0.611525144
vt 0.631910194 0.611525144
vt 0.690153196 0.553282142
vt 0.631910194 0.553282142
vt 0.70083108 0.307690817
vt 0.732864731 0.602788693
vt 0.70083108 0.602788693
vt 0.732864731 0.307690817
vt 0.70083108 0.0125929397
vt 0.732864731 0.0125929397
vt 0.856145752 0.0125929397
vt 0.843526435 0.307690817
vt 0.843526435 0.0125929397
vt 0.856145752 0.307690817
vt 0.856145752 0.602788693
vt 0.843526435 0.602788693
vt 0.99495824 0.0125929397
vt 0.962924589 0.307690817
vt 0.962924589 0.0125929397
vt 0.99495824 0.307690817
vt 0.99495824 0.602788693
vt 0.962924589 0.602788693
vt 0.743542615 0.0125929397
vt 0.732864731 0.307690817
vt 0.732864731 0.0125929397
vt 0.743542615 0.307690817
vt 0.743542615 0.602788693
vt 0.732864731 0.602788693
vt 0.962924589 0.0125929397
vt 0.952246706 0.307690817
vt 0.952246706 0.0125929397
vt 0.962924589 0.307690817
vt 0.962924589 0.602788693
vt 0.952246706 0.602788693
vt 0.801785617 0.0125929397
vt 0.751308349 0.307690817
vt 0.751308349 0.0125929397
vt 0.801785617 0.307690817
vt 0.801785617 0.602788693
vt 0.751308349 0.602788693
vt 0.947393122 0.0125929397
vt 0.896915854 0.307690817
vt 0.896915854 0.0125929397
vt 0.947393122 0.307690817
vt 0.947393122 0.602788693
vt 0.896915854 0.602788693
vt 0.832848551 0.0125929397
vt 0.818287801 0.307690817
vt 0.818287801 0.0125929397
vt 0.832848551 0.307690817
vt 0.832848551 0.602788693
vt 0.818287801 0.602788693
vt 0.812463501 0.0125929397
vt 0.807609917 0.307690817
vt 0.807609917 0.0125929397
vt 0.812463501 0.307690817
vt 0.812463501 0.602788693
vt 0.807609917 0.602788693
vt 0.891091553 0.0125929397
vt 0.88623797 0.307690817
vt 0.88623797 0.0125929397
vt 0.891091553 0.307690817
vt 0.891091553 0.602788693
vt 0.88623797 0.602788693
vt 0.881384386 0.0125929397
vt 0.866823636 0.307690817
vt 0.866823636 0.0125929397
vt 0.881384386 0.307690817
vt 0.881384386 0.602788693
vt 0.866823636 0.602788693
vt 0.843526435 0.0125929397
vt 0.837702135 0.307690817
vt 0.837702135 0.0125929397
vt 0.843526435 0.307690817
vt 0.843526435 0.602788693
vt 0.837702135 0.602788693
vt 0.861970052 0.0125929397
vt 0.856145752 0.307690817
vt 0.856145752 0.0125929397
vt 0.861970052 0.307690817
vt 0.861970052 0.602788693
vt 0.856145752 0.602788693
vt 0.0125929397 0.78625415
vt 0.690153196 0.78625415
vt 0.690153196 0.794019883
vt 0.0125929397 0.794019883
vt 0.0125929397 0.794019883
vt 0.690153196 0.794019883
vt 0.690153196 0.866823636
vt 0.0125929397 0.866823636
vt 0.559106442 0.602788693
vt 0.49795129 0.602788693
vt 0.49795129 0.575608626
vt 0.559106442 0.575608626
vt 0.470771222 0.602788693
vt 0.470771222 0.575608626
vt 0.49795129 0.575608626
vt 0.49795129 0.602788693
vt 0.382436003 0.602788693
vt 0.382436003 0.575608626
vt 0.462034772 0.575608626
vt 0.462034772 0.602788693
vt 0.364963102 0.602788693
vt 0.364963102 0.575608626
vt 0.375640986 0.575608626
vt 0.375640986 0.602788693
vt 0.32128085 0.602788693
vt 0.32128085 0.575608626
vt 0.358168085 0.575608626
vt 0.358168085 0.602788693
vt 0.30380795 0.575608626
vt 0.31545655 0.575608626
vt 0.31545655 0.602788693
vt 0.30380795 0.602788693
vt 0.0106515063 0.575608626
vt 0.0718066584 0.575608626
vt 0.0718066584 0.602788693
vt 0.0106515063 0.602788693
vt 0.0718066584 0.575608626
vt 0.0999574428 0.575608626
vt 0.0999574428 0.602788693
vt 0.0718066584 0.602788693
vt 0.107723176 0.575608626
vt 0.187321946 0.575608626
vt 0.187321946 0.602788693
vt 0.107723176 0.602788693
vt 0.194116963 0.575608626
vt 0.204794846 0.575608626
vt 0.204794846 0.602788693
vt 0.194116963 0.602788693
vt 0.211589863 0.575608626
vt 0.248477098 0.575608626
vt 0.248477098 0.602788693
vt 0.211589863 0.602788693
vt 0.266920715 0.602788693
vt 0.255272115 0.602788693
vt 0.255272115 0.575608626
vt 0.266920715 0.575608626
vt 0.622203027 0.718303981
vt 0.622203027 0.776546983
vt 0.564930742 0.776546983
vt 0.564930742 0.718303981
vt 0.61249586 0.694036063
vt 0.574637909 0.694036063
vt 0.61249586 0.618320161
vt 0.574637909 0.618320161
vt 0.620261594 0.611525144
vt 0.565901459 0.611525144
vt 0.620261594 0.576579343
vt 0.565901459 0.576579343
vt 0.610554427 0.570755042
vt 0.575608626 0.570755042
vt 0.30380795 0.575608626
vt 0.30380795 0.602788693
vt 0.266920715 0.602788693
vt 0.266920715 0.575608626
vt 0.688211763 0.753249782
vt 0.678504596 0.759074082
vt 0.643558795 0.759074082
vt 0.633851628 0.753249782
vt 0.688211763 0.718303981
vt 0.633851628 0.718303981
vt 0.680446029 0.711508964
vt 0.641617361 0.711508964
vt 0.680446029 0.635793061
vt 0.641617361 0.635793061
vt 0.690153196 0.611525144
vt 0.631910194 0.611525144
vt 0.690153196 0.553282142
vt 0.631910194 0.553282142
vt 0.70083108 0.307690817
vt 0.732864731 0.602788693
vt 0.70083108 0.602788693
vt 0.732864731 0.307690817
vt 0.70083108 0.0125929397
vt 0.732864731 0.0125929397
vt 0.856145752 0.0125929397
vt 0.843526435 0.307690817
vt 0.843526435 0.0125929397
vt 0.856145752 0.307690817
vt 0.856145752 0.602788693
vt 0.843526435 0.602788693
vt 0.99495824 0.0125929397
vt 0.962924589 0.307690817
vt 0.962924589 0.0125929397
vt 0.99495824 0.307690817
vt 0.99495824 0.602788693
vt 0.962924589 0.602788693
vt 0.743542615 0.0125929397
vt 0.732864731 0.307690817
vt 0.732864731 0.0125929397
vt 0.743542615 0.307690817
vt 0.743542615 0.602788693
vt 0.732864731 0.602788693
vt 0.962924589 0.0125929397
vt 0.952246706 0.307690817
vt 0.952246706 0.0125929397
vt 0.962924589 0.307690817
vt 0.962924589 0.602788693
vt 0.952246706 0.602788693
vt 0.801785617 0.0125929397
vt 0.751308349 0.307690817
vt 0.751308349 0.0125929397
vt 0.801785617 0.307690817
vt 0.801785617 0.602788693
vt 0.751308349 0.602788693
vt 0.947393122 0.0125929397
vt 0.896915854 0.307690817
vt 0.896915854 0.0125929397
vt 0.947393122 0.307690817
vt 0.947393122 0.602788693
vt 0.896915854 0.602788693
vt 0.832848551 0.0125929397
vt 0.818287801 0.307690817
vt 0.818287801 0.0125929397
vt 0.832848551 0.307690817
vt 0.832848551 0.602788693
vt 0.818287801 0.602788693
vt 0.812463501 0.0125929397
vt 0.807609917 0.307690817
vt 0.807609917 0.0125929397
vt 0.812463501 0.307690817
vt 0.812463501 0.602788693
vt 0.807609917 0.602788693
vt 0.891091553 0.0125929397
vt 0.88623797 0.307690817
vt 0.88623797 0.0125929397
vt 0.891091553 0.307690817
vt 0.891091553 0.602788693
vt 0.88623797 0.602788693
vt 0.881384386 0.0125929397
vt 0.866823636 0.307690817
vt 0.866823636 0.0125929397
vt 0.881384386 0.307690817
vt 0.881384386 0.602788693
vt 0.866823636 0.602788693
vt 0.843526435 0.0125929397
vt 0.837702135 0.307690817
vt 0.837702135 0.0125929397
vt 0.843526435 0.307690817
vt 0.843526435 0.602788693
vt 0.837702135 0.602788693
vt 0.861970052 0.0125929397
vt 0.856145752 0.307690817
vt 0.856145752 0.0125929397
vt 0.861970052 0.307690817
vt 0.861970052 0.602788693
vt 0.856145752 0.602788693
vt 0.0125929397 0.78625415
vt 0.690153196 0.78625415
vt 0.690153196 0.794019883
vt 0.0125929397 0.794019883
vt 0.0125929397 0.794019883
vt 0.690153196 0.794019883
vt 0.690153196 0.866823636
vt 0.0125929397 0.866823636
vn 0.999992311 0.00392153847 -0
vn 0.999992311 0.00392153847 -0
vn 0.999992311 0.00392153847 -0
vn 0.999992311 0.00392153847 -0
vn 0.929404674 0.356860022 0.0941162929
vn 0.929404674 0.356860022 0.0941162929
vn 0.929404674 0.356860022 0.0941162929
vn 0.929404674 0.356860022 0.0941162929
vn 0.999992311 0.00392153847 -0
vn 0.999992311 0.00392153847 -0
vn 0.999992311 0.00392153847 -0
vn 0.999992311 0.00392153847 -0
vn 0.599995422 -0.796072358 -0.0792104433
vn 0.599995422 -0.796072358 -0.0792104433
vn 0.599995422 -0.796072358 -0.0792104433
vn 0.599995422 -0.796072358 -0.0792104433
vn 0.999992311 0.00392153847 -0
vn 0.999992311 0.00392153847 -0
vn 0.999992311 0.00392153847 -0
vn 0.999992311 0.00392153847 -0
vn 0.498035416 0.866660055 -0.0293440684
vn 0.498035416 0.866660055 -0.0293440684
vn 0.498035416 0.866660055 -0.0293440684
vn 0.498035416 0.866660055 -0.0293440684
vn -0.999992311 0.00392153847 -0
vn -0.999992311 0.00392153847 -0
vn -0.999992311 0.00392153847 -0
vn -0.999992311 0.00392153847 -0
vn -0.929404674 0.356860022 0.0941162929
vn -0.929404674 0.356860022 0.0941162929
vn -0.929404674 0.356860022 0.0941162929
vn -0.929404674 0.356860022 0.0941162929
vn -0.999992311 0.00392153847 -0
vn -0.999992311 0.00392153847 -0
vn -0.999992311 0.00392153847 -0
vn -0.999992311 0.00392153847 -0
vn -0.599995422 -0.796072358 -0.0792104433
vn -0.599995422 -0.796072358 -0.0792104433
vn -0.599995422 -0.796072358 -0.0792104433
vn -0.599995422 -0.796072358 -0.0792104433
vn -0.999992311 0.00392153847 -0
vn -0.999992311 0.00392153847 -0
vn -0.999992311 0.00392153847 -0
vn -0.999992311 0.00392153847 -0
vn -0.498035416 0.866660055 0.0293440684
vn -0.498035416 0.866660055 0.0293440684
vn -0.498035416 0.866660055 0.0293440684
vn -0.498035416 0.866660055 0.0293440684
vn -0.00392153871 0.00392153871 0.999984621
vn -0.00392153871 0.00392153871 0.999984621
vn -0.00392153871 0.00392153871 0.999984621
vn -0.00392153871 0.00392153871 0.999984621
vn -0.00392153871 0.00392153871 0.999984621
vn -0.00392153871 0.00392153871 0.999984621
vn -0.00392153871 0.00392153871 0.999984621
vn -0.00392153871 0.00392153871 0.999984621
vn -0.00392153871 -0.00392153871 0.999984621
vn -0.00392153871 -0.00392153871 0.999984621
vn -0.00392153871 0.00392153871 0.999984621
vn -0.00392153871 0.00392153871 0.999984621
vn 0.00392153871 0.00392153871 0.999984621
vn 0.00392153871 0.00392153871 0.999984621
vn 0.00392153847 0.999992311 -0
vn 0.00392153847 0.999992311 -0
vn 0.00392153847 0.999992311 -0
vn 0.00392153847 0.999992311 -0
vn 0.00392153871 -0.00392153871 -0.999984621
vn 0.00392153871 -0.00392153871 -0.999984621
vn 0.00392153871 -0.00392153871 -0.999984621
vn 0.00392153871 -0.00392153871 -0.999984621
vn 0.00392153871 0.00392153871 -0.999984621
vn 0.00392153871 0.00392153871 -0.999984621
vn 0.00392153871 0.00392153871 -0.999984621
vn 0.00392153871 0.00392153871 -0.999984621
vn -0.00392153871 0.00392153871 -0.999984621
vn -0.00392153871 0.00392153871 -0.999984621
vn 0.00392153871 -0.00392153871 -0.999984621
vn 0.00392153871 -0.00392153871 -0.999984621
vn 0.00392153871 0.00392153871 -0.999984621
vn 0.00392153871 0.00392153871 -0.999984621
vn -0.999992311 -0.00392153847 -0
vn -0.999992311 -0.00392153847 -0
vn -0.999992311 -0.00392153847 -0
vn -0.999992311 -0.00392153847 -0
vn -0.999992311 -0.00392153847 -0
vn -0.999992311 -0.00392153847 -0
vn 0.00392153847 0.999992311 -0
vn 0.00392153847 0.999992311 -0
vn 0.00392153847 0.999992311 -0
vn 0.00392153847 0.999992311 -0
vn -0.00392153847 0.999992311 -0
vn -0.00392153847 0.999992311 -0
vn 0.999992311 0.00392153847 -0
vn 0.999992311 0.00392153847 -0
vn 0.999992311 0.00392153847 -0
vn 0.999992311 0.00392153847 -0
vn 0.999992311 0.00392153847 -0
vn 0.999992311 0.00392153847 -0
vn -0.874503132 0.482349261 -0.0508277732
vn -0.874503132 0.482349261 -0.0508277732
vn -0.874503132 0.482349261 -0.0508277732
vn -0.874503132 0.482349261 -0.0508277732
vn -0.874503132 0.482349261 0.0508277732
vn -0.874503132 0.482349261 0.0508277732
vn 0.874503132 0.482349261 0.0508277732
vn 0.874503132 0.482349261 0.0508277732
vn 0.874503132 0.482349261 0.0508277732
vn 0.874503132 0.482349261 0.0508277732
vn 0.874503132 0.482349261 -0.0508277732
vn 0.874503132 0.482349261 -0.0508277732
vn -0.999992311 0.00392153847 -0
vn -0.999992311 0.00392153847 -0
vn -0.999992311 0.00392153847 -0
vn -0.999992311 0.00392153847 -0
vn -0.999992311 0.00392153847 -0
vn -0.999992311 0.00392153847 -0
vn 0.999992311 0.00392153847 -0
vn 0.999992311 0.00392153847 -0
vn 0.999992311 0.00392153847 -0
vn 0.999992311 0.00392153847 -0
vn 0.999992311 0.00392153847 -0
vn 0.999992311 0.00392153847 -0
vn -0.999992311 0.00392153847 -0
vn -0.999992311 0.00392153847 -0
vn -0.999992311 0.00392153847 -0
vn -0.999992311 0.00392153847 -0
vn -0.999992311 0.00392153847 -0
vn -0.999992311 0.00392153847 -0
vn -0.717641584 -0.694112351 -0.056556177
vn -0.717641584 -0.694112351 -0.056556177
vn -0.717641584 -0.694112351 -0.056556177
vn -0.717641584 -0.694112351 -0.056556177
vn -0.717641584 -0.694112351 0.056556177
vn -0.717641584 -0.694112351 0.056556177
vn 0.717641584 -0.694112351 -0.056556177
vn 0.717641584 -0.694112351 -0.056556177
vn 0.717641584 -0.694112351 -0.056556177
vn 0.717641584 -0.694112351 -0.056556177
vn 0.717641584 -0.694112351 -0.056556177
vn 0.717641584 -0.694112351 -0.056556177
vn 0.999992311 0.00392153847 -0
vn 0.999992311 0.00392153847 -0
vn 0.999992311 0.00392153847 -0
vn 0.999992311 0.00392153847 -0
vn 0.999992311 0.00392153847 -0
vn 0.999992311 0.00392153847 -0
vn -0.615567953 0.788083812 -0
vn -0.615567953 0.788083812 -0
vn -0.615567953 0.788083812 -0
vn -0.615567953 0.788083812 -0
vn -0.615567953 0.788083812 -0
vn -0.615567953 0.788083812 -0
vn 0.615567953 0.788083812 -0
vn 0.615567953 0.788083812 -0
vn 0.615567953 0.788083812 -0
vn 0.615567953 0.788083812 -0
vn 0.615567953 0.788083812 -0
vn 0.615567953 0.788083812 -0
vn -0.952933906 0.301958481 -0.0271670136
vn -0.952933906 0.301958481 -0.0271670136
vn -0.952933906 0.301958481 -0.0271670136
vn -0.952933906 0.301958481 -0.0271670136
vn -0.00392153847 0.999992311 -0
vn -0.00392153847 0.999992311 -0
vn -0.00392153847 0.999992311 -0
vn -0.00392153847 0.999992311 -0
vn 0.999992311 0.00392153847 -0
vn 0.999992311 0.00392153847 -0
vn 0.999992311 0.00392153847 -0
vn 0.999992311 0.00392153847 -0
vn 0.929404674 0.356860022 -0.0941162929
vn 0.929404674 0.356860022 -0.0941162929
vn 0.929404674 0.356860022 -0.0941162929
vn 0.929404674 0.356860022 -0.0941162929
vn 0.999992311 0.00392153847 -0
vn 0.999992311 0.00392153847 -0
vn 0.999992311 0.00392153847 -0
vn 0.999992311 0.00392153847 -0
vn 0.599995422 -0.796072358 -0.0792104433
vn 0.599995422 -0.796072358 -0.0792104433
vn 0.599995422 -0.796072358 -0.0792104433
vn 0.599995422 -0.796072358 -0.0792104433
vn 0.999992311 0.00392153847 -0
vn 0.999992311 0.00392153847 -0
vn 0.999992311 0.00392153847 -0
vn 0.999992311 0.00392153847 -0
vn 0.498035416 0.866660055 -0.0293440684
vn 0.498035416 0.866660055 -0.0293440684
vn 0.498035416 0.866660055 -0.0293440684
vn 0.498035416 0.866660055 -0.0293440684
vn -0.999992311 0.00392153847 -0
vn -0.999992311 0.00392153847 -0
vn -0.999992311 0.00392153847 -0
vn -0.999992311 0.00392153847 -0
vn -0.929404674 0.356860022 -0.0941162929
vn -0.929404674 0.356860022 -0.0941162929
vn -0.929404674 0.356860022 -0.0941162929
vn -0.929404674 0.356860022 -0.0941162929
vn -0.999992311 0.00392153847 -0
vn -0.999992311 0.00392153847 -0
vn -0.999992311 0.00392153847 -0
vn -0.999992311 0.00392153847 -0
vn -0.599995422 -0.796072358 -0.0792104433
vn -0.599995422 -0.796072358 -0.0792104433
vn -0.599995422 -0.796072358 -0.0792104433
vn -0.599995422 -0.796072358 -0.0792104433
vn -0.999992311 0.00392153847 -0
vn -0.999992311 0.00392153847 -0
vn -0.999992311 0.00392153847 -0
vn -0.999992311 0.00392153847 -0
vn -0.498035416 0.866660055 -0.0293440684
vn -0.498035416 0.866660055 -0.0293440684
vn -0.498035416 0.866660055 -0.0293440684
vn -0.498035416 0.866660055 -0.0293440684
vn -0.00392153871 0.00392153871 0.999984621
vn -0.00392153871 0.00392153871 0.999984621
vn -0.00392153871 0.00392153871 0.999984621
vn -0.00392153871 0.00392153871 0.999984621
vn -0.00392153871 0.00392153871 0.999984621
vn -0.00392153871 0.00392153871 0.999984621
vn -0.00392153871 -0.00392153871 0.999984621
vn -0.00392153871 -0.00392153871 0.999984621
vn -0.00392153871 0.00392153871 0.999984621
vn -0.00392153871 0.00392153871 0.999984621
vn 0.00392153871 0.00392153871 0.999984621
vn 0.00392153871 0.00392153871 0.999984621
vn 0.00392153871 0.00392153871 0.999984621
vn 0.00392153871 0.00392153871 0.999984621
vn -0.00392153847 0.999992311 -0
vn -0.00392153847 0.999992311 -0
vn -0.00392153847 0.999992311 -0
vn -0.00392153847 0.999992311 -0
vn -0.00392153871 0.00392153871 -0.999984621
vn -0.00392153871 0.00392153871 -0.999984621
vn -0.00392153871 0.00392153871 -0.999984621
vn -0.00392153871 0.00392153871 -0.999984621
vn -0.00392153871 0.00392153871 -0.999984621
vn -0.00392153871 0.00392153871 -0.999984621
vn -0.00392153871 0.00392153871 -0.999984621
vn -0.00392153871 0.00392153871 -0.999984621
vn -0.00392153871 0.00392153871 -0.999984621
vn -0.00392153871 0.00392153871 -0.999984621
vn -0.00392153871 0.00392153871 -0.999984621
vn -0.00392153871 0.00392153871 -0.999984621
vn -0.00392153871 0.00392153871 -0.999984621
vn -0.00392153871 0.00392153871 -0.999984621
vn -0.999992311 0.00392153847 -0
vn -0.999992311 0.00392153847 -0
vn -0.999992311 0.00392153847 -0
vn -0.999992311 0.00392153847 -0
vn -0.999992311 0.00392153847 -0
vn -0.999992311 0.00392153847 -0
vn -0.00392153847 0.999992311 -0
vn -0.00392153847 0.999992311 -0
vn -0.00392153847 0.999992311 -0
vn -0.00392153847 0.999992311 -0
vn -0.00392153847 0.999992311 -0
vn -0.00392153847 0.999992311 -0
vn 0.999992311 0.00392153847 -0
vn 0.999992311 0.00392153847 -0
vn 0.999992311 0.00392153847 -0
vn 0.999992311 0.00392153847 -0
vn 0.999992311 0.00392153847 -0
vn 0.999992311 0.00392153847 -0
vn -0.874503132 0.482349261 -0.0508277732
vn -0.874503132 0.482349261 -0.0508277732
vn -0.874503132 0.482349261 -0.0508277732
vn -0.874503132 0.482349261 -0.0508277732
vn -0.874503132 0.482349261 0.0508277732
vn -0.874503132 0.482349261 0.0508277732
vn 0.874503132 0.482349261 0.0508277732
vn 0.874503132 0.482349261 0.0508277732
vn 0.874503132 0.482349261 0.0508277732
vn 0.874503132 0.482349261 0.0508277732
vn 0.874503132 0.482349261 -0.0508277732
vn 0.874503132 0.482349261 -0.0508277732
vn -0.999992311 0.00392153847 -0
vn -0.999992311 0.00392153847 -0
vn -0.999992311 0.00392153847 -0
vn -0.999992311 0.00392153847 -0
vn -0.999992311 0.00392153847 -0
vn -0.999992311 0.00392153847 -0
vn 0.999992311 0.00392153847 -0
vn 0.999992311 0.00392153847 -0
vn 0.999992311 0.00392153847 -0
vn 0.999992311 0.00392153847 -0
vn 0.999992311 0.00392153847 -0
vn 0.999992311 0.00392153847 -0
vn -0.999992311 0.00392153847 -0
vn -0.999992311 0.00392153847 -0
vn -0.999992311 0.00392153847 -0
vn -0.999992311 0.00392153847 -0
vn -0.999992311 0.00392153847 -0
vn -0.999992311 0.00392153847 -0
vn -0.717641584 -0.694112351 -0.056556177
vn -0.717641584 -0.694112351 -0.056556177
vn -0.717641584 -0.694112351 -0.056556177
vn -0.717641584 -0.694112351 -0.056556177
vn -0.717641584 -0.694112351 0.056556177
vn -0.717641584 -0.694112351 0.056556177
vn 0.717641584 -0.694112351 -0.056556177
vn 0.717641584 -0.694112351 -0.056556177
vn 0.717641584 -0.694112351 -0.056556177
vn 0.717641584 -0.694112351 -0.056556177
vn 0.717641584 -0.694112351 -0.056556177
vn 0.717641584 -0.694112351 -0.056556177
vn 0.999992311 0.00392153847 -0
vn 0.999992311 0.00392153847 -0
vn 0.999992311 0.00392153847 -0
vn 0.999992311 0.00392153847 -0
vn 0.999992311 0.00392153847 -0
vn 0.999992311 0.00392153847 -0
vn -0.615567953 0.788083812 -0
vn -0.615567953 0.788083812 -0
vn -0.615567953 0.788083812 -0
vn -0.615567953 0.788083812 -0
vn -0.615567953 0.788083812 -0
vn -0.615567953 0.788083812 -0
vn 0.615567953 0.788083812 -0
vn 0.615567953 0.788083812 -0
vn 0.615567953 0.788083812 -0
vn 0.615567953 0.788083812 -0
vn 0.615567953 0.788083812 -0
vn 0.615567953 0.788083812 -0
vn -0.952933906 0.301958481 -0.0271670136
vn -0.952933906 0.301958481 -0.0271670136
vn -0.952933906 0.301958481 -0.0271670136
vn -0.952933906 0.301958481 -0.0271670136
vn -0.00392153847 0.999992311 -0
vn -0.00392153847 0.999992311 -0
vn -0.00392153847 0.999992311 -0
vn -0.00392153847 0.999992311 -0
vn -0.999992311 0.00392153847 -0
vn -0.999992311 0.00392153847 -0
vn -0.999992311 0.00392153847 -0
vn -0.999992311 0.00392153847 -0
vn -0.929404674 0.356860022 0.0941162929
vn -0.929404674 0.356860022 0.0941162929
vn -0.929404674 0.356860022 0.0941162929
vn -0.929404674 0.356860022 0.0941162929
vn -0.999992311 0.00392153847 -0
vn -0.999992311 0.00392153847 -0
vn -0.999992311 0.00392153847 -0
vn -0.999992311 0.00392153847 -0
vn -0.599995422 -0.796072358 -0.0792104433
vn -0.599995422 -0.796072358 -0.0792104433
vn -0.599995422 -0.796072358 -0.0792104433
vn -0.599995422 -0.796072358 -0.0792104433
vn -0.999992311 0.00392153847 -0
vn -0.999992311 0.00392153847 -0
vn -0.999992311 0.00392153847 -0
vn -0.999992311 0.00392153847 -0
vn -0.498035416 0.866660055 -0.0293440684
vn -0.498035416 0.866660055 -0.0293440684
vn -0.498035416 0.866660055 -0.0293440684
vn -0.498035416 0.866660055 -0.0293440684
vn 0.999992311 0.00392153847 -0
vn 0.999992311 0.00392153847 -0
vn 0.999992311 0.00392153847 -0
vn 0.999992311 0.00392153847 -0
vn 0.929404674 0.356860022 -0.0941162929
vn 0.929404674 0.356860022 -0.0941162929
vn 0.929404674 0.356860022 -0.0941162929
vn 0.929404674 0.356860022 -0.0941162929
vn 0.999992311 0.00392153847 -0
vn 0.999992311 0.00392153847 -0
vn 0.999992311 0.00392153847 -0
vn 0.999992311 0.00392153847 -0
vn 0.599995422 -0.796072358 -0.0792104433
vn 0.599995422 -0.796072358 -0.0792104433
vn 0.599995422 -0.796072358 -0.0792104433
vn 0.599995422 -0.796072358 -0.0792104433
vn 0.999992311 0.00392153847 -0
vn 0.999992311 0.00392153847 -0
vn 0.999992311 0.00392153847 -0
vn 0.999992311 0.00392153847 -0
vn 0.498035416 0.866660055 0.0293440684
vn 0.498035416 0.866660055 0.0293440684
vn 0.498035416 0.866660055 0.0293440684
vn 0.498035416 0.866660055 0.0293440684
vn -0.00392153871 0.00392153871 0.999984621
vn -0.00392153871 0.00392153871 0.999984621
vn -0.00392153871 0.00392153871 0.999984621
vn -0.00392153871 0.00392153871 0.999984621
vn -0.00392153871 0.00392153871 0.999984621
vn -0.00392153871 0.00392153871 0.999984621
vn -0.00392153871 0.00392153871 0.999984621
vn -0.00392153871 0.00392153871 0.999984621
vn -0.00392153871 0.00392153871 0.999984621
vn -0.00392153871 0.00392153871 0.999984621
vn -0.00392153871 0.00392153871 0.999984621
vn -0.00392153871 0.00392153871 0.999984621
vn -0.00392153871 0.00392153871 0.999984621
vn -0.00392153871 0.00392153871 0.999984621
vn -0.00392153847 0.999992311 -0
vn -0.00392153847 0.999992311 -0
vn -0.00392153847 0.999992311 -0
vn -0.00392153847 0.999992311 -0
vn -0.00392153871 0.00392153871 -0.999984621
vn -0.00392153871 0.00392153871 -0.999984621
vn -0.00392153871 0.00392153871 -0.999984621
vn -0.00392153871 0.00392153871 -0.999984621
vn -0.00392153871 0.00392153871 -0.999984621
vn -0.00392153871 0.00392153871 -0.999984621
vn -0.00392153871 0.00392153871 -0.999984621
vn -0.00392153871 0.00392153871 -0.999984621
vn -0.00392153871 0.00392153871 -0.999984621
vn -0.00392153871 0.00392153871 -0.999984621
vn -0.00392153871 0.00392153871 -0.999984621
vn -0.00392153871 0.00392153871 -0.999984621
vn -0.00392153871 0.00392153871 -0.999984621
vn -0.00392153871 0.00392153871 -0.999984621
vn 0.999992311 0.00392153847 -0
vn 0.999992311 0.00392153847 -0
vn 0.999992311 0.00392153847 -0
vn 0.999992311 0.00392153847 -0
vn 0.999992311 0.00392153847 -0
vn 0.999992311 0.00392153847 -0
vn -0.00392153847 0.999992311 -0
vn -0.00392153847 0.999992311 -0
vn -0.00392153847 0.999992311 -0
vn -0.00392153847 0.999992311 -0
vn -0.00392153847 0.999992311 -0
vn -0.00392153847 0.999992311 -0
vn -0.999992311 0.00392153847 -0
vn -0.999992311 0.00392153847 -0
vn -0.999992311 0.00392153847 -0
vn -0.999992311 0.00392153847 -0
vn -0.999992311 0.00392153847 -0
vn -0.999992311 0.00392153847 -0
vn 0.874503132 0.482349261 -0.0508277732
vn 0.874503132 0.482349261 -0.0508277732
vn 0.874503132 0.482349261 -0.0508277732
vn 0.874503132 0.482349261 -0.0508277732
vn 0.874503132 0.482349261 -0.0508277732
vn 0.874503132 0.482349261 -0.0508277732
vn -0.874503132 0.482349261 0.0508277732
vn -0.874503132 0.482349261 0.0508277732
vn -0.874503132 0.482349261 0.0508277732
vn -0.874503132 0.482349261 0.0508277732
vn -0.874503132 0.482349261 -0.0508277732
vn -0.874503132 0.482349261 -0.0508277732
vn 0.999992311 0.00392153847 -0
vn 0.999992311 0.00392153847 -0
vn 0.999992311 0.00392153847 -0
vn 0.999992311 0.00392153847 -0
vn 0.999992311 0.00392153847 -0
vn 0.999992311 0.00392153847 -0
vn -0.999992311 0.00392153847 -0
vn -0.999992311 0.00392153847 -0
vn -0.999992311 0.00392153847 -0
vn -0.999992311 0.00392153847 -0
vn -0.999992311 0.00392153847 -0
vn -0.999992311 0.00392153847 -0
vn 0.999992311 0.00392153847 -0
vn 0.999992311 0.00392153847 -0
vn 0.999992311 0.00392153847 -0
vn 0.999992311 0.00392153847 -0
vn 0.999992311 0.00392153847 -0
vn 0.999992311 0.00392153847 -0
vn 0.717641584 -0.694112351 -0.056556177
vn 0.717641584 -0.694112351 -0.056556177
vn 0.717641584 -0.694112351 -0.056556177
vn 0.717641584 -0.694112351 -0.056556177
vn 0.717641584 -0.694112351 0.056556177
vn 0.717641584 -0.694112351 0.056556177
vn -0.717641584 -0.694112351 -0.056556177
vn -0.717641584 -0.694112351 -0.056556177
vn -0.717641584 -0.694112351 -0.056556177
vn -0.717641584 -0.694112351 -0.056556177
vn -0.717641584 -0.694112351 -0.056556177
vn -0.717641584 -0.694112351 -0.056556177
vn -0.999992311 0.00392153847 -0
vn -0.999992311 0.00392153847 -0
vn -0.999992311 0.00392153847 -0
vn -0.999992311 0.00392153847 -0
vn -0.999992311 0.00392153847 -0
vn -0.999992311 0.00392153847 -0
vn 0.615567953 0.788083812 -0
vn 0.615567953 0.788083812 -0
vn 0.615567953 0.788083812 -0
vn 0.615567953 0.788083812 -0
vn 0.615567953 0.788083812 -0
vn 0.615567953 0.788083812 -0
vn -0.615567953 0.788083812 -0
vn -0.615567953 0.788083812 -0
vn -0.615567953 0.788083812 -0
vn -0.615567953 0.788083812 -0
vn -0.615567953 0.788083812 -0
vn -0.615567953 0.788083812 -0
vn 0.952933906 0.301958481 -0.0271670136
vn 0.952933906 0.301958481 -0.0271670136
vn 0.952933906 0.301958481 -0.0271670136
vn 0.952933906 0.301958481 -0.0271670136
vn -0.00392153847 0.999992311 -0
vn -0.00392153847 0.999992311 -0
vn -0.00392153847 0.999992311 -0
vn -0.00392153847 0.999992311 -0
vn -0.999992311 0.00392153847 -0
vn -0.999992311 0.00392153847 -0
vn -0.999992311 0.00392153847 -0
vn -0.999992311 0.00392153847 -0
vn -0.929404674 0.356860022 0.0941162929
vn -0.929404674 0.356860022 0.0941162929
vn -0.929404674 0.356860022 0.0941162929
vn -0.929404674 0.356860022 0.0941162929
vn -0.999992311 0.00392153847 -0
vn -0.999992311 0.00392153847 -0
vn -0.999992311 0.00392153847 -0
vn -0.999992311 0.00392153847 -0
vn -0.599995422 -0.796072358 -0.0792104433
vn -0.599995422 -0.796072358 -0.0792104433
vn -0.599995422 -0.796072358 -0.0792104433
vn -0.599995422 -0.796072358 -0.0792104433
vn -0.999992311 0.00392153847 -0
vn -0.999992311 0.00392153847 -0
vn -0.999992311 0.00392153847 -0
vn -0.999992311 0.00392153847 -0
vn -0.498035416 0.866660055 -0.0293440684
vn -0.498035416 0.866660055 -0.0293440684
vn -0.498035416 0.866660055 -0.0293440684
vn -0.498035416 0.866660055 -0.0293440684
vn 0.999992311 0.00392153847 -0
vn 0.999992311 0.00392153847 -0
vn 0.999992311 0.00392153847 -0
vn 0.999992311 0.00392153847 -0
vn 0.929404674 0.356860022 0.0941162929
vn 0.929404674 0.356860022 0.0941162929
vn 0.929404674 0.356860022 0.0941162929
vn 0.929404674 0.356860022 0.0941162929
vn 0.999992311 0.00392153847 -0
vn 0.999992311 0.00392153847 -0
vn 0.999992311 0.00392153847 -0
vn 0.999992311 0.00392153847 -0
vn 0.599995422 -0.796072358 -0.0792104433
vn 0.599995422 -0.796072358 -0.0792104433
vn 0.599995422 -0.796072358 -0.0792104433
vn 0.599995422 -0.796072358 -0.0792104433
vn 0.999992311 0.00392153847 -0
vn 0.999992311 0.00392153847 -0
vn 0.999992311 0.00392153847 -0
vn 0.999992311 0.00392153847 -0
vn 0.498035416 0.866660055 0.0293440684
vn 0.498035416 0.866660055 0.0293440684
vn 0.498035416 0.866660055 0.0293440684
vn 0.498035416 0.866660055 0.0293440684
vn -0.00392153871 0.00392153871 0.999984621
vn -0.00392153871 0.00392153871 0.999984621
vn -0.00392153871 0.00392153871 0.999984621
vn -0.00392153871 0.00392153871 0.999984621
vn -0.00392153871 0.00392153871 0.999984621
vn -0.00392153871 0.00392153871 0.999984621
vn -0.00392153871 -0.00392153871 0.999984621
vn -0.00392153871 -0.00392153871 0.999984621
vn -0.00392153871 0.00392153871 0.999984621
vn -0.00392153871 0.00392153871 0.999984621
vn -0.00392153871 0.00392153871 0.999984621
vn -0.00392153871 0.00392153871 0.999984621
vn -0.00392153871 0.00392153871 0.999984621
vn -0.00392153871 0.00392153871 0.999984621
vn -0.00392153847 0.999992311 -0
vn -0.00392153847 0.999992311 -0
vn -0.00392153847 0.999992311 -0
vn -0.00392153847 0.999992311 -0
vn -0.00392153871 0.00392153871 -0.999984621
vn -0.00392153871 0.00392153871 -0.999984621
vn -0.00392153871 0.00392153871 -0.999984621
vn -0.00392153871 0.00392153871 -0.999984621
vn -0.00392153871 0.00392153871 -0.999984621
vn -0.00392153871 0.00392153871 -0.999984621
vn -0.00392153871 0.00392153871 -0.999984621
vn -0.00392153871 0.00392153871 -0.999984621
vn -0.00392153871 0.00392153871 -0.999984621
vn -0.00392153871 0.00392153871 -0.999984621
vn -0.00392153871 0.00392153871 -0.999984621
vn -0.00392153871 0.00392153871 -0.999984621
vn -0.00392153871 0.00392153871 -0.999984621
vn -0.00392153871 0.00392153871 -0.999984621
vn 0.999992311 -0.00392153847 -0
vn 0.999992311 -0.00392153847 -0
vn 0.999992311 -0.00392153847 -0
vn 0.999992311 -0.00392153847 -0
vn 0.999992311 -0.00392153847 -0
vn 0.999992311 -0.00392153847 -0
vn -0.00392153847 0.999992311 -0
vn -0.00392153847 0.999992311 -0
vn -0.00392153847 0.999992311 -0
vn -0.00392153847 0.999992311 -0
vn -0.00392153847 0.999992311 -0
vn -0.00392153847 0.999992311 -0
vn -0.999992311 0.00392153847 -0
vn -0.999992311 0.00392153847 -0
vn -0.999992311 0.00392153847 -0
vn -0.999992311 0.00392153847 -0
vn -0.999992311 0.00392153847 -0
vn -0.999992311 0.00392153847 -0
vn 0.874503132 0.482349261 -0.0508277732
vn 0.874503132 0.482349261 -0.0508277732
vn 0.874503132 0.482349261 -0.0508277732
vn 0.874503132 0.482349261 -0.0508277732
vn 0.874503132 0.482349261 0.0508277732
vn 0.874503132 0.482349261 0.0508277732
vn -0.874503132 0.482349261 0.0508277732
vn -0.874503132 0.482349261 0.0508277732
vn -0.874503132 0.482349261 0.0508277732
vn -0.874503132 0.482349261 0.0508277732
vn -0.874503132 0.482349261 -0.0508277732
vn -0.874503132 0.482349261 -0.0508277732
vn 0.999992311 0.00392153847 -0
vn 0.999992311 0.00392153847 -0
vn 0.999992311 0.00392153847 -0
vn 0.999992311 0.00392153847 -0
vn 0.999992311 0.00392153847 -0
vn 0.999992311 0.00392153847 -0
vn -0.999992311 0.00392153847 -0
vn -0.999992311 0.00392153847 -0
vn -0.999992311 0.00392153847 -0
vn -0.999992311 0.00392153847 -0
vn -0.999992311 0.00392153847 -0
vn -0.999992311 0.00392153847 -0
vn 0.999992311 0.00392153847 -0
vn 0.999992311 0.00392153847 -0
vn 0.999992311 0.00392153847 -0
vn 0.999992311 0.00392153847 -0
vn 0.999992311 0.00392153847 -0
vn 0.999992311 0.00392153847 -0
vn 0.717641584 -0.694112351 -0.056556177
vn 0.717641584 -0.694112351 -0.056556177
vn 0.717641584 -0.694112351 -0.056556177
vn 0.717641584 -0.694112351 -0.056556177
vn 0.717641584 -0.694112351 0.056556177
vn 0.717641584 -0.694112351 0.056556177
vn -0.717641584 -0.694112351 0.056556177
vn -0.717641584 -0.694112351 0.056556177
vn -0.717641584 -0.694112351 0.056556177
vn -0.717641584 -0.694112351 0.056556177
vn -0.717641584 -0.694112351 -0.056556177
vn -0.717641584 -0.694112351 -0.056556177
vn -0.999992311 0.00392153847 -0
vn -0.999992311 0.00392153847 -0
vn -0.999992311 0.00392153847 -0
vn -0.999992311 0.00392153847 -0
vn -0.999992311 0.00392153847 -0
vn -0.999992311 0.00392153847 -0
vn 0.615567953 0.788083812 -0
vn 0.615567953 0.788083812 -0
vn 0.615567953 0.788083812 -0
vn 0.615567953 0.788083812 -0
vn 0.615567953 0.788083812 -0
vn 0.615567953 0.788083812 -0
vn -0.615567953 0.788083812 -0
vn -0.615567953 0.788083812 -0
vn -0.615567953 0.788083812 -0
vn -0.615567953 0.788083812 -0
vn -0.615567953 0.788083812 -0
vn -0.615567953 0.788083812 -0
vn 0.952933906 0.301958481 -0.0271670136
vn 0.952933906 0.301958481 -0.0271670136
vn 0.952933906 0.301958481 -0.0271670136
vn 0.952933906 0.301958481 -0.0271670136
vn -0.00392153847 0.999992311 -0
vn -0.00392153847 0.999992311 -0
vn -0.00392153847 0.999992311 -0
vn -0.00392153847 0.999992311 -0
vn -0.999992311 0.00392153847 -0
vn -0.999992311 0.00392153847 -0
vn -0.999992311 0.00392153847 -0
vn -0.999992311 0.00392153847 -0
vn -0.929404674 0.356860022 0.0941162929
vn -0.929404674 0.356860022 0.0941162929
vn -0.929404674 0.356860022 0.0941162929
vn -0.929404674 0.356860022 0.0941162929
vn -0.999992311 0.00392153847 -0
vn -0.999992311 0.00392153847 -0
vn -0.999992311 0.00392153847 -0
vn -0.999992311 0.00392153847 -0
vn -0.599995422 -0.796072358 -0.0792104433
vn -0.599995422 -0.796072358 -0.0792104433
vn -0.599995422 -0.796072358 -0.0792104433
vn -0.599995422 -0.796072358 -0.0792104433
vn -0.999992311 0.00392153847 -0
vn -0.999992311 0.00392153847 -0
vn -0.999992311 0.00392153847 -0
vn -0.999992311 0.00392153847 -0
vn -0.498035416 0.866660055 -0.0293440684
vn -0.498035416 0.866660055 -0.0293440684
vn -0.498035416 0.866660055 -0.0293440684
vn -0.498035416 0.866660055 -0.0293440684
vn 0.999992311 0.00392153847 -0
vn 0.999992311 0.00392153847 -0
vn 0.999992311 0.00392153847 -0
vn 0.999992311 0.00392153847 -0
vn 0.929404674 0.356860022 0.0941162929
vn 0.929404674 0.356860022 0.0941162929
vn 0.929404674 0.356860022 0.0941162929
vn 0.929404674 0.356860022 0.0941162929
vn 0.999992311 0.00392153847 -0
vn 0.999992311 0.00392153847 -0
vn 0.999992311 0.00392153847 -0
vn 0.999992311 0.00392153847 -0
vn 0.599995422 -0.796072358 -0.0792104433
vn 0.599995422 -0.796072358 -0.0792104433
vn 0.599995422 -0.796072358 -0.0792104433
vn 0.599995422 -0.796072358 -0.0792104433
vn 0.999992311 0.00392153847 -0
vn 0.999992311 0.00392153847 -0
vn 0.999992311 0.00392153847 -0
vn 0.999992311 0.00392153847 -0
vn 0.498035416 0.866660055 0.0293440684
vn 0.498035416 0.866660055 0.0293440684
vn 0.498035416 0.866660055 0.0293440684
vn 0.498035416 0.866660055 0.0293440684
vn -0.00392153871 0.00392153871 0.999984621
vn -0.00392153871 0.00392153871 0.999984621
vn -0.00392153871 0.00392153871 0.999984621
vn -0.00392153871 0.00392153871 0.999984621
vn -0.00392153871 0.00392153871 0.999984621
vn -0.00392153871 0.00392153871 0.999984621
vn -0.00392153871 0.00392153871 0.999984621
vn -0.00392153871 0.00392153871 0.999984621
vn -0.00392153871 0.00392153871 0.999984621
vn -0.00392153871 0.00392153871 0.999984621
vn -0.00392153871 0.00392153871 0.999984621
vn -0.00392153871 0.00392153871 0.999984621
vn -0.00392153871 0.00392153871 0.999984621
vn -0.00392153871 0.00392153871 0.999984621
vn -0.00392153847 0.999992311 -0
vn -0.00392153847 0.999992311 -0
vn -0.00392153847 0.999992311 -0
vn -0.00392153847 0.999992311 -0
vn -0.00392153871 0.00392153871 -0.999984621
vn -0.00392153871 0.00392153871 -0.999984621
vn -0.00392153871 0.00392153871 -0.999984621
vn -0.00392153871 0.00392153871 -0.999984621
vn -0.00392153871 0.00392153871 -0.999984621
vn -0.00392153871 0.00392153871 -0.999984621
vn -0.00392153871 0.00392153871 -0.999984621
vn -0.00392153871 0.00392153871 -0.999984621
vn -0.00392153871 0.00392153871 -0.999984621
vn -0.00392153871 0.00392153871 -0.999984621
vn -0.00392153871 -0.00392153871 -0.999984621
vn -0.00392153871 -0.00392153871 -0.999984621
vn -0.00392153871 0.00392153871 -0.999984621
vn -0.00392153871 0.00392153871 -0.999984621
vn 0.999992311 -0.00392153847 -0
vn 0.999992311 -0.00392153847 -0
vn 0.999992311 -0.00392153847 -0
vn 0.999992311 -0.00392153847 -0
vn 0.999992311 -0.00392153847 -0
vn 0.999992311 -0.00392153847 -0
vn -0.00392153847 0.999992311 -0
vn -0.00392153847 0.999992311 -0
vn -0.00392153847 0.999992311 -0
vn -0.00392153847 0.999992311 -0
vn -0.00392153847 0.999992311 -0
vn -0.00392153847 0.999992311 -0
vn -0.999992311 0.00392153847 -0
vn -0.999992311 0.00392153847 -0
vn -0.999992311 0.00392153847 -0
vn -0.999992311 0.00392153847 -0
vn -0.999992311 0.00392153847 -0
vn -0.999992311 0.00392153847 -0
vn 0.874503132 0.482349261 0.0508277732
vn 0.874503132 0.482349261 0.0508277732
vn 0.874503132 0.482349261 0.0508277732
vn 0.874503132 0.482349261 0.0508277732
vn 0.874503132 0.482349261 0.0508277732
vn 0.874503132 0.482349261 0.0508277732
vn -0.874503132 0.482349261 0.0508277732
vn -0.874503132 0.482349261 0.0508277732
vn -0.874503132 0.482349261 0.0508277732
vn -0.874503132 0.482349261 0.0508277732
vn -0.874503132 0.482349261 -0.0508277732
vn -0.874503132 0.482349261 -0.0508277732
vn 0.999992311 0.00392153847 -0
vn 0.999992311 0.00392153847 -0
vn 0.999992311 0.00392153847 -0
vn 0.999992311 0.00392153847 -0
vn 0.999992311 0.00392153847 -0
vn 0.999992311 0.00392153847 -0
vn -0.999992311 0.00392153847 -0
vn -0.999992311 0.00392153847 -0
vn -0.999992311 0.00392153847 -0
vn -0.999992311 0.00392153847 -0
vn -0.999992311 0.00392153847 -0
vn -0.999992311 0.00392153847 -0
vn 0.999992311 0.00392153847 -0
vn 0.999992311 0.00392153847 -0
vn 0.999992311 0.00392153847 -0
vn 0.999992311 0.00392153847 -0
vn 0.999992311 0.00392153847 -0
vn 0.999992311 0.00392153847 -0
vn 0.717641584 -0.694112351 -0.056556177
vn 0.717641584 -0.694112351 -0.056556177
vn 0.717641584 -0.694112351 -0.056556177
vn 0.717641584 -0.694112351 -0.056556177
vn 0.717641584 -0.694112351 0.056556177
vn 0.717641584 -0.694112351 0.056556177
vn -0.717641584 -0.694112351 -0.056556177
vn -0.717641584 -0.694112351 -0.056556177
vn -0.717641584 -0.694112351 -0.056556177
vn -0.717641584 -0.694112351 -0.056556177
vn -0.717641584 -0.694112351 -0.056556177
vn -0.717641584 -0.694112351 -0.056556177
vn -0.999992311 -0.00392153847 -0
vn -0.999992311 -0.00392153847 -0
vn -0.999992311 -0.00392153847 -0
vn -0.999992311 -0.00392153847 -0
vn -0.999992311 -0.00392153847 -0
vn -0.999992311 -0.00392153847 -0
vn 0.615567953 0.788083812 -0
vn 0.615567953 0.788083812 -0
vn 0.615567953 0.788083812 -0
vn 0.615567953 0.788083812 -0
vn 0.615567953 0.788083812 -0
vn 0.615567953 0.788083812 -0
vn -0.615567953 0.788083812 -0
vn -0.615567953 0.788083812 -0
vn -0.615567953 0.788083812 -0
vn -0.615567953 0.788083812 -0
vn -0.615567953 0.788083812 -0
vn -0.615567953 0.788083812 -0
vn 0.952933906 0.301958481 -0.0271670136
vn 0.952933906 0.301958481 -0.0271670136
vn 0.952933906 0.301958481 -0.0271670136
vn 0.952933906 0.301958481 -0.0271670136
vn -0.00392153847 0.999992311 -0
vn -0.00392153847 0.999992311 -0
vn -0.00392153847 0.999992311 -0
vn -0.00392153847 0.999992311 -0
vn -0.999992311 0.00392153847 -0
vn -0.999992311 0.00392153847 -0
vn -0.999992311 0.00392153847 -0
vn -0.999992311 0.00392153847 -0
vn -0.929404674 0.356860022 0.0941162929
vn -0.929404674 0.356860022 0.0941162929
vn -0.929404674 0.356860022 0.0941162929
vn -0.929404674 0.356860022 0.0941162929
vn -0.999992311 0.00392153847 -0
vn -0.999992311 0.00392153847 -0
vn -0.999992311 0.00392153847 -0
vn -0.999992311 0.00392153847 -0
vn -0.599995422 -0.796072358 -0.0792104433
vn -0.599995422 -0.796072358 -0.0792104433
vn -0.599995422 -0.796072358 -0.0792104433
vn -0.599995422 -0.796072358 -0.0792104433
vn -0.999992311 -0.00392153847 -0
vn -0.999992311 -0.00392153847 -0
vn -0.999992311 -0.00392153847 -0
vn -0.999992311 -0.00392153847 -0
vn -0.498035416 0.866660055 -0.0293440684
vn -0.498035416 0.866660055 -0.0293440684
vn -0.498035416 0.866660055 -0.0293440684
vn -0.498035416 0.866660055 -0.0293440684
vn 0.999992311 0.00392153847 -0
vn 0.999992311 0.00392153847 -0
vn 0.999992311 0.00392153847 -0
vn 0.999992311 0.00392153847 -0
vn 0.929404674 0.356860022 -0.0941162929
vn 0.929404674 0.356860022 -0.0941162929
vn 0.929404674 0.356860022 -0.0941162929
vn 0.929404674 0.356860022 -0.0941162929
vn 0.999992311 0.00392153847 -0
vn 0.999992311 0.00392153847 -0
vn 0.999992311 0.00392153847 -0
vn 0.999992311 0.00392153847 -0
vn 0.599995422 -0.796072358 -0.0792104433
vn 0.599995422 -0.796072358 -0.0792104433
vn 0.599995422 -0.796072358 -0.0792104433
vn 0.599995422 -0.796072358 -0.0792104433
vn 0.999992311 0.00392153847 -0
vn 0.999992311 0.00392153847 -0
vn 0.999992311 0.00392153847 -0
vn 0.999992311 0.00392153847 -0
vn 0.498035416 0.866660055 -0.0293440684
vn 0.498035416 0.866660055 -0.0293440684
vn 0.498035416 0.866660055 -0.0293440684
vn 0.498035416 0.866660055 -0.0293440684
vn -0.00392153871 0.00392153871 0.999984621
vn -0.00392153871 0.00392153871 0.999984621
vn -0.00392153871 0.00392153871 0.999984621
vn -0.00392153871 0.00392153871 0.999984621
vn -0.00392153871 0.00392153871 0.999984621
vn -0.00392153871 0.00392153871 0.999984621
vn -0.00392153871 -0.00392153871 0.999984621
vn -0.00392153871 -0.00392153871 0.999984621
vn -0.00392153871 0.00392153871 0.999984621
vn -0.00392153871 0.00392153871 0.999984621
vn -0.00392153871 0.00392153871 0.999984621
vn -0.00392153871 0.00392153871 0.999984621
vn -0.00392153871 0.00392153871 0.999984621
vn -0.00392153871 0.00392153871 0.999984621
vn -0.00392153847 0.999992311 -0
vn -0.00392153847 0.999992311 -0
vn -0.00392153847 0.999992311 -0
vn -0.00392153847 0.999992311 -0
vn -0.00392153871 0.00392153871 -0.999984621
vn -0.00392153871 0.00392153871 -0.999984621
vn -0.00392153871 0.00392153871 -0.999984621
vn -0.00392153871 0.00392153871 -0.999984621
vn -0.00392153871 0.00392153871 -0.999984621
vn -0.00392153871 0.00392153871 -0.999984621
vn -0.00392153871 0.00392153871 -0.999984621
vn -0.00392153871 0.00392153871 -0.999984621
vn -0.00392153871 0.00392153871 -0.999984621
vn -0.00392153871 0.00392153871 -0.999984621
vn -0.00392153871 0.00392153871 -0.999984621
vn -0.00392153871 0.00392153871 -0.999984621
vn -0.00392153871 0.00392153871 -0.999984621
vn -0.00392153871 0.00392153871 -0.999984621
vn 0.999992311 -0.00392153847 -0
vn 0.999992311 -0.00392153847 -0
vn 0.999992311 -0.00392153847 -0
vn 0.999992311 -0.00392153847 -0
vn 0.999992311 -0.00392153847 -0
vn 0.999992311 -0.00392153847 -0
vn -0.00392153847 0.999992311 -0
vn -0.00392153847 0.999992311 -0
vn -0.00392153847 0.999992311 -0
vn -0.00392153847 0.999992311 -0
vn -0.00392153847 0.999992311 -0
vn -0.00392153847 0.999992311 -0
vn -0.999992311 0.00392153847 -0
vn -0.999992311 0.00392153847 -0
vn -0.999992311 0.00392153847 -0
vn -0.999992311 0.00392153847 -0
vn -0.999992311 0.00392153847 -0
vn -0.999992311 0.00392153847 -0
vn 0.874503132 0.482349261 -0.0508277732
vn 0.874503132 0.482349261 -0.0508277732
vn 0.874503132 0.482349261 -0.0508277732
vn 0.874503132 0.482349261 -0.0508277732
vn 0.874503132 0.482349261 0.0508277732
vn 0.874503132 0.482349261 0.0508277732
vn -0.874503132 0.482349261 0.0508277732
vn -0.874503132 0.482349261 0.0508277732
vn -0.874503132 0.482349261 0.0508277732
vn -0.874503132 0.482349261 0.0508277732
vn -0.874503132 0.482349261 -0.0508277732
vn -0.874503132 0.482349261 -0.0508277732
vn 0.999992311 0.00392153847 -0
vn 0.999992311 0.00392153847 -0
vn 0.999992311 0.00392153847 -0
vn 0.999992311 0.00392153847 -0
vn 0.999992311 0.00392153847 -0
vn 0.999992311 0.00392153847 -0
vn -0.999992311 0.00392153847 -0
vn -0.999992311 0.00392153847 -0
vn -0.999992311 0.00392153847 -0
vn -0.999992311 0.00392153847 -0
vn -0.999992311 0.00392153847 -0
vn -0.999992311 0.00392153847 -0
vn 0.999992311 0.00392153847 -0
vn 0.999992311 0.00392153847 -0
vn 0.999992311 0.00392153847 -0
vn 0.999992311 0.00392153847 -0
vn 0.999992311 0.00392153847 -0
vn 0.999992311 0.00392153847 -0
vn 0.717641584 -0.694112351 -0.056556177
vn 0.717641584 -0.694112351 -0.056556177
vn 0.717641584 -0.694112351 -0.056556177
vn 0.717641584 -0.694112351 -0.056556177
vn 0.717641584 -0.694112351 0.056556177
vn 0.717641584 -0.694112351 0.056556177
vn -0.717641584 -0.694112351 0.056556177
vn -0.717641584 -0.694112351 0.056556177
vn -0.717641584 -0.694112351 0.056556177
vn -0.717641584 -0.694112351 0.056556177
vn -0.717641584 -0.694112351 -0.056556177
vn -0.717641584 -0.694112351 -0.056556177
vn -0.999992311 -0.00392153847 -0
vn -0.999992311 -0.00392153847 -0
vn -0.999992311 -0.00392153847 -0
vn -0.999992311 -0.00392153847 -0
vn -0.999992311 -0.00392153847 -0
vn -0.999992311 -0.00392153847 -0
vn 0.615567953 0.788083812 -0
vn 0.615567953 0.788083812 -0
vn 0.615567953 0.788083812 -0
vn 0.615567953 0.788083812 -0
vn 0.615567953 0.788083812 -0
vn 0.615567953 0.788083812 -0
vn -0.615567953 0.788083812 -0
vn -0.615567953 0.788083812 -0
vn -0.615567953 0.788083812 -0
vn -0.615567953 0.788083812 -0
vn -0.615567953 0.788083812 -0
vn -0.615567953 0.788083812 -0
vn 0.952933906 0.301958481 -0.0271670136
vn 0.952933906 0.301958481 -0.0271670136
vn 0.952933906 0.301958481 -0.0271670136
vn 0.952933906 0.301958481 -0.0271670136
vn -0.00392153847 0.999992311 -0
vn -0.00392153847 0.999992311 -0
vn -0.00392153847 0.999992311 -0
vn -0.00392153847 0.999992311 -0
vn 0.999992311 0.00392153847 -0
vn 0.999992311 0.00392153847 -0
vn 0.999992311 0.00392153847 -0
vn 0.999992311 0.00392153847 -0
vn 0.929404674 0.356860022 0.0941162929
vn 0.929404674 0.356860022 0.0941162929
vn 0.929404674 0.356860022 0.0941162929
vn 0.929404674 0.356860022 0.0941162929
vn 0.999992311 -0.00392153847 -0
vn 0.999992311 -0.00392153847 -0
vn 0.999992311 -0.00392153847 -0
vn 0.999992311 -0.00392153847 -0
vn 0.599995422 -0.796072358 -0.0792104433
vn 0.599995422 -0.796072358 -0.0792104433
vn 0.599995422 -0.796072358 -0.0792104433
vn 0.599995422 -0.796072358 -0.0792104433
vn 0.999992311 0.00392153847 -0
vn 0.999992311 0.00392153847 -0
vn 0.999992311 0.00392153847 -0
vn 0.999992311 0.00392153847 -0
vn 0.498035416 0.866660055 0.0293440684
vn 0.498035416 0.866660055 0.0293440684
vn 0.498035416 0.866660055 0.0293440684
vn 0.498035416 0.866660055 0.0293440684
vn -0.999992311 0.00392153847 -0
vn -0.999992311 0.00392153847 -0
vn -0.999992311 0.00392153847 -0
vn -0.999992311 0.00392153847 -0
vn -0.929404674 0.356860022 0.0941162929
vn -0.929404674 0.356860022 0.0941162929
vn -0.929404674 0.356860022 0.0941162929
vn -0.929404674 0.356860022 0.0941162929
vn -0.999992311 0.00392153847 -0
vn -0.999992311 0.00392153847 -0
vn -0.999992311 0.00392153847 -0
vn -0.999992311 0.00392153847 -0
vn -0.599995422 -0.796072358 -0.0792104433
vn -0.599995422 -0.796072358 -0.0792104433
vn -0.599995422 -0.796072358 -0.0792104433
vn -0.599995422 -0.796072358 -0.0792104433
vn -0.999992311 0.00392153847 -0
vn -0.999992311 0.00392153847 -0
vn -0.999992311 0.00392153847 -0
vn -0.999992311 0.00392153847 -0
vn -0.498035416 0.866660055 0.0293440684
vn -0.498035416 0.866660055 0.0293440684
vn -0.498035416 0.866660055 0.0293440684
vn -0.498035416 0.866660055 0.0293440684
vn -0.00392153871 0.00392153871 0.999984621
vn -0.00392153871 0.00392153871 0.999984621
vn -0.00392153871 0.00392153871 0.999984621
vn -0.00392153871 0.00392153871 0.999984621
vn -0.00392153871 0.00392153871 0.999984621
vn -0.00392153871 0.00392153871 0.999984621
vn -0.00392153871 0.00392153871 0.999984621
vn -0.00392153871 0.00392153871 0.999984621
vn -0.00392153871 0.00392153871 0.999984621
vn -0.00392153871 0.00392153871 0.999984621
vn -0.00392153871 0.00392153871 0.999984621
vn -0.00392153871 0.00392153871 0.999984621
vn -0.00392153871 0.00392153871 0.999984621
vn -0.00392153871 0.00392153871 0.999984621
vn -0.00392153847 0.999992311 -0
vn -0.00392153847 0.999992311 -0
vn -0.00392153847 0.999992311 -0
vn -0.00392153847 0.999992311 -0
vn -0.00392153871 0.00392153871 -0.999984621
vn -0.00392153871 0.00392153871 -0.999984621
vn -0.00392153871 0.00392153871 -0.999984621
vn -0.00392153871 0.00392153871 -0.999984621
vn -0.00392153871 0.00392153871 -0.999984621
vn -0.00392153871 0.00392153871 -0.999984621
vn -0.00392153871 0.00392153871 -0.999984621
vn -0.00392153871 0.00392153871 -0.999984621
vn -0.00392153871 0.00392153871 -0.999984621
vn -0.00392153871 0.00392153871 -0.999984621
vn -0.00392153871 -0.00392153871 -0.999984621
vn -0.00392153871 -0.00392153871 -0.999984621
vn -0.00392153871 0.00392153871 -0.999984621
vn -0.00392153871 0.00392153871 -0.999984621
vn -0.999992311 -0.00392153847 -0
vn -0.999992311 -0.00392153847 -0
vn -0.999992311 -0.00392153847 -0
vn -0.999992311 -0.00392153847 -0
vn -0.999992311 -0.00392153847 -0
vn -0.999992311 -0.00392153847 -0
vn -0.00392153847 0.999992311 -0
vn -0.00392153847 0.999992311 -0
vn -0.00392153847 0.999992311 -0
vn -0.00392153847 0.999992311 -0
vn -0.00392153847 0.999992311 -0
vn -0.00392153847 0.999992311 -0
vn 0.999992311 0.00392153847 -0
vn 0.999992311 0.00392153847 -0
vn 0.999992311 0.00392153847 -0
vn 0.999992311 0.00392153847 -0
vn 0.999992311 0.00392153847 -0
vn 0.999992311 0.00392153847 -0
vn -0.874503132 0.482349261 -0.0508277732
vn -0.874503132 0.482349261 -0.0508277732
vn -0.874503132 0.482349261 -0.0508277732
vn -0.874503132 0.482349261 -0.0508277732
vn -0.874503132 0.482349261 0.0508277732
vn -0.874503132 0.482349261 0.0508277732
vn 0.874503132 0.482349261 0.0508277732
vn 0.874503132 0.482349261 0.0508277732
vn 0.874503132 0.482349261 0.0508277732
vn 0.874503132 0.482349261 0.0508277732
vn 0.874503132 0.482349261 -0.0508277732
vn 0.874503132 0.482349261 -0.0508277732
vn -0.999992311 0.00392153847 -0
vn -0.999992311 0.00392153847 -0
vn -0.999992311 0.00392153847 -0
vn -0.999992311 0.00392153847 -0
vn -0.999992311 0.00392153847 -0
vn -0.999992311 0.00392153847 -0
vn 0.999992311 -0.00392153847 -0
vn 0.999992311 -0.00392153847 -0
vn 0.999992311 -0.00392153847 -0
vn 0.999992311 -0.00392153847 -0
vn 0.999992311 -0.00392153847 -0
vn 0.999992311 -0.00392153847 -0
vn -0.999992311 0.00392153847 -0
vn -0.999992311 0.00392153847 -0
vn -0.999992311 0.00392153847 -0
vn -0.999992311 0.00392153847 -0
vn -0.999992311 0.00392153847 -0
vn -0.999992311 0.00392153847 -0
vn -0.717641584 -0.694112351 -0.056556177
vn -0.717641584 -0.694112351 -0.056556177
vn -0.717641584 -0.694112351 -0.056556177
vn -0.717641584 -0.694112351 -0.056556177
vn -0.717641584 -0.694112351 0.056556177
vn -0.717641584 -0.694112351 0.056556177
vn 0.717641584 -0.694112351 -0.056556177
vn 0.717641584 -0.694112351 -0.056556177
vn 0.717641584 -0.694112351 -0.056556177
vn 0.717641584 -0.694112351 -0.056556177
vn 0.717641584 -0.694112351 -0.056556177
vn 0.717641584 -0.694112351 -0.056556177
vn 0.999992311 0.00392153847 -0
vn 0.999992311 0.00392153847 -0
vn 0.999992311 0.00392153847 -0
vn 0.999992311 0.00392153847 -0
vn 0.999992311 0.00392153847 -0
vn 0.999992311 0.00392153847 -0
vn -0.615567953 0.788083812 -0
vn -0.615567953 0.788083812 -0
vn -0.615567953 0.788083812 -0
vn -0.615567953 0.788083812 -0
vn -0.615567953 0.788083812 -0
vn -0.615567953 0.788083812 -0
vn 0.615567953 0.788083812 -0
vn 0.615567953 0.788083812 -0
vn 0.615567953 0.788083812 -0
vn 0.615567953 0.788083812 -0
vn 0.615567953 0.788083812 -0
vn 0.615567953 0.788083812 -0
vn -0.952933906 0.301958481 -0.0271670136
vn -0.952933906 0.301958481 -0.0271670136
vn -0.952933906 0.301958481 -0.0271670136
vn -0.952933906 0.301958481 -0.0271670136
vn -0.00392153847 0.999992311 -0
vn -0.00392153847 0.999992311 -0
vn -0.00392153847 0.999992311 -0
vn -0.00392153847 0.999992311 -0
vn 0.999992311 0.00392153847 -0
vn 0.999992311 0.00392153847 -0
vn 0.999992311 0.00392153847 -0
vn 0.999992311 0.00392153847 -0
vn 0.929404674 0.356860022 -0.0941162929
vn 0.929404674 0.356860022 -0.0941162929
vn 0.929404674 0.356860022 -0.0941162929
vn 0.929404674 0.356860022 -0.0941162929
vn 0.999992311 -0.00392153847 -0
vn 0.999992311 -0.00392153847 -0
vn 0.999992311 -0.00392153847 -0
vn 0.999992311 -0.00392153847 -0
vn 0.599995422 -0.796072358 -0.0792104433
vn 0.599995422 -0.796072358 -0.0792104433
vn 0.599995422 -0.796072358 -0.0792104433
vn 0.599995422 -0.796072358 -0.0792104433
vn 0.999992311 0.00392153847 -0
vn 0.999992311 0.00392153847 -0
vn 0.999992311 0.00392153847 -0
vn 0.999992311 0.00392153847 -0
vn 0.498035416 0.866660055 -0.0293440684
vn 0.498035416 0.866660055 -0.0293440684
vn 0.498035416 0.866660055 -0.0293440684
vn 0.498035416 0.866660055 -0.0293440684
vn -0.999992311 0.00392153847 -0
vn -0.999992311 0.00392153847 -0
vn -0.999992311 0.00392153847 -0
vn -0.999992311 0.00392153847 -0
vn -0.929404674 0.356860022 -0.0941162929
vn -0.929404674 0.356860022 -0.0941162929
vn -0.929404674 0.356860022 -0.0941162929
vn -0.929404674 0.356860022 -0.0941162929
vn -0.999992311 0.00392153847 -0
vn -0.999992311 0.00392153847 -0
vn -0.999992311 0.00392153847 -0
vn -0.999992311 0.00392153847 -0
vn -0.599995422 -0.796072358 -0.0792104433
vn -0.599995422 -0.796072358 -0.0792104433
vn -0.599995422 -0.796072358 -0.0792104433
vn -0.599995422 -0.796072358 -0.0792104433
vn -0.999992311 0.00392153847 -0
vn -0.999992311 0.00392153847 -0
vn -0.999992311 0.00392153847 -0
vn -0.999992311 0.00392153847 -0
vn -0.498035416 0.866660055 -0.0293440684
vn -0.498035416 0.866660055 -0.0293440684
vn -0.498035416 0.866660055 -0.0293440684
vn -0.498035416 0.866660055 -0.0293440684
vn -0.00392153871 0.00392153871 0.999984621
vn -0.00392153871 0.00392153871 0.999984621
vn -0.00392153871 0.00392153871 0.999984621
vn -0.00392153871 0.00392153871 0.999984621
vn -0.00392153871 0.00392153871 0.999984621
vn -0.00392153871 0.00392153871 0.999984621
vn -0.00392153871 -0.00392153871 0.999984621
vn -0.00392153871 -0.00392153871 0.999984621
vn -0.00392153871 0.00392153871 0.999984621
vn -0.00392153871 0.00392153871 0.999984621
vn 0.00392153871 0.00392153871 0.999984621
vn 0.00392153871 0.00392153871 0.999984621
vn 0.00392153871 0.00392153871 0.999984621
vn 0.00392153871 0.00392153871 0.999984621
vn -0.00392153847 0.999992311 -0
vn -0.00392153847 0.999992311 -0
vn -0.00392153847 0.999992311 -0
vn -0.00392153847 0.999992311 -0
vn -0.00392153871 0.00392153871 -0.999984621
vn -0.00392153871 0.00392153871 -0.999984621
vn -0.00392153871 0.00392153871 -0.999984621
vn -0.00392153871 0.00392153871 -0.999984621
vn -0.00392153871 0.00392153871 -0.999984621
vn -0.00392153871 0.00392153871 -0.999984621
vn -0.00392153871 0.00392153871 -0.999984621
vn -0.00392153871 0.00392153871 -0.999984621
vn -0.00392153871 0.00392153871 -0.999984621
vn -0.00392153871 0.00392153871 -0.999984621
vn -0.00392153871 -0.00392153871 -0.999984621
vn -0.00392153871 -0.00392153871 -0.999984621
vn -0.00392153871 0.00392153871 -0.999984621
vn -0.00392153871 0.00392153871 -0.999984621
vn -0.999992311 0.00392153847 -0
vn -0.999992311 0.00392153847 -0
vn -0.999992311 0.00392153847 -0
vn -0.999992311 0.00392153847 -0
vn -0.999992311 0.00392153847 -0
vn -0.999992311 0.00392153847 -0
vn -0.00392153847 0.999992311 -0
vn -0.00392153847 0.999992311 -0
vn -0.00392153847 0.999992311 -0
vn -0.00392153847 0.999992311 -0
vn -0.00392153847 0.999992311 -0
vn -0.00392153847 0.999992311 -0
vn 0.999992311 0.00392153847 -0
vn 0.999992311 0.00392153847 -0
vn 0.999992311 0.00392153847 -0
vn 0.999992311 0.00392153847 -0
vn 0.999992311 0.00392153847 -0
vn 0.999992311 0.00392153847 -0
vn -0.874503132 0.482349261 -0.0508277732
vn -0.874503132 0.482349261 -0.0508277732
vn -0.874503132 0.482349261 -0.0508277732
vn -0.874503132 0.482349261 -0.0508277732
vn -0.874503132 0.482349261 0.0508277732
vn -0.874503132 0.482349261 0.0508277732
vn 0.874503132 0.482349261 0.0508277732
vn 0.874503132 0.482349261 0.0508277732
vn 0.874503132 0.482349261 0.0508277732
vn 0.874503132 0.482349261 0.0508277732
vn 0.874503132 0.482349261 -0.0508277732
vn 0.874503132 0.482349261 -0.0508277732
vn -0.999992311 0.00392153847 -0
vn -0.999992311 0.00392153847 -0
vn -0.999992311 0.00392153847 -0
vn -0.999992311 0.00392153847 -0
vn -0.999992311 0.00392153847 -0
vn -0.999992311 0.00392153847 -0
vn 0.999992311 0.00392153847 -0
vn 0.999992311 0.00392153847 -0
vn 0.999992311 0.00392153847 -0
vn 0.999992311 0.00392153847 -0
vn 0.999992311 0.00392153847 -0
vn 0.999992311 0.00392153847 -0
vn -0.999992311 0.00392153847 -0
vn -0.999992311 0.00392153847 -0
vn -0.999992311 0.00392153847 -0
vn -0.999992311 0.00392153847 -0
vn -0.999992311 0.00392153847 -0
vn -0.999992311 0.00392153847 -0
vn -0.717641584 -0.694112351 -0.056556177
vn -0.717641584 -0.694112351 -0.056556177
vn -0.717641584 -0.694112351 -0.056556177
vn -0.717641584 -0.694112351 -0.056556177
vn -0.717641584 -0.694112351 0.056556177
vn -0.717641584 -0.694112351 0.056556177
vn 0.717641584 -0.694112351 -0.056556177
vn 0.717641584 -0.694112351 -0.056556177
vn 0.717641584 -0.694112351 -0.056556177
vn 0.717641584 -0.694112351 -0.056556177
vn 0.717641584 -0.694112351 -0.056556177
vn 0.717641584 -0.694112351 -0.056556177
vn 0.999992311 0.00392153847 -0
vn 0.999992311 0.00392153847 -0
vn 0.999992311 0.00392153847 -0
vn 0.999992311 0.00392153847 -0
vn 0.999992311 0.00392153847 -0
vn 0.999992311 0.00392153847 -0
vn -0.615567953 0.788083812 -0
vn -0.615567953 0.788083812 -0
vn -0.615567953 0.788083812 -0
vn -0.615567953 0.788083812 -0
vn -0.615567953 0.788083812 -0
vn -0.615567953 0.788083812 -0
vn 0.615567953 0.788083812 -0
vn 0.615567953 0.788083812 -0
vn 0.615567953 0.788083812 -0
vn 0.615567953 0.788083812 -0
vn 0.615567953 0.788083812 -0
vn 0.615567953 0.788083812 -0
vn -0.952933906 0.301958481 -0.0271670136
vn -0.952933906 0.301958481 -0.0271670136
vn -0.952933906 0.301958481 -0.0271670136
vn -0.952933906 0.301958481 -0.0271670136
vn -0.00392153847 0.999992311 -0
vn -0.00392153847 0.999992311 -0
vn -0.00392153847 0.999992311 -0
vn -0.00392153847 0.999992311 -0
g A_build_bridge01_03_langan_0
f 3/3/3 2/2/2 1/1/1
f 4/4/4 3/3/3 1/1/1
f 7/7/7 6/6/6 5/5/5
f 8/8/8 7/7/7 5/5/5
f 11/11/11 10/10/10 9/9/9
f 12/12/12 11/11/11 9/9/9
f 15/15/15 14/14/14 13/13/13
f 16/16/16 15/15/15 13/13/13
f 19/19/19 18/18/18 17/17/17
f 20/20/20 19/19/19 17/17/17
f 23/23/23 22/22/22 21/21/21
f 24/24/24 23/23/23 21/21/21
f 27/27/27 26/26/26 25/25/25
f 28/28/28 27/27/27 25/25/25
f 31/31/31 30/30/30 29/29/29
f 32/32/32 31/31/31 29/29/29
f 35/35/35 34/34/34 33/33/33
f 36/36/36 35/35/35 33/33/33
f 39/39/39 38/38/38 37/37/37
f 40/40/40 39/39/39 37/37/37
f 43/43/43 42/42/42 41/41/41
f 44/44/44 43/43/43 41/41/41
f 47/47/47 46/46/46 45/45/45
f 48/48/48 47/47/47 45/45/45
f 51/51/51 50/50/50 49/49/49
f 52/52/52 51/51/51 49/49/49
f 52/52/52 49/49/49 53/53/53
f 54/54/54 52/52/52 53/53/53
f 54/54/54 53/53/53 55/55/55
f 56/56/56 54/54/54 55/55/55
f 56/56/56 55/55/55 57/57/57
f 58/58/58 56/56/56 57/57/57
f 58/58/58 57/57/57 59/59/59
f 60/60/60 58/58/58 59/59/59
f 60/60/60 59/59/59 61/61/61
f 62/62/62 60/60/60 61/61/61
f 65/65/65 64/64/64 63/63/63
f 66/66/66 65/65/65 63/63/63
f 69/69/69 68/68/68 67/67/67
f 70/70/70 69/69/69 67/67/67
f 70/70/70 67/67/67 71/71/71
f 72/72/72 70/70/70 71/71/71
f 72/72/72 71/71/71 73/73/73
f 74/74/74 72/72/72 73/73/73
f 74/74/74 73/73/73 75/75/75
f 76/76/76 74/74/74 75/75/75
f 76/76/76 75/75/75 77/77/77
f 78/78/78 76/76/76 77/77/77
f 78/78/78 77/77/77 79/79/79
f 80/80/80 78/78/78 79/79/79
f 83/83/83 82/82/82 81/81/81
f 82/82/82 84/84/84 81/81/81
f 81/81/81 84/84/84 85/85/85
f 84/84/84 86/86/86 85/85/85
f 89/89/89 88/88/88 87/87/87
f 88/88/88 90/90/90 87/87/87
f 90/90/90 88/88/88 91/91/91
f 88/88/88 92/92/92 91/91/91
f 95/95/95 94/94/94 93/93/93
f 94/94/94 96/96/96 93/93/93
f 96/96/96 94/94/94 97/97/97
f 94/94/94 98/98/98 97/97/97
f 101/101/101 100/100/100 99/99/99
f 100/100/100 102/102/102 99/99/99
f 102/102/102 100/100/100 103/103/103
f 100/100/100 104/104/104 103/103/103
f 107/107/107 106/106/106 105/105/105
f 106/106/106 108/108/108 105/105/105
f 108/108/108 106/106/106 109/109/109
f 106/106/106 110/110/110 109/109/109
f 113/113/113 112/112/112 111/111/111
f 112/112/112 114/114/114 111/111/111
f 114/114/114 112/112/112 115/115/115
f 112/112/112 116/116/116 115/115/115
f 119/119/119 118/118/118 117/117/117
f 118/118/118 120/120/120 117/117/117
f 120/120/120 118/118/118 121/121/121
f 118/118/118 122/122/122 121/121/121
f 125/125/125 124/124/124 123/123/123
f 124/124/124 126/126/126 123/123/123
f 126/126/126 124/124/124 127/127/127
f 124/124/124 128/128/128 127/127/127
f 131/131/131 130/130/130 129/129/129
f 130/130/130 132/132/132 129/129/129
f 132/132/132 130/130/130 133/133/133
f 130/130/130 134/134/134 133/133/133
f 137/137/137 136/136/136 135/135/135
f 136/136/136 138/138/138 135/135/135
f 138/138/138 136/136/136 139/139/139
f 136/136/136 140/140/140 139/139/139
f 143/143/143 142/142/142 141/141/141
f 142/142/142 144/144/144 141/141/141
f 144/144/144 142/142/142 145/145/145
f 142/142/142 146/146/146 145/145/145
f 149/149/149 148/148/148 147/147/147
f 148/148/148 150/150/150 147/147/147
f 150/150/150 148/148/148 151/151/151
f 148/148/148 152/152/152 151/151/151
f 155/155/155 154/154/154 153/153/153
f 154/154/154 156/156/156 153/153/153
f 156/156/156 154/154/154 157/157/157
f 154/154/154 158/158/158 157/157/157
f 161/161/161 160/160/160 159/159/159
f 162/162/162 161/161/161 159/159/159
f 165/165/165 164/164/164 163/163/163
f 166/166/166 165/165/165 163/163/163
f 169/169/169 168/168/168 167/167/167
f 170/170/170 169/169/169 167/167/167
f 173/173/173 172/172/172 171/171/171
f 174/174/174 173/173/173 171/171/171
f 177/177/177 176/176/176 175/175/175
f 178/178/178 177/177/177 175/175/175
f 181/181/181 180/180/180 179/179/179
f 182/182/182 181/181/181 179/179/179
f 185/185/185 184/184/184 183/183/183
f 186/186/186 185/185/185 183/183/183
f 189/189/189 188/188/188 187/187/187
f 190/190/190 189/189/189 187/187/187
f 193/193/193 192/192/192 191/191/191
f 194/194/194 193/193/193 191/191/191
f 197/197/197 196/196/196 195/195/195
f 198/198/198 197/197/197 195/195/195
f 201/201/201 200/200/200 199/199/199
f 202/202/202 201/201/201 199/199/199
f 205/205/205 204/204/204 203/203/203
f 206/206/206 205/205/205 203/203/203
f 209/209/209 208/208/208 207/207/207
f 210/210/210 209/209/209 207/207/207
f 213/213/213 212/212/212 211/211/211
f 214/214/214 213/213/213 211/211/211
f 217/217/217 216/216/216 215/215/215
f 218/218/218 217/217/217 215/215/215
f 218/218/218 215/215/215 219/219/219
f 220/220/220 218/218/218 219/219/219
f 220/220/220 219/219/219 221/221/221
f 222/222/222 220/220/220 221/221/221
f 222/222/222 221/221/221 223/223/223
f 224/224/224 222/222/222 223/223/223
f 224/224/224 223/223/223 225/225/225
f 226/226/226 224/224/224 225/225/225
f 226/226/226 225/225/225 227/227/227
f 228/228/228 226/226/226 227/227/227
f 231/231/231 230/230/230 229/229/229
f 232/232/232 231/231/231 229/229/229
f 235/235/235 234/234/234 233/233/233
f 236/236/236 235/235/235 233/233/233
f 236/236/236 233/233/233 237/237/237
f 238/238/238 236/236/236 237/237/237
f 238/238/238 237/237/237 239/239/239
f 240/240/240 238/238/238 239/239/239
f 240/240/240 239/239/239 241/241/241
f 242/242/242 240/240/240 241/241/241
f 242/242/242 241/241/241 243/243/243
f 244/244/244 242/242/242 243/243/243
f 244/244/244 243/243/243 245/245/245
f 246/246/246 244/244/244 245/245/245
f 249/249/249 248/248/248 247/247/247
f 248/248/248 250/250/250 247/247/247
f 247/247/247 250/250/250 251/251/251
f 250/250/250 252/252/252 251/251/251
f 255/255/255 254/254/254 253/253/253
f 254/254/254 256/256/256 253/253/253
f 256/256/256 254/254/254 257/257/257
f 254/254/254 258/258/258 257/257/257
f 261/261/261 260/260/260 259/259/259
f 260/260/260 262/262/262 259/259/259
f 262/262/262 260/260/260 263/263/263
f 260/260/260 264/264/264 263/263/263
f 267/267/267 266/266/266 265/265/265
f 266/266/266 268/268/268 265/265/265
f 268/268/268 266/266/266 269/269/269
f 266/266/266 270/270/270 269/269/269
f 273/273/273 272/272/272 271/271/271
f 272/272/272 274/274/274 271/271/271
f 274/274/274 272/272/272 275/275/275
f 272/272/272 276/276/276 275/275/275
f 279/279/279 278/278/278 277/277/277
f 278/278/278 280/280/280 277/277/277
f 280/280/280 278/278/278 281/281/281
f 278/278/278 282/282/282 281/281/281
f 285/285/285 284/284/284 283/283/283
f 284/284/284 286/286/286 283/283/283
f 286/286/286 284/284/284 287/287/287
f 284/284/284 288/288/288 287/287/287
f 291/291/291 290/290/290 289/289/289
f 290/290/290 292/292/292 289/289/289
f 292/292/292 290/290/290 293/293/293
f 290/290/290 294/294/294 293/293/293
f 297/297/297 296/296/296 295/295/295
f 296/296/296 298/298/298 295/295/295
f 298/298/298 296/296/296 299/299/299
f 296/296/296 300/300/300 299/299/299
f 303/303/303 302/302/302 301/301/301
f 302/302/302 304/304/304 301/301/301
f 304/304/304 302/302/302 305/305/305
f 302/302/302 306/306/306 305/305/305
f 309/309/309 308/308/308 307/307/307
f 308/308/308 310/310/310 307/307/307
f 310/310/310 308/308/308 311/311/311
f 308/308/308 312/312/312 311/311/311
f 315/315/315 314/314/314 313/313/313
f 314/314/314 316/316/316 313/313/313
f 316/316/316 314/314/314 317/317/317
f 314/314/314 318/318/318 317/317/317
f 321/321/321 320/320/320 319/319/319
f 320/320/320 322/322/322 319/319/319
f 322/322/322 320/320/320 323/323/323
f 320/320/320 324/324/324 323/323/323
f 327/327/327 326/326/326 325/325/325
f 328/328/328 327/327/327 325/325/325
f 331/331/331 330/330/330 329/329/329
f 332/332/332 331/331/331 329/329/329
f 335/335/335 334/334/334 333/333/333
f 336/336/336 335/335/335 333/333/333
f 339/339/339 338/338/338 337/337/337
f 340/340/340 339/339/339 337/337/337
f 343/343/343 342/342/342 341/341/341
f 344/344/344 343/343/343 341/341/341
f 347/347/347 346/346/346 345/345/345
f 348/348/348 347/347/347 345/345/345
f 351/351/351 350/350/350 349/349/349
f 352/352/352 351/351/351 349/349/349
f 355/355/355 354/354/354 353/353/353
f 356/356/356 355/355/355 353/353/353
f 359/359/359 358/358/358 357/357/357
f 360/360/360 359/359/359 357/357/357
f 363/363/363 362/362/362 361/361/361
f 364/364/364 363/363/363 361/361/361
f 367/367/367 366/366/366 365/365/365
f 368/368/368 367/367/367 365/365/365
f 371/371/371 370/370/370 369/369/369
f 372/372/372 371/371/371 369/369/369
f 375/375/375 374/374/374 373/373/373
f 376/376/376 375/375/375 373/373/373
f 379/379/379 378/378/378 377/377/377
f 380/380/380 379/379/379 377/377/377
f 383/383/383 382/382/382 381/381/381
f 382/382/382 384/384/384 381/381/381
f 381/381/381 384/384/384 385/385/385
f 384/384/384 386/386/386 385/385/385
f 385/385/385 386/386/386 387/387/387
f 386/386/386 388/388/388 387/387/387
f 387/387/387 388/388/388 389/389/389
f 388/388/388 390/390/390 389/389/389
f 389/389/389 390/390/390 391/391/391
f 390/390/390 392/392/392 391/391/391
f 391/391/391 392/392/392 393/393/393
f 392/392/392 394/394/394 393/393/393
f 397/397/397 396/396/396 395/395/395
f 398/398/398 397/397/397 395/395/395
f 401/401/401 400/400/400 399/399/399
f 400/400/400 402/402/402 399/399/399
f 399/399/399 402/402/402 403/403/403
f 402/402/402 404/404/404 403/403/403
f 403/403/403 404/404/404 405/405/405
f 404/404/404 406/406/406 405/405/405
f 405/405/405 406/406/406 407/407/407
f 406/406/406 408/408/408 407/407/407
f 407/407/407 408/408/408 409/409/409
f 408/408/408 410/410/410 409/409/409
f 409/409/409 410/410/410 411/411/411
f 410/410/410 412/412/412 411/411/411
f 415/415/415 414/414/414 413/413/413
f 416/416/416 415/415/415 413/413/413
f 416/416/416 413/413/413 417/417/417
f 418/418/418 416/416/416 417/417/417
f 421/421/421 420/420/420 419/419/419
f 422/422/422 421/421/421 419/419/419
f 421/421/421 422/422/422 423/423/423
f 424/424/424 421/421/421 423/423/423
f 427/427/427 426/426/426 425/425/425
f 428/428/428 427/427/427 425/425/425
f 427/427/427 428/428/428 429/429/429
f 430/430/430 427/427/427 429/429/429
f 433/433/433 432/432/432 431/431/431
f 434/434/434 433/433/433 431/431/431
f 433/433/433 434/434/434 435/435/435
f 436/436/436 433/433/433 435/435/435
f 439/439/439 438/438/438 437/437/437
f 440/440/440 439/439/439 437/437/437
f 439/439/439 440/440/440 441/441/441
f 442/442/442 439/439/439 441/441/441
f 445/445/445 444/444/444 443/443/443
f 446/446/446 445/445/445 443/443/443
f 445/445/445 446/446/446 447/447/447
f 448/448/448 445/445/445 447/447/447
f 451/451/451 450/450/450 449/449/449
f 452/452/452 451/451/451 449/449/449
f 451/451/451 452/452/452 453/453/453
f 454/454/454 451/451/451 453/453/453
f 457/457/457 456/456/456 455/455/455
f 458/458/458 457/457/457 455/455/455
f 457/457/457 458/458/458 459/459/459
f 460/460/460 457/457/457 459/459/459
f 463/463/463 462/462/462 461/461/461
f 464/464/464 463/463/463 461/461/461
f 463/463/463 464/464/464 465/465/465
f 466/466/466 463/463/463 465/465/465
f 469/469/469 468/468/468 467/467/467
f 470/470/470 469/469/469 467/467/467
f 469/469/469 470/470/470 471/471/471
f 472/472/472 469/469/469 471/471/471
f 475/475/475 474/474/474 473/473/473
f 476/476/476 475/475/475 473/473/473
f 475/475/475 476/476/476 477/477/477
f 478/478/478 475/475/475 477/477/477
f 481/481/481 480/480/480 479/479/479
f 482/482/482 481/481/481 479/479/479
f 481/481/481 482/482/482 483/483/483
f 484/484/484 481/481/481 483/483/483
f 487/487/487 486/486/486 485/485/485
f 488/488/488 487/487/487 485/485/485
f 487/487/487 488/488/488 489/489/489
f 490/490/490 487/487/487 489/489/489
f 493/493/493 492/492/492 491/491/491
f 494/494/494 493/493/493 491/491/491
f 497/497/497 496/496/496 495/495/495
f 498/498/498 497/497/497 495/495/495
f 501/501/501 500/500/500 499/499/499
f 502/502/502 501/501/501 499/499/499
f 505/505/505 504/504/504 503/503/503
f 506/506/506 505/505/505 503/503/503
f 509/509/509 508/508/508 507/507/507
f 510/510/510 509/509/509 507/507/507
f 513/513/513 512/512/512 511/511/511
f 514/514/514 513/513/513 511/511/511
f 517/517/517 516/516/516 515/515/515
f 518/518/518 517/517/517 515/515/515
f 521/521/521 520/520/520 519/519/519
f 522/522/522 521/521/521 519/519/519
f 525/525/525 524/524/524 523/523/523
f 526/526/526 525/525/525 523/523/523
f 529/529/529 528/528/528 527/527/527
f 530/530/530 529/529/529 527/527/527
f 533/533/533 532/532/532 531/531/531
f 534/534/534 533/533/533 531/531/531
f 537/537/537 536/536/536 535/535/535
f 538/538/538 537/537/537 535/535/535
f 541/541/541 540/540/540 539/539/539
f 542/542/542 541/541/541 539/539/539
f 545/545/545 544/544/544 543/543/543
f 546/546/546 545/545/545 543/543/543
f 549/549/549 548/548/548 547/547/547
f 548/548/548 550/550/550 547/547/547
f 547/547/547 550/550/550 551/551/551
f 550/550/550 552/552/552 551/551/551
f 551/551/551 552/552/552 553/553/553
f 552/552/552 554/554/554 553/553/553
f 553/553/553 554/554/554 555/555/555
f 554/554/554 556/556/556 555/555/555
f 555/555/555 556/556/556 557/557/557
f 556/556/556 558/558/558 557/557/557
f 557/557/557 558/558/558 559/559/559
f 558/558/558 560/560/560 559/559/559
f 563/563/563 562/562/562 561/561/561
f 564/564/564 563/563/563 561/561/561
f 567/567/567 566/566/566 565/565/565
f 566/566/566 568/568/568 565/565/565
f 565/565/565 568/568/568 569/569/569
f 568/568/568 570/570/570 569/569/569
f 569/569/569 570/570/570 571/571/571
f 570/570/570 572/572/572 571/571/571
f 571/571/571 572/572/572 573/573/573
f 572/572/572 574/574/574 573/573/573
f 573/573/573 574/574/574 575/575/575
f 574/574/574 576/576/576 575/575/575
f 575/575/575 576/576/576 577/577/577
f 576/576/576 578/578/578 577/577/577
f 581/581/581 580/580/580 579/579/579
f 582/582/582 581/581/581 579/579/579
f 582/582/582 579/579/579 583/583/583
f 584/584/584 582/582/582 583/583/583
f 587/587/587 586/586/586 585/585/585
f 588/588/588 587/587/587 585/585/585
f 587/587/587 588/588/588 589/589/589
f 590/590/590 587/587/587 589/589/589
f 593/593/593 592/592/592 591/591/591
f 594/594/594 593/593/593 591/591/591
f 593/593/593 594/594/594 595/595/595
f 596/596/596 593/593/593 595/595/595
f 599/599/599 598/598/598 597/597/597
f 600/600/600 599/599/599 597/597/597
f 599/599/599 600/600/600 601/601/601
f 602/602/602 599/599/599 601/601/601
f 605/605/605 604/604/604 603/603/603
f 606/606/606 605/605/605 603/603/603
f 605/605/605 606/606/606 607/607/607
f 608/608/608 605/605/605 607/607/607
f 611/611/611 610/610/610 609/609/609
f 612/612/612 611/611/611 609/609/609
f 611/611/611 612/612/612 613/613/613
f 614/614/614 611/611/611 613/613/613
f 617/617/617 616/616/616 615/615/615
f 618/618/618 617/617/617 615/615/615
f 617/617/617 618/618/618 619/619/619
f 620/620/620 617/617/617 619/619/619
f 623/623/623 622/622/622 621/621/621
f 624/624/624 623/623/623 621/621/621
f 623/623/623 624/624/624 625/625/625
f 626/626/626 623/623/623 625/625/625
f 629/629/629 628/628/628 627/627/627
f 630/630/630 629/629/629 627/627/627
f 629/629/629 630/630/630 631/631/631
f 632/632/632 629/629/629 631/631/631
f 635/635/635 634/634/634 633/633/633
f 636/636/636 635/635/635 633/633/633
f 635/635/635 636/636/636 637/637/637
f 638/638/638 635/635/635 637/637/637
f 641/641/641 640/640/640 639/639/639
f 642/642/642 641/641/641 639/639/639
f 641/641/641 642/642/642 643/643/643
f 644/644/644 641/641/641 643/643/643
f 647/647/647 646/646/646 645/645/645
f 648/648/648 647/647/647 645/645/645
f 647/647/647 648/648/648 649/649/649
f 650/650/650 647/647/647 649/649/649
f 653/653/653 652/652/652 651/651/651
f 654/654/654 653/653/653 651/651/651
f 653/653/653 654/654/654 655/655/655
f 656/656/656 653/653/653 655/655/655
f 659/659/659 658/658/658 657/657/657
f 660/660/660 659/659/659 657/657/657
f 663/663/663 662/662/662 661/661/661
f 664/664/664 663/663/663 661/661/661
f 667/667/667 666/666/666 665/665/665
f 668/668/668 667/667/667 665/665/665
f 671/671/671 670/670/670 669/669/669
f 672/672/672 671/671/671 669/669/669
f 675/675/675 674/674/674 673/673/673
f 676/676/676 675/675/675 673/673/673
f 679/679/679 678/678/678 677/677/677
f 680/680/680 679/679/679 677/677/677
f 683/683/683 682/682/682 681/681/681
f 684/684/684 683/683/683 681/681/681
f 687/687/687 686/686/686 685/685/685
f 688/688/688 687/687/687 685/685/685
f 691/691/691 690/690/690 689/689/689
f 692/692/692 691/691/691 689/689/689
f 695/695/695 694/694/694 693/693/693
f 696/696/696 695/695/695 693/693/693
f 699/699/699 698/698/698 697/697/697
f 700/700/700 699/699/699 697/697/697
f 703/703/703 702/702/702 701/701/701
f 704/704/704 703/703/703 701/701/701
f 707/707/707 706/706/706 705/705/705
f 708/708/708 707/707/707 705/705/705
f 711/711/711 710/710/710 709/709/709
f 712/712/712 711/711/711 709/709/709
f 715/715/715 714/714/714 713/713/713
f 714/714/714 716/716/716 713/713/713
f 713/713/713 716/716/716 717/717/717
f 716/716/716 718/718/718 717/717/717
f 717/717/717 718/718/718 719/719/719
f 718/718/718 720/720/720 719/719/719
f 719/719/719 720/720/720 721/721/721
f 720/720/720 722/722/722 721/721/721
f 721/721/721 722/722/722 723/723/723
f 722/722/722 724/724/724 723/723/723
f 723/723/723 724/724/724 725/725/725
f 724/724/724 726/726/726 725/725/725
f 729/729/729 728/728/728 727/727/727
f 730/730/730 729/729/729 727/727/727
f 733/733/733 732/732/732 731/731/731
f 732/732/732 734/734/734 731/731/731
f 731/731/731 734/734/734 735/735/735
f 734/734/734 736/736/736 735/735/735
f 735/735/735 736/736/736 737/737/737
f 736/736/736 738/738/738 737/737/737
f 737/737/737 738/738/738 739/739/739
f 738/738/738 740/740/740 739/739/739
f 739/739/739 740/740/740 741/741/741
f 740/740/740 742/742/742 741/741/741
f 741/741/741 742/742/742 743/743/743
f 742/742/742 744/744/744 743/743/743
f 747/747/747 746/746/746 745/745/745
f 748/748/748 747/747/747 745/745/745
f 748/748/748 745/745/745 749/749/749
f 750/750/750 748/748/748 749/749/749
f 753/753/753 752/752/752 751/751/751
f 754/754/754 753/753/753 751/751/751
f 753/753/753 754/754/754 755/755/755
f 756/756/756 753/753/753 755/755/755
f 759/759/759 758/758/758 757/757/757
f 760/760/760 759/759/759 757/757/757
f 759/759/759 760/760/760 761/761/761
f 762/762/762 759/759/759 761/761/761
f 765/765/765 764/764/764 763/763/763
f 766/766/766 765/765/765 763/763/763
f 765/765/765 766/766/766 767/767/767
f 768/768/768 765/765/765 767/767/767
f 771/771/771 770/770/770 769/769/769
f 772/772/772 771/771/771 769/769/769
f 771/771/771 772/772/772 773/773/773
f 774/774/774 771/771/771 773/773/773
f 777/777/777 776/776/776 775/775/775
f 778/778/778 777/777/777 775/775/775
f 777/777/777 778/778/778 779/779/779
f 780/780/780 777/777/777 779/779/779
f 783/783/783 782/782/782 781/781/781
f 784/784/784 783/783/783 781/781/781
f 783/783/783 784/784/784 785/785/785
f 786/786/786 783/783/783 785/785/785
f 789/789/789 788/788/788 787/787/787
f 790/790/790 789/789/789 787/787/787
f 789/789/789 790/790/790 791/791/791
f 792/792/792 789/789/789 791/791/791
f 795/795/795 794/794/794 793/793/793
f 796/796/796 795/795/795 793/793/793
f 795/795/795 796/796/796 797/797/797
f 798/798/798 795/795/795 797/797/797
f 801/801/801 800/800/800 799/799/799
f 802/802/802 801/801/801 799/799/799
f 801/801/801 802/802/802 803/803/803
f 804/804/804 801/801/801 803/803/803
f 807/807/807 806/806/806 805/805/805
f 808/808/808 807/807/807 805/805/805
f 807/807/807 808/808/808 809/809/809
f 810/810/810 807/807/807 809/809/809
f 813/813/813 812/812/812 811/811/811
f 814/814/814 813/813/813 811/811/811
f 813/813/813 814/814/814 815/815/815
f 816/816/816 813/813/813 815/815/815
f 819/819/819 818/818/818 817/817/817
f 820/820/820 819/819/819 817/817/817
f 819/819/819 820/820/820 821/821/821
f 822/822/822 819/819/819 821/821/821
f 825/825/825 824/824/824 823/823/823
f 826/826/826 825/825/825 823/823/823
f 829/829/829 828/828/828 827/827/827
f 830/830/830 829/829/829 827/827/827
f 833/833/833 832/832/832 831/831/831
f 834/834/834 833/833/833 831/831/831
f 837/837/837 836/836/836 835/835/835
f 838/838/838 837/837/837 835/835/835
f 841/841/841 840/840/840 839/839/839
f 842/842/842 841/841/841 839/839/839
f 845/845/845 844/844/844 843/843/843
f 846/846/846 845/845/845 843/843/843
f 849/849/849 848/848/848 847/847/847
f 850/850/850 849/849/849 847/847/847
f 853/853/853 852/852/852 851/851/851
f 854/854/854 853/853/853 851/851/851
f 857/857/857 856/856/856 855/855/855
f 858/858/858 857/857/857 855/855/855
f 861/861/861 860/860/860 859/859/859
f 862/862/862 861/861/861 859/859/859
f 865/865/865 864/864/864 863/863/863
f 866/866/866 865/865/865 863/863/863
f 869/869/869 868/868/868 867/867/867
f 870/870/870 869/869/869 867/867/867
f 873/873/873 872/872/872 871/871/871
f 874/874/874 873/873/873 871/871/871
f 877/877/877 876/876/876 875/875/875
f 878/878/878 877/877/877 875/875/875
f 881/881/881 880/880/880 879/879/879
f 880/880/880 882/882/882 879/879/879
f 879/879/879 882/882/882 883/883/883
f 882/882/882 884/884/884 883/883/883
f 883/883/883 884/884/884 885/885/885
f 884/884/884 886/886/886 885/885/885
f 885/885/885 886/886/886 887/887/887
f 886/886/886 888/888/888 887/887/887
f 887/887/887 888/888/888 889/889/889
f 888/888/888 890/890/890 889/889/889
f 889/889/889 890/890/890 891/891/891
f 890/890/890 892/892/892 891/891/891
f 895/895/895 894/894/894 893/893/893
f 896/896/896 895/895/895 893/893/893
f 899/899/899 898/898/898 897/897/897
f 898/898/898 900/900/900 897/897/897
f 897/897/897 900/900/900 901/901/901
f 900/900/900 902/902/902 901/901/901
f 901/901/901 902/902/902 903/903/903
f 902/902/902 904/904/904 903/903/903
f 903/903/903 904/904/904 905/905/905
f 904/904/904 906/906/906 905/905/905
f 905/905/905 906/906/906 907/907/907
f 906/906/906 908/908/908 907/907/907
f 907/907/907 908/908/908 909/909/909
f 908/908/908 910/910/910 909/909/909
f 913/913/913 912/912/912 911/911/911
f 914/914/914 913/913/913 911/911/911
f 914/914/914 911/911/911 915/915/915
f 916/916/916 914/914/914 915/915/915
f 919/919/919 918/918/918 917/917/917
f 920/920/920 919/919/919 917/917/917
f 919/919/919 920/920/920 921/921/921
f 922/922/922 919/919/919 921/921/921
f 925/925/925 924/924/924 923/923/923
f 926/926/926 925/925/925 923/923/923
f 925/925/925 926/926/926 927/927/927
f 928/928/928 925/925/925 927/927/927
f 931/931/931 930/930/930 929/929/929
f 932/932/932 931/931/931 929/929/929
f 931/931/931 932/932/932 933/933/933
f 934/934/934 931/931/931 933/933/933
f 937/937/937 936/936/936 935/935/935
f 938/938/938 937/937/937 935/935/935
f 937/937/937 938/938/938 939/939/939
f 940/940/940 937/937/937 939/939/939
f 943/943/943 942/942/942 941/941/941
f 944/944/944 943/943/943 941/941/941
f 943/943/943 944/944/944 945/945/945
f 946/946/946 943/943/943 945/945/945
f 949/949/949 948/948/948 947/947/947
f 950/950/950 949/949/949 947/947/947
f 949/949/949 950/950/950 951/951/951
f 952/952/952 949/949/949 951/951/951
f 955/955/955 954/954/954 953/953/953
f 956/956/956 955/955/955 953/953/953
f 955/955/955 956/956/956 957/957/957
f 958/958/958 955/955/955 957/957/957
f 961/961/961 960/960/960 959/959/959
f 962/962/962 961/961/961 959/959/959
f 961/961/961 962/962/962 963/963/963
f 964/964/964 961/961/961 963/963/963
f 967/967/967 966/966/966 965/965/965
f 968/968/968 967/967/967 965/965/965
f 967/967/967 968/968/968 969/969/969
f 970/970/970 967/967/967 969/969/969
f 973/973/973 972/972/972 971/971/971
f 974/974/974 973/973/973 971/971/971
f 973/973/973 974/974/974 975/975/975
f 976/976/976 973/973/973 975/975/975
f 979/979/979 978/978/978 977/977/977
f 980/980/980 979/979/979 977/977/977
f 979/979/979 980/980/980 981/981/981
f 982/982/982 979/979/979 981/981/981
f 985/985/985 984/984/984 983/983/983
f 986/986/986 985/985/985 983/983/983
f 985/985/985 986/986/986 987/987/987
f 988/988/988 985/985/985 987/987/987
f 991/991/991 990/990/990 989/989/989
f 992/992/992 991/991/991 989/989/989
f 995/995/995 994/994/994 993/993/993
f 996/996/996 995/995/995 993/993/993
f 999/999/999 998/998/998 997/997/997
f 1000/1000/1000 999/999/999 997/997/997
f 1003/1003/1003 1002/1002/1002 1001/1001/1001
f 1004/1004/1004 1003/1003/1003 1001/1001/1001
f 1007/1007/1007 1006/1006/1006 1005/1005/1005
f 1008/1008/1008 1007/1007/1007 1005/1005/1005
f 1011/1011/1011 1010/1010/1010 1009/1009/1009
f 1012/1012/1012 1011/1011/1011 1009/1009/1009
f 1015/1015/1015 1014/1014/1014 1013/1013/1013
f 1016/1016/1016 1015/1015/1015 1013/1013/1013
f 1019/1019/1019 1018/1018/1018 1017/1017/1017
f 1020/1020/1020 1019/1019/1019 1017/1017/1017
f 1023/1023/1023 1022/1022/1022 1021/1021/1021
f 1024/1024/1024 1023/1023/1023 1021/1021/1021
f 1027/1027/1027 1026/1026/1026 1025/1025/1025
f 1028/1028/1028 1027/1027/1027 1025/1025/1025
f 1031/1031/1031 1030/1030/1030 1029/1029/1029
f 1032/1032/1032 1031/1031/1031 1029/1029/1029
f 1035/1035/1035 1034/1034/1034 1033/1033/1033
f 1036/1036/1036 1035/1035/1035 1033/1033/1033
f 1039/1039/1039 1038/1038/1038 1037/1037/1037
f 1040/1040/1040 1039/1039/1039 1037/1037/1037
f 1043/1043/1043 1042/1042/1042 1041/1041/1041
f 1044/1044/1044 1043/1043/1043 1041/1041/1041
f 1047/1047/1047 1046/1046/1046 1045/1045/1045
f 1048/1048/1048 1047/1047/1047 1045/1045/1045
f 1048/1048/1048 1045/1045/1045 1049/1049/1049
f 1050/1050/1050 1048/1048/1048 1049/1049/1049
f 1050/1050/1050 1049/1049/1049 1051/1051/1051
f 1052/1052/1052 1050/1050/1050 1051/1051/1051
f 1052/1052/1052 1051/1051/1051 1053/1053/1053
f 1054/1054/1054 1052/1052/1052 1053/1053/1053
f 1054/1054/1054 1053/1053/1053 1055/1055/1055
f 1056/1056/1056 1054/1054/1054 1055/1055/1055
f 1056/1056/1056 1055/1055/1055 1057/1057/1057
f 1058/1058/1058 1056/1056/1056 1057/1057/1057
f 1061/1061/1061 1060/1060/1060 1059/1059/1059
f 1062/1062/1062 1061/1061/1061 1059/1059/1059
f 1065/1065/1065 1064/1064/1064 1063/1063/1063
f 1066/1066/1066 1065/1065/1065 1063/1063/1063
f 1066/1066/1066 1063/1063/1063 1067/1067/1067
f 1068/1068/1068 1066/1066/1066 1067/1067/1067
f 1068/1068/1068 1067/1067/1067 1069/1069/1069
f 1070/1070/1070 1068/1068/1068 1069/1069/1069
f 1070/1070/1070 1069/1069/1069 1071/1071/1071
f 1072/1072/1072 1070/1070/1070 1071/1071/1071
f 1072/1072/1072 1071/1071/1071 1073/1073/1073
f 1074/1074/1074 1072/1072/1072 1073/1073/1073
f 1074/1074/1074 1073/1073/1073 1075/1075/1075
f 1076/1076/1076 1074/1074/1074 1075/1075/1075
f 1079/1079/1079 1078/1078/1078 1077/1077/1077
f 1078/1078/1078 1080/1080/1080 1077/1077/1077
f 1077/1077/1077 1080/1080/1080 1081/1081/1081
f 1080/1080/1080 1082/1082/1082 1081/1081/1081
f 1085/1085/1085 1084/1084/1084 1083/1083/1083
f 1084/1084/1084 1086/1086/1086 1083/1083/1083
f 1086/1086/1086 1084/1084/1084 1087/1087/1087
f 1084/1084/1084 1088/1088/1088 1087/1087/1087
f 1091/1091/1091 1090/1090/1090 1089/1089/1089
f 1090/1090/1090 1092/1092/1092 1089/1089/1089
f 1092/1092/1092 1090/1090/1090 1093/1093/1093
f 1090/1090/1090 1094/1094/1094 1093/1093/1093
f 1097/1097/1097 1096/1096/1096 1095/1095/1095
f 1096/1096/1096 1098/1098/1098 1095/1095/1095
f 1098/1098/1098 1096/1096/1096 1099/1099/1099
f 1096/1096/1096 1100/1100/1100 1099/1099/1099
f 1103/1103/1103 1102/1102/1102 1101/1101/1101
f 1102/1102/1102 1104/1104/1104 1101/1101/1101
f 1104/1104/1104 1102/1102/1102 1105/1105/1105
f 1102/1102/1102 1106/1106/1106 1105/1105/1105
f 1109/1109/1109 1108/1108/1108 1107/1107/1107
f 1108/1108/1108 1110/1110/1110 1107/1107/1107
f 1110/1110/1110 1108/1108/1108 1111/1111/1111
f 1108/1108/1108 1112/1112/1112 1111/1111/1111
f 1115/1115/1115 1114/1114/1114 1113/1113/1113
f 1114/1114/1114 1116/1116/1116 1113/1113/1113
f 1116/1116/1116 1114/1114/1114 1117/1117/1117
f 1114/1114/1114 1118/1118/1118 1117/1117/1117
f 1121/1121/1121 1120/1120/1120 1119/1119/1119
f 1120/1120/1120 1122/1122/1122 1119/1119/1119
f 1122/1122/1122 1120/1120/1120 1123/1123/1123
f 1120/1120/1120 1124/1124/1124 1123/1123/1123
f 1127/1127/1127 1126/1126/1126 1125/1125/1125
f 1126/1126/1126 1128/1128/1128 1125/1125/1125
f 1128/1128/1128 1126/1126/1126 1129/1129/1129
f 1126/1126/1126 1130/1130/1130 1129/1129/1129
f 1133/1133/1133 1132/1132/1132 1131/1131/1131
f 1132/1132/1132 1134/1134/1134 1131/1131/1131
f 1134/1134/1134 1132/1132/1132 1135/1135/1135
f 1132/1132/1132 1136/1136/1136 1135/1135/1135
f 1139/1139/1139 1138/1138/1138 1137/1137/1137
f 1138/1138/1138 1140/1140/1140 1137/1137/1137
f 1140/1140/1140 1138/1138/1138 1141/1141/1141
f 1138/1138/1138 1142/1142/1142 1141/1141/1141
f 1145/1145/1145 1144/1144/1144 1143/1143/1143
f 1144/1144/1144 1146/1146/1146 1143/1143/1143
f 1146/1146/1146 1144/1144/1144 1147/1147/1147
f 1144/1144/1144 1148/1148/1148 1147/1147/1147
f 1151/1151/1151 1150/1150/1150 1149/1149/1149
f 1150/1150/1150 1152/1152/1152 1149/1149/1149
f 1152/1152/1152 1150/1150/1150 1153/1153/1153
f 1150/1150/1150 1154/1154/1154 1153/1153/1153
f 1157/1157/1157 1156/1156/1156 1155/1155/1155
f 1158/1158/1158 1157/1157/1157 1155/1155/1155
f 1161/1161/1161 1160/1160/1160 1159/1159/1159
f 1162/1162/1162 1161/1161/1161 1159/1159/1159
f 1165/1165/1165 1164/1164/1164 1163/1163/1163
f 1166/1166/1166 1165/1165/1165 1163/1163/1163
f 1169/1169/1169 1168/1168/1168 1167/1167/1167
f 1170/1170/1170 1169/1169/1169 1167/1167/1167
f 1173/1173/1173 1172/1172/1172 1171/1171/1171
f 1174/1174/1174 1173/1173/1173 1171/1171/1171
f 1177/1177/1177 1176/1176/1176 1175/1175/1175
f 1178/1178/1178 1177/1177/1177 1175/1175/1175
f 1181/1181/1181 1180/1180/1180 1179/1179/1179
f 1182/1182/1182 1181/1181/1181 1179/1179/1179
f 1185/1185/1185 1184/1184/1184 1183/1183/1183
f 1186/1186/1186 1185/1185/1185 1183/1183/1183
f 1189/1189/1189 1188/1188/1188 1187/1187/1187
f 1190/1190/1190 1189/1189/1189 1187/1187/1187
f 1193/1193/1193 1192/1192/1192 1191/1191/1191
f 1194/1194/1194 1193/1193/1193 1191/1191/1191
f 1197/1197/1197 1196/1196/1196 1195/1195/1195
f 1198/1198/1198 1197/1197/1197 1195/1195/1195
f 1201/1201/1201 1200/1200/1200 1199/1199/1199
f 1202/1202/1202 1201/1201/1201 1199/1199/1199
f 1205/1205/1205 1204/1204/1204 1203/1203/1203
f 1206/1206/1206 1205/1205/1205 1203/1203/1203
f 1209/1209/1209 1208/1208/1208 1207/1207/1207
f 1210/1210/1210 1209/1209/1209 1207/1207/1207
f 1213/1213/1213 1212/1212/1212 1211/1211/1211
f 1214/1214/1214 1213/1213/1213 1211/1211/1211
f 1214/1214/1214 1211/1211/1211 1215/1215/1215
f 1216/1216/1216 1214/1214/1214 1215/1215/1215
f 1216/1216/1216 1215/1215/1215 1217/1217/1217
f 1218/1218/1218 1216/1216/1216 1217/1217/1217
f 1218/1218/1218 1217/1217/1217 1219/1219/1219
f 1220/1220/1220 1218/1218/1218 1219/1219/1219
f 1220/1220/1220 1219/1219/1219 1221/1221/1221
f 1222/1222/1222 1220/1220/1220 1221/1221/1221
f 1222/1222/1222 1221/1221/1221 1223/1223/1223
f 1224/1224/1224 1222/1222/1222 1223/1223/1223
f 1227/1227/1227 1226/1226/1226 1225/1225/1225
f 1228/1228/1228 1227/1227/1227 1225/1225/1225
f 1231/1231/1231 1230/1230/1230 1229/1229/1229
f 1232/1232/1232 1231/1231/1231 1229/1229/1229
f 1232/1232/1232 1229/1229/1229 1233/1233/1233
f 1234/1234/1234 1232/1232/1232 1233/1233/1233
f 1234/1234/1234 1233/1233/1233 1235/1235/1235
f 1236/1236/1236 1234/1234/1234 1235/1235/1235
f 1236/1236/1236 1235/1235/1235 1237/1237/1237
f 1238/1238/1238 1236/1236/1236 1237/1237/1237
f 1238/1238/1238 1237/1237/1237 1239/1239/1239
f 1240/1240/1240 1238/1238/1238 1239/1239/1239
f 1240/1240/1240 1239/1239/1239 1241/1241/1241
f 1242/1242/1242 1240/1240/1240 1241/1241/1241
f 1245/1245/1245 1244/1244/1244 1243/1243/1243
f 1244/1244/1244 1246/1246/1246 1243/1243/1243
f 1243/1243/1243 1246/1246/1246 1247/1247/1247
f 1246/1246/1246 1248/1248/1248 1247/1247/1247
f 1251/1251/1251 1250/1250/1250 1249/1249/1249
f 1250/1250/1250 1252/1252/1252 1249/1249/1249
f 1252/1252/1252 1250/1250/1250 1253/1253/1253
f 1250/1250/1250 1254/1254/1254 1253/1253/1253
f 1257/1257/1257 1256/1256/1256 1255/1255/1255
f 1256/1256/1256 1258/1258/1258 1255/1255/1255
f 1258/1258/1258 1256/1256/1256 1259/1259/1259
f 1256/1256/1256 1260/1260/1260 1259/1259/1259
f 1263/1263/1263 1262/1262/1262 1261/1261/1261
f 1262/1262/1262 1264/1264/1264 1261/1261/1261
f 1264/1264/1264 1262/1262/1262 1265/1265/1265
f 1262/1262/1262 1266/1266/1266 1265/1265/1265
f 1269/1269/1269 1268/1268/1268 1267/1267/1267
f 1268/1268/1268 1270/1270/1270 1267/1267/1267
f 1270/1270/1270 1268/1268/1268 1271/1271/1271
f 1268/1268/1268 1272/1272/1272 1271/1271/1271
f 1275/1275/1275 1274/1274/1274 1273/1273/1273
f 1274/1274/1274 1276/1276/1276 1273/1273/1273
f 1276/1276/1276 1274/1274/1274 1277/1277/1277
f 1274/1274/1274 1278/1278/1278 1277/1277/1277
f 1281/1281/1281 1280/1280/1280 1279/1279/1279
f 1280/1280/1280 1282/1282/1282 1279/1279/1279
f 1282/1282/1282 1280/1280/1280 1283/1283/1283
f 1280/1280/1280 1284/1284/1284 1283/1283/1283
f 1287/1287/1287 1286/1286/1286 1285/1285/1285
f 1286/1286/1286 1288/1288/1288 1285/1285/1285
f 1288/1288/1288 1286/1286/1286 1289/1289/1289
f 1286/1286/1286 1290/1290/1290 1289/1289/1289
f 1293/1293/1293 1292/1292/1292 1291/1291/1291
f 1292/1292/1292 1294/1294/1294 1291/1291/1291
f 1294/1294/1294 1292/1292/1292 1295/1295/1295
f 1292/1292/1292 1296/1296/1296 1295/1295/1295
f 1299/1299/1299 1298/1298/1298 1297/1297/1297
f 1298/1298/1298 1300/1300/1300 1297/1297/1297
f 1300/1300/1300 1298/1298/1298 1301/1301/1301
f 1298/1298/1298 1302/1302/1302 1301/1301/1301
f 1305/1305/1305 1304/1304/1304 1303/1303/1303
f 1304/1304/1304 1306/1306/1306 1303/1303/1303
f 1306/1306/1306 1304/1304/1304 1307/1307/1307
f 1304/1304/1304 1308/1308/1308 1307/1307/1307
f 1311/1311/1311 1310/1310/1310 1309/1309/1309
f 1310/1310/1310 1312/1312/1312 1309/1309/1309
f 1312/1312/1312 1310/1310/1310 1313/1313/1313
f 1310/1310/1310 1314/1314/1314 1313/1313/1313
f 1317/1317/1317 1316/1316/1316 1315/1315/1315
f 1316/1316/1316 1318/1318/1318 1315/1315/1315
f 1318/1318/1318 1316/1316/1316 1319/1319/1319
f 1316/1316/1316 1320/1320/1320 1319/1319/1319
f 1323/1323/1323 1322/1322/1322 1321/1321/1321
f 1324/1324/1324 1323/1323/1323 1321/1321/1321
f 1327/1327/1327 1326/1326/1326 1325/1325/1325
f 1328/1328/1328 1327/1327/1327 1325/1325/1325
