{"t": "AnimatorController", "name": "Farhad01_preview", "bundle": "gameres_art_dir_cars_a_hero_farhad_01_animator_a8ee676bef9f7d9a6f668f62c46cac3a", "legacy": null, "compressed": false, "sampleRate": null, "nRot": 0, "nPos": 0, "nScale": 0, "nFloat": 0, "nPPtr": 0, "bytes": 16321}
{"t": "AnimationClip", "name": "Hager_01_idle", "bundle": "gameres_art_dir_cars_a_hero_hager_animation_5f3a5b8850ee05b3c7438817d1b4503f", "legacy": false, "compressed": false, "sampleRate": 30.0, "nRot": 0, "nPos": 0, "nScale": 0, "nFloat": 0, "nPPtr": 0, "bytes": 78637}
{"t": "AnimationClip", "name": "Hager_01_ walk", "bundle": "gameres_art_dir_cars_a_hero_hager_animation_5f3a5b8850ee05b3c7438817d1b4503f", "legacy": false, "compressed": false, "sampleRate": 30.0, "nRot": 0, "nPos": 0, "nScale": 0, "nFloat": 0, "nPPtr": 0, "bytes": 86299}
{"t": "AnimationClip", "name": "Hager_01_hit", "bundle": "gameres_art_dir_cars_a_hero_hager_animation_5f3a5b8850ee05b3c7438817d1b4503f", "legacy": false, "compressed": false, "sampleRate": 30.0, "nRot": 0, "nPos": 0, "nScale": 0, "nFloat": 0, "nPPtr": 0, "bytes": 113360}
{"t": "AnimationClip", "name": "Hager_01_attack", "bundle": "gameres_art_dir_cars_a_hero_hager_animation_5f3a5b8850ee05b3c7438817d1b4503f", "legacy": false, "compressed": false, "sampleRate": 30.0, "nRot": 0, "nPos": 0, "nScale": 0, "nFloat": 0, "nPPtr": 0, "bytes": 93226}
{"t": "AnimationClip", "name": "Hager_01_dead", "bundle": "gameres_art_dir_cars_a_hero_hager_animation_5f3a5b8850ee05b3c7438817d1b4503f", "legacy": false, "compressed": false, "sampleRate": 30.0, "nRot": 0, "nPos": 0, "nScale": 0, "nFloat": 0, "nPPtr": 0, "bytes": 188413}
{"t": "AnimationClip", "name": "Hager_01_attack_skll", "bundle": "gameres_art_dir_cars_a_hero_hager_animation_5f3a5b8850ee05b3c7438817d1b4503f", "legacy": false, "compressed": false, "sampleRate": 30.0, "nRot": 0, "nPos": 0, "nScale": 0, "nFloat": 0, "nPPtr": 0, "bytes": 131027}
{"t": "AnimationClip", "name": "Hager_01_attack _move", "bundle": "gameres_art_dir_cars_a_hero_hager_animation_5f3a5b8850ee05b3c7438817d1b4503f", "legacy": false, "compressed": false, "sampleRate": 30.0, "nRot": 0, "nPos": 0, "nScale": 0, "nFloat": 0, "nPPtr": 0, "bytes": 93712}
{"t": "AnimationClip", "name": "Farhad_01_hit", "bundle": "gameres_art_dir_cars_a_hero_farhad_01_animation_e6bda2d758df239928466b0f3a7a7197", "legacy": false, "compressed": false, "sampleRate": 30.0, "nRot": 0, "nPos": 0, "nScale": 0, "nFloat": 0, "nPPtr": 0, "bytes": 48133}
{"t": "AnimationClip", "name": "Farhad_01_idle", "bundle": "gameres_art_dir_cars_a_hero_farhad_01_animation_e6bda2d758df239928466b0f3a7a7197", "legacy": false, "compressed": false, "sampleRate": 30.0, "nRot": 0, "nPos": 0, "nScale": 0, "nFloat": 0, "nPPtr": 0, "bytes": 41059}
{"t": "AnimationClip", "name": "Farhad_01_attack_move", "bundle": "gameres_art_dir_cars_a_hero_farhad_01_animation_e6bda2d758df239928466b0f3a7a7197", "legacy": false, "compressed": false, "sampleRate": 30.0, "nRot": 0, "nPos": 0, "nScale": 0, "nFloat": 0, "nPPtr": 0, "bytes": 52964}
{"t": "AnimationClip", "name": "Farhad_01_walk", "bundle": "gameres_art_dir_cars_a_hero_farhad_01_animation_e6bda2d758df239928466b0f3a7a7197", "legacy": false, "compressed": false, "sampleRate": 30.0, "nRot": 0, "nPos": 0, "nScale": 0, "nFloat": 0, "nPPtr": 0, "bytes": 48193}
{"t": "AnimationClip", "name": "Farhad_01_attack_skll", "bundle": "gameres_art_dir_cars_a_hero_farhad_01_animation_e6bda2d758df239928466b0f3a7a7197", "legacy": false, "compressed": false, "sampleRate": 30.0, "nRot": 0, "nPos": 0, "nScale": 0, "nFloat": 0, "nPPtr": 0, "bytes": 81165}
{"t": "AnimationClip", "name": "Farhad_01_show_idle", "bundle": "gameres_art_dir_cars_a_hero_farhad_01_animation_e6bda2d758df239928466b0f3a7a7197", "legacy": false, "compressed": false, "sampleRate": 30.0, "nRot": 0, "nPos": 0, "nScale": 0, "nFloat": 0, "nPPtr": 0, "bytes": 101253}
{"t": "AnimationClip", "name": "Farhad_01_attack", "bundle": "gameres_art_dir_cars_a_hero_farhad_01_animation_e6bda2d758df239928466b0f3a7a7197", "legacy": false, "compressed": false, "sampleRate": 30.0, "nRot": 0, "nPos": 0, "nScale": 0, "nFloat": 0, "nPPtr": 0, "bytes": 50771}
{"t": "AnimationClip", "name": "Farhad_01_show", "bundle": "gameres_art_dir_cars_a_hero_farhad_01_animation_e6bda2d758df239928466b0f3a7a7197", "legacy": false, "compressed": false, "sampleRate": 30.0, "nRot": 0, "nPos": 0, "nScale": 0, "nFloat": 0, "nPPtr": 0, "bytes": 739716}
{"t": "AnimationClip", "name": "Farhad_01_camera", "bundle": "gameres_art_dir_cars_a_hero_farhad_01_animation_e6bda2d758df239928466b0f3a7a7197", "legacy": false, "compressed": false, "sampleRate": 30.0, "nRot": 0, "nPos": 0, "nScale": 0, "nFloat": 0, "nPPtr": 0, "bytes": 7486}
{"t": "AnimationClip", "name": "Farhad_01_dead", "bundle": "gameres_art_dir_cars_a_hero_farhad_01_animation_e6bda2d758df239928466b0f3a7a7197", "legacy": false, "compressed": false, "sampleRate": 30.0, "nRot": 0, "nPos": 0, "nScale": 0, "nFloat": 0, "nPPtr": 0, "bytes": 64685}
{"t": "AnimationClip", "name": "Katyusha_02_walk", "bundle": "gameres_art_dir_cars_a_hero_katyusha_02_a_hero_katyusha_02_animation_16b09fec689deb9c5a0f42c633470d59", "legacy": false, "compressed": false, "sampleRate": 30.0, "nRot": 0, "nPos": 0, "nScale": 0, "nFloat": 0, "nPPtr": 0, "bytes": 56105}
{"t": "AnimationClip", "name": "Katyusha_02_idle", "bundle": "gameres_art_dir_cars_a_hero_katyusha_02_a_hero_katyusha_02_animation_16b09fec689deb9c5a0f42c633470d59", "legacy": false, "compressed": false, "sampleRate": 30.0, "nRot": 0, "nPos": 0, "nScale": 0, "nFloat": 0, "nPPtr": 0, "bytes": 49399}
{"t": "AnimationClip", "name": "Katyusha_02_show_idle", "bundle": "gameres_art_dir_cars_a_hero_katyusha_02_a_hero_katyusha_02_animation_16b09fec689deb9c5a0f42c633470d59", "legacy": false, "compressed": false, "sampleRate": 30.0, "nRot": 0, "nPos": 0, "nScale": 0, "nFloat": 0, "nPPtr": 0, "bytes": 114751}
{"t": "AnimationClip", "name": "Katyusha_02_show", "bundle": "gameres_art_dir_cars_a_hero_katyusha_02_a_hero_katyusha_02_animation_16b09fec689deb9c5a0f42c633470d59", "legacy": false, "compressed": false, "sampleRate": 30.0, "nRot": 0, "nPos": 0, "nScale": 0, "nFloat": 0, "nPPtr": 0, "bytes": 2142595}
{"t": "AnimationClip", "name": "Katyusha_02_attack", "bundle": "gameres_art_dir_cars_a_hero_katyusha_02_a_hero_katyusha_02_animation_16b09fec689deb9c5a0f42c633470d59", "legacy": false, "compressed": false, "sampleRate": 30.0, "nRot": 0, "nPos": 0, "nScale": 0, "nFloat": 0, "nPPtr": 0, "bytes": 110895}
{"t": "AnimationClip", "name": "Katyusha_02_camera", "bundle": "gameres_art_dir_cars_a_hero_katyusha_02_a_hero_katyusha_02_animation_16b09fec689deb9c5a0f42c633470d59", "legacy": false, "compressed": false, "sampleRate": 30.0, "nRot": 0, "nPos": 0, "nScale": 0, "nFloat": 0, "nPPtr": 0, "bytes": 12112}
{"t": "AnimationClip", "name": "Katyusha_02_attack_skll", "bundle": "gameres_art_dir_cars_a_hero_katyusha_02_a_hero_katyusha_02_animation_16b09fec689deb9c5a0f42c633470d59", "legacy": false, "compressed": false, "sampleRate": 30.0, "nRot": 0, "nPos": 0, "nScale": 0, "nFloat": 0, "nPPtr": 0, "bytes": 110900}
{"t": "AnimationClip", "name": "Katyusha_02_hit", "bundle": "gameres_art_dir_cars_a_hero_katyusha_02_a_hero_katyusha_02_animation_16b09fec689deb9c5a0f42c633470d59", "legacy": false, "compressed": false, "sampleRate": 30.0, "nRot": 0, "nPos": 0, "nScale": 0, "nFloat": 0, "nPPtr": 0, "bytes": 85073}
{"t": "AnimationClip", "name": "Katyusha_02_attack_move", "bundle": "gameres_art_dir_cars_a_hero_katyusha_02_a_hero_katyusha_02_animation_16b09fec689deb9c5a0f42c633470d59", "legacy": false, "compressed": false, "sampleRate": 30.0, "nRot": 0, "nPos": 0, "nScale": 0, "nFloat": 0, "nPPtr": 0, "bytes": 89062}
{"t": "AnimationClip", "name": "Katyusha_02_dead", "bundle": "gameres_art_dir_cars_a_hero_katyusha_02_a_hero_katyusha_02_animation_16b09fec689deb9c5a0f42c633470d59", "legacy": false, "compressed": false, "sampleRate": 30.0, "nRot": 0, "nPos": 0, "nScale": 0, "nFloat": 0, "nPPtr": 0, "bytes": 104235}
{"t": "AnimationClip", "name": "Lambo_01_walk", "bundle": "gameres_art_dir_cars_a_hero_lambo_01_animation_41025023dca3555eaab243c65f887dd3", "legacy": false, "compressed": false, "sampleRate": 30.0, "nRot": 0, "nPos": 0, "nScale": 0, "nFloat": 0, "nPPtr": 0, "bytes": 86493}
{"t": "AnimationClip", "name": "Lambo_01_idle", "bundle": "gameres_art_dir_cars_a_hero_lambo_01_animation_41025023dca3555eaab243c65f887dd3", "legacy": false, "compressed": false, "sampleRate": 30.0, "nRot": 0, "nPos": 0, "nScale": 0, "nFloat": 0, "nPPtr": 0, "bytes": 62132}
{"t": "AnimationClip", "name": "Lambo_01_attack_move", "bundle": "gameres_art_dir_cars_a_hero_lambo_01_animation_41025023dca3555eaab243c65f887dd3", "legacy": false, "compressed": false, "sampleRate": 30.0, "nRot": 0, "nPos": 0, "nScale": 0, "nFloat": 0, "nPPtr": 0, "bytes": 91892}
{"t": "AnimationClip", "name": "Lambo_01_attack", "bundle": "gameres_art_dir_cars_a_hero_lambo_01_animation_41025023dca3555eaab243c65f887dd3", "legacy": false, "compressed": false, "sampleRate": 30.0, "nRot": 0, "nPos": 0, "nScale": 0, "nFloat": 0, "nPPtr": 0, "bytes": 98966}
{"t": "AnimationClip", "name": "Lambo_01_attack_skll", "bundle": "gameres_art_dir_cars_a_hero_lambo_01_animation_41025023dca3555eaab243c65f887dd3", "legacy": false, "compressed": false, "sampleRate": 30.0, "nRot": 0, "nPos": 0, "nScale": 0, "nFloat": 0, "nPPtr": 0, "bytes": 192064}
{"t": "AnimationClip", "name": "Lambo_01_dead", "bundle": "gameres_art_dir_cars_a_hero_lambo_01_animation_41025023dca3555eaab243c65f887dd3", "legacy": false, "compressed": false, "sampleRate": 30.0, "nRot": 0, "nPos": 0, "nScale": 0, "nFloat": 0, "nPPtr": 0, "bytes": 72523}
{"t": "AnimationClip", "name": "lambo_show_idle", "bundle": "gameres_art_dir_cars_a_hero_lambo_01_animation_41025023dca3555eaab243c65f887dd3", "legacy": false, "compressed": false, "sampleRate": 30.0, "nRot": 0, "nPos": 0, "nScale": 0, "nFloat": 0, "nPPtr": 0, "bytes": 195753}
{"t": "AnimationClip", "name": "Lambo_01_camera", "bundle": "gameres_art_dir_cars_a_hero_lambo_01_animation_41025023dca3555eaab243c65f887dd3", "legacy": false, "compressed": false, "sampleRate": 30.0, "nRot": 0, "nPos": 0, "nScale": 0, "nFloat": 0, "nPPtr": 0, "bytes": 13014}
{"t": "AnimationClip", "name": "Lambo_01_hit", "bundle": "gameres_art_dir_cars_a_hero_lambo_01_animation_41025023dca3555eaab243c65f887dd3", "legacy": false, "compressed": false, "sampleRate": 30.0, "nRot": 0, "nPos": 0, "nScale": 0, "nFloat": 0, "nPPtr": 0, "bytes": 75309}
{"t": "AnimationClip", "name": "lambo_show", "bundle": "gameres_art_dir_cars_a_hero_lambo_01_animation_41025023dca3555eaab243c65f887dd3", "legacy": false, "compressed": false, "sampleRate": 30.0, "nRot": 0, "nPos": 0, "nScale": 0, "nFloat": 0, "nPPtr": 0, "bytes": 1147814}
{"t": "AnimatorController", "name": "Lambo01_preview", "bundle": "gameres_art_dir_cars_a_hero_lambo_01_animator_35dc98ae752e9850c5c7a11f492f4f0e", "legacy": null, "compressed": false, "sampleRate": null, "nRot": 0, "nPos": 0, "nScale": 0, "nFloat": 0, "nPPtr": 0, "bytes": 16320}
{"t": "AnimationClip", "name": "Maxwell_01_attack_move", "bundle": "gameres_art_dir_cars_a_hero_maxwell_01_animation_bb6b39562499b19d85abb563835c9c7e", "legacy": false, "compressed": false, "sampleRate": 30.0, "nRot": 0, "nPos": 0, "nScale": 0, "nFloat": 0, "nPPtr": 0, "bytes": 47827}
{"t": "AnimationClip", "name": "Maxwell_01_idle", "bundle": "gameres_art_dir_cars_a_hero_maxwell_01_animation_bb6b39562499b19d85abb563835c9c7e", "legacy": false, "compressed": false, "sampleRate": 30.0, "nRot": 0, "nPos": 0, "nScale": 0, "nFloat": 0, "nPPtr": 0, "bytes": 37586}
{"t": "AnimationClip", "name": "Maxwell_01_attack", "bundle": "gameres_art_dir_cars_a_hero_maxwell_01_animation_bb6b39562499b19d85abb563835c9c7e", "legacy": false, "compressed": false, "sampleRate": 30.0, "nRot": 0, "nPos": 0, "nScale": 0, "nFloat": 0, "nPPtr": 0, "bytes": 52516}
{"t": "AnimationClip", "name": "Maxwell_01_attack_skll", "bundle": "gameres_art_dir_cars_a_hero_maxwell_01_animation_bb6b39562499b19d85abb563835c9c7e", "legacy": false, "compressed": false, "sampleRate": 30.0, "nRot": 0, "nPos": 0, "nScale": 0, "nFloat": 0, "nPPtr": 0, "bytes": 52521}
{"t": "AnimationClip", "name": "Maxwell_01_show_idle", "bundle": "gameres_art_dir_cars_a_hero_maxwell_01_animation_bb6b39562499b19d85abb563835c9c7e", "legacy": false, "compressed": false, "sampleRate": 30.0, "nRot": 0, "nPos": 0, "nScale": 0, "nFloat": 0, "nPPtr": 0, "bytes": 404941}
{"t": "AnimationClip", "name": "Maxwell_01_dead", "bundle": "gameres_art_dir_cars_a_hero_maxwell_01_animation_bb6b39562499b19d85abb563835c9c7e", "legacy": false, "compressed": false, "sampleRate": 30.0, "nRot": 0, "nPos": 0, "nScale": 0, "nFloat": 0, "nPPtr": 0, "bytes": 84611}
{"t": "AnimationClip", "name": "Maxwell_01_walk", "bundle": "gameres_art_dir_cars_a_hero_maxwell_01_animation_bb6b39562499b19d85abb563835c9c7e", "legacy": false, "compressed": false, "sampleRate": 30.0, "nRot": 0, "nPos": 0, "nScale": 0, "nFloat": 0, "nPPtr": 0, "bytes": 33158}
{"t": "AnimationClip", "name": "Maxwell_01_hit", "bundle": "gameres_art_dir_cars_a_hero_maxwell_01_animation_bb6b39562499b19d85abb563835c9c7e", "legacy": false, "compressed": false, "sampleRate": 30.0, "nRot": 0, "nPos": 0, "nScale": 0, "nFloat": 0, "nPPtr": 0, "bytes": 46007}
{"t": "AnimationClip", "name": "Maxwell_01_show", "bundle": "gameres_art_dir_cars_a_hero_maxwell_01_animation_bb6b39562499b19d85abb563835c9c7e", "legacy": false, "compressed": false, "sampleRate": 30.0, "nRot": 0, "nPos": 0, "nScale": 0, "nFloat": 0, "nPPtr": 0, "bytes": 634835}
{"t": "AnimationClip", "name": "Maxwell_01_camera", "bundle": "gameres_art_dir_cars_a_hero_maxwell_01_animation_bb6b39562499b19d85abb563835c9c7e", "legacy": false, "compressed": false, "sampleRate": 30.0, "nRot": 0, "nPos": 0, "nScale": 0, "nFloat": 0, "nPPtr": 0, "bytes": 8973}
{"t": "AnimatorController", "name": "maxwell01_preview", "bundle": "gameres_art_dir_cars_a_hero_maxwell_01_animator_0245ee4faae587e6bbed1c979cacd95a", "legacy": null, "compressed": false, "sampleRate": null, "nRot": 0, "nPos": 0, "nScale": 0, "nFloat": 0, "nPPtr": 0, "bytes": 16330}
{"t": "AnimatorController", "name": "katyusha02_preview", "bundle": "gameres_art_dir_cars_a_hero_katyusha_02_a_hero_katyusha_02_animator_ac29e4d2dafb3a859a22dd68710577dd", "legacy": null, "compressed": false, "sampleRate": null, "nRot": 0, "nPos": 0, "nScale": 0, "nFloat": 0, "nPPtr": 0, "bytes": 16330}
{"t": "AnimationClip", "name": "MissHot_01_low_skin", "bundle": "gameres_art_dir_cars_a_hero_misshot_01_mesh_mesh_low_b7ae94fcfd441a83d49f0e4dfbd8d16d", "legacy": false, "compressed": false, "sampleRate": 30.0, "nRot": 0, "nPos": 0, "nScale": 0, "nFloat": 0, "nPPtr": 0, "bytes": 17142}
{"t": "AnimationClip", "name": "Kilian_01_idle", "bundle": "gameres_art_dir_cars_a_hero_kilian_01_animation_45b440c99fc4f77524d6b935078fcb02", "legacy": false, "compressed": false, "sampleRate": 30.0, "nRot": 0, "nPos": 0, "nScale": 0, "nFloat": 0, "nPPtr": 0, "bytes": 49658}
{"t": "AnimationClip", "name": "Kilian_01_attack_move", "bundle": "gameres_art_dir_cars_a_hero_kilian_01_animation_45b440c99fc4f77524d6b935078fcb02", "legacy": false, "compressed": false, "sampleRate": 30.0, "nRot": 0, "nPos": 0, "nScale": 0, "nFloat": 0, "nPPtr": 0, "bytes": 56926}
{"t": "AnimationClip", "name": "Kilian_01_attack", "bundle": "gameres_art_dir_cars_a_hero_kilian_01_animation_45b440c99fc4f77524d6b935078fcb02", "legacy": false, "compressed": false, "sampleRate": 30.0, "nRot": 0, "nPos": 0, "nScale": 0, "nFloat": 0, "nPPtr": 0, "bytes": 64672}
{"t": "AnimationClip", "name": "Kilian_01_walk", "bundle": "gameres_art_dir_cars_a_hero_kilian_01_animation_45b440c99fc4f77524d6b935078fcb02", "legacy": false, "compressed": false, "sampleRate": 30.0, "nRot": 0, "nPos": 0, "nScale": 0, "nFloat": 0, "nPPtr": 0, "bytes": 47815}
{"t": "AnimationClip", "name": "Kilian_01_hit", "bundle": "gameres_art_dir_cars_a_hero_kilian_01_animation_45b440c99fc4f77524d6b935078fcb02", "legacy": false, "compressed": false, "sampleRate": 30.0, "nRot": 0, "nPos": 0, "nScale": 0, "nFloat": 0, "nPPtr": 0, "bytes": 84888}
{"t": "AnimationClip", "name": "Kilian_01_attack_skll", "bundle": "gameres_art_dir_cars_a_hero_kilian_01_animation_45b440c99fc4f77524d6b935078fcb02", "legacy": false, "compressed": false, "sampleRate": 30.0, "nRot": 0, "nPos": 0, "nScale": 0, "nFloat": 0, "nPPtr": 0, "bytes": 104301}
{"t": "AnimationClip", "name": "Kilian_01_show_idle", "bundle": "gameres_art_dir_cars_a_hero_kilian_01_animation_45b440c99fc4f77524d6b935078fcb02", "legacy": false, "compressed": false, "sampleRate": 30.0, "nRot": 0, "nPos": 0, "nScale": 0, "nFloat": 0, "nPPtr": 0, "bytes": 244314}
{"t": "AnimationClip", "name": "Kilian_01_show", "bundle": "gameres_art_dir_cars_a_hero_kilian_01_animation_45b440c99fc4f77524d6b935078fcb02", "legacy": false, "compressed": false, "sampleRate": 30.0, "nRot": 0, "nPos": 0, "nScale": 0, "nFloat": 0, "nPPtr": 0, "bytes": 3449973}
{"t": "AnimationClip", "name": "Kilian_01_dead", "bundle": "gameres_art_dir_cars_a_hero_kilian_01_animation_45b440c99fc4f77524d6b935078fcb02", "legacy": false, "compressed": false, "sampleRate": 30.0, "nRot": 0, "nPos": 0, "nScale": 0, "nFloat": 0, "nPPtr": 0, "bytes": 95042}
{"t": "AnimationClip", "name": "Kilian_01_camera", "bundle": "gameres_art_dir_cars_a_hero_kilian_01_animation_45b440c99fc4f77524d6b935078fcb02", "legacy": false, "compressed": false, "sampleRate": 30.0, "nRot": 0, "nPos": 0, "nScale": 0, "nFloat": 0, "nPPtr": 0, "bytes": 15825}
{"t": "AnimatorController", "name": "kilian01_preview", "bundle": "gameres_art_dir_cars_a_hero_kilian_01_animator_29b5b33fdef17c773752f4b6ab52676f", "legacy": null, "compressed": false, "sampleRate": null, "nRot": 0, "nPos": 0, "nScale": 0, "nFloat": 0, "nPPtr": 0, "bytes": 16321}
{"t": "AnimatorController", "name": "Revenger01_preview", "bundle": "gameres_art_dir_cars_a_hero_revenger_01_animator_34a4c31824b6dc0756719a595ee7d05a", "legacy": null, "compressed": false, "sampleRate": null, "nRot": 0, "nPos": 0, "nScale": 0, "nFloat": 0, "nPPtr": 0, "bytes": 16324}
{"t": "AnimationClip", "name": "Richard_01_attack", "bundle": "gameres_art_dir_cars_a_hero_richard_01_animation_7ce654ce37b3c891a67f406fda6e6404", "legacy": false, "compressed": false, "sampleRate": 30.0, "nRot": 0, "nPos": 0, "nScale": 0, "nFloat": 0, "nPPtr": 0, "bytes": 64432}
{"t": "AnimationClip", "name": "Richard_01_idle", "bundle": "gameres_art_dir_cars_a_hero_richard_01_animation_7ce654ce37b3c891a67f406fda6e6404", "legacy": false, "compressed": false, "sampleRate": 30.0, "nRot": 0, "nPos": 0, "nScale": 0, "nFloat": 0, "nPPtr": 0, "bytes": 37722}
{"t": "AnimationClip", "name": "Richard_01_hit", "bundle": "gameres_art_dir_cars_a_hero_richard_01_animation_7ce654ce37b3c891a67f406fda6e6404", "legacy": false, "compressed": false, "sampleRate": 30.0, "nRot": 0, "nPos": 0, "nScale": 0, "nFloat": 0, "nPPtr": 0, "bytes": 58985}
{"t": "AnimationClip", "name": "Richard_01_show_idle", "bundle": "gameres_art_dir_cars_a_hero_richard_01_animation_7ce654ce37b3c891a67f406fda6e6404", "legacy": false, "compressed": false, "sampleRate": 30.0, "nRot": 0, "nPos": 0, "nScale": 0, "nFloat": 0, "nPPtr": 0, "bytes": 150759}
{"t": "AnimationClip", "name": "Richard_01_attack_move", "bundle": "gameres_art_dir_cars_a_hero_richard_01_animation_7ce654ce37b3c891a67f406fda6e6404", "legacy": false, "compressed": false, "sampleRate": 30.0, "nRot": 0, "nPos": 0, "nScale": 0, "nFloat": 0, "nPPtr": 0, "bytes": 55011}
{"t": "AnimationClip", "name": "Richard_01_dead", "bundle": "gameres_art_dir_cars_a_hero_richard_01_animation_7ce654ce37b3c891a67f406fda6e6404", "legacy": false, "compressed": false, "sampleRate": 30.0, "nRot": 0, "nPos": 0, "nScale": 0, "nFloat": 0, "nPPtr": 0, "bytes": 80056}
{"t": "AnimationClip", "name": "Richard_01_camera", "bundle": "gameres_art_dir_cars_a_hero_richard_01_animation_7ce654ce37b3c891a67f406fda6e6404", "legacy": false, "compressed": false, "sampleRate": 30.0, "nRot": 0, "nPos": 0, "nScale": 0, "nFloat": 0, "nPPtr": 0, "bytes": 8814}
{"t": "AnimationClip", "name": "Richard_01_walk", "bundle": "gameres_art_dir_cars_a_hero_richard_01_animation_7ce654ce37b3c891a67f406fda6e6404", "legacy": false, "compressed": false, "sampleRate": 30.0, "nRot": 0, "nPos": 0, "nScale": 0, "nFloat": 0, "nPPtr": 0, "bytes": 35938}
{"t": "AnimationClip", "name": "Richard_01_attack_skll", "bundle": "gameres_art_dir_cars_a_hero_richard_01_animation_7ce654ce37b3c891a67f406fda6e6404", "legacy": false, "compressed": false, "sampleRate": 30.0, "nRot": 0, "nPos": 0, "nScale": 0, "nFloat": 0, "nPPtr": 0, "bytes": 66703}
{"t": "AnimationClip", "name": "Richard_01_show", "bundle": "gameres_art_dir_cars_a_hero_richard_01_animation_7ce654ce37b3c891a67f406fda6e6404", "legacy": false, "compressed": false, "sampleRate": 30.0, "nRot": 0, "nPos": 0, "nScale": 0, "nFloat": 0, "nPPtr": 0, "bytes": 619789}
{"t": "AnimatorController", "name": "richard01_preview", "bundle": "gameres_art_dir_cars_a_hero_richard_01_animator_e2bb810cf540bf27e65d7ff671cbdda8", "legacy": null, "compressed": false, "sampleRate": null, "nRot": 0, "nPos": 0, "nScale": 0, "nFloat": 0, "nPPtr": 0, "bytes": 16330}
{"t": "AnimationClip", "name": "Revenger01_dead", "bundle": "gameres_art_dir_cars_a_hero_revenger_01_animation_e1292ce08bcaa0dc4be4ecdfe43aa55b", "legacy": false, "compressed": false, "sampleRate": 30.0, "nRot": 0, "nPos": 0, "nScale": 0, "nFloat": 0, "nPPtr": 0, "bytes": 81996}
{"t": "AnimationClip", "name": "Revenger01_idle", "bundle": "gameres_art_dir_cars_a_hero_revenger_01_animation_e1292ce08bcaa0dc4be4ecdfe43aa55b", "legacy": false, "compressed": false, "sampleRate": 30.0, "nRot": 0, "nPos": 0, "nScale": 0, "nFloat": 0, "nPPtr": 0, "bytes": 58648}
{"t": "AnimationClip", "name": "Revenger01_show", "bundle": "gameres_art_dir_cars_a_hero_revenger_01_animation_e1292ce08bcaa0dc4be4ecdfe43aa55b", "legacy": false, "compressed": false, "sampleRate": 30.0, "nRot": 0, "nPos": 0, "nScale": 0, "nFloat": 0, "nPPtr": 0, "bytes": 2143834}
{"t": "AnimationClip", "name": "Revenger01_attack", "bundle": "gameres_art_dir_cars_a_hero_revenger_01_animation_e1292ce08bcaa0dc4be4ecdfe43aa55b", "legacy": false, "compressed": false, "sampleRate": 30.0, "nRot": 0, "nPos": 0, "nScale": 0, "nFloat": 0, "nPPtr": 0, "bytes": 129814}
{"t": "AnimationClip", "name": "Revenger01_attack_skll", "bundle": "gameres_art_dir_cars_a_hero_revenger_01_animation_e1292ce08bcaa0dc4be4ecdfe43aa55b", "legacy": false, "compressed": false, "sampleRate": 30.0, "nRot": 0, "nPos": 0, "nScale": 0, "nFloat": 0, "nPPtr": 0, "bytes": 117185}
{"t": "AnimationClip", "name": "Revenger01_attack_move", "bundle": "gameres_art_dir_cars_a_hero_revenger_01_animation_e1292ce08bcaa0dc4be4ecdfe43aa55b", "legacy": false, "compressed": false, "sampleRate": 30.0, "nRot": 0, "nPos": 0, "nScale": 0, "nFloat": 0, "nPPtr": 0, "bytes": 99137}
{"t": "AnimationClip", "name": "Revenger01_walk", "bundle": "gameres_art_dir_cars_a_hero_revenger_01_animation_e1292ce08bcaa0dc4be4ecdfe43aa55b", "legacy": false, "compressed": false, "sampleRate": 30.0, "nRot": 0, "nPos": 0, "nScale": 0, "nFloat": 0, "nPPtr": 0, "bytes": 71719}
{"t": "AnimationClip", "name": "Revenger01_show_idle", "bundle": "gameres_art_dir_cars_a_hero_revenger_01_animation_e1292ce08bcaa0dc4be4ecdfe43aa55b", "legacy": false, "compressed": false, "sampleRate": 30.0, "nRot": 0, "nPos": 0, "nScale": 0, "nFloat": 0, "nPPtr": 0, "bytes": 214863}
{"t": "AnimationClip", "name": "Revenger01_hit", "bundle": "gameres_art_dir_cars_a_hero_revenger_01_animation_e1292ce08bcaa0dc4be4ecdfe43aa55b", "legacy": false, "compressed": false, "sampleRate": 30.0, "nRot": 0, "nPos": 0, "nScale": 0, "nFloat": 0, "nPPtr": 0, "bytes": 86682}
{"t": "AnimationClip", "name": "Revenger01_camera", "bundle": "gameres_art_dir_cars_a_hero_revenger_01_animation_e1292ce08bcaa0dc4be4ecdfe43aa55b", "legacy": false, "compressed": false, "sampleRate": 30.0, "nRot": 0, "nPos": 0, "nScale": 0, "nFloat": 0, "nPPtr": 0, "bytes": 11819}
{"t": "AnimationClip", "name": "MissHot_01_hit", "bundle": "gameres_art_dir_cars_a_hero_misshot_01_animation_e7e0bafb62d171f957f7293a42d61d26", "legacy": false, "compressed": false, "sampleRate": 30.0, "nRot": 0, "nPos": 0, "nScale": 0, "nFloat": 0, "nPPtr": 0, "bytes": 42298}
{"t": "AnimationClip", "name": "MissHot_01_dead", "bundle": "gameres_art_dir_cars_a_hero_misshot_01_animation_e7e0bafb62d171f957f7293a42d61d26", "legacy": false, "compressed": false, "sampleRate": 30.0, "nRot": 0, "nPos": 0, "nScale": 0, "nFloat": 0, "nPPtr": 0, "bytes": 79919}
{"t": "AnimationClip", "name": "MissHot_01_attack", "bundle": "gameres_art_dir_cars_a_hero_misshot_01_animation_e7e0bafb62d171f957f7293a42d61d26", "legacy": false, "compressed": false, "sampleRate": 30.0, "nRot": 0, "nPos": 0, "nScale": 0, "nFloat": 0, "nPPtr": 0, "bytes": 39495}
{"t": "AnimationClip", "name": "MissHot_01_attack_move", "bundle": "gameres_art_dir_cars_a_hero_misshot_01_animation_e7e0bafb62d171f957f7293a42d61d26", "legacy": false, "compressed": false, "sampleRate": 30.0, "nRot": 0, "nPos": 0, "nScale": 0, "nFloat": 0, "nPPtr": 0, "bytes": 46352}
{"t": "AnimationClip", "name": "MissHot_01_walk", "bundle": "gameres_art_dir_cars_a_hero_misshot_01_animation_e7e0bafb62d171f957f7293a42d61d26", "legacy": false, "compressed": false, "sampleRate": 30.0, "nRot": 0, "nPos": 0, "nScale": 0, "nFloat": 0, "nPPtr": 0, "bytes": 46239}
{"t": "AnimationClip", "name": "MissHot_01_01_camera", "bundle": "gameres_art_dir_cars_a_hero_misshot_01_animation_e7e0bafb62d171f957f7293a42d61d26", "legacy": false, "compressed": false, "sampleRate": 30.0, "nRot": 0, "nPos": 0, "nScale": 0, "nFloat": 0, "nPPtr": 0, "bytes": 21814}
{"t": "AnimationClip", "name": "MissHot_01_01_show_idle", "bundle": "gameres_art_dir_cars_a_hero_misshot_01_animation_e7e0bafb62d171f957f7293a42d61d26", "legacy": false, "compressed": false, "sampleRate": 30.0, "nRot": 0, "nPos": 0, "nScale": 0, "nFloat": 0, "nPPtr": 0, "bytes": 138774}
{"t": "AnimationClip", "name": "MissHot_01_01_show", "bundle": "gameres_art_dir_cars_a_hero_misshot_01_animation_e7e0bafb62d171f957f7293a42d61d26", "legacy": false, "compressed": false, "sampleRate": 30.0, "nRot": 0, "nPos": 0, "nScale": 0, "nFloat": 0, "nPPtr": 0, "bytes": 4032608}
{"t": "AnimationClip", "name": "MissHot_01_attack_skll", "bundle": "gameres_art_dir_cars_a_hero_misshot_01_animation_e7e0bafb62d171f957f7293a42d61d26", "legacy": false, "compressed": false, "sampleRate": 30.0, "nRot": 0, "nPos": 0, "nScale": 0, "nFloat": 0, "nPPtr": 0, "bytes": 72059}
{"t": "AnimationClip", "name": "MissHot_01_idle", "bundle": "gameres_art_dir_cars_a_hero_misshot_01_animation_e7e0bafb62d171f957f7293a42d61d26", "legacy": false, "compressed": false, "sampleRate": 30.0, "nRot": 0, "nPos": 0, "nScale": 0, "nFloat": 0, "nPPtr": 0, "bytes": 33123}
{"t": "AnimatorController", "name": "misshot01_preview", "bundle": "gameres_art_dir_cars_a_hero_misshot_01_animator_6accb3a560ed5c5d20ed8083b6d71fca", "legacy": null, "compressed": false, "sampleRate": null, "nRot": 0, "nPos": 0, "nScale": 0, "nFloat": 0, "nPPtr": 0, "bytes": 16322}
{"t": "AnimationClip", "name": "Recorded (1)", "bundle": "gameres_art_dir_cars_a_hero_misshot_01_animator_6accb3a560ed5c5d20ed8083b6d71fca", "legacy": false, "compressed": false, "sampleRate": 60.0, "nRot": 0, "nPos": 0, "nScale": 0, "nFloat": 0, "nPPtr": 0, "bytes": 7314}
{"t": "AnimationClip", "name": "Sally_01_walk", "bundle": "gameres_art_dir_cars_a_hero_sally_01_animation_137f43b2caae8ad63aa7aff961f57f07", "legacy": false, "compressed": false, "sampleRate": 30.0, "nRot": 0, "nPos": 0, "nScale": 0, "nFloat": 0, "nPPtr": 0, "bytes": 39318}
{"t": "AnimationClip", "name": "Sally_01_hit", "bundle": "gameres_art_dir_cars_a_hero_sally_01_animation_137f43b2caae8ad63aa7aff961f57f07", "legacy": false, "compressed": false, "sampleRate": 30.0, "nRot": 0, "nPos": 0, "nScale": 0, "nFloat": 0, "nPPtr": 0, "bytes": 52807}
{"t": "AnimationClip", "name": "Sally_01_show", "bundle": "gameres_art_dir_cars_a_hero_sally_01_animation_137f43b2caae8ad63aa7aff961f57f07", "legacy": false, "compressed": false, "sampleRate": 30.0, "nRot": 0, "nPos": 0, "nScale": 0, "nFloat": 0, "nPPtr": 0, "bytes": 965332}
{"t": "AnimationClip", "name": "Sally_01_idle", "bundle": "gameres_art_dir_cars_a_hero_sally_01_animation_137f43b2caae8ad63aa7aff961f57f07", "legacy": false, "compressed": false, "sampleRate": 30.0, "nRot": 0, "nPos": 0, "nScale": 0, "nFloat": 0, "nPPtr": 0, "bytes": 58414}
{"t": "AnimationClip", "name": "Sally_01_show_idle", "bundle": "gameres_art_dir_cars_a_hero_sally_01_animation_137f43b2caae8ad63aa7aff961f57f07", "legacy": false, "compressed": false, "sampleRate": 30.0, "nRot": 0, "nPos": 0, "nScale": 0, "nFloat": 0, "nPPtr": 0, "bytes": 275648}
{"t": "AnimationClip", "name": "Sally_01_attack_move", "bundle": "gameres_art_dir_cars_a_hero_sally_01_animation_137f43b2caae8ad63aa7aff961f57f07", "legacy": false, "compressed": false, "sampleRate": 30.0, "nRot": 0, "nPos": 0, "nScale": 0, "nFloat": 0, "nPPtr": 0, "bytes": 63593}
{"t": "AnimationClip", "name": "Sally_01_camera", "bundle": "gameres_art_dir_cars_a_hero_sally_01_animation_137f43b2caae8ad63aa7aff961f57f07", "legacy": false, "compressed": false, "sampleRate": 30.0, "nRot": 0, "nPos": 0, "nScale": 0, "nFloat": 0, "nPPtr": 0, "bytes": 9107}
{"t": "AnimationClip", "name": "Sally_01_dead", "bundle": "gameres_art_dir_cars_a_hero_sally_01_animation_137f43b2caae8ad63aa7aff961f57f07", "legacy": false, "compressed": false, "sampleRate": 30.0, "nRot": 0, "nPos": 0, "nScale": 0, "nFloat": 0, "nPPtr": 0, "bytes": 82368}
{"t": "AnimationClip", "name": "Sally_01_attack", "bundle": "gameres_art_dir_cars_a_hero_sally_01_animation_137f43b2caae8ad63aa7aff961f57f07", "legacy": false, "compressed": false, "sampleRate": 30.0, "nRot": 0, "nPos": 0, "nScale": 0, "nFloat": 0, "nPPtr": 0, "bytes": 64692}
{"t": "AnimationClip", "name": "Sally_01_attack_skll", "bundle": "gameres_art_dir_cars_a_hero_sally_01_animation_137f43b2caae8ad63aa7aff961f57f07", "legacy": false, "compressed": false, "sampleRate": 30.0, "nRot": 0, "nPos": 0, "nScale": 0, "nFloat": 0, "nPPtr": 0, "bytes": 64697}
{"t": "AnimatorController", "name": "sally01_preview", "bundle": "gameres_art_dir_cars_a_hero_sally_01_animator_fb1045beaa176616222421a648f74cec", "legacy": null, "compressed": false, "sampleRate": null, "nRot": 0, "nPos": 0, "nScale": 0, "nFloat": 0, "nPPtr": 0, "bytes": 16321}
{"t": "AnimationClip", "name": "Sara02_show_idle", "bundle": "gameres_art_dir_cars_a_hero_sara_02_animation_b03e1e4474253aa7e665f7a293eb79f8", "legacy": false, "compressed": false, "sampleRate": 30.0, "nRot": 0, "nPos": 0, "nScale": 0, "nFloat": 0, "nPPtr": 0, "bytes": 88834}
{"t": "AnimationClip", "name": "Sara02_dead", "bundle": "gameres_art_dir_cars_a_hero_sara_02_animation_b03e1e4474253aa7e665f7a293eb79f8", "legacy": false, "compressed": false, "sampleRate": 30.0, "nRot": 0, "nPos": 0, "nScale": 0, "nFloat": 0, "nPPtr": 0, "bytes": 54830}
{"t": "AnimationClip", "name": "Sara02_attack", "bundle": "gameres_art_dir_cars_a_hero_sara_02_animation_b03e1e4474253aa7e665f7a293eb79f8", "legacy": false, "compressed": false, "sampleRate": 30.0, "nRot": 0, "nPos": 0, "nScale": 0, "nFloat": 0, "nPPtr": 0, "bytes": 32915}
{"t": "AnimationClip", "name": "Sara02_show", "bundle": "gameres_art_dir_cars_a_hero_sara_02_animation_b03e1e4474253aa7e665f7a293eb79f8", "legacy": false, "compressed": false, "sampleRate": 30.0, "nRot": 0, "nPos": 0, "nScale": 0, "nFloat": 0, "nPPtr": 0, "bytes": 428444}
{"t": "AnimationClip", "name": "Sara02_attack_skll", "bundle": "gameres_art_dir_cars_a_hero_sara_02_animation_b03e1e4474253aa7e665f7a293eb79f8", "legacy": false, "compressed": false, "sampleRate": 30.0, "nRot": 0, "nPos": 0, "nScale": 0, "nFloat": 0, "nPPtr": 0, "bytes": 46815}
{"t": "AnimationClip", "name": "Sara02_idle", "bundle": "gameres_art_dir_cars_a_hero_sara_02_animation_b03e1e4474253aa7e665f7a293eb79f8", "legacy": false, "compressed": false, "sampleRate": 30.0, "nRot": 0, "nPos": 0, "nScale": 0, "nFloat": 0, "nPPtr": 0, "bytes": 47222}
{"t": "AnimationClip", "name": "Sara02_Hit", "bundle": "gameres_art_dir_cars_a_hero_sara_02_animation_b03e1e4474253aa7e665f7a293eb79f8", "legacy": false, "compressed": false, "sampleRate": 30.0, "nRot": 0, "nPos": 0, "nScale": 0, "nFloat": 0, "nPPtr": 0, "bytes": 38210}
{"t": "AnimationClip", "name": "Sara02_walk", "bundle": "gameres_art_dir_cars_a_hero_sara_02_animation_b03e1e4474253aa7e665f7a293eb79f8", "legacy": false, "compressed": false, "sampleRate": 30.0, "nRot": 0, "nPos": 0, "nScale": 0, "nFloat": 0, "nPPtr": 0, "bytes": 38773}
{"t": "AnimationClip", "name": "Sara02_attack_move", "bundle": "gameres_art_dir_cars_a_hero_sara_02_animation_b03e1e4474253aa7e665f7a293eb79f8", "legacy": false, "compressed": false, "sampleRate": 30.0, "nRot": 0, "nPos": 0, "nScale": 0, "nFloat": 0, "nPPtr": 0, "bytes": 30193}
{"t": "AnimationClip", "name": "Sara02_camera", "bundle": "gameres_art_dir_cars_a_hero_sara_02_animation_b03e1e4474253aa7e665f7a293eb79f8", "legacy": false, "compressed": false, "sampleRate": 30.0, "nRot": 0, "nPos": 0, "nScale": 0, "nFloat": 0, "nPPtr": 0, "bytes": 9195}
{"t": "AnimatorController", "name": "Sara02_preview", "bundle": "gameres_art_dir_cars_a_hero_sara_02_animator_11d1c5211005074ff7506be9bd964329", "legacy": null, "compressed": false, "sampleRate": null, "nRot": 0, "nPos": 0, "nScale": 0, "nFloat": 0, "nPPtr": 0, "bytes": 16328}
{"t": "AnimationClip", "name": "Monica_01_dead", "bundle": "gameres_art_dir_cars_a_hero_monica_01_animation_f65d78954781f572fa4df02ce6214b9a", "legacy": false, "compressed": false, "sampleRate": 30.0, "nRot": 0, "nPos": 0, "nScale": 0, "nFloat": 0, "nPPtr": 0, "bytes": 298241}
{"t": "AnimationClip", "name": "Monica_01_move_right_idle", "bundle": "gameres_art_dir_cars_a_hero_monica_01_animation_f65d78954781f572fa4df02ce6214b9a", "legacy": false, "compressed": false, "sampleRate": 30.0, "nRot": 0, "nPos": 0, "nScale": 0, "nFloat": 0, "nPPtr": 0, "bytes": 240106}
{"t": "AnimationClip", "name": "Monica_01_move_left_idle", "bundle": "gameres_art_dir_cars_a_hero_monica_01_animation_f65d78954781f572fa4df02ce6214b9a", "legacy": false, "compressed": false, "sampleRate": 30.0, "nRot": 0, "nPos": 0, "nScale": 0, "nFloat": 0, "nPPtr": 0, "bytes": 240235}
{"t": "AnimationClip", "name": "Monica_01_attack_idle", "bundle": "gameres_art_dir_cars_a_hero_monica_01_animation_f65d78954781f572fa4df02ce6214b9a", "legacy": false, "compressed": false, "sampleRate": 30.0, "nRot": 0, "nPos": 0, "nScale": 0, "nFloat": 0, "nPPtr": 0, "bytes": 226600}
{"t": "AnimationClip", "name": "Monica_01_camera01_idle", "bundle": "gameres_art_dir_cars_a_hero_monica_01_animation_f65d78954781f572fa4df02ce6214b9a", "legacy": false, "compressed": false, "sampleRate": 30.0, "nRot": 0, "nPos": 0, "nScale": 0, "nFloat": 0, "nPPtr": 0, "bytes": 11303}
{"t": "AnimationClip", "name": "Monica_01_hit", "bundle": "gameres_art_dir_cars_a_hero_monica_01_animation_f65d78954781f572fa4df02ce6214b9a", "legacy": false, "compressed": false, "sampleRate": 30.0, "nRot": 0, "nPos": 0, "nScale": 0, "nFloat": 0, "nPPtr": 0, "bytes": 186531}
{"t": "AnimationClip", "name": "Monica_01_attack_move_idle", "bundle": "gameres_art_dir_cars_a_hero_monica_01_animation_f65d78954781f572fa4df02ce6214b9a", "legacy": false, "compressed": false, "sampleRate": 30.0, "nRot": 0, "nPos": 0, "nScale": 0, "nFloat": 0, "nPPtr": 0, "bytes": 228605}
{"t": "AnimationClip", "name": "Monica_01_attack_skll_idle", "bundle": "gameres_art_dir_cars_a_hero_monica_01_animation_f65d78954781f572fa4df02ce6214b9a", "legacy": false, "compressed": false, "sampleRate": 30.0, "nRot": 0, "nPos": 0, "nScale": 0, "nFloat": 0, "nPPtr": 0, "bytes": 224074}
{"t": "AnimationClip", "name": "Monica_01_show", "bundle": "gameres_art_dir_cars_a_hero_monica_01_animation_f65d78954781f572fa4df02ce6214b9a", "legacy": false, "compressed": false, "sampleRate": 30.0, "nRot": 0, "nPos": 0, "nScale": 0, "nFloat": 0, "nPPtr": 0, "bytes": 860137}
{"t": "AnimationClip", "name": "Monica_01_idle", "bundle": "gameres_art_dir_cars_a_hero_monica_01_animation_f65d78954781f572fa4df02ce6214b9a", "legacy": false, "compressed": false, "sampleRate": 30.0, "nRot": 0, "nPos": 0, "nScale": 0, "nFloat": 0, "nPPtr": 0, "bytes": 306939}
{"t": "AnimationClip", "name": "Monica_01_walk_idle", "bundle": "gameres_art_dir_cars_a_hero_monica_01_animation_f65d78954781f572fa4df02ce6214b9a", "legacy": false, "compressed": false, "sampleRate": 30.0, "nRot": 0, "nPos": 0, "nScale": 0, "nFloat": 0, "nPPtr": 0, "bytes": 232553}
{"t": "AnimationClip", "name": "Monica_01_show_idle", "bundle": "gameres_art_dir_cars_a_hero_monica_01_animation_f65d78954781f572fa4df02ce6214b9a", "legacy": false, "compressed": false, "sampleRate": 30.0, "nRot": 0, "nPos": 0, "nScale": 0, "nFloat": 0, "nPPtr": 0, "bytes": 199898}
{"t": "AnimatorController", "name": "monica01_preview", "bundle": "gameres_art_dir_cars_a_hero_monica_01_animator_4b903dadacaad35969e271c285942007", "legacy": null, "compressed": false, "sampleRate": null, "nRot": 0, "nPos": 0, "nScale": 0, "nFloat": 0, "nPPtr": 0, "bytes": 16321}
{"t": "AnimationClip", "name": "Recorded", "bundle": "gameres_art_dir_cars_a_hero_monica_01_animator_4b903dadacaad35969e271c285942007", "legacy": false, "compressed": false, "sampleRate": 30.0, "nRot": 0, "nPos": 0, "nScale": 0, "nFloat": 0, "nPPtr": 0, "bytes": 15226}
{"t": "AnimationClip", "name": "Recorded", "bundle": "gameres_art_dir_cars_a_hero_monica_01_animator_4b903dadacaad35969e271c285942007", "legacy": false, "compressed": false, "sampleRate": 30.0, "nRot": 0, "nPos": 0, "nScale": 0, "nFloat": 0, "nPPtr": 0, "bytes": 7572}
{"t": "AnimationClip", "name": "wurenji_b2_01_dead_02", "bundle": "gameres_art_dir_cars_a_hero_wurenji_02_animation_bbe4ab0d71947d61fac79a0a99aef511", "legacy": false, "compressed": false, "sampleRate": 30.0, "nRot": 0, "nPos": 0, "nScale": 0, "nFloat": 0, "nPPtr": 0, "bytes": 34241}
{"t": "AnimationClip", "name": "wurenji_b2_01_walk", "bundle": "gameres_art_dir_cars_a_hero_wurenji_02_animation_bbe4ab0d71947d61fac79a0a99aef511", "legacy": false, "compressed": false, "sampleRate": 30.0, "nRot": 0, "nPos": 0, "nScale": 0, "nFloat": 0, "nPPtr": 0, "bytes": 28712}
{"t": "AnimationClip", "name": "wurenji_b2_01_attack", "bundle": "gameres_art_dir_cars_a_hero_wurenji_02_animation_bbe4ab0d71947d61fac79a0a99aef511", "legacy": false, "compressed": false, "sampleRate": 30.0, "nRot": 0, "nPos": 0, "nScale": 0, "nFloat": 0, "nPPtr": 0, "bytes": 30151}
{"t": "AnimationClip", "name": "wurenji_b2_attack_01", "bundle": "gameres_art_dir_cars_a_hero_wurenji_02_animation_bbe4ab0d71947d61fac79a0a99aef511", "legacy": false, "compressed": false, "sampleRate": 30.0, "nRot": 0, "nPos": 0, "nScale": 0, "nFloat": 0, "nPPtr": 0, "bytes": 85036}
{"t": "AnimationClip", "name": "wurenji_b2_01_dead", "bundle": "gameres_art_dir_cars_a_hero_wurenji_02_animation_bbe4ab0d71947d61fac79a0a99aef511", "legacy": false, "compressed": false, "sampleRate": 30.0, "nRot": 0, "nPos": 0, "nScale": 0, "nFloat": 0, "nPPtr": 0, "bytes": 35072}
{"t": "AnimationClip", "name": "wurenji_b2_01_jiabuff_pvp", "bundle": "gameres_art_dir_cars_a_hero_wurenji_02_animation_bbe4ab0d71947d61fac79a0a99aef511", "legacy": false, "compressed": false, "sampleRate": 30.0, "nRot": 0, "nPos": 0, "nScale": 0, "nFloat": 0, "nPPtr": 0, "bytes": 34209}
{"t": "AnimationClip", "name": "wurenji_b2_01_dead_02_loop", "bundle": "gameres_art_dir_cars_a_hero_wurenji_02_animation_bbe4ab0d71947d61fac79a0a99aef511", "legacy": false, "compressed": false, "sampleRate": 30.0, "nRot": 0, "nPos": 0, "nScale": 0, "nFloat": 0, "nPPtr": 0, "bytes": 26607}
{"t": "AnimationClip", "name": "wurenji_b2_01_jiabuff_pve", "bundle": "gameres_art_dir_cars_a_hero_wurenji_02_animation_bbe4ab0d71947d61fac79a0a99aef511", "legacy": false, "compressed": false, "sampleRate": 30.0, "nRot": 0, "nPos": 0, "nScale": 0, "nFloat": 0, "nPPtr": 0, "bytes": 34189}
{"t": "AnimationClip", "name": "wurenji_b2_01_idle", "bundle": "gameres_art_dir_cars_a_hero_wurenji_02_animation_bbe4ab0d71947d61fac79a0a99aef511", "legacy": false, "compressed": false, "sampleRate": 30.0, "nRot": 0, "nPos": 0, "nScale": 0, "nFloat": 0, "nPPtr": 0, "bytes": 29886}
{"t": "AnimationClip", "name": "wurenji_b2_01_hongzha_pve", "bundle": "gameres_art_dir_cars_a_hero_wurenji_02_animation_bbe4ab0d71947d61fac79a0a99aef511", "legacy": false, "compressed": false, "sampleRate": 30.0, "nRot": 0, "nPos": 0, "nScale": 0, "nFloat": 0, "nPPtr": 0, "bytes": 87454}
{"t": "AnimationClip", "name": "wurenji_b2_01_hongzha_pvp", "bundle": "gameres_art_dir_cars_a_hero_wurenji_02_animation_bbe4ab0d71947d61fac79a0a99aef511", "legacy": false, "compressed": false, "sampleRate": 30.0, "nRot": 0, "nPos": 0, "nScale": 0, "nFloat": 0, "nPPtr": 0, "bytes": 81480}
{"t": "AnimationClip", "name": "idle", "bundle": "gameres_art_dir_cars_army_t2_01_animation_30d494fca7984c8e90ef9942e9c0d881", "legacy": false, "compressed": false, "sampleRate": 30.0, "nRot": 0, "nPos": 0, "nScale": 0, "nFloat": 0, "nPPtr": 0, "bytes": 42189}
{"t": "AnimationClip", "name": "run", "bundle": "gameres_art_dir_cars_army_t2_01_animation_30d494fca7984c8e90ef9942e9c0d881", "legacy": false, "compressed": false, "sampleRate": 30.0, "nRot": 0, "nPos": 0, "nScale": 0, "nFloat": 0, "nPPtr": 0, "bytes": 51556}
{"t": "AnimationClip", "name": "dead", "bundle": "gameres_art_dir_cars_army_t2_01_animation_30d494fca7984c8e90ef9942e9c0d881", "legacy": false, "compressed": false, "sampleRate": 30.0, "nRot": 0, "nPos": 0, "nScale": 0, "nFloat": 0, "nPPtr": 0, "bytes": 64502}
{"t": "AnimationClip", "name": "attack_move", "bundle": "gameres_art_dir_cars_army_t2_01_animation_30d494fca7984c8e90ef9942e9c0d881", "legacy": false, "compressed": false, "sampleRate": 30.0, "nRot": 0, "nPos": 0, "nScale": 0, "nFloat": 0, "nPPtr": 0, "bytes": 55787}
{"t": "AnimationClip", "name": "attack", "bundle": "gameres_art_dir_cars_army_t2_01_animation_30d494fca7984c8e90ef9942e9c0d881", "legacy": false, "compressed": false, "sampleRate": 30.0, "nRot": 0, "nPos": 0, "nScale": 0, "nFloat": 0, "nPPtr": 0, "bytes": 41863}
{"t": "AnimationClip", "name": "feiji_idle", "bundle": "gameres_art_dir_cars_army_t6_06_animation_8f61cdb33c82e3256323abaa64664f1b", "legacy": false, "compressed": false, "sampleRate": 30.0, "nRot": 0, "nPos": 0, "nScale": 0, "nFloat": 0, "nPPtr": 0, "bytes": 27462}
{"t": "AnimationClip", "name": "feiji_idle_03", "bundle": "gameres_art_dir_cars_army_t6_06_animation_8f61cdb33c82e3256323abaa64664f1b", "legacy": false, "compressed": false, "sampleRate": 30.0, "nRot": 0, "nPos": 0, "nScale": 0, "nFloat": 0, "nPPtr": 0, "bytes": 27858}
{"t": "AnimationClip", "name": "feiji_fall", "bundle": "gameres_art_dir_cars_army_t6_06_animation_8f61cdb33c82e3256323abaa64664f1b", "legacy": false, "compressed": false, "sampleRate": 30.0, "nRot": 0, "nPos": 0, "nScale": 0, "nFloat": 0, "nPPtr": 0, "bytes": 45112}
{"t": "AnimationClip", "name": "feiji_idle_02", "bundle": "gameres_art_dir_cars_army_t6_06_animation_8f61cdb33c82e3256323abaa64664f1b", "legacy": false, "compressed": false, "sampleRate": 30.0, "nRot": 0, "nPos": 0, "nScale": 0, "nFloat": 0, "nPPtr": 0, "bytes": 26801}
{"t": "AnimationClip", "name": "Xingcunzhe01_cold", "bundle": "gameres_art_dir_characters_npc_a_hero_xingcunzhe01_animation_0c2353537dddf3a1e16d431bf3243d09", "legacy": false, "compressed": false, "sampleRate": 30.0, "nRot": 0, "nPos": 0, "nScale": 0, "nFloat": 0, "nPPtr": 0, "bytes": 444465}
{"t": "AnimationClip", "name": "Xingcunzhe01_walk", "bundle": "gameres_art_dir_characters_npc_a_hero_xingcunzhe01_animation_0c2353537dddf3a1e16d431bf3243d09", "legacy": false, "compressed": false, "sampleRate": 30.0, "nRot": 0, "nPos": 0, "nScale": 0, "nFloat": 0, "nPPtr": 0, "bytes": 143139}
{"t": "AnimationClip", "name": "Xingcunzhe01_idle", "bundle": "gameres_art_dir_characters_npc_a_hero_xingcunzhe01_animation_0c2353537dddf3a1e16d431bf3243d09", "legacy": false, "compressed": false, "sampleRate": 30.0, "nRot": 0, "nPos": 0, "nScale": 0, "nFloat": 0, "nPPtr": 0, "bytes": 105083}
{"t": "AnimationClip", "name": "hook_01_down", "bundle": "gameres_art_dir_characters_object_a_pror_container_01_animation_87d9b9db9a15ccacb88c893956288d20", "legacy": false, "compressed": false, "sampleRate": 30.0, "nRot": 0, "nPos": 0, "nScale": 0, "nFloat": 0, "nPPtr": 0, "bytes": 19200}
{"t": "AnimationClip", "name": "container_open", "bundle": "gameres_art_dir_characters_object_a_pror_container_01_animation_87d9b9db9a15ccacb88c893956288d20", "legacy": false, "compressed": false, "sampleRate": 30.0, "nRot": 0, "nPos": 0, "nScale": 0, "nFloat": 0, "nPPtr": 0, "bytes": 47596}
{"t": "AnimationClip", "name": "hook_01_up_01", "bundle": "gameres_art_dir_characters_object_a_pror_container_01_animation_87d9b9db9a15ccacb88c893956288d20", "legacy": false, "compressed": false, "sampleRate": 30.0, "nRot": 0, "nPos": 0, "nScale": 0, "nFloat": 0, "nPPtr": 0, "bytes": 13983}
{"t": "AnimationClip", "name": "feiting_small_01_idle", "bundle": "gameres_art_dir_characters_object_a_vehicle_feiting_01_animation_9693303cc16c992cac4f24dc9f2d2e92", "legacy": false, "compressed": false, "sampleRate": 30.0, "nRot": 0, "nPos": 0, "nScale": 0, "nFloat": 0, "nPPtr": 0, "bytes": 48518}
{"t": "AnimationClip", "name": "David_01_walk_01", "bundle": "gameres_art_dir_characters_object_a_vehicle_feiting_01_animation_9693303cc16c992cac4f24dc9f2d2e92", "legacy": false, "compressed": false, "sampleRate": 30.0, "nRot": 0, "nPos": 0, "nScale": 0, "nFloat": 0, "nPPtr": 0, "bytes": 199995}
{"t": "AnimationClip", "name": "feiting_01_idle_R", "bundle": "gameres_art_dir_characters_object_a_vehicle_feiting_01_animation_9693303cc16c992cac4f24dc9f2d2e92", "legacy": false, "compressed": false, "sampleRate": 24.0, "nRot": 0, "nPos": 0, "nScale": 0, "nFloat": 0, "nPPtr": 0, "bytes": 53048}
{"t": "AnimationClip", "name": "feiting_01_idle", "bundle": "gameres_art_dir_characters_object_a_vehicle_feiting_01_animation_9693303cc16c992cac4f24dc9f2d2e92", "legacy": false, "compressed": false, "sampleRate": 30.0, "nRot": 0, "nPos": 0, "nScale": 0, "nFloat": 0, "nPPtr": 0, "bytes": 52900}
{"t": "AnimationClip", "name": "Stetman_01_show_idle", "bundle": "gameres_art_dir_cars_a_hero_stetman_01_animation_df3b585753fd3edec9230523dd477d0f", "legacy": false, "compressed": false, "sampleRate": 30.0, "nRot": 0, "nPos": 0, "nScale": 0, "nFloat": 0, "nPPtr": 0, "bytes": 147555}
{"t": "AnimationClip", "name": "Stetman_01_show", "bundle": "gameres_art_dir_cars_a_hero_stetman_01_animation_df3b585753fd3edec9230523dd477d0f", "legacy": false, "compressed": false, "sampleRate": 30.0, "nRot": 0, "nPos": 0, "nScale": 0, "nFloat": 0, "nPPtr": 0, "bytes": 1848867}
{"t": "AnimationClip", "name": "Stetman_01_ walk", "bundle": "gameres_art_dir_cars_a_hero_stetman_01_animation_df3b585753fd3edec9230523dd477d0f", "legacy": false, "compressed": false, "sampleRate": 30.0, "nRot": 0, "nPos": 0, "nScale": 0, "nFloat": 0, "nPPtr": 0, "bytes": 62427}
{"t": "AnimationClip", "name": "Stetman_01_attack", "bundle": "gameres_art_dir_cars_a_hero_stetman_01_animation_df3b585753fd3edec9230523dd477d0f", "legacy": false, "compressed": false, "sampleRate": 30.0, "nRot": 0, "nPos": 0, "nScale": 0, "nFloat": 0, "nPPtr": 0, "bytes": 114537}
{"t": "AnimationClip", "name": "Stetman_01_dead", "bundle": "gameres_art_dir_cars_a_hero_stetman_01_animation_df3b585753fd3edec9230523dd477d0f", "legacy": false, "compressed": false, "sampleRate": 30.0, "nRot": 0, "nPos": 0, "nScale": 0, "nFloat": 0, "nPPtr": 0, "bytes": 123675}
{"t": "AnimationClip", "name": "Stetman_01_camera", "bundle": "gameres_art_dir_cars_a_hero_stetman_01_animation_df3b585753fd3edec9230523dd477d0f", "legacy": false, "compressed": false, "sampleRate": 30.0, "nRot": 0, "nPos": 0, "nScale": 0, "nFloat": 0, "nPPtr": 0, "bytes": 15232}
{"t": "AnimationClip", "name": "Stetman_01_idle", "bundle": "gameres_art_dir_cars_a_hero_stetman_01_animation_df3b585753fd3edec9230523dd477d0f", "legacy": false, "compressed": false, "sampleRate": 30.0, "nRot": 0, "nPos": 0, "nScale": 0, "nFloat": 0, "nPPtr": 0, "bytes": 142642}
{"t": "AnimationClip", "name": "Stetman_01_hit", "bundle": "gameres_art_dir_cars_a_hero_stetman_01_animation_df3b585753fd3edec9230523dd477d0f", "legacy": false, "compressed": false, "sampleRate": 30.0, "nRot": 0, "nPos": 0, "nScale": 0, "nFloat": 0, "nPPtr": 0, "bytes": 117694}
{"t": "AnimationClip", "name": "Stetman_01_attack_skll", "bundle": "gameres_art_dir_cars_a_hero_stetman_01_animation_df3b585753fd3edec9230523dd477d0f", "legacy": false, "compressed": false, "sampleRate": 30.0, "nRot": 0, "nPos": 0, "nScale": 0, "nFloat": 0, "nPPtr": 0, "bytes": 201299}
{"t": "AnimationClip", "name": "Stetman_01_attack _move", "bundle": "gameres_art_dir_cars_a_hero_stetman_01_animation_df3b585753fd3edec9230523dd477d0f", "legacy": false, "compressed": false, "sampleRate": 30.0, "nRot": 0, "nPos": 0, "nScale": 0, "nFloat": 0, "nPPtr": 0, "bytes": 90342}
{"t": "AnimatorController", "name": "stetman_preview", "bundle": "gameres_art_dir_cars_a_hero_stetman_01_animator_fc3af44bee6d1111e3a42b6e45960d0b", "legacy": null, "compressed": false, "sampleRate": null, "nRot": 0, "nPos": 0, "nScale": 0, "nFloat": 0, "nPPtr": 0, "bytes": 16329}
{"t": "AnimationClip", "name": "helibubing_reng", "bundle": "gameres_art_dir_characters_npc_a_npc_helibubing_animation_0_7fcbd26962b2ce5199344dd73b17603e", "legacy": false, "compressed": false, "sampleRate": 30.0, "nRot": 0, "nPos": 0, "nScale": 0, "nFloat": 0, "nPPtr": 0, "bytes": 177347}
{"t": "AnimationClip", "name": "bubing02_walk01", "bundle": "gameres_art_dir_characters_npc_a_npc_helibubing_animation_0_7fcbd26962b2ce5199344dd73b17603e", "legacy": false, "compressed": false, "sampleRate": 30.0, "nRot": 0, "nPos": 0, "nScale": 0, "nFloat": 0, "nPPtr": 0, "bytes": 109038}
{"t": "AnimationClip", "name": "bubing02_walk02", "bundle": "gameres_art_dir_characters_npc_a_npc_helibubing_animation_5_52366c70611251bf28f027ad573b7bb5", "legacy": false, "compressed": false, "sampleRate": 30.0, "nRot": 0, "nPos": 0, "nScale": 0, "nFloat": 0, "nPPtr": 0, "bytes": 116481}
{"t": "AnimationClip", "name": "bubing02_idle", "bundle": "gameres_art_dir_characters_npc_a_npc_helibubing_animation_6_a24e7bff3edf99b03a7448fbbdb7dbb1", "legacy": false, "compressed": false, "sampleRate": 30.0, "nRot": 0, "nPos": 0, "nScale": 0, "nFloat": 0, "nPPtr": 0, "bytes": 71409}
{"t": "AnimationClip", "name": "truck_walk_01", "bundle": "gameres_art_dir_characters_object_a_vehicle_truck_01_animation_b9af2261377331aa2b85b6645b25f005", "legacy": false, "compressed": false, "sampleRate": 30.0, "nRot": 0, "nPos": 0, "nScale": 0, "nFloat": 0, "nPPtr": 0, "bytes": 43838}
{"t": "AnimationClip", "name": "truck_idle_01", "bundle": "gameres_art_dir_characters_object_a_vehicle_truck_01_animation_b9af2261377331aa2b85b6645b25f005", "legacy": false, "compressed": false, "sampleRate": 30.0, "nRot": 0, "nPos": 0, "nScale": 0, "nFloat": 0, "nPPtr": 0, "bytes": 25345}
{"t": "AnimationClip", "name": "transportcar_show", "bundle": "gameres_art_dir_characters_object_a_vehicle_transportcar_01_animation_1443646b00f0702aac36ac6008ad338e", "legacy": false, "compressed": false, "sampleRate": 30.0, "nRot": 0, "nPos": 0, "nScale": 0, "nFloat": 0, "nPPtr": 0, "bytes": 205717}
{"t": "AnimationClip", "name": "Take 001", "bundle": "gameres_art_dir_characters_object_a_vehicle_transportcar_01_mesh_7fc9716f3d27e2d8c53bef426dc8794d", "legacy": false, "compressed": false, "sampleRate": 24.0, "nRot": 0, "nPos": 0, "nScale": 0, "nFloat": 0, "nPPtr": 0, "bytes": 6398}
{"t": "AnimationClip", "name": "Take 001", "bundle": "gameres_art_dir_characters_object_o_object_blockhouse_01_mesh_776a0984893759b7f47ba269fb5f4d6b", "legacy": false, "compressed": false, "sampleRate": 30.0, "nRot": 0, "nPos": 0, "nScale": 0, "nFloat": 0, "nPPtr": 0, "bytes": 6179}
{"t": "AnimationClip", "name": "yinmijidongduihuoche_01_run", "bundle": "gameres_art_dir_characters_object_a_vehicle_jidongduikache_01_animation_4408d9e0b4bf9bc6987e4b7847845d62", "legacy": false, "compressed": false, "sampleRate": 30.0, "nRot": 0, "nPos": 0, "nScale": 0, "nFloat": 0, "nPPtr": 0, "bytes": 85878}
{"t": "AnimationClip", "name": "yinmijidongduihuoche_01_show_02", "bundle": "gameres_art_dir_characters_object_a_vehicle_jidongduikache_01_animation_4408d9e0b4bf9bc6987e4b7847845d62", "legacy": false, "compressed": false, "sampleRate": 30.0, "nRot": 0, "nPos": 0, "nScale": 0, "nFloat": 0, "nPPtr": 0, "bytes": 214657}
{"t": "AnimationClip", "name": "yinmijidongduihuoche_01_idle", "bundle": "gameres_art_dir_characters_object_a_vehicle_jidongduikache_01_animation_4408d9e0b4bf9bc6987e4b7847845d62", "legacy": false, "compressed": false, "sampleRate": 30.0, "nRot": 0, "nPos": 0, "nScale": 0, "nFloat": 0, "nPPtr": 0, "bytes": 67334}
{"t": "AnimationClip", "name": "yinmijidongduihuoche_01_show_01", "bundle": "gameres_art_dir_characters_object_a_vehicle_jidongduikache_01_animation_4408d9e0b4bf9bc6987e4b7847845d62", "legacy": false, "compressed": false, "sampleRate": 30.0, "nRot": 0, "nPos": 0, "nScale": 0, "nFloat": 0, "nPPtr": 0, "bytes": 215721}
{"t": "AnimationClip", "name": "bubing01_death", "bundle": "gameres_art_dir_characters_soldier_bubing01_animation_be2b439975c056a36ce6eb33ca37d95d", "legacy": false, "compressed": false, "sampleRate": 30.0, "nRot": 0, "nPos": 0, "nScale": 0, "nFloat": 0, "nPPtr": 0, "bytes": 165949}
{"t": "AnimationClip", "name": "bubing01_attack", "bundle": "gameres_art_dir_characters_soldier_bubing01_animation_be2b439975c056a36ce6eb33ca37d95d", "legacy": false, "compressed": false, "sampleRate": 30.0, "nRot": 0, "nPos": 0, "nScale": 0, "nFloat": 0, "nPPtr": 0, "bytes": 128518}
{"t": "AnimationClip", "name": "bubing01_run", "bundle": "gameres_art_dir_characters_soldier_bubing01_animation_be2b439975c056a36ce6eb33ca37d95d", "legacy": false, "compressed": false, "sampleRate": 30.0, "nRot": 0, "nPos": 0, "nScale": 0, "nFloat": 0, "nPPtr": 0, "bytes": 83370}
{"t": "AnimationClip", "name": "bubing01_idle", "bundle": "gameres_art_dir_characters_soldier_bubing01_animation_be2b439975c056a36ce6eb33ca37d95d", "legacy": false, "compressed": false, "sampleRate": 30.0, "nRot": 0, "nPos": 0, "nScale": 0, "nFloat": 0, "nPPtr": 0, "bytes": 75645}
{"t": "AnimationClip", "name": "deer_05_idle", "bundle": "gameres_art_dir_characters_object_a_vehicle_luche_01_animation_6b57f36cd87900fdee850dc42e26d41c", "legacy": false, "compressed": false, "sampleRate": 30.0, "nRot": 0, "nPos": 0, "nScale": 0, "nFloat": 0, "nPPtr": 0, "bytes": 258507}
{"t": "AnimationClip", "name": "deer_03_idle", "bundle": "gameres_art_dir_characters_object_a_vehicle_luche_01_animation_6b57f36cd87900fdee850dc42e26d41c", "legacy": false, "compressed": false, "sampleRate": 30.0, "nRot": 0, "nPos": 0, "nScale": 0, "nFloat": 0, "nPPtr": 0, "bytes": 179062}
{"t": "AnimationClip", "name": "deer_02_idle", "bundle": "gameres_art_dir_characters_object_a_vehicle_luche_01_animation_6b57f36cd87900fdee850dc42e26d41c", "legacy": false, "compressed": false, "sampleRate": 30.0, "nRot": 0, "nPos": 0, "nScale": 0, "nFloat": 0, "nPPtr": 0, "bytes": 144963}
{"t": "AnimationClip", "name": "deer_01_idle", "bundle": "gameres_art_dir_characters_object_a_vehicle_luche_01_animation_6b57f36cd87900fdee850dc42e26d41c", "legacy": false, "compressed": false, "sampleRate": 30.0, "nRot": 0, "nPos": 0, "nScale": 0, "nFloat": 0, "nPPtr": 0, "bytes": 106397}
{"t": "AnimationClip", "name": "deer_03_run", "bundle": "gameres_art_dir_characters_object_a_vehicle_luche_01_animation_6b57f36cd87900fdee850dc42e26d41c", "legacy": false, "compressed": false, "sampleRate": 30.0, "nRot": 0, "nPos": 0, "nScale": 0, "nFloat": 0, "nPPtr": 0, "bytes": 564441}
{"t": "AnimationClip", "name": "deer_04_run", "bundle": "gameres_art_dir_characters_object_a_vehicle_luche_01_animation_6b57f36cd87900fdee850dc42e26d41c", "legacy": false, "compressed": false, "sampleRate": 30.0, "nRot": 0, "nPos": 0, "nScale": 0, "nFloat": 0, "nPPtr": 0, "bytes": 714369}
{"t": "AnimationClip", "name": "deer_05_run", "bundle": "gameres_art_dir_characters_object_a_vehicle_luche_01_animation_6b57f36cd87900fdee850dc42e26d41c", "legacy": false, "compressed": false, "sampleRate": 30.0, "nRot": 0, "nPos": 0, "nScale": 0, "nFloat": 0, "nPPtr": 0, "bytes": 891187}
{"t": "AnimationClip", "name": "deer_01_run", "bundle": "gameres_art_dir_characters_object_a_vehicle_luche_01_animation_6b57f36cd87900fdee850dc42e26d41c", "legacy": false, "compressed": false, "sampleRate": 30.0, "nRot": 0, "nPos": 0, "nScale": 0, "nFloat": 0, "nPPtr": 0, "bytes": 255290}
{"t": "AnimationClip", "name": "deer_02_run", "bundle": "gameres_art_dir_characters_object_a_vehicle_luche_01_animation_6b57f36cd87900fdee850dc42e26d41c", "legacy": false, "compressed": false, "sampleRate": 30.0, "nRot": 0, "nPos": 0, "nScale": 0, "nFloat": 0, "nPPtr": 0, "bytes": 408020}
{"t": "AnimationClip", "name": "deer_04_idle", "bundle": "gameres_art_dir_characters_object_a_vehicle_luche_01_animation_6b57f36cd87900fdee850dc42e26d41c", "legacy": false, "compressed": false, "sampleRate": 30.0, "nRot": 0, "nPos": 0, "nScale": 0, "nFloat": 0, "nPPtr": 0, "bytes": 218122}
{"t": "AnimationClip", "name": "bubing05_run", "bundle": "gameres_art_dir_characters_soldier_bubing05_animation_549fe63cb77c97155adb758fffb47b68", "legacy": false, "compressed": false, "sampleRate": 30.0, "nRot": 0, "nPos": 0, "nScale": 0, "nFloat": 0, "nPPtr": 0, "bytes": 96495}
{"t": "AnimationClip", "name": "bubing05_death", "bundle": "gameres_art_dir_characters_soldier_bubing05_animation_549fe63cb77c97155adb758fffb47b68", "legacy": false, "compressed": false, "sampleRate": 30.0, "nRot": 0, "nPos": 0, "nScale": 0, "nFloat": 0, "nPPtr": 0, "bytes": 177539}
{"t": "AnimationClip", "name": "bubing05_attack_move", "bundle": "gameres_art_dir_characters_soldier_bubing05_animation_549fe63cb77c97155adb758fffb47b68", "legacy": false, "compressed": false, "sampleRate": 30.0, "nRot": 0, "nPos": 0, "nScale": 0, "nFloat": 0, "nPPtr": 0, "bytes": 108757}
{"t": "AnimationClip", "name": "bubing05_attack", "bundle": "gameres_art_dir_characters_soldier_bubing05_animation_549fe63cb77c97155adb758fffb47b68", "legacy": false, "compressed": false, "sampleRate": 30.0, "nRot": 0, "nPos": 0, "nScale": 0, "nFloat": 0, "nPPtr": 0, "bytes": 73649}
{"t": "AnimationClip", "name": "bubing05_idle", "bundle": "gameres_art_dir_characters_soldier_bubing05_animation_549fe63cb77c97155adb758fffb47b68", "legacy": false, "compressed": false, "sampleRate": 30.0, "nRot": 0, "nPos": 0, "nScale": 0, "nFloat": 0, "nPPtr": 0, "bytes": 77875}
{"t": "AnimationClip", "name": "bubing03_death", "bundle": "gameres_art_dir_characters_soldier_bubing03_animation_11a6a3159e74e5ad8341d89ac71d2726", "legacy": false, "compressed": false, "sampleRate": 30.0, "nRot": 0, "nPos": 0, "nScale": 0, "nFloat": 0, "nPPtr": 0, "bytes": 198584}
{"t": "AnimationClip", "name": "bubing03_run", "bundle": "gameres_art_dir_characters_soldier_bubing03_animation_11a6a3159e74e5ad8341d89ac71d2726", "legacy": false, "compressed": false, "sampleRate": 30.0, "nRot": 0, "nPos": 0, "nScale": 0, "nFloat": 0, "nPPtr": 0, "bytes": 99572}
{"t": "AnimationClip", "name": "bubing03_idle", "bundle": "gameres_art_dir_characters_soldier_bubing03_animation_11a6a3159e74e5ad8341d89ac71d2726", "legacy": false, "compressed": false, "sampleRate": 30.0, "nRot": 0, "nPos": 0, "nScale": 0, "nFloat": 0, "nPPtr": 0, "bytes": 84951}
{"t": "AnimationClip", "name": "bubing03_attack_move", "bundle": "gameres_art_dir_characters_soldier_bubing03_animation_11a6a3159e74e5ad8341d89ac71d2726", "legacy": false, "compressed": false, "sampleRate": 30.0, "nRot": 0, "nPos": 0, "nScale": 0, "nFloat": 0, "nPPtr": 0, "bytes": 121274}
{"t": "AnimationClip", "name": "bubing03_attack", "bundle": "gameres_art_dir_characters_soldier_bubing03_animation_11a6a3159e74e5ad8341d89ac71d2726", "legacy": false, "compressed": false, "sampleRate": 30.0, "nRot": 0, "nPos": 0, "nScale": 0, "nFloat": 0, "nPPtr": 0, "bytes": 87575}
{"t": "AnimationClip", "name": "bubing04_run", "bundle": "gameres_art_dir_characters_soldier_bubing04_animation_2b017b01307ccf7b09af96deea689c90", "legacy": false, "compressed": false, "sampleRate": 30.0, "nRot": 0, "nPos": 0, "nScale": 0, "nFloat": 0, "nPPtr": 0, "bytes": 97137}
{"t": "AnimationClip", "name": "bubing04_idle", "bundle": "gameres_art_dir_characters_soldier_bubing04_animation_2b017b01307ccf7b09af96deea689c90", "legacy": false, "compressed": false, "sampleRate": 30.0, "nRot": 0, "nPos": 0, "nScale": 0, "nFloat": 0, "nPPtr": 0, "bytes": 87043}
{"t": "AnimationClip", "name": "bubing04_attack", "bundle": "gameres_art_dir_characters_soldier_bubing04_animation_2b017b01307ccf7b09af96deea689c90", "legacy": false, "compressed": false, "sampleRate": 30.0, "nRot": 0, "nPos": 0, "nScale": 0, "nFloat": 0, "nPPtr": 0, "bytes": 140314}
{"t": "AnimationClip", "name": "bubing04_death", "bundle": "gameres_art_dir_characters_soldier_bubing04_animation_2b017b01307ccf7b09af96deea689c90", "legacy": false, "compressed": false, "sampleRate": 30.0, "nRot": 0, "nPos": 0, "nScale": 0, "nFloat": 0, "nPPtr": 0, "bytes": 178581}
{"t": "AnimationClip", "name": "bubing04_attack_move", "bundle": "gameres_art_dir_characters_soldier_bubing04_animation_2b017b01307ccf7b09af96deea689c90", "legacy": false, "compressed": false, "sampleRate": 30.0, "nRot": 0, "nPos": 0, "nScale": 0, "nFloat": 0, "nPPtr": 0, "bytes": 103965}
{"t": "AnimationClip", "name": "bubing06a_run", "bundle": "gameres_art_dir_characters_soldier_bubing06a_animation_2600804c2c782078c778d950bce18f6a", "legacy": false, "compressed": false, "sampleRate": 30.0, "nRot": 0, "nPos": 0, "nScale": 0, "nFloat": 0, "nPPtr": 0, "bytes": 92320}
{"t": "AnimationClip", "name": "bubing06a_idle", "bundle": "gameres_art_dir_characters_soldier_bubing06a_animation_2600804c2c782078c778d950bce18f6a", "legacy": false, "compressed": false, "sampleRate": 30.0, "nRot": 0, "nPos": 0, "nScale": 0, "nFloat": 0, "nPPtr": 0, "bytes": 95842}
{"t": "AnimationClip", "name": "bubing06a_attack", "bundle": "gameres_art_dir_characters_soldier_bubing06a_animation_2600804c2c782078c778d950bce18f6a", "legacy": false, "compressed": false, "sampleRate": 30.0, "nRot": 0, "nPos": 0, "nScale": 0, "nFloat": 0, "nPPtr": 0, "bytes": 149655}
{"t": "AnimationClip", "name": "bubing06a_attack_move", "bundle": "gameres_art_dir_characters_soldier_bubing06a_animation_2600804c2c782078c778d950bce18f6a", "legacy": false, "compressed": false, "sampleRate": 30.0, "nRot": 0, "nPos": 0, "nScale": 0, "nFloat": 0, "nPPtr": 0, "bytes": 125844}
{"t": "AnimationClip", "name": "bubing06a_death", "bundle": "gameres_art_dir_characters_soldier_bubing06a_animation_2600804c2c782078c778d950bce18f6a", "legacy": false, "compressed": false, "sampleRate": 30.0, "nRot": 0, "nPos": 0, "nScale": 0, "nFloat": 0, "nPPtr": 0, "bytes": 249208}
{"t": "AnimationClip", "name": "bubing12_run", "bundle": "gameres_art_dir_characters_soldier_bubing_huochezhan_animation_4dda4babeb1214f0563fac6d8e67ef76", "legacy": false, "compressed": false, "sampleRate": 30.0, "nRot": 0, "nPos": 0, "nScale": 0, "nFloat": 0, "nPPtr": 0, "bytes": 54948}
{"t": "AnimationClip", "name": "bubing12_idle", "bundle": "gameres_art_dir_characters_soldier_bubing_huochezhan_animation_4dda4babeb1214f0563fac6d8e67ef76", "legacy": false, "compressed": false, "sampleRate": 30.0, "nRot": 0, "nPos": 0, "nScale": 0, "nFloat": 0, "nPPtr": 0, "bytes": 40370}
{"t": "AnimationClip", "name": "bubing12_walk", "bundle": "gameres_art_dir_characters_soldier_bubing_huochezhan_animation_4dda4babeb1214f0563fac6d8e67ef76", "legacy": false, "compressed": false, "sampleRate": 30.0, "nRot": 0, "nPos": 0, "nScale": 0, "nFloat": 0, "nPPtr": 0, "bytes": 71256}
{"t": "AnimationClip", "name": "bubing10_attack", "bundle": "gameres_art_dir_characters_soldier_bubing10_animation_9c2861564493d71c594968f866183c3f", "legacy": false, "compressed": false, "sampleRate": 30.0, "nRot": 0, "nPos": 0, "nScale": 0, "nFloat": 0, "nPPtr": 0, "bytes": 88264}
{"t": "AnimationClip", "name": "bubing10_idle", "bundle": "gameres_art_dir_characters_soldier_bubing10_animation_9c2861564493d71c594968f866183c3f", "legacy": false, "compressed": false, "sampleRate": 30.0, "nRot": 0, "nPos": 0, "nScale": 0, "nFloat": 0, "nPPtr": 0, "bytes": 90456}
{"t": "AnimationClip", "name": "bubing10_death", "bundle": "gameres_art_dir_characters_soldier_bubing10_animation_9c2861564493d71c594968f866183c3f", "legacy": false, "compressed": false, "sampleRate": 30.0, "nRot": 0, "nPos": 0, "nScale": 0, "nFloat": 0, "nPPtr": 0, "bytes": 211240}
{"t": "AnimationClip", "name": "bubing10_attack_move", "bundle": "gameres_art_dir_characters_soldier_bubing10_animation_9c2861564493d71c594968f866183c3f", "legacy": false, "compressed": false, "sampleRate": 30.0, "nRot": 0, "nPos": 0, "nScale": 0, "nFloat": 0, "nPPtr": 0, "bytes": 134633}
{"t": "AnimationClip", "name": "bubing10_run", "bundle": "gameres_art_dir_characters_soldier_bubing10_animation_9c2861564493d71c594968f866183c3f", "legacy": false, "compressed": false, "sampleRate": 30.0, "nRot": 0, "nPos": 0, "nScale": 0, "nFloat": 0, "nPPtr": 0, "bytes": 108293}
{"t": "AnimationClip", "name": "bubing11_idle01", "bundle": "gameres_art_dir_characters_soldier_bubing11_animation_a224608232719fc637df82d231616a21", "legacy": false, "compressed": false, "sampleRate": 30.0, "nRot": 0, "nPos": 0, "nScale": 0, "nFloat": 0, "nPPtr": 0, "bytes": 54048}
{"t": "AnimationClip", "name": "bubing11_attack_move", "bundle": "gameres_art_dir_characters_soldier_bubing11_animation_a224608232719fc637df82d231616a21", "legacy": false, "compressed": false, "sampleRate": 30.0, "nRot": 0, "nPos": 0, "nScale": 0, "nFloat": 0, "nPPtr": 0, "bytes": 122053}
{"t": "AnimationClip", "name": "bubing11_run_leftward_45", "bundle": "gameres_art_dir_characters_soldier_bubing11_animation_a224608232719fc637df82d231616a21", "legacy": false, "compressed": false, "sampleRate": 30.0, "nRot": 0, "nPos": 0, "nScale": 0, "nFloat": 0, "nPPtr": 0, "bytes": 66645}
{"t": "AnimationClip", "name": "bubing11_attack", "bundle": "gameres_art_dir_characters_soldier_bubing11_animation_a224608232719fc637df82d231616a21", "legacy": false, "compressed": false, "sampleRate": 30.0, "nRot": 0, "nPos": 0, "nScale": 0, "nFloat": 0, "nPPtr": 0, "bytes": 94692}
{"t": "AnimationClip", "name": "bubing11_attack2", "bundle": "gameres_art_dir_characters_soldier_bubing11_animation_a224608232719fc637df82d231616a21", "legacy": false, "compressed": false, "sampleRate": 30.0, "nRot": 0, "nPos": 0, "nScale": 0, "nFloat": 0, "nPPtr": 0, "bytes": 97562}
{"t": "AnimationClip", "name": "bubing11_death", "bundle": "gameres_art_dir_characters_soldier_bubing11_animation_a224608232719fc637df82d231616a21", "legacy": false, "compressed": false, "sampleRate": 30.0, "nRot": 0, "nPos": 0, "nScale": 0, "nFloat": 0, "nPPtr": 0, "bytes": 138353}
{"t": "AnimationClip", "name": "bubing11_idle", "bundle": "gameres_art_dir_characters_soldier_bubing11_animation_a224608232719fc637df82d231616a21", "legacy": false, "compressed": false, "sampleRate": 30.0, "nRot": 0, "nPos": 0, "nScale": 0, "nFloat": 0, "nPPtr": 0, "bytes": 53596}
{"t": "AnimationClip", "name": "bubing11_run_forward", "bundle": "gameres_art_dir_characters_soldier_bubing11_animation_a224608232719fc637df82d231616a21", "legacy": false, "compressed": false, "sampleRate": 30.0, "nRot": 0, "nPos": 0, "nScale": 0, "nFloat": 0, "nPPtr": 0, "bytes": 65270}
{"t": "AnimationClip", "name": "bubing11_run_rightward_90", "bundle": "gameres_art_dir_characters_soldier_bubing11_animation_a224608232719fc637df82d231616a21", "legacy": false, "compressed": false, "sampleRate": 30.0, "nRot": 0, "nPos": 0, "nScale": 0, "nFloat": 0, "nPPtr": 0, "bytes": 80462}
{"t": "AnimationClip", "name": "bubing11_run", "bundle": "gameres_art_dir_characters_soldier_bubing11_animation_a224608232719fc637df82d231616a21", "legacy": false, "compressed": false, "sampleRate": 30.0, "nRot": 0, "nPos": 0, "nScale": 0, "nFloat": 0, "nPPtr": 0, "bytes": 79595}
{"t": "AnimationClip", "name": "bubing11_run_Situ", "bundle": "gameres_art_dir_characters_soldier_bubing11_animation_a224608232719fc637df82d231616a21", "legacy": false, "compressed": false, "sampleRate": 30.0, "nRot": 0, "nPos": 0, "nScale": 0, "nFloat": 0, "nPPtr": 0, "bytes": 73453}
{"t": "AnimationClip", "name": "bubing11_run_rightward_45", "bundle": "gameres_art_dir_characters_soldier_bubing11_animation_a224608232719fc637df82d231616a21", "legacy": false, "compressed": false, "sampleRate": 30.0, "nRot": 0, "nPos": 0, "nScale": 0, "nFloat": 0, "nPPtr": 0, "bytes": 66786}
{"t": "AnimationClip", "name": "bubing11_run_leftward_90", "bundle": "gameres_art_dir_characters_soldier_bubing11_animation_a224608232719fc637df82d231616a21", "legacy": false, "compressed": false, "sampleRate": 30.0, "nRot": 0, "nPos": 0, "nScale": 0, "nFloat": 0, "nPPtr": 0, "bytes": 79964}
{"t": "AnimationClip", "name": "bubing07_attack_move", "bundle": "gameres_art_dir_characters_soldier_bubing07_animation_7efc82a58ed9c949804d6d402eac0b32", "legacy": false, "compressed": false, "sampleRate": 30.0, "nRot": 0, "nPos": 0, "nScale": 0, "nFloat": 0, "nPPtr": 0, "bytes": 289908}
{"t": "AnimationClip", "name": "bubing07_run", "bundle": "gameres_art_dir_characters_soldier_bubing07_animation_7efc82a58ed9c949804d6d402eac0b32", "legacy": false, "compressed": false, "sampleRate": 30.0, "nRot": 0, "nPos": 0, "nScale": 0, "nFloat": 0, "nPPtr": 0, "bytes": 277229}
{"t": "AnimationClip", "name": "bubing07_idle", "bundle": "gameres_art_dir_characters_soldier_bubing07_animation_7efc82a58ed9c949804d6d402eac0b32", "legacy": false, "compressed": false, "sampleRate": 30.0, "nRot": 0, "nPos": 0, "nScale": 0, "nFloat": 0, "nPPtr": 0, "bytes": 259561}
{"t": "AnimationClip", "name": "bubing07_death", "bundle": "gameres_art_dir_characters_soldier_bubing07_animation_7efc82a58ed9c949804d6d402eac0b32", "legacy": false, "compressed": false, "sampleRate": 30.0, "nRot": 0, "nPos": 0, "nScale": 0, "nFloat": 0, "nPPtr": 0, "bytes": 149800}
{"t": "AnimationClip", "name": "bubing07_attack", "bundle": "gameres_art_dir_characters_soldier_bubing07_animation_7efc82a58ed9c949804d6d402eac0b32", "legacy": false, "compressed": false, "sampleRate": 30.0, "nRot": 0, "nPos": 0, "nScale": 0, "nFloat": 0, "nPPtr": 0, "bytes": 136286}
{"t": "AnimationClip", "name": "ben_operate", "bundle": "gameres_art_dir_characters_worker_ben_animation_4d9599bdd6f7cc776a0c1ce084908922", "legacy": false, "compressed": false, "sampleRate": 30.0, "nRot": 0, "nPos": 0, "nScale": 0, "nFloat": 0, "nPPtr": 0, "bytes": 93531}
{"t": "AnimationClip", "name": "ben_idle", "bundle": "gameres_art_dir_characters_worker_ben_animation_4d9599bdd6f7cc776a0c1ce084908922", "legacy": false, "compressed": false, "sampleRate": 30.0, "nRot": 0, "nPos": 0, "nScale": 0, "nFloat": 0, "nPPtr": 0, "bytes": 77335}
{"t": "AnimationClip", "name": "soldie_ben_idle", "bundle": "gameres_art_dir_characters_worker_ben_animation_4d9599bdd6f7cc776a0c1ce084908922", "legacy": false, "compressed": false, "sampleRate": 30.0, "nRot": 0, "nPos": 0, "nScale": 0, "nFloat": 0, "nPPtr": 0, "bytes": 77581}
{"t": "AnimationClip", "name": "ben_idle_carry", "bundle": "gameres_art_dir_characters_worker_ben_animation_4d9599bdd6f7cc776a0c1ce084908922", "legacy": false, "compressed": false, "sampleRate": 30.0, "nRot": 0, "nPos": 0, "nScale": 0, "nFloat": 0, "nPPtr": 0, "bytes": 68050}
{"t": "AnimationClip", "name": "ben_harvest", "bundle": "gameres_art_dir_characters_worker_ben_animation_4d9599bdd6f7cc776a0c1ce084908922", "legacy": false, "compressed": false, "sampleRate": 30.0, "nRot": 0, "nPos": 0, "nScale": 0, "nFloat": 0, "nPPtr": 0, "bytes": 96564}
{"t": "AnimationClip", "name": "soldie_ben_run", "bundle": "gameres_art_dir_characters_worker_ben_animation_4d9599bdd6f7cc776a0c1ce084908922", "legacy": false, "compressed": false, "sampleRate": 30.0, "nRot": 0, "nPos": 0, "nScale": 0, "nFloat": 0, "nPPtr": 0, "bytes": 104871}
{"t": "AnimationClip", "name": "ben_walk", "bundle": "gameres_art_dir_characters_worker_ben_animation_4d9599bdd6f7cc776a0c1ce084908922", "legacy": false, "compressed": false, "sampleRate": 30.0, "nRot": 0, "nPos": 0, "nScale": 0, "nFloat": 0, "nPPtr": 0, "bytes": 105513}
{"t": "AnimationClip", "name": "ben_run_carry", "bundle": "gameres_art_dir_characters_worker_ben_animation_4d9599bdd6f7cc776a0c1ce084908922", "legacy": false, "compressed": false, "sampleRate": 30.0, "nRot": 0, "nPos": 0, "nScale": 0, "nFloat": 0, "nPPtr": 0, "bytes": 90757}
{"t": "AnimationClip", "name": "ben_run_carry_B", "bundle": "gameres_art_dir_characters_worker_ben_animation_ben_b_0_171ec872a6c192b7acf380a154531bdb", "legacy": false, "compressed": false, "sampleRate": 30.0, "nRot": 0, "nPos": 0, "nScale": 0, "nFloat": 0, "nPPtr": 0, "bytes": 106472}
{"t": "AnimationClip", "name": "soldie_ben_run_B", "bundle": "gameres_art_dir_characters_worker_ben_animation_ben_b_2_ed2aa14c8a49ab715e6b6bc213c7b812", "legacy": false, "compressed": false, "sampleRate": 30.0, "nRot": 0, "nPos": 0, "nScale": 0, "nFloat": 0, "nPPtr": 0, "bytes": 121415}
{"t": "AnimationClip", "name": "ben_idle_carry_B", "bundle": "gameres_art_dir_characters_worker_ben_animation_ben_b_2_ed2aa14c8a49ab715e6b6bc213c7b812", "legacy": false, "compressed": false, "sampleRate": 30.0, "nRot": 0, "nPos": 0, "nScale": 0, "nFloat": 0, "nPPtr": 0, "bytes": 77276}
{"t": "AnimationClip", "name": "soldie_ben_idle_B", "bundle": "gameres_art_dir_characters_worker_ben_animation_ben_b_3_3ebf15ff32ab44d0ea4a573bb8d41bac", "legacy": false, "compressed": false, "sampleRate": 30.0, "nRot": 0, "nPos": 0, "nScale": 0, "nFloat": 0, "nPPtr": 0, "bytes": 94688}
{"t": "AnimationClip", "name": "ben_idle_B", "bundle": "gameres_art_dir_characters_worker_ben_animation_ben_b_4_2b329222efb2297c36929f02b7e2bbed", "legacy": false, "compressed": false, "sampleRate": 30.0, "nRot": 0, "nPos": 0, "nScale": 0, "nFloat": 0, "nPPtr": 0, "bytes": 69525}
{"t": "AnimationClip", "name": "bubing_new_hit", "bundle": "gameres_art_dir_characters_soldier_bubing_new_animation_0728baa39c3569e800a7d2bbf0a94428", "legacy": false, "compressed": false, "sampleRate": 30.0, "nRot": 0, "nPos": 0, "nScale": 0, "nFloat": 0, "nPPtr": 0, "bytes": 106524}
{"t": "AnimationClip", "name": "bubing_new_death", "bundle": "gameres_art_dir_characters_soldier_bubing_new_animation_0728baa39c3569e800a7d2bbf0a94428", "legacy": false, "compressed": false, "sampleRate": 30.0, "nRot": 0, "nPos": 0, "nScale": 0, "nFloat": 0, "nPPtr": 0, "bytes": 287666}
{"t": "AnimationClip", "name": "bubing_new_attack_move", "bundle": "gameres_art_dir_characters_soldier_bubing_new_animation_0728baa39c3569e800a7d2bbf0a94428", "legacy": false, "compressed": false, "sampleRate": 30.0, "nRot": 0, "nPos": 0, "nScale": 0, "nFloat": 0, "nPPtr": 0, "bytes": 176474}
{"t": "AnimationClip", "name": "bubing_attack_frame1", "bundle": "gameres_art_dir_characters_soldier_bubing_new_animation_0728baa39c3569e800a7d2bbf0a94428", "legacy": false, "compressed": false, "sampleRate": 30.0, "nRot": 0, "nPos": 0, "nScale": 0, "nFloat": 0, "nPPtr": 0, "bytes": 73925}
{"t": "AnimationClip", "name": "bubing_attack_quick", "bundle": "gameres_art_dir_characters_soldier_bubing_new_animation_0728baa39c3569e800a7d2bbf0a94428", "legacy": false, "compressed": false, "sampleRate": 30.0, "nRot": 0, "nPos": 0, "nScale": 0, "nFloat": 0, "nPPtr": 0, "bytes": 92165}
{"t": "AnimationClip", "name": "bubing_new_idle", "bundle": "gameres_art_dir_characters_soldier_bubing_new_animation_0728baa39c3569e800a7d2bbf0a94428", "legacy": false, "compressed": false, "sampleRate": 30.0, "nRot": 0, "nPos": 0, "nScale": 0, "nFloat": 0, "nPPtr": 0, "bytes": 92140}
{"t": "AnimationClip", "name": "bubing_attack02", "bundle": "gameres_art_dir_characters_soldier_bubing_new_animation_0728baa39c3569e800a7d2bbf0a94428", "legacy": false, "compressed": false, "sampleRate": 30.0, "nRot": 0, "nPos": 0, "nScale": 0, "nFloat": 0, "nPPtr": 0, "bytes": 129297}
{"t": "AnimationClip", "name": "bubing_down", "bundle": "gameres_art_dir_characters_soldier_bubing_new_animation_0728baa39c3569e800a7d2bbf0a94428", "legacy": false, "compressed": false, "sampleRate": 30.0, "nRot": 0, "nPos": 0, "nScale": 0, "nFloat": 0, "nPPtr": 0, "bytes": 146541}
{"t": "AnimationClip", "name": "bubing_new_run", "bundle": "gameres_art_dir_characters_soldier_bubing_new_animation_0728baa39c3569e800a7d2bbf0a94428", "legacy": false, "compressed": false, "sampleRate": 30.0, "nRot": 0, "nPos": 0, "nScale": 0, "nFloat": 0, "nPPtr": 0, "bytes": 104701}
{"t": "AnimationClip", "name": "bubing_new_attack", "bundle": "gameres_art_dir_characters_soldier_bubing_new_animation_0728baa39c3569e800a7d2bbf0a94428", "legacy": false, "compressed": false, "sampleRate": 30.0, "nRot": 0, "nPos": 0, "nScale": 0, "nFloat": 0, "nPPtr": 0, "bytes": 144559}
{"t": "AnimationClip", "name": "bubing02_happy04", "bundle": "gameres_art_dir_characters_soldier_bubing02_animation_403651fcae34679d49aa62c7199558a9", "legacy": false, "compressed": false, "sampleRate": 30.0, "nRot": 0, "nPos": 0, "nScale": 0, "nFloat": 0, "nPPtr": 0, "bytes": 345247}
{"t": "AnimationClip", "name": "bubing02_Parkour_ground_idle", "bundle": "gameres_art_dir_characters_soldier_bubing02_animation_403651fcae34679d49aa62c7199558a9", "legacy": false, "compressed": false, "sampleRate": 30.0, "nRot": 0, "nPos": 0, "nScale": 0, "nFloat": 0, "nPPtr": 0, "bytes": 55335}
{"t": "AnimationClip", "name": "bubing02_attack_frame1", "bundle": "gameres_art_dir_characters_soldier_bubing02_animation_403651fcae34679d49aa62c7199558a9", "legacy": false, "compressed": false, "sampleRate": 30.0, "nRot": 0, "nPos": 0, "nScale": 0, "nFloat": 0, "nPPtr": 0, "bytes": 59778}
{"t": "AnimationClip", "name": "bubing02_Parkour_win", "bundle": "gameres_art_dir_characters_soldier_bubing02_animation_403651fcae34679d49aa62c7199558a9", "legacy": false, "compressed": false, "sampleRate": 30.0, "nRot": 0, "nPos": 0, "nScale": 0, "nFloat": 0, "nPPtr": 0, "bytes": 337934}
{"t": "AnimationClip", "name": "bubing02_attack", "bundle": "gameres_art_dir_characters_soldier_bubing02_animation_403651fcae34679d49aa62c7199558a9", "legacy": false, "compressed": false, "sampleRate": 30.0, "nRot": 0, "nPos": 0, "nScale": 0, "nFloat": 0, "nPPtr": 0, "bytes": 111870}
{"t": "AnimationClip", "name": "bubing02_Parkour_idle", "bundle": "gameres_art_dir_characters_soldier_bubing02_animation_403651fcae34679d49aa62c7199558a9", "legacy": false, "compressed": false, "sampleRate": 30.0, "nRot": 0, "nPos": 0, "nScale": 0, "nFloat": 0, "nPPtr": 0, "bytes": 77351}
{"t": "AnimationClip", "name": "bubing02_Parkour_run", "bundle": "gameres_art_dir_characters_soldier_bubing02_animation_403651fcae34679d49aa62c7199558a9", "legacy": false, "compressed": false, "sampleRate": 30.0, "nRot": 0, "nPos": 0, "nScale": 0, "nFloat": 0, "nPPtr": 0, "bytes": 83591}
{"t": "AnimationClip", "name": "bubing02_attack", "bundle": "gameres_art_dir_characters_soldier_bubing02_animation_403651fcae34679d49aa62c7199558a9", "legacy": false, "compressed": false, "sampleRate": 30.0, "nRot": 0, "nPos": 0, "nScale": 0, "nFloat": 0, "nPPtr": 0, "bytes": 111869}
{"t": "AnimationClip", "name": "bubing02_attack2", "bundle": "gameres_art_dir_characters_soldier_bubing02_animation_403651fcae34679d49aa62c7199558a9", "legacy": false, "compressed": false, "sampleRate": 30.0, "nRot": 0, "nPos": 0, "nScale": 0, "nFloat": 0, "nPPtr": 0, "bytes": 136632}
{"t": "AnimationClip", "name": "bubing02_salute_01", "bundle": "gameres_art_dir_characters_soldier_bubing02_animation_403651fcae34679d49aa62c7199558a9", "legacy": false, "compressed": false, "sampleRate": 30.0, "nRot": 0, "nPos": 0, "nScale": 0, "nFloat": 0, "nPPtr": 0, "bytes": 229170}
{"t": "AnimationClip", "name": "bubing02_salute_idle", "bundle": "gameres_art_dir_characters_soldier_bubing02_animation_403651fcae34679d49aa62c7199558a9", "legacy": false, "compressed": false, "sampleRate": 30.0, "nRot": 0, "nPos": 0, "nScale": 0, "nFloat": 0, "nPPtr": 0, "bytes": 75039}
{"t": "AnimationClip", "name": "bubing02_walk", "bundle": "gameres_art_dir_characters_soldier_bubing02_animation_403651fcae34679d49aa62c7199558a9", "legacy": false, "compressed": false, "sampleRate": 30.0, "nRot": 0, "nPos": 0, "nScale": 0, "nFloat": 0, "nPPtr": 0, "bytes": 104518}
{"t": "AnimationClip", "name": "bubing02_down", "bundle": "gameres_art_dir_characters_soldier_bubing02_animation_403651fcae34679d49aa62c7199558a9", "legacy": false, "compressed": false, "sampleRate": 30.0, "nRot": 0, "nPos": 0, "nScale": 0, "nFloat": 0, "nPPtr": 0, "bytes": 55774}
{"t": "AnimationClip", "name": "bubing02_Parkour_getup", "bundle": "gameres_art_dir_characters_soldier_bubing02_animation_403651fcae34679d49aa62c7199558a9", "legacy": false, "compressed": false, "sampleRate": 30.0, "nRot": 0, "nPos": 0, "nScale": 0, "nFloat": 0, "nPPtr": 0, "bytes": 137444}
{"t": "AnimationClip", "name": "bubing02_death", "bundle": "gameres_art_dir_characters_soldier_bubing02_animation_403651fcae34679d49aa62c7199558a9", "legacy": false, "compressed": false, "sampleRate": 30.0, "nRot": 0, "nPos": 0, "nScale": 0, "nFloat": 0, "nPPtr": 0, "bytes": 169614}
{"t": "AnimationClip", "name": "bubing02_attack_move", "bundle": "gameres_art_dir_characters_soldier_bubing02_animation_403651fcae34679d49aa62c7199558a9", "legacy": false, "compressed": false, "sampleRate": 30.0, "nRot": 0, "nPos": 0, "nScale": 0, "nFloat": 0, "nPPtr": 0, "bytes": 136524}
{"t": "AnimationClip", "name": "bubing02_Parkour_win_idle", "bundle": "gameres_art_dir_characters_soldier_bubing02_animation_403651fcae34679d49aa62c7199558a9", "legacy": false, "compressed": false, "sampleRate": 30.0, "nRot": 0, "nPos": 0, "nScale": 0, "nFloat": 0, "nPPtr": 0, "bytes": 65865}
{"t": "AnimationClip", "name": "bubing02_happy06", "bundle": "gameres_art_dir_characters_soldier_bubing02_animation_403651fcae34679d49aa62c7199558a9", "legacy": false, "compressed": false, "sampleRate": 30.0, "nRot": 0, "nPos": 0, "nScale": 0, "nFloat": 0, "nPPtr": 0, "bytes": 436612}
{"t": "AnimationClip", "name": "bubing02_Parkour_right", "bundle": "gameres_art_dir_characters_soldier_bubing02_animation_403651fcae34679d49aa62c7199558a9", "legacy": false, "compressed": false, "sampleRate": 30.0, "nRot": 0, "nPos": 0, "nScale": 0, "nFloat": 0, "nPPtr": 0, "bytes": 100707}
{"t": "AnimationClip", "name": "bubing02_Parkour_left", "bundle": "gameres_art_dir_characters_soldier_bubing02_animation_403651fcae34679d49aa62c7199558a9", "legacy": false, "compressed": false, "sampleRate": 30.0, "nRot": 0, "nPos": 0, "nScale": 0, "nFloat": 0, "nPPtr": 0, "bytes": 101011}
{"t": "AnimationClip", "name": "bubing02_run", "bundle": "gameres_art_dir_characters_soldier_bubing02_animation_403651fcae34679d49aa62c7199558a9", "legacy": false, "compressed": false, "sampleRate": 30.0, "nRot": 0, "nPos": 0, "nScale": 0, "nFloat": 0, "nPPtr": 0, "bytes": 82978}
{"t": "AnimationClip", "name": "bubing02yanhui_idle", "bundle": "gameres_art_dir_characters_soldier_bubing02_animation_403651fcae34679d49aa62c7199558a9", "legacy": false, "compressed": false, "sampleRate": 30.0, "nRot": 0, "nPos": 0, "nScale": 0, "nFloat": 0, "nPPtr": 0, "bytes": 74752}
{"t": "AnimationClip", "name": "bubing02_attack_quick", "bundle": "gameres_art_dir_characters_soldier_bubing02_animation_403651fcae34679d49aa62c7199558a9", "legacy": false, "compressed": false, "sampleRate": 30.0, "nRot": 0, "nPos": 0, "nScale": 0, "nFloat": 0, "nPPtr": 0, "bytes": 72305}
{"t": "AnimationClip", "name": "bubing02_attack_quick", "bundle": "gameres_art_dir_characters_soldier_bubing02_animation_403651fcae34679d49aa62c7199558a9", "legacy": false, "compressed": false, "sampleRate": 30.0, "nRot": 0, "nPos": 0, "nScale": 0, "nFloat": 0, "nPPtr": 0, "bytes": 72305}
{"t": "AnimationClip", "name": "bubing02yanhui_attack", "bundle": "gameres_art_dir_characters_soldier_bubing02_animation_403651fcae34679d49aa62c7199558a9", "legacy": false, "compressed": false, "sampleRate": 30.0, "nRot": 0, "nPos": 0, "nScale": 0, "nFloat": 0, "nPPtr": 0, "bytes": 112491}
{"t": "AnimationClip", "name": "bubing02_happy05", "bundle": "gameres_art_dir_characters_soldier_bubing02_animation_403651fcae34679d49aa62c7199558a9", "legacy": false, "compressed": false, "sampleRate": 30.0, "nRot": 0, "nPos": 0, "nScale": 0, "nFloat": 0, "nPPtr": 0, "bytes": 303670}
{"t": "AnimationClip", "name": "bubing02_happy03", "bundle": "gameres_art_dir_characters_soldier_bubing02_animation_403651fcae34679d49aa62c7199558a9", "legacy": false, "compressed": false, "sampleRate": 30.0, "nRot": 0, "nPos": 0, "nScale": 0, "nFloat": 0, "nPPtr": 0, "bytes": 335719}
{"t": "AnimationClip", "name": "bubing02_happy01", "bundle": "gameres_art_dir_characters_soldier_bubing02_animation_403651fcae34679d49aa62c7199558a9", "legacy": false, "compressed": false, "sampleRate": 30.0, "nRot": 0, "nPos": 0, "nScale": 0, "nFloat": 0, "nPPtr": 0, "bytes": 239875}
{"t": "AnimationClip", "name": "bubing02_down_01", "bundle": "gameres_art_dir_characters_soldier_bubing02_animation_403651fcae34679d49aa62c7199558a9", "legacy": false, "compressed": false, "sampleRate": 30.0, "nRot": 0, "nPos": 0, "nScale": 0, "nFloat": 0, "nPPtr": 0, "bytes": 144250}
{"t": "AnimationClip", "name": "bubing02_happy02", "bundle": "gameres_art_dir_characters_soldier_bubing02_animation_403651fcae34679d49aa62c7199558a9", "legacy": false, "compressed": false, "sampleRate": 30.0, "nRot": 0, "nPos": 0, "nScale": 0, "nFloat": 0, "nPPtr": 0, "bytes": 306967}
{"t": "AnimationClip", "name": "bubing02_Parkour_ground_down", "bundle": "gameres_art_dir_characters_soldier_bubing02_animation_403651fcae34679d49aa62c7199558a9", "legacy": false, "compressed": false, "sampleRate": 30.0, "nRot": 0, "nPos": 0, "nScale": 0, "nFloat": 0, "nPPtr": 0, "bytes": 141958}
{"t": "AnimationClip", "name": "bubing02_Parkour_ground", "bundle": "gameres_art_dir_characters_soldier_bubing02_animation_403651fcae34679d49aa62c7199558a9", "legacy": false, "compressed": false, "sampleRate": 30.0, "nRot": 0, "nPos": 0, "nScale": 0, "nFloat": 0, "nPPtr": 0, "bytes": 128625}
{"t": "AnimatorController", "name": "A_Hero_bubing02_ctl", "bundle": "gameres_art_dir_characters_soldier_bubing02_animation_403651fcae34679d49aa62c7199558a9", "legacy": null, "compressed": false, "sampleRate": null, "nRot": 0, "nPos": 0, "nScale": 0, "nFloat": 0, "nPPtr": 0, "bytes": 1431}
{"t": "AnimationClip", "name": "bubing02_attack_frame1", "bundle": "gameres_art_dir_characters_soldier_bubing02_animation_403651fcae34679d49aa62c7199558a9", "legacy": false, "compressed": false, "sampleRate": 30.0, "nRot": 0, "nPos": 0, "nScale": 0, "nFloat": 0, "nPPtr": 0, "bytes": 59778}
{"t": "AnimationClip", "name": "bubing02_idle", "bundle": "gameres_art_dir_characters_soldier_bubing02_animation_403651fcae34679d49aa62c7199558a9", "legacy": false, "compressed": false, "sampleRate": 30.0, "nRot": 0, "nPos": 0, "nScale": 0, "nFloat": 0, "nPPtr": 0, "bytes": 70188}
{"t": "AnimationClip", "name": "ben_low_idle_B", "bundle": "gameres_art_dir_characters_worker_caiji_ben_animation_caiji_b_7_b30f926ccccec87a42f4e93ca94cd545", "legacy": false, "compressed": false, "sampleRate": 30.0, "nRot": 0, "nPos": 0, "nScale": 0, "nFloat": 0, "nPPtr": 0, "bytes": 77409}
{"t": "AnimationClip", "name": "ben_low_run_B", "bundle": "gameres_art_dir_characters_worker_caiji_ben_animation_caiji_b_7_b30f926ccccec87a42f4e93ca94cd545", "legacy": false, "compressed": false, "sampleRate": 30.0, "nRot": 0, "nPos": 0, "nScale": 0, "nFloat": 0, "nPPtr": 0, "bytes": 88762}
{"t": "AnimationClip", "name": "ben_harvest_B", "bundle": "gameres_art_dir_characters_worker_ben_animation_ben_b_5_596fc19420d383185c9ba426a7dd09e8", "legacy": false, "compressed": false, "sampleRate": 30.0, "nRot": 0, "nPos": 0, "nScale": 0, "nFloat": 0, "nPPtr": 0, "bytes": 116167}
{"t": "AnimationClip", "name": "ben_walk_B", "bundle": "gameres_art_dir_characters_worker_ben_animation_ben_b_6_848f57be062f63abd746c58c1b6c5298", "legacy": false, "compressed": false, "sampleRate": 30.0, "nRot": 0, "nPos": 0, "nScale": 0, "nFloat": 0, "nPPtr": 0, "bytes": 120419}
{"t": "AnimationClip", "name": "ben_operate_B", "bundle": "gameres_art_dir_characters_worker_ben_animation_ben_b_7_a634488037c25bb38ffbd4dc9c5e4a04", "legacy": false, "compressed": false, "sampleRate": 30.0, "nRot": 0, "nPos": 0, "nScale": 0, "nFloat": 0, "nPPtr": 0, "bytes": 119023}
{"t": "AnimationClip", "name": "ben_low_idle", "bundle": "gameres_art_dir_characters_worker_caiji_ben_animation_41239f5a7ff9a78ef7d943e2631888cb", "legacy": false, "compressed": false, "sampleRate": 30.0, "nRot": 0, "nPos": 0, "nScale": 0, "nFloat": 0, "nPPtr": 0, "bytes": 76917}
{"t": "AnimationClip", "name": "ben_low_pick", "bundle": "gameres_art_dir_characters_worker_caiji_ben_animation_41239f5a7ff9a78ef7d943e2631888cb", "legacy": false, "compressed": false, "sampleRate": 30.0, "nRot": 0, "nPos": 0, "nScale": 0, "nFloat": 0, "nPPtr": 0, "bytes": 85881}
{"t": "AnimationClip", "name": "ben_01_idle", "bundle": "gameres_art_dir_characters_worker_caiji_ben_animation_41239f5a7ff9a78ef7d943e2631888cb", "legacy": false, "compressed": false, "sampleRate": 30.0, "nRot": 0, "nPos": 0, "nScale": 0, "nFloat": 0, "nPPtr": 0, "bytes": 76916}
{"t": "AnimationClip", "name": "ben_low_run", "bundle": "gameres_art_dir_characters_worker_caiji_ben_animation_41239f5a7ff9a78ef7d943e2631888cb", "legacy": false, "compressed": false, "sampleRate": 30.0, "nRot": 0, "nPos": 0, "nScale": 0, "nFloat": 0, "nPPtr": 0, "bytes": 89811}
{"t": "AnimationClip", "name": "ben_low_show", "bundle": "gameres_art_dir_characters_worker_caiji_ben_animation_41239f5a7ff9a78ef7d943e2631888cb", "legacy": false, "compressed": false, "sampleRate": 30.0, "nRot": 0, "nPos": 0, "nScale": 0, "nFloat": 0, "nPPtr": 0, "bytes": 249736}
{"t": "AnimationClip", "name": "ben_low_pick_B", "bundle": "gameres_art_dir_characters_worker_caiji_ben_animation_caiji_b_1_221c391b1ffe400c4f76665fb5d4de7a", "legacy": false, "compressed": false, "sampleRate": 30.0, "nRot": 0, "nPos": 0, "nScale": 0, "nFloat": 0, "nPPtr": 0, "bytes": 90172}
{"t": "AnimationClip", "name": "ben_low_show_B", "bundle": "gameres_art_dir_characters_worker_caiji_ben_animation_caiji_b_3_8c48ecabfc82e35ce3ce188939371f01", "legacy": false, "compressed": false, "sampleRate": 30.0, "nRot": 0, "nPos": 0, "nScale": 0, "nFloat": 0, "nPPtr": 0, "bytes": 234158}
{"t": "AnimationClip", "name": "ben_01_idle_B", "bundle": "gameres_art_dir_characters_worker_caiji_ben_animation_caiji_b_5_8929d61e4b7165d7f520391bc04b6975", "legacy": false, "compressed": false, "sampleRate": 30.0, "nRot": 0, "nPos": 0, "nScale": 0, "nFloat": 0, "nPPtr": 0, "bytes": 77411}
{"t": "AnimationClip", "name": "ben_MieHuo_Mie", "bundle": "gameres_art_dir_characters_worker_miehuo_ben_animation_96569f06446dcf1a002340dae8aecace", "legacy": false, "compressed": false, "sampleRate": 30.0, "nRot": 0, "nPos": 0, "nScale": 0, "nFloat": 0, "nPPtr": 0, "bytes": 105582}
{"t": "AnimationClip", "name": "ben_low_HuanHu", "bundle": "gameres_art_dir_characters_worker_miehuo_ben_animation_96569f06446dcf1a002340dae8aecace", "legacy": false, "compressed": false, "sampleRate": 30.0, "nRot": 0, "nPos": 0, "nScale": 0, "nFloat": 0, "nPPtr": 0, "bytes": 146719}
{"t": "AnimationClip", "name": "ben_low_Run", "bundle": "gameres_art_dir_characters_worker_miehuo_ben_animation_96569f06446dcf1a002340dae8aecace", "legacy": false, "compressed": false, "sampleRate": 30.0, "nRot": 0, "nPos": 0, "nScale": 0, "nFloat": 0, "nPPtr": 0, "bytes": 111415}
{"t": "AnimationClip", "name": "ben_low_Mie_B", "bundle": "gameres_art_dir_characters_worker_miehuo_ben_animation_miehuo_b_3_772dda9fb234a69bdad513b87ee4ef99", "legacy": false, "compressed": false, "sampleRate": 30.0, "nRot": 0, "nPos": 0, "nScale": 0, "nFloat": 0, "nPPtr": 0, "bytes": 107125}
{"t": "AnimationClip", "name": "ben_low_Run_B", "bundle": "gameres_art_dir_characters_worker_miehuo_ben_animation_miehuo_b_7_4f098c9d334fc4bda83fbc756f52587c", "legacy": false, "compressed": false, "sampleRate": 30.0, "nRot": 0, "nPos": 0, "nScale": 0, "nFloat": 0, "nPPtr": 0, "bytes": 120360}
{"t": "AnimationClip", "name": "ben_low_HuanHu_B", "bundle": "gameres_art_dir_characters_worker_miehuo_ben_animation_miehuo_b_8_752937850c8565c41c4a95836077459b", "legacy": false, "compressed": false, "sampleRate": 30.0, "nRot": 0, "nPos": 0, "nScale": 0, "nFloat": 0, "nPPtr": 0, "bytes": 155226}
{"t": "AnimationClip", "name": "Recorded (1)", "bundle": "gameres_art_dir_characters_worker_miehuo_ben_animator_dacfd65d744ffbf79a852318594b7f10", "legacy": false, "compressed": false, "sampleRate": 30.0, "nRot": 0, "nPos": 0, "nScale": 0, "nFloat": 0, "nPPtr": 0, "bytes": 6274}
{"t": "AnimationClip", "name": "Recorded", "bundle": "gameres_art_dir_characters_worker_miehuo_ben_animator_dacfd65d744ffbf79a852318594b7f10", "legacy": false, "compressed": false, "sampleRate": 30.0, "nRot": 0, "nPos": 0, "nScale": 0, "nFloat": 0, "nPPtr": 0, "bytes": 7007}
{"t": "AnimationClip", "name": "Recorded (1)", "bundle": "gameres_art_dir_characters_worker_miehuo_ben_animator_dacfd65d744ffbf79a852318594b7f10", "legacy": false, "compressed": false, "sampleRate": 30.0, "nRot": 0, "nPos": 0, "nScale": 0, "nFloat": 0, "nPPtr": 0, "bytes": 6274}
{"t": "AnimationClip", "name": "Recorded (2)", "bundle": "gameres_art_dir_characters_worker_miehuo_ben_animator_dacfd65d744ffbf79a852318594b7f10", "legacy": false, "compressed": false, "sampleRate": 30.0, "nRot": 0, "nPos": 0, "nScale": 0, "nFloat": 0, "nPPtr": 0, "bytes": 6274}
{"t": "AnimationClip", "name": "Recorded (2)", "bundle": "gameres_art_dir_characters_worker_miehuo_ben_animator_dacfd65d744ffbf79a852318594b7f10", "legacy": false, "compressed": false, "sampleRate": 30.0, "nRot": 0, "nPos": 0, "nScale": 0, "nFloat": 0, "nPPtr": 0, "bytes": 6274}
{"t": "AnimationClip", "name": "Recorded", "bundle": "gameres_art_dir_characters_worker_miehuo_ben_animator_dacfd65d744ffbf79a852318594b7f10", "legacy": false, "compressed": false, "sampleRate": 30.0, "nRot": 0, "nPos": 0, "nScale": 0, "nFloat": 0, "nPPtr": 0, "bytes": 7007}
{"t": "AnimationClip", "name": "boss_diaolingzhe03_hurt", "bundle": "gameres_art_dir_characters_zombies_a_monster_boss_diaolingzhe03_animation_c66b56476d56ad6e7bd61d44e534ae96", "legacy": false, "compressed": false, "sampleRate": 30.0, "nRot": 0, "nPos": 0, "nScale": 0, "nFloat": 0, "nPPtr": 0, "bytes": 121979}
{"t": "AnimationClip", "name": "boss_diaolingzhe03_idle", "bundle": "gameres_art_dir_characters_zombies_a_monster_boss_diaolingzhe03_animation_c66b56476d56ad6e7bd61d44e534ae96", "legacy": false, "compressed": false, "sampleRate": 30.0, "nRot": 0, "nPos": 0, "nScale": 0, "nFloat": 0, "nPPtr": 0, "bytes": 82337}
{"t": "AnimationClip", "name": "boss_diaolingzhe03_attack", "bundle": "gameres_art_dir_characters_zombies_a_monster_boss_diaolingzhe03_animation_c66b56476d56ad6e7bd61d44e534ae96", "legacy": false, "compressed": false, "sampleRate": 30.0, "nRot": 0, "nPos": 0, "nScale": 0, "nFloat": 0, "nPPtr": 0, "bytes": 201710}
{"t": "AnimationClip", "name": "boss_diaolingzhe03_run", "bundle": "gameres_art_dir_characters_zombies_a_monster_boss_diaolingzhe03_animation_c66b56476d56ad6e7bd61d44e534ae96", "legacy": false, "compressed": false, "sampleRate": 30.0, "nRot": 0, "nPos": 0, "nScale": 0, "nFloat": 0, "nPPtr": 0, "bytes": 126828}
{"t": "AnimationClip", "name": "boss_diaolingzhe03_death", "bundle": "gameres_art_dir_characters_zombies_a_monster_boss_diaolingzhe03_animation_c66b56476d56ad6e7bd61d44e534ae96", "legacy": false, "compressed": false, "sampleRate": 30.0, "nRot": 0, "nPos": 0, "nScale": 0, "nFloat": 0, "nPPtr": 0, "bytes": 247711}
{"t": "AnimationClip", "name": "boss_diaolingzhe03_walk", "bundle": "gameres_art_dir_characters_zombies_a_monster_boss_diaolingzhe03_animation_c66b56476d56ad6e7bd61d44e534ae96", "legacy": false, "compressed": false, "sampleRate": 30.0, "nRot": 0, "nPos": 0, "nScale": 0, "nFloat": 0, "nPPtr": 0, "bytes": 138806}
{"t": "AnimationClip", "name": "boss_diaolingzhe02_idle", "bundle": "gameres_art_dir_characters_zombies_a_monster_boss_diaolingzhe02_animation_a94bc3bb0ad7df702e6870ffcb524573", "legacy": false, "compressed": false, "sampleRate": 30.0, "nRot": 0, "nPos": 0, "nScale": 0, "nFloat": 0, "nPPtr": 0, "bytes": 91455}
{"t": "AnimationClip", "name": "boss_diaolingzhe02_attack", "bundle": "gameres_art_dir_characters_zombies_a_monster_boss_diaolingzhe02_animation_a94bc3bb0ad7df702e6870ffcb524573", "legacy": false, "compressed": false, "sampleRate": 30.0, "nRot": 0, "nPos": 0, "nScale": 0, "nFloat": 0, "nPPtr": 0, "bytes": 268058}
{"t": "AnimationClip", "name": "boss_diaolingzhe02_walk", "bundle": "gameres_art_dir_characters_zombies_a_monster_boss_diaolingzhe02_animation_a94bc3bb0ad7df702e6870ffcb524573", "legacy": false, "compressed": false, "sampleRate": 30.0, "nRot": 0, "nPos": 0, "nScale": 0, "nFloat": 0, "nPPtr": 0, "bytes": 147033}
{"t": "AnimationClip", "name": "boss_diaolingzhe02_run", "bundle": "gameres_art_dir_characters_zombies_a_monster_boss_diaolingzhe02_animation_a94bc3bb0ad7df702e6870ffcb524573", "legacy": false, "compressed": false, "sampleRate": 30.0, "nRot": 0, "nPos": 0, "nScale": 0, "nFloat": 0, "nPPtr": 0, "bytes": 110857}
{"t": "AnimationClip", "name": "boss_diaolingzhe02_stune", "bundle": "gameres_art_dir_characters_zombies_a_monster_boss_diaolingzhe02_animation_a94bc3bb0ad7df702e6870ffcb524573", "legacy": false, "compressed": false, "sampleRate": 30.0, "nRot": 0, "nPos": 0, "nScale": 0, "nFloat": 0, "nPPtr": 0, "bytes": 100645}
{"t": "AnimationClip", "name": "boss_diaolingzhe02_death", "bundle": "gameres_art_dir_characters_zombies_a_monster_boss_diaolingzhe02_animation_a94bc3bb0ad7df702e6870ffcb524573", "legacy": false, "compressed": false, "sampleRate": 30.0, "nRot": 0, "nPos": 0, "nScale": 0, "nFloat": 0, "nPPtr": 0, "bytes": 293116}
{"t": "AnimationClip", "name": "boss_diaolingzhe02_hurt", "bundle": "gameres_art_dir_characters_zombies_a_monster_boss_diaolingzhe02_animation_a94bc3bb0ad7df702e6870ffcb524573", "legacy": false, "compressed": false, "sampleRate": 30.0, "nRot": 0, "nPos": 0, "nScale": 0, "nFloat": 0, "nPPtr": 0, "bytes": 115232}
{"t": "AnimationClip", "name": "nvniuzaiqban_harvest", "bundle": "gameres_art_dir_characters_worker_nvniuzai_animation_2f672b99ca9f607befbfff1aa7ca8042", "legacy": false, "compressed": false, "sampleRate": 24.0, "nRot": 0, "nPos": 0, "nScale": 0, "nFloat": 0, "nPPtr": 0, "bytes": 102978}
{"t": "AnimationClip", "name": "nvniuzai_run_carry", "bundle": "gameres_art_dir_characters_worker_nvniuzai_animation_2f672b99ca9f607befbfff1aa7ca8042", "legacy": false, "compressed": false, "sampleRate": 30.0, "nRot": 0, "nPos": 0, "nScale": 0, "nFloat": 0, "nPPtr": 0, "bytes": 103352}
{"t": "AnimationClip", "name": "nvniuzai_operate", "bundle": "gameres_art_dir_characters_worker_nvniuzai_animation_2f672b99ca9f607befbfff1aa7ca8042", "legacy": false, "compressed": false, "sampleRate": 30.0, "nRot": 0, "nPos": 0, "nScale": 0, "nFloat": 0, "nPPtr": 0, "bytes": 101207}
{"t": "AnimationClip", "name": "nvniuzai_idle_carry", "bundle": "gameres_art_dir_characters_worker_nvniuzai_animation_2f672b99ca9f607befbfff1aa7ca8042", "legacy": false, "compressed": false, "sampleRate": 30.0, "nRot": 0, "nPos": 0, "nScale": 0, "nFloat": 0, "nPPtr": 0, "bytes": 80568}
{"t": "AnimationClip", "name": "nvniuzai_walk", "bundle": "gameres_art_dir_characters_worker_nvniuzai_animation_2f672b99ca9f607befbfff1aa7ca8042", "legacy": false, "compressed": false, "sampleRate": 30.0, "nRot": 0, "nPos": 0, "nScale": 0, "nFloat": 0, "nPPtr": 0, "bytes": 103882}
{"t": "AnimationClip", "name": "nvniuzaiqban_idle", "bundle": "gameres_art_dir_characters_worker_nvniuzai_animation_2f672b99ca9f607befbfff1aa7ca8042", "legacy": false, "compressed": false, "sampleRate": 24.0, "nRot": 0, "nPos": 0, "nScale": 0, "nFloat": 0, "nPPtr": 0, "bytes": 108705}
{"t": "AnimationClip", "name": "_bangqiu01_hurt", "bundle": "gameres_art_dir_characters_zombies_a_monster_bangqiu01_animation_8b62151574aab7e8a1334a76ec4e5376", "legacy": false, "compressed": false, "sampleRate": 30.0, "nRot": 0, "nPos": 0, "nScale": 0, "nFloat": 0, "nPPtr": 0, "bytes": 162024}
{"t": "AnimationClip", "name": "bangqiu01_idle", "bundle": "gameres_art_dir_characters_zombies_a_monster_bangqiu01_animation_8b62151574aab7e8a1334a76ec4e5376", "legacy": false, "compressed": false, "sampleRate": 30.0, "nRot": 0, "nPos": 0, "nScale": 0, "nFloat": 0, "nPPtr": 0, "bytes": 91466}
{"t": "AnimationClip", "name": "_bangqiu01_attack", "bundle": "gameres_art_dir_characters_zombies_a_monster_bangqiu01_animation_8b62151574aab7e8a1334a76ec4e5376", "legacy": false, "compressed": false, "sampleRate": 30.0, "nRot": 0, "nPos": 0, "nScale": 0, "nFloat": 0, "nPPtr": 0, "bytes": 269342}
{"t": "AnimationClip", "name": "_bangqiu01_walk", "bundle": "gameres_art_dir_characters_zombies_a_monster_bangqiu01_animation_8b62151574aab7e8a1334a76ec4e5376", "legacy": false, "compressed": false, "sampleRate": 30.0, "nRot": 0, "nPos": 0, "nScale": 0, "nFloat": 0, "nPPtr": 0, "bytes": 132883}
{"t": "AnimationClip", "name": "bangqiu01_attack_skll", "bundle": "gameres_art_dir_characters_zombies_a_monster_bangqiu01_animation_8b62151574aab7e8a1334a76ec4e5376", "legacy": false, "compressed": false, "sampleRate": 30.0, "nRot": 0, "nPos": 0, "nScale": 0, "nFloat": 0, "nPPtr": 0, "bytes": 271361}
{"t": "AnimationClip", "name": "_bangqiu01_stune", "bundle": "gameres_art_dir_characters_zombies_a_monster_bangqiu01_animation_8b62151574aab7e8a1334a76ec4e5376", "legacy": false, "compressed": false, "sampleRate": 30.0, "nRot": 0, "nPos": 0, "nScale": 0, "nFloat": 0, "nPPtr": 0, "bytes": 95413}
{"t": "AnimationClip", "name": "bangqiu01_run", "bundle": "gameres_art_dir_characters_zombies_a_monster_bangqiu01_animation_8b62151574aab7e8a1334a76ec4e5376", "legacy": false, "compressed": false, "sampleRate": 30.0, "nRot": 0, "nPos": 0, "nScale": 0, "nFloat": 0, "nPPtr": 0, "bytes": 131581}
{"t": "AnimationClip", "name": "_bangqiu01_born", "bundle": "gameres_art_dir_characters_zombies_a_monster_bangqiu01_animation_8b62151574aab7e8a1334a76ec4e5376", "legacy": false, "compressed": false, "sampleRate": 30.0, "nRot": 0, "nPos": 0, "nScale": 0, "nFloat": 0, "nPPtr": 0, "bytes": 449799}
{"t": "AnimationClip", "name": "_bangqiu01_dead", "bundle": "gameres_art_dir_characters_zombies_a_monster_bangqiu01_animation_8b62151574aab7e8a1334a76ec4e5376", "legacy": false, "compressed": false, "sampleRate": 30.0, "nRot": 0, "nPos": 0, "nScale": 0, "nFloat": 0, "nPPtr": 0, "bytes": 459773}
{"t": "AnimationClip", "name": "Bigbelly01_stune", "bundle": "gameres_art_dir_characters_zombies_a_monster_bigbelly01_aniamtion_6703be1419cc3a18612aa3eab2ebaf83", "legacy": false, "compressed": false, "sampleRate": 30.0, "nRot": 0, "nPos": 0, "nScale": 0, "nFloat": 0, "nPPtr": 0, "bytes": 97149}
{"t": "AnimationClip", "name": "Bigbelly01_attack_charge", "bundle": "gameres_art_dir_characters_zombies_a_monster_bigbelly01_aniamtion_6703be1419cc3a18612aa3eab2ebaf83", "legacy": false, "compressed": false, "sampleRate": 30.0, "nRot": 0, "nPos": 0, "nScale": 0, "nFloat": 0, "nPPtr": 0, "bytes": 149764}
{"t": "AnimationClip", "name": "Bigbelly01_show", "bundle": "gameres_art_dir_characters_zombies_a_monster_bigbelly01_aniamtion_6703be1419cc3a18612aa3eab2ebaf83", "legacy": false, "compressed": false, "sampleRate": 30.0, "nRot": 0, "nPos": 0, "nScale": 0, "nFloat": 0, "nPPtr": 0, "bytes": 529780}
{"t": "AnimationClip", "name": "Bigbelly01_attack_skill1", "bundle": "gameres_art_dir_characters_zombies_a_monster_bigbelly01_aniamtion_6703be1419cc3a18612aa3eab2ebaf83", "legacy": false, "compressed": false, "sampleRate": 30.0, "nRot": 0, "nPos": 0, "nScale": 0, "nFloat": 0, "nPPtr": 0, "bytes": 391097}
{"t": "AnimationClip", "name": "Bigbelly01_idle", "bundle": "gameres_art_dir_characters_zombies_a_monster_bigbelly01_aniamtion_6703be1419cc3a18612aa3eab2ebaf83", "legacy": false, "compressed": false, "sampleRate": 30.0, "nRot": 0, "nPos": 0, "nScale": 0, "nFloat": 0, "nPPtr": 0, "bytes": 112290}
{"t": "AnimationClip", "name": "Bigbelly01_run", "bundle": "gameres_art_dir_characters_zombies_a_monster_bigbelly01_aniamtion_6703be1419cc3a18612aa3eab2ebaf83", "legacy": false, "compressed": false, "sampleRate": 30.0, "nRot": 0, "nPos": 0, "nScale": 0, "nFloat": 0, "nPPtr": 0, "bytes": 180789}
{"t": "AnimationClip", "name": "Bigbelly01_born", "bundle": "gameres_art_dir_characters_zombies_a_monster_bigbelly01_aniamtion_6703be1419cc3a18612aa3eab2ebaf83", "legacy": false, "compressed": false, "sampleRate": 30.0, "nRot": 0, "nPos": 0, "nScale": 0, "nFloat": 0, "nPPtr": 0, "bytes": 710013}
{"t": "AnimationClip", "name": "Bigbelly01_hurt", "bundle": "gameres_art_dir_characters_zombies_a_monster_bigbelly01_aniamtion_6703be1419cc3a18612aa3eab2ebaf83", "legacy": false, "compressed": false, "sampleRate": 30.0, "nRot": 0, "nPos": 0, "nScale": 0, "nFloat": 0, "nPPtr": 0, "bytes": 160354}
{"t": "AnimationClip", "name": "Bigbelly01_death", "bundle": "gameres_art_dir_characters_zombies_a_monster_bigbelly01_aniamtion_6703be1419cc3a18612aa3eab2ebaf83", "legacy": false, "compressed": false, "sampleRate": 30.0, "nRot": 0, "nPos": 0, "nScale": 0, "nFloat": 0, "nPPtr": 0, "bytes": 549969}
{"t": "AnimationClip", "name": "Bigbelly01_attack", "bundle": "gameres_art_dir_characters_zombies_a_monster_bigbelly01_aniamtion_6703be1419cc3a18612aa3eab2ebaf83", "legacy": false, "compressed": false, "sampleRate": 30.0, "nRot": 0, "nPos": 0, "nScale": 0, "nFloat": 0, "nPPtr": 0, "bytes": 403545}
{"t": "AnimationClip", "name": "Bigbelly01_walk", "bundle": "gameres_art_dir_characters_zombies_a_monster_bigbelly01_aniamtion_6703be1419cc3a18612aa3eab2ebaf83", "legacy": false, "compressed": false, "sampleRate": 30.0, "nRot": 0, "nPos": 0, "nScale": 0, "nFloat": 0, "nPPtr": 0, "bytes": 221065}
{"t": "AnimationClip", "name": "boos_sangshi01_death", "bundle": "gameres_art_dir_characters_zombies_a_monster_boss_sangshi01_aniamtion_65a5d34032fa839c7455d4b4d92b05e4", "legacy": false, "compressed": false, "sampleRate": 30.0, "nRot": 0, "nPos": 0, "nScale": 0, "nFloat": 0, "nPPtr": 0, "bytes": 352138}
{"t": "AnimationClip", "name": "boos_sangshi01_run", "bundle": "gameres_art_dir_characters_zombies_a_monster_boss_sangshi01_aniamtion_65a5d34032fa839c7455d4b4d92b05e4", "legacy": false, "compressed": false, "sampleRate": 30.0, "nRot": 0, "nPos": 0, "nScale": 0, "nFloat": 0, "nPPtr": 0, "bytes": 163481}
{"t": "AnimationClip", "name": "boos_sangshi01_stune", "bundle": "gameres_art_dir_characters_zombies_a_monster_boss_sangshi01_aniamtion_65a5d34032fa839c7455d4b4d92b05e4", "legacy": false, "compressed": false, "sampleRate": 30.0, "nRot": 0, "nPos": 0, "nScale": 0, "nFloat": 0, "nPPtr": 0, "bytes": 89527}
{"t": "AnimationClip", "name": "boos_sangshi01_hurt", "bundle": "gameres_art_dir_characters_zombies_a_monster_boss_sangshi01_aniamtion_65a5d34032fa839c7455d4b4d92b05e4", "legacy": false, "compressed": false, "sampleRate": 30.0, "nRot": 0, "nPos": 0, "nScale": 0, "nFloat": 0, "nPPtr": 0, "bytes": 158221}
{"t": "AnimationClip", "name": "boos_sangshi01_show", "bundle": "gameres_art_dir_characters_zombies_a_monster_boss_sangshi01_aniamtion_65a5d34032fa839c7455d4b4d92b05e4", "legacy": false, "compressed": false, "sampleRate": 30.0, "nRot": 0, "nPos": 0, "nScale": 0, "nFloat": 0, "nPPtr": 0, "bytes": 353294}
{"t": "AnimationClip", "name": "boos_sangshi01_attack", "bundle": "gameres_art_dir_characters_zombies_a_monster_boss_sangshi01_aniamtion_65a5d34032fa839c7455d4b4d92b05e4", "legacy": false, "compressed": false, "sampleRate": 30.0, "nRot": 0, "nPos": 0, "nScale": 0, "nFloat": 0, "nPPtr": 0, "bytes": 239158}
{"t": "AnimationClip", "name": "boos_sangshi01_idle", "bundle": "gameres_art_dir_characters_zombies_a_monster_boss_sangshi01_aniamtion_65a5d34032fa839c7455d4b4d92b05e4", "legacy": false, "compressed": false, "sampleRate": 30.0, "nRot": 0, "nPos": 0, "nScale": 0, "nFloat": 0, "nPPtr": 0, "bytes": 116381}
{"t": "AnimationClip", "name": "boos_sangshi01_born", "bundle": "gameres_art_dir_characters_zombies_a_monster_boss_sangshi01_aniamtion_65a5d34032fa839c7455d4b4d92b05e4", "legacy": false, "compressed": false, "sampleRate": 30.0, "nRot": 0, "nPos": 0, "nScale": 0, "nFloat": 0, "nPPtr": 0, "bytes": 410023}
{"t": "AnimationClip", "name": "boos_sangshi01_skill", "bundle": "gameres_art_dir_characters_zombies_a_monster_boss_sangshi01_aniamtion_65a5d34032fa839c7455d4b4d92b05e4", "legacy": false, "compressed": false, "sampleRate": 30.0, "nRot": 0, "nPos": 0, "nScale": 0, "nFloat": 0, "nPPtr": 0, "bytes": 211725}
{"t": "AnimationClip", "name": "boos_sangshi01_attack_charge", "bundle": "gameres_art_dir_characters_zombies_a_monster_boss_sangshi01_aniamtion_65a5d34032fa839c7455d4b4d92b05e4", "legacy": false, "compressed": false, "sampleRate": 30.0, "nRot": 0, "nPos": 0, "nScale": 0, "nFloat": 0, "nPPtr": 0, "bytes": 125645}
{"t": "AnimationClip", "name": "boos_sangshi01_walk", "bundle": "gameres_art_dir_characters_zombies_a_monster_boss_sangshi01_aniamtion_65a5d34032fa839c7455d4b4d92b05e4", "legacy": false, "compressed": false, "sampleRate": 30.0, "nRot": 0, "nPos": 0, "nScale": 0, "nFloat": 0, "nPPtr": 0, "bytes": 176043}
{"t": "AnimationClip", "name": "dog01_hurt", "bundle": "gameres_art_dir_characters_zombies_a_monster_dog01_animation_cb71e37e6ed5175d1affe7e17a6c2eed", "legacy": false, "compressed": false, "sampleRate": 30.0, "nRot": 0, "nPos": 0, "nScale": 0, "nFloat": 0, "nPPtr": 0, "bytes": 106398}
{"t": "AnimationClip", "name": "dog01_stune", "bundle": "gameres_art_dir_characters_zombies_a_monster_dog01_animation_cb71e37e6ed5175d1affe7e17a6c2eed", "legacy": false, "compressed": false, "sampleRate": 30.0, "nRot": 0, "nPos": 0, "nScale": 0, "nFloat": 0, "nPPtr": 0, "bytes": 65595}
{"t": "AnimationClip", "name": "dog01_born", "bundle": "gameres_art_dir_characters_zombies_a_monster_dog01_animation_cb71e37e6ed5175d1affe7e17a6c2eed", "legacy": false, "compressed": false, "sampleRate": 30.0, "nRot": 0, "nPos": 0, "nScale": 0, "nFloat": 0, "nPPtr": 0, "bytes": 310610}
{"t": "AnimationClip", "name": "dog01_run01", "bundle": "gameres_art_dir_characters_zombies_a_monster_dog01_animation_cb71e37e6ed5175d1affe7e17a6c2eed", "legacy": false, "compressed": false, "sampleRate": 30.0, "nRot": 0, "nPos": 0, "nScale": 0, "nFloat": 0, "nPPtr": 0, "bytes": 367708}
{"t": "AnimationClip", "name": "dog01_idle", "bundle": "gameres_art_dir_characters_zombies_a_monster_dog01_animation_cb71e37e6ed5175d1affe7e17a6c2eed", "legacy": false, "compressed": false, "sampleRate": 30.0, "nRot": 0, "nPos": 0, "nScale": 0, "nFloat": 0, "nPPtr": 0, "bytes": 70158}
{"t": "AnimationClip", "name": "dog01_death", "bundle": "gameres_art_dir_characters_zombies_a_monster_dog01_animation_cb71e37e6ed5175d1affe7e17a6c2eed", "legacy": false, "compressed": false, "sampleRate": 30.0, "nRot": 0, "nPos": 0, "nScale": 0, "nFloat": 0, "nPPtr": 0, "bytes": 196830}
{"t": "AnimationClip", "name": "dog01_Attack", "bundle": "gameres_art_dir_characters_zombies_a_monster_dog01_animation_cb71e37e6ed5175d1affe7e17a6c2eed", "legacy": false, "compressed": false, "sampleRate": 30.0, "nRot": 0, "nPos": 0, "nScale": 0, "nFloat": 0, "nPPtr": 0, "bytes": 110540}
{"t": "AnimationClip", "name": "dog01_Attack_skill1", "bundle": "gameres_art_dir_characters_zombies_a_monster_dog01_animation_cb71e37e6ed5175d1affe7e17a6c2eed", "legacy": false, "compressed": false, "sampleRate": 30.0, "nRot": 0, "nPos": 0, "nScale": 0, "nFloat": 0, "nPPtr": 0, "bytes": 188870}
{"t": "AnimationClip", "name": "dog01_run", "bundle": "gameres_art_dir_characters_zombies_a_monster_dog01_animation_cb71e37e6ed5175d1affe7e17a6c2eed", "legacy": false, "compressed": false, "sampleRate": 30.0, "nRot": 0, "nPos": 0, "nScale": 0, "nFloat": 0, "nPPtr": 0, "bytes": 81049}
{"t": "AnimationClip", "name": "dog01_show", "bundle": "gameres_art_dir_characters_zombies_a_monster_dog01_animation_cb71e37e6ed5175d1affe7e17a6c2eed", "legacy": false, "compressed": false, "sampleRate": 30.0, "nRot": 0, "nPos": 0, "nScale": 0, "nFloat": 0, "nPPtr": 0, "bytes": 292782}
{"t": "AnimationClip", "name": "dog01_walk", "bundle": "gameres_art_dir_characters_zombies_a_monster_dog01_animation_cb71e37e6ed5175d1affe7e17a6c2eed", "legacy": false, "compressed": false, "sampleRate": 30.0, "nRot": 0, "nPos": 0, "nScale": 0, "nFloat": 0, "nPPtr": 0, "bytes": 113439}
{"t": "AnimationClip", "name": "dog01_Attack_loop", "bundle": "gameres_art_dir_characters_zombies_a_monster_dog01_animation_cb71e37e6ed5175d1affe7e17a6c2eed", "legacy": false, "compressed": false, "sampleRate": 30.0, "nRot": 0, "nPos": 0, "nScale": 0, "nFloat": 0, "nPPtr": 0, "bytes": 110544}
{"t": "AnimationClip", "name": "dog01_attack_charge", "bundle": "gameres_art_dir_characters_zombies_a_monster_dog01_animation_cb71e37e6ed5175d1affe7e17a6c2eed", "legacy": false, "compressed": false, "sampleRate": 30.0, "nRot": 0, "nPos": 0, "nScale": 0, "nFloat": 0, "nPPtr": 0, "bytes": 69722}
{"t": "AnimationClip", "name": "boss_sangshi02_idle", "bundle": "gameres_art_dir_characters_zombies_a_monster_boss_sangshi02_aniamtion_37e2801d2d25d2277f87367418b2fd2a", "legacy": false, "compressed": false, "sampleRate": 30.0, "nRot": 0, "nPos": 0, "nScale": 0, "nFloat": 0, "nPPtr": 0, "bytes": 104541}
{"t": "AnimationClip", "name": "boos_sangshi02_show", "bundle": "gameres_art_dir_characters_zombies_a_monster_boss_sangshi02_aniamtion_37e2801d2d25d2277f87367418b2fd2a", "legacy": false, "compressed": false, "sampleRate": 30.0, "nRot": 0, "nPos": 0, "nScale": 0, "nFloat": 0, "nPPtr": 0, "bytes": 242850}
{"t": "AnimationClip", "name": "boos_sangshi02_stune", "bundle": "gameres_art_dir_characters_zombies_a_monster_boss_sangshi02_aniamtion_37e2801d2d25d2277f87367418b2fd2a", "legacy": false, "compressed": false, "sampleRate": 30.0, "nRot": 0, "nPos": 0, "nScale": 0, "nFloat": 0, "nPPtr": 0, "bytes": 89392}
{"t": "AnimationClip", "name": "boos_sangshi02_attack", "bundle": "gameres_art_dir_characters_zombies_a_monster_boss_sangshi02_aniamtion_37e2801d2d25d2277f87367418b2fd2a", "legacy": false, "compressed": false, "sampleRate": 30.0, "nRot": 0, "nPos": 0, "nScale": 0, "nFloat": 0, "nPPtr": 0, "bytes": 271158}
{"t": "AnimationClip", "name": "boos_sangshi02_born", "bundle": "gameres_art_dir_characters_zombies_a_monster_boss_sangshi02_aniamtion_37e2801d2d25d2277f87367418b2fd2a", "legacy": false, "compressed": false, "sampleRate": 30.0, "nRot": 0, "nPos": 0, "nScale": 0, "nFloat": 0, "nPPtr": 0, "bytes": 494585}
{"t": "AnimationClip", "name": "boos_sangshi02_hurt", "bundle": "gameres_art_dir_characters_zombies_a_monster_boss_sangshi02_aniamtion_37e2801d2d25d2277f87367418b2fd2a", "legacy": false, "compressed": false, "sampleRate": 30.0, "nRot": 0, "nPos": 0, "nScale": 0, "nFloat": 0, "nPPtr": 0, "bytes": 155305}
{"t": "AnimationClip", "name": "boss_sangshi02_walk", "bundle": "gameres_art_dir_characters_zombies_a_monster_boss_sangshi02_aniamtion_37e2801d2d25d2277f87367418b2fd2a", "legacy": false, "compressed": false, "sampleRate": 30.0, "nRot": 0, "nPos": 0, "nScale": 0, "nFloat": 0, "nPPtr": 0, "bytes": 161245}
{"t": "AnimationClip", "name": "boos_sangshi02_death", "bundle": "gameres_art_dir_characters_zombies_a_monster_boss_sangshi02_aniamtion_37e2801d2d25d2277f87367418b2fd2a", "legacy": false, "compressed": false, "sampleRate": 30.0, "nRot": 0, "nPos": 0, "nScale": 0, "nFloat": 0, "nPPtr": 0, "bytes": 299519}
{"t": "AnimationClip", "name": "boos_sangshi02_run", "bundle": "gameres_art_dir_characters_zombies_a_monster_boss_sangshi02_aniamtion_37e2801d2d25d2277f87367418b2fd2a", "legacy": false, "compressed": false, "sampleRate": 30.0, "nRot": 0, "nPos": 0, "nScale": 0, "nFloat": 0, "nPPtr": 0, "bytes": 175823}
{"t": "AnimationClip", "name": "boos_sangshi02_attack_charge", "bundle": "gameres_art_dir_characters_zombies_a_monster_boss_sangshi02_aniamtion_37e2801d2d25d2277f87367418b2fd2a", "legacy": false, "compressed": false, "sampleRate": 30.0, "nRot": 0, "nPos": 0, "nScale": 0, "nFloat": 0, "nPPtr": 0, "bytes": 127853}
{"t": "AnimationClip", "name": "Zombie01_bridge_boss_1", "bundle": "gameres_art_dir_characters_zombies_a_monster_zombie01_prefab_22db0d46dcf57c00371ebcecc0abcea4", "legacy": false, "compressed": false, "sampleRate": 30.0, "nRot": 0, "nPos": 0, "nScale": 0, "nFloat": 0, "nPPtr": 0, "bytes": 44507}
{"t": "AnimationClip", "name": "quanjishou01_attack", "bundle": "gameres_art_dir_characters_zombies_a_monster_quanjishou01_animation_5a418e558fd35a337d268acc3c0dcabb", "legacy": false, "compressed": false, "sampleRate": 30.0, "nRot": 0, "nPos": 0, "nScale": 0, "nFloat": 0, "nPPtr": 0, "bytes": 290449}
{"t": "AnimationClip", "name": "quanjishou01_idle", "bundle": "gameres_art_dir_characters_zombies_a_monster_quanjishou01_animation_5a418e558fd35a337d268acc3c0dcabb", "legacy": false, "compressed": false, "sampleRate": 30.0, "nRot": 0, "nPos": 0, "nScale": 0, "nFloat": 0, "nPPtr": 0, "bytes": 158083}
{"t": "AnimationClip", "name": "quanjishou01_stune", "bundle": "gameres_art_dir_characters_zombies_a_monster_quanjishou01_animation_5a418e558fd35a337d268acc3c0dcabb", "legacy": false, "compressed": false, "sampleRate": 30.0, "nRot": 0, "nPos": 0, "nScale": 0, "nFloat": 0, "nPPtr": 0, "bytes": 121826}
{"t": "AnimationClip", "name": "quanjishou01_hurt", "bundle": "gameres_art_dir_characters_zombies_a_monster_quanjishou01_animation_5a418e558fd35a337d268acc3c0dcabb", "legacy": false, "compressed": false, "sampleRate": 30.0, "nRot": 0, "nPos": 0, "nScale": 0, "nFloat": 0, "nPPtr": 0, "bytes": 219901}
{"t": "AnimationClip", "name": "quanjishou01_dead", "bundle": "gameres_art_dir_characters_zombies_a_monster_quanjishou01_animation_5a418e558fd35a337d268acc3c0dcabb", "legacy": false, "compressed": false, "sampleRate": 30.0, "nRot": 0, "nPos": 0, "nScale": 0, "nFloat": 0, "nPPtr": 0, "bytes": 332006}
{"t": "AnimationClip", "name": "quanjishou01_attack_skll", "bundle": "gameres_art_dir_characters_zombies_a_monster_quanjishou01_animation_5a418e558fd35a337d268acc3c0dcabb", "legacy": false, "compressed": false, "sampleRate": 30.0, "nRot": 0, "nPos": 0, "nScale": 0, "nFloat": 0, "nPPtr": 0, "bytes": 362891}
{"t": "AnimationClip", "name": "quanjishou01_walk", "bundle": "gameres_art_dir_characters_zombies_a_monster_quanjishou01_animation_5a418e558fd35a337d268acc3c0dcabb", "legacy": false, "compressed": false, "sampleRate": 30.0, "nRot": 0, "nPos": 0, "nScale": 0, "nFloat": 0, "nPPtr": 0, "bytes": 182693}
{"t": "AnimationClip", "name": "quanjishou01_run", "bundle": "gameres_art_dir_characters_zombies_a_monster_quanjishou01_animation_5a418e558fd35a337d268acc3c0dcabb", "legacy": false, "compressed": false, "sampleRate": 30.0, "nRot": 0, "nPos": 0, "nScale": 0, "nFloat": 0, "nPPtr": 0, "bytes": 172335}
{"t": "AnimationClip", "name": "quanjishou01_born", "bundle": "gameres_art_dir_characters_zombies_a_monster_quanjishou01_animation_5a418e558fd35a337d268acc3c0dcabb", "legacy": false, "compressed": false, "sampleRate": 30.0, "nRot": 0, "nPos": 0, "nScale": 0, "nFloat": 0, "nPPtr": 0, "bytes": 380777}
{"t": "AnimationClip", "name": "Zombie07_idle", "bundle": "gameres_art_dir_characters_zombies_a_monster_zombie07_animation_7a4ababa2e3dae2d50cae3a33d29643d", "legacy": false, "compressed": false, "sampleRate": 30.0, "nRot": 0, "nPos": 0, "nScale": 0, "nFloat": 0, "nPPtr": 0, "bytes": 156850}
{"t": "AnimationClip", "name": "Zombie07_death", "bundle": "gameres_art_dir_characters_zombies_a_monster_zombie07_animation_7a4ababa2e3dae2d50cae3a33d29643d", "legacy": false, "compressed": false, "sampleRate": 30.0, "nRot": 0, "nPos": 0, "nScale": 0, "nFloat": 0, "nPPtr": 0, "bytes": 334417}
{"t": "AnimationClip", "name": "Zombie07_attack", "bundle": "gameres_art_dir_characters_zombies_a_monster_zombie07_animation_7a4ababa2e3dae2d50cae3a33d29643d", "legacy": false, "compressed": false, "sampleRate": 30.0, "nRot": 0, "nPos": 0, "nScale": 0, "nFloat": 0, "nPPtr": 0, "bytes": 187739}
{"t": "AnimationClip", "name": "_ganlanqiu01_walk", "bundle": "gameres_art_dir_characters_zombies_a_monster_ganlanqiu01_animation_88d877774f5c32a62f0c7ee349ee9251", "legacy": false, "compressed": false, "sampleRate": 30.0, "nRot": 0, "nPos": 0, "nScale": 0, "nFloat": 0, "nPPtr": 0, "bytes": 138617}
{"t": "AnimationClip", "name": "_ganlanqiu01_skill", "bundle": "gameres_art_dir_characters_zombies_a_monster_ganlanqiu01_animation_88d877774f5c32a62f0c7ee349ee9251", "legacy": false, "compressed": false, "sampleRate": 30.0, "nRot": 0, "nPos": 0, "nScale": 0, "nFloat": 0, "nPPtr": 0, "bytes": 302864}
{"t": "AnimationClip", "name": "_ganlanqiu01_dead", "bundle": "gameres_art_dir_characters_zombies_a_monster_ganlanqiu01_animation_88d877774f5c32a62f0c7ee349ee9251", "legacy": false, "compressed": false, "sampleRate": 30.0, "nRot": 0, "nPos": 0, "nScale": 0, "nFloat": 0, "nPPtr": 0, "bytes": 258574}
{"t": "AnimationClip", "name": "_ganlanqiu01_stune", "bundle": "gameres_art_dir_characters_zombies_a_monster_ganlanqiu01_animation_88d877774f5c32a62f0c7ee349ee9251", "legacy": false, "compressed": false, "sampleRate": 30.0, "nRot": 0, "nPos": 0, "nScale": 0, "nFloat": 0, "nPPtr": 0, "bytes": 98785}
{"t": "AnimationClip", "name": "_ganlanqiu01_idle", "bundle": "gameres_art_dir_characters_zombies_a_monster_ganlanqiu01_animation_88d877774f5c32a62f0c7ee349ee9251", "legacy": false, "compressed": false, "sampleRate": 30.0, "nRot": 0, "nPos": 0, "nScale": 0, "nFloat": 0, "nPPtr": 0, "bytes": 100418}
{"t": "AnimationClip", "name": "_ganlanqiu01_attack", "bundle": "gameres_art_dir_characters_zombies_a_monster_ganlanqiu01_animation_88d877774f5c32a62f0c7ee349ee9251", "legacy": false, "compressed": false, "sampleRate": 30.0, "nRot": 0, "nPos": 0, "nScale": 0, "nFloat": 0, "nPPtr": 0, "bytes": 306536}
{"t": "AnimationClip", "name": "_ganlanqiu01_born", "bundle": "gameres_art_dir_characters_zombies_a_monster_ganlanqiu01_animation_88d877774f5c32a62f0c7ee349ee9251", "legacy": false, "compressed": false, "sampleRate": 30.0, "nRot": 0, "nPos": 0, "nScale": 0, "nFloat": 0, "nPPtr": 0, "bytes": 426119}
{"t": "AnimationClip", "name": "_ganlanqiu01_hurt", "bundle": "gameres_art_dir_characters_zombies_a_monster_ganlanqiu01_animation_88d877774f5c32a62f0c7ee349ee9251", "legacy": false, "compressed": false, "sampleRate": 30.0, "nRot": 0, "nPos": 0, "nScale": 0, "nFloat": 0, "nPPtr": 0, "bytes": 185935}
{"t": "AnimationClip", "name": "_ganlanqiu01_run", "bundle": "gameres_art_dir_characters_zombies_a_monster_ganlanqiu01_animation_88d877774f5c32a62f0c7ee349ee9251", "legacy": false, "compressed": false, "sampleRate": 30.0, "nRot": 0, "nPos": 0, "nScale": 0, "nFloat": 0, "nPPtr": 0, "bytes": 137009}
{"t": "AnimationClip", "name": "Zombie01_wall_attack", "bundle": "gameres_art_dir_characters_zombies_a_monster_zombie01_animation_c52d428ae565b53a81ef3ef627209625", "legacy": false, "compressed": false, "sampleRate": 30.0, "nRot": 0, "nPos": 0, "nScale": 0, "nFloat": 0, "nPPtr": 0, "bytes": 125044}
{"t": "AnimationClip", "name": "Zombie01_wall_walk", "bundle": "gameres_art_dir_characters_zombies_a_monster_zombie01_animation_c52d428ae565b53a81ef3ef627209625", "legacy": false, "compressed": false, "sampleRate": 30.0, "nRot": 0, "nPos": 0, "nScale": 0, "nFloat": 0, "nPPtr": 0, "bytes": 95502}
{"t": "AnimationClip", "name": "attack_loop", "bundle": "gameres_art_dir_characters_zombies_a_monster_zombie01_animation_c52d428ae565b53a81ef3ef627209625", "legacy": false, "compressed": false, "sampleRate": 30.0, "nRot": 0, "nPos": 0, "nScale": 0, "nFloat": 0, "nPPtr": 0, "bytes": 104367}
{"t": "AnimationClip", "name": "run", "bundle": "gameres_art_dir_characters_zombies_a_monster_zombie01_animation_c52d428ae565b53a81ef3ef627209625", "legacy": true, "compressed": false, "sampleRate": 24.0, "nRot": 31, "nPos": 31, "nScale": 30, "nFloat": 0, "nPPtr": 0, "bytes": 446166}
{"t": "AnimationClip", "name": "attack", "bundle": "gameres_art_dir_characters_zombies_a_monster_zombie01_animation_c52d428ae565b53a81ef3ef627209625", "legacy": false, "compressed": false, "sampleRate": 30.0, "nRot": 0, "nPos": 0, "nScale": 0, "nFloat": 0, "nPPtr": 0, "bytes": 104362}
{"t": "AnimationClip", "name": "dead", "bundle": "gameres_art_dir_characters_zombies_a_monster_zombie01_animation_c52d428ae565b53a81ef3ef627209625", "legacy": true, "compressed": false, "sampleRate": 30.0, "nRot": 31, "nPos": 31, "nScale": 30, "nFloat": 0, "nPPtr": 0, "bytes": 378927}
{"t": "AnimationClip", "name": "Zombie01_dead_crash", "bundle": "gameres_art_dir_characters_zombies_a_monster_zombie01_animation_c52d428ae565b53a81ef3ef627209625", "legacy": false, "compressed": false, "sampleRate": 30.0, "nRot": 0, "nPos": 0, "nScale": 0, "nFloat": 0, "nPPtr": 0, "bytes": 97957}
{"t": "AnimationClip", "name": "stun", "bundle": "gameres_art_dir_characters_zombies_a_monster_zombie01_animation_c52d428ae565b53a81ef3ef627209625", "legacy": false, "compressed": false, "sampleRate": 30.0, "nRot": 0, "nPos": 0, "nScale": 0, "nFloat": 0, "nPPtr": 0, "bytes": 71606}
{"t": "AnimationClip", "name": "Zombie01_run_02", "bundle": "gameres_art_dir_characters_zombies_a_monster_zombie01_animation_c52d428ae565b53a81ef3ef627209625", "legacy": false, "compressed": false, "sampleRate": 24.0, "nRot": 0, "nPos": 0, "nScale": 0, "nFloat": 0, "nPPtr": 0, "bytes": 123633}
{"t": "AnimationClip", "name": "attack", "bundle": "gameres_art_dir_characters_zombies_a_monster_zombie01_animation_c52d428ae565b53a81ef3ef627209625", "legacy": false, "compressed": false, "sampleRate": 30.0, "nRot": 0, "nPos": 0, "nScale": 0, "nFloat": 0, "nPPtr": 0, "bytes": 104363}
{"t": "AnimationClip", "name": "Zombie01_dead_ice", "bundle": "gameres_art_dir_characters_zombies_a_monster_zombie01_animation_c52d428ae565b53a81ef3ef627209625", "legacy": false, "compressed": false, "sampleRate": 30.0, "nRot": 0, "nPos": 0, "nScale": 0, "nFloat": 0, "nPPtr": 0, "bytes": 125959}
{"t": "AnimationClip", "name": "Zombie01_run_02", "bundle": "gameres_art_dir_characters_zombies_a_monster_zombie01_animation_c52d428ae565b53a81ef3ef627209625", "legacy": false, "compressed": false, "sampleRate": 30.0, "nRot": 0, "nPos": 0, "nScale": 0, "nFloat": 0, "nPPtr": 0, "bytes": 136418}
{"t": "AnimationClip", "name": "idle", "bundle": "gameres_art_dir_characters_zombies_a_monster_zombie01_animation_c52d428ae565b53a81ef3ef627209625", "legacy": false, "compressed": false, "sampleRate": 30.0, "nRot": 0, "nPos": 0, "nScale": 0, "nFloat": 0, "nPPtr": 0, "bytes": 52546}
{"t": "AnimationClip", "name": "Take 001", "bundle": "gameres_art_dir_characters_zombies_a_monster_zombie01_animation_c52d428ae565b53a81ef3ef627209625", "legacy": false, "compressed": false, "sampleRate": 30.0, "nRot": 0, "nPos": 0, "nScale": 0, "nFloat": 0, "nPPtr": 0, "bytes": 102871}
{"t": "AnimationClip", "name": "Zombie01_wall_idle", "bundle": "gameres_art_dir_characters_zombies_a_monster_zombie01_animation_c52d428ae565b53a81ef3ef627209625", "legacy": false, "compressed": false, "sampleRate": 30.0, "nRot": 0, "nPos": 0, "nScale": 0, "nFloat": 0, "nPPtr": 0, "bytes": 71018}
{"t": "AnimationClip", "name": "run", "bundle": "gameres_art_dir_characters_zombies_a_monster_zombie01_animation_c52d428ae565b53a81ef3ef627209625", "legacy": false, "compressed": false, "sampleRate": 30.0, "nRot": 0, "nPos": 0, "nScale": 0, "nFloat": 0, "nPPtr": 0, "bytes": 126727}
{"t": "AnimationClip", "name": "attack", "bundle": "gameres_art_dir_characters_zombies_a_monster_zombie01_animation_c52d428ae565b53a81ef3ef627209625", "legacy": true, "compressed": false, "sampleRate": 30.0, "nRot": 31, "nPos": 31, "nScale": 30, "nFloat": 0, "nPPtr": 0, "bytes": 289699}
{"t": "AnimationClip", "name": "born", "bundle": "gameres_art_dir_characters_zombies_a_monster_zombie01_animation_c52d428ae565b53a81ef3ef627209625", "legacy": false, "compressed": false, "sampleRate": 30.0, "nRot": 0, "nPos": 0, "nScale": 0, "nFloat": 0, "nPPtr": 0, "bytes": 166296}
{"t": "AnimationClip", "name": "walk", "bundle": "gameres_art_dir_characters_zombies_a_monster_zombie01_animation_c52d428ae565b53a81ef3ef627209625", "legacy": false, "compressed": false, "sampleRate": 30.0, "nRot": 0, "nPos": 0, "nScale": 0, "nFloat": 0, "nPPtr": 0, "bytes": 116085}
{"t": "AnimationClip", "name": "dead", "bundle": "gameres_art_dir_characters_zombies_a_monster_zombie01_animation_c52d428ae565b53a81ef3ef627209625", "legacy": false, "compressed": false, "sampleRate": 30.0, "nRot": 0, "nPos": 0, "nScale": 0, "nFloat": 0, "nPPtr": 0, "bytes": 135030}
{"t": "AnimationClip", "name": "dead_fire", "bundle": "gameres_art_dir_characters_zombies_a_monster_zombie01_animation_c52d428ae565b53a81ef3ef627209625", "legacy": false, "compressed": false, "sampleRate": 30.0, "nRot": 0, "nPos": 0, "nScale": 0, "nFloat": 0, "nPPtr": 0, "bytes": 147695}
{"t": "AnimationClip", "name": "hurt", "bundle": "gameres_art_dir_characters_zombies_a_monster_zombie01_animation_c52d428ae565b53a81ef3ef627209625", "legacy": false, "compressed": false, "sampleRate": 30.0, "nRot": 0, "nPos": 0, "nScale": 0, "nFloat": 0, "nPPtr": 0, "bytes": 65361}
{"t": "AnimatorController", "name": "A_Monster_Zombie01", "bundle": "gameres_art_dir_characters_zombies_a_monster_zombie01_animator_d8c510d711c4bd98ae22da28095ba9c5", "legacy": null, "compressed": false, "sampleRate": null, "nRot": 0, "nPos": 0, "nScale": 0, "nFloat": 0, "nPPtr": 0, "bytes": 11358}
{"t": "AnimationClip", "name": "Take 001", "bundle": "gameres_art_dir_environment_build_a_build_caikuangchang_01_animation_53159458b33ab2fa0c0db3da0496123b", "legacy": false, "compressed": false, "sampleRate": 30.0, "nRot": 0, "nPos": 0, "nScale": 0, "nFloat": 0, "nPPtr": 0, "bytes": 342019}
{"t": "AnimationClip", "name": "Carbarn_Excavators_01_idle", "bundle": "gameres_art_dir_environment_build_a_build_carbarn_01_animation_d367413ac3b9fab606a695c645020969", "legacy": false, "compressed": false, "sampleRate": 30.0, "nRot": 0, "nPos": 0, "nScale": 0, "nFloat": 0, "nPPtr": 0, "bytes": 73132}
{"t": "AnimationClip", "name": "Zombie_girl01_death", "bundle": "gameres_art_dir_characters_zombies_a_monster_zombie_girl01_animation_ad34f451a1004619785569d04d0e0790", "legacy": false, "compressed": false, "sampleRate": 30.0, "nRot": 0, "nPos": 0, "nScale": 0, "nFloat": 0, "nPPtr": 0, "bytes": 126785}
{"t": "AnimationClip", "name": "Zombie_girl01_attack_loop", "bundle": "gameres_art_dir_characters_zombies_a_monster_zombie_girl01_animation_ad34f451a1004619785569d04d0e0790", "legacy": false, "compressed": false, "sampleRate": 30.0, "nRot": 0, "nPos": 0, "nScale": 0, "nFloat": 0, "nPPtr": 0, "bytes": 115747}
{"t": "AnimationClip", "name": "Zombie_girl01_run_01", "bundle": "gameres_art_dir_characters_zombies_a_monster_zombie_girl01_animation_ad34f451a1004619785569d04d0e0790", "legacy": false, "compressed": false, "sampleRate": 24.0, "nRot": 0, "nPos": 0, "nScale": 0, "nFloat": 0, "nPPtr": 0, "bytes": 130171}
{"t": "AnimationClip", "name": "Zombie_girl01_walk", "bundle": "gameres_art_dir_characters_zombies_a_monster_zombie_girl01_animation_ad34f451a1004619785569d04d0e0790", "legacy": false, "compressed": false, "sampleRate": 30.0, "nRot": 0, "nPos": 0, "nScale": 0, "nFloat": 0, "nPPtr": 0, "bytes": 113089}
{"t": "AnimationClip", "name": "Zombiegirl01_wall_attack", "bundle": "gameres_art_dir_characters_zombies_a_monster_zombie_girl01_animation_ad34f451a1004619785569d04d0e0790", "legacy": false, "compressed": false, "sampleRate": 30.0, "nRot": 0, "nPos": 0, "nScale": 0, "nFloat": 0, "nPPtr": 0, "bytes": 139916}
{"t": "AnimationClip", "name": "Zombie_girl01_hurt", "bundle": "gameres_art_dir_characters_zombies_a_monster_zombie_girl01_animation_ad34f451a1004619785569d04d0e0790", "legacy": false, "compressed": false, "sampleRate": 30.0, "nRot": 0, "nPos": 0, "nScale": 0, "nFloat": 0, "nPPtr": 0, "bytes": 77635}
{"t": "AnimationClip", "name": "Zombiegirl01_wall_walk", "bundle": "gameres_art_dir_characters_zombies_a_monster_zombie_girl01_animation_ad34f451a1004619785569d04d0e0790", "legacy": false, "compressed": false, "sampleRate": 30.0, "nRot": 0, "nPos": 0, "nScale": 0, "nFloat": 0, "nPPtr": 0, "bytes": 109029}
{"t": "AnimationClip", "name": "Zombie_girl01_attack_02", "bundle": "gameres_art_dir_characters_zombies_a_monster_zombie_girl01_animation_ad34f451a1004619785569d04d0e0790", "legacy": false, "compressed": false, "sampleRate": 30.0, "nRot": 0, "nPos": 0, "nScale": 0, "nFloat": 0, "nPPtr": 0, "bytes": 128602}
{"t": "AnimationClip", "name": "Zombie_girl01_idle", "bundle": "gameres_art_dir_characters_zombies_a_monster_zombie_girl01_animation_ad34f451a1004619785569d04d0e0790", "legacy": false, "compressed": false, "sampleRate": 30.0, "nRot": 0, "nPos": 0, "nScale": 0, "nFloat": 0, "nPPtr": 0, "bytes": 58529}
{"t": "AnimationClip", "name": "Zombie_girl01_born", "bundle": "gameres_art_dir_characters_zombies_a_monster_zombie_girl01_animation_ad34f451a1004619785569d04d0e0790", "legacy": false, "compressed": false, "sampleRate": 30.0, "nRot": 0, "nPos": 0, "nScale": 0, "nFloat": 0, "nPPtr": 0, "bytes": 200575}
{"t": "AnimationClip", "name": "Zombie_girl01_attack", "bundle": "gameres_art_dir_characters_zombies_a_monster_zombie_girl01_animation_ad34f451a1004619785569d04d0e0790", "legacy": false, "compressed": false, "sampleRate": 30.0, "nRot": 0, "nPos": 0, "nScale": 0, "nFloat": 0, "nPPtr": 0, "bytes": 115743}
{"t": "AnimationClip", "name": "Zombie_girl01_stune", "bundle": "gameres_art_dir_characters_zombies_a_monster_zombie_girl01_animation_ad34f451a1004619785569d04d0e0790", "legacy": false, "compressed": false, "sampleRate": 30.0, "nRot": 0, "nPos": 0, "nScale": 0, "nFloat": 0, "nPPtr": 0, "bytes": 106306}
{"t": "AnimationClip", "name": "Zombie_girl01_run_02", "bundle": "gameres_art_dir_characters_zombies_a_monster_zombie_girl01_animation_ad34f451a1004619785569d04d0e0790", "legacy": false, "compressed": false, "sampleRate": 24.0, "nRot": 0, "nPos": 0, "nScale": 0, "nFloat": 0, "nPPtr": 0, "bytes": 136534}
{"t": "AnimationClip", "name": "Zombie_girl01_stune_fbx", "bundle": "gameres_art_dir_characters_zombies_a_monster_zombie_girl01_animation_ad34f451a1004619785569d04d0e0790", "legacy": false, "compressed": false, "sampleRate": 30.0, "nRot": 0, "nPos": 0, "nScale": 0, "nFloat": 0, "nPPtr": 0, "bytes": 131145}
{"t": "AnimationClip", "name": "boss01_attack 1", "bundle": "gameres_art_dir_characters_zombies_a_monster_zombie_boss01_aniamtion_45a8803031785ca1f15851f9a8bfe75a", "legacy": false, "compressed": false, "sampleRate": 30.0, "nRot": 0, "nPos": 0, "nScale": 0, "nFloat": 0, "nPPtr": 0, "bytes": 183668}
{"t": "AnimationClip", "name": "boss01_born", "bundle": "gameres_art_dir_characters_zombies_a_monster_zombie_boss01_aniamtion_45a8803031785ca1f15851f9a8bfe75a", "legacy": false, "compressed": false, "sampleRate": 30.0, "nRot": 0, "nPos": 0, "nScale": 0, "nFloat": 0, "nPPtr": 0, "bytes": 399521}
{"t": "AnimationClip", "name": "boss01attack_skill1", "bundle": "gameres_art_dir_characters_zombies_a_monster_zombie_boss01_aniamtion_45a8803031785ca1f15851f9a8bfe75a", "legacy": false, "compressed": false, "sampleRate": 30.0, "nRot": 0, "nPos": 0, "nScale": 0, "nFloat": 0, "nPPtr": 0, "bytes": 331294}
{"t": "AnimationClip", "name": "boss01_idle", "bundle": "gameres_art_dir_characters_zombies_a_monster_zombie_boss01_aniamtion_45a8803031785ca1f15851f9a8bfe75a", "legacy": false, "compressed": false, "sampleRate": 30.0, "nRot": 0, "nPos": 0, "nScale": 0, "nFloat": 0, "nPPtr": 0, "bytes": 76872}
{"t": "AnimationClip", "name": "boss01_run", "bundle": "gameres_art_dir_characters_zombies_a_monster_zombie_boss01_aniamtion_45a8803031785ca1f15851f9a8bfe75a", "legacy": false, "compressed": false, "sampleRate": 30.0, "nRot": 0, "nPos": 0, "nScale": 0, "nFloat": 0, "nPPtr": 0, "bytes": 133998}
{"t": "AnimationClip", "name": "boss01_attack_charge", "bundle": "gameres_art_dir_characters_zombies_a_monster_zombie_boss01_aniamtion_45a8803031785ca1f15851f9a8bfe75a", "legacy": false, "compressed": false, "sampleRate": 30.0, "nRot": 0, "nPos": 0, "nScale": 0, "nFloat": 0, "nPPtr": 0, "bytes": 119021}
{"t": "AnimationClip", "name": "boss01_walk", "bundle": "gameres_art_dir_characters_zombies_a_monster_zombie_boss01_aniamtion_45a8803031785ca1f15851f9a8bfe75a", "legacy": false, "compressed": false, "sampleRate": 30.0, "nRot": 0, "nPos": 0, "nScale": 0, "nFloat": 0, "nPPtr": 0, "bytes": 169185}
{"t": "AnimationClip", "name": "boss01_stune", "bundle": "gameres_art_dir_characters_zombies_a_monster_zombie_boss01_aniamtion_45a8803031785ca1f15851f9a8bfe75a", "legacy": false, "compressed": false, "sampleRate": 30.0, "nRot": 0, "nPos": 0, "nScale": 0, "nFloat": 0, "nPPtr": 0, "bytes": 82875}
{"t": "AnimationClip", "name": "boss01_attack_skill1", "bundle": "gameres_art_dir_characters_zombies_a_monster_zombie_boss01_aniamtion_45a8803031785ca1f15851f9a8bfe75a", "legacy": false, "compressed": false, "sampleRate": 30.0, "nRot": 0, "nPos": 0, "nScale": 0, "nFloat": 0, "nPPtr": 0, "bytes": 391304}
{"t": "AnimationClip", "name": "boss01_death", "bundle": "gameres_art_dir_characters_zombies_a_monster_zombie_boss01_aniamtion_45a8803031785ca1f15851f9a8bfe75a", "legacy": false, "compressed": false, "sampleRate": 30.0, "nRot": 0, "nPos": 0, "nScale": 0, "nFloat": 0, "nPPtr": 0, "bytes": 325018}
{"t": "AnimationClip", "name": "boss01_show", "bundle": "gameres_art_dir_characters_zombies_a_monster_zombie_boss01_aniamtion_45a8803031785ca1f15851f9a8bfe75a", "legacy": false, "compressed": false, "sampleRate": 30.0, "nRot": 0, "nPos": 0, "nScale": 0, "nFloat": 0, "nPPtr": 0, "bytes": 513375}
{"t": "AnimationClip", "name": "boss01_hurt", "bundle": "gameres_art_dir_characters_zombies_a_monster_zombie_boss01_aniamtion_45a8803031785ca1f15851f9a8bfe75a", "legacy": false, "compressed": false, "sampleRate": 30.0, "nRot": 0, "nPos": 0, "nScale": 0, "nFloat": 0, "nPPtr": 0, "bytes": 189184}
{"t": "AnimationClip", "name": "boss01_attack", "bundle": "gameres_art_dir_characters_zombies_a_monster_zombie_boss01_aniamtion_45a8803031785ca1f15851f9a8bfe75a", "legacy": false, "compressed": false, "sampleRate": 30.0, "nRot": 0, "nPos": 0, "nScale": 0, "nFloat": 0, "nPPtr": 0, "bytes": 183667}
{"t": "AnimationClip", "name": "show", "bundle": "gameres_art_dir_environment_build_a_build_flags_animation_3c84272322f57a520c4281b558a7adc3", "legacy": false, "compressed": false, "sampleRate": 30.0, "nRot": 0, "nPos": 0, "nScale": 0, "nFloat": 0, "nPPtr": 0, "bytes": 41388}
{"t": "AnimationClip", "name": "idle", "bundle": "gameres_art_dir_environment_build_a_build_flags_animation_3c84272322f57a520c4281b558a7adc3", "legacy": false, "compressed": false, "sampleRate": 30.0, "nRot": 0, "nPos": 0, "nScale": 0, "nFloat": 0, "nPPtr": 0, "bytes": 30366}
{"t": "AnimationClip", "name": "show", "bundle": "gameres_art_dir_environment_build_a_build_flags_animation_3c84272322f57a520c4281b558a7adc3", "legacy": false, "compressed": false, "sampleRate": 30.0, "nRot": 0, "nPos": 0, "nScale": 0, "nFloat": 0, "nPPtr": 0, "bytes": 196101}
{"t": "AnimationClip", "name": "show", "bundle": "gameres_art_dir_environment_build_a_build_flags_animation_3c84272322f57a520c4281b558a7adc3", "legacy": false, "compressed": false, "sampleRate": 30.0, "nRot": 0, "nPos": 0, "nScale": 0, "nFloat": 0, "nPPtr": 0, "bytes": 34289}
{"t": "AnimationClip", "name": "hold", "bundle": "gameres_art_dir_environment_build_a_build_flags_animation_3c84272322f57a520c4281b558a7adc3", "legacy": false, "compressed": false, "sampleRate": 30.0, "nRot": 0, "nPos": 0, "nScale": 0, "nFloat": 0, "nPPtr": 0, "bytes": 6776}
{"t": "AnimationClip", "name": "kangqi", "bundle": "gameres_art_dir_environment_build_a_build_flags_animation_3c84272322f57a520c4281b558a7adc3", "legacy": false, "compressed": false, "sampleRate": 30.0, "nRot": 0, "nPos": 0, "nScale": 0, "nFloat": 0, "nPPtr": 0, "bytes": 395127}
{"t": "AnimationClip", "name": "show", "bundle": "gameres_art_dir_environment_build_a_build_flags_animation_3c84272322f57a520c4281b558a7adc3", "legacy": false, "compressed": false, "sampleRate": 30.0, "nRot": 0, "nPos": 0, "nScale": 0, "nFloat": 0, "nPPtr": 0, "bytes": 307168}
{"t": "AnimationClip", "name": "up", "bundle": "gameres_art_dir_environment_build_a_build_flags_animation_3c84272322f57a520c4281b558a7adc3", "legacy": false, "compressed": false, "sampleRate": 30.0, "nRot": 0, "nPos": 0, "nScale": 0, "nFloat": 0, "nPPtr": 0, "bytes": 21033}
{"t": "AnimationClip", "name": "up", "bundle": "gameres_art_dir_environment_build_a_build_flags_animation_3c84272322f57a520c4281b558a7adc3", "legacy": false, "compressed": false, "sampleRate": 30.0, "nRot": 0, "nPos": 0, "nScale": 0, "nFloat": 0, "nPPtr": 0, "bytes": 7267}
{"t": "AnimationClip", "name": "kangqiang_idle", "bundle": "gameres_art_dir_environment_build_a_build_flags_animation_3c84272322f57a520c4281b558a7adc3", "legacy": false, "compressed": false, "sampleRate": 30.0, "nRot": 0, "nPos": 0, "nScale": 0, "nFloat": 0, "nPPtr": 0, "bytes": 67407}
{"t": "AnimationClip", "name": "lift", "bundle": "gameres_art_dir_environment_build_a_build_flags_animation_3c84272322f57a520c4281b558a7adc3", "legacy": false, "compressed": false, "sampleRate": 30.0, "nRot": 0, "nPos": 0, "nScale": 0, "nFloat": 0, "nPPtr": 0, "bytes": 11347}
{"t": "AnimationClip", "name": "kangqiang", "bundle": "gameres_art_dir_environment_build_a_build_flags_animation_3c84272322f57a520c4281b558a7adc3", "legacy": false, "compressed": false, "sampleRate": 30.0, "nRot": 0, "nPos": 0, "nScale": 0, "nFloat": 0, "nPPtr": 0, "bytes": 172045}
{"t": "AnimationClip", "name": "kangqi_idle", "bundle": "gameres_art_dir_environment_build_a_build_flags_animation_3c84272322f57a520c4281b558a7adc3", "legacy": false, "compressed": false, "sampleRate": 30.0, "nRot": 0, "nPos": 0, "nScale": 0, "nFloat": 0, "nPPtr": 0, "bytes": 65678}
{"t": "AnimationClip", "name": "lift", "bundle": "gameres_art_dir_environment_build_a_build_flags_animation_3c84272322f57a520c4281b558a7adc3", "legacy": false, "compressed": false, "sampleRate": 30.0, "nRot": 0, "nPos": 0, "nScale": 0, "nFloat": 0, "nPPtr": 0, "bytes": 47072}
{"t": "AnimationClip", "name": "Keyanzhongxin_idle", "bundle": "gameres_art_dir_environment_build_a_build_keyanzhongxin_animation_9bba4ba636d01435c1271172ec6cfb93", "legacy": false, "compressed": false, "sampleRate": 30.0, "nRot": 0, "nPos": 0, "nScale": 0, "nFloat": 0, "nPPtr": 0, "bytes": 28777}
{"t": "AnimationClip", "name": "Car_01_walk", "bundle": "gameres_art_dir_environment_build_a_build_train_01_animation_b4b1c20717c3033c0ad362ec3d2f7269", "legacy": false, "compressed": false, "sampleRate": 30.0, "nRot": 0, "nPos": 0, "nScale": 0, "nFloat": 0, "nPPtr": 0, "bytes": 13016}
{"t": "AnimationClip", "name": "Car_01_down", "bundle": "gameres_art_dir_environment_build_a_build_train_01_animation_b4b1c20717c3033c0ad362ec3d2f7269", "legacy": false, "compressed": false, "sampleRate": 30.0, "nRot": 0, "nPos": 0, "nScale": 0, "nFloat": 0, "nPPtr": 0, "bytes": 12251}
{"t": "AnimationClip", "name": "Train_03_walk", "bundle": "gameres_art_dir_environment_build_a_build_train_01_animation_b4b1c20717c3033c0ad362ec3d2f7269", "legacy": false, "compressed": false, "sampleRate": 30.0, "nRot": 0, "nPos": 0, "nScale": 0, "nFloat": 0, "nPPtr": 0, "bytes": 12607}
{"t": "AnimationClip", "name": "Rail_in", "bundle": "gameres_art_dir_environment_build_a_build_train_01_animation_b4b1c20717c3033c0ad362ec3d2f7269", "legacy": false, "compressed": false, "sampleRate": 30.0, "nRot": 0, "nPos": 0, "nScale": 0, "nFloat": 0, "nPPtr": 0, "bytes": 41905}
{"t": "AnimationClip", "name": "Rail_out", "bundle": "gameres_art_dir_environment_build_a_build_train_01_animation_b4b1c20717c3033c0ad362ec3d2f7269", "legacy": false, "compressed": false, "sampleRate": 30.0, "nRot": 0, "nPos": 0, "nScale": 0, "nFloat": 0, "nPPtr": 0, "bytes": 42892}
{"t": "AnimationClip", "name": "Train_03_down", "bundle": "gameres_art_dir_environment_build_a_build_train_01_animation_b4b1c20717c3033c0ad362ec3d2f7269", "legacy": false, "compressed": false, "sampleRate": 30.0, "nRot": 0, "nPos": 0, "nScale": 0, "nFloat": 0, "nPPtr": 0, "bytes": 12827}
{"t": "AnimationClip", "name": "tongmengjunyan_idle", "bundle": "gameres_art_dir_environment_build_a_build_tongmengjunyan_animation_4a7775d1b3786073eb7bfc33e788aaa1", "legacy": false, "compressed": false, "sampleRate": 30.0, "nRot": 0, "nPos": 0, "nScale": 0, "nFloat": 0, "nPPtr": 0, "bytes": 52892}
{"t": "AnimationClip", "name": "tongmengjunyan_close", "bundle": "gameres_art_dir_environment_build_a_build_tongmengjunyan_animation_4a7775d1b3786073eb7bfc33e788aaa1", "legacy": false, "compressed": false, "sampleRate": 30.0, "nRot": 0, "nPos": 0, "nScale": 0, "nFloat": 0, "nPPtr": 0, "bytes": 49899}
{"t": "AnimationClip", "name": "tongmengjunyan_donate", "bundle": "gameres_art_dir_environment_build_a_build_tongmengjunyan_animation_4a7775d1b3786073eb7bfc33e788aaa1", "legacy": false, "compressed": false, "sampleRate": 30.0, "nRot": 0, "nPos": 0, "nScale": 0, "nFloat": 0, "nPPtr": 0, "bytes": 231627}
{"t": "AnimationClip", "name": "tongmengjunyan_down", "bundle": "gameres_art_dir_environment_build_a_build_tongmengjunyan_animation_4a7775d1b3786073eb7bfc33e788aaa1", "legacy": false, "compressed": false, "sampleRate": 30.0, "nRot": 0, "nPos": 0, "nScale": 0, "nFloat": 0, "nPPtr": 0, "bytes": 152372}
{"t": "AnimationClip", "name": "tongmengjunyan_up", "bundle": "gameres_art_dir_environment_build_a_build_tongmengjunyan_animation_4a7775d1b3786073eb7bfc33e788aaa1", "legacy": false, "compressed": false, "sampleRate": 30.0, "nRot": 0, "nPos": 0, "nScale": 0, "nFloat": 0, "nPPtr": 0, "bytes": 168125}
{"t": "AnimatorController", "name": "A_build@tongmengjunyan_ctrl", "bundle": "gameres_art_dir_environment_build_a_build_tongmengjunyan_animation_4a7775d1b3786073eb7bfc33e788aaa1", "legacy": null, "compressed": false, "sampleRate": null, "nRot": 0, "nPos": 0, "nScale": 0, "nFloat": 0, "nPPtr": 0, "bytes": 10015}
{"t": "AnimationClip", "name": "huopaozhendi_idle", "bundle": "gameres_art_dir_environment_build_a_build_huopaozhendi_01_animation_84e295f573e7fb48e36527fb80b47e80", "legacy": false, "compressed": false, "sampleRate": 30.0, "nRot": 0, "nPos": 0, "nScale": 0, "nFloat": 0, "nPPtr": 0, "bytes": 367597}
{"t": "AnimationClip", "name": "huopaozhendi_aim", "bundle": "gameres_art_dir_environment_build_a_build_huopaozhendi_01_animation_84e295f573e7fb48e36527fb80b47e80", "legacy": false, "compressed": false, "sampleRate": 30.0, "nRot": 0, "nPos": 0, "nScale": 0, "nFloat": 0, "nPPtr": 0, "bytes": 30551}
{"t": "AnimationClip", "name": "huopaozhendi_attack", "bundle": "gameres_art_dir_environment_build_a_build_huopaozhendi_01_animation_84e295f573e7fb48e36527fb80b47e80", "legacy": false, "compressed": false, "sampleRate": 30.0, "nRot": 0, "nPos": 0, "nScale": 0, "nFloat": 0, "nPPtr": 0, "bytes": 41415}
{"t": "AnimationClip", "name": "jiangluosan_show", "bundle": "gameres_art_dir_environment_build_a_build_jiangluosan_animation_f5eb6ad4ca5a8968e55ce167c18314f2", "legacy": false, "compressed": false, "sampleRate": 30.0, "nRot": 0, "nPos": 0, "nScale": 0, "nFloat": 0, "nPPtr": 0, "bytes": 467054}
{"t": "AnimationClip", "name": "kongtou_xiaoshi", "bundle": "gameres_art_dir_environment_build_a_build_jiangluosan_animation_f5eb6ad4ca5a8968e55ce167c18314f2", "legacy": false, "compressed": false, "sampleRate": 30.0, "nRot": 0, "nPos": 0, "nScale": 0, "nFloat": 0, "nPPtr": 0, "bytes": 183671}
{"t": "AnimationClip", "name": "yundonghui_kongtou_down", "bundle": "gameres_art_dir_environment_build_a_build_jiangluosan_animation_f5eb6ad4ca5a8968e55ce167c18314f2", "legacy": false, "compressed": false, "sampleRate": 30.0, "nRot": 0, "nPos": 0, "nScale": 0, "nFloat": 0, "nPPtr": 0, "bytes": 297792}
{"t": "AnimationClip", "name": "kongtou_fall", "bundle": "gameres_art_dir_environment_build_a_build_jiangluosan_animation_f5eb6ad4ca5a8968e55ce167c18314f2", "legacy": false, "compressed": false, "sampleRate": 30.0, "nRot": 0, "nPos": 0, "nScale": 0, "nFloat": 0, "nPPtr": 0, "bytes": 334490}
{"t": "AnimatorController", "name": "O_env_paoku_01_a", "bundle": "gameres_art_dir_environment_build_a_build_jiangluosan_animation_f5eb6ad4ca5a8968e55ce167c18314f2", "legacy": null, "compressed": false, "sampleRate": null, "nRot": 0, "nPos": 0, "nScale": 0, "nFloat": 0, "nPPtr": 0, "bytes": 2371}
{"t": "AnimationClip", "name": "A_build@yundonghui_kongtou_alpha", "bundle": "gameres_art_dir_environment_build_a_build_jiangluosan_animation_f5eb6ad4ca5a8968e55ce167c18314f2", "legacy": false, "compressed": false, "sampleRate": 60.0, "nRot": 0, "nPos": 0, "nScale": 0, "nFloat": 0, "nPPtr": 0, "bytes": 6241}
{"t": "AnimationClip", "name": "kongtou_idle", "bundle": "gameres_art_dir_environment_build_a_build_jiangluosan_animation_f5eb6ad4ca5a8968e55ce167c18314f2", "legacy": false, "compressed": false, "sampleRate": 30.0, "nRot": 0, "nPos": 0, "nScale": 0, "nFloat": 0, "nPPtr": 0, "bytes": 33914}
{"t": "AnimationClip", "name": "kongtou_down", "bundle": "gameres_art_dir_environment_build_a_build_jiangluosan_animation_f5eb6ad4ca5a8968e55ce167c18314f2", "legacy": false, "compressed": false, "sampleRate": 30.0, "nRot": 0, "nPos": 0, "nScale": 0, "nFloat": 0, "nPPtr": 0, "bytes": 386654}
{"t": "AnimationClip", "name": "kongtou_fall", "bundle": "gameres_art_dir_environment_build_a_build_jiangluosan_animation_f5eb6ad4ca5a8968e55ce167c18314f2", "legacy": false, "compressed": false, "sampleRate": 30.0, "nRot": 0, "nPos": 0, "nScale": 0, "nFloat": 0, "nPPtr": 0, "bytes": 145596}
{"t": "AnimatorController", "name": "beizengmen_jiangluosan", "bundle": "gameres_art_dir_environment_build_a_build_jiangluosan_animation_f5eb6ad4ca5a8968e55ce167c18314f2", "legacy": null, "compressed": false, "sampleRate": null, "nRot": 0, "nPos": 0, "nScale": 0, "nFloat": 0, "nPPtr": 0, "bytes": 4028}
{"t": "AnimationClip", "name": "huangseyunshuji_01_LOD1_walk", "bundle": "gameres_art_dir_environment_build_a_build_huangseyunshuji_01_animation_704994ef730edcc995e856c99e951ea4", "legacy": false, "compressed": false, "sampleRate": 30.0, "nRot": 0, "nPos": 0, "nScale": 0, "nFloat": 0, "nPPtr": 0, "bytes": 159326}
{"t": "AnimationClip", "name": "huangseyunshuji_01_fly", "bundle": "gameres_art_dir_environment_build_a_build_huangseyunshuji_01_animation_704994ef730edcc995e856c99e951ea4", "legacy": false, "compressed": false, "sampleRate": 30.0, "nRot": 0, "nPos": 0, "nScale": 0, "nFloat": 0, "nPPtr": 0, "bytes": 22198}
{"t": "AnimationClip", "name": "huangseyunshuji_01_kongtou", "bundle": "gameres_art_dir_environment_build_a_build_huangseyunshuji_01_animation_704994ef730edcc995e856c99e951ea4", "legacy": false, "compressed": false, "sampleRate": 30.0, "nRot": 0, "nPos": 0, "nScale": 0, "nFloat": 0, "nPPtr": 0, "bytes": 24475}
{"t": "AnimatorController", "name": "huangseyunshuji", "bundle": "gameres_art_dir_environment_build_a_build_huangseyunshuji_01_animation_704994ef730edcc995e856c99e951ea4", "legacy": null, "compressed": false, "sampleRate": null, "nRot": 0, "nPos": 0, "nScale": 0, "nFloat": 0, "nPPtr": 0, "bytes": 4446}
{"t": "AnimationClip", "name": "huangseyunshuji_01_show", "bundle": "gameres_art_dir_environment_build_a_build_huangseyunshuji_01_animation_704994ef730edcc995e856c99e951ea4", "legacy": false, "compressed": false, "sampleRate": 30.0, "nRot": 0, "nPos": 0, "nScale": 0, "nFloat": 0, "nPPtr": 0, "bytes": 1063564}
{"t": "AnimationClip", "name": "huangseyunshuji_01_yingjiu", "bundle": "gameres_art_dir_environment_build_a_build_huangseyunshuji_01_animation_704994ef730edcc995e856c99e951ea4", "legacy": false, "compressed": false, "sampleRate": 30.0, "nRot": 0, "nPos": 0, "nScale": 0, "nFloat": 0, "nPPtr": 0, "bytes": 762661}
{"t": "AnimationClip", "name": "huangseyunshuji_01_cheli", "bundle": "gameres_art_dir_environment_build_a_build_huangseyunshuji_01_animation_704994ef730edcc995e856c99e951ea4", "legacy": false, "compressed": false, "sampleRate": 30.0, "nRot": 0, "nPos": 0, "nScale": 0, "nFloat": 0, "nPPtr": 0, "bytes": 749668}
{"t": "AnimationClip", "name": "wanshengjielihedui_01_idle", "bundle": "gameres_art_dir_environment_build_a_build_wanshengjielihedui_01_animation_d5ce69b57565af82e8d679a5e8991a5b", "legacy": false, "compressed": false, "sampleRate": 30.0, "nRot": 0, "nPos": 0, "nScale": 0, "nFloat": 0, "nPPtr": 0, "bytes": 874384}
{"t": "AnimationClip", "name": "zhanshenfeidan_attack", "bundle": "gameres_art_dir_environment_build_a_build_zhanshenfeidan_01_animation_b9b8ae6b1ff9f28c9b5c388449170d74", "legacy": false, "compressed": false, "sampleRate": 60.0, "nRot": 0, "nPos": 0, "nScale": 0, "nFloat": 0, "nPPtr": 0, "bytes": 6719}
{"t": "AnimationClip", "name": "zhanshenfeidan_01_idle", "bundle": "gameres_art_dir_environment_build_a_build_zhanshenfeidan_01_animation_b9b8ae6b1ff9f28c9b5c388449170d74", "legacy": false, "compressed": false, "sampleRate": 30.0, "nRot": 0, "nPos": 0, "nScale": 0, "nFloat": 0, "nPPtr": 0, "bytes": 25569}
{"t": "AnimationClip", "name": "zhanshenfeidan_01_up", "bundle": "gameres_art_dir_environment_build_a_build_zhanshenfeidan_01_animation_b9b8ae6b1ff9f28c9b5c388449170d74", "legacy": false, "compressed": false, "sampleRate": 30.0, "nRot": 0, "nPos": 0, "nScale": 0, "nFloat": 0, "nPPtr": 0, "bytes": 125950}
{"t": "AnimationClip", "name": "zhanshenfeidan_01_attack", "bundle": "gameres_art_dir_environment_build_a_build_zhanshenfeidan_01_animation_b9b8ae6b1ff9f28c9b5c388449170d74", "legacy": false, "compressed": false, "sampleRate": 30.0, "nRot": 0, "nPos": 0, "nScale": 0, "nFloat": 0, "nPPtr": 0, "bytes": 89743}
{"t": "AnimationClip", "name": "zhanshenfeidan_01_down", "bundle": "gameres_art_dir_environment_build_a_build_zhanshenfeidan_01_animation_b9b8ae6b1ff9f28c9b5c388449170d74", "legacy": false, "compressed": false, "sampleRate": 30.0, "nRot": 0, "nPos": 0, "nScale": 0, "nFloat": 0, "nPPtr": 0, "bytes": 218330}
{"t": "AnimationClip", "name": "wajujilihedui_idle_03", "bundle": "gameres_art_dir_environment_build_a_build_wajujilihedui_animation_bd87fc441c5b35b7cf2eb2d07bb8386f", "legacy": false, "compressed": false, "sampleRate": 30.0, "nRot": 0, "nPos": 0, "nScale": 0, "nFloat": 0, "nPPtr": 0, "bytes": 106491}
{"t": "AnimationClip", "name": "wajujilihedui_idle_02", "bundle": "gameres_art_dir_environment_build_a_build_wajujilihedui_animation_bd87fc441c5b35b7cf2eb2d07bb8386f", "legacy": false, "compressed": false, "sampleRate": 30.0, "nRot": 0, "nPos": 0, "nScale": 0, "nFloat": 0, "nPPtr": 0, "bytes": 990332}
{"t": "AnimationClip", "name": "wangzuozhandapao_attack", "bundle": "gameres_art_dir_environment_build_a_build_wangzuodapao_animation_aa7b4f86587acf9b5ba249fa1548bcf4", "legacy": false, "compressed": false, "sampleRate": 30.0, "nRot": 0, "nPos": 0, "nScale": 0, "nFloat": 0, "nPPtr": 0, "bytes": 33913}
{"t": "AnimationClip", "name": "wangzuozhandapao_idle", "bundle": "gameres_art_dir_environment_build_a_build_wangzuodapao_animation_aa7b4f86587acf9b5ba249fa1548bcf4", "legacy": false, "compressed": false, "sampleRate": 30.0, "nRot": 0, "nPos": 0, "nScale": 0, "nFloat": 0, "nPPtr": 0, "bytes": 48788}
{"t": "AnimationClip", "name": "Carbarn_02_man_idle", "bundle": "gameres_art_dir_environment_build_chekufushujianzhu_animation_dd724ec631813b877b996760e737fde6", "legacy": false, "compressed": false, "sampleRate": 30.0, "nRot": 0, "nPos": 0, "nScale": 0, "nFloat": 0, "nPPtr": 0, "bytes": 36967}
{"t": "AnimationClip", "name": "damen_open", "bundle": "gameres_art_dir_environment_build_damen_animation_688f1733252bf1edde401cd775aa79db", "legacy": false, "compressed": false, "sampleRate": 30.0, "nRot": 0, "nPos": 0, "nScale": 0, "nFloat": 0, "nPPtr": 0, "bytes": 16743}
{"t": "AnimationClip", "name": "zhuanwuzhanshi_01_anim", "bundle": "gameres_art_dir_environment_build_a_build_zhuanwuzhanshi_01_animation_2a9af2777b9c6ba04179c23cfa9d7a29", "legacy": false, "compressed": false, "sampleRate": 30.0, "nRot": 0, "nPos": 0, "nScale": 0, "nFloat": 0, "nPPtr": 0, "bytes": 219427}
{"t": "AnimatorController", "name": "ZhuanwuzahnshiController", "bundle": "gameres_art_dir_environment_build_a_build_zhuanwuzhanshi_01_animation_2a9af2777b9c6ba04179c23cfa9d7a29", "legacy": null, "compressed": false, "sampleRate": null, "nRot": 0, "nPos": 0, "nScale": 0, "nFloat": 0, "nPPtr": 0, "bytes": 5909}
{"t": "AnimationClip", "name": "ZhuanwuzhanshiEffAim", "bundle": "gameres_art_dir_environment_build_a_build_zhuanwuzhanshi_01_animation_2a9af2777b9c6ba04179c23cfa9d7a29", "legacy": false, "compressed": false, "sampleRate": 30.0, "nRot": 0, "nPos": 0, "nScale": 0, "nFloat": 0, "nPPtr": 0, "bytes": 14124}
{"t": "AnimationClip", "name": "zhuanwuzhanshi_01_pose", "bundle": "gameres_art_dir_environment_build_a_build_zhuanwuzhanshi_01_animation_2a9af2777b9c6ba04179c23cfa9d7a29", "legacy": false, "compressed": false, "sampleRate": 30.0, "nRot": 0, "nPos": 0, "nScale": 0, "nFloat": 0, "nPPtr": 0, "bytes": 32940}
{"t": "AnimationClip", "name": "jiaoshoujia_show", "bundle": "gameres_art_dir_environment_build_jiaoshoujia_animation_252b47e1f4d25aff7359cb132395123f", "legacy": false, "compressed": false, "sampleRate": 30.0, "nRot": 0, "nPos": 0, "nScale": 0, "nFloat": 0, "nPPtr": 0, "bytes": 116465}
{"t": "AnimationClip", "name": "jiaoshoujia_show_B", "bundle": "gameres_art_dir_environment_build_jiaoshoujia_animation_252b47e1f4d25aff7359cb132395123f", "legacy": false, "compressed": false, "sampleRate": 30.0, "nRot": 0, "nPos": 0, "nScale": 0, "nFloat": 0, "nPPtr": 0, "bytes": 116467}
{"t": "AnimationClip", "name": "arrow_idle", "bundle": "gameres_art_dir_environment_build_symbol_animation_c25518cc606e224d4a56814b4a2ea7a9", "legacy": false, "compressed": false, "sampleRate": 30.0, "nRot": 0, "nPos": 0, "nScale": 0, "nFloat": 0, "nPPtr": 0, "bytes": 18984}
{"t": "AnimationClip", "name": "question mark_idle", "bundle": "gameres_art_dir_environment_build_symbol_animation_c25518cc606e224d4a56814b4a2ea7a9", "legacy": false, "compressed": false, "sampleRate": 30.0, "nRot": 0, "nPos": 0, "nScale": 0, "nFloat": 0, "nPPtr": 0, "bytes": 12893}
{"t": "AnimatorController", "name": "shibaoguangchang_Controller", "bundle": "gameres_art_dir_environment_build_shibaoguangchang_animation_da7295c32eff894057e2f9f2c16c3235", "legacy": null, "compressed": false, "sampleRate": null, "nRot": 0, "nPos": 0, "nScale": 0, "nFloat": 0, "nPPtr": 0, "bytes": 2519}
{"t": "AnimationClip", "name": "shibaoguangchang_Animation", "bundle": "gameres_art_dir_environment_build_shibaoguangchang_animation_da7295c32eff894057e2f9f2c16c3235", "legacy": false, "compressed": false, "sampleRate": 30.0, "nRot": 0, "nPos": 0, "nScale": 0, "nFloat": 0, "nPPtr": 0, "bytes": 6715}
{"t": "AnimationClip", "name": "A_build_tile_trample_up", "bundle": "gameres_art_dir_environment_build_tlie_animation_85bb289dcc9522a08d8f8b2aefa09582", "legacy": false, "compressed": false, "sampleRate": 60.0, "nRot": 0, "nPos": 0, "nScale": 0, "nFloat": 0, "nPPtr": 0, "bytes": 9391}
{"t": "AnimationClip", "name": "A_build_tile_trample_down", "bundle": "gameres_art_dir_environment_build_tlie_animation_85bb289dcc9522a08d8f8b2aefa09582", "legacy": false, "compressed": false, "sampleRate": 60.0, "nRot": 0, "nPos": 0, "nScale": 0, "nFloat": 0, "nPPtr": 0, "bytes": 6785}
{"t": "AnimationClip", "name": "A_build_tile_rotate", "bundle": "gameres_art_dir_environment_build_tlie_animation_85bb289dcc9522a08d8f8b2aefa09582", "legacy": false, "compressed": false, "sampleRate": 60.0, "nRot": 0, "nPos": 0, "nScale": 0, "nFloat": 0, "nPPtr": 0, "bytes": 9251}
{"t": "AnimationClip", "name": "zhenchaji_lide", "bundle": "gameres_art_dir_environment_build_zhenchaji_animation_fa1571f1e74c9d6f8bb9f634d18317d7", "legacy": false, "compressed": false, "sampleRate": 30.0, "nRot": 0, "nPos": 0, "nScale": 0, "nFloat": 0, "nPPtr": 0, "bytes": 13866}
{"t": "AnimationClip", "name": "zhenchaji_lide01", "bundle": "gameres_art_dir_environment_build_zhenchaji_animation_fa1571f1e74c9d6f8bb9f634d18317d7", "legacy": false, "compressed": false, "sampleRate": 30.0, "nRot": 0, "nPos": 0, "nScale": 0, "nFloat": 0, "nPPtr": 0, "bytes": 13878}
{"t": "AnimationClip", "name": "Take 001", "bundle": "gameres_art_dir_environment_plant_kushu_o_env_massif_kushu_01_drzc_mesh_2b99f83c54a5a73f24bef933fccb8a7c", "legacy": false, "compressed": false, "sampleRate": 30.0, "nRot": 0, "nPos": 0, "nScale": 0, "nFloat": 0, "nPPtr": 0, "bytes": 6160}
{"t": "AnimationClip", "name": "Take 001", "bundle": "gameres_art_dir_environment_plant_kushu_o_env_massif_kushu_01_drzc_mesh_2b99f83c54a5a73f24bef933fccb8a7c", "legacy": false, "compressed": false, "sampleRate": 30.0, "nRot": 0, "nPos": 0, "nScale": 0, "nFloat": 0, "nPPtr": 0, "bytes": 6464}
{"t": "AnimationClip", "name": "O_Prop_Bucket_01.001|O_Prop_Bucket_01|Take 001|BaseLayer.002", "bundle": "gameres_art_dir_environment_prop_bucket_mesh_e20caddfb5f5a8596e817f7f5d25c1dc", "legacy": false, "compressed": false, "sampleRate": 30.0, "nRot": 0, "nPos": 0, "nScale": 0, "nFloat": 0, "nPPtr": 0, "bytes": 6748}
{"t": "AnimationClip", "name": "O_Prop_Bucket_01.001|O_Prop_Bucket_01|Take 001|BaseLayer.001", "bundle": "gameres_art_dir_environment_prop_bucket_mesh_e20caddfb5f5a8596e817f7f5d25c1dc", "legacy": false, "compressed": false, "sampleRate": 30.0, "nRot": 0, "nPos": 0, "nScale": 0, "nFloat": 0, "nPPtr": 0, "bytes": 6748}
{"t": "AnimationClip", "name": "O_Prop_Bucket_01.001|O_Prop_Bucket_01|Take 001|BaseLayer", "bundle": "gameres_art_dir_environment_prop_bucket_mesh_e20caddfb5f5a8596e817f7f5d25c1dc", "legacy": false, "compressed": false, "sampleRate": 30.0, "nRot": 0, "nPos": 0, "nScale": 0, "nFloat": 0, "nPPtr": 0, "bytes": 6744}
{"t": "AnimationClip", "name": "Take 001", "bundle": "gameres_art_dir_environment_prop_dabache_animation_dc3502030cb0d615517b2310c1384878", "legacy": false, "compressed": false, "sampleRate": 30.0, "nRot": 0, "nPos": 0, "nScale": 0, "nFloat": 0, "nPPtr": 0, "bytes": 39233}
{"t": "AnimationClip", "name": "Take 001", "bundle": "gameres_art_dir_environment_prop_dabache_animation_dc3502030cb0d615517b2310c1384878", "legacy": false, "compressed": false, "sampleRate": 30.0, "nRot": 0, "nPos": 0, "nScale": 0, "nFloat": 0, "nPPtr": 0, "bytes": 20092}
{"t": "AnimationClip", "name": "tong_walk", "bundle": "gameres_art_dir_environment_prop_guntong_animation_e0d58a4f9056c613d91fe3b108f4e0fb", "legacy": false, "compressed": false, "sampleRate": 30.0, "nRot": 0, "nPos": 0, "nScale": 0, "nFloat": 0, "nPPtr": 0, "bytes": 27096}
{"t": "AnimationClip", "name": "tong_dead", "bundle": "gameres_art_dir_environment_prop_guntong_animation_e0d58a4f9056c613d91fe3b108f4e0fb", "legacy": false, "compressed": false, "sampleRate": 30.0, "nRot": 0, "nPos": 0, "nScale": 0, "nFloat": 0, "nPPtr": 0, "bytes": 109466}
{"t": "AnimationClip", "name": "tong_hit", "bundle": "gameres_art_dir_environment_prop_guntong_animation_e0d58a4f9056c613d91fe3b108f4e0fb", "legacy": false, "compressed": false, "sampleRate": 30.0, "nRot": 0, "nPos": 0, "nScale": 0, "nFloat": 0, "nPPtr": 0, "bytes": 27641}
{"t": "AnimationClip", "name": "jiangluosan_down_01", "bundle": "gameres_art_dir_environment_prop_jiangluosan_animation_1d2158bb07c45ed2a684d6a6a10f209a", "legacy": false, "compressed": false, "sampleRate": 30.0, "nRot": 0, "nPos": 0, "nScale": 0, "nFloat": 0, "nPPtr": 0, "bytes": 116283}
{"t": "AnimationClip", "name": "jiangluosan_down", "bundle": "gameres_art_dir_environment_prop_jiangluosan_animation_1d2158bb07c45ed2a684d6a6a10f209a", "legacy": false, "compressed": false, "sampleRate": 30.0, "nRot": 0, "nPos": 0, "nScale": 0, "nFloat": 0, "nPPtr": 0, "bytes": 87037}
{"t": "AnimationClip", "name": "jiangluosan_down_02", "bundle": "gameres_art_dir_environment_prop_jiangluosan_animation_1d2158bb07c45ed2a684d6a6a10f209a", "legacy": false, "compressed": false, "sampleRate": 30.0, "nRot": 0, "nPos": 0, "nScale": 0, "nFloat": 0, "nPPtr": 0, "bytes": 126083}
{"t": "AnimationClip", "name": "jiangluosan_down_04", "bundle": "gameres_art_dir_environment_prop_jiangluosan_animation_1d2158bb07c45ed2a684d6a6a10f209a", "legacy": false, "compressed": false, "sampleRate": 30.0, "nRot": 0, "nPos": 0, "nScale": 0, "nFloat": 0, "nPPtr": 0, "bytes": 127624}
{"t": "AnimationClip", "name": "Take 001", "bundle": "gameres_art_dir_environment_prop_lvdi_mesh_900559719bd80cdd52235f058398fe19", "legacy": false, "compressed": false, "sampleRate": 30.0, "nRot": 0, "nPos": 0, "nScale": 0, "nFloat": 0, "nPPtr": 0, "bytes": 6269}
{"t": "AnimationClip", "name": "Take 001", "bundle": "gameres_art_dir_weapon_mesh_e81f97448fb97e2c22028ee72529c5c7", "legacy": false, "compressed": false, "sampleRate": 30.0, "nRot": 0, "nPos": 0, "nScale": 0, "nFloat": 0, "nPPtr": 0, "bytes": 6330}
{"t": "AnimationClip", "name": "V_bingzhongjianzao_Close", "bundle": "gameres_art_effect_prefab_arms_common_281c81f516dd59ec476090a56d7b1b61", "legacy": false, "compressed": false, "sampleRate": 60.0, "nRot": 0, "nPos": 0, "nScale": 0, "nFloat": 0, "nPPtr": 0, "bytes": 16838}
{"t": "AnimationClip", "name": "V_bingzhongjianzao_start", "bundle": "gameres_art_effect_prefab_arms_common_281c81f516dd59ec476090a56d7b1b61", "legacy": false, "compressed": false, "sampleRate": 60.0, "nRot": 0, "nPos": 0, "nScale": 0, "nFloat": 0, "nPPtr": 0, "bytes": 16084}
{"t": "AnimationClip", "name": "V_bingzhongjianzao_Idle", "bundle": "gameres_art_effect_prefab_arms_common_281c81f516dd59ec476090a56d7b1b61", "legacy": false, "compressed": false, "sampleRate": 60.0, "nRot": 0, "nPos": 0, "nScale": 0, "nFloat": 0, "nPPtr": 0, "bytes": 15794}
{"t": "AnimationClip", "name": "V_tongdian_dianbiao", "bundle": "gameres_art_effect_prefab_scene_7_2818652792573aed2161bc08bb97ba56", "legacy": false, "compressed": false, "sampleRate": 60.0, "nRot": 0, "nPos": 0, "nScale": 0, "nFloat": 0, "nPPtr": 0, "bytes": 13683}
{"t": "AnimatorController", "name": "VFX_fcjiguang_xuli", "bundle": "gameres_art_effect_prefab_scene_7_2818652792573aed2161bc08bb97ba56", "legacy": null, "compressed": false, "sampleRate": null, "nRot": 0, "nPos": 0, "nScale": 0, "nFloat": 0, "nPPtr": 0, "bytes": 582}
{"t": "AnimatorController", "name": "dianbiao", "bundle": "gameres_art_effect_prefab_scene_7_2818652792573aed2161bc08bb97ba56", "legacy": null, "compressed": false, "sampleRate": null, "nRot": 0, "nPos": 0, "nScale": 0, "nFloat": 0, "nPPtr": 0, "bytes": 3043}
{"t": "AnimationClip", "name": "V_ziyuancaiji", "bundle": "gameres_art_effect_prefab_scene_common_0_64f3656791879d3bce709ff705436b87", "legacy": false, "compressed": false, "sampleRate": 60.0, "nRot": 0, "nPos": 0, "nScale": 0, "nFloat": 0, "nPPtr": 0, "bytes": 8021}
{"t": "AnimatorController", "name": "V_ziyuancaiji", "bundle": "gameres_art_effect_prefab_scene_common_0_64f3656791879d3bce709ff705436b87", "legacy": null, "compressed": false, "sampleRate": null, "nRot": 0, "nPos": 0, "nScale": 0, "nFloat": 0, "nPPtr": 0, "bytes": 2517}
{"t": "AnimatorController", "name": "V_jianzhufeixu_anim", "bundle": "gameres_art_effect_prefab_scene_common_0_64f3656791879d3bce709ff705436b87", "legacy": null, "compressed": false, "sampleRate": null, "nRot": 0, "nPos": 0, "nScale": 0, "nFloat": 0, "nPPtr": 0, "bytes": 2535}
{"t": "AnimationClip", "name": "V_jianzhufeixu_anim", "bundle": "gameres_art_effect_prefab_scene_common_0_64f3656791879d3bce709ff705436b87", "legacy": false, "compressed": false, "sampleRate": 30.0, "nRot": 0, "nPos": 0, "nScale": 0, "nFloat": 0, "nPPtr": 0, "bytes": 89906}
{"t": "AnimatorController", "name": "VFX_alliancecitytip_jiantou", "bundle": "gameres_art_effect_prefab_scene_4_9dac03488795118a1a53765bcb838c09", "legacy": null, "compressed": false, "sampleRate": null, "nRot": 0, "nPos": 0, "nScale": 0, "nFloat": 0, "nPPtr": 0, "bytes": 2550}
{"t": "AnimationClip", "name": "V_alliancecitytip_jiantou", "bundle": "gameres_art_effect_prefab_scene_4_9dac03488795118a1a53765bcb838c09", "legacy": false, "compressed": false, "sampleRate": 60.0, "nRot": 0, "nPos": 0, "nScale": 0, "nFloat": 0, "nPPtr": 0, "bytes": 13859}
{"t": "AnimatorController", "name": "V_zhangjierenwu_liuguang_anim", "bundle": "gameres_art_effect_prefab_ui_11_ee47940714a9b562ad9e988ac838e5a7", "legacy": null, "compressed": false, "sampleRate": null, "nRot": 0, "nPos": 0, "nScale": 0, "nFloat": 0, "nPPtr": 0, "bytes": 2569}
{"t": "AnimatorController", "name": "VFX_ui_worldtrendItem_aim", "bundle": "gameres_art_effect_prefab_ui_11_ee47940714a9b562ad9e988ac838e5a7", "legacy": null, "compressed": false, "sampleRate": null, "nRot": 0, "nPos": 0, "nScale": 0, "nFloat": 0, "nPPtr": 0, "bytes": 2559}
{"t": "AnimationClip", "name": "V_zhangjierenwu_liuguang_anim", "bundle": "gameres_art_effect_prefab_ui_11_ee47940714a9b562ad9e988ac838e5a7", "legacy": false, "compressed": false, "sampleRate": 60.0, "nRot": 0, "nPos": 0, "nScale": 0, "nFloat": 0, "nPPtr": 0, "bytes": 6535}
{"t": "AnimationClip", "name": "V_ui_worldtrendItem_glow_sao", "bundle": "gameres_art_effect_prefab_ui_11_ee47940714a9b562ad9e988ac838e5a7", "legacy": false, "compressed": false, "sampleRate": 60.0, "nRot": 0, "nPos": 0, "nScale": 0, "nFloat": 0, "nPPtr": 0, "bytes": 6791}
{"t": "AnimatorController", "name": "V_tuohuang_juma_anim", "bundle": "gameres_art_effect_prefab_scene_1_9903e59c1fe9df6db0ea82e6e6149984", "legacy": null, "compressed": false, "sampleRate": null, "nRot": 0, "nPos": 0, "nScale": 0, "nFloat": 0, "nPPtr": 0, "bytes": 4138}
{"t": "AnimationClip", "name": "V_tuohuang_juma_idle_anim", "bundle": "gameres_art_effect_prefab_scene_1_9903e59c1fe9df6db0ea82e6e6149984", "legacy": false, "compressed": false, "sampleRate": 60.0, "nRot": 0, "nPos": 0, "nScale": 0, "nFloat": 0, "nPPtr": 0, "bytes": 43262}
{"t": "AnimationClip", "name": "V_tuohuang_juma_posui_anim", "bundle": "gameres_art_effect_prefab_scene_1_9903e59c1fe9df6db0ea82e6e6149984", "legacy": false, "compressed": false, "sampleRate": 30.0, "nRot": 0, "nPos": 0, "nScale": 0, "nFloat": 0, "nPPtr": 0, "bytes": 393534}
{"t": "AnimationClip", "name": "V_lianmengzhongxin_fanwei_leida", "bundle": "gameres_art_effect_prefab_scene_2_8688441aef10d1b7fe6468970216dec1", "legacy": false, "compressed": false, "sampleRate": 60.0, "nRot": 0, "nPos": 0, "nScale": 0, "nFloat": 0, "nPPtr": 0, "bytes": 8595}
{"t": "AnimatorController", "name": "VFX_lianmengzhongxin_fanwei_leida", "bundle": "gameres_art_effect_prefab_scene_2_8688441aef10d1b7fe6468970216dec1", "legacy": null, "compressed": false, "sampleRate": null, "nRot": 0, "nPos": 0, "nScale": 0, "nFloat": 0, "nPPtr": 0, "bytes": 2573}
{"t": "AnimationClip", "name": "V_ui_xuanzhongkuang", "bundle": "gameres_art_effect_prefab_ui_19_ccdaff0d49fc50b48565b7705b8afebd", "legacy": false, "compressed": false, "sampleRate": 60.0, "nRot": 0, "nPos": 0, "nScale": 0, "nFloat": 0, "nPPtr": 0, "bytes": 6061}
{"t": "AnimatorController", "name": "VFX_xuanzhongkuang", "bundle": "gameres_art_effect_prefab_ui_19_ccdaff0d49fc50b48565b7705b8afebd", "legacy": null, "compressed": false, "sampleRate": null, "nRot": 0, "nPos": 0, "nScale": 0, "nFloat": 0, "nPPtr": 0, "bytes": 2531}
{"t": "AnimatorController", "name": "VFX_ui_value_saoguang", "bundle": "gameres_art_effect_prefab_ui_24_1c933a5c67390f8ece7e3d2571513258", "legacy": null, "compressed": false, "sampleRate": null, "nRot": 0, "nPos": 0, "nScale": 0, "nFloat": 0, "nPPtr": 0, "bytes": 2534}
{"t": "AnimationClip", "name": "V_ui_value_saoguang", "bundle": "gameres_art_effect_prefab_ui_24_1c933a5c67390f8ece7e3d2571513258", "legacy": false, "compressed": false, "sampleRate": 60.0, "nRot": 0, "nPos": 0, "nScale": 0, "nFloat": 0, "nPPtr": 0, "bytes": 6576}
{"t": "AnimationClip", "name": "V_ui_flyJump_left", "bundle": "gameres_art_effect_prefab_ui_common_0_43b02ccb749f69ec50a37a6dd8bf4e90", "legacy": false, "compressed": false, "sampleRate": 60.0, "nRot": 0, "nPos": 0, "nScale": 0, "nFloat": 0, "nPPtr": 0, "bytes": 8093}
{"t": "AnimationClip", "name": "V_ui_flyJump_righ", "bundle": "gameres_art_effect_prefab_ui_common_0_43b02ccb749f69ec50a37a6dd8bf4e90", "legacy": false, "compressed": false, "sampleRate": 60.0, "nRot": 0, "nPos": 0, "nScale": 0, "nFloat": 0, "nPPtr": 0, "bytes": 8092}
{"t": "AnimatorController", "name": "V_ui_flyJump", "bundle": "gameres_art_effect_prefab_ui_common_0_43b02ccb749f69ec50a37a6dd8bf4e90", "legacy": null, "compressed": false, "sampleRate": null, "nRot": 0, "nPos": 0, "nScale": 0, "nFloat": 0, "nPPtr": 0, "bytes": 5359}
{"t": "AnimationClip", "name": "V_ui_battle_vs_trail", "bundle": "gameres_art_effect_prefab_ui_26_45138afa728838ba0296c1e877d7a84a", "legacy": false, "compressed": false, "sampleRate": 60.0, "nRot": 0, "nPos": 0, "nScale": 0, "nFloat": 0, "nPPtr": 0, "bytes": 7992}
{"t": "AnimatorController", "name": "V_ui_battle_vs_anim", "bundle": "gameres_art_effect_prefab_ui_26_45138afa728838ba0296c1e877d7a84a", "legacy": null, "compressed": false, "sampleRate": null, "nRot": 0, "nPos": 0, "nScale": 0, "nFloat": 0, "nPPtr": 0, "bytes": 2537}
{"t": "AnimationClip", "name": "V_ui_extrabox_saoguang", "bundle": "gameres_art_effect_prefab_ui_28_37ad6d6dac4a93ba3b42415840c9ca70", "legacy": false, "compressed": false, "sampleRate": 60.0, "nRot": 0, "nPos": 0, "nScale": 0, "nFloat": 0, "nPPtr": 0, "bytes": 6805}
{"t": "AnimatorController", "name": "VFX_extrabox_saoguang_aim", "bundle": "gameres_art_effect_prefab_ui_28_37ad6d6dac4a93ba3b42415840c9ca70", "legacy": null, "compressed": false, "sampleRate": null, "nRot": 0, "nPos": 0, "nScale": 0, "nFloat": 0, "nPPtr": 0, "bytes": 2547}
{"t": "AnimatorController", "name": "Eff_dva_skill_qiangkou", "bundle": "gameres_art_lastwar_effect_prefab_arms_dva_df43b0ea6d77e1db689a4d5fd2ebe64b", "legacy": null, "compressed": false, "sampleRate": null, "nRot": 0, "nPos": 0, "nScale": 0, "nFloat": 0, "nPPtr": 0, "bytes": 2542}
{"t": "AnimationClip", "name": "Eff_dva_skill_qiangkou", "bundle": "gameres_art_lastwar_effect_prefab_arms_dva_df43b0ea6d77e1db689a4d5fd2ebe64b", "legacy": false, "compressed": false, "sampleRate": 30.0, "nRot": 0, "nPos": 0, "nScale": 0, "nFloat": 0, "nPPtr": 0, "bytes": 7148}
{"t": "AnimationClip", "name": "Eff_animation_skyle_zhuanwu_jiguang_01", "bundle": "gameres_art_lastwar_effect_prefab_arms_skyle_cb54b9cfec36660d19be18750f5eb285", "legacy": true, "compressed": false, "sampleRate": 60.0, "nRot": 2, "nPos": 0, "nScale": 2, "nFloat": 2, "nPPtr": 0, "bytes": 77539}
{"t": "AnimatorController", "name": "Eff_Tesla_shandianqiang_01", "bundle": "gameres_art_lastwar_effect_prefab_arms_tesla_e1597205fcaeecbe6141805b0c6b6cfe", "legacy": null, "compressed": false, "sampleRate": null, "nRot": 0, "nPos": 0, "nScale": 0, "nFloat": 0, "nPPtr": 0, "bytes": 2556}
{"t": "AnimationClip", "name": "Eff_Tesla_shandianqiang_01", "bundle": "gameres_art_lastwar_effect_prefab_arms_tesla_e1597205fcaeecbe6141805b0c6b6cfe", "legacy": false, "compressed": false, "sampleRate": 60.0, "nRot": 0, "nPos": 0, "nScale": 0, "nFloat": 0, "nPPtr": 0, "bytes": 6099}
{"t": "AnimationClip", "name": "Eff_Tesla_shandianlian_01", "bundle": "gameres_art_lastwar_effect_prefab_arms_tesla_e1597205fcaeecbe6141805b0c6b6cfe", "legacy": false, "compressed": false, "sampleRate": 60.0, "nRot": 0, "nPos": 0, "nScale": 0, "nFloat": 0, "nPPtr": 0, "bytes": 8163}
{"t": "AnimatorController", "name": "Eff_Tesla_shandianlian_01", "bundle": "gameres_art_lastwar_effect_prefab_arms_tesla_e1597205fcaeecbe6141805b0c6b6cfe", "legacy": null, "compressed": false, "sampleRate": null, "nRot": 0, "nPos": 0, "nScale": 0, "nFloat": 0, "nPPtr": 0, "bytes": 2549}
{"t": "AnimatorController", "name": "Eff_daditu_jijie_qizi", "bundle": "gameres_art_lastwar_effect_prefab_daditu_7d8ff8b2423f790fc32b2111e66487e5", "legacy": null, "compressed": false, "sampleRate": null, "nRot": 0, "nPos": 0, "nScale": 0, "nFloat": 0, "nPPtr": 0, "bytes": 2537}
{"t": "AnimationClip", "name": "Eff_daditu_jijie_qizi", "bundle": "gameres_art_lastwar_effect_prefab_daditu_7d8ff8b2423f790fc32b2111e66487e5", "legacy": false, "compressed": false, "sampleRate": 60.0, "nRot": 0, "nPos": 0, "nScale": 0, "nFloat": 0, "nPPtr": 0, "bytes": 6164}
{"t": "AnimationClip", "name": "Eff_anim_ljw_s4_hero_sara_skill", "bundle": "gameres_art_lastwar_effect_prefab_heroweapon_sara_602e616e0030818720fdaf7c062d3855", "legacy": true, "compressed": false, "sampleRate": 60.0, "nRot": 0, "nPos": 0, "nScale": 1, "nFloat": 0, "nPPtr": 0, "bytes": 7696}
{"t": "AnimationClip", "name": "Loop", "bundle": "gameres_art_lastwar_effect_prefab_s0_41c98477136ff1075e3209ad2fd01eaa", "legacy": false, "compressed": false, "sampleRate": 60.0, "nRot": 0, "nPos": 0, "nScale": 0, "nFloat": 0, "nPPtr": 0, "bytes": 8850}
{"t": "AnimationClip", "name": "Start", "bundle": "gameres_art_lastwar_effect_prefab_s0_41c98477136ff1075e3209ad2fd01eaa", "legacy": false, "compressed": false, "sampleRate": 60.0, "nRot": 0, "nPos": 0, "nScale": 0, "nFloat": 0, "nPPtr": 0, "bytes": 10104}
{"t": "AnimationClip", "name": "End", "bundle": "gameres_art_lastwar_effect_prefab_s0_41c98477136ff1075e3209ad2fd01eaa", "legacy": false, "compressed": false, "sampleRate": 60.0, "nRot": 0, "nPos": 0, "nScale": 0, "nFloat": 0, "nPPtr": 0, "bytes": 10002}
{"t": "AnimatorController", "name": "Eff_Anim_Tornado_001", "bundle": "gameres_art_lastwar_effect_prefab_s0_41c98477136ff1075e3209ad2fd01eaa", "legacy": null, "compressed": false, "sampleRate": null, "nRot": 0, "nPos": 0, "nScale": 0, "nFloat": 0, "nPPtr": 0, "bytes": 5101}
{"t": "AnimationClip", "name": "Eff_Anim_UISuppliesSearch_Text", "bundle": "gameres_art_lastwar_effect_prefab_ui_2025_uisuppliessearch_e2357f12de47c8beeb7ced83d33d9be8", "legacy": false, "compressed": false, "sampleRate": 60.0, "nRot": 0, "nPos": 0, "nScale": 0, "nFloat": 0, "nPPtr": 0, "bytes": 6890}
{"t": "AnimationClip", "name": "Eff_ui_hero_shengji_jineng_liuguang", "bundle": "gameres_art_lastwar_effect_prefab_ui_hero_shengji_b59140b155913992dc61642e0319ac60", "legacy": false, "compressed": false, "sampleRate": 60.0, "nRot": 0, "nPos": 0, "nScale": 0, "nFloat": 0, "nPPtr": 0, "bytes": 7288}
{"t": "AnimationClip", "name": "Eff_ui_hero_shengji_jiemian_k_liuguang", "bundle": "gameres_art_lastwar_effect_prefab_ui_hero_shengji_b59140b155913992dc61642e0319ac60", "legacy": false, "compressed": false, "sampleRate": 60.0, "nRot": 0, "nPos": 0, "nScale": 0, "nFloat": 0, "nPPtr": 0, "bytes": 7291}
{"t": "AnimatorController", "name": "Eff_ui_hero_shengji_jineng_liuguang", "bundle": "gameres_art_lastwar_effect_prefab_ui_hero_shengji_b59140b155913992dc61642e0319ac60", "legacy": null, "compressed": false, "sampleRate": null, "nRot": 0, "nPos": 0, "nScale": 0, "nFloat": 0, "nPPtr": 0, "bytes": 2582}
{"t": "AnimatorController", "name": "Eff_ui_hero_shengji_jiemian_k_liuguang", "bundle": "gameres_art_lastwar_effect_prefab_ui_hero_shengji_b59140b155913992dc61642e0319ac60", "legacy": null, "compressed": false, "sampleRate": null, "nRot": 0, "nPos": 0, "nScale": 0, "nFloat": 0, "nPPtr": 0, "bytes": 2593}
{"t": "AnimatorController", "name": "Eff_ui_icon", "bundle": "gameres_art_lastwar_effect_prefab_ui_e54b2c9dbf8641185d57a7ab43bc9329", "legacy": null, "compressed": false, "sampleRate": null, "nRot": 0, "nPos": 0, "nScale": 0, "nFloat": 0, "nPPtr": 0, "bytes": 2523}
{"t": "AnimationClip", "name": "Eff_ui_icon_chuxian", "bundle": "gameres_art_lastwar_effect_prefab_ui_e54b2c9dbf8641185d57a7ab43bc9329", "legacy": false, "compressed": false, "sampleRate": 60.0, "nRot": 0, "nPos": 0, "nScale": 0, "nFloat": 0, "nPPtr": 0, "bytes": 13110}
{"t": "AnimationClip", "name": "Zombie_girl01_death_gpuskinclip", "bundle": "gameres_art_model_gs_gengpuanim_main_prefabs_lwbattle_zombie_2_fbe9369e99cbcf0bd50fd18b90c1054e", "legacy": false, "compressed": false, "sampleRate": 10.199999809265137, "nRot": 0, "nPos": 0, "nScale": 0, "nFloat": 0, "nPPtr": 0, "bytes": 6561}
{"t": "AnimationClip", "name": "Zombie_girl01_born_gpuskinclip", "bundle": "gameres_art_model_gs_gengpuanim_main_prefabs_lwbattle_zombie_2_fbe9369e99cbcf0bd50fd18b90c1054e", "legacy": false, "compressed": false, "sampleRate": 10.116278648376465, "nRot": 0, "nPos": 0, "nScale": 0, "nFloat": 0, "nPPtr": 0, "bytes": 6565}
{"t": "AnimationClip", "name": "Zombie_girl01_stune_fbx_gpuskinclip", "bundle": "gameres_art_model_gs_gengpuanim_main_prefabs_lwbattle_zombie_2_fbe9369e99cbcf0bd50fd18b90c1054e", "legacy": false, "compressed": false, "sampleRate": 10.15384578704834, "nRot": 0, "nPos": 0, "nScale": 0, "nFloat": 0, "nPPtr": 0, "bytes": 6562}
{"t": "AnimationClip", "name": "Zombie_girl01_run_02_gpuskinclip", "bundle": "gameres_art_model_gs_gengpuanim_main_prefabs_lwbattle_zombie_2_fbe9369e99cbcf0bd50fd18b90c1054e", "legacy": false, "compressed": false, "sampleRate": 10.285714149475098, "nRot": 0, "nPos": 0, "nScale": 0, "nFloat": 0, "nPPtr": 0, "bytes": 6547}
{"t": "AnimationClip", "name": "Zombie_girl01_attack_02_gpuskinclip", "bundle": "gameres_art_model_gs_gengpuanim_main_prefabs_lwbattle_zombie_2_fbe9369e99cbcf0bd50fd18b90c1054e", "legacy": false, "compressed": false, "sampleRate": 10.0, "nRot": 0, "nPos": 0, "nScale": 0, "nFloat": 0, "nPPtr": 0, "bytes": 6536}
{"t": "AnimationClip", "name": "Zombie_girl01_attack_gpuskinclip", "bundle": "gameres_art_model_gs_gengpuanim_main_prefabs_lwbattle_zombie_2_fbe9369e99cbcf0bd50fd18b90c1054e", "legacy": false, "compressed": false, "sampleRate": 10.799999237060547, "nRot": 0, "nPos": 0, "nScale": 0, "nFloat": 0, "nPPtr": 0, "bytes": 6562}
{"t": "AnimationClip", "name": "Zombie_girl01_hurt_gpuskinclip", "bundle": "gameres_art_model_gs_gengpuanim_main_prefabs_lwbattle_zombie_2_fbe9369e99cbcf0bd50fd18b90c1054e", "legacy": false, "compressed": false, "sampleRate": 10.0, "nRot": 0, "nPos": 0, "nScale": 0, "nFloat": 0, "nPPtr": 0, "bytes": 6516}
{"t": "AnimationClip", "name": "Zombie_girl01_walk_gpuskinclip", "bundle": "gameres_art_model_gs_gengpuanim_main_prefabs_lwbattle_zombie_2_fbe9369e99cbcf0bd50fd18b90c1054e", "legacy": false, "compressed": false, "sampleRate": 10.199999809265137, "nRot": 0, "nPos": 0, "nScale": 0, "nFloat": 0, "nPPtr": 0, "bytes": 6559}
{"t": "AnimationClip", "name": "Zombie_girl01_idle_gpuskinclip", "bundle": "gameres_art_model_gs_gengpuanim_main_prefabs_lwbattle_zombie_2_fbe9369e99cbcf0bd50fd18b90c1054e", "legacy": false, "compressed": false, "sampleRate": 10.199999809265137, "nRot": 0, "nPos": 0, "nScale": 0, "nFloat": 0, "nPPtr": 0, "bytes": 6559}
{"t": "AnimationClip", "name": "dog01_run_gpuskinclip", "bundle": "gameres_art_model_gs_gengpuanim_main_prefabs_lwbattle_zombie_3_2f67b5c07c7575ddc355bbfe3c3cf43e", "legacy": false, "compressed": false, "sampleRate": 11.052630424499512, "nRot": 0, "nPos": 0, "nScale": 0, "nFloat": 0, "nPPtr": 0, "bytes": 9487}
{"t": "AnimationClip", "name": "stun_gpuskinclip", "bundle": "gameres_art_model_gs_gengpuanim_main_prefabs_lwbattle_zombie_3_2f67b5c07c7575ddc355bbfe3c3cf43e", "legacy": false, "compressed": false, "sampleRate": 10.16128921508789, "nRot": 0, "nPos": 0, "nScale": 0, "nFloat": 0, "nPPtr": 0, "bytes": 6543}
{"t": "AnimationClip", "name": "attack_gpuskinclip", "bundle": "gameres_art_model_gs_gengpuanim_main_prefabs_lwbattle_zombie_3_2f67b5c07c7575ddc355bbfe3c3cf43e", "legacy": false, "compressed": false, "sampleRate": 10.799999237060547, "nRot": 0, "nPos": 0, "nScale": 0, "nFloat": 0, "nPPtr": 0, "bytes": 6548}
{"t": "AnimationClip", "name": "idle_gpuskinclip", "bundle": "gameres_art_model_gs_gengpuanim_main_prefabs_lwbattle_zombie_3_2f67b5c07c7575ddc355bbfe3c3cf43e", "legacy": false, "compressed": false, "sampleRate": 10.199999809265137, "nRot": 0, "nPos": 0, "nScale": 0, "nFloat": 0, "nPPtr": 0, "bytes": 6544}
{"t": "AnimationClip", "name": "Zombie01_idle_L_gpuskinclip", "bundle": "gameres_art_model_gs_gengpuanim_main_prefabs_lwbattle_zombie_3_2f67b5c07c7575ddc355bbfe3c3cf43e", "legacy": false, "compressed": false, "sampleRate": 10.0, "nRot": 0, "nPos": 0, "nScale": 0, "nFloat": 0, "nPPtr": 0, "bytes": 6513}
{"t": "AnimationClip", "name": "dead_fire_gpuskinclip", "bundle": "gameres_art_model_gs_gengpuanim_main_prefabs_lwbattle_zombie_3_2f67b5c07c7575ddc355bbfe3c3cf43e", "legacy": false, "compressed": false, "sampleRate": 10.5, "nRot": 0, "nPos": 0, "nScale": 0, "nFloat": 0, "nPPtr": 0, "bytes": 6523}
{"t": "AnimationClip", "name": "dog01_stune_gpuskinclip", "bundle": "gameres_art_model_gs_gengpuanim_main_prefabs_lwbattle_zombie_3_2f67b5c07c7575ddc355bbfe3c3cf43e", "legacy": false, "compressed": false, "sampleRate": 10.312499046325684, "nRot": 0, "nPos": 0, "nScale": 0, "nFloat": 0, "nPPtr": 0, "bytes": 9841}
{"t": "AnimationClip", "name": "idle_gpuskinclip", "bundle": "gameres_art_model_gs_gengpuanim_main_prefabs_lwbattle_zombie_3_2f67b5c07c7575ddc355bbfe3c3cf43e", "legacy": false, "compressed": false, "sampleRate": 10.199999809265137, "nRot": 0, "nPos": 0, "nScale": 0, "nFloat": 0, "nPPtr": 0, "bytes": 6544}
{"t": "AnimationClip", "name": "Zombie01_fly_02_gpuskinclip", "bundle": "gameres_art_model_gs_gengpuanim_main_prefabs_lwbattle_zombie_3_2f67b5c07c7575ddc355bbfe3c3cf43e", "legacy": false, "compressed": false, "sampleRate": 10.0, "nRot": 0, "nPos": 0, "nScale": 0, "nFloat": 0, "nPPtr": 0, "bytes": 6514}
{"t": "AnimationClip", "name": "Zombie01_fly_03_gpuskinclip", "bundle": "gameres_art_model_gs_gengpuanim_main_prefabs_lwbattle_zombie_3_2f67b5c07c7575ddc355bbfe3c3cf43e", "legacy": false, "compressed": false, "sampleRate": 10.0, "nRot": 0, "nPos": 0, "nScale": 0, "nFloat": 0, "nPPtr": 0, "bytes": 6514}
{"t": "AnimationClip", "name": "Zombie01_jump_L03_gpuskinclip", "bundle": "gameres_art_model_gs_gengpuanim_main_prefabs_lwbattle_zombie_3_2f67b5c07c7575ddc355bbfe3c3cf43e", "legacy": false, "compressed": false, "sampleRate": 10.5, "nRot": 0, "nPos": 0, "nScale": 0, "nFloat": 0, "nPPtr": 0, "bytes": 7140}
{"t": "AnimationClip", "name": "Zombie01_attack_R01_gpuskinclip", "bundle": "gameres_art_model_gs_gengpuanim_main_prefabs_lwbattle_zombie_3_2f67b5c07c7575ddc355bbfe3c3cf43e", "legacy": false, "compressed": false, "sampleRate": 10.0, "nRot": 0, "nPos": 0, "nScale": 0, "nFloat": 0, "nPPtr": 0, "bytes": 6778}
{"t": "AnimationClip", "name": "run_gpuskinclip", "bundle": "gameres_art_model_gs_gengpuanim_main_prefabs_lwbattle_zombie_3_2f67b5c07c7575ddc355bbfe3c3cf43e", "legacy": false, "compressed": false, "sampleRate": 10.188678741455078, "nRot": 0, "nPos": 0, "nScale": 0, "nFloat": 0, "nPPtr": 0, "bytes": 6544}
{"t": "AnimationClip", "name": "Zombie01_dead_R_gpuskinclip", "bundle": "gameres_art_model_gs_gengpuanim_main_prefabs_lwbattle_zombie_3_2f67b5c07c7575ddc355bbfe3c3cf43e", "legacy": false, "compressed": false, "sampleRate": 10.799999237060547, "nRot": 0, "nPos": 0, "nScale": 0, "nFloat": 0, "nPPtr": 0, "bytes": 9036}
{"t": "AnimationClip", "name": "Zombie01_fly_01_gpuskinclip", "bundle": "gameres_art_model_gs_gengpuanim_main_prefabs_lwbattle_zombie_3_2f67b5c07c7575ddc355bbfe3c3cf43e", "legacy": false, "compressed": false, "sampleRate": 10.0, "nRot": 0, "nPos": 0, "nScale": 0, "nFloat": 0, "nPPtr": 0, "bytes": 6514}
{"t": "AnimationClip", "name": "hurt_gpuskinclip", "bundle": "gameres_art_model_gs_gengpuanim_main_prefabs_lwbattle_zombie_3_2f67b5c07c7575ddc355bbfe3c3cf43e", "legacy": false, "compressed": false, "sampleRate": 10.0, "nRot": 0, "nPos": 0, "nScale": 0, "nFloat": 0, "nPPtr": 0, "bytes": 6502}
{"t": "AnimationClip", "name": "walk_gpuskinclip", "bundle": "gameres_art_model_gs_gengpuanim_main_prefabs_lwbattle_zombie_3_2f67b5c07c7575ddc355bbfe3c3cf43e", "legacy": false, "compressed": false, "sampleRate": 10.199999809265137, "nRot": 0, "nPos": 0, "nScale": 0, "nFloat": 0, "nPPtr": 0, "bytes": 6545}
{"t": "AnimationClip", "name": "stun_gpuskinclip", "bundle": "gameres_art_model_gs_gengpuanim_main_prefabs_lwbattle_zombie_3_2f67b5c07c7575ddc355bbfe3c3cf43e", "legacy": false, "compressed": false, "sampleRate": 10.16128921508789, "nRot": 0, "nPos": 0, "nScale": 0, "nFloat": 0, "nPPtr": 0, "bytes": 6543}
{"t": "AnimationClip", "name": "Zombie01_Dabache_walk_gpuskinclip", "bundle": "gameres_art_model_gs_gengpuanim_main_prefabs_lwbattle_zombie_3_2f67b5c07c7575ddc355bbfe3c3cf43e", "legacy": false, "compressed": false, "sampleRate": 10.5, "nRot": 0, "nPos": 0, "nScale": 0, "nFloat": 0, "nPPtr": 0, "bytes": 9016}
{"t": "AnimationClip", "name": "dead_gpuskinclip", "bundle": "gameres_art_model_gs_gengpuanim_main_prefabs_lwbattle_zombie_3_2f67b5c07c7575ddc355bbfe3c3cf43e", "legacy": false, "compressed": false, "sampleRate": 10.199999809265137, "nRot": 0, "nPos": 0, "nScale": 0, "nFloat": 0, "nPPtr": 0, "bytes": 6546}
{"t": "AnimationClip", "name": "born_gpuskinclip", "bundle": "gameres_art_model_gs_gengpuanim_main_prefabs_lwbattle_zombie_3_2f67b5c07c7575ddc355bbfe3c3cf43e", "legacy": false, "compressed": false, "sampleRate": 10.116278648376465, "nRot": 0, "nPos": 0, "nScale": 0, "nFloat": 0, "nPPtr": 0, "bytes": 6551}
{"t": "AnimationClip", "name": "dog01_death_gpuskinclip", "bundle": "gameres_art_model_gs_gengpuanim_main_prefabs_lwbattle_zombie_3_2f67b5c07c7575ddc355bbfe3c3cf43e", "legacy": false, "compressed": false, "sampleRate": 10.15384578704834, "nRot": 0, "nPos": 0, "nScale": 0, "nFloat": 0, "nPPtr": 0, "bytes": 14042}
{"t": "AnimationClip", "name": "Zombie01_attack_L01_gpuskinclip", "bundle": "gameres_art_model_gs_gengpuanim_main_prefabs_lwbattle_zombie_3_2f67b5c07c7575ddc355bbfe3c3cf43e", "legacy": false, "compressed": false, "sampleRate": 10.0, "nRot": 0, "nPos": 0, "nScale": 0, "nFloat": 0, "nPPtr": 0, "bytes": 6607}
{"t": "AnimationClip", "name": "Zombie01_dead_crash_gpuskinclip", "bundle": "gameres_art_model_gs_gengpuanim_main_prefabs_lwbattle_zombie_3_2f67b5c07c7575ddc355bbfe3c3cf43e", "legacy": false, "compressed": false, "sampleRate": 11.428570747375488, "nRot": 0, "nPos": 0, "nScale": 0, "nFloat": 0, "nPPtr": 0, "bytes": 6561}
{"t": "AnimationClip", "name": "Zombie01_idle_R_gpuskinclip", "bundle": "gameres_art_model_gs_gengpuanim_main_prefabs_lwbattle_zombie_3_2f67b5c07c7575ddc355bbfe3c3cf43e", "legacy": false, "compressed": false, "sampleRate": 10.0, "nRot": 0, "nPos": 0, "nScale": 0, "nFloat": 0, "nPPtr": 0, "bytes": 6741}
{"t": "AnimationClip", "name": "Zombie01_jump_R03_gpuskinclip", "bundle": "gameres_art_model_gs_gengpuanim_main_prefabs_lwbattle_zombie_3_2f67b5c07c7575ddc355bbfe3c3cf43e", "legacy": false, "compressed": false, "sampleRate": 10.5, "nRot": 0, "nPos": 0, "nScale": 0, "nFloat": 0, "nPPtr": 0, "bytes": 7204}
{"t": "AnimationClip", "name": "Zombie01_jump_L01_gpuskinclip", "bundle": "gameres_art_model_gs_gengpuanim_main_prefabs_lwbattle_zombie_3_2f67b5c07c7575ddc355bbfe3c3cf43e", "legacy": false, "compressed": false, "sampleRate": 12.0, "nRot": 0, "nPos": 0, "nScale": 0, "nFloat": 0, "nPPtr": 0, "bytes": 6816}
{"t": "AnimationClip", "name": "Zombie01_jump_L02_gpuskinclip", "bundle": "gameres_art_model_gs_gengpuanim_main_prefabs_lwbattle_zombie_3_2f67b5c07c7575ddc355bbfe3c3cf43e", "legacy": false, "compressed": false, "sampleRate": 29.999988555908203, "nRot": 0, "nPos": 0, "nScale": 0, "nFloat": 0, "nPPtr": 0, "bytes": 6646}
{"t": "AnimationClip", "name": "dog01_walk_gpuskinclip", "bundle": "gameres_art_model_gs_gengpuanim_main_prefabs_lwbattle_zombie_3_2f67b5c07c7575ddc355bbfe3c3cf43e", "legacy": false, "compressed": false, "sampleRate": 10.285713195800781, "nRot": 0, "nPos": 0, "nScale": 0, "nFloat": 0, "nPPtr": 0, "bytes": 10126}
{"t": "AnimationClip", "name": "dog01_idle_gpuskinclip", "bundle": "gameres_art_model_gs_gengpuanim_main_prefabs_lwbattle_zombie_3_2f67b5c07c7575ddc355bbfe3c3cf43e", "legacy": false, "compressed": false, "sampleRate": 10.312499046325684, "nRot": 0, "nPos": 0, "nScale": 0, "nFloat": 0, "nPPtr": 0, "bytes": 9942}
{"t": "AnimationClip", "name": "hurt_gpuskinclip", "bundle": "gameres_art_model_gs_gengpuanim_main_prefabs_lwbattle_zombie_3_2f67b5c07c7575ddc355bbfe3c3cf43e", "legacy": false, "compressed": false, "sampleRate": 10.0, "nRot": 0, "nPos": 0, "nScale": 0, "nFloat": 0, "nPPtr": 0, "bytes": 6502}
{"t": "AnimationClip", "name": "Zombie01_Dabache_dead01_gpuskinclip", "bundle": "gameres_art_model_gs_gengpuanim_main_prefabs_lwbattle_zombie_3_2f67b5c07c7575ddc355bbfe3c3cf43e", "legacy": false, "compressed": false, "sampleRate": 10.199999809265137, "nRot": 0, "nPos": 0, "nScale": 0, "nFloat": 0, "nPPtr": 0, "bytes": 11384}
{"t": "AnimationClip", "name": "dog01_Attack_gpuskinclip", "bundle": "gameres_art_model_gs_gengpuanim_main_prefabs_lwbattle_zombie_3_2f67b5c07c7575ddc355bbfe3c3cf43e", "legacy": false, "compressed": false, "sampleRate": 10.384614944458008, "nRot": 0, "nPos": 0, "nScale": 0, "nFloat": 0, "nPPtr": 0, "bytes": 10353}
{"t": "AnimationClip", "name": "Zombie01_dead_fei_gpuskinclip", "bundle": "gameres_art_model_gs_gengpuanim_main_prefabs_lwbattle_zombie_3_2f67b5c07c7575ddc355bbfe3c3cf43e", "legacy": false, "compressed": false, "sampleRate": 10.0, "nRot": 0, "nPos": 0, "nScale": 0, "nFloat": 0, "nPPtr": 0, "bytes": 6516}
{"t": "AnimationClip", "name": "dog01_born_gpuskinclip", "bundle": "gameres_art_model_gs_gengpuanim_main_prefabs_lwbattle_zombie_3_2f67b5c07c7575ddc355bbfe3c3cf43e", "legacy": false, "compressed": false, "sampleRate": 10.0, "nRot": 0, "nPos": 0, "nScale": 0, "nFloat": 0, "nPPtr": 0, "bytes": 14363}
{"t": "AnimationClip", "name": "dog01_hurt_gpuskinclip", "bundle": "gameres_art_model_gs_gengpuanim_main_prefabs_lwbattle_zombie_3_2f67b5c07c7575ddc355bbfe3c3cf43e", "legacy": false, "compressed": false, "sampleRate": 10.0, "nRot": 0, "nPos": 0, "nScale": 0, "nFloat": 0, "nPPtr": 0, "bytes": 9747}
{"t": "AnimationClip", "name": "dog01_Attack_skill1_gpuskinclip", "bundle": "gameres_art_model_gs_gengpuanim_main_prefabs_lwbattle_zombie_3_2f67b5c07c7575ddc355bbfe3c3cf43e", "legacy": false, "compressed": false, "sampleRate": 10.0, "nRot": 0, "nPos": 0, "nScale": 0, "nFloat": 0, "nPPtr": 0, "bytes": 14204}
{"t": "AnimationClip", "name": "born_gpuskinclip", "bundle": "gameres_art_model_gs_gengpuanim_main_prefabs_lwbattle_zombie_3_2f67b5c07c7575ddc355bbfe3c3cf43e", "legacy": false, "compressed": false, "sampleRate": 10.116278648376465, "nRot": 0, "nPos": 0, "nScale": 0, "nFloat": 0, "nPPtr": 0, "bytes": 6551}
{"t": "AnimationClip", "name": "walk_gpuskinclip", "bundle": "gameres_art_model_gs_gengpuanim_main_prefabs_lwbattle_zombie_3_2f67b5c07c7575ddc355bbfe3c3cf43e", "legacy": false, "compressed": false, "sampleRate": 10.199999809265137, "nRot": 0, "nPos": 0, "nScale": 0, "nFloat": 0, "nPPtr": 0, "bytes": 6545}
{"t": "AnimationClip", "name": "Zombie01_jump_R02_gpuskinclip", "bundle": "gameres_art_model_gs_gengpuanim_main_prefabs_lwbattle_zombie_3_2f67b5c07c7575ddc355bbfe3c3cf43e", "legacy": false, "compressed": false, "sampleRate": 29.999988555908203, "nRot": 0, "nPos": 0, "nScale": 0, "nFloat": 0, "nPPtr": 0, "bytes": 6817}
{"t": "AnimationClip", "name": "run_gpuskinclip", "bundle": "gameres_art_model_gs_gengpuanim_main_prefabs_lwbattle_zombie_3_2f67b5c07c7575ddc355bbfe3c3cf43e", "legacy": false, "compressed": false, "sampleRate": 10.188678741455078, "nRot": 0, "nPos": 0, "nScale": 0, "nFloat": 0, "nPPtr": 0, "bytes": 6544}
{"t": "AnimationClip", "name": "Zombie01_dead_crash_gpuskinclip", "bundle": "gameres_art_model_gs_gengpuanim_main_prefabs_lwbattle_zombie_3_2f67b5c07c7575ddc355bbfe3c3cf43e", "legacy": false, "compressed": false, "sampleRate": 11.428570747375488, "nRot": 0, "nPos": 0, "nScale": 0, "nFloat": 0, "nPPtr": 0, "bytes": 6561}
{"t": "AnimationClip", "name": "Zombie01_jump_R01_gpuskinclip", "bundle": "gameres_art_model_gs_gengpuanim_main_prefabs_lwbattle_zombie_3_2f67b5c07c7575ddc355bbfe3c3cf43e", "legacy": false, "compressed": false, "sampleRate": 12.0, "nRot": 0, "nPos": 0, "nScale": 0, "nFloat": 0, "nPPtr": 0, "bytes": 6994}
{"t": "AnimationClip", "name": "attack_gpuskinclip", "bundle": "gameres_art_model_gs_gengpuanim_main_prefabs_lwbattle_zombie_3_2f67b5c07c7575ddc355bbfe3c3cf43e", "legacy": false, "compressed": false, "sampleRate": 10.799999237060547, "nRot": 0, "nPos": 0, "nScale": 0, "nFloat": 0, "nPPtr": 0, "bytes": 6548}
{"t": "AnimationClip", "name": "Zombie01_dead_L_gpuskinclip", "bundle": "gameres_art_model_gs_gengpuanim_main_prefabs_lwbattle_zombie_3_2f67b5c07c7575ddc355bbfe3c3cf43e", "legacy": false, "compressed": false, "sampleRate": 10.434782028198242, "nRot": 0, "nPos": 0, "nScale": 0, "nFloat": 0, "nPPtr": 0, "bytes": 8255}
{"t": "AnimationClip", "name": "blackwidow_01_idle_gpuskinclip", "bundle": "gameres_art_model_gs_gengpuanim_main_prefabs_lwbattle_idlemonster_1_098b542fd6e2f346123cbbce8a4d3ec3", "legacy": false, "compressed": false, "sampleRate": 20.25, "nRot": 0, "nPos": 0, "nScale": 0, "nFloat": 0, "nPPtr": 0, "bytes": 7987}
{"t": "AnimationClip", "name": "blackwidow_01_attack_gpuskinclip", "bundle": "gameres_art_model_gs_gengpuanim_main_prefabs_lwbattle_idlemonster_1_098b542fd6e2f346123cbbce8a4d3ec3", "legacy": false, "compressed": false, "sampleRate": 20.624998092651367, "nRot": 0, "nPos": 0, "nScale": 0, "nFloat": 0, "nPPtr": 0, "bytes": 9963}
{"t": "AnimationClip", "name": "blackwidow_01_dead_gpuskinclip", "bundle": "gameres_art_model_gs_gengpuanim_main_prefabs_lwbattle_idlemonster_1_098b542fd6e2f346123cbbce8a4d3ec3", "legacy": false, "compressed": false, "sampleRate": 20.769229888916016, "nRot": 0, "nPos": 0, "nScale": 0, "nFloat": 0, "nPPtr": 0, "bytes": 10384}
{"t": "AnimationClip", "name": "blackwidow_01_walk_gpuskinclip", "bundle": "gameres_art_model_gs_gengpuanim_main_prefabs_lwbattle_idlemonster_1_098b542fd6e2f346123cbbce8a4d3ec3", "legacy": false, "compressed": false, "sampleRate": 21.428569793701172, "nRot": 0, "nPos": 0, "nScale": 0, "nFloat": 0, "nPPtr": 0, "bytes": 9062}
{"t": "AnimationClip", "name": "blackwidow_01_attack_move_gpuskinclip", "bundle": "gameres_art_model_gs_gengpuanim_main_prefabs_lwbattle_idlemonster_1_098b542fd6e2f346123cbbce8a4d3ec3", "legacy": false, "compressed": false, "sampleRate": 21.428569793701172, "nRot": 0, "nPos": 0, "nScale": 0, "nFloat": 0, "nPPtr": 0, "bytes": 9814}
{"t": "AnimationClip", "name": "blackwidow_01_attack_skll_gpuskinclip", "bundle": "gameres_art_model_gs_gengpuanim_main_prefabs_lwbattle_idlemonster_1_098b542fd6e2f346123cbbce8a4d3ec3", "legacy": false, "compressed": false, "sampleRate": 20.454544067382812, "nRot": 0, "nPos": 0, "nScale": 0, "nFloat": 0, "nPPtr": 0, "bytes": 11057}
{"t": "AnimationClip", "name": "Hager_01_attack _move_gpuskinclip", "bundle": "gameres_art_model_gs_gengpuanim_main_prefabs_lwbattle_idlemonster_2_e42bf86c21a4aba24ac03b35f4d2a9b7", "legacy": false, "compressed": false, "sampleRate": 21.428569793701172, "nRot": 0, "nPos": 0, "nScale": 0, "nFloat": 0, "nPPtr": 0, "bytes": 9795}
{"t": "AnimationClip", "name": "Hager_01_idle_gpuskinclip", "bundle": "gameres_art_model_gs_gengpuanim_main_prefabs_lwbattle_idlemonster_2_e42bf86c21a4aba24ac03b35f4d2a9b7", "legacy": false, "compressed": false, "sampleRate": 20.399999618530273, "nRot": 0, "nPos": 0, "nScale": 0, "nFloat": 0, "nPPtr": 0, "bytes": 7720}
{"t": "AnimationClip", "name": "Hager_01_attack_skll_gpuskinclip", "bundle": "gameres_art_model_gs_gengpuanim_main_prefabs_lwbattle_idlemonster_2_e42bf86c21a4aba24ac03b35f4d2a9b7", "legacy": false, "compressed": false, "sampleRate": 20.624998092651367, "nRot": 0, "nPos": 0, "nScale": 0, "nFloat": 0, "nPPtr": 0, "bytes": 12564}
{"t": "AnimationClip", "name": "Hager_01_ walk_gpuskinclip", "bundle": "gameres_art_model_gs_gengpuanim_main_prefabs_lwbattle_idlemonster_2_e42bf86c21a4aba24ac03b35f4d2a9b7", "legacy": false, "compressed": false, "sampleRate": 21.428569793701172, "nRot": 0, "nPos": 0, "nScale": 0, "nFloat": 0, "nPPtr": 0, "bytes": 8074}
{"t": "AnimationClip", "name": "Hager_01_attack_gpuskinclip", "bundle": "gameres_art_model_gs_gengpuanim_main_prefabs_lwbattle_idlemonster_2_e42bf86c21a4aba24ac03b35f4d2a9b7", "legacy": false, "compressed": false, "sampleRate": 21.176467895507812, "nRot": 0, "nPos": 0, "nScale": 0, "nFloat": 0, "nPPtr": 0, "bytes": 10463}
{"t": "AnimationClip", "name": "Hager_01_dead_gpuskinclip", "bundle": "gameres_art_model_gs_gengpuanim_main_prefabs_lwbattle_idlemonster_2_e42bf86c21a4aba24ac03b35f4d2a9b7", "legacy": false, "compressed": false, "sampleRate": 20.454544067382812, "nRot": 0, "nPos": 0, "nScale": 0, "nFloat": 0, "nPPtr": 0, "bytes": 10631}
{"t": "AnimationClip", "name": "David_01_idle_gpuskinclip", "bundle": "gameres_art_model_gs_gengpuanim_main_prefabs_lwbattle_idlemonster_3_47606c4ec7d416525e45f8086e65b878", "legacy": false, "compressed": false, "sampleRate": 22.499998092651367, "nRot": 0, "nPos": 0, "nScale": 0, "nFloat": 0, "nPPtr": 0, "bytes": 8515}
{"t": "AnimationClip", "name": "David_01_attack_skll_gpuskinclip", "bundle": "gameres_art_model_gs_gengpuanim_main_prefabs_lwbattle_idlemonster_3_47606c4ec7d416525e45f8086e65b878", "legacy": false, "compressed": false, "sampleRate": 22.499998092651367, "nRot": 0, "nPos": 0, "nScale": 0, "nFloat": 0, "nPPtr": 0, "bytes": 9146}
{"t": "AnimationClip", "name": "David_01_walk_gpuskinclip", "bundle": "gameres_art_model_gs_gengpuanim_main_prefabs_lwbattle_idlemonster_3_47606c4ec7d416525e45f8086e65b878", "legacy": false, "compressed": false, "sampleRate": 24.999998092651367, "nRot": 0, "nPos": 0, "nScale": 0, "nFloat": 0, "nPPtr": 0, "bytes": 8353}
{"t": "AnimationClip", "name": "David_01_attack_gpuskinclip", "bundle": "gameres_art_model_gs_gengpuanim_main_prefabs_lwbattle_idlemonster_3_47606c4ec7d416525e45f8086e65b878", "legacy": false, "compressed": false, "sampleRate": 20.0, "nRot": 0, "nPos": 0, "nScale": 0, "nFloat": 0, "nPPtr": 0, "bytes": 9752}
{"t": "AnimationClip", "name": "David_01_dead_gpuskinclip", "bundle": "gameres_art_model_gs_gengpuanim_main_prefabs_lwbattle_idlemonster_3_47606c4ec7d416525e45f8086e65b878", "legacy": false, "compressed": false, "sampleRate": 20.571426391601562, "nRot": 0, "nPos": 0, "nScale": 0, "nFloat": 0, "nPPtr": 0, "bytes": 13401}
{"t": "AnimationClip", "name": "idle_gpuskinclip", "bundle": "gameres_art_model_gs_gengpuanim_main_prefabs_lwbattle_zombie_5_27ca244358572b38ffbff47991d9921a", "legacy": false, "compressed": false, "sampleRate": 10.199999809265137, "nRot": 0, "nPos": 0, "nScale": 0, "nFloat": 0, "nPPtr": 0, "bytes": 6544}
{"t": "AnimationClip", "name": "walk_gpuskinclip", "bundle": "gameres_art_model_gs_gengpuanim_main_prefabs_lwbattle_zombie_5_27ca244358572b38ffbff47991d9921a", "legacy": false, "compressed": false, "sampleRate": 10.199999809265137, "nRot": 0, "nPos": 0, "nScale": 0, "nFloat": 0, "nPPtr": 0, "bytes": 6545}
{"t": "AnimationClip", "name": "stun_gpuskinclip", "bundle": "gameres_art_model_gs_gengpuanim_main_prefabs_lwbattle_zombie_5_27ca244358572b38ffbff47991d9921a", "legacy": false, "compressed": false, "sampleRate": 10.16128921508789, "nRot": 0, "nPos": 0, "nScale": 0, "nFloat": 0, "nPPtr": 0, "bytes": 6543}
{"t": "AnimationClip", "name": "run_gpuskinclip", "bundle": "gameres_art_model_gs_gengpuanim_main_prefabs_lwbattle_zombie_5_27ca244358572b38ffbff47991d9921a", "legacy": false, "compressed": false, "sampleRate": 10.188678741455078, "nRot": 0, "nPos": 0, "nScale": 0, "nFloat": 0, "nPPtr": 0, "bytes": 6544}
{"t": "AnimationClip", "name": "hurt_gpuskinclip", "bundle": "gameres_art_model_gs_gengpuanim_main_prefabs_lwbattle_zombie_5_27ca244358572b38ffbff47991d9921a", "legacy": false, "compressed": false, "sampleRate": 10.0, "nRot": 0, "nPos": 0, "nScale": 0, "nFloat": 0, "nPPtr": 0, "bytes": 6502}
{"t": "AnimationClip", "name": "dead_gpuskinclip", "bundle": "gameres_art_model_gs_gengpuanim_main_prefabs_lwbattle_zombie_5_27ca244358572b38ffbff47991d9921a", "legacy": false, "compressed": false, "sampleRate": 10.199999809265137, "nRot": 0, "nPos": 0, "nScale": 0, "nFloat": 0, "nPPtr": 0, "bytes": 6546}
{"t": "AnimationClip", "name": "born_gpuskinclip", "bundle": "gameres_art_model_gs_gengpuanim_main_prefabs_lwbattle_zombie_5_27ca244358572b38ffbff47991d9921a", "legacy": false, "compressed": false, "sampleRate": 10.116278648376465, "nRot": 0, "nPos": 0, "nScale": 0, "nFloat": 0, "nPPtr": 0, "bytes": 6551}
{"t": "AnimationClip", "name": "attack_gpuskinclip", "bundle": "gameres_art_model_gs_gengpuanim_main_prefabs_lwbattle_zombie_5_27ca244358572b38ffbff47991d9921a", "legacy": false, "compressed": false, "sampleRate": 10.799999237060547, "nRot": 0, "nPos": 0, "nScale": 0, "nFloat": 0, "nPPtr": 0, "bytes": 6548}
{"t": "AnimationClip", "name": "bubing11_SQ_attack_move_gpuskinclip", "bundle": "gameres_art_model_gs_gengpuanim_main_prefabs_newbies_prefab_0_9f0d3999f041f99f204c13d6947ee9e0", "legacy": false, "compressed": false, "sampleRate": 10.0, "nRot": 0, "nPos": 0, "nScale": 0, "nFloat": 0, "nPPtr": 0, "bytes": 17317}
{"t": "AnimationClip", "name": "bubing11_SQ_run_rightward_45_gpuskinclip", "bundle": "gameres_art_model_gs_gengpuanim_main_prefabs_newbies_prefab_0_9f0d3999f041f99f204c13d6947ee9e0", "legacy": false, "compressed": false, "sampleRate": 10.0, "nRot": 0, "nPos": 0, "nScale": 0, "nFloat": 0, "nPPtr": 0, "bytes": 12484}
{"t": "AnimationClip", "name": "bubing11_SQ_run_gpuskinclip", "bundle": "gameres_art_model_gs_gengpuanim_main_prefabs_newbies_prefab_0_9f0d3999f041f99f204c13d6947ee9e0", "legacy": false, "compressed": false, "sampleRate": 10.0, "nRot": 0, "nPos": 0, "nScale": 0, "nFloat": 0, "nPPtr": 0, "bytes": 12741}
{"t": "AnimationClip", "name": "bubing11_SQ_idle_01_gpuskinclip", "bundle": "gameres_art_model_gs_gengpuanim_main_prefabs_newbies_prefab_0_9f0d3999f041f99f204c13d6947ee9e0", "legacy": false, "compressed": false, "sampleRate": 10.5, "nRot": 0, "nPos": 0, "nScale": 0, "nFloat": 0, "nPPtr": 0, "bytes": 11394}
{"t": "AnimationClip", "name": "bubing11_SQ_run_leftward_45_gpuskinclip", "bundle": "gameres_art_model_gs_gengpuanim_main_prefabs_newbies_prefab_0_9f0d3999f041f99f204c13d6947ee9e0", "legacy": false, "compressed": false, "sampleRate": 10.0, "nRot": 0, "nPos": 0, "nScale": 0, "nFloat": 0, "nPPtr": 0, "bytes": 12483}
{"t": "AnimationClip", "name": "bubing11_SQ_idle_gpuskinclip", "bundle": "gameres_art_model_gs_gengpuanim_main_prefabs_newbies_prefab_0_9f0d3999f041f99f204c13d6947ee9e0", "legacy": false, "compressed": false, "sampleRate": 10.5, "nRot": 0, "nPos": 0, "nScale": 0, "nFloat": 0, "nPPtr": 0, "bytes": 10033}
{"t": "AnimationClip", "name": "bubing11_SQ_death_gpuskinclip", "bundle": "gameres_art_model_gs_gengpuanim_main_prefabs_newbies_prefab_0_9f0d3999f041f99f204c13d6947ee9e0", "legacy": false, "compressed": false, "sampleRate": 10.769229888916016, "nRot": 0, "nPos": 0, "nScale": 0, "nFloat": 0, "nPPtr": 0, "bytes": 13667}
{"t": "AnimationClip", "name": "bubing11_SQ_attack_gpuskinclip", "bundle": "gameres_art_model_gs_gengpuanim_main_prefabs_newbies_prefab_0_9f0d3999f041f99f204c13d6947ee9e0", "legacy": false, "compressed": false, "sampleRate": 10.344827651977539, "nRot": 0, "nPos": 0, "nScale": 0, "nFloat": 0, "nPPtr": 0, "bytes": 15914}
{"t": "AnimationClip", "name": "bubing11_JJQ_attack_move_gpuskinclip", "bundle": "gameres_art_model_gs_gengpuanim_main_prefabs_newbies_prefab_1_e5ee2d727694d76d48d93bd4c3a4e1a4", "legacy": false, "compressed": false, "sampleRate": 10.0, "nRot": 0, "nPos": 0, "nScale": 0, "nFloat": 0, "nPPtr": 0, "bytes": 11352}
{"t": "AnimationClip", "name": "bubing11_JTL_idle_gpuskinclip", "bundle": "gameres_art_model_gs_gengpuanim_main_prefabs_newbies_prefab_1_e5ee2d727694d76d48d93bd4c3a4e1a4", "legacy": false, "compressed": false, "sampleRate": 10.5, "nRot": 0, "nPos": 0, "nScale": 0, "nFloat": 0, "nPPtr": 0, "bytes": 7846}
{"t": "AnimationClip", "name": "bubing11_JTL_idle_01_gpuskinclip", "bundle": "gameres_art_model_gs_gengpuanim_main_prefabs_newbies_prefab_1_e5ee2d727694d76d48d93bd4c3a4e1a4", "legacy": false, "compressed": false, "sampleRate": 10.5, "nRot": 0, "nPos": 0, "nScale": 0, "nFloat": 0, "nPPtr": 0, "bytes": 7327}
{"t": "AnimationClip", "name": "bubing11_JJQ_run_rightward_45_gpuskinclip", "bundle": "gameres_art_model_gs_gengpuanim_main_prefabs_newbies_prefab_1_e5ee2d727694d76d48d93bd4c3a4e1a4", "legacy": false, "compressed": false, "sampleRate": 10.0, "nRot": 0, "nPos": 0, "nScale": 0, "nFloat": 0, "nPPtr": 0, "bytes": 7864}
{"t": "AnimationClip", "name": "bubing11_JJQ_idle_gpuskinclip", "bundle": "gameres_art_model_gs_gengpuanim_main_prefabs_newbies_prefab_1_e5ee2d727694d76d48d93bd4c3a4e1a4", "legacy": false, "compressed": false, "sampleRate": 10.5, "nRot": 0, "nPos": 0, "nScale": 0, "nFloat": 0, "nPPtr": 0, "bytes": 7855}
{"t": "AnimationClip", "name": "bubing11_JLT_run_gpuskinclip", "bundle": "gameres_art_model_gs_gengpuanim_main_prefabs_newbies_prefab_1_e5ee2d727694d76d48d93bd4c3a4e1a4", "legacy": false, "compressed": false, "sampleRate": 10.0, "nRot": 0, "nPos": 0, "nScale": 0, "nFloat": 0, "nPPtr": 0, "bytes": 9338}
{"t": "AnimationClip", "name": "bubing11_JJQ_idle_01_gpuskinclip", "bundle": "gameres_art_model_gs_gengpuanim_main_prefabs_newbies_prefab_1_e5ee2d727694d76d48d93bd4c3a4e1a4", "legacy": false, "compressed": false, "sampleRate": 10.5, "nRot": 0, "nPos": 0, "nScale": 0, "nFloat": 0, "nPPtr": 0, "bytes": 7303}
{"t": "AnimationClip", "name": "bubing11_JLT_run_leftward_45_gpuskinclip", "bundle": "gameres_art_model_gs_gengpuanim_main_prefabs_newbies_prefab_1_e5ee2d727694d76d48d93bd4c3a4e1a4", "legacy": false, "compressed": false, "sampleRate": 10.0, "nRot": 0, "nPos": 0, "nScale": 0, "nFloat": 0, "nPPtr": 0, "bytes": 8908}
{"t": "AnimationClip", "name": "bubing11_JJQ_run_gpuskinclip", "bundle": "gameres_art_model_gs_gengpuanim_main_prefabs_newbies_prefab_1_e5ee2d727694d76d48d93bd4c3a4e1a4", "legacy": false, "compressed": false, "sampleRate": 10.0, "nRot": 0, "nPos": 0, "nScale": 0, "nFloat": 0, "nPPtr": 0, "bytes": 8931}
{"t": "AnimationClip", "name": "bubing11_JTL_attack_gpuskinclip", "bundle": "gameres_art_model_gs_gengpuanim_main_prefabs_newbies_prefab_1_e5ee2d727694d76d48d93bd4c3a4e1a4", "legacy": false, "compressed": false, "sampleRate": 10.0, "nRot": 0, "nPos": 0, "nScale": 0, "nFloat": 0, "nPPtr": 0, "bytes": 11362}
{"t": "AnimationClip", "name": "bubing11_JJQ_attack_gpuskinclip", "bundle": "gameres_art_model_gs_gengpuanim_main_prefabs_newbies_prefab_1_e5ee2d727694d76d48d93bd4c3a4e1a4", "legacy": false, "compressed": false, "sampleRate": 10.0, "nRot": 0, "nPos": 0, "nScale": 0, "nFloat": 0, "nPPtr": 0, "bytes": 10753}
{"t": "AnimationClip", "name": "bubing11_JTL_death_gpuskinclip", "bundle": "gameres_art_model_gs_gengpuanim_main_prefabs_newbies_prefab_1_e5ee2d727694d76d48d93bd4c3a4e1a4", "legacy": false, "compressed": false, "sampleRate": 10.624999046325684, "nRot": 0, "nPos": 0, "nScale": 0, "nFloat": 0, "nPPtr": 0, "bytes": 10121}
{"t": "AnimationClip", "name": "bubing11_JLT_run_rightward_45_gpuskinclip", "bundle": "gameres_art_model_gs_gengpuanim_main_prefabs_newbies_prefab_1_e5ee2d727694d76d48d93bd4c3a4e1a4", "legacy": false, "compressed": false, "sampleRate": 10.0, "nRot": 0, "nPos": 0, "nScale": 0, "nFloat": 0, "nPPtr": 0, "bytes": 8909}
{"t": "AnimationClip", "name": "bubing11_JJQ_run_leftward_45_gpuskinclip", "bundle": "gameres_art_model_gs_gengpuanim_main_prefabs_newbies_prefab_1_e5ee2d727694d76d48d93bd4c3a4e1a4", "legacy": false, "compressed": false, "sampleRate": 10.0, "nRot": 0, "nPos": 0, "nScale": 0, "nFloat": 0, "nPPtr": 0, "bytes": 7863}
{"t": "AnimationClip", "name": "bubing11_JTL_attack_move_gpuskinclip", "bundle": "gameres_art_model_gs_gengpuanim_main_prefabs_newbies_prefab_1_e5ee2d727694d76d48d93bd4c3a4e1a4", "legacy": false, "compressed": false, "sampleRate": 10.0, "nRot": 0, "nPos": 0, "nScale": 0, "nFloat": 0, "nPPtr": 0, "bytes": 10549}
{"t": "AnimationClip", "name": "bubing11_JJQ_death_gpuskinclip", "bundle": "gameres_art_model_gs_gengpuanim_main_prefabs_newbies_prefab_1_e5ee2d727694d76d48d93bd4c3a4e1a4", "legacy": false, "compressed": false, "sampleRate": 10.769229888916016, "nRot": 0, "nPos": 0, "nScale": 0, "nFloat": 0, "nPPtr": 0, "bytes": 11184}
{"t": "AnimationClip", "name": "bubing11_AK_run_gpuskinclip", "bundle": "gameres_art_model_gs_gengpuanim_main_prefabs_newbies_prefab_3_5bcc5c511f9385d48b8df38b314157a0", "legacy": false, "compressed": false, "sampleRate": 10.0, "nRot": 0, "nPos": 0, "nScale": 0, "nFloat": 0, "nPPtr": 0, "bytes": 9288}
{"t": "AnimationClip", "name": "bubing11_AK_death_gpuskinclip", "bundle": "gameres_art_model_gs_gengpuanim_main_prefabs_newbies_prefab_3_5bcc5c511f9385d48b8df38b314157a0", "legacy": false, "compressed": false, "sampleRate": 10.5, "nRot": 0, "nPos": 0, "nScale": 0, "nFloat": 0, "nPPtr": 0, "bytes": 9164}
{"t": "AnimationClip", "name": "bubing11_HJT_idle_gpuskinclip", "bundle": "gameres_art_model_gs_gengpuanim_main_prefabs_newbies_prefab_3_5bcc5c511f9385d48b8df38b314157a0", "legacy": false, "compressed": false, "sampleRate": 10.5, "nRot": 0, "nPos": 0, "nScale": 0, "nFloat": 0, "nPPtr": 0, "bytes": 7235}
{"t": "AnimationClip", "name": "bubing11_HJT_attack_gpuskinclip", "bundle": "gameres_art_model_gs_gengpuanim_main_prefabs_newbies_prefab_3_5bcc5c511f9385d48b8df38b314157a0", "legacy": false, "compressed": false, "sampleRate": 10.0, "nRot": 0, "nPos": 0, "nScale": 0, "nFloat": 0, "nPPtr": 0, "bytes": 10657}
{"t": "AnimationClip", "name": "bubing11_HJT_idle_01_gpuskinclip", "bundle": "gameres_art_model_gs_gengpuanim_main_prefabs_newbies_prefab_3_5bcc5c511f9385d48b8df38b314157a0", "legacy": false, "compressed": false, "sampleRate": 10.5, "nRot": 0, "nPos": 0, "nScale": 0, "nFloat": 0, "nPPtr": 0, "bytes": 7645}
{"t": "AnimationClip", "name": "bubing11_HJT_run__rightward_45_gpuskinclip", "bundle": "gameres_art_model_gs_gengpuanim_main_prefabs_newbies_prefab_3_5bcc5c511f9385d48b8df38b314157a0", "legacy": false, "compressed": false, "sampleRate": 10.0, "nRot": 0, "nPos": 0, "nScale": 0, "nFloat": 0, "nPPtr": 0, "bytes": 7873}
{"t": "AnimationClip", "name": "bubing11_AK_run_rightward_45_gpuskinclip", "bundle": "gameres_art_model_gs_gengpuanim_main_prefabs_newbies_prefab_3_5bcc5c511f9385d48b8df38b314157a0", "legacy": false, "compressed": false, "sampleRate": 10.0, "nRot": 0, "nPos": 0, "nScale": 0, "nFloat": 0, "nPPtr": 0, "bytes": 7688}
{"t": "AnimationClip", "name": "bubing11_HJT_run_gpuskinclip", "bundle": "gameres_art_model_gs_gengpuanim_main_prefabs_newbies_prefab_3_5bcc5c511f9385d48b8df38b314157a0", "legacy": false, "compressed": false, "sampleRate": 10.0, "nRot": 0, "nPos": 0, "nScale": 0, "nFloat": 0, "nPPtr": 0, "bytes": 9132}
{"t": "AnimationClip", "name": "bubing11_HJT_attack_move_gpuskinclip", "bundle": "gameres_art_model_gs_gengpuanim_main_prefabs_newbies_prefab_3_5bcc5c511f9385d48b8df38b314157a0", "legacy": false, "compressed": false, "sampleRate": 10.0, "nRot": 0, "nPos": 0, "nScale": 0, "nFloat": 0, "nPPtr": 0, "bytes": 11088}
{"t": "AnimationClip", "name": "bubing11_AK_idle_01_gpuskinclip", "bundle": "gameres_art_model_gs_gengpuanim_main_prefabs_newbies_prefab_3_5bcc5c511f9385d48b8df38b314157a0", "legacy": false, "compressed": false, "sampleRate": 10.5, "nRot": 0, "nPos": 0, "nScale": 0, "nFloat": 0, "nPPtr": 0, "bytes": 7823}
{"t": "AnimationClip", "name": "bubing11_AK_idle_gpuskinclip", "bundle": "gameres_art_model_gs_gengpuanim_main_prefabs_newbies_prefab_3_5bcc5c511f9385d48b8df38b314157a0", "legacy": false, "compressed": false, "sampleRate": 10.5, "nRot": 0, "nPos": 0, "nScale": 0, "nFloat": 0, "nPPtr": 0, "bytes": 8103}
{"t": "AnimationClip", "name": "bubing11_AK_run_leftward_45_gpuskinclip", "bundle": "gameres_art_model_gs_gengpuanim_main_prefabs_newbies_prefab_3_5bcc5c511f9385d48b8df38b314157a0", "legacy": false, "compressed": false, "sampleRate": 10.0, "nRot": 0, "nPos": 0, "nScale": 0, "nFloat": 0, "nPPtr": 0, "bytes": 7687}
{"t": "AnimationClip", "name": "bubing11_AK_attack_move_gpuskinclip", "bundle": "gameres_art_model_gs_gengpuanim_main_prefabs_newbies_prefab_3_5bcc5c511f9385d48b8df38b314157a0", "legacy": false, "compressed": false, "sampleRate": 10.0, "nRot": 0, "nPos": 0, "nScale": 0, "nFloat": 0, "nPPtr": 0, "bytes": 10765}
{"t": "AnimationClip", "name": "bubing11_AK_attack_gpuskinclip", "bundle": "gameres_art_model_gs_gengpuanim_main_prefabs_newbies_prefab_3_5bcc5c511f9385d48b8df38b314157a0", "legacy": false, "compressed": false, "sampleRate": 10.0, "nRot": 0, "nPos": 0, "nScale": 0, "nFloat": 0, "nPPtr": 0, "bytes": 9736}
{"t": "AnimationClip", "name": "bubing11_HJT_run__leftward_45_gpuskinclip", "bundle": "gameres_art_model_gs_gengpuanim_main_prefabs_newbies_prefab_3_5bcc5c511f9385d48b8df38b314157a0", "legacy": false, "compressed": false, "sampleRate": 10.0, "nRot": 0, "nPos": 0, "nScale": 0, "nFloat": 0, "nPPtr": 0, "bytes": 7872}
{"t": "AnimationClip", "name": "bubing11_HJT_death_gpuskinclip", "bundle": "gameres_art_model_gs_gengpuanim_main_prefabs_newbies_prefab_3_5bcc5c511f9385d48b8df38b314157a0", "legacy": false, "compressed": false, "sampleRate": 10.769229888916016, "nRot": 0, "nPos": 0, "nScale": 0, "nFloat": 0, "nPPtr": 0, "bytes": 11186}
{"t": "AnimationClip", "name": "bubing05_attack_gpuskinclip", "bundle": "gameres_art_model_gs_gengpuanim_main_prefabs_lwbattle_idlemonster_5_b06e86f123a8e34d8aac48ff590b9553", "legacy": false, "compressed": false, "sampleRate": 20.454544067382812, "nRot": 0, "nPos": 0, "nScale": 0, "nFloat": 0, "nPPtr": 0, "bytes": 8019}
{"t": "AnimationClip", "name": "bubing05_attack_move_gpuskinclip", "bundle": "gameres_art_model_gs_gengpuanim_main_prefabs_lwbattle_idlemonster_5_b06e86f123a8e34d8aac48ff590b9553", "legacy": false, "compressed": false, "sampleRate": 20.357141494750977, "nRot": 0, "nPos": 0, "nScale": 0, "nFloat": 0, "nPPtr": 0, "bytes": 10725}
{"t": "AnimationClip", "name": "bubing05_idle_gpuskinclip", "bundle": "gameres_art_model_gs_gengpuanim_main_prefabs_lwbattle_idlemonster_5_b06e86f123a8e34d8aac48ff590b9553", "legacy": false, "compressed": false, "sampleRate": 20.25, "nRot": 0, "nPos": 0, "nScale": 0, "nFloat": 0, "nPPtr": 0, "bytes": 7827}
{"t": "AnimationClip", "name": "bubing05_run_gpuskinclip", "bundle": "gameres_art_model_gs_gengpuanim_main_prefabs_lwbattle_idlemonster_5_b06e86f123a8e34d8aac48ff590b9553", "legacy": false, "compressed": false, "sampleRate": 21.428569793701172, "nRot": 0, "nPos": 0, "nScale": 0, "nFloat": 0, "nPPtr": 0, "bytes": 9422}
{"t": "AnimationClip", "name": "bubing05_death_gpuskinclip", "bundle": "gameres_art_model_gs_gengpuanim_main_prefabs_lwbattle_idlemonster_5_b06e86f123a8e34d8aac48ff590b9553", "legacy": false, "compressed": false, "sampleRate": 20.769229888916016, "nRot": 0, "nPos": 0, "nScale": 0, "nFloat": 0, "nPPtr": 0, "bytes": 11956}
{"t": "AnimationClip", "name": "Monica_01_idle_gpuskinclip", "bundle": "gameres_art_model_gs_gengpuanim_main_prefabs_lwbattle_idlemonster_6_4ab40df861fd5f38ef02c7c3a0d984d9", "legacy": false, "compressed": false, "sampleRate": 20.0, "nRot": 0, "nPos": 0, "nScale": 0, "nFloat": 0, "nPPtr": 0, "bytes": 11244}
{"t": "AnimationClip", "name": "Monica_01_walk_idle_gpuskinclip", "bundle": "gameres_art_model_gs_gengpuanim_main_prefabs_lwbattle_idlemonster_6_4ab40df861fd5f38ef02c7c3a0d984d9", "legacy": false, "compressed": false, "sampleRate": 20.2702693939209, "nRot": 0, "nPos": 0, "nScale": 0, "nFloat": 0, "nPPtr": 0, "bytes": 11211}
{"t": "AnimationClip", "name": "Monica_01_attack_idle_gpuskinclip", "bundle": "gameres_art_model_gs_gengpuanim_main_prefabs_lwbattle_idlemonster_6_4ab40df861fd5f38ef02c7c3a0d984d9", "legacy": false, "compressed": false, "sampleRate": 20.689655303955078, "nRot": 0, "nPos": 0, "nScale": 0, "nFloat": 0, "nPPtr": 0, "bytes": 14988}
{"t": "AnimationClip", "name": "Monica_01_attack_skll_idle_gpuskinclip", "bundle": "gameres_art_model_gs_gengpuanim_main_prefabs_lwbattle_idlemonster_6_4ab40df861fd5f38ef02c7c3a0d984d9", "legacy": false, "compressed": false, "sampleRate": 20.624998092651367, "nRot": 0, "nPos": 0, "nScale": 0, "nFloat": 0, "nPPtr": 0, "bytes": 15067}
{"t": "AnimationClip", "name": "Monica_01_dead_gpuskinclip", "bundle": "gameres_art_model_gs_gengpuanim_main_prefabs_lwbattle_idlemonster_6_4ab40df861fd5f38ef02c7c3a0d984d9", "legacy": false, "compressed": false, "sampleRate": 20.571426391601562, "nRot": 0, "nPos": 0, "nScale": 0, "nFloat": 0, "nPPtr": 0, "bytes": 16692}
{"t": "AnimationClip", "name": "Eff_xinshou_slh_daiji", "bundle": "gameres_art_lastwar_effect_prefab_xinshou_41187f0b1a7761dcbe6d619720e4f6d0", "legacy": false, "compressed": false, "sampleRate": 60.0, "nRot": 0, "nPos": 0, "nScale": 0, "nFloat": 0, "nPPtr": 0, "bytes": 6516}
{"t": "AnimationClip", "name": "Eff_xinshou_monster_miaozhun", "bundle": "gameres_art_lastwar_effect_prefab_xinshou_41187f0b1a7761dcbe6d619720e4f6d0", "legacy": false, "compressed": false, "sampleRate": 60.0, "nRot": 0, "nPos": 0, "nScale": 0, "nFloat": 0, "nPPtr": 0, "bytes": 9274}
{"t": "AnimatorController", "name": "Eff_xinshou_monster_zhunxin", "bundle": "gameres_art_lastwar_effect_prefab_xinshou_41187f0b1a7761dcbe6d619720e4f6d0", "legacy": null, "compressed": false, "sampleRate": null, "nRot": 0, "nPos": 0, "nScale": 0, "nFloat": 0, "nPPtr": 0, "bytes": 2542}
{"t": "AnimatorController", "name": "Eff_xinshou_feixu_chuizi", "bundle": "gameres_art_lastwar_effect_prefab_xinshou_41187f0b1a7761dcbe6d619720e4f6d0", "legacy": null, "compressed": false, "sampleRate": null, "nRot": 0, "nPos": 0, "nScale": 0, "nFloat": 0, "nPPtr": 0, "bytes": 5295}
{"t": "AnimatorController", "name": "Eff_xinshou_shibing_gongzuo", "bundle": "gameres_art_lastwar_effect_prefab_xinshou_41187f0b1a7761dcbe6d619720e4f6d0", "legacy": null, "compressed": false, "sampleRate": null, "nRot": 0, "nPos": 0, "nScale": 0, "nFloat": 0, "nPPtr": 0, "bytes": 2559}
{"t": "AnimationClip", "name": "Eff_xinshou_feixu_chuizi_start", "bundle": "gameres_art_lastwar_effect_prefab_xinshou_41187f0b1a7761dcbe6d619720e4f6d0", "legacy": false, "compressed": false, "sampleRate": 60.0, "nRot": 0, "nPos": 0, "nScale": 0, "nFloat": 0, "nPPtr": 0, "bytes": 7630}
{"t": "AnimationClip", "name": "Eff_xinshou_gongzuo", "bundle": "gameres_art_lastwar_effect_prefab_xinshou_41187f0b1a7761dcbe6d619720e4f6d0", "legacy": false, "compressed": false, "sampleRate": 60.0, "nRot": 0, "nPos": 0, "nScale": 0, "nFloat": 0, "nPPtr": 0, "bytes": 10230}
{"t": "AnimationClip", "name": "Eff_xinshou_feixu_chuizi_loop", "bundle": "gameres_art_lastwar_effect_prefab_xinshou_41187f0b1a7761dcbe6d619720e4f6d0", "legacy": false, "compressed": false, "sampleRate": 60.0, "nRot": 0, "nPos": 0, "nScale": 0, "nFloat": 0, "nPPtr": 0, "bytes": 7562}
{"t": "AnimatorController", "name": "Eff_xinshou_shengluehao", "bundle": "gameres_art_lastwar_effect_prefab_xinshou_41187f0b1a7761dcbe6d619720e4f6d0", "legacy": null, "compressed": false, "sampleRate": null, "nRot": 0, "nPos": 0, "nScale": 0, "nFloat": 0, "nPPtr": 0, "bytes": 4167}
{"t": "AnimationClip", "name": "Eff_xinshou_slh_chuxian", "bundle": "gameres_art_lastwar_effect_prefab_xinshou_41187f0b1a7761dcbe6d619720e4f6d0", "legacy": false, "compressed": false, "sampleRate": 60.0, "nRot": 0, "nPos": 0, "nScale": 0, "nFloat": 0, "nPPtr": 0, "bytes": 7363}
{"t": "AnimationClip", "name": "Eff_xinshou_shibing_gongzuo", "bundle": "gameres_art_lastwar_effect_prefab_xinshou_41187f0b1a7761dcbe6d619720e4f6d0", "legacy": false, "compressed": false, "sampleRate": 60.0, "nRot": 0, "nPos": 0, "nScale": 0, "nFloat": 0, "nPPtr": 0, "bytes": 10290}
{"t": "AnimatorController", "name": "Eff_xinshou_gongzuo", "bundle": "gameres_art_lastwar_effect_prefab_xinshou_41187f0b1a7761dcbe6d619720e4f6d0", "legacy": null, "compressed": false, "sampleRate": null, "nRot": 0, "nPos": 0, "nScale": 0, "nFloat": 0, "nPPtr": 0, "bytes": 2535}
{"t": "AnimationClip", "name": "Eff_xinshou_feixu_chuizi_end", "bundle": "gameres_art_lastwar_effect_prefab_xinshou_41187f0b1a7761dcbe6d619720e4f6d0", "legacy": false, "compressed": false, "sampleRate": 60.0, "nRot": 0, "nPos": 0, "nScale": 0, "nFloat": 0, "nPPtr": 0, "bytes": 7594}
{"t": "AnimationClip", "name": "bubing11_HG_run_leftward_45_gpuskinclip", "bundle": "gameres_art_model_gs_gengpuanim_main_prefabs_newbies_prefab_5_5da3da7c4b802bef7c4ebadbf33a1b46", "legacy": false, "compressed": false, "sampleRate": 10.0, "nRot": 0, "nPos": 0, "nScale": 0, "nFloat": 0, "nPPtr": 0, "bytes": 8246}
{"t": "AnimationClip", "name": "bubing11_HG_idle_gpuskinclip", "bundle": "gameres_art_model_gs_gengpuanim_main_prefabs_newbies_prefab_5_5da3da7c4b802bef7c4ebadbf33a1b46", "legacy": false, "compressed": false, "sampleRate": 10.5, "nRot": 0, "nPos": 0, "nScale": 0, "nFloat": 0, "nPPtr": 0, "bytes": 8274}
{"t": "AnimationClip", "name": "bubing11_HG_run_gpuskinclip", "bundle": "gameres_art_model_gs_gengpuanim_main_prefabs_newbies_prefab_5_5da3da7c4b802bef7c4ebadbf33a1b46", "legacy": false, "compressed": false, "sampleRate": 10.0, "nRot": 0, "nPos": 0, "nScale": 0, "nFloat": 0, "nPPtr": 0, "bytes": 9051}
{"t": "AnimationClip", "name": "bubing11_HG_run_rightward_45_gpuskinclip", "bundle": "gameres_art_model_gs_gengpuanim_main_prefabs_newbies_prefab_5_5da3da7c4b802bef7c4ebadbf33a1b46", "legacy": false, "compressed": false, "sampleRate": 10.0, "nRot": 0, "nPos": 0, "nScale": 0, "nFloat": 0, "nPPtr": 0, "bytes": 8247}
{"t": "AnimationClip", "name": "bubing11_HG_attack_gpuskinclip", "bundle": "gameres_art_model_gs_gengpuanim_main_prefabs_newbies_prefab_5_5da3da7c4b802bef7c4ebadbf33a1b46", "legacy": false, "compressed": false, "sampleRate": 10.799999237060547, "nRot": 0, "nPos": 0, "nScale": 0, "nFloat": 0, "nPPtr": 0, "bytes": 11248}
{"t": "AnimationClip", "name": "bubing11_HG_death_gpuskinclip", "bundle": "gameres_art_model_gs_gengpuanim_main_prefabs_newbies_prefab_5_5da3da7c4b802bef7c4ebadbf33a1b46", "legacy": false, "compressed": false, "sampleRate": 10.769229888916016, "nRot": 0, "nPos": 0, "nScale": 0, "nFloat": 0, "nPPtr": 0, "bytes": 12347}
{"t": "AnimationClip", "name": "bubing11_HG_attack_move_gpuskinclip", "bundle": "gameres_art_model_gs_gengpuanim_main_prefabs_newbies_prefab_5_5da3da7c4b802bef7c4ebadbf33a1b46", "legacy": false, "compressed": false, "sampleRate": 10.0, "nRot": 0, "nPos": 0, "nScale": 0, "nFloat": 0, "nPPtr": 0, "bytes": 11494}
{"t": "AnimationClip", "name": "bubing11_DDC_run_rightward_45_gpuskinclip", "bundle": "gameres_art_model_gs_gengpuanim_main_prefabs_newbies_prefab_6_7aa63a72613f44d26ae741b31866ddcf", "legacy": false, "compressed": false, "sampleRate": 10.0, "nRot": 0, "nPos": 0, "nScale": 0, "nFloat": 0, "nPPtr": 0, "bytes": 7731}
{"t": "AnimationClip", "name": "bubing11_DDC_attack_gpuskinclip", "bundle": "gameres_art_model_gs_gengpuanim_main_prefabs_newbies_prefab_6_7aa63a72613f44d26ae741b31866ddcf", "legacy": false, "compressed": false, "sampleRate": 10.5, "nRot": 0, "nPos": 0, "nScale": 0, "nFloat": 0, "nPPtr": 0, "bytes": 10607}
{"t": "AnimationClip", "name": "bubing11_DDC_idle_gpuskinclip", "bundle": "gameres_art_model_gs_gengpuanim_main_prefabs_newbies_prefab_6_7aa63a72613f44d26ae741b31866ddcf", "legacy": false, "compressed": false, "sampleRate": 10.5, "nRot": 0, "nPos": 0, "nScale": 0, "nFloat": 0, "nPPtr": 0, "bytes": 8519}
{"t": "AnimationClip", "name": "bubing11_DDC_run_leftward_45_gpuskinclip", "bundle": "gameres_art_model_gs_gengpuanim_main_prefabs_newbies_prefab_6_7aa63a72613f44d26ae741b31866ddcf", "legacy": false, "compressed": false, "sampleRate": 10.0, "nRot": 0, "nPos": 0, "nScale": 0, "nFloat": 0, "nPPtr": 0, "bytes": 7730}
{"t": "AnimationClip", "name": "bubing11_DDC_attack_move_gpuskinclip", "bundle": "gameres_art_model_gs_gengpuanim_main_prefabs_newbies_prefab_6_7aa63a72613f44d26ae741b31866ddcf", "legacy": false, "compressed": false, "sampleRate": 10.0, "nRot": 0, "nPos": 0, "nScale": 0, "nFloat": 0, "nPPtr": 0, "bytes": 13389}
{"t": "AnimationClip", "name": "bubing11_DDC_death_gpuskinclip", "bundle": "gameres_art_model_gs_gengpuanim_main_prefabs_newbies_prefab_6_7aa63a72613f44d26ae741b31866ddcf", "legacy": false, "compressed": false, "sampleRate": 10.0, "nRot": 0, "nPos": 0, "nScale": 0, "nFloat": 0, "nPPtr": 0, "bytes": 10321}
{"t": "AnimationClip", "name": "bubing11_DDC_idle_01_gpuskinclip", "bundle": "gameres_art_model_gs_gengpuanim_main_prefabs_newbies_prefab_6_7aa63a72613f44d26ae741b31866ddcf", "legacy": false, "compressed": false, "sampleRate": 10.5, "nRot": 0, "nPos": 0, "nScale": 0, "nFloat": 0, "nPPtr": 0, "bytes": 8522}
{"t": "AnimationClip", "name": "bubing11_DDC_run_gpuskinclip", "bundle": "gameres_art_model_gs_gengpuanim_main_prefabs_newbies_prefab_6_7aa63a72613f44d26ae741b31866ddcf", "legacy": false, "compressed": false, "sampleRate": 10.0, "nRot": 0, "nPos": 0, "nScale": 0, "nFloat": 0, "nPPtr": 0, "bytes": 7718}
{"t": "AnimationClip", "name": "dazhuang_idle_gpuskinclip", "bundle": "gameres_art_model_gs_gengpuanim_main_prefabs_newbies_prefab_7_4353994b08ee427645adc6a971b59ed5", "legacy": false, "compressed": false, "sampleRate": 10.199999809265137, "nRot": 0, "nPos": 0, "nScale": 0, "nFloat": 0, "nPPtr": 0, "bytes": 6461}
{"t": "AnimationClip", "name": "bubing11_HP_attack_move_gpuskinclip", "bundle": "gameres_art_model_gs_gengpuanim_main_prefabs_newbies_prefab_7_4353994b08ee427645adc6a971b59ed5", "legacy": false, "compressed": false, "sampleRate": 10.0, "nRot": 0, "nPos": 0, "nScale": 0, "nFloat": 0, "nPPtr": 0, "bytes": 12160}
{"t": "AnimationClip", "name": "dazhuang_left45_run_gpuskinclip", "bundle": "gameres_art_model_gs_gengpuanim_main_prefabs_newbies_prefab_7_4353994b08ee427645adc6a971b59ed5", "legacy": false, "compressed": false, "sampleRate": 11.249999046325684, "nRot": 0, "nPos": 0, "nScale": 0, "nFloat": 0, "nPPtr": 0, "bytes": 6465}
{"t": "AnimationClip", "name": "bubing11_HP_death_gpuskinclip", "bundle": "gameres_art_model_gs_gengpuanim_main_prefabs_newbies_prefab_7_4353994b08ee427645adc6a971b59ed5", "legacy": false, "compressed": false, "sampleRate": 10.769229888916016, "nRot": 0, "nPos": 0, "nScale": 0, "nFloat": 0, "nPPtr": 0, "bytes": 6838}
{"t": "AnimationClip", "name": "dazhuang_attack_gpuskinclip", "bundle": "gameres_art_model_gs_gengpuanim_main_prefabs_newbies_prefab_7_4353994b08ee427645adc6a971b59ed5", "legacy": false, "compressed": false, "sampleRate": 10.799999237060547, "nRot": 0, "nPos": 0, "nScale": 0, "nFloat": 0, "nPPtr": 0, "bytes": 6464}
{"t": "AnimationClip", "name": "bubing11_HP_idle_gpuskinclip", "bundle": "gameres_art_model_gs_gengpuanim_main_prefabs_newbies_prefab_7_4353994b08ee427645adc6a971b59ed5", "legacy": false, "compressed": false, "sampleRate": 10.5, "nRot": 0, "nPos": 0, "nScale": 0, "nFloat": 0, "nPPtr": 0, "bytes": 6895}
{"t": "AnimationClip", "name": "bubing11_HP_idle_01_gpuskinclip", "bundle": "gameres_art_model_gs_gengpuanim_main_prefabs_newbies_prefab_7_4353994b08ee427645adc6a971b59ed5", "legacy": false, "compressed": false, "sampleRate": 10.5, "nRot": 0, "nPos": 0, "nScale": 0, "nFloat": 0, "nPPtr": 0, "bytes": 6811}
{"t": "AnimationClip", "name": "dazhuang_dead_gpuskinclip", "bundle": "gameres_art_model_gs_gengpuanim_main_prefabs_newbies_prefab_7_4353994b08ee427645adc6a971b59ed5", "legacy": false, "compressed": false, "sampleRate": 10.15384578704834, "nRot": 0, "nPos": 0, "nScale": 0, "nFloat": 0, "nPPtr": 0, "bytes": 6460}
{"t": "AnimationClip", "name": "dazhuang_right45_run_gpuskinclip", "bundle": "gameres_art_model_gs_gengpuanim_main_prefabs_newbies_prefab_7_4353994b08ee427645adc6a971b59ed5", "legacy": false, "compressed": false, "sampleRate": 11.249999046325684, "nRot": 0, "nPos": 0, "nScale": 0, "nFloat": 0, "nPPtr": 0, "bytes": 6466}
{"t": "AnimationClip", "name": "bubing11_HP_run_gpuskinclip", "bundle": "gameres_art_model_gs_gengpuanim_main_prefabs_newbies_prefab_7_4353994b08ee427645adc6a971b59ed5", "legacy": false, "compressed": false, "sampleRate": 10.0, "nRot": 0, "nPos": 0, "nScale": 0, "nFloat": 0, "nPPtr": 0, "bytes": 8879}
{"t": "AnimationClip", "name": "bubing11_HP_run_rightward_45_gpuskinclip", "bundle": "gameres_art_model_gs_gengpuanim_main_prefabs_newbies_prefab_7_4353994b08ee427645adc6a971b59ed5", "legacy": false, "compressed": false, "sampleRate": 10.0, "nRot": 0, "nPos": 0, "nScale": 0, "nFloat": 0, "nPPtr": 0, "bytes": 8893}
{"t": "AnimationClip", "name": "dazhuang_attack_move_gpuskinclip", "bundle": "gameres_art_model_gs_gengpuanim_main_prefabs_newbies_prefab_7_4353994b08ee427645adc6a971b59ed5", "legacy": false, "compressed": false, "sampleRate": 11.249999046325684, "nRot": 0, "nPos": 0, "nScale": 0, "nFloat": 0, "nPPtr": 0, "bytes": 6466}
{"t": "AnimationClip", "name": "bubing11_JTL_idle_gpuskinclip", "bundle": "gameres_art_model_gs_gengpuanim_main_prefabs_newbies_prefab_7_4353994b08ee427645adc6a971b59ed5", "legacy": false, "compressed": false, "sampleRate": 10.5, "nRot": 0, "nPos": 0, "nScale": 0, "nFloat": 0, "nPPtr": 0, "bytes": 6437}
{"t": "AnimationClip", "name": "dazhuang_run_gpuskinclip", "bundle": "gameres_art_model_gs_gengpuanim_main_prefabs_newbies_prefab_7_4353994b08ee427645adc6a971b59ed5", "legacy": false, "compressed": false, "sampleRate": 11.249999046325684, "nRot": 0, "nPos": 0, "nScale": 0, "nFloat": 0, "nPPtr": 0, "bytes": 6458}
{"t": "AnimationClip", "name": "bubing11_HP_attack_gpuskinclip", "bundle": "gameres_art_model_gs_gengpuanim_main_prefabs_newbies_prefab_7_4353994b08ee427645adc6a971b59ed5", "legacy": false, "compressed": false, "sampleRate": 10.5, "nRot": 0, "nPos": 0, "nScale": 0, "nFloat": 0, "nPPtr": 0, "bytes": 9793}
{"t": "AnimationClip", "name": "bubing11_HP_run_leftward_45_gpuskinclip", "bundle": "gameres_art_model_gs_gengpuanim_main_prefabs_newbies_prefab_7_4353994b08ee427645adc6a971b59ed5", "legacy": false, "compressed": false, "sampleRate": 10.0, "nRot": 0, "nPos": 0, "nScale": 0, "nFloat": 0, "nPPtr": 0, "bytes": 8892}
{"t": "AnimatorController", "name": "A_Hero_nvniuzaiqban_ctrl", "bundle": "gameres_auto_assets__art_aps_old_other_other_mov_xs_tuohuang_pve_a_hero_nvniuzai_animator_3f2a7d24d88d98c41acc39beb78b185f", "legacy": null, "compressed": false, "sampleRate": null, "nRot": 0, "nPos": 0, "nScale": 0, "nFloat": 0, "nPPtr": 0, "bytes": 19377}
{"t": "AnimationClip", "name": "Take 001", "bundle": "gameres_auto_assets__art_art_effects_worldscene_mesh_c35597e7898431e0219220779cd240e3", "legacy": false, "compressed": false, "sampleRate": 30.0, "nRot": 0, "nPos": 0, "nScale": 0, "nFloat": 0, "nPPtr": 0, "bytes": 14499}
{"t": "AnimationClip", "name": "Take 001", "bundle": "gameres_auto_assets__art_art_effects_worldscene_mesh_c35597e7898431e0219220779cd240e3", "legacy": false, "compressed": false, "sampleRate": 24.0, "nRot": 0, "nPos": 0, "nScale": 0, "nFloat": 0, "nPPtr": 0, "bytes": 11779}
{"t": "AnimationClip", "name": "nvzhuboqban_pao", "bundle": "gameres_auto_assets__art_aps_old_other_other_mov_xs_tuohuang_pve_a_hero_nvzhubo_animation_4e1b64b27c2e84722a48a0b6219a9a40", "legacy": false, "compressed": false, "sampleRate": 30.0, "nRot": 0, "nPos": 0, "nScale": 0, "nFloat": 0, "nPPtr": 0, "bytes": 109709}
{"t": "AnimationClip", "name": "nvzhuboqban_iphone_idle_01", "bundle": "gameres_auto_assets__art_aps_old_other_other_mov_xs_tuohuang_pve_a_hero_nvzhubo_animation_4e1b64b27c2e84722a48a0b6219a9a40", "legacy": false, "compressed": false, "sampleRate": 30.0, "nRot": 0, "nPos": 0, "nScale": 0, "nFloat": 0, "nPPtr": 0, "bytes": 98167}
{"t": "AnimationClip", "name": "nvzhuboqban_daiji_01", "bundle": "gameres_auto_assets__art_aps_old_other_other_mov_xs_tuohuang_pve_a_hero_nvzhubo_animation_4e1b64b27c2e84722a48a0b6219a9a40", "legacy": false, "compressed": false, "sampleRate": 30.0, "nRot": 0, "nPos": 0, "nScale": 0, "nFloat": 0, "nPPtr": 0, "bytes": 77665}
{"t": "AnimationClip", "name": "nvzhuboqban_huxi_01", "bundle": "gameres_auto_assets__art_aps_old_other_other_mov_xs_tuohuang_pve_a_hero_nvzhubo_animation_4e1b64b27c2e84722a48a0b6219a9a40", "legacy": false, "compressed": false, "sampleRate": 30.0, "nRot": 0, "nPos": 0, "nScale": 0, "nFloat": 0, "nPPtr": 0, "bytes": 75402}
{"t": "AnimationClip", "name": "nvzhuboqban_zoulu_02", "bundle": "gameres_auto_assets__art_aps_old_other_other_mov_xs_tuohuang_pve_a_hero_nvzhubo_animation_4e1b64b27c2e84722a48a0b6219a9a40", "legacy": false, "compressed": false, "sampleRate": 30.0, "nRot": 0, "nPos": 0, "nScale": 0, "nFloat": 0, "nPPtr": 0, "bytes": 105338}
{"t": "AnimationClip", "name": "nvzhuboqban_gongji_02", "bundle": "gameres_auto_assets__art_aps_old_other_other_mov_xs_tuohuang_pve_a_hero_nvzhubo_animation_4e1b64b27c2e84722a48a0b6219a9a40", "legacy": false, "compressed": false, "sampleRate": 30.0, "nRot": 0, "nPos": 0, "nScale": 0, "nFloat": 0, "nPPtr": 0, "bytes": 100463}
{"t": "AnimationClip", "name": "nvzhuboqban_zhuanquan", "bundle": "gameres_auto_assets__art_aps_old_other_other_mov_xs_tuohuang_pve_a_hero_nvzhubo_animation_4e1b64b27c2e84722a48a0b6219a9a40", "legacy": false, "compressed": false, "sampleRate": 30.0, "nRot": 0, "nPos": 0, "nScale": 0, "nFloat": 0, "nPPtr": 0, "bytes": 69834}
{"t": "AnimationClip", "name": "nvzhuboqban_zhaoshou", "bundle": "gameres_auto_assets__art_aps_old_other_other_mov_xs_tuohuang_pve_a_hero_nvzhubo_animation_4e1b64b27c2e84722a48a0b6219a9a40", "legacy": false, "compressed": false, "sampleRate": 30.0, "nRot": 0, "nPos": 0, "nScale": 0, "nFloat": 0, "nPPtr": 0, "bytes": 200891}
{"t": "AnimationClip", "name": "nvzhuboqban_weaken", "bundle": "gameres_auto_assets__art_aps_old_other_other_mov_xs_tuohuang_pve_a_hero_nvzhubo_animation_4e1b64b27c2e84722a48a0b6219a9a40", "legacy": false, "compressed": false, "sampleRate": 30.0, "nRot": 0, "nPos": 0, "nScale": 0, "nFloat": 0, "nPPtr": 0, "bytes": 72973}
{"t": "AnimationClip", "name": "nvzhuboqban_huikan_01", "bundle": "gameres_auto_assets__art_aps_old_other_other_mov_xs_tuohuang_pve_a_hero_nvzhubo_animation_4e1b64b27c2e84722a48a0b6219a9a40", "legacy": false, "compressed": false, "sampleRate": 30.0, "nRot": 0, "nPos": 0, "nScale": 0, "nFloat": 0, "nPPtr": 0, "bytes": 91829}
{"t": "AnimationClip", "name": "nvzhuboqban_huikan_02", "bundle": "gameres_auto_assets__art_aps_old_other_other_mov_xs_tuohuang_pve_a_hero_nvzhubo_animation_4e1b64b27c2e84722a48a0b6219a9a40", "legacy": false, "compressed": false, "sampleRate": 30.0, "nRot": 0, "nPos": 0, "nScale": 0, "nFloat": 0, "nPPtr": 0, "bytes": 98177}
{"t": "AnimationClip", "name": "nvzhuboqban_gongji_01", "bundle": "gameres_auto_assets__art_aps_old_other_other_mov_xs_tuohuang_pve_a_hero_nvzhubo_animation_4e1b64b27c2e84722a48a0b6219a9a40", "legacy": false, "compressed": false, "sampleRate": 30.0, "nRot": 0, "nPos": 0, "nScale": 0, "nFloat": 0, "nPPtr": 0, "bytes": 100920}
{"t": "AnimationClip", "name": "Take 001", "bundle": "gameres_auto_assets__art_effect_mesh_xuanqu_dikuai_595ce888a8e874a4daf9e88d4799fc9a", "legacy": false, "compressed": false, "sampleRate": 30.0, "nRot": 0, "nPos": 0, "nScale": 0, "nFloat": 0, "nPPtr": 0, "bytes": 6226}
{"t": "AnimationClip", "name": "Take 001", "bundle": "gameres_auto_assets__art_effect_mesh_xuanqu_dikuai_595ce888a8e874a4daf9e88d4799fc9a", "legacy": false, "compressed": false, "sampleRate": 30.0, "nRot": 0, "nPos": 0, "nScale": 0, "nFloat": 0, "nPPtr": 0, "bytes": 6893}
{"t": "AnimationClip", "name": "Take 001", "bundle": "gameres_auto_assets__art_lastwar_artassetincrement_activity_bountyhunter_environment_shitouluzhang_mesh_1_f801e2e0e7b882727ed04414b9b66d55", "legacy": false, "compressed": false, "sampleRate": 30.0, "nRot": 0, "nPos": 0, "nScale": 0, "nFloat": 0, "nPPtr": 0, "bytes": 6366}
{"t": "AnimationClip", "name": "Take 001", "bundle": "gameres_auto_assets__art_effect_mesh_18d02680dab84d295f3832cc313314b7", "legacy": false, "compressed": false, "sampleRate": 24.0, "nRot": 0, "nPos": 0, "nScale": 0, "nFloat": 0, "nPPtr": 0, "bytes": 6937}
{"t": "AnimationClip", "name": "Take 001", "bundle": "gameres_auto_assets__art_effect_mesh_18d02680dab84d295f3832cc313314b7", "legacy": false, "compressed": false, "sampleRate": 30.0, "nRot": 0, "nPos": 0, "nScale": 0, "nFloat": 0, "nPPtr": 0, "bytes": 12979}
{"t": "AnimationClip", "name": "Take 001", "bundle": "gameres_auto_assets__art_effect_mesh_18d02680dab84d295f3832cc313314b7", "legacy": false, "compressed": false, "sampleRate": 30.0, "nRot": 0, "nPos": 0, "nScale": 0, "nFloat": 0, "nPPtr": 0, "bytes": 669614}
{"t": "AnimationClip", "name": "huangjinyizu_walk", "bundle": "gameres_auto_assets__art_lastwar_artassetincrement_seasons_s3_characters_worker_a_hero_huangjinyizu01_animation_d055807e8d1e916361be99d28916c0d4", "legacy": false, "compressed": false, "sampleRate": 30.0, "nRot": 0, "nPos": 0, "nScale": 0, "nFloat": 0, "nPPtr": 0, "bytes": 171790}
{"t": "AnimationClip", "name": "huangjinyizu_idle", "bundle": "gameres_auto_assets__art_lastwar_artassetincrement_seasons_s3_characters_worker_a_hero_huangjinyizu01_animation_d055807e8d1e916361be99d28916c0d4", "legacy": false, "compressed": false, "sampleRate": 30.0, "nRot": 0, "nPos": 0, "nScale": 0, "nFloat": 0, "nPPtr": 0, "bytes": 118662}
{"t": "AnimationClip", "name": "feihongqibing_run", "bundle": "gameres_auto_assets__art_lastwar_artassetincrement_seasons_s3_characters_worker_a_hero_feihongqibing01_animation_9a68a6c6e27b13306fddca91e9e31c5f", "legacy": false, "compressed": false, "sampleRate": 30.0, "nRot": 0, "nPos": 0, "nScale": 0, "nFloat": 0, "nPPtr": 0, "bytes": 100535}
{"t": "AnimationClip", "name": "feihongqibing_idle", "bundle": "gameres_auto_assets__art_lastwar_artassetincrement_seasons_s3_characters_worker_a_hero_feihongqibing01_animation_9a68a6c6e27b13306fddca91e9e31c5f", "legacy": false, "compressed": false, "sampleRate": 30.0, "nRot": 0, "nPos": 0, "nScale": 0, "nFloat": 0, "nPPtr": 0, "bytes": 92755}
{"t": "AnimationClip", "name": "feihongqibing_wallk", "bundle": "gameres_auto_assets__art_lastwar_artassetincrement_seasons_s3_characters_worker_a_hero_feihongqibing01_animation_9a68a6c6e27b13306fddca91e9e31c5f", "legacy": false, "compressed": false, "sampleRate": 30.0, "nRot": 0, "nPos": 0, "nScale": 0, "nFloat": 0, "nPPtr": 0, "bytes": 135810}
{"t": "AnimationClip", "name": "Eff_S4_zhaocaimao_03", "bundle": "gameres_auto_assets__art_lastwar_artassetincrement_seasons_s4_build_a_build_s4_zhaocaimao_animation_4c6bd71efff3c89f92934f9c793191fa", "legacy": false, "compressed": false, "sampleRate": 30.0, "nRot": 0, "nPos": 0, "nScale": 0, "nFloat": 0, "nPPtr": 0, "bytes": 11221}
{"t": "AnimationClip", "name": "ActLotteryPreOpenRewardIn", "bundle": "gameres_auto_assets__art_lastwar_effect_animation_actthanksgiving_678406466d34cdf555c861eb5204d5fa", "legacy": false, "compressed": false, "sampleRate": 60.0, "nRot": 0, "nPos": 0, "nScale": 0, "nFloat": 0, "nPPtr": 0, "bytes": 12550}
{"t": "AnimationClip", "name": "ActLotteryPreOpenRewardLoop", "bundle": "gameres_auto_assets__art_lastwar_effect_animation_actthanksgiving_678406466d34cdf555c861eb5204d5fa", "legacy": false, "compressed": false, "sampleRate": 60.0, "nRot": 0, "nPos": 0, "nScale": 0, "nFloat": 0, "nPPtr": 0, "bytes": 11843}
{"t": "AnimationClip", "name": "ActLotteryDrawRewardItemFanPai", "bundle": "gameres_auto_assets__art_lastwar_effect_animation_actthanksgiving_678406466d34cdf555c861eb5204d5fa", "legacy": false, "compressed": false, "sampleRate": 60.0, "nRot": 0, "nPos": 0, "nScale": 0, "nFloat": 0, "nPPtr": 0, "bytes": 9320}
{"t": "AnimationClip", "name": "ActLotteryBigRewardSpecialShow_In", "bundle": "gameres_auto_assets__art_lastwar_effect_animation_actthanksgiving_678406466d34cdf555c861eb5204d5fa", "legacy": false, "compressed": false, "sampleRate": 60.0, "nRot": 0, "nPos": 0, "nScale": 0, "nFloat": 0, "nPPtr": 0, "bytes": 23786}
{"t": "AnimatorController", "name": "ActLotteryBigRewardSpecialShow", "bundle": "gameres_auto_assets__art_lastwar_effect_animation_actthanksgiving_678406466d34cdf555c861eb5204d5fa", "legacy": null, "compressed": false, "sampleRate": null, "nRot": 0, "nPos": 0, "nScale": 0, "nFloat": 0, "nPPtr": 0, "bytes": 7647}
{"t": "AnimationClip", "name": "ActLotteryBigRewardSpecialShow_NoAwardLoop", "bundle": "gameres_auto_assets__art_lastwar_effect_animation_actthanksgiving_678406466d34cdf555c861eb5204d5fa", "legacy": false, "compressed": false, "sampleRate": 60.0, "nRot": 0, "nPos": 0, "nScale": 0, "nFloat": 0, "nPPtr": 0, "bytes": 12555}
{"t": "AnimationClip", "name": "ActLotteryPreOpenRewardOpenAward2", "bundle": "gameres_auto_assets__art_lastwar_effect_animation_actthanksgiving_678406466d34cdf555c861eb5204d5fa", "legacy": false, "compressed": false, "sampleRate": 60.0, "nRot": 0, "nPos": 0, "nScale": 0, "nFloat": 0, "nPPtr": 0, "bytes": 19137}
{"t": "AnimatorController", "name": "ActLotteryPreOpenReward", "bundle": "gameres_auto_assets__art_lastwar_effect_animation_actthanksgiving_678406466d34cdf555c861eb5204d5fa", "legacy": null, "compressed": false, "sampleRate": null, "nRot": 0, "nPos": 0, "nScale": 0, "nFloat": 0, "nPPtr": 0, "bytes": 5889}
{"t": "AnimationClip", "name": "ActLotteryBigRewardSpecialShow_loop", "bundle": "gameres_auto_assets__art_lastwar_effect_animation_actthanksgiving_678406466d34cdf555c861eb5204d5fa", "legacy": false, "compressed": false, "sampleRate": 60.0, "nRot": 0, "nPos": 0, "nScale": 0, "nFloat": 0, "nPPtr": 0, "bytes": 13679}
{"t": "AnimationClip", "name": "ActLotteryBigRewardSpecialShow_NoAwardIn", "bundle": "gameres_auto_assets__art_lastwar_effect_animation_actthanksgiving_678406466d34cdf555c861eb5204d5fa", "legacy": false, "compressed": false, "sampleRate": 60.0, "nRot": 0, "nPos": 0, "nScale": 0, "nFloat": 0, "nPPtr": 0, "bytes": 16335}
{"t": "AnimationClip", "name": "failureNoUI", "bundle": "gameres_auto_assets__art_effect_animation_3d70ae15092bdf63b002f210f76f1cd9", "legacy": false, "compressed": false, "sampleRate": 60.0, "nRot": 0, "nPos": 0, "nScale": 0, "nFloat": 0, "nPPtr": 0, "bytes": 8054}
{"t": "AnimationClip", "name": "victoryUI", "bundle": "gameres_auto_assets__art_effect_animation_3d70ae15092bdf63b002f210f76f1cd9", "legacy": false, "compressed": false, "sampleRate": 60.0, "nRot": 0, "nPos": 0, "nScale": 0, "nFloat": 0, "nPPtr": 0, "bytes": 7440}
{"t": "AnimationClip", "name": "V_lianmengbiaoji", "bundle": "gameres_auto_assets__art_effect_animation_3d70ae15092bdf63b002f210f76f1cd9", "legacy": false, "compressed": false, "sampleRate": 60.0, "nRot": 0, "nPos": 0, "nScale": 0, "nFloat": 0, "nPPtr": 0, "bytes": 6140}
{"t": "AnimatorController", "name": "V_ui_diancai_anim", "bundle": "gameres_auto_assets__art_effect_animation_3d70ae15092bdf63b002f210f76f1cd9", "legacy": null, "compressed": false, "sampleRate": null, "nRot": 0, "nPos": 0, "nScale": 0, "nFloat": 0, "nPPtr": 0, "bytes": 4741}
{"t": "AnimationClip", "name": "V_firstPayBg", "bundle": "gameres_auto_assets__art_effect_animation_3d70ae15092bdf63b002f210f76f1cd9", "legacy": false, "compressed": false, "sampleRate": 60.0, "nRot": 0, "nPos": 0, "nScale": 0, "nFloat": 0, "nPPtr": 0, "bytes": 7564}
{"t": "AnimationClip", "name": "V_ui_LWUIZoneMobilizationDonatedInfoItemRender_box_loop", "bundle": "gameres_auto_assets__art_effect_animation_3d70ae15092bdf63b002f210f76f1cd9", "legacy": false, "compressed": false, "sampleRate": 60.0, "nRot": 0, "nPos": 0, "nScale": 0, "nFloat": 0, "nPPtr": 0, "bytes": 8134}
{"t": "AnimationClip", "name": "V_xuanyun_close_anim", "bundle": "gameres_auto_assets__art_effect_animation_3d70ae15092bdf63b002f210f76f1cd9", "legacy": false, "compressed": false, "sampleRate": 60.0, "nRot": 0, "nPos": 0, "nScale": 0, "nFloat": 0, "nPPtr": 0, "bytes": 6306}
{"t": "AnimatorController", "name": "NewPeakArena", "bundle": "gameres_auto_assets__art_effect_animation_3d70ae15092bdf63b002f210f76f1cd9", "legacy": null, "compressed": false, "sampleRate": null, "nRot": 0, "nPos": 0, "nScale": 0, "nFloat": 0, "nPPtr": 0, "bytes": 2525}
{"t": "AnimatorController", "name": "UIAttackSnowCityMain", "bundle": "gameres_auto_assets__art_effect_animation_3d70ae15092bdf63b002f210f76f1cd9", "legacy": null, "compressed": false, "sampleRate": null, "nRot": 0, "nPos": 0, "nScale": 0, "nFloat": 0, "nPPtr": 0, "bytes": 2536}
{"t": "AnimationClip", "name": "V_ui_diancai_finish", "bundle": "gameres_auto_assets__art_effect_animation_3d70ae15092bdf63b002f210f76f1cd9", "legacy": false, "compressed": false, "sampleRate": 60.0, "nRot": 0, "nPos": 0, "nScale": 0, "nFloat": 0, "nPPtr": 0, "bytes": 6683}
{"t": "AnimationClip", "name": "V_ui_zhoukabaoxiang_01_open_copy", "bundle": "gameres_auto_assets__art_effect_animation_3d70ae15092bdf63b002f210f76f1cd9", "legacy": false, "compressed": false, "sampleRate": 60.0, "nRot": 0, "nPos": 0, "nScale": 0, "nFloat": 0, "nPPtr": 0, "bytes": 7304}
{"t": "AnimationClip", "name": "V_ui_TCNormalCardItem_result", "bundle": "gameres_auto_assets__art_effect_animation_3d70ae15092bdf63b002f210f76f1cd9", "legacy": false, "compressed": false, "sampleRate": 60.0, "nRot": 0, "nPos": 0, "nScale": 0, "nFloat": 0, "nPPtr": 0, "bytes": 8302}
{"t": "AnimatorController", "name": "V_jianzhuxuanzhong_anim", "bundle": "gameres_auto_assets__art_effect_animation_3d70ae15092bdf63b002f210f76f1cd9", "legacy": null, "compressed": false, "sampleRate": null, "nRot": 0, "nPos": 0, "nScale": 0, "nFloat": 0, "nPPtr": 0, "bytes": 4872}
{"t": "AnimatorController", "name": "selectFlag 1", "bundle": "gameres_auto_assets__art_effect_animation_3d70ae15092bdf63b002f210f76f1cd9", "legacy": null, "compressed": false, "sampleRate": null, "nRot": 0, "nPos": 0, "nScale": 0, "nFloat": 0, "nPPtr": 0, "bytes": 2569}
{"t": "AnimationClip", "name": "V_jianzhuxuanzhong_close_anim", "bundle": "gameres_auto_assets__art_effect_animation_3d70ae15092bdf63b002f210f76f1cd9", "legacy": false, "compressed": false, "sampleRate": 60.0, "nRot": 0, "nPos": 0, "nScale": 0, "nFloat": 0, "nPPtr": 0, "bytes": 7904}
{"t": "AnimationClip", "name": "V_ui_youlin_radar_in", "bundle": "gameres_auto_assets__art_effect_animation_3d70ae15092bdf63b002f210f76f1cd9", "legacy": false, "compressed": false, "sampleRate": 60.0, "nRot": 0, "nPos": 0, "nScale": 0, "nFloat": 0, "nPPtr": 0, "bytes": 7087}
{"t": "AnimationClip", "name": "V_ui_jiesuo_invasion_in", "bundle": "gameres_auto_assets__art_effect_animation_3d70ae15092bdf63b002f210f76f1cd9", "legacy": false, "compressed": false, "sampleRate": 60.0, "nRot": 0, "nPos": 0, "nScale": 0, "nFloat": 0, "nPPtr": 0, "bytes": 6775}
{"t": "AnimationClip", "name": "Damage_Text", "bundle": "gameres_auto_assets__art_effect_animation_3d70ae15092bdf63b002f210f76f1cd9", "legacy": false, "compressed": false, "sampleRate": 60.0, "nRot": 0, "nPos": 0, "nScale": 0, "nFloat": 0, "nPPtr": 0, "bytes": 8412}
{"t": "AnimationClip", "name": "V_ui_UILand_help_daiji", "bundle": "gameres_auto_assets__art_effect_animation_3d70ae15092bdf63b002f210f76f1cd9", "legacy": false, "compressed": false, "sampleRate": 60.0, "nRot": 0, "nPos": 0, "nScale": 0, "nFloat": 0, "nPPtr": 0, "bytes": 7109}
{"t": "AnimationClip", "name": "V_ui_UILWTrainDeparture_switch_dear", "bundle": "gameres_auto_assets__art_effect_animation_3d70ae15092bdf63b002f210f76f1cd9", "legacy": false, "compressed": false, "sampleRate": 60.0, "nRot": 0, "nPos": 0, "nScale": 0, "nFloat": 0, "nPPtr": 0, "bytes": 28036}
{"t": "AnimationClip", "name": "V_ui_qiri_anim", "bundle": "gameres_auto_assets__art_effect_animation_3d70ae15092bdf63b002f210f76f1cd9", "legacy": false, "compressed": false, "sampleRate": 60.0, "nRot": 0, "nPos": 0, "nScale": 0, "nFloat": 0, "nPPtr": 0, "bytes": 7963}
{"t": "AnimationClip", "name": "V_ui_jiesuo_invasion_fade_in_out", "bundle": "gameres_auto_assets__art_effect_animation_3d70ae15092bdf63b002f210f76f1cd9", "legacy": false, "compressed": false, "sampleRate": 60.0, "nRot": 0, "nPos": 0, "nScale": 0, "nFloat": 0, "nPPtr": 0, "bytes": 9136}
{"t": "AnimationClip", "name": "V_ui_UITacticalWeaponSuperStageUp_out", "bundle": "gameres_auto_assets__art_effect_animation_3d70ae15092bdf63b002f210f76f1cd9", "legacy": false, "compressed": false, "sampleRate": 60.0, "nRot": 0, "nPos": 0, "nScale": 0, "nFloat": 0, "nPPtr": 0, "bytes": 14284}
{"t": "AnimatorController", "name": "V_ui_UILand_help", "bundle": "gameres_auto_assets__art_effect_animation_3d70ae15092bdf63b002f210f76f1cd9", "legacy": null, "compressed": false, "sampleRate": null, "nRot": 0, "nPos": 0, "nScale": 0, "nFloat": 0, "nPPtr": 0, "bytes": 2538}
{"t": "AnimationClip", "name": "V_ui_Guidearrowfingertype_dianji", "bundle": "gameres_auto_assets__art_effect_animation_3d70ae15092bdf63b002f210f76f1cd9", "legacy": false, "compressed": false, "sampleRate": 60.0, "nRot": 0, "nPos": 0, "nScale": 0, "nFloat": 0, "nPPtr": 0, "bytes": 8022}
{"t": "AnimatorController", "name": "UIActValentine_upgrade", "bundle": "gameres_auto_assets__art_effect_animation_3d70ae15092bdf63b002f210f76f1cd9", "legacy": null, "compressed": false, "sampleRate": null, "nRot": 0, "nPos": 0, "nScale": 0, "nFloat": 0, "nPPtr": 0, "bytes": 6019}
{"t": "AnimatorController", "name": "V_ui_zhoukabaoxiang_01", "bundle": "gameres_auto_assets__art_effect_animation_3d70ae15092bdf63b002f210f76f1cd9", "legacy": null, "compressed": false, "sampleRate": null, "nRot": 0, "nPos": 0, "nScale": 0, "nFloat": 0, "nPPtr": 0, "bytes": 4801}
{"t": "AnimationClip", "name": "V_ui_LWUIZoneMobilizationAllianceRankItemRender_in", "bundle": "gameres_auto_assets__art_effect_animation_3d70ae15092bdf63b002f210f76f1cd9", "legacy": false, "compressed": false, "sampleRate": 60.0, "nRot": 0, "nPos": 0, "nScale": 0, "nFloat": 0, "nPPtr": 0, "bytes": 7756}
{"t": "AnimationClip", "name": "V_end_huxi", "bundle": "gameres_auto_assets__art_effect_animation_3d70ae15092bdf63b002f210f76f1cd9", "legacy": false, "compressed": false, "sampleRate": 60.0, "nRot": 0, "nPos": 0, "nScale": 0, "nFloat": 0, "nPPtr": 0, "bytes": 6306}
{"t": "AnimationClip", "name": "V_ui_UIActValentine_upgrade_loop", "bundle": "gameres_auto_assets__art_effect_animation_3d70ae15092bdf63b002f210f76f1cd9", "legacy": false, "compressed": false, "sampleRate": 60.0, "nRot": 0, "nPos": 0, "nScale": 0, "nFloat": 0, "nPPtr": 0, "bytes": 22965}
{"t": "AnimationClip", "name": "V_ziyuan_piaozi_slow", "bundle": "gameres_auto_assets__art_effect_animation_3d70ae15092bdf63b002f210f76f1cd9", "legacy": false, "compressed": false, "sampleRate": 60.0, "nRot": 0, "nPos": 0, "nScale": 0, "nFloat": 0, "nPPtr": 0, "bytes": 10913}
{"t": "AnimationClip", "name": "V_ui_skillchippage_out", "bundle": "gameres_auto_assets__art_effect_animation_3d70ae15092bdf63b002f210f76f1cd9", "legacy": false, "compressed": false, "sampleRate": 60.0, "nRot": 0, "nPos": 0, "nScale": 0, "nFloat": 0, "nPPtr": 0, "bytes": 9655}
{"t": "AnimationClip", "name": "V_zhandou_shuzi_bai", "bundle": "gameres_auto_assets__art_effect_animation_3d70ae15092bdf63b002f210f76f1cd9", "legacy": false, "compressed": false, "sampleRate": 60.0, "nRot": 0, "nPos": 0, "nScale": 0, "nFloat": 0, "nPPtr": 0, "bytes": 13620}
{"t": "AnimationClip", "name": "V_ui_growthplan", "bundle": "gameres_auto_assets__art_effect_animation_3d70ae15092bdf63b002f210f76f1cd9", "legacy": false, "compressed": false, "sampleRate": 60.0, "nRot": 0, "nPos": 0, "nScale": 0, "nFloat": 0, "nPPtr": 0, "bytes": 8220}
{"t": "AnimationClip", "name": "V_ui_LWUIZoneMobilizationDonatedInfoItemRender_box_idle", "bundle": "gameres_auto_assets__art_effect_animation_3d70ae15092bdf63b002f210f76f1cd9", "legacy": false, "compressed": false, "sampleRate": 60.0, "nRot": 0, "nPos": 0, "nScale": 0, "nFloat": 0, "nPPtr": 0, "bytes": 7292}
{"t": "AnimatorController", "name": "V_ui_qiri_anim", "bundle": "gameres_auto_assets__art_effect_animation_3d70ae15092bdf63b002f210f76f1cd9", "legacy": null, "compressed": false, "sampleRate": null, "nRot": 0, "nPos": 0, "nScale": 0, "nFloat": 0, "nPPtr": 0, "bytes": 2517}
{"t": "AnimationClip", "name": "V_putonggongji_move", "bundle": "gameres_auto_assets__art_effect_animation_3d70ae15092bdf63b002f210f76f1cd9", "legacy": false, "compressed": false, "sampleRate": 60.0, "nRot": 0, "nPos": 0, "nScale": 0, "nFloat": 0, "nPPtr": 0, "bytes": 6922}
{"t": "AnimatorController", "name": "Eff_ui_common_star_upgrade_full", "bundle": "gameres_auto_assets__art_effect_animation_3d70ae15092bdf63b002f210f76f1cd9", "legacy": null, "compressed": false, "sampleRate": null, "nRot": 0, "nPos": 0, "nScale": 0, "nFloat": 0, "nPPtr": 0, "bytes": 3688}
{"t": "AnimationClip", "name": "Damage_Debuff", "bundle": "gameres_auto_assets__art_effect_animation_3d70ae15092bdf63b002f210f76f1cd9", "legacy": false, "compressed": false, "sampleRate": 60.0, "nRot": 0, "nPos": 0, "nScale": 0, "nFloat": 0, "nPPtr": 0, "bytes": 16915}
{"t": "AnimationClip", "name": "V_ui_TCCoreCardItem_result", "bundle": "gameres_auto_assets__art_effect_animation_3d70ae15092bdf63b002f210f76f1cd9", "legacy": false, "compressed": false, "sampleRate": 60.0, "nRot": 0, "nPos": 0, "nScale": 0, "nFloat": 0, "nPPtr": 0, "bytes": 8674}
{"t": "AnimationClip", "name": "V_ui_TCNormalCardItem_in", "bundle": "gameres_auto_assets__art_effect_animation_3d70ae15092bdf63b002f210f76f1cd9", "legacy": false, "compressed": false, "sampleRate": 60.0, "nRot": 0, "nPos": 0, "nScale": 0, "nFloat": 0, "nPPtr": 0, "bytes": 7278}
{"t": "AnimatorController", "name": "VFX_kaidige_shanshuo", "bundle": "gameres_auto_assets__art_effect_animation_3d70ae15092bdf63b002f210f76f1cd9", "legacy": null, "compressed": false, "sampleRate": null, "nRot": 0, "nPos": 0, "nScale": 0, "nFloat": 0, "nPPtr": 0, "bytes": 2533}
{"t": "AnimationClip", "name": "V_ziyuan_piaozi_world", "bundle": "gameres_auto_assets__art_effect_animation_3d70ae15092bdf63b002f210f76f1cd9", "legacy": false, "compressed": false, "sampleRate": 60.0, "nRot": 0, "nPos": 0, "nScale": 0, "nFloat": 0, "nPPtr": 0, "bytes": 10945}
{"t": "AnimatorController", "name": "UICommonResItem1", "bundle": "gameres_auto_assets__art_effect_animation_3d70ae15092bdf63b002f210f76f1cd9", "legacy": null, "compressed": false, "sampleRate": null, "nRot": 0, "nPos": 0, "nScale": 0, "nFloat": 0, "nPPtr": 0, "bytes": 3689}
{"t": "AnimatorController", "name": "ScoreItem1", "bundle": "gameres_auto_assets__art_effect_animation_3d70ae15092bdf63b002f210f76f1cd9", "legacy": null, "compressed": false, "sampleRate": null, "nRot": 0, "nPos": 0, "nScale": 0, "nFloat": 0, "nPPtr": 0, "bytes": 4838}
{"t": "AnimatorController", "name": "V_ui_zhuanchang_anim", "bundle": "gameres_auto_assets__art_effect_animation_3d70ae15092bdf63b002f210f76f1cd9", "legacy": null, "compressed": false, "sampleRate": null, "nRot": 0, "nPos": 0, "nScale": 0, "nFloat": 0, "nPPtr": 0, "bytes": 4798}
{"t": "AnimationClip", "name": "V_ui_liaotianqiehuan02_Close_anim", "bundle": "gameres_auto_assets__art_effect_animation_3d70ae15092bdf63b002f210f76f1cd9", "legacy": false, "compressed": false, "sampleRate": 60.0, "nRot": 0, "nPos": 0, "nScale": 0, "nFloat": 0, "nPPtr": 0, "bytes": 8000}
{"t": "AnimatorController", "name": "v_ui_youxiang_ctrl", "bundle": "gameres_auto_assets__art_effect_animation_3d70ae15092bdf63b002f210f76f1cd9", "legacy": null, "compressed": false, "sampleRate": null, "nRot": 0, "nPos": 0, "nScale": 0, "nFloat": 0, "nPPtr": 0, "bytes": 2527}
{"t": "AnimationClip", "name": "V_UIMain_icon_PiggyBank", "bundle": "gameres_auto_assets__art_effect_animation_3d70ae15092bdf63b002f210f76f1cd9", "legacy": false, "compressed": false, "sampleRate": 60.0, "nRot": 0, "nPos": 0, "nScale": 0, "nFloat": 0, "nPPtr": 0, "bytes": 10894}
{"t": "AnimationClip", "name": "V_buildbg_jiesuo", "bundle": "gameres_auto_assets__art_effect_animation_3d70ae15092bdf63b002f210f76f1cd9", "legacy": false, "compressed": false, "sampleRate": 60.0, "nRot": 0, "nPos": 0, "nScale": 0, "nFloat": 0, "nPPtr": 0, "bytes": 13143}
{"t": "AnimationClip", "name": "CollectGarbageUI_show", "bundle": "gameres_auto_assets__art_effect_animation_3d70ae15092bdf63b002f210f76f1cd9", "legacy": false, "compressed": false, "sampleRate": 60.0, "nRot": 0, "nPos": 0, "nScale": 0, "nFloat": 0, "nPPtr": 0, "bytes": 6438}
{"t": "AnimatorController", "name": "UILWTrainDeparture", "bundle": "gameres_auto_assets__art_effect_animation_3d70ae15092bdf63b002f210f76f1cd9", "legacy": null, "compressed": false, "sampleRate": null, "nRot": 0, "nPos": 0, "nScale": 0, "nFloat": 0, "nPPtr": 0, "bytes": 5330}
{"t": "AnimatorController", "name": "SkillChipPageTab", "bundle": "gameres_auto_assets__art_effect_animation_3d70ae15092bdf63b002f210f76f1cd9", "legacy": null, "compressed": false, "sampleRate": null, "nRot": 0, "nPos": 0, "nScale": 0, "nFloat": 0, "nPPtr": 0, "bytes": 3026}
{"t": "AnimationClip", "name": "V_ui_jiesuan_wupin_anim", "bundle": "gameres_auto_assets__art_effect_animation_3d70ae15092bdf63b002f210f76f1cd9", "legacy": false, "compressed": false, "sampleRate": 60.0, "nRot": 0, "nPos": 0, "nScale": 0, "nFloat": 0, "nPPtr": 0, "bytes": 8045}
{"t": "AnimationClip", "name": "V_ui_youlin_radar_2", "bundle": "gameres_auto_assets__art_effect_animation_3d70ae15092bdf63b002f210f76f1cd9", "legacy": false, "compressed": false, "sampleRate": 60.0, "nRot": 0, "nPos": 0, "nScale": 0, "nFloat": 0, "nPPtr": 0, "bytes": 23626}
{"t": "AnimationClip", "name": "V_ui_icon_scale", "bundle": "gameres_auto_assets__art_effect_animation_3d70ae15092bdf63b002f210f76f1cd9", "legacy": false, "compressed": false, "sampleRate": 60.0, "nRot": 0, "nPos": 0, "nScale": 0, "nFloat": 0, "nPPtr": 0, "bytes": 6327}
{"t": "AnimatorController", "name": "Btn_ExtraBox", "bundle": "gameres_auto_assets__art_effect_animation_3d70ae15092bdf63b002f210f76f1cd9", "legacy": null, "compressed": false, "sampleRate": null, "nRot": 0, "nPos": 0, "nScale": 0, "nFloat": 0, "nPPtr": 0, "bytes": 3629}
{"t": "AnimationClip", "name": "V_ui_TCCoreCardItem_idle", "bundle": "gameres_auto_assets__art_effect_animation_3d70ae15092bdf63b002f210f76f1cd9", "legacy": false, "compressed": false, "sampleRate": 60.0, "nRot": 0, "nPos": 0, "nScale": 0, "nFloat": 0, "nPPtr": 0, "bytes": 7691}
{"t": "AnimatorController", "name": "PiggyBg", "bundle": "gameres_auto_assets__art_effect_animation_3d70ae15092bdf63b002f210f76f1cd9", "legacy": null, "compressed": false, "sampleRate": null, "nRot": 0, "nPos": 0, "nScale": 0, "nFloat": 0, "nPPtr": 0, "bytes": 2531}
{"t": "AnimationClip", "name": "V_ui_gulu_monthcardpanel_bg", "bundle": "gameres_auto_assets__art_effect_animation_3d70ae15092bdf63b002f210f76f1cd9", "legacy": false, "compressed": false, "sampleRate": 60.0, "nRot": 0, "nPos": 0, "nScale": 0, "nFloat": 0, "nPPtr": 0, "bytes": 6259}
{"t": "AnimationClip", "name": "V_ui_pve_heipinmu_chuxian", "bundle": "gameres_auto_assets__art_effect_animation_3d70ae15092bdf63b002f210f76f1cd9", "legacy": false, "compressed": false, "sampleRate": 60.0, "nRot": 0, "nPos": 0, "nScale": 0, "nFloat": 0, "nPPtr": 0, "bytes": 5979}
{"t": "AnimationClip", "name": "V_ziyuanshouqu_idle_anim", "bundle": "gameres_auto_assets__art_effect_animation_3d70ae15092bdf63b002f210f76f1cd9", "legacy": false, "compressed": false, "sampleRate": 60.0, "nRot": 0, "nPos": 0, "nScale": 0, "nFloat": 0, "nPPtr": 0, "bytes": 11421}
{"t": "AnimationClip", "name": "V_ui_levelbg", "bundle": "gameres_auto_assets__art_effect_animation_3d70ae15092bdf63b002f210f76f1cd9", "legacy": false, "compressed": false, "sampleRate": 60.0, "nRot": 0, "nPos": 0, "nScale": 0, "nFloat": 0, "nPPtr": 0, "bytes": 6325}
{"t": "AnimationClip", "name": "V_ui_bujianshengji_shuzhi_anim", "bundle": "gameres_auto_assets__art_effect_animation_3d70ae15092bdf63b002f210f76f1cd9", "legacy": false, "compressed": false, "sampleRate": 60.0, "nRot": 0, "nPos": 0, "nScale": 0, "nFloat": 0, "nPPtr": 0, "bytes": 9322}
{"t": "AnimatorController", "name": "V_ui_qiri_anim_hero", "bundle": "gameres_auto_assets__art_effect_animation_3d70ae15092bdf63b002f210f76f1cd9", "legacy": null, "compressed": false, "sampleRate": null, "nRot": 0, "nPos": 0, "nScale": 0, "nFloat": 0, "nPPtr": 0, "bytes": 2534}
{"t": "AnimationClip", "name": "V_ui_NewPeakArenaRankItem_in", "bundle": "gameres_auto_assets__art_effect_animation_3d70ae15092bdf63b002f210f76f1cd9", "legacy": false, "compressed": false, "sampleRate": 60.0, "nRot": 0, "nPos": 0, "nScale": 0, "nFloat": 0, "nPPtr": 0, "bytes": 6313}
{"t": "AnimationClip", "name": "V_ui_rectdeng_zhong_daiji", "bundle": "gameres_auto_assets__art_effect_animation_3d70ae15092bdf63b002f210f76f1cd9", "legacy": false, "compressed": false, "sampleRate": 60.0, "nRot": 0, "nPos": 0, "nScale": 0, "nFloat": 0, "nPPtr": 0, "bytes": 9754}
{"t": "AnimationClip", "name": "V_ziyuanshouqu_show_anim", "bundle": "gameres_auto_assets__art_effect_animation_3d70ae15092bdf63b002f210f76f1cd9", "legacy": false, "compressed": false, "sampleRate": 60.0, "nRot": 0, "nPos": 0, "nScale": 0, "nFloat": 0, "nPPtr": 0, "bytes": 7594}
{"t": "AnimationClip", "name": "V_huxi_quan", "bundle": "gameres_auto_assets__art_effect_animation_3d70ae15092bdf63b002f210f76f1cd9", "legacy": false, "compressed": false, "sampleRate": 60.0, "nRot": 0, "nPos": 0, "nScale": 0, "nFloat": 0, "nPPtr": 0, "bytes": 6308}
{"t": "AnimatorController", "name": "Rect_deng_zhongjian_aim", "bundle": "gameres_auto_assets__art_effect_animation_3d70ae15092bdf63b002f210f76f1cd9", "legacy": null, "compressed": false, "sampleRate": null, "nRot": 0, "nPos": 0, "nScale": 0, "nFloat": 0, "nPPtr": 0, "bytes": 3677}
{"t": "AnimationClip", "name": "V_hudun_xiaoshi", "bundle": "gameres_auto_assets__art_effect_animation_3d70ae15092bdf63b002f210f76f1cd9", "legacy": false, "compressed": false, "sampleRate": 60.0, "nRot": 0, "nPos": 0, "nScale": 0, "nFloat": 0, "nPPtr": 0, "bytes": 5935}
{"t": "AnimatorController", "name": "VFX_ui_heipin", "bundle": "gameres_auto_assets__art_effect_animation_3d70ae15092bdf63b002f210f76f1cd9", "legacy": null, "compressed": false, "sampleRate": null, "nRot": 0, "nPos": 0, "nScale": 0, "nFloat": 0, "nPPtr": 0, "bytes": 3640}
{"t": "AnimationClip", "name": "V_ArrowBlink", "bundle": "gameres_auto_assets__art_effect_animation_3d70ae15092bdf63b002f210f76f1cd9", "legacy": true, "compressed": false, "sampleRate": 60.0, "nRot": 0, "nPos": 0, "nScale": 0, "nFloat": 4, "nPPtr": 0, "bytes": 8469}
{"t": "AnimationClip", "name": "V_ui_UIActSlotMachineSelectCard_item_flip_purple", "bundle": "gameres_auto_assets__art_effect_animation_3d70ae15092bdf63b002f210f76f1cd9", "legacy": false, "compressed": false, "sampleRate": 60.0, "nRot": 0, "nPos": 0, "nScale": 0, "nFloat": 0, "nPPtr": 0, "bytes": 15209}
{"t": "AnimationClip", "name": "V_jianzhuxuanzhong_idle_anim", "bundle": "gameres_auto_assets__art_effect_animation_3d70ae15092bdf63b002f210f76f1cd9", "legacy": false, "compressed": false, "sampleRate": 60.0, "nRot": 0, "nPos": 0, "nScale": 0, "nFloat": 0, "nPPtr": 0, "bytes": 6787}
{"t": "AnimationClip", "name": "V_ui_liaotianqiehuan01_ChatBg_close_anim", "bundle": "gameres_auto_assets__art_effect_animation_3d70ae15092bdf63b002f210f76f1cd9", "legacy": false, "compressed": false, "sampleRate": 60.0, "nRot": 0, "nPos": 0, "nScale": 0, "nFloat": 0, "nPPtr": 0, "bytes": 7793}
{"t": "AnimationClip", "name": "V_ui_TCCoreCardItem_in", "bundle": "gameres_auto_assets__art_effect_animation_3d70ae15092bdf63b002f210f76f1cd9", "legacy": false, "compressed": false, "sampleRate": 60.0, "nRot": 0, "nPos": 0, "nScale": 0, "nFloat": 0, "nPPtr": 0, "bytes": 9955}
{"t": "AnimatorController", "name": "VFX_special_event_effect_01", "bundle": "gameres_auto_assets__art_effect_animation_3d70ae15092bdf63b002f210f76f1cd9", "legacy": null, "compressed": false, "sampleRate": null, "nRot": 0, "nPos": 0, "nScale": 0, "nFloat": 0, "nPPtr": 0, "bytes": 2565}
{"t": "AnimationClip", "name": "V_xuanyun_show_anim", "bundle": "gameres_auto_assets__art_effect_animation_3d70ae15092bdf63b002f210f76f1cd9", "legacy": false, "compressed": false, "sampleRate": 60.0, "nRot": 0, "nPos": 0, "nScale": 0, "nFloat": 0, "nPPtr": 0, "bytes": 6418}
{"t": "AnimationClip", "name": "V_dianjibubble", "bundle": "gameres_auto_assets__art_effect_animation_3d70ae15092bdf63b002f210f76f1cd9", "legacy": false, "compressed": false, "sampleRate": 60.0, "nRot": 0, "nPos": 0, "nScale": 0, "nFloat": 0, "nPPtr": 0, "bytes": 6226}
{"t": "AnimationClip", "name": "V_O_env_bx_zddl", "bundle": "gameres_auto_assets__art_effect_animation_3d70ae15092bdf63b002f210f76f1cd9", "legacy": false, "compressed": false, "sampleRate": 60.0, "nRot": 0, "nPos": 0, "nScale": 0, "nFloat": 0, "nPPtr": 0, "bytes": 7640}
{"t": "AnimationClip", "name": "V_longjuanfeng_anim", "bundle": "gameres_auto_assets__art_effect_animation_3d70ae15092bdf63b002f210f76f1cd9", "legacy": false, "compressed": false, "sampleRate": 60.0, "nRot": 0, "nPos": 0, "nScale": 0, "nFloat": 0, "nPPtr": 0, "bytes": 6843}
{"t": "AnimationClip", "name": "V_ui_UIActSlotMachineSelectCard_item_fadeout", "bundle": "gameres_auto_assets__art_effect_animation_3d70ae15092bdf63b002f210f76f1cd9", "legacy": false, "compressed": false, "sampleRate": 60.0, "nRot": 0, "nPos": 0, "nScale": 0, "nFloat": 0, "nPPtr": 0, "bytes": 11840}
{"t": "AnimatorController", "name": "LWUIZoneMobilizationDonatedInfoItemRender_Fly", "bundle": "gameres_auto_assets__art_effect_animation_3d70ae15092bdf63b002f210f76f1cd9", "legacy": null, "compressed": false, "sampleRate": null, "nRot": 0, "nPos": 0, "nScale": 0, "nFloat": 0, "nPPtr": 0, "bytes": 4290}
{"t": "AnimatorController", "name": "UITacticalWeaponSuperStageUp", "bundle": "gameres_auto_assets__art_effect_animation_3d70ae15092bdf63b002f210f76f1cd9", "legacy": null, "compressed": false, "sampleRate": null, "nRot": 0, "nPos": 0, "nScale": 0, "nFloat": 0, "nPPtr": 0, "bytes": 5377}
{"t": "AnimatorController", "name": "V_time_02_anim", "bundle": "gameres_auto_assets__art_effect_animation_3d70ae15092bdf63b002f210f76f1cd9", "legacy": null, "compressed": false, "sampleRate": null, "nRot": 0, "nPos": 0, "nScale": 0, "nFloat": 0, "nPPtr": 0, "bytes": 2519}
{"t": "AnimationClip", "name": "V_ui_UICommonRewardPopUp_in", "bundle": "gameres_auto_assets__art_effect_animation_3d70ae15092bdf63b002f210f76f1cd9", "legacy": false, "compressed": false, "sampleRate": 60.0, "nRot": 0, "nPos": 0, "nScale": 0, "nFloat": 0, "nPPtr": 0, "bytes": 12216}
{"t": "AnimatorController", "name": "V_ziyuanshouqu_anim", "bundle": "gameres_auto_assets__art_effect_animation_3d70ae15092bdf63b002f210f76f1cd9", "legacy": null, "compressed": false, "sampleRate": null, "nRot": 0, "nPos": 0, "nScale": 0, "nFloat": 0, "nPPtr": 0, "bytes": 15428}
{"t": "AnimationClip", "name": "CollectGarbageUI_hide", "bundle": "gameres_auto_assets__art_effect_animation_3d70ae15092bdf63b002f210f76f1cd9", "legacy": false, "compressed": false, "sampleRate": 60.0, "nRot": 0, "nPos": 0, "nScale": 0, "nFloat": 0, "nPPtr": 0, "bytes": 6316}
{"t": "AnimationClip", "name": "V_ui_UITCCardMainPanel_in", "bundle": "gameres_auto_assets__art_effect_animation_3d70ae15092bdf63b002f210f76f1cd9", "legacy": false, "compressed": false, "sampleRate": 60.0, "nRot": 0, "nPos": 0, "nScale": 0, "nFloat": 0, "nPPtr": 0, "bytes": 17519}
{"t": "AnimationClip", "name": "V_ziyuanshouqu_stop", "bundle": "gameres_auto_assets__art_effect_animation_3d70ae15092bdf63b002f210f76f1cd9", "legacy": false, "compressed": false, "sampleRate": 60.0, "nRot": 0, "nPos": 0, "nScale": 0, "nFloat": 0, "nPPtr": 0, "bytes": 6700}
{"t": "AnimationClip", "name": "V_shaonian_hudun_idle", "bundle": "gameres_auto_assets__art_effect_animation_3d70ae15092bdf63b002f210f76f1cd9", "legacy": false, "compressed": false, "sampleRate": 60.0, "nRot": 0, "nPos": 0, "nScale": 0, "nFloat": 0, "nPPtr": 0, "bytes": 6733}
{"t": "AnimationClip", "name": "V_ui_aliiancestar_icon_idle", "bundle": "gameres_auto_assets__art_effect_animation_3d70ae15092bdf63b002f210f76f1cd9", "legacy": false, "compressed": false, "sampleRate": 60.0, "nRot": 0, "nPos": 0, "nScale": 0, "nFloat": 0, "nPPtr": 0, "bytes": 6512}
{"t": "AnimatorController", "name": "Particle System", "bundle": "gameres_auto_assets__art_effect_animation_3d70ae15092bdf63b002f210f76f1cd9", "legacy": null, "compressed": false, "sampleRate": null, "nRot": 0, "nPos": 0, "nScale": 0, "nFloat": 0, "nPPtr": 0, "bytes": 2529}
{"t": "AnimationClip", "name": "V_ui_UIActValentineSendGiftDetail_in", "bundle": "gameres_auto_assets__art_effect_animation_3d70ae15092bdf63b002f210f76f1cd9", "legacy": false, "compressed": false, "sampleRate": 60.0, "nRot": 0, "nPos": 0, "nScale": 0, "nFloat": 0, "nPPtr": 0, "bytes": 12076}
{"t": "AnimationClip", "name": "V_ui_GetDuel_coin_reward", "bundle": "gameres_auto_assets__art_effect_animation_3d70ae15092bdf63b002f210f76f1cd9", "legacy": false, "compressed": false, "sampleRate": 60.0, "nRot": 0, "nPos": 0, "nScale": 0, "nFloat": 0, "nPPtr": 0, "bytes": 7211}
{"t": "AnimationClip", "name": "V_ui_UIAllianceStarMainPersonItem_reward", "bundle": "gameres_auto_assets__art_effect_animation_3d70ae15092bdf63b002f210f76f1cd9", "legacy": false, "compressed": false, "sampleRate": 60.0, "nRot": 0, "nPos": 0, "nScale": 0, "nFloat": 0, "nPPtr": 0, "bytes": 7022}
{"t": "AnimationClip", "name": "V_ui_zhoukabaoxiang_01_open", "bundle": "gameres_auto_assets__art_effect_animation_3d70ae15092bdf63b002f210f76f1cd9", "legacy": false, "compressed": false, "sampleRate": 60.0, "nRot": 0, "nPos": 0, "nScale": 0, "nFloat": 0, "nPPtr": 0, "bytes": 7235}
{"t": "AnimationClip", "name": "defeatNoUI", "bundle": "gameres_auto_assets__art_effect_animation_3d70ae15092bdf63b002f210f76f1cd9", "legacy": false, "compressed": false, "sampleRate": 60.0, "nRot": 0, "nPos": 0, "nScale": 0, "nFloat": 0, "nPPtr": 0, "bytes": 7668}
{"t": "AnimatorController", "name": "aim", "bundle": "gameres_auto_assets__art_effect_animation_3d70ae15092bdf63b002f210f76f1cd9", "legacy": null, "compressed": false, "sampleRate": null, "nRot": 0, "nPos": 0, "nScale": 0, "nFloat": 0, "nPPtr": 0, "bytes": 2545}
{"t": "AnimatorController", "name": "V_ui_jiesuan_hero_anim", "bundle": "gameres_auto_assets__art_effect_animation_3d70ae15092bdf63b002f210f76f1cd9", "legacy": null, "compressed": false, "sampleRate": null, "nRot": 0, "nPos": 0, "nScale": 0, "nFloat": 0, "nPPtr": 0, "bytes": 2605}
{"t": "AnimationClip", "name": "V_ui_rectdeng_shang_daiji", "bundle": "gameres_auto_assets__art_effect_animation_3d70ae15092bdf63b002f210f76f1cd9", "legacy": false, "compressed": false, "sampleRate": 60.0, "nRot": 0, "nPos": 0, "nScale": 0, "nFloat": 0, "nPPtr": 0, "bytes": 11253}
{"t": "AnimationClip", "name": "V_ui_zone_tengtiao_in", "bundle": "gameres_auto_assets__art_effect_animation_3d70ae15092bdf63b002f210f76f1cd9", "legacy": false, "compressed": false, "sampleRate": 60.0, "nRot": 0, "nPos": 0, "nScale": 0, "nFloat": 0, "nPPtr": 0, "bytes": 7476}
{"t": "AnimationClip", "name": "V_ui_commonresltem_zhuanpan_shanshuo", "bundle": "gameres_auto_assets__art_effect_animation_3d70ae15092bdf63b002f210f76f1cd9", "legacy": false, "compressed": false, "sampleRate": 60.0, "nRot": 0, "nPos": 0, "nScale": 0, "nFloat": 0, "nPPtr": 0, "bytes": 6709}
{"t": "AnimationClip", "name": "V_qc_keanzhi_fanwei", "bundle": "gameres_auto_assets__art_effect_animation_3d70ae15092bdf63b002f210f76f1cd9", "legacy": false, "compressed": false, "sampleRate": 60.0, "nRot": 0, "nPos": 0, "nScale": 0, "nFloat": 0, "nPPtr": 0, "bytes": 6993}
{"t": "AnimationClip", "name": "V_ui_saoguang_pian", "bundle": "gameres_auto_assets__art_effect_animation_3d70ae15092bdf63b002f210f76f1cd9", "legacy": false, "compressed": false, "sampleRate": 60.0, "nRot": 0, "nPos": 0, "nScale": 0, "nFloat": 0, "nPPtr": 0, "bytes": 6473}
{"t": "AnimatorController", "name": "V_ui_xinshoutishi", "bundle": "gameres_auto_assets__art_effect_animation_3d70ae15092bdf63b002f210f76f1cd9", "legacy": null, "compressed": false, "sampleRate": null, "nRot": 0, "nPos": 0, "nScale": 0, "nFloat": 0, "nPPtr": 0, "bytes": 2511}
{"t": "AnimationClip", "name": "V_ui_UILWTrainDeparture_switch_normal", "bundle": "gameres_auto_assets__art_effect_animation_3d70ae15092bdf63b002f210f76f1cd9", "legacy": false, "compressed": false, "sampleRate": 60.0, "nRot": 0, "nPos": 0, "nScale": 0, "nFloat": 0, "nPPtr": 0, "bytes": 15740}
{"t": "AnimationClip", "name": "V_ui_gulu_monthcardpanel_gaizhang", "bundle": "gameres_auto_assets__art_effect_animation_3d70ae15092bdf63b002f210f76f1cd9", "legacy": false, "compressed": false, "sampleRate": 60.0, "nRot": 0, "nPos": 0, "nScale": 0, "nFloat": 0, "nPPtr": 0, "bytes": 7129}
{"t": "AnimatorController", "name": "Eff_ui_zone_hengtiao", "bundle": "gameres_auto_assets__art_effect_animation_3d70ae15092bdf63b002f210f76f1cd9", "legacy": null, "compressed": false, "sampleRate": null, "nRot": 0, "nPos": 0, "nScale": 0, "nFloat": 0, "nPPtr": 0, "bytes": 2541}
{"t": "AnimatorController", "name": "V_ui_bujianshengji_01_anim", "bundle": "gameres_auto_assets__art_effect_animation_3d70ae15092bdf63b002f210f76f1cd9", "legacy": null, "compressed": false, "sampleRate": null, "nRot": 0, "nPos": 0, "nScale": 0, "nFloat": 0, "nPPtr": 0, "bytes": 3030}
{"t": "AnimationClip", "name": "V_kaidige_huangse", "bundle": "gameres_auto_assets__art_effect_animation_3d70ae15092bdf63b002f210f76f1cd9", "legacy": false, "compressed": false, "sampleRate": 60.0, "nRot": 0, "nPos": 0, "nScale": 0, "nFloat": 0, "nPPtr": 0, "bytes": 7674}
{"t": "AnimationClip", "name": "V_world_MultiKill_in", "bundle": "gameres_auto_assets__art_effect_animation_3d70ae15092bdf63b002f210f76f1cd9", "legacy": false, "compressed": false, "sampleRate": 60.0, "nRot": 0, "nPos": 0, "nScale": 0, "nFloat": 0, "nPPtr": 0, "bytes": 22836}
{"t": "AnimationClip", "name": "V_ui_LWUIZoneMobilizationDonatedInfoItemRender_fly", "bundle": "gameres_auto_assets__art_effect_animation_3d70ae15092bdf63b002f210f76f1cd9", "legacy": false, "compressed": false, "sampleRate": 60.0, "nRot": 0, "nPos": 0, "nScale": 0, "nFloat": 0, "nPPtr": 0, "bytes": 7642}
{"t": "AnimatorController", "name": "V_ui_qiri_anim 1", "bundle": "gameres_auto_assets__art_effect_animation_3d70ae15092bdf63b002f210f76f1cd9", "legacy": null, "compressed": false, "sampleRate": null, "nRot": 0, "nPos": 0, "nScale": 0, "nFloat": 0, "nPPtr": 0, "bytes": 2524}
{"t": "AnimatorController", "name": "V_Dqdd_fs_Ani", "bundle": "gameres_auto_assets__art_effect_animation_3d70ae15092bdf63b002f210f76f1cd9", "legacy": null, "compressed": false, "sampleRate": null, "nRot": 0, "nPos": 0, "nScale": 0, "nFloat": 0, "nPPtr": 0, "bytes": 2516}
{"t": "AnimatorController", "name": "V_longjuanfeng_anim", "bundle": "gameres_auto_assets__art_effect_animation_3d70ae15092bdf63b002f210f76f1cd9", "legacy": null, "compressed": false, "sampleRate": null, "nRot": 0, "nPos": 0, "nScale": 0, "nFloat": 0, "nPPtr": 0, "bytes": 2536}
{"t": "AnimationClip", "name": "V_lianmeng_saomiao", "bundle": "gameres_auto_assets__art_effect_animation_3d70ae15092bdf63b002f210f76f1cd9", "legacy": false, "compressed": false, "sampleRate": 60.0, "nRot": 0, "nPos": 0, "nScale": 0, "nFloat": 0, "nPPtr": 0, "bytes": 10245}
{"t": "AnimationClip", "name": "V_ui_zhuanchang_idle_anim", "bundle": "gameres_auto_assets__art_effect_animation_3d70ae15092bdf63b002f210f76f1cd9", "legacy": false, "compressed": false, "sampleRate": 60.0, "nRot": 0, "nPos": 0, "nScale": 0, "nFloat": 0, "nPPtr": 0, "bytes": 9649}
{"t": "AnimationClip", "name": "V_ui_liaotianqiehuan01_ChatBg_show_anim", "bundle": "gameres_auto_assets__art_effect_animation_3d70ae15092bdf63b002f210f76f1cd9", "legacy": false, "compressed": false, "sampleRate": 60.0, "nRot": 0, "nPos": 0, "nScale": 0, "nFloat": 0, "nPPtr": 0, "bytes": 9155}
{"t": "AnimationClip", "name": "V_ui_UILandLock_chuxian", "bundle": "gameres_auto_assets__art_effect_animation_3d70ae15092bdf63b002f210f76f1cd9", "legacy": false, "compressed": false, "sampleRate": 60.0, "nRot": 0, "nPos": 0, "nScale": 0, "nFloat": 0, "nPPtr": 0, "bytes": 6281}
{"t": "AnimationClip", "name": "V_ui_LWUIZoneMobilizationDonatedInfoItemRender_box_open", "bundle": "gameres_auto_assets__art_effect_animation_3d70ae15092bdf63b002f210f76f1cd9", "legacy": false, "compressed": false, "sampleRate": 60.0, "nRot": 0, "nPos": 0, "nScale": 0, "nFloat": 0, "nPPtr": 0, "bytes": 8465}
{"t": "AnimationClip", "name": "V_ui_UIActCrazyRockGame_click", "bundle": "gameres_auto_assets__art_effect_animation_3d70ae15092bdf63b002f210f76f1cd9", "legacy": false, "compressed": false, "sampleRate": 60.0, "nRot": 0, "nPos": 0, "nScale": 0, "nFloat": 0, "nPPtr": 0, "bytes": 6336}
{"t": "AnimatorController", "name": "bg", "bundle": "gameres_auto_assets__art_effect_animation_3d70ae15092bdf63b002f210f76f1cd9", "legacy": null, "compressed": false, "sampleRate": null, "nRot": 0, "nPos": 0, "nScale": 0, "nFloat": 0, "nPPtr": 0, "bytes": 2522}
{"t": "AnimatorController", "name": "CollectGarbageUI", "bundle": "gameres_auto_assets__art_effect_animation_3d70ae15092bdf63b002f210f76f1cd9", "legacy": null, "compressed": false, "sampleRate": null, "nRot": 0, "nPos": 0, "nScale": 0, "nFloat": 0, "nPPtr": 0, "bytes": 3649}
{"t": "AnimationClip", "name": "V_marchattackstatelcon", "bundle": "gameres_auto_assets__art_effect_animation_3d70ae15092bdf63b002f210f76f1cd9", "legacy": false, "compressed": false, "sampleRate": 60.0, "nRot": 0, "nPos": 0, "nScale": 0, "nFloat": 0, "nPPtr": 0, "bytes": 8349}
{"t": "AnimationClip", "name": "V_ui_dianzan_anim", "bundle": "gameres_auto_assets__art_effect_animation_3d70ae15092bdf63b002f210f76f1cd9", "legacy": false, "compressed": false, "sampleRate": 60.0, "nRot": 0, "nPos": 0, "nScale": 0, "nFloat": 0, "nPPtr": 0, "bytes": 7301}
{"t": "AnimationClip", "name": "V_ui_aliiancestar_icon_open", "bundle": "gameres_auto_assets__art_effect_animation_3d70ae15092bdf63b002f210f76f1cd9", "legacy": false, "compressed": false, "sampleRate": 60.0, "nRot": 0, "nPos": 0, "nScale": 0, "nFloat": 0, "nPPtr": 0, "bytes": 9284}
{"t": "AnimationClip", "name": "V_ui_UIActValentine_upgrade_out", "bundle": "gameres_auto_assets__art_effect_animation_3d70ae15092bdf63b002f210f76f1cd9", "legacy": false, "compressed": false, "sampleRate": 60.0, "nRot": 0, "nPos": 0, "nScale": 0, "nFloat": 0, "nPPtr": 0, "bytes": 18047}
{"t": "AnimationClip", "name": "V_zhanlizengzhang_trail", "bundle": "gameres_auto_assets__art_effect_animation_3d70ae15092bdf63b002f210f76f1cd9", "legacy": false, "compressed": false, "sampleRate": 60.0, "nRot": 0, "nPos": 0, "nScale": 0, "nFloat": 0, "nPPtr": 0, "bytes": 6094}
{"t": "AnimationClip", "name": "V_ui_jiesuo_wupin_anim", "bundle": "gameres_auto_assets__art_effect_animation_3d70ae15092bdf63b002f210f76f1cd9", "legacy": false, "compressed": false, "sampleRate": 60.0, "nRot": 0, "nPos": 0, "nScale": 0, "nFloat": 0, "nPPtr": 0, "bytes": 8436}
{"t": "AnimationClip", "name": "V_ui_liaotianqiehuan02_Show02_anim", "bundle": "gameres_auto_assets__art_effect_animation_3d70ae15092bdf63b002f210f76f1cd9", "legacy": false, "compressed": false, "sampleRate": 60.0, "nRot": 0, "nPos": 0, "nScale": 0, "nFloat": 0, "nPPtr": 0, "bytes": 8338}
{"t": "AnimatorController", "name": "UIAllianceStarMainPersonItem", "bundle": "gameres_auto_assets__art_effect_animation_3d70ae15092bdf63b002f210f76f1cd9", "legacy": null, "compressed": false, "sampleRate": null, "nRot": 0, "nPos": 0, "nScale": 0, "nFloat": 0, "nPPtr": 0, "bytes": 4870}
{"t": "AnimationClip", "name": "V_ui_UIActValentineSendGiftDetail_move", "bundle": "gameres_auto_assets__art_effect_animation_3d70ae15092bdf63b002f210f76f1cd9", "legacy": false, "compressed": false, "sampleRate": 60.0, "nRot": 0, "nPos": 0, "nScale": 0, "nFloat": 0, "nPPtr": 0, "bytes": 8658}
{"t": "AnimatorController", "name": "V_putonggongji_move", "bundle": "gameres_auto_assets__art_effect_animation_3d70ae15092bdf63b002f210f76f1cd9", "legacy": null, "compressed": false, "sampleRate": null, "nRot": 0, "nPos": 0, "nScale": 0, "nFloat": 0, "nPPtr": 0, "bytes": 2534}
{"t": "AnimatorController", "name": "LWUIZoneMobilizationDonatedInfoItemRender", "bundle": "gameres_auto_assets__art_effect_animation_3d70ae15092bdf63b002f210f76f1cd9", "legacy": null, "compressed": false, "sampleRate": null, "nRot": 0, "nPos": 0, "nScale": 0, "nFloat": 0, "nPPtr": 0, "bytes": 5465}
{"t": "AnimationClip", "name": "V_o_env_common_idle", "bundle": "gameres_auto_assets__art_effect_animation_3d70ae15092bdf63b002f210f76f1cd9", "legacy": false, "compressed": false, "sampleRate": 60.0, "nRot": 0, "nPos": 0, "nScale": 0, "nFloat": 0, "nPPtr": 0, "bytes": 5881}
{"t": "AnimationClip", "name": "V_ui_hitltem_baoji", "bundle": "gameres_auto_assets__art_effect_animation_3d70ae15092bdf63b002f210f76f1cd9", "legacy": false, "compressed": false, "sampleRate": 60.0, "nRot": 0, "nPos": 0, "nScale": 0, "nFloat": 0, "nPPtr": 0, "bytes": 7805}
{"t": "AnimationClip", "name": "V_time_anim", "bundle": "gameres_auto_assets__art_effect_animation_3d70ae15092bdf63b002f210f76f1cd9", "legacy": false, "compressed": false, "sampleRate": 60.0, "nRot": 0, "nPos": 0, "nScale": 0, "nFloat": 0, "nPPtr": 0, "bytes": 6531}
{"t": "AnimationClip", "name": "V_ui_diancai_anim", "bundle": "gameres_auto_assets__art_effect_animation_3d70ae15092bdf63b002f210f76f1cd9", "legacy": false, "compressed": false, "sampleRate": 60.0, "nRot": 0, "nPos": 0, "nScale": 0, "nFloat": 0, "nPPtr": 0, "bytes": 7937}
{"t": "AnimationClip", "name": "V_ui_icon_rewards", "bundle": "gameres_auto_assets__art_effect_animation_3d70ae15092bdf63b002f210f76f1cd9", "legacy": false, "compressed": false, "sampleRate": 60.0, "nRot": 0, "nPos": 0, "nScale": 0, "nFloat": 0, "nPPtr": 0, "bytes": 6865}
{"t": "AnimationClip", "name": "V_ui_NameGroup_switch", "bundle": "gameres_auto_assets__art_effect_animation_3d70ae15092bdf63b002f210f76f1cd9", "legacy": false, "compressed": false, "sampleRate": 60.0, "nRot": 0, "nPos": 0, "nScale": 0, "nFloat": 0, "nPPtr": 0, "bytes": 7624}
{"t": "AnimatorController", "name": "Eff_ui_TreatmentItem_saoguang", "bundle": "gameres_auto_assets__art_effect_animation_3d70ae15092bdf63b002f210f76f1cd9", "legacy": null, "compressed": false, "sampleRate": null, "nRot": 0, "nPos": 0, "nScale": 0, "nFloat": 0, "nPPtr": 0, "bytes": 2561}
{"t": "AnimationClip", "name": "V_ui_LWCityFightCountTimeToGo_go", "bundle": "gameres_auto_assets__art_effect_animation_3d70ae15092bdf63b002f210f76f1cd9", "legacy": false, "compressed": false, "sampleRate": 60.0, "nRot": 0, "nPos": 0, "nScale": 0, "nFloat": 0, "nPPtr": 0, "bytes": 7756}
{"t": "AnimatorController", "name": "LWUIZoneMobilizationAllianceRankItemRender", "bundle": "gameres_auto_assets__art_effect_animation_3d70ae15092bdf63b002f210f76f1cd9", "legacy": null, "compressed": false, "sampleRate": null, "nRot": 0, "nPos": 0, "nScale": 0, "nFloat": 0, "nPPtr": 0, "bytes": 3793}
{"t": "AnimatorController", "name": "V_shaonian_hudun_anim", "bundle": "gameres_auto_assets__art_effect_animation_3d70ae15092bdf63b002f210f76f1cd9", "legacy": null, "compressed": false, "sampleRate": null, "nRot": 0, "nPos": 0, "nScale": 0, "nFloat": 0, "nPPtr": 0, "bytes": 5894}
{"t": "AnimationClip", "name": "V_ui_skillchippage_tabroot_in", "bundle": "gameres_auto_assets__art_effect_animation_3d70ae15092bdf63b002f210f76f1cd9", "legacy": false, "compressed": false, "sampleRate": 60.0, "nRot": 0, "nPos": 0, "nScale": 0, "nFloat": 0, "nPPtr": 0, "bytes": 9325}
{"t": "AnimatorController", "name": "V_ui_zhoukabaoxiang_01_copy", "bundle": "gameres_auto_assets__art_effect_animation_3d70ae15092bdf63b002f210f76f1cd9", "legacy": null, "compressed": false, "sampleRate": null, "nRot": 0, "nPos": 0, "nScale": 0, "nFloat": 0, "nPPtr": 0, "bytes": 4806}
{"t": "AnimationClip", "name": "V_ui_UITacticalWeaponSuperStageUp_in", "bundle": "gameres_auto_assets__art_effect_animation_3d70ae15092bdf63b002f210f76f1cd9", "legacy": false, "compressed": false, "sampleRate": 60.0, "nRot": 0, "nPos": 0, "nScale": 0, "nFloat": 0, "nPPtr": 0, "bytes": 18917}
{"t": "AnimationClip", "name": "V_hudun_chuxian", "bundle": "gameres_auto_assets__art_effect_animation_3d70ae15092bdf63b002f210f76f1cd9", "legacy": false, "compressed": false, "sampleRate": 60.0, "nRot": 0, "nPos": 0, "nScale": 0, "nFloat": 0, "nPPtr": 0, "bytes": 5926}
{"t": "AnimatorController", "name": "firstPayBg", "bundle": "gameres_auto_assets__art_effect_animation_3d70ae15092bdf63b002f210f76f1cd9", "legacy": null, "compressed": false, "sampleRate": null, "nRot": 0, "nPos": 0, "nScale": 0, "nFloat": 0, "nPPtr": 0, "bytes": 2512}
{"t": "AnimationClip", "name": "V_ui_zhuanchang_show_anim", "bundle": "gameres_auto_assets__art_effect_animation_3d70ae15092bdf63b002f210f76f1cd9", "legacy": false, "compressed": false, "sampleRate": 60.0, "nRot": 0, "nPos": 0, "nScale": 0, "nFloat": 0, "nPPtr": 0, "bytes": 13472}
{"t": "AnimatorController", "name": "LWCityFightCountTimeToGo", "bundle": "gameres_auto_assets__art_effect_animation_3d70ae15092bdf63b002f210f76f1cd9", "legacy": null, "compressed": false, "sampleRate": null, "nRot": 0, "nPos": 0, "nScale": 0, "nFloat": 0, "nPPtr": 0, "bytes": 4183}
{"t": "AnimationClip", "name": "V_ui_UIActValentine_upgrade_05", "bundle": "gameres_auto_assets__art_effect_animation_3d70ae15092bdf63b002f210f76f1cd9", "legacy": false, "compressed": false, "sampleRate": 60.0, "nRot": 0, "nPos": 0, "nScale": 0, "nFloat": 0, "nPPtr": 0, "bytes": 29209}
{"t": "AnimationClip", "name": "V_ui_UIActSlotMachineSelectCard_item_broke", "bundle": "gameres_auto_assets__art_effect_animation_3d70ae15092bdf63b002f210f76f1cd9", "legacy": false, "compressed": false, "sampleRate": 60.0, "nRot": 0, "nPos": 0, "nScale": 0, "nFloat": 0, "nPPtr": 0, "bytes": 11685}
{"t": "AnimationClip", "name": "V_ui_extrabox_default", "bundle": "gameres_auto_assets__art_effect_animation_3d70ae15092bdf63b002f210f76f1cd9", "legacy": false, "compressed": false, "sampleRate": 60.0, "nRot": 0, "nPos": 0, "nScale": 0, "nFloat": 0, "nPPtr": 0, "bytes": 5897}
{"t": "AnimatorController", "name": "V_xuanyun_anim", "bundle": "gameres_auto_assets__art_effect_animation_3d70ae15092bdf63b002f210f76f1cd9", "legacy": null, "compressed": false, "sampleRate": null, "nRot": 0, "nPos": 0, "nScale": 0, "nFloat": 0, "nPPtr": 0, "bytes": 4735}
{"t": "AnimationClip", "name": "V_ui_bujianshengji_01_anim", "bundle": "gameres_auto_assets__art_effect_animation_3d70ae15092bdf63b002f210f76f1cd9", "legacy": false, "compressed": false, "sampleRate": 60.0, "nRot": 0, "nPos": 0, "nScale": 0, "nFloat": 0, "nPPtr": 0, "bytes": 6828}
{"t": "AnimatorController", "name": "UIAlliance_mark_sanjiao 1", "bundle": "gameres_auto_assets__art_effect_animation_3d70ae15092bdf63b002f210f76f1cd9", "legacy": null, "compressed": false, "sampleRate": null, "nRot": 0, "nPos": 0, "nScale": 0, "nFloat": 0, "nPPtr": 0, "bytes": 2533}
{"t": "AnimatorController", "name": "VFX_hexin_fanwei", "bundle": "gameres_auto_assets__art_effect_animation_3d70ae15092bdf63b002f210f76f1cd9", "legacy": null, "compressed": false, "sampleRate": null, "nRot": 0, "nPos": 0, "nScale": 0, "nFloat": 0, "nPPtr": 0, "bytes": 2522}
{"t": "AnimationClip", "name": "V_daben_QY", "bundle": "gameres_auto_assets__art_effect_animation_3d70ae15092bdf63b002f210f76f1cd9", "legacy": false, "compressed": false, "sampleRate": 60.0, "nRot": 0, "nPos": 0, "nScale": 0, "nFloat": 0, "nPPtr": 0, "bytes": 8375}
{"t": "AnimationClip", "name": "V_xinshouzhiyin_loop_anim", "bundle": "gameres_auto_assets__art_effect_animation_3d70ae15092bdf63b002f210f76f1cd9", "legacy": false, "compressed": false, "sampleRate": 60.0, "nRot": 0, "nPos": 0, "nScale": 0, "nFloat": 0, "nPPtr": 0, "bytes": 8376}
{"t": "AnimationClip", "name": "V_diji_cq", "bundle": "gameres_auto_assets__art_effect_animation_3d70ae15092bdf63b002f210f76f1cd9", "legacy": false, "compressed": false, "sampleRate": 60.0, "nRot": 0, "nPos": 0, "nScale": 0, "nFloat": 0, "nPPtr": 0, "bytes": 8442}
{"t": "AnimationClip", "name": "Damage_Buff", "bundle": "gameres_auto_assets__art_effect_animation_3d70ae15092bdf63b002f210f76f1cd9", "legacy": false, "compressed": false, "sampleRate": 60.0, "nRot": 0, "nPos": 0, "nScale": 0, "nFloat": 0, "nPPtr": 0, "bytes": 15740}
{"t": "AnimatorController", "name": "InvasionProgressGroup", "bundle": "gameres_auto_assets__art_effect_animation_3d70ae15092bdf63b002f210f76f1cd9", "legacy": null, "compressed": false, "sampleRate": null, "nRot": 0, "nPos": 0, "nScale": 0, "nFloat": 0, "nPPtr": 0, "bytes": 4795}
{"t": "AnimationClip", "name": "V_ui_UILandLock_xiaoshi", "bundle": "gameres_auto_assets__art_effect_animation_3d70ae15092bdf63b002f210f76f1cd9", "legacy": false, "compressed": false, "sampleRate": 60.0, "nRot": 0, "nPos": 0, "nScale": 0, "nFloat": 0, "nPPtr": 0, "bytes": 6442}
{"t": "AnimationClip", "name": "V_ui_UITacticalWeaponSuperStageUp_loop", "bundle": "gameres_auto_assets__art_effect_animation_3d70ae15092bdf63b002f210f76f1cd9", "legacy": false, "compressed": false, "sampleRate": 60.0, "nRot": 0, "nPos": 0, "nScale": 0, "nFloat": 0, "nPPtr": 0, "bytes": 13897}
{"t": "AnimationClip", "name": "V_time_02_anim", "bundle": "gameres_auto_assets__art_effect_animation_3d70ae15092bdf63b002f210f76f1cd9", "legacy": false, "compressed": false, "sampleRate": 60.0, "nRot": 0, "nPos": 0, "nScale": 0, "nFloat": 0, "nPPtr": 0, "bytes": 6575}
{"t": "AnimatorController", "name": "victoryNoUI", "bundle": "gameres_auto_assets__art_effect_animation_3d70ae15092bdf63b002f210f76f1cd9", "legacy": null, "compressed": false, "sampleRate": null, "nRot": 0, "nPos": 0, "nScale": 0, "nFloat": 0, "nPPtr": 0, "bytes": 6868}
{"t": "AnimationClip", "name": "V_ui_dianzan_finish", "bundle": "gameres_auto_assets__art_effect_animation_3d70ae15092bdf63b002f210f76f1cd9", "legacy": false, "compressed": false, "sampleRate": 60.0, "nRot": 0, "nPos": 0, "nScale": 0, "nFloat": 0, "nPPtr": 0, "bytes": 6500}
{"t": "AnimatorController", "name": "LevelBg", "bundle": "gameres_auto_assets__art_effect_animation_3d70ae15092bdf63b002f210f76f1cd9", "legacy": null, "compressed": false, "sampleRate": null, "nRot": 0, "nPos": 0, "nScale": 0, "nFloat": 0, "nPPtr": 0, "bytes": 4078}
{"t": "AnimationClip", "name": "V_ui_jiesuan_title_anim", "bundle": "gameres_auto_assets__art_effect_animation_3d70ae15092bdf63b002f210f76f1cd9", "legacy": false, "compressed": false, "sampleRate": 60.0, "nRot": 0, "nPos": 0, "nScale": 0, "nFloat": 0, "nPPtr": 0, "bytes": 7466}
{"t": "AnimationClip", "name": "V_ui_scrollpackcontent_chuxian", "bundle": "gameres_auto_assets__art_effect_animation_3d70ae15092bdf63b002f210f76f1cd9", "legacy": false, "compressed": false, "sampleRate": 60.0, "nRot": 0, "nPos": 0, "nScale": 0, "nFloat": 0, "nPPtr": 0, "bytes": 10181}
{"t": "AnimationClip", "name": "V_ui_UIAllianceStarMainPersonItem_out", "bundle": "gameres_auto_assets__art_effect_animation_3d70ae15092bdf63b002f210f76f1cd9", "legacy": false, "compressed": false, "sampleRate": 60.0, "nRot": 0, "nPos": 0, "nScale": 0, "nFloat": 0, "nPPtr": 0, "bytes": 6998}
{"t": "AnimationClip", "name": "V_ui_jiesuan_title_fade_anim", "bundle": "gameres_auto_assets__art_effect_animation_3d70ae15092bdf63b002f210f76f1cd9", "legacy": false, "compressed": false, "sampleRate": 60.0, "nRot": 0, "nPos": 0, "nScale": 0, "nFloat": 0, "nPPtr": 0, "bytes": 6608}
{"t": "AnimationClip", "name": "V_ui_Eff_ui_common_star_upgrade_full_in", "bundle": "gameres_auto_assets__art_effect_animation_3d70ae15092bdf63b002f210f76f1cd9", "legacy": false, "compressed": false, "sampleRate": 60.0, "nRot": 0, "nPos": 0, "nScale": 0, "nFloat": 0, "nPPtr": 0, "bytes": 9822}
{"t": "AnimationClip", "name": "V_ui_LWUIActEasterThumbsUpGlory_in", "bundle": "gameres_auto_assets__art_effect_animation_3d70ae15092bdf63b002f210f76f1cd9", "legacy": false, "compressed": false, "sampleRate": 60.0, "nRot": 0, "nPos": 0, "nScale": 0, "nFloat": 0, "nPPtr": 0, "bytes": 19450}
{"t": "AnimatorController", "name": "inEffect", "bundle": "gameres_auto_assets__art_effect_animation_3d70ae15092bdf63b002f210f76f1cd9", "legacy": null, "compressed": false, "sampleRate": null, "nRot": 0, "nPos": 0, "nScale": 0, "nFloat": 0, "nPPtr": 0, "bytes": 3477}
{"t": "AnimationClip", "name": "V_ui_zhoukabaoxiang_01_opened_copy", "bundle": "gameres_auto_assets__art_effect_animation_3d70ae15092bdf63b002f210f76f1cd9", "legacy": false, "compressed": false, "sampleRate": 60.0, "nRot": 0, "nPos": 0, "nScale": 0, "nFloat": 0, "nPPtr": 0, "bytes": 6504}
{"t": "AnimationClip", "name": "V_shaonian_hudun_start", "bundle": "gameres_auto_assets__art_effect_animation_3d70ae15092bdf63b002f210f76f1cd9", "legacy": false, "compressed": false, "sampleRate": 60.0, "nRot": 0, "nPos": 0, "nScale": 0, "nFloat": 0, "nPPtr": 0, "bytes": 6859}
{"t": "AnimationClip", "name": "V_xinshouzhiyin_anxia_anim", "bundle": "gameres_auto_assets__art_effect_animation_3d70ae15092bdf63b002f210f76f1cd9", "legacy": false, "compressed": false, "sampleRate": 60.0, "nRot": 0, "nPos": 0, "nScale": 0, "nFloat": 0, "nPPtr": 0, "bytes": 10507}
{"t": "AnimatorController", "name": "V_xinshouzhiyin_anim", "bundle": "gameres_auto_assets__art_effect_animation_3d70ae15092bdf63b002f210f76f1cd9", "legacy": null, "compressed": false, "sampleRate": null, "nRot": 0, "nPos": 0, "nScale": 0, "nFloat": 0, "nPPtr": 0, "bytes": 4783}
{"t": "AnimationClip", "name": "V_ui_TCNormalCardItem_idle", "bundle": "gameres_auto_assets__art_effect_animation_3d70ae15092bdf63b002f210f76f1cd9", "legacy": false, "compressed": false, "sampleRate": 60.0, "nRot": 0, "nPos": 0, "nScale": 0, "nFloat": 0, "nPPtr": 0, "bytes": 6783}
{"t": "AnimationClip", "name": "V_ui_Digingtreasure_in", "bundle": "gameres_auto_assets__art_effect_animation_3d70ae15092bdf63b002f210f76f1cd9", "legacy": false, "compressed": false, "sampleRate": 60.0, "nRot": 0, "nPos": 0, "nScale": 0, "nFloat": 0, "nPPtr": 0, "bytes": 7709}
{"t": "AnimationClip", "name": "V_ui_zhoukabaoxiang_01_idle_copy", "bundle": "gameres_auto_assets__art_effect_animation_3d70ae15092bdf63b002f210f76f1cd9", "legacy": false, "compressed": false, "sampleRate": 60.0, "nRot": 0, "nPos": 0, "nScale": 0, "nFloat": 0, "nPPtr": 0, "bytes": 8275}
{"t": "AnimationClip", "name": "V_kaidige_shanshuo", "bundle": "gameres_auto_assets__art_effect_animation_3d70ae15092bdf63b002f210f76f1cd9", "legacy": false, "compressed": false, "sampleRate": 60.0, "nRot": 0, "nPos": 0, "nScale": 0, "nFloat": 0, "nPPtr": 0, "bytes": 8706}
{"t": "AnimationClip", "name": "V_ziyuanshouqu_fudong_anim", "bundle": "gameres_auto_assets__art_effect_animation_3d70ae15092bdf63b002f210f76f1cd9", "legacy": false, "compressed": false, "sampleRate": 60.0, "nRot": 0, "nPos": 0, "nScale": 0, "nFloat": 0, "nPPtr": 0, "bytes": 8783}
{"t": "AnimationClip", "name": "V_ui_common_saiji_activity_in", "bundle": "gameres_auto_assets__art_effect_animation_3d70ae15092bdf63b002f210f76f1cd9", "legacy": false, "compressed": false, "sampleRate": 60.0, "nRot": 0, "nPos": 0, "nScale": 0, "nFloat": 0, "nPPtr": 0, "bytes": 7169}
{"t": "AnimationClip", "name": "V_ui_GetDuel_coin_in", "bundle": "gameres_auto_assets__art_effect_animation_3d70ae15092bdf63b002f210f76f1cd9", "legacy": false, "compressed": false, "sampleRate": 60.0, "nRot": 0, "nPos": 0, "nScale": 0, "nFloat": 0, "nPPtr": 0, "bytes": 6612}
{"t": "AnimatorController", "name": "V_zdbx_jiantou", "bundle": "gameres_auto_assets__art_effect_animation_3d70ae15092bdf63b002f210f76f1cd9", "legacy": null, "compressed": false, "sampleRate": null, "nRot": 0, "nPos": 0, "nScale": 0, "nFloat": 0, "nPPtr": 0, "bytes": 2519}
{"t": "AnimationClip", "name": "V_ui_zhoukabaoxiang_01_opened", "bundle": "gameres_auto_assets__art_effect_animation_3d70ae15092bdf63b002f210f76f1cd9", "legacy": false, "compressed": false, "sampleRate": 60.0, "nRot": 0, "nPos": 0, "nScale": 0, "nFloat": 0, "nPPtr": 0, "bytes": 6499}
{"t": "AnimationClip", "name": "scoutNoUI", "bundle": "gameres_auto_assets__art_effect_animation_3d70ae15092bdf63b002f210f76f1cd9", "legacy": false, "compressed": false, "sampleRate": 60.0, "nRot": 0, "nPos": 0, "nScale": 0, "nFloat": 0, "nPPtr": 0, "bytes": 6675}
{"t": "AnimationClip", "name": "V_ui_TacticalChipFactoryCreatePage_select", "bundle": "gameres_auto_assets__art_effect_animation_3d70ae15092bdf63b002f210f76f1cd9", "legacy": false, "compressed": false, "sampleRate": 60.0, "nRot": 0, "nPos": 0, "nScale": 0, "nFloat": 0, "nPPtr": 0, "bytes": 8062}
{"t": "AnimatorController", "name": "UIScrollPackContent", "bundle": "gameres_auto_assets__art_effect_animation_3d70ae15092bdf63b002f210f76f1cd9", "legacy": null, "compressed": false, "sampleRate": null, "nRot": 0, "nPos": 0, "nScale": 0, "nFloat": 0, "nPPtr": 0, "bytes": 2557}
{"t": "AnimatorController", "name": "V_ui_dianzan_anim", "bundle": "gameres_auto_assets__art_effect_animation_3d70ae15092bdf63b002f210f76f1cd9", "legacy": null, "compressed": false, "sampleRate": null, "nRot": 0, "nPos": 0, "nScale": 0, "nFloat": 0, "nPPtr": 0, "bytes": 5227}
{"t": "AnimatorController", "name": "VFX_kaidige_huangse", "bundle": "gameres_auto_assets__art_effect_animation_3d70ae15092bdf63b002f210f76f1cd9", "legacy": null, "compressed": false, "sampleRate": null, "nRot": 0, "nPos": 0, "nScale": 0, "nFloat": 0, "nPPtr": 0, "bytes": 2528}
{"t": "AnimationClip", "name": "V_ui_UIActSlotMachineSelectCard_item_flip_gold", "bundle": "gameres_auto_assets__art_effect_animation_3d70ae15092bdf63b002f210f76f1cd9", "legacy": false, "compressed": false, "sampleRate": 60.0, "nRot": 0, "nPos": 0, "nScale": 0, "nFloat": 0, "nPPtr": 0, "bytes": 17174}
{"t": "AnimationClip", "name": "V_ui_zhoukabaoxiang_01_idle", "bundle": "gameres_auto_assets__art_effect_animation_3d70ae15092bdf63b002f210f76f1cd9", "legacy": false, "compressed": false, "sampleRate": 60.0, "nRot": 0, "nPos": 0, "nScale": 0, "nFloat": 0, "nPPtr": 0, "bytes": 8206}
{"t": "AnimatorController", "name": "buildBtn", "bundle": "gameres_auto_assets__art_effect_animation_3d70ae15092bdf63b002f210f76f1cd9", "legacy": null, "compressed": false, "sampleRate": null, "nRot": 0, "nPos": 0, "nScale": 0, "nFloat": 0, "nPPtr": 0, "bytes": 3069}
{"t": "AnimationClip", "name": "V_ui_extrabox_", "bundle": "gameres_auto_assets__art_effect_animation_3d70ae15092bdf63b002f210f76f1cd9", "legacy": false, "compressed": false, "sampleRate": 60.0, "nRot": 0, "nPos": 0, "nScale": 0, "nFloat": 0, "nPPtr": 0, "bytes": 6373}
{"t": "AnimationClip", "name": "V_Dqdd_fs_Ani", "bundle": "gameres_auto_assets__art_effect_animation_3d70ae15092bdf63b002f210f76f1cd9", "legacy": false, "compressed": false, "sampleRate": 60.0, "nRot": 0, "nPos": 0, "nScale": 0, "nFloat": 0, "nPPtr": 0, "bytes": 6062}
{"t": "AnimatorController", "name": "NewPeakArenaRankItem", "bundle": "gameres_auto_assets__art_effect_animation_3d70ae15092bdf63b002f210f76f1cd9", "legacy": null, "compressed": false, "sampleRate": null, "nRot": 0, "nPos": 0, "nScale": 0, "nFloat": 0, "nPPtr": 0, "bytes": 2553}
{"t": "AnimationClip", "name": "V_ui_common_item_in", "bundle": "gameres_auto_assets__art_effect_animation_3d70ae15092bdf63b002f210f76f1cd9", "legacy": false, "compressed": false, "sampleRate": 60.0, "nRot": 0, "nPos": 0, "nScale": 0, "nFloat": 0, "nPPtr": 0, "bytes": 6680}
{"t": "AnimationClip", "name": "V_ui_liaotianqiehuan02_Show_anim", "bundle": "gameres_auto_assets__art_effect_animation_3d70ae15092bdf63b002f210f76f1cd9", "legacy": false, "compressed": false, "sampleRate": 60.0, "nRot": 0, "nPos": 0, "nScale": 0, "nFloat": 0, "nPPtr": 0, "bytes": 8048}
{"t": "AnimatorController", "name": "V_ui_battle_anim", "bundle": "gameres_auto_assets__art_effect_animation_3d70ae15092bdf63b002f210f76f1cd9", "legacy": null, "compressed": false, "sampleRate": null, "nRot": 0, "nPos": 0, "nScale": 0, "nFloat": 0, "nPPtr": 0, "bytes": 2527}
{"t": "AnimationClip", "name": "V_ui_levelbg_idle", "bundle": "gameres_auto_assets__art_effect_animation_3d70ae15092bdf63b002f210f76f1cd9", "legacy": false, "compressed": false, "sampleRate": 60.0, "nRot": 0, "nPos": 0, "nScale": 0, "nFloat": 0, "nPPtr": 0, "bytes": 5895}
{"t": "AnimationClip", "name": "V_ui_luckyroll_item_default", "bundle": "gameres_auto_assets__art_effect_animation_3d70ae15092bdf63b002f210f76f1cd9", "legacy": false, "compressed": false, "sampleRate": 60.0, "nRot": 0, "nPos": 0, "nScale": 0, "nFloat": 0, "nPPtr": 0, "bytes": 6338}
{"t": "AnimatorController", "name": "V_plane", "bundle": "gameres_auto_assets__art_effect_animation_3d70ae15092bdf63b002f210f76f1cd9", "legacy": null, "compressed": false, "sampleRate": null, "nRot": 0, "nPos": 0, "nScale": 0, "nFloat": 0, "nPPtr": 0, "bytes": 2521}
{"t": "AnimationClip", "name": "V_ui_qiri_anim_hero", "bundle": "gameres_auto_assets__art_effect_animation_3d70ae15092bdf63b002f210f76f1cd9", "legacy": false, "compressed": false, "sampleRate": 60.0, "nRot": 0, "nPos": 0, "nScale": 0, "nFloat": 0, "nPPtr": 0, "bytes": 6948}
{"t": "AnimationClip", "name": "V_ui_zhuanchang_close_anim", "bundle": "gameres_auto_assets__art_effect_animation_3d70ae15092bdf63b002f210f76f1cd9", "legacy": false, "compressed": false, "sampleRate": 60.0, "nRot": 0, "nPos": 0, "nScale": 0, "nFloat": 0, "nPPtr": 0, "bytes": 12125}
{"t": "AnimationClip", "name": "V_ui_youxiang_ck", "bundle": "gameres_auto_assets__art_effect_animation_3d70ae15092bdf63b002f210f76f1cd9", "legacy": false, "compressed": false, "sampleRate": 60.0, "nRot": 0, "nPos": 0, "nScale": 0, "nFloat": 0, "nPPtr": 0, "bytes": 7191}
{"t": "AnimationClip", "name": "V_ui_battle_trail", "bundle": "gameres_auto_assets__art_effect_animation_3d70ae15092bdf63b002f210f76f1cd9", "legacy": false, "compressed": false, "sampleRate": 60.0, "nRot": 0, "nPos": 0, "nScale": 0, "nFloat": 0, "nPPtr": 0, "bytes": 8158}
{"t": "AnimatorController", "name": "V_zhanlizengzhang_trail", "bundle": "gameres_auto_assets__art_effect_animation_3d70ae15092bdf63b002f210f76f1cd9", "legacy": null, "compressed": false, "sampleRate": null, "nRot": 0, "nPos": 0, "nScale": 0, "nFloat": 0, "nPPtr": 0, "bytes": 2545}
{"t": "AnimationClip", "name": "V_ui_NewPeakArena_in", "bundle": "gameres_auto_assets__art_effect_animation_3d70ae15092bdf63b002f210f76f1cd9", "legacy": false, "compressed": false, "sampleRate": 60.0, "nRot": 0, "nPos": 0, "nScale": 0, "nFloat": 0, "nPPtr": 0, "bytes": 21125}
{"t": "AnimationClip", "name": "V_xuanyun_idle_anim", "bundle": "gameres_auto_assets__art_effect_animation_3d70ae15092bdf63b002f210f76f1cd9", "legacy": false, "compressed": false, "sampleRate": 60.0, "nRot": 0, "nPos": 0, "nScale": 0, "nFloat": 0, "nPPtr": 0, "bytes": 5880}
{"t": "AnimationClip", "name": "V_ziyuanshouqu_close_anim", "bundle": "gameres_auto_assets__art_effect_animation_3d70ae15092bdf63b002f210f76f1cd9", "legacy": false, "compressed": false, "sampleRate": 60.0, "nRot": 0, "nPos": 0, "nScale": 0, "nFloat": 0, "nPPtr": 0, "bytes": 6836}
{"t": "AnimationClip", "name": "Damage_Text_xuanting", "bundle": "gameres_auto_assets__art_effect_animation_3d70ae15092bdf63b002f210f76f1cd9", "legacy": false, "compressed": false, "sampleRate": 60.0, "nRot": 0, "nPos": 0, "nScale": 0, "nFloat": 0, "nPPtr": 0, "bytes": 8301}
{"t": "AnimatorController", "name": "V_time_anim", "bundle": "gameres_auto_assets__art_effect_animation_3d70ae15092bdf63b002f210f76f1cd9", "legacy": null, "compressed": false, "sampleRate": null, "nRot": 0, "nPos": 0, "nScale": 0, "nFloat": 0, "nPPtr": 0, "bytes": 2507}
{"t": "AnimationClip", "name": "V_ui_MultiKill_out", "bundle": "gameres_auto_assets__art_effect_animation_3d70ae15092bdf63b002f210f76f1cd9", "legacy": false, "compressed": false, "sampleRate": 60.0, "nRot": 0, "nPos": 0, "nScale": 0, "nFloat": 0, "nPPtr": 0, "bytes": 6954}
{"t": "AnimatorController", "name": "LWUIActEasterThumbsUpGlory", "bundle": "gameres_auto_assets__art_effect_animation_3d70ae15092bdf63b002f210f76f1cd9", "legacy": null, "compressed": false, "sampleRate": null, "nRot": 0, "nPos": 0, "nScale": 0, "nFloat": 0, "nPPtr": 0, "bytes": 2508}
{"t": "AnimationClip", "name": "V_ui_pve_heipinmu_xiaoshi", "bundle": "gameres_auto_assets__art_effect_animation_3d70ae15092bdf63b002f210f76f1cd9", "legacy": false, "compressed": false, "sampleRate": 60.0, "nRot": 0, "nPos": 0, "nScale": 0, "nFloat": 0, "nPPtr": 0, "bytes": 5987}
{"t": "AnimatorController", "name": "V_leida_teshushijian_liuguang", "bundle": "gameres_auto_assets__art_effect_animation_3d70ae15092bdf63b002f210f76f1cd9", "legacy": null, "compressed": false, "sampleRate": null, "nRot": 0, "nPos": 0, "nScale": 0, "nFloat": 0, "nPPtr": 0, "bytes": 2561}
{"t": "AnimationClip", "name": "V_ui_rectdeng_shang_shanshuo", "bundle": "gameres_auto_assets__art_effect_animation_3d70ae15092bdf63b002f210f76f1cd9", "legacy": false, "compressed": false, "sampleRate": 60.0, "nRot": 0, "nPos": 0, "nScale": 0, "nFloat": 0, "nPPtr": 0, "bytes": 11075}
{"t": "AnimationClip", "name": "V_ui_mainnew_warning_jinggao01", "bundle": "gameres_auto_assets__art_effect_animation_3d70ae15092bdf63b002f210f76f1cd9", "legacy": false, "compressed": false, "sampleRate": 60.0, "nRot": 0, "nPos": 0, "nScale": 0, "nFloat": 0, "nPPtr": 0, "bytes": 6482}
{"t": "AnimationClip", "name": "V_uiLWUIActEasterEggDetailVoteItem_in", "bundle": "gameres_auto_assets__art_effect_animation_3d70ae15092bdf63b002f210f76f1cd9", "legacy": false, "compressed": false, "sampleRate": 60.0, "nRot": 0, "nPos": 0, "nScale": 0, "nFloat": 0, "nPPtr": 0, "bytes": 9062}
{"t": "AnimationClip", "name": "V_ui_gulu_ineffect", "bundle": "gameres_auto_assets__art_effect_animation_3d70ae15092bdf63b002f210f76f1cd9", "legacy": false, "compressed": false, "sampleRate": 60.0, "nRot": 0, "nPos": 0, "nScale": 0, "nFloat": 0, "nPPtr": 0, "bytes": 7023}
{"t": "AnimationClip", "name": "Damage_CritSkill", "bundle": "gameres_auto_assets__art_effect_animation_3d70ae15092bdf63b002f210f76f1cd9", "legacy": false, "compressed": false, "sampleRate": 60.0, "nRot": 0, "nPos": 0, "nScale": 0, "nFloat": 0, "nPPtr": 0, "bytes": 9886}
{"t": "AnimationClip", "name": "V_ui_diancai_default", "bundle": "gameres_auto_assets__art_effect_animation_3d70ae15092bdf63b002f210f76f1cd9", "legacy": false, "compressed": false, "sampleRate": 60.0, "nRot": 0, "nPos": 0, "nScale": 0, "nFloat": 0, "nPPtr": 0, "bytes": 6682}
{"t": "AnimatorController", "name": "v_ui_armsRace_chest", "bundle": "gameres_auto_assets__art_effect_animation_3d70ae15092bdf63b002f210f76f1cd9", "legacy": null, "compressed": false, "sampleRate": null, "nRot": 0, "nPos": 0, "nScale": 0, "nFloat": 0, "nPPtr": 0, "bytes": 6975}
{"t": "AnimationClip", "name": "V_ui_UIActSlotMachineSelectCard_item_flip_blue", "bundle": "gameres_auto_assets__art_effect_animation_3d70ae15092bdf63b002f210f76f1cd9", "legacy": false, "compressed": false, "sampleRate": 60.0, "nRot": 0, "nPos": 0, "nScale": 0, "nFloat": 0, "nPPtr": 0, "bytes": 13288}
{"t": "AnimatorController", "name": "NameGroup", "bundle": "gameres_auto_assets__art_effect_animation_3d70ae15092bdf63b002f210f76f1cd9", "legacy": null, "compressed": false, "sampleRate": null, "nRot": 0, "nPos": 0, "nScale": 0, "nFloat": 0, "nPPtr": 0, "bytes": 3012}
{"t": "AnimationClip", "name": "V_jiantou_lvse", "bundle": "gameres_auto_assets__art_effect_animation_3d70ae15092bdf63b002f210f76f1cd9", "legacy": false, "compressed": false, "sampleRate": 60.0, "nRot": 0, "nPos": 0, "nScale": 0, "nFloat": 0, "nPPtr": 0, "bytes": 6511}
{"t": "AnimationClip", "name": "V_ui_ballobj_xiaoxi_tishi", "bundle": "gameres_auto_assets__art_effect_animation_3d70ae15092bdf63b002f210f76f1cd9", "legacy": false, "compressed": false, "sampleRate": 60.0, "nRot": 0, "nPos": 0, "nScale": 0, "nFloat": 0, "nPPtr": 0, "bytes": 7814}
{"t": "AnimationClip", "name": "V_ui_LWUIZoneMobilizationAllianceRankItemRender_idle", "bundle": "gameres_auto_assets__art_effect_animation_3d70ae15092bdf63b002f210f76f1cd9", "legacy": false, "compressed": false, "sampleRate": 60.0, "nRot": 0, "nPos": 0, "nScale": 0, "nFloat": 0, "nPPtr": 0, "bytes": 6942}
{"t": "AnimatorController", "name": "HitItem", "bundle": "gameres_auto_assets__art_effect_animation_3d70ae15092bdf63b002f210f76f1cd9", "legacy": null, "compressed": false, "sampleRate": null, "nRot": 0, "nPos": 0, "nScale": 0, "nFloat": 0, "nPPtr": 0, "bytes": 2514}
{"t": "AnimationClip", "name": "Damage_Skill", "bundle": "gameres_auto_assets__art_effect_animation_3d70ae15092bdf63b002f210f76f1cd9", "legacy": false, "compressed": false, "sampleRate": 60.0, "nRot": 0, "nPos": 0, "nScale": 0, "nFloat": 0, "nPPtr": 0, "bytes": 9880}
{"t": "AnimationClip", "name": "V_ui_UILWTrainDeparture_switch_gold", "bundle": "gameres_auto_assets__art_effect_animation_3d70ae15092bdf63b002f210f76f1cd9", "legacy": false, "compressed": false, "sampleRate": 60.0, "nRot": 0, "nPos": 0, "nScale": 0, "nFloat": 0, "nPPtr": 0, "bytes": 16462}
{"t": "AnimationClip", "name": "V_ui_LWCityFightCountTimeToGo_text", "bundle": "gameres_auto_assets__art_effect_animation_3d70ae15092bdf63b002f210f76f1cd9", "legacy": false, "compressed": false, "sampleRate": 60.0, "nRot": 0, "nPos": 0, "nScale": 0, "nFloat": 0, "nPPtr": 0, "bytes": 10227}
{"t": "AnimationClip", "name": "V_shaonian_hudun_close", "bundle": "gameres_auto_assets__art_effect_animation_3d70ae15092bdf63b002f210f76f1cd9", "legacy": false, "compressed": false, "sampleRate": 60.0, "nRot": 0, "nPos": 0, "nScale": 0, "nFloat": 0, "nPPtr": 0, "bytes": 6864}
{"t": "AnimationClip", "name": "V_ui_valentine_star_get", "bundle": "gameres_auto_assets__art_effect_animation_3d70ae15092bdf63b002f210f76f1cd9", "legacy": false, "compressed": false, "sampleRate": 60.0, "nRot": 0, "nPos": 0, "nScale": 0, "nFloat": 0, "nPPtr": 0, "bytes": 6960}
{"t": "AnimatorController", "name": "VFX_daben_qiancheng", "bundle": "gameres_auto_assets__art_effect_animation_3d70ae15092bdf63b002f210f76f1cd9", "legacy": null, "compressed": false, "sampleRate": null, "nRot": 0, "nPos": 0, "nScale": 0, "nFloat": 0, "nPPtr": 0, "bytes": 2516}
{"t": "AnimationClip", "name": "V_ui_TreatmentItem_saoguang", "bundle": "gameres_auto_assets__art_effect_animation_3d70ae15092bdf63b002f210f76f1cd9", "legacy": false, "compressed": false, "sampleRate": 60.0, "nRot": 0, "nPos": 0, "nScale": 0, "nFloat": 0, "nPPtr": 0, "bytes": 6774}
{"t": "AnimatorController", "name": "UILandLock", "bundle": "gameres_auto_assets__art_effect_animation_3d70ae15092bdf63b002f210f76f1cd9", "legacy": null, "compressed": false, "sampleRate": null, "nRot": 0, "nPos": 0, "nScale": 0, "nFloat": 0, "nPPtr": 0, "bytes": 3648}
{"t": "AnimationClip", "name": "V_o_env_common_box_xiaoshi", "bundle": "gameres_auto_assets__art_effect_animation_3d70ae15092bdf63b002f210f76f1cd9", "legacy": false, "compressed": false, "sampleRate": 60.0, "nRot": 0, "nPos": 0, "nScale": 0, "nFloat": 0, "nPPtr": 0, "bytes": 6518}
{"t": "AnimatorController", "name": "VFX_zd_xuanzhongdikaui_green", "bundle": "gameres_auto_assets__art_effect_animation_3d70ae15092bdf63b002f210f76f1cd9", "legacy": null, "compressed": false, "sampleRate": null, "nRot": 0, "nPos": 0, "nScale": 0, "nFloat": 0, "nPPtr": 0, "bytes": 592}
{"t": "AnimatorController", "name": "Rect_deng_shang_aim", "bundle": "gameres_auto_assets__art_effect_animation_3d70ae15092bdf63b002f210f76f1cd9", "legacy": null, "compressed": false, "sampleRate": null, "nRot": 0, "nPos": 0, "nScale": 0, "nFloat": 0, "nPPtr": 0, "bytes": 3670}
{"t": "AnimationClip", "name": "V_ui_rectdeng_zhong_shanshuo", "bundle": "gameres_auto_assets__art_effect_animation_3d70ae15092bdf63b002f210f76f1cd9", "legacy": false, "compressed": false, "sampleRate": 60.0, "nRot": 0, "nPos": 0, "nScale": 0, "nFloat": 0, "nPPtr": 0, "bytes": 9492}
{"t": "AnimationClip", "name": "V_ui_jiesuan_hero_anim", "bundle": "gameres_auto_assets__art_effect_animation_3d70ae15092bdf63b002f210f76f1cd9", "legacy": false, "compressed": false, "sampleRate": 60.0, "nRot": 0, "nPos": 0, "nScale": 0, "nFloat": 0, "nPPtr": 0, "bytes": 8118}
{"t": "AnimationClip", "name": "V_leida_teshushijian_liuguang", "bundle": "gameres_auto_assets__art_effect_animation_3d70ae15092bdf63b002f210f76f1cd9", "legacy": false, "compressed": false, "sampleRate": 60.0, "nRot": 0, "nPos": 0, "nScale": 0, "nFloat": 0, "nPPtr": 0, "bytes": 7395}
{"t": "AnimatorController", "name": "bookBg", "bundle": "gameres_auto_assets__art_effect_animation_3d70ae15092bdf63b002f210f76f1cd9", "legacy": null, "compressed": false, "sampleRate": null, "nRot": 0, "nPos": 0, "nScale": 0, "nFloat": 0, "nPPtr": 0, "bytes": 3672}
{"t": "AnimationClip", "name": "V_xinshouzhiyin_taiqi_anim", "bundle": "gameres_auto_assets__art_effect_animation_3d70ae15092bdf63b002f210f76f1cd9", "legacy": false, "compressed": false, "sampleRate": 60.0, "nRot": 0, "nPos": 0, "nScale": 0, "nFloat": 0, "nPPtr": 0, "bytes": 7318}
{"t": "AnimatorController", "name": "V_ui_liaotianqiehuan_ChatBg_anim", "bundle": "gameres_auto_assets__art_effect_animation_3d70ae15092bdf63b002f210f76f1cd9", "legacy": null, "compressed": false, "sampleRate": null, "nRot": 0, "nPos": 0, "nScale": 0, "nFloat": 0, "nPPtr": 0, "bytes": 3734}
{"t": "AnimationClip", "name": "Damage_Dot", "bundle": "gameres_auto_assets__art_effect_animation_3d70ae15092bdf63b002f210f76f1cd9", "legacy": false, "compressed": false, "sampleRate": 60.0, "nRot": 0, "nPos": 0, "nScale": 0, "nFloat": 0, "nPPtr": 0, "bytes": 8651}
{"t": "AnimationClip", "name": "V_ui_AttackSnow_in", "bundle": "gameres_auto_assets__art_effect_animation_3d70ae15092bdf63b002f210f76f1cd9", "legacy": false, "compressed": false, "sampleRate": 60.0, "nRot": 0, "nPos": 0, "nScale": 0, "nFloat": 0, "nPPtr": 0, "bytes": 7676}
{"t": "AnimationClip", "name": "V_leida_teshushijian_liuguang_01", "bundle": "gameres_auto_assets__art_effect_animation_3d70ae15092bdf63b002f210f76f1cd9", "legacy": false, "compressed": false, "sampleRate": 60.0, "nRot": 0, "nPos": 0, "nScale": 0, "nFloat": 0, "nPPtr": 0, "bytes": 6580}
{"t": "AnimatorController", "name": "V_ui_jiesuan_anim", "bundle": "gameres_auto_assets__art_effect_animation_3d70ae15092bdf63b002f210f76f1cd9", "legacy": null, "compressed": false, "sampleRate": null, "nRot": 0, "nPos": 0, "nScale": 0, "nFloat": 0, "nPPtr": 0, "bytes": 4793}
{"t": "AnimationClip", "name": "V_ui_liaotianqiehuan02_Close02_anim", "bundle": "gameres_auto_assets__art_effect_animation_3d70ae15092bdf63b002f210f76f1cd9", "legacy": false, "compressed": false, "sampleRate": 60.0, "nRot": 0, "nPos": 0, "nScale": 0, "nFloat": 0, "nPPtr": 0, "bytes": 8020}
{"t": "AnimationClip", "name": "V_world_MultiKill_out", "bundle": "gameres_auto_assets__art_effect_animation_3d70ae15092bdf63b002f210f76f1cd9", "legacy": false, "compressed": false, "sampleRate": 60.0, "nRot": 0, "nPos": 0, "nScale": 0, "nFloat": 0, "nPPtr": 0, "bytes": 10313}
{"t": "AnimationClip", "name": "V_hexin_fanwei", "bundle": "gameres_auto_assets__art_effect_animation_3d70ae15092bdf63b002f210f76f1cd9", "legacy": false, "compressed": false, "sampleRate": 60.0, "nRot": 0, "nPos": 0, "nScale": 0, "nFloat": 0, "nPPtr": 0, "bytes": 8248}
{"t": "AnimationClip", "name": "V_ui_LWUIZoneMobilizationDonatedInfoItemRender_fly_mirror", "bundle": "gameres_auto_assets__art_effect_animation_3d70ae15092bdf63b002f210f76f1cd9", "legacy": false, "compressed": false, "sampleRate": 60.0, "nRot": 0, "nPos": 0, "nScale": 0, "nFloat": 0, "nPPtr": 0, "bytes": 7647}
{"t": "AnimationClip", "name": "V_ui_jiesuo_invasion_jindu", "bundle": "gameres_auto_assets__art_effect_animation_3d70ae15092bdf63b002f210f76f1cd9", "legacy": false, "compressed": false, "sampleRate": 60.0, "nRot": 0, "nPos": 0, "nScale": 0, "nFloat": 0, "nPPtr": 0, "bytes": 7856}
{"t": "AnimatorController", "name": "V_ui_common_saiji_activity_in", "bundle": "gameres_auto_assets__art_effect_animation_3d70ae15092bdf63b002f210f76f1cd9", "legacy": null, "compressed": false, "sampleRate": null, "nRot": 0, "nPos": 0, "nScale": 0, "nFloat": 0, "nPPtr": 0, "bytes": 2565}
{"t": "AnimatorController", "name": "Digingtreasure", "bundle": "gameres_auto_assets__art_effect_animation_3d70ae15092bdf63b002f210f76f1cd9", "legacy": null, "compressed": false, "sampleRate": null, "nRot": 0, "nPos": 0, "nScale": 0, "nFloat": 0, "nPPtr": 0, "bytes": 2534}
{"t": "AnimationClip", "name": "V_ui_dianzan_default", "bundle": "gameres_auto_assets__art_effect_animation_3d70ae15092bdf63b002f210f76f1cd9", "legacy": false, "compressed": false, "sampleRate": 60.0, "nRot": 0, "nPos": 0, "nScale": 0, "nFloat": 0, "nPPtr": 0, "bytes": 6501}
{"t": "AnimationClip", "name": "V_jianzhuxuanzhong_show_anim", "bundle": "gameres_auto_assets__art_effect_animation_3d70ae15092bdf63b002f210f76f1cd9", "legacy": false, "compressed": false, "sampleRate": 60.0, "nRot": 0, "nPos": 0, "nScale": 0, "nFloat": 0, "nPPtr": 0, "bytes": 6905}
{"t": "AnimationClip", "name": "V_ui_UIAllianceStarMainPersonItem_idle", "bundle": "gameres_auto_assets__art_effect_animation_3d70ae15092bdf63b002f210f76f1cd9", "legacy": false, "compressed": false, "sampleRate": 60.0, "nRot": 0, "nPos": 0, "nScale": 0, "nFloat": 0, "nPPtr": 0, "bytes": 6692}
{"t": "AnimationClip", "name": "victoryNoUI", "bundle": "gameres_auto_assets__art_effect_animation_3d70ae15092bdf63b002f210f76f1cd9", "legacy": false, "compressed": false, "sampleRate": 60.0, "nRot": 0, "nPos": 0, "nScale": 0, "nFloat": 0, "nPPtr": 0, "bytes": 7477}
{"t": "AnimationClip", "name": "DecoIconUpgradePropAni", "bundle": "gameres_auto_assets__art_effect_animation_3d70ae15092bdf63b002f210f76f1cd9", "legacy": false, "compressed": false, "sampleRate": 60.0, "nRot": 0, "nPos": 0, "nScale": 0, "nFloat": 0, "nPPtr": 0, "bytes": 6260}
{"t": "AnimatorController", "name": "V_ui_bujianshengji_shuzhi_anim", "bundle": "gameres_auto_assets__art_effect_animation_3d70ae15092bdf63b002f210f76f1cd9", "legacy": null, "compressed": false, "sampleRate": null, "nRot": 0, "nPos": 0, "nScale": 0, "nFloat": 0, "nPPtr": 0, "bytes": 2566}
{"t": "AnimatorController", "name": "V_ui_jiesuan_wupin_anim", "bundle": "gameres_auto_assets__art_effect_animation_3d70ae15092bdf63b002f210f76f1cd9", "legacy": null, "compressed": false, "sampleRate": null, "nRot": 0, "nPos": 0, "nScale": 0, "nFloat": 0, "nPPtr": 0, "bytes": 2531}
{"t": "AnimatorController", "name": "VFX_caodi_keanzhi_fanwei", "bundle": "gameres_auto_assets__art_effect_animation_3d70ae15092bdf63b002f210f76f1cd9", "legacy": null, "compressed": false, "sampleRate": null, "nRot": 0, "nPos": 0, "nScale": 0, "nFloat": 0, "nPPtr": 0, "bytes": 2537}
{"t": "AnimatorController", "name": "V_ui_UITacticalEquipUpgrade_arrow_ctrl", "bundle": "gameres_auto_assets__art_effect_animation_tacticalequip_65cabab728a9e076bc36bf28e9aac531", "legacy": null, "compressed": false, "sampleRate": null, "nRot": 0, "nPos": 0, "nScale": 0, "nFloat": 0, "nPPtr": 0, "bytes": 2577}
{"t": "AnimationClip", "name": "V_ui_UITacticalEquipUpgrade_arrow", "bundle": "gameres_auto_assets__art_effect_animation_tacticalequip_65cabab728a9e076bc36bf28e9aac531", "legacy": false, "compressed": false, "sampleRate": 60.0, "nRot": 0, "nPos": 0, "nScale": 0, "nFloat": 0, "nPPtr": 0, "bytes": 11435}
{"t": "AnimationClip", "name": "RewardChangePreview_OptionalWeekCard_NewItemIn", "bundle": "gameres_auto_assets__art_lastwar_effect_animation_rewardchange_weekcard_animation_0_af43be85a848065fcf14c18687c85cf8", "legacy": true, "compressed": false, "sampleRate": 60.0, "nRot": 0, "nPos": 0, "nScale": 4, "nFloat": 3, "nPPtr": 0, "bytes": 11075}
{"t": "AnimationClip", "name": "RewardChangePreview_OptionalWeekCard_UpdateItemIn_NumberChange", "bundle": "gameres_auto_assets__art_lastwar_effect_animation_rewardchange_weekcard_animation_2_6276aba59fe7794c94b0f7cc73864fa3", "legacy": false, "compressed": false, "sampleRate": 60.0, "nRot": 0, "nPos": 0, "nScale": 0, "nFloat": 0, "nPPtr": 0, "bytes": 10809}
{"t": "AnimationClip", "name": "RewardChangePreview_OptionalWeekCard_UpdateItemIn", "bundle": "gameres_auto_assets__art_lastwar_effect_animation_rewardchange_weekcard_animation_4_8dafc4e5a677bb83fa71a6b6d293caba", "legacy": false, "compressed": false, "sampleRate": 60.0, "nRot": 0, "nPos": 0, "nScale": 0, "nFloat": 0, "nPPtr": 0, "bytes": 10121}
{"t": "AnimationClip", "name": "RewardChangePreview_OptionalWeekCard_UpdateItemInAfan_NumberChange", "bundle": "gameres_auto_assets__art_lastwar_effect_animation_rewardchange_weekcard_animation_5_969f5de2ac4fdae594edc2ee6201dc44", "legacy": false, "compressed": false, "sampleRate": 60.0, "nRot": 0, "nPos": 0, "nScale": 0, "nFloat": 0, "nPPtr": 0, "bytes": 10757}
{"t": "AnimationClip", "name": "RewardChangePreview_OptionalWeekCard_UpdateItemInAfan", "bundle": "gameres_auto_assets__art_lastwar_effect_animation_rewardchange_weekcard_animation_5_969f5de2ac4fdae594edc2ee6201dc44", "legacy": false, "compressed": false, "sampleRate": 60.0, "nRot": 0, "nPos": 0, "nScale": 0, "nFloat": 0, "nPPtr": 0, "bytes": 10069}
{"t": "AnimationClip", "name": "Recorded", "bundle": "gameres_auto_assets__art_lastwar_effect_animation_recruit100_7c8e4de2e4840d30fe197a6190a20923", "legacy": false, "compressed": false, "sampleRate": 60.0, "nRot": 0, "nPos": 0, "nScale": 0, "nFloat": 0, "nPPtr": 0, "bytes": 5967}
{"t": "AnimationClip", "name": "Recruit100CardBoomAni_4", "bundle": "gameres_auto_assets__art_lastwar_effect_animation_recruit100_7c8e4de2e4840d30fe197a6190a20923", "legacy": false, "compressed": false, "sampleRate": 60.0, "nRot": 0, "nPos": 0, "nScale": 0, "nFloat": 0, "nPPtr": 0, "bytes": 13933}
{"t": "AnimationClip", "name": "Recruit100CardBoomAni_2", "bundle": "gameres_auto_assets__art_lastwar_effect_animation_recruit100_7c8e4de2e4840d30fe197a6190a20923", "legacy": false, "compressed": false, "sampleRate": 60.0, "nRot": 0, "nPos": 0, "nScale": 0, "nFloat": 0, "nPPtr": 0, "bytes": 13933}
{"t": "AnimationClip", "name": "Recruit100CardBoomAni_6", "bundle": "gameres_auto_assets__art_lastwar_effect_animation_recruit100_7c8e4de2e4840d30fe197a6190a20923", "legacy": false, "compressed": false, "sampleRate": 60.0, "nRot": 0, "nPos": 0, "nScale": 0, "nFloat": 0, "nPPtr": 0, "bytes": 13933}
{"t": "AnimationClip", "name": "Recruit100CardBoomAni_1", "bundle": "gameres_auto_assets__art_lastwar_effect_animation_recruit100_7c8e4de2e4840d30fe197a6190a20923", "legacy": false, "compressed": false, "sampleRate": 60.0, "nRot": 0, "nPos": 0, "nScale": 0, "nFloat": 0, "nPPtr": 0, "bytes": 21881}
{"t": "AnimationClip", "name": "Recorded", "bundle": "gameres_auto_assets__art_lastwar_effect_animation_recruit100_7c8e4de2e4840d30fe197a6190a20923", "legacy": false, "compressed": false, "sampleRate": 60.0, "nRot": 0, "nPos": 0, "nScale": 0, "nFloat": 0, "nPPtr": 0, "bytes": 6455}
{"t": "AnimationClip", "name": "Recruit100CardBoomAni_9", "bundle": "gameres_auto_assets__art_lastwar_effect_animation_recruit100_7c8e4de2e4840d30fe197a6190a20923", "legacy": false, "compressed": false, "sampleRate": 60.0, "nRot": 0, "nPos": 0, "nScale": 0, "nFloat": 0, "nPPtr": 0, "bytes": 13933}
{"t": "AnimationClip", "name": "Recruit100CardBoomAni_3", "bundle": "gameres_auto_assets__art_lastwar_effect_animation_recruit100_7c8e4de2e4840d30fe197a6190a20923", "legacy": false, "compressed": false, "sampleRate": 60.0, "nRot": 0, "nPos": 0, "nScale": 0, "nFloat": 0, "nPPtr": 0, "bytes": 13933}
{"t": "AnimationClip", "name": "Recruit100CardBoomAni_8", "bundle": "gameres_auto_assets__art_lastwar_effect_animation_recruit100_7c8e4de2e4840d30fe197a6190a20923", "legacy": false, "compressed": false, "sampleRate": 60.0, "nRot": 0, "nPos": 0, "nScale": 0, "nFloat": 0, "nPPtr": 0, "bytes": 13933}
{"t": "AnimationClip", "name": "Recruit100CardBoomAni_5", "bundle": "gameres_auto_assets__art_lastwar_effect_animation_recruit100_7c8e4de2e4840d30fe197a6190a20923", "legacy": false, "compressed": false, "sampleRate": 60.0, "nRot": 0, "nPos": 0, "nScale": 0, "nFloat": 0, "nPPtr": 0, "bytes": 13933}
{"t": "AnimationClip", "name": "Recruit100CardBoomAni_7", "bundle": "gameres_auto_assets__art_lastwar_effect_animation_recruit100_7c8e4de2e4840d30fe197a6190a20923", "legacy": false, "compressed": false, "sampleRate": 60.0, "nRot": 0, "nPos": 0, "nScale": 0, "nFloat": 0, "nPPtr": 0, "bytes": 13933}
{"t": "AnimatorController", "name": "UIRevivalPlanItem", "bundle": "gameres_auto_assets__art_lastwar_effect_animation_revivalplan_42c34df8b85a5c2de2e8e7fe8a8d3139", "legacy": null, "compressed": false, "sampleRate": null, "nRot": 0, "nPos": 0, "nScale": 0, "nFloat": 0, "nPPtr": 0, "bytes": 2534}
{"t": "AnimationClip", "name": "UIRevivalPlanItemIn", "bundle": "gameres_auto_assets__art_lastwar_effect_animation_revivalplan_42c34df8b85a5c2de2e8e7fe8a8d3139", "legacy": false, "compressed": false, "sampleRate": 60.0, "nRot": 0, "nPos": 0, "nScale": 0, "nFloat": 0, "nPPtr": 0, "bytes": 7488}
{"t": "AnimationClip", "name": "LWUIActivityRewardChangePreview_AccuRecharge_UpdateItemAfan", "bundle": "gameres_auto_assets__art_lastwar_effect_animation_rewardchange_accurecharge_animation_6ebd3bf4f08eb00cd58ea20f8dfb82e4", "legacy": false, "compressed": false, "sampleRate": 60.0, "nRot": 0, "nPos": 0, "nScale": 0, "nFloat": 0, "nPPtr": 0, "bytes": 11376}
{"t": "AnimationClip", "name": "LWUIActivityRewardChangePreview_AccuRecharge_moveout", "bundle": "gameres_auto_assets__art_lastwar_effect_animation_rewardchange_accurecharge_animation_6ebd3bf4f08eb00cd58ea20f8dfb82e4", "legacy": false, "compressed": false, "sampleRate": 60.0, "nRot": 0, "nPos": 0, "nScale": 0, "nFloat": 0, "nPPtr": 0, "bytes": 9234}
{"t": "AnimationClip", "name": "RewardChangePreview_AccuRechargeUpdateInAfan", "bundle": "gameres_auto_assets__art_lastwar_effect_animation_rewardchange_accurecharge_animation_6ebd3bf4f08eb00cd58ea20f8dfb82e4", "legacy": false, "compressed": false, "sampleRate": 60.0, "nRot": 0, "nPos": 0, "nScale": 0, "nFloat": 0, "nPPtr": 0, "bytes": 9632}
{"t": "AnimationClip", "name": "LWUIActivityRewardChangePreview_AccuRechargeBgOut", "bundle": "gameres_auto_assets__art_lastwar_effect_animation_rewardchange_accurecharge_animation_6ebd3bf4f08eb00cd58ea20f8dfb82e4", "legacy": false, "compressed": false, "sampleRate": 60.0, "nRot": 0, "nPos": 0, "nScale": 0, "nFloat": 0, "nPPtr": 0, "bytes": 9231}
{"t": "AnimationClip", "name": "LWUIActivityRewardChangePreview_AccuRechargeBgIn", "bundle": "gameres_auto_assets__art_lastwar_effect_animation_rewardchange_accurecharge_animation_6ebd3bf4f08eb00cd58ea20f8dfb82e4", "legacy": false, "compressed": false, "sampleRate": 60.0, "nRot": 0, "nPos": 0, "nScale": 0, "nFloat": 0, "nPPtr": 0, "bytes": 9186}
{"t": "AnimationClip", "name": "LWUIActivityRewardChangePreview_AccuRechargeNewIn", "bundle": "gameres_auto_assets__art_lastwar_effect_animation_rewardchange_accurecharge_animation_6ebd3bf4f08eb00cd58ea20f8dfb82e4", "legacy": false, "compressed": false, "sampleRate": 60.0, "nRot": 0, "nPos": 0, "nScale": 0, "nFloat": 0, "nPPtr": 0, "bytes": 9072}
{"t": "AnimatorController", "name": "LWUIActivityRewardChangePreview_AccuRecharge", "bundle": "gameres_auto_assets__art_lastwar_effect_animation_rewardchange_accurecharge_animator_41c27f51151ee5dbf78f8569c8e3d194", "legacy": null, "compressed": false, "sampleRate": null, "nRot": 0, "nPos": 0, "nScale": 0, "nFloat": 0, "nPPtr": 0, "bytes": 7791}
{"t": "AnimatorController", "name": "LWUIActivityRewardChangePreview_WeekCard_UpdateItem", "bundle": "gameres_auto_assets__art_lastwar_effect_animation_rewardchange_weekcard_animator_6_a000554ba0184e02a6d837839b8f3d9f", "legacy": null, "compressed": false, "sampleRate": null, "nRot": 0, "nPos": 0, "nScale": 0, "nFloat": 0, "nPPtr": 0, "bytes": 6683}
{"t": "AnimationClip", "name": "Recorded", "bundle": "gameres_auto_assets__art_lastwar_effect_animation_shengdan_2024_144a74e610969988a645b1fd10f4390a", "legacy": false, "compressed": false, "sampleRate": 60.0, "nRot": 0, "nPos": 0, "nScale": 0, "nFloat": 0, "nPPtr": 0, "bytes": 8342}
{"t": "AnimationClip", "name": "deer_2024_run", "bundle": "gameres_auto_assets__art_lastwar_effect_animation_shengdan_2024_144a74e610969988a645b1fd10f4390a", "legacy": false, "compressed": false, "sampleRate": 30.0, "nRot": 0, "nPos": 0, "nScale": 0, "nFloat": 0, "nPPtr": 0, "bytes": 166090}
{"t": "AnimationClip", "name": "Recorded (1)", "bundle": "gameres_auto_assets__art_lastwar_effect_animation_shengdan_2024_144a74e610969988a645b1fd10f4390a", "legacy": false, "compressed": false, "sampleRate": 60.0, "nRot": 0, "nPos": 0, "nScale": 0, "nFloat": 0, "nPPtr": 0, "bytes": 9900}
{"t": "AnimationClip", "name": "Eff_DecoUpgradeExpProgressEff", "bundle": "gameres_auto_assets__art_lastwar_effect_animation_ui_afeddd60e39e3d34adf5a1c7bf7647ab", "legacy": false, "compressed": false, "sampleRate": 60.0, "nRot": 0, "nPos": 0, "nScale": 0, "nFloat": 0, "nPPtr": 0, "bytes": 6065}
{"t": "AnimationClip", "name": "Eff_anim_UI_UIDecorationGachaMain_WishContent_jiahao", "bundle": "gameres_auto_assets__art_lastwar_effect_animation_ui_afeddd60e39e3d34adf5a1c7bf7647ab", "legacy": false, "compressed": false, "sampleRate": 60.0, "nRot": 0, "nPos": 0, "nScale": 0, "nFloat": 0, "nPPtr": 0, "bytes": 6539}
{"t": "AnimatorController", "name": "Eff_Con_UI_UIDecorationGachaMain_WishContent", "bundle": "gameres_auto_assets__art_lastwar_effect_animation_ui_afeddd60e39e3d34adf5a1c7bf7647ab", "legacy": null, "compressed": false, "sampleRate": null, "nRot": 0, "nPos": 0, "nScale": 0, "nFloat": 0, "nPPtr": 0, "bytes": 4279}
{"t": "AnimationClip", "name": "Eff_anim_UI_UIDecorationGachaSegmentItem_danchou", "bundle": "gameres_auto_assets__art_lastwar_effect_animation_ui_afeddd60e39e3d34adf5a1c7bf7647ab", "legacy": false, "compressed": false, "sampleRate": 60.0, "nRot": 0, "nPos": 0, "nScale": 0, "nFloat": 0, "nPPtr": 0, "bytes": 7352}
{"t": "AnimationClip", "name": "Eff_anim_UI_UIDecorationGachaSegmentItem_shilianchou", "bundle": "gameres_auto_assets__art_lastwar_effect_animation_ui_afeddd60e39e3d34adf5a1c7bf7647ab", "legacy": false, "compressed": false, "sampleRate": 60.0, "nRot": 0, "nPos": 0, "nScale": 0, "nFloat": 0, "nPPtr": 0, "bytes": 7416}
{"t": "AnimationClip", "name": "Eff_anim_UI_UIDecorationGachaSegmentItem_shilian_chongfu", "bundle": "gameres_auto_assets__art_lastwar_effect_animation_ui_afeddd60e39e3d34adf5a1c7bf7647ab", "legacy": false, "compressed": false, "sampleRate": 60.0, "nRot": 0, "nPos": 0, "nScale": 0, "nFloat": 0, "nPPtr": 0, "bytes": 7236}
{"t": "AnimationClip", "name": "Eff_Con_UI_UIDecorationGachaMain_WishContent_jiangping", "bundle": "gameres_auto_assets__art_lastwar_effect_animation_ui_afeddd60e39e3d34adf5a1c7bf7647ab", "legacy": false, "compressed": false, "sampleRate": 60.0, "nRot": 0, "nPos": 0, "nScale": 0, "nFloat": 0, "nPPtr": 0, "bytes": 7406}
{"t": "AnimationClip", "name": "Eff_UI_Halloween_Icon_Fx", "bundle": "gameres_auto_assets__art_lastwar_effect_animation_ui_afeddd60e39e3d34adf5a1c7bf7647ab", "legacy": false, "compressed": false, "sampleRate": 60.0, "nRot": 0, "nPos": 0, "nScale": 0, "nFloat": 0, "nPPtr": 0, "bytes": 25234}
{"t": "AnimatorController", "name": "Eff_UI_Halloween_Icon_Fx", "bundle": "gameres_auto_assets__art_lastwar_effect_animation_ui_afeddd60e39e3d34adf5a1c7bf7647ab", "legacy": null, "compressed": false, "sampleRate": null, "nRot": 0, "nPos": 0, "nScale": 0, "nFloat": 0, "nPPtr": 0, "bytes": 2524}
{"t": "AnimationClip", "name": "UIHeroExhibitPanel", "bundle": "gameres_auto_assets__art_lastwar_effect_animation_ui_appear_151d72bd6c4e35cf3186603dba287920", "legacy": false, "compressed": false, "sampleRate": 60.0, "nRot": 0, "nPos": 0, "nScale": 0, "nFloat": 0, "nPPtr": 0, "bytes": 13876}
{"t": "AnimationClip", "name": "V_ui_LWUIBuildingHelper_in_new", "bundle": "gameres_auto_assets__art_lastwar_effect_animation_ui_eff_ui_anim_lwuibuildinghelper_a11b37a6f324972f61cf57170ca247e3", "legacy": false, "compressed": false, "sampleRate": 60.0, "nRot": 0, "nPos": 0, "nScale": 0, "nFloat": 0, "nPPtr": 0, "bytes": 16522}
{"t": "AnimationClip", "name": "LWUIBuildingHelper_moveout", "bundle": "gameres_auto_assets__art_lastwar_effect_animation_ui_eff_ui_anim_lwuibuildinghelper_a11b37a6f324972f61cf57170ca247e3", "legacy": false, "compressed": false, "sampleRate": 60.0, "nRot": 0, "nPos": 0, "nScale": 0, "nFloat": 0, "nPPtr": 0, "bytes": 6562}
{"t": "AnimatorController", "name": "LWUIBuildingHelper", "bundle": "gameres_auto_assets__art_lastwar_effect_animation_ui_eff_ui_anim_lwuibuildinghelper_a11b37a6f324972f61cf57170ca247e3", "legacy": null, "compressed": false, "sampleRate": null, "nRot": 0, "nPos": 0, "nScale": 0, "nFloat": 0, "nPPtr": 0, "bytes": 4812}
{"t": "AnimationClip", "name": "V_ui_LWUIBuildingHelper_in2_new", "bundle": "gameres_auto_assets__art_lastwar_effect_animation_ui_eff_ui_anim_lwuibuildinghelper_a11b37a6f324972f61cf57170ca247e3", "legacy": false, "compressed": false, "sampleRate": 60.0, "nRot": 0, "nPos": 0, "nScale": 0, "nFloat": 0, "nPPtr": 0, "bytes": 22998}
{"t": "AnimationClip", "name": "Eff_anim_daditu_show", "bundle": "gameres_auto_assets__art_lastwar_effect_animation_ui_daditu_0_71fc13a67c0263e422e9844b134b88b7", "legacy": false, "compressed": false, "sampleRate": 60.0, "nRot": 0, "nPos": 0, "nScale": 0, "nFloat": 0, "nPPtr": 0, "bytes": 7209}
{"t": "AnimationClip", "name": "Eff_ui_dafuw_jianzhan_x", "bundle": "gameres_auto_assets__art_lastwar_effect_animation_ui_dafuw_1207fac92359d4b164bdfe5c765c644e", "legacy": false, "compressed": false, "sampleRate": 60.0, "nRot": 0, "nPos": 0, "nScale": 0, "nFloat": 0, "nPPtr": 0, "bytes": 8025}
{"t": "AnimationClip", "name": "Eff_ui_dafuw_jianzhan_x_ScheduleBattle", "bundle": "gameres_auto_assets__art_lastwar_effect_animation_ui_dafuw_1207fac92359d4b164bdfe5c765c644e", "legacy": false, "compressed": false, "sampleRate": 60.0, "nRot": 0, "nPos": 0, "nScale": 0, "nFloat": 0, "nPPtr": 0, "bytes": 10111}
{"t": "AnimatorController", "name": "Eff_dafuw_jiaozhan_X_ScheduleBattle", "bundle": "gameres_auto_assets__art_lastwar_effect_animation_ui_dafuw_1207fac92359d4b164bdfe5c765c644e", "legacy": null, "compressed": false, "sampleRate": null, "nRot": 0, "nPos": 0, "nScale": 0, "nFloat": 0, "nPPtr": 0, "bytes": 2660}
{"t": "AnimationClip", "name": "Eff_ui_dafuw_jiaozhan_x_dianji", "bundle": "gameres_auto_assets__art_lastwar_effect_animation_ui_dafuw_1207fac92359d4b164bdfe5c765c644e", "legacy": false, "compressed": false, "sampleRate": 60.0, "nRot": 0, "nPos": 0, "nScale": 0, "nFloat": 0, "nPPtr": 0, "bytes": 7241}
{"t": "AnimatorController", "name": "Eff_dafuw_jiaozhan_X", "bundle": "gameres_auto_assets__art_lastwar_effect_animation_ui_dafuw_1207fac92359d4b164bdfe5c765c644e", "legacy": null, "compressed": false, "sampleRate": null, "nRot": 0, "nPos": 0, "nScale": 0, "nFloat": 0, "nPPtr": 0, "bytes": 4895}
{"t": "AnimationClip", "name": "Eff_ui_dafuw_jianzhan_BZM", "bundle": "gameres_auto_assets__art_lastwar_effect_animation_ui_dafuw_dafuw_newbies_d6a55833f6d8d5d48a62b35620bf8191", "legacy": false, "compressed": false, "sampleRate": 60.0, "nRot": 0, "nPos": 0, "nScale": 0, "nFloat": 0, "nPPtr": 0, "bytes": 9578}
{"t": "AnimatorController", "name": "Eff_dafuw_jiaozhan_BZM", "bundle": "gameres_auto_assets__art_lastwar_effect_animation_ui_dafuw_dafuw_newbies_d6a55833f6d8d5d48a62b35620bf8191", "legacy": null, "compressed": false, "sampleRate": null, "nRot": 0, "nPos": 0, "nScale": 0, "nFloat": 0, "nPPtr": 0, "bytes": 4924}
{"t": "AnimationClip", "name": "Eff_ui_dafuw_jianzhan_BZM_dianji", "bundle": "gameres_auto_assets__art_lastwar_effect_animation_ui_dafuw_dafuw_newbies_d6a55833f6d8d5d48a62b35620bf8191", "legacy": false, "compressed": false, "sampleRate": 60.0, "nRot": 0, "nPos": 0, "nScale": 0, "nFloat": 0, "nPPtr": 0, "bytes": 6485}
{"t": "AnimationClip", "name": "Eff_Anim_UI_UITreasureChestItem_Open02", "bundle": "gameres_auto_assets__art_lastwar_effect_animation_ui_eff_anim_ui_uitreasurechest_9c2036475f0d98cddab1a7b9d7185f0f", "legacy": false, "compressed": false, "sampleRate": 60.0, "nRot": 0, "nPos": 0, "nScale": 0, "nFloat": 0, "nPPtr": 0, "bytes": 17195}
{"t": "AnimationClip", "name": "Eff_Anim_UI_UITreasureChestItem_Open", "bundle": "gameres_auto_assets__art_lastwar_effect_animation_ui_eff_anim_ui_uitreasurechest_9c2036475f0d98cddab1a7b9d7185f0f", "legacy": false, "compressed": false, "sampleRate": 60.0, "nRot": 0, "nPos": 0, "nScale": 0, "nFloat": 0, "nPPtr": 0, "bytes": 16931}
{"t": "AnimationClip", "name": "Eff_Anim_UI_UITreasureChestItem_Into", "bundle": "gameres_auto_assets__art_lastwar_effect_animation_ui_eff_anim_ui_uitreasurechest_9c2036475f0d98cddab1a7b9d7185f0f", "legacy": false, "compressed": false, "sampleRate": 60.0, "nRot": 0, "nPos": 0, "nScale": 0, "nFloat": 0, "nPPtr": 0, "bytes": 17380}
{"t": "AnimationClip", "name": "Eff_Anim_UI_UITreasureChestItem_Into02", "bundle": "gameres_auto_assets__art_lastwar_effect_animation_ui_eff_anim_ui_uitreasurechest_9c2036475f0d98cddab1a7b9d7185f0f", "legacy": false, "compressed": false, "sampleRate": 60.0, "nRot": 0, "nPos": 0, "nScale": 0, "nFloat": 0, "nPPtr": 0, "bytes": 18332}
{"t": "AnimationClip", "name": "Eff_Anim_UI_UITreasureChestItem_Click", "bundle": "gameres_auto_assets__art_lastwar_effect_animation_ui_eff_anim_ui_uitreasurechest_9c2036475f0d98cddab1a7b9d7185f0f", "legacy": false, "compressed": false, "sampleRate": 60.0, "nRot": 0, "nPos": 0, "nScale": 0, "nFloat": 0, "nPPtr": 0, "bytes": 14120}
{"t": "AnimationClip", "name": "Eff_Anim_UI_UITreasureChestItem_Idle02", "bundle": "gameres_auto_assets__art_lastwar_effect_animation_ui_eff_anim_ui_uitreasurechest_9c2036475f0d98cddab1a7b9d7185f0f", "legacy": false, "compressed": false, "sampleRate": 60.0, "nRot": 0, "nPos": 0, "nScale": 0, "nFloat": 0, "nPPtr": 0, "bytes": 12969}
{"t": "AnimationClip", "name": "Eff_Anim_UI_UITreasureChestItem_Idle", "bundle": "gameres_auto_assets__art_lastwar_effect_animation_ui_eff_anim_ui_uitreasurechest_9c2036475f0d98cddab1a7b9d7185f0f", "legacy": false, "compressed": false, "sampleRate": 60.0, "nRot": 0, "nPos": 0, "nScale": 0, "nFloat": 0, "nPPtr": 0, "bytes": 13009}
{"t": "AnimationClip", "name": "Eff_Anim_UI_UITreasureChestItem_Close", "bundle": "gameres_auto_assets__art_lastwar_effect_animation_ui_eff_anim_ui_uitreasurechest_9c2036475f0d98cddab1a7b9d7185f0f", "legacy": false, "compressed": false, "sampleRate": 60.0, "nRot": 0, "nPos": 0, "nScale": 0, "nFloat": 0, "nPPtr": 0, "bytes": 12921}
{"t": "AnimatorController", "name": "Eff_con_s_jiluofu_longmendiao_work", "bundle": "gameres_auto_assets__art_lastwar_effect_animation_animation01_20232c0b593a951bdd8eb3dd798fbcf4", "legacy": null, "compressed": false, "sampleRate": null, "nRot": 0, "nPos": 0, "nScale": 0, "nFloat": 0, "nPPtr": 0, "bytes": 2579}
{"t": "AnimationClip", "name": "Eff_beizengmen_jinbi_xiaoshi_01", "bundle": "gameres_auto_assets__art_lastwar_effect_animation_animation01_20232c0b593a951bdd8eb3dd798fbcf4", "legacy": false, "compressed": false, "sampleRate": 60.0, "nRot": 0, "nPos": 0, "nScale": 0, "nFloat": 0, "nPPtr": 0, "bytes": 7740}
{"t": "AnimationClip", "name": "Eff_ani_s_ganenjieyecan_01", "bundle": "gameres_auto_assets__art_lastwar_effect_animation_animation01_20232c0b593a951bdd8eb3dd798fbcf4", "legacy": false, "compressed": false, "sampleRate": 30.0, "nRot": 0, "nPos": 0, "nScale": 0, "nFloat": 0, "nPPtr": 0, "bytes": 6017}
{"t": "AnimationClip", "name": "Eff_ani_s_ganenjieyecan_02", "bundle": "gameres_auto_assets__art_lastwar_effect_animation_animation01_20232c0b593a951bdd8eb3dd798fbcf4", "legacy": false, "compressed": false, "sampleRate": 30.0, "nRot": 0, "nPos": 0, "nScale": 0, "nFloat": 0, "nPPtr": 0, "bytes": 6017}
{"t": "AnimationClip", "name": "Eff_benzengmen_jinbichusheng_01", "bundle": "gameres_auto_assets__art_lastwar_effect_animation_animation01_20232c0b593a951bdd8eb3dd798fbcf4", "legacy": false, "compressed": false, "sampleRate": 60.0, "nRot": 0, "nPos": 0, "nScale": 0, "nFloat": 0, "nPPtr": 0, "bytes": 8140}
{"t": "AnimatorController", "name": "Eff_con_s_ganenjieyecan_02", "bundle": "gameres_auto_assets__art_lastwar_effect_animation_animation01_20232c0b593a951bdd8eb3dd798fbcf4", "legacy": null, "compressed": false, "sampleRate": null, "nRot": 0, "nPos": 0, "nScale": 0, "nFloat": 0, "nPPtr": 0, "bytes": 2536}
{"t": "AnimationClip", "name": "Eff_ani_s_jiluofu_longmendiao_work", "bundle": "gameres_auto_assets__art_lastwar_effect_animation_animation01_20232c0b593a951bdd8eb3dd798fbcf4", "legacy": false, "compressed": false, "sampleRate": 30.0, "nRot": 0, "nPos": 0, "nScale": 0, "nFloat": 0, "nPPtr": 0, "bytes": 5971}
{"t": "AnimatorController", "name": "Eff_con_s_ganenjieyecan_01", "bundle": "gameres_auto_assets__art_lastwar_effect_animation_animation01_20232c0b593a951bdd8eb3dd798fbcf4", "legacy": null, "compressed": false, "sampleRate": null, "nRot": 0, "nPos": 0, "nScale": 0, "nFloat": 0, "nPPtr": 0, "bytes": 2554}
{"t": "AnimatorController", "name": "Eff_benzengmen_jinbichusheng_01", "bundle": "gameres_auto_assets__art_lastwar_effect_animation_animation01_20232c0b593a951bdd8eb3dd798fbcf4", "legacy": null, "compressed": false, "sampleRate": null, "nRot": 0, "nPos": 0, "nScale": 0, "nFloat": 0, "nPPtr": 0, "bytes": 3697}
{"t": "AnimationClip", "name": "Eff_anim_zhuanwu_Loop", "bundle": "gameres_auto_assets__art_lastwar_effect_animation_animation_shj_1fcae523ea30b1944a6acaac55fcc061", "legacy": false, "compressed": false, "sampleRate": 60.0, "nRot": 0, "nPos": 0, "nScale": 0, "nFloat": 0, "nPPtr": 0, "bytes": 9745}
{"t": "AnimationClip", "name": "Eff_anim_zhuanwu_LevelUpEff", "bundle": "gameres_auto_assets__art_lastwar_effect_animation_animation_shj_1fcae523ea30b1944a6acaac55fcc061", "legacy": false, "compressed": false, "sampleRate": 60.0, "nRot": 0, "nPos": 0, "nScale": 0, "nFloat": 0, "nPPtr": 0, "bytes": 8129}
{"t": "AnimationClip", "name": "Eff_anim_zhuanwu_start", "bundle": "gameres_auto_assets__art_lastwar_effect_animation_animation_shj_1fcae523ea30b1944a6acaac55fcc061", "legacy": false, "compressed": false, "sampleRate": 60.0, "nRot": 0, "nPos": 0, "nScale": 0, "nFloat": 0, "nPPtr": 0, "bytes": 15081}
{"t": "AnimatorController", "name": "Eff_Con_zhuanwu_01", "bundle": "gameres_auto_assets__art_lastwar_effect_animation_animation_shj_1fcae523ea30b1944a6acaac55fcc061", "legacy": null, "compressed": false, "sampleRate": null, "nRot": 0, "nPos": 0, "nScale": 0, "nFloat": 0, "nPPtr": 0, "bytes": 7461}
{"t": "AnimationClip", "name": "Eff_zhuanchang_yun_he", "bundle": "gameres_auto_assets__art_lastwar_effect_animation_d8e9d5507e22a2cbc2b68da81331dd0d", "legacy": false, "compressed": false, "sampleRate": 60.0, "nRot": 0, "nPos": 0, "nScale": 0, "nFloat": 0, "nPPtr": 0, "bytes": 10966}
{"t": "AnimationClip", "name": "UICityEventUAVItemIn", "bundle": "gameres_auto_assets__art_lastwar_effect_animation_d8e9d5507e22a2cbc2b68da81331dd0d", "legacy": false, "compressed": false, "sampleRate": 60.0, "nRot": 0, "nPos": 0, "nScale": 0, "nFloat": 0, "nPPtr": 0, "bytes": 6576}
{"t": "AnimationClip", "name": "Eff_ui_anjiantixing_bubble_btn", "bundle": "gameres_auto_assets__art_lastwar_effect_animation_d8e9d5507e22a2cbc2b68da81331dd0d", "legacy": false, "compressed": false, "sampleRate": 60.0, "nRot": 0, "nPos": 0, "nScale": 0, "nFloat": 0, "nPPtr": 0, "bytes": 6789}
{"t": "AnimatorController", "name": "Eff_ui_dfw_touzi_chuxian", "bundle": "gameres_auto_assets__art_lastwar_effect_animation_d8e9d5507e22a2cbc2b68da81331dd0d", "legacy": null, "compressed": false, "sampleRate": null, "nRot": 0, "nPos": 0, "nScale": 0, "nFloat": 0, "nPPtr": 0, "bytes": 4169}
{"t": "AnimatorController", "name": "Eff_ui_saiji_zhanquduijue_zidan_02", "bundle": "gameres_auto_assets__art_lastwar_effect_animation_d8e9d5507e22a2cbc2b68da81331dd0d", "legacy": null, "compressed": false, "sampleRate": null, "nRot": 0, "nPos": 0, "nScale": 0, "nFloat": 0, "nPPtr": 0, "bytes": 2579}
{"t": "AnimationClip", "name": "Eff_ui_ActSlotMachineMain_deng", "bundle": "gameres_auto_assets__art_lastwar_effect_animation_d8e9d5507e22a2cbc2b68da81331dd0d", "legacy": false, "compressed": false, "sampleRate": 60.0, "nRot": 0, "nPos": 0, "nScale": 0, "nFloat": 0, "nPPtr": 0, "bytes": 15416}
{"t": "AnimatorController", "name": "Eff_ui_zckj_yanjiu_saoguang", "bundle": "gameres_auto_assets__art_lastwar_effect_animation_d8e9d5507e22a2cbc2b68da81331dd0d", "legacy": null, "compressed": false, "sampleRate": null, "nRot": 0, "nPos": 0, "nScale": 0, "nFloat": 0, "nPPtr": 0, "bytes": 2559}
{"t": "AnimatorController", "name": "Eff_ui_xiangqing_UIHeroDetailPanel", "bundle": "gameres_auto_assets__art_lastwar_effect_animation_d8e9d5507e22a2cbc2b68da81331dd0d", "legacy": null, "compressed": false, "sampleRate": null, "nRot": 0, "nPos": 0, "nScale": 0, "nFloat": 0, "nPPtr": 0, "bytes": 9422}
{"t": "AnimationClip", "name": "Eff_stovecenter_fireswitch01", "bundle": "gameres_auto_assets__art_lastwar_effect_animation_d8e9d5507e22a2cbc2b68da81331dd0d", "legacy": false, "compressed": false, "sampleRate": 60.0, "nRot": 0, "nPos": 0, "nScale": 0, "nFloat": 0, "nPPtr": 0, "bytes": 6812}
{"t": "AnimatorController", "name": "Eff_beizengmen_lw_ziyuan_goldcoin", "bundle": "gameres_auto_assets__art_lastwar_effect_animation_d8e9d5507e22a2cbc2b68da81331dd0d", "legacy": null, "compressed": false, "sampleRate": null, "nRot": 0, "nPos": 0, "nScale": 0, "nFloat": 0, "nPPtr": 0, "bytes": 3690}
{"t": "AnimationClip", "name": "Eff_halloween_tuilian_show", "bundle": "gameres_auto_assets__art_lastwar_effect_animation_d8e9d5507e22a2cbc2b68da81331dd0d", "legacy": false, "compressed": false, "sampleRate": 60.0, "nRot": 0, "nPos": 0, "nScale": 0, "nFloat": 0, "nPPtr": 0, "bytes": 15407}
{"t": "AnimatorController", "name": "StoredReward", "bundle": "gameres_auto_assets__art_lastwar_effect_animation_d8e9d5507e22a2cbc2b68da81331dd0d", "legacy": null, "compressed": false, "sampleRate": null, "nRot": 0, "nPos": 0, "nScale": 0, "nFloat": 0, "nPPtr": 0, "bytes": 2987}
{"t": "AnimationClip", "name": "UILWAllianceGiftLoop", "bundle": "gameres_auto_assets__art_lastwar_effect_animation_d8e9d5507e22a2cbc2b68da81331dd0d", "legacy": true, "compressed": false, "sampleRate": 60.0, "nRot": 0, "nPos": 0, "nScale": 1, "nFloat": 0, "nPPtr": 0, "bytes": 7902}
{"t": "AnimationClip", "name": "Eff_ui_masteryexchangeltem", "bundle": "gameres_auto_assets__art_lastwar_effect_animation_d8e9d5507e22a2cbc2b68da81331dd0d", "legacy": false, "compressed": false, "sampleRate": 60.0, "nRot": 0, "nPos": 0, "nScale": 0, "nFloat": 0, "nPPtr": 0, "bytes": 8229}
{"t": "AnimationClip", "name": "Eff_ui_xiangqing_UIHeroDetailPanel_xiaoshi_arabic", "bundle": "gameres_auto_assets__art_lastwar_effect_animation_d8e9d5507e22a2cbc2b68da81331dd0d", "legacy": false, "compressed": false, "sampleRate": 60.0, "nRot": 0, "nPos": 0, "nScale": 0, "nFloat": 0, "nPPtr": 0, "bytes": 10415}
{"t": "AnimationClip", "name": "Eff_daditu_wajueji_huoxing_01", "bundle": "gameres_auto_assets__art_lastwar_effect_animation_d8e9d5507e22a2cbc2b68da81331dd0d", "legacy": true, "compressed": false, "sampleRate": 30.0, "nRot": 0, "nPos": 0, "nScale": 0, "nFloat": 6, "nPPtr": 0, "bytes": 11977}
{"t": "AnimationClip", "name": "Eff_ui_ActSlotMachineMain_boxrewardopen", "bundle": "gameres_auto_assets__art_lastwar_effect_animation_d8e9d5507e22a2cbc2b68da81331dd0d", "legacy": false, "compressed": false, "sampleRate": 60.0, "nRot": 0, "nPos": 0, "nScale": 0, "nFloat": 0, "nPPtr": 0, "bytes": 8321}
{"t": "AnimatorController", "name": "LWUIBerserkBossTopThreeRankItemRender", "bundle": "gameres_auto_assets__art_lastwar_effect_animation_d8e9d5507e22a2cbc2b68da81331dd0d", "legacy": null, "compressed": false, "sampleRate": null, "nRot": 0, "nPos": 0, "nScale": 0, "nFloat": 0, "nPPtr": 0, "bytes": 7076}
{"t": "AnimationClip", "name": "BoxTipPanelIn", "bundle": "gameres_auto_assets__art_lastwar_effect_animation_d8e9d5507e22a2cbc2b68da81331dd0d", "legacy": false, "compressed": false, "sampleRate": 60.0, "nRot": 0, "nPos": 0, "nScale": 0, "nFloat": 0, "nPPtr": 0, "bytes": 6569}
{"t": "AnimatorController", "name": "Eff_ui_wabao_fanka", "bundle": "gameres_auto_assets__art_lastwar_effect_animation_d8e9d5507e22a2cbc2b68da81331dd0d", "legacy": null, "compressed": false, "sampleRate": null, "nRot": 0, "nPos": 0, "nScale": 0, "nFloat": 0, "nPPtr": 0, "bytes": 3015}
{"t": "AnimatorController", "name": "Eff_ui_yueka_beijing", "bundle": "gameres_auto_assets__art_lastwar_effect_animation_d8e9d5507e22a2cbc2b68da81331dd0d", "legacy": null, "compressed": false, "sampleRate": null, "nRot": 0, "nPos": 0, "nScale": 0, "nFloat": 0, "nPPtr": 0, "bytes": 2537}
{"t": "AnimationClip", "name": "Eff_ui_beizengmen_jinbi_idle", "bundle": "gameres_auto_assets__art_lastwar_effect_animation_d8e9d5507e22a2cbc2b68da81331dd0d", "legacy": false, "compressed": false, "sampleRate": 60.0, "nRot": 0, "nPos": 0, "nScale": 0, "nFloat": 0, "nPPtr": 0, "bytes": 5890}
{"t": "AnimatorController", "name": "Eff_ui_con_UIDecorationGachaSegmentItem", "bundle": "gameres_auto_assets__art_lastwar_effect_animation_d8e9d5507e22a2cbc2b68da81331dd0d", "legacy": null, "compressed": false, "sampleRate": null, "nRot": 0, "nPos": 0, "nScale": 0, "nFloat": 0, "nPPtr": 0, "bytes": 5788}
{"t": "AnimatorController", "name": "Eff_ui_anjiantixing_bubble_btn", "bundle": "gameres_auto_assets__art_lastwar_effect_animation_d8e9d5507e22a2cbc2b68da81331dd0d", "legacy": null, "compressed": false, "sampleRate": null, "nRot": 0, "nPos": 0, "nScale": 0, "nFloat": 0, "nPPtr": 0, "bytes": 2565}
{"t": "AnimationClip", "name": "UIMainFormationSelectCellNewIn_smallfire", "bundle": "gameres_auto_assets__art_lastwar_effect_animation_d8e9d5507e22a2cbc2b68da81331dd0d", "legacy": false, "compressed": false, "sampleRate": 60.0, "nRot": 0, "nPos": 0, "nScale": 0, "nFloat": 0, "nPPtr": 0, "bytes": 19236}
{"t": "AnimationClip", "name": "Eff_xinshou_choukajuan_faguang", "bundle": "gameres_auto_assets__art_lastwar_effect_animation_d8e9d5507e22a2cbc2b68da81331dd0d", "legacy": false, "compressed": false, "sampleRate": 60.0, "nRot": 0, "nPos": 0, "nScale": 0, "nFloat": 0, "nPPtr": 0, "bytes": 6147}
{"t": "AnimatorController", "name": "Eff_boss_qiche_zidan", "bundle": "gameres_auto_assets__art_lastwar_effect_animation_d8e9d5507e22a2cbc2b68da81331dd0d", "legacy": null, "compressed": false, "sampleRate": null, "nRot": 0, "nPos": 0, "nScale": 0, "nFloat": 0, "nPPtr": 0, "bytes": 2538}
{"t": "AnimatorController", "name": "Eff_ui_xinnian_bp_lan", "bundle": "gameres_auto_assets__art_lastwar_effect_animation_d8e9d5507e22a2cbc2b68da81331dd0d", "legacy": null, "compressed": false, "sampleRate": null, "nRot": 0, "nPos": 0, "nScale": 0, "nFloat": 0, "nPPtr": 0, "bytes": 3024}
{"t": "AnimationClip", "name": "UILWAlMemberItemCommanderFlagIn", "bundle": "gameres_auto_assets__art_lastwar_effect_animation_d8e9d5507e22a2cbc2b68da81331dd0d", "legacy": false, "compressed": false, "sampleRate": 60.0, "nRot": 0, "nPos": 0, "nScale": 0, "nFloat": 0, "nPPtr": 0, "bytes": 6564}
{"t": "AnimationClip", "name": "Eff_ui_ActSlotMachineMain_5times", "bundle": "gameres_auto_assets__art_lastwar_effect_animation_d8e9d5507e22a2cbc2b68da81331dd0d", "legacy": false, "compressed": false, "sampleRate": 60.0, "nRot": 0, "nPos": 0, "nScale": 0, "nFloat": 0, "nPPtr": 0, "bytes": 6840}
{"t": "AnimationClip", "name": "Eff_ui_jinengshifang_tubiao_kuang_daiji", "bundle": "gameres_auto_assets__art_lastwar_effect_animation_d8e9d5507e22a2cbc2b68da81331dd0d", "legacy": false, "compressed": false, "sampleRate": 60.0, "nRot": 0, "nPos": 0, "nScale": 0, "nFloat": 0, "nPPtr": 0, "bytes": 7454}
{"t": "AnimationClip", "name": "Eff_ui_guanqiamubiao_show", "bundle": "gameres_auto_assets__art_lastwar_effect_animation_d8e9d5507e22a2cbc2b68da81331dd0d", "legacy": false, "compressed": false, "sampleRate": 60.0, "nRot": 0, "nPos": 0, "nScale": 0, "nFloat": 0, "nPPtr": 0, "bytes": 7216}
{"t": "AnimationClip", "name": "Eff_LWUIBerserkBossTopThreeRankGold", "bundle": "gameres_auto_assets__art_lastwar_effect_animation_d8e9d5507e22a2cbc2b68da81331dd0d", "legacy": false, "compressed": false, "sampleRate": 60.0, "nRot": 0, "nPos": 0, "nScale": 0, "nFloat": 0, "nPPtr": 0, "bytes": 15182}
{"t": "AnimatorController", "name": "RewardChangeNew", "bundle": "gameres_auto_assets__art_lastwar_effect_animation_d8e9d5507e22a2cbc2b68da81331dd0d", "legacy": null, "compressed": false, "sampleRate": null, "nRot": 0, "nPos": 0, "nScale": 0, "nFloat": 0, "nPPtr": 0, "bytes": 2524}
{"t": "AnimationClip", "name": "MultiRewardCardRightShowAni", "bundle": "gameres_auto_assets__art_lastwar_effect_animation_d8e9d5507e22a2cbc2b68da81331dd0d", "legacy": false, "compressed": false, "sampleRate": 60.0, "nRot": 0, "nPos": 0, "nScale": 0, "nFloat": 0, "nPPtr": 0, "bytes": 7106}
{"t": "AnimationClip", "name": "Eff_ui_zixuanzhouka_jiahao_shanshuo", "bundle": "gameres_auto_assets__art_lastwar_effect_animation_d8e9d5507e22a2cbc2b68da81331dd0d", "legacy": false, "compressed": false, "sampleRate": 30.0, "nRot": 0, "nPos": 0, "nScale": 0, "nFloat": 0, "nPPtr": 0, "bytes": 6529}
{"t": "AnimationClip", "name": "Eff_ui_xinnian_bp_lan", "bundle": "gameres_auto_assets__art_lastwar_effect_animation_d8e9d5507e22a2cbc2b68da81331dd0d", "legacy": false, "compressed": false, "sampleRate": 60.0, "nRot": 0, "nPos": 0, "nScale": 0, "nFloat": 0, "nPPtr": 0, "bytes": 6672}
{"t": "AnimationClip", "name": "Eff_ui_zckj_yanjiu_saoguang", "bundle": "gameres_auto_assets__art_lastwar_effect_animation_d8e9d5507e22a2cbc2b68da81331dd0d", "legacy": false, "compressed": false, "sampleRate": 60.0, "nRot": 0, "nPos": 0, "nScale": 0, "nFloat": 0, "nPPtr": 0, "bytes": 6514}
{"t": "AnimationClip", "name": "Recorded", "bundle": "gameres_auto_assets__art_lastwar_effect_animation_d8e9d5507e22a2cbc2b68da81331dd0d", "legacy": false, "compressed": false, "sampleRate": 30.0, "nRot": 0, "nPos": 0, "nScale": 0, "nFloat": 0, "nPPtr": 0, "bytes": 11257}
{"t": "AnimationClip", "name": "Eff_ui_zhandoutishi_idle", "bundle": "gameres_auto_assets__art_lastwar_effect_animation_d8e9d5507e22a2cbc2b68da81331dd0d", "legacy": false, "compressed": false, "sampleRate": 60.0, "nRot": 0, "nPos": 0, "nScale": 0, "nFloat": 0, "nPPtr": 0, "bytes": 6774}
{"t": "AnimationClip", "name": "Eff_LWUIBerserkBossTopThreeRankCopper", "bundle": "gameres_auto_assets__art_lastwar_effect_animation_d8e9d5507e22a2cbc2b68da81331dd0d", "legacy": false, "compressed": false, "sampleRate": 60.0, "nRot": 0, "nPos": 0, "nScale": 0, "nFloat": 0, "nPPtr": 0, "bytes": 13331}
{"t": "AnimatorController", "name": "LWSaveGirlWarning", "bundle": "gameres_auto_assets__art_lastwar_effect_animation_d8e9d5507e22a2cbc2b68da81331dd0d", "legacy": null, "compressed": false, "sampleRate": null, "nRot": 0, "nPos": 0, "nScale": 0, "nFloat": 0, "nPPtr": 0, "bytes": 4185}
{"t": "AnimationClip", "name": "Eff_ui_LWSaveGirlWarning2", "bundle": "gameres_auto_assets__art_lastwar_effect_animation_d8e9d5507e22a2cbc2b68da81331dd0d", "legacy": false, "compressed": false, "sampleRate": 60.0, "nRot": 0, "nPos": 0, "nScale": 0, "nFloat": 0, "nPPtr": 0, "bytes": 7247}
{"t": "AnimationClip", "name": "Eff_ui_hero_jiesuo_jineng01", "bundle": "gameres_auto_assets__art_lastwar_effect_animation_d8e9d5507e22a2cbc2b68da81331dd0d", "legacy": false, "compressed": false, "sampleRate": 60.0, "nRot": 0, "nPos": 0, "nScale": 0, "nFloat": 0, "nPPtr": 0, "bytes": 9483}
{"t": "AnimationClip", "name": "Eff_ui_jinengshifang_tubiaojineng_daiji_1", "bundle": "gameres_auto_assets__art_lastwar_effect_animation_d8e9d5507e22a2cbc2b68da81331dd0d", "legacy": false, "compressed": false, "sampleRate": 60.0, "nRot": 0, "nPos": 0, "nScale": 0, "nFloat": 0, "nPPtr": 0, "bytes": 6362}
{"t": "AnimationClip", "name": "Eff_ui_hero_shengji_jingyan_shuzi_init", "bundle": "gameres_auto_assets__art_lastwar_effect_animation_d8e9d5507e22a2cbc2b68da81331dd0d", "legacy": false, "compressed": false, "sampleRate": 60.0, "nRot": 0, "nPos": 0, "nScale": 0, "nFloat": 0, "nPPtr": 0, "bytes": 6783}
{"t": "AnimationClip", "name": "Eff_ui_xiangqing_UIHeroDetailPanel_xiaoshi", "bundle": "gameres_auto_assets__art_lastwar_effect_animation_d8e9d5507e22a2cbc2b68da81331dd0d", "legacy": false, "compressed": false, "sampleRate": 60.0, "nRot": 0, "nPos": 0, "nScale": 0, "nFloat": 0, "nPPtr": 0, "bytes": 10409}
{"t": "AnimationClip", "name": "Eff_ui_ActSlotMachineMain_tishi1", "bundle": "gameres_auto_assets__art_lastwar_effect_animation_d8e9d5507e22a2cbc2b68da81331dd0d", "legacy": true, "compressed": false, "sampleRate": 60.0, "nRot": 1, "nPos": 0, "nScale": 1, "nFloat": 0, "nPPtr": 0, "bytes": 18763}
{"t": "AnimationClip", "name": "Eff_ui_levelup", "bundle": "gameres_auto_assets__art_lastwar_effect_animation_d8e9d5507e22a2cbc2b68da81331dd0d", "legacy": false, "compressed": false, "sampleRate": 60.0, "nRot": 0, "nPos": 0, "nScale": 0, "nFloat": 0, "nPPtr": 0, "bytes": 8938}
{"t": "AnimationClip", "name": "MultiRewardCardBGRightShowAni", "bundle": "gameres_auto_assets__art_lastwar_effect_animation_d8e9d5507e22a2cbc2b68da81331dd0d", "legacy": false, "compressed": false, "sampleRate": 60.0, "nRot": 0, "nPos": 0, "nScale": 0, "nFloat": 0, "nPPtr": 0, "bytes": 6314}
{"t": "AnimationClip", "name": "Eff_stovecenter_fireswitch03", "bundle": "gameres_auto_assets__art_lastwar_effect_animation_d8e9d5507e22a2cbc2b68da81331dd0d", "legacy": false, "compressed": false, "sampleRate": 60.0, "nRot": 0, "nPos": 0, "nScale": 0, "nFloat": 0, "nPPtr": 0, "bytes": 6432}
{"t": "AnimationClip", "name": "Eff_ui_xiangqing_UIHeroDetailPanel_NoneState", "bundle": "gameres_auto_assets__art_lastwar_effect_animation_d8e9d5507e22a2cbc2b68da81331dd0d", "legacy": false, "compressed": false, "sampleRate": 60.0, "nRot": 0, "nPos": 0, "nScale": 0, "nFloat": 0, "nPPtr": 0, "bytes": 9360}
{"t": "AnimatorController", "name": "AlteredGroup", "bundle": "gameres_auto_assets__art_lastwar_effect_animation_d8e9d5507e22a2cbc2b68da81331dd0d", "legacy": null, "compressed": false, "sampleRate": null, "nRot": 0, "nPos": 0, "nScale": 0, "nFloat": 0, "nPPtr": 0, "bytes": 2540}
{"t": "AnimatorController", "name": "Eff_worldfingerarrow_dianji", "bundle": "gameres_auto_assets__art_lastwar_effect_animation_d8e9d5507e22a2cbc2b68da81331dd0d", "legacy": null, "compressed": false, "sampleRate": null, "nRot": 0, "nPos": 0, "nScale": 0, "nFloat": 0, "nPPtr": 0, "bytes": 2557}
{"t": "AnimationClip", "name": "Eff_Kilian_attack", "bundle": "gameres_auto_assets__art_lastwar_effect_animation_d8e9d5507e22a2cbc2b68da81331dd0d", "legacy": false, "compressed": false, "sampleRate": 60.0, "nRot": 0, "nPos": 0, "nScale": 0, "nFloat": 0, "nPPtr": 0, "bytes": 6143}
{"t": "AnimatorController", "name": "Eff_ui_up_txt", "bundle": "gameres_auto_assets__art_lastwar_effect_animation_d8e9d5507e22a2cbc2b68da81331dd0d", "legacy": null, "compressed": false, "sampleRate": null, "nRot": 0, "nPos": 0, "nScale": 0, "nFloat": 0, "nPPtr": 0, "bytes": 2517}
{"t": "AnimationClip", "name": "Eff_ui_ActSlotMachineMain_anniu3", "bundle": "gameres_auto_assets__art_lastwar_effect_animation_d8e9d5507e22a2cbc2b68da81331dd0d", "legacy": false, "compressed": false, "sampleRate": 60.0, "nRot": 0, "nPos": 0, "nScale": 0, "nFloat": 0, "nPPtr": 0, "bytes": 6681}
{"t": "AnimatorController", "name": "Eff_ui_UIActMonopolyGift", "bundle": "gameres_auto_assets__art_lastwar_effect_animation_d8e9d5507e22a2cbc2b68da81331dd0d", "legacy": null, "compressed": false, "sampleRate": null, "nRot": 0, "nPos": 0, "nScale": 0, "nFloat": 0, "nPPtr": 0, "bytes": 2551}
{"t": "AnimationClip", "name": "Eff_SeasonAllianceRewardLight_out", "bundle": "gameres_auto_assets__art_lastwar_effect_animation_d8e9d5507e22a2cbc2b68da81331dd0d", "legacy": false, "compressed": false, "sampleRate": 60.0, "nRot": 0, "nPos": 0, "nScale": 0, "nFloat": 0, "nPPtr": 0, "bytes": 19648}
{"t": "AnimationClip", "name": "Eff_ui_hero_shengji_jingyan_shuzi_fangda", "bundle": "gameres_auto_assets__art_lastwar_effect_animation_d8e9d5507e22a2cbc2b68da81331dd0d", "legacy": false, "compressed": false, "sampleRate": 60.0, "nRot": 0, "nPos": 0, "nScale": 0, "nFloat": 0, "nPPtr": 0, "bytes": 6498}
{"t": "AnimationClip", "name": "Eff_ui_ActSlotMachineMain_idol", "bundle": "gameres_auto_assets__art_lastwar_effect_animation_d8e9d5507e22a2cbc2b68da81331dd0d", "legacy": false, "compressed": false, "sampleRate": 60.0, "nRot": 0, "nPos": 0, "nScale": 0, "nFloat": 0, "nPPtr": 0, "bytes": 10331}
{"t": "AnimatorController", "name": "Eff_UIHeroRecruitRewardNew_fapai", "bundle": "gameres_auto_assets__art_lastwar_effect_animation_d8e9d5507e22a2cbc2b68da81331dd0d", "legacy": null, "compressed": false, "sampleRate": null, "nRot": 0, "nPos": 0, "nScale": 0, "nFloat": 0, "nPPtr": 0, "bytes": 4206}
{"t": "AnimatorController", "name": "Eff_ui_zhandoutishi", "bundle": "gameres_auto_assets__art_lastwar_effect_animation_d8e9d5507e22a2cbc2b68da81331dd0d", "legacy": null, "compressed": false, "sampleRate": null, "nRot": 0, "nPos": 0, "nScale": 0, "nFloat": 0, "nPPtr": 0, "bytes": 5132}
{"t": "AnimatorController", "name": "VipExtendCitySkinProduceItem", "bundle": "gameres_auto_assets__art_lastwar_effect_animation_d8e9d5507e22a2cbc2b68da81331dd0d", "legacy": null, "compressed": false, "sampleRate": null, "nRot": 0, "nPos": 0, "nScale": 0, "nFloat": 0, "nPPtr": 0, "bytes": 3706}
{"t": "AnimatorController", "name": "Eff_Kilian_attack", "bundle": "gameres_auto_assets__art_lastwar_effect_animation_d8e9d5507e22a2cbc2b68da81331dd0d", "legacy": null, "compressed": false, "sampleRate": null, "nRot": 0, "nPos": 0, "nScale": 0, "nFloat": 0, "nPPtr": 0, "bytes": 2528}
{"t": "AnimationClip", "name": "Eff_boss_qiche_zidan", "bundle": "gameres_auto_assets__art_lastwar_effect_animation_d8e9d5507e22a2cbc2b68da81331dd0d", "legacy": false, "compressed": false, "sampleRate": 60.0, "nRot": 0, "nPos": 0, "nScale": 0, "nFloat": 0, "nPPtr": 0, "bytes": 6451}
{"t": "AnimationClip", "name": "Eff_uiseasonicons_show", "bundle": "gameres_auto_assets__art_lastwar_effect_animation_d8e9d5507e22a2cbc2b68da81331dd0d", "legacy": false, "compressed": false, "sampleRate": 60.0, "nRot": 0, "nPos": 0, "nScale": 0, "nFloat": 0, "nPPtr": 0, "bytes": 7274}
{"t": "AnimationClip", "name": "Eff_ui_ymjddbox3", "bundle": "gameres_auto_assets__art_lastwar_effect_animation_d8e9d5507e22a2cbc2b68da81331dd0d", "legacy": false, "compressed": false, "sampleRate": 60.0, "nRot": 0, "nPos": 0, "nScale": 0, "nFloat": 0, "nPPtr": 0, "bytes": 13217}
{"t": "AnimationClip", "name": "Eff_ui_jinengshifang_default", "bundle": "gameres_auto_assets__art_lastwar_effect_animation_d8e9d5507e22a2cbc2b68da81331dd0d", "legacy": false, "compressed": false, "sampleRate": 60.0, "nRot": 0, "nPos": 0, "nScale": 0, "nFloat": 0, "nPPtr": 0, "bytes": 7280}
{"t": "AnimationClip", "name": "storedreward", "bundle": "gameres_auto_assets__art_lastwar_effect_animation_d8e9d5507e22a2cbc2b68da81331dd0d", "legacy": false, "compressed": false, "sampleRate": 60.0, "nRot": 0, "nPos": 0, "nScale": 0, "nFloat": 0, "nPPtr": 0, "bytes": 8781}
{"t": "AnimatorController", "name": "Eff_ui_ActSlotMachineMain_boxrewardopen", "bundle": "gameres_auto_assets__art_lastwar_effect_animation_d8e9d5507e22a2cbc2b68da81331dd0d", "legacy": null, "compressed": false, "sampleRate": null, "nRot": 0, "nPos": 0, "nScale": 0, "nFloat": 0, "nPPtr": 0, "bytes": 3079}
{"t": "AnimatorController", "name": "Eff_zhucheng_fuhuojie_01", "bundle": "gameres_auto_assets__art_lastwar_effect_animation_d8e9d5507e22a2cbc2b68da81331dd0d", "legacy": null, "compressed": false, "sampleRate": null, "nRot": 0, "nPos": 0, "nScale": 0, "nFloat": 0, "nPPtr": 0, "bytes": 2550}
{"t": "AnimationClip", "name": "Eff_ui_binfenlihe_feiji_jiye_xuanzhuan_loop", "bundle": "gameres_auto_assets__art_lastwar_effect_animation_d8e9d5507e22a2cbc2b68da81331dd0d", "legacy": false, "compressed": false, "sampleRate": 60.0, "nRot": 0, "nPos": 0, "nScale": 0, "nFloat": 0, "nPPtr": 0, "bytes": 10162}
{"t": "AnimatorController", "name": "LWUIZombieEliteBossDesc", "bundle": "gameres_auto_assets__art_lastwar_effect_animation_d8e9d5507e22a2cbc2b68da81331dd0d", "legacy": null, "compressed": false, "sampleRate": null, "nRot": 0, "nPos": 0, "nScale": 0, "nFloat": 0, "nPPtr": 0, "bytes": 4819}
{"t": "AnimationClip", "name": "BoxTipPanelOut", "bundle": "gameres_auto_assets__art_lastwar_effect_animation_d8e9d5507e22a2cbc2b68da81331dd0d", "legacy": false, "compressed": false, "sampleRate": 60.0, "nRot": 0, "nPos": 0, "nScale": 0, "nFloat": 0, "nPPtr": 0, "bytes": 6456}
{"t": "AnimationClip", "name": "LWUIZombieEliteBossDescChange2", "bundle": "gameres_auto_assets__art_lastwar_effect_animation_d8e9d5507e22a2cbc2b68da81331dd0d", "legacy": false, "compressed": false, "sampleRate": 60.0, "nRot": 0, "nPos": 0, "nScale": 0, "nFloat": 0, "nPPtr": 0, "bytes": 11874}
{"t": "AnimationClip", "name": "Eff_troopline_chuxian", "bundle": "gameres_auto_assets__art_lastwar_effect_animation_d8e9d5507e22a2cbc2b68da81331dd0d", "legacy": false, "compressed": false, "sampleRate": 60.0, "nRot": 0, "nPos": 0, "nScale": 0, "nFloat": 0, "nPPtr": 0, "bytes": 7670}
{"t": "AnimationClip", "name": "LWMainUIActivityAlarmClockObjOut", "bundle": "gameres_auto_assets__art_lastwar_effect_animation_d8e9d5507e22a2cbc2b68da81331dd0d", "legacy": false, "compressed": false, "sampleRate": 60.0, "nRot": 0, "nPos": 0, "nScale": 0, "nFloat": 0, "nPPtr": 0, "bytes": 6403}
{"t": "AnimationClip", "name": "Eff_ui_jinengshifang_tubiaojineng_daiji", "bundle": "gameres_auto_assets__art_lastwar_effect_animation_d8e9d5507e22a2cbc2b68da81331dd0d", "legacy": false, "compressed": false, "sampleRate": 60.0, "nRot": 0, "nPos": 0, "nScale": 0, "nFloat": 0, "nPPtr": 0, "bytes": 6844}
{"t": "AnimationClip", "name": "Eff_ui_binfenlihe_huoqubaoxiang", "bundle": "gameres_auto_assets__art_lastwar_effect_animation_d8e9d5507e22a2cbc2b68da81331dd0d", "legacy": false, "compressed": false, "sampleRate": 60.0, "nRot": 0, "nPos": 0, "nScale": 0, "nFloat": 0, "nPPtr": 0, "bytes": 6126}
{"t": "AnimationClip", "name": "Eff_ui_xiangqing_UIHeroDetailPanel_chuxian_arabic", "bundle": "gameres_auto_assets__art_lastwar_effect_animation_d8e9d5507e22a2cbc2b68da81331dd0d", "legacy": false, "compressed": false, "sampleRate": 60.0, "nRot": 0, "nPos": 0, "nScale": 0, "nFloat": 0, "nPPtr": 0, "bytes": 10491}
{"t": "AnimationClip", "name": "Eff_daditu_zhanshenfeidan_baozha_01", "bundle": "gameres_auto_assets__art_lastwar_effect_animation_d8e9d5507e22a2cbc2b68da81331dd0d", "legacy": true, "compressed": false, "sampleRate": 60.0, "nRot": 0, "nPos": 0, "nScale": 0, "nFloat": 3, "nPPtr": 0, "bytes": 7312}
{"t": "AnimationClip", "name": "Eff_ui_wabao_chouka", "bundle": "gameres_auto_assets__art_lastwar_effect_animation_d8e9d5507e22a2cbc2b68da81331dd0d", "legacy": false, "compressed": false, "sampleRate": 60.0, "nRot": 0, "nPos": 0, "nScale": 0, "nFloat": 0, "nPPtr": 0, "bytes": 25061}
{"t": "AnimationClip", "name": "Eff_ui_hero_shengji_jingyan_shuzi_xiaoshi", "bundle": "gameres_auto_assets__art_lastwar_effect_animation_d8e9d5507e22a2cbc2b68da81331dd0d", "legacy": false, "compressed": false, "sampleRate": 60.0, "nRot": 0, "nPos": 0, "nScale": 0, "nFloat": 0, "nPPtr": 0, "bytes": 6703}
{"t": "AnimationClip", "name": "Eff_ui_UIActMonopolyGift", "bundle": "gameres_auto_assets__art_lastwar_effect_animation_d8e9d5507e22a2cbc2b68da81331dd0d", "legacy": false, "compressed": false, "sampleRate": 60.0, "nRot": 0, "nPos": 0, "nScale": 0, "nFloat": 0, "nPPtr": 0, "bytes": 6226}
{"t": "AnimatorController", "name": "Eff_ui_icon_chuxian_tongyong", "bundle": "gameres_auto_assets__art_lastwar_effect_animation_d8e9d5507e22a2cbc2b68da81331dd0d", "legacy": null, "compressed": false, "sampleRate": null, "nRot": 0, "nPos": 0, "nScale": 0, "nFloat": 0, "nPPtr": 0, "bytes": 3041}
{"t": "AnimationClip", "name": "Eff_ui_ymjddbox1", "bundle": "gameres_auto_assets__art_lastwar_effect_animation_d8e9d5507e22a2cbc2b68da81331dd0d", "legacy": false, "compressed": false, "sampleRate": 60.0, "nRot": 0, "nPos": 0, "nScale": 0, "nFloat": 0, "nPPtr": 0, "bytes": 13217}
{"t": "AnimatorController", "name": "Eff_ui_ymjddbox", "bundle": "gameres_auto_assets__art_lastwar_effect_animation_d8e9d5507e22a2cbc2b68da81331dd0d", "legacy": null, "compressed": false, "sampleRate": null, "nRot": 0, "nPos": 0, "nScale": 0, "nFloat": 0, "nPPtr": 0, "bytes": 4725}
{"t": "AnimatorController", "name": "Eff_xinshou_choukajuan_faguang", "bundle": "gameres_auto_assets__art_lastwar_effect_animation_d8e9d5507e22a2cbc2b68da81331dd0d", "legacy": null, "compressed": false, "sampleRate": null, "nRot": 0, "nPos": 0, "nScale": 0, "nFloat": 0, "nPPtr": 0, "bytes": 2570}
{"t": "AnimatorController", "name": "Main", "bundle": "gameres_auto_assets__art_lastwar_effect_animation_d8e9d5507e22a2cbc2b68da81331dd0d", "legacy": null, "compressed": false, "sampleRate": null, "nRot": 0, "nPos": 0, "nScale": 0, "nFloat": 0, "nPPtr": 0, "bytes": 3592}
{"t": "AnimatorController", "name": "Eff_ui_binfenlihe_feiji_jiye_xuanzhuan_loop", "bundle": "gameres_auto_assets__art_lastwar_effect_animation_d8e9d5507e22a2cbc2b68da81331dd0d", "legacy": null, "compressed": false, "sampleRate": null, "nRot": 0, "nPos": 0, "nScale": 0, "nFloat": 0, "nPPtr": 0, "bytes": 2607}
{"t": "AnimationClip", "name": "Eff_zhucheng_fuhuojie_01", "bundle": "gameres_auto_assets__art_lastwar_effect_animation_d8e9d5507e22a2cbc2b68da81331dd0d", "legacy": false, "compressed": false, "sampleRate": 60.0, "nRot": 0, "nPos": 0, "nScale": 0, "nFloat": 0, "nPPtr": 0, "bytes": 12116}
{"t": "AnimationClip", "name": "Eff_ui_binfenlihe_kaixiang", "bundle": "gameres_auto_assets__art_lastwar_effect_animation_d8e9d5507e22a2cbc2b68da81331dd0d", "legacy": false, "compressed": false, "sampleRate": 60.0, "nRot": 0, "nPos": 0, "nScale": 0, "nFloat": 0, "nPPtr": 0, "bytes": 13635}
{"t": "AnimationClip", "name": "Eff_ui_hero_jiesuo_jineng", "bundle": "gameres_auto_assets__art_lastwar_effect_animation_d8e9d5507e22a2cbc2b68da81331dd0d", "legacy": false, "compressed": false, "sampleRate": 60.0, "nRot": 0, "nPos": 0, "nScale": 0, "nFloat": 0, "nPPtr": 0, "bytes": 9513}
{"t": "AnimatorController", "name": "RewardItem", "bundle": "gameres_auto_assets__art_lastwar_effect_animation_d8e9d5507e22a2cbc2b68da81331dd0d", "legacy": null, "compressed": false, "sampleRate": null, "nRot": 0, "nPos": 0, "nScale": 0, "nFloat": 0, "nPPtr": 0, "bytes": 3053}
{"t": "AnimationClip", "name": "Eff_ui_dfw_touzi_chuxian_dan", "bundle": "gameres_auto_assets__art_lastwar_effect_animation_d8e9d5507e22a2cbc2b68da81331dd0d", "legacy": false, "compressed": false, "sampleRate": 60.0, "nRot": 0, "nPos": 0, "nScale": 0, "nFloat": 0, "nPPtr": 0, "bytes": 17264}
{"t": "AnimationClip", "name": "Eff_ui_ymjddbox2", "bundle": "gameres_auto_assets__art_lastwar_effect_animation_d8e9d5507e22a2cbc2b68da81331dd0d", "legacy": false, "compressed": false, "sampleRate": 60.0, "nRot": 0, "nPos": 0, "nScale": 0, "nFloat": 0, "nPPtr": 0, "bytes": 13217}
{"t": "AnimationClip", "name": "LWMainUIActivityAlarmClockObjIn", "bundle": "gameres_auto_assets__art_lastwar_effect_animation_d8e9d5507e22a2cbc2b68da81331dd0d", "legacy": false, "compressed": false, "sampleRate": 60.0, "nRot": 0, "nPos": 0, "nScale": 0, "nFloat": 0, "nPPtr": 0, "bytes": 6425}
{"t": "AnimatorController", "name": "UILWAlMemberItemCommanderFlag", "bundle": "gameres_auto_assets__art_lastwar_effect_animation_d8e9d5507e22a2cbc2b68da81331dd0d", "legacy": null, "compressed": false, "sampleRate": null, "nRot": 0, "nPos": 0, "nScale": 0, "nFloat": 0, "nPPtr": 0, "bytes": 2565}
{"t": "AnimationClip", "name": "Eff_ui_LWSaveGirlWarning", "bundle": "gameres_auto_assets__art_lastwar_effect_animation_d8e9d5507e22a2cbc2b68da81331dd0d", "legacy": false, "compressed": false, "sampleRate": 60.0, "nRot": 0, "nPos": 0, "nScale": 0, "nFloat": 0, "nPPtr": 0, "bytes": 23355}
{"t": "AnimatorController", "name": "Eff_halloween_tuilian", "bundle": "gameres_auto_assets__art_lastwar_effect_animation_d8e9d5507e22a2cbc2b68da81331dd0d", "legacy": null, "compressed": false, "sampleRate": null, "nRot": 0, "nPos": 0, "nScale": 0, "nFloat": 0, "nPPtr": 0, "bytes": 4215}
{"t": "AnimatorController", "name": "Eff_ui_shilian_beiguang_shang", "bundle": "gameres_auto_assets__art_lastwar_effect_animation_d8e9d5507e22a2cbc2b68da81331dd0d", "legacy": null, "compressed": false, "sampleRate": null, "nRot": 0, "nPos": 0, "nScale": 0, "nFloat": 0, "nPPtr": 0, "bytes": 2564}
{"t": "AnimationClip", "name": "Eff_ui_beizengmen_jinbi_chupeng", "bundle": "gameres_auto_assets__art_lastwar_effect_animation_d8e9d5507e22a2cbc2b68da81331dd0d", "legacy": false, "compressed": false, "sampleRate": 60.0, "nRot": 0, "nPos": 0, "nScale": 0, "nFloat": 0, "nPPtr": 0, "bytes": 6344}
{"t": "AnimationClip", "name": "MultiRewardCardIdleAni", "bundle": "gameres_auto_assets__art_lastwar_effect_animation_d8e9d5507e22a2cbc2b68da81331dd0d", "legacy": false, "compressed": false, "sampleRate": 60.0, "nRot": 0, "nPos": 0, "nScale": 0, "nFloat": 0, "nPPtr": 0, "bytes": 5819}
{"t": "AnimatorController", "name": "Eff_ui_beizengmen_mubiao_wancheng", "bundle": "gameres_auto_assets__art_lastwar_effect_animation_d8e9d5507e22a2cbc2b68da81331dd0d", "legacy": null, "compressed": false, "sampleRate": null, "nRot": 0, "nPos": 0, "nScale": 0, "nFloat": 0, "nPPtr": 0, "bytes": 2577}
{"t": "AnimationClip", "name": "UILWAllianceFirstJoinOut", "bundle": "gameres_auto_assets__art_lastwar_effect_animation_d8e9d5507e22a2cbc2b68da81331dd0d", "legacy": false, "compressed": false, "sampleRate": 60.0, "nRot": 0, "nPos": 0, "nScale": 0, "nFloat": 0, "nPPtr": 0, "bytes": 16526}
{"t": "AnimationClip", "name": "Eff_SeasonAllianceRewardLight_in", "bundle": "gameres_auto_assets__art_lastwar_effect_animation_d8e9d5507e22a2cbc2b68da81331dd0d", "legacy": false, "compressed": false, "sampleRate": 60.0, "nRot": 0, "nPos": 0, "nScale": 0, "nFloat": 0, "nPPtr": 0, "bytes": 20924}
{"t": "AnimatorController", "name": "Eff_penhuoqi", "bundle": "gameres_auto_assets__art_lastwar_effect_animation_d8e9d5507e22a2cbc2b68da81331dd0d", "legacy": null, "compressed": false, "sampleRate": null, "nRot": 0, "nPos": 0, "nScale": 0, "nFloat": 0, "nPPtr": 0, "bytes": 2524}
{"t": "AnimationClip", "name": "Eff_ui_hero_shengji_jingyan_shuzi", "bundle": "gameres_auto_assets__art_lastwar_effect_animation_d8e9d5507e22a2cbc2b68da81331dd0d", "legacy": false, "compressed": false, "sampleRate": 60.0, "nRot": 0, "nPos": 0, "nScale": 0, "nFloat": 0, "nPPtr": 0, "bytes": 7275}
{"t": "AnimationClip", "name": "Eff_ui_shilian_beiguang_shang", "bundle": "gameres_auto_assets__art_lastwar_effect_animation_d8e9d5507e22a2cbc2b68da81331dd0d", "legacy": false, "compressed": false, "sampleRate": 60.0, "nRot": 0, "nPos": 0, "nScale": 0, "nFloat": 0, "nPPtr": 0, "bytes": 5998}
{"t": "AnimatorController", "name": "BoxTipPanel", "bundle": "gameres_auto_assets__art_lastwar_effect_animation_d8e9d5507e22a2cbc2b68da81331dd0d", "legacy": null, "compressed": false, "sampleRate": null, "nRot": 0, "nPos": 0, "nScale": 0, "nFloat": 0, "nPPtr": 0, "bytes": 3611}
{"t": "AnimatorController", "name": "Eff_wurenji_hongzha", "bundle": "gameres_auto_assets__art_lastwar_effect_animation_d8e9d5507e22a2cbc2b68da81331dd0d", "legacy": null, "compressed": false, "sampleRate": null, "nRot": 0, "nPos": 0, "nScale": 0, "nFloat": 0, "nPPtr": 0, "bytes": 2510}
{"t": "AnimationClip", "name": "Eff_UIHeroRecruitRewardCellNew_fanpai", "bundle": "gameres_auto_assets__art_lastwar_effect_animation_d8e9d5507e22a2cbc2b68da81331dd0d", "legacy": false, "compressed": false, "sampleRate": 60.0, "nRot": 0, "nPos": 0, "nScale": 0, "nFloat": 0, "nPPtr": 0, "bytes": 8230}
{"t": "AnimatorController", "name": "Eff_ui_icon 1", "bundle": "gameres_auto_assets__art_lastwar_effect_animation_d8e9d5507e22a2cbc2b68da81331dd0d", "legacy": null, "compressed": false, "sampleRate": null, "nRot": 0, "nPos": 0, "nScale": 0, "nFloat": 0, "nPPtr": 0, "bytes": 2529}
{"t": "AnimationClip", "name": "Eff_ui_icon_chuxian_tongyong", "bundle": "gameres_auto_assets__art_lastwar_effect_animation_d8e9d5507e22a2cbc2b68da81331dd0d", "legacy": false, "compressed": false, "sampleRate": 60.0, "nRot": 0, "nPos": 0, "nScale": 0, "nFloat": 0, "nPPtr": 0, "bytes": 5946}
{"t": "AnimationClip", "name": "Eff_ui_icon_chuxian 1", "bundle": "gameres_auto_assets__art_lastwar_effect_animation_d8e9d5507e22a2cbc2b68da81331dd0d", "legacy": false, "compressed": false, "sampleRate": 60.0, "nRot": 0, "nPos": 0, "nScale": 0, "nFloat": 0, "nPPtr": 0, "bytes": 7654}
{"t": "AnimationClip", "name": "Eff_wurenji_hongzha", "bundle": "gameres_auto_assets__art_lastwar_effect_animation_d8e9d5507e22a2cbc2b68da81331dd0d", "legacy": false, "compressed": false, "sampleRate": 30.0, "nRot": 0, "nPos": 0, "nScale": 0, "nFloat": 0, "nPPtr": 0, "bytes": 9267}
{"t": "AnimationClip", "name": "Eff_ui_xiangqing_UIHeroDetailPanel_junxian", "bundle": "gameres_auto_assets__art_lastwar_effect_animation_d8e9d5507e22a2cbc2b68da81331dd0d", "legacy": false, "compressed": false, "sampleRate": 60.0, "nRot": 0, "nPos": 0, "nScale": 0, "nFloat": 0, "nPPtr": 0, "bytes": 7272}
{"t": "AnimatorController", "name": "Eff_ui_leidaduihua_saomiao_aim", "bundle": "gameres_auto_assets__art_lastwar_effect_animation_d8e9d5507e22a2cbc2b68da81331dd0d", "legacy": null, "compressed": false, "sampleRate": null, "nRot": 0, "nPos": 0, "nScale": 0, "nFloat": 0, "nPPtr": 0, "bytes": 2558}
{"t": "AnimationClip", "name": "Eff_ui_binfenlihe_baoxiangxiaoshi", "bundle": "gameres_auto_assets__art_lastwar_effect_animation_d8e9d5507e22a2cbc2b68da81331dd0d", "legacy": false, "compressed": false, "sampleRate": 60.0, "nRot": 0, "nPos": 0, "nScale": 0, "nFloat": 0, "nPPtr": 0, "bytes": 6128}
{"t": "AnimationClip", "name": "Eff_ui_binfenlihe_huoqubaoxiang_idle", "bundle": "gameres_auto_assets__art_lastwar_effect_animation_d8e9d5507e22a2cbc2b68da81331dd0d", "legacy": false, "compressed": false, "sampleRate": 60.0, "nRot": 0, "nPos": 0, "nScale": 0, "nFloat": 0, "nPPtr": 0, "bytes": 6019}
{"t": "AnimationClip", "name": "MultiRewardCardBGRightShowAniLoop", "bundle": "gameres_auto_assets__art_lastwar_effect_animation_d8e9d5507e22a2cbc2b68da81331dd0d", "legacy": false, "compressed": false, "sampleRate": 60.0, "nRot": 0, "nPos": 0, "nScale": 0, "nFloat": 0, "nPPtr": 0, "bytes": 6798}
{"t": "AnimatorController", "name": "LWSeason2Main", "bundle": "gameres_auto_assets__art_lastwar_effect_animation_d8e9d5507e22a2cbc2b68da81331dd0d", "legacy": null, "compressed": false, "sampleRate": null, "nRot": 0, "nPos": 0, "nScale": 0, "nFloat": 0, "nPPtr": 0, "bytes": 3632}
{"t": "AnimatorController", "name": "Eff_ui_hero_jiesuo_LockContent", "bundle": "gameres_auto_assets__art_lastwar_effect_animation_d8e9d5507e22a2cbc2b68da81331dd0d", "legacy": null, "compressed": false, "sampleRate": null, "nRot": 0, "nPos": 0, "nScale": 0, "nFloat": 0, "nPPtr": 0, "bytes": 4871}
{"t": "AnimationClip", "name": "UIMainFormationSelectCellNewIn_bigfire", "bundle": "gameres_auto_assets__art_lastwar_effect_animation_d8e9d5507e22a2cbc2b68da81331dd0d", "legacy": false, "compressed": false, "sampleRate": 60.0, "nRot": 0, "nPos": 0, "nScale": 0, "nFloat": 0, "nPPtr": 0, "bytes": 17867}
{"t": "AnimationClip", "name": "Eff_beizengmen_jinbi_xuanzhuan", "bundle": "gameres_auto_assets__art_lastwar_effect_animation_d8e9d5507e22a2cbc2b68da81331dd0d", "legacy": false, "compressed": false, "sampleRate": 60.0, "nRot": 0, "nPos": 0, "nScale": 0, "nFloat": 0, "nPPtr": 0, "bytes": 7280}
{"t": "AnimationClip", "name": "Eff_ui_jinengshifang_show", "bundle": "gameres_auto_assets__art_lastwar_effect_animation_d8e9d5507e22a2cbc2b68da81331dd0d", "legacy": false, "compressed": false, "sampleRate": 60.0, "nRot": 0, "nPos": 0, "nScale": 0, "nFloat": 0, "nPPtr": 0, "bytes": 8778}
{"t": "AnimationClip", "name": "CityEventOut", "bundle": "gameres_auto_assets__art_lastwar_effect_animation_d8e9d5507e22a2cbc2b68da81331dd0d", "legacy": false, "compressed": false, "sampleRate": 60.0, "nRot": 0, "nPos": 0, "nScale": 0, "nFloat": 0, "nPPtr": 0, "bytes": 8386}
{"t": "AnimationClip", "name": "LWUIZombieEliteBossDescChange1", "bundle": "gameres_auto_assets__art_lastwar_effect_animation_d8e9d5507e22a2cbc2b68da81331dd0d", "legacy": false, "compressed": false, "sampleRate": 60.0, "nRot": 0, "nPos": 0, "nScale": 0, "nFloat": 0, "nPPtr": 0, "bytes": 12328}
{"t": "AnimationClip", "name": "Eff_worldfingerarrow_dianji", "bundle": "gameres_auto_assets__art_lastwar_effect_animation_d8e9d5507e22a2cbc2b68da81331dd0d", "legacy": false, "compressed": false, "sampleRate": 60.0, "nRot": 0, "nPos": 0, "nScale": 0, "nFloat": 0, "nPPtr": 0, "bytes": 7168}
{"t": "AnimationClip", "name": "Eff_treasure_hunt_history_hide", "bundle": "gameres_auto_assets__art_lastwar_effect_animation_d8e9d5507e22a2cbc2b68da81331dd0d", "legacy": false, "compressed": false, "sampleRate": 60.0, "nRot": 0, "nPos": 0, "nScale": 0, "nFloat": 0, "nPPtr": 0, "bytes": 6220}
{"t": "AnimationClip", "name": "Eff_ui_ActSlotMachineMain_anniubian", "bundle": "gameres_auto_assets__art_lastwar_effect_animation_d8e9d5507e22a2cbc2b68da81331dd0d", "legacy": false, "compressed": false, "sampleRate": 60.0, "nRot": 0, "nPos": 0, "nScale": 0, "nFloat": 0, "nPPtr": 0, "bytes": 6656}
{"t": "AnimatorController", "name": "Eff_ui_binfenlihe_baoxiang", "bundle": "gameres_auto_assets__art_lastwar_effect_animation_d8e9d5507e22a2cbc2b68da81331dd0d", "legacy": null, "compressed": false, "sampleRate": null, "nRot": 0, "nPos": 0, "nScale": 0, "nFloat": 0, "nPPtr": 0, "bytes": 4832}
{"t": "AnimationClip", "name": "Eff_ui_jinengshifang_default_1", "bundle": "gameres_auto_assets__art_lastwar_effect_animation_d8e9d5507e22a2cbc2b68da81331dd0d", "legacy": false, "compressed": false, "sampleRate": 60.0, "nRot": 0, "nPos": 0, "nScale": 0, "nFloat": 0, "nPPtr": 0, "bytes": 6443}
{"t": "AnimationClip", "name": "Eff_ui_zhandoutishi_show", "bundle": "gameres_auto_assets__art_lastwar_effect_animation_d8e9d5507e22a2cbc2b68da81331dd0d", "legacy": false, "compressed": false, "sampleRate": 60.0, "nRot": 0, "nPos": 0, "nScale": 0, "nFloat": 0, "nPPtr": 0, "bytes": 8475}
{"t": "AnimatorController", "name": "Eff_wurenji_nianshou_penhuo", "bundle": "gameres_auto_assets__art_lastwar_effect_animation_d8e9d5507e22a2cbc2b68da81331dd0d", "legacy": null, "compressed": false, "sampleRate": null, "nRot": 0, "nPos": 0, "nScale": 0, "nFloat": 0, "nPPtr": 0, "bytes": 2553}
{"t": "AnimationClip", "name": "Eff_ui_guanqiamubiao_close", "bundle": "gameres_auto_assets__art_lastwar_effect_animation_d8e9d5507e22a2cbc2b68da81331dd0d", "legacy": false, "compressed": false, "sampleRate": 60.0, "nRot": 0, "nPos": 0, "nScale": 0, "nFloat": 0, "nPPtr": 0, "bytes": 7109}
{"t": "AnimatorController", "name": "Eff_ui_ActSlotMachineMain_5times", "bundle": "gameres_auto_assets__art_lastwar_effect_animation_d8e9d5507e22a2cbc2b68da81331dd0d", "legacy": null, "compressed": false, "sampleRate": null, "nRot": 0, "nPos": 0, "nScale": 0, "nFloat": 0, "nPPtr": 0, "bytes": 3058}
{"t": "AnimationClip", "name": "UILWAllianceFirstJoinLoop", "bundle": "gameres_auto_assets__art_lastwar_effect_animation_d8e9d5507e22a2cbc2b68da81331dd0d", "legacy": false, "compressed": false, "sampleRate": 60.0, "nRot": 0, "nPos": 0, "nScale": 0, "nFloat": 0, "nPPtr": 0, "bytes": 16632}
{"t": "AnimationClip", "name": "UILWAllianceFirstJoinIn_newbies", "bundle": "gameres_auto_assets__art_lastwar_effect_animation_d8e9d5507e22a2cbc2b68da81331dd0d", "legacy": false, "compressed": false, "sampleRate": 60.0, "nRot": 0, "nPos": 0, "nScale": 0, "nFloat": 0, "nPPtr": 0, "bytes": 25516}
{"t": "AnimatorController", "name": "Eff_ui_binfenlihe_kongtou", "bundle": "gameres_auto_assets__art_lastwar_effect_animation_d8e9d5507e22a2cbc2b68da81331dd0d", "legacy": null, "compressed": false, "sampleRate": null, "nRot": 0, "nPos": 0, "nScale": 0, "nFloat": 0, "nPPtr": 0, "bytes": 5294}
{"t": "AnimationClip", "name": "Eff_ui_hero_jiesuo_daiji_lock", "bundle": "gameres_auto_assets__art_lastwar_effect_animation_d8e9d5507e22a2cbc2b68da81331dd0d", "legacy": false, "compressed": false, "sampleRate": 60.0, "nRot": 0, "nPos": 0, "nScale": 0, "nFloat": 0, "nPPtr": 0, "bytes": 7492}
{"t": "AnimationClip", "name": "Eff_wurenji_nianshou_penhuo", "bundle": "gameres_auto_assets__art_lastwar_effect_animation_d8e9d5507e22a2cbc2b68da81331dd0d", "legacy": false, "compressed": false, "sampleRate": 30.0, "nRot": 0, "nPos": 0, "nScale": 0, "nFloat": 0, "nPPtr": 0, "bytes": 6177}
{"t": "AnimatorController", "name": "Eff_ui_jinengshifang_tubiaojineng_1", "bundle": "gameres_auto_assets__art_lastwar_effect_animation_d8e9d5507e22a2cbc2b68da81331dd0d", "legacy": null, "compressed": false, "sampleRate": null, "nRot": 0, "nPos": 0, "nScale": 0, "nFloat": 0, "nPPtr": 0, "bytes": 5994}
{"t": "AnimationClip", "name": "Eff_ui_xiangqing_UIHeroDetailPanel_NoneState_arabic", "bundle": "gameres_auto_assets__art_lastwar_effect_animation_d8e9d5507e22a2cbc2b68da81331dd0d", "legacy": false, "compressed": false, "sampleRate": 60.0, "nRot": 0, "nPos": 0, "nScale": 0, "nFloat": 0, "nPPtr": 0, "bytes": 9364}
{"t": "AnimationClip", "name": "Eff_LWseason2close", "bundle": "gameres_auto_assets__art_lastwar_effect_animation_d8e9d5507e22a2cbc2b68da81331dd0d", "legacy": false, "compressed": false, "sampleRate": 60.0, "nRot": 0, "nPos": 0, "nScale": 0, "nFloat": 0, "nPPtr": 0, "bytes": 6477}
{"t": "AnimationClip", "name": "Eff_ui_hero_shengji_jingyan_shuzi_dianji", "bundle": "gameres_auto_assets__art_lastwar_effect_animation_d8e9d5507e22a2cbc2b68da81331dd0d", "legacy": false, "compressed": false, "sampleRate": 60.0, "nRot": 0, "nPos": 0, "nScale": 0, "nFloat": 0, "nPPtr": 0, "bytes": 6412}
{"t": "AnimatorController", "name": "Eff_ui_wabao_chouka", "bundle": "gameres_auto_assets__art_lastwar_effect_animation_d8e9d5507e22a2cbc2b68da81331dd0d", "legacy": null, "compressed": false, "sampleRate": null, "nRot": 0, "nPos": 0, "nScale": 0, "nFloat": 0, "nPPtr": 0, "bytes": 3016}
{"t": "AnimatorController", "name": "Eff_ui_guanqiamubiao", "bundle": "gameres_auto_assets__art_lastwar_effect_animation_d8e9d5507e22a2cbc2b68da81331dd0d", "legacy": null, "compressed": false, "sampleRate": null, "nRot": 0, "nPos": 0, "nScale": 0, "nFloat": 0, "nPPtr": 0, "bytes": 4791}
{"t": "AnimationClip", "name": "Eff_penhuoqi_show", "bundle": "gameres_auto_assets__art_lastwar_effect_animation_d8e9d5507e22a2cbc2b68da81331dd0d", "legacy": false, "compressed": false, "sampleRate": 60.0, "nRot": 0, "nPos": 0, "nScale": 0, "nFloat": 0, "nPPtr": 0, "bytes": 6143}
{"t": "AnimatorController", "name": "Eff_ui_saiji_zhanquduijue_zidan_01", "bundle": "gameres_auto_assets__art_lastwar_effect_animation_d8e9d5507e22a2cbc2b68da81331dd0d", "legacy": null, "compressed": false, "sampleRate": null, "nRot": 0, "nPos": 0, "nScale": 0, "nFloat": 0, "nPPtr": 0, "bytes": 2561}
{"t": "AnimatorController", "name": "Eff_zhucheng_chunjie", "bundle": "gameres_auto_assets__art_lastwar_effect_animation_d8e9d5507e22a2cbc2b68da81331dd0d", "legacy": null, "compressed": false, "sampleRate": null, "nRot": 0, "nPos": 0, "nScale": 0, "nFloat": 0, "nPPtr": 0, "bytes": 2527}
{"t": "AnimationClip", "name": "Eff_beizengmen_jinbi_xiaoshi", "bundle": "gameres_auto_assets__art_lastwar_effect_animation_d8e9d5507e22a2cbc2b68da81331dd0d", "legacy": false, "compressed": false, "sampleRate": 60.0, "nRot": 0, "nPos": 0, "nScale": 0, "nFloat": 0, "nPPtr": 0, "bytes": 7608}
{"t": "AnimatorController", "name": "FactionSelection", "bundle": "gameres_auto_assets__art_lastwar_effect_animation_d8e9d5507e22a2cbc2b68da81331dd0d", "legacy": null, "compressed": false, "sampleRate": null, "nRot": 0, "nPos": 0, "nScale": 0, "nFloat": 0, "nPPtr": 0, "bytes": 2540}
{"t": "AnimationClip", "name": "Eff_ui_xiangqing_UIHeroDetailPanel_chuxian", "bundle": "gameres_auto_assets__art_lastwar_effect_animation_d8e9d5507e22a2cbc2b68da81331dd0d", "legacy": false, "compressed": false, "sampleRate": 60.0, "nRot": 0, "nPos": 0, "nScale": 0, "nFloat": 0, "nPPtr": 0, "bytes": 10485}
{"t": "AnimationClip", "name": "Eff_ui_jinengshifang_tubiao_kuang_daiji_1", "bundle": "gameres_auto_assets__art_lastwar_effect_animation_d8e9d5507e22a2cbc2b68da81331dd0d", "legacy": false, "compressed": false, "sampleRate": 60.0, "nRot": 0, "nPos": 0, "nScale": 0, "nFloat": 0, "nPPtr": 0, "bytes": 6265}
{"t": "AnimationClip", "name": "Eff_youtong", "bundle": "gameres_auto_assets__art_lastwar_effect_animation_d8e9d5507e22a2cbc2b68da81331dd0d", "legacy": false, "compressed": false, "sampleRate": 60.0, "nRot": 0, "nPos": 0, "nScale": 0, "nFloat": 0, "nPPtr": 0, "bytes": 6794}
{"t": "AnimatorController", "name": "Eff_ui_levelup_txt", "bundle": "gameres_auto_assets__art_lastwar_effect_animation_d8e9d5507e22a2cbc2b68da81331dd0d", "legacy": null, "compressed": false, "sampleRate": null, "nRot": 0, "nPos": 0, "nScale": 0, "nFloat": 0, "nPPtr": 0, "bytes": 2525}
{"t": "AnimationClip", "name": "ChangeBtnSize", "bundle": "gameres_auto_assets__art_lastwar_effect_animation_d8e9d5507e22a2cbc2b68da81331dd0d", "legacy": false, "compressed": false, "sampleRate": 60.0, "nRot": 0, "nPos": 0, "nScale": 0, "nFloat": 0, "nPPtr": 0, "bytes": 6642}
{"t": "AnimatorController", "name": "Fire", "bundle": "gameres_auto_assets__art_lastwar_effect_animation_d8e9d5507e22a2cbc2b68da81331dd0d", "legacy": null, "compressed": false, "sampleRate": null, "nRot": 0, "nPos": 0, "nScale": 0, "nFloat": 0, "nPPtr": 0, "bytes": 5912}
{"t": "AnimationClip", "name": "Eff_ui_binfenlihe_kongtou_jinru", "bundle": "gameres_auto_assets__art_lastwar_effect_animation_d8e9d5507e22a2cbc2b68da81331dd0d", "legacy": false, "compressed": false, "sampleRate": 60.0, "nRot": 0, "nPos": 0, "nScale": 0, "nFloat": 0, "nPPtr": 0, "bytes": 7831}
{"t": "AnimatorController", "name": "drawBtn", "bundle": "gameres_auto_assets__art_lastwar_effect_animation_d8e9d5507e22a2cbc2b68da81331dd0d", "legacy": null, "compressed": false, "sampleRate": null, "nRot": 0, "nPos": 0, "nScale": 0, "nFloat": 0, "nPPtr": 0, "bytes": 3035}
{"t": "AnimationClip", "name": "Eff_UIHeroRecruitRewardNew_fapai", "bundle": "gameres_auto_assets__art_lastwar_effect_animation_d8e9d5507e22a2cbc2b68da81331dd0d", "legacy": false, "compressed": false, "sampleRate": 60.0, "nRot": 0, "nPos": 0, "nScale": 0, "nFloat": 0, "nPPtr": 0, "bytes": 20076}
{"t": "AnimationClip", "name": "Eff_treasure_hunt_history_show", "bundle": "gameres_auto_assets__art_lastwar_effect_animation_d8e9d5507e22a2cbc2b68da81331dd0d", "legacy": false, "compressed": false, "sampleRate": 60.0, "nRot": 0, "nPos": 0, "nScale": 0, "nFloat": 0, "nPPtr": 0, "bytes": 6201}
{"t": "AnimationClip", "name": "ActLotteryDrawRewardItemFanPaiLoop", "bundle": "gameres_auto_assets__art_lastwar_effect_animation_d8e9d5507e22a2cbc2b68da81331dd0d", "legacy": false, "compressed": false, "sampleRate": 60.0, "nRot": 0, "nPos": 0, "nScale": 0, "nFloat": 0, "nPPtr": 0, "bytes": 8273}
{"t": "AnimationClip", "name": "Eff_ui_dispatchtaskheroshow_open", "bundle": "gameres_auto_assets__art_lastwar_effect_animation_d8e9d5507e22a2cbc2b68da81331dd0d", "legacy": false, "compressed": false, "sampleRate": 60.0, "nRot": 0, "nPos": 0, "nScale": 0, "nFloat": 0, "nPPtr": 0, "bytes": 7095}
{"t": "AnimationClip", "name": "Eff_ui_binfenlihe_kongtou_out", "bundle": "gameres_auto_assets__art_lastwar_effect_animation_d8e9d5507e22a2cbc2b68da81331dd0d", "legacy": false, "compressed": false, "sampleRate": 60.0, "nRot": 0, "nPos": 0, "nScale": 0, "nFloat": 0, "nPPtr": 0, "bytes": 6472}
{"t": "AnimationClip", "name": "Recorded", "bundle": "gameres_auto_assets__art_lastwar_effect_animation_d8e9d5507e22a2cbc2b68da81331dd0d", "legacy": false, "compressed": false, "sampleRate": 30.0, "nRot": 0, "nPos": 0, "nScale": 0, "nFloat": 0, "nPPtr": 0, "bytes": 11004}
{"t": "AnimationClip", "name": "defaultBtn", "bundle": "gameres_auto_assets__art_lastwar_effect_animation_d8e9d5507e22a2cbc2b68da81331dd0d", "legacy": false, "compressed": false, "sampleRate": 60.0, "nRot": 0, "nPos": 0, "nScale": 0, "nFloat": 0, "nPPtr": 0, "bytes": 5881}
{"t": "AnimationClip", "name": "Eff_stovecenter_fireswitch04", "bundle": "gameres_auto_assets__art_lastwar_effect_animation_d8e9d5507e22a2cbc2b68da81331dd0d", "legacy": false, "compressed": false, "sampleRate": 60.0, "nRot": 0, "nPos": 0, "nScale": 0, "nFloat": 0, "nPPtr": 0, "bytes": 6450}
{"t": "AnimatorController", "name": "Eff_ui_xinnian_bp_cheng", "bundle": "gameres_auto_assets__art_lastwar_effect_animation_d8e9d5507e22a2cbc2b68da81331dd0d", "legacy": null, "compressed": false, "sampleRate": null, "nRot": 0, "nPos": 0, "nScale": 0, "nFloat": 0, "nPPtr": 0, "bytes": 3029}
{"t": "AnimatorController", "name": "Eff_ui_hero_shengji_jingyan_shuzi", "bundle": "gameres_auto_assets__art_lastwar_effect_animation_d8e9d5507e22a2cbc2b68da81331dd0d", "legacy": null, "compressed": false, "sampleRate": null, "nRot": 0, "nPos": 0, "nScale": 0, "nFloat": 0, "nPPtr": 0, "bytes": 7656}
{"t": "AnimatorController", "name": "costChangeBtn", "bundle": "gameres_auto_assets__art_lastwar_effect_animation_d8e9d5507e22a2cbc2b68da81331dd0d", "legacy": null, "compressed": false, "sampleRate": null, "nRot": 0, "nPos": 0, "nScale": 0, "nFloat": 0, "nPPtr": 0, "bytes": 3036}
{"t": "AnimationClip", "name": "Eff_ui_beizengmen_mubiao_wancheng", "bundle": "gameres_auto_assets__art_lastwar_effect_animation_d8e9d5507e22a2cbc2b68da81331dd0d", "legacy": false, "compressed": false, "sampleRate": 60.0, "nRot": 0, "nPos": 0, "nScale": 0, "nFloat": 0, "nPPtr": 0, "bytes": 12228}
{"t": "AnimationClip", "name": "Eff_LWUIBerserkBossTopThreeRankGoldLoop", "bundle": "gameres_auto_assets__art_lastwar_effect_animation_d8e9d5507e22a2cbc2b68da81331dd0d", "legacy": false, "compressed": false, "sampleRate": 60.0, "nRot": 0, "nPos": 0, "nScale": 0, "nFloat": 0, "nPPtr": 0, "bytes": 10914}
{"t": "AnimationClip", "name": "Eff_ui_saiji_zhanquduijue_zidan_02", "bundle": "gameres_auto_assets__art_lastwar_effect_animation_d8e9d5507e22a2cbc2b68da81331dd0d", "legacy": false, "compressed": false, "sampleRate": 30.0, "nRot": 0, "nPos": 0, "nScale": 0, "nFloat": 0, "nPPtr": 0, "bytes": 7354}
{"t": "AnimatorController", "name": "UILWAllianceFirstJoin", "bundle": "gameres_auto_assets__art_lastwar_effect_animation_d8e9d5507e22a2cbc2b68da81331dd0d", "legacy": null, "compressed": false, "sampleRate": null, "nRot": 0, "nPos": 0, "nScale": 0, "nFloat": 0, "nPPtr": 0, "bytes": 7569}
{"t": "AnimatorController", "name": "Eff_ui_jinengshifang_tubiaojineng", "bundle": "gameres_auto_assets__art_lastwar_effect_animation_d8e9d5507e22a2cbc2b68da81331dd0d", "legacy": null, "compressed": false, "sampleRate": null, "nRot": 0, "nPos": 0, "nScale": 0, "nFloat": 0, "nPPtr": 0, "bytes": 5994}
{"t": "AnimationClip", "name": "Eff_ui_jinengshifang_tubiaojineng_1", "bundle": "gameres_auto_assets__art_lastwar_effect_animation_d8e9d5507e22a2cbc2b68da81331dd0d", "legacy": false, "compressed": false, "sampleRate": 60.0, "nRot": 0, "nPos": 0, "nScale": 0, "nFloat": 0, "nPPtr": 0, "bytes": 7119}
{"t": "AnimationClip", "name": "Eff_zhucheng_shengdanjie_dsj_b1", "bundle": "gameres_auto_assets__art_lastwar_effect_animation_d8e9d5507e22a2cbc2b68da81331dd0d", "legacy": false, "compressed": false, "sampleRate": 30.0, "nRot": 0, "nPos": 0, "nScale": 0, "nFloat": 0, "nPPtr": 0, "bytes": 15388}
{"t": "AnimationClip", "name": "LWUIZombieEliteBossDescIn", "bundle": "gameres_auto_assets__art_lastwar_effect_animation_d8e9d5507e22a2cbc2b68da81331dd0d", "legacy": false, "compressed": false, "sampleRate": 60.0, "nRot": 0, "nPos": 0, "nScale": 0, "nFloat": 0, "nPPtr": 0, "bytes": 7376}
{"t": "AnimationClip", "name": "CityEventIn", "bundle": "gameres_auto_assets__art_lastwar_effect_animation_d8e9d5507e22a2cbc2b68da81331dd0d", "legacy": false, "compressed": false, "sampleRate": 60.0, "nRot": 0, "nPos": 0, "nScale": 0, "nFloat": 0, "nPPtr": 0, "bytes": 9052}
{"t": "AnimationClip", "name": "Eff_stovecenter_fireswitch02", "bundle": "gameres_auto_assets__art_lastwar_effect_animation_d8e9d5507e22a2cbc2b68da81331dd0d", "legacy": false, "compressed": false, "sampleRate": 60.0, "nRot": 0, "nPos": 0, "nScale": 0, "nFloat": 0, "nPPtr": 0, "bytes": 6758}
{"t": "AnimatorController", "name": "Eff_ui_beizengmen_jinbi_chupeng", "bundle": "gameres_auto_assets__art_lastwar_effect_animation_d8e9d5507e22a2cbc2b68da81331dd0d", "legacy": null, "compressed": false, "sampleRate": null, "nRot": 0, "nPos": 0, "nScale": 0, "nFloat": 0, "nPPtr": 0, "bytes": 3692}
{"t": "AnimationClip", "name": "UIKillZombieBoxUpgradeProgressJiantouLoop", "bundle": "gameres_auto_assets__art_lastwar_effect_animation_d8e9d5507e22a2cbc2b68da81331dd0d", "legacy": false, "compressed": false, "sampleRate": 60.0, "nRot": 0, "nPos": 0, "nScale": 0, "nFloat": 0, "nPPtr": 0, "bytes": 8670}
{"t": "AnimationClip", "name": "Eff_ui_binfenlihe_kongtou", "bundle": "gameres_auto_assets__art_lastwar_effect_animation_d8e9d5507e22a2cbc2b68da81331dd0d", "legacy": false, "compressed": false, "sampleRate": 60.0, "nRot": 0, "nPos": 0, "nScale": 0, "nFloat": 0, "nPPtr": 0, "bytes": 14332}
{"t": "AnimationClip", "name": "Eff_zhucheng_bingxuejie_01", "bundle": "gameres_auto_assets__art_lastwar_effect_animation_d8e9d5507e22a2cbc2b68da81331dd0d", "legacy": true, "compressed": false, "sampleRate": 30.0, "nRot": 0, "nPos": 0, "nScale": 0, "nFloat": 1, "nPPtr": 0, "bytes": 6239}
{"t": "AnimationClip", "name": "Eff_ui_xinnian_bp_cheng", "bundle": "gameres_auto_assets__art_lastwar_effect_animation_d8e9d5507e22a2cbc2b68da81331dd0d", "legacy": false, "compressed": false, "sampleRate": 60.0, "nRot": 0, "nPos": 0, "nScale": 0, "nFloat": 0, "nPPtr": 0, "bytes": 6674}
{"t": "AnimationClip", "name": "Eff_ui_anim_UIDecorationGachaSegmentItem", "bundle": "gameres_auto_assets__art_lastwar_effect_animation_d8e9d5507e22a2cbc2b68da81331dd0d", "legacy": false, "compressed": false, "sampleRate": 60.0, "nRot": 0, "nPos": 0, "nScale": 0, "nFloat": 0, "nPPtr": 0, "bytes": 6772}
{"t": "AnimationClip", "name": "Eff_VipExtendCitySkinProduceItem", "bundle": "gameres_auto_assets__art_lastwar_effect_animation_d8e9d5507e22a2cbc2b68da81331dd0d", "legacy": false, "compressed": false, "sampleRate": 60.0, "nRot": 0, "nPos": 0, "nScale": 0, "nFloat": 0, "nPPtr": 0, "bytes": 6659}
{"t": "AnimationClip", "name": "LWUIZombieEliteBossDescMovieIn", "bundle": "gameres_auto_assets__art_lastwar_effect_animation_d8e9d5507e22a2cbc2b68da81331dd0d", "legacy": false, "compressed": false, "sampleRate": 60.0, "nRot": 0, "nPos": 0, "nScale": 0, "nFloat": 0, "nPPtr": 0, "bytes": 11746}
{"t": "AnimationClip", "name": "Eff_ui_wabao_fanka", "bundle": "gameres_auto_assets__art_lastwar_effect_animation_d8e9d5507e22a2cbc2b68da81331dd0d", "legacy": false, "compressed": false, "sampleRate": 60.0, "nRot": 0, "nPos": 0, "nScale": 0, "nFloat": 0, "nPPtr": 0, "bytes": 7404}
{"t": "AnimationClip", "name": "Eff_ui_yueka_beijing", "bundle": "gameres_auto_assets__art_lastwar_effect_animation_d8e9d5507e22a2cbc2b68da81331dd0d", "legacy": false, "compressed": false, "sampleRate": 60.0, "nRot": 0, "nPos": 0, "nScale": 0, "nFloat": 0, "nPPtr": 0, "bytes": 7500}
{"t": "AnimationClip", "name": "Eff_ui_leidaduihua_saomiao", "bundle": "gameres_auto_assets__art_lastwar_effect_animation_d8e9d5507e22a2cbc2b68da81331dd0d", "legacy": false, "compressed": false, "sampleRate": 60.0, "nRot": 0, "nPos": 0, "nScale": 0, "nFloat": 0, "nPPtr": 0, "bytes": 6763}
{"t": "AnimatorController", "name": "Eff_zhucheng_shengdanjie_dsj_b1", "bundle": "gameres_auto_assets__art_lastwar_effect_animation_d8e9d5507e22a2cbc2b68da81331dd0d", "legacy": null, "compressed": false, "sampleRate": null, "nRot": 0, "nPos": 0, "nScale": 0, "nFloat": 0, "nPPtr": 0, "bytes": 2570}
{"t": "AnimatorController", "name": "Eff_ui_actslotmachinemain_deng", "bundle": "gameres_auto_assets__art_lastwar_effect_animation_d8e9d5507e22a2cbc2b68da81331dd0d", "legacy": null, "compressed": false, "sampleRate": null, "nRot": 0, "nPos": 0, "nScale": 0, "nFloat": 0, "nPPtr": 0, "bytes": 4854}
{"t": "AnimationClip", "name": "Eff_UIPlayerLevelPackagePageRewardItem_In", "bundle": "gameres_auto_assets__art_lastwar_effect_animation_d8e9d5507e22a2cbc2b68da81331dd0d", "legacy": false, "compressed": false, "sampleRate": 60.0, "nRot": 0, "nPos": 0, "nScale": 0, "nFloat": 0, "nPPtr": 0, "bytes": 6380}
{"t": "AnimatorController", "name": "root", "bundle": "gameres_auto_assets__art_lastwar_effect_animation_d8e9d5507e22a2cbc2b68da81331dd0d", "legacy": null, "compressed": false, "sampleRate": null, "nRot": 0, "nPos": 0, "nScale": 0, "nFloat": 0, "nPPtr": 0, "bytes": 2521}
{"t": "AnimationClip", "name": "UILWAllianceFirstJoinIn", "bundle": "gameres_auto_assets__art_lastwar_effect_animation_d8e9d5507e22a2cbc2b68da81331dd0d", "legacy": false, "compressed": false, "sampleRate": 60.0, "nRot": 0, "nPos": 0, "nScale": 0, "nFloat": 0, "nPPtr": 0, "bytes": 19476}
{"t": "AnimationClip", "name": "Eff_zhuanchang_yun_fen", "bundle": "gameres_auto_assets__art_lastwar_effect_animation_d8e9d5507e22a2cbc2b68da81331dd0d", "legacy": false, "compressed": false, "sampleRate": 60.0, "nRot": 0, "nPos": 0, "nScale": 0, "nFloat": 0, "nPPtr": 0, "bytes": 10851}
{"t": "AnimatorController", "name": "Eff_youtong", "bundle": "gameres_auto_assets__art_lastwar_effect_animation_d8e9d5507e22a2cbc2b68da81331dd0d", "legacy": null, "compressed": false, "sampleRate": null, "nRot": 0, "nPos": 0, "nScale": 0, "nFloat": 0, "nPPtr": 0, "bytes": 2507}
{"t": "AnimatorController", "name": "UISeasonCallbackInfo", "bundle": "gameres_auto_assets__art_lastwar_effect_animation_d8e9d5507e22a2cbc2b68da81331dd0d", "legacy": null, "compressed": false, "sampleRate": null, "nRot": 0, "nPos": 0, "nScale": 0, "nFloat": 0, "nPPtr": 0, "bytes": 2532}
{"t": "AnimationClip", "name": "MultiRewardCardRightShowAniLoop", "bundle": "gameres_auto_assets__art_lastwar_effect_animation_d8e9d5507e22a2cbc2b68da81331dd0d", "legacy": false, "compressed": false, "sampleRate": 60.0, "nRot": 0, "nPos": 0, "nScale": 0, "nFloat": 0, "nPPtr": 0, "bytes": 7291}
{"t": "AnimationClip", "name": "UILWAllianceFirstJoinOut_newbies", "bundle": "gameres_auto_assets__art_lastwar_effect_animation_d8e9d5507e22a2cbc2b68da81331dd0d", "legacy": false, "compressed": false, "sampleRate": 60.0, "nRot": 0, "nPos": 0, "nScale": 0, "nFloat": 0, "nPPtr": 0, "bytes": 16760}
{"t": "AnimationClip", "name": "Eff_ui_saiji_zhanquduijue_zidan_01", "bundle": "gameres_auto_assets__art_lastwar_effect_animation_d8e9d5507e22a2cbc2b68da81331dd0d", "legacy": false, "compressed": false, "sampleRate": 30.0, "nRot": 0, "nPos": 0, "nScale": 0, "nFloat": 0, "nPPtr": 0, "bytes": 7066}
{"t": "AnimationClip", "name": "Eff_zhucheng_chunjie", "bundle": "gameres_auto_assets__art_lastwar_effect_animation_d8e9d5507e22a2cbc2b68da81331dd0d", "legacy": false, "compressed": false, "sampleRate": 30.0, "nRot": 0, "nPos": 0, "nScale": 0, "nFloat": 0, "nPPtr": 0, "bytes": 7150}
{"t": "AnimationClip", "name": "Eff_LWUIBerserkBossTopThreeRankSilver", "bundle": "gameres_auto_assets__art_lastwar_effect_animation_d8e9d5507e22a2cbc2b68da81331dd0d", "legacy": false, "compressed": false, "sampleRate": 60.0, "nRot": 0, "nPos": 0, "nScale": 0, "nFloat": 0, "nPPtr": 0, "bytes": 13388}
{"t": "AnimatorController", "name": "Eff_ui_binfenlihe_kaixiang", "bundle": "gameres_auto_assets__art_lastwar_effect_animation_d8e9d5507e22a2cbc2b68da81331dd0d", "legacy": null, "compressed": false, "sampleRate": null, "nRot": 0, "nPos": 0, "nScale": 0, "nFloat": 0, "nPPtr": 0, "bytes": 2554}
{"t": "AnimationClip", "name": "Eff_UIHeroRecruitRewardNew_fapai_danchou", "bundle": "gameres_auto_assets__art_lastwar_effect_animation_d8e9d5507e22a2cbc2b68da81331dd0d", "legacy": false, "compressed": false, "sampleRate": 60.0, "nRot": 0, "nPos": 0, "nScale": 0, "nFloat": 0, "nPPtr": 0, "bytes": 6726}
{"t": "AnimationClip", "name": "Eff_ui_jinengshifang_tubiaojineng", "bundle": "gameres_auto_assets__art_lastwar_effect_animation_d8e9d5507e22a2cbc2b68da81331dd0d", "legacy": false, "compressed": false, "sampleRate": 60.0, "nRot": 0, "nPos": 0, "nScale": 0, "nFloat": 0, "nPPtr": 0, "bytes": 9620}
{"t": "AnimatorController", "name": "UICityEventUAVItem", "bundle": "gameres_auto_assets__art_lastwar_effect_animation_d8e9d5507e22a2cbc2b68da81331dd0d", "legacy": null, "compressed": false, "sampleRate": null, "nRot": 0, "nPos": 0, "nScale": 0, "nFloat": 0, "nPPtr": 0, "bytes": 2537}
{"t": "AnimationClip", "name": "Eff_uiseasonicons", "bundle": "gameres_auto_assets__art_lastwar_effect_animation_d8e9d5507e22a2cbc2b68da81331dd0d", "legacy": false, "compressed": false, "sampleRate": 60.0, "nRot": 0, "nPos": 0, "nScale": 0, "nFloat": 0, "nPPtr": 0, "bytes": 7099}
{"t": "AnimationClip", "name": "Eff_ui_FactionSelection", "bundle": "gameres_auto_assets__art_lastwar_effect_animation_d8e9d5507e22a2cbc2b68da81331dd0d", "legacy": false, "compressed": false, "sampleRate": 60.0, "nRot": 0, "nPos": 0, "nScale": 0, "nFloat": 0, "nPPtr": 0, "bytes": 14356}
{"t": "AnimatorController", "name": "Eff_ui_dispatchtaskheroshow", "bundle": "gameres_auto_assets__art_lastwar_effect_animation_d8e9d5507e22a2cbc2b68da81331dd0d", "legacy": null, "compressed": false, "sampleRate": null, "nRot": 0, "nPos": 0, "nScale": 0, "nFloat": 0, "nPPtr": 0, "bytes": 2565}
{"t": "AnimationClip", "name": "Eff_VipExtendCitySkinProduceItemOut", "bundle": "gameres_auto_assets__art_lastwar_effect_animation_d8e9d5507e22a2cbc2b68da81331dd0d", "legacy": false, "compressed": false, "sampleRate": 60.0, "nRot": 0, "nPos": 0, "nScale": 0, "nFloat": 0, "nPPtr": 0, "bytes": 6556}
{"t": "AnimationClip", "name": "Eff_LWseason2open", "bundle": "gameres_auto_assets__art_lastwar_effect_animation_d8e9d5507e22a2cbc2b68da81331dd0d", "legacy": false, "compressed": false, "sampleRate": 60.0, "nRot": 0, "nPos": 0, "nScale": 0, "nFloat": 0, "nPPtr": 0, "bytes": 6479}
{"t": "AnimatorController", "name": "Eff_treasure_hunt_history", "bundle": "gameres_auto_assets__art_lastwar_effect_animation_d8e9d5507e22a2cbc2b68da81331dd0d", "legacy": null, "compressed": false, "sampleRate": null, "nRot": 0, "nPos": 0, "nScale": 0, "nFloat": 0, "nPPtr": 0, "bytes": 4067}
{"t": "AnimationClip", "name": "Eff_ui_dfw_touzi_chuxian_shuang", "bundle": "gameres_auto_assets__art_lastwar_effect_animation_d8e9d5507e22a2cbc2b68da81331dd0d", "legacy": false, "compressed": false, "sampleRate": 60.0, "nRot": 0, "nPos": 0, "nScale": 0, "nFloat": 0, "nPPtr": 0, "bytes": 22516}
{"t": "AnimationClip", "name": "Eff_common_tips", "bundle": "gameres_auto_assets__art_lastwar_effect_animation_d8e9d5507e22a2cbc2b68da81331dd0d", "legacy": false, "compressed": false, "sampleRate": 60.0, "nRot": 0, "nPos": 0, "nScale": 0, "nFloat": 0, "nPPtr": 0, "bytes": 6490}
{"t": "AnimationClip", "name": "Eff_ui_zhandoutishi_close", "bundle": "gameres_auto_assets__art_lastwar_effect_animation_d8e9d5507e22a2cbc2b68da81331dd0d", "legacy": false, "compressed": false, "sampleRate": 60.0, "nRot": 0, "nPos": 0, "nScale": 0, "nFloat": 0, "nPPtr": 0, "bytes": 7688}
{"t": "AnimationClip", "name": "Eff_UIHeroRecruitRewardNew_doudong", "bundle": "gameres_auto_assets__art_lastwar_effect_animation_d8e9d5507e22a2cbc2b68da81331dd0d", "legacy": false, "compressed": false, "sampleRate": 60.0, "nRot": 0, "nPos": 0, "nScale": 0, "nFloat": 0, "nPPtr": 0, "bytes": 9732}
{"t": "AnimationClip", "name": "Eff_halloween_tuilian_loop", "bundle": "gameres_auto_assets__art_lastwar_effect_animation_d8e9d5507e22a2cbc2b68da81331dd0d", "legacy": false, "compressed": false, "sampleRate": 60.0, "nRot": 0, "nPos": 0, "nScale": 0, "nFloat": 0, "nPPtr": 0, "bytes": 15895}
{"t": "AnimationClip", "name": "UIMainFormationSelectCellNewliansha", "bundle": "gameres_auto_assets__art_lastwar_effect_animation_d8e9d5507e22a2cbc2b68da81331dd0d", "legacy": false, "compressed": false, "sampleRate": 60.0, "nRot": 0, "nPos": 0, "nScale": 0, "nFloat": 0, "nPPtr": 0, "bytes": 21376}
{"t": "AnimatorController", "name": "Eff_UIHeroRecruitRewardCellNew_fanpai", "bundle": "gameres_auto_assets__art_lastwar_effect_animation_d8e9d5507e22a2cbc2b68da81331dd0d", "legacy": null, "compressed": false, "sampleRate": null, "nRot": 0, "nPos": 0, "nScale": 0, "nFloat": 0, "nPPtr": 0, "bytes": 7009}
{"t": "AnimatorController", "name": "Eff_ui_jinengshifang", "bundle": "gameres_auto_assets__art_lastwar_effect_animation_d8e9d5507e22a2cbc2b68da81331dd0d", "legacy": null, "compressed": false, "sampleRate": null, "nRot": 0, "nPos": 0, "nScale": 0, "nFloat": 0, "nPPtr": 0, "bytes": 2545}
{"t": "AnimationClip", "name": "Eff_ui_up_txt", "bundle": "gameres_auto_assets__art_lastwar_effect_animation_d8e9d5507e22a2cbc2b68da81331dd0d", "legacy": false, "compressed": false, "sampleRate": 60.0, "nRot": 0, "nPos": 0, "nScale": 0, "nFloat": 0, "nPPtr": 0, "bytes": 6397}
{"t": "AnimatorController", "name": "Eff_TroopLine", "bundle": "gameres_auto_assets__art_lastwar_effect_animation_d8e9d5507e22a2cbc2b68da81331dd0d", "legacy": null, "compressed": false, "sampleRate": null, "nRot": 0, "nPos": 0, "nScale": 0, "nFloat": 0, "nPPtr": 0, "bytes": 2534}
{"t": "AnimatorController", "name": "UIKillZombieBoxUpgradeProgressJiantou", "bundle": "gameres_auto_assets__art_lastwar_effect_animation_d8e9d5507e22a2cbc2b68da81331dd0d", "legacy": null, "compressed": false, "sampleRate": null, "nRot": 0, "nPos": 0, "nScale": 0, "nFloat": 0, "nPPtr": 0, "bytes": 2596}
{"t": "AnimationClip", "name": "RewardChangeNewIn", "bundle": "gameres_auto_assets__art_lastwar_effect_animation_d8e9d5507e22a2cbc2b68da81331dd0d", "legacy": false, "compressed": false, "sampleRate": 60.0, "nRot": 0, "nPos": 0, "nScale": 0, "nFloat": 0, "nPPtr": 0, "bytes": 6904}
{"t": "AnimationClip", "name": "Eff_ui_guanqiamubiao_Idle", "bundle": "gameres_auto_assets__art_lastwar_effect_animation_d8e9d5507e22a2cbc2b68da81331dd0d", "legacy": false, "compressed": false, "sampleRate": 60.0, "nRot": 0, "nPos": 0, "nScale": 0, "nFloat": 0, "nPPtr": 0, "bytes": 6624}
{"t": "AnimationClip", "name": "Start_002", "bundle": "gameres_auto_assets__art_lastwar_effect_animation_eff_anim_tornado_002_fc86c92cc4a93f099f5b7d21e99bec44", "legacy": false, "compressed": false, "sampleRate": 60.0, "nRot": 0, "nPos": 0, "nScale": 0, "nFloat": 0, "nPPtr": 0, "bytes": 9098}
{"t": "AnimationClip", "name": "End002", "bundle": "gameres_auto_assets__art_lastwar_effect_animation_eff_anim_tornado_002_fc86c92cc4a93f099f5b7d21e99bec44", "legacy": false, "compressed": false, "sampleRate": 60.0, "nRot": 0, "nPos": 0, "nScale": 0, "nFloat": 0, "nPPtr": 0, "bytes": 9205}
{"t": "AnimatorController", "name": "Eff_Anim_Tornado_002", "bundle": "gameres_auto_assets__art_lastwar_effect_animation_eff_anim_tornado_002_fc86c92cc4a93f099f5b7d21e99bec44", "legacy": null, "compressed": false, "sampleRate": null, "nRot": 0, "nPos": 0, "nScale": 0, "nFloat": 0, "nPPtr": 0, "bytes": 5098}
{"t": "AnimationClip", "name": "Loop_002", "bundle": "gameres_auto_assets__art_lastwar_effect_animation_eff_anim_tornado_002_fc86c92cc4a93f099f5b7d21e99bec44", "legacy": false, "compressed": false, "sampleRate": 60.0, "nRot": 0, "nPos": 0, "nScale": 0, "nFloat": 0, "nPPtr": 0, "bytes": 8142}
{"t": "AnimationClip", "name": "tempObj_switch", "bundle": "gameres_auto_assets__art_lastwar_effect_texture_glow_e18e3fce82fd1c1e48463334ea8bed8c", "legacy": false, "compressed": false, "sampleRate": 60.0, "nRot": 0, "nPos": 0, "nScale": 0, "nFloat": 0, "nPPtr": 0, "bytes": 9239}
{"t": "AnimationClip", "name": "tempObj_default", "bundle": "gameres_auto_assets__art_lastwar_effect_texture_glow_e18e3fce82fd1c1e48463334ea8bed8c", "legacy": false, "compressed": false, "sampleRate": 60.0, "nRot": 0, "nPos": 0, "nScale": 0, "nFloat": 0, "nPPtr": 0, "bytes": 6760}
{"t": "AnimationClip", "name": "Take 001", "bundle": "gameres_auto_assets__art_lastwar_effect_mesh_481ddab5acadfeb757e784c1853423dd", "legacy": false, "compressed": false, "sampleRate": 30.0, "nRot": 0, "nPos": 0, "nScale": 0, "nFloat": 0, "nPPtr": 0, "bytes": 116368}
{"t": "AnimationClip", "name": "Monica_01_attack_idle_gpuskinclip", "bundle": "gameres_auto_assets__art_lastwar_gengpuanim__art_lastwar_models_cars_a_hero_monica_01_mesh_7_1f101c1f4283fa0ff3b00621f56ab039", "legacy": false, "compressed": false, "sampleRate": 20.689655303955078, "nRot": 0, "nPos": 0, "nScale": 0, "nFloat": 0, "nPPtr": 0, "bytes": 15032}
{"t": "AnimationClip", "name": "Monica_01_dead_gpuskinclip", "bundle": "gameres_auto_assets__art_lastwar_gengpuanim__art_lastwar_models_cars_a_hero_monica_01_mesh_7_1f101c1f4283fa0ff3b00621f56ab039", "legacy": false, "compressed": false, "sampleRate": 20.571426391601562, "nRot": 0, "nPos": 0, "nScale": 0, "nFloat": 0, "nPPtr": 0, "bytes": 16729}
{"t": "AnimationClip", "name": "Monica_01_walk_idle_gpuskinclip", "bundle": "gameres_auto_assets__art_lastwar_gengpuanim__art_lastwar_models_cars_a_hero_monica_01_mesh_7_1f101c1f4283fa0ff3b00621f56ab039", "legacy": false, "compressed": false, "sampleRate": 20.2702693939209, "nRot": 0, "nPos": 0, "nScale": 0, "nFloat": 0, "nPPtr": 0, "bytes": 11212}
{"t": "AnimationClip", "name": "Monica_01_idle_gpuskinclip", "bundle": "gameres_auto_assets__art_lastwar_gengpuanim__art_lastwar_models_cars_a_hero_monica_01_mesh_7_1f101c1f4283fa0ff3b00621f56ab039", "legacy": false, "compressed": false, "sampleRate": 20.0, "nRot": 0, "nPos": 0, "nScale": 0, "nFloat": 0, "nPPtr": 0, "bytes": 11290}
{"t": "AnimationClip", "name": "Monica_01_attack_skll_idle_gpuskinclip", "bundle": "gameres_auto_assets__art_lastwar_gengpuanim__art_lastwar_models_cars_a_hero_monica_01_mesh_7_1f101c1f4283fa0ff3b00621f56ab039", "legacy": false, "compressed": false, "sampleRate": 20.624998092651367, "nRot": 0, "nPos": 0, "nScale": 0, "nFloat": 0, "nPPtr": 0, "bytes": 14980}
{"t": "AnimationClip", "name": "bubing04_attack_move_gpuskinclip", "bundle": "gameres_auto_assets__art_lastwar_gengpuanim__art_lastwar_models_characters_soldier_bubing04_mesh_3_f3ef50b7d9f01133506d5d75cfb4e79c", "legacy": false, "compressed": false, "sampleRate": 21.428571701049805, "nRot": 0, "nPos": 0, "nScale": 0, "nFloat": 0, "nPPtr": 0, "bytes": 8100}
{"t": "AnimationClip", "name": "bubing04_attack_gpuskinclip", "bundle": "gameres_auto_assets__art_lastwar_gengpuanim__art_lastwar_models_characters_soldier_bubing04_mesh_3_f3ef50b7d9f01133506d5d75cfb4e79c", "legacy": false, "compressed": false, "sampleRate": 20.624998092651367, "nRot": 0, "nPos": 0, "nScale": 0, "nFloat": 0, "nPPtr": 0, "bytes": 12496}
{"t": "AnimationClip", "name": "bubing04_death_gpuskinclip", "bundle": "gameres_auto_assets__art_lastwar_gengpuanim__art_lastwar_models_characters_soldier_bubing04_mesh_3_f3ef50b7d9f01133506d5d75cfb4e79c", "legacy": false, "compressed": false, "sampleRate": 20.23255729675293, "nRot": 0, "nPos": 0, "nScale": 0, "nFloat": 0, "nPPtr": 0, "bytes": 8716}
{"t": "AnimationClip", "name": "bubing04_idle_gpuskinclip", "bundle": "gameres_auto_assets__art_lastwar_gengpuanim__art_lastwar_models_characters_soldier_bubing04_mesh_3_f3ef50b7d9f01133506d5d75cfb4e79c", "legacy": false, "compressed": false, "sampleRate": 10.199999809265137, "nRot": 0, "nPos": 0, "nScale": 0, "nFloat": 0, "nPPtr": 0, "bytes": 8011}
{"t": "AnimationClip", "name": "bubing04_run_gpuskinclip", "bundle": "gameres_auto_assets__art_lastwar_gengpuanim__art_lastwar_models_characters_soldier_bubing04_mesh_3_f3ef50b7d9f01133506d5d75cfb4e79c", "legacy": false, "compressed": false, "sampleRate": 21.428569793701172, "nRot": 0, "nPos": 0, "nScale": 0, "nFloat": 0, "nPPtr": 0, "bytes": 9127}
{"t": "AnimationClip", "name": "bubing11_attack2_gpuskinclip", "bundle": "gameres_auto_assets__art_lastwar_gengpuanim__art_lastwar_models_characters_soldier_bubing11_mesh_5_740ad5ba9ff5bab37d4205196c98f714", "legacy": false, "compressed": false, "sampleRate": 21.428569793701172, "nRot": 0, "nPos": 0, "nScale": 0, "nFloat": 0, "nPPtr": 0, "bytes": 10518}
{"t": "AnimationClip", "name": "bubing11_idle01_gpuskinclip", "bundle": "gameres_auto_assets__art_lastwar_gengpuanim__art_lastwar_models_characters_soldier_bubing11_mesh_5_740ad5ba9ff5bab37d4205196c98f714", "legacy": false, "compressed": false, "sampleRate": 20.25, "nRot": 0, "nPos": 0, "nScale": 0, "nFloat": 0, "nPPtr": 0, "bytes": 7310}
{"t": "AnimationClip", "name": "bubing11_attack_gpuskinclip", "bundle": "gameres_auto_assets__art_lastwar_gengpuanim__art_lastwar_models_characters_soldier_bubing11_mesh_5_740ad5ba9ff5bab37d4205196c98f714", "legacy": false, "compressed": false, "sampleRate": 20.0, "nRot": 0, "nPos": 0, "nScale": 0, "nFloat": 0, "nPPtr": 0, "bytes": 12651}
{"t": "AnimationClip", "name": "bubing11_run_gpuskinclip", "bundle": "gameres_auto_assets__art_lastwar_gengpuanim__art_lastwar_models_characters_soldier_bubing11_mesh_5_740ad5ba9ff5bab37d4205196c98f714", "legacy": false, "compressed": false, "sampleRate": 20.0, "nRot": 0, "nPos": 0, "nScale": 0, "nFloat": 0, "nPPtr": 0, "bytes": 9488}
{"t": "AnimationClip", "name": "bubing11_death_gpuskinclip", "bundle": "gameres_auto_assets__art_lastwar_gengpuanim__art_lastwar_models_characters_soldier_bubing11_mesh_5_740ad5ba9ff5bab37d4205196c98f714", "legacy": false, "compressed": false, "sampleRate": 20.769229888916016, "nRot": 0, "nPos": 0, "nScale": 0, "nFloat": 0, "nPPtr": 0, "bytes": 11704}
{"t": "AnimationClip", "name": "bubing11_idle_gpuskinclip", "bundle": "gameres_auto_assets__art_lastwar_gengpuanim__art_lastwar_models_characters_soldier_bubing11_mesh_5_740ad5ba9ff5bab37d4205196c98f714", "legacy": false, "compressed": false, "sampleRate": 20.25, "nRot": 0, "nPos": 0, "nScale": 0, "nFloat": 0, "nPPtr": 0, "bytes": 7270}
{"t": "AnimationClip", "name": "bubing11_run_rightward_45_gpuskinclip", "bundle": "gameres_auto_assets__art_lastwar_gengpuanim__art_lastwar_models_characters_soldier_bubing11_mesh_5_740ad5ba9ff5bab37d4205196c98f714", "legacy": false, "compressed": false, "sampleRate": 20.0, "nRot": 0, "nPos": 0, "nScale": 0, "nFloat": 0, "nPPtr": 0, "bytes": 7739}
{"t": "AnimationClip", "name": "bubing11_run_leftward_45_gpuskinclip", "bundle": "gameres_auto_assets__art_lastwar_gengpuanim__art_lastwar_models_characters_soldier_bubing11_mesh_5_740ad5ba9ff5bab37d4205196c98f714", "legacy": false, "compressed": false, "sampleRate": 20.0, "nRot": 0, "nPos": 0, "nScale": 0, "nFloat": 0, "nPPtr": 0, "bytes": 7738}
{"t": "AnimationClip", "name": "bubing11_attack_move_gpuskinclip", "bundle": "gameres_auto_assets__art_lastwar_gengpuanim__art_lastwar_models_characters_soldier_bubing11_mesh_5_740ad5ba9ff5bab37d4205196c98f714", "legacy": false, "compressed": false, "sampleRate": 20.0, "nRot": 0, "nPos": 0, "nScale": 0, "nFloat": 0, "nPPtr": 0, "bytes": 11895}
{"t": "AnimationClip", "name": "tong_dead_gpuskinclip", "bundle": "gameres_auto_assets__art_lastwar_gengpuanim__art_lastwar_models_environment_prop_guntong_mesh_1_97643afc308f4d91b13e2ecc2e97c7fa", "legacy": false, "compressed": false, "sampleRate": 20.454544067382812, "nRot": 0, "nPos": 0, "nScale": 0, "nFloat": 0, "nPPtr": 0, "bytes": 8603}
{"t": "AnimationClip", "name": "tong_walk_gpuskinclip", "bundle": "gameres_auto_assets__art_lastwar_gengpuanim__art_lastwar_models_environment_prop_guntong_mesh_1_97643afc308f4d91b13e2ecc2e97c7fa", "legacy": false, "compressed": false, "sampleRate": 21.0, "nRot": 0, "nPos": 0, "nScale": 0, "nFloat": 0, "nPPtr": 0, "bytes": 6702}
{"t": "AnimationClip", "name": "tong_hit_gpuskinclip", "bundle": "gameres_auto_assets__art_lastwar_gengpuanim__art_lastwar_models_environment_prop_guntong_mesh_1_97643afc308f4d91b13e2ecc2e97c7fa", "legacy": false, "compressed": false, "sampleRate": 21.0, "nRot": 0, "nPos": 0, "nScale": 0, "nFloat": 0, "nPPtr": 0, "bytes": 6701}
{"t": "AnimatorController", "name": "audie01_preview", "bundle": "gameres_auto_assets__art_lastwar_models_cars_a_hero_audie_a_hero_audie_01_animator_f975a6d9e2d84742e7a58f109c43f7f8", "legacy": null, "compressed": false, "sampleRate": null, "nRot": 0, "nPos": 0, "nScale": 0, "nFloat": 0, "nPPtr": 0, "bytes": 16313}
{"t": "AnimationClip", "name": "Revenger01_idle_gpuskinclip", "bundle": "gameres_auto_assets__art_lastwar_gengpuanim__art_lastwar_models_cars_a_hero_revenger_01_mesh_0_c3b87b9bee640e2483d18f29fc4dfb14", "legacy": false, "compressed": false, "sampleRate": 20.25, "nRot": 0, "nPos": 0, "nScale": 0, "nFloat": 0, "nPPtr": 0, "bytes": 11671}
{"t": "AnimationClip", "name": "Revenger01_attack_gpuskinclip", "bundle": "gameres_auto_assets__art_lastwar_gengpuanim__art_lastwar_models_cars_a_hero_revenger_01_mesh_0_c3b87b9bee640e2483d18f29fc4dfb14", "legacy": false, "compressed": false, "sampleRate": 20.156248092651367, "nRot": 0, "nPos": 0, "nScale": 0, "nFloat": 0, "nPPtr": 0, "bytes": 13200}
{"t": "AnimationClip", "name": "Revenger01_attack_skll_gpuskinclip", "bundle": "gameres_auto_assets__art_lastwar_gengpuanim__art_lastwar_models_cars_a_hero_revenger_01_mesh_0_c3b87b9bee640e2483d18f29fc4dfb14", "legacy": false, "compressed": false, "sampleRate": 20.156248092651367, "nRot": 0, "nPos": 0, "nScale": 0, "nFloat": 0, "nPPtr": 0, "bytes": 18148}
{"t": "AnimationClip", "name": "Revenger01_attack_move_gpuskinclip", "bundle": "gameres_auto_assets__art_lastwar_gengpuanim__art_lastwar_models_cars_a_hero_revenger_01_mesh_0_c3b87b9bee640e2483d18f29fc4dfb14", "legacy": false, "compressed": false, "sampleRate": 20.33898162841797, "nRot": 0, "nPos": 0, "nScale": 0, "nFloat": 0, "nPPtr": 0, "bytes": 14195}
{"t": "AnimationClip", "name": "Revenger01_dead_gpuskinclip", "bundle": "gameres_auto_assets__art_lastwar_gengpuanim__art_lastwar_models_cars_a_hero_revenger_01_mesh_0_c3b87b9bee640e2483d18f29fc4dfb14", "legacy": false, "compressed": false, "sampleRate": 20.357141494750977, "nRot": 0, "nPos": 0, "nScale": 0, "nFloat": 0, "nPPtr": 0, "bytes": 13536}
{"t": "AnimationClip", "name": "Revenger01_walk_gpuskinclip", "bundle": "gameres_auto_assets__art_lastwar_gengpuanim__art_lastwar_models_cars_a_hero_revenger_01_mesh_0_c3b87b9bee640e2483d18f29fc4dfb14", "legacy": false, "compressed": false, "sampleRate": 20.156248092651367, "nRot": 0, "nPos": 0, "nScale": 0, "nFloat": 0, "nPPtr": 0, "bytes": 14794}
{"t": "AnimationClip", "name": "Sally_01_idle_gpuskinclip", "bundle": "gameres_auto_assets__art_lastwar_gengpuanim__art_lastwar_models_cars_a_hero_sally_01_mesh_1_22946d6829e829e6224fc58d8494b958", "legacy": false, "compressed": false, "sampleRate": 20.571426391601562, "nRot": 0, "nPos": 0, "nScale": 0, "nFloat": 0, "nPPtr": 0, "bytes": 7558}
{"t": "AnimationClip", "name": "Sally_01_attack_gpuskinclip", "bundle": "gameres_auto_assets__art_lastwar_gengpuanim__art_lastwar_models_cars_a_hero_sally_01_mesh_1_22946d6829e829e6224fc58d8494b958", "legacy": false, "compressed": false, "sampleRate": 20.571426391601562, "nRot": 0, "nPos": 0, "nScale": 0, "nFloat": 0, "nPPtr": 0, "bytes": 7561}
{"t": "AnimationClip", "name": "Sally_01_attack_skll_gpuskinclip", "bundle": "gameres_auto_assets__art_lastwar_gengpuanim__art_lastwar_models_cars_a_hero_sally_01_mesh_1_22946d6829e829e6224fc58d8494b958", "legacy": false, "compressed": false, "sampleRate": 20.571426391601562, "nRot": 0, "nPos": 0, "nScale": 0, "nFloat": 0, "nPPtr": 0, "bytes": 7566}
{"t": "AnimationClip", "name": "Sally_01_attack_move_gpuskinclip", "bundle": "gameres_auto_assets__art_lastwar_gengpuanim__art_lastwar_models_cars_a_hero_sally_01_mesh_1_22946d6829e829e6224fc58d8494b958", "legacy": false, "compressed": false, "sampleRate": 20.571426391601562, "nRot": 0, "nPos": 0, "nScale": 0, "nFloat": 0, "nPPtr": 0, "bytes": 7565}
{"t": "AnimationClip", "name": "Sally_01_dead_gpuskinclip", "bundle": "gameres_auto_assets__art_lastwar_gengpuanim__art_lastwar_models_cars_a_hero_sally_01_mesh_1_22946d6829e829e6224fc58d8494b958", "legacy": false, "compressed": false, "sampleRate": 20.25, "nRot": 0, "nPos": 0, "nScale": 0, "nFloat": 0, "nPPtr": 0, "bytes": 7533}
{"t": "AnimationClip", "name": "Sally_01_walk_gpuskinclip", "bundle": "gameres_auto_assets__art_lastwar_gengpuanim__art_lastwar_models_cars_a_hero_sally_01_mesh_1_22946d6829e829e6224fc58d8494b958", "legacy": false, "compressed": false, "sampleRate": 20.0, "nRot": 0, "nPos": 0, "nScale": 0, "nFloat": 0, "nPPtr": 0, "bytes": 7530}
{"t": "AnimationClip", "name": "Stetman_01_attack_skll_gpuskinclip", "bundle": "gameres_auto_assets__art_lastwar_gengpuanim__art_lastwar_models_cars_a_hero_stetman_01_mesh_6_c0356d5d77d7b757d31c1d75f9d244d4", "legacy": false, "compressed": false, "sampleRate": 20.18181800842285, "nRot": 0, "nPos": 0, "nScale": 0, "nFloat": 0, "nPPtr": 0, "bytes": 9663}
{"t": "AnimationClip", "name": "Stetman_01_dead_gpuskinclip", "bundle": "gameres_auto_assets__art_lastwar_gengpuanim__art_lastwar_models_cars_a_hero_stetman_01_mesh_6_c0356d5d77d7b757d31c1d75f9d244d4", "legacy": false, "compressed": false, "sampleRate": 20.571426391601562, "nRot": 0, "nPos": 0, "nScale": 0, "nFloat": 0, "nPPtr": 0, "bytes": 8550}
{"t": "AnimationClip", "name": "Stetman_01_attack_gpuskinclip", "bundle": "gameres_auto_assets__art_lastwar_gengpuanim__art_lastwar_models_cars_a_hero_stetman_01_mesh_6_c0356d5d77d7b757d31c1d75f9d244d4", "legacy": false, "compressed": false, "sampleRate": 20.399999618530273, "nRot": 0, "nPos": 0, "nScale": 0, "nFloat": 0, "nPPtr": 0, "bytes": 8576}
{"t": "AnimationClip", "name": "Stetman_01_ walk_gpuskinclip", "bundle": "gameres_auto_assets__art_lastwar_gengpuanim__art_lastwar_models_cars_a_hero_stetman_01_mesh_6_c0356d5d77d7b757d31c1d75f9d244d4", "legacy": false, "compressed": false, "sampleRate": 21.0, "nRot": 0, "nPos": 0, "nScale": 0, "nFloat": 0, "nPPtr": 0, "bytes": 7146}
{"t": "AnimationClip", "name": "Stetman_01_idle_gpuskinclip", "bundle": "gameres_auto_assets__art_lastwar_gengpuanim__art_lastwar_models_cars_a_hero_stetman_01_mesh_6_c0356d5d77d7b757d31c1d75f9d244d4", "legacy": false, "compressed": false, "sampleRate": 20.0, "nRot": 0, "nPos": 0, "nScale": 0, "nFloat": 0, "nPPtr": 0, "bytes": 7809}
{"t": "AnimationClip", "name": "Stetman_01_attack _move_gpuskinclip", "bundle": "gameres_auto_assets__art_lastwar_gengpuanim__art_lastwar_models_cars_a_hero_stetman_01_mesh_6_c0356d5d77d7b757d31c1d75f9d244d4", "legacy": false, "compressed": false, "sampleRate": 21.0, "nRot": 0, "nPos": 0, "nScale": 0, "nFloat": 0, "nPPtr": 0, "bytes": 7626}
{"t": "AnimationClip", "name": "bubing02_death_gpuskinclip", "bundle": "gameres_auto_assets__art_lastwar_gengpuanim__art_lastwar_models_characters_soldier_bubing02_mesh_5_05711cf3bbd6b47730693515b6bab5a2", "legacy": false, "compressed": false, "sampleRate": 20.769229888916016, "nRot": 0, "nPos": 0, "nScale": 0, "nFloat": 0, "nPPtr": 0, "bytes": 11615}
{"t": "AnimationClip", "name": "bubing02_run_gpuskinclip", "bundle": "gameres_auto_assets__art_lastwar_gengpuanim__art_lastwar_models_characters_soldier_bubing02_mesh_5_05711cf3bbd6b47730693515b6bab5a2", "legacy": false, "compressed": false, "sampleRate": 21.428569793701172, "nRot": 0, "nPos": 0, "nScale": 0, "nFloat": 0, "nPPtr": 0, "bytes": 9749}
{"t": "AnimationClip", "name": "bubing02_attack_gpuskinclip", "bundle": "gameres_auto_assets__art_lastwar_gengpuanim__art_lastwar_models_characters_soldier_bubing02_mesh_5_05711cf3bbd6b47730693515b6bab5a2", "legacy": false, "compressed": false, "sampleRate": 20.0, "nRot": 0, "nPos": 0, "nScale": 0, "nFloat": 0, "nPPtr": 0, "bytes": 11090}
{"t": "AnimationClip", "name": "bubing02_happy02_gpuskinclip", "bundle": "gameres_auto_assets__art_lastwar_gengpuanim__art_lastwar_models_characters_soldier_bubing02_mesh_5_05711cf3bbd6b47730693515b6bab5a2", "legacy": false, "compressed": false, "sampleRate": 20.14285659790039, "nRot": 0, "nPos": 0, "nScale": 0, "nFloat": 0, "nPPtr": 0, "bytes": 7290}
{"t": "AnimationClip", "name": "bubing02_happy01_gpuskinclip", "bundle": "gameres_auto_assets__art_lastwar_gengpuanim__art_lastwar_models_characters_soldier_bubing02_mesh_5_05711cf3bbd6b47730693515b6bab5a2", "legacy": false, "compressed": false, "sampleRate": 20.14285659790039, "nRot": 0, "nPos": 0, "nScale": 0, "nFloat": 0, "nPPtr": 0, "bytes": 6958}
{"t": "AnimationClip", "name": "bubing02_idle_gpuskinclip", "bundle": "gameres_auto_assets__art_lastwar_gengpuanim__art_lastwar_models_characters_soldier_bubing02_mesh_5_05711cf3bbd6b47730693515b6bab5a2", "legacy": false, "compressed": false, "sampleRate": 20.25, "nRot": 0, "nPos": 0, "nScale": 0, "nFloat": 0, "nPPtr": 0, "bytes": 7816}
{"t": "AnimationClip", "name": "bubing02_happy04_gpuskinclip", "bundle": "gameres_auto_assets__art_lastwar_gengpuanim__art_lastwar_models_characters_soldier_bubing02_mesh_5_05711cf3bbd6b47730693515b6bab5a2", "legacy": false, "compressed": false, "sampleRate": 20.333332061767578, "nRot": 0, "nPos": 0, "nScale": 0, "nFloat": 0, "nPPtr": 0, "bytes": 7405}
{"t": "AnimationClip", "name": "bubing02_happy05_gpuskinclip", "bundle": "gameres_auto_assets__art_lastwar_gengpuanim__art_lastwar_models_characters_soldier_bubing02_mesh_5_05711cf3bbd6b47730693515b6bab5a2", "legacy": false, "compressed": false, "sampleRate": 20.117645263671875, "nRot": 0, "nPos": 0, "nScale": 0, "nFloat": 0, "nPPtr": 0, "bytes": 7265}
{"t": "AnimationClip", "name": "bubing02_happy03_gpuskinclip", "bundle": "gameres_auto_assets__art_lastwar_gengpuanim__art_lastwar_models_characters_soldier_bubing02_mesh_5_05711cf3bbd6b47730693515b6bab5a2", "legacy": false, "compressed": false, "sampleRate": 20.25, "nRot": 0, "nPos": 0, "nScale": 0, "nFloat": 0, "nPPtr": 0, "bytes": 12493}
{"t": "AnimationClip", "name": "bubing02_attack_move_gpuskinclip", "bundle": "gameres_auto_assets__art_lastwar_gengpuanim__art_lastwar_models_characters_soldier_bubing02_mesh_5_05711cf3bbd6b47730693515b6bab5a2", "legacy": false, "compressed": false, "sampleRate": 20.0, "nRot": 0, "nPos": 0, "nScale": 0, "nFloat": 0, "nPPtr": 0, "bytes": 11881}
{"t": "AnimationClip", "name": "Recorded", "bundle": "gameres_auto_assets__art_lastwar_effect_timeline_f9a2f92b9c025f12a8225c80ff58cda1", "legacy": false, "compressed": false, "sampleRate": 60.0, "nRot": 0, "nPos": 0, "nScale": 0, "nFloat": 0, "nPPtr": 0, "bytes": 9529}
{"t": "AnimationClip", "name": "Recorded (1)", "bundle": "gameres_auto_assets__art_lastwar_effect_timeline_f9a2f92b9c025f12a8225c80ff58cda1", "legacy": false, "compressed": false, "sampleRate": 60.0, "nRot": 0, "nPos": 0, "nScale": 0, "nFloat": 0, "nPPtr": 0, "bytes": 6737}
{"t": "AnimationClip", "name": "UI_jiesuan_win_loop", "bundle": "gameres_auto_assets__art_lastwar_effect_topwar3dassets_2dassets_animation_741efc531c95b854b48a17a66e19c2bc", "legacy": false, "compressed": false, "sampleRate": 60.0, "nRot": 0, "nPos": 0, "nScale": 0, "nFloat": 0, "nPPtr": 0, "bytes": 14482}
{"t": "AnimatorController", "name": "BattleDefeatPanel_ani", "bundle": "gameres_auto_assets__art_lastwar_effect_topwar3dassets_2dassets_animation_741efc531c95b854b48a17a66e19c2bc", "legacy": null, "compressed": false, "sampleRate": null, "nRot": 0, "nPos": 0, "nScale": 0, "nFloat": 0, "nPPtr": 0, "bytes": 2533}
{"t": "AnimationClip", "name": "UI_jiesuan_defeat", "bundle": "gameres_auto_assets__art_lastwar_effect_topwar3dassets_2dassets_animation_741efc531c95b854b48a17a66e19c2bc", "legacy": false, "compressed": false, "sampleRate": 60.0, "nRot": 0, "nPos": 0, "nScale": 0, "nFloat": 0, "nPPtr": 0, "bytes": 11491}
{"t": "AnimationClip", "name": "UI_jiesuan_win", "bundle": "gameres_auto_assets__art_lastwar_effect_topwar3dassets_2dassets_animation_741efc531c95b854b48a17a66e19c2bc", "legacy": false, "compressed": false, "sampleRate": 60.0, "nRot": 0, "nPos": 0, "nScale": 0, "nFloat": 0, "nPPtr": 0, "bytes": 23950}
{"t": "AnimatorController", "name": "VictoryGo", "bundle": "gameres_auto_assets__art_lastwar_effect_topwar3dassets_2dassets_animation_741efc531c95b854b48a17a66e19c2bc", "legacy": null, "compressed": false, "sampleRate": null, "nRot": 0, "nPos": 0, "nScale": 0, "nFloat": 0, "nPPtr": 0, "bytes": 4095}
{"t": "AnimationClip", "name": "Basilone_01_dead", "bundle": "gameres_auto_assets__art_lastwar_models_cars_a_hero_basilone_animation_e031768a3899e024c6191d5638507b17", "legacy": false, "compressed": false, "sampleRate": 30.0, "nRot": 0, "nPos": 0, "nScale": 0, "nFloat": 0, "nPPtr": 0, "bytes": 220661}
{"t": "AnimationClip", "name": "Basilone_01_ walk", "bundle": "gameres_auto_assets__art_lastwar_models_cars_a_hero_basilone_animation_e031768a3899e024c6191d5638507b17", "legacy": false, "compressed": false, "sampleRate": 30.0, "nRot": 0, "nPos": 0, "nScale": 0, "nFloat": 0, "nPPtr": 0, "bytes": 115778}
{"t": "AnimationClip", "name": "Basilone_01_attack", "bundle": "gameres_auto_assets__art_lastwar_models_cars_a_hero_basilone_animation_e031768a3899e024c6191d5638507b17", "legacy": false, "compressed": false, "sampleRate": 30.0, "nRot": 0, "nPos": 0, "nScale": 0, "nFloat": 0, "nPPtr": 0, "bytes": 116259}
{"t": "AnimationClip", "name": "Basilone_01_attack_move", "bundle": "gameres_auto_assets__art_lastwar_models_cars_a_hero_basilone_animation_e031768a3899e024c6191d5638507b17", "legacy": false, "compressed": false, "sampleRate": 30.0, "nRot": 0, "nPos": 0, "nScale": 0, "nFloat": 0, "nPPtr": 0, "bytes": 117602}
{"t": "AnimationClip", "name": "Basilone_01_attack_skll", "bundle": "gameres_auto_assets__art_lastwar_models_cars_a_hero_basilone_animation_e031768a3899e024c6191d5638507b17", "legacy": false, "compressed": false, "sampleRate": 30.0, "nRot": 0, "nPos": 0, "nScale": 0, "nFloat": 0, "nPPtr": 0, "bytes": 157579}
{"t": "AnimationClip", "name": "Basilone_01_idle", "bundle": "gameres_auto_assets__art_lastwar_models_cars_a_hero_basilone_animation_e031768a3899e024c6191d5638507b17", "legacy": false, "compressed": false, "sampleRate": 30.0, "nRot": 0, "nPos": 0, "nScale": 0, "nFloat": 0, "nPPtr": 0, "bytes": 110087}
{"t": "AnimationClip", "name": "Audie_01_attack_skll", "bundle": "gameres_auto_assets__art_lastwar_models_cars_a_hero_audie_a_hero_audie_01_animation_77b9a1fa07874f93b6cd33547a070c23", "legacy": false, "compressed": false, "sampleRate": 30.0, "nRot": 0, "nPos": 0, "nScale": 0, "nFloat": 0, "nPPtr": 0, "bytes": 120455}
{"t": "AnimationClip", "name": "Audie_01_attack", "bundle": "gameres_auto_assets__art_lastwar_models_cars_a_hero_audie_a_hero_audie_01_animation_77b9a1fa07874f93b6cd33547a070c23", "legacy": false, "compressed": false, "sampleRate": 30.0, "nRot": 0, "nPos": 0, "nScale": 0, "nFloat": 0, "nPPtr": 0, "bytes": 73832}
{"t": "AnimationClip", "name": "Audie_01_show", "bundle": "gameres_auto_assets__art_lastwar_models_cars_a_hero_audie_a_hero_audie_01_animation_77b9a1fa07874f93b6cd33547a070c23", "legacy": false, "compressed": false, "sampleRate": 30.0, "nRot": 0, "nPos": 0, "nScale": 0, "nFloat": 0, "nPPtr": 0, "bytes": 1898192}
{"t": "AnimationClip", "name": "Audie_01_walk", "bundle": "gameres_auto_assets__art_lastwar_models_cars_a_hero_audie_a_hero_audie_01_animation_77b9a1fa07874f93b6cd33547a070c23", "legacy": false, "compressed": false, "sampleRate": 30.0, "nRot": 0, "nPos": 0, "nScale": 0, "nFloat": 0, "nPPtr": 0, "bytes": 45359}
{"t": "AnimationClip", "name": "Audie_01_attack_move", "bundle": "gameres_auto_assets__art_lastwar_models_cars_a_hero_audie_a_hero_audie_01_animation_77b9a1fa07874f93b6cd33547a070c23", "legacy": false, "compressed": false, "sampleRate": 30.0, "nRot": 0, "nPos": 0, "nScale": 0, "nFloat": 0, "nPPtr": 0, "bytes": 64241}
{"t": "AnimationClip", "name": "Audie_01_show_idle", "bundle": "gameres_auto_assets__art_lastwar_models_cars_a_hero_audie_a_hero_audie_01_animation_77b9a1fa07874f93b6cd33547a070c23", "legacy": false, "compressed": false, "sampleRate": 30.0, "nRot": 0, "nPos": 0, "nScale": 0, "nFloat": 0, "nPPtr": 0, "bytes": 162883}
{"t": "AnimationClip", "name": "Audie_01_idle", "bundle": "gameres_auto_assets__art_lastwar_models_cars_a_hero_audie_a_hero_audie_01_animation_77b9a1fa07874f93b6cd33547a070c23", "legacy": false, "compressed": false, "sampleRate": 30.0, "nRot": 0, "nPos": 0, "nScale": 0, "nFloat": 0, "nPPtr": 0, "bytes": 47861}
{"t": "AnimationClip", "name": "Audie_01_dead", "bundle": "gameres_auto_assets__art_lastwar_models_cars_a_hero_audie_a_hero_audie_01_animation_77b9a1fa07874f93b6cd33547a070c23", "legacy": false, "compressed": false, "sampleRate": 30.0, "nRot": 0, "nPos": 0, "nScale": 0, "nFloat": 0, "nPPtr": 0, "bytes": 95128}
{"t": "AnimationClip", "name": "Audie_01_camera", "bundle": "gameres_auto_assets__art_lastwar_models_cars_a_hero_audie_a_hero_audie_01_animation_77b9a1fa07874f93b6cd33547a070c23", "legacy": false, "compressed": false, "sampleRate": 30.0, "nRot": 0, "nPos": 0, "nScale": 0, "nFloat": 0, "nPPtr": 0, "bytes": 12573}
{"t": "AnimationClip", "name": "blackwidow_01_dead", "bundle": "gameres_auto_assets__art_lastwar_models_cars_a_hero_blackwidow_animation_67843f7bf02b16480bce2a3265950c60", "legacy": false, "compressed": false, "sampleRate": 30.0, "nRot": 0, "nPos": 0, "nScale": 0, "nFloat": 0, "nPPtr": 0, "bytes": 225521}
{"t": "AnimationClip", "name": "blackwidow_01_attack_skll", "bundle": "gameres_auto_assets__art_lastwar_models_cars_a_hero_blackwidow_animation_67843f7bf02b16480bce2a3265950c60", "legacy": false, "compressed": false, "sampleRate": 30.0, "nRot": 0, "nPos": 0, "nScale": 0, "nFloat": 0, "nPPtr": 0, "bytes": 111567}
{"t": "AnimationClip", "name": "blackwidow_01_attack", "bundle": "gameres_auto_assets__art_lastwar_models_cars_a_hero_blackwidow_animation_67843f7bf02b16480bce2a3265950c60", "legacy": false, "compressed": false, "sampleRate": 30.0, "nRot": 0, "nPos": 0, "nScale": 0, "nFloat": 0, "nPPtr": 0, "bytes": 148953}
{"t": "AnimationClip", "name": "blackwidow_01_walk", "bundle": "gameres_auto_assets__art_lastwar_models_cars_a_hero_blackwidow_animation_67843f7bf02b16480bce2a3265950c60", "legacy": false, "compressed": false, "sampleRate": 30.0, "nRot": 0, "nPos": 0, "nScale": 0, "nFloat": 0, "nPPtr": 0, "bytes": 98504}
{"t": "AnimationClip", "name": "blackwidow_01_attack_move", "bundle": "gameres_auto_assets__art_lastwar_models_cars_a_hero_blackwidow_animation_67843f7bf02b16480bce2a3265950c60", "legacy": false, "compressed": false, "sampleRate": 30.0, "nRot": 0, "nPos": 0, "nScale": 0, "nFloat": 0, "nPPtr": 0, "bytes": 107281}
{"t": "AnimationClip", "name": "blackwidow_01_idle", "bundle": "gameres_auto_assets__art_lastwar_models_cars_a_hero_blackwidow_animation_67843f7bf02b16480bce2a3265950c60", "legacy": false, "compressed": false, "sampleRate": 30.0, "nRot": 0, "nPos": 0, "nScale": 0, "nFloat": 0, "nPPtr": 0, "bytes": 102147}
{"t": "AnimationClip", "name": "Cage_02_dead", "bundle": "gameres_auto_assets__art_lastwar_models_cars_a_hero_cage_02_animation_ebe8d39562a02f635bd896fde598a4c8", "legacy": false, "compressed": false, "sampleRate": 30.0, "nRot": 0, "nPos": 0, "nScale": 0, "nFloat": 0, "nPPtr": 0, "bytes": 71829}
{"t": "AnimationClip", "name": "Cage_02_show_idle", "bundle": "gameres_auto_assets__art_lastwar_models_cars_a_hero_cage_02_animation_ebe8d39562a02f635bd896fde598a4c8", "legacy": false, "compressed": false, "sampleRate": 30.0, "nRot": 0, "nPos": 0, "nScale": 0, "nFloat": 0, "nPPtr": 0, "bytes": 259596}
{"t": "AnimationClip", "name": "Cage_02_idle", "bundle": "gameres_auto_assets__art_lastwar_models_cars_a_hero_cage_02_animation_ebe8d39562a02f635bd896fde598a4c8", "legacy": false, "compressed": false, "sampleRate": 30.0, "nRot": 0, "nPos": 0, "nScale": 0, "nFloat": 0, "nPPtr": 0, "bytes": 38345}
{"t": "AnimationClip", "name": "Cage_02_walk", "bundle": "gameres_auto_assets__art_lastwar_models_cars_a_hero_cage_02_animation_ebe8d39562a02f635bd896fde598a4c8", "legacy": false, "compressed": false, "sampleRate": 30.0, "nRot": 0, "nPos": 0, "nScale": 0, "nFloat": 0, "nPPtr": 0, "bytes": 34831}
{"t": "AnimationClip", "name": "Cage_02_camera", "bundle": "gameres_auto_assets__art_lastwar_models_cars_a_hero_cage_02_animation_ebe8d39562a02f635bd896fde598a4c8", "legacy": false, "compressed": false, "sampleRate": 30.0, "nRot": 0, "nPos": 0, "nScale": 0, "nFloat": 0, "nPPtr": 0, "bytes": 9022}
{"t": "AnimationClip", "name": "Cage_02_attack_skll", "bundle": "gameres_auto_assets__art_lastwar_models_cars_a_hero_cage_02_animation_ebe8d39562a02f635bd896fde598a4c8", "legacy": false, "compressed": false, "sampleRate": 30.0, "nRot": 0, "nPos": 0, "nScale": 0, "nFloat": 0, "nPPtr": 0, "bytes": 57564}
{"t": "AnimationClip", "name": "Cage_02_attack", "bundle": "gameres_auto_assets__art_lastwar_models_cars_a_hero_cage_02_animation_ebe8d39562a02f635bd896fde598a4c8", "legacy": false, "compressed": false, "sampleRate": 30.0, "nRot": 0, "nPos": 0, "nScale": 0, "nFloat": 0, "nPPtr": 0, "bytes": 57559}
{"t": "AnimationClip", "name": "Cage_02_show", "bundle": "gameres_auto_assets__art_lastwar_models_cars_a_hero_cage_02_animation_ebe8d39562a02f635bd896fde598a4c8", "legacy": false, "compressed": false, "sampleRate": 30.0, "nRot": 0, "nPos": 0, "nScale": 0, "nFloat": 0, "nPPtr": 0, "bytes": 658433}
{"t": "AnimationClip", "name": "Cage_02_attack_move", "bundle": "gameres_auto_assets__art_lastwar_models_cars_a_hero_cage_02_animation_ebe8d39562a02f635bd896fde598a4c8", "legacy": false, "compressed": false, "sampleRate": 30.0, "nRot": 0, "nPos": 0, "nScale": 0, "nFloat": 0, "nPPtr": 0, "bytes": 36936}
{"t": "AnimatorController", "name": "cage02_preview", "bundle": "gameres_auto_assets__art_lastwar_models_cars_a_hero_cage_02_animator_6db7be6224920b8ae3b5942a45b9a221", "legacy": null, "compressed": false, "sampleRate": null, "nRot": 0, "nPos": 0, "nScale": 0, "nFloat": 0, "nPPtr": 0, "bytes": 16327}
{"t": "AnimationClip", "name": "Alex_01_show_idle", "bundle": "gameres_auto_assets__art_lastwar_models_cars_a_hero_alex_01_animation_c119c76ecebe1172b591e7d06e089412", "legacy": false, "compressed": false, "sampleRate": 30.0, "nRot": 0, "nPos": 0, "nScale": 0, "nFloat": 0, "nPPtr": 0, "bytes": 220541}
{"t": "AnimationClip", "name": "Alex_01_show", "bundle": "gameres_auto_assets__art_lastwar_models_cars_a_hero_alex_01_animation_c119c76ecebe1172b591e7d06e089412", "legacy": false, "compressed": false, "sampleRate": 30.0, "nRot": 0, "nPos": 0, "nScale": 0, "nFloat": 0, "nPPtr": 0, "bytes": 1566393}
{"t": "AnimationClip", "name": "Alex_01_attack_skll", "bundle": "gameres_auto_assets__art_lastwar_models_cars_a_hero_alex_01_animation_c119c76ecebe1172b591e7d06e089412", "legacy": false, "compressed": false, "sampleRate": 30.0, "nRot": 0, "nPos": 0, "nScale": 0, "nFloat": 0, "nPPtr": 0, "bytes": 110455}
{"t": "AnimationClip", "name": "Alex_01_attack", "bundle": "gameres_auto_assets__art_lastwar_models_cars_a_hero_alex_01_animation_c119c76ecebe1172b591e7d06e089412", "legacy": false, "compressed": false, "sampleRate": 30.0, "nRot": 0, "nPos": 0, "nScale": 0, "nFloat": 0, "nPPtr": 0, "bytes": 87760}
{"t": "AnimationClip", "name": "Alex_01_idle", "bundle": "gameres_auto_assets__art_lastwar_models_cars_a_hero_alex_01_animation_c119c76ecebe1172b591e7d06e089412", "legacy": false, "compressed": false, "sampleRate": 30.0, "nRot": 0, "nPos": 0, "nScale": 0, "nFloat": 0, "nPPtr": 0, "bytes": 43043}
{"t": "AnimationClip", "name": "Alex_01_dead", "bundle": "gameres_auto_assets__art_lastwar_models_cars_a_hero_alex_01_animation_c119c76ecebe1172b591e7d06e089412", "legacy": false, "compressed": false, "sampleRate": 30.0, "nRot": 0, "nPos": 0, "nScale": 0, "nFloat": 0, "nPPtr": 0, "bytes": 113735}
{"t": "AnimationClip", "name": "Alex_01_camera", "bundle": "gameres_auto_assets__art_lastwar_models_cars_a_hero_alex_01_animation_c119c76ecebe1172b591e7d06e089412", "legacy": false, "compressed": false, "sampleRate": 30.0, "nRot": 0, "nPos": 0, "nScale": 0, "nFloat": 0, "nPPtr": 0, "bytes": 9829}
{"t": "AnimationClip", "name": "Alex_01_walk", "bundle": "gameres_auto_assets__art_lastwar_models_cars_a_hero_alex_01_animation_c119c76ecebe1172b591e7d06e089412", "legacy": false, "compressed": false, "sampleRate": 30.0, "nRot": 0, "nPos": 0, "nScale": 0, "nFloat": 0, "nPPtr": 0, "bytes": 45057}
{"t": "AnimationClip", "name": "Alex_01_attack_move", "bundle": "gameres_auto_assets__art_lastwar_models_cars_a_hero_alex_01_animation_c119c76ecebe1172b591e7d06e089412", "legacy": false, "compressed": false, "sampleRate": 30.0, "nRot": 0, "nPos": 0, "nScale": 0, "nFloat": 0, "nPPtr": 0, "bytes": 87286}
{"t": "AnimatorController", "name": "alex01_preview", "bundle": "gameres_auto_assets__art_lastwar_models_cars_a_hero_alex_01_animator_317b645aa611a8af2a496a1d3ee7f97e", "legacy": null, "compressed": false, "sampleRate": null, "nRot": 0, "nPos": 0, "nScale": 0, "nFloat": 0, "nPPtr": 0, "bytes": 16328}
{"t": "AnimationClip", "name": "Dva01_show_idle", "bundle": "gameres_auto_assets__art_lastwar_models_cars_a_hero_dva_a_hero_dva_01_animation_1bde48840e7e33424e4453d0633056f2", "legacy": false, "compressed": false, "sampleRate": 30.0, "nRot": 0, "nPos": 0, "nScale": 0, "nFloat": 0, "nPPtr": 0, "bytes": 34505}
{"t": "AnimationClip", "name": "Dva01_show", "bundle": "gameres_auto_assets__art_lastwar_models_cars_a_hero_dva_a_hero_dva_01_animation_1bde48840e7e33424e4453d0633056f2", "legacy": false, "compressed": false, "sampleRate": 30.0, "nRot": 0, "nPos": 0, "nScale": 0, "nFloat": 0, "nPPtr": 0, "bytes": 89187}
{"t": "AnimationClip", "name": "Dva01_attack_skll", "bundle": "gameres_auto_assets__art_lastwar_models_cars_a_hero_dva_a_hero_dva_01_animation_1bde48840e7e33424e4453d0633056f2", "legacy": false, "compressed": false, "sampleRate": 30.0, "nRot": 0, "nPos": 0, "nScale": 0, "nFloat": 0, "nPPtr": 0, "bytes": 46916}
{"t": "AnimationClip", "name": "Dva01_dead", "bundle": "gameres_auto_assets__art_lastwar_models_cars_a_hero_dva_a_hero_dva_01_animation_1bde48840e7e33424e4453d0633056f2", "legacy": false, "compressed": false, "sampleRate": 30.0, "nRot": 0, "nPos": 0, "nScale": 0, "nFloat": 0, "nPPtr": 0, "bytes": 37549}
{"t": "AnimationClip", "name": "Dva01_idle", "bundle": "gameres_auto_assets__art_lastwar_models_cars_a_hero_dva_a_hero_dva_01_animation_1bde48840e7e33424e4453d0633056f2", "legacy": false, "compressed": false, "sampleRate": 30.0, "nRot": 0, "nPos": 0, "nScale": 0, "nFloat": 0, "nPPtr": 0, "bytes": 34186}
{"t": "AnimationClip", "name": "Dva01_walk", "bundle": "gameres_auto_assets__art_lastwar_models_cars_a_hero_dva_a_hero_dva_01_animation_1bde48840e7e33424e4453d0633056f2", "legacy": false, "compressed": false, "sampleRate": 30.0, "nRot": 0, "nPos": 0, "nScale": 0, "nFloat": 0, "nPPtr": 0, "bytes": 32203}
{"t": "AnimationClip", "name": "Dva01_attack", "bundle": "gameres_auto_assets__art_lastwar_models_cars_a_hero_dva_a_hero_dva_01_animation_1bde48840e7e33424e4453d0633056f2", "legacy": false, "compressed": false, "sampleRate": 30.0, "nRot": 0, "nPos": 0, "nScale": 0, "nFloat": 0, "nPPtr": 0, "bytes": 34790}
{"t": "AnimationClip", "name": "Dva01_camera", "bundle": "gameres_auto_assets__art_lastwar_models_cars_a_hero_dva_a_hero_dva_01_animation_1bde48840e7e33424e4453d0633056f2", "legacy": false, "compressed": false, "sampleRate": 30.0, "nRot": 0, "nPos": 0, "nScale": 0, "nFloat": 0, "nPPtr": 0, "bytes": 9996}
{"t": "AnimationClip", "name": "Dva01_attack_move", "bundle": "gameres_auto_assets__art_lastwar_models_cars_a_hero_dva_a_hero_dva_01_animation_1bde48840e7e33424e4453d0633056f2", "legacy": false, "compressed": false, "sampleRate": 30.0, "nRot": 0, "nPos": 0, "nScale": 0, "nFloat": 0, "nPPtr": 0, "bytes": 32471}
{"t": "AnimatorController", "name": "Dva01_preview", "bundle": "gameres_auto_assets__art_lastwar_models_cars_a_hero_dva_a_hero_dva_01_animator_c233c37b8e06176b4612b38d4010d7d6", "legacy": null, "compressed": false, "sampleRate": null, "nRot": 0, "nPos": 0, "nScale": 0, "nFloat": 0, "nPPtr": 0, "bytes": 16327}
{"t": "AnimationClip", "name": "Dva01_skin_low", "bundle": "gameres_auto_assets__art_lastwar_models_cars_a_hero_dva_a_hero_dva_01_mesh_3c002efb321c7854e8a3837605603682", "legacy": false, "compressed": false, "sampleRate": 30.0, "nRot": 0, "nPos": 0, "nScale": 0, "nFloat": 0, "nPPtr": 0, "bytes": 15423}
{"t": "AnimationClip", "name": "Dva01_skin", "bundle": "gameres_auto_assets__art_lastwar_models_cars_a_hero_dva_a_hero_dva_01_mesh_pbr_1ef11ab8d7f252e43d7710c629abac96", "legacy": false, "compressed": false, "sampleRate": 30.0, "nRot": 0, "nPos": 0, "nScale": 0, "nFloat": 0, "nPPtr": 0, "bytes": 15419}
{"t": "AnimationClip", "name": "wurenji_01_walk", "bundle": "gameres_auto_assets__art_lastwar_models_cars_a_hero_wurenji_01_animation_5ee0285a51dd4fab57876b08b5c1f247", "legacy": false, "compressed": false, "sampleRate": 30.0, "nRot": 0, "nPos": 0, "nScale": 0, "nFloat": 0, "nPPtr": 0, "bytes": 38262}
{"t": "AnimationClip", "name": "wurenji_01_dead", "bundle": "gameres_auto_assets__art_lastwar_models_cars_a_hero_wurenji_01_animation_5ee0285a51dd4fab57876b08b5c1f247", "legacy": false, "compressed": false, "sampleRate": 30.0, "nRot": 0, "nPos": 0, "nScale": 0, "nFloat": 0, "nPPtr": 0, "bytes": 58580}
{"t": "AnimationClip", "name": "wurenji_01_down", "bundle": "gameres_auto_assets__art_lastwar_models_cars_a_hero_wurenji_01_animation_5ee0285a51dd4fab57876b08b5c1f247", "legacy": false, "compressed": false, "sampleRate": 30.0, "nRot": 0, "nPos": 0, "nScale": 0, "nFloat": 0, "nPPtr": 0, "bytes": 215273}
{"t": "AnimationClip", "name": "wurenji_01_idle", "bundle": "gameres_auto_assets__art_lastwar_models_cars_a_hero_wurenji_01_animation_5ee0285a51dd4fab57876b08b5c1f247", "legacy": false, "compressed": false, "sampleRate": 30.0, "nRot": 0, "nPos": 0, "nScale": 0, "nFloat": 0, "nPPtr": 0, "bytes": 117086}
{"t": "AnimationClip", "name": "wurenji_01_hongzha01_pvp", "bundle": "gameres_auto_assets__art_lastwar_models_cars_a_hero_wurenji_01_animation_5ee0285a51dd4fab57876b08b5c1f247", "legacy": false, "compressed": false, "sampleRate": 30.0, "nRot": 0, "nPos": 0, "nScale": 0, "nFloat": 0, "nPPtr": 0, "bytes": 120811}
{"t": "AnimationClip", "name": "wurenji_01_Addbuff_pve", "bundle": "gameres_auto_assets__art_lastwar_models_cars_a_hero_wurenji_01_animation_5ee0285a51dd4fab57876b08b5c1f247", "legacy": false, "compressed": false, "sampleRate": 30.0, "nRot": 0, "nPos": 0, "nScale": 0, "nFloat": 0, "nPPtr": 0, "bytes": 73548}
{"t": "AnimationClip", "name": "wurenji_01_Addbuff", "bundle": "gameres_auto_assets__art_lastwar_models_cars_a_hero_wurenji_01_animation_5ee0285a51dd4fab57876b08b5c1f247", "legacy": false, "compressed": false, "sampleRate": 30.0, "nRot": 0, "nPos": 0, "nScale": 0, "nFloat": 0, "nPPtr": 0, "bytes": 130835}
{"t": "AnimationClip", "name": "wurenji_01_hongzha01_pve", "bundle": "gameres_auto_assets__art_lastwar_models_cars_a_hero_wurenji_01_animation_5ee0285a51dd4fab57876b08b5c1f247", "legacy": false, "compressed": false, "sampleRate": 30.0, "nRot": 0, "nPos": 0, "nScale": 0, "nFloat": 0, "nPPtr": 0, "bytes": 123112}
{"t": "AnimationClip", "name": "Elsa_01_attack", "bundle": "gameres_auto_assets__art_lastwar_models_cars_a_hero_elsa_01_animation_02ed73d746b86254ef2baec80073dc30", "legacy": false, "compressed": false, "sampleRate": 30.0, "nRot": 0, "nPos": 0, "nScale": 0, "nFloat": 0, "nPPtr": 0, "bytes": 77753}
{"t": "AnimationClip", "name": "Elsa_01_camera", "bundle": "gameres_auto_assets__art_lastwar_models_cars_a_hero_elsa_01_animation_02ed73d746b86254ef2baec80073dc30", "legacy": false, "compressed": false, "sampleRate": 30.0, "nRot": 0, "nPos": 0, "nScale": 0, "nFloat": 0, "nPPtr": 0, "bytes": 10080}
{"t": "AnimationClip", "name": "Elsa_01_walk", "bundle": "gameres_auto_assets__art_lastwar_models_cars_a_hero_elsa_01_animation_02ed73d746b86254ef2baec80073dc30", "legacy": false, "compressed": false, "sampleRate": 30.0, "nRot": 0, "nPos": 0, "nScale": 0, "nFloat": 0, "nPPtr": 0, "bytes": 42089}
{"t": "AnimationClip", "name": "Elsa_01_attack_move", "bundle": "gameres_auto_assets__art_lastwar_models_cars_a_hero_elsa_01_animation_02ed73d746b86254ef2baec80073dc30", "legacy": false, "compressed": false, "sampleRate": 30.0, "nRot": 0, "nPos": 0, "nScale": 0, "nFloat": 0, "nPPtr": 0, "bytes": 69257}
{"t": "AnimationClip", "name": "Elsa_01_show", "bundle": "gameres_auto_assets__art_lastwar_models_cars_a_hero_elsa_01_animation_02ed73d746b86254ef2baec80073dc30", "legacy": false, "compressed": false, "sampleRate": 30.0, "nRot": 0, "nPos": 0, "nScale": 0, "nFloat": 0, "nPPtr": 0, "bytes": 1293040}
{"t": "AnimationClip", "name": "Elsa_01_show_idle", "bundle": "gameres_auto_assets__art_lastwar_models_cars_a_hero_elsa_01_animation_02ed73d746b86254ef2baec80073dc30", "legacy": false, "compressed": false, "sampleRate": 30.0, "nRot": 0, "nPos": 0, "nScale": 0, "nFloat": 0, "nPPtr": 0, "bytes": 247697}
{"t": "AnimationClip", "name": "Elsa_01_attack_skll", "bundle": "gameres_auto_assets__art_lastwar_models_cars_a_hero_elsa_01_animation_02ed73d746b86254ef2baec80073dc30", "legacy": false, "compressed": false, "sampleRate": 30.0, "nRot": 0, "nPos": 0, "nScale": 0, "nFloat": 0, "nPPtr": 0, "bytes": 94977}
{"t": "AnimationClip", "name": "Elsa_01_dead", "bundle": "gameres_auto_assets__art_lastwar_models_cars_a_hero_elsa_01_animation_02ed73d746b86254ef2baec80073dc30", "legacy": false, "compressed": false, "sampleRate": 30.0, "nRot": 0, "nPos": 0, "nScale": 0, "nFloat": 0, "nPPtr": 0, "bytes": 109226}
{"t": "AnimationClip", "name": "Elsa_01_idle", "bundle": "gameres_auto_assets__art_lastwar_models_cars_a_hero_elsa_01_animation_02ed73d746b86254ef2baec80073dc30", "legacy": false, "compressed": false, "sampleRate": 30.0, "nRot": 0, "nPos": 0, "nScale": 0, "nFloat": 0, "nPPtr": 0, "bytes": 42527}
{"t": "AnimatorController", "name": "elsa01_preview", "bundle": "gameres_auto_assets__art_lastwar_models_cars_a_hero_elsa_01_animator_4019d62811c6c029669297a47642712c", "legacy": null, "compressed": false, "sampleRate": null, "nRot": 0, "nPos": 0, "nScale": 0, "nFloat": 0, "nPPtr": 0, "bytes": 16319}
{"t": "AnimationClip", "name": "Doctor_01_idle", "bundle": "gameres_auto_assets__art_lastwar_models_cars_a_hero_doctor_01_animation_5491911f627e4907b6f313e1048fe013", "legacy": false, "compressed": false, "sampleRate": 30.0, "nRot": 0, "nPos": 0, "nScale": 0, "nFloat": 0, "nPPtr": 0, "bytes": 32424}
{"t": "AnimationClip", "name": "Doctor_01_attack_skll", "bundle": "gameres_auto_assets__art_lastwar_models_cars_a_hero_doctor_01_animation_5491911f627e4907b6f313e1048fe013", "legacy": false, "compressed": false, "sampleRate": 30.0, "nRot": 0, "nPos": 0, "nScale": 0, "nFloat": 0, "nPPtr": 0, "bytes": 43819}
{"t": "AnimationClip", "name": "Doctor_01_camera", "bundle": "gameres_auto_assets__art_lastwar_models_cars_a_hero_doctor_01_animation_5491911f627e4907b6f313e1048fe013", "legacy": false, "compressed": false, "sampleRate": 30.0, "nRot": 0, "nPos": 0, "nScale": 0, "nFloat": 0, "nPPtr": 0, "bytes": 13356}
{"t": "AnimationClip", "name": "Doctor_01_attack_move", "bundle": "gameres_auto_assets__art_lastwar_models_cars_a_hero_doctor_01_animation_5491911f627e4907b6f313e1048fe013", "legacy": false, "compressed": false, "sampleRate": 30.0, "nRot": 0, "nPos": 0, "nScale": 0, "nFloat": 0, "nPPtr": 0, "bytes": 47715}
{"t": "AnimationClip", "name": "Doctor_01_dead", "bundle": "gameres_auto_assets__art_lastwar_models_cars_a_hero_doctor_01_animation_5491911f627e4907b6f313e1048fe013", "legacy": false, "compressed": false, "sampleRate": 30.0, "nRot": 0, "nPos": 0, "nScale": 0, "nFloat": 0, "nPPtr": 0, "bytes": 89885}
{"t": "AnimationClip", "name": "Doctor_01_walk", "bundle": "gameres_auto_assets__art_lastwar_models_cars_a_hero_doctor_01_animation_5491911f627e4907b6f313e1048fe013", "legacy": false, "compressed": false, "sampleRate": 30.0, "nRot": 0, "nPos": 0, "nScale": 0, "nFloat": 0, "nPPtr": 0, "bytes": 35056}
{"t": "AnimationClip", "name": "Doctor_01_show_idle", "bundle": "gameres_auto_assets__art_lastwar_models_cars_a_hero_doctor_01_animation_5491911f627e4907b6f313e1048fe013", "legacy": false, "compressed": false, "sampleRate": 30.0, "nRot": 0, "nPos": 0, "nScale": 0, "nFloat": 0, "nPPtr": 0, "bytes": 148849}
{"t": "AnimationClip", "name": "Doctor_01_attack", "bundle": "gameres_auto_assets__art_lastwar_models_cars_a_hero_doctor_01_animation_5491911f627e4907b6f313e1048fe013", "legacy": false, "compressed": false, "sampleRate": 30.0, "nRot": 0, "nPos": 0, "nScale": 0, "nFloat": 0, "nPPtr": 0, "bytes": 42146}
{"t": "AnimationClip", "name": "Doctor_01_show", "bundle": "gameres_auto_assets__art_lastwar_models_cars_a_hero_doctor_01_animation_5491911f627e4907b6f313e1048fe013", "legacy": false, "compressed": false, "sampleRate": 30.0, "nRot": 0, "nPos": 0, "nScale": 0, "nFloat": 0, "nPPtr": 0, "bytes": 3517172}
{"t": "AnimatorController", "name": "doctor01_preview", "bundle": "gameres_auto_assets__art_lastwar_models_cars_a_hero_doctor_01_animator_d0a431e31523cd2f7c6d00f788acc30d", "legacy": null, "compressed": false, "sampleRate": null, "nRot": 0, "nPos": 0, "nScale": 0, "nFloat": 0, "nPPtr": 0, "bytes": 16321}
{"t": "AnimationClip", "name": "Monica_01_death", "bundle": "gameres_auto_assets__art_lastwar_models_new_cars_a_hero_monica_wzsj_animation_a_hero_monica_01_0_b14652eddad4b242cf0ae73d5e6c9cbf", "legacy": false, "compressed": false, "sampleRate": 30.0, "nRot": 0, "nPos": 0, "nScale": 0, "nFloat": 0, "nPPtr": 0, "bytes": 377350}
{"t": "AnimationClip", "name": "Monica_01_attack", "bundle": "gameres_auto_assets__art_lastwar_models_new_cars_a_hero_monica_wzsj_animation_a_hero_monica_01_0_b14652eddad4b242cf0ae73d5e6c9cbf", "legacy": false, "compressed": false, "sampleRate": 30.0, "nRot": 0, "nPos": 0, "nScale": 0, "nFloat": 0, "nPPtr": 0, "bytes": 172741}
{"t": "AnimationClip", "name": "Monica_01_hit", "bundle": "gameres_auto_assets__art_lastwar_models_new_cars_a_hero_monica_wzsj_animation_a_hero_monica_01_0_b14652eddad4b242cf0ae73d5e6c9cbf", "legacy": false, "compressed": false, "sampleRate": 30.0, "nRot": 0, "nPos": 0, "nScale": 0, "nFloat": 0, "nPPtr": 0, "bytes": 136891}
{"t": "AnimationClip", "name": "Monica_01_toudan_move", "bundle": "gameres_auto_assets__art_lastwar_models_new_cars_a_hero_monica_wzsj_animation_a_hero_monica_01_0_b14652eddad4b242cf0ae73d5e6c9cbf", "legacy": false, "compressed": false, "sampleRate": 30.0, "nRot": 0, "nPos": 0, "nScale": 0, "nFloat": 0, "nPPtr": 0, "bytes": 231309}
{"t": "AnimationClip", "name": "Monica_01_run", "bundle": "gameres_auto_assets__art_lastwar_models_new_cars_a_hero_monica_wzsj_animation_a_hero_monica_01_0_b14652eddad4b242cf0ae73d5e6c9cbf", "legacy": false, "compressed": false, "sampleRate": 30.0, "nRot": 0, "nPos": 0, "nScale": 0, "nFloat": 0, "nPPtr": 0, "bytes": 146294}
{"t": "AnimationClip", "name": "Monica_01_run_rightward_45", "bundle": "gameres_auto_assets__art_lastwar_models_new_cars_a_hero_monica_wzsj_animation_a_hero_monica_01_1_a3652d2f99e5e8c1ad802a2a851c84bb", "legacy": false, "compressed": false, "sampleRate": 30.0, "nRot": 0, "nPos": 0, "nScale": 0, "nFloat": 0, "nPPtr": 0, "bytes": 146011}
{"t": "AnimationClip", "name": "Monica_01_idle_01", "bundle": "gameres_auto_assets__art_lastwar_models_new_cars_a_hero_monica_wzsj_animation_a_hero_monica_01_1_a3652d2f99e5e8c1ad802a2a851c84bb", "legacy": false, "compressed": false, "sampleRate": 30.0, "nRot": 0, "nPos": 0, "nScale": 0, "nFloat": 0, "nPPtr": 0, "bytes": 118418}
{"t": "AnimationClip", "name": "Monica_01_idle", "bundle": "gameres_auto_assets__art_lastwar_models_new_cars_a_hero_monica_wzsj_animation_a_hero_monica_01_2_379247f403f340067673f5c010ca3be3", "legacy": false, "compressed": false, "sampleRate": 30.0, "nRot": 0, "nPos": 0, "nScale": 0, "nFloat": 0, "nPPtr": 0, "bytes": 128893}
{"t": "AnimationClip", "name": "Monica_01_run_leftward_45", "bundle": "gameres_auto_assets__art_lastwar_models_new_cars_a_hero_monica_wzsj_animation_a_hero_monica_01_3_24dcfa1e96b6d6f47aa71a82de6fada4", "legacy": false, "compressed": false, "sampleRate": 30.0, "nRot": 0, "nPos": 0, "nScale": 0, "nFloat": 0, "nPPtr": 0, "bytes": 146062}
{"t": "AnimationClip", "name": "Monica_01_attack_move", "bundle": "gameres_auto_assets__art_lastwar_models_new_cars_a_hero_monica_wzsj_animation_a_hero_monica_01_4_f839dec2b42670d7d6a666e9c2d181c5", "legacy": false, "compressed": false, "sampleRate": 30.0, "nRot": 0, "nPos": 0, "nScale": 0, "nFloat": 0, "nPPtr": 0, "bytes": 145365}
{"t": "AnimationClip", "name": "Monica_01_toudan", "bundle": "gameres_auto_assets__art_lastwar_models_new_cars_a_hero_monica_wzsj_animation_a_hero_monica_01_6_134dc49a4ada3f43548e9b83ce83bfa6", "legacy": false, "compressed": false, "sampleRate": 30.0, "nRot": 0, "nPos": 0, "nScale": 0, "nFloat": 0, "nPPtr": 0, "bytes": 340615}
{"t": "AnimationClip", "name": "Monica_02_attack_move", "bundle": "gameres_auto_assets__art_lastwar_models_new_cars_a_hero_monica_wzsj_animation_a_hero_monica_02_0_96582674f984e27a32a082044a0184f3", "legacy": false, "compressed": false, "sampleRate": 30.0, "nRot": 0, "nPos": 0, "nScale": 0, "nFloat": 0, "nPPtr": 0, "bytes": 148487}
{"t": "AnimationClip", "name": "Monica_02_attack", "bundle": "gameres_auto_assets__art_lastwar_models_new_cars_a_hero_monica_wzsj_animation_a_hero_monica_02_0_96582674f984e27a32a082044a0184f3", "legacy": false, "compressed": false, "sampleRate": 30.0, "nRot": 0, "nPos": 0, "nScale": 0, "nFloat": 0, "nPPtr": 0, "bytes": 175130}
{"t": "AnimationClip", "name": "Monica_02_idle_01", "bundle": "gameres_auto_assets__art_lastwar_models_new_cars_a_hero_monica_wzsj_animation_a_hero_monica_02_1_f6009cae37d9ed66e219082cc1880841", "legacy": false, "compressed": false, "sampleRate": 30.0, "nRot": 0, "nPos": 0, "nScale": 0, "nFloat": 0, "nPPtr": 0, "bytes": 122397}
{"t": "AnimationClip", "name": "Monica_02_hit", "bundle": "gameres_auto_assets__art_lastwar_models_new_cars_a_hero_monica_wzsj_animation_a_hero_monica_02_1_f6009cae37d9ed66e219082cc1880841", "legacy": false, "compressed": false, "sampleRate": 30.0, "nRot": 0, "nPos": 0, "nScale": 0, "nFloat": 0, "nPPtr": 0, "bytes": 124769}
{"t": "AnimationClip", "name": "Monica_02_run", "bundle": "gameres_auto_assets__art_lastwar_models_new_cars_a_hero_monica_wzsj_animation_a_hero_monica_02_3_6f95322d4606c2c30c12357242ca2c17", "legacy": false, "compressed": false, "sampleRate": 30.0, "nRot": 0, "nPos": 0, "nScale": 0, "nFloat": 0, "nPPtr": 0, "bytes": 149637}
{"t": "AnimationClip", "name": "Monica_02_run_leftward_45", "bundle": "gameres_auto_assets__art_lastwar_models_new_cars_a_hero_monica_wzsj_animation_a_hero_monica_02_4_1c194b9574cc905947c931857d85df92", "legacy": false, "compressed": false, "sampleRate": 30.0, "nRot": 0, "nPos": 0, "nScale": 0, "nFloat": 0, "nPPtr": 0, "bytes": 148792}
{"t": "AnimationClip", "name": "David_01_attack_skll", "bundle": "gameres_auto_assets__art_lastwar_models_cars_a_hero_david_01_animation_c523b89ad89383c96fef340d2af1836a", "legacy": false, "compressed": false, "sampleRate": 30.0, "nRot": 0, "nPos": 0, "nScale": 0, "nFloat": 0, "nPPtr": 0, "bytes": 147347}
{"t": "AnimationClip", "name": "David_01_show_idle", "bundle": "gameres_auto_assets__art_lastwar_models_cars_a_hero_david_01_animation_c523b89ad89383c96fef340d2af1836a", "legacy": false, "compressed": false, "sampleRate": 30.0, "nRot": 0, "nPos": 0, "nScale": 0, "nFloat": 0, "nPPtr": 0, "bytes": 1155817}
{"t": "AnimationClip", "name": "David_01_show", "bundle": "gameres_auto_assets__art_lastwar_models_cars_a_hero_david_01_animation_c523b89ad89383c96fef340d2af1836a", "legacy": false, "compressed": false, "sampleRate": 30.0, "nRot": 0, "nPos": 0, "nScale": 0, "nFloat": 0, "nPPtr": 0, "bytes": 4680155}
{"t": "AnimationClip", "name": "David_01_attack", "bundle": "gameres_auto_assets__art_lastwar_models_cars_a_hero_david_01_animation_c523b89ad89383c96fef340d2af1836a", "legacy": false, "compressed": false, "sampleRate": 30.0, "nRot": 0, "nPos": 0, "nScale": 0, "nFloat": 0, "nPPtr": 0, "bytes": 158328}
{"t": "AnimationClip", "name": "David_01_dead", "bundle": "gameres_auto_assets__art_lastwar_models_cars_a_hero_david_01_animation_c523b89ad89383c96fef340d2af1836a", "legacy": false, "compressed": false, "sampleRate": 30.0, "nRot": 0, "nPos": 0, "nScale": 0, "nFloat": 0, "nPPtr": 0, "bytes": 293669}
{"t": "AnimationClip", "name": "David_01_walk", "bundle": "gameres_auto_assets__art_lastwar_models_cars_a_hero_david_01_animation_c523b89ad89383c96fef340d2af1836a", "legacy": false, "compressed": false, "sampleRate": 30.0, "nRot": 0, "nPos": 0, "nScale": 0, "nFloat": 0, "nPPtr": 0, "bytes": 143628}
{"t": "AnimationClip", "name": "David_01_idle", "bundle": "gameres_auto_assets__art_lastwar_models_cars_a_hero_david_01_animation_c523b89ad89383c96fef340d2af1836a", "legacy": false, "compressed": false, "sampleRate": 30.0, "nRot": 0, "nPos": 0, "nScale": 0, "nFloat": 0, "nPPtr": 0, "bytes": 157344}
{"t": "AnimationClip", "name": "David_01_camera", "bundle": "gameres_auto_assets__art_lastwar_models_cars_a_hero_david_01_animation_c523b89ad89383c96fef340d2af1836a", "legacy": false, "compressed": false, "sampleRate": 30.0, "nRot": 0, "nPos": 0, "nScale": 0, "nFloat": 0, "nPPtr": 0, "bytes": 7492}
{"t": "AnimatorController", "name": "david01_preview", "bundle": "gameres_auto_assets__art_lastwar_models_cars_a_hero_david_01_animator_105376672601d8767f85f615ea3daf0c", "legacy": null, "compressed": false, "sampleRate": null, "nRot": 0, "nPos": 0, "nScale": 0, "nFloat": 0, "nPPtr": 0, "bytes": 16329}
{"t": "AnimationClip", "name": "Monica_02_toudan", "bundle": "gameres_auto_assets__art_lastwar_models_new_cars_a_hero_monica_wzsj_animation_a_hero_monica_02_6_101af42c4ff928f162d85c7492db61ad", "legacy": false, "compressed": false, "sampleRate": 30.0, "nRot": 0, "nPos": 0, "nScale": 0, "nFloat": 0, "nPPtr": 0, "bytes": 329520}
{"t": "AnimationClip", "name": "Monica_02_idle", "bundle": "gameres_auto_assets__art_lastwar_models_new_cars_a_hero_monica_wzsj_animation_a_hero_monica_02_7_cc07a52e0573b3a4ae2e3c2f4c41eeb9", "legacy": false, "compressed": false, "sampleRate": 30.0, "nRot": 0, "nPos": 0, "nScale": 0, "nFloat": 0, "nPPtr": 0, "bytes": 106478}
{"t": "AnimationClip", "name": "Monica_02_death", "bundle": "gameres_auto_assets__art_lastwar_models_new_cars_a_hero_monica_wzsj_animation_a_hero_monica_02_7_cc07a52e0573b3a4ae2e3c2f4c41eeb9", "legacy": false, "compressed": false, "sampleRate": 30.0, "nRot": 0, "nPos": 0, "nScale": 0, "nFloat": 0, "nPPtr": 0, "bytes": 339836}
{"t": "AnimationClip", "name": "Monica_02_toudan_move", "bundle": "gameres_auto_assets__art_lastwar_models_new_cars_a_hero_monica_wzsj_animation_a_hero_monica_02_8_34a1ae10b3ad4503175e6b1424eced67", "legacy": false, "compressed": false, "sampleRate": 30.0, "nRot": 0, "nPos": 0, "nScale": 0, "nFloat": 0, "nPPtr": 0, "bytes": 210800}
{"t": "AnimationClip", "name": "Monica_02_run_rightward_45", "bundle": "gameres_auto_assets__art_lastwar_models_new_cars_a_hero_monica_wzsj_animation_a_hero_monica_02_9_3eb0ad512215668311473daca55e27b6", "legacy": false, "compressed": false, "sampleRate": 30.0, "nRot": 0, "nPos": 0, "nScale": 0, "nFloat": 0, "nPPtr": 0, "bytes": 148956}
{"t": "AnimationClip", "name": "Monica_04_zhanshi_idle", "bundle": "gameres_auto_assets__art_lastwar_models_new_cars_a_hero_monica_wzsj_animation_a_hero_monica_zhanshi_8_899186b4832eefe864914b17ee5f85d7", "legacy": false, "compressed": false, "sampleRate": 30.0, "nRot": 0, "nPos": 0, "nScale": 0, "nFloat": 0, "nPPtr": 0, "bytes": 404127}
{"t": "AnimationClip", "name": "Monica_motuoche", "bundle": "gameres_auto_assets__art_lastwar_models_new_cars_a_hero_monica_wzsj_animation_vfx_motuo_1_4d885609ce89a7de8e129338505cf2e5", "legacy": false, "compressed": false, "sampleRate": 30.0, "nRot": 0, "nPos": 0, "nScale": 0, "nFloat": 0, "nPPtr": 0, "bytes": 9648}
{"t": "AnimationClip", "name": "Monica_03_idle", "bundle": "gameres_auto_assets__art_lastwar_models_new_cars_a_hero_monica_wzsj_animation_a_hero_monica_03_1_e571cb30b5ee6a9e3ef93aee2172b8a4", "legacy": false, "compressed": false, "sampleRate": 30.0, "nRot": 0, "nPos": 0, "nScale": 0, "nFloat": 0, "nPPtr": 0, "bytes": 303646}
{"t": "AnimationClip", "name": "Monica_03_attack", "bundle": "gameres_auto_assets__art_lastwar_models_new_cars_a_hero_monica_wzsj_animation_a_hero_monica_03_2_fcbca97a116edc31173255617c92001d", "legacy": false, "compressed": false, "sampleRate": 30.0, "nRot": 0, "nPos": 0, "nScale": 0, "nFloat": 0, "nPPtr": 0, "bytes": 264993}
{"t": "AnimationClip", "name": "Monica_03_hit", "bundle": "gameres_auto_assets__art_lastwar_models_new_cars_a_hero_monica_wzsj_animation_a_hero_monica_03_2_fcbca97a116edc31173255617c92001d", "legacy": false, "compressed": false, "sampleRate": 30.0, "nRot": 0, "nPos": 0, "nScale": 0, "nFloat": 0, "nPPtr": 0, "bytes": 233962}
{"t": "AnimationClip", "name": "Monica_03_death", "bundle": "gameres_auto_assets__art_lastwar_models_new_cars_a_hero_monica_wzsj_animation_a_hero_monica_03_3_5adb9f57a650f7298b008edfed46b053", "legacy": false, "compressed": false, "sampleRate": 30.0, "nRot": 0, "nPos": 0, "nScale": 0, "nFloat": 0, "nPPtr": 0, "bytes": 417684}
{"t": "AnimationClip", "name": "Monica_03_run", "bundle": "gameres_auto_assets__art_lastwar_models_new_cars_a_hero_monica_wzsj_animation_a_hero_monica_03_3_5adb9f57a650f7298b008edfed46b053", "legacy": false, "compressed": false, "sampleRate": 30.0, "nRot": 0, "nPos": 0, "nScale": 0, "nFloat": 0, "nPPtr": 0, "bytes": 293422}
{"t": "AnimationClip", "name": "Monica_03_attack_move", "bundle": "gameres_auto_assets__art_lastwar_models_new_cars_a_hero_monica_wzsj_animation_a_hero_monica_03_4_d966deaf2fe198746d4016a858535c3c", "legacy": false, "compressed": false, "sampleRate": 30.0, "nRot": 0, "nPos": 0, "nScale": 0, "nFloat": 0, "nPPtr": 0, "bytes": 313140}
{"t": "AnimationClip", "name": "Monica_06_zhanshi_idle", "bundle": "gameres_auto_assets__art_lastwar_models_new_cars_a_hero_monica_wzsj_animation_a_hero_monica_zhanshi_1_a37dd1c5e7b5763ad22ea0658be73f57", "legacy": false, "compressed": false, "sampleRate": 30.0, "nRot": 0, "nPos": 0, "nScale": 0, "nFloat": 0, "nPPtr": 0, "bytes": 403927}
{"t": "AnimationClip", "name": "Monica_03_zhanshi_idle", "bundle": "gameres_auto_assets__art_lastwar_models_new_cars_a_hero_monica_wzsj_animation_a_hero_monica_zhanshi_2_e41b3b57a154ec7f22519bb3059be4ad", "legacy": false, "compressed": false, "sampleRate": 30.0, "nRot": 0, "nPos": 0, "nScale": 0, "nFloat": 0, "nPPtr": 0, "bytes": 418738}
{"t": "AnimationClip", "name": "Monica_05_zhanshi_idle", "bundle": "gameres_auto_assets__art_lastwar_models_new_cars_a_hero_monica_wzsj_animation_a_hero_monica_zhanshi_5_5731a12803ab0cc46ec7e1c819e6a086", "legacy": false, "compressed": false, "sampleRate": 30.0, "nRot": 0, "nPos": 0, "nScale": 0, "nFloat": 0, "nPPtr": 0, "bytes": 422683}
{"t": "AnimationClip", "name": "Monica_01_zhanshi_idle", "bundle": "gameres_auto_assets__art_lastwar_models_new_cars_a_hero_monica_wzsj_animation_a_hero_monica_zhanshi_7_85104b1dced3eb775ee640abe3a4732a", "legacy": false, "compressed": false, "sampleRate": 30.0, "nRot": 0, "nPos": 0, "nScale": 0, "nFloat": 0, "nPPtr": 0, "bytes": 207822}
{"t": "AnimationClip", "name": "Monica_02_zhanshi_idle", "bundle": "gameres_auto_assets__art_lastwar_models_new_cars_a_hero_monica_wzsj_animation_a_hero_monica_zhanshi_7_85104b1dced3eb775ee640abe3a4732a", "legacy": false, "compressed": false, "sampleRate": 30.0, "nRot": 0, "nPos": 0, "nScale": 0, "nFloat": 0, "nPPtr": 0, "bytes": 208273}
{"t": "AnimationClip", "name": "Sara03_attack_move", "bundle": "gameres_auto_assets__art_lastwar_models_new_cars_a_hero_sara_03_animation_battle_a1ab9aa5c240afa72a1c4889a409b411", "legacy": false, "compressed": false, "sampleRate": 30.0, "nRot": 0, "nPos": 0, "nScale": 0, "nFloat": 0, "nPPtr": 0, "bytes": 24452}
{"t": "AnimationClip", "name": "Sara03_dead", "bundle": "gameres_auto_assets__art_lastwar_models_new_cars_a_hero_sara_03_animation_battle_a1ab9aa5c240afa72a1c4889a409b411", "legacy": false, "compressed": false, "sampleRate": 30.0, "nRot": 0, "nPos": 0, "nScale": 0, "nFloat": 0, "nPPtr": 0, "bytes": 37116}
{"t": "AnimationClip", "name": "Sara03_idle", "bundle": "gameres_auto_assets__art_lastwar_models_new_cars_a_hero_sara_03_animation_battle_a1ab9aa5c240afa72a1c4889a409b411", "legacy": false, "compressed": false, "sampleRate": 30.0, "nRot": 0, "nPos": 0, "nScale": 0, "nFloat": 0, "nPPtr": 0, "bytes": 35759}
{"t": "AnimationClip", "name": "Sara03_attack", "bundle": "gameres_auto_assets__art_lastwar_models_new_cars_a_hero_sara_03_animation_battle_a1ab9aa5c240afa72a1c4889a409b411", "legacy": false, "compressed": false, "sampleRate": 30.0, "nRot": 0, "nPos": 0, "nScale": 0, "nFloat": 0, "nPPtr": 0, "bytes": 23838}
{"t": "AnimationClip", "name": "Sara03_attack_skll", "bundle": "gameres_auto_assets__art_lastwar_models_new_cars_a_hero_sara_03_animation_battle_a1ab9aa5c240afa72a1c4889a409b411", "legacy": false, "compressed": false, "sampleRate": 30.0, "nRot": 0, "nPos": 0, "nScale": 0, "nFloat": 0, "nPPtr": 0, "bytes": 31636}
{"t": "AnimationClip", "name": "Sara03_walk", "bundle": "gameres_auto_assets__art_lastwar_models_new_cars_a_hero_sara_03_animation_battle_a1ab9aa5c240afa72a1c4889a409b411", "legacy": false, "compressed": false, "sampleRate": 30.0, "nRot": 0, "nPos": 0, "nScale": 0, "nFloat": 0, "nPPtr": 0, "bytes": 25583}
{"t": "AnimationClip", "name": "wurenjishengji_10_50_jiemian", "bundle": "gameres_auto_assets__art_lastwar_models_new_cars_wurenji_a_hero_wurenji_10_50_a_hero_wurenji_10_animation_b5a708d1f76da7de65f5d8aafc41f6b8", "legacy": false, "compressed": false, "sampleRate": 30.0, "nRot": 0, "nPos": 0, "nScale": 0, "nFloat": 0, "nPPtr": 0, "bytes": 19843}
{"t": "AnimationClip", "name": "wurenjishengji_10_50_idle", "bundle": "gameres_auto_assets__art_lastwar_models_new_cars_wurenji_a_hero_wurenji_10_50_a_hero_wurenji_10_animation_b5a708d1f76da7de65f5d8aafc41f6b8", "legacy": false, "compressed": false, "sampleRate": 30.0, "nRot": 0, "nPos": 0, "nScale": 0, "nFloat": 0, "nPPtr": 0, "bytes": 19823}
{"t": "AnimationClip", "name": "wurenjishengji_timeline_10up2", "bundle": "gameres_auto_assets__art_lastwar_models_new_cars_wurenji_a_hero_wurenji_10_50_a_hero_wurenji_10_animation_b5a708d1f76da7de65f5d8aafc41f6b8", "legacy": false, "compressed": false, "sampleRate": 30.0, "nRot": 0, "nPos": 0, "nScale": 0, "nFloat": 0, "nPPtr": 0, "bytes": 29844}
{"t": "AnimationClip", "name": "wurenjishengji_10_50_xiu_anim", "bundle": "gameres_auto_assets__art_lastwar_models_new_cars_wurenji_a_hero_wurenji_10_50_a_hero_wurenji_10_animation_b5a708d1f76da7de65f5d8aafc41f6b8", "legacy": false, "compressed": false, "sampleRate": 30.0, "nRot": 0, "nPos": 0, "nScale": 0, "nFloat": 0, "nPPtr": 0, "bytes": 37382}
{"t": "AnimationClip", "name": "bubing11_AK_run", "bundle": "gameres_auto_assets__art_lastwar_models_new_character_soldier_guanka_wuqi_bubing11_bubing11_ak_animation_7_c83408c99f1e21e3ea318aef59cc6230", "legacy": false, "compressed": false, "sampleRate": 30.0, "nRot": 0, "nPos": 0, "nScale": 0, "nFloat": 0, "nPPtr": 0, "bytes": 83941}
{"t": "AnimationClip", "name": "Monica_03_skill", "bundle": "gameres_auto_assets__art_lastwar_models_new_cars_a_hero_monica_wzsj_animation_a_hero_monica_03_7_80a9a163a1652a47d8c95dd190b74a5b", "legacy": false, "compressed": false, "sampleRate": 30.0, "nRot": 0, "nPos": 0, "nScale": 0, "nFloat": 0, "nPPtr": 0, "bytes": 665771}
{"t": "AnimationClip", "name": "Monica_04_06_skill", "bundle": "gameres_auto_assets__art_lastwar_models_new_cars_a_hero_monica_wzsj_animation_a_hero_monica_04_06_3_59a3f070dcff2af2560efe1f09b98ea9", "legacy": false, "compressed": false, "sampleRate": 30.0, "nRot": 0, "nPos": 0, "nScale": 0, "nFloat": 0, "nPPtr": 0, "bytes": 667551}
{"t": "AnimationClip", "name": "Monica_04_06_attack", "bundle": "gameres_auto_assets__art_lastwar_models_new_cars_a_hero_monica_wzsj_animation_a_hero_monica_04_06_6_8eae157dc567d709177b4b9d0f1d22c9", "legacy": false, "compressed": false, "sampleRate": 30.0, "nRot": 0, "nPos": 0, "nScale": 0, "nFloat": 0, "nPPtr": 0, "bytes": 288307}
{"t": "AnimationClip", "name": "Monica_04_06_idle", "bundle": "gameres_auto_assets__art_lastwar_models_new_cars_a_hero_monica_wzsj_animation_a_hero_monica_04_06_6_8eae157dc567d709177b4b9d0f1d22c9", "legacy": false, "compressed": false, "sampleRate": 30.0, "nRot": 0, "nPos": 0, "nScale": 0, "nFloat": 0, "nPPtr": 0, "bytes": 348832}
{"t": "AnimationClip", "name": "Monica_run", "bundle": "gameres_auto_assets__art_lastwar_models_new_cars_a_hero_monica_wzsj_animation_a_hero_monica_04_06_6_8eae157dc567d709177b4b9d0f1d22c9", "legacy": false, "compressed": false, "sampleRate": 30.0, "nRot": 0, "nPos": 0, "nScale": 0, "nFloat": 0, "nPPtr": 0, "bytes": 298841}
{"t": "AnimationClip", "name": "Monica_04_06_hit", "bundle": "gameres_auto_assets__art_lastwar_models_new_cars_a_hero_monica_wzsj_animation_a_hero_monica_04_06_8_56b40c3468b874142996680ec3286d69", "legacy": false, "compressed": false, "sampleRate": 30.0, "nRot": 0, "nPos": 0, "nScale": 0, "nFloat": 0, "nPPtr": 0, "bytes": 238751}
{"t": "AnimationClip", "name": "Monica_04_06_death", "bundle": "gameres_auto_assets__art_lastwar_models_new_cars_a_hero_monica_wzsj_animation_a_hero_monica_04_06_8_56b40c3468b874142996680ec3286d69", "legacy": false, "compressed": false, "sampleRate": 30.0, "nRot": 0, "nPos": 0, "nScale": 0, "nFloat": 0, "nPPtr": 0, "bytes": 402595}
{"t": "AnimationClip", "name": "Monica_04_06_attack_move", "bundle": "gameres_auto_assets__art_lastwar_models_new_cars_a_hero_monica_wzsj_animation_a_hero_monica_04_06_8_56b40c3468b874142996680ec3286d69", "legacy": false, "compressed": false, "sampleRate": 30.0, "nRot": 0, "nPos": 0, "nScale": 0, "nFloat": 0, "nPPtr": 0, "bytes": 321738}
{"t": "AnimationClip", "name": "bubing11_HG_idle_01", "bundle": "gameres_auto_assets__art_lastwar_models_new_character_soldier_guanka_wuqi_bubing11_bubing11_hg_animation_3_f6e73ad56d61dce035afde3440b05c2c", "legacy": false, "compressed": false, "sampleRate": 30.0, "nRot": 0, "nPos": 0, "nScale": 0, "nFloat": 0, "nPPtr": 0, "bytes": 64809}
{"t": "AnimatorController", "name": "A_Hero_bubing11_HG_skin", "bundle": "gameres_auto_assets__art_lastwar_models_new_character_soldier_guanka_wuqi_bubing11_bubing11_hg_animation_5_6598d6a568ffb6bd6efe16efb82d7a23", "legacy": null, "compressed": false, "sampleRate": null, "nRot": 0, "nPos": 0, "nScale": 0, "nFloat": 0, "nPPtr": 0, "bytes": 2536}
{"t": "AnimationClip", "name": "yinmijidongduihuoche_02_show01", "bundle": "gameres_auto_assets__art_lastwar_models_new_character_object_a_vehicle_jidongduikache_02_animation_f8a0aec83a5edf5bc09b04fcba405c36", "legacy": false, "compressed": false, "sampleRate": 30.0, "nRot": 0, "nPos": 0, "nScale": 0, "nFloat": 0, "nPPtr": 0, "bytes": 62289}
{"t": "AnimationClip", "name": "yinmijidongduihuoche_02_idle", "bundle": "gameres_auto_assets__art_lastwar_models_new_character_object_a_vehicle_jidongduikache_02_animation_f8a0aec83a5edf5bc09b04fcba405c36", "legacy": false, "compressed": false, "sampleRate": 30.0, "nRot": 0, "nPos": 0, "nScale": 0, "nFloat": 0, "nPPtr": 0, "bytes": 46080}
{"t": "AnimationClip", "name": "yinmijidongduihuoche_02_show03_l", "bundle": "gameres_auto_assets__art_lastwar_models_new_character_object_a_vehicle_jidongduikache_02_animation_f8a0aec83a5edf5bc09b04fcba405c36", "legacy": false, "compressed": false, "sampleRate": 30.0, "nRot": 0, "nPos": 0, "nScale": 0, "nFloat": 0, "nPPtr": 0, "bytes": 51757}
{"t": "AnimationClip", "name": "yinmijidongduihuoche_02_f_run", "bundle": "gameres_auto_assets__art_lastwar_models_new_character_object_a_vehicle_jidongduikache_02_animation_f8a0aec83a5edf5bc09b04fcba405c36", "legacy": false, "compressed": false, "sampleRate": 30.0, "nRot": 0, "nPos": 0, "nScale": 0, "nFloat": 0, "nPPtr": 0, "bytes": 70672}
{"t": "AnimationClip", "name": "yinmijidongduihuoche_02_l_run", "bundle": "gameres_auto_assets__art_lastwar_models_new_character_object_a_vehicle_jidongduikache_02_animation_f8a0aec83a5edf5bc09b04fcba405c36", "legacy": false, "compressed": false, "sampleRate": 30.0, "nRot": 0, "nPos": 0, "nScale": 0, "nFloat": 0, "nPPtr": 0, "bytes": 74147}
{"t": "AnimationClip", "name": "yinmijidongduihuoche_02_show03_r", "bundle": "gameres_auto_assets__art_lastwar_models_new_character_object_a_vehicle_jidongduikache_02_animation_f8a0aec83a5edf5bc09b04fcba405c36", "legacy": false, "compressed": false, "sampleRate": 30.0, "nRot": 0, "nPos": 0, "nScale": 0, "nFloat": 0, "nPPtr": 0, "bytes": 51498}
{"t": "AnimationClip", "name": "yinmijidongduihuoche_02_l_hit", "bundle": "gameres_auto_assets__art_lastwar_models_new_character_object_a_vehicle_jidongduikache_02_animation_f8a0aec83a5edf5bc09b04fcba405c36", "legacy": false, "compressed": false, "sampleRate": 30.0, "nRot": 0, "nPos": 0, "nScale": 0, "nFloat": 0, "nPPtr": 0, "bytes": 46270}
{"t": "AnimationClip", "name": "yinmijidongduihuoche_02_r_run", "bundle": "gameres_auto_assets__art_lastwar_models_new_character_object_a_vehicle_jidongduikache_02_animation_f8a0aec83a5edf5bc09b04fcba405c36", "legacy": false, "compressed": false, "sampleRate": 30.0, "nRot": 0, "nPos": 0, "nScale": 0, "nFloat": 0, "nPPtr": 0, "bytes": 73076}
{"t": "AnimationClip", "name": "yinmijidongduihuoche_02_r_hit", "bundle": "gameres_auto_assets__art_lastwar_models_new_character_object_a_vehicle_jidongduikache_02_animation_f8a0aec83a5edf5bc09b04fcba405c36", "legacy": false, "compressed": false, "sampleRate": 30.0, "nRot": 0, "nPos": 0, "nScale": 0, "nFloat": 0, "nPPtr": 0, "bytes": 46329}
{"t": "AnimationClip", "name": "yinmijidongduihuoche_02_show02", "bundle": "gameres_auto_assets__art_lastwar_models_new_character_object_a_vehicle_jidongduikache_02_animation_f8a0aec83a5edf5bc09b04fcba405c36", "legacy": false, "compressed": false, "sampleRate": 30.0, "nRot": 0, "nPos": 0, "nScale": 0, "nFloat": 0, "nPPtr": 0, "bytes": 41275}
{"t": "AnimationClip", "name": "bubing11_DDC_attack", "bundle": "gameres_auto_assets__art_lastwar_models_new_character_soldier_guanka_wuqi_bubing11_new_bubing11_ddc_animation_0_145cddad2b81daf0336e6ee1be6ac778", "legacy": false, "compressed": false, "sampleRate": 30.0, "nRot": 0, "nPos": 0, "nScale": 0, "nFloat": 0, "nPPtr": 0, "bytes": 108585}
{"t": "AnimationClip", "name": "bubing11_JTL_idle", "bundle": "gameres_auto_assets__art_lastwar_models_new_character_soldier_guanka_wuqi_bubing11_bubing11_jtl_animation_3_fe05d2bba8e9322ac79941f3d0ec3633", "legacy": false, "compressed": false, "sampleRate": 30.0, "nRot": 0, "nPos": 0, "nScale": 0, "nFloat": 0, "nPPtr": 0, "bytes": 60053}
{"t": "AnimationClip", "name": "bubing11_AK_death", "bundle": "gameres_auto_assets__art_lastwar_models_new_character_soldier_guanka_wuqi_bubing11_new_bubing11_ak_animation_1_22b321ff7f2568014fd2c98d1f31bc19", "legacy": false, "compressed": false, "sampleRate": 30.0, "nRot": 0, "nPos": 0, "nScale": 0, "nFloat": 0, "nPPtr": 0, "bytes": 175046}
{"t": "AnimationClip", "name": "bubing11_AK_run_leftward_45", "bundle": "gameres_auto_assets__art_lastwar_models_new_character_soldier_guanka_wuqi_bubing11_new_bubing11_ak_animation_1_22b321ff7f2568014fd2c98d1f31bc19", "legacy": false, "compressed": false, "sampleRate": 30.0, "nRot": 0, "nPos": 0, "nScale": 0, "nFloat": 0, "nPPtr": 0, "bytes": 89351}
{"t": "AnimationClip", "name": "bubing11_AK_run_rightward_45", "bundle": "gameres_auto_assets__art_lastwar_models_new_character_soldier_guanka_wuqi_bubing11_new_bubing11_ak_animation_1_22b321ff7f2568014fd2c98d1f31bc19", "legacy": false, "compressed": false, "sampleRate": 30.0, "nRot": 0, "nPos": 0, "nScale": 0, "nFloat": 0, "nPPtr": 0, "bytes": 90996}
{"t": "AnimationClip", "name": "bubing11_AK_run", "bundle": "gameres_auto_assets__art_lastwar_models_new_character_soldier_guanka_wuqi_bubing11_new_bubing11_ak_animation_2_4a5ceb21df10264e71393c1b2d406c7f", "legacy": false, "compressed": false, "sampleRate": 30.0, "nRot": 0, "nPos": 0, "nScale": 0, "nFloat": 0, "nPPtr": 0, "bytes": 88045}
{"t": "AnimationClip", "name": "bubing11_AK_attack", "bundle": "gameres_auto_assets__art_lastwar_models_new_character_soldier_guanka_wuqi_bubing11_new_bubing11_ak_animation_7_539a02f71681c3a4f985cc7d6ef33b7d", "legacy": false, "compressed": false, "sampleRate": 30.0, "nRot": 0, "nPos": 0, "nScale": 0, "nFloat": 0, "nPPtr": 0, "bytes": 95026}
{"t": "AnimationClip", "name": "bubing11_AK_idle", "bundle": "gameres_auto_assets__art_lastwar_models_new_character_soldier_guanka_wuqi_bubing11_new_bubing11_ak_animation_8_f2b7f0b082a0d560045c69967603692d", "legacy": false, "compressed": false, "sampleRate": 30.0, "nRot": 0, "nPos": 0, "nScale": 0, "nFloat": 0, "nPPtr": 0, "bytes": 60360}
{"t": "AnimationClip", "name": "bubing11_AK_idle_01", "bundle": "gameres_auto_assets__art_lastwar_models_new_character_soldier_guanka_wuqi_bubing11_new_bubing11_ak_animation_8_f2b7f0b082a0d560045c69967603692d", "legacy": false, "compressed": false, "sampleRate": 30.0, "nRot": 0, "nPos": 0, "nScale": 0, "nFloat": 0, "nPPtr": 0, "bytes": 61572}
{"t": "AnimationClip", "name": "bubing11_AK_attack_move", "bundle": "gameres_auto_assets__art_lastwar_models_new_character_soldier_guanka_wuqi_bubing11_new_bubing11_ak_animation_9_6b04536d156bde998510910f8eb927fd", "legacy": false, "compressed": false, "sampleRate": 30.0, "nRot": 0, "nPos": 0, "nScale": 0, "nFloat": 0, "nPPtr": 0, "bytes": 131618}
{"t": "AnimationClip", "name": "bubing11_DDC_idle_01", "bundle": "gameres_auto_assets__art_lastwar_models_new_character_soldier_guanka_wuqi_bubing11_new_bubing11_ddc_animation_5_b45fb474bf54bd2a372d4c8c2d49c597", "legacy": false, "compressed": false, "sampleRate": 30.0, "nRot": 0, "nPos": 0, "nScale": 0, "nFloat": 0, "nPPtr": 0, "bytes": 134844}
{"t": "AnimationClip", "name": "bubing11_DDC_run_leftward_45", "bundle": "gameres_auto_assets__art_lastwar_models_new_character_soldier_guanka_wuqi_bubing11_new_bubing11_ddc_animation_8_2b9fae6104396e7ab54a95d3fafc839e", "legacy": false, "compressed": false, "sampleRate": 30.0, "nRot": 0, "nPos": 0, "nScale": 0, "nFloat": 0, "nPPtr": 0, "bytes": 91346}
{"t": "AnimationClip", "name": "bubing11_DDC_death", "bundle": "gameres_auto_assets__art_lastwar_models_new_character_soldier_guanka_wuqi_bubing11_new_bubing11_ddc_animation_9_770daa67f7180a58cd1bd55ab95e1bfd", "legacy": false, "compressed": false, "sampleRate": 30.0, "nRot": 0, "nPos": 0, "nScale": 0, "nFloat": 0, "nPPtr": 0, "bytes": 129543}
{"t": "AnimationClip", "name": "bubing11_DDC_idle", "bundle": "gameres_auto_assets__art_lastwar_models_new_character_soldier_guanka_wuqi_bubing11_new_bubing11_ddc_animation_1_7add76ad5abfcb0bbb2c8ea504fdf601", "legacy": false, "compressed": false, "sampleRate": 30.0, "nRot": 0, "nPos": 0, "nScale": 0, "nFloat": 0, "nPPtr": 0, "bytes": 132709}
{"t": "AnimationClip", "name": "bubing11_DDC_run", "bundle": "gameres_auto_assets__art_lastwar_models_new_character_soldier_guanka_wuqi_bubing11_new_bubing11_ddc_animation_2_abe9d1147de27202587bdf55b3f5af24", "legacy": false, "compressed": false, "sampleRate": 30.0, "nRot": 0, "nPos": 0, "nScale": 0, "nFloat": 0, "nPPtr": 0, "bytes": 91334}
{"t": "AnimationClip", "name": "bubing11_DDC_run_rightward_45", "bundle": "gameres_auto_assets__art_lastwar_models_new_character_soldier_guanka_wuqi_bubing11_new_bubing11_ddc_animation_3_f9cb94ce3d7f4202de005fb03f67bd0c", "legacy": false, "compressed": false, "sampleRate": 30.0, "nRot": 0, "nPos": 0, "nScale": 0, "nFloat": 0, "nPPtr": 0, "bytes": 91347}
{"t": "AnimationClip", "name": "bubing11_DDC_attack_move", "bundle": "gameres_auto_assets__art_lastwar_models_new_character_soldier_guanka_wuqi_bubing11_new_bubing11_ddc_animation_4_aa27ae131c0ba478d09e5040d355a10d", "legacy": false, "compressed": false, "sampleRate": 30.0, "nRot": 0, "nPos": 0, "nScale": 0, "nFloat": 0, "nPPtr": 0, "bytes": 144955}
{"t": "AnimationClip", "name": "bubing11_HG_run_rightward_45", "bundle": "gameres_auto_assets__art_lastwar_models_new_character_soldier_guanka_wuqi_bubing11_new_bubing11_hg_animation_0_a9dee16e424f3eb5de1037bd68396394", "legacy": false, "compressed": false, "sampleRate": 30.0, "nRot": 0, "nPos": 0, "nScale": 0, "nFloat": 0, "nPPtr": 0, "bytes": 91770}
{"t": "AnimationClip", "name": "bubing11_HG_attack", "bundle": "gameres_auto_assets__art_lastwar_models_new_character_soldier_guanka_wuqi_bubing11_new_bubing11_hg_animation_3_d3b61dd9d703ed840cb687c70f4c4b8f", "legacy": false, "compressed": false, "sampleRate": 30.0, "nRot": 0, "nPos": 0, "nScale": 0, "nFloat": 0, "nPPtr": 0, "bytes": 79353}
{"t": "AnimationClip", "name": "bubing05_cuiboli", "bundle": "gameres_auto_assets__art_lastwar_models_new_character_soldier_bubing05_animation_2_121d459fa1eadef15b381f51cabac696", "legacy": false, "compressed": false, "sampleRate": 30.0, "nRot": 0, "nPos": 0, "nScale": 0, "nFloat": 0, "nPPtr": 0, "bytes": 243795}
{"t": "AnimationClip", "name": "bubing05_zhenzha", "bundle": "gameres_auto_assets__art_lastwar_models_new_character_soldier_bubing05_animation_4_8477a506b2d14b6a69cc4c285daefd63", "legacy": false, "compressed": false, "sampleRate": 30.0, "nRot": 0, "nPos": 0, "nScale": 0, "nFloat": 0, "nPPtr": 0, "bytes": 169680}
{"t": "AnimationClip", "name": "bubing05_hujiu", "bundle": "gameres_auto_assets__art_lastwar_models_new_character_soldier_bubing05_animation_7_04be1379f2f6050259f3d07a3a50ed4f", "legacy": false, "compressed": false, "sampleRate": 30.0, "nRot": 0, "nPos": 0, "nScale": 0, "nFloat": 0, "nPPtr": 0, "bytes": 260674}
{"t": "AnimationClip", "name": "bubing05_born", "bundle": "gameres_auto_assets__art_lastwar_models_new_character_soldier_bubing05_animation_9_f17b6c32b696360972fd883a7e405b89", "legacy": false, "compressed": false, "sampleRate": 30.0, "nRot": 0, "nPos": 0, "nScale": 0, "nFloat": 0, "nPPtr": 0, "bytes": 107298}
{"t": "AnimationClip", "name": "bubing11_HJT_idle", "bundle": "gameres_auto_assets__art_lastwar_models_new_character_soldier_guanka_wuqi_bubing11_new_bubing11_hjt_animation_0_c46f2cbac40dab851b1b7508f31220a5", "legacy": false, "compressed": false, "sampleRate": 30.0, "nRot": 0, "nPos": 0, "nScale": 0, "nFloat": 0, "nPPtr": 0, "bytes": 59762}
{"t": "AnimationClip", "name": "bubing11_HJT_run__rightward_45", "bundle": "gameres_auto_assets__art_lastwar_models_new_character_soldier_guanka_wuqi_bubing11_new_bubing11_hjt_animation_0_c46f2cbac40dab851b1b7508f31220a5", "legacy": false, "compressed": false, "sampleRate": 30.0, "nRot": 0, "nPos": 0, "nScale": 0, "nFloat": 0, "nPPtr": 0, "bytes": 89670}
{"t": "AnimationClip", "name": "bubing11_HG_idle_01", "bundle": "gameres_auto_assets__art_lastwar_models_new_character_soldier_guanka_wuqi_bubing11_new_bubing11_hg_animation_5_edc823364c92a52de40ecfb160c62d2c", "legacy": false, "compressed": false, "sampleRate": 30.0, "nRot": 0, "nPos": 0, "nScale": 0, "nFloat": 0, "nPPtr": 0, "bytes": 73933}
{"t": "AnimationClip", "name": "bubing11_HG_attack_move", "bundle": "gameres_auto_assets__art_lastwar_models_new_character_soldier_guanka_wuqi_bubing11_new_bubing11_hg_animation_6_9ac6d65704d4d70c91c5d5d12b444b35", "legacy": false, "compressed": false, "sampleRate": 30.0, "nRot": 0, "nPos": 0, "nScale": 0, "nFloat": 0, "nPPtr": 0, "bytes": 129901}
{"t": "AnimationClip", "name": "bubing11_HG_run", "bundle": "gameres_auto_assets__art_lastwar_models_new_character_soldier_guanka_wuqi_bubing11_new_bubing11_hg_animation_7_103b1088c30a3f4fb92bec5c063a5bee", "legacy": false, "compressed": false, "sampleRate": 30.0, "nRot": 0, "nPos": 0, "nScale": 0, "nFloat": 0, "nPPtr": 0, "bytes": 94400}
{"t": "AnimationClip", "name": "bubing11_HG_idle", "bundle": "gameres_auto_assets__art_lastwar_models_new_character_soldier_guanka_wuqi_bubing11_new_bubing11_hg_animation_7_103b1088c30a3f4fb92bec5c063a5bee", "legacy": false, "compressed": false, "sampleRate": 30.0, "nRot": 0, "nPos": 0, "nScale": 0, "nFloat": 0, "nPPtr": 0, "bytes": 66262}
{"t": "AnimationClip", "name": "bubing11_HG_run_leftward_45", "bundle": "gameres_auto_assets__art_lastwar_models_new_character_soldier_guanka_wuqi_bubing11_new_bubing11_hg_animation_9_17c0db7bce770402b247efdb451f201f", "legacy": false, "compressed": false, "sampleRate": 30.0, "nRot": 0, "nPos": 0, "nScale": 0, "nFloat": 0, "nPPtr": 0, "bytes": 91572}
{"t": "AnimationClip", "name": "bubing11_HG_death", "bundle": "gameres_auto_assets__art_lastwar_models_new_character_soldier_guanka_wuqi_bubing11_new_bubing11_hg_animation_9_17c0db7bce770402b247efdb451f201f", "legacy": false, "compressed": false, "sampleRate": 30.0, "nRot": 0, "nPos": 0, "nScale": 0, "nFloat": 0, "nPPtr": 0, "bytes": 164397}
{"t": "AnimationClip", "name": "bubing11_HJT_run", "bundle": "gameres_auto_assets__art_lastwar_models_new_character_soldier_guanka_wuqi_bubing11_new_bubing11_hjt_animation_8_7a77502cf1a32be6265344d32a73d99d", "legacy": false, "compressed": false, "sampleRate": 30.0, "nRot": 0, "nPos": 0, "nScale": 0, "nFloat": 0, "nPPtr": 0, "bytes": 92142}
{"t": "AnimationClip", "name": "bubing11_HJT_attack", "bundle": "gameres_auto_assets__art_lastwar_models_new_character_soldier_guanka_wuqi_bubing11_new_bubing11_hjt_animation_3_465ed0247f3ff35c6b1182701e5b94ae", "legacy": false, "compressed": false, "sampleRate": 30.0, "nRot": 0, "nPos": 0, "nScale": 0, "nFloat": 0, "nPPtr": 0, "bytes": 98934}
{"t": "AnimationClip", "name": "bubing11_HJT_death", "bundle": "gameres_auto_assets__art_lastwar_models_new_character_soldier_guanka_wuqi_bubing11_new_bubing11_hjt_animation_4_dbfb61434f476560024f7af262fbba95", "legacy": false, "compressed": false, "sampleRate": 30.0, "nRot": 0, "nPos": 0, "nScale": 0, "nFloat": 0, "nPPtr": 0, "bytes": 174796}
{"t": "AnimationClip", "name": "bubing11_HJT_idle_01", "bundle": "gameres_auto_assets__art_lastwar_models_new_character_soldier_guanka_wuqi_bubing11_new_bubing11_hjt_animation_4_dbfb61434f476560024f7af262fbba95", "legacy": false, "compressed": false, "sampleRate": 30.0, "nRot": 0, "nPos": 0, "nScale": 0, "nFloat": 0, "nPPtr": 0, "bytes": 65860}
{"t": "AnimationClip", "name": "bubing11_HJT_run__leftward_45", "bundle": "gameres_auto_assets__art_lastwar_models_new_character_soldier_guanka_wuqi_bubing11_new_bubing11_hjt_animation_6_2dce47d25d16f29e3c1cd1ea634fd2c6", "legacy": false, "compressed": false, "sampleRate": 30.0, "nRot": 0, "nPos": 0, "nScale": 0, "nFloat": 0, "nPPtr": 0, "bytes": 88584}
{"t": "AnimationClip", "name": "bubing11_HJT_attack_move", "bundle": "gameres_auto_assets__art_lastwar_models_new_character_soldier_guanka_wuqi_bubing11_new_bubing11_hjt_animation_7_6ca7c8588abcd6fe984fdd986fa7d5a0", "legacy": false, "compressed": false, "sampleRate": 30.0, "nRot": 0, "nPos": 0, "nScale": 0, "nFloat": 0, "nPPtr": 0, "bytes": 138063}
{"t": "AnimationClip", "name": "bubing11_HP_attack_move", "bundle": "gameres_auto_assets__art_lastwar_models_new_character_soldier_guanka_wuqi_bubing11_new_bubing11_hp_animation_7_c0ab52aa3f34eb546cba041025740c7f", "legacy": false, "compressed": false, "sampleRate": 30.0, "nRot": 0, "nPos": 0, "nScale": 0, "nFloat": 0, "nPPtr": 0, "bytes": 152449}
{"t": "AnimationClip", "name": "bubing11_HP_run_leftward_45", "bundle": "gameres_auto_assets__art_lastwar_models_new_character_soldier_guanka_wuqi_bubing11_new_bubing11_hp_animation_8_6affe6bfbd56ef7a7ef0be13fd8d87bd", "legacy": false, "compressed": false, "sampleRate": 30.0, "nRot": 0, "nPos": 0, "nScale": 0, "nFloat": 0, "nPPtr": 0, "bytes": 103724}
{"t": "AnimationClip", "name": "bubing11_HP_death", "bundle": "gameres_auto_assets__art_lastwar_models_new_character_soldier_guanka_wuqi_bubing11_new_bubing11_hp_animation_8_6affe6bfbd56ef7a7ef0be13fd8d87bd", "legacy": false, "compressed": false, "sampleRate": 30.0, "nRot": 0, "nPos": 0, "nScale": 0, "nFloat": 0, "nPPtr": 0, "bytes": 159423}
{"t": "AnimationClip", "name": "bubing11_HP_idle", "bundle": "gameres_auto_assets__art_lastwar_models_new_character_soldier_guanka_wuqi_bubing11_new_bubing11_hp_animation_8_6affe6bfbd56ef7a7ef0be13fd8d87bd", "legacy": false, "compressed": false, "sampleRate": 30.0, "nRot": 0, "nPos": 0, "nScale": 0, "nFloat": 0, "nPPtr": 0, "bytes": 74755}
{"t": "AnimationClip", "name": "bubing11_JJQ_death", "bundle": "gameres_auto_assets__art_lastwar_models_new_character_soldier_guanka_wuqi_bubing11_new_bubing11_jjq_animation_2_275568f7386db77e091524f7a20eb936", "legacy": false, "compressed": false, "sampleRate": 30.0, "nRot": 0, "nPos": 0, "nScale": 0, "nFloat": 0, "nPPtr": 0, "bytes": 180623}
{"t": "AnimationClip", "name": "bubing11_JJQ_idle", "bundle": "gameres_auto_assets__art_lastwar_models_new_character_soldier_guanka_wuqi_bubing11_new_bubing11_jjq_animation_3_836fa4ba1f53318fe141acd3e922d5fb", "legacy": false, "compressed": false, "sampleRate": 30.0, "nRot": 0, "nPos": 0, "nScale": 0, "nFloat": 0, "nPPtr": 0, "bytes": 58320}
{"t": "AnimationClip", "name": "bubing11_JJQ_run_rightward_45", "bundle": "gameres_auto_assets__art_lastwar_models_new_character_soldier_guanka_wuqi_bubing11_new_bubing11_jjq_animation_4_5825651854ee059a70777bb78f67433a", "legacy": false, "compressed": false, "sampleRate": 30.0, "nRot": 0, "nPos": 0, "nScale": 0, "nFloat": 0, "nPPtr": 0, "bytes": 101784}
{"t": "AnimationClip", "name": "bubing11_JJQ_attack", "bundle": "gameres_auto_assets__art_lastwar_models_new_character_soldier_guanka_wuqi_bubing11_new_bubing11_jjq_animation_4_5825651854ee059a70777bb78f67433a", "legacy": false, "compressed": false, "sampleRate": 30.0, "nRot": 0, "nPos": 0, "nScale": 0, "nFloat": 0, "nPPtr": 0, "bytes": 100255}
{"t": "AnimationClip", "name": "bubing11_JJQ_attack_move", "bundle": "gameres_auto_assets__art_lastwar_models_new_character_soldier_guanka_wuqi_bubing11_new_bubing11_jjq_animation_5_5e75a1911ed91eb86e65904666f2a9f6", "legacy": false, "compressed": false, "sampleRate": 30.0, "nRot": 0, "nPos": 0, "nScale": 0, "nFloat": 0, "nPPtr": 0, "bytes": 169535}
{"t": "AnimationClip", "name": "bubing11_JJQ_idle_01", "bundle": "gameres_auto_assets__art_lastwar_models_new_character_soldier_guanka_wuqi_bubing11_new_bubing11_jjq_animation_5_5e75a1911ed91eb86e65904666f2a9f6", "legacy": false, "compressed": false, "sampleRate": 30.0, "nRot": 0, "nPos": 0, "nScale": 0, "nFloat": 0, "nPPtr": 0, "bytes": 61742}
{"t": "AnimationClip", "name": "bubing11_JJQ_run", "bundle": "gameres_auto_assets__art_lastwar_models_new_character_soldier_guanka_wuqi_bubing11_new_bubing11_jjq_animation_6_0f84efcbad24de9666596ee1f777b48e", "legacy": false, "compressed": false, "sampleRate": 30.0, "nRot": 0, "nPos": 0, "nScale": 0, "nFloat": 0, "nPPtr": 0, "bytes": 92315}
{"t": "AnimationClip", "name": "bubing11_JJQ_run_leftward_45", "bundle": "gameres_auto_assets__art_lastwar_models_new_character_soldier_guanka_wuqi_bubing11_new_bubing11_jjq_animation_7_0d528b1151557713820c5d19b78eddbf", "legacy": false, "compressed": false, "sampleRate": 30.0, "nRot": 0, "nPos": 0, "nScale": 0, "nFloat": 0, "nPPtr": 0, "bytes": 103780}
{"t": "AnimationClip", "name": "bubing11_JTL_attack_move", "bundle": "gameres_auto_assets__art_lastwar_models_new_character_soldier_guanka_wuqi_bubing11_new_bubing11_jtl_animation_0_64b2b7e160c4344322b9c8108d56c35e", "legacy": false, "compressed": false, "sampleRate": 30.0, "nRot": 0, "nPos": 0, "nScale": 0, "nFloat": 0, "nPPtr": 0, "bytes": 134589}
{"t": "AnimationClip", "name": "bubing11_JLT_run", "bundle": "gameres_auto_assets__art_lastwar_models_new_character_soldier_guanka_wuqi_bubing11_new_bubing11_jtl_animation_1_b8a91689611d8b369f81bf0ebc8eba1a", "legacy": false, "compressed": false, "sampleRate": 30.0, "nRot": 0, "nPos": 0, "nScale": 0, "nFloat": 0, "nPPtr": 0, "bytes": 93969}
{"t": "AnimationClip", "name": "bubing11_SQ_death", "bundle": "gameres_auto_assets__art_lastwar_models_new_character_soldier_guanka_wuqi_bubing11_new_bubing11_sq_animation_0_b969be6dda1265f95fdd68d3bd45b04a", "legacy": false, "compressed": false, "sampleRate": 30.0, "nRot": 0, "nPos": 0, "nScale": 0, "nFloat": 0, "nPPtr": 0, "bytes": 169973}
{"t": "AnimationClip", "name": "bubing11_HP_idle_01", "bundle": "gameres_auto_assets__art_lastwar_models_new_character_soldier_guanka_wuqi_bubing11_new_bubing11_hp_animation_0_a4dc3acf86bf00e3a98a8c5644ed4e40", "legacy": false, "compressed": false, "sampleRate": 30.0, "nRot": 0, "nPos": 0, "nScale": 0, "nFloat": 0, "nPPtr": 0, "bytes": 74896}
{"t": "AnimationClip", "name": "bubing11_HP_run", "bundle": "gameres_auto_assets__art_lastwar_models_new_character_soldier_guanka_wuqi_bubing11_new_bubing11_hp_animation_1_91e2b0dcd93593e422a1952ae64c8a6e", "legacy": false, "compressed": false, "sampleRate": 30.0, "nRot": 0, "nPos": 0, "nScale": 0, "nFloat": 0, "nPPtr": 0, "bytes": 103491}
{"t": "AnimationClip", "name": "bubing11_HP_run_rightward_45", "bundle": "gameres_auto_assets__art_lastwar_models_new_character_soldier_guanka_wuqi_bubing11_new_bubing11_hp_animation_5_0229a984cef937d4a6580ca366f2eb82", "legacy": false, "compressed": false, "sampleRate": 30.0, "nRot": 0, "nPos": 0, "nScale": 0, "nFloat": 0, "nPPtr": 0, "bytes": 103545}
{"t": "AnimationClip", "name": "bubing11_HP_attack", "bundle": "gameres_auto_assets__art_lastwar_models_new_character_soldier_guanka_wuqi_bubing11_new_bubing11_hp_animation_6_d390d248aef5996d2727da3e0f6b2edc", "legacy": false, "compressed": false, "sampleRate": 30.0, "nRot": 0, "nPos": 0, "nScale": 0, "nFloat": 0, "nPPtr": 0, "bytes": 116874}
{"t": "AnimationClip", "name": "bubing11_SQ_run", "bundle": "gameres_auto_assets__art_lastwar_models_new_character_soldier_guanka_wuqi_bubing11_new_bubing11_sq_animation_4_7d16ed6a550e952cd356ea0405099eb8", "legacy": false, "compressed": false, "sampleRate": 30.0, "nRot": 0, "nPos": 0, "nScale": 0, "nFloat": 0, "nPPtr": 0, "bytes": 92979}
{"t": "AnimationClip", "name": "bubing11_SQ_run_rightward_45", "bundle": "gameres_auto_assets__art_lastwar_models_new_character_soldier_guanka_wuqi_bubing11_new_bubing11_sq_animation_4_7d16ed6a550e952cd356ea0405099eb8", "legacy": false, "compressed": false, "sampleRate": 30.0, "nRot": 0, "nPos": 0, "nScale": 0, "nFloat": 0, "nPPtr": 0, "bytes": 94566}
{"t": "AnimationClip", "name": "bubing11_SQ_idle_01", "bundle": "gameres_auto_assets__art_lastwar_models_new_character_soldier_guanka_wuqi_bubing11_new_bubing11_sq_animation_6_e11ae14dbc753dc5213053b27eb3f068", "legacy": false, "compressed": false, "sampleRate": 30.0, "nRot": 0, "nPos": 0, "nScale": 0, "nFloat": 0, "nPPtr": 0, "bytes": 76203}
{"t": "AnimationClip", "name": "bubing11_SQ_attack", "bundle": "gameres_auto_assets__art_lastwar_models_new_character_soldier_guanka_wuqi_bubing11_new_bubing11_sq_animation_6_e11ae14dbc753dc5213053b27eb3f068", "legacy": false, "compressed": false, "sampleRate": 30.0, "nRot": 0, "nPos": 0, "nScale": 0, "nFloat": 0, "nPPtr": 0, "bytes": 110111}
{"t": "AnimationClip", "name": "bubing11_SQ_attack_move", "bundle": "gameres_auto_assets__art_lastwar_models_new_character_soldier_guanka_wuqi_bubing11_new_bubing11_sq_animation_6_e11ae14dbc753dc5213053b27eb3f068", "legacy": false, "compressed": false, "sampleRate": 30.0, "nRot": 0, "nPos": 0, "nScale": 0, "nFloat": 0, "nPPtr": 0, "bytes": 146994}
{"t": "AnimationClip", "name": "bubing11_SQ_idle", "bundle": "gameres_auto_assets__art_lastwar_models_new_character_soldier_guanka_wuqi_bubing11_new_bubing11_sq_animation_7_1f06287c990db927a7ca2c05ee0e907d", "legacy": false, "compressed": false, "sampleRate": 30.0, "nRot": 0, "nPos": 0, "nScale": 0, "nFloat": 0, "nPPtr": 0, "bytes": 68307}
{"t": "AnimationClip", "name": "bubing11_SQ_run_leftward_45", "bundle": "gameres_auto_assets__art_lastwar_models_new_character_soldier_guanka_wuqi_bubing11_new_bubing11_sq_animation_7_1f06287c990db927a7ca2c05ee0e907d", "legacy": false, "compressed": false, "sampleRate": 30.0, "nRot": 0, "nPos": 0, "nScale": 0, "nFloat": 0, "nPPtr": 0, "bytes": 98085}
{"t": "AnimationClip", "name": "dazhuang_dead", "bundle": "gameres_auto_assets__art_lastwar_models_new_character_soldier_hero_dazhuang_animation_2_038a32efd0506f84a5b99ff43b481b9c", "legacy": false, "compressed": false, "sampleRate": 30.0, "nRot": 0, "nPos": 0, "nScale": 0, "nFloat": 0, "nPPtr": 0, "bytes": 491080}
{"t": "AnimationClip", "name": "dazhuang_left45_run", "bundle": "gameres_auto_assets__art_lastwar_models_new_character_soldier_hero_dazhuang_animation_2_038a32efd0506f84a5b99ff43b481b9c", "legacy": false, "compressed": false, "sampleRate": 30.0, "nRot": 0, "nPos": 0, "nScale": 0, "nFloat": 0, "nPPtr": 0, "bytes": 162701}
{"t": "AnimationClip", "name": "dazhuang_attack_move", "bundle": "gameres_auto_assets__art_lastwar_models_new_character_soldier_hero_dazhuang_animation_2_038a32efd0506f84a5b99ff43b481b9c", "legacy": false, "compressed": false, "sampleRate": 30.0, "nRot": 0, "nPos": 0, "nScale": 0, "nFloat": 0, "nPPtr": 0, "bytes": 186994}
{"t": "AnimationClip", "name": "dazhuang_right45_run", "bundle": "gameres_auto_assets__art_lastwar_models_new_character_soldier_hero_dazhuang_animation_4_7a9dba5e90a31861926c90e569010f8a", "legacy": false, "compressed": false, "sampleRate": 30.0, "nRot": 0, "nPos": 0, "nScale": 0, "nFloat": 0, "nPPtr": 0, "bytes": 169727}
{"t": "AnimationClip", "name": "ben_low_huanhu_B", "bundle": "gameres_auto_assets__art_lastwar_models_new_character_worker_jianzao_ben_animation_jianzao_b_4_41debdf2fa2acb80c31809e7beb4ee76", "legacy": false, "compressed": false, "sampleRate": 30.0, "nRot": 0, "nPos": 0, "nScale": 0, "nFloat": 0, "nPPtr": 0, "bytes": 143018}
{"t": "AnimationClip", "name": "bubing11_JLT_run_rightward_45", "bundle": "gameres_auto_assets__art_lastwar_models_new_character_soldier_guanka_wuqi_bubing11_new_bubing11_jtl_animation_2_5fa85464d88284cb6a84152ffd8b9f81", "legacy": false, "compressed": false, "sampleRate": 30.0, "nRot": 0, "nPos": 0, "nScale": 0, "nFloat": 0, "nPPtr": 0, "bytes": 89509}
{"t": "AnimationClip", "name": "bubing11_JLT_run_leftward_45", "bundle": "gameres_auto_assets__art_lastwar_models_new_character_soldier_guanka_wuqi_bubing11_new_bubing11_jtl_animation_3_5cf43ab8b45412ac4aa3f41190bf308c", "legacy": false, "compressed": false, "sampleRate": 30.0, "nRot": 0, "nPos": 0, "nScale": 0, "nFloat": 0, "nPPtr": 0, "bytes": 90519}
{"t": "AnimationClip", "name": "bubing11_JTL_idle", "bundle": "gameres_auto_assets__art_lastwar_models_new_character_soldier_guanka_wuqi_bubing11_new_bubing11_jtl_animation_6_05c710202f72357f6a2bdb082219c5bc", "legacy": false, "compressed": false, "sampleRate": 30.0, "nRot": 0, "nPos": 0, "nScale": 0, "nFloat": 0, "nPPtr": 0, "bytes": 62865}
{"t": "AnimationClip", "name": "bubing11_JTL_attack", "bundle": "gameres_auto_assets__art_lastwar_models_new_character_soldier_guanka_wuqi_bubing11_new_bubing11_jtl_animation_9_6d39fbe2937e1c622e5f86e89c4a1f32", "legacy": false, "compressed": false, "sampleRate": 30.0, "nRot": 0, "nPos": 0, "nScale": 0, "nFloat": 0, "nPPtr": 0, "bytes": 164039}
{"t": "AnimationClip", "name": "bubing11_JTL_death", "bundle": "gameres_auto_assets__art_lastwar_models_new_character_soldier_guanka_wuqi_bubing11_new_bubing11_jtl_animation_9_6d39fbe2937e1c622e5f86e89c4a1f32", "legacy": false, "compressed": false, "sampleRate": 30.0, "nRot": 0, "nPos": 0, "nScale": 0, "nFloat": 0, "nPPtr": 0, "bytes": 218452}
{"t": "AnimationClip", "name": "bubing11_JTL_idle_01", "bundle": "gameres_auto_assets__art_lastwar_models_new_character_soldier_guanka_wuqi_bubing11_new_bubing11_jtl_animation_9_6d39fbe2937e1c622e5f86e89c4a1f32", "legacy": false, "compressed": false, "sampleRate": 30.0, "nRot": 0, "nPos": 0, "nScale": 0, "nFloat": 0, "nPPtr": 0, "bytes": 66906}
{"t": "AnimationClip", "name": "monika_run", "bundle": "gameres_auto_assets__art_lastwar_models_new_character_soldier_hero_monika_animation_0_5de4ed0f303d3cfc8292b66daa4c57e0", "legacy": false, "compressed": false, "sampleRate": 30.0, "nRot": 0, "nPos": 0, "nScale": 0, "nFloat": 0, "nPPtr": 0, "bytes": 145342}
{"t": "AnimationClip", "name": "monika_hit", "bundle": "gameres_auto_assets__art_lastwar_models_new_character_soldier_hero_monika_animation_0_5de4ed0f303d3cfc8292b66daa4c57e0", "legacy": false, "compressed": false, "sampleRate": 30.0, "nRot": 0, "nPos": 0, "nScale": 0, "nFloat": 0, "nPPtr": 0, "bytes": 165705}
{"t": "AnimationClip", "name": "monika_hujiu", "bundle": "gameres_auto_assets__art_lastwar_models_new_character_soldier_hero_monika_animation_2_b9eb9a8a37e5ce6c941cfd412e7d3659", "legacy": false, "compressed": false, "sampleRate": 30.0, "nRot": 0, "nPos": 0, "nScale": 0, "nFloat": 0, "nPPtr": 0, "bytes": 349122}
{"t": "AnimationClip", "name": "monika_idle", "bundle": "gameres_auto_assets__art_lastwar_models_new_character_soldier_hero_monika_animation_3_2743f3f781f47edae9b6e0ee88ff02ef", "legacy": false, "compressed": false, "sampleRate": 30.0, "nRot": 0, "nPos": 0, "nScale": 0, "nFloat": 0, "nPPtr": 0, "bytes": 123244}
{"t": "AnimationClip", "name": "ben_low_pick_B", "bundle": "gameres_auto_assets__art_lastwar_models_new_character_worker_jianzao_ben_animation_jianzao_b_6_93c543c5520471c15b37ff535c2d1524", "legacy": false, "compressed": false, "sampleRate": 30.0, "nRot": 0, "nPos": 0, "nScale": 0, "nFloat": 0, "nPPtr": 0, "bytes": 78250}
{"t": "AnimationClip", "name": "xiaoxingxing01_walk", "bundle": "gameres_auto_assets__art_lastwar_models_new_character_zhuzai_role_a_zhuzai_monkey_a_zhuzai_monkey_xiaoxingxing_animation_397094f1dfa19be591df710d9b0acbbd", "legacy": false, "compressed": false, "sampleRate": 30.0, "nRot": 0, "nPos": 0, "nScale": 0, "nFloat": 0, "nPPtr": 0, "bytes": 203724}
{"t": "AnimationClip", "name": "xiaoxingxing01_idle", "bundle": "gameres_auto_assets__art_lastwar_models_new_character_zhuzai_role_a_zhuzai_monkey_a_zhuzai_monkey_xiaoxingxing_animation_397094f1dfa19be591df710d9b0acbbd", "legacy": false, "compressed": false, "sampleRate": 30.0, "nRot": 0, "nPos": 0, "nScale": 0, "nFloat": 0, "nPPtr": 0, "bytes": 65756}
{"t": "AnimationClip", "name": "Zombie01_bridge_boss_2", "bundle": "gameres_auto_assets__art_lastwar_models_new_character_zombies_a_monster_zombie01_animation_d219e5c1a58c96a5eb54fbad450a58aa", "legacy": false, "compressed": false, "sampleRate": 30.0, "nRot": 0, "nPos": 0, "nScale": 0, "nFloat": 0, "nPPtr": 0, "bytes": 124173}
{"t": "AnimationClip", "name": "Zombie01_Dabache_idle", "bundle": "gameres_auto_assets__art_lastwar_models_new_character_zombies_a_monster_zombie_sangshiche_01_animation_2be34efbb62442e2f0af446fe0f51ec9", "legacy": false, "compressed": false, "sampleRate": 30.0, "nRot": 0, "nPos": 0, "nScale": 0, "nFloat": 0, "nPPtr": 0, "bytes": 84536}
{"t": "AnimationClip", "name": "Zombie01_Dabache_attack01", "bundle": "gameres_auto_assets__art_lastwar_models_new_character_zombies_a_monster_zombie_sangshiche_01_animation_2be34efbb62442e2f0af446fe0f51ec9", "legacy": false, "compressed": false, "sampleRate": 30.0, "nRot": 0, "nPos": 0, "nScale": 0, "nFloat": 0, "nPPtr": 0, "bytes": 105765}
{"t": "AnimationClip", "name": "Zombie01_Dabache_walk", "bundle": "gameres_auto_assets__art_lastwar_models_new_character_zombies_a_monster_zombie_sangshiche_01_animation_2be34efbb62442e2f0af446fe0f51ec9", "legacy": false, "compressed": false, "sampleRate": 30.0, "nRot": 0, "nPos": 0, "nScale": 0, "nFloat": 0, "nPPtr": 0, "bytes": 103813}
{"t": "AnimationClip", "name": "Zombie01_Dabache_dead01", "bundle": "gameres_auto_assets__art_lastwar_models_new_character_zombies_a_monster_zombie_sangshiche_01_animation_2be34efbb62442e2f0af446fe0f51ec9", "legacy": false, "compressed": false, "sampleRate": 30.0, "nRot": 0, "nPos": 0, "nScale": 0, "nFloat": 0, "nPPtr": 0, "bytes": 121751}
{"t": "AnimationClip", "name": "monika_born", "bundle": "gameres_auto_assets__art_lastwar_models_new_character_soldier_hero_monika_animation_4_69ac2966b6e873293987e9f7205867aa", "legacy": false, "compressed": false, "sampleRate": 30.0, "nRot": 0, "nPos": 0, "nScale": 0, "nFloat": 0, "nPPtr": 0, "bytes": 159680}
{"t": "AnimationClip", "name": "monika_dead", "bundle": "gameres_auto_assets__art_lastwar_models_new_character_soldier_hero_monika_animation_4_69ac2966b6e873293987e9f7205867aa", "legacy": false, "compressed": false, "sampleRate": 30.0, "nRot": 0, "nPos": 0, "nScale": 0, "nFloat": 0, "nPPtr": 0, "bytes": 287704}
{"t": "AnimationClip", "name": "monika_cuoboli", "bundle": "gameres_auto_assets__art_lastwar_models_new_character_soldier_hero_monika_animation_6_3f28f460d7f55ec95680fbf90e0fe720", "legacy": false, "compressed": false, "sampleRate": 30.0, "nRot": 0, "nPos": 0, "nScale": 0, "nFloat": 0, "nPPtr": 0, "bytes": 396884}
{"t": "AnimationClip", "name": "Monica_01_zhezha", "bundle": "gameres_auto_assets__art_lastwar_models_new_character_soldier_hero_monika_animation_7_88e25118197ef166d1965b6db5e37ead", "legacy": false, "compressed": false, "sampleRate": 30.0, "nRot": 0, "nPos": 0, "nScale": 0, "nFloat": 0, "nPPtr": 0, "bytes": 237868}
{"t": "AnimationClip", "name": "monika_attack_move", "bundle": "gameres_auto_assets__art_lastwar_models_new_character_soldier_hero_monika_animation_7_88e25118197ef166d1965b6db5e37ead", "legacy": false, "compressed": false, "sampleRate": 30.0, "nRot": 0, "nPos": 0, "nScale": 0, "nFloat": 0, "nPPtr": 0, "bytes": 144359}
{"t": "AnimationClip", "name": "monika_attack", "bundle": "gameres_auto_assets__art_lastwar_models_new_character_soldier_hero_monika_animation_9_fbbe610e856b73aad325361c2a461183", "legacy": false, "compressed": false, "sampleRate": 30.0, "nRot": 0, "nPos": 0, "nScale": 0, "nFloat": 0, "nPPtr": 0, "bytes": 172002}
{"t": "AnimationClip", "name": "boos_08_role_walk", "bundle": "gameres_auto_assets__art_lastwar_models_new_character_zombies_a_monster_boos_08_role_aniamtion_5a273fb0b2c68820ebb33e1b32e707c3", "legacy": false, "compressed": false, "sampleRate": 30.0, "nRot": 0, "nPos": 0, "nScale": 0, "nFloat": 0, "nPPtr": 0, "bytes": 228714}
{"t": "AnimationClip", "name": "boos_08_role_attack", "bundle": "gameres_auto_assets__art_lastwar_models_new_character_zombies_a_monster_boos_08_role_aniamtion_5a273fb0b2c68820ebb33e1b32e707c3", "legacy": false, "compressed": false, "sampleRate": 30.0, "nRot": 0, "nPos": 0, "nScale": 0, "nFloat": 0, "nPPtr": 0, "bytes": 297131}
{"t": "AnimationClip", "name": "boos_08_role_show", "bundle": "gameres_auto_assets__art_lastwar_models_new_character_zombies_a_monster_boos_08_role_aniamtion_5a273fb0b2c68820ebb33e1b32e707c3", "legacy": false, "compressed": false, "sampleRate": 30.0, "nRot": 0, "nPos": 0, "nScale": 0, "nFloat": 0, "nPPtr": 0, "bytes": 438051}
{"t": "AnimationClip", "name": "boos_08_role_hurt", "bundle": "gameres_auto_assets__art_lastwar_models_new_character_zombies_a_monster_boos_08_role_aniamtion_5a273fb0b2c68820ebb33e1b32e707c3", "legacy": false, "compressed": false, "sampleRate": 30.0, "nRot": 0, "nPos": 0, "nScale": 0, "nFloat": 0, "nPPtr": 0, "bytes": 197451}
{"t": "AnimationClip", "name": "boos_08_role_stune", "bundle": "gameres_auto_assets__art_lastwar_models_new_character_zombies_a_monster_boos_08_role_aniamtion_5a273fb0b2c68820ebb33e1b32e707c3", "legacy": false, "compressed": false, "sampleRate": 30.0, "nRot": 0, "nPos": 0, "nScale": 0, "nFloat": 0, "nPPtr": 0, "bytes": 109781}
{"t": "AnimationClip", "name": "boos_08_role_attack_charge", "bundle": "gameres_auto_assets__art_lastwar_models_new_character_zombies_a_monster_boos_08_role_aniamtion_5a273fb0b2c68820ebb33e1b32e707c3", "legacy": false, "compressed": false, "sampleRate": 30.0, "nRot": 0, "nPos": 0, "nScale": 0, "nFloat": 0, "nPPtr": 0, "bytes": 163380}
{"t": "AnimationClip", "name": "boos_08_role_death", "bundle": "gameres_auto_assets__art_lastwar_models_new_character_zombies_a_monster_boos_08_role_aniamtion_5a273fb0b2c68820ebb33e1b32e707c3", "legacy": false, "compressed": false, "sampleRate": 30.0, "nRot": 0, "nPos": 0, "nScale": 0, "nFloat": 0, "nPPtr": 0, "bytes": 419206}
{"t": "AnimationClip", "name": "boos_08_role_idle", "bundle": "gameres_auto_assets__art_lastwar_models_new_character_zombies_a_monster_boos_08_role_aniamtion_5a273fb0b2c68820ebb33e1b32e707c3", "legacy": false, "compressed": false, "sampleRate": 30.0, "nRot": 0, "nPos": 0, "nScale": 0, "nFloat": 0, "nPPtr": 0, "bytes": 144743}
{"t": "AnimationClip", "name": "boos_08_role_skill", "bundle": "gameres_auto_assets__art_lastwar_models_new_character_zombies_a_monster_boos_08_role_aniamtion_5a273fb0b2c68820ebb33e1b32e707c3", "legacy": false, "compressed": false, "sampleRate": 30.0, "nRot": 0, "nPos": 0, "nScale": 0, "nFloat": 0, "nPPtr": 0, "bytes": 256453}
{"t": "AnimationClip", "name": "boos_08_role_run", "bundle": "gameres_auto_assets__art_lastwar_models_new_character_zombies_a_monster_boos_08_role_aniamtion_5a273fb0b2c68820ebb33e1b32e707c3", "legacy": false, "compressed": false, "sampleRate": 30.0, "nRot": 0, "nPos": 0, "nScale": 0, "nFloat": 0, "nPPtr": 0, "bytes": 191684}
{"t": "AnimationClip", "name": "boos_08_role_born", "bundle": "gameres_auto_assets__art_lastwar_models_new_character_zombies_a_monster_boos_08_role_aniamtion_5a273fb0b2c68820ebb33e1b32e707c3", "legacy": false, "compressed": false, "sampleRate": 30.0, "nRot": 0, "nPos": 0, "nScale": 0, "nFloat": 0, "nPPtr": 0, "bytes": 467771}
{"t": "AnimationClip", "name": "NewRecord_moveout", "bundle": "gameres_auto_assets__art_lastwar_models_new_effect_ui_animation_frontbreakout_6_3a326814e3833121a2bf2760909aed61", "legacy": false, "compressed": false, "sampleRate": 60.0, "nRot": 0, "nPos": 0, "nScale": 0, "nFloat": 0, "nPPtr": 0, "bytes": 7133}
{"t": "AnimationClip", "name": "NewRecord_idle", "bundle": "gameres_auto_assets__art_lastwar_models_new_effect_ui_animation_frontbreakout_6_3a326814e3833121a2bf2760909aed61", "legacy": false, "compressed": false, "sampleRate": 60.0, "nRot": 0, "nPos": 0, "nScale": 0, "nFloat": 0, "nPPtr": 0, "bytes": 6570}
{"t": "AnimatorController", "name": "NewRecord", "bundle": "gameres_auto_assets__art_lastwar_models_new_effect_ui_animation_frontbreakout_8_27d2ace3adaa8cb95535058615375cee", "legacy": null, "compressed": false, "sampleRate": null, "nRot": 0, "nPos": 0, "nScale": 0, "nFloat": 0, "nPPtr": 0, "bytes": 5206}
{"t": "AnimatorController", "name": "UIStageFeatureHelpInvite", "bundle": "gameres_auto_assets__art_lastwar_models_new_effect_ui_animation_stagefeature_0_f7e523f2fa18cb9a9619bd870ce830af", "legacy": null, "compressed": false, "sampleRate": null, "nRot": 0, "nPos": 0, "nScale": 0, "nFloat": 0, "nPPtr": 0, "bytes": 5364}
{"t": "AnimationClip", "name": "V_ui_StageFeatureHelpInvite_idle", "bundle": "gameres_auto_assets__art_lastwar_models_new_effect_ui_animation_stagefeature_3_7849ab5a217bf6355c6fdf83f9628c2d", "legacy": false, "compressed": false, "sampleRate": 60.0, "nRot": 0, "nPos": 0, "nScale": 0, "nFloat": 0, "nPPtr": 0, "bytes": 11341}
{"t": "AnimationClip", "name": "UIStageFeatureHelpInvite_movein", "bundle": "gameres_auto_assets__art_lastwar_models_new_effect_ui_animation_stagefeature_3_7849ab5a217bf6355c6fdf83f9628c2d", "legacy": false, "compressed": false, "sampleRate": 60.0, "nRot": 0, "nPos": 0, "nScale": 0, "nFloat": 0, "nPPtr": 0, "bytes": 35604}
{"t": "AnimationClip", "name": "boss07_run", "bundle": "gameres_auto_assets__art_lastwar_models_new_character_zombies_a_monster_zombie_boss07_aniamtion_0c0741e19e09e5115ffc3dbd6ab91206", "legacy": false, "compressed": false, "sampleRate": 30.0, "nRot": 0, "nPos": 0, "nScale": 0, "nFloat": 0, "nPPtr": 0, "bytes": 150155}
{"t": "AnimationClip", "name": "boss07_attack", "bundle": "gameres_auto_assets__art_lastwar_models_new_character_zombies_a_monster_zombie_boss07_aniamtion_0c0741e19e09e5115ffc3dbd6ab91206", "legacy": false, "compressed": false, "sampleRate": 30.0, "nRot": 0, "nPos": 0, "nScale": 0, "nFloat": 0, "nPPtr": 0, "bytes": 245974}
{"t": "AnimationClip", "name": "boss07_walk", "bundle": "gameres_auto_assets__art_lastwar_models_new_character_zombies_a_monster_zombie_boss07_aniamtion_0c0741e19e09e5115ffc3dbd6ab91206", "legacy": false, "compressed": false, "sampleRate": 30.0, "nRot": 0, "nPos": 0, "nScale": 0, "nFloat": 0, "nPPtr": 0, "bytes": 196174}
{"t": "AnimationClip", "name": "boss07_idle", "bundle": "gameres_auto_assets__art_lastwar_models_new_character_zombies_a_monster_zombie_boss07_aniamtion_0c0741e19e09e5115ffc3dbd6ab91206", "legacy": false, "compressed": false, "sampleRate": 30.0, "nRot": 0, "nPos": 0, "nScale": 0, "nFloat": 0, "nPPtr": 0, "bytes": 114776}
{"t": "AnimationClip", "name": "boss07_born", "bundle": "gameres_auto_assets__art_lastwar_models_new_character_zombies_a_monster_zombie_boss07_aniamtion_0c0741e19e09e5115ffc3dbd6ab91206", "legacy": false, "compressed": false, "sampleRate": 30.0, "nRot": 0, "nPos": 0, "nScale": 0, "nFloat": 0, "nPPtr": 0, "bytes": 614109}
{"t": "AnimationClip", "name": "boss07_hurt", "bundle": "gameres_auto_assets__art_lastwar_models_new_character_zombies_a_monster_zombie_boss07_aniamtion_0c0741e19e09e5115ffc3dbd6ab91206", "legacy": false, "compressed": false, "sampleRate": 30.0, "nRot": 0, "nPos": 0, "nScale": 0, "nFloat": 0, "nPPtr": 0, "bytes": 146911}
{"t": "AnimationClip", "name": "boss07_death", "bundle": "gameres_auto_assets__art_lastwar_models_new_character_zombies_a_monster_zombie_boss07_aniamtion_0c0741e19e09e5115ffc3dbd6ab91206", "legacy": false, "compressed": false, "sampleRate": 30.0, "nRot": 0, "nPos": 0, "nScale": 0, "nFloat": 0, "nPPtr": 0, "bytes": 374586}
{"t": "AnimationClip", "name": "boss07_stune", "bundle": "gameres_auto_assets__art_lastwar_models_new_character_zombies_a_monster_zombie_boss07_aniamtion_0c0741e19e09e5115ffc3dbd6ab91206", "legacy": false, "compressed": false, "sampleRate": 30.0, "nRot": 0, "nPos": 0, "nScale": 0, "nFloat": 0, "nPPtr": 0, "bytes": 97451}
{"t": "AnimationClip", "name": "boss07_skill", "bundle": "gameres_auto_assets__art_lastwar_models_new_character_zombies_a_monster_zombie_boss07_aniamtion_0c0741e19e09e5115ffc3dbd6ab91206", "legacy": false, "compressed": false, "sampleRate": 30.0, "nRot": 0, "nPos": 0, "nScale": 0, "nFloat": 0, "nPPtr": 0, "bytes": 311834}
{"t": "AnimationClip", "name": "UIStageFeatureHelpInvite_moveout", "bundle": "gameres_auto_assets__art_lastwar_models_new_effect_ui_animation_stagefeature_9_bb98bdd932f8449138c6c205b36292c8", "legacy": false, "compressed": false, "sampleRate": 60.0, "nRot": 0, "nPos": 0, "nScale": 0, "nFloat": 0, "nPPtr": 0, "bytes": 12105}
{"t": "AnimationClip", "name": "UILWTruckSuperDepartureItemRender_moveout", "bundle": "gameres_auto_assets__art_lastwar_models_new_effect_ui_animation_truck_3_d6e4b69e778f18a15661f1e9782ca28a", "legacy": false, "compressed": false, "sampleRate": 60.0, "nRot": 0, "nPos": 0, "nScale": 0, "nFloat": 0, "nPPtr": 0, "bytes": 6038}
{"t": "AnimationClip", "name": "UILWTruckSuperDepartureItemRender_idle", "bundle": "gameres_auto_assets__art_lastwar_models_new_effect_ui_animation_truck_5_f32e6af50e40dd07d34082edbbae1163", "legacy": false, "compressed": false, "sampleRate": 60.0, "nRot": 0, "nPos": 0, "nScale": 0, "nFloat": 0, "nPPtr": 0, "bytes": 5892}
{"t": "AnimationClip", "name": "V_ui_WeekCardMainItem_in", "bundle": "gameres_auto_assets__art_lastwar_models_new_effect_ui_animation_weekcard_0_bc7af201cf48d2e959169a62da00a79e", "legacy": false, "compressed": false, "sampleRate": 60.0, "nRot": 0, "nPos": 0, "nScale": 0, "nFloat": 0, "nPPtr": 0, "bytes": 6252}
{"t": "AnimationClip", "name": "jzxz_idle", "bundle": "gameres_auto_assets__art_lastwar_models_new_environment_build_a_build_jzxz_b_animation_1_c1f01ba65f998cf34095390aea13ed20", "legacy": false, "compressed": false, "sampleRate": 30.0, "nRot": 0, "nPos": 0, "nScale": 0, "nFloat": 0, "nPPtr": 0, "bytes": 15283}
{"t": "AnimationClip", "name": "jzxz_open", "bundle": "gameres_auto_assets__art_lastwar_models_new_environment_build_a_build_jzxz_b_animation_2_b058700fa80a7167b5216c9fdd63b485", "legacy": false, "compressed": false, "sampleRate": 30.0, "nRot": 0, "nPos": 0, "nScale": 0, "nFloat": 0, "nPPtr": 0, "bytes": 45408}
{"t": "AnimationClip", "name": "S0_dachengjianzhu_01_sortie", "bundle": "gameres_auto_assets__art_lastwar_models_new_environment_build_a_build_s0_dachengjianzhu_01_animation_4170eb377124bb5898d045ab9e492a92", "legacy": false, "compressed": false, "sampleRate": 30.0, "nRot": 0, "nPos": 0, "nScale": 0, "nFloat": 0, "nPPtr": 0, "bytes": 20194}
{"t": "AnimationClip", "name": "S0_dachengjianzhu_01_born", "bundle": "gameres_auto_assets__art_lastwar_models_new_environment_build_a_build_s0_dachengjianzhu_01_animation_4170eb377124bb5898d045ab9e492a92", "legacy": false, "compressed": false, "sampleRate": 30.0, "nRot": 0, "nPos": 0, "nScale": 0, "nFloat": 0, "nPPtr": 0, "bytes": 36012}
{"t": "AnimationClip", "name": "S0_dachengjianzhu_01_sortie_idle", "bundle": "gameres_auto_assets__art_lastwar_models_new_environment_build_a_build_s0_dachengjianzhu_01_animation_4170eb377124bb5898d045ab9e492a92", "legacy": false, "compressed": false, "sampleRate": 30.0, "nRot": 0, "nPos": 0, "nScale": 0, "nFloat": 0, "nPPtr": 0, "bytes": 17288}
{"t": "AnimationClip", "name": "S0_dachengjianzhu_01_attack", "bundle": "gameres_auto_assets__art_lastwar_models_new_environment_build_a_build_s0_dachengjianzhu_01_animation_4170eb377124bb5898d045ab9e492a92", "legacy": false, "compressed": false, "sampleRate": 30.0, "nRot": 0, "nPos": 0, "nScale": 0, "nFloat": 0, "nPPtr": 0, "bytes": 32804}
{"t": "AnimationClip", "name": "S0_dachengjianzhu_01_recycle", "bundle": "gameres_auto_assets__art_lastwar_models_new_environment_build_a_build_s0_dachengjianzhu_01_animation_4170eb377124bb5898d045ab9e492a92", "legacy": false, "compressed": false, "sampleRate": 30.0, "nRot": 0, "nPos": 0, "nScale": 0, "nFloat": 0, "nPPtr": 0, "bytes": 33759}
{"t": "AnimationClip", "name": "S0_dachengjianzhu_01_idle", "bundle": "gameres_auto_assets__art_lastwar_models_new_environment_build_a_build_s0_dachengjianzhu_01_animation_4170eb377124bb5898d045ab9e492a92", "legacy": false, "compressed": false, "sampleRate": 30.0, "nRot": 0, "nPos": 0, "nScale": 0, "nFloat": 0, "nPPtr": 0, "bytes": 17287}
{"t": "AnimationClip", "name": "Take 001", "bundle": "gameres_auto_assets__art_lastwar_models_new_environment_build_guanqia_xindaqiao_mesh_0_06b5141e1a3c7ac24b5847a22989db6a", "legacy": false, "compressed": false, "sampleRate": 30.0, "nRot": 0, "nPos": 0, "nScale": 0, "nFloat": 0, "nPPtr": 0, "bytes": 6178}
{"t": "AnimationClip", "name": "Take 001", "bundle": "gameres_auto_assets__art_lastwar_models_new_environment_build_guanqia_xindaqiao_mesh_3_4da633ead3d3c8d8e10a11ae1985da64", "legacy": false, "compressed": false, "sampleRate": 30.0, "nRot": 0, "nPos": 0, "nScale": 0, "nFloat": 0, "nPPtr": 0, "bytes": 6178}
{"t": "AnimationClip", "name": "Take 001", "bundle": "gameres_auto_assets__art_lastwar_models_new_environment_build_guanqia_xindaqiao_mesh_5_58a4c0aeb55e1d5c49b86fc5300846ae", "legacy": false, "compressed": false, "sampleRate": 30.0, "nRot": 0, "nPos": 0, "nScale": 0, "nFloat": 0, "nPPtr": 0, "bytes": 6159}
{"t": "AnimationClip", "name": "xinshou_Monica_idle", "bundle": "gameres_auto_assets__art_lastwar_models_new_environment_prop_monica_up_animator_0_5512753303242766c3f00059cdb15a96", "legacy": false, "compressed": false, "sampleRate": 60.0, "nRot": 0, "nPos": 0, "nScale": 0, "nFloat": 0, "nPPtr": 0, "bytes": 6250}
{"t": "AnimatorController", "name": "xinshou_Monica_idle", "bundle": "gameres_auto_assets__art_lastwar_models_new_environment_prop_monica_up_animator_8_fd2bb6f6d388ff425dc5aff3df3d63ff", "legacy": null, "compressed": false, "sampleRate": null, "nRot": 0, "nPos": 0, "nScale": 0, "nFloat": 0, "nPPtr": 0, "bytes": 2559}
{"t": "AnimationClip", "name": "An_H_Die", "bundle": "gameres_auto_assets__art_lastwar_models_new_environment_prop_newbiesglassbottle_effect_animation_ani_h_9_05a85038fe1a3e3e32e9e3bc8433945b", "legacy": false, "compressed": false, "sampleRate": 60.0, "nRot": 0, "nPos": 0, "nScale": 0, "nFloat": 0, "nPPtr": 0, "bytes": 6140}
{"t": "AnimationClip", "name": "An_H_Idle", "bundle": "gameres_auto_assets__art_lastwar_models_new_environment_prop_newbiesglassbottle_effect_animation_ani_h_0_5148bc4ca9ff5b9d5cbb7784d5c23d15", "legacy": false, "compressed": false, "sampleRate": 60.0, "nRot": 0, "nPos": 0, "nScale": 0, "nFloat": 0, "nPPtr": 0, "bytes": 6119}
{"t": "AnimationClip", "name": "An_H_Water_loop", "bundle": "gameres_auto_assets__art_lastwar_models_new_environment_prop_newbiesglassbottle_effect_animation_ani_h_7_ad0e5c14f12b902fc2c33e015523db00", "legacy": false, "compressed": false, "sampleRate": 60.0, "nRot": 0, "nPos": 0, "nScale": 0, "nFloat": 0, "nPPtr": 0, "bytes": 6080}
{"t": "AnimationClip", "name": "An_H_Rota_loop", "bundle": "gameres_auto_assets__art_lastwar_models_new_environment_prop_newbiesglassbottle_effect_animation_ani_h_8_dbd3b79f887162722f5e3418c40ba71b", "legacy": false, "compressed": false, "sampleRate": 60.0, "nRot": 0, "nPos": 0, "nScale": 0, "nFloat": 0, "nPPtr": 0, "bytes": 6054}
{"t": "AnimationClip", "name": "An_H_Hit", "bundle": "gameres_auto_assets__art_lastwar_models_new_environment_prop_newbiesglassbottle_effect_animation_ani_h_8_dbd3b79f887162722f5e3418c40ba71b", "legacy": false, "compressed": false, "sampleRate": 60.0, "nRot": 0, "nPos": 0, "nScale": 0, "nFloat": 0, "nPPtr": 0, "bytes": 6560}
{"t": "AnimationClip", "name": "NewRecord_movein", "bundle": "gameres_auto_assets__art_lastwar_models_new_effect_ui_animation_frontbreakout_2_6c5c81691ab8f28f39d88ea278cdd3bc", "legacy": false, "compressed": false, "sampleRate": 60.0, "nRot": 0, "nPos": 0, "nScale": 0, "nFloat": 0, "nPPtr": 0, "bytes": 13481}
{"t": "AnimationClip", "name": "baoxiang_born", "bundle": "gameres_auto_assets__art_lastwar_models_new_environment_prop_o_env_baoxiang_animation_5f2150b701333b20a5f8ac201341e76e", "legacy": false, "compressed": false, "sampleRate": 30.0, "nRot": 0, "nPos": 0, "nScale": 0, "nFloat": 0, "nPPtr": 0, "bytes": 48977}
{"t": "AnimationClip", "name": "baoxiang_rotation", "bundle": "gameres_auto_assets__art_lastwar_models_new_environment_prop_o_env_baoxiang_animation_5f2150b701333b20a5f8ac201341e76e", "legacy": false, "compressed": false, "sampleRate": 30.0, "nRot": 0, "nPos": 0, "nScale": 0, "nFloat": 0, "nPPtr": 0, "bytes": 33132}
{"t": "AnimationClip", "name": "baoxiang_open_quick", "bundle": "gameres_auto_assets__art_lastwar_models_new_environment_prop_o_env_baoxiang_animation_5f2150b701333b20a5f8ac201341e76e", "legacy": false, "compressed": false, "sampleRate": 30.0, "nRot": 0, "nPos": 0, "nScale": 0, "nFloat": 0, "nPPtr": 0, "bytes": 36115}
{"t": "AnimationClip", "name": "baoxiang_1_5_born", "bundle": "gameres_auto_assets__art_lastwar_models_new_environment_prop_o_env_baoxiang_animation_5f2150b701333b20a5f8ac201341e76e", "legacy": false, "compressed": false, "sampleRate": 30.0, "nRot": 0, "nPos": 0, "nScale": 0, "nFloat": 0, "nPPtr": 0, "bytes": 361708}
{"t": "AnimationClip", "name": "baoxiang_1_5_idle", "bundle": "gameres_auto_assets__art_lastwar_models_new_environment_prop_o_env_baoxiang_animation_5f2150b701333b20a5f8ac201341e76e", "legacy": false, "compressed": false, "sampleRate": 30.0, "nRot": 0, "nPos": 0, "nScale": 0, "nFloat": 0, "nPPtr": 0, "bytes": 69121}
{"t": "AnimationClip", "name": "baoxiang_open", "bundle": "gameres_auto_assets__art_lastwar_models_new_environment_prop_o_env_baoxiang_animation_5f2150b701333b20a5f8ac201341e76e", "legacy": false, "compressed": false, "sampleRate": 30.0, "nRot": 0, "nPos": 0, "nScale": 0, "nFloat": 0, "nPPtr": 0, "bytes": 131770}
{"t": "AnimatorController", "name": "ZakuCtrl", "bundle": "gameres_auto_assets__art_lastwar_other_artassetslw_lwopeningstage_animation_caf494e5751048fea2437bbecce3f567", "legacy": null, "compressed": false, "sampleRate": null, "nRot": 0, "nPos": 0, "nScale": 0, "nFloat": 0, "nPPtr": 0, "bytes": 10358}
{"t": "AnimationClip", "name": "Recorded (2)", "bundle": "gameres_auto_assets__art_lastwar_other_timeline_dagoutaopao_animator_1555378f3e1a289b5b7b6060dcce949c", "legacy": false, "compressed": false, "sampleRate": 30.0, "nRot": 0, "nPos": 0, "nScale": 0, "nFloat": 0, "nPPtr": 0, "bytes": 7231}
{"t": "AnimationClip", "name": "Recorded (4)", "bundle": "gameres_auto_assets__art_lastwar_other_timeline_dagoutaopao_animator_1555378f3e1a289b5b7b6060dcce949c", "legacy": false, "compressed": false, "sampleRate": 30.0, "nRot": 0, "nPos": 0, "nScale": 0, "nFloat": 0, "nPPtr": 0, "bytes": 6805}
{"t": "AnimationClip", "name": "Recorded (6)", "bundle": "gameres_auto_assets__art_lastwar_other_timeline_dagoutaopao_animator_1555378f3e1a289b5b7b6060dcce949c", "legacy": false, "compressed": false, "sampleRate": 30.0, "nRot": 0, "nPos": 0, "nScale": 0, "nFloat": 0, "nPPtr": 0, "bytes": 16717}
{"t": "AnimationClip", "name": "Recorded (3)", "bundle": "gameres_auto_assets__art_lastwar_other_timeline_dagoutaopao_animator_1555378f3e1a289b5b7b6060dcce949c", "legacy": false, "compressed": false, "sampleRate": 30.0, "nRot": 0, "nPos": 0, "nScale": 0, "nFloat": 0, "nPPtr": 0, "bytes": 7404}
{"t": "AnimationClip", "name": "Recorded", "bundle": "gameres_auto_assets__art_lastwar_other_timeline_dagoutaopao_animator_1555378f3e1a289b5b7b6060dcce949c", "legacy": false, "compressed": false, "sampleRate": 30.0, "nRot": 0, "nPos": 0, "nScale": 0, "nFloat": 0, "nPPtr": 0, "bytes": 7411}
{"t": "AnimationClip", "name": "Recorded (5)", "bundle": "gameres_auto_assets__art_lastwar_other_timeline_dagoutaopao_animator_1555378f3e1a289b5b7b6060dcce949c", "legacy": false, "compressed": false, "sampleRate": 30.0, "nRot": 0, "nPos": 0, "nScale": 0, "nFloat": 0, "nPPtr": 0, "bytes": 7337}
{"t": "AnimationClip", "name": "Recorded", "bundle": "gameres_auto_assets__art_lastwar_other_timeline_dagoutaopao_animator_1555378f3e1a289b5b7b6060dcce949c", "legacy": false, "compressed": false, "sampleRate": 30.0, "nRot": 0, "nPos": 0, "nScale": 0, "nFloat": 0, "nPPtr": 0, "bytes": 6637}
{"t": "AnimationClip", "name": "Recorded", "bundle": "gameres_auto_assets__art_lastwar_other_timeline_zhenchajiraochang_animator_32511c8b1a67f2b030811d2640bb0e5d", "legacy": false, "compressed": false, "sampleRate": 60.0, "nRot": 0, "nPos": 0, "nScale": 0, "nFloat": 0, "nPPtr": 0, "bytes": 23785}
{"t": "AnimationClip", "name": "Recorded (1)", "bundle": "gameres_auto_assets__art_lastwar_other_timeline_zhenchajiraochang_animator_32511c8b1a67f2b030811d2640bb0e5d", "legacy": false, "compressed": false, "sampleRate": 60.0, "nRot": 0, "nPos": 0, "nScale": 0, "nFloat": 0, "nPPtr": 0, "bytes": 10196}
{"t": "AnimationClip", "name": "Zombie01_attack_R01", "bundle": "gameres_auto_assets__art_lastwar_models_new_zombies_a_monster_zombie01_animation_021a03b10c8880a6f35f1c07b0d57aed", "legacy": false, "compressed": false, "sampleRate": 30.0, "nRot": 0, "nPos": 0, "nScale": 0, "nFloat": 0, "nPPtr": 0, "bytes": 126908}
{"t": "AnimationClip", "name": "Zombie01_dead_fei", "bundle": "gameres_auto_assets__art_lastwar_models_new_zombies_a_monster_zombie01_animation_021a03b10c8880a6f35f1c07b0d57aed", "legacy": false, "compressed": false, "sampleRate": 30.0, "nRot": 0, "nPos": 0, "nScale": 0, "nFloat": 0, "nPPtr": 0, "bytes": 120701}
{"t": "AnimationClip", "name": "Zombie01_dead_L", "bundle": "gameres_auto_assets__art_lastwar_models_new_zombies_a_monster_zombie01_animation_021a03b10c8880a6f35f1c07b0d57aed", "legacy": false, "compressed": false, "sampleRate": 30.0, "nRot": 0, "nPos": 0, "nScale": 0, "nFloat": 0, "nPPtr": 0, "bytes": 120138}
{"t": "AnimationClip", "name": "Zombie01_idle_L", "bundle": "gameres_auto_assets__art_lastwar_models_new_zombies_a_monster_zombie01_animation_021a03b10c8880a6f35f1c07b0d57aed", "legacy": false, "compressed": false, "sampleRate": 30.0, "nRot": 0, "nPos": 0, "nScale": 0, "nFloat": 0, "nPPtr": 0, "bytes": 74561}
{"t": "AnimationClip", "name": "Zombie01_jump_L01", "bundle": "gameres_auto_assets__art_lastwar_models_new_zombies_a_monster_zombie01_animation_021a03b10c8880a6f35f1c07b0d57aed", "legacy": false, "compressed": false, "sampleRate": 30.0, "nRot": 0, "nPos": 0, "nScale": 0, "nFloat": 0, "nPPtr": 0, "bytes": 55142}
{"t": "AnimationClip", "name": "Zombie01_idle_R", "bundle": "gameres_auto_assets__art_lastwar_models_new_zombies_a_monster_zombie01_animation_021a03b10c8880a6f35f1c07b0d57aed", "legacy": false, "compressed": false, "sampleRate": 30.0, "nRot": 0, "nPos": 0, "nScale": 0, "nFloat": 0, "nPPtr": 0, "bytes": 77112}
{"t": "AnimationClip", "name": "Zombie01_fly_02", "bundle": "gameres_auto_assets__art_lastwar_models_new_zombies_a_monster_zombie01_animation_021a03b10c8880a6f35f1c07b0d57aed", "legacy": false, "compressed": false, "sampleRate": 30.0, "nRot": 0, "nPos": 0, "nScale": 0, "nFloat": 0, "nPPtr": 0, "bytes": 44033}
{"t": "AnimationClip", "name": "Zombie01_jump_L03", "bundle": "gameres_auto_assets__art_lastwar_models_new_zombies_a_monster_zombie01_animation_021a03b10c8880a6f35f1c07b0d57aed", "legacy": false, "compressed": false, "sampleRate": 30.0, "nRot": 0, "nPos": 0, "nScale": 0, "nFloat": 0, "nPPtr": 0, "bytes": 88374}
{"t": "AnimationClip", "name": "Zombie01_jump_R02", "bundle": "gameres_auto_assets__art_lastwar_models_new_zombies_a_monster_zombie01_animation_021a03b10c8880a6f35f1c07b0d57aed", "legacy": false, "compressed": false, "sampleRate": 30.0, "nRot": 0, "nPos": 0, "nScale": 0, "nFloat": 0, "nPPtr": 0, "bytes": 41423}
{"t": "AnimationClip", "name": "Zombie01_jump_R03", "bundle": "gameres_auto_assets__art_lastwar_models_new_zombies_a_monster_zombie01_animation_021a03b10c8880a6f35f1c07b0d57aed", "legacy": false, "compressed": false, "sampleRate": 30.0, "nRot": 0, "nPos": 0, "nScale": 0, "nFloat": 0, "nPPtr": 0, "bytes": 89395}
{"t": "AnimationClip", "name": "Zombie01_fly_01", "bundle": "gameres_auto_assets__art_lastwar_models_new_zombies_a_monster_zombie01_animation_021a03b10c8880a6f35f1c07b0d57aed", "legacy": false, "compressed": false, "sampleRate": 30.0, "nRot": 0, "nPos": 0, "nScale": 0, "nFloat": 0, "nPPtr": 0, "bytes": 46063}
{"t": "AnimationClip", "name": "Zombie01_dead_R", "bundle": "gameres_auto_assets__art_lastwar_models_new_zombies_a_monster_zombie01_animation_021a03b10c8880a6f35f1c07b0d57aed", "legacy": false, "compressed": false, "sampleRate": 30.0, "nRot": 0, "nPos": 0, "nScale": 0, "nFloat": 0, "nPPtr": 0, "bytes": 136673}
{"t": "AnimationClip", "name": "Zombie01_jump_L02", "bundle": "gameres_auto_assets__art_lastwar_models_new_zombies_a_monster_zombie01_animation_021a03b10c8880a6f35f1c07b0d57aed", "legacy": false, "compressed": false, "sampleRate": 30.0, "nRot": 0, "nPos": 0, "nScale": 0, "nFloat": 0, "nPPtr": 0, "bytes": 41480}
{"t": "AnimationClip", "name": "Zombie01_fly_03", "bundle": "gameres_auto_assets__art_lastwar_models_new_zombies_a_monster_zombie01_animation_021a03b10c8880a6f35f1c07b0d57aed", "legacy": false, "compressed": false, "sampleRate": 30.0, "nRot": 0, "nPos": 0, "nScale": 0, "nFloat": 0, "nPPtr": 0, "bytes": 45844}
{"t": "AnimationClip", "name": "Zombie01_attack_L01", "bundle": "gameres_auto_assets__art_lastwar_models_new_zombies_a_monster_zombie01_animation_021a03b10c8880a6f35f1c07b0d57aed", "legacy": false, "compressed": false, "sampleRate": 30.0, "nRot": 0, "nPos": 0, "nScale": 0, "nFloat": 0, "nPPtr": 0, "bytes": 126920}
{"t": "AnimationClip", "name": "Zombie01_jump_R01", "bundle": "gameres_auto_assets__art_lastwar_models_new_zombies_a_monster_zombie01_animation_021a03b10c8880a6f35f1c07b0d57aed", "legacy": false, "compressed": false, "sampleRate": 30.0, "nRot": 0, "nPos": 0, "nScale": 0, "nFloat": 0, "nPPtr": 0, "bytes": 55502}
{"t": "AnimationClip", "name": "Recorded", "bundle": "gameres_auto_assets__art_lastwar_other_timeline_zhishengjifanhui_animator_6351f5b6676ee993c6c4e020bf0b5391", "legacy": false, "compressed": false, "sampleRate": 60.0, "nRot": 0, "nPos": 0, "nScale": 0, "nFloat": 0, "nPPtr": 0, "bytes": 9839}
{"t": "AnimationClip", "name": "Recorded (1)", "bundle": "gameres_auto_assets__art_lastwar_other_timeline_zhishengjifanhui_animator_6351f5b6676ee993c6c4e020bf0b5391", "legacy": false, "compressed": false, "sampleRate": 60.0, "nRot": 0, "nPos": 0, "nScale": 0, "nFloat": 0, "nPPtr": 0, "bytes": 7187}
{"t": "AnimationClip", "name": "V_ui_UpLevel_ani", "bundle": "gameres_auto_assets__art_lastwar_quwan_effect_animation_e6f26dbe410e2cbcb7045748a456a94f", "legacy": false, "compressed": false, "sampleRate": 60.0, "nRot": 0, "nPos": 0, "nScale": 0, "nFloat": 0, "nPPtr": 0, "bytes": 14177}
{"t": "AnimatorController", "name": "V_ui_UpLevel_ani", "bundle": "gameres_auto_assets__art_lastwar_quwan_effect_animation_e6f26dbe410e2cbcb7045748a456a94f", "legacy": null, "compressed": false, "sampleRate": null, "nRot": 0, "nPos": 0, "nScale": 0, "nFloat": 0, "nPPtr": 0, "bytes": 2524}
{"t": "AnimationClip", "name": "V_ui_WorldTileBuildBtn_tip", "bundle": "gameres_auto_assets__art_lastwar_quwan_effect_animation_e6f26dbe410e2cbcb7045748a456a94f", "legacy": false, "compressed": false, "sampleRate": 60.0, "nRot": 0, "nPos": 0, "nScale": 0, "nFloat": 0, "nPPtr": 0, "bytes": 13254}
{"t": "AnimationClip", "name": "V_ui_AllianceRewardBubble", "bundle": "gameres_auto_assets__art_lastwar_quwan_effect_animation_e6f26dbe410e2cbcb7045748a456a94f", "legacy": false, "compressed": false, "sampleRate": 60.0, "nRot": 0, "nPos": 0, "nScale": 0, "nFloat": 0, "nPPtr": 0, "bytes": 15281}
{"t": "AnimationClip", "name": "placed", "bundle": "gameres_auto_assets__art_models_environment_build_builld_animation_65c81c0095823d365a633b4257450cc7", "legacy": false, "compressed": false, "sampleRate": 30.0, "nRot": 0, "nPos": 0, "nScale": 0, "nFloat": 0, "nPPtr": 0, "bytes": 11207}
{"t": "AnimationClip", "name": "trigger", "bundle": "gameres_auto_assets__art_models_environment_build_builld_animation_65c81c0095823d365a633b4257450cc7", "legacy": false, "compressed": false, "sampleRate": 30.0, "nRot": 0, "nPos": 0, "nScale": 0, "nFloat": 0, "nPPtr": 0, "bytes": 9349}
{"t": "AnimatorController", "name": "A_build_feixu_ctrl", "bundle": "gameres_auto_assets__art_models_environment_build_feixu_animator_ad383ec421c7eedff3e3bcdceaa65673", "legacy": null, "compressed": false, "sampleRate": null, "nRot": 0, "nPos": 0, "nScale": 0, "nFloat": 0, "nPPtr": 0, "bytes": 3594}
{"t": "AnimationClip", "name": "jzxz_open", "bundle": "gameres_auto_assets__art_models_environment_build_jianzaoxiangzhi_animation_60a721b2c45de62e71e0ad474c578edc", "legacy": false, "compressed": false, "sampleRate": 30.0, "nRot": 0, "nPos": 0, "nScale": 0, "nFloat": 0, "nPPtr": 0, "bytes": 10834}
{"t": "AnimationClip", "name": "jzxz_idle_fresnel", "bundle": "gameres_auto_assets__art_models_environment_build_jianzaoxiangzhi_animation_60a721b2c45de62e71e0ad474c578edc", "legacy": false, "compressed": false, "sampleRate": 30.0, "nRot": 0, "nPos": 0, "nScale": 0, "nFloat": 0, "nPPtr": 0, "bytes": 11359}
{"t": "AnimationClip", "name": "jzxz_idle", "bundle": "gameres_auto_assets__art_models_environment_build_jianzaoxiangzhi_animation_60a721b2c45de62e71e0ad474c578edc", "legacy": false, "compressed": false, "sampleRate": 30.0, "nRot": 0, "nPos": 0, "nScale": 0, "nFloat": 0, "nPPtr": 0, "bytes": 8224}
{"t": "AnimationClip", "name": "open", "bundle": "gameres_auto_assets__art_models_vehicle_baoxiang_animation_7f3c4664dfbf58f73cb22be121f96905", "legacy": false, "compressed": false, "sampleRate": 30.0, "nRot": 0, "nPos": 0, "nScale": 0, "nFloat": 0, "nPPtr": 0, "bytes": 29807}
{"t": "AnimationClip", "name": "baoxiang_attack", "bundle": "gameres_auto_assets__art_models_vehicle_baoxiang_animation_7f3c4664dfbf58f73cb22be121f96905", "legacy": false, "compressed": false, "sampleRate": 30.0, "nRot": 0, "nPos": 0, "nScale": 0, "nFloat": 0, "nPPtr": 0, "bytes": 10794}
{"t": "AnimationClip", "name": "baoxiang_open_02", "bundle": "gameres_auto_assets__art_models_vehicle_baoxiang_animation_7f3c4664dfbf58f73cb22be121f96905", "legacy": false, "compressed": false, "sampleRate": 30.0, "nRot": 0, "nPos": 0, "nScale": 0, "nFloat": 0, "nPPtr": 0, "bytes": 19310}
{"t": "AnimationClip", "name": "chuxian", "bundle": "gameres_auto_assets__art_models_vehicle_baoxiang_animation_7f3c4664dfbf58f73cb22be121f96905", "legacy": false, "compressed": false, "sampleRate": 30.0, "nRot": 0, "nPos": 0, "nScale": 0, "nFloat": 0, "nPPtr": 0, "bytes": 17808}
{"t": "AnimationClip", "name": "box_unOpen", "bundle": "gameres_main_dir_animation_activity_dcb8973e324a4b6c618f25d39c27078e", "legacy": false, "compressed": false, "sampleRate": 60.0, "nRot": 0, "nPos": 0, "nScale": 0, "nFloat": 0, "nPPtr": 0, "bytes": 5871}
{"t": "AnimationClip", "name": "box_open", "bundle": "gameres_main_dir_animation_activity_dcb8973e324a4b6c618f25d39c27078e", "legacy": false, "compressed": false, "sampleRate": 60.0, "nRot": 0, "nPos": 0, "nScale": 0, "nFloat": 0, "nPPtr": 0, "bytes": 6547}
{"t": "AnimatorController", "name": "Icon", "bundle": "gameres_main_dir_animation_activity_dcb8973e324a4b6c618f25d39c27078e", "legacy": null, "compressed": false, "sampleRate": null, "nRot": 0, "nPos": 0, "nScale": 0, "nFloat": 0, "nPPtr": 0, "bytes": 3586}
{"t": "AnimatorController", "name": "AlCompeteResult", "bundle": "gameres_main_dir_animation_alcompeteresult_56b5d74f085134d186d604dd91dae4ce", "legacy": null, "compressed": false, "sampleRate": null, "nRot": 0, "nPos": 0, "nScale": 0, "nFloat": 0, "nPPtr": 0, "bytes": 3539}
{"t": "AnimationClip", "name": "AlCompeteResult", "bundle": "gameres_main_dir_animation_alcompeteresult_56b5d74f085134d186d604dd91dae4ce", "legacy": false, "compressed": false, "sampleRate": 60.0, "nRot": 0, "nPos": 0, "nScale": 0, "nFloat": 0, "nPPtr": 0, "bytes": 7512}
{"t": "AnimationClip", "name": "build_move", "bundle": "gameres_main_dir_animation_building_buildingmove_f14423ab7ae73ddbe0ad39e6b6510761", "legacy": true, "compressed": false, "sampleRate": 60.0, "nRot": 0, "nPos": 0, "nScale": 4, "nFloat": 15, "nPPtr": 0, "bytes": 20342}
{"t": "AnimationClip", "name": "UpgradePanelEmptyAni", "bundle": "gameres_main_dir_animation_building_buildingupgrade_23ead15d1ba9f0fcbd1e3e000e88ac23", "legacy": false, "compressed": false, "sampleRate": 60.0, "nRot": 0, "nPos": 0, "nScale": 0, "nFloat": 0, "nPPtr": 0, "bytes": 5891}
{"t": "AnimationClip", "name": "ShowBuild", "bundle": "gameres_main_dir_animation_building_buildingupgrade_23ead15d1ba9f0fcbd1e3e000e88ac23", "legacy": false, "compressed": false, "sampleRate": 60.0, "nRot": 0, "nPos": 0, "nScale": 0, "nFloat": 0, "nPPtr": 0, "bytes": 6786}
{"t": "AnimationClip", "name": "switchEnter", "bundle": "gameres_main_dir_animation_building_buildingupgrade_23ead15d1ba9f0fcbd1e3e000e88ac23", "legacy": false, "compressed": false, "sampleRate": 60.0, "nRot": 0, "nPos": 0, "nScale": 0, "nFloat": 0, "nPPtr": 0, "bytes": 7236}
{"t": "AnimatorController", "name": "SwitchAnim", "bundle": "gameres_main_dir_animation_building_buildingupgrade_23ead15d1ba9f0fcbd1e3e000e88ac23", "legacy": null, "compressed": false, "sampleRate": null, "nRot": 0, "nPos": 0, "nScale": 0, "nFloat": 0, "nPPtr": 0, "bytes": 5778}
{"t": "AnimatorController", "name": "goto_btn_ctrl", "bundle": "gameres_main_dir_animation_building_buildingupgrade_23ead15d1ba9f0fcbd1e3e000e88ac23", "legacy": null, "compressed": false, "sampleRate": null, "nRot": 0, "nPos": 0, "nScale": 0, "nFloat": 0, "nPPtr": 0, "bytes": 3609}
{"t": "AnimationClip", "name": "switchOut", "bundle": "gameres_main_dir_animation_building_buildingupgrade_23ead15d1ba9f0fcbd1e3e000e88ac23", "legacy": false, "compressed": false, "sampleRate": 60.0, "nRot": 0, "nPos": 0, "nScale": 0, "nFloat": 0, "nPPtr": 0, "bytes": 7234}
{"t": "AnimationClip", "name": "ShowDetail", "bundle": "gameres_main_dir_animation_building_buildingupgrade_23ead15d1ba9f0fcbd1e3e000e88ac23", "legacy": false, "compressed": false, "sampleRate": 60.0, "nRot": 0, "nPos": 0, "nScale": 0, "nFloat": 0, "nPPtr": 0, "bytes": 6797}
{"t": "AnimatorController", "name": "UpgradePanelAniCtrl", "bundle": "gameres_main_dir_animation_building_buildingupgrade_23ead15d1ba9f0fcbd1e3e000e88ac23", "legacy": null, "compressed": false, "sampleRate": null, "nRot": 0, "nPos": 0, "nScale": 0, "nFloat": 0, "nPPtr": 0, "bytes": 7799}
{"t": "AnimationClip", "name": "goto_btn_wink", "bundle": "gameres_main_dir_animation_building_buildingupgrade_23ead15d1ba9f0fcbd1e3e000e88ac23", "legacy": false, "compressed": false, "sampleRate": 60.0, "nRot": 0, "nPos": 0, "nScale": 0, "nFloat": 0, "nPPtr": 0, "bytes": 7489}
{"t": "AnimationClip", "name": "UpgradePanelAppearAni", "bundle": "gameres_main_dir_animation_building_buildingupgrade_23ead15d1ba9f0fcbd1e3e000e88ac23", "legacy": false, "compressed": false, "sampleRate": 60.0, "nRot": 0, "nPos": 0, "nScale": 0, "nFloat": 0, "nPPtr": 0, "bytes": 24063}
{"t": "AnimationClip", "name": "V_ui_UpgradePanelAppearAni_in", "bundle": "gameres_main_dir_animation_building_buildingupgrade_23ead15d1ba9f0fcbd1e3e000e88ac23", "legacy": false, "compressed": false, "sampleRate": 60.0, "nRot": 0, "nPos": 0, "nScale": 0, "nFloat": 0, "nPPtr": 0, "bytes": 8262}
{"t": "AnimationClip", "name": "UpgradePanelDisappearAni", "bundle": "gameres_main_dir_animation_building_buildingupgrade_23ead15d1ba9f0fcbd1e3e000e88ac23", "legacy": false, "compressed": false, "sampleRate": 60.0, "nRot": 0, "nPos": 0, "nScale": 0, "nFloat": 0, "nPPtr": 0, "bytes": 9951}
{"t": "AnimationClip", "name": "goto_btn_idle", "bundle": "gameres_main_dir_animation_building_buildingupgrade_23ead15d1ba9f0fcbd1e3e000e88ac23", "legacy": false, "compressed": false, "sampleRate": 60.0, "nRot": 0, "nPos": 0, "nScale": 0, "nFloat": 0, "nPPtr": 0, "bytes": 6106}
{"t": "AnimatorController", "name": "BuildSelectArrow", "bundle": "gameres_main_dir_animation_building_buildselect_fa5f89e83664dd859fc7456afa3e5998", "legacy": null, "compressed": false, "sampleRate": null, "nRot": 0, "nPos": 0, "nScale": 0, "nFloat": 0, "nPPtr": 0, "bytes": 2509}
{"t": "AnimatorController", "name": "BuildSelectDi", "bundle": "gameres_main_dir_animation_building_buildselect_fa5f89e83664dd859fc7456afa3e5998", "legacy": null, "compressed": false, "sampleRate": null, "nRot": 0, "nPos": 0, "nScale": 0, "nFloat": 0, "nPPtr": 0, "bytes": 2507}
{"t": "AnimationClip", "name": "idle_effect", "bundle": "gameres_main_dir_animation_building_foodfactory_6715f026e8d3b43518b13ae9398ffd82", "legacy": false, "compressed": false, "sampleRate": 60.0, "nRot": 0, "nPos": 0, "nScale": 0, "nFloat": 0, "nPPtr": 0, "bytes": 6347}
{"t": "AnimationClip", "name": "working_effect", "bundle": "gameres_main_dir_animation_building_foodfactory_6715f026e8d3b43518b13ae9398ffd82", "legacy": false, "compressed": false, "sampleRate": 60.0, "nRot": 0, "nPos": 0, "nScale": 0, "nFloat": 0, "nPPtr": 0, "bytes": 6359}
{"t": "AnimationClip", "name": "V_ui_WorldHighFiveBubble_HighFives", "bundle": "gameres_main_dir_animation_firstjoinalliance_5_fbb602a6d2f3432a34018b54e87ade11", "legacy": false, "compressed": false, "sampleRate": 60.0, "nRot": 0, "nPos": 0, "nScale": 0, "nFloat": 0, "nPPtr": 0, "bytes": 29289}
{"t": "AnimatorController", "name": "bubble", "bundle": "gameres_main_dir_animation_firstjoinalliance_5_fbb602a6d2f3432a34018b54e87ade11", "legacy": null, "compressed": false, "sampleRate": null, "nRot": 0, "nPos": 0, "nScale": 0, "nFloat": 0, "nPPtr": 0, "bytes": 9306}
{"t": "AnimationClip", "name": "V_ui_WorldHighFiveBubble_idle", "bundle": "gameres_main_dir_animation_firstjoinalliance_6_0a3d82e447612abc53317c35fde85efb", "legacy": false, "compressed": false, "sampleRate": 60.0, "nRot": 0, "nPos": 0, "nScale": 0, "nFloat": 0, "nPPtr": 0, "bytes": 8511}
{"t": "AnimationClip", "name": "V_ui_WorldHighFiveBubble_Num_in", "bundle": "gameres_main_dir_animation_firstjoinalliance_6_0a3d82e447612abc53317c35fde85efb", "legacy": false, "compressed": false, "sampleRate": 60.0, "nRot": 0, "nPos": 0, "nScale": 0, "nFloat": 0, "nPPtr": 0, "bytes": 6415}
{"t": "AnimationClip", "name": "V_ui_WorldHighFiveBubble_HighFivesAgain", "bundle": "gameres_main_dir_animation_firstjoinalliance_6_0a3d82e447612abc53317c35fde85efb", "legacy": false, "compressed": false, "sampleRate": 60.0, "nRot": 0, "nPos": 0, "nScale": 0, "nFloat": 0, "nPPtr": 0, "bytes": 92850}
{"t": "AnimationClip", "name": "V_ui_WorldHighFiveBubble_shake01", "bundle": "gameres_main_dir_animation_firstjoinalliance_7_343a2b82e22a6f4013980df410d54e0b", "legacy": false, "compressed": false, "sampleRate": 60.0, "nRot": 0, "nPos": 0, "nScale": 0, "nFloat": 0, "nPPtr": 0, "bytes": 9778}
{"t": "AnimationClip", "name": "V_ui_WorldHighFiveBubble_HighFives01", "bundle": "gameres_main_dir_animation_firstjoinalliance_8_c3f5f3a1909b5126678cd62dfb22b372", "legacy": false, "compressed": false, "sampleRate": 60.0, "nRot": 0, "nPos": 0, "nScale": 0, "nFloat": 0, "nPPtr": 0, "bytes": 29436}
{"t": "AnimatorController", "name": "InactivePlayer", "bundle": "gameres_main_dir_animation_alliancemember_6aaed02fdd32942d0a79e176734b4c77", "legacy": null, "compressed": false, "sampleRate": null, "nRot": 0, "nPos": 0, "nScale": 0, "nFloat": 0, "nPPtr": 0, "bytes": 2518}
{"t": "AnimationClip", "name": "InactivePlayer", "bundle": "gameres_main_dir_animation_alliancemember_6aaed02fdd32942d0a79e176734b4c77", "legacy": false, "compressed": false, "sampleRate": 60.0, "nRot": 0, "nPos": 0, "nScale": 0, "nFloat": 0, "nPPtr": 0, "bytes": 6076}
{"t": "AnimatorController", "name": "UIActSlotMachineChooseBoxReward", "bundle": "gameres_main_dir_animation_boxreward_4ee9f494b2c56ab661067ff4777e67e9", "legacy": null, "compressed": false, "sampleRate": null, "nRot": 0, "nPos": 0, "nScale": 0, "nFloat": 0, "nPPtr": 0, "bytes": 5159}
{"t": "AnimationClip", "name": "moveout", "bundle": "gameres_main_dir_animation_boxreward_4ee9f494b2c56ab661067ff4777e67e9", "legacy": false, "compressed": false, "sampleRate": 60.0, "nRot": 0, "nPos": 0, "nScale": 0, "nFloat": 0, "nPPtr": 0, "bytes": 6859}
{"t": "AnimatorController", "name": "boxItem2", "bundle": "gameres_main_dir_animation_boxreward_4ee9f494b2c56ab661067ff4777e67e9", "legacy": null, "compressed": false, "sampleRate": null, "nRot": 0, "nPos": 0, "nScale": 0, "nFloat": 0, "nPPtr": 0, "bytes": 572}
{"t": "AnimationClip", "name": "movein", "bundle": "gameres_main_dir_animation_boxreward_4ee9f494b2c56ab661067ff4777e67e9", "legacy": false, "compressed": false, "sampleRate": 60.0, "nRot": 0, "nPos": 0, "nScale": 0, "nFloat": 0, "nPPtr": 0, "bytes": 32797}
{"t": "AnimationClip", "name": "movein2", "bundle": "gameres_main_dir_animation_boxreward_4ee9f494b2c56ab661067ff4777e67e9", "legacy": false, "compressed": false, "sampleRate": 60.0, "nRot": 0, "nPos": 0, "nScale": 0, "nFloat": 0, "nPPtr": 0, "bytes": 5625}
{"t": "AnimationClip", "name": "movein1", "bundle": "gameres_main_dir_animation_boxreward_4ee9f494b2c56ab661067ff4777e67e9", "legacy": false, "compressed": false, "sampleRate": 60.0, "nRot": 0, "nPos": 0, "nScale": 0, "nFloat": 0, "nPPtr": 0, "bytes": 6892}
{"t": "AnimationClip", "name": "jiedianhua_guoduBubble", "bundle": "gameres_main_dir_animation_buildbubble_f8889d3bb37ff5885d1075984989cb37", "legacy": false, "compressed": false, "sampleRate": 60.0, "nRot": 0, "nPos": 0, "nScale": 0, "nFloat": 0, "nPPtr": 0, "bytes": 7134}
{"t": "AnimationClip", "name": "V_ui_AllianceBubble_idle", "bundle": "gameres_main_dir_animation_buildbubble_f8889d3bb37ff5885d1075984989cb37", "legacy": false, "compressed": false, "sampleRate": 60.0, "nRot": 0, "nPos": 0, "nScale": 0, "nFloat": 0, "nPPtr": 0, "bytes": 13309}
{"t": "AnimationClip", "name": "InteractBubble", "bundle": "gameres_main_dir_animation_buildbubble_f8889d3bb37ff5885d1075984989cb37", "legacy": false, "compressed": false, "sampleRate": 60.0, "nRot": 0, "nPos": 0, "nScale": 0, "nFloat": 0, "nPPtr": 0, "bytes": 8678}
{"t": "AnimationClip", "name": "V_ui_AllianceBubble_in", "bundle": "gameres_main_dir_animation_buildbubble_f8889d3bb37ff5885d1075984989cb37", "legacy": false, "compressed": false, "sampleRate": 60.0, "nRot": 0, "nPos": 0, "nScale": 0, "nFloat": 0, "nPPtr": 0, "bytes": 13931}
{"t": "AnimatorController", "name": "Top", "bundle": "gameres_main_dir_animation_buildbubble_f8889d3bb37ff5885d1075984989cb37", "legacy": null, "compressed": false, "sampleRate": null, "nRot": 0, "nPos": 0, "nScale": 0, "nFloat": 0, "nPPtr": 0, "bytes": 3598}
{"t": "AnimationClip", "name": "EnterBubble_Newbies", "bundle": "gameres_main_dir_animation_buildbubble_f8889d3bb37ff5885d1075984989cb37", "legacy": false, "compressed": false, "sampleRate": 60.0, "nRot": 0, "nPos": 0, "nScale": 0, "nFloat": 0, "nPPtr": 0, "bytes": 6666}
{"t": "AnimationClip", "name": "V_chuizi_play", "bundle": "gameres_main_dir_animation_buildbubble_f8889d3bb37ff5885d1075984989cb37", "legacy": false, "compressed": false, "sampleRate": 60.0, "nRot": 0, "nPos": 0, "nScale": 0, "nFloat": 0, "nPPtr": 0, "bytes": 6482}
{"t": "AnimationClip", "name": "ClickBubble1", "bundle": "gameres_main_dir_animation_buildbubble_f8889d3bb37ff5885d1075984989cb37", "legacy": false, "compressed": false, "sampleRate": 60.0, "nRot": 0, "nPos": 0, "nScale": 0, "nFloat": 0, "nPPtr": 0, "bytes": 7268}
{"t": "AnimatorController", "name": "BuildBubble", "bundle": "gameres_main_dir_animation_buildbubble_f8889d3bb37ff5885d1075984989cb37", "legacy": null, "compressed": false, "sampleRate": null, "nRot": 0, "nPos": 0, "nScale": 0, "nFloat": 0, "nPPtr": 0, "bytes": 5789}
{"t": "AnimationClip", "name": "V_ui_Bubble_finish", "bundle": "gameres_main_dir_animation_buildbubble_f8889d3bb37ff5885d1075984989cb37", "legacy": false, "compressed": false, "sampleRate": 60.0, "nRot": 0, "nPos": 0, "nScale": 0, "nFloat": 0, "nPPtr": 0, "bytes": 7374}
{"t": "AnimationClip", "name": "ClickBubble", "bundle": "gameres_main_dir_animation_buildbubble_f8889d3bb37ff5885d1075984989cb37", "legacy": false, "compressed": false, "sampleRate": 60.0, "nRot": 0, "nPos": 0, "nScale": 0, "nFloat": 0, "nPPtr": 0, "bytes": 6553}
{"t": "AnimationClip", "name": "NormalBubble 1", "bundle": "gameres_main_dir_animation_buildbubble_f8889d3bb37ff5885d1075984989cb37", "legacy": false, "compressed": false, "sampleRate": 60.0, "nRot": 0, "nPos": 0, "nScale": 0, "nFloat": 0, "nPPtr": 0, "bytes": 9805}
{"t": "AnimationClip", "name": "V_ui_Bubble_hit", "bundle": "gameres_main_dir_animation_buildbubble_f8889d3bb37ff5885d1075984989cb37", "legacy": false, "compressed": false, "sampleRate": 60.0, "nRot": 0, "nPos": 0, "nScale": 0, "nFloat": 0, "nPPtr": 0, "bytes": 6454}
{"t": "AnimationClip", "name": "EnterBubble", "bundle": "gameres_main_dir_animation_buildbubble_f8889d3bb37ff5885d1075984989cb37", "legacy": false, "compressed": false, "sampleRate": 60.0, "nRot": 0, "nPos": 0, "nScale": 0, "nFloat": 0, "nPPtr": 0, "bytes": 8781}
{"t": "AnimationClip", "name": "HideBubble", "bundle": "gameres_main_dir_animation_buildbubble_f8889d3bb37ff5885d1075984989cb37", "legacy": false, "compressed": false, "sampleRate": 60.0, "nRot": 0, "nPos": 0, "nScale": 0, "nFloat": 0, "nPPtr": 0, "bytes": 8649}
{"t": "AnimationClip", "name": "IdleBubble", "bundle": "gameres_main_dir_animation_buildbubble_f8889d3bb37ff5885d1075984989cb37", "legacy": false, "compressed": false, "sampleRate": 60.0, "nRot": 0, "nPos": 0, "nScale": 0, "nFloat": 0, "nPPtr": 0, "bytes": 8660}
{"t": "AnimationClip", "name": "V_chuizi_idle", "bundle": "gameres_main_dir_animation_buildbubble_f8889d3bb37ff5885d1075984989cb37", "legacy": false, "compressed": false, "sampleRate": 60.0, "nRot": 0, "nPos": 0, "nScale": 0, "nFloat": 0, "nPPtr": 0, "bytes": 5873}
{"t": "AnimationClip", "name": "jiedianhuaBubble", "bundle": "gameres_main_dir_animation_buildbubble_f8889d3bb37ff5885d1075984989cb37", "legacy": false, "compressed": false, "sampleRate": 60.0, "nRot": 0, "nPos": 0, "nScale": 0, "nFloat": 0, "nPPtr": 0, "bytes": 7845}
{"t": "AnimationClip", "name": "StopBubble", "bundle": "gameres_main_dir_animation_buildbubble_f8889d3bb37ff5885d1075984989cb37", "legacy": false, "compressed": false, "sampleRate": 60.0, "nRot": 0, "nPos": 0, "nScale": 0, "nFloat": 0, "nPPtr": 0, "bytes": 6104}
{"t": "AnimationClip", "name": "EnterBubble_Newbies_legacy", "bundle": "gameres_main_dir_animation_buildbubble_f8889d3bb37ff5885d1075984989cb37", "legacy": true, "compressed": false, "sampleRate": 60.0, "nRot": 0, "nPos": 0, "nScale": 1, "nFloat": 0, "nPPtr": 0, "bytes": 7724}
{"t": "AnimationClip", "name": "NormalBubble", "bundle": "gameres_main_dir_animation_buildbubble_f8889d3bb37ff5885d1075984989cb37", "legacy": false, "compressed": false, "sampleRate": 60.0, "nRot": 0, "nPos": 0, "nScale": 0, "nFloat": 0, "nPPtr": 0, "bytes": 8844}
{"t": "AnimatorController", "name": "BuildNoConnect", "bundle": "gameres_main_dir_animation_building_buildconnect_51b077ebad3e478d8ecaa7d04db1099d", "legacy": null, "compressed": false, "sampleRate": null, "nRot": 0, "nPos": 0, "nScale": 0, "nFloat": 0, "nPPtr": 0, "bytes": 2508}
{"t": "AnimationClip", "name": "BuildConnectEffect", "bundle": "gameres_main_dir_animation_building_buildconnect_51b077ebad3e478d8ecaa7d04db1099d", "legacy": false, "compressed": false, "sampleRate": 60.0, "nRot": 0, "nPos": 0, "nScale": 0, "nFloat": 0, "nPPtr": 0, "bytes": 6900}
{"t": "AnimatorController", "name": "BuildNoConnectEffect", "bundle": "gameres_main_dir_animation_building_buildconnect_51b077ebad3e478d8ecaa7d04db1099d", "legacy": null, "compressed": false, "sampleRate": null, "nRot": 0, "nPos": 0, "nScale": 0, "nFloat": 0, "nPPtr": 0, "bytes": 2537}
{"t": "AnimatorController", "name": "BuildConnectEffect", "bundle": "gameres_main_dir_animation_building_buildconnect_51b077ebad3e478d8ecaa7d04db1099d", "legacy": null, "compressed": false, "sampleRate": null, "nRot": 0, "nPos": 0, "nScale": 0, "nFloat": 0, "nPPtr": 0, "bytes": 2533}
{"t": "AnimationClip", "name": "AircraftJoggle", "bundle": "gameres_main_dir_animation_building_buildconnect_51b077ebad3e478d8ecaa7d04db1099d", "legacy": false, "compressed": false, "sampleRate": 60.0, "nRot": 0, "nPos": 0, "nScale": 0, "nFloat": 0, "nPPtr": 0, "bytes": 6706}
{"t": "AnimatorController", "name": "BuildConnect", "bundle": "gameres_main_dir_animation_building_buildconnect_51b077ebad3e478d8ecaa7d04db1099d", "legacy": null, "compressed": false, "sampleRate": null, "nRot": 0, "nPos": 0, "nScale": 0, "nFloat": 0, "nPPtr": 0, "bytes": 2510}
{"t": "AnimationClip", "name": "BuildNoConnectEffect", "bundle": "gameres_main_dir_animation_building_buildconnect_51b077ebad3e478d8ecaa7d04db1099d", "legacy": false, "compressed": false, "sampleRate": 60.0, "nRot": 0, "nPos": 0, "nScale": 0, "nFloat": 0, "nPPtr": 0, "bytes": 5997}
{"t": "AnimationClip", "name": "DrillGroundJoggle", "bundle": "gameres_main_dir_animation_building_buildconnect_51b077ebad3e478d8ecaa7d04db1099d", "legacy": false, "compressed": false, "sampleRate": 60.0, "nRot": 0, "nPos": 0, "nScale": 0, "nFloat": 0, "nPPtr": 0, "bytes": 6711}
{"t": "AnimationClip", "name": "Normal", "bundle": "gameres_main_dir_animation_building_uibuildlist_e44b0684e6600d6b226d2743d0db1f99", "legacy": false, "compressed": false, "sampleRate": 60.0, "nRot": 0, "nPos": 0, "nScale": 0, "nFloat": 0, "nPPtr": 0, "bytes": 5868}
{"t": "AnimatorController", "name": "ControlCellTime", "bundle": "gameres_main_dir_animation_building_uibuildlist_e44b0684e6600d6b226d2743d0db1f99", "legacy": null, "compressed": false, "sampleRate": null, "nRot": 0, "nPos": 0, "nScale": 0, "nFloat": 0, "nPPtr": 0, "bytes": 2000}
{"t": "AnimationClip", "name": "UIBuildList_LW_moveout", "bundle": "gameres_main_dir_animation_building_uibuildlist_e44b0684e6600d6b226d2743d0db1f99", "legacy": false, "compressed": false, "sampleRate": 60.0, "nRot": 0, "nPos": 0, "nScale": 0, "nFloat": 0, "nPPtr": 0, "bytes": 7126}
{"t": "AnimationClip", "name": "UIBuildList_LW_movein", "bundle": "gameres_main_dir_animation_building_uibuildlist_e44b0684e6600d6b226d2743d0db1f99", "legacy": false, "compressed": false, "sampleRate": 60.0, "nRot": 0, "nPos": 0, "nScale": 0, "nFloat": 0, "nPPtr": 0, "bytes": 7191}
{"t": "AnimationClip", "name": "CellChangeDefault", "bundle": "gameres_main_dir_animation_building_uibuildlist_e44b0684e6600d6b226d2743d0db1f99", "legacy": false, "compressed": false, "sampleRate": 60.0, "nRot": 0, "nPos": 0, "nScale": 0, "nFloat": 0, "nPPtr": 0, "bytes": 6500}
{"t": "AnimationClip", "name": "CellChange", "bundle": "gameres_main_dir_animation_building_uibuildlist_e44b0684e6600d6b226d2743d0db1f99", "legacy": false, "compressed": false, "sampleRate": 60.0, "nRot": 0, "nPos": 0, "nScale": 0, "nFloat": 0, "nPPtr": 0, "bytes": 7148}
{"t": "AnimationClip", "name": "CellChangeNew_Build", "bundle": "gameres_main_dir_animation_building_uibuildlist_e44b0684e6600d6b226d2743d0db1f99", "legacy": false, "compressed": false, "sampleRate": 60.0, "nRot": 0, "nPos": 0, "nScale": 0, "nFloat": 0, "nPPtr": 0, "bytes": 8754}
{"t": "AnimationClip", "name": "CellChangeNormal", "bundle": "gameres_main_dir_animation_building_uibuildlist_e44b0684e6600d6b226d2743d0db1f99", "legacy": false, "compressed": false, "sampleRate": 60.0, "nRot": 0, "nPos": 0, "nScale": 0, "nFloat": 0, "nPPtr": 0, "bytes": 7499}
{"t": "AnimatorController", "name": "UIBuildListCellBtn", "bundle": "gameres_main_dir_animation_building_uibuildlist_e44b0684e6600d6b226d2743d0db1f99", "legacy": null, "compressed": false, "sampleRate": null, "nRot": 0, "nPos": 0, "nScale": 0, "nFloat": 0, "nPPtr": 0, "bytes": 11291}
{"t": "AnimationClip", "name": "CellChangeNew_Decorate", "bundle": "gameres_main_dir_animation_building_uibuildlist_e44b0684e6600d6b226d2743d0db1f99", "legacy": false, "compressed": false, "sampleRate": 60.0, "nRot": 0, "nPos": 0, "nScale": 0, "nFloat": 0, "nPPtr": 0, "bytes": 8756}
{"t": "AnimationClip", "name": "CellChangeShake", "bundle": "gameres_main_dir_animation_building_uibuildlist_e44b0684e6600d6b226d2743d0db1f99", "legacy": false, "compressed": false, "sampleRate": 60.0, "nRot": 0, "nPos": 0, "nScale": 0, "nFloat": 0, "nPPtr": 0, "bytes": 6275}
{"t": "AnimationClip", "name": "Disabled", "bundle": "gameres_main_dir_animation_building_uibuildlist_e44b0684e6600d6b226d2743d0db1f99", "legacy": false, "compressed": false, "sampleRate": 60.0, "nRot": 0, "nPos": 0, "nScale": 0, "nFloat": 0, "nPPtr": 0, "bytes": 5870}
{"t": "AnimationClip", "name": "Normal", "bundle": "gameres_main_dir_animation_building_uibuildlist_e44b0684e6600d6b226d2743d0db1f99", "legacy": false, "compressed": false, "sampleRate": 60.0, "nRot": 0, "nPos": 0, "nScale": 0, "nFloat": 0, "nPPtr": 0, "bytes": 5868}
{"t": "AnimatorController", "name": "CellChange", "bundle": "gameres_main_dir_animation_building_uibuildlist_e44b0684e6600d6b226d2743d0db1f99", "legacy": null, "compressed": false, "sampleRate": null, "nRot": 0, "nPos": 0, "nScale": 0, "nFloat": 0, "nPPtr": 0, "bytes": 11784}
{"t": "AnimationClip", "name": "Highlighted", "bundle": "gameres_main_dir_animation_building_uibuildlist_e44b0684e6600d6b226d2743d0db1f99", "legacy": false, "compressed": false, "sampleRate": 60.0, "nRot": 0, "nPos": 0, "nScale": 0, "nFloat": 0, "nPPtr": 0, "bytes": 6563}
{"t": "AnimationClip", "name": "CellChangeForFactory", "bundle": "gameres_main_dir_animation_building_uibuildlist_e44b0684e6600d6b226d2743d0db1f99", "legacy": false, "compressed": false, "sampleRate": 60.0, "nRot": 0, "nPos": 0, "nScale": 0, "nFloat": 0, "nPPtr": 0, "bytes": 6935}
{"t": "AnimatorController", "name": "UIBuildList_LW", "bundle": "gameres_main_dir_animation_building_uibuildlist_e44b0684e6600d6b226d2743d0db1f99", "legacy": null, "compressed": false, "sampleRate": null, "nRot": 0, "nPos": 0, "nScale": 0, "nFloat": 0, "nPPtr": 0, "bytes": 3649}
{"t": "AnimationClip", "name": "Pressed", "bundle": "gameres_main_dir_animation_building_uibuildlist_e44b0684e6600d6b226d2743d0db1f99", "legacy": false, "compressed": false, "sampleRate": 60.0, "nRot": 0, "nPos": 0, "nScale": 0, "nFloat": 0, "nPPtr": 0, "bytes": 5959}
{"t": "AnimatorController", "name": "UIPlaceBuild", "bundle": "gameres_main_dir_animation_building_uiplacebuild_d7a4a123aa68085f1d1429bdeaf76e20", "legacy": null, "compressed": false, "sampleRate": null, "nRot": 0, "nPos": 0, "nScale": 0, "nFloat": 0, "nPPtr": 0, "bytes": 3637}
{"t": "AnimationClip", "name": "UIPlaceBuild_moveout", "bundle": "gameres_main_dir_animation_building_uiplacebuild_d7a4a123aa68085f1d1429bdeaf76e20", "legacy": false, "compressed": false, "sampleRate": 60.0, "nRot": 0, "nPos": 0, "nScale": 0, "nFloat": 0, "nPPtr": 0, "bytes": 5947}
{"t": "AnimationClip", "name": "UIPlaceBuild_movein", "bundle": "gameres_main_dir_animation_building_uiplacebuild_d7a4a123aa68085f1d1429bdeaf76e20", "legacy": false, "compressed": false, "sampleRate": 60.0, "nRot": 0, "nPos": 0, "nScale": 0, "nFloat": 0, "nPPtr": 0, "bytes": 5937}
{"t": "AnimationClip", "name": "shu_placed", "bundle": "gameres_main_dir_animation_building_zeroupgradetimeline_1854827f6592bff57fc8788948ea853f", "legacy": false, "compressed": false, "sampleRate": 30.0, "nRot": 0, "nPos": 0, "nScale": 0, "nFloat": 0, "nPPtr": 0, "bytes": 10449}
{"t": "AnimationClip", "name": "Recorded", "bundle": "gameres_main_dir_animation_building_zeroupgradetimeline_1854827f6592bff57fc8788948ea853f", "legacy": false, "compressed": false, "sampleRate": 60.0, "nRot": 0, "nPos": 0, "nScale": 0, "nFloat": 0, "nPPtr": 0, "bytes": 6474}
{"t": "AnimationClip", "name": "hxnc_idle", "bundle": "gameres_main_dir_animation_building_zeroupgradetimeline_1854827f6592bff57fc8788948ea853f", "legacy": false, "compressed": false, "sampleRate": 30.0, "nRot": 0, "nPos": 0, "nScale": 0, "nFloat": 0, "nPPtr": 0, "bytes": 11553}
{"t": "AnimationClip", "name": "shu_triggr", "bundle": "gameres_main_dir_animation_building_zeroupgradetimeline_1854827f6592bff57fc8788948ea853f", "legacy": false, "compressed": false, "sampleRate": 30.0, "nRot": 0, "nPos": 0, "nScale": 0, "nFloat": 0, "nPPtr": 0, "bytes": 8816}
{"t": "AnimationClip", "name": "dm02_xs_mov_show", "bundle": "gameres_main_dir_animation_building_zeroupgradetimeline_1854827f6592bff57fc8788948ea853f", "legacy": false, "compressed": false, "sampleRate": 30.0, "nRot": 0, "nPos": 0, "nScale": 0, "nFloat": 0, "nPPtr": 0, "bytes": 20013}
{"t": "AnimationClip", "name": "hxnc_placed", "bundle": "gameres_main_dir_animation_building_zeroupgradetimeline_1854827f6592bff57fc8788948ea853f", "legacy": false, "compressed": false, "sampleRate": 30.0, "nRot": 0, "nPos": 0, "nScale": 0, "nFloat": 0, "nPPtr": 0, "bytes": 20350}
{"t": "AnimationClip", "name": "lm02_xs_mov_show", "bundle": "gameres_main_dir_animation_building_zeroupgradetimeline_1854827f6592bff57fc8788948ea853f", "legacy": false, "compressed": false, "sampleRate": 30.0, "nRot": 0, "nPos": 0, "nScale": 0, "nFloat": 0, "nPPtr": 0, "bytes": 24113}
{"t": "AnimationClip", "name": "A_build@dm02_xs_mov_caizhi", "bundle": "gameres_main_dir_animation_building_zeroupgradetimeline_1854827f6592bff57fc8788948ea853f", "legacy": false, "compressed": false, "sampleRate": 60.0, "nRot": 0, "nPos": 0, "nScale": 0, "nFloat": 0, "nPPtr": 0, "bytes": 6293}
{"t": "AnimationClip", "name": "Recorded (1)", "bundle": "gameres_main_dir_animation_building_zeroupgradetimeline_1854827f6592bff57fc8788948ea853f", "legacy": false, "compressed": false, "sampleRate": 60.0, "nRot": 0, "nPos": 0, "nScale": 0, "nFloat": 0, "nPPtr": 0, "bytes": 6237}
{"t": "AnimationClip", "name": "zongbudalou_xs_mov_show", "bundle": "gameres_main_dir_animation_building_zeroupgradetimeline_1854827f6592bff57fc8788948ea853f", "legacy": false, "compressed": false, "sampleRate": 30.0, "nRot": 0, "nPos": 0, "nScale": 0, "nFloat": 0, "nPPtr": 0, "bytes": 17535}
{"t": "AnimationClip", "name": "Anim_Wall_build", "bundle": "gameres_main_dir_animation_cityzone_e8be5cc03051098429d5357cde74b421", "legacy": true, "compressed": false, "sampleRate": 60.0, "nRot": 0, "nPos": 0, "nScale": 0, "nFloat": 1, "nPPtr": 0, "bytes": 6084}
{"t": "AnimationClip", "name": "Disabled", "bundle": "gameres_main_dir_animation_f0ab5937b04feeb54d29021067ee04f5", "legacy": false, "compressed": false, "sampleRate": 60.0, "nRot": 0, "nPos": 0, "nScale": 0, "nFloat": 0, "nPPtr": 0, "bytes": 5960}
{"t": "AnimationClip", "name": "Highlighted", "bundle": "gameres_main_dir_animation_f0ab5937b04feeb54d29021067ee04f5", "legacy": false, "compressed": false, "sampleRate": 60.0, "nRot": 0, "nPos": 0, "nScale": 0, "nFloat": 0, "nPPtr": 0, "bytes": 5963}
{"t": "AnimationClip", "name": "Disabled", "bundle": "gameres_main_dir_animation_f0ab5937b04feeb54d29021067ee04f5", "legacy": false, "compressed": false, "sampleRate": 60.0, "nRot": 0, "nPos": 0, "nScale": 0, "nFloat": 0, "nPPtr": 0, "bytes": 5626}
{"t": "AnimationClip", "name": "Normal", "bundle": "gameres_main_dir_animation_f0ab5937b04feeb54d29021067ee04f5", "legacy": false, "compressed": false, "sampleRate": 60.0, "nRot": 0, "nPos": 0, "nScale": 0, "nFloat": 0, "nPPtr": 0, "bytes": 8934}
{"t": "AnimationClip", "name": "Highlighted", "bundle": "gameres_main_dir_animation_f0ab5937b04feeb54d29021067ee04f5", "legacy": false, "compressed": false, "sampleRate": 60.0, "nRot": 0, "nPos": 0, "nScale": 0, "nFloat": 0, "nPPtr": 0, "bytes": 5629}
{"t": "AnimatorController", "name": "UIBreathe", "bundle": "gameres_main_dir_animation_f0ab5937b04feeb54d29021067ee04f5", "legacy": null, "compressed": false, "sampleRate": null, "nRot": 0, "nPos": 0, "nScale": 0, "nFloat": 0, "nPPtr": 0, "bytes": 2502}
{"t": "AnimationClip", "name": "Highlighted", "bundle": "gameres_main_dir_animation_f0ab5937b04feeb54d29021067ee04f5", "legacy": false, "compressed": false, "sampleRate": 60.0, "nRot": 0, "nPos": 0, "nScale": 0, "nFloat": 0, "nPPtr": 0, "bytes": 5629}
{"t": "AnimationClip", "name": "Disabled", "bundle": "gameres_main_dir_animation_f0ab5937b04feeb54d29021067ee04f5", "legacy": false, "compressed": false, "sampleRate": 60.0, "nRot": 0, "nPos": 0, "nScale": 0, "nFloat": 0, "nPPtr": 0, "bytes": 5626}
{"t": "AnimationClip", "name": "Pressed", "bundle": "gameres_main_dir_animation_f0ab5937b04feeb54d29021067ee04f5", "legacy": false, "compressed": false, "sampleRate": 60.0, "nRot": 0, "nPos": 0, "nScale": 0, "nFloat": 0, "nPPtr": 0, "bytes": 5625}
{"t": "AnimationClip", "name": "UIBreathe", "bundle": "gameres_main_dir_animation_f0ab5937b04feeb54d29021067ee04f5", "legacy": false, "compressed": false, "sampleRate": 60.0, "nRot": 0, "nPos": 0, "nScale": 0, "nFloat": 0, "nPPtr": 0, "bytes": 6554}
{"t": "AnimationClip", "name": "Pressed", "bundle": "gameres_main_dir_animation_f0ab5937b04feeb54d29021067ee04f5", "legacy": false, "compressed": false, "sampleRate": 60.0, "nRot": 0, "nPos": 0, "nScale": 0, "nFloat": 0, "nPPtr": 0, "bytes": 5956}
{"t": "AnimatorController", "name": "hongquan", "bundle": "gameres_main_dir_animation_f0ab5937b04feeb54d29021067ee04f5", "legacy": null, "compressed": false, "sampleRate": null, "nRot": 0, "nPos": 0, "nScale": 0, "nFloat": 0, "nPPtr": 0, "bytes": 2507}
{"t": "AnimationClip", "name": "qipao_huangdong", "bundle": "gameres_main_dir_animation_f0ab5937b04feeb54d29021067ee04f5", "legacy": true, "compressed": false, "sampleRate": 60.0, "nRot": 1, "nPos": 0, "nScale": 0, "nFloat": 0, "nPPtr": 0, "bytes": 53673}
{"t": "AnimatorController", "name": "BoxRotation", "bundle": "gameres_main_dir_animation_f0ab5937b04feeb54d29021067ee04f5", "legacy": null, "compressed": false, "sampleRate": null, "nRot": 0, "nPos": 0, "nScale": 0, "nFloat": 0, "nPPtr": 0, "bytes": 2508}
{"t": "AnimationClip", "name": "CoinScale", "bundle": "gameres_main_dir_animation_f0ab5937b04feeb54d29021067ee04f5", "legacy": false, "compressed": false, "sampleRate": 60.0, "nRot": 0, "nPos": 0, "nScale": 0, "nFloat": 0, "nPPtr": 0, "bytes": 6194}
{"t": "AnimatorController", "name": "ChapterTaskNewAniCOn", "bundle": "gameres_main_dir_animation_f0ab5937b04feeb54d29021067ee04f5", "legacy": null, "compressed": false, "sampleRate": null, "nRot": 0, "nPos": 0, "nScale": 0, "nFloat": 0, "nPPtr": 0, "bytes": 7068}
{"t": "AnimatorController", "name": "coin", "bundle": "gameres_main_dir_animation_f0ab5937b04feeb54d29021067ee04f5", "legacy": null, "compressed": false, "sampleRate": null, "nRot": 0, "nPos": 0, "nScale": 0, "nFloat": 0, "nPPtr": 0, "bytes": 2498}
{"t": "AnimationClip", "name": "Pressed", "bundle": "gameres_main_dir_animation_f0ab5937b04feeb54d29021067ee04f5", "legacy": false, "compressed": false, "sampleRate": 60.0, "nRot": 0, "nPos": 0, "nScale": 0, "nFloat": 0, "nPPtr": 0, "bytes": 5959}
{"t": "AnimationClip", "name": "LoadingMask", "bundle": "gameres_main_dir_animation_f0ab5937b04feeb54d29021067ee04f5", "legacy": true, "compressed": false, "sampleRate": 60.0, "nRot": 0, "nPos": 0, "nScale": 0, "nFloat": 0, "nPPtr": 0, "bytes": 6790}
{"t": "AnimatorController", "name": "RecruitCardClick", "bundle": "gameres_main_dir_animation_f0ab5937b04feeb54d29021067ee04f5", "legacy": null, "compressed": false, "sampleRate": null, "nRot": 0, "nPos": 0, "nScale": 0, "nFloat": 0, "nPPtr": 0, "bytes": 11397}
{"t": "AnimationClip", "name": "Rotation", "bundle": "gameres_main_dir_animation_f0ab5937b04feeb54d29021067ee04f5", "legacy": true, "compressed": false, "sampleRate": 60.0, "nRot": 0, "nPos": 0, "nScale": 0, "nFloat": 0, "nPPtr": 0, "bytes": 6764}
{"t": "AnimationClip", "name": "hongquanRot", "bundle": "gameres_main_dir_animation_f0ab5937b04feeb54d29021067ee04f5", "legacy": false, "compressed": false, "sampleRate": 60.0, "nRot": 0, "nPos": 0, "nScale": 0, "nFloat": 0, "nPPtr": 0, "bytes": 6130}
{"t": "AnimatorController", "name": "res_swing", "bundle": "gameres_main_dir_animation_f0ab5937b04feeb54d29021067ee04f5", "legacy": null, "compressed": false, "sampleRate": null, "nRot": 0, "nPos": 0, "nScale": 0, "nFloat": 0, "nPPtr": 0, "bytes": 2504}
{"t": "AnimationClip", "name": "Flicker", "bundle": "gameres_main_dir_animation_f0ab5937b04feeb54d29021067ee04f5", "legacy": false, "compressed": false, "sampleRate": 60.0, "nRot": 0, "nPos": 0, "nScale": 0, "nFloat": 0, "nPPtr": 0, "bytes": 6553}
{"t": "AnimationClip", "name": "Pressed", "bundle": "gameres_main_dir_animation_f0ab5937b04feeb54d29021067ee04f5", "legacy": false, "compressed": false, "sampleRate": 60.0, "nRot": 0, "nPos": 0, "nScale": 0, "nFloat": 0, "nPPtr": 0, "bytes": 6190}
{"t": "AnimationClip", "name": "UIMoving", "bundle": "gameres_main_dir_animation_f0ab5937b04feeb54d29021067ee04f5", "legacy": false, "compressed": false, "sampleRate": 60.0, "nRot": 0, "nPos": 0, "nScale": 0, "nFloat": 0, "nPPtr": 0, "bytes": 17124}
{"t": "AnimationClip", "name": "ToggleOff", "bundle": "gameres_main_dir_animation_f0ab5937b04feeb54d29021067ee04f5", "legacy": false, "compressed": false, "sampleRate": 60.0, "nRot": 0, "nPos": 0, "nScale": 0, "nFloat": 0, "nPPtr": 0, "bytes": 8937}
{"t": "AnimationClip", "name": "BoxRotation", "bundle": "gameres_main_dir_animation_f0ab5937b04feeb54d29021067ee04f5", "legacy": false, "compressed": false, "sampleRate": 45.0, "nRot": 0, "nPos": 0, "nScale": 0, "nFloat": 0, "nPPtr": 0, "bytes": 6663}
{"t": "AnimationClip", "name": "Disabled", "bundle": "gameres_main_dir_animation_f0ab5937b04feeb54d29021067ee04f5", "legacy": false, "compressed": false, "sampleRate": 60.0, "nRot": 0, "nPos": 0, "nScale": 0, "nFloat": 0, "nPPtr": 0, "bytes": 5626}
{"t": "AnimationClip", "name": "Pressed_Loop", "bundle": "gameres_main_dir_animation_f0ab5937b04feeb54d29021067ee04f5", "legacy": false, "compressed": false, "sampleRate": 60.0, "nRot": 0, "nPos": 0, "nScale": 0, "nFloat": 0, "nPPtr": 0, "bytes": 6348}
{"t": "AnimationClip", "name": "Buildstateicon", "bundle": "gameres_main_dir_animation_f0ab5937b04feeb54d29021067ee04f5", "legacy": false, "compressed": false, "sampleRate": 60.0, "nRot": 0, "nPos": 0, "nScale": 0, "nFloat": 0, "nPPtr": 0, "bytes": 5632}
{"t": "AnimatorController", "name": "RedRect", "bundle": "gameres_main_dir_animation_f0ab5937b04feeb54d29021067ee04f5", "legacy": null, "compressed": false, "sampleRate": null, "nRot": 0, "nPos": 0, "nScale": 0, "nFloat": 0, "nPPtr": 0, "bytes": 2497}
{"t": "AnimationClip", "name": "tower_light", "bundle": "gameres_main_dir_animation_f0ab5937b04feeb54d29021067ee04f5", "legacy": true, "compressed": false, "sampleRate": 60.0, "nRot": 1, "nPos": 0, "nScale": 0, "nFloat": 0, "nPPtr": 0, "bytes": 165847}
{"t": "AnimationClip", "name": "Normal", "bundle": "gameres_main_dir_animation_f0ab5937b04feeb54d29021067ee04f5", "legacy": false, "compressed": false, "sampleRate": 60.0, "nRot": 0, "nPos": 0, "nScale": 0, "nFloat": 0, "nPPtr": 0, "bytes": 5868}
{"t": "AnimationClip", "name": "MaskScale", "bundle": "gameres_main_dir_animation_f0ab5937b04feeb54d29021067ee04f5", "legacy": false, "compressed": false, "sampleRate": 60.0, "nRot": 0, "nPos": 0, "nScale": 0, "nFloat": 0, "nPPtr": 0, "bytes": 6165}
{"t": "AnimationClip", "name": "Normal", "bundle": "gameres_main_dir_animation_f0ab5937b04feeb54d29021067ee04f5", "legacy": false, "compressed": false, "sampleRate": 60.0, "nRot": 0, "nPos": 0, "nScale": 0, "nFloat": 0, "nPPtr": 0, "bytes": 5868}
{"t": "AnimationClip", "name": "Normal", "bundle": "gameres_main_dir_animation_f0ab5937b04feeb54d29021067ee04f5", "legacy": false, "compressed": false, "sampleRate": 60.0, "nRot": 0, "nPos": 0, "nScale": 0, "nFloat": 0, "nPPtr": 0, "bytes": 5958}
{"t": "AnimationClip", "name": "UIGuideWarning", "bundle": "gameres_main_dir_animation_f0ab5937b04feeb54d29021067ee04f5", "legacy": true, "compressed": false, "sampleRate": 60.0, "nRot": 0, "nPos": 0, "nScale": 0, "nFloat": 4, "nPPtr": 0, "bytes": 7644}
{"t": "AnimationClip", "name": "anim", "bundle": "gameres_main_dir_animation_f0ab5937b04feeb54d29021067ee04f5", "legacy": false, "compressed": false, "sampleRate": 60.0, "nRot": 0, "nPos": 0, "nScale": 0, "nFloat": 0, "nPPtr": 0, "bytes": 6123}
{"t": "AnimatorController", "name": "ButtonNormal", "bundle": "gameres_main_dir_animation_f0ab5937b04feeb54d29021067ee04f5", "legacy": null, "compressed": false, "sampleRate": null, "nRot": 0, "nPos": 0, "nScale": 0, "nFloat": 0, "nPPtr": 0, "bytes": 8155}
{"t": "AnimatorController", "name": "OnOff", "bundle": "gameres_main_dir_animation_f0ab5937b04feeb54d29021067ee04f5", "legacy": null, "compressed": false, "sampleRate": null, "nRot": 0, "nPos": 0, "nScale": 0, "nFloat": 0, "nPPtr": 0, "bytes": 9782}
{"t": "AnimatorController", "name": "green_block", "bundle": "gameres_main_dir_animation_f0ab5937b04feeb54d29021067ee04f5", "legacy": null, "compressed": false, "sampleRate": null, "nRot": 0, "nPos": 0, "nScale": 0, "nFloat": 0, "nPPtr": 0, "bytes": 2508}
{"t": "AnimationClip", "name": "ToggleOn", "bundle": "gameres_main_dir_animation_f0ab5937b04feeb54d29021067ee04f5", "legacy": false, "compressed": false, "sampleRate": 60.0, "nRot": 0, "nPos": 0, "nScale": 0, "nFloat": 0, "nPPtr": 0, "bytes": 8966}
{"t": "AnimationClip", "name": "Selected", "bundle": "gameres_main_dir_animation_f0ab5937b04feeb54d29021067ee04f5", "legacy": false, "compressed": false, "sampleRate": 60.0, "nRot": 0, "nPos": 0, "nScale": 0, "nFloat": 0, "nPPtr": 0, "bytes": 8966}
{"t": "AnimationClip", "name": "Common_wifi", "bundle": "gameres_main_dir_animation_f0ab5937b04feeb54d29021067ee04f5", "legacy": false, "compressed": false, "sampleRate": 60.0, "nRot": 0, "nPos": 0, "nScale": 0, "nFloat": 0, "nPPtr": 0, "bytes": 12886}
{"t": "AnimationClip", "name": "GreenBlock", "bundle": "gameres_main_dir_animation_f0ab5937b04feeb54d29021067ee04f5", "legacy": false, "compressed": false, "sampleRate": 60.0, "nRot": 0, "nPos": 0, "nScale": 0, "nFloat": 0, "nPPtr": 0, "bytes": 6608}
{"t": "AnimationClip", "name": "res_swing", "bundle": "gameres_main_dir_animation_f0ab5937b04feeb54d29021067ee04f5", "legacy": false, "compressed": false, "sampleRate": 60.0, "nRot": 0, "nPos": 0, "nScale": 0, "nFloat": 0, "nPPtr": 0, "bytes": 6251}
{"t": "AnimationClip", "name": "cityBuffUse", "bundle": "gameres_main_dir_animation_f0ab5937b04feeb54d29021067ee04f5", "legacy": true, "compressed": false, "sampleRate": 60.0, "nRot": 0, "nPos": 0, "nScale": 0, "nFloat": 8, "nPPtr": 0, "bytes": 11290}
{"t": "AnimatorController", "name": "MaskScaleCtrl", "bundle": "gameres_main_dir_animation_f0ab5937b04feeb54d29021067ee04f5", "legacy": null, "compressed": false, "sampleRate": null, "nRot": 0, "nPos": 0, "nScale": 0, "nFloat": 0, "nPPtr": 0, "bytes": 2509}
{"t": "AnimationClip", "name": "Highlighted", "bundle": "gameres_main_dir_animation_f0ab5937b04feeb54d29021067ee04f5", "legacy": false, "compressed": false, "sampleRate": 60.0, "nRot": 0, "nPos": 0, "nScale": 0, "nFloat": 0, "nPPtr": 0, "bytes": 5629}
{"t": "AnimationClip", "name": "Normal", "bundle": "gameres_main_dir_animation_f0ab5937b04feeb54d29021067ee04f5", "legacy": false, "compressed": false, "sampleRate": 60.0, "nRot": 0, "nPos": 0, "nScale": 0, "nFloat": 0, "nPPtr": 0, "bytes": 5624}
{"t": "AnimatorController", "name": "UIWaiting", "bundle": "gameres_main_dir_animation_f0ab5937b04feeb54d29021067ee04f5", "legacy": null, "compressed": false, "sampleRate": null, "nRot": 0, "nPos": 0, "nScale": 0, "nFloat": 0, "nPPtr": 0, "bytes": 2494}
{"t": "AnimatorController", "name": "UIMoving", "bundle": "gameres_main_dir_animation_f0ab5937b04feeb54d29021067ee04f5", "legacy": null, "compressed": false, "sampleRate": null, "nRot": 0, "nPos": 0, "nScale": 0, "nFloat": 0, "nPPtr": 0, "bytes": 2499}
{"t": "AnimationClip", "name": "guideArrow", "bundle": "gameres_main_dir_animation_f0ab5937b04feeb54d29021067ee04f5", "legacy": true, "compressed": false, "sampleRate": 60.0, "nRot": 0, "nPos": 0, "nScale": 0, "nFloat": 12, "nPPtr": 0, "bytes": 12421}
{"t": "AnimatorController", "name": "Num", "bundle": "gameres_main_dir_animation_firstjoinalliance_0_07e1b7e995bb6c908f571c71bac4845c", "legacy": null, "compressed": false, "sampleRate": null, "nRot": 0, "nPos": 0, "nScale": 0, "nFloat": 0, "nPPtr": 0, "bytes": 3677}
{"t": "AnimationClip", "name": "V_ui_WorldHighFiveBubble_out", "bundle": "gameres_main_dir_animation_firstjoinalliance_0_07e1b7e995bb6c908f571c71bac4845c", "legacy": false, "compressed": false, "sampleRate": 60.0, "nRot": 0, "nPos": 0, "nScale": 0, "nFloat": 0, "nPPtr": 0, "bytes": 9016}
{"t": "AnimationClip", "name": "V_ui_WorldHighFiveBubble_in", "bundle": "gameres_main_dir_animation_firstjoinalliance_0_07e1b7e995bb6c908f571c71bac4845c", "legacy": false, "compressed": false, "sampleRate": 60.0, "nRot": 0, "nPos": 0, "nScale": 0, "nFloat": 0, "nPPtr": 0, "bytes": 9322}
{"t": "AnimatorController", "name": "HighFiveBtn", "bundle": "gameres_main_dir_animation_firstjoinalliance_0_07e1b7e995bb6c908f571c71bac4845c", "legacy": null, "compressed": false, "sampleRate": null, "nRot": 0, "nPos": 0, "nScale": 0, "nFloat": 0, "nPPtr": 0, "bytes": 7602}
{"t": "AnimationClip", "name": "V_ui_WorldHighFiveBubble_Num_up", "bundle": "gameres_main_dir_animation_firstjoinalliance_0_07e1b7e995bb6c908f571c71bac4845c", "legacy": false, "compressed": false, "sampleRate": 60.0, "nRot": 0, "nPos": 0, "nScale": 0, "nFloat": 0, "nPPtr": 0, "bytes": 6469}
{"t": "AnimationClip", "name": "V_ui_WorldHighFiveBubble_in01", "bundle": "gameres_main_dir_animation_firstjoinalliance_1_c4b61184d750aafc6e2956978b22f9d8", "legacy": false, "compressed": false, "sampleRate": 60.0, "nRot": 0, "nPos": 0, "nScale": 0, "nFloat": 0, "nPPtr": 0, "bytes": 8361}
{"t": "AnimationClip", "name": "V_ui_WorldHighFiveBubble_idle01", "bundle": "gameres_main_dir_animation_firstjoinalliance_2_f5803b14dba179e81a9a6a8c49f8c44f", "legacy": false, "compressed": false, "sampleRate": 60.0, "nRot": 0, "nPos": 0, "nScale": 0, "nFloat": 0, "nPPtr": 0, "bytes": 9145}
{"t": "AnimationClip", "name": "V_ui_WorldHighFiveBubble_shake", "bundle": "gameres_main_dir_animation_firstjoinalliance_2_f5803b14dba179e81a9a6a8c49f8c44f", "legacy": false, "compressed": false, "sampleRate": 60.0, "nRot": 0, "nPos": 0, "nScale": 0, "nFloat": 0, "nPPtr": 0, "bytes": 10015}
{"t": "AnimationClip", "name": "SeasonPreview_idle_s1", "bundle": "gameres_main_dir_animation_season_s1_6_fa3bcaa58f9821c8dd23e0a2d9aa539e", "legacy": false, "compressed": false, "sampleRate": 60.0, "nRot": 0, "nPos": 0, "nScale": 0, "nFloat": 0, "nPPtr": 0, "bytes": 6669}
{"t": "AnimationClip", "name": "SeasonPreview_change_s2", "bundle": "gameres_main_dir_animation_season_s2_0_ecf02810b809ab46be07c1b877b02a61", "legacy": false, "compressed": false, "sampleRate": 60.0, "nRot": 0, "nPos": 0, "nScale": 0, "nFloat": 0, "nPPtr": 0, "bytes": 7690}
{"t": "AnimationClip", "name": "SeasonPreview_open_s2", "bundle": "gameres_main_dir_animation_season_s2_4_16115b0eb3a61f81a0515d0e666a543c", "legacy": false, "compressed": false, "sampleRate": 60.0, "nRot": 0, "nPos": 0, "nScale": 0, "nFloat": 0, "nPPtr": 0, "bytes": 7900}
{"t": "AnimatorController", "name": "SeasonPreview_s2", "bundle": "gameres_main_dir_animation_season_s2_6_8a20c047a5bf763dcb1c2dfa71d31881", "legacy": null, "compressed": false, "sampleRate": null, "nRot": 0, "nPos": 0, "nScale": 0, "nFloat": 0, "nPPtr": 0, "bytes": 4758}
{"t": "AnimationClip", "name": "SeasonPreview_idle_s2", "bundle": "gameres_main_dir_animation_season_s2_8_0912f1f20792239fd930631dc396f50c", "legacy": false, "compressed": false, "sampleRate": 60.0, "nRot": 0, "nPos": 0, "nScale": 0, "nFloat": 0, "nPPtr": 0, "bytes": 6905}
{"t": "AnimatorController", "name": "cover", "bundle": "gameres_main_dir_animation_uiactivitydownloadmain_0_aae7aaa3ee5e61febc1446a4e964256c", "legacy": null, "compressed": false, "sampleRate": null, "nRot": 0, "nPos": 0, "nScale": 0, "nFloat": 0, "nPPtr": 0, "bytes": 2544}
{"t": "AnimatorController", "name": "icon", "bundle": "gameres_main_dir_animation_uiactivitydownloadmain_3_de05ea9f8dfac0ed4352938ceaf8f48e", "legacy": null, "compressed": false, "sampleRate": null, "nRot": 0, "nPos": 0, "nScale": 0, "nFloat": 0, "nPPtr": 0, "bytes": 2554}
{"t": "AnimationClip", "name": "V_ui_ActivityDownloadMain_CompleteBtn", "bundle": "gameres_main_dir_animation_uiactivitydownloadmain_3_de05ea9f8dfac0ed4352938ceaf8f48e", "legacy": false, "compressed": false, "sampleRate": 60.0, "nRot": 0, "nPos": 0, "nScale": 0, "nFloat": 0, "nPPtr": 0, "bytes": 7511}
{"t": "AnimationClip", "name": "V_ui_ActivityDownloadMain_DownloadBtn", "bundle": "gameres_main_dir_animation_uiactivitydownloadmain_6_f8ad8ffd803181751a28b64506db67fb", "legacy": false, "compressed": false, "sampleRate": 60.0, "nRot": 0, "nPos": 0, "nScale": 0, "nFloat": 0, "nPPtr": 0, "bytes": 6058}
{"t": "AnimationClip", "name": "V_ui_ActivityDownloadMain_Slider", "bundle": "gameres_main_dir_animation_uiactivitydownloadmain_6_f8ad8ffd803181751a28b64506db67fb", "legacy": false, "compressed": false, "sampleRate": 60.0, "nRot": 0, "nPos": 0, "nScale": 0, "nFloat": 0, "nPPtr": 0, "bytes": 6852}
{"t": "AnimationClip", "name": "LockIdle", "bundle": "gameres_main_dir_animation_fog_2ab5271a7e78c014eab4d9cd348bcec8", "legacy": false, "compressed": false, "sampleRate": 60.0, "nRot": 0, "nPos": 0, "nScale": 0, "nFloat": 0, "nPPtr": 0, "bytes": 6259}
{"t": "AnimatorController", "name": "FogCanUnlockCell", "bundle": "gameres_main_dir_animation_fog_2ab5271a7e78c014eab4d9cd348bcec8", "legacy": null, "compressed": false, "sampleRate": null, "nRot": 0, "nPos": 0, "nScale": 0, "nFloat": 0, "nPPtr": 0, "bytes": 5799}
{"t": "AnimationClip", "name": "CanLockToUnlock", "bundle": "gameres_main_dir_animation_fog_2ab5271a7e78c014eab4d9cd348bcec8", "legacy": false, "compressed": false, "sampleRate": 60.0, "nRot": 0, "nPos": 0, "nScale": 0, "nFloat": 0, "nPPtr": 0, "bytes": 6396}
{"t": "AnimationClip", "name": "CanUnlockIdle", "bundle": "gameres_main_dir_animation_fog_2ab5271a7e78c014eab4d9cd348bcec8", "legacy": false, "compressed": false, "sampleRate": 60.0, "nRot": 0, "nPos": 0, "nScale": 0, "nFloat": 0, "nPPtr": 0, "bytes": 6300}
{"t": "AnimationClip", "name": "LockToCanUnlock", "bundle": "gameres_main_dir_animation_fog_2ab5271a7e78c014eab4d9cd348bcec8", "legacy": false, "compressed": false, "sampleRate": 60.0, "nRot": 0, "nPos": 0, "nScale": 0, "nFloat": 0, "nPPtr": 0, "bytes": 6360}
{"t": "AnimationClip", "name": "UIRecommendShow", "bundle": "gameres_main_dir_animation_guide_d0e8ad32d867fdb0b6c9d97d9c0b8f67", "legacy": false, "compressed": false, "sampleRate": 60.0, "nRot": 0, "nPos": 0, "nScale": 0, "nFloat": 0, "nPPtr": 0, "bytes": 6500}
{"t": "AnimationClip", "name": "UIGuideTipHide4", "bundle": "gameres_main_dir_animation_guide_d0e8ad32d867fdb0b6c9d97d9c0b8f67", "legacy": false, "compressed": false, "sampleRate": 60.0, "nRot": 0, "nPos": 0, "nScale": 0, "nFloat": 0, "nPPtr": 0, "bytes": 7883}
{"t": "AnimationClip", "name": "UIGuideTipHide3", "bundle": "gameres_main_dir_animation_guide_d0e8ad32d867fdb0b6c9d97d9c0b8f67", "legacy": false, "compressed": false, "sampleRate": 60.0, "nRot": 0, "nPos": 0, "nScale": 0, "nFloat": 0, "nPPtr": 0, "bytes": 7871}
{"t": "AnimationClip", "name": "UIGuideTalkModelHideLeft", "bundle": "gameres_main_dir_animation_guide_d0e8ad32d867fdb0b6c9d97d9c0b8f67", "legacy": false, "compressed": false, "sampleRate": 60.0, "nRot": 0, "nPos": 0, "nScale": 0, "nFloat": 0, "nPPtr": 0, "bytes": 6087}
{"t": "AnimationClip", "name": "UIRecommendLightShow", "bundle": "gameres_main_dir_animation_guide_d0e8ad32d867fdb0b6c9d97d9c0b8f67", "legacy": false, "compressed": false, "sampleRate": 60.0, "nRot": 0, "nPos": 0, "nScale": 0, "nFloat": 0, "nPPtr": 0, "bytes": 7689}
{"t": "AnimationClip", "name": "V_uiguidegrow_nongchang", "bundle": "gameres_main_dir_animation_guide_d0e8ad32d867fdb0b6c9d97d9c0b8f67", "legacy": false, "compressed": false, "sampleRate": 60.0, "nRot": 0, "nPos": 0, "nScale": 0, "nFloat": 0, "nPPtr": 0, "bytes": 23241}
{"t": "AnimationClip", "name": "UIGuideTipHide1", "bundle": "gameres_main_dir_animation_guide_d0e8ad32d867fdb0b6c9d97d9c0b8f67", "legacy": false, "compressed": false, "sampleRate": 60.0, "nRot": 0, "nPos": 0, "nScale": 0, "nFloat": 0, "nPPtr": 0, "bytes": 7874}
{"t": "AnimationClip", "name": "UIShowBlackCellDefault", "bundle": "gameres_main_dir_animation_guide_d0e8ad32d867fdb0b6c9d97d9c0b8f67", "legacy": false, "compressed": false, "sampleRate": 60.0, "nRot": 0, "nPos": 0, "nScale": 0, "nFloat": 0, "nPPtr": 0, "bytes": 5819}
{"t": "AnimatorController", "name": "UIRecommendLight", "bundle": "gameres_main_dir_animation_guide_d0e8ad32d867fdb0b6c9d97d9c0b8f67", "legacy": null, "compressed": false, "sampleRate": null, "nRot": 0, "nPos": 0, "nScale": 0, "nFloat": 0, "nPPtr": 0, "bytes": 3648}
{"t": "AnimationClip", "name": "UIGuideTipShow3", "bundle": "gameres_main_dir_animation_guide_d0e8ad32d867fdb0b6c9d97d9c0b8f67", "legacy": false, "compressed": false, "sampleRate": 60.0, "nRot": 0, "nPos": 0, "nScale": 0, "nFloat": 0, "nPPtr": 0, "bytes": 7862}
{"t": "AnimatorController", "name": "UIRecommendShow", "bundle": "gameres_main_dir_animation_guide_d0e8ad32d867fdb0b6c9d97d9c0b8f67", "legacy": null, "compressed": false, "sampleRate": null, "nRot": 0, "nPos": 0, "nScale": 0, "nFloat": 0, "nPPtr": 0, "bytes": 3813}
{"t": "AnimationClip", "name": "UIGuideTalkModelRight", "bundle": "gameres_main_dir_animation_guide_d0e8ad32d867fdb0b6c9d97d9c0b8f67", "legacy": false, "compressed": false, "sampleRate": 60.0, "nRot": 0, "nPos": 0, "nScale": 0, "nFloat": 0, "nPPtr": 0, "bytes": 6092}
{"t": "AnimationClip", "name": "UIRecommendDefault", "bundle": "gameres_main_dir_animation_guide_d0e8ad32d867fdb0b6c9d97d9c0b8f67", "legacy": false, "compressed": false, "sampleRate": 60.0, "nRot": 0, "nPos": 0, "nScale": 0, "nFloat": 0, "nPPtr": 0, "bytes": 5880}
{"t": "AnimatorController", "name": "UIGuideTalk", "bundle": "gameres_main_dir_animation_guide_d0e8ad32d867fdb0b6c9d97d9c0b8f67", "legacy": null, "compressed": false, "sampleRate": null, "nRot": 0, "nPos": 0, "nScale": 0, "nFloat": 0, "nPPtr": 0, "bytes": 2538}
{"t": "AnimationClip", "name": "UIGuideTalkModelHideRight", "bundle": "gameres_main_dir_animation_guide_d0e8ad32d867fdb0b6c9d97d9c0b8f67", "legacy": false, "compressed": false, "sampleRate": 60.0, "nRot": 0, "nPos": 0, "nScale": 0, "nFloat": 0, "nPPtr": 0, "bytes": 6087}
{"t": "AnimatorController", "name": "UIGuideGrow", "bundle": "gameres_main_dir_animation_guide_d0e8ad32d867fdb0b6c9d97d9c0b8f67", "legacy": null, "compressed": false, "sampleRate": null, "nRot": 0, "nPos": 0, "nScale": 0, "nFloat": 0, "nPPtr": 0, "bytes": 3016}
{"t": "AnimationClip", "name": "UIRecommendLightDefault", "bundle": "gameres_main_dir_animation_guide_d0e8ad32d867fdb0b6c9d97d9c0b8f67", "legacy": false, "compressed": false, "sampleRate": 60.0, "nRot": 0, "nPos": 0, "nScale": 0, "nFloat": 0, "nPPtr": 0, "bytes": 6812}
{"t": "AnimationClip", "name": "UIGuideTipShow2", "bundle": "gameres_main_dir_animation_guide_d0e8ad32d867fdb0b6c9d97d9c0b8f67", "legacy": false, "compressed": false, "sampleRate": 60.0, "nRot": 0, "nPos": 0, "nScale": 0, "nFloat": 0, "nPPtr": 0, "bytes": 7877}
{"t": "AnimatorController", "name": "UIGuideTip", "bundle": "gameres_main_dir_animation_guide_d0e8ad32d867fdb0b6c9d97d9c0b8f67", "legacy": null, "compressed": false, "sampleRate": null, "nRot": 0, "nPos": 0, "nScale": 0, "nFloat": 0, "nPPtr": 0, "bytes": 10693}
{"t": "AnimationClip", "name": "UIShowBlackCellShow", "bundle": "gameres_main_dir_animation_guide_d0e8ad32d867fdb0b6c9d97d9c0b8f67", "legacy": false, "compressed": false, "sampleRate": 60.0, "nRot": 0, "nPos": 0, "nScale": 0, "nFloat": 0, "nPPtr": 0, "bytes": 5937}
{"t": "AnimatorController", "name": "UIGuideArrowFinger", "bundle": "gameres_main_dir_animation_guide_d0e8ad32d867fdb0b6c9d97d9c0b8f67", "legacy": null, "compressed": false, "sampleRate": null, "nRot": 0, "nPos": 0, "nScale": 0, "nFloat": 0, "nPPtr": 0, "bytes": 2531}
{"t": "AnimationClip", "name": "UIGuideTalkModelLeft", "bundle": "gameres_main_dir_animation_guide_d0e8ad32d867fdb0b6c9d97d9c0b8f67", "legacy": false, "compressed": false, "sampleRate": 60.0, "nRot": 0, "nPos": 0, "nScale": 0, "nFloat": 0, "nPPtr": 0, "bytes": 6092}
{"t": "AnimationClip", "name": "UIGuideTipHide2", "bundle": "gameres_main_dir_animation_guide_d0e8ad32d867fdb0b6c9d97d9c0b8f67", "legacy": false, "compressed": false, "sampleRate": 60.0, "nRot": 0, "nPos": 0, "nScale": 0, "nFloat": 0, "nPPtr": 0, "bytes": 7886}
{"t": "AnimationClip", "name": "UIGuideTipShow4", "bundle": "gameres_main_dir_animation_guide_d0e8ad32d867fdb0b6c9d97d9c0b8f67", "legacy": false, "compressed": false, "sampleRate": 60.0, "nRot": 0, "nPos": 0, "nScale": 0, "nFloat": 0, "nPPtr": 0, "bytes": 7874}
{"t": "AnimationClip", "name": "UIGuideTipShow1", "bundle": "gameres_main_dir_animation_guide_d0e8ad32d867fdb0b6c9d97d9c0b8f67", "legacy": false, "compressed": false, "sampleRate": 60.0, "nRot": 0, "nPos": 0, "nScale": 0, "nFloat": 0, "nPPtr": 0, "bytes": 7865}
{"t": "AnimationClip", "name": "UIGuideArrowFinger", "bundle": "gameres_main_dir_animation_guide_d0e8ad32d867fdb0b6c9d97d9c0b8f67", "legacy": false, "compressed": false, "sampleRate": 60.0, "nRot": 0, "nPos": 0, "nScale": 0, "nFloat": 0, "nPPtr": 0, "bytes": 5999}
{"t": "AnimatorController", "name": "UIShowBlackCell", "bundle": "gameres_main_dir_animation_guide_d0e8ad32d867fdb0b6c9d97d9c0b8f67", "legacy": null, "compressed": false, "sampleRate": null, "nRot": 0, "nPos": 0, "nScale": 0, "nFloat": 0, "nPPtr": 0, "bytes": 3645}
{"t": "AnimatorController", "name": "LoadEditorBuild", "bundle": "gameres_main_dir_animation_loadeditorbuild_53c8d264dd0f54a8325413d3e0e480ec", "legacy": null, "compressed": false, "sampleRate": null, "nRot": 0, "nPos": 0, "nScale": 0, "nFloat": 0, "nPPtr": 0, "bytes": 2506}
{"t": "AnimationClip", "name": "rotation", "bundle": "gameres_main_dir_animation_loadeditorbuild_53c8d264dd0f54a8325413d3e0e480ec", "legacy": false, "compressed": false, "sampleRate": 60.0, "nRot": 0, "nPos": 0, "nScale": 0, "nFloat": 0, "nPPtr": 0, "bytes": 6145}
{"t": "AnimationClip", "name": "redpot", "bundle": "gameres_main_dir_animation_mainui_6731f2a81dfbcbc3df459a87fe590321", "legacy": false, "compressed": false, "sampleRate": 60.0, "nRot": 0, "nPos": 0, "nScale": 0, "nFloat": 0, "nPPtr": 0, "bytes": 6385}
{"t": "AnimationClip", "name": "taskfinish", "bundle": "gameres_main_dir_animation_mainui_6731f2a81dfbcbc3df459a87fe590321", "legacy": false, "compressed": false, "sampleRate": 60.0, "nRot": 0, "nPos": 0, "nScale": 0, "nFloat": 0, "nPPtr": 0, "bytes": 6996}
{"t": "AnimationClip", "name": "JingDengEmeny", "bundle": "gameres_main_dir_animation_mainui_6731f2a81dfbcbc3df459a87fe590321", "legacy": false, "compressed": false, "sampleRate": 60.0, "nRot": 0, "nPos": 0, "nScale": 0, "nFloat": 0, "nPPtr": 0, "bytes": 6469}
{"t": "AnimatorController", "name": "UIMainBallNew", "bundle": "gameres_main_dir_animation_mainui_6731f2a81dfbcbc3df459a87fe590321", "legacy": null, "compressed": false, "sampleRate": null, "nRot": 0, "nPos": 0, "nScale": 0, "nFloat": 0, "nPPtr": 0, "bytes": 10434}
{"t": "AnimationClip", "name": "Task", "bundle": "gameres_main_dir_animation_mainui_6731f2a81dfbcbc3df459a87fe590321", "legacy": false, "compressed": false, "sampleRate": 60.0, "nRot": 0, "nPos": 0, "nScale": 0, "nFloat": 0, "nPPtr": 0, "bytes": 6558}
{"t": "AnimationClip", "name": "UIMainChapterNew_TaskHideArm2", "bundle": "gameres_main_dir_animation_mainui_6731f2a81dfbcbc3df459a87fe590321", "legacy": false, "compressed": false, "sampleRate": 60.0, "nRot": 0, "nPos": 0, "nScale": 0, "nFloat": 0, "nPPtr": 0, "bytes": 7649}
{"t": "AnimationClip", "name": "UIMainBallNew_BallShowArm1", "bundle": "gameres_main_dir_animation_mainui_6731f2a81dfbcbc3df459a87fe590321", "legacy": false, "compressed": false, "sampleRate": 60.0, "nRot": 0, "nPos": 0, "nScale": 0, "nFloat": 0, "nPPtr": 0, "bytes": 8078}
{"t": "AnimationClip", "name": "UIMainChapterNew_fangda", "bundle": "gameres_main_dir_animation_mainui_6731f2a81dfbcbc3df459a87fe590321", "legacy": false, "compressed": false, "sampleRate": 60.0, "nRot": 0, "nPos": 0, "nScale": 0, "nFloat": 0, "nPPtr": 0, "bytes": 7245}
{"t": "AnimationClip", "name": "UIMainChapterNew_QuestNewShow", "bundle": "gameres_main_dir_animation_mainui_6731f2a81dfbcbc3df459a87fe590321", "legacy": false, "compressed": false, "sampleRate": 60.0, "nRot": 0, "nPos": 0, "nScale": 0, "nFloat": 0, "nPPtr": 0, "bytes": 7119}
{"t": "AnimationClip", "name": "UIMainBallNew_BallHideArm1", "bundle": "gameres_main_dir_animation_mainui_6731f2a81dfbcbc3df459a87fe590321", "legacy": false, "compressed": false, "sampleRate": 60.0, "nRot": 0, "nPos": 0, "nScale": 0, "nFloat": 0, "nPPtr": 0, "bytes": 7605}
{"t": "AnimatorController", "name": "ResLockAnim", "bundle": "gameres_main_dir_animation_mainui_6731f2a81dfbcbc3df459a87fe590321", "legacy": null, "compressed": false, "sampleRate": null, "nRot": 0, "nPos": 0, "nScale": 0, "nFloat": 0, "nPPtr": 0, "bytes": 2509}
{"t": "AnimatorController", "name": "PowerUp", "bundle": "gameres_main_dir_animation_mainui_6731f2a81dfbcbc3df459a87fe590321", "legacy": null, "compressed": false, "sampleRate": null, "nRot": 0, "nPos": 0, "nScale": 0, "nFloat": 0, "nPPtr": 0, "bytes": 2496}
{"t": "AnimationClip", "name": "UIMainChapterNew_QuestNewhide", "bundle": "gameres_main_dir_animation_mainui_6731f2a81dfbcbc3df459a87fe590321", "legacy": false, "compressed": false, "sampleRate": 60.0, "nRot": 0, "nPos": 0, "nScale": 0, "nFloat": 0, "nPPtr": 0, "bytes": 6405}
{"t": "AnimationClip", "name": "UIMainChapterNew_TaskShowArm3", "bundle": "gameres_main_dir_animation_mainui_6731f2a81dfbcbc3df459a87fe590321", "legacy": false, "compressed": false, "sampleRate": 60.0, "nRot": 0, "nPos": 0, "nScale": 0, "nFloat": 0, "nPPtr": 0, "bytes": 9527}
{"t": "AnimatorController", "name": "redpot", "bundle": "gameres_main_dir_animation_mainui_6731f2a81dfbcbc3df459a87fe590321", "legacy": null, "compressed": false, "sampleRate": null, "nRot": 0, "nPos": 0, "nScale": 0, "nFloat": 0, "nPPtr": 0, "bytes": 2496}
{"t": "AnimationClip", "name": "UIMainChapterNew_BoxShow", "bundle": "gameres_main_dir_animation_mainui_6731f2a81dfbcbc3df459a87fe590321", "legacy": false, "compressed": false, "sampleRate": 60.0, "nRot": 0, "nPos": 0, "nScale": 0, "nFloat": 0, "nPPtr": 0, "bytes": 9271}
{"t": "AnimationClip", "name": "ResLockAnim", "bundle": "gameres_main_dir_animation_mainui_6731f2a81dfbcbc3df459a87fe590321", "legacy": false, "compressed": false, "sampleRate": 20.0, "nRot": 0, "nPos": 0, "nScale": 0, "nFloat": 0, "nPPtr": 0, "bytes": 6633}
{"t": "AnimatorController", "name": "map", "bundle": "gameres_main_dir_animation_mainui_6731f2a81dfbcbc3df459a87fe590321", "legacy": null, "compressed": false, "sampleRate": null, "nRot": 0, "nPos": 0, "nScale": 0, "nFloat": 0, "nPPtr": 0, "bytes": 2492}
{"t": "AnimatorController", "name": "Task", "bundle": "gameres_main_dir_animation_mainui_6731f2a81dfbcbc3df459a87fe590321", "legacy": null, "compressed": false, "sampleRate": null, "nRot": 0, "nPos": 0, "nScale": 0, "nFloat": 0, "nPPtr": 0, "bytes": 2490}
{"t": "AnimationClip", "name": "Taskguang", "bundle": "gameres_main_dir_animation_mainui_6731f2a81dfbcbc3df459a87fe590321", "legacy": false, "compressed": false, "sampleRate": 50.0, "nRot": 0, "nPos": 0, "nScale": 0, "nFloat": 0, "nPPtr": 0, "bytes": 7718}
{"t": "AnimationClip", "name": "UIMainChapterNew_BoxJup", "bundle": "gameres_main_dir_animation_mainui_6731f2a81dfbcbc3df459a87fe590321", "legacy": false, "compressed": false, "sampleRate": 60.0, "nRot": 0, "nPos": 0, "nScale": 0, "nFloat": 0, "nPPtr": 0, "bytes": 10425}
{"t": "AnimatorController", "name": "TaskguangNew", "bundle": "gameres_main_dir_animation_mainui_6731f2a81dfbcbc3df459a87fe590321", "legacy": null, "compressed": false, "sampleRate": null, "nRot": 0, "nPos": 0, "nScale": 0, "nFloat": 0, "nPPtr": 0, "bytes": 2522}
{"t": "AnimationClip", "name": "UIMainChapterNew_TaskShowArm1", "bundle": "gameres_main_dir_animation_mainui_6731f2a81dfbcbc3df459a87fe590321", "legacy": false, "compressed": false, "sampleRate": 60.0, "nRot": 0, "nPos": 0, "nScale": 0, "nFloat": 0, "nPPtr": 0, "bytes": 8890}
{"t": "AnimationClip", "name": "UIMainChapterNew_Normal", "bundle": "gameres_main_dir_animation_mainui_6731f2a81dfbcbc3df459a87fe590321", "legacy": false, "compressed": false, "sampleRate": 60.0, "nRot": 0, "nPos": 0, "nScale": 0, "nFloat": 0, "nPPtr": 0, "bytes": 6122}
{"t": "AnimationClip", "name": "UIMainChapterNew_TaskHideArm1", "bundle": "gameres_main_dir_animation_mainui_6731f2a81dfbcbc3df459a87fe590321", "legacy": false, "compressed": false, "sampleRate": 60.0, "nRot": 0, "nPos": 0, "nScale": 0, "nFloat": 0, "nPPtr": 0, "bytes": 7631}
{"t": "AnimationClip", "name": "UIMainChapterNew_Pressed", "bundle": "gameres_main_dir_animation_mainui_6731f2a81dfbcbc3df459a87fe590321", "legacy": false, "compressed": false, "sampleRate": 60.0, "nRot": 0, "nPos": 0, "nScale": 0, "nFloat": 0, "nPPtr": 0, "bytes": 6207}
{"t": "AnimationClip", "name": "resourceMax", "bundle": "gameres_main_dir_animation_mainui_6731f2a81dfbcbc3df459a87fe590321", "legacy": true, "compressed": false, "sampleRate": 60.0, "nRot": 0, "nPos": 0, "nScale": 1, "nFloat": 0, "nPPtr": 0, "bytes": 7878}
{"t": "AnimatorController", "name": "UIMainChapterNew", "bundle": "gameres_main_dir_animation_mainui_6731f2a81dfbcbc3df459a87fe590321", "legacy": null, "compressed": false, "sampleRate": null, "nRot": 0, "nPos": 0, "nScale": 0, "nFloat": 0, "nPPtr": 0, "bytes": 17655}
{"t": "AnimationClip", "name": "Warn", "bundle": "gameres_main_dir_animation_mainui_6731f2a81dfbcbc3df459a87fe590321", "legacy": true, "compressed": false, "sampleRate": 60.0, "nRot": 0, "nPos": 0, "nScale": 0, "nFloat": 4, "nPPtr": 0, "bytes": 7814}
{"t": "AnimatorController", "name": "UIMainBallNpc", "bundle": "gameres_main_dir_animation_mainui_6731f2a81dfbcbc3df459a87fe590321", "legacy": null, "compressed": false, "sampleRate": null, "nRot": 0, "nPos": 0, "nScale": 0, "nFloat": 0, "nPPtr": 0, "bytes": 2695}
{"t": "AnimationClip", "name": "UIMainBallNew_Pressed", "bundle": "gameres_main_dir_animation_mainui_6731f2a81dfbcbc3df459a87fe590321", "legacy": false, "compressed": false, "sampleRate": 60.0, "nRot": 0, "nPos": 0, "nScale": 0, "nFloat": 0, "nPPtr": 0, "bytes": 5983}
{"t": "AnimatorController", "name": "fivestar", "bundle": "gameres_main_dir_animation_mainui_6731f2a81dfbcbc3df459a87fe590321", "legacy": null, "compressed": false, "sampleRate": null, "nRot": 0, "nPos": 0, "nScale": 0, "nFloat": 0, "nPPtr": 0, "bytes": 2499}
{"t": "AnimationClip", "name": "UIMainChapterNew_TaskShowArm2", "bundle": "gameres_main_dir_animation_mainui_6731f2a81dfbcbc3df459a87fe590321", "legacy": false, "compressed": false, "sampleRate": 60.0, "nRot": 0, "nPos": 0, "nScale": 0, "nFloat": 0, "nPPtr": 0, "bytes": 9322}
{"t": "AnimationClip", "name": "UIMainChapterNew_QuestNewDefault", "bundle": "gameres_main_dir_animation_mainui_6731f2a81dfbcbc3df459a87fe590321", "legacy": false, "compressed": false, "sampleRate": 60.0, "nRot": 0, "nPos": 0, "nScale": 0, "nFloat": 0, "nPPtr": 0, "bytes": 7251}
{"t": "AnimatorController", "name": "JingDengEmeny", "bundle": "gameres_main_dir_animation_mainui_6731f2a81dfbcbc3df459a87fe590321", "legacy": null, "compressed": false, "sampleRate": null, "nRot": 0, "nPos": 0, "nScale": 0, "nFloat": 0, "nPPtr": 0, "bytes": 2515}
{"t": "AnimationClip", "name": "UIMainBallNew_BallNewDefault", "bundle": "gameres_main_dir_animation_mainui_6731f2a81dfbcbc3df459a87fe590321", "legacy": false, "compressed": false, "sampleRate": 60.0, "nRot": 0, "nPos": 0, "nScale": 0, "nFloat": 0, "nPPtr": 0, "bytes": 6668}
{"t": "AnimatorController", "name": "Taskguang", "bundle": "gameres_main_dir_animation_mainui_6731f2a81dfbcbc3df459a87fe590321", "legacy": null, "compressed": false, "sampleRate": null, "nRot": 0, "nPos": 0, "nScale": 0, "nFloat": 0, "nPPtr": 0, "bytes": 2519}
{"t": "AnimatorController", "name": "resourceIcon", "bundle": "gameres_main_dir_animation_mainui_6731f2a81dfbcbc3df459a87fe590321", "legacy": null, "compressed": false, "sampleRate": null, "nRot": 0, "nPos": 0, "nScale": 0, "nFloat": 0, "nPPtr": 0, "bytes": 2522}
{"t": "AnimationClip", "name": "UIMain_resource_shake", "bundle": "gameres_main_dir_animation_mainui_6731f2a81dfbcbc3df459a87fe590321", "legacy": false, "compressed": false, "sampleRate": 60.0, "nRot": 0, "nPos": 0, "nScale": 0, "nFloat": 0, "nPPtr": 0, "bytes": 6890}
{"t": "AnimationClip", "name": "raider", "bundle": "gameres_main_dir_animation_mainui_6731f2a81dfbcbc3df459a87fe590321", "legacy": false, "compressed": false, "sampleRate": 20.0, "nRot": 0, "nPos": 0, "nScale": 0, "nFloat": 0, "nPPtr": 0, "bytes": 7506}
{"t": "AnimatorController", "name": "taskfinish", "bundle": "gameres_main_dir_animation_mainui_6731f2a81dfbcbc3df459a87fe590321", "legacy": null, "compressed": false, "sampleRate": null, "nRot": 0, "nPos": 0, "nScale": 0, "nFloat": 0, "nPPtr": 0, "bytes": 2508}
{"t": "AnimationClip", "name": "UIMainBallNew_BallNewShow", "bundle": "gameres_main_dir_animation_mainui_6731f2a81dfbcbc3df459a87fe590321", "legacy": false, "compressed": false, "sampleRate": 60.0, "nRot": 0, "nPos": 0, "nScale": 0, "nFloat": 0, "nPPtr": 0, "bytes": 7011}
{"t": "AnimationClip", "name": "UIMainBallNew_BallHide1", "bundle": "gameres_main_dir_animation_mainui_6731f2a81dfbcbc3df459a87fe590321", "legacy": false, "compressed": false, "sampleRate": 60.0, "nRot": 0, "nPos": 0, "nScale": 0, "nFloat": 0, "nPPtr": 0, "bytes": 7024}
{"t": "AnimationClip", "name": "UIMainBallNew_fangda", "bundle": "gameres_main_dir_animation_mainui_6731f2a81dfbcbc3df459a87fe590321", "legacy": false, "compressed": false, "sampleRate": 60.0, "nRot": 0, "nPos": 0, "nScale": 0, "nFloat": 0, "nPPtr": 0, "bytes": 6720}
{"t": "AnimationClip", "name": "UIMainBallNew_Normal", "bundle": "gameres_main_dir_animation_mainui_6731f2a81dfbcbc3df459a87fe590321", "legacy": false, "compressed": false, "sampleRate": 60.0, "nRot": 0, "nPos": 0, "nScale": 0, "nFloat": 0, "nPPtr": 0, "bytes": 5898}
{"t": "AnimationClip", "name": "fivestar", "bundle": "gameres_main_dir_animation_mainui_6731f2a81dfbcbc3df459a87fe590321", "legacy": false, "compressed": false, "sampleRate": 60.0, "nRot": 0, "nPos": 0, "nScale": 0, "nFloat": 0, "nPPtr": 0, "bytes": 6254}
{"t": "AnimationClip", "name": "PowerUp", "bundle": "gameres_main_dir_animation_mainui_6731f2a81dfbcbc3df459a87fe590321", "legacy": false, "compressed": false, "sampleRate": 60.0, "nRot": 0, "nPos": 0, "nScale": 0, "nFloat": 0, "nPPtr": 0, "bytes": 6671}
{"t": "AnimatorController", "name": "bg", "bundle": "gameres_main_dir_animation_uiactivitydownloadmain_7_46e4bb77f084437e402e977098c8ae6d", "legacy": null, "compressed": false, "sampleRate": null, "nRot": 0, "nPos": 0, "nScale": 0, "nFloat": 0, "nPPtr": 0, "bytes": 2554}
{"t": "AnimationClip", "name": "CanReceive", "bundle": "gameres_main_dir_animation_uialliance_a813d3d3648780f6e8d3cbb54d055f11", "legacy": false, "compressed": false, "sampleRate": 60.0, "nRot": 0, "nPos": 0, "nScale": 0, "nFloat": 0, "nPPtr": 0, "bytes": 6997}
{"t": "AnimationClip", "name": "NoComplete", "bundle": "gameres_main_dir_animation_uialliance_a813d3d3648780f6e8d3cbb54d055f11", "legacy": false, "compressed": false, "sampleRate": 60.0, "nRot": 0, "nPos": 0, "nScale": 0, "nFloat": 0, "nPPtr": 0, "bytes": 6104}
{"t": "AnimatorController", "name": "box", "bundle": "gameres_main_dir_animation_uialliance_a813d3d3648780f6e8d3cbb54d055f11", "legacy": null, "compressed": false, "sampleRate": null, "nRot": 0, "nPos": 0, "nScale": 0, "nFloat": 0, "nPPtr": 0, "bytes": 3584}
{"t": "AnimationClip", "name": "UIArrow", "bundle": "gameres_main_dir_animation_uiarrow_582579ea9ae26b1e224f0c58d86e7746", "legacy": false, "compressed": false, "sampleRate": 60.0, "nRot": 0, "nPos": 0, "nScale": 0, "nFloat": 0, "nPPtr": 0, "bytes": 6710}
{"t": "AnimationClip", "name": "UIArrow_move_LR", "bundle": "gameres_main_dir_animation_uiarrow_582579ea9ae26b1e224f0c58d86e7746", "legacy": false, "compressed": false, "sampleRate": 60.0, "nRot": 0, "nPos": 0, "nScale": 0, "nFloat": 0, "nPPtr": 0, "bytes": 5966}
{"t": "AnimationClip", "name": "WorldFingerArrow", "bundle": "gameres_main_dir_animation_uiarrow_582579ea9ae26b1e224f0c58d86e7746", "legacy": false, "compressed": false, "sampleRate": 60.0, "nRot": 0, "nPos": 0, "nScale": 0, "nFloat": 0, "nPPtr": 0, "bytes": 5634}
{"t": "AnimationClip", "name": "UIArrowLite", "bundle": "gameres_main_dir_animation_uiarrow_582579ea9ae26b1e224f0c58d86e7746", "legacy": false, "compressed": false, "sampleRate": 60.0, "nRot": 0, "nPos": 0, "nScale": 0, "nFloat": 0, "nPPtr": 0, "bytes": 6714}
{"t": "AnimationClip", "name": "WorldArrow", "bundle": "gameres_main_dir_animation_uiarrow_582579ea9ae26b1e224f0c58d86e7746", "legacy": false, "compressed": false, "sampleRate": 60.0, "nRot": 0, "nPos": 0, "nScale": 0, "nFloat": 0, "nPPtr": 0, "bytes": 6832}
{"t": "AnimatorController", "name": "UIArrow", "bundle": "gameres_main_dir_animation_uiarrow_582579ea9ae26b1e224f0c58d86e7746", "legacy": null, "compressed": false, "sampleRate": null, "nRot": 0, "nPos": 0, "nScale": 0, "nFloat": 0, "nPPtr": 0, "bytes": 3586}
{"t": "AnimatorController", "name": "UIArrow_move_LR", "bundle": "gameres_main_dir_animation_uiarrow_582579ea9ae26b1e224f0c58d86e7746", "legacy": null, "compressed": false, "sampleRate": null, "nRot": 0, "nPos": 0, "nScale": 0, "nFloat": 0, "nPPtr": 0, "bytes": 2520}
{"t": "AnimationClip", "name": "ShowSingleMsg", "bundle": "gameres_main_dir_animation_uicommonsinglemsgbar_4437a9cd700be679ccb6744b4c35ebcd", "legacy": false, "compressed": false, "sampleRate": 60.0, "nRot": 0, "nPos": 0, "nScale": 0, "nFloat": 0, "nPPtr": 0, "bytes": 6841}
{"t": "AnimatorController", "name": "CommonSingleMsgBar", "bundle": "gameres_main_dir_animation_uicommonsinglemsgbar_4437a9cd700be679ccb6744b4c35ebcd", "legacy": null, "compressed": false, "sampleRate": null, "nRot": 0, "nPos": 0, "nScale": 0, "nFloat": 0, "nPPtr": 0, "bytes": 3002}
{"t": "AnimationClip", "name": "UIResidentOrder_moveout", "bundle": "gameres_main_dir_animation_poppanel_a921d247912d61a0b3a30eed96522ebf", "legacy": false, "compressed": false, "sampleRate": 60.0, "nRot": 0, "nPos": 0, "nScale": 0, "nFloat": 0, "nPPtr": 0, "bytes": 8252}
{"t": "AnimationClip", "name": "V_ui_UIWorldBossDamageTip_in_blue", "bundle": "gameres_main_dir_animation_poppanel_a921d247912d61a0b3a30eed96522ebf", "legacy": false, "compressed": false, "sampleRate": 60.0, "nRot": 0, "nPos": 0, "nScale": 0, "nFloat": 0, "nPPtr": 0, "bytes": 11417}
{"t": "AnimationClip", "name": "CommonPopup_moveout", "bundle": "gameres_main_dir_animation_poppanel_a921d247912d61a0b3a30eed96522ebf", "legacy": false, "compressed": false, "sampleRate": 60.0, "nRot": 0, "nPos": 0, "nScale": 0, "nFloat": 0, "nPPtr": 0, "bytes": 6871}
{"t": "AnimationClip", "name": "V_ui_UILWDominatorTrainMainUpgrade_upgrade_lvup_reset", "bundle": "gameres_main_dir_animation_poppanel_a921d247912d61a0b3a30eed96522ebf", "legacy": false, "compressed": false, "sampleRate": 60.0, "nRot": 0, "nPos": 0, "nScale": 0, "nFloat": 0, "nPPtr": 0, "bytes": 13100}
{"t": "AnimatorController", "name": "Eff_dwf_shangdian_rukou", "bundle": "gameres_main_dir_animation_poppanel_a921d247912d61a0b3a30eed96522ebf", "legacy": null, "compressed": false, "sampleRate": null, "nRot": 0, "nPos": 0, "nScale": 0, "nFloat": 0, "nPPtr": 0, "bytes": 2547}
{"t": "AnimationClip", "name": "Eff_dwf_chengjiu_jiangli_dakai", "bundle": "gameres_main_dir_animation_poppanel_a921d247912d61a0b3a30eed96522ebf", "legacy": false, "compressed": false, "sampleRate": 60.0, "nRot": 0, "nPos": 0, "nScale": 0, "nFloat": 0, "nPPtr": 0, "bytes": 6778}
{"t": "AnimationClip", "name": "Eff_dwf_shangdian_rukou", "bundle": "gameres_main_dir_animation_poppanel_a921d247912d61a0b3a30eed96522ebf", "legacy": false, "compressed": false, "sampleRate": 60.0, "nRot": 0, "nPos": 0, "nScale": 0, "nFloat": 0, "nPPtr": 0, "bytes": 6477}
{"t": "AnimationClip", "name": "UIPasture_movein", "bundle": "gameres_main_dir_animation_poppanel_a921d247912d61a0b3a30eed96522ebf", "legacy": false, "compressed": false, "sampleRate": 60.0, "nRot": 0, "nPos": 0, "nScale": 0, "nFloat": 0, "nPPtr": 0, "bytes": 6838}
{"t": "AnimationClip", "name": "UIGuideLoadBlackMask_movein", "bundle": "gameres_main_dir_animation_poppanel_a921d247912d61a0b3a30eed96522ebf", "legacy": false, "compressed": false, "sampleRate": 60.0, "nRot": 0, "nPos": 0, "nScale": 0, "nFloat": 0, "nPPtr": 0, "bytes": 6834}
{"t": "AnimationClip", "name": "CommonPopup_movein_4_HideBack", "bundle": "gameres_main_dir_animation_poppanel_a921d247912d61a0b3a30eed96522ebf", "legacy": false, "compressed": false, "sampleRate": 60.0, "nRot": 0, "nPos": 0, "nScale": 0, "nFloat": 0, "nPPtr": 0, "bytes": 6763}
{"t": "AnimationClip", "name": "Eff_dwf_chengjiu_dakai", "bundle": "gameres_main_dir_animation_poppanel_a921d247912d61a0b3a30eed96522ebf", "legacy": false, "compressed": false, "sampleRate": 60.0, "nRot": 0, "nPos": 0, "nScale": 0, "nFloat": 0, "nPPtr": 0, "bytes": 7868}
{"t": "AnimationClip", "name": "CommonPopup_movein", "bundle": "gameres_main_dir_animation_poppanel_a921d247912d61a0b3a30eed96522ebf", "legacy": false, "compressed": false, "sampleRate": 60.0, "nRot": 0, "nPos": 0, "nScale": 0, "nFloat": 0, "nPPtr": 0, "bytes": 6840}
{"t": "AnimationClip", "name": "WorkerQueuePanelIdel", "bundle": "gameres_main_dir_animation_poppanel_a921d247912d61a0b3a30eed96522ebf", "legacy": false, "compressed": false, "sampleRate": 60.0, "nRot": 0, "nPos": 0, "nScale": 0, "nFloat": 0, "nPPtr": 0, "bytes": 6134}
{"t": "AnimationClip", "name": "V_ui_UILWDominatorTrainMainUpgrade_in", "bundle": "gameres_main_dir_animation_poppanel_a921d247912d61a0b3a30eed96522ebf", "legacy": false, "compressed": false, "sampleRate": 60.0, "nRot": 0, "nPos": 0, "nScale": 0, "nFloat": 0, "nPPtr": 0, "bytes": 16489}
{"t": "AnimatorController", "name": "UIActMonopolyTip", "bundle": "gameres_main_dir_animation_poppanel_a921d247912d61a0b3a30eed96522ebf", "legacy": null, "compressed": false, "sampleRate": null, "nRot": 0, "nPos": 0, "nScale": 0, "nFloat": 0, "nPPtr": 0, "bytes": 3664}
{"t": "AnimationClip", "name": "UIBuildList_movein", "bundle": "gameres_main_dir_animation_poppanel_a921d247912d61a0b3a30eed96522ebf", "legacy": false, "compressed": false, "sampleRate": 60.0, "nRot": 0, "nPos": 0, "nScale": 0, "nFloat": 0, "nPPtr": 0, "bytes": 6928}
{"t": "AnimationClip", "name": "Eff_UIHalloweenActMonopolyTipClose", "bundle": "gameres_main_dir_animation_poppanel_a921d247912d61a0b3a30eed96522ebf", "legacy": false, "compressed": false, "sampleRate": 60.0, "nRot": 0, "nPos": 0, "nScale": 0, "nFloat": 0, "nPPtr": 0, "bytes": 13558}
{"t": "AnimationClip", "name": "V_ui_UILWDominatorTrainMainUpgrade_out", "bundle": "gameres_main_dir_animation_poppanel_a921d247912d61a0b3a30eed96522ebf", "legacy": false, "compressed": false, "sampleRate": 60.0, "nRot": 0, "nPos": 0, "nScale": 0, "nFloat": 0, "nPPtr": 0, "bytes": 15909}
{"t": "AnimationClip", "name": "V_ui_UIWorldBossDamageTip_in_gold", "bundle": "gameres_main_dir_animation_poppanel_a921d247912d61a0b3a30eed96522ebf", "legacy": false, "compressed": false, "sampleRate": 60.0, "nRot": 0, "nPos": 0, "nScale": 0, "nFloat": 0, "nPPtr": 0, "bytes": 11510}
{"t": "AnimatorController", "name": "UIDispatchTaskMain", "bundle": "gameres_main_dir_animation_poppanel_a921d247912d61a0b3a30eed96522ebf", "legacy": null, "compressed": false, "sampleRate": null, "nRot": 0, "nPos": 0, "nScale": 0, "nFloat": 0, "nPPtr": 0, "bytes": 4145}
{"t": "AnimationClip", "name": "UIFactory_movein", "bundle": "gameres_main_dir_animation_poppanel_a921d247912d61a0b3a30eed96522ebf", "legacy": false, "compressed": false, "sampleRate": 60.0, "nRot": 0, "nPos": 0, "nScale": 0, "nFloat": 0, "nPPtr": 0, "bytes": 7568}
{"t": "AnimationClip", "name": "Eff_ui_shangcheng_jiaohu_tuichu", "bundle": "gameres_main_dir_animation_poppanel_a921d247912d61a0b3a30eed96522ebf", "legacy": false, "compressed": false, "sampleRate": 60.0, "nRot": 0, "nPos": 0, "nScale": 0, "nFloat": 0, "nPPtr": 0, "bytes": 5958}
{"t": "AnimationClip", "name": "Eff_ui_lianhuanduobao_chuxian", "bundle": "gameres_main_dir_animation_poppanel_a921d247912d61a0b3a30eed96522ebf", "legacy": false, "compressed": false, "sampleRate": 60.0, "nRot": 0, "nPos": 0, "nScale": 0, "nFloat": 0, "nPPtr": 0, "bytes": 12968}
{"t": "AnimationClip", "name": "V_uipopuppackage_chuxian", "bundle": "gameres_main_dir_animation_poppanel_a921d247912d61a0b3a30eed96522ebf", "legacy": false, "compressed": false, "sampleRate": 60.0, "nRot": 0, "nPos": 0, "nScale": 0, "nFloat": 0, "nPPtr": 0, "bytes": 10994}
{"t": "AnimatorController", "name": "Eff_dwf_shangdian", "bundle": "gameres_main_dir_animation_poppanel_a921d247912d61a0b3a30eed96522ebf", "legacy": null, "compressed": false, "sampleRate": null, "nRot": 0, "nPos": 0, "nScale": 0, "nFloat": 0, "nPPtr": 0, "bytes": 4139}
{"t": "AnimationClip", "name": "UIPasture_moveout", "bundle": "gameres_main_dir_animation_poppanel_a921d247912d61a0b3a30eed96522ebf", "legacy": false, "compressed": false, "sampleRate": 60.0, "nRot": 0, "nPos": 0, "nScale": 0, "nFloat": 0, "nPPtr": 0, "bytes": 6869}
{"t": "AnimationClip", "name": "UIGarbageRewardShow_moveout", "bundle": "gameres_main_dir_animation_poppanel_a921d247912d61a0b3a30eed96522ebf", "legacy": false, "compressed": false, "sampleRate": 60.0, "nRot": 0, "nPos": 0, "nScale": 0, "nFloat": 0, "nPPtr": 0, "bytes": 6618}
{"t": "AnimationClip", "name": "V_ui_UILWDominatorTrainMainUpgrade_upgrade", "bundle": "gameres_main_dir_animation_poppanel_a921d247912d61a0b3a30eed96522ebf", "legacy": false, "compressed": false, "sampleRate": 60.0, "nRot": 0, "nPos": 0, "nScale": 0, "nFloat": 0, "nPPtr": 0, "bytes": 12501}
{"t": "AnimationClip", "name": "UIWorldTileUI_moveout", "bundle": "gameres_main_dir_animation_poppanel_a921d247912d61a0b3a30eed96522ebf", "legacy": false, "compressed": false, "sampleRate": 60.0, "nRot": 0, "nPos": 0, "nScale": 0, "nFloat": 0, "nPPtr": 0, "bytes": 6372}
{"t": "AnimationClip", "name": "Eff_UIActMonopolyTipShow", "bundle": "gameres_main_dir_animation_poppanel_a921d247912d61a0b3a30eed96522ebf", "legacy": false, "compressed": false, "sampleRate": 60.0, "nRot": 0, "nPos": 0, "nScale": 0, "nFloat": 0, "nPPtr": 0, "bytes": 29725}
{"t": "AnimationClip", "name": "UILWHowToPlay_moveout", "bundle": "gameres_main_dir_animation_poppanel_a921d247912d61a0b3a30eed96522ebf", "legacy": false, "compressed": false, "sampleRate": 60.0, "nRot": 0, "nPos": 0, "nScale": 0, "nFloat": 0, "nPPtr": 0, "bytes": 6680}
{"t": "AnimatorController", "name": "UIWorldBossDamageTip", "bundle": "gameres_main_dir_animation_poppanel_a921d247912d61a0b3a30eed96522ebf", "legacy": null, "compressed": false, "sampleRate": null, "nRot": 0, "nPos": 0, "nScale": 0, "nFloat": 0, "nPPtr": 0, "bytes": 5172}
{"t": "AnimatorController", "name": "UIPopupPackage", "bundle": "gameres_main_dir_animation_poppanel_a921d247912d61a0b3a30eed96522ebf", "legacy": null, "compressed": false, "sampleRate": null, "nRot": 0, "nPos": 0, "nScale": 0, "nFloat": 0, "nPPtr": 0, "bytes": 2541}
{"t": "AnimatorController", "name": "Eff_dwf_chengjiu", "bundle": "gameres_main_dir_animation_poppanel_a921d247912d61a0b3a30eed96522ebf", "legacy": null, "compressed": false, "sampleRate": null, "nRot": 0, "nPos": 0, "nScale": 0, "nFloat": 0, "nPPtr": 0, "bytes": 4137}
{"t": "AnimationClip", "name": "Eff_dwf_shangdian_guanbi", "bundle": "gameres_main_dir_animation_poppanel_a921d247912d61a0b3a30eed96522ebf", "legacy": false, "compressed": false, "sampleRate": 60.0, "nRot": 0, "nPos": 0, "nScale": 0, "nFloat": 0, "nPPtr": 0, "bytes": 6675}
{"t": "AnimationClip", "name": "Eff_dwf_chengjiu_guanbi", "bundle": "gameres_main_dir_animation_poppanel_a921d247912d61a0b3a30eed96522ebf", "legacy": false, "compressed": false, "sampleRate": 60.0, "nRot": 0, "nPos": 0, "nScale": 0, "nFloat": 0, "nPPtr": 0, "bytes": 6793}
{"t": "AnimationClip", "name": "UIPVEShop_moveout", "bundle": "gameres_main_dir_animation_poppanel_a921d247912d61a0b3a30eed96522ebf", "legacy": false, "compressed": false, "sampleRate": 60.0, "nRot": 0, "nPos": 0, "nScale": 0, "nFloat": 0, "nPPtr": 0, "bytes": 6732}
{"t": "AnimationClip", "name": "Eff_dwf_shangdian_dakai", "bundle": "gameres_main_dir_animation_poppanel_a921d247912d61a0b3a30eed96522ebf", "legacy": false, "compressed": false, "sampleRate": 60.0, "nRot": 0, "nPos": 0, "nScale": 0, "nFloat": 0, "nPPtr": 0, "bytes": 9726}
{"t": "AnimationClip", "name": "Eff_UIHalloweenActMonopolyTipShow", "bundle": "gameres_main_dir_animation_poppanel_a921d247912d61a0b3a30eed96522ebf", "legacy": false, "compressed": false, "sampleRate": 60.0, "nRot": 0, "nPos": 0, "nScale": 0, "nFloat": 0, "nPPtr": 0, "bytes": 23394}
{"t": "AnimatorController", "name": "UILWDominatorTrainMainUpgrade", "bundle": "gameres_main_dir_animation_poppanel_a921d247912d61a0b3a30eed96522ebf", "legacy": null, "compressed": false, "sampleRate": null, "nRot": 0, "nPos": 0, "nScale": 0, "nFloat": 0, "nPPtr": 0, "bytes": 7692}
{"t": "AnimationClip", "name": "ResourceLackClose", "bundle": "gameres_main_dir_animation_poppanel_a921d247912d61a0b3a30eed96522ebf", "legacy": false, "compressed": false, "sampleRate": 60.0, "nRot": 0, "nPos": 0, "nScale": 0, "nFloat": 0, "nPPtr": 0, "bytes": 6278}
{"t": "AnimationClip", "name": "V_ui_UILWDominatorTrainMainUpgrade_upgrade_lvup", "bundle": "gameres_main_dir_animation_poppanel_a921d247912d61a0b3a30eed96522ebf", "legacy": false, "compressed": false, "sampleRate": 60.0, "nRot": 0, "nPos": 0, "nScale": 0, "nFloat": 0, "nPPtr": 0, "bytes": 14361}
{"t": "AnimationClip", "name": "trailbtn", "bundle": "gameres_main_dir_animation_poppanel_a921d247912d61a0b3a30eed96522ebf", "legacy": false, "compressed": false, "sampleRate": 30.0, "nRot": 0, "nPos": 0, "nScale": 0, "nFloat": 0, "nPPtr": 0, "bytes": 7116}
{"t": "AnimationClip", "name": "UIFarm_movein", "bundle": "gameres_main_dir_animation_poppanel_a921d247912d61a0b3a30eed96522ebf", "legacy": false, "compressed": false, "sampleRate": 60.0, "nRot": 0, "nPos": 0, "nScale": 0, "nFloat": 0, "nPPtr": 0, "bytes": 6673}
{"t": "AnimationClip", "name": "Eff_ui_shangcheng_jiaohu_loop", "bundle": "gameres_main_dir_animation_poppanel_a921d247912d61a0b3a30eed96522ebf", "legacy": false, "compressed": false, "sampleRate": 60.0, "nRot": 0, "nPos": 0, "nScale": 0, "nFloat": 0, "nPPtr": 0, "bytes": 6058}
{"t": "AnimationClip", "name": "UIWorldTileUI_movein", "bundle": "gameres_main_dir_animation_poppanel_a921d247912d61a0b3a30eed96522ebf", "legacy": false, "compressed": false, "sampleRate": 60.0, "nRot": 0, "nPos": 0, "nScale": 0, "nFloat": 0, "nPPtr": 0, "bytes": 7955}
{"t": "AnimatorController", "name": "UIHalloweenActMonopolyTip", "bundle": "gameres_main_dir_animation_poppanel_a921d247912d61a0b3a30eed96522ebf", "legacy": null, "compressed": false, "sampleRate": null, "nRot": 0, "nPos": 0, "nScale": 0, "nFloat": 0, "nPPtr": 0, "bytes": 5397}
{"t": "AnimationClip", "name": "UIGarbageRewardShow_movein", "bundle": "gameres_main_dir_animation_poppanel_a921d247912d61a0b3a30eed96522ebf", "legacy": false, "compressed": false, "sampleRate": 60.0, "nRot": 0, "nPos": 0, "nScale": 0, "nFloat": 0, "nPPtr": 0, "bytes": 7171}
{"t": "AnimationClip", "name": "UIFarmGather_movein", "bundle": "gameres_main_dir_animation_poppanel_a921d247912d61a0b3a30eed96522ebf", "legacy": false, "compressed": false, "sampleRate": 60.0, "nRot": 0, "nPos": 0, "nScale": 0, "nFloat": 0, "nPPtr": 0, "bytes": 7425}
{"t": "AnimationClip", "name": "UIFactory_moveout", "bundle": "gameres_main_dir_animation_poppanel_a921d247912d61a0b3a30eed96522ebf", "legacy": false, "compressed": false, "sampleRate": 60.0, "nRot": 0, "nPos": 0, "nScale": 0, "nFloat": 0, "nPPtr": 0, "bytes": 7682}
{"t": "AnimationClip", "name": "Eff_dwf_shangdian_jiangli_dakai", "bundle": "gameres_main_dir_animation_poppanel_a921d247912d61a0b3a30eed96522ebf", "legacy": false, "compressed": false, "sampleRate": 60.0, "nRot": 0, "nPos": 0, "nScale": 0, "nFloat": 0, "nPPtr": 0, "bytes": 7005}
{"t": "AnimationClip", "name": "UIPVEShop_movein", "bundle": "gameres_main_dir_animation_poppanel_a921d247912d61a0b3a30eed96522ebf", "legacy": false, "compressed": false, "sampleRate": 60.0, "nRot": 0, "nPos": 0, "nScale": 0, "nFloat": 0, "nPPtr": 0, "bytes": 6650}
{"t": "AnimationClip", "name": "V_ui_UILWDominatorTrainMainUpgrade_mark", "bundle": "gameres_main_dir_animation_poppanel_a921d247912d61a0b3a30eed96522ebf", "legacy": false, "compressed": false, "sampleRate": 60.0, "nRot": 0, "nPos": 0, "nScale": 0, "nFloat": 0, "nPPtr": 0, "bytes": 8697}
{"t": "AnimationClip", "name": "UIResidentOrder_movein", "bundle": "gameres_main_dir_animation_poppanel_a921d247912d61a0b3a30eed96522ebf", "legacy": false, "compressed": false, "sampleRate": 60.0, "nRot": 0, "nPos": 0, "nScale": 0, "nFloat": 0, "nPPtr": 0, "bytes": 8411}
{"t": "AnimationClip", "name": "UIFarm_moveout", "bundle": "gameres_main_dir_animation_poppanel_a921d247912d61a0b3a30eed96522ebf", "legacy": false, "compressed": false, "sampleRate": 60.0, "nRot": 0, "nPos": 0, "nScale": 0, "nFloat": 0, "nPPtr": 0, "bytes": 6674}
{"t": "AnimationClip", "name": "Eff_ui_shangcheng_jiaohu_jinru", "bundle": "gameres_main_dir_animation_poppanel_a921d247912d61a0b3a30eed96522ebf", "legacy": false, "compressed": false, "sampleRate": 60.0, "nRot": 0, "nPos": 0, "nScale": 0, "nFloat": 0, "nPPtr": 0, "bytes": 5948}
{"t": "AnimationClip", "name": "UIRocketFailedLanding_movein", "bundle": "gameres_main_dir_animation_poppanel_a921d247912d61a0b3a30eed96522ebf", "legacy": false, "compressed": false, "sampleRate": 60.0, "nRot": 0, "nPos": 0, "nScale": 0, "nFloat": 0, "nPPtr": 0, "bytes": 7642}
{"t": "AnimatorController", "name": "Eff_ui_lianhuanduobao", "bundle": "gameres_main_dir_animation_poppanel_a921d247912d61a0b3a30eed96522ebf", "legacy": null, "compressed": false, "sampleRate": null, "nRot": 0, "nPos": 0, "nScale": 0, "nFloat": 0, "nPPtr": 0, "bytes": 4166}
{"t": "AnimationClip", "name": "StackPopup_movein", "bundle": "gameres_main_dir_animation_poppanel_a921d247912d61a0b3a30eed96522ebf", "legacy": false, "compressed": false, "sampleRate": 60.0, "nRot": 0, "nPos": 0, "nScale": 0, "nFloat": 0, "nPPtr": 0, "bytes": 6751}
{"t": "AnimationClip", "name": "UIRocketFailedLanding_moveout", "bundle": "gameres_main_dir_animation_poppanel_a921d247912d61a0b3a30eed96522ebf", "legacy": false, "compressed": false, "sampleRate": 60.0, "nRot": 0, "nPos": 0, "nScale": 0, "nFloat": 0, "nPPtr": 0, "bytes": 6266}
{"t": "AnimationClip", "name": "CommonPopup_moveout_4_HideBack", "bundle": "gameres_main_dir_animation_poppanel_a921d247912d61a0b3a30eed96522ebf", "legacy": false, "compressed": false, "sampleRate": 60.0, "nRot": 0, "nPos": 0, "nScale": 0, "nFloat": 0, "nPPtr": 0, "bytes": 6864}
{"t": "AnimationClip", "name": "Eff_UIHalloweenActMonopolyTipLoop", "bundle": "gameres_main_dir_animation_poppanel_a921d247912d61a0b3a30eed96522ebf", "legacy": false, "compressed": false, "sampleRate": 60.0, "nRot": 0, "nPos": 0, "nScale": 0, "nFloat": 0, "nPPtr": 0, "bytes": 17344}
{"t": "AnimationClip", "name": "UIBaubleTileUI_moveout", "bundle": "gameres_main_dir_animation_poppanel_a921d247912d61a0b3a30eed96522ebf", "legacy": false, "compressed": false, "sampleRate": 60.0, "nRot": 0, "nPos": 0, "nScale": 0, "nFloat": 0, "nPPtr": 0, "bytes": 6373}
{"t": "AnimationClip", "name": "Eff_UIActMonopolyTipClose", "bundle": "gameres_main_dir_animation_poppanel_a921d247912d61a0b3a30eed96522ebf", "legacy": false, "compressed": false, "sampleRate": 60.0, "nRot": 0, "nPos": 0, "nScale": 0, "nFloat": 0, "nPPtr": 0, "bytes": 12181}
{"t": "AnimationClip", "name": "UIBuildList_moveout", "bundle": "gameres_main_dir_animation_poppanel_a921d247912d61a0b3a30eed96522ebf", "legacy": false, "compressed": false, "sampleRate": 60.0, "nRot": 0, "nPos": 0, "nScale": 0, "nFloat": 0, "nPPtr": 0, "bytes": 6953}
{"t": "AnimationClip", "name": "UIGuideLoadBlackMask_moveout", "bundle": "gameres_main_dir_animation_poppanel_a921d247912d61a0b3a30eed96522ebf", "legacy": false, "compressed": false, "sampleRate": 60.0, "nRot": 0, "nPos": 0, "nScale": 0, "nFloat": 0, "nPPtr": 0, "bytes": 6879}
{"t": "AnimatorController", "name": "Eff_dwf_shangdian_jiangli_dakai", "bundle": "gameres_main_dir_animation_poppanel_a921d247912d61a0b3a30eed96522ebf", "legacy": null, "compressed": false, "sampleRate": null, "nRot": 0, "nPos": 0, "nScale": 0, "nFloat": 0, "nPPtr": 0, "bytes": 3054}
{"t": "AnimationClip", "name": "StackPopup_moveout", "bundle": "gameres_main_dir_animation_poppanel_a921d247912d61a0b3a30eed96522ebf", "legacy": false, "compressed": false, "sampleRate": 60.0, "nRot": 0, "nPos": 0, "nScale": 0, "nFloat": 0, "nPPtr": 0, "bytes": 6509}
{"t": "AnimationClip", "name": "Eff_ui_lianhuanduobao_tuichu", "bundle": "gameres_main_dir_animation_poppanel_a921d247912d61a0b3a30eed96522ebf", "legacy": false, "compressed": false, "sampleRate": 60.0, "nRot": 0, "nPos": 0, "nScale": 0, "nFloat": 0, "nPPtr": 0, "bytes": 10935}
{"t": "AnimationClip", "name": "UIFarmGather_moveout", "bundle": "gameres_main_dir_animation_poppanel_a921d247912d61a0b3a30eed96522ebf", "legacy": false, "compressed": false, "sampleRate": 60.0, "nRot": 0, "nPos": 0, "nScale": 0, "nFloat": 0, "nPPtr": 0, "bytes": 6872}
{"t": "AnimatorController", "name": "PanelAnimCtrl", "bundle": "gameres_main_dir_animation_poppanel_a921d247912d61a0b3a30eed96522ebf", "legacy": null, "compressed": false, "sampleRate": null, "nRot": 0, "nPos": 0, "nScale": 0, "nFloat": 0, "nPPtr": 0, "bytes": 36755}
{"t": "AnimatorController", "name": "Eff_dwf_chengjiu_jiangli_dakai", "bundle": "gameres_main_dir_animation_poppanel_a921d247912d61a0b3a30eed96522ebf", "legacy": null, "compressed": false, "sampleRate": null, "nRot": 0, "nPos": 0, "nScale": 0, "nFloat": 0, "nPPtr": 0, "bytes": 3036}
{"t": "AnimationClip", "name": "UIBaubleTileUI_movein", "bundle": "gameres_main_dir_animation_poppanel_a921d247912d61a0b3a30eed96522ebf", "legacy": false, "compressed": false, "sampleRate": 60.0, "nRot": 0, "nPos": 0, "nScale": 0, "nFloat": 0, "nPPtr": 0, "bytes": 7956}
{"t": "AnimationClip", "name": "ShakePopUp", "bundle": "gameres_main_dir_animation_season_c94304ba1d2b1cf6cfe5c394248d0505", "legacy": false, "compressed": false, "sampleRate": 120.0, "nRot": 0, "nPos": 0, "nScale": 0, "nFloat": 0, "nPPtr": 0, "bytes": 6778}
{"t": "AnimationClip", "name": "Default", "bundle": "gameres_main_dir_animation_season_c94304ba1d2b1cf6cfe5c394248d0505", "legacy": false, "compressed": false, "sampleRate": 60.0, "nRot": 0, "nPos": 0, "nScale": 0, "nFloat": 0, "nPPtr": 0, "bytes": 6803}
{"t": "AnimationClip", "name": "LimitToNormal", "bundle": "gameres_main_dir_animation_season_c94304ba1d2b1cf6cfe5c394248d0505", "legacy": false, "compressed": false, "sampleRate": 60.0, "nRot": 0, "nPos": 0, "nScale": 0, "nFloat": 0, "nPPtr": 0, "bytes": 9434}
{"t": "AnimatorController", "name": "FormationArmyTips", "bundle": "gameres_main_dir_animation_season_c94304ba1d2b1cf6cfe5c394248d0505", "legacy": null, "compressed": false, "sampleRate": null, "nRot": 0, "nPos": 0, "nScale": 0, "nFloat": 0, "nPPtr": 0, "bytes": 5816}
{"t": "AnimationClip", "name": "explode8", "bundle": "gameres_main_dir_animation_season_c94304ba1d2b1cf6cfe5c394248d0505", "legacy": false, "compressed": false, "sampleRate": 60.0, "nRot": 0, "nPos": 0, "nScale": 0, "nFloat": 0, "nPPtr": 0, "bytes": 11181}
{"t": "AnimationClip", "name": "ThumbsUpBroadcast", "bundle": "gameres_main_dir_animation_season_c94304ba1d2b1cf6cfe5c394248d0505", "legacy": false, "compressed": false, "sampleRate": 60.0, "nRot": 0, "nPos": 0, "nScale": 0, "nFloat": 0, "nPPtr": 0, "bytes": 10337}
{"t": "AnimationClip", "name": "BattleStart", "bundle": "gameres_main_dir_animation_season_c94304ba1d2b1cf6cfe5c394248d0505", "legacy": false, "compressed": false, "sampleRate": 30.0, "nRot": 0, "nPos": 0, "nScale": 0, "nFloat": 0, "nPPtr": 0, "bytes": 7367}
{"t": "AnimationClip", "name": "DeclareStart", "bundle": "gameres_main_dir_animation_season_c94304ba1d2b1cf6cfe5c394248d0505", "legacy": false, "compressed": false, "sampleRate": 30.0, "nRot": 0, "nPos": 0, "nScale": 0, "nFloat": 0, "nPPtr": 0, "bytes": 7486}
{"t": "AnimationClip", "name": "Effect", "bundle": "gameres_main_dir_animation_season_c94304ba1d2b1cf6cfe5c394248d0505", "legacy": false, "compressed": false, "sampleRate": 60.0, "nRot": 0, "nPos": 0, "nScale": 0, "nFloat": 0, "nPPtr": 0, "bytes": 5624}
{"t": "AnimatorController", "name": "SeasonPhotoMsgOperation", "bundle": "gameres_main_dir_animation_season_c94304ba1d2b1cf6cfe5c394248d0505", "legacy": null, "compressed": false, "sampleRate": null, "nRot": 0, "nPos": 0, "nScale": 0, "nFloat": 0, "nPPtr": 0, "bytes": 2513}
{"t": "AnimatorController", "name": "FactionSelectionAnim", "bundle": "gameres_main_dir_animation_season_c94304ba1d2b1cf6cfe5c394248d0505", "legacy": null, "compressed": false, "sampleRate": null, "nRot": 0, "nPos": 0, "nScale": 0, "nFloat": 0, "nPPtr": 0, "bytes": 2511}
{"t": "AnimatorController", "name": "SeasonStoveViewer", "bundle": "gameres_main_dir_animation_season_c94304ba1d2b1cf6cfe5c394248d0505", "legacy": null, "compressed": false, "sampleRate": null, "nRot": 0, "nPos": 0, "nScale": 0, "nFloat": 0, "nPPtr": 0, "bytes": 7965}
{"t": "AnimationClip", "name": "Idle", "bundle": "gameres_main_dir_animation_season_c94304ba1d2b1cf6cfe5c394248d0505", "legacy": false, "compressed": false, "sampleRate": 60.0, "nRot": 0, "nPos": 0, "nScale": 0, "nFloat": 0, "nPPtr": 0, "bytes": 7191}
{"t": "AnimationClip", "name": "ShakePopUpStop", "bundle": "gameres_main_dir_animation_season_c94304ba1d2b1cf6cfe5c394248d0505", "legacy": false, "compressed": false, "sampleRate": 120.0, "nRot": 0, "nPos": 0, "nScale": 0, "nFloat": 0, "nPPtr": 0, "bytes": 5877}
{"t": "AnimationClip", "name": "WorkToNormal", "bundle": "gameres_main_dir_animation_season_c94304ba1d2b1cf6cfe5c394248d0505", "legacy": false, "compressed": false, "sampleRate": 60.0, "nRot": 0, "nPos": 0, "nScale": 0, "nFloat": 0, "nPPtr": 0, "bytes": 9418}
{"t": "AnimationClip", "name": "InviteStart", "bundle": "gameres_main_dir_animation_season_c94304ba1d2b1cf6cfe5c394248d0505", "legacy": false, "compressed": false, "sampleRate": 30.0, "nRot": 0, "nPos": 0, "nScale": 0, "nFloat": 0, "nPPtr": 0, "bytes": 7485}
{"t": "AnimatorController", "name": "ZhanShenFeiDanAnim", "bundle": "gameres_main_dir_animation_season_c94304ba1d2b1cf6cfe5c394248d0505", "legacy": null, "compressed": false, "sampleRate": null, "nRot": 0, "nPos": 0, "nScale": 0, "nFloat": 0, "nPPtr": 0, "bytes": 13338}
{"t": "AnimationClip", "name": "explode5", "bundle": "gameres_main_dir_animation_season_c94304ba1d2b1cf6cfe5c394248d0505", "legacy": false, "compressed": false, "sampleRate": 60.0, "nRot": 0, "nPos": 0, "nScale": 0, "nFloat": 0, "nPPtr": 0, "bytes": 10995}
{"t": "AnimationClip", "name": "LimitToWork", "bundle": "gameres_main_dir_animation_season_c94304ba1d2b1cf6cfe5c394248d0505", "legacy": false, "compressed": false, "sampleRate": 60.0, "nRot": 0, "nPos": 0, "nScale": 0, "nFloat": 0, "nPPtr": 0, "bytes": 9404}
{"t": "AnimationClip", "name": "V_ui_PvpBattleDamageTip_in", "bundle": "gameres_main_dir_animation_season_c94304ba1d2b1cf6cfe5c394248d0505", "legacy": false, "compressed": false, "sampleRate": 60.0, "nRot": 0, "nPos": 0, "nScale": 0, "nFloat": 0, "nPPtr": 0, "bytes": 9513}
{"t": "AnimationClip", "name": "NormalToWork", "bundle": "gameres_main_dir_animation_season_c94304ba1d2b1cf6cfe5c394248d0505", "legacy": false, "compressed": false, "sampleRate": 60.0, "nRot": 0, "nPos": 0, "nScale": 0, "nFloat": 0, "nPPtr": 0, "bytes": 9409}
{"t": "AnimationClip", "name": "explode3", "bundle": "gameres_main_dir_animation_season_c94304ba1d2b1cf6cfe5c394248d0505", "legacy": false, "compressed": false, "sampleRate": 60.0, "nRot": 0, "nPos": 0, "nScale": 0, "nFloat": 0, "nPPtr": 0, "bytes": 10854}
{"t": "AnimationClip", "name": "explode9", "bundle": "gameres_main_dir_animation_season_c94304ba1d2b1cf6cfe5c394248d0505", "legacy": false, "compressed": false, "sampleRate": 60.0, "nRot": 0, "nPos": 0, "nScale": 0, "nFloat": 0, "nPPtr": 0, "bytes": 11250}
{"t": "AnimationClip", "name": "explode", "bundle": "gameres_main_dir_animation_season_c94304ba1d2b1cf6cfe5c394248d0505", "legacy": false, "compressed": false, "sampleRate": 60.0, "nRot": 0, "nPos": 0, "nScale": 0, "nFloat": 0, "nPPtr": 0, "bytes": 11302}
{"t": "AnimationClip", "name": "WorkToLimit", "bundle": "gameres_main_dir_animation_season_c94304ba1d2b1cf6cfe5c394248d0505", "legacy": false, "compressed": false, "sampleRate": 60.0, "nRot": 0, "nPos": 0, "nScale": 0, "nFloat": 0, "nPPtr": 0, "bytes": 9443}
{"t": "AnimationClip", "name": "init", "bundle": "gameres_main_dir_animation_season_c94304ba1d2b1cf6cfe5c394248d0505", "legacy": false, "compressed": false, "sampleRate": 60.0, "nRot": 0, "nPos": 0, "nScale": 0, "nFloat": 0, "nPPtr": 0, "bytes": 8149}
{"t": "AnimationClip", "name": "bomb", "bundle": "gameres_main_dir_animation_season_c94304ba1d2b1cf6cfe5c394248d0505", "legacy": false, "compressed": false, "sampleRate": 60.0, "nRot": 0, "nPos": 0, "nScale": 0, "nFloat": 0, "nPPtr": 0, "bytes": 8170}
{"t": "AnimationClip", "name": "V_ui_S3_tips_in", "bundle": "gameres_main_dir_animation_season_c94304ba1d2b1cf6cfe5c394248d0505", "legacy": false, "compressed": false, "sampleRate": 60.0, "nRot": 0, "nPos": 0, "nScale": 0, "nFloat": 0, "nPPtr": 0, "bytes": 8613}
{"t": "AnimationClip", "name": "V_ui_S3_tips_default_hide", "bundle": "gameres_main_dir_animation_season_c94304ba1d2b1cf6cfe5c394248d0505", "legacy": false, "compressed": false, "sampleRate": 60.0, "nRot": 0, "nPos": 0, "nScale": 0, "nFloat": 0, "nPPtr": 0, "bytes": 8046}
{"t": "AnimationClip", "name": "explode6", "bundle": "gameres_main_dir_animation_season_c94304ba1d2b1cf6cfe5c394248d0505", "legacy": false, "compressed": false, "sampleRate": 60.0, "nRot": 0, "nPos": 0, "nScale": 0, "nFloat": 0, "nPPtr": 0, "bytes": 11086}
{"t": "AnimationClip", "name": "showblack", "bundle": "gameres_main_dir_animation_season_c94304ba1d2b1cf6cfe5c394248d0505", "legacy": false, "compressed": false, "sampleRate": 60.0, "nRot": 0, "nPos": 0, "nScale": 0, "nFloat": 0, "nPPtr": 0, "bytes": 6993}
{"t": "AnimationClip", "name": "FadeIn", "bundle": "gameres_main_dir_animation_season_c94304ba1d2b1cf6cfe5c394248d0505", "legacy": false, "compressed": false, "sampleRate": 60.0, "nRot": 0, "nPos": 0, "nScale": 0, "nFloat": 0, "nPPtr": 0, "bytes": 7091}
{"t": "AnimationClip", "name": "explode4", "bundle": "gameres_main_dir_animation_season_c94304ba1d2b1cf6cfe5c394248d0505", "legacy": false, "compressed": false, "sampleRate": 60.0, "nRot": 0, "nPos": 0, "nScale": 0, "nFloat": 0, "nPPtr": 0, "bytes": 10910}
{"t": "AnimationClip", "name": "V_ui_S3_tips_default_show", "bundle": "gameres_main_dir_animation_season_c94304ba1d2b1cf6cfe5c394248d0505", "legacy": false, "compressed": false, "sampleRate": 60.0, "nRot": 0, "nPos": 0, "nScale": 0, "nFloat": 0, "nPPtr": 0, "bytes": 8000}
{"t": "AnimatorController", "name": "NodeRotation", "bundle": "gameres_main_dir_animation_season_c94304ba1d2b1cf6cfe5c394248d0505", "legacy": null, "compressed": false, "sampleRate": null, "nRot": 0, "nPos": 0, "nScale": 0, "nFloat": 0, "nPPtr": 0, "bytes": 2509}
{"t": "AnimatorController", "name": "ThumbsUpMessageTip", "bundle": "gameres_main_dir_animation_season_c94304ba1d2b1cf6cfe5c394248d0505", "legacy": null, "compressed": false, "sampleRate": null, "nRot": 0, "nPos": 0, "nScale": 0, "nFloat": 0, "nPPtr": 0, "bytes": 2531}
{"t": "AnimatorController", "name": "FactionDeclareWar", "bundle": "gameres_main_dir_animation_season_c94304ba1d2b1cf6cfe5c394248d0505", "legacy": null, "compressed": false, "sampleRate": null, "nRot": 0, "nPos": 0, "nScale": 0, "nFloat": 0, "nPPtr": 0, "bytes": 6880}
{"t": "AnimationClip", "name": "DoRotation", "bundle": "gameres_main_dir_animation_season_c94304ba1d2b1cf6cfe5c394248d0505", "legacy": false, "compressed": false, "sampleRate": 60.0, "nRot": 0, "nPos": 0, "nScale": 0, "nFloat": 0, "nPPtr": 0, "bytes": 6135}
{"t": "AnimationClip", "name": "explode7", "bundle": "gameres_main_dir_animation_season_c94304ba1d2b1cf6cfe5c394248d0505", "legacy": false, "compressed": false, "sampleRate": 60.0, "nRot": 0, "nPos": 0, "nScale": 0, "nFloat": 0, "nPPtr": 0, "bytes": 11141}
{"t": "AnimationClip", "name": "V_ui_S3_tips_out", "bundle": "gameres_main_dir_animation_season_c94304ba1d2b1cf6cfe5c394248d0505", "legacy": false, "compressed": false, "sampleRate": 60.0, "nRot": 0, "nPos": 0, "nScale": 0, "nFloat": 0, "nPPtr": 0, "bytes": 9221}
{"t": "AnimatorController", "name": "PvpBattleDamageTip", "bundle": "gameres_main_dir_animation_season_c94304ba1d2b1cf6cfe5c394248d0505", "legacy": null, "compressed": false, "sampleRate": null, "nRot": 0, "nPos": 0, "nScale": 0, "nFloat": 0, "nPPtr": 0, "bytes": 2547}
{"t": "AnimationClip", "name": "PreparationStart", "bundle": "gameres_main_dir_animation_season_c94304ba1d2b1cf6cfe5c394248d0505", "legacy": false, "compressed": false, "sampleRate": 30.0, "nRot": 0, "nPos": 0, "nScale": 0, "nFloat": 0, "nPPtr": 0, "bytes": 7490}
{"t": "AnimationClip", "name": "SeasonPreview_change_s1", "bundle": "gameres_main_dir_animation_season_s1_0_44a601e2b25a25a01f25015fb5a3dc75", "legacy": false, "compressed": false, "sampleRate": 60.0, "nRot": 0, "nPos": 0, "nScale": 0, "nFloat": 0, "nPPtr": 0, "bytes": 7432}
{"t": "AnimatorController", "name": "SeasonPreview_s1", "bundle": "gameres_main_dir_animation_season_s1_5_ff80b9a97260d55ef57e028893de2edc", "legacy": null, "compressed": false, "sampleRate": null, "nRot": 0, "nPos": 0, "nScale": 0, "nFloat": 0, "nPPtr": 0, "bytes": 4759}
{"t": "AnimationClip", "name": "SeasonPreview_open_s1", "bundle": "gameres_main_dir_animation_season_s1_5_ff80b9a97260d55ef57e028893de2edc", "legacy": false, "compressed": false, "sampleRate": 60.0, "nRot": 0, "nPos": 0, "nScale": 0, "nFloat": 0, "nPPtr": 0, "bytes": 7664}
{"t": "AnimatorController", "name": "SecondLevelPlane", "bundle": "gameres_main_dir_animation_world_uiworldtileui_1b1067a1c08037c3302f87e3c2fea0b1", "legacy": null, "compressed": false, "sampleRate": null, "nRot": 0, "nPos": 0, "nScale": 0, "nFloat": 0, "nPPtr": 0, "bytes": 2543}
{"t": "AnimationClip", "name": "4Right4", "bundle": "gameres_main_dir_animation_world_uiworldtileui_1b1067a1c08037c3302f87e3c2fea0b1", "legacy": false, "compressed": false, "sampleRate": 60.0, "nRot": 0, "nPos": 0, "nScale": 0, "nFloat": 0, "nPPtr": 0, "bytes": 6325}
{"t": "AnimationClip", "name": "V_ui_mapStickerItem_out", "bundle": "gameres_main_dir_animation_world_uiworldtileui_1b1067a1c08037c3302f87e3c2fea0b1", "legacy": false, "compressed": false, "sampleRate": 60.0, "nRot": 0, "nPos": 0, "nScale": 0, "nFloat": 0, "nPPtr": 0, "bytes": 7211}
{"t": "AnimationClip", "name": "4Left4", "bundle": "gameres_main_dir_animation_world_uiworldtileui_1b1067a1c08037c3302f87e3c2fea0b1", "legacy": false, "compressed": false, "sampleRate": 60.0, "nRot": 0, "nPos": 0, "nScale": 0, "nFloat": 0, "nPPtr": 0, "bytes": 6323}
{"t": "AnimationClip", "name": "V_ui_SecondLevelPlane_in", "bundle": "gameres_main_dir_animation_world_uiworldtileui_1b1067a1c08037c3302f87e3c2fea0b1", "legacy": false, "compressed": false, "sampleRate": 60.0, "nRot": 0, "nPos": 0, "nScale": 0, "nFloat": 0, "nPPtr": 0, "bytes": 11044}
{"t": "AnimationClip", "name": "5Right2", "bundle": "gameres_main_dir_animation_world_uiworldtileui_1b1067a1c08037c3302f87e3c2fea0b1", "legacy": false, "compressed": false, "sampleRate": 60.0, "nRot": 0, "nPos": 0, "nScale": 0, "nFloat": 0, "nPPtr": 0, "bytes": 6326}
{"t": "AnimationClip", "name": "5Left3", "bundle": "gameres_main_dir_animation_world_uiworldtileui_1b1067a1c08037c3302f87e3c2fea0b1", "legacy": false, "compressed": false, "sampleRate": 60.0, "nRot": 0, "nPos": 0, "nScale": 0, "nFloat": 0, "nPPtr": 0, "bytes": 6323}
{"t": "AnimationClip", "name": "4Left3", "bundle": "gameres_main_dir_animation_world_uiworldtileui_1b1067a1c08037c3302f87e3c2fea0b1", "legacy": false, "compressed": false, "sampleRate": 60.0, "nRot": 0, "nPos": 0, "nScale": 0, "nFloat": 0, "nPPtr": 0, "bytes": 6323}
{"t": "AnimationClip", "name": "BtnBg", "bundle": "gameres_main_dir_animation_world_uiworldtileui_1b1067a1c08037c3302f87e3c2fea0b1", "legacy": false, "compressed": false, "sampleRate": 60.0, "nRot": 0, "nPos": 0, "nScale": 0, "nFloat": 0, "nPPtr": 0, "bytes": 6122}
{"t": "AnimatorController", "name": "BuildBtnDuring", "bundle": "gameres_main_dir_animation_world_uiworldtileui_1b1067a1c08037c3302f87e3c2fea0b1", "legacy": null, "compressed": false, "sampleRate": null, "nRot": 0, "nPos": 0, "nScale": 0, "nFloat": 0, "nPPtr": 0, "bytes": 2581}
{"t": "AnimationClip", "name": "5Left2", "bundle": "gameres_main_dir_animation_world_uiworldtileui_1b1067a1c08037c3302f87e3c2fea0b1", "legacy": false, "compressed": false, "sampleRate": 60.0, "nRot": 0, "nPos": 0, "nScale": 0, "nFloat": 0, "nPPtr": 0, "bytes": 6324}
{"t": "AnimationClip", "name": "5Left1", "bundle": "gameres_main_dir_animation_world_uiworldtileui_1b1067a1c08037c3302f87e3c2fea0b1", "legacy": false, "compressed": false, "sampleRate": 60.0, "nRot": 0, "nPos": 0, "nScale": 0, "nFloat": 0, "nPPtr": 0, "bytes": 6324}
{"t": "AnimationClip", "name": "BuildBtnMove", "bundle": "gameres_main_dir_animation_world_uiworldtileui_1b1067a1c08037c3302f87e3c2fea0b1", "legacy": false, "compressed": false, "sampleRate": 60.0, "nRot": 0, "nPos": 0, "nScale": 0, "nFloat": 0, "nPPtr": 0, "bytes": 5940}
{"t": "AnimationClip", "name": "5Right1", "bundle": "gameres_main_dir_animation_world_uiworldtileui_1b1067a1c08037c3302f87e3c2fea0b1", "legacy": false, "compressed": false, "sampleRate": 60.0, "nRot": 0, "nPos": 0, "nScale": 0, "nFloat": 0, "nPPtr": 0, "bytes": 6326}
{"t": "AnimationClip", "name": "5Right3", "bundle": "gameres_main_dir_animation_world_uiworldtileui_1b1067a1c08037c3302f87e3c2fea0b1", "legacy": false, "compressed": false, "sampleRate": 60.0, "nRot": 0, "nPos": 0, "nScale": 0, "nFloat": 0, "nPPtr": 0, "bytes": 6325}
{"t": "AnimationClip", "name": "5Left5", "bundle": "gameres_main_dir_animation_world_uiworldtileui_1b1067a1c08037c3302f87e3c2fea0b1", "legacy": false, "compressed": false, "sampleRate": 60.0, "nRot": 0, "nPos": 0, "nScale": 0, "nFloat": 0, "nPPtr": 0, "bytes": 6323}
{"t": "AnimatorController", "name": "mapStickerItem", "bundle": "gameres_main_dir_animation_world_uiworldtileui_1b1067a1c08037c3302f87e3c2fea0b1", "legacy": null, "compressed": false, "sampleRate": null, "nRot": 0, "nPos": 0, "nScale": 0, "nFloat": 0, "nPPtr": 0, "bytes": 3654}
{"t": "AnimationClip", "name": "4Left1", "bundle": "gameres_main_dir_animation_world_uiworldtileui_1b1067a1c08037c3302f87e3c2fea0b1", "legacy": false, "compressed": false, "sampleRate": 60.0, "nRot": 0, "nPos": 0, "nScale": 0, "nFloat": 0, "nPPtr": 0, "bytes": 6324}
{"t": "AnimationClip", "name": "V_ui_mapStickerItem_in", "bundle": "gameres_main_dir_animation_world_uiworldtileui_1b1067a1c08037c3302f87e3c2fea0b1", "legacy": false, "compressed": false, "sampleRate": 60.0, "nRot": 0, "nPos": 0, "nScale": 0, "nFloat": 0, "nPPtr": 0, "bytes": 7050}
{"t": "AnimationClip", "name": "4Right3", "bundle": "gameres_main_dir_animation_world_uiworldtileui_1b1067a1c08037c3302f87e3c2fea0b1", "legacy": false, "compressed": false, "sampleRate": 60.0, "nRot": 0, "nPos": 0, "nScale": 0, "nFloat": 0, "nPPtr": 0, "bytes": 6325}
{"t": "AnimationClip", "name": "5Left4", "bundle": "gameres_main_dir_animation_world_uiworldtileui_1b1067a1c08037c3302f87e3c2fea0b1", "legacy": false, "compressed": false, "sampleRate": 60.0, "nRot": 0, "nPos": 0, "nScale": 0, "nFloat": 0, "nPPtr": 0, "bytes": 6323}
{"t": "AnimatorController", "name": "BuildBtnMove", "bundle": "gameres_main_dir_animation_world_uiworldtileui_1b1067a1c08037c3302f87e3c2fea0b1", "legacy": null, "compressed": false, "sampleRate": null, "nRot": 0, "nPos": 0, "nScale": 0, "nFloat": 0, "nPPtr": 0, "bytes": 30719}
{"t": "AnimationClip", "name": "5Right4", "bundle": "gameres_main_dir_animation_world_uiworldtileui_1b1067a1c08037c3302f87e3c2fea0b1", "legacy": false, "compressed": false, "sampleRate": 60.0, "nRot": 0, "nPos": 0, "nScale": 0, "nFloat": 0, "nPPtr": 0, "bytes": 6325}
{"t": "AnimationClip", "name": "4Right1", "bundle": "gameres_main_dir_animation_world_uiworldtileui_1b1067a1c08037c3302f87e3c2fea0b1", "legacy": false, "compressed": false, "sampleRate": 60.0, "nRot": 0, "nPos": 0, "nScale": 0, "nFloat": 0, "nPPtr": 0, "bytes": 6326}
{"t": "AnimationClip", "name": "4Right2", "bundle": "gameres_main_dir_animation_world_uiworldtileui_1b1067a1c08037c3302f87e3c2fea0b1", "legacy": false, "compressed": false, "sampleRate": 60.0, "nRot": 0, "nPos": 0, "nScale": 0, "nFloat": 0, "nPPtr": 0, "bytes": 6325}
{"t": "AnimationClip", "name": "5Right5", "bundle": "gameres_main_dir_animation_world_uiworldtileui_1b1067a1c08037c3302f87e3c2fea0b1", "legacy": false, "compressed": false, "sampleRate": 60.0, "nRot": 0, "nPos": 0, "nScale": 0, "nFloat": 0, "nPPtr": 0, "bytes": 6325}
{"t": "AnimationClip", "name": "BuildBtnStart", "bundle": "gameres_main_dir_animation_world_uiworldtileui_1b1067a1c08037c3302f87e3c2fea0b1", "legacy": false, "compressed": false, "sampleRate": 60.0, "nRot": 0, "nPos": 0, "nScale": 0, "nFloat": 0, "nPPtr": 0, "bytes": 5810}
{"t": "AnimationClip", "name": "4Left2", "bundle": "gameres_main_dir_animation_world_uiworldtileui_1b1067a1c08037c3302f87e3c2fea0b1", "legacy": false, "compressed": false, "sampleRate": 60.0, "nRot": 0, "nPos": 0, "nScale": 0, "nFloat": 0, "nPPtr": 0, "bytes": 6323}
{"t": "AnimationClip", "name": "wifi", "bundle": "gameres_main_dir_loading_animation_2f8d0b0363f3ca43e19f75346115e926", "legacy": true, "compressed": false, "sampleRate": 60.0, "nRot": 0, "nPos": 0, "nScale": 5, "nFloat": 8, "nPPtr": 0, "bytes": 22092}
{"t": "AnimationClip", "name": "UIBundleUpdate", "bundle": "gameres_main_dir_loading_animation_2f8d0b0363f3ca43e19f75346115e926", "legacy": false, "compressed": false, "sampleRate": 60.0, "nRot": 0, "nPos": 0, "nScale": 0, "nFloat": 0, "nPPtr": 0, "bytes": 6012}
{"t": "AnimatorController", "name": "UILoading", "bundle": "gameres_main_dir_loading_animation_2f8d0b0363f3ca43e19f75346115e926", "legacy": null, "compressed": false, "sampleRate": null, "nRot": 0, "nPos": 0, "nScale": 0, "nFloat": 0, "nPPtr": 0, "bytes": 5177}
{"t": "AnimationClip", "name": "UILoading", "bundle": "gameres_main_dir_loading_animation_2f8d0b0363f3ca43e19f75346115e926", "legacy": false, "compressed": false, "sampleRate": 60.0, "nRot": 0, "nPos": 0, "nScale": 0, "nFloat": 0, "nPPtr": 0, "bytes": 6226}
{"t": "AnimationClip", "name": "uiloadAnimator", "bundle": "gameres_main_dir_loading_animation_2f8d0b0363f3ca43e19f75346115e926", "legacy": false, "compressed": false, "sampleRate": 60.0, "nRot": 0, "nPos": 0, "nScale": 0, "nFloat": 0, "nPPtr": 0, "bytes": 6835}
{"t": "AnimationClip", "name": "ShowPanel", "bundle": "gameres_main_dir_animation_uiradarcenter_uidetectevent_7354dd0b5dabddae79f1bdda099f151a", "legacy": false, "compressed": false, "sampleRate": 60.0, "nRot": 0, "nPos": 0, "nScale": 0, "nFloat": 0, "nPPtr": 0, "bytes": 5627}
{"t": "AnimatorController", "name": "UIDetectEvent", "bundle": "gameres_main_dir_animation_uiradarcenter_uidetectevent_7354dd0b5dabddae79f1bdda099f151a", "legacy": null, "compressed": false, "sampleRate": null, "nRot": 0, "nPos": 0, "nScale": 0, "nFloat": 0, "nPPtr": 0, "bytes": 5834}
{"t": "AnimationClip", "name": "ShowDetectEventInfo", "bundle": "gameres_main_dir_animation_uiradarcenter_uidetectevent_7354dd0b5dabddae79f1bdda099f151a", "legacy": false, "compressed": false, "sampleRate": 60.0, "nRot": 0, "nPos": 0, "nScale": 0, "nFloat": 0, "nPPtr": 0, "bytes": 6794}
{"t": "AnimationClip", "name": "HideDetectEventInfo", "bundle": "gameres_main_dir_animation_uiradarcenter_uidetectevent_7354dd0b5dabddae79f1bdda099f151a", "legacy": false, "compressed": false, "sampleRate": 60.0, "nRot": 0, "nPos": 0, "nScale": 0, "nFloat": 0, "nPPtr": 0, "bytes": 6821}
{"t": "AnimationClip", "name": "ShowMoreBtn", "bundle": "gameres_main_dir_animation_uispeed_06a57c42b01bf072b46dd5573503d905", "legacy": false, "compressed": false, "sampleRate": 60.0, "nRot": 0, "nPos": 0, "nScale": 0, "nFloat": 0, "nPPtr": 0, "bytes": 6128}
{"t": "AnimationClip", "name": "CloseMoreBtn", "bundle": "gameres_main_dir_animation_uispeed_06a57c42b01bf072b46dd5573503d905", "legacy": false, "compressed": false, "sampleRate": 60.0, "nRot": 0, "nPos": 0, "nScale": 0, "nFloat": 0, "nPPtr": 0, "bytes": 6138}
{"t": "AnimatorController", "name": "ShowMoreBtn", "bundle": "gameres_main_dir_animation_uispeed_06a57c42b01bf072b46dd5573503d905", "legacy": null, "compressed": false, "sampleRate": null, "nRot": 0, "nPos": 0, "nScale": 0, "nFloat": 0, "nPPtr": 0, "bytes": 4086}
{"t": "AnimationClip", "name": "SelectTrain", "bundle": "gameres_main_dir_animation_uitrain_2cacac3d42453aa37fde3a37020fccf3", "legacy": false, "compressed": false, "sampleRate": 60.0, "nRot": 0, "nPos": 0, "nScale": 0, "nFloat": 0, "nPPtr": 0, "bytes": 6215}
{"t": "AnimationClip", "name": "ClickUpgradeTab", "bundle": "gameres_main_dir_animation_uitrain_2cacac3d42453aa37fde3a37020fccf3", "legacy": false, "compressed": false, "sampleRate": 60.0, "nRot": 0, "nPos": 0, "nScale": 0, "nFloat": 0, "nPPtr": 0, "bytes": 7208}
{"t": "AnimationClip", "name": "ToUpgrade", "bundle": "gameres_main_dir_animation_uitrain_2cacac3d42453aa37fde3a37020fccf3", "legacy": false, "compressed": false, "sampleRate": 60.0, "nRot": 0, "nPos": 0, "nScale": 0, "nFloat": 0, "nPPtr": 0, "bytes": 6175}
{"t": "AnimationClip", "name": "ClickDetailTab", "bundle": "gameres_main_dir_animation_uitrain_2cacac3d42453aa37fde3a37020fccf3", "legacy": false, "compressed": false, "sampleRate": 60.0, "nRot": 0, "nPos": 0, "nScale": 0, "nFloat": 0, "nPPtr": 0, "bytes": 7482}
{"t": "AnimationClip", "name": "UITrainVIPInvitePopIn", "bundle": "gameres_main_dir_animation_uitrain_2cacac3d42453aa37fde3a37020fccf3", "legacy": false, "compressed": false, "sampleRate": 60.0, "nRot": 0, "nPos": 0, "nScale": 0, "nFloat": 0, "nPPtr": 0, "bytes": 14941}
{"t": "AnimationClip", "name": "UpgradeFlag", "bundle": "gameres_main_dir_animation_uitrain_2cacac3d42453aa37fde3a37020fccf3", "legacy": false, "compressed": false, "sampleRate": 60.0, "nRot": 0, "nPos": 0, "nScale": 0, "nFloat": 0, "nPPtr": 0, "bytes": 6864}
{"t": "AnimatorController", "name": "UITrainVIPBeInvitedPop", "bundle": "gameres_main_dir_animation_uitrain_2cacac3d42453aa37fde3a37020fccf3", "legacy": null, "compressed": false, "sampleRate": null, "nRot": 0, "nPos": 0, "nScale": 0, "nFloat": 0, "nPPtr": 0, "bytes": 4787}
{"t": "AnimationClip", "name": "UITrainVIPBeInvitedPopIn", "bundle": "gameres_main_dir_animation_uitrain_2cacac3d42453aa37fde3a37020fccf3", "legacy": false, "compressed": false, "sampleRate": 60.0, "nRot": 0, "nPos": 0, "nScale": 0, "nFloat": 0, "nPPtr": 0, "bytes": 15924}
{"t": "AnimatorController", "name": "UpgradeFlag", "bundle": "gameres_main_dir_animation_uitrain_2cacac3d42453aa37fde3a37020fccf3", "legacy": null, "compressed": false, "sampleRate": null, "nRot": 0, "nPos": 0, "nScale": 0, "nFloat": 0, "nPPtr": 0, "bytes": 2511}
{"t": "AnimationClip", "name": "BackFromDetail", "bundle": "gameres_main_dir_animation_uitrain_2cacac3d42453aa37fde3a37020fccf3", "legacy": false, "compressed": false, "sampleRate": 60.0, "nRot": 0, "nPos": 0, "nScale": 0, "nFloat": 0, "nPPtr": 0, "bytes": 7473}
{"t": "AnimationClip", "name": "UITrainVIPBeInvitedPopOut", "bundle": "gameres_main_dir_animation_uitrain_2cacac3d42453aa37fde3a37020fccf3", "legacy": false, "compressed": false, "sampleRate": 60.0, "nRot": 0, "nPos": 0, "nScale": 0, "nFloat": 0, "nPPtr": 0, "bytes": 11795}
{"t": "AnimationClip", "name": "UITrainVIPInvitePopOut", "bundle": "gameres_main_dir_animation_uitrain_2cacac3d42453aa37fde3a37020fccf3", "legacy": false, "compressed": false, "sampleRate": 60.0, "nRot": 0, "nPos": 0, "nScale": 0, "nFloat": 0, "nPPtr": 0, "bytes": 11673}
{"t": "AnimationClip", "name": "UITrainVIPInvitePopLoop", "bundle": "gameres_main_dir_animation_uitrain_2cacac3d42453aa37fde3a37020fccf3", "legacy": false, "compressed": false, "sampleRate": 60.0, "nRot": 0, "nPos": 0, "nScale": 0, "nFloat": 0, "nPPtr": 0, "bytes": 11849}
{"t": "AnimationClip", "name": "UITrainVIPBeInvitedPopLoop", "bundle": "gameres_main_dir_animation_uitrain_2cacac3d42453aa37fde3a37020fccf3", "legacy": false, "compressed": false, "sampleRate": 60.0, "nRot": 0, "nPos": 0, "nScale": 0, "nFloat": 0, "nPPtr": 0, "bytes": 12929}
{"t": "AnimationClip", "name": "UpgradeToTrain", "bundle": "gameres_main_dir_animation_uitrain_2cacac3d42453aa37fde3a37020fccf3", "legacy": false, "compressed": false, "sampleRate": 60.0, "nRot": 0, "nPos": 0, "nScale": 0, "nFloat": 0, "nPPtr": 0, "bytes": 6180}
{"t": "AnimationClip", "name": "DeselectTrain", "bundle": "gameres_main_dir_animation_uitrain_2cacac3d42453aa37fde3a37020fccf3", "legacy": false, "compressed": false, "sampleRate": 60.0, "nRot": 0, "nPos": 0, "nScale": 0, "nFloat": 0, "nPPtr": 0, "bytes": 5852}
{"t": "AnimationClip", "name": "DefaultTab", "bundle": "gameres_main_dir_animation_uitrain_2cacac3d42453aa37fde3a37020fccf3", "legacy": false, "compressed": false, "sampleRate": 60.0, "nRot": 0, "nPos": 0, "nScale": 0, "nFloat": 0, "nPPtr": 0, "bytes": 6806}
{"t": "AnimationClip", "name": "BackFromUpgrade", "bundle": "gameres_main_dir_animation_uitrain_2cacac3d42453aa37fde3a37020fccf3", "legacy": false, "compressed": false, "sampleRate": 60.0, "nRot": 0, "nPos": 0, "nScale": 0, "nFloat": 0, "nPPtr": 0, "bytes": 7208}
{"t": "AnimatorController", "name": "TrainTab", "bundle": "gameres_main_dir_animation_uitrain_2cacac3d42453aa37fde3a37020fccf3", "legacy": null, "compressed": false, "sampleRate": null, "nRot": 0, "nPos": 0, "nScale": 0, "nFloat": 0, "nPPtr": 0, "bytes": 6885}
{"t": "AnimatorController", "name": "UITrainVIPInvitePop", "bundle": "gameres_main_dir_animation_uitrain_2cacac3d42453aa37fde3a37020fccf3", "legacy": null, "compressed": false, "sampleRate": null, "nRot": 0, "nPos": 0, "nScale": 0, "nFloat": 0, "nPPtr": 0, "bytes": 4764}
{"t": "AnimationClip", "name": "CityVisitorNextBtnAnim", "bundle": "gameres_main_dir_animation_visitor_ffdef85b28128eb3d7284d11ed3ae7df", "legacy": false, "compressed": false, "sampleRate": 60.0, "nRot": 0, "nPos": 0, "nScale": 0, "nFloat": 0, "nPPtr": 0, "bytes": 6233}
{"t": "AnimatorController", "name": "UIMainVisitorBtn", "bundle": "gameres_main_dir_animation_visitor_ffdef85b28128eb3d7284d11ed3ae7df", "legacy": null, "compressed": false, "sampleRate": null, "nRot": 0, "nPos": 0, "nScale": 0, "nFloat": 0, "nPPtr": 0, "bytes": 2533}
{"t": "AnimatorController", "name": "UICityVisitorNextBtn", "bundle": "gameres_main_dir_animation_visitor_ffdef85b28128eb3d7284d11ed3ae7df", "legacy": null, "compressed": false, "sampleRate": null, "nRot": 0, "nPos": 0, "nScale": 0, "nFloat": 0, "nPPtr": 0, "bytes": 2542}
{"t": "AnimationClip", "name": "UIMainVisitorBtnPlay", "bundle": "gameres_main_dir_animation_visitor_ffdef85b28128eb3d7284d11ed3ae7df", "legacy": false, "compressed": false, "sampleRate": 60.0, "nRot": 0, "nPos": 0, "nScale": 0, "nFloat": 0, "nPPtr": 0, "bytes": 6483}
{"t": "AnimationClip", "name": "factoryDropLeft", "bundle": "gameres_main_dir_animation_uifarm_f56df6e8d3ece7d756c519d3582f021b", "legacy": false, "compressed": false, "sampleRate": 60.0, "nRot": 0, "nPos": 0, "nScale": 0, "nFloat": 0, "nPPtr": 0, "bytes": 7543}
{"t": "AnimationClip", "name": "Ostrich_shake", "bundle": "gameres_main_dir_animation_uifarm_f56df6e8d3ece7d756c519d3582f021b", "legacy": false, "compressed": false, "sampleRate": 60.0, "nRot": 0, "nPos": 0, "nScale": 0, "nFloat": 0, "nPPtr": 0, "bytes": 6967}
{"t": "AnimationClip", "name": "farm_tip_shake", "bundle": "gameres_main_dir_animation_uifarm_f56df6e8d3ece7d756c519d3582f021b", "legacy": false, "compressed": false, "sampleRate": 60.0, "nRot": 0, "nPos": 0, "nScale": 0, "nFloat": 0, "nPPtr": 0, "bytes": 7249}
{"t": "AnimationClip", "name": "factory_drop_item", "bundle": "gameres_main_dir_animation_uifarm_f56df6e8d3ece7d756c519d3582f021b", "legacy": false, "compressed": false, "sampleRate": 60.0, "nRot": 0, "nPos": 0, "nScale": 0, "nFloat": 0, "nPPtr": 0, "bytes": 10885}
{"t": "AnimatorController", "name": "farmUIMenu", "bundle": "gameres_main_dir_animation_uifarm_f56df6e8d3ece7d756c519d3582f021b", "legacy": null, "compressed": false, "sampleRate": null, "nRot": 0, "nPos": 0, "nScale": 0, "nFloat": 0, "nPPtr": 0, "bytes": 4148}
{"t": "AnimatorController", "name": "farm_item_drop", "bundle": "gameres_main_dir_animation_uifarm_f56df6e8d3ece7d756c519d3582f021b", "legacy": null, "compressed": false, "sampleRate": null, "nRot": 0, "nPos": 0, "nScale": 0, "nFloat": 0, "nPPtr": 0, "bytes": 7126}
{"t": "AnimationClip", "name": "farm_item_dec_play", "bundle": "gameres_main_dir_animation_uifarm_f56df6e8d3ece7d756c519d3582f021b", "legacy": false, "compressed": false, "sampleRate": 60.0, "nRot": 0, "nPos": 0, "nScale": 0, "nFloat": 0, "nPPtr": 0, "bytes": 8768}
{"t": "AnimationClip", "name": "farm_item_drop_default", "bundle": "gameres_main_dir_animation_uifarm_f56df6e8d3ece7d756c519d3582f021b", "legacy": false, "compressed": false, "sampleRate": 60.0, "nRot": 0, "nPos": 0, "nScale": 0, "nFloat": 0, "nPPtr": 0, "bytes": 5819}
{"t": "AnimationClip", "name": "Cattle_shake", "bundle": "gameres_main_dir_animation_uifarm_f56df6e8d3ece7d756c519d3582f021b", "legacy": false, "compressed": false, "sampleRate": 60.0, "nRot": 0, "nPos": 0, "nScale": 0, "nFloat": 0, "nPPtr": 0, "bytes": 6966}
{"t": "AnimationClip", "name": "factoryDropRight", "bundle": "gameres_main_dir_animation_uifarm_f56df6e8d3ece7d756c519d3582f021b", "legacy": false, "compressed": false, "sampleRate": 60.0, "nRot": 0, "nPos": 0, "nScale": 0, "nFloat": 0, "nPPtr": 0, "bytes": 7587}
{"t": "AnimationClip", "name": "farm_consume_resource_rise", "bundle": "gameres_main_dir_animation_uifarm_f56df6e8d3ece7d756c519d3582f021b", "legacy": false, "compressed": false, "sampleRate": 60.0, "nRot": 0, "nPos": 0, "nScale": 0, "nFloat": 0, "nPPtr": 0, "bytes": 9457}
{"t": "AnimationClip", "name": "farm_item_drop_play", "bundle": "gameres_main_dir_animation_uifarm_f56df6e8d3ece7d756c519d3582f021b", "legacy": false, "compressed": false, "sampleRate": 60.0, "nRot": 0, "nPos": 0, "nScale": 0, "nFloat": 0, "nPPtr": 0, "bytes": 8052}
{"t": "AnimatorController", "name": "farm_drag_ani_ctrl", "bundle": "gameres_main_dir_animation_uifarm_f56df6e8d3ece7d756c519d3582f021b", "legacy": null, "compressed": false, "sampleRate": null, "nRot": 0, "nPos": 0, "nScale": 0, "nFloat": 0, "nPPtr": 0, "bytes": 5193}
{"t": "AnimationClip", "name": "farm_darg_shake", "bundle": "gameres_main_dir_animation_uifarm_f56df6e8d3ece7d756c519d3582f021b", "legacy": false, "compressed": false, "sampleRate": 60.0, "nRot": 0, "nPos": 0, "nScale": 0, "nFloat": 0, "nPPtr": 0, "bytes": 6380}
{"t": "AnimationClip", "name": "MenuClose", "bundle": "gameres_main_dir_animation_uifarm_f56df6e8d3ece7d756c519d3582f021b", "legacy": false, "compressed": false, "sampleRate": 60.0, "nRot": 0, "nPos": 0, "nScale": 0, "nFloat": 0, "nPPtr": 0, "bytes": 6404}
{"t": "AnimationClip", "name": "MenuOpen", "bundle": "gameres_main_dir_animation_uifarm_f56df6e8d3ece7d756c519d3582f021b", "legacy": false, "compressed": false, "sampleRate": 60.0, "nRot": 0, "nPos": 0, "nScale": 0, "nFloat": 0, "nPPtr": 0, "bytes": 6500}
{"t": "AnimationClip", "name": "UIGuideTalkHideNoMoveRight", "bundle": "gameres_main_dir_animation_uiguidetalk_4395d21963a790c48bd51131f5f9f49a", "legacy": false, "compressed": false, "sampleRate": 60.0, "nRot": 0, "nPos": 0, "nScale": 0, "nFloat": 0, "nPPtr": 0, "bytes": 9826}
{"t": "AnimationClip", "name": "UIGuideTalkShowLeft", "bundle": "gameres_main_dir_animation_uiguidetalk_4395d21963a790c48bd51131f5f9f49a", "legacy": false, "compressed": false, "sampleRate": 60.0, "nRot": 0, "nPos": 0, "nScale": 0, "nFloat": 0, "nPPtr": 0, "bytes": 10149}
{"t": "AnimationClip", "name": "UIGuideTalkShowNoMoveRight", "bundle": "gameres_main_dir_animation_uiguidetalk_4395d21963a790c48bd51131f5f9f49a", "legacy": false, "compressed": false, "sampleRate": 60.0, "nRot": 0, "nPos": 0, "nScale": 0, "nFloat": 0, "nPPtr": 0, "bytes": 9807}
{"t": "AnimatorController", "name": "UIGuideTalkBg", "bundle": "gameres_main_dir_animation_uiguidetalk_4395d21963a790c48bd51131f5f9f49a", "legacy": null, "compressed": false, "sampleRate": null, "nRot": 0, "nPos": 0, "nScale": 0, "nFloat": 0, "nPPtr": 0, "bytes": 10333}
{"t": "AnimationClip", "name": "UIGuideTalkHideLeft", "bundle": "gameres_main_dir_animation_uiguidetalk_4395d21963a790c48bd51131f5f9f49a", "legacy": false, "compressed": false, "sampleRate": 60.0, "nRot": 0, "nPos": 0, "nScale": 0, "nFloat": 0, "nPPtr": 0, "bytes": 9913}
{"t": "AnimationClip", "name": "UIGuideTalkDoubleShowNoMoveRight", "bundle": "gameres_main_dir_animation_uiguidetalk_4395d21963a790c48bd51131f5f9f49a", "legacy": false, "compressed": false, "sampleRate": 60.0, "nRot": 0, "nPos": 0, "nScale": 0, "nFloat": 0, "nPPtr": 0, "bytes": 9315}
{"t": "AnimationClip", "name": "UIGuideTalkDoubleHideRight", "bundle": "gameres_main_dir_animation_uiguidetalk_4395d21963a790c48bd51131f5f9f49a", "legacy": false, "compressed": false, "sampleRate": 60.0, "nRot": 0, "nPos": 0, "nScale": 0, "nFloat": 0, "nPPtr": 0, "bytes": 9410}
{"t": "AnimationClip", "name": "UIGuideTalkDoubleShowRight", "bundle": "gameres_main_dir_animation_uiguidetalk_4395d21963a790c48bd51131f5f9f49a", "legacy": false, "compressed": false, "sampleRate": 60.0, "nRot": 0, "nPos": 0, "nScale": 0, "nFloat": 0, "nPPtr": 0, "bytes": 9624}
{"t": "AnimationClip", "name": "UIGuideTalkShowNoMoveLeft", "bundle": "gameres_main_dir_animation_uiguidetalk_4395d21963a790c48bd51131f5f9f49a", "legacy": false, "compressed": false, "sampleRate": 60.0, "nRot": 0, "nPos": 0, "nScale": 0, "nFloat": 0, "nPPtr": 0, "bytes": 9806}
{"t": "AnimationClip", "name": "UIGuideTalkDoubleShowLeft", "bundle": "gameres_main_dir_animation_uiguidetalk_4395d21963a790c48bd51131f5f9f49a", "legacy": false, "compressed": false, "sampleRate": 60.0, "nRot": 0, "nPos": 0, "nScale": 0, "nFloat": 0, "nPPtr": 0, "bytes": 9693}
{"t": "AnimationClip", "name": "UIGuideTalkArrow", "bundle": "gameres_main_dir_animation_uiguidetalk_4395d21963a790c48bd51131f5f9f49a", "legacy": false, "compressed": false, "sampleRate": 60.0, "nRot": 0, "nPos": 0, "nScale": 0, "nFloat": 0, "nPPtr": 0, "bytes": 11395}
{"t": "AnimationClip", "name": "UIGuideTalkHideNoMoveLeft", "bundle": "gameres_main_dir_animation_uiguidetalk_4395d21963a790c48bd51131f5f9f49a", "legacy": false, "compressed": false, "sampleRate": 60.0, "nRot": 0, "nPos": 0, "nScale": 0, "nFloat": 0, "nPPtr": 0, "bytes": 9825}
{"t": "AnimationClip", "name": "UIGuideTalkHideRight", "bundle": "gameres_main_dir_animation_uiguidetalk_4395d21963a790c48bd51131f5f9f49a", "legacy": false, "compressed": false, "sampleRate": 60.0, "nRot": 0, "nPos": 0, "nScale": 0, "nFloat": 0, "nPPtr": 0, "bytes": 9902}
{"t": "AnimatorController", "name": "UIGuideTalkArrow", "bundle": "gameres_main_dir_animation_uiguidetalk_4395d21963a790c48bd51131f5f9f49a", "legacy": null, "compressed": false, "sampleRate": null, "nRot": 0, "nPos": 0, "nScale": 0, "nFloat": 0, "nPPtr": 0, "bytes": 2525}
{"t": "AnimationClip", "name": "UIGuideTalkDoubleShowNoMoveLeft", "bundle": "gameres_main_dir_animation_uiguidetalk_4395d21963a790c48bd51131f5f9f49a", "legacy": false, "compressed": false, "sampleRate": 60.0, "nRot": 0, "nPos": 0, "nScale": 0, "nFloat": 0, "nPPtr": 0, "bytes": 9350}
{"t": "AnimationClip", "name": "UIGuideTalkDoubleHideLeft", "bundle": "gameres_main_dir_animation_uiguidetalk_4395d21963a790c48bd51131f5f9f49a", "legacy": false, "compressed": false, "sampleRate": 60.0, "nRot": 0, "nPos": 0, "nScale": 0, "nFloat": 0, "nPPtr": 0, "bytes": 9231}
{"t": "AnimationClip", "name": "UIGuideTalkShowRight", "bundle": "gameres_main_dir_animation_uiguidetalk_4395d21963a790c48bd51131f5f9f49a", "legacy": false, "compressed": false, "sampleRate": 60.0, "nRot": 0, "nPos": 0, "nScale": 0, "nFloat": 0, "nPPtr": 0, "bytes": 10101}
{"t": "AnimatorController", "name": "UIMainWarningBtnGo", "bundle": "gameres_main_dir_animation_uimain_7b6027bba623d2892d31dd1b70040011", "legacy": null, "compressed": false, "sampleRate": null, "nRot": 0, "nPos": 0, "nScale": 0, "nFloat": 0, "nPPtr": 0, "bytes": 3648}
{"t": "AnimationClip", "name": "WarningGoBtnHide", "bundle": "gameres_main_dir_animation_uimain_7b6027bba623d2892d31dd1b70040011", "legacy": false, "compressed": false, "sampleRate": 60.0, "nRot": 0, "nPos": 0, "nScale": 0, "nFloat": 0, "nPPtr": 0, "bytes": 6035}
{"t": "AnimationClip", "name": "UINoticeTips_HeroWord2_Arabic", "bundle": "gameres_main_dir_animation_uimain_7b6027bba623d2892d31dd1b70040011", "legacy": false, "compressed": false, "sampleRate": 60.0, "nRot": 0, "nPos": 0, "nScale": 0, "nFloat": 0, "nPPtr": 0, "bytes": 9154}
{"t": "AnimationClip", "name": "BuildQueueFree", "bundle": "gameres_main_dir_animation_uimain_7b6027bba623d2892d31dd1b70040011", "legacy": false, "compressed": false, "sampleRate": 60.0, "nRot": 0, "nPos": 0, "nScale": 0, "nFloat": 0, "nPPtr": 0, "bytes": 6460}
{"t": "AnimationClip", "name": "UINoticeTips_HeroWord", "bundle": "gameres_main_dir_animation_uimain_7b6027bba623d2892d31dd1b70040011", "legacy": false, "compressed": false, "sampleRate": 60.0, "nRot": 0, "nPos": 0, "nScale": 0, "nFloat": 0, "nPPtr": 0, "bytes": 5948}
{"t": "AnimatorController", "name": "UIMainWarningBg", "bundle": "gameres_main_dir_animation_uimain_7b6027bba623d2892d31dd1b70040011", "legacy": null, "compressed": false, "sampleRate": null, "nRot": 0, "nPos": 0, "nScale": 0, "nFloat": 0, "nPPtr": 0, "bytes": 2522}
{"t": "AnimationClip", "name": "OutWithResource", "bundle": "gameres_main_dir_animation_uimain_7b6027bba623d2892d31dd1b70040011", "legacy": false, "compressed": false, "sampleRate": 60.0, "nRot": 0, "nPos": 0, "nScale": 0, "nFloat": 0, "nPPtr": 0, "bytes": 18039}
{"t": "AnimationClip", "name": "UINoticeTips_Hide", "bundle": "gameres_main_dir_animation_uimain_7b6027bba623d2892d31dd1b70040011", "legacy": false, "compressed": false, "sampleRate": 60.0, "nRot": 0, "nPos": 0, "nScale": 0, "nFloat": 0, "nPPtr": 0, "bytes": 6939}
{"t": "AnimationClip", "name": "txtchangell", "bundle": "gameres_main_dir_animation_uimain_7b6027bba623d2892d31dd1b70040011", "legacy": false, "compressed": false, "sampleRate": 60.0, "nRot": 0, "nPos": 0, "nScale": 0, "nFloat": 0, "nPPtr": 0, "bytes": 6472}
{"t": "AnimationClip", "name": "txtChangeNormal", "bundle": "gameres_main_dir_animation_uimain_7b6027bba623d2892d31dd1b70040011", "legacy": false, "compressed": false, "sampleRate": 60.0, "nRot": 0, "nPos": 0, "nScale": 0, "nFloat": 0, "nPPtr": 0, "bytes": 7625}
{"t": "AnimationClip", "name": "UIMainWarningBtnGoShow", "bundle": "gameres_main_dir_animation_uimain_7b6027bba623d2892d31dd1b70040011", "legacy": false, "compressed": false, "sampleRate": 60.0, "nRot": 0, "nPos": 0, "nScale": 0, "nFloat": 0, "nPPtr": 0, "bytes": 5994}
{"t": "AnimatorController", "name": "TxtChange", "bundle": "gameres_main_dir_animation_uimain_7b6027bba623d2892d31dd1b70040011", "legacy": null, "compressed": false, "sampleRate": null, "nRot": 0, "nPos": 0, "nScale": 0, "nFloat": 0, "nPPtr": 0, "bytes": 3678}
{"t": "AnimatorController", "name": "UINoticeHeroTips", "bundle": "gameres_main_dir_animation_uimain_7b6027bba623d2892d31dd1b70040011", "legacy": null, "compressed": false, "sampleRate": null, "nRot": 0, "nPos": 0, "nScale": 0, "nFloat": 0, "nPPtr": 0, "bytes": 7227}
{"t": "AnimationClip", "name": "UIMainWarningBtnGoHide", "bundle": "gameres_main_dir_animation_uimain_7b6027bba623d2892d31dd1b70040011", "legacy": false, "compressed": false, "sampleRate": 60.0, "nRot": 0, "nPos": 0, "nScale": 0, "nFloat": 0, "nPPtr": 0, "bytes": 6000}
{"t": "AnimationClip", "name": "ShowPlayer", "bundle": "gameres_main_dir_animation_uimain_7b6027bba623d2892d31dd1b70040011", "legacy": false, "compressed": false, "sampleRate": 60.0, "nRot": 0, "nPos": 0, "nScale": 0, "nFloat": 0, "nPPtr": 0, "bytes": 15602}
{"t": "AnimationClip", "name": "UINoticeTips_Show", "bundle": "gameres_main_dir_animation_uimain_7b6027bba623d2892d31dd1b70040011", "legacy": false, "compressed": false, "sampleRate": 60.0, "nRot": 0, "nPos": 0, "nScale": 0, "nFloat": 0, "nPPtr": 0, "bytes": 7006}
{"t": "AnimationClip", "name": "EnterWithResource", "bundle": "gameres_main_dir_animation_uimain_7b6027bba623d2892d31dd1b70040011", "legacy": false, "compressed": false, "sampleRate": 60.0, "nRot": 0, "nPos": 0, "nScale": 0, "nFloat": 0, "nPPtr": 0, "bytes": 18983}
{"t": "AnimationClip", "name": "UIMainWarningBg", "bundle": "gameres_main_dir_animation_uimain_7b6027bba623d2892d31dd1b70040011", "legacy": false, "compressed": false, "sampleRate": 60.0, "nRot": 0, "nPos": 0, "nScale": 0, "nFloat": 0, "nPPtr": 0, "bytes": 6001}
{"t": "AnimationClip", "name": "EnterWithoutResource", "bundle": "gameres_main_dir_animation_uimain_7b6027bba623d2892d31dd1b70040011", "legacy": false, "compressed": false, "sampleRate": 60.0, "nRot": 0, "nPos": 0, "nScale": 0, "nFloat": 0, "nPPtr": 0, "bytes": 17892}
{"t": "AnimationClip", "name": "UINoticeTips_HeroShow", "bundle": "gameres_main_dir_animation_uimain_7b6027bba623d2892d31dd1b70040011", "legacy": false, "compressed": false, "sampleRate": 60.0, "nRot": 0, "nPos": 0, "nScale": 0, "nFloat": 0, "nPPtr": 0, "bytes": 10357}
{"t": "AnimationClip", "name": "WarningGoBtnShow", "bundle": "gameres_main_dir_animation_uimain_7b6027bba623d2892d31dd1b70040011", "legacy": false, "compressed": false, "sampleRate": 60.0, "nRot": 0, "nPos": 0, "nScale": 0, "nFloat": 0, "nPPtr": 0, "bytes": 6143}
{"t": "AnimatorController", "name": "UIMainBuildQueue", "bundle": "gameres_main_dir_animation_uimain_7b6027bba623d2892d31dd1b70040011", "legacy": null, "compressed": false, "sampleRate": null, "nRot": 0, "nPos": 0, "nScale": 0, "nFloat": 0, "nPPtr": 0, "bytes": 3617}
{"t": "AnimationClip", "name": "OutWithoutResource", "bundle": "gameres_main_dir_animation_uimain_7b6027bba623d2892d31dd1b70040011", "legacy": false, "compressed": false, "sampleRate": 60.0, "nRot": 0, "nPos": 0, "nScale": 0, "nFloat": 0, "nPPtr": 0, "bytes": 17043}
{"t": "AnimatorController", "name": "WarningGoBtn", "bundle": "gameres_main_dir_animation_uimain_7b6027bba623d2892d31dd1b70040011", "legacy": null, "compressed": false, "sampleRate": null, "nRot": 0, "nPos": 0, "nScale": 0, "nFloat": 0, "nPPtr": 0, "bytes": 3626}
{"t": "AnimatorController", "name": "UINoticeTips", "bundle": "gameres_main_dir_animation_uimain_7b6027bba623d2892d31dd1b70040011", "legacy": null, "compressed": false, "sampleRate": null, "nRot": 0, "nPos": 0, "nScale": 0, "nFloat": 0, "nPPtr": 0, "bytes": 7715}
{"t": "AnimationClip", "name": "UINoticeTips_HeroWord2", "bundle": "gameres_main_dir_animation_uimain_7b6027bba623d2892d31dd1b70040011", "legacy": false, "compressed": false, "sampleRate": 60.0, "nRot": 0, "nPos": 0, "nScale": 0, "nFloat": 0, "nPPtr": 0, "bytes": 9146}
{"t": "AnimatorController", "name": "UIMain", "bundle": "gameres_main_dir_animation_uimain_7b6027bba623d2892d31dd1b70040011", "legacy": null, "compressed": false, "sampleRate": null, "nRot": 0, "nPos": 0, "nScale": 0, "nFloat": 0, "nPPtr": 0, "bytes": 7408}
{"t": "AnimationClip", "name": "UINoticeTips_HeroHide", "bundle": "gameres_main_dir_animation_uimain_7b6027bba623d2892d31dd1b70040011", "legacy": false, "compressed": false, "sampleRate": 60.0, "nRot": 0, "nPos": 0, "nScale": 0, "nFloat": 0, "nPPtr": 0, "bytes": 9847}
{"t": "AnimationClip", "name": "BuildQueueEmpty", "bundle": "gameres_main_dir_animation_uimain_7b6027bba623d2892d31dd1b70040011", "legacy": false, "compressed": false, "sampleRate": 60.0, "nRot": 0, "nPos": 0, "nScale": 0, "nFloat": 0, "nPPtr": 0, "bytes": 5876}
{"t": "AnimatorController", "name": "UIPlayerLevelPackagePageRewardChangeBg", "bundle": "gameres_main_dir_animation_uipackagepagerewardchange_1fc480e2964483d9fb2ce04b5f2de8dd", "legacy": null, "compressed": false, "sampleRate": null, "nRot": 0, "nPos": 0, "nScale": 0, "nFloat": 0, "nPPtr": 0, "bytes": 3679}
{"t": "AnimationClip", "name": "V_ui_RewardChangeBg_in", "bundle": "gameres_main_dir_animation_uipackagepagerewardchange_1fc480e2964483d9fb2ce04b5f2de8dd", "legacy": false, "compressed": false, "sampleRate": 60.0, "nRot": 0, "nPos": 0, "nScale": 0, "nFloat": 0, "nPPtr": 0, "bytes": 7439}
{"t": "AnimationClip", "name": "V_ui_RewardChange_Rewardcell_in", "bundle": "gameres_main_dir_animation_uipackagepagerewardchange_1fc480e2964483d9fb2ce04b5f2de8dd", "legacy": false, "compressed": false, "sampleRate": 60.0, "nRot": 0, "nPos": 0, "nScale": 0, "nFloat": 0, "nPPtr": 0, "bytes": 6627}
{"t": "AnimationClip", "name": "V_ui_RewardChangeEntrance_in", "bundle": "gameres_main_dir_animation_uipackagepagerewardchange_1fc480e2964483d9fb2ce04b5f2de8dd", "legacy": false, "compressed": false, "sampleRate": 60.0, "nRot": 0, "nPos": 0, "nScale": 0, "nFloat": 0, "nPPtr": 0, "bytes": 6338}
{"t": "AnimationClip", "name": "V_ui_RewardChangeBg_click", "bundle": "gameres_main_dir_animation_uipackagepagerewardchange_1fc480e2964483d9fb2ce04b5f2de8dd", "legacy": false, "compressed": false, "sampleRate": 60.0, "nRot": 0, "nPos": 0, "nScale": 0, "nFloat": 0, "nPPtr": 0, "bytes": 6741}
{"t": "AnimationClip", "name": "V_ui_RewardChangeEntrance_idle", "bundle": "gameres_main_dir_animation_uipackagepagerewardchange_1fc480e2964483d9fb2ce04b5f2de8dd", "legacy": false, "compressed": false, "sampleRate": 60.0, "nRot": 0, "nPos": 0, "nScale": 0, "nFloat": 0, "nPPtr": 0, "bytes": 6305}
{"t": "AnimatorController", "name": "LWUIPlayerPackageRewardChangeTitleItem", "bundle": "gameres_main_dir_animation_uipackagepagerewardchange_1fc480e2964483d9fb2ce04b5f2de8dd", "legacy": null, "compressed": false, "sampleRate": null, "nRot": 0, "nPos": 0, "nScale": 0, "nFloat": 0, "nPPtr": 0, "bytes": 2572}
{"t": "AnimatorController", "name": "UIPlayerLevelPackagePageRewardChangeEntrance", "bundle": "gameres_main_dir_animation_uipackagepagerewardchange_1fc480e2964483d9fb2ce04b5f2de8dd", "legacy": null, "compressed": false, "sampleRate": null, "nRot": 0, "nPos": 0, "nScale": 0, "nFloat": 0, "nPPtr": 0, "bytes": 4837}
{"t": "AnimationClip", "name": "V_ui_RewardChangeDetailItem_in", "bundle": "gameres_main_dir_animation_uipackagepagerewardchange_1fc480e2964483d9fb2ce04b5f2de8dd", "legacy": false, "compressed": false, "sampleRate": 60.0, "nRot": 0, "nPos": 0, "nScale": 0, "nFloat": 0, "nPPtr": 0, "bytes": 12602}
{"t": "AnimationClip", "name": "V_ui_RewardChange_Rewardcell_idle", "bundle": "gameres_main_dir_animation_uipackagepagerewardchange_1fc480e2964483d9fb2ce04b5f2de8dd", "legacy": false, "compressed": false, "sampleRate": 60.0, "nRot": 0, "nPos": 0, "nScale": 0, "nFloat": 0, "nPPtr": 0, "bytes": 5846}
{"t": "AnimatorController", "name": "LWUIPlayerPackageRewardChange", "bundle": "gameres_main_dir_animation_uipackagepagerewardchange_1fc480e2964483d9fb2ce04b5f2de8dd", "legacy": null, "compressed": false, "sampleRate": null, "nRot": 0, "nPos": 0, "nScale": 0, "nFloat": 0, "nPPtr": 0, "bytes": 4133}
{"t": "AnimationClip", "name": "V_ui_RewardChange_in", "bundle": "gameres_main_dir_animation_uipackagepagerewardchange_1fc480e2964483d9fb2ce04b5f2de8dd", "legacy": false, "compressed": false, "sampleRate": 60.0, "nRot": 0, "nPos": 0, "nScale": 0, "nFloat": 0, "nPPtr": 0, "bytes": 13235}
{"t": "AnimationClip", "name": "V_ui_RewardChangeTitleItem_in", "bundle": "gameres_main_dir_animation_uipackagepagerewardchange_1fc480e2964483d9fb2ce04b5f2de8dd", "legacy": false, "compressed": false, "sampleRate": 60.0, "nRot": 0, "nPos": 0, "nScale": 0, "nFloat": 0, "nPPtr": 0, "bytes": 6749}
{"t": "AnimatorController", "name": "LWUIPlayerPackageRewardChangeRewardItem", "bundle": "gameres_main_dir_animation_uipackagepagerewardchange_1fc480e2964483d9fb2ce04b5f2de8dd", "legacy": null, "compressed": false, "sampleRate": null, "nRot": 0, "nPos": 0, "nScale": 0, "nFloat": 0, "nPPtr": 0, "bytes": 4197}
{"t": "AnimatorController", "name": "LWUIPlayerPackageRewardChangeDetailItem", "bundle": "gameres_main_dir_animation_uipackagepagerewardchange_1fc480e2964483d9fb2ce04b5f2de8dd", "legacy": null, "compressed": false, "sampleRate": null, "nRot": 0, "nPos": 0, "nScale": 0, "nFloat": 0, "nPPtr": 0, "bytes": 2574}
{"t": "AnimationClip", "name": "V_ui_RewardChangeEntrance_click", "bundle": "gameres_main_dir_animation_uipackagepagerewardchange_1fc480e2964483d9fb2ce04b5f2de8dd", "legacy": false, "compressed": false, "sampleRate": 60.0, "nRot": 0, "nPos": 0, "nScale": 0, "nFloat": 0, "nPPtr": 0, "bytes": 6275}
{"t": "AnimatorController", "name": "V_zdbx_quan", "bundle": "gameres_main_dir_prefabs_buildeffect_6184d9e279b2e36c33553e974ce3a1a6", "legacy": null, "compressed": false, "sampleRate": null, "nRot": 0, "nPos": 0, "nScale": 0, "nFloat": 0, "nPPtr": 0, "bytes": 5824}
{"t": "AnimationClip", "name": "V_zdbx_quan_rotation", "bundle": "gameres_main_dir_prefabs_buildeffect_6184d9e279b2e36c33553e974ce3a1a6", "legacy": false, "compressed": false, "sampleRate": 60.0, "nRot": 0, "nPos": 0, "nScale": 0, "nFloat": 0, "nPPtr": 0, "bytes": 7058}
{"t": "AnimationClip", "name": "V_quan_xuanzhuan", "bundle": "gameres_main_dir_prefabs_buildeffect_6184d9e279b2e36c33553e974ce3a1a6", "legacy": false, "compressed": false, "sampleRate": 60.0, "nRot": 0, "nPos": 0, "nScale": 0, "nFloat": 0, "nPPtr": 0, "bytes": 6367}
{"t": "AnimationClip", "name": "V_zdbx_quan", "bundle": "gameres_main_dir_prefabs_buildeffect_6184d9e279b2e36c33553e974ce3a1a6", "legacy": false, "compressed": false, "sampleRate": 60.0, "nRot": 0, "nPos": 0, "nScale": 0, "nFloat": 0, "nPPtr": 0, "bytes": 7391}
{"t": "AnimationClip", "name": "V_zdbx_targetImg", "bundle": "gameres_main_dir_prefabs_buildeffect_6184d9e279b2e36c33553e974ce3a1a6", "legacy": false, "compressed": false, "sampleRate": 60.0, "nRot": 0, "nPos": 0, "nScale": 0, "nFloat": 0, "nPPtr": 0, "bytes": 7304}
{"t": "AnimationClip", "name": "Take 001", "bundle": "gameres_main_dir_prefabs_buildhelpnpc_ccaa391f563c12ff32d8ed79a867b369", "legacy": false, "compressed": false, "sampleRate": 30.0, "nRot": 0, "nPos": 0, "nScale": 0, "nFloat": 0, "nPPtr": 0, "bytes": 69568}
{"t": "AnimationClip", "name": "Recorded (2)", "bundle": "gameres_main_dir_prefabs_buildinghero_8e84ef84f87bd1f64bccb0d59b159b58", "legacy": false, "compressed": false, "sampleRate": 60.0, "nRot": 0, "nPos": 0, "nScale": 0, "nFloat": 0, "nPPtr": 0, "bytes": 6583}
{"t": "AnimationClip", "name": "Recorded (1)", "bundle": "gameres_main_dir_prefabs_buildinghero_8e84ef84f87bd1f64bccb0d59b159b58", "legacy": false, "compressed": false, "sampleRate": 60.0, "nRot": 0, "nPos": 0, "nScale": 0, "nFloat": 0, "nPPtr": 0, "bytes": 7372}
{"t": "AnimationClip", "name": "Recorded", "bundle": "gameres_main_dir_prefabs_buildinghero_8e84ef84f87bd1f64bccb0d59b159b58", "legacy": false, "compressed": false, "sampleRate": 60.0, "nRot": 0, "nPos": 0, "nScale": 0, "nFloat": 0, "nPPtr": 0, "bytes": 7937}
{"t": "AnimationClip", "name": "Recorded (3)", "bundle": "gameres_main_dir_prefabs_buildinghero_8e84ef84f87bd1f64bccb0d59b159b58", "legacy": false, "compressed": false, "sampleRate": 60.0, "nRot": 0, "nPos": 0, "nScale": 0, "nFloat": 0, "nPPtr": 0, "bytes": 8085}
{"t": "AnimationClip", "name": "Recorded (6)", "bundle": "gameres_main_dir_prefabs_buildinghero_8e84ef84f87bd1f64bccb0d59b159b58", "legacy": false, "compressed": false, "sampleRate": 60.0, "nRot": 0, "nPos": 0, "nScale": 0, "nFloat": 0, "nPPtr": 0, "bytes": 6385}
{"t": "AnimationClip", "name": "Recorded (4)", "bundle": "gameres_main_dir_prefabs_buildinghero_8e84ef84f87bd1f64bccb0d59b159b58", "legacy": false, "compressed": false, "sampleRate": 60.0, "nRot": 0, "nPos": 0, "nScale": 0, "nFloat": 0, "nPPtr": 0, "bytes": 7889}
{"t": "AnimationClip", "name": "Recorded (2)", "bundle": "gameres_main_dir_prefabs_buildinghero_8e84ef84f87bd1f64bccb0d59b159b58", "legacy": false, "compressed": false, "sampleRate": 60.0, "nRot": 0, "nPos": 0, "nScale": 0, "nFloat": 0, "nPPtr": 0, "bytes": 8140}
{"t": "AnimationClip", "name": "Recorded (1)", "bundle": "gameres_main_dir_prefabs_buildinghero_8e84ef84f87bd1f64bccb0d59b159b58", "legacy": false, "compressed": false, "sampleRate": 60.0, "nRot": 0, "nPos": 0, "nScale": 0, "nFloat": 0, "nPPtr": 0, "bytes": 6292}
{"t": "AnimationClip", "name": "Recorded (6)", "bundle": "gameres_main_dir_prefabs_buildinghero_8e84ef84f87bd1f64bccb0d59b159b58", "legacy": false, "compressed": false, "sampleRate": 60.0, "nRot": 0, "nPos": 0, "nScale": 0, "nFloat": 0, "nPPtr": 0, "bytes": 10943}
{"t": "AnimationClip", "name": "Recorded", "bundle": "gameres_main_dir_prefabs_buildinghero_8e84ef84f87bd1f64bccb0d59b159b58", "legacy": false, "compressed": false, "sampleRate": 60.0, "nRot": 0, "nPos": 0, "nScale": 0, "nFloat": 0, "nPPtr": 0, "bytes": 9693}
{"t": "AnimationClip", "name": "xswf_damen_close01", "bundle": "gameres_main_dir_prefabs_laststand_7_f2109d042f877b6a8a55cbad6ea9c9b0", "legacy": false, "compressed": false, "sampleRate": 30.0, "nRot": 0, "nPos": 0, "nScale": 0, "nFloat": 0, "nPPtr": 0, "bytes": 12667}
{"t": "AnimationClip", "name": "xswf_damen_open", "bundle": "gameres_main_dir_prefabs_laststand_7_f2109d042f877b6a8a55cbad6ea9c9b0", "legacy": false, "compressed": false, "sampleRate": 30.0, "nRot": 0, "nPos": 0, "nScale": 0, "nFloat": 0, "nPPtr": 0, "bytes": 12583}
{"t": "AnimationClip", "name": "xswf_damen_close_idle", "bundle": "gameres_main_dir_prefabs_laststand_7_f2109d042f877b6a8a55cbad6ea9c9b0", "legacy": false, "compressed": false, "sampleRate": 30.0, "nRot": 0, "nPos": 0, "nScale": 0, "nFloat": 0, "nPPtr": 0, "bytes": 8073}
{"t": "AnimationClip", "name": "xswf_damen_open01", "bundle": "gameres_main_dir_prefabs_laststand_7_f2109d042f877b6a8a55cbad6ea9c9b0", "legacy": false, "compressed": false, "sampleRate": 30.0, "nRot": 0, "nPos": 0, "nScale": 0, "nFloat": 0, "nPPtr": 0, "bytes": 12765}
{"t": "AnimationClip", "name": "xswf_damen_close", "bundle": "gameres_main_dir_prefabs_laststand_7_f2109d042f877b6a8a55cbad6ea9c9b0", "legacy": false, "compressed": false, "sampleRate": 30.0, "nRot": 0, "nPos": 0, "nScale": 0, "nFloat": 0, "nPPtr": 0, "bytes": 12110}
{"t": "AnimationClip", "name": "xswf_damen_open_idle", "bundle": "gameres_main_dir_prefabs_laststand_7_f2109d042f877b6a8a55cbad6ea9c9b0", "legacy": false, "compressed": false, "sampleRate": 30.0, "nRot": 0, "nPos": 0, "nScale": 0, "nFloat": 0, "nPPtr": 0, "bytes": 8458}
{"t": "AnimationClip", "name": "Recorded", "bundle": "gameres_main_dir_prefabs_dispatchtask_95347aecc8189189e1db72fc001e53da", "legacy": false, "compressed": false, "sampleRate": 60.0, "nRot": 0, "nPos": 0, "nScale": 0, "nFloat": 0, "nPPtr": 0, "bytes": 6759}
{"t": "AnimationClip", "name": "feihongqibing_show", "bundle": "gameres_main_dir_prefabs_dispatchtask_explorertreasure_4ed4b216e54b23b3026d127b78050b48", "legacy": false, "compressed": false, "sampleRate": 30.0, "nRot": 0, "nPos": 0, "nScale": 0, "nFloat": 0, "nPPtr": 0, "bytes": 492728}
{"t": "AnimationClip", "name": "Eff_Common_bingdong_01", "bundle": "gameres_main_dir_prefabs_effect_3da7c2047ed9301711b550125c6eff4a", "legacy": true, "compressed": false, "sampleRate": 30.0, "nRot": 0, "nPos": 0, "nScale": 0, "nFloat": 3, "nPPtr": 0, "bytes": 7255}
{"t": "AnimationClip", "name": "Eff_Common_huoyan_01", "bundle": "gameres_main_dir_prefabs_effect_3da7c2047ed9301711b550125c6eff4a", "legacy": true, "compressed": false, "sampleRate": 30.0, "nRot": 0, "nPos": 0, "nScale": 0, "nFloat": 2, "nPPtr": 0, "bytes": 6679}
{"t": "AnimationClip", "name": "V_ui_AllianceWar_fight", "bundle": "gameres_main_dir_prefabs_effect_alliancewar_2_81048b9dc34d039a0a9bb1bc9e2b7ffe", "legacy": false, "compressed": false, "sampleRate": 60.0, "nRot": 0, "nPos": 0, "nScale": 0, "nFloat": 0, "nPPtr": 0, "bytes": 10779}
{"t": "AnimationClip", "name": "jiantou", "bundle": "gameres_main_dir_prefabs_guide_d9adbe8896859d847037cead98bfbb86", "legacy": false, "compressed": false, "sampleRate": 60.0, "nRot": 0, "nPos": 0, "nScale": 0, "nFloat": 0, "nPPtr": 0, "bytes": 6673}
{"t": "AnimationClip", "name": "Damage_CritAttack", "bundle": "gameres_main_dir_prefabs_lwbattle_2c135358546f50462066d2fd013bc82a", "legacy": false, "compressed": false, "sampleRate": 60.0, "nRot": 0, "nPos": 0, "nScale": 0, "nFloat": 0, "nPPtr": 0, "bytes": 8410}
{"t": "AnimationClip", "name": "Monica_02_zhanshi_show", "bundle": "gameres_main_dir_prefabs_lwbattle_hero_monica_wzsj_2_a81cf51cf40befae28bd75e04d9e099b", "legacy": false, "compressed": false, "sampleRate": 30.0, "nRot": 0, "nPos": 0, "nScale": 0, "nFloat": 0, "nPPtr": 0, "bytes": 1142616}
{"t": "AnimationClip", "name": "Monica_01_zhanshi_show", "bundle": "gameres_main_dir_prefabs_lwbattle_hero_monica_wzsj_2_a81cf51cf40befae28bd75e04d9e099b", "legacy": false, "compressed": false, "sampleRate": 30.0, "nRot": 0, "nPos": 0, "nScale": 0, "nFloat": 0, "nPPtr": 0, "bytes": 681185}
{"t": "AnimationClip", "name": "Monica_05_zhanshi_show", "bundle": "gameres_main_dir_prefabs_lwbattle_hero_monica_wzsj_2_a81cf51cf40befae28bd75e04d9e099b", "legacy": false, "compressed": false, "sampleRate": 30.0, "nRot": 0, "nPos": 0, "nScale": 0, "nFloat": 0, "nPPtr": 0, "bytes": 1576303}
{"t": "AnimationClip", "name": "Monica_04_zhanshi_show", "bundle": "gameres_main_dir_prefabs_lwbattle_hero_monica_wzsj_2_a81cf51cf40befae28bd75e04d9e099b", "legacy": false, "compressed": false, "sampleRate": 30.0, "nRot": 0, "nPos": 0, "nScale": 0, "nFloat": 0, "nPPtr": 0, "bytes": 1430386}
{"t": "AnimationClip", "name": "Monica_03_zhanshi_show", "bundle": "gameres_main_dir_prefabs_lwbattle_hero_monica_wzsj_2_a81cf51cf40befae28bd75e04d9e099b", "legacy": false, "compressed": false, "sampleRate": 30.0, "nRot": 0, "nPos": 0, "nScale": 0, "nFloat": 0, "nPPtr": 0, "bytes": 1043929}
{"t": "AnimationClip", "name": "boss01_death_fei", "bundle": "gameres_main_dir_prefabs_lwhummerscene_dcc0cfc8a40b9d3eaf1f63a4219ae5c7", "legacy": false, "compressed": false, "sampleRate": 30.0, "nRot": 0, "nPos": 0, "nScale": 0, "nFloat": 0, "nPPtr": 0, "bytes": 161266}
{"t": "AnimationClip", "name": "Take 001", "bundle": "gameres_main_dir_prefabs_lwhummerscene_dcc0cfc8a40b9d3eaf1f63a4219ae5c7", "legacy": false, "compressed": false, "sampleRate": 30.0, "nRot": 0, "nPos": 0, "nScale": 0, "nFloat": 0, "nPPtr": 0, "bytes": 8778}
{"t": "AnimationClip", "name": "beizengmen_luzhang_01_l_zhuan", "bundle": "gameres_main_dir_prefabs_lwhummerscene_dcc0cfc8a40b9d3eaf1f63a4219ae5c7", "legacy": false, "compressed": false, "sampleRate": 30.0, "nRot": 0, "nPos": 0, "nScale": 0, "nFloat": 0, "nPPtr": 0, "bytes": 13617}
{"t": "AnimationClip", "name": "beizengmen_luzhang_01_r_zhuan", "bundle": "gameres_main_dir_prefabs_lwhummerscene_dcc0cfc8a40b9d3eaf1f63a4219ae5c7", "legacy": false, "compressed": false, "sampleRate": 30.0, "nRot": 0, "nPos": 0, "nScale": 0, "nFloat": 0, "nPPtr": 0, "bytes": 13611}
{"t": "AnimationClip", "name": "Eff_anim_ljw_jtl_zd", "bundle": "gameres_main_dir_prefabs_newbies_effect_097a5df48af7c7f4cda0882838b0d552", "legacy": true, "compressed": false, "sampleRate": 60.0, "nRot": 0, "nPos": 1, "nScale": 1, "nFloat": 0, "nPPtr": 0, "bytes": 7397}
{"t": "AnimationClip", "name": "_bangqiu01_tiao", "bundle": "gameres_main_dir_prefabs_lwcityevent_timeline_a2aebab0ca2c3b1b5f2c7e2d69b3e56a", "legacy": false, "compressed": false, "sampleRate": 30.0, "nRot": 0, "nPos": 0, "nScale": 0, "nFloat": 0, "nPPtr": 0, "bytes": 241661}
{"t": "AnimationClip", "name": "Recorded", "bundle": "gameres_main_dir_prefabs_lwcityevent_timeline_a2aebab0ca2c3b1b5f2c7e2d69b3e56a", "legacy": false, "compressed": false, "sampleRate": 30.0, "nRot": 0, "nPos": 0, "nScale": 0, "nFloat": 0, "nPPtr": 0, "bytes": 9514}
{"t": "AnimationClip", "name": "juma_02_hit", "bundle": "gameres_main_dir_prefabs_lwcityevent_timeline_a2aebab0ca2c3b1b5f2c7e2d69b3e56a", "legacy": false, "compressed": false, "sampleRate": 30.0, "nRot": 0, "nPos": 0, "nScale": 0, "nFloat": 0, "nPPtr": 0, "bytes": 16320}
{"t": "AnimationClip", "name": "Recorded (1)", "bundle": "gameres_main_dir_prefabs_lwcityevent_timeline_a2aebab0ca2c3b1b5f2c7e2d69b3e56a", "legacy": false, "compressed": false, "sampleRate": 30.0, "nRot": 0, "nPos": 0, "nScale": 0, "nFloat": 0, "nPPtr": 0, "bytes": 7556}
{"t": "AnimationClip", "name": "madai_02_hit", "bundle": "gameres_main_dir_prefabs_lwcityevent_timeline_a2aebab0ca2c3b1b5f2c7e2d69b3e56a", "legacy": false, "compressed": false, "sampleRate": 30.0, "nRot": 0, "nPos": 0, "nScale": 0, "nFloat": 0, "nPPtr": 0, "bytes": 15577}
{"t": "AnimationClip", "name": "Recorded (5)", "bundle": "gameres_main_dir_prefabs_lwcityevent_timeline_a2aebab0ca2c3b1b5f2c7e2d69b3e56a", "legacy": false, "compressed": false, "sampleRate": 30.0, "nRot": 0, "nPos": 0, "nScale": 0, "nFloat": 0, "nPPtr": 0, "bytes": 7193}
{"t": "AnimationClip", "name": "Recorded (2)", "bundle": "gameres_main_dir_prefabs_lwcityevent_timeline_a2aebab0ca2c3b1b5f2c7e2d69b3e56a", "legacy": false, "compressed": false, "sampleRate": 30.0, "nRot": 0, "nPos": 0, "nScale": 0, "nFloat": 0, "nPPtr": 0, "bytes": 5630}
{"t": "AnimationClip", "name": "Recorded (9)", "bundle": "gameres_main_dir_prefabs_lwcityevent_timeline_a2aebab0ca2c3b1b5f2c7e2d69b3e56a", "legacy": false, "compressed": false, "sampleRate": 30.0, "nRot": 0, "nPos": 0, "nScale": 0, "nFloat": 0, "nPPtr": 0, "bytes": 7478}
{"t": "AnimationClip", "name": "Recorded (2)", "bundle": "gameres_main_dir_prefabs_lwcityevent_timeline_a2aebab0ca2c3b1b5f2c7e2d69b3e56a", "legacy": false, "compressed": false, "sampleRate": 30.0, "nRot": 0, "nPos": 0, "nScale": 0, "nFloat": 0, "nPPtr": 0, "bytes": 7481}
{"t": "AnimationClip", "name": "wurenji_01_hongzha_timeline02", "bundle": "gameres_main_dir_prefabs_lwcityevent_timeline_a2aebab0ca2c3b1b5f2c7e2d69b3e56a", "legacy": false, "compressed": false, "sampleRate": 30.0, "nRot": 0, "nPos": 0, "nScale": 0, "nFloat": 0, "nPPtr": 0, "bytes": 45699}
{"t": "AnimationClip", "name": "Recorded (6)", "bundle": "gameres_main_dir_prefabs_lwcityevent_timeline_a2aebab0ca2c3b1b5f2c7e2d69b3e56a", "legacy": false, "compressed": false, "sampleRate": 30.0, "nRot": 0, "nPos": 0, "nScale": 0, "nFloat": 0, "nPPtr": 0, "bytes": 7777}
{"t": "AnimationClip", "name": "wurenji_30_zhuihui", "bundle": "gameres_main_dir_prefabs_lwcityevent_timeline_a2aebab0ca2c3b1b5f2c7e2d69b3e56a", "legacy": false, "compressed": false, "sampleRate": 30.0, "nRot": 0, "nPos": 0, "nScale": 0, "nFloat": 0, "nPPtr": 0, "bytes": 274627}
{"t": "AnimationClip", "name": "boss01_fengnu_die", "bundle": "gameres_main_dir_prefabs_lwcityevent_timeline_a2aebab0ca2c3b1b5f2c7e2d69b3e56a", "legacy": false, "compressed": false, "sampleRate": 30.0, "nRot": 0, "nPos": 0, "nScale": 0, "nFloat": 0, "nPPtr": 0, "bytes": 449735}
{"t": "AnimationClip", "name": "_ganlanqiu01_fangun", "bundle": "gameres_main_dir_prefabs_lwcityevent_timeline_a2aebab0ca2c3b1b5f2c7e2d69b3e56a", "legacy": false, "compressed": false, "sampleRate": 30.0, "nRot": 0, "nPos": 0, "nScale": 0, "nFloat": 0, "nPPtr": 0, "bytes": 76355}
{"t": "AnimationClip", "name": "Recorded (12)", "bundle": "gameres_main_dir_prefabs_lwcityevent_timeline_a2aebab0ca2c3b1b5f2c7e2d69b3e56a", "legacy": false, "compressed": false, "sampleRate": 30.0, "nRot": 0, "nPos": 0, "nScale": 0, "nFloat": 0, "nPPtr": 0, "bytes": 6993}
{"t": "AnimationClip", "name": "kache_hit", "bundle": "gameres_main_dir_prefabs_lwcityevent_timeline_a2aebab0ca2c3b1b5f2c7e2d69b3e56a", "legacy": false, "compressed": false, "sampleRate": 30.0, "nRot": 0, "nPos": 0, "nScale": 0, "nFloat": 0, "nPPtr": 0, "bytes": 85261}
{"t": "AnimationClip", "name": "Recorded (10)", "bundle": "gameres_main_dir_prefabs_lwcityevent_timeline_a2aebab0ca2c3b1b5f2c7e2d69b3e56a", "legacy": false, "compressed": false, "sampleRate": 30.0, "nRot": 0, "nPos": 0, "nScale": 0, "nFloat": 0, "nPPtr": 0, "bytes": 10905}
{"t": "AnimationClip", "name": "Recorded", "bundle": "gameres_main_dir_prefabs_lwcityevent_timeline_a2aebab0ca2c3b1b5f2c7e2d69b3e56a", "legacy": false, "compressed": false, "sampleRate": 30.0, "nRot": 0, "nPos": 0, "nScale": 0, "nFloat": 0, "nPPtr": 0, "bytes": 6970}
{"t": "AnimationClip", "name": "Recorded (7)", "bundle": "gameres_main_dir_prefabs_lwcityevent_timeline_a2aebab0ca2c3b1b5f2c7e2d69b3e56a", "legacy": false, "compressed": false, "sampleRate": 30.0, "nRot": 0, "nPos": 0, "nScale": 0, "nFloat": 0, "nPPtr": 0, "bytes": 7339}
{"t": "AnimationClip", "name": "Recorded (4)", "bundle": "gameres_main_dir_prefabs_lwcityevent_timeline_a2aebab0ca2c3b1b5f2c7e2d69b3e56a", "legacy": false, "compressed": false, "sampleRate": 30.0, "nRot": 0, "nPos": 0, "nScale": 0, "nFloat": 0, "nPPtr": 0, "bytes": 6981}
{"t": "AnimationClip", "name": "Recorded (8)", "bundle": "gameres_main_dir_prefabs_lwcityevent_timeline_a2aebab0ca2c3b1b5f2c7e2d69b3e56a", "legacy": false, "compressed": false, "sampleRate": 30.0, "nRot": 0, "nPos": 0, "nScale": 0, "nFloat": 0, "nPPtr": 0, "bytes": 7388}
{"t": "AnimationClip", "name": "wurenji_01_hongzha_timeline01", "bundle": "gameres_main_dir_prefabs_lwcityevent_timeline_a2aebab0ca2c3b1b5f2c7e2d69b3e56a", "legacy": false, "compressed": false, "sampleRate": 30.0, "nRot": 0, "nPos": 0, "nScale": 0, "nFloat": 0, "nPPtr": 0, "bytes": 118457}
{"t": "AnimationClip", "name": "Recorded (3)", "bundle": "gameres_main_dir_prefabs_lwcityevent_timeline_a2aebab0ca2c3b1b5f2c7e2d69b3e56a", "legacy": false, "compressed": false, "sampleRate": 30.0, "nRot": 0, "nPos": 0, "nScale": 0, "nFloat": 0, "nPPtr": 0, "bytes": 6598}
{"t": "AnimationClip", "name": "V_ui_NewGaleArenaPreView_in", "bundle": "gameres_main_dir_prefabs_newgalearena_9_8e82539776383b7643ce069e5fa9483e", "legacy": false, "compressed": false, "sampleRate": 60.0, "nRot": 0, "nPos": 0, "nScale": 0, "nFloat": 0, "nPPtr": 0, "bytes": 16074}
{"t": "AnimatorController", "name": "NewGaleArenaPreView", "bundle": "gameres_main_dir_prefabs_newgalearena_9_8e82539776383b7643ce069e5fa9483e", "legacy": null, "compressed": false, "sampleRate": null, "nRot": 0, "nPos": 0, "nScale": 0, "nFloat": 0, "nPPtr": 0, "bytes": 2549}
{"t": "AnimationClip", "name": "NewPeakArenaFirstOpenTipIn", "bundle": "gameres_main_dir_prefabs_newpeakarena_af93903e8f7faa9a2fcab2fba2a5d6d9", "legacy": false, "compressed": false, "sampleRate": 60.0, "nRot": 0, "nPos": 0, "nScale": 0, "nFloat": 0, "nPPtr": 0, "bytes": 16982}
{"t": "AnimatorController", "name": "NewPeakArenaRecordItem", "bundle": "gameres_main_dir_prefabs_newpeakarena_af93903e8f7faa9a2fcab2fba2a5d6d9", "legacy": null, "compressed": false, "sampleRate": null, "nRot": 0, "nPos": 0, "nScale": 0, "nFloat": 0, "nPPtr": 0, "bytes": 2557}
{"t": "AnimationClip", "name": "NewPeakArenaFirstOpenTipLoop", "bundle": "gameres_main_dir_prefabs_newpeakarena_af93903e8f7faa9a2fcab2fba2a5d6d9", "legacy": false, "compressed": false, "sampleRate": 60.0, "nRot": 0, "nPos": 0, "nScale": 0, "nFloat": 0, "nPPtr": 0, "bytes": 11038}
{"t": "AnimatorController", "name": "NewPeakArenaFirstOpenTip", "bundle": "gameres_main_dir_prefabs_newpeakarena_af93903e8f7faa9a2fcab2fba2a5d6d9", "legacy": null, "compressed": false, "sampleRate": null, "nRot": 0, "nPos": 0, "nScale": 0, "nFloat": 0, "nPPtr": 0, "bytes": 4800}
{"t": "AnimatorController", "name": "NewPeakArenaPreView", "bundle": "gameres_main_dir_prefabs_newpeakarena_af93903e8f7faa9a2fcab2fba2a5d6d9", "legacy": null, "compressed": false, "sampleRate": null, "nRot": 0, "nPos": 0, "nScale": 0, "nFloat": 0, "nPPtr": 0, "bytes": 2549}
{"t": "AnimationClip", "name": "V_ui_NewPeakArenaRecordItem_in", "bundle": "gameres_main_dir_prefabs_newpeakarena_af93903e8f7faa9a2fcab2fba2a5d6d9", "legacy": false, "compressed": false, "sampleRate": 60.0, "nRot": 0, "nPos": 0, "nScale": 0, "nFloat": 0, "nPPtr": 0, "bytes": 8328}
{"t": "AnimationClip", "name": "NewPeakArenaFirstOpenTipOut", "bundle": "gameres_main_dir_prefabs_newpeakarena_af93903e8f7faa9a2fcab2fba2a5d6d9", "legacy": false, "compressed": false, "sampleRate": 60.0, "nRot": 0, "nPos": 0, "nScale": 0, "nFloat": 0, "nPPtr": 0, "bytes": 11608}
{"t": "AnimationClip", "name": "V_ui_NewPeakArenaPreView_in", "bundle": "gameres_main_dir_prefabs_newpeakarena_af93903e8f7faa9a2fcab2fba2a5d6d9", "legacy": false, "compressed": false, "sampleRate": 60.0, "nRot": 0, "nPos": 0, "nScale": 0, "nFloat": 0, "nPPtr": 0, "bytes": 20250}
{"t": "AnimationClip", "name": "bubing11_SQ_attack", "bundle": "gameres_main_dir_prefabs_newbies_prefab_b0e96f425ed9d693c0a6d91bc6f5e99f", "legacy": false, "compressed": false, "sampleRate": 30.0, "nRot": 0, "nPos": 0, "nScale": 0, "nFloat": 0, "nPPtr": 0, "bytes": 115211}
{"t": "AnimationClip", "name": "bubing11_HG_run", "bundle": "gameres_main_dir_prefabs_newbies_prefab_b0e96f425ed9d693c0a6d91bc6f5e99f", "legacy": false, "compressed": false, "sampleRate": 30.0, "nRot": 0, "nPos": 0, "nScale": 0, "nFloat": 0, "nPPtr": 0, "bytes": 84999}
{"t": "AnimationClip", "name": "bubing11_JTL_attack", "bundle": "gameres_main_dir_prefabs_newbies_prefab_b0e96f425ed9d693c0a6d91bc6f5e99f", "legacy": false, "compressed": false, "sampleRate": 30.0, "nRot": 0, "nPos": 0, "nScale": 0, "nFloat": 0, "nPPtr": 0, "bytes": 152089}
{"t": "AnimationClip", "name": "bubing11_JJQ_idle", "bundle": "gameres_main_dir_prefabs_newbies_prefab_b0e96f425ed9d693c0a6d91bc6f5e99f", "legacy": false, "compressed": false, "sampleRate": 30.0, "nRot": 0, "nPos": 0, "nScale": 0, "nFloat": 0, "nPPtr": 0, "bytes": 62174}
{"t": "AnimationClip", "name": "bubing11_SQ_idle_01", "bundle": "gameres_main_dir_prefabs_newbies_prefab_b0e96f425ed9d693c0a6d91bc6f5e99f", "legacy": false, "compressed": false, "sampleRate": 30.0, "nRot": 0, "nPos": 0, "nScale": 0, "nFloat": 0, "nPPtr": 0, "bytes": 66653}
{"t": "AnimationClip", "name": "bubing11_JJQ_run_rightward_45", "bundle": "gameres_main_dir_prefabs_newbies_prefab_b0e96f425ed9d693c0a6d91bc6f5e99f", "legacy": false, "compressed": false, "sampleRate": 30.0, "nRot": 0, "nPos": 0, "nScale": 0, "nFloat": 0, "nPPtr": 0, "bytes": 98837}
{"t": "AnimationClip", "name": "bubing11_SQ_run_leftward_45", "bundle": "gameres_main_dir_prefabs_newbies_prefab_b0e96f425ed9d693c0a6d91bc6f5e99f", "legacy": false, "compressed": false, "sampleRate": 30.0, "nRot": 0, "nPos": 0, "nScale": 0, "nFloat": 0, "nPPtr": 0, "bytes": 90986}
{"t": "AnimationClip", "name": "bubing11_HJT_run__rightward_45", "bundle": "gameres_main_dir_prefabs_newbies_prefab_b0e96f425ed9d693c0a6d91bc6f5e99f", "legacy": false, "compressed": false, "sampleRate": 30.0, "nRot": 0, "nPos": 0, "nScale": 0, "nFloat": 0, "nPPtr": 0, "bytes": 87174}
{"t": "AnimationClip", "name": "bubing11_SQ_run_rightward_45", "bundle": "gameres_main_dir_prefabs_newbies_prefab_b0e96f425ed9d693c0a6d91bc6f5e99f", "legacy": false, "compressed": false, "sampleRate": 30.0, "nRot": 0, "nPos": 0, "nScale": 0, "nFloat": 0, "nPPtr": 0, "bytes": 90879}
{"t": "AnimationClip", "name": "bubing11_AK_death", "bundle": "gameres_main_dir_prefabs_newbies_prefab_b0e96f425ed9d693c0a6d91bc6f5e99f", "legacy": false, "compressed": false, "sampleRate": 30.0, "nRot": 0, "nPos": 0, "nScale": 0, "nFloat": 0, "nPPtr": 0, "bytes": 163292}
{"t": "AnimationClip", "name": "bubing11_HP_idle_01", "bundle": "gameres_main_dir_prefabs_newbies_prefab_b0e96f425ed9d693c0a6d91bc6f5e99f", "legacy": false, "compressed": false, "sampleRate": 30.0, "nRot": 0, "nPos": 0, "nScale": 0, "nFloat": 0, "nPPtr": 0, "bytes": 68616}
{"t": "AnimationClip", "name": "bubing11_DDC_death", "bundle": "gameres_main_dir_prefabs_newbies_prefab_b0e96f425ed9d693c0a6d91bc6f5e99f", "legacy": false, "compressed": false, "sampleRate": 30.0, "nRot": 0, "nPos": 0, "nScale": 0, "nFloat": 0, "nPPtr": 0, "bytes": 127754}
{"t": "AnimationClip", "name": "bubing11_HJT_run", "bundle": "gameres_main_dir_prefabs_newbies_prefab_b0e96f425ed9d693c0a6d91bc6f5e99f", "legacy": false, "compressed": false, "sampleRate": 30.0, "nRot": 0, "nPos": 0, "nScale": 0, "nFloat": 0, "nPPtr": 0, "bytes": 85267}
{"t": "AnimationClip", "name": "bubing11_HP_run_leftward_45", "bundle": "gameres_main_dir_prefabs_newbies_prefab_b0e96f425ed9d693c0a6d91bc6f5e99f", "legacy": false, "compressed": false, "sampleRate": 30.0, "nRot": 0, "nPos": 0, "nScale": 0, "nFloat": 0, "nPPtr": 0, "bytes": 101572}
{"t": "AnimationClip", "name": "bubing11_JTL_attack_move", "bundle": "gameres_main_dir_prefabs_newbies_prefab_b0e96f425ed9d693c0a6d91bc6f5e99f", "legacy": false, "compressed": false, "sampleRate": 30.0, "nRot": 0, "nPos": 0, "nScale": 0, "nFloat": 0, "nPPtr": 0, "bytes": 122876}
{"t": "AnimationClip", "name": "bubing11_JTL_death", "bundle": "gameres_main_dir_prefabs_newbies_prefab_b0e96f425ed9d693c0a6d91bc6f5e99f", "legacy": false, "compressed": false, "sampleRate": 30.0, "nRot": 0, "nPos": 0, "nScale": 0, "nFloat": 0, "nPPtr": 0, "bytes": 198864}
{"t": "AnimationClip", "name": "bubing11_HG_attack_move", "bundle": "gameres_main_dir_prefabs_newbies_prefab_b0e96f425ed9d693c0a6d91bc6f5e99f", "legacy": false, "compressed": false, "sampleRate": 30.0, "nRot": 0, "nPos": 0, "nScale": 0, "nFloat": 0, "nPPtr": 0, "bytes": 125338}
{"t": "AnimationClip", "name": "bubing11_JJQ_run_leftward_45", "bundle": "gameres_main_dir_prefabs_newbies_prefab_b0e96f425ed9d693c0a6d91bc6f5e99f", "legacy": false, "compressed": false, "sampleRate": 30.0, "nRot": 0, "nPos": 0, "nScale": 0, "nFloat": 0, "nPPtr": 0, "bytes": 104152}
{"t": "AnimationClip", "name": "bubing11_HJT_idle", "bundle": "gameres_main_dir_prefabs_newbies_prefab_b0e96f425ed9d693c0a6d91bc6f5e99f", "legacy": false, "compressed": false, "sampleRate": 30.0, "nRot": 0, "nPos": 0, "nScale": 0, "nFloat": 0, "nPPtr": 0, "bytes": 54621}
{"t": "AnimationClip", "name": "bubing11_AK_attack_move", "bundle": "gameres_main_dir_prefabs_newbies_prefab_b0e96f425ed9d693c0a6d91bc6f5e99f", "legacy": false, "compressed": false, "sampleRate": 30.0, "nRot": 0, "nPos": 0, "nScale": 0, "nFloat": 0, "nPPtr": 0, "bytes": 143078}
{"t": "AnimationClip", "name": "bubing11_SQ_run", "bundle": "gameres_main_dir_prefabs_newbies_prefab_b0e96f425ed9d693c0a6d91bc6f5e99f", "legacy": false, "compressed": false, "sampleRate": 30.0, "nRot": 0, "nPos": 0, "nScale": 0, "nFloat": 0, "nPPtr": 0, "bytes": 89607}
{"t": "AnimationClip", "name": "bubing11_SQ_death", "bundle": "gameres_main_dir_prefabs_newbies_prefab_b0e96f425ed9d693c0a6d91bc6f5e99f", "legacy": false, "compressed": false, "sampleRate": 30.0, "nRot": 0, "nPos": 0, "nScale": 0, "nFloat": 0, "nPPtr": 0, "bytes": 162051}
{"t": "AnimationClip", "name": "bubing11_SQ_attack_move", "bundle": "gameres_main_dir_prefabs_newbies_prefab_b0e96f425ed9d693c0a6d91bc6f5e99f", "legacy": false, "compressed": false, "sampleRate": 30.0, "nRot": 0, "nPos": 0, "nScale": 0, "nFloat": 0, "nPPtr": 0, "bytes": 134852}
{"t": "AnimationClip", "name": "bubing11_SQ_idle", "bundle": "gameres_main_dir_prefabs_newbies_prefab_b0e96f425ed9d693c0a6d91bc6f5e99f", "legacy": false, "compressed": false, "sampleRate": 30.0, "nRot": 0, "nPos": 0, "nScale": 0, "nFloat": 0, "nPPtr": 0, "bytes": 65503}
{"t": "AnimationClip", "name": "bubing11_JJQ_death", "bundle": "gameres_main_dir_prefabs_newbies_prefab_b0e96f425ed9d693c0a6d91bc6f5e99f", "legacy": false, "compressed": false, "sampleRate": 30.0, "nRot": 0, "nPos": 0, "nScale": 0, "nFloat": 0, "nPPtr": 0, "bytes": 170277}
{"t": "AnimationClip", "name": "bubing11_HJT_death", "bundle": "gameres_main_dir_prefabs_newbies_prefab_b0e96f425ed9d693c0a6d91bc6f5e99f", "legacy": false, "compressed": false, "sampleRate": 30.0, "nRot": 0, "nPos": 0, "nScale": 0, "nFloat": 0, "nPPtr": 0, "bytes": 131236}
{"t": "AnimationClip", "name": "bubing11_DDC_idle", "bundle": "gameres_main_dir_prefabs_newbies_prefab_b0e96f425ed9d693c0a6d91bc6f5e99f", "legacy": false, "compressed": false, "sampleRate": 30.0, "nRot": 0, "nPos": 0, "nScale": 0, "nFloat": 0, "nPPtr": 0, "bytes": 116735}
{"t": "AnimationClip", "name": "dazhuang_run", "bundle": "gameres_main_dir_prefabs_newbies_prefab_b0e96f425ed9d693c0a6d91bc6f5e99f", "legacy": false, "compressed": false, "sampleRate": 30.0, "nRot": 0, "nPos": 0, "nScale": 0, "nFloat": 0, "nPPtr": 0, "bytes": 186986}
{"t": "AnimationClip", "name": "bubing11_JJQ_attack", "bundle": "gameres_main_dir_prefabs_newbies_prefab_b0e96f425ed9d693c0a6d91bc6f5e99f", "legacy": false, "compressed": false, "sampleRate": 30.0, "nRot": 0, "nPos": 0, "nScale": 0, "nFloat": 0, "nPPtr": 0, "bytes": 139178}
{"t": "AnimationClip", "name": "bubing11_AK_idle", "bundle": "gameres_main_dir_prefabs_newbies_prefab_b0e96f425ed9d693c0a6d91bc6f5e99f", "legacy": false, "compressed": false, "sampleRate": 30.0, "nRot": 0, "nPos": 0, "nScale": 0, "nFloat": 0, "nPPtr": 0, "bytes": 59277}
{"t": "AnimationClip", "name": "dazhuang_idle", "bundle": "gameres_main_dir_prefabs_newbies_prefab_b0e96f425ed9d693c0a6d91bc6f5e99f", "legacy": false, "compressed": false, "sampleRate": 30.0, "nRot": 0, "nPos": 0, "nScale": 0, "nFloat": 0, "nPPtr": 0, "bytes": 115336}
{"t": "AnimationClip", "name": "bubing11_HP_run", "bundle": "gameres_main_dir_prefabs_newbies_prefab_b0e96f425ed9d693c0a6d91bc6f5e99f", "legacy": false, "compressed": false, "sampleRate": 30.0, "nRot": 0, "nPos": 0, "nScale": 0, "nFloat": 0, "nPPtr": 0, "bytes": 96847}
{"t": "AnimationClip", "name": "bubing11_AK_run_rightward_45", "bundle": "gameres_main_dir_prefabs_newbies_prefab_b0e96f425ed9d693c0a6d91bc6f5e99f", "legacy": false, "compressed": false, "sampleRate": 30.0, "nRot": 0, "nPos": 0, "nScale": 0, "nFloat": 0, "nPPtr": 0, "bytes": 80132}
{"t": "AnimationClip", "name": "bubing11_HG_idle", "bundle": "gameres_main_dir_prefabs_newbies_prefab_b0e96f425ed9d693c0a6d91bc6f5e99f", "legacy": false, "compressed": false, "sampleRate": 30.0, "nRot": 0, "nPos": 0, "nScale": 0, "nFloat": 0, "nPPtr": 0, "bytes": 60189}
{"t": "AnimationClip", "name": "bubing11_AK_attack", "bundle": "gameres_main_dir_prefabs_newbies_prefab_b0e96f425ed9d693c0a6d91bc6f5e99f", "legacy": false, "compressed": false, "sampleRate": 30.0, "nRot": 0, "nPos": 0, "nScale": 0, "nFloat": 0, "nPPtr": 0, "bytes": 111977}
{"t": "AnimationClip", "name": "bubing11_JJQ_idle_01", "bundle": "gameres_main_dir_prefabs_newbies_prefab_b0e96f425ed9d693c0a6d91bc6f5e99f", "legacy": false, "compressed": false, "sampleRate": 30.0, "nRot": 0, "nPos": 0, "nScale": 0, "nFloat": 0, "nPPtr": 0, "bytes": 61684}
{"t": "AnimationClip", "name": "dazhuang_attack", "bundle": "gameres_main_dir_prefabs_newbies_prefab_b0e96f425ed9d693c0a6d91bc6f5e99f", "legacy": false, "compressed": false, "sampleRate": 30.0, "nRot": 0, "nPos": 0, "nScale": 0, "nFloat": 0, "nPPtr": 0, "bytes": 164119}
{"t": "AnimationClip", "name": "bubing11_HP_run_rightward_45", "bundle": "gameres_main_dir_prefabs_newbies_prefab_b0e96f425ed9d693c0a6d91bc6f5e99f", "legacy": false, "compressed": false, "sampleRate": 30.0, "nRot": 0, "nPos": 0, "nScale": 0, "nFloat": 0, "nPPtr": 0, "bytes": 100162}
{"t": "AnimationClip", "name": "bubing11_HG_death", "bundle": "gameres_main_dir_prefabs_newbies_prefab_b0e96f425ed9d693c0a6d91bc6f5e99f", "legacy": false, "compressed": false, "sampleRate": 30.0, "nRot": 0, "nPos": 0, "nScale": 0, "nFloat": 0, "nPPtr": 0, "bytes": 150754}
{"t": "AnimationClip", "name": "bubing11_JTL_idle_01", "bundle": "gameres_main_dir_prefabs_newbies_prefab_b0e96f425ed9d693c0a6d91bc6f5e99f", "legacy": false, "compressed": false, "sampleRate": 30.0, "nRot": 0, "nPos": 0, "nScale": 0, "nFloat": 0, "nPPtr": 0, "bytes": 62151}
{"t": "AnimationClip", "name": "bubing11_DDC_run", "bundle": "gameres_main_dir_prefabs_newbies_prefab_b0e96f425ed9d693c0a6d91bc6f5e99f", "legacy": false, "compressed": false, "sampleRate": 30.0, "nRot": 0, "nPos": 0, "nScale": 0, "nFloat": 0, "nPPtr": 0, "bytes": 89350}
{"t": "AnimationClip", "name": "bubing11_HP_idle", "bundle": "gameres_main_dir_prefabs_newbies_prefab_b0e96f425ed9d693c0a6d91bc6f5e99f", "legacy": false, "compressed": false, "sampleRate": 30.0, "nRot": 0, "nPos": 0, "nScale": 0, "nFloat": 0, "nPPtr": 0, "bytes": 68613}
{"t": "AnimationClip", "name": "bubing11_HP_death", "bundle": "gameres_main_dir_prefabs_newbies_prefab_b0e96f425ed9d693c0a6d91bc6f5e99f", "legacy": false, "compressed": false, "sampleRate": 30.0, "nRot": 0, "nPos": 0, "nScale": 0, "nFloat": 0, "nPPtr": 0, "bytes": 148929}
{"t": "AnimationClip", "name": "bubing11_AK_run_leftward_45", "bundle": "gameres_main_dir_prefabs_newbies_prefab_b0e96f425ed9d693c0a6d91bc6f5e99f", "legacy": false, "compressed": false, "sampleRate": 30.0, "nRot": 0, "nPos": 0, "nScale": 0, "nFloat": 0, "nPPtr": 0, "bytes": 80270}
{"t": "AnimationClip", "name": "bubing11_JJQ_run", "bundle": "gameres_main_dir_prefabs_newbies_prefab_b0e96f425ed9d693c0a6d91bc6f5e99f", "legacy": false, "compressed": false, "sampleRate": 30.0, "nRot": 0, "nPos": 0, "nScale": 0, "nFloat": 0, "nPPtr": 0, "bytes": 85929}
{"t": "AnimationClip", "name": "bubing11_HG_run_leftward_45", "bundle": "gameres_main_dir_prefabs_newbies_prefab_b0e96f425ed9d693c0a6d91bc6f5e99f", "legacy": false, "compressed": false, "sampleRate": 30.0, "nRot": 0, "nPos": 0, "nScale": 0, "nFloat": 0, "nPPtr": 0, "bytes": 84438}
{"t": "AnimationClip", "name": "bubing11_JLT_run_leftward_45", "bundle": "gameres_main_dir_prefabs_newbies_prefab_b0e96f425ed9d693c0a6d91bc6f5e99f", "legacy": false, "compressed": false, "sampleRate": 30.0, "nRot": 0, "nPos": 0, "nScale": 0, "nFloat": 0, "nPPtr": 0, "bytes": 86150}
{"t": "AnimationClip", "name": "bubing11_AK_idle_01", "bundle": "gameres_main_dir_prefabs_newbies_prefab_b0e96f425ed9d693c0a6d91bc6f5e99f", "legacy": false, "compressed": false, "sampleRate": 30.0, "nRot": 0, "nPos": 0, "nScale": 0, "nFloat": 0, "nPPtr": 0, "bytes": 59799}
{"t": "AnimationClip", "name": "bubing11_JLT_run_rightward_45", "bundle": "gameres_main_dir_prefabs_newbies_prefab_b0e96f425ed9d693c0a6d91bc6f5e99f", "legacy": false, "compressed": false, "sampleRate": 30.0, "nRot": 0, "nPos": 0, "nScale": 0, "nFloat": 0, "nPPtr": 0, "bytes": 85829}
{"t": "AnimationClip", "name": "bubing11_JLT_run", "bundle": "gameres_main_dir_prefabs_newbies_prefab_b0e96f425ed9d693c0a6d91bc6f5e99f", "legacy": false, "compressed": false, "sampleRate": 30.0, "nRot": 0, "nPos": 0, "nScale": 0, "nFloat": 0, "nPPtr": 0, "bytes": 86655}
{"t": "AnimationClip", "name": "bubing11_HP_attack_move", "bundle": "gameres_main_dir_prefabs_newbies_prefab_b0e96f425ed9d693c0a6d91bc6f5e99f", "legacy": false, "compressed": false, "sampleRate": 30.0, "nRot": 0, "nPos": 0, "nScale": 0, "nFloat": 0, "nPPtr": 0, "bytes": 137959}
{"t": "AnimationClip", "name": "bubing11_HG_run_rightward_45", "bundle": "gameres_main_dir_prefabs_newbies_prefab_b0e96f425ed9d693c0a6d91bc6f5e99f", "legacy": false, "compressed": false, "sampleRate": 30.0, "nRot": 0, "nPos": 0, "nScale": 0, "nFloat": 0, "nPPtr": 0, "bytes": 86076}
{"t": "AnimationClip", "name": "bubing11_HP_attack", "bundle": "gameres_main_dir_prefabs_newbies_prefab_b0e96f425ed9d693c0a6d91bc6f5e99f", "legacy": false, "compressed": false, "sampleRate": 30.0, "nRot": 0, "nPos": 0, "nScale": 0, "nFloat": 0, "nPPtr": 0, "bytes": 106151}
{"t": "AnimationClip", "name": "bubing11_HJT_attack_move", "bundle": "gameres_main_dir_prefabs_newbies_prefab_b0e96f425ed9d693c0a6d91bc6f5e99f", "legacy": false, "compressed": false, "sampleRate": 30.0, "nRot": 0, "nPos": 0, "nScale": 0, "nFloat": 0, "nPPtr": 0, "bytes": 125790}
{"t": "AnimationClip", "name": "bubing11_DDC_attack_move", "bundle": "gameres_main_dir_prefabs_newbies_prefab_b0e96f425ed9d693c0a6d91bc6f5e99f", "legacy": false, "compressed": false, "sampleRate": 30.0, "nRot": 0, "nPos": 0, "nScale": 0, "nFloat": 0, "nPPtr": 0, "bytes": 135322}
{"t": "AnimationClip", "name": "bubing11_HG_attack", "bundle": "gameres_main_dir_prefabs_newbies_prefab_b0e96f425ed9d693c0a6d91bc6f5e99f", "legacy": false, "compressed": false, "sampleRate": 30.0, "nRot": 0, "nPos": 0, "nScale": 0, "nFloat": 0, "nPPtr": 0, "bytes": 100401}
{"t": "AnimationClip", "name": "bubing11_DDC_run_rightward_45", "bundle": "gameres_main_dir_prefabs_newbies_prefab_b0e96f425ed9d693c0a6d91bc6f5e99f", "legacy": false, "compressed": false, "sampleRate": 30.0, "nRot": 0, "nPos": 0, "nScale": 0, "nFloat": 0, "nPPtr": 0, "bytes": 89348}
{"t": "AnimationClip", "name": "bubing11_DDC_attack", "bundle": "gameres_main_dir_prefabs_newbies_prefab_b0e96f425ed9d693c0a6d91bc6f5e99f", "legacy": false, "compressed": false, "sampleRate": 30.0, "nRot": 0, "nPos": 0, "nScale": 0, "nFloat": 0, "nPPtr": 0, "bytes": 98633}
{"t": "AnimationClip", "name": "bubing11_DDC_idle_01", "bundle": "gameres_main_dir_prefabs_newbies_prefab_b0e96f425ed9d693c0a6d91bc6f5e99f", "legacy": false, "compressed": false, "sampleRate": 30.0, "nRot": 0, "nPos": 0, "nScale": 0, "nFloat": 0, "nPPtr": 0, "bytes": 116654}
{"t": "AnimationClip", "name": "bubing11_HJT_attack", "bundle": "gameres_main_dir_prefabs_newbies_prefab_b0e96f425ed9d693c0a6d91bc6f5e99f", "legacy": false, "compressed": false, "sampleRate": 30.0, "nRot": 0, "nPos": 0, "nScale": 0, "nFloat": 0, "nPPtr": 0, "bytes": 158725}
{"t": "AnimationClip", "name": "bubing11_HJT_idle_01", "bundle": "gameres_main_dir_prefabs_newbies_prefab_b0e96f425ed9d693c0a6d91bc6f5e99f", "legacy": false, "compressed": false, "sampleRate": 30.0, "nRot": 0, "nPos": 0, "nScale": 0, "nFloat": 0, "nPPtr": 0, "bytes": 61346}
{"t": "AnimationClip", "name": "bubing11_HJT_run__leftward_45", "bundle": "gameres_main_dir_prefabs_newbies_prefab_b0e96f425ed9d693c0a6d91bc6f5e99f", "legacy": false, "compressed": false, "sampleRate": 30.0, "nRot": 0, "nPos": 0, "nScale": 0, "nFloat": 0, "nPPtr": 0, "bytes": 87107}
{"t": "AnimationClip", "name": "bubing11_JJQ_attack_move", "bundle": "gameres_main_dir_prefabs_newbies_prefab_b0e96f425ed9d693c0a6d91bc6f5e99f", "legacy": false, "compressed": false, "sampleRate": 30.0, "nRot": 0, "nPos": 0, "nScale": 0, "nFloat": 0, "nPPtr": 0, "bytes": 154826}
{"t": "AnimationClip", "name": "bubing11_DDC_run_leftward_45", "bundle": "gameres_main_dir_prefabs_newbies_prefab_b0e96f425ed9d693c0a6d91bc6f5e99f", "legacy": false, "compressed": false, "sampleRate": 30.0, "nRot": 0, "nPos": 0, "nScale": 0, "nFloat": 0, "nPPtr": 0, "bytes": 89395}
{"t": "AnimatorController", "name": "wurenjishengji_10_20_jia_gua_anim", "bundle": "gameres_main_dir_prefabs_prefabsincrement_character_vehicle_uav_a_hero_wurenji_shengji_prefab_prefab_zhijia_80ee7088414072da54f1a01a4b3c8dc5", "legacy": null, "compressed": false, "sampleRate": null, "nRot": 0, "nPos": 0, "nScale": 0, "nFloat": 0, "nPPtr": 0, "bytes": 3059}
{"t": "AnimationClip", "name": "wurenjishengji_30_50_jia_xiu_anim", "bundle": "gameres_main_dir_prefabs_prefabsincrement_character_vehicle_uav_a_hero_wurenji_shengji_prefab_prefab_zhijia_80ee7088414072da54f1a01a4b3c8dc5", "legacy": false, "compressed": false, "sampleRate": 30.0, "nRot": 0, "nPos": 0, "nScale": 0, "nFloat": 0, "nPPtr": 0, "bytes": 18171}
{"t": "AnimatorController", "name": "wurenjishengji_30_50_jia_gua_anim", "bundle": "gameres_main_dir_prefabs_prefabsincrement_character_vehicle_uav_a_hero_wurenji_shengji_prefab_prefab_zhijia_80ee7088414072da54f1a01a4b3c8dc5", "legacy": null, "compressed": false, "sampleRate": null, "nRot": 0, "nPos": 0, "nScale": 0, "nFloat": 0, "nPPtr": 0, "bytes": 3056}
{"t": "AnimationClip", "name": "wurenjishengji_10_20_jia_xiu_anim", "bundle": "gameres_main_dir_prefabs_prefabsincrement_character_vehicle_uav_a_hero_wurenji_shengji_prefab_prefab_zhijia_80ee7088414072da54f1a01a4b3c8dc5", "legacy": false, "compressed": false, "sampleRate": 30.0, "nRot": 0, "nPos": 0, "nScale": 0, "nFloat": 0, "nPPtr": 0, "bytes": 13796}
{"t": "AnimationClip", "name": "Take 001", "bundle": "gameres_main_dir_prefabs_pve_82e46e12877270d5a88bca4eaaca080b", "legacy": false, "compressed": false, "sampleRate": 30.0, "nRot": 0, "nPos": 0, "nScale": 0, "nFloat": 0, "nPPtr": 0, "bytes": 10276}
{"t": "AnimationClip", "name": "Recorded (3)", "bundle": "gameres_main_dir_prefabs_lwguide_timelineperfabs_0e804547193e8bc16a34b734afd4a0ba", "legacy": false, "compressed": false, "sampleRate": 60.0, "nRot": 0, "nPos": 0, "nScale": 0, "nFloat": 0, "nPPtr": 0, "bytes": 12321}
{"t": "AnimationClip", "name": "Recorded (5)", "bundle": "gameres_main_dir_prefabs_lwguide_timelineperfabs_0e804547193e8bc16a34b734afd4a0ba", "legacy": false, "compressed": false, "sampleRate": 60.0, "nRot": 0, "nPos": 0, "nScale": 0, "nFloat": 0, "nPPtr": 0, "bytes": 7200}
{"t": "AnimationClip", "name": "Recorded (43)", "bundle": "gameres_main_dir_prefabs_lwguide_timelineperfabs_0e804547193e8bc16a34b734afd4a0ba", "legacy": false, "compressed": false, "sampleRate": 60.0, "nRot": 0, "nPos": 0, "nScale": 0, "nFloat": 0, "nPPtr": 0, "bytes": 6736}
{"t": "AnimationClip", "name": "Recorded (4)", "bundle": "gameres_main_dir_prefabs_lwguide_timelineperfabs_0e804547193e8bc16a34b734afd4a0ba", "legacy": false, "compressed": false, "sampleRate": 30.0, "nRot": 0, "nPos": 0, "nScale": 0, "nFloat": 0, "nPPtr": 0, "bytes": 6098}
{"t": "AnimationClip", "name": "Recorded (39)", "bundle": "gameres_main_dir_prefabs_lwguide_timelineperfabs_0e804547193e8bc16a34b734afd4a0ba", "legacy": false, "compressed": false, "sampleRate": 60.0, "nRot": 0, "nPos": 0, "nScale": 0, "nFloat": 0, "nPPtr": 0, "bytes": 6817}
{"t": "AnimationClip", "name": "Recorded (10)", "bundle": "gameres_main_dir_prefabs_lwguide_timelineperfabs_0e804547193e8bc16a34b734afd4a0ba", "legacy": false, "compressed": false, "sampleRate": 60.0, "nRot": 0, "nPos": 0, "nScale": 0, "nFloat": 0, "nPPtr": 0, "bytes": 6726}
{"t": "AnimationClip", "name": "Recorded (2)", "bundle": "gameres_main_dir_prefabs_lwguide_timelineperfabs_0e804547193e8bc16a34b734afd4a0ba", "legacy": false, "compressed": false, "sampleRate": 60.0, "nRot": 0, "nPos": 0, "nScale": 0, "nFloat": 0, "nPPtr": 0, "bytes": 12992}
{"t": "AnimationClip", "name": "Recorded (28)", "bundle": "gameres_main_dir_prefabs_lwguide_timelineperfabs_0e804547193e8bc16a34b734afd4a0ba", "legacy": false, "compressed": false, "sampleRate": 60.0, "nRot": 0, "nPos": 0, "nScale": 0, "nFloat": 0, "nPPtr": 0, "bytes": 6716}
{"t": "AnimationClip", "name": "boss01_wuzhuanshengji", "bundle": "gameres_main_dir_prefabs_lwguide_timelineperfabs_0e804547193e8bc16a34b734afd4a0ba", "legacy": false, "compressed": false, "sampleRate": 30.0, "nRot": 0, "nPos": 0, "nScale": 0, "nFloat": 0, "nPPtr": 0, "bytes": 1323280}
{"t": "AnimationClip", "name": "Recorded (7)", "bundle": "gameres_main_dir_prefabs_lwguide_timelineperfabs_0e804547193e8bc16a34b734afd4a0ba", "legacy": false, "compressed": false, "sampleRate": 30.0, "nRot": 0, "nPos": 0, "nScale": 0, "nFloat": 0, "nPPtr": 0, "bytes": 6922}
{"t": "AnimationClip", "name": "lingjian", "bundle": "gameres_main_dir_prefabs_lwguide_timelineperfabs_0e804547193e8bc16a34b734afd4a0ba", "legacy": false, "compressed": false, "sampleRate": 30.0, "nRot": 0, "nPos": 0, "nScale": 0, "nFloat": 0, "nPPtr": 0, "bytes": 22718}
{"t": "AnimationClip", "name": "Recorded (40)", "bundle": "gameres_main_dir_prefabs_lwguide_timelineperfabs_0e804547193e8bc16a34b734afd4a0ba", "legacy": false, "compressed": false, "sampleRate": 60.0, "nRot": 0, "nPos": 0, "nScale": 0, "nFloat": 0, "nPPtr": 0, "bytes": 6721}
{"t": "AnimationClip", "name": "Recorded (9)", "bundle": "gameres_main_dir_prefabs_lwguide_timelineperfabs_0e804547193e8bc16a34b734afd4a0ba", "legacy": false, "compressed": false, "sampleRate": 60.0, "nRot": 0, "nPos": 0, "nScale": 0, "nFloat": 0, "nPPtr": 0, "bytes": 7473}
{"t": "AnimationClip", "name": "Recorded (36)", "bundle": "gameres_main_dir_prefabs_lwguide_timelineperfabs_0e804547193e8bc16a34b734afd4a0ba", "legacy": false, "compressed": false, "sampleRate": 60.0, "nRot": 0, "nPos": 0, "nScale": 0, "nFloat": 0, "nPPtr": 0, "bytes": 6257}
{"t": "AnimationClip", "name": "bubing02_daodi_01", "bundle": "gameres_main_dir_prefabs_lwguide_timelineperfabs_0e804547193e8bc16a34b734afd4a0ba", "legacy": false, "compressed": false, "sampleRate": 30.0, "nRot": 0, "nPos": 0, "nScale": 0, "nFloat": 0, "nPPtr": 0, "bytes": 176720}
{"t": "AnimationClip", "name": "Recorded", "bundle": "gameres_main_dir_prefabs_lwguide_timelineperfabs_0e804547193e8bc16a34b734afd4a0ba", "legacy": false, "compressed": false, "sampleRate": 60.0, "nRot": 0, "nPos": 0, "nScale": 0, "nFloat": 0, "nPPtr": 0, "bytes": 6759}
{"t": "AnimationClip", "name": "Recorded (1)", "bundle": "gameres_main_dir_prefabs_lwguide_timelineperfabs_0e804547193e8bc16a34b734afd4a0ba", "legacy": false, "compressed": false, "sampleRate": 60.0, "nRot": 0, "nPos": 0, "nScale": 0, "nFloat": 0, "nPPtr": 0, "bytes": 10643}
{"t": "AnimationClip", "name": "Recorded (46)", "bundle": "gameres_main_dir_prefabs_lwguide_timelineperfabs_0e804547193e8bc16a34b734afd4a0ba", "legacy": false, "compressed": false, "sampleRate": 60.0, "nRot": 0, "nPos": 0, "nScale": 0, "nFloat": 0, "nPPtr": 0, "bytes": 6841}
{"t": "AnimationClip", "name": "Recorded (30)", "bundle": "gameres_main_dir_prefabs_lwguide_timelineperfabs_0e804547193e8bc16a34b734afd4a0ba", "legacy": false, "compressed": false, "sampleRate": 60.0, "nRot": 0, "nPos": 0, "nScale": 0, "nFloat": 0, "nPPtr": 0, "bytes": 7474}
{"t": "AnimationClip", "name": "Recorded (1)", "bundle": "gameres_main_dir_prefabs_lwguide_timelineperfabs_0e804547193e8bc16a34b734afd4a0ba", "legacy": false, "compressed": false, "sampleRate": 60.0, "nRot": 0, "nPos": 0, "nScale": 0, "nFloat": 0, "nPPtr": 0, "bytes": 15769}
{"t": "AnimationClip", "name": "Recorded (2)", "bundle": "gameres_main_dir_prefabs_lwguide_timelineperfabs_0e804547193e8bc16a34b734afd4a0ba", "legacy": false, "compressed": false, "sampleRate": 60.0, "nRot": 0, "nPos": 0, "nScale": 0, "nFloat": 0, "nPPtr": 0, "bytes": 7286}
{"t": "AnimationClip", "name": "Recorded (34)", "bundle": "gameres_main_dir_prefabs_lwguide_timelineperfabs_0e804547193e8bc16a34b734afd4a0ba", "legacy": false, "compressed": false, "sampleRate": 60.0, "nRot": 0, "nPos": 0, "nScale": 0, "nFloat": 0, "nPPtr": 0, "bytes": 6590}
{"t": "AnimationClip", "name": "Recorded (3)", "bundle": "gameres_main_dir_prefabs_lwguide_timelineperfabs_0e804547193e8bc16a34b734afd4a0ba", "legacy": false, "compressed": false, "sampleRate": 30.0, "nRot": 0, "nPos": 0, "nScale": 0, "nFloat": 0, "nPPtr": 0, "bytes": 6098}
{"t": "AnimationClip", "name": "Recorded (35)", "bundle": "gameres_main_dir_prefabs_lwguide_timelineperfabs_0e804547193e8bc16a34b734afd4a0ba", "legacy": false, "compressed": false, "sampleRate": 60.0, "nRot": 0, "nPos": 0, "nScale": 0, "nFloat": 0, "nPPtr": 0, "bytes": 6620}
{"t": "AnimationClip", "name": "Recorded (6)", "bundle": "gameres_main_dir_prefabs_lwguide_timelineperfabs_0e804547193e8bc16a34b734afd4a0ba", "legacy": false, "compressed": false, "sampleRate": 60.0, "nRot": 0, "nPos": 0, "nScale": 0, "nFloat": 0, "nPPtr": 0, "bytes": 7018}
{"t": "AnimationClip", "name": "Recorded (2)", "bundle": "gameres_main_dir_prefabs_lwguide_timelineperfabs_0e804547193e8bc16a34b734afd4a0ba", "legacy": false, "compressed": false, "sampleRate": 30.0, "nRot": 0, "nPos": 0, "nScale": 0, "nFloat": 0, "nPPtr": 0, "bytes": 6618}
{"t": "AnimationClip", "name": "Recorded (38)", "bundle": "gameres_main_dir_prefabs_lwguide_timelineperfabs_0e804547193e8bc16a34b734afd4a0ba", "legacy": false, "compressed": false, "sampleRate": 60.0, "nRot": 0, "nPos": 0, "nScale": 0, "nFloat": 0, "nPPtr": 0, "bytes": 6944}
{"t": "AnimationClip", "name": "sangshi_C", "bundle": "gameres_main_dir_prefabs_lwguide_timelineperfabs_0e804547193e8bc16a34b734afd4a0ba", "legacy": false, "compressed": false, "sampleRate": 30.0, "nRot": 0, "nPos": 0, "nScale": 0, "nFloat": 0, "nPPtr": 0, "bytes": 365864}
{"t": "AnimationClip", "name": "Recorded (12)", "bundle": "gameres_main_dir_prefabs_lwguide_timelineperfabs_0e804547193e8bc16a34b734afd4a0ba", "legacy": false, "compressed": false, "sampleRate": 60.0, "nRot": 0, "nPos": 0, "nScale": 0, "nFloat": 0, "nPPtr": 0, "bytes": 7643}
{"t": "AnimationClip", "name": "Recorded (1)", "bundle": "gameres_main_dir_prefabs_lwguide_timelineperfabs_0e804547193e8bc16a34b734afd4a0ba", "legacy": false, "compressed": false, "sampleRate": 60.0, "nRot": 0, "nPos": 0, "nScale": 0, "nFloat": 0, "nPPtr": 0, "bytes": 10592}
{"t": "AnimationClip", "name": "Zombie01_guanka_dead1", "bundle": "gameres_main_dir_prefabs_lwguide_timelineperfabs_0e804547193e8bc16a34b734afd4a0ba", "legacy": false, "compressed": false, "sampleRate": 30.0, "nRot": 0, "nPos": 0, "nScale": 0, "nFloat": 0, "nPPtr": 0, "bytes": 128852}
{"t": "AnimationClip", "name": "Recorded (11)", "bundle": "gameres_main_dir_prefabs_lwguide_timelineperfabs_0e804547193e8bc16a34b734afd4a0ba", "legacy": false, "compressed": false, "sampleRate": 60.0, "nRot": 0, "nPos": 0, "nScale": 0, "nFloat": 0, "nPPtr": 0, "bytes": 7321}
{"t": "AnimationClip", "name": "bubing02_pa", "bundle": "gameres_main_dir_prefabs_lwguide_timelineperfabs_0e804547193e8bc16a34b734afd4a0ba", "legacy": false, "compressed": false, "sampleRate": 30.0, "nRot": 0, "nPos": 0, "nScale": 0, "nFloat": 0, "nPPtr": 0, "bytes": 112759}
{"t": "AnimationClip", "name": "Recorded", "bundle": "gameres_main_dir_prefabs_lwguide_timelineperfabs_0e804547193e8bc16a34b734afd4a0ba", "legacy": false, "compressed": false, "sampleRate": 30.0, "nRot": 0, "nPos": 0, "nScale": 0, "nFloat": 0, "nPPtr": 0, "bytes": 6425}
{"t": "AnimationClip", "name": "Recorded (41)", "bundle": "gameres_main_dir_prefabs_lwguide_timelineperfabs_0e804547193e8bc16a34b734afd4a0ba", "legacy": false, "compressed": false, "sampleRate": 60.0, "nRot": 0, "nPos": 0, "nScale": 0, "nFloat": 0, "nPPtr": 0, "bytes": 6619}
{"t": "AnimationClip", "name": "Recorded (37)", "bundle": "gameres_main_dir_prefabs_lwguide_timelineperfabs_0e804547193e8bc16a34b734afd4a0ba", "legacy": false, "compressed": false, "sampleRate": 60.0, "nRot": 0, "nPos": 0, "nScale": 0, "nFloat": 0, "nPPtr": 0, "bytes": 6655}
{"t": "AnimationClip", "name": "guadian", "bundle": "gameres_main_dir_prefabs_lwguide_timelineperfabs_0e804547193e8bc16a34b734afd4a0ba", "legacy": false, "compressed": false, "sampleRate": 30.0, "nRot": 0, "nPos": 0, "nScale": 0, "nFloat": 0, "nPPtr": 0, "bytes": 65859}
{"t": "AnimationClip", "name": "Recorded (5)", "bundle": "gameres_main_dir_prefabs_lwguide_timelineperfabs_0e804547193e8bc16a34b734afd4a0ba", "legacy": false, "compressed": false, "sampleRate": 60.0, "nRot": 0, "nPos": 0, "nScale": 0, "nFloat": 0, "nPPtr": 0, "bytes": 6639}
{"t": "AnimationClip", "name": "Recorded (33)", "bundle": "gameres_main_dir_prefabs_lwguide_timelineperfabs_0e804547193e8bc16a34b734afd4a0ba", "legacy": false, "compressed": false, "sampleRate": 60.0, "nRot": 0, "nPos": 0, "nScale": 0, "nFloat": 0, "nPPtr": 0, "bytes": 11977}
{"t": "AnimationClip", "name": "Recorded (20)", "bundle": "gameres_main_dir_prefabs_lwguide_timelineperfabs_0e804547193e8bc16a34b734afd4a0ba", "legacy": false, "compressed": false, "sampleRate": 60.0, "nRot": 0, "nPos": 0, "nScale": 0, "nFloat": 0, "nPPtr": 0, "bytes": 7490}
{"t": "AnimationClip", "name": "Recorded (47)", "bundle": "gameres_main_dir_prefabs_lwguide_timelineperfabs_0e804547193e8bc16a34b734afd4a0ba", "legacy": false, "compressed": false, "sampleRate": 60.0, "nRot": 0, "nPos": 0, "nScale": 0, "nFloat": 0, "nPPtr": 0, "bytes": 6739}
{"t": "AnimationClip", "name": "bubing02_yun", "bundle": "gameres_main_dir_prefabs_lwguide_timelineperfabs_0e804547193e8bc16a34b734afd4a0ba", "legacy": false, "compressed": false, "sampleRate": 30.0, "nRot": 0, "nPos": 0, "nScale": 0, "nFloat": 0, "nPPtr": 0, "bytes": 164222}
{"t": "AnimationClip", "name": "shibing", "bundle": "gameres_main_dir_prefabs_lwguide_timelineperfabs_0e804547193e8bc16a34b734afd4a0ba", "legacy": false, "compressed": false, "sampleRate": 30.0, "nRot": 0, "nPos": 0, "nScale": 0, "nFloat": 0, "nPPtr": 0, "bytes": 88638}
{"t": "AnimationClip", "name": "sangshi_A", "bundle": "gameres_main_dir_prefabs_lwguide_timelineperfabs_0e804547193e8bc16a34b734afd4a0ba", "legacy": false, "compressed": false, "sampleRate": 30.0, "nRot": 0, "nPos": 0, "nScale": 0, "nFloat": 0, "nPPtr": 0, "bytes": 226645}
{"t": "AnimationClip", "name": "Recorded (25)", "bundle": "gameres_main_dir_prefabs_lwguide_timelineperfabs_0e804547193e8bc16a34b734afd4a0ba", "legacy": false, "compressed": false, "sampleRate": 60.0, "nRot": 0, "nPos": 0, "nScale": 0, "nFloat": 0, "nPPtr": 0, "bytes": 6620}
{"t": "AnimationClip", "name": "sangshi_B", "bundle": "gameres_main_dir_prefabs_lwguide_timelineperfabs_0e804547193e8bc16a34b734afd4a0ba", "legacy": false, "compressed": false, "sampleRate": 30.0, "nRot": 0, "nPos": 0, "nScale": 0, "nFloat": 0, "nPPtr": 0, "bytes": 377830}
{"t": "AnimationClip", "name": "Recorded (31)", "bundle": "gameres_main_dir_prefabs_lwguide_timelineperfabs_0e804547193e8bc16a34b734afd4a0ba", "legacy": false, "compressed": false, "sampleRate": 60.0, "nRot": 0, "nPos": 0, "nScale": 0, "nFloat": 0, "nPPtr": 0, "bytes": 7484}
{"t": "AnimationClip", "name": "Recorded (44)", "bundle": "gameres_main_dir_prefabs_lwguide_timelineperfabs_0e804547193e8bc16a34b734afd4a0ba", "legacy": false, "compressed": false, "sampleRate": 60.0, "nRot": 0, "nPos": 0, "nScale": 0, "nFloat": 0, "nPPtr": 0, "bytes": 6733}
{"t": "AnimationClip", "name": "Recorded (45)", "bundle": "gameres_main_dir_prefabs_lwguide_timelineperfabs_0e804547193e8bc16a34b734afd4a0ba", "legacy": false, "compressed": false, "sampleRate": 60.0, "nRot": 0, "nPos": 0, "nScale": 0, "nFloat": 0, "nPPtr": 0, "bytes": 6728}
{"t": "AnimationClip", "name": "Monica_01_attack_city", "bundle": "gameres_main_dir_prefabs_lwguide_timelineperfabs_0e804547193e8bc16a34b734afd4a0ba", "legacy": false, "compressed": false, "sampleRate": 30.0, "nRot": 0, "nPos": 0, "nScale": 0, "nFloat": 0, "nPPtr": 0, "bytes": 163636}
{"t": "AnimationClip", "name": "Recorded (19)", "bundle": "gameres_main_dir_prefabs_lwguide_timelineperfabs_0e804547193e8bc16a34b734afd4a0ba", "legacy": false, "compressed": false, "sampleRate": 60.0, "nRot": 0, "nPos": 0, "nScale": 0, "nFloat": 0, "nPPtr": 0, "bytes": 7537}
{"t": "AnimationClip", "name": "Recorded", "bundle": "gameres_main_dir_prefabs_lwguide_timelineperfabs_0e804547193e8bc16a34b734afd4a0ba", "legacy": false, "compressed": false, "sampleRate": 60.0, "nRot": 0, "nPos": 0, "nScale": 0, "nFloat": 0, "nPPtr": 0, "bytes": 7747}
{"t": "AnimationClip", "name": "Monica_wuzhuangshengji", "bundle": "gameres_main_dir_prefabs_lwguide_timelineperfabs_0e804547193e8bc16a34b734afd4a0ba", "legacy": false, "compressed": false, "sampleRate": 30.0, "nRot": 0, "nPos": 0, "nScale": 0, "nFloat": 0, "nPPtr": 0, "bytes": 2394883}
{"t": "AnimationClip", "name": "weiyi", "bundle": "gameres_main_dir_prefabs_lwguide_timelineperfabs_0e804547193e8bc16a34b734afd4a0ba", "legacy": false, "compressed": false, "sampleRate": 30.0, "nRot": 0, "nPos": 0, "nScale": 0, "nFloat": 0, "nPPtr": 0, "bytes": 8360}
{"t": "AnimationClip", "name": "Recorded (15)", "bundle": "gameres_main_dir_prefabs_lwguide_timelineperfabs_0e804547193e8bc16a34b734afd4a0ba", "legacy": false, "compressed": false, "sampleRate": 60.0, "nRot": 0, "nPos": 0, "nScale": 0, "nFloat": 0, "nPPtr": 0, "bytes": 6896}
{"t": "AnimationClip", "name": "bubing11_HG_tiaosan", "bundle": "gameres_main_dir_prefabs_lwguide_timelineperfabs_0e804547193e8bc16a34b734afd4a0ba", "legacy": false, "compressed": false, "sampleRate": 30.0, "nRot": 0, "nPos": 0, "nScale": 0, "nFloat": 0, "nPPtr": 0, "bytes": 246635}
{"t": "AnimationClip", "name": "Recorded (6)", "bundle": "gameres_main_dir_prefabs_lwguide_timelineperfabs_0e804547193e8bc16a34b734afd4a0ba", "legacy": false, "compressed": false, "sampleRate": 30.0, "nRot": 0, "nPos": 0, "nScale": 0, "nFloat": 0, "nPPtr": 0, "bytes": 7009}
{"t": "AnimationClip", "name": "Recorded (42)", "bundle": "gameres_main_dir_prefabs_lwguide_timelineperfabs_0e804547193e8bc16a34b734afd4a0ba", "legacy": false, "compressed": false, "sampleRate": 60.0, "nRot": 0, "nPos": 0, "nScale": 0, "nFloat": 0, "nPPtr": 0, "bytes": 6843}
{"t": "AnimationClip", "name": "Recorded (8)", "bundle": "gameres_main_dir_prefabs_lwguide_timelineperfabs_0e804547193e8bc16a34b734afd4a0ba", "legacy": false, "compressed": false, "sampleRate": 60.0, "nRot": 0, "nPos": 0, "nScale": 0, "nFloat": 0, "nPPtr": 0, "bytes": 7421}
{"t": "AnimationClip", "name": "Recorded (22)", "bundle": "gameres_main_dir_prefabs_lwguide_timelineperfabs_0e804547193e8bc16a34b734afd4a0ba", "legacy": false, "compressed": false, "sampleRate": 60.0, "nRot": 0, "nPos": 0, "nScale": 0, "nFloat": 0, "nPPtr": 0, "bytes": 7150}
{"t": "AnimationClip", "name": "Recorded", "bundle": "gameres_main_dir_prefabs_lwguide_timelineperfabs_0e804547193e8bc16a34b734afd4a0ba", "legacy": false, "compressed": false, "sampleRate": 60.0, "nRot": 0, "nPos": 0, "nScale": 0, "nFloat": 0, "nPPtr": 0, "bytes": 35888}
{"t": "AnimationClip", "name": "Recorded (13)", "bundle": "gameres_main_dir_prefabs_lwguide_timelineperfabs_0e804547193e8bc16a34b734afd4a0ba", "legacy": false, "compressed": false, "sampleRate": 60.0, "nRot": 0, "nPos": 0, "nScale": 0, "nFloat": 0, "nPPtr": 0, "bytes": 6779}
{"t": "AnimationClip", "name": "Recorded (1)", "bundle": "gameres_main_dir_prefabs_lwguide_timelineperfabs_0e804547193e8bc16a34b734afd4a0ba", "legacy": false, "compressed": false, "sampleRate": 30.0, "nRot": 0, "nPos": 0, "nScale": 0, "nFloat": 0, "nPPtr": 0, "bytes": 6546}
{"t": "AnimationClip", "name": "daodan", "bundle": "gameres_main_dir_prefabs_lwguide_timelineperfabs_0e804547193e8bc16a34b734afd4a0ba", "legacy": false, "compressed": false, "sampleRate": 30.0, "nRot": 0, "nPos": 0, "nScale": 0, "nFloat": 0, "nPPtr": 0, "bytes": 80039}
{"t": "AnimationClip", "name": "Recorded", "bundle": "gameres_main_dir_prefabs_lwguide_timelineperfabs_0e804547193e8bc16a34b734afd4a0ba", "legacy": false, "compressed": false, "sampleRate": 60.0, "nRot": 0, "nPos": 0, "nScale": 0, "nFloat": 0, "nPPtr": 0, "bytes": 6289}
{"t": "AnimationClip", "name": "Recorded (4)", "bundle": "gameres_main_dir_prefabs_lwguide_timelineperfabs_0e804547193e8bc16a34b734afd4a0ba", "legacy": false, "compressed": false, "sampleRate": 60.0, "nRot": 0, "nPos": 0, "nScale": 0, "nFloat": 0, "nPPtr": 0, "bytes": 7799}
{"t": "AnimationClip", "name": "tiaosan", "bundle": "gameres_main_dir_prefabs_lwguide_timelineperfabs_0e804547193e8bc16a34b734afd4a0ba", "legacy": false, "compressed": false, "sampleRate": 30.0, "nRot": 0, "nPos": 0, "nScale": 0, "nFloat": 0, "nPPtr": 0, "bytes": 233660}
{"t": "AnimationClip", "name": "Recorded (5)", "bundle": "gameres_main_dir_prefabs_lwguide_timelineperfabs_0e804547193e8bc16a34b734afd4a0ba", "legacy": false, "compressed": false, "sampleRate": 30.0, "nRot": 0, "nPos": 0, "nScale": 0, "nFloat": 0, "nPPtr": 0, "bytes": 6727}
{"t": "AnimationClip", "name": "jmxqc01_idle_01", "bundle": "gameres_main_dir_prefabs_vehicle_eef1137b7ae7009be337d0877d6dcfbf", "legacy": false, "compressed": false, "sampleRate": 30.0, "nRot": 0, "nPos": 0, "nScale": 0, "nFloat": 0, "nPPtr": 0, "bytes": 7695}
{"t": "AnimationClip", "name": "jmxqc01_run_stop", "bundle": "gameres_main_dir_prefabs_vehicle_eef1137b7ae7009be337d0877d6dcfbf", "legacy": false, "compressed": false, "sampleRate": 30.0, "nRot": 0, "nPos": 0, "nScale": 0, "nFloat": 0, "nPPtr": 0, "bytes": 8099}
{"t": "AnimationClip", "name": "jmxqc01_run", "bundle": "gameres_main_dir_prefabs_vehicle_eef1137b7ae7009be337d0877d6dcfbf", "legacy": false, "compressed": false, "sampleRate": 30.0, "nRot": 0, "nPos": 0, "nScale": 0, "nFloat": 0, "nPPtr": 0, "bytes": 7378}
{"t": "AnimationClip", "name": "V_ui_S1SeasonRewardTopEight_light", "bundle": "gameres_main_dir_sprites_ui_uiseason_uiseason1_animation_5_22ce69f6312cdc256b38c899be6856a7", "legacy": false, "compressed": false, "sampleRate": 60.0, "nRot": 0, "nPos": 0, "nScale": 0, "nFloat": 0, "nPPtr": 0, "bytes": 6273}
{"t": "AnimationClip", "name": "V_ui_S1SeasonRewardTopEight_in", "bundle": "gameres_main_dir_sprites_ui_uiseason_uiseason1_animation_0_c838ea24b6ab57bdc5a93d3fcd347613", "legacy": false, "compressed": false, "sampleRate": 60.0, "nRot": 0, "nPos": 0, "nScale": 0, "nFloat": 0, "nPPtr": 0, "bytes": 14626}
{"t": "AnimatorController", "name": "S1SeasonRewardTopEight", "bundle": "gameres_main_dir_sprites_ui_uiseason_uiseason1_animation_2_abcbc8332df7068ab2497d7721909e33", "legacy": null, "compressed": false, "sampleRate": null, "nRot": 0, "nPos": 0, "nScale": 0, "nFloat": 0, "nPPtr": 0, "bytes": 2560}
{"t": "AnimationClip", "name": "V_xinshou_dongwu_egg_show", "bundle": "gameres_main_file_prefab_scene_xinshou_vfx_xinshou_dongwu_egg_start_39826bb13bac6751da3ccec85d999b54", "legacy": false, "compressed": false, "sampleRate": 60.0, "nRot": 0, "nPos": 0, "nScale": 0, "nFloat": 0, "nPPtr": 0, "bytes": 5986}
{"t": "AnimationClip", "name": "V_xinshou_dongwu_egg_idle", "bundle": "gameres_main_file_prefab_scene_xinshou_vfx_xinshou_dongwu_egg_start_39826bb13bac6751da3ccec85d999b54", "legacy": false, "compressed": false, "sampleRate": 60.0, "nRot": 0, "nPos": 0, "nScale": 0, "nFloat": 0, "nPPtr": 0, "bytes": 5957}
{"t": "AnimatorController", "name": "VFX_xinshuo_tuohuang_cangqiong_anim", "bundle": "gameres_main_file_prefab_scene_xinshou_vfx_xinshuo_tuohuang_cangqiong_ea020cc0abe27e5900d3e8de8a8d86bf", "legacy": null, "compressed": false, "sampleRate": null, "nRot": 0, "nPos": 0, "nScale": 0, "nFloat": 0, "nPPtr": 0, "bytes": 2582}
{"t": "AnimationClip", "name": "VFX_xinshuo_tuohuang_cangqiong_anim", "bundle": "gameres_main_file_prefab_scene_xinshou_vfx_xinshuo_tuohuang_cangqiong_ea020cc0abe27e5900d3e8de8a8d86bf", "legacy": false, "compressed": false, "sampleRate": 60.0, "nRot": 0, "nPos": 0, "nScale": 0, "nFloat": 0, "nPPtr": 0, "bytes": 7450}
{"t": "AnimationClip", "name": "Eff_anim_baoxiang_qiehuan", "bundle": "gameres_main_file_prefabs_building_building_10225001_d6cdf935969067c9ab76babde73f02db", "legacy": false, "compressed": false, "sampleRate": 60.0, "nRot": 0, "nPos": 0, "nScale": 0, "nFloat": 0, "nPPtr": 0, "bytes": 8380}
{"t": "AnimatorController", "name": "Eff_animctrol_baoxiang_qiehuan", "bundle": "gameres_main_file_prefabs_building_building_10225001_d6cdf935969067c9ab76babde73f02db", "legacy": null, "compressed": false, "sampleRate": null, "nRot": 0, "nPos": 0, "nScale": 0, "nFloat": 0, "nPPtr": 0, "bytes": 2557}
{"t": "AnimationClip", "name": "baoxiang_idle", "bundle": "gameres_main_file_prefabs_building_kill_zombie_world_box_upgrade_ui_bb4d42275a42b9b67757e9d372ce8415", "legacy": false, "compressed": false, "sampleRate": 30.0, "nRot": 0, "nPos": 0, "nScale": 0, "nFloat": 0, "nPPtr": 0, "bytes": 22755}
{"t": "AnimationClip", "name": "baoxiang_open_idle", "bundle": "gameres_main_file_prefabs_building_kill_zombie_world_box_upgrade_ui_bb4d42275a42b9b67757e9d372ce8415", "legacy": false, "compressed": false, "sampleRate": 30.0, "nRot": 0, "nPos": 0, "nScale": 0, "nFloat": 0, "nPPtr": 0, "bytes": 23650}
{"t": "AnimationClip", "name": "zhentan_idle", "bundle": "gameres_main_file_prefabs_city_worker_a_hero_xingcunzhe_zhentan_60832d2373fc23316b3420e4967e7719", "legacy": false, "compressed": false, "sampleRate": 30.0, "nRot": 0, "nPos": 0, "nScale": 0, "nFloat": 0, "nPPtr": 0, "bytes": 82090}
{"t": "AnimationClip", "name": "zhentan_attck", "bundle": "gameres_main_file_prefabs_city_worker_a_hero_xingcunzhe_zhentan_60832d2373fc23316b3420e4967e7719", "legacy": false, "compressed": false, "sampleRate": 30.0, "nRot": 0, "nPos": 0, "nScale": 0, "nFloat": 0, "nPPtr": 0, "bytes": 362996}
{"t": "AnimationClip", "name": "zhentan_walk", "bundle": "gameres_main_file_prefabs_city_worker_a_hero_xingcunzhe_zhentan_60832d2373fc23316b3420e4967e7719", "legacy": false, "compressed": false, "sampleRate": 30.0, "nRot": 0, "nPos": 0, "nScale": 0, "nFloat": 0, "nPPtr": 0, "bytes": 137034}
{"t": "AnimationClip", "name": "fandianboss_idle", "bundle": "gameres_main_file_prefabs_city_worker_a_hero_xingcunzhe_fandianboss_d422bee9db914f1b30afd5d81e546d11", "legacy": false, "compressed": false, "sampleRate": 30.0, "nRot": 0, "nPos": 0, "nScale": 0, "nFloat": 0, "nPPtr": 0, "bytes": 97839}
{"t": "AnimationClip", "name": "fandianboss_walk", "bundle": "gameres_main_file_prefabs_city_worker_a_hero_xingcunzhe_fandianboss_d422bee9db914f1b30afd5d81e546d11", "legacy": false, "compressed": false, "sampleRate": 30.0, "nRot": 0, "nPos": 0, "nScale": 0, "nFloat": 0, "nPPtr": 0, "bytes": 186731}
{"t": "AnimationClip", "name": "nvlaoban_walk", "bundle": "gameres_main_file_prefabs_city_worker_a_hero_xingcunzhe_nvlaoban_842760d17b280a7a4a2ba324f104df4a", "legacy": false, "compressed": false, "sampleRate": 30.0, "nRot": 0, "nPos": 0, "nScale": 0, "nFloat": 0, "nPPtr": 0, "bytes": 171848}
{"t": "AnimationClip", "name": "nvlaoban_attack", "bundle": "gameres_main_file_prefabs_city_worker_a_hero_xingcunzhe_nvlaoban_842760d17b280a7a4a2ba324f104df4a", "legacy": false, "compressed": false, "sampleRate": 30.0, "nRot": 0, "nPos": 0, "nScale": 0, "nFloat": 0, "nPPtr": 0, "bytes": 395669}
{"t": "AnimationClip", "name": "nvlaoban_idle", "bundle": "gameres_main_file_prefabs_city_worker_a_hero_xingcunzhe_nvlaoban_842760d17b280a7a4a2ba324f104df4a", "legacy": false, "compressed": false, "sampleRate": 30.0, "nRot": 0, "nPos": 0, "nScale": 0, "nFloat": 0, "nPPtr": 0, "bytes": 114678}
{"t": "AnimationClip", "name": "zuqiuyundongyuan_attack", "bundle": "gameres_main_file_prefabs_city_worker_a_hero_xingcunzhe_qiuyuan_b1c43bb3d0329a68797c5fc3e528676e", "legacy": false, "compressed": false, "sampleRate": 30.0, "nRot": 0, "nPos": 0, "nScale": 0, "nFloat": 0, "nPPtr": 0, "bytes": 307544}
{"t": "AnimationClip", "name": "zuqiuyundongyuan_idle", "bundle": "gameres_main_file_prefabs_city_worker_a_hero_xingcunzhe_qiuyuan_b1c43bb3d0329a68797c5fc3e528676e", "legacy": false, "compressed": false, "sampleRate": 30.0, "nRot": 0, "nPos": 0, "nScale": 0, "nFloat": 0, "nPPtr": 0, "bytes": 73631}
{"t": "AnimationClip", "name": "zuqiuyundongyuan_walk", "bundle": "gameres_main_file_prefabs_city_worker_a_hero_xingcunzhe_qiuyuan_b1c43bb3d0329a68797c5fc3e528676e", "legacy": false, "compressed": false, "sampleRate": 30.0, "nRot": 0, "nPos": 0, "nScale": 0, "nFloat": 0, "nPPtr": 0, "bytes": 127988}
{"t": "AnimationClip", "name": "Zombie07_jinbi_attack", "bundle": "gameres_main_file_prefabs_lwbattle_idlemonster_a_monster_zombie07_jinbi_2473323090942950026dbd514e6d05f4", "legacy": false, "compressed": false, "sampleRate": 30.0, "nRot": 0, "nPos": 0, "nScale": 0, "nFloat": 0, "nPPtr": 0, "bytes": 188731}
{"t": "AnimationClip", "name": "Zombie07_jinbi_run01", "bundle": "gameres_main_file_prefabs_lwbattle_idlemonster_a_monster_zombie07_jinbi_2473323090942950026dbd514e6d05f4", "legacy": false, "compressed": false, "sampleRate": 30.0, "nRot": 0, "nPos": 0, "nScale": 0, "nFloat": 0, "nPPtr": 0, "bytes": 138163}
{"t": "AnimationClip", "name": "Zombie07_jinbi_idle", "bundle": "gameres_main_file_prefabs_lwbattle_idlemonster_a_monster_zombie07_jinbi_2473323090942950026dbd514e6d05f4", "legacy": false, "compressed": false, "sampleRate": 30.0, "nRot": 0, "nPos": 0, "nScale": 0, "nFloat": 0, "nPPtr": 0, "bytes": 162450}
{"t": "AnimationClip", "name": "Zombie07_jinbi_death", "bundle": "gameres_main_file_prefabs_lwbattle_idlemonster_a_monster_zombie07_jinbi_2473323090942950026dbd514e6d05f4", "legacy": false, "compressed": false, "sampleRate": 30.0, "nRot": 0, "nPos": 0, "nScale": 0, "nFloat": 0, "nPPtr": 0, "bytes": 345506}
{"t": "AnimationClip", "name": "Zombie07_jinbi_run02", "bundle": "gameres_main_file_prefabs_lwbattle_idlemonster_a_monster_zombie07_jinbi_2473323090942950026dbd514e6d05f4", "legacy": false, "compressed": false, "sampleRate": 30.0, "nRot": 0, "nPos": 0, "nScale": 0, "nFloat": 0, "nPPtr": 0, "bytes": 121940}
{"t": "AnimationClip", "name": "finger_click", "bundle": "gameres_main_file_prefabs_lwopeningstage_finger_click_f124850b7b0a18af56e425d078df31ea", "legacy": false, "compressed": false, "sampleRate": 60.0, "nRot": 0, "nPos": 0, "nScale": 0, "nFloat": 0, "nPPtr": 0, "bytes": 7464}
{"t": "AnimatorController", "name": "finger_click", "bundle": "gameres_main_file_prefabs_lwopeningstage_finger_click_f124850b7b0a18af56e425d078df31ea", "legacy": null, "compressed": false, "sampleRate": null, "nRot": 0, "nPos": 0, "nScale": 0, "nFloat": 0, "nPPtr": 0, "bytes": 2498}
{"t": "AnimationClip", "name": "Eff_trooplinedrag_default", "bundle": "gameres_main_file_prefabs_march_trooplinedrag_797660946cb6cc1b6916a8074b9f9132", "legacy": false, "compressed": false, "sampleRate": 60.0, "nRot": 0, "nPos": 0, "nScale": 0, "nFloat": 0, "nPPtr": 0, "bytes": 6074}
{"t": "AnimationClip", "name": "Eff_trooplinedrag_xiaoshi", "bundle": "gameres_main_file_prefabs_march_trooplinedrag_797660946cb6cc1b6916a8074b9f9132", "legacy": false, "compressed": false, "sampleRate": 60.0, "nRot": 0, "nPos": 0, "nScale": 0, "nFloat": 0, "nPPtr": 0, "bytes": 6300}
{"t": "AnimationClip", "name": "Recorded", "bundle": "gameres_main_file_prefabs_lwopeningstage_jingli_timeline_854828043ca87ebe377bb16b9e08f1ce", "legacy": false, "compressed": false, "sampleRate": 60.0, "nRot": 0, "nPos": 0, "nScale": 0, "nFloat": 0, "nPPtr": 0, "bytes": 6868}
{"t": "AnimationClip", "name": "Recorded (14)", "bundle": "gameres_main_file_prefabs_lwopeningstage_jingli_timeline_854828043ca87ebe377bb16b9e08f1ce", "legacy": false, "compressed": false, "sampleRate": 30.0, "nRot": 0, "nPos": 0, "nScale": 0, "nFloat": 0, "nPPtr": 0, "bytes": 7906}
{"t": "AnimationClip", "name": "Recorded (4)", "bundle": "gameres_main_file_prefabs_lwopeningstage_jingli_timeline_854828043ca87ebe377bb16b9e08f1ce", "legacy": false, "compressed": false, "sampleRate": 30.0, "nRot": 0, "nPos": 0, "nScale": 0, "nFloat": 0, "nPPtr": 0, "bytes": 6968}
{"t": "AnimationClip", "name": "Recorded (6)", "bundle": "gameres_main_file_prefabs_lwopeningstage_jingli_timeline_854828043ca87ebe377bb16b9e08f1ce", "legacy": false, "compressed": false, "sampleRate": 30.0, "nRot": 0, "nPos": 0, "nScale": 0, "nFloat": 0, "nPPtr": 0, "bytes": 6597}
{"t": "AnimationClip", "name": "Recorded (8)", "bundle": "gameres_main_file_prefabs_lwopeningstage_jingli_timeline_854828043ca87ebe377bb16b9e08f1ce", "legacy": false, "compressed": false, "sampleRate": 30.0, "nRot": 0, "nPos": 0, "nScale": 0, "nFloat": 0, "nPPtr": 0, "bytes": 6611}
{"t": "AnimationClip", "name": "Recorded (2)", "bundle": "gameres_main_file_prefabs_lwopeningstage_jingli_timeline_854828043ca87ebe377bb16b9e08f1ce", "legacy": false, "compressed": false, "sampleRate": 30.0, "nRot": 0, "nPos": 0, "nScale": 0, "nFloat": 0, "nPPtr": 0, "bytes": 6739}
{"t": "AnimationClip", "name": "Recorded (1)", "bundle": "gameres_main_file_prefabs_lwopeningstage_jingli_timeline_854828043ca87ebe377bb16b9e08f1ce", "legacy": false, "compressed": false, "sampleRate": 30.0, "nRot": 0, "nPos": 0, "nScale": 0, "nFloat": 0, "nPPtr": 0, "bytes": 6873}
{"t": "AnimationClip", "name": "Recorded (5)", "bundle": "gameres_main_file_prefabs_lwopeningstage_jingli_timeline_854828043ca87ebe377bb16b9e08f1ce", "legacy": false, "compressed": false, "sampleRate": 30.0, "nRot": 0, "nPos": 0, "nScale": 0, "nFloat": 0, "nPPtr": 0, "bytes": 6585}
{"t": "AnimationClip", "name": "Recorded (12)", "bundle": "gameres_main_file_prefabs_lwopeningstage_jingli_timeline_854828043ca87ebe377bb16b9e08f1ce", "legacy": false, "compressed": false, "sampleRate": 30.0, "nRot": 0, "nPos": 0, "nScale": 0, "nFloat": 0, "nPPtr": 0, "bytes": 6785}
{"t": "AnimationClip", "name": "Recorded (3)", "bundle": "gameres_main_file_prefabs_lwopeningstage_jingli_timeline_854828043ca87ebe377bb16b9e08f1ce", "legacy": false, "compressed": false, "sampleRate": 30.0, "nRot": 0, "nPos": 0, "nScale": 0, "nFloat": 0, "nPPtr": 0, "bytes": 6738}
{"t": "AnimationClip", "name": "Recorded (9)", "bundle": "gameres_main_file_prefabs_lwopeningstage_jingli_timeline_854828043ca87ebe377bb16b9e08f1ce", "legacy": false, "compressed": false, "sampleRate": 30.0, "nRot": 0, "nPos": 0, "nScale": 0, "nFloat": 0, "nPPtr": 0, "bytes": 6618}
{"t": "AnimationClip", "name": "Recorded (11)", "bundle": "gameres_main_file_prefabs_lwopeningstage_jingli_timeline_854828043ca87ebe377bb16b9e08f1ce", "legacy": false, "compressed": false, "sampleRate": 30.0, "nRot": 0, "nPos": 0, "nScale": 0, "nFloat": 0, "nPPtr": 0, "bytes": 7106}
{"t": "AnimationClip", "name": "Recorded (7)", "bundle": "gameres_main_file_prefabs_lwopeningstage_jingli_timeline_854828043ca87ebe377bb16b9e08f1ce", "legacy": false, "compressed": false, "sampleRate": 30.0, "nRot": 0, "nPos": 0, "nScale": 0, "nFloat": 0, "nPPtr": 0, "bytes": 6632}
{"t": "AnimationClip", "name": "Recorded (10)", "bundle": "gameres_main_file_prefabs_lwopeningstage_jingli_timeline_854828043ca87ebe377bb16b9e08f1ce", "legacy": false, "compressed": false, "sampleRate": 30.0, "nRot": 0, "nPos": 0, "nScale": 0, "nFloat": 0, "nPPtr": 0, "bytes": 7037}
{"t": "AnimationClip", "name": "Recorded (15)", "bundle": "gameres_main_file_prefabs_lwopeningstage_jingli_timeline_854828043ca87ebe377bb16b9e08f1ce", "legacy": false, "compressed": false, "sampleRate": 30.0, "nRot": 0, "nPos": 0, "nScale": 0, "nFloat": 0, "nPPtr": 0, "bytes": 6678}
{"t": "AnimationClip", "name": "Recorded (13)", "bundle": "gameres_main_file_prefabs_lwopeningstage_jingli_timeline_854828043ca87ebe377bb16b9e08f1ce", "legacy": false, "compressed": false, "sampleRate": 30.0, "nRot": 0, "nPos": 0, "nScale": 0, "nFloat": 0, "nPPtr": 0, "bytes": 7021}
{"t": "AnimationClip", "name": "kangqi", "bundle": "gameres_main_file_prefabs_lwopeningstage_sgq_timeline_9657b36365ec085b94a2bc07729961cd", "legacy": false, "compressed": false, "sampleRate": 30.0, "nRot": 0, "nPos": 0, "nScale": 0, "nFloat": 0, "nPPtr": 0, "bytes": 395127}
{"t": "AnimationClip", "name": "show", "bundle": "gameres_main_file_prefabs_lwopeningstage_sgq_timeline_9657b36365ec085b94a2bc07729961cd", "legacy": false, "compressed": false, "sampleRate": 30.0, "nRot": 0, "nPos": 0, "nScale": 0, "nFloat": 0, "nPPtr": 0, "bytes": 196101}
{"t": "AnimationClip", "name": "show", "bundle": "gameres_main_file_prefabs_lwopeningstage_sgq_timeline_9657b36365ec085b94a2bc07729961cd", "legacy": false, "compressed": false, "sampleRate": 30.0, "nRot": 0, "nPos": 0, "nScale": 0, "nFloat": 0, "nPPtr": 0, "bytes": 41388}
{"t": "AnimationClip", "name": "show", "bundle": "gameres_main_file_prefabs_lwopeningstage_sgq_timeline_9657b36365ec085b94a2bc07729961cd", "legacy": false, "compressed": false, "sampleRate": 30.0, "nRot": 0, "nPos": 0, "nScale": 0, "nFloat": 0, "nPPtr": 0, "bytes": 307168}
{"t": "AnimationClip", "name": "kangqi_idle", "bundle": "gameres_main_file_prefabs_lwopeningstage_sgq_timeline_9657b36365ec085b94a2bc07729961cd", "legacy": false, "compressed": false, "sampleRate": 30.0, "nRot": 0, "nPos": 0, "nScale": 0, "nFloat": 0, "nPPtr": 0, "bytes": 65678}
{"t": "AnimationClip", "name": "show", "bundle": "gameres_main_file_prefabs_lwopeningstage_sgq_timeline_9657b36365ec085b94a2bc07729961cd", "legacy": false, "compressed": false, "sampleRate": 30.0, "nRot": 0, "nPos": 0, "nScale": 0, "nFloat": 0, "nPPtr": 0, "bytes": 34289}
{"t": "AnimationClip", "name": "kangqiang_idle", "bundle": "gameres_main_file_prefabs_lwopeningstage_sgq_timeline_9657b36365ec085b94a2bc07729961cd", "legacy": false, "compressed": false, "sampleRate": 30.0, "nRot": 0, "nPos": 0, "nScale": 0, "nFloat": 0, "nPPtr": 0, "bytes": 67407}
{"t": "AnimationClip", "name": "Recorded", "bundle": "gameres_main_file_prefabs_lwopeningstage_sgq_timeline_9657b36365ec085b94a2bc07729961cd", "legacy": false, "compressed": false, "sampleRate": 30.0, "nRot": 0, "nPos": 0, "nScale": 0, "nFloat": 0, "nPPtr": 0, "bytes": 6455}
{"t": "AnimationClip", "name": "kangqiang", "bundle": "gameres_main_file_prefabs_lwopeningstage_sgq_timeline_9657b36365ec085b94a2bc07729961cd", "legacy": false, "compressed": false, "sampleRate": 30.0, "nRot": 0, "nPos": 0, "nScale": 0, "nFloat": 0, "nPPtr": 0, "bytes": 172045}
{"t": "AnimationClip", "name": "V_worldTroopHeadUI_doudong", "bundle": "gameres_main_file_prefabs_march_worldtroopheadui_de6415ab91d9fc12d414f032744e7ea5", "legacy": false, "compressed": false, "sampleRate": 60.0, "nRot": 0, "nPos": 0, "nScale": 0, "nFloat": 0, "nPPtr": 0, "bytes": 6327}
{"t": "AnimationClip", "name": "V_worldTroopHeadUI_suoxiao", "bundle": "gameres_main_file_prefabs_march_worldtroopheadui_de6415ab91d9fc12d414f032744e7ea5", "legacy": false, "compressed": false, "sampleRate": 60.0, "nRot": 0, "nPos": 0, "nScale": 0, "nFloat": 0, "nPPtr": 0, "bytes": 6237}
{"t": "AnimationClip", "name": "V_worldTroopHeadUI_bianse", "bundle": "gameres_main_file_prefabs_march_worldtroopheadui_de6415ab91d9fc12d414f032744e7ea5", "legacy": false, "compressed": false, "sampleRate": 60.0, "nRot": 0, "nPos": 0, "nScale": 0, "nFloat": 0, "nPPtr": 0, "bytes": 8344}
{"t": "AnimationClip", "name": "V_xuanzhuan_quan", "bundle": "gameres_main_file_prefabs_march_worldtroopheadui_de6415ab91d9fc12d414f032744e7ea5", "legacy": false, "compressed": false, "sampleRate": 60.0, "nRot": 0, "nPos": 0, "nScale": 0, "nFloat": 0, "nPPtr": 0, "bytes": 6182}
{"t": "AnimationClip", "name": "V_worldTroopHeadUI_fangda", "bundle": "gameres_main_file_prefabs_march_worldtroopheadui_de6415ab91d9fc12d414f032744e7ea5", "legacy": false, "compressed": false, "sampleRate": 60.0, "nRot": 0, "nPos": 0, "nScale": 0, "nFloat": 0, "nPPtr": 0, "bytes": 6322}
{"t": "AnimationClip", "name": "V_world_MultiKillPin_change", "bundle": "gameres_main_file_prefabs_march_worldmultikillpin_d7e0b9f6da7eeaf98079efb2f26e14bb", "legacy": false, "compressed": false, "sampleRate": 60.0, "nRot": 0, "nPos": 0, "nScale": 0, "nFloat": 0, "nPPtr": 0, "bytes": 18763}
{"t": "AnimationClip", "name": "V_world_MultiKillPin_out2", "bundle": "gameres_main_file_prefabs_march_worldmultikillpin_d7e0b9f6da7eeaf98079efb2f26e14bb", "legacy": false, "compressed": false, "sampleRate": 60.0, "nRot": 0, "nPos": 0, "nScale": 0, "nFloat": 0, "nPPtr": 0, "bytes": 18064}
{"t": "AnimationClip", "name": "V_world_MultiKillPin_in", "bundle": "gameres_main_file_prefabs_march_worldmultikillpin_d7e0b9f6da7eeaf98079efb2f26e14bb", "legacy": false, "compressed": false, "sampleRate": 60.0, "nRot": 0, "nPos": 0, "nScale": 0, "nFloat": 0, "nPPtr": 0, "bytes": 28604}
{"t": "AnimationClip", "name": "V_world_MultiKillPin_out", "bundle": "gameres_main_file_prefabs_march_worldmultikillpin_d7e0b9f6da7eeaf98079efb2f26e14bb", "legacy": false, "compressed": false, "sampleRate": 60.0, "nRot": 0, "nPos": 0, "nScale": 0, "nFloat": 0, "nPPtr": 0, "bytes": 18541}
{"t": "AnimationClip", "name": "Daba_huoche01_move", "bundle": "gameres_main_file_prefabs_march_a_monster_zombie_sangshiche_01_head_005f3aafe499c6e3b43bf95f0a1f870a", "legacy": false, "compressed": false, "sampleRate": 30.0, "nRot": 0, "nPos": 0, "nScale": 0, "nFloat": 0, "nPPtr": 0, "bytes": 98570}
{"t": "AnimationClip", "name": "Daba_huoche01_idle", "bundle": "gameres_main_file_prefabs_march_a_monster_zombie_sangshiche_01_head_005f3aafe499c6e3b43bf95f0a1f870a", "legacy": false, "compressed": false, "sampleRate": 30.0, "nRot": 0, "nPos": 0, "nScale": 0, "nFloat": 0, "nPPtr": 0, "bytes": 91033}
{"t": "AnimationClip", "name": "Daba_huoche01_dead", "bundle": "gameres_main_file_prefabs_march_a_monster_zombie_sangshiche_01_head_005f3aafe499c6e3b43bf95f0a1f870a", "legacy": false, "compressed": false, "sampleRate": 30.0, "nRot": 0, "nPos": 0, "nScale": 0, "nFloat": 0, "nPPtr": 0, "bytes": 276450}
{"t": "AnimationClip", "name": "Zombie01@Daba_huoche03_finger", "bundle": "gameres_main_file_prefabs_march_a_monster_zombie_sangshiche_02_head_020b1eb7f024367c3890a4a7a1840eb7", "legacy": false, "compressed": false, "sampleRate": 30.0, "nRot": 0, "nPos": 0, "nScale": 0, "nFloat": 0, "nPPtr": 0, "bytes": 853018}
{"t": "AnimationClip", "name": "Daba_huoche03_move", "bundle": "gameres_main_file_prefabs_march_a_monster_zombie_sangshiche_02_head_020b1eb7f024367c3890a4a7a1840eb7", "legacy": false, "compressed": false, "sampleRate": 30.0, "nRot": 0, "nPos": 0, "nScale": 0, "nFloat": 0, "nPPtr": 0, "bytes": 277530}
{"t": "AnimationClip", "name": "Daba_huoche03_dead", "bundle": "gameres_main_file_prefabs_march_a_monster_zombie_sangshiche_02_head_020b1eb7f024367c3890a4a7a1840eb7", "legacy": false, "compressed": false, "sampleRate": 30.0, "nRot": 0, "nPos": 0, "nScale": 0, "nFloat": 0, "nPPtr": 0, "bytes": 458537}
{"t": "AnimationClip", "name": "Daba_huoche03_idle", "bundle": "gameres_main_file_prefabs_march_a_monster_zombie_sangshiche_02_head_020b1eb7f024367c3890a4a7a1840eb7", "legacy": false, "compressed": false, "sampleRate": 30.0, "nRot": 0, "nPos": 0, "nScale": 0, "nFloat": 0, "nPPtr": 0, "bytes": 270152}
{"t": "AnimationClip", "name": "Daba_huoche02_idle", "bundle": "gameres_main_file_prefabs_march_a_monster_zombie_sangshiche_03_head_5957d06153784346f983e722fe01bbfd", "legacy": false, "compressed": false, "sampleRate": 30.0, "nRot": 0, "nPos": 0, "nScale": 0, "nFloat": 0, "nPPtr": 0, "bytes": 185015}
{"t": "AnimationClip", "name": "Daba_huoche02_move", "bundle": "gameres_main_file_prefabs_march_a_monster_zombie_sangshiche_03_head_5957d06153784346f983e722fe01bbfd", "legacy": false, "compressed": false, "sampleRate": 30.0, "nRot": 0, "nPos": 0, "nScale": 0, "nFloat": 0, "nPPtr": 0, "bytes": 186130}
{"t": "AnimationClip", "name": "Daba_huoche02_dead", "bundle": "gameres_main_file_prefabs_march_a_monster_zombie_sangshiche_03_head_5957d06153784346f983e722fe01bbfd", "legacy": false, "compressed": false, "sampleRate": 30.0, "nRot": 0, "nPos": 0, "nScale": 0, "nFloat": 0, "nPPtr": 0, "bytes": 433038}
{"t": "AnimationClip", "name": "Boss_bangqiushou_chujve_hit", "bundle": "gameres_main_file_prefabs_monsters_monsteractboss_fe80efe09371fc1a078ec9a9b8d7442d", "legacy": false, "compressed": false, "sampleRate": 30.0, "nRot": 0, "nPos": 0, "nScale": 0, "nFloat": 0, "nPPtr": 0, "bytes": 495180}
{"t": "AnimationClip", "name": "Boss_bangqiushou_xuruo", "bundle": "gameres_main_file_prefabs_monsters_monsteractboss_fe80efe09371fc1a078ec9a9b8d7442d", "legacy": false, "compressed": false, "sampleRate": 30.0, "nRot": 0, "nPos": 0, "nScale": 0, "nFloat": 0, "nPPtr": 0, "bytes": 97233}
{"t": "AnimationClip", "name": "Boss_bangqiushou_chujve", "bundle": "gameres_main_file_prefabs_monsters_monsteractboss_fe80efe09371fc1a078ec9a9b8d7442d", "legacy": false, "compressed": false, "sampleRate": 30.0, "nRot": 0, "nPos": 0, "nScale": 0, "nFloat": 0, "nPPtr": 0, "bytes": 860948}
{"t": "AnimationClip", "name": "Zombie01_Dabache_guanka_death", "bundle": "gameres_main_file_prefabs_monsters_worldmonster_boss_zombierush_zombiebus_alter_0c08e988c18a8334a5a3c6efd02a3e02", "legacy": false, "compressed": false, "sampleRate": 30.0, "nRot": 0, "nPos": 0, "nScale": 0, "nFloat": 0, "nPPtr": 0, "bytes": 148200}
{"t": "AnimationClip", "name": "Zombie01_Dabache_guanka_walk", "bundle": "gameres_main_file_prefabs_monsters_worldmonster_boss_zombierush_zombiebus_alter_0c08e988c18a8334a5a3c6efd02a3e02", "legacy": false, "compressed": false, "sampleRate": 30.0, "nRot": 0, "nPos": 0, "nScale": 0, "nFloat": 0, "nPPtr": 0, "bytes": 80595}
{"t": "AnimationClip", "name": "Zombie01_Dabache_guanka_attack01", "bundle": "gameres_main_file_prefabs_monsters_worldmonster_boss_zombierush_zombiebus_alter_0c08e988c18a8334a5a3c6efd02a3e02", "legacy": false, "compressed": false, "sampleRate": 30.0, "nRot": 0, "nPos": 0, "nScale": 0, "nFloat": 0, "nPPtr": 0, "bytes": 101007}
{"t": "AnimationClip", "name": "Ani_Idle", "bundle": "gameres_main_file_prefabs_ui_activitycenter_herolevelandstarreplace_uiactherolevelandstarreplace_b80b8872fe3b4160fe3d63757938e8c9", "legacy": false, "compressed": false, "sampleRate": 60.0, "nRot": 0, "nPos": 0, "nScale": 0, "nFloat": 0, "nPPtr": 0, "bytes": 7620}
{"t": "AnimationClip", "name": "Ani_Down_L", "bundle": "gameres_main_file_prefabs_ui_activitycenter_herolevelandstarreplace_uiactherolevelandstarreplace_b80b8872fe3b4160fe3d63757938e8c9", "legacy": false, "compressed": false, "sampleRate": 60.0, "nRot": 0, "nPos": 0, "nScale": 0, "nFloat": 0, "nPPtr": 0, "bytes": 8483}
{"t": "AnimationClip", "name": "Ani_Convert", "bundle": "gameres_main_file_prefabs_ui_activitycenter_herolevelandstarreplace_uiactherolevelandstarreplace_b80b8872fe3b4160fe3d63757938e8c9", "legacy": false, "compressed": false, "sampleRate": 60.0, "nRot": 0, "nPos": 0, "nScale": 0, "nFloat": 0, "nPPtr": 0, "bytes": 11721}
{"t": "AnimationClip", "name": "Ani_Down_R", "bundle": "gameres_main_file_prefabs_ui_activitycenter_herolevelandstarreplace_uiactherolevelandstarreplace_b80b8872fe3b4160fe3d63757938e8c9", "legacy": false, "compressed": false, "sampleRate": 60.0, "nRot": 0, "nPos": 0, "nScale": 0, "nFloat": 0, "nPPtr": 0, "bytes": 8483}
{"t": "AnimationClip", "name": "UIFrontBreakOutSundayNewRecord_moveout", "bundle": "gameres_main_file_prefabs_ui_activitycenter_frontbreakoutsunday_uifrontbreakoutsundaynewrecord_bff57bfdafcbc0db19d76f21215b8e29", "legacy": false, "compressed": false, "sampleRate": 60.0, "nRot": 0, "nPos": 0, "nScale": 0, "nFloat": 0, "nPPtr": 0, "bytes": 6646}
{"t": "AnimatorController", "name": "UIFrontBreakOutSundayNewRecord", "bundle": "gameres_main_file_prefabs_ui_activitycenter_frontbreakoutsunday_uifrontbreakoutsundaynewrecord_bff57bfdafcbc0db19d76f21215b8e29", "legacy": null, "compressed": false, "sampleRate": null, "nRot": 0, "nPos": 0, "nScale": 0, "nFloat": 0, "nPPtr": 0, "bytes": 5433}
{"t": "AnimationClip", "name": "UIFrontBreakOutSundayNewRecord_idle", "bundle": "gameres_main_file_prefabs_ui_activitycenter_frontbreakoutsunday_uifrontbreakoutsundaynewrecord_bff57bfdafcbc0db19d76f21215b8e29", "legacy": false, "compressed": false, "sampleRate": 60.0, "nRot": 0, "nPos": 0, "nScale": 0, "nFloat": 0, "nPPtr": 0, "bytes": 13133}
{"t": "AnimationClip", "name": "UIFrontBreakOutSundayNewRecord_movein", "bundle": "gameres_main_file_prefabs_ui_activitycenter_frontbreakoutsunday_uifrontbreakoutsundaynewrecord_bff57bfdafcbc0db19d76f21215b8e29", "legacy": false, "compressed": false, "sampleRate": 60.0, "nRot": 0, "nPos": 0, "nScale": 0, "nFloat": 0, "nPPtr": 0, "bytes": 27140}
{"t": "AnimatorController", "name": "FrontBreakOutSundayPatFace", "bundle": "gameres_main_file_prefabs_ui_activitycenter_frontbreakoutsunday_frontbreakoutsundaypatface_dfb132a4f28de3a420ec48934e1c6bae", "legacy": null, "compressed": false, "sampleRate": null, "nRot": 0, "nPos": 0, "nScale": 0, "nFloat": 0, "nPPtr": 0, "bytes": 5380}
{"t": "AnimationClip", "name": "FrontBreakOutSundayPatFace_idle", "bundle": "gameres_main_file_prefabs_ui_activitycenter_frontbreakoutsunday_frontbreakoutsundaypatface_dfb132a4f28de3a420ec48934e1c6bae", "legacy": false, "compressed": false, "sampleRate": 60.0, "nRot": 0, "nPos": 0, "nScale": 0, "nFloat": 0, "nPPtr": 0, "bytes": 72388}
{"t": "AnimationClip", "name": "FrontBreakOutSundayPatFace_movein", "bundle": "gameres_main_file_prefabs_ui_activitycenter_frontbreakoutsunday_frontbreakoutsundaypatface_dfb132a4f28de3a420ec48934e1c6bae", "legacy": false, "compressed": false, "sampleRate": 60.0, "nRot": 0, "nPos": 0, "nScale": 0, "nFloat": 0, "nPPtr": 0, "bytes": 83455}
{"t": "AnimationClip", "name": "FrontBreakOutSundayPatFace_moveout", "bundle": "gameres_main_file_prefabs_ui_activitycenter_frontbreakoutsunday_frontbreakoutsundaypatface_dfb132a4f28de3a420ec48934e1c6bae", "legacy": false, "compressed": false, "sampleRate": 60.0, "nRot": 0, "nPos": 0, "nScale": 0, "nFloat": 0, "nPPtr": 0, "bytes": 6627}
{"t": "AnimatorController", "name": "UIPersonalArmsDailyTip", "bundle": "gameres_main_file_prefabs_ui_activitycenter_personalarms_uipersonalarmsdailytip_ff17961811071e4b4a0f664cdc7805fe", "legacy": null, "compressed": false, "sampleRate": null, "nRot": 0, "nPos": 0, "nScale": 0, "nFloat": 0, "nPPtr": 0, "bytes": 3688}
{"t": "AnimationClip", "name": "V_ui_UIPersonalArmsDailyTip_in", "bundle": "gameres_main_file_prefabs_ui_activitycenter_personalarms_uipersonalarmsdailytip_ff17961811071e4b4a0f664cdc7805fe", "legacy": false, "compressed": false, "sampleRate": 60.0, "nRot": 0, "nPos": 0, "nScale": 0, "nFloat": 0, "nPPtr": 0, "bytes": 11391}
{"t": "AnimationClip", "name": "V_ui_UIPersonalArmsDailyTip_out", "bundle": "gameres_main_file_prefabs_ui_activitycenter_personalarms_uipersonalarmsdailytip_ff17961811071e4b4a0f664cdc7805fe", "legacy": false, "compressed": false, "sampleRate": 60.0, "nRot": 0, "nPos": 0, "nScale": 0, "nFloat": 0, "nPPtr": 0, "bytes": 11363}
{"t": "AnimationClip", "name": "UIRevivalPlanPanelDay7", "bundle": "gameres_main_file_prefabs_ui_activitycenter_revivalplan_uirevivalplanpanel_05146dcc24934107aca14b3dc73f67d0", "legacy": false, "compressed": false, "sampleRate": 60.0, "nRot": 0, "nPos": 0, "nScale": 0, "nFloat": 0, "nPPtr": 0, "bytes": 23571}
{"t": "AnimationClip", "name": "UIRevivalPlanPanelMainKey02_1", "bundle": "gameres_main_file_prefabs_ui_activitycenter_revivalplan_uirevivalplanpanel_05146dcc24934107aca14b3dc73f67d0", "legacy": false, "compressed": false, "sampleRate": 60.0, "nRot": 0, "nPos": 0, "nScale": 0, "nFloat": 0, "nPPtr": 0, "bytes": 10020}
{"t": "AnimationClip", "name": "UIRevivalPlanPanelMainChange4", "bundle": "gameres_main_file_prefabs_ui_activitycenter_revivalplan_uirevivalplanpanel_05146dcc24934107aca14b3dc73f67d0", "legacy": false, "compressed": false, "sampleRate": 60.0, "nRot": 0, "nPos": 0, "nScale": 0, "nFloat": 0, "nPPtr": 0, "bytes": 15705}
{"t": "AnimationClip", "name": "UIRevivalPlanPanelMainChange2", "bundle": "gameres_main_file_prefabs_ui_activitycenter_revivalplan_uirevivalplanpanel_05146dcc24934107aca14b3dc73f67d0", "legacy": false, "compressed": false, "sampleRate": 60.0, "nRot": 0, "nPos": 0, "nScale": 0, "nFloat": 0, "nPPtr": 0, "bytes": 15377}
{"t": "AnimationClip", "name": "UIRevivalPlanPanelMainChange7", "bundle": "gameres_main_file_prefabs_ui_activitycenter_revivalplan_uirevivalplanpanel_05146dcc24934107aca14b3dc73f67d0", "legacy": false, "compressed": false, "sampleRate": 60.0, "nRot": 0, "nPos": 0, "nScale": 0, "nFloat": 0, "nPPtr": 0, "bytes": 15706}
{"t": "AnimationClip", "name": "UIRevivalPlanPanelDay4", "bundle": "gameres_main_file_prefabs_ui_activitycenter_revivalplan_uirevivalplanpanel_05146dcc24934107aca14b3dc73f67d0", "legacy": false, "compressed": false, "sampleRate": 60.0, "nRot": 0, "nPos": 0, "nScale": 0, "nFloat": 0, "nPPtr": 0, "bytes": 23675}
{"t": "AnimationClip", "name": "UIRevivalPlanPanelMainKey05_1", "bundle": "gameres_main_file_prefabs_ui_activitycenter_revivalplan_uirevivalplanpanel_05146dcc24934107aca14b3dc73f67d0", "legacy": false, "compressed": false, "sampleRate": 60.0, "nRot": 0, "nPos": 0, "nScale": 0, "nFloat": 0, "nPPtr": 0, "bytes": 11263}
{"t": "AnimationClip", "name": "UIRevivalPlanPanelDay3", "bundle": "gameres_main_file_prefabs_ui_activitycenter_revivalplan_uirevivalplanpanel_05146dcc24934107aca14b3dc73f67d0", "legacy": false, "compressed": false, "sampleRate": 60.0, "nRot": 0, "nPos": 0, "nScale": 0, "nFloat": 0, "nPPtr": 0, "bytes": 23577}
{"t": "AnimationClip", "name": "UIRevivalPlanPanelMainFirstIn", "bundle": "gameres_main_file_prefabs_ui_activitycenter_revivalplan_uirevivalplanpanel_05146dcc24934107aca14b3dc73f67d0", "legacy": false, "compressed": false, "sampleRate": 60.0, "nRot": 0, "nPos": 0, "nScale": 0, "nFloat": 0, "nPPtr": 0, "bytes": 31744}
{"t": "AnimationClip", "name": "UIRevivalPlanPanelboxRootShake", "bundle": "gameres_main_file_prefabs_ui_activitycenter_revivalplan_uirevivalplanpanel_05146dcc24934107aca14b3dc73f67d0", "legacy": false, "compressed": false, "sampleRate": 60.0, "nRot": 0, "nPos": 0, "nScale": 0, "nFloat": 0, "nPPtr": 0, "bytes": 9332}
{"t": "AnimationClip", "name": "UIRevivalPlanPanelMainChangeOut", "bundle": "gameres_main_file_prefabs_ui_activitycenter_revivalplan_uirevivalplanpanel_05146dcc24934107aca14b3dc73f67d0", "legacy": false, "compressed": false, "sampleRate": 60.0, "nRot": 0, "nPos": 0, "nScale": 0, "nFloat": 0, "nPPtr": 0, "bytes": 15661}
{"t": "AnimationClip", "name": "UIRevivalPlanPanelMainKey01_1", "bundle": "gameres_main_file_prefabs_ui_activitycenter_revivalplan_uirevivalplanpanel_05146dcc24934107aca14b3dc73f67d0", "legacy": false, "compressed": false, "sampleRate": 60.0, "nRot": 0, "nPos": 0, "nScale": 0, "nFloat": 0, "nPPtr": 0, "bytes": 11446}
{"t": "AnimationClip", "name": "UIRevivalPlanPanelMainChange3", "bundle": "gameres_main_file_prefabs_ui_activitycenter_revivalplan_uirevivalplanpanel_05146dcc24934107aca14b3dc73f67d0", "legacy": false, "compressed": false, "sampleRate": 60.0, "nRot": 0, "nPos": 0, "nScale": 0, "nFloat": 0, "nPPtr": 0, "bytes": 15753}
{"t": "AnimationClip", "name": "UIRevivalPlanPanelDay2", "bundle": "gameres_main_file_prefabs_ui_activitycenter_revivalplan_uirevivalplanpanel_05146dcc24934107aca14b3dc73f67d0", "legacy": false, "compressed": false, "sampleRate": 60.0, "nRot": 0, "nPos": 0, "nScale": 0, "nFloat": 0, "nPPtr": 0, "bytes": 25193}
{"t": "AnimatorController", "name": "UIRevivalPlanPanel", "bundle": "gameres_main_file_prefabs_ui_activitycenter_revivalplan_uirevivalplanpanel_05146dcc24934107aca14b3dc73f67d0", "legacy": null, "compressed": false, "sampleRate": null, "nRot": 0, "nPos": 0, "nScale": 0, "nFloat": 0, "nPPtr": 0, "bytes": 13712}
{"t": "AnimationClip", "name": "UIRevivalPlanPanelDay6", "bundle": "gameres_main_file_prefabs_ui_activitycenter_revivalplan_uirevivalplanpanel_05146dcc24934107aca14b3dc73f67d0", "legacy": false, "compressed": false, "sampleRate": 60.0, "nRot": 0, "nPos": 0, "nScale": 0, "nFloat": 0, "nPPtr": 0, "bytes": 23580}
{"t": "AnimationClip", "name": "UIRevivalPlanPanelMainKey03_1", "bundle": "gameres_main_file_prefabs_ui_activitycenter_revivalplan_uirevivalplanpanel_05146dcc24934107aca14b3dc73f67d0", "legacy": false, "compressed": false, "sampleRate": 60.0, "nRot": 0, "nPos": 0, "nScale": 0, "nFloat": 0, "nPPtr": 0, "bytes": 11520}
{"t": "AnimationClip", "name": "UIRevivalPlanPanelMainLoop", "bundle": "gameres_main_file_prefabs_ui_activitycenter_revivalplan_uirevivalplanpanel_05146dcc24934107aca14b3dc73f67d0", "legacy": false, "compressed": false, "sampleRate": 60.0, "nRot": 0, "nPos": 0, "nScale": 0, "nFloat": 0, "nPPtr": 0, "bytes": 29616}
{"t": "AnimationClip", "name": "UIRevivalPlanPanelMainChange5", "bundle": "gameres_main_file_prefabs_ui_activitycenter_revivalplan_uirevivalplanpanel_05146dcc24934107aca14b3dc73f67d0", "legacy": false, "compressed": false, "sampleRate": 60.0, "nRot": 0, "nPos": 0, "nScale": 0, "nFloat": 0, "nPPtr": 0, "bytes": 15737}
{"t": "AnimationClip", "name": "UIRevivalPlanPanelDay5", "bundle": "gameres_main_file_prefabs_ui_activitycenter_revivalplan_uirevivalplanpanel_05146dcc24934107aca14b3dc73f67d0", "legacy": false, "compressed": false, "sampleRate": 60.0, "nRot": 0, "nPos": 0, "nScale": 0, "nFloat": 0, "nPPtr": 0, "bytes": 23574}
{"t": "AnimationClip", "name": "UIRevivalPlanPanelDay1", "bundle": "gameres_main_file_prefabs_ui_activitycenter_revivalplan_uirevivalplanpanel_05146dcc24934107aca14b3dc73f67d0", "legacy": false, "compressed": false, "sampleRate": 60.0, "nRot": 0, "nPos": 0, "nScale": 0, "nFloat": 0, "nPPtr": 0, "bytes": 25281}
{"t": "AnimationClip", "name": "UIRevivalPlanPanelMainChange6", "bundle": "gameres_main_file_prefabs_ui_activitycenter_revivalplan_uirevivalplanpanel_05146dcc24934107aca14b3dc73f67d0", "legacy": false, "compressed": false, "sampleRate": 60.0, "nRot": 0, "nPos": 0, "nScale": 0, "nFloat": 0, "nPPtr": 0, "bytes": 15738}
{"t": "AnimationClip", "name": "UIRevivalPlanPanelMainKey04_1", "bundle": "gameres_main_file_prefabs_ui_activitycenter_revivalplan_uirevivalplanpanel_05146dcc24934107aca14b3dc73f67d0", "legacy": false, "compressed": false, "sampleRate": 60.0, "nRot": 0, "nPos": 0, "nScale": 0, "nFloat": 0, "nPPtr": 0, "bytes": 11241}
{"t": "AnimationClip", "name": "UIRevivalPlanPanelMainChange1", "bundle": "gameres_main_file_prefabs_ui_activitycenter_revivalplan_uirevivalplanpanel_05146dcc24934107aca14b3dc73f67d0", "legacy": false, "compressed": false, "sampleRate": 60.0, "nRot": 0, "nPos": 0, "nScale": 0, "nFloat": 0, "nPPtr": 0, "bytes": 15033}
{"t": "AnimationClip", "name": "Eff_ui_wenjuanbaoxiang01", "bundle": "gameres_main_file_prefabs_ui_activitycenter_uilwquestionnaire_lwuiquestionnaire_eac0b3b275f670e290e42d2340681f67", "legacy": false, "compressed": false, "sampleRate": 60.0, "nRot": 0, "nPos": 0, "nScale": 0, "nFloat": 0, "nPPtr": 0, "bytes": 7009}
{"t": "AnimatorController", "name": "NoOpenRewardState", "bundle": "gameres_main_file_prefabs_ui_activitycenter_uilwquestionnaire_lwuiquestionnaire_eac0b3b275f670e290e42d2340681f67", "legacy": null, "compressed": false, "sampleRate": null, "nRot": 0, "nPos": 0, "nScale": 0, "nFloat": 0, "nPPtr": 0, "bytes": 3016}
{"t": "AnimatorController", "name": "UIRevivalPlaneBoxRewardPanel", "bundle": "gameres_main_file_prefabs_ui_activitycenter_revivalplan_uirevivalplaneboxrewardpanel_69d4157487367b7441c8c8a57195fe9c", "legacy": null, "compressed": false, "sampleRate": null, "nRot": 0, "nPos": 0, "nScale": 0, "nFloat": 0, "nPPtr": 0, "bytes": 2568}
{"t": "AnimationClip", "name": "UIRevivalPlanPanelBoxRewardOpen", "bundle": "gameres_main_file_prefabs_ui_activitycenter_revivalplan_uirevivalplaneboxrewardpanel_69d4157487367b7441c8c8a57195fe9c", "legacy": false, "compressed": false, "sampleRate": 60.0, "nRot": 0, "nPos": 0, "nScale": 0, "nFloat": 0, "nPPtr": 0, "bytes": 13443}
{"t": "AnimatorController", "name": "LWAllianceCongratulationPop", "bundle": "gameres_main_file_prefabs_ui_alliancecongratulation_lwalliancecongratulationpop_40bbeff7133dea76e40db7a2dcc1180a", "legacy": null, "compressed": false, "sampleRate": null, "nRot": 0, "nPos": 0, "nScale": 0, "nFloat": 0, "nPPtr": 0, "bytes": 7195}
{"t": "AnimationClip", "name": "V_ui_LWAllianceCongratulationPop_switch_last", "bundle": "gameres_main_file_prefabs_ui_alliancecongratulation_lwalliancecongratulationpop_40bbeff7133dea76e40db7a2dcc1180a", "legacy": false, "compressed": false, "sampleRate": 60.0, "nRot": 0, "nPos": 0, "nScale": 0, "nFloat": 0, "nPPtr": 0, "bytes": 20888}
{"t": "AnimationClip", "name": "V_ui_LWAllianceCongratulationPop_HighFive", "bundle": "gameres_main_file_prefabs_ui_alliancecongratulation_lwalliancecongratulationpop_40bbeff7133dea76e40db7a2dcc1180a", "legacy": false, "compressed": false, "sampleRate": 60.0, "nRot": 0, "nPos": 0, "nScale": 0, "nFloat": 0, "nPPtr": 0, "bytes": 20249}
{"t": "AnimationClip", "name": "V_ui_LWAllianceCongratulationPop_normal_out", "bundle": "gameres_main_file_prefabs_ui_alliancecongratulation_lwalliancecongratulationpop_40bbeff7133dea76e40db7a2dcc1180a", "legacy": false, "compressed": false, "sampleRate": 60.0, "nRot": 0, "nPos": 0, "nScale": 0, "nFloat": 0, "nPPtr": 0, "bytes": 16387}
{"t": "AnimationClip", "name": "V_ui_LWAllianceCongratulationPop_switch", "bundle": "gameres_main_file_prefabs_ui_alliancecongratulation_lwalliancecongratulationpop_40bbeff7133dea76e40db7a2dcc1180a", "legacy": false, "compressed": false, "sampleRate": 60.0, "nRot": 0, "nPos": 0, "nScale": 0, "nFloat": 0, "nPPtr": 0, "bytes": 20971}
{"t": "AnimationClip", "name": "V_ui_LWAllianceCongratulationPop_switch_last_out", "bundle": "gameres_main_file_prefabs_ui_alliancecongratulation_lwalliancecongratulationpop_40bbeff7133dea76e40db7a2dcc1180a", "legacy": false, "compressed": false, "sampleRate": 60.0, "nRot": 0, "nPos": 0, "nScale": 0, "nFloat": 0, "nPPtr": 0, "bytes": 17597}
{"t": "AnimationClip", "name": "V_ui_LWAllianceCongratulationPop_in", "bundle": "gameres_main_file_prefabs_ui_alliancecongratulation_lwalliancecongratulationpop_40bbeff7133dea76e40db7a2dcc1180a", "legacy": false, "compressed": false, "sampleRate": 60.0, "nRot": 0, "nPos": 0, "nScale": 0, "nFloat": 0, "nPPtr": 0, "bytes": 17751}
{"t": "AnimationClip", "name": "AllianceMilitaryRewardUpgrade_movein", "bundle": "gameres_main_file_prefabs_ui_alliancemilitarypay_alliancemilitaryrewardupgrade_f87c901af830ab971355e8bd48cc0678", "legacy": false, "compressed": false, "sampleRate": 60.0, "nRot": 0, "nPos": 0, "nScale": 0, "nFloat": 0, "nPPtr": 0, "bytes": 14670}
{"t": "AnimatorController", "name": "AllianceMilitaryRewardUpgrade", "bundle": "gameres_main_file_prefabs_ui_alliancemilitarypay_alliancemilitaryrewardupgrade_f87c901af830ab971355e8bd48cc0678", "legacy": null, "compressed": false, "sampleRate": null, "nRot": 0, "nPos": 0, "nScale": 0, "nFloat": 0, "nPPtr": 0, "bytes": 3723}
{"t": "AnimationClip", "name": "AllianceMilitaryRewardUpgrade_moveout", "bundle": "gameres_main_file_prefabs_ui_alliancemilitarypay_alliancemilitaryrewardupgrade_f87c901af830ab971355e8bd48cc0678", "legacy": false, "compressed": false, "sampleRate": 60.0, "nRot": 0, "nPos": 0, "nScale": 0, "nFloat": 0, "nPPtr": 0, "bytes": 6696}
{"t": "AnimationClip", "name": "V_ui_btnPersonalReward_box_close_idle", "bundle": "gameres_main_file_prefabs_ui_alliancemilitarypay_lwalliancemilitarypaymain_d12ba2a1945a1d78ebb871fc8e025c86", "legacy": false, "compressed": false, "sampleRate": 60.0, "nRot": 0, "nPos": 0, "nScale": 0, "nFloat": 0, "nPPtr": 0, "bytes": 7456}
{"t": "AnimationClip", "name": "V_ui_LWAllianceMilitaryPayMain_box_close_idle", "bundle": "gameres_main_file_prefabs_ui_alliancemilitarypay_lwalliancemilitarypaymain_d12ba2a1945a1d78ebb871fc8e025c86", "legacy": false, "compressed": false, "sampleRate": 60.0, "nRot": 0, "nPos": 0, "nScale": 0, "nFloat": 0, "nPPtr": 0, "bytes": 7214}
{"t": "AnimationClip", "name": "V_ui_btnPersonalReward_box_open_idle", "bundle": "gameres_main_file_prefabs_ui_alliancemilitarypay_lwalliancemilitarypaymain_d12ba2a1945a1d78ebb871fc8e025c86", "legacy": false, "compressed": false, "sampleRate": 60.0, "nRot": 0, "nPos": 0, "nScale": 0, "nFloat": 0, "nPPtr": 0, "bytes": 7455}
{"t": "AnimationClip", "name": "V_ui_btnPersonalReward_box_full", "bundle": "gameres_main_file_prefabs_ui_alliancemilitarypay_lwalliancemilitarypaymain_d12ba2a1945a1d78ebb871fc8e025c86", "legacy": false, "compressed": false, "sampleRate": 60.0, "nRot": 0, "nPos": 0, "nScale": 0, "nFloat": 0, "nPPtr": 0, "bytes": 11094}
{"t": "AnimatorController", "name": "boxBig", "bundle": "gameres_main_file_prefabs_ui_alliancemilitarypay_lwalliancemilitarypaymain_d12ba2a1945a1d78ebb871fc8e025c86", "legacy": null, "compressed": false, "sampleRate": null, "nRot": 0, "nPos": 0, "nScale": 0, "nFloat": 0, "nPPtr": 0, "bytes": 5353}
{"t": "AnimationClip", "name": "V_ui_LWAllianceMilitaryPayMain_box_open", "bundle": "gameres_main_file_prefabs_ui_alliancemilitarypay_lwalliancemilitarypaymain_d12ba2a1945a1d78ebb871fc8e025c86", "legacy": false, "compressed": false, "sampleRate": 60.0, "nRot": 0, "nPos": 0, "nScale": 0, "nFloat": 0, "nPPtr": 0, "bytes": 14721}
{"t": "AnimationClip", "name": "V_ui_LWAllianceMilitaryPayMain_box_open_idle", "bundle": "gameres_main_file_prefabs_ui_alliancemilitarypay_lwalliancemilitarypaymain_d12ba2a1945a1d78ebb871fc8e025c86", "legacy": false, "compressed": false, "sampleRate": 60.0, "nRot": 0, "nPos": 0, "nScale": 0, "nFloat": 0, "nPPtr": 0, "bytes": 7213}
{"t": "AnimationClip", "name": "V_ui_btnPersonalReward_box_open", "bundle": "gameres_main_file_prefabs_ui_alliancemilitarypay_lwalliancemilitarypaymain_d12ba2a1945a1d78ebb871fc8e025c86", "legacy": false, "compressed": false, "sampleRate": 60.0, "nRot": 0, "nPos": 0, "nScale": 0, "nFloat": 0, "nPPtr": 0, "bytes": 8166}
{"t": "AnimatorController", "name": "btnPersonalReward", "bundle": "gameres_main_file_prefabs_ui_alliancemilitarypay_lwalliancemilitarypaymain_d12ba2a1945a1d78ebb871fc8e025c86", "legacy": null, "compressed": false, "sampleRate": null, "nRot": 0, "nPos": 0, "nScale": 0, "nFloat": 0, "nPPtr": 0, "bytes": 5973}
{"t": "AnimationClip", "name": "TrainFieldTimeTipAnim_1", "bundle": "gameres_main_file_prefabs_ui_build_buildtimetiptrainfield_996274a4d297152904a5fbed97f53f72", "legacy": false, "compressed": false, "sampleRate": 60.0, "nRot": 0, "nPos": 0, "nScale": 0, "nFloat": 0, "nPPtr": 0, "bytes": 6630}
{"t": "AnimationClip", "name": "TrainFieldTimeTipAnim_2", "bundle": "gameres_main_file_prefabs_ui_build_buildtimetiptrainfield_996274a4d297152904a5fbed97f53f72", "legacy": false, "compressed": false, "sampleRate": 60.0, "nRot": 0, "nPos": 0, "nScale": 0, "nFloat": 0, "nPPtr": 0, "bytes": 6750}
{"t": "AnimationClip", "name": "TrainFieldTimeTipAnim_12", "bundle": "gameres_main_file_prefabs_ui_build_buildtimetiptrainfield_996274a4d297152904a5fbed97f53f72", "legacy": false, "compressed": false, "sampleRate": 60.0, "nRot": 0, "nPos": 0, "nScale": 0, "nFloat": 0, "nPPtr": 0, "bytes": 7222}
{"t": "AnimationClip", "name": "SceneBuildTimeTipCircle_anim", "bundle": "gameres_main_file_prefabs_ui_build_scenebuildtimetipcircle_4bc1c24c20298faf8f93c1e54f096fe7", "legacy": false, "compressed": false, "sampleRate": 60.0, "nRot": 0, "nPos": 0, "nScale": 0, "nFloat": 0, "nPPtr": 0, "bytes": 15444}
{"t": "AnimationClip", "name": "SceneBuildTimeTipCircle_idle", "bundle": "gameres_main_file_prefabs_ui_build_scenebuildtimetipcircle_4bc1c24c20298faf8f93c1e54f096fe7", "legacy": false, "compressed": false, "sampleRate": 60.0, "nRot": 0, "nPos": 0, "nScale": 0, "nFloat": 0, "nPPtr": 0, "bytes": 9124}
{"t": "AnimationClip", "name": "SceneBuildTimeTipCircle_defaultshow", "bundle": "gameres_main_file_prefabs_ui_build_scenebuildtimetipcircle_4bc1c24c20298faf8f93c1e54f096fe7", "legacy": false, "compressed": false, "sampleRate": 60.0, "nRot": 0, "nPos": 0, "nScale": 0, "nFloat": 0, "nPPtr": 0, "bytes": 12198}
{"t": "AnimationClip", "name": "SceneBuildTimeTipCircle_default", "bundle": "gameres_main_file_prefabs_ui_build_scenebuildtimetipcircle_4bc1c24c20298faf8f93c1e54f096fe7", "legacy": false, "compressed": false, "sampleRate": 60.0, "nRot": 0, "nPos": 0, "nScale": 0, "nFloat": 0, "nPPtr": 0, "bytes": 9248}
{"t": "AnimationClip", "name": "Eff_ui_manhua_fanye_tixing", "bundle": "gameres_main_file_prefabs_ui_comics_uicomicsmain_89fcf3ff18573b70c2eb9b57e30fc024", "legacy": false, "compressed": false, "sampleRate": 60.0, "nRot": 0, "nPos": 0, "nScale": 0, "nFloat": 0, "nPPtr": 0, "bytes": 6675}
{"t": "AnimatorController", "name": "Eff_ui_manhua_fanye_tixing", "bundle": "gameres_main_file_prefabs_ui_comics_uicomicsmain_89fcf3ff18573b70c2eb9b57e30fc024", "legacy": null, "compressed": false, "sampleRate": null, "nRot": 0, "nPos": 0, "nScale": 0, "nFloat": 0, "nPPtr": 0, "bytes": 3036}
{"t": "AnimationClip", "name": "ToEnable", "bundle": "gameres_main_file_prefabs_ui_common_new_toggle_toenable_27074abd8970a5fc5de9d68b6e1ff413", "legacy": false, "compressed": false, "sampleRate": 60.0, "nRot": 0, "nPos": 0, "nScale": 0, "nFloat": 0, "nPPtr": 0, "bytes": 9747}
{"t": "AnimatorController", "name": "CommonToggleAnimation", "bundle": "gameres_main_file_prefabs_ui_common_new_toggle_commontoggleanimation_17ee061ede0921188c3002cff9b3e29f", "legacy": null, "compressed": false, "sampleRate": null, "nRot": 0, "nPos": 0, "nScale": 0, "nFloat": 0, "nPPtr": 0, "bytes": 6662}
{"t": "AnimationClip", "name": "IsDisable", "bundle": "gameres_main_file_prefabs_ui_common_new_toggle_isdisable_fc88d1fd17848d6e17a101ceafc297db", "legacy": false, "compressed": false, "sampleRate": 60.0, "nRot": 0, "nPos": 0, "nScale": 0, "nFloat": 0, "nPPtr": 0, "bytes": 6078}
{"t": "AnimationClip", "name": "IsEnable", "bundle": "gameres_main_file_prefabs_ui_common_new_toggle_isenable_d56e2f65fa761ac586a7f27eae7964be", "legacy": false, "compressed": false, "sampleRate": 60.0, "nRot": 0, "nPos": 0, "nScale": 0, "nFloat": 0, "nPPtr": 0, "bytes": 6077}
{"t": "AnimationClip", "name": "ToDisable", "bundle": "gameres_main_file_prefabs_ui_common_new_toggle_todisable_e13c5c4c4963df229547099572b07260", "legacy": false, "compressed": false, "sampleRate": 60.0, "nRot": 0, "nPos": 0, "nScale": 0, "nFloat": 0, "nPPtr": 0, "bytes": 7935}
{"t": "AnimatorController", "name": "CommonToggle3Animation", "bundle": "gameres_main_file_prefabs_ui_common_new_toggle_commontoggle3animation_e3d9b50e51ca8efb82979fb41cbbc5af", "legacy": null, "compressed": false, "sampleRate": null, "nRot": 0, "nPos": 0, "nScale": 0, "nFloat": 0, "nPPtr": 0, "bytes": 6059}
{"t": "AnimatorController", "name": "UICommonSpecRemindCtrl", "bundle": "gameres_main_file_prefabs_ui_common_uicommonspecremind_5b5d3a74963638a490aea3c12ee35a7d", "legacy": null, "compressed": false, "sampleRate": null, "nRot": 0, "nPos": 0, "nScale": 0, "nFloat": 0, "nPPtr": 0, "bytes": 4156}
{"t": "AnimationClip", "name": "UICommonSpecRemind_moveout", "bundle": "gameres_main_file_prefabs_ui_common_uicommonspecremind_5b5d3a74963638a490aea3c12ee35a7d", "legacy": false, "compressed": false, "sampleRate": 60.0, "nRot": 0, "nPos": 0, "nScale": 0, "nFloat": 0, "nPPtr": 0, "bytes": 6793}
{"t": "AnimationClip", "name": "UICommonSpecRemind_movein", "bundle": "gameres_main_file_prefabs_ui_common_uicommonspecremind_5b5d3a74963638a490aea3c12ee35a7d", "legacy": false, "compressed": false, "sampleRate": 60.0, "nRot": 0, "nPos": 0, "nScale": 0, "nFloat": 0, "nPPtr": 0, "bytes": 12182}
{"t": "AnimationClip", "name": "UIPowerChangeTip_moveout", "bundle": "gameres_main_file_prefabs_ui_common_uipowerchangetip_8ed3453f38fa4cac848d307c19fdddf8", "legacy": false, "compressed": false, "sampleRate": 60.0, "nRot": 0, "nPos": 0, "nScale": 0, "nFloat": 0, "nPPtr": 0, "bytes": 8437}
{"t": "AnimatorController", "name": "UIPowerChangeTip", "bundle": "gameres_main_file_prefabs_ui_common_uipowerchangetip_8ed3453f38fa4cac848d307c19fdddf8", "legacy": null, "compressed": false, "sampleRate": null, "nRot": 0, "nPos": 0, "nScale": 0, "nFloat": 0, "nPPtr": 0, "bytes": 3659}
{"t": "AnimationClip", "name": "UIPowerChangeTip_movein", "bundle": "gameres_main_file_prefabs_ui_common_uipowerchangetip_8ed3453f38fa4cac848d307c19fdddf8", "legacy": false, "compressed": false, "sampleRate": 60.0, "nRot": 0, "nPos": 0, "nScale": 0, "nFloat": 0, "nPPtr": 0, "bytes": 11717}
{"t": "AnimationClip", "name": "V_ui_UIFunctionOnAnim", "bundle": "gameres_main_file_prefabs_ui_functiononanim_uifunctiononanim_f6a4c5fd64bc50ae4d9a3c0fb8a22251", "legacy": true, "compressed": false, "sampleRate": 60.0, "nRot": 0, "nPos": 0, "nScale": 1, "nFloat": 2, "nPPtr": 0, "bytes": 8445}
{"t": "AnimationClip", "name": "UIBornAnimation", "bundle": "gameres_main_file_prefabs_ui_giftpackage_uibornanimation_92768121502586679ebd94bbc6034897", "legacy": true, "compressed": false, "sampleRate": 60.0, "nRot": 0, "nPos": 0, "nScale": 2, "nFloat": 0, "nPPtr": 0, "bytes": 8151}
{"t": "AnimatorController", "name": "StarItem", "bundle": "gameres_main_file_prefabs_ui_lwcityattacks0_effect_animation_staritem_12b12483317d4409808b99effaa00231", "legacy": null, "compressed": false, "sampleRate": null, "nRot": 0, "nPos": 0, "nScale": 0, "nFloat": 0, "nPPtr": 0, "bytes": 2558}
{"t": "AnimatorController", "name": "UIAttackCityS0Success", "bundle": "gameres_main_file_prefabs_ui_lwcityattacks0_effect_animation_uiattackcitys0success_57bddfb1e1b5e557e765d49e5f226dee", "legacy": null, "compressed": false, "sampleRate": null, "nRot": 0, "nPos": 0, "nScale": 0, "nFloat": 0, "nPPtr": 0, "bytes": 2552}
{"t": "AnimatorController", "name": "UICommonResItem", "bundle": "gameres_main_file_prefabs_ui_lwcityattacks0_effect_animation_uicommonresitem_3bf29908bc145349137e21f502f4b780", "legacy": null, "compressed": false, "sampleRate": null, "nRot": 0, "nPos": 0, "nScale": 0, "nFloat": 0, "nPPtr": 0, "bytes": 2562}
{"t": "AnimationClip", "name": "V_ui_AttackCityS0_Success_in", "bundle": "gameres_main_file_prefabs_ui_lwcityattacks0_effect_animation_v_ui_attackcitys0_success_in_ea59265f16e51bb575e741fa35f24dc6", "legacy": false, "compressed": false, "sampleRate": 60.0, "nRot": 0, "nPos": 0, "nScale": 0, "nFloat": 0, "nPPtr": 0, "bytes": 11028}
{"t": "AnimationClip", "name": "LWAllyDrillLevelTipOpen", "bundle": "gameres_main_file_prefabs_ui_lwallydrillleveltip_lwallydrillleveltip_838f6f8b4551dc7f592c9e3d0bb779b4", "legacy": false, "compressed": false, "sampleRate": 60.0, "nRot": 0, "nPos": 0, "nScale": 0, "nFloat": 0, "nPPtr": 0, "bytes": 16786}
{"t": "AnimationClip", "name": "LWAllyDrillLevelTipLoop", "bundle": "gameres_main_file_prefabs_ui_lwallydrillleveltip_lwallydrillleveltip_838f6f8b4551dc7f592c9e3d0bb779b4", "legacy": false, "compressed": false, "sampleRate": 60.0, "nRot": 0, "nPos": 0, "nScale": 0, "nFloat": 0, "nPPtr": 0, "bytes": 15335}
{"t": "AnimatorController", "name": "LWAllyDrillLevelTip", "bundle": "gameres_main_file_prefabs_ui_lwallydrillleveltip_lwallydrillleveltip_838f6f8b4551dc7f592c9e3d0bb779b4", "legacy": null, "compressed": false, "sampleRate": null, "nRot": 0, "nPos": 0, "nScale": 0, "nFloat": 0, "nPPtr": 0, "bytes": 6961}
{"t": "AnimationClip", "name": "LWAllyDrillLevelTipLetterOpen", "bundle": "gameres_main_file_prefabs_ui_lwallydrillleveltip_lwallydrillleveltip_838f6f8b4551dc7f592c9e3d0bb779b4", "legacy": false, "compressed": false, "sampleRate": 60.0, "nRot": 0, "nPos": 0, "nScale": 0, "nFloat": 0, "nPPtr": 0, "bytes": 21939}
{"t": "AnimationClip", "name": "LWAllyDrillLevelTipLetterLoop", "bundle": "gameres_main_file_prefabs_ui_lwallydrillleveltip_lwallydrillleveltip_838f6f8b4551dc7f592c9e3d0bb779b4", "legacy": false, "compressed": false, "sampleRate": 60.0, "nRot": 0, "nPos": 0, "nScale": 0, "nFloat": 0, "nPPtr": 0, "bytes": 15432}
{"t": "AnimationClip", "name": "V_ui_AttackCityS0_Success_ResItem_in", "bundle": "gameres_main_file_prefabs_ui_lwcityattacks0_effect_animation_v_ui_attackcitys0_success_resitem_in_e8c525ba0267112e1c009daba2a219ea", "legacy": false, "compressed": false, "sampleRate": 60.0, "nRot": 0, "nPos": 0, "nScale": 0, "nFloat": 0, "nPPtr": 0, "bytes": 6584}
{"t": "AnimationClip", "name": "V_ui_AttackCityS0_Success_StarItem_in", "bundle": "gameres_main_file_prefabs_ui_lwcityattacks0_effect_animation_v_ui_attackcitys0_success_staritem_in_2f9a9717b84ef429204408262670c56d", "legacy": false, "compressed": false, "sampleRate": 60.0, "nRot": 0, "nPos": 0, "nScale": 0, "nFloat": 0, "nPPtr": 0, "bytes": 8178}
{"t": "AnimationClip", "name": "V_ui_AttackCityS0RadarEventPop_in", "bundle": "gameres_main_file_prefabs_ui_lwcityattacks0_effect_animation_v_ui_attackcitys0radareventpop_in_98cef395ca6d24fa491cb6d2821fbf69", "legacy": false, "compressed": false, "sampleRate": 60.0, "nRot": 0, "nPos": 0, "nScale": 0, "nFloat": 0, "nPPtr": 0, "bytes": 13026}
{"t": "AnimationClip", "name": "DailyPackage_pic_Blue", "bundle": "gameres_main_file_prefabs_ui_lwgift_dailypackage_dailypackage_6165aed4d8cdc4914e37950e7985a250", "legacy": false, "compressed": false, "sampleRate": 60.0, "nRot": 0, "nPos": 0, "nScale": 0, "nFloat": 0, "nPPtr": 0, "bytes": 13498}
{"t": "AnimationClip", "name": "Eff_ui_libao_huizong", "bundle": "gameres_main_file_prefabs_ui_lwgift_dailypackage_dailypackage_6165aed4d8cdc4914e37950e7985a250", "legacy": false, "compressed": false, "sampleRate": 60.0, "nRot": 0, "nPos": 0, "nScale": 0, "nFloat": 0, "nPPtr": 0, "bytes": 7535}
{"t": "AnimatorController", "name": "DailyPackage_Backgound_Small", "bundle": "gameres_main_file_prefabs_ui_lwgift_dailypackage_dailypackage_6165aed4d8cdc4914e37950e7985a250", "legacy": null, "compressed": false, "sampleRate": null, "nRot": 0, "nPos": 0, "nScale": 0, "nFloat": 0, "nPPtr": 0, "bytes": 7694}
{"t": "AnimationClip", "name": "Eff_ui_libao_chuxian_arabic", "bundle": "gameres_main_file_prefabs_ui_lwgift_dailypackage_dailypackage_6165aed4d8cdc4914e37950e7985a250", "legacy": false, "compressed": false, "sampleRate": 60.0, "nRot": 0, "nPos": 0, "nScale": 0, "nFloat": 0, "nPPtr": 0, "bytes": 18859}
{"t": "AnimationClip", "name": "DailyPackage_pic_Blue_loop", "bundle": "gameres_main_file_prefabs_ui_lwgift_dailypackage_dailypackage_6165aed4d8cdc4914e37950e7985a250", "legacy": false, "compressed": false, "sampleRate": 60.0, "nRot": 0, "nPos": 0, "nScale": 0, "nFloat": 0, "nPPtr": 0, "bytes": 10370}
{"t": "AnimatorController", "name": "Eff_ui_libao_huizong", "bundle": "gameres_main_file_prefabs_ui_lwgift_dailypackage_dailypackage_6165aed4d8cdc4914e37950e7985a250", "legacy": null, "compressed": false, "sampleRate": null, "nRot": 0, "nPos": 0, "nScale": 0, "nFloat": 0, "nPPtr": 0, "bytes": 5248}
{"t": "AnimationClip", "name": "Eff_DailyPackage_Backgound_Small", "bundle": "gameres_main_file_prefabs_ui_lwgift_dailypackage_dailypackage_6165aed4d8cdc4914e37950e7985a250", "legacy": false, "compressed": false, "sampleRate": 60.0, "nRot": 0, "nPos": 0, "nScale": 0, "nFloat": 0, "nPPtr": 0, "bytes": 16543}
{"t": "AnimationClip", "name": "Eff_DailyPackage_Backgound_Smallloop", "bundle": "gameres_main_file_prefabs_ui_lwgift_dailypackage_dailypackage_6165aed4d8cdc4914e37950e7985a250", "legacy": false, "compressed": false, "sampleRate": 60.0, "nRot": 0, "nPos": 0, "nScale": 0, "nFloat": 0, "nPPtr": 0, "bytes": 11992}
{"t": "AnimationClip", "name": "Eff_ui_libao_chuxian", "bundle": "gameres_main_file_prefabs_ui_lwgift_dailypackage_dailypackage_6165aed4d8cdc4914e37950e7985a250", "legacy": false, "compressed": false, "sampleRate": 60.0, "nRot": 0, "nPos": 0, "nScale": 0, "nFloat": 0, "nPPtr": 0, "bytes": 18854}
{"t": "AnimationClip", "name": "Ani_UIDailyPackageSelectWindow_Blue", "bundle": "gameres_main_file_prefabs_ui_lwgift_dailypackage_uidailypackageselectwindowv2_8531ad678300c1e90f3f172c0bdadc2f", "legacy": false, "compressed": false, "sampleRate": 60.0, "nRot": 0, "nPos": 0, "nScale": 0, "nFloat": 0, "nPPtr": 0, "bytes": 9308}
{"t": "AnimationClip", "name": "Ani_UIDailyPackageSelectWindow_Blue02", "bundle": "gameres_main_file_prefabs_ui_lwgift_dailypackage_uidailypackageselectwindowv2_8531ad678300c1e90f3f172c0bdadc2f", "legacy": false, "compressed": false, "sampleRate": 60.0, "nRot": 0, "nPos": 0, "nScale": 0, "nFloat": 0, "nPPtr": 0, "bytes": 8548}
{"t": "AnimationClip", "name": "Ani_UIDailyPackageSelectWindow_Yellow", "bundle": "gameres_main_file_prefabs_ui_lwgift_dailypackage_uidailypackageselectwindowv2_8531ad678300c1e90f3f172c0bdadc2f", "legacy": false, "compressed": false, "sampleRate": 60.0, "nRot": 0, "nPos": 0, "nScale": 0, "nFloat": 0, "nPPtr": 0, "bytes": 10898}
{"t": "AnimationClip", "name": "Ani_UIDailyPackageSelectWindow_Yellow02", "bundle": "gameres_main_file_prefabs_ui_lwgift_dailypackage_uidailypackageselectwindowv2_8531ad678300c1e90f3f172c0bdadc2f", "legacy": false, "compressed": false, "sampleRate": 60.0, "nRot": 0, "nPos": 0, "nScale": 0, "nFloat": 0, "nPPtr": 0, "bytes": 8704}
{"t": "AnimatorController", "name": "Ani_UIDailyPackageSelectWindow", "bundle": "gameres_main_file_prefabs_ui_lwgift_dailypackage_uidailypackageselectwindowv2_8531ad678300c1e90f3f172c0bdadc2f", "legacy": null, "compressed": false, "sampleRate": null, "nRot": 0, "nPos": 0, "nScale": 0, "nFloat": 0, "nPPtr": 0, "bytes": 6745}
{"t": "AnimatorController", "name": "WeekCardMain", "bundle": "gameres_main_file_prefabs_ui_lwgift_weekcard_weekcardmain_22884b9ee5caa0784858b88435b16b6b", "legacy": null, "compressed": false, "sampleRate": null, "nRot": 0, "nPos": 0, "nScale": 0, "nFloat": 0, "nPPtr": 0, "bytes": 2530}
{"t": "AnimationClip", "name": "V_ui_WeekCardMain_in", "bundle": "gameres_main_file_prefabs_ui_lwgift_weekcard_weekcardmain_22884b9ee5caa0784858b88435b16b6b", "legacy": false, "compressed": false, "sampleRate": 60.0, "nRot": 0, "nPos": 0, "nScale": 0, "nFloat": 0, "nPPtr": 0, "bytes": 10820}
{"t": "AnimationClip", "name": "UILWMailSeasonRewardViewEnvelopeLoop", "bundle": "gameres_main_file_prefabs_ui_lwmail_uilwmailseasonrewardview_c5280c4037ecfebd1d639ea1777463ed", "legacy": false, "compressed": false, "sampleRate": 60.0, "nRot": 0, "nPos": 0, "nScale": 0, "nFloat": 0, "nPPtr": 0, "bytes": 15776}
{"t": "AnimationClip", "name": "UILWMailSeasonRewardViewEnvelopeIn", "bundle": "gameres_main_file_prefabs_ui_lwmail_uilwmailseasonrewardview_c5280c4037ecfebd1d639ea1777463ed", "legacy": false, "compressed": false, "sampleRate": 60.0, "nRot": 0, "nPos": 0, "nScale": 0, "nFloat": 0, "nPPtr": 0, "bytes": 17183}
{"t": "AnimationClip", "name": "UILWMailSeasonRewardViewLetterLoop", "bundle": "gameres_main_file_prefabs_ui_lwmail_uilwmailseasonrewardview_c5280c4037ecfebd1d639ea1777463ed", "legacy": false, "compressed": false, "sampleRate": 60.0, "nRot": 0, "nPos": 0, "nScale": 0, "nFloat": 0, "nPPtr": 0, "bytes": 15465}
{"t": "AnimationClip", "name": "UILWMailSeasonRewardViewLetterIn", "bundle": "gameres_main_file_prefabs_ui_lwmail_uilwmailseasonrewardview_c5280c4037ecfebd1d639ea1777463ed", "legacy": false, "compressed": false, "sampleRate": 60.0, "nRot": 0, "nPos": 0, "nScale": 0, "nFloat": 0, "nPPtr": 0, "bytes": 19385}
{"t": "AnimatorController", "name": "UILWMailSeasonRewardView", "bundle": "gameres_main_file_prefabs_ui_lwmail_uilwmailseasonrewardview_c5280c4037ecfebd1d639ea1777463ed", "legacy": null, "compressed": false, "sampleRate": null, "nRot": 0, "nPos": 0, "nScale": 0, "nFloat": 0, "nPPtr": 0, "bytes": 7078}
{"t": "AnimatorController", "name": "package1", "bundle": "gameres_main_file_prefabs_ui_lwmainui_lwmainuipopuppackageitem_package1_404676f936bf4187240883f868a4f7ab", "legacy": null, "compressed": false, "sampleRate": null, "nRot": 0, "nPos": 0, "nScale": 0, "nFloat": 0, "nPPtr": 0, "bytes": 4110}
{"t": "AnimationClip", "name": "V_ui_package1_switch", "bundle": "gameres_main_file_prefabs_ui_lwmainui_lwmainuipopuppackageitem_package1_404676f936bf4187240883f868a4f7ab", "legacy": false, "compressed": false, "sampleRate": 60.0, "nRot": 0, "nPos": 0, "nScale": 0, "nFloat": 0, "nPPtr": 0, "bytes": 7337}
{"t": "AnimationClip", "name": "V_ui_package1_idle", "bundle": "gameres_main_file_prefabs_ui_lwmainui_lwmainuipopuppackageitem_package1_404676f936bf4187240883f868a4f7ab", "legacy": false, "compressed": false, "sampleRate": 60.0, "nRot": 0, "nPos": 0, "nScale": 0, "nFloat": 0, "nPPtr": 0, "bytes": 6488}
{"t": "AnimationClip", "name": "V_ui_package2_switch", "bundle": "gameres_main_file_prefabs_ui_lwmainui_lwmainuipopuppackageitem_package2_8710c4ad0bc4c66f8afbf482909af9e3", "legacy": false, "compressed": false, "sampleRate": 60.0, "nRot": 0, "nPos": 0, "nScale": 0, "nFloat": 0, "nPPtr": 0, "bytes": 15041}
{"t": "AnimationClip", "name": "V_ui_package2_idle", "bundle": "gameres_main_file_prefabs_ui_lwmainui_lwmainuipopuppackageitem_package2_8710c4ad0bc4c66f8afbf482909af9e3", "legacy": false, "compressed": false, "sampleRate": 60.0, "nRot": 0, "nPos": 0, "nScale": 0, "nFloat": 0, "nPPtr": 0, "bytes": 12579}
{"t": "AnimatorController", "name": "package2", "bundle": "gameres_main_file_prefabs_ui_lwmainui_lwmainuipopuppackageitem_package2_8710c4ad0bc4c66f8afbf482909af9e3", "legacy": null, "compressed": false, "sampleRate": null, "nRot": 0, "nPos": 0, "nScale": 0, "nFloat": 0, "nPPtr": 0, "bytes": 4117}
{"t": "AnimationClip", "name": "LWUINewBeeMigrateLetterOpen", "bundle": "gameres_main_file_prefabs_ui_lwmainui_lwuinewbeemigrate_a1589f4b44d84bd174a303b965deb663", "legacy": false, "compressed": false, "sampleRate": 60.0, "nRot": 0, "nPos": 0, "nScale": 0, "nFloat": 0, "nPPtr": 0, "bytes": 22382}
{"t": "AnimatorController", "name": "LWUINewBeeMigrate", "bundle": "gameres_main_file_prefabs_ui_lwmainui_lwuinewbeemigrate_a1589f4b44d84bd174a303b965deb663", "legacy": null, "compressed": false, "sampleRate": null, "nRot": 0, "nPos": 0, "nScale": 0, "nFloat": 0, "nPPtr": 0, "bytes": 6922}
{"t": "AnimationClip", "name": "LWUINewBeeMigrateOpen", "bundle": "gameres_main_file_prefabs_ui_lwmainui_lwuinewbeemigrate_a1589f4b44d84bd174a303b965deb663", "legacy": false, "compressed": false, "sampleRate": 60.0, "nRot": 0, "nPos": 0, "nScale": 0, "nFloat": 0, "nPPtr": 0, "bytes": 17294}
{"t": "AnimationClip", "name": "LWUINewBeeMigrateLoop", "bundle": "gameres_main_file_prefabs_ui_lwmainui_lwuinewbeemigrate_a1589f4b44d84bd174a303b965deb663", "legacy": false, "compressed": false, "sampleRate": 60.0, "nRot": 0, "nPos": 0, "nScale": 0, "nFloat": 0, "nPPtr": 0, "bytes": 15756}
{"t": "AnimationClip", "name": "LWUINewBeeMigrateLetterLoop", "bundle": "gameres_main_file_prefabs_ui_lwmainui_lwuinewbeemigrate_a1589f4b44d84bd174a303b965deb663", "legacy": false, "compressed": false, "sampleRate": 60.0, "nRot": 0, "nPos": 0, "nScale": 0, "nFloat": 0, "nPPtr": 0, "bytes": 15889}
{"t": "AnimationClip", "name": "LWUIGiftShowDetailInfo_right1", "bundle": "gameres_main_file_prefabs_ui_lwplayerinfo_giftsystem_lwuigiftshowdetailinfo_89c96689675eddfda42c59fe8bf75ed5", "legacy": false, "compressed": false, "sampleRate": 60.0, "nRot": 0, "nPos": 0, "nScale": 0, "nFloat": 0, "nPPtr": 0, "bytes": 13112}
{"t": "AnimationClip", "name": "LWUIGiftShowDetailInfo_right", "bundle": "gameres_main_file_prefabs_ui_lwplayerinfo_giftsystem_lwuigiftshowdetailinfo_89c96689675eddfda42c59fe8bf75ed5", "legacy": false, "compressed": false, "sampleRate": 60.0, "nRot": 0, "nPos": 0, "nScale": 0, "nFloat": 0, "nPPtr": 0, "bytes": 13105}
{"t": "AnimationClip", "name": "LWUIGiftShowDetailInfo_left1", "bundle": "gameres_main_file_prefabs_ui_lwplayerinfo_giftsystem_lwuigiftshowdetailinfo_89c96689675eddfda42c59fe8bf75ed5", "legacy": false, "compressed": false, "sampleRate": 60.0, "nRot": 0, "nPos": 0, "nScale": 0, "nFloat": 0, "nPPtr": 0, "bytes": 12916}
{"t": "AnimationClip", "name": "LWUIGiftShowDetailInfo_movein", "bundle": "gameres_main_file_prefabs_ui_lwplayerinfo_giftsystem_lwuigiftshowdetailinfo_89c96689675eddfda42c59fe8bf75ed5", "legacy": false, "compressed": false, "sampleRate": 60.0, "nRot": 0, "nPos": 0, "nScale": 0, "nFloat": 0, "nPPtr": 0, "bytes": 16113}
{"t": "AnimationClip", "name": "LWUIGiftShowDetailInfo_left", "bundle": "gameres_main_file_prefabs_ui_lwplayerinfo_giftsystem_lwuigiftshowdetailinfo_89c96689675eddfda42c59fe8bf75ed5", "legacy": false, "compressed": false, "sampleRate": 60.0, "nRot": 0, "nPos": 0, "nScale": 0, "nFloat": 0, "nPPtr": 0, "bytes": 12928}
{"t": "AnimationClip", "name": "V_ui_UILWSaveGirl", "bundle": "gameres_main_file_prefabs_ui_lwsavegirl_uilwsavegirl_226deac0623febb52c8402e40d2741bc", "legacy": false, "compressed": false, "sampleRate": 60.0, "nRot": 0, "nPos": 0, "nScale": 0, "nFloat": 0, "nPPtr": 0, "bytes": 10850}
{"t": "AnimatorController", "name": "pgNode", "bundle": "gameres_main_file_prefabs_ui_lwsavegirl_uilwsavegirl_226deac0623febb52c8402e40d2741bc", "legacy": null, "compressed": false, "sampleRate": null, "nRot": 0, "nPos": 0, "nScale": 0, "nFloat": 0, "nPPtr": 0, "bytes": 2519}
{"t": "AnimationClip", "name": "V_ui_UITitleGetShow_in", "bundle": "gameres_main_file_prefabs_ui_lwtitle_uititlegetshow_93acc69266375c84da225a6929471b2d", "legacy": false, "compressed": false, "sampleRate": 60.0, "nRot": 0, "nPos": 0, "nScale": 0, "nFloat": 0, "nPPtr": 0, "bytes": 22510}
{"t": "AnimationClip", "name": "V_ui_UITitleGetShow_switch", "bundle": "gameres_main_file_prefabs_ui_lwtitle_uititlegetshow_93acc69266375c84da225a6929471b2d", "legacy": false, "compressed": false, "sampleRate": 60.0, "nRot": 0, "nPos": 0, "nScale": 0, "nFloat": 0, "nPPtr": 0, "bytes": 15555}
{"t": "AnimationClip", "name": "LWUIActivityAlarmClock_Open", "bundle": "gameres_main_file_prefabs_ui_lwuiactivityalarmclock_lwuiactivityalarmclockpanel_72e74300d9594f1f519effd6879b631f", "legacy": false, "compressed": false, "sampleRate": 60.0, "nRot": 0, "nPos": 0, "nScale": 0, "nFloat": 0, "nPPtr": 0, "bytes": 8444}
{"t": "AnimatorController", "name": "LWUIActivityAlarmClockInfoItemRender", "bundle": "gameres_main_file_prefabs_ui_lwuiactivityalarmclock_lwuiactivityalarmclockpanel_72e74300d9594f1f519effd6879b631f", "legacy": null, "compressed": false, "sampleRate": null, "nRot": 0, "nPos": 0, "nScale": 0, "nFloat": 0, "nPPtr": 0, "bytes": 3076}
{"t": "AnimationClip", "name": "LWUIActivityAlarmClockInfoItemRender_Open", "bundle": "gameres_main_file_prefabs_ui_lwuiactivityalarmclock_lwuiactivityalarmclockpanel_72e74300d9594f1f519effd6879b631f", "legacy": false, "compressed": false, "sampleRate": 60.0, "nRot": 0, "nPos": 0, "nScale": 0, "nFloat": 0, "nPPtr": 0, "bytes": 6568}
{"t": "AnimationClip", "name": "LWUIActivityAlarmClockDesItemRender_Open", "bundle": "gameres_main_file_prefabs_ui_lwuiactivityalarmclock_lwuiactivityalarmclockpanel_72e74300d9594f1f519effd6879b631f", "legacy": false, "compressed": false, "sampleRate": 60.0, "nRot": 0, "nPos": 0, "nScale": 0, "nFloat": 0, "nPPtr": 0, "bytes": 6579}
{"t": "AnimatorController", "name": "LWUIActivityAlarmClockDesItemRender", "bundle": "gameres_main_file_prefabs_ui_lwuiactivityalarmclock_lwuiactivityalarmclockpanel_72e74300d9594f1f519effd6879b631f", "legacy": null, "compressed": false, "sampleRate": null, "nRot": 0, "nPos": 0, "nScale": 0, "nFloat": 0, "nPPtr": 0, "bytes": 3072}
{"t": "AnimatorController", "name": "LWUIActivityAlarmClockPanel", "bundle": "gameres_main_file_prefabs_ui_lwuiactivityalarmclock_lwuiactivityalarmclockpanel_72e74300d9594f1f519effd6879b631f", "legacy": null, "compressed": false, "sampleRate": null, "nRot": 0, "nPos": 0, "nScale": 0, "nFloat": 0, "nPPtr": 0, "bytes": 4167}
{"t": "AnimationClip", "name": "LWUIActivityAlarmClock_Close", "bundle": "gameres_main_file_prefabs_ui_lwuiactivityalarmclock_lwuiactivityalarmclockpanel_72e74300d9594f1f519effd6879b631f", "legacy": false, "compressed": false, "sampleRate": 60.0, "nRot": 0, "nPos": 0, "nScale": 0, "nFloat": 0, "nPPtr": 0, "bytes": 7960}
{"t": "AnimatorController", "name": "LWUIActivityRewardChangePreview_AccuRecharge_NewItem", "bundle": "gameres_main_file_prefabs_ui_lwuiactivityrewardchangepreview_accurecharge_lwuiactivityrewardchangepreview_accurecharge_newitem_34251ea77ffe649b7f59f28b85d7f23b", "legacy": null, "compressed": false, "sampleRate": null, "nRot": 0, "nPos": 0, "nScale": 0, "nFloat": 0, "nPPtr": 0, "bytes": 3093}
{"t": "AnimationClip", "name": "RewardChangePreview_AccuRecharge_NewItemIn", "bundle": "gameres_main_file_prefabs_ui_lwuiactivityrewardchangepreview_accurecharge_lwuiactivityrewardchangepreview_accurecharge_newitem_34251ea77ffe649b7f59f28b85d7f23b", "legacy": false, "compressed": false, "sampleRate": 60.0, "nRot": 0, "nPos": 0, "nScale": 0, "nFloat": 0, "nPPtr": 0, "bytes": 10621}
{"t": "AnimationClip", "name": "LWUIActivityRewardChangePreview_OptionalWeekCard_SubTitleIn", "bundle": "gameres_main_file_prefabs_ui_lwuiactivityrewardchangepreview_optionalweekcard_lwuiactivityrewardchangepreview_optionalweekcard_subtitle_e57676cce1c6900c2ccebb67561e7dc9", "legacy": true, "compressed": false, "sampleRate": 60.0, "nRot": 0, "nPos": 0, "nScale": 1, "nFloat": 2, "nPPtr": 0, "bytes": 7900}
{"t": "AnimationClip", "name": "RewardChangePreview_OptionalWeekCard_TipsIn", "bundle": "gameres_main_file_prefabs_ui_lwuiactivityrewardchangepreview_optionalweekcard_lwuiactivityrewardchangepreview_optionalweekcard_tips_9e0c9c8492e8a64e129f6264a5e1453e", "legacy": true, "compressed": false, "sampleRate": 60.0, "nRot": 0, "nPos": 0, "nScale": 0, "nFloat": 1, "nPPtr": 0, "bytes": 6182}
{"t": "AnimationClip", "name": "Eff_Anim_UI_UITreasureChest_In", "bundle": "gameres_main_file_prefabs_ui_lwtreasurechest_uitreasurechest_1e589db3f0d9c5ac8152baf6736e0c37", "legacy": false, "compressed": false, "sampleRate": 60.0, "nRot": 0, "nPos": 0, "nScale": 0, "nFloat": 0, "nPPtr": 0, "bytes": 6682}
{"t": "AnimationClip", "name": "LWUIActivityRewardChangePreview_AccuRecharge_TipsIn", "bundle": "gameres_main_file_prefabs_ui_lwuiactivityrewardchangepreview_accurecharge_lwuiactivityrewardchangepreview_accurecharge_tips_aa24e11897b41325abbd7c106debaa52", "legacy": true, "compressed": false, "sampleRate": 60.0, "nRot": 0, "nPos": 0, "nScale": 0, "nFloat": 1, "nPPtr": 0, "bytes": 6350}
{"t": "AnimatorController", "name": "LWUIActivityRewardChangePreview_AccuRecharge_UpdateItem", "bundle": "gameres_main_file_prefabs_ui_lwuiactivityrewardchangepreview_accurecharge_lwuiactivityrewardchangepreview_accurecharge_updateitem_4d98fe0decc95792131920989985b389", "legacy": null, "compressed": false, "sampleRate": null, "nRot": 0, "nPos": 0, "nScale": 0, "nFloat": 0, "nPPtr": 0, "bytes": 6686}
{"t": "AnimationClip", "name": "RewardChangePreview_AccuRecharge_UpdateItemIn", "bundle": "gameres_main_file_prefabs_ui_lwuiactivityrewardchangepreview_accurecharge_lwuiactivityrewardchangepreview_accurecharge_updateitem_4d98fe0decc95792131920989985b389", "legacy": false, "compressed": false, "sampleRate": 60.0, "nRot": 0, "nPos": 0, "nScale": 0, "nFloat": 0, "nPPtr": 0, "bytes": 11360}
{"t": "AnimationClip", "name": "LWUIActivityRewardChangePreview_AccuRecharge_UpdateItemAfan_NumberChange", "bundle": "gameres_main_file_prefabs_ui_lwuiactivityrewardchangepreview_accurecharge_lwuiactivityrewardchangepreview_accurecharge_updateitem_4d98fe0decc95792131920989985b389", "legacy": false, "compressed": false, "sampleRate": 60.0, "nRot": 0, "nPos": 0, "nScale": 0, "nFloat": 0, "nPPtr": 0, "bytes": 12053}
{"t": "AnimationClip", "name": "RewardChangePreview_AccuRecharge_UpdateItemIn_NumberChange", "bundle": "gameres_main_file_prefabs_ui_lwuiactivityrewardchangepreview_accurecharge_lwuiactivityrewardchangepreview_accurecharge_updateitem_4d98fe0decc95792131920989985b389", "legacy": false, "compressed": false, "sampleRate": 60.0, "nRot": 0, "nPos": 0, "nScale": 0, "nFloat": 0, "nPPtr": 0, "bytes": 12037}
{"t": "AnimatorController", "name": "LWUIActivityRewardChangePreview_AccuRechargeUpdate", "bundle": "gameres_main_file_prefabs_ui_lwuiactivityrewardchangepreview_accurecharge_lwuiactivityrewardchangepreview_accurecharge_updatetitle_2993c62d7f42b5290bef9e5aa1fa041a", "legacy": null, "compressed": false, "sampleRate": null, "nRot": 0, "nPos": 0, "nScale": 0, "nFloat": 0, "nPPtr": 0, "bytes": 3088}
{"t": "AnimationClip", "name": "RewardChangePreview_AccuRechargeUpdateIn", "bundle": "gameres_main_file_prefabs_ui_lwuiactivityrewardchangepreview_accurecharge_lwuiactivityrewardchangepreview_accurecharge_updatetitle_2993c62d7f42b5290bef9e5aa1fa041a", "legacy": false, "compressed": false, "sampleRate": 60.0, "nRot": 0, "nPos": 0, "nScale": 0, "nFloat": 0, "nPPtr": 0, "bytes": 9580}
{"t": "AnimationClip", "name": "RewardChangePreview_OptionalWeekCard_UpdateTitleIn", "bundle": "gameres_main_file_prefabs_ui_lwuiactivityrewardchangepreview_optionalweekcard_lwuiactivityrewardchangepreview_optionalweekcard_updatetitle_a83b121359f4c06a116241e41a817a66", "legacy": true, "compressed": false, "sampleRate": 60.0, "nRot": 0, "nPos": 0, "nScale": 2, "nFloat": 8, "nPPtr": 0, "bytes": 11775}
{"t": "AnimationClip", "name": "Eff_ui_peijian_dazaozhong", "bundle": "gameres_main_file_prefabs_ui_lwuiequip_uiequipmainpanel_41ec51cea723a666775a40d47ac85d4e", "legacy": false, "compressed": false, "sampleRate": 60.0, "nRot": 0, "nPos": 0, "nScale": 0, "nFloat": 0, "nPPtr": 0, "bytes": 6557}
{"t": "AnimationClip", "name": "V_ui_TacticalChipPlanTabItem_unlock", "bundle": "gameres_main_file_prefabs_ui_lwuitacticalweapon_chipv2_tacticalchipplantabitem_6f31b17bc9179d1311f2df502d224d10", "legacy": false, "compressed": false, "sampleRate": 60.0, "nRot": 0, "nPos": 0, "nScale": 0, "nFloat": 0, "nPPtr": 0, "bytes": 7785}
{"t": "AnimationClip", "name": "V_ui_TacticalChipPlanTabItem_lock", "bundle": "gameres_main_file_prefabs_ui_lwuitacticalweapon_chipv2_tacticalchipplantabitem_6f31b17bc9179d1311f2df502d224d10", "legacy": false, "compressed": false, "sampleRate": 60.0, "nRot": 0, "nPos": 0, "nScale": 0, "nFloat": 0, "nPPtr": 0, "bytes": 6099}
{"t": "AnimationClip", "name": "V_ui_TacticalChipPlanTabItem_select", "bundle": "gameres_main_file_prefabs_ui_lwuitacticalweapon_chipv2_tacticalchipplantabitem_6f31b17bc9179d1311f2df502d224d10", "legacy": false, "compressed": false, "sampleRate": 60.0, "nRot": 0, "nPos": 0, "nScale": 0, "nFloat": 0, "nPPtr": 0, "bytes": 6901}
{"t": "AnimatorController", "name": "TacticalChipPlanTabItem", "bundle": "gameres_main_file_prefabs_ui_lwuitacticalweapon_chipv2_tacticalchipplantabitem_6f31b17bc9179d1311f2df502d224d10", "legacy": null, "compressed": false, "sampleRate": null, "nRot": 0, "nPos": 0, "nScale": 0, "nFloat": 0, "nPPtr": 0, "bytes": 6779}
{"t": "AnimationClip", "name": "V_ui_StageFeatureHelpResult_idle", "bundle": "gameres_main_file_prefabs_ui_lwuistagefeaturechapter_uistagefeaturehelpresult_20b0a92d6725b295a974baedb2605067", "legacy": false, "compressed": false, "sampleRate": 60.0, "nRot": 0, "nPos": 0, "nScale": 0, "nFloat": 0, "nPPtr": 0, "bytes": 17394}
{"t": "AnimationClip", "name": "UIStageFeatureHelpResult_movein", "bundle": "gameres_main_file_prefabs_ui_lwuistagefeaturechapter_uistagefeaturehelpresult_20b0a92d6725b295a974baedb2605067", "legacy": false, "compressed": false, "sampleRate": 60.0, "nRot": 0, "nPos": 0, "nScale": 0, "nFloat": 0, "nPPtr": 0, "bytes": 60437}
{"t": "AnimationClip", "name": "UIStageFeatureHelpResult_moveout", "bundle": "gameres_main_file_prefabs_ui_lwuistagefeaturechapter_uistagefeaturehelpresult_20b0a92d6725b295a974baedb2605067", "legacy": false, "compressed": false, "sampleRate": 60.0, "nRot": 0, "nPos": 0, "nScale": 0, "nFloat": 0, "nPPtr": 0, "bytes": 18160}
{"t": "AnimatorController", "name": "UIStageFeatureHelpResult", "bundle": "gameres_main_file_prefabs_ui_lwuistagefeaturechapter_uistagefeaturehelpresult_20b0a92d6725b295a974baedb2605067", "legacy": null, "compressed": false, "sampleRate": null, "nRot": 0, "nPos": 0, "nScale": 0, "nFloat": 0, "nPPtr": 0, "bytes": 5367}
{"t": "AnimatorController", "name": "TacticalChipFactoryBagPage", "bundle": "gameres_main_file_prefabs_ui_lwuitacticalweapon_chipfactory_tacticalchipfactorybagpage_666140171a2038a526f440d057c1e468", "legacy": null, "compressed": false, "sampleRate": null, "nRot": 0, "nPos": 0, "nScale": 0, "nFloat": 0, "nPPtr": 0, "bytes": 3722}
{"t": "AnimationClip", "name": "V_ui_TacticalChipFactoryBagPage_in", "bundle": "gameres_main_file_prefabs_ui_lwuitacticalweapon_chipfactory_tacticalchipfactorybagpage_666140171a2038a526f440d057c1e468", "legacy": false, "compressed": false, "sampleRate": 60.0, "nRot": 0, "nPos": 0, "nScale": 0, "nFloat": 0, "nPPtr": 0, "bytes": 8936}
{"t": "AnimatorController", "name": "TacticalChipFactoryCreatePage", "bundle": "gameres_main_file_prefabs_ui_lwuitacticalweapon_chipfactory_tacticalchipfactorycreatepage_1a7ccb4bd9bdf09d19c903d692c1638a", "legacy": null, "compressed": false, "sampleRate": null, "nRot": 0, "nPos": 0, "nScale": 0, "nFloat": 0, "nPPtr": 0, "bytes": 2581}
{"t": "AnimationClip", "name": "V_ui_TacticalChipFactoryCreatePage_in", "bundle": "gameres_main_file_prefabs_ui_lwuitacticalweapon_chipfactory_tacticalchipfactorycreatepage_1a7ccb4bd9bdf09d19c903d692c1638a", "legacy": false, "compressed": false, "sampleRate": 60.0, "nRot": 0, "nPos": 0, "nScale": 0, "nFloat": 0, "nPPtr": 0, "bytes": 11355}
{"t": "AnimationClip", "name": "V_ui_UITacticalWeaponChipPlan_switch", "bundle": "gameres_main_file_prefabs_ui_lwuitacticalweapon_chipv2_uitacticalweaponchipplan_8415e8f98066a5173829482e313e7215", "legacy": false, "compressed": false, "sampleRate": 60.0, "nRot": 0, "nPos": 0, "nScale": 0, "nFloat": 0, "nPPtr": 0, "bytes": 6807}
{"t": "AnimationClip", "name": "V_ui_TacticalChipPlanTabPlan_in", "bundle": "gameres_main_file_prefabs_ui_lwuitacticalweapon_chipv2_uitacticalweaponchipplan_8415e8f98066a5173829482e313e7215", "legacy": false, "compressed": false, "sampleRate": 60.0, "nRot": 0, "nPos": 0, "nScale": 0, "nFloat": 0, "nPPtr": 0, "bytes": 8265}
{"t": "AnimationClip", "name": "V_ui_TacticalChipPlanTabPlan_idle", "bundle": "gameres_main_file_prefabs_ui_lwuitacticalweapon_chipv2_uitacticalweaponchipplan_8415e8f98066a5173829482e313e7215", "legacy": false, "compressed": false, "sampleRate": 60.0, "nRot": 0, "nPos": 0, "nScale": 0, "nFloat": 0, "nPPtr": 0, "bytes": 8282}
{"t": "AnimatorController", "name": "UITacticalWeaponChipPlan", "bundle": "gameres_main_file_prefabs_ui_lwuitacticalweapon_chipv2_uitacticalweaponchipplan_8415e8f98066a5173829482e313e7215", "legacy": null, "compressed": false, "sampleRate": null, "nRot": 0, "nPos": 0, "nScale": 0, "nFloat": 0, "nPPtr": 0, "bytes": 6292}
{"t": "AnimationClip", "name": "V_ui_UITacticalWeaponChipStageUpgrade_in", "bundle": "gameres_main_file_prefabs_ui_lwuitacticalweapon_chipv2_uitacticalweaponchipstageupgrade_4ba8734ea7ff1e6454241187bc31a8f5", "legacy": false, "compressed": false, "sampleRate": 60.0, "nRot": 0, "nPos": 0, "nScale": 0, "nFloat": 0, "nPPtr": 0, "bytes": 18783}
{"t": "AnimatorController", "name": "UITacticalWeaponChipStageUpgrade", "bundle": "gameres_main_file_prefabs_ui_lwuitacticalweapon_chipv2_uitacticalweaponchipstageupgrade_4ba8734ea7ff1e6454241187bc31a8f5", "legacy": null, "compressed": false, "sampleRate": null, "nRot": 0, "nPos": 0, "nScale": 0, "nFloat": 0, "nPPtr": 0, "bytes": 2585}
{"t": "AnimationClip", "name": "V_ui_UITacticalEquipUpgradeResult_in", "bundle": "gameres_main_file_prefabs_ui_lwuitacticalweapon_equipv2_uitacticalequipupgraderesult_5750e51affbdd42e06c238f58e6c9df0", "legacy": false, "compressed": false, "sampleRate": 60.0, "nRot": 0, "nPos": 0, "nScale": 0, "nFloat": 0, "nPPtr": 0, "bytes": 19558}
{"t": "AnimationClip", "name": "V_ui_UITacticalEquipUpgradeResult_loop", "bundle": "gameres_main_file_prefabs_ui_lwuitacticalweapon_equipv2_uitacticalequipupgraderesult_5750e51affbdd42e06c238f58e6c9df0", "legacy": false, "compressed": false, "sampleRate": 60.0, "nRot": 0, "nPos": 0, "nScale": 0, "nFloat": 0, "nPPtr": 0, "bytes": 8023}
{"t": "AnimatorController", "name": "UITacticalEquipUpgradeResult", "bundle": "gameres_main_file_prefabs_ui_lwuitacticalweapon_equipv2_uitacticalequipupgraderesult_5750e51affbdd42e06c238f58e6c9df0", "legacy": null, "compressed": false, "sampleRate": null, "nRot": 0, "nPos": 0, "nScale": 0, "nFloat": 0, "nPPtr": 0, "bytes": 4300}
{"t": "AnimationClip", "name": "LWUITimelineQTE_moveout", "bundle": "gameres_main_file_prefabs_ui_lwuitimelineqte_lwuitimelineqte_e4f79a40a5eae9e683d7f8e0afd15320", "legacy": false, "compressed": false, "sampleRate": 60.0, "nRot": 0, "nPos": 0, "nScale": 0, "nFloat": 0, "nPPtr": 0, "bytes": 9829}
{"t": "AnimationClip", "name": "LWUITimelineQTE_movein", "bundle": "gameres_main_file_prefabs_ui_lwuitimelineqte_lwuitimelineqte_e4f79a40a5eae9e683d7f8e0afd15320", "legacy": false, "compressed": false, "sampleRate": 60.0, "nRot": 0, "nPos": 0, "nScale": 0, "nFloat": 0, "nPPtr": 0, "bytes": 17417}
{"t": "AnimatorController", "name": "LWUITimelineQTE", "bundle": "gameres_main_file_prefabs_ui_lwuitimelineqte_lwuitimelineqte_e4f79a40a5eae9e683d7f8e0afd15320", "legacy": null, "compressed": false, "sampleRate": null, "nRot": 0, "nPos": 0, "nScale": 0, "nFloat": 0, "nPPtr": 0, "bytes": 5746}
{"t": "AnimationClip", "name": "LWUITimelineQTE_idle", "bundle": "gameres_main_file_prefabs_ui_lwuitimelineqte_lwuitimelineqte_e4f79a40a5eae9e683d7f8e0afd15320", "legacy": false, "compressed": false, "sampleRate": 60.0, "nRot": 0, "nPos": 0, "nScale": 0, "nFloat": 0, "nPPtr": 0, "bytes": 10638}
{"t": "AnimationClip", "name": "V_ui_detailitem_in", "bundle": "gameres_main_file_prefabs_ui_lwuitacticalweapon_skillchippage_c63e88768f9ab54c9eaf2775f4294632", "legacy": false, "compressed": false, "sampleRate": 60.0, "nRot": 0, "nPos": 0, "nScale": 0, "nFloat": 0, "nPPtr": 0, "bytes": 14294}
{"t": "AnimationClip", "name": "V_ui_detailitem_out", "bundle": "gameres_main_file_prefabs_ui_lwuitacticalweapon_skillchippage_c63e88768f9ab54c9eaf2775f4294632", "legacy": false, "compressed": false, "sampleRate": 60.0, "nRot": 0, "nPos": 0, "nScale": 0, "nFloat": 0, "nPPtr": 0, "bytes": 13149}
{"t": "AnimationClip", "name": "V_ui_stats_open", "bundle": "gameres_main_file_prefabs_ui_lwuitacticalweapon_skillchippage_c63e88768f9ab54c9eaf2775f4294632", "legacy": false, "compressed": false, "sampleRate": 60.0, "nRot": 0, "nPos": 0, "nScale": 0, "nFloat": 0, "nPPtr": 0, "bytes": 8912}
{"t": "AnimationClip", "name": "V_ui_skillchippage_in", "bundle": "gameres_main_file_prefabs_ui_lwuitacticalweapon_skillchippage_c63e88768f9ab54c9eaf2775f4294632", "legacy": false, "compressed": false, "sampleRate": 60.0, "nRot": 0, "nPos": 0, "nScale": 0, "nFloat": 0, "nPPtr": 0, "bytes": 11300}
{"t": "AnimatorController", "name": "SkillChipPage", "bundle": "gameres_main_file_prefabs_ui_lwuitacticalweapon_skillchippage_c63e88768f9ab54c9eaf2775f4294632", "legacy": null, "compressed": false, "sampleRate": null, "nRot": 0, "nPos": 0, "nScale": 0, "nFloat": 0, "nPPtr": 0, "bytes": 9174}
{"t": "AnimationClip", "name": "V_ui_skillchippage_idle", "bundle": "gameres_main_file_prefabs_ui_lwuitacticalweapon_skillchippage_c63e88768f9ab54c9eaf2775f4294632", "legacy": false, "compressed": false, "sampleRate": 60.0, "nRot": 0, "nPos": 0, "nScale": 0, "nFloat": 0, "nPPtr": 0, "bytes": 8399}
{"t": "AnimationClip", "name": "V_ui_stats_close", "bundle": "gameres_main_file_prefabs_ui_lwuitacticalweapon_skillchippage_c63e88768f9ab54c9eaf2775f4294632", "legacy": false, "compressed": false, "sampleRate": 60.0, "nRot": 0, "nPos": 0, "nScale": 0, "nFloat": 0, "nPPtr": 0, "bytes": 8876}
{"t": "AnimationClip", "name": "V_ui_UITacticalWeaponSkinPage_switch", "bundle": "gameres_main_file_prefabs_ui_lwuitacticalweapon_uitacticalweaponskinpage_30a428905c154f0267814eb861a2c8ca", "legacy": false, "compressed": false, "sampleRate": 60.0, "nRot": 0, "nPos": 0, "nScale": 0, "nFloat": 0, "nPPtr": 0, "bytes": 6782}
{"t": "AnimatorController", "name": "UITacticalWeaponSkinPage", "bundle": "gameres_main_file_prefabs_ui_lwuitacticalweapon_uitacticalweaponskinpage_30a428905c154f0267814eb861a2c8ca", "legacy": null, "compressed": false, "sampleRate": null, "nRot": 0, "nPos": 0, "nScale": 0, "nFloat": 0, "nPPtr": 0, "bytes": 3056}
{"t": "AnimatorController", "name": "Eff_ui_anim_UI_LWUBuildDetails_fangkuang_01", "bundle": "gameres_main_file_prefabs_ui_uibuilddispatching_lwuibuilddetails_441b048a8495748a8e823495f9e000e2", "legacy": null, "compressed": false, "sampleRate": null, "nRot": 0, "nPos": 0, "nScale": 0, "nFloat": 0, "nPPtr": 0, "bytes": 3693}
{"t": "AnimationClip", "name": "Eff_ui_anim_UI_LWUBuildDetails_fangkuang_01", "bundle": "gameres_main_file_prefabs_ui_uibuilddispatching_lwuibuilddetails_441b048a8495748a8e823495f9e000e2", "legacy": false, "compressed": false, "sampleRate": 60.0, "nRot": 0, "nPos": 0, "nScale": 0, "nFloat": 0, "nPPtr": 0, "bytes": 7860}
{"t": "AnimationClip", "name": "Eff_ui_anim_UI_LWUBuildDetails_fangkuang_02", "bundle": "gameres_main_file_prefabs_ui_uibuilddispatching_lwuibuilddetails_441b048a8495748a8e823495f9e000e2", "legacy": false, "compressed": false, "sampleRate": 60.0, "nRot": 0, "nPos": 0, "nScale": 0, "nFloat": 0, "nPPtr": 0, "bytes": 7654}
{"t": "AnimationClip", "name": "V_ui_UIDecoUnlockStar_loop", "bundle": "gameres_main_file_prefabs_ui_uibuildupgrade_uidecounlockstar_863363abb57c885686c7ea46de1ad4fa", "legacy": false, "compressed": false, "sampleRate": 60.0, "nRot": 0, "nPos": 0, "nScale": 0, "nFloat": 0, "nPPtr": 0, "bytes": 7964}
{"t": "AnimatorController", "name": "UIDecoUnlockStar", "bundle": "gameres_main_file_prefabs_ui_uibuildupgrade_uidecounlockstar_863363abb57c885686c7ea46de1ad4fa", "legacy": null, "compressed": false, "sampleRate": null, "nRot": 0, "nPos": 0, "nScale": 0, "nFloat": 0, "nPPtr": 0, "bytes": 4193}
{"t": "AnimationClip", "name": "V_ui_UIDecoUnlockStar_in", "bundle": "gameres_main_file_prefabs_ui_uibuildupgrade_uidecounlockstar_863363abb57c885686c7ea46de1ad4fa", "legacy": false, "compressed": false, "sampleRate": 60.0, "nRot": 0, "nPos": 0, "nScale": 0, "nFloat": 0, "nPPtr": 0, "bytes": 9596}
{"t": "AnimatorController", "name": "StarInfoItem", "bundle": "gameres_main_file_prefabs_ui_uibuildupgrade_starinfoitem_2cd9b5660975542b8808afa1601025b6", "legacy": null, "compressed": false, "sampleRate": null, "nRot": 0, "nPos": 0, "nScale": 0, "nFloat": 0, "nPPtr": 0, "bytes": 3023}
{"t": "AnimationClip", "name": "V_ui_StarInfoItem_upgrade", "bundle": "gameres_main_file_prefabs_ui_uibuildupgrade_starinfoitem_2cd9b5660975542b8808afa1601025b6", "legacy": false, "compressed": false, "sampleRate": 60.0, "nRot": 0, "nPos": 0, "nScale": 0, "nFloat": 0, "nPPtr": 0, "bytes": 6459}
{"t": "AnimationClip", "name": "DecoIconUpgradeAni", "bundle": "gameres_main_file_prefabs_ui_uibuildupgrade_decorationadvanceupgrade_45795d2efdc55687101428716f77c5a5", "legacy": false, "compressed": false, "sampleRate": 60.0, "nRot": 0, "nPos": 0, "nScale": 0, "nFloat": 0, "nPPtr": 0, "bytes": 7648}
{"t": "AnimationClip", "name": "DecoUpgradeLongPressFadeInAni", "bundle": "gameres_main_file_prefabs_ui_uibuildupgrade_decorationadvanceupgrade_45795d2efdc55687101428716f77c5a5", "legacy": false, "compressed": false, "sampleRate": 60.0, "nRot": 0, "nPos": 0, "nScale": 0, "nFloat": 0, "nPPtr": 0, "bytes": 6035}
{"t": "AnimationClip", "name": "V_ui_DecoStarUnlockDesc_in", "bundle": "gameres_main_file_prefabs_ui_uibuildupgrade_decostarunlockdesc_9a555e231ead466b667ac7767f52b12c", "legacy": false, "compressed": false, "sampleRate": 60.0, "nRot": 0, "nPos": 0, "nScale": 0, "nFloat": 0, "nPPtr": 0, "bytes": 6887}
{"t": "AnimationClip", "name": "UICityEventUAVRewardsOut", "bundle": "gameres_main_file_prefabs_ui_uicityevent_uicityeventuavrewards_d25f73233799c591ddb9b688649e351a", "legacy": false, "compressed": false, "sampleRate": 60.0, "nRot": 0, "nPos": 0, "nScale": 0, "nFloat": 0, "nPPtr": 0, "bytes": 7610}
{"t": "AnimationClip", "name": "UICityEventUAVRewardsIn", "bundle": "gameres_main_file_prefabs_ui_uicityevent_uicityeventuavrewards_d25f73233799c591ddb9b688649e351a", "legacy": false, "compressed": false, "sampleRate": 60.0, "nRot": 0, "nPos": 0, "nScale": 0, "nFloat": 0, "nPPtr": 0, "bytes": 7716}
{"t": "AnimatorController", "name": "UICityEventUAVRewards", "bundle": "gameres_main_file_prefabs_ui_uicityevent_uicityeventuavrewards_d25f73233799c591ddb9b688649e351a", "legacy": null, "compressed": false, "sampleRate": null, "nRot": 0, "nPos": 0, "nScale": 0, "nFloat": 0, "nPPtr": 0, "bytes": 3660}
{"t": "AnimatorController", "name": "bannerZombieSeaFirstStage", "bundle": "gameres_main_file_prefabs_ui_uicityevent_lwcityeventwarning_65dd02cafbf812f7b5e3864225494341", "legacy": null, "compressed": false, "sampleRate": null, "nRot": 0, "nPos": 0, "nScale": 0, "nFloat": 0, "nPPtr": 0, "bytes": 4271}
{"t": "AnimationClip", "name": "V_ui_bannerZombieSeaFirstStage_loop", "bundle": "gameres_main_file_prefabs_ui_uicityevent_lwcityeventwarning_65dd02cafbf812f7b5e3864225494341", "legacy": false, "compressed": false, "sampleRate": 60.0, "nRot": 0, "nPos": 0, "nScale": 0, "nFloat": 0, "nPPtr": 0, "bytes": 10678}
{"t": "AnimatorController", "name": "LWCityEventWarning", "bundle": "gameres_main_file_prefabs_ui_uicityevent_lwcityeventwarning_65dd02cafbf812f7b5e3864225494341", "legacy": null, "compressed": false, "sampleRate": null, "nRot": 0, "nPos": 0, "nScale": 0, "nFloat": 0, "nPPtr": 0, "bytes": 2544}
{"t": "AnimationClip", "name": "V_ui_bannerZombieSeaFirstStage_in", "bundle": "gameres_main_file_prefabs_ui_uicityevent_lwcityeventwarning_65dd02cafbf812f7b5e3864225494341", "legacy": false, "compressed": false, "sampleRate": 60.0, "nRot": 0, "nPos": 0, "nScale": 0, "nFloat": 0, "nPPtr": 0, "bytes": 10184}
{"t": "AnimationClip", "name": "V_ui_bannerUAVRepair_in", "bundle": "gameres_main_file_prefabs_ui_uicityevent_lwcityeventwarning_65dd02cafbf812f7b5e3864225494341", "legacy": false, "compressed": false, "sampleRate": 60.0, "nRot": 0, "nPos": 0, "nScale": 0, "nFloat": 0, "nPPtr": 0, "bytes": 10682}
{"t": "AnimatorController", "name": "bannerUAVRepair", "bundle": "gameres_main_file_prefabs_ui_uicityevent_lwcityeventwarning_65dd02cafbf812f7b5e3864225494341", "legacy": null, "compressed": false, "sampleRate": null, "nRot": 0, "nPos": 0, "nScale": 0, "nFloat": 0, "nPPtr": 0, "bytes": 4251}
{"t": "AnimationClip", "name": "V_ui_LWCityEventWarning_in", "bundle": "gameres_main_file_prefabs_ui_uicityevent_lwcityeventwarning_65dd02cafbf812f7b5e3864225494341", "legacy": false, "compressed": false, "sampleRate": 60.0, "nRot": 0, "nPos": 0, "nScale": 0, "nFloat": 0, "nPPtr": 0, "bytes": 8228}
{"t": "AnimationClip", "name": "V_ui_bannerUAVRepair_loop", "bundle": "gameres_main_file_prefabs_ui_uicityevent_lwcityeventwarning_65dd02cafbf812f7b5e3864225494341", "legacy": false, "compressed": false, "sampleRate": 60.0, "nRot": 0, "nPos": 0, "nScale": 0, "nFloat": 0, "nPPtr": 0, "bytes": 9543}
{"t": "AnimatorController", "name": "Arrow", "bundle": "gameres_main_file_prefabs_ui_uicityevent_uicityeventcityfightreward_2e62d1d88300634b3d066a9601e20496", "legacy": null, "compressed": false, "sampleRate": null, "nRot": 0, "nPos": 0, "nScale": 0, "nFloat": 0, "nPPtr": 0, "bytes": 2548}
{"t": "AnimationClip", "name": "UICityEventCityFightRewardOut", "bundle": "gameres_main_file_prefabs_ui_uicityevent_uicityeventcityfightreward_2e62d1d88300634b3d066a9601e20496", "legacy": false, "compressed": false, "sampleRate": 60.0, "nRot": 0, "nPos": 0, "nScale": 0, "nFloat": 0, "nPPtr": 0, "bytes": 17864}
{"t": "AnimatorController", "name": "UICityEventCityFightReward", "bundle": "gameres_main_file_prefabs_ui_uicityevent_uicityeventcityfightreward_2e62d1d88300634b3d066a9601e20496", "legacy": null, "compressed": false, "sampleRate": null, "nRot": 0, "nPos": 0, "nScale": 0, "nFloat": 0, "nPPtr": 0, "bytes": 7092}
{"t": "AnimationClip", "name": "UICityEventCityFightRewardMissionpartLoop", "bundle": "gameres_main_file_prefabs_ui_uicityevent_uicityeventcityfightreward_2e62d1d88300634b3d066a9601e20496", "legacy": false, "compressed": false, "sampleRate": 60.0, "nRot": 0, "nPos": 0, "nScale": 0, "nFloat": 0, "nPPtr": 0, "bytes": 16874}
{"t": "AnimationClip", "name": "UICityEventCityFightRewardLoop", "bundle": "gameres_main_file_prefabs_ui_uicityevent_uicityeventcityfightreward_2e62d1d88300634b3d066a9601e20496", "legacy": false, "compressed": false, "sampleRate": 60.0, "nRot": 0, "nPos": 0, "nScale": 0, "nFloat": 0, "nPPtr": 0, "bytes": 16797}
{"t": "AnimationClip", "name": "UICityEventCityFightRewardChange", "bundle": "gameres_main_file_prefabs_ui_uicityevent_uicityeventcityfightreward_2e62d1d88300634b3d066a9601e20496", "legacy": false, "compressed": false, "sampleRate": 60.0, "nRot": 0, "nPos": 0, "nScale": 0, "nFloat": 0, "nPPtr": 0, "bytes": 26422}
{"t": "AnimationClip", "name": "UICityEventCityFightRewardArrowLoop", "bundle": "gameres_main_file_prefabs_ui_uicityevent_uicityeventcityfightreward_2e62d1d88300634b3d066a9601e20496", "legacy": false, "compressed": false, "sampleRate": 60.0, "nRot": 0, "nPos": 0, "nScale": 0, "nFloat": 0, "nPPtr": 0, "bytes": 6518}
{"t": "AnimationClip", "name": "UICityEventCityFightRewardIn", "bundle": "gameres_main_file_prefabs_ui_uicityevent_uicityeventcityfightreward_2e62d1d88300634b3d066a9601e20496", "legacy": false, "compressed": false, "sampleRate": 60.0, "nRot": 0, "nPos": 0, "nScale": 0, "nFloat": 0, "nPPtr": 0, "bytes": 17573}
{"t": "AnimatorController", "name": "UICityEventKillZombieRewardsControl", "bundle": "gameres_main_file_prefabs_ui_uicityevent_uicityeventkillzombierewards_696bb70b3c672d85e9d182bc3b69d362", "legacy": null, "compressed": false, "sampleRate": null, "nRot": 0, "nPos": 0, "nScale": 0, "nFloat": 0, "nPPtr": 0, "bytes": 3704}
{"t": "AnimationClip", "name": "UICityEventKillZombieRewardsOut", "bundle": "gameres_main_file_prefabs_ui_uicityevent_uicityeventkillzombierewards_696bb70b3c672d85e9d182bc3b69d362", "legacy": false, "compressed": false, "sampleRate": 60.0, "nRot": 0, "nPos": 0, "nScale": 0, "nFloat": 0, "nPPtr": 0, "bytes": 8959}
{"t": "AnimationClip", "name": "UICityEventKillZombieRewardsIn", "bundle": "gameres_main_file_prefabs_ui_uicityevent_uicityeventkillzombierewards_696bb70b3c672d85e9d182bc3b69d362", "legacy": false, "compressed": false, "sampleRate": 60.0, "nRot": 0, "nPos": 0, "nScale": 0, "nFloat": 0, "nPPtr": 0, "bytes": 8991}
{"t": "AnimationClip", "name": "V_ui_UICityEventZombieSeaRewards_in", "bundle": "gameres_main_file_prefabs_ui_uicityevent_uicityeventzombiesearewards_4d7884550d0d620a3f9adccf7a8cc2c8", "legacy": false, "compressed": false, "sampleRate": 60.0, "nRot": 0, "nPos": 0, "nScale": 0, "nFloat": 0, "nPPtr": 0, "bytes": 24958}
{"t": "AnimationClip", "name": "V_ui_UICityEventZombieSeaRewards_loop_1", "bundle": "gameres_main_file_prefabs_ui_uicityevent_uicityeventzombiesearewards_4d7884550d0d620a3f9adccf7a8cc2c8", "legacy": false, "compressed": false, "sampleRate": 60.0, "nRot": 0, "nPos": 0, "nScale": 0, "nFloat": 0, "nPPtr": 0, "bytes": 14427}
{"t": "AnimationClip", "name": "V_ui_UICityEventZombieSeaRewards_in_1", "bundle": "gameres_main_file_prefabs_ui_uicityevent_uicityeventzombiesearewards_4d7884550d0d620a3f9adccf7a8cc2c8", "legacy": false, "compressed": false, "sampleRate": 60.0, "nRot": 0, "nPos": 0, "nScale": 0, "nFloat": 0, "nPPtr": 0, "bytes": 28368}
{"t": "AnimationClip", "name": "V_ui_UICityEventZombieSeaRewards_out", "bundle": "gameres_main_file_prefabs_ui_uicityevent_uicityeventzombiesearewards_4d7884550d0d620a3f9adccf7a8cc2c8", "legacy": false, "compressed": false, "sampleRate": 60.0, "nRot": 0, "nPos": 0, "nScale": 0, "nFloat": 0, "nPPtr": 0, "bytes": 12501}
{"t": "AnimatorController", "name": "UICityEventZombieSeaRewards", "bundle": "gameres_main_file_prefabs_ui_uicityevent_uicityeventzombiesearewards_4d7884550d0d620a3f9adccf7a8cc2c8", "legacy": null, "compressed": false, "sampleRate": null, "nRot": 0, "nPos": 0, "nScale": 0, "nFloat": 0, "nPPtr": 0, "bytes": 7629}
{"t": "AnimationClip", "name": "V_ui_UICityEventZombieSeaRewards_loop", "bundle": "gameres_main_file_prefabs_ui_uicityevent_uicityeventzombiesearewards_4d7884550d0d620a3f9adccf7a8cc2c8", "legacy": false, "compressed": false, "sampleRate": 60.0, "nRot": 0, "nPos": 0, "nScale": 0, "nFloat": 0, "nPPtr": 0, "bytes": 11844}
{"t": "AnimatorController", "name": "UIParkourTutorial", "bundle": "gameres_main_file_prefabs_ui_uicityscene_uiparkourtutorial_68ff4ceaba9de327c3b32cd5086a64f5", "legacy": null, "compressed": false, "sampleRate": null, "nRot": 0, "nPos": 0, "nScale": 0, "nFloat": 0, "nPPtr": 0, "bytes": 2542}
{"t": "AnimationClip", "name": "Eff_ui_UIParkourTutorial", "bundle": "gameres_main_file_prefabs_ui_uicityscene_uiparkourtutorial_68ff4ceaba9de327c3b32cd5086a64f5", "legacy": false, "compressed": false, "sampleRate": 60.0, "nRot": 0, "nPos": 0, "nScale": 0, "nFloat": 0, "nPPtr": 0, "bytes": 6406}
{"t": "AnimatorController", "name": "Eff_ui_shouchong_mianban_chuxian", "bundle": "gameres_main_file_prefabs_ui_uifirstpay_uifirstpay_4dbf5d2c1b03799d4f1b89d6db132006", "legacy": null, "compressed": false, "sampleRate": null, "nRot": 0, "nPos": 0, "nScale": 0, "nFloat": 0, "nPPtr": 0, "bytes": 2540}
{"t": "AnimationClip", "name": "V_ui_FirstPay_in", "bundle": "gameres_main_file_prefabs_ui_uifirstpay_uifirstpay_4dbf5d2c1b03799d4f1b89d6db132006", "legacy": false, "compressed": false, "sampleRate": 60.0, "nRot": 0, "nPos": 0, "nScale": 0, "nFloat": 0, "nPPtr": 0, "bytes": 26307}
{"t": "AnimationClip", "name": "Eff_HandleSlideAreaJindutiaoFireIn", "bundle": "gameres_main_file_prefabs_ui_uigetduelscoretip_uigetduelscoretip_f6e01c9ca14af66c4e3ee32aeb4319f1", "legacy": true, "compressed": false, "sampleRate": 60.0, "nRot": 0, "nPos": 0, "nScale": 1, "nFloat": 6, "nPPtr": 0, "bytes": 10423}
{"t": "AnimationClip", "name": "V_ui_ActivityPopup_in", "bundle": "gameres_main_file_prefabs_ui_uigovernment_activitypopup_35ea9c79af831970fe522843a3aa40ee", "legacy": false, "compressed": false, "sampleRate": 60.0, "nRot": 0, "nPos": 0, "nScale": 0, "nFloat": 0, "nPPtr": 0, "bytes": 8961}
{"t": "AnimatorController", "name": "ActivityPopup", "bundle": "gameres_main_file_prefabs_ui_uigovernment_activitypopup_35ea9c79af831970fe522843a3aa40ee", "legacy": null, "compressed": false, "sampleRate": null, "nRot": 0, "nPos": 0, "nScale": 0, "nFloat": 0, "nPPtr": 0, "bytes": 2531}
{"t": "AnimationClip", "name": "UIHeroExhibitPanel_Arabic", "bundle": "gameres_main_file_prefabs_ui_uihero_lwhero_uiheroexhibitpanel_815c0de4562cadc26fbdadbbc8bc7b2c", "legacy": false, "compressed": false, "sampleRate": 60.0, "nRot": 0, "nPos": 0, "nScale": 0, "nFloat": 0, "nPPtr": 0, "bytes": 13780}
{"t": "AnimatorController", "name": "UIHeroExhibitPanel", "bundle": "gameres_main_file_prefabs_ui_uihero_lwhero_uiheroexhibitpanel_815c0de4562cadc26fbdadbbc8bc7b2c", "legacy": null, "compressed": false, "sampleRate": null, "nRot": 0, "nPos": 0, "nScale": 0, "nFloat": 0, "nPPtr": 0, "bytes": 4164}
{"t": "AnimationClip", "name": "V_ui_UIHeroDetailPanel_Item", "bundle": "gameres_main_file_prefabs_ui_uihero_lwhero_uiherodetailpanel_ea499c634655eb13c70b504097b68306", "legacy": false, "compressed": false, "sampleRate": 60.0, "nRot": 0, "nPos": 0, "nScale": 0, "nFloat": 0, "nPPtr": 0, "bytes": 13673}
{"t": "AnimatorController", "name": "Item_1", "bundle": "gameres_main_file_prefabs_ui_uihero_lwhero_uiherodetailpanel_ea499c634655eb13c70b504097b68306", "legacy": null, "compressed": false, "sampleRate": null, "nRot": 0, "nPos": 0, "nScale": 0, "nFloat": 0, "nPPtr": 0, "bytes": 2538}
{"t": "AnimationClip", "name": "Eff_UI_Anim_EnhanceContent_in", "bundle": "gameres_main_file_prefabs_ui_uihero_lwhero_uniqueweapon_enhancecontent_a1e6380a37407053a645fdcd03c07ee4", "legacy": false, "compressed": false, "sampleRate": 60.0, "nRot": 0, "nPos": 0, "nScale": 0, "nFloat": 0, "nPPtr": 0, "bytes": 5932}
{"t": "AnimatorController", "name": "Recruit100CardBoomCtrl", "bundle": "gameres_main_file_prefabs_ui_uihero_new_heropreview_newadd00_displayscene_recruit100cardopen_a2fc3d5798d8d95a7856fa50b0d07568", "legacy": null, "compressed": false, "sampleRate": null, "nRot": 0, "nPos": 0, "nScale": 0, "nFloat": 0, "nPPtr": 0, "bytes": 11469}
{"t": "AnimatorController", "name": "UILWArmedUpgradeBannerWarning", "bundle": "gameres_main_file_prefabs_ui_uilwarmedupgrade_bannerwarning_uilwarmedupgradebannerwarning_4ff4dfaa423efb072645865c52a18f10", "legacy": null, "compressed": false, "sampleRate": null, "nRot": 0, "nPos": 0, "nScale": 0, "nFloat": 0, "nPPtr": 0, "bytes": 3715}
{"t": "AnimationClip", "name": "UILWArmedUpgradeBannerWarning_movein", "bundle": "gameres_main_file_prefabs_ui_uilwarmedupgrade_bannerwarning_uilwarmedupgradebannerwarning_4ff4dfaa423efb072645865c52a18f10", "legacy": false, "compressed": false, "sampleRate": 60.0, "nRot": 0, "nPos": 0, "nScale": 0, "nFloat": 0, "nPPtr": 0, "bytes": 23865}
{"t": "AnimationClip", "name": "UILWArmedUpgradeBannerWarning_moveout", "bundle": "gameres_main_file_prefabs_ui_uilwarmedupgrade_bannerwarning_uilwarmedupgradebannerwarning_4ff4dfaa423efb072645865c52a18f10", "legacy": false, "compressed": false, "sampleRate": 60.0, "nRot": 0, "nPos": 0, "nScale": 0, "nFloat": 0, "nPPtr": 0, "bytes": 6696}
{"t": "AnimationClip", "name": "HeroRecruitHeroAreaRowItemEightCard", "bundle": "gameres_main_file_prefabs_ui_uihero_new_uihero100recruitreward_d82a8efe6ff3a1752e544ab9201e25b2", "legacy": false, "compressed": false, "sampleRate": 60.0, "nRot": 0, "nPos": 0, "nScale": 0, "nFloat": 0, "nPPtr": 0, "bytes": 26973}
{"t": "AnimationClip", "name": "HeroRecruitHeroAreaRowItemTwoCard", "bundle": "gameres_main_file_prefabs_ui_uihero_new_uihero100recruitreward_d82a8efe6ff3a1752e544ab9201e25b2", "legacy": false, "compressed": false, "sampleRate": 60.0, "nRot": 0, "nPos": 0, "nScale": 0, "nFloat": 0, "nPPtr": 0, "bytes": 11001}
{"t": "AnimationClip", "name": "HeroRecruitHeroAreaRowItemFiveCard", "bundle": "gameres_main_file_prefabs_ui_uihero_new_uihero100recruitreward_d82a8efe6ff3a1752e544ab9201e25b2", "legacy": false, "compressed": false, "sampleRate": 60.0, "nRot": 0, "nPos": 0, "nScale": 0, "nFloat": 0, "nPPtr": 0, "bytes": 18913}
{"t": "AnimationClip", "name": "HeroRecruitHeroAreaRowItemThreeCard", "bundle": "gameres_main_file_prefabs_ui_uihero_new_uihero100recruitreward_d82a8efe6ff3a1752e544ab9201e25b2", "legacy": false, "compressed": false, "sampleRate": 60.0, "nRot": 0, "nPos": 0, "nScale": 0, "nFloat": 0, "nPPtr": 0, "bytes": 13843}
{"t": "AnimationClip", "name": "HeroRecruitHeroAreaRowItemSevenCard", "bundle": "gameres_main_file_prefabs_ui_uihero_new_uihero100recruitreward_d82a8efe6ff3a1752e544ab9201e25b2", "legacy": false, "compressed": false, "sampleRate": 60.0, "nRot": 0, "nPos": 0, "nScale": 0, "nFloat": 0, "nPPtr": 0, "bytes": 24044}
{"t": "AnimationClip", "name": "HeroRecruitHeroAreaRowItemNineCard", "bundle": "gameres_main_file_prefabs_ui_uihero_new_uihero100recruitreward_d82a8efe6ff3a1752e544ab9201e25b2", "legacy": false, "compressed": false, "sampleRate": 60.0, "nRot": 0, "nPos": 0, "nScale": 0, "nFloat": 0, "nPPtr": 0, "bytes": 29242}
{"t": "AnimationClip", "name": "HeroRecruitHeroAreaRowItemOneCard", "bundle": "gameres_main_file_prefabs_ui_uihero_new_uihero100recruitreward_d82a8efe6ff3a1752e544ab9201e25b2", "legacy": false, "compressed": false, "sampleRate": 60.0, "nRot": 0, "nPos": 0, "nScale": 0, "nFloat": 0, "nPPtr": 0, "bytes": 8065}
{"t": "AnimationClip", "name": "HeroRecruitHeroAreaRowItemFourCard", "bundle": "gameres_main_file_prefabs_ui_uihero_new_uihero100recruitreward_d82a8efe6ff3a1752e544ab9201e25b2", "legacy": false, "compressed": false, "sampleRate": 60.0, "nRot": 0, "nPos": 0, "nScale": 0, "nFloat": 0, "nPPtr": 0, "bytes": 16277}
{"t": "AnimationClip", "name": "HeroRecruitHeroAreaRowItemSixCard", "bundle": "gameres_main_file_prefabs_ui_uihero_new_uihero100recruitreward_d82a8efe6ff3a1752e544ab9201e25b2", "legacy": false, "compressed": false, "sampleRate": 60.0, "nRot": 0, "nPos": 0, "nScale": 0, "nFloat": 0, "nPPtr": 0, "bytes": 21443}
{"t": "AnimationClip", "name": "Eff_UIHero100RecruitRewardNew_doudong", "bundle": "gameres_main_file_prefabs_ui_uihero_new_uihero100recruitrewardcell_720d8f3510a0ccd536f6f1c10b0e71a0", "legacy": false, "compressed": false, "sampleRate": 60.0, "nRot": 0, "nPos": 0, "nScale": 0, "nFloat": 0, "nPPtr": 0, "bytes": 11244}
{"t": "AnimationClip", "name": "UIHero100RecruitReward_goldopen", "bundle": "gameres_main_file_prefabs_ui_uihero_new_uihero100recruitrewardcell_720d8f3510a0ccd536f6f1c10b0e71a0", "legacy": false, "compressed": false, "sampleRate": 60.0, "nRot": 0, "nPos": 0, "nScale": 0, "nFloat": 0, "nPPtr": 0, "bytes": 11885}
{"t": "AnimationClip", "name": "Eff_UIHero100RecruitRewardCellNew_fanpai", "bundle": "gameres_main_file_prefabs_ui_uihero_new_uihero100recruitrewardcell_720d8f3510a0ccd536f6f1c10b0e71a0", "legacy": false, "compressed": false, "sampleRate": 60.0, "nRot": 0, "nPos": 0, "nScale": 0, "nFloat": 0, "nPPtr": 0, "bytes": 9702}
{"t": "AnimationClip", "name": "Eff_UIHero100RecruitRewardCellNew_idle", "bundle": "gameres_main_file_prefabs_ui_uihero_new_uihero100recruitrewardcell_720d8f3510a0ccd536f6f1c10b0e71a0", "legacy": false, "compressed": false, "sampleRate": 60.0, "nRot": 0, "nPos": 0, "nScale": 0, "nFloat": 0, "nPPtr": 0, "bytes": 7634}
{"t": "AnimationClip", "name": "Eff_UIHeroRecruit_chouka", "bundle": "gameres_main_file_prefabs_ui_uihero_new_uiherorecruit_309792844526fadc4d82ae26ed6eb4c6", "legacy": false, "compressed": false, "sampleRate": 60.0, "nRot": 0, "nPos": 0, "nScale": 0, "nFloat": 0, "nPPtr": 0, "bytes": 8126}
{"t": "AnimatorController", "name": "Eff_UIHeroRecruit_chouka", "bundle": "gameres_main_file_prefabs_ui_uihero_new_uiherorecruit_309792844526fadc4d82ae26ed6eb4c6", "legacy": null, "compressed": false, "sampleRate": null, "nRot": 0, "nPos": 0, "nScale": 0, "nFloat": 0, "nPPtr": 0, "bytes": 3581}
{"t": "AnimationClip", "name": "Eff_UIHeroRecruit_in", "bundle": "gameres_main_file_prefabs_ui_uihero_new_uiherorecruit_309792844526fadc4d82ae26ed6eb4c6", "legacy": false, "compressed": false, "sampleRate": 60.0, "nRot": 0, "nPos": 0, "nScale": 0, "nFloat": 0, "nPPtr": 0, "bytes": 11450}
{"t": "AnimationClip", "name": "UIHeroRecruit100", "bundle": "gameres_main_file_prefabs_ui_uihero_new_uiherorecruit_309792844526fadc4d82ae26ed6eb4c6", "legacy": false, "compressed": false, "sampleRate": 60.0, "nRot": 0, "nPos": 0, "nScale": 0, "nFloat": 0, "nPPtr": 0, "bytes": 10857}
{"t": "AnimatorController", "name": "UIHeroRecruit", "bundle": "gameres_main_file_prefabs_ui_uihero_new_uiherorecruit_309792844526fadc4d82ae26ed6eb4c6", "legacy": null, "compressed": false, "sampleRate": null, "nRot": 0, "nPos": 0, "nScale": 0, "nFloat": 0, "nPPtr": 0, "bytes": 3628}
{"t": "AnimationClip", "name": "UILWHowToPlay_movein", "bundle": "gameres_main_file_prefabs_ui_uilwhowtoplay_uilwhowtoplay_7d29c7842918474f7c6ba072482b0176", "legacy": false, "compressed": false, "sampleRate": 60.0, "nRot": 0, "nPos": 0, "nScale": 0, "nFloat": 0, "nPPtr": 0, "bytes": 28515}
{"t": "AnimationClip", "name": "V_ui_HowToPlay_switch", "bundle": "gameres_main_file_prefabs_ui_uilwhowtoplay_uilwhowtoplay_7d29c7842918474f7c6ba072482b0176", "legacy": false, "compressed": false, "sampleRate": 60.0, "nRot": 0, "nPos": 0, "nScale": 0, "nFloat": 0, "nPPtr": 0, "bytes": 21045}
{"t": "AnimationClip", "name": "UILWHowToPlay_change", "bundle": "gameres_main_file_prefabs_ui_uilwhowtoplay_uilwhowtoplay_7d29c7842918474f7c6ba072482b0176", "legacy": false, "compressed": false, "sampleRate": 60.0, "nRot": 0, "nPos": 0, "nScale": 0, "nFloat": 0, "nPPtr": 0, "bytes": 18563}
{"t": "AnimatorController", "name": "UILWHowToPlay", "bundle": "gameres_main_file_prefabs_ui_uilwhowtoplay_uilwhowtoplay_7d29c7842918474f7c6ba072482b0176", "legacy": null, "compressed": false, "sampleRate": null, "nRot": 0, "nPos": 0, "nScale": 0, "nFloat": 0, "nPPtr": 0, "bytes": 6989}
{"t": "AnimationClip", "name": "V_ui_HowToPlay_switch_back", "bundle": "gameres_main_file_prefabs_ui_uilwhowtoplay_uilwhowtoplay_7d29c7842918474f7c6ba072482b0176", "legacy": false, "compressed": false, "sampleRate": 60.0, "nRot": 0, "nPos": 0, "nScale": 0, "nFloat": 0, "nPPtr": 0, "bytes": 20831}
{"t": "AnimatorController", "name": "DetectEventItem", "bundle": "gameres_main_file_prefabs_ui_uilwradarcenter_detecteventitem_1bcb10c57891129013a05dde6c36d01f", "legacy": null, "compressed": false, "sampleRate": null, "nRot": 0, "nPos": 0, "nScale": 0, "nFloat": 0, "nPPtr": 0, "bytes": 3022}
{"t": "AnimationClip", "name": "DetectEventItem_moveout", "bundle": "gameres_main_file_prefabs_ui_uilwradarcenter_detecteventitem_1bcb10c57891129013a05dde6c36d01f", "legacy": false, "compressed": false, "sampleRate": 60.0, "nRot": 0, "nPos": 0, "nScale": 0, "nFloat": 0, "nPPtr": 0, "bytes": 7109}
{"t": "AnimationClip", "name": "Eff_ui_shakelink", "bundle": "gameres_main_file_prefabs_ui_uilwvippanel_uilwvipeffecttip_f0f30e329091e934a45be3ff5885ef9e", "legacy": false, "compressed": false, "sampleRate": 60.0, "nRot": 0, "nPos": 0, "nScale": 0, "nFloat": 0, "nPPtr": 0, "bytes": 8273}
{"t": "AnimatorController", "name": "ShakePanel", "bundle": "gameres_main_file_prefabs_ui_uilwvippanel_uilwvipeffecttip_f0f30e329091e934a45be3ff5885ef9e", "legacy": null, "compressed": false, "sampleRate": null, "nRot": 0, "nPos": 0, "nScale": 0, "nFloat": 0, "nPPtr": 0, "bytes": 2520}
{"t": "AnimationClip", "name": "Eff_ui_HeroSpineContainer_chuxian", "bundle": "gameres_main_file_prefabs_ui_uilwradarcenter_uidetectevent_6cf73bd0bf4ef7e9a56ff15cf07ef750", "legacy": false, "compressed": false, "sampleRate": 60.0, "nRot": 0, "nPos": 0, "nScale": 0, "nFloat": 0, "nPPtr": 0, "bytes": 6416}
{"t": "AnimatorController", "name": "Eff_ui_dialoguePos", "bundle": "gameres_main_file_prefabs_ui_uilwradarcenter_uidetectevent_6cf73bd0bf4ef7e9a56ff15cf07ef750", "legacy": null, "compressed": false, "sampleRate": null, "nRot": 0, "nPos": 0, "nScale": 0, "nFloat": 0, "nPPtr": 0, "bytes": 2560}
{"t": "AnimatorController", "name": "Eff_ui_HeroSpineContainer", "bundle": "gameres_main_file_prefabs_ui_uilwradarcenter_uidetectevent_6cf73bd0bf4ef7e9a56ff15cf07ef750", "legacy": null, "compressed": false, "sampleRate": null, "nRot": 0, "nPos": 0, "nScale": 0, "nFloat": 0, "nPPtr": 0, "bytes": 2563}
{"t": "AnimationClip", "name": "Eff_ui_leidaduihua_qipao_chuxian", "bundle": "gameres_main_file_prefabs_ui_uilwradarcenter_uidetectevent_6cf73bd0bf4ef7e9a56ff15cf07ef750", "legacy": false, "compressed": false, "sampleRate": 60.0, "nRot": 0, "nPos": 0, "nScale": 0, "nFloat": 0, "nPPtr": 0, "bytes": 7943}
{"t": "AnimationClip", "name": "V_ui_radar_aim", "bundle": "gameres_main_file_prefabs_ui_uilwradarcenter_uidetectevent_6cf73bd0bf4ef7e9a56ff15cf07ef750", "legacy": false, "compressed": false, "sampleRate": 60.0, "nRot": 0, "nPos": 0, "nScale": 0, "nFloat": 0, "nPPtr": 0, "bytes": 10063}
{"t": "AnimatorController", "name": "V_vip_level_xin", "bundle": "gameres_main_file_prefabs_ui_uilwvippanel_uivipupgradepopup_e2a32a6ace7e095d82b69742565f0656", "legacy": null, "compressed": false, "sampleRate": null, "nRot": 0, "nPos": 0, "nScale": 0, "nFloat": 0, "nPPtr": 0, "bytes": 2533}
{"t": "AnimationClip", "name": "V_vip_level_show_xin", "bundle": "gameres_main_file_prefabs_ui_uilwvippanel_uivipupgradepopup_e2a32a6ace7e095d82b69742565f0656", "legacy": false, "compressed": false, "sampleRate": 60.0, "nRot": 0, "nPos": 0, "nScale": 0, "nFloat": 0, "nPPtr": 0, "bytes": 13243}
{"t": "AnimationClip", "name": "UIFiveStarGet_moveout", "bundle": "gameres_main_file_prefabs_ui_uimain_uifivestarget_66839e246bc76e0be77b326347315774", "legacy": false, "compressed": false, "sampleRate": 60.0, "nRot": 0, "nPos": 0, "nScale": 0, "nFloat": 0, "nPPtr": 0, "bytes": 8980}
{"t": "AnimatorController", "name": "UIFiveStarGet", "bundle": "gameres_main_file_prefabs_ui_uimain_uifivestarget_66839e246bc76e0be77b326347315774", "legacy": null, "compressed": false, "sampleRate": null, "nRot": 0, "nPos": 0, "nScale": 0, "nFloat": 0, "nPPtr": 0, "bytes": 3637}
{"t": "AnimationClip", "name": "UIFiveStarGet_movein", "bundle": "gameres_main_file_prefabs_ui_uimain_uifivestarget_66839e246bc76e0be77b326347315774", "legacy": false, "compressed": false, "sampleRate": 60.0, "nRot": 0, "nPos": 0, "nScale": 0, "nFloat": 0, "nPPtr": 0, "bytes": 16343}
{"t": "AnimatorController", "name": "UIWarningTip", "bundle": "gameres_main_file_prefabs_ui_uiwarningtip_uiwarningtip_bbbdf9ec8b16b487659b356ec0ec5ad2", "legacy": null, "compressed": false, "sampleRate": null, "nRot": 0, "nPos": 0, "nScale": 0, "nFloat": 0, "nPPtr": 0, "bytes": 2518}
{"t": "AnimationClip", "name": "UIWarningTipIn", "bundle": "gameres_main_file_prefabs_ui_uiwarningtip_uiwarningtip_bbbdf9ec8b16b487659b356ec0ec5ad2", "legacy": false, "compressed": false, "sampleRate": 60.0, "nRot": 0, "nPos": 0, "nScale": 0, "nFloat": 0, "nPPtr": 0, "bytes": 16008}
{"t": "AnimationClip", "name": "Eff_ui_jiasu_wenben_chuxian", "bundle": "gameres_main_file_prefabs_ui_zombiebattle_uizombiebattlemain_f68aa9903acc7176bc45f2566a6cd58c", "legacy": false, "compressed": false, "sampleRate": 60.0, "nRot": 0, "nPos": 0, "nScale": 0, "nFloat": 0, "nPPtr": 0, "bytes": 9366}
{"t": "AnimationClip", "name": "Eff_ui_jiasu_jindutiao_chuxian", "bundle": "gameres_main_file_prefabs_ui_zombiebattle_uizombiebattlemain_f68aa9903acc7176bc45f2566a6cd58c", "legacy": false, "compressed": false, "sampleRate": 60.0, "nRot": 0, "nPos": 0, "nScale": 0, "nFloat": 0, "nPPtr": 0, "bytes": 8114}
{"t": "AnimationClip", "name": "Eff_ui_jiasu_jindutiao_xiaoshi", "bundle": "gameres_main_file_prefabs_ui_zombiebattle_uizombiebattlemain_f68aa9903acc7176bc45f2566a6cd58c", "legacy": false, "compressed": false, "sampleRate": 60.0, "nRot": 0, "nPos": 0, "nScale": 0, "nFloat": 0, "nPPtr": 0, "bytes": 6545}
{"t": "AnimationClip", "name": "Eff_ui_jiasu_wenben_xiaoshi", "bundle": "gameres_main_file_prefabs_ui_zombiebattle_uizombiebattlemain_f68aa9903acc7176bc45f2566a6cd58c", "legacy": false, "compressed": false, "sampleRate": 60.0, "nRot": 0, "nPos": 0, "nScale": 0, "nFloat": 0, "nPPtr": 0, "bytes": 8754}
{"t": "AnimationClip", "name": "Eff_ui_jiasu_youtong_chuxian", "bundle": "gameres_main_file_prefabs_ui_zombiebattle_uizombiebattlemain_f68aa9903acc7176bc45f2566a6cd58c", "legacy": false, "compressed": false, "sampleRate": 60.0, "nRot": 0, "nPos": 0, "nScale": 0, "nFloat": 0, "nPPtr": 0, "bytes": 6797}
{"t": "AnimatorController", "name": "Eff_ui_jiasu", "bundle": "gameres_main_file_prefabs_ui_zombiebattle_uizombiebattlemain_f68aa9903acc7176bc45f2566a6cd58c", "legacy": null, "compressed": false, "sampleRate": null, "nRot": 0, "nPos": 0, "nScale": 0, "nFloat": 0, "nPPtr": 0, "bytes": 7530}
