g A_Hero_Monica_body_lod1
v 1.49743391E-05 1.24432755 0.244093999
v -0.043056678 1.31657469 0.244110182
v 0.0430518761 1.31656265 0.244122848
v -0.0243054908 1.43866754 0.236968726
v 0.0243016277 1.43866086 0.236964732
v -0.00912849605 1.53815675 0.121181965
v 0.00912893191 1.53815675 0.121181965
v -0.10110683 2.00684476 -0.114238918
v -0.160060123 2.01814294 -0.0372113213
v -0.156359702 2.04480243 0.057012327
v -0.09870819 2.07221317 0.118885934
v -0.0193692464 2.01116633 -0.146642014
v -0.0281882901 2.08664846 0.131156638
v 0.0627475232 2.09492636 0.107191674
v 0.0559981018 2.03070712 -0.118994676
v 0.108424254 2.0573895 -0.0541407429
v 0.113466792 2.08059025 0.0298685096
v -0.174952045 1.86484492 0.0174369216
v -0.164843276 1.77946174 -0.0187327601
v -0.184947148 1.83614433 -0.0134977447
v -0.118997708 1.75822914 0.0263423938
v -0.137282223 1.80975997 0.0701889098
v -0.102562733 1.71866202 0.0624937229
v -0.142232716 1.89086175 0.0932314694
v -0.101582319 1.75132823 0.140279844
v -0.0758035704 1.71627259 0.145704195
v -0.0590794347 1.68131769 0.114156432
v -0.0460233688 1.68556595 0.148021445
v -0.0193234887 1.66079497 0.148652211
v -2.04678017E-17 1.68716943 0.171647444
v 5.67260157E-18 1.65652001 0.153280735
v 0.0193234887 1.66079497 0.148652211
v -0.0323491506 1.72053194 0.175227582
v -0.0572134964 1.75041318 0.169103518
v 0.0463214517 1.68556571 0.148021385
v 0.0590794347 1.68131769 0.114156432
v 0.0758133084 1.71627045 0.145715475
v 0.102562733 1.71866202 0.0624937229
v 0.0323501043 1.72053194 0.175228685
v 6.26688576E-18 1.71766663 0.184975281
v 4.56402098E-17 1.74738002 0.188751221
v -0.0205613561 1.75310075 0.180027962
v 0.101635799 1.75131691 0.140336677
v 0.0572134964 1.75041318 0.169103518
v 0.0205613561 1.75310075 0.180027962
v 0.137282223 1.80975997 0.0701889098
v 0.118997708 1.75822914 0.0263423938
v 0.156052366 1.86882532 0.0531553552
v 0.177155301 1.85801601 0.000689142093
v 0.164843276 1.77946174 -0.0187327564
v 0.185793504 1.825791 -0.0227396842
v 0.145116404 1.89655328 0.0841057748
v 0.117103003 1.78886592 0.133646071
v 0.0752593577 1.78386807 0.163413957
v 0.127020374 1.82691145 0.126037076
v 0.10157562 1.80841672 0.146526873
v 0.0238051433 1.76305473 0.177770168
v 0.0210246705 1.79005766 0.173348427
v 0.0649494901 1.80258846 0.153398141
v 0.105969444 1.84475815 0.144550398
v 0.125575706 1.86644375 0.141852349
v 0.0706816167 1.88405192 0.179241672
v 0.015358231 1.75581706 0.19304806
v 0.0709852576 1.85191762 0.158653602
v 0.0301097762 1.82957327 0.158710077
v 0.122987963 1.91155839 0.129194409
v 0.129156351 1.93351495 0.106819309
v 0.0718432665 1.97187603 0.149836674
v 0.0704414994 1.92818666 0.170992881
v -8.11013826E-11 1.93112695 0.189706996
v -4.16669427E-05 1.98217118 0.163599253
v -0.0517120212 1.9684217 0.159110859
v -0.0704390705 1.92818296 0.170995578
v -0.0706816167 1.88405204 0.179241672
v -0.10868185 1.92985117 0.136603683
v -0.125575721 1.86644375 0.141852334
v -1.42070505E-11 1.88363445 0.193561286
v -1.97544203E-10 1.86151838 0.190783426
v -0.127020359 1.82691145 0.126037076
v -0.105969444 1.84475815 0.144550398
v -0.117102996 1.78886592 0.133646071
v -0.10157562 1.80841672 0.146526873
v -0.0752115101 1.78380919 0.163382724
v -0.0210248269 1.79005778 0.173348695
v -0.0649494901 1.80258846 0.153398141
v -0.0709852576 1.85191762 0.158653602
v -0.0301097762 1.82957327 0.158710063
v 1.29590788E-17 1.82120848 0.183035508
v 5.27499926E-17 1.79413331 0.187290415
v -0.0238054097 1.76305473 0.177770421
v -0.00849248376 1.76710451 0.207928687
v -0.015358231 1.75581706 0.19304806
v 0.00849248376 1.76710451 0.207928687
v -0.00675605098 1.75651634 0.204516023
v 5.68017581E-17 1.76937652 0.210442081
v 0.00675605098 1.75651634 0.204516023
v 5.68894525E-17 1.75583708 0.205972627
v -0.164843276 1.77946174 -0.0187327601
v -0.118997708 1.75822914 0.0263423938
v -0.127021894 1.72784042 -0.00612394791
v -0.0506481938 1.72210383 -0.00403780397
v -0.129319802 1.66891837 -0.0274845734
v 0.157008886 1.65773606 -0.00750221824
v 1.35790021E-18 1.71458888 -0.0223404858
v -0.187629759 1.58762515 -0.103776492
v 0.0506481938 1.72210383 -0.0040378035
v 0.16247043 1.59081483 -0.0668912604
v 0.190808445 1.69679654 -0.00703052245
v -0.20828788 1.52708554 -0.120086417
v 0.122488551 1.75051749 -0.00273805461
v 0.118997708 1.75822914 0.0263423938
v 0.164843276 1.77946174 -0.0187327564
v 0.235027879 1.7376709 -0.0227231216
v 0.26053074 1.78864777 -0.0340646766
v 0.248756558 1.83158457 -0.0240130089
v 0.185793504 1.825791 -0.0227396842
v 0.177155301 1.85801601 0.000689142093
v 0.208978832 1.90328276 0.0332311057
v 0.156052366 1.86882532 0.0531553552
v 0.145116404 1.89655328 0.0841057748
v 0.150028169 1.94076133 0.101244368
v 0.129156351 1.93351495 0.106819309
v 0.0718432665 1.97187603 0.149836674
v 0.0633119494 1.24249721 -0.17138122
v 0.0817878544 1.23111963 -0.182752416
v 0.0464063808 1.22521472 -0.210703537
v 0.111369826 1.25255823 -0.138662532
v 0.0925141051 1.28787291 -0.110634118
v 0.0930250511 1.28960884 -0.152246699
v 0.169328704 1.29199457 -0.0923332199
v 0.129129991 1.36306155 -0.0804866031
v 0.108785592 1.34497523 -0.159918696
v 0.142544866 1.43181968 -0.0945284441
v 0.221311331 1.37630129 -0.0815377235
v 0.232588187 1.4580617 -0.118581705
v 0.0649466142 1.33213162 -0.163598865
v -0.109434634 1.42367005 -0.124597624
v -0.0195874237 1.32578433 -0.192268401
v -0.0736793056 1.33416772 -0.2029154
v 0.21628353 1.52755094 -0.134854347
v 0.142863333 1.50957298 -0.106954098
v 0.195781901 1.58719635 -0.10725306
v -0.238465205 1.45437193 -0.122873351
v -0.243192986 1.38401461 -0.125515252
v -0.218201175 1.31544948 -0.14071548
v -0.0779066086 1.30813134 -0.157090724
v -0.139512047 1.25022972 -0.200386047
v -0.065194197 1.2404573 -0.266830504
v -0.0499692447 1.29593241 -0.225901976
v -0.0183799546 1.26515174 -0.311327666
v -0.0209205877 1.30400908 -0.292592287
v 0.0288763922 1.33027983 -0.35096091
v 0.0628269687 1.47890258 -0.248834684
v 0.040859174 1.45261657 -0.246703625
v 0.0647327527 1.5310638 -0.237636596
v 0.0889831632 1.43778169 -0.254481226
v 0.0712260455 1.41380429 -0.269513875
v 0.136496127 1.42644954 -0.257459342
v 0.110813119 1.42226982 -0.285625428
v 0.0910115987 1.42217433 -0.299262553
v 0.128401384 1.40945399 -0.295226812
v 0.0280141942 1.38728726 -0.261480361
v 0.101042554 1.37415123 -0.276984096
v 0.163331717 1.40302122 -0.288603902
v 0.143240467 1.38299441 -0.293221325
v 0.0799507424 1.35555661 -0.299381673
v 0.010128364 1.36076236 -0.298536986
v -0.0725389048 1.40164077 -0.275149941
v -0.0736793056 1.33416772 -0.2029154
v -0.0779066086 1.30813134 -0.157090724
v -0.109434634 1.42367005 -0.124597624
v -0.0499692447 1.29593241 -0.225901976
v -0.0530408658 1.32054782 -0.279977649
v -0.0209205877 1.30400908 -0.292592287
v -0.0791487992 1.33990431 -0.248606712
v -0.0900983959 1.31239367 -0.31667003
v -0.176446497 1.37918437 -0.283997536
v -0.0215272661 1.31261277 -0.338364393
v -0.00856804103 1.31933165 -0.324772865
v 0.0288763922 1.33027983 -0.35096091
v -0.271841496 1.56284785 -0.124157496
v -0.283812761 1.555776 -0.103865638
v -0.300602168 1.58075738 -0.128232777
v -0.231536254 1.56060874 -0.118231602
v -0.244124338 1.55243921 -0.0819733962
v -0.244567737 1.53241456 -0.0670071095
v -0.215303838 1.57703829 -0.0532491058
v -0.204519719 1.55414736 -0.0329485834
v -0.187629759 1.58762515 -0.103776492
v -0.21050258 1.61467683 -0.0421804041
v -0.191587821 1.60748303 -0.0143177425
v -0.205505252 1.66371334 -0.0108953947
v -0.221941292 1.66466248 -0.0390838943
v -0.245726392 1.72838461 -0.0224849526
v -0.178788051 1.66943169 -0.0813271031
v -0.260015905 1.72574854 -0.046453014
v -0.276609838 1.78773499 -0.0261150971
v -0.193284303 1.67819381 -0.113299385
v -0.198109433 1.73183 -0.0903752297
v -0.294806093 1.79165709 -0.0490163565
v -0.210291252 1.59717572 -0.145984098
v -0.20828788 1.52708554 -0.120086417
v -0.274221361 1.84256649 -0.0247855429
v -0.195884049 1.93750882 -0.0813758075
v -0.260112345 1.82076621 -0.00458333967
v -0.245300561 1.87128592 0.0459240712
v -0.239716709 1.83188581 0.0481588729
v -0.199699134 1.99299645 0.0786260143
v -0.210785449 1.89477623 0.146546438
v -0.195234984 1.84879982 0.160986155
v -0.150572166 1.93537843 0.248191401
v -0.136603549 1.87760818 0.229008749
v -0.0878213122 1.98445702 0.275214732
v -0.0628245026 1.93168592 0.250282764
v 0.00593068404 2.00883698 0.240892783
v -0.143385708 2.05027652 0.150866255
v -0.00569710834 2.04232454 0.263860583
v 0.05543603 2.04024386 0.215241909
v -0.153894141 2.02849007 0.0163363237
v -0.0758042037 2.05500269 -0.0594019704
v -0.0688039884 2.09645414 0.167650372
v 0.0701431558 2.07384396 0.216024548
v 0.0955680758 2.03938723 0.18838951
v -0.0156121021 2.08261132 0.0975777432
v 0.0167350322 2.11099935 0.148561195
v 0.111241721 2.05120969 0.172854796
v 0.0884667188 2.00598979 0.166131094
v 0.101049624 2.00577331 0.150819391
v 0.0718432665 1.97187603 0.149836674
v 0.0927909836 2.01926231 0.108330339
v 0.0837267861 2.06785083 0.119316958
v 0.0530859828 2.05067468 0.0853161067
v 0.137154877 2.00201225 0.0940506235
v 0.150028169 1.94076133 0.101244368
v 0.208978832 1.90328276 0.0332311057
v 0.0973876044 2.04542994 0.0704480186
v 0.00816792343 2.08804345 0.0292732809
v 0.18031165 2.01141286 0.00894164108
v 0.0965293646 2.07084584 -0.0104778595
v 0.268126965 1.85109651 -0.0539953709
v 0.248756558 1.83158457 -0.0240130089
v 0.0741954893 2.031286 -0.109758414
v 0.17650938 1.97626507 -0.0781047419
v 0.285709828 1.80286157 -0.0800886005
v 0.26053074 1.78864777 -0.0340646766
v 0.162024692 1.91232336 -0.149165496
v 0.128085718 1.81302023 -0.186751977
v 0.266749144 1.75745058 -0.0792042091
v 0.235027879 1.7376709 -0.0227231216
v 0.0317447893 1.95703793 -0.187458873
v 0.216933519 1.69865716 -0.0469989181
v 0.190808445 1.69679654 -0.00703052245
v 0.194221646 1.65223825 -0.0286384095
v 0.157008886 1.65773606 -0.00750221824
v 0.197210461 1.6199106 -0.0362292752
v 0.203834146 1.69476533 -0.0703971535
v 0.202997923 1.64215422 -0.0712802857
v 0.185939521 1.63622737 -0.115728125
v 0.220555723 1.59924436 -0.0711256564
v 0.183898538 1.69984436 -0.131507695
v 0.221905813 1.62948442 -0.0996370465
v 0.260001659 1.61285424 -0.110351332
v 0.207652628 1.61945367 -0.129162699
v 0.234490499 1.61860466 -0.140151918
v 0.248437226 1.6315527 -0.120178565
v 0.286307812 1.64447081 -0.141259655
v 0.0960848033 1.7073307 -0.181885481
v -0.031556733 1.7221266 -0.206301987
v 0.0738428459 1.62009954 -0.218833923
v -0.0479993485 1.63258636 -0.260295182
v -0.00218837685 1.83762479 -0.209622204
v -0.0777960569 1.7871505 -0.199108154
v -0.107586436 1.84760773 -0.200460985
v -0.136961728 1.77294672 -0.172101825
v -0.100184239 1.96402681 -0.156672195
v -0.175058559 1.83804882 -0.136035308
v -0.150134668 1.70594347 -0.177216113
v -0.164032042 1.61701477 -0.221366853
v -0.240852788 1.52085626 -0.161885187
v -0.238465205 1.45437193 -0.122873351
v -0.263588399 1.46066511 -0.168472245
v -0.243192986 1.38401461 -0.125515252
v -0.263768345 1.38899136 -0.179505229
v -0.218201175 1.31544948 -0.14071548
v -0.196239278 1.46610224 -0.263786227
v -0.232520461 1.31849086 -0.20159252
v -0.139512047 1.25022972 -0.200386047
v -0.163971514 1.5435853 -0.248533696
v -0.0478841439 1.55738401 -0.295556366
v -0.0331101641 1.48574066 -0.316708893
v 0.0488947779 1.55032647 -0.275958002
v -0.160985559 1.25565934 -0.250664622
v -0.065194197 1.2404573 -0.266830504
v -0.140196085 1.46978664 -0.268721908
v -0.176446497 1.37918437 -0.283997536
v -0.0842728093 1.24141741 -0.310205877
v -0.0183799546 1.26515174 -0.311327666
v -0.0900983959 1.31239367 -0.31667003
v -0.0215272661 1.31261277 -0.338364393
v -0.0725389048 1.40164077 -0.275149941
v -0.0791487992 1.33990431 -0.248606712
v -0.0256015733 1.26605511 -0.338729471
v 0.0288763922 1.33027983 -0.35096091
v 0.0113011478 1.31821668 -0.240191534
v -0.0736793056 1.33416772 -0.2029154
v -0.0195874237 1.32578433 -0.192268401
v 0.0649466142 1.33213162 -0.163598865
v 0.0895346254 1.34363365 -0.211973742
v 0.108785592 1.34497523 -0.159918696
v 0.137639686 1.39034426 -0.194568157
v 0.0280141942 1.38728726 -0.261480361
v 0.040859174 1.45261657 -0.246703625
v 0.010128364 1.36076236 -0.298536986
v 0.0137073891 1.42479026 -0.326409549
v 0.0934761614 1.39376318 -0.315388441
v 0.0799507424 1.35555661 -0.299381673
v 0.143240467 1.38299441 -0.293221325
v 0.128401384 1.40945399 -0.295226812
v 0.163331717 1.40302122 -0.288603902
v 0.0910115987 1.42217433 -0.299262553
v 0.0594481751 1.48292756 -0.292449474
v 0.0960612446 1.43946707 -0.279719114
v 0.110813119 1.42226982 -0.285625428
v 0.136496127 1.42644954 -0.257459342
v 0.0889831632 1.43778169 -0.254481226
v 0.0628269687 1.47890258 -0.248834684
v 0.0647327527 1.5310638 -0.237636596
v 0.168813765 1.60438406 -0.173372582
v 0.19760631 1.60466909 -0.144288734
v 0.195781901 1.58719635 -0.10725306
v 0.21628353 1.52755094 -0.134854347
v 0.230836689 1.53042054 -0.180565596
v 0.187517166 1.53383505 -0.224763021
v 0.19941169 1.4626776 -0.225326762
v 0.040859174 1.45261657 -0.246703625
v 0.137639686 1.39034426 -0.194568157
v 0.249061242 1.45589662 -0.167908743
v 0.232588187 1.4580617 -0.118581705
v 0.189040944 1.3749609 -0.195586428
v 0.108785592 1.34497523 -0.159918696
v 0.241476059 1.37302995 -0.130131319
v 0.221311331 1.37630129 -0.0815377235
v 0.188334271 1.28764129 -0.126578778
v 0.169328704 1.29199457 -0.0923332199
v 0.111369826 1.25255823 -0.138662532
v 0.125838563 1.28252625 -0.175953701
v 0.0930250511 1.28960884 -0.152246699
v 0.124987654 1.24741375 -0.15421854
v 0.0817878544 1.23111963 -0.182752416
v 0.0791927874 1.24441218 -0.190180659
v 0.0633119494 1.24249721 -0.17138122
v 0.0464063808 1.22521472 -0.210703537
v 0.16247043 1.59081483 -0.0668912604
v 0.157008886 1.65773606 -0.00750221824
v 0.197210461 1.6199106 -0.0362292752
v 0.220555723 1.59924436 -0.0711256564
v 0.203607664 1.57843196 -0.0986915976
v 0.195781901 1.58719635 -0.10725306
v 0.255614758 1.59926271 -0.123460196
v 0.260001659 1.61285424 -0.110351332
v 0.286307812 1.64447081 -0.141259655
v 0.234490499 1.61860466 -0.140151918
v 0.207652628 1.61945367 -0.129162699
v 0.185939521 1.63622737 -0.115728125
v 0.0356059521 1.56636405 0.0816031843
v 0.0226238333 1.59321165 0.09010721
v 0.0266872589 1.57618833 0.0706353486
v 0.0264625642 1.58519316 0.103155404
v 0.0159966424 1.53326499 0.120866984
v -0.0263248887 1.58519316 0.103155404
v -0.0225562379 1.59321165 0.09010721
v -0.0266872589 1.57618833 0.0706353486
v -0.0356059745 1.56636405 0.0816031843
v 0.0144534819 1.54584694 0.131133944
v -0.0147067998 1.54584694 0.131133944
v -0.0161044579 1.53326499 0.120866984
v -0.0266872589 1.57618833 0.0706353486
v 0.0266872589 1.57618833 0.0706353486
v 0.0226238333 1.59321165 0.09010721
v -0.0225562379 1.59321165 0.09010721
v 1.5255001E-05 1.24432814 0.242188111
v 0.0430520698 1.31650949 0.24221845
v -0.043056488 1.31652153 0.242205784
v -0.0243055485 1.43789017 0.235397607
v 0.0243015718 1.43788362 0.235393614
v -0.00912871305 1.53670859 0.119942628
v 0.00912871305 1.53670859 0.119942628
v 0.179099798 1.23876345 0.126667261
v 0.137805551 1.23085785 0.125714526
v 0.137949929 1.23122668 -0.00151315983
v 0.179095909 1.23870826 -0.00171091792
v 0.168782428 1.09675503 -0.00274127023
v 0.205989033 1.10477233 -0.00206029182
v 0.179095909 1.23870826 -0.00171091792
v 0.137949929 1.23122668 -0.00151315983
v 0.205989033 1.10477233 0.125448942
v 0.179099798 1.23876345 0.126667261
v 0.179095909 1.23870826 -0.00171091792
v 0.205989033 1.10477233 -0.00206029182
v 0.205989033 1.10477233 0.125448942
v 0.205989033 1.10477233 -0.00206029182
v 0.168782428 1.09675503 -0.00274127023
v 0.168782428 1.09675503 0.125448942
v 0.168782428 1.09675503 0.125448942
v 0.137805551 1.23085785 0.125714526
v 0.179099798 1.23876345 0.126667261
v 0.205989033 1.10477233 0.125448942
v 0.137805551 1.23085785 0.125714526
v 0.168782428 1.09675503 0.125448942
v 0.168782428 1.09675503 -0.00274127023
v 0.137949929 1.23122668 -0.00151315983
v 0.599162936 0.857600689 -0.0656733289
v 0.589612842 0.855083704 -0.0746477619
v 0.585566163 0.84999907 -0.0646932647
v 0.592660725 0.853514969 -0.0546876788
v 0.59133774 0.839262068 -0.017632382
v 0.605712175 0.847479165 -0.0158600323
v 0.598539591 0.844726086 -0.0272873323
v 0.596820831 0.842449486 -0.00660941098
v 0.579313576 0.846899867 0.0292750392
v 0.593729615 0.856454015 0.0296702236
v 0.587080657 0.852280796 0.0187933203
v 0.582590401 0.85227859 0.0393145829
v 0.55385679 0.875257313 -0.110793188
v 0.568356931 0.881399512 -0.112509422
v 0.558537066 0.880111217 -0.11790134
v 0.560652018 0.876173556 -0.103511959
v 0.440610051 0.892055333 0.0498741157
v 0.459735066 0.890004933 0.0529415086
v 0.452097416 0.892028153 0.0414737947
v 0.448986739 0.890749812 0.0631644204
v 0.452097416 0.892028153 0.0414737947
v 0.459735066 0.890004933 0.0529415086
v 0.467336833 0.933460236 0.0428570919
v 0.45747748 0.931381643 0.0283576418
v 0.47816509 0.957274616 0.0356953517
v 0.440805554 0.934438169 0.0360964015
v 0.440610051 0.892055333 0.0498741157
v 0.462618917 0.961961329 0.0170467347
v 0.485999435 0.960906208 0.00631064456
v 0.439084321 0.997443676 0.0159454774
v 0.496223897 0.961171687 0.0305733643
v 0.523493707 0.938717782 0.0329527147
v 0.492297798 0.970537841 -0.0757231489
v 0.525068402 0.932121575 -0.0160658229
v 0.523140252 0.937546074 -0.0498060137
v 0.512053192 0.947882652 -0.0839692801
v 0.517628312 0.931233048 0.0151845654
v 0.458800048 1.01270461 -0.0701989979
v 0.435417771 1.06250405 -0.0248189066
v 0.454307228 1.07635224 -0.0634163842
v 0.49584356 0.998816073 -0.0873948187
v 0.516742408 0.96341902 -0.0969676599
v 0.532059252 0.927336991 -0.106131129
v 0.540351689 0.899065435 0.0209987834
v 0.543674827 0.907592595 0.0355226882
v 0.566334724 0.873792708 0.0384010859
v 0.56184864 0.86497587 0.0252001658
v 0.582590401 0.85227859 0.0393145829
v 0.579313576 0.846899867 0.0292750392
v 0.587080657 0.852280796 0.0187933203
v 0.572963953 0.871742487 0.0143768685
v 0.550065994 0.906862438 0.0094922334
v 0.535906255 0.933966815 0.00429173978
v 0.55866462 0.900798261 -0.000592786586
v 0.551124871 0.895950913 -0.0169245601
v 0.573362887 0.861074209 -0.0179922245
v 0.579925835 0.865437269 -0.00328049716
v 0.596820831 0.842449486 -0.00660941098
v 0.59133774 0.839262068 -0.017632382
v 0.598539591 0.844726086 -0.0272873323
v 0.582850337 0.867633522 -0.0289677326
v 0.561867356 0.903061807 -0.0293249227
v 0.540406883 0.937210381 -0.0324477628
v 0.557872176 0.907220602 -0.0407646932
v 0.547007143 0.903284907 -0.0554339699
v 0.566413879 0.868811607 -0.0597926192
v 0.578249216 0.874114037 -0.0485103205
v 0.592660725 0.853514969 -0.0546876788
v 0.585566163 0.84999907 -0.0646932647
v 0.589612842 0.855083704 -0.0746477619
v 0.57568258 0.876021862 -0.0727946907
v 0.556181192 0.909476757 -0.0686160475
v 0.533980489 0.943149686 -0.0661707073
v 0.53073144 0.94656378 -0.0721266568
v 0.53979367 0.919263422 -0.0845121369
v 0.526118159 0.918918312 -0.0941201076
v 0.545817733 0.885055542 -0.106151544
v 0.554476202 0.887220085 -0.097291708
v 0.550084651 0.892670095 -0.115923129
v 0.560652018 0.876173556 -0.103511959
v 0.558537066 0.880111217 -0.11790134
v 0.55385679 0.875257313 -0.110793188
v 0.467336833 0.933460236 0.0428570919
v 0.459735066 0.890004933 0.0529415086
v 0.448986739 0.890749812 0.0631644204
v 0.451946199 0.936984479 0.0553239621
v 0.47816509 0.957274616 0.0356953517
v 0.440805554 0.934438169 0.0360964015
v 0.440610051 0.892055333 0.0498741157
v 0.439084321 0.997443676 0.0159454774
v 0.455310076 1.00382066 0.0451975986
v 0.516744077 1.0016706 0.0197918341
v 0.496223897 0.961171687 0.0305733643
v 0.523493707 0.938717782 0.0329527147
v 0.450193554 1.0715301 0.016743416
v 0.435417771 1.06250405 -0.0248189066
v 0.484139472 1.09228325 -0.0231139027
v 0.539954424 0.951573908 0.0229559112
v 0.558929563 0.915362239 0.0247357134
v 0.543674827 0.907592595 0.0355226882
v 0.578761578 0.880001783 0.0279899929
v 0.566334724 0.873792708 0.0384010859
v 0.582590401 0.85227859 0.0393145829
v 0.593729615 0.856454015 0.0296702236
v 0.572963953 0.871742487 0.0143768685
v 0.587080657 0.852280796 0.0187933203
v 0.550065994 0.906862438 0.0094922334
v 0.535906255 0.933966815 0.00429173978
v 0.550522745 0.955336213 -0.0116088055
v 0.529547215 1.00909662 -0.0257676262
v 0.548596919 0.959100842 -0.0474088863
v 0.518475652 1.00967407 -0.0724465176
v 0.454307228 1.07635224 -0.0634163842
v 0.49584356 0.998816073 -0.0873948187
v 0.516742408 0.96341902 -0.0969676599
v 0.534885526 0.964792311 -0.0853668973
v 0.532059252 0.927336991 -0.106131129
v 0.572189987 0.90961647 -0.0134961754
v 0.55866462 0.900798261 -0.000592786586
v 0.546692014 0.92905879 -0.096456103
v 0.550084651 0.892670095 -0.115923129
v 0.53073144 0.94656378 -0.0721266568
v 0.53979367 0.919263422 -0.0845121369
v 0.533980489 0.943149686 -0.0661707073
v 0.561435997 0.895153582 -0.107775263
v 0.558537066 0.880111217 -0.11790134
v 0.554476202 0.887220085 -0.097291708
v 0.568356931 0.881399512 -0.112509422
v 0.560652018 0.876173556 -0.103511959
v 0.568568885 0.916228771 -0.0556707643
v 0.556181192 0.909476757 -0.0686160475
v 0.57568258 0.876021862 -0.0727946907
v 0.540406883 0.937210381 -0.0324477628
v 0.561867356 0.903061807 -0.0293249227
v 0.557872176 0.907220602 -0.0407646932
v 0.582850337 0.867633522 -0.0289677326
v 0.585049331 0.881334662 -0.0613551214
v 0.589612842 0.855083704 -0.0746477619
v 0.578249216 0.874114037 -0.0485103205
v 0.599162936 0.857600689 -0.0656733289
v 0.592660725 0.853514969 -0.0546876788
v 0.591168642 0.874112964 -0.0155784367
v 0.598539591 0.844726086 -0.0272873323
v 0.605712175 0.847479165 -0.0158600323
v 0.579925835 0.865437269 -0.00328049716
v 0.596820831 0.842449486 -0.00660941098
v 0.268923283 1.34003961 0.0447086431
v 0.277482212 1.26114762 -0.0160794761
v 0.224674448 1.31573844 -0.00758700212
v 0.306983739 1.28299403 0.0273365248
v 0.331700504 1.31371379 -0.0194494557
v 0.299380004 1.3686403 -0.00906909071
v 0.257301092 1.34471035 -0.0541791804
v 0.345596373 1.22705948 0.0332516171
v 0.306294829 1.20138013 -0.0193775706
v 0.450193554 1.0715301 0.016743416
v 0.435417771 1.06250405 -0.0248189066
v 0.484139472 1.09228325 -0.0231139027
v 0.387059778 1.26002693 -0.020453738
v 0.344805151 1.22616696 -0.0625503585
v 0.454307228 1.07635224 -0.0634163842
v 0.308627188 1.27505326 -0.0661613047
v 0.306294829 1.20138013 -0.0193775706
v 0.435417771 1.06250405 -0.0248189066
v 0.277482212 1.26114762 -0.0160794761
v 0.224674448 1.31573844 -0.00758700212
v 0.0873957798 0.000101647318 -0.033183489
v 0.111471571 0.000101647689 -0.0329650678
v 0.0907036588 0.000101646838 -0.0543546267
v 0.109420203 0.00010164667 -0.0540308543
v 0.0729174018 0.000192691368 0.196170002
v 0.094063811 0.000192691368 0.208832622
v 0.120347522 0.000192691368 0.199129418
v 0.0496500582 0.000192691383 0.127733767
v 0.153770924 0.000192691383 0.130931944
v 0.149724886 0.000192691383 0.0605996735
v 0.0549086668 0.000192691383 0.0613232404
v 0.0643721893 0.0572165474 -0.0257786456
v 0.135685369 0.0572384857 -0.0257798862
v 0.111471571 0.000101647689 -0.0329650678
v 0.0873957798 0.000101647318 -0.033183489
v 0.0643721893 0.0572165474 -0.0257786456
v 0.0549086668 0.000192691383 0.0613232404
v 0.149724886 0.000192691383 0.0605996735
v 0.135685369 0.0572384857 -0.0257798862
v -0.599162936 0.857600689 -0.0656733289
v -0.585566163 0.84999907 -0.0646932647
v -0.589612842 0.855083704 -0.0746477619
v -0.592660725 0.853514969 -0.0546876788
v -0.59133774 0.839262068 -0.017632382
v -0.598539591 0.844726086 -0.0272873323
v -0.605712175 0.847479165 -0.0158600323
v -0.596820831 0.842449486 -0.00660941098
v -0.579313576 0.846899867 0.0292750392
v -0.587080657 0.852280796 0.0187933203
v -0.593729615 0.856454015 0.0296702236
v -0.582590401 0.85227859 0.0393145829
v -0.55385679 0.875257313 -0.110793188
v -0.558537066 0.880111217 -0.11790134
v -0.568356931 0.881399512 -0.112509422
v -0.560652018 0.876173556 -0.103511959
v -0.440610051 0.892055333 0.0498741157
v -0.452097416 0.892028153 0.0414737947
v -0.459735066 0.890004933 0.0529415086
v -0.448986739 0.890749812 0.0631644204
v -0.452097416 0.892028153 0.0414737947
v -0.467336833 0.933460236 0.0428570919
v -0.459735066 0.890004933 0.0529415086
v -0.45747748 0.931381643 0.0283576418
v -0.47816509 0.957274616 0.0356953517
v -0.440805554 0.934438169 0.0360964015
v -0.440610051 0.892055333 0.0498741157
v -0.462618917 0.961961329 0.0170467347
v -0.485999435 0.960906208 0.00631064456
v -0.439084321 0.997443676 0.0159454774
v -0.496223897 0.961171687 0.0305733643
v -0.523493707 0.938717782 0.0329527147
v -0.492297798 0.970537841 -0.0757231489
v -0.525068402 0.932121575 -0.0160658229
v -0.523140252 0.937546074 -0.0498060137
v -0.512053192 0.947882652 -0.0839692801
v -0.517628312 0.931233048 0.0151845654
v -0.458800048 1.01270461 -0.0701989979
v -0.435417771 1.06250405 -0.0248189066
v -0.454307228 1.07635224 -0.0634163842
v -0.49584356 0.998816073 -0.0873948187
v -0.516742408 0.96341902 -0.0969676599
v -0.532059252 0.927336991 -0.106131129
v -0.540351689 0.899065435 0.0209987834
v -0.543674827 0.907592595 0.0355226882
v -0.566334724 0.873792708 0.0384010859
v -0.56184864 0.86497587 0.0252001658
v -0.582590401 0.85227859 0.0393145829
v -0.579313576 0.846899867 0.0292750392
v -0.587080657 0.852280796 0.0187933203
v -0.572963953 0.871742487 0.0143768685
v -0.550065994 0.906862438 0.0094922334
v -0.535906255 0.933966815 0.00429173978
v -0.55866462 0.900798261 -0.000592786586
v -0.551124871 0.895950913 -0.0169245601
v -0.573362887 0.861074209 -0.0179922245
v -0.579925835 0.865437269 -0.00328049716
v -0.596820831 0.842449486 -0.00660941098
v -0.59133774 0.839262068 -0.017632382
v -0.598539591 0.844726086 -0.0272873323
v -0.582850337 0.867633522 -0.0289677326
v -0.561867356 0.903061807 -0.0293249227
v -0.540406883 0.937210381 -0.0324477628
v -0.557872176 0.907220602 -0.0407646932
v -0.547007143 0.903284907 -0.0554339699
v -0.566413879 0.868811607 -0.0597926192
v -0.578249216 0.874114037 -0.0485103205
v -0.592660725 0.853514969 -0.0546876788
v -0.585566163 0.84999907 -0.0646932647
v -0.589612842 0.855083704 -0.0746477619
v -0.57568258 0.876021862 -0.0727946907
v -0.556181192 0.909476757 -0.0686160475
v -0.533980429 0.943149686 -0.0661707073
v -0.53073144 0.946563601 -0.0721266419
v -0.53979367 0.919263422 -0.0845121369
v -0.526118159 0.918918312 -0.0941201076
v -0.545817733 0.885055542 -0.106151544
v -0.554476202 0.887220085 -0.097291708
v -0.550084651 0.892670095 -0.115923129
v -0.560652018 0.876173556 -0.103511959
v -0.558537066 0.880111217 -0.11790134
v -0.55385679 0.875257313 -0.110793188
v -0.467336833 0.933460236 0.0428570919
v -0.448986739 0.890749812 0.0631644204
v -0.459735066 0.890004933 0.0529415086
v -0.451946199 0.936984479 0.0553239621
v -0.47816509 0.957274616 0.0356953517
v -0.440805554 0.934438169 0.0360964015
v -0.440610051 0.892055333 0.0498741157
v -0.439084321 0.997443676 0.0159454774
v -0.455310076 1.00382066 0.0451975986
v -0.516744077 1.0016706 0.0197918341
v -0.496223897 0.961171687 0.0305733643
v -0.523493707 0.938717782 0.0329527147
v -0.450193554 1.0715301 0.016743416
v -0.435417771 1.06250405 -0.0248189066
v -0.484139472 1.09228325 -0.0231139027
v -0.539954424 0.951573908 0.0229559112
v -0.558929563 0.915362239 0.0247357134
v -0.543674827 0.907592595 0.0355226882
v -0.578761578 0.880001783 0.0279899929
v -0.566334724 0.873792708 0.0384010859
v -0.582590401 0.85227859 0.0393145829
v -0.593729615 0.856454015 0.0296702236
v -0.572963953 0.871742487 0.0143768685
v -0.587080657 0.852280796 0.0187933203
v -0.550065994 0.906862438 0.0094922334
v -0.535906255 0.933966815 0.00429173978
v -0.550522745 0.955336213 -0.0116088055
v -0.529547215 1.00909662 -0.0257676262
v -0.548596919 0.959100842 -0.0474088863
v -0.518475652 1.00967407 -0.0724465176
v -0.454307228 1.07635224 -0.0634163842
v -0.49584356 0.998816073 -0.0873948187
v -0.516742408 0.96341902 -0.0969676599
v -0.534885526 0.964792311 -0.0853668973
v -0.532059252 0.927336991 -0.106131129
v -0.572189987 0.90961647 -0.0134961754
v -0.55866462 0.900798261 -0.000592786586
v -0.546692014 0.92905879 -0.096456103
v -0.550084651 0.892670095 -0.115923129
v -0.53073144 0.946563601 -0.0721266419
v -0.53979367 0.919263422 -0.0845121369
v -0.533980429 0.943149686 -0.0661707073
v -0.561435997 0.895153582 -0.107775263
v -0.558537066 0.880111217 -0.11790134
v -0.554476202 0.887220085 -0.097291708
v -0.568356931 0.881399512 -0.112509422
v -0.560652018 0.876173556 -0.103511959
v -0.568568885 0.916228771 -0.0556707643
v -0.556181192 0.909476757 -0.0686160475
v -0.57568258 0.876021862 -0.0727946907
v -0.540406883 0.937210381 -0.0324477628
v -0.561867356 0.903061807 -0.0293249227
v -0.557872176 0.907220602 -0.0407646932
v -0.582850337 0.867633522 -0.0289677326
v -0.585049331 0.881334662 -0.0613551214
v -0.589612842 0.855083704 -0.0746477619
v -0.578249216 0.874114037 -0.0485103205
v -0.599162936 0.857600689 -0.0656733289
v -0.592660725 0.853514969 -0.0546876788
v -0.591168642 0.874112964 -0.0155784367
v -0.598539591 0.844726086 -0.0272873323
v -0.605712175 0.847479165 -0.0158600323
v -0.579925835 0.865437269 -0.00328049716
v -0.596820831 0.842449486 -0.00660941098
v -0.435417771 1.06250405 -0.0248189066
v -0.450193554 1.0715301 0.016743416
v -0.306294829 1.20138013 -0.0193775706
v -0.345596373 1.22705948 0.0332516171
v -0.484139472 1.09228325 -0.0231139027
v -0.277482212 1.26114762 -0.0160794761
v -0.387059778 1.26002693 -0.020453738
v -0.306983739 1.28299403 0.0273365248
v -0.344805151 1.22616696 -0.0625503585
v -0.454307228 1.07635224 -0.0634163842
v -0.268923283 1.34003961 0.0447086431
v -0.224674448 1.31573844 -0.00758700212
v -0.331700504 1.31371379 -0.0194494557
v -0.299380004 1.3686403 -0.00906909071
v -0.257301092 1.34471035 -0.0541791804
v -0.306294829 1.20138013 -0.0193775706
v -0.435417771 1.06250405 -0.0248189066
v -0.308627188 1.27505326 -0.0661613047
v -0.277482212 1.26114762 -0.0160794761
v -0.224674448 1.31573844 -0.00758700212
v -0.0873957798 0.000101647318 -0.033183489
v -0.0907036588 0.000101646838 -0.0543546267
v -0.111471571 0.000101647689 -0.0329650678
v -0.109420203 0.00010164667 -0.0540308543
v -0.0729174018 0.000192691368 0.196170002
v -0.120347522 0.000192691368 0.199129418
v -0.094063811 0.000192691368 0.208832622
v -0.0496500582 0.000192691383 0.127733767
v -0.153770924 0.000192691383 0.130931944
v -0.149724886 0.000192691383 0.0605996735
v -0.0549086668 0.000192691383 0.0613232404
v -0.0643721893 0.0572165474 -0.0257786456
v -0.0873957798 0.000101647318 -0.033183489
v -0.111471571 0.000101647689 -0.0329650678
v -0.135685369 0.0572384857 -0.0257798862
v -0.0643721893 0.0572165474 -0.0257786456
v -0.135685369 0.0572384857 -0.0257798862
v -0.149724886 0.000192691383 0.0605996735
v -0.0549086668 0.000192691383 0.0613232404
v 0.0884667188 2.00598979 0.166131094
v 0.0718432665 1.97187603 0.149836674
v -4.16669427E-05 1.98217118 0.163599253
v 0.0955680758 2.03938723 0.18838951
v 0.05543603 2.04024386 0.215241909
v 0.00593068404 2.00883698 0.240892783
v -0.0517120212 1.9684217 0.159110859
v -0.0628245026 1.93168592 0.250282764
v -0.10868185 1.92985117 0.136603683
v -0.136603549 1.87760818 0.229008749
v -0.195234984 1.84879982 0.160986155
v -0.142232716 1.89086175 0.0932314694
v -0.174952045 1.86484492 0.0174369216
v -0.239716709 1.83188581 0.0481588729
v -0.260112345 1.82076621 -0.00458333967
v -0.184947148 1.83614433 -0.0134977447
v -0.276609838 1.78773499 -0.0261150971
v -0.164843276 1.77946174 -0.0187327601
v -0.245726392 1.72838461 -0.0224849526
v -0.127021894 1.72784042 -0.00612394791
v -0.205505252 1.66371334 -0.0108953947
v -0.129319802 1.66891837 -0.0274845734
v -0.191587821 1.60748303 -0.0143177425
v -0.137292191 1.599038 -0.0497500598
v -0.204519719 1.55414736 -0.0329485834
v -0.171326771 1.5533787 -0.0664062873
v -0.206923634 1.5223074 -0.0844786465
v -0.187629759 1.58762515 -0.103776492
v -0.244567737 1.53241456 -0.0670071095
v -0.231536254 1.56060874 -0.118231602
v -0.247064412 1.52150595 -0.103589304
v -0.280063897 1.54581416 -0.116715431
v -0.283812761 1.555776 -0.103865638
v -0.271841496 1.56284785 -0.124157496
v -0.300602168 1.58075738 -0.128232777
v 0.151412115 1.44133008 -0.0497403331
v 0.166144982 1.4043684 0.0130034853
v 0.201346815 1.28639865 0.00937306881
v 0.212219417 1.30286145 -0.0557796694
v 0.167266339 1.52725947 -0.0626434758
v 0.262613773 1.34338915 -0.0761576146
v 0.310914487 1.37457407 -0.026412854
v 0.187693208 1.5686326 -0.0105701406
v 0.187428504 1.55062401 0.0500813201
v 0.296530306 1.35261893 0.052756317
v 0.176616147 1.49455202 0.081115298
v 0.239416495 1.30725551 0.0644189119
v 0.176956251 1.42915118 0.072499305
v 0.201346815 1.28639865 0.00937306881
v 0.166144982 1.4043684 0.0130034853
v 0.187428504 1.55062401 0.0500813201
v 0.0681666732 1.60804415 -0.00839718245
v 0.187693208 1.5686326 -0.0105701406
v 0.0488014296 1.58544159 0.0538205095
v 0.0479947887 1.61431515 0.0551305264
v 0.0576406717 1.64216828 0.00500780111
v 0.0254824013 1.60139632 0.0825754851
v 0.014013757 1.5769949 0.0785487369
v -0 1.55001187 0.103111014
v 0.115315512 1.51031613 0.127837315
v 0.176616147 1.49455202 0.081115298
v 0.180891812 1.45345306 0.156118393
v 0.176956251 1.42915118 0.072499305
v 0.0438972078 1.4379828 0.230211779
v 0.133281186 1.45802248 0.216121972
v 0.138017938 1.40654063 0.233288422
v 0.189213276 1.41680324 0.157464713
v 0.177088603 1.36837649 0.154539108
v 0.154720038 1.31995177 0.0818762928
v 0.166144982 1.4043684 0.0130034853
v 0.131764486 1.33331466 -0.00679791905
v 0.151412115 1.44133008 -0.0497403331
v 0.0467397384 1.37556422 0.22872223
v 0.130357966 1.35938752 0.220777094
v 0.0909785852 1.31600893 0.176430017
v -0 1.4360534 0.228528544
v -0 1.34765041 -0.0334774815
v -0 1.44501185 -0.0602785759
v -0 1.202631 -0.024432607
v 0.0950440392 1.54660463 -0.0688444823
v 0.167266339 1.52725947 -0.0626434758
v -0 1.55321097 -0.0700604841
v 0.187693208 1.5686326 -0.0105701406
v -0 1.60641146 -0.0524138063
v 0.0681666732 1.60804415 -0.00839718245
v -0 1.64966178 -0.0374601036
v 0.0576406717 1.64216828 0.00500780111
v 0.112941548 1.20117319 0.0146543784
v 0.134233832 1.20202768 0.0963728875
v 0.0914756879 1.12022066 -0.0578120612
v -0 1.12310982 -0.0638986006
v 0.115042418 1.04645038 -0.101327419
v -0 1.04887557 -0.0872393996
v 0.149053335 1.12217999 -0.00955684949
v 0.160540462 1.12145734 0.0993969142
v 0.0974730775 1.09358287 0.163369879
v 0.0820644349 1.20089042 0.173556432
v -0 1.20014381 0.190072328
v 0.191307381 1.05010712 -0.0230371654
v 0.0403062813 0.918594778 -0.050842341
v -0 0.953184485 -0.0506906696
v -0 0.92537868 0.0353029631
v 0.0174611919 0.918949842 0.026035266
v 0.139887199 0.920801699 -0.0869619176
v 0.215715572 0.949070632 -0.029194599
v 0.209013775 0.972719729 0.0843260586
v 0.19482711 1.0404079 0.087560147
v 0.112359151 1.00203776 0.133956149
v -0 0.981871367 0.15760465
v 0.119094811 0.960634947 0.130107224
v 0.0432300083 0.943527043 0.106509462
v -0 1.08018804 0.180152372
v -0.0974730775 1.09358287 0.163369879
v -0 0.929302573 0.104849346
v 0.0174611919 0.918949842 0.026035266
v -0 0.92537868 0.0353029631
v -0.0174611919 0.918949842 0.026035266
v -0.0432300083 0.943527043 0.106509462
v -0.112359151 1.00203776 0.133956149
v -0.119094811 0.960634947 0.130107224
v -0.209013775 0.972719729 0.0843260586
v -0.19482711 1.0404079 0.087560147
v -0.191307381 1.05010712 -0.0230371654
v -0.215715572 0.949070632 -0.029194599
v -0.115042418 1.04645038 -0.101327419
v -0.139887199 0.920801699 -0.0869619176
v -0.0403062813 0.918594778 -0.050842341
v -0.160540462 1.12145734 0.0993969142
v -0.149053335 1.12217999 -0.00955684949
v -0.134233832 1.20202768 0.0963728875
v -0.112941548 1.20117319 0.0146543784
v -0.0914756879 1.12022066 -0.0578120612
v -0.0820644349 1.20089042 0.173556432
v -0 1.12310982 -0.0638986006
v -0 1.04887557 -0.0872393996
v -0 0.953184485 -0.0506906696
v -0 0.92537868 0.0353029631
v -0.0174611919 0.918949842 0.026035266
v -0 1.202631 -0.024432607
v -0.131764486 1.33331466 -0.00679791905
v -0 1.34765041 -0.0334774815
v -0.154720038 1.31995177 0.0818762928
v -0.0909785852 1.31600893 0.176430017
v -0.151412115 1.44133008 -0.0497403331
v -0 1.44501185 -0.0602785759
v -0.166144982 1.4043684 0.0130034853
v -0.176956251 1.42915118 0.072499305
v -0.0950440392 1.54660463 -0.0688444823
v -0.167266339 1.52725947 -0.0626434758
v -0 1.55321097 -0.0700604841
v -0.187693208 1.5686326 -0.0105701406
v -0 1.60641146 -0.0524138063
v -0.0681666732 1.60804415 -0.00839718245
v -0 1.64966178 -0.0374601036
v -0.0576406717 1.64216828 0.00500780111
v -0.177088603 1.36837649 0.154539108
v -0.189213276 1.41680324 0.157464713
v -0.180891812 1.45345306 0.156118393
v -0.176616147 1.49455202 0.081115298
v -0.138017938 1.40654063 0.233288422
v -0.115315512 1.51031613 0.127837315
v -0.187428504 1.55062401 0.0500813201
v -0.130357966 1.35938752 0.220777094
v -0.0467397384 1.37556422 0.22872223
v -0.133281186 1.45802248 0.216121972
v -0.0438972078 1.4379828 0.230211779
v -0 1.34666002 0.201384351
v -0 1.38390017 0.23069635
v -0.0488014296 1.58544159 0.0538205095
v -0.014013757 1.5769949 0.0785487369
v -0.0254824013 1.60139632 0.0825754851
v -0.0479947887 1.61431515 0.0551305264
v -0.0681666732 1.60804415 -0.00839718245
v -0.187693208 1.5686326 -0.0105701406
v -0.0576406717 1.64216828 0.00500780111
v 0.296530306 1.35261893 0.052756317
v 0.201346815 1.28639865 0.00937306881
v 0.239416495 1.30725551 0.0644189119
v 0.310914487 1.37457407 -0.026412854
v 0.212219417 1.30286145 -0.0557796694
v 0.262613773 1.34338915 -0.0761576146
v 0.0254824013 1.60139632 0.0825754851
v 0.014013757 1.5769949 0.0785487369
v 0.027184166 1.60943508 0.0828416049
v -0 1.55421174 0.0141409207
v 0.0482026003 1.62854826 0.058206778
v 0.0553225316 1.6515168 0.00805909839
v 0.0288878903 1.6616174 -0.0229706764
v -0 1.66300476 -0.0301898979
v -0.0288878903 1.6616174 -0.0229706764
v -0.0553225316 1.6515168 0.00805909839
v -0.0482026003 1.62854826 0.058206778
v -0.027184166 1.60943508 0.0828416049
v -0.014013757 1.5769949 0.0785487369
v -0.0254824013 1.60139632 0.0825754851
v 0.027184166 1.60943508 0.0828416049
v 0.0578760915 1.56344509 0.0981661454
v 0.0254824013 1.60139632 0.0825754851
v 0.0482026003 1.62854826 0.058206778
v 0.0762944371 1.59867263 0.0389221311
v 0.0763599351 1.61719418 -0.00976722129
v 0.0553225316 1.6515168 0.00805909839
v 0.0454336554 1.62882257 -0.052003067
v 0.0288878903 1.6616174 -0.0229706764
v -0 1.63096106 -0.0644177645
v -0 1.66300476 -0.0301898979
v -0.0288878903 1.6616174 -0.0229706764
v -0.0454336554 1.62882257 -0.052003067
v -0.0553225316 1.6515168 0.00805909839
v -0.0763599351 1.61719418 -0.00976722129
v -0.0482026003 1.62854826 0.058206778
v -0.0762944371 1.59867263 0.0389221311
v -0.0578760915 1.56344509 0.0981661454
v -0.027184166 1.60943508 0.0828416049
v -0.0254824013 1.60139632 0.0825754851
v 0.0174611919 0.918949842 0.026035266
v 0.0149497055 0.798616171 0.0208925679
v 0.0403062813 0.918594778 -0.050842341
v 0.0441433713 0.796581268 -0.0493185185
v 0.0365174524 0.55850786 -0.00369516341
v 0.139887199 0.920801699 -0.0869619176
v 0.0570997931 0.56141144 -0.0549042486
v 0.0214441884 0.338328838 -0.00897332374
v 0.0470814779 0.338003159 -0.0901559815
v 0.00940360036 0.125403047 -0.0080662882
v 0.0433783717 0.125377044 -0.110322185
v 0.137283057 0.125951186 -0.137114808
v 0.132148862 0.338305473 -0.118278101
v 0.218371153 0.125754103 -0.0644820631
v 0.118337646 0.561534643 -0.0729675218
v 0.128642455 0.798101425 -0.0771168768
v 0.202271998 0.798002005 -0.0296722706
v 0.215715572 0.949070632 -0.029194599
v 0.197228044 0.338430971 -0.0619102232
v 0.208198816 0.802957535 0.0637807474
v 0.209013775 0.972719729 0.0843260586
v 0.159634799 0.561174929 -0.00794557575
v 0.189713746 0.342423916 0.0208723247
v 0.220424756 0.128607273 0.049504824
v 0.125589117 0.800817847 0.117913298
v 0.119094811 0.960634947 0.130107224
v 0.133031532 0.561390221 0.0580797754
v 0.131895125 0.343414068 0.066599533
v 0.139010414 0.126295179 0.122294992
v 0.0489819981 0.797157109 0.0905818567
v 0.0432300083 0.943527043 0.106509462
v 0.0721136034 0.561618268 0.0526159853
v 0.055201143 0.343248159 0.0537961461
v 0.0434986055 0.125104889 0.0893678293
v 0.0214441884 0.338328838 -0.00897332374
v 0.00940360036 0.125403047 -0.0080662882
v 0.0365174524 0.55850786 -0.00369516341
v 0.0149497055 0.798616171 0.0208925679
v 0.0174611919 0.918949842 0.026035266
v 0.220424756 0.128607273 0.049504824
v 0.218371153 0.125754103 -0.0644820631
v 0.137283057 0.125951186 -0.137114808
v 0.139010414 0.126295179 0.122294992
v 0.0434986055 0.125104889 0.0893678293
v 0.0433783717 0.125377044 -0.110322185
v 0.00940360036 0.125403047 -0.0080662882
v -0.151412115 1.44133008 -0.0497403331
v -0.201346815 1.28639865 0.00937306881
v -0.166144982 1.4043684 0.0130034853
v -0.212219417 1.30286145 -0.0557796694
v -0.167266339 1.52725947 -0.0626434758
v -0.262613773 1.34338915 -0.0761576146
v -0.310914487 1.37457407 -0.026412854
v -0.187693208 1.5686326 -0.0105701406
v -0.187428504 1.55062401 0.0500813201
v -0.296530306 1.35261893 0.052756317
v -0.176616147 1.49455202 0.081115298
v -0.239416495 1.30725551 0.0644189119
v -0.176956251 1.42915118 0.072499305
v -0.201346815 1.28639865 0.00937306881
v -0.166144982 1.4043684 0.0130034853
v -0.296530306 1.35261893 0.052756317
v -0.239416495 1.30725551 0.0644189119
v -0.201346815 1.28639865 0.00937306881
v -0.310914487 1.37457407 -0.026412854
v -0.212219417 1.30286145 -0.0557796694
v -0.262613773 1.34338915 -0.0761576146
v -0.0174611919 0.918949842 0.026035266
v -0.0403062813 0.918594778 -0.050842341
v -0.0149497055 0.798616171 0.0208925679
v -0.0441433713 0.796581268 -0.0493185185
v -0.0365174524 0.55850786 -0.00369516341
v -0.139887199 0.920801699 -0.0869619176
v -0.0570997931 0.56141144 -0.0549042486
v -0.0214441884 0.338328838 -0.00897332374
v -0.0470814779 0.338003159 -0.0901559815
v -0.00940360036 0.125403047 -0.0080662882
v -0.0433783717 0.125377044 -0.110322185
v -0.137283057 0.125951186 -0.137114808
v -0.132148862 0.338305473 -0.118278101
v -0.218371153 0.125754103 -0.0644820631
v -0.118337646 0.561534643 -0.0729675218
v -0.128642455 0.798101425 -0.0771168768
v -0.202271998 0.798002005 -0.0296722706
v -0.215715572 0.949070632 -0.029194599
v -0.197228044 0.338430971 -0.0619102232
v -0.208198816 0.802957535 0.0637807474
v -0.209013775 0.972719729 0.0843260586
v -0.159634799 0.561174929 -0.00794557575
v -0.189713746 0.342423916 0.0208723247
v -0.220424756 0.128607273 0.049504824
v -0.125589117 0.800817847 0.117913298
v -0.119094811 0.960634947 0.130107224
v -0.133031532 0.561390221 0.0580797754
v -0.131895125 0.343414068 0.066599533
v -0.139010414 0.126295179 0.122294992
v -0.0489819981 0.797157109 0.0905818567
v -0.0432300083 0.943527043 0.106509462
v -0.0721136034 0.561618268 0.0526159853
v -0.055201143 0.343248159 0.0537961461
v -0.0434986055 0.125104889 0.0893678293
v -0.0214441884 0.338328838 -0.00897332374
v -0.00940360036 0.125403047 -0.0080662882
v -0.0365174524 0.55850786 -0.00369516341
v -0.0149497055 0.798616171 0.0208925679
v -0.0174611919 0.918949842 0.026035266
v -0.220424756 0.128607273 0.049504824
v -0.137283057 0.125951186 -0.137114808
v -0.218371153 0.125754103 -0.0644820631
v -0.139010414 0.126295179 0.122294992
v -0.0434986055 0.125104889 0.0893678293
v -0.0433783717 0.125377044 -0.110322185
v -0.00940360036 0.125403047 -0.0080662882
v -0.102562733 1.71866202 0.0624937229
v -0.0506481938 1.72210383 -0.00403780397
v -0.118997708 1.75822914 0.0263423938
v -0.0536553934 1.69139993 0.042180784
v -0.0590794347 1.68131769 0.114156432
v -0.0193234887 1.66079497 0.148652211
v -0 1.66871393 0.0885771886
v 5.67260157E-18 1.65652001 0.153280735
v -0 1.63354027 -0.029475512
v 1.35790021E-18 1.71458888 -0.0223404858
v -0.0506481938 1.72210383 -0.00403780397
v -0.0357306898 1.63254833 -0.0127266711
v -0.0479035378 1.61306357 0.0275136083
v -0.0357306898 1.63254833 -0.0127266711
v -0.0536553934 1.69139993 0.042180784
v -0 1.66871393 0.0885771886
v -0 1.58957672 0.0752414763
v -0.0479035378 1.61306357 0.0275136083
v -0 1.56496823 0.0876711085
v 0.0479035378 1.61306357 0.0275136083
v 0.0536553934 1.69139993 0.042180784
v 0.0506481938 1.72210383 -0.0040378035
v 0.0479035378 1.61306357 0.0275136083
v 0.0357306898 1.63254833 -0.0127266711
v 1.35790021E-18 1.71458888 -0.0223404858
v -0 1.63354027 -0.029475512
v 0.0357306898 1.63254833 -0.0127266711
v 0.102562733 1.71866202 0.0624937229
v 0.118997708 1.75822914 0.0263423938
v 0.0506481938 1.72210383 -0.0040378035
v 0.0536553934 1.69139993 0.042180784
v 0.0590794347 1.68131769 0.114156432
v 0.0193234887 1.66079497 0.148652211
v -0 1.66871393 0.0885771886
v 5.67260157E-18 1.65652001 0.153280735
v -0.0323070548 2.11624908 -0.238688603
v -0.142405003 2.08750033 -0.208554715
v -0.0193692464 2.01116633 -0.146642014
v -0.10110683 2.00684476 -0.114238918
v -0.23071605 2.07483983 -0.133713394
v -0.193424329 2.02508926 -0.0438753106
v -0.160060123 2.01814294 -0.0372113213
v -0.272206634 2.10819864 -0.0159327835
v -0.249421537 2.11840057 0.0704014599
v -0.156359702 2.04480243 0.057012327
v -0.188246816 2.05505419 0.0598016046
v -0.197139844 2.1524179 0.130697444
v -0.12386024 2.09859276 0.135321632
v -0.09870819 2.07221317 0.118885934
v -0.112365529 2.22753954 0.171649739
v -0.0281882901 2.08664846 0.131156638
v -0.0351246223 2.12442279 0.154721275
v -0.057665471 2.26585078 0.176033109
v 0.00713583268 2.24534869 0.168706357
v 0.0713937581 2.12442279 0.122208171
v 0.0627475232 2.09492636 0.107191674
v 0.115744226 2.19720006 0.12811479
v 0.141709581 2.10015535 0.0307826325
v 0.113466792 2.08059025 0.0298685096
v 0.172632888 2.18364882 0.0642019957
v 0.194055825 2.182374 -0.0163615886
v 0.108424254 2.0573895 -0.0541407429
v 0.172281817 2.14019537 -0.122271001
v 0.13957268 2.07594824 -0.0621837042
v 0.0559981018 2.03070712 -0.118994676
v 0.0884005502 2.12053251 -0.202089489
v -0.0193692464 2.01116633 -0.146642014
v -0.0323070548 2.11624908 -0.238688603
v -0.0323070548 2.11624908 -0.238688603
v -0.0437420942 2.17666245 -0.0622554384
v -0.142405003 2.08750033 -0.208554715
v 0.0884005502 2.12053251 -0.202089489
v -0.156728044 2.13698602 -0.0480418094
v -0.0557413884 2.24659348 0.078965731
v -0.23071605 2.07483983 -0.133713394
v -0.272206634 2.10819864 -0.0159327835
v -0.249421537 2.11840057 0.0704014599
v -0.197139844 2.1524179 0.130697444
v -0.112365529 2.22753954 0.171649739
v -0.057665471 2.26585078 0.176033109
v 0.00713583268 2.24534869 0.168706357
v 0.115744226 2.19720006 0.12811479
v 0.0768612549 2.17668128 -0.0465436578
v 0.172281817 2.14019537 -0.122271001
v 0.172632888 2.18364882 0.0642019957
v 0.194055825 2.182374 -0.0163615886
v -0.136961728 1.77294672 -0.172101825
v -0.137347996 1.73485565 -0.196895003
v -0.121373281 1.76355374 -0.202289984
v -0.107586436 1.84760773 -0.200460985
v -0.149834424 1.72059751 -0.214099646
v -0.0777960569 1.7871505 -0.199108154
v -0.106047094 1.74309409 -0.204737842
v 0.0643721893 0.0572165474 -0.0257786456
v 0.0655416772 0.0716823339 -0.0597554557
v 0.0674223304 0.132050306 -0.0365267284
v 0.0873957798 0.000101647318 -0.033183489
v 0.0907036588 0.000101646838 -0.0543546267
v 0.0975939408 0.134772792 -0.0733644441
v 0.0957731381 0.0805447921 -0.0849650353
v 0.109420203 0.00010164667 -0.0540308543
v 0.13000232 0.0720794052 -0.0602423958
v 0.111471571 0.000101647689 -0.0329650678
v 0.135685369 0.0572384857 -0.0257798862
v 0.130331874 0.131370887 -0.0365126692
v 0.149724886 0.000192691383 0.0605996735
v 0.142615438 0.0422971509 0.0821328163
v 0.153770924 0.000192691383 0.130931944
v 0.0998631045 0.133049995 0.039101772
v 0.134153917 0.0301874019 0.169513121
v 0.120347522 0.000192691368 0.199129418
v 0.098825261 0.0532839969 0.10008131
v 0.0941274166 0.0297069829 0.199390724
v 0.094063811 0.000192691368 0.208832622
v 0.0729174018 0.000192691368 0.196170002
v 0.0643248409 0.0313654095 0.170054168
v 0.0496500582 0.000192691383 0.127733767
v 0.0600606129 0.0425745472 0.0841130465
v 0.0674223304 0.132050306 -0.0365267284
v 0.0549086668 0.000192691383 0.0613232404
v 0.0643721893 0.0572165474 -0.0257786456
v -0.0643721893 0.0572165474 -0.0257786456
v -0.0674223304 0.132050306 -0.0365267284
v -0.0655416772 0.0716823339 -0.0597554557
v -0.0873957798 0.000101647318 -0.033183489
v -0.0907036588 0.000101646838 -0.0543546267
v -0.0975939408 0.134772792 -0.0733644441
v -0.0957731381 0.0805447921 -0.0849650353
v -0.109420203 0.00010164667 -0.0540308543
v -0.13000232 0.0720794052 -0.0602423958
v -0.111471571 0.000101647689 -0.0329650678
v -0.135685369 0.0572384857 -0.0257798862
v -0.130331874 0.131370887 -0.0365126692
v -0.149724886 0.000192691383 0.0605996735
v -0.142615438 0.0422971509 0.0821328163
v -0.153770924 0.000192691383 0.130931944
v -0.0998631045 0.133049995 0.039101772
v -0.134153917 0.0301874019 0.169513121
v -0.120347522 0.000192691368 0.199129418
v -0.098825261 0.0532839969 0.10008131
v -0.0941274166 0.0297069829 0.199390724
v -0.094063811 0.000192691368 0.208832622
v -0.0729174018 0.000192691368 0.196170002
v -0.0643248409 0.0313654095 0.170054168
v -0.0496500582 0.000192691383 0.127733767
v -0.0600606129 0.0425745472 0.0841130465
v -0.0674223304 0.132050306 -0.0365267284
v -0.0549086668 0.000192691383 0.0613232404
v -0.0643721893 0.0572165474 -0.0257786456
vt 0.276367188 0.247314453
vt 0.298828125 0.209716797
vt 0.25390625 0.209716797
vt 0.2890625 0.146362305
vt 0.263671875 0.146240234
vt 0.28125 0.067199707
vt 0.271728516 0.0671386719
vt 0.581054688 0.317626953
vt 0.592773438 0.302978516
vt 0.592285156 0.283935547
vt 0.581542969 0.270751953
vt 0.564941406 0.323242188
vt 0.567382812 0.267333984
vt 0.549804688 0.271240234
vt 0.550292969 0.316650391
vt 0.540039062 0.302978516
vt 0.539550781 0.286132812
vt 0.0272979736 0.88671875
vt 0.0167999268 0.825683594
vt 0.00886535645 0.865234375
vt 0.0592041016 0.8125
vt 0.0736694336 0.856933594
vt 0.0919189453 0.791503906
vt 0.0787353516 0.915039062
vt 0.129760742 0.829101562
vt 0.147094727 0.806640625
vt 0.141723633 0.773925781
vt 0.166992188 0.786621094
vt 0.186645508 0.770019531
vt 0.201538086 0.791015625
vt 0.202026367 0.769042969
vt 0.217163086 0.770507812
vt 0.1796875 0.812011719
vt 0.162231445 0.830566406
vt 0.236694336 0.787109375
vt 0.259277344 0.776367188
vt 0.255615234 0.808105469
vt 0.312011719 0.795410156
vt 0.22265625 0.8125
vt 0.201171875 0.811523438
vt 0.200805664 0.829101562
vt 0.185546875 0.833007812
vt 0.271972656 0.831054688
vt 0.239379883 0.831054688
vt 0.216064453 0.833496094
vt 0.326416016 0.860839844
vt 0.343994141 0.818359375
vt 0.346191406 0.898925781
vt 0.381835938 0.887207031
vt 0.385742188 0.833007812
vt 0.396728516 0.865234375
vt 0.326416016 0.921386719
vt 0.282714844 0.854980469
vt 0.251220703 0.852050781
vt 0.292236328 0.87890625
vt 0.270751953 0.868164062
vt 0.219116211 0.83984375
vt 0.217285156 0.858398438
vt 0.246948242 0.866210938
vt 0.274169922 0.891601562
vt 0.285888672 0.905761719
vt 0.245117188 0.919921875
vt 0.209594727 0.836914062
vt 0.24987793 0.896972656
vt 0.224975586 0.882324219
vt 0.291992188 0.934570312
vt 0.306152344 0.949707031
vt 0.254394531 0.978027344
vt 0.247680664 0.948242188
vt 0.199707031 0.950195312
vt 0.200805664 0.986816406
vt 0.161865234 0.977050781
vt 0.151977539 0.947753906
vt 0.154296875 0.919433594
vt 0.116943359 0.947265625
vt 0.113220215 0.903808594
vt 0.199707031 0.919433594
vt 0.199829102 0.905273438
vt 0.107543945 0.876464844
vt 0.125488281 0.889648438
vt 0.117858887 0.853027344
vt 0.129638672 0.866210938
vt 0.149536133 0.851074219
vt 0.183349609 0.857910156
vt 0.153442383 0.864746094
vt 0.149902344 0.895507812
vt 0.175048828 0.881835938
vt 0.200073242 0.877929688
vt 0.200317383 0.860839844
vt 0.182250977 0.839355469
vt 0.196533203 0.84375
vt 0.191772461 0.836425781
vt 0.204589844 0.84375
vt 0.197631836 0.838378906
vt 0.200561523 0.844238281
vt 0.203735352 0.838378906
vt 0.200683594 0.838378906
vt 0.489501953 0.790039062
vt 0.50390625 0.782226562
vt 0.489501953 0.767578125
vt 0.526855469 0.768554688
vt 0.489501953 0.732910156
vt 0.663085938 0.775390625
vt 0.559082031 0.772460938
vt 0.489501953 0.682128906
vt 0.587890625 0.786132812
vt 0.663085938 0.704589844
vt 0.663085938 0.796386719
vt 0.489501953 0.656738281
vt 0.611328125 0.8125
vt 0.596679688 0.824707031
vt 0.620605469 0.829101562
vt 0.663085938 0.815917969
vt 0.663085938 0.834472656
vt 0.663085938 0.849121094
vt 0.627441406 0.849121094
vt 0.627929688 0.867675781
vt 0.663085938 0.882324219
vt 0.624023438 0.89453125
vt 0.635253906 0.913085938
vt 0.663085938 0.921386719
vt 0.646972656 0.931152344
vt 0.663085938 0.958007812
vt 0.666992188 0.542480469
vt 0.686523438 0.542480469
vt 0.681152344 0.524902344
vt 0.689941406 0.5625
vt 0.6640625 0.573730469
vt 0.6484375 0.564941406
vt 0.690917969 0.592285156
vt 0.658691406 0.606445312
vt 0.630859375 0.586425781
vt 0.646972656 0.633789062
vt 0.687988281 0.625976562
vt 0.684570312 0.651367188
vt 0.610839844 0.584472656
vt 0.55859375 0.625976562
vt 0.575195312 0.576660156
vt 0.551269531 0.570800781
vt 0.682128906 0.671386719
vt 0.645019531 0.666503906
vt 0.677246094 0.693359375
vt 0.489501953 0.639160156
vt 0.489501953 0.622070312
vt 0.489501953 0.600585938
vt 0.536621094 0.564941406
vt 0.489501953 0.564453125
vt 0.489501953 0.528320312
vt 0.522460938 0.533203125
vt 0.494873047 0.502441406
vt 0.512207031 0.501464844
vt 0.500976562 0.469482422
vt 0.0293121338 0.970214844
vt 0.0368347168 0.95703125
vt 0.00801086426 0.978027344
vt 0.0499572754 0.973144531
vt 0.0616455078 0.962402344
vt 0.0553588867 0.993652344
vt 0.0686035156 0.983398438
vt 0.0747070312 0.975585938
vt 0.0916137695 0.97265625
vt 0.0556640625 0.9375
vt 0.0848388672 0.954589844
vt 0.109313965 0.96875
vt 0.102844238 0.959472656
vt 0.0848388672 0.939453125
vt 0.0665893555 0.917480469
vt 0.025177002 0.898925781
vt 0.862304688 0.0254516602
vt 0.84375 0.00852966309
vt 0.8125 0.0575256348
vt 0.879882812 0.00852966309
vt 0.90234375 0.0285339355
vt 0.912109375 0.00852966309
vt 0.881835938 0.0364379883
vt 0.913574219 0.0508728027
vt 0.873535156 0.0869750977
vt 0.934082031 0.0291137695
vt 0.931152344 0.0173492432
vt 0.951660156 0.00852966309
vt 0.970703125 0.189575195
vt 0.983398438 0.186401367
vt 0.978515625 0.173706055
vt 0.9609375 0.220581055
vt 0.978027344 0.226196289
vt 0.990234375 0.226196289
vt 0.975097656 0.259277344
vt 0.991699219 0.256347656
vt 0.9453125 0.25390625
vt 0.97265625 0.280517578
vt 0.991699219 0.286132812
vt 0.991699219 0.306396484
vt 0.971679688 0.306640625
vt 0.991699219 0.340332031
vt 0.942382812 0.295166016
vt 0.97265625 0.342041016
vt 0.991699219 0.379882812
vt 0.924316406 0.29296875
vt 0.931640625 0.323242188
vt 0.973632812 0.378662109
vt 0.924316406 0.248046875
vt 0.954589844 0.21862793
vt 0.967773438 0.407714844
vt 0.897949219 0.413818359
vt 0.991699219 0.412597656
vt 0.965332031 0.456787109
vt 0.991699219 0.459960938
vt 0.909667969 0.492431641
vt 0.959960938 0.529296875
vt 0.991699219 0.551757812
vt 0.914550781 0.57421875
vt 0.939453125 0.591796875
vt 0.876464844 0.581054688
vt 0.889160156 0.608398438
vt 0.83203125 0.607910156
vt 0.874023438 0.525390625
vt 0.831542969 0.587890625
vt 0.793945312 0.595214844
vt 0.875 0.470947266
vt 0.831054688 0.448730469
vt 0.836425781 0.538085938
vt 0.7890625 0.577148438
vt 0.763183594 0.579589844
vt 0.807617188 0.514160156
vt 0.80078125 0.541015625
vt 0.76171875 0.56640625
vt 0.740234375 0.567871094
vt 0.740722656 0.556152344
vt 0.721679688 0.553710938
vt 0.73828125 0.529785156
vt 0.764648438 0.537597656
vt 0.767578125 0.514648438
vt 0.714355469 0.511230469
vt 0.682128906 0.512207031
vt 0.647949219 0.463867188
vt 0.745117188 0.505371094
vt 0.794921875 0.487304688
vt 0.70703125 0.467773438
vt 0.756347656 0.470458984
vt 0.650878906 0.395507812
vt 0.629882812 0.401367188
vt 0.767089844 0.429199219
vt 0.715820312 0.426513672
vt 0.653808594 0.368652344
vt 0.629882812 0.372070312
vt 0.723632812 0.386230469
vt 0.733398438 0.337158203
vt 0.650878906 0.346435547
vt 0.629394531 0.345214844
vt 0.784179688 0.387939453
vt 0.634277344 0.319091797
vt 0.618164062 0.332519531
vt 0.615234375 0.305175781
vt 0.59765625 0.322021484
vt 0.606445312 0.288818359
vt 0.642089844 0.304931641
vt 0.632324219 0.278808594
vt 0.659179688 0.258544922
vt 0.61328125 0.263671875
vt 0.678222656 0.292724609
vt 0.635253906 0.254882812
vt 0.620605469 0.235473633
vt 0.651855469 0.244995117
vt 0.644042969 0.231323242
vt 0.6328125 0.23449707
vt 0.630859375 0.213867188
vt 0.740234375 0.287841797
vt 0.813964844 0.289794922
vt 0.757324219 0.242919922
vt 0.826171875 0.243286133
vt 0.798339844 0.336914062
vt 0.836425781 0.319580078
vt 0.84765625 0.346679688
vt 0.87109375 0.3203125
vt 0.841308594 0.397949219
vt 0.891601562 0.360595703
vt 0.880371094 0.290771484
vt 0.8828125 0.244262695
vt 0.93359375 0.212646484
vt 0.9609375 0.19909668
vt 0.94140625 0.191040039
vt 0.969238281 0.176513672
vt 0.949707031 0.167480469
vt 0.978515625 0.140625
vt 0.899414062 0.175048828
vt 0.954589844 0.140136719
vt 0.98046875 0.104187012
vt 0.884277344 0.210083008
vt 0.831054688 0.208496094
vt 0.830078125 0.177368164
vt 0.789550781 0.20703125
vt 0.956542969 0.0998535156
vt 0.981445312 0.0695800781
vt 0.877929688 0.173828125
vt 0.904785156 0.122436523
vt 0.960449219 0.0648803711
vt 0.978515625 0.0409851074
vt 0.925292969 0.0651245117
vt 0.948242188 0.0275421143
vt 0.854980469 0.13671875
vt 0.861816406 0.106506348
vt 0.962890625 0.0407714844
vt 0.967773438 0.00955963135
vt 0.826660156 0.0916748047
vt 0.86328125 0.0812988281
vt 0.835449219 0.0715942383
vt 0.801269531 0.0640869141
vt 0.79296875 0.0861206055
vt 0.780761719 0.0670776367
vt 0.764160156 0.0866699219
vt 0.810546875 0.11505127
vt 0.773925781 0.11505127
vt 0.81640625 0.12322998
vt 0.814453125 0.151000977
vt 0.784179688 0.137573242
vt 0.787597656 0.121337891
vt 0.762695312 0.133789062
vt 0.768554688 0.14453125
vt 0.754394531 0.141967773
vt 0.784179688 0.149902344
vt 0.794433594 0.175048828
vt 0.778808594 0.157470703
vt 0.774902344 0.149169922
vt 0.760253906 0.151733398
vt 0.772949219 0.163696289
vt 0.780761719 0.175292969
vt 0.768066406 0.204345703
vt 0.696289062 0.237060547
vt 0.673339844 0.236206055
vt 0.651855469 0.227905273
vt 0.658203125 0.202514648
vt 0.680175781 0.198730469
vt 0.707519531 0.199829102
vt 0.706542969 0.171508789
vt 0.7734375 0.174316406
vt 0.728027344 0.133056641
vt 0.67578125 0.168579102
vt 0.653808594 0.167480469
vt 0.704589844 0.133544922
vt 0.718261719 0.0927734375
vt 0.66796875 0.13269043
vt 0.648925781 0.119384766
vt 0.673339844 0.0964355469
vt 0.659667969 0.0917358398
vt 0.661621094 0.0649414062
vt 0.690917969 0.0731811523
vt 0.70703125 0.0629882812
vt 0.670898438 0.0661621094
vt 0.661621094 0.037322998
vt 0.673828125 0.0368041992
vt 0.690429688 0.0283813477
vt 0.659179688 0.0129699707
vt 0.327880859 0.965820312
vt 0.278564453 0.991699219
vt 0.320800781 0.991699219
vt 0.3515625 0.991699219
vt 0.359130859 0.97265625
vt 0.361572266 0.965820312
vt 0.392822266 0.982910156
vt 0.392333984 0.991699219
vt 0.426757812 0.991699219
vt 0.401855469 0.967773438
vt 0.392822266 0.961425781
vt 0.383789062 0.954589844
vt 0.0184326172 0.203735352
vt 0.0080947876 0.189331055
vt 0.0080947876 0.203735352
vt 0.0158691406 0.189575195
vt 0.044921875 0.1875
vt 0.0156555176 0.162963867
vt 0.0080947876 0.163330078
vt 0.0080947876 0.148803711
vt 0.0181274414 0.148803711
vt 0.0383300781 0.182739258
vt 0.0383605957 0.169677734
vt 0.0458679199 0.165161133
vt 0.278808594 0.340332031
vt 0.278808594 0.366699219
vt 0.291748047 0.364746094
vt 0.291748047 0.342529297
vt 0.276367188 0.247314453
vt 0.25390625 0.209716797
vt 0.298828125 0.209716797
vt 0.2890625 0.146362305
vt 0.263671875 0.146240234
vt 0.28125 0.067199707
vt 0.271728516 0.0671386719
vt 0.661621094 0.98828125
vt 0.661621094 0.96875
vt 0.600585938 0.96875
vt 0.600585938 0.98828125
vt 0.900390625 0.707519531
vt 0.900390625 0.6875
vt 0.838867188 0.6875
vt 0.838867188 0.707519531
vt 0.760742188 0.650878906
vt 0.760742188 0.588378906
vt 0.697753906 0.588378906
vt 0.697753906 0.650878906
vt 0.737304688 0.0567016602
vt 0.737304688 0.116821289
vt 0.755371094 0.116821289
vt 0.755371094 0.0566101074
vt 0.0296936035 0.276367188
vt 0.0296936035 0.21472168
vt 0.00965118408 0.21484375
vt 0.00965118408 0.276367188
vt 0.919921875 0.678222656
vt 0.919921875 0.615234375
vt 0.857421875 0.615234375
vt 0.857421875 0.678222656
vt 0.318603516 0.353759766
vt 0.308349609 0.353759766
vt 0.308349609 0.363769531
vt 0.318603516 0.363769531
vt 0.211669922 0.354736328
vt 0.223510742 0.365478516
vt 0.223510742 0.354736328
vt 0.211669922 0.365478516
vt 0.528320312 0.459716797
vt 0.513671875 0.446533203
vt 0.513671875 0.459716797
vt 0.528320312 0.446533203
vt 0.348876953 0.364501953
vt 0.339111328 0.355712891
vt 0.339111328 0.364257812
vt 0.348876953 0.355712891
vt 0.271240234 0.268310547
vt 0.282958984 0.280273438
vt 0.282958984 0.268310547
vt 0.271240234 0.280273438
vt 0.612304688 0.446289062
vt 0.599609375 0.446044922
vt 0.599609375 0.467529297
vt 0.613769531 0.466552734
vt 0.598632812 0.479248047
vt 0.626464844 0.465332031
vt 0.623535156 0.444091797
vt 0.614746094 0.483154297
vt 0.59765625 0.493896484
vt 0.637207031 0.490966797
vt 0.592773438 0.482666016
vt 0.580078125 0.480957031
vt 0.600585938 0.543945312
vt 0.576171875 0.5078125
vt 0.579101562 0.526855469
vt 0.588378906 0.548339844
vt 0.578125 0.490722656
vt 0.622558594 0.541015625
vt 0.657714844 0.52734375
vt 0.646972656 0.558105469
vt 0.609863281 0.558105469
vt 0.595214844 0.558105469
vt 0.576660156 0.558105469
vt 0.562011719 0.482666016
vt 0.565917969 0.475585938
vt 0.549316406 0.468994141
vt 0.545898438 0.475830078
vt 0.538085938 0.465820312
vt 0.536132812 0.471435547
vt 0.534179688 0.478027344
vt 0.543457031 0.483398438
vt 0.560546875 0.490478516
vt 0.571777344 0.497314453
vt 0.555664062 0.499267578
vt 0.556152344 0.5078125
vt 0.538085938 0.508300781
vt 0.538085938 0.5
vt 0.525878906 0.501953125
vt 0.526367188 0.508300781
vt 0.526367188 0.514648438
vt 0.538085938 0.515625
vt 0.555664062 0.516113281
vt 0.571777344 0.518066406
vt 0.557617188 0.520996094
vt 0.55859375 0.529785156
vt 0.541992188 0.53125
vt 0.540527344 0.522949219
vt 0.529785156 0.526367188
vt 0.530761719 0.532226562
vt 0.530761719 0.538574219
vt 0.541503906 0.539550781
vt 0.55859375 0.538085938
vt 0.577148438 0.537109375
vt 0.579589844 0.5390625
vt 0.573730469 0.541015625
vt 0.575195312 0.550292969
vt 0.558105469 0.551757812
vt 0.557617188 0.544433594
vt 0.559082031 0.558105469
vt 0.549316406 0.546386719
vt 0.550292969 0.558105469
vt 0.550292969 0.552734375
vt 0.562011719 0.439453125
vt 0.551757812 0.455810547
vt 0.556152344 0.460205078
vt 0.568847656 0.444824219
vt 0.565917969 0.428466797
vt 0.576171875 0.453125
vt 0.562011719 0.465576172
vt 0.59765625 0.435058594
vt 0.586914062 0.423583984
vt 0.568359375 0.40234375
vt 0.562011719 0.420898438
vt 0.547851562 0.418212891
vt 0.609863281 0.403564453
vt 0.625 0.417480469
vt 0.609863281 0.372802734
vt 0.546386719 0.408203125
vt 0.530761719 0.417236328
vt 0.534667969 0.424804688
vt 0.515625 0.426269531
vt 0.51953125 0.432617188
vt 0.508789062 0.437255859
vt 0.505371094 0.431884766
vt 0.510742188 0.420654297
vt 0.502441406 0.427001953
vt 0.525878906 0.410644531
vt 0.536621094 0.403564453
vt 0.541992188 0.391601562
vt 0.567382812 0.379150391
vt 0.54296875 0.373291016
vt 0.568847656 0.352783203
vt 0.609863281 0.336425781
vt 0.5703125 0.336425781
vt 0.553710938 0.336425781
vt 0.548828125 0.349365234
vt 0.531738281 0.336425781
vt 0.520019531 0.394775391
vt 0.520019531 0.403320312
vt 0.530273438 0.346435547
vt 0.515136719 0.336425781
vt 0.539550781 0.359619141
vt 0.527832031 0.357177734
vt 0.537597656 0.362304688
vt 0.514160156 0.344482422
vt 0.508789062 0.336425781
vt 0.512695312 0.353759766
vt 0.507324219 0.343261719
vt 0.506835938 0.351806641
vt 0.520996094 0.37109375
vt 0.520019531 0.363037109
vt 0.50390625 0.36328125
vt 0.533691406 0.382080078
vt 0.517578125 0.386474609
vt 0.520019531 0.379394531
vt 0.500976562 0.389892578
vt 0.504394531 0.370117188
vt 0.493164062 0.363769531
vt 0.503417969 0.376953125
vt 0.492431641 0.369384766
vt 0.492675781 0.375
vt 0.502441406 0.396728516
vt 0.489257812 0.393066406
vt 0.489990234 0.398681641
vt 0.502929688 0.404785156
vt 0.490722656 0.404541016
vt 0.799804688 0.9921875
vt 0.76171875 0.951660156
vt 0.76171875 0.9921875
vt 0.799804688 0.954101562
vt 0.835449219 0.957519531
vt 0.835449219 0.9921875
vt 0.87109375 0.9921875
vt 0.798339844 0.919921875
vt 0.76171875 0.91796875
vt 0.805175781 0.834960938
vt 0.78125 0.834960938
vt 0.8359375 0.834960938
vt 0.836425781 0.920898438
vt 0.871582031 0.918457031
vt 0.864257812 0.834960938
vt 0.870117188 0.947753906
vt 0.905273438 0.918945312
vt 0.888671875 0.834960938
vt 0.905273438 0.952148438
vt 0.905273438 0.9921875
vt 0.771484375 0.604492188
vt 0.771484375 0.621582031
vt 0.786621094 0.606445312
vt 0.786621094 0.620117188
vt 0.0333862305 0.0596008301
vt 0.0269012451 0.0559082031
vt 0.0190124512 0.0590515137
vt 0.0409545898 0.0801391602
vt 0.00942230225 0.0799560547
vt 0.0111846924 0.100280762
vt 0.0398864746 0.100280762
vt 0.901855469 0.741210938
vt 0.932128906 0.741210938
vt 0.921875 0.716796875
vt 0.912109375 0.716796875
vt 0.0378723145 0.138549805
vt 0.0398864746 0.106689453
vt 0.0111846924 0.106689453
vt 0.0162811279 0.138549805
vt 0.318603516 0.353759766
vt 0.308349609 0.363769531
vt 0.308349609 0.353759766
vt 0.318603516 0.363769531
vt 0.211669922 0.354736328
vt 0.223510742 0.354736328
vt 0.223510742 0.365478516
vt 0.211669922 0.365478516
vt 0.528320312 0.459716797
vt 0.513671875 0.459716797
vt 0.513671875 0.446533203
vt 0.528320312 0.446533203
vt 0.348876953 0.364501953
vt 0.339111328 0.364257812
vt 0.339111328 0.355712891
vt 0.348876953 0.355712891
vt 0.271240234 0.268310547
vt 0.282958984 0.268310547
vt 0.282958984 0.280273438
vt 0.271240234 0.280273438
vt 0.612304688 0.446289062
vt 0.599609375 0.467529297
vt 0.599609375 0.446044922
vt 0.613769531 0.466552734
vt 0.598632812 0.479248047
vt 0.626464844 0.465332031
vt 0.623535156 0.444091797
vt 0.614746094 0.483154297
vt 0.59765625 0.493896484
vt 0.637207031 0.490966797
vt 0.592773438 0.482666016
vt 0.580078125 0.480957031
vt 0.600585938 0.543945312
vt 0.576171875 0.5078125
vt 0.579101562 0.526855469
vt 0.588378906 0.548339844
vt 0.578125 0.490722656
vt 0.622558594 0.541015625
vt 0.657714844 0.52734375
vt 0.646972656 0.558105469
vt 0.609863281 0.558105469
vt 0.595214844 0.558105469
vt 0.576660156 0.558105469
vt 0.562011719 0.482666016
vt 0.565917969 0.475585938
vt 0.549316406 0.468994141
vt 0.545898438 0.475830078
vt 0.538085938 0.465820312
vt 0.536132812 0.471435547
vt 0.534179688 0.478027344
vt 0.543457031 0.483398438
vt 0.560546875 0.490478516
vt 0.571777344 0.497314453
vt 0.555664062 0.499267578
vt 0.556152344 0.5078125
vt 0.538085938 0.508300781
vt 0.538085938 0.5
vt 0.525878906 0.501953125
vt 0.526367188 0.508300781
vt 0.526367188 0.514648438
vt 0.538085938 0.515625
vt 0.555664062 0.516113281
vt 0.571777344 0.518066406
vt 0.557617188 0.520996094
vt 0.55859375 0.529785156
vt 0.541992188 0.53125
vt 0.540527344 0.522949219
vt 0.529785156 0.526367188
vt 0.530761719 0.532226562
vt 0.530761719 0.538574219
vt 0.541503906 0.539550781
vt 0.55859375 0.538085938
vt 0.577148438 0.537109375
vt 0.579589844 0.5390625
vt 0.573730469 0.541015625
vt 0.575195312 0.550292969
vt 0.558105469 0.551757812
vt 0.557617188 0.544433594
vt 0.559082031 0.558105469
vt 0.549316406 0.546386719
vt 0.550292969 0.558105469
vt 0.550292969 0.552734375
vt 0.562011719 0.439453125
vt 0.556152344 0.460205078
vt 0.551757812 0.455810547
vt 0.568847656 0.444824219
vt 0.565917969 0.428466797
vt 0.576171875 0.453125
vt 0.562011719 0.465576172
vt 0.59765625 0.435058594
vt 0.586914062 0.423583984
vt 0.568359375 0.40234375
vt 0.562011719 0.420898438
vt 0.547851562 0.418212891
vt 0.609863281 0.403564453
vt 0.625 0.417480469
vt 0.609863281 0.372802734
vt 0.546386719 0.408203125
vt 0.530761719 0.417236328
vt 0.534667969 0.424804688
vt 0.515625 0.426269531
vt 0.51953125 0.432617188
vt 0.508789062 0.437255859
vt 0.505371094 0.431884766
vt 0.510742188 0.420654297
vt 0.502441406 0.427001953
vt 0.525878906 0.410644531
vt 0.536621094 0.403564453
vt 0.541992188 0.391601562
vt 0.567382812 0.379150391
vt 0.54296875 0.373291016
vt 0.568847656 0.352783203
vt 0.609863281 0.336425781
vt 0.5703125 0.336425781
vt 0.553710938 0.336425781
vt 0.548828125 0.349365234
vt 0.531738281 0.336425781
vt 0.520019531 0.394775391
vt 0.520019531 0.403320312
vt 0.530273438 0.346435547
vt 0.515136719 0.336425781
vt 0.539550781 0.359619141
vt 0.527832031 0.357177734
vt 0.537597656 0.362304688
vt 0.514160156 0.344482422
vt 0.508789062 0.336425781
vt 0.512695312 0.353759766
vt 0.507324219 0.343261719
vt 0.506835938 0.351806641
vt 0.520996094 0.37109375
vt 0.520019531 0.363037109
vt 0.50390625 0.36328125
vt 0.533691406 0.382080078
vt 0.517578125 0.386474609
vt 0.520019531 0.379394531
vt 0.500976562 0.389892578
vt 0.504394531 0.370117188
vt 0.493164062 0.363769531
vt 0.503417969 0.376953125
vt 0.492431641 0.369384766
vt 0.492675781 0.375
vt 0.502441406 0.396728516
vt 0.489257812 0.393066406
vt 0.489990234 0.398681641
vt 0.502929688 0.404785156
vt 0.490722656 0.404541016
vt 0.78125 0.834960938
vt 0.805175781 0.834960938
vt 0.76171875 0.91796875
vt 0.798339844 0.919921875
vt 0.8359375 0.834960938
vt 0.76171875 0.951660156
vt 0.836425781 0.920898438
vt 0.799804688 0.954101562
vt 0.871582031 0.918457031
vt 0.864257812 0.834960938
vt 0.799804688 0.9921875
vt 0.76171875 0.9921875
vt 0.835449219 0.957519531
vt 0.835449219 0.9921875
vt 0.87109375 0.9921875
vt 0.905273438 0.918945312
vt 0.888671875 0.834960938
vt 0.870117188 0.947753906
vt 0.905273438 0.952148438
vt 0.905273438 0.9921875
vt 0.771484375 0.604492188
vt 0.786621094 0.606445312
vt 0.771484375 0.621582031
vt 0.786621094 0.620117188
vt 0.0333862305 0.0596008301
vt 0.0190124512 0.0590515137
vt 0.0269012451 0.0559082031
vt 0.0409545898 0.0801391602
vt 0.00942230225 0.0799560547
vt 0.0111846924 0.100280762
vt 0.0398864746 0.100280762
vt 0.901855469 0.741210938
vt 0.912109375 0.716796875
vt 0.921875 0.716796875
vt 0.932128906 0.741210938
vt 0.0378723145 0.138549805
vt 0.0162811279 0.138549805
vt 0.0111846924 0.106689453
vt 0.0398864746 0.106689453
vt 0.0104598999 0.0289459229
vt 0.0188446045 0.0487365723
vt 0.0719604492 0.0469970703
vt 0.0118713379 0.0078086853
vt 0.0377197266 0.0078086853
vt 0.072265625 0.0078086853
vt 0.111999512 0.0517578125
vt 0.127563477 0.0078086853
vt 0.165893555 0.0561218262
vt 0.162841797 0.0078086853
vt 0.213500977 0.0078086853
vt 0.21496582 0.0509033203
vt 0.267333984 0.0488586426
vt 0.265869141 0.0078086853
vt 0.296875 0.0078086853
vt 0.293945312 0.0454711914
vt 0.318359375 0.0078086853
vt 0.329101562 0.0505065918
vt 0.348388672 0.0078086853
vt 0.364990234 0.0547790527
vt 0.380615234 0.0078086853
vt 0.394287109 0.044708252
vt 0.410400391 0.0078086853
vt 0.423583984 0.0384521484
vt 0.4453125 0.0078086853
vt 0.443603516 0.0313110352
vt 0.469238281 0.026184082
vt 0.4609375 0.0556030273
vt 0.479980469 0.0078086853
vt 0.498046875 0.0415344238
vt 0.488037109 0.0211639404
vt 0.514160156 0.0157928467
vt 0.51171875 0.0078086853
vt 0.522949219 0.0229034424
vt 0.5390625 0.0078086853
vt 0.545410156 0.204101562
vt 0.560546875 0.253662109
vt 0.604980469 0.253662109
vt 0.604980469 0.217651367
vt 0.516601562 0.158691406
vt 0.604980469 0.177124023
vt 0.604980469 0.128540039
vt 0.502929688 0.129638672
vt 0.506347656 0.0997314453
vt 0.604980469 0.0796508789
vt 0.521972656 0.0726318359
vt 0.604980469 0.0454711914
vt 0.545410156 0.0502929688
vt 0.604980469 0.00842285156
vt 0.55078125 0.00842285156
vt 0.356201172 0.716796875
vt 0.294189453 0.76171875
vt 0.356201172 0.76171875
vt 0.280029297 0.7265625
vt 0.274414062 0.736816406
vt 0.277832031 0.76171875
vt 0.262695312 0.725097656
vt 0.260986328 0.712890625
vt 0.249145508 0.693359375
vt 0.308105469 0.671386719
vt 0.355957031 0.671875
vt 0.332763672 0.631347656
vt 0.367431641 0.629394531
vt 0.265625 0.613769531
vt 0.301025391 0.623046875
vt 0.300292969 0.594238281
vt 0.334960938 0.611816406
vt 0.335449219 0.578125
vt 0.355224609 0.552246094
vt 0.388671875 0.614257812
vt 0.416503906 0.563476562
vt 0.407470703 0.634277344
vt 0.267333984 0.570800781
vt 0.301269531 0.572265625
vt 0.296875 0.542480469
vt 0.249145508 0.612304688
vt 0.479492188 0.567871094
vt 0.479492188 0.628417969
vt 0.479492188 0.486572266
vt 0.426025391 0.705078125
vt 0.385742188 0.702636719
vt 0.479492188 0.701171875
vt 0.376220703 0.761230469
vt 0.479492188 0.750488281
vt 0.440185547 0.761230469
vt 0.479492188 0.789550781
vt 0.447753906 0.790039062
vt 0.412109375 0.486572266
vt 0.349121094 0.486572266
vt 0.436523438 0.450439453
vt 0.479492188 0.456298828
vt 0.435058594 0.419189453
vt 0.479492188 0.423583984
vt 0.400878906 0.449462891
vt 0.344726562 0.452148438
vt 0.296875 0.442138672
vt 0.293457031 0.486572266
vt 0.249145508 0.486572266
vt 0.392822266 0.420654297
vt 0.466552734 0.354736328
vt 0.479492188 0.380126953
vt 0.479492188 0.337890625
vt 0.474365234 0.337890625
vt 0.424804688 0.357177734
vt 0.391601562 0.368896484
vt 0.345703125 0.378173828
vt 0.345458984 0.418457031
vt 0.297851562 0.401367188
vt 0.249267578 0.395996094
vt 0.300048828 0.376220703
vt 0.264160156 0.373046875
vt 0.249511719 0.4375
vt 0.202270508 0.441650391
vt 0.249145508 0.37109375
vt 0.255615234 0.345214844
vt 0.249145508 0.347900391
vt 0.242797852 0.345214844
vt 0.234130859 0.373046875
vt 0.200927734 0.401367188
vt 0.19909668 0.376220703
vt 0.152954102 0.375488281
vt 0.152954102 0.416748047
vt 0.103820801 0.41796875
vt 0.105041504 0.364013672
vt 0.0592651367 0.416992188
vt 0.0692138672 0.351074219
vt 0.0223388672 0.352783203
vt 0.155273438 0.451416016
vt 0.0972900391 0.448242188
vt 0.154541016 0.486572266
vt 0.0920410156 0.486572266
vt 0.0585327148 0.449462891
vt 0.204956055 0.486572266
vt 0.00911712646 0.456298828
vt 0.00911712646 0.423583984
vt 0.00911712646 0.380126953
vt 0.00911712646 0.338867188
vt 0.0129623413 0.338867188
vt 0.00911712646 0.486572266
vt 0.0787353516 0.563476562
vt 0.00911712646 0.567871094
vt 0.1484375 0.552246094
vt 0.201416016 0.542480469
vt 0.0880737305 0.634277344
vt 0.00911712646 0.628417969
vt 0.105407715 0.614257812
vt 0.129394531 0.629394531
vt 0.0603637695 0.705078125
vt 0.111877441 0.702636719
vt 0.00911712646 0.701171875
vt 0.119140625 0.761230469
vt 0.00911712646 0.750488281
vt 0.0462036133 0.761230469
vt 0.00911712646 0.789550781
vt 0.0408935547 0.790039062
vt 0.167602539 0.577636719
vt 0.164916992 0.612792969
vt 0.169677734 0.631347656
vt 0.13659668 0.671875
vt 0.199707031 0.594238281
vt 0.192382812 0.671386719
vt 0.136962891 0.716796875
vt 0.198608398 0.572265625
vt 0.230957031 0.570800781
vt 0.198852539 0.623046875
vt 0.232788086 0.613769531
vt 0.249145508 0.55078125
vt 0.249145508 0.57421875
vt 0.219360352 0.725585938
vt 0.237182617 0.711914062
vt 0.235229492 0.723144531
vt 0.225219727 0.735351562
vt 0.209594727 0.76171875
vt 0.136962891 0.76171875
vt 0.225708008 0.76171875
vt 0.832519531 0.667480469
vt 0.790039062 0.638183594
vt 0.803222656 0.667480469
vt 0.847167969 0.638183594
vt 0.802246094 0.615234375
vt 0.831542969 0.615234375
vt 0.435791016 0.778808594
vt 0.429199219 0.770507812
vt 0.437255859 0.781738281
vt 0.397949219 0.770507812
vt 0.434326172 0.795898438
vt 0.423583984 0.81640625
vt 0.408935547 0.825195312
vt 0.397216797 0.826660156
vt 0.385253906 0.824707031
vt 0.370849609 0.815917969
vt 0.360595703 0.794921875
vt 0.358398438 0.78125
vt 0.3671875 0.770507812
vt 0.360107422 0.778320312
vt 0.614257812 0.0236816406
vt 0.642089844 0.0101623535
vt 0.616210938 0.0190124512
vt 0.614257812 0.044342041
vt 0.642089844 0.048828125
vt 0.642089844 0.0706787109
vt 0.614257812 0.0723266602
vt 0.642089844 0.0908813477
vt 0.614257812 0.0927734375
vt 0.642089844 0.107421875
vt 0.614257812 0.10736084
vt 0.614257812 0.122070312
vt 0.642089844 0.123840332
vt 0.614257812 0.142700195
vt 0.642089844 0.144287109
vt 0.614257812 0.170898438
vt 0.642089844 0.166503906
vt 0.642089844 0.205200195
vt 0.614257812 0.191650391
vt 0.615722656 0.196289062
vt 0.541503906 0.327636719
vt 0.515625 0.286376953
vt 0.509277344 0.327636719
vt 0.485839844 0.286376953
vt 0.483886719 0.202148438
vt 0.467041016 0.327636719
vt 0.461914062 0.202148438
vt 0.491943359 0.136230469
vt 0.465087891 0.136230469
vt 0.497558594 0.0653686523
vt 0.467041016 0.0653686523
vt 0.439208984 0.0653686523
vt 0.436279297 0.136230469
vt 0.408447266 0.0653686523
vt 0.434570312 0.202148438
vt 0.451904297 0.286376953
vt 0.418945312 0.286376953
vt 0.427978516 0.342529297
vt 0.407958984 0.136230469
vt 0.384765625 0.286376953
vt 0.3828125 0.351806641
vt 0.400390625 0.202148438
vt 0.379882812 0.136230469
vt 0.376708984 0.0653686523
vt 0.348632812 0.286376953
vt 0.34375 0.345703125
vt 0.368408203 0.202148438
vt 0.354492188 0.136230469
vt 0.346679688 0.0653686523
vt 0.319335938 0.286376953
vt 0.313232422 0.338134766
vt 0.341552734 0.202148438
vt 0.327880859 0.136230469
vt 0.319580078 0.0653686523
vt 0.303710938 0.136230469
vt 0.292236328 0.0653686523
vt 0.314697266 0.202148438
vt 0.290527344 0.286376953
vt 0.280761719 0.321044922
vt 0.357910156 0.947265625
vt 0.383789062 0.947265625
vt 0.400878906 0.929199219
vt 0.341796875 0.928222656
vt 0.349853516 0.90625
vt 0.395263672 0.907714844
vt 0.372314453 0.899414062
vt 0.545410156 0.204101562
vt 0.604980469 0.253662109
vt 0.560546875 0.253662109
vt 0.604980469 0.217651367
vt 0.516601562 0.158691406
vt 0.604980469 0.177124023
vt 0.604980469 0.128540039
vt 0.502929688 0.129638672
vt 0.506347656 0.0997314453
vt 0.604980469 0.0796508789
vt 0.521972656 0.0726318359
vt 0.604980469 0.0454711914
vt 0.545410156 0.0502929688
vt 0.604980469 0.00842285156
vt 0.55078125 0.00842285156
vt 0.832519531 0.667480469
vt 0.803222656 0.667480469
vt 0.790039062 0.638183594
vt 0.847167969 0.638183594
vt 0.802246094 0.615234375
vt 0.831542969 0.615234375
vt 0.00899505615 0.327636719
vt 0.0411071777 0.327636719
vt 0.0348815918 0.286376953
vt 0.0646972656 0.286376953
vt 0.0667114258 0.202148438
vt 0.0834960938 0.327636719
vt 0.088684082 0.202148438
vt 0.0586547852 0.136230469
vt 0.0853881836 0.136230469
vt 0.0529785156 0.0653686523
vt 0.0836791992 0.0653686523
vt 0.111450195 0.0653686523
vt 0.114196777 0.136230469
vt 0.142211914 0.0653686523
vt 0.116027832 0.202148438
vt 0.0986938477 0.286376953
vt 0.131713867 0.286376953
vt 0.122497559 0.342529297
vt 0.142700195 0.136230469
vt 0.165893555 0.286376953
vt 0.167724609 0.351806641
vt 0.150268555 0.202148438
vt 0.170654297 0.136230469
vt 0.173828125 0.0653686523
vt 0.202026367 0.286376953
vt 0.20690918 0.345703125
vt 0.182250977 0.202148438
vt 0.196044922 0.136230469
vt 0.203857422 0.0653686523
vt 0.231201172 0.286376953
vt 0.237304688 0.338134766
vt 0.208984375 0.202148438
vt 0.22277832 0.136230469
vt 0.230957031 0.0653686523
vt 0.246826172 0.136230469
vt 0.258544922 0.0653686523
vt 0.235839844 0.202148438
vt 0.260009766 0.286376953
vt 0.269775391 0.321044922
vt 0.357910156 0.947265625
vt 0.400878906 0.929199219
vt 0.383789062 0.947265625
vt 0.341796875 0.928222656
vt 0.349853516 0.90625
vt 0.395263672 0.907714844
vt 0.372314453 0.899414062
vt 0.732910156 0.00771713257
vt 0.711425781 0.0495300293
vt 0.697265625 0.00771713257
vt 0.750976562 0.044921875
vt 0.774902344 0.00771713257
vt 0.80859375 0.00771713257
vt 0.811035156 0.046081543
vt 0.819824219 0.00771713257
vt 0.940917969 0.774902344
vt 0.9921875 0.774902344
vt 0.9921875 0.747558594
vt 0.94921875 0.748535156
vt 0.94921875 0.724609375
vt 0.94921875 0.748535156
vt 0.9921875 0.723144531
vt 0.9921875 0.689941406
vt 0.936035156 0.689941406
vt 0.94921875 0.724609375
vt 0.918457031 0.689941406
vt 0.94921875 0.654785156
vt 0.9921875 0.654785156
vt 0.9921875 0.62890625
vt 0.94921875 0.654785156
vt 0.948730469 0.629882812
vt 0.9921875 0.603027344
vt 0.940917969 0.603027344
vt 0.948730469 0.629882812
vt 0.732910156 0.00771713257
vt 0.697265625 0.00771713257
vt 0.711425781 0.0495300293
vt 0.750976562 0.044921875
vt 0.774902344 0.00771713257
vt 0.80859375 0.00771713257
vt 0.811035156 0.046081543
vt 0.819824219 0.00771713257
vt 0.991699219 0.991699219
vt 0.991699219 0.933105469
vt 0.916992188 0.991699219
vt 0.916992188 0.9296875
vt 0.991699219 0.877929688
vt 0.927734375 0.864746094
vt 0.915039062 0.873046875
vt 0.975585938 0.81640625
vt 0.943847656 0.787109375
vt 0.896484375 0.828125
vt 0.907714844 0.819335938
vt 0.909179688 0.762695312
vt 0.876464844 0.792480469
vt 0.867675781 0.808105469
vt 0.861328125 0.728515625
vt 0.833007812 0.805175781
vt 0.833007812 0.784667969
vt 0.83203125 0.71484375
vt 0.803222656 0.73046875
vt 0.782714844 0.797851562
vt 0.788574219 0.812988281
vt 0.754882812 0.767089844
vt 0.750976562 0.832519531
vt 0.762695312 0.840820312
vt 0.721191406 0.791503906
vt 0.686035156 0.819824219
vt 0.751953125 0.885253906
vt 0.672363281 0.876953125
vt 0.73828125 0.876464844
vt 0.751464844 0.935546875
vt 0.671875 0.934570312
vt 0.751464844 0.991699219
vt 0.672363281 0.991699219
vt 0.508300781 0.9921875
vt 0.508789062 0.909179688
vt 0.457519531 0.98046875
vt 0.562988281 0.979980469
vt 0.454589844 0.905761719
vt 0.509765625 0.83984375
vt 0.416748047 0.94921875
vt 0.400390625 0.89453125
vt 0.408691406 0.85546875
vt 0.433349609 0.825683594
vt 0.480957031 0.801269531
vt 0.510742188 0.796386719
vt 0.540527344 0.803222656
vt 0.58984375 0.829589844
vt 0.563476562 0.90625
vt 0.603027344 0.946777344
vt 0.611816406 0.861328125
vt 0.6171875 0.897460938
vt 0.541992188 0.224853516
vt 0.532226562 0.205444336
vt 0.526855469 0.220581055
vt 0.526855469 0.264160156
vt 0.526855469 0.193847656
vt 0.505371094 0.238525391
vt 0.512695312 0.213867188
vt 0.688476562 0.778808594
vt 0.692382812 0.765136719
vt 0.670898438 0.750976562
vt 0.713867188 0.786621094
vt 0.71875 0.779296875
vt 0.686035156 0.736328125
vt 0.700195312 0.752929688
vt 0.725097656 0.773925781
vt 0.713378906 0.74609375
vt 0.732910156 0.770507812
vt 0.727539062 0.743652344
vt 0.704101562 0.724121094
vt 0.767578125 0.73828125
vt 0.764160156 0.71875
vt 0.791015625 0.7265625
vt 0.724609375 0.699707031
vt 0.795898438 0.708496094
vt 0.813964844 0.706542969
vt 0.765136719 0.697265625
vt 0.805175781 0.694824219
vt 0.81640625 0.693847656
vt 0.8125 0.683105469
vt 0.795410156 0.684570312
vt 0.787109375 0.667480469
vt 0.763183594 0.678222656
vt 0.702148438 0.676269531
vt 0.764160156 0.658691406
vt 0.723632812 0.658691406
vt 0.688476562 0.778808594
vt 0.670898438 0.750976562
vt 0.692382812 0.765136719
vt 0.713867188 0.786621094
vt 0.71875 0.779296875
vt 0.686035156 0.736328125
vt 0.700195312 0.752929688
vt 0.725097656 0.773925781
vt 0.713378906 0.74609375
vt 0.732910156 0.770507812
vt 0.727539062 0.743652344
vt 0.704101562 0.724121094
vt 0.767578125 0.73828125
vt 0.764160156 0.71875
vt 0.791015625 0.7265625
vt 0.724609375 0.699707031
vt 0.795898438 0.708496094
vt 0.813964844 0.706542969
vt 0.765136719 0.697265625
vt 0.805175781 0.694824219
vt 0.81640625 0.693847656
vt 0.8125 0.683105469
vt 0.795410156 0.684570312
vt 0.787109375 0.667480469
vt 0.763183594 0.678222656
vt 0.702148438 0.676269531
vt 0.764160156 0.658691406
vt 0.723632812 0.658691406
vn -0.000147177736 -0.000311586395 1
vn -7.55565197E-05 0.0457998961 0.998950601
vn -7.55679939E-05 0.0457925275 0.998950958
vn 3.68785754E-06 0.323902994 0.946090281
vn 3.68099359E-06 0.323873758 0.946100354
vn 0.000115403309 0.758452177 0.65172863
vn 0.000115403309 0.758452177 0.65172863
vn 0.154249579 -0.952001274 0.264387131
vn 0.165610939 -0.950186551 0.264042526
vn 0.165610939 -0.950186551 0.264042526
vn 0.154454574 -0.951969743 0.26438123
vn 0.152868554 -0.952193737 0.264496326
vn 0.152850851 -0.952197015 0.264494658
vn 0.152538329 -0.952276349 0.264389604
vn 0.152612045 -0.952260792 0.264402807
vn 0.145968705 -0.953632891 0.263206065
vn 0.145968705 -0.953632891 0.263206095
vn -0.852556288 -0.299443662 0.428347141
vn -0.737373888 -0.335624754 0.586204588
vn -0.770225704 -0.323919773 0.549389124
vn -0.884564757 -0.388539046 0.258035809
vn -0.921481907 -0.316947728 0.224533588
vn -0.892901063 -0.42102927 0.159568742
vn -0.922650039 -0.0460024066 0.382884562
vn -0.843402207 -0.378871173 0.380958557
vn -0.718603969 -0.506700575 0.476301312
vn -0.74844712 -0.607224584 0.266655564
vn -0.557094038 -0.555369616 0.61742264
vn -0.455088764 -0.511219025 0.729074299
vn -4.44589059E-05 -0.470648885 0.882320583
vn 1.94714076E-07 -0.514023125 0.857776284
vn 0.45311597 -0.513578713 0.72864449
vn -0.403142244 -0.277669787 0.87199533
vn -0.392045438 -0.0735886693 0.91699779
vn 0.557639122 -0.556084991 0.616285682
vn 0.748830378 -0.607531011 0.26487574
vn 0.718770266 -0.506561279 0.476198554
vn 0.892916918 -0.421181172 0.159077585
vn 0.402668595 -0.276893675 0.872460723
vn -1.30355938E-05 -0.200909674 0.979609787
vn -1.07791639E-05 -0.176938161 0.984221935
vn -0.361870706 -0.0850393027 0.928341508
vn 0.843400478 -0.378990412 0.38084358
vn 0.391321063 -0.0739143491 0.917281091
vn 0.36185801 -0.0850143358 0.92834872
vn 0.952125549 -0.280130714 0.122407652
vn 0.899405062 -0.348701626 0.263586253
vn 0.875286639 -0.302108556 0.377629101
vn 0.805088222 -0.346464336 0.481451333
vn 0.734727681 -0.269113421 0.622698247
vn 0.72075671 -0.270738572 0.638130307
vn 0.943349719 -0.0404626802 0.32932356
vn 0.869883657 -0.234086812 0.434172571
vn 0.378507406 0.10772533 0.919308066
vn 0.928741217 -0.134605974 0.345428795
vn 0.411701828 -0.0317448825 0.910765588
vn 0.40163359 0.115036428 0.908546686
vn 0.445860267 0.210708886 0.869948506
vn 0.226943389 0.14684248 0.962774038
vn 0.391224802 -0.194022283 0.899610221
vn 0.799739718 -0.00292795757 0.60033983
vn 0.352691501 -0.0276524127 0.935331047
vn 0.730291247 -0.507501721 0.457292676
vn 0.244123623 -0.299303442 0.9223997
vn 0.3706581 -0.197771043 0.907468498
vn 0.760046899 0.262226909 0.594613969
vn 0.793449521 0.310525626 0.523461223
vn 0.358172625 0.414868027 0.836419106
vn 0.36006996 0.292412907 0.885914445
vn 0.0493718572 0.268975079 0.961880863
vn 0.128380582 0.442965418 0.88729924
vn -0.308422834 0.426607013 0.850224555
vn -0.394102395 0.247362629 0.885152519
vn -0.352687448 -0.0276723821 0.935331941
vn -0.711825907 0.283812732 0.642459512
vn -0.800369501 0.0372083783 0.598351181
vn 1.0488634E-05 0.0820534304 0.996627986
vn -6.38024744E-07 -0.381123275 0.924524248
vn -0.926003873 -0.13688983 0.351821125
vn -0.391225159 -0.194022447 0.899610043
vn -0.869649708 -0.235299319 0.43398577
vn -0.411578685 -0.0320055187 0.91081202
vn -0.378936142 0.107271507 0.919184566
vn -0.44620347 0.210888073 0.869729042
vn -0.2271166 0.146204636 0.962830305
vn -0.244123206 -0.299302965 0.922399879
vn -0.370658338 -0.197769448 0.907468796
vn 2.18988203E-06 0.0475715585 0.998867869
vn 5.57190151E-06 0.363317281 0.93166548
vn -0.402219325 0.115474299 0.908232033
vn -0.668589294 0.279968262 0.688916624
vn -0.730281949 -0.507510662 0.457297683
vn 0.668595314 0.279968917 0.688910544
vn -0.428672969 -0.603250325 0.672553718
vn -0 0.378411978 0.925637245
vn 0.428673625 -0.603252351 0.672551453
vn -0 -0.583261132 0.812284708
vn -0.730099916 -0.399508029 0.554389179
vn -0.401516408 -0.617041707 0.676789522
vn -0.227055103 -0.503709674 0.833500147
vn -0.0157140121 -0.13304159 0.99098587
vn -0.0686999559 -0.569236696 0.819298506
vn -0.0589826219 -0.533436596 0.843781054
vn -0.0217782818 -0.104020432 0.994336665
vn -0.075309895 -0.427582204 0.900834024
vn -0.140878424 -0.36405763 0.920660257
vn -0.0142809646 -0.486144125 0.873761892
vn 0.0952930376 0.0706563443 0.992938578
vn -0.0577597171 -0.252662987 0.965828717
vn 0.214174747 -0.249271333 0.944453776
vn 0.440254539 -0.853375196 0.279153526
vn 0.192567214 0.0945765153 0.976715505
vn 0.154566407 0.16659683 0.973834991
vn 0.161480829 -0.0360402502 0.986217558
vn 0.096534282 -0.411875635 0.906112373
vn 0.0455956683 -0.410640627 0.910656631
vn 0.155763522 -0.635746539 0.756018579
vn 0.335173726 -0.607025206 0.720540643
vn 0.592182815 -0.596027315 0.542283118
vn 0.58655858 -0.391781807 0.708841443
vn 0.519004405 -0.363243163 0.773749888
vn 0.36190027 -0.391481042 0.846032381
vn 0.36362043 -0.400115997 0.841241598
vn -0.45979929 -0.67278415 0.579608619
vn -0.205291227 -0.838251829 0.505162776
vn -0.232045725 -0.849813282 0.473257035
vn -0.225459635 -0.687152505 0.690644145
vn -0.46864751 -0.1834573 0.864125609
vn -0.903327703 0.423326075 0.0692396164
vn -0.0836837292 -0.242872804 0.96644187
vn -0.383929431 -0.014036743 0.923255801
vn -0.732333124 -0.177217171 0.65748179
vn -0.0687833279 -0.00543030864 0.997616887
vn 0.00374186342 0.0811648741 0.99669373
vn 0.212607265 0.263372332 0.940974593
vn -0.0909625292 -0.553970993 0.827551723
vn -0.0355439 -0.190428078 0.981057525
vn -0.202388123 -0.675767183 0.70878607
vn -0.241183951 -0.691861808 0.680556834
vn 0.384295106 -0.0239663105 0.922899187
vn 0.0149840089 -0.184419066 0.982733488
vn 0.53625524 -0.362648636 0.762178659
vn 0.00409294572 -0.0389175341 0.99923408
vn 0.0322529636 -0.131715924 0.990762651
vn 0.0746400356 -0.327986956 0.94172895
vn 0.183891267 -0.494490445 0.84950757
vn 0.202262148 -0.715337753 0.668866038
vn 0.577729046 -0.653184831 0.489467829
vn 0.770815611 -0.481952846 0.416611075
vn 0.805993378 -0.327081859 0.493347913
vn 0.860819876 -0.174258202 0.47814554
vn 0.788911104 -0.224269181 0.572121024
vn 0.261897355 -0.141475946 0.954669654
vn 0.212575257 -0.242320314 0.946621656
vn 0.339382112 -0.209279075 0.917072475
vn -0.0116490964 -0.431666046 0.901958287
vn 0.252825469 -0.232005358 0.939283133
vn 0.0993754715 -0.905728877 0.412043422
vn 0.182114884 -0.980926991 -0.0679448098
vn 0.553059161 0.630076885 0.545095205
vn 0.152799398 0.45430392 0.877644777
vn 0.0012611436 -0.662180901 0.749342918
vn 0.256159753 -0.437445551 0.861988127
vn 0.0684374422 0.241903454 0.967883766
vn 0.387658775 -0.650378108 0.653245091
vn 0.020047931 -0.77844578 0.627391636
vn -0.13033022 -0.771892428 0.622250795
vn -0.19303675 -0.751377523 0.631006062
vn 0.922619522 0.320527971 0.214557678
vn 0.946471691 0.235276356 0.220989689
vn 0.957476735 0.203860193 0.20415473
vn 0.843226612 0.490572631 0.219789341
vn 0.375386536 0.901449323 -0.215578467
vn 0.514164865 0.735843778 0.440645456
vn 0.443385601 0.830373824 -0.33747378
vn 0.303988218 0.880888641 -0.362803608
vn 0.404273421 0.823548496 -0.39790827
vn -0.124803022 0.975314319 -0.18217057
vn -0.0673331544 0.997720897 -0.00437360955
vn -0.189654902 0.97247237 0.135382921
vn 0.0591515303 0.950500846 0.305039972
vn 0.0201722607 0.938605905 0.344401181
vn 0.403856188 0.763292491 0.50426656
vn -0.398876131 0.916504383 0.0302913487
vn -0.480194598 0.85798496 0.182414383
vn -0.663698673 0.401114345 0.631356835
vn -0.831941783 0.551841915 0.0578219667
vn -0.783426642 0.13766849 0.606044531
vn -0.947329342 0.3202416 -0.00353727699
vn -0.950300455 0.0554202683 -0.306362063
vn -0.83534044 -0.111151241 0.538378894
vn -0.821631134 -0.316698521 0.473945618
vn -0.82058239 -0.24684751 -0.515471399
vn -0.77310884 -0.398139119 0.493748963
vn -0.851858437 -0.156099841 -0.499969929
vn -0.701288998 -0.411135167 -0.582375765
vn -0.7893821 -0.201418921 0.579919219
vn -0.911260962 0.232336432 -0.340034127
vn -0.686808884 -0.149593577 -0.711277366
vn -0.732343078 0.0121670943 -0.680827022
vn -0.917507827 0.330823928 -0.220759764
vn -0.796511471 0.22792761 0.560016394
vn -0.877525747 0.461242765 -0.131162733
vn -0.7211622 0.508487701 -0.470494747
vn -0.874799788 -0.103510782 0.473297983
vn -0.939561486 0.181876794 0.290077537
vn -0.921851873 -0.127742127 0.365883976
vn -0.856552362 0.510102272 0.0781899095
vn -0.907980323 0.180080652 0.378342003
vn -0.846259892 -0.183029205 0.500344336
vn -0.731253028 0.227644548 0.642998397
vn -0.434510887 -0.395760924 0.809057236
vn -0.362332761 0.380988985 0.850624681
vn 0.190417528 -0.344174117 0.919394016
vn 0.461075902 -0.335384518 0.821538985
vn -0.630389988 0.738861203 0.238102064
vn -0.0980220288 0.624205232 0.77508682
vn 0.577400386 -0.277130485 0.767989218
vn -0.602780223 0.766621053 -0.221242309
vn -0.281234354 0.869315803 -0.406444818
vn -0.378627151 0.880487442 0.285277754
vn 0.37870121 0.848964691 0.368570745
vn 0.715166748 -0.231224149 0.659599721
vn -0.175345629 0.971503913 -0.159480751
vn 0.160815164 0.982768357 0.0911308601
vn 0.68745625 0.72579819 0.0249152053
vn 0.686365485 -0.490327746 0.537104368
vn 0.905328095 -0.416327298 -0.0839795768
vn 0.722561419 0.091426529 0.685234368
vn 0.824404299 0.498838335 0.267428339
vn 0.585985422 0.776959419 -0.230119959
vn 0.379867196 0.924432874 -0.0335363038
vn 0.691374719 0.443686336 0.570213377
vn 0.723928034 0.228596479 0.650900841
vn 0.852016687 0.303021222 0.426902354
vn 0.433686197 0.830662966 0.3491638
vn 0.0096913306 0.992307007 -0.123421878
vn 0.792268872 0.60506469 0.0787824243
vn 0.360018253 0.914728284 -0.183464378
vn 0.879241467 0.444446832 -0.17146866
vn 0.838900626 0.0364903249 0.543060005
vn 0.200384095 0.78098309 -0.591533303
vn 0.678220332 0.587549448 -0.441364765
vn 0.754530072 0.0699723661 -0.652524531
vn 0.88592577 -0.171810195 0.430832624
vn 0.537063777 0.33788538 -0.772913933
vn 0.346847415 0.00736253615 -0.937892616
vn 0.724242508 -0.318956405 -0.611342371
vn 0.8035447 -0.498600513 0.325136095
vn 0.0868869126 0.488855064 -0.86802727
vn 0.805683613 -0.579666555 0.12190441
vn 0.700896084 -0.383135259 0.601624489
vn 0.798598349 -0.1979305 0.56838733
vn 0.432052523 -0.318827033 0.84361124
vn 0.885320008 0.1405866 0.443220049
vn 0.830159545 -0.48857528 -0.268568754
vn 0.977634311 0.20872736 0.0257676598
vn 0.775052607 0.136050135 -0.617076933
vn 0.739889503 0.45347622 0.496913254
vn 0.641821802 -0.148670703 -0.752304435
vn 0.478498757 0.852042913 0.212277785
vn 0.380424351 0.596936166 0.706360042
vn 0.125621572 0.919307768 -0.372951001
vn -0.29571265 0.909383178 -0.292534351
vn -0.0810382217 0.970667124 0.226358414
vn -0.146946132 0.938867748 0.311342359
vn 0.298261553 0.0912036076 -0.950116813
vn 0.0430907048 0.248070002 -0.967783272
vn 0.373740971 0.34366402 -0.861517787
vn -0.0440062359 0.467665553 -0.882809341
vn 0.0987959057 0.0319037475 -0.994596183
vn -0.161791697 -0.056402836 -0.98521173
vn -0.390952647 0.220292717 -0.893659353
vn -0.686978698 0.058942344 -0.724283099
vn -0.38376534 0.558477223 -0.735409677
vn -0.666542709 0.100952856 -0.738599598
vn -0.591636062 0.375974834 -0.7131688
vn -0.560242653 0.421028167 -0.71334666
vn -0.85908699 0.384839684 -0.337443531
vn -0.845770776 0.16048269 0.508839071
vn -0.893753886 0.273603469 -0.355450392
vn -0.910338998 -0.21424526 0.354092896
vn -0.888795435 -0.101624966 -0.446894854
vn -0.746915162 -0.644595623 0.163138732
vn -0.698698163 0.178926751 -0.692680418
vn -0.821205318 -0.335005879 -0.461944789
vn -0.438287169 -0.895673454 0.0753224492
vn -0.569258809 0.276103973 -0.774410069
vn -0.205167592 0.28247273 -0.937078118
vn -0.235154077 0.0892654955 -0.967850387
vn 0.453582287 0.365354002 -0.812883496
vn -0.618643939 -0.594385028 -0.513795733
vn -0.00762404967 -0.999197543 -0.0393226705
vn -0.280263901 0.104747325 -0.95419091
vn -0.593387723 -0.128093421 -0.794659078
vn -0.396362662 -0.517908037 -0.758068502
vn 0.498811752 -0.849223793 -0.173221663
vn -0.490851909 -0.167986229 -0.854894757
vn -0.328581154 -0.0303987451 -0.943986416
vn -0.13518025 -0.252330184 -0.958152294
vn 0.000528813864 -0.589399099 -0.807841837
vn -0.133794561 -0.310203522 -0.941208124
vn 0.170199454 -0.321752101 -0.931400955
vn 0.157051399 -0.757588863 -0.633556604
vn -0.209312871 -0.976035476 -0.0595236123
vn -0.0666848645 -0.991291583 0.113551758
vn 0.233364806 -0.972389281 0.000194116059
vn 0.530704319 -0.593679667 -0.604894519
vn 0.571422219 -0.798178971 -0.190753505
vn 0.613460839 -0.221802801 -0.757937491
vn 0.354182154 -0.185496375 -0.916594803
vn 0.516987443 0.0908725709 -0.851155818
vn -0.179513156 -0.379330963 -0.907680094
vn -0.0941107646 -0.103833206 -0.990132213
vn 0.1056941 -0.224439964 -0.968739152
vn 0.0070571606 -0.399992883 -0.916491091
vn 0.314268321 -0.135467395 -0.939619064
vn 0.349512815 0.234234601 -0.907179713
vn 0.192115963 0.0334020965 -0.980803549
vn 0.342012435 0.407503366 -0.846739888
vn 0.481223375 0.308754116 -0.820423663
vn 0.655031562 0.726898372 -0.206282198
vn 0.498746395 0.631663918 -0.59350872
vn 0.381854355 0.910008252 -0.161468759
vn 0.634372354 0.762352228 0.128026426
vn 0.946075261 0.308608711 -0.0985000953
vn 0.380006343 0.16812253 -0.909576833
vn 0.370529354 0.598740935 -0.71008265
vn 0.834460616 0.493056774 -0.246110991
vn 0.956624866 0.242452011 0.161511481
vn 0.918986499 0.26767844 0.289502889
vn 0.880668044 0.336633354 -0.333319128
vn 0.28514576 0.36347425 -0.886892498
vn 0.374755919 -0.179114491 -0.909657061
vn 0.140868902 -0.136535764 -0.98056823
vn 0.0387996286 -0.470183581 -0.881715357
vn 0.936113358 -0.0682174116 -0.345019013
vn 0.936349511 0.143666938 0.320327312
vn 0.404414296 -0.388444334 -0.827985525
vn -0.458227366 0.0354303159 -0.888128579
vn 0.913657963 -0.360131443 -0.188505784
vn 0.872562647 -0.284856588 0.39685151
vn 0.695282936 -0.692136586 -0.193722889
vn 0.535612583 -0.722143412 0.43775329
vn 0.297732204 -0.873896897 0.384265333
vn 0.00814916287 -0.159493402 -0.987165451
vn -0.474611163 0.227961227 -0.85016346
vn 0.521736324 -0.84794116 -0.0937385857
vn 0.584106147 -0.480010211 -0.654530466
vn -0.150658131 0.508894861 -0.847542405
vn -0.557462096 0.72933352 -0.396621555
vn -0.141689986 0.825705886 -0.546016157
vn 0.0328771286 -0.779603541 0.625409722
vn -0.0965899453 -0.66505605 0.740520716
vn -0.0110406512 -0.719070733 0.694849133
vn 0.298992038 -0.825094819 0.479397863
vn 0.176641881 -0.979822576 0.0935172215
vn -0.3526012 -0.654720724 -0.668590426
vn 0.399164736 -0.817724109 -0.414722621
vn 0.750681758 -0.567896724 0.337594777
vn 0.438621819 -0.571012914 -0.693941772
vn 0.0212513302 -0.590279877 -0.806918859
vn -0.49887231 -0.353789657 -0.791175902
vn -0.643160999 -0.253972381 -0.722386301
vn 0.966476619 0.104175188 0.23467119
vn 0.400064379 0.851851523 0.338079065
vn 0.877807975 0.463166744 -0.122187302
vn 0.478729516 0.539181054 0.692893922
vn 0.782552779 -0.257852972 0.566677153
vn -0.476833761 0.541262925 0.69257772
vn -0.400359452 0.85138905 0.338893682
vn -0.877706945 0.464246213 -0.118768305
vn -0.966508567 0.106820665 0.233346164
vn 0.398363054 0.284927398 0.871850491
vn -0.400505126 0.28604126 0.870503306
vn -0.783123195 -0.257003903 0.566274762
vn -0 0.752854168 -0.658187449
vn -0 0.752854049 -0.658187449
vn -0 0.752854049 -0.658187449
vn -0 0.752854049 -0.658187449
vn 0.000146795719 0.000332690775 -1
vn 7.6206612E-05 -0.0438620038 -0.999037623
vn 7.61951742E-05 -0.043869134 -0.999037266
vn -2.44854323E-06 -0.323085636 -0.946369708
vn -2.44185753E-06 -0.323056698 -0.946379542
vn -0.000113523522 -0.759705007 -0.650267899
vn -0.000113523507 -0.759705007 -0.650267839
vn -0.183487713 0.983021379 0.00110588502
vn -0.183487728 0.983021379 0.00110588502
vn -0.183487713 0.983021379 0.0011058849
vn -0.183487728 0.983021379 0.00110588525
vn 0.0048002922 0.00690937694 -0.999964595
vn 0.00480029266 0.00690937694 -0.999964595
vn 0.0048002922 0.00690937694 -0.999964595
vn 0.00480029266 0.00690937787 -0.999964595
vn 0.980441809 0.196809351 -5.72586141E-05
vn 0.980441809 0.196809351 -5.72586141E-05
vn 0.980441809 0.196809366 -5.72586141E-05
vn 0.980441809 0.196809366 -5.72586068E-05
vn 0.21064496 -0.977562666 0
vn 0.21064496 -0.977562666 0
vn 0.210644975 -0.977562666 0
vn 0.21064496 -0.977562666 0
vn -0.0105509758 -0.00781188346 0.999913812
vn -0.0105509758 -0.00781188346 0.999913812
vn -0.0105509758 -0.00781188533 0.999913812
vn -0.0105509767 -0.00781188533 0.999913812
vn -0.974526346 -0.224271417 -0.000874873891
vn -0.974526346 -0.224271402 -0.000874873716
vn -0.974526346 -0.224271417 -0.000874873891
vn -0.974526346 -0.224271417 -0.000874873833
vn 0.47587657 -0.868814766 -0.136756629
vn 0.458867252 -0.852875054 -0.249088317
vn 0.475274473 -0.86836499 -0.141621202
vn 0.485593319 -0.873384178 -0.0374045223
vn 0.500514627 -0.864090323 -0.0532266982
vn 0.500617683 -0.863932669 -0.0547938831
vn 0.503437757 -0.857064009 -0.109506883
vn 0.495862156 -0.868389904 0.00443671923
vn 0.544971287 -0.827805102 0.133210257
vn 0.547500193 -0.830388904 0.10343001
vn 0.55268991 -0.833188891 -0.0181745626
vn 0.528394818 -0.808057725 0.260464102
vn 0.344685495 -0.893842101 -0.286772251
vn 0.3432585 -0.892285287 -0.293258518
vn 0.32232374 -0.867061973 -0.379882872
vn 0.358263403 -0.907289684 -0.220165491
vn -0.0950863808 -0.99294287 -0.0708730593
vn -0.0952689648 -0.99300319 -0.0697748363
vn -0.0874108747 -0.989355862 -0.11633677
vn -0.10115958 -0.994292378 -0.0339049324
vn 0.192262918 -0.344984174 -0.918706119
vn 0.939574778 -0.081896916 0.33240363
vn 0.957228839 -0.180420756 0.226188317
vn 0.17810899 -0.367449611 -0.912829697
vn 0.577339172 -0.151062205 0.802408755
vn -0.993781269 0.0194980223 0.109629959
vn -0.999870181 0.0106023336 0.01213321
vn -0.258769184 -0.43076399 -0.864569724
vn -0.677151203 -0.717441618 -0.163534969
vn -0.961380005 -0.270211279 0.0522914082
vn -0.234758571 -0.34750104 0.907816947
vn -0.144106761 -0.14271459 0.979216933
vn -0.709023893 -0.64447397 -0.286248684
vn -0.64192456 -0.755593538 -0.130427137
vn -0.650471389 -0.751160443 -0.112450115
vn -0.793533027 -0.529628336 -0.299665034
vn -0.684585512 -0.722728729 0.0948994234
vn -0.783520937 -0.461330593 -0.416255832
vn -0.887029886 -0.456737727 -0.0675922781
vn 0.270357877 0.240205497 -0.932313263
vn 0.00863842666 0.219514534 -0.975570977
vn -0.0139031606 0.202188075 -0.979248047
vn -0.0331436843 0.234507814 -0.971549034
vn -0.805880487 -0.566129029 -0.173362508
vn -0.015938757 0.0505430289 0.998594701
vn -0.183911011 -0.049313359 0.98170507
vn -0.78749603 -0.583513975 -0.198397204
vn -0.0201442689 -0.0124988789 0.999718964
vn -0.694261432 -0.704250157 -0.148434341
vn 0.140216112 -0.173410729 -0.974816978
vn 0.1652136 -0.0458089411 -0.985193312
vn 0.192859024 -0.0529946387 -0.979794323
vn 0.759050667 -0.54775244 0.351865709
vn -0.0801276565 -0.153891489 0.984833539
vn -0.826303065 -0.546854198 -0.134809732
vn -0.822090566 -0.551817179 -0.140231699
vn -0.0878909528 -0.153459921 0.984238446
vn 0.0356877521 -0.115785941 0.992632926
vn -0.765527666 -0.632773459 -0.116469391
vn 0.196248353 0.0147349676 -0.980443537
vn 0.0804892033 0.0270981509 -0.996387124
vn 0.100621156 0.0274943225 -0.994544864
vn 0.819046259 -0.552143872 -0.15588595
vn 0.0841305628 -0.183112562 0.979485512
vn -0.840619624 -0.541320264 0.0181913562
vn -0.832286656 -0.552843571 0.0407781824
vn 0.215046778 -0.0921343341 0.972247958
vn 0.521159947 0.0692387521 0.85064584
vn -0.694609106 -0.718148232 0.0422075018
vn 0.257638901 0.232339472 -0.937891543
vn -0.0248721838 0.101629302 -0.994511366
vn -0.0824392214 0.0565360971 -0.994991124
vn 0.157765448 -0.0216264613 -0.987239778
vn 0.682668269 -0.697274446 0.218568698
vn 0.207241654 -0.300950378 0.930848956
vn -0.867468178 -0.492750883 0.068523556
vn -0.843316376 -0.531751573 0.0778317228
vn 0.260510921 -0.262310773 0.929154038
vn -0.190194368 0.159043103 -0.968778312
vn 0.569283307 -0.100359164 0.815993011
vn 0.161580846 0.306757063 -0.937972069
vn -0.787867367 -0.611390471 -0.0739381835
vn 0.957228839 -0.180420756 0.226188317
vn 0.939574778 -0.081896916 0.33240363
vn -0.154803798 0.175297052 0.972268939
vn -0.502712667 0.159753844 0.849563777
vn 0.577339172 -0.151062205 0.802408755
vn -0.993781269 0.0194980223 0.109629959
vn -0.999870181 0.0106023336 0.01213321
vn -0.961380005 -0.270211279 0.0522914082
vn -0.414089233 0.258765161 0.872680128
vn 0.642918885 0.396090746 0.655566394
vn -0.234758571 -0.34750104 0.907816947
vn -0.144106761 -0.14271459 0.979216933
vn 0.228340447 0.231082365 0.945759833
vn -0.887029886 -0.456737727 -0.0675922781
vn 0.836846828 0.545496225 0.0460571423
vn 0.737427294 0.318480611 0.595626593
vn 0.788726568 0.476691842 0.388169199
vn -0.015938757 0.0505430289 0.998594701
vn 0.840216398 0.52311939 0.142767221
vn -0.183911011 -0.049313359 0.98170507
vn -0.0201442689 -0.0124988789 0.999718964
vn 0.831719518 0.531066298 0.161898941
vn 0.1652136 -0.0458089411 -0.985193312
vn 0.140216112 -0.173410729 -0.974816978
vn 0.192859024 -0.0529946387 -0.979794323
vn 0.759050667 -0.54775244 0.351865709
vn 0.934176922 0.311067343 0.174787134
vn 0.887750864 0.456655979 0.0579987131
vn 0.936954618 0.312254876 -0.156884849
vn 0.693476081 0.496641159 -0.521956384
vn 0.270357877 0.240205497 -0.932313263
vn 0.00863842666 0.219514534 -0.975570977
vn -0.0139031606 0.202188075 -0.979248047
vn 0.71652019 0.375026792 -0.588178337
vn -0.0331436843 0.234507814 -0.971549034
vn 0.878733158 0.454171181 0.146821663
vn -0.0801276565 -0.153891489 0.984833539
vn 0.830218077 0.42290765 -0.363162696
vn -0.190194368 0.159043103 -0.968778312
vn 0.682668269 -0.697274446 0.218568698
vn 0.207241654 -0.300950378 0.930848956
vn 0.157765448 -0.0216264613 -0.987239778
vn 0.897998035 0.424184263 -0.116907351
vn 0.161580846 0.306757063 -0.937972069
vn 0.260510921 -0.262310773 0.929154038
vn 0.906067669 0.417847067 -0.0666735619
vn 0.569283307 -0.100359164 0.815993011
vn 0.889452875 0.453770578 -0.0544589236
vn -0.0824392214 0.0565360971 -0.994991124
vn -0.0248721838 0.101629302 -0.994511366
vn 0.819046259 -0.552143872 -0.15588595
vn 0.100621156 0.0274943225 -0.994544864
vn 0.0841305628 -0.183112562 0.979485512
vn 0.0804892033 0.0270981509 -0.996387124
vn 0.877275169 0.477683008 -0.0469816551
vn 0.257638901 0.232339472 -0.937891543
vn 0.215046778 -0.0921343341 0.972247958
vn 0.854026973 0.515728772 -0.0682773516
vn 0.521159947 0.0692387521 0.85064584
vn 0.871614397 0.473551244 0.126639903
vn 0.196248353 0.0147349676 -0.980443537
vn 0.869109631 0.473055512 0.144454032
vn -0.0878909528 -0.153459921 0.984238446
vn 0.0356877521 -0.115785941 0.992632926
vn 0.152394593 -0.20924297 0.965915799
vn -0.81136924 -0.584502161 0.0060873162
vn -0.755971193 -0.654594779 0.00364705105
vn 0.057309363 -0.032685373 0.997821212
vn 0.794488132 0.600099266 -0.0931093693
vn 0.842113197 0.53284198 -0.0832148641
vn -0.118365534 0.00795758422 -0.992938221
vn 0.201125354 0.111786537 0.973166108
vn -0.821406245 -0.569813609 0.0245810784
vn 0.228340447 0.231082365 0.945759833
vn -0.887029886 -0.456737727 -0.0675922781
vn 0.836846828 0.545496225 0.0460571423
vn 0.827166736 0.561244428 0.0282829534
vn 0.163433567 0.130098075 -0.977938652
vn 0.270357877 0.240205497 -0.932313263
vn -0.0698399991 0.0482824557 -0.996389151
vn -0.821406245 -0.569813609 0.0245810784
vn -0.887029886 -0.456737727 -0.0675922781
vn -0.81136924 -0.584502161 0.0060873162
vn -0.755971193 -0.654594779 0.00364705105
vn -0 -1 0
vn -0 -1 0
vn -0 -1 0
vn -0 -1 0
vn -0 -1 0
vn -0 -1 0
vn -0 -1 0
vn -0 -1 0
vn -0 -1 0
vn -0 -1 0
vn -0 -1 0
vn -0.00222936086 -0.126648813 0.991945088
vn -0.0022293611 -0.126648813 0.991945088
vn -0.00222936086 -0.126648843 0.991945088
vn -0.00222936133 -0.126648828 0.991945088
vn -0.00228646118 -0.83558172 -0.549361467
vn -0.00228646118 -0.83558166 -0.549361467
vn -0.00228646118 -0.83558166 -0.549361587
vn -0.00228646095 -0.83558166 -0.549361467
vn -0.475876451 -0.868814111 -0.136761114
vn -0.475274324 -0.868364275 -0.141625896
vn -0.458866507 -0.852872729 -0.249097675
vn -0.485593319 -0.873384178 -0.0374045223
vn -0.500513256 -0.864091218 -0.0532244071
vn -0.503436804 -0.857064605 -0.109506689
vn -0.500616372 -0.863933563 -0.0547916479
vn -0.495860249 -0.868390977 0.00444115698
vn -0.544971228 -0.827805281 0.133209154
vn -0.55268991 -0.833188891 -0.018174557
vn -0.547500193 -0.830389023 0.103429131
vn -0.528395057 -0.808058262 0.260462165
vn -0.344685316 -0.893841982 -0.286772698
vn -0.322324097 -0.867064655 -0.379876345
vn -0.343258411 -0.892285407 -0.293258518
vn -0.358263224 -0.907288313 -0.220171079
vn 0.0950863659 -0.99294287 -0.0708730593
vn 0.0874108747 -0.989355862 -0.11633677
vn 0.0952689499 -0.99300319 -0.0697748363
vn 0.101159558 -0.994292378 -0.0339049324
vn -0.192263201 -0.344984204 -0.918706119
vn -0.957229078 -0.180420667 0.22618793
vn -0.939574778 -0.0818972364 0.332403451
vn -0.178109169 -0.367449582 -0.912829578
vn -0.577339768 -0.151061922 0.802408278
vn 0.993781269 0.0194982812 0.109629661
vn 0.999870181 0.0106023485 0.0121325515
vn 0.258768886 -0.43076399 -0.864569902
vn 0.677151322 -0.717441559 -0.163535058
vn 0.961380005 -0.27021119 0.0522911139
vn 0.234758943 -0.347501427 0.907816648
vn 0.144106731 -0.142714739 0.979216874
vn 0.709023893 -0.64447397 -0.286248714
vn 0.641924441 -0.755593777 -0.130426839
vn 0.65047127 -0.751160562 -0.112449646
vn 0.793532848 -0.529628336 -0.299665689
vn 0.684585631 -0.72272867 0.094899565
vn 0.783520877 -0.461330563 -0.416255981
vn 0.887029827 -0.456737757 -0.0675923303
vn -0.270358264 0.240205809 -0.932312965
vn -0.00863841735 0.219514355 -0.975570977
vn 0.0139036067 0.202187851 -0.979248047
vn 0.0331434347 0.234508082 -0.971549034
vn 0.805880308 -0.566129148 -0.173362717
vn 0.0159394406 0.0505423695 0.998594701
vn 0.183912694 -0.0493140407 0.981704712
vn 0.787495971 -0.583513737 -0.198398009
vn 0.020144131 -0.01249828 0.999718964
vn 0.694261491 -0.704250097 -0.148434818
vn -0.140216053 -0.173410729 -0.974816978
vn -0.165213436 -0.0458096676 -0.985193312
vn -0.192858666 -0.0529956929 -0.979794323
vn -0.759050786 -0.54775238 0.351865292
vn 0.0801274553 -0.153891712 0.984833539
vn 0.826303124 -0.546854317 -0.134809241
vn 0.822090507 -0.551817238 -0.140231624
vn 0.0878906995 -0.153459862 0.984238446
vn -0.0356872156 -0.115785331 0.992632926
vn 0.765528202 -0.632772863 -0.116469212
vn -0.196248651 0.0147351185 -0.980443418
vn -0.0804893076 0.0270984974 -0.996387124
vn -0.100621387 0.0274944305 -0.994544864
vn -0.819044828 -0.552145362 -0.155887827
vn -0.0841300935 -0.183112651 0.979485512
vn 0.840619802 -0.541320026 0.0181914959
vn 0.832286894 -0.552843273 0.0407777429
vn -0.215046823 -0.0921337679 0.972247958
vn -0.521160841 0.0692391172 0.850645304
vn 0.694609284 -0.718148112 0.042204421
vn -0.257638961 0.232340634 -0.937891245
vn 0.024872195 0.101629719 -0.994511366
vn 0.082440123 0.0565363951 -0.994991124
vn -0.157764658 -0.0216281153 -0.987239897
vn -0.682665586 -0.697276711 0.2185698
vn -0.207241222 -0.300950736 0.930848956
vn 0.867467821 -0.492751718 0.0685234293
vn 0.843315959 -0.531752229 0.0778315887
vn -0.260510892 -0.262311995 0.929153621
vn 0.190194026 0.15904294 -0.968778312
vn -0.569283128 -0.100361086 0.815992832
vn -0.16157949 0.306754112 -0.93797332
vn 0.787867963 -0.611390173 -0.0739336461
vn -0.957229078 -0.180420667 0.22618793
vn 0.15480341 0.175296813 0.972268939
vn -0.939574778 -0.0818972364 0.332403451
vn 0.502712488 0.159754172 0.849563837
vn -0.577339768 -0.151061922 0.802408278
vn 0.993781269 0.0194982812 0.109629661
vn 0.999870181 0.0106023485 0.0121325515
vn 0.961380005 -0.27021119 0.0522911139
vn 0.414089113 0.258765608 0.872680128
vn -0.642919064 0.396090835 0.655566275
vn 0.234758943 -0.347501427 0.907816648
vn 0.144106731 -0.142714739 0.979216874
vn -0.228340462 0.231082395 0.945759833
vn 0.887029827 -0.456737757 -0.0675923303
vn -0.836846828 0.545496285 0.046057146
vn -0.737427235 0.318480611 0.595626652
vn -0.788726628 0.476691604 0.388169229
vn 0.0159394406 0.0505423695 0.998594701
vn -0.840216756 0.523119092 0.142766744
vn 0.183912694 -0.0493140407 0.981704712
vn 0.020144131 -0.01249828 0.999718964
vn -0.831719518 0.531066477 0.161898315
vn -0.165213436 -0.0458096676 -0.985193312
vn -0.140216053 -0.173410729 -0.974816978
vn -0.192858666 -0.0529956929 -0.979794323
vn -0.759050786 -0.54775238 0.351865292
vn -0.934177041 0.311067194 0.17478703
vn -0.887750864 0.456655979 0.0579987206
vn -0.936954618 0.312254608 -0.156885952
vn -0.693476021 0.496641189 -0.521956325
vn -0.270358264 0.240205809 -0.932312965
vn -0.00863841735 0.219514355 -0.975570977
vn 0.0139036067 0.202187851 -0.979248047
vn -0.716520131 0.375026345 -0.588178635
vn 0.0331434347 0.234508082 -0.971549034
vn -0.878733158 0.454170883 0.146822378
vn 0.0801274553 -0.153891712 0.984833539
vn -0.830218136 0.422908068 -0.363161892
vn 0.190194026 0.15904294 -0.968778312
vn -0.682665586 -0.697276711 0.2185698
vn -0.207241222 -0.300950736 0.930848956
vn -0.157764658 -0.0216281153 -0.987239897
vn -0.897998095 0.424183816 -0.116907552
vn -0.16157949 0.306754112 -0.93797332
vn -0.260510892 -0.262311995 0.929153621
vn -0.906068504 0.417844743 -0.0666762441
vn -0.569283128 -0.100361086 0.815992832
vn -0.889452696 0.453770995 -0.0544585809
vn 0.082440123 0.0565363951 -0.994991124
vn 0.024872195 0.101629719 -0.994511366
vn -0.819044828 -0.552145362 -0.155887827
vn -0.100621387 0.0274944305 -0.994544864
vn -0.0841300935 -0.183112651 0.979485512
vn -0.0804893076 0.0270984974 -0.996387124
vn -0.87727499 0.477683246 -0.046981629
vn -0.257638961 0.232340634 -0.937891245
vn -0.215046823 -0.0921337679 0.972247958
vn -0.854026675 0.515729189 -0.0682774484
vn -0.521160841 0.0692391172 0.850645304
vn -0.871614337 0.473551154 0.126640826
vn -0.196248651 0.0147351185 -0.980443418
vn -0.869109392 0.473055691 0.144454673
vn 0.0878906995 -0.153459862 0.984238446
vn -0.0356872156 -0.115785331 0.992632926
vn 0.887029827 -0.456737757 -0.0675923303
vn -0.228340462 0.231082395 0.945759833
vn 0.821406245 -0.56981355 0.0245810132
vn -0.201125011 0.111786239 0.973166227
vn -0.836846828 0.545496285 0.046057146
vn 0.81136924 -0.58450222 0.00608701399
vn -0.827166736 0.561244309 0.0282831006
vn -0.0573091581 -0.0326858312 0.997821212
vn -0.163434014 0.130098373 -0.977938533
vn -0.270358264 0.240205809 -0.932312965
vn -0.152394772 -0.209243223 0.96591574
vn 0.755971134 -0.654594839 0.00364670041
vn -0.794488311 0.600099146 -0.0931089669
vn -0.842113316 0.532841921 -0.0832146704
vn 0.118365154 0.0079578422 -0.99293834
vn 0.821406245 -0.56981355 0.0245810132
vn 0.887029827 -0.456737757 -0.0675923303
vn 0.0698396116 0.0482826419 -0.996389151
vn 0.81136924 -0.58450222 0.00608701399
vn 0.755971134 -0.654594839 0.00364670041
vn -0 -1 0
vn -0 -1 0
vn -0 -1 0
vn -0 -1 0
vn -0 -1 0
vn -0 -1 0
vn -0 -1 0
vn -0 -1 0
vn -0 -1 0
vn -0 -1 0
vn -0 -1 0
vn 0.0022293427 -0.126648843 0.991945088
vn 0.00222934317 -0.126648843 0.991945088
vn 0.00222934317 -0.126648843 0.991945088
vn 0.0022293427 -0.126648813 0.991945088
vn 0.00228646677 -0.83558172 -0.549361467
vn 0.0022864663 -0.83558166 -0.549361467
vn 0.00228646654 -0.83558166 -0.549361587
vn 0.00228646654 -0.83558166 -0.549361467
vn 0.121780068 -0.540982783 0.832170248
vn 0.100953214 -0.46843189 0.877712965
vn 0.323006928 -0.849657238 0.416832298
vn 0.25885573 -0.714282095 0.650226831
vn 0.448890328 -0.793776751 0.410385042
vn 0.640692234 -0.766981602 0.035394907
vn 0.617828012 -0.773953259 -0.138869882
vn 0.661208689 -0.719201028 -0.213431358
vn 0.640555024 -0.749533832 -0.166997597
vn 0.62400043 -0.745839655 -0.233123556
vn 0.603883624 -0.791903079 -0.0906322002
vn 0.654120743 -0.755173326 0.0428872667
vn 0.477232248 -0.876066387 0.0689716414
vn 0.444884181 -0.895301878 -0.0226408225
vn 0.331238389 -0.790257752 0.515532553
vn 0.0633886456 -0.419924557 0.905342638
vn -0.0196622889 -0.127897844 0.991592407
vn -0.101608537 0.0328559205 0.994281769
vn -0.102768108 0.0713572204 0.992142558
vn -0.0365522765 -0.0105857998 0.999275744
vn 0.0257474575 -0.00543926144 0.999653697
vn 0.293207556 -0.267722458 0.91779846
vn 0.398386568 -0.25114584 0.882164299
vn 0.492344052 -0.383303255 0.781457603
vn 0.414308906 -0.642563581 0.644562006
vn 0.686928689 -0.709266782 0.158334091
vn 0.464738429 -0.852789402 -0.238261163
vn 0.569817662 -0.383106321 -0.72700578
vn -0.188332841 -0.8883214 0.418826789
vn 0.331750453 -0.40680173 -0.851148665
vn -0.090481244 -0.84007746 -0.534867227
vn -0.284536213 -0.659616888 -0.695661426
vn -0.766657889 -0.596124768 0.238476455
vn 0.0569456071 -0.392088532 -0.91816318
vn -0.567027152 -0.538669407 -0.623149574
vn -0.429563165 -0.135542035 -0.892806768
vn -0.943999171 -0.286711514 0.163285121
vn -0.898608267 -0.396315247 0.188248262
vn -0.592391849 -0.224727049 -0.77367276
vn 0.37392661 0.308464974 -0.874658942
vn 0.0229649264 0.0838653371 -0.996212482
vn 0.837854624 0.495398492 -0.229303285
vn 0.816165686 0.535883188 -0.216108382
vn 0.806365848 0.48212707 0.342530996
vn 0.651267648 0.296922833 0.698346138
vn 0.478394449 0.243808895 0.843620777
vn -0.246815905 -0.224783868 0.942631423
vn -0.532057047 -0.258503199 0.806282461
vn -0.898608267 -0.396315247 0.188248262
vn -0.943999171 -0.286711514 0.163285121
vn 0.288599581 0.836634934 0.465566516
vn 0.417829633 0.882736981 -0.214927271
vn 0.292148381 0.950626016 -0.104688466
vn 0.309511572 0.787857056 0.532431901
vn 0.884363234 -0.0423817746 0.464871466
vn 0.725658357 0.356321901 -0.588603973
vn 0.699822605 -0.208496273 0.683211207
vn 0.599383056 0.16529566 0.783209622
vn -0 0.760514438 0.649321079
vn 0.217258856 0.776940882 0.590898812
vn 0.785614967 0.415367752 0.458561629
vn 0.789471924 0.523768961 0.320000291
vn 0.984604776 -0.13615939 -0.109608971
vn 0.0073328726 0.560790241 0.827925503
vn 0.242877975 0.707603335 0.663556874
vn 0.432115883 0.00481730746 0.901805162
vn 0.973604083 -0.0489316918 0.222936511
vn 0.846751869 -0.496264458 0.191658556
vn 0.967427015 -0.24001351 0.0804889351
vn 0.920668423 -0.289994001 -0.261291146
vn 0.606323957 -0.27802664 -0.745031953
vn 0.166231662 -0.264827758 -0.94985956
vn -0.0314259045 -0.420667201 0.906670511
vn 0.3908571 -0.607777417 0.691257775
vn 0.522549868 -0.249428213 0.815308094
vn -0 0.472492963 0.881334424
vn -0 -0.190171495 -0.981750906
vn -0 -0.198881283 -0.980023623
vn -0 0.146609098 -0.989194512
vn 0.167420283 0.34412697 -0.923876047
vn 0.199017823 0.517626345 -0.832138717
vn -0 0.0566170439 -0.998395979
vn 0.292148381 0.950626016 -0.104688466
vn -0 0.52477777 -0.851239264
vn 0.417829633 0.882736981 -0.214927271
vn -2.36396232E-07 0.42012471 -0.907466471
vn 0.725658357 0.356321901 -0.588603973
vn 0.783716977 0.056427177 -0.618549645
vn 0.970244944 -0.0425737426 0.238353103
vn 0.289503962 0.546270788 -0.785987139
vn -0 0.415370911 -0.909652233
vn 0.211870953 0.0914480761 -0.973009765
vn -0 -0.0650536865 -0.997881711
vn 0.775463939 0.511343956 -0.370382309
vn 0.867679715 0.344072163 0.358812273
vn 0.354493558 -0.104573019 0.929192543
vn 0.494478226 -0.0589477606 0.867188811
vn -0 -0.068216309 0.997670472
vn 0.893214107 0.330373138 -0.30499506
vn -0.518148065 -0.214679942 -0.827910006
vn -0 -0.680880666 -0.732394338
vn -0 -0.985274673 -0.170978934
vn -0.951872408 -0.305741191 -0.0214775242
vn 0.288976103 -0.0777536705 -0.954173505
vn 0.909474671 0.0457384512 -0.413235843
vn 0.897397518 0.0740592033 0.434963316
vn 0.906143188 0.198708951 0.373389095
vn 0.339256614 -0.186680332 0.921984553
vn -0 -0.350940883 0.936397552
vn 0.226469547 -0.0511268079 0.972675443
vn -0.30204767 -0.390988708 0.869422197
vn -0 -0.168407977 0.985717416
vn -0.354493499 -0.104572967 0.929192543
vn -0 -0.898744404 0.438472778
vn -0.951872408 -0.305741191 -0.0214775242
vn -0 -0.985274673 -0.170978934
vn 0.951872289 -0.305741221 -0.0214775726
vn 0.30204767 -0.390988737 0.869422197
vn -0.339256555 -0.186680317 0.921984553
vn -0.226469502 -0.0511268266 0.972675443
vn -0.897397518 0.0740591511 0.434963137
vn -0.906143188 0.198708922 0.373388916
vn -0.893214047 0.330373168 -0.304995418
vn -0.909474611 0.0457384028 -0.413236022
vn -0.211870775 0.0914480165 -0.973009765
vn -0.288976103 -0.0777536705 -0.954173505
vn 0.518148065 -0.214679942 -0.827910006
vn -0.867679715 0.344072223 0.358812243
vn -0.77546382 0.511343956 -0.370382369
vn -0.970244944 -0.0425737426 0.238353163
vn -0.783717036 0.0564272664 -0.618549526
vn -0.289503992 0.546270788 -0.78598696
vn -0.494478106 -0.058947742 0.867188811
vn -0 0.415370911 -0.909652233
vn -0 -0.0650536865 -0.997881711
vn -0 -0.680880666 -0.732394338
vn -0 -0.985274673 -0.170978934
vn 0.951872289 -0.305741221 -0.0214775726
vn -0 0.146609098 -0.989194512
vn -0.606323957 -0.278026611 -0.745031834
vn -0 -0.190171495 -0.981750906
vn -0.967427015 -0.240013555 0.0804888457
vn -0.522549808 -0.249428242 0.815308034
vn -0.166231677 -0.264827818 -0.94985956
vn -0 -0.198881283 -0.980023623
vn -0.920668423 -0.289994001 -0.261291146
vn -0.984604776 -0.136159346 -0.109608881
vn -0.167420298 0.34412688 -0.923876166
vn -0.199017838 0.517626286 -0.832138777
vn -0 0.0566170439 -0.998395979
vn -0.292148411 0.950626016 -0.104688004
vn -0 0.52477777 -0.851239264
vn -0.417829782 0.88273716 -0.21492669
vn -2.36396232E-07 0.42012471 -0.907466471
vn -0.725659132 0.356322348 -0.588602781
vn -0.846751928 -0.496264428 0.191657871
vn -0.973604202 -0.0489318222 0.222936034
vn -0.789471924 0.523769021 0.320000201
vn -0.785614908 0.415367663 0.458561867
vn -0.43211624 0.00481726089 0.901805103
vn -0.217258856 0.776940823 0.59089905
vn -0.288599521 0.836634576 0.465567201
vn -0.39085713 -0.607777476 0.691257715
vn 0.0314257517 -0.420667231 0.906670511
vn -0.242878079 0.707603514 0.663556635
vn -0.00733296992 0.560790241 0.827925503
vn -0 -0.282850355 0.959164023
vn -1.48842162E-07 -0.377337277 0.926075935
vn -0.309511453 0.787856758 0.532432437
vn -0.599383056 0.16529578 0.783209622
vn -0.699822605 -0.208496362 0.683211207
vn -0.884363115 -0.0423817746 0.464871615
vn -0.417829782 0.88273716 -0.21492669
vn -0.292148411 0.950626016 -0.104688004
vn -0.725659132 0.356322348 -0.588602781
vn 0.601239085 -0.791277111 -0.111319646
vn 0.602797568 -0.790861309 -0.105705149
vn 0.602752626 -0.789177895 -0.117845751
vn 0.601968825 -0.791628718 -0.104677781
vn 0.603821576 -0.791154444 -0.0973357335
vn 0.602502465 -0.793283582 -0.0877043903
vn -0.453808159 0.0666518062 0.88860321
vn -0.927416742 0.366913468 0.0726131797
vn -0.816883028 0.562498569 -0.127661422
vn -1.03887189E-07 0.864493668 0.502643883
vn -0.841627479 0.539970756 0.00973747298
vn -0.77255857 0.46617943 0.431080014
vn -0.450003922 0.397368312 0.799746811
vn -0 0.377353072 0.926069498
vn 0.450003564 0.397368103 0.799747109
vn 0.772558391 0.466179371 0.43108055
vn 0.841627419 0.539970815 0.00973803084
vn 0.816883266 0.562498569 -0.127660051
vn 0.927416742 0.366913468 0.0726131797
vn 0.453808159 0.0666514039 0.88860333
vn 0.359905958 0.502193749 0.786300898
vn 0.654856324 0.459188372 0.600257635
vn -0.384157389 0.0508054532 0.921868742
vn 0.745173097 0.479143053 0.463830739
vn 0.784230709 0.502153754 0.364449829
vn 0.784347713 0.605466723 -0.134939909
vn 0.803794324 0.579921722 -0.132685587
vn 0.558334172 0.681279242 -0.473414838
vn 0.561657429 0.681494534 -0.469154716
vn -0 0.725289226 -0.688444316
vn -0 0.73001647 -0.683429658
vn -0.561657429 0.681494534 -0.469154716
vn -0.558334172 0.681279242 -0.473414838
vn -0.803794384 0.579921782 -0.132685199
vn -0.784347713 0.605466723 -0.134939566
vn -0.74517262 0.479142815 0.463831663
vn -0.784230351 0.502153635 0.364450961
vn -0.654855728 0.459188074 0.600258529
vn -0.359905869 0.502193749 0.786300898
vn 0.384158224 0.0508055091 0.921868324
vn -0.951872408 -0.305741191 -0.0214775242
vn -0.995668769 -0.0736805573 0.0566988364
vn -0.518148065 -0.214679942 -0.827910006
vn -0.583954513 -0.021768583 -0.81149447
vn -0.995547652 0.0174437277 0.0926317945
vn 0.288976103 -0.0777536705 -0.954173505
vn -0.607702017 0.0755690187 -0.790561616
vn -0.996126711 0.073706679 0.0479475446
vn -0.690584481 0.105478778 -0.715519011
vn -0.99719739 0.0699000135 0.026669953
vn -0.69440943 0.0766338632 -0.715487778
vn 0.221404925 0.0942738801 -0.970614314
vn 0.1567038 0.13437596 -0.978461504
vn 0.913961768 0.110964388 -0.390334159
vn 0.0841903836 0.0855900496 -0.992766976
vn 0.140570372 -0.0398350731 -0.989269078
vn 0.846194088 -0.117877439 -0.519673467
vn 0.909474671 0.0457384512 -0.413235843
vn 0.907989323 0.135621041 -0.396437109
vn 0.874239504 -0.159408033 0.458578557
vn 0.897397518 0.0740592033 0.434963316
vn 0.993969798 -0.0230896417 -0.107195571
vn 0.899541736 0.157462984 0.407467902
vn 0.887330532 0.177615851 0.42555514
vn 0.12004593 -0.17412433 0.977378964
vn 0.226469547 -0.0511268079 0.972675443
vn 0.249519959 -0.11736577 0.961230993
vn 0.193867236 0.155604973 0.968608499
vn 0.206603914 0.226114526 0.95193851
vn -0.538764 -0.167619526 0.825613081
vn -0.30204767 -0.390988708 0.869422197
vn -0.495297045 -0.0770185217 0.865302801
vn -0.617047369 0.111627147 0.778968573
vn -0.626447499 0.162589565 0.762317717
vn -0.996126711 0.073706679 0.0479475446
vn -0.99719739 0.0699000135 0.026669953
vn -0.995547652 0.0174437277 0.0926317945
vn -0.995668769 -0.0736805573 0.0566988364
vn -0.951872408 -0.305741191 -0.0214775242
vn 0.0130218593 -0.999879718 0.00842954032
vn 0.0130218584 -0.999879718 0.00842954032
vn 0.0104586426 -0.999941707 0.00268918672
vn 0.0105152261 -0.999940753 0.00281589385
vn 0.00893034786 -0.999960184 7.92894862E-05
vn 0.00893589016 -0.999960065 7.98680703E-05
vn -0.00485863537 -0.999987245 -0.00136001746
vn 0.429563165 -0.135542035 -0.892806768
vn 0.898608267 -0.396315277 0.188247859
vn 0.94399929 -0.286711603 0.163284808
vn 0.592391849 -0.22472702 -0.773672819
vn -0.373926491 0.308464825 -0.874659002
vn -0.0229649264 0.0838653594 -0.996212482
vn -0.837854624 0.495398492 -0.229303181
vn -0.816165626 0.535883129 -0.216108948
vn -0.806366026 0.482127249 0.342530698
vn -0.651267588 0.296922773 0.698346138
vn -0.478394508 0.243808895 0.843620777
vn 0.246815875 -0.224783987 0.942631423
vn 0.532057106 -0.258503318 0.806282341
vn 0.898608267 -0.396315277 0.188247859
vn 0.94399929 -0.286711603 0.163284808
vn -0.601239085 -0.791277111 -0.111319803
vn -0.602752745 -0.789178073 -0.117843099
vn -0.602797568 -0.790861309 -0.105704978
vn -0.601968765 -0.791628718 -0.104678147
vn -0.603821576 -0.791154444 -0.0973357335
vn -0.602502286 -0.793283582 -0.0877043605
vn 0.951872289 -0.305741221 -0.0214775726
vn 0.518148065 -0.214679942 -0.827910006
vn 0.995668769 -0.0736805573 0.0566988438
vn 0.583954513 -0.0217685774 -0.81149447
vn 0.995547652 0.0174437277 0.0926317945
vn -0.288976103 -0.0777536705 -0.954173505
vn 0.607701957 0.0755690113 -0.790561497
vn 0.996126711 0.073706679 0.0479475074
vn 0.690584481 0.105478756 -0.715519011
vn 0.99719739 0.0699000061 0.0266699251
vn 0.69440943 0.0766338408 -0.715487719
vn -0.221404955 0.0942738652 -0.970614314
vn -0.156703815 0.134375989 -0.978461504
vn -0.913961768 0.11096438 -0.390334159
vn -0.0841903538 0.0855900496 -0.992766976
vn -0.140570402 -0.0398350805 -0.989269078
vn -0.846194088 -0.117877424 -0.519673467
vn -0.909474611 0.0457384028 -0.413236022
vn -0.907989323 0.135621041 -0.396437109
vn -0.874239504 -0.159408048 0.458578587
vn -0.897397518 0.0740591511 0.434963137
vn -0.993969798 -0.0230896343 -0.107195571
vn -0.899541736 0.157462955 0.407467902
vn -0.887330532 0.177615851 0.42555505
vn -0.120045915 -0.17412433 0.977378964
vn -0.226469502 -0.0511268266 0.972675443
vn -0.249520019 -0.11736574 0.961230993
vn -0.193867236 0.155604973 0.968608499
vn -0.2066039 0.226114526 0.95193851
vn 0.53876406 -0.167619511 0.825613081
vn 0.30204767 -0.390988737 0.869422197
vn 0.495296985 -0.0770185143 0.865302801
vn 0.61704731 0.111627124 0.778968573
vn 0.626447499 0.162589565 0.762317717
vn 0.996126711 0.073706679 0.0479475074
vn 0.99719739 0.0699000061 0.0266699251
vn 0.995547652 0.0174437277 0.0926317945
vn 0.995668769 -0.0736805573 0.0566988438
vn 0.951872289 -0.305741221 -0.0214775726
vn -0.0130218584 -0.999879718 0.00842955336
vn -0.0104586426 -0.999941707 0.002689193
vn -0.0130218584 -0.999879718 0.00842955336
vn -0.0105152261 -0.999940753 0.00281590084
vn -0.00893034693 -0.999960184 7.92915162E-05
vn -0.00893588923 -0.999960065 7.98701221E-05
vn 0.00485863583 -0.999987245 -0.001360061
vn -0.566262364 -0.715906322 -0.408442289
vn -0.568586528 -0.669289768 -0.478289366
vn -0.568586469 -0.669289768 -0.478289366
vn -0.522014678 -0.772518575 -0.361546338
vn -0.403561234 -0.901437223 -0.156681716
vn -0.242981449 -0.952630639 -0.182907194
vn -0 -0.97893244 -0.204184785
vn -0 -0.9827016 -0.185196072
vn -0.38761875 0.0428111069 -0.920825124
vn -0.327794373 0.0828494802 -0.9411093
vn -0.740767598 -0.00223686034 -0.671757579
vn -0.762198746 -0.0644670129 -0.644124985
vn -0.909407556 -0.153302386 0.386621505
vn -0.762198746 -0.0644670129 -0.644124985
vn -0.942777097 -0.109431423 0.314954281
vn -0 -0.166169897 0.986097157
vn -1.08239632E-07 0.0198572408 0.999802887
vn -0.909407556 -0.153302386 0.386621505
vn -0 0.45084843 0.892600536
vn 0.909407437 -0.153302327 0.386621773
vn 0.942776978 -0.109431408 0.314954281
vn 0.740767479 -0.00223685335 -0.671757758
vn 0.909407437 -0.153302327 0.386621773
vn 0.762198508 -0.0644669607 -0.644125402
vn 0.327794373 0.0828494504 -0.9411093
vn 0.38761878 0.0428111069 -0.920825124
vn 0.762198508 -0.0644669607 -0.644125402
vn 0.566262245 -0.715906143 -0.408442765
vn 0.56858623 -0.669289529 -0.478289902
vn 0.56858629 -0.669289529 -0.478289902
vn 0.522014558 -0.772518396 -0.361546874
vn 0.403561294 -0.901437223 -0.156681716
vn 0.242981449 -0.95263052 -0.18290776
vn -0 -0.97893244 -0.204184785
vn -0 -0.9827016 -0.185196072
vn 0.114325821 -0.646584392 -0.754226983
vn -0.194838509 -0.748269022 -0.634138465
vn 0.0989976674 -0.705793679 -0.701466024
vn -0.291007847 -0.818712533 -0.49499923
vn -0.501305342 -0.801311016 -0.326486588
vn -0.56173563 -0.825843275 -0.0493548401
vn -0.226651266 -0.965480268 0.128363162
vn -0.695922792 -0.705228209 0.135442048
vn -0.593470514 -0.660680413 0.459667653
vn -0.248166382 -0.849186838 0.466149241
vn -0.523777544 -0.716582656 0.460615337
vn -0.358870238 -0.416743457 0.835186839
vn -0.261683017 -0.420596004 0.868689239
vn -0.194268674 -0.645456016 0.738678694
vn -0.0909514874 -0.204702899 0.974589407
vn 0.130859613 -0.510180593 0.850053787
vn 0.0950764418 -0.284946173 0.953816593
vn 0.0453128368 -0.141789168 0.988859177
vn 0.185801625 -0.183476567 0.96530515
vn 0.428319842 -0.354848027 0.831038475
vn 0.496842951 -0.504957616 0.705808043
vn 0.459926695 -0.357836127 0.812662721
vn 0.765300691 -0.553350806 0.32881251
vn 0.531193197 -0.746032059 0.401584446
vn 0.73625201 -0.468234539 0.488558471
vn 0.862830222 -0.497270674 0.0908066407
vn 0.525391281 -0.847960949 0.0701871067
vn 0.746819139 -0.614426434 -0.254443049
vn 0.767525971 -0.630138874 -0.117596276
vn 0.510286212 -0.689961195 -0.513382614
vn 0.44684881 -0.658791244 -0.60524404
vn 0.0989976674 -0.705793679 -0.701466024
vn 0.114325821 -0.646584392 -0.754226983
vn -0.125244841 0.936108947 -0.328654498
vn -0.145538718 0.911665201 -0.384298205
vn -0.344105244 0.884704411 -0.314467192
vn 0.0664341897 0.942727685 -0.326880515
vn -0.410624772 0.86530602 -0.287459075
vn -0.15470989 0.948765635 -0.275515318
vn -0.358331323 0.875079811 -0.325321317
vn -0.288096577 0.937389433 -0.195707485
vn -0.350939751 0.927454174 -0.12911211
vn -0.550778508 0.811622262 -0.194710642
vn -0.584389091 0.787672102 -0.195094898
vn -0.152964637 0.968756378 -0.195225269
vn 0.315745473 0.925677836 -0.208387837
vn 0.270756304 0.946263611 -0.176850617
vn 0.125116095 0.948260605 -0.291801214
vn 0.0796069726 0.933555424 -0.349481195
vn 0.0446298346 0.993872046 -0.101126567
vn 0.00340119703 0.9801808 -0.198075727
vn -0.686978698 0.058942344 -0.724283099
vn -0.877248883 0.469635725 -0.0993813872
vn -0.443018913 0.180764437 -0.878099382
vn -0.390952647 0.220292717 -0.893659353
vn -0.343434751 0.453630656 -0.822357476
vn -0.161791697 -0.056402836 -0.98521173
vn 0.0610332154 0.163527161 -0.984649003
vn -0.998562753 -0.00307970284 -0.0535065606
vn -0.876163006 -0.111489967 -0.468943894
vn -0.965903163 0.257570505 -0.0262429919
vn -0.924486756 -0.343569756 -0.165178746
vn -0.757359564 -0.393347412 -0.521233439
vn -0.00209630327 0.321799487 -0.946805537
vn -0.0214615427 -0.0437073968 -0.998813868
vn 0.759681225 -0.358824909 -0.542336702
vn 0.837317884 -0.0921593159 -0.538892865
vn 0.923404455 -0.318760008 -0.21381335
vn 0.995889366 0.0314572603 -0.0849402994
vn 0.957626522 0.282749742 -0.054808829
vn 0.991060317 0.123836577 -0.0496387929
vn 0.92277348 0.360165298 0.137004018
vn 0.940887868 0.306418896 0.144352064
vn 0.00408338103 0.81810832 0.575049579
vn 0.594731033 0.722090542 0.353383958
vn 0.670362175 0.287016779 0.684277654
vn 0.0171217341 0.858545959 0.512450576
vn 0.00214646338 0.854576051 0.519321918
vn -0.0518141314 0.304389209 0.951137424
vn -0.795819998 0.203466624 0.570326149
vn -0.655539453 0.692351282 0.301525444
vn -0.966817975 0.240955755 0.0848723948
vn -0.938034594 0.319672942 0.133791611
vn -0.965903163 0.257570505 -0.0262429919
vn -0.995708942 0.0851721168 -0.0361834168
vn -0.998562753 -0.00307970284 -0.0535065606
vn 0.998562753 -0.00307972264 -0.0535065494
vn 0.965903163 0.257570446 -0.0262430124
vn 0.876163006 -0.111489967 -0.468943894
vn 0.924486756 -0.343569726 -0.165178657
vn 0.757359564 -0.393347412 -0.521233439
vn 0.00209633214 0.321799457 -0.946805537
vn 0.0214615092 -0.0437074155 -0.998813868
vn -0.759681225 -0.35882479 -0.542336762
vn -0.837317884 -0.0921592787 -0.538892865
vn -0.923404574 -0.318759978 -0.213813335
vn -0.995889366 0.0314572603 -0.0849402994
vn -0.957626522 0.282749832 -0.0548088141
vn -0.991060317 0.123836562 -0.0496387891
vn -0.92277348 0.360165328 0.137004018
vn -0.940887749 0.306419045 0.144352064
vn -0.00408348348 0.818108439 0.57504952
vn -0.594730973 0.722090662 0.353383958
vn -0.670362175 0.28701672 0.684277654
vn -0.0171217043 0.858546078 0.512450576
vn -0.00214644265 0.854576051 0.519321918
vn 0.0518141352 0.304389268 0.951137424
vn 0.795819998 0.203466684 0.570326149
vn 0.655539453 0.692351401 0.301525384
vn 0.966817975 0.24095577 0.0848724023
vn 0.938034594 0.319672883 0.133791596
vn 0.965903163 0.257570446 -0.0262430124
vn 0.995708942 0.085172087 -0.0361834168
vn 0.998562753 -0.00307972264 -0.0535065494
g A_Hero_Monica_body_lod1_0
f 3/3/3 2/2/2 1/1/1
f 4/4/4 2/2/2 3/3/3
f 5/5/5 4/4/4 3/3/3
f 4/4/4 5/5/5 6/6/6
f 5/5/5 7/7/7 6/6/6
f 10/10/10 9/9/9 8/8/8
f 11/11/11 10/10/10 8/8/8
f 11/11/11 8/8/8 12/12/12
f 13/13/13 11/11/11 12/12/12
f 14/14/14 13/13/13 12/12/12
f 15/15/15 14/14/14 12/12/12
f 15/15/15 16/16/16 14/14/14
f 16/16/16 17/17/17 14/14/14
f 20/20/20 19/19/19 18/18/18
f 19/19/19 21/21/21 18/18/18
f 18/18/18 21/21/21 22/22/22
f 21/21/21 23/23/23 22/22/22
f 24/24/24 18/18/18 22/22/22
f 23/23/23 25/25/25 22/22/22
f 23/23/23 26/26/26 25/25/25
f 26/26/26 23/23/23 27/27/27
f 27/27/27 28/28/28 26/26/26
f 28/28/28 27/27/27 29/29/29
f 30/30/30 28/28/28 29/29/29
f 31/31/31 30/30/30 29/29/29
f 30/30/30 31/31/31 32/32/32
f 26/26/26 28/28/28 33/33/33
f 28/28/28 30/30/30 33/33/33
f 26/26/26 34/34/34 25/25/25
f 26/26/26 33/33/33 34/34/34
f 35/35/35 30/30/30 32/32/32
f 36/36/36 35/35/35 32/32/32
f 35/35/35 36/36/36 37/37/37
f 38/38/38 37/37/37 36/36/36
f 39/39/39 30/30/30 35/35/35
f 35/35/35 37/37/37 39/39/39
f 30/30/30 40/40/40 33/33/33
f 40/40/40 30/30/30 39/39/39
f 40/40/40 41/41/41 33/33/33
f 41/41/41 40/40/40 39/39/39
f 41/41/41 42/42/42 33/33/33
f 42/42/42 34/34/34 33/33/33
f 37/37/37 38/38/38 43/43/43
f 44/44/44 39/39/39 37/37/37
f 44/44/44 37/37/37 43/43/43
f 45/45/45 41/41/41 39/39/39
f 44/44/44 45/45/45 39/39/39
f 43/43/43 38/38/38 46/46/46
f 38/38/38 47/47/47 46/46/46
f 47/47/47 48/48/48 46/46/46
f 48/48/48 47/47/47 49/49/49
f 47/47/47 50/50/50 49/49/49
f 50/50/50 51/51/51 49/49/49
f 48/48/48 52/52/52 46/46/46
f 43/43/43 46/46/46 53/53/53
f 44/44/44 43/43/43 54/54/54
f 54/54/54 43/43/43 53/53/53
f 55/55/55 53/53/53 46/46/46
f 55/55/55 46/46/46 52/52/52
f 54/54/54 53/53/53 56/56/56
f 53/53/53 55/55/55 56/56/56
f 57/57/57 45/45/45 44/44/44
f 54/54/54 58/58/58 44/44/44
f 58/58/58 57/57/57 44/44/44
f 54/54/54 56/56/56 59/59/59
f 54/54/54 59/59/59 58/58/58
f 56/56/56 55/55/55 60/60/60
f 59/59/59 56/56/56 60/60/60
f 52/52/52 61/61/61 55/55/55
f 60/60/60 55/55/55 61/61/61
f 62/62/62 60/60/60 61/61/61
f 57/57/57 63/63/63 45/45/45
f 63/63/63 41/41/41 45/45/45
f 64/64/64 59/59/59 60/60/60
f 62/62/62 64/64/64 60/60/60
f 65/65/65 59/59/59 64/64/64
f 59/59/59 65/65/65 58/58/58
f 64/64/64 62/62/62 65/65/65
f 61/61/61 52/52/52 66/66/66
f 67/67/67 66/66/66 52/52/52
f 66/66/66 67/67/67 68/68/68
f 61/61/61 66/66/66 69/69/69
f 68/68/68 69/69/69 66/66/66
f 69/69/69 62/62/62 61/61/61
f 69/69/69 68/68/68 70/70/70
f 69/69/69 70/70/70 62/62/62
f 68/68/68 71/71/71 70/70/70
f 72/72/72 70/70/70 71/71/71
f 72/72/72 73/73/73 70/70/70
f 70/70/70 73/73/73 74/74/74
f 75/75/75 73/73/73 72/72/72
f 75/75/75 76/76/76 73/73/73
f 76/76/76 74/74/74 73/73/73
f 24/24/24 76/76/76 75/75/75
f 70/70/70 77/77/77 62/62/62
f 77/77/77 70/70/70 74/74/74
f 62/62/62 77/77/77 78/78/78
f 78/78/78 77/77/77 74/74/74
f 78/78/78 65/65/65 62/62/62
f 79/79/79 76/76/76 24/24/24
f 24/24/24 22/22/22 79/79/79
f 74/74/74 76/76/76 80/80/80
f 76/76/76 79/79/79 80/80/80
f 81/81/81 79/79/79 22/22/22
f 22/22/22 25/25/25 81/81/81
f 79/79/79 81/81/81 82/82/82
f 79/79/79 82/82/82 80/80/80
f 25/25/25 83/83/83 81/81/81
f 82/82/82 81/81/81 83/83/83
f 83/83/83 25/25/25 34/34/34
f 84/84/84 83/83/83 34/34/34
f 85/85/85 82/82/82 83/83/83
f 82/82/82 85/85/85 80/80/80
f 84/84/84 85/85/85 83/83/83
f 86/86/86 74/74/74 80/80/80
f 85/85/85 86/86/86 80/80/80
f 74/74/74 86/86/86 87/87/87
f 87/87/87 86/86/86 85/85/85
f 74/74/74 87/87/87 78/78/78
f 84/84/84 87/87/87 85/85/85
f 88/88/88 78/78/78 87/87/87
f 88/88/88 87/87/87 84/84/84
f 78/78/78 88/88/88 65/65/65
f 88/88/88 89/89/89 65/65/65
f 89/89/89 88/88/88 84/84/84
f 89/89/89 58/58/58 65/65/65
f 90/90/90 84/84/84 34/34/34
f 42/42/42 90/90/90 34/34/34
f 90/90/90 91/91/91 84/84/84
f 91/91/91 89/89/89 84/84/84
f 90/90/90 42/42/42 92/92/92
f 91/91/91 90/90/90 92/92/92
f 42/42/42 41/41/41 92/92/92
f 89/89/89 93/93/93 58/58/58
f 93/93/93 57/57/57 58/58/58
f 63/63/63 57/57/57 93/93/93
f 94/94/94 91/91/91 92/92/92
f 94/94/94 92/92/92 41/41/41
f 91/91/91 95/95/95 89/89/89
f 89/89/89 95/95/95 93/93/93
f 95/95/95 91/91/91 94/94/94
f 96/96/96 63/63/63 93/93/93
f 63/63/63 96/96/96 41/41/41
f 93/93/93 95/95/95 96/96/96
f 97/97/97 95/95/95 94/94/94
f 97/97/97 94/94/94 41/41/41
f 95/95/95 97/97/97 96/96/96
f 96/96/96 97/97/97 41/41/41
f 100/100/100 99/99/99 98/98/98
f 99/99/99 100/100/100 101/101/101
f 100/100/100 102/102/102 101/101/101
f 101/101/101 102/102/102 103/103/103
f 104/104/104 101/101/101 103/103/103
f 102/102/102 105/105/105 103/103/103
f 106/106/106 104/104/104 103/103/103
f 105/105/105 107/107/107 103/103/103
f 106/106/106 103/103/103 108/108/108
f 105/105/105 109/109/109 107/107/107
f 110/110/110 106/106/106 108/108/108
f 110/110/110 111/111/111 106/106/106
f 112/112/112 111/111/111 110/110/110
f 112/112/112 110/110/110 108/108/108
f 113/113/113 112/112/112 108/108/108
f 114/114/114 112/112/112 113/113/113
f 114/114/114 115/115/115 112/112/112
f 112/112/112 115/115/115 116/116/116
f 117/117/117 116/116/116 115/115/115
f 118/118/118 117/117/117 115/115/115
f 119/119/119 117/117/117 118/118/118
f 118/118/118 120/120/120 119/119/119
f 118/118/118 121/121/121 120/120/120
f 121/121/121 122/122/122 120/120/120
f 122/122/122 121/121/121 123/123/123
f 126/126/126 125/125/125 124/124/124
f 127/127/127 124/124/124 125/125/125
f 127/127/127 128/128/128 124/124/124
f 124/124/124 128/128/128 129/129/129
f 127/127/127 130/130/130 128/128/128
f 128/128/128 131/131/131 129/129/129
f 128/128/128 130/130/130 131/131/131
f 129/129/129 131/131/131 132/132/132
f 132/132/132 131/131/131 133/133/133
f 130/130/130 134/134/134 131/131/131
f 134/134/134 133/133/133 131/131/131
f 134/134/134 135/135/135 133/133/133
f 132/132/132 133/133/133 136/136/136
f 133/133/133 137/137/137 136/136/136
f 136/136/136 137/137/137 138/138/138
f 137/137/137 139/139/139 138/138/138
f 135/135/135 140/140/140 133/133/133
f 140/140/140 141/141/141 133/133/133
f 141/141/141 137/137/137 133/133/133
f 140/140/140 142/142/142 141/141/141
f 142/142/142 107/107/107 141/141/141
f 109/109/109 141/141/141 107/107/107
f 141/141/141 109/109/109 137/137/137
f 143/143/143 137/137/137 109/109/109
f 137/137/137 143/143/143 144/144/144
f 145/145/145 137/137/137 144/144/144
f 145/145/145 146/146/146 137/137/137
f 145/145/145 147/147/147 146/146/146
f 146/146/146 147/147/147 148/148/148
f 148/148/148 149/149/149 146/146/146
f 149/149/149 148/148/148 150/150/150
f 150/150/150 151/151/151 149/149/149
f 150/150/150 152/152/152 151/151/151
f 155/155/155 154/154/154 153/153/153
f 153/153/153 154/154/154 156/156/156
f 157/157/157 156/156/156 154/154/154
f 156/156/156 157/157/157 158/158/158
f 159/159/159 158/158/158 157/157/157
f 159/159/159 157/157/157 160/160/160
f 157/157/157 161/161/161 160/160/160
f 157/157/157 154/154/154 162/162/162
f 163/163/163 161/161/161 157/157/157
f 163/163/163 157/157/157 162/162/162
f 164/164/164 161/161/161 163/163/163
f 163/163/163 165/165/165 164/164/164
f 165/165/165 163/163/163 166/166/166
f 163/163/163 167/167/167 166/166/166
f 163/163/163 162/162/162 167/167/167
f 167/167/167 162/162/162 168/168/168
f 171/171/171 170/170/170 169/169/169
f 169/169/169 170/170/170 172/172/172
f 173/173/173 169/169/169 172/172/172
f 174/174/174 173/173/173 172/172/172
f 173/173/173 175/175/175 169/169/169
f 173/173/173 176/176/176 175/175/175
f 176/176/176 177/177/177 175/175/175
f 178/178/178 176/176/176 173/173/173
f 179/179/179 173/173/173 174/174/174
f 179/179/179 178/178/178 173/173/173
f 174/174/174 180/180/180 179/179/179
f 178/178/178 179/179/179 180/180/180
f 183/183/183 182/182/182 181/181/181
f 184/184/184 181/181/181 182/182/182
f 185/185/185 184/184/184 182/182/182
f 185/185/185 182/182/182 186/186/186
f 185/185/185 187/187/187 184/184/184
f 186/186/186 187/187/187 185/185/185
f 186/186/186 188/188/188 187/187/187
f 187/187/187 189/189/189 184/184/184
f 190/190/190 187/187/187 188/188/188
f 189/189/189 187/187/187 190/190/190
f 190/190/190 188/188/188 191/191/191
f 190/190/190 191/191/191 192/192/192
f 190/190/190 192/192/192 193/193/193
f 194/194/194 193/193/193 192/192/192
f 190/190/190 193/193/193 195/195/195
f 189/189/189 190/190/190 195/195/195
f 194/194/194 196/196/196 193/193/193
f 195/195/195 193/193/193 196/196/196
f 196/196/196 194/194/194 197/197/197
f 198/198/198 189/189/189 195/195/195
f 199/199/199 195/195/195 196/196/196
f 195/195/195 199/199/199 198/198/198
f 196/196/196 197/197/197 200/200/200
f 199/199/199 196/196/196 200/200/200
f 198/198/198 201/201/201 189/189/189
f 202/202/202 189/189/189 201/201/201
f 197/197/197 203/203/203 200/200/200
f 203/203/203 204/204/204 200/200/200
f 197/197/197 205/205/205 203/203/203
f 206/206/206 203/203/203 205/205/205
f 206/206/206 205/205/205 207/207/207
f 203/203/203 206/206/206 208/208/208
f 208/208/208 204/204/204 203/203/203
f 209/209/209 206/206/206 207/207/207
f 209/209/209 208/208/208 206/206/206
f 209/209/209 207/207/207 210/210/210
f 211/211/211 209/209/209 210/210/210
f 211/211/211 208/208/208 209/209/209
f 211/211/211 210/210/210 212/212/212
f 213/213/213 211/211/211 212/212/212
f 212/212/212 214/214/214 213/213/213
f 215/215/215 213/213/213 214/214/214
f 211/211/211 216/216/216 208/208/208
f 216/216/216 211/211/211 213/213/213
f 215/215/215 217/217/217 213/213/213
f 218/218/218 217/217/217 215/215/215
f 208/208/208 219/219/219 204/204/204
f 216/216/216 219/219/219 208/208/208
f 219/219/219 220/220/220 204/204/204
f 216/216/216 220/220/220 219/219/219
f 221/221/221 216/216/216 213/213/213
f 217/217/217 221/221/221 213/213/213
f 218/218/218 222/222/222 217/217/217
f 223/223/223 222/222/222 218/218/218
f 224/224/224 216/216/216 221/221/221
f 224/224/224 220/220/220 216/216/216
f 221/221/221 217/217/217 225/225/225
f 217/217/217 222/222/222 225/225/225
f 221/221/221 225/225/225 224/224/224
f 223/223/223 226/226/226 222/222/222
f 222/222/222 226/226/226 225/225/225
f 226/226/226 223/223/223 227/227/227
f 228/228/228 226/226/226 227/227/227
f 229/229/229 228/228/228 227/227/227
f 230/230/230 226/226/226 228/228/228
f 229/229/229 230/230/230 228/228/228
f 226/226/226 231/231/231 225/225/225
f 230/230/230 231/231/231 226/226/226
f 232/232/232 225/225/225 231/231/231
f 232/232/232 224/224/224 225/225/225
f 230/230/230 232/232/232 231/231/231
f 233/233/233 230/230/230 229/229/229
f 234/234/234 233/233/233 229/229/229
f 235/235/235 233/233/233 234/234/234
f 230/230/230 233/233/233 236/236/236
f 230/230/230 236/236/236 232/232/232
f 237/237/237 224/224/224 232/232/232
f 224/224/224 237/237/237 220/220/220
f 235/235/235 238/238/238 233/233/233
f 236/236/236 233/233/233 238/238/238
f 232/232/232 236/236/236 239/239/239
f 232/232/232 239/239/239 237/237/237
f 236/236/236 238/238/238 239/239/239
f 238/238/238 235/235/235 240/240/240
f 241/241/241 240/240/240 235/235/235
f 237/237/237 239/239/239 242/242/242
f 237/237/237 242/242/242 220/220/220
f 239/239/239 238/238/238 243/243/243
f 240/240/240 243/243/243 238/238/238
f 239/239/239 243/243/243 242/242/242
f 241/241/241 244/244/244 240/240/240
f 244/244/244 241/241/241 245/245/245
f 240/240/240 246/246/246 243/243/243
f 242/242/242 243/243/243 246/246/246
f 240/240/240 244/244/244 246/246/246
f 247/247/247 246/246/246 244/244/244
f 245/245/245 248/248/248 244/244/244
f 248/248/248 247/247/247 244/244/244
f 245/245/245 249/249/249 248/248/248
f 242/242/242 246/246/246 250/250/250
f 250/250/250 220/220/220 242/242/242
f 250/250/250 246/246/246 247/247/247
f 251/251/251 248/248/248 249/249/249
f 249/249/249 252/252/252 251/251/251
f 251/251/251 252/252/252 253/253/253
f 254/254/254 253/253/253 252/252/252
f 253/253/253 254/254/254 255/255/255
f 248/248/248 251/251/251 256/256/256
f 251/251/251 253/253/253 256/256/256
f 253/253/253 255/255/255 257/257/257
f 257/257/257 256/256/256 253/253/253
f 257/257/257 258/258/258 256/256/256
f 257/257/257 255/255/255 259/259/259
f 248/248/248 256/256/256 260/260/260
f 247/247/247 248/248/248 260/260/260
f 260/260/260 256/256/256 258/258/258
f 261/261/261 257/257/257 259/259/259
f 257/257/257 261/261/261 258/258/258
f 261/261/261 259/259/259 262/262/262
f 263/263/263 258/258/258 261/261/261
f 264/264/264 263/263/263 261/261/261
f 261/261/261 262/262/262 265/265/265
f 261/261/261 265/265/265 264/264/264
f 262/262/262 266/266/266 265/265/265
f 264/264/264 265/265/265 266/266/266
f 247/247/247 260/260/260 267/267/267
f 247/247/247 267/267/267 268/268/268
f 269/269/269 267/267/267 260/260/260
f 269/269/269 260/260/260 258/258/258
f 270/270/270 268/268/268 267/267/267
f 269/269/269 270/270/270 267/267/267
f 271/271/271 247/247/247 268/268/268
f 271/271/271 250/250/250 247/247/247
f 271/271/271 268/268/268 272/272/272
f 273/273/273 271/271/271 272/272/272
f 271/271/271 273/273/273 250/250/250
f 274/274/274 272/272/272 268/268/268
f 273/273/273 275/275/275 250/250/250
f 250/250/250 275/275/275 220/220/220
f 275/275/275 204/204/204 220/220/220
f 204/204/204 275/275/275 273/273/273
f 204/204/204 273/273/273 276/276/276
f 273/273/273 274/274/274 276/276/276
f 204/204/204 276/276/276 200/200/200
f 276/276/276 199/199/199 200/200/200
f 276/276/276 274/274/274 199/199/199
f 199/199/199 274/274/274 277/277/277
f 277/277/277 274/274/274 268/268/268
f 198/198/198 199/199/199 277/277/277
f 201/201/201 198/198/198 277/277/277
f 278/278/278 277/277/277 268/268/268
f 278/278/278 201/201/201 277/277/277
f 270/270/270 278/278/278 268/268/268
f 278/278/278 279/279/279 201/201/201
f 202/202/202 201/201/201 279/279/279
f 279/279/279 280/280/280 202/202/202
f 279/279/279 281/281/281 280/280/280
f 281/281/281 282/282/282 280/280/280
f 281/281/281 283/283/283 282/282/282
f 283/283/283 284/284/284 282/282/282
f 285/285/285 281/281/281 279/279/279
f 283/283/283 281/281/281 285/285/285
f 283/283/283 286/286/286 284/284/284
f 286/286/286 283/283/283 285/285/285
f 286/286/286 287/287/287 284/284/284
f 278/278/278 288/288/288 279/279/279
f 288/288/288 285/285/285 279/279/279
f 278/278/278 270/270/270 289/289/289
f 278/278/278 289/289/289 288/288/288
f 288/288/288 289/289/289 290/290/290
f 291/291/291 289/289/289 270/270/270
f 290/290/290 289/289/289 291/291/291
f 270/270/270 269/269/269 291/291/291
f 286/286/286 292/292/292 287/287/287
f 292/292/292 293/293/293 287/287/287
f 288/288/288 294/294/294 285/285/285
f 294/294/294 288/288/288 290/290/290
f 295/295/295 286/286/286 285/285/285
f 295/295/295 285/285/285 294/294/294
f 286/286/286 295/295/295 292/292/292
f 292/292/292 296/296/296 293/293/293
f 296/296/296 297/297/297 293/293/293
f 295/295/295 298/298/298 292/292/292
f 298/298/298 296/296/296 292/292/292
f 298/298/298 299/299/299 296/296/296
f 300/300/300 295/295/295 294/294/294
f 294/294/294 290/290/290 300/300/300
f 300/300/300 301/301/301 295/295/295
f 296/296/296 302/302/302 297/297/297
f 299/299/299 302/302/302 296/296/296
f 302/302/302 303/303/303 297/297/297
f 303/303/303 302/302/302 299/299/299
f 304/304/304 301/301/301 300/300/300
f 301/301/301 304/304/304 305/305/305
f 304/304/304 306/306/306 305/305/305
f 307/307/307 306/306/306 304/304/304
f 304/304/304 308/308/308 307/307/307
f 309/309/309 307/307/307 308/308/308
f 309/309/309 308/308/308 310/310/310
f 311/311/311 308/308/308 304/304/304
f 308/308/308 311/311/311 310/310/310
f 311/311/311 304/304/304 300/300/300
f 310/310/310 311/311/311 312/312/312
f 314/314/314 313/313/313 300/300/300
f 290/290/290 314/314/314 300/300/300
f 314/314/314 315/315/315 313/313/313
f 315/315/315 316/316/316 313/313/313
f 315/315/315 317/317/317 316/316/316
f 317/317/317 315/315/315 318/318/318
f 317/317/317 318/318/318 319/319/319
f 315/315/315 320/320/320 318/318/318
f 315/315/315 314/314/314 320/320/320
f 320/320/320 314/314/314 290/290/290
f 290/290/290 321/321/321 320/320/320
f 321/321/321 290/290/290 291/291/291
f 321/321/321 322/322/322 320/320/320
f 320/320/320 322/322/322 323/323/323
f 322/322/322 324/324/324 323/323/323
f 322/322/322 325/325/325 324/324/324
f 321/321/321 325/325/325 322/322/322
f 326/326/326 325/325/325 321/321/321
f 291/291/291 326/326/326 321/321/321
f 327/327/327 326/326/326 291/291/291
f 269/269/269 327/327/327 291/291/291
f 327/327/327 269/269/269 328/328/328
f 258/258/258 328/328/328 269/269/269
f 258/258/258 329/329/329 328/328/328
f 258/258/258 330/330/330 329/329/329
f 330/330/330 331/331/331 329/329/329
f 328/328/328 329/329/329 332/332/332
f 331/331/331 332/332/332 329/329/329
f 328/328/328 333/333/333 327/327/327
f 328/328/328 332/332/332 333/333/333
f 327/327/327 333/333/333 334/334/334
f 332/332/332 334/334/334 333/333/333
f 334/334/334 335/335/335 327/327/327
f 335/335/335 334/334/334 336/336/336
f 337/337/337 332/332/332 331/331/331
f 332/332/332 337/337/337 334/334/334
f 337/337/337 331/331/331 338/338/338
f 339/339/339 336/336/336 334/334/334
f 339/339/339 334/334/334 337/337/337
f 339/339/339 340/340/340 336/336/336
f 338/338/338 341/341/341 337/337/337
f 339/339/339 337/337/337 341/341/341
f 338/338/338 342/342/342 341/341/341
f 342/342/342 343/343/343 341/341/341
f 343/343/343 339/339/339 341/341/341
f 342/342/342 344/344/344 343/343/343
f 343/343/343 344/344/344 345/345/345
f 339/339/339 346/346/346 340/340/340
f 343/343/343 346/346/346 339/339/339
f 346/346/346 347/347/347 340/340/340
f 348/348/348 343/343/343 345/345/345
f 343/343/343 348/348/348 346/346/346
f 345/345/345 349/349/349 348/348/348
f 346/346/346 348/348/348 349/349/349
f 346/346/346 350/350/350 347/347/347
f 346/346/346 349/349/349 350/350/350
f 350/350/350 351/351/351 347/347/347
f 350/350/350 349/349/349 352/352/352
f 352/352/352 351/351/351 350/350/350
f 355/355/355 354/354/354 353/353/353
f 356/356/356 355/355/355 353/353/353
f 356/356/356 353/353/353 357/357/357
f 358/358/358 357/357/357 353/353/353
f 359/359/359 356/356/356 357/357/357
f 359/359/359 360/360/360 356/356/356
f 359/359/359 361/361/361 360/360/360
f 362/362/362 361/361/361 359/359/359
f 357/357/357 362/362/362 359/359/359
f 362/362/362 357/357/357 358/358/358
f 363/363/363 362/362/362 358/358/358
f 364/364/364 363/363/363 358/358/358
f 367/367/367 366/366/366 365/365/365
f 366/366/366 368/368/368 365/365/365
f 365/365/365 368/368/368 369/369/369
f 368/368/368 366/366/366 370/370/370
f 366/366/366 371/371/371 370/370/370
f 370/370/370 371/371/371 372/372/372
f 373/373/373 370/370/370 372/372/372
f 368/368/368 374/374/374 369/369/369
f 374/374/374 368/368/368 370/370/370
f 375/375/375 370/370/370 373/373/373
f 375/375/375 374/374/374 370/370/370
f 369/369/369 374/374/374 375/375/375
f 376/376/376 375/375/375 373/373/373
f 376/376/376 369/369/369 375/375/375
f 379/379/379 378/378/378 377/377/377
f 380/380/380 379/379/379 377/377/377
f 383/383/383 382/382/382 381/381/381
f 383/383/383 384/384/384 382/382/382
f 384/384/384 385/385/385 382/382/382
f 385/385/385 384/384/384 386/386/386
f 387/387/387 385/385/385 386/386/386
f 390/390/390 389/389/389 388/388/388
f 391/391/391 390/390/390 388/388/388
f 394/394/394 393/393/393 392/392/392
f 395/395/395 394/394/394 392/392/392
f 398/398/398 397/397/397 396/396/396
f 399/399/399 398/398/398 396/396/396
f 402/402/402 401/401/401 400/400/400
f 403/403/403 402/402/402 400/400/400
f 406/406/406 405/405/405 404/404/404
f 407/407/407 406/406/406 404/404/404
f 410/410/410 409/409/409 408/408/408
f 411/411/411 410/410/410 408/408/408
f 414/414/414 413/413/413 412/412/412
f 414/414/414 412/412/412 415/415/415
f 418/418/418 417/417/417 416/416/416
f 416/416/416 417/417/417 419/419/419
f 422/422/422 421/421/421 420/420/420
f 420/420/420 421/421/421 423/423/423
f 426/426/426 425/425/425 424/424/424
f 424/424/424 425/425/425 427/427/427
f 430/430/430 429/429/429 428/428/428
f 428/428/428 429/429/429 431/431/431
f 434/434/434 433/433/433 432/432/432
f 435/435/435 434/434/434 432/432/432
f 435/435/435 436/436/436 434/434/434
f 435/435/435 432/432/432 437/437/437
f 432/432/432 438/438/438 437/437/437
f 437/437/437 439/439/439 435/435/435
f 439/439/439 436/436/436 435/435/435
f 439/439/439 440/440/440 436/436/436
f 437/437/437 441/441/441 439/439/439
f 441/441/441 440/440/440 439/439/439
f 442/442/442 436/436/436 440/440/440
f 443/443/443 442/442/442 440/440/440
f 444/444/444 440/440/440 441/441/441
f 445/445/445 440/440/440 444/444/444
f 446/446/446 445/445/445 444/444/444
f 447/447/447 446/446/446 444/444/444
f 448/448/448 443/443/443 440/440/440
f 445/445/445 448/448/448 440/440/440
f 449/449/449 444/444/444 441/441/441
f 449/449/449 441/441/441 450/450/450
f 450/450/450 451/451/451 449/449/449
f 449/449/449 451/451/451 452/452/452
f 449/449/449 452/452/452 444/444/444
f 447/447/447 444/444/444 452/452/452
f 453/453/453 447/447/447 452/452/452
f 453/453/453 454/454/454 447/447/447
f 443/443/443 448/448/448 455/455/455
f 456/456/456 443/443/443 455/455/455
f 456/456/456 455/455/455 457/457/457
f 455/455/455 458/458/458 457/457/457
f 457/457/457 458/458/458 459/459/459
f 458/458/458 460/460/460 459/459/459
f 458/458/458 461/461/461 460/460/460
f 458/458/458 462/462/462 461/461/461
f 463/463/463 462/462/462 458/458/458
f 455/455/455 463/463/463 458/458/458
f 463/463/463 455/455/455 448/448/448
f 464/464/464 463/463/463 448/448/448
f 448/448/448 445/445/445 464/464/464
f 465/465/465 464/464/464 445/445/445
f 465/465/465 445/445/445 466/466/466
f 465/465/465 466/466/466 467/467/467
f 468/468/468 465/465/465 467/467/467
f 469/469/469 468/468/468 467/467/467
f 469/469/469 467/467/467 470/470/470
f 467/467/467 471/471/471 470/470/470
f 467/467/467 472/472/472 471/471/471
f 473/473/473 472/472/472 467/467/467
f 466/466/466 473/473/473 467/467/467
f 473/473/473 466/466/466 445/445/445
f 474/474/474 473/473/473 445/445/445
f 445/445/445 446/446/446 474/474/474
f 475/475/475 474/474/474 446/446/446
f 475/475/475 446/446/446 476/476/476
f 475/475/475 476/476/476 477/477/477
f 478/478/478 475/475/475 477/477/477
f 479/479/479 478/478/478 477/477/477
f 479/479/479 477/477/477 480/480/480
f 477/477/477 481/481/481 480/480/480
f 477/477/477 482/482/482 481/481/481
f 483/483/483 482/482/482 477/477/477
f 476/476/476 483/483/483 477/477/477
f 483/483/483 476/476/476 446/446/446
f 484/484/484 483/483/483 446/446/446
f 446/446/446 485/485/485 484/484/484
f 446/446/446 447/447/447 485/485/485
f 486/486/486 485/485/485 447/447/447
f 447/447/447 487/487/487 486/486/486
f 486/486/486 487/487/487 488/488/488
f 454/454/454 487/487/487 447/447/447
f 487/487/487 454/454/454 488/488/488
f 489/489/489 486/486/486 488/488/488
f 454/454/454 490/490/490 488/488/488
f 491/491/491 489/489/489 488/488/488
f 488/488/488 490/490/490 492/492/492
f 491/491/491 488/488/488 493/493/493
f 488/488/488 492/492/492 493/493/493
f 496/496/496 495/495/495 494/494/494
f 497/497/497 496/496/496 494/494/494
f 497/497/497 494/494/494 498/498/498
f 497/497/497 499/499/499 496/496/496
f 499/499/499 500/500/500 496/496/496
f 501/501/501 499/499/499 497/497/497
f 498/498/498 502/502/502 497/497/497
f 502/502/502 501/501/501 497/497/497
f 498/498/498 503/503/503 502/502/502
f 498/498/498 504/504/504 503/503/503
f 503/503/503 504/504/504 505/505/505
f 501/501/501 502/502/502 506/506/506
f 503/503/503 506/506/506 502/502/502
f 507/507/507 501/501/501 506/506/506
f 503/503/503 508/508/508 506/506/506
f 509/509/509 503/503/503 505/505/505
f 510/510/510 509/509/509 505/505/505
f 511/511/511 510/510/510 505/505/505
f 510/510/510 511/511/511 512/512/512
f 511/511/511 513/513/513 512/512/512
f 513/513/513 514/514/514 512/512/512
f 514/514/514 515/515/515 512/512/512
f 516/516/516 512/512/512 515/515/515
f 510/510/510 512/512/512 516/516/516
f 516/516/516 515/515/515 517/517/517
f 518/518/518 510/510/510 516/516/516
f 519/519/519 510/510/510 518/518/518
f 519/519/519 509/509/509 510/510/510
f 509/509/509 520/520/520 503/503/503
f 509/509/509 519/519/519 520/520/520
f 503/503/503 521/521/521 508/508/508
f 521/521/521 503/503/503 520/520/520
f 520/520/520 522/522/522 521/521/521
f 508/508/508 521/521/521 523/523/523
f 523/523/523 521/521/521 522/522/522
f 524/524/524 508/508/508 523/523/523
f 525/525/525 524/524/524 523/523/523
f 526/526/526 525/525/525 523/523/523
f 527/527/527 526/526/526 523/523/523
f 522/522/522 527/527/527 523/523/523
f 526/526/526 527/527/527 528/528/528
f 529/529/529 520/520/520 519/519/519
f 530/530/530 529/529/529 519/519/519
f 527/527/527 531/531/531 528/528/528
f 528/528/528 531/531/531 532/532/532
f 533/533/533 527/527/527 522/522/522
f 531/531/531 527/527/527 533/533/533
f 534/534/534 531/531/531 533/533/533
f 533/533/533 522/522/522 535/535/535
f 531/531/531 536/536/536 532/532/532
f 536/536/536 531/531/531 534/534/534
f 532/532/532 536/536/536 537/537/537
f 538/538/538 536/536/536 534/534/534
f 536/536/536 539/539/539 537/537/537
f 539/539/539 536/536/536 538/538/538
f 540/540/540 539/539/539 538/538/538
f 535/535/535 522/522/522 541/541/541
f 535/535/535 541/541/541 542/542/542
f 542/542/542 541/541/541 543/543/543
f 541/541/541 522/522/522 544/544/544
f 520/520/520 544/544/544 522/522/522
f 544/544/544 520/520/520 529/529/529
f 544/544/544 529/529/529 545/545/545
f 546/546/546 541/541/541 544/544/544
f 545/545/545 529/529/529 547/547/547
f 541/541/541 548/548/548 543/543/543
f 548/548/548 541/541/541 546/546/546
f 543/543/543 548/548/548 549/549/549
f 550/550/550 548/548/548 546/546/546
f 548/548/548 551/551/551 549/549/549
f 551/551/551 548/548/548 550/550/550
f 552/552/552 551/551/551 550/550/550
f 529/529/529 553/553/553 547/547/547
f 547/547/547 553/553/553 554/554/554
f 553/553/553 529/529/529 530/530/530
f 553/553/553 555/555/555 554/554/554
f 556/556/556 553/553/553 530/530/530
f 557/557/557 555/555/555 553/553/553
f 556/556/556 557/557/557 553/553/553
f 560/560/560 559/559/559 558/558/558
f 559/559/559 561/561/561 558/558/558
f 558/558/558 561/561/561 562/562/562
f 563/563/563 558/558/558 562/562/562
f 564/564/564 563/563/563 562/562/562
f 565/565/565 561/561/561 559/559/559
f 566/566/566 565/565/565 559/559/559
f 567/567/567 565/565/565 566/566/566
f 567/567/567 566/566/566 568/568/568
f 567/567/567 569/569/569 565/565/565
f 561/561/561 565/565/565 570/570/570
f 569/569/569 570/570/570 565/565/565
f 562/562/562 561/561/561 570/570/570
f 571/571/571 570/570/570 569/569/569
f 570/570/570 571/571/571 562/562/562
f 572/572/572 571/571/571 569/569/569
f 573/573/573 564/564/564 562/562/562
f 571/571/571 573/573/573 562/562/562
f 574/574/574 571/571/571 572/572/572
f 573/573/573 571/571/571 574/574/574
f 575/575/575 574/574/574 572/572/572
f 576/576/576 573/573/573 574/574/574
f 564/564/564 573/573/573 576/576/576
f 577/577/577 564/564/564 576/576/576
f 580/580/580 579/579/579 578/578/578
f 581/581/581 579/579/579 580/580/580
f 584/584/584 583/583/583 582/582/582
f 585/585/585 584/584/584 582/582/582
f 586/586/586 584/584/584 585/585/585
f 586/586/586 585/585/585 587/587/587
f 587/587/587 585/585/585 588/588/588
f 591/591/591 590/590/590 589/589/589
f 592/592/592 591/591/591 589/589/589
f 595/595/595 594/594/594 593/593/593
f 596/596/596 595/595/595 593/593/593
f 599/599/599 598/598/598 597/597/597
f 597/597/597 598/598/598 600/600/600
f 603/603/603 602/602/602 601/601/601
f 603/603/603 601/601/601 604/604/604
f 607/607/607 606/606/606 605/605/605
f 607/607/607 605/605/605 608/608/608
f 611/611/611 610/610/610 609/609/609
f 611/611/611 609/609/609 612/612/612
f 615/615/615 614/614/614 613/613/613
f 615/615/615 613/613/613 616/616/616
f 619/619/619 618/618/618 617/617/617
f 618/618/618 620/620/620 617/617/617
f 621/621/621 620/620/620 618/618/618
f 617/617/617 620/620/620 622/622/622
f 623/623/623 617/617/617 622/622/622
f 624/624/624 622/622/622 620/620/620
f 621/621/621 624/624/624 620/620/620
f 625/625/625 624/624/624 621/621/621
f 626/626/626 622/622/622 624/624/624
f 625/625/625 626/626/626 624/624/624
f 621/621/621 627/627/627 625/625/625
f 627/627/627 628/628/628 625/625/625
f 625/625/625 629/629/629 626/626/626
f 625/625/625 630/630/630 629/629/629
f 630/630/630 631/631/631 629/629/629
f 631/631/631 632/632/632 629/629/629
f 628/628/628 633/633/633 625/625/625
f 633/633/633 630/630/630 625/625/625
f 629/629/629 634/634/634 626/626/626
f 626/626/626 634/634/634 635/635/635
f 636/636/636 635/635/635 634/634/634
f 636/636/636 634/634/634 637/637/637
f 637/637/637 634/634/634 629/629/629
f 629/629/629 632/632/632 637/637/637
f 632/632/632 638/638/638 637/637/637
f 639/639/639 638/638/638 632/632/632
f 633/633/633 628/628/628 640/640/640
f 628/628/628 641/641/641 640/640/640
f 640/640/640 641/641/641 642/642/642
f 643/643/643 640/640/640 642/642/642
f 643/643/643 642/642/642 644/644/644
f 645/645/645 643/643/643 644/644/644
f 646/646/646 643/643/643 645/645/645
f 647/647/647 643/643/643 646/646/646
f 647/647/647 648/648/648 643/643/643
f 648/648/648 640/640/640 643/643/643
f 640/640/640 648/648/648 633/633/633
f 648/648/648 649/649/649 633/633/633
f 630/630/630 633/633/633 649/649/649
f 649/649/649 650/650/650 630/630/630
f 630/630/630 650/650/650 651/651/651
f 651/651/651 650/650/650 652/652/652
f 650/650/650 653/653/653 652/652/652
f 653/653/653 654/654/654 652/652/652
f 652/652/652 654/654/654 655/655/655
f 656/656/656 652/652/652 655/655/655
f 657/657/657 652/652/652 656/656/656
f 657/657/657 658/658/658 652/652/652
f 658/658/658 651/651/651 652/652/652
f 651/651/651 658/658/658 630/630/630
f 658/658/658 659/659/659 630/630/630
f 631/631/631 630/630/630 659/659/659
f 659/659/659 660/660/660 631/631/631
f 631/631/631 660/660/660 661/661/661
f 661/661/661 660/660/660 662/662/662
f 660/660/660 663/663/663 662/662/662
f 663/663/663 664/664/664 662/662/662
f 662/662/662 664/664/664 665/665/665
f 666/666/666 662/662/662 665/665/665
f 667/667/667 662/662/662 666/666/666
f 667/667/667 668/668/668 662/662/662
f 668/668/668 661/661/661 662/662/662
f 661/661/661 668/668/668 631/631/631
f 668/668/668 669/669/669 631/631/631
f 670/670/670 631/631/631 669/669/669
f 632/632/632 631/631/631 670/670/670
f 670/670/670 671/671/671 632/632/632
f 672/672/672 632/632/632 671/671/671
f 672/672/672 671/671/671 673/673/673
f 672/672/672 639/639/639 632/632/632
f 639/639/639 672/672/672 673/673/673
f 671/671/671 674/674/674 673/673/673
f 675/675/675 639/639/639 673/673/673
f 674/674/674 676/676/676 673/673/673
f 675/675/675 673/673/673 677/677/677
f 673/673/673 676/676/676 678/678/678
f 677/677/677 673/673/673 678/678/678
f 681/681/681 680/680/680 679/679/679
f 680/680/680 682/682/682 679/679/679
f 679/679/679 682/682/682 683/683/683
f 684/684/684 682/682/682 680/680/680
f 685/685/685 684/684/684 680/680/680
f 684/684/684 686/686/686 682/682/682
f 687/687/687 683/683/683 682/682/682
f 686/686/686 687/687/687 682/682/682
f 688/688/688 683/683/683 687/687/687
f 689/689/689 683/683/683 688/688/688
f 689/689/689 688/688/688 690/690/690
f 687/687/687 686/686/686 691/691/691
f 691/691/691 688/688/688 687/687/687
f 686/686/686 692/692/692 691/691/691
f 693/693/693 688/688/688 691/691/691
f 688/688/688 694/694/694 690/690/690
f 694/694/694 695/695/695 690/690/690
f 695/695/695 696/696/696 690/690/690
f 696/696/696 695/695/695 697/697/697
f 698/698/698 696/696/696 697/697/697
f 699/699/699 698/698/698 697/697/697
f 700/700/700 699/699/699 697/697/697
f 697/697/697 701/701/701 700/700/700
f 697/697/697 695/695/695 701/701/701
f 700/700/700 701/701/701 702/702/702
f 695/695/695 703/703/703 701/701/701
f 695/695/695 704/704/704 703/703/703
f 694/694/694 704/704/704 695/695/695
f 705/705/705 694/694/694 688/688/688
f 704/704/704 694/694/694 705/705/705
f 706/706/706 688/688/688 693/693/693
f 688/688/688 706/706/706 705/705/705
f 707/707/707 705/705/705 706/706/706
f 706/706/706 693/693/693 708/708/708
f 706/706/706 708/708/708 707/707/707
f 693/693/693 709/709/709 708/708/708
f 709/709/709 710/710/710 708/708/708
f 710/710/710 711/711/711 708/708/708
f 711/711/711 712/712/712 708/708/708
f 712/712/712 707/707/707 708/708/708
f 712/712/712 711/711/711 713/713/713
f 705/705/705 714/714/714 704/704/704
f 714/714/714 715/715/715 704/704/704
f 716/716/716 712/712/712 713/713/713
f 716/716/716 713/713/713 717/717/717
f 712/712/712 718/718/718 707/707/707
f 712/712/712 716/716/716 718/718/718
f 716/716/716 719/719/719 718/718/718
f 707/707/707 718/718/718 720/720/720
f 721/721/721 716/716/716 717/717/717
f 716/716/716 721/721/721 719/719/719
f 721/721/721 717/717/717 722/722/722
f 721/721/721 723/723/723 719/719/719
f 724/724/724 721/721/721 722/722/722
f 721/721/721 724/724/724 723/723/723
f 724/724/724 725/725/725 723/723/723
f 707/707/707 720/720/720 726/726/726
f 726/726/726 720/720/720 727/727/727
f 726/726/726 727/727/727 728/728/728
f 707/707/707 726/726/726 729/729/729
f 729/729/729 705/705/705 707/707/707
f 705/705/705 729/729/729 714/714/714
f 714/714/714 729/729/729 730/730/730
f 726/726/726 731/731/731 729/729/729
f 714/714/714 730/730/730 732/732/732
f 733/733/733 726/726/726 728/728/728
f 726/726/726 733/733/733 731/731/731
f 733/733/733 728/728/728 734/734/734
f 733/733/733 735/735/735 731/731/731
f 736/736/736 733/733/733 734/734/734
f 733/733/733 736/736/736 735/735/735
f 736/736/736 737/737/737 735/735/735
f 738/738/738 714/714/714 732/732/732
f 738/738/738 732/732/732 739/739/739
f 714/714/714 738/738/738 715/715/715
f 740/740/740 738/738/738 739/739/739
f 738/738/738 741/741/741 715/715/715
f 740/740/740 742/742/742 738/738/738
f 742/742/742 741/741/741 738/738/738
f 745/745/745 744/744/744 743/743/743
f 745/745/745 746/746/746 744/744/744
f 747/747/747 744/744/744 746/746/746
f 746/746/746 745/745/745 748/748/748
f 749/749/749 747/747/747 746/746/746
f 750/750/750 746/746/746 748/748/748
f 746/746/746 750/750/750 749/749/749
f 749/749/749 751/751/751 747/747/747
f 751/751/751 752/752/752 747/747/747
f 750/750/750 748/748/748 753/753/753
f 748/748/748 754/754/754 753/753/753
f 750/750/750 755/755/755 749/749/749
f 750/750/750 753/753/753 755/755/755
f 751/751/751 749/749/749 755/755/755
f 753/753/753 756/756/756 755/755/755
f 756/756/756 757/757/757 755/755/755
f 751/751/751 758/758/758 752/752/752
f 758/758/758 759/759/759 752/752/752
f 760/760/760 751/751/751 755/755/755
f 751/751/751 760/760/760 758/758/758
f 757/757/757 760/760/760 755/755/755
f 760/760/760 761/761/761 758/758/758
f 760/760/760 757/757/757 761/761/761
f 757/757/757 762/762/762 761/761/761
f 765/765/765 764/764/764 763/763/763
f 765/765/765 766/766/766 764/764/764
f 769/769/769 768/768/768 767/767/767
f 768/768/768 770/770/770 767/767/767
f 768/768/768 771/771/771 770/770/770
f 770/770/770 771/771/771 772/772/772
f 770/770/770 772/772/772 773/773/773
f 776/776/776 775/775/775 774/774/774
f 777/777/777 776/776/776 774/774/774
f 780/780/780 779/779/779 778/778/778
f 781/781/781 780/780/780 778/778/778
f 784/784/784 783/783/783 782/782/782
f 784/784/784 782/782/782 785/785/785
f 784/784/784 785/785/785 786/786/786
f 784/784/784 786/786/786 787/787/787
f 784/784/784 787/787/787 788/788/788
f 787/787/787 789/789/789 788/788/788
f 789/789/789 790/790/790 788/788/788
f 789/789/789 791/791/791 790/790/790
f 790/790/790 791/791/791 792/792/792
f 792/792/792 793/793/793 790/790/790
f 792/792/792 794/794/794 793/793/793
f 792/792/792 795/795/795 794/794/794
f 796/796/796 794/794/794 795/795/795
f 796/796/796 797/797/797 794/794/794
f 797/797/797 796/796/796 798/798/798
f 798/798/798 799/799/799 797/797/797
f 798/798/798 800/800/800 799/799/799
f 800/800/800 801/801/801 799/799/799
f 800/800/800 802/802/802 801/801/801
f 802/802/802 803/803/803 801/801/801
f 803/803/803 802/802/802 804/804/804
f 803/803/803 804/804/804 805/805/805
f 805/805/805 804/804/804 806/806/806
f 806/806/806 807/807/807 805/805/805
f 808/808/808 807/807/807 806/806/806
f 809/809/809 807/807/807 808/808/808
f 808/808/808 806/806/806 810/810/810
f 811/811/811 809/809/809 808/808/808
f 810/810/810 812/812/812 808/808/808
f 811/811/811 808/808/808 812/812/812
f 813/813/813 812/812/812 810/810/810
f 811/811/811 812/812/812 813/813/813
f 813/813/813 810/810/810 814/814/814
f 815/815/815 811/811/811 813/813/813
f 814/814/814 816/816/816 813/813/813
f 815/815/815 813/813/813 816/816/816
f 819/819/819 818/818/818 817/817/817
f 819/819/819 817/817/817 820/820/820
f 820/820/820 817/817/817 821/821/821
f 822/822/822 820/820/820 821/821/821
f 823/823/823 822/822/822 821/821/821
f 823/823/823 821/821/821 824/824/824
f 825/825/825 823/823/823 824/824/824
f 825/825/825 826/826/826 823/823/823
f 826/826/826 825/825/825 827/827/827
f 828/828/828 826/826/826 827/827/827
f 828/828/828 827/827/827 829/829/829
f 828/828/828 829/829/829 830/830/830
f 829/829/829 831/831/831 830/830/830
f 834/834/834 833/833/833 832/832/832
f 833/833/833 835/835/835 832/832/832
f 836/836/836 835/835/835 833/833/833
f 837/837/837 836/836/836 833/833/833
f 835/835/835 836/836/836 838/838/838
f 839/839/839 835/835/835 838/838/838
f 839/839/839 840/840/840 835/835/835
f 835/835/835 841/841/841 832/832/832
f 841/841/841 835/835/835 840/840/840
f 842/842/842 832/832/832 841/841/841
f 841/841/841 843/843/843 842/842/842
f 844/844/844 842/842/842 843/843/843
f 840/840/840 845/845/845 841/841/841
f 846/846/846 843/843/843 841/841/841
f 846/846/846 841/841/841 845/845/845
f 843/843/843 846/846/846 847/847/847
f 846/846/846 845/845/845 847/847/847
f 843/843/843 848/848/848 844/844/844
f 847/847/847 848/848/848 843/843/843
f 844/844/844 848/848/848 849/849/849
f 849/849/849 848/848/848 847/847/847
f 849/849/849 850/850/850 844/844/844
f 851/851/851 844/844/844 850/850/850
f 851/851/851 850/850/850 852/852/852
f 852/852/852 853/853/853 851/851/851
f 845/845/845 854/854/854 847/847/847
f 855/855/855 849/849/849 847/847/847
f 854/854/854 855/855/855 847/847/847
f 856/856/856 849/849/849 855/855/855
f 850/850/850 849/849/849 856/856/856
f 855/855/855 854/854/854 856/856/856
f 840/840/840 857/857/857 845/845/845
f 854/854/854 845/845/845 857/857/857
f 858/858/858 853/853/853 852/852/852
f 858/858/858 859/859/859 853/853/853
f 860/860/860 858/858/858 852/852/852
f 853/853/853 859/859/859 861/861/861
f 853/853/853 861/861/861 862/862/862
f 861/861/861 859/859/859 863/863/863
f 864/864/864 862/862/862 861/861/861
f 861/861/861 863/863/863 865/865/865
f 866/866/866 864/864/864 861/861/861
f 866/866/866 861/861/861 865/865/865
f 866/866/866 865/865/865 867/867/867
f 868/868/868 866/866/866 867/867/867
f 860/860/860 852/852/852 869/869/869
f 869/869/869 852/852/852 870/870/870
f 852/852/852 850/850/850 870/870/870
f 860/860/860 869/869/869 871/871/871
f 871/871/871 872/872/872 860/860/860
f 873/873/873 872/872/872 871/871/871
f 872/872/872 873/873/873 874/874/874
f 869/869/869 875/875/875 871/871/871
f 873/873/873 871/871/871 875/875/875
f 875/875/875 869/869/869 876/876/876
f 876/876/876 869/869/869 870/870/870
f 876/876/876 870/870/870 877/877/877
f 870/870/870 850/850/850 878/878/878
f 870/870/870 878/878/878 877/877/877
f 878/878/878 879/879/879 877/877/877
f 850/850/850 856/856/856 878/878/878
f 878/878/878 856/856/856 879/879/879
f 876/876/876 880/880/880 875/875/875
f 875/875/875 880/880/880 873/873/873
f 881/881/881 874/874/874 873/873/873
f 874/874/874 881/881/881 882/882/882
f 882/882/882 881/881/881 883/883/883
f 881/881/881 884/884/884 883/883/883
f 873/873/873 885/885/885 881/881/881
f 886/886/886 885/885/885 873/873/873
f 880/880/880 886/886/886 873/873/873
f 886/886/886 880/880/880 887/887/887
f 876/876/876 888/888/888 880/880/880
f 880/880/880 888/888/888 887/887/887
f 876/876/876 877/877/877 888/888/888
f 888/888/888 889/889/889 887/887/887
f 877/877/877 889/889/889 888/888/888
f 890/890/890 889/889/889 877/877/877
f 889/889/889 891/891/891 887/887/887
f 892/892/892 891/891/891 889/889/889
f 890/890/890 892/892/892 889/889/889
f 893/893/893 890/890/890 877/877/877
f 890/890/890 893/893/893 894/894/894
f 879/879/879 893/893/893 877/877/877
f 893/893/893 879/879/879 894/894/894
f 890/890/890 895/895/895 892/892/892
f 896/896/896 892/892/892 895/895/895
f 897/897/897 896/896/896 895/895/895
f 898/898/898 897/897/897 895/895/895
f 899/899/899 898/898/898 895/895/895
f 895/895/895 890/890/890 899/899/899
f 899/899/899 890/890/890 900/900/900
f 900/900/900 890/890/890 894/894/894
f 901/901/901 899/899/899 900/900/900
f 901/901/901 900/900/900 902/902/902
f 900/900/900 903/903/903 902/902/902
f 900/900/900 894/894/894 903/903/903
f 903/903/903 904/904/904 902/902/902
f 904/904/904 905/905/905 902/902/902
f 905/905/905 904/904/904 906/906/906
f 907/907/907 905/905/905 906/906/906
f 907/907/907 906/906/906 908/908/908
f 903/903/903 909/909/909 904/904/904
f 894/894/894 909/909/909 903/903/903
f 904/904/904 910/910/910 906/906/906
f 904/904/904 909/909/909 910/910/910
f 911/911/911 909/909/909 894/894/894
f 912/912/912 910/910/910 909/909/909
f 912/912/912 909/909/909 911/911/911
f 913/913/913 906/906/906 910/910/910
f 913/913/913 910/910/910 912/912/912
f 914/914/914 911/911/911 894/894/894
f 879/879/879 914/914/914 894/894/894
f 913/913/913 915/915/915 906/906/906
f 906/906/906 915/915/915 916/916/916
f 916/916/916 908/908/908 906/906/906
f 908/908/908 916/916/916 917/917/917
f 908/908/908 917/917/917 918/918/918
f 919/919/919 908/908/908 918/918/918
f 920/920/920 915/915/915 913/913/913
f 913/913/913 912/912/912 920/920/920
f 921/921/921 920/920/920 912/912/912
f 921/921/921 912/912/912 911/911/911
f 922/922/922 920/920/920 921/921/921
f 923/923/923 911/911/911 914/914/914
f 923/923/923 921/921/921 911/911/911
f 924/924/924 914/914/914 879/879/879
f 924/924/924 923/923/923 914/914/914
f 925/925/925 922/922/922 921/921/921
f 926/926/926 922/922/922 925/925/925
f 925/925/925 921/921/921 927/927/927
f 923/923/923 927/927/927 921/921/921
f 928/928/928 927/927/927 923/923/923
f 926/926/926 925/925/925 929/929/929
f 929/929/929 925/925/925 930/930/930
f 926/926/926 929/929/929 931/931/931
f 930/930/930 932/932/932 929/929/929
f 931/931/931 929/929/929 933/933/933
f 932/932/932 934/934/934 929/929/929
f 929/929/929 934/934/934 933/933/933
f 933/933/933 934/934/934 935/935/935
f 934/934/934 936/936/936 935/935/935
f 937/937/937 923/923/923 924/924/924
f 923/923/923 937/937/937 928/928/928
f 938/938/938 928/928/928 937/937/937
f 938/938/938 939/939/939 928/928/928
f 940/940/940 928/928/928 939/939/939
f 938/938/938 937/937/937 941/941/941
f 938/938/938 941/941/941 939/939/939
f 939/939/939 942/942/942 940/940/940
f 943/943/943 940/940/940 942/942/942
f 937/937/937 924/924/924 944/944/944
f 937/937/937 944/944/944 941/941/941
f 945/945/945 944/944/944 924/924/924
f 944/944/944 945/945/945 941/941/941
f 946/946/946 939/939/939 941/941/941
f 939/939/939 946/946/946 942/942/942
f 947/947/947 946/946/946 941/941/941
f 945/945/945 947/947/947 941/941/941
f 942/942/942 946/946/946 947/947/947
f 924/924/924 948/948/948 945/945/945
f 948/948/948 924/924/924 879/879/879
f 856/856/856 948/948/948 879/879/879
f 948/948/948 856/856/856 854/854/854
f 949/949/949 948/948/948 854/854/854
f 948/948/948 949/949/949 945/945/945
f 949/949/949 854/854/854 857/857/857
f 945/945/945 949/949/949 857/857/857
f 947/947/947 945/945/945 857/857/857
f 857/857/857 840/840/840 947/947/947
f 947/947/947 840/840/840 942/942/942
f 950/950/950 942/942/942 840/840/840
f 840/840/840 951/951/951 950/950/950
f 950/950/950 951/951/951 952/952/952
f 942/942/942 950/950/950 943/943/943
f 953/953/953 950/950/950 952/952/952
f 950/950/950 954/954/954 943/943/943
f 950/950/950 953/953/953 954/954/954
f 954/954/954 955/955/955 943/943/943
f 953/953/953 956/956/956 954/954/954
f 959/959/959 958/958/958 957/957/957
f 958/958/958 960/960/960 957/957/957
f 958/958/958 961/961/961 960/960/960
f 960/960/960 961/961/961 962/962/962
f 965/965/965 964/964/964 963/963/963
f 965/965/965 966/966/966 964/964/964
f 965/965/965 967/967/967 966/966/966
f 967/967/967 968/968/968 966/966/966
f 969/969/969 966/966/966 968/968/968
f 966/966/966 969/969/969 970/970/970
f 971/971/971 966/966/966 970/970/970
f 966/966/966 971/971/971 972/972/972
f 972/972/972 973/973/973 966/966/966
f 973/973/973 974/974/974 966/966/966
f 966/966/966 974/974/974 975/975/975
f 975/975/975 974/974/974 976/976/976
f 979/979/979 978/978/978 977/977/977
f 978/978/978 980/980/980 977/977/977
f 980/980/980 978/978/978 981/981/981
f 980/980/980 981/981/981 982/982/982
f 980/980/980 982/982/982 983/983/983
f 982/982/982 984/984/984 983/983/983
f 984/984/984 985/985/985 983/983/983
f 985/985/985 984/984/984 986/986/986
f 986/986/986 987/987/987 985/985/985
f 987/987/987 986/986/986 988/988/988
f 989/989/989 988/988/988 986/986/986
f 988/988/988 989/989/989 990/990/990
f 989/989/989 991/991/991 990/990/990
f 991/991/991 992/992/992 990/990/990
f 993/993/993 992/992/992 991/991/991
f 994/994/994 992/992/992 993/993/993
f 992/992/992 994/994/994 995/995/995
f 994/994/994 996/996/996 995/995/995
f 999/999/999 998/998/998 997/997/997
f 998/998/998 999/999/999 1000/1000/1000
f 1001/1001/1001 998/998/998 1000/1000/1000
f 999/999/999 1002/1002/1002 1000/1000/1000
f 1001/1001/1001 1000/1000/1000 1003/1003/1003
f 1001/1001/1001 1003/1003/1003 1004/1004/1004
f 1003/1003/1003 1005/1005/1005 1004/1004/1004
f 1006/1006/1006 1004/1004/1004 1005/1005/1005
f 1007/1007/1007 1006/1006/1006 1005/1005/1005
f 1007/1007/1007 1005/1005/1005 1008/1008/1008
f 1005/1005/1005 1009/1009/1009 1008/1008/1008
f 1009/1009/1009 1005/1005/1005 1003/1003/1003
f 1008/1008/1008 1009/1009/1009 1010/1010/1010
f 1011/1011/1011 1003/1003/1003 1000/1000/1000
f 1011/1011/1011 1009/1009/1009 1003/1003/1003
f 1000/1000/1000 1002/1002/1002 1012/1012/1012
f 1012/1012/1012 1011/1011/1011 1000/1000/1000
f 1013/1013/1013 1012/1012/1012 1002/1002/1002
f 1013/1013/1013 1011/1011/1011 1012/1012/1012
f 1014/1014/1014 1013/1013/1013 1002/1002/1002
f 1009/1009/1009 1015/1015/1015 1010/1010/1010
f 1015/1015/1015 1009/1009/1009 1011/1011/1011
f 1013/1013/1013 1014/1014/1014 1016/1016/1016
f 1014/1014/1014 1017/1017/1017 1016/1016/1016
f 1013/1013/1013 1018/1018/1018 1011/1011/1011
f 1018/1018/1018 1015/1015/1015 1011/1011/1011
f 1016/1016/1016 1018/1018/1018 1013/1013/1013
f 1010/1010/1010 1015/1015/1015 1019/1019/1019
f 1019/1019/1019 1015/1015/1015 1018/1018/1018
f 1020/1020/1020 1010/1010/1010 1019/1019/1019
f 1016/1016/1016 1017/1017/1017 1021/1021/1021
f 1017/1017/1017 1022/1022/1022 1021/1021/1021
f 1018/1018/1018 1016/1016/1016 1023/1023/1023
f 1023/1023/1023 1019/1019/1019 1018/1018/1018
f 1016/1016/1016 1021/1021/1021 1023/1023/1023
f 1020/1020/1020 1019/1019/1019 1024/1024/1024
f 1023/1023/1023 1024/1024/1024 1019/1019/1019
f 1025/1025/1025 1020/1020/1020 1024/1024/1024
f 1021/1021/1021 1022/1022/1022 1026/1026/1026
f 1026/1026/1026 1022/1022/1022 1027/1027/1027
f 1023/1023/1023 1021/1021/1021 1028/1028/1028
f 1023/1023/1023 1028/1028/1028 1024/1024/1024
f 1021/1021/1021 1026/1026/1026 1028/1028/1028
f 1025/1025/1025 1024/1024/1024 1029/1029/1029
f 1028/1028/1028 1029/1029/1029 1024/1024/1024
f 1030/1030/1030 1025/1025/1025 1029/1029/1029
f 1030/1030/1030 1029/1029/1029 1031/1031/1031
f 1031/1031/1031 1029/1029/1029 1028/1028/1028
f 1032/1032/1032 1030/1030/1030 1031/1031/1031
f 1033/1033/1033 1031/1031/1031 1028/1028/1028
f 1033/1033/1033 1028/1028/1028 1026/1026/1026
f 1034/1034/1034 1033/1033/1033 1026/1026/1026
f 1026/1026/1026 1027/1027/1027 1034/1034/1034
f 1027/1027/1027 1035/1035/1035 1034/1034/1034
f 1038/1038/1038 1037/1037/1037 1036/1036/1036
f 1039/1039/1039 1038/1038/1038 1036/1036/1036
f 1039/1039/1039 1040/1040/1040 1038/1038/1038
f 1040/1040/1040 1041/1041/1041 1038/1038/1038
f 1040/1040/1040 1042/1042/1042 1041/1041/1041
f 1045/1045/1045 1044/1044/1044 1043/1043/1043
f 1043/1043/1043 1044/1044/1044 1046/1046/1046
f 1043/1043/1043 1046/1046/1046 1047/1047/1047
f 1046/1046/1046 1048/1048/1048 1047/1047/1047
f 1048/1048/1048 1049/1049/1049 1047/1047/1047
f 1047/1047/1047 1049/1049/1049 1050/1050/1050
f 1049/1049/1049 1051/1051/1051 1050/1050/1050
f 1052/1052/1052 1051/1051/1051 1049/1049/1049
f 1051/1051/1051 1052/1052/1052 1053/1053/1053
f 1052/1052/1052 1054/1054/1054 1053/1053/1053
f 1053/1053/1053 1054/1054/1054 1055/1055/1055
f 1055/1055/1055 1054/1054/1054 1056/1056/1056
f 1057/1057/1057 1055/1055/1055 1056/1056/1056
f 1060/1060/1060 1059/1059/1059 1058/1058/1058
f 1061/1061/1061 1060/1060/1060 1058/1058/1058
f 1062/1062/1062 1060/1060/1060 1061/1061/1061
f 1062/1062/1062 1061/1061/1061 1063/1063/1063
f 1066/1066/1066 1065/1065/1065 1064/1064/1064
f 1065/1065/1065 1066/1066/1066 1067/1067/1067
f 1066/1066/1066 1068/1068/1068 1067/1067/1067
f 1069/1069/1069 1065/1065/1065 1067/1067/1067
f 1067/1067/1067 1068/1068/1068 1070/1070/1070
f 1070/1070/1070 1068/1068/1068 1071/1071/1071
f 1072/1072/1072 1070/1070/1070 1071/1071/1071
f 1071/1071/1071 1073/1073/1073 1072/1072/1072
f 1073/1073/1073 1074/1074/1074 1072/1072/1072
f 1072/1072/1072 1074/1074/1074 1075/1075/1075
f 1076/1076/1076 1072/1072/1072 1075/1075/1075
f 1072/1072/1072 1076/1076/1076 1070/1070/1070
f 1076/1076/1076 1075/1075/1075 1077/1077/1077
f 1070/1070/1070 1078/1078/1078 1067/1067/1067
f 1076/1076/1076 1078/1078/1078 1070/1070/1070
f 1069/1069/1069 1067/1067/1067 1079/1079/1079
f 1078/1078/1078 1079/1079/1079 1067/1067/1067
f 1079/1079/1079 1080/1080/1080 1069/1069/1069
f 1078/1078/1078 1080/1080/1080 1079/1079/1079
f 1080/1080/1080 1081/1081/1081 1069/1069/1069
f 1082/1082/1082 1076/1076/1076 1077/1077/1077
f 1076/1076/1076 1082/1082/1082 1078/1078/1078
f 1081/1081/1081 1080/1080/1080 1083/1083/1083
f 1084/1084/1084 1081/1081/1081 1083/1083/1083
f 1085/1085/1085 1080/1080/1080 1078/1078/1078
f 1082/1082/1082 1085/1085/1085 1078/1078/1078
f 1085/1085/1085 1083/1083/1083 1080/1080/1080
f 1082/1082/1082 1077/1077/1077 1086/1086/1086
f 1082/1082/1082 1086/1086/1086 1085/1085/1085
f 1077/1077/1077 1087/1087/1087 1086/1086/1086
f 1084/1084/1084 1083/1083/1083 1088/1088/1088
f 1089/1089/1089 1084/1084/1084 1088/1088/1088
f 1083/1083/1083 1085/1085/1085 1090/1090/1090
f 1086/1086/1086 1090/1090/1090 1085/1085/1085
f 1088/1088/1088 1083/1083/1083 1090/1090/1090
f 1086/1086/1086 1087/1087/1087 1091/1091/1091
f 1091/1091/1091 1090/1090/1090 1086/1086/1086
f 1087/1087/1087 1092/1092/1092 1091/1091/1091
f 1089/1089/1089 1088/1088/1088 1093/1093/1093
f 1089/1089/1089 1093/1093/1093 1094/1094/1094
f 1088/1088/1088 1090/1090/1090 1095/1095/1095
f 1095/1095/1095 1090/1090/1090 1091/1091/1091
f 1093/1093/1093 1088/1088/1088 1095/1095/1095
f 1091/1091/1091 1092/1092/1092 1096/1096/1096
f 1096/1096/1096 1095/1095/1095 1091/1091/1091
f 1092/1092/1092 1097/1097/1097 1096/1096/1096
f 1096/1096/1096 1097/1097/1097 1098/1098/1098
f 1096/1096/1096 1098/1098/1098 1095/1095/1095
f 1097/1097/1097 1099/1099/1099 1098/1098/1098
f 1098/1098/1098 1100/1100/1100 1095/1095/1095
f 1095/1095/1095 1100/1100/1100 1093/1093/1093
f 1100/1100/1100 1101/1101/1101 1093/1093/1093
f 1094/1094/1094 1093/1093/1093 1101/1101/1101
f 1102/1102/1102 1094/1094/1094 1101/1101/1101
f 1105/1105/1105 1104/1104/1104 1103/1103/1103
f 1104/1104/1104 1106/1106/1106 1103/1103/1103
f 1107/1107/1107 1106/1106/1106 1104/1104/1104
f 1108/1108/1108 1107/1107/1107 1104/1104/1104
f 1109/1109/1109 1107/1107/1107 1108/1108/1108
f 1112/1112/1112 1111/1111/1111 1110/1110/1110
f 1111/1111/1111 1113/1113/1113 1110/1110/1110
f 1113/1113/1113 1114/1114/1114 1110/1110/1110
f 1115/1115/1115 1114/1114/1114 1113/1113/1113
f 1115/1115/1115 1113/1113/1113 1116/1116/1116
f 1117/1117/1117 1115/1115/1115 1116/1116/1116
f 1120/1120/1120 1119/1119/1119 1118/1118/1118
f 1120/1120/1120 1118/1118/1118 1121/1121/1121
f 1120/1120/1120 1123/1123/1123 1122/1122/1122
f 1120/1120/1120 1122/1122/1122 1124/1124/1124
f 1126/1126/1126 1125/1125/1125 1124/1124/1124
f 1126/1126/1126 1124/1124/1124 1127/1127/1127
f 1128/1128/1128 1126/1126/1126 1127/1127/1127
f 1126/1126/1126 1128/1128/1128 1129/1129/1129
f 1130/1130/1130 1125/1125/1125 1126/1126/1126
f 1130/1130/1130 1126/1126/1126 1129/1129/1129
f 1132/1132/1132 1131/1131/1131 1130/1130/1130
f 1132/1132/1132 1133/1133/1133 1131/1131/1131
f 1135/1135/1135 1134/1134/1134 1131/1131/1131
f 1135/1135/1135 1131/1131/1131 1136/1136/1136
f 1139/1139/1139 1138/1138/1138 1137/1137/1137
f 1140/1140/1140 1139/1139/1139 1137/1137/1137
f 1141/1141/1141 1140/1140/1140 1137/1137/1137
f 1141/1141/1141 1142/1142/1142 1140/1140/1140
f 1140/1140/1140 1142/1142/1142 1143/1143/1143
f 1142/1142/1142 1144/1144/1144 1143/1143/1143
f 1147/1147/1147 1146/1146/1146 1145/1145/1145
f 1147/1147/1147 1148/1148/1148 1146/1146/1146
f 1149/1149/1149 1146/1146/1146 1148/1148/1148
f 1149/1149/1149 1148/1148/1148 1150/1150/1150
f 1148/1148/1148 1151/1151/1151 1150/1150/1150
f 1149/1149/1149 1150/1150/1150 1152/1152/1152
f 1150/1150/1150 1153/1153/1153 1152/1152/1152
f 1151/1151/1151 1154/1154/1154 1150/1150/1150
f 1150/1150/1150 1155/1155/1155 1153/1153/1153
f 1150/1150/1150 1154/1154/1154 1155/1155/1155
f 1156/1156/1156 1153/1153/1153 1155/1155/1155
f 1155/1155/1155 1154/1154/1154 1157/1157/1157
f 1156/1156/1156 1155/1155/1155 1157/1157/1157
f 1154/1154/1154 1158/1158/1158 1157/1157/1157
f 1156/1156/1156 1157/1157/1157 1159/1159/1159
f 1157/1157/1157 1158/1158/1158 1160/1160/1160
f 1159/1159/1159 1157/1157/1157 1161/1161/1161
f 1161/1161/1161 1157/1157/1157 1160/1160/1160
f 1161/1161/1161 1162/1162/1162 1159/1159/1159
f 1163/1163/1163 1162/1162/1162 1161/1161/1161
f 1160/1160/1160 1164/1164/1164 1161/1161/1161
f 1161/1161/1161 1164/1164/1164 1163/1163/1163
f 1160/1160/1160 1165/1165/1165 1164/1164/1164
f 1166/1166/1166 1163/1163/1163 1164/1164/1164
f 1167/1167/1167 1166/1166/1166 1164/1164/1164
f 1165/1165/1165 1168/1168/1168 1164/1164/1164
f 1168/1168/1168 1167/1167/1167 1164/1164/1164
f 1167/1167/1167 1169/1169/1169 1166/1166/1166
f 1167/1167/1167 1170/1170/1170 1169/1169/1169
f 1168/1168/1168 1171/1171/1171 1167/1167/1167
f 1172/1172/1172 1170/1170/1170 1167/1167/1167
f 1171/1171/1171 1173/1173/1173 1167/1167/1167
f 1172/1172/1172 1167/1167/1167 1173/1173/1173
f 1171/1171/1171 1174/1174/1174 1173/1173/1173
f 1172/1172/1172 1173/1173/1173 1174/1174/1174
f 1174/1174/1174 1175/1175/1175 1172/1172/1172
f 1175/1175/1175 1174/1174/1174 1176/1176/1176
f 1175/1175/1175 1176/1176/1176 1177/1177/1177
f 1180/1180/1180 1179/1179/1179 1178/1178/1178
f 1181/1181/1181 1178/1178/1178 1179/1179/1179
f 1180/1180/1180 1182/1182/1182 1179/1179/1179
f 1179/1179/1179 1182/1182/1182 1183/1183/1183
f 1180/1180/1180 1184/1184/1184 1182/1182/1182
f 1185/1185/1185 1182/1182/1182 1184/1184/1184
f 1185/1185/1185 1186/1186/1186 1182/1182/1182
f 1182/1182/1182 1186/1186/1186 1187/1187/1187
f 1182/1182/1182 1187/1187/1187 1183/1183/1183
f 1183/1183/1183 1187/1187/1187 1188/1188/1188
f 1188/1188/1188 1189/1189/1189 1183/1183/1183
f 1190/1190/1190 1183/1183/1183 1189/1189/1189
f 1191/1191/1191 1183/1183/1183 1190/1190/1190
f 1181/1181/1181 1179/1179/1179 1192/1192/1192
f 1192/1192/1192 1179/1179/1179 1183/1183/1183
f 1192/1192/1192 1183/1183/1183 1191/1191/1191
f 1193/1193/1193 1181/1181/1181 1192/1192/1192
f 1194/1194/1194 1192/1192/1192 1191/1191/1191
f 1193/1193/1193 1192/1192/1192 1195/1195/1195
f 1194/1194/1194 1195/1195/1195 1192/1192/1192
f 1198/1198/1198 1197/1197/1197 1196/1196/1196
f 1199/1199/1199 1198/1198/1198 1196/1196/1196
f 1200/1200/1200 1197/1197/1197 1198/1198/1198
f 1198/1198/1198 1199/1199/1199 1201/1201/1201
f 1200/1200/1200 1198/1198/1198 1202/1202/1202
f 1198/1198/1198 1201/1201/1201 1202/1202/1202
f 1205/1205/1205 1204/1204/1204 1203/1203/1203
f 1203/1203/1203 1204/1204/1204 1206/1206/1206
f 1204/1204/1204 1207/1207/1207 1206/1206/1206
f 1204/1204/1204 1205/1205/1205 1208/1208/1208
f 1207/1207/1207 1204/1204/1204 1209/1209/1209
f 1208/1208/1208 1209/1209/1209 1204/1204/1204
f 1207/1207/1207 1209/1209/1209 1210/1210/1210
f 1211/1211/1211 1209/1209/1209 1208/1208/1208
f 1209/1209/1209 1211/1211/1211 1210/1210/1210
f 1210/1210/1210 1211/1211/1211 1212/1212/1212
f 1211/1211/1211 1213/1213/1213 1212/1212/1212
f 1208/1208/1208 1214/1214/1214 1211/1211/1211
f 1211/1211/1211 1214/1214/1214 1213/1213/1213
f 1213/1213/1213 1214/1214/1214 1215/1215/1215
f 1214/1214/1214 1216/1216/1216 1215/1215/1215
f 1215/1215/1215 1216/1216/1216 1217/1217/1217
f 1216/1216/1216 1214/1214/1214 1218/1218/1218
f 1217/1217/1217 1216/1216/1216 1219/1219/1219
f 1217/1217/1217 1219/1219/1219 1220/1220/1220
f 1221/1221/1221 1216/1216/1216 1218/1218/1218
f 1219/1219/1219 1216/1216/1216 1221/1221/1221
f 1220/1220/1220 1219/1219/1219 1222/1222/1222
f 1219/1219/1219 1221/1221/1221 1222/1222/1222
f 1222/1222/1222 1223/1223/1223 1220/1220/1220
f 1224/1224/1224 1223/1223/1223 1222/1222/1222
f 1222/1222/1222 1225/1225/1225 1224/1224/1224
f 1225/1225/1225 1222/1222/1222 1221/1221/1221
f 1224/1224/1224 1225/1225/1225 1226/1226/1226
f 1227/1227/1227 1221/1221/1221 1218/1218/1218
f 1225/1225/1225 1221/1221/1221 1227/1227/1227
f 1225/1225/1225 1227/1227/1227 1226/1226/1226
f 1228/1228/1228 1227/1227/1227 1218/1218/1218
f 1226/1226/1226 1227/1227/1227 1229/1229/1229
f 1228/1228/1228 1230/1230/1230 1227/1227/1227
f 1230/1230/1230 1229/1229/1229 1227/1227/1227
f 1233/1233/1233 1232/1232/1232 1231/1231/1231
f 1233/1233/1233 1231/1231/1231 1234/1234/1234
f 1235/1235/1235 1233/1233/1233 1234/1234/1234
f 1232/1232/1232 1233/1233/1233 1236/1236/1236
f 1233/1233/1233 1235/1235/1235 1237/1237/1237
f 1237/1237/1237 1236/1236/1236 1233/1233/1233
f 1237/1237/1237 1235/1235/1235 1238/1238/1238
f 1237/1237/1237 1239/1239/1239 1236/1236/1236
f 1239/1239/1239 1237/1237/1237 1238/1238/1238
f 1239/1239/1239 1238/1238/1238 1240/1240/1240
f 1241/1241/1241 1239/1239/1239 1240/1240/1240
f 1242/1242/1242 1236/1236/1236 1239/1239/1239
f 1242/1242/1242 1239/1239/1239 1241/1241/1241
f 1242/1242/1242 1241/1241/1241 1243/1243/1243
f 1244/1244/1244 1242/1242/1242 1243/1243/1243
f 1244/1244/1244 1243/1243/1243 1245/1245/1245
f 1242/1242/1242 1244/1244/1244 1246/1246/1246
f 1244/1244/1244 1245/1245/1245 1247/1247/1247
f 1247/1247/1247 1245/1245/1245 1248/1248/1248
f 1244/1244/1244 1249/1249/1249 1246/1246/1246
f 1244/1244/1244 1247/1247/1247 1249/1249/1249
f 1247/1247/1247 1248/1248/1248 1250/1250/1250
f 1249/1249/1249 1247/1247/1247 1250/1250/1250
f 1251/1251/1251 1250/1250/1250 1248/1248/1248
f 1251/1251/1251 1252/1252/1252 1250/1250/1250
f 1253/1253/1253 1250/1250/1250 1252/1252/1252
f 1250/1250/1250 1253/1253/1253 1249/1249/1249
f 1253/1253/1253 1252/1252/1252 1254/1254/1254
f 1249/1249/1249 1255/1255/1255 1246/1246/1246
f 1249/1249/1249 1253/1253/1253 1255/1255/1255
f 1255/1255/1255 1253/1253/1253 1254/1254/1254
f 1255/1255/1255 1256/1256/1256 1246/1246/1246
f 1255/1255/1255 1254/1254/1254 1257/1257/1257
f 1258/1258/1258 1256/1256/1256 1255/1255/1255
f 1257/1257/1257 1258/1258/1258 1255/1255/1255
