g A_build_bridge02_b
v 4.20800781 0.088705793 0.000485655881
v 4.17660141 -0.0110664666 0.000485657249
v 4.17660093 -0.0110649401 -9.23548317
v 4.20800734 0.0887073204 -9.23548317
v 5.2701354 0.0887057483 0.00048560946
v 5.27013493 0.0887072757 -9.23548317
v 5.27013493 0.0887072757 -9.23548317
v 4.20800924 0.0887087733 -18.4741898
v 5.27013588 0.0887087211 -18.4741898
v 4.20800734 0.0887073204 -9.23548317
v 4.17660093 -0.0110649401 -9.23548317
v 4.17660284 -0.011063491 -18.4741898
v 5.27013397 -0.0110662086 4.69479465
v 5.27013397 0.0887068138 0.00048560946
v 5.27013397 -0.0110654458 0.00048560946
v 5.27013397 0.0887060538 4.69479465
v 4.20800638 0.0887068659 0.000485655881
v 4.20800686 0.0887060985 4.69479465
v 4.17660046 -0.0110653983 0.000485657249
v 4.17660046 -0.0110661611 4.69479465
v 5.27013397 -0.0110662086 4.69479465
v 4.17660046 -0.0110661611 4.69479465
v -4.40579557 -0.0110657858 4.69480228
v -4.43720245 0.0887072384 0.00049579941
v -4.40579605 -0.011065023 0.000495798071
v -4.43720198 0.088706471 4.69480228
v -6.5614562 0.0887073278 0.000495892251
v -6.5614562 0.0887065679 4.69480228
v -6.59286261 -0.0110649271 0.000495893648
v -6.59286261 -0.0110656898 4.69480228
v -6.59286261 -0.0110656898 4.69480228
v -4.40579557 -0.0110657858 4.69480228
v 5.54911709 0.400710136 4.51607513
v 13.394536 0.245054081 4.5253458
v 5.53984499 0.245054424 4.52534628
v 13.3852634 0.400709778 4.51607466
v 13.394536 0.245054692 0.449976236
v 13.394536 0.245054081 4.5253458
v 13.3852634 0.400710434 0.459248692
v 5.53984499 0.245055035 0.449976563
v 13.394536 0.245054692 0.449976236
v 5.54911709 0.400710791 0.45924902
v 5.53984499 0.245054424 4.52534628
v 5.53984499 0.245055035 0.449976563
v 5.54911709 0.400710136 4.51607513
v 5.53984499 0.245054424 4.52534628
v 13.394536 0.245054081 4.5253458
v 13.6316767 0.245054007 4.66221952
v 5.30271244 0.245054379 4.66222
v 5.30271244 -0.00793136843 4.66222
v 5.30271244 0.245054379 4.66222
v 13.6316767 0.245054007 4.66221952
v 13.6316767 -0.00793173257 4.66221952
v 5.54911709 0.400710136 4.51607513
v 5.54911709 0.400710791 0.45924902
v 13.3852634 0.400710434 0.459248692
v 13.3852634 0.400709778 4.51607466
v 5.30271244 0.24505499 0.313100338
v 5.30271244 -0.00793075841 0.313100338
v 13.6316767 -0.00793112256 0.31309998
v 13.6316767 0.245054618 0.31309998
v 13.6316767 -0.00793173257 4.66221952
v 13.6316767 0.245054007 4.66221952
v 13.6316767 0.245054618 0.31309998
v 13.6316767 -0.00793112256 0.31309998
v 5.30271244 -0.00793075841 0.313100338
v 5.30271244 0.24505499 0.313100338
v 5.30271244 0.245054379 4.66222
v 5.30271244 -0.00793136843 4.66222
v 13.394536 0.245054081 4.5253458
v 13.394536 0.245054692 0.449976236
v 13.6316767 0.245054618 0.31309998
v 13.6316767 0.245054007 4.66221952
v 5.30271244 0.245054379 4.66222
v 5.30271244 0.24505499 0.313100338
v 5.53984499 0.245055035 0.449976563
v 5.53984499 0.245054424 4.52534628
v 5.30271244 0.24505499 0.313100338
v 13.6316767 0.245054618 0.31309998
v 13.394536 0.245054692 0.449976236
v 5.53984499 0.245055035 0.449976563
v -4.40579653 -0.0110619711 -18.4741955
v -4.40579653 -0.0110634202 -9.23732376
v -4.43720245 0.0887088403 -9.23732376
v -4.43720245 0.0887102857 -18.4741955
v -6.56145668 0.0887089297 -9.23732376
v -6.5614562 0.0887103826 -18.4741955
v -6.59286261 -0.0110618751 -18.4741955
v -6.59286308 -0.0110633252 -9.23732376
v 5.73160696 -0.226374909 -13.8548374
v 5.73160553 -0.226375595 -9.23639297
v 5.73160553 0.354708016 -9.23639297
v 5.73160696 0.354708791 -13.8548374
v 5.73160934 -0.226374224 -18.4741936
v 5.73160934 0.354709506 -18.4741917
v 5.63357115 0.532365739 -9.23639297
v 5.63357592 0.532367229 -18.4741917
v 5.6335721 0.532366514 -13.8548374
v 5.63357115 1.45048392 -9.23639297
v 5.63357592 1.45048547 -18.4741917
v 5.6335721 1.45048463 -13.8548374
v 5.6940155 1.5128541 -9.23639297
v 5.69402027 1.51285565 -18.4741917
v 5.69401646 1.51285493 -13.8548374
v 5.6940155 1.77733183 -9.23639297
v 5.69402027 1.77733338 -18.4741936
v 5.69401646 1.77733254 -13.8548374
v 5.6218524 1.83379924 -9.23639297
v 5.6218586 1.83380067 -18.4741917
v 5.62185478 1.83379996 -13.8548374
v 5.38023853 1.83379924 -9.23639297
v 5.38024473 1.83380067 -18.4741917
v 5.38024092 1.83379996 -13.8548374
v 5.30807543 1.77733183 -9.23639297
v 5.30808163 1.77733338 -18.4741936
v 5.30807781 1.77733254 -13.8548374
v 5.30807543 1.5128541 -9.23639297
v 5.30808163 1.51285565 -18.4741936
v 5.30807781 1.51285493 -13.8548374
v 5.36851978 1.45048392 -9.23639297
v 5.36852598 1.45048547 -18.4741917
v 5.36852217 1.45048463 -13.8548374
v 5.36851978 0.532365739 -9.23639297
v 5.36852598 0.532367229 -18.4741917
v 5.36852217 0.532366514 -13.8548374
v 5.27052164 0.354708046 -9.23639297
v 5.27052784 0.354709536 -18.4741917
v 5.27052402 0.354708821 -13.8548374
v 5.27052164 -0.22637558 -9.23639297
v 5.27052784 -0.226374209 -18.4741936
v 5.27052402 -0.226374894 -13.8548374
v -13.8043957 -0.293934315 -13.7075739
v -13.8043957 -0.293934256 -14.0021362
v -13.8043938 0.32526055 -14.0021343
v -13.8043938 0.32526046 -13.7075739
v -13.7021093 0.58985883 -13.7075739
v -13.7021093 0.58985889 -14.0021343
v -13.7021093 1.40126383 -13.7075739
v -13.7021093 1.40126395 -14.0021343
v -13.7903023 1.46772492 -13.7075739
v -13.7903023 1.46772504 -14.0021343
v -13.7903023 1.84118927 -13.7075739
v -13.7903023 1.84118938 -14.0021343
v -13.6850147 1.90135992 -14.0021343
v -13.6850147 1.9013598 -13.7075739
v -13.3121042 1.9013598 -13.7075739
v -13.3121042 1.90135992 -14.0021343
v -13.2068195 1.84118938 -14.0021343
v -13.2068195 1.84118927 -13.7075739
v -13.2068195 1.46772504 -14.0021343
v -13.2068195 1.46772492 -13.7075739
v -13.2950096 1.40126395 -14.0021343
v -13.2950096 1.40126383 -13.7075739
v -13.2950096 0.58985883 -14.0021343
v -13.2950096 0.58985883 -13.7075739
v -13.192728 0.32526049 -14.0021343
v -13.192728 0.325260431 -13.7075739
v -13.192729 -0.293934286 -14.0021362
v -13.192729 -0.293934345 -13.7075739
v -13.8043938 0.32526046 -13.7075739
v -13.192729 -0.293934345 -13.7075739
v -13.8043957 -0.293934315 -13.7075739
v -13.192728 0.325260431 -13.7075739
v -13.7021093 0.58985883 -13.7075739
v -13.2950096 0.58985883 -13.7075739
v -13.7021093 1.40126383 -13.7075739
v -13.2950096 1.40126383 -13.7075739
v -13.7903023 1.46772492 -13.7075739
v -13.2068195 1.46772492 -13.7075739
v -13.7903023 1.84118927 -13.7075739
v -13.2068195 1.84118927 -13.7075739
v -13.6850147 1.9013598 -13.7075739
v -13.3121042 1.9013598 -13.7075739
v -13.7903023 1.84118938 -14.0021343
v -13.3121042 1.90135992 -14.0021343
v -13.6850147 1.90135992 -14.0021343
v -13.2068195 1.84118938 -14.0021343
v -13.7903023 1.46772504 -14.0021343
v -13.2068195 1.46772504 -14.0021343
v -13.7021093 1.40126395 -14.0021343
v -13.2950096 1.40126395 -14.0021343
v -13.7021093 0.58985889 -14.0021343
v -13.2950096 0.58985883 -14.0021343
v -13.8043938 0.32526055 -14.0021343
v -13.192728 0.32526049 -14.0021343
v -13.8043957 -0.293934256 -14.0021362
v -13.192729 -0.293934286 -14.0021362
v -5.30599356 1.77577817 4.6925807
v -5.61952639 1.8322016 4.6925807
v -5.3781004 1.8322016 4.6925807
v -5.69163322 1.77577817 4.6925807
v -5.30599356 1.51150525 4.6925807
v -5.69163322 1.51150525 4.6925807
v -5.36638927 1.44918346 4.6925807
v -5.63123512 1.44918346 4.6925807
v -5.36638927 0.531776667 4.6925807
v -5.63123512 0.531776667 4.6925807
v -5.72915745 0.354256541 4.6925807
v -5.26843262 0.354256511 4.6925807
v -5.26843262 -0.226376638 4.6925807
v -5.72915745 -0.226376623 4.6925807
v -5.26843262 0.354256511 4.6925807
v -5.26843262 -0.226375878 0.000500718539
v -5.26843262 -0.226376638 4.6925807
v -5.26843262 0.354257345 0.000500718539
v -5.36638927 0.531776667 4.6925807
v -5.36638927 0.531777501 0.000500722846
v -5.36638927 1.44918346 4.6925807
v -5.36638927 1.44918418 0.000500722846
v -5.30599356 1.51150525 4.6925807
v -5.30599356 1.51150596 0.000500720227
v -5.30599356 1.77577817 4.6925807
v -5.30599356 1.77577877 0.000500720227
v -5.3781004 1.8322016 4.6925807
v -5.3781004 1.83220243 0.000500723312
v -5.61952639 1.8322016 4.6925807
v -5.61952639 1.83220243 0.000500733906
v -5.69163322 1.77577817 4.6925807
v -5.69163322 1.77577877 0.000500737049
v -5.69163322 1.51150525 4.6925807
v -5.69163322 1.51150596 0.000500737049
v -5.63123512 1.44918346 4.6925807
v -5.63123512 1.44918418 0.00050073443
v -5.63123512 0.531776667 4.6925807
v -5.63123512 0.531777501 0.00050073443
v -5.72915745 0.354256541 4.6925807
v -5.72915745 0.354257375 0.000500738679
v -5.72915745 -0.226375863 0.000500738679
v -5.72915745 -0.226376623 4.6925807
v 5.19524527 -0.293935239 -4.47066498
v 5.19524527 -0.29393515 -4.76522541
v 5.19524527 0.325259626 -4.76522541
v 5.19524527 0.325259596 -4.47066498
v 5.29752779 0.589857996 -4.47066498
v 5.29752779 0.589857996 -4.76522541
v 5.29752779 1.40126288 -4.47066498
v 5.29752779 1.40126288 -4.76522541
v 5.20933723 1.46772408 -4.47066498
v 5.20933723 1.46772408 -4.76522541
v 5.20933723 1.84118843 -4.47066498
v 5.20933723 1.84118843 -4.76522541
v 5.31462288 1.90135896 -4.76522541
v 5.31462288 1.90135896 -4.47066498
v 5.6875329 1.90135896 -4.47066498
v 5.6875329 1.90135896 -4.76522541
v 5.79281616 1.84118831 -4.76522541
v 5.79281616 1.84118831 -4.47066498
v 5.79281616 1.46772397 -4.76522541
v 5.79281616 1.46772397 -4.47066498
v 5.70462751 1.40126288 -4.76522541
v 5.70462751 1.40126288 -4.47066498
v 5.70462751 0.589857936 -4.76522541
v 5.70462751 0.589857936 -4.47066498
v 5.80690765 0.325259596 -4.76522541
v 5.80690765 0.325259537 -4.47066498
v 5.80690765 -0.29393518 -4.76522541
v 5.80690765 -0.293935239 -4.47066498
v 5.19524527 0.325259596 -4.47066498
v 5.80690765 -0.293935239 -4.47066498
v 5.19524527 -0.293935239 -4.47066498
v 5.80690765 0.325259537 -4.47066498
v 5.29752779 0.589857996 -4.47066498
v 5.70462751 0.589857936 -4.47066498
v 5.29752779 1.40126288 -4.47066498
v 5.70462751 1.40126288 -4.47066498
v 5.20933723 1.46772408 -4.47066498
v 5.79281616 1.46772397 -4.47066498
v 5.20933723 1.84118843 -4.47066498
v 5.79281616 1.84118831 -4.47066498
v 5.31462288 1.90135896 -4.47066498
v 5.6875329 1.90135896 -4.47066498
v 5.20933723 1.84118843 -4.76522541
v 5.6875329 1.90135896 -4.76522541
v 5.31462288 1.90135896 -4.76522541
v 5.79281616 1.84118831 -4.76522541
v 5.20933723 1.46772408 -4.76522541
v 5.79281616 1.46772397 -4.76522541
v 5.29752779 1.40126288 -4.76522541
v 5.70462751 1.40126288 -4.76522541
v 5.29752779 0.589857996 -4.76522541
v 5.70462751 0.589857936 -4.76522541
v 5.19524527 0.325259626 -4.76522541
v 5.80690765 0.325259596 -4.76522541
v 5.19524527 -0.29393515 -4.76522541
v 5.80690765 -0.29393518 -4.76522541
v 5.19519711 -0.29393515 -13.7075739
v 5.19519711 -0.29393509 -14.0021343
v 5.19519711 0.325259686 -14.0021343
v 5.19519711 0.325259626 -13.7075739
v 5.29748201 0.589857996 -13.7075739
v 5.29748201 0.589858055 -14.0021343
v 5.29748201 1.40126288 -13.7075729
v 5.29748201 1.40126312 -14.0021343
v 5.2092886 1.46772408 -13.7075729
v 5.2092886 1.46772432 -14.0021343
v 5.2092886 1.84118843 -13.7075729
v 5.2092886 1.84118867 -14.0021343
v 5.3145771 1.90135908 -14.0021343
v 5.3145771 1.90135896 -13.7075729
v 5.68748713 1.90135896 -13.7075729
v 5.68748713 1.90135908 -14.0021343
v 5.79277039 1.84118843 -14.0021343
v 5.79277039 1.84118831 -13.7075729
v 5.79277039 1.46772408 -14.0021343
v 5.79277039 1.46772397 -13.7075729
v 5.70458174 1.40126312 -14.0021343
v 5.70458174 1.40126288 -13.7075729
v 5.70458174 0.589857996 -14.0021343
v 5.70458174 0.589857936 -13.7075739
v 5.80686188 0.325259656 -14.0021343
v 5.80686188 0.325259596 -13.7075739
v 5.80686188 -0.29393509 -14.0021343
v 5.80686188 -0.29393518 -13.7075739
v 5.19519711 0.325259626 -13.7075739
v 5.80686188 -0.29393518 -13.7075739
v 5.19519711 -0.29393515 -13.7075739
v 5.80686188 0.325259596 -13.7075739
v 5.29748201 0.589857996 -13.7075739
v 5.70458174 0.589857936 -13.7075739
v 5.29748201 1.40126288 -13.7075729
v 5.70458174 1.40126288 -13.7075729
v 5.2092886 1.46772408 -13.7075729
v 5.79277039 1.46772397 -13.7075729
v 5.2092886 1.84118843 -13.7075729
v 5.79277039 1.84118831 -13.7075729
v 5.3145771 1.90135896 -13.7075729
v 5.68748713 1.90135896 -13.7075729
v 5.2092886 1.84118867 -14.0021343
v 5.68748713 1.90135908 -14.0021343
v 5.3145771 1.90135908 -14.0021343
v 5.79277039 1.84118843 -14.0021343
v 5.2092886 1.46772432 -14.0021343
v 5.79277039 1.46772408 -14.0021343
v 5.29748201 1.40126312 -14.0021343
v 5.70458174 1.40126312 -14.0021343
v 5.29748201 0.589858055 -14.0021343
v 5.70458174 0.589857996 -14.0021343
v 5.19519711 0.325259686 -14.0021343
v 5.80686188 0.325259656 -14.0021343
v 5.19519711 -0.29393509 -14.0021343
v 5.80686188 -0.29393509 -14.0021343
v -5.80479097 -0.293934762 -4.4706645
v -5.80479097 -0.293934673 -4.76522493
v -5.80479097 0.325260103 -4.76522493
v -5.80479097 0.325260073 -4.4706645
v -5.70250845 0.589858472 -4.4706645
v -5.70250845 0.589858472 -4.76522493
v -5.70250845 1.40126359 -4.4706645
v -5.70250845 1.40126359 -4.76522493
v -5.79069948 1.46772456 -4.4706645
v -5.79069948 1.46772456 -4.76522493
v -5.79069948 1.84118891 -4.4706645
v -5.79069948 1.84118891 -4.76522493
v -5.68541384 1.90135956 -4.76522493
v -5.68541384 1.90135956 -4.4706645
v -5.31250286 1.90135956 -4.4706645
v -5.31250286 1.90135956 -4.76522493
v -5.2072196 1.84118879 -4.76522493
v -5.2072196 1.84118879 -4.4706645
v -5.2072196 1.46772444 -4.76522493
v -5.2072196 1.46772444 -4.4706645
v -5.29540825 1.40126359 -4.76522493
v -5.29540825 1.40126359 -4.4706645
v -5.29540825 0.589858472 -4.76522493
v -5.29540825 0.589858472 -4.4706645
v -5.19312811 0.325260073 -4.76522493
v -5.19312811 0.325260043 -4.4706645
v -5.19312811 -0.293934703 -4.76522493
v -5.19312811 -0.293934762 -4.4706645
v -5.80479097 0.325260073 -4.4706645
v -5.19312811 -0.293934762 -4.4706645
v -5.80479097 -0.293934762 -4.4706645
v -5.19312811 0.325260043 -4.4706645
v -5.70250845 0.589858472 -4.4706645
v -5.29540825 0.589858472 -4.4706645
v -5.70250845 1.40126359 -4.4706645
v -5.29540825 1.40126359 -4.4706645
v -5.79069948 1.46772456 -4.4706645
v -5.2072196 1.46772444 -4.4706645
v -5.79069948 1.84118891 -4.4706645
v -5.2072196 1.84118879 -4.4706645
v -5.68541384 1.90135956 -4.4706645
v -5.31250286 1.90135956 -4.4706645
v -5.79069948 1.84118891 -4.76522493
v -5.31250286 1.90135956 -4.76522493
v -5.68541384 1.90135956 -4.76522493
v -5.2072196 1.84118879 -4.76522493
v -5.79069948 1.46772456 -4.76522493
v -5.2072196 1.46772444 -4.76522493
v -5.70250845 1.40126359 -4.76522493
v -5.29540825 1.40126359 -4.76522493
v -5.70250845 0.589858472 -4.76522493
v -5.29540825 0.589858472 -4.76522493
v -5.80479097 0.325260103 -4.76522493
v -5.19312811 0.325260073 -4.76522493
v -5.80479097 -0.293934673 -4.76522493
v -5.19312811 -0.293934703 -4.76522493
v -5.80483913 -0.293934673 -13.7075739
v -5.80483913 -0.293934613 -14.0021343
v -5.80483913 0.325260192 -14.0021343
v -5.80483913 0.325260103 -13.7075739
v -5.70255423 0.589858472 -13.7075739
v -5.70255423 0.589858532 -14.0021343
v -5.70255423 1.40126359 -13.7075729
v -5.70255423 1.40126371 -14.0021343
v -5.79074764 1.46772456 -13.7075729
v -5.79074764 1.46772468 -14.0021343
v -5.79074764 1.84118891 -13.7075729
v -5.79074764 1.84118903 -14.0021343
v -5.68545961 1.90135968 -14.0021343
v -5.68545961 1.90135956 -13.7075729
v -5.31254864 1.90135956 -13.7075729
v -5.31254864 1.90135968 -14.0021343
v -5.20726538 1.84118891 -14.0021343
v -5.20726538 1.84118879 -13.7075729
v -5.20726538 1.46772456 -14.0021343
v -5.20726538 1.46772444 -13.7075729
v -5.29545403 1.40126371 -14.0021343
v -5.29545403 1.40126359 -13.7075729
v -5.29545403 0.589858472 -14.0021343
v -5.29545403 0.589858472 -13.7075739
v -5.19317389 0.325260162 -14.0021343
v -5.19317389 0.325260073 -13.7075739
v -5.19317389 -0.293934613 -14.0021343
v -5.19317389 -0.293934703 -13.7075739
v -5.80483913 0.325260103 -13.7075739
v -5.19317389 -0.293934703 -13.7075739
v -5.80483913 -0.293934673 -13.7075739
v -5.19317389 0.325260073 -13.7075739
v -5.70255423 0.589858472 -13.7075739
v -5.29545403 0.589858472 -13.7075739
v -5.70255423 1.40126359 -13.7075729
v -5.29545403 1.40126359 -13.7075729
v -5.79074764 1.46772456 -13.7075729
v -5.20726538 1.46772444 -13.7075729
v -5.79074764 1.84118891 -13.7075729
v -5.20726538 1.84118879 -13.7075729
v -5.68545961 1.90135956 -13.7075729
v -5.31254864 1.90135956 -13.7075729
v -5.79074764 1.84118903 -14.0021343
v -5.31254864 1.90135968 -14.0021343
v -5.68545961 1.90135968 -14.0021343
v -5.20726538 1.84118891 -14.0021343
v -5.79074764 1.46772468 -14.0021343
v -5.20726538 1.46772456 -14.0021343
v -5.70255423 1.40126371 -14.0021343
v -5.29545403 1.40126371 -14.0021343
v -5.70255423 0.589858532 -14.0021343
v -5.29545403 0.589858472 -14.0021343
v -5.80483913 0.325260192 -14.0021343
v -5.19317389 0.325260162 -14.0021343
v -5.80483913 -0.293934613 -14.0021343
v -5.19317389 -0.293934613 -14.0021343
v -13.804348 -0.293934405 -4.4706645
v -13.804348 -0.293934315 -4.76522493
v -13.804348 0.32526046 -4.76522493
v -13.804348 0.325260431 -4.4706645
v -13.7020655 0.58985883 -4.4706645
v -13.7020655 0.58985883 -4.76522493
v -13.7020655 1.40126383 -4.4706645
v -13.7020655 1.40126383 -4.76522493
v -13.7902565 1.46772492 -4.4706645
v -13.7902565 1.46772492 -4.76522493
v -13.7902565 1.84118927 -4.4706645
v -13.7902565 1.84118927 -4.76522493
v -13.6849709 1.9013598 -4.76522493
v -13.6849709 1.9013598 -4.4706645
v -13.3120604 1.9013598 -4.4706645
v -13.3120604 1.9013598 -4.76522493
v -13.2067757 1.84118927 -4.76522493
v -13.2067757 1.84118927 -4.4706645
v -13.2067757 1.46772492 -4.76522493
v -13.2067757 1.46772492 -4.4706645
v -13.2949657 1.40126383 -4.76522493
v -13.2949657 1.40126383 -4.4706645
v -13.2949657 0.58985883 -4.76522493
v -13.2949657 0.58985883 -4.4706645
v -13.1926842 0.325260431 -4.76522493
v -13.1926842 0.325260371 -4.4706645
v -13.1926842 -0.293934345 -4.76522493
v -13.1926842 -0.293934435 -4.4706645
v -13.804348 0.325260431 -4.4706645
v -13.1926842 -0.293934435 -4.4706645
v -13.804348 -0.293934405 -4.4706645
v -13.1926842 0.325260371 -4.4706645
v -13.7020655 0.58985883 -4.4706645
v -13.2949657 0.58985883 -4.4706645
v -13.7020655 1.40126383 -4.4706645
v -13.2949657 1.40126383 -4.4706645
v -13.7902565 1.46772492 -4.4706645
v -13.2067757 1.46772492 -4.4706645
v -13.7902565 1.84118927 -4.4706645
v -13.2067757 1.84118927 -4.4706645
v -13.6849709 1.9013598 -4.4706645
v -13.3120604 1.9013598 -4.4706645
v -13.7902565 1.84118927 -4.76522493
v -13.3120604 1.9013598 -4.76522493
v -13.6849709 1.9013598 -4.76522493
v -13.2067757 1.84118927 -4.76522493
v -13.7902565 1.46772492 -4.76522493
v -13.2067757 1.46772492 -4.76522493
v -13.7020655 1.40126383 -4.76522493
v -13.2949657 1.40126383 -4.76522493
v -13.7020655 0.58985883 -4.76522493
v -13.2949657 0.58985883 -4.76522493
v -13.804348 0.32526046 -4.76522493
v -13.1926842 0.325260431 -4.76522493
v -13.804348 -0.293934315 -4.76522493
v -13.1926842 -0.293934345 -4.76522493
v -13.8043938 -0.293934256 4.76624441
v -13.8043938 -0.293934256 4.47168398
v -13.8043938 0.325260609 4.47168398
v -13.8043938 0.32526055 4.76624441
v -13.7021093 0.589858949 4.76624441
v -13.7021093 0.589859009 4.47168398
v -13.7021093 1.40126395 4.76624441
v -13.7021093 1.40126395 4.47168398
v -13.7903023 1.46772504 4.76624441
v -13.7903023 1.46772516 4.47168398
v -13.7903023 1.84118938 4.76624441
v -13.7903023 1.84118938 4.47168398
v -13.6850147 1.90135992 4.47168398
v -13.6850147 1.90135992 4.76624441
v -13.3121042 1.90135992 4.76624441
v -13.3121042 1.90135992 4.47168398
v -13.2068195 1.84118938 4.47168398
v -13.2068195 1.84118938 4.76624441
v -13.2068195 1.46772516 4.47168398
v -13.2068195 1.46772504 4.76624441
v -13.2950096 1.40126395 4.47168398
v -13.2950096 1.40126395 4.76624441
v -13.2950096 0.589858949 4.47168398
v -13.2950096 0.58985889 4.76624441
v -13.192728 0.32526058 4.47168398
v -13.192728 0.32526049 4.76624441
v -13.192728 -0.293934286 4.47168398
v -13.192728 -0.293934286 4.76624441
v -13.8043938 0.32526055 4.76624441
v -13.192728 -0.293934286 4.76624441
v -13.8043938 -0.293934256 4.76624441
v -13.192728 0.32526049 4.76624441
v -13.7021093 0.589858949 4.76624441
v -13.2950096 0.58985889 4.76624441
v -13.7021093 1.40126395 4.76624441
v -13.2950096 1.40126395 4.76624441
v -13.7903023 1.46772504 4.76624441
v -13.2068195 1.46772504 4.76624441
v -13.7903023 1.84118938 4.76624441
v -13.2068195 1.84118938 4.76624441
v -13.6850147 1.90135992 4.76624441
v -13.3121042 1.90135992 4.76624441
v -13.7903023 1.84118938 4.47168398
v -13.3121042 1.90135992 4.47168398
v -13.6850147 1.90135992 4.47168398
v -13.2068195 1.84118938 4.47168398
v -13.7903023 1.46772516 4.47168398
v -13.2068195 1.46772516 4.47168398
v -13.7021093 1.40126395 4.47168398
v -13.2950096 1.40126395 4.47168398
v -13.7021093 0.589859009 4.47168398
v -13.2950096 0.589858949 4.47168398
v -13.8043938 0.325260609 4.47168398
v -13.192728 0.32526058 4.47168398
v -13.8043938 -0.293934256 4.47168398
v -13.192728 -0.293934286 4.47168398
v -13.8043938 -0.293934256 14.0031652
v -13.8043938 -0.293934166 13.7086048
v -13.8043928 0.32526058 13.7086048
v -13.8043928 0.32526055 14.0031652
v -13.7021074 0.58985889 14.0031652
v -13.7021074 0.589859009 13.7086048
v -13.7021074 1.40126395 14.0031652
v -13.7021074 1.40126395 13.7086048
v -13.7903013 1.46772504 14.0031652
v -13.7903013 1.46772504 13.7086048
v -13.7903013 1.84118938 14.0031652
v -13.7903013 1.8411895 13.7086048
v -13.6850128 1.90136015 13.7086048
v -13.6850128 1.90135992 14.0031652
v -13.3121033 1.90135992 14.0031652
v -13.3121033 1.90136015 13.7086048
v -13.2068186 1.8411895 13.7086048
v -13.2068186 1.84118938 14.0031652
v -13.2068186 1.46772504 13.7086048
v -13.2068186 1.46772504 14.0031652
v -13.2950087 1.40126395 13.7086048
v -13.2950087 1.40126395 14.0031652
v -13.2950087 0.589858949 13.7086048
v -13.2950087 0.58985889 14.0031652
v -13.1927271 0.32526055 13.7086048
v -13.1927271 0.32526049 14.0031652
v -13.192728 -0.293934196 13.7086048
v -13.192728 -0.293934286 14.0031652
v -13.8043928 0.32526055 14.0031652
v -13.192728 -0.293934286 14.0031652
v -13.8043938 -0.293934256 14.0031652
v -13.1927271 0.32526049 14.0031652
v -13.7021074 0.58985889 14.0031652
v -13.2950087 0.58985889 14.0031652
v -13.7021074 1.40126395 14.0031652
v -13.2950087 1.40126395 14.0031652
v -13.7903013 1.46772504 14.0031652
v -13.2068186 1.46772504 14.0031652
v -13.7903013 1.84118938 14.0031652
v -13.2068186 1.84118938 14.0031652
v -13.6850128 1.90135992 14.0031652
v -13.3121033 1.90135992 14.0031652
v -13.7903013 1.8411895 13.7086048
v -13.3121033 1.90136015 13.7086048
v -13.6850128 1.90136015 13.7086048
v -13.2068186 1.8411895 13.7086048
v -13.7903013 1.46772504 13.7086048
v -13.2068186 1.46772504 13.7086048
v -13.7021074 1.40126395 13.7086048
v -13.2950087 1.40126395 13.7086048
v -13.7021074 0.589859009 13.7086048
v -13.2950087 0.589858949 13.7086048
v -13.8043928 0.32526058 13.7086048
v -13.1927271 0.32526055 13.7086048
v -13.8043938 -0.293934166 13.7086048
v -13.192728 -0.293934196 13.7086048
v 13.1936102 -0.293935418 4.76624298
v 13.1936102 -0.293935418 4.47168255
v 13.1936102 0.325259417 4.47168255
v 13.1936102 0.325259358 4.76624298
v 13.2958956 0.589857757 4.76624298
v 13.2958956 0.589857817 4.47168255
v 13.2958956 1.40126276 4.76624298
v 13.2958956 1.40126276 4.47168255
v 13.2077026 1.46772385 4.76624298
v 13.2077026 1.46772397 4.47168255
v 13.2077026 1.84118819 4.76624298
v 13.2077026 1.84118819 4.47168255
v 13.3129902 1.90135872 4.47168255
v 13.3129902 1.90135872 4.76624298
v 13.6859026 1.90135872 4.76624298
v 13.6859026 1.90135872 4.47168255
v 13.7911863 1.84118819 4.47168255
v 13.7911863 1.84118819 4.76624298
v 13.7911863 1.46772397 4.47168255
v 13.7911863 1.46772385 4.76624298
v 13.7029982 1.40126276 4.47168255
v 13.7029982 1.40126276 4.76624298
v 13.7029982 0.589857757 4.47168255
v 13.7029982 0.589857757 4.76624298
v 13.8052778 0.325259387 4.47168255
v 13.8052778 0.325259328 4.76624298
v 13.8052778 -0.293935478 4.47168255
v 13.8052778 -0.293935478 4.76624298
v 13.1936102 0.325259358 4.76624298
v 13.8052778 -0.293935478 4.76624298
v 13.1936102 -0.293935418 4.76624298
v 13.8052778 0.325259328 4.76624298
v 13.2958956 0.589857757 4.76624298
v 13.7029982 0.589857757 4.76624298
v 13.2958956 1.40126276 4.76624298
v 13.7029982 1.40126276 4.76624298
v 13.2077026 1.46772385 4.76624298
v 13.7911863 1.46772385 4.76624298
v 13.2077026 1.84118819 4.76624298
v 13.7911863 1.84118819 4.76624298
v 13.3129902 1.90135872 4.76624298
v 13.6859026 1.90135872 4.76624298
v 13.2077026 1.84118819 4.47168255
v 13.6859026 1.90135872 4.47168255
v 13.3129902 1.90135872 4.47168255
v 13.7911863 1.84118819 4.47168255
v 13.2077026 1.46772397 4.47168255
v 13.7911863 1.46772397 4.47168255
v 13.2958956 1.40126276 4.47168255
v 13.7029982 1.40126276 4.47168255
v 13.2958956 0.589857817 4.47168255
v 13.7029982 0.589857757 4.47168255
v 13.1936102 0.325259417 4.47168255
v 13.8052778 0.325259387 4.47168255
v 13.1936102 -0.293935418 4.47168255
v 13.8052778 -0.293935478 4.47168255
v 13.1936102 -0.293935418 14.0031652
v 13.1936102 -0.293935359 13.7086048
v 13.1936121 0.325259387 13.7086048
v 13.1936121 0.325259358 14.0031652
v 13.2958965 0.589857757 14.0031652
v 13.2958965 0.589857817 13.7086048
v 13.2958965 1.40126276 14.0031652
v 13.2958965 1.40126276 13.7086048
v 13.2077036 1.46772385 14.0031652
v 13.2077036 1.46772385 13.7086048
v 13.2077036 1.84118819 14.0031652
v 13.2077036 1.84118831 13.7086048
v 13.3129921 1.90135896 13.7086048
v 13.3129921 1.90135872 14.0031652
v 13.6859045 1.90135872 14.0031652
v 13.6859045 1.90135896 13.7086048
v 13.7911873 1.84118831 13.7086048
v 13.7911873 1.84118819 14.0031652
v 13.7911873 1.46772385 13.7086048
v 13.7911873 1.46772385 14.0031652
v 13.7029991 1.40126276 13.7086048
v 13.7029991 1.40126276 14.0031652
v 13.7029991 0.589857757 13.7086048
v 13.7029991 0.589857697 14.0031652
v 13.8052788 0.325259358 13.7086048
v 13.8052788 0.325259328 14.0031652
v 13.8052778 -0.293935388 13.7086048
v 13.8052778 -0.293935478 14.0031652
v 13.1936121 0.325259358 14.0031652
v 13.8052778 -0.293935478 14.0031652
v 13.1936102 -0.293935418 14.0031652
v 13.8052788 0.325259328 14.0031652
v 13.2958965 0.589857757 14.0031652
v 13.7029991 0.589857697 14.0031652
v 13.2958965 1.40126276 14.0031652
v 13.7029991 1.40126276 14.0031652
v 13.2077036 1.46772385 14.0031652
v 13.7911873 1.46772385 14.0031652
v 13.2077036 1.84118819 14.0031652
v 13.7911873 1.84118819 14.0031652
v 13.3129921 1.90135872 14.0031652
v 13.6859045 1.90135872 14.0031652
v 13.2077036 1.84118831 13.7086048
v 13.6859045 1.90135896 13.7086048
v 13.3129921 1.90135896 13.7086048
v 13.7911873 1.84118831 13.7086048
v 13.2077036 1.46772385 13.7086048
v 13.7911873 1.46772385 13.7086048
v 13.2958965 1.40126276 13.7086048
v 13.7029991 1.40126276 13.7086048
v 13.2958965 0.589857817 13.7086048
v 13.7029991 0.589857757 13.7086048
v 13.1936121 0.325259387 13.7086048
v 13.8052788 0.325259358 13.7086048
v 13.1936102 -0.293935359 13.7086048
v 13.8052778 -0.293935388 13.7086048
v 9.61446857 -0.293935418 0.355967581
v 9.31990814 -0.293935329 0.355967581
v 9.31990814 0.325259417 0.355967581
v 9.61446857 0.325259387 0.355967581
v 9.61446857 0.589857817 0.253684878
v 9.31990814 0.589857817 0.253684908
v 9.61446953 1.40126276 0.253684878
v 9.3199091 1.40126276 0.253684908
v 9.61446953 1.46772385 0.341875792
v 9.3199091 1.46772385 0.341875792
v 9.61446953 1.84118819 0.341875792
v 9.3199091 1.84118819 0.341875792
v 9.3199091 1.90135872 0.236590177
v 9.61446953 1.90135872 0.236590147
v 9.61446953 1.90135872 -0.136319995
v 9.3199091 1.90135872 -0.13631998
v 9.3199091 1.84118819 -0.241603181
v 9.61446953 1.84118819 -0.241603196
v 9.3199091 1.46772385 -0.241603181
v 9.61446953 1.46772385 -0.241603196
v 9.3199091 1.40126276 -0.153414711
v 9.61446953 1.40126276 -0.153414726
v 9.31990814 0.589857876 -0.153414711
v 9.61446857 0.589857817 -0.153414726
v 9.31990814 0.325259417 -0.255694985
v 9.61446857 0.325259387 -0.255694985
v 9.31990814 -0.293935329 -0.255694985
v 9.61446857 -0.293935418 -0.255694985
v 9.61446857 0.325259387 0.355967581
v 9.61446857 -0.293935418 -0.255694985
v 9.61446857 -0.293935418 0.355967581
v 9.61446857 0.325259387 -0.255694985
v 9.61446857 0.589857817 0.253684878
v 9.61446857 0.589857817 -0.153414726
v 9.61446953 1.40126276 0.253684878
v 9.61446953 1.40126276 -0.153414726
v 9.61446953 1.46772385 0.341875792
v 9.61446953 1.46772385 -0.241603196
v 9.61446953 1.84118819 0.341875792
v 9.61446953 1.84118819 -0.241603196
v 9.61446953 1.90135872 0.236590147
v 9.61446953 1.90135872 -0.136319995
v 9.3199091 1.84118819 0.341875792
v 9.3199091 1.90135872 -0.13631998
v 9.3199091 1.90135872 0.236590177
v 9.3199091 1.84118819 -0.241603181
v 9.3199091 1.46772385 0.341875792
v 9.3199091 1.46772385 -0.241603181
v 9.3199091 1.40126276 0.253684908
v 9.3199091 1.40126276 -0.153414711
v 9.31990814 0.589857817 0.253684908
v 9.31990814 0.589857876 -0.153414711
v 9.31990814 0.325259417 0.355967581
v 9.31990814 0.325259417 -0.255694985
v 9.31990814 -0.293935329 0.355967581
v 9.31990814 -0.293935329 -0.255694985
v 13.7299995 -0.226375028 13.8558483
v 13.7300062 -0.226376012 18.474205
v 13.7300062 0.354707837 18.474205
v 13.7300005 0.354708672 13.8558483
v 13.7300043 -0.226374254 9.23740292
v 13.7300043 0.354709387 9.23740292
v 13.6319714 0.532365441 18.474205
v 13.6319675 0.53236711 9.23740292
v 13.6319685 0.532366335 13.8558483
v 13.6319714 1.4504838 18.474205
v 13.6319675 1.45048535 9.23740292
v 13.6319685 1.45048463 13.8558483
v 13.6924133 1.5128541 18.474205
v 13.6924114 1.51285553 9.23740292
v 13.6924133 1.51285493 13.8558483
v 13.6924133 1.77733183 18.474205
v 13.6924114 1.77733338 9.23740292
v 13.6924133 1.77733243 13.8558483
v 13.6202526 1.83379912 18.474205
v 13.6202507 1.83380067 9.23740292
v 13.6202478 1.83379984 13.8558483
v 13.3786364 1.83379912 18.474205
v 13.3786354 1.83380067 9.23740292
v 13.3786364 1.83379984 13.8558483
v 13.3064728 1.77733183 18.474205
v 13.3064718 1.77733338 9.23740292
v 13.3064728 1.77733243 13.8558483
v 13.3064728 1.5128541 18.474205
v 13.3064718 1.51285553 9.23740292
v 13.3064728 1.51285493 13.8558483
v 13.3669176 1.4504838 18.474205
v 13.3669167 1.45048535 9.23740292
v 13.3669176 1.45048463 13.8558483
v 13.3669176 0.532365501 18.474205
v 13.3669167 0.53236711 9.23740292
v 13.3669176 0.532366395 13.8558483
v 13.2689171 0.354707867 18.474205
v 13.268918 0.354709417 9.23740292
v 13.268919 0.354708701 13.8558483
v 13.2689171 -0.226375997 18.474205
v 13.268918 -0.226374239 9.23740292
v 13.268918 -0.226374999 13.8558483
v 13.7300043 -0.226373494 4.61895323
v 13.7300043 -0.226374254 9.23740292
v 13.7300043 0.354709387 9.23740292
v 13.7300043 0.354710162 4.61895323
v 13.7300091 -0.226372734 0.000508433033
v 13.7300091 0.354710907 0.000508433033
v 13.6319675 0.53236711 9.23740292
v 13.6319723 0.5323686 0.000508437341
v 13.6319723 0.532367826 4.61895323
v 13.6319675 1.45048535 9.23740292
v 13.6319723 1.4504869 0.000508437341
v 13.6319723 1.45048606 4.61895323
v 13.6924114 1.51285553 9.23740292
v 13.6924171 1.51285708 0.000508434663
v 13.6924171 1.51285625 4.61895323
v 13.6924114 1.77733338 9.23740292
v 13.6924171 1.77733481 0.000508434663
v 13.6924171 1.77733397 4.61895323
v 13.6202507 1.83380067 9.23740292
v 13.6202536 1.8338021 0.000508437806
v 13.6202507 1.83380139 4.61895323
v 13.3786354 1.83380067 9.23740292
v 13.3786402 1.8338021 0.0005084484
v 13.3786402 1.83380139 4.61895323
v 13.3064718 1.77733338 9.23740292
v 13.3064766 1.77733481 0.000508451543
v 13.3064766 1.77733397 4.61895323
v 13.3064718 1.51285553 9.23740292
v 13.3064766 1.51285708 0.000508451543
v 13.3064766 1.51285625 4.61895323
v 13.3669167 1.45048535 9.23740292
v 13.3669214 1.4504869 0.000508448924
v 13.3669214 1.45048606 4.61895323
v 13.3669167 0.53236711 9.23740292
v 13.3669214 0.53236866 0.000508448924
v 13.3669214 0.532367885 4.61895323
v 13.268918 0.354709417 9.23740292
v 13.2689228 0.354710966 0.000508453173
v 13.2689228 0.354710191 4.61895323
v 13.268918 -0.226374239 9.23740292
v 13.2689228 -0.226372719 0.000508453173
v 13.2689228 -0.226373479 4.61895323
v -13.2679882 -0.226379424 13.8558502
v -13.2679901 -0.22638011 18.474205
v -13.2679901 0.354703665 18.474205
v -13.2679863 0.35470444 13.8558502
v -13.2679853 -0.226378888 9.23740387
v -13.2679853 0.354705065 9.23740387
v -13.366025 0.532361388 18.474205
v -13.3660202 0.532362938 9.23740387
v -13.3660212 0.532362223 13.8558502
v -13.366025 1.45047975 18.474205
v -13.3660202 1.45048118 9.23740387
v -13.3660212 1.45048046 13.8558502
v -13.3055811 1.51285005 18.474205
v -13.3055782 1.51285136 9.23740387
v -13.3055773 1.51285064 13.8558502
v -13.3055811 1.77732766 18.474205
v -13.3055782 1.77732933 9.23740387
v -13.3055773 1.77732849 13.8558502
v -13.3777437 1.83379531 18.474205
v -13.377739 1.83379662 9.23740387
v -13.3777399 1.83379591 13.8558502
v -13.6193581 1.83379531 18.474205
v -13.6193523 1.83379662 9.23740387
v -13.6193542 1.83379591 13.8558502
v -13.6915207 1.77732766 18.474205
v -13.6915159 1.77732933 9.23740387
v -13.6915169 1.77732849 13.8558502
v -13.6915207 1.51285005 18.474205
v -13.6915159 1.51285136 9.23740387
v -13.6915169 1.51285064 13.8558502
v -13.6310768 1.45047975 18.474205
v -13.6310711 1.45048118 9.23740387
v -13.631073 1.45048046 13.8558502
v -13.6310768 0.532361448 18.474205
v -13.6310711 0.532362938 9.23740387
v -13.631073 0.532362223 13.8558502
v -13.7290745 0.354703695 18.474205
v -13.7290697 0.354705125 9.23740387
v -13.7290707 0.354704469 13.8558502
v -13.7290745 -0.226380095 18.474205
v -13.7290697 -0.226378873 9.23740387
v -13.7290716 -0.226379409 13.8558502
v -13.2679853 -0.226378128 4.61895418
v -13.2679853 -0.226378888 9.23740387
v -13.2679853 0.354705065 9.23740387
v -13.2679853 0.35470587 4.61895418
v -13.2679834 -0.226377293 0.000508392463
v -13.2679834 0.354706675 0.000508392463
v -13.3660202 0.532362938 9.23740387
v -13.3660154 0.532364547 0.000510838116
v -13.3660173 0.532363772 4.61895704
v -13.3660202 1.45048118 9.23740387
v -13.3660154 1.45048296 0.000510838116
v -13.3660173 1.45048201 4.61895704
v -13.3055782 1.51285136 9.23740387
v -13.3055706 1.51285303 0.000510835496
v -13.3055735 1.51285231 4.61895704
v -13.3055782 1.77732933 9.23740387
v -13.3055706 1.77733088 0.000510835496
v -13.3055735 1.77732992 4.61895704
v -13.377739 1.83379662 9.23740387
v -13.3777342 1.83379817 0.000510838639
v -13.3777361 1.83379757 4.61895704
v -13.6193523 1.83379662 9.23740387
v -13.6193476 1.83379817 0.000510849233
v -13.6193504 1.83379757 4.61895704
v -13.6915159 1.77732933 9.23740387
v -13.6915112 1.77733088 0.000510852376
v -13.6915131 1.77732992 4.61895704
v -13.6915159 1.51285136 9.23740387
v -13.6915112 1.51285303 0.000510852376
v -13.6915131 1.51285231 4.61895704
v -13.6310711 1.45048118 9.23740387
v -13.6310663 1.45048296 0.000510849699
v -13.6310692 1.45048201 4.61895704
v -13.6310711 0.532362938 9.23740387
v -13.6310663 0.532364607 0.000510849699
v -13.6310692 0.532363832 4.61895704
v -13.7290697 0.354705125 9.23740387
v -13.7290649 0.354706705 0.000508412602
v -13.7290668 0.35470593 4.61895418
v -13.7290697 -0.226378873 9.23740387
v -13.7290649 -0.226377279 0.000508412602
v -13.7290668 -0.226378113 4.61895418
v 5.7316041 -0.226376355 -4.61794758
v 5.73160124 -0.226377115 0.000496575609
v 5.73160124 0.354706526 0.000496575609
v 5.7316041 0.354707301 -4.61794758
v 5.73160553 -0.226375595 -9.23639297
v 5.73160553 0.354708016 -9.23639297
v 5.63356686 0.532364249 0.000496579916
v 5.63357115 0.532365739 -9.23639297
v 5.63356924 0.532365024 -4.61794758
v 5.63356686 1.45048249 0.000496579916
v 5.63357115 1.45048392 -9.23639297
v 5.63356924 1.4504832 -4.61794758
v 5.69401121 1.51285255 0.000496577297
v 5.6940155 1.5128541 -9.23639297
v 5.6940136 1.51285338 -4.61794758
v 5.69401121 1.77733028 0.000496577297
v 5.6940155 1.77733183 -9.23639297
v 5.6940136 1.77733123 -4.61794758
v 5.62184811 1.83379769 0.000496580382
v 5.6218524 1.83379924 -9.23639297
v 5.62185049 1.83379853 -4.61794758
v 5.38023424 1.83379769 0.000496590976
v 5.38023853 1.83379924 -9.23639297
v 5.38023663 1.83379853 -4.61794758
v 5.30807114 1.77733028 0.000496594177
v 5.30807543 1.77733183 -9.23639297
v 5.30807352 1.77733123 -4.61794758
v 5.30807114 1.51285255 0.000496594177
v 5.30807543 1.5128541 -9.23639297
v 5.30807352 1.51285338 -4.61794758
v 5.36851549 1.45048249 0.0004965915
v 5.36851978 1.45048392 -9.23639297
v 5.36851788 1.4504832 -4.61794758
v 5.36851549 0.532364249 0.0004965915
v 5.36851978 0.532365739 -9.23639297
v 5.36851788 0.532365024 -4.61794758
v 5.27051735 0.354706556 0.000496595807
v 5.27052164 0.354708046 -9.23639297
v 5.27051973 0.35470733 -4.61794758
v 5.27051735 -0.2263771 0.000496595807
v 5.27052164 -0.22637558 -9.23639297
v 5.27051973 -0.22637634 -4.61794758
v -13.2679787 -0.226375923 -4.61794186
v -13.2679806 -0.226376683 0.000507171731
v -13.2679806 0.354707062 0.000507171731
v -13.2679787 0.354707897 -4.61794186
v -13.2679787 -0.226375163 -9.23639202
v -13.2679787 0.354708672 -9.23639202
v -13.3660154 0.532364666 0.000507176039
v -13.3660126 0.532366395 -9.23639202
v -13.3660154 0.532365501 -4.61794186
v -13.3660154 1.4504832 0.000507176039
v -13.3660126 1.45048463 -9.23639202
v -13.3660154 1.45048392 -4.61794186
v -13.3055706 1.51285338 0.000507173361
v -13.3055687 1.51285493 -9.23639202
v -13.3055687 1.5128541 -4.61794186
v -13.3055706 1.77733099 0.000507173361
v -13.3055687 1.77733278 -9.23639202
v -13.3055687 1.77733183 -4.61794186
v -13.3777342 1.83379853 0.000507176563
v -13.3777313 1.83379996 -9.23639202
v -13.3777313 1.83379936 -4.61794186
v -13.6193476 1.83379853 0.000507187098
v -13.6193428 1.83379996 -9.23639202
v -13.6193457 1.83379936 -4.61794186
v -13.6915131 1.77733099 0.000507190241
v -13.6915064 1.77733278 -9.23639202
v -13.6915083 1.77733183 -4.61794186
v -13.6915131 1.51285338 0.000507190241
v -13.6915064 1.51285493 -9.23639202
v -13.6915083 1.5128541 -4.61794186
v -13.6310663 1.4504832 0.000507187622
v -13.6310616 1.45048463 -9.23639202
v -13.6310644 1.45048392 -4.61794186
v -13.6310663 0.532364666 0.000507187622
v -13.6310616 0.532366455 -9.23639202
v -13.6310644 0.532365561 -4.61794186
v -13.7290649 0.354707092 0.000507191871
v -13.7290621 0.354708701 -9.23639202
v -13.7290621 0.354707927 -4.61794186
v -13.7290649 -0.226376668 0.000507191871
v -13.7290621 -0.226375133 -9.23639202
v -13.7290621 -0.226375893 -4.61794186
v -13.2679768 -0.226374626 -13.8548365
v -13.2679787 -0.226375163 -9.23639202
v -13.2679787 0.354708672 -9.23639202
v -13.2679758 0.354709297 -13.8548374
v -13.2679749 -0.22637409 -18.4741936
v -13.2679749 0.354709953 -18.4741936
v -13.3660126 0.532366395 -9.23639202
v -13.3660088 0.532367826 -18.4741936
v -13.3660107 0.53236711 -13.8548374
v -13.3660126 1.45048463 -9.23639202
v -13.3660088 1.45048606 -18.4741936
v -13.3660107 1.45048535 -13.8548374
v -13.3055687 1.51285493 -9.23639202
v -13.3055649 1.51285625 -18.4741936
v -13.3055658 1.51285553 -13.8548374
v -13.3055687 1.77733278 -9.23639202
v -13.3055649 1.77733421 -18.4741936
v -13.3055658 1.77733338 -13.8548374
v -13.3777313 1.83379996 -9.23639202
v -13.3777266 1.83380163 -18.4741936
v -13.3777266 1.83380091 -13.8548374
v -13.6193428 1.83379996 -9.23639202
v -13.619339 1.83380163 -18.4741936
v -13.6193409 1.83380091 -13.8548374
v -13.6915064 1.77733278 -9.23639202
v -13.6915064 1.77733421 -18.4741936
v -13.6915064 1.77733338 -13.8548374
v -13.6915064 1.51285493 -9.23639202
v -13.6915064 1.51285625 -18.4741936
v -13.6915064 1.51285553 -13.8548374
v -13.6310616 1.45048463 -9.23639202
v -13.6310616 1.45048606 -18.4741936
v -13.6310616 1.45048535 -13.8548374
v -13.6310616 0.532366455 -9.23639202
v -13.6310616 0.532367885 -18.4741936
v -13.6310616 0.53236717 -13.8548374
v -13.7290621 0.354708701 -9.23639202
v -13.7290573 0.354710013 -18.4741936
v -13.7290602 0.354709357 -13.8548374
v -13.7290621 -0.226375133 -9.23639202
v -13.7290573 -0.226374075 -18.4741936
v -13.7290611 -0.226374596 -13.8548365
v -5.26843071 -0.226375118 -4.61794949
v -5.26843262 -0.226375878 0.000497056462
v -5.26843262 0.354707778 0.000497056462
v -5.26843071 0.354708552 -4.61794949
v -5.26842928 -0.226374358 -9.23639774
v -5.26842928 0.354709268 -9.23639774
v -5.366467 0.532365501 0.00049706077
v -5.36646414 0.532366991 -9.23639774
v -5.36646557 0.532366216 -4.61794949
v -5.366467 1.4504838 0.00049706077
v -5.36646414 1.45048523 -9.23639774
v -5.36646557 1.45048463 -4.61794949
v -5.30602264 1.51285398 0.000497058092
v -5.30601978 1.51285553 -9.23639774
v -5.30602121 1.5128547 -4.61794949
v -5.30602264 1.77733183 0.000497058092
v -5.30601978 1.77733338 -9.23639774
v -5.30602121 1.77733243 -4.61794949
v -5.3781848 1.83379912 0.000497061235
v -5.37818146 1.83380067 -9.23639774
v -5.37818289 1.83379984 -4.61794949
v -5.61979914 1.83379912 0.000497071829
v -5.61979532 1.83380067 -9.23639774
v -5.61979723 1.83379984 -4.61794949
v -5.69196224 1.77733183 0.000497074972
v -5.69195843 1.77733338 -9.23639774
v -5.69196033 1.77733243 -4.61794949
v -5.69196224 1.51285398 0.000497074972
v -5.69195843 1.51285553 -9.23639774
v -5.69196033 1.5128547 -4.61794949
v -5.63151789 1.4504838 0.000497072353
v -5.63151407 1.45048523 -9.23639774
v -5.63151598 1.45048463 -4.61794949
v -5.63151789 0.532365501 0.000497072353
v -5.63151407 0.532366991 -9.23639774
v -5.63151598 0.532366216 -4.61794949
v -5.72951603 0.354707837 0.000497076602
v -5.72951221 0.354709297 -9.23639774
v -5.72951412 0.354708582 -4.61794949
v -5.72951603 -0.226375863 0.000497076602
v -5.72951221 -0.226374328 -9.23639774
v -5.72951412 -0.226375103 -4.61794949
v -5.2684269 -0.226373672 -13.8548422
v -5.26842928 -0.226374358 -9.23639774
v -5.26842928 0.354709268 -9.23639774
v -5.2684269 0.354710042 -13.8548422
v -5.26842451 -0.226372987 -18.4741936
v -5.26842451 0.354710758 -18.4741936
v -5.36646414 0.532366991 -9.23639774
v -5.36645937 0.532368481 -18.4741936
v -5.36646175 0.532367706 -13.8548422
v -5.36646414 1.45048523 -9.23639774
v -5.36645937 1.45048678 -18.4741936
v -5.36646175 1.45048606 -13.8548422
v -5.30601978 1.51285553 -9.23639774
v -5.30601406 1.51285708 -18.4741936
v -5.3060174 1.51285625 -13.8548422
v -5.30601978 1.77733338 -9.23639774
v -5.30601406 1.77733481 -18.4741936
v -5.3060174 1.77733397 -13.8548422
v -5.37818146 1.83380067 -9.23639774
v -5.37817621 1.8338021 -18.4741936
v -5.37817907 1.83380127 -13.8548422
v -5.61979532 1.83380067 -9.23639774
v -5.61979055 1.8338021 -18.4741936
v -5.61979294 1.83380127 -13.8548422
v -5.69195843 1.77733338 -9.23639774
v -5.69195366 1.77733481 -18.4741936
v -5.69195604 1.77733397 -13.8548422
v -5.69195843 1.51285553 -9.23639774
v -5.69195366 1.51285708 -18.4741936
v -5.69195604 1.51285625 -13.8548422
v -5.63151407 1.45048523 -9.23639774
v -5.6315093 1.45048678 -18.4741936
v -5.63151169 1.45048606 -13.8548422
v -5.63151407 0.532366991 -9.23639774
v -5.6315093 0.532368481 -18.4741936
v -5.63151169 0.532367706 -13.8548422
v -5.72951221 0.354709297 -9.23639774
v -5.72950792 0.354710788 -18.4741936
v -5.72950983 0.354710072 -13.8548422
v -5.72951221 -0.226374328 -9.23639774
v -5.72950792 -0.226372957 -18.4741936
v -5.72950983 -0.226373643 -13.8548422
v 5.27013683 1.77577877 0.242967293
v 5.27013683 1.83220243 -0.0705666319
v 5.27013683 1.83220243 0.170860365
v 5.27013683 1.77577877 -0.142673567
v 5.27013683 1.51150572 0.242967293
v 5.27013683 1.5115056 -0.142673567
v 5.27013683 1.44918382 0.182570562
v 5.27013683 1.44918382 -0.0822756141
v 5.27013779 0.531777024 0.182570562
v 5.27013683 0.531776965 -0.0822756141
v 5.27013779 0.354256809 -0.180197984
v 5.27013779 0.354256809 0.280527115
v 5.27013683 -0.22637634 0.280528337
v 5.27013683 -0.226376265 -0.180197984
v 5.27013683 -0.22637634 0.280528337
v 9.46718884 0.354257613 0.280525684
v 9.46718884 -0.226376072 0.280525684
v 5.27013779 0.354256809 0.280527115
v 5.27013779 0.531777024 0.182570562
v 9.46718884 0.53177768 0.182569161
v 9.46718884 1.44918454 0.182569161
v 5.27013683 1.44918382 0.182570562
v 9.46718884 1.5115062 0.24296467
v 5.27013683 1.51150572 0.242967293
v 9.46718884 1.77577949 0.24296467
v 5.27013683 1.77577877 0.242967293
v 9.46718884 1.83220303 0.170858949
v 5.27013683 1.83220243 0.170860365
v 9.46718884 1.83220303 -0.07056804
v 5.27013683 1.83220243 -0.0705666319
v 9.46718884 1.77577949 -0.142674968
v 5.27013683 1.77577877 -0.142673567
v 9.46718884 1.5115062 -0.142674968
v 5.27013683 1.5115056 -0.142673567
v 9.46718884 1.44918454 -0.0822770223
v 5.27013683 1.44918382 -0.0822756141
v 9.46718884 0.53177762 -0.0822770223
v 5.27013683 0.531776965 -0.0822756141
v 9.46718884 0.354257613 -0.180199385
v 5.27013779 0.354256809 -0.180197984
v 5.27013683 -0.226376265 -0.180197984
v 9.46718884 -0.226376072 -0.180198163
v 13.6642408 1.77577972 0.242966935
v 13.6642408 1.83220351 0.170858786
v 13.6642408 1.83220351 -0.0705682188
v 13.6642408 1.77577972 -0.142675161
v 13.6642408 1.51150668 0.242966935
v 13.6642408 1.51150668 -0.142675161
v 13.6642408 1.44918489 0.182568982
v 13.6642408 1.44918489 -0.0822772086
v 13.664238 0.531778038 0.182568982
v 13.6642408 0.531777978 -0.0822772086
v 13.664238 0.354257792 -0.180199564
v 13.664238 0.354257792 0.280526757
v 13.6642427 -0.226375401 0.280526757
v 13.6642427 -0.226375327 -0.180198342
v 9.46718884 0.354257613 0.280525684
v 13.6642427 -0.226375401 0.280526757
v 9.46718884 -0.226376072 0.280525684
v 13.664238 0.354257792 0.280526757
v 13.664238 0.531778038 0.182568982
v 9.46718884 0.53177768 0.182569161
v 9.46718884 1.44918454 0.182569161
v 13.6642408 1.44918489 0.182568982
v 9.46718884 1.5115062 0.24296467
v 13.6642408 1.51150668 0.242966935
v 9.46718884 1.77577949 0.24296467
v 13.6642408 1.77577972 0.242966935
v 9.46718884 1.83220303 0.170858949
v 13.6642408 1.83220351 0.170858786
v 9.46718884 1.83220303 -0.07056804
v 13.6642408 1.83220351 -0.0705682188
v 9.46718884 1.77577949 -0.142674968
v 13.6642408 1.77577972 -0.142675161
v 9.46718884 1.5115062 -0.142674968
v 13.6642408 1.51150668 -0.142675161
v 9.46718884 1.44918454 -0.0822770223
v 13.6642408 1.44918489 -0.0822772086
v 9.46718884 0.53177762 -0.0822770223
v 13.6642408 0.531777978 -0.0822772086
v 9.46718884 0.354257613 -0.180199385
v 13.664238 0.354257792 -0.180199564
v 13.6642427 -0.226375327 -0.180198342
v 9.46718884 -0.226376072 -0.180198163
v -4.40579605 -0.0110649467 0.000490915263
v -4.43720245 0.0887088403 -9.23732376
v -4.40579653 -0.0110634202 -9.23732376
v -4.43720245 0.0887073129 0.000490916602
v -6.56145668 0.0887089297 -9.23732376
v -6.5614562 0.0887074098 0.000491009443
v -6.59286261 -0.0110648507 0.00049101084
v -6.59286308 -0.0110633252 -9.23732376
v 12.3423033 0.0887051299 18.474205
v 12.3108997 -0.0110671269 18.474205
v 12.3108931 -0.0110654486 9.23834229
v 12.3422995 0.0887068063 9.23834229
v 13.4044342 0.0887050927 18.474205
v 13.4044285 0.088706769 9.23834229
v 13.4044285 0.088706769 9.23834229
v 12.3422995 0.0887083337 0.0023749487
v 13.4044285 0.0887082964 0.00237490237
v 12.3422995 0.0887068063 9.23834229
v 12.3108931 -0.0110654486 9.23834229
v 12.3108931 -0.0110639222 0.0023749501
v -12.3088312 -0.0110678822 18.474205
v -12.3402405 0.0887060612 9.23831177
v -12.3088341 -0.0110662039 9.23831177
v -12.3402367 0.0887044594 18.474205
v -13.4023666 0.0887060985 9.23831177
v -13.4023676 0.0887044966 18.474205
v -12.3088341 -0.0110646784 0.000496143475
v -12.3088341 -0.0110662039 9.23831177
v -12.3402405 0.0887060612 9.23831177
v -12.3402405 0.0887075886 0.000496144872
v -13.4023666 0.0887076259 0.000496191322
v -13.4023666 0.0887060985 9.23831177
v -12.308835 -0.0110654412 0.000493702071
v -12.3402414 0.0887083486 -9.23731899
v -12.308835 -0.0110639157 -9.23731899
v -12.3402414 0.0887068287 0.000493703468
v -13.4023676 0.0887083858 -9.23731899
v -13.4023676 0.0887068659 0.000493749918
v -12.308836 -0.011062542 -18.4741955
v -12.308835 -0.0110639157 -9.23731899
v -12.3402414 0.0887083486 -9.23731899
v -12.3402414 0.0887098014 -18.4741955
v -13.4023695 0.0887098387 -18.4741955
v -13.4023676 0.0887083858 -9.23731899
vt 0.690429688 0.793945312
vt 0.690429688 0.786621094
vt 0.0122146606 0.786621094
vt 0.0122146606 0.793945312
vt 0.690429688 0.866699219
vt 0.0122146606 0.866699219
vt 0.690429688 0.866699219
vt 0.0122146606 0.793945312
vt 0.0122146606 0.866699219
vt 0.690429688 0.793945312
vt 0.690429688 0.786621094
vt 0.0122146606 0.786621094
vt 0.571289062 0.527832031
vt 0.577148438 0.260986328
vt 0.571289062 0.260986328
vt 0.577148438 0.527832031
vt 0.637207031 0.260986328
vt 0.637207031 0.527832031
vt 0.643066406 0.260986328
vt 0.643066406 0.527832031
vt 0.577148438 0.533691406
vt 0.637207031 0.533691406
vt 0.368408203 0.774902344
vt 0.013092041 0.767089844
vt 0.013092041 0.774902344
vt 0.368408203 0.767089844
vt 0.013092041 0.622070312
vt 0.368408203 0.622070312
vt 0.013092041 0.614746094
vt 0.368408203 0.614746094
vt 0.375244141 0.622070312
vt 0.375244141 0.767089844
vt 0.727539062 0.97265625
vt 0.491699219 0.976074219
vt 0.727539062 0.976074219
vt 0.491699219 0.97265625
vt 0.369384766 0.976074219
vt 0.491699219 0.976074219
vt 0.369384766 0.97265625
vt 0.133544922 0.976074219
vt 0.369384766 0.976074219
vt 0.133544922 0.97265625
vt 0.0113449097 0.976074219
vt 0.133544922 0.976074219
vt 0.0113449097 0.97265625
vt 0.597167969 0.958007812
vt 0.404541016 0.958007812
vt 0.404541016 0.96484375
vt 0.597167969 0.96484375
vt 0.0116043091 0.984375
vt 0.0116043091 0.990234375
vt 0.262451172 0.990234375
vt 0.262451172 0.984375
vt 0.571289062 0.250244141
vt 0.693359375 0.250244141
vt 0.693359375 0.0143051147
vt 0.571289062 0.0143051147
vt 0.644042969 0.990234375
vt 0.644042969 0.984375
vt 0.393310547 0.984375
vt 0.393310547 0.990234375
vt 0.262451172 0.984375
vt 0.262451172 0.990234375
vt 0.393310547 0.990234375
vt 0.393310547 0.984375
vt 0.644042969 0.984375
vt 0.644042969 0.990234375
vt 0.774902344 0.990234375
vt 0.774902344 0.984375
vt 0.404541016 0.958007812
vt 0.304199219 0.958007812
vt 0.304199219 0.96484375
vt 0.404541016 0.96484375
vt 0.0113830566 0.96484375
vt 0.111633301 0.96484375
vt 0.111633301 0.958007812
vt 0.0113830566 0.958007812
vt 0.111633301 0.96484375
vt 0.304199219 0.96484375
vt 0.304199219 0.958007812
vt 0.111633301 0.958007812
vt 0.690429688 0.786621094
vt 0.0122146606 0.786621094
vt 0.0122146606 0.793945312
vt 0.690429688 0.793945312
vt 0.0122146606 0.939453125
vt 0.690429688 0.939453125
vt 0.690429688 0.946777344
vt 0.0122146606 0.946777344
vt 0.989746094 0.307373047
vt 0.989746094 0.0124282837
vt 0.952636719 0.0124282837
vt 0.952636719 0.307373047
vt 0.989746094 0.602539062
vt 0.952636719 0.602539062
vt 0.939453125 0.0124282837
vt 0.939453125 0.602539062
vt 0.939453125 0.307373047
vt 0.881347656 0.0124282837
vt 0.881347656 0.602539062
vt 0.881347656 0.307373047
vt 0.875488281 0.0124282837
vt 0.875488281 0.602539062
vt 0.875488281 0.307373047
vt 0.858886719 0.0124282837
vt 0.858886719 0.602539062
vt 0.858886719 0.307373047
vt 0.853027344 0.0124282837
vt 0.853027344 0.602539062
vt 0.853027344 0.307373047
vt 0.837402344 0.0124282837
vt 0.837402344 0.602539062
vt 0.837402344 0.307373047
vt 0.831542969 0.0124282837
vt 0.831542969 0.602539062
vt 0.831542969 0.307373047
vt 0.814941406 0.0124282837
vt 0.814941406 0.602539062
vt 0.814941406 0.307373047
vt 0.809082031 0.0124282837
vt 0.809082031 0.602539062
vt 0.809082031 0.307373047
vt 0.750488281 0.0124282837
vt 0.750488281 0.602539062
vt 0.750488281 0.307373047
vt 0.737792969 0.0124282837
vt 0.737792969 0.602539062
vt 0.737792969 0.307373047
vt 0.700683594 0.0124282837
vt 0.700683594 0.602539062
vt 0.700683594 0.307373047
vt 0.551269531 0.603027344
vt 0.551269531 0.575683594
vt 0.484619141 0.575683594
vt 0.484619141 0.603027344
vt 0.454345703 0.603027344
vt 0.454345703 0.575683594
vt 0.3671875 0.603027344
vt 0.3671875 0.575683594
vt 0.35546875 0.603027344
vt 0.35546875 0.575683594
vt 0.315429688 0.603027344
vt 0.315429688 0.575683594
vt 0.302246094 0.575683594
vt 0.302246094 0.603027344
vt 0.262451172 0.603027344
vt 0.262451172 0.575683594
vt 0.249389648 0.575683594
vt 0.249389648 0.603027344
vt 0.209350586 0.575683594
vt 0.209350586 0.603027344
vt 0.197509766 0.575683594
vt 0.197509766 0.603027344
vt 0.110473633 0.575683594
vt 0.110473633 0.603027344
vt 0.0800170898 0.575683594
vt 0.0800170898 0.603027344
vt 0.0136413574 0.575683594
vt 0.0136413574 0.603027344
vt 0.622070312 0.71875
vt 0.564453125 0.776855469
vt 0.622070312 0.776855469
vt 0.564453125 0.71875
vt 0.612304688 0.693847656
vt 0.57421875 0.693847656
vt 0.612304688 0.618164062
vt 0.57421875 0.618164062
vt 0.620605469 0.611816406
vt 0.565917969 0.611816406
vt 0.620605469 0.576660156
vt 0.565917969 0.576660156
vt 0.610839844 0.571289062
vt 0.575683594 0.571289062
vt 0.688476562 0.752929688
vt 0.643554688 0.758789062
vt 0.678710938 0.758789062
vt 0.633789062 0.752929688
vt 0.688476562 0.718261719
vt 0.633789062 0.718261719
vt 0.680175781 0.711914062
vt 0.642089844 0.711914062
vt 0.680175781 0.635742188
vt 0.642089844 0.635742188
vt 0.689453125 0.611328125
vt 0.632324219 0.611328125
vt 0.689453125 0.553222656
vt 0.632324219 0.553222656
vt 0.6875 0.432373047
vt 0.661132812 0.437255859
vt 0.681640625 0.437255859
vt 0.655273438 0.432373047
vt 0.6875 0.409667969
vt 0.655273438 0.409667969
vt 0.682617188 0.403808594
vt 0.66015625 0.403808594
vt 0.682617188 0.326171875
vt 0.66015625 0.326171875
vt 0.651855469 0.310791016
vt 0.690429688 0.310791016
vt 0.690429688 0.261962891
vt 0.651855469 0.261962891
vt 0.952636719 0.617675781
vt 0.989746094 0.916992188
vt 0.989746094 0.617675781
vt 0.952636719 0.916992188
vt 0.939453125 0.617675781
vt 0.939453125 0.916992188
vt 0.881347656 0.617675781
vt 0.881347656 0.916992188
vt 0.875488281 0.617675781
vt 0.875488281 0.916992188
vt 0.858886719 0.617675781
vt 0.858886719 0.916992188
vt 0.853027344 0.617675781
vt 0.853027344 0.916992188
vt 0.837402344 0.617675781
vt 0.837402344 0.916992188
vt 0.831542969 0.617675781
vt 0.831542969 0.916992188
vt 0.814941406 0.617675781
vt 0.814941406 0.916992188
vt 0.809082031 0.617675781
vt 0.809082031 0.916992188
vt 0.750488281 0.617675781
vt 0.750488281 0.916992188
vt 0.737792969 0.617675781
vt 0.737792969 0.916992188
vt 0.700683594 0.916992188
vt 0.700683594 0.617675781
vt 0.551269531 0.603027344
vt 0.551269531 0.575683594
vt 0.484619141 0.575683594
vt 0.484619141 0.603027344
vt 0.454345703 0.603027344
vt 0.454345703 0.575683594
vt 0.3671875 0.603027344
vt 0.3671875 0.575683594
vt 0.35546875 0.603027344
vt 0.35546875 0.575683594
vt 0.315429688 0.603027344
vt 0.315429688 0.575683594
vt 0.302246094 0.575683594
vt 0.302246094 0.603027344
vt 0.262451172 0.603027344
vt 0.262451172 0.575683594
vt 0.249389648 0.575683594
vt 0.249389648 0.603027344
vt 0.209350586 0.575683594
vt 0.209350586 0.603027344
vt 0.197509766 0.575683594
vt 0.197509766 0.603027344
vt 0.110473633 0.575683594
vt 0.110473633 0.603027344
vt 0.0800170898 0.575683594
vt 0.0800170898 0.603027344
vt 0.0136413574 0.575683594
vt 0.0136413574 0.603027344
vt 0.622070312 0.71875
vt 0.564453125 0.776855469
vt 0.622070312 0.776855469
vt 0.564453125 0.71875
vt 0.612304688 0.693847656
vt 0.57421875 0.693847656
vt 0.612304688 0.618164062
vt 0.57421875 0.618164062
vt 0.620605469 0.611816406
vt 0.565917969 0.611816406
vt 0.620605469 0.576660156
vt 0.565917969 0.576660156
vt 0.610839844 0.571289062
vt 0.575683594 0.571289062
vt 0.688476562 0.752929688
vt 0.643554688 0.758789062
vt 0.678710938 0.758789062
vt 0.633789062 0.752929688
vt 0.688476562 0.718261719
vt 0.633789062 0.718261719
vt 0.680175781 0.711914062
vt 0.642089844 0.711914062
vt 0.680175781 0.635742188
vt 0.642089844 0.635742188
vt 0.689453125 0.611328125
vt 0.632324219 0.611328125
vt 0.689453125 0.553222656
vt 0.632324219 0.553222656
vt 0.551269531 0.603027344
vt 0.551269531 0.575683594
vt 0.484619141 0.575683594
vt 0.484619141 0.603027344
vt 0.454345703 0.603027344
vt 0.454345703 0.575683594
vt 0.3671875 0.603027344
vt 0.3671875 0.575683594
vt 0.35546875 0.603027344
vt 0.35546875 0.575683594
vt 0.315429688 0.603027344
vt 0.315429688 0.575683594
vt 0.302246094 0.575683594
vt 0.302246094 0.603027344
vt 0.262451172 0.603027344
vt 0.262451172 0.575683594
vt 0.249389648 0.575683594
vt 0.249389648 0.603027344
vt 0.209350586 0.575683594
vt 0.209350586 0.603027344
vt 0.197509766 0.575683594
vt 0.197509766 0.603027344
vt 0.110473633 0.575683594
vt 0.110473633 0.603027344
vt 0.0800170898 0.575683594
vt 0.0800170898 0.603027344
vt 0.0136413574 0.575683594
vt 0.0136413574 0.603027344
vt 0.622070312 0.71875
vt 0.564453125 0.776855469
vt 0.622070312 0.776855469
vt 0.564453125 0.71875
vt 0.612304688 0.693847656
vt 0.57421875 0.693847656
vt 0.612304688 0.618164062
vt 0.57421875 0.618164062
vt 0.620605469 0.611816406
vt 0.565917969 0.611816406
vt 0.620605469 0.576660156
vt 0.565917969 0.576660156
vt 0.610839844 0.571289062
vt 0.575683594 0.571289062
vt 0.688476562 0.752929688
vt 0.643554688 0.758789062
vt 0.678710938 0.758789062
vt 0.633789062 0.752929688
vt 0.688476562 0.718261719
vt 0.633789062 0.718261719
vt 0.680175781 0.711914062
vt 0.642089844 0.711914062
vt 0.680175781 0.635742188
vt 0.642089844 0.635742188
vt 0.689453125 0.611328125
vt 0.632324219 0.611328125
vt 0.689453125 0.553222656
vt 0.632324219 0.553222656
vt 0.551269531 0.603027344
vt 0.551269531 0.575683594
vt 0.484619141 0.575683594
vt 0.484619141 0.603027344
vt 0.454345703 0.603027344
vt 0.454345703 0.575683594
vt 0.3671875 0.603027344
vt 0.3671875 0.575683594
vt 0.35546875 0.603027344
vt 0.35546875 0.575683594
vt 0.315429688 0.603027344
vt 0.315429688 0.575683594
vt 0.302246094 0.575683594
vt 0.302246094 0.603027344
vt 0.262451172 0.603027344
vt 0.262451172 0.575683594
vt 0.249389648 0.575683594
vt 0.249389648 0.603027344
vt 0.209350586 0.575683594
vt 0.209350586 0.603027344
vt 0.197509766 0.575683594
vt 0.197509766 0.603027344
vt 0.110473633 0.575683594
vt 0.110473633 0.603027344
vt 0.0800170898 0.575683594
vt 0.0800170898 0.603027344
vt 0.0136413574 0.575683594
vt 0.0136413574 0.603027344
vt 0.622070312 0.71875
vt 0.564453125 0.776855469
vt 0.622070312 0.776855469
vt 0.564453125 0.71875
vt 0.612304688 0.693847656
vt 0.57421875 0.693847656
vt 0.612304688 0.618164062
vt 0.57421875 0.618164062
vt 0.620605469 0.611816406
vt 0.565917969 0.611816406
vt 0.620605469 0.576660156
vt 0.565917969 0.576660156
vt 0.610839844 0.571289062
vt 0.575683594 0.571289062
vt 0.688476562 0.752929688
vt 0.643554688 0.758789062
vt 0.678710938 0.758789062
vt 0.633789062 0.752929688
vt 0.688476562 0.718261719
vt 0.633789062 0.718261719
vt 0.680175781 0.711914062
vt 0.642089844 0.711914062
vt 0.680175781 0.635742188
vt 0.642089844 0.635742188
vt 0.689453125 0.611328125
vt 0.632324219 0.611328125
vt 0.689453125 0.553222656
vt 0.632324219 0.553222656
vt 0.551269531 0.603027344
vt 0.551269531 0.575683594
vt 0.484619141 0.575683594
vt 0.484619141 0.603027344
vt 0.454345703 0.603027344
vt 0.454345703 0.575683594
vt 0.3671875 0.603027344
vt 0.3671875 0.575683594
vt 0.35546875 0.603027344
vt 0.35546875 0.575683594
vt 0.315429688 0.603027344
vt 0.315429688 0.575683594
vt 0.302246094 0.575683594
vt 0.302246094 0.603027344
vt 0.262451172 0.603027344
vt 0.262451172 0.575683594
vt 0.249389648 0.575683594
vt 0.249389648 0.603027344
vt 0.209350586 0.575683594
vt 0.209350586 0.603027344
vt 0.197509766 0.575683594
vt 0.197509766 0.603027344
vt 0.110473633 0.575683594
vt 0.110473633 0.603027344
vt 0.0800170898 0.575683594
vt 0.0800170898 0.603027344
vt 0.0136413574 0.575683594
vt 0.0136413574 0.603027344
vt 0.622070312 0.71875
vt 0.564453125 0.776855469
vt 0.622070312 0.776855469
vt 0.564453125 0.71875
vt 0.612304688 0.693847656
vt 0.57421875 0.693847656
vt 0.612304688 0.618164062
vt 0.57421875 0.618164062
vt 0.620605469 0.611816406
vt 0.565917969 0.611816406
vt 0.620605469 0.576660156
vt 0.565917969 0.576660156
vt 0.610839844 0.571289062
vt 0.575683594 0.571289062
vt 0.688476562 0.752929688
vt 0.643554688 0.758789062
vt 0.678710938 0.758789062
vt 0.633789062 0.752929688
vt 0.688476562 0.718261719
vt 0.633789062 0.718261719
vt 0.680175781 0.711914062
vt 0.642089844 0.711914062
vt 0.680175781 0.635742188
vt 0.642089844 0.635742188
vt 0.689453125 0.611328125
vt 0.632324219 0.611328125
vt 0.689453125 0.553222656
vt 0.632324219 0.553222656
vt 0.551269531 0.603027344
vt 0.551269531 0.575683594
vt 0.484619141 0.575683594
vt 0.484619141 0.603027344
vt 0.454345703 0.603027344
vt 0.454345703 0.575683594
vt 0.3671875 0.603027344
vt 0.3671875 0.575683594
vt 0.35546875 0.603027344
vt 0.35546875 0.575683594
vt 0.315429688 0.603027344
vt 0.315429688 0.575683594
vt 0.302246094 0.575683594
vt 0.302246094 0.603027344
vt 0.262451172 0.603027344
vt 0.262451172 0.575683594
vt 0.249389648 0.575683594
vt 0.249389648 0.603027344
vt 0.209350586 0.575683594
vt 0.209350586 0.603027344
vt 0.197509766 0.575683594
vt 0.197509766 0.603027344
vt 0.110473633 0.575683594
vt 0.110473633 0.603027344
vt 0.0800170898 0.575683594
vt 0.0800170898 0.603027344
vt 0.0136413574 0.575683594
vt 0.0136413574 0.603027344
vt 0.622070312 0.71875
vt 0.564453125 0.776855469
vt 0.622070312 0.776855469
vt 0.564453125 0.71875
vt 0.612304688 0.693847656
vt 0.57421875 0.693847656
vt 0.612304688 0.618164062
vt 0.57421875 0.618164062
vt 0.620605469 0.611816406
vt 0.565917969 0.611816406
vt 0.620605469 0.576660156
vt 0.565917969 0.576660156
vt 0.610839844 0.571289062
vt 0.575683594 0.571289062
vt 0.688476562 0.752929688
vt 0.643554688 0.758789062
vt 0.678710938 0.758789062
vt 0.633789062 0.752929688
vt 0.688476562 0.718261719
vt 0.633789062 0.718261719
vt 0.680175781 0.711914062
vt 0.642089844 0.711914062
vt 0.680175781 0.635742188
vt 0.642089844 0.635742188
vt 0.689453125 0.611328125
vt 0.632324219 0.611328125
vt 0.689453125 0.553222656
vt 0.632324219 0.553222656
vt 0.551269531 0.603027344
vt 0.551269531 0.575683594
vt 0.484619141 0.575683594
vt 0.484619141 0.603027344
vt 0.454345703 0.603027344
vt 0.454345703 0.575683594
vt 0.3671875 0.603027344
vt 0.3671875 0.575683594
vt 0.35546875 0.603027344
vt 0.35546875 0.575683594
vt 0.315429688 0.603027344
vt 0.315429688 0.575683594
vt 0.302246094 0.575683594
vt 0.302246094 0.603027344
vt 0.262451172 0.603027344
vt 0.262451172 0.575683594
vt 0.249389648 0.575683594
vt 0.249389648 0.603027344
vt 0.209350586 0.575683594
vt 0.209350586 0.603027344
vt 0.197509766 0.575683594
vt 0.197509766 0.603027344
vt 0.110473633 0.575683594
vt 0.110473633 0.603027344
vt 0.0800170898 0.575683594
vt 0.0800170898 0.603027344
vt 0.0136413574 0.575683594
vt 0.0136413574 0.603027344
vt 0.622070312 0.71875
vt 0.564453125 0.776855469
vt 0.622070312 0.776855469
vt 0.564453125 0.71875
vt 0.612304688 0.693847656
vt 0.57421875 0.693847656
vt 0.612304688 0.618164062
vt 0.57421875 0.618164062
vt 0.620605469 0.611816406
vt 0.565917969 0.611816406
vt 0.620605469 0.576660156
vt 0.565917969 0.576660156
vt 0.610839844 0.571289062
vt 0.575683594 0.571289062
vt 0.688476562 0.752929688
vt 0.643554688 0.758789062
vt 0.678710938 0.758789062
vt 0.633789062 0.752929688
vt 0.688476562 0.718261719
vt 0.633789062 0.718261719
vt 0.680175781 0.711914062
vt 0.642089844 0.711914062
vt 0.680175781 0.635742188
vt 0.642089844 0.635742188
vt 0.689453125 0.611328125
vt 0.632324219 0.611328125
vt 0.689453125 0.553222656
vt 0.632324219 0.553222656
vt 0.551269531 0.603027344
vt 0.551269531 0.575683594
vt 0.484619141 0.575683594
vt 0.484619141 0.603027344
vt 0.454345703 0.603027344
vt 0.454345703 0.575683594
vt 0.3671875 0.603027344
vt 0.3671875 0.575683594
vt 0.35546875 0.603027344
vt 0.35546875 0.575683594
vt 0.315429688 0.603027344
vt 0.315429688 0.575683594
vt 0.302246094 0.575683594
vt 0.302246094 0.603027344
vt 0.262451172 0.603027344
vt 0.262451172 0.575683594
vt 0.249389648 0.575683594
vt 0.249389648 0.603027344
vt 0.209350586 0.575683594
vt 0.209350586 0.603027344
vt 0.197509766 0.575683594
vt 0.197509766 0.603027344
vt 0.110473633 0.575683594
vt 0.110473633 0.603027344
vt 0.0800170898 0.575683594
vt 0.0800170898 0.603027344
vt 0.0136413574 0.575683594
vt 0.0136413574 0.603027344
vt 0.622070312 0.71875
vt 0.564453125 0.776855469
vt 0.622070312 0.776855469
vt 0.564453125 0.71875
vt 0.612304688 0.693847656
vt 0.57421875 0.693847656
vt 0.612304688 0.618164062
vt 0.57421875 0.618164062
vt 0.620605469 0.611816406
vt 0.565917969 0.611816406
vt 0.620605469 0.576660156
vt 0.565917969 0.576660156
vt 0.610839844 0.571289062
vt 0.575683594 0.571289062
vt 0.688476562 0.752929688
vt 0.643554688 0.758789062
vt 0.678710938 0.758789062
vt 0.633789062 0.752929688
vt 0.688476562 0.718261719
vt 0.633789062 0.718261719
vt 0.680175781 0.711914062
vt 0.642089844 0.711914062
vt 0.680175781 0.635742188
vt 0.642089844 0.635742188
vt 0.689453125 0.611328125
vt 0.632324219 0.611328125
vt 0.689453125 0.553222656
vt 0.632324219 0.553222656
vt 0.551269531 0.603027344
vt 0.551269531 0.575683594
vt 0.484619141 0.575683594
vt 0.484619141 0.603027344
vt 0.454345703 0.603027344
vt 0.454345703 0.575683594
vt 0.3671875 0.603027344
vt 0.3671875 0.575683594
vt 0.35546875 0.603027344
vt 0.35546875 0.575683594
vt 0.315429688 0.603027344
vt 0.315429688 0.575683594
vt 0.302246094 0.575683594
vt 0.302246094 0.603027344
vt 0.262451172 0.603027344
vt 0.262451172 0.575683594
vt 0.249389648 0.575683594
vt 0.249389648 0.603027344
vt 0.209350586 0.575683594
vt 0.209350586 0.603027344
vt 0.197509766 0.575683594
vt 0.197509766 0.603027344
vt 0.110473633 0.575683594
vt 0.110473633 0.603027344
vt 0.0800170898 0.575683594
vt 0.0800170898 0.603027344
vt 0.0136413574 0.575683594
vt 0.0136413574 0.603027344
vt 0.622070312 0.71875
vt 0.564453125 0.776855469
vt 0.622070312 0.776855469
vt 0.564453125 0.71875
vt 0.612304688 0.693847656
vt 0.57421875 0.693847656
vt 0.612304688 0.618164062
vt 0.57421875 0.618164062
vt 0.620605469 0.611816406
vt 0.565917969 0.611816406
vt 0.620605469 0.576660156
vt 0.565917969 0.576660156
vt 0.610839844 0.571289062
vt 0.575683594 0.571289062
vt 0.688476562 0.752929688
vt 0.643554688 0.758789062
vt 0.678710938 0.758789062
vt 0.633789062 0.752929688
vt 0.688476562 0.718261719
vt 0.633789062 0.718261719
vt 0.680175781 0.711914062
vt 0.642089844 0.711914062
vt 0.680175781 0.635742188
vt 0.642089844 0.635742188
vt 0.689453125 0.611328125
vt 0.632324219 0.611328125
vt 0.689453125 0.553222656
vt 0.632324219 0.553222656
vt 0.551269531 0.603027344
vt 0.551269531 0.575683594
vt 0.484619141 0.575683594
vt 0.484619141 0.603027344
vt 0.454345703 0.603027344
vt 0.454345703 0.575683594
vt 0.3671875 0.603027344
vt 0.3671875 0.575683594
vt 0.35546875 0.603027344
vt 0.35546875 0.575683594
vt 0.315429688 0.603027344
vt 0.315429688 0.575683594
vt 0.302246094 0.575683594
vt 0.302246094 0.603027344
vt 0.262451172 0.603027344
vt 0.262451172 0.575683594
vt 0.249389648 0.575683594
vt 0.249389648 0.603027344
vt 0.209350586 0.575683594
vt 0.209350586 0.603027344
vt 0.197509766 0.575683594
vt 0.197509766 0.603027344
vt 0.110473633 0.575683594
vt 0.110473633 0.603027344
vt 0.0800170898 0.575683594
vt 0.0800170898 0.603027344
vt 0.0136413574 0.575683594
vt 0.0136413574 0.603027344
vt 0.622070312 0.71875
vt 0.564453125 0.776855469
vt 0.622070312 0.776855469
vt 0.564453125 0.71875
vt 0.612304688 0.693847656
vt 0.57421875 0.693847656
vt 0.612304688 0.618164062
vt 0.57421875 0.618164062
vt 0.620605469 0.611816406
vt 0.565917969 0.611816406
vt 0.620605469 0.576660156
vt 0.565917969 0.576660156
vt 0.610839844 0.571289062
vt 0.575683594 0.571289062
vt 0.688476562 0.752929688
vt 0.643554688 0.758789062
vt 0.678710938 0.758789062
vt 0.633789062 0.752929688
vt 0.688476562 0.718261719
vt 0.633789062 0.718261719
vt 0.680175781 0.711914062
vt 0.642089844 0.711914062
vt 0.680175781 0.635742188
vt 0.642089844 0.635742188
vt 0.689453125 0.611328125
vt 0.632324219 0.611328125
vt 0.689453125 0.553222656
vt 0.632324219 0.553222656
vt 0.551269531 0.603027344
vt 0.551269531 0.575683594
vt 0.484619141 0.575683594
vt 0.484619141 0.603027344
vt 0.454345703 0.603027344
vt 0.454345703 0.575683594
vt 0.3671875 0.603027344
vt 0.3671875 0.575683594
vt 0.35546875 0.603027344
vt 0.35546875 0.575683594
vt 0.315429688 0.603027344
vt 0.315429688 0.575683594
vt 0.302246094 0.575683594
vt 0.302246094 0.603027344
vt 0.262451172 0.603027344
vt 0.262451172 0.575683594
vt 0.249389648 0.575683594
vt 0.249389648 0.603027344
vt 0.209350586 0.575683594
vt 0.209350586 0.603027344
vt 0.197509766 0.575683594
vt 0.197509766 0.603027344
vt 0.110473633 0.575683594
vt 0.110473633 0.603027344
vt 0.0800170898 0.575683594
vt 0.0800170898 0.603027344
vt 0.0136413574 0.575683594
vt 0.0136413574 0.603027344
vt 0.622070312 0.71875
vt 0.564453125 0.776855469
vt 0.622070312 0.776855469
vt 0.564453125 0.71875
vt 0.612304688 0.693847656
vt 0.57421875 0.693847656
vt 0.612304688 0.618164062
vt 0.57421875 0.618164062
vt 0.620605469 0.611816406
vt 0.565917969 0.611816406
vt 0.620605469 0.576660156
vt 0.565917969 0.576660156
vt 0.610839844 0.571289062
vt 0.575683594 0.571289062
vt 0.688476562 0.752929688
vt 0.643554688 0.758789062
vt 0.678710938 0.758789062
vt 0.633789062 0.752929688
vt 0.688476562 0.718261719
vt 0.633789062 0.718261719
vt 0.680175781 0.711914062
vt 0.642089844 0.711914062
vt 0.680175781 0.635742188
vt 0.642089844 0.635742188
vt 0.689453125 0.611328125
vt 0.632324219 0.611328125
vt 0.689453125 0.553222656
vt 0.632324219 0.553222656
vt 0.700683594 0.307373047
vt 0.700683594 0.602539062
vt 0.737792969 0.602539062
vt 0.737792969 0.307373047
vt 0.700683594 0.0124282837
vt 0.737792969 0.0124282837
vt 0.750488281 0.602539062
vt 0.750488281 0.0124282837
vt 0.750488281 0.307373047
vt 0.809082031 0.602539062
vt 0.809082031 0.0124282837
vt 0.809082031 0.307373047
vt 0.814941406 0.602539062
vt 0.814941406 0.0124282837
vt 0.814941406 0.307373047
vt 0.831542969 0.602539062
vt 0.831542969 0.0124282837
vt 0.831542969 0.307373047
vt 0.837402344 0.602539062
vt 0.837402344 0.0124282837
vt 0.837402344 0.307373047
vt 0.853027344 0.602539062
vt 0.853027344 0.0124282837
vt 0.853027344 0.307373047
vt 0.858886719 0.602539062
vt 0.858886719 0.0124282837
vt 0.858886719 0.307373047
vt 0.875488281 0.602539062
vt 0.875488281 0.0124282837
vt 0.875488281 0.307373047
vt 0.881347656 0.602539062
vt 0.881347656 0.0124282837
vt 0.881347656 0.307373047
vt 0.939453125 0.602539062
vt 0.939453125 0.0124282837
vt 0.939453125 0.307373047
vt 0.952636719 0.602539062
vt 0.952636719 0.0124282837
vt 0.952636719 0.307373047
vt 0.989746094 0.602539062
vt 0.989746094 0.0124282837
vt 0.989746094 0.307373047
vt 0.989746094 0.307373047
vt 0.989746094 0.0124282837
vt 0.952636719 0.0124282837
vt 0.952636719 0.307373047
vt 0.989746094 0.602539062
vt 0.952636719 0.602539062
vt 0.939453125 0.0124282837
vt 0.939453125 0.602539062
vt 0.939453125 0.307373047
vt 0.881347656 0.0124282837
vt 0.881347656 0.602539062
vt 0.881347656 0.307373047
vt 0.875488281 0.0124282837
vt 0.875488281 0.602539062
vt 0.875488281 0.307373047
vt 0.858886719 0.0124282837
vt 0.858886719 0.602539062
vt 0.858886719 0.307373047
vt 0.853027344 0.0124282837
vt 0.853027344 0.602539062
vt 0.853027344 0.307373047
vt 0.837402344 0.0124282837
vt 0.837402344 0.602539062
vt 0.837402344 0.307373047
vt 0.831542969 0.0124282837
vt 0.831542969 0.602539062
vt 0.831542969 0.307373047
vt 0.814941406 0.0124282837
vt 0.814941406 0.602539062
vt 0.814941406 0.307373047
vt 0.809082031 0.0124282837
vt 0.809082031 0.602539062
vt 0.809082031 0.307373047
vt 0.750488281 0.0124282837
vt 0.750488281 0.602539062
vt 0.750488281 0.307373047
vt 0.737792969 0.0124282837
vt 0.737792969 0.602539062
vt 0.737792969 0.307373047
vt 0.700683594 0.0124282837
vt 0.700683594 0.602539062
vt 0.700683594 0.307373047
vt 0.700683594 0.307373047
vt 0.700683594 0.602539062
vt 0.737792969 0.602539062
vt 0.737792969 0.307373047
vt 0.700683594 0.0124282837
vt 0.737792969 0.0124282837
vt 0.750488281 0.602539062
vt 0.750488281 0.0124282837
vt 0.750488281 0.307373047
vt 0.809082031 0.602539062
vt 0.809082031 0.0124282837
vt 0.809082031 0.307373047
vt 0.814941406 0.602539062
vt 0.814941406 0.0124282837
vt 0.814941406 0.307373047
vt 0.831542969 0.602539062
vt 0.831542969 0.0124282837
vt 0.831542969 0.307373047
vt 0.837402344 0.602539062
vt 0.837402344 0.0124282837
vt 0.837402344 0.307373047
vt 0.853027344 0.602539062
vt 0.853027344 0.0124282837
vt 0.853027344 0.307373047
vt 0.858886719 0.602539062
vt 0.858886719 0.0124282837
vt 0.858886719 0.307373047
vt 0.875488281 0.602539062
vt 0.875488281 0.0124282837
vt 0.875488281 0.307373047
vt 0.881347656 0.602539062
vt 0.881347656 0.0124282837
vt 0.881347656 0.307373047
vt 0.939453125 0.602539062
vt 0.939453125 0.0124282837
vt 0.939453125 0.307373047
vt 0.952636719 0.602539062
vt 0.952636719 0.0124282837
vt 0.952636719 0.307373047
vt 0.989746094 0.602539062
vt 0.989746094 0.0124282837
vt 0.989746094 0.307373047
vt 0.989746094 0.307373047
vt 0.989746094 0.0124282837
vt 0.952636719 0.0124282837
vt 0.952636719 0.307373047
vt 0.989746094 0.602539062
vt 0.952636719 0.602539062
vt 0.939453125 0.0124282837
vt 0.939453125 0.602539062
vt 0.939453125 0.307373047
vt 0.881347656 0.0124282837
vt 0.881347656 0.602539062
vt 0.881347656 0.307373047
vt 0.875488281 0.0124282837
vt 0.875488281 0.602539062
vt 0.875488281 0.307373047
vt 0.858886719 0.0124282837
vt 0.858886719 0.602539062
vt 0.858886719 0.307373047
vt 0.853027344 0.0124282837
vt 0.853027344 0.602539062
vt 0.853027344 0.307373047
vt 0.837402344 0.0124282837
vt 0.837402344 0.602539062
vt 0.837402344 0.307373047
vt 0.831542969 0.0124282837
vt 0.831542969 0.602539062
vt 0.831542969 0.307373047
vt 0.814941406 0.0124282837
vt 0.814941406 0.602539062
vt 0.814941406 0.307373047
vt 0.809082031 0.0124282837
vt 0.809082031 0.602539062
vt 0.809082031 0.307373047
vt 0.750488281 0.0124282837
vt 0.750488281 0.602539062
vt 0.750488281 0.307373047
vt 0.737792969 0.0124282837
vt 0.737792969 0.602539062
vt 0.737792969 0.307373047
vt 0.700683594 0.0124282837
vt 0.700683594 0.602539062
vt 0.700683594 0.307373047
vt 0.700683594 0.307373047
vt 0.700683594 0.602539062
vt 0.737792969 0.602539062
vt 0.737792969 0.307373047
vt 0.700683594 0.0124282837
vt 0.737792969 0.0124282837
vt 0.750488281 0.602539062
vt 0.750488281 0.0124282837
vt 0.750488281 0.307373047
vt 0.809082031 0.602539062
vt 0.809082031 0.0124282837
vt 0.809082031 0.307373047
vt 0.814941406 0.602539062
vt 0.814941406 0.0124282837
vt 0.814941406 0.307373047
vt 0.831542969 0.602539062
vt 0.831542969 0.0124282837
vt 0.831542969 0.307373047
vt 0.837402344 0.602539062
vt 0.837402344 0.0124282837
vt 0.837402344 0.307373047
vt 0.853027344 0.602539062
vt 0.853027344 0.0124282837
vt 0.853027344 0.307373047
vt 0.858886719 0.602539062
vt 0.858886719 0.0124282837
vt 0.858886719 0.307373047
vt 0.875488281 0.602539062
vt 0.875488281 0.0124282837
vt 0.875488281 0.307373047
vt 0.881347656 0.602539062
vt 0.881347656 0.0124282837
vt 0.881347656 0.307373047
vt 0.939453125 0.602539062
vt 0.939453125 0.0124282837
vt 0.939453125 0.307373047
vt 0.952636719 0.602539062
vt 0.952636719 0.0124282837
vt 0.952636719 0.307373047
vt 0.989746094 0.602539062
vt 0.989746094 0.0124282837
vt 0.989746094 0.307373047
vt 0.700683594 0.307373047
vt 0.700683594 0.602539062
vt 0.737792969 0.602539062
vt 0.737792969 0.307373047
vt 0.700683594 0.0124282837
vt 0.737792969 0.0124282837
vt 0.750488281 0.602539062
vt 0.750488281 0.0124282837
vt 0.750488281 0.307373047
vt 0.809082031 0.602539062
vt 0.809082031 0.0124282837
vt 0.809082031 0.307373047
vt 0.814941406 0.602539062
vt 0.814941406 0.0124282837
vt 0.814941406 0.307373047
vt 0.831542969 0.602539062
vt 0.831542969 0.0124282837
vt 0.831542969 0.307373047
vt 0.837402344 0.602539062
vt 0.837402344 0.0124282837
vt 0.837402344 0.307373047
vt 0.853027344 0.602539062
vt 0.853027344 0.0124282837
vt 0.853027344 0.307373047
vt 0.858886719 0.602539062
vt 0.858886719 0.0124282837
vt 0.858886719 0.307373047
vt 0.875488281 0.602539062
vt 0.875488281 0.0124282837
vt 0.875488281 0.307373047
vt 0.881347656 0.602539062
vt 0.881347656 0.0124282837
vt 0.881347656 0.307373047
vt 0.939453125 0.602539062
vt 0.939453125 0.0124282837
vt 0.939453125 0.307373047
vt 0.952636719 0.602539062
vt 0.952636719 0.0124282837
vt 0.952636719 0.307373047
vt 0.989746094 0.602539062
vt 0.989746094 0.0124282837
vt 0.989746094 0.307373047
vt 0.989746094 0.307373047
vt 0.989746094 0.0124282837
vt 0.952636719 0.0124282837
vt 0.952636719 0.307373047
vt 0.989746094 0.602539062
vt 0.952636719 0.602539062
vt 0.939453125 0.0124282837
vt 0.939453125 0.602539062
vt 0.939453125 0.307373047
vt 0.881347656 0.0124282837
vt 0.881347656 0.602539062
vt 0.881347656 0.307373047
vt 0.875488281 0.0124282837
vt 0.875488281 0.602539062
vt 0.875488281 0.307373047
vt 0.858886719 0.0124282837
vt 0.858886719 0.602539062
vt 0.858886719 0.307373047
vt 0.853027344 0.0124282837
vt 0.853027344 0.602539062
vt 0.853027344 0.307373047
vt 0.837402344 0.0124282837
vt 0.837402344 0.602539062
vt 0.837402344 0.307373047
vt 0.831542969 0.0124282837
vt 0.831542969 0.602539062
vt 0.831542969 0.307373047
vt 0.814941406 0.0124282837
vt 0.814941406 0.602539062
vt 0.814941406 0.307373047
vt 0.809082031 0.0124282837
vt 0.809082031 0.602539062
vt 0.809082031 0.307373047
vt 0.750488281 0.0124282837
vt 0.750488281 0.602539062
vt 0.750488281 0.307373047
vt 0.737792969 0.0124282837
vt 0.737792969 0.602539062
vt 0.737792969 0.307373047
vt 0.700683594 0.0124282837
vt 0.700683594 0.602539062
vt 0.700683594 0.307373047
vt 0.700683594 0.307373047
vt 0.700683594 0.602539062
vt 0.737792969 0.602539062
vt 0.737792969 0.307373047
vt 0.700683594 0.0124282837
vt 0.737792969 0.0124282837
vt 0.750488281 0.602539062
vt 0.750488281 0.0124282837
vt 0.750488281 0.307373047
vt 0.809082031 0.602539062
vt 0.809082031 0.0124282837
vt 0.809082031 0.307373047
vt 0.814941406 0.602539062
vt 0.814941406 0.0124282837
vt 0.814941406 0.307373047
vt 0.831542969 0.602539062
vt 0.831542969 0.0124282837
vt 0.831542969 0.307373047
vt 0.837402344 0.602539062
vt 0.837402344 0.0124282837
vt 0.837402344 0.307373047
vt 0.853027344 0.602539062
vt 0.853027344 0.0124282837
vt 0.853027344 0.307373047
vt 0.858886719 0.602539062
vt 0.858886719 0.0124282837
vt 0.858886719 0.307373047
vt 0.875488281 0.602539062
vt 0.875488281 0.0124282837
vt 0.875488281 0.307373047
vt 0.881347656 0.602539062
vt 0.881347656 0.0124282837
vt 0.881347656 0.307373047
vt 0.939453125 0.602539062
vt 0.939453125 0.0124282837
vt 0.939453125 0.307373047
vt 0.952636719 0.602539062
vt 0.952636719 0.0124282837
vt 0.952636719 0.307373047
vt 0.989746094 0.602539062
vt 0.989746094 0.0124282837
vt 0.989746094 0.307373047
vt 0.989746094 0.307373047
vt 0.989746094 0.0124282837
vt 0.952636719 0.0124282837
vt 0.952636719 0.307373047
vt 0.989746094 0.602539062
vt 0.952636719 0.602539062
vt 0.939453125 0.0124282837
vt 0.939453125 0.602539062
vt 0.939453125 0.307373047
vt 0.881347656 0.0124282837
vt 0.881347656 0.602539062
vt 0.881347656 0.307373047
vt 0.875488281 0.0124282837
vt 0.875488281 0.602539062
vt 0.875488281 0.307373047
vt 0.858886719 0.0124282837
vt 0.858886719 0.602539062
vt 0.858886719 0.307373047
vt 0.853027344 0.0124282837
vt 0.853027344 0.602539062
vt 0.853027344 0.307373047
vt 0.837402344 0.0124282837
vt 0.837402344 0.602539062
vt 0.837402344 0.307373047
vt 0.831542969 0.0124282837
vt 0.831542969 0.602539062
vt 0.831542969 0.307373047
vt 0.814941406 0.0124282837
vt 0.814941406 0.602539062
vt 0.814941406 0.307373047
vt 0.809082031 0.0124282837
vt 0.809082031 0.602539062
vt 0.809082031 0.307373047
vt 0.750488281 0.0124282837
vt 0.750488281 0.602539062
vt 0.750488281 0.307373047
vt 0.737792969 0.0124282837
vt 0.737792969 0.602539062
vt 0.737792969 0.307373047
vt 0.700683594 0.0124282837
vt 0.700683594 0.602539062
vt 0.700683594 0.307373047
vt 0.6875 0.432373047
vt 0.661132812 0.437255859
vt 0.681640625 0.437255859
vt 0.655273438 0.432373047
vt 0.6875 0.409667969
vt 0.655273438 0.409667969
vt 0.682617188 0.403808594
vt 0.66015625 0.403808594
vt 0.682617188 0.326171875
vt 0.66015625 0.326171875
vt 0.651855469 0.310791016
vt 0.690429688 0.310791016
vt 0.690429688 0.261962891
vt 0.651855469 0.261962891
vt 0.989746094 0.617675781
vt 0.952636719 0.916992188
vt 0.989746094 0.916992188
vt 0.952636719 0.617675781
vt 0.939453125 0.617675781
vt 0.939453125 0.916992188
vt 0.881347656 0.916992188
vt 0.881347656 0.617675781
vt 0.875488281 0.916992188
vt 0.875488281 0.617675781
vt 0.858886719 0.916992188
vt 0.858886719 0.617675781
vt 0.853027344 0.916992188
vt 0.853027344 0.617675781
vt 0.837402344 0.916992188
vt 0.837402344 0.617675781
vt 0.831542969 0.916992188
vt 0.831542969 0.617675781
vt 0.814941406 0.916992188
vt 0.814941406 0.617675781
vt 0.809082031 0.916992188
vt 0.809082031 0.617675781
vt 0.750488281 0.916992188
vt 0.750488281 0.617675781
vt 0.737792969 0.916992188
vt 0.737792969 0.617675781
vt 0.700683594 0.617675781
vt 0.700683594 0.916992188
vt 0.6875 0.432373047
vt 0.681640625 0.437255859
vt 0.661132812 0.437255859
vt 0.655273438 0.432373047
vt 0.6875 0.409667969
vt 0.655273438 0.409667969
vt 0.682617188 0.403808594
vt 0.66015625 0.403808594
vt 0.682617188 0.326171875
vt 0.66015625 0.326171875
vt 0.651855469 0.310791016
vt 0.690429688 0.310791016
vt 0.690429688 0.261962891
vt 0.651855469 0.261962891
vt 0.952636719 0.916992188
vt 0.989746094 0.617675781
vt 0.989746094 0.916992188
vt 0.952636719 0.617675781
vt 0.939453125 0.617675781
vt 0.939453125 0.916992188
vt 0.881347656 0.916992188
vt 0.881347656 0.617675781
vt 0.875488281 0.916992188
vt 0.875488281 0.617675781
vt 0.858886719 0.916992188
vt 0.858886719 0.617675781
vt 0.853027344 0.916992188
vt 0.853027344 0.617675781
vt 0.837402344 0.916992188
vt 0.837402344 0.617675781
vt 0.831542969 0.916992188
vt 0.831542969 0.617675781
vt 0.814941406 0.916992188
vt 0.814941406 0.617675781
vt 0.809082031 0.916992188
vt 0.809082031 0.617675781
vt 0.750488281 0.916992188
vt 0.750488281 0.617675781
vt 0.737792969 0.916992188
vt 0.737792969 0.617675781
vt 0.700683594 0.617675781
vt 0.700683594 0.916992188
vt 0.690429688 0.946777344
vt 0.0122146606 0.939453125
vt 0.0122146606 0.946777344
vt 0.690429688 0.939453125
vt 0.0122146606 0.793945312
vt 0.690429688 0.793945312
vt 0.690429688 0.786621094
vt 0.0122146606 0.786621094
vt 0.690429688 0.793945312
vt 0.690429688 0.786621094
vt 0.0122146606 0.786621094
vt 0.0122146606 0.793945312
vt 0.690429688 0.866699219
vt 0.0122146606 0.866699219
vt 0.690429688 0.866699219
vt 0.0122146606 0.793945312
vt 0.0122146606 0.866699219
vt 0.690429688 0.793945312
vt 0.690429688 0.786621094
vt 0.0122146606 0.786621094
vt 0.0122146606 0.786621094
vt 0.690429688 0.793945312
vt 0.690429688 0.786621094
vt 0.0122146606 0.793945312
vt 0.690429688 0.866699219
vt 0.0122146606 0.866699219
vt 0.690429688 0.786621094
vt 0.0122146606 0.786621094
vt 0.0122146606 0.793945312
vt 0.690429688 0.793945312
vt 0.690429688 0.866699219
vt 0.0122146606 0.866699219
vt 0.0122146606 0.786621094
vt 0.690429688 0.793945312
vt 0.690429688 0.786621094
vt 0.0122146606 0.793945312
vt 0.690429688 0.866699219
vt 0.0122146606 0.866699219
vt 0.690429688 0.786621094
vt 0.0122146606 0.786621094
vt 0.0122146606 0.793945312
vt 0.690429688 0.793945312
vt 0.690429688 0.866699219
vt 0.0122146606 0.866699219
vn -0.591308594 0.806152344 1.78813934E-07
vn -0.954101562 0.300292969 0
vn -0.954101562 0.300292969 0
vn -0.591308594 0.806152344 0
vn -0 1 1.78813934E-07
vn -0 1 1.78813934E-07
vn -0 1 1.78813934E-07
vn -0.591308594 0.806152344 0
vn -0 1 1.78813934E-07
vn -0.591308594 0.806152344 0
vn -0.954101562 0.300292969 0
vn -0.954101562 0.300292969 -1.78813934E-07
vn 0.70703125 0 0.70703125
vn 0.70703125 0.70703125 0
vn 1 0 0
vn 0.577148438 0.577148438 0.577148438
vn -0.591308594 0.806152344 1.78813934E-07
vn -0.475341797 0.647949219 0.595214844
vn -0.954101562 0.300292969 0
vn -0.742675781 0.233764648 0.627441406
vn 0.70703125 0 0.70703125
vn -0.742675781 0.233764648 0.627441406
vn 0.742675781 0.233764648 0.627441406
vn 0.591308594 0.806152344 1.1920929E-07
vn 0.954101562 0.300292969 0
vn 0.475341797 0.647949219 0.595214844
vn -0.591308594 0.806152344 1.78813934E-07
vn -0.475341797 0.647949219 0.595214844
vn -0.954101562 0.300292969 0
vn -0.742675781 0.233764648 0.627441406
vn -0.742675781 0.233764648 0.627441406
vn 0.742675781 0.233764648 0.627441406
vn -0.702636719 0.109802246 0.702636719
vn 0.702636719 0.109802246 0.702636719
vn -0.702636719 0.109802246 0.702636719
vn 0.702636719 0.109802246 0.702636719
vn 0.702636719 0.109802246 -0.702636719
vn 0.702636719 0.109802246 0.702636719
vn 0.702636719 0.109802246 -0.702636719
vn -0.702636719 0.109802246 -0.702636719
vn 0.702636719 0.109802246 -0.702636719
vn -0.702636719 0.109802246 -0.702636719
vn -0.702636719 0.109802246 0.702636719
vn -0.702636719 0.109802246 -0.702636719
vn -0.702636719 0.109802246 0.702636719
vn -0 1 3.57627869E-07
vn 1.78813934E-07 1 3.57627869E-07
vn 2.38418579E-07 1 2.98023224E-07
vn -1.78813934E-07 1 2.98023224E-07
vn -0.70703125 0 0.70703125
vn -0.70703125 0 0.70703125
vn 0.70703125 0 0.70703125
vn 0.70703125 0 0.70703125
vn -0 1 1.78813934E-07
vn -0 1 1.78813934E-07
vn -0 1 1.78813934E-07
vn -0 1 1.78813934E-07
vn -0.70703125 0 -0.70703125
vn -0.70703125 0 -0.70703125
vn 0.70703125 0 -0.70703125
vn 0.70703125 0 -0.70703125
vn 0.70703125 0 0.70703125
vn 0.70703125 0 0.70703125
vn 0.70703125 0 -0.70703125
vn 0.70703125 0 -0.70703125
vn -0.70703125 0 -0.70703125
vn -0.70703125 0 -0.70703125
vn -0.70703125 0 0.70703125
vn -0.70703125 0 0.70703125
vn 1.78813934E-07 1 3.57627869E-07
vn 1.78813934E-07 1 -2.38418579E-07
vn 2.38418579E-07 1 0
vn 2.38418579E-07 1 2.98023224E-07
vn -1.78813934E-07 1 2.98023224E-07
vn -1.78813934E-07 1 0
vn -0 1 -2.38418579E-07
vn -0 1 3.57627869E-07
vn -1.78813934E-07 1 0
vn 2.38418579E-07 1 0
vn 1.78813934E-07 1 -2.38418579E-07
vn -0 1 -2.38418579E-07
vn 0.954101562 0.300292969 0
vn 0.954101562 0.300292969 0
vn 0.591308594 0.806152344 1.1920929E-07
vn 0.591308594 0.806152344 1.1920929E-07
vn -0.591308594 0.806152344 1.1920929E-07
vn -0.591308594 0.806152344 1.1920929E-07
vn -0.954101562 0.300292969 0
vn -0.954101562 0.300292969 0
vn 1 0 3.57627869E-07
vn 1 0 2.38418579E-07
vn 0.968261719 0.249511719 2.38418579E-07
vn 0.968261719 0.249511719 4.17232513E-07
vn 1 0 4.76837158E-07
vn 0.968261719 0.249511719 5.96046448E-07
vn 0.968261719 0.249511719 2.38418579E-07
vn 0.968261719 0.249511719 7.15255737E-07
vn 0.968261719 0.249511719 4.76837158E-07
vn 0.926757812 -0.375488281 1.1920929E-07
vn 0.926757812 -0.375488281 6.55651093E-07
vn 0.926757812 -0.375488281 3.57627869E-07
vn 0.926757812 -0.375488281 1.1920929E-07
vn 0.926757812 -0.375488281 6.55651093E-07
vn 0.926757812 -0.375488281 3.57627869E-07
vn 0.898925781 0.437988281 2.98023224E-07
vn 0.898925781 0.437988281 7.15255737E-07
vn 0.898925781 0.437988281 5.36441803E-07
vn 0.325927734 0.9453125 2.98023224E-07
vn 0.325927734 0.9453125 3.57627869E-07
vn 0.325927734 0.9453125 2.98023224E-07
vn -0.325927734 0.9453125 0
vn -0.325927734 0.9453125 -1.1920929E-07
vn -0.325927734 0.9453125 0
vn -0.898925781 0.437988281 -3.57627869E-07
vn -0.898925781 0.437988281 -5.96046448E-07
vn -0.898925781 0.437988281 -4.76837158E-07
vn -0.926757812 -0.375488281 -4.76837158E-07
vn -0.926757812 -0.375488281 -7.74860382E-07
vn -0.926757812 -0.375488281 -6.55651093E-07
vn -0.926757812 -0.375488281 -4.76837158E-07
vn -0.926757812 -0.375488281 -7.74860382E-07
vn -0.926757812 -0.375488281 -6.55651093E-07
vn -0.968261719 0.249389648 -4.17232513E-07
vn -0.968261719 0.249389648 -7.15255737E-07
vn -0.968261719 0.249389648 -5.36441803E-07
vn -0.968261719 0.249389648 -4.17232513E-07
vn -0.968261719 0.249389648 -7.15255737E-07
vn -0.968261719 0.249389648 -5.36441803E-07
vn -1 0 -4.76837158E-07
vn -1 0 -7.74860382E-07
vn -1 0 -5.96046448E-07
vn -1 0 0
vn -1 0 0
vn -0.982910156 0.183349609 0
vn -0.982910156 0.183349609 0
vn -0.982910156 0.183349609 0
vn -0.982910156 0.183349609 0
vn -0.895019531 -0.446289062 -1.78813934E-07
vn -0.895019531 -0.446289062 -1.78813934E-07
vn -0.895019531 -0.446289062 -1.78813934E-07
vn -0.895019531 -0.446289062 -1.78813934E-07
vn -0.864746094 0.501953125 2.98023224E-07
vn -0.864746094 0.501953125 2.98023224E-07
vn -0.256591797 0.966308594 5.36441803E-07
vn -0.256591797 0.966308594 5.36441803E-07
vn 0.256591797 0.966308594 4.76837158E-07
vn 0.256591797 0.966308594 4.76837158E-07
vn 0.864746094 0.501953125 2.38418579E-07
vn 0.864746094 0.501953125 2.38418579E-07
vn 0.895019531 -0.446289062 -2.98023224E-07
vn 0.895019531 -0.446289062 -2.98023224E-07
vn 0.895019531 -0.446289062 -2.98023224E-07
vn 0.895019531 -0.446289062 -2.98023224E-07
vn 0.982910156 0.183349609 0
vn 0.982910156 0.183349609 0
vn 0.982910156 0.183349609 0
vn 0.982910156 0.183349609 0
vn 1 0 0
vn 1 0 0
vn -0 0 1
vn -0 0 1
vn -0 0 1
vn -0 0 1
vn -0 0 1
vn -0 0 1
vn -0 0 1
vn -0 0 1
vn -0 0 1
vn -0 0 1
vn -0 0 1
vn -0 0 1
vn -0 0 1
vn -0 0 1
vn -0 0 -1
vn -0 0 -1
vn -0 0 -1
vn -0 0 -1
vn -0 0 -1
vn -0 0 -1
vn -0 0 -1
vn -0 0 -1
vn -0 0 -1
vn -0 0 -1
vn -0 1.13248825E-06 -1
vn -0 1.13248825E-06 -1
vn -0 1.96695328E-06 -1
vn -0 1.96695328E-06 -1
vn -0 0 1
vn -0 0 1
vn -0 0 1
vn -0 0 1
vn -0 0 1
vn -0 0 1
vn -0 0 1
vn -0 0 1
vn -0 0 1
vn -0 0 1
vn -0 0 1
vn -0 0 1
vn -0 0 1
vn -0 0 1
vn 0.968261719 0.249511719 0
vn 1 0 0
vn 1 0 0
vn 0.968261719 0.249511719 0
vn 0.968261719 0.249511719 0
vn 0.968261719 0.249511719 0
vn 0.926757812 -0.375488281 -1.1920929E-07
vn 0.926757812 -0.375488281 -1.1920929E-07
vn 0.926757812 -0.375488281 -1.1920929E-07
vn 0.926757812 -0.375488281 -1.1920929E-07
vn 0.898925781 0.437988281 0
vn 0.898925781 0.437988281 0
vn 0.325927734 0.9453125 1.1920929E-07
vn 0.325927734 0.9453125 1.1920929E-07
vn -0.325927734 0.9453125 1.78813934E-07
vn -0.325927734 0.9453125 1.78813934E-07
vn -0.898925781 0.437988281 1.1920929E-07
vn -0.898925781 0.437988281 1.1920929E-07
vn -0.926757812 -0.375488281 0
vn -0.926757812 -0.375488281 0
vn -0.926757812 -0.375488281 0
vn -0.926757812 -0.375488281 0
vn -0.968261719 0.249389648 0
vn -0.968261719 0.249389648 0
vn -0.968261719 0.249389648 0
vn -0.968261719 0.249389648 0
vn -1 0 0
vn -1 0 0
vn -1 0 0
vn -1 0 0
vn -0.982910156 0.183349609 0
vn -0.982910156 0.183349609 0
vn -0.982910156 0.183349609 0
vn -0.982910156 0.183349609 0
vn -0.895019531 -0.446289062 0
vn -0.895019531 -0.446289062 0
vn -0.895019531 -0.446289062 0
vn -0.895019531 -0.446289062 0
vn -0.864746094 0.501953125 0
vn -0.864746094 0.501953125 0
vn -0.256591797 0.966308594 0
vn -0.256591797 0.966308594 0
vn 0.256591797 0.966308594 0
vn 0.256591797 0.966308594 0
vn 0.864746094 0.501953125 0
vn 0.864746094 0.501953125 0
vn 0.895019531 -0.446289062 0
vn 0.895019531 -0.446289062 0
vn 0.895019531 -0.446289062 0
vn 0.895019531 -0.446289062 0
vn 0.982910156 0.183349609 0
vn 0.982910156 0.183349609 0
vn 0.982910156 0.183349609 0
vn 0.982910156 0.183349609 0
vn 1 0 0
vn 1 0 0
vn -0 0 1
vn -0 0 1
vn -0 0 1
vn -0 0 1
vn -0 0 1
vn -0 0 1
vn -0 0 1
vn -0 0 1
vn -0 0 1
vn -0 0 1
vn -0 0 1
vn -0 0 1
vn -0 0 1
vn -0 0 1
vn -0 0 -1
vn -0 0 -1
vn -0 0 -1
vn -0 0 -1
vn -0 0 -1
vn -0 0 -1
vn -0 0 -1
vn -0 0 -1
vn -0 0 -1
vn -0 0 -1
vn -0 0 -1
vn -0 0 -1
vn -0 0 -1
vn -0 0 -1
vn -1 0 0
vn -1 0 0
vn -0.982910156 0.183349609 0
vn -0.982910156 0.183349609 0
vn -0.982910156 0.183349609 0
vn -0.982910156 0.183349609 0
vn -0.895019531 -0.446289062 -1.78813934E-07
vn -0.895019531 -0.446289062 -1.78813934E-07
vn -0.895019531 -0.446289062 -1.78813934E-07
vn -0.895019531 -0.446289062 -1.78813934E-07
vn -0.864746094 0.501953125 2.98023224E-07
vn -0.864746094 0.501953125 2.98023224E-07
vn -0.256591797 0.966308594 5.36441803E-07
vn -0.256591797 0.966308594 5.36441803E-07
vn 0.256591797 0.966308594 4.76837158E-07
vn 0.256591797 0.966308594 4.76837158E-07
vn 0.864746094 0.501953125 2.38418579E-07
vn 0.864746094 0.501953125 2.38418579E-07
vn 0.895019531 -0.446289062 -2.98023224E-07
vn 0.895019531 -0.446289062 -2.98023224E-07
vn 0.895019531 -0.446289062 -2.98023224E-07
vn 0.895019531 -0.446289062 -2.98023224E-07
vn 0.982910156 0.183349609 0
vn 0.982910156 0.183349609 0
vn 0.982910156 0.183349609 0
vn 0.982910156 0.183349609 0
vn 1 0 0
vn 1 0 0
vn -0 0 1
vn -0 0 1
vn -0 0 1
vn -0 0 1
vn -0 -6.55651093E-07 1
vn -0 -6.55651093E-07 1
vn -0 -5.96046448E-07 1
vn -0 -5.96046448E-07 1
vn -0 0 1
vn -0 0 1
vn -0 0 1
vn -0 0 1
vn -0 0 1
vn -0 0 1
vn -0 0 -1
vn -0 0 -1
vn -0 0 -1
vn -0 0 -1
vn -0 0 -1
vn -0 0 -1
vn -0 0 -1
vn -0 0 -1
vn -0 0 -1
vn -0 0 -1
vn -0 0 -1
vn -0 0 -1
vn -0 0 -1
vn -0 0 -1
vn -1 0 0
vn -1 0 0
vn -0.982910156 0.183349609 0
vn -0.982910156 0.183349609 0
vn -0.982910156 0.183349609 0
vn -0.982910156 0.183349609 0
vn -0.895019531 -0.446289062 0
vn -0.895019531 -0.446289062 0
vn -0.895019531 -0.446289062 0
vn -0.895019531 -0.446289062 0
vn -0.864746094 0.501953125 0
vn -0.864746094 0.501953125 0
vn -0.256591797 0.966308594 0
vn -0.256591797 0.966308594 0
vn 0.256591797 0.966308594 0
vn 0.256591797 0.966308594 0
vn 0.864746094 0.501953125 0
vn 0.864746094 0.501953125 0
vn 0.895019531 -0.446289062 0
vn 0.895019531 -0.446289062 0
vn 0.895019531 -0.446289062 0
vn 0.895019531 -0.446289062 0
vn 0.982910156 0.183349609 0
vn 0.982910156 0.183349609 0
vn 0.982910156 0.183349609 0
vn 0.982910156 0.183349609 0
vn 1 0 0
vn 1 0 0
vn -0 0 1
vn -0 0 1
vn -0 0 1
vn -0 0 1
vn -0 0 1
vn -0 0 1
vn -0 0 1
vn -0 0 1
vn -0 0 1
vn -0 0 1
vn -0 0 1
vn -0 0 1
vn -0 0 1
vn -0 0 1
vn -0 0 -1
vn -0 0 -1
vn -0 0 -1
vn -0 0 -1
vn -0 0 -1
vn -0 0 -1
vn -0 0 -1
vn -0 0 -1
vn -0 0 -1
vn -0 0 -1
vn -0 0 -1
vn -0 0 -1
vn -0 0 -1
vn -0 0 -1
vn -1 0 0
vn -1 0 0
vn -0.982910156 0.183349609 0
vn -0.982910156 0.183349609 0
vn -0.982910156 0.183349609 0
vn -0.982910156 0.183349609 0
vn -0.895019531 -0.446289062 -1.78813934E-07
vn -0.895019531 -0.446289062 -1.78813934E-07
vn -0.895019531 -0.446289062 -1.78813934E-07
vn -0.895019531 -0.446289062 -1.78813934E-07
vn -0.864746094 0.501953125 2.98023224E-07
vn -0.864746094 0.501953125 2.98023224E-07
vn -0.256591797 0.966308594 5.36441803E-07
vn -0.256591797 0.966308594 5.36441803E-07
vn 0.256591797 0.966308594 4.76837158E-07
vn 0.256591797 0.966308594 4.76837158E-07
vn 0.864746094 0.501953125 2.38418579E-07
vn 0.864746094 0.501953125 2.38418579E-07
vn 0.895019531 -0.446289062 -2.98023224E-07
vn 0.895019531 -0.446289062 -2.98023224E-07
vn 0.895019531 -0.446289062 -2.98023224E-07
vn 0.895019531 -0.446289062 -2.98023224E-07
vn 0.982910156 0.183349609 0
vn 0.982910156 0.183349609 0
vn 0.982910156 0.183349609 0
vn 0.982910156 0.183349609 0
vn 1 0 0
vn 1 0 0
vn -0 0 1
vn -0 0 1
vn -0 0 1
vn -0 0 1
vn -0 -6.55651093E-07 1
vn -0 -6.55651093E-07 1
vn -0 -5.96046448E-07 1
vn -0 -5.96046448E-07 1
vn -0 0 1
vn -0 0 1
vn -0 0 1
vn -0 0 1
vn -0 0 1
vn -0 0 1
vn -0 0 -1
vn -0 0 -1
vn -0 0 -1
vn -0 0 -1
vn -0 0 -1
vn -0 0 -1
vn -0 0 -1
vn -0 0 -1
vn -0 0 -1
vn -0 0 -1
vn -0 0 -1
vn -0 0 -1
vn -0 0 -1
vn -0 0 -1
vn -1 0 0
vn -1 0 0
vn -0.982910156 0.183349609 0
vn -0.982910156 0.183349609 0
vn -0.982910156 0.183349609 0
vn -0.982910156 0.183349609 0
vn -0.895019531 -0.446289062 0
vn -0.895019531 -0.446289062 0
vn -0.895019531 -0.446289062 0
vn -0.895019531 -0.446289062 0
vn -0.864746094 0.501953125 0
vn -0.864746094 0.501953125 0
vn -0.256591797 0.966308594 0
vn -0.256591797 0.966308594 0
vn 0.256591797 0.966308594 0
vn 0.256591797 0.966308594 0
vn 0.864746094 0.501953125 0
vn 0.864746094 0.501953125 0
vn 0.895019531 -0.446289062 0
vn 0.895019531 -0.446289062 0
vn 0.895019531 -0.446289062 0
vn 0.895019531 -0.446289062 0
vn 0.982910156 0.183349609 0
vn 0.982910156 0.183349609 0
vn 0.982910156 0.183349609 0
vn 0.982910156 0.183349609 0
vn 1 0 0
vn 1 0 0
vn -0 0 1
vn -0 0 1
vn -0 0 1
vn -0 0 1
vn -0 0 1
vn -0 0 1
vn -0 0 1
vn -0 0 1
vn -0 0 1
vn -0 0 1
vn -0 0 1
vn -0 0 1
vn -0 0 1
vn -0 0 1
vn -0 0 -1
vn -0 0 -1
vn -0 0 -1
vn -0 0 -1
vn -0 0 -1
vn -0 0 -1
vn -0 0 -1
vn -0 0 -1
vn -0 0 -1
vn -0 0 -1
vn -0 0 -1
vn -0 0 -1
vn -0 0 -1
vn -0 0 -1
vn -1 0 0
vn -1 0 0
vn -0.982910156 0.183349609 0
vn -0.982910156 0.183349609 0
vn -0.982910156 0.183349609 0
vn -0.982910156 0.183349609 0
vn -0.895019531 -0.446289062 0
vn -0.895019531 -0.446289062 0
vn -0.895019531 -0.446289062 0
vn -0.895019531 -0.446289062 0
vn -0.864746094 0.501953125 0
vn -0.864746094 0.501953125 0
vn -0.256591797 0.966308594 0
vn -0.256591797 0.966308594 0
vn 0.256591797 0.966308594 0
vn 0.256591797 0.966308594 0
vn 0.864746094 0.501953125 0
vn 0.864746094 0.501953125 0
vn 0.895019531 -0.446289062 -1.78813934E-07
vn 0.895019531 -0.446289062 -1.78813934E-07
vn 0.895019531 -0.446289062 -1.78813934E-07
vn 0.895019531 -0.446289062 -1.78813934E-07
vn 0.982910156 0.183349609 0
vn 0.982910156 0.183349609 0
vn 0.982910156 0.183349609 0
vn 0.982910156 0.183349609 0
vn 1 0 0
vn 1 0 0
vn -0 0 1
vn -0 0 1
vn -0 0 1
vn -0 0 1
vn -0 0 1
vn -0 0 1
vn -0 0 1
vn -0 0 1
vn -0 0 1
vn -0 0 1
vn -0 0 1
vn -0 0 1
vn -0 0 1
vn -0 0 1
vn -0 0 -1
vn -0 0 -1
vn -0 0 -1
vn -0 0 -1
vn -0 0 -1
vn -0 0 -1
vn -0 0 -1
vn -0 0 -1
vn -0 0 -1
vn -0 0 -1
vn -0 0 -1
vn -0 0 -1
vn -0 0 -1
vn -0 0 -1
vn -1 0 0
vn -1 0 0
vn -0.982910156 0.183349609 0
vn -0.982910156 0.183349609 0
vn -0.982910156 0.183349609 0
vn -0.982910156 0.183349609 0
vn -0.895019531 -0.446289062 0
vn -0.895019531 -0.446289062 0
vn -0.895019531 -0.446289062 0
vn -0.895019531 -0.446289062 0
vn -0.864746094 0.501953125 2.98023224E-07
vn -0.864746094 0.501953125 2.98023224E-07
vn -0.256591797 0.966308594 5.36441803E-07
vn -0.256591797 0.966308594 5.36441803E-07
vn 0.256591797 0.966308594 4.76837158E-07
vn 0.256591797 0.966308594 4.76837158E-07
vn 0.864746094 0.501953125 2.38418579E-07
vn 0.864746094 0.501953125 2.38418579E-07
vn 0.895019531 -0.446289062 0
vn 0.895019531 -0.446289062 0
vn 0.895019531 -0.446289062 0
vn 0.895019531 -0.446289062 0
vn 0.982910156 0.183349609 0
vn 0.982910156 0.183349609 0
vn 0.982910156 0.183349609 0
vn 0.982910156 0.183349609 0
vn 1 0 0
vn 1 0 0
vn -0 0 1
vn -0 0 1
vn -0 0 1
vn -0 0 1
vn -0 0 1
vn -0 0 1
vn -0 0 1
vn -0 0 1
vn -0 0 1
vn -0 0 1
vn -0 0 1
vn -0 0 1
vn -0 0 1
vn -0 0 1
vn -0 0 -1
vn -0 0 -1
vn -0 0 -1
vn -0 0 -1
vn -0 0 -1
vn -0 0 -1
vn -0 0 -1
vn -0 0 -1
vn -0 0 -1
vn -0 0 -1
vn -0 0 -1
vn -0 0 -1
vn -0 0 -1
vn -0 0 -1
vn -1 0 0
vn -1 0 0
vn -0.982910156 0.183349609 0
vn -0.982910156 0.183349609 0
vn -0.982910156 0.183349609 0
vn -0.982910156 0.183349609 0
vn -0.895019531 -0.446289062 0
vn -0.895019531 -0.446289062 0
vn -0.895019531 -0.446289062 0
vn -0.895019531 -0.446289062 0
vn -0.864746094 0.501953125 0
vn -0.864746094 0.501953125 0
vn -0.256591797 0.966308594 0
vn -0.256591797 0.966308594 0
vn 0.256591797 0.966308594 0
vn 0.256591797 0.966308594 0
vn 0.864746094 0.501953125 0
vn 0.864746094 0.501953125 0
vn 0.895019531 -0.446289062 -1.78813934E-07
vn 0.895019531 -0.446289062 -1.78813934E-07
vn 0.895019531 -0.446289062 -1.78813934E-07
vn 0.895019531 -0.446289062 -1.78813934E-07
vn 0.982910156 0.183349609 0
vn 0.982910156 0.183349609 0
vn 0.982910156 0.183349609 0
vn 0.982910156 0.183349609 0
vn 1 0 0
vn 1 0 0
vn -0 0 1
vn -0 0 1
vn -0 0 1
vn -0 0 1
vn -0 0 1
vn -0 0 1
vn -0 0 1
vn -0 0 1
vn -0 0 1
vn -0 0 1
vn -0 0 1
vn -0 0 1
vn -0 0 1
vn -0 0 1
vn -0 0 -1
vn -0 0 -1
vn -0 0 -1
vn -0 0 -1
vn -0 0 -1
vn -0 0 -1
vn -0 0 -1
vn -0 0 -1
vn -0 0 -1
vn -0 0 -1
vn -0 0 -1
vn -0 0 -1
vn -0 0 -1
vn -0 0 -1
vn -1 0 0
vn -1 0 0
vn -0.982910156 0.183349609 0
vn -0.982910156 0.183349609 0
vn -0.982910156 0.183349609 0
vn -0.982910156 0.183349609 0
vn -0.895019531 -0.446289062 0
vn -0.895019531 -0.446289062 0
vn -0.895019531 -0.446289062 0
vn -0.895019531 -0.446289062 0
vn -0.864746094 0.501953125 2.98023224E-07
vn -0.864746094 0.501953125 2.98023224E-07
vn -0.256591797 0.966308594 5.36441803E-07
vn -0.256591797 0.966308594 5.36441803E-07
vn 0.256591797 0.966308594 4.76837158E-07
vn 0.256591797 0.966308594 4.76837158E-07
vn 0.864746094 0.501953125 2.38418579E-07
vn 0.864746094 0.501953125 2.38418579E-07
vn 0.895019531 -0.446289062 0
vn 0.895019531 -0.446289062 0
vn 0.895019531 -0.446289062 0
vn 0.895019531 -0.446289062 0
vn 0.982910156 0.183349609 0
vn 0.982910156 0.183349609 0
vn 0.982910156 0.183349609 0
vn 0.982910156 0.183349609 0
vn 1 0 0
vn 1 0 0
vn -0 0 1
vn -0 0 1
vn -0 0 1
vn -0 0 1
vn -0 0 1
vn -0 0 1
vn -0 0 1
vn -0 0 1
vn -0 0 1
vn -0 0 1
vn -0 0 1
vn -0 0 1
vn -0 0 1
vn -0 0 1
vn -0 0 -1
vn -0 0 -1
vn -0 0 -1
vn -0 0 -1
vn -0 0 -1
vn -0 0 -1
vn -0 0 -1
vn -0 0 -1
vn -0 0 -1
vn -0 0 -1
vn -0 0 -1
vn -0 0 -1
vn -0 0 -1
vn -0 0 -1
vn -0 0 1
vn -0 0 1
vn -0 0.183349609 0.982910156
vn -0 0.183349609 0.982910156
vn -0 0.183349609 0.982910156
vn -0 0.183349609 0.982910156
vn -0 -0.446289062 0.895019531
vn -0 -0.446289062 0.895019531
vn -0 -0.446289062 0.895019531
vn -0 -0.446289062 0.895019531
vn -0 0.501953125 0.864746094
vn -0 0.501953125 0.864746094
vn -0 0.966308594 0.256591797
vn -0 0.966308594 0.256591797
vn -0 0.966308594 -0.256591797
vn -0 0.966308594 -0.256591797
vn -0 0.501953125 -0.864746094
vn -0 0.501953125 -0.864746094
vn -0 -0.446289062 -0.895019531
vn -0 -0.446289062 -0.895019531
vn -0 -0.446289062 -0.895019531
vn -0 -0.446289062 -0.895019531
vn -0 0.183349609 -0.982910156
vn -0 0.183349609 -0.982910156
vn -0 0.183349609 -0.982910156
vn -0 0.183349609 -0.982910156
vn -0 0 -1
vn -0 0 -1
vn 1 0 0
vn 1 0 0
vn 1 0 0
vn 1 0 0
vn 1 -7.15255737E-07 0
vn 1 -7.15255737E-07 0
vn 1 -5.96046448E-07 0
vn 1 -5.96046448E-07 0
vn 1 0 0
vn 1 0 0
vn 1 0 0
vn 1 0 0
vn 1 0 0
vn 1 0 0
vn -1 0 0
vn -1 0 0
vn -1 0 0
vn -1 0 0
vn -1 0 0
vn -1 0 0
vn -1 5.96046448E-07 0
vn -1 5.96046448E-07 0
vn -1 7.15255737E-07 0
vn -1 7.15255737E-07 0
vn -1 0 0
vn -1 0 0
vn -1 0 0
vn -1 0 0
vn 1 0 0
vn 1 0 -1.07288361E-06
vn 0.968261719 0.249511719 -8.94069672E-07
vn 0.968261719 0.249511719 0
vn 1 0 4.76837158E-07
vn 0.968261719 0.249511719 5.36441803E-07
vn 0.968261719 0.249511719 -6.55651093E-07
vn 0.968261719 0.249511719 5.36441803E-07
vn 0.968261719 0.249511719 -1.78813934E-07
vn 0.926757812 -0.375488281 -4.76837158E-07
vn 0.926757812 -0.375488281 4.17232513E-07
vn 0.926757812 -0.375488281 -2.98023224E-07
vn 0.926757812 -0.375488281 -1.78813934E-07
vn 0.926757812 -0.375488281 4.17232513E-07
vn 0.926757812 -0.375488281 -1.78813934E-07
vn 0.898925781 0.437988281 -1.78813934E-07
vn 0.898925781 0.437988281 5.36441803E-07
vn 0.898925781 0.437988281 0
vn 0.325927734 0.9453125 0
vn 0.325927734 0.9453125 2.98023224E-07
vn 0.325927734 0.9453125 1.1920929E-07
vn -0.325927734 0.9453125 1.78813934E-07
vn -0.325927734 0.9453125 0
vn -0.325927734 0.9453125 1.78813934E-07
vn -0.898925781 0.437988281 1.1920929E-07
vn -0.898925781 0.437988281 -3.57627869E-07
vn -0.898925781 0.437988281 1.1920929E-07
vn -0.926757812 -0.375488281 0
vn -0.926757812 -0.375488281 -5.36441803E-07
vn -0.926757812 -0.375488281 0
vn -0.926757812 -0.375488281 0
vn -0.926757812 -0.375488281 -5.36441803E-07
vn -0.926757812 -0.375488281 0
vn -0.968261719 0.249389648 0
vn -0.968261719 0.249389648 -4.17232513E-07
vn -0.968261719 0.249389648 0
vn -0.968261719 0.249389648 -2.98023224E-07
vn -0.968261719 0.249389648 -4.17232513E-07
vn -0.968261719 0.249389648 -1.1920929E-07
vn -1 0 -4.76837158E-07
vn -1 0 -4.76837158E-07
vn -1 0 -2.38418579E-07
vn 1 0 4.76837158E-07
vn 1 0 4.76837158E-07
vn 0.968261719 0.249511719 5.36441803E-07
vn 0.968261719 0.249511719 5.36441803E-07
vn 1 0 1.01327896E-06
vn 0.968261719 0.249511719 7.74860382E-07
vn 0.968261719 0.249511719 5.36441803E-07
vn 0.968261719 0.249511719 2.38418579E-07
vn 0.968261719 0.249511719 5.36441803E-07
vn 0.926757812 -0.375488281 4.17232513E-07
vn 0.926757812 -0.375488281 -1.1920929E-07
vn 0.926757812 -0.375488281 3.57627869E-07
vn 0.926757812 -0.375488281 4.17232513E-07
vn 0.926757812 -0.375488281 -1.1920929E-07
vn 0.926757812 -0.375488281 3.57627869E-07
vn 0.898925781 0.437988281 5.36441803E-07
vn 0.898925781 0.437988281 1.1920929E-07
vn 0.898925781 0.437988281 4.76837158E-07
vn 0.325927734 0.9453125 2.98023224E-07
vn 0.325927734 0.9453125 2.38418579E-07
vn 0.325927734 0.9453125 2.98023224E-07
vn -0.325927734 0.9453125 0
vn -0.325927734 0.9453125 1.78813934E-07
vn -0.325927734 0.9453125 0
vn -0.898925781 0.437988281 -3.57627869E-07
vn -0.898925781 0.437988281 1.1920929E-07
vn -0.898925781 0.437988281 -3.57627869E-07
vn -0.926757812 -0.375488281 -5.36441803E-07
vn -0.926757812 -0.375488281 0
vn -0.926757812 -0.375488281 -5.36441803E-07
vn -0.926757812 -0.375488281 -5.36441803E-07
vn -0.926757812 -0.375488281 0
vn -0.926757812 -0.375488281 -5.36441803E-07
vn -0.968261719 0.249389648 -4.17232513E-07
vn -0.968261719 0.249389648 0
vn -0.968261719 0.249389648 -4.17232513E-07
vn -0.968261719 0.249389648 -4.17232513E-07
vn -0.968261719 0.249389648 0
vn -0.968261719 0.249389648 -4.17232513E-07
vn -1 0 -4.76837158E-07
vn -1 0 0
vn -1 0 -4.76837158E-07
vn 1 0 5.96046448E-07
vn 1 0 7.74860382E-07
vn 0.968261719 0.249511719 7.74860382E-07
vn 0.968261719 0.249511719 6.55651093E-07
vn 1 0 2.38418579E-07
vn 0.968261719 0.249511719 2.98023224E-07
vn 0.968261719 0.249511719 7.74860382E-07
vn 0.968261719 0.249511719 4.76837158E-07
vn 0.968261719 0.249511719 6.55651093E-07
vn 0.926757812 -0.375488281 6.55651093E-07
vn 0.926757812 -0.375488281 3.57627869E-07
vn 0.926757812 -0.375488281 4.76837158E-07
vn 0.926757812 -0.375488281 6.55651093E-07
vn 0.926757812 -0.375488281 3.57627869E-07
vn 0.926757812 -0.375488281 2.98023224E-07
vn 0.898925781 0.437988281 7.15255737E-07
vn 0.898925781 0.437988281 5.36441803E-07
vn 0.898925781 0.437988281 4.17232513E-07
vn 0.325927734 0.9453125 3.57627869E-07
vn 0.325927734 0.9453125 2.98023224E-07
vn 0.325927734 0.9453125 2.98023224E-07
vn -0.325927734 0.9453125 -1.1920929E-07
vn -0.325927734 0.9453125 0
vn -0.325927734 0.9453125 0
vn -0.898925781 0.437988281 -5.96046448E-07
vn -0.898925781 0.437988281 -3.57627869E-07
vn -0.898925781 0.437988281 -4.76837158E-07
vn -0.926757812 -0.375488281 -7.74860382E-07
vn -0.926757812 -0.375488281 -5.36441803E-07
vn -0.926757812 -0.375488281 -6.55651093E-07
vn -0.926757812 -0.375488281 -7.74860382E-07
vn -0.926757812 -0.375488281 -5.36441803E-07
vn -0.926757812 -0.375488281 -6.55651093E-07
vn -0.968261719 0.249389648 -6.55651093E-07
vn -0.968261719 0.249389648 -4.17232513E-07
vn -0.968261719 0.249389648 -5.36441803E-07
vn -0.968261719 0.249389648 -6.55651093E-07
vn -0.968261719 0.249389648 -4.17232513E-07
vn -0.968261719 0.249389648 -5.36441803E-07
vn -1 0 -7.74860382E-07
vn -1 0 -4.76837158E-07
vn -1 0 -5.96046448E-07
vn 1 0 2.38418579E-07
vn 1 0 2.38418579E-07
vn 0.968261719 0.249511719 2.98023224E-07
vn 0.968261719 0.249511719 2.98023224E-07
vn 1 0 4.76837158E-07
vn 0.968261719 0.249389648 5.36441803E-07
vn 0.968261719 0.249511719 4.76837158E-07
vn 0.968261719 0.249511719 5.36441803E-07
vn 0.968261719 0.249511719 4.76837158E-07
vn 0.926757812 -0.375488281 3.57627869E-07
vn 0.926757812 -0.375488281 3.57627869E-07
vn 0.926757812 -0.375488281 4.17232513E-07
vn 0.926757812 -0.375488281 3.57627869E-07
vn 0.926757812 -0.375488281 3.57627869E-07
vn 0.926757812 -0.375488281 5.96046448E-07
vn 0.898925781 0.437988281 5.36441803E-07
vn 0.898925781 0.437988281 5.36441803E-07
vn 0.898925781 0.437988281 7.15255737E-07
vn 0.325927734 0.9453125 2.98023224E-07
vn 0.325927734 0.9453125 2.98023224E-07
vn 0.325927734 0.9453125 3.57627869E-07
vn -0.325927734 0.9453125 0
vn -0.325927734 0.9453125 0
vn -0.325927734 0.9453125 0
vn -0.898925781 0.437988281 -3.57627869E-07
vn -0.898925781 0.437988281 -3.57627869E-07
vn -0.898925781 0.437988281 -3.57627869E-07
vn -0.926757812 -0.375488281 -5.36441803E-07
vn -0.926757812 -0.375488281 -5.36441803E-07
vn -0.926757812 -0.375488281 -5.36441803E-07
vn -0.926757812 -0.375488281 -5.36441803E-07
vn -0.926757812 -0.375488281 -5.36441803E-07
vn -0.926757812 -0.375488281 -5.36441803E-07
vn -0.968261719 0.249389648 -4.17232513E-07
vn -0.968261719 0.249389648 -4.17232513E-07
vn -0.968261719 0.249389648 -4.17232513E-07
vn -0.968261719 0.249389648 -4.17232513E-07
vn -0.968261719 0.249389648 -4.17232513E-07
vn -0.968261719 0.249389648 -4.17232513E-07
vn -1 0 -4.76837158E-07
vn -1 0 -4.76837158E-07
vn -1 0 -4.76837158E-07
vn 1 0 4.76837158E-07
vn 1 0 4.76837158E-07
vn 0.968261719 0.249511719 5.36441803E-07
vn 0.968261719 0.249511719 5.36441803E-07
vn 1 0 4.76837158E-07
vn 0.968261719 0.249511719 5.36441803E-07
vn 0.968261719 0.249511719 5.36441803E-07
vn 0.968261719 0.249511719 5.36441803E-07
vn 0.968261719 0.249511719 5.36441803E-07
vn 0.926757812 -0.375488281 3.57627869E-07
vn 0.926757812 -0.375488281 4.17232513E-07
vn 0.926757812 -0.375488281 4.17232513E-07
vn 0.926757812 -0.375488281 3.57627869E-07
vn 0.926757812 -0.375488281 4.17232513E-07
vn 0.926757812 -0.375488281 4.17232513E-07
vn 0.898925781 0.437988281 5.36441803E-07
vn 0.898925781 0.437988281 4.76837158E-07
vn 0.898925781 0.437988281 5.36441803E-07
vn 0.325927734 0.9453125 2.98023224E-07
vn 0.325927734 0.9453125 2.98023224E-07
vn 0.325927734 0.9453125 2.98023224E-07
vn -0.325927734 0.9453125 0
vn -0.325927734 0.9453125 0
vn -0.325927734 0.9453125 0
vn -0.898925781 0.437988281 -3.57627869E-07
vn -0.898925781 0.437988281 -3.57627869E-07
vn -0.898925781 0.437988281 -3.57627869E-07
vn -0.926757812 -0.375488281 -5.36441803E-07
vn -0.926757812 -0.375488281 -5.36441803E-07
vn -0.926757812 -0.375488281 -5.36441803E-07
vn -0.926757812 -0.375488281 -5.36441803E-07
vn -0.926757812 -0.375488281 -5.36441803E-07
vn -0.926757812 -0.375488281 -5.36441803E-07
vn -0.968261719 0.249389648 -4.17232513E-07
vn -0.968261719 0.249389648 -4.17232513E-07
vn -0.968261719 0.249389648 -4.17232513E-07
vn -0.968261719 0.249389648 -4.17232513E-07
vn -0.968261719 0.249389648 -4.17232513E-07
vn -0.968261719 0.249389648 -4.17232513E-07
vn -1 0 -4.76837158E-07
vn -1 0 -4.76837158E-07
vn -1 0 -4.76837158E-07
vn 1 0 2.38418579E-07
vn 1 0 4.76837158E-07
vn 0.968261719 0.249511719 4.17232513E-07
vn 0.968261719 0.249511719 2.38418579E-07
vn 1 0 2.38418579E-07
vn 0.968261719 0.249511719 2.98023224E-07
vn 0.968261719 0.249511719 1.1920929E-07
vn 0.968261719 0.249511719 4.76837158E-07
vn 0.968261719 0.249511719 2.38418579E-07
vn 0.926757812 -0.375488281 0
vn 0.926757812 -0.375488281 3.57627869E-07
vn 0.926757812 -0.375488281 1.1920929E-07
vn 0.926757812 -0.375488281 2.98023224E-07
vn 0.926757812 -0.375488281 1.78813934E-07
vn 0.926757812 -0.375488281 1.1920929E-07
vn 0.898925781 0.437988281 5.36441803E-07
vn 0.898925781 0.437988281 2.98023224E-07
vn 0.898925781 0.437988281 2.98023224E-07
vn 0.325927734 0.9453125 3.57627869E-07
vn 0.325927734 0.9453125 2.98023224E-07
vn 0.325927734 0.9453125 2.38418579E-07
vn -0.325927734 0.9453125 0
vn -0.325927734 0.9453125 0
vn -0.325927734 0.9453125 0
vn -0.898925781 0.437988281 -7.15255737E-07
vn -0.898925781 0.437988281 -1.78813934E-07
vn -0.898925781 0.437988281 -5.36441803E-07
vn -0.926757812 -0.375488281 -8.94069672E-07
vn -0.926757812 -0.375488281 -2.38418579E-07
vn -0.926757812 -0.375488281 -7.15255737E-07
vn -0.926757812 -0.375488281 -5.96046448E-07
vn -0.926757812 -0.375488281 -2.38418579E-07
vn -0.926757812 -0.375488281 -5.36441803E-07
vn -0.968261719 0.249389648 -4.17232513E-07
vn -0.968261719 0.249389648 -1.78813934E-07
vn -0.968261719 0.249389648 -3.57627869E-07
vn -0.968261719 0.249389648 -4.17232513E-07
vn -0.968261719 0.249389648 -1.78813934E-07
vn -0.968261719 0.249389648 -2.38418579E-07
vn -1 0 -4.76837158E-07
vn -1 0 -2.38418579E-07
vn -1 0 -2.38418579E-07
vn 1 0 4.76837158E-07
vn 1 0 2.38418579E-07
vn 0.968261719 0.249511719 2.98023224E-07
vn 0.968261719 0.249511719 5.36441803E-07
vn 1 0 4.76837158E-07
vn 0.968261719 0.249511719 5.36441803E-07
vn 0.968261719 0.249511719 4.76837158E-07
vn 0.968261719 0.249511719 5.36441803E-07
vn 0.968261719 0.249511719 5.36441803E-07
vn 0.926757812 -0.375488281 3.57627869E-07
vn 0.926757812 -0.375488281 4.17232513E-07
vn 0.926757812 -0.375488281 4.17232513E-07
vn 0.926757812 -0.375488281 1.78813934E-07
vn 0.926757812 -0.375488281 4.17232513E-07
vn 0.926757812 -0.375488281 4.17232513E-07
vn 0.898925781 0.437988281 2.98023224E-07
vn 0.898925781 0.437988281 4.76837158E-07
vn 0.898925781 0.437988281 5.36441803E-07
vn 0.325927734 0.9453125 2.98023224E-07
vn 0.325927734 0.9453125 2.98023224E-07
vn 0.325927734 0.9453125 3.57627869E-07
vn -0.325927734 0.9453125 0
vn -0.325927734 0.9453125 0
vn -0.325927734 0.9453125 0
vn -0.898925781 0.437988281 -1.78813934E-07
vn -0.898925781 0.437988281 -1.78813934E-07
vn -0.898925781 0.437988281 0
vn -0.926757812 -0.375488281 -2.38418579E-07
vn -0.926757812 -0.375488281 -2.38418579E-07
vn -0.926757812 -0.375488281 -1.1920929E-07
vn -0.926757812 -0.375488281 -2.38418579E-07
vn -0.926757812 -0.375488281 -2.38418579E-07
vn -0.926757812 -0.375488281 -1.1920929E-07
vn -0.968261719 0.249389648 -1.78813934E-07
vn -0.968261719 0.249389648 -2.98023224E-07
vn -0.968261719 0.249389648 -1.78813934E-07
vn -0.968261719 0.249389648 -1.78813934E-07
vn -0.968261719 0.249389648 -5.96046448E-07
vn -0.968261719 0.249389648 -4.17232513E-07
vn -1 0 -2.38418579E-07
vn -1 0 -7.74860382E-07
vn -1 0 -5.96046448E-07
vn 1 0 3.57627869E-07
vn 1 0 3.57627869E-07
vn 0.968261719 0.249511719 3.57627869E-07
vn 0.968261719 0.249511719 3.57627869E-07
vn 1 0 4.17232513E-07
vn 0.968261719 0.249511719 4.17232513E-07
vn 0.968261719 0.249511719 3.57627869E-07
vn 0.968261719 0.249511719 4.17232513E-07
vn 0.968261719 0.249511719 3.57627869E-07
vn 0.926757812 -0.375488281 2.38418579E-07
vn 0.926757812 -0.375488281 2.98023224E-07
vn 0.926757812 -0.375488281 2.38418579E-07
vn 0.926757812 -0.375488281 2.38418579E-07
vn 0.926757812 -0.375488281 2.98023224E-07
vn 0.926757812 -0.375488281 2.38418579E-07
vn 0.898925781 0.437988281 3.57627869E-07
vn 0.898925781 0.437988281 4.17232513E-07
vn 0.898925781 0.437988281 4.17232513E-07
vn 0.325927734 0.9453125 2.38418579E-07
vn 0.325927734 0.9453125 2.98023224E-07
vn 0.325927734 0.9453125 2.98023224E-07
vn -0.325927734 0.9453125 0
vn -0.325927734 0.9453125 0
vn -0.325927734 0.9453125 0
vn -0.898925781 0.437988281 -2.38418579E-07
vn -0.898925781 0.437988281 -3.57627869E-07
vn -0.898925781 0.437988281 -2.98023224E-07
vn -0.926757812 -0.375488281 -4.17232513E-07
vn -0.926757812 -0.375488281 -5.36441803E-07
vn -0.926757812 -0.375488281 -4.76837158E-07
vn -0.926757812 -0.375488281 -4.17232513E-07
vn -0.926757812 -0.375488281 -5.36441803E-07
vn -0.926757812 -0.375488281 -4.76837158E-07
vn -0.968261719 0.249389648 -2.98023224E-07
vn -0.968261719 0.249389648 -4.17232513E-07
vn -0.968261719 0.249389648 -3.57627869E-07
vn -0.968261719 0.249389648 -2.98023224E-07
vn -0.968261719 0.249389648 -4.17232513E-07
vn -0.968261719 0.249389648 -3.57627869E-07
vn -1 0 -3.57627869E-07
vn -1 0 -4.76837158E-07
vn -1 0 -4.17232513E-07
vn 1 0 4.76837158E-07
vn 1 0 4.17232513E-07
vn 0.968261719 0.249511719 4.17232513E-07
vn 0.968261719 0.249511719 5.36441803E-07
vn 1 0 4.76837158E-07
vn 0.968261719 0.249511719 5.36441803E-07
vn 0.968261719 0.249511719 4.17232513E-07
vn 0.968261719 0.249511719 5.36441803E-07
vn 0.968261719 0.249511719 5.36441803E-07
vn 0.926757812 -0.375488281 2.98023224E-07
vn 0.926757812 -0.375488281 4.17232513E-07
vn 0.926757812 -0.375488281 4.17232513E-07
vn 0.926757812 -0.375488281 2.98023224E-07
vn 0.926757812 -0.375488281 4.76837158E-07
vn 0.926757812 -0.375488281 4.17232513E-07
vn 0.898925781 0.437988281 4.17232513E-07
vn 0.898925781 0.437988281 6.55651093E-07
vn 0.898925781 0.437988281 5.96046448E-07
vn 0.325927734 0.9453125 2.98023224E-07
vn 0.325927734 0.9453125 4.17232513E-07
vn 0.325927734 0.9453125 3.57627869E-07
vn -0.325927734 0.9453125 0
vn -0.325927734 0.9453125 0
vn -0.325927734 0.9453125 0
vn -0.898925781 0.437988281 -3.57627869E-07
vn -0.898925781 0.437988281 -3.57627869E-07
vn -0.898925781 0.437988281 -3.57627869E-07
vn -0.926757812 -0.375488281 -5.36441803E-07
vn -0.926757812 -0.375488281 -4.76837158E-07
vn -0.926757812 -0.375488281 -5.36441803E-07
vn -0.926757812 -0.375488281 -5.36441803E-07
vn -0.926757812 -0.375488281 -4.76837158E-07
vn -0.926757812 -0.375488281 -5.36441803E-07
vn -0.968261719 0.249389648 -4.17232513E-07
vn -0.968261719 0.249389648 -4.17232513E-07
vn -0.968261719 0.249389648 -4.17232513E-07
vn -0.968261719 0.249389648 -4.17232513E-07
vn -0.968261719 0.249389648 -3.57627869E-07
vn -0.968261719 0.249389648 -3.57627869E-07
vn -1 0 -4.76837158E-07
vn -1 0 -3.57627869E-07
vn -1 0 -4.17232513E-07
vn -1 0 0
vn -1 0 0
vn -1 0 0
vn -1 0 0
vn -1 0 0
vn -1 0 0
vn -1 -2.38418579E-07 9.53674316E-07
vn -1 -2.38418579E-07 9.53674316E-07
vn -1 -2.20537186E-06 1.96695328E-06
vn -1 -2.20537186E-06 1.96695328E-06
vn -1 0 7.15255737E-07
vn -1 0 7.15255737E-07
vn -1 2.14576721E-06 0
vn -1 2.14576721E-06 0
vn 4.76837158E-07 1.07288361E-06 1
vn -0 0.249511719 0.968261719
vn 1.1920929E-07 5.36441803E-07 1
vn 3.57627869E-07 0.249511719 0.968261719
vn 2.98023224E-07 0.249511719 0.968261719
vn 1.1920929E-07 0.249511719 0.968261719
vn 1.78813934E-07 -0.375488281 0.926757812
vn 4.17232513E-07 -0.375488281 0.926757812
vn 1.1920929E-07 -0.375488281 0.926757812
vn 5.96046448E-07 -0.375488281 0.926757812
vn -0 0.437988281 0.898925781
vn 4.17232513E-07 0.437988281 0.898925781
vn -0 0.9453125 0.325927734
vn -0 0.9453125 0.325927734
vn -1.78813934E-07 0.9453125 -0.325927734
vn -2.38418579E-07 0.9453125 -0.325927734
vn -2.38418579E-07 0.437988281 -0.898925781
vn -3.57627869E-07 0.437988281 -0.898925781
vn -1.1920929E-07 -0.375488281 -0.926757812
vn -2.38418579E-07 -0.375488281 -0.926757812
vn -1.1920929E-07 -0.375488281 -0.926757812
vn -2.38418579E-07 -0.375488281 -0.926757812
vn -2.38418579E-07 0.249389648 -0.968261719
vn -3.57627869E-07 0.249389648 -0.968261719
vn -1.78813934E-07 0.249389648 -0.968261719
vn -2.98023224E-07 0.249389648 -0.968261719
vn -1.78813934E-07 -1.07288361E-06 -1
vn -1.1920929E-07 -1.54972076E-06 -1
vn 1 0 0
vn 1 0 0
vn 1 0 0
vn 1 0 0
vn 1 0 0
vn 1 0 0
vn 1 -5.96046448E-07 1.78813934E-06
vn 1 -5.96046448E-07 1.78813934E-06
vn 1 -4.529953E-06 3.87430191E-06
vn 1 -4.529953E-06 3.87430191E-06
vn 1 2.20537186E-06 1.31130219E-06
vn 1 2.20537186E-06 1.31130219E-06
vn 1 8.34465027E-06 0
vn 1 8.34465027E-06 0
vn -0 0.249511719 0.968261719
vn -2.38418579E-07 0 1
vn 1.1920929E-07 5.36441803E-07 1
vn -1.78813934E-07 0.249511719 0.968261719
vn -0 0.249511719 0.968261719
vn 1.1920929E-07 0.249511719 0.968261719
vn 1.78813934E-07 -0.375488281 0.926757812
vn -0 -0.375488281 0.926757812
vn 1.1920929E-07 -0.375488281 0.926757812
vn -3.57627869E-07 -0.375488281 0.926757812
vn -0 0.437988281 0.898925781
vn -4.17232513E-07 0.437988281 0.898925781
vn -0 0.9453125 0.325927734
vn -1.78813934E-07 0.9453125 0.325927734
vn -1.78813934E-07 0.9453125 -0.325927734
vn -0 0.9453125 -0.325927734
vn -2.38418579E-07 0.437988281 -0.898925781
vn -0 0.437988281 -0.898925781
vn -1.1920929E-07 -0.375488281 -0.926757812
vn -0 -0.375488281 -0.926757812
vn -1.1920929E-07 -0.375488281 -0.926757812
vn -0 -0.375488281 -0.926757812
vn -2.38418579E-07 0.249389648 -0.968261719
vn -0 0.249389648 -0.968261719
vn -1.78813934E-07 0.249389648 -0.968261719
vn -0 0.249389648 -0.968261719
vn -0 -2.08616257E-06 -1
vn -1.1920929E-07 -1.54972076E-06 -1
vn 0.954101562 0.300292969 0
vn 0.591308594 0.806152344 1.1920929E-07
vn 0.954101562 0.300292969 0
vn 0.591308594 0.806152344 1.1920929E-07
vn -0.591308594 0.806152344 1.78813934E-07
vn -0.591308594 0.806152344 1.78813934E-07
vn -0.954101562 0.300292969 0
vn -0.954101562 0.300292969 0
vn -0.591308594 0.806152344 4.17232513E-07
vn -0.954101562 0.300292969 4.76837158E-07
vn -0.954101562 0.300292969 2.98023224E-07
vn -0.591308594 0.806152344 2.98023224E-07
vn -0 1 1.78813934E-07
vn -0 1 1.78813934E-07
vn -0 1 1.78813934E-07
vn -0.591308594 0.806152344 1.78813934E-07
vn -0 1 1.78813934E-07
vn -0.591308594 0.806152344 2.98023224E-07
vn -0.954101562 0.300292969 2.98023224E-07
vn -0.954101562 0.300292969 0
vn 0.954101562 0.300292969 -1.78813934E-07
vn 0.591308594 0.806152344 0
vn 0.954101562 0.300292969 0
vn 0.591308594 0.806152344 0
vn -0 1 1.78813934E-07
vn -0 1 1.78813934E-07
vn 0.954101562 0.300292969 0
vn 0.954101562 0.300292969 0
vn 0.591308594 0.806152344 0
vn 0.591308594 0.806152344 1.1920929E-07
vn -0 1 1.78813934E-07
vn -0 1 1.78813934E-07
vn 0.954101562 0.300292969 0
vn 0.591308594 0.806152344 1.1920929E-07
vn 0.954101562 0.300292969 0
vn 0.591308594 0.806152344 1.1920929E-07
vn -0 1 1.78813934E-07
vn -0 1 1.78813934E-07
vn 0.954101562 0.300292969 0
vn 0.954101562 0.300292969 0
vn 0.591308594 0.806152344 1.1920929E-07
vn 0.591308594 0.806152344 1.1920929E-07
vn -0 1 1.78813934E-07
vn -0 1 1.78813934E-07
g A_build_bridge02_b_0
f 3/3/3 2/2/2 1/1/1
f 4/4/4 3/3/3 1/1/1
f 1/1/1 5/5/5 4/4/4
f 5/5/5 6/6/6 4/4/4
f 9/9/9 8/8/8 7/7/7
f 8/8/8 10/10/10 7/7/7
f 10/10/10 8/8/8 11/11/11
f 8/8/8 12/12/12 11/11/11
f 15/15/15 14/14/14 13/13/13
f 14/14/14 16/16/16 13/13/13
f 16/16/16 14/14/14 17/17/17
f 18/18/18 16/16/16 17/17/17
f 18/18/18 17/17/17 19/19/19
f 20/20/20 18/18/18 19/19/19
f 16/16/16 18/18/18 21/21/21
f 18/18/18 22/22/22 21/21/21
f 25/25/25 24/24/24 23/23/23
f 24/24/24 26/26/26 23/23/23
f 26/26/26 24/24/24 27/27/27
f 28/28/28 26/26/26 27/27/27
f 28/28/28 27/27/27 29/29/29
f 30/30/30 28/28/28 29/29/29
f 26/26/26 28/28/28 31/31/31
f 32/32/32 26/26/26 31/31/31
f 35/35/35 34/34/34 33/33/33
f 34/34/34 36/36/36 33/33/33
f 38/38/38 37/37/37 36/36/36
f 37/37/37 39/39/39 36/36/36
f 39/39/39 41/41/41 40/40/40
f 42/42/42 39/39/39 40/40/40
f 42/42/42 44/44/44 43/43/43
f 45/45/45 42/42/42 43/43/43
f 48/48/48 47/47/47 46/46/46
f 49/49/49 48/48/48 46/46/46
f 52/52/52 51/51/51 50/50/50
f 53/53/53 52/52/52 50/50/50
f 56/56/56 55/55/55 54/54/54
f 57/57/57 56/56/56 54/54/54
f 60/60/60 59/59/59 58/58/58
f 61/61/61 60/60/60 58/58/58
f 64/64/64 63/63/63 62/62/62
f 65/65/65 64/64/64 62/62/62
f 68/68/68 67/67/67 66/66/66
f 69/69/69 68/68/68 66/66/66
f 72/72/72 71/71/71 70/70/70
f 73/73/73 72/72/72 70/70/70
f 76/76/76 75/75/75 74/74/74
f 77/77/77 76/76/76 74/74/74
f 80/80/80 79/79/79 78/78/78
f 81/81/81 80/80/80 78/78/78
f 84/84/84 83/83/83 82/82/82
f 85/85/85 84/84/84 82/82/82
f 84/84/84 85/85/85 86/86/86
f 85/85/85 87/87/87 86/86/86
f 87/87/87 88/88/88 86/86/86
f 88/88/88 89/89/89 86/86/86
f 92/92/92 91/91/91 90/90/90
f 93/93/93 92/92/92 90/90/90
f 93/93/93 90/90/90 94/94/94
f 95/95/95 93/93/93 94/94/94
f 92/92/92 93/93/93 96/96/96
f 93/93/93 95/95/95 97/97/97
f 93/93/93 98/98/98 96/96/96
f 98/98/98 93/93/93 97/97/97
f 96/96/96 98/98/98 99/99/99
f 98/98/98 97/97/97 100/100/100
f 98/98/98 101/101/101 99/99/99
f 101/101/101 98/98/98 100/100/100
f 99/99/99 101/101/101 102/102/102
f 101/101/101 100/100/100 103/103/103
f 101/101/101 104/104/104 102/102/102
f 104/104/104 101/101/101 103/103/103
f 102/102/102 104/104/104 105/105/105
f 104/104/104 103/103/103 106/106/106
f 104/104/104 107/107/107 105/105/105
f 107/107/107 104/104/104 106/106/106
f 105/105/105 107/107/107 108/108/108
f 107/107/107 106/106/106 109/109/109
f 107/107/107 110/110/110 108/108/108
f 110/110/110 107/107/107 109/109/109
f 108/108/108 110/110/110 111/111/111
f 110/110/110 109/109/109 112/112/112
f 110/110/110 113/113/113 111/111/111
f 113/113/113 110/110/110 112/112/112
f 111/111/111 113/113/113 114/114/114
f 113/113/113 112/112/112 115/115/115
f 113/113/113 116/116/116 114/114/114
f 116/116/116 113/113/113 115/115/115
f 114/114/114 116/116/116 117/117/117
f 116/116/116 115/115/115 118/118/118
f 116/116/116 119/119/119 117/117/117
f 119/119/119 116/116/116 118/118/118
f 117/117/117 119/119/119 120/120/120
f 119/119/119 118/118/118 121/121/121
f 119/119/119 122/122/122 120/120/120
f 122/122/122 119/119/119 121/121/121
f 120/120/120 122/122/122 123/123/123
f 122/122/122 121/121/121 124/124/124
f 122/122/122 125/125/125 123/123/123
f 125/125/125 122/122/122 124/124/124
f 123/123/123 125/125/125 126/126/126
f 125/125/125 124/124/124 127/127/127
f 125/125/125 128/128/128 126/126/126
f 128/128/128 125/125/125 127/127/127
f 126/126/126 128/128/128 129/129/129
f 128/128/128 127/127/127 130/130/130
f 128/128/128 131/131/131 129/129/129
f 131/131/131 128/128/128 130/130/130
f 134/134/134 133/133/133 132/132/132
f 135/135/135 134/134/134 132/132/132
f 134/134/134 135/135/135 136/136/136
f 137/137/137 134/134/134 136/136/136
f 137/137/137 136/136/136 138/138/138
f 139/139/139 137/137/137 138/138/138
f 139/139/139 138/138/138 140/140/140
f 141/141/141 139/139/139 140/140/140
f 141/141/141 140/140/140 142/142/142
f 143/143/143 141/141/141 142/142/142
f 143/143/143 142/142/142 144/144/144
f 142/142/142 145/145/145 144/144/144
f 145/145/145 146/146/146 144/144/144
f 146/146/146 147/147/147 144/144/144
f 148/148/148 147/147/147 146/146/146
f 149/149/149 148/148/148 146/146/146
f 148/148/148 149/149/149 150/150/150
f 149/149/149 151/151/151 150/150/150
f 150/150/150 151/151/151 152/152/152
f 151/151/151 153/153/153 152/152/152
f 152/152/152 153/153/153 154/154/154
f 153/153/153 155/155/155 154/154/154
f 154/154/154 155/155/155 156/156/156
f 155/155/155 157/157/157 156/156/156
f 156/156/156 157/157/157 158/158/158
f 157/157/157 159/159/159 158/158/158
f 162/162/162 161/161/161 160/160/160
f 161/161/161 163/163/163 160/160/160
f 160/160/160 163/163/163 164/164/164
f 163/163/163 165/165/165 164/164/164
f 164/164/164 165/165/165 166/166/166
f 165/165/165 167/167/167 166/166/166
f 166/166/166 167/167/167 168/168/168
f 167/167/167 169/169/169 168/168/168
f 168/168/168 169/169/169 170/170/170
f 169/169/169 171/171/171 170/170/170
f 170/170/170 171/171/171 172/172/172
f 171/171/171 173/173/173 172/172/172
f 176/176/176 175/175/175 174/174/174
f 175/175/175 177/177/177 174/174/174
f 174/174/174 177/177/177 178/178/178
f 177/177/177 179/179/179 178/178/178
f 178/178/178 179/179/179 180/180/180
f 179/179/179 181/181/181 180/180/180
f 180/180/180 181/181/181 182/182/182
f 181/181/181 183/183/183 182/182/182
f 182/182/182 183/183/183 184/184/184
f 183/183/183 185/185/185 184/184/184
f 184/184/184 185/185/185 186/186/186
f 185/185/185 187/187/187 186/186/186
f 190/190/190 189/189/189 188/188/188
f 189/189/189 191/191/191 188/188/188
f 188/188/188 191/191/191 192/192/192
f 191/191/191 193/193/193 192/192/192
f 194/194/194 192/192/192 193/193/193
f 195/195/195 194/194/194 193/193/193
f 196/196/196 194/194/194 195/195/195
f 197/197/197 196/196/196 195/195/195
f 196/196/196 197/197/197 198/198/198
f 199/199/199 196/196/196 198/198/198
f 200/200/200 199/199/199 198/198/198
f 201/201/201 200/200/200 198/198/198
f 204/204/204 203/203/203 202/202/202
f 203/203/203 205/205/205 202/202/202
f 202/202/202 205/205/205 206/206/206
f 205/205/205 207/207/207 206/206/206
f 206/206/206 207/207/207 208/208/208
f 207/207/207 209/209/209 208/208/208
f 208/208/208 209/209/209 210/210/210
f 209/209/209 211/211/211 210/210/210
f 210/210/210 211/211/211 212/212/212
f 211/211/211 213/213/213 212/212/212
f 212/212/212 213/213/213 214/214/214
f 213/213/213 215/215/215 214/214/214
f 214/214/214 215/215/215 216/216/216
f 215/215/215 217/217/217 216/216/216
f 216/216/216 217/217/217 218/218/218
f 217/217/217 219/219/219 218/218/218
f 218/218/218 219/219/219 220/220/220
f 219/219/219 221/221/221 220/220/220
f 220/220/220 221/221/221 222/222/222
f 221/221/221 223/223/223 222/222/222
f 222/222/222 223/223/223 224/224/224
f 223/223/223 225/225/225 224/224/224
f 224/224/224 225/225/225 226/226/226
f 225/225/225 227/227/227 226/226/226
f 226/226/226 227/227/227 228/228/228
f 229/229/229 226/226/226 228/228/228
f 232/232/232 231/231/231 230/230/230
f 233/233/233 232/232/232 230/230/230
f 232/232/232 233/233/233 234/234/234
f 235/235/235 232/232/232 234/234/234
f 235/235/235 234/234/234 236/236/236
f 237/237/237 235/235/235 236/236/236
f 237/237/237 236/236/236 238/238/238
f 239/239/239 237/237/237 238/238/238
f 239/239/239 238/238/238 240/240/240
f 241/241/241 239/239/239 240/240/240
f 241/241/241 240/240/240 242/242/242
f 240/240/240 243/243/243 242/242/242
f 243/243/243 244/244/244 242/242/242
f 244/244/244 245/245/245 242/242/242
f 246/246/246 245/245/245 244/244/244
f 247/247/247 246/246/246 244/244/244
f 246/246/246 247/247/247 248/248/248
f 247/247/247 249/249/249 248/248/248
f 248/248/248 249/249/249 250/250/250
f 249/249/249 251/251/251 250/250/250
f 250/250/250 251/251/251 252/252/252
f 251/251/251 253/253/253 252/252/252
f 252/252/252 253/253/253 254/254/254
f 253/253/253 255/255/255 254/254/254
f 254/254/254 255/255/255 256/256/256
f 255/255/255 257/257/257 256/256/256
f 260/260/260 259/259/259 258/258/258
f 259/259/259 261/261/261 258/258/258
f 258/258/258 261/261/261 262/262/262
f 261/261/261 263/263/263 262/262/262
f 262/262/262 263/263/263 264/264/264
f 263/263/263 265/265/265 264/264/264
f 264/264/264 265/265/265 266/266/266
f 265/265/265 267/267/267 266/266/266
f 266/266/266 267/267/267 268/268/268
f 267/267/267 269/269/269 268/268/268
f 268/268/268 269/269/269 270/270/270
f 269/269/269 271/271/271 270/270/270
f 274/274/274 273/273/273 272/272/272
f 273/273/273 275/275/275 272/272/272
f 272/272/272 275/275/275 276/276/276
f 275/275/275 277/277/277 276/276/276
f 276/276/276 277/277/277 278/278/278
f 277/277/277 279/279/279 278/278/278
f 278/278/278 279/279/279 280/280/280
f 279/279/279 281/281/281 280/280/280
f 280/280/280 281/281/281 282/282/282
f 281/281/281 283/283/283 282/282/282
f 282/282/282 283/283/283 284/284/284
f 283/283/283 285/285/285 284/284/284
f 288/288/288 287/287/287 286/286/286
f 289/289/289 288/288/288 286/286/286
f 288/288/288 289/289/289 290/290/290
f 291/291/291 288/288/288 290/290/290
f 291/291/291 290/290/290 292/292/292
f 293/293/293 291/291/291 292/292/292
f 293/293/293 292/292/292 294/294/294
f 295/295/295 293/293/293 294/294/294
f 295/295/295 294/294/294 296/296/296
f 297/297/297 295/295/295 296/296/296
f 297/297/297 296/296/296 298/298/298
f 296/296/296 299/299/299 298/298/298
f 299/299/299 300/300/300 298/298/298
f 300/300/300 301/301/301 298/298/298
f 302/302/302 301/301/301 300/300/300
f 303/303/303 302/302/302 300/300/300
f 302/302/302 303/303/303 304/304/304
f 303/303/303 305/305/305 304/304/304
f 304/304/304 305/305/305 306/306/306
f 305/305/305 307/307/307 306/306/306
f 306/306/306 307/307/307 308/308/308
f 307/307/307 309/309/309 308/308/308
f 308/308/308 309/309/309 310/310/310
f 309/309/309 311/311/311 310/310/310
f 310/310/310 311/311/311 312/312/312
f 311/311/311 313/313/313 312/312/312
f 316/316/316 315/315/315 314/314/314
f 315/315/315 317/317/317 314/314/314
f 314/314/314 317/317/317 318/318/318
f 317/317/317 319/319/319 318/318/318
f 318/318/318 319/319/319 320/320/320
f 319/319/319 321/321/321 320/320/320
f 320/320/320 321/321/321 322/322/322
f 321/321/321 323/323/323 322/322/322
f 322/322/322 323/323/323 324/324/324
f 323/323/323 325/325/325 324/324/324
f 324/324/324 325/325/325 326/326/326
f 325/325/325 327/327/327 326/326/326
f 330/330/330 329/329/329 328/328/328
f 329/329/329 331/331/331 328/328/328
f 328/328/328 331/331/331 332/332/332
f 331/331/331 333/333/333 332/332/332
f 332/332/332 333/333/333 334/334/334
f 333/333/333 335/335/335 334/334/334
f 334/334/334 335/335/335 336/336/336
f 335/335/335 337/337/337 336/336/336
f 336/336/336 337/337/337 338/338/338
f 337/337/337 339/339/339 338/338/338
f 338/338/338 339/339/339 340/340/340
f 339/339/339 341/341/341 340/340/340
f 344/344/344 343/343/343 342/342/342
f 345/345/345 344/344/344 342/342/342
f 344/344/344 345/345/345 346/346/346
f 347/347/347 344/344/344 346/346/346
f 347/347/347 346/346/346 348/348/348
f 349/349/349 347/347/347 348/348/348
f 349/349/349 348/348/348 350/350/350
f 351/351/351 349/349/349 350/350/350
f 351/351/351 350/350/350 352/352/352
f 353/353/353 351/351/351 352/352/352
f 353/353/353 352/352/352 354/354/354
f 352/352/352 355/355/355 354/354/354
f 355/355/355 356/356/356 354/354/354
f 356/356/356 357/357/357 354/354/354
f 358/358/358 357/357/357 356/356/356
f 359/359/359 358/358/358 356/356/356
f 358/358/358 359/359/359 360/360/360
f 359/359/359 361/361/361 360/360/360
f 360/360/360 361/361/361 362/362/362
f 361/361/361 363/363/363 362/362/362
f 362/362/362 363/363/363 364/364/364
f 363/363/363 365/365/365 364/364/364
f 364/364/364 365/365/365 366/366/366
f 365/365/365 367/367/367 366/366/366
f 366/366/366 367/367/367 368/368/368
f 367/367/367 369/369/369 368/368/368
f 372/372/372 371/371/371 370/370/370
f 371/371/371 373/373/373 370/370/370
f 370/370/370 373/373/373 374/374/374
f 373/373/373 375/375/375 374/374/374
f 374/374/374 375/375/375 376/376/376
f 375/375/375 377/377/377 376/376/376
f 376/376/376 377/377/377 378/378/378
f 377/377/377 379/379/379 378/378/378
f 378/378/378 379/379/379 380/380/380
f 379/379/379 381/381/381 380/380/380
f 380/380/380 381/381/381 382/382/382
f 381/381/381 383/383/383 382/382/382
f 386/386/386 385/385/385 384/384/384
f 385/385/385 387/387/387 384/384/384
f 384/384/384 387/387/387 388/388/388
f 387/387/387 389/389/389 388/388/388
f 388/388/388 389/389/389 390/390/390
f 389/389/389 391/391/391 390/390/390
f 390/390/390 391/391/391 392/392/392
f 391/391/391 393/393/393 392/392/392
f 392/392/392 393/393/393 394/394/394
f 393/393/393 395/395/395 394/394/394
f 394/394/394 395/395/395 396/396/396
f 395/395/395 397/397/397 396/396/396
f 400/400/400 399/399/399 398/398/398
f 401/401/401 400/400/400 398/398/398
f 400/400/400 401/401/401 402/402/402
f 403/403/403 400/400/400 402/402/402
f 403/403/403 402/402/402 404/404/404
f 405/405/405 403/403/403 404/404/404
f 405/405/405 404/404/404 406/406/406
f 407/407/407 405/405/405 406/406/406
f 407/407/407 406/406/406 408/408/408
f 409/409/409 407/407/407 408/408/408
f 409/409/409 408/408/408 410/410/410
f 408/408/408 411/411/411 410/410/410
f 411/411/411 412/412/412 410/410/410
f 412/412/412 413/413/413 410/410/410
f 414/414/414 413/413/413 412/412/412
f 415/415/415 414/414/414 412/412/412
f 414/414/414 415/415/415 416/416/416
f 415/415/415 417/417/417 416/416/416
f 416/416/416 417/417/417 418/418/418
f 417/417/417 419/419/419 418/418/418
f 418/418/418 419/419/419 420/420/420
f 419/419/419 421/421/421 420/420/420
f 420/420/420 421/421/421 422/422/422
f 421/421/421 423/423/423 422/422/422
f 422/422/422 423/423/423 424/424/424
f 423/423/423 425/425/425 424/424/424
f 428/428/428 427/427/427 426/426/426
f 427/427/427 429/429/429 426/426/426
f 426/426/426 429/429/429 430/430/430
f 429/429/429 431/431/431 430/430/430
f 430/430/430 431/431/431 432/432/432
f 431/431/431 433/433/433 432/432/432
f 432/432/432 433/433/433 434/434/434
f 433/433/433 435/435/435 434/434/434
f 434/434/434 435/435/435 436/436/436
f 435/435/435 437/437/437 436/436/436
f 436/436/436 437/437/437 438/438/438
f 437/437/437 439/439/439 438/438/438
f 442/442/442 441/441/441 440/440/440
f 441/441/441 443/443/443 440/440/440
f 440/440/440 443/443/443 444/444/444
f 443/443/443 445/445/445 444/444/444
f 444/444/444 445/445/445 446/446/446
f 445/445/445 447/447/447 446/446/446
f 446/446/446 447/447/447 448/448/448
f 447/447/447 449/449/449 448/448/448
f 448/448/448 449/449/449 450/450/450
f 449/449/449 451/451/451 450/450/450
f 450/450/450 451/451/451 452/452/452
f 451/451/451 453/453/453 452/452/452
f 456/456/456 455/455/455 454/454/454
f 457/457/457 456/456/456 454/454/454
f 456/456/456 457/457/457 458/458/458
f 459/459/459 456/456/456 458/458/458
f 459/459/459 458/458/458 460/460/460
f 461/461/461 459/459/459 460/460/460
f 461/461/461 460/460/460 462/462/462
f 463/463/463 461/461/461 462/462/462
f 463/463/463 462/462/462 464/464/464
f 465/465/465 463/463/463 464/464/464
f 465/465/465 464/464/464 466/466/466
f 464/464/464 467/467/467 466/466/466
f 467/467/467 468/468/468 466/466/466
f 468/468/468 469/469/469 466/466/466
f 470/470/470 469/469/469 468/468/468
f 471/471/471 470/470/470 468/468/468
f 470/470/470 471/471/471 472/472/472
f 471/471/471 473/473/473 472/472/472
f 472/472/472 473/473/473 474/474/474
f 473/473/473 475/475/475 474/474/474
f 474/474/474 475/475/475 476/476/476
f 475/475/475 477/477/477 476/476/476
f 476/476/476 477/477/477 478/478/478
f 477/477/477 479/479/479 478/478/478
f 478/478/478 479/479/479 480/480/480
f 479/479/479 481/481/481 480/480/480
f 484/484/484 483/483/483 482/482/482
f 483/483/483 485/485/485 482/482/482
f 482/482/482 485/485/485 486/486/486
f 485/485/485 487/487/487 486/486/486
f 486/486/486 487/487/487 488/488/488
f 487/487/487 489/489/489 488/488/488
f 488/488/488 489/489/489 490/490/490
f 489/489/489 491/491/491 490/490/490
f 490/490/490 491/491/491 492/492/492
f 491/491/491 493/493/493 492/492/492
f 492/492/492 493/493/493 494/494/494
f 493/493/493 495/495/495 494/494/494
f 498/498/498 497/497/497 496/496/496
f 497/497/497 499/499/499 496/496/496
f 496/496/496 499/499/499 500/500/500
f 499/499/499 501/501/501 500/500/500
f 500/500/500 501/501/501 502/502/502
f 501/501/501 503/503/503 502/502/502
f 502/502/502 503/503/503 504/504/504
f 503/503/503 505/505/505 504/504/504
f 504/504/504 505/505/505 506/506/506
f 505/505/505 507/507/507 506/506/506
f 506/506/506 507/507/507 508/508/508
f 507/507/507 509/509/509 508/508/508
f 512/512/512 511/511/511 510/510/510
f 513/513/513 512/512/512 510/510/510
f 512/512/512 513/513/513 514/514/514
f 515/515/515 512/512/512 514/514/514
f 515/515/515 514/514/514 516/516/516
f 517/517/517 515/515/515 516/516/516
f 517/517/517 516/516/516 518/518/518
f 519/519/519 517/517/517 518/518/518
f 519/519/519 518/518/518 520/520/520
f 521/521/521 519/519/519 520/520/520
f 521/521/521 520/520/520 522/522/522
f 520/520/520 523/523/523 522/522/522
f 523/523/523 524/524/524 522/522/522
f 524/524/524 525/525/525 522/522/522
f 526/526/526 525/525/525 524/524/524
f 527/527/527 526/526/526 524/524/524
f 526/526/526 527/527/527 528/528/528
f 527/527/527 529/529/529 528/528/528
f 528/528/528 529/529/529 530/530/530
f 529/529/529 531/531/531 530/530/530
f 530/530/530 531/531/531 532/532/532
f 531/531/531 533/533/533 532/532/532
f 532/532/532 533/533/533 534/534/534
f 533/533/533 535/535/535 534/534/534
f 534/534/534 535/535/535 536/536/536
f 535/535/535 537/537/537 536/536/536
f 540/540/540 539/539/539 538/538/538
f 539/539/539 541/541/541 538/538/538
f 538/538/538 541/541/541 542/542/542
f 541/541/541 543/543/543 542/542/542
f 542/542/542 543/543/543 544/544/544
f 543/543/543 545/545/545 544/544/544
f 544/544/544 545/545/545 546/546/546
f 545/545/545 547/547/547 546/546/546
f 546/546/546 547/547/547 548/548/548
f 547/547/547 549/549/549 548/548/548
f 548/548/548 549/549/549 550/550/550
f 549/549/549 551/551/551 550/550/550
f 554/554/554 553/553/553 552/552/552
f 553/553/553 555/555/555 552/552/552
f 552/552/552 555/555/555 556/556/556
f 555/555/555 557/557/557 556/556/556
f 556/556/556 557/557/557 558/558/558
f 557/557/557 559/559/559 558/558/558
f 558/558/558 559/559/559 560/560/560
f 559/559/559 561/561/561 560/560/560
f 560/560/560 561/561/561 562/562/562
f 561/561/561 563/563/563 562/562/562
f 562/562/562 563/563/563 564/564/564
f 563/563/563 565/565/565 564/564/564
f 568/568/568 567/567/567 566/566/566
f 569/569/569 568/568/568 566/566/566
f 568/568/568 569/569/569 570/570/570
f 571/571/571 568/568/568 570/570/570
f 571/571/571 570/570/570 572/572/572
f 573/573/573 571/571/571 572/572/572
f 573/573/573 572/572/572 574/574/574
f 575/575/575 573/573/573 574/574/574
f 575/575/575 574/574/574 576/576/576
f 577/577/577 575/575/575 576/576/576
f 577/577/577 576/576/576 578/578/578
f 576/576/576 579/579/579 578/578/578
f 579/579/579 580/580/580 578/578/578
f 580/580/580 581/581/581 578/578/578
f 582/582/582 581/581/581 580/580/580
f 583/583/583 582/582/582 580/580/580
f 582/582/582 583/583/583 584/584/584
f 583/583/583 585/585/585 584/584/584
f 584/584/584 585/585/585 586/586/586
f 585/585/585 587/587/587 586/586/586
f 586/586/586 587/587/587 588/588/588
f 587/587/587 589/589/589 588/588/588
f 588/588/588 589/589/589 590/590/590
f 589/589/589 591/591/591 590/590/590
f 590/590/590 591/591/591 592/592/592
f 591/591/591 593/593/593 592/592/592
f 596/596/596 595/595/595 594/594/594
f 595/595/595 597/597/597 594/594/594
f 594/594/594 597/597/597 598/598/598
f 597/597/597 599/599/599 598/598/598
f 598/598/598 599/599/599 600/600/600
f 599/599/599 601/601/601 600/600/600
f 600/600/600 601/601/601 602/602/602
f 601/601/601 603/603/603 602/602/602
f 602/602/602 603/603/603 604/604/604
f 603/603/603 605/605/605 604/604/604
f 604/604/604 605/605/605 606/606/606
f 605/605/605 607/607/607 606/606/606
f 610/610/610 609/609/609 608/608/608
f 609/609/609 611/611/611 608/608/608
f 608/608/608 611/611/611 612/612/612
f 611/611/611 613/613/613 612/612/612
f 612/612/612 613/613/613 614/614/614
f 613/613/613 615/615/615 614/614/614
f 614/614/614 615/615/615 616/616/616
f 615/615/615 617/617/617 616/616/616
f 616/616/616 617/617/617 618/618/618
f 617/617/617 619/619/619 618/618/618
f 618/618/618 619/619/619 620/620/620
f 619/619/619 621/621/621 620/620/620
f 624/624/624 623/623/623 622/622/622
f 625/625/625 624/624/624 622/622/622
f 624/624/624 625/625/625 626/626/626
f 627/627/627 624/624/624 626/626/626
f 627/627/627 626/626/626 628/628/628
f 629/629/629 627/627/627 628/628/628
f 629/629/629 628/628/628 630/630/630
f 631/631/631 629/629/629 630/630/630
f 631/631/631 630/630/630 632/632/632
f 633/633/633 631/631/631 632/632/632
f 633/633/633 632/632/632 634/634/634
f 632/632/632 635/635/635 634/634/634
f 635/635/635 636/636/636 634/634/634
f 636/636/636 637/637/637 634/634/634
f 638/638/638 637/637/637 636/636/636
f 639/639/639 638/638/638 636/636/636
f 638/638/638 639/639/639 640/640/640
f 639/639/639 641/641/641 640/640/640
f 640/640/640 641/641/641 642/642/642
f 641/641/641 643/643/643 642/642/642
f 642/642/642 643/643/643 644/644/644
f 643/643/643 645/645/645 644/644/644
f 644/644/644 645/645/645 646/646/646
f 645/645/645 647/647/647 646/646/646
f 646/646/646 647/647/647 648/648/648
f 647/647/647 649/649/649 648/648/648
f 652/652/652 651/651/651 650/650/650
f 651/651/651 653/653/653 650/650/650
f 650/650/650 653/653/653 654/654/654
f 653/653/653 655/655/655 654/654/654
f 654/654/654 655/655/655 656/656/656
f 655/655/655 657/657/657 656/656/656
f 656/656/656 657/657/657 658/658/658
f 657/657/657 659/659/659 658/658/658
f 658/658/658 659/659/659 660/660/660
f 659/659/659 661/661/661 660/660/660
f 660/660/660 661/661/661 662/662/662
f 661/661/661 663/663/663 662/662/662
f 666/666/666 665/665/665 664/664/664
f 665/665/665 667/667/667 664/664/664
f 664/664/664 667/667/667 668/668/668
f 667/667/667 669/669/669 668/668/668
f 668/668/668 669/669/669 670/670/670
f 669/669/669 671/671/671 670/670/670
f 670/670/670 671/671/671 672/672/672
f 671/671/671 673/673/673 672/672/672
f 672/672/672 673/673/673 674/674/674
f 673/673/673 675/675/675 674/674/674
f 674/674/674 675/675/675 676/676/676
f 675/675/675 677/677/677 676/676/676
f 680/680/680 679/679/679 678/678/678
f 681/681/681 680/680/680 678/678/678
f 680/680/680 681/681/681 682/682/682
f 683/683/683 680/680/680 682/682/682
f 683/683/683 682/682/682 684/684/684
f 685/685/685 683/683/683 684/684/684
f 685/685/685 684/684/684 686/686/686
f 687/687/687 685/685/685 686/686/686
f 687/687/687 686/686/686 688/688/688
f 689/689/689 687/687/687 688/688/688
f 689/689/689 688/688/688 690/690/690
f 688/688/688 691/691/691 690/690/690
f 691/691/691 692/692/692 690/690/690
f 692/692/692 693/693/693 690/690/690
f 694/694/694 693/693/693 692/692/692
f 695/695/695 694/694/694 692/692/692
f 694/694/694 695/695/695 696/696/696
f 695/695/695 697/697/697 696/696/696
f 696/696/696 697/697/697 698/698/698
f 697/697/697 699/699/699 698/698/698
f 698/698/698 699/699/699 700/700/700
f 699/699/699 701/701/701 700/700/700
f 700/700/700 701/701/701 702/702/702
f 701/701/701 703/703/703 702/702/702
f 702/702/702 703/703/703 704/704/704
f 703/703/703 705/705/705 704/704/704
f 708/708/708 707/707/707 706/706/706
f 707/707/707 709/709/709 706/706/706
f 706/706/706 709/709/709 710/710/710
f 709/709/709 711/711/711 710/710/710
f 710/710/710 711/711/711 712/712/712
f 711/711/711 713/713/713 712/712/712
f 712/712/712 713/713/713 714/714/714
f 713/713/713 715/715/715 714/714/714
f 714/714/714 715/715/715 716/716/716
f 715/715/715 717/717/717 716/716/716
f 716/716/716 717/717/717 718/718/718
f 717/717/717 719/719/719 718/718/718
f 722/722/722 721/721/721 720/720/720
f 721/721/721 723/723/723 720/720/720
f 720/720/720 723/723/723 724/724/724
f 723/723/723 725/725/725 724/724/724
f 724/724/724 725/725/725 726/726/726
f 725/725/725 727/727/727 726/726/726
f 726/726/726 727/727/727 728/728/728
f 727/727/727 729/729/729 728/728/728
f 728/728/728 729/729/729 730/730/730
f 729/729/729 731/731/731 730/730/730
f 730/730/730 731/731/731 732/732/732
f 731/731/731 733/733/733 732/732/732
f 736/736/736 735/735/735 734/734/734
f 737/737/737 736/736/736 734/734/734
f 736/736/736 737/737/737 738/738/738
f 739/739/739 736/736/736 738/738/738
f 739/739/739 738/738/738 740/740/740
f 741/741/741 739/739/739 740/740/740
f 741/741/741 740/740/740 742/742/742
f 743/743/743 741/741/741 742/742/742
f 743/743/743 742/742/742 744/744/744
f 745/745/745 743/743/743 744/744/744
f 745/745/745 744/744/744 746/746/746
f 744/744/744 747/747/747 746/746/746
f 747/747/747 748/748/748 746/746/746
f 748/748/748 749/749/749 746/746/746
f 750/750/750 749/749/749 748/748/748
f 751/751/751 750/750/750 748/748/748
f 750/750/750 751/751/751 752/752/752
f 751/751/751 753/753/753 752/752/752
f 752/752/752 753/753/753 754/754/754
f 753/753/753 755/755/755 754/754/754
f 754/754/754 755/755/755 756/756/756
f 755/755/755 757/757/757 756/756/756
f 756/756/756 757/757/757 758/758/758
f 757/757/757 759/759/759 758/758/758
f 758/758/758 759/759/759 760/760/760
f 759/759/759 761/761/761 760/760/760
f 764/764/764 763/763/763 762/762/762
f 763/763/763 765/765/765 762/762/762
f 762/762/762 765/765/765 766/766/766
f 765/765/765 767/767/767 766/766/766
f 766/766/766 767/767/767 768/768/768
f 767/767/767 769/769/769 768/768/768
f 768/768/768 769/769/769 770/770/770
f 769/769/769 771/771/771 770/770/770
f 770/770/770 771/771/771 772/772/772
f 771/771/771 773/773/773 772/772/772
f 772/772/772 773/773/773 774/774/774
f 773/773/773 775/775/775 774/774/774
f 778/778/778 777/777/777 776/776/776
f 777/777/777 779/779/779 776/776/776
f 776/776/776 779/779/779 780/780/780
f 779/779/779 781/781/781 780/780/780
f 780/780/780 781/781/781 782/782/782
f 781/781/781 783/783/783 782/782/782
f 782/782/782 783/783/783 784/784/784
f 783/783/783 785/785/785 784/784/784
f 784/784/784 785/785/785 786/786/786
f 785/785/785 787/787/787 786/786/786
f 786/786/786 787/787/787 788/788/788
f 787/787/787 789/789/789 788/788/788
f 792/792/792 791/791/791 790/790/790
f 793/793/793 792/792/792 790/790/790
f 793/793/793 790/790/790 794/794/794
f 795/795/795 793/793/793 794/794/794
f 792/792/792 793/793/793 796/796/796
f 793/793/793 795/795/795 797/797/797
f 793/793/793 798/798/798 796/796/796
f 798/798/798 793/793/793 797/797/797
f 796/796/796 798/798/798 799/799/799
f 798/798/798 797/797/797 800/800/800
f 798/798/798 801/801/801 799/799/799
f 801/801/801 798/798/798 800/800/800
f 799/799/799 801/801/801 802/802/802
f 801/801/801 800/800/800 803/803/803
f 801/801/801 804/804/804 802/802/802
f 804/804/804 801/801/801 803/803/803
f 802/802/802 804/804/804 805/805/805
f 804/804/804 803/803/803 806/806/806
f 804/804/804 807/807/807 805/805/805
f 807/807/807 804/804/804 806/806/806
f 805/805/805 807/807/807 808/808/808
f 807/807/807 806/806/806 809/809/809
f 807/807/807 810/810/810 808/808/808
f 810/810/810 807/807/807 809/809/809
f 808/808/808 810/810/810 811/811/811
f 810/810/810 809/809/809 812/812/812
f 810/810/810 813/813/813 811/811/811
f 813/813/813 810/810/810 812/812/812
f 811/811/811 813/813/813 814/814/814
f 813/813/813 812/812/812 815/815/815
f 813/813/813 816/816/816 814/814/814
f 816/816/816 813/813/813 815/815/815
f 814/814/814 816/816/816 817/817/817
f 816/816/816 815/815/815 818/818/818
f 816/816/816 819/819/819 817/817/817
f 819/819/819 816/816/816 818/818/818
f 817/817/817 819/819/819 820/820/820
f 819/819/819 818/818/818 821/821/821
f 819/819/819 822/822/822 820/820/820
f 822/822/822 819/819/819 821/821/821
f 820/820/820 822/822/822 823/823/823
f 822/822/822 821/821/821 824/824/824
f 822/822/822 825/825/825 823/823/823
f 825/825/825 822/822/822 824/824/824
f 823/823/823 825/825/825 826/826/826
f 825/825/825 824/824/824 827/827/827
f 825/825/825 828/828/828 826/826/826
f 828/828/828 825/825/825 827/827/827
f 826/826/826 828/828/828 829/829/829
f 828/828/828 827/827/827 830/830/830
f 828/828/828 831/831/831 829/829/829
f 831/831/831 828/828/828 830/830/830
f 834/834/834 833/833/833 832/832/832
f 835/835/835 834/834/834 832/832/832
f 835/835/835 832/832/832 836/836/836
f 837/837/837 835/835/835 836/836/836
f 834/834/834 835/835/835 838/838/838
f 835/835/835 837/837/837 839/839/839
f 835/835/835 840/840/840 838/838/838
f 840/840/840 835/835/835 839/839/839
f 838/838/838 840/840/840 841/841/841
f 840/840/840 839/839/839 842/842/842
f 840/840/840 843/843/843 841/841/841
f 843/843/843 840/840/840 842/842/842
f 841/841/841 843/843/843 844/844/844
f 843/843/843 842/842/842 845/845/845
f 843/843/843 846/846/846 844/844/844
f 846/846/846 843/843/843 845/845/845
f 844/844/844 846/846/846 847/847/847
f 846/846/846 845/845/845 848/848/848
f 846/846/846 849/849/849 847/847/847
f 849/849/849 846/846/846 848/848/848
f 847/847/847 849/849/849 850/850/850
f 849/849/849 848/848/848 851/851/851
f 849/849/849 852/852/852 850/850/850
f 852/852/852 849/849/849 851/851/851
f 850/850/850 852/852/852 853/853/853
f 852/852/852 851/851/851 854/854/854
f 852/852/852 855/855/855 853/853/853
f 855/855/855 852/852/852 854/854/854
f 853/853/853 855/855/855 856/856/856
f 855/855/855 854/854/854 857/857/857
f 855/855/855 858/858/858 856/856/856
f 858/858/858 855/855/855 857/857/857
f 856/856/856 858/858/858 859/859/859
f 858/858/858 857/857/857 860/860/860
f 858/858/858 861/861/861 859/859/859
f 861/861/861 858/858/858 860/860/860
f 859/859/859 861/861/861 862/862/862
f 861/861/861 860/860/860 863/863/863
f 861/861/861 864/864/864 862/862/862
f 864/864/864 861/861/861 863/863/863
f 862/862/862 864/864/864 865/865/865
f 864/864/864 863/863/863 866/866/866
f 864/864/864 867/867/867 865/865/865
f 867/867/867 864/864/864 866/866/866
f 865/865/865 867/867/867 868/868/868
f 867/867/867 866/866/866 869/869/869
f 867/867/867 870/870/870 868/868/868
f 870/870/870 867/867/867 869/869/869
f 868/868/868 870/870/870 871/871/871
f 870/870/870 869/869/869 872/872/872
f 870/870/870 873/873/873 871/871/871
f 873/873/873 870/870/870 872/872/872
f 876/876/876 875/875/875 874/874/874
f 877/877/877 876/876/876 874/874/874
f 877/877/877 874/874/874 878/878/878
f 879/879/879 877/877/877 878/878/878
f 876/876/876 877/877/877 880/880/880
f 877/877/877 879/879/879 881/881/881
f 877/877/877 882/882/882 880/880/880
f 882/882/882 877/877/877 881/881/881
f 880/880/880 882/882/882 883/883/883
f 882/882/882 881/881/881 884/884/884
f 882/882/882 885/885/885 883/883/883
f 885/885/885 882/882/882 884/884/884
f 883/883/883 885/885/885 886/886/886
f 885/885/885 884/884/884 887/887/887
f 885/885/885 888/888/888 886/886/886
f 888/888/888 885/885/885 887/887/887
f 886/886/886 888/888/888 889/889/889
f 888/888/888 887/887/887 890/890/890
f 888/888/888 891/891/891 889/889/889
f 891/891/891 888/888/888 890/890/890
f 889/889/889 891/891/891 892/892/892
f 891/891/891 890/890/890 893/893/893
f 891/891/891 894/894/894 892/892/892
f 894/894/894 891/891/891 893/893/893
f 892/892/892 894/894/894 895/895/895
f 894/894/894 893/893/893 896/896/896
f 894/894/894 897/897/897 895/895/895
f 897/897/897 894/894/894 896/896/896
f 895/895/895 897/897/897 898/898/898
f 897/897/897 896/896/896 899/899/899
f 897/897/897 900/900/900 898/898/898
f 900/900/900 897/897/897 899/899/899
f 898/898/898 900/900/900 901/901/901
f 900/900/900 899/899/899 902/902/902
f 900/900/900 903/903/903 901/901/901
f 903/903/903 900/900/900 902/902/902
f 901/901/901 903/903/903 904/904/904
f 903/903/903 902/902/902 905/905/905
f 903/903/903 906/906/906 904/904/904
f 906/906/906 903/903/903 905/905/905
f 904/904/904 906/906/906 907/907/907
f 906/906/906 905/905/905 908/908/908
f 906/906/906 909/909/909 907/907/907
f 909/909/909 906/906/906 908/908/908
f 907/907/907 909/909/909 910/910/910
f 909/909/909 908/908/908 911/911/911
f 909/909/909 912/912/912 910/910/910
f 912/912/912 909/909/909 911/911/911
f 910/910/910 912/912/912 913/913/913
f 912/912/912 911/911/911 914/914/914
f 912/912/912 915/915/915 913/913/913
f 915/915/915 912/912/912 914/914/914
f 918/918/918 917/917/917 916/916/916
f 919/919/919 918/918/918 916/916/916
f 919/919/919 916/916/916 920/920/920
f 921/921/921 919/919/919 920/920/920
f 918/918/918 919/919/919 922/922/922
f 919/919/919 921/921/921 923/923/923
f 919/919/919 924/924/924 922/922/922
f 924/924/924 919/919/919 923/923/923
f 922/922/922 924/924/924 925/925/925
f 924/924/924 923/923/923 926/926/926
f 924/924/924 927/927/927 925/925/925
f 927/927/927 924/924/924 926/926/926
f 925/925/925 927/927/927 928/928/928
f 927/927/927 926/926/926 929/929/929
f 927/927/927 930/930/930 928/928/928
f 930/930/930 927/927/927 929/929/929
f 928/928/928 930/930/930 931/931/931
f 930/930/930 929/929/929 932/932/932
f 930/930/930 933/933/933 931/931/931
f 933/933/933 930/930/930 932/932/932
f 931/931/931 933/933/933 934/934/934
f 933/933/933 932/932/932 935/935/935
f 933/933/933 936/936/936 934/934/934
f 936/936/936 933/933/933 935/935/935
f 934/934/934 936/936/936 937/937/937
f 936/936/936 935/935/935 938/938/938
f 936/936/936 939/939/939 937/937/937
f 939/939/939 936/936/936 938/938/938
f 937/937/937 939/939/939 940/940/940
f 939/939/939 938/938/938 941/941/941
f 939/939/939 942/942/942 940/940/940
f 942/942/942 939/939/939 941/941/941
f 940/940/940 942/942/942 943/943/943
f 942/942/942 941/941/941 944/944/944
f 942/942/942 945/945/945 943/943/943
f 945/945/945 942/942/942 944/944/944
f 943/943/943 945/945/945 946/946/946
f 945/945/945 944/944/944 947/947/947
f 945/945/945 948/948/948 946/946/946
f 948/948/948 945/945/945 947/947/947
f 946/946/946 948/948/948 949/949/949
f 948/948/948 947/947/947 950/950/950
f 948/948/948 951/951/951 949/949/949
f 951/951/951 948/948/948 950/950/950
f 949/949/949 951/951/951 952/952/952
f 951/951/951 950/950/950 953/953/953
f 951/951/951 954/954/954 952/952/952
f 954/954/954 951/951/951 953/953/953
f 952/952/952 954/954/954 955/955/955
f 954/954/954 953/953/953 956/956/956
f 954/954/954 957/957/957 955/955/955
f 957/957/957 954/954/954 956/956/956
f 960/960/960 959/959/959 958/958/958
f 961/961/961 960/960/960 958/958/958
f 961/961/961 958/958/958 962/962/962
f 963/963/963 961/961/961 962/962/962
f 960/960/960 961/961/961 964/964/964
f 961/961/961 963/963/963 965/965/965
f 961/961/961 966/966/966 964/964/964
f 966/966/966 961/961/961 965/965/965
f 964/964/964 966/966/966 967/967/967
f 966/966/966 965/965/965 968/968/968
f 966/966/966 969/969/969 967/967/967
f 969/969/969 966/966/966 968/968/968
f 967/967/967 969/969/969 970/970/970
f 969/969/969 968/968/968 971/971/971
f 969/969/969 972/972/972 970/970/970
f 972/972/972 969/969/969 971/971/971
f 970/970/970 972/972/972 973/973/973
f 972/972/972 971/971/971 974/974/974
f 972/972/972 975/975/975 973/973/973
f 975/975/975 972/972/972 974/974/974
f 973/973/973 975/975/975 976/976/976
f 975/975/975 974/974/974 977/977/977
f 975/975/975 978/978/978 976/976/976
f 978/978/978 975/975/975 977/977/977
f 976/976/976 978/978/978 979/979/979
f 978/978/978 977/977/977 980/980/980
f 978/978/978 981/981/981 979/979/979
f 981/981/981 978/978/978 980/980/980
f 979/979/979 981/981/981 982/982/982
f 981/981/981 980/980/980 983/983/983
f 981/981/981 984/984/984 982/982/982
f 984/984/984 981/981/981 983/983/983
f 982/982/982 984/984/984 985/985/985
f 984/984/984 983/983/983 986/986/986
f 984/984/984 987/987/987 985/985/985
f 987/987/987 984/984/984 986/986/986
f 985/985/985 987/987/987 988/988/988
f 987/987/987 986/986/986 989/989/989
f 987/987/987 990/990/990 988/988/988
f 990/990/990 987/987/987 989/989/989
f 988/988/988 990/990/990 991/991/991
f 990/990/990 989/989/989 992/992/992
f 990/990/990 993/993/993 991/991/991
f 993/993/993 990/990/990 992/992/992
f 991/991/991 993/993/993 994/994/994
f 993/993/993 992/992/992 995/995/995
f 993/993/993 996/996/996 994/994/994
f 996/996/996 993/993/993 995/995/995
f 994/994/994 996/996/996 997/997/997
f 996/996/996 995/995/995 998/998/998
f 996/996/996 999/999/999 997/997/997
f 999/999/999 996/996/996 998/998/998
f 1002/1002/1002 1001/1001/1001 1000/1000/1000
f 1003/1003/1003 1002/1002/1002 1000/1000/1000
f 1003/1003/1003 1000/1000/1000 1004/1004/1004
f 1005/1005/1005 1003/1003/1003 1004/1004/1004
f 1002/1002/1002 1003/1003/1003 1006/1006/1006
f 1003/1003/1003 1005/1005/1005 1007/1007/1007
f 1003/1003/1003 1008/1008/1008 1006/1006/1006
f 1008/1008/1008 1003/1003/1003 1007/1007/1007
f 1006/1006/1006 1008/1008/1008 1009/1009/1009
f 1008/1008/1008 1007/1007/1007 1010/1010/1010
f 1008/1008/1008 1011/1011/1011 1009/1009/1009
f 1011/1011/1011 1008/1008/1008 1010/1010/1010
f 1009/1009/1009 1011/1011/1011 1012/1012/1012
f 1011/1011/1011 1010/1010/1010 1013/1013/1013
f 1011/1011/1011 1014/1014/1014 1012/1012/1012
f 1014/1014/1014 1011/1011/1011 1013/1013/1013
f 1012/1012/1012 1014/1014/1014 1015/1015/1015
f 1014/1014/1014 1013/1013/1013 1016/1016/1016
f 1014/1014/1014 1017/1017/1017 1015/1015/1015
f 1017/1017/1017 1014/1014/1014 1016/1016/1016
f 1015/1015/1015 1017/1017/1017 1018/1018/1018
f 1017/1017/1017 1016/1016/1016 1019/1019/1019
f 1017/1017/1017 1020/1020/1020 1018/1018/1018
f 1020/1020/1020 1017/1017/1017 1019/1019/1019
f 1018/1018/1018 1020/1020/1020 1021/1021/1021
f 1020/1020/1020 1019/1019/1019 1022/1022/1022
f 1020/1020/1020 1023/1023/1023 1021/1021/1021
f 1023/1023/1023 1020/1020/1020 1022/1022/1022
f 1021/1021/1021 1023/1023/1023 1024/1024/1024
f 1023/1023/1023 1022/1022/1022 1025/1025/1025
f 1023/1023/1023 1026/1026/1026 1024/1024/1024
f 1026/1026/1026 1023/1023/1023 1025/1025/1025
f 1024/1024/1024 1026/1026/1026 1027/1027/1027
f 1026/1026/1026 1025/1025/1025 1028/1028/1028
f 1026/1026/1026 1029/1029/1029 1027/1027/1027
f 1029/1029/1029 1026/1026/1026 1028/1028/1028
f 1027/1027/1027 1029/1029/1029 1030/1030/1030
f 1029/1029/1029 1028/1028/1028 1031/1031/1031
f 1029/1029/1029 1032/1032/1032 1030/1030/1030
f 1032/1032/1032 1029/1029/1029 1031/1031/1031
f 1030/1030/1030 1032/1032/1032 1033/1033/1033
f 1032/1032/1032 1031/1031/1031 1034/1034/1034
f 1032/1032/1032 1035/1035/1035 1033/1033/1033
f 1035/1035/1035 1032/1032/1032 1034/1034/1034
f 1033/1033/1033 1035/1035/1035 1036/1036/1036
f 1035/1035/1035 1034/1034/1034 1037/1037/1037
f 1035/1035/1035 1038/1038/1038 1036/1036/1036
f 1038/1038/1038 1035/1035/1035 1037/1037/1037
f 1036/1036/1036 1038/1038/1038 1039/1039/1039
f 1038/1038/1038 1037/1037/1037 1040/1040/1040
f 1038/1038/1038 1041/1041/1041 1039/1039/1039
f 1041/1041/1041 1038/1038/1038 1040/1040/1040
f 1044/1044/1044 1043/1043/1043 1042/1042/1042
f 1045/1045/1045 1044/1044/1044 1042/1042/1042
f 1045/1045/1045 1042/1042/1042 1046/1046/1046
f 1047/1047/1047 1045/1045/1045 1046/1046/1046
f 1044/1044/1044 1045/1045/1045 1048/1048/1048
f 1045/1045/1045 1047/1047/1047 1049/1049/1049
f 1045/1045/1045 1050/1050/1050 1048/1048/1048
f 1050/1050/1050 1045/1045/1045 1049/1049/1049
f 1048/1048/1048 1050/1050/1050 1051/1051/1051
f 1050/1050/1050 1049/1049/1049 1052/1052/1052
f 1050/1050/1050 1053/1053/1053 1051/1051/1051
f 1053/1053/1053 1050/1050/1050 1052/1052/1052
f 1051/1051/1051 1053/1053/1053 1054/1054/1054
f 1053/1053/1053 1052/1052/1052 1055/1055/1055
f 1053/1053/1053 1056/1056/1056 1054/1054/1054
f 1056/1056/1056 1053/1053/1053 1055/1055/1055
f 1054/1054/1054 1056/1056/1056 1057/1057/1057
f 1056/1056/1056 1055/1055/1055 1058/1058/1058
f 1056/1056/1056 1059/1059/1059 1057/1057/1057
f 1059/1059/1059 1056/1056/1056 1058/1058/1058
f 1057/1057/1057 1059/1059/1059 1060/1060/1060
f 1059/1059/1059 1058/1058/1058 1061/1061/1061
f 1059/1059/1059 1062/1062/1062 1060/1060/1060
f 1062/1062/1062 1059/1059/1059 1061/1061/1061
f 1060/1060/1060 1062/1062/1062 1063/1063/1063
f 1062/1062/1062 1061/1061/1061 1064/1064/1064
f 1062/1062/1062 1065/1065/1065 1063/1063/1063
f 1065/1065/1065 1062/1062/1062 1064/1064/1064
f 1063/1063/1063 1065/1065/1065 1066/1066/1066
f 1065/1065/1065 1064/1064/1064 1067/1067/1067
f 1065/1065/1065 1068/1068/1068 1066/1066/1066
f 1068/1068/1068 1065/1065/1065 1067/1067/1067
f 1066/1066/1066 1068/1068/1068 1069/1069/1069
f 1068/1068/1068 1067/1067/1067 1070/1070/1070
f 1068/1068/1068 1071/1071/1071 1069/1069/1069
f 1071/1071/1071 1068/1068/1068 1070/1070/1070
f 1069/1069/1069 1071/1071/1071 1072/1072/1072
f 1071/1071/1071 1070/1070/1070 1073/1073/1073
f 1071/1071/1071 1074/1074/1074 1072/1072/1072
f 1074/1074/1074 1071/1071/1071 1073/1073/1073
f 1072/1072/1072 1074/1074/1074 1075/1075/1075
f 1074/1074/1074 1073/1073/1073 1076/1076/1076
f 1074/1074/1074 1077/1077/1077 1075/1075/1075
f 1077/1077/1077 1074/1074/1074 1076/1076/1076
f 1075/1075/1075 1077/1077/1077 1078/1078/1078
f 1077/1077/1077 1076/1076/1076 1079/1079/1079
f 1077/1077/1077 1080/1080/1080 1078/1078/1078
f 1080/1080/1080 1077/1077/1077 1079/1079/1079
f 1078/1078/1078 1080/1080/1080 1081/1081/1081
f 1080/1080/1080 1079/1079/1079 1082/1082/1082
f 1080/1080/1080 1083/1083/1083 1081/1081/1081
f 1083/1083/1083 1080/1080/1080 1082/1082/1082
f 1086/1086/1086 1085/1085/1085 1084/1084/1084
f 1087/1087/1087 1086/1086/1086 1084/1084/1084
f 1087/1087/1087 1084/1084/1084 1088/1088/1088
f 1089/1089/1089 1087/1087/1087 1088/1088/1088
f 1086/1086/1086 1087/1087/1087 1090/1090/1090
f 1087/1087/1087 1089/1089/1089 1091/1091/1091
f 1087/1087/1087 1092/1092/1092 1090/1090/1090
f 1092/1092/1092 1087/1087/1087 1091/1091/1091
f 1090/1090/1090 1092/1092/1092 1093/1093/1093
f 1092/1092/1092 1091/1091/1091 1094/1094/1094
f 1092/1092/1092 1095/1095/1095 1093/1093/1093
f 1095/1095/1095 1092/1092/1092 1094/1094/1094
f 1093/1093/1093 1095/1095/1095 1096/1096/1096
f 1095/1095/1095 1094/1094/1094 1097/1097/1097
f 1095/1095/1095 1098/1098/1098 1096/1096/1096
f 1098/1098/1098 1095/1095/1095 1097/1097/1097
f 1096/1096/1096 1098/1098/1098 1099/1099/1099
f 1098/1098/1098 1097/1097/1097 1100/1100/1100
f 1098/1098/1098 1101/1101/1101 1099/1099/1099
f 1101/1101/1101 1098/1098/1098 1100/1100/1100
f 1099/1099/1099 1101/1101/1101 1102/1102/1102
f 1101/1101/1101 1100/1100/1100 1103/1103/1103
f 1101/1101/1101 1104/1104/1104 1102/1102/1102
f 1104/1104/1104 1101/1101/1101 1103/1103/1103
f 1102/1102/1102 1104/1104/1104 1105/1105/1105
f 1104/1104/1104 1103/1103/1103 1106/1106/1106
f 1104/1104/1104 1107/1107/1107 1105/1105/1105
f 1107/1107/1107 1104/1104/1104 1106/1106/1106
f 1105/1105/1105 1107/1107/1107 1108/1108/1108
f 1107/1107/1107 1106/1106/1106 1109/1109/1109
f 1107/1107/1107 1110/1110/1110 1108/1108/1108
f 1110/1110/1110 1107/1107/1107 1109/1109/1109
f 1108/1108/1108 1110/1110/1110 1111/1111/1111
f 1110/1110/1110 1109/1109/1109 1112/1112/1112
f 1110/1110/1110 1113/1113/1113 1111/1111/1111
f 1113/1113/1113 1110/1110/1110 1112/1112/1112
f 1111/1111/1111 1113/1113/1113 1114/1114/1114
f 1113/1113/1113 1112/1112/1112 1115/1115/1115
f 1113/1113/1113 1116/1116/1116 1114/1114/1114
f 1116/1116/1116 1113/1113/1113 1115/1115/1115
f 1114/1114/1114 1116/1116/1116 1117/1117/1117
f 1116/1116/1116 1115/1115/1115 1118/1118/1118
f 1116/1116/1116 1119/1119/1119 1117/1117/1117
f 1119/1119/1119 1116/1116/1116 1118/1118/1118
f 1117/1117/1117 1119/1119/1119 1120/1120/1120
f 1119/1119/1119 1118/1118/1118 1121/1121/1121
f 1119/1119/1119 1122/1122/1122 1120/1120/1120
f 1122/1122/1122 1119/1119/1119 1121/1121/1121
f 1120/1120/1120 1122/1122/1122 1123/1123/1123
f 1122/1122/1122 1121/1121/1121 1124/1124/1124
f 1122/1122/1122 1125/1125/1125 1123/1123/1123
f 1125/1125/1125 1122/1122/1122 1124/1124/1124
f 1128/1128/1128 1127/1127/1127 1126/1126/1126
f 1129/1129/1129 1128/1128/1128 1126/1126/1126
f 1129/1129/1129 1126/1126/1126 1130/1130/1130
f 1131/1131/1131 1129/1129/1129 1130/1130/1130
f 1128/1128/1128 1129/1129/1129 1132/1132/1132
f 1129/1129/1129 1131/1131/1131 1133/1133/1133
f 1129/1129/1129 1134/1134/1134 1132/1132/1132
f 1134/1134/1134 1129/1129/1129 1133/1133/1133
f 1132/1132/1132 1134/1134/1134 1135/1135/1135
f 1134/1134/1134 1133/1133/1133 1136/1136/1136
f 1134/1134/1134 1137/1137/1137 1135/1135/1135
f 1137/1137/1137 1134/1134/1134 1136/1136/1136
f 1135/1135/1135 1137/1137/1137 1138/1138/1138
f 1137/1137/1137 1136/1136/1136 1139/1139/1139
f 1137/1137/1137 1140/1140/1140 1138/1138/1138
f 1140/1140/1140 1137/1137/1137 1139/1139/1139
f 1138/1138/1138 1140/1140/1140 1141/1141/1141
f 1140/1140/1140 1139/1139/1139 1142/1142/1142
f 1140/1140/1140 1143/1143/1143 1141/1141/1141
f 1143/1143/1143 1140/1140/1140 1142/1142/1142
f 1141/1141/1141 1143/1143/1143 1144/1144/1144
f 1143/1143/1143 1142/1142/1142 1145/1145/1145
f 1143/1143/1143 1146/1146/1146 1144/1144/1144
f 1146/1146/1146 1143/1143/1143 1145/1145/1145
f 1144/1144/1144 1146/1146/1146 1147/1147/1147
f 1146/1146/1146 1145/1145/1145 1148/1148/1148
f 1146/1146/1146 1149/1149/1149 1147/1147/1147
f 1149/1149/1149 1146/1146/1146 1148/1148/1148
f 1147/1147/1147 1149/1149/1149 1150/1150/1150
f 1149/1149/1149 1148/1148/1148 1151/1151/1151
f 1149/1149/1149 1152/1152/1152 1150/1150/1150
f 1152/1152/1152 1149/1149/1149 1151/1151/1151
f 1150/1150/1150 1152/1152/1152 1153/1153/1153
f 1152/1152/1152 1151/1151/1151 1154/1154/1154
f 1152/1152/1152 1155/1155/1155 1153/1153/1153
f 1155/1155/1155 1152/1152/1152 1154/1154/1154
f 1153/1153/1153 1155/1155/1155 1156/1156/1156
f 1155/1155/1155 1154/1154/1154 1157/1157/1157
f 1155/1155/1155 1158/1158/1158 1156/1156/1156
f 1158/1158/1158 1155/1155/1155 1157/1157/1157
f 1156/1156/1156 1158/1158/1158 1159/1159/1159
f 1158/1158/1158 1157/1157/1157 1160/1160/1160
f 1158/1158/1158 1161/1161/1161 1159/1159/1159
f 1161/1161/1161 1158/1158/1158 1160/1160/1160
f 1159/1159/1159 1161/1161/1161 1162/1162/1162
f 1161/1161/1161 1160/1160/1160 1163/1163/1163
f 1161/1161/1161 1164/1164/1164 1162/1162/1162
f 1164/1164/1164 1161/1161/1161 1163/1163/1163
f 1162/1162/1162 1164/1164/1164 1165/1165/1165
f 1164/1164/1164 1163/1163/1163 1166/1166/1166
f 1164/1164/1164 1167/1167/1167 1165/1165/1165
f 1167/1167/1167 1164/1164/1164 1166/1166/1166
f 1170/1170/1170 1169/1169/1169 1168/1168/1168
f 1169/1169/1169 1171/1171/1171 1168/1168/1168
f 1168/1168/1168 1171/1171/1171 1172/1172/1172
f 1171/1171/1171 1173/1173/1173 1172/1172/1172
f 1174/1174/1174 1172/1172/1172 1173/1173/1173
f 1175/1175/1175 1174/1174/1174 1173/1173/1173
f 1176/1176/1176 1174/1174/1174 1175/1175/1175
f 1177/1177/1177 1176/1176/1176 1175/1175/1175
f 1176/1176/1176 1177/1177/1177 1178/1178/1178
f 1179/1179/1179 1176/1176/1176 1178/1178/1178
f 1180/1180/1180 1179/1179/1179 1178/1178/1178
f 1181/1181/1181 1180/1180/1180 1178/1178/1178
f 1184/1184/1184 1183/1183/1183 1182/1182/1182
f 1183/1183/1183 1185/1185/1185 1182/1182/1182
f 1185/1185/1185 1183/1183/1183 1186/1186/1186
f 1183/1183/1183 1187/1187/1187 1186/1186/1186
f 1187/1187/1187 1188/1188/1188 1186/1186/1186
f 1188/1188/1188 1189/1189/1189 1186/1186/1186
f 1188/1188/1188 1190/1190/1190 1189/1189/1189
f 1190/1190/1190 1191/1191/1191 1189/1189/1189
f 1190/1190/1190 1192/1192/1192 1191/1191/1191
f 1192/1192/1192 1193/1193/1193 1191/1191/1191
f 1192/1192/1192 1194/1194/1194 1193/1193/1193
f 1194/1194/1194 1195/1195/1195 1193/1193/1193
f 1194/1194/1194 1196/1196/1196 1195/1195/1195
f 1196/1196/1196 1197/1197/1197 1195/1195/1195
f 1196/1196/1196 1198/1198/1198 1197/1197/1197
f 1198/1198/1198 1199/1199/1199 1197/1197/1197
f 1198/1198/1198 1200/1200/1200 1199/1199/1199
f 1200/1200/1200 1201/1201/1201 1199/1199/1199
f 1200/1200/1200 1202/1202/1202 1201/1201/1201
f 1202/1202/1202 1203/1203/1203 1201/1201/1201
f 1202/1202/1202 1204/1204/1204 1203/1203/1203
f 1204/1204/1204 1205/1205/1205 1203/1203/1203
f 1204/1204/1204 1206/1206/1206 1205/1205/1205
f 1206/1206/1206 1207/1207/1207 1205/1205/1205
f 1207/1207/1207 1206/1206/1206 1208/1208/1208
f 1206/1206/1206 1209/1209/1209 1208/1208/1208
f 1212/1212/1212 1211/1211/1211 1210/1210/1210
f 1213/1213/1213 1212/1212/1212 1210/1210/1210
f 1213/1213/1213 1210/1210/1210 1214/1214/1214
f 1215/1215/1215 1213/1213/1213 1214/1214/1214
f 1214/1214/1214 1216/1216/1216 1215/1215/1215
f 1216/1216/1216 1217/1217/1217 1215/1215/1215
f 1216/1216/1216 1218/1218/1218 1217/1217/1217
f 1218/1218/1218 1219/1219/1219 1217/1217/1217
f 1219/1219/1219 1218/1218/1218 1220/1220/1220
f 1218/1218/1218 1221/1221/1221 1220/1220/1220
f 1221/1221/1221 1222/1222/1222 1220/1220/1220
f 1222/1222/1222 1223/1223/1223 1220/1220/1220
f 1226/1226/1226 1225/1225/1225 1224/1224/1224
f 1225/1225/1225 1227/1227/1227 1224/1224/1224
f 1224/1224/1224 1227/1227/1227 1228/1228/1228
f 1229/1229/1229 1224/1224/1224 1228/1228/1228
f 1229/1229/1229 1228/1228/1228 1230/1230/1230
f 1228/1228/1228 1231/1231/1231 1230/1230/1230
f 1230/1230/1230 1231/1231/1231 1232/1232/1232
f 1231/1231/1231 1233/1233/1233 1232/1232/1232
f 1232/1232/1232 1233/1233/1233 1234/1234/1234
f 1233/1233/1233 1235/1235/1235 1234/1234/1234
f 1234/1234/1234 1235/1235/1235 1236/1236/1236
f 1235/1235/1235 1237/1237/1237 1236/1236/1236
f 1236/1236/1236 1237/1237/1237 1238/1238/1238
f 1237/1237/1237 1239/1239/1239 1238/1238/1238
f 1238/1238/1238 1239/1239/1239 1240/1240/1240
f 1239/1239/1239 1241/1241/1241 1240/1240/1240
f 1240/1240/1240 1241/1241/1241 1242/1242/1242
f 1241/1241/1241 1243/1243/1243 1242/1242/1242
f 1242/1242/1242 1243/1243/1243 1244/1244/1244
f 1243/1243/1243 1245/1245/1245 1244/1244/1244
f 1244/1244/1244 1245/1245/1245 1246/1246/1246
f 1245/1245/1245 1247/1247/1247 1246/1246/1246
f 1246/1246/1246 1247/1247/1247 1248/1248/1248
f 1247/1247/1247 1249/1249/1249 1248/1248/1248
f 1249/1249/1249 1250/1250/1250 1248/1248/1248
f 1250/1250/1250 1251/1251/1251 1248/1248/1248
f 1254/1254/1254 1253/1253/1253 1252/1252/1252
f 1253/1253/1253 1255/1255/1255 1252/1252/1252
f 1255/1255/1255 1253/1253/1253 1256/1256/1256
f 1257/1257/1257 1255/1255/1255 1256/1256/1256
f 1258/1258/1258 1257/1257/1257 1256/1256/1256
f 1259/1259/1259 1258/1258/1258 1256/1256/1256
f 1262/1262/1262 1261/1261/1261 1260/1260/1260
f 1263/1263/1263 1262/1262/1262 1260/1260/1260
f 1260/1260/1260 1264/1264/1264 1263/1263/1263
f 1264/1264/1264 1265/1265/1265 1263/1263/1263
f 1268/1268/1268 1267/1267/1267 1266/1266/1266
f 1267/1267/1267 1269/1269/1269 1266/1266/1266
f 1269/1269/1269 1267/1267/1267 1270/1270/1270
f 1267/1267/1267 1271/1271/1271 1270/1270/1270
f 1274/1274/1274 1273/1273/1273 1272/1272/1272
f 1273/1273/1273 1275/1275/1275 1272/1272/1272
f 1273/1273/1273 1276/1276/1276 1275/1275/1275
f 1276/1276/1276 1277/1277/1277 1275/1275/1275
f 1280/1280/1280 1279/1279/1279 1278/1278/1278
f 1281/1281/1281 1280/1280/1280 1278/1278/1278
f 1281/1281/1281 1282/1282/1282 1280/1280/1280
f 1282/1282/1282 1283/1283/1283 1280/1280/1280
f 1286/1286/1286 1285/1285/1285 1284/1284/1284
f 1285/1285/1285 1287/1287/1287 1284/1284/1284
f 1285/1285/1285 1288/1288/1288 1287/1287/1287
f 1288/1288/1288 1289/1289/1289 1287/1287/1287
f 1292/1292/1292 1291/1291/1291 1290/1290/1290
f 1293/1293/1293 1292/1292/1292 1290/1290/1290
f 1293/1293/1293 1294/1294/1294 1292/1292/1292
f 1294/1294/1294 1295/1295/1295 1292/1292/1292
