g Eff_dunpai_01
v 0.000839964487 -0.00198685518 0.0214098282
v 0.00450422987 -0.00415642653 0.0214306414
v 0.000896542741 -0.00440968573 0.0214110482
v 0.00422122097 -0.0017495167 0.0214294214
v 0.00548535213 -0.00157854066 0.0200138465
v 0.00585299172 -0.00397398463 0.0200150684
v 0.0153639037 0.00257424056 0.0207167212
v 0.0187675897 0.00371936313 0.0207504444
v 0.0187633503 0.00371683738 0.0215211101
v 0.0153595144 0.00257218629 0.0214873981
v 0.0187675897 0.00371936313 0.0207504444
v 0.0187579691 0.000450680964 0.0215128399
v 0.0187633503 0.00371683738 0.0215211101
v 0.0187626481 0.000453203276 0.0207421612
v 0.0148077626 -0.00146396901 0.0207180642
v 0.0148028154 -0.00146594702 0.0214887373
v 0.010655066 -0.00292081293 0.0214646328
v 0.0106602116 -0.0029194071 0.0206939671
v 0.00994998217 -0.00311609893 0.0206899773
v 0.00994482823 -0.00311739859 0.0214606468
v 0.00868842565 -0.00343002495 0.0192600023
v 0.0086832447 -0.00343114673 0.0200306736
v 0.00585826067 -0.00397324329 0.0192443728
v 0.00585299172 -0.00397398463 0.0200150684
v 0.00450950768 -0.00415587658 0.0206599701
v 0.00450422987 -0.00415642653 0.0214306414
v 0.000901863794 -0.00440963265 0.02064039
v 0.000896542741 -0.00440968573 0.0214110482
v 0.00548535213 -0.00157854066 0.0200138465
v 0.00813796464 -0.0010697993 0.0200294554
v 0.0086832447 -0.00343114673 0.0200306736
v 0.00585299172 -0.00397398463 0.0200150684
v 0.0153595144 0.00257218629 0.0214873981
v 0.0187633503 0.00371683738 0.0215211101
v 0.0187579691 0.000450680964 0.0215128399
v 0.01538717 0.00146505318 0.0214846749
v 0.0148028154 -0.00146594702 0.0214887373
v 0.0125888307 0.000282273686 0.0214731954
v 0.010655066 -0.00292081293 0.0214646328
v 0.00970321894 -0.000671445741 0.0214617159
v 0.00932039041 -0.000775737164 0.0214594267
v 0.00994482823 -0.00311739859 0.0214606468
v 0.0086832447 -0.00343114673 0.0200306736
v 0.00813796464 -0.0010697993 0.0200294554
v 0.01538717 0.00146505318 0.0214846749
v 0.0153916962 0.00146710046 0.0207139961
v 0.0153639037 0.00257424056 0.0207167212
v 0.0153595144 0.00257218629 0.0214873981
v 0.0153916962 0.00146710046 0.0207139961
v 0.01538717 0.00146505318 0.0214846749
v 0.0125888307 0.000282273686 0.0214731954
v 0.0125935208 0.000283937057 0.0207025241
v 0.00970804412 -0.00067017891 0.0206910539
v 0.00970321894 -0.000671445741 0.0214617159
v 0.00932522677 -0.000774517946 0.0206887554
v 0.00932039041 -0.000775737164 0.0214594267
v 0.00813796464 -0.0010697993 0.0200294554
v 0.00814283267 -0.00106874714 0.0192587804
v 0.00548535213 -0.00157854066 0.0200138465
v 0.00549027836 -0.00157785648 0.0192431696
v 0.00422122097 -0.0017495167 0.0214294214
v 0.00422617234 -0.00174900657 0.0206587426
v 0.000839964487 -0.00198685518 0.0214098282
v 0.000844946946 -0.00198680954 0.0206391644
v 0.0193388592 0.00438254792 0.0209036041
v 0.0193548873 0.00439262716 0.0179232936
v 0.0194317047 0.000496138935 0.0179133676
v 0.0194136165 0.00048602483 0.0208936799
v 0.0148038156 0.00148912298 0.0178786516
v 0.0147862798 0.00148149417 0.020858964
v 0.0122243688 0.000435346243 0.0208489317
v 0.0122424364 0.000441601442 0.0178686213
v 0.00960763358 -0.000405650499 0.0178585928
v 0.00958914217 -0.000410495588 0.0208388939
v 0.00904327817 -0.000557427644 0.0178551786
v 0.00925160479 -0.000502265699 0.0208368637
v 0.00807841867 -0.000794166175 0.0194068793
v 0.0077959802 -0.000858516141 0.0158796757
v 0.00567718688 -0.00126339355 0.015866816
v 0.0054465197 -0.00129923678 0.0193912666
v 0.00419226242 -0.00146902481 0.0208068453
v 0.004364016 -0.00144868391 0.0178274345
v 9.37861566E-10 -0.00171465811 0.0207832064
v 8.14126766E-10 -0.00171493122 0.0178029183
v -0.00436401414 -0.00144868391 0.0178274345
v -0.00419226056 -0.00146902504 0.0208068453
v -0.00567718549 -0.0012633939 0.015866816
v -0.00544651831 -0.00129923713 0.0193912666
v -0.00807841774 -0.000794166524 0.0194068793
v -0.00779597927 -0.000858516549 0.0158796757
v -0.00904327724 -0.000557428051 0.0178551786
v -0.00925160199 -0.000502266106 0.0208368637
v -0.0095891403 -0.000410495937 0.0208388939
v -0.00960763171 -0.000405650906 0.0178585928
v -0.012224366 0.000435345719 0.0208489317
v -0.0122424336 0.000441600918 0.0178686213
v -0.0148038138 0.0014891231 0.0178786535
v -0.0147862779 0.00148149428 0.020858964
v 0.00468474254 -0.00406541489 0.01782877
v 0.00472747022 -0.00441401638 0.0178289413
v 0.00614989921 -0.00421328424 0.0158683229
v 0.00609436445 -0.00386648742 0.0158681385
v 0.00836865325 -0.00343186082 0.0158810057
v 0.00844496023 -0.0037746923 0.0158811789
v 0.00979602989 -0.00344856945 0.017856691
v 0.00970755797 -0.00310867722 0.0178565159
v 0.00993116386 -0.00304948026 0.0208381917
v 0.0107810376 -0.00317808264 0.0208426025
v 0.0100216772 -0.00338883745 0.0208383705
v 0.0106378533 -0.0028538208 0.0208421648
v 0.0147144673 -0.00143073872 0.0208658837
v 0.0152080823 -0.00160715485 0.0208681412
v 0.0186062474 0.000439297874 0.0208896007
v 0.0194136165 0.00048602483 0.0208936799
v 0.0186115708 0.00356548908 0.0208974816
v 0.0193388592 0.00438254792 0.0209036041
v 0.0106576504 -0.00284841401 0.0178618599
v 0.00970755797 -0.00310867722 0.0178565159
v 0.00979602989 -0.00344856945 0.017856691
v 0.0108010406 -0.00317259342 0.0178622976
v 0.014733538 -0.00142315112 0.0178855788
v 0.0152272666 -0.0015992946 0.0178878345
v 0.018624356 0.000448973122 0.0179092996
v 0.0194317047 0.000496138935 0.0179133676
v 0.0193548873 0.00439262716 0.0179232936
v 0.0186280217 0.0035751774 0.017917173
v 0.0147940367 0.00287667406 0.0178817157
v 0.0193548873 0.00439262716 0.0179232936
v 0.0193388592 0.00438254792 0.0209036041
v 0.014777231 0.00286904303 0.0208620336
v 0.00816140603 -0.00115342799 0.01940706
v 0.00925160479 -0.000502265699 0.0208368637
v 0.00934663974 -0.000858529762 0.0208370462
v 0.00807841867 -0.000794166175 0.0194068793
v 0.0054465197 -0.00129923678 0.0193912666
v 0.00550249405 -0.00166368613 0.0193914603
v 0.00419226242 -0.00146902481 0.0208068453
v 0.00423535472 -0.001835217 0.0208070241
v 0.00105551363 -0.00206800085 0.0207886714
v 9.37861566E-10 -0.00171465811 0.0207832064
v 0.00112182472 -0.00433461973 0.0207898151
v 9.89141324E-10 -0.00470218295 0.0207847264
v 0.00450039608 -0.00408726558 0.0208081696
v 0.00454145297 -0.00443606824 0.0208083559
v 0.00590005983 -0.0042521283 0.0193927828
v 0.00584673649 -0.00390497921 0.0193925966
v 0.0087509118 -0.00370501424 0.0194083881
v 0.00867185183 -0.00336282211 0.0194082037
v 0.00993116386 -0.00304948026 0.0208381917
v 0.0100216772 -0.00338883745 0.0208383705
v -0.00112182274 -0.00433461973 0.0207898151
v -0.00105551188 -0.00206800085 0.0207886714
v -0.00450039329 -0.00408726558 0.0208081696
v -0.00454145065 -0.00443606917 0.0208083559
v -0.00590005843 -0.0042521283 0.0193927847
v -0.00584673509 -0.00390497944 0.0193925984
v -0.00419226056 -0.00146902504 0.0208068453
v -0.00423535286 -0.00183521712 0.0208070241
v -0.00550249266 -0.00166368647 0.0193914603
v -0.00544651831 -0.00129923713 0.0193912666
v 0.00913618319 -0.000914250908 0.0178553741
v 0.00904327817 -0.000557427644 0.0178551786
v 0.0077959802 -0.000858516141 0.0158796757
v 0.00787606928 -0.00121843175 0.0158798546
v 0.00573551748 -0.00162747467 0.0158670023
v 0.00567718688 -0.00126339355 0.015866816
v 0.004364016 -0.00144868391 0.0178274345
v 0.00440886198 -0.00181466562 0.017827617
v 8.14126766E-10 -0.00171493122 0.0178029183
v 0.00107484055 -0.00206770492 0.0178083517
v -0.00440886011 -0.00181466562 0.017827617
v -0.00107483903 -0.00206770492 0.0178083517
v -0.00436401414 -0.00144868391 0.0178274345
v -0.00573551655 -0.00162747479 0.0158670023
v -0.00567718549 -0.0012633939 0.015866816
v 0.00114234898 -0.00433429005 0.0178094935
v 0.00107484055 -0.00206770492 0.0178083517
v 8.76786921E-10 -0.00470245862 0.0178044178
v 0.00472747022 -0.00441401638 0.0178289413
v 0.00468474254 -0.00406541489 0.01782877
v -0.00107483903 -0.00206770492 0.0178083517
v -0.00114234723 -0.00433429005 0.0178094935
v 8.76786921E-10 -0.00470245862 0.0178044178
v -0.00472746789 -0.00441401685 0.0178289413
v -0.00468474021 -0.00406541536 0.0178287718
v 0.0152080823 -0.00160715485 0.0208681412
v 0.0194136165 0.00048602483 0.0208936799
v 0.0194317047 0.000496138935 0.0179133676
v 0.0152272666 -0.0015992946 0.0178878345
v 0.0107810376 -0.00317808264 0.0208426025
v 0.0108010406 -0.00317259342 0.0178622976
v 0.0100216772 -0.00338883745 0.0208383705
v 0.00979602989 -0.00344856945 0.017856691
v 0.00844496023 -0.0037746923 0.0158811789
v 0.0087509118 -0.00370501424 0.0194083881
v 0.00614989921 -0.00421328424 0.0158683229
v 0.00590005983 -0.0042521283 0.0193927828
v 0.00454145297 -0.00443606824 0.0208083559
v 0.00472747022 -0.00441401638 0.0178289413
v 9.89141324E-10 -0.00470218295 0.0207847264
v 8.76786921E-10 -0.00470245862 0.0178044178
v -0.00472746789 -0.00441401685 0.0178289413
v -0.00454145065 -0.00443606917 0.0208083559
v -0.00614989875 -0.00421328424 0.0158683248
v -0.00590005843 -0.0042521283 0.0193927847
v -0.00875091087 -0.00370501447 0.0194083899
v -0.0084449593 -0.00377469254 0.0158811808
v -0.0100216744 -0.00338883791 0.0208383705
v -0.00979602896 -0.00344856968 0.017856691
v -0.0108010387 -0.00317259389 0.0178622976
v -0.0107810348 -0.00317808334 0.0208426025
v -0.0152272638 -0.00159929448 0.0178878345
v -0.0152080795 -0.00160715473 0.0208681412
v -0.0194317028 0.000496138935 0.0179133713
v -0.0194136146 0.00048602483 0.0208936837
v 0.00960763358 -0.000405650499 0.0178585928
v 0.00904327817 -0.000557427644 0.0178551786
v 0.00913618319 -0.000914250908 0.0178553741
v 0.00975170918 -0.000748282706 0.0178590417
v 0.0122424364 0.000441601442 0.0178686213
v 0.0127198277 0.00024155037 0.0178709868
v 0.0148038156 0.00148912298 0.0178786516
v 0.0155942999 0.00147367653 0.017882932
v 0.0147940367 0.00287667406 0.0178817157
v 0.0155585986 0.00256499741 0.0178856067
v 0.0193548873 0.00439262716 0.0179232936
v 0.0186280217 0.0035751774 0.017917173
v 0.014777231 0.00286904303 0.0208620336
v 0.0193388592 0.00438254792 0.0209036041
v 0.0186115708 0.00356548908 0.0208974816
v 0.0155416233 0.00255695544 0.0208659135
v 0.0155767463 0.0014656235 0.0208632555
v 0.0147862798 0.00148149417 0.020858964
v 0.0127016418 0.000235037252 0.0208513085
v 0.0122243688 0.000435346243 0.0208489317
v 0.00973302405 -0.000753208355 0.0208393615
v 0.00958914217 -0.000410495588 0.0208388939
v 0.00934663974 -0.000858529762 0.0208370462
v 0.0147862798 0.00148149417 0.020858964
v 0.0148038156 0.00148912298 0.0178786516
v 0.0147940367 0.00287667406 0.0178817157
v 0.014777231 0.00286904303 0.0208620336
v 0.00473211473 -0.00412929384 0.0179465692
v 0.000925472879 -0.00440938445 0.0172200277
v 0.000920599909 -0.0044094394 0.0179258753
v 0.00453299703 -0.00415342394 0.0172396041
v 0.00614013523 -0.00392921036 0.0159692038
v 0.0058854809 -0.0039694244 0.0152619183
v 0.00833359919 -0.00351051567 0.0159812886
v 0.00871530082 -0.0034241809 0.0152775198
v 0.00967787765 -0.0031878578 0.0179738551
v 0.00997288339 -0.0031103061 0.0172696095
v 0.0106782895 -0.00291447178 0.0179794729
v 0.010682974 -0.00291319145 0.017273603
v 0.0148296719 -0.00145520084 0.0172977
v 0.0148251532 -0.00145701226 0.0180035643
v 0.0187791288 0.000462090684 0.0180276539
v 0.018783424 0.000464410288 0.0173217971
v 0.015407688 0.00147435151 0.0179994907
v 0.0154118408 0.00147623941 0.017293632
v 0.0153833758 0.00258336309 0.0172963515
v 0.015379359 0.00258147647 0.0180022009
v 0.0154118408 0.00147623941 0.017293632
v 0.015407688 0.00147435151 0.0179994907
v 0.012610062 0.000289818272 0.0179880168
v 0.0126143647 0.000291354343 0.0172821581
v 0.00972944498 -0.000664534047 0.0172706842
v 0.0097250212 -0.000665707223 0.0179765429
v 0.00934668537 -0.00076911028 0.0172683951
v 0.00912470277 -0.000827635406 0.0179729499
v 0.0078084874 -0.00114459882 0.0159800611
v 0.00816801842 -0.00106329657 0.0152763026
v 0.00575507851 -0.00153651414 0.0159679782
v 0.00551579474 -0.00157429732 0.0152606964
v 0.00444287853 -0.00172311673 0.0179453958
v 0.00424818462 -0.00174672611 0.0172383748
v 0.000862492947 -0.00198664353 0.0179246664
v 0.000867066788 -0.00198660046 0.0172187984
v 0.0187863782 0.00373057812 0.017330084
v 0.018783424 0.000464410288 0.0173217971
v 0.0187791288 0.000462090684 0.0180276539
v 0.0187825076 0.00372826518 0.0180359427
v 0.0153833758 0.00258336309 0.0172963515
v 0.0187863782 0.00373057812 0.017330084
v 0.0187825076 0.00372826518 0.0180359427
v 0.015379359 0.00258147647 0.0180022009
v 0.00168457278 -0.00418228842 0.0172240678
v 0.00453299703 -0.00415342394 0.0172396041
v 0.00451062899 -0.00396450376 0.0172395147
v 0.000925472879 -0.00440938445 0.0172200277
v 0.00159957469 -0.00225164276 0.0172231086
v 0.000867066788 -0.00198660046 0.0172187984
v 0.00985150877 -0.00093126751 0.0172710847
v 0.00934668537 -0.00076911028 0.0172683951
v 0.00942154601 -0.0010490329 0.017268531
v 0.00972944498 -0.000664534047 0.0172706842
v 0.0126143647 0.000291354343 0.0172821581
v 0.0129962359 0.000139638374 0.0172840431
v 0.0154118408 0.00147623941 0.017293632
v 0.0160279013 0.00149114931 0.0172969997
v 0.0159600433 0.0023908664 0.0172991194
v 0.0153833758 0.00258336309 0.0172963515
v 0.0179440957 0.00296415319 0.0173237082
v 0.0187863782 0.00373057812 0.017330084
v 0.0099339122 -0.00296468614 0.0172695387
v 0.00997288339 -0.0031103061 0.0172696095
v 0.010682974 -0.00291319145 0.017273603
v 0.0106154038 -0.00276938756 0.0172733832
v 0.0143227931 -0.0015219748 0.0172949508
v 0.0148296719 -0.00145520084 0.0172977
v 0.0178865008 9.64374049E-05 0.0173165184
v 0.018783424 0.000464410288 0.0173217971
v 0.0187863782 0.00373057812 0.017330084
v 0.0179440957 0.00296415319 0.0173237082
v 0.00451062899 -0.00396450376 0.0172395147
v 0.00453299703 -0.00415342394 0.0172396041
v 0.0058854809 -0.0039694244 0.0152619183
v 0.00585679058 -0.00378348283 0.0152618289
v 0.00871530082 -0.0034241809 0.0152775198
v 0.00867874082 -0.0032664733 0.0152774332
v 0.00997288339 -0.0031103061 0.0172696095
v 0.0099339122 -0.00296468614 0.0172695387
v 0.00555999251 -0.00186066388 0.0152608436
v 0.00424818462 -0.00174672611 0.0172383748
v 0.00428224169 -0.00203447393 0.0172385294
v 0.00551579474 -0.00157429732 0.0152606964
v 0.00823344942 -0.00134556601 0.0152764423
v 0.00816801842 -0.00106329657 0.0152763026
v 0.00942154601 -0.0010490329 0.017268531
v 0.00934668537 -0.00076911028 0.0172683951
v 0.00428224169 -0.00203447393 0.0172385294
v 0.00424818462 -0.00174672611 0.0172383748
v 0.000867066788 -0.00198660046 0.0172187984
v 0.00159957469 -0.00225164276 0.0172231086
v 0.0157027021 0.00120365876 0.0271628462
v 0.0130451834 6.54703617E-05 0.0191099513
v 0.015750479 0.0012254084 0.0191267245
v 0.0129491342 3.08595481E-05 0.0347412378
v 0.0102553638 -0.000872929872 0.0190931801
v 0.010108958 -0.000912596879 0.0423196368
v 0.00674480246 -0.00169329799 0.0190725364
v 0.00659527071 -0.00171833078 0.042298995
v 0.00300343288 -0.00217499677 0.0422783494
v 0.00315461634 -0.0021649038 0.0190518908
v 0.0107675409 -0.0025977171 0.042321261
v 0.010108958 -0.000912596879 0.0423196368
v 0.0129491342 3.08595481E-05 0.0347412378
v 0.0138385864 -0.00154660235 0.0347434282
v 0.0157027021 0.00120365876 0.0271628462
v 0.0168090127 -0.000239740053 0.0271655992
v 0.015750479 0.0012254084 0.0191267245
v 0.0168588609 -0.000216399218 0.0191294905
v 0.00314766867 -0.003969796 0.0422788411
v 0.00300343288 -0.00217499677 0.0422783494
v 0.00659527071 -0.00171833078 0.042298995
v 0.00698209461 -0.00347861135 0.0423000529
v 0.010108958 -0.000912596879 0.0423196368
v 0.0107675409 -0.0025977171 0.042321261
v 0.0180244781 0.00303789391 0.0177569222
v 0.0181228593 0.00309316418 0.000220389804
v 0.0180784557 0.000155560032 0.000213025414
v 0.0179709326 0.000100484795 0.017749561
v 0.0155418348 0.00227536703 0.000191988656
v 0.0155887436 0.00133691111 0.000189731712
v 0.0180784557 0.000155560032 0.000213025414
v 0.0181228593 0.00309316418 0.000220389804
v 0.0155887436 0.00133691111 0.000189731712
v 0.0145942485 -0.00146285095 0.000191877101
v 0.0180784557 0.000155560032 0.000213025414
v 0.0130548989 0.000241995862 0.000179948547
v 0.01096748 -0.00272586965 0.00017072889
v 0.0104447529 -0.000657815253 0.000170165411
v 0.0060137948 -0.00168930041 0.000144014586
v 0.00632143859 -0.00379815768 0.000144840946
v 0.00148868526 -0.00215979922 0.000117863841
v 0.00157849723 -0.00428817933 0.000118953052
v 0.0130548989 0.000241995862 0.000179948547
v 0.0155887436 0.00133691111 0.000189731712
v 0.0154849952 0.00128966104 0.0177262723
v 0.0129478425 0.000202742041 0.017716486
v 0.0104447529 -0.000657815253 0.000170165411
v 0.0103350002 -0.000688843254 0.0177066997
v 0.0060137948 -0.00168930041 0.000144014586
v 0.00590102701 -0.00170639076 0.0176805463
v 0.00137466635 -0.00216268492 0.0176543947
v 0.00148868526 -0.00215979922 0.000117863841
v 0.0155418348 0.00227536703 0.000191988656
v 0.0154410135 0.00222825422 0.0177285243
v 0.0154849952 0.00128966104 0.0177262723
v 0.0155887436 0.00133691111 0.000189731712
v 0.0154410135 0.00222825422 0.0177285243
v 0.0155418348 0.00227536703 0.000191988656
v 0.0181228593 0.00309316418 0.000220389804
v 0.0180244781 0.00303789391 0.0177569222
v 0.00373930903 -0.00448719924 0.0139734112
v 0.00372184883 -0.00411087554 0.0139733264
v 0.00374010578 -0.00410934398 0.011310895
v 0.00375772407 -0.00448566023 0.0113109881
v 0.00163457275 -0.00461824099 0.0112995375
v 0.00161608763 -0.00461876998 0.0139619708
v 0.00373930903 -0.00448719924 0.0139734112
v 0.00375772407 -0.00448566023 0.0113109881
v 0.00163457275 -0.00461824099 0.0112995375
v 0.00375772407 -0.00448566023 0.0113109881
v 0.00374010578 -0.00410934398 0.011310895
v 0.00158153847 -0.00365948305 0.0112989806
v 0.00373930903 -0.00448719924 0.0139734112
v 0.00161608763 -0.00461876998 0.0139619708
v 0.00156351831 -0.0036599841 0.0139614092
v 0.00372184883 -0.00411087554 0.0139733264
v 0.00378961372 -0.00410513673 0.00408928189
v 0.00380771421 -0.00448143296 0.00408937223
v 0.00378928916 -0.00448299944 0.00675179716
v 0.00377135747 -0.00410669716 0.00675171241
v 0.00380771421 -0.00448143296 0.00408937223
v 0.00168469618 -0.00461675692 0.00407791836
v 0.00166621699 -0.00461731059 0.00674034841
v 0.00378928916 -0.00448299944 0.00675179716
v 0.00166621699 -0.00461731059 0.00674034841
v 0.00159310014 -0.00365926581 0.00673968904
v 0.00377135747 -0.00410669716 0.00675171241
v 0.00378928916 -0.00448299944 0.00675179716
v 0.00380771421 -0.00448143296 0.00408937223
v 0.00378961372 -0.00410513673 0.00408928189
v 0.0016111302 -0.00365874823 0.00407726597
v 0.00168469618 -0.00461675692 0.00407791836
v 0.013939051 -0.0015094924 0.0191121437
v 0.0168090127 -0.000239740053 0.0271655992
v 0.0168588609 -0.000216399218 0.0191294905
v 0.0138385864 -0.00154660235 0.0347434282
v 0.0109209586 -0.00255528884 0.0190947987
v 0.0107675409 -0.0025977171 0.042321261
v 0.00713909743 -0.00345291686 0.0190735888
v 0.00698209461 -0.00347861135 0.0423000529
v 0.00314766867 -0.003969796 0.0422788411
v 0.00330646429 -0.00396103365 0.019052377
v 0.0180784557 0.000155560032 0.000213025414
v 0.0144818146 -0.00150693126 0.0177284181
v 0.0179709326 0.000100484795 0.017749561
v 0.0145942485 -0.00146285095 0.000191877101
v 0.0108512556 -0.00275852578 0.0177072752
v 0.01096748 -0.00272586965 0.00017072889
v 0.00620206306 -0.00381620298 0.0176813789
v 0.00632143859 -0.00379815768 0.000144840946
v 0.00145779992 -0.00429133652 0.0176554825
v 0.00157849723 -0.00428817933 0.000118953052
v 0.00330646429 -0.00396103365 0.019052377
v 1.80571613E-09 -0.00409937324 0.0422788411
v 0.00314766867 -0.003969796 0.0422788411
v 9.12251219E-10 -0.0041040224 0.019052377
v -0.00330646173 -0.00396103365 0.019052377
v -0.00314766518 -0.00396979554 0.0422788411
v 0.00314766867 -0.003969796 0.0422788411
v 1.82429816E-09 -0.00229879259 0.0422783494
v 0.00300343288 -0.00217499677 0.0422783494
v 1.80571613E-09 -0.00409937324 0.0422788411
v -0.00314766518 -0.00396979554 0.0422788411
v -0.00300342962 -0.00217499677 0.0422783494
v 0.00300343288 -0.00217499677 0.0422783494
v 8.77338147E-10 -0.00230149017 0.0190518908
v 0.00315461634 -0.0021649038 0.0190518908
v 1.82429816E-09 -0.00229879259 0.0422783494
v -0.00300342962 -0.00217499677 0.0422783494
v -0.00315461447 -0.00216490403 0.0190518908
v 0.00137466635 -0.00216268492 0.0176543947
v 1.00561587E-10 -0.00219026511 0.000117863907
v 0.00148868526 -0.00215979922 0.000117863841
v 8.17977075E-10 -0.0021886623 0.0176543947
v -0.00137466472 -0.00216268492 0.0176543947
v -0.00148868503 -0.00215979922 0.000117863972
v 0.00148868526 -0.00215979922 0.000117863841
v 1.93399477E-10 -0.00432053814 0.000118953125
v 0.00157849723 -0.00428817933 0.000118953052
v 1.00561587E-10 -0.00219026511 0.000117863907
v -0.00148868503 -0.00215979922 0.000117863972
v -0.001578497 -0.00428817933 0.000118953212
v 0.00157849723 -0.00428817933 0.000118953052
v 8.63062899E-10 -0.00431893533 0.0176554825
v 0.00145779992 -0.00429133652 0.0176554825
v 1.93399477E-10 -0.00432053814 0.000118953125
v -0.001578497 -0.00428817933 0.000118953212
v -0.00145779829 -0.00429133652 0.0176554825
v 0.00158153847 -0.00365948305 0.0112989806
v 6.30091535E-10 -0.00465264358 0.0112995375
v 0.00163457275 -0.00461824099 0.0112995375
v 6.01968586E-10 -0.00369250495 0.0112989806
v -0.00158153742 -0.00365948281 0.0112989815
v -0.00163457147 -0.00461824099 0.0112995375
v 0.00163457275 -0.00461824099 0.0112995375
v 7.30629834E-10 -0.00465239817 0.0139619708
v 0.00161608763 -0.00461876998 0.0139619708
v 6.30091535E-10 -0.00465264358 0.0112995375
v -0.00163457147 -0.00461824099 0.0112995375
v -0.00161608635 -0.00461876998 0.0139619708
v 7.30629834E-10 -0.00465239817 0.0139619708
v 0.00156351831 -0.0036599841 0.0139614092
v 0.00161608763 -0.00461876998 0.0139619708
v 7.05774217E-10 -0.00369225792 0.0139614092
v -0.00156351691 -0.0036599841 0.0139614101
v -0.00161608635 -0.00461876998 0.0139619708
v 0.0016111302 -0.00365874823 0.00407726597
v 3.57398222E-10 -0.00465330202 0.0040779179
v 0.00168469618 -0.00461675692 0.00407791836
v 3.20402982E-10 -0.00369301764 0.00407726597
v -0.00161112961 -0.003658748 0.0040772655
v -0.0016846956 -0.00461675692 0.00407791836
v 0.00168469618 -0.00461675692 0.00407791836
v 4.57931915E-10 -0.00465305801 0.00674034841
v 0.00166621699 -0.00461731059 0.00674034841
v 3.57398222E-10 -0.00465330202 0.0040779179
v -0.0016846956 -0.00461675692 0.00407791836
v -0.00166621595 -0.00461731059 0.00674034841
v 4.57931915E-10 -0.00465305801 0.00674034841
v 0.00159310014 -0.00365926581 0.00673968904
v 0.00166621699 -0.00461731059 0.00674034841
v 4.24204422E-10 -0.00369277271 0.00673968904
v -0.00159309921 -0.00365926581 0.00673968904
v -0.00166621595 -0.00461731059 0.00674034841
v 0.000901863794 -0.00440963265 0.02064039
v 1.00814401E-09 -0.00442009466 0.0214110482
v 0.000896542741 -0.00440968573 0.0214110482
v 9.7881292E-10 -0.00442016497 0.02064039
v -0.000901861815 -0.00440963218 0.02064039
v -0.000896540645 -0.00440968573 0.0214110482
v 0.000896542741 -0.00440968573 0.0214110482
v 9.68486846E-10 -0.00199660333 0.0214098282
v 0.000839964487 -0.00198685518 0.0214098282
v 1.00814401E-09 -0.00442009466 0.0214110482
v -0.000896540645 -0.00440968573 0.0214110482
v -0.000839962566 -0.00198685518 0.0214098282
v 0.000839964487 -0.00198685518 0.0214098282
v 9.36768108E-10 -0.00199667341 0.0206391644
v 0.000844946946 -0.00198680954 0.0206391644
v 9.68486846E-10 -0.00199660333 0.0214098282
v -0.000839962566 -0.00198685518 0.0214098282
v -0.0008449452 -0.00198680931 0.0206391644
v 0.000862492947 -0.00198664353 0.0179246664
v 7.95995658E-10 -0.00199698796 0.0172187984
v 0.000867066788 -0.00198660046 0.0172187984
v 8.25046809E-10 -0.00199692161 0.0179246664
v -0.000862491259 -0.00198664353 0.0179246664
v -0.000867065275 -0.00198660046 0.0172187984
v 0.000867066788 -0.00198660046 0.0172187984
v 8.48636106E-10 -0.00442047603 0.0172200277
v 0.000925472879 -0.00440938445 0.0172200277
v 7.95995658E-10 -0.00199698796 0.0172187984
v -0.000867065275 -0.00198660046 0.0172187984
v -0.000925471191 -0.00440938445 0.0172200277
v 0.000925472879 -0.00440938445 0.0172200277
v 8.75500061E-10 -0.0044204141 0.0179258753
v 0.000920599909 -0.0044094394 0.0179258753
v 8.48636106E-10 -0.00442047603 0.0172200277
v -0.000925471191 -0.00440938445 0.0172200277
v -0.000920597988 -0.0044094394 0.0179258753
v -0.000839962566 -0.00198685518 0.0214098282
v -0.000896540645 -0.00440968573 0.0214110482
v -0.00450422801 -0.00415642699 0.0214306414
v -0.0042212191 -0.0017495167 0.0214294214
v -0.00548535073 -0.00157854089 0.0200138465
v -0.00585299078 -0.00397398509 0.0200150684
v -0.0153639019 0.00257424079 0.0207167212
v -0.0153595125 0.00257218652 0.0214873981
v -0.0187633466 0.00371683738 0.021521112
v -0.0187675878 0.0037193629 0.0207504462
v -0.0187675878 0.0037193629 0.0207504462
v -0.0187633466 0.00371683738 0.021521112
v -0.0187579654 0.000450680964 0.0215128418
v -0.0187626462 0.000453203305 0.0207421631
v -0.0148077607 -0.00146396889 0.0207180623
v -0.0148028135 -0.0014659469 0.0214887355
v -0.0106550632 -0.00292081339 0.0214646328
v -0.0106602106 -0.00291940803 0.0206939671
v -0.0099499803 -0.00311609893 0.0206899773
v -0.0099448273 -0.00311739882 0.0214606468
v -0.00868842471 -0.00343002519 0.0192600042
v -0.00868324284 -0.00343114696 0.0200306736
v -0.00585826021 -0.00397324329 0.0192443747
v -0.00585299078 -0.00397398509 0.0200150684
v -0.00450950535 -0.00415587705 0.0206599701
v -0.00450422801 -0.00415642699 0.0214306414
v -0.000901861815 -0.00440963218 0.02064039
v -0.000896540645 -0.00440968573 0.0214110482
v -0.00548535073 -0.00157854089 0.0200138465
v -0.00585299078 -0.00397398509 0.0200150684
v -0.00868324284 -0.00343114696 0.0200306736
v -0.00813796371 -0.00106979953 0.0200294554
v -0.0153595125 0.00257218652 0.0214873981
v -0.0187579654 0.000450680964 0.0215128418
v -0.0187633466 0.00371683738 0.021521112
v -0.0153871672 0.00146505318 0.0214846749
v -0.0148028135 -0.0014659469 0.0214887355
v -0.0125888288 0.000282273104 0.0214731954
v -0.0106550632 -0.00292081339 0.0214646328
v -0.00970321707 -0.000671446149 0.0214617159
v -0.00932038855 -0.000775737513 0.0214594267
v -0.0099448273 -0.00311739882 0.0214606468
v -0.00868324284 -0.00343114696 0.0200306736
v -0.00813796371 -0.00106979953 0.0200294554
v -0.0153871672 0.00146505318 0.0214846749
v -0.0153595125 0.00257218652 0.0214873981
v -0.0153639019 0.00257424079 0.0207167212
v -0.0153916944 0.00146710034 0.0207139961
v -0.0125888288 0.000282273104 0.0214731954
v -0.0153871672 0.00146505318 0.0214846749
v -0.0153916944 0.00146710034 0.0207139961
v -0.012593518 0.000283936504 0.0207025241
v -0.00970804133 -0.000670179317 0.0206910539
v -0.00970321707 -0.000671446149 0.0214617159
v -0.00932522397 -0.000774518237 0.0206887554
v -0.00932038855 -0.000775737513 0.0214594267
v -0.00813796371 -0.00106979953 0.0200294554
v -0.00814283174 -0.0010687476 0.0192587804
v -0.00548535073 -0.00157854089 0.0200138465
v -0.00549027743 -0.00157785683 0.0192431696
v -0.0042212191 -0.0017495167 0.0214294214
v -0.00422617048 -0.0017490068 0.0206587426
v -0.000839962566 -0.00198685518 0.0214098282
v -0.0008449452 -0.00198680931 0.0206391644
v -0.0193388574 0.00438254792 0.020903606
v -0.0194136146 0.00048602483 0.0208936837
v -0.0194317028 0.000496138935 0.0179133713
v -0.0193548836 0.00439262716 0.0179232936
v -0.00468474021 -0.00406541536 0.0178287718
v -0.00614989875 -0.00421328424 0.0158683248
v -0.00472746789 -0.00441401685 0.0178289413
v -0.00609436305 -0.00386648765 0.0158681404
v -0.00836865231 -0.00343186106 0.0158810057
v -0.0084449593 -0.00377469254 0.0158811808
v -0.014794033 0.00287667406 0.0178817157
v -0.0147772282 0.00286904327 0.0208620336
v -0.0193388574 0.00438254792 0.020903606
v -0.0193548836 0.00439262716 0.0179232936
v -0.0081614051 -0.00115342846 0.01940706
v -0.00544651831 -0.00129923713 0.0193912666
v -0.00550249266 -0.00166368647 0.0193914603
v -0.00807841774 -0.000794166524 0.0194068793
v -0.00925160199 -0.000502266106 0.0208368637
v -0.00934663787 -0.000858530169 0.0208370462
v -0.00973302126 -0.00075320882 0.0208393615
v -0.0095891403 -0.000410495937 0.0208388939
v -0.012224366 0.000435345719 0.0208489317
v -0.0127016399 0.000235036699 0.0208513085
v -0.0147862779 0.00148149428 0.020858964
v -0.0155767435 0.0014656235 0.0208632555
v -0.0147772282 0.00286904327 0.0208620336
v -0.0155416215 0.00255695544 0.0208659135
v -0.018611569 0.00356548908 0.0208974835
v -0.0193388574 0.00438254792 0.020903606
v -0.00779597927 -0.000858516549 0.0158796757
v -0.00573551655 -0.00162747479 0.0158670023
v -0.00567718549 -0.0012633939 0.015866816
v -0.00787606835 -0.00121843209 0.0158798546
v -0.00913618226 -0.000914251257 0.0178553741
v -0.00904327724 -0.000557428051 0.0178551786
v -0.00960763171 -0.000405650906 0.0178585928
v -0.00975170732 -0.00074828323 0.0178590417
v -0.0122424336 0.000441600918 0.0178686213
v -0.0127198249 0.000241549831 0.0178709868
v -0.0148038138 0.0014891231 0.0178786535
v -0.0155942971 0.00147367653 0.0178829338
v -0.014794033 0.00287667406 0.0178817157
v -0.0155585967 0.00256499765 0.0178856067
v -0.0193548836 0.00439262716 0.0179232936
v -0.018628018 0.00357517716 0.0179171767
v -0.0193548836 0.00439262716 0.0179232936
v -0.0186243542 0.00044897318 0.0179093014
v -0.018628018 0.00357517716 0.0179171767
v -0.0194317028 0.000496138935 0.0179133713
v -0.0152272638 -0.00159929448 0.0178878345
v -0.0147335362 -0.00142315112 0.0178855788
v -0.0108010387 -0.00317259389 0.0178622976
v -0.0106576476 -0.0028484147 0.0178618617
v -0.00979602896 -0.00344856968 0.017856691
v -0.00970755704 -0.00310867745 0.0178565178
v -0.00836865231 -0.00343186106 0.0158810057
v -0.0084449593 -0.00377469254 0.0158811808
v -0.00875091087 -0.00370501447 0.0194083899
v -0.00584673509 -0.00390497944 0.0193925984
v -0.00590005843 -0.0042521283 0.0193927847
v -0.0086718509 -0.00336282235 0.0194082055
v -0.00993116107 -0.00304948026 0.0208381917
v -0.0100216744 -0.00338883791 0.0208383705
v -0.0107810348 -0.00317808334 0.0208426025
v -0.0106378505 -0.0028538215 0.0208421648
v -0.0147144645 -0.00143073848 0.0208658818
v -0.0152080795 -0.00160715473 0.0208681412
v -0.0186062455 0.000439297932 0.0208896045
v -0.0194136146 0.00048602483 0.0208936837
v -0.018611569 0.00356548908 0.0208974835
v -0.0193388574 0.00438254792 0.020903606
v -0.0147862779 0.00148149428 0.020858964
v -0.0147772282 0.00286904327 0.0208620336
v -0.014794033 0.00287667406 0.0178817157
v -0.0148038138 0.0014891231 0.0178786535
v -0.0047321124 -0.00412929477 0.0179465692
v -0.000920597988 -0.0044094394 0.0179258753
v -0.000925471191 -0.00440938445 0.0172200277
v -0.00453299517 -0.00415342394 0.0172396041
v -0.0061401343 -0.00392921036 0.0159692056
v -0.00588547997 -0.0039694244 0.0152619192
v -0.00833359826 -0.00351051567 0.0159812905
v -0.00871529989 -0.00342418137 0.0152775217
v -0.00967787672 -0.00318785803 0.017973857
v -0.00997288246 -0.00311030657 0.0172696095
v -0.0106782876 -0.00291447248 0.0179794747
v -0.0106829712 -0.00291319238 0.017273603
v -0.0148296701 -0.00145520212 0.0172977
v -0.0148251504 -0.00145701214 0.0180035643
v -0.0187791269 0.000462090771 0.0180276576
v -0.0187834203 0.000464408658 0.0173218008
v -0.0154076861 0.00147435139 0.0179994926
v -0.0153793572 0.0025814767 0.0180022027
v -0.015383373 0.0025833617 0.0172963515
v -0.015411838 0.0014762379 0.017293632
v -0.0126100592 0.000289817719 0.0179880168
v -0.0154076861 0.00147435139 0.0179994926
v -0.015411838 0.0014762379 0.017293632
v -0.0126143619 0.000291353761 0.01728216
v -0.00972944312 -0.000664534455 0.0172706842
v -0.00972501934 -0.00066570763 0.0179765429
v -0.00934668444 -0.000769110688 0.0172683951
v -0.00912470184 -0.000827635638 0.0179729499
v -0.007808486 -0.00114459917 0.0159800611
v -0.00816801749 -0.00106329692 0.0152763026
v -0.00575507805 -0.00153651438 0.0159679782
v -0.00551579334 -0.00157429767 0.0152606964
v -0.00444287667 -0.00172311685 0.0179453958
v -0.00424818369 -0.00174672634 0.0172383748
v -0.000862491259 -0.00198664353 0.0179246664
v -0.000867065275 -0.00198660046 0.0172187984
v -0.0187863745 0.00373057625 0.0173300877
v -0.0187825058 0.00372826471 0.0180359464
v -0.0187791269 0.000462090771 0.0180276576
v -0.0187834203 0.000464408658 0.0173218008
v -0.015383373 0.0025833617 0.0172963515
v -0.0153793572 0.0025814767 0.0180022027
v -0.0187825058 0.00372826471 0.0180359464
v -0.0187863745 0.00373057625 0.0173300877
v -0.00168457127 -0.00418228842 0.0172240678
v -0.0045106262 -0.00396450376 0.0172395147
v -0.00453299517 -0.00415342394 0.0172396041
v -0.000925471191 -0.00440938445 0.0172200277
v -0.00159957306 -0.00225164276 0.0172231086
v -0.000867065275 -0.00198660046 0.0172187984
v -0.00985150784 -0.000931267918 0.0172710847
v -0.00942154415 -0.00104903348 0.017268531
v -0.00934668444 -0.000769110688 0.0172683951
v -0.00972944312 -0.000664534455 0.0172706842
v -0.0099339122 -0.00296468614 0.0172695387
v -0.0106829712 -0.00291319238 0.017273603
v -0.00997288246 -0.00311030657 0.0172696095
v -0.010615401 -0.00276938826 0.0172733851
v -0.0143227903 -0.00152197597 0.0172949508
v -0.0148296701 -0.00145520212 0.0172977
v -0.0178864971 9.64358405E-05 0.0173165202
v -0.0187834203 0.000464408658 0.0173218008
v -0.0187863745 0.00373057625 0.0173300877
v -0.0179440919 0.00296415132 0.01732371
v -0.0179440919 0.00296415132 0.01732371
v -0.015383373 0.0025833617 0.0172963515
v -0.0187863745 0.00373057625 0.0173300877
v -0.0159600414 0.00239086477 0.0172991212
v -0.015411838 0.0014762379 0.017293632
v -0.0160278976 0.00149114779 0.0172969997
v -0.0129962359 0.000139637836 0.0172840431
v -0.0126143619 0.000291353761 0.01728216
v -0.00985150784 -0.000931267918 0.0172710847
v -0.00972944312 -0.000664534455 0.0172706842
v -0.0045106262 -0.00396450376 0.0172395147
v -0.00585678918 -0.00378348352 0.0152618298
v -0.00588547997 -0.0039694244 0.0152619192
v -0.00453299517 -0.00415342394 0.0172396041
v -0.00555999158 -0.00186066399 0.0152608436
v -0.00428223982 -0.00203447393 0.0172385294
v -0.00424818369 -0.00174672634 0.0172383748
v -0.00551579334 -0.00157429767 0.0152606964
v -0.00823344849 -0.00134556636 0.0152764423
v -0.00555999158 -0.00186066399 0.0152608436
v -0.00551579334 -0.00157429767 0.0152606964
v -0.00816801749 -0.00106329692 0.0152763026
v -0.00942154415 -0.00104903348 0.017268531
v -0.00934668444 -0.000769110688 0.0172683951
v -0.00585678918 -0.00378348352 0.0152618298
v -0.00871529989 -0.00342418137 0.0152775217
v -0.00588547997 -0.0039694244 0.0152619192
v -0.00867874082 -0.00326647353 0.0152774341
v -0.00997288246 -0.00311030657 0.0172696095
v -0.0099339122 -0.00296468614 0.0172695387
v -0.00428223982 -0.00203447393 0.0172385294
v -0.00159957306 -0.00225164276 0.0172231086
v -0.000867065275 -0.00198660046 0.0172187984
v -0.00424818369 -0.00174672634 0.0172383748
v -0.0157026984 0.00120365887 0.0271628462
v -0.0157504771 0.0012254084 0.0191267245
v -0.0130451797 6.54698088E-05 0.0191099513
v -0.0129491314 3.08595736E-05 0.0347412378
v -0.0102553619 -0.000872930395 0.0190931801
v -0.0101089533 -0.000912596879 0.0423196368
v -0.00674480107 -0.00169329846 0.0190725364
v -0.00659526745 -0.00171833066 0.042298995
v -0.00300342962 -0.00217499677 0.0422783494
v -0.00315461447 -0.00216490403 0.0190518908
v -0.0107675362 -0.00259771734 0.042321261
v -0.0129491314 3.08595736E-05 0.0347412378
v -0.0101089533 -0.000912596879 0.0423196368
v -0.0138385845 -0.00154660235 0.0347434282
v -0.0157026984 0.00120365887 0.0271628462
v -0.0168090109 -0.000239739995 0.0271655992
v -0.0157504771 0.0012254084 0.0191267245
v -0.016858859 -0.000216399203 0.0191294905
v -0.00314766518 -0.00396979554 0.0422788411
v -0.00659526745 -0.00171833066 0.042298995
v -0.00300342962 -0.00217499677 0.0422783494
v -0.00698209275 -0.00347861112 0.0423000529
v -0.0101089533 -0.000912596879 0.0423196368
v -0.0107675362 -0.00259771734 0.042321261
v -0.0180244725 0.00303789391 0.0177569259
v -0.0179709308 0.000100484824 0.0177495647
v -0.0180784557 0.000155558446 0.000213027088
v -0.0181228593 0.00309316232 0.00022039139
v -0.0155418348 0.00227536564 0.000191990024
v -0.0181228593 0.00309316232 0.00022039139
v -0.0180784557 0.000155558446 0.000213027088
v -0.0155887436 0.0013369096 0.000189733109
v -0.0155887436 0.0013369096 0.000189733109
v -0.0180784557 0.000155558446 0.000213027088
v -0.0145942485 -0.00146285223 0.000191878498
v -0.0130548989 0.000241994698 0.00017994974
v -0.01096748 -0.00272587081 0.000170729953
v -0.0104447529 -0.000657816126 0.000170166357
v -0.0154849933 0.00128966104 0.0177262742
v -0.0155887436 0.0013369096 0.000189733109
v -0.0130548989 0.000241994698 0.00017994974
v -0.0129478388 0.000202741503 0.0177164879
v -0.0104447529 -0.000657816126 0.000170166357
v -0.0103349984 -0.00068884372 0.0177066997
v -0.0060137948 -0.00168930099 0.000144015139
v -0.00590102607 -0.00170639099 0.0176805463
v -0.00137466472 -0.00216268492 0.0176543947
v -0.00148868503 -0.00215979922 0.000117863972
v -0.0155418348 0.00227536564 0.000191990024
v -0.0155887436 0.0013369096 0.000189733109
v -0.0154849933 0.00128966104 0.0177262742
v -0.0154410107 0.00222825422 0.0177285243
v -0.0154410107 0.00222825422 0.0177285243
v -0.0180244725 0.00303789391 0.0177569259
v -0.0181228593 0.00309316232 0.00022039139
v -0.0155418348 0.00227536564 0.000191990024
v -0.00632143859 -0.00379815837 0.000144841542
v -0.001578497 -0.00428817933 0.000118953212
v -0.00148868503 -0.00215979922 0.000117863972
v -0.0060137948 -0.00168930099 0.000144015139
v -0.0037393074 -0.00448719924 0.0139734121
v -0.00375772221 -0.00448566023 0.01131099
v -0.00374010438 -0.00410934445 0.0113108968
v -0.00372184766 -0.00411087601 0.0139733274
v -0.00163457147 -0.00461824099 0.0112995375
v -0.00375772221 -0.00448566023 0.01131099
v -0.0037393074 -0.00448719924 0.0139734121
v -0.00161608635 -0.00461876998 0.0139619708
v -0.00163457147 -0.00461824099 0.0112995375
v -0.00158153742 -0.00365948281 0.0112989815
v -0.00374010438 -0.00410934445 0.0113108968
v -0.00375772221 -0.00448566023 0.01131099
v -0.0037393074 -0.00448719924 0.0139734121
v -0.00372184766 -0.00411087601 0.0139733274
v -0.00156351691 -0.0036599841 0.0139614101
v -0.00161608635 -0.00461876998 0.0139619708
v -0.00378961256 -0.00410513766 0.00408928189
v -0.00377135654 -0.00410669716 0.00675171241
v -0.00378928799 -0.00448299991 0.00675179763
v -0.00380771304 -0.00448143343 0.00408937177
v -0.00380771304 -0.00448143343 0.00408937177
v -0.00378928799 -0.00448299991 0.00675179763
v -0.00166621595 -0.00461731059 0.00674034841
v -0.0016846956 -0.00461675692 0.00407791836
v -0.00166621595 -0.00461731059 0.00674034841
v -0.00378928799 -0.00448299991 0.00675179763
v -0.00377135654 -0.00410669716 0.00675171241
v -0.00159309921 -0.00365926581 0.00673968904
v -0.00380771304 -0.00448143343 0.00408937177
v -0.0016846956 -0.00461675692 0.00407791836
v -0.00161112961 -0.003658748 0.0040772655
v -0.00378961256 -0.00410513766 0.00408928189
v -0.0139390463 -0.00150949298 0.0191121455
v -0.016858859 -0.000216399203 0.0191294905
v -0.0168090109 -0.000239739995 0.0271655992
v -0.0138385845 -0.00154660235 0.0347434282
v -0.0109209558 -0.00255528977 0.0190947987
v -0.0107675362 -0.00259771734 0.042321261
v -0.00713909604 -0.00345291733 0.0190735888
v -0.00698209275 -0.00347861112 0.0423000529
v -0.00314766518 -0.00396979554 0.0422788411
v -0.00330646173 -0.00396103365 0.019052377
v -0.0144818127 -0.00150693126 0.0177284181
v -0.0180784557 0.000155558446 0.000213027088
v -0.0179709308 0.000100484824 0.0177495647
v -0.0145942485 -0.00146285223 0.000191878498
v -0.0108512528 -0.00275852648 0.0177072752
v -0.01096748 -0.00272587081 0.000170729953
v -0.00620206166 -0.00381620368 0.0176813807
v -0.00632143859 -0.00379815837 0.000144841542
v -0.00145779829 -0.00429133652 0.0176554825
v -0.001578497 -0.00428817933 0.000118953212
v -0.0060137948 -0.00168930099 0.000144015139
v -0.0104447529 -0.000657816126 0.000170166357
v -0.01096748 -0.00272587081 0.000170729953
v -0.00632143859 -0.00379815837 0.000144841542
vt 0.525793374 0.505826712
vt 0.612258255 0.505826712
vt 0.525793374 0.505826712
vt 0.61225754 0.505826712
vt 0.645873785 0.471430808
vt 0.645874739 0.471459746
vt 0.89563185 0.490862042
vt 0.982911587 0.490862042
vt 0.98280251 0.505826712
vt 0.89563185 0.505826712
vt 0.982911587 0.490862042
vt 0.982663989 0.505826712
vt 0.98280251 0.505826712
vt 0.98278445 0.490862042
vt 0.881020665 0.490862042
vt 0.88089335 0.505826712
vt 0.774167061 0.505826712
vt 0.774299443 0.490862042
vt 0.745051563 0.490814447
vt 0.747858822 0.505826712
vt 0.716519654 0.456853956
vt 0.716415226 0.471829534
vt 0.645980775 0.456483632
vt 0.645874739 0.471459746
vt 0.61236465 0.490862042
vt 0.612258255 0.505826712
vt 0.525793374 0.490862042
vt 0.525793374 0.505826712
vt 0.645873785 0.471430808
vt 0.716413796 0.471800655
vt 0.716415226 0.471829534
vt 0.645874739 0.471459746
vt 0.89563185 0.505826712
vt 0.98280251 0.505826712
vt 0.982663989 0.505826712
vt 0.895631909 0.505826712
vt 0.88089335 0.505826712
vt 0.823925018 0.505826712
vt 0.774167061 0.505826712
vt 0.75377506 0.505826712
vt 0.747857213 0.505826712
vt 0.747858822 0.505826712
vt 0.716415226 0.471829534
vt 0.716413796 0.471800655
vt 0.895631909 0.505826712
vt 0.895631909 0.490862042
vt 0.89563185 0.490862042
vt 0.89563185 0.505826712
vt 0.895631909 0.490862042
vt 0.895631909 0.505826712
vt 0.823925018 0.505826712
vt 0.824045658 0.490862042
vt 0.75377506 0.490862042
vt 0.75377506 0.505826712
vt 0.745049894 0.490814447
vt 0.747857213 0.505826712
vt 0.716413796 0.471800655
vt 0.716518223 0.456824958
vt 0.645873785 0.471430808
vt 0.645979822 0.456455082
vt 0.61225754 0.505826712
vt 0.612363875 0.490862042
vt 0.525793374 0.505826712
vt 0.525793374 0.490862042
vt 0.998805404 0.490862042
vt 0.998805404 0.42041865
vt 0.998805642 0.42041862
vt 0.998805583 0.490862042
vt 0.880919099 0.420418531
vt 0.880467892 0.490862042
vt 0.814547002 0.490862042
vt 0.815011859 0.420418501
vt 0.753774822 0.420418501
vt 0.753774762 0.490862042
vt 0.74237746 0.420418471
vt 0.745049894 0.490814447
vt 0.716518104 0.457048833
vt 0.708948135 0.373472542
vt 0.652161598 0.373167813
vt 0.645979702 0.456678897
vt 0.612363815 0.490862042
vt 0.617026508 0.420418411
vt 0.5 0.490862042
vt 0.5 0.420418352
vt 0.387708902 0.420418411
vt 0.392128319 0.490862042
vt 0.353919506 0.373167813
vt 0.359854817 0.456678897
vt 0.292133033 0.457048833
vt 0.299400508 0.373472542
vt 0.254719675 0.420418471
vt 0.254719138 0.490862042
vt 0.253260404 0.490862042
vt 0.25278461 0.420418501
vt 0.185220599 0.490862042
vt 0.18522054 0.420418501
vt 0.119080871 0.420418531
vt 0.119532079 0.490862042
vt 0.617027342 0.420418411
vt 0.617027462 0.420418411
vt 0.65216279 0.373203576
vt 0.652162671 0.373199195
vt 0.708949625 0.373504043
vt 0.708949804 0.373508155
vt 0.742379427 0.420418471
vt 0.742379189 0.420418471
vt 0.745051563 0.490814447
vt 0.777408421 0.490862042
vt 0.745051742 0.490814447
vt 0.773724139 0.490862042
vt 0.878620088 0.490862042
vt 0.891321361 0.490862042
vt 0.978760064 0.490862042
vt 0.998805583 0.490862042
vt 0.978897035 0.490862042
vt 0.998805404 0.490862042
vt 0.77423352 0.420418501
vt 0.742379189 0.420418471
vt 0.742379427 0.420418471
vt 0.777923107 0.420418501
vt 0.879110813 0.420418561
vt 0.891815007 0.420418561
vt 0.979225993 0.42041862
vt 0.998805642 0.42041862
vt 0.998805404 0.42041865
vt 0.979320288 0.42041862
vt 0.880667508 0.420418531
vt 0.998805404 0.42041865
vt 0.998805404 0.490862042
vt 0.880235076 0.490862042
vt 0.716518283 0.457053095
vt 0.745049894 0.490814447
vt 0.745049894 0.490814447
vt 0.716518104 0.457048833
vt 0.645979702 0.456678897
vt 0.645979822 0.456683487
vt 0.612363815 0.490862042
vt 0.612363935 0.490862042
vt 0.525793374 0.490862042
vt 0.5 0.490862042
vt 0.525793374 0.490862042
vt 0.5 0.490862042
vt 0.61236459 0.490862042
vt 0.612364709 0.490862042
vt 0.645980895 0.456714869
vt 0.645980716 0.456710458
vt 0.716519833 0.457084596
vt 0.716519594 0.457080215
vt 0.745051563 0.490814447
vt 0.745051742 0.490814447
vt 0.474206269 0.490862042
vt 0.474206716 0.490862042
vt 0.384199679 0.490862042
vt 0.383143246 0.490862042
vt 0.348184705 0.456714898
vt 0.349556774 0.456710488
vt 0.392128319 0.490862042
vt 0.391019493 0.490862042
vt 0.358414531 0.456683487
vt 0.359854817 0.456678897
vt 0.742377698 0.420418471
vt 0.74237746 0.420418471
vt 0.708948135 0.373472542
vt 0.708948374 0.373476774
vt 0.652161717 0.373172224
vt 0.652161598 0.373167813
vt 0.617026508 0.420418411
vt 0.617026627 0.420418411
vt 0.5 0.420418352
vt 0.525793612 0.420418382
vt 0.386554956 0.420418411
vt 0.474206388 0.420418382
vt 0.387708902 0.420418411
vt 0.352418572 0.373172224
vt 0.353919506 0.373167813
vt 0.525793791 0.420418382
vt 0.525793612 0.420418382
vt 0.5 0.420418352
vt 0.617027462 0.420418411
vt 0.617027342 0.420418411
vt 0.474206388 0.420418382
vt 0.474206209 0.420418382
vt 0.5 0.420418352
vt 0.378356814 0.420418411
vt 0.379456222 0.420418411
vt 0.891321361 0.490862042
vt 0.998805583 0.490862042
vt 0.998805642 0.42041862
vt 0.891815007 0.420418561
vt 0.777408421 0.490862042
vt 0.777923107 0.420418501
vt 0.745051742 0.490814447
vt 0.742379427 0.420418471
vt 0.708949804 0.373508155
vt 0.716519833 0.457084596
vt 0.65216279 0.373203576
vt 0.645980895 0.456714869
vt 0.612364709 0.490862042
vt 0.617027462 0.420418411
vt 0.5 0.490862042
vt 0.5 0.420418352
vt 0.378356814 0.420418411
vt 0.383143246 0.490862042
vt 0.341756046 0.373203605
vt 0.348184705 0.456714898
vt 0.274829 0.457084626
vt 0.282701492 0.373200893
vt 0.254717141 0.490862042
vt 0.254717737 0.420418471
vt 0.231035605 0.420418501
vt 0.231035665 0.490862042
vt 0.108184993 0.420418561
vt 0.108678639 0.490862042
vt 0.00119439384 0.42041862
vt 0.00119444041 0.490862042
vt 0.753774822 0.420418501
vt 0.74237746 0.420418471
vt 0.742377698 0.420418471
vt 0.753775179 0.420418501
vt 0.815011859 0.420418501
vt 0.827295721 0.420418501
vt 0.880919099 0.420418531
vt 0.901259184 0.420418531
vt 0.880667508 0.420418531
vt 0.900340557 0.420418561
vt 0.998805404 0.42041865
vt 0.979320288 0.42041862
vt 0.880235076 0.490862042
vt 0.998805404 0.490862042
vt 0.978897035 0.490862042
vt 0.899903774 0.490862042
vt 0.9008075 0.490862042
vt 0.880467892 0.490862042
vt 0.826827765 0.490862042
vt 0.814547002 0.490862042
vt 0.75377512 0.490862042
vt 0.753774762 0.490862042
vt 0.745049894 0.490814447
vt 0.880467892 0.490862042
vt 0.880919099 0.420418531
vt 0.880667508 0.420418531
vt 0.880235076 0.490862042
vt 0.617027462 0.420418382
vt 0.525793254 0.406195432
vt 0.525793254 0.420418352
vt 0.612975299 0.405695736
vt 0.65216279 0.372607261
vt 0.646684408 0.358834922
vt 0.708949566 0.372893572
vt 0.717214286 0.35920459
vt 0.742379129 0.420418471
vt 0.748558104 0.406318694
vt 0.774764657 0.420418471
vt 0.774885178 0.406318665
vt 0.881584406 0.406318665
vt 0.881468177 0.420418531
vt 0.983208537 0.42041859
vt 0.983318985 0.406318665
vt 0.896146476 0.420418531
vt 0.896146476 0.406318665
vt 0.896146417 0.406318665
vt 0.896146417 0.420418531
vt 0.896146476 0.406318665
vt 0.896146476 0.420418531
vt 0.824471354 0.420418501
vt 0.82458204 0.406318665
vt 0.75377512 0.406318694
vt 0.75377512 0.420418471
vt 0.748556495 0.406318694
vt 0.742377698 0.420418471
vt 0.708948195 0.372864455
vt 0.717212856 0.359175742
vt 0.652161777 0.372578204
vt 0.646683455 0.358805954
vt 0.617026746 0.420418382
vt 0.612974524 0.40566659
vt 0.525793076 0.420418352
vt 0.525793076 0.406195432
vt 0.98339498 0.406318665
vt 0.983318985 0.406318665
vt 0.983208537 0.42041859
vt 0.983295441 0.42041862
vt 0.896146417 0.406318665
vt 0.98339498 0.406318665
vt 0.983295441 0.42041862
vt 0.896146417 0.420418531
vt 0.539360821 0.406195432
vt 0.612975299 0.405695736
vt 0.61297524 0.40569362
vt 0.525793254 0.406195432
vt 0.539360583 0.406195432
vt 0.525793076 0.406195432
vt 0.753775418 0.406318694
vt 0.748556495 0.406318694
vt 0.748556733 0.406318694
vt 0.75377512 0.406318694
vt 0.82458204 0.406318665
vt 0.834540129 0.406318665
vt 0.896146476 0.406318665
vt 0.91241622 0.406318665
vt 0.910670161 0.406318665
vt 0.896146417 0.406318665
vt 0.961722136 0.406318665
vt 0.98339498 0.406318665
vt 0.748558044 0.406318694
vt 0.748558104 0.406318694
vt 0.774885178 0.406318665
vt 0.77314651 0.406318665
vt 0.872033894 0.406318665
vt 0.881584406 0.406318665
vt 0.960240126 0.406318665
vt 0.983318985 0.406318665
vt 0.98339498 0.406318665
vt 0.961722136 0.406318665
vt 0.61297524 0.40569362
vt 0.612975299 0.405695736
vt 0.646684408 0.358834922
vt 0.646684349 0.358832777
vt 0.717214286 0.35920459
vt 0.717214227 0.359202534
vt 0.748558104 0.406318694
vt 0.748558044 0.406318694
vt 0.646683574 0.358809441
vt 0.612974524 0.40566659
vt 0.612974644 0.405670255
vt 0.646683455 0.358805954
vt 0.717213035 0.35917905
vt 0.717212856 0.359175742
vt 0.748556733 0.406318694
vt 0.748556495 0.406318694
vt 0.612974644 0.405670255
vt 0.612974524 0.40566659
vt 0.525793076 0.406195432
vt 0.539360583 0.406195432
vt 0.932706475 0.640824735
vt 0.857191741 0.45001322
vt 0.932706594 0.450410604
vt 0.857191503 0.820393026
vt 0.778945386 0.449615806
vt 0.778945029 0.999491692
vt 0.676700115 0.449126631
vt 0.676699758 0.999491632
vt 0.581180036 0.999491572
vt 0.581180394 0.448637456
vt 0.996384501 0.998336256
vt 0.93767035 0.998297751
vt 0.93767035 0.820393026
vt 0.996384501 0.820444942
vt 0.93767035 0.640824735
vt 0.996384501 0.640889943
vt 0.93767035 0.518251121
vt 0.996384501 0.518316686
vt 0.581180394 0.999491572
vt 0.581180036 0.999491572
vt 0.676699758 0.999491632
vt 0.676700711 0.999491632
vt 0.778945029 0.999491692
vt 0.778945029 0.999491692
vt 0.964367211 0.406318665
vt 0.964367449 0.00121473125
vt 0.96436733 0.00121471379
vt 0.964367092 0.406318665
vt 0.899215639 0.00121466396
vt 0.899215758 0.00121465861
vt 0.96436733 0.00121471379
vt 0.964367449 0.00121473125
vt 0.899215758 0.00121465861
vt 0.872034609 0.00121466361
vt 0.96436733 0.00121471379
vt 0.834540248 0.00121463544
vt 0.774069369 0.00121461356
vt 0.774068058 0.00121461216
vt 0.672391117 0.00121455023
vt 0.672391951 0.00121455221
vt 0.539360285 0.00121448829
vt 0.539360523 0.00121449085
vt 0.834540248 0.00121463544
vt 0.899215758 0.00121465861
vt 0.89921546 0.406318665
vt 0.834540009 0.406318665
vt 0.774068058 0.00121461216
vt 0.77406776 0.406318665
vt 0.672391117 0.00121455023
vt 0.672390878 0.406070441
vt 0.539359987 0.406195432
vt 0.539360285 0.00121448829
vt 0.899215639 0.00121466396
vt 0.899215341 0.406318665
vt 0.89921546 0.406318665
vt 0.899215758 0.00121465861
vt 0.899215341 0.406318665
vt 0.899215639 0.00121466396
vt 0.964367449 0.00121473125
vt 0.964367211 0.406318665
vt 0.596872032 0.328304052
vt 0.596872032 0.328302026
vt 0.596872032 0.265216321
vt 0.596872091 0.265218526
vt 0.539360642 0.264947206
vt 0.539360642 0.32803297
vt 0.596872032 0.328304052
vt 0.596872091 0.265218526
vt 0.539360642 0.264947206
vt 0.596872091 0.265218526
vt 0.596872032 0.265216321
vt 0.539360523 0.264933974
vt 0.596872032 0.328304052
vt 0.539360642 0.32803297
vt 0.539360464 0.328019619
vt 0.596872032 0.328302026
vt 0.596872151 0.0941017866
vt 0.596872211 0.0941039324
vt 0.596872151 0.157189488
vt 0.596872151 0.157187492
vt 0.596872211 0.0941039324
vt 0.539360821 0.0938325524
vt 0.539360762 0.156918228
vt 0.596872151 0.157189488
vt 0.539360762 0.156918228
vt 0.539360583 0.156902611
vt 0.596872151 0.157187492
vt 0.596872151 0.157189488
vt 0.596872211 0.0941039324
vt 0.596872151 0.0941017866
vt 0.539360583 0.093817085
vt 0.539360821 0.0938325524
vt 0.857191801 0.450065166
vt 0.932706594 0.640889943
vt 0.932706714 0.45047617
vt 0.857191503 0.820444942
vt 0.778945386 0.449654132
vt 0.778945029 0.999491692
vt 0.676701128 0.449151576
vt 0.676700711 0.999491632
vt 0.581180394 0.999491572
vt 0.581180811 0.448648989
vt 0.96436733 0.00121471379
vt 0.872034311 0.406318665
vt 0.964367092 0.406318665
vt 0.872034609 0.00121466361
vt 0.774069071 0.406318665
vt 0.774069369 0.00121461356
vt 0.672391653 0.40609014
vt 0.672391951 0.00121455221
vt 0.539360225 0.406195462
vt 0.539360523 0.00121449085
vt 0.581180811 0.448648989
vt 0.5 0.999491572
vt 0.581180394 0.999491572
vt 0.5 0.448648989
vt 0.418868363 0.448649019
vt 0.41886875 0.999491572
vt 0.581180394 0.999491572
vt 0.5 0.999491572
vt 0.581180036 0.999491572
vt 0.5 0.999491572
vt 0.41886875 0.999491572
vt 0.41886875 0.999491572
vt 0.581180036 0.999491572
vt 0.5 0.448637456
vt 0.581180394 0.448637456
vt 0.5 0.999491572
vt 0.41886875 0.999491572
vt 0.418868363 0.448637456
vt 0.539359987 0.406195432
vt 0.49999997 0.00121448829
vt 0.539360285 0.00121448829
vt 0.5 0.406195432
vt 0.460639924 0.406195432
vt 0.460639626 0.00121448829
vt 0.539360285 0.00121448829
vt 0.49999997 0.00121449085
vt 0.539360523 0.00121449085
vt 0.49999997 0.00121448829
vt 0.460639626 0.00121448829
vt 0.460639387 0.00121449085
vt 0.539360523 0.00121449085
vt 0.5 0.406195462
vt 0.539360225 0.406195462
vt 0.49999997 0.00121449085
vt 0.460639387 0.00121449085
vt 0.460639715 0.406195462
vt 0.539360523 0.264933974
vt 0.5 0.264947206
vt 0.539360642 0.264947206
vt 0.5 0.264933974
vt 0.460639387 0.264934003
vt 0.460639268 0.264947206
vt 0.539360642 0.264947206
vt 0.5 0.32803297
vt 0.539360642 0.32803297
vt 0.5 0.264947206
vt 0.460639268 0.264947206
vt 0.460639298 0.32803297
vt 0.5 0.32803297
vt 0.539360464 0.328019619
vt 0.539360642 0.32803297
vt 0.5 0.328019619
vt 0.460639447 0.328019649
vt 0.460639298 0.32803297
vt 0.539360583 0.093817085
vt 0.49999997 0.0938325226
vt 0.539360821 0.0938325524
vt 0.49999997 0.093817085
vt 0.460639328 0.0938170552
vt 0.460639119 0.0938325524
vt 0.539360821 0.0938325524
vt 0.49999997 0.156918228
vt 0.539360762 0.156918228
vt 0.49999997 0.0938325226
vt 0.460639119 0.0938325524
vt 0.460639179 0.156918228
vt 0.49999997 0.156918228
vt 0.539360583 0.156902611
vt 0.539360762 0.156918228
vt 0.49999997 0.156902611
vt 0.460639358 0.156902611
vt 0.460639179 0.156918228
vt 0.525793374 0.490862042
vt 0.5 0.505826712
vt 0.525793374 0.505826712
vt 0.5 0.490862042
vt 0.474206716 0.490862042
vt 0.474206716 0.505826712
vt 0.525793374 0.505826712
vt 0.5 0.505826712
vt 0.525793374 0.505826712
vt 0.5 0.505826712
vt 0.474206716 0.505826712
vt 0.474206716 0.505826712
vt 0.525793374 0.505826712
vt 0.5 0.490862042
vt 0.525793374 0.490862042
vt 0.5 0.505826712
vt 0.474206716 0.505826712
vt 0.474206716 0.490862042
vt 0.525793076 0.420418352
vt 0.5 0.406195432
vt 0.525793076 0.406195432
vt 0.5 0.420418352
vt 0.474206924 0.420418352
vt 0.474206924 0.406195432
vt 0.525793076 0.406195432
vt 0.5 0.406195432
vt 0.525793254 0.406195432
vt 0.5 0.406195432
vt 0.474206924 0.406195432
vt 0.474206775 0.406195432
vt 0.525793254 0.406195432
vt 0.5 0.420418352
vt 0.525793254 0.420418352
vt 0.5 0.406195432
vt 0.474206775 0.406195432
vt 0.474206775 0.420418352
vt 0.474206716 0.505826712
vt 0.474206716 0.505826712
vt 0.384101033 0.505826712
vt 0.391383171 0.505826712
vt 0.358855605 0.471430808
vt 0.349395812 0.471459746
vt 0.104368083 0.490862042
vt 0.104368091 0.505826712
vt 0.0171975195 0.505826712
vt 0.0170884132 0.490862042
vt 0.0170884132 0.490862042
vt 0.0171975195 0.505826712
vt 0.0173359811 0.505826712
vt 0.0172155499 0.490862042
vt 0.118979305 0.490862042
vt 0.119106621 0.505826712
vt 0.231035993 0.505826712
vt 0.231035978 0.490862042
vt 0.25471735 0.490862042
vt 0.25471735 0.505826712
vt 0.276436836 0.456853986
vt 0.276570171 0.471829534
vt 0.349260211 0.456483662
vt 0.349395812 0.471459746
vt 0.383965224 0.490862042
vt 0.384101033 0.505826712
vt 0.474206716 0.490862042
vt 0.474206716 0.505826712
vt 0.358855605 0.471430808
vt 0.349395812 0.471459746
vt 0.276570171 0.471829534
vt 0.290600836 0.471800655
vt 0.104368091 0.505826712
vt 0.0173359811 0.505826712
vt 0.0171975195 0.505826712
vt 0.104368024 0.505826712
vt 0.119106621 0.505826712
vt 0.176074982 0.505826712
vt 0.231035993 0.505826712
vt 0.250325084 0.505826712
vt 0.254718959 0.505826712
vt 0.25471735 0.505826712
vt 0.276570171 0.471829534
vt 0.290600836 0.471800655
vt 0.104368024 0.505826712
vt 0.104368091 0.505826712
vt 0.104368083 0.490862042
vt 0.104368009 0.490862042
vt 0.176074982 0.505826712
vt 0.104368024 0.505826712
vt 0.104368009 0.490862042
vt 0.175954312 0.490862042
vt 0.250200927 0.490862042
vt 0.250325084 0.505826712
vt 0.26005128 0.490862042
vt 0.254718959 0.505826712
vt 0.290600836 0.471800655
vt 0.290475607 0.456824958
vt 0.358855605 0.471430808
vt 0.358728856 0.456455082
vt 0.391383171 0.505826712
vt 0.391255766 0.490862042
vt 0.474206716 0.505826712
vt 0.474206716 0.490862042
vt 0.00119463273 0.490862042
vt 0.00119444041 0.490862042
vt 0.00119439384 0.42041862
vt 0.00119459152 0.42041865
vt 0.379456222 0.420418411
vt 0.341756046 0.373203605
vt 0.378356814 0.420418411
vt 0.343185008 0.373199224
vt 0.284664929 0.373200893
vt 0.282701492 0.373200893
vt 0.119332522 0.420418531
vt 0.119764924 0.490862042
vt 0.00119463273 0.490862042
vt 0.00119459152 0.42041865
vt 0.289997667 0.457053095
vt 0.359854817 0.456678897
vt 0.358414531 0.456683487
vt 0.292133033 0.457048833
vt 0.254719138 0.490862042
vt 0.2547189 0.490862042
vt 0.249558151 0.490862042
vt 0.253260404 0.490862042
vt 0.185220599 0.490862042
vt 0.173172206 0.490862042
vt 0.119532079 0.490862042
vt 0.0991925001 0.490862042
vt 0.119764924 0.490862042
vt 0.100096226 0.490862042
vt 0.0211029649 0.490862042
vt 0.00119463273 0.490862042
vt 0.299400508 0.373472542
vt 0.352418572 0.373172224
vt 0.353919506 0.373167813
vt 0.297339737 0.373476774
vt 0.254719436 0.420418471
vt 0.254719675 0.420418471
vt 0.25278461 0.420418501
vt 0.24907735 0.420418501
vt 0.18522054 0.420418501
vt 0.172704279 0.420418501
vt 0.119080871 0.420418531
vt 0.0987408161 0.420418531
vt 0.119332522 0.420418531
vt 0.0996594429 0.420418561
vt 0.00119459152 0.42041865
vt 0.0206796825 0.42041862
vt 0.00119459152 0.42041865
vt 0.020773977 0.42041862
vt 0.0206796825 0.42041862
vt 0.00119439384 0.42041862
vt 0.108184993 0.420418561
vt 0.120889187 0.420418561
vt 0.231035605 0.420418501
vt 0.231035978 0.420418501
vt 0.254717737 0.420418471
vt 0.254717976 0.420418471
vt 0.284664929 0.373200893
vt 0.282701492 0.373200893
vt 0.274829 0.457084626
vt 0.349556774 0.456710488
vt 0.348184705 0.456714898
vt 0.276863277 0.457080245
vt 0.25471738 0.490862042
vt 0.254717141 0.490862042
vt 0.231035665 0.490862042
vt 0.231036037 0.490862042
vt 0.121379912 0.490862042
vt 0.108678639 0.490862042
vt 0.0212399364 0.490862042
vt 0.00119444041 0.490862042
vt 0.0211029649 0.490862042
vt 0.00119463273 0.490862042
vt 0.119532079 0.490862042
vt 0.119764924 0.490862042
vt 0.119332522 0.420418531
vt 0.119080871 0.420418531
vt 0.378237307 0.420418382
vt 0.474206775 0.420418352
vt 0.474206775 0.406195432
vt 0.383360803 0.405695766
vt 0.342007279 0.372607291
vt 0.348559827 0.358834952
vt 0.285566926 0.373200834
vt 0.275745332 0.35920462
vt 0.254718035 0.420418471
vt 0.25471729 0.406406701
vt 0.231035933 0.420418471
vt 0.231035918 0.406195611
vt 0.118415564 0.406195611
vt 0.118531853 0.420418501
vt 0.0167914927 0.420418561
vt 0.0166810155 0.406195611
vt 0.103542536 0.420418531
vt 0.104271472 0.420418531
vt 0.104168147 0.406195611
vt 0.103435695 0.406195611
vt 0.175528675 0.420418501
vt 0.103542536 0.420418531
vt 0.103435695 0.406195611
vt 0.17541796 0.406195611
vt 0.24965024 0.406432182
vt 0.249764055 0.420418471
vt 0.2547189 0.406377912
vt 0.265210956 0.420418471
vt 0.299078703 0.372864455
vt 0.289827526 0.359175742
vt 0.35191524 0.372578204
vt 0.358072281 0.358805954
vt 0.385679662 0.420418382
vt 0.390689343 0.40566659
vt 0.474206924 0.420418352
vt 0.474206924 0.406195432
vt 0.0166049898 0.406195611
vt 0.0167045593 0.42041862
vt 0.0167914927 0.420418561
vt 0.0166810155 0.406195611
vt 0.104168147 0.406195611
vt 0.104271472 0.420418531
vt 0.0167045593 0.42041862
vt 0.0166049898 0.406195611
vt 0.460639119 0.406195432
vt 0.383936375 0.40569365
vt 0.383360803 0.405695766
vt 0.474206775 0.406195432
vt 0.460639358 0.406195432
vt 0.474206924 0.406195432
vt 0.246509373 0.406441689
vt 0.254718691 0.40638116
vt 0.2547189 0.406377912
vt 0.24965024 0.406432182
vt 0.25471738 0.406405032
vt 0.231035918 0.406195611
vt 0.25471729 0.406406701
vt 0.231036082 0.406195611
vt 0.131458133 0.406195611
vt 0.118415564 0.406195611
vt 0.0397598743 0.406195611
vt 0.0166810155 0.406195611
vt 0.0166049898 0.406195611
vt 0.0382778943 0.406195611
vt 0.0382778943 0.406195611
vt 0.104168147 0.406195611
vt 0.0166049898 0.406195611
vt 0.089329809 0.406195611
vt 0.103435695 0.406195611
vt 0.0875837505 0.406195611
vt 0.165591925 0.406195611
vt 0.17541796 0.406195611
vt 0.246509373 0.406441689
vt 0.24965024 0.406432182
vt 0.383936375 0.40569365
vt 0.34929806 0.358832806
vt 0.348559827 0.358834952
vt 0.383360803 0.405695766
vt 0.356935024 0.358809441
vt 0.389813036 0.405670255
vt 0.390689343 0.40566659
vt 0.358072281 0.358805954
vt 0.288143903 0.35917905
vt 0.356935024 0.358809441
vt 0.358072281 0.358805954
vt 0.289827526 0.359175742
vt 0.254718691 0.40638116
vt 0.2547189 0.406377912
vt 0.34929806 0.358832806
vt 0.275745332 0.35920462
vt 0.348559827 0.358834952
vt 0.276686013 0.359202564
vt 0.25471729 0.406406701
vt 0.25471738 0.406405032
vt 0.389813036 0.405670255
vt 0.460639358 0.406195432
vt 0.474206924 0.406195432
vt 0.390689343 0.40566659
vt 0.0668374822 0.640824735
vt 0.066837348 0.450410604
vt 0.144252911 0.45001322
vt 0.143805489 0.820393026
vt 0.223517373 0.449615806
vt 0.222779602 0.999491692
vt 0.32334736 0.449126631
vt 0.323347777 0.999491632
vt 0.41886875 0.999491572
vt 0.418868363 0.448637456
vt 0.937670231 0.998336256
vt 0.996382475 0.820393026
vt 0.996382475 0.998297751
vt 0.937670231 0.820444942
vt 0.996382475 0.640824735
vt 0.937670231 0.640889943
vt 0.996382475 0.518251121
vt 0.937670231 0.518316686
vt 0.41886875 0.999491572
vt 0.323347777 0.999491632
vt 0.41886875 0.999491572
vt 0.323347777 0.999491632
vt 0.222779602 0.999491692
vt 0.222779632 0.999491692
vt 0.0356326699 0.406195611
vt 0.0356328078 0.406195611
vt 0.0356325321 0.00121471379
vt 0.0356324166 0.00121473125
vt 0.100090742 0.00121466396
vt 0.0356324166 0.00121473125
vt 0.0356325321 0.00121471379
vt 0.0988837183 0.00121465861
vt 0.0988837183 0.00121465861
vt 0.0356325321 0.00121471379
vt 0.124473214 0.00121466361
vt 0.164082468 0.00121463544
vt 0.225930557 0.00121461356
vt 0.225931898 0.00121461216
vt 0.102119148 0.406195611
vt 0.0988837183 0.00121465861
vt 0.164082468 0.00121463544
vt 0.166837215 0.406195611
vt 0.225931898 0.00121461216
vt 0.225932181 0.406195611
vt 0.345258147 0.00121455023
vt 0.34815982 0.406070441
vt 0.460639924 0.406195432
vt 0.460639626 0.00121448829
vt 0.100090742 0.00121466396
vt 0.0988837183 0.00121465861
vt 0.102119148 0.406195611
vt 0.10211926 0.406195611
vt 0.10211926 0.406195611
vt 0.0356326699 0.406195611
vt 0.0356324166 0.00121473125
vt 0.100090742 0.00121466396
vt 0.337342113 0.00121455221
vt 0.460639387 0.00121449085
vt 0.460639626 0.00121448829
vt 0.345258147 0.00121455023
vt 0.403127909 0.328304082
vt 0.403127849 0.265218556
vt 0.403127909 0.265216351
vt 0.403127939 0.328302056
vt 0.460639268 0.264947206
vt 0.403127849 0.265218556
vt 0.403127909 0.328304082
vt 0.460639298 0.32803297
vt 0.460639268 0.264947206
vt 0.460639387 0.264934003
vt 0.403127909 0.265216351
vt 0.403127849 0.265218556
vt 0.403127909 0.328304082
vt 0.403127939 0.328302056
vt 0.460639447 0.328019649
vt 0.460639298 0.32803297
vt 0.403127789 0.0941017866
vt 0.403127819 0.157187492
vt 0.403127789 0.157189518
vt 0.40312773 0.0941039324
vt 0.40312773 0.0941039324
vt 0.403127789 0.157189518
vt 0.460639179 0.156918228
vt 0.460639119 0.0938325524
vt 0.460639179 0.156918228
vt 0.403127789 0.157189518
vt 0.403127819 0.157187492
vt 0.460639358 0.156902611
vt 0.40312773 0.0941039324
vt 0.460639119 0.0938325524
vt 0.460639328 0.0938170552
vt 0.403127789 0.0941017866
vt 0.144250602 0.450065196
vt 0.066837348 0.45047617
vt 0.0668374822 0.640889943
vt 0.143805519 0.820444942
vt 0.22351566 0.449654162
vt 0.222779632 0.999491692
vt 0.32334736 0.449151605
vt 0.323347777 0.999491632
vt 0.41886875 0.999491572
vt 0.418868363 0.448649019
vt 0.127366334 0.406195611
vt 0.0356325321 0.00121471379
vt 0.0356328078 0.406195611
vt 0.124473214 0.00121466361
vt 0.225930855 0.406195611
vt 0.225930557 0.00121461356
vt 0.340413809 0.40609017
vt 0.337342113 0.00121455221
vt 0.460639715 0.406195462
vt 0.460639387 0.00121449085
vt 0.345258147 0.00121455023
vt 0.225931898 0.00121461216
vt 0.225930557 0.00121461356
vt 0.337342113 0.00121455221
vn -0.0121447602 0.698129594 0.715868473
vn 0.397285491 0.054488074 0.916076005
vn 0.00447373139 -0.719146311 0.694844306
vn 0.388458848 0.0532985404 0.919923365
vn 0.725120723 0.0985897332 0.681527734
vn 0.725120723 0.0985897258 0.681527734
vn -0.31881693 0.947815716 0.00103139109
vn -0.31881693 0.947815716 0.00103139121
vn -0.31881696 0.947815716 0.00103139121
vn -0.31881693 0.947815716 0.00103139109
vn 0.999981999 -0.00159481878 0.00578210503
vn 0.84673202 -0.53200835 0.00346481637
vn 0.999981999 -0.00159481878 0.00578210503
vn 0.847188652 -0.531280816 0.00346942106
vn 0.384270787 -0.923220456 9.67614396E-05
vn 0.384175748 -0.923259974 9.67610104E-05
vn 0.299079746 -0.954228103 9.39840029E-05
vn 0.299139738 -0.954209328 9.39885795E-05
vn 0.251438349 -0.967873275 9.27286892E-05
vn 0.25863409 -0.965975344 9.21543979E-05
vn 0.205514133 -0.978654087 9.1434682E-05
vn 0.220440537 -0.975400388 9.23199841E-05
vn 0.170835525 -0.985299587 8.96149504E-05
vn 0.155794218 -0.987789512 8.8924091E-05
vn 0.10880217 -0.994063437 8.93465985E-05
vn 0.0910076573 -0.995850205 9.03231485E-05
vn 0.0700958371 -0.997540355 9.14319389E-05
vn 0.0497337021 -0.70746851 0.70499295
vn -0.00558603462 -0.000559329404 0.999984264
vn -0.00558603415 -0.000559329404 0.999984264
vn -0.00558603415 -0.000559329463 0.999984264
vn -0.00558603415 -0.000559329404 0.999984264
vn -0.00908396021 -0.00255993335 0.999955535
vn -0.00908396207 -0.00255993358 0.999955535
vn -0.00813433994 -0.000634036493 0.999966741
vn -0.00762439659 0.000400134828 0.999970913
vn -0.00607564207 0.0019507393 0.999979615
vn -0.00564674009 0.00121056172 0.999983311
vn -0.00534008723 -0.00020231391 0.999985695
vn -0.00535623869 -0.000297309191 0.999985695
vn -0.402892023 -0.0998079479 0.909789145
vn -0.401856422 -0.0995503142 0.91027534
vn -0.728383303 -0.180818394 0.660880029
vn -0.728383303 -0.180818439 0.660880029
vn -0.999669909 -0.025018435 -0.0058489684
vn -0.999669909 -0.0250184406 -0.00584896887
vn -0.999669909 -0.0250184387 -0.0058489684
vn -0.999669909 -0.0250184406 -0.00584896887
vn -0.389386475 0.92107445 -0.000110797118
vn -0.389386445 0.92107445 -0.000110797126
vn -0.351854235 0.936054826 -0.000121730474
vn -0.351982862 0.936006486 -0.000121693643
vn -0.288520098 0.957473934 -0.000112047412
vn -0.288465291 0.957490325 -0.000112003465
vn -0.24980554 0.968296051 -9.00835948E-05
vn -0.256178588 0.966629505 -9.07950016E-05
vn -0.220613435 0.975361228 -8.99208608E-05
vn -0.204989985 0.978764057 -9.04879489E-05
vn -0.155622736 0.987816632 -9.18254082E-05
vn -0.171328783 0.985213935 -9.14730772E-05
vn -0.0904073715 0.995904863 -9.21237588E-05
vn -0.108992457 0.994042575 -9.22064064E-05
vn -0.049358204 0.702797711 0.709675372
vn -0.0700880811 0.997540832 -9.19968952E-05
vn 0.999794424 0.0194314811 0.00578790018
vn 0.999794424 0.019431483 0.00578790065
vn 0.999794424 0.019431483 0.00578790065
vn 0.999794424 0.019431483 0.00578790158
vn -0.378288448 0.92568773 -0.000103339444
vn -0.378288507 0.92568773 -0.000103339436
vn -0.342269599 0.939601779 -0.000103222628
vn -0.342398077 0.939554989 -0.000103223319
vn -0.28338933 0.959004939 2.50244575E-05
vn -0.283340961 0.959019184 2.52991867E-05
vn -0.246290997 0.969195962 0.000132074769
vn -0.254472792 0.967079937 0.000144096441
vn -0.21965915 0.975576282 -0.00088358199
vn -0.199628443 0.979869723 -0.00196795049
vn -0.175611228 0.984457672 -0.00193458062
vn -0.156331137 0.987704277 -0.000926405541
vn -0.0823605582 0.99660182 0.00118638005
vn -0.108545482 0.994091213 0.000659809739
vn -0 0.999998689 0.0016428876
vn -0 0.999998689 0.00164288736
vn 0.108545274 0.994091332 0.000659844023
vn 0.0823604763 0.99660182 0.0011864081
vn 0.175611153 0.984457672 -0.00193457073
vn 0.156330958 0.987704277 -0.000926380395
vn 0.21965915 0.975576282 -0.000883608765
vn 0.199628443 0.979869723 -0.0019679605
vn 0.246291026 0.969195843 0.000132008412
vn 0.254472882 0.967079937 0.000144006204
vn 0.283340961 0.959019184 2.52082373E-05
vn 0.28338939 0.959004939 2.49335008E-05
vn 0.342269689 0.939601719 -0.000103260871
vn 0.342398196 0.939554989 -0.000103261431
vn 0.378288716 0.925687611 -0.000103342296
vn 0.378288716 0.925687611 -0.000103342296
vn -0.441271007 -0.0637656301 -0.895105481
vn -0.453571588 -0.0654748082 -0.888811469
vn -0.44904989 -0.063759163 -0.891228855
vn -0.443431854 -0.0629649162 -0.894093692
vn 0.44846344 0.10762348 -0.887297928
vn 0.454232156 0.109019466 -0.884187698
vn 0.451609939 0.108640462 -0.885576487
vn 0.450921655 0.108474299 -0.885947466
vn -0.394733161 -0.097810626 0.913574755
vn -0.00532068824 -0.00117673993 0.999985218
vn -0.39425686 -0.0976921096 0.913793087
vn -0.00532242237 -0.0011468872 0.999985218
vn -0.00525262859 -0.00153862569 0.999985099
vn -0.00512891449 -0.00190214533 0.999985099
vn -0.00511712627 -0.00224491931 0.999984384
vn -0.00516863214 -0.00248018256 0.999983549
vn -0.00708378013 -0.00242444151 0.999971986
vn -0.0066913683 -0.00245801616 0.999974608
vn 0.00532529829 0.00114744867 -0.999985218
vn 0.450921655 0.108474299 -0.885947466
vn 0.451609939 0.108640462 -0.885576487
vn 0.00532278325 0.00117874052 -0.999985218
vn 0.00524801714 0.0015496749 -0.999985099
vn 0.00512021128 0.00191982323 -0.999985099
vn 0.00510696135 0.00225890963 -0.999984384
vn 0.00515882112 0.00248601567 -0.999983668
vn 0.00668697059 0.00245690113 -0.999974608
vn 0.00708078267 0.00242247013 -0.999971986
vn -0.315171927 0.949033976 0.0010837845
vn -0.315171957 0.949033976 0.00108378462
vn -0.315171927 0.949033976 0.0010837845
vn -0.315171957 0.949033976 0.0010837845
vn -0.413558751 -0.102250531 0.904717624
vn -0.410848111 -0.10181877 0.906000435
vn -0.409261763 -0.101423934 0.906762421
vn -0.406649381 -0.100526653 0.908036768
vn 0.397518098 0.0541883856 0.915992916
vn 0.404171288 0.0550918281 0.913022697
vn 0.394946784 0.0537276231 0.917131662
vn 0.405088037 0.0551074669 0.912615478
vn -0.00531807682 -0.000273352896 0.999985814
vn -0 0.000159332354 1
vn -0.0051752571 0.000951650552 0.999986172
vn -0 0.000587379152 0.999999881
vn 0.381151944 0.0529910997 0.922992468
vn 0.390892029 0.0542898066 0.91883409
vn 0.3882128 0.0529760756 0.920045853
vn 0.381943345 0.0521246344 0.922714591
vn -0.397828847 -0.0983271673 0.912175417
vn -0.391266286 -0.0966898948 0.915184021
vn -0.394733161 -0.097810626 0.913574755
vn -0.39425686 -0.0976921096 0.913793087
vn 0.00517525757 0.000951650378 0.999986172
vn 0.00531807775 -0.000273351878 0.999985814
vn -0.381151587 0.0529909804 0.922992706
vn -0.390891582 0.0542896762 0.918834329
vn -0.388212472 0.0529759489 0.920046031
vn -0.381943017 0.0521245189 0.922714829
vn -0.394946665 0.0537276193 0.917131662
vn -0.405087918 0.0551074594 0.912615478
vn -0.404171139 0.0550918169 0.913022697
vn -0.397518098 0.0541883819 0.915992916
vn 0.465138018 0.111896485 -0.878137708
vn 0.465683907 0.112028293 -0.877831519
vn 0.462464064 0.111002229 -0.879662156
vn 0.468527555 0.112469599 -0.876260459
vn -0.463582158 -0.0657960102 -0.883607686
vn -0.457674086 -0.0649605095 -0.886743784
vn -0.4533979 -0.0641489699 -0.88899672
vn -0.466097504 -0.0659504458 -0.882271826
vn -0 -0.000120287208 -1
vn 0.00526139 0.000375306292 -0.999986172
vn 0.466097474 -0.0659504682 -0.882271945
vn -0.00526139 0.00037530734 -0.999986172
vn 0.45339781 -0.0641489848 -0.88899684
vn 0.463581979 -0.0657960176 -0.883607745
vn 0.457673997 -0.064960517 -0.886743784
vn 0.00513951015 -0.00104576431 -0.999986291
vn 0.00526139 0.000375306292 -0.999986172
vn -0 -0.000606037211 -0.999999881
vn -0.453571588 -0.0654748082 -0.888811469
vn -0.441271007 -0.0637656301 -0.895105481
vn -0.00526139 0.00037530734 -0.999986172
vn -0.00513970666 -0.00104606652 -0.999986291
vn -0 -0.000606037211 -0.999999881
vn 0.45357126 -0.0654754266 -0.888811648
vn 0.44127062 -0.0637662411 -0.89510566
vn 0.390903503 -0.920431674 8.92927637E-05
vn 0.445818394 -0.895123422 8.84691908E-05
vn 0.445818394 -0.895123422 8.84691908E-05
vn 0.391010314 -0.920386314 8.92914832E-05
vn 0.30046311 -0.953793406 -0.000156597001
vn 0.300530761 -0.953772128 -0.000156112714
vn 0.257993639 -0.966146529 -0.000326427689
vn 0.248244271 -0.968697429 -0.000233483384
vn 0.200138316 -0.979765356 0.00209521316
vn 0.219561666 -0.975598097 0.00095604005
vn 0.175091222 -0.984550118 0.0020586024
vn 0.15646334 -0.987683237 0.00100397889
vn 0.0831371471 -0.996537328 -0.00127473334
vn 0.108388431 -0.994108319 -0.000724467915
vn -0 -0.99999845 -0.00178621314
vn -0 -0.99999845 -0.00178621314
vn -0.108388342 -0.994108319 -0.000724510988
vn -0.0831370801 -0.996537328 -0.00127477979
vn -0.175091207 -0.984550118 0.0020586045
vn -0.156463295 -0.987683237 0.00100396166
vn -0.219561696 -0.975598097 0.000956071133
vn -0.200138301 -0.979765356 0.00209523481
vn -0.257993579 -0.966146529 -0.00032637539
vn -0.248244211 -0.968697429 -0.000233437153
vn -0.300530761 -0.953772128 -0.000156087437
vn -0.30046311 -0.953793406 -0.00015657171
vn -0.391010344 -0.920386314 8.92848475E-05
vn -0.390903592 -0.920431674 8.92861208E-05
vn -0.445818365 -0.895123422 8.84625697E-05
vn -0.445818305 -0.895123422 8.84625697E-05
vn 0.00496467343 0.000308756222 -0.999987602
vn 0.465683907 0.112028293 -0.877831519
vn 0.465138018 0.111896485 -0.878137708
vn 0.00485145859 0.000203677526 -0.999988198
vn 0.00428453926 -0.000877795042 -0.999990463
vn 0.00470550219 -0.00167356082 -0.999987602
vn 0.00521540642 -0.000390407018 -0.99998641
vn 0.00557359681 0.0014471492 -0.99998343
vn 0.00691692205 0.0023632003 -0.999973297
vn 0.0074535259 0.00233687949 -0.999969482
vn 0.00668697059 0.00245690113 -0.999974608
vn 0.00708078267 0.00242247013 -0.999971986
vn -0.00691705151 -0.00236108736 0.999973297
vn -0.0066913683 -0.00245801616 0.999974608
vn -0.00708378013 -0.00242444151 0.999971986
vn -0.00745272916 -0.00233697542 0.999969482
vn -0.00557794329 -0.00143438531 0.99998343
vn -0.00522404397 0.00041428124 0.999986291
vn -0.00471838843 0.00170897588 0.999987483
vn -0.00429836754 0.000916755293 0.999990344
vn -0.00485864282 -0.000186964258 0.999988198
vn -0.00496894028 -0.000293773453 0.999987602
vn -0.409261763 -0.101423934 0.906762421
vn -0.999960423 -0.00677155424 -0.00577854831
vn -0.999960423 -0.00677155284 -0.00577854831
vn -0.999960423 -0.00677155424 -0.00577854877
vn -0.999960423 -0.00677155377 -0.00577854831
vn 0.0994608253 -0.995031714 0.00441773562
vn 0.0513291731 -0.711010575 -0.701305449
vn 0.072032772 -0.997377038 0.0070925043
vn 0.108697265 -0.994068742 0.00351456855
vn 0.162144557 -0.986743569 -0.00680732168
vn 0.166643947 -0.985982835 -0.00822351873
vn 0.212403744 -0.977154553 -0.00731863221
vn 0.21283868 -0.977060974 -0.00717610214
vn 0.251962721 -0.967735589 0.00162426068
vn 0.250339389 -0.968156874 0.00152194744
vn 0.298570424 -0.954386711 0.00127986015
vn 0.298630536 -0.954367936 0.00127772102
vn 0.384840488 -0.92298305 9.49777605E-05
vn 0.384746462 -0.92302227 9.49795794E-05
vn 0.436702639 -0.899605989 9.38092926E-05
vn 0.436702639 -0.899605989 9.38092853E-05
vn -0.999654531 -0.0256259814 -0.00585256238
vn -0.999654531 -0.0256259795 -0.00585256284
vn -0.999654531 -0.0256259795 -0.00585256284
vn -0.999654531 -0.0256259814 -0.00585256284
vn -0.389955103 0.920833886 -0.000101970189
vn -0.389955074 0.920833886 -0.000101970174
vn -0.352431655 0.935837507 -0.00011210495
vn -0.352560997 0.93578887 -0.000112070593
vn -0.28819105 0.957572699 -0.000634581898
vn -0.28813374 0.957589984 -0.000635694421
vn -0.247767478 0.968818843 -0.00111606298
vn -0.251025379 0.967979908 -0.00112351845
vn -0.21255213 0.97712779 0.00653975038
vn -0.211739928 0.977302313 0.00680000428
vn -0.161680564 0.986822963 0.0063154758
vn -0.16745171 0.985847712 0.00801370665
vn -0.0986851752 0.995109141 -0.00435769791
vn -0.108988903 0.994037271 -0.00335627049
vn -0.072082147 0.997374654 -0.00693630055
vn -0.0506179594 0.700083137 -0.712264955
vn 0.999982834 -0.000984041253 0.00577932317
vn 0.999982834 -0.000984041253 0.00577932363
vn 0.999982834 -0.000984041137 0.00577932317
vn 0.999982834 -0.000984041253 0.00577932363
vn -0.319403678 0.947618186 0.00103474315
vn -0.319403678 0.947618186 0.00103474315
vn -0.319403648 0.947618186 0.00103474315
vn -0.319403678 0.947618186 0.00103474327
vn 0.00550685544 -0.000224049902 -0.99998486
vn 0.00545561174 -0.000165342033 -0.999985099
vn 0.00545561081 -0.000165342033 -0.999985099
vn 0.0124453502 -0.716208696 -0.697775185
vn 0.0056978357 -0.000171976935 -0.999983788
vn -0.00425383914 0.6950472 -0.718951523
vn 0.00486770552 0.000260837201 -0.999988198
vn 0.00567055307 0.00106142822 -0.99998343
vn 0.00567055307 0.00106142822 -0.99998343
vn 0.00499372045 0.000386498548 -0.999987483
vn 0.00438831514 -0.00076729065 -0.999990106
vn 0.00481819501 -0.00153744803 -0.999987245
vn 0.00520206662 -0.000225518757 -0.999986529
vn 0.00543384207 0.00173759228 -0.999983788
vn 0.00836862437 0.00164073776 -0.999963641
vn 0.00728010247 0.00204026815 -0.99997139
vn 0.00801753439 0.00159706117 -0.999966621
vn 0.00690423977 0.00193008513 -0.99997437
vn 0.00535809994 0.000975643168 -0.999985218
vn 0.00535809947 0.00097564311 -0.999985218
vn 0.00535282539 0.00118014601 -0.99998498
vn 0.00535366917 0.00114743959 -0.999985099
vn 0.00532016857 0.00142902543 -0.99998486
vn 0.00505953282 0.00214318186 -0.99998498
vn 0.00505208457 0.00227530021 -0.999984622
vn 0.00508731278 0.00246469094 -0.999984026
vn 0.00690423977 0.00193008513 -0.99997437
vn 0.00801753439 0.00159706117 -0.999966621
vn -0.816090584 -0.111427762 -0.567080319
vn -0.816090584 -0.111427762 -0.567080319
vn -0.462691784 -0.0633008406 -0.884256303
vn -0.456009835 -0.0623903312 -0.887785137
vn 0.469747663 0.116339318 -0.875101268
vn 0.459343314 0.113741472 -0.880946457
vn 0.813914061 0.202388406 -0.544594169
vn 0.813914061 0.202388406 -0.544594169
vn -0.47450605 -0.0649450421 -0.877853096
vn -0.830932975 -0.113548003 -0.544662654
vn -0.830932975 -0.113547988 -0.544662595
vn -0.466048121 -0.0637911037 -0.882456601
vn 0.481219471 0.119466387 -0.868421316
vn 0.472512573 0.117287524 -0.873484671
vn 0.827529252 0.20624885 -0.522165298
vn 0.827529252 0.206248865 -0.522165418
vn 0.00577623257 -6.59518628E-05 -0.999983311
vn 0.00577623164 -6.59518555E-05 -0.999983311
vn -0.00425383914 0.6950472 -0.718951523
vn 0.0056978357 -0.000171976935 -0.999983788
vn -0.393188864 0.919457734 -0.000199860602
vn -0.355516106 0.93467021 -0.000183330354
vn -0.393188924 0.919457734 -0.000199860602
vn -0.326265931 0.945278049 -0.000170465268
vn -0.27170673 0.962380052 -0.00012334653
vn -0.243159339 0.969986379 -9.64425926E-05
vn -0.177099705 0.984192908 -7.99806512E-05
vn -0.177049741 0.984201908 -7.99806439E-05
vn -0.0851932243 0.996364415 -2.9062976E-05
vn -0.0853939503 0.996347249 -2.92999321E-05
vn 0.836119354 0.397165924 0.378369838
vn 0.836119354 0.397165924 0.378369838
vn 0.807353914 0.453238964 0.37782824
vn 0.805163503 0.45719865 0.377731532
vn 0.797517359 0.569223464 0.199876964
vn 0.798113585 0.572107613 0.188964278
vn 0.793224752 0.60889405 0.00652647298
vn 0.793224752 0.60889405 0.00652647298
vn -0.00279055443 -6.18961567E-05 0.999996185
vn -0.00280428072 -6.35489705E-05 0.999996066
vn -0.00555626163 -0.000641765771 0.999984384
vn -0.00555479759 -0.000654275762 0.999984384
vn -0.00552632287 -0.000897632272 0.999984384
vn -0.00552632287 -0.000897632155 0.999984384
vn 0.999843836 -0.0166841969 0.0058173486
vn 0.999843836 -0.0166841969 0.0058173486
vn 0.999843836 -0.0166841969 0.0058173486
vn 0.999843836 -0.0166841969 0.00581734907
vn 0.0103725977 0.00248880987 -0.999943137
vn 0.00835177954 -0.000443950063 -0.999965072
vn 0.00870382506 6.69526635E-05 -0.999962091
vn 0.0103725977 0.00248880987 -0.999943137
vn 0.00835177954 -0.000443950063 -0.999965072
vn 0.00599319674 -0.00209202105 -0.999979854
vn 0.00870382506 6.69526635E-05 -0.999962091
vn 0.00567450095 -0.00150300877 -0.999982834
vn 0.00534888636 0.00014738091 -0.999985695
vn 0.00534002669 0.000120444856 -0.999985814
vn 0.00558028044 0.000427200401 -0.999984384
vn 0.00558097661 0.000418023759 -0.999984384
vn 0.00284323841 -0.000215113309 -0.999995947
vn 0.00277300784 -0.000222456685 -0.999996185
vn -0.360154599 0.932892621 -0.000110039626
vn -0.395226866 0.918583453 -0.00010989311
vn -0.395226866 0.918583453 -0.000109893117
vn -0.360021442 0.932944 -0.000110039873
vn -0.275240958 0.961375296 -0.000101198195
vn -0.275124043 0.961408794 -0.000101177044
vn -0.163879469 0.986480415 -9.22371182E-05
vn -0.163821086 0.98649013 -9.22370891E-05
vn -0.0607403703 0.998153508 -5.97466897E-05
vn -0.0609298609 0.998142123 -5.98955448E-05
vn -0.998812675 -0.0483505502 -0.00595581392
vn -0.998812675 -0.048350554 -0.00595581392
vn -0.998812675 -0.0483505502 -0.00595581392
vn -0.998812675 -0.0483505465 -0.00595581392
vn -0.300561816 0.953761697 0.00107706804
vn -0.300561816 0.953761697 0.00107706804
vn -0.300561786 0.953761697 0.00107706804
vn -0.300561816 0.953761697 0.00107706804
vn 0.998891771 0.0465568714 0.00690617179
vn 0.998891771 0.0465568751 0.00690617226
vn 0.998891771 0.0465568714 0.00690617179
vn 0.998891771 0.0465568751 0.00690617226
vn 0.0415695757 -0.999135673 3.11472613E-05
vn 0.0414580926 -0.999140263 3.10842588E-05
vn 0.0620861165 -0.998070776 4.27408304E-05
vn 0.0620861202 -0.998070776 4.27408304E-05
vn 0.00275103725 -0.000387590466 -0.999996185
vn 0.00544240605 -0.000198611771 -0.999985218
vn 0.00544240652 -0.000198611757 -0.999985218
vn 0.00245244172 -0.000408556458 -0.999996901
vn -0.00544057833 0.000198564099 0.999985218
vn -0.00274987216 0.000390043191 0.999996185
vn -0.00245181355 0.000411253684 0.999996901
vn -0.00544057833 0.000198564099 0.999985218
vn 0.998831928 0.0478227548 0.00690872641
vn 0.998831928 0.0478227548 0.00690872641
vn 0.998831928 0.0478227586 0.00690872595
vn 0.998831928 0.0478227586 0.00690872688
vn 0.0633741468 -0.997989893 4.18600175E-05
vn 0.0425374918 -0.999094844 2.93276662E-05
vn 0.0424243435 -0.999099731 2.9259616E-05
vn 0.0633741468 -0.997989893 4.18600248E-05
vn -0.00278828456 0.000430921791 0.999996066
vn -0.00241838116 0.000465037883 0.99999702
vn -0.00544336531 0.000186041463 0.999985218
vn -0.00544336578 0.000186041463 0.999985218
vn 0.00544284144 -0.000182893302 -0.999985218
vn 0.00544284098 -0.000182893302 -0.999985218
vn 0.00241807662 -0.000459679577 -0.99999702
vn 0.00278830994 -0.00042580103 -0.999996066
vn 0.365296394 -0.930891216 0.000211895036
vn 0.404058903 -0.914732933 0.000229815734
vn 0.404058903 -0.914732933 0.000229815734
vn 0.33585614 -0.941913247 0.000198234615
vn 0.277702838 -0.960667014 0.00014767026
vn 0.248591766 -0.96860832 0.000120043878
vn 0.179290742 -0.98379612 0.000122339363
vn 0.179203928 -0.983811915 0.000122375772
vn 0.0856869295 -0.996322155 9.9408011E-05
vn 0.0859140158 -0.996302485 9.96357994E-05
vn 0.419848412 -0.907594264 6.71585731E-05
vn 0.374046952 -0.927409768 6.72268507E-05
vn 0.419848412 -0.907594264 6.71585658E-05
vn 0.374127805 -0.927377164 6.72268798E-05
vn 0.275734007 -0.961233974 7.93407817E-05
vn 0.275827199 -0.961207211 7.93191211E-05
vn 0.162538633 -0.986702144 9.15046912E-05
vn 0.162650883 -0.986683667 9.1504633E-05
vn 0.0604188852 -0.998173118 5.74607984E-05
vn 0.0606348105 -0.998160064 5.76402781E-05
vn 0.0859140158 -0.996302485 9.96357994E-05
vn -0 -1 5.5823497E-05
vn 0.0856869295 -0.996322155 9.9408011E-05
vn -0 -1 5.5823497E-05
vn -0.0859140083 -0.996302485 9.9658806E-05
vn -0.0856869146 -0.996322155 9.94309739E-05
vn -0.00279055443 -6.18961567E-05 0.999996185
vn -0 0.000272756704 1
vn -0.00280428072 -6.35489705E-05 0.999996066
vn -0 0.000272756675 1
vn 0.00279055303 -6.18966733E-05 0.999996185
vn 0.00280428003 -6.35495671E-05 0.999996066
vn -0.0851932243 0.996364415 -2.9062976E-05
vn -0 1 2.15847449E-05
vn -0.0853939503 0.996347249 -2.92999321E-05
vn -0 1 2.15847467E-05
vn 0.085193187 0.996364415 -2.90780972E-05
vn 0.0853939354 0.996347249 -2.93151024E-05
vn -0.0607403703 0.998153508 -5.97466897E-05
vn -0 1 -2.75110378E-05
vn -0.0609298609 0.998142123 -5.98955448E-05
vn -0 1 -2.75110415E-05
vn 0.0607403256 0.998153627 -5.97572507E-05
vn 0.0609298088 0.998142123 -5.99061423E-05
vn 0.00284323841 -0.000215113309 -0.999995947
vn -0 -0.000511312217 -0.999999881
vn 0.00277300784 -0.000222456685 -0.999996185
vn -0 -0.000511312275 -0.999999881
vn -0.00284333178 -0.000215119959 -0.999995947
vn -0.00277310121 -0.000222463292 -0.999996185
vn 0.0606348105 -0.998160064 5.76402781E-05
vn -0 -1 2.36512114E-05
vn 0.0604188852 -0.998173118 5.74607984E-05
vn -0 -1 2.36512096E-05
vn -0.0606347546 -0.998160064 5.76441162E-05
vn -0.060418833 -0.998173118 5.74646256E-05
vn 0.00245244172 -0.000408556458 -0.999996901
vn -1.78744855E-07 -0.000579585263 -0.999999881
vn 0.00275103725 -0.000387590466 -0.999996185
vn -1.78745594E-07 -0.000579585263 -0.999999881
vn -0.00245279423 -0.000407800166 -0.999996901
vn -0.00275138859 -0.000386818778 -0.999996185
vn 0.0415695757 -0.999135673 3.11472613E-05
vn -0 -1 1.94824988E-05
vn 0.0414580926 -0.999140263 3.10842588E-05
vn -0 -1 1.94825006E-05
vn -0.0415695794 -0.999135673 3.11473341E-05
vn -0.0414581038 -0.999140263 3.10843352E-05
vn 1.80917183E-07 0.000584550144 0.999999881
vn -0.00245181355 0.000411253684 0.999996901
vn -0.00274987216 0.000390043191 0.999996185
vn 1.80917084E-07 0.000584550144 0.999999881
vn 0.00245216815 0.000410497392 0.999996901
vn 0.0027502263 0.000389271561 0.999996185
vn 0.00241807662 -0.000459679577 -0.99999702
vn -0 -0.000679595978 -0.999999762
vn 0.00278830994 -0.00042580103 -0.999996066
vn -0 -0.000679595978 -0.999999762
vn -0.00241801422 -0.000459581788 -0.99999702
vn -0.00278826663 -0.00042568706 -0.999996066
vn 0.0425374918 -0.999094844 2.93276662E-05
vn -0 -1 1.67194394E-05
vn 0.0424243435 -0.999099731 2.9259616E-05
vn -0 -1 1.6719443E-05
vn -0.0425373577 -0.999094844 2.93306912E-05
vn -0.0424242206 -0.999099731 2.92626319E-05
vn -0 0.000686736486 0.999999762
vn -0.00241838116 0.000465037883 0.99999702
vn -0.00278828456 0.000430921791 0.999996066
vn -0 0.000686736486 0.999999762
vn 0.00241842866 0.00046523317 0.99999702
vn 0.00278833881 0.000431147142 0.999996066
vn 0.0116435299 -0.999932289 5.12169609E-05
vn -0 -1 5.11248836E-05
vn 0.00447373139 -0.719146311 0.694844306
vn -0 -1 5.112488E-05
vn -0.0116436956 -0.999932289 5.10258797E-05
vn -0.00447385246 -0.71914643 0.694844186
vn 0.0497337021 -0.70746851 0.70499295
vn -0 0.000503696327 0.999999881
vn -0.049358204 0.702797711 0.709675372
vn -0 0.000503696385 0.999999881
vn -0.0497335754 -0.70746845 0.70499295
vn 0.0493581556 0.702797711 0.709675372
vn -0.0121447602 0.698129594 0.715868473
vn -0 1 -5.34826468E-05
vn -0.0116390139 0.999932289 -5.34776373E-05
vn -0 1 -5.34826431E-05
vn 0.0121448841 0.698129654 0.715868294
vn 0.0116391908 0.999932289 -5.34804312E-05
vn -0.011947589 0.999928594 -5.51735975E-05
vn -0 1 -5.5178436E-05
vn -0.00425383914 0.6950472 -0.718951523
vn -0 1 -5.51784324E-05
vn 0.011947589 0.999928594 -5.51753837E-05
vn 0.00425383635 0.695047081 -0.718951583
vn -0.0506179594 0.700083137 -0.712264955
vn -0 -0.000507140358 -0.999999881
vn 0.0513291731 -0.711010575 -0.701305449
vn -0 -0.000507140358 -0.999999881
vn 0.050617937 0.700083256 -0.712264955
vn -0.0513290986 -0.711010396 -0.701305568
vn 0.0124453502 -0.716208696 -0.697775185
vn -0 -1 4.63279648E-05
vn 0.011952227 -0.999928594 4.63234755E-05
vn -0 -1 4.63279794E-05
vn -0.0124453939 -0.716208637 -0.697775304
vn -0.011952227 -0.999928594 4.63258475E-05
vn 0.0121448841 0.698129654 0.715868294
vn -0.00447385246 -0.71914643 0.694844186
vn -0.397285402 0.0544880256 0.916076005
vn -0.388458818 0.0532984957 0.919923425
vn -0.725120544 0.0985896215 0.681527793
vn -0.725120544 0.0985896438 0.681527853
vn 0.31881687 0.947815835 0.00103125686
vn 0.318816841 0.947815835 0.00103125686
vn 0.31881687 0.947815835 0.00103125686
vn 0.318816841 0.947815835 0.00103125686
vn -0.999981999 -0.00159481866 0.00578210456
vn -0.999981999 -0.00159481866 0.00578210503
vn -0.84673208 -0.532008171 0.00346476887
vn -0.847188592 -0.531280994 0.00346937124
vn -0.384270847 -0.923220456 9.6933305E-05
vn -0.384175837 -0.923259974 9.69333341E-05
vn -0.299079448 -0.954228222 9.41944454E-05
vn -0.2991395 -0.954209328 9.41994003E-05
vn -0.251438469 -0.967873275 9.25004279E-05
vn -0.258633763 -0.965975463 9.20303719E-05
vn -0.205514327 -0.978654087 9.13639597E-05
vn -0.220440939 -0.975400388 9.21228275E-05
vn -0.170835584 -0.985299587 8.97355349E-05
vn -0.155794352 -0.987789512 8.90847732E-05
vn -0.108802207 -0.994063437 8.94731129E-05
vn -0.0910076275 -0.995850205 9.0385678E-05
vn -0.0700956583 -0.997540355 9.14193879E-05
vn -0.0497335754 -0.70746845 0.70499295
vn 0.00558603369 -0.000559329404 0.999984264
vn 0.00558603322 -0.000559329404 0.999984264
vn 0.00558603369 -0.000559329404 0.999984264
vn 0.00558603369 -0.000559329404 0.999984264
vn 0.00908466615 -0.00255993684 0.999955535
vn 0.00813492015 -0.000634311 0.999966741
vn 0.00908466708 -0.00255993707 0.999955535
vn 0.00762491114 0.000399715063 0.999970913
vn 0.00607574405 0.0019501592 0.999979615
vn 0.00564657617 0.00121014414 0.999983311
vn 0.00533986185 -0.000202452589 0.999985695
vn 0.00535604171 -0.000297431194 0.999985695
vn 0.402892202 -0.0998081043 0.909789145
vn 0.401856422 -0.0995504186 0.91027534
vn 0.728383422 -0.180818662 0.66087991
vn 0.728383422 -0.180818632 0.66087991
vn 0.999669909 -0.0250184257 -0.00584896747
vn 0.999669909 -0.0250184257 -0.00584896654
vn 0.999669909 -0.0250184275 -0.00584896607
vn 0.999669909 -0.0250184257 -0.00584896607
vn 0.351854265 0.936054707 -0.000121800091
vn 0.389386624 0.92107445 -0.000110896552
vn 0.389386594 0.92107445 -0.000110896552
vn 0.351982951 0.936006367 -0.000121763354
vn 0.288519949 0.957473934 -0.000112042981
vn 0.288465172 0.957490444 -0.000111998932
vn 0.24980554 0.968296051 -9.00943778E-05
vn 0.256178379 0.966629505 -9.07768335E-05
vn 0.220613569 0.975361228 -8.99859879E-05
vn 0.204990044 0.978764057 -9.0564914E-05
vn 0.155622661 0.987816632 -9.19203012E-05
vn 0.171328753 0.985213935 -9.15654018E-05
vn 0.090407297 0.995904863 -9.22219333E-05
vn 0.108992353 0.994042575 -9.23046828E-05
vn 0.0493581556 0.702797711 0.709675372
vn 0.070088014 0.997540832 -9.20949315E-05
vn -0.999794424 0.0194314849 0.00578790018
vn -0.999794424 0.0194314849 0.00578790158
vn -0.999794424 0.0194314849 0.00578790018
vn -0.999794424 0.0194314849 0.00578790111
vn 0.44127062 -0.0637662411 -0.89510566
vn 0.449049294 -0.0637594312 -0.891229153
vn 0.45357126 -0.0654754266 -0.888811648
vn 0.443432033 -0.0629652962 -0.894093633
vn -0.4484635 0.107623138 -0.887297928
vn -0.454232156 0.109019116 -0.884187698
vn 0.315171748 0.949033976 0.00108376483
vn 0.315171778 0.949033976 0.00108376483
vn 0.315171748 0.949033976 0.00108376471
vn 0.315171778 0.949033976 0.00108376483
vn 0.4135589 -0.102250591 0.904717565
vn -0.397518098 0.0541883819 0.915992916
vn -0.404171139 0.0550918169 0.913022697
vn 0.40664947 -0.100526676 0.908036649
vn 0.41084826 -0.101818807 0.906000316
vn 0.409261853 -0.101423964 0.906762362
vn 0.00485864375 -0.000186964418 0.999988198
vn 0.00496894028 -0.000293773628 0.999987602
vn 0.00429836754 0.000916754943 0.999990344
vn 0.0047183875 0.00170897413 0.999987483
vn 0.00522404397 0.000414279988 0.999986291
vn 0.00557794422 -0.00143438438 0.99998343
vn 0.00691728434 -0.00236109458 0.999973297
vn 0.00745306863 -0.0023369859 0.999969482
vn 0.00708410284 -0.00242445152 0.999971986
vn 0.00669162348 -0.00245802454 0.999974608
vn -0.462463945 0.111002252 -0.879662156
vn 0.463581979 -0.0657960176 -0.883607745
vn 0.457673997 -0.064960517 -0.886743784
vn -0.468527555 0.112469643 -0.876260459
vn -0.465137899 0.111896515 -0.878137708
vn -0.465683848 0.112028316 -0.877831519
vn -0.00496450206 0.000309581781 -0.999987602
vn -0.00485126069 0.000204625656 -0.999988198
vn -0.00428411365 -0.000875972677 -0.999990463
vn -0.00470495271 -0.00167163764 -0.999987602
vn -0.00521502178 -0.00038916248 -0.99998641
vn -0.0055734599 0.00144757971 -0.99998343
vn -0.00691729179 0.00236242474 -0.999973297
vn -0.00745407259 0.00233574235 -0.999969482
vn -0.00668709446 0.00245574629 -0.999974608
vn -0.00708106672 0.00242114789 -0.999971986
vn -0.00668709446 0.00245574629 -0.999974608
vn -0.00510739256 0.00225885306 -0.999984384
vn -0.00708106672 0.00242114789 -0.999971986
vn -0.00515862042 0.00248564384 -0.999983668
vn -0.00512089161 0.00191991858 -0.999985099
vn -0.0052480977 0.00154953729 -0.999985099
vn -0.00532268314 0.00117860863 -0.999985218
vn -0.00532521401 0.00114733446 -0.999985218
vn -0.451610357 0.108640186 -0.885576248
vn -0.450921327 0.108473845 -0.885947764
vn -0.4484635 0.107623138 -0.887297928
vn -0.454232156 0.109019116 -0.884187698
vn 0.397828668 -0.0983267352 0.912175536
vn -0.381943017 0.0521245189 0.922714829
vn -0.388212472 0.0529759489 0.920046031
vn 0.391266793 -0.096689634 0.915183842
vn 0.39473334 -0.0978102908 0.913574696
vn 0.394257069 -0.0976917893 0.913793027
vn 0.00532120466 -0.00117484492 0.999985218
vn 0.00532286987 -0.00114524318 0.999985218
vn 0.00525376573 -0.00153555768 0.999985099
vn 0.00513042603 -0.00190009864 0.999985099
vn 0.00511820475 -0.00224387925 0.999984384
vn 0.00516896788 -0.00247985963 0.999983549
vn 0.00708410284 -0.00242445152 0.999971986
vn 0.00669162348 -0.00245802454 0.999974608
vn 0.999960423 -0.00677198404 -0.00577834994
vn 0.999960423 -0.00677198404 -0.0057783504
vn 0.999960423 -0.00677198404 -0.0057783504
vn 0.999960423 -0.00677198358 -0.00577834947
vn -0.0994605422 -0.995031714 0.00441734213
vn -0.07203269 -0.997377157 0.00709212758
vn -0.0513290986 -0.711010396 -0.701305568
vn -0.108696915 -0.994068742 0.00351416785
vn -0.162144259 -0.986743569 -0.00680758106
vn -0.166643709 -0.985982835 -0.00822374783
vn -0.2124037 -0.977154672 -0.00731864991
vn -0.212838575 -0.977060974 -0.00717612542
vn -0.251962602 -0.967735589 0.00162437418
vn -0.250339329 -0.968156993 0.00152205396
vn -0.298570365 -0.954386711 0.00128050183
vn -0.298630506 -0.954367936 0.00127836375
vn -0.384840488 -0.92298305 9.65115396E-05
vn -0.384746552 -0.92302227 9.65126092E-05
vn -0.43670252 -0.899605989 9.57605371E-05
vn -0.436702549 -0.899605989 9.57605371E-05
vn 0.999654531 -0.0256259758 -0.00585251115
vn 0.999654531 -0.0256259758 -0.00585251162
vn 0.999654531 -0.0256259777 -0.00585251162
vn 0.999654531 -0.0256259758 -0.00585251208
vn 0.352431595 0.935837626 -0.000112566035
vn 0.389954895 0.920833886 -0.000102860467
vn 0.389954865 0.920833886 -0.000102860453
vn 0.352560967 0.93578887 -0.00011253314
vn 0.288190871 0.957572699 -0.000634625438
vn 0.288133651 0.957589984 -0.000635738019
vn 0.247767419 0.968818963 -0.00111611653
vn 0.25102517 0.967979908 -0.00112357212
vn 0.21255213 0.97712779 0.00653979415
vn 0.211739942 0.977302313 0.00680005224
vn 0.161680534 0.986822963 0.00631552236
vn 0.16745165 0.985847712 0.00801376626
vn 0.0986850783 0.995109141 -0.00435773749
vn 0.108988844 0.994037271 -0.00335630751
vn 0.0720821097 0.997374654 -0.00693633733
vn 0.050617937 0.700083256 -0.712264955
vn -0.999982834 -0.000984040089 0.00577932876
vn -0.999982834 -0.000984040205 0.00577932969
vn -0.999982834 -0.000984040205 0.00577932876
vn -0.999982834 -0.000984040089 0.00577932922
vn 0.319403529 0.947618306 0.00103276048
vn 0.319403529 0.947618306 0.00103276037
vn 0.319403499 0.947618306 0.00103276048
vn 0.319403499 0.947618306 0.00103276037
vn -0.00550711714 -0.000224513933 -0.99998486
vn -0.00545603782 -0.000166094163 -0.999985099
vn -0.00545603829 -0.000166094207 -0.999985099
vn -0.0124453939 -0.716208637 -0.697775304
vn -0.00569783617 -0.000171980864 -0.999983788
vn 0.00425383635 0.695047081 -0.718951583
vn -0.00486740842 0.000262038899 -0.999988198
vn -0.00567055307 0.00106142799 -0.99998343
vn -0.00567055307 0.00106142799 -0.99998343
vn -0.00499347039 0.000387511536 -0.999987483
vn -0.0053581195 0.000975626346 -0.999985218
vn -0.00535199791 0.00118232169 -0.99998498
vn -0.00535811996 0.000975626288 -0.999985218
vn -0.0053529772 0.00114926498 -0.999985099
vn -0.0053184065 0.00143360416 -0.99998486
vn -0.00505569391 0.00215296191 -0.99998498
vn -0.00504938979 0.00228267023 -0.999984622
vn -0.0050879796 0.00246481108 -0.999984026
vn -0.00690488331 0.00193033565 -0.99997437
vn -0.0080180699 0.0015975897 -0.999966621
vn -0.0080180699 0.0015975897 -0.999966621
vn -0.00727960374 0.00204102928 -0.99997139
vn -0.00690488331 0.00193033565 -0.99997437
vn -0.00836838596 0.00164163229 -0.999963641
vn -0.00520056998 -0.000222642804 -0.999986529
vn -0.00543273753 0.00173889531 -0.999983788
vn -0.00481666578 -0.00153370935 -0.999987245
vn -0.00438745832 -0.000764595286 -0.999990106
vn -0.00486740842 0.000262038899 -0.999988198
vn -0.00499347039 0.000387511536 -0.999987483
vn 0.816090167 -0.111429229 -0.567080498
vn 0.456009775 -0.0623911843 -0.887785137
vn 0.462691456 -0.0633016676 -0.884256482
vn 0.816090226 -0.111429222 -0.567080498
vn 0.474506021 -0.0649445727 -0.877853215
vn 0.830932975 -0.113547184 -0.544662714
vn 0.830932975 -0.113547176 -0.544662654
vn 0.466048181 -0.0637906566 -0.882456601
vn -0.4812195 0.119466349 -0.868421316
vn 0.474506021 -0.0649445727 -0.877853215
vn 0.466048181 -0.0637906566 -0.882456601
vn -0.472512513 0.117287487 -0.873484671
vn -0.827529192 0.20624879 -0.522165477
vn -0.827529252 0.206248805 -0.522165418
vn 0.456009775 -0.0623911843 -0.887785137
vn -0.469746888 0.116335399 -0.875102282
vn 0.462691456 -0.0633016676 -0.884256482
vn -0.459345758 0.113738425 -0.880945504
vn -0.81391561 0.202382281 -0.544594288
vn -0.81391561 0.202382281 -0.544594288
vn -0.00577623211 -6.59585567E-05 -0.999983311
vn -0.00569783617 -0.000171980864 -0.999983788
vn 0.00425383635 0.695047081 -0.718951583
vn -0.00577623211 -6.59585712E-05 -0.999983311
vn 0.393189013 0.919457614 -0.000199887334
vn 0.393189013 0.919457614 -0.000199887319
vn 0.355516165 0.934670091 -0.000183361641
vn 0.326265842 0.945278049 -0.000170500018
vn 0.27170673 0.962380052 -0.000123386591
vn 0.243159398 0.969986379 -9.64852661E-05
vn 0.177099705 0.984192908 -8.00148628E-05
vn 0.177049741 0.984201908 -8.00148337E-05
vn 0.085193187 0.996364415 -2.90780972E-05
vn 0.0853939354 0.996347249 -2.93151024E-05
vn -0.836119235 0.397165745 0.378370106
vn -0.807353795 0.453238934 0.3778283
vn -0.836119235 0.397165805 0.378370136
vn -0.805163443 0.457198709 0.377731681
vn -0.79751718 0.569223583 0.199876964
vn -0.798113525 0.572107852 0.188964248
vn -0.793224633 0.608894289 0.00652652932
vn -0.793224514 0.608894289 0.00652652886
vn 0.00279055303 -6.18966733E-05 0.999996185
vn 0.00555626163 -0.000641767634 0.999984384
vn 0.00280428003 -6.35495671E-05 0.999996066
vn 0.00555479759 -0.000654277916 0.999984384
vn 0.00552632613 -0.000897634949 0.999984384
vn 0.00552632613 -0.000897634949 0.999984384
vn -0.999843836 -0.0166837852 0.00581755396
vn -0.999843836 -0.0166837852 0.00581755396
vn -0.999843836 -0.0166837871 0.00581755349
vn -0.999843836 -0.0166837871 0.00581755396
vn -0.0103726964 0.00248877611 -0.999943137
vn -0.0103726964 0.00248877611 -0.999943137
vn -0.00870392099 6.69190194E-05 -0.999962091
vn -0.00835187547 -0.000443983765 -0.999965072
vn -0.00835187547 -0.000443983765 -0.999965072
vn -0.00870392099 6.69190194E-05 -0.999962091
vn -0.00599329453 -0.00209205248 -0.999979854
vn -0.0056745992 -0.00150303904 -0.999982834
vn -0.00534898695 0.00014735799 -0.999985695
vn -0.00534012727 0.000120421806 -0.999985814
vn 0.395226866 0.918583453 -0.000110014313
vn 0.395226866 0.918583453 -0.000110014313
vn 0.360154599 0.932892621 -0.000110142202
vn 0.360021472 0.932944 -0.000110142377
vn 0.275241017 0.961375296 -0.000101263504
vn 0.275124073 0.961408794 -0.000101242324
vn 0.163879409 0.986480415 -9.22703257E-05
vn 0.163821027 0.98649013 -9.2270282E-05
vn 0.0607403256 0.998153627 -5.97572507E-05
vn 0.0609298088 0.998142123 -5.99061423E-05
vn 0.998812675 -0.0483505465 -0.00595594523
vn 0.998812675 -0.0483505465 -0.0059559457
vn 0.998812675 -0.0483505428 -0.00595594523
vn 0.998812675 -0.0483505465 -0.00595594523
vn 0.300561816 0.953761697 0.00107691309
vn 0.300561786 0.953761697 0.00107691286
vn 0.300561816 0.953761697 0.00107691309
vn 0.300561816 0.953761697 0.00107691309
vn -0.00558107346 0.000418010488 -0.999984384
vn -0.00277310121 -0.000222463292 -0.999996185
vn -0.00284333178 -0.000215119959 -0.999995947
vn -0.0055803773 0.000427186955 -0.999984384
vn -0.99889189 0.0465561599 0.0069060619
vn -0.99889189 0.0465561599 0.0069060619
vn -0.99889189 0.0465561599 0.00690606097
vn -0.99889189 0.0465561636 0.00690606143
vn -0.0415695794 -0.999135673 3.11473341E-05
vn -0.0620861314 -0.998070776 4.27392988E-05
vn -0.062086124 -0.998070776 4.27392952E-05
vn -0.0414581038 -0.999140263 3.10843352E-05
vn -0.00275138859 -0.000386818778 -0.999996185
vn -0.00245279423 -0.000407800166 -0.999996901
vn -0.00544275204 -0.000197702058 -0.999985218
vn -0.00544275204 -0.000197702044 -0.999985218
vn 0.00544092339 0.000197654241 0.999985218
vn 0.00544092339 0.000197654241 0.999985218
vn 0.00245216815 0.000410497392 0.999996901
vn 0.0027502263 0.000389271561 0.999996185
vn -0.998831928 0.0478223376 0.00690866588
vn -0.998831928 0.0478223339 0.00690866588
vn -0.998831928 0.0478223339 0.00690866588
vn -0.998831928 0.0478223376 0.00690866634
vn -0.063373886 -0.997989893 4.18636118E-05
vn -0.063373886 -0.997989893 4.18636191E-05
vn -0.0424242206 -0.999099731 2.92626319E-05
vn -0.0425373577 -0.999094844 2.93306912E-05
vn 0.00278833881 0.000431147142 0.999996066
vn 0.00544347195 0.000186482517 0.999985218
vn 0.00544347195 0.000186482503 0.999985218
vn 0.00241842866 0.00046523317 0.99999702
vn -0.00544292852 -0.000182663716 -0.999985218
vn -0.00278826663 -0.00042568706 -0.999996066
vn -0.00241801422 -0.000459581788 -0.99999702
vn -0.00544292945 -0.000182663716 -0.999985218
vn -0.365296394 -0.930891216 0.000211900697
vn -0.404058814 -0.914732933 0.000229797093
vn -0.404058814 -0.914732933 0.000229797093
vn -0.335856229 -0.941913247 0.000198258465
vn -0.277702898 -0.960667014 0.000147705243
vn -0.248591796 -0.96860832 0.00012008175
vn -0.179290667 -0.98379612 0.000122374302
vn -0.179203853 -0.983812034 0.000122410725
vn -0.0856869146 -0.996322155 9.94309739E-05
vn -0.0859140083 -0.996302485 9.9658806E-05
vn -0.374046952 -0.927409768 6.73379254E-05
vn -0.419848382 -0.907594264 6.7287132E-05
vn -0.419848353 -0.907594264 6.72871247E-05
vn -0.374127805 -0.927377164 6.73379764E-05
vn -0.275733978 -0.961233974 7.94073057E-05
vn -0.275827259 -0.961207211 7.93856816E-05
vn -0.162538603 -0.986702144 9.15275668E-05
vn -0.162650809 -0.986683667 9.1527545E-05
vn -0.060418833 -0.998173118 5.74646256E-05
vn -0.0606347546 -0.998160064 5.76441162E-05
vn -0.0055803773 0.000427186955 -0.999984384
vn -0.00534012727 0.000120421806 -0.999985814
vn -0.00534898695 0.00014735799 -0.999985695
vn -0.00558107346 0.000418010488 -0.999984384
g Eff_dunpai_01_0
f 3/3/3 2/2/2 1/1/1
f 2/2/2 4/4/4 1/1/1
f 4/4/4 2/2/2 5/5/5
f 2/2/2 6/6/6 5/5/5
f 9/9/9 8/8/8 7/7/7
f 10/10/10 9/9/9 7/7/7
f 13/13/13 12/12/12 11/11/11
f 12/12/12 14/14/14 11/11/11
f 15/15/15 14/14/14 12/12/12
f 16/16/16 15/15/15 12/12/12
f 15/15/15 16/16/16 17/17/17
f 18/18/18 15/15/15 17/17/17
f 19/19/19 18/18/18 17/17/17
f 20/20/20 19/19/19 17/17/17
f 21/21/21 19/19/19 20/20/20
f 22/22/22 21/21/21 20/20/20
f 23/23/23 21/21/21 22/22/22
f 24/24/24 23/23/23 22/22/22
f 25/25/25 23/23/23 24/24/24
f 26/26/26 25/25/25 24/24/24
f 27/27/27 25/25/25 26/26/26
f 28/28/28 27/27/27 26/26/26
f 31/31/31 30/30/30 29/29/29
f 32/32/32 31/31/31 29/29/29
f 35/35/35 34/34/34 33/33/33
f 36/36/36 35/35/35 33/33/33
f 37/37/37 35/35/35 36/36/36
f 38/38/38 37/37/37 36/36/36
f 39/39/39 37/37/37 38/38/38
f 40/40/40 39/39/39 38/38/38
f 39/39/39 40/40/40 41/41/41
f 42/42/42 39/39/39 41/41/41
f 42/42/42 41/41/41 43/43/43
f 41/41/41 44/44/44 43/43/43
f 47/47/47 46/46/46 45/45/45
f 48/48/48 47/47/47 45/45/45
f 51/51/51 50/50/50 49/49/49
f 52/52/52 51/51/51 49/49/49
f 51/51/51 52/52/52 53/53/53
f 54/54/54 51/51/51 53/53/53
f 54/54/54 53/53/53 55/55/55
f 56/56/56 54/54/54 55/55/55
f 56/56/56 55/55/55 57/57/57
f 55/55/55 58/58/58 57/57/57
f 57/57/57 58/58/58 59/59/59
f 58/58/58 60/60/60 59/59/59
f 59/59/59 60/60/60 61/61/61
f 60/60/60 62/62/62 61/61/61
f 61/61/61 62/62/62 63/63/63
f 62/62/62 64/64/64 63/63/63
f 67/67/67 66/66/66 65/65/65
f 68/68/68 67/67/67 65/65/65
f 71/71/71 70/70/70 69/69/69
f 72/72/72 71/71/71 69/69/69
f 71/71/71 72/72/72 73/73/73
f 74/74/74 71/71/71 73/73/73
f 73/73/73 75/75/75 74/74/74
f 75/75/75 76/76/76 74/74/74
f 76/76/76 75/75/75 77/77/77
f 75/75/75 78/78/78 77/77/77
f 78/78/78 79/79/79 77/77/77
f 79/79/79 80/80/80 77/77/77
f 80/80/80 79/79/79 81/81/81
f 79/79/79 82/82/82 81/81/81
f 83/83/83 81/81/81 82/82/82
f 84/84/84 83/83/83 82/82/82
f 83/83/83 84/84/84 85/85/85
f 86/86/86 83/83/83 85/85/85
f 85/85/85 87/87/87 86/86/86
f 87/87/87 88/88/88 86/86/86
f 88/88/88 87/87/87 89/89/89
f 87/87/87 90/90/90 89/89/89
f 90/90/90 91/91/91 89/89/89
f 91/91/91 92/92/92 89/89/89
f 92/92/92 91/91/91 93/93/93
f 91/91/91 94/94/94 93/93/93
f 93/93/93 94/94/94 95/95/95
f 94/94/94 96/96/96 95/95/95
f 96/96/96 97/97/97 95/95/95
f 97/97/97 98/98/98 95/95/95
f 101/101/101 100/100/100 99/99/99
f 102/102/102 101/101/101 99/99/99
f 101/101/101 102/102/102 103/103/103
f 104/104/104 101/101/101 103/103/103
f 104/104/104 103/103/103 105/105/105
f 103/103/103 106/106/106 105/105/105
f 109/109/109 108/108/108 107/107/107
f 108/108/108 110/110/110 107/107/107
f 110/110/110 108/108/108 111/111/111
f 108/108/108 112/112/112 111/111/111
f 111/111/111 112/112/112 113/113/113
f 112/112/112 114/114/114 113/113/113
f 115/115/115 113/113/113 114/114/114
f 116/116/116 115/115/115 114/114/114
f 119/119/119 118/118/118 117/117/117
f 120/120/120 119/119/119 117/117/117
f 117/117/117 121/121/121 120/120/120
f 121/121/121 122/122/122 120/120/120
f 122/122/122 121/121/121 123/123/123
f 124/124/124 122/122/122 123/123/123
f 124/124/124 123/123/123 125/125/125
f 123/123/123 126/126/126 125/125/125
f 129/129/129 128/128/128 127/127/127
f 130/130/130 129/129/129 127/127/127
f 133/133/133 132/132/132 131/131/131
f 132/132/132 134/134/134 131/131/131
f 134/134/134 135/135/135 131/131/131
f 135/135/135 136/136/136 131/131/131
f 136/136/136 135/135/135 137/137/137
f 138/138/138 136/136/136 137/137/137
f 139/139/139 138/138/138 137/137/137
f 140/140/140 139/139/139 137/137/137
f 141/141/141 139/139/139 140/140/140
f 142/142/142 141/141/141 140/140/140
f 141/141/141 142/142/142 143/143/143
f 142/142/142 144/144/144 143/143/143
f 144/144/144 145/145/145 143/143/143
f 145/145/145 146/146/146 143/143/143
f 146/146/146 145/145/145 147/147/147
f 148/148/148 146/146/146 147/147/147
f 149/149/149 148/148/148 147/147/147
f 150/150/150 149/149/149 147/147/147
f 151/151/151 142/142/142 140/140/140
f 152/152/152 151/151/151 140/140/140
f 142/142/142 151/151/151 153/153/153
f 154/154/154 142/142/142 153/153/153
f 155/155/155 154/154/154 153/153/153
f 156/156/156 155/155/155 153/153/153
f 152/152/152 140/140/140 157/157/157
f 158/158/158 152/152/152 157/157/157
f 159/159/159 158/158/158 157/157/157
f 160/160/160 159/159/159 157/157/157
f 163/163/163 162/162/162 161/161/161
f 164/164/164 163/163/163 161/161/161
f 164/164/164 165/165/165 163/163/163
f 165/165/165 166/166/166 163/163/163
f 166/166/166 165/165/165 167/167/167
f 165/165/165 168/168/168 167/167/167
f 169/169/169 167/167/167 168/168/168
f 170/170/170 169/169/169 168/168/168
f 169/169/169 172/172/172 171/171/171
f 173/173/173 169/169/169 171/171/171
f 171/171/171 174/174/174 173/173/173
f 174/174/174 175/175/175 173/173/173
f 177/177/177 176/176/176 169/169/169
f 176/176/176 178/178/178 169/169/169
f 178/178/178 176/176/176 179/179/179
f 176/176/176 180/180/180 179/179/179
f 182/182/182 181/181/181 169/169/169
f 183/183/183 182/182/182 169/169/169
f 182/182/182 183/183/183 184/184/184
f 185/185/185 182/182/182 184/184/184
f 188/188/188 187/187/187 186/186/186
f 189/189/189 188/188/188 186/186/186
f 189/189/189 186/186/186 190/190/190
f 191/191/191 189/189/189 190/190/190
f 190/190/190 192/192/192 191/191/191
f 192/192/192 193/193/193 191/191/191
f 193/193/193 192/192/192 194/194/194
f 192/192/192 195/195/195 194/194/194
f 194/194/194 195/195/195 196/196/196
f 195/195/195 197/197/197 196/196/196
f 196/196/196 197/197/197 198/198/198
f 199/199/199 196/196/196 198/198/198
f 198/198/198 200/200/200 199/199/199
f 200/200/200 201/201/201 199/199/199
f 201/201/201 200/200/200 202/202/202
f 200/200/200 203/203/203 202/202/202
f 204/204/204 202/202/202 203/203/203
f 205/205/205 204/204/204 203/203/203
f 205/205/205 206/206/206 204/204/204
f 206/206/206 207/207/207 204/204/204
f 206/206/206 208/208/208 207/207/207
f 208/208/208 209/209/209 207/207/207
f 209/209/209 208/208/208 210/210/210
f 208/208/208 211/211/211 210/210/210
f 210/210/210 211/211/211 212/212/212
f 211/211/211 213/213/213 212/212/212
f 212/212/212 213/213/213 214/214/214
f 213/213/213 215/215/215 214/214/214
f 218/218/218 217/217/217 216/216/216
f 219/219/219 218/218/218 216/216/216
f 216/216/216 220/220/220 219/219/219
f 220/220/220 221/221/221 219/219/219
f 221/221/221 220/220/220 222/222/222
f 223/223/223 221/221/221 222/222/222
f 223/223/223 222/222/222 224/224/224
f 225/225/225 223/223/223 224/224/224
f 224/224/224 226/226/226 225/225/225
f 226/226/226 227/227/227 225/225/225
f 230/230/230 229/229/229 228/228/228
f 231/231/231 230/230/230 228/228/228
f 231/231/231 228/228/228 232/232/232
f 228/228/228 233/233/233 232/232/232
f 234/234/234 232/232/232 233/233/233
f 235/235/235 234/234/234 233/233/233
f 236/236/236 234/234/234 235/235/235
f 237/237/237 236/236/236 235/235/235
f 236/236/236 237/237/237 132/132/132
f 238/238/238 236/236/236 132/132/132
f 241/241/241 240/240/240 239/239/239
f 242/242/242 241/241/241 239/239/239
f 245/245/245 244/244/244 243/243/243
f 244/244/244 246/246/246 243/243/243
f 243/243/243 246/246/246 247/247/247
f 246/246/246 248/248/248 247/247/247
f 247/247/247 248/248/248 249/249/249
f 248/248/248 250/250/250 249/249/249
f 249/249/249 250/250/250 251/251/251
f 250/250/250 252/252/252 251/251/251
f 251/251/251 252/252/252 253/253/253
f 252/252/252 254/254/254 253/253/253
f 254/254/254 255/255/255 253/253/253
f 255/255/255 256/256/256 253/253/253
f 256/256/256 255/255/255 257/257/257
f 255/255/255 258/258/258 257/257/257
f 261/261/261 260/260/260 259/259/259
f 262/262/262 261/261/261 259/259/259
f 265/265/265 264/264/264 263/263/263
f 266/266/266 265/265/265 263/263/263
f 265/265/265 266/266/266 267/267/267
f 268/268/268 265/265/265 267/267/267
f 268/268/268 267/267/267 269/269/269
f 270/270/270 268/268/268 269/269/269
f 270/270/270 269/269/269 271/271/271
f 269/269/269 272/272/272 271/271/271
f 271/271/271 272/272/272 273/273/273
f 272/272/272 274/274/274 273/273/273
f 273/273/273 274/274/274 275/275/275
f 274/274/274 276/276/276 275/275/275
f 275/275/275 276/276/276 277/277/277
f 276/276/276 278/278/278 277/277/277
f 281/281/281 280/280/280 279/279/279
f 282/282/282 281/281/281 279/279/279
f 285/285/285 284/284/284 283/283/283
f 286/286/286 285/285/285 283/283/283
f 289/289/289 288/288/288 287/287/287
f 288/288/288 290/290/290 287/287/287
f 287/287/287 290/290/290 291/291/291
f 290/290/290 292/292/292 291/291/291
f 295/295/295 294/294/294 293/293/293
f 294/294/294 296/296/296 293/293/293
f 296/296/296 297/297/297 293/293/293
f 297/297/297 298/298/298 293/293/293
f 297/297/297 299/299/299 298/298/298
f 299/299/299 300/300/300 298/298/298
f 300/300/300 299/299/299 301/301/301
f 299/299/299 302/302/302 301/301/301
f 301/301/301 302/302/302 303/303/303
f 302/302/302 304/304/304 303/303/303
f 307/307/307 306/306/306 305/305/305
f 308/308/308 307/307/307 305/305/305
f 307/307/307 308/308/308 309/309/309
f 310/310/310 307/307/307 309/309/309
f 310/310/310 309/309/309 311/311/311
f 312/312/312 310/310/310 311/311/311
f 313/313/313 312/312/312 311/311/311
f 314/314/314 313/313/313 311/311/311
f 317/317/317 316/316/316 315/315/315
f 318/318/318 317/317/317 315/315/315
f 319/319/319 317/317/317 318/318/318
f 320/320/320 319/319/319 318/318/318
f 321/321/321 319/319/319 320/320/320
f 322/322/322 321/321/321 320/320/320
f 325/325/325 324/324/324 323/323/323
f 324/324/324 326/326/326 323/323/323
f 323/323/323 326/326/326 327/327/327
f 326/326/326 328/328/328 327/327/327
f 327/327/327 328/328/328 329/329/329
f 328/328/328 330/330/330 329/329/329
f 333/333/333 332/332/332 331/331/331
f 334/334/334 333/333/333 331/331/331
f 337/337/337 336/336/336 335/335/335
f 336/336/336 338/338/338 335/335/335
f 338/338/338 336/336/336 339/339/339
f 340/340/340 338/338/338 339/339/339
f 339/339/339 341/341/341 340/340/340
f 341/341/341 342/342/342 340/340/340
f 342/342/342 341/341/341 343/343/343
f 341/341/341 344/344/344 343/343/343
f 347/347/347 346/346/346 345/345/345
f 348/348/348 347/347/347 345/345/345
f 349/349/349 347/347/347 348/348/348
f 350/350/350 349/349/349 348/348/348
f 351/351/351 349/349/349 350/350/350
f 352/352/352 351/351/351 350/350/350
f 355/355/355 354/354/354 353/353/353
f 356/356/356 355/355/355 353/353/353
f 357/357/357 355/355/355 356/356/356
f 358/358/358 357/357/357 356/356/356
f 361/361/361 360/360/360 359/359/359
f 362/362/362 361/361/361 359/359/359
f 365/365/365 364/364/364 363/363/363
f 366/366/366 365/365/365 363/363/363
f 369/369/369 368/368/368 367/367/367
f 368/368/368 370/370/370 367/367/367
f 370/370/370 368/368/368 371/371/371
f 372/372/372 370/370/370 371/371/371
f 372/372/372 371/371/371 373/373/373
f 371/371/371 374/374/374 373/373/373
f 373/373/373 374/374/374 375/375/375
f 374/374/374 376/376/376 375/375/375
f 379/379/379 378/378/378 377/377/377
f 380/380/380 379/379/379 377/377/377
f 380/380/380 377/377/377 381/381/381
f 382/382/382 380/380/380 381/381/381
f 381/381/381 383/383/383 382/382/382
f 383/383/383 384/384/384 382/382/382
f 384/384/384 383/383/383 385/385/385
f 383/383/383 386/386/386 385/385/385
f 389/389/389 388/388/388 387/387/387
f 390/390/390 389/389/389 387/387/387
f 393/393/393 392/392/392 391/391/391
f 394/394/394 393/393/393 391/391/391
f 397/397/397 396/396/396 395/395/395
f 398/398/398 397/397/397 395/395/395
f 401/401/401 400/400/400 399/399/399
f 402/402/402 401/401/401 399/399/399
f 405/405/405 404/404/404 403/403/403
f 406/406/406 405/405/405 403/403/403
f 409/409/409 408/408/408 407/407/407
f 410/410/410 409/409/409 407/407/407
f 413/413/413 412/412/412 411/411/411
f 414/414/414 413/413/413 411/411/411
f 417/417/417 416/416/416 415/415/415
f 418/418/418 417/417/417 415/415/415
f 421/421/421 420/420/420 419/419/419
f 422/422/422 421/421/421 419/419/419
f 425/425/425 424/424/424 423/423/423
f 426/426/426 425/425/425 423/423/423
f 429/429/429 428/428/428 427/427/427
f 428/428/428 430/430/430 427/427/427
f 427/427/427 430/430/430 431/431/431
f 430/430/430 432/432/432 431/431/431
f 433/433/433 431/431/431 432/432/432
f 434/434/434 433/433/433 432/432/432
f 433/433/433 434/434/434 435/435/435
f 436/436/436 433/433/433 435/435/435
f 439/439/439 438/438/438 437/437/437
f 438/438/438 440/440/440 437/437/437
f 438/438/438 441/441/441 440/440/440
f 441/441/441 442/442/442 440/440/440
f 442/442/442 441/441/441 443/443/443
f 444/444/444 442/442/442 443/443/443
f 444/444/444 443/443/443 445/445/445
f 446/446/446 444/444/444 445/445/445
f 449/449/449 448/448/448 447/447/447
f 448/448/448 450/450/450 447/447/447
f 451/451/451 450/450/450 448/448/448
f 452/452/452 451/451/451 448/448/448
f 455/455/455 454/454/454 453/453/453
f 454/454/454 456/456/456 453/453/453
f 457/457/457 456/456/456 454/454/454
f 458/458/458 457/457/457 454/454/454
f 461/461/461 460/460/460 459/459/459
f 460/460/460 462/462/462 459/459/459
f 463/463/463 462/462/462 460/460/460
f 464/464/464 463/463/463 460/460/460
f 467/467/467 466/466/466 465/465/465
f 466/466/466 468/468/468 465/465/465
f 469/469/469 468/468/468 466/466/466
f 470/470/470 469/469/469 466/466/466
f 473/473/473 472/472/472 471/471/471
f 472/472/472 474/474/474 471/471/471
f 475/475/475 474/474/474 472/472/472
f 476/476/476 475/475/475 472/472/472
f 479/479/479 478/478/478 477/477/477
f 478/478/478 480/480/480 477/477/477
f 481/481/481 480/480/480 478/478/478
f 482/482/482 481/481/481 478/478/478
f 485/485/485 484/484/484 483/483/483
f 484/484/484 486/486/486 483/483/483
f 487/487/487 486/486/486 484/484/484
f 488/488/488 487/487/487 484/484/484
f 491/491/491 490/490/490 489/489/489
f 490/490/490 492/492/492 489/489/489
f 493/493/493 492/492/492 490/490/490
f 494/494/494 493/493/493 490/490/490
f 497/497/497 496/496/496 495/495/495
f 496/496/496 498/498/498 495/495/495
f 498/498/498 499/499/499 495/495/495
f 499/499/499 500/500/500 495/495/495
f 503/503/503 502/502/502 501/501/501
f 502/502/502 504/504/504 501/501/501
f 505/505/505 504/504/504 502/502/502
f 506/506/506 505/505/505 502/502/502
f 509/509/509 508/508/508 507/507/507
f 508/508/508 510/510/510 507/507/507
f 511/511/511 510/510/510 508/508/508
f 512/512/512 511/511/511 508/508/508
f 515/515/515 514/514/514 513/513/513
f 514/514/514 516/516/516 513/513/513
f 516/516/516 517/517/517 513/513/513
f 517/517/517 518/518/518 513/513/513
f 521/521/521 520/520/520 519/519/519
f 520/520/520 522/522/522 519/519/519
f 523/523/523 522/522/522 520/520/520
f 524/524/524 523/523/523 520/520/520
f 527/527/527 526/526/526 525/525/525
f 526/526/526 528/528/528 525/525/525
f 529/529/529 528/528/528 526/526/526
f 530/530/530 529/529/529 526/526/526
f 533/533/533 532/532/532 531/531/531
f 532/532/532 534/534/534 531/531/531
f 535/535/535 534/534/534 532/532/532
f 536/536/536 535/535/535 532/532/532
f 539/539/539 538/538/538 537/537/537
f 538/538/538 540/540/540 537/537/537
f 541/541/541 540/540/540 538/538/538
f 542/542/542 541/541/541 538/538/538
f 545/545/545 544/544/544 543/543/543
f 544/544/544 546/546/546 543/543/543
f 547/547/547 546/546/546 544/544/544
f 548/548/548 547/547/547 544/544/544
f 551/551/551 550/550/550 549/549/549
f 550/550/550 552/552/552 549/549/549
f 553/553/553 552/552/552 550/550/550
f 554/554/554 553/553/553 550/550/550
f 557/557/557 556/556/556 555/555/555
f 558/558/558 557/557/557 555/555/555
f 557/557/557 558/558/558 559/559/559
f 560/560/560 557/557/557 559/559/559
f 563/563/563 562/562/562 561/561/561
f 564/564/564 563/563/563 561/561/561
f 567/567/567 566/566/566 565/565/565
f 568/568/568 567/567/567 565/565/565
f 567/567/567 568/568/568 569/569/569
f 570/570/570 567/567/567 569/569/569
f 571/571/571 570/570/570 569/569/569
f 572/572/572 571/571/571 569/569/569
f 572/572/572 573/573/573 571/571/571
f 573/573/573 574/574/574 571/571/571
f 573/573/573 575/575/575 574/574/574
f 575/575/575 576/576/576 574/574/574
f 575/575/575 577/577/577 576/576/576
f 577/577/577 578/578/578 576/576/576
f 577/577/577 579/579/579 578/578/578
f 579/579/579 580/580/580 578/578/578
f 579/579/579 581/581/581 580/580/580
f 581/581/581 582/582/582 580/580/580
f 585/585/585 584/584/584 583/583/583
f 586/586/586 585/585/585 583/583/583
f 589/589/589 588/588/588 587/587/587
f 588/588/588 590/590/590 587/587/587
f 590/590/590 588/588/588 591/591/591
f 592/592/592 590/590/590 591/591/591
f 591/591/591 593/593/593 592/592/592
f 593/593/593 594/594/594 592/592/592
f 594/594/594 593/593/593 595/595/595
f 593/593/593 596/596/596 595/595/595
f 595/595/595 596/596/596 597/597/597
f 598/598/598 595/595/595 597/597/597
f 601/601/601 600/600/600 599/599/599
f 602/602/602 601/601/601 599/599/599
f 605/605/605 604/604/604 603/603/603
f 606/606/606 605/605/605 603/603/603
f 607/607/607 606/606/606 603/603/603
f 608/608/608 607/607/607 603/603/603
f 607/607/607 608/608/608 609/609/609
f 608/608/608 610/610/610 609/609/609
f 609/609/609 610/610/610 611/611/611
f 612/612/612 609/609/609 611/611/611
f 612/612/612 611/611/611 613/613/613
f 614/614/614 612/612/612 613/613/613
f 614/614/614 613/613/613 615/615/615
f 616/616/616 614/614/614 615/615/615
f 616/616/616 615/615/615 617/617/617
f 618/618/618 616/616/616 617/617/617
f 621/621/621 620/620/620 619/619/619
f 622/622/622 621/621/621 619/619/619
f 625/625/625 624/624/624 623/623/623
f 624/624/624 626/626/626 623/623/623
f 626/626/626 624/624/624 627/627/627
f 624/624/624 628/628/628 627/627/627
f 631/631/631 630/630/630 629/629/629
f 632/632/632 631/631/631 629/629/629
f 635/635/635 634/634/634 633/633/633
f 634/634/634 636/636/636 633/633/633
f 636/636/636 637/637/637 633/633/633
f 637/637/637 638/638/638 633/633/633
f 639/639/639 638/638/638 637/637/637
f 640/640/640 639/639/639 637/637/637
f 639/639/639 640/640/640 641/641/641
f 642/642/642 639/639/639 641/641/641
f 642/642/642 641/641/641 643/643/643
f 644/644/644 642/642/642 643/643/643
f 643/643/643 645/645/645 644/644/644
f 645/645/645 646/646/646 644/644/644
f 647/647/647 646/646/646 645/645/645
f 648/648/648 647/647/647 645/645/645
f 651/651/651 650/650/650 649/649/649
f 650/650/650 652/652/652 649/649/649
f 649/649/649 652/652/652 653/653/653
f 654/654/654 649/649/649 653/653/653
f 654/654/654 653/653/653 655/655/655
f 653/653/653 656/656/656 655/655/655
f 655/655/655 656/656/656 657/657/657
f 656/656/656 658/658/658 657/657/657
f 657/657/657 658/658/658 659/659/659
f 658/658/658 660/660/660 659/659/659
f 659/659/659 660/660/660 661/661/661
f 660/660/660 662/662/662 661/661/661
f 663/663/663 661/661/661 662/662/662
f 664/664/664 663/663/663 662/662/662
f 667/667/667 666/666/666 665/665/665
f 666/666/666 668/668/668 665/665/665
f 669/669/669 668/668/668 666/666/666
f 670/670/670 669/669/669 666/666/666
f 671/671/671 669/669/669 670/670/670
f 672/672/672 671/671/671 670/670/670
f 673/673/673 671/671/671 672/672/672
f 674/674/674 673/673/673 672/672/672
f 674/674/674 675/675/675 673/673/673
f 675/675/675 676/676/676 673/673/673
f 679/679/679 678/678/678 677/677/677
f 678/678/678 680/680/680 677/677/677
f 680/680/680 681/681/681 677/677/677
f 681/681/681 682/682/682 677/677/677
f 683/683/683 682/682/682 681/681/681
f 684/684/684 683/683/683 681/681/681
f 683/683/683 684/684/684 685/685/685
f 686/686/686 683/683/683 685/685/685
f 686/686/686 685/685/685 687/687/687
f 688/688/688 686/686/686 687/687/687
f 687/687/687 689/689/689 688/688/688
f 689/689/689 690/690/690 688/688/688
f 693/693/693 692/692/692 691/691/691
f 694/694/694 693/693/693 691/691/691
f 697/697/697 696/696/696 695/695/695
f 698/698/698 697/697/697 695/695/695
f 698/698/698 695/695/695 699/699/699
f 700/700/700 698/698/698 699/699/699
f 700/700/700 699/699/699 701/701/701
f 702/702/702 700/700/700 701/701/701
f 702/702/702 701/701/701 703/703/703
f 704/704/704 702/702/702 703/703/703
f 704/704/704 703/703/703 705/705/705
f 706/706/706 704/704/704 705/705/705
f 706/706/706 705/705/705 707/707/707
f 705/705/705 708/708/708 707/707/707
f 708/708/708 709/709/709 707/707/707
f 709/709/709 710/710/710 707/707/707
f 713/713/713 712/712/712 711/711/711
f 714/714/714 713/713/713 711/711/711
f 717/717/717 716/716/716 715/715/715
f 718/718/718 717/717/717 715/715/715
f 719/719/719 718/718/718 715/715/715
f 720/720/720 719/719/719 715/715/715
f 719/719/719 720/720/720 721/721/721
f 720/720/720 722/722/722 721/721/721
f 721/721/721 722/722/722 723/723/723
f 724/724/724 721/721/721 723/723/723
f 724/724/724 723/723/723 725/725/725
f 726/726/726 724/724/724 725/725/725
f 726/726/726 725/725/725 727/727/727
f 728/728/728 726/726/726 727/727/727
f 728/728/728 727/727/727 729/729/729
f 730/730/730 728/728/728 729/729/729
f 733/733/733 732/732/732 731/731/731
f 734/734/734 733/733/733 731/731/731
f 737/737/737 736/736/736 735/735/735
f 738/738/738 737/737/737 735/735/735
f 741/741/741 740/740/740 739/739/739
f 742/742/742 741/741/741 739/739/739
f 742/742/742 739/739/739 743/743/743
f 744/744/744 742/742/742 743/743/743
f 747/747/747 746/746/746 745/745/745
f 748/748/748 747/747/747 745/745/745
f 751/751/751 750/750/750 749/749/749
f 750/750/750 752/752/752 749/749/749
f 753/753/753 752/752/752 750/750/750
f 754/754/754 753/753/753 750/750/750
f 755/755/755 753/753/753 754/754/754
f 756/756/756 755/755/755 754/754/754
f 756/756/756 757/757/757 755/755/755
f 757/757/757 758/758/758 755/755/755
f 761/761/761 760/760/760 759/759/759
f 760/760/760 762/762/762 759/759/759
f 760/760/760 763/763/763 762/762/762
f 763/763/763 764/764/764 762/762/762
f 765/765/765 764/764/764 763/763/763
f 766/766/766 765/765/765 763/763/763
f 767/767/767 765/765/765 766/766/766
f 768/768/768 767/767/767 766/766/766
f 771/771/771 770/770/770 769/769/769
f 772/772/772 771/771/771 769/769/769
f 775/775/775 774/774/774 773/773/773
f 776/776/776 775/775/775 773/773/773
f 779/779/779 778/778/778 777/777/777
f 780/780/780 779/779/779 777/777/777
f 780/780/780 777/777/777 781/781/781
f 782/782/782 780/780/780 781/781/781
f 785/785/785 784/784/784 783/783/783
f 784/784/784 786/786/786 783/783/783
f 784/784/784 787/787/787 786/786/786
f 787/787/787 788/788/788 786/786/786
f 791/791/791 790/790/790 789/789/789
f 792/792/792 791/791/791 789/789/789
f 795/795/795 794/794/794 793/793/793
f 796/796/796 795/795/795 793/793/793
f 797/797/797 795/795/795 796/796/796
f 798/798/798 797/797/797 796/796/796
f 797/797/797 798/798/798 799/799/799
f 798/798/798 800/800/800 799/799/799
f 800/800/800 801/801/801 799/799/799
f 801/801/801 802/802/802 799/799/799
f 805/805/805 804/804/804 803/803/803
f 804/804/804 806/806/806 803/803/803
f 804/804/804 807/807/807 806/806/806
f 807/807/807 808/808/808 806/806/806
f 807/807/807 809/809/809 808/808/808
f 809/809/809 810/810/810 808/808/808
f 813/813/813 812/812/812 811/811/811
f 812/812/812 814/814/814 811/811/811
f 812/812/812 815/815/815 814/814/814
f 815/815/815 816/816/816 814/814/814
f 819/819/819 818/818/818 817/817/817
f 820/820/820 819/819/819 817/817/817
f 823/823/823 822/822/822 821/821/821
f 824/824/824 823/823/823 821/821/821
f 827/827/827 826/826/826 825/825/825
f 828/828/828 827/827/827 825/825/825
f 829/829/829 827/827/827 828/828/828
f 830/830/830 829/829/829 828/828/828
f 833/833/833 832/832/832 831/831/831
f 834/834/834 833/833/833 831/831/831
f 835/835/835 833/833/833 834/834/834
f 836/836/836 835/835/835 834/834/834
f 835/835/835 836/836/836 837/837/837
f 836/836/836 838/838/838 837/837/837
f 838/838/838 839/839/839 837/837/837
f 839/839/839 840/840/840 837/837/837
f 843/843/843 842/842/842 841/841/841
f 844/844/844 843/843/843 841/841/841
f 847/847/847 846/846/846 845/845/845
f 848/848/848 847/847/847 845/845/845
f 851/851/851 850/850/850 849/849/849
f 852/852/852 851/851/851 849/849/849
f 855/855/855 854/854/854 853/853/853
f 856/856/856 855/855/855 853/853/853
f 859/859/859 858/858/858 857/857/857
f 860/860/860 859/859/859 857/857/857
f 863/863/863 862/862/862 861/861/861
f 864/864/864 863/863/863 861/861/861
f 867/867/867 866/866/866 865/865/865
f 868/868/868 867/867/867 865/865/865
f 871/871/871 870/870/870 869/869/869
f 872/872/872 871/871/871 869/869/869
f 875/875/875 874/874/874 873/873/873
f 876/876/876 875/875/875 873/873/873
f 879/879/879 878/878/878 877/877/877
f 880/880/880 879/879/879 877/877/877
f 883/883/883 882/882/882 881/881/881
f 884/884/884 883/883/883 881/881/881
f 887/887/887 886/886/886 885/885/885
f 888/888/888 887/887/887 885/885/885
f 885/885/885 889/889/889 888/888/888
f 889/889/889 890/890/890 888/888/888
f 890/890/890 889/889/889 891/891/891
f 892/892/892 890/890/890 891/891/891
f 893/893/893 892/892/892 891/891/891
f 894/894/894 893/893/893 891/891/891
f 897/897/897 896/896/896 895/895/895
f 896/896/896 898/898/898 895/895/895
f 895/895/895 898/898/898 899/899/899
f 898/898/898 900/900/900 899/899/899
f 901/901/901 899/899/899 900/900/900
f 902/902/902 901/901/901 900/900/900
f 903/903/903 901/901/901 902/902/902
f 904/904/904 903/903/903 902/902/902
f 907/907/907 906/906/906 905/905/905
f 908/908/908 907/907/907 905/905/905
