g A_build_fangzi_03_B
v 2.07516926 2.93268213 1.32560482
v 2.00724525 2.37442459 1.32560482
v 1.43183519 2.94914855 1.32560482
v 1.05859624 2.92696462 1.32743443
v 1.0338966 2.35132586 1.34138515
v 0.385531132 2.98825631 1.32743443
v 1.0338966 2.35132586 1.34138515
v 0.410459469 2.34537965 1.34138515
v 0.385531132 2.98825631 1.32743443
v 2.00724525 2.37442459 1.32560482
v 1.44692942 2.36824968 1.32560482
v 1.43183519 2.94914855 1.32560482
v -0.896562984 3.36195267 1.29701728
v -0.714746212 3.40014562 1.42554687
v -0.711315707 3.39534292 1.29701728
v -0.894962082 3.36767018 1.42554687
v -0.92057652 3.39374201 1.42554687
v -0.926522729 3.39168371 1.29701728
v -0.98072471 3.69288206 1.29701728
v -0.9745498 3.69311076 1.42554687
v -0.959455578 3.72604361 1.42554687
v -0.962886083 3.73061762 1.29701728
v -0.777867507 3.76400787 1.29701728
v -0.779468409 3.75829036 1.42531817
v -0.746078159 3.73404812 1.29701728
v -0.752024368 3.73221852 1.42554687
v -0.698279788 3.43262107 1.42554687
v -0.691876178 3.43307847 1.29701728
v -0.714746212 3.40014562 1.42554687
v -0.711315707 3.39534292 1.29701728
v -0.752024368 3.73221852 1.42554687
v -0.959455578 3.72604361 1.42554687
v -0.779468409 3.75829036 1.42531817
v -0.9745498 3.69311076 1.42554687
v -0.92057652 3.39374201 1.42554687
v -0.698279788 3.43262107 1.42554687
v -0.894962082 3.36767018 1.42554687
v -0.714746212 3.40014562 1.42554687
v 1.9022718 5.55610375 1.33315194
v 2.02737088 5.51974039 1.50033189
v 2.02759958 5.51813949 1.33315194
v 1.9034153 5.55747595 1.50033189
v 1.84075141 5.67159742 1.33315194
v 2.02188208 5.57485717 1.56848459
v 1.84235231 5.67159742 1.50033189
v 1.87871566 5.7966965 1.33315194
v 1.93840645 5.60024291 1.56848459
v 2.01776547 5.61693804 1.57054289
v 1.96516439 5.63271836 1.57054289
v 1.89724039 5.67708623 1.56848459
v 1.93932125 5.68120283 1.57054289
v 1.87985916 5.795553 1.50033189
v 1.99398063 5.8582169 1.33315194
v 1.92262613 5.76056185 1.56848459
v 1.95533028 5.73380391 1.57054289
v 1.99420933 5.85661599 1.50033189
v 2.11907972 5.82025264 1.33315194
v 1.99946944 5.80172791 1.56848459
v 2.00381475 5.75964705 1.57054289
v 2.11816492 5.81910914 1.50033189
v 2.18082881 5.70498767 1.33315194
v 2.08294507 5.77634217 1.56848459
v 2.05618713 5.74363803 1.57054289
v 2.17922791 5.70475897 1.50033189
v 2.14286456 5.57988858 1.33315194
v 2.12411113 5.69949886 1.56848459
v 2.08225897 5.69538225 1.57054289
v 2.14149235 5.58080338 1.50033189
v 2.02759958 5.51813949 1.33315194
v 2.02737088 5.51974039 1.50033189
v 2.09872539 5.61602323 1.56848459
v 2.06624994 5.64278117 1.57054289
v 2.02188208 5.57485717 1.56848459
v 2.01776547 5.61693804 1.57054289
v 1.96516439 5.63271836 1.57054289
v 2.01662197 5.62883045 2.21890836
v 2.01776547 5.61693804 1.57054289
v 1.9727115 5.64209507 2.21890836
v 1.93932125 5.68120283 1.57054289
v 1.95121367 5.68234633 2.21867966
v 1.95533028 5.73380391 1.57054289
v 1.96447829 5.7262568 2.21890836
v 2.00381475 5.75964705 1.57054289
v 2.00495825 5.74775463 2.21890836
v 2.05618713 5.74363803 1.57054289
v 2.04864002 5.73449001 2.21867966
v 2.08225897 5.69538225 1.57054289
v 2.07036655 5.69401005 2.21890836
v 2.06624994 5.64278117 1.57054289
v 2.05687323 5.65032829 2.21890836
v 2.01776547 5.61693804 1.57054289
v 2.01662197 5.62883045 2.21890836
v -2.8466908 4.22369555 -1.21113936
v -2.75246626 4.22964176 -1.20770886
v -2.74949315 4.22964176 -1.40622076
v -2.8485204 4.22369555 -1.40622076
v -2.75040795 4.2513683 -1.4357231
v -2.84440379 4.2522831 -1.4348083
v -2.80872654 5.58240428 -1.51165161
v -2.89654747 5.57348497 -1.51188031
v -2.80964134 5.60618912 -1.48466497
v -2.89974928 5.60161511 -1.48466497
v -2.89265957 5.60161511 -1.27769116
v -2.80964134 5.60618912 -1.28958358
v -2.80872654 5.58240428 -1.26030994
v -2.88030975 5.57348497 -1.25436373
v -2.75040795 4.2513683 -1.18415272
v -2.8492065 4.2522831 -1.18049352
v -2.75246626 4.22964176 -1.20770886
v -2.8466908 4.22369555 -1.21113936
v -2.68637186 0.724122926 -2.22153747
v -2.68317005 0.724122926 1.24830411
v -2.68317005 0.48558847 1.25219202
v -2.68637186 0.48558847 -2.22153747
v 2.64806361 0.724122926 -2.29106238
v -2.63262728 0.724122926 -2.29380678
v -2.63262728 0.48558847 -2.28237177
v 2.64806361 0.48558847 -2.27962736
v -2.58940291 0.727096031 1.15568047
v -2.68317005 0.724122926 1.24830411
v -2.68637186 0.724122926 -2.22153747
v -2.59260472 0.727096031 -2.15407087
v -2.57156429 0.727096031 -2.18448802
v -2.63262728 0.724122926 -2.29380678
v 2.64806361 0.724122926 -2.29106238
v 2.5723638 0.729383034 -2.18380192
v -2.15761667 1.32743443 -2.26087393
v -2.11553581 0.494965184 -2.48934557
v -2.1109618 0.494965184 -2.22954199
v -2.15784537 1.29175717 -2.5092425
v -2.21662136 1.34916096 -2.4360584
v -2.21341955 1.35647937 -2.25927303
v -2.2488681 2.04166559 -2.28671707
v -2.25298471 2.0437239 -2.42622428
v -2.28248705 2.08694826 -2.28969018
v -2.27699825 2.08237426 -2.40449775
v -2.75452456 2.02794357 -1.93749165
v -2.75886987 2.06796613 -1.99924074
v -2.73165453 2.07276884 -1.96653659
v -2.80049333 2.02817227 -1.98917793
v -2.73485633 1.33635374 -1.91965302
v -2.78860091 2.03434718 -2.34480696
v -2.74834965 2.06384953 -2.33245714
v -2.72913882 2.01719466 -2.43217049
v -2.69254677 1.33452414 -2.42210767
v -2.62462277 2.06842353 -2.4390315
v -2.63422818 2.03846379 -2.48339937
v -2.32594012 2.07917245 -2.45892843
v -2.75681156 1.33177973 -2.33680245
v -2.77167709 1.33658244 -1.96447829
v -2.31839301 2.0439526 -2.49254738
v -2.27699825 2.08237426 -2.40449775
v -2.25298471 2.0437239 -2.42622428
v -2.83411228 1.27597685 -1.92559923
v -2.7837982 1.27620555 -1.87597126
v -2.75246626 0.494965184 -1.85584563
v -2.79546192 0.494965184 -1.90867541
v -2.79020181 0.494965184 -2.34732266
v -2.82496426 1.26797234 -2.36904919
v -2.712215 0.494965184 -2.45824233
v -2.74080254 1.27071674 -2.48911687
v -2.60861374 0.494965184 -2.52159232
v -2.61959136 1.29015627 -2.55429647
v -2.16653598 0.494965184 -2.53760135
v -2.59123252 1.33726854 -2.47265045
v -2.26236142 1.34916096 -2.47402265
v -2.21662136 1.34916096 -2.4360584
v -2.15784537 1.29175717 -2.5092425
v -2.19649573 1.29152847 -2.54720676
v -2.11553581 0.494965184 -2.48934557
v -2.75246626 0.494965184 -1.85584563
v -2.50935779 1.27940736 -1.87688606
v -2.46293162 0.494965184 -1.85584563
v -2.7837982 1.27620555 -1.87597126
v -2.73485633 1.33635374 -1.91965302
v -2.50226808 1.33452414 -1.91324941
v -2.52582422 2.03183148 -1.94000735
v -2.75452456 2.02794357 -1.93749165
v -2.49517837 2.07254014 -1.96173389
v -2.73165453 2.07276884 -1.96653659
v -2.75886987 2.06796613 -1.99924074
v -2.49517837 2.07254014 -1.96173389
v -2.73165453 2.07276884 -1.96653659
v -2.74834965 2.06384953 -2.33245714
v -2.62462277 2.06842353 -2.4390315
v -2.28248705 2.08694826 -2.28969018
v -2.27699825 2.08237426 -2.40449775
v -2.32594012 2.07917245 -2.45892843
v -2.20838814 3.14788915 -2.28351527
v -2.16287678 2.3808282 -2.48751597
v -2.16813688 2.38677441 -2.25172592
v -2.20450024 3.13576803 -2.52959683
v -2.23811919 3.12959312 -2.56321579
v -2.20861684 2.37373849 -2.53805875
v -2.35384156 3.84039378 -2.31187411
v -2.32022261 3.1844812 -2.5090138
v -2.33325853 3.19111351 -2.29700859
v -2.35201196 3.82209775 -2.52113492
v -2.35384156 3.17876369 -2.54103185
v -2.38906141 3.81775245 -2.56161488
v -2.83274008 2.37053669 -2.33771725
v -2.88488375 3.12250341 -1.94481006
v -2.8471482 2.37122279 -1.9066171
v -2.88053845 3.1170146 -2.35143927
v -2.75498196 2.37305239 -2.47173565
v -2.87070433 3.16664258 -2.03011529
v -2.80049333 3.1142702 -2.49300478
v -2.7799103 3.15955286 -2.48843077
v -2.65252421 2.37350979 -2.52982554
v -2.8485204 3.15932416 -2.39146183
v -2.89974928 3.81958205 -2.04772521
v -2.88785686 3.81409324 -2.42233637
v -2.82221986 3.79648332 -2.51381651
v -2.71793251 3.81203494 -2.55315297
v -2.67013413 3.12433301 -2.55955658
v -2.20861684 2.37373849 -2.53805875
v -2.23811919 3.12959312 -2.56321579
v -2.66350182 3.16527037 -2.53600044
v -2.38906141 3.81775245 -2.56161488
v -2.35384156 3.17876369 -2.54103185
v -2.30810149 3.17922109 -2.54263275
v -2.88488375 3.12250341 -1.94481006
v -2.82267726 3.13050792 -1.88306097
v -2.8471482 2.37122279 -1.9066171
v -2.77579369 2.3810569 -1.85493083
v -2.56012927 3.15612236 -1.88877848
v -2.50569859 2.38540221 -1.86156314
v -2.89974928 3.81958205 -2.04772521
v -2.83205398 3.17624799 -1.99237973
v -2.87070433 3.16664258 -2.03011529
v -2.86681643 3.80311563 -2.00953226
v -2.56447458 3.82735786 -2.02142468
v -2.54457765 3.1860821 -2.00633045
v -2.23926269 3.18928391 -2.3038696
v -2.33325853 3.19111351 -2.29700859
v -2.32022261 3.1844812 -2.5090138
v -2.23834789 3.1824229 -2.48820207
v -2.20450024 3.13576803 -2.52959683
v -2.20838814 3.14788915 -2.28351527
v -2.23811919 3.12959312 -2.56321579
v -2.30810149 3.17922109 -2.54263275
v -2.35384156 3.17876369 -2.54103185
v -2.86681643 3.80311563 -2.00953226
v -2.5804836 3.86555082 -2.03308839
v -2.56447458 3.82735786 -2.02142468
v -2.82016156 3.8513714 -2.02462648
v -2.89974928 3.81958205 -2.04772521
v -2.86521553 3.84679739 -2.05481493
v -2.85378051 3.84656869 -2.41295966
v -2.88785686 3.81409324 -2.42233637
v -2.82221986 3.79648332 -2.51381651
v -2.7151881 3.84679739 -2.52090622
v -2.37625419 3.86806652 -2.31804902
v -2.80506734 3.84679739 -2.48088366
v -2.71793251 3.81203494 -2.55315297
v -2.45058181 3.85891851 -2.53051164
v -2.38906141 3.81775245 -2.56161488
v -2.37625419 3.86509342 -2.45664143
v -2.35384156 3.84039378 -2.31187411
v -2.35201196 3.82209775 -2.52113492
v -2.16287678 2.3808282 -2.48751597
v -2.19420872 2.34698055 -2.22702628
v -2.16813688 2.38677441 -2.25172592
v -2.19077822 2.33828994 -2.45526922
v -2.20861684 2.37373849 -2.53805875
v -2.23743309 2.33508813 -2.51244431
v -2.65252421 2.37350979 -2.52982554
v -2.62233576 2.31999391 -2.47882536
v -2.78974441 2.3151912 -2.33497284
v -2.50181068 2.34172044 -1.88992198
v -2.74148864 2.3119894 -2.42965479
v -2.75498196 2.37305239 -2.47173565
v -2.83274008 2.37053669 -2.33771725
v -2.8471482 2.37122279 -1.9066171
v -2.81810325 2.32914192 -1.92628533
v -2.77579369 2.3810569 -1.85493083
v -2.75612546 2.33234373 -1.88397577
v -2.50569859 2.38540221 -1.86156314
v -2.83205398 3.17624799 -1.99237973
v -2.54457765 3.1860821 -2.00633045
v -2.55967187 3.18722561 -1.91850952
v -2.77693719 3.17693409 -1.91850952
v -2.56012927 3.15612236 -1.88877848
v -2.82267726 3.13050792 -1.88306097
v -2.88488375 3.12250341 -1.94481006
v -2.87070433 3.16664258 -2.03011529
v -2.28706106 4.90476517 -2.35235407
v -2.28363056 4.89996247 -2.48294197
v -2.25001161 4.16423347 -2.47150695
v -2.25344211 4.15508545 -2.32651093
v -2.96355667 4.89836156 -1.9057023
v -2.9139287 4.90202077 -1.85447343
v -2.85721101 4.13518852 -1.82314148
v -2.92650722 4.1212378 -1.87734346
v -2.91896011 4.10797318 -2.3054705
v -2.94297364 4.86977402 -2.3752241
v -2.8496639 4.10591488 -2.43194179
v -2.85995542 4.8551372 -2.48088366
v -2.70581139 4.10248437 -2.5071842
v -2.73691463 4.87777853 -2.53508564
v -2.3133616 4.13313022 -2.51518871
v -2.33348723 4.86702962 -2.53988835
v -2.25001161 4.16423347 -2.47150695
v -2.28363056 4.89996247 -2.48294197
v -2.85721101 4.13518852 -1.82314148
v -2.9139287 4.90202077 -1.85447343
v -2.62004876 4.91185488 -1.88603407
v -2.56218757 4.14021993 -1.83297559
v -2.25001161 4.16423347 -2.47150695
v -2.29735258 4.10065477 -2.31736292
v -2.25344211 4.15508545 -2.32651093
v -2.33646034 4.09219286 -2.44978042
v -2.3133616 4.13313022 -2.51518871
v -2.70581139 4.10248437 -2.5071842
v -2.69666337 4.07549773 -2.46030063
v -2.88694206 4.06817932 -2.29334938
v -2.55944317 4.10179827 -1.85698913
v -2.82473556 4.06932282 -2.40266815
v -2.8496639 4.10591488 -2.43194179
v -2.91896011 4.10797318 -2.3054705
v -2.92650722 4.1212378 -1.87734346
v -2.90226498 4.08624665 -1.89632559
v -2.85721101 4.13518852 -1.82314148
v -2.85652491 4.09265026 -1.84326711
v -2.56218757 4.14021993 -1.83297559
v -2.28363056 4.89996247 -2.48294197
v -2.28706106 4.90476517 -2.35235407
v -2.32388182 4.94455903 -2.3715649
v -2.32228091 4.94021373 -2.46921994
v -2.33348723 4.86702962 -2.53988835
v -2.3769403 4.93449622 -2.48865947
v -2.73691463 4.87777853 -2.53508564
v -2.72913882 4.9221464 -2.48362807
v -2.62325056 4.94135723 -1.91462162
v -2.82976697 4.91459929 -2.44337681
v -2.85995542 4.8551372 -2.48088366
v -2.94297364 4.86977402 -2.3752241
v -2.90843989 4.91574279 -2.35921508
v -2.93085252 4.92740651 -1.98849183
v -2.96355667 4.89836156 -1.9057023
v -2.83136787 4.93518232 -1.88626277
v -2.62004876 4.91185488 -1.88603407
v -2.9139287 4.90202077 -1.85447343
v -2.2433793 5.80538712 -2.35166797
v -2.20289934 5.06325451 -2.51816182
v -2.21021775 5.06759982 -2.35098187
v -2.23697569 5.68097413 -2.55589737
v -2.23949139 5.80355752 -2.47082085
v -2.27905655 5.82642755 -2.48088366
v -2.27882785 5.83100156 -2.36538999
v -2.30124048 5.83809127 -2.46601814
v -2.30284138 5.83992087 -2.369964
v -2.30284138 5.83992087 -2.369964
v -2.33943344 6.38216938 -2.39534973
v -2.30124048 5.83809127 -2.46601814
v -2.33508813 6.37530837 -2.49666399
v -2.99854782 5.04953249 -1.91873822
v -2.97842219 5.02917816 -2.38048421
v -3.02965107 5.77451257 -1.90959021
v -3.01089764 5.76536456 -2.39695064
v -2.99648952 5.81247683 -1.99306583
v -2.99420252 5.79944091 -2.38117031
v -2.89700487 5.02826336 -2.49666399
v -2.90157888 5.80401492 -2.49506308
v -2.92216191 5.76307755 -2.51564611
v -2.75749766 5.76353496 -2.58745802
v -2.77099098 5.04061318 -2.56367319
v -2.75109405 5.80973242 -2.55406777
v -2.25344211 5.07103032 -2.58151181
v -2.33897604 5.83008675 -2.55406777
v -2.27722695 5.68074543 -2.59271813
v -2.32845582 5.78251708 -2.59935044
v -2.23697569 5.68097413 -2.55589737
v -2.20289934 5.06325451 -2.51816182
v -2.23949139 5.80355752 -2.47082085
v -2.27905655 5.82642755 -2.48088366
v -2.92650722 5.81888044 -2.00129905
v -2.88900036 6.34626343 -1.98757703
v -2.89243087 5.82139614 -1.96607919
v -2.95326516 6.36044285 -2.04909742
v -2.94160144 6.36410205 -2.39100443
v -2.9125565 5.80813152 -2.3738519
v -2.88831426 6.35746974 -2.47470875
v -2.85629621 5.80950372 -2.45526922
v -2.7803677 6.35746974 -2.53965965
v -2.74469045 5.81179073 -2.52159232
v -2.36916448 6.37782407 -2.54057445
v -2.35338416 5.83077286 -2.52845333
v -2.30124048 5.83809127 -2.46601814
v -2.33508813 6.37530837 -2.49666399
v -2.27905655 5.82642755 -2.48088366
v -2.30124048 5.83809127 -2.46601814
v -2.35338416 5.83077286 -2.52845333
v -2.33897604 5.83008675 -2.55406777
v -2.75109405 5.80973242 -2.55406777
v -2.74469045 5.81179073 -2.52159232
v -2.85629621 5.80950372 -2.45526922
v -2.90157888 5.80401492 -2.49506308
v -2.9125565 5.80813152 -2.3738519
v -2.99420252 5.79944091 -2.38117031
v -2.92650722 5.81888044 -2.00129905
v -2.99648952 5.81247683 -1.99306583
v -2.89243087 5.82139614 -1.96607919
v -2.94457454 5.81293423 -1.89563949
v -2.62782457 5.82551275 -1.88900718
v -2.63560038 5.83351726 -1.96333479
v -2.62027746 5.79898351 -1.86636584
v -2.94457454 5.81293423 -1.89563949
v -2.62782457 5.82551275 -1.88900718
v -2.97476299 5.77817178 -1.85904743
v -2.93199602 5.09138465 -1.84806982
v -2.55990057 5.06302581 -1.85081422
v -3.02965107 5.77451257 -1.90959021
v -2.99648952 5.81247683 -1.99306583
v -2.99854782 5.04953249 -1.91873822
v -2.8473769 5.02048755 -1.85790393
v -2.55098126 5.03032166 -1.87414166
v -2.96721588 5.00928123 -1.93657685
v -2.63560038 5.83351726 -1.96333479
v -2.89243087 5.82139614 -1.96607919
v -2.88900036 6.34626343 -1.98757703
v -2.67242114 6.37485097 -1.99352323
v -2.97842219 5.02917816 -2.38048421
v -2.99854782 5.04953249 -1.91873822
v -2.96721588 5.00928123 -1.93657685
v -2.95006335 4.99693141 -2.36790569
v -2.87504964 4.99693141 -2.46716164
v -2.89700487 5.02826336 -2.49666399
v -2.76504478 5.00287762 -2.53531434
v -2.77099098 5.04061318 -2.56367319
v -2.55098126 5.03032166 -1.87414166
v -2.8473769 5.02048755 -1.85790393
v -2.23880529 5.03077906 -2.35304017
v -2.27425384 5.02551895 -2.54400496
v -2.25344211 5.07103032 -2.58151181
v -2.20289934 5.06325451 -2.51816182
v -2.23514608 5.02689115 -2.49506308
v -2.21021775 5.06759982 -2.35098187
v 2.28008476 1.32743443 -2.25538513
v 2.23342989 0.494965184 -2.22954199
v 2.2380039 0.494965184 -2.48934557
v 2.28031346 1.29175717 -2.5092425
v 2.33908945 1.34938966 -2.4360584
v 2.33611635 1.35647937 -2.25927303
v 2.3713362 2.04166559 -2.27276635
v 2.3754528 2.0437239 -2.42622428
v 2.40518385 2.08694826 -2.27573946
v 2.39946634 2.08237426 -2.40449775
v 2.87699265 2.02794357 -1.93749165
v 2.85412262 2.07276884 -1.96653659
v 2.88133796 2.06796613 -1.99924074
v 2.92296142 2.02817227 -1.98917793
v 2.85732442 1.33635374 -1.91965302
v 2.911069 2.03434718 -2.34480696
v 2.87081774 2.06384953 -2.33245714
v 2.89414518 1.33658244 -1.96447829
v 2.85160692 2.01719466 -2.43217049
v 2.81501486 1.33452414 -2.42210767
v 2.74709086 2.06842353 -2.4390315
v 2.75669627 2.03846379 -2.48339937
v 2.44840821 2.07917245 -2.45892843
v 2.4408611 2.0439526 -2.49254738
v 2.39946634 2.08237426 -2.40449775
v 2.3754528 2.0437239 -2.42622428
v 2.71370061 1.33726854 -2.47265045
v 2.38482952 1.34916096 -2.47402265
v 2.33908945 1.34938966 -2.4360584
v 2.28031346 1.29175717 -2.5092425
v 2.74205945 1.29015627 -2.55429647
v 2.31919252 1.29152847 -2.54720676
v 2.2380039 0.494965184 -2.48934557
v 2.28900408 0.494965184 -2.53760135
v 2.73108184 0.494965184 -2.52159232
v 2.86327063 1.27071674 -2.48911687
v 2.83468309 0.494965184 -2.45824233
v 2.94743236 1.26797234 -2.36904919
v 2.91266991 0.494965184 -2.34709396
v 2.87927966 1.33177973 -2.33680245
v 2.95658037 1.27597685 -1.92559923
v 2.91793001 0.494965184 -1.90867541
v 2.87493435 0.494965184 -1.85584563
v 2.9062663 1.27620555 -1.87597126
v 2.87493435 0.494965184 -1.85584563
v 2.58539972 0.494965184 -1.85584563
v 2.63182589 1.27940736 -1.87688606
v 2.9062663 1.27620555 -1.87597126
v 2.85732442 1.33635374 -1.91965302
v 2.62473618 1.33452414 -1.91324941
v 2.64829231 2.03183148 -1.94000735
v 2.87699265 2.02794357 -1.93749165
v 2.61764647 2.07254014 -1.96173389
v 2.85412262 2.07276884 -1.96653659
v 2.61764647 2.07254014 -1.96173389
v 2.88133796 2.06796613 -1.99924074
v 2.85412262 2.07276884 -1.96653659
v 2.87081774 2.06384953 -2.33245714
v 2.74709086 2.06842353 -2.4390315
v 2.40518385 2.08694826 -2.27573946
v 2.39946634 2.08237426 -2.40449775
v 2.44840821 2.07917245 -2.45892843
v 2.33085624 3.14788915 -2.28351527
v 2.29060498 2.38677441 -2.25172592
v 2.28534487 2.3808282 -2.48751597
v 2.32696833 3.13576803 -2.52959683
v 2.36058728 3.12959312 -2.56321579
v 2.33108494 2.37373849 -2.53805875
v 2.47630966 3.84039378 -2.31187411
v 2.45572662 3.19111351 -2.29700859
v 2.4426907 3.1844812 -2.5090138
v 2.47448005 3.82209775 -2.52113492
v 2.47630966 3.17876369 -2.54103185
v 2.51152951 3.81775245 -2.56161488
v 3.00735185 3.12250341 -1.94481006
v 2.96984499 2.37122279 -1.9066171
v 2.94514536 3.13050792 -1.88306097
v 2.89826179 2.3810569 -1.85493083
v 2.68259736 3.15612236 -1.88877848
v 2.62816668 2.38540221 -1.86156314
v 3.02221737 3.81958205 -2.04772521
v 2.99317243 3.16664258 -2.03011529
v 2.95452207 3.17624799 -1.99237973
v 2.98928452 3.80311563 -2.00953226
v 2.68694267 3.82735786 -2.02142468
v 2.66704574 3.1860821 -2.00633045
v 2.36173078 3.18928391 -2.3038696
v 2.4426907 3.1844812 -2.5090138
v 2.45572662 3.19111351 -2.29700859
v 2.36081598 3.1824229 -2.48820207
v 2.32696833 3.13576803 -2.52959683
v 2.33085624 3.14788915 -2.28351527
v 2.36058728 3.12959312 -2.56321579
v 2.43056959 3.17922109 -2.54263275
v 2.47630966 3.17876369 -2.54103185
v 2.98928452 3.80311563 -2.00953226
v 2.68694267 3.82735786 -2.02142468
v 2.70295169 3.86555082 -2.03308839
v 2.94262965 3.8513714 -2.02462648
v 3.02221737 3.81958205 -2.04772521
v 2.98768362 3.84679739 -2.05481493
v 2.9764773 3.84656869 -2.41295966
v 3.01032495 3.81409324 -2.42233637
v 2.94468795 3.79648332 -2.51381651
v 2.8376562 3.84679739 -2.52090622
v 2.49872229 3.86806652 -2.31804902
v 2.92753543 3.84679739 -2.48088366
v 2.8404006 3.81203494 -2.55315297
v 2.5730499 3.85891851 -2.53051164
v 2.51152951 3.81775245 -2.56161488
v 2.49872229 3.86509342 -2.45664143
v 2.47630966 3.84039378 -2.31187411
v 2.47448005 3.82209775 -2.52113492
v 2.28534487 2.3808282 -2.48751597
v 2.29060498 2.38677441 -2.25172592
v 2.31667682 2.34698055 -2.22702628
v 2.31324631 2.33828994 -2.45526922
v 2.33108494 2.37373849 -2.53805875
v 2.35990118 2.33508813 -2.51244431
v 2.7749923 2.37350979 -2.52982554
v 2.74480386 2.31999391 -2.47882536
v 2.91221251 2.3151912 -2.33497284
v 2.62427878 2.34172044 -1.88992198
v 2.86395673 2.3119894 -2.42965479
v 2.87745005 2.37305239 -2.47173565
v 2.95520817 2.37053669 -2.33771725
v 2.96984499 2.37122279 -1.9066171
v 2.94057135 2.32914192 -1.92628533
v 2.89826179 2.3810569 -1.85493083
v 2.87859356 2.33234373 -1.88397577
v 2.62816668 2.38540221 -1.86156314
v 2.95452207 3.17624799 -1.99237973
v 2.68236866 3.18722561 -1.91850952
v 2.66704574 3.1860821 -2.00633045
v 2.89940529 3.17693409 -1.91850952
v 2.68259736 3.15612236 -1.88877848
v 2.94514536 3.13050792 -1.88306097
v 3.00735185 3.12250341 -1.94481006
v 2.99317243 3.16664258 -2.03011529
v 2.36058728 3.12959312 -2.56321579
v 2.47630966 3.17876369 -2.54103185
v 2.43056959 3.17922109 -2.54263275
v 2.79260223 3.12433301 -2.55955658
v 2.33108494 2.37373849 -2.53805875
v 2.7749923 2.37350979 -2.52982554
v 2.78619862 3.16527037 -2.53600044
v 2.90237839 3.15955286 -2.48843077
v 2.51152951 3.81775245 -2.56161488
v 2.8404006 3.81203494 -2.55315297
v 2.94468795 3.79648332 -2.51381651
v 3.01032495 3.81409324 -2.42233637
v 2.92296142 3.1142702 -2.49300478
v 3.00300654 3.1170146 -2.35143927
v 2.87745005 2.37305239 -2.47173565
v 2.95520817 2.37053669 -2.33771725
v 2.96984499 2.37122279 -1.9066171
v 3.00735185 3.12250341 -1.94481006
v 2.99317243 3.16664258 -2.03011529
v 2.97098849 3.15932416 -2.39146183
v 3.02221737 3.81958205 -2.04772521
v 2.40952916 4.90476517 -2.35235407
v 2.37591021 4.15508545 -2.32651093
v 2.3727084 4.16423347 -2.47150695
v 2.40609865 4.89996247 -2.48294197
v 3.08602477 4.89836156 -1.9057023
v 2.97967911 4.13518852 -1.82314148
v 3.03639679 4.90202077 -1.85447343
v 3.04897531 4.1212378 -1.87734346
v 3.0414282 4.10797318 -2.3054705
v 3.06567044 4.86977402 -2.3752241
v 2.972132 4.10591488 -2.43194179
v 2.98242351 4.8551372 -2.48088366
v 2.82827948 4.10248437 -2.5071842
v 2.85938273 4.87777853 -2.53508564
v 2.43582969 4.13313022 -2.51518871
v 2.45595532 4.86702962 -2.53988835
v 2.3727084 4.16423347 -2.47150695
v 2.40609865 4.89996247 -2.48294197
v 2.97967911 4.13518852 -1.82314148
v 2.68465567 4.14021993 -1.83297559
v 2.74251685 4.91185488 -1.88603407
v 3.03639679 4.90202077 -1.85447343
v 2.3727084 4.16423347 -2.47150695
v 2.37591021 4.15508545 -2.32651093
v 2.41982067 4.10065477 -2.31736292
v 2.45892843 4.09219286 -2.44978042
v 2.43582969 4.13313022 -2.51518871
v 2.82827948 4.10248437 -2.5071842
v 2.81913147 4.07549773 -2.46030063
v 3.00941015 4.06817932 -2.29334938
v 2.68191126 4.10179827 -1.85698913
v 2.94720366 4.06932282 -2.40266815
v 2.972132 4.10591488 -2.43194179
v 3.0414282 4.10797318 -2.3054705
v 3.04897531 4.1212378 -1.87734346
v 3.02473307 4.08624665 -1.89632559
v 2.97967911 4.13518852 -1.82314148
v 2.97899301 4.09265026 -1.84326711
v 2.68465567 4.14021993 -1.83297559
v 2.40609865 4.89996247 -2.48294197
v 2.44634991 4.94455903 -2.3715649
v 2.40952916 4.90476517 -2.35235407
v 2.44474901 4.94021373 -2.46921994
v 2.45595532 4.86702962 -2.53988835
v 2.49940839 4.93449622 -2.48865947
v 2.85938273 4.87777853 -2.53508564
v 2.85160692 4.9221464 -2.48339937
v 2.74571866 4.94135723 -1.91462162
v 2.95223507 4.91459929 -2.44337681
v 2.98242351 4.8551372 -2.48088366
v 3.06567044 4.86977402 -2.3752241
v 3.03090798 4.91574279 -2.35921508
v 3.05332062 4.92740651 -1.98849183
v 3.08602477 4.89836156 -1.9057023
v 2.95383597 4.93518232 -1.88626277
v 2.74251685 4.91185488 -1.88603407
v 3.03639679 4.90202077 -1.85447343
v 2.36584739 5.80538712 -2.35166797
v 2.33268584 5.06759982 -2.35098187
v 2.32536743 5.06325451 -2.51816182
v 2.35944378 5.68097413 -2.55589737
v 2.36195948 5.80355752 -2.47082085
v 2.40152464 5.82642755 -2.48088366
v 2.40129594 5.83100156 -2.36538999
v 2.42370858 5.83809127 -2.46601814
v 2.42530948 5.83992087 -2.369964
v 2.42530948 5.83992087 -2.369964
v 2.42370858 5.83809127 -2.46601814
v 2.46190153 6.38216938 -2.39534973
v 2.45755623 6.37530837 -2.49666399
v 3.12101592 5.04953249 -1.91873822
v 3.15211916 5.77451257 -1.90959021
v 3.10089029 5.02917816 -2.38048421
v 3.13336574 5.76536456 -2.39695064
v 3.11895762 5.81247683 -1.99306583
v 3.11667061 5.79944091 -2.38117031
v 3.01947297 5.02826336 -2.49666399
v 3.02427567 5.80401492 -2.49506308
v 3.04463 5.76307755 -2.51564611
v 2.87996576 5.76353496 -2.58745802
v 2.89345908 5.04061318 -2.56367319
v 2.87356215 5.80973242 -2.55406777
v 2.37591021 5.07103032 -2.58151181
v 2.46167283 5.83008675 -2.55406777
v 2.39969504 5.68074543 -2.59271813
v 2.45115262 5.78251708 -2.59935044
v 2.35944378 5.68097413 -2.55589737
v 2.32536743 5.06325451 -2.51816182
v 2.36195948 5.80355752 -2.47082085
v 2.40152464 5.82642755 -2.48088366
v 3.04897531 5.81888044 -2.00129905
v 3.01489896 5.82139614 -1.96607919
v 3.01146845 6.34626343 -1.98757703
v 3.07573325 6.36044285 -2.04909742
v 3.06406953 6.36410205 -2.39100443
v 3.03502459 5.80813152 -2.3738519
v 3.01078235 6.35746974 -2.47470875
v 2.97876431 5.80950372 -2.45526922
v 2.90283579 6.35746974 -2.53965965
v 2.86715854 5.81179073 -2.52159232
v 2.49163258 6.37782407 -2.54057445
v 2.47585225 5.83077286 -2.52845333
v 2.42370858 5.83809127 -2.46601814
v 2.45755623 6.37530837 -2.49666399
v 2.40152464 5.82642755 -2.48088366
v 2.47585225 5.83077286 -2.52845333
v 2.42370858 5.83809127 -2.46601814
v 2.46167283 5.83008675 -2.55406777
v 2.87356215 5.80973242 -2.55406777
v 2.86715854 5.81179073 -2.52159232
v 2.97876431 5.80950372 -2.45526922
v 3.02427567 5.80401492 -2.49506308
v 3.03502459 5.80813152 -2.3738519
v 3.11667061 5.79944091 -2.38117031
v 3.04897531 5.81888044 -2.00129905
v 3.11895762 5.81247683 -1.99306583
v 3.01489896 5.82139614 -1.96607919
v 3.06704264 5.81293423 -1.89563949
v 2.75029266 5.82551275 -1.88900718
v 2.75829718 5.83351726 -1.96333479
v 2.74274555 5.79898351 -1.86636584
v 2.75029266 5.82551275 -1.88900718
v 3.06704264 5.81293423 -1.89563949
v 3.09723108 5.77817178 -1.85904743
v 3.05469282 5.09138465 -1.84806982
v 2.68236866 5.06302581 -1.85081422
v 3.15211916 5.77451257 -1.90959021
v 3.11895762 5.81247683 -1.99306583
v 3.12101592 5.04953249 -1.91873822
v 2.96984499 5.02048755 -1.85790393
v 2.67344935 5.03032166 -1.87414166
v 3.08968397 5.00928123 -1.93657685
v 2.75829718 5.83351726 -1.96333479
v 2.79488923 6.37485097 -1.99352323
v 3.01146845 6.34626343 -1.98757703
v 3.01489896 5.82139614 -1.96607919
v 3.10089029 5.02917816 -2.38048421
v 3.08968397 5.00928123 -1.93657685
v 3.12101592 5.04953249 -1.91873822
v 3.07253145 4.99693141 -2.36790569
v 2.99751773 4.99693141 -2.46716164
v 3.01947297 5.02826336 -2.49666399
v 2.88751287 5.00287762 -2.53531434
v 2.89345908 5.04061318 -2.56367319
v 2.67344935 5.03032166 -1.87414166
v 2.96984499 5.02048755 -1.85790393
v 2.36127338 5.03077906 -2.35304017
v 2.39672194 5.02551895 -2.54400496
v 2.37591021 5.07103032 -2.58151181
v 2.32536743 5.06325451 -2.51816182
v 2.35761418 5.02689115 -2.49506308
v 2.33268584 5.06759982 -2.35098187
v -2.15761667 1.32743443 1.21216946
v -2.1109618 0.494965184 1.18083751
v -2.11553581 0.494965184 1.4408698
v -2.15784537 1.29175717 1.46053803
v -2.21662136 1.34938966 1.38735392
v -2.21341955 1.35647937 1.21056855
v -2.2488681 2.04166559 1.23801259
v -2.25298471 2.0437239 1.3775198
v -2.28248705 2.08694826 1.2409857
v -2.27699825 2.08237426 1.35579327
v -2.75452456 2.02794357 0.888787172
v -2.73165453 2.07276884 0.917832116
v -2.75886987 2.06796613 0.950536265
v -2.80049333 2.02817227 0.94047345
v -2.73485633 1.33635374 0.870948546
v -2.78860091 2.03434718 1.29610248
v -2.74834965 2.06384953 1.28398136
v -2.72913882 2.01719466 1.38369471
v -2.69254677 1.33452414 1.3734032
v -2.62462277 2.06842353 1.39055572
v -2.63422818 2.03846379 1.43469489
v -2.32594012 2.07917245 1.41045265
v -2.75681156 1.33177973 1.28809797
v -2.77167709 1.33658244 0.915773813
v -2.31839301 2.0439526 1.4438429
v -2.27699825 2.08237426 1.35579327
v -2.25298471 2.0437239 1.3775198
v -2.83411228 1.27597685 0.876894755
v -2.7837982 1.27620555 0.82726678
v -2.75246626 0.494965184 0.80714115
v -2.79546192 0.494965184 0.86019963
v -2.79020181 0.494965184 1.29861818
v -2.82496426 1.26797234 1.32057342
v -2.712215 0.494965184 1.40976655
v -2.74080254 1.27071674 1.4404124
v -2.60861374 0.494965184 1.47288784
v -2.61959136 1.29015627 1.50582069
v -2.16653598 0.494965184 1.48889687
v -2.59123252 1.33726854 1.42394597
v -2.26236142 1.34916096 1.42531817
v -2.21662136 1.34938966 1.38735392
v -2.15784537 1.29175717 1.46053803
v -2.19649573 1.29152847 1.49873098
v -2.11553581 0.494965184 1.4408698
v -2.75246626 0.494965184 0.80714115
v -2.46293162 0.494965184 0.807369851
v -2.50935779 1.27940736 0.828181582
v -2.7837982 1.27620555 0.82726678
v -2.73485633 1.33635374 0.870948546
v -2.50226808 1.33452414 0.864773636
v -2.52582422 2.03183148 0.891302876
v -2.75452456 2.02794357 0.888787172
v -2.49517837 2.07254014 0.913029409
v -2.73165453 2.07276884 0.917832116
v -2.49517837 2.07254014 0.913029409
v -2.75886987 2.06796613 0.950536265
v -2.73165453 2.07276884 0.917832116
v -2.74834965 2.06384953 1.28398136
v -2.62462277 2.06842353 1.39055572
v -2.28248705 2.08694826 1.2409857
v -2.27699825 2.08237426 1.35579327
v -2.32594012 2.07917245 1.41045265
v -2.20838814 3.14788915 1.23481079
v -2.16813688 2.38677441 1.20302144
v -2.16287678 2.3808282 1.43881149
v -2.20450024 3.13576803 1.48089236
v -2.23811919 3.12959312 1.51451131
v -2.20861684 2.37373849 1.48935427
v -2.35384156 3.84039378 1.26316963
v -2.33325853 3.19111351 1.24830411
v -2.32022261 3.1844812 1.46030933
v -2.35201196 3.82209775 1.47243044
v -2.35384156 3.17876369 1.49232737
v -2.38906141 3.81775245 1.51313911
v -2.20861684 2.37373849 1.48935427
v -2.65252421 2.37350979 1.48112106
v -2.23811919 3.12959312 1.51451131
v -2.67013413 3.12433301 1.5110808
v -2.30810149 3.17922109 1.49392828
v -2.35384156 3.17876369 1.49232737
v -2.80049333 3.1142702 1.4443003
v -2.75498196 2.37305239 1.42303117
v -2.88053845 3.1170146 1.30273479
v -2.83274008 2.37053669 1.28901277
v -2.8471482 2.37122279 0.857912626
v -2.88488375 3.12250341 0.896105583
v -2.87070433 3.16664258 0.981410811
v -2.66373052 3.16527037 1.48729597
v -2.38906141 3.81775245 1.51313911
v -2.71793251 3.81203494 1.50467719
v -2.7799103 3.15955286 1.4397263
v -2.82221986 3.79648332 1.46534073
v -2.8485204 3.15932416 1.34275735
v -2.89974928 3.81958205 0.999020737
v -2.88785686 3.81409324 1.3736319
v -2.88488375 3.12250341 0.896105583
v -2.8471482 2.37122279 0.857912626
v -2.82267726 3.13050792 0.834356491
v -2.77579369 2.3810569 0.806226349
v -2.56012927 3.15612236 0.840074
v -2.50569859 2.38540221 0.812858659
v -2.89974928 3.81958205 0.999020737
v -2.87070433 3.16664258 0.981410811
v -2.83205398 3.17624799 0.943675254
v -2.86681643 3.80311563 0.96082778
v -2.56447458 3.82735786 0.972948898
v -2.54457765 3.1860821 0.957625975
v -2.23926269 3.18928391 1.25516512
v -2.32022261 3.1844812 1.46030933
v -2.33325853 3.19111351 1.24830411
v -2.23834789 3.1824229 1.4394976
v -2.20450024 3.13576803 1.48089236
v -2.20838814 3.14788915 1.23481079
v -2.23811919 3.12959312 1.51451131
v -2.30810149 3.17922109 1.49392828
v -2.35384156 3.17876369 1.49232737
v -2.86681643 3.80311563 0.96082778
v -2.56447458 3.82735786 0.972948898
v -2.5804836 3.86555082 0.984383915
v -2.82016156 3.8513714 0.975922002
v -2.89974928 3.81958205 0.999020737
v -2.86521553 3.84679739 1.00611045
v -2.85378051 3.84656869 1.36425518
v -2.88785686 3.81409324 1.3736319
v -2.82221986 3.79648332 1.46534073
v -2.7151881 3.84679739 1.47243044
v -2.37625419 3.86806652 1.26957324
v -2.80506734 3.84679739 1.43240788
v -2.71793251 3.81203494 1.50467719
v -2.45058181 3.85891851 1.48203586
v -2.38906141 3.81775245 1.51313911
v -2.37625419 3.86509342 1.40793695
v -2.35384156 3.84039378 1.26316963
v -2.35201196 3.82209775 1.47243044
v -2.16287678 2.3808282 1.43881149
v -2.16813688 2.38677441 1.20302144
v -2.19420872 2.34698055 1.1783218
v -2.19077822 2.33828994 1.40656475
v -2.20861684 2.37373849 1.48935427
v -2.23743309 2.33508813 1.46373983
v -2.65252421 2.37350979 1.48112106
v -2.62233576 2.31999391 1.43012088
v -2.78974441 2.3151912 1.28649707
v -2.50181068 2.34172044 0.841217501
v -2.74148864 2.3119894 1.38095031
v -2.75498196 2.37305239 1.42303117
v -2.83274008 2.37053669 1.28901277
v -2.8471482 2.37122279 0.857912626
v -2.81810325 2.32914192 0.877580856
v -2.77579369 2.3810569 0.806226349
v -2.75612546 2.33234373 0.835271292
v -2.50569859 2.38540221 0.812858659
v -2.83205398 3.17624799 0.943675254
v -2.55967187 3.18722561 0.869805044
v -2.54457765 3.1860821 0.957625975
v -2.77693719 3.17693409 0.869805044
v -2.56012927 3.15612236 0.840074
v -2.82267726 3.13050792 0.834356491
v -2.88488375 3.12250341 0.896105583
v -2.87070433 3.16664258 0.981410811
v -2.28706106 4.90476517 1.30364959
v -2.25344211 4.15508545 1.27780645
v -2.25001161 4.16423347 1.42280247
v -2.28363056 4.89996247 1.43423749
v -2.96355667 4.89836156 0.856997825
v -2.85721101 4.13518852 0.774437001
v -2.9139287 4.90202077 0.805768948
v -2.92650722 4.1212378 0.828867683
v -2.91896011 4.10797318 1.25676602
v -2.94297364 4.86977402 1.32651963
v -2.8496639 4.10591488 1.38323731
v -2.85995542 4.8551372 1.43217918
v -2.70581139 4.10248437 1.45847972
v -2.73691463 4.87777853 1.48638117
v -2.3133616 4.13313022 1.46648424
v -2.33348723 4.86702962 1.49118387
v -2.25001161 4.16423347 1.42280247
v -2.28363056 4.89996247 1.43423749
v -2.85721101 4.13518852 0.774437001
v -2.56218757 4.14021993 0.784271116
v -2.62004876 4.91185488 0.837329595
v -2.9139287 4.90202077 0.805768948
v -2.25001161 4.16423347 1.42280247
v -2.25344211 4.15508545 1.27780645
v -2.29735258 4.10065477 1.26888714
v -2.33646034 4.09219286 1.40107594
v -2.3133616 4.13313022 1.46648424
v -2.70581139 4.10248437 1.45847972
v -2.69666337 4.07549773 1.41159615
v -2.88694206 4.06817932 1.2448736
v -2.55944317 4.10179827 0.808284652
v -2.82473556 4.06932282 1.35396367
v -2.8496639 4.10591488 1.38323731
v -2.91896011 4.10797318 1.25676602
v -2.92650722 4.1212378 0.828867683
v -2.90226498 4.08624665 0.847849811
v -2.85721101 4.13518852 0.774437001
v -2.85652491 4.09265026 0.794562632
v -2.56218757 4.14021993 0.784271116
v -2.28363056 4.89996247 1.43423749
v -2.32388182 4.94455903 1.32286042
v -2.28706106 4.90476517 1.30364959
v -2.32228091 4.94021373 1.42051547
v -2.33348723 4.86702962 1.49118387
v -2.3769403 4.93449622 1.439955
v -2.73691463 4.87777853 1.48638117
v -2.72913882 4.9221464 1.43492359
v -2.62325056 4.94135723 0.865917138
v -2.82976697 4.91459929 1.39467233
v -2.85995542 4.8551372 1.43217918
v -2.94297364 4.86977402 1.32651963
v -2.90843989 4.91574279 1.3105106
v -2.93085252 4.92740651 0.939787349
v -2.96355667 4.89836156 0.856997825
v -2.83136787 4.93518232 0.837558296
v -2.62004876 4.91185488 0.837329595
v -2.9139287 4.90202077 0.805768948
v -2.2433793 5.80538712 1.30319219
v -2.21021775 5.06759982 1.30250609
v -2.20289934 5.06325451 1.46945734
v -2.23697569 5.68097413 1.5071929
v -2.23949139 5.80355752 1.42211637
v -2.27905655 5.82642755 1.43217918
v -2.27882785 5.83100156 1.31691421
v -2.30124048 5.83809127 1.41731366
v -2.30284138 5.83992087 1.32125952
v -2.30284138 5.83992087 1.32125952
v -2.30124048 5.83809127 1.41731366
v -2.33943344 6.38216938 1.34664526
v -2.33508813 6.37530837 1.44795951
v -2.99854782 5.04953249 0.870033744
v -3.02965107 5.77451257 0.860885731
v -2.97842219 5.02917816 1.33200843
v -3.01089764 5.76536456 1.34824616
v -2.99648952 5.81247683 0.944590056
v -2.99420252 5.79944091 1.33246584
v -2.89700487 5.02826336 1.44795951
v -2.90157888 5.80401492 1.44635861
v -2.92216191 5.76307755 1.46694164
v -2.75749766 5.76353496 1.53875354
v -2.77099098 5.04061318 1.51496871
v -2.75109405 5.80973242 1.50559199
v -2.25344211 5.07103032 1.53280733
v -2.33897604 5.83008675 1.50536329
v -2.27722695 5.68074543 1.54401365
v -2.32845582 5.78251708 1.55064596
v -2.23697569 5.68097413 1.5071929
v -2.20289934 5.06325451 1.46945734
v -2.23949139 5.80355752 1.42211637
v -2.27905655 5.82642755 1.43217918
v -2.92650722 5.81888044 0.952594568
v -2.89243087 5.82139614 0.917603415
v -2.88900036 6.34626343 0.938872547
v -2.95326516 6.36044285 1.00062164
v -2.94160144 6.36410205 1.34229995
v -2.9125565 5.80813152 1.32537612
v -2.88831426 6.35746974 1.42623298
v -2.85629621 5.80950372 1.40656475
v -2.7803677 6.35746974 1.49095517
v -2.74469045 5.81179073 1.47288784
v -2.36916448 6.37782407 1.49186997
v -2.35338416 5.83077286 1.47974886
v -2.30124048 5.83809127 1.41731366
v -2.33508813 6.37530837 1.44795951
v -2.27905655 5.82642755 1.43217918
v -2.35338416 5.83077286 1.47974886
v -2.30124048 5.83809127 1.41731366
v -2.33897604 5.83008675 1.50536329
v -2.75109405 5.80973242 1.50559199
v -2.74469045 5.81179073 1.47288784
v -2.85629621 5.80950372 1.40656475
v -2.90157888 5.80401492 1.44635861
v -2.9125565 5.80813152 1.32537612
v -2.99420252 5.79944091 1.33246584
v -2.92650722 5.81888044 0.952594568
v -2.99648952 5.81247683 0.944590056
v -2.89243087 5.82139614 0.917603415
v -2.94457454 5.81293423 0.84716371
v -2.62782457 5.82551275 0.8403027
v -2.63560038 5.83351726 0.914630311
v -2.62027746 5.79898351 0.817890066
v -2.62782457 5.82551275 0.8403027
v -2.94457454 5.81293423 0.84716371
v -2.97476299 5.77817178 0.810571655
v -2.93199602 5.09138465 0.799365339
v -2.55990057 5.06302581 0.802109743
v -3.02965107 5.77451257 0.860885731
v -2.99648952 5.81247683 0.944590056
v -2.99854782 5.04953249 0.870033744
v -2.8473769 5.02048755 0.809199453
v -2.55098126 5.03032166 0.825437178
v -2.96721588 5.00928123 0.887872371
v -2.63560038 5.83351726 0.914630311
v -2.67242114 6.37485097 0.944818756
v -2.88900036 6.34626343 0.938872547
v -2.89243087 5.82139614 0.917603415
v -2.97842219 5.02917816 1.33200843
v -2.96721588 5.00928123 0.887872371
v -2.99854782 5.04953249 0.870033744
v -2.95006335 4.99693141 1.31920122
v -2.87504964 4.99693141 1.41845716
v -2.89700487 5.02826336 1.44795951
v -2.76504478 5.00287762 1.48660987
v -2.77099098 5.04061318 1.51496871
v -2.55098126 5.03032166 0.825437178
v -2.8473769 5.02048755 0.809199453
v -2.23880529 5.03077906 1.30456439
v -2.27425384 5.02551895 1.49530048
v -2.25344211 5.07103032 1.53280733
v -2.20289934 5.06325451 1.46945734
v -2.23514608 5.02689115 1.44635861
v -2.21021775 5.06759982 1.30250609
v 0.576495917 7.41360792 -1.26259694
v 0.635729305 7.42252723 -1.27906337
v 0.57832552 7.42252723 -1.27906337
v 0.635500605 7.41360792 -1.26259694
v 0.635729305 7.48084582 -0.161862197
v 0.576495917 7.48084582 -0.161862197
v 0.57832552 7.50074275 -0.14996978
v 0.635729305 7.50074275 -0.14996978
v 0.635729305 7.6660931 -0.146310574
v 0.57832552 7.6660931 -0.146310574
v 0.576495917 7.67638461 -0.165521403
v 0.635729305 7.67615591 -0.165521403
v 0.635729305 7.65808859 -1.28295127
v 0.576495917 7.65808859 -1.28295127
v 0.57832552 7.63842036 -1.2985029
v 0.635729305 7.63842036 -1.2985029
v 0.57832552 7.42252723 -1.27906337
v 0.635729305 7.42252723 -1.27906337
v 0.576495917 7.67638461 -0.165521403
v 0.57832552 7.6660931 -0.146310574
v 0.57832552 7.50074275 -0.14996978
v 0.576495917 7.48084582 -0.161862197
v 0.576495917 7.65808859 -1.28295127
v 0.576495917 7.41360792 -1.26259694
v 0.57832552 7.42252723 -1.27906337
v 0.57832552 7.63842036 -1.2985029
v 0.635729305 7.65808859 -1.28295127
v 0.635729305 7.63842036 -1.2985029
v 0.635729305 7.42252723 -1.27906337
v 0.635500605 7.41360792 -1.26259694
v 0.635729305 7.67615591 -0.165521403
v 0.635729305 7.48084582 -0.161862197
v 0.635729305 7.50074275 -0.14996978
v 0.635729305 7.6660931 -0.146310574
v -0.591705428 7.15357563 0.829782484
v -0.571351098 7.09388484 0.827495481
v -0.572265899 7.14968773 0.814230861
v -0.590790627 7.09594315 0.843275804
v -0.584158317 7.34339692 1.91610911
v -0.585073119 7.4010294 1.90238709
v -0.574324203 7.40491731 1.92091181
v -0.573409401 7.34911442 1.93417643
v -0.40554335 7.35300233 1.94606885
v -0.406458152 7.40880521 1.93280423
v -0.39205003 7.40766171 1.92091181
v -0.391135229 7.35002923 1.93440513
v -0.35157007 7.09365614 0.83344169
v -0.352484871 7.15128863 0.819948369
v -0.361632885 7.14785812 0.803939346
v -0.360718083 7.09205524 0.817203965
v -0.572265899 7.14968773 0.814230861
v -0.571351098 7.09388484 0.827495481
v -0.39205003 7.40766171 1.92091181
v -0.406458152 7.40880521 1.93280423
v -0.574324203 7.40491731 1.92091181
v -0.585073119 7.4010294 1.90238709
v -0.352484871 7.15128863 0.819948369
v -0.591705428 7.15357563 0.829782484
v -0.572265899 7.14968773 0.814230861
v -0.361632885 7.14785812 0.803939346
v -0.35157007 7.09365614 0.83344169
v -0.360718083 7.09205524 0.817203965
v -0.571351098 7.09388484 0.827495481
v -0.590790627 7.09594315 0.843275804
v -0.391135229 7.35002923 1.93440513
v -0.584158317 7.34339692 1.91610911
v -0.573409401 7.34911442 1.93417643
v -0.40554335 7.35300233 1.94606885
v -1.58495101 7.17049946 0.830011185
v -1.56299578 7.11469657 0.830239885
v -1.56391058 7.17049946 0.816975265
v -1.58403621 7.11286697 0.843504505
v -1.7095927 7.36237904 1.90718979
v -1.7114223 7.41658102 1.90238709
v -1.70250299 7.42527164 1.92205532
v -1.70067339 7.36741045 1.92640062
v -1.53806744 7.37953157 1.94218095
v -1.53578044 7.43556315 1.93943654
v -1.52045752 7.43350485 1.92937373
v -1.52297322 7.37724457 1.93440513
v -1.34321475 7.12750379 0.873006849
v -1.34412955 7.18513628 0.859513529
v -1.35190536 7.18627978 0.842589703
v -1.35099056 7.1304769 0.855854323
v -1.56391058 7.17049946 0.816975265
v -1.56299578 7.11469657 0.830239885
v -1.52045752 7.43350485 1.92937373
v -1.53578044 7.43556315 1.93943654
v -1.70250299 7.42527164 1.92205532
v -1.7114223 7.41658102 1.90238709
v -1.34412955 7.18513628 0.859513529
v -1.58495101 7.17049946 0.830011185
v -1.56391058 7.17049946 0.816975265
v -1.35190536 7.18627978 0.842589703
v -1.34321475 7.12750379 0.873006849
v -1.35099056 7.1304769 0.855854323
v -1.56299578 7.11469657 0.830239885
v -1.58403621 7.11286697 0.843504505
v -1.52297322 7.37724457 1.93440513
v -1.7095927 7.36237904 1.90718979
v -1.70067339 7.36741045 1.92640062
v -1.53806744 7.37953157 1.94218095
v -2.00758924 7.18399278 0.827495481
v -1.99523943 7.12018538 0.82703808
v -1.98952192 7.17941877 0.811029056
v -2.01010495 7.12453069 0.842818404
v -1.92297012 7.37610106 1.9124499
v -1.92434232 7.43441965 1.9081046
v -1.91725261 7.44493987 1.91908221
v -1.9106203 7.38090377 1.92983113
v -1.74801436 7.37312796 1.91862481
v -1.74526995 7.42915954 1.91542301
v -1.73200533 7.42595774 1.90284449
v -1.73452104 7.37038356 1.9083333
v -1.76882609 7.11149477 0.835499993
v -1.76059287 7.17164296 0.819490969
v -1.77134179 7.16912726 0.804168046
v -1.7791176 7.11057997 0.819719669
v -1.98952192 7.17941877 0.811029056
v -1.99523943 7.12018538 0.82703808
v -1.73200533 7.42595774 1.90284449
v -1.74526995 7.42915954 1.91542301
v -1.91725261 7.44493987 1.91908221
v -1.92434232 7.43441965 1.9081046
v -1.76059287 7.17164296 0.819490969
v -2.00758924 7.18399278 0.827495481
v -1.98952192 7.17941877 0.811029056
v -1.77134179 7.16912726 0.804168046
v -1.76882609 7.11149477 0.835499993
v -1.7791176 7.11057997 0.819719669
v -1.99523943 7.12018538 0.82703808
v -2.01010495 7.12453069 0.842818404
v -1.73452104 7.37038356 1.9083333
v -1.92297012 7.37610106 1.9124499
v -1.9106203 7.38090377 1.92983113
v -1.74801436 7.37312796 1.91862481
v -2.01284935 7.11766968 0.831383387
v -2.02131126 7.17530216 0.801423642
v -2.02222607 7.11584008 0.815145662
v -2.01193455 7.17896137 0.817432666
v -2.05287191 7.43076045 1.91542301
v -2.05447281 7.37564366 1.91885351
v -2.06865224 7.37632976 1.92823023
v -2.06705133 7.43190395 1.92754412
v -2.23514608 7.42824474 1.91565171
v -2.23537478 7.37175576 1.91908221
v -2.245895 7.36580955 1.90101488
v -2.2456663 7.42412814 1.89712698
v -2.25138381 7.18101967 0.82726678
v -2.25206991 7.12087148 0.841217501
v -2.23285908 7.11652618 0.825437178
v -2.23194428 7.17736047 0.811715157
v -2.02222607 7.11584008 0.815145662
v -2.02131126 7.17530216 0.801423642
v -2.245895 7.36580955 1.90101488
v -2.23537478 7.37175576 1.91908221
v -2.06865224 7.37632976 1.92823023
v -2.05447281 7.37564366 1.91885351
v -2.25206991 7.12087148 0.841217501
v -2.01284935 7.11766968 0.831383387
v -2.02222607 7.11584008 0.815145662
v -2.23285908 7.11652618 0.825437178
v -2.25138381 7.18101967 0.82726678
v -2.23194428 7.17736047 0.811715157
v -2.02131126 7.17530216 0.801423642
v -2.01193455 7.17896137 0.817432666
v -2.2456663 7.42412814 1.89712698
v -2.05287191 7.43076045 1.91542301
v -2.06705133 7.43190395 1.92754412
v -2.23514608 7.42824474 1.91565171
v -2.87733664 4.3204358 0.325726931
v -2.96698718 4.33049861 0.34493776
v -2.88374025 4.34490674 0.348596965
v -2.96424277 4.30991558 0.322982527
v -2.95715306 4.25045349 -1.33944026
v -2.86978953 4.2541127 -1.32091553
v -2.87665054 4.27126523 -1.34378556
v -2.95944007 4.26760602 -1.36208159
v -2.96813068 4.53724372 -1.38403682
v -2.87756534 4.53884463 -1.3675704
v -2.87733664 4.55988506 -1.33372275
v -2.96813068 4.56011376 -1.34698737
v -2.97819349 4.67057602 0.312691012
v -2.89517527 4.67583613 0.317265018
v -2.89448917 4.6541096 0.33830545
v -2.97682129 4.64976429 0.333045342
v -2.88374025 4.34490674 0.348596965
v -2.96698718 4.33049861 0.34493776
v -2.95715306 4.25045349 -1.33944026
v -2.95944007 4.26760602 -1.36208159
v -2.96813068 4.53724372 -1.38403682
v -2.96813068 4.56011376 -1.34698737
v -2.96424277 4.30991558 0.322982527
v -2.97819349 4.67057602 0.312691012
v -2.97682129 4.64976429 0.333045342
v -2.96698718 4.33049861 0.34493776
v -2.87733664 4.3204358 0.325726931
v -2.88374025 4.34490674 0.348596965
v -2.89448917 4.6541096 0.33830545
v -2.89517527 4.67583613 0.317265018
v -2.86978953 4.2541127 -1.32091553
v -2.87733664 4.55988506 -1.33372275
v -2.87756534 4.53884463 -1.3675704
v -2.87665054 4.27126523 -1.34378556
v -2.86727383 5.5259153 -0.120467436
v -2.94114404 5.54809923 -0.0939381959
v -2.86933213 5.54809923 -0.104687112
v -2.94000054 5.5259153 -0.11017592
v -2.95235036 5.04129928 -1.35979459
v -2.87550704 5.04152798 -1.35636408
v -2.87459224 5.05204819 -1.38197852
v -2.95166425 5.0554787 -1.38769603
v -2.94480324 5.30110286 -1.48077707
v -2.86887473 5.29515666 -1.47437346
v -2.86613033 5.31391008 -1.46065144
v -2.94457454 5.32031369 -1.46705505
v -2.95509476 5.81316293 -0.216292879
v -2.88534116 5.80927502 -0.222925189
v -2.88602726 5.79784001 -0.204857862
v -2.95555216 5.80310011 -0.195252447
v -2.86933213 5.54809923 -0.104687112
v -2.94114404 5.54809923 -0.0939381959
v -2.95235036 5.04129928 -1.35979459
v -2.95166425 5.0554787 -1.38769603
v -2.94480324 5.30110286 -1.48077707
v -2.94457454 5.32031369 -1.46705505
v -2.94000054 5.5259153 -0.11017592
v -2.95509476 5.81316293 -0.216292879
v -2.95555216 5.80310011 -0.195252447
v -2.94114404 5.54809923 -0.0939381959
v -2.86727383 5.5259153 -0.120467436
v -2.86933213 5.54809923 -0.104687112
v -2.88602726 5.79784001 -0.204857862
v -2.88534116 5.80927502 -0.222925189
v -2.87550704 5.04152798 -1.35636408
v -2.86613033 5.31391008 -1.46065144
v -2.86887473 5.29515666 -1.47437346
v -2.87459224 5.05204819 -1.38197852
v 0.0406510163 1.0427025 1.43835409
v 0.059175744 1.05733932 1.52548892
v 0.0655793535 1.06534384 1.43881149
v 0.0356196088 1.0390433 1.52480282
v -1.25973913 1.16345628 1.53372214
v -1.25836692 1.16299888 1.45253351
v -1.27940736 1.18198101 1.45321962
v -1.28032216 1.18243841 1.53349344
v -1.23778389 1.49873098 1.52343062
v -1.2432727 1.49621528 1.43743929
v -1.22429057 1.5126817 1.43766799
v -1.22223227 1.51382521 1.52365932
v 0.117265631 1.40473514 1.51588351
v 0.119781334 1.40702215 1.43286529
v 0.134418156 1.38095031 1.43080698
v 0.133274655 1.378892 1.51611221
v 0.0655793535 1.06534384 1.43881149
v 0.059175744 1.05733932 1.52548892
v -1.25973913 1.16345628 1.53372214
v -1.28032216 1.18243841 1.53349344
v -1.23778389 1.49873098 1.52343062
v -1.22223227 1.51382521 1.52365932
v 0.0356196088 1.0390433 1.52480282
v 0.117265631 1.40473514 1.51588351
v 0.133274655 1.378892 1.51611221
v 0.059175744 1.05733932 1.52548892
v 0.0406510163 1.0427025 1.43835409
v 0.0655793535 1.06534384 1.43881149
v 0.134418156 1.38095031 1.43080698
v 0.119781334 1.40702215 1.43286529
v -1.25836692 1.16299888 1.45253351
v -1.22429057 1.5126817 1.43766799
v -1.2432727 1.49621528 1.43743929
v -1.27940736 1.18198101 1.45321962
v 0.0397362149 1.58197791 1.43835409
v 0.0557452388 1.59913043 1.52548892
v 0.0610053467 1.60782105 1.43881149
v 0.0351622081 1.5774039 1.52480282
v -1.26454183 1.51496871 1.53372214
v -1.26316963 1.51451131 1.45253351
v -1.28672577 1.53029163 1.45321962
v -1.28764057 1.53074903 1.53349344
v -1.29084237 1.84978601 1.52343062
v -1.29587378 1.8465842 1.43743929
v -1.27963606 1.86556633 1.43766799
v -1.27780645 1.86693853 1.52365932
v 0.0635210504 1.95110026 1.51588351
v 0.0655793535 1.95384466 1.43286529
v 0.0841040812 1.93005983 1.43080698
v 0.0831892798 1.92800152 1.51611221
v 0.0610053467 1.60782105 1.43881149
v 0.0557452388 1.59913043 1.52548892
v -1.26454183 1.51496871 1.53372214
v -1.28764057 1.53074903 1.53349344
v -1.29084237 1.84978601 1.52343062
v -1.27780645 1.86693853 1.52365932
v 0.0351622081 1.5774039 1.52480282
v 0.0635210504 1.95110026 1.51588351
v 0.0831892798 1.92800152 1.51611221
v 0.0557452388 1.59913043 1.52548892
v 0.0397362149 1.58197791 1.43835409
v 0.0610053467 1.60782105 1.43881149
v 0.0841040812 1.93005983 1.43080698
v 0.0655793535 1.95384466 1.43286529
v -1.26316963 1.51451131 1.45253351
v -1.27963606 1.86556633 1.43766799
v -1.29587378 1.8465842 1.43743929
v -1.28672577 1.53029163 1.45321962
v 0.00268675956 3.07058843 1.46030933
v 0.00451636229 3.09528807 1.54767286
v 0.00314416024 3.10580828 1.46099543
v 0.00200065853 3.06395612 1.54675806
v -1.11222741 2.03663419 1.52869073
v -1.1110839 2.03732029 1.44750211
v -1.14172975 2.03251758 1.44773081
v -1.14287325 2.03228888 1.52800463
v -1.33955555 2.2461237 1.53257863
v -1.34161385 2.24017749 1.44681601
v -1.34069905 2.26624933 1.44681601
v -1.34161385 2.26990854 1.53280733
v -0.19788344 3.33267902 1.54104055
v -0.19788344 3.33633823 1.45802232
v -0.168152396 3.33290772 1.45665012
v -0.167694995 3.33062072 1.54195535
v 0.00314416024 3.10580828 1.46099543
v 0.00451636229 3.09528807 1.54767286
v -1.11222741 2.03663419 1.52869073
v -1.14287325 2.03228888 1.52800463
v -1.33955555 2.2461237 1.53257863
v -1.34161385 2.26990854 1.53280733
v 0.00200065853 3.06395612 1.54675806
v -0.19788344 3.33267902 1.54104055
v -0.167694995 3.33062072 1.54195535
v 0.00451636229 3.09528807 1.54767286
v 0.00268675956 3.07058843 1.46030933
v 0.00314416024 3.10580828 1.46099543
v -0.168152396 3.33290772 1.45665012
v -0.19788344 3.33633823 1.45802232
v -1.1110839 2.03732029 1.44750211
v -1.34069905 2.26624933 1.44681601
v -1.34161385 2.24017749 1.44681601
v -1.14172975 2.03251758 1.44773081
v 1.08832728 2.70947059 1.38712522
v 1.09450219 2.71999081 1.42966348
v 1.09450219 2.72479352 1.38735392
v 1.08809858 2.70695489 1.42943478
v 0.446594123 2.46133072 1.43698189
v 0.446136722 2.46133072 1.39718803
v 0.432186001 2.46453253 1.39764543
v 0.432643402 2.46476123 1.43698189
v 0.384845031 2.58871681 1.4397263
v 0.381871926 2.58642981 1.39787413
v 0.386674633 2.59763613 1.39764543
v 0.388046835 2.59946573 1.4397263
v 1.04876212 2.85835451 1.42714778
v 1.04830472 2.85995542 1.38666782
v 1.06065454 2.85332311 1.38552431
v 1.06156934 2.85240831 1.42737648
v 1.09450219 2.72479352 1.38735392
v 1.09450219 2.71999081 1.42966348
v 0.446594123 2.46133072 1.43698189
v 0.432643402 2.46476123 1.43698189
v 0.384845031 2.58871681 1.4397263
v 0.388046835 2.59946573 1.4397263
v 1.08809858 2.70695489 1.42943478
v 1.04876212 2.85835451 1.42714778
v 1.06156934 2.85240831 1.42737648
v 1.09450219 2.71999081 1.42966348
v 1.08832728 2.70947059 1.38712522
v 1.09450219 2.72479352 1.38735392
v 1.06065454 2.85332311 1.38552431
v 1.04830472 2.85995542 1.38666782
v 0.446136722 2.46133072 1.39718803
v 0.386674633 2.59763613 1.39764543
v 0.381871926 2.58642981 1.39787413
v 0.432186001 2.46453253 1.39764543
v 0.385531132 2.36413308 1.39581583
v 0.374553515 2.37488199 1.36128208
v 0.374553515 2.37259499 1.39627323
v 0.385531132 2.36664878 1.35968118
v 1.05745274 2.42862657 1.36539868
v 1.05722404 2.42633957 1.40153334
v 1.06820165 2.43228578 1.40199074
v 1.06843035 2.43457278 1.36699959
v 1.06545725 2.5148466 1.374318
v 1.06522855 2.5125596 1.40930915
v 1.05699533 2.51850581 1.41091005
v 1.05722404 2.52102151 1.3745467
v 0.3644907 2.47939805 1.36905789
v 0.364262 2.47688234 1.40542124
v 0.354885286 2.47162224 1.40496384
v 0.355113986 2.47390924 1.36997269
v 0.374553515 2.37259499 1.39627323
v 0.374553515 2.37488199 1.36128208
v 1.05699533 2.51850581 1.41091005
v 1.06522855 2.5125596 1.40930915
v 1.06820165 2.43228578 1.40199074
v 1.05722404 2.42633957 1.40153334
v 0.364262 2.47688234 1.40542124
v 0.385531132 2.36413308 1.39581583
v 0.374553515 2.37259499 1.39627323
v 0.354885286 2.47162224 1.40496384
v 0.3644907 2.47939805 1.36905789
v 0.355113986 2.47390924 1.36997269
v 0.374553515 2.37488199 1.36128208
v 0.385531132 2.36664878 1.35968118
v 1.05722404 2.52102151 1.3745467
v 1.05745274 2.42862657 1.36539868
v 1.06843035 2.43457278 1.36699959
v 1.06545725 2.5148466 1.374318
v 3.10066159 6.69205834 -2.57945351
v 3.00323524 6.42333544 -2.6391443
v 3.09425798 6.42242064 -2.58265531
v 2.98768362 6.69205834 -2.64669141
v -2.94823375 6.42356414 -2.65309502
v -2.93085252 6.80800942 -2.66270043
v -3.04200089 6.42287804 -2.61261506
v -3.0463462 6.80800942 -2.61421596
v 3.14571556 6.69205834 -2.49186128
v 3.10066159 6.69205834 -2.57945351
v 3.09425798 6.42242064 -2.58265531
v 3.13016393 6.42219194 -2.51152951
v 3.14594426 6.69205834 1.40061854
v 3.12764823 6.42219194 1.42051547
v 3.07619065 6.42264934 1.50490589
v 3.08099336 6.69205834 1.5074216
v 2.95063416 6.69205834 1.56917069
v 3.08099336 6.69205834 1.5074216
v 3.07619065 6.42264934 1.50490589
v 2.97144589 6.42356414 1.55933657
v -0.00737605548 6.42425024 1.5796909
v -0.578212108 6.44071667 1.5796909
v -2.93931444 6.80800942 1.57168639
v -1.02257687 6.37187786 1.5794622
v -2.95189295 6.42356414 1.56093748
v -3.051835 6.80800942 1.52274452
v -3.04085739 6.42287804 1.52137232
v -3.04200089 6.42287804 -2.61261506
v -3.0463462 6.80800942 -2.61421596
v -3.13439583 6.80800942 -2.49186128
v -3.11198319 6.42219194 -2.51221561
v -3.10809529 6.42219194 1.42234507
v -3.13576803 6.80800942 1.40061854
v -3.04085739 6.42287804 1.52137232
v -3.051835 6.80800942 1.52274452
v -3.26223932 6.93859731 -2.59912174
v -3.17807759 6.93859731 -2.71644501
v -3.30866549 6.98273648 -2.81341396
v -3.39214111 6.98273648 -2.69723419
v -3.26384022 6.93859731 1.81205045
v -3.39557162 7.01772763 -2.70203689
v -3.31346819 7.01772763 -2.81661576
v -3.39419942 6.98273648 1.9115351
v -3.42690356 7.33996641 -2.74640476
v -3.35577776 7.33996641 -2.84543201
v -3.28030665 6.98227908 2.0441813
v -3.1810507 6.93859731 1.93577734
v -3.39762992 7.01772763 1.91588041
v -3.28465195 7.01749893 2.0473831
v -3.42873317 7.33996641 1.95453076
v -3.32490321 7.33996641 2.07802895
v -3.29265646 7.38547778 2.0457822
v -3.3811635 7.38547778 -2.73199664
v -3.3194144 7.38547778 -2.81592966
v -3.04200089 7.38524908 -2.59271813
v -3.3829931 7.38547778 1.94355315
v -3.12296081 7.38616388 -2.46693294
v -3.11953031 7.38593518 1.68512176
v -3.04337309 7.38524908 1.80953475
v -3.00883934 7.31252237 1.59364163
v -2.94503194 7.31137887 1.72239992
v -3.00769584 7.31252237 -2.37682501
v -2.94388844 7.31137887 -2.505812
v -2.915987 7.14008231 -2.31736292
v -2.81467275 7.13848141 -2.46899124
v -2.9171305 7.14008231 1.53395084
v -2.81581625 7.13848141 1.68557916
v -3.26384022 6.93859731 1.81205045
v -3.1810507 6.93859731 1.93577734
v -3.17716279 6.85100508 1.92091181
v -3.26292542 6.85077638 1.79146742
v -3.25400611 6.84871808 -2.58471362
v -3.26223932 6.93859731 -2.59912174
v -3.16595647 6.84871808 -2.707297
v -3.17807759 6.93859731 -2.71644501
v -3.07401894 6.93859731 1.98288961
v -3.1810507 6.93859731 1.93577734
v -3.28030665 6.98227908 2.0441813
v -3.14949005 6.98067817 2.07780025
v 3.08625347 6.82378974 1.98471921
v -3.15612236 7.01589803 2.08100205
v -3.28465195 7.01749893 2.0473831
v -3.21489835 7.33996641 2.110047
v -3.32490321 7.33996641 2.07802895
v -3.29265646 7.38547778 2.0457822
v 3.23079208 6.86792891 2.09106487
v 3.21592656 6.82287494 1.92045441
v 3.35955037 6.87090201 2.03000188
v 3.23536609 6.90543576 2.09266577
v 3.36206608 6.90818017 2.03183148
v 3.27790435 7.25031588 2.10638779
v 3.38447871 7.25054458 2.0471544
v 3.34582835 7.29605594 2.02016776
v 3.25366212 7.29582724 2.06979574
v 3.05423542 7.29605594 1.80884865
v -3.19843192 7.38547778 2.07162534
v -3.04337309 7.38524908 1.80953475
v 2.96527099 7.29788555 1.87654395
v 2.95314987 7.22424404 1.71782591
v -2.93862833 7.38341948 1.88340496
v -2.86361462 7.30977797 1.7763732
v -2.94503194 7.31137887 1.72239992
v -2.81581625 7.13848141 1.68557916
v 2.82667858 7.05409098 1.67963295
v 2.87196125 7.22538754 1.77202789
v 3.27561735 6.82287494 1.81753926
v 3.20883685 6.73505401 1.90536019
v 3.21592656 6.82287494 1.92045441
v 3.27287295 6.73505401 1.80884865
v 3.26532583 6.7329957 -2.58471362
v 3.27355905 6.82287494 -2.59912174
v 3.20883685 6.7329957 -2.67962426
v 3.21867096 6.82287494 -2.68991577
v -3.16595647 6.84871808 -2.707297
v -3.06715793 6.93859731 -2.76309988
v -3.17807759 6.93859731 -2.71644501
v -3.0502341 6.84871808 -2.75601017
v 3.04897531 6.7323096 -2.75349447
v 3.06201123 6.82287494 -2.76447209
v 3.20883685 6.7329957 -2.67962426
v 3.21867096 6.82287494 -2.68991577
v 2.95200637 7.22424404 -2.5042111
v 2.92730673 7.05249008 -2.31736292
v 2.82576378 7.05409098 -2.46441724
v 3.01901557 7.22355794 -2.37682501
v 2.92822153 7.05249008 1.53349344
v 3.13199353 7.29536984 -2.47493745
v 3.05354932 7.29605594 -2.59271813
v 3.39248322 7.29582724 -2.71575891
v 3.34720056 7.30268825 -2.81272786
v 3.43822329 7.25031588 -2.74640476
v 3.38447871 7.25717689 -2.8401719
v 3.36252348 6.90474966 -2.81547226
v 3.42907528 6.90474966 -2.71758852
v 3.36000778 6.8665567 -2.81272786
v 3.4446269 7.25031588 1.95750387
v 3.39911553 7.29582724 1.94332445
v 3.13016393 7.29536984 1.69198277
v 3.01970167 7.22355794 1.59295552
v 2.95314987 7.22424404 1.71782591
v 2.82667858 7.05409098 1.67963295
v 3.05423542 7.29605594 1.80884865
v 3.34582835 7.29605594 2.02016776
v 3.38447871 7.25054458 2.0471544
v 3.36206608 6.90818017 2.03183148
v 3.42312907 6.90589316 1.92754412
v 3.35955037 6.87090201 2.03000188
v 3.42084207 6.86838631 1.92434232
v 3.21592656 6.82287494 1.92045441
v 3.27561735 6.82287494 1.81753926
v 3.27355905 6.82287494 -2.59912174
v 3.42816048 6.8672428 -2.71438671
v 3.21867096 6.82287494 -2.68991577
v 2.82576378 7.05409098 -2.46441724
v 2.92730673 7.05249008 -2.31736292
v 2.92822153 7.05249008 1.53349344
v 2.82667858 7.05409098 1.67963295
v -2.81581625 7.13848141 1.68557916
v -2.81467275 7.13848141 -2.46899124
v -2.915987 7.14008231 -2.31736292
v -2.9171305 7.14008231 1.53395084
v 3.08625347 6.82378974 1.98471921
v 3.21592656 6.82287494 1.92045441
v 3.20883685 6.73505401 1.90536019
v 3.07733415 6.73505401 1.97008239
v -3.06601443 6.85100508 1.97008239
v -3.07401894 6.93859731 1.98288961
v -3.17716279 6.85100508 1.92091181
v -3.1810507 6.93859731 1.93577734
v -3.04085739 6.42287804 1.52137232
v -3.11198319 6.42219194 -2.51221561
v -3.10809529 6.42219194 1.42234507
v -3.04200089 6.42287804 -2.61261506
v -2.94823375 6.42356414 -2.65309502
v -2.95189295 6.42356414 1.56093748
v -2.82313466 6.41647443 1.33086493
v -1.02257687 6.37187786 1.5794622
v -2.74514785 6.42310674 -2.36310299
v -0.963343484 6.37828147 1.3786633
v 2.83262479 6.42333544 -2.31942122
v 3.00323524 6.42333544 -2.6391443
v -0.5727233 6.43842966 1.34573045
v -0.578212108 6.44071667 1.5796909
v -0.00737605548 6.42425024 1.5796909
v 3.09425798 6.42242064 -2.58265531
v 2.79649013 6.42356414 1.40084724
v 2.97144589 6.42356414 1.55933657
v 3.07619065 6.42264934 1.50490589
v 3.12764823 6.42219194 1.42051547
v 3.13016393 6.42219194 -2.51152951
v 1.32640434 3.39282721 1.42806258
v 1.29370019 3.35852216 1.31485591
v 1.29255669 3.36561187 1.42806258
v 1.33235055 3.38985411 1.31485591
v 1.33166445 3.76057736 1.42806258
v 1.33875416 3.76149216 1.31485591
v 1.30719351 3.80059992 1.31485591
v 1.3042204 3.79442501 1.42806258
v 1.08992818 3.79442501 1.42806258
v 1.08695508 3.80059992 1.31485591
v 1.05699533 3.76149216 1.31485591
v 1.06385634 3.76057736 1.42806258
v 1.06934515 3.39282721 1.42806258
v 1.06317024 3.38985411 1.31485591
v 1.1006771 3.35852216 1.31485591
v 1.1015919 3.36561187 1.42806258
v 1.29255669 3.36561187 1.42806258
v 1.29370019 3.35852216 1.31485591
v 1.29255669 3.36561187 1.42806258
v 1.1015919 3.36561187 1.42806258
v 1.06934515 3.39282721 1.42806258
v 1.32640434 3.39282721 1.42806258
v 1.33166445 3.76057736 1.42806258
v 1.06385634 3.76057736 1.42806258
v 1.3042204 3.79442501 1.42806258
v 1.08992818 3.79442501 1.42806258
v -2.18917732 3.19454402 1.37134489
v -1.66522483 3.19271441 1.37134489
v -1.66522483 3.19271441 1.310968
v -2.18917732 3.19454402 1.310968
v -2.21136125 3.22358896 1.310968
v -2.21136125 3.22358896 1.37134489
v -2.20724464 3.52936132 1.37134489
v -2.20724464 3.52936132 1.310968
v -2.18437461 3.55840626 1.37134489
v -2.18437461 3.55840626 1.310968
v -1.66042213 3.55680536 1.310968
v -1.66042213 3.55680536 1.37134489
v -1.63823819 3.52707431 1.37134489
v -1.63823819 3.52707431 1.310968
v -1.6423548 3.22107326 1.37134489
v -1.6423548 3.22107326 1.310968
v -1.66522483 3.19271441 1.37134489
v -1.66522483 3.19271441 1.310968
v -2.20724464 3.52936132 1.37134489
v -2.18917732 3.19454402 1.37134489
v -2.21136125 3.22358896 1.37134489
v -2.18437461 3.55840626 1.37134489
v -1.66042213 3.55680536 1.37134489
v -1.66522483 3.19271441 1.37134489
v -1.63823819 3.52707431 1.37134489
v -1.6423548 3.22107326 1.37134489
v -1.95567427 4.24770909 1.33726854
v -1.95315856 4.25022479 1.4420133
v -1.70318909 4.25022479 1.4420133
v -1.70067339 4.24770909 1.33726854
v -1.70318909 4.25022479 1.4420133
v -1.70456129 5.91333368 1.47357395
v -1.70067339 5.91699288 1.36699959
v -1.70067339 4.24770909 1.33726854
v -1.95315856 5.91470588 1.47197304
v -1.95567427 5.91699288 1.36699959
v -1.70067339 5.91699288 1.36699959
v -1.70456129 5.91333368 1.47357395
v -1.95315856 4.25022479 1.4420133
v -1.95567427 4.24770909 1.33726854
v -1.95567427 5.91699288 1.36699959
v -1.95315856 5.91470588 1.47197304
v -1.70456129 5.91333368 1.47357395
v -1.70318909 4.25022479 1.4420133
v -1.95315856 4.25022479 1.4420133
v -1.95315856 5.91470588 1.47197304
v -1.05276532 0.885814068 1.5094799
v -1.05482362 0.948249261 1.24967631
v -1.05345142 0.950764965 1.49941708
v -1.039272 0.526983232 1.24990501
v -1.05322272 0.714288812 1.74938656
v -1.05276532 0.881011361 1.72308602
v -1.05185052 0.534530343 1.99340982
v -1.05253662 0.674266252 1.98997932
v -0.022470278 0.710172205 1.79558403
v -0.0242998808 0.830925986 1.79558403
v -0.0238424801 0.843504505 1.5076503
v -0.0320756924 0.53247204 1.24899021
v -0.0242998808 0.533386841 1.99318112
v -0.0240711804 0.707427801 1.96756668
v -0.0231563791 0.956253773 1.25081981
v -0.0229276787 0.953051968 1.49804488
v -1.03675629 0.892446378 1.52457412
v -1.05276532 0.885814068 1.5094799
v -1.05345142 0.950764965 1.49941708
v -1.0383572 0.953051968 1.51702701
v -0.0430533088 0.944132655 1.51565481
v -0.0421385074 0.856769124 1.52160102
v -0.0238424801 0.843504505 1.5076503
v -0.0229276787 0.953051968 1.49804488
v -1.03469799 0.970890595 1.49827358
v -1.05482362 0.948249261 1.24967631
v -1.03721369 0.971576696 1.24967631
v -0.0476273156 0.969975794 1.49530048
v -0.0357348978 0.969518393 1.25264942
v -0.0231563791 0.956253773 1.25081981
v -0.0421385074 0.856769124 1.52160102
v -0.0238424801 0.843504505 1.5076503
v -0.0242998808 0.830925986 1.79558403
v -0.0496856187 0.848993313 1.79078132
v -0.0441968105 0.838930498 1.80816255
v -0.022470278 0.710172205 1.79558403
v -0.0403089047 0.721835923 1.81296525
v -0.53270074 0.722064623 1.80724774
v -0.527898033 0.86042833 1.81410875
v -0.527211932 0.870262445 1.79581273
v -0.653683221 0.870262445 1.78392031
v -0.661230332 0.725723829 1.7793463
v -0.648194413 0.881011361 1.76974089
v -1.03675629 0.892446378 1.52457412
v -1.01571586 0.880096559 1.75876327
v -1.03424059 0.722293324 1.75922067
v -1.03332579 0.890388075 1.73863764
v -1.05276532 0.885814068 1.5094799
v -1.05276532 0.881011361 1.72308602
v -1.05322272 0.714288812 1.74938656
v -0.0403089047 0.721835923 1.81296525
v -0.022470278 0.710172205 1.79558403
v -0.0240711804 0.707427801 1.96756668
v -0.0441968105 0.72000632 1.9794591
v -0.540476552 0.723665526 1.98403311
v -0.53270074 0.722064623 1.80724774
v -0.661230332 0.725723829 1.7793463
v -0.0538022248 0.695764084 2.00301524
v -0.0242998808 0.533386841 1.99318112
v -0.0387080023 0.533158141 2.00370134
v -0.543907057 0.698051087 2.00255784
v -1.0395007 0.533158141 2.00324394
v -1.03698499 0.697593687 1.98837842
v -1.03424059 0.722293324 1.75922067
v -1.05322272 0.714288812 1.74938656
v -1.05253662 0.674266252 1.98997932
v -1.05185052 0.534530343 1.99340982
v -1.03378319 0.674494952 2.00210044
v 1.88717758 5.83123026 3.34571494
v 1.91141981 5.10533537 3.31049509
v 1.91896692 5.0584518 3.27641874
v 1.88489057 5.88794794 3.3159839
v 1.92011042 5.02872076 3.21261134
v 1.88031656 5.91287628 3.27161603
v 1.87940176 5.91470588 2.27699825
v 1.91690862 5.03375216 2.38540221
v 1.91896692 5.0579944 2.33508813
v 1.88489057 5.88817664 2.23171558
v 1.91667992 5.11448339 2.29575167
v 1.88717758 5.83168766 2.20632984
v 2.16116058 4.94044243 2.21319085
v 2.17831311 4.93289531 2.29117767
v 2.17877051 4.95530795 2.22919987
v 2.16070318 4.90888178 2.29072027
v 2.13646095 4.93220921 2.21319085
v 2.16024578 4.90888178 3.33588083
v 2.17762701 4.93289531 3.33039202
v 2.17854181 4.95530795 3.38939671
v 2.16093188 4.94044243 3.40769274
v 2.13577485 4.90019117 3.33382253
v 2.13646095 4.93220921 3.41295284
v 1.9022718 4.92992221 3.41249544
v 2.13554615 4.90019117 2.29323597
v 1.89724039 4.92923611 2.21250475
v 1.89861259 4.90019117 2.30169788
v 1.9025005 4.89676066 3.3178135
v 1.90044219 5.00585072 3.4532041
v 2.13646095 4.93220921 3.41295284
v 2.13806185 5.00882383 3.4518319
v 2.16093188 4.94044243 3.40769274
v 2.15612918 5.90166996 3.50717738
v 2.18357322 5.90510047 3.49917287
v 2.15818748 6.00641472 3.46601132
v 1.87208335 5.91699288 3.51037919
v 1.86911025 6.01373313 3.47172883
v 1.86773805 6.04689468 3.35714996
v 2.16276149 5.00516462 3.44588569
v 2.18037141 5.00882383 3.42095736
v 2.17854181 4.95530795 3.38939671
v 2.20690065 5.90166996 3.47470194
v 2.20964506 5.98720389 3.44634309
v 2.18608892 6.00321291 3.46555392
v 2.21055986 6.01579143 3.34823065
v 2.18700372 6.04209197 3.34914545
v 2.15887358 6.04849558 3.34983155
v 2.18700372 6.04209197 2.20221323
v 2.21055986 6.01579143 2.20678724
v 2.20964506 5.98720389 2.08694826
v 2.15887358 6.04849558 2.20015493
v 1.86316404 6.04666598 2.1784284
v 2.18608892 6.00321291 2.06384953
v 2.15818748 6.00641472 2.05927552
v 2.15658658 5.90166996 2.03045928
v 1.86407884 5.99818151 2.05630242
v 1.86682324 5.90372826 2.03777769
v 1.89495339 5.00539332 2.16562118
v 2.18425932 5.90510047 2.0485266
v 2.16276149 5.00516462 2.1765988
v 2.20735805 5.90166996 2.07391234
v 2.18014271 5.00882383 2.19878273
v 2.17877051 4.95530795 2.22919987
v 2.16116058 4.94044243 2.21319085
v 2.13646095 4.93220921 2.21319085
v 2.13806185 5.00882383 2.16058977
v 1.89724039 4.92923611 2.21250475
v 2.17762701 4.93289531 3.33039202
v 2.17877051 4.95530795 2.22919987
v 2.17831311 4.93289531 2.29117767
v 2.17854181 4.95530795 3.38939671
v 2.18037141 5.00882383 3.42095736
v 2.18014271 5.00882383 2.19878273
v 2.20690065 5.90166996 3.47470194
v 2.20735805 5.90166996 2.07391234
v 2.20964506 5.98720389 3.44634309
v 2.20964506 5.98720389 2.08694826
v 2.21055986 6.01579143 2.20678724
v 2.21055986 6.01579143 3.34823065
v -2.96195577 3.96938077 -1.45607743
v -2.69712077 4.22895566 -1.45333303
v -2.97178988 4.21866415 -1.45447653
v -2.67905345 3.97738529 -1.45562003
v -2.96218447 3.92409811 -1.4322926
v -2.67928215 3.93210262 -1.43183519
v -2.67928215 3.916551 -1.38952563
v -2.96241317 3.90854648 -1.38998303
v -2.95989747 3.90923258 0.400740643
v -2.68477096 3.9190667 0.399597141
v -2.68477096 3.93553312 0.4387049
v -2.96652978 3.92752861 0.4384762
v -2.96630108 3.96274846 0.457000927
v -2.68454226 3.97098168 0.457229628
v -2.69437637 4.22964176 0.454942624
v -2.97178988 4.22392426 0.454485223
v -2.97178988 4.21866415 -1.45447653
v -2.69712077 4.22895566 -1.45333303
v -2.69437637 4.22964176 0.454942624
v -2.97178988 4.22392426 0.454485223
v -2.87962365 5.81339163 -1.52262923
v -2.87047563 5.5947541 -1.51233771
v -2.74903575 5.60115771 -1.50890721
v -2.75795506 5.81682213 -1.52240053
v -2.88191065 5.8586743 -1.49884439
v -2.76024207 5.8621048 -1.49861569
v -2.76115687 5.87742773 -1.45630613
v -2.88282545 5.86896581 -1.45653483
v -2.88808556 5.9277418 0.452884321
v -2.76641698 5.93506021 0.453113021
v -2.76573088 5.92156689 0.495879985
v -2.88739946 5.91562068 0.491305978
v -2.88534116 5.87445462 0.517835218
v -2.76367257 5.87902863 0.521951824
v -2.75452456 5.66336421 0.524924929
v -2.87619314 5.6601624 0.524924929
v -2.87047563 5.5947541 -1.51233771
v -2.87619314 5.6601624 0.524924929
v -2.75452456 5.66336421 0.524924929
v -2.74903575 5.60115771 -1.50890721
v -3.06395612 2.53268523 0.164721891
v -2.66556013 2.62965417 0.253457623
v -2.66578883 2.55235346 0.163578389
v -3.06372742 2.61387385 0.257116829
v -3.06006822 3.00861064 0.311090109
v -2.66030002 3.01272725 0.305601301
v -3.05503681 3.36904238 0.334874945
v -2.65641211 3.36286747 0.330300938
v -2.65641211 3.43605158 0.306058702
v -3.05389331 3.44542829 0.309260506
v -2.65595471 3.47996204 0.236305098
v -3.05412201 3.49162576 0.237906
v -2.65755561 3.5144958 -0.435616506
v -3.05709511 3.52821782 -0.435616506
v -2.66052872 3.52936132 -1.07117476
v -3.05892471 3.54262594 -1.07254696
v -2.66121482 3.50671998 -1.14344406
v -3.05892471 3.518155 -1.14664587
v -2.66052872 3.41363894 -1.18392402
v -3.05915341 3.42164346 -1.18849803
v -3.05778121 3.02782147 -1.17111681
v -2.65801302 3.03125197 -1.165628
v -3.05549421 2.60060923 -1.12331843
v -2.65732691 2.61661825 -1.11943053
v -2.65801302 2.53542963 -1.01811628
v -3.05640901 2.515304 -1.01903108
v -3.06395612 2.53268523 0.164721891
v -2.66578883 2.55235346 0.163578389
v -2.65801302 2.53542963 -1.01811628
v -3.03857038 1.74664215 0.649109214
v -2.61021464 1.74664215 0.46523414
v -3.03857038 1.74664215 0.46523414
v -2.61021464 1.74664215 0.649109214
v -2.61021464 1.80267374 0.688674373
v -3.03857038 1.80267374 0.688674373
v -2.61021464 2.12834302 0.708113902
v -3.03857038 2.12834302 0.708113902
v -2.61021464 2.20129843 0.651624918
v -3.03857038 2.20129843 0.651624918
v -2.61021464 2.20129843 0.462947136
v -3.03857038 2.20129843 0.462947136
v -2.61021464 2.12834302 0.406229451
v -3.03857038 2.12834302 0.406229451
v -2.61021464 1.80267374 0.42566898
v -3.03857038 1.80267374 0.42566898
v -2.61021464 1.74664215 0.46523414
v -3.03857038 1.74664215 0.46523414
v -3.03857038 1.74664215 0.649109214
v -3.03857038 1.74664215 0.46523414
v -3.03857038 1.80267374 0.42566898
v -3.03857038 1.80267374 0.688674373
v -3.03857038 2.12834302 0.708113902
v -3.03857038 2.12834302 0.406229451
v -3.03857038 2.20129843 0.651624918
v -3.03857038 2.20129843 0.462947136
v 2.7043239 9.22262762 -1.9701958
v 0.75922749 9.34635451 -2.0365189
v 2.63365549 9.22605813 -2.01868027
v 0.662487245 9.35275812 -1.98643352
v 0.61217317 9.35344422 -1.89358118
v 2.74457516 9.22034062 -1.89380988
v 0.619491581 9.3442962 0.451512119
v 2.74709086 9.2079908 0.459745331
v 0.659971542 9.3376639 0.542992256
v 2.69448978 9.2100491 0.56586229
v 0.767460702 9.32874458 0.605198749
v 2.61924737 9.21553791 0.611373658
v 2.72993833 9.19655578 -1.97751421
v 2.63662859 9.01748342 -2.01730807
v 2.71690241 9.01268071 -1.969281
v 2.64623401 9.19998629 -2.0399494
v 0.737272257 9.136865 -2.02828569
v 2.63365549 9.22605813 -2.01868027
v 2.7043239 9.22262762 -1.9701958
v 0.748021173 9.31456516 -2.04955482
v 0.75922749 9.34635451 -2.0365189
v 0.659285441 9.1405242 -1.98506132
v 0.648536524 9.32462798 -1.98940663
v 0.662487245 9.35275812 -1.98643352
v 0.61217317 9.35344422 -1.89358118
v 0.594105843 9.32142617 -1.89335248
v 0.602110355 9.1425825 -1.9041014
v 0.619491581 9.3442962 0.451512119
v 0.589531836 9.31868177 0.453113021
v 0.594334543 9.13480669 0.456086126
v 0.659971542 9.3376639 0.542992256
v 0.639845911 9.13160489 0.561059583
v 0.637330208 9.31845307 0.560373482
v 0.767460702 9.32874458 0.605198749
v 0.761285793 9.30152924 0.638360298
v 0.744133267 9.12085597 0.608629254
v 2.61924737 9.21553791 0.611373658
v 2.62359268 9.19175308 0.638360298
v 2.60987065 9.01222331 0.618234668
v 2.69448978 9.2100491 0.56586229
v 2.73565584 9.18900867 0.5724946
v 2.72925223 9.007878 0.573638101
v 2.74709086 9.2079908 0.459745331
v 2.78253941 9.19129568 0.460888833
v 2.72925223 9.007878 0.573638101
v 2.77796541 9.0051336 0.459745331
v 2.74457516 9.22034062 -1.89380988
v 2.76264248 9.01130851 -1.9038727
v 2.775221 9.19632708 -1.89380988
v 2.7043239 9.22262762 -1.9701958
v 2.72993833 9.19655578 -1.97751421
v 2.71690241 9.01268071 -1.969281
v 1.02726429 11.3429085 -0.00886166878
v 1.01971718 11.3612045 -0.0138930763
v 1.01125527 11.3664646 0.000286344886
v 1.01399967 11.3481686 0.0110352609
v 1.05127783 11.3538861 0.000972445911
v 0.966429999 11.3632628 0.0254433825
v 0.969403104 11.3804153 0.0153805674
v 0.938071157 11.371496 0.0233850794
v 0.937156356 11.3925365 0.0416811067
v 0.944703467 11.3854468 0.0108065606
v 0.912228018 11.3774422 0.00188724728
v 0.92023253 11.3923078 -0.005659864
v 0.978093717 11.3815588 0.0448829115
v 1.0352688 11.3634915 0.0247572814
v 1.02063198 11.3827024 0.00486035172
v 1.0332105 11.3776709 -0.0141217766
v 1.01971718 11.3612045 -0.0138930763
v 1.01125527 11.3664646 0.000286344886
v 0.969403104 11.3804153 0.0153805674
v 0.975578013 11.3977966 0.0213267763
v 0.944703467 11.3854468 0.0108065606
v 0.946304369 11.4058011 0.0190397729
v 0.92023253 11.3923078 -0.005659864
v 0.917030726 11.4106038 5.76445446E-05
v 0.891187587 11.3964244 -0.0548304375
v 0.899192099 11.4012271 0.0190397729
v 0.86671665 11.4060298 -0.0392788142
v 0.885927479 11.4140343 -0.0546017371
v 0.884326577 11.3833885 -0.050485131
v 0.891187587 11.3964244 -0.0548304375
v 0.867174051 11.3964244 -0.111090722
v 0.865115748 11.4144917 -0.109261119
v 0.867174051 11.3964244 -0.111090722
v 0.845904919 11.4058011 -0.0996557044
v 0.857568637 11.3838459 -0.109261119
v 0.783012325 11.3923078 -0.388732936
v 0.783698426 11.4064872 -0.388275536
v 0.783012325 11.3923078 -0.388732936
v 0.761285793 11.3998549 -0.380728424
v 0.773864312 11.3804153 -0.386217233
v 0.710056916 11.3879625 -0.666146451
v 0.708684714 11.4007697 -0.667518653
v 0.710056916 11.3879625 -0.666146451
v 0.709599516 11.3861329 -0.691074788
v 0.687872983 11.3941374 -0.662029845
v 0.701137603 11.3772135 -0.663402047
v 0.703195906 11.3746978 -0.691989589
v 0.709599516 11.3861329 -0.691074788
v 0.725151139 11.3788144 -0.71280132
v 0.706397711 11.3987114 -0.697249697
v 0.688330384 11.3900208 -0.70594031
v 0.714173523 11.380644 -0.729267745
v 0.720348432 11.366922 -0.714630923
v 0.748249873 11.3705812 -0.724693738
v 0.745048069 11.3580027 -0.727666843
v 0.747563772 11.3698951 -0.742761065
v 0.750994278 11.3829311 -0.728352944
v 0.724922439 11.391393 -0.717604028
v 0.725151139 11.3788144 -0.71280132
v 0.748249873 11.3705812 -0.724693738
v 1.96653659 10.936508 -1.33761065
v 1.95235717 10.9696695 -1.27974947
v 1.97476981 10.9584632 -1.32892004
v 1.94320916 10.9495439 -1.27997817
v 1.95670248 10.959378 -1.3659695
v 1.98025861 10.9781314 -1.11073992
v 1.92171133 10.9737861 -1.31085271
v 1.9724828 10.9785888 -1.33921156
v 1.94938407 10.9897952 -1.28958358
v 1.9727115 10.9980284 -1.11394172
v 1.97476981 10.9584632 -1.32892004
v 1.95235717 10.9696695 -1.27974947
v 1.98025861 10.9781314 -1.11073992
v 2.06373424 11.011293 -0.514518124
v 1.94846927 10.9877369 -1.11394172
v 2.04406601 11.0133513 -0.508343215
v 2.06259074 11.0282168 -0.513832023
v 2.09758189 11.0208984 -0.356714888
v 1.9688236 10.9625798 -1.10913901
v 2.09438008 11.0357639 -0.356714888
v 2.10993171 11.0163244 -0.335674457
v 2.11404831 11.0327908 -0.327669945
v 2.05321402 10.9994006 -0.514746825
v 2.06373424 11.011293 -0.514518124
v 2.07905716 11.0202123 -0.345051171
v 2.1053577 11.022728 -0.309373918
v 2.1076447 11.0035172 -0.323553339
v 2.08660427 11.0058042 -0.359916693
v 2.09758189 11.0208984 -0.356714888
v 2.10993171 11.0163244 -0.335674457
v 1.96653659 10.936508 -1.33761065
v 1.97476981 10.9584632 -1.32892004
v 2.0360615 10.9383376 -1.33829675
v 2.03354579 10.9168398 -1.34401426
v 2.06990915 10.9303331 -1.32892004
v 2.0369763 10.9337636 -1.37511751
v 1.95670248 10.959378 -1.3659695
v 1.9724828 10.9785888 -1.33921156
v 2.07036655 10.9065482 -1.33349405
v 2.1039855 10.9223286 -1.29667329
v 2.0374337 10.9582345 -1.35339098
v 1.97476981 10.9584632 -1.32892004
v 2.0360615 10.9383376 -1.33829675
v 2.08157287 10.9230147 -1.36025199
v 2.07402575 10.9490865 -1.34035506
v 2.06990915 10.9303331 -1.32892004
v 2.11176131 10.9417681 -1.3005612
v 2.1039855 10.9223286 -1.29667329
v 2.1067299 10.9008307 -1.3001038
v 2.13623225 10.9287322 -1.13864136
v 2.12639813 10.912037 -1.32205903
v 2.14743856 10.9442838 -1.14481627
v 2.13623225 10.9287322 -1.13864136
v 2.16619199 10.920499 -1.14847547
v 2.18425932 10.9849925 -0.590446638
v 2.1741965 10.9737861 -0.589074436
v 2.13966275 10.9092926 -1.13726915
v 2.20232665 10.9676112 -0.585643931
v 2.18700372 11.0032885 -0.389419037
v 2.17671221 10.99071 -0.39147734
v 2.17671221 10.9577771 -0.586558732
v 2.1741965 10.9737861 -0.589074436
v 2.17671221 10.99071 -0.39147734
v 2.18151491 10.9765305 -0.381414525
v 2.16687809 10.9964275 -0.359230592
v 2.17671221 11.0101495 -0.353055683
v 2.16687809 10.9964275 -0.359230592
v 2.20415625 10.9852212 -0.374096114
v 2.16825029 10.9843064 -0.343678969
v 2.13829055 11.0074051 -0.338190161
v 2.14309326 11.0229567 -0.332472652
v 2.14675246 11.0092347 -0.312575723
v 2.13829055 11.0074051 -0.338190161
v 2.10993171 11.0163244 -0.335674457
v 2.11404831 11.0327908 -0.327669945
v 2.1053577 11.022728 -0.309373918
v 2.1076447 11.0035172 -0.323553339
v 2.10993171 11.0163244 -0.335674457
v 2.19546564 10.995284 -0.341391966
v 2.13783315 10.995284 -0.324696841
v 1.33829675 11.2681235 0.168609796
v 1.28615308 11.2836751 0.180273514
v 1.2998751 11.3360475 0.174556005
v 1.34858827 11.3207246 0.162892288
v 1.33166445 11.2983119 -0.118637833
v 1.33829675 11.2681235 0.168609796
v 1.28981228 11.2546302 -0.102857509
v 1.24018431 11.2409081 -0.376840519
v 1.28249387 11.3131774 -0.105830614
v 1.28615308 11.2836751 0.180273514
v 1.25665073 11.2937379 -0.382329327
v 1.06339894 11.282989 -0.897591197
v 1.05447963 11.2580607 -0.894846792
v 1.03847061 11.2905361 -0.891644988
v 1.05447963 11.2580607 -0.894846792
v 1.0309235 11.2651504 -0.888900584
v 1.20565056 11.3090608 -0.369750808
v 1.0309235 11.2651504 -0.888900584
v 1.26648485 11.2617199 -0.101027906
v 1.18895543 11.2553163 -0.364033299
v 1.24018431 11.2409081 -0.376840519
v 1.05447963 11.2580607 -0.894846792
v 1.28981228 11.2546302 -0.102857509
v 1.33829675 11.2681235 0.168609796
v 2.168479 11.0675533 0.13087424
v 2.15452827 11.0151809 0.135448247
v 2.1078734 11.0325621 0.15122857
v 2.12045192 11.0833336 0.147111964
v 1.6340063 11.0833336 -1.52308663
v 1.60747706 10.9888804 -1.51393862
v 2.15452827 11.0151809 0.135448247
v 1.54504186 11.111235 -1.49244079
v 1.60747706 10.9888804 -1.51393862
v 1.51622562 11.0183827 -1.48214927
v 1.51622562 11.0183827 -1.48214927
v 2.1078734 11.0325621 0.15122857
v 1.60747706 10.9888804 -1.51393862
v 2.15452827 11.0151809 0.135448247
v 0.750994278 11.3829311 -0.728352944
v 0.764030197 11.3680655 -0.70548291
v 0.748249873 11.3705812 -0.724693738
v 0.772263409 11.3788144 -0.710056916
v 0.776380015 11.3628054 -0.716231826
v 0.747563772 11.3698951 -0.742761065
v 0.745048069 11.3580027 -0.727666843
v 0.831725498 11.3774422 -0.573065412
v 0.823492286 11.3662359 -0.569406206
v 0.763344096 11.3545722 -0.707312512
v 0.748249873 11.3705812 -0.724693738
v 0.764030197 11.3680655 -0.70548291
v 0.839272609 11.3605184 -0.57832552
v 0.823034885 11.3520565 -0.570778408
v 0.977407616 11.3445094 -0.161176096
v 0.823492286 11.3662359 -0.569406206
v 0.977178915 11.3602897 -0.161176096
v 1.02040328 11.3589175 -0.0367631105
v 0.986098229 11.373783 -0.162319598
v 0.977178915 11.3602897 -0.161176096
v 1.02040328 11.3589175 -0.0367631105
v 1.00347945 11.3538861 -0.164835302
v 1.05219263 11.3502269 -0.0271576961
v 1.02703559 11.3401641 -0.0328752047
v 1.01971718 11.3612045 -0.0138930763
v 1.02726429 11.3429085 -0.00886166878
v 1.05127783 11.3538861 0.000972445911
v 1.0332105 11.3776709 -0.0141217766
v 1.01971718 11.3612045 -0.0138930763
v 1.0322957 11.3751552 -0.0372205111
v -0.542992256 5.78160228 1.54881636
v -0.546651461 5.77794308 1.512453
v -1.28786927 5.77817178 1.5126817
v -1.29152847 5.78160228 1.54881636
v -0.476897857 4.22758346 1.51839921
v -0.481700564 4.23170007 1.47288784
v -0.546651461 5.77794308 1.512453
v -0.542992256 5.78160228 1.54881636
v -0.476897857 4.22758346 1.51839921
v -1.35762287 4.22758346 1.51839921
v -1.35304887 4.23170007 1.47334525
v -0.481700564 4.23170007 1.47288784
v -1.35762287 4.22758346 1.51839921
v -1.29152847 5.78160228 1.54881636
v -1.28786927 5.77817178 1.5126817
v -1.35304887 4.23170007 1.47334525
v -1.3089097 4.28041324 1.47037214
v -1.35304887 4.23170007 1.47334525
v -1.28786927 5.77817178 1.5126817
v -1.25173461 5.73837792 1.5097086
v -0.52561103 4.28041324 1.47037214
v -0.481700564 4.23170007 1.47288784
v -1.35304887 4.23170007 1.47334525
v -1.3089097 4.28041324 1.47037214
v -1.25173461 5.73837792 1.5097086
v -1.25173461 5.73837792 1.36265428
v -1.3089097 4.28041324 1.29015627
v -1.3089097 4.28041324 1.47037214
v -1.3089097 4.28041324 1.47037214
v -1.3089097 4.28041324 1.29015627
v -0.52561103 4.28041324 1.29015627
v -0.52561103 4.28041324 1.47037214
v -0.580727812 5.73837792 1.5097086
v -0.546651461 5.77794308 1.512453
v -0.481700564 4.23170007 1.47288784
v -0.52561103 4.28041324 1.47037214
v -0.52561103 4.28041324 1.47037214
v -0.52561103 4.28041324 1.29015627
v -0.582557415 5.73837792 1.36265428
v -0.580727812 5.73837792 1.5097086
v -1.25173461 5.73837792 1.5097086
v -0.580727812 5.73837792 1.5097086
v -0.582557415 5.73837792 1.36265428
v -1.25173461 5.73837792 1.36265428
v -1.25173461 5.73837792 1.5097086
v -1.28786927 5.77817178 1.5126817
v -0.546651461 5.77794308 1.512453
v -0.580727812 5.73837792 1.5097086
v 0.499881302 5.78160228 1.54881636
v 1.41102346 5.78000138 1.54950246
v 1.40987996 5.78160228 1.51336781
v 0.500567403 5.78183098 1.5117669
v 1.33189315 4.23215747 1.49369958
v 1.32823394 4.23215747 1.45802232
v 1.40987996 5.78160228 1.51336781
v 1.41102346 5.78000138 1.54950246
v 0.423495388 5.94603783 1.49232737
v 1.42177238 5.97142357 1.56482538
v 0.457114338 5.89160715 1.54401365
v 1.4343509 6.02745515 1.52114362
v 1.45241823 6.04872428 1.29610248
v 0.399710553 5.96501996 1.29610248
v 1.47345866 4.06200441 1.43835409
v 0.381643226 4.10682968 1.48866817
v 1.4348083 4.11163239 1.48798207
v 0.324696841 4.050112 1.43652449
v 1.47551696 4.03913438 1.2405283
v 0.296795399 4.03250207 1.2405283
v 0.486387982 4.21683454 1.49415698
v 0.499881302 5.78160228 1.54881636
v 0.500567403 5.78183098 1.5117669
v 0.487074083 4.21614844 1.45665012
v 1.33189315 4.23215747 1.49369958
v 0.486387982 4.21683454 1.49415698
v 0.487074083 4.21614844 1.45665012
v 1.32823394 4.23215747 1.45802232
v 0.500567403 5.78183098 1.5117669
v 0.540589963 5.73837792 1.5106234
v 0.527782744 4.25960151 1.45482052
v 0.487074083 4.21614844 1.45665012
v 0.487074083 4.21614844 1.45665012
v 0.527782744 4.25960151 1.45482052
v 1.29072708 4.27583923 1.45436312
v 1.32823394 4.23215747 1.45802232
v 0.540589963 5.73837792 1.5106234
v 0.539675162 5.73837792 1.36951529
v 0.527325343 4.25937281 1.31394111
v 0.527782744 4.25960151 1.45482052
v 0.540589963 5.73837792 1.5106234
v 1.37397401 5.74020752 1.5103947
v 1.3712296 5.73837792 1.36951529
v 0.539675162 5.73837792 1.36951529
v 0.540589963 5.73837792 1.5106234
v 0.500567403 5.78183098 1.5117669
v 1.40987996 5.78160228 1.51336781
v 1.37397401 5.74020752 1.5103947
v 1.37397401 5.74020752 1.5103947
v 1.40987996 5.78160228 1.51336781
v 1.32823394 4.23215747 1.45802232
v 1.29072708 4.27583923 1.45436312
v 1.29072708 4.27583923 1.45436312
v 1.29004098 4.27538183 1.31394111
v 1.3712296 5.73837792 1.36951529
v 1.37397401 5.74020752 1.5103947
v 1.29072708 4.27583923 1.45436312
v 0.527782744 4.25960151 1.45482052
v 0.527325343 4.25937281 1.31394111
v 1.29004098 4.27538183 1.31394111
v 0.376611818 3.00769584 1.43721059
v 1.08398198 2.96241317 1.43675319
v 1.07826447 2.95829656 1.39101312
v 0.380042323 3.00426533 1.39169922
v 1.08398198 2.96241317 1.43675319
v 1.05265003 2.3145051 1.43629579
v 1.04944822 2.31793561 1.39581583
v 1.07826447 2.95829656 1.39101312
v 0.357172289 2.22050926 1.4397263
v 0.278270671 2.21867966 1.40313424
v 0.300912005 2.2442941 1.4397263
v 0.332472652 2.19146432 1.40313424
v 1.07300436 2.21822226 1.4397263
v 0.332472652 2.19146432 1.28649707
v 0.278270671 2.21867966 1.28649707
v 1.09701789 2.18894861 1.28649707
v 1.09701789 2.18894861 1.40313424
v 1.14756067 2.21502045 1.40313424
v 1.12812114 2.23606089 1.4397263
v 1.14756067 2.21502045 1.28649707
v 1.17683431 2.26899373 1.40313424
v 1.17683431 2.26899373 1.28649707
v 1.14801807 2.29323597 1.4397263
v 1.20565056 3.00449403 1.28649707
v 1.20565056 3.00449403 1.40313424
v 1.17660561 2.98619801 1.4397263
v 1.15853829 3.04108609 1.4397263
v 1.17569081 3.05686641 1.28649707
v 1.17797782 3.05709511 1.40313424
v 1.1015919 3.06121172 1.4397263
v 1.12583414 3.08453915 1.40313424
v 1.12583414 3.08453915 1.28649707
v 0.332472652 3.13073662 1.28649707
v 0.332472652 3.13073662 1.40313424
v 0.341849366 3.10420738 1.43881149
v 0.279871574 3.10329258 1.40313424
v 0.279871574 3.10329258 1.28649707
v 0.298853702 3.08385305 1.43835409
v 0.252427533 3.0506915 1.40313424
v 0.252427533 3.0506915 1.28649707
v 0.27712717 3.02965107 1.43835409
v 0.252427533 2.27150944 1.28649707
v 0.252427533 2.27150944 1.40313424
v 0.282158577 2.29529427 1.4397263
v 0.278270671 2.21867966 1.28649707
v 0.300912005 2.2442941 1.4397263
v 0.278270671 2.21867966 1.40313424
v 1.05265003 2.3145051 1.43629579
v 0.378441421 2.3117607 1.43698189
v 0.380042323 2.3149625 1.39078442
v 1.04944822 2.31793561 1.39581583
v 0.380042323 2.3149625 1.39078442
v 0.378441421 2.3117607 1.43698189
v 0.376611818 3.00769584 1.43721059
v 0.380042323 3.00426533 1.39169922
v 0.380042323 2.3149625 1.39078442
v 0.413432573 2.34858145 1.39215662
v 1.01582927 2.35132586 1.39215662
v 1.04944822 2.31793561 1.39581583
v 0.380042323 3.00426533 1.39169922
v 0.413432573 2.97087508 1.39215662
v 0.413432573 2.34858145 1.39215662
v 0.380042323 2.3149625 1.39078442
v 0.413432573 2.97087508 1.39215662
v 0.413432573 2.97087508 1.31782901
v 0.413432573 2.34858145 1.31782901
v 0.413432573 2.34858145 1.39215662
v 1.04464552 2.92490631 1.39215662
v 1.04464552 2.92490631 1.31782901
v 0.413432573 2.97087508 1.31782901
v 0.413432573 2.97087508 1.39215662
v 1.07826447 2.95829656 1.39101312
v 1.04464552 2.92490631 1.39215662
v 0.413432573 2.97087508 1.39215662
v 0.380042323 3.00426533 1.39169922
v 1.01582927 2.35132586 1.39215662
v 1.01582927 2.35132586 1.31782901
v 1.04464552 2.92490631 1.31782901
v 1.04464552 2.92490631 1.39215662
v 1.04944822 2.31793561 1.39581583
v 1.01582927 2.35132586 1.39215662
v 1.04464552 2.92490631 1.39215662
v 1.07826447 2.95829656 1.39101312
v 1.01582927 2.35132586 1.39215662
v 0.413432573 2.34858145 1.39215662
v 0.413432573 2.34858145 1.31782901
v 1.01582927 2.35132586 1.31782901
v 1.41170956 2.97018898 1.43789669
v 2.09460878 2.96172707 1.43766799
v 2.09072088 2.95829656 1.39330013
v 1.41514007 2.96675848 1.39330013
v 2.09460878 2.96172707 1.43766799
v 2.01890897 2.33874734 1.43606709
v 2.01319146 2.34263524 1.39330013
v 2.09072088 2.95829656 1.39330013
v 1.38838213 2.25115511 1.43904019
v 1.31931463 2.25481431 1.40816565
v 1.33852546 2.27333904 1.43858279
v 1.371687 2.22668417 1.40816565
v 1.371687 2.22668417 1.28764057
v 1.31931463 2.25481431 1.28764057
v 2.06076113 2.21364825 1.28764057
v 2.06076113 2.21364825 1.40816565
v 2.04566691 2.23880529 1.43904019
v 2.11359091 2.24223579 1.40816565
v 2.11359091 2.24223579 1.28764057
v 2.09598099 2.26121792 1.43812539
v 2.13989145 2.29369337 1.40816565
v 2.13989145 2.29369337 1.28764057
v 2.12113802 2.3103885 1.43812539
v 2.21650607 3.00449403 1.28764057
v 2.21650607 3.00449403 1.40816565
v 2.19432213 2.98825631 1.43926889
v 2.1712234 3.03811298 1.43926889
v 2.18951943 3.05640901 1.28764057
v 2.19180643 3.05663771 1.40816565
v 2.11953712 3.06304132 1.43904019
v 2.13829055 3.08293825 1.40816565
v 2.13829055 3.08293825 1.28764057
v 1.3666556 3.09871857 1.28764057
v 1.3673417 3.09391587 1.40816565
v 1.38449422 3.07287544 1.43812539
v 1.31657022 3.07287544 1.28764057
v 1.31725632 3.06830143 1.40816565
v 1.33669585 3.0484045 1.43812539
v 1.28844008 3.01867345 1.28764057
v 1.28912618 3.01387075 1.40816565
v 1.31496932 2.99648952 1.43881149
v 1.29278539 2.30672929 1.28764057
v 1.29278539 2.30672929 1.40816565
v 1.31679892 2.32273831 1.43858279
v 1.31931463 2.25481431 1.28764057
v 1.33852546 2.27333904 1.43858279
v 1.31931463 2.25481431 1.40816565
v 2.01890897 2.33874734 1.43606709
v 1.41559747 2.34675185 1.43698189
v 1.41925668 2.35018236 1.39307143
v 2.01319146 2.34263524 1.39330013
v 1.41925668 2.35018236 1.39307143
v 1.41559747 2.34675185 1.43698189
v 1.41170956 2.97018898 1.43789669
v 1.41514007 2.96675848 1.39330013
v 1.41925668 2.35018236 1.39307143
v 1.45264693 2.38380131 1.39330013
v 1.97980121 2.37602549 1.39352883
v 2.01319146 2.34263524 1.39330013
v 1.41514007 2.96675848 1.39330013
v 1.44853032 2.93336823 1.39352883
v 1.45264693 2.38380131 1.39330013
v 1.41925668 2.35018236 1.39307143
v 1.44853032 2.93336823 1.39352883
v 1.44853032 2.93336823 1.31897252
v 1.45264693 2.38380131 1.31874381
v 1.45264693 2.38380131 1.39330013
v 1.44853032 2.93336823 1.39352883
v 2.05733063 2.92490631 1.39352883
v 2.05733063 2.92490631 1.31897252
v 1.44853032 2.93336823 1.31897252
v 2.09072088 2.95829656 1.39330013
v 2.05733063 2.92490631 1.39352883
v 1.44853032 2.93336823 1.39352883
v 1.41514007 2.96675848 1.39330013
v 2.05733063 2.92490631 1.39352883
v 1.97980121 2.37602549 1.39352883
v 1.97980121 2.37602549 1.31897252
v 2.05733063 2.92490631 1.31897252
v 2.01319146 2.34263524 1.39330013
v 1.97980121 2.37602549 1.39352883
v 2.05733063 2.92490631 1.39352883
v 2.09072088 2.95829656 1.39330013
v 1.45264693 2.38380131 1.39330013
v 1.45264693 2.38380131 1.31874381
v 1.97980121 2.37602549 1.31897252
v 1.97980121 2.37602549 1.39352883
v -0.963800884 1.90353059 1.29564508
v -0.960141679 1.94561145 1.31439851
v -0.964029585 1.94469665 1.29678858
v -0.96059908 1.90215839 1.31439851
v -0.941159551 1.90238709 1.32583353
v -0.942303052 1.94584015 1.32583353
v -0.835957393 1.90604629 1.34252865
v -0.835957393 1.94492535 1.33978425
v -0.324354729 1.90284449 1.34138515
v -0.327556534 1.94561145 1.34207125
v -0.234932895 1.90353059 1.32812053
v -0.236305098 1.94606885 1.32995013
v -0.209089757 1.90307319 1.31599941
v -0.207488854 1.94629755 1.31668551
v -0.202686147 1.90330189 1.29610248
v -0.199255642 1.94195225 1.29518768
v -1.01182796 1.94538275 1.29587378
v -0.964029585 1.94469665 1.29678858
v -0.960141679 1.94561145 1.31439851
v -1.00976965 1.94515405 1.35144796
v -0.996733734 1.94446795 1.38277991
v -0.942303052 1.94584015 1.32583353
v -0.961971282 1.94446795 1.39192792
v -0.819490969 1.94195225 1.39604453
v -0.835957393 1.94492535 1.33978425
v -0.332816642 1.94355315 1.40061854
v -0.327556534 1.94561145 1.34207125
v -0.236305098 1.94606885 1.32995013
v -0.196053837 1.94515405 1.39055572
v -0.165865392 1.94286705 1.38003551
v -0.207488854 1.94629755 1.31668551
v -0.154887776 1.94263835 1.35030446
v -0.156031278 1.94286705 1.29907559
v -0.199255642 1.94195225 1.29518768
v -1.01182796 1.90284449 1.29541638
v -1.01182796 1.94538275 1.29587378
v -1.00976965 1.94515405 1.35144796
v -1.00954095 1.90238709 1.35007576
v -0.996733734 1.94446795 1.38277991
v -0.997419835 1.90353059 1.38209381
v -0.961971282 1.94446795 1.39192792
v -0.964029585 1.90284449 1.39124182
v -0.819490969 1.94195225 1.39604453
v -0.819490969 1.90604629 1.39604453
v -0.332816642 1.94355315 1.40061854
v -0.332130541 1.90215839 1.39856023
v -0.195596437 1.90444539 1.39169922
v -0.196053837 1.94515405 1.39055572
v -0.168609796 1.90215839 1.37980681
v -0.165865392 1.94286705 1.38003551
v -0.156488678 1.90284449 1.34847486
v -0.154887776 1.94263835 1.35030446
v -0.153744274 1.90398799 1.29610248
v -0.156031278 1.94286705 1.29907559
v -1.00954095 1.90238709 1.35007576
v -0.963800884 1.90353059 1.29564508
v -1.01182796 1.90284449 1.29541638
v -0.96059908 1.90215839 1.31439851
v -0.997419835 1.90353059 1.38209381
v -0.941159551 1.90238709 1.32583353
v -0.964029585 1.90284449 1.39124182
v -0.819490969 1.90604629 1.39604453
v -0.835957393 1.90604629 1.34252865
v -0.324354729 1.90284449 1.34138515
v -0.332130541 1.90215839 1.39856023
v -0.234932895 1.90353059 1.32812053
v -0.195596437 1.90444539 1.39169922
v -0.168609796 1.90215839 1.37980681
v -0.209089757 1.90307319 1.31599941
v -0.156488678 1.90284449 1.34847486
v -0.153744274 1.90398799 1.29610248
v -0.202686147 1.90330189 1.29610248
v 1.4343509 6.02745515 1.52114362
v 1.45241823 6.04872428 1.29610248
v 1.56173699 5.81453513 1.29198587
v 1.55396118 5.7907503 1.48821077
v 1.42177238 5.97142357 1.56482538
v 1.51096551 5.78183098 1.54126925
v 1.4348083 4.11163239 1.48798207
v 1.47345866 4.06200441 1.43835409
v 1.47551696 4.03913438 1.2405283
v 0.324696841 4.050112 1.43652449
v 0.296795399 4.03250207 1.2405283
v 0.314862726 5.85615859 1.29312938
v 0.338190161 5.83717647 1.48912557
v 0.381643226 4.10682968 1.48866817
v 0.399710553 5.96501996 1.29610248
v 0.39101994 5.81339163 1.54218405
v 0.423495388 5.94603783 1.49232737
v 0.457114338 5.89160715 1.54401365
v -1.41914326 5.92362519 1.512453
v -1.42714778 5.93231581 1.38209381
v -1.33658244 5.96890786 1.38438081
v -1.33383804 5.95815895 1.51313911
v -1.38483821 5.88794794 1.55087466
v -1.31828641 5.91264758 1.55133206
v -0.519664821 5.91287628 1.55133206
v -0.500682692 5.95838765 1.51313911
v -0.497938288 5.96890786 1.38438081
v -0.439848402 5.87422592 1.55087466
v -0.418121869 5.91996599 1.512453
v -0.407144253 5.93231581 1.38209381
v -0.40508595 5.78983549 1.54950246
v -0.370323498 5.83145896 1.5110808
v -0.365749491 5.84403748 1.376605
v -0.28501827 4.13221542 1.48203586
v -0.322296426 4.15577155 1.52411672
v -0.274726755 4.12672661 1.27071674
v -0.354085773 4.09470856 1.52274452
v -0.323897328 4.04713889 1.48066366
v -0.315435416 4.03776218 1.26522793
v -0.424296778 4.05880261 1.52228712
v -0.39845364 4.00917463 1.47997756
v -0.394108333 3.99796832 1.26294093
v -1.40496384 4.05857391 1.52228712
v -1.43606709 4.00894593 1.47997756
v -1.4401837 3.99796832 1.26294093
v -1.48272196 4.09150676 1.52297322
v -1.52160102 4.04050658 1.26545664
v -1.51336781 4.04965459 1.48066366
v -1.512453 4.17452498 1.52411672
v -1.55979397 4.12672661 1.27071674
v -1.55018856 4.13175802 1.48203586
v -1.38483821 5.88794794 1.55087466
v -1.42714778 5.93231581 1.38209381
v -1.41914326 5.92362519 1.512453
v 0.594334543 9.13480669 0.456086126
v 0.639845911 9.13160489 0.561059583
v 0.744133267 9.12085597 0.608629254
v 0.760828392 9.12154207 0.424525479
v 0.765631099 9.13617889 -1.81719527
v 2.59866434 9.01245201 0.370094797
v 0.602110355 9.1425825 -1.9041014
v 0.659285441 9.1405242 -1.98506132
v 0.737272257 9.136865 -2.02828569
v 2.60987065 9.01222331 0.618234668
v 2.56184358 9.01725472 -1.82268408
v 2.72925223 9.007878 0.573638101
v 2.77796541 9.0051336 0.459745331
v 2.76264248 9.01130851 -1.9038727
v 2.63662859 9.01748342 -2.01730807
v 2.71690241 9.01268071 -1.969281
v 0.636415406 7.69833985 -0.233445404
v 0.577182018 7.70222775 -0.215378077
v 0.634585804 7.70222775 -0.215378077
v 0.577182018 7.69833985 -0.233445404
v 0.577182018 8.0670048 -1.27288846
v 0.636415406 8.0670048 -1.27288846
v 0.634585804 8.08941743 -1.27883467
v 0.577182018 8.08941743 -1.27883467
v 0.577182018 8.24950767 -1.2365251
v 0.634585804 8.24950767 -1.2365251
v 0.636415406 8.25385298 -1.21525597
v 0.577182018 8.25385298 -1.21525597
v 0.577182018 7.92772629 -0.146310574
v 0.636415406 7.92772629 -0.146310574
v 0.634585804 7.90439885 -0.13693386
v 0.577182018 7.90439885 -0.13693386
v 0.634585804 7.70222775 -0.215378077
v 0.577182018 7.70222775 -0.215378077
v 0.636415406 8.25385298 -1.21525597
v 0.634585804 8.24950767 -1.2365251
v 0.634585804 8.08941743 -1.27883467
v 0.636415406 8.0670048 -1.27288846
v 0.636415406 7.92772629 -0.146310574
v 0.636415406 7.69833985 -0.233445404
v 0.634585804 7.70222775 -0.215378077
v 0.634585804 7.90439885 -0.13693386
v 0.577182018 7.92772629 -0.146310574
v 0.577182018 7.90439885 -0.13693386
v 0.577182018 7.70222775 -0.215378077
v 0.577182018 7.69833985 -0.233445404
v 0.577182018 8.25385298 -1.21525597
v 0.577182018 8.0670048 -1.27288846
v 0.577182018 8.08941743 -1.27883467
v 0.577182018 8.24950767 -1.2365251
v -2.89631877 4.94295813 0.284332169
v -2.98619801 4.95302094 0.303542998
v -2.90295108 4.96765777 0.307202203
v -2.9832249 4.93266661 0.281587765
v -3.03765558 4.8590251 -1.31931463
v -2.95029205 4.86291301 -1.3005612
v -2.95715306 4.88006554 -1.32365993
v -3.03971389 4.87640633 -1.34195596
v -3.03902778 5.18194999 -1.35613538
v -2.94846245 5.18377959 -1.33966896
v -2.94800505 5.20459132 -1.30582131
v -3.03902778 5.20482002 -1.31908593
v -2.99740432 5.30842128 0.295767186
v -2.9141574 5.31345268 0.300112493
v -2.9134713 5.29195485 0.321152924
v -2.99603212 5.28738084 0.316121517
v -2.90295108 4.96765777 0.307202203
v -2.98619801 4.95302094 0.303542998
v -3.03765558 4.8590251 -1.31931463
v -3.03971389 4.87640633 -1.34195596
v -3.03902778 5.18194999 -1.35613538
v -3.03902778 5.20482002 -1.31908593
v -2.9832249 4.93266661 0.281587765
v -2.99740432 5.30842128 0.295767186
v -2.99603212 5.28738084 0.316121517
v -2.98619801 4.95302094 0.303542998
v -2.89631877 4.94295813 0.284332169
v -2.90295108 4.96765777 0.307202203
v -2.9134713 5.29195485 0.321152924
v -2.9141574 5.31345268 0.300112493
v -2.95029205 4.86291301 -1.3005612
v -2.94800505 5.20459132 -1.30582131
v -2.94846245 5.18377959 -1.33966896
v -2.95715306 4.88006554 -1.32365993
v 2.28008476 1.32743443 1.21216946
v 2.2380039 0.494965184 1.4408698
v 2.23342989 0.494965184 1.18083751
v 2.28031346 1.29175717 1.46053803
v 2.33611635 1.35647937 1.21056855
v 2.33908945 1.34938966 1.38735392
v 2.3713362 2.04166559 1.23801259
v 2.3754528 2.0437239 1.3775198
v 2.40518385 2.08694826 1.2409857
v 2.39946634 2.08237426 1.35579327
v 2.87699265 2.02794357 0.888787172
v 2.88133796 2.06796613 0.950536265
v 2.85412262 2.07276884 0.917832116
v 2.92296142 2.02817227 0.94047345
v 2.85732442 1.33635374 0.870948546
v 2.911069 2.03434718 1.29610248
v 2.87081774 2.06384953 1.28398136
v 2.89414518 1.33658244 0.915773813
v 2.85160692 2.01719466 1.38369471
v 2.81501486 1.33452414 1.3734032
v 2.74709086 2.06842353 1.39055572
v 2.75669627 2.03846379 1.43469489
v 2.44840821 2.07917245 1.41045265
v 2.4408611 2.0439526 1.4438429
v 2.39946634 2.08237426 1.35579327
v 2.3754528 2.0437239 1.3775198
v 2.71370061 1.33726854 1.42394597
v 2.38482952 1.34916096 1.42531817
v 2.33908945 1.34938966 1.38735392
v 2.28031346 1.29175717 1.46053803
v 2.74205945 1.29015627 1.50582069
v 2.31919252 1.29175717 1.49873098
v 2.2380039 0.494965184 1.4408698
v 2.28900408 0.494965184 1.48889687
v 2.73108184 0.494965184 1.47288784
v 2.86327063 1.27071674 1.4404124
v 2.83468309 0.494965184 1.40976655
v 2.94743236 1.26797234 1.32057342
v 2.91266991 0.494965184 1.29861818
v 2.87927966 1.33177973 1.28809797
v 2.95658037 1.27597685 0.876894755
v 2.91793001 0.494965184 0.86019963
v 2.87493435 0.494965184 0.80714115
v 2.9062663 1.27620555 0.82726678
v 2.87493435 0.494965184 0.80714115
v 2.63182589 1.27940736 0.828181582
v 2.58539972 0.494965184 0.807369851
v 2.9062663 1.27620555 0.82726678
v 2.85732442 1.33635374 0.870948546
v 2.62473618 1.33452414 0.864773636
v 2.64829231 2.03183148 0.891302876
v 2.87699265 2.02794357 0.888787172
v 2.85412262 2.07276884 0.917832116
v 2.61764647 2.07254014 0.913029409
v 2.88133796 2.06796613 0.950536265
v 2.61764647 2.07254014 0.913029409
v 2.85412262 2.07276884 0.917832116
v 2.87081774 2.06384953 1.28398136
v 2.74709086 2.06842353 1.39055572
v 2.40518385 2.08694826 1.2409857
v 2.39946634 2.08237426 1.35579327
v 2.44840821 2.07917245 1.41045265
v 2.33085624 3.14788915 1.23481079
v 2.28534487 2.3808282 1.43881149
v 2.29060498 2.38677441 1.20302144
v 2.32696833 3.13576803 1.48089236
v 2.36058728 3.12959312 1.51451131
v 2.33108494 2.37373849 1.48935427
v 2.47630966 3.84039378 1.26316963
v 2.4426907 3.1844812 1.46030933
v 2.45572662 3.19111351 1.24830411
v 2.47448005 3.82209775 1.47243044
v 2.51152951 3.81775245 1.51313911
v 2.47630966 3.17876369 1.49232737
v 3.00735185 3.12250341 0.896105583
v 2.94514536 3.13050792 0.834356491
v 2.96984499 2.37122279 0.857912626
v 2.89826179 2.3810569 0.806226349
v 2.68259736 3.15612236 0.840074
v 2.62816668 2.38540221 0.812858659
v 3.02221737 3.81958205 0.999020737
v 2.95452207 3.17624799 0.943675254
v 2.99317243 3.16664258 0.981410811
v 2.98928452 3.80311563 0.96082778
v 2.68694267 3.82735786 0.972948898
v 2.66704574 3.1860821 0.957625975
v 2.36173078 3.18928391 1.25516512
v 2.45572662 3.19111351 1.24830411
v 2.4426907 3.1844812 1.46030933
v 2.36081598 3.1824229 1.4394976
v 2.32696833 3.13576803 1.48089236
v 2.33085624 3.14788915 1.23481079
v 2.36058728 3.12959312 1.51451131
v 2.43056959 3.17922109 1.49392828
v 2.47630966 3.17876369 1.49232737
v 2.98928452 3.80311563 0.96082778
v 2.70295169 3.86555082 0.984383915
v 2.68694267 3.82735786 0.972948898
v 2.94262965 3.8513714 0.975922002
v 3.02221737 3.81958205 0.999020737
v 2.98768362 3.84679739 1.00611045
v 2.9764773 3.84679739 1.36425518
v 3.01032495 3.81409324 1.3736319
v 2.94468795 3.79648332 1.46534073
v 2.8376562 3.84679739 1.47243044
v 2.49872229 3.86806652 1.26957324
v 2.92753543 3.84679739 1.43240788
v 2.8404006 3.81203494 1.50467719
v 2.5730499 3.85891851 1.48203586
v 2.51152951 3.81775245 1.51313911
v 2.49872229 3.86509342 1.40793695
v 2.47630966 3.84039378 1.26316963
v 2.47448005 3.82209775 1.47243044
v 2.28534487 2.3808282 1.43881149
v 2.31667682 2.34698055 1.1783218
v 2.29060498 2.38677441 1.20302144
v 2.31324631 2.33828994 1.40656475
v 2.33108494 2.37373849 1.48935427
v 2.35990118 2.33508813 1.46373983
v 2.7749923 2.37350979 1.48112106
v 2.74480386 2.31999391 1.43012088
v 2.91221251 2.3151912 1.28649707
v 2.62427878 2.34172044 0.841217501
v 2.86395673 2.3119894 1.38095031
v 2.87745005 2.37305239 1.42303117
v 2.95520817 2.37053669 1.28901277
v 2.96984499 2.37122279 0.857912626
v 2.94057135 2.32914192 0.877580856
v 2.89826179 2.3810569 0.806226349
v 2.87859356 2.33234373 0.835271292
v 2.62816668 2.38540221 0.812858659
v 2.95452207 3.17624799 0.943675254
v 2.66704574 3.1860821 0.957625975
v 2.68236866 3.18722561 0.869805044
v 2.89940529 3.17693409 0.869805044
v 2.68259736 3.15612236 0.840074
v 2.94514536 3.13050792 0.834356491
v 3.00735185 3.12250341 0.896105583
v 2.99317243 3.16664258 0.981410811
v 2.40952916 4.90476517 1.30364959
v 2.40609865 4.89996247 1.43423749
v 2.3727084 4.16423347 1.42280247
v 2.37591021 4.15508545 1.27780645
v 3.08602477 4.89836156 0.856997825
v 3.03639679 4.90202077 0.805768948
v 2.97967911 4.13518852 0.774437001
v 3.04897531 4.1212378 0.828867683
v 3.0414282 4.10797318 1.25676602
v 3.06567044 4.86977402 1.32651963
v 2.972132 4.10591488 1.38323731
v 2.98242351 4.8551372 1.43217918
v 2.82827948 4.10248437 1.45847972
v 2.85938273 4.87777853 1.48638117
v 2.45595532 4.86702962 1.49118387
v 2.43582969 4.13313022 1.46648424
v 2.3727084 4.16423347 1.42280247
v 2.40609865 4.89996247 1.43423749
v 2.97967911 4.13518852 0.774437001
v 3.03639679 4.90202077 0.805768948
v 2.74251685 4.91185488 0.837329595
v 2.68465567 4.14021993 0.784271116
v 2.3727084 4.16423347 1.42280247
v 2.41982067 4.10065477 1.26888714
v 2.37591021 4.15508545 1.27780645
v 2.45892843 4.09219286 1.40107594
v 2.43582969 4.13313022 1.46648424
v 2.82827948 4.10248437 1.45847972
v 2.81913147 4.07549773 1.41159615
v 3.00941015 4.06817932 1.2448736
v 2.68191126 4.10179827 0.808284652
v 2.94720366 4.06932282 1.35396367
v 2.972132 4.10591488 1.38323731
v 3.0414282 4.10797318 1.25676602
v 3.04897531 4.1212378 0.828867683
v 3.02473307 4.08624665 0.847849811
v 2.97967911 4.13518852 0.774437001
v 2.97899301 4.09265026 0.794562632
v 2.68465567 4.14021993 0.784271116
v 2.40609865 4.89996247 1.43423749
v 2.40952916 4.90476517 1.30364959
v 2.44634991 4.94455903 1.32286042
v 2.44474901 4.94021373 1.42051547
v 2.45595532 4.86702962 1.49118387
v 2.49940839 4.93449622 1.439955
v 2.85938273 4.87777853 1.48638117
v 2.85160692 4.9221464 1.43492359
v 2.74571866 4.94135723 0.865917138
v 2.95223507 4.91459929 1.39467233
v 2.98242351 4.8551372 1.43217918
v 3.06567044 4.86977402 1.32651963
v 3.03090798 4.91574279 1.3105106
v 3.05332062 4.92740651 0.939787349
v 3.08602477 4.89836156 0.856997825
v 2.95383597 4.93518232 0.837558296
v 2.74251685 4.91185488 0.837329595
v 3.03639679 4.90202077 0.805768948
v 2.36584739 5.80538712 1.30319219
v 2.32536743 5.06325451 1.46968604
v 2.33268584 5.06759982 1.30250609
v 2.35944378 5.68097413 1.5071929
v 2.36195948 5.80355752 1.42211637
v 2.40152464 5.82642755 1.43217918
v 2.40129594 5.83100156 1.31691421
v 2.42530948 5.83992087 1.32125952
v 2.46190153 6.38216938 1.34664526
v 2.42370858 5.83809127 1.41731366
v 2.45755623 6.37530837 1.44795951
v 3.12101592 5.04953249 0.870033744
v 3.10089029 5.02917816 1.33200843
v 3.15211916 5.77451257 0.860885731
v 3.13336574 5.76536456 1.34824616
v 3.11895762 5.81247683 0.944590056
v 3.11667061 5.79944091 1.33246584
v 3.01947297 5.02826336 1.44795951
v 3.02427567 5.80401492 1.44635861
v 3.04463 5.76307755 1.46694164
v 2.89345908 5.04061318 1.51496871
v 2.87996576 5.76353496 1.53875354
v 2.87356215 5.80973242 1.50559199
v 2.46167283 5.83008675 1.50559199
v 2.39969504 5.68074543 1.54401365
v 2.37591021 5.07103032 1.53280733
v 2.45115262 5.78251708 1.55064596
v 2.35944378 5.68097413 1.5071929
v 2.32536743 5.06325451 1.46968604
v 2.36195948 5.80355752 1.42211637
v 2.40152464 5.82642755 1.43217918
v 3.04897531 5.81888044 0.952594568
v 3.01146845 6.34626343 0.938872547
v 3.01489896 5.82139614 0.917603415
v 3.07573325 6.36044285 1.00062164
v 3.06406953 6.36410205 1.34229995
v 3.03502459 5.80813152 1.32537612
v 3.01078235 6.35746974 1.42623298
v 2.97876431 5.80950372 1.40656475
v 2.90283579 6.35746974 1.49095517
v 2.86715854 5.81179073 1.47288784
v 2.47585225 5.83077286 1.47974886
v 2.49163258 6.37782407 1.49186997
v 2.42370858 5.83809127 1.41731366
v 2.45755623 6.37530837 1.44795951
v 2.40152464 5.82642755 1.43217918
v 2.42370858 5.83809127 1.41731366
v 2.47585225 5.83077286 1.47974886
v 2.46167283 5.83008675 1.50559199
v 2.87356215 5.80973242 1.50559199
v 2.86715854 5.81179073 1.47288784
v 2.97876431 5.80950372 1.40656475
v 3.02427567 5.80401492 1.44635861
v 3.03502459 5.80813152 1.32537612
v 3.11667061 5.79944091 1.33246584
v 3.04897531 5.81888044 0.952594568
v 3.11895762 5.81247683 0.944590056
v 3.01489896 5.82139614 0.917603415
v 3.06704264 5.81293423 0.84716371
v 2.75029266 5.82551275 0.8403027
v 2.75829718 5.83351726 0.914630311
v 2.42370858 5.83809127 1.41731366
v 2.40152464 5.82642755 1.43217918
v 2.40129594 5.83100156 1.31691421
v 2.42530948 5.83992087 1.32125952
v 2.74274555 5.79898351 0.817890066
v 3.06704264 5.81293423 0.84716371
v 2.75029266 5.82551275 0.8403027
v 3.09723108 5.77817178 0.810571655
v 3.05469282 5.09138465 0.799365339
v 2.68236866 5.06302581 0.802109743
v 3.15211916 5.77451257 0.860885731
v 3.11895762 5.81247683 0.944590056
v 3.12101592 5.04953249 0.870033744
v 2.96984499 5.02048755 0.809199453
v 2.67344935 5.03032166 0.825437178
v 3.08968397 5.00928123 0.887872371
v 2.75829718 5.83351726 0.914630311
v 3.01489896 5.82139614 0.917603415
v 3.01146845 6.34626343 0.938872547
v 2.79488923 6.37485097 0.944818756
v 3.10089029 5.02917816 1.33200843
v 3.12101592 5.04953249 0.870033744
v 3.08968397 5.00928123 0.887872371
v 3.07253145 4.99693141 1.31942992
v 2.99751773 4.99716011 1.41845716
v 3.01947297 5.02826336 1.44795951
v 2.88751287 5.00287762 1.48660987
v 2.89345908 5.04061318 1.51496871
v 2.67344935 5.03032166 0.825437178
v 2.96984499 5.02048755 0.809199453
v 2.36127338 5.03077906 1.30456439
v 2.39672194 5.02551895 1.49530048
v 2.37591021 5.07103032 1.53280733
v 2.32536743 5.06325451 1.46968604
v 2.35761418 5.02689115 1.44635861
v 2.33268584 5.06759982 1.30250609
v 1.51416732 10.0967203 -0.527782744
v 1.54412706 10.0967203 -0.510401518
v 1.75567488 9.27065469 -0.877008166
v 1.72571513 9.27065469 -0.894160691
v 1.53017634 10.1095275 -0.555455485
v 1.74469726 9.26859639 -0.96025509
v 1.56013609 10.1095275 -0.53830296
v 1.78975123 9.27042599 -0.934183251
v 1.54412706 10.0967203 -0.510401518
v 1.75567488 9.27065469 -0.877008166
v 0.896905096 3.49254056 1.35007576
v 1.07254696 3.5183837 1.35007576
v 1.07254696 3.53576493 1.36699959
v 0.89347459 3.50923569 1.36699959
v 0.60508346 3.40563443 1.35007576
v 1.07254696 3.5183837 1.38392341
v 0.600738153 3.42232956 1.36699959
v 0.367463805 3.36995718 1.35007576
v 0.896905096 3.49254056 1.38392341
v 1.07254696 3.50123118 1.36699959
v 0.366549003 3.3871097 1.36699959
v 0.109718519 3.35600646 1.35007576
v 0.900564301 3.47561674 1.36699959
v 1.07254696 3.5183837 1.35007576
v 0.896905096 3.49254056 1.35007576
v 0.60508346 3.40563443 1.38392341
v 0.609657466 3.38893931 1.36699959
v 0.60508346 3.40563443 1.35007576
v 0.10994722 3.37338768 1.36699959
v -0.126071533 3.37270158 1.35007576
v 0.367463805 3.36995718 1.38392341
v 0.368378606 3.35257595 1.36699959
v 0.367463805 3.36995718 1.35007576
v -0.121726226 3.38916801 1.36699959
v -0.312004911 3.43925338 1.35007576
v 0.109718519 3.35600646 1.38392341
v 0.109718519 3.33885393 1.36699959
v 0.109718519 3.35600646 1.35007576
v -0.302856897 3.4538902 1.36699959
v -0.491534679 3.53279182 1.35007576
v -0.126071533 3.37270158 1.38392341
v -0.13064554 3.35600646 1.36699959
v -0.126071533 3.37270158 1.35007576
v -0.486045871 3.54902955 1.36699959
v -0.759342779 3.57533009 1.35007576
v -0.312004911 3.43925338 1.38392341
v -0.320924224 3.42461656 1.36699959
v -0.312004911 3.43925338 1.35007576
v -0.758427978 3.59271131 1.36699959
v -1.09347398 3.57693099 1.35007576
v -0.491534679 3.53279182 1.38392341
v -0.497252187 3.5165541 1.36699959
v -0.491534679 3.53279182 1.35007576
v -1.09370268 3.59431221 1.36699959
v -1.40519254 3.55634796 1.35144796
v -0.759342779 3.57533009 1.38392341
v -0.76025758 3.55817756 1.36699959
v -0.759342779 3.57533009 1.35007576
v -1.40633605 3.57327178 1.36837179
v -1.55727827 3.54834345 1.35236276
v -1.09347398 3.57693099 1.38392341
v -1.09324528 3.55977846 1.36699959
v -1.09347398 3.57693099 1.35007576
v -1.54927376 3.56549597 1.36928659
v -1.59501383 3.56252287 1.35350627
v -1.40519254 3.55634796 1.38529561
v -1.40404904 3.53988153 1.36837179
v -1.40519254 3.55634796 1.35144796
v -1.58357881 3.57578749 1.37020139
v -1.61376726 3.59614182 1.35442107
v -1.55636347 3.54834345 1.38643912
v -1.56711239 3.53507883 1.36951529
v -1.55727827 3.54834345 1.35236276
v -1.59638603 3.60094452 1.37088749
v -1.62062827 3.66726762 1.35533587
v -1.59387033 3.56252287 1.38735392
v -1.60553404 3.54925825 1.37065879
v -1.59501383 3.56252287 1.35350627
v -1.60256094 3.66772502 1.37180229
v -1.62565967 4.14296433 1.35670807
v -1.61239505 3.59568442 1.38849742
v -1.62954758 3.59088171 1.37180229
v -1.61376726 3.59614182 1.35442107
v -1.60804975 4.14342173 1.3734032
v -1.63000498 4.16606307 1.35716547
v -1.61925606 3.66681022 1.38941222
v -1.63709469 3.66635282 1.3727171
v -1.62062827 3.66726762 1.35533587
v -1.61788386 4.17909899 1.3738606
v -1.65356111 4.17406758 1.35785157
v -1.62451617 4.14296433 1.39078442
v -1.63892429 4.14342173 1.374318
v -1.62565967 4.14296433 1.35670807
v -1.64967321 4.19099141 1.3747754
v -1.92640062 4.19442191 1.36539868
v -1.62863278 4.16606307 1.39101312
v -1.6409826 4.15531415 1.374318
v -1.63000498 4.16606307 1.35716547
v -1.92114051 4.21088834 1.38232251
v -2.01742336 4.24587949 1.36677089
v -1.65241761 4.17406758 1.39192792
v -1.65630552 4.15897336 1.3750041
v -1.65356111 4.17406758 1.35785157
v -2.00438744 4.2570858 1.38369471
v -2.05149971 4.32432371 1.36814309
v -1.92548582 4.19442191 1.39924633
v -1.93097463 4.17795549 1.38232251
v -1.92640062 4.19442191 1.36539868
v -2.03411848 4.32752551 1.38483821
v -2.07299754 4.7240919 1.38072161
v -2.01673726 4.24587949 1.40084724
v -2.02977318 4.23467317 1.38392341
v -2.01742336 4.24587949 1.36677089
v -2.05035621 4.3234089 1.40221944
v -2.06773743 4.3202071 1.38552431
v -2.05149971 4.32432371 1.36814309
v -2.08969267 4.7245493 1.39810283
v -2.07299754 4.7240919 1.38072161
v -2.05538762 4.7227197 1.39741673
v -2.08237426 5.63523406 1.40930915
v -2.07208274 4.7234058 1.41479796
v -2.09815458 5.63066006 1.42669038
v -2.08237426 5.63523406 1.40930915
v -2.06545043 5.63980807 1.42600427
v -2.1125627 5.68600554 1.40976655
v -2.08123075 5.63523406 1.4433855
v -2.10387209 5.70109976 1.42646168
v -2.17202479 5.70544507 1.41022395
v -2.12056721 5.67136872 1.42691908
v -2.1125627 5.68600554 1.40976655
v -2.1118766 5.68646294 1.4436142
v -2.16950909 5.72282629 1.42691908
v -2.55258216 5.71001908 1.41182485
v -2.55075256 5.727629 1.42874868
v -2.17156739 5.70613117 1.4443003
v -2.55258216 5.71070518 1.4459012
v -2.17431179 5.68852124 1.42760518
v -2.17202479 5.70544507 1.41022395
v -2.55418306 5.69309525 1.42920608
v -2.55258216 5.71001908 1.41182485
v -2.75315236 4.23421577 0.428870785
v -2.75315236 4.23421577 0.213206363
v -2.8482917 4.22849826 0.213206363
v -2.8501213 4.22849826 0.428870785
v -2.75406716 4.2563997 0.45860183
v -2.85035 4.2570858 0.459974032
v -2.81856066 5.63660627 0.502969696
v -2.90455198 5.62768695 0.503884497
v -2.81947546 5.6613059 0.475983056
v -2.90775379 5.65581709 0.475754355
v -2.90592419 5.65581709 0.26443524
v -2.81947546 5.6603911 0.26443524
v -2.81856066 5.63637757 0.234246794
v -2.90226498 5.62768695 0.234246794
v -2.75406716 4.2563997 0.186905824
v -2.848063 4.2570858 0.186905824
v -2.75315236 4.23421577 0.213206363
v -2.8482917 4.22849826 0.213206363
v -3.11266929 2.35475636 0.00897695787
v -2.61844786 2.50684209 0.00897695787
v -2.63720128 2.26441973 0.00897695787
v -3.11244059 2.50684209 0.00897695787
v -3.19134221 2.37648289 -0.0129782749
v -2.66212962 2.55235346 -0.0376779118
v -3.19340052 2.50684209 -0.0129782749
v -3.26704203 2.39752333 -0.0914224921
v -3.10878139 2.54640725 -0.0376779118
v -3.10878139 2.54640725 -0.825550589
v -2.66212962 2.55235346 -0.825550589
v -2.61844786 2.50684209 -0.872205459
v -3.11244059 2.50684209 -0.872205459
v -2.63720128 2.26441973 -0.872205459
v -3.11266929 2.35475636 -0.872205459
v -3.19134221 2.37648289 -0.850250226
v -3.17281748 2.54640725 -0.808855464
v -3.19340052 2.50684209 -0.850250226
v -3.26704203 2.39752333 -0.771806009
v -3.17281748 2.54640725 -0.0543730368
v -3.27092993 2.50684209 -0.771806009
v -3.28808246 2.40324083 -0.690159987
v -3.27092993 2.50707079 -0.0914224921
v -3.23090737 2.54640725 -0.750536877
v -3.23090737 2.54640725 -0.112691624
v -3.29242776 2.50707079 -0.173068514
v -3.28808246 2.40324083 -0.173068514
v -3.29242776 2.50707079 -0.690159987
v -3.2478312 2.54640725 -0.686500781
v -3.2478312 2.54640725 -0.17672772
v -2.92879422 3.61260824 -0.141507867
v -2.85652491 3.60437503 -0.0726690641
v -2.85766841 3.68762195 -0.0218975883
v -2.93039512 3.7194113 -0.0765569699
v -2.9829962 3.60597593 -0.097368701
v -2.85652491 3.72627231 0.0535735245
v -2.99420252 3.68922286 -0.0397362149
v -2.94594675 3.59294001 -0.00931906946
v -2.92948032 3.77727249 0.0291025879
v -2.85652491 3.73885083 0.16449319
v -2.94709025 3.62335716 0.0183536719
v -2.85652491 3.60437503 -0.0726690641
v -2.85766841 3.68762195 -0.0218975883
v -2.99191551 3.73930823 0.049914319
v -2.92879422 3.79328151 0.161062685
v -2.85652491 3.73519162 0.288220075
v -2.94594675 3.6519447 0.0794166631
v -2.85652491 3.72627231 0.0535735245
v -2.99168681 3.75234415 0.172269002
v -2.92765072 3.79030841 0.309031806
v -2.85652491 3.71140679 0.407144253
v -2.94594675 3.66109271 0.17775781
v -2.85652491 3.73885083 0.16449319
v -2.98985721 3.75234415 0.313377113
v -2.92970902 3.76103476 0.457000927
v -2.85652491 3.6510299 0.489933776
v -2.94594675 3.65789091 0.289134876
v -2.85652491 3.73519162 0.288220075
v -2.98962851 3.72512881 0.447166813
v -2.92925162 3.67664434 0.564490088
v -2.86224242 3.49459887 0.531785939
v -2.94594675 3.63890878 0.394337034
v -2.85652491 3.71140679 0.407144253
v -2.98962851 3.6498864 0.537732148
v -2.93359693 3.51335229 0.60634225
v -2.86727383 3.26292542 0.527898033
v -2.94594675 3.58973821 0.463175836
v -2.85652491 3.6510299 0.489933776
v -2.99374512 3.51243749 0.559916081
v -2.92742202 3.25537831 0.617319867
v -2.86109892 3.02439096 0.529727636
v -2.93108122 3.48545085 0.479870961
v -2.86224242 3.49459887 0.531785939
v -2.99420252 3.26841423 0.568835394
v -2.92513501 3.01181244 0.620750372
v -2.86109892 2.13726234 0.534072942
v -2.91164169 2.13703364 0.624409577
v -2.93817093 3.26384022 0.480785763
v -2.86727383 3.26292542 0.527898033
v -2.99328772 3.01935956 0.575467704
v -2.98985721 2.13726234 0.57912691
v -2.93885704 3.02782147 0.484673669
v -2.86109892 3.02439096 0.529727636
v -2.93862833 2.13749104 0.488561574
v -2.86109892 2.13726234 0.534072942
v -3.11266929 2.35475636 0.00897695787
v -2.63720128 2.26441973 0.00897695787
v -2.63720128 2.26441973 -0.872205459
v -3.11266929 2.35475636 -0.872205459
v -3.19134221 2.37648289 -0.850250226
v -3.19134221 2.37648289 -0.0129782749
v -3.26704203 2.39752333 -0.0914224921
v -3.26704203 2.39752333 -0.771806009
v -3.28808246 2.40324083 -0.173068514
v -3.28808246 2.40324083 -0.690159987
v 2.44749341 7.01246752 0.42566898
v 2.5078703 9.02777493 0.467749843
v 2.61764647 9.03189154 0.414005263
v 2.33405804 7.01246752 0.464776739
v 0.905367008 9.139152 0.467749843
v 0.85962694 7.01246752 0.467749843
v 0.748707274 7.01246752 0.437561398
v 0.752137779 9.14441211 0.448996415
v 0.689016485 7.01246752 0.279758162
v 0.689016485 9.15584712 0.279529462
v 0.682841576 9.16202203 -1.7046747
v 0.681469374 7.01223882 -1.59466984
v 0.724465038 7.01155272 -1.72251333
v 0.729496445 9.17025524 -1.82702939
v 0.829667195 7.01269622 -1.767796
v 0.829667195 9.17551535 -1.86224924
v 2.5094712 9.06025038 -1.86293534
v 2.31553331 7.01269622 -1.75224437
v 2.42370858 7.01246752 -1.7030738
v 2.61764647 9.05567637 -1.81353606
v 2.67139105 9.04698576 -1.7033025
v 2.47745316 7.01246752 -1.59306894
v 2.67139105 9.04081085 0.304229099
v 2.49254738 7.01246752 0.304229099
v 2.61764647 9.03189154 0.414005263
v 2.44749341 7.01246752 0.42566898
v 1.5036471 10.0971777 -0.506056212
v 1.08055147 9.29787004 -0.538074259
v 1.08055147 9.29787004 -0.506056212
v 1.5036471 10.0971777 -0.538074259
v 1.05082043 9.30976245 -0.538074259
v 1.47391606 10.1090701 -0.538074259
v 1.05082043 9.30976245 -0.506056212
v 1.47391606 10.1090701 -0.506056212
v 1.08055147 9.29787004 -0.506056212
v 1.5036471 10.0971777 -0.506056212
v 0.694047892 11.3968818 -0.283759479
v 0.711657819 11.3968818 -0.232530603
v 1.66854005 11.0737282 -0.54539267
v 1.63995251 11.0739569 -0.623379487
v 2.39374883 10.8580638 -0.818460878
v 2.38048421 10.8580638 -0.857111236
v 2.39169053 10.8974002 -0.860999142
v 1.66099294 11.1514863 -0.631612699
v 0.709142115 11.4487967 -0.289019587
v 2.40518385 10.8974002 -0.822348784
v 2.38048421 10.8580638 -0.857111236
v 2.39374883 10.8580638 -0.818460878
v 0.726752041 11.4487967 -0.237790711
v 0.694047892 11.3968818 -0.283759479
v 0.711657819 11.3968818 -0.232530603
v 1.68958048 11.1512576 -0.553625883
v 1.66854005 11.0737282 -0.54539267
v 2.39374883 10.8580638 -0.818460878
v 0.711657819 11.3968818 -0.232530603
v -2.6484076 5.75049904 0.31154751
v -2.5795688 4.09356506 0.274955455
v -2.6484076 5.75049904 -1.28455217
v -2.5795688 4.09356506 -1.24796012
v 0.0209827869 3.10031948 1.42417467
v 0.0246419924 3.10489348 1.45482052
v -0.0158379681 0.534301643 1.45482052
v -0.0172101702 0.534987744 1.42303117
v -0.0158379681 0.534301643 1.45482052
v 0.144023571 3.02301876 1.45161871
v 0.104001011 0.534301643 1.45161871
v 0.0246419924 3.10489348 1.45482052
v 0.0889067884 3.14034204 1.45207611
v -0.0233850794 3.1833377 1.45230481
v -0.753853971 3.16115377 1.45207611
v -0.753853971 3.08705486 1.45482052
v -1.21765826 2.97842219 1.45482052
v -1.3102819 3.06830143 1.45139001
v -1.26911584 1.79535533 1.45299092
v -1.1767209 1.76150768 1.45482052
v -1.09942019 0.534301643 1.45276221
v -1.01320016 0.534301643 1.45482052
v -0.754082671 3.08591135 1.42440337
v 0.0246419924 3.10489348 1.45482052
v 0.0209827869 3.10031948 1.42417467
v -0.753853971 3.08705486 1.45482052
v -1.21765826 2.97842219 1.45482052
v -1.21399906 2.97407689 1.42554687
v -0.753853971 3.06052562 1.42188767
v 0.0209827869 3.10031948 1.42417467
v 0.000171055797 3.07836424 1.42188767
v -0.754082671 3.08591135 1.42440337
v -1.19112902 2.95189295 1.42188767
v -1.21399906 2.97407689 1.42554687
v -0.0423672078 0.534301643 1.42188767
v 0.000171055797 3.07836424 1.42188767
v 0.0209827869 3.10031948 1.42417467
v -0.0172101702 0.534987744 1.42303117
v -0.00508905206 3.07424764 1.31554201
v 0.000171055797 3.07836424 1.42188767
v -0.0423672078 0.534301643 1.42188767
v -0.0423672078 0.534301643 1.3100532
v -0.753853971 3.06052562 1.3100532
v 0.000171055797 3.07836424 1.42188767
v -0.00508905206 3.07424764 1.31554201
v -0.753853971 3.06052562 1.42188767
v -1.18678372 2.94937725 1.31416981
v -1.19112902 2.95189295 1.42188767
v -1.19112902 2.95189295 1.42188767
v -1.1767209 1.76150768 1.42188767
v -1.21399906 2.97407689 1.42554687
v -1.15019166 1.74824306 1.42188767
v -1.01251406 0.534530343 1.42371727
v -0.986670919 0.534301643 1.42188767
v -1.15019166 1.74824306 1.3100532
v -1.19112902 2.95189295 1.42188767
v -1.18678372 2.94937725 1.31416981
v -1.15019166 1.74824306 1.42188767
v -0.986670919 0.534301643 1.42188767
v -0.986670919 0.534301643 1.3100532
v -1.1767209 1.76150768 1.42188767
v -1.21765826 2.97842219 1.45482052
v -1.21399906 2.97407689 1.42554687
v -1.1767209 1.76150768 1.45482052
v -1.01320016 0.534301643 1.45482052
v -1.01251406 0.534530343 1.42371727
v -0.753853971 3.23639618 1.16940249
v -1.35121926 3.10946749 1.40519254
v -1.36699959 3.12547651 1.16940249
v -0.753853971 3.21146784 1.40519254
v -1.3102819 3.06830143 1.45139001
v -0.753853971 3.16115377 1.45207611
v 0.005659864 3.22175936 1.41113875
v 0.0182383828 3.23753968 1.16940249
v -0.0233850794 3.1833377 1.45230481
v 0.130530251 3.16435557 1.40496384
v 0.138763463 3.17533319 1.16940249
v 0.0889067884 3.14034204 1.45207611
v 0.192965444 3.05663771 1.16940249
v 0.184503531 3.0458888 1.40496384
v 0.164835302 0.534301643 1.16940249
v 0.144023571 3.02301876 1.45161871
v 0.152028083 0.534301643 1.40496384
v 0.104001011 0.534301643 1.45161871
v 2.95314987 5.77657087 0.337161948
v 2.99019932 5.78160228 0.341735955
v 2.99225763 5.78160228 -1.23835471
v 2.95269247 5.77611347 -1.2333233
v 2.95269247 5.77611347 -1.2333233
v 2.99225763 5.78160228 -1.23835471
v 2.93553994 3.916551 -1.25390633
v 2.89803309 3.92295461 -1.24910362
v 2.92913633 5.96890786 0.441678004
v 2.98768362 6.02425334 -1.14595977
v 2.98562532 5.94695263 0.424296778
v 2.92913633 6.05329829 -1.15899569
v 2.75532407 5.96890786 0.441906705
v 2.75532407 6.05329829 -1.15922439
v 2.92913633 6.05329829 -1.15899569
v 2.98150871 5.80332881 -1.37420271
v 2.98768362 6.02425334 -1.14595977
v 2.92501973 5.81201943 -1.39730144
v 2.93714084 3.89802627 -1.39409964
v 2.87973706 3.87378403 -1.41010866
v 2.75120747 5.81453513 -1.38929693
v 2.75532407 6.05329829 -1.15922439
v 2.7054674 3.86372122 -1.40279025
v 2.89803309 3.92295461 -1.24910362
v 2.93553994 3.916551 -1.25390633
v 2.93645474 4.02678456 0.54596536
v 2.89734698 4.03135857 0.542077454
v 2.89734698 4.03135857 0.542077454
v 2.93645474 4.02678456 0.54596536
v 2.99019932 5.78160228 0.341735955
v 2.95314987 5.77657087 0.337161948
v 2.89414518 4.06886542 0.508229804
v 2.89734698 4.03135857 0.542077454
v 2.95314987 5.77657087 0.337161948
v 2.94971936 5.73837792 0.301942096
v 2.89414518 3.95977536 -1.21411247
v 2.89803309 3.92295461 -1.24910362
v 2.89734698 4.03135857 0.542077454
v 2.89414518 4.06886542 0.508229804
v 2.80243634 5.73837792 0.301942096
v 2.94971936 5.73837792 0.301942096
v 2.94971936 5.73837792 -1.19878955
v 2.80243634 5.73837792 -1.19878955
v 2.74686216 4.06886542 0.508229804
v 2.89414518 4.06886542 0.508229804
v 2.94971936 5.73837792 0.301942096
v 2.80243634 5.73837792 0.301942096
v 2.95269247 5.77611347 -1.2333233
v 2.94971936 5.73837792 -1.19878955
v 2.94971936 5.73837792 0.301942096
v 2.95314987 5.77657087 0.337161948
v 2.89803309 3.92295461 -1.24910362
v 2.89414518 3.95977536 -1.21411247
v 2.94971936 5.73837792 -1.19878955
v 2.95269247 5.77611347 -1.2333233
v 2.80243634 5.73837792 -1.19878955
v 2.94971936 5.73837792 -1.19878955
v 2.89414518 3.95977536 -1.21411247
v 2.74686216 3.95977536 -1.21411247
v 2.74686216 4.06886542 0.508229804
v 2.74686216 3.95977536 -1.21411247
v 2.89414518 3.95977536 -1.21411247
v 2.89414518 4.06886542 0.508229804
v 1.9022718 5.06737112 1.33315194
v 2.02737088 5.03123646 1.50033189
v 2.02759958 5.02940686 1.33315194
v 1.9034153 5.06874332 1.50033189
v 1.84075141 5.18286479 1.33315194
v 2.02188208 5.08612454 1.56848459
v 1.84235231 5.18286479 1.50033189
v 1.87871566 5.30796387 1.33315194
v 1.93840645 5.11151028 1.56848459
v 2.01776547 5.12820541 1.57054289
v 1.96516439 5.14398573 1.57054289
v 1.89724039 5.1883536 1.56848459
v 1.93932125 5.1924702 1.57054289
v 1.87985916 5.30682037 1.50033189
v 1.99398063 5.36971297 1.33315194
v 1.92262613 5.27182922 1.56848459
v 1.95533028 5.24507128 1.57054289
v 1.99420933 5.36788336 1.50033189
v 2.11907972 5.33174871 1.33315194
v 1.99946944 5.31299528 1.56848459
v 2.00381475 5.27091442 1.57054289
v 2.11816492 5.33037651 1.50033189
v 2.18082881 5.21625504 1.33315194
v 2.08294507 5.28760954 1.56848459
v 2.05618713 5.2551341 1.57054289
v 2.17922791 5.21625504 1.50033189
v 2.14286456 5.09115595 1.33315194
v 2.12411113 5.21076623 1.56848459
v 2.08225897 5.20664962 1.57054289
v 2.14149235 5.09229945 1.50033189
v 2.02759958 5.02940686 1.33315194
v 2.02737088 5.03123646 1.50033189
v 2.09872539 5.1272906 1.56848459
v 2.06624994 5.15404854 1.57054289
v 2.02188208 5.08612454 1.56848459
v 2.01776547 5.12820541 1.57054289
v 1.96516439 5.14398573 1.57054289
v 2.01662197 5.14009782 2.21890836
v 2.01776547 5.12820541 1.57054289
v 1.9727115 5.15336244 2.21890836
v 1.93932125 5.1924702 1.57054289
v 1.95121367 5.1936137 2.21890836
v 1.95533028 5.24507128 1.57054289
v 1.96447829 5.23752417 2.21890836
v 2.00381475 5.27091442 1.57054289
v 2.00495825 5.259022 2.21890836
v 2.05618713 5.2551341 1.57054289
v 2.04864002 5.24575738 2.21890836
v 2.08225897 5.20664962 1.57054289
v 2.07036655 5.20550612 2.21890836
v 2.06624994 5.15404854 1.57054289
v 2.05687323 5.16159566 2.21890836
v 2.01776547 5.12820541 1.57054289
v 2.01662197 5.14009782 2.21890836
v -1.26911584 1.79535533 1.45299092
v -1.35121926 3.10946749 1.40519254
v -1.3102819 3.06830143 1.45139001
v -1.3107393 1.81273655 1.41365446
v -1.09942019 0.534301643 1.45276221
v -1.36699959 3.12547651 1.16940249
v -1.14927686 0.534301643 1.41251095
v -1.33246584 1.82051236 1.16940249
v -1.16894509 0.534301643 1.16940249
v 2.69952119 3.71392249 -1.07643486
v 2.69952119 3.83833548 0.779697109
v 2.89140078 3.84405299 0.776037904
v 2.87379085 3.72215571 -1.08329587
v 2.7054674 3.86372122 -1.40279025
v 2.93439644 3.86783782 0.751566967
v 2.87973706 3.87378403 -1.41010866
v 2.93142334 3.74891365 -1.07346176
v 2.93714084 3.89802627 -1.39409964
v 2.89140078 3.84405299 0.776037904
v 2.69952119 3.83833548 0.779697109
v 2.75235097 5.85615859 0.526754531
v 2.92616323 5.85615859 0.526754531
v 2.93439644 3.86783782 0.751566967
v 2.75532407 5.96890786 0.441906705
v 2.98265221 5.84014957 0.507772403
v 2.92913633 5.96890786 0.441678004
v 2.98562532 5.94695263 0.424296778
v -2.77236319 3.33976873 -1.1672289
v -2.77236319 3.1844812 -1.24681662
v -2.77236319 3.1844812 -1.1672289
v -2.77236319 3.33976873 -1.24681662
v -2.79408972 3.32833372 -1.27311716
v -2.79408972 3.19591622 -1.27311716
v -2.81490145 3.34136964 -1.27311716
v -2.79660542 3.35509166 -1.24681662
v -2.79660542 3.35509166 -1.1672289
v -3.02393356 3.34136964 -1.27311716
v -3.04222959 3.35509166 -1.1672289
v -3.04222959 3.35509166 -1.24681662
v -3.04474529 3.32833372 -1.27311716
v -3.06647183 3.33976873 -1.24681662
v -3.06647183 3.33976873 -1.1672289
v -3.06647183 3.1844812 -1.24681662
v -3.04474529 3.19591622 -1.27311716
v -3.06647183 3.1844812 -1.1672289
v -3.02393356 3.1828803 -1.27311716
v -3.04222959 3.16915828 -1.24681662
v -3.04222959 3.16915828 -1.1672289
v -2.81490145 3.1828803 -1.27311716
v -2.79660542 3.16915828 -1.1672289
v -2.79660542 3.16915828 -1.24681662
v -2.79408972 3.19591622 -1.27311716
v -2.77236319 3.1844812 -1.24681662
v -2.77236319 3.1844812 -1.1672289
v -2.81490145 3.1828803 -1.27311716
v -2.79408972 3.19591622 -1.27311716
v -2.79408972 3.32833372 -1.27311716
v -2.81490145 3.34136964 -1.27311716
v -3.02393356 3.34136964 -1.27311716
v -3.02393356 3.1828803 -1.27311716
v -3.04474529 3.19591622 -1.27311716
v -3.04474529 3.32833372 -1.27311716
v -2.95898267 -0.00268675956 -2.57876741
v -2.95944007 0.475754355 1.99318112
v -2.95944007 -0.00268675956 1.99318112
v -2.95555216 0.475983056 -2.5744221
v -2.90455198 0.475983056 -2.62382138
v -2.90798249 -0.00268675956 -2.62839538
v -2.90112148 0.536588646 -2.5721351
v -2.89974928 0.536588646 1.99455332
v -2.95944007 0.475754355 1.99318112
v -2.90386588 0.475754355 2.05767462
v 2.90306449 0.536588646 2.00278654
v -2.90386588 -0.00268675956 2.05767462
v -2.95944007 -0.00268675956 1.99318112
v 2.91838742 0.475754355 2.06201993
v 2.97053109 0.475754355 2.01353545
v 2.91838742 -0.00268675956 2.06201993
v 2.97053109 -0.00268675956 2.01353545
v 2.92616323 -0.00268675956 -2.62519358
v -2.90455198 0.475983056 -2.62382138
v -2.90798249 -0.00268675956 -2.62839538
v 2.92616323 0.475754355 -2.62450748
v -2.90112148 0.536588646 -2.5721351
v 2.92113182 0.536588646 -2.5703055
v 2.97144589 0.475754355 -2.5707629
v 2.9725894 -0.00268675956 -2.571449
v 2.90306449 0.536588646 2.00278654
v 2.97144589 0.475754355 -2.5707629
v 2.97053109 0.475754355 2.01353545
v 2.97053109 -0.00268675956 2.01353545
v 2.9725894 -0.00268675956 -2.571449
v -3.22175936 2.72365001 -0.474724265
v -3.14743175 2.75063665 -0.346423373
v -3.15017615 2.7140446 -0.475410366
v -3.22175936 2.76207167 -0.348481676
v -3.14971875 2.83365488 -0.243279519
v -3.23273697 2.81581625 -0.377069219
v -3.23273697 2.7842556 -0.480670474
v -3.23273697 2.88442635 -0.293364894
v -3.22175936 2.845776 -0.246252623
v -3.15017615 2.96424277 -0.17695642
v -3.23273697 2.9800231 -0.242136017
v -3.22175936 2.96241317 -0.184046131
v -3.15017615 3.09322977 -0.1634631
v -3.23273697 3.08796966 -0.231615802
v -3.22175936 3.09391587 -0.171010211
v -3.14994745 3.22450376 -0.202342158
v -3.23273697 3.19157091 -0.262947748
v -3.22175936 3.22015846 -0.209431868
v -3.15017615 3.33427993 -0.291992692
v -3.23273697 3.27527524 -0.331786551
v -3.22175936 3.32238751 -0.293136193
v -3.15017615 3.39214111 -0.407943765
v -3.23273697 3.32650411 -0.427383294
v -3.22175936 3.384594 -0.409773368
v -3.15017615 3.40449093 -0.540589963
v -3.23273697 3.33702433 -0.535101155
v -3.22175936 3.39762992 -0.541276064
v -3.15017615 3.36469707 -0.670949158
v -3.23273697 3.30569238 -0.63893111
v -3.22175936 3.35920826 -0.667518653
v -3.15017615 3.27824834 -0.77958182
v -3.23273697 3.23685358 -0.722635435
v -3.22175936 3.27550394 -0.769747706
v -3.15017615 3.15703716 -0.841788313
v -3.23273697 3.14125684 -0.773635611
v -3.22175936 3.15886676 -0.831954198
v -3.15017615 3.02805017 -0.853909431
v -3.23273697 3.03353898 -0.784384527
v -3.22175936 3.02759277 -0.844990118
v -3.15017615 2.90409458 -0.818232178
v -3.23273697 2.92970902 -0.75282388
v -3.22175936 2.90112148 -0.806568461
v -3.15040485 2.78951571 -0.726752041
v -3.23273697 2.8460047 -0.684213778
v -3.22175936 2.79889243 -0.722864136
v -3.15017615 2.72433611 -0.604397359
v -3.23273697 2.79500452 -0.588617035
v -3.22175936 2.73668593 -0.606226961
v -3.15017615 2.7140446 -0.475410366
v -3.23273697 2.7842556 -0.480670474
v -3.22175936 2.72365001 -0.474724265
v -3.12844962 2.81856066 -0.581527324
v -3.12844962 2.80895524 -0.483186177
v -3.23273697 2.7842556 -0.480670474
v -3.23273697 2.79500452 -0.588617035
v -3.12844962 2.86521553 -0.668433454
v -3.23273697 2.8460047 -0.684213778
v -3.12844962 2.94137274 -0.731097348
v -3.23273697 2.92970902 -0.75282388
v -3.12844962 3.03582598 -0.759684891
v -3.23273697 3.03353898 -0.784384527
v -3.12844962 3.13416713 -0.750079476
v -3.23273697 3.14125684 -0.773635611
v -3.12844962 3.22107326 -0.703424606
v -3.23273697 3.23685358 -0.722635435
v -3.12844962 3.28373715 -0.627267393
v -3.23273697 3.30569238 -0.63893111
v -3.12844962 3.31232469 -0.532814152
v -3.23273697 3.33702433 -0.535101155
v -3.12844962 3.30271928 -0.434701705
v -3.23273697 3.32650411 -0.427383294
v -3.12844962 3.25606441 -0.347566875
v -3.23273697 3.27527524 -0.331786551
v -3.12844962 3.1799072 -0.284902981
v -3.23273697 3.19157091 -0.262947748
v -3.12844962 3.08545395 -0.256315438
v -3.23273697 3.08796966 -0.231615802
v -3.12844962 2.98711281 -0.265920853
v -3.23273697 2.9800231 -0.242136017
v -3.23273697 2.88442635 -0.293364894
v -3.12844962 2.90020668 -0.312575723
v -3.12844962 2.83754278 -0.388732936
v -3.23273697 2.81581625 -0.377069219
v -3.12844962 2.80895524 -0.483186177
v -3.23273697 2.7842556 -0.480670474
v 0.640074612 8.32772319 -1.26534135
v 0.642132915 7.32761659 -1.18323792
v 0.692904391 7.3312758 -1.18323792
v 0.692904391 8.32772319 -1.26534135
v 0.692904391 8.38352607 -1.24613052
v 0.640074612 8.38352607 -1.24613052
v 0.692904391 8.4052526 -1.18804063
v 0.640074612 8.4052526 -1.18804063
v 0.692904391 8.38169647 -0.387589435
v 0.641446814 8.38169647 -0.387589435
v 0.692904391 8.34236001 -0.301598106
v 0.641675514 8.34236001 -0.301598106
v 0.692904391 8.17037735 -0.14379487
v 0.642361615 8.17037735 -0.14379487
v 0.643962518 7.3315045 -0.185647033
v 0.692904391 7.3315045 -0.185647033
v 0.692904391 8.22343583 -1.15716608
v 0.692904391 6.98731048 -1.01674407
v 0.643047716 6.98731048 -1.01811628
v 0.640532013 8.22343583 -1.16174009
v 0.640303312 8.28404142 -1.14207186
v 0.692904391 8.27557951 -1.14207186
v 0.640532013 8.30599665 -1.07849317
v 0.692904391 8.29982174 -1.07849317
v 0.641675514 8.25613998 -0.446136722
v 0.692904391 8.24905027 -0.446136722
v 0.641904215 8.21520262 -0.360831495
v 0.692904391 8.20742681 -0.360831495
v 0.642132915 8.12532338 -0.279185473
v 0.692904391 8.10496905 -0.279185473
v 0.644419918 6.98845399 -0.34459377
v 0.692904391 6.98845399 -0.34459377
v 2.41364576 6.98822528 -1.8366348
v 2.41364576 7.3321906 -1.83343299
v 0.755339584 7.32670179 -1.8348052
v 0.744590668 6.98593828 -1.8361774
v 0.685357279 7.32670179 -1.79135213
v 0.679411071 6.98776788 -1.78609202
v 0.640303312 7.32578699 -1.71976892
v 0.640989413 6.98776788 -1.71725322
v 2.41364576 7.3321906 -1.83343299
v 2.508099 7.3321906 -1.79844184
v 2.43377139 7.3319619 -1.71107831
v 2.56207228 7.3317332 -1.71382272
v 2.55726958 7.34019511 0.377870609
v 2.43491489 7.34385432 0.382673316
v 2.51221561 7.34339692 0.468207244
v 2.43468619 7.34316822 0.508229804
v 0.762200594 7.34271081 0.383130717
v 0.750765577 7.34110991 0.510745508
v 0.690846088 7.34110991 0.466606342
v 0.646935622 7.33905161 0.370094797
v 0.692904391 7.3315045 -0.185647033
v 0.643962518 7.3315045 -0.185647033
v 2.41364576 6.98822528 -1.8366348
v 2.508099 7.3321906 -1.79844184
v 2.41364576 7.3321906 -1.83343299
v 2.51061471 6.98822528 -1.79455394
v 2.56207228 7.3317332 -1.71382272
v 2.56207228 6.98776788 -1.69918589
v 2.55726958 7.34019511 0.377870609
v 2.56024268 7.0008038 0.385646421
v 2.51221561 7.34339692 0.468207244
v 2.508099 7.00286211 0.475068254
v 2.43468619 7.34316822 0.508229804
v 2.43468619 7.00217601 0.514862114
v 0.750765577 7.00263341 0.515090814
v 0.750765577 7.34110991 0.510745508
v 0.690846088 7.34110991 0.466606342
v 0.685128579 7.00263341 0.464548038
v 0.647621723 7.00171861 0.368722595
v 0.646935622 7.33905161 0.370094797
v 0.643962518 7.3315045 -0.185647033
v 0.646935622 7.33905161 0.370094797
v 0.647621723 7.00171861 0.368722595
v 0.644419918 6.98845399 -0.34459377
v 0.642132915 8.12532338 -0.279185473
v 0.642361615 8.17037735 -0.14379487
v 0.641904215 8.21520262 -0.360831495
v 0.641675514 8.34236001 -0.301598106
v 0.641675514 8.25613998 -0.446136722
v 0.641446814 8.38169647 -0.387589435
v 0.640532013 8.30599665 -1.07849317
v 0.640074612 8.4052526 -1.18804063
v 0.640074612 8.38352607 -1.24613052
v 0.640303312 8.28404142 -1.14207186
v 0.640532013 8.22343583 -1.16174009
v 0.640074612 8.32772319 -1.26534135
v 0.642132915 7.32761659 -1.18323792
v 0.643047716 6.98731048 -1.01811628
v 0.640989413 6.98776788 -1.71725322
v 0.640303312 7.32578699 -1.71976892
v 0.640303312 7.32578699 -1.71976892
v 0.692904391 7.3312758 -1.18323792
v 0.642132915 7.32761659 -1.18323792
v 0.747563772 7.3310471 -1.7026164
v 0.685357279 7.32670179 -1.79135213
v 0.755339584 7.32670179 -1.8348052
v 2.41364576 7.3321906 -1.83343299
v 2.43377139 7.3319619 -1.71107831
v 0.629783096 7.91743477 -0.43836091
v 0.629783096 7.99016148 -0.43836091
v 0.702509805 8.01303152 -0.414347375
v 0.702509805 7.89456474 -0.414347375
v 0.702509805 7.89456474 -0.533957653
v 0.702509805 8.01303152 -0.533957653
v 0.630926598 7.99039018 -0.510858919
v 0.630926598 7.91697737 -0.510858919
v 0.702509805 7.89456474 -0.533957653
v 0.630926598 7.91697737 -0.510858919
v 0.629783096 7.91743477 -0.43836091
v 0.702509805 7.89456474 -0.414347375
v 0.629783096 7.99016148 -0.43836091
v 0.630926598 7.99039018 -0.510858919
v 0.702509805 8.01303152 -0.533957653
v 0.702509805 8.01303152 -0.414347375
v 1.53200594 9.6102747 -0.635271905
v 1.53200594 9.27751571 -0.635271905
v 1.61822597 9.27751571 -0.564603499
v 1.61822597 9.6102747 -0.564603499
v 1.60015865 9.6102747 -0.454598635
v 1.60015865 9.27751571 -0.454598635
v 1.49587129 9.6102747 -0.415033476
v 1.60015865 9.6102747 -0.454598635
v 1.60015865 9.27751571 -0.454598635
v 1.49587129 9.27751571 -0.415033476
v 1.40965126 9.6102747 -0.485701881
v 1.40965126 9.27751571 -0.485701881
v 1.42771859 9.6102747 -0.595706746
v 1.42771859 9.27751571 -0.595706746
v 1.53200594 9.6102747 -0.635271905
v 1.53200594 9.27751571 -0.635271905
v 1.53200594 9.6102747 -0.635271905
v 1.52628844 9.6102747 -0.601195554
v 1.45424783 9.6102747 -0.573980213
v 1.42771859 9.6102747 -0.595706746
v 1.44189801 9.6102747 -0.4980517
v 1.40965126 9.6102747 -0.485701881
v 1.5013601 9.6102747 -0.449109827
v 1.49587129 9.6102747 -0.415033476
v 1.57340071 9.6102747 -0.476325167
v 1.60015865 9.6102747 -0.454598635
v 1.58597923 9.6102747 -0.552482381
v 1.61822597 9.6102747 -0.564603499
v 1.53200594 9.6102747 -0.635271905
v 1.52628844 9.6102747 -0.601195554
v 1.45424783 10.2645864 -0.573980213
v 1.52628844 9.6102747 -0.601195554
v 1.52628844 10.2645864 -0.601195554
v 1.45424783 9.6102747 -0.573980213
v 1.44189801 9.6102747 -0.4980517
v 1.44189801 10.2645864 -0.4980517
v 1.5013601 10.2645864 -0.449109827
v 1.5013601 9.6102747 -0.449109827
v 1.57340071 9.6102747 -0.476325167
v 1.57340071 10.2645864 -0.476325167
v 1.45424783 10.2645864 -0.573980213
v 1.52628844 10.2645864 -0.601195554
v 1.52057093 10.2645864 -0.565975701
v 1.48192057 10.2645864 -0.551338879
v 1.47528826 10.2645864 -0.510630218
v 1.44189801 10.2645864 -0.4980517
v 1.5013601 10.2645864 -0.449109827
v 1.50730631 10.2645864 -0.484329679
v 1.57340071 10.2645864 -0.476325167
v 1.54595667 10.2645864 -0.498966501
v 1.58597923 10.2645864 -0.552482381
v 1.55258898 10.2645864 -0.539675162
v 1.52057093 10.2645864 -0.565975701
v 1.52628844 10.2645864 -0.601195554
v 1.58597923 10.2645864 -0.552482381
v 1.57340071 9.6102747 -0.476325167
v 1.57340071 10.2645864 -0.476325167
v 1.58597923 9.6102747 -0.552482381
v 1.52628844 9.6102747 -0.601195554
v 1.52628844 10.2645864 -0.601195554
v 1.52057093 10.2645864 -0.565975701
v 1.51805522 11.1819035 -0.551110179
v 1.49358429 11.1819035 -0.541733465
v 1.48192057 10.2645864 -0.551338879
v 1.47528826 10.2645864 -0.510630218
v 1.48923898 11.1819035 -0.515890326
v 1.50730631 10.2645864 -0.484329679
v 1.50959331 11.1819035 -0.499195201
v 1.53429295 11.1819035 -0.508571915
v 1.54595667 10.2645864 -0.498966501
v 1.55258898 10.2645864 -0.539675162
v 1.51805522 11.1819035 -0.551110179
v 1.52057093 10.2645864 -0.565975701
v 1.53840955 11.1819035 -0.534415054
v 1.54595667 10.2645864 -0.498966501
v 1.53429295 11.1819035 -0.508571915
v 2.82050367 4.05720171 0.521265723
v 2.87607785 5.73837792 0.315206715
v 2.87607785 5.73837792 -1.20176265
v 2.82050367 3.94811164 -1.21708557
v -1.25173461 5.73837792 1.42989218
v -0.582557415 5.73837792 1.42989218
v -1.3089097 4.28041324 1.3784346
v -0.524010127 4.28041324 1.3784346
v 0.539675162 5.73837792 1.42714778
v 1.3712296 5.73837792 1.42714778
v 0.526181842 4.25983021 1.3772911
v 1.29004098 4.27538183 1.3772911
v -3.15314926 3.21832885 0.0945108857
v -3.15314926 3.21947235 -0.0998844048
v -3.25377741 3.21947235 -0.0998844048
v -3.25377741 3.21832885 0.0945108857
v -3.15314926 3.25812271 0.13064554
v -3.25377741 3.25812271 0.13064554
v -3.15314926 3.37041458 0.145282362
v -3.25377741 3.37041458 0.145282362
v -3.15314926 3.40380483 0.118524422
v -3.25377741 3.40380483 0.118524422
v -3.15314926 3.40380483 -0.12321184
v -3.25377741 3.40380483 -0.12321184
v -3.15314926 3.37041458 -0.154086386
v -3.25377741 3.37041458 -0.154086386
v -3.15314926 3.24531549 -0.13670516
v -3.25377741 3.24531549 -0.13670516
v -3.15314926 3.21947235 -0.0998844048
v -3.25377741 3.21947235 -0.0998844048
v -3.25377741 3.37041458 -0.154086386
v -3.25377741 3.21947235 -0.0998844048
v -3.25377741 3.24531549 -0.13670516
v -3.25377741 3.40380483 -0.12321184
v -3.25377741 3.40380483 0.118524422
v -3.25377741 3.21832885 0.0945108857
v -3.25377741 3.37041458 0.145282362
v -3.25377741 3.25812271 0.13064554
v -2.63788739 0.705140798 1.1778644
v -2.85332311 6.4658737 1.34687396
v -2.73142583 6.46633111 1.41754236
v -2.53085563 0.706055599 1.24853281
v -1.29633118 3.06944493 1.3102819
v -1.12732163 0.705598199 1.23183768
v -1.39467233 4.09768167 1.34756006
v -1.39467233 5.88726184 1.40450644
v -0.427041182 4.09768167 1.34756006
v -0.427041182 5.88726184 1.40747955
v 0.10308621 3.11175449 1.31485591
v 0.401082755 5.88726184 1.40633605
v 2.75235097 6.46633111 1.41891456
v 0.401082755 4.09768167 1.34756006
v 1.44647202 5.88726184 1.41136745
v 1.44647202 4.09768167 1.34756006
v 0.33110045 3.05640901 1.31485591
v 0.33110045 2.28363056 1.29061367
v 0.087991987 0.705369498 1.23503949
v 2.53485694 0.706513 1.2435014
v 1.0993049 3.05640901 1.31554201
v 1.0993049 2.28363056 1.29152847
v 1.34149856 3.05640901 1.31714291
v 1.34149856 2.28363056 1.29061367
v 2.10810211 3.05640901 1.31920122
v 2.10810211 2.28363056 1.29473028
v 2.87058904 6.4658737 1.34778876
v 2.65149412 0.705369498 1.17123209
v 2.6432609 0.705598199 -2.168479
v 2.85938273 6.4661024 -2.34091905
v 2.76675909 6.4661024 -2.41090136
v 2.52891073 0.705598199 -2.2416631
v -2.74789225 6.4658737 -2.41524666
v -2.53177043 0.705369498 -2.24577971
v -2.85629621 6.4661024 -2.33382934
v -2.63079767 0.705369498 -2.168479
v -2.784713 3.49025356 -0.0500277303
v -2.85469531 3.49025356 0.0371070999
v -2.8510361 3.57715969 0.0419098071
v -2.77487889 3.60689073 -0.0481981276
v -2.79706282 3.49025356 -0.160489995
v -2.78654261 3.64554109 -0.164377901
v -2.88259675 3.49025356 -0.230014899
v -2.87916625 3.67024073 -0.238705512
v -2.99191551 3.49025356 -0.219494683
v -2.99877652 3.66635282 -0.227270495
v -3.06624313 3.49025356 -0.134418156
v -3.07859294 3.63616438 -0.13670516
v -3.05480811 3.49071096 -0.0225836893
v -3.06441352 3.59820012 -0.0193818845
v -2.96721588 3.49025356 0.0483134166
v -2.97018898 3.57350048 0.0533448242
v -2.85469531 3.49025356 0.0371070999
v -2.8510361 3.57715969 0.0419098071
v -2.78654261 3.64554109 -0.164377901
v -2.99877652 3.66635282 -0.227270495
v -2.87916625 3.67024073 -0.238705512
v -3.07859294 3.63616438 -0.13670516
v -3.06441352 3.59820012 -0.0193818845
v -2.77487889 3.60689073 -0.0481981276
v -2.97018898 3.57350048 0.0533448242
v -2.8510361 3.57715969 0.0419098071
v 1.52971894 10.0971777 -0.507657114
v 1.71245051 9.26928249 -0.125727543
v 1.74126676 9.2711121 -0.141279167
v 1.5009027 10.0955768 -0.492105491
v 1.72800214 9.26836769 -0.0946242969
v 1.51645432 10.1086127 -0.46511885
v 1.75636098 9.26813899 -0.112005523
v 1.54481316 10.1086127 -0.482500076
v 1.74126676 9.2711121 -0.141279167
v 1.52971894 10.0971777 -0.507657114
v -1.22886458 3.13553933 1.31920122
v 0.0191531842 3.15269185 1.31920122
v -0.0236137797 0.945047456 1.31920122
v -1.11451441 0.945047456 1.31920122
v -2.62965417 0.716804515 1.29084237
v 2.6430322 0.72000632 1.29038497
v 2.6430322 0.488790275 1.29427288
v -2.62965417 0.48558847 1.29861818
v 2.69403238 0.727324731 1.25493642
v 2.69860639 0.724122926 -2.22153747
v 2.7063822 0.48558847 -2.22153747
v 2.70180819 0.488561574 1.25493642
v 2.6430322 0.72000632 1.29038497
v -2.62965417 0.716804515 1.29084237
v -2.56173017 0.727096031 1.21125465
v 2.5748795 0.728010832 1.21331296
v 2.69860639 0.724122926 -2.22153747
v 2.69403238 0.727324731 1.25493642
v 2.60186614 0.735786644 1.17512
v 2.60483925 0.737158846 -2.15933098
v -2.74331824 4.20517083 0.240193003
v -2.74286084 4.26371811 0.150085069
v -2.74446174 4.30076757 0.163807089
v -2.80140813 5.6629068 0.289820977
v -2.80003593 5.55976295 0.210690659
v -2.80163683 5.59635501 0.199713043
v -2.80209423 5.60756132 0.162892288
v -2.80140813 5.63569146 -1.29370019
v -2.80209423 5.56502306 -1.17111681
v -2.80163683 5.55152974 -1.20748016
v -2.80140813 5.63569146 -1.29370019
v -2.80163683 5.55152974 -1.20748016
v -2.80003593 5.51425158 -1.21777167
v -2.74903575 4.20791523 -1.21251157
v -2.75017925 4.30922948 -1.15053377
v -2.74857835 4.27218003 -1.13612565
v -2.74789225 4.25960151 -1.0983901
v -2.74331824 4.20517083 0.240193003
v -2.74263214 4.2518257 0.112578213
v -2.74286084 4.26371811 0.150085069
v -2.74789225 4.25960151 -1.0983901
v -2.74857835 4.27218003 -1.13612565
v -2.57362259 4.27218003 -1.13612565
v -2.57293649 4.25960151 -1.0983901
v -2.74263214 4.2518257 0.112578213
v -2.57247909 4.2520544 0.111892112
v -2.74286084 4.26371811 0.150085069
v -2.57293649 4.26417552 0.149398968
v -2.74446174 4.30076757 0.163807089
v -2.74286084 4.26371811 0.150085069
v -2.57293649 4.26417552 0.149398968
v -2.57453739 4.30099627 0.163120988
v -2.80003593 5.55976295 0.210690659
v -2.62782457 5.55976295 0.210690659
v -2.80163683 5.59635501 0.199713043
v -2.62942547 5.59635501 0.199713043
v -2.80209423 5.60756132 0.162892288
v -2.63011157 5.60756132 0.162892288
v -2.80209423 5.56502306 -1.17111681
v -2.63468558 5.56502306 -1.17111681
v -2.80163683 5.55152974 -1.20748016
v -2.63422818 5.55152974 -1.20748016
v -2.80003593 5.51425158 -1.21777167
v -2.80163683 5.55152974 -1.20748016
v -2.63422818 5.55152974 -1.20748016
v -2.63239858 5.51425158 -1.21777167
v -2.75017925 4.30922948 -1.15053377
v -2.57545219 4.30922948 -1.15053377
v -2.74857835 4.27218003 -1.13612565
v -2.57362259 4.27218003 -1.13612565
v 0.0747273672 2.45332621 1.46717034
v 0.0946242969 2.46567603 1.55430517
v 0.101942708 2.47299444 1.46785644
v 0.0690098586 2.4501244 1.55361907
v -1.3075375 2.72822402 1.53463694
v -1.306394 2.72753792 1.45344832
v -1.32720573 2.74857835 1.45367702
v -1.32812053 2.74926445 1.53395084
v -1.27483335 3.01592905 1.53783874
v -1.28055086 3.01409945 1.45207611
v -1.25973913 3.02805017 1.45207611
v -1.25745212 3.03102327 1.53806744
v 0.167351006 2.75452456 1.54767286
v 0.17009541 2.75658286 1.46465463
v 0.184274831 2.73188323 1.46305373
v 0.182902629 2.73028232 1.54858766
v 0.101942708 2.47299444 1.46785644
v 0.0946242969 2.46567603 1.55430517
v -1.3075375 2.72822402 1.53463694
v -1.32812053 2.74926445 1.53395084
v -1.27483335 3.01592905 1.53783874
v -1.25745212 3.03102327 1.53806744
v 0.0690098586 2.4501244 1.55361907
v 0.167351006 2.75452456 1.54767286
v 0.182902629 2.73028232 1.54858766
v 0.0946242969 2.46567603 1.55430517
v 0.0747273672 2.45332621 1.46717034
v 0.101942708 2.47299444 1.46785644
v 0.184274831 2.73188323 1.46305373
v 0.17009541 2.75658286 1.46465463
v -1.306394 2.72753792 1.45344832
v -1.25973913 3.02805017 1.45207611
v -1.28055086 3.01409945 1.45207611
v -1.32720573 2.74857835 1.45367702
v 1.92102523 2.39546502 1.43606709
v 1.93108804 2.39683723 1.47380265
v 1.93520465 2.39843813 1.43629579
v 1.91828082 2.39500762 1.47334525
v 1.42108628 2.74354694 1.46534073
v 1.42154368 2.74308954 1.43012088
v 1.41696967 2.75498196 1.43034958
v 1.41674097 2.75543936 1.46488333
v 1.48397887 2.8517222 1.46671294
v 1.48123447 2.85217961 1.42943478
v 1.49198338 2.85400921 1.42966348
v 1.49335559 2.85469531 1.46671294
v 1.99398063 2.50341158 1.47082954
v 1.99535284 2.50364028 1.43492359
v 1.99672504 2.49151917 1.43423749
v 1.99581024 2.49106177 1.47128694
v 1.93520465 2.39843813 1.43629579
v 1.93108804 2.39683723 1.47380265
v 1.42108628 2.74354694 1.46534073
v 1.41674097 2.75543936 1.46488333
v 1.48397887 2.8517222 1.46671294
v 1.49335559 2.85469531 1.46671294
v 1.91828082 2.39500762 1.47334525
v 1.99398063 2.50341158 1.47082954
v 1.99581024 2.49106177 1.47128694
v 1.93108804 2.39683723 1.47380265
v 1.92102523 2.39546502 1.43606709
v 1.93520465 2.39843813 1.43629579
v 1.99672504 2.49151917 1.43423749
v 1.99535284 2.50364028 1.43492359
v 1.42154368 2.74308954 1.43012088
v 1.49198338 2.85400921 1.42966348
v 1.48123447 2.85217961 1.42943478
v 1.41696967 2.75498196 1.43034958
v 1.47917617 2.33828994 1.38689652
v 1.48603718 2.33005673 1.42440337
v 1.48992508 2.32868452 1.38689652
v 1.47711786 2.33943344 1.42417467
v 1.46865595 2.94640415 1.43195048
v 1.46865595 2.94663285 1.39695933
v 1.47551696 2.95738176 1.39718803
v 1.47574566 2.95692436 1.43195048
v 1.59329764 2.95875396 1.43378009
v 1.59192543 2.96218447 1.39673063
v 1.59970125 2.95463736 1.39650193
v 1.60107345 2.95303646 1.43355139
v 1.60930666 2.34149174 1.42165897
v 1.61045016 2.34149174 1.38575301
v 1.60130215 2.33325853 1.38483821
v 1.60038735 2.33280113 1.42188767
v 1.48992508 2.32868452 1.38689652
v 1.48603718 2.33005673 1.42440337
v 1.46865595 2.94640415 1.43195048
v 1.47574566 2.95692436 1.43195048
v 1.59329764 2.95875396 1.43378009
v 1.60107345 2.95303646 1.43355139
v 1.47711786 2.33943344 1.42417467
v 1.60930666 2.34149174 1.42165897
v 1.60038735 2.33280113 1.42188767
v 1.48603718 2.33005673 1.42440337
v 1.47917617 2.33828994 1.38689652
v 1.48992508 2.32868452 1.38689652
v 1.60130215 2.33325853 1.38483821
v 1.61045016 2.34149174 1.38575301
v 1.46865595 2.94663285 1.39695933
v 1.59970125 2.95463736 1.39650193
v 1.59192543 2.96218447 1.39673063
v 1.47551696 2.95738176 1.39718803
v 1.81536567 2.94617545 1.42806258
v 1.82359888 2.95623826 1.39993244
v 1.82337018 2.95646696 1.42783388
v 1.81582307 2.94594675 1.39924633
v 1.903644 2.34011954 1.39787413
v 1.9034153 2.34034824 1.42669038
v 1.91004761 2.33120023 1.42669038
v 1.91050501 2.33097153 1.39878893
v 1.99192233 2.33943344 1.39901763
v 1.99169363 2.33966214 1.42691908
v 1.99741114 2.34743795 1.42760518
v 1.99786854 2.34720925 1.39878893
v 1.91988172 2.96149837 1.39878893
v 1.91942432 2.96149837 1.42760518
v 1.91347811 2.96950288 1.42783388
v 1.91393551 2.96927418 1.39993244
v 1.82337018 2.95646696 1.42783388
v 1.82359888 2.95623826 1.39993244
v 1.99741114 2.34743795 1.42760518
v 1.99169363 2.33966214 1.42691908
v 1.91004761 2.33120023 1.42669038
v 1.9034153 2.34034824 1.42669038
v 1.91942432 2.96149837 1.42760518
v 1.81536567 2.94617545 1.42806258
v 1.82337018 2.95646696 1.42783388
v 1.91347811 2.96950288 1.42783388
v 1.91988172 2.96149837 1.39878893
v 1.91393551 2.96927418 1.39993244
v 1.82359888 2.95623826 1.39993244
v 1.81582307 2.94594675 1.39924633
v 1.99786854 2.34720925 1.39878893
v 1.903644 2.34011954 1.39787413
v 1.91050501 2.33097153 1.39878893
v 1.99192233 2.33943344 1.39901763
v 1.78494852 2.95372256 1.38529561
v 1.78037452 2.96012617 1.42280247
v 1.77694401 2.96264187 1.38804002
v 1.78677813 2.95143555 1.42165897
v 1.79203823 2.33485943 1.42554687
v 1.79226693 2.34309265 1.38941222
v 1.78632072 2.33440203 1.39169922
v 1.78609202 2.32639752 1.42600427
v 1.68614997 2.32525402 1.42188767
v 1.68706478 2.33234373 1.38438081
v 1.68066117 2.34583705 1.38438081
v 1.67906026 2.33966214 1.42211637
v 1.66419474 2.96195577 1.42325987
v 1.66396604 2.96470017 1.38849742
v 1.67105575 2.97247599 1.38872612
v 1.67128445 2.96950288 1.42303117
v 1.77694401 2.96264187 1.38804002
v 1.78037452 2.96012617 1.42280247
v 1.79203823 2.33485943 1.42554687
v 1.78609202 2.32639752 1.42600427
v 1.68614997 2.32525402 1.42188767
v 1.67906026 2.33966214 1.42211637
v 1.78677813 2.95143555 1.42165897
v 1.66419474 2.96195577 1.42325987
v 1.67128445 2.96950288 1.42303117
v 1.78037452 2.96012617 1.42280247
v 1.78494852 2.95372256 1.38529561
v 1.77694401 2.96264187 1.38804002
v 1.67105575 2.97247599 1.38872612
v 1.66396604 2.96470017 1.38849742
v 1.79226693 2.34309265 1.38941222
v 1.68066117 2.34583705 1.38438081
v 1.68706478 2.33234373 1.38438081
v 1.78632072 2.33440203 1.39169922
v -1.14241585 7.60846061 -3.35017366
v -1.15842488 7.09914495 -2.76172768
v -1.14241585 7.08427943 -2.7738488
v -1.15842488 7.62332613 -3.33805254
v -1.15042036 7.12453069 -2.73588454
v -1.11405701 7.65054147 -3.39659983
v -1.15042036 7.64962667 -3.31335291
v -1.12457722 7.67249671 -3.39225452
v -1.11931712 7.69536674 -3.36366698
v -1.0427025 7.67272541 -3.42107077
v -1.0431599 7.71938028 -3.39019622
v -1.0436173 7.69833985 -3.42084207
v -0.496337386 7.67272541 -3.42107077
v -0.495422585 7.69833985 -3.42084207
v -0.495879985 7.71938028 -3.39019622
v -0.424982879 7.65054147 -3.39659983
v -0.414462664 7.67249671 -3.39225452
v -0.419722772 7.69536674 -3.36366698
v -0.396624037 7.60846061 -3.35017366
v -0.388619525 7.64962667 -3.31335291
v -0.380615013 7.62332613 -3.33805254
v -0.396624037 7.08244983 -2.7717905
v -0.380615013 7.09365614 -2.75555277
v -0.388619525 7.11561138 -2.72605043
v -1.13784184 7.77198136 -2.56664629
v -0.399368441 7.04837347 -2.56664629
v -1.13784184 7.04837347 -2.56664629
v -0.399368441 7.77198136 -2.56664629
v -1.1110839 7.83395915 -2.56664629
v -0.426126381 7.83395915 -2.56664629
v -1.039272 7.8666633 -2.56664629
v -0.497938288 7.8666633 -2.56664629
v -0.399368441 7.77198136 -2.63091109
v -1.13784184 7.04837347 -2.63091109
v -0.399368441 7.04837347 -2.63091109
v -1.13784184 7.77198136 -2.63091109
v -0.426126381 7.83395915 -2.63091109
v -1.1110839 7.83395915 -2.63091109
v -0.497938288 7.8666633 -2.63091109
v -1.039272 7.8666633 -2.63091109
v -0.396624037 7.08244983 -2.7717905
v -1.14241585 7.60846061 -3.35017366
v -1.14241585 7.08427943 -2.7738488
v -0.396624037 7.60846061 -3.35017366
v -0.424982879 7.65054147 -3.39659983
v -1.11405701 7.65054147 -3.39659983
v -0.496337386 7.67272541 -3.42107077
v -1.0427025 7.67272541 -3.42107077
v -1.15042036 7.12453069 -2.73588454
v -0.388619525 7.64962667 -3.31335291
v -0.388619525 7.11561138 -2.72605043
v -1.15042036 7.64962667 -3.31335291
v -1.11931712 7.69536674 -3.36366698
v -0.419722772 7.69536674 -3.36366698
v -1.0431599 7.71938028 -3.39019622
v -0.495879985 7.71938028 -3.39019622
v -1.13075213 7.68095862 -1.93246024
v -1.14881946 7.01612673 -2.40769955
v -1.13075213 7.03991156 -2.42965479
v -1.14881946 7.66220519 -1.9066171
v -1.13075213 6.99279929 -2.38551562
v -1.11245611 7.72944309 -1.89472469
v -1.13075213 7.64185086 -1.88214617
v -1.12457722 7.72029508 -1.86156314
v -1.03309709 7.75505753 -1.87505646
v -1.11245611 7.69033533 -1.84441061
v -1.03401189 7.75071222 -1.838007
v -0.498395689 7.75505753 -1.87505646
v -1.03309709 7.71594977 -1.82474238
v -0.497480888 7.75071222 -1.838007
v -0.419265371 7.72944309 -1.89472469
v -0.498395689 7.71594977 -1.82474238
v -0.407144253 7.72029508 -1.86156314
v -0.400740643 7.68095862 -1.93246024
v -0.419265371 7.69033533 -1.84441061
v -0.382673316 7.66220519 -1.9066171
v -0.400740643 7.03076355 -2.4365158
v -0.400740643 7.64185086 -1.88214617
v -0.382673316 7.01155272 -2.41113006
v -0.400740643 6.99348539 -2.38505822
v -0.400740643 7.03076355 -2.4365158
v -1.13075213 7.68095862 -1.93246024
v -1.13075213 7.03991156 -2.42965479
v -0.400740643 7.68095862 -1.93246024
v -0.419265371 7.72944309 -1.89472469
v -1.11245611 7.72944309 -1.89472469
v -0.498395689 7.75505753 -1.87505646
v -1.03309709 7.75505753 -1.87505646
v -0.400740643 7.64185086 -1.88214617
v -0.400740643 6.99348539 -2.38505822
v -1.13075213 6.99279929 -2.38551562
v -1.13075213 7.64185086 -1.88214617
v -1.11245611 7.69033533 -1.84441061
v -0.419265371 7.69033533 -1.84441061
v -1.03309709 7.71594977 -1.82474238
v -0.498395689 7.71594977 -1.82474238
v -1.12503463 5.99841021 -3.31632601
v -1.12503463 5.8618761 -2.35166797
v -1.12503463 5.8630196 -3.08442386
v -1.12503463 6.24609268 -3.42312907
v -1.12503463 7.32601569 -3.41718286
v -1.12503463 7.32075558 -1.78106062
v -1.11703011 6.97496067 -1.76002019
v -1.12503463 7.50920466 -3.35040236
v -1.12503463 7.50691766 -1.84646891
v -1.12503463 7.67501241 -2.05138442
v -1.12503463 7.67501241 -3.12010112
v -0.418121869 5.8630196 -3.08442386
v -0.418121869 5.8618761 -2.35166797
v -0.418121869 5.99841021 -3.31632601
v -0.418121869 6.24609268 -3.42312907
v -0.418121869 7.32601569 -3.41718286
v -0.418121869 7.32075558 -1.78106062
v -0.42544028 6.97496067 -1.76002019
v -0.418121869 7.50691766 -1.84646891
v -0.418121869 7.50920466 -3.35040236
v -0.418121869 7.67501241 -3.12010112
v -0.418121869 7.67501241 -2.05138442
v -1.12503463 7.32075558 -1.78106062
v -1.09804798 6.98639568 -1.70719041
v -1.11703011 6.97496067 -1.76002019
v -1.09804798 7.3337915 -1.7062756
v -1.03103878 6.99257059 -1.67860286
v -1.09804798 7.55563083 -1.78723553
v -1.12503463 7.50691766 -1.84646891
v -1.02189077 7.34065251 -1.67265665
v -0.518063918 6.99257059 -1.67928896
v -1.01571586 7.58101657 -1.75613228
v -1.09804798 7.71846548 -1.93451855
v -1.12503463 7.67501241 -2.05138442
v -0.527440632 7.34065251 -1.67723066
v -1.01571586 7.75391403 -1.91576512
v -1.01571586 7.81520572 -2.11770752
v -1.09804798 7.77518316 -2.12251023
v -1.09804798 7.77518316 -3.04897531
v -1.12503463 7.67501241 -3.12010112
v -0.527440632 7.58101657 -1.75613228
v -0.443050206 7.3337915 -1.7062756
v -0.443050206 6.98639568 -1.70719041
v -0.418121869 7.32075558 -1.78106062
v -0.42544028 6.97496067 -1.76002019
v -0.418121869 7.50691766 -1.84646891
v -0.443050206 7.55563083 -1.78723553
v -0.418121869 7.67501241 -2.05138442
v -0.527440632 7.75391403 -1.91576512
v -0.443050206 7.71846548 -1.93451855
v -0.443050206 7.77518316 -2.12251023
v -0.527440632 7.81520572 -2.11770752
v -0.527440632 7.81520572 -3.05377802
v -0.443050206 7.77518316 -3.04897531
v -0.418121869 7.67501241 -3.12010112
v -0.443050206 7.71846548 -3.23696699
v -0.418121869 7.50920466 -3.35040236
v -0.443050206 7.55791784 -3.40986445
v -0.418121869 7.32601569 -3.41718286
v -1.01571586 7.81520572 -3.05377802
v -0.527440632 7.75391403 -3.25572042
v -1.01571586 7.75391403 -3.25572042
v -0.443050206 7.33905161 -3.49219657
v -0.418121869 6.24609268 -3.42312907
v -1.09804798 7.71846548 -3.23696699
v -1.01571586 7.58330357 -3.4409677
v -0.527440632 7.58330357 -3.4409677
v -1.09804798 7.55791784 -3.40986445
v -1.12503463 7.50920466 -3.35040236
v -0.527440632 6.23168455 -3.53908014
v -0.418121869 5.99841021 -3.31632601
v -1.01571586 7.34591262 -3.53130433
v -1.09804798 7.33905161 -3.49219657
v -1.12503463 7.32601569 -3.41718286
v -1.12503463 6.24609268 -3.42312907
v -0.527440632 7.34591262 -3.53130433
v -1.01571586 6.23168455 -3.53908014
v -1.01571586 5.9259122 -3.40506174
v -1.12503463 5.99841021 -3.31632601
v -0.527440632 5.9259122 -3.40506174
v -0.418121869 5.8630196 -3.08442386
v -1.01571586 5.74889813 -3.10432079
v -1.12503463 5.8630196 -3.08442386
v -0.527440632 5.74889813 -3.10432079
v -1.01571586 5.74706853 -2.35166797
v -1.12503463 5.8618761 -2.35166797
v -0.527440632 5.74706853 -2.35166797
v -0.418121869 5.8618761 -2.35166797
v -1.28466746 7.60846061 -3.35017366
v -1.28466746 7.08427943 -2.7738488
v -1.26842974 7.09914495 -2.76172768
v -1.26842974 7.62332613 -3.33805254
v -1.27666295 7.12453069 -2.73588454
v -1.31279761 7.65054147 -3.39659983
v -1.27666295 7.64962667 -3.31335291
v -1.30250609 7.67249671 -3.39225452
v -1.3077662 7.69536674 -3.36366698
v -1.38415211 7.67272541 -3.42107077
v -1.38392341 7.71938028 -3.39019622
v -1.38346601 7.69833985 -3.42084207
v -1.93074593 7.67272541 -3.42107077
v -1.93143203 7.69833985 -3.42084207
v -1.93097463 7.71938028 -3.39019622
v -2.00187174 7.65054147 -3.39659983
v -2.01239195 7.67249671 -3.39225452
v -2.00713184 7.69536674 -3.36366698
v -2.03023058 7.60846061 -3.35017366
v -2.03823509 7.64962667 -3.31335291
v -2.0462396 7.62332613 -3.33805254
v -2.03023058 7.08244983 -2.7717905
v -2.0462396 7.09365614 -2.75555277
v -2.03823509 7.11561138 -2.72605043
v -1.28901277 7.77198136 -2.56664629
v -1.28901277 7.04837347 -2.56664629
v -2.02771487 7.04837347 -2.56664629
v -2.02771487 7.77198136 -2.56664629
v -1.31577071 7.83395915 -2.56664629
v -2.00095693 7.83395915 -2.56664629
v -1.38781132 7.8666633 -2.56664629
v -1.92891633 7.8666633 -2.56664629
v -2.02771487 7.77198136 -2.63091109
v -2.02771487 7.04837347 -2.63091109
v -1.28901277 7.04837347 -2.63091109
v -1.28901277 7.77198136 -2.63091109
v -2.00095693 7.83395915 -2.63091109
v -1.31577071 7.83395915 -2.63091109
v -1.92891633 7.8666633 -2.63091109
v -1.38781132 7.8666633 -2.63091109
v -2.03023058 7.08244983 -2.7717905
v -1.28466746 7.08427943 -2.7738488
v -1.28466746 7.60846061 -3.35017366
v -2.03023058 7.60846061 -3.35017366
v -2.00187174 7.65054147 -3.39659983
v -1.31279761 7.65054147 -3.39659983
v -1.93074593 7.67272541 -3.42107077
v -1.38415211 7.67272541 -3.42107077
v -1.27666295 7.12453069 -2.73588454
v -2.03823509 7.11561138 -2.72605043
v -2.03823509 7.64962667 -3.31335291
v -1.27666295 7.64962667 -3.31335291
v -1.3077662 7.69536674 -3.36366698
v -2.00713184 7.69536674 -3.36366698
v -1.38392341 7.71938028 -3.39019622
v -1.93097463 7.71938028 -3.39019622
v -1.29633118 7.68095862 -1.93246024
v -1.29633118 7.03991156 -2.42965479
v -1.27803515 7.01612673 -2.40769955
v -1.27803515 7.66220519 -1.9066171
v -1.29633118 6.99279929 -2.38551562
v -1.31462721 7.72944309 -1.89472469
v -1.29633118 7.64185086 -1.88214617
v -1.30250609 7.72029508 -1.86156314
v -1.39375753 7.75505753 -1.87505646
v -1.31462721 7.69033533 -1.84441061
v -1.39284273 7.75071222 -1.838007
v -1.92868763 7.75505753 -1.87505646
v -1.39375753 7.71594977 -1.82474238
v -1.92960243 7.75071222 -1.838007
v -2.00781794 7.72944309 -1.89472469
v -1.92868763 7.71594977 -1.82474238
v -2.01993906 7.72029508 -1.86156314
v -2.02611397 7.68095862 -1.93246024
v -2.00781794 7.69033533 -1.84441061
v -2.0441813 7.66220519 -1.9066171
v -2.02611397 7.03076355 -2.4365158
v -2.02611397 7.64185086 -1.88214617
v -2.0441813 7.01155272 -2.41113006
v -2.02611397 6.99348539 -2.38505822
v -2.02611397 7.03076355 -2.4365158
v -1.29633118 7.03991156 -2.42965479
v -1.29633118 7.68095862 -1.93246024
v -2.02611397 7.68095862 -1.93246024
v -2.00781794 7.72944309 -1.89472469
v -1.31462721 7.72944309 -1.89472469
v -1.92868763 7.75505753 -1.87505646
v -1.39375753 7.75505753 -1.87505646
v -2.02611397 7.64185086 -1.88214617
v -1.29633118 6.99279929 -2.38551562
v -2.02611397 6.99348539 -2.38505822
v -1.29633118 7.64185086 -1.88214617
v -1.31462721 7.69033533 -1.84441061
v -2.00781794 7.69033533 -1.84441061
v -1.39375753 7.71594977 -1.82474238
v -1.92868763 7.71594977 -1.82474238
v -1.30181999 5.99841021 -3.31632601
v -1.30181999 5.8630196 -3.08442386
v -1.30181999 5.8618761 -2.35166797
v -1.30181999 6.24609268 -3.42312907
v -1.30181999 7.32601569 -3.41718286
v -1.30181999 7.32075558 -1.78106062
v -1.3098245 6.97496067 -1.76002019
v -1.30181999 7.50920466 -3.35040236
v -1.30181999 7.50691766 -1.84646891
v -1.30181999 7.67501241 -2.05138442
v -1.30181999 7.67501241 -3.12010112
v -2.00896145 5.8630196 -3.08442386
v -2.00896145 5.99841021 -3.31632601
v -2.00896145 5.8618761 -2.35166797
v -2.00896145 6.24609268 -3.42312907
v -2.00896145 7.32601569 -3.41718286
v -2.00896145 7.32075558 -1.78106062
v -2.00164303 6.97496067 -1.76002019
v -2.00896145 7.50691766 -1.84646891
v -2.00896145 7.50920466 -3.35040236
v -2.00896145 7.67501241 -3.12010112
v -2.00896145 7.67501241 -2.05138442
v -1.30181999 7.32075558 -1.78106062
v -1.3098245 6.97496067 -1.76002019
v -1.32880663 6.98639568 -1.70719041
v -1.32880663 7.3337915 -1.7062756
v -1.39604453 6.99257059 -1.67860286
v -1.32880663 7.55563083 -1.78723553
v -1.30181999 7.50691766 -1.84646891
v -1.40496384 7.34065251 -1.67265665
v -1.9087907 6.99257059 -1.67928896
v -1.41136745 7.58101657 -1.75613228
v -1.32880663 7.71846548 -1.93451855
v -1.30181999 7.67501241 -2.05138442
v -1.89964268 7.34065251 -1.67723066
v -1.41136745 7.75391403 -1.91576512
v -1.41136745 7.81520572 -2.11770752
v -1.32880663 7.77518316 -2.12251023
v -1.32880663 7.77518316 -3.04897531
v -1.30181999 7.67501241 -3.12010112
v -1.89964268 7.58101657 -1.75613228
v -1.98380441 7.3337915 -1.7062756
v -1.98380441 6.98639568 -1.70719041
v -2.00896145 7.32075558 -1.78106062
v -2.00164303 6.97496067 -1.76002019
v -2.00896145 7.50691766 -1.84646891
v -1.98380441 7.55563083 -1.78723553
v -2.00896145 7.67501241 -2.05138442
v -1.89964268 7.75391403 -1.91576512
v -1.98380441 7.71846548 -1.93451855
v -1.98380441 7.77518316 -2.12251023
v -1.89964268 7.81520572 -2.11770752
v -1.89964268 7.81520572 -3.05377802
v -1.98380441 7.77518316 -3.04897531
v -2.00896145 7.67501241 -3.12010112
v -1.98380441 7.71846548 -3.23696699
v -2.00896145 7.50920466 -3.35040236
v -1.98380441 7.55791784 -3.40986445
v -2.00896145 7.32601569 -3.41718286
v -1.41136745 7.81520572 -3.05377802
v -1.89964268 7.75391403 -3.25572042
v -1.41136745 7.75391403 -3.25572042
v -1.98380441 7.33905161 -3.49219657
v -2.00896145 6.24609268 -3.42312907
v -1.32880663 7.71846548 -3.23696699
v -1.41136745 7.58330357 -3.4409677
v -1.89964268 7.58330357 -3.4409677
v -1.32880663 7.55791784 -3.40986445
v -1.30181999 7.50920466 -3.35040236
v -1.89964268 6.23168455 -3.53908014
v -2.00896145 5.99841021 -3.31632601
v -1.41136745 7.34591262 -3.53130433
v -1.32880663 7.33905161 -3.49219657
v -1.30181999 7.32601569 -3.41718286
v -1.30181999 6.24609268 -3.42312907
v -1.89964268 7.34591262 -3.53130433
v -1.41136745 6.23168455 -3.53908014
v -1.41136745 5.9259122 -3.40506174
v -1.30181999 5.99841021 -3.31632601
v -1.89964268 5.9259122 -3.40506174
v -2.00896145 5.8630196 -3.08442386
v -1.41136745 5.74889813 -3.10432079
v -1.30181999 5.8630196 -3.08442386
v -1.89964268 5.74889813 -3.10432079
v -1.41136745 5.74706853 -2.35166797
v -1.30181999 5.8618761 -2.35166797
v -1.89964268 5.74706853 -2.35166797
v -2.00896145 5.8618761 -2.35166797
v -2.8466908 4.22369555 -1.21113936
v -2.8485204 4.22369555 -1.40622076
v -2.87344874 4.24908129 -1.40644946
v -2.84440379 4.2522831 -1.4348083
v -2.87504964 4.24908129 -1.21159677
v -2.8492065 4.2522831 -1.18049352
v -2.88030975 5.57348497 -1.25436373
v -2.9169018 5.57417107 -1.28020687
v -2.89265957 5.60161511 -1.27769116
v -2.89974928 5.60161511 -1.48466497
v -2.91987491 5.57417107 -1.48946768
v -2.89654747 5.57348497 -1.51188031
v -2.94160144 6.36410205 -2.39100443
v -2.88831426 6.35746974 -2.47470875
v -2.91964621 6.38811559 -2.3724797
v -2.95326516 6.36044285 -2.04909742
v -2.7783094 6.39085999 -2.50146669
v -2.7803677 6.35746974 -2.53965965
v -2.39157712 6.40915602 -2.51267301
v -2.36916448 6.37782407 -2.54057445
v -2.33508813 6.37530837 -2.49666399
v -2.35772947 6.41258652 -2.44680731
v -2.33943344 6.38216938 -2.39534973
v -2.36093127 6.41395873 -2.40632735
v -2.67768124 6.41167172 -2.00816006
v -2.93634133 6.3947479 -2.04886872
v -2.87962365 6.3940618 -1.99352323
v -2.88900036 6.34626343 -1.98757703
v -2.67242114 6.37485097 -1.99352323
v 3.06406953 6.36410205 -2.39100443
v 3.0421143 6.38811559 -2.3724797
v 3.01078235 6.35746974 -2.47470875
v 3.07573325 6.36044285 -2.04909742
v 2.90077749 6.39085999 -2.50146669
v 2.90283579 6.35746974 -2.53965965
v 2.51404521 6.40915602 -2.51267301
v 2.49163258 6.37782407 -2.54057445
v 2.45755623 6.37530837 -2.49666399
v 2.48019756 6.41258652 -2.44680731
v 2.46190153 6.38216938 -2.39534973
v 2.48339937 6.41395873 -2.40632735
v 2.80037804 6.41167172 -2.00816006
v 3.05880943 6.3947479 -2.04886872
v 3.00209174 6.3940618 -1.99352323
v 3.01146845 6.34626343 -1.98757703
v 2.79488923 6.37485097 -1.99352323
v -2.94160144 6.36410205 1.34229995
v -2.91964621 6.38811559 1.32377522
v -2.88831426 6.35746974 1.42623298
v -2.95326516 6.36044285 1.00062164
v -2.7783094 6.39085999 1.45276221
v -2.7803677 6.35746974 1.49095517
v -2.39157712 6.40915602 1.46396853
v -2.36916448 6.37782407 1.49186997
v -2.33508813 6.37530837 1.44795951
v -2.35772947 6.41258652 1.39810283
v -2.33943344 6.38216938 1.34664526
v -2.36093127 6.41395873 1.35762287
v -2.67768124 6.41167172 0.959455578
v -2.93634133 6.3947479 1.00016424
v -2.87962365 6.3940618 0.944818756
v -2.88900036 6.34626343 0.938872547
v -2.67242114 6.37485097 0.944818756
v 3.05354932 7.29605594 -2.59271813
v 3.18802512 7.29605594 -2.85572352
v 3.34720056 7.30268825 -2.81272786
v 3.38447871 7.25717689 -2.8401719
v 3.20403414 7.25054458 -2.89437388
v 3.36252348 6.90474966 -2.81547226
v 3.1779623 6.90566446 -2.87813616
v 3.36000778 6.8665567 -2.81272786
v 3.1752179 6.86792891 -2.87653525
v 3.21867096 6.82287494 -2.68991577
v 3.06201123 6.82287494 -2.76447209
v -3.06715793 6.93859731 -2.76309988
v -3.19843192 6.98273648 -2.85938273
v -3.17807759 6.93859731 -2.71644501
v -3.30866549 6.98273648 -2.81341396
v -3.20460683 7.01772763 -2.86212713
v -3.31346819 7.01772763 -2.81661576
v -3.26109582 7.33996641 -2.88568327
v -3.35577776 7.33996641 -2.84543201
v -3.3194144 7.38547778 -2.81592966
v -3.23753968 7.38547778 -2.84886251
v -3.04200089 7.38524908 -2.59271813
v -2.93451173 7.38364818 -2.66567354
v -2.94388844 7.31137887 -2.505812
v 2.94628886 7.29811425 -2.66498744
v 2.87401955 7.22538754 -2.55475387
v 2.95200637 7.22424404 -2.5042111
v 2.82576378 7.05409098 -2.46441724
v -2.81467275 7.13848141 -2.46899124
v -2.86247112 7.30977797 -2.55978528
v -3.25400611 6.84871808 -2.58471362
v -3.0463462 6.80800942 -2.61421596
v -3.16595647 6.84871808 -2.707297
v -3.0502341 6.84871808 -2.75601017
v -3.13439583 6.80800942 -2.49186128
v -2.93085252 6.80800942 -2.66270043
v -3.13576803 6.80800942 1.40061854
v -3.26292542 6.85077638 1.79146742
v 2.98768362 6.69205834 -2.64669141
v 3.04897531 6.7323096 -2.75349447
v 3.20883685 6.7329957 -2.67962426
v 3.10066159 6.69205834 -2.57945351
v 3.26532583 6.7329957 -2.58471362
v 3.14571556 6.69205834 -2.49186128
v -3.17716279 6.85100508 1.92091181
v -3.051835 6.80800942 1.52274452
v 3.27287295 6.73505401 1.80884865
v 3.14594426 6.69205834 1.40061854
v 3.08099336 6.69205834 1.5074216
v 3.20883685 6.73505401 1.90536019
v 2.95063416 6.69205834 1.56917069
v 3.07733415 6.73505401 1.97008239
v -2.93931444 6.80800942 1.57168639
v -3.06601443 6.85100508 1.97008239
v 1.91141981 5.10533537 3.31049509
v 1.88717758 5.83123026 3.34571494
v 1.8382357 5.8573021 3.3841366
v 1.88489057 5.88794794 3.3159839
v 1.86956765 5.07285992 3.34159834
v 1.91896692 5.0584518 3.27641874
v 1.87093985 5.02689115 3.31026639
v 1.87802956 5.01728574 3.43170627
v 1.87116855 4.99716011 3.25377741
v 1.92011042 5.02872076 3.21261134
v 1.91690862 5.03375216 2.38540221
v 1.87048245 4.99441571 2.36596268
v 1.91896692 5.0579944 2.33508813
v 1.8377783 5.91241888 3.35371945
v 1.83343299 5.95015443 3.29723047
v 1.88031656 5.91287628 3.27161603
v 1.87940176 5.91470588 2.27699825
v 1.85058552 5.90647267 3.48750915
v 1.8348052 5.94558043 2.248182
v 1.88489057 5.88817664 2.23171558
v 1.84761242 5.99772411 3.4522893
v 1.87642866 4.9203168 2.31839301
v 1.87002505 5.02460415 2.30169788
v 1.88031656 4.91665759 3.30020358
v 1.87985916 4.94730344 3.39397072
v 1.86819545 5.08292274 2.26350493
v 1.91667992 5.11448339 2.29575167
v 1.88717758 5.83168766 2.20632984
v 1.8386931 5.84952628 2.16584988
v 1.8368635 5.91447718 2.19100692
v 1.84532541 5.89343675 2.06133382
v 1.87299815 5.02208845 2.18528941
v 1.84189491 6.02722645 2.19260782
v 1.87528516 4.94730344 2.23125818
v 1.84258101 5.98606039 2.07780025
v 1.84646891 6.02516815 3.34548624
v 1.89495339 5.00539332 2.16562118
v 1.89724039 4.92923611 2.21250475
v 1.86682324 5.90372826 2.03777769
v 1.89861259 4.90019117 2.30169788
v 1.86407884 5.99818151 2.05630242
v 1.86316404 6.04666598 2.1784284
v 1.9025005 4.89676066 3.3178135
v 1.86773805 6.04689468 3.35714996
v 1.9022718 4.92992221 3.41249544
v 1.86911025 6.01373313 3.47172883
v 1.90044219 5.00585072 3.4532041
v 1.87208335 5.91699288 3.51037919
v -3.05503681 3.36904238 0.334874945
v -3.14560214 3.43879598 0.287762674
v -3.05389331 3.44542829 0.309260506
v -3.05412201 3.49162576 0.237906
v -3.14949005 3.36835628 0.303771698
v -3.06006822 3.00861064 0.311090109
v -3.15955286 3.4509171 0.229444087
v -3.05709511 3.52821782 -0.435616506
v -3.15520756 3.00906804 0.276785058
v -3.1849386 3.01044024 0.200399144
v -3.06372742 2.61387385 0.257116829
v -3.18699691 3.37224418 0.227157084
v -3.1860821 3.3861949 -0.146310574
v -3.15680846 2.61730435 0.23127369
v -3.06395612 2.53268523 0.164721891
v -3.1826516 2.61524605 0.167008894
v -3.05640901 2.515304 -1.01903108
v -3.16504167 3.48041944 -0.436988708
v -3.16435557 3.49848677 -1.06865905
v -3.05892471 3.54262594 -1.07254696
v -3.14308644 3.50969309 -1.13109425
v -3.05892471 3.518155 -1.14664587
v -3.05915341 3.42164346 -1.18849803
v -3.1833377 3.41455375 -1.06751555
v -3.14605954 3.41867035 -1.16334099
v -3.1812794 3.02576316 -1.04830472
v -3.1842525 3.40769274 -0.744361968
v -3.05778121 3.02782147 -1.17111681
v -3.14583084 3.02759277 -1.14252926
v -3.14148554 2.60449714 -1.1031928
v -3.05549421 2.60060923 -1.12331843
v -3.17899239 2.60403973 -1.02337638
v -3.1812794 2.74949315 -0.546993573
v -3.1821942 2.81101354 -0.309602618
v -3.1812794 2.87733664 -0.756711786
v -3.1826516 3.10603698 -0.802451854
v -3.1840238 3.05457941 -0.196167249
v -3.183109 3.20231983 -0.759913591
v -3.1849386 3.29608697 -0.2974815
v -3.1847099 3.36629797 -0.505598811
v -3.1840238 3.3146117 -0.651738329
v -0.476897857 4.22758346 1.51839921
v -0.40508595 5.78983549 1.54950246
v -0.322296426 4.15577155 1.52411672
v -0.354085773 4.09470856 1.52274452
v -0.424296778 4.05880261 1.52228712
v -0.542992256 5.78160228 1.54881636
v -1.35762287 4.22758346 1.51839921
v -0.439848402 5.87422592 1.55087466
v -0.519664821 5.91287628 1.55133206
v -1.31828641 5.91264758 1.55133206
v -1.40496384 4.05857391 1.52228712
v -1.48272196 4.09150676 1.52297322
v -1.512453 4.17452498 1.52411672
v -1.29152847 5.78160228 1.54881636
v -1.38483821 5.88794794 1.55087466
v 1.08398198 2.96241317 1.43675319
v 1.15853829 3.04108609 1.4397263
v 1.17660561 2.98619801 1.4397263
v 1.1015919 3.06121172 1.4397263
v 0.341849366 3.10420738 1.43881149
v 1.05265003 2.3145051 1.43629579
v 0.376611818 3.00769584 1.43721059
v 1.14801807 2.29323597 1.4397263
v 1.12812114 2.23606089 1.4397263
v 1.07300436 2.21822226 1.4397263
v 0.298853702 3.08385305 1.43835409
v 0.27712717 3.02965107 1.43835409
v 0.282158577 2.29529427 1.4397263
v 0.378441421 2.3117607 1.43698189
v 0.357172289 2.22050926 1.4397263
v 0.300912005 2.2442941 1.4397263
v 2.09460878 2.96172707 1.43766799
v 2.1712234 3.03811298 1.43926889
v 2.19432213 2.98825631 1.43926889
v 2.11953712 3.06304132 1.43904019
v 2.01890897 2.33874734 1.43606709
v 1.41170956 2.97018898 1.43789669
v 2.12113802 2.3103885 1.43812539
v 1.38449422 3.07287544 1.43812539
v 2.09598099 2.26121792 1.43812539
v 2.04566691 2.23880529 1.43904019
v 1.38838213 2.25115511 1.43904019
v 1.33669585 3.0484045 1.43812539
v 1.31496932 2.99648952 1.43881149
v 1.31679892 2.32273831 1.43858279
v 1.41559747 2.34675185 1.43698189
v 1.33852546 2.27333904 1.43858279
v 1.41102346 5.78000138 1.54950246
v 0.457114338 5.89160715 1.54401365
v 1.42177238 5.97142357 1.56482538
v 1.51096551 5.78183098 1.54126925
v 0.499881302 5.78160228 1.54881636
v 1.33189315 4.23215747 1.49369958
v 0.39101994 5.81339163 1.54218405
v 1.4348083 4.11163239 1.48798207
v 0.486387982 4.21683454 1.49415698
v 0.381643226 4.10682968 1.48866817
v 3.01032495 3.81409324 1.3736319
v 2.97098849 3.15932416 1.34275735
v 2.94468795 3.79648332 1.46534073
v 3.02221737 3.81958205 0.999020737
v 2.99317243 3.16664258 0.981410811
v 3.00300654 3.1170146 1.30273479
v 3.00735185 3.12250341 0.896105583
v 2.96984499 2.37122279 0.857912626
v 2.95520817 2.37053669 1.28901277
v 2.87745005 2.37305239 1.42303117
v 2.90237839 3.15955286 1.4397263
v 2.8404006 3.81203494 1.50467719
v 2.92296142 3.1142702 1.4443003
v 2.79260223 3.12433301 1.5110808
v 2.7749923 2.37350979 1.48112106
v 2.33108494 2.37373849 1.48935427
v 2.36058728 3.12959312 1.51451131
v 2.43056959 3.17922109 1.49392828
v 2.47630966 3.17876369 1.49232737
v 2.78619862 3.16527037 1.48729597
v 2.51152951 3.81775245 1.51313911
v 3.06406953 6.36410205 1.34229995
v 3.01078235 6.35746974 1.42623298
v 3.0421143 6.38811559 1.32377522
v 3.07573325 6.36044285 1.00062164
v 2.90077749 6.39085999 1.45276221
v 2.90283579 6.35746974 1.49095517
v 2.51404521 6.40915602 1.46396853
v 2.49163258 6.37782407 1.49186997
v 2.45755623 6.37530837 1.44795951
v 2.48019756 6.41258652 1.39810283
v 2.46190153 6.38216938 1.34664526
v 2.48339937 6.41395873 1.35762287
v 2.80037804 6.41167172 0.959455578
v 3.05880943 6.3947479 1.00016424
v 3.00209174 6.3940618 0.944818756
v 3.01146845 6.34626343 0.938872547
v 2.79488923 6.37485097 0.944818756
v -2.8482917 4.22849826 0.213206363
v -2.87848014 4.253884 0.429328186
v -2.8501213 4.22849826 0.428870785
v -2.85035 4.2570858 0.459974032
v -2.87665054 4.253884 0.213663764
v -2.848063 4.2570858 0.186905824
v -2.90226498 5.62768695 0.234246794
v -2.93062382 5.62837305 0.263977839
v -2.90592419 5.65581709 0.26443524
v -2.90775379 5.65581709 0.475754355
v -2.93245343 5.62837305 0.475525655
v -2.90455198 5.62768695 0.503884497
v 2.93553994 3.916551 -1.25390633
v 2.98150871 5.80332881 -1.37420271
v 2.93714084 3.89802627 -1.39409964
v 2.93142334 3.74891365 -1.07346176
v 2.99225763 5.78160228 -1.23835471
v 2.93645474 4.02678456 0.54596536
v 2.98768362 6.02425334 -1.14595977
v 2.93439644 3.86783782 0.751566967
v 2.99019932 5.78160228 0.341735955
v 2.98562532 5.94695263 0.424296778
v 2.98265221 5.84014957 0.507772403
v -3.12844962 3.03582598 -0.759684891
v -3.13439583 3.05892471 -0.508343215
v -3.12844962 2.94137274 -0.731097348
v -3.12844962 3.13416713 -0.750079476
v -3.12844962 2.86521553 -0.668433454
v -3.12844962 3.22107326 -0.703424606
v -3.12844962 2.81856066 -0.581527324
v -3.12844962 3.28373715 -0.627267393
v -3.12844962 2.80895524 -0.483186177
v -3.12844962 3.31232469 -0.532814152
v -3.12844962 2.83754278 -0.388732936
v -3.12844962 3.30271928 -0.434701705
v -3.12844962 2.90020668 -0.312575723
v -3.12844962 3.25606441 -0.347566875
v -3.12844962 2.98711281 -0.265920853
v -3.12844962 3.1799072 -0.284902981
v -3.12844962 3.08545395 -0.256315438
v -2.90112148 0.536588646 -2.5721351
v -2.53725924 0.536588646 -2.00107035
v -2.53725924 0.536588646 1.13875665
v 2.55498257 0.536588646 -1.99878334
v -2.89974928 0.536588646 1.99455332
v 2.92113182 0.536588646 -2.5703055
v 2.90306449 0.536588646 2.00278654
v 2.54354756 0.536588646 1.14493156
v 2.76470079 3.87103963 0.509830706
v 2.87058904 6.4658737 1.34778876
v 2.83742749 5.80790282 0.500682692
v 2.83742749 5.88657574 -1.2340094
v 2.65149412 0.705369498 1.17123209
v 2.85938273 6.4661024 -2.34091905
v 2.76492949 3.96480677 -1.3661982
v 2.6432609 0.705598199 -2.168479
v -1.15751007 7.77312486 -2.59889304
v -1.13784184 7.77198136 -2.63091109
v -1.1110839 7.83395915 -2.63091109
v -1.13784184 7.04837347 -2.63091109
v -1.15751007 7.04745867 -2.59889304
v -1.13784184 7.04837347 -2.56664629
v -1.13784184 7.77198136 -2.56664629
v -1.12389112 7.84813857 -2.59889304
v -1.039272 7.8666633 -2.63091109
v -1.1110839 7.83395915 -2.56664629
v -1.0401868 7.88747503 -2.59889304
v -0.497938288 7.8666633 -2.63091109
v -1.039272 7.8666633 -2.56664629
v -0.497023487 7.88747503 -2.59889304
v -0.426126381 7.83395915 -2.63091109
v -0.497938288 7.8666633 -2.56664629
v -0.413319162 7.84813857 -2.59889304
v -0.399368441 7.77198136 -2.63091109
v -0.426126381 7.83395915 -2.56664629
v -0.379700212 7.77312486 -2.59889304
v -0.399368441 7.04837347 -2.63091109
v -0.399368441 7.77198136 -2.56664629
v -0.379700212 7.04745867 -2.59889304
v -0.399368441 7.04837347 -2.56664629
v -1.26957324 7.77312486 -2.59889304
v -1.31577071 7.83395915 -2.63091109
v -1.28901277 7.77198136 -2.63091109
v -1.28901277 7.04837347 -2.63091109
v -1.26957324 7.04745867 -2.59889304
v -1.28901277 7.04837347 -2.56664629
v -1.28901277 7.77198136 -2.56664629
v -1.30319219 7.84813857 -2.59889304
v -1.38781132 7.8666633 -2.63091109
v -1.31577071 7.83395915 -2.56664629
v -1.38666782 7.88747503 -2.59889304
v -1.92891633 7.8666633 -2.63091109
v -1.38781132 7.8666633 -2.56664629
v -1.93005983 7.88747503 -2.59889304
v -2.00095693 7.83395915 -2.63091109
v -1.92891633 7.8666633 -2.56664629
v -2.01353545 7.84813857 -2.59889304
v -2.02771487 7.77198136 -2.63091109
v -2.00095693 7.83395915 -2.56664629
v -2.0471544 7.77312486 -2.59889304
v -2.02771487 7.04837347 -2.63091109
v -2.02771487 7.77198136 -2.56664629
v -2.0471544 7.04745867 -2.59889304
v -2.02771487 7.04837347 -2.56664629
v -2.97178988 4.21866415 -1.45447653
v -3.00700974 3.95222825 -1.40484855
v -2.96195577 3.96938077 -1.45607743
v -2.96218447 3.92409811 -1.4322926
v -2.96241317 3.90854648 -1.38998303
v -3.00952544 3.95245695 0.415606165
v -2.95989747 3.90923258 0.400740643
v -2.96652978 3.92752861 0.4384762
v -2.96630108 3.96274846 0.457000927
v -3.01707255 4.17155188 -1.40805036
v -3.01752995 4.17200928 0.410574758
v -2.97178988 4.22392426 0.454485223
v -2.87047563 5.5947541 -1.51233771
v -2.87962365 5.81339163 -1.52262923
v -2.90638159 5.82231094 -1.48420757
v -2.88191065 5.8586743 -1.49884439
v -2.88282545 5.86896581 -1.45653483
v -2.91187039 5.88017213 0.469122045
v -2.88808556 5.9277418 0.452884321
v -2.88739946 5.91562068 0.491305978
v -2.88534116 5.87445462 0.517835218
v -2.87619314 5.6601624 0.524924929
v -2.89814837 5.63271836 -1.47803266
v -2.90478068 5.69744056 0.478041359
v -2.85629621 6.4661024 -2.33382934
v -2.82336336 5.74501023 0.296453287
v -2.82267726 5.74501023 -1.29644459
v -2.85332311 6.4658737 1.34687396
v -2.63079767 0.705369498 -2.168479
v -2.76710308 4.17635458 0.260776034
v -2.76641698 4.17635458 -1.26076734
v -2.63788739 0.705140798 1.1778644
vt 0.159397798 0.800319296
vt 0.129202408 0.800319296
vt 0.159397798 0.772071996
vt 0.102903198 0.802267386
vt 0.073681853 0.802267386
vt 0.102903198 0.771097951
vt 0.073681853 0.802267386
vt 0.073681853 0.771097951
vt 0.102903198 0.771097951
vt 0.129202408 0.800319296
vt 0.129202408 0.772071996
vt 0.159397798 0.772071996
vt 0.151605439 0.0464085978
vt 0.142839036 0.0317979253
vt 0.151605439 0.0317979253
vt 0.142839036 0.0464085978
vt 0.142839036 0.0493307323
vt 0.151605439 0.0493307323
vt 0.151605439 0.0727078082
vt 0.142839036 0.0727078082
vt 0.142839036 0.0756299427
vt 0.151605439 0.0756299427
vt 0.151605439 0.0902406151
vt 0.142839036 0.0902406151
vt 0.151605439 0.0931627496
vt 0.142839036 0.0931627496
vt 0.142839036 0.116539826
vt 0.151605439 0.116539826
vt 0.142839036 0.11946196
vt 0.151605439 0.11946196
vt 0.423363947 0.104851288
vt 0.425312037 0.0921887048
vt 0.425312037 0.103877243
vt 0.423363947 0.09121466
vt 0.40388305 0.09121466
vt 0.40388305 0.104851288
vt 0.401934961 0.0931627496
vt 0.401934961 0.102903198
vt 0.109721512 0.101929153
vt 0.11751387 0.0892665703
vt 0.11946196 0.101929153
vt 0.108747467 0.0892665703
vt 0.100955108 0.101929153
vt 0.113617691 0.0834223013
vt 0.100955108 0.0892665703
vt 0.0931627496 0.101929153
vt 0.106799377 0.0834223013
vt 0.111669601 0.0805001668
vt 0.105825332 0.0805001668
vt 0.0999810634 0.0834223013
vt 0.0999810634 0.0805001668
vt 0.0931627496 0.0892665703
vt 0.085370391 0.101929153
vt 0.0921887048 0.0834223013
vt 0.0921887048 0.0805001668
vt 0.085370391 0.0892665703
vt 0.0766039875 0.101929153
vt 0.085370391 0.0834223013
vt 0.085370391 0.0805001668
vt 0.0775780323 0.0892665703
vt 0.0688116289 0.101929153
vt 0.0775780323 0.0834223013
vt 0.0775780323 0.0805001668
vt 0.0697856737 0.0892665703
vt 0.0600452254 0.101929153
vt 0.0697856737 0.0834223013
vt 0.0697856737 0.0805001668
vt 0.0610192702 0.0892665703
vt 0.0512788219 0.101929153
vt 0.0522528668 0.0892665703
vt 0.0629673599 0.0834223013
vt 0.0639414047 0.0805001668
vt 0.0561490461 0.0834223013
vt 0.0590711806 0.0805001668
vt 0.102903198 0.0522528668
vt 0.0561490461 0.0483566874
vt 0.101929153 0.0483566874
vt 0.0561490461 0.0522528668
vt 0.102903198 0.0551750013
vt 0.0561490461 0.0551750013
vt 0.102903198 0.0590711806
vt 0.0561490461 0.0590711806
vt 0.102903198 0.0619933151
vt 0.0561490461 0.0619933151
vt 0.102903198 0.0658894944
vt 0.0561490461 0.0658894944
vt 0.102903198 0.0688116289
vt 0.0561490461 0.0688116289
vt 0.102903198 0.0727078082
vt 0.0561490461 0.0727078082
vt 0.101929153 0.0756299427
vt 0.0561490461 0.0756299427
vt 0.0639414047 0.611354599
vt 0.0688116289 0.611354599
vt 0.0688116289 0.599666061
vt 0.0639414047 0.599666061
vt 0.0688116289 0.597717972
vt 0.0639414047 0.597717972
vt 0.0688116289 0.521742475
vt 0.0639414047 0.521742475
vt 0.0688116289 0.519794385
vt 0.0639414047 0.519794385
vt 0.0639414047 0.508105847
vt 0.0688116289 0.508105847
vt 0.0688116289 0.505183713
vt 0.0639414047 0.505183713
vt 0.0688116289 0.430182261
vt 0.0639414047 0.430182261
vt 0.0688116289 0.427260126
vt 0.0639414047 0.427260126
vt 0.89577569 0.360051033
vt 0.89577569 0.14576117
vt 0.883113107 0.14576117
vt 0.883113107 0.360051033
vt 0.894801645 0.675641558
vt 0.894801645 0.378557885
vt 0.882139062 0.378557885
vt 0.882139062 0.675641558
vt 0.907464228 0.150631395
vt 0.901619959 0.144787126
vt 0.901619959 0.359076988
vt 0.907464228 0.355180809
vt 0.907464228 0.382454064
vt 0.901619959 0.378557885
vt 0.901619959 0.676615603
vt 0.907464228 0.672719424
vt 0.342518226 0.500313489
vt 0.327907554 0.450637202
vt 0.342518226 0.450637202
vt 0.327907554 0.498365399
vt 0.332777778 0.503235623
vt 0.342518226 0.504209668
vt 0.342518226 0.545119551
vt 0.332777778 0.545119551
vt 0.341544181 0.548041685
vt 0.333751823 0.548041685
vt 0.371739571 0.557782134
vt 0.367843392 0.553885954
vt 0.371739571 0.553885954
vt 0.367843392 0.557782134
vt 0.371739571 0.599666061
vt 0.345440361 0.557782134
vt 0.345440361 0.553885954
vt 0.338622047 0.558756178
vt 0.338622047 0.599666061
vt 0.331803733 0.553885954
vt 0.331803733 0.557782134
vt 0.311348792 0.553885954
vt 0.345440361 0.599666061
vt 0.367843392 0.599666061
vt 0.311348792 0.557782134
vt 0.307452612 0.553885954
vt 0.307452612 0.557782134
vt 0.371739571 0.604536285
vt 0.37563575 0.604536285
vt 0.37563575 0.652264482
vt 0.371739571 0.652264482
vt 0.346414405 0.651290437
vt 0.346414405 0.604536285
vt 0.338622047 0.651290437
vt 0.338622047 0.604536285
vt 0.330829688 0.652264482
vt 0.330829688 0.604536285
vt 0.306478567 0.653238527
vt 0.331803733 0.599666061
vt 0.311348792 0.599666061
vt 0.307452612 0.599666061
vt 0.302582388 0.604536285
vt 0.306478567 0.604536285
vt 0.302582388 0.653238527
vt 0.303556433 0.54901573
vt 0.320115195 0.502261578
vt 0.320115195 0.54901573
vt 0.303556433 0.502261578
vt 0.306478567 0.498365399
vt 0.320115195 0.498365399
vt 0.320115195 0.456481471
vt 0.306478567 0.456481471
vt 0.322063285 0.453559337
vt 0.308426657 0.453559337
vt 0.401934961 0.402909006
vt 0.404857095 0.387324288
vt 0.404857095 0.400960916
vt 0.382454064 0.402909006
vt 0.37563575 0.395116647
vt 0.385376199 0.374661706
vt 0.378557885 0.374661706
vt 0.37563575 0.37758384
vt 0.367843392 0.49252113
vt 0.353232719 0.447715068
vt 0.367843392 0.447715068
vt 0.353232719 0.49252113
vt 0.350310585 0.49252113
vt 0.350310585 0.447715068
vt 0.399986871 0.559730223
vt 0.387324288 0.52076843
vt 0.399986871 0.52076843
vt 0.387324288 0.559730223
vt 0.384402154 0.52076843
vt 0.384402154 0.559730223
vt 0.423363947 0.652264482
vt 0.447715068 0.60745842
vt 0.447715068 0.652264482
vt 0.423363947 0.60745842
vt 0.413623499 0.652264482
vt 0.442844844 0.604536285
vt 0.413623499 0.60745842
vt 0.413623499 0.604536285
vt 0.40583114 0.652264482
vt 0.420441813 0.604536285
vt 0.442844844 0.566548537
vt 0.420441813 0.566548537
vt 0.413623499 0.566548537
vt 0.40583114 0.566548537
vt 0.40583114 0.60745842
vt 0.380505975 0.652264482
vt 0.380505975 0.60745842
vt 0.40583114 0.604536285
vt 0.387324288 0.566548537
vt 0.387324288 0.604536285
vt 0.384402154 0.604536285
vt 0.40583114 0.515898206
vt 0.410701364 0.515898206
vt 0.40583114 0.560704268
vt 0.410701364 0.560704268
vt 0.426286082 0.515898206
vt 0.426286082 0.560704268
vt 0.431156306 0.521742475
vt 0.435052485 0.559730223
vt 0.431156306 0.559730223
vt 0.435052485 0.521742475
vt 0.452585292 0.521742475
vt 0.452585292 0.559730223
vt 0.439922709 0.416545633
vt 0.440896754 0.421415857
vt 0.427260126 0.421415857
vt 0.429208216 0.416545633
vt 0.426286082 0.412649454
vt 0.440896754 0.412649454
vt 0.424337992 0.414597544
vt 0.425312037 0.420441813
vt 0.425312037 0.423363947
vt 0.49252113 0.552911909
vt 0.49057304 0.535379102
vt 0.49252113 0.534405058
vt 0.49057304 0.54901573
vt 0.489598995 0.554859999
vt 0.488624951 0.551937865
vt 0.468170009 0.551937865
vt 0.467195964 0.554859999
vt 0.460377651 0.551937865
vt 0.461351695 0.544145506
vt 0.473040233 0.523690565
vt 0.463299785 0.54901573
vt 0.458429561 0.544145506
vt 0.461351695 0.527586744
vt 0.458429561 0.523690565
vt 0.465247875 0.523690565
vt 0.474014278 0.52076843
vt 0.460377651 0.52076843
vt 0.454533382 0.602588196
vt 0.470118099 0.599666061
vt 0.469144054 0.602588196
vt 0.456481471 0.599666061
vt 0.450637202 0.599666061
vt 0.453559337 0.597717972
vt 0.450637202 0.572392806
vt 0.453559337 0.574340896
vt 0.46232574 0.563626403
vt 0.489598995 0.582133254
vt 0.456481471 0.567522582
vt 0.452585292 0.565574492
vt 0.461351695 0.559730223
vt 0.487650906 0.559730223
vt 0.486676861 0.563626403
vt 0.49252113 0.565574492
vt 0.489598995 0.566548537
vt 0.49252113 0.58115921
vt 0.399986871 0.415571588
vt 0.417519678 0.415571588
vt 0.416545633 0.420441813
vt 0.402909006 0.420441813
vt 0.415571588 0.423363947
vt 0.399986871 0.423363947
vt 0.396090692 0.419467768
vt 0.397064737 0.413623499
vt 0.388298333 0.515898206
vt 0.380505975 0.515898206
vt 0.380505975 0.471092144
vt 0.388298333 0.471092144
vt 0.445766978 0.442844844
vt 0.445766978 0.437974619
vt 0.491547085 0.437974619
vt 0.491547085 0.442844844
vt 0.491547085 0.470118099
vt 0.445766978 0.470118099
vt 0.491547085 0.477910458
vt 0.445766978 0.478884502
vt 0.491547085 0.486676861
vt 0.445766978 0.486676861
vt 0.491547085 0.511027982
vt 0.445766978 0.511027982
vt 0.491547085 0.515898206
vt 0.445766978 0.515898206
vt 0.343492271 0.412649454
vt 0.389272378 0.412649454
vt 0.389272378 0.430182261
vt 0.343492271 0.430182261
vt 0.401934961 0.366869347
vt 0.406805185 0.37563575
vt 0.401934961 0.37563575
vt 0.406805185 0.366869347
vt 0.404857095 0.362973168
vt 0.430182261 0.362973168
vt 0.429208216 0.366869347
vt 0.441870799 0.376609795
vt 0.422389902 0.402909006
vt 0.437974619 0.369791481
vt 0.438948664 0.366869347
vt 0.444792933 0.37563575
vt 0.444792933 0.400960916
vt 0.441870799 0.399986871
vt 0.439922709 0.40583114
vt 0.439922709 0.402909006
vt 0.422389902 0.40583114
vt 0.487650906 0.404857095
vt 0.478884502 0.404857095
vt 0.479858547 0.401934961
vt 0.485702816 0.401934961
vt 0.491547085 0.401934961
vt 0.487650906 0.399012826
vt 0.491547085 0.376609795
vt 0.487650906 0.37758384
vt 0.452585292 0.384402154
vt 0.484728771 0.370765526
vt 0.487650906 0.367843392
vt 0.479858547 0.363947212
vt 0.479858547 0.366869347
vt 0.458429561 0.366869347
vt 0.452585292 0.363947212
vt 0.452585292 0.372713616
vt 0.449663157 0.384402154
vt 0.449663157 0.367843392
vt 0.302582388 0.404857095
vt 0.313296881 0.448689113
vt 0.302582388 0.448689113
vt 0.315244971 0.412649454
vt 0.310374747 0.404857095
vt 0.310374747 0.401934961
vt 0.302582388 0.401934961
vt 0.308426657 0.400960916
vt 0.303556433 0.399986871
vt 0.37563575 0.595769882
vt 0.37563575 0.563626403
vt 0.381480019 0.595769882
vt 0.381480019 0.563626403
vt 0.394142602 0.511027982
vt 0.394142602 0.482780682
vt 0.437000575 0.511027982
vt 0.437000575 0.482780682
vt 0.439922709 0.506157758
vt 0.439922709 0.482780682
vt 0.394142602 0.474014278
vt 0.439922709 0.474014278
vt 0.437000575 0.474014278
vt 0.437000575 0.46427383
vt 0.394142602 0.46427383
vt 0.439922709 0.46427383
vt 0.394142602 0.435052485
vt 0.439922709 0.437974619
vt 0.431156306 0.435052485
vt 0.437000575 0.437974619
vt 0.431156306 0.431156306
vt 0.394142602 0.431156306
vt 0.439922709 0.429208216
vt 0.441870799 0.432130351
vt 0.306478567 0.363947212
vt 0.303556433 0.396090692
vt 0.303556433 0.363947212
vt 0.308426657 0.396090692
vt 0.328881599 0.396090692
vt 0.328881599 0.363947212
vt 0.334725867 0.396090692
vt 0.334725867 0.363947212
vt 0.342518226 0.396090692
vt 0.342518226 0.363947212
vt 0.365895302 0.396090692
vt 0.365895302 0.363947212
vt 0.369791481 0.363947212
vt 0.369791481 0.396090692
vt 0.364921257 0.40777923
vt 0.363947212 0.408753275
vt 0.361025078 0.404857095
vt 0.361025078 0.40388305
vt 0.336673957 0.40388305
vt 0.337648002 0.404857095
vt 0.329855643 0.406805185
vt 0.327907554 0.40388305
vt 0.324985419 0.410701364
vt 0.320115195 0.409727319
vt 0.324985419 0.432130351
vt 0.320115195 0.433104395
vt 0.326933509 0.43407844
vt 0.324011374 0.438948664
vt 0.342518226 0.438948664
vt 0.342518226 0.43407844
vt 0.374661706 0.502261578
vt 0.354206764 0.499339444
vt 0.374661706 0.500313489
vt 0.353232719 0.502261578
vt 0.352258674 0.545119551
vt 0.374661706 0.545119551
vt 0.348362495 0.502261578
vt 0.34738845 0.497391354
vt 0.34738845 0.54706764
vt 0.357128899 0.548041685
vt 0.374661706 0.548041685
vt 0.34738845 0.549989775
vt 0.388298333 0.46622192
vt 0.374661706 0.46622192
vt 0.374661706 0.435052485
vt 0.388298333 0.435052485
vt 0.480832592 0.650316392
vt 0.452585292 0.652264482
vt 0.453559337 0.649342348
vt 0.479858547 0.647394258
vt 0.485702816 0.642524034
vt 0.487650906 0.644472123
vt 0.489598995 0.636679765
vt 0.49252113 0.636679765
vt 0.454533382 0.622069092
vt 0.453559337 0.640575944
vt 0.478884502 0.604536285
vt 0.488624951 0.60745842
vt 0.49252113 0.60551033
vt 0.486676861 0.601614151
vt 0.486676861 0.604536285
vt 0.477910458 0.603562241
vt 0.342518226 0.500313489
vt 0.342518226 0.450637202
vt 0.327907554 0.450637202
vt 0.327907554 0.498365399
vt 0.332777778 0.503235623
vt 0.342518226 0.504209668
vt 0.342518226 0.545119551
vt 0.332777778 0.545119551
vt 0.341544181 0.548041685
vt 0.333751823 0.548041685
vt 0.371739571 0.557782134
vt 0.371739571 0.553885954
vt 0.367843392 0.553885954
vt 0.367843392 0.557782134
vt 0.371739571 0.599666061
vt 0.345440361 0.557782134
vt 0.345440361 0.553885954
vt 0.367843392 0.599666061
vt 0.338622047 0.558756178
vt 0.338622047 0.599666061
vt 0.331803733 0.553885954
vt 0.331803733 0.557782134
vt 0.311348792 0.553885954
vt 0.311348792 0.557782134
vt 0.307452612 0.553885954
vt 0.307452612 0.557782134
vt 0.331803733 0.599666061
vt 0.311348792 0.599666061
vt 0.307452612 0.599666061
vt 0.302582388 0.604536285
vt 0.330829688 0.604536285
vt 0.306478567 0.604536285
vt 0.302582388 0.653238527
vt 0.306478567 0.653238527
vt 0.330829688 0.652264482
vt 0.338622047 0.604536285
vt 0.338622047 0.651290437
vt 0.346414405 0.604536285
vt 0.346414405 0.651290437
vt 0.345440361 0.599666061
vt 0.371739571 0.604536285
vt 0.371739571 0.652264482
vt 0.37563575 0.652264482
vt 0.37563575 0.604536285
vt 0.303556433 0.54901573
vt 0.320115195 0.54901573
vt 0.320115195 0.502261578
vt 0.303556433 0.502261578
vt 0.306478567 0.498365399
vt 0.320115195 0.498365399
vt 0.320115195 0.456481471
vt 0.306478567 0.456481471
vt 0.322063285 0.453559337
vt 0.308426657 0.453559337
vt 0.404857095 0.387324288
vt 0.401934961 0.402909006
vt 0.404857095 0.400960916
vt 0.382454064 0.402909006
vt 0.37563575 0.395116647
vt 0.385376199 0.374661706
vt 0.378557885 0.374661706
vt 0.37563575 0.37758384
vt 0.367843392 0.49252113
vt 0.367843392 0.447715068
vt 0.353232719 0.447715068
vt 0.353232719 0.49252113
vt 0.350310585 0.49252113
vt 0.350310585 0.447715068
vt 0.399986871 0.559730223
vt 0.399986871 0.52076843
vt 0.387324288 0.52076843
vt 0.387324288 0.559730223
vt 0.384402154 0.52076843
vt 0.384402154 0.559730223
vt 0.40583114 0.515898206
vt 0.40583114 0.560704268
vt 0.410701364 0.515898206
vt 0.410701364 0.560704268
vt 0.426286082 0.515898206
vt 0.426286082 0.560704268
vt 0.431156306 0.521742475
vt 0.431156306 0.559730223
vt 0.435052485 0.559730223
vt 0.435052485 0.521742475
vt 0.452585292 0.521742475
vt 0.452585292 0.559730223
vt 0.439922709 0.416545633
vt 0.427260126 0.421415857
vt 0.440896754 0.421415857
vt 0.429208216 0.416545633
vt 0.426286082 0.412649454
vt 0.440896754 0.412649454
vt 0.424337992 0.414597544
vt 0.425312037 0.420441813
vt 0.425312037 0.423363947
vt 0.49252113 0.552911909
vt 0.49252113 0.534405058
vt 0.49057304 0.535379102
vt 0.49057304 0.54901573
vt 0.489598995 0.554859999
vt 0.488624951 0.551937865
vt 0.468170009 0.551937865
vt 0.467195964 0.554859999
vt 0.460377651 0.551937865
vt 0.461351695 0.544145506
vt 0.473040233 0.523690565
vt 0.463299785 0.54901573
vt 0.458429561 0.544145506
vt 0.461351695 0.527586744
vt 0.458429561 0.523690565
vt 0.465247875 0.523690565
vt 0.474014278 0.52076843
vt 0.460377651 0.52076843
vt 0.454533382 0.602588196
vt 0.469144054 0.602588196
vt 0.470118099 0.599666061
vt 0.456481471 0.599666061
vt 0.450637202 0.599666061
vt 0.453559337 0.597717972
vt 0.450637202 0.572392806
vt 0.453559337 0.574340896
vt 0.46232574 0.563626403
vt 0.489598995 0.582133254
vt 0.456481471 0.567522582
vt 0.452585292 0.565574492
vt 0.461351695 0.559730223
vt 0.487650906 0.559730223
vt 0.486676861 0.563626403
vt 0.49252113 0.565574492
vt 0.489598995 0.566548537
vt 0.49252113 0.58115921
vt 0.399986871 0.415571588
vt 0.416545633 0.420441813
vt 0.417519678 0.415571588
vt 0.402909006 0.420441813
vt 0.415571588 0.423363947
vt 0.399986871 0.423363947
vt 0.396090692 0.419467768
vt 0.397064737 0.413623499
vt 0.380505975 0.60745842
vt 0.387324288 0.604536285
vt 0.384402154 0.604536285
vt 0.40583114 0.60745842
vt 0.380505975 0.652264482
vt 0.40583114 0.652264482
vt 0.40583114 0.604536285
vt 0.413623499 0.604536285
vt 0.387324288 0.566548537
vt 0.40583114 0.566548537
vt 0.413623499 0.566548537
vt 0.420441813 0.566548537
vt 0.413623499 0.60745842
vt 0.423363947 0.60745842
vt 0.413623499 0.652264482
vt 0.423363947 0.652264482
vt 0.447715068 0.652264482
vt 0.447715068 0.60745842
vt 0.442844844 0.604536285
vt 0.420441813 0.604536285
vt 0.442844844 0.566548537
vt 0.388298333 0.515898206
vt 0.388298333 0.471092144
vt 0.380505975 0.471092144
vt 0.380505975 0.515898206
vt 0.445766978 0.442844844
vt 0.491547085 0.437974619
vt 0.445766978 0.437974619
vt 0.491547085 0.442844844
vt 0.491547085 0.470118099
vt 0.445766978 0.470118099
vt 0.491547085 0.477910458
vt 0.445766978 0.478884502
vt 0.491547085 0.486676861
vt 0.445766978 0.486676861
vt 0.491547085 0.511027982
vt 0.445766978 0.511027982
vt 0.491547085 0.515898206
vt 0.445766978 0.515898206
vt 0.343492271 0.412649454
vt 0.343492271 0.430182261
vt 0.389272378 0.430182261
vt 0.389272378 0.412649454
vt 0.401934961 0.366869347
vt 0.401934961 0.37563575
vt 0.406805185 0.37563575
vt 0.406805185 0.366869347
vt 0.404857095 0.362973168
vt 0.430182261 0.362973168
vt 0.429208216 0.366869347
vt 0.441870799 0.376609795
vt 0.422389902 0.402909006
vt 0.437974619 0.369791481
vt 0.438948664 0.366869347
vt 0.444792933 0.37563575
vt 0.444792933 0.400960916
vt 0.441870799 0.399986871
vt 0.439922709 0.40583114
vt 0.439922709 0.402909006
vt 0.422389902 0.40583114
vt 0.487650906 0.404857095
vt 0.479858547 0.401934961
vt 0.478884502 0.404857095
vt 0.485702816 0.401934961
vt 0.491547085 0.401934961
vt 0.487650906 0.399012826
vt 0.491547085 0.376609795
vt 0.487650906 0.37758384
vt 0.452585292 0.384402154
vt 0.484728771 0.370765526
vt 0.487650906 0.367843392
vt 0.479858547 0.363947212
vt 0.479858547 0.366869347
vt 0.458429561 0.366869347
vt 0.452585292 0.363947212
vt 0.452585292 0.372713616
vt 0.449663157 0.384402154
vt 0.449663157 0.367843392
vt 0.302582388 0.404857095
vt 0.302582388 0.448689113
vt 0.313296881 0.448689113
vt 0.315244971 0.412649454
vt 0.310374747 0.404857095
vt 0.310374747 0.401934961
vt 0.302582388 0.401934961
vt 0.308426657 0.400960916
vt 0.303556433 0.399986871
vt 0.37563575 0.595769882
vt 0.381480019 0.595769882
vt 0.37563575 0.563626403
vt 0.381480019 0.563626403
vt 0.394142602 0.511027982
vt 0.437000575 0.511027982
vt 0.394142602 0.482780682
vt 0.437000575 0.482780682
vt 0.439922709 0.506157758
vt 0.439922709 0.482780682
vt 0.394142602 0.474014278
vt 0.439922709 0.474014278
vt 0.437000575 0.474014278
vt 0.437000575 0.46427383
vt 0.394142602 0.46427383
vt 0.439922709 0.46427383
vt 0.394142602 0.435052485
vt 0.439922709 0.437974619
vt 0.431156306 0.435052485
vt 0.437000575 0.437974619
vt 0.431156306 0.431156306
vt 0.394142602 0.431156306
vt 0.439922709 0.429208216
vt 0.441870799 0.432130351
vt 0.306478567 0.363947212
vt 0.303556433 0.363947212
vt 0.303556433 0.396090692
vt 0.308426657 0.396090692
vt 0.328881599 0.396090692
vt 0.328881599 0.363947212
vt 0.334725867 0.396090692
vt 0.334725867 0.363947212
vt 0.342518226 0.396090692
vt 0.342518226 0.363947212
vt 0.365895302 0.396090692
vt 0.365895302 0.363947212
vt 0.369791481 0.363947212
vt 0.369791481 0.396090692
vt 0.364921257 0.40777923
vt 0.361025078 0.404857095
vt 0.363947212 0.408753275
vt 0.361025078 0.40388305
vt 0.336673957 0.40388305
vt 0.337648002 0.404857095
vt 0.329855643 0.406805185
vt 0.327907554 0.40388305
vt 0.324985419 0.410701364
vt 0.320115195 0.409727319
vt 0.324985419 0.432130351
vt 0.320115195 0.433104395
vt 0.326933509 0.43407844
vt 0.324011374 0.438948664
vt 0.342518226 0.438948664
vt 0.342518226 0.43407844
vt 0.374661706 0.502261578
vt 0.374661706 0.500313489
vt 0.354206764 0.499339444
vt 0.353232719 0.502261578
vt 0.352258674 0.545119551
vt 0.374661706 0.545119551
vt 0.348362495 0.502261578
vt 0.34738845 0.497391354
vt 0.34738845 0.54706764
vt 0.357128899 0.548041685
vt 0.374661706 0.548041685
vt 0.34738845 0.549989775
vt 0.388298333 0.46622192
vt 0.388298333 0.435052485
vt 0.374661706 0.435052485
vt 0.374661706 0.46622192
vt 0.480832592 0.650316392
vt 0.453559337 0.649342348
vt 0.452585292 0.652264482
vt 0.479858547 0.647394258
vt 0.485702816 0.642524034
vt 0.487650906 0.644472123
vt 0.489598995 0.636679765
vt 0.49252113 0.636679765
vt 0.454533382 0.622069092
vt 0.453559337 0.640575944
vt 0.478884502 0.604536285
vt 0.488624951 0.60745842
vt 0.49252113 0.60551033
vt 0.486676861 0.601614151
vt 0.486676861 0.604536285
vt 0.477910458 0.603562241
vt 0.342518226 0.500313489
vt 0.342518226 0.450637202
vt 0.327907554 0.450637202
vt 0.327907554 0.498365399
vt 0.332777778 0.503235623
vt 0.342518226 0.504209668
vt 0.342518226 0.545119551
vt 0.332777778 0.545119551
vt 0.341544181 0.548041685
vt 0.333751823 0.548041685
vt 0.371739571 0.557782134
vt 0.371739571 0.553885954
vt 0.367843392 0.553885954
vt 0.367843392 0.557782134
vt 0.371739571 0.599666061
vt 0.345440361 0.557782134
vt 0.345440361 0.553885954
vt 0.338622047 0.558756178
vt 0.338622047 0.599666061
vt 0.331803733 0.553885954
vt 0.331803733 0.557782134
vt 0.311348792 0.553885954
vt 0.345440361 0.599666061
vt 0.367843392 0.599666061
vt 0.311348792 0.557782134
vt 0.307452612 0.553885954
vt 0.307452612 0.557782134
vt 0.371739571 0.604536285
vt 0.37563575 0.604536285
vt 0.37563575 0.652264482
vt 0.371739571 0.652264482
vt 0.346414405 0.651290437
vt 0.346414405 0.604536285
vt 0.338622047 0.651290437
vt 0.338622047 0.604536285
vt 0.330829688 0.652264482
vt 0.330829688 0.604536285
vt 0.306478567 0.653238527
vt 0.331803733 0.599666061
vt 0.311348792 0.599666061
vt 0.307452612 0.599666061
vt 0.302582388 0.604536285
vt 0.306478567 0.604536285
vt 0.302582388 0.653238527
vt 0.303556433 0.54901573
vt 0.320115195 0.54901573
vt 0.320115195 0.502261578
vt 0.303556433 0.502261578
vt 0.306478567 0.498365399
vt 0.320115195 0.498365399
vt 0.320115195 0.456481471
vt 0.306478567 0.456481471
vt 0.322063285 0.453559337
vt 0.308426657 0.453559337
vt 0.404857095 0.387324288
vt 0.401934961 0.402909006
vt 0.404857095 0.400960916
vt 0.382454064 0.402909006
vt 0.37563575 0.395116647
vt 0.385376199 0.374661706
vt 0.378557885 0.374661706
vt 0.37563575 0.37758384
vt 0.367843392 0.49252113
vt 0.367843392 0.447715068
vt 0.353232719 0.447715068
vt 0.353232719 0.49252113
vt 0.350310585 0.49252113
vt 0.350310585 0.447715068
vt 0.399986871 0.559730223
vt 0.399986871 0.52076843
vt 0.387324288 0.52076843
vt 0.387324288 0.559730223
vt 0.384402154 0.52076843
vt 0.384402154 0.559730223
vt 0.380505975 0.652264482
vt 0.40583114 0.652264482
vt 0.380505975 0.60745842
vt 0.40583114 0.60745842
vt 0.384402154 0.604536285
vt 0.387324288 0.604536285
vt 0.413623499 0.60745842
vt 0.413623499 0.652264482
vt 0.423363947 0.60745842
vt 0.423363947 0.652264482
vt 0.447715068 0.652264482
vt 0.447715068 0.60745842
vt 0.442844844 0.604536285
vt 0.40583114 0.604536285
vt 0.387324288 0.566548537
vt 0.40583114 0.566548537
vt 0.413623499 0.604536285
vt 0.413623499 0.566548537
vt 0.420441813 0.604536285
vt 0.442844844 0.566548537
vt 0.420441813 0.566548537
vt 0.40583114 0.515898206
vt 0.40583114 0.560704268
vt 0.410701364 0.515898206
vt 0.410701364 0.560704268
vt 0.426286082 0.515898206
vt 0.426286082 0.560704268
vt 0.431156306 0.521742475
vt 0.431156306 0.559730223
vt 0.435052485 0.559730223
vt 0.435052485 0.521742475
vt 0.452585292 0.521742475
vt 0.452585292 0.559730223
vt 0.439922709 0.416545633
vt 0.427260126 0.421415857
vt 0.440896754 0.421415857
vt 0.429208216 0.416545633
vt 0.426286082 0.412649454
vt 0.440896754 0.412649454
vt 0.424337992 0.414597544
vt 0.425312037 0.420441813
vt 0.425312037 0.423363947
vt 0.49252113 0.552911909
vt 0.49252113 0.534405058
vt 0.49057304 0.535379102
vt 0.49057304 0.54901573
vt 0.489598995 0.554859999
vt 0.488624951 0.551937865
vt 0.468170009 0.551937865
vt 0.467195964 0.554859999
vt 0.460377651 0.551937865
vt 0.461351695 0.544145506
vt 0.473040233 0.523690565
vt 0.463299785 0.54901573
vt 0.458429561 0.544145506
vt 0.461351695 0.527586744
vt 0.458429561 0.523690565
vt 0.465247875 0.523690565
vt 0.474014278 0.52076843
vt 0.460377651 0.52076843
vt 0.454533382 0.602588196
vt 0.469144054 0.602588196
vt 0.470118099 0.599666061
vt 0.456481471 0.599666061
vt 0.450637202 0.599666061
vt 0.453559337 0.597717972
vt 0.450637202 0.572392806
vt 0.453559337 0.574340896
vt 0.46232574 0.563626403
vt 0.489598995 0.582133254
vt 0.456481471 0.567522582
vt 0.452585292 0.565574492
vt 0.461351695 0.559730223
vt 0.487650906 0.559730223
vt 0.486676861 0.563626403
vt 0.49252113 0.565574492
vt 0.489598995 0.566548537
vt 0.49252113 0.58115921
vt 0.399986871 0.415571588
vt 0.416545633 0.420441813
vt 0.417519678 0.415571588
vt 0.402909006 0.420441813
vt 0.415571588 0.423363947
vt 0.399986871 0.423363947
vt 0.396090692 0.419467768
vt 0.397064737 0.413623499
vt 0.388298333 0.515898206
vt 0.388298333 0.471092144
vt 0.380505975 0.471092144
vt 0.380505975 0.515898206
vt 0.445766978 0.442844844
vt 0.491547085 0.437974619
vt 0.445766978 0.437974619
vt 0.491547085 0.442844844
vt 0.491547085 0.470118099
vt 0.445766978 0.470118099
vt 0.491547085 0.477910458
vt 0.445766978 0.478884502
vt 0.491547085 0.486676861
vt 0.445766978 0.486676861
vt 0.491547085 0.511027982
vt 0.445766978 0.511027982
vt 0.491547085 0.515898206
vt 0.445766978 0.515898206
vt 0.343492271 0.412649454
vt 0.343492271 0.430182261
vt 0.389272378 0.430182261
vt 0.389272378 0.412649454
vt 0.401934961 0.366869347
vt 0.401934961 0.37563575
vt 0.406805185 0.37563575
vt 0.406805185 0.366869347
vt 0.404857095 0.362973168
vt 0.430182261 0.362973168
vt 0.429208216 0.366869347
vt 0.441870799 0.376609795
vt 0.422389902 0.402909006
vt 0.437974619 0.369791481
vt 0.438948664 0.366869347
vt 0.444792933 0.37563575
vt 0.444792933 0.400960916
vt 0.441870799 0.399986871
vt 0.439922709 0.40583114
vt 0.439922709 0.402909006
vt 0.422389902 0.40583114
vt 0.487650906 0.404857095
vt 0.479858547 0.401934961
vt 0.478884502 0.404857095
vt 0.485702816 0.401934961
vt 0.491547085 0.401934961
vt 0.487650906 0.399012826
vt 0.491547085 0.376609795
vt 0.487650906 0.37758384
vt 0.452585292 0.384402154
vt 0.484728771 0.370765526
vt 0.487650906 0.367843392
vt 0.479858547 0.363947212
vt 0.479858547 0.366869347
vt 0.458429561 0.366869347
vt 0.452585292 0.363947212
vt 0.452585292 0.372713616
vt 0.449663157 0.384402154
vt 0.449663157 0.367843392
vt 0.302582388 0.404857095
vt 0.302582388 0.448689113
vt 0.313296881 0.448689113
vt 0.315244971 0.412649454
vt 0.310374747 0.404857095
vt 0.310374747 0.401934961
vt 0.302582388 0.401934961
vt 0.308426657 0.400960916
vt 0.303556433 0.399986871
vt 0.37563575 0.595769882
vt 0.381480019 0.595769882
vt 0.37563575 0.563626403
vt 0.381480019 0.563626403
vt 0.394142602 0.511027982
vt 0.437000575 0.511027982
vt 0.394142602 0.482780682
vt 0.437000575 0.482780682
vt 0.439922709 0.506157758
vt 0.439922709 0.482780682
vt 0.394142602 0.474014278
vt 0.439922709 0.474014278
vt 0.437000575 0.474014278
vt 0.437000575 0.46427383
vt 0.394142602 0.46427383
vt 0.439922709 0.46427383
vt 0.394142602 0.435052485
vt 0.439922709 0.437974619
vt 0.431156306 0.435052485
vt 0.437000575 0.437974619
vt 0.431156306 0.431156306
vt 0.394142602 0.431156306
vt 0.439922709 0.429208216
vt 0.441870799 0.432130351
vt 0.306478567 0.363947212
vt 0.303556433 0.363947212
vt 0.303556433 0.396090692
vt 0.308426657 0.396090692
vt 0.328881599 0.396090692
vt 0.328881599 0.363947212
vt 0.334725867 0.396090692
vt 0.334725867 0.363947212
vt 0.342518226 0.396090692
vt 0.342518226 0.363947212
vt 0.365895302 0.396090692
vt 0.365895302 0.363947212
vt 0.369791481 0.363947212
vt 0.369791481 0.396090692
vt 0.364921257 0.40777923
vt 0.361025078 0.404857095
vt 0.363947212 0.408753275
vt 0.361025078 0.40388305
vt 0.336673957 0.40388305
vt 0.337648002 0.404857095
vt 0.329855643 0.406805185
vt 0.327907554 0.40388305
vt 0.324985419 0.410701364
vt 0.320115195 0.409727319
vt 0.324985419 0.432130351
vt 0.320115195 0.433104395
vt 0.326933509 0.43407844
vt 0.324011374 0.438948664
vt 0.342518226 0.438948664
vt 0.342518226 0.43407844
vt 0.374661706 0.502261578
vt 0.374661706 0.500313489
vt 0.354206764 0.499339444
vt 0.353232719 0.502261578
vt 0.352258674 0.545119551
vt 0.374661706 0.545119551
vt 0.348362495 0.502261578
vt 0.34738845 0.497391354
vt 0.34738845 0.54706764
vt 0.357128899 0.548041685
vt 0.374661706 0.548041685
vt 0.34738845 0.549989775
vt 0.388298333 0.46622192
vt 0.388298333 0.435052485
vt 0.374661706 0.435052485
vt 0.374661706 0.46622192
vt 0.480832592 0.650316392
vt 0.453559337 0.649342348
vt 0.452585292 0.652264482
vt 0.479858547 0.647394258
vt 0.485702816 0.642524034
vt 0.487650906 0.644472123
vt 0.489598995 0.636679765
vt 0.49252113 0.636679765
vt 0.454533382 0.622069092
vt 0.453559337 0.640575944
vt 0.478884502 0.604536285
vt 0.488624951 0.60745842
vt 0.49252113 0.60551033
vt 0.486676861 0.601614151
vt 0.486676861 0.604536285
vt 0.477910458 0.603562241
vt 0.749668965 0.102903198
vt 0.74869492 0.105825332
vt 0.74869492 0.102903198
vt 0.749668965 0.105825332
vt 0.808111655 0.105825332
vt 0.808111655 0.102903198
vt 0.8090857 0.102903198
vt 0.8090857 0.105825332
vt 0.817852103 0.105825332
vt 0.817852103 0.102903198
vt 0.818826148 0.102903198
vt 0.818826148 0.105825332
vt 0.878242883 0.105825332
vt 0.878242883 0.102903198
vt 0.879216928 0.102903198
vt 0.879216928 0.105825332
vt 0.890905465 0.102903198
vt 0.890905465 0.105825332
vt 0.672719424 0.0619933151
vt 0.671745379 0.0610192702
vt 0.671745379 0.0512788219
vt 0.672719424 0.0503047771
vt 0.732136158 0.0619933151
vt 0.732136158 0.0503047771
vt 0.733110203 0.0503047771
vt 0.733110203 0.0610192702
vt 0.732136158 0.0308238805
vt 0.733110203 0.0317979253
vt 0.732136158 0.0434864633
vt 0.731162113 0.0444605081
vt 0.671745379 0.0308238805
vt 0.671745379 0.0415383736
vt 0.670771334 0.0405643288
vt 0.670771334 0.0317979253
vt 0.749668965 0.102903198
vt 0.74869492 0.105825332
vt 0.74869492 0.102903198
vt 0.749668965 0.105825332
vt 0.808111655 0.105825332
vt 0.808111655 0.102903198
vt 0.8090857 0.102903198
vt 0.8090857 0.105825332
vt 0.817852103 0.105825332
vt 0.817852103 0.102903198
vt 0.818826148 0.102903198
vt 0.818826148 0.105825332
vt 0.878242883 0.105825332
vt 0.878242883 0.102903198
vt 0.879216928 0.102903198
vt 0.879216928 0.105825332
vt 0.890905465 0.102903198
vt 0.890905465 0.105825332
vt 0.672719424 0.0619933151
vt 0.671745379 0.0610192702
vt 0.671745379 0.0512788219
vt 0.672719424 0.0503047771
vt 0.732136158 0.0619933151
vt 0.732136158 0.0503047771
vt 0.733110203 0.0503047771
vt 0.733110203 0.0610192702
vt 0.732136158 0.0308238805
vt 0.733110203 0.0317979253
vt 0.732136158 0.0434864633
vt 0.731162113 0.0444605081
vt 0.671745379 0.0308238805
vt 0.671745379 0.0415383736
vt 0.670771334 0.0405643288
vt 0.670771334 0.0317979253
vt 0.749668965 0.102903198
vt 0.74869492 0.105825332
vt 0.74869492 0.102903198
vt 0.749668965 0.105825332
vt 0.808111655 0.105825332
vt 0.808111655 0.102903198
vt 0.8090857 0.102903198
vt 0.8090857 0.105825332
vt 0.817852103 0.105825332
vt 0.817852103 0.102903198
vt 0.818826148 0.102903198
vt 0.818826148 0.105825332
vt 0.878242883 0.105825332
vt 0.878242883 0.102903198
vt 0.879216928 0.102903198
vt 0.879216928 0.105825332
vt 0.890905465 0.102903198
vt 0.890905465 0.105825332
vt 0.672719424 0.0619933151
vt 0.671745379 0.0610192702
vt 0.671745379 0.0512788219
vt 0.672719424 0.0503047771
vt 0.732136158 0.0619933151
vt 0.732136158 0.0503047771
vt 0.733110203 0.0503047771
vt 0.733110203 0.0610192702
vt 0.732136158 0.0308238805
vt 0.733110203 0.0317979253
vt 0.732136158 0.0434864633
vt 0.731162113 0.0444605081
vt 0.671745379 0.0308238805
vt 0.671745379 0.0415383736
vt 0.670771334 0.0405643288
vt 0.670771334 0.0317979253
vt 0.749668965 0.102903198
vt 0.74869492 0.105825332
vt 0.74869492 0.102903198
vt 0.749668965 0.105825332
vt 0.808111655 0.105825332
vt 0.808111655 0.102903198
vt 0.8090857 0.102903198
vt 0.8090857 0.105825332
vt 0.817852103 0.105825332
vt 0.817852103 0.102903198
vt 0.818826148 0.102903198
vt 0.818826148 0.105825332
vt 0.878242883 0.105825332
vt 0.878242883 0.102903198
vt 0.879216928 0.102903198
vt 0.879216928 0.105825332
vt 0.890905465 0.102903198
vt 0.890905465 0.105825332
vt 0.672719424 0.0619933151
vt 0.671745379 0.0610192702
vt 0.671745379 0.0512788219
vt 0.672719424 0.0503047771
vt 0.732136158 0.0619933151
vt 0.732136158 0.0503047771
vt 0.733110203 0.0503047771
vt 0.733110203 0.0610192702
vt 0.732136158 0.0308238805
vt 0.733110203 0.0317979253
vt 0.732136158 0.0434864633
vt 0.731162113 0.0444605081
vt 0.671745379 0.0308238805
vt 0.671745379 0.0415383736
vt 0.670771334 0.0405643288
vt 0.670771334 0.0317979253
vt 0.749668965 0.102903198
vt 0.74869492 0.105825332
vt 0.74869492 0.102903198
vt 0.749668965 0.105825332
vt 0.808111655 0.105825332
vt 0.808111655 0.102903198
vt 0.8090857 0.102903198
vt 0.8090857 0.105825332
vt 0.817852103 0.105825332
vt 0.817852103 0.102903198
vt 0.818826148 0.102903198
vt 0.818826148 0.105825332
vt 0.878242883 0.105825332
vt 0.878242883 0.102903198
vt 0.879216928 0.102903198
vt 0.879216928 0.105825332
vt 0.890905465 0.102903198
vt 0.890905465 0.105825332
vt 0.672719424 0.0619933151
vt 0.671745379 0.0610192702
vt 0.671745379 0.0512788219
vt 0.672719424 0.0503047771
vt 0.732136158 0.0619933151
vt 0.732136158 0.0503047771
vt 0.733110203 0.0503047771
vt 0.733110203 0.0610192702
vt 0.732136158 0.0308238805
vt 0.733110203 0.0317979253
vt 0.732136158 0.0434864633
vt 0.731162113 0.0444605081
vt 0.671745379 0.0308238805
vt 0.671745379 0.0415383736
vt 0.670771334 0.0405643288
vt 0.670771334 0.0317979253
vt 0.66395302 0.120436005
vt 0.66200493 0.125306229
vt 0.66200493 0.120436005
vt 0.66395302 0.125306229
vt 0.746746831 0.125306229
vt 0.746746831 0.120436005
vt 0.747720875 0.120436005
vt 0.747720875 0.125306229
vt 0.764279638 0.125306229
vt 0.764279638 0.120436005
vt 0.765253682 0.120436005
vt 0.765253682 0.125306229
vt 0.849995583 0.125306229
vt 0.849995583 0.120436005
vt 0.851943672 0.120436005
vt 0.851943672 0.125306229
vt 0.86752839 0.120436005
vt 0.86752839 0.125306229
vt 0.849995583 0.207125995
vt 0.851943672 0.20810004
vt 0.851943672 0.225632847
vt 0.850969627 0.226606891
vt 0.763305593 0.207125995
vt 0.761357503 0.226606891
vt 0.759409413 0.224658802
vt 0.762331548 0.20810004
vt 0.763305593 0.201281726
vt 0.761357503 0.200307681
vt 0.759409413 0.183748919
vt 0.760383458 0.181800829
vt 0.849995583 0.200307681
vt 0.849995583 0.181800829
vt 0.850969627 0.182774874
vt 0.850969627 0.199333636
vt 0.66395302 0.120436005
vt 0.66200493 0.125306229
vt 0.66200493 0.120436005
vt 0.66395302 0.125306229
vt 0.746746831 0.125306229
vt 0.746746831 0.120436005
vt 0.747720875 0.120436005
vt 0.747720875 0.125306229
vt 0.764279638 0.125306229
vt 0.764279638 0.120436005
vt 0.765253682 0.120436005
vt 0.765253682 0.125306229
vt 0.849995583 0.125306229
vt 0.849995583 0.120436005
vt 0.851943672 0.120436005
vt 0.851943672 0.125306229
vt 0.86752839 0.120436005
vt 0.86752839 0.125306229
vt 0.849995583 0.207125995
vt 0.851943672 0.20810004
vt 0.851943672 0.225632847
vt 0.850969627 0.226606891
vt 0.763305593 0.207125995
vt 0.761357503 0.226606891
vt 0.759409413 0.224658802
vt 0.762331548 0.20810004
vt 0.763305593 0.201281726
vt 0.761357503 0.200307681
vt 0.759409413 0.183748919
vt 0.760383458 0.181800829
vt 0.849995583 0.200307681
vt 0.849995583 0.181800829
vt 0.850969627 0.182774874
vt 0.850969627 0.199333636
vt 0.711681217 0.111669601
vt 0.709733127 0.115565781
vt 0.709733127 0.111669601
vt 0.711681217 0.115565781
vt 0.787656713 0.115565781
vt 0.787656713 0.111669601
vt 0.789604803 0.111669601
vt 0.789604803 0.115565781
vt 0.804215476 0.115565781
vt 0.804215476 0.111669601
vt 0.80518952 0.111669601
vt 0.80518952 0.115565781
vt 0.884087152 0.115565781
vt 0.884087152 0.111669601
vt 0.886035241 0.111669601
vt 0.886035241 0.115565781
vt 0.900645914 0.111669601
vt 0.900645914 0.115565781
vt 0.760383458 0.155501619
vt 0.759409413 0.154527574
vt 0.759409413 0.139916901
vt 0.760383458 0.138942857
vt 0.837333 0.156475664
vt 0.839281089 0.138942857
vt 0.840255134 0.139916901
vt 0.838307045 0.154527574
vt 0.837333 0.160371843
vt 0.838307045 0.161345888
vt 0.840255134 0.17595656
vt 0.839281089 0.176930605
vt 0.760383458 0.160371843
vt 0.760383458 0.176930605
vt 0.759409413 0.17595656
vt 0.759409413 0.161345888
vt 0.711681217 0.111669601
vt 0.709733127 0.115565781
vt 0.709733127 0.111669601
vt 0.711681217 0.115565781
vt 0.787656713 0.115565781
vt 0.787656713 0.111669601
vt 0.789604803 0.111669601
vt 0.789604803 0.115565781
vt 0.804215476 0.115565781
vt 0.804215476 0.111669601
vt 0.80518952 0.111669601
vt 0.80518952 0.115565781
vt 0.884087152 0.115565781
vt 0.884087152 0.111669601
vt 0.886035241 0.111669601
vt 0.886035241 0.115565781
vt 0.900645914 0.111669601
vt 0.900645914 0.115565781
vt 0.760383458 0.155501619
vt 0.759409413 0.154527574
vt 0.759409413 0.139916901
vt 0.760383458 0.138942857
vt 0.837333 0.156475664
vt 0.839281089 0.138942857
vt 0.840255134 0.139916901
vt 0.838307045 0.154527574
vt 0.837333 0.160371843
vt 0.838307045 0.161345888
vt 0.840255134 0.17595656
vt 0.839281089 0.176930605
vt 0.760383458 0.160371843
vt 0.760383458 0.176930605
vt 0.759409413 0.17595656
vt 0.759409413 0.161345888
vt 0.711681217 0.111669601
vt 0.709733127 0.115565781
vt 0.709733127 0.111669601
vt 0.711681217 0.115565781
vt 0.787656713 0.115565781
vt 0.787656713 0.111669601
vt 0.789604803 0.111669601
vt 0.789604803 0.115565781
vt 0.804215476 0.115565781
vt 0.804215476 0.111669601
vt 0.80518952 0.111669601
vt 0.80518952 0.115565781
vt 0.884087152 0.115565781
vt 0.884087152 0.111669601
vt 0.886035241 0.111669601
vt 0.886035241 0.115565781
vt 0.900645914 0.111669601
vt 0.900645914 0.115565781
vt 0.760383458 0.155501619
vt 0.759409413 0.154527574
vt 0.759409413 0.139916901
vt 0.760383458 0.138942857
vt 0.837333 0.156475664
vt 0.839281089 0.138942857
vt 0.840255134 0.139916901
vt 0.838307045 0.154527574
vt 0.837333 0.160371843
vt 0.838307045 0.161345888
vt 0.840255134 0.17595656
vt 0.839281089 0.176930605
vt 0.760383458 0.160371843
vt 0.760383458 0.176930605
vt 0.759409413 0.17595656
vt 0.759409413 0.161345888
vt 0.711681217 0.111669601
vt 0.709733127 0.115565781
vt 0.709733127 0.111669601
vt 0.711681217 0.115565781
vt 0.787656713 0.115565781
vt 0.787656713 0.111669601
vt 0.789604803 0.111669601
vt 0.789604803 0.115565781
vt 0.804215476 0.115565781
vt 0.804215476 0.111669601
vt 0.80518952 0.111669601
vt 0.80518952 0.115565781
vt 0.884087152 0.115565781
vt 0.884087152 0.111669601
vt 0.886035241 0.111669601
vt 0.886035241 0.115565781
vt 0.900645914 0.111669601
vt 0.900645914 0.115565781
vt 0.760383458 0.155501619
vt 0.759409413 0.154527574
vt 0.759409413 0.139916901
vt 0.760383458 0.138942857
vt 0.837333 0.156475664
vt 0.839281089 0.138942857
vt 0.840255134 0.139916901
vt 0.838307045 0.154527574
vt 0.837333 0.160371843
vt 0.838307045 0.161345888
vt 0.840255134 0.17595656
vt 0.839281089 0.176930605
vt 0.760383458 0.160371843
vt 0.760383458 0.176930605
vt 0.759409413 0.17595656
vt 0.759409413 0.161345888
vt 0.749668965 0.102903198
vt 0.74869492 0.105825332
vt 0.74869492 0.102903198
vt 0.749668965 0.105825332
vt 0.808111655 0.105825332
vt 0.808111655 0.102903198
vt 0.8090857 0.102903198
vt 0.8090857 0.105825332
vt 0.817852103 0.105825332
vt 0.817852103 0.102903198
vt 0.818826148 0.102903198
vt 0.818826148 0.105825332
vt 0.878242883 0.105825332
vt 0.878242883 0.102903198
vt 0.879216928 0.102903198
vt 0.879216928 0.105825332
vt 0.890905465 0.102903198
vt 0.890905465 0.105825332
vt 0.672719424 0.0619933151
vt 0.671745379 0.0610192702
vt 0.671745379 0.0512788219
vt 0.672719424 0.0503047771
vt 0.732136158 0.0619933151
vt 0.732136158 0.0503047771
vt 0.733110203 0.0503047771
vt 0.733110203 0.0610192702
vt 0.732136158 0.0308238805
vt 0.733110203 0.0317979253
vt 0.732136158 0.0434864633
vt 0.731162113 0.0444605081
vt 0.671745379 0.0308238805
vt 0.671745379 0.0415383736
vt 0.670771334 0.0405643288
vt 0.670771334 0.0317979253
vt 0.272386998 0.154527574
vt 0.278231267 0.172060381
vt 0.272386998 0.171086336
vt 0.278231267 0.154527574
vt 0.57921112 0.172060381
vt 0.57921112 0.154527574
vt 0.585055389 0.172060381
vt 0.585055389 0.154527574
vt 0.719473575 0.345440361
vt 0.7243438 0.345440361
vt 0.7243438 0.360051033
vt 0.719473575 0.360051033
vt 0.519794385 0.345440361
vt 0.519794385 0.360051033
vt 0.513950116 0.360051033
vt 0.513950116 0.345440361
vt 0.618172913 0.17790465
vt 0.624991227 0.17790465
vt 0.624991227 0.193489367
vt 0.618172913 0.193489367
vt 0.456481471 0.193489367
vt 0.425312037 0.193489367
vt 0.295764074 0.17790465
vt 0.399986871 0.196411502
vt 0.295764074 0.196411502
vt 0.289919805 0.17790465
vt 0.289919805 0.196411502
vt 0.0317979253 0.172060381
vt 0.0317979253 0.152579484
vt 0.0386162391 0.152579484
vt 0.0386162391 0.172060381
vt 0.254854191 0.172060381
vt 0.254854191 0.152579484
vt 0.261672505 0.172060381
vt 0.261672505 0.152579484
vt 0.045434553 0.325959464
vt 0.0386162391 0.325959464
vt 0.033746015 0.317193061
vt 0.0405643288 0.317193061
vt 0.276283178 0.325959464
vt 0.0405643288 0.315244971
vt 0.033746015 0.315244971
vt 0.280179357 0.317193061
vt 0.0376421943 0.298686209
vt 0.0317979253 0.298686209
vt 0.28894576 0.317193061
vt 0.284075536 0.325959464
vt 0.280179357 0.315244971
vt 0.28894576 0.315244971
vt 0.282127447 0.298686209
vt 0.289919805 0.298686209
vt 0.287971716 0.294790029
vt 0.0386162391 0.294790029
vt 0.033746015 0.294790029
vt 0.045434553 0.281153402
vt 0.282127447 0.294790029
vt 0.0522528668 0.281153402
vt 0.268490819 0.281153402
vt 0.274335088 0.281153402
vt 0.263620595 0.274335088
vt 0.270438909 0.274335088
vt 0.0561490461 0.274335088
vt 0.0493307323 0.274335088
vt 0.0590711806 0.26459464
vt 0.0522528668 0.26459464
vt 0.259724416 0.26459464
vt 0.266542729 0.26459464
vt 0.039590284 0.180826784
vt 0.0317979253 0.180826784
vt 0.0317979253 0.176930605
vt 0.039590284 0.176930605
vt 0.267516774 0.176930605
vt 0.267516774 0.180826784
vt 0.275309133 0.176930605
vt 0.275309133 0.180826784
vt 0.309400702 0.338622047
vt 0.303556433 0.338622047
vt 0.298686209 0.331803733
vt 0.305504523 0.331803733
vt 0.628887406 0.338622047
vt 0.304530478 0.329855643
vt 0.297712164 0.329855643
vt 0.301608343 0.313296881
vt 0.295764074 0.313296881
vt 0.297712164 0.310374747
vt 0.63570572 0.331803733
vt 0.636679765 0.338622047
vt 0.643498079 0.331803733
vt 0.636679765 0.329855643
vt 0.643498079 0.329855643
vt 0.63765381 0.313296881
vt 0.644472123 0.313296881
vt 0.641549989 0.310374747
vt 0.636679765 0.310374747
vt 0.626939317 0.298686209
vt 0.302582388 0.310374747
vt 0.310374747 0.298686209
vt 0.622069092 0.298686209
vt 0.622069092 0.29284194
vt 0.316219016 0.298686209
vt 0.320115195 0.29284194
vt 0.315244971 0.29284194
vt 0.322063285 0.283101492
vt 0.615250779 0.283101492
vt 0.617198868 0.29284194
vt 0.266542729 0.191541277
vt 0.273361043 0.186671053
vt 0.273361043 0.191541277
vt 0.266542729 0.186671053
vt 0.0376421943 0.186671053
vt 0.0376421943 0.191541277
vt 0.0317979253 0.186671053
vt 0.0317979253 0.191541277
vt 0.29284194 0.212970264
vt 0.298686209 0.216866443
vt 0.29284194 0.216866443
vt 0.299660254 0.212970264
vt 0.620121003 0.211996219
vt 0.620121003 0.216866443
vt 0.628887406 0.211996219
vt 0.628887406 0.216866443
vt 0.0493307323 0.249009922
vt 0.0600452254 0.259724416
vt 0.0532269116 0.259724416
vt 0.0561490461 0.249009922
vt 0.258750371 0.259724416
vt 0.0512788219 0.243165653
vt 0.045434553 0.243165653
vt 0.0386162391 0.228554981
vt 0.033746015 0.228554981
vt 0.0376421943 0.224658802
vt 0.0317979253 0.224658802
vt 0.033746015 0.207125995
vt 0.039590284 0.207125995
vt 0.033746015 0.205177905
vt 0.281153402 0.224658802
vt 0.280179357 0.228554981
vt 0.267516774 0.243165653
vt 0.26264655 0.249009922
vt 0.269464864 0.249009922
vt 0.265568685 0.259724416
vt 0.274335088 0.243165653
vt 0.285049581 0.228554981
vt 0.286997671 0.224658802
vt 0.286023626 0.207125995
vt 0.280179357 0.207125995
vt 0.286023626 0.205177905
vt 0.279205312 0.205177905
vt 0.280179357 0.195437457
vt 0.274335088 0.195437457
vt 0.0444605081 0.195437457
vt 0.039590284 0.205177905
vt 0.039590284 0.195437457
vt 0.733110203 0.668823244
vt 0.725317844 0.674667513
vt 0.533431013 0.673693468
vt 0.526612699 0.668823244
vt 0.526612699 0.372713616
vt 0.733110203 0.372713616
vt 0.725317844 0.367843392
vt 0.533431013 0.367843392
vt 0.299660254 0.207125995
vt 0.291867895 0.207125995
vt 0.291867895 0.202255771
vt 0.299660254 0.202255771
vt 0.622069092 0.202255771
vt 0.622069092 0.207125995
vt 0.627913361 0.202255771
vt 0.627913361 0.207125995
vt 0.506157758 0.34738845
vt 0.291867895 0.344466316
vt 0.501287533 0.344466316
vt 0.286023626 0.34738845
vt 0.284075536 0.352258674
vt 0.508105847 0.352258674
vt 0.496417309 0.359076988
vt 0.508105847 0.455507426
vt 0.297712164 0.359076988
vt 0.496417309 0.458429561
vt 0.297712164 0.658108751
vt 0.284075536 0.666875155
vt 0.498365399 0.479858547
vt 0.508105847 0.478884502
vt 0.508105847 0.509079892
vt 0.285049581 0.672719424
vt 0.498365399 0.658108751
vt 0.508105847 0.667849199
vt 0.504209668 0.672719424
vt 0.499339444 0.674667513
vt 0.28894576 0.674667513
vt 0.142839036 0.116539826
vt 0.151605439 0.11946196
vt 0.142839036 0.11946196
vt 0.151605439 0.116539826
vt 0.142839036 0.0931627496
vt 0.151605439 0.0931627496
vt 0.151605439 0.0902406151
vt 0.142839036 0.0902406151
vt 0.142839036 0.0756299427
vt 0.151605439 0.0756299427
vt 0.151605439 0.0727078082
vt 0.142839036 0.0727078082
vt 0.142839036 0.0493307323
vt 0.151605439 0.0493307323
vt 0.151605439 0.0464085978
vt 0.142839036 0.0464085978
vt 0.142839036 0.0317979253
vt 0.151605439 0.0317979253
vt 0.401934961 0.102903198
vt 0.401934961 0.0931627496
vt 0.40388305 0.09121466
vt 0.40388305 0.104851288
vt 0.423363947 0.104851288
vt 0.423363947 0.09121466
vt 0.425312037 0.103877243
vt 0.425312037 0.0921887048
vt 0.840255134 0.085370391
vt 0.868502434 0.085370391
vt 0.868502434 0.0902406151
vt 0.840255134 0.0902406151
vt 0.838307045 0.0902406151
vt 0.838307045 0.085370391
vt 0.820774238 0.085370391
vt 0.820774238 0.0902406151
vt 0.818826148 0.085370391
vt 0.818826148 0.0902406151
vt 0.790578848 0.0902406151
vt 0.790578848 0.085370391
vt 0.788630758 0.085370391
vt 0.788630758 0.0902406151
vt 0.772071996 0.085370391
vt 0.772071996 0.0902406151
vt 0.770123907 0.085370391
vt 0.770123907 0.0902406151
vt 0.693174365 0.0717337634
vt 0.670771334 0.073681853
vt 0.672719424 0.0717337634
vt 0.695122455 0.073681853
vt 0.695122455 0.107773422
vt 0.670771334 0.107773422
vt 0.693174365 0.109721512
vt 0.672719424 0.109721512
vt 0.993180173 0.20810004
vt 0.998050397 0.20810004
vt 0.998050397 0.229529026
vt 0.993180173 0.229529026
vt 0.92402299 0.859736031
vt 0.92402299 0.72239571
vt 0.928893214 0.72239571
vt 0.928893214 0.859736031
vt 0.902594003 0.12141005
vt 0.902594003 0.125306229
vt 0.881165017 0.125306229
vt 0.881165017 0.12141005
vt 0.921100855 0.860710076
vt 0.916230631 0.860710076
vt 0.916230631 0.72239571
vt 0.921100855 0.72239571
vt 0.985387814 0.203229815
vt 0.985387814 0.105825332
vt 0.998050397 0.105825332
vt 0.998050397 0.203229815
vt 0.228554981 0.346414405
vt 0.213944309 0.342518226
vt 0.227580936 0.342518226
vt 0.213944309 0.364921257
vt 0.240243519 0.355180809
vt 0.240243519 0.346414405
vt 0.253880147 0.364921257
vt 0.253880147 0.355180809
vt 0.219788578 0.467195964
vt 0.212970264 0.467195964
vt 0.211996219 0.451611247
vt 0.229529026 0.437974619
vt 0.229529026 0.477910458
vt 0.219788578 0.477910458
vt 0.20615195 0.437974619
vt 0.20615195 0.451611247
vt 0.252906102 0.487650906
vt 0.252906102 0.488624951
vt 0.248035878 0.488624951
vt 0.249009922 0.487650906
vt 0.249009922 0.433104395
vt 0.252906102 0.433104395
vt 0.252906102 0.431156306
vt 0.247061833 0.431156306
vt 0.247061833 0.487650906
vt 0.233425205 0.488624951
vt 0.233425205 0.487650906
vt 0.247061833 0.433104395
vt 0.233425205 0.433104395
vt 0.233425205 0.431156306
vt 0.201281726 0.376609795
vt 0.200307681 0.374661706
vt 0.216866443 0.374661706
vt 0.216866443 0.376609795
vt 0.217840488 0.376609795
vt 0.225632847 0.374661706
vt 0.224658802 0.376609795
vt 0.224658802 0.40388305
vt 0.217840488 0.402909006
vt 0.216866443 0.402909006
vt 0.215892398 0.409727319
vt 0.223684757 0.411675409
vt 0.214918353 0.409727319
vt 0.201281726 0.431156306
vt 0.213944309 0.430182261
vt 0.221736667 0.430182261
vt 0.212970264 0.431156306
vt 0.200307681 0.432130351
vt 0.212970264 0.432130351
vt 0.222710712 0.432130351
vt 0.23245116 0.371739571
vt 0.231477116 0.369791481
vt 0.242191609 0.369791481
vt 0.242191609 0.371739571
vt 0.242191609 0.399012826
vt 0.23245116 0.398038781
vt 0.230503071 0.404857095
vt 0.244139698 0.371739571
vt 0.251932057 0.369791481
vt 0.251932057 0.371739571
vt 0.244139698 0.399012826
vt 0.251932057 0.426286082
vt 0.242191609 0.425312037
vt 0.229529026 0.425312037
vt 0.229529026 0.427260126
vt 0.243165653 0.427260126
vt 0.251932057 0.427260126
vt 0.244139698 0.426286082
vt 0.155501619 0.112643646
vt 0.158423753 0.0571230909
vt 0.161345888 0.0532269116
vt 0.158423753 0.11751387
vt 0.166216112 0.0512788219
vt 0.161345888 0.118487915
vt 0.238295429 0.118487915
vt 0.229529026 0.0512788219
vt 0.233425205 0.0532269116
vt 0.241217564 0.116539826
vt 0.23634734 0.0571230909
vt 0.243165653 0.112643646
vt 0.368817437 0.127254319
vt 0.362973168 0.124332184
vt 0.368817437 0.124332184
vt 0.362973168 0.127254319
vt 0.368817437 0.129202408
vt 0.29089385 0.127254319
vt 0.29089385 0.124332184
vt 0.285049581 0.124332184
vt 0.285049581 0.127254319
vt 0.29089385 0.129202408
vt 0.285049581 0.129202408
vt 0.285049581 0.146735215
vt 0.362973168 0.129202408
vt 0.368817437 0.146735215
vt 0.362973168 0.146735215
vt 0.29089385 0.146735215
vt 0.278231267 0.146735215
vt 0.285049581 0.129202408
vt 0.278231267 0.129202408
vt 0.285049581 0.127254319
vt 0.214918353 0.129202408
vt 0.214918353 0.127254319
vt 0.20810004 0.129202408
vt 0.214918353 0.146735215
vt 0.20810004 0.146735215
vt 0.199333636 0.146735215
vt 0.278231267 0.127254319
vt 0.278231267 0.124332184
vt 0.285049581 0.124332184
vt 0.214918353 0.124332184
vt 0.20810004 0.124332184
vt 0.20810004 0.127254319
vt 0.199333636 0.124332184
vt 0.199333636 0.127254319
vt 0.199333636 0.129202408
vt 0.11751387 0.127254319
vt 0.11751387 0.124332184
vt 0.107773422 0.124332184
vt 0.11751387 0.129202408
vt 0.11751387 0.146735215
vt 0.107773422 0.127254319
vt 0.107773422 0.129202408
vt 0.100955108 0.129202408
vt 0.107773422 0.146735215
vt 0.100955108 0.146735215
vt 0.0376421943 0.146735215
vt 0.100955108 0.127254319
vt 0.0366681495 0.127254319
vt 0.100955108 0.124332184
vt 0.0366681495 0.124332184
vt 0.0317979253 0.124332184
vt 0.0317979253 0.127254319
vt 0.0317979253 0.129202408
vt 0.0366681495 0.129202408
vt 0.0317979253 0.146735215
vt 0.338622047 0.0415383736
vt 0.259724416 0.0434864633
vt 0.26459464 0.0415383736
vt 0.342518226 0.0434864633
vt 0.345440361 0.0473826426
vt 0.257776326 0.0464085978
vt 0.348362495 0.110695557
vt 0.248035878 0.110695557
vt 0.346414405 0.116539826
vt 0.249983967 0.116539826
vt 0.257776326 0.118487915
vt 0.339596092 0.118487915
vt 0.0142651184 0.35128463
vt 0.0269277012 0.363947212
vt 0.0142651184 0.363947212
vt 0.0269277012 0.35128463
vt 0.0142651184 0.348362495
vt 0.0269277012 0.348362495
vt 0.0269277012 0.346414405
vt 0.0142651184 0.346414405
vt 0.0142651184 0.252906102
vt 0.0269277012 0.252906102
vt 0.0269277012 0.250958012
vt 0.0142651184 0.250958012
vt 0.0142651184 0.249009922
vt 0.0269277012 0.249009922
vt 0.0269277012 0.235373295
vt 0.0142651184 0.235373295
vt 0.0269277012 0.229529026
vt 0.0142651184 0.229529026
vt 0.0142651184 0.130176453
vt 0.0269277012 0.130176453
vt 0.986361859 0.00257658043
vt 0.998050397 0.00257658043
vt 0.998050397 0.00647275975
vt 0.986361859 0.00647275975
vt 0.984413769 0.00257658043
vt 0.984413769 0.00647275975
vt 0.981491635 0.00647275975
vt 0.981491635 0.00257658043
vt 0.883113107 0.00257658043
vt 0.883113107 0.00647275975
vt 0.881165017 0.00647275975
vt 0.881165017 0.00257658043
vt 0.878242883 0.00257658043
vt 0.878242883 0.00647275975
vt 0.866554345 0.00647275975
vt 0.866554345 0.00257658043
vt 0.860710076 0.00549871492
vt 0.749668965 0.00549871492
vt 0.749668965 0.0016025356
vt 0.860710076 0.0016025356
vt 0.37563575 0.126280274
vt 0.382454064 0.148683305
vt 0.37563575 0.148683305
vt 0.382454064 0.127254319
vt 0.40388305 0.127254319
vt 0.40388305 0.148683305
vt 0.423363947 0.127254319
vt 0.423363947 0.148683305
vt 0.428234171 0.148683305
vt 0.428234171 0.127254319
vt 0.433104395 0.148683305
vt 0.433104395 0.127254319
vt 0.470118099 0.148683305
vt 0.470118099 0.127254319
vt 0.505183713 0.148683305
vt 0.505183713 0.127254319
vt 0.510053937 0.148683305
vt 0.510053937 0.127254319
vt 0.515898206 0.148683305
vt 0.515898206 0.127254319
vt 0.537327192 0.127254319
vt 0.537327192 0.148683305
vt 0.560704268 0.127254319
vt 0.560704268 0.148683305
vt 0.568496627 0.148683305
vt 0.568496627 0.127254319
vt 0.63375763 0.127254319
vt 0.63375763 0.148683305
vt 0.568496627 0.148683305
vt 0.688304141 0.143813081
vt 0.666875155 0.134072632
vt 0.688304141 0.134072632
vt 0.666875155 0.143813081
vt 0.666875155 0.14770926
vt 0.688304141 0.14770926
vt 0.666875155 0.165242067
vt 0.688304141 0.165242067
vt 0.666875155 0.170112291
vt 0.688304141 0.170112291
vt 0.666875155 0.17985274
vt 0.688304141 0.17985274
vt 0.666875155 0.184722964
vt 0.688304141 0.184722964
vt 0.666875155 0.202255771
vt 0.688304141 0.202255771
vt 0.666875155 0.20615195
vt 0.688304141 0.20615195
vt 0.617198868 0.158423753
vt 0.617198868 0.168164202
vt 0.613302689 0.171086336
vt 0.613302689 0.155501619
vt 0.595769882 0.154527574
vt 0.595769882 0.172060381
vt 0.591873703 0.158423753
vt 0.591873703 0.168164202
vt 0.771097951 0.857787941
vt 0.768175817 0.963958828
vt 0.768175817 0.861684121
vt 0.771097951 0.968829052
vt 0.775968176 0.971751186
vt 0.775968176 0.855839852
vt 0.903568048 0.971751186
vt 0.903568048 0.855839852
vt 0.908438272 0.968829052
vt 0.908438272 0.858761986
vt 0.911360407 0.962984783
vt 0.911360407 0.862658165
vt 0.995128262 0.396090692
vt 0.985387814 0.401934961
vt 0.985387814 0.396090692
vt 0.995128262 0.401934961
vt 0.985387814 0.523690565
vt 0.997076352 0.401934961
vt 0.997076352 0.396090692
vt 0.995128262 0.523690565
vt 0.997076352 0.523690565
vt 0.985387814 0.529534834
vt 0.995128262 0.530508878
vt 0.997076352 0.530508878
vt 0.997076352 0.536353147
vt 0.995128262 0.536353147
vt 0.985387814 0.536353147
vt 0.997076352 0.688304141
vt 0.995128262 0.688304141
vt 0.985387814 0.688304141
vt 0.997076352 0.695122455
vt 0.985387814 0.695122455
vt 0.995128262 0.695122455
vt 0.997076352 0.703888858
vt 0.995128262 0.703888858
vt 0.985387814 0.703888858
vt 0.997076352 0.823696372
vt 0.995128262 0.823696372
vt 0.985387814 0.823696372
vt 0.997076352 0.830514686
vt 0.995128262 0.830514686
vt 0.985387814 0.830514686
vt 0.997076352 0.838307045
vt 0.995128262 0.838307045
vt 0.985387814 0.830514686
vt 0.985387814 0.838307045
vt 0.997076352 0.990258038
vt 0.985387814 0.990258038
vt 0.995128262 0.990258038
vt 0.997076352 0.996102307
vt 0.995128262 0.996102307
vt 0.985387814 0.996102307
vt 0.817852103 0.723369755
vt 0.817852103 0.7243438
vt 0.816878058 0.7243438
vt 0.816878058 0.723369755
vt 0.817852103 0.721421665
vt 0.813955924 0.723369755
vt 0.813955924 0.7243438
vt 0.812007834 0.723369755
vt 0.812007834 0.721421665
vt 0.812007834 0.7243438
vt 0.810059745 0.723369755
vt 0.810059745 0.7243438
vt 0.813955924 0.721421665
vt 0.816878058 0.721421665
vt 0.816878058 0.72044762
vt 0.817852103 0.72044762
vt 0.817852103 0.719473575
vt 0.816878058 0.719473575
vt 0.813955924 0.719473575
vt 0.813955924 0.72044762
vt 0.812007834 0.719473575
vt 0.812007834 0.72044762
vt 0.810059745 0.719473575
vt 0.810059745 0.72044762
vt 0.80713761 0.719473575
vt 0.810059745 0.721421665
vt 0.80713761 0.721421665
vt 0.80713761 0.72044762
vt 0.80713761 0.723369755
vt 0.80713761 0.7243438
vt 0.804215476 0.7243438
vt 0.804215476 0.72044762
vt 0.804215476 0.719473575
vt 0.804215476 0.721421665
vt 0.804215476 0.723369755
vt 0.788630758 0.7243438
vt 0.788630758 0.72044762
vt 0.788630758 0.719473575
vt 0.788630758 0.721421665
vt 0.788630758 0.723369755
vt 0.773046041 0.7243438
vt 0.773046041 0.72044762
vt 0.773046041 0.719473575
vt 0.771097951 0.719473575
vt 0.773046041 0.721421665
vt 0.773046041 0.723369755
vt 0.771097951 0.723369755
vt 0.771097951 0.7243438
vt 0.770123907 0.7243438
vt 0.771097951 0.72044762
vt 0.771097951 0.721421665
vt 0.770123907 0.721421665
vt 0.770123907 0.723369755
vt 0.768175817 0.7243438
vt 0.768175817 0.723369755
vt 0.768175817 0.721421665
vt 0.768175817 0.72044762
vt 0.770123907 0.72044762
vt 0.770123907 0.719473575
vt 0.768175817 0.719473575
vt 0.89577569 0.784734579
vt 0.892853555 0.783760534
vt 0.89577569 0.783760534
vt 0.892853555 0.784734579
vt 0.89577569 0.785708624
vt 0.883113107 0.783760534
vt 0.892853555 0.785708624
vt 0.89577569 0.787656713
vt 0.892853555 0.787656713
vt 0.883113107 0.787656713
vt 0.89577569 0.788630758
vt 0.892853555 0.788630758
vt 0.883113107 0.788630758
vt 0.849995583 0.788630758
vt 0.883113107 0.785708624
vt 0.849995583 0.785708624
vt 0.849995583 0.787656713
vt 0.842203224 0.788630758
vt 0.883113107 0.784734579
vt 0.842203224 0.787656713
vt 0.840255134 0.788630758
vt 0.840255134 0.787656713
vt 0.849995583 0.784734579
vt 0.849995583 0.783760534
vt 0.842203224 0.785708624
vt 0.840255134 0.785708624
vt 0.840255134 0.784734579
vt 0.842203224 0.784734579
vt 0.842203224 0.783760534
vt 0.840255134 0.783760534
vt 0.831488731 0.80713761
vt 0.831488731 0.806163565
vt 0.83538491 0.806163565
vt 0.83538491 0.80713761
vt 0.837333 0.806163565
vt 0.83538491 0.808111655
vt 0.831488731 0.808111655
vt 0.831488731 0.810059745
vt 0.837333 0.80713761
vt 0.840255134 0.806163565
vt 0.83538491 0.810059745
vt 0.831488731 0.811033789
vt 0.83538491 0.811033789
vt 0.837333 0.808111655
vt 0.837333 0.810059745
vt 0.837333 0.811033789
vt 0.840255134 0.810059745
vt 0.840255134 0.811033789
vt 0.840255134 0.80713761
vt 0.849021538 0.806163565
vt 0.840255134 0.808111655
vt 0.849021538 0.810059745
vt 0.849021538 0.811033789
vt 0.849021538 0.808111655
vt 0.878242883 0.810059745
vt 0.878242883 0.811033789
vt 0.849021538 0.80713761
vt 0.878242883 0.808111655
vt 0.889931421 0.810059745
vt 0.889931421 0.811033789
vt 0.878242883 0.80713761
vt 0.878242883 0.806163565
vt 0.889931421 0.806163565
vt 0.889931421 0.80713761
vt 0.890905465 0.806163565
vt 0.890905465 0.810059745
vt 0.890905465 0.811033789
vt 0.889931421 0.808111655
vt 0.890905465 0.80713761
vt 0.8938276 0.806163565
vt 0.8938276 0.810059745
vt 0.8938276 0.808111655
vt 0.8938276 0.811033789
vt 0.89577569 0.811033789
vt 0.89577569 0.810059745
vt 0.89577569 0.808111655
vt 0.89577569 0.80713761
vt 0.89577569 0.806163565
vt 0.890905465 0.808111655
vt 0.8938276 0.80713761
vt 0.89577569 0.769149862
vt 0.89577569 0.772071996
vt 0.89187951 0.772071996
vt 0.89187951 0.769149862
vt 0.877268838 0.769149862
vt 0.89187951 0.766227727
vt 0.877268838 0.766227727
vt 0.861684121 0.766227727
vt 0.877268838 0.772071996
vt 0.89187951 0.774994131
vt 0.861684121 0.769149862
vt 0.832462776 0.770123907
vt 0.832462776 0.769149862
vt 0.832462776 0.772071996
vt 0.830514686 0.770123907
vt 0.830514686 0.772071996
vt 0.861684121 0.772071996
vt 0.832462776 0.773046041
vt 0.877268838 0.774994131
vt 0.861684121 0.774994131
vt 0.861684121 0.777916265
vt 0.832462776 0.774994131
vt 0.877268838 0.775968176
vt 0.89187951 0.777916265
vt 0.885061197 0.746746831
vt 0.887983331 0.746746831
vt 0.887983331 0.751617055
vt 0.885061197 0.751617055
vt 0.790578848 0.7525911
vt 0.790578848 0.745772786
vt 0.885061197 0.745772786
vt 0.791552893 0.756487279
vt 0.785708624 0.7525911
vt 0.785708624 0.756487279
vt 0.791552893 0.761357503
vt 0.885061197 0.753565144
vt 0.791552893 0.767201772
vt 0.886035241 0.756487279
vt 0.816878058 0.769149862
vt 0.815904014 0.771097951
vt 0.815904014 0.769149862
vt 0.816878058 0.771097951
vt 0.817852103 0.771097951
vt 0.817852103 0.769149862
vt 0.818826148 0.769149862
vt 0.816878058 0.77889031
vt 0.815904014 0.77889031
vt 0.818826148 0.771097951
vt 0.819800193 0.769149862
vt 0.819800193 0.771097951
vt 0.817852103 0.77889031
vt 0.818826148 0.77889031
vt 0.818826148 0.803241431
vt 0.819800193 0.77889031
vt 0.819800193 0.803241431
vt 0.819800193 0.810059745
vt 0.816878058 0.803241431
vt 0.815904014 0.803241431
vt 0.815904014 0.810059745
vt 0.817852103 0.803241431
vt 0.817852103 0.810059745
vt 0.818826148 0.810059745
vt 0.819800193 0.812007834
vt 0.818826148 0.812007834
vt 0.817852103 0.812007834
vt 0.816878058 0.812007834
vt 0.815904014 0.812007834
vt 0.816878058 0.810059745
vt 0.138942857 0.479858547
vt 0.138942857 0.481806637
vt 0.102903198 0.481806637
vt 0.102903198 0.479858547
vt 0.743824696 0.00257658043
vt 0.743824696 0.00452467009
vt 0.659082796 0.00452467009
vt 0.659082796 0.00257658043
vt 0.0921887048 0.533431013
vt 0.135046677 0.533431013
vt 0.135046677 0.536353147
vt 0.0921887048 0.536353147
vt 0.572392806 0.00744680458
vt 0.657134706 0.00744680458
vt 0.657134706 0.00939489424
vt 0.572392806 0.00939489424
vt 0.514924161 0.495443264
vt 0.512002027 0.498365399
vt 0.512002027 0.413623499
vt 0.514924161 0.415571588
vt 0.514924161 0.40777923
vt 0.512002027 0.409727319
vt 0.512002027 0.365895302
vt 0.514924161 0.367843392
vt 0.157449708 0.0434864633
vt 0.157449708 0.0347200598
vt 0.237321384 0.0347200598
vt 0.237321384 0.0434864633
vt 0.819800193 0.0240055667
vt 0.819800193 0.0142651184
vt 0.862658165 0.0142651184
vt 0.862658165 0.0240055667
vt 0.519794385 0.415571588
vt 0.521742475 0.413623499
vt 0.521742475 0.498365399
vt 0.519794385 0.495443264
vt 0.207125995 0.537327192
vt 0.198359591 0.537327192
vt 0.198359591 0.457455516
vt 0.207125995 0.457455516
vt 0.102903198 0.441870799
vt 0.139916901 0.441870799
vt 0.139916901 0.449663157
vt 0.102903198 0.449663157
vt 0.519794385 0.366869347
vt 0.521742475 0.364921257
vt 0.521742475 0.408753275
vt 0.519794385 0.406805185
vt 0.0639414047 0.659082796
vt 0.0639414047 0.616224823
vt 0.0658894944 0.616224823
vt 0.0658894944 0.659082796
vt 0.0746558979 0.00257658043
vt 0.0746558979 0.00452467009
vt 0.0016025356 0.00452467009
vt 0.0016025356 0.00257658043
vt 0.374661706 0.11751387
vt 0.37758384 0.0629673599
vt 0.378557885 0.115565781
vt 0.374661706 0.0629673599
vt 0.362973168 0.0610192702
vt 0.362973168 0.11946196
vt 0.132124543 0.0240055667
vt 0.191541277 0.027901746
vt 0.134072632 0.0269277012
vt 0.194463412 0.0240055667
vt 0.132124543 0.0123170287
vt 0.196411502 0.0123170287
vt 0.0522528668 0.0103689391
vt 0.127254319 0.0103689391
vt 0.127254319 0.0123170287
vt 0.0522528668 0.0123170287
vt 0.194463412 0.430182261
vt 0.154527574 0.430182261
vt 0.154527574 0.427260126
vt 0.194463412 0.427260126
vt 0.66200493 0.0103689391
vt 0.66395302 0.00744680458
vt 0.743824696 0.00744680458
vt 0.745772786 0.0103689391
vt 0.164268022 0.63765381
vt 0.166216112 0.63570572
vt 0.209074084 0.63570572
vt 0.211996219 0.63765381
vt 0.0873184807 0.572392806
vt 0.0951108393 0.572392806
vt 0.0951108393 0.648368303
vt 0.0873184807 0.648368303
vt 0.909412317 0.726291889
vt 0.864606255 0.726291889
vt 0.864606255 0.718499531
vt 0.909412317 0.718499531
vt 0.166216112 0.630835496
vt 0.164268022 0.628887406
vt 0.211996219 0.628887406
vt 0.210048129 0.630835496
vt 0.572392806 0.00452467009
vt 0.570444716 0.00257658043
vt 0.654212572 0.00257658043
vt 0.652264482 0.00452467009
vt 0.100955108 0.573366851
vt 0.108747467 0.572392806
vt 0.108747467 0.648368303
vt 0.100955108 0.648368303
vt 0.864606255 0.705836948
vt 0.905516138 0.705836948
vt 0.905516138 0.713629306
vt 0.864606255 0.713629306
vt 0.512002027 0.630835496
vt 0.512002027 0.590899658
vt 0.514924161 0.590899658
vt 0.514924161 0.630835496
vt 0.521742475 0.594795837
vt 0.521742475 0.630835496
vt 0.51882034 0.630835496
vt 0.51882034 0.594795837
vt 0.0103689391 0.442844844
vt 0.00842084941 0.438948664
vt 0.0103689391 0.438948664
vt 0.00842084941 0.441870799
vt 0.0103689391 0.481806637
vt 0.0016025356 0.441870799
vt 0.0016025356 0.438948664
vt 0.0016025356 0.483754727
vt 0.00842084941 0.483754727
vt 0.00842084941 0.486676861
vt 0.0103689391 0.486676861
vt 0.0016025356 0.486676861
vt 0.00842084941 0.489598995
vt 0.0016025356 0.489598995
vt 0.0103689391 0.49057304
vt 0.0016025356 0.529534834
vt 0.00842084941 0.529534834
vt 0.0103689391 0.528560789
vt 0.0103689391 0.532456968
vt 0.0016025356 0.532456968
vt 0.00842084941 0.532456968
vt 0.0103689391 0.536353147
vt 0.00842084941 0.535379102
vt 0.0016025356 0.535379102
vt 0.0016025356 0.57921112
vt 0.00842084941 0.57921112
vt 0.0103689391 0.578237075
vt 0.00842084941 0.582133254
vt 0.0016025356 0.582133254
vt 0.0103689391 0.582133254
vt 0.00842084941 0.585055389
vt 0.0016025356 0.585055389
vt 0.0103689391 0.586029434
vt 0.0016025356 0.626939317
vt 0.00842084941 0.626939317
vt 0.0103689391 0.625965272
vt 0.0016025356 0.630835496
vt 0.0103689391 0.628887406
vt 0.00842084941 0.630835496
vt 0.514924161 0.63765381
vt 0.514924161 0.675641558
vt 0.512002027 0.674667513
vt 0.512002027 0.63765381
vt 0.521742475 0.674667513
vt 0.51882034 0.674667513
vt 0.51882034 0.634731675
vt 0.521742475 0.63570572
vt 0.102903198 0.468170009
vt 0.104851288 0.467195964
vt 0.137968812 0.467195964
vt 0.139916901 0.468170009
vt 0.139916901 0.454533382
vt 0.137968812 0.456481471
vt 0.104851288 0.456481471
vt 0.102903198 0.454533382
vt 0.127254319 0.551937865
vt 0.127254319 0.555834044
vt 0.0931627496 0.555834044
vt 0.0931627496 0.551937865
vt 0.00647275975 0.671745379
vt 0.00257658043 0.671745379
vt 0.00257658043 0.63765381
vt 0.00647275975 0.63765381
vt 0.139916901 0.460377651
vt 0.137968812 0.46232574
vt 0.104851288 0.46232574
vt 0.102903198 0.460377651
vt 0.0960848841 0.548041685
vt 0.0960848841 0.544145506
vt 0.127254319 0.544145506
vt 0.127254319 0.548041685
vt 0.102903198 0.474988323
vt 0.104851288 0.473040233
vt 0.137968812 0.473040233
vt 0.139916901 0.474988323
vt 0.00647275975 0.678563693
vt 0.00647275975 0.711681217
vt 0.0016025356 0.711681217
vt 0.0016025356 0.678563693
vt 0.195437457 0.411675409
vt 0.195437457 0.37563575
vt 0.197385546 0.37563575
vt 0.197385546 0.411675409
vt 0.135046677 0.508105847
vt 0.104851288 0.508105847
vt 0.104851288 0.505183713
vt 0.135046677 0.505183713
vt 0.0503047771 0.627913361
vt 0.0522528668 0.630835496
vt 0.0503047771 0.630835496
vt 0.0522528668 0.627913361
vt 0.0580971357 0.627913361
vt 0.0580971357 0.630835496
vt 0.0580971357 0.586029434
vt 0.0522528668 0.586029434
vt 0.0503047771 0.586029434
vt 0.0522528668 0.582133254
vt 0.0580971357 0.582133254
vt 0.0503047771 0.582133254
vt 0.0522528668 0.578237075
vt 0.0580971357 0.578237075
vt 0.0503047771 0.578237075
vt 0.0580971357 0.535379102
vt 0.0522528668 0.535379102
vt 0.0503047771 0.535379102
vt 0.0503047771 0.531482923
vt 0.0580971357 0.531482923
vt 0.0522528668 0.531482923
vt 0.0503047771 0.528560789
vt 0.0522528668 0.528560789
vt 0.0580971357 0.528560789
vt 0.0580971357 0.481806637
vt 0.0522528668 0.481806637
vt 0.0503047771 0.481806637
vt 0.0580971357 0.477910458
vt 0.0522528668 0.477910458
vt 0.0503047771 0.477910458
vt 0.0580971357 0.474014278
vt 0.0522528668 0.474014278
vt 0.0503047771 0.474014278
vt 0.0580971357 0.431156306
vt 0.0522528668 0.431156306
vt 0.0503047771 0.431156306
vt 0.0580971357 0.427260126
vt 0.0503047771 0.427260126
vt 0.0522528668 0.427260126
vt 0.104851288 0.487650906
vt 0.136994767 0.487650906
vt 0.136994767 0.49057304
vt 0.104851288 0.49057304
vt 0.104851288 0.498365399
vt 0.104851288 0.496417309
vt 0.136020722 0.496417309
vt 0.136020722 0.498365399
vt 0.192515322 0.559730223
vt 0.194463412 0.557782134
vt 0.223684757 0.557782134
vt 0.225632847 0.559730223
vt 0.218814533 0.576288985
vt 0.220762622 0.578237075
vt 0.220762622 0.60745842
vt 0.218814533 0.60940651
vt 0.17790465 0.382454064
vt 0.181800829 0.382454064
vt 0.181800829 0.412649454
vt 0.17790465 0.412649454
vt 0.103877243 0.512976071
vt 0.135046677 0.512976071
vt 0.135046677 0.516872251
vt 0.103877243 0.516872251
vt 0.185697008 0.556808089
vt 0.183748919 0.558756178
vt 0.150631395 0.558756178
vt 0.148683305 0.556808089
vt 0.186671053 0.412649454
vt 0.186671053 0.382454064
vt 0.190567233 0.382454064
vt 0.190567233 0.412649454
vt 0.227580936 0.60940651
vt 0.225632847 0.608432465
vt 0.225632847 0.578237075
vt 0.226606891 0.576288985
vt 0.0512788219 0.634731675
vt 0.0551750013 0.634731675
vt 0.0551750013 0.66395302
vt 0.0512788219 0.66395302
vt 0.764279638 0.0902406151
vt 0.763305593 0.0882925255
vt 0.764279638 0.0882925255
vt 0.763305593 0.0902406151
vt 0.762331548 0.0902406151
vt 0.762331548 0.0882925255
vt 0.756487279 0.0902406151
vt 0.756487279 0.0882925255
vt 0.728239979 0.0902406151
vt 0.728239979 0.0882925255
vt 0.723369755 0.0902406151
vt 0.723369755 0.0882925255
vt 0.72239571 0.0902406151
vt 0.72239571 0.0882925255
vt 0.72044762 0.0902406151
vt 0.72044762 0.0882925255
vt 0.868502434 0.0990070186
vt 0.8655803 0.0990070186
vt 0.8655803 0.0980329738
vt 0.868502434 0.0960848841
vt 0.868502434 0.0951108393
vt 0.864606255 0.097058929
vt 0.8655803 0.0941367945
vt 0.857787941 0.0941367945
vt 0.858761986 0.097058929
vt 0.831488731 0.0941367945
vt 0.831488731 0.097058929
vt 0.826618507 0.097058929
vt 0.824670417 0.0941367945
vt 0.822722327 0.0951108393
vt 0.824670417 0.0980329738
vt 0.821748283 0.0960848841
vt 0.821748283 0.0990070186
vt 0.824670417 0.0990070186
vt 0.709733127 0.0980329738
vt 0.709733127 0.0960848841
vt 0.712655262 0.0960848841
vt 0.712655262 0.0980329738
vt 0.714603351 0.0960848841
vt 0.714603351 0.0980329738
vt 0.716551441 0.0960848841
vt 0.716551441 0.0980329738
vt 0.7243438 0.0960848841
vt 0.7243438 0.0980329738
vt 0.75064301 0.0960848841
vt 0.75064301 0.0980329738
vt 0.758435369 0.0980329738
vt 0.758435369 0.0960848841
vt 0.760383458 0.0980329738
vt 0.760383458 0.0960848841
vt 0.761357503 0.0980329738
vt 0.761357503 0.0960848841
vt 0.764279638 0.0980329738
vt 0.764279638 0.0960848841
vt 0.770123907 0.0960848841
vt 0.773046041 0.0990070186
vt 0.770123907 0.0990070186
vt 0.773046041 0.0980329738
vt 0.770123907 0.0951108393
vt 0.774020086 0.097058929
vt 0.772071996 0.0941367945
vt 0.779864355 0.0941367945
vt 0.779864355 0.097058929
vt 0.80713761 0.097058929
vt 0.80713761 0.0941367945
vt 0.812981879 0.097058929
vt 0.813955924 0.0941367945
vt 0.815904014 0.0951108393
vt 0.813955924 0.0980329738
vt 0.816878058 0.097058929
vt 0.816878058 0.0990070186
vt 0.813955924 0.0990070186
vt 0.546093596 0.0240055667
vt 0.546093596 0.0132910736
vt 0.559730223 0.0132910736
vt 0.560704268 0.0240055667
vt 0.54901573 0.027901746
vt 0.560704268 0.027901746
vt 0.652264482 0.027901746
vt 0.655186617 0.0240055667
vt 0.657134706 0.0132910736
vt 0.43602653 0.0230315219
vt 0.435052485 0.0123170287
vt 0.534405058 0.0123170287
vt 0.533431013 0.0230315219
vt 0.438948664 0.027901746
vt 0.541223371 0.0123170287
vt 0.532456968 0.027901746
vt 0.540249327 0.0230315219
vt 0.538301237 0.027901746
vt 0.0162132081 0.66200493
vt 0.0259536564 0.66200493
vt 0.0259536564 0.666875155
vt 0.0162132081 0.666875155
vt 0.0132910736 0.66395302
vt 0.0132910736 0.667849199
vt 0.0132910736 0.712655262
vt 0.0162132081 0.713629306
vt 0.0259536564 0.713629306
vt 0.0132910736 0.719473575
vt 0.0162132081 0.718499531
vt 0.0259536564 0.718499531
vt 0.0132910736 0.726291889
vt 0.0162132081 0.723369755
vt 0.0259536564 0.723369755
vt 0.0162132081 0.818826148
vt 0.0132910736 0.817852103
vt 0.0259536564 0.818826148
vt 0.0132910736 0.822722327
vt 0.0162132081 0.823696372
vt 0.0259536564 0.823696372
vt 0.0132910736 0.829540641
vt 0.0162132081 0.828566596
vt 0.0259536564 0.828566596
vt 0.0132910736 0.885061197
vt 0.0162132081 0.886035241
vt 0.0259536564 0.886035241
vt 0.0132910736 0.890905465
vt 0.0259536564 0.890905465
vt 0.0162132081 0.890905465
vt 0.0132910736 0.897723779
vt 0.0259536564 0.89577569
vt 0.0162132081 0.89577569
vt 0.0132910736 0.994154217
vt 0.0259536564 0.996102307
vt 0.0162132081 0.996102307
vt 0.902594003 0.731162113
vt 0.908438272 0.734084248
vt 0.912334452 0.738954472
vt 0.900645914 0.739928517
vt 0.779864355 0.739928517
vt 0.900645914 0.839281089
vt 0.774994131 0.731162113
vt 0.771097951 0.734084248
vt 0.769149862 0.737980427
vt 0.912334452 0.840255134
vt 0.779864355 0.839281089
vt 0.910386362 0.847073448
vt 0.905516138 0.849995583
vt 0.774994131 0.849995583
vt 0.769149862 0.843177269
vt 0.771097951 0.847073448
vt 0.749668965 0.102903198
vt 0.74869492 0.105825332
vt 0.74869492 0.102903198
vt 0.749668965 0.105825332
vt 0.808111655 0.105825332
vt 0.808111655 0.102903198
vt 0.8090857 0.102903198
vt 0.8090857 0.105825332
vt 0.817852103 0.105825332
vt 0.817852103 0.102903198
vt 0.818826148 0.102903198
vt 0.818826148 0.105825332
vt 0.878242883 0.105825332
vt 0.878242883 0.102903198
vt 0.879216928 0.102903198
vt 0.879216928 0.105825332
vt 0.890905465 0.102903198
vt 0.890905465 0.105825332
vt 0.672719424 0.0619933151
vt 0.671745379 0.0610192702
vt 0.671745379 0.0512788219
vt 0.672719424 0.0503047771
vt 0.732136158 0.0619933151
vt 0.732136158 0.0503047771
vt 0.733110203 0.0503047771
vt 0.733110203 0.0610192702
vt 0.732136158 0.0308238805
vt 0.733110203 0.0317979253
vt 0.732136158 0.0434864633
vt 0.731162113 0.0444605081
vt 0.671745379 0.0308238805
vt 0.671745379 0.0415383736
vt 0.670771334 0.0405643288
vt 0.670771334 0.0317979253
vt 0.66395302 0.120436005
vt 0.66200493 0.125306229
vt 0.66200493 0.120436005
vt 0.66395302 0.125306229
vt 0.746746831 0.125306229
vt 0.746746831 0.120436005
vt 0.747720875 0.120436005
vt 0.747720875 0.125306229
vt 0.764279638 0.125306229
vt 0.764279638 0.120436005
vt 0.765253682 0.120436005
vt 0.765253682 0.125306229
vt 0.849995583 0.125306229
vt 0.849995583 0.120436005
vt 0.851943672 0.120436005
vt 0.851943672 0.125306229
vt 0.86752839 0.120436005
vt 0.86752839 0.125306229
vt 0.849995583 0.207125995
vt 0.851943672 0.20810004
vt 0.851943672 0.225632847
vt 0.850969627 0.226606891
vt 0.763305593 0.207125995
vt 0.761357503 0.226606891
vt 0.759409413 0.224658802
vt 0.762331548 0.20810004
vt 0.763305593 0.201281726
vt 0.761357503 0.200307681
vt 0.759409413 0.183748919
vt 0.760383458 0.181800829
vt 0.849995583 0.200307681
vt 0.849995583 0.181800829
vt 0.850969627 0.182774874
vt 0.850969627 0.199333636
vt 0.342518226 0.500313489
vt 0.327907554 0.450637202
vt 0.342518226 0.450637202
vt 0.327907554 0.498365399
vt 0.342518226 0.504209668
vt 0.332777778 0.503235623
vt 0.342518226 0.545119551
vt 0.332777778 0.545119551
vt 0.341544181 0.548041685
vt 0.333751823 0.548041685
vt 0.371739571 0.557782134
vt 0.367843392 0.553885954
vt 0.371739571 0.553885954
vt 0.367843392 0.557782134
vt 0.371739571 0.599666061
vt 0.345440361 0.557782134
vt 0.345440361 0.553885954
vt 0.367843392 0.599666061
vt 0.338622047 0.558756178
vt 0.338622047 0.599666061
vt 0.331803733 0.553885954
vt 0.331803733 0.557782134
vt 0.311348792 0.553885954
vt 0.311348792 0.557782134
vt 0.307452612 0.553885954
vt 0.307452612 0.557782134
vt 0.331803733 0.599666061
vt 0.311348792 0.599666061
vt 0.307452612 0.599666061
vt 0.302582388 0.604536285
vt 0.330829688 0.604536285
vt 0.306478567 0.604536285
vt 0.302582388 0.653238527
vt 0.306478567 0.653238527
vt 0.330829688 0.652264482
vt 0.338622047 0.604536285
vt 0.338622047 0.651290437
vt 0.346414405 0.604536285
vt 0.346414405 0.651290437
vt 0.345440361 0.599666061
vt 0.371739571 0.604536285
vt 0.371739571 0.652264482
vt 0.37563575 0.652264482
vt 0.37563575 0.604536285
vt 0.303556433 0.54901573
vt 0.320115195 0.502261578
vt 0.320115195 0.54901573
vt 0.303556433 0.502261578
vt 0.306478567 0.498365399
vt 0.320115195 0.498365399
vt 0.320115195 0.456481471
vt 0.306478567 0.456481471
vt 0.308426657 0.453559337
vt 0.322063285 0.453559337
vt 0.401934961 0.402909006
vt 0.404857095 0.387324288
vt 0.404857095 0.400960916
vt 0.382454064 0.402909006
vt 0.37563575 0.395116647
vt 0.385376199 0.374661706
vt 0.378557885 0.374661706
vt 0.37563575 0.37758384
vt 0.367843392 0.49252113
vt 0.353232719 0.447715068
vt 0.367843392 0.447715068
vt 0.353232719 0.49252113
vt 0.350310585 0.49252113
vt 0.350310585 0.447715068
vt 0.399986871 0.559730223
vt 0.387324288 0.52076843
vt 0.399986871 0.52076843
vt 0.387324288 0.559730223
vt 0.384402154 0.559730223
vt 0.384402154 0.52076843
vt 0.40583114 0.515898206
vt 0.410701364 0.515898206
vt 0.40583114 0.560704268
vt 0.410701364 0.560704268
vt 0.426286082 0.515898206
vt 0.426286082 0.560704268
vt 0.431156306 0.521742475
vt 0.435052485 0.559730223
vt 0.431156306 0.559730223
vt 0.435052485 0.521742475
vt 0.452585292 0.521742475
vt 0.452585292 0.559730223
vt 0.439922709 0.416545633
vt 0.440896754 0.421415857
vt 0.427260126 0.421415857
vt 0.429208216 0.416545633
vt 0.426286082 0.412649454
vt 0.440896754 0.412649454
vt 0.424337992 0.414597544
vt 0.425312037 0.420441813
vt 0.425312037 0.423363947
vt 0.49252113 0.552911909
vt 0.49057304 0.535379102
vt 0.49252113 0.534405058
vt 0.49057304 0.54901573
vt 0.489598995 0.554859999
vt 0.488624951 0.551937865
vt 0.468170009 0.551937865
vt 0.467195964 0.554859999
vt 0.460377651 0.551937865
vt 0.461351695 0.544145506
vt 0.473040233 0.523690565
vt 0.463299785 0.54901573
vt 0.458429561 0.544145506
vt 0.461351695 0.527586744
vt 0.458429561 0.523690565
vt 0.465247875 0.523690565
vt 0.474014278 0.52076843
vt 0.460377651 0.52076843
vt 0.454533382 0.602588196
vt 0.470118099 0.599666061
vt 0.469144054 0.602588196
vt 0.456481471 0.599666061
vt 0.450637202 0.599666061
vt 0.453559337 0.597717972
vt 0.450637202 0.572392806
vt 0.453559337 0.574340896
vt 0.46232574 0.563626403
vt 0.489598995 0.582133254
vt 0.456481471 0.567522582
vt 0.452585292 0.565574492
vt 0.461351695 0.559730223
vt 0.487650906 0.559730223
vt 0.486676861 0.563626403
vt 0.49252113 0.565574492
vt 0.489598995 0.566548537
vt 0.49252113 0.58115921
vt 0.399986871 0.415571588
vt 0.417519678 0.415571588
vt 0.416545633 0.420441813
vt 0.402909006 0.420441813
vt 0.415571588 0.423363947
vt 0.399986871 0.423363947
vt 0.396090692 0.419467768
vt 0.397064737 0.413623499
vt 0.388298333 0.515898206
vt 0.380505975 0.515898206
vt 0.380505975 0.471092144
vt 0.388298333 0.471092144
vt 0.445766978 0.442844844
vt 0.445766978 0.437974619
vt 0.491547085 0.437974619
vt 0.491547085 0.442844844
vt 0.491547085 0.470118099
vt 0.445766978 0.470118099
vt 0.491547085 0.477910458
vt 0.445766978 0.478884502
vt 0.491547085 0.486676861
vt 0.445766978 0.486676861
vt 0.445766978 0.511027982
vt 0.491547085 0.511027982
vt 0.491547085 0.515898206
vt 0.445766978 0.515898206
vt 0.343492271 0.412649454
vt 0.389272378 0.412649454
vt 0.389272378 0.430182261
vt 0.343492271 0.430182261
vt 0.401934961 0.366869347
vt 0.406805185 0.37563575
vt 0.401934961 0.37563575
vt 0.406805185 0.366869347
vt 0.404857095 0.362973168
vt 0.430182261 0.362973168
vt 0.429208216 0.366869347
vt 0.441870799 0.376609795
vt 0.422389902 0.402909006
vt 0.437974619 0.369791481
vt 0.438948664 0.366869347
vt 0.444792933 0.37563575
vt 0.444792933 0.400960916
vt 0.441870799 0.399986871
vt 0.439922709 0.40583114
vt 0.439922709 0.402909006
vt 0.422389902 0.40583114
vt 0.487650906 0.404857095
vt 0.478884502 0.404857095
vt 0.479858547 0.401934961
vt 0.485702816 0.401934961
vt 0.491547085 0.401934961
vt 0.487650906 0.399012826
vt 0.491547085 0.376609795
vt 0.487650906 0.37758384
vt 0.452585292 0.384402154
vt 0.484728771 0.370765526
vt 0.487650906 0.367843392
vt 0.479858547 0.363947212
vt 0.479858547 0.366869347
vt 0.458429561 0.366869347
vt 0.452585292 0.363947212
vt 0.452585292 0.372713616
vt 0.449663157 0.384402154
vt 0.449663157 0.367843392
vt 0.302582388 0.404857095
vt 0.313296881 0.448689113
vt 0.302582388 0.448689113
vt 0.315244971 0.412649454
vt 0.310374747 0.404857095
vt 0.310374747 0.401934961
vt 0.302582388 0.401934961
vt 0.37563575 0.595769882
vt 0.37563575 0.563626403
vt 0.381480019 0.595769882
vt 0.381480019 0.563626403
vt 0.394142602 0.511027982
vt 0.394142602 0.482780682
vt 0.437000575 0.511027982
vt 0.437000575 0.482780682
vt 0.439922709 0.506157758
vt 0.439922709 0.482780682
vt 0.394142602 0.474014278
vt 0.439922709 0.474014278
vt 0.437000575 0.474014278
vt 0.394142602 0.46427383
vt 0.437000575 0.46427383
vt 0.439922709 0.46427383
vt 0.439922709 0.437974619
vt 0.431156306 0.435052485
vt 0.394142602 0.435052485
vt 0.437000575 0.437974619
vt 0.431156306 0.431156306
vt 0.394142602 0.431156306
vt 0.439922709 0.429208216
vt 0.441870799 0.432130351
vt 0.306478567 0.363947212
vt 0.303556433 0.396090692
vt 0.303556433 0.363947212
vt 0.308426657 0.396090692
vt 0.328881599 0.396090692
vt 0.328881599 0.363947212
vt 0.334725867 0.396090692
vt 0.334725867 0.363947212
vt 0.342518226 0.396090692
vt 0.342518226 0.363947212
vt 0.365895302 0.363947212
vt 0.365895302 0.396090692
vt 0.369791481 0.363947212
vt 0.369791481 0.396090692
vt 0.364921257 0.40777923
vt 0.363947212 0.408753275
vt 0.361025078 0.404857095
vt 0.361025078 0.40388305
vt 0.336673957 0.40388305
vt 0.337648002 0.404857095
vt 0.329855643 0.406805185
vt 0.327907554 0.40388305
vt 0.324985419 0.410701364
vt 0.320115195 0.409727319
vt 0.324985419 0.432130351
vt 0.320115195 0.433104395
vt 0.326933509 0.43407844
vt 0.324011374 0.438948664
vt 0.342518226 0.438948664
vt 0.342518226 0.43407844
vt 0.308426657 0.400960916
vt 0.310374747 0.401934961
vt 0.302582388 0.401934961
vt 0.303556433 0.399986871
vt 0.374661706 0.502261578
vt 0.354206764 0.499339444
vt 0.374661706 0.500313489
vt 0.353232719 0.502261578
vt 0.352258674 0.545119551
vt 0.374661706 0.545119551
vt 0.348362495 0.502261578
vt 0.34738845 0.497391354
vt 0.34738845 0.54706764
vt 0.357128899 0.548041685
vt 0.374661706 0.548041685
vt 0.34738845 0.549989775
vt 0.388298333 0.46622192
vt 0.374661706 0.46622192
vt 0.374661706 0.435052485
vt 0.388298333 0.435052485
vt 0.480832592 0.650316392
vt 0.452585292 0.652264482
vt 0.453559337 0.649342348
vt 0.479858547 0.647394258
vt 0.485702816 0.642524034
vt 0.487650906 0.644472123
vt 0.489598995 0.636679765
vt 0.49252113 0.636679765
vt 0.454533382 0.622069092
vt 0.453559337 0.640575944
vt 0.478884502 0.604536285
vt 0.488624951 0.60745842
vt 0.49252113 0.60551033
vt 0.486676861 0.601614151
vt 0.486676861 0.604536285
vt 0.477910458 0.603562241
vt 0.919152766 0.916230631
vt 0.917204676 0.916230631
vt 0.917204676 0.864606255
vt 0.919152766 0.864606255
vt 0.9220749 0.916230631
vt 0.9220749 0.864606255
vt 0.92402299 0.916230631
vt 0.92402299 0.864606255
vt 0.926945124 0.916230631
vt 0.926945124 0.864606255
vt 0.0415383736 0.362973168
vt 0.0415383736 0.353232719
vt 0.0425124185 0.353232719
vt 0.0425124185 0.362973168
vt 0.0415383736 0.378557885
vt 0.0434864633 0.353232719
vt 0.0425124185 0.378557885
vt 0.0415383736 0.392194512
vt 0.0434864633 0.362973168
vt 0.045434553 0.353232719
vt 0.0425124185 0.392194512
vt 0.0415383736 0.40583114
vt 0.045434553 0.362973168
vt 0.0464085978 0.353232719
vt 0.0464085978 0.362973168
vt 0.0434864633 0.378557885
vt 0.045434553 0.378557885
vt 0.0464085978 0.378557885
vt 0.0425124185 0.40583114
vt 0.0415383736 0.418493723
vt 0.0434864633 0.392194512
vt 0.045434553 0.392194512
vt 0.0464085978 0.392194512
vt 0.0425124185 0.418493723
vt 0.0415383736 0.429208216
vt 0.0434864633 0.40583114
vt 0.045434553 0.40583114
vt 0.0464085978 0.40583114
vt 0.0425124185 0.429208216
vt 0.0415383736 0.439922709
vt 0.0434864633 0.418493723
vt 0.045434553 0.418493723
vt 0.0464085978 0.418493723
vt 0.0425124185 0.439922709
vt 0.0415383736 0.454533382
vt 0.0434864633 0.429208216
vt 0.045434553 0.429208216
vt 0.0464085978 0.429208216
vt 0.0425124185 0.454533382
vt 0.0415383736 0.472066189
vt 0.0434864633 0.439922709
vt 0.045434553 0.439922709
vt 0.0464085978 0.439922709
vt 0.0425124185 0.472066189
vt 0.0415383736 0.489598995
vt 0.0434864633 0.454533382
vt 0.045434553 0.454533382
vt 0.0464085978 0.454533382
vt 0.0425124185 0.489598995
vt 0.0415383736 0.496417309
vt 0.0434864633 0.472066189
vt 0.045434553 0.472066189
vt 0.0464085978 0.472066189
vt 0.0425124185 0.496417309
vt 0.0415383736 0.499339444
vt 0.0434864633 0.489598995
vt 0.045434553 0.489598995
vt 0.0464085978 0.489598995
vt 0.0425124185 0.499339444
vt 0.0415383736 0.501287533
vt 0.0434864633 0.496417309
vt 0.045434553 0.496417309
vt 0.0464085978 0.496417309
vt 0.0425124185 0.501287533
vt 0.0415383736 0.504209668
vt 0.0434864633 0.499339444
vt 0.045434553 0.499339444
vt 0.0464085978 0.499339444
vt 0.0425124185 0.504209668
vt 0.0415383736 0.530508878
vt 0.0434864633 0.501287533
vt 0.045434553 0.501287533
vt 0.0464085978 0.501287533
vt 0.0425124185 0.530508878
vt 0.0415383736 0.531482923
vt 0.0434864633 0.504209668
vt 0.045434553 0.504209668
vt 0.0464085978 0.504209668
vt 0.0425124185 0.531482923
vt 0.0415383736 0.532456968
vt 0.0434864633 0.530508878
vt 0.045434553 0.530508878
vt 0.0464085978 0.530508878
vt 0.0425124185 0.532456968
vt 0.0415383736 0.54706764
vt 0.0434864633 0.531482923
vt 0.045434553 0.531482923
vt 0.0464085978 0.531482923
vt 0.0425124185 0.54706764
vt 0.0415383736 0.552911909
vt 0.0434864633 0.532456968
vt 0.045434553 0.532456968
vt 0.0464085978 0.532456968
vt 0.0425124185 0.552911909
vt 0.0415383736 0.556808089
vt 0.0434864633 0.54706764
vt 0.045434553 0.54706764
vt 0.0464085978 0.54706764
vt 0.0425124185 0.556808089
vt 0.0415383736 0.578237075
vt 0.0434864633 0.552911909
vt 0.045434553 0.552911909
vt 0.0464085978 0.552911909
vt 0.0434864633 0.556808089
vt 0.045434553 0.556808089
vt 0.0464085978 0.556808089
vt 0.045434553 0.578237075
vt 0.0464085978 0.578237075
vt 0.0425124185 0.578237075
vt 0.0415383736 0.626939317
vt 0.0434864633 0.578237075
vt 0.045434553 0.626939317
vt 0.0464085978 0.626939317
vt 0.0425124185 0.626939317
vt 0.0415383736 0.629861451
vt 0.0434864633 0.626939317
vt 0.0425124185 0.629861451
vt 0.0415383736 0.63375763
vt 0.045434553 0.629861451
vt 0.0464085978 0.629861451
vt 0.0434864633 0.629861451
vt 0.0425124185 0.63375763
vt 0.0415383736 0.654212572
vt 0.0425124185 0.654212572
vt 0.0434864633 0.63375763
vt 0.0434864633 0.654212572
vt 0.045434553 0.63375763
vt 0.0464085978 0.63375763
vt 0.045434553 0.654212572
vt 0.0464085978 0.654212572
vt 0.0688116289 0.599666061
vt 0.0688116289 0.611354599
vt 0.0639414047 0.611354599
vt 0.0639414047 0.599666061
vt 0.0688116289 0.597717972
vt 0.0639414047 0.597717972
vt 0.0688116289 0.521742475
vt 0.0639414047 0.521742475
vt 0.0688116289 0.519794385
vt 0.0639414047 0.519794385
vt 0.0639414047 0.508105847
vt 0.0688116289 0.508105847
vt 0.0688116289 0.505183713
vt 0.0639414047 0.505183713
vt 0.0688116289 0.430182261
vt 0.0639414047 0.430182261
vt 0.0688116289 0.427260126
vt 0.0639414047 0.427260126
vt 0.737006382 0.242191609
vt 0.729214024 0.211996219
vt 0.743824696 0.213944309
vt 0.729214024 0.239269474
vt 0.732136158 0.247061833
vt 0.726291889 0.213944309
vt 0.727265934 0.243165653
vt 0.725317844 0.251932057
vt 0.726291889 0.238295429
vt 0.682459872 0.238295429
vt 0.682459872 0.213944309
vt 0.678563693 0.211022174
vt 0.678563693 0.239269474
vt 0.664927065 0.213944309
vt 0.670771334 0.241217564
vt 0.674667513 0.247061833
vt 0.683433917 0.241217564
vt 0.680511782 0.243165653
vt 0.681485827 0.251932057
vt 0.7243438 0.241217564
vt 0.684407962 0.247061833
vt 0.688304141 0.253880147
vt 0.72239571 0.248035878
vt 0.686356051 0.245113743
vt 0.721421665 0.245113743
vt 0.718499531 0.249009922
vt 0.719473575 0.253880147
vt 0.689278186 0.249009922
vt 0.689278186 0.246087788
vt 0.718499531 0.246087788
vt 0.995128262 0.0931627496
vt 0.995128262 0.0999810634
vt 0.991232083 0.0999810634
vt 0.991232083 0.0931627496
vt 0.995128262 0.0892665703
vt 0.986361859 0.0999810634
vt 0.991232083 0.0892665703
vt 0.995128262 0.0834223013
vt 0.986361859 0.0931627496
vt 0.979543545 0.0999810634
vt 0.991232083 0.0834223013
vt 0.995128262 0.0785520772
vt 0.991232083 0.0785520772
vt 0.986361859 0.0892665703
vt 0.979543545 0.0931627496
vt 0.971751186 0.0999810634
vt 0.986361859 0.0834223013
vt 0.986361859 0.0785520772
vt 0.979543545 0.0892665703
vt 0.971751186 0.0931627496
vt 0.964932873 0.0999810634
vt 0.979543545 0.0834223013
vt 0.979543545 0.0785520772
vt 0.971751186 0.0892665703
vt 0.964932873 0.0931627496
vt 0.958114559 0.0999810634
vt 0.971751186 0.0834223013
vt 0.971751186 0.0785520772
vt 0.964932873 0.0892665703
vt 0.958114559 0.0931627496
vt 0.9503222 0.0999810634
vt 0.964932873 0.0834223013
vt 0.964932873 0.0785520772
vt 0.958114559 0.0892665703
vt 0.9503222 0.0931627496
vt 0.937659617 0.0999810634
vt 0.958114559 0.0834223013
vt 0.958114559 0.0785520772
vt 0.9503222 0.0892665703
vt 0.937659617 0.0931627496
vt 0.923048945 0.0999810634
vt 0.9503222 0.0834223013
vt 0.9503222 0.0785520772
vt 0.937659617 0.0892665703
vt 0.923048945 0.0931627496
vt 0.874346703 0.0999810634
vt 0.874346703 0.0931627496
vt 0.937659617 0.0834223013
vt 0.937659617 0.0785520772
vt 0.923048945 0.0892665703
vt 0.874346703 0.0892665703
vt 0.923048945 0.0834223013
vt 0.923048945 0.0785520772
vt 0.874346703 0.0834223013
vt 0.874346703 0.0785520772
vt 0.69414841 0.185697008
vt 0.69414841 0.158423753
vt 0.743824696 0.158423753
vt 0.743824696 0.185697008
vt 0.741876606 0.190567233
vt 0.695122455 0.190567233
vt 0.699992679 0.194463412
vt 0.737980427 0.194463412
vt 0.704862903 0.195437457
vt 0.733110203 0.195437457
vt 0.876294793 0.240243519
vt 0.762331548 0.246087788
vt 0.762331548 0.240243519
vt 0.876294793 0.246087788
vt 0.762331548 0.329855643
vt 0.876294793 0.329855643
vt 0.876294793 0.337648002
vt 0.762331548 0.337648002
vt 0.876294793 0.34738845
vt 0.762331548 0.34738845
vt 0.762331548 0.451611247
vt 0.876294793 0.451611247
vt 0.876294793 0.459403606
vt 0.762331548 0.459403606
vt 0.876294793 0.465247875
vt 0.762331548 0.465247875
vt 0.762331548 0.55096382
vt 0.876294793 0.55096382
vt 0.876294793 0.557782134
vt 0.762331548 0.557782134
vt 0.762331548 0.564600447
vt 0.876294793 0.564600447
vt 0.762331548 0.669797289
vt 0.876294793 0.669797289
vt 0.762331548 0.676615603
vt 0.876294793 0.676615603
vt 0.816878058 0.706810993
vt 0.768175817 0.708759082
vt 0.768175817 0.706810993
vt 0.816878058 0.708759082
vt 0.768175817 0.710707172
vt 0.816878058 0.710707172
vt 0.768175817 0.712655262
vt 0.816878058 0.712655262
vt 0.768175817 0.713629306
vt 0.816878058 0.713629306
vt 0.789604803 0.823696372
vt 0.789604803 0.820774238
vt 0.847073448 0.816878058
vt 0.848047493 0.820774238
vt 0.890905465 0.820774238
vt 0.890905465 0.822722327
vt 0.890905465 0.824670417
vt 0.848047493 0.825644462
vt 0.789604803 0.826618507
vt 0.89187951 0.826618507
vt 0.8938276 0.824670417
vt 0.8938276 0.826618507
vt 0.789604803 0.829540641
vt 0.786682669 0.826618507
vt 0.786682669 0.829540641
vt 0.848047493 0.829540641
vt 0.848047493 0.834410865
vt 0.89187951 0.829540641
vt 0.790578848 0.832462776
vt 0.670771334 0.874346703
vt 0.670771334 0.95227029
vt 0.597717972 0.874346703
vt 0.597717972 0.95227029
vt 0.422389902 0.0016025356
vt 0.422389902 0.00452467009
vt 0.315244971 0.00452467009
vt 0.315244971 0.0016025356
vt 0.195437457 0.34933654
vt 0.0600452254 0.343492271
vt 0.195437457 0.343492271
vt 0.0551750013 0.34933654
vt 0.0532269116 0.346414405
vt 0.0512788219 0.352258674
vt 0.0512788219 0.392194512
vt 0.0551750013 0.392194512
vt 0.0610192702 0.417519678
vt 0.0551750013 0.422389902
vt 0.125306229 0.422389902
vt 0.127254319 0.417519678
vt 0.194463412 0.422389902
vt 0.194463412 0.417519678
vt 0.112643646 0.00257658043
vt 0.079526122 0.00452467009
vt 0.079526122 0.00257658043
vt 0.112643646 0.00452467009
vt 0.132124543 0.00452467009
vt 0.132124543 0.00257658043
vt 0.106799377 0.0181612977
vt 0.0639414047 0.0191353425
vt 0.0649154496 0.0181612977
vt 0.106799377 0.0191353425
vt 0.125306229 0.0181612977
vt 0.126280274 0.0191353425
vt 0.568496627 0.00939489424
vt 0.431156306 0.00939489424
vt 0.430182261 0.00744680458
vt 0.568496627 0.00744680458
vt 0.00842084941 0.996102307
vt 0.00257658043 0.996102307
vt 0.00257658043 0.856813896
vt 0.00842084941 0.856813896
vt 0.11946196 0.619146958
vt 0.113617691 0.57726303
vt 0.11946196 0.57726303
vt 0.113617691 0.619146958
vt 0.11946196 0.643498079
vt 0.113617691 0.643498079
vt 0.428234171 0.0016025356
vt 0.499339444 0.00355062526
vt 0.427260126 0.00355062526
vt 0.500313489 0.0016025356
vt 0.566548537 0.00355062526
vt 0.566548537 0.0016025356
vt 0.00744680458 0.783760534
vt 0.0016025356 0.717525486
vt 0.00744680458 0.717525486
vt 0.0016025356 0.783760534
vt 0.0016025356 0.850969627
vt 0.00744680458 0.850969627
vt 0.26459464 0.00549871492
vt 0.310374747 0.0016025356
vt 0.310374747 0.00452467009
vt 0.26459464 0.0016025356
vt 0.218814533 0.0016025356
vt 0.218814533 0.00452467009
vt 0.237321384 0.0123170287
vt 0.20420386 0.0249796115
vt 0.203229815 0.0123170287
vt 0.23634734 0.0249796115
vt 0.205177905 0.0288757908
vt 0.23634734 0.0288757908
vt 0.278231267 0.0249796115
vt 0.278231267 0.0123170287
vt 0.277257223 0.0288757908
vt 0.286023626 0.0249796115
vt 0.286023626 0.0123170287
vt 0.285049581 0.0288757908
vt 0.291867895 0.0123170287
vt 0.29284194 0.0249796115
vt 0.429208216 0.0123170287
vt 0.293815985 0.0288757908
vt 0.429208216 0.0249796115
vt 0.430182261 0.0288757908
vt 0.521742475 0.590899658
vt 0.519794385 0.590899658
vt 0.519794385 0.504209668
vt 0.521742475 0.504209668
vt 0.512002027 0.504209668
vt 0.513950116 0.504209668
vt 0.513950116 0.585055389
vt 0.512002027 0.585055389
vt 0.190567233 0.537327192
vt 0.194463412 0.449663157
vt 0.193489367 0.536353147
vt 0.190567233 0.448689113
vt 0.180826784 0.537327192
vt 0.180826784 0.448689113
vt 0.0775780323 0.429208216
vt 0.073681853 0.447715068
vt 0.073681853 0.430182261
vt 0.0775780323 0.446741023
vt 0.073681853 0.551937865
vt 0.0775780323 0.553885954
vt 0.0873184807 0.446741023
vt 0.0873184807 0.429208216
vt 0.0873184807 0.554859999
vt 0.138942857 0.00549871492
vt 0.138942857 0.0016025356
vt 0.212970264 0.0016025356
vt 0.212970264 0.00549871492
vt 0.0542009564 0.0269277012
vt 0.0542009564 0.0240055667
vt 0.126280274 0.0240055667
vt 0.126280274 0.0269277012
vt 0.157449708 0.535379102
vt 0.156475664 0.537327192
vt 0.156475664 0.438948664
vt 0.158423753 0.440896754
vt 0.168164202 0.445766978
vt 0.170112291 0.443818888
vt 0.170112291 0.535379102
vt 0.168164202 0.533431013
vt 0.0016025356 0.35128463
vt 0.00939489424 0.35128463
vt 0.00939489424 0.433104395
vt 0.0016025356 0.433104395
vt 0.0016025356 0.252906102
vt 0.0103689391 0.252906102
vt 0.0103689391 0.346414405
vt 0.0016025356 0.345440361
vt 0.162319933 0.443818888
vt 0.164268022 0.445766978
vt 0.164268022 0.533431013
vt 0.162319933 0.535379102
vt 0.17595656 0.537327192
vt 0.174008471 0.535379102
vt 0.174008471 0.440896754
vt 0.17595656 0.438948664
vt 0.0016025356 0.0503047771
vt 0.0103689391 0.0503047771
vt 0.0103689391 0.14770926
vt 0.0016025356 0.14770926
vt 0.0016025356 0.248035878
vt 0.0016025356 0.153553529
vt 0.0103689391 0.153553529
vt 0.0103689391 0.248035878
vt 0.109721512 0.101929153
vt 0.11751387 0.0892665703
vt 0.11946196 0.101929153
vt 0.108747467 0.0892665703
vt 0.100955108 0.101929153
vt 0.113617691 0.0834223013
vt 0.100955108 0.0892665703
vt 0.0931627496 0.101929153
vt 0.106799377 0.0834223013
vt 0.111669601 0.0805001668
vt 0.105825332 0.0805001668
vt 0.0999810634 0.0834223013
vt 0.0999810634 0.0805001668
vt 0.0931627496 0.0892665703
vt 0.085370391 0.101929153
vt 0.0921887048 0.0834223013
vt 0.0921887048 0.0805001668
vt 0.085370391 0.0892665703
vt 0.0766039875 0.101929153
vt 0.085370391 0.0834223013
vt 0.085370391 0.0805001668
vt 0.0775780323 0.0892665703
vt 0.0688116289 0.101929153
vt 0.0775780323 0.0834223013
vt 0.0775780323 0.0805001668
vt 0.0697856737 0.0892665703
vt 0.0600452254 0.101929153
vt 0.0697856737 0.0834223013
vt 0.0697856737 0.0805001668
vt 0.0610192702 0.0892665703
vt 0.0512788219 0.101929153
vt 0.0522528668 0.0892665703
vt 0.0629673599 0.0834223013
vt 0.0639414047 0.0805001668
vt 0.0561490461 0.0834223013
vt 0.0590711806 0.0805001668
vt 0.102903198 0.0522528668
vt 0.0561490461 0.0483566874
vt 0.101929153 0.0483566874
vt 0.0561490461 0.0522528668
vt 0.102903198 0.0551750013
vt 0.0561490461 0.0551750013
vt 0.102903198 0.0590711806
vt 0.0561490461 0.0590711806
vt 0.102903198 0.0619933151
vt 0.0561490461 0.0619933151
vt 0.102903198 0.0658894944
vt 0.0561490461 0.0658894944
vt 0.102903198 0.0688116289
vt 0.0561490461 0.0688116289
vt 0.102903198 0.0727078082
vt 0.0561490461 0.0727078082
vt 0.101929153 0.0756299427
vt 0.0561490461 0.0756299427
vt 0.133098588 0.369791481
vt 0.209074084 0.365895302
vt 0.207125995 0.369791481
vt 0.134072632 0.365895302
vt 0.0600452254 0.369791481
vt 0.209074084 0.354206764
vt 0.0600452254 0.365895302
vt 0.134072632 0.354206764
vt 0.0600452254 0.354206764
vt 0.77889031 0.0259536564
vt 0.66200493 0.0259536564
vt 0.66200493 0.0171872529
vt 0.77889031 0.0171872529
vt 0.799345251 0.0259536564
vt 0.66200493 0.0142651184
vt 0.799345251 0.0171872529
vt 0.77889031 0.0142651184
vt 0.799345251 0.0142651184
vt 0.876294793 0.022057477
vt 0.876294793 0.0123170287
vt 0.988309948 0.0123170287
vt 0.988309948 0.022057477
vt 0.878242883 0.0249796115
vt 0.996102307 0.0123170287
vt 0.987335904 0.0249796115
vt 0.996102307 0.022057477
vt 0.995128262 0.0249796115
vt 0.701940768 0.143813081
vt 0.693174365 0.14770926
vt 0.693174365 0.143813081
vt 0.701940768 0.14770926
vt 0.701940768 0.14965735
vt 0.693174365 0.14965735
vt 0.703888858 0.14965735
vt 0.703888858 0.14770926
vt 0.703888858 0.143813081
vt 0.717525486 0.14965735
vt 0.717525486 0.143813081
vt 0.717525486 0.14770926
vt 0.719473575 0.14965735
vt 0.719473575 0.14770926
vt 0.719473575 0.143813081
vt 0.728239979 0.14770926
vt 0.728239979 0.14965735
vt 0.728239979 0.143813081
vt 0.730188069 0.14965735
vt 0.730188069 0.14770926
vt 0.730188069 0.143813081
vt 0.743824696 0.14965735
vt 0.743824696 0.143813081
vt 0.743824696 0.14770926
vt 0.745772786 0.14965735
vt 0.745772786 0.14770926
vt 0.745772786 0.143813081
vt 0.755513234 0.243165653
vt 0.756487279 0.244139698
vt 0.756487279 0.250958012
vt 0.755513234 0.251932057
vt 0.743824696 0.251932057
vt 0.743824696 0.243165653
vt 0.742850651 0.244139698
vt 0.742850651 0.250958012
vt 0.9503222 0.107773422
vt 0.976621411 0.355180809
vt 0.9503222 0.355180809
vt 0.976621411 0.108747467
vt 0.976621411 0.105825332
vt 0.9503222 0.103877243
vt 0.98051759 0.108747467
vt 0.98051759 0.357128899
vt 0.976621411 0.355180809
vt 0.976621411 0.359076988
vt 0.98051759 0.671745379
vt 0.9503222 0.359076988
vt 0.9503222 0.355180809
vt 0.976621411 0.672719424
vt 0.976621411 0.676615603
vt 0.9503222 0.673693468
vt 0.9503222 0.676615603
vt 0.912334452 0.361025078
vt 0.938633662 0.674667513
vt 0.912334452 0.676615603
vt 0.938633662 0.360051033
vt 0.943503886 0.674667513
vt 0.943503886 0.359076988
vt 0.938633662 0.357128899
vt 0.912334452 0.357128899
vt 0.943503886 0.110695557
vt 0.938633662 0.357128899
vt 0.938633662 0.110695557
vt 0.912334452 0.109721512
vt 0.912334452 0.357128899
vt 0.657134706 0.152579484
vt 0.653238527 0.159397798
vt 0.653238527 0.152579484
vt 0.657134706 0.159397798
vt 0.653238527 0.166216112
vt 0.661030886 0.159397798
vt 0.661030886 0.153553529
vt 0.661030886 0.166216112
vt 0.657134706 0.166216112
vt 0.653238527 0.174008471
vt 0.661030886 0.174008471
vt 0.657134706 0.174008471
vt 0.653238527 0.180826784
vt 0.661030886 0.180826784
vt 0.657134706 0.180826784
vt 0.653238527 0.187645098
vt 0.661030886 0.187645098
vt 0.657134706 0.187645098
vt 0.653238527 0.194463412
vt 0.661030886 0.194463412
vt 0.657134706 0.194463412
vt 0.653238527 0.201281726
vt 0.661030886 0.201281726
vt 0.657134706 0.201281726
vt 0.653238527 0.209074084
vt 0.661030886 0.209074084
vt 0.657134706 0.209074084
vt 0.653238527 0.215892398
vt 0.661030886 0.215892398
vt 0.657134706 0.215892398
vt 0.653238527 0.222710712
vt 0.661030886 0.222710712
vt 0.657134706 0.222710712
vt 0.653238527 0.229529026
vt 0.661030886 0.229529026
vt 0.657134706 0.229529026
vt 0.653238527 0.237321384
vt 0.661030886 0.23634734
vt 0.657134706 0.237321384
vt 0.653238527 0.244139698
vt 0.661030886 0.244139698
vt 0.657134706 0.244139698
vt 0.653238527 0.250958012
vt 0.661030886 0.250958012
vt 0.657134706 0.250958012
vt 0.653238527 0.257776326
vt 0.661030886 0.257776326
vt 0.657134706 0.257776326
vt 0.653238527 0.265568685
vt 0.661030886 0.26459464
vt 0.657134706 0.265568685
vt 0.647394258 0.214918353
vt 0.647394258 0.220762622
vt 0.642524034 0.220762622
vt 0.642524034 0.214918353
vt 0.647394258 0.209074084
vt 0.642524034 0.209074084
vt 0.647394258 0.202255771
vt 0.642524034 0.202255771
vt 0.647394258 0.196411502
vt 0.642524034 0.196411502
vt 0.647394258 0.190567233
vt 0.642524034 0.190567233
vt 0.647394258 0.184722964
vt 0.642524034 0.184722964
vt 0.647394258 0.178878695
vt 0.642524034 0.178878695
vt 0.647394258 0.173034426
vt 0.642524034 0.173034426
vt 0.647394258 0.167190157
vt 0.642524034 0.167190157
vt 0.647394258 0.161345888
vt 0.642524034 0.161345888
vt 0.647394258 0.155501619
vt 0.642524034 0.155501619
vt 0.647394258 0.14965735
vt 0.642524034 0.14965735
vt 0.647394258 0.143813081
vt 0.642524034 0.143813081
vt 0.642524034 0.137968812
vt 0.647394258 0.137968812
vt 0.647394258 0.132124543
vt 0.642524034 0.132124543
vt 0.647394258 0.125306229
vt 0.642524034 0.125306229
vt 0.997076352 0.339596092
vt 0.997076352 0.390246423
vt 0.994154217 0.390246423
vt 0.994154217 0.339596092
vt 0.994154217 0.336673957
vt 0.997076352 0.336673957
vt 0.994154217 0.333751823
vt 0.997076352 0.333751823
vt 0.994154217 0.293815985
vt 0.997076352 0.293815985
vt 0.994154217 0.28894576
vt 0.997076352 0.28894576
vt 0.994154217 0.277257223
vt 0.997076352 0.277257223
vt 0.997076352 0.23439925
vt 0.994154217 0.23439925
vt 0.989283993 0.330829688
vt 0.989283993 0.390246423
vt 0.985387814 0.390246423
vt 0.985387814 0.330829688
vt 0.985387814 0.327907554
vt 0.989283993 0.327907554
vt 0.985387814 0.324011374
vt 0.989283993 0.324011374
vt 0.985387814 0.291867895
vt 0.989283993 0.291867895
vt 0.985387814 0.286997671
vt 0.989283993 0.286997671
vt 0.985387814 0.280179357
vt 0.989283993 0.280179357
vt 0.985387814 0.221736667
vt 0.989283993 0.221736667
vt 0.737980427 0.573366851
vt 0.757461324 0.573366851
vt 0.757461324 0.667849199
vt 0.737980427 0.667849199
vt 0.756487279 0.671745379
vt 0.737980427 0.671745379
vt 0.756487279 0.676615603
vt 0.737980427 0.676615603
vt 0.877268838 0.227580936
vt 0.875320748 0.23245116
vt 0.870450524 0.228554981
vt 0.871424569 0.235373295
vt 0.756487279 0.235373295
vt 0.756487279 0.228554981
vt 0.751617055 0.233425205
vt 0.749668965 0.228554981
vt 0.756487279 0.136994767
vt 0.749668965 0.136994767
vt 0.751617055 0.134072632
vt 0.756487279 0.131150498
vt 0.787656713 0.135046677
vt 0.787656713 0.131150498
vt 0.737980427 0.573366851
vt 0.757461324 0.567522582
vt 0.757461324 0.573366851
vt 0.737980427 0.567522582
vt 0.757461324 0.561678313
vt 0.737980427 0.561678313
vt 0.757461324 0.443818888
vt 0.737980427 0.443818888
vt 0.757461324 0.437974619
vt 0.737980427 0.437974619
vt 0.757461324 0.433104395
vt 0.737980427 0.433104395
vt 0.737980427 0.338622047
vt 0.757461324 0.338622047
vt 0.757461324 0.333751823
vt 0.737980427 0.333751823
vt 0.737980427 0.327907554
vt 0.757461324 0.327907554
vt 0.385376199 0.0571230909
vt 0.35128463 0.0571230909
vt 0.35128463 0.0356941047
vt 0.394142602 0.0356941047
vt 0.394142602 0.105825332
vt 0.385376199 0.108747467
vt 0.399012826 0.110695557
vt 0.396090692 0.118487915
vt 0.404857095 0.113617691
vt 0.401934961 0.12141005
vt 0.444792933 0.115565781
vt 0.451611247 0.122384095
vt 0.455507426 0.120436005
vt 0.448689113 0.114591736
vt 0.449663157 0.109721512
vt 0.456481471 0.11751387
vt 0.456481471 0.0551750013
vt 0.449663157 0.0347200598
vt 0.49057304 0.0347200598
vt 0.489598995 0.0551750013
vt 0.871424569 0.130176453
vt 0.842203224 0.133098588
vt 0.842203224 0.130176453
vt 0.870450524 0.136020722
vt 0.875320748 0.133098588
vt 0.877268838 0.136994767
vt 0.877268838 0.227580936
vt 0.870450524 0.228554981
vt 0.233425205 0.523690565
vt 0.228554981 0.523690565
vt 0.227580936 0.51882034
vt 0.23439925 0.51882034
vt 0.192515322 0.589925613
vt 0.186671053 0.589925613
vt 0.187645098 0.586029434
vt 0.191541277 0.586029434
vt 0.23439925 0.508105847
vt 0.233425205 0.512002027
vt 0.229529026 0.512002027
vt 0.228554981 0.508105847
vt 0.187645098 0.600640106
vt 0.191541277 0.600640106
vt 0.192515322 0.604536285
vt 0.185697008 0.604536285
vt 0.83538491 0.707785037
vt 0.83538491 0.726291889
vt 0.829540641 0.726291889
vt 0.829540641 0.707785037
vt 0.823696372 0.707785037
vt 0.823696372 0.726291889
vt 0.853891762 0.707785037
vt 0.859736031 0.707785037
vt 0.859736031 0.726291889
vt 0.853891762 0.726291889
vt 0.848047493 0.707785037
vt 0.848047493 0.726291889
vt 0.842203224 0.707785037
vt 0.842203224 0.726291889
vt 0.83538491 0.707785037
vt 0.83538491 0.726291889
vt 0.827592552 0.790578848
vt 0.828566596 0.792526938
vt 0.826618507 0.796423117
vt 0.824670417 0.796423117
vt 0.828566596 0.799345251
vt 0.827592552 0.801293341
vt 0.832462776 0.799345251
vt 0.833436821 0.801293341
vt 0.834410865 0.796423117
vt 0.836358955 0.796423117
vt 0.832462776 0.792526938
vt 0.833436821 0.790578848
vt 0.827592552 0.790578848
vt 0.828566596 0.792526938
vt 0.797397162 0.8090857
vt 0.802267386 0.774020086
vt 0.802267386 0.8090857
vt 0.797397162 0.774020086
vt 0.793500982 0.774020086
vt 0.793500982 0.8090857
vt 0.789604803 0.8090857
vt 0.789604803 0.774020086
vt 0.785708624 0.774020086
vt 0.785708624 0.8090857
vt 0.824670417 0.782786489
vt 0.826618507 0.77889031
vt 0.827592552 0.7808384
vt 0.826618507 0.782786489
vt 0.827592552 0.784734579
vt 0.826618507 0.786682669
vt 0.830514686 0.786682669
vt 0.829540641 0.784734579
vt 0.832462776 0.782786489
vt 0.830514686 0.782786489
vt 0.830514686 0.77889031
vt 0.829540641 0.7808384
vt 0.827592552 0.7808384
vt 0.826618507 0.77889031
vt 0.806163565 0.8090857
vt 0.810059745 0.774020086
vt 0.810059745 0.8090857
vt 0.806163565 0.774020086
vt 0.802267386 0.774020086
vt 0.802267386 0.8090857
vt 0.92402299 0.9220749
vt 0.92402299 0.971751186
vt 0.9220749 0.971751186
vt 0.9220749 0.9220749
vt 0.92012681 0.9220749
vt 0.92012681 0.971751186
vt 0.919152766 0.9220749
vt 0.919152766 0.971751186
vt 0.917204676 0.971751186
vt 0.917204676 0.9220749
vt 0.925971079 0.9220749
vt 0.92402299 0.971751186
vt 0.92402299 0.9220749
vt 0.925971079 0.971751186
vt 0.927919169 0.9220749
vt 0.927919169 0.971751186
vt 0.486676861 0.858761986
vt 0.486676861 0.951296245
vt 0.406805185 0.960062648
vt 0.395116647 0.858761986
vt 0.254854191 0.95227029
vt 0.218814533 0.95227029
vt 0.254854191 0.870450524
vt 0.211996219 0.872398614
vt 0.108747467 0.868502434
vt 0.158423753 0.868502434
vt 0.108747467 0.957140514
vt 0.158423753 0.957140514
vt 0.631809541 0.164268022
vt 0.631809541 0.153553529
vt 0.63765381 0.153553529
vt 0.63765381 0.164268022
vt 0.631809541 0.167190157
vt 0.63765381 0.167190157
vt 0.631809541 0.174008471
vt 0.63765381 0.174008471
vt 0.631809541 0.17595656
vt 0.63765381 0.17595656
vt 0.631809541 0.189593188
vt 0.63765381 0.189593188
vt 0.631809541 0.192515322
vt 0.63765381 0.192515322
vt 0.631809541 0.199333636
vt 0.63765381 0.199333636
vt 0.631809541 0.201281726
vt 0.63765381 0.201281726
vt 0.670771334 0.335699912
vt 0.666875155 0.327907554
vt 0.669797289 0.329855643
vt 0.668823244 0.337648002
vt 0.655186617 0.337648002
vt 0.656160661 0.327907554
vt 0.653238527 0.336673957
vt 0.654212572 0.329855643
vt 0.336673957 0.679537737
vt 0.336673957 0.996102307
vt 0.328881599 0.996102307
vt 0.329855643 0.679537737
vt 0.255828236 0.810059745
vt 0.255828236 0.679537737
vt 0.258750371 0.8655803
vt 0.258750371 0.963958828
vt 0.207125995 0.8655803
vt 0.207125995 0.963958828
vt 0.17790465 0.810059745
vt 0.162319933 0.963958828
vt 0.039590284 0.996102307
vt 0.162319933 0.864606255
vt 0.104851288 0.963958828
vt 0.104851288 0.864606255
vt 0.165242067 0.80713761
vt 0.165242067 0.765253682
vt 0.17790465 0.679537737
vt 0.039590284 0.679537737
vt 0.122384095 0.80713761
vt 0.122384095 0.765253682
vt 0.109721512 0.808111655
vt 0.109721512 0.765253682
vt 0.0668635392 0.808111655
vt 0.0668635392 0.765253682
vt 0.0317979253 0.996102307
vt 0.0317979253 0.679537737
vt 0.344466316 0.679537737
vt 0.526612699 0.679537737
vt 0.526612699 0.683433917
vt 0.344466316 0.683433917
vt 0.526612699 0.849995583
vt 0.344466316 0.849995583
vt 0.526612699 0.854865807
vt 0.344466316 0.854865807
vt 0.726291889 0.328881599
vt 0.733110203 0.328881599
vt 0.733110203 0.333751823
vt 0.726291889 0.335699912
vt 0.719473575 0.328881599
vt 0.72044762 0.337648002
vt 0.713629306 0.328881599
vt 0.713629306 0.338622047
vt 0.706810993 0.328881599
vt 0.706810993 0.338622047
vt 0.700966724 0.328881599
vt 0.700966724 0.336673957
vt 0.69414841 0.328881599
vt 0.69414841 0.334725867
vt 0.687330096 0.328881599
vt 0.687330096 0.333751823
vt 0.681485827 0.328881599
vt 0.681485827 0.333751823
vt 0.705836948 0.294790029
vt 0.716551441 0.300634298
vt 0.710707172 0.300634298
vt 0.72239571 0.295764074
vt 0.72239571 0.28894576
vt 0.705836948 0.287971716
vt 0.717525486 0.284075536
vt 0.710707172 0.284075536
vt 0.89577569 0.793500982
vt 0.845125358 0.795449072
vt 0.845125358 0.793500982
vt 0.89577569 0.795449072
vt 0.845125358 0.797397162
vt 0.89577569 0.797397162
vt 0.845125358 0.799345251
vt 0.89577569 0.799345251
vt 0.845125358 0.801293341
vt 0.89577569 0.801293341
vt 0.251932057 0.806163565
vt 0.183748919 0.806163565
vt 0.183748919 0.679537737
vt 0.251932057 0.679537737
vt 0.882139062 0.675641558
vt 0.882139062 0.378557885
vt 0.894801645 0.378557885
vt 0.894801645 0.675641558
vt 0.89577569 0.14576117
vt 0.89577569 0.360051033
vt 0.883113107 0.360051033
vt 0.883113107 0.14576117
vt 0.901619959 0.676615603
vt 0.901619959 0.378557885
vt 0.907464228 0.382454064
vt 0.907464228 0.672719424
vt 0.901619959 0.359076988
vt 0.901619959 0.144787126
vt 0.907464228 0.150631395
vt 0.907464228 0.355180809
vt 0.23439925 0.564600447
vt 0.231477116 0.569470672
vt 0.230503071 0.568496627
vt 0.157449708 0.564600447
vt 0.163293977 0.568496627
vt 0.161345888 0.568496627
vt 0.161345888 0.570444716
vt 0.157449708 0.645446168
vt 0.161345888 0.639601899
vt 0.162319933 0.641549989
vt 0.157449708 0.645446168
vt 0.162319933 0.641549989
vt 0.164268022 0.641549989
vt 0.23439925 0.645446168
vt 0.229529026 0.641549989
vt 0.231477116 0.641549989
vt 0.23245116 0.638627854
vt 0.23439925 0.564600447
vt 0.23245116 0.571418761
vt 0.231477116 0.569470672
vt 0.0259536564 0.652264482
vt 0.0259536564 0.654212572
vt 0.0171872529 0.654212572
vt 0.0171872529 0.652264482
vt 0.0259536564 0.587977523
vt 0.0171872529 0.587977523
vt 0.0259536564 0.586029434
vt 0.0171872529 0.586029434
vt 0.0259536564 0.584081344
vt 0.0259536564 0.586029434
vt 0.0171872529 0.586029434
vt 0.0171872529 0.584081344
vt 0.0259536564 0.516872251
vt 0.0171872529 0.516872251
vt 0.0259536564 0.514924161
vt 0.0171872529 0.514924161
vt 0.0259536564 0.512002027
vt 0.0171872529 0.512976071
vt 0.0259536564 0.441870799
vt 0.0171872529 0.440896754
vt 0.0259536564 0.438948664
vt 0.0171872529 0.438948664
vt 0.0259536564 0.437000575
vt 0.0259536564 0.438948664
vt 0.0171872529 0.438948664
vt 0.0171872529 0.437000575
vt 0.0259536564 0.372713616
vt 0.0171872529 0.372713616
vt 0.0259536564 0.370765526
vt 0.0171872529 0.370765526
vt 0.711681217 0.111669601
vt 0.709733127 0.115565781
vt 0.709733127 0.111669601
vt 0.711681217 0.115565781
vt 0.787656713 0.115565781
vt 0.787656713 0.111669601
vt 0.789604803 0.111669601
vt 0.789604803 0.115565781
vt 0.804215476 0.115565781
vt 0.804215476 0.111669601
vt 0.80518952 0.111669601
vt 0.80518952 0.115565781
vt 0.884087152 0.115565781
vt 0.884087152 0.111669601
vt 0.886035241 0.111669601
vt 0.886035241 0.115565781
vt 0.900645914 0.111669601
vt 0.900645914 0.115565781
vt 0.760383458 0.155501619
vt 0.759409413 0.154527574
vt 0.759409413 0.139916901
vt 0.760383458 0.138942857
vt 0.837333 0.156475664
vt 0.839281089 0.138942857
vt 0.840255134 0.139916901
vt 0.838307045 0.154527574
vt 0.837333 0.160371843
vt 0.838307045 0.161345888
vt 0.840255134 0.17595656
vt 0.839281089 0.176930605
vt 0.760383458 0.160371843
vt 0.760383458 0.176930605
vt 0.759409413 0.17595656
vt 0.759409413 0.161345888
vt 0.711681217 0.111669601
vt 0.709733127 0.115565781
vt 0.709733127 0.111669601
vt 0.711681217 0.115565781
vt 0.787656713 0.115565781
vt 0.787656713 0.111669601
vt 0.789604803 0.111669601
vt 0.789604803 0.115565781
vt 0.804215476 0.115565781
vt 0.804215476 0.111669601
vt 0.80518952 0.111669601
vt 0.80518952 0.115565781
vt 0.884087152 0.115565781
vt 0.884087152 0.111669601
vt 0.886035241 0.111669601
vt 0.886035241 0.115565781
vt 0.900645914 0.111669601
vt 0.900645914 0.115565781
vt 0.760383458 0.155501619
vt 0.759409413 0.154527574
vt 0.759409413 0.139916901
vt 0.760383458 0.138942857
vt 0.837333 0.156475664
vt 0.839281089 0.138942857
vt 0.840255134 0.139916901
vt 0.838307045 0.154527574
vt 0.837333 0.160371843
vt 0.838307045 0.161345888
vt 0.840255134 0.17595656
vt 0.839281089 0.176930605
vt 0.760383458 0.160371843
vt 0.760383458 0.176930605
vt 0.759409413 0.17595656
vt 0.759409413 0.161345888
vt 0.711681217 0.111669601
vt 0.709733127 0.115565781
vt 0.709733127 0.111669601
vt 0.711681217 0.115565781
vt 0.787656713 0.115565781
vt 0.787656713 0.111669601
vt 0.789604803 0.111669601
vt 0.789604803 0.115565781
vt 0.804215476 0.115565781
vt 0.804215476 0.111669601
vt 0.80518952 0.111669601
vt 0.80518952 0.115565781
vt 0.884087152 0.115565781
vt 0.884087152 0.111669601
vt 0.886035241 0.111669601
vt 0.886035241 0.115565781
vt 0.900645914 0.111669601
vt 0.900645914 0.115565781
vt 0.760383458 0.155501619
vt 0.759409413 0.154527574
vt 0.759409413 0.139916901
vt 0.760383458 0.138942857
vt 0.837333 0.156475664
vt 0.839281089 0.138942857
vt 0.840255134 0.139916901
vt 0.838307045 0.154527574
vt 0.837333 0.160371843
vt 0.838307045 0.161345888
vt 0.840255134 0.17595656
vt 0.839281089 0.176930605
vt 0.760383458 0.160371843
vt 0.760383458 0.176930605
vt 0.759409413 0.17595656
vt 0.759409413 0.161345888
vt 0.749668965 0.102903198
vt 0.74869492 0.105825332
vt 0.74869492 0.102903198
vt 0.749668965 0.105825332
vt 0.808111655 0.105825332
vt 0.808111655 0.102903198
vt 0.8090857 0.102903198
vt 0.8090857 0.105825332
vt 0.817852103 0.105825332
vt 0.817852103 0.102903198
vt 0.818826148 0.102903198
vt 0.818826148 0.105825332
vt 0.878242883 0.105825332
vt 0.878242883 0.102903198
vt 0.879216928 0.102903198
vt 0.879216928 0.105825332
vt 0.890905465 0.102903198
vt 0.890905465 0.105825332
vt 0.672719424 0.0619933151
vt 0.671745379 0.0610192702
vt 0.671745379 0.0512788219
vt 0.672719424 0.0503047771
vt 0.732136158 0.0619933151
vt 0.732136158 0.0503047771
vt 0.733110203 0.0503047771
vt 0.733110203 0.0610192702
vt 0.732136158 0.0308238805
vt 0.733110203 0.0317979253
vt 0.732136158 0.0434864633
vt 0.731162113 0.0444605081
vt 0.671745379 0.0308238805
vt 0.671745379 0.0415383736
vt 0.670771334 0.0405643288
vt 0.670771334 0.0317979253
vt 0.66395302 0.120436005
vt 0.66200493 0.125306229
vt 0.66200493 0.120436005
vt 0.66395302 0.125306229
vt 0.746746831 0.125306229
vt 0.746746831 0.120436005
vt 0.747720875 0.120436005
vt 0.747720875 0.125306229
vt 0.764279638 0.125306229
vt 0.764279638 0.120436005
vt 0.765253682 0.120436005
vt 0.765253682 0.125306229
vt 0.849995583 0.125306229
vt 0.849995583 0.120436005
vt 0.851943672 0.120436005
vt 0.851943672 0.125306229
vt 0.86752839 0.120436005
vt 0.86752839 0.125306229
vt 0.849995583 0.207125995
vt 0.851943672 0.20810004
vt 0.851943672 0.225632847
vt 0.850969627 0.226606891
vt 0.763305593 0.207125995
vt 0.761357503 0.226606891
vt 0.759409413 0.224658802
vt 0.762331548 0.20810004
vt 0.763305593 0.201281726
vt 0.761357503 0.200307681
vt 0.759409413 0.183748919
vt 0.760383458 0.181800829
vt 0.849995583 0.200307681
vt 0.849995583 0.181800829
vt 0.850969627 0.182774874
vt 0.850969627 0.199333636
vt 0.77694222 0.0775780323
vt 0.734084248 0.079526122
vt 0.734084248 0.0775780323
vt 0.77694222 0.079526122
vt 0.734084248 0.0814742117
vt 0.7808384 0.0775780323
vt 0.77694222 0.0814742117
vt 0.7808384 0.079526122
vt 0.7808384 0.0814742117
vt 0.785708624 0.0775780323
vt 0.785708624 0.0814742117
vt 0.785708624 0.079526122
vt 0.814929969 0.0775780323
vt 0.814929969 0.079526122
vt 0.814929969 0.0814742117
vt 0.819800193 0.0775780323
vt 0.819800193 0.079526122
vt 0.819800193 0.0814742117
vt 0.823696372 0.0775780323
vt 0.823696372 0.0814742117
vt 0.823696372 0.079526122
vt 0.866554345 0.0775780323
vt 0.866554345 0.079526122
vt 0.866554345 0.0814742117
vt 0.441870799 0.079526122
vt 0.401934961 0.0356941047
vt 0.441870799 0.0356941047
vt 0.401934961 0.079526122
vt 0.440896754 0.0834223013
vt 0.402909006 0.0834223013
vt 0.43602653 0.085370391
vt 0.40777923 0.085370391
vt 0.501287533 0.115565781
vt 0.461351695 0.0727078082
vt 0.501287533 0.0727078082
vt 0.461351695 0.115565781
vt 0.500313489 0.118487915
vt 0.463299785 0.118487915
vt 0.496417309 0.120436005
vt 0.467195964 0.120436005
vt 0.501287533 0.0727078082
vt 0.461351695 0.115565781
vt 0.461351695 0.0727078082
vt 0.501287533 0.115565781
vt 0.500313489 0.118487915
vt 0.463299785 0.118487915
vt 0.496417309 0.120436005
vt 0.467195964 0.120436005
vt 0.441870799 0.0356941047
vt 0.401934961 0.079526122
vt 0.401934961 0.0356941047
vt 0.441870799 0.079526122
vt 0.440896754 0.0834223013
vt 0.402909006 0.0834223013
vt 0.43602653 0.085370391
vt 0.40777923 0.085370391
vt 0.77694222 0.0775780323
vt 0.732136158 0.079526122
vt 0.732136158 0.0775780323
vt 0.77694222 0.079526122
vt 0.732136158 0.0814742117
vt 0.7808384 0.0775780323
vt 0.77694222 0.0814742117
vt 0.7808384 0.079526122
vt 0.785708624 0.0775780323
vt 0.7808384 0.0814742117
vt 0.785708624 0.079526122
vt 0.814929969 0.0775780323
vt 0.785708624 0.0814742117
vt 0.814929969 0.079526122
vt 0.819800193 0.0775780323
vt 0.814929969 0.0814742117
vt 0.819800193 0.079526122
vt 0.823696372 0.0775780323
vt 0.819800193 0.0814742117
vt 0.823696372 0.079526122
vt 0.868502434 0.0775780323
vt 0.823696372 0.0814742117
vt 0.868502434 0.079526122
vt 0.868502434 0.0814742117
vt 0.501287533 0.0727078082
vt 0.461351695 0.115565781
vt 0.461351695 0.0727078082
vt 0.501287533 0.115565781
vt 0.500313489 0.118487915
vt 0.463299785 0.118487915
vt 0.496417309 0.120436005
vt 0.467195964 0.120436005
vt 0.401934961 0.079526122
vt 0.401934961 0.0356941047
vt 0.441870799 0.0356941047
vt 0.441870799 0.079526122
vt 0.440896754 0.0834223013
vt 0.402909006 0.0834223013
vt 0.43602653 0.085370391
vt 0.40777923 0.085370391
vt 0.593821792 0.109721512
vt 0.638627854 0.116539826
vt 0.604536285 0.116539826
vt 0.589925613 0.0980329738
vt 0.589925613 0.0483566874
vt 0.666875155 0.0483566874
vt 0.666875155 0.0649154496
vt 0.592847747 0.039590284
vt 0.66395302 0.039590284
vt 0.654212572 0.0317979253
vt 0.603562241 0.0317979253
vt 0.568496627 0.116539826
vt 0.535379102 0.116539826
vt 0.57921112 0.109721512
vt 0.584081344 0.0980329738
vt 0.584081344 0.0483566874
vt 0.507131802 0.0483566874
vt 0.507131802 0.0649154496
vt 0.510053937 0.039590284
vt 0.58115921 0.039590284
vt 0.570444716 0.0317979253
vt 0.519794385 0.0317979253
vt 0.9785695 0.0727078082
vt 0.996102307 0.0688116289
vt 0.996102307 0.0727078082
vt 0.9785695 0.0688116289
vt 0.996102307 0.0639414047
vt 0.966880962 0.0688116289
vt 0.966880962 0.0727078082
vt 0.9785695 0.0639414047
vt 0.996102307 0.039590284
vt 0.966880962 0.0639414047
vt 0.955192424 0.0688116289
vt 0.9503222 0.0727078082
vt 0.9785695 0.039590284
vt 0.955192424 0.0639414047
vt 0.945451976 0.0639414047
vt 0.945451976 0.0688116289
vt 0.898697824 0.0688116289
vt 0.8938276 0.0727078082
vt 0.966880962 0.039590284
vt 0.9785695 0.0347200598
vt 0.996102307 0.0347200598
vt 0.9785695 0.0308238805
vt 0.996102307 0.0308238805
vt 0.966880962 0.0308238805
vt 0.966880962 0.0347200598
vt 0.9503222 0.0308238805
vt 0.955192424 0.039590284
vt 0.955192424 0.0347200598
vt 0.945451976 0.0347200598
vt 0.945451976 0.039590284
vt 0.898697824 0.039590284
vt 0.898697824 0.0347200598
vt 0.8938276 0.0308238805
vt 0.888957376 0.0347200598
vt 0.876294793 0.0308238805
vt 0.876294793 0.0347200598
vt 0.864606255 0.0308238805
vt 0.898697824 0.0639414047
vt 0.888957376 0.039590284
vt 0.888957376 0.0639414047
vt 0.864606255 0.0347200598
vt 0.808111655 0.0308238805
vt 0.888957376 0.0688116289
vt 0.876294793 0.0639414047
vt 0.876294793 0.039590284
vt 0.876294793 0.0688116289
vt 0.876294793 0.0727078082
vt 0.808111655 0.039590284
vt 0.792526938 0.0308238805
vt 0.864606255 0.0639414047
vt 0.864606255 0.0688116289
vt 0.864606255 0.0727078082
vt 0.808111655 0.0727078082
vt 0.864606255 0.039590284
vt 0.808111655 0.0639414047
vt 0.792526938 0.0639414047
vt 0.792526938 0.0727078082
vt 0.792526938 0.039590284
vt 0.775968176 0.0308238805
vt 0.775968176 0.0639414047
vt 0.775968176 0.0727078082
vt 0.775968176 0.039590284
vt 0.738954472 0.0639414047
vt 0.738954472 0.0727078082
vt 0.738954472 0.039590284
vt 0.738954472 0.0308238805
vt 0.77694222 0.0775780323
vt 0.734084248 0.0775780323
vt 0.734084248 0.079526122
vt 0.77694222 0.079526122
vt 0.734084248 0.0814742117
vt 0.7808384 0.0775780323
vt 0.77694222 0.0814742117
vt 0.7808384 0.079526122
vt 0.7808384 0.0814742117
vt 0.785708624 0.0775780323
vt 0.785708624 0.0814742117
vt 0.785708624 0.079526122
vt 0.814929969 0.0775780323
vt 0.814929969 0.079526122
vt 0.814929969 0.0814742117
vt 0.819800193 0.0775780323
vt 0.819800193 0.079526122
vt 0.819800193 0.0814742117
vt 0.823696372 0.0775780323
vt 0.823696372 0.0814742117
vt 0.823696372 0.079526122
vt 0.866554345 0.0775780323
vt 0.866554345 0.079526122
vt 0.866554345 0.0814742117
vt 0.441870799 0.079526122
vt 0.441870799 0.0356941047
vt 0.401934961 0.0356941047
vt 0.401934961 0.079526122
vt 0.440896754 0.0834223013
vt 0.402909006 0.0834223013
vt 0.43602653 0.085370391
vt 0.40777923 0.085370391
vt 0.501287533 0.115565781
vt 0.501287533 0.0727078082
vt 0.461351695 0.0727078082
vt 0.461351695 0.115565781
vt 0.500313489 0.118487915
vt 0.463299785 0.118487915
vt 0.496417309 0.120436005
vt 0.467195964 0.120436005
vt 0.501287533 0.0727078082
vt 0.461351695 0.0727078082
vt 0.461351695 0.115565781
vt 0.501287533 0.115565781
vt 0.500313489 0.118487915
vt 0.463299785 0.118487915
vt 0.496417309 0.120436005
vt 0.467195964 0.120436005
vt 0.441870799 0.0356941047
vt 0.401934961 0.0356941047
vt 0.401934961 0.079526122
vt 0.441870799 0.079526122
vt 0.440896754 0.0834223013
vt 0.402909006 0.0834223013
vt 0.43602653 0.085370391
vt 0.40777923 0.085370391
vt 0.77694222 0.0775780323
vt 0.732136158 0.0775780323
vt 0.732136158 0.079526122
vt 0.77694222 0.079526122
vt 0.732136158 0.0814742117
vt 0.7808384 0.0775780323
vt 0.77694222 0.0814742117
vt 0.7808384 0.079526122
vt 0.785708624 0.0775780323
vt 0.7808384 0.0814742117
vt 0.785708624 0.079526122
vt 0.814929969 0.0775780323
vt 0.785708624 0.0814742117
vt 0.814929969 0.079526122
vt 0.819800193 0.0775780323
vt 0.814929969 0.0814742117
vt 0.819800193 0.079526122
vt 0.823696372 0.0775780323
vt 0.819800193 0.0814742117
vt 0.823696372 0.079526122
vt 0.868502434 0.0775780323
vt 0.823696372 0.0814742117
vt 0.868502434 0.079526122
vt 0.868502434 0.0814742117
vt 0.501287533 0.0727078082
vt 0.461351695 0.0727078082
vt 0.461351695 0.115565781
vt 0.501287533 0.115565781
vt 0.500313489 0.118487915
vt 0.463299785 0.118487915
vt 0.496417309 0.120436005
vt 0.467195964 0.120436005
vt 0.401934961 0.079526122
vt 0.441870799 0.0356941047
vt 0.401934961 0.0356941047
vt 0.441870799 0.079526122
vt 0.440896754 0.0834223013
vt 0.402909006 0.0834223013
vt 0.43602653 0.085370391
vt 0.40777923 0.085370391
vt 0.593821792 0.109721512
vt 0.604536285 0.116539826
vt 0.638627854 0.116539826
vt 0.589925613 0.0980329738
vt 0.589925613 0.0483566874
vt 0.666875155 0.0483566874
vt 0.666875155 0.0649154496
vt 0.592847747 0.039590284
vt 0.66395302 0.039590284
vt 0.654212572 0.0317979253
vt 0.603562241 0.0317979253
vt 0.568496627 0.116539826
vt 0.57921112 0.109721512
vt 0.535379102 0.116539826
vt 0.584081344 0.0980329738
vt 0.584081344 0.0483566874
vt 0.507131802 0.0483566874
vt 0.507131802 0.0649154496
vt 0.510053937 0.039590284
vt 0.58115921 0.039590284
vt 0.570444716 0.0317979253
vt 0.519794385 0.0317979253
vt 0.9785695 0.0727078082
vt 0.996102307 0.0727078082
vt 0.996102307 0.0688116289
vt 0.9785695 0.0688116289
vt 0.996102307 0.0639414047
vt 0.966880962 0.0688116289
vt 0.966880962 0.0727078082
vt 0.9785695 0.0639414047
vt 0.996102307 0.039590284
vt 0.966880962 0.0639414047
vt 0.955192424 0.0688116289
vt 0.9503222 0.0727078082
vt 0.9785695 0.039590284
vt 0.955192424 0.0639414047
vt 0.945451976 0.0639414047
vt 0.945451976 0.0688116289
vt 0.898697824 0.0688116289
vt 0.8938276 0.0727078082
vt 0.966880962 0.039590284
vt 0.9785695 0.0347200598
vt 0.996102307 0.0347200598
vt 0.9785695 0.0308238805
vt 0.996102307 0.0308238805
vt 0.966880962 0.0308238805
vt 0.966880962 0.0347200598
vt 0.9503222 0.0308238805
vt 0.955192424 0.039590284
vt 0.955192424 0.0347200598
vt 0.945451976 0.0347200598
vt 0.945451976 0.039590284
vt 0.898697824 0.039590284
vt 0.898697824 0.0347200598
vt 0.8938276 0.0308238805
vt 0.888957376 0.0347200598
vt 0.876294793 0.0308238805
vt 0.876294793 0.0347200598
vt 0.864606255 0.0308238805
vt 0.898697824 0.0639414047
vt 0.888957376 0.039590284
vt 0.888957376 0.0639414047
vt 0.864606255 0.0347200598
vt 0.808111655 0.0308238805
vt 0.888957376 0.0688116289
vt 0.876294793 0.0639414047
vt 0.876294793 0.039590284
vt 0.876294793 0.0688116289
vt 0.876294793 0.0727078082
vt 0.808111655 0.039590284
vt 0.792526938 0.0308238805
vt 0.864606255 0.0639414047
vt 0.864606255 0.0688116289
vt 0.864606255 0.0727078082
vt 0.808111655 0.0727078082
vt 0.864606255 0.039590284
vt 0.808111655 0.0639414047
vt 0.792526938 0.0639414047
vt 0.792526938 0.0727078082
vt 0.792526938 0.039590284
vt 0.775968176 0.0308238805
vt 0.775968176 0.0639414047
vt 0.775968176 0.0727078082
vt 0.775968176 0.039590284
vt 0.738954472 0.0639414047
vt 0.738954472 0.0727078082
vt 0.738954472 0.039590284
vt 0.738954472 0.0308238805
vt 0.0269277012 0.0123170287
vt 0.0152391632 0.0123170287
vt 0.0152391632 0.0142651184
vt 0.0123170287 0.0142651184
vt 0.0269277012 0.0142651184
vt 0.0288757908 0.0142651184
vt 0.0288757908 0.0873184807
vt 0.0269277012 0.0873184807
vt 0.0269277012 0.0892665703
vt 0.0152391632 0.0892665703
vt 0.0152391632 0.0873184807
vt 0.0123170287 0.0873184807
vt 0.460377651 0.433104395
vt 0.454533382 0.430182261
vt 0.461351695 0.431156306
vt 0.480832592 0.433104395
vt 0.453559337 0.423363947
vt 0.450637202 0.423363947
vt 0.453559337 0.399986871
vt 0.450637202 0.398038781
vt 0.453559337 0.395116647
vt 0.457455516 0.398038781
vt 0.460377651 0.395116647
vt 0.459403606 0.398038781
vt 0.483754727 0.416545633
vt 0.479858547 0.431156306
vt 0.483754727 0.428234171
vt 0.485702816 0.429208216
vt 0.485702816 0.416545633
vt 0.460377651 0.433104395
vt 0.461351695 0.431156306
vt 0.454533382 0.430182261
vt 0.480832592 0.433104395
vt 0.453559337 0.423363947
vt 0.450637202 0.423363947
vt 0.453559337 0.399986871
vt 0.450637202 0.398038781
vt 0.453559337 0.395116647
vt 0.457455516 0.398038781
vt 0.460377651 0.395116647
vt 0.459403606 0.398038781
vt 0.483754727 0.416545633
vt 0.479858547 0.431156306
vt 0.483754727 0.428234171
vt 0.485702816 0.429208216
vt 0.485702816 0.416545633
vt 0.460377651 0.433104395
vt 0.461351695 0.431156306
vt 0.454533382 0.430182261
vt 0.480832592 0.433104395
vt 0.453559337 0.423363947
vt 0.450637202 0.423363947
vt 0.453559337 0.399986871
vt 0.450637202 0.398038781
vt 0.453559337 0.395116647
vt 0.457455516 0.398038781
vt 0.460377651 0.395116647
vt 0.459403606 0.398038781
vt 0.483754727 0.416545633
vt 0.479858547 0.431156306
vt 0.483754727 0.428234171
vt 0.485702816 0.429208216
vt 0.485702816 0.416545633
vt 0.625965272 0.26264655
vt 0.632783586 0.251932057
vt 0.640575944 0.251932057
vt 0.643498079 0.248035878
vt 0.63375763 0.248035878
vt 0.642524034 0.231477116
vt 0.632783586 0.231477116
vt 0.642524034 0.229529026
vt 0.631809541 0.229529026
vt 0.63570572 0.222710712
vt 0.626939317 0.222710712
vt 0.309400702 0.222710712
vt 0.302582388 0.229529026
vt 0.302582388 0.222710712
vt 0.295764074 0.229529026
vt 0.301608343 0.231477116
vt 0.295764074 0.231477116
vt 0.298686209 0.248035878
vt 0.293815985 0.248035878
vt 0.295764074 0.251932057
vt 0.299660254 0.251932057
vt 0.309400702 0.26264655
vt 0.315244971 0.26264655
vt 0.314270926 0.268490819
vt 0.620121003 0.26264655
vt 0.616224823 0.268490819
vt 0.621095048 0.268490819
vt 0.614276734 0.278231267
vt 0.322063285 0.278231267
vt 0.31914115 0.268490819
vt 0.039590284 0.331803733
vt 0.0386162391 0.343492271
vt 0.0327719702 0.336673957
vt 0.0317979253 0.343492271
vt 0.0444605081 0.338622047
vt 0.0366681495 0.350310585
vt 0.249009922 0.338622047
vt 0.269464864 0.331803733
vt 0.0366681495 0.661030886
vt 0.0317979253 0.664927065
vt 0.0366681495 0.672719424
vt 0.0415383736 0.66590111
vt 0.0415383736 0.674667513
vt 0.0464085978 0.667849199
vt 0.276283178 0.335699912
vt 0.254854191 0.342518226
vt 0.272386998 0.674667513
vt 0.249983967 0.667849199
vt 0.255828236 0.664927065
vt 0.277257223 0.671745379
vt 0.257776326 0.658108751
vt 0.279205312 0.66395302
vt 0.257776326 0.348362495
vt 0.279205312 0.341544181
vt 0.0493307323 0.0483566874
vt 0.045434553 0.101929153
vt 0.0415383736 0.103877243
vt 0.0473826426 0.105825332
vt 0.045434553 0.045434553
vt 0.0512788219 0.045434553
vt 0.0473826426 0.0425124185
vt 0.0386162391 0.0415383736
vt 0.0522528668 0.039590284
vt 0.0551750013 0.0444605081
vt 0.113617691 0.0444605081
vt 0.115565781 0.039590284
vt 0.116539826 0.045434553
vt 0.0434864633 0.108747467
vt 0.0473826426 0.111669601
vt 0.0493307323 0.106799377
vt 0.11946196 0.106799377
vt 0.033746015 0.107773422
vt 0.122384095 0.111669601
vt 0.122384095 0.105825332
vt 0.0366681495 0.114591736
vt 0.11946196 0.033746015
vt 0.120436005 0.0425124185
vt 0.0483566874 0.033746015
vt 0.0415383736 0.0366681495
vt 0.122384095 0.0473826426
vt 0.118487915 0.0493307323
vt 0.124332184 0.101929153
vt 0.128228364 0.103877243
vt 0.126280274 0.108747467
vt 0.136020722 0.106799377
vt 0.128228364 0.0425124185
vt 0.126280274 0.11751387
vt 0.125306229 0.0366681495
vt 0.134072632 0.113617691
vt 0.0444605081 0.11751387
vt 0.130176453 0.0415383736
vt 0.127254319 0.0347200598
vt 0.137968812 0.107773422
vt 0.120436005 0.0317979253
vt 0.136020722 0.115565781
vt 0.127254319 0.11946196
vt 0.0473826426 0.0317979253
vt 0.0434864633 0.11946196
vt 0.0405643288 0.0347200598
vt 0.0347200598 0.116539826
vt 0.0366681495 0.0405643288
vt 0.0317979253 0.108747467
vt 0.664927065 0.313296881
vt 0.670771334 0.315244971
vt 0.667849199 0.31914115
vt 0.672719424 0.322063285
vt 0.669797289 0.312322836
vt 0.66395302 0.291867895
vt 0.674667513 0.316219016
vt 0.711681217 0.32303733
vt 0.669797289 0.291867895
vt 0.674667513 0.291867895
vt 0.668823244 0.267516774
vt 0.674667513 0.311348792
vt 0.695122455 0.312322836
vt 0.672719424 0.269464864
vt 0.675641558 0.261672505
vt 0.676615603 0.270438909
vt 0.741876606 0.258750371
vt 0.711681217 0.317193061
vt 0.746746831 0.315244971
vt 0.74869492 0.322063285
vt 0.75064301 0.316219016
vt 0.753565144 0.31914115
vt 0.756487279 0.312322836
vt 0.746746831 0.311348792
vt 0.751617055 0.311348792
vt 0.744798741 0.289919805
vt 0.728239979 0.311348792
vt 0.755513234 0.28894576
vt 0.75064301 0.28894576
vt 0.745772786 0.265568685
vt 0.75064301 0.263620595
vt 0.741876606 0.266542729
vt 0.715577396 0.276283178
vt 0.702914813 0.280179357
vt 0.728239979 0.282127447
vt 0.730188069 0.295764074
vt 0.697070544 0.293815985
vt 0.728239979 0.299660254
vt 0.702914813 0.306478567
vt 0.715577396 0.310374747
vt 0.723369755 0.306478567
vt 0.127254319 0.653238527
vt 0.130176453 0.567522582
vt 0.136020722 0.657134706
vt 0.134072632 0.660056841
vt 0.130176453 0.66200493
vt 0.123358139 0.568496627
vt 0.079526122 0.653238527
vt 0.128228364 0.562652358
vt 0.124332184 0.560704268
vt 0.0805001668 0.560704268
vt 0.0766039875 0.66200493
vt 0.0727078082 0.660056841
vt 0.0707597185 0.656160661
vt 0.0824482565 0.568496627
vt 0.0766039875 0.562652358
vt 0.209074084 0.578237075
vt 0.212970264 0.573366851
vt 0.213944309 0.576288985
vt 0.209074084 0.572392806
vt 0.169138246 0.572392806
vt 0.209074084 0.614276734
vt 0.171086336 0.578237075
vt 0.213944309 0.615250779
vt 0.212970264 0.618172913
vt 0.210048129 0.620121003
vt 0.167190157 0.573366851
vt 0.166216112 0.576288985
vt 0.166216112 0.615250779
vt 0.171086336 0.614276734
vt 0.170112291 0.620121003
vt 0.167190157 0.618172913
vt 0.216866443 0.498365399
vt 0.211996219 0.493495175
vt 0.214918353 0.49252113
vt 0.211022174 0.496417309
vt 0.247061833 0.501287533
vt 0.216866443 0.531482923
vt 0.249009922 0.495443264
vt 0.211022174 0.533431013
vt 0.251932057 0.496417309
vt 0.252906102 0.499339444
vt 0.252906102 0.532456968
vt 0.211996219 0.535379102
vt 0.214918353 0.537327192
vt 0.249009922 0.536353147
vt 0.247061833 0.530508878
vt 0.251932057 0.535379102
vt 0.146735215 0.437000575
vt 0.0951108393 0.431156306
vt 0.14770926 0.426286082
vt 0.152579484 0.437000575
vt 0.0980329738 0.437000575
vt 0.143813081 0.521742475
vt 0.0921887048 0.435052485
vt 0.14965735 0.528560789
vt 0.0980329738 0.521742475
vt 0.0921887048 0.528560789
vt 0.420441813 0.566548537
vt 0.420441813 0.604536285
vt 0.413623499 0.566548537
vt 0.442844844 0.566548537
vt 0.442844844 0.604536285
vt 0.423363947 0.60745842
vt 0.447715068 0.60745842
vt 0.447715068 0.652264482
vt 0.423363947 0.652264482
vt 0.413623499 0.652264482
vt 0.413623499 0.604536285
vt 0.40583114 0.566548537
vt 0.413623499 0.60745842
vt 0.40583114 0.60745842
vt 0.40583114 0.652264482
vt 0.380505975 0.652264482
vt 0.380505975 0.60745842
vt 0.384402154 0.604536285
vt 0.387324288 0.604536285
vt 0.40583114 0.604536285
vt 0.387324288 0.566548537
vt 0.460377651 0.433104395
vt 0.454533382 0.430182261
vt 0.461351695 0.431156306
vt 0.480832592 0.433104395
vt 0.453559337 0.423363947
vt 0.450637202 0.423363947
vt 0.453559337 0.399986871
vt 0.450637202 0.398038781
vt 0.453559337 0.395116647
vt 0.457455516 0.398038781
vt 0.460377651 0.395116647
vt 0.459403606 0.398038781
vt 0.483754727 0.416545633
vt 0.479858547 0.431156306
vt 0.483754727 0.428234171
vt 0.485702816 0.429208216
vt 0.485702816 0.416545633
vt 0.0269277012 0.0123170287
vt 0.0152391632 0.0142651184
vt 0.0152391632 0.0123170287
vt 0.0123170287 0.0142651184
vt 0.0269277012 0.0142651184
vt 0.0288757908 0.0142651184
vt 0.0288757908 0.0873184807
vt 0.0269277012 0.0873184807
vt 0.0269277012 0.0892665703
vt 0.0152391632 0.0892665703
vt 0.0152391632 0.0873184807
vt 0.0123170287 0.0873184807
vt 0.142839036 0.551937865
vt 0.146735215 0.652264482
vt 0.135046677 0.55096382
vt 0.152579484 0.542197416
vt 0.153553529 0.649342348
vt 0.242191609 0.551937865
vt 0.159397798 0.662978975
vt 0.252906102 0.542197416
vt 0.239269474 0.649342348
vt 0.244139698 0.659082796
vt 0.248035878 0.652264482
vt 0.644472123 0.295764074
vt 0.641549989 0.281153402
vt 0.649342348 0.29284194
vt 0.638627854 0.295764074
vt 0.653238527 0.28894576
vt 0.632783586 0.29284194
vt 0.656160661 0.284075536
vt 0.628887406 0.28894576
vt 0.656160661 0.278231267
vt 0.626939317 0.284075536
vt 0.653238527 0.272386998
vt 0.626939317 0.278231267
vt 0.649342348 0.268490819
vt 0.628887406 0.272386998
vt 0.644472123 0.266542729
vt 0.632783586 0.268490819
vt 0.638627854 0.266542729
vt 0.732136158 0.996102307
vt 0.763305593 0.976621411
vt 0.932789393 0.976621411
vt 0.763305593 0.700966724
vt 0.979543545 0.996102307
vt 0.732136158 0.681485827
vt 0.979543545 0.682459872
vt 0.932789393 0.701940768
vt 0.49057304 0.855839852
vt 0.533431013 0.996102307
vt 0.49057304 0.960062648
vt 0.399012826 0.963958828
vt 0.533431013 0.679537737
vt 0.341544181 0.996102307
vt 0.389272378 0.855839852
vt 0.341544181 0.679537737
vt 0.77694222 0.079526122
vt 0.77694222 0.0775780323
vt 0.7808384 0.0775780323
vt 0.737006382 0.0775780323
vt 0.737006382 0.079526122
vt 0.737006382 0.0814742117
vt 0.77694222 0.0814742117
vt 0.7808384 0.079526122
vt 0.785708624 0.0775780323
vt 0.7808384 0.0814742117
vt 0.785708624 0.079526122
vt 0.814929969 0.0775780323
vt 0.785708624 0.0814742117
vt 0.814929969 0.079526122
vt 0.819800193 0.0775780323
vt 0.814929969 0.0814742117
vt 0.819800193 0.079526122
vt 0.823696372 0.0775780323
vt 0.819800193 0.0814742117
vt 0.823696372 0.079526122
vt 0.86363221 0.0775780323
vt 0.823696372 0.0814742117
vt 0.86363221 0.079526122
vt 0.86363221 0.0814742117
vt 0.77694222 0.079526122
vt 0.7808384 0.0775780323
vt 0.77694222 0.0775780323
vt 0.737006382 0.0775780323
vt 0.737006382 0.079526122
vt 0.737006382 0.0814742117
vt 0.77694222 0.0814742117
vt 0.7808384 0.079526122
vt 0.785708624 0.0775780323
vt 0.7808384 0.0814742117
vt 0.785708624 0.079526122
vt 0.814929969 0.0775780323
vt 0.785708624 0.0814742117
vt 0.814929969 0.079526122
vt 0.819800193 0.0775780323
vt 0.814929969 0.0814742117
vt 0.819800193 0.079526122
vt 0.823696372 0.0775780323
vt 0.819800193 0.0814742117
vt 0.823696372 0.079526122
vt 0.86363221 0.0775780323
vt 0.823696372 0.0814742117
vt 0.86363221 0.079526122
vt 0.86363221 0.0814742117
vt 0.166216112 0.412649454
vt 0.163293977 0.398038781
vt 0.166216112 0.398038781
vt 0.165242067 0.396090692
vt 0.162319933 0.394142602
vt 0.067837584 0.398038781
vt 0.0688116289 0.394142602
vt 0.0658894944 0.396090692
vt 0.0649154496 0.398038781
vt 0.163293977 0.409727319
vt 0.067837584 0.409727319
vt 0.0649154496 0.412649454
vt 0.173034426 0.374661706
vt 0.173034426 0.386350243
vt 0.171086336 0.387324288
vt 0.172060381 0.389272378
vt 0.169138246 0.390246423
vt 0.0629673599 0.387324288
vt 0.0639414047 0.390246423
vt 0.0619933151 0.389272378
vt 0.0610192702 0.386350243
vt 0.0610192702 0.374661706
vt 0.171086336 0.376609795
vt 0.0629673599 0.376609795
vt 0.729214024 0.996102307
vt 0.592847747 0.956166469
vt 0.674667513 0.956166469
vt 0.538301237 0.996102307
vt 0.729214024 0.681485827
vt 0.592847747 0.870450524
vt 0.674667513 0.870450524
vt 0.538301237 0.681485827
vn -0.00392153871 -0.00392153871 0.999984621
vn -0.00392153871 -0.00392153871 0.999984621
vn -0.00392153871 -0.00392153871 0.999984621
vn 0.00392153871 0.027450771 0.999615464
vn 0.00392153871 0.027450771 0.999615464
vn 0.00392153871 0.027450771 0.999615464
vn -0.00392153871 0.0196076935 0.99980006
vn -0.00392153871 0.0196076935 0.99980006
vn -0.00392153871 0.0196076935 0.99980006
vn 0.00392153871 0.00392153871 0.999984621
vn 0.00392153871 0.00392153871 0.999984621
vn 0.00392153871 0.00392153871 0.999984621
vn -0.294115403 -0.952933906 0.0735737741
vn 0.592152345 -0.803915435 0.0554578528
vn 0.592152345 -0.803915435 0.0554578528
vn -0.301958481 -0.952933906 0.0271670136
vn -0.882346209 -0.466663106 0.060751231
vn -0.882346209 -0.458820029 0.104639132
vn -0.991600411 0.129339184 -0
vn -0.991600411 0.129339184 -0
vn -0.6078385 0.78822928 0.0960570652
vn -0.6078385 0.78822928 0.0960570652
vn 0.28555303 0.95836291 -0
vn 0.28555303 0.95836291 -0
vn 0.880722355 0.473632911 -0
vn 0.874503132 0.474506184 0.100439802
vn 0.984306216 -0.15294001 0.0880376456
vn 0.984306216 -0.145096932 0.100439802
vn 0.592152345 -0.803915435 0.0554578528
vn 0.592152345 -0.803915435 0.0554578528
vn 0.00392153871 0.00392153871 0.999984621
vn 0.00392153871 0.00392153871 0.999984621
vn 0.00392153871 0.00392153871 0.999984621
vn 0.00392153871 0.00392153871 0.999984621
vn -0.00392153871 0.00392153871 0.999984621
vn -0.00392153871 0.00392153871 0.999984621
vn -0.00392153871 0.00392153871 0.999984621
vn -0.00392153871 0.00392153871 0.999984621
vn -0.631367732 -0.772543126 0.0674678157
vn 0.0901953903 -0.945090829 0.314114815
vn 0.0980384677 -0.992149293 0.0776417341
vn -0.599995422 -0.733327738 0.319743524
vn -0.992149293 -0.0980384677 0.0776417341
vn 0.0509800032 -0.521564648 0.851687359
vn -0.945090829 -0.0901953903 0.314114815
vn -0.772543126 0.631367732 0.0674678157
vn -0.33333079 -0.403918487 0.851904009
vn 0.00392153871 -0.0509800032 0.998691975
vn -0.027450771 -0.0352938484 0.9989999
vn -0.521564648 -0.0509800032 0.851687359
vn -0.0509800032 -0.00392153871 0.998691975
vn -0.733327738 0.599995422 0.319743524
vn -0.0980384677 0.992149293 0.0776417341
vn -0.403918487 0.33333079 0.851904009
vn -0.0352938484 0.027450771 0.9989999
vn -0.0901953903 0.945090829 0.314114815
vn 0.631367732 0.772543126 0.0674678157
vn -0.0509800032 0.521564648 0.851687359
vn -0.00392153871 0.0509800032 0.998691975
vn 0.599995422 0.733327738 0.319743524
vn 0.992149293 0.0980384677 0.0776417341
vn 0.33333079 0.403918487 0.851904009
vn 0.027450771 0.0352938484 0.9989999
vn 0.945090829 0.0901953903 0.314114815
vn 0.772543126 -0.631367732 0.0674678157
vn 0.521564648 0.0509800032 0.851687359
vn 0.0509800032 0.00392153871 0.998691975
vn 0.733327738 -0.599995422 0.319743524
vn 0.0980384677 -0.992149293 0.0776417341
vn 0.0901953903 -0.945090829 0.314114815
vn 0.403918487 -0.33333079 0.851904009
vn 0.0352938484 -0.027450771 0.9989999
vn 0.0509800032 -0.521564648 0.851687359
vn 0.00392153871 -0.0509800032 0.998691975
vn -0.631367732 -0.772543126 0.0674678157
vn 0.0980384677 -0.992149293 0.0776417341
vn 0.0980384677 -0.992149293 0.0776417341
vn -0.631367732 -0.772543126 0.0674678157
vn -0.992149293 -0.0980384677 0.0776417341
vn -0.992149293 -0.0980384677 0.0776417341
vn -0.772543126 0.631367732 0.0674678157
vn -0.772543126 0.631367732 0.0674678157
vn -0.0980384677 0.992149293 0.0776417341
vn -0.0980384677 0.992149293 0.0776417341
vn 0.631367732 0.772543126 0.0674678157
vn 0.631367732 0.772543126 0.0674678157
vn 0.992149293 0.0980384677 0.0776417341
vn 0.992149293 0.0980384677 0.0776417341
vn 0.772543126 -0.631367732 0.0674678157
vn 0.772543126 -0.631367732 0.0674678157
vn 0.0980384677 -0.992149293 0.0776417341
vn 0.0980384677 -0.992149293 0.0776417341
vn 0.0431369258 -0.929404674 0.366532615
vn 0.0431369258 -0.921561596 0.385828238
vn 0.0431369258 -0.937247751 -0.345985344
vn 0.0431369258 -0.945090829 -0.323948346
vn 0.0117646161 -0.450976951 -0.892458057
vn 0.0117646161 -0.450976951 -0.892458057
vn -0.0352938484 0.380389255 -0.924152779
vn -0.027450771 0.356860022 -0.933754454
vn -0.0588230806 0.929404674 -0.364344339
vn -0.0588230806 0.929404674 -0.364344339
vn -0.0196076935 0.929404674 0.36854103
vn -0.0196076935 0.937247751 0.348112325
vn 0.0352938484 0.435290797 0.899597836
vn 0.0352938484 0.419604642 0.907020556
vn 0.0431369258 -0.372546177 0.927010545
vn 0.0431369258 -0.356860022 0.933161363
vn 0.0431369258 -0.921561596 0.385828238
vn 0.0431369258 -0.929404674 0.366532615
vn -0.999992311 0.00392153847 -0
vn -0.999992311 0.00392153847 -0
vn -0.999992311 0.00392153847 -0
vn -0.999992311 0.00392153847 -0
vn 0.00392153871 -0.0509800032 -0.998691975
vn 0.00392153871 -0.0509800032 -0.998691975
vn 0.00392153871 -0.0509800032 -0.998691975
vn 0.00392153871 -0.0509800032 -0.998691975
vn -0.0352721557 0.999377744 -0
vn -0.0352721557 0.999377744 -0
vn -0.0352721557 0.999377744 -0
vn -0.0352721557 0.999377744 -0
vn -0.00392153847 0.999992311 -0
vn -0.00392153847 0.999992311 -0
vn -0.00392153847 0.999992311 -0
vn -0.00392153847 0.999992311 -0
vn 0.858183677 0.513342747 -0
vn 0.921561596 0.0431369258 -0.385828238
vn 0.998703027 0.050914272 -0
vn 0.796072358 0.450976951 -0.403594587
vn 0.749013893 0.57646619 -0.326595957
vn 0.874503132 0.482349261 -0.0508277732
vn 0.951005304 0.309174564 -0
vn 0.8509739 0.341173868 -0.399304162
vn 0.317644635 0.945090829 -0.0768453717
vn 0.474506184 0.866660055 -0.154091634
vn -0.419604642 0.317644635 0.85031396
vn -0.427447719 0.890189287 0.157643525
vn -0.192155397 0.858816977 0.47487862
vn -0.890189287 0.341173868 0.301932817
vn -0.325487713 0.419604642 0.847342725
vn -0.8509739 0.427447719 -0.305175145
vn -0.349016945 0.921561596 -0.170033514
vn -0.623524655 0.349016945 -0.699574283
vn -0.6078385 0.458820029 -0.64808683
vn -0.176469242 0.921561596 -0.345807505
vn -0.270586171 0.427447719 -0.862595833
vn 0.176469242 0.890189287 -0.420025762
vn -0.8509739 0.435290797 -0.293879813
vn -0.8509739 0.443133874 0.281914511
vn 0.317644635 0.380389255 -0.868565427
vn 0.474506184 0.866660055 -0.154091634
vn 0.8509739 0.341173868 -0.399304162
vn -0.866660055 0.3647031 0.340429139
vn -0.403918487 0.3647031 0.838952624
vn -0.39607541 0.00392153871 0.918209612
vn -0.929404674 -0.0352938484 0.367370789
vn -0.952933906 -0.0509800032 -0.298861188
vn -0.882346209 0.3647031 -0.297416906
vn -0.686269274 -0.0509800032 -0.725558766
vn -0.631367732 0.372546177 -0.680135378
vn -0.270586171 -0.0431369258 -0.961728823
vn -0.239213861 0.458820029 -0.855722449
vn 0.380389255 -0.00392153871 -0.924818164
vn -0.207841552 0.537250803 -0.817412665
vn 0.278429248 0.537250803 -0.796139892
vn 0.749013893 0.57646619 -0.326595957
vn 0.796072358 0.450976951 -0.403594587
vn 0.341173868 0.443133874 -0.828995031
vn 0.921561596 0.0431369258 -0.385828238
vn -0.39607541 0.00392153871 0.918209612
vn -0.00392153871 0.309801558 0.950793151
vn 0.00392153871 0.027450771 0.999615464
vn -0.403918487 0.3647031 0.838952624
vn -0.325487713 0.419604642 0.847342725
vn -0.0117646161 0.301958481 0.953248483
vn -0.0117646161 0.317644635 0.948136846
vn -0.419604642 0.317644635 0.85031396
vn -0.027450771 0.952933906 0.301932817
vn -0.192155397 0.858816977 0.47487862
vn -0.427447719 0.890189287 0.157643525
vn -0.027450771 0.952933906 0.301932817
vn -0.192155397 0.858816977 0.47487862
vn -0.349016945 0.921561596 -0.170033514
vn -0.176469242 0.921561596 -0.345807505
vn 0.317644635 0.945090829 -0.0768453717
vn 0.474506184 0.866660055 -0.154091634
vn 0.176469242 0.890189287 -0.420025762
vn 0.998703027 0.050914272 -0
vn 0.929404674 0.0352938484 -0.367370789
vn 0.998703027 0.050914272 -0
vn 0.937247751 0.0352938484 -0.346873171
vn 0.33333079 0.0588230806 -0.940973129
vn 0.388232332 -0.0196076935 -0.921352915
vn 0.937247751 0.341173868 0.071882159
vn 0.929404674 0.0352938484 -0.367370789
vn 0.999070885 0.0430971754 -0
vn 0.811758513 0.427447719 -0.397915273
vn 0.176469242 0.207841552 -0.962112517
vn 0.356860022 0.39607541 -0.846034984
vn -0.960776984 -0.066666158 -0.269189917
vn -0.945090829 0.0352938484 0.324896399
vn -0.898032364 -0.0352938484 0.438511365
vn -0.960776984 0.160783087 -0.225956604
vn -0.694112351 -0.0588230806 -0.717459329
vn -0.968620061 0.199998474 0.147566215
vn -0.701955429 0.145096932 -0.697284344
vn -0.623524655 0.15294001 -0.766698349
vn -0.247056939 -0.0431369258 -0.968040327
vn -0.921561596 0.0588230806 -0.383750009
vn -0.8509739 0.39607541 0.344916935
vn -0.866660055 0.3647031 -0.340429139
vn -0.599995422 0.247056939 -0.760899706
vn -0.207841552 0.325487713 -0.922420532
vn -0.239213861 0.223527706 -0.944887344
vn 0.388232332 -0.0196076935 -0.921352915
vn 0.33333079 0.0588230806 -0.940973129
vn -0.199998474 0.254900016 -0.946058451
vn 0.356860022 0.39607541 -0.846034984
vn 0.176469242 0.207841552 -0.962112517
vn -0.0117646161 0.380389255 -0.924751647
vn -0.945090829 0.0352938484 0.324896399
vn -0.356860022 0.0196076935 0.933952067
vn -0.898032364 -0.0352938484 0.438511365
vn -0.294115403 0.0196076935 0.955568767
vn 0.0196076935 0.0352938484 0.999184609
vn 0.0196076935 0.0352938484 0.999184609
vn -0.8509739 0.39607541 0.344916935
vn -0.388232332 0.00392153871 0.921553188
vn -0.968620061 0.199998474 0.147566215
vn -0.388232332 0.231370784 0.892044403
vn 0.027450771 0.145096932 0.989036569
vn 0.0431369258 0.027450771 0.998691975
vn 0.490192339 0.866660055 -0.0927998984
vn 0.0274406433 0.999623435 -0
vn 0.027450771 0.992149293 -0.12200916
vn 0.450976951 0.874503132 -0.178505074
vn 0.560780035 0.741170816 -0.369041426
vn 0.803915435 0.592152345 -0.0554578528
vn 0.388232332 0.756856971 -0.525778644
vn 0.137253855 0.952933906 -0.270330076
vn -0.0196076935 0.984306216 -0.175376201
vn -0.388232332 0.231370784 0.892044403
vn -0.027450771 0.843130822 0.537007329
vn 0.027450771 0.145096932 0.989036569
vn -0.1215677 0.796072358 0.592866001
vn -0.8509739 0.39607541 0.344916935
vn -0.403918487 0.890189287 0.210743659
vn -0.403918487 0.898032364 -0.174320764
vn -0.866660055 0.3647031 -0.340429139
vn -0.599995422 0.247056939 -0.760899706
vn -0.137253855 0.874503132 -0.465194208
vn 0.325487713 0.945090829 -0.0293440684
vn -0.33333079 0.858816977 -0.389003836
vn -0.207841552 0.325487713 -0.922420532
vn 0.0431369258 0.890189287 -0.453544088
vn 0.356860022 0.39607541 -0.846034984
vn 0.443133874 0.890189287 -0.105808333
vn 0.937247751 0.341173868 0.071882159
vn 0.811758513 0.427447719 -0.397915273
vn 0.709798506 -0.662740042 -0.238666541
vn 0.332615423 -0.943062554 -0
vn 0.843130822 -0.529407726 0.0941162929
vn 0.505878493 -0.858816977 -0.0807486828
vn 0.3647031 -0.717641584 -0.593280883
vn 0.176469242 -0.882346209 -0.43626113
vn -0.168626164 -0.670583119 -0.722415045
vn -0.0431369258 -0.913718519 -0.404051573
vn -0.458820029 -0.882346209 -0.104639132
vn 0.0431369258 -0.913718519 0.404051573
vn -0.349016945 -0.874503132 -0.33679585
vn -0.560780035 -0.552936958 -0.616268182
vn -0.78822928 -0.57646619 -0.215363259
vn -0.654896964 -0.647053887 0.390424428
vn -0.450976951 -0.858816977 0.243008619
vn -0.223527706 -0.57646619 0.785952986
vn -0.0980384677 -0.843130822 0.528695447
vn 0.0352938484 -0.521564648 0.852481473
vn -0.403918487 0.874503132 0.268503497
vn -0.0430971754 0.999070885 -0
vn -0.0431369258 0.921561596 0.385828238
vn -0.168626164 0.890189287 0.423235455
vn -0.0431369258 0.654896964 0.754486032
vn -0.356860022 0.772543126 0.525193339
vn -0.498035416 0.78822928 0.361462759
vn -0.513721571 0.796072358 0.319935851
vn 0.934549665 0.355832718 -0
vn 0.81960159 0.403918487 -0.406328795
vn 0.905875442 0.027450771 -0.422653687
vn 0.999070885 0.0430971754 -0
vn -0.811758513 0.474506184 0.340429139
vn -0.341173868 0.498035416 0.797220871
vn -0.325487713 0.027450771 0.945147715
vn -0.921561596 -0.027450771 0.38726048
vn -0.952933906 -0.0509800032 -0.298861188
vn -0.890189287 0.301958481 -0.341151154
vn -0.662740042 -0.0588230806 -0.746535654
vn -0.615681577 0.278429248 -0.737165754
vn -0.231370784 -0.0509800032 -0.971529001
vn -0.231370784 0.372546177 -0.898708466
vn 0.294115403 -0.0196076935 -0.955568767
vn 0.309801558 0.262743093 -0.913777359
vn 0.905875442 0.027450771 -0.422653687
vn 0.81960159 0.403918487 -0.406328795
vn -0.325487713 0.027450771 0.945147715
vn -0.341173868 0.498035416 0.797220871
vn 0.0745092355 0.3647031 0.928137933
vn 0.066666158 0.0588230806 0.996039893
vn 0.639210809 -0.756856971 -0.136297715
vn 0.348973993 -0.937132409 -0
vn 0.772543126 -0.631367732 -0.0674678157
vn 0.278429248 -0.929404674 -0.242248026
vn 0.356860022 -0.843130822 -0.402220513
vn -0.0745092355 -0.8509739 -0.519895947
vn -0.0117646161 -0.960776984 -0.277072521
vn -0.443133874 -0.890189287 -0.105808333
vn 0.0509800032 -0.890189287 0.45272958
vn -0.278429248 -0.913718519 -0.295965575
vn -0.490192339 -0.725484661 -0.483097793
vn -0.741170816 -0.647053887 -0.178849348
vn -0.694112351 -0.584309268 0.42046489
vn -0.458820029 -0.858816977 0.227854298
vn -0.215684629 -0.513721571 0.83040369
vn -0.184312319 -0.803915435 0.565463475
vn 0.0431369258 -0.474506184 0.879194567
vn 0.81960159 0.403918487 -0.406328795
vn 0.934549665 0.355832718 -0
vn 0.309174564 0.951005304 -0
vn 0.3647031 0.874503132 -0.319743524
vn 0.309801558 0.262743093 -0.913777359
vn 0.027450771 0.874503132 -0.484242426
vn -0.231370784 0.372546177 -0.898708466
vn -0.145096932 0.905875442 -0.397915273
vn 0.00392153871 0.945090829 0.326784252
vn -0.33333079 0.843130822 -0.42192535
vn -0.615681577 0.278429248 -0.737165754
vn -0.890189287 0.301958481 -0.341151154
vn -0.466663106 0.858816977 -0.211326631
vn -0.442508221 0.896764448 -0
vn -0.811758513 0.474506184 0.340429139
vn -0.0431369258 0.913718519 0.404051573
vn 0.0745092355 0.3647031 0.928137933
vn -0.341173868 0.498035416 0.797220871
vn 0.890189287 0.450976951 0.0646747476
vn 0.945090829 0.0352938484 -0.324896399
vn 0.998703027 0.050914272 -0
vn 0.905875442 0.15294001 -0.394967135
vn 0.858816977 0.482349261 -0.172547356
vn 0.552936958 0.78822928 -0.270102429
vn 0.482349261 0.874503132 -0.0508277732
vn 0.843130822 0.474506184 -0.25293141
vn 0.796072358 0.599995422 -0.0792104433
vn 0.796072358 0.599995422 -0.0792104433
vn 0.952933906 0.294115403 0.0735737741
vn 0.843130822 0.474506184 -0.25293141
vn 0.874503132 0.372546177 -0.310569828
vn -0.811758513 -0.294115403 0.504523782
vn -0.945090829 -0.0431369258 -0.323948346
vn -0.8509739 0.388232332 0.353721753
vn -0.905875442 0.262743093 -0.332198361
vn -0.756205966 0.654333659 -0
vn -0.780386203 0.57646619 -0.242248026
vn -0.647053887 -0.0352938484 -0.761626951
vn -0.490192339 0.57646619 -0.653756991
vn -0.6078385 0.270586171 -0.746535654
vn -0.215684629 0.294115403 -0.931115605
vn -0.247056939 -0.027450771 -0.968612061
vn -0.184312319 0.6078385 -0.772373826
vn 0.411761564 -0.0117646161 -0.911215676
vn 0.309801558 0.686269274 -0.658071028
vn 0.443133874 0.113724623 -0.889212618
vn 0.286272326 0.388232332 -0.875970212
vn 0.905875442 0.15294001 -0.394967135
vn 0.945090829 0.0352938484 -0.324896399
vn 0.858816977 0.482349261 -0.172547356
vn 0.552936958 0.78822928 -0.270102429
vn -0.921561596 -0.0117646161 0.388053885
vn -0.372546177 0.129410777 0.918946242
vn -0.388232332 0.0431369258 0.92055139
vn -0.913718519 0.231370784 0.33404495
vn -0.890189287 0.341173868 -0.301932817
vn -0.952933906 -0.0588230806 -0.297416906
vn -0.631367732 0.411761564 -0.657135603
vn -0.686269274 -0.066666158 -0.724285929
vn -0.254900016 0.341173868 -0.904779738
vn -0.262743093 -0.0431369258 -0.96390107
vn 0.411761564 0.39607541 -0.820717177
vn 0.411761564 -0.0117646161 -0.911215676
vn 0.843130822 0.474506184 -0.25293141
vn 0.874503132 0.372546177 -0.310569828
vn 0.160783087 0.976463138 -0.143765567
vn 0.160783087 0.976463138 -0.143765567
vn 0.0509800032 0.992149293 -0.114196407
vn 0.0588230806 0.992149293 -0.110361339
vn -0.050914272 0.998703027 -0
vn -0.050914272 0.998703027 -0
vn -0.0745092355 0.992149293 -0.100439802
vn -0.0823523129 0.992149293 -0.0941162929
vn -0.0980384677 0.992149293 -0.0776417341
vn -0.0980384677 0.992149293 -0.0776417341
vn -0.0901953903 0.992149293 -0.0866289305
vn -0.0980384677 0.992149293 -0.0776417341
vn -0.066666158 0.992149293 0.105808333
vn -0.0745092355 0.992149293 0.100439802
vn -0.0431369258 0.992149293 0.117383924
vn -0.0431369258 0.992149293 0.117383924
vn -0.0117646161 0.3647031 0.931049538
vn -0.231370784 0.803915435 0.547893725
vn -0.0352938484 0.701955429 0.711345851
vn -0.372546177 0.39607541 0.839245861
vn -0.3647031 -0.223527706 0.903895466
vn 0.0196076935 -0.160783087 0.986794982
vn -0.8509739 0.388232332 0.353721753
vn -0.756205966 0.654333659 -0
vn -0.811758513 -0.294115403 0.504523782
vn -0.105881545 -0.388232332 0.915458767
vn 0.0196076935 -0.286272326 0.957947647
vn -0.39607541 -0.615681577 0.681219836
vn 0.00392153871 0.0509800032 0.998691975
vn -0.388232332 0.0431369258 0.92055139
vn -0.372546177 0.129410777 0.918946242
vn 0.0117646161 0.145096932 0.989347499
vn -0.686269274 -0.686269274 -0.240975035
vn -0.770460558 -0.63748767 -0
vn -0.388232309 -0.921561541 -0
vn -0.419604642 -0.898032364 -0.132173437
vn -0.215684629 -0.945090829 -0.245526916
vn -0.435290797 -0.741170816 -0.511065303
vn -0.0823523129 -0.882346209 -0.463339253
vn -0.15294001 -0.623524655 -0.766698349
vn 0.0430971754 -0.999070885 -0
vn 0.0430971754 -0.999070885 -0
vn 0.355832718 -0.934549665 -0
vn 0.207841552 -0.874503132 -0.438230717
vn 0.294115403 -0.694112351 -0.657041987
vn 0.662740042 -0.701955429 -0.260833689
vn 0.458820029 -0.882346209 -0.104639132
vn 0.772543126 -0.631367732 0.0674678157
vn -0.866660055 0.498035416 -0.0293440684
vn -0.998703027 0.050914272 -0
vn -0.921561596 0.0431369258 -0.385828238
vn -0.796072358 0.450976951 -0.403594587
vn -0.749013893 0.568623113 -0.340067557
vn -0.866660055 0.490192339 -0.0927998984
vn -0.951005304 0.309174564 -0
vn -0.8509739 0.341173868 -0.399304162
vn -0.317644635 0.945090829 -0.0768453717
vn -0.474506184 0.866660055 -0.154091634
vn 0.419604642 0.317644635 0.85031396
vn 0.192155397 0.858816977 0.47487862
vn 0.427447719 0.890189287 0.157643525
vn 0.890189287 0.341173868 0.301932817
vn 0.325487713 0.419604642 0.847342725
vn 0.843130822 0.427447719 -0.326219043
vn 0.349016945 0.921561596 -0.170033514
vn 0.8509739 0.443133874 0.281914511
vn 0.623524655 0.349016945 -0.699574283
vn 0.6078385 0.458820029 -0.64808683
vn 0.176469242 0.921561596 -0.345807505
vn 0.270586171 0.427447719 -0.862595833
vn -0.176469242 0.890189287 -0.420025762
vn -0.317644635 0.380389255 -0.868565427
vn -0.474506184 0.866660055 -0.154091634
vn -0.8509739 0.341173868 -0.399304162
vn 0.207841552 0.537250803 -0.817412665
vn -0.278429248 0.537250803 -0.796139892
vn -0.749013893 0.568623113 -0.340067557
vn -0.796072358 0.450976951 -0.403594587
vn 0.239213861 0.458820029 -0.855722449
vn -0.341173868 0.443133874 -0.828995031
vn -0.921561596 0.0431369258 -0.385828238
vn -0.380389255 -0.00392153871 -0.924818164
vn 0.270586171 -0.0431369258 -0.961728823
vn 0.631367732 0.372546177 -0.680135378
vn 0.686269274 -0.0509800032 -0.725558766
vn 0.882346209 0.3647031 -0.297416906
vn 0.952933906 -0.0509800032 -0.298861188
vn 0.8509739 0.435290797 -0.293879813
vn 0.866660055 0.3647031 0.340429139
vn 0.929404674 -0.0352938484 0.367370789
vn 0.39607541 0.00392153871 0.918209612
vn 0.403918487 0.3647031 0.838952624
vn 0.39607541 0.00392153871 0.918209612
vn -0.00392153871 0.027450771 0.999615464
vn 0.00392153871 0.309801558 0.950793151
vn 0.403918487 0.3647031 0.838952624
vn 0.325487713 0.419604642 0.847342725
vn 0.0117646161 0.301958481 0.953248483
vn 0.0117646161 0.317644635 0.948136846
vn 0.419604642 0.317644635 0.85031396
vn 0.027450771 0.952933906 0.301932817
vn 0.192155397 0.858816977 0.47487862
vn 0.027450771 0.952933906 0.301932817
vn 0.427447719 0.890189287 0.157643525
vn 0.192155397 0.858816977 0.47487862
vn 0.349016945 0.921561596 -0.170033514
vn 0.176469242 0.921561596 -0.345807505
vn -0.317644635 0.945090829 -0.0768453717
vn -0.474506184 0.866660055 -0.154091634
vn -0.176469242 0.890189287 -0.420025762
vn -0.998703027 0.050914272 -0
vn -0.998703027 0.050914272 -0
vn -0.929404674 0.0352938484 -0.367370789
vn -0.937247751 0.0352938484 -0.346873171
vn -0.33333079 0.0588230806 -0.940973129
vn -0.388232332 -0.0196076935 -0.921352915
vn -0.937247751 0.341173868 0.071882159
vn -0.999070885 0.0430971754 -0
vn -0.929404674 0.0352938484 -0.367370789
vn -0.811758513 0.427447719 -0.397915273
vn -0.176469242 0.207841552 -0.962112517
vn -0.356860022 0.39607541 -0.846034984
vn 0.945090829 0.0431369258 0.323948346
vn 0.898032364 -0.0352938484 0.438511365
vn 0.356860022 0.0196076935 0.933952067
vn 0.294115403 0.0196076935 0.955568767
vn -0.0196076935 0.0352938484 0.999184609
vn -0.0196076935 0.0352938484 0.999184609
vn 0.8509739 0.39607541 0.344916935
vn 0.968620061 0.199998474 0.147566215
vn 0.388232332 0.00392153871 0.921553188
vn 0.388232332 0.231370784 0.892044403
vn -0.027450771 0.145096932 0.989036569
vn -0.0431369258 0.027450771 0.998691975
vn -0.490192339 0.866660055 -0.0927998984
vn -0.027450771 0.992149293 -0.12200916
vn -0.0274406433 0.999623435 -0
vn -0.450976951 0.874503132 -0.178505074
vn -0.560780035 0.741170816 -0.369041426
vn -0.803915435 0.592152345 -0.0554578528
vn -0.388232332 0.756856971 -0.525778644
vn -0.137253855 0.952933906 -0.270330076
vn 0.0196076935 0.984306216 -0.175376201
vn 0.388232332 0.231370784 0.892044403
vn -0.027450771 0.145096932 0.989036569
vn 0.027450771 0.843130822 0.537007329
vn 0.1215677 0.796072358 0.592866001
vn 0.8509739 0.39607541 0.344916935
vn 0.403918487 0.890189287 0.210743659
vn 0.403918487 0.898032364 -0.174320764
vn 0.874503132 0.3647031 -0.319743524
vn 0.599995422 0.247056939 -0.760899706
vn 0.137253855 0.874503132 -0.465194208
vn -0.325487713 0.945090829 -0.0293440684
vn 0.33333079 0.858816977 -0.389003836
vn 0.207841552 0.325487713 -0.922420532
vn -0.0431369258 0.890189287 -0.453544088
vn -0.356860022 0.39607541 -0.846034984
vn -0.443133874 0.890189287 -0.105808333
vn -0.937247751 0.341173868 0.071882159
vn -0.811758513 0.427447719 -0.397915273
vn -0.709798506 -0.662740042 -0.238666541
vn -0.843130822 -0.529407726 0.0941162929
vn -0.332615423 -0.943062554 -0
vn -0.505878493 -0.858816977 -0.0807486828
vn -0.3647031 -0.717641584 -0.593280883
vn -0.176469242 -0.882346209 -0.43626113
vn 0.168626164 -0.670583119 -0.722415045
vn 0.0431369258 -0.913718519 -0.404051573
vn 0.458820029 -0.882346209 -0.104639132
vn -0.0431369258 -0.913718519 0.404051573
vn 0.349016945 -0.874503132 -0.33679585
vn 0.560780035 -0.552936958 -0.616268182
vn 0.78822928 -0.57646619 -0.215363259
vn 0.654896964 -0.647053887 0.390424428
vn 0.450976951 -0.858816977 0.243008619
vn 0.223527706 -0.57646619 0.785952986
vn 0.0980384677 -0.843130822 0.528695447
vn -0.0352938484 -0.521564648 0.852481473
vn 0.403918487 0.874503132 0.268503497
vn 0.0431369258 0.921561596 0.385828238
vn 0.0430971754 0.999070885 -0
vn 0.168626164 0.890189287 0.423235455
vn 0.0431369258 0.654896964 0.754486032
vn 0.356860022 0.772543126 0.525193339
vn 0.498035416 0.78822928 0.361462759
vn 0.513721571 0.796072358 0.319935851
vn -0.33333079 0.0588230806 -0.940973129
vn -0.176469242 0.207841552 -0.962112517
vn 0.0117646161 0.380389255 -0.924751647
vn 0.239213861 0.223527706 -0.944887344
vn -0.388232332 -0.0196076935 -0.921352915
vn 0.247056939 -0.0431369258 -0.968040327
vn 0.199998474 0.254900016 -0.946058451
vn 0.623524655 0.15294001 -0.766698349
vn -0.356860022 0.39607541 -0.846034984
vn 0.207841552 0.325487713 -0.922420532
vn 0.599995422 0.247056939 -0.760899706
vn 0.874503132 0.3647031 -0.319743524
vn 0.701955429 0.145096932 -0.697284344
vn 0.960776984 0.160783087 -0.225956604
vn 0.694112351 -0.0588230806 -0.717459329
vn 0.960776984 -0.066666158 -0.269189917
vn 0.898032364 -0.0352938484 0.438511365
vn 0.945090829 0.0431369258 0.323948346
vn 0.968620061 0.199998474 0.147566215
vn 0.921561596 0.0588230806 -0.383750009
vn 0.8509739 0.39607541 0.344916935
vn -0.934549665 0.355832718 -0
vn -0.999070885 0.0430971754 -0
vn -0.905875442 0.027450771 -0.422653687
vn -0.81960159 0.403918487 -0.406328795
vn 0.811758513 0.474506184 0.340429139
vn 0.325487713 0.027450771 0.945147715
vn 0.341173868 0.498035416 0.797220871
vn 0.921561596 -0.0352938484 0.386624583
vn 0.952933906 -0.0509800032 -0.298861188
vn 0.890189287 0.301958481 -0.341151154
vn 0.662740042 -0.0588230806 -0.746535654
vn 0.615681577 0.278429248 -0.737165754
vn 0.231370784 -0.0509800032 -0.971529001
vn 0.231370784 0.372546177 -0.898708466
vn -0.294115403 -0.0196076935 -0.955568767
vn -0.309801558 0.262743093 -0.913777359
vn -0.905875442 0.027450771 -0.422653687
vn -0.81960159 0.403918487 -0.406328795
vn 0.325487713 0.027450771 0.945147715
vn -0.066666158 0.0588230806 0.996039893
vn -0.0745092355 0.3647031 0.928137933
vn 0.341173868 0.498035416 0.797220871
vn -0.639210809 -0.756856971 -0.136297715
vn -0.772543126 -0.631367732 -0.0674678157
vn -0.348973993 -0.937132409 -0
vn -0.278429248 -0.929404674 -0.242248026
vn -0.356860022 -0.843130822 -0.402220513
vn 0.0745092355 -0.8509739 -0.519895947
vn 0.0117646161 -0.960776984 -0.277072521
vn 0.443133874 -0.890189287 -0.105808333
vn -0.0509800032 -0.890189287 0.45272958
vn 0.278429248 -0.913718519 -0.295965575
vn 0.490192339 -0.725484661 -0.483097793
vn 0.741170816 -0.647053887 -0.178849348
vn 0.694112351 -0.584309268 0.42046489
vn 0.458820029 -0.858816977 0.227854298
vn 0.215684629 -0.513721571 0.83040369
vn 0.184312319 -0.803915435 0.565463475
vn -0.0431369258 -0.474506184 0.879194567
vn -0.81960159 0.403918487 -0.406328795
vn -0.309174564 0.951005304 -0
vn -0.934549665 0.355832718 -0
vn -0.3647031 0.874503132 -0.319743524
vn -0.309801558 0.262743093 -0.913777359
vn -0.027450771 0.874503132 -0.484242426
vn 0.231370784 0.372546177 -0.898708466
vn 0.145096932 0.905875442 -0.397915273
vn -0.00392153871 0.945090829 0.326784252
vn 0.33333079 0.843130822 -0.42192535
vn 0.615681577 0.278429248 -0.737165754
vn 0.890189287 0.301958481 -0.341151154
vn 0.466663106 0.858816977 -0.211326631
vn 0.442508221 0.896764448 -0
vn 0.811758513 0.474506184 0.340429139
vn 0.0431369258 0.913718519 0.404051573
vn -0.0745092355 0.3647031 0.928137933
vn 0.341173868 0.498035416 0.797220871
vn -0.890189287 0.450976951 0.0646747476
vn -0.998703027 0.050914272 -0
vn -0.945090829 0.0352938484 -0.324896399
vn -0.905875442 0.15294001 -0.394967135
vn -0.858816977 0.482349261 -0.172547356
vn -0.552936958 0.78822928 -0.270102429
vn -0.482349261 0.874503132 -0.0508277732
vn -0.843130822 0.474506184 -0.25293141
vn -0.796072358 0.599995422 -0.0792104433
vn -0.796072358 0.599995422 -0.0792104433
vn -0.843130822 0.474506184 -0.25293141
vn -0.952933906 0.294115403 0.0735737741
vn -0.874503132 0.372546177 -0.310569828
vn 0.811758513 -0.294115403 0.504523782
vn 0.8509739 0.388232332 0.353721753
vn 0.945090829 -0.0431369258 -0.323948346
vn 0.905875442 0.262743093 -0.332198361
vn 0.756205966 0.654333659 -0
vn 0.780386203 0.57646619 -0.242248026
vn 0.647053887 -0.0352938484 -0.761626951
vn 0.490192339 0.57646619 -0.653756991
vn 0.6078385 0.270586171 -0.746535654
vn 0.215684629 0.294115403 -0.931115605
vn 0.247056939 -0.027450771 -0.968612061
vn 0.184312319 0.6078385 -0.772373826
vn -0.411761564 -0.0117646161 -0.911215676
vn -0.309801558 0.686269274 -0.658071028
vn -0.443133874 0.113724623 -0.889212618
vn -0.286272326 0.388232332 -0.875970212
vn -0.905875442 0.15294001 -0.394967135
vn -0.945090829 0.0352938484 -0.324896399
vn -0.858816977 0.482349261 -0.172547356
vn -0.552936958 0.78822928 -0.270102429
vn 0.921561596 -0.0117646161 0.388053885
vn 0.388232332 0.0431369258 0.92055139
vn 0.372546177 0.129410777 0.918946242
vn 0.913718519 0.231370784 0.33404495
vn 0.890189287 0.341173868 -0.301932817
vn 0.952933906 -0.0588230806 -0.297416906
vn 0.631367732 0.411761564 -0.657135603
vn 0.686269274 -0.066666158 -0.724285929
vn 0.254900016 0.341173868 -0.904779738
vn 0.262743093 -0.0431369258 -0.96390107
vn -0.411761564 0.39607541 -0.820717177
vn -0.411761564 -0.0117646161 -0.911215676
vn -0.843130822 0.474506184 -0.25293141
vn -0.874503132 0.372546177 -0.310569828
vn -0.160783087 0.976463138 -0.143765567
vn -0.0509800032 0.992149293 -0.114196407
vn -0.160783087 0.976463138 -0.143765567
vn -0.0588230806 0.992149293 -0.110361339
vn 0.050914272 0.998703027 -0
vn 0.050914272 0.998703027 -0
vn 0.0745092355 0.992149293 -0.100439802
vn 0.0823523129 0.992149293 -0.0941162929
vn 0.0980384677 0.992149293 -0.0776417341
vn 0.0980384677 0.992149293 -0.0776417341
vn 0.0901953903 0.992149293 -0.0866289305
vn 0.0980384677 0.992149293 -0.0776417341
vn 0.066666158 0.992149293 0.105808333
vn 0.0745092355 0.992149293 0.100439802
vn 0.0431369258 0.992149293 0.117383924
vn 0.0431369258 0.992149293 0.117383924
vn 0.0117646161 0.3647031 0.931049538
vn 0.0352938484 0.701955429 0.711345851
vn 0.231370784 0.803915435 0.547893725
vn 0.372546177 0.39607541 0.839245861
vn 0.3647031 -0.223527706 0.903895466
vn -0.0196076935 -0.160783087 0.986794982
vn 0.8509739 0.388232332 0.353721753
vn 0.756205966 0.654333659 -0
vn 0.811758513 -0.294115403 0.504523782
vn 0.105881545 -0.388232332 0.915458767
vn -0.0196076935 -0.286272326 0.957947647
vn 0.39607541 -0.615681577 0.681219836
vn -0.00392153871 0.0509800032 0.998691975
vn -0.0117646161 0.145096932 0.989347499
vn 0.372546177 0.129410777 0.918946242
vn 0.388232332 0.0431369258 0.92055139
vn 0.686269274 -0.686269274 -0.240975035
vn 0.388232309 -0.921561541 -0
vn 0.770460558 -0.63748767 -0
vn 0.419604642 -0.898032364 -0.132173437
vn 0.215684629 -0.945090829 -0.245526916
vn 0.435290797 -0.741170816 -0.511065303
vn 0.0823523129 -0.882346209 -0.463339253
vn 0.15294001 -0.623524655 -0.766698349
vn -0.0430971754 -0.999070885 -0
vn -0.0430971754 -0.999070885 -0
vn -0.355832718 -0.934549665 -0
vn -0.207841552 -0.874503132 -0.438230717
vn -0.294115403 -0.694112351 -0.657041987
vn -0.662740042 -0.701955429 -0.260833689
vn -0.458820029 -0.882346209 -0.104639132
vn -0.772543126 -0.631367732 0.0674678157
vn 0.858183677 0.513342747 -0
vn 0.998703027 0.050914272 -0
vn 0.921561596 0.0431369258 0.385828238
vn 0.796072358 0.450976951 0.403594587
vn 0.749013893 0.57646619 0.326595957
vn 0.874503132 0.482349261 0.0508277732
vn 0.951005304 0.309174564 -0
vn 0.8509739 0.341173868 0.399304162
vn 0.317644635 0.945090829 0.0768453717
vn 0.474506184 0.866660055 0.154091634
vn -0.419604642 0.317644635 -0.85031396
vn -0.192155397 0.858816977 -0.47487862
vn -0.427447719 0.890189287 -0.157643525
vn -0.890189287 0.341173868 -0.301932817
vn -0.325487713 0.419604642 -0.847342725
vn -0.843130822 0.427447719 0.326219043
vn -0.349016945 0.921561596 0.170033514
vn -0.623524655 0.349016945 0.699574283
vn -0.6078385 0.458820029 0.64808683
vn -0.176469242 0.921561596 0.345807505
vn -0.270586171 0.427447719 0.862595833
vn 0.176469242 0.890189287 0.420025762
vn -0.8509739 0.435290797 0.293879813
vn -0.8509739 0.443133874 -0.281914511
vn 0.317644635 0.380389255 0.868565427
vn 0.474506184 0.866660055 0.154091634
vn 0.8509739 0.341173868 0.399304162
vn -0.866660055 0.3647031 -0.340429139
vn -0.403918487 0.3647031 -0.838952624
vn -0.39607541 0.00392153871 -0.918209612
vn -0.929404674 -0.0352938484 -0.367370789
vn -0.952933906 -0.0509800032 0.298861188
vn -0.882346209 0.3647031 0.297416906
vn -0.686269274 -0.0509800032 0.725558766
vn -0.631367732 0.372546177 0.680135378
vn -0.270586171 -0.0431369258 0.961728823
vn -0.239213861 0.458820029 0.855722449
vn 0.380389255 -0.00392153871 0.924818164
vn -0.207841552 0.537250803 0.817412665
vn 0.278429248 0.537250803 0.796139892
vn 0.749013893 0.57646619 0.326595957
vn 0.796072358 0.450976951 0.403594587
vn 0.341173868 0.443133874 0.828995031
vn 0.921561596 0.0431369258 0.385828238
vn -0.39607541 0.00392153871 -0.918209612
vn 0.00392153871 0.027450771 -0.999615464
vn -0.00392153871 0.309801558 -0.950793151
vn -0.403918487 0.3647031 -0.838952624
vn -0.325487713 0.419604642 -0.847342725
vn -0.0117646161 0.301958481 -0.953248483
vn -0.0117646161 0.317644635 -0.948136846
vn -0.419604642 0.317644635 -0.85031396
vn -0.027450771 0.952933906 -0.301932817
vn -0.192155397 0.858816977 -0.47487862
vn -0.027450771 0.952933906 -0.301932817
vn -0.427447719 0.890189287 -0.157643525
vn -0.192155397 0.858816977 -0.47487862
vn -0.349016945 0.921561596 0.170033514
vn -0.176469242 0.921561596 0.345807505
vn 0.317644635 0.945090829 0.0768453717
vn 0.474506184 0.866660055 0.154091634
vn 0.176469242 0.890189287 0.420025762
vn 0.998703027 0.050914272 -0
vn 0.998703027 0.050914272 -0
vn 0.929404674 0.0352938484 0.367370789
vn 0.937247751 0.0352938484 0.346873171
vn 0.33333079 0.0509800032 0.941430626
vn 0.388232332 -0.0196076935 0.921352915
vn 0.937247751 0.341173868 -0.071882159
vn 0.999070885 0.0430971754 -0
vn 0.929404674 0.0352938484 0.367370789
vn 0.811758513 0.427447719 0.397915273
vn 0.168626164 0.278429248 0.945538138
vn 0.356860022 0.39607541 0.846034984
vn 0.388232332 -0.0196076935 0.921352915
vn -0.247056939 -0.0431369258 0.968040327
vn 0.33333079 0.0509800032 0.941430626
vn -0.239213861 0.223527706 0.944887344
vn -0.0117646161 0.380389255 0.924751647
vn 0.168626164 0.278429248 0.945538138
vn -0.701955429 0.145096932 0.697284344
vn -0.694112351 -0.0588230806 0.717459329
vn -0.952933906 0.207841552 0.220723492
vn -0.960776984 -0.066666158 0.269189917
vn -0.898032364 -0.0352938484 -0.438511365
vn -0.945090829 0.0196076935 -0.326219043
vn -0.976463138 0.129410777 -0.172547356
vn -0.199998474 0.254900016 0.946058451
vn 0.356860022 0.39607541 0.846034984
vn -0.207841552 0.325487713 0.922420532
vn -0.623524655 0.15294001 0.766698349
vn -0.599995422 0.247056939 0.760899706
vn -0.913718519 0.0745092355 0.399458185
vn -0.8509739 0.39607541 -0.344916935
vn -0.874503132 0.3647031 0.319743524
vn -0.945090829 0.0196076935 -0.326219043
vn -0.898032364 -0.0352938484 -0.438511365
vn -0.356860022 0.0196076935 -0.933952067
vn -0.294115403 0.0196076935 -0.955568767
vn 0.0196076935 0.0352938484 -0.999184609
vn 0.0196076935 0.0352938484 -0.999184609
vn -0.8509739 0.39607541 -0.344916935
vn -0.976463138 0.129410777 -0.172547356
vn -0.388232332 0.00392153871 -0.921553188
vn -0.388232332 0.231370784 -0.892044403
vn 0.027450771 0.145096932 -0.989036569
vn 0.0431369258 0.027450771 -0.998691975
vn 0.490192339 0.866660055 0.0927998984
vn 0.027450771 0.992149293 0.12200916
vn 0.0274406433 0.999623435 -0
vn 0.450976951 0.874503132 0.178505074
vn 0.560780035 0.741170816 0.369041426
vn 0.803915435 0.592152345 0.0554578528
vn 0.388232332 0.756856971 0.525778644
vn 0.137253855 0.952933906 0.270330076
vn -0.0196076935 0.984306216 0.175376201
vn -0.388232332 0.231370784 -0.892044403
vn 0.027450771 0.145096932 -0.989036569
vn -0.027450771 0.843130822 -0.537007329
vn -0.1215677 0.796072358 -0.592866001
vn -0.8509739 0.39607541 -0.344916935
vn -0.403918487 0.890189287 -0.210743659
vn -0.403918487 0.898032364 0.174320764
vn -0.874503132 0.3647031 0.319743524
vn -0.599995422 0.247056939 0.760899706
vn -0.137253855 0.874503132 0.465194208
vn 0.325487713 0.945090829 0.0293440684
vn -0.33333079 0.858816977 0.389003836
vn -0.207841552 0.325487713 0.922420532
vn 0.0431369258 0.890189287 0.453544088
vn 0.356860022 0.39607541 0.846034984
vn 0.443133874 0.890189287 0.105808333
vn 0.937247751 0.341173868 -0.071882159
vn 0.811758513 0.427447719 0.397915273
vn 0.709798506 -0.662740042 0.238666541
vn 0.843130822 -0.529407726 -0.0941162929
vn 0.332615423 -0.943062554 -0
vn 0.505878493 -0.858816977 0.0807486828
vn 0.3647031 -0.717641584 0.593280883
vn 0.176469242 -0.882346209 0.43626113
vn -0.168626164 -0.670583119 0.722415045
vn -0.0431369258 -0.913718519 0.404051573
vn -0.458820029 -0.882346209 0.104639132
vn 0.0431369258 -0.913718519 -0.404051573
vn -0.349016945 -0.874503132 0.33679585
vn -0.560780035 -0.552936958 0.616268182
vn -0.78822928 -0.57646619 0.215363259
vn -0.654896964 -0.647053887 -0.390424428
vn -0.450976951 -0.858816977 -0.243008619
vn -0.223527706 -0.57646619 -0.785952986
vn -0.0980384677 -0.843130822 -0.528695447
vn 0.0352938484 -0.521564648 -0.852481473
vn -0.403918487 0.874503132 -0.268503497
vn -0.0431369258 0.921561596 -0.385828238
vn -0.0430971754 0.999070885 -0
vn -0.168626164 0.890189287 -0.423235455
vn -0.0431369258 0.654896964 -0.754486032
vn -0.356860022 0.772543126 -0.525193339
vn -0.498035416 0.78822928 -0.361462759
vn -0.513721571 0.796072358 -0.319935851
vn 0.934549665 0.355832718 -0
vn 0.999070885 0.0430971754 -0
vn 0.905875442 0.027450771 0.422653687
vn 0.81960159 0.403918487 0.406328795
vn -0.811758513 0.474506184 -0.340429139
vn -0.325487713 0.027450771 -0.945147715
vn -0.341173868 0.498035416 -0.797220871
vn -0.921561596 -0.027450771 -0.38726048
vn -0.952933906 -0.0509800032 0.298861188
vn -0.890189287 0.301958481 0.341151154
vn -0.662740042 -0.0588230806 0.746535654
vn -0.615681577 0.278429248 0.737165754
vn -0.231370784 -0.0509800032 0.971529001
vn -0.231370784 0.372546177 0.898708466
vn 0.294115403 -0.0196076935 0.955568767
vn 0.309801558 0.262743093 0.913777359
vn 0.905875442 0.027450771 0.422653687
vn 0.81960159 0.403918487 0.406328795
vn -0.325487713 0.027450771 -0.945147715
vn 0.066666158 0.0588230806 -0.996039893
vn 0.0745092355 0.3647031 -0.928137933
vn -0.341173868 0.498035416 -0.797220871
vn 0.639210809 -0.756856971 0.136297715
vn 0.772543126 -0.631367732 0.0674678157
vn 0.348973993 -0.937132409 -0
vn 0.278429248 -0.929404674 0.242248026
vn 0.356860022 -0.843130822 0.402220513
vn -0.0745092355 -0.8509739 0.519895947
vn -0.0117646161 -0.960776984 0.277072521
vn -0.443133874 -0.890189287 0.105808333
vn 0.0509800032 -0.890189287 -0.45272958
vn -0.278429248 -0.913718519 0.295965575
vn -0.490192339 -0.725484661 0.483097793
vn -0.741170816 -0.647053887 0.178849348
vn -0.694112351 -0.584309268 -0.42046489
vn -0.458820029 -0.858816977 -0.227854298
vn -0.215684629 -0.513721571 -0.83040369
vn -0.184312319 -0.803915435 -0.565463475
vn 0.0431369258 -0.474506184 -0.879194567
vn 0.81960159 0.403918487 0.406328795
vn 0.309174564 0.951005304 -0
vn 0.934549665 0.355832718 -0
vn 0.3647031 0.874503132 0.319743524
vn 0.309801558 0.262743093 0.913777359
vn 0.027450771 0.874503132 0.484242426
vn -0.231370784 0.372546177 0.898708466
vn -0.145096932 0.905875442 0.397915273
vn 0.00392153871 0.945090829 -0.326784252
vn -0.33333079 0.843130822 0.42192535
vn -0.615681577 0.278429248 0.737165754
vn -0.890189287 0.301958481 0.341151154
vn -0.466663106 0.858816977 0.211326631
vn -0.442508221 0.896764448 -0
vn -0.811758513 0.474506184 -0.340429139
vn -0.0431369258 0.913718519 -0.404051573
vn 0.0745092355 0.3647031 -0.928137933
vn -0.341173868 0.498035416 -0.797220871
vn 0.890189287 0.450976951 -0.0646747476
vn 0.998703027 0.050914272 -0
vn 0.945090829 0.0352938484 0.324896399
vn 0.905875442 0.15294001 0.394967135
vn 0.858816977 0.482349261 0.172547356
vn 0.552936958 0.78822928 0.270102429
vn 0.482349261 0.874503132 0.0508277732
vn 0.843130822 0.474506184 0.25293141
vn 0.796072358 0.599995422 0.0792104433
vn 0.796072358 0.599995422 0.0792104433
vn 0.843130822 0.474506184 0.25293141
vn 0.952933906 0.294115403 -0.0735737741
vn 0.874503132 0.372546177 0.310569828
vn -0.811758513 -0.294115403 -0.504523782
vn -0.8509739 0.388232332 -0.353721753
vn -0.945090829 -0.0431369258 0.323948346
vn -0.905875442 0.262743093 0.332198361
vn -0.756205966 0.654333659 -0
vn -0.780386203 0.57646619 0.242248026
vn -0.647053887 -0.0352938484 0.761626951
vn -0.490192339 0.57646619 0.653756991
vn -0.6078385 0.270586171 0.746535654
vn -0.215684629 0.294115403 0.931115605
vn -0.247056939 -0.027450771 0.968612061
vn -0.184312319 0.6078385 0.772373826
vn 0.411761564 -0.0117646161 0.911215676
vn 0.309801558 0.686269274 0.658071028
vn 0.443133874 0.113724623 0.889212618
vn 0.286272326 0.388232332 0.875970212
vn 0.905875442 0.15294001 0.394967135
vn 0.945090829 0.0352938484 0.324896399
vn 0.858816977 0.482349261 0.172547356
vn 0.552936958 0.78822928 0.270102429
vn -0.921561596 -0.0117646161 -0.388053885
vn -0.388232332 0.0431369258 -0.92055139
vn -0.372546177 0.129410777 -0.918946242
vn -0.913718519 0.231370784 -0.33404495
vn -0.890189287 0.341173868 0.301932817
vn -0.952933906 -0.0588230806 0.297416906
vn -0.631367732 0.411761564 0.657135603
vn -0.686269274 -0.066666158 0.724285929
vn -0.254900016 0.341173868 0.904779738
vn -0.262743093 -0.0431369258 0.96390107
vn 0.411761564 0.39607541 0.820717177
vn 0.411761564 -0.0117646161 0.911215676
vn 0.843130822 0.474506184 0.25293141
vn 0.874503132 0.372546177 0.310569828
vn 0.160783087 0.976463138 0.143765567
vn 0.0509800032 0.992149293 0.114196407
vn 0.160783087 0.976463138 0.143765567
vn 0.0588230806 0.992149293 0.110361339
vn -0.050914272 0.998703027 -0
vn -0.050914272 0.998703027 -0
vn -0.0745092355 0.992149293 0.100439802
vn -0.0823523129 0.992149293 0.0941162929
vn -0.0980384677 0.992149293 0.0776417341
vn -0.0980384677 0.992149293 0.0776417341
vn -0.0901953903 0.992149293 0.0866289305
vn -0.0980384677 0.992149293 0.0776417341
vn -0.066666158 0.992149293 -0.105808333
vn -0.0745092355 0.992149293 -0.100439802
vn -0.0431369258 0.992149293 -0.117383924
vn -0.0431369258 0.992149293 -0.117383924
vn -0.0117646161 0.3647031 -0.931049538
vn -0.0352938484 0.701955429 -0.711345851
vn -0.231370784 0.803915435 -0.547893725
vn -0.372546177 0.39607541 -0.839245861
vn -0.3647031 -0.223527706 -0.903895466
vn 0.0196076935 -0.160783087 -0.986794982
vn -0.8509739 0.388232332 -0.353721753
vn -0.756205966 0.654333659 -0
vn -0.811758513 -0.294115403 -0.504523782
vn -0.105881545 -0.388232332 -0.915458767
vn 0.0196076935 -0.286272326 -0.957947647
vn -0.39607541 -0.615681577 -0.681219836
vn 0.00392153871 0.0509800032 -0.998691975
vn 0.0117646161 0.145096932 -0.989347499
vn -0.372546177 0.129410777 -0.918946242
vn -0.388232332 0.0431369258 -0.92055139
vn -0.686269274 -0.686269274 0.240975035
vn -0.388232309 -0.921561541 -0
vn -0.770460558 -0.63748767 -0
vn -0.419604642 -0.898032364 0.132173437
vn -0.215684629 -0.945090829 0.245526916
vn -0.435290797 -0.741170816 0.511065303
vn -0.0823523129 -0.882346209 0.463339253
vn -0.15294001 -0.623524655 0.766698349
vn 0.0430971754 -0.999070885 -0
vn 0.0430971754 -0.999070885 -0
vn 0.355832718 -0.934549665 -0
vn 0.207841552 -0.874503132 0.438230717
vn 0.294115403 -0.694112351 0.657041987
vn 0.662740042 -0.701955429 0.260833689
vn 0.458820029 -0.882346209 0.104639132
vn 0.772543126 -0.631367732 -0.0674678157
vn -0.00392153871 -0.976463138 -0.215648698
vn -0.00392153871 -0.552936958 -0.833213863
vn -0.00392153871 -0.560780035 -0.827955538
vn -0.00392153871 -0.976463138 -0.215648698
vn -0.00392153871 -0.8509739 0.525193339
vn -0.00392153871 -0.858816977 0.512267529
vn -0.00392153871 -0.278429248 0.960448736
vn -0.00392153871 -0.278429248 0.960448736
vn 0.00392153871 0.505878493 0.862595833
vn 0.00392153871 0.521564648 0.853202754
vn 0.00392153871 0.976463138 0.215648698
vn 0.00392153871 0.968620061 0.248515189
vn 0.00392153871 0.898032364 -0.439911917
vn 0.00392153871 0.898032364 -0.439911917
vn 0.00392153871 0.294115403 -0.955761869
vn 0.00392153871 0.286272326 -0.95814027
vn -0.00392153871 -0.560780035 -0.827955538
vn -0.00392153871 -0.552936958 -0.833213863
vn -0.999992311 0.00392153847 -0
vn -0.992149293 0.00392153871 0.124997606
vn -0.992149293 0.00392153871 0.124997606
vn -0.999992311 0.00392153847 -0
vn -0.999992311 -0.00392153847 -0
vn -0.999992311 -0.00392153847 -0
vn -0.992149293 -0.0117646161 -0.124504513
vn -0.992149293 -0.0117646161 -0.124504513
vn 0.999992311 -0.00392153847 -0
vn 0.999992311 -0.00392153847 -0
vn 0.999992311 -0.00392153847 -0
vn 0.999992311 -0.00392153847 -0
vn 0.999992311 -0.00392153847 -0
vn 0.999992311 -0.00392153847 -0
vn 0.999992311 -0.00392153847 -0
vn 0.999992311 -0.00392153847 -0
vn -0.905875442 -0.113724623 -0.407990679
vn -0.3647031 -0.215684629 -0.905798979
vn -0.3647031 -0.215684629 -0.905798979
vn -0.905875442 -0.105881545 -0.410096065
vn -0.968620061 0.0431369258 0.244774147
vn -0.968620061 0.0431369258 0.244774147
vn -0.54509388 0.184312319 0.817864066
vn -0.54509388 0.184312319 0.817864066
vn 0.309801558 0.223527706 0.924152779
vn 0.309801558 0.223527706 0.924152779
vn 0.905875442 0.113724623 0.407990679
vn 0.898032364 0.113724623 0.424975979
vn 0.976463138 -0.0352938484 -0.212777075
vn 0.968620061 -0.0431369258 -0.244774147
vn 0.474506184 -0.192155397 -0.859022808
vn 0.505878493 -0.192155397 -0.840929993
vn -0.3647031 -0.215684629 -0.905798979
vn -0.3647031 -0.215684629 -0.905798979
vn -0.0117646161 0.976463138 -0.215363259
vn -0.0117646161 0.984306216 -0.176076311
vn -0.0117646161 0.984306216 -0.176076311
vn -0.0117646161 0.976463138 -0.215363259
vn -0.00392153871 0.976463138 -0.215648698
vn -0.00392153871 0.976463138 -0.215648698
vn -0.00392153871 0.976463138 -0.215648698
vn -0.00392153871 0.976463138 -0.215648698
vn 0.00392153871 -0.984306216 0.176425325
vn -0.00392153871 -0.992149293 0.124997606
vn -0.00392153871 -0.992149293 0.124997606
vn 0.00392153871 -0.984306216 0.176425325
vn 0.00392153871 -0.968620061 0.248515189
vn 0.00392153871 -0.968620061 0.248515189
vn 0.00392153871 -0.960776984 0.277294445
vn 0.00392153871 -0.960776984 0.277294445
vn -0.835287745 -0.137253855 -0.532405637
vn -0.223527706 -0.223527706 -0.948720575
vn -0.184312319 -0.231370784 -0.955246842
vn -0.858816977 -0.129410777 -0.49566748
vn -0.992149293 -0.0196076935 0.123512422
vn -0.984306216 -0.0117646161 0.176076311
vn -0.529407726 0.0431369258 0.847270126
vn -0.6078385 0.0352938484 0.793275931
vn 0.207841552 0.0509800032 0.976833112
vn 0.215684629 0.0509800032 0.975131366
vn 0.811758513 0.027450771 0.583347729
vn 0.843130822 0.027450771 0.537007329
vn 0.992149293 -0.027450771 -0.12200916
vn 0.984306216 -0.0431369258 -0.171115397
vn 0.552936958 -0.184312319 -0.812582113
vn 0.631367732 -0.168626164 -0.756928004
vn -0.184312319 -0.231370784 -0.955246842
vn -0.223527706 -0.223527706 -0.948720575
vn -0.0352938484 0.960776984 -0.275067141
vn -0.027450771 0.937247751 -0.3475818
vn -0.027450771 0.937247751 -0.3475818
vn -0.0352938484 0.960776984 -0.275067141
vn -0.0509800032 0.992149293 -0.114196407
vn -0.0509800032 0.984306216 -0.168944704
vn -0.0665190105 0.997785158 -0
vn -0.0665190105 0.997785158 -0
vn 0.0509800032 -0.992149293 0.114196407
vn 0.0823523129 -0.992149293 -0.0941162929
vn 0.0823523129 -0.992149293 -0.0941162929
vn 0.0509800032 -0.992149293 0.114196407
vn 0.0352938484 -0.968620061 0.246027482
vn 0.0352938484 -0.968620061 0.246027482
vn 0.0431369258 -0.960776984 0.273946698
vn 0.0431369258 -0.960776984 0.273946698
vn -0.937247751 -0.0588230806 -0.34366626
vn -0.419604642 -0.207841552 -0.883591441
vn -0.388232332 -0.207841552 -0.897818214
vn -0.937247751 -0.0588230806 -0.34366626
vn -0.952933906 0.0196076935 0.3025434
vn -0.921561596 0.0196076935 0.387736718
vn -0.380389255 0.0823523129 0.921152599
vn -0.427447719 0.0823523129 0.900281369
vn 0.380389255 0.0745092355 0.92182015
vn 0.356860022 0.0745092355 0.931181668
vn 0.898032364 -0.0352938484 0.438511365
vn 0.921561596 -0.0431369258 0.385828238
vn 0.945090829 -0.176469242 -0.275067141
vn 0.945090829 -0.176469242 -0.275067141
vn 0.450976951 -0.286272326 -0.845380355
vn 0.443133874 -0.286272326 -0.849517819
vn -0.388232332 -0.207841552 -0.897818214
vn -0.419604642 -0.207841552 -0.883591441
vn 0.0431369258 0.945090829 -0.323948346
vn 0.0431369258 0.866660055 -0.497030739
vn 0.0431369258 0.866660055 -0.497030739
vn 0.0431369258 0.937247751 -0.345985344
vn 0.0431369258 0.976463138 -0.211326631
vn 0.0431369258 0.976463138 -0.211326631
vn 0.0431369258 0.976463138 -0.211326631
vn 0.0431369258 0.976463138 -0.211326631
vn -0.0352938484 -0.976463138 0.212777075
vn -0.0431369258 -0.984306216 0.171115397
vn -0.0431369258 -0.984306216 0.171115397
vn -0.0352938484 -0.976463138 0.212777075
vn -0.0352938484 -0.968620061 0.246027482
vn -0.0352938484 -0.968620061 0.246027482
vn -0.027450771 -0.960776984 0.27596022
vn -0.027450771 -0.960776984 0.27596022
vn 0.976463138 -0.066666158 -0.205122799
vn 0.482349261 -0.199998474 -0.85284219
vn 0.490192339 -0.199998474 -0.848358463
vn 0.968620061 -0.066666158 -0.239438512
vn 0.874503132 0.00392153871 0.485004014
vn 0.898032364 -0.00392153871 0.439911917
vn 0.278429248 0.027450771 0.960064377
vn 0.286272326 0.027450771 0.957754985
vn -0.505878493 0.0431369258 0.861525482
vn -0.560780035 0.0431369258 0.826840346
vn -0.976463138 0.0196076935 0.214791242
vn -0.960776984 0.0196076935 0.276628137
vn -0.905875442 -0.0823523129 -0.415460926
vn -0.905875442 -0.0823523129 -0.415460926
vn -0.3647031 -0.199998474 -0.909391148
vn -0.3647031 -0.199998474 -0.909391148
vn 0.490192339 -0.199998474 -0.848358463
vn 0.482349261 -0.199998474 -0.85284219
vn 0.0117646161 -0.976463138 0.215363259
vn 0.0196076935 -0.968620061 0.247771499
vn 0.0196076935 -0.968620061 0.247771499
vn 0.0117646161 -0.976463138 0.215363259
vn 0.00392153871 -0.976463138 0.215648698
vn 0.00392153871 -0.976463138 0.215648698
vn -0.00392153871 -0.984306216 0.176425325
vn -0.00392153871 -0.984306216 0.176425325
vn -0.00392153871 0.976463138 -0.215648698
vn -0.00392153871 0.976463138 -0.215648698
vn -0.00392153871 0.976463138 -0.215648698
vn -0.00392153871 0.976463138 -0.215648698
vn -0.0117646161 0.976463138 -0.215363259
vn -0.0117646161 0.976463138 -0.215363259
vn -0.0117646161 0.984306216 -0.176076311
vn -0.0117646161 0.984306216 -0.176076311
vn 0.0823523129 -0.913718519 0.397915273
vn 0.0117646161 -0.388232332 0.921486435
vn 0.00392153871 -0.349016945 0.937108208
vn 0.0823523129 -0.913718519 0.397915273
vn 0.137253855 -0.921561596 -0.363160575
vn 0.1215677 -0.960776984 -0.249256659
vn 0.199998474 -0.498035416 -0.843778013
vn 0.199998474 -0.435290797 -0.877794129
vn 0.168626164 0.427447719 -0.888174343
vn 0.160783087 0.474506184 -0.865443632
vn 0.027450771 0.960776984 -0.27596022
vn 0.0352938484 0.945090829 -0.324896399
vn -0.0588230806 0.937247751 0.34366626
vn -0.0588230806 0.929404674 0.364344339
vn -0.0745092355 0.388232332 0.918544517
vn -0.0745092355 0.39607541 0.91518995
vn 0.00392153871 -0.349016945 0.937108208
vn 0.0117646161 -0.388232332 0.921486435
vn -0.999377744 -0.0352721557 -0
vn -0.999377744 -0.0352721557 -0
vn -0.999377744 -0.0352721557 -0
vn -0.999377744 -0.0352721557 -0
vn -0.999377744 -0.0352721557 -0
vn -0.999377744 -0.0352721557 -0
vn -0.999377744 -0.0352721557 -0
vn -0.999377744 -0.0352721557 -0
vn 0.999070885 0.0430971754 -0
vn 0.992149293 0.0431369258 0.117383924
vn 0.992149293 0.0431369258 0.117383924
vn 0.999070885 0.0430971754 -0
vn 0.999623435 0.0274406433 -0
vn 0.999623435 0.0274406433 -0
vn 0.992149293 0.00392153871 -0.124997606
vn 0.992149293 0.00392153871 -0.124997606
vn 0.066666158 -0.803915435 0.590995428
vn 0.15294001 -0.0901953903 0.98411084
vn 0.145096932 -0.137253855 0.979851142
vn 0.0745092355 -0.772543126 0.630575525
vn 0.0117638918 -0.999930803 -0
vn 0.0117638918 -0.999930803 -0
vn 0.027450771 -0.694112351 -0.719343102
vn 0.027450771 -0.670583119 -0.741326335
vn 0.0901953903 0.137253855 -0.986420889
vn 0.0901953903 0.129410777 -0.987480452
vn 0.0901953903 0.78822928 -0.608735898
vn 0.0901953903 0.780386203 -0.618758568
vn 0.0980384677 0.992149293 0.0776417341
vn 0.0980384677 0.992149293 0.0776417341
vn 0.137253855 0.662740042 0.736163716
vn 0.137253855 0.654896964 0.743149612
vn 0.145096932 -0.137253855 0.979851142
vn 0.15294001 -0.0901953903 0.98411084
vn -0.999992311 0.00392153847 -0
vn -0.999623435 0.0274406433 -0
vn -0.999623435 0.0274406433 -0
vn -0.999992311 0.00392153847 -0
vn -0.999623435 -0.0274406433 -0
vn -0.999623435 -0.0274406433 -0
vn -0.997785158 -0.0665190105 -0
vn -0.997785158 -0.0665190105 -0
vn 0.999070885 0.0430971754 -0
vn 0.992149293 0.0823523129 0.0941162929
vn 0.992149293 0.0823523129 0.0941162929
vn 0.999377744 0.0352721557 -0
vn 0.999992311 -0.00392153847 -0
vn 0.999992311 -0.00392153847 -0
vn 0.999070885 -0.0430971754 -0
vn 0.999070885 -0.0430971754 -0
vn 0.317644635 -0.945090829 -0.0768453717
vn 0.843130822 -0.537250803 0.022180874
vn 0.866660055 -0.498035416 0.0293440684
vn 0.28555303 -0.95836291 -0
vn -0.403918487 -0.913718519 -0.0443657964
vn -0.39607541 -0.913718519 -0.0907895256
vn -0.937247751 -0.341173868 0.071882159
vn -0.937132409 -0.348973993 -0
vn -0.882346209 0.466663106 0.060751231
vn -0.890189287 0.450976951 0.0646747476
vn -0.332615423 0.943062554 -0
vn -0.317644635 0.945090829 0.0768453717
vn 0.528239201 0.849095605 -0
vn 0.537250803 0.843130822 0.022180874
vn 0.984306216 0.160783087 0.0727328847
vn 0.989474726 0.14470579 -0
vn 0.866660055 -0.498035416 0.0293440684
vn 0.843130822 -0.537250803 0.022180874
vn 0.00392153871 0.027450771 0.999615464
vn -0.0117646161 0.0352938484 0.999307729
vn -0.0117646161 0.0352938484 0.999307729
vn 0.00392153871 0.027450771 0.999615464
vn -0.00392153871 0.027450771 0.999615464
vn -0.00392153871 0.027450771 0.999615464
vn -0.027450771 0.0352938484 0.9989999
vn -0.027450771 0.0352938484 0.9989999
vn -0.0196076935 -0.0196076935 -0.999615464
vn -0.0352938484 -0.0117646161 -0.999307729
vn -0.0352938484 -0.0117646161 -0.999307729
vn -0.0196076935 -0.0196076935 -0.999615464
vn -0.0117646161 -0.0352938484 -0.999307729
vn -0.0117646161 -0.0352938484 -0.999307729
vn -0.0196076935 -0.0431369258 -0.998876741
vn -0.0196076935 -0.0431369258 -0.998876741
vn 0.450976951 -0.890189287 -0.0646747476
vn 0.911701732 -0.410852712 -0
vn 0.929404674 -0.3647031 0.056556177
vn 0.419604642 -0.905875442 -0.0576335743
vn -0.270586171 -0.960776984 -0.060751231
vn -0.26179466 -0.965123596 -0
vn -0.880722355 -0.473632911 -0
vn -0.874503132 -0.482349261 0.0508277732
vn -0.943062554 0.332615423 -0
vn -0.945090829 0.317644635 0.0768453717
vn -0.466663106 0.882346209 0.060751231
vn -0.450976951 0.890189287 0.0646747476
vn 0.39607541 0.913718519 0.0907895256
vn 0.410852712 0.911701732 -0
vn 0.952933906 0.294115403 0.0735737741
vn 0.95836291 0.28555303 -0
vn 0.929404674 -0.3647031 0.056556177
vn 0.911701732 -0.410852712 -0
vn -0.00392153871 0.027450771 0.999615464
vn -0.0196076935 0.027450771 0.999430835
vn -0.0196076935 0.027450771 0.999430835
vn -0.00392153871 0.027450771 0.999615464
vn -0.00392153871 0.027450771 0.999615464
vn -0.00392153871 0.027450771 0.999615464
vn -0.027450771 0.027450771 0.999246171
vn -0.027450771 0.027450771 0.999246171
vn -0.0117646161 -0.027450771 -0.999553925
vn -0.0352938484 -0.0196076935 -0.999184609
vn -0.0352938484 -0.0196076935 -0.999184609
vn -0.0117646161 -0.027450771 -0.999553925
vn -0.00392153871 -0.0352938484 -0.999369284
vn -0.00392153871 -0.0352938484 -0.999369284
vn -0.0117646161 -0.0431369258 -0.9989999
vn -0.0117646161 -0.0431369258 -0.9989999
vn 0.913718519 -0.403918487 -0.0443657964
vn 0.960776984 0.270586171 0.060751231
vn 0.945090829 0.317644635 0.0768453717
vn 0.898032364 -0.435290797 -0.0637165226
vn 0.435290797 -0.898032364 -0.0637165226
vn 0.435290797 -0.898032364 -0.0637165226
vn -0.325487713 -0.945090829 0.0293440684
vn -0.332615423 -0.943062554 -0
vn -0.929404674 -0.3647031 0.056556177
vn -0.921561541 -0.388232309 -0
vn -0.921561596 0.380389255 0.0776417341
vn -0.913718519 0.39607541 0.0907895256
vn -0.325487713 0.945090829 0.0293440684
vn -0.317644635 0.945090829 -0.0768453717
vn 0.488960668 0.872305832 -0
vn 0.498035416 0.866660055 0.0293440684
vn 0.945090829 0.317644635 0.0768453717
vn 0.960776984 0.270586171 0.060751231
vn -0.00392153871 -0.0117646161 0.999923105
vn -0.00392153871 -0.027450771 0.999615464
vn -0.00392153871 -0.027450771 0.999615464
vn -0.0117646161 -0.0117646161 0.999861584
vn -0.0196076935 -0.00392153871 0.99980006
vn -0.0196076935 -0.00392153871 0.99980006
vn -0.0431369258 -0.0117646161 0.9989999
vn -0.0431369258 -0.0117646161 0.9989999
vn 0.00392153871 -0.00392153871 -0.999984621
vn -0.0117646161 -0.0196076935 -0.999738532
vn -0.0117646161 -0.0196076935 -0.999738532
vn 0.00392153871 -0.00392153871 -0.999984621
vn 0.00392153871 -0.00392153871 -0.999984621
vn 0.00392153871 -0.00392153871 -0.999984621
vn -0.00392153871 -0.00392153871 -0.999984621
vn -0.00392153871 -0.00392153871 -0.999984621
vn 0.69925076 -0.714876475 -0
vn 0.992149293 -0.105881545 -0.0665498191
vn 0.998274373 -0.058722022 -0
vn 0.678426197 -0.733327738 -0.0443657964
vn 0.0743038327 -0.997235649 -0
vn 0.0743038327 -0.997235649 -0
vn -0.645942241 -0.763386285 -0
vn -0.654333659 -0.756205966 -0
vn -0.999992311 0.00392153847 -0
vn -0.999623435 -0.0274406433 -0
vn -0.722557029 0.691311319 -0
vn -0.707106781 0.707106781 -0
vn 0.0430971754 0.999070885 -0
vn 0.050914272 0.998703027 -0
vn 0.780386203 0.623524655 0.0470571923
vn 0.788083812 0.615567953 -0
vn 0.998274373 -0.058722022 -0
vn 0.992149293 -0.105881545 -0.0665498191
vn 0.0117646161 -0.00392153871 0.999923105
vn 0.00392153871 -0.0196076935 0.99980006
vn 0.00392153871 -0.0196076935 0.99980006
vn 0.0117646161 -0.00392153871 0.999923105
vn 0.00392153871 0.00392153871 0.999984621
vn 0.00392153871 0.00392153871 0.999984621
vn -0.0196076935 0.0117646161 0.999738532
vn -0.0196076935 0.0117646161 0.999738532
vn -0.0196076935 -0.0117646161 -0.999738532
vn -0.0431369258 -0.0196076935 -0.998876741
vn -0.0431369258 -0.0196076935 -0.998876741
vn -0.027450771 -0.0117646161 -0.999553925
vn -0.0196076935 -0.00392153871 -0.99980006
vn -0.0196076935 -0.00392153871 -0.99980006
vn -0.027450771 -0.0117646161 -0.999553925
vn -0.027450771 -0.0117646161 -0.999553925
vn -0.278343635 -0.960481557 -0
vn -0.843130822 -0.537250803 -0.022180874
vn -0.8509739 -0.521564648 -0.0617554839
vn -0.262743093 -0.960776984 -0.0887336169
vn 0.286272326 -0.952933906 -0.0998254784
vn 0.294115403 -0.952933906 -0.0735737741
vn 0.872305832 -0.488960668 -0
vn 0.858183677 -0.513342747 -0
vn 0.888877921 0.458144127 -0
vn 0.874503132 0.482349261 0.0508277732
vn 0.278343635 0.960481557 -0
vn 0.286272326 0.952933906 0.0998254784
vn -0.278343635 0.960481557 -0
vn -0.28555303 0.95836291 -0
vn -0.905875442 0.419604642 0.0576335743
vn -0.898032364 0.435290797 0.0637165226
vn -0.8509739 -0.521564648 -0.0617554839
vn -0.843130822 -0.537250803 -0.022180874
vn 0.0196076935 -0.0901953903 0.995731053
vn 0.0588230806 -0.0980384677 0.993442653
vn 0.0588230806 -0.0980384677 0.993442653
vn 0.0196076935 -0.0901953903 0.995731053
vn -0.00392153871 -0.0901953903 0.995916369
vn -0.00392153871 -0.0901953903 0.995916369
vn -0.00392153871 -0.0823523129 0.996595564
vn -0.00392153871 -0.0823523129 0.996595564
vn -0.0509800032 0.0745092355 -0.995916369
vn -0.113724623 0.066666158 -0.991273087
vn -0.113724623 0.066666158 -0.991273087
vn -0.0352938484 0.0823523129 -0.995978133
vn 0.027450771 0.0901953903 -0.995545703
vn 0.027450771 0.0901953903 -0.995545703
vn 0.0588230806 0.0980384677 -0.993442653
vn 0.0588230806 0.0980384677 -0.993442653
vn 0.733327738 -0.00392153871 -0.679863993
vn 0.278429248 -0.0117646161 -0.960384687
vn 0.733327738 -0.00392153871 -0.679863993
vn 0.254900016 -0.0117646161 -0.966895845
vn -0.207841552 -0.0196076935 -0.977965965
vn -0.192155397 -0.0196076935 -0.98116861
vn -0.623524655 -0.0117646161 -0.781715165
vn -0.631367732 -0.0117646161 -0.775394339
vn 0.976463138 -0.0431369258 -0.211326631
vn 0.733327738 -0.00392153871 -0.679863993
vn 0.733327738 -0.00392153871 -0.679863993
vn 0.968620061 -0.0431369258 -0.244774147
vn 0.968620061 -0.0431369258 0.244774147
vn 0.960776984 -0.0431369258 0.273946698
vn 0.678426197 -0.0117646161 0.73457436
vn 0.678426197 -0.0117646161 0.73457436
vn 0.215684629 -0.0196076935 0.976266193
vn 0.678426197 -0.0117646161 0.73457436
vn 0.678426197 -0.0117646161 0.73457436
vn 0.239213861 -0.0196076935 0.970768905
vn 0.00392153871 0.027450771 0.999615464
vn 0.00392153871 0.027450771 0.999615464
vn -0.207841552 -0.0196076935 0.977965965
vn -0.00392153871 0.0117646161 0.999923105
vn -0.215684629 -0.0196076935 0.976266193
vn -0.639210809 -0.0196076935 0.768781555
vn -0.639210809 -0.0196076935 0.768781555
vn -0.623524655 -0.0117646161 -0.781715165
vn -0.631367732 -0.0117646161 -0.775394339
vn -0.952933906 -0.0431369258 -0.300093612
vn -0.945090829 -0.0431369258 -0.323948346
vn -0.952933906 -0.0431369258 0.300093612
vn -0.960776984 -0.0509800032 0.272596088
vn -0.639210809 -0.0196076935 0.768781555
vn -0.639210809 -0.0196076935 0.768781555
vn -0.278343635 -0.960481557 -0
vn -0.160783087 -0.960776984 -0.225956604
vn -0.490192339 -0.623524655 -0.609038978
vn -0.756856971 -0.6078385 -0.240208002
vn -0.278343635 -0.960481557 -0
vn -0.945090829 -0.129410777 -0.300093612
vn -0.615681577 -0.15294001 -0.773010704
vn -0.756856971 -0.599995422 0.259177582
vn -0.905875442 0.309801558 -0.288812533
vn -0.6078385 0.294115403 -0.737582868
vn -0.427447719 -0.6078385 0.669194146
vn -0.160783087 -0.960776984 0.225956604
vn -0.929404674 -0.129410777 0.345629575
vn -0.529407726 -0.145096932 0.835867418
vn -0.890189287 0.301958481 0.341151154
vn -0.529407726 0.286272326 0.79860855
vn -0.231370784 0.890189287 0.392467316
vn -0.411761564 0.905875442 -0.0992073505
vn -0.254900016 0.898032364 -0.358558021
vn 0.160783087 0.976463138 0.143765567
vn -0.411761564 0.898032364 0.154887982
vn 0.199998474 0.976463138 0.0807486828
vn 0.199998474 0.976463138 -0.0807486828
vn 0.168626164 0.976463138 -0.134480319
vn 0.670583119 0.725484661 -0.154887982
vn 0.498035416 0.756856971 -0.423235455
vn 0.670583119 0.725484661 0.154887982
vn 0.490192339 0.756856971 0.432295035
vn 0.827444667 0.529407726 0.187250587
vn 0.341173868 0.560780035 0.754404496
vn 0.827444667 0.529407726 -0.187250587
vn 0.341173868 0.568623113 -0.74851062
vn -0.937247751 -0.105881545 0.332198361
vn -0.623524655 -0.160783087 0.765092023
vn -0.647053887 -0.15294001 0.746947536
vn -0.960776984 -0.0901953903 0.262244885
vn -0.952933906 -0.113724623 -0.281040354
vn -0.937247751 -0.1215677 -0.326784252
vn -0.6078385 -0.160783087 -0.777612472
vn -0.623524655 -0.160783087 -0.765092023
vn -0.0509800032 -0.929404674 0.365524269
vn -0.160783087 -0.960776984 0.225956604
vn -0.427447719 -0.6078385 0.669194146
vn -0.113724623 -0.592152345 0.79776081
vn 0.027450771 -0.937247751 0.3475818
vn -0.129410777 -0.0980384677 0.986732643
vn -0.529407726 -0.145096932 0.835867418
vn -0.137253855 0.294115403 0.945863367
vn -0.529407726 0.286272326 0.79860855
vn -0.231370784 0.890189287 0.392467316
vn 0.184312319 -0.592152345 0.784464511
vn 0.168626164 -0.968620061 0.182593522
vn 0.54509388 -0.592152345 0.593488215
vn 0.223527706 -0.0745092355 0.971845532
vn 0.678426197 -0.0901953903 0.729110888
vn 0.254900016 0.309801558 0.915996166
vn 0.647053887 0.325487713 0.68947735
vn 0.278429248 0.905875442 0.319165847
vn 0.0980384677 0.890189287 0.4449174
vn -0.15294001 0.976463138 -0.15208252
vn -0.0431369258 0.898032364 0.437809409
vn 0.168626164 0.976463138 -0.134480319
vn -0.0588230806 0.976463138 -0.207508035
vn -0.474506184 0.764700048 -0.435979034
vn 0.0823523129 0.976463138 -0.199343513
vn 0.199998474 0.725484661 -0.658538243
vn 0.498035416 0.756856971 -0.423235455
vn 0.341173868 0.568623113 -0.74851062
vn -0.33333079 0.560780035 -0.75790259
vn -0.168626164 0.725484661 -0.667260986
vn 0.952933906 -0.0980384677 0.286889229
vn 0.670583119 -0.160783087 0.724200994
vn 0.654896964 -0.160783087 0.73841639
vn 0.960776984 -0.0901953903 0.262244885
vn 0.960776984 -0.105881545 -0.256313648
vn 0.952933906 -0.113724623 -0.281040354
vn 0.662740042 -0.160783087 -0.731385286
vn 0.662740042 -0.160783087 -0.731385286
vn -0.6078385 -0.160783087 -0.777612472
vn -0.215684629 -0.129410777 -0.967849674
vn -0.623524655 -0.160783087 -0.765092023
vn -0.176469242 -0.1215677 -0.976770137
vn 0.199998474 -0.129410777 -0.971212367
vn 0.231370784 -0.137253855 -0.963134954
vn 0.662740042 -0.160783087 -0.731385286
vn 0.662740042 -0.160783087 -0.731385286
vn -0.466663106 0.764700048 0.444364019
vn -0.81960159 0.537250803 0.199034691
vn -0.33333079 0.560780035 0.75790259
vn -0.654896964 0.733327738 0.182593522
vn -0.81960159 0.537250803 -0.199034691
vn -0.184312319 0.976463138 0.112021018
vn -0.15294001 0.976463138 0.15208252
vn 0.411761564 0.905875442 -0.0992073505
vn 0.262743093 0.898032364 -0.352851158
vn 0.905875442 0.341173868 -0.250978239
vn 0.599995422 0.341173868 -0.723606167
vn 0.6078385 -0.0823523129 -0.789778738
vn 0.952933906 -0.066666158 -0.295757661
vn 0.490192339 -0.599995422 -0.632231733
vn 0.898032364 0.341173868 0.277737763
vn 0.411761564 0.905875442 0.0992073505
vn -0.192155397 0.976463138 -0.0979593944
vn -0.654896964 0.733327738 -0.182593522
vn -0.474506184 0.764700048 -0.435979034
vn -0.33333079 0.560780035 -0.75790259
vn -0.15294001 0.976463138 -0.15208252
vn 0.278429248 0.905875442 0.319165847
vn 0.647053887 0.325487713 0.68947735
vn 0.678426197 -0.0901953903 0.729110888
vn 0.960776984 -0.066666158 0.269189917
vn 0.54509388 -0.592152345 0.593488215
vn 0.772543126 -0.592152345 0.229200174
vn 0.168626164 -0.968620061 0.182593522
vn 0.254900016 -0.960776984 0.10924088
vn 0.247056939 -0.968620061 -0.0271670136
vn 0.772543126 -0.592152345 -0.229200174
vn 0.145096932 -0.968620061 -0.201797071
vn 0.0117638918 0.999930803 -0
vn 0.0117638918 0.999930803 -0
vn 0.0117638918 0.999930803 -0
vn 0.0117638918 0.999930803 -0
vn 0.0117638918 0.999930803 -0
vn 0.0117638918 0.999930803 -0
vn 0.0117638918 0.999930803 -0
vn 0.0117638918 0.999930803 -0
vn 0.231370784 -0.176469242 0.956726799
vn 0.654896964 -0.160783087 0.73841639
vn 0.670583119 -0.160783087 0.724200994
vn 0.215684629 -0.176469242 0.960384687
vn -0.199998474 -0.168626164 0.965176578
vn -0.215684629 -0.168626164 0.961792783
vn -0.647053887 -0.15294001 0.746947536
vn -0.623524655 -0.160783087 0.765092023
vn 0.0117638918 -0.999930803 -0
vn 0.0117638918 -0.999930803 -0
vn 0.0117638918 -0.999930803 -0
vn 0.0117638918 -0.999930803 -0
vn -0.00392153847 -0.999992311 -0
vn -0.0117638918 -0.999930803 -0
vn -0.0196040749 -0.999807822 -0
vn 0.050914272 -0.998703027 -0
vn -0.0117638918 -0.999930803 -0
vn 0.0820750945 -0.996626148 -0
vn -0.00392153847 -0.999992311 -0
vn -0.00392153847 -0.999992311 -0
vn 0.058722022 -0.998274373 -0
vn 0.0665190105 -0.997785158 -0
vn -0.00392153847 -0.999992311 -0
vn -0.00392153847 -0.999992311 -0
vn -0.00392153847 -0.999992311 -0
vn -0.00392153847 -0.999992311 -0
vn -0.00392153847 -0.999992311 -0
vn -0.0117638918 -0.999930803 -0
vn -0.0117638918 -0.999930803 -0
vn 0.898032364 -0.435290797 0.0637165226
vn 0.332615423 -0.943062554 -0
vn 0.33333079 -0.937247751 0.102260633
vn 0.898032364 -0.435290797 0.0637165226
vn 0.945090829 0.325487713 0.0293440684
vn 0.945090829 0.325487713 0.0293440684
vn 0.427447719 0.898032364 0.104049605
vn 0.427447719 0.898032364 0.104049605
vn -0.442508221 0.896764448 -0
vn -0.442508221 0.896764448 -0
vn -0.945090829 0.309801558 0.104049605
vn -0.945090829 0.317644635 0.0768453717
vn -0.898032364 -0.427447719 0.104049605
vn -0.898032364 -0.427447719 0.104049605
vn -0.341173868 -0.937247751 0.071882159
vn -0.341173868 -0.937247751 0.071882159
vn 0.33333079 -0.937247751 0.102260633
vn 0.332615423 -0.943062554 -0
vn -0.00392153871 0.00392153871 0.999984621
vn -0.00392153871 0.00392153871 0.999984621
vn -0.00392153871 0.00392153871 0.999984621
vn -0.00392153871 0.00392153871 0.999984621
vn -0.00392153871 -0.00392153871 0.999984621
vn -0.00392153871 -0.00392153871 0.999984621
vn -0.00392153871 -0.00392153871 0.999984621
vn -0.00392153871 -0.00392153871 0.999984621
vn -0.442508221 -0.896764448 -0
vn 0.426739521 -0.90437458 -0
vn 0.426739521 -0.90437458 -0
vn -0.442508221 -0.896764448 -0
vn -0.951005304 -0.309174564 -0
vn -0.951005304 -0.309174564 -0
vn -0.943062554 0.332615423 -0
vn -0.943062554 0.332615423 -0
vn -0.435290797 0.898032364 0.0637165226
vn -0.435290797 0.898032364 0.0637165226
vn 0.450976951 0.890189287 -0.0646747476
vn 0.450976951 0.890189287 -0.0646747476
vn 0.951005304 0.309174564 -0
vn 0.951005304 0.309174564 -0
vn 0.937247751 -0.341173868 -0.071882159
vn 0.937247751 -0.341173868 -0.071882159
vn 0.426739521 -0.90437458 -0
vn 0.426739521 -0.90437458 -0
vn 0.00392153871 -0.00392153871 0.999984621
vn 0.00392153871 -0.00392153871 0.999984621
vn 0.00392153871 -0.00392153871 0.999984621
vn 0.00392153871 -0.00392153871 0.999984621
vn -0.00392153871 -0.00392153871 0.999984621
vn -0.00392153871 -0.00392153871 0.999984621
vn -0.00392153871 -0.00392153871 0.999984621
vn -0.00392153871 -0.00392153871 0.999984621
vn -0.00392153847 -0.999992311 -0
vn -0.00392153847 -0.999992311 -0
vn -0.00392153847 -0.999992311 -0
vn -0.00392153847 -0.999992311 -0
vn 0.999992311 -0.00392153847 -0
vn 0.999992311 -0.00392153847 -0
vn 0.999992311 -0.00392153847 -0
vn 0.999992311 -0.00392153847 -0
vn 0.00392153847 0.999992311 -0
vn 0.00392153847 0.999992311 -0
vn 0.00392153847 0.999992311 -0
vn 0.00392153847 0.999992311 -0
vn -0.999992311 -0.00392153847 -0
vn -0.999992311 -0.00392153847 -0
vn -0.999992311 -0.00392153847 -0
vn -0.999992311 -0.00392153847 -0
vn -0.00392153871 -0.0196076935 0.99980006
vn -0.00392153871 -0.0196076935 0.99980006
vn -0.00392153871 -0.0196076935 0.99980006
vn -0.00392153871 -0.0196076935 0.99980006
vn -0.999623435 -0.0274406433 -0
vn -0.999377744 -0.0352721557 -0
vn -0.999377744 -0.0352721557 -0
vn -0.999623435 -0.0274406433 -0
vn -0.999807822 -0.0196040749 -0
vn -0.999992311 0.00392153847 -0
vn -0.999807822 -0.0196040749 -0
vn -0.999992311 -0.00392153847 -0
vn 0.999930803 -0.0117638918 -0
vn 0.999930803 0.0117638918 -0
vn 0.999930803 -0.0117638918 -0
vn 0.999807822 -0.0196040749 -0
vn 0.999930803 -0.0117638918 -0
vn 0.999992311 -0.00392153847 -0
vn 0.999807822 -0.0196040749 -0
vn 0.999807822 -0.0196040749 -0
vn -0.411761564 0.0901953903 0.906817074
vn -0.733327738 0.0823523129 0.674869265
vn -0.78822928 0.466663106 0.401148535
vn -0.380389255 0.388232332 0.839392442
vn 0.294115403 0.341173868 0.892802622
vn 0.388232332 0.0745092355 0.918544517
vn 0.639210809 0.0588230806 0.766778577
vn 0.623524655 0.57646619 0.528113375
vn -0.3647031 0.866660055 0.340429139
vn -0.764700048 0.639210809 0.0815069169
vn -0.426739521 0.90437458 -0
vn 0.262743093 0.890189287 0.372194977
vn 0.355832718 0.934549665 -0
vn 0.631367732 0.772543126 0.0674678157
vn 0.372065834 0.928206343 -0
vn 0.584201433 0.811608702 -0
vn 0.694112351 0.513721571 0.504279874
vn 0.286272326 0.929404674 0.232927258
vn 0.349016945 0.505878493 0.788843535
vn 0.631367732 0.027450771 0.774997576
vn 0.380389255 0.0117646161 0.924751647
vn -0.113724623 -0.0196076935 0.993318805
vn -0.066666158 0.466663106 0.881919026
vn 0.027450771 0.952933906 0.301932817
vn -0.0980384677 0.498035416 0.86159688
vn -0.137253855 -0.0196076935 0.990341819
vn 0.00392153871 0.960776984 0.277294445
vn -0.247056939 0.968620061 0.0271670136
vn -0.270586171 0.435290797 0.858664688
vn -0.419604642 0.0588230806 0.905798979
vn -0.419604642 0.78822928 0.450140585
vn -0.426739521 0.90437458 -0
vn -0.631367732 0.654896964 0.415312838
vn -0.639210809 0.0980384677 0.762756842
vn 0.341173868 0.937247751 0.071882159
vn 0.54509388 0.835287745 0.071882159
vn 0.694112351 0.592152345 0.409345385
vn 0.349016945 0.827444667 0.439911917
vn -0.0117646161 0.898032364 0.439772062
vn 0.0196040749 0.999807822 -0
vn -0.0196040749 0.999807822 -0
vn 0.309801558 0.301958481 0.901578655
vn 0.701955429 0.0823523129 0.707443759
vn 0.39607541 0.0509800032 0.916801674
vn -0.00392153871 0.317644635 0.948201723
vn -0.301958481 0.0196076935 0.953119412
vn -0.349016945 0.81960159 0.454357135
vn -0.419604642 0.905875442 0.0576335743
vn -0.678426197 0.725484661 0.115801133
vn -0.662740042 0.411761564 0.625482255
vn -0.57646619 0.0196076935 0.816885714
vn -0.270586171 0.254900016 0.928336742
vn -0.992149293 -0.0352938484 -0.119975515
vn -0.992149293 -0.0352938484 -0.119975515
vn -0.999070885 -0.0430971754 -0
vn -0.999070885 -0.0430971754 -0
vn -0.999070885 -0.0430971754 -0
vn -0.999070885 -0.0430971754 -0
vn -0.998703027 -0.050914272 -0
vn -0.999070885 -0.0430971754 -0
vn -0.998703027 -0.050914272 -0
vn -0.998703027 -0.050914272 -0
vn -0.999070885 -0.0430971754 -0
vn -0.999070885 -0.0430971754 -0
vn 0.54509388 -0.631367732 -0.551586302
vn 0.929404674 -0.3647031 -0.056556177
vn 0.913718519 -0.317644635 -0.253417351
vn 0.560780035 -0.811758513 -0.163014936
vn 0.15294001 -0.780386203 -0.606305804
vn 0.57646619 -0.796072358 0.184270271
vn 0.929404674 -0.356860022 0.0941162929
vn 0.921561596 -0.301958481 0.244019057
vn 0.552936958 -0.615681577 0.561424007
vn 0.168626164 -0.968620061 0.182593522
vn 0.145096932 -0.741170816 0.655448474
vn -0.380389255 -0.694112351 0.611156329
vn 0.160783087 -0.968620061 -0.189536214
vn -0.388232332 -0.725484661 -0.568284843
vn -0.372546177 -0.913718519 -0.162258478
vn -0.372546177 -0.913718519 0.162258478
vn -0.380389255 -0.262743093 0.886718716
vn 0.145096932 -0.741170816 0.655448474
vn 0.129410777 -0.254900016 0.958268664
vn 0.552936958 -0.615681577 0.561424007
vn 0.113724623 0.137253855 0.983985818
vn 0.482349261 0.129410777 0.866367151
vn 0.0980384677 0.725484661 0.681219836
vn -0.380389255 0.145096932 0.91337336
vn -0.380389255 0.670583119 0.636884837
vn -0.372546177 0.913718519 0.162258478
vn 0.529407726 -0.254900016 0.809168364
vn 0.929404674 -0.137253855 0.342590618
vn 0.921561596 -0.301958481 0.244019057
vn 0.921561596 0.027450771 0.38726048
vn 0.898032364 0.309801558 0.312347351
vn 0.450976951 0.615681577 0.64618572
vn 0.921561596 0.380389255 0.0776417341
vn 0.474506184 0.866660055 0.154091634
vn 0.0980384677 0.984306216 0.146730135
vn 0.482349261 0.866660055 -0.127434454
vn 0.928206343 0.372065834 -0
vn 0.905875442 0.286272326 -0.312150348
vn 0.105881545 0.984306216 -0.141174969
vn -0.372546177 0.913718519 -0.162258478
vn 0.537250803 0.568623113 -0.622920003
vn 0.160783087 0.670583119 -0.724200994
vn 0.223527706 0.0352938484 -0.97405837
vn -0.39607541 0.592152345 -0.7017691
vn -0.39607541 0.0352938484 -0.917539435
vn -0.39607541 -0.341173868 -0.852481473
vn 0.6078385 0.0196076935 -0.793818554
vn 0.592152345 -0.301958481 -0.747112225
vn 0.921561596 -0.027450771 -0.38726048
vn 0.921561596 -0.145096932 -0.360098742
vn 0.913718519 -0.317644635 -0.253417351
vn 0.54509388 -0.631367732 -0.551586302
vn 0.15294001 -0.780386203 -0.606305804
vn 0.223527706 -0.33333079 -0.915929009
vn -0.388232332 -0.725484661 -0.568284843
vn 0.929404674 -0.356860022 0.0941162929
vn 0.913718519 -0.317644635 -0.253417351
vn 0.929404674 -0.3647031 -0.056556177
vn 0.921561596 -0.301958481 0.244019057
vn 0.929404674 -0.137253855 0.342590618
vn 0.921561596 -0.145096932 -0.360098742
vn 0.921561596 0.027450771 0.38726048
vn 0.921561596 -0.027450771 -0.38726048
vn 0.898032364 0.309801558 0.312347351
vn 0.905875442 0.286272326 -0.312150348
vn 0.928206343 0.372065834 -0
vn 0.921561596 0.380389255 0.0776417341
vn 0.0117646161 -0.239213861 -0.970895629
vn 0.00392153871 0.0117646161 -0.999923105
vn 0.00392153871 0.0117646161 -0.999923105
vn 0.0117646161 -0.239213861 -0.970895629
vn 0.0196076935 -0.756856971 -0.653286357
vn 0.0196076935 -0.749013893 -0.662264091
vn 0.027450771 -0.984306216 -0.174320764
vn 0.027450771 -0.984306216 -0.174320764
vn 0.0352938484 -0.976463138 0.212777075
vn 0.0352938484 -0.976463138 0.212777075
vn 0.0196076935 -0.725484661 0.68795897
vn 0.0196076935 -0.717641584 0.69613655
vn 0.00392153871 -0.239213861 0.970958985
vn 0.00392153871 -0.231370784 0.97285774
vn -0.00392153871 0.0117646161 0.999923105
vn -0.00392153871 0.0117646161 0.999923105
vn -0.0274406433 0.999623435 -0
vn -0.0274406433 0.999623435 -0
vn -0.0274406433 0.999623435 -0
vn -0.0274406433 0.999623435 -0
vn 0.00392153871 0.215684629 -0.976455202
vn 0.0196076935 -0.0509800032 -0.998507175
vn 0.0196076935 -0.0509800032 -0.998507175
vn 0.00392153871 0.207841552 -0.978154646
vn -0.027450771 0.772543126 -0.634368642
vn -0.027450771 0.764700048 -0.643801438
vn -0.0588230806 0.984306216 -0.166376437
vn -0.0588230806 0.984306216 -0.166376437
vn -0.0588230806 0.992149293 0.110361339
vn -0.0588230806 0.992149293 0.110361339
vn -0.0588230806 0.78822928 0.612563831
vn -0.0588230806 0.796072358 0.602335991
vn -0.0352938484 0.286272326 0.957498042
vn -0.0352938484 0.286272326 0.957498042
vn -0.0196076935 0.0196076935 0.999615464
vn -0.0196076935 0.0196076935 0.999615464
vn 0.0430971754 -0.999070885 -0
vn 0.0430971754 -0.999070885 -0
vn 0.0430971754 -0.999070885 -0
vn 0.0430971754 -0.999070885 -0
vn -0.223527706 -0.921561596 0.317426509
vn 0.027450771 -0.466663106 0.88400905
vn 0.0431369258 -0.929404674 0.366532615
vn -0.1215677 -0.466663106 0.876040433
vn -0.15294001 -0.0980384677 0.983360469
vn 0.0117646161 -0.0980384677 0.995113085
vn -0.145096932 0.113724623 0.982859904
vn 0.0117646161 0.129410777 0.991521278
vn 0.0196076935 0.615681577 0.787751061
vn -0.129410777 0.615681577 0.777295984
vn 0.027450771 0.952933906 0.301932817
vn -0.15294001 0.952933906 0.261775331
vn 0.0352721557 0.999377744 -0
vn -0.184052092 0.982916491 -0
vn 0.0352938484 0.992149293 -0.119975515
vn -0.15294001 0.984306216 -0.0880376456
vn 0.027450771 0.741170816 -0.670755005
vn -0.129410777 0.749013893 -0.649793074
vn 0.0196076935 0.176469242 -0.98411084
vn -0.129410777 0.168626164 -0.977147925
vn -0.137253855 -0.0745092355 -0.987729595
vn 0.0117646161 -0.0745092355 -0.997150925
vn -0.105881545 -0.474506184 -0.873860962
vn 0.027450771 -0.474506184 -0.879824037
vn 0.0509800032 -0.945090829 -0.322807009
vn -0.231370784 -0.937247751 -0.260833689
vn -0.223527706 -0.921561596 0.317426509
vn 0.0431369258 -0.929404674 0.366532615
vn 0.0509800032 -0.945090829 -0.322807009
vn -0.00392153871 -0.890189287 0.455573984
vn -0.00392153871 -0.890189287 -0.455573984
vn -0.00392153871 -0.890189287 -0.455573984
vn -0.00392153871 -0.890189287 0.455573984
vn -0.00392153871 -0.33333079 0.942801785
vn -0.00392153871 -0.33333079 0.942801785
vn -0.00392153871 0.294115403 0.955761869
vn -0.00392153871 0.294115403 0.955761869
vn -0.00392153871 0.898032364 0.439911917
vn -0.00392153871 0.898032364 0.439911917
vn -0.00392153871 0.898032364 -0.439911917
vn -0.00392153871 0.898032364 -0.439911917
vn -0.00392153871 0.294115403 -0.955761869
vn -0.00392153871 0.294115403 -0.955761869
vn -0.00392153871 -0.33333079 -0.942801785
vn -0.00392153871 -0.33333079 -0.942801785
vn -0.00392153871 -0.890189287 -0.455573984
vn -0.00392153871 -0.890189287 -0.455573984
vn -0.999992311 -0.00392153847 -0
vn -0.999992311 -0.00392153847 -0
vn -0.999992311 -0.00392153847 -0
vn -0.999992311 -0.00392153847 -0
vn -0.999992311 -0.00392153847 -0
vn -0.999992311 -0.00392153847 -0
vn -0.999992311 -0.00392153847 -0
vn -0.999992311 -0.00392153847 -0
vn 0.0665190105 0.997785158 -0
vn 0.0665190105 0.997785158 -0
vn 0.0665190105 0.997785158 -0
vn 0.0665190105 0.997785158 -0
vn 0.0665190105 0.997785158 -0
vn 0.0665190105 0.997785158 -0
vn 0.0665190105 0.997785158 -0
vn 0.0665190105 0.997785158 -0
vn 0.0665190105 0.997785158 -0
vn 0.0665190105 0.997785158 -0
vn 0.058722022 0.998274373 -0
vn 0.058722022 0.998274373 -0
vn 0.709798506 0.325487713 -0.624694989
vn 0.294115403 -0.113724623 -0.948979894
vn 0.717641584 -0.0823523129 -0.691526322
vn 0.309801558 0.247056939 -0.918142616
vn -0.270586171 -0.0901953903 -0.958461223
vn 0.231370784 0.599995422 -0.765815287
vn 0.521564648 0.694112351 -0.496163644
vn -0.254900016 0.184312319 -0.949239143
vn -0.176469242 0.474506184 -0.862381869
vn -0.686269274 -0.0509800032 -0.725558766
vn -0.701955429 0.199998474 -0.683563593
vn -0.6078385 0.427447719 -0.669194146
vn -0.803915435 0.552936958 -0.219044958
vn -0.929404674 0.262743093 -0.259177582
vn -0.952933906 -0.0352938484 -0.301116779
vn -0.670583119 0.725484661 0.154887982
vn -0.913718519 0.356860022 0.194343491
vn -0.976463138 -0.027450771 0.21393035
vn -0.419604642 0.796072358 0.436120105
vn -0.725484661 -0.0352938484 0.68733278
vn -0.662740042 0.411761564 0.625482255
vn -0.113724623 0.780386203 0.61486916
vn -0.199998474 0.356860022 0.912497416
vn -0.262743093 -0.0980384677 0.95987214
vn 0.207841552 0.772543126 0.599982507
vn 0.231370784 0.349016945 0.908105023
vn 0.215684629 -0.105881545 0.970705537
vn 0.380389255 0.81960159 0.428435816
vn 0.678426197 0.435290797 0.591827524
vn 0.725484661 -0.0509800032 0.686347613
vn 0.466663106 0.874503132 0.132173437
vn 0.866660055 0.466663106 0.176425325
vn 0.725484661 -0.0509800032 0.686347613
vn 0.976463138 -0.0352938484 0.212777075
vn 0.584309268 0.796072358 -0.157643525
vn 0.960776984 -0.0509800032 -0.272596088
vn 0.882346209 0.403918487 -0.241485036
vn 0.521564648 0.694112351 -0.496163644
vn 0.709798506 0.325487713 -0.624694989
vn 0.717641584 -0.0823523129 -0.691526322
vn -0.33333079 -0.937247751 0.102260633
vn -0.835287745 0.0431369258 -0.548118225
vn -0.615681577 0.0117646161 -0.787907221
vn -0.301958481 -0.945090829 0.124997606
vn 0.78822928 -0.176469242 0.589536435
vn -0.278343635 -0.960481557 -0
vn -0.129410777 -0.0901953903 -0.987480452
vn -0.247056939 -0.968620061 0.0271670136
vn -0.278429248 0.184312319 0.942606027
vn 0.309801558 -0.199998474 -0.9295287
vn -0.160783087 -0.984306216 -0.0727328847
vn 0.717641584 -0.168626164 -0.675689111
vn 0.168626164 0.0901953903 0.981544705
vn 0.623524655 -0.0352938484 0.781006626
vn 0.184312319 0.960776984 -0.207211382
vn 0.129410777 0.968620061 -0.212198087
vn -0.835287745 0.0431369258 -0.548118225
vn -0.615681577 0.0117646161 -0.787907221
vn -0.129410777 -0.0901953903 -0.987480452
vn 0.247056939 0.937247751 -0.246027482
vn 0.309801558 -0.199998474 -0.9295287
vn 0.301958481 0.937247751 -0.174320764
vn 0.717641584 -0.168626164 -0.675689111
vn 0.325487713 0.937247751 -0.124997606
vn 0.882346209 -0.168626164 -0.439352232
vn -0.686269274 0.247056939 0.68410332
vn -0.866660055 0.278429248 0.413977661
vn 0.403918487 0.898032364 -0.174320764
vn -0.00392153847 -0.999992311 -0
vn 0.882346209 -0.168626164 -0.439352232
vn 0.913718519 -0.247056939 -0.322616393
vn 0.458820029 0.866660055 -0.195919705
vn 0.913718519 -0.247056939 -0.322616393
vn -0.905875442 0.294115403 0.304771741
vn -0.0430971754 -0.999070885 -0
vn 0.913718519 -0.317644635 -0.253417351
vn 0.54509388 0.81960159 -0.176425325
vn 0.913718519 -0.317644635 -0.253417351
vn -0.913718519 0.317644635 0.253417351
vn -0.0430971754 -0.999070885 -0
vn 0.952933906 -0.278429248 -0.119975515
vn 0.490192339 0.858816977 -0.148811529
vn 0.952933906 -0.278429248 -0.119975515
vn 0.945090829 -0.129410777 0.300093612
vn -0.952933906 0.286272326 0.0998254784
vn -0.0745092355 -0.992149293 0.100439802
vn -0.0823523129 -0.984306216 0.156074886
vn 0.945090829 -0.129410777 0.300093612
vn 0.623524655 -0.0352938484 0.781006626
vn 0.294115403 0.952933906 -0.0735737741
vn -0.882346209 0.184312319 -0.43300593
vn -0.552936958 0.066666158 -0.830551831
vn -0.105881545 -0.968620061 0.224865017
vn 0.427447719 -0.0431369258 0.903010328
vn -0.223527706 -0.968620061 0.108676318
vn -0.403918487 0.00392153871 -0.914786575
vn 0.348973993 0.937132409 -0
vn 0.380389255 0.921561596 -0.0776417341
vn 0.623524655 -0.0352938484 0.781006626
vn 0.427447719 -0.0431369258 0.903010328
vn -0.239213861 -0.968620061 0.0674678157
vn 0.984306216 -0.113724623 0.134936962
vn 0.905875442 -0.0901953903 0.413829042
vn -0.066666158 -0.976463138 0.205122799
vn -0.874503132 0.066666158 -0.480416377
vn 0.976463138 -0.192155397 -0.0979593944
vn -0.937247751 0.199998474 -0.28559983
vn 0.247056939 0.960776984 -0.125978002
vn 0.301958481 0.952933906 -0.0271670136
vn 0.39607541 0.913718519 -0.0907895256
vn 0.905875442 -0.0901953903 0.413829042
vn 0.984306216 -0.113724623 0.134936962
vn 0.976463138 -0.192155397 -0.0979593944
vn 0.960776984 -0.239213861 -0.140300807
vn -0.968620061 0.231370784 0.0907895256
vn -0.976463138 0.145096932 0.159582642
vn 0.356860022 0.929404674 -0.0941162929
vn 0.898032364 -0.207841552 -0.387736718
vn 0.0196040749 -0.999807822 -0
vn 0.247056939 0.960776984 -0.125978002
vn 0.81960159 -0.231370784 -0.524138144
vn 0.0117638918 0.999930803 -0
vn -0.0196040749 -0.999807822 -0
vn 0.960776984 -0.239213861 -0.140300807
vn -0.898032364 0.137253855 0.417970396
vn -0.803915435 0.199998474 0.560107653
vn -0.356860022 -0.905875442 0.228124108
vn -0.050914272 -0.998703027 -0
vn 0.898032364 -0.207841552 -0.387736718
vn 0.81960159 -0.231370784 -0.524138144
vn -0.254900016 -0.945090829 0.204522144
vn 0.199998474 0.15294001 0.967786115
vn -0.0352938484 0.160783087 0.986358527
vn -0.278429248 -0.921561596 0.270557531
vn -0.482349261 0.176469242 0.858019695
vn 0.0588230806 -0.137253855 -0.988787755
vn -0.129410777 0.0196076935 -0.99139719
vn 0.309174564 0.951005304 -0
vn -0.325487713 -0.921561596 0.211617515
vn -0.858816977 0.160783087 0.486397162
vn 0.294115403 0.952933906 -0.0735737741
vn 0.199998474 0.15294001 0.967786115
vn -0.0352938484 0.160783087 0.986358527
vn 0.450976951 -0.207841552 -0.867998663
vn 0.215684616 0.97646308 -0
vn -0.482349261 0.176469242 0.858019695
vn 0.105881545 0.992149293 0.0665498191
vn -0.858816977 0.160783087 0.486397162
vn -0.301958481 -0.937247751 0.174320764
vn -0.968620061 0.223527706 0.108676318
vn 0.796072358 -0.270586171 -0.541342706
vn -0.00392153847 0.999992311 -0
vn -0.968620061 0.223527706 0.108676318
vn 0.960776984 -0.247056939 -0.125978002
vn -0.0117638918 0.999930803 -0
vn -0.967074537 0.254493299 -0
vn -0.443133874 -0.890189287 0.105808333
vn 0.974785564 -0.223143683 -0
vn 0.0509800032 0.984306216 -0.168944704
vn -0.968620061 0.199998474 -0.147566215
vn -0.474506184 -0.874503132 0.100439802
vn -0.967074537 0.254493299 -0
vn -0.968620061 0.199998474 -0.147566215
vn -0.348973993 -0.937132409 -0
vn -0.835287745 0.0352938484 -0.548679075
vn 0.168626164 0.968620061 -0.182593522
vn -0.835287745 0.0352938484 -0.548679075
vn 0.952933906 -0.223527706 0.204822692
vn -0.215684629 -0.952933906 0.213065979
vn -0.380389255 -0.145096932 -0.91337336
vn 0.215684629 0.945090829 -0.245526916
vn 0.341173868 0.0823523129 0.936385865
vn -0.380389255 -0.145096932 -0.91337336
vn -0.137253855 -0.15294001 -0.978657618
vn 0.286272326 0.945090829 -0.157643525
vn 0.15294001 0.176469242 0.972351768
vn -0.278429248 -0.945090829 0.171115397
vn -0.137253855 -0.15294001 -0.978657618
vn 0.81960159 -0.0509800032 0.570661259
vn -0.239213861 -0.945090829 0.22266579
vn 0.498035416 -0.678426197 0.540091307
vn -0.615681577 -0.341173868 0.710307389
vn -0.309801558 0.749013893 0.585663028
vn 0.772543126 0.466663106 0.430584097
vn 0.952933906 0.247056939 -0.175726605
vn 0.498035416 -0.678426197 0.540091307
vn 0.254493299 -0.967074537 -0
vn 0.450976951 -0.882346209 -0.134480319
vn -0.435290797 0.898032364 0.0637165226
vn -0.615681577 -0.341173868 0.710307389
vn 0.843130822 0.458820029 -0.280382948
vn 0.521564648 0.3647031 -0.771337777
vn 0.184312319 -0.725484661 -0.663099522
vn -0.537250803 0.701955429 -0.467568338
vn 0.184312319 -0.725484661 -0.663099522
vn -0.843130822 -0.380389255 -0.380045302
vn -0.443133874 0.890189287 0.105808333
vn -0.843130822 -0.380389255 -0.380045302
vn -0.843130822 -0.505878493 0.182256321
vn -0.843130822 -0.482349261 0.237633345
vn 0.450976951 -0.882346209 -0.134480319
vn 0.184312319 -0.725484661 -0.663099522
vn 0.254493299 -0.967074537 -0
vn 0.498035416 -0.678426197 0.540091307
vn 0.866660055 0.388232332 0.313330506
vn 0.54509388 -0.725484661 0.420172189
vn -0.482349261 -0.380389255 0.789077439
vn -0.184312319 0.709798506 0.679863993
vn 0.498035416 0.388232332 -0.775394339
vn 0.184312319 -0.725484661 -0.663099522
vn 0.54509388 -0.725484661 0.420172189
vn -0.54509388 0.725484661 -0.420172189
vn 0.184312319 -0.725484661 -0.663099522
vn -0.874503132 -0.380389255 -0.300912424
vn -0.874503132 -0.380389255 -0.300912424
vn -0.482349261 -0.380389255 0.789077439
vn 0.184312319 -0.725484661 -0.663099522
vn 0.54509388 -0.725484661 0.420172189
vn 0.317644635 0.921561596 -0.223217628
vn -0.78822928 0.301958481 0.536204884
vn -0.694112351 0.254900016 0.673226578
vn 0.207841552 0.976463138 -0.0576335743
vn 0.756856971 -0.294115403 -0.583663992
vn 0.639210809 -0.223527706 -0.7358294
vn -0.199998474 -0.976463138 -0.0807486828
vn 0.0743038327 0.997235649 -0
vn -0.874503132 0.325487713 0.359585902
vn -0.411761564 -0.898032364 0.154887982
vn -0.694112351 0.254900016 0.673226578
vn -0.78822928 0.301958481 0.536204884
vn 0.874503132 -0.301958481 -0.379559413
vn -0.498035416 -0.8509739 0.166745754
vn -0.498035416 -0.8509739 0.166745754
vn -0.874503132 0.325487713 0.359585902
vn -0.905875442 0.262743093 0.332198361
vn -0.968620061 0.192155397 0.157643525
vn -0.00392153847 0.999992311 -0
vn -0.905875442 0.262743093 0.332198361
vn -0.968620061 0.192155397 0.157643525
vn 0.898032364 -0.270586171 -0.346873171
vn 0.952933906 -0.286272326 -0.0998254784
vn -0.348973993 -0.937132409 -0
vn -0.991600411 0.129339184 -0
vn -0.254900016 -0.960776984 0.10924088
vn 0.960776984 -0.262743093 0.0887336169
vn 0.199998474 0.976463138 -0.0807486828
vn -0.991600411 0.129339184 -0
vn 0.066666158 0.992149293 -0.105808333
vn 0.00392153871 -0.992149293 0.124997606
vn 0.00392153871 -0.992149293 0.124997606
vn 0.00392153871 -0.992149293 0.124997606
vn 0.00392153871 -0.992149293 0.124997606
vn -0.992149293 -0.0431369258 0.117383924
vn -0.992149293 -0.0431369258 0.117383924
vn -0.992149293 -0.0431369258 0.117383924
vn -0.992149293 -0.0431369258 0.117383924
vn 0.00392153871 0.992149293 0.124997606
vn 0.00392153871 0.992149293 0.124997606
vn 0.00392153871 0.992149293 0.124997606
vn 0.00392153871 0.992149293 0.124997606
vn 0.992149293 -0.0431369258 0.117383924
vn 0.992149293 -0.0431369258 0.117383924
vn 0.992149293 -0.0431369258 0.117383924
vn 0.992149293 -0.0431369258 0.117383924
vn 0.0745092355 -0.027450771 0.996842429
vn 0.0745092355 -0.027450771 0.996842429
vn 0.0745092355 -0.027450771 0.996842429
vn 0.0745092355 -0.027450771 0.996842429
vn 0.00392153871 0.0588230806 0.998260721
vn 0.00392153871 0.0588230806 0.998260721
vn 0.00392153871 0.0588230806 0.998260721
vn 0.00392153871 0.0588230806 0.998260721
vn 0.999377744 -0.0352721557 -0
vn 0.999377744 -0.0352721557 -0
vn 0.999377744 -0.0352721557 -0
vn 0.999377744 -0.0352721557 -0
vn -0.00392153847 0.999992311 -0
vn -0.00392153847 0.999992311 -0
vn -0.00392153847 0.999992311 -0
vn -0.00392153847 0.999992311 -0
vn -0.066666158 -0.027450771 0.997397653
vn -0.066666158 -0.027450771 0.997397653
vn -0.066666158 -0.027450771 0.997397653
vn -0.066666158 -0.027450771 0.997397653
vn -0.999377744 -0.0352721557 -0
vn -0.999377744 -0.0352721557 -0
vn -0.999377744 -0.0352721557 -0
vn -0.999377744 -0.0352721557 -0
vn -0.00392153847 -0.999992311 -0
vn -0.00392153847 -0.999992311 -0
vn -0.00392153847 -0.999992311 -0
vn -0.00392153847 -0.999992311 -0
vn 0.00392153871 -0.066666158 0.997767631
vn 0.00392153871 -0.066666158 0.997767631
vn 0.00392153871 -0.066666158 0.997767631
vn 0.00392153871 -0.066666158 0.997767631
vn -0.00392153847 -0.999992311 -0
vn -0.00392153847 -0.999992311 -0
vn -0.00392153847 -0.999992311 -0
vn -0.00392153847 -0.999992311 -0
vn -0.998703027 0.050914272 -0
vn -0.998703027 0.050914272 -0
vn -0.998703027 0.050914272 -0
vn -0.998703027 0.050914272 -0
vn -0.419604642 0.78822928 0.450140585
vn 0.294115403 0.325487713 0.898640016
vn -0.207841552 0.356860022 0.910743001
vn 0.427447719 0.780386203 0.456383415
vn 0.505878493 0.8509739 0.141174969
vn -0.490192339 0.866660055 0.0927998984
vn 0.639210809 -0.647053887 0.415608961
vn -0.278429248 -0.309801558 0.909120536
vn 0.349016945 -0.317644635 0.881639982
vn -0.615681577 -0.639210809 0.46080987
vn 0.662658482 -0.748921716 -0
vn -0.701955429 -0.694112351 0.159582642
vn 0.999930803 -0.0117638918 -0
vn 0.999930803 -0.0117638918 -0
vn 0.999930803 -0.0117638918 -0
vn 0.999930803 -0.0117638918 -0
vn -0.0196040749 0.999807822 -0
vn -0.0196040749 0.999807822 -0
vn -0.0196040749 0.999807822 -0
vn -0.0196040749 0.999807822 -0
vn 0.0352938484 -0.0352938484 0.998753567
vn 0.0352938484 -0.0352938484 0.998753567
vn 0.0352938484 -0.0352938484 0.998753567
vn 0.0352938484 -0.0352938484 0.998753567
vn -0.00392153871 0.0588230806 0.998260721
vn -0.00392153871 0.0588230806 0.998260721
vn -0.00392153871 0.0588230806 0.998260721
vn -0.00392153871 0.0588230806 0.998260721
vn 0.999930803 -0.0117638918 -0
vn 0.999930803 -0.0117638918 -0
vn 0.999930803 -0.0117638918 -0
vn 0.999930803 -0.0117638918 -0
vn 0.00392153847 -0.999992311 -0
vn 0.00392153847 -0.999992311 -0
vn 0.00392153847 -0.999992311 -0
vn 0.00392153847 -0.999992311 -0
vn -0.00392153871 -0.0431369258 0.999061473
vn -0.00392153871 -0.0431369258 0.999061473
vn -0.00392153871 -0.0431369258 0.999061473
vn -0.00392153871 -0.0431369258 0.999061473
vn -0.0901953903 -0.0352938484 0.995298516
vn -0.0901953903 -0.0352938484 0.995298516
vn -0.0901953903 -0.0352938484 0.995298516
vn -0.0901953903 -0.0352938484 0.995298516
vn -0.998274373 0.058722022 -0
vn -0.998274373 0.058722022 -0
vn -0.998274373 0.058722022 -0
vn -0.998274373 0.058722022 -0
vn -0.0196040749 0.999807822 -0
vn -0.0196040749 0.999807822 -0
vn -0.0196040749 0.999807822 -0
vn -0.0196040749 0.999807822 -0
vn -0.066666158 -0.992149293 0.105808333
vn -0.066666158 -0.992149293 0.105808333
vn -0.066666158 -0.992149293 0.105808333
vn -0.066666158 -0.992149293 0.105808333
vn -0.992149293 0.0431369258 0.117383924
vn -0.992149293 0.0431369258 0.117383924
vn -0.992149293 0.0431369258 0.117383924
vn -0.992149293 0.0431369258 0.117383924
vn -0.1215677 -0.741170816 0.660217476
vn -0.662740042 -0.654896964 0.363160575
vn -0.513721571 -0.482349261 0.709527546
vn -0.223527706 -0.913718519 0.339343237
vn 0.113724623 -0.756856971 0.643610314
vn -0.230563759 -0.97305722 -0
vn -0.709798506 -0.701955429 0.0586911971
vn 0.231370784 -0.968620061 0.0907895256
vn 0.223527706 -0.921561596 0.317426509
vn 0.654896964 -0.670583119 0.34846556
vn 0.513721571 -0.521564648 0.681219836
vn 0.69925076 -0.714876475 -0
vn 0.913718519 -0.247056939 0.322616393
vn 0.960776984 -0.262743093 0.0887336169
vn 0.756856971 -0.145096932 0.637271062
vn 0.97305722 0.230563759 -0
vn 0.921561596 0.215684629 0.322807009
vn 0.764700048 0.113724623 0.634271666
vn 0.537250803 0.552936958 0.636884837
vn 0.701955429 0.709798506 -0.0586911971
vn 0.670583119 0.670583119 0.31723266
vn 0.15294001 0.796072358 0.585557986
vn 0.262743093 0.921561596 0.285815134
vn 0.270586171 0.960776984 -0.060751231
vn -0.207841552 0.976463138 -0.0576335743
vn -0.199998474 0.929404674 0.310173439
vn -0.145096932 0.78822928 0.598031339
vn -0.670583119 0.670583119 0.31723266
vn -0.707106781 0.707106781 -0
vn -0.552936958 0.537250803 0.636884837
vn -0.921561596 0.231370784 0.311755969
vn -0.968620061 0.239213861 -0.0674678157
vn -0.772543126 0.129410777 0.621634917
vn -0.974785564 -0.223143683 -0
vn -0.913718519 -0.215684629 0.344381487
vn -0.756856971 -0.113724623 0.643610314
vn -0.709798506 -0.701955429 0.0586911971
vn -0.513721571 -0.482349261 0.709527546
vn -0.662740042 -0.654896964 0.363160575
vn -0.00392153847 0.999992311 -0
vn -0.00392153847 0.999992311 -0
vn -0.00392153847 0.999992311 -0
vn -0.00392153847 0.999992311 -0
vn 0.999992311 0.00392153847 -0
vn 0.999992311 0.00392153847 -0
vn 0.999992311 0.00392153847 -0
vn 0.999992311 0.00392153847 -0
vn -0.00392153871 0.0352938484 0.999369284
vn -0.00392153871 0.0352938484 0.999369284
vn -0.00392153871 0.0352938484 0.999369284
vn -0.00392153871 0.0352938484 0.999369284
vn -0.027450771 -0.00392153871 0.999615464
vn -0.027450771 -0.00392153871 0.999615464
vn -0.027450771 -0.00392153871 0.999615464
vn -0.027450771 -0.00392153871 0.999615464
vn 0.999992311 -0.00392153847 -0
vn 0.999992311 -0.00392153847 -0
vn 0.999992311 -0.00392153847 -0
vn 0.999992311 -0.00392153847 -0
vn -0.0743038327 -0.997235649 -0
vn -0.0743038327 -0.997235649 -0
vn -0.0743038327 -0.997235649 -0
vn -0.0743038327 -0.997235649 -0
vn 0.00392153871 0.027450771 0.999615464
vn 0.00392153871 0.027450771 0.999615464
vn 0.00392153871 0.027450771 0.999615464
vn 0.00392153871 0.027450771 0.999615464
vn -0.998703027 0.050914272 -0
vn -0.998703027 0.050914272 -0
vn -0.998703027 0.050914272 -0
vn -0.998703027 0.050914272 -0
vn -0.0352938484 0.00392153871 0.999369284
vn -0.0352938484 0.00392153871 0.999369284
vn -0.0352938484 0.00392153871 0.999369284
vn -0.0352938484 0.00392153871 0.999369284
vn -0.00392153847 0.999992311 -0
vn -0.00392153847 0.999992311 -0
vn -0.00392153847 0.999992311 -0
vn -0.00392153847 0.999992311 -0
vn -0.0117638918 -0.999930803 -0
vn -0.0117638918 -0.999930803 -0
vn -0.0117638918 -0.999930803 -0
vn -0.0117638918 -0.999930803 -0
vn -0.984306216 0.1215677 0.127916254
vn -0.984306216 0.1215677 0.127916254
vn -0.984306216 0.1215677 0.127916254
vn -0.984306216 0.1215677 0.127916254
vn -0.15294001 -0.741170816 0.653662891
vn -0.670583119 -0.654896964 0.34846556
vn -0.521564648 -0.513721571 0.681219836
vn -0.247056939 -0.913718519 0.322616393
vn -0.254493299 -0.967074537 -0
vn -0.714876475 -0.69925076 -0
vn 0.239213861 -0.968620061 0.0674678157
vn 0.231370784 -0.913718519 0.33404495
vn 0.137253855 -0.741170816 0.657135603
vn 0.670583119 -0.662740042 0.333307542
vn 0.714876475 -0.69925076 -0
vn 0.529407726 -0.521564648 0.669102218
vn 0.905875442 -0.286272326 0.312150348
vn 0.95836291 -0.28555303 -0
vn 0.780386203 -0.199998474 0.592450829
vn 0.984306157 0.176469231 -0
vn 0.929404674 0.184312319 0.319743524
vn 0.78822928 0.0823523129 0.609846455
vn 0.521564648 0.529407726 0.669102218
vn 0.707106781 0.707106781 -0
vn 0.670583119 0.662740042 0.333307542
vn 0.145096932 0.78822928 0.598031339
vn 0.239213861 0.913718519 0.328474043
vn 0.239213861 0.968620061 0.0674678157
vn -0.223143683 0.974785564 -0
vn -0.231370784 0.913718519 0.33404495
vn -0.137253855 0.772543126 0.6199504
vn -0.701955429 0.709798506 0.0586911971
vn -0.662740042 0.654896964 0.363160575
vn -0.513721571 0.498035416 0.698606379
vn -0.968620061 0.239213861 0.0674678157
vn -0.913718519 0.223527706 0.339343237
vn -0.733327738 0.129410777 0.667445338
vn -0.968620061 -0.239213861 0.0674678157
vn -0.913718519 -0.231370784 0.33404495
vn -0.741170816 -0.137253855 0.657135603
vn -0.714876475 -0.69925076 -0
vn -0.521564648 -0.513721571 0.681219836
vn -0.670583119 -0.654896964 0.34846556
vn 0.0117638918 0.999930803 -0
vn 0.0117638918 0.999930803 -0
vn 0.0117638918 0.999930803 -0
vn 0.0117638918 0.999930803 -0
vn 0.999992311 0.00392153847 -0
vn 0.999992311 0.00392153847 -0
vn 0.999992311 0.00392153847 -0
vn 0.999992311 0.00392153847 -0
vn -0.00392153871 -0.00392153871 0.999984621
vn -0.00392153871 -0.00392153871 0.999984621
vn -0.00392153871 -0.00392153871 0.999984621
vn -0.00392153871 -0.00392153871 0.999984621
vn -0.00392153871 -0.00392153871 0.999984621
vn -0.00392153871 -0.00392153871 0.999984621
vn -0.00392153871 -0.00392153871 0.999984621
vn -0.00392153871 -0.00392153871 0.999984621
vn 0.999992311 0.00392153847 -0
vn 0.999992311 0.00392153847 -0
vn 0.999992311 0.00392153847 -0
vn 0.999992311 0.00392153847 -0
vn -0.0117638918 -0.999930803 -0
vn -0.0117638918 -0.999930803 -0
vn -0.0117638918 -0.999930803 -0
vn -0.0117638918 -0.999930803 -0
vn 0.00392153871 0.00392153871 0.999984621
vn 0.00392153871 0.00392153871 0.999984621
vn 0.00392153871 0.00392153871 0.999984621
vn 0.00392153871 0.00392153871 0.999984621
vn -0.990566226 0.137034853 -0
vn -0.990566226 0.137034853 -0
vn -0.990566226 0.137034853 -0
vn -0.990566226 0.137034853 -0
vn 0.00392153871 -0.00392153871 0.999984621
vn 0.00392153871 -0.00392153871 0.999984621
vn 0.00392153871 -0.00392153871 0.999984621
vn 0.00392153871 -0.00392153871 0.999984621
vn 0.0117638918 0.999930803 -0
vn 0.0117638918 0.999930803 -0
vn 0.0117638918 0.999930803 -0
vn 0.0117638918 0.999930803 -0
vn 0.984306216 -0.00392153871 -0.176425325
vn 0.81960159 0.00392153871 -0.572920461
vn 0.984306216 -0.00392153871 -0.176425325
vn 0.81960159 0.00392153871 -0.572920461
vn 0.341173868 -0.0117646161 -0.939926585
vn 0.349016945 -0.0117646161 -0.937042564
vn 0.0745092355 -0.027450771 -0.996842429
vn 0.0745092355 -0.027450771 -0.996842429
vn -0.0745092355 -0.00392153871 -0.997212613
vn -0.066666158 -0.00392153871 -0.997767631
vn -0.286272326 0.027450771 -0.957754985
vn -0.278429248 0.027450771 -0.960064377
vn -0.733327738 0.0509800032 -0.677961258
vn -0.725484661 0.0431369258 -0.686885152
vn -0.937247751 0.0588230806 -0.34366626
vn -0.937247751 0.0588230806 -0.34366626
vn -0.00392153847 0.999992311 -0
vn -0.00392153847 0.999992311 -0
vn -0.00392153847 0.999992311 -0
vn 0.00392153847 0.999992311 -0
vn -0.00392153847 0.999992311 -0
vn -0.00392153847 0.999992311 -0
vn 0.00392153847 0.999992311 -0
vn 0.00392153847 0.999992311 -0
vn 0.00392153847 0.999992311 -0
vn -0.00392153847 0.999992311 -0
vn -0.00392153847 0.999992311 -0
vn 0.00392153847 0.999992311 -0
vn 0.0352721557 0.999377744 -0
vn 0.058722022 0.998274373 -0
vn 0.0352721557 0.999377744 -0
vn 0.058722022 0.998274373 -0
vn 0.050914272 0.998703027 -0
vn 0.050914272 0.998703027 -0
vn -0.999992311 -0.00392153847 -0
vn -0.999992311 -0.00392153847 -0
vn -0.976463138 -0.00392153871 0.215648698
vn -0.976463138 -0.00392153871 0.215648698
vn -0.662740042 -0.00392153871 0.748839274
vn -0.670583119 -0.00392153871 0.741824037
vn -0.145096932 -0.0117646161 0.989347499
vn -0.15294001 -0.0117646161 0.988165445
vn -0.0196076935 -0.0196076935 0.999615464
vn -0.0196076935 -0.0196076935 0.999615464
vn 0.027450771 -0.0196076935 0.999430835
vn 0.027450771 -0.0196076935 0.999430835
vn 0.215684629 -0.00392153871 0.976455202
vn 0.207841552 -0.00392153871 0.978154646
vn 0.709798506 -0.0352938484 0.703520024
vn 0.709798506 -0.0352938484 0.703520024
vn 0.984306216 -0.027450771 0.174320764
vn 0.984306216 -0.027450771 0.174320764
vn 0.999930803 0.0117638918 -0
vn 0.999930803 0.0117638918 -0
vn 0.0117638918 -0.999930803 -0
vn -0.00392153847 -0.999992311 -0
vn -0.00392153847 -0.999992311 -0
vn 0.00392153847 -0.999992311 -0
vn -0.00392153847 -0.999992311 -0
vn 0.0117638918 -0.999930803 -0
vn 0.00392153847 -0.999992311 -0
vn 0.00392153847 -0.999992311 -0
vn 0.0117638918 -0.999930803 -0
vn 0.00392153847 -0.999992311 -0
vn 0.00392153847 -0.999992311 -0
vn -0.00392153847 -0.999992311 -0
vn -0.0352721557 -0.999377744 -0
vn -0.0274406433 -0.999623435 -0
vn -0.00392153847 -0.999992311 -0
vn 0.0117638918 -0.999930803 -0
vn 0.0117638918 -0.999930803 -0
vn 0.0117638918 -0.999930803 -0
vn 0.427447719 0.780386203 0.456383415
vn 0.505878493 0.8509739 0.141174969
vn 0.976463138 0.207841552 0.0576335743
vn 0.921561596 0.160783087 0.353373772
vn 0.294115403 0.325487713 0.898640016
vn 0.498035416 0.0431369258 0.866083097
vn 0.349016945 -0.317644635 0.881639982
vn 0.639210809 -0.647053887 0.415608961
vn 0.662658482 -0.748921716 -0
vn -0.615681577 -0.639210809 0.46080987
vn -0.701955429 -0.694112351 0.159582642
vn -0.929404674 0.325487713 0.173967529
vn -0.8509739 0.286272326 0.440331213
vn -0.278429248 -0.309801558 0.909120536
vn -0.490192339 0.866660055 0.0927998984
vn -0.427447719 0.1215677 0.895829081
vn -0.419604642 0.78822928 0.450140585
vn -0.207841552 0.356860022 0.910743001
vn -0.733327738 0.537250803 0.416643736
vn -0.811758513 0.57646619 0.0934604133
vn -0.192155397 0.976463138 0.0979593944
vn -0.176469242 0.874503132 0.451777466
vn -0.54509388 0.325487713 0.772612717
vn -0.113724623 0.623524655 0.773488019
vn 0.1215677 0.6078385 0.784699721
vn 0.192155397 0.866660055 0.460409224
vn 0.207841552 0.976463138 0.0576335743
vn 0.466663106 0.39607541 0.790790627
vn 0.6078385 0.647053887 0.460275598
vn 0.694112351 0.717641584 0.056556177
vn 0.701955429 0.113724623 0.703082702
vn 0.882346209 0.239213861 0.405267684
vn 0.960776984 0.254900016 0.10924088
vn 0.898032364 -0.192155397 0.39574509
vn 0.694112351 -0.113724623 0.71082681
vn 0.976463138 -0.199998474 0.0807486828
vn 0.458820029 -0.419604642 0.783208865
vn 0.639210809 -0.639210809 0.427573482
vn 0.709798506 -0.701955429 0.0586911971
vn 0.1215677 -0.6078385 0.784699721
vn 0.215684629 -0.874503132 0.434424232
vn 0.231370784 -0.968620061 0.0907895256
vn -0.105881545 -0.615681577 0.780849085
vn -0.215684629 -0.874503132 0.434424232
vn -0.239213861 -0.968620061 0.0674678157
vn -0.458820029 -0.403918487 0.791412684
vn -0.717641584 -0.694112351 0.056556177
vn -0.647053887 -0.623524655 0.438791833
vn -0.709798506 -0.0588230806 0.701944389
vn -0.982916491 -0.184052092 -0
vn -0.898032364 -0.184312319 0.399458185
vn -0.54509388 0.325487713 0.772612717
vn -0.811758513 0.57646619 0.0934604133
vn -0.733327738 0.537250803 0.416643736
vn -0.0743038327 -0.997235649 -0
vn -0.0901953903 -0.992149293 -0.0866289305
vn -0.0743038327 -0.997235649 -0
vn -0.0665190105 -0.997785158 -0
vn -0.058722022 -0.998274373 -0
vn -0.0430971754 -0.999070885 -0
vn -0.050914272 -0.998703027 -0
vn -0.0430971754 -0.999070885 -0
vn -0.050914272 -0.998703027 -0
vn -0.050914272 -0.998703027 -0
vn -0.050914272 -0.998703027 -0
vn -0.0430971754 -0.999070885 -0
vn -0.0352721557 -0.999377744 -0
vn -0.0352721557 -0.999377744 -0
vn -0.050914272 -0.998703027 -0
vn -0.0430971754 -0.999070885 -0
vn -0.00392153847 -0.999992311 -0
vn 0.00392153871 -0.756856971 0.653568778
vn 0.00392153871 -0.772543126 0.634950188
vn -0.00392153847 -0.999992311 -0
vn -0.00392153871 -0.678426197 -0.734658096
vn -0.00392153871 -0.686269274 -0.727336996
vn -0.00392153871 -0.00392153871 -0.999984621
vn -0.00392153871 0.00392153871 -0.999984621
vn -0.00392153871 0.725484661 -0.688227163
vn -0.00392153871 0.733327738 -0.679863993
vn -0.00392153847 0.999992311 -0
vn -0.00392153847 0.999992311 -0
vn 0.00392153871 0.741170816 0.67130503
vn 0.00392153871 0.749013893 0.662542685
vn 0.00392153871 0.0196076935 0.99980006
vn 0.00392153871 0.0117646161 0.999923105
vn 0.00392153871 -0.772543126 0.634950188
vn 0.00392153871 -0.756856971 0.653568778
vn 0.999930803 0.0117638918 -0
vn 0.992149293 0.0352938484 -0.119975515
vn 0.992149293 0.0352938484 -0.119975515
vn 0.999930803 0.0117638918 -0
vn 0.999930803 -0.0117638918 -0
vn 0.999930803 -0.0117638918 -0
vn 0.992149293 -0.0431369258 0.117383924
vn 0.992149293 -0.0431369258 0.117383924
vn -0.999992311 -0.00392153847 -0
vn -0.999992311 -0.00392153847 -0
vn -0.999992311 -0.00392153847 -0
vn -0.999992311 -0.00392153847 -0
vn -0.999992311 -0.00392153847 -0
vn -0.999992311 -0.00392153847 -0
vn -0.999992311 -0.00392153847 -0
vn -0.999992311 -0.00392153847 -0
vn 0.0823523129 -0.913718519 0.397915273
vn 0.0196076935 -0.419604642 0.90749517
vn 0.0117646161 -0.388232332 0.921486435
vn 0.0823523129 -0.913718519 0.397915273
vn 0.137253855 -0.921561596 -0.363160575
vn 0.1215677 -0.968620061 -0.216786697
vn 0.199998474 -0.482349261 -0.85284219
vn 0.199998474 -0.419604642 -0.885399658
vn 0.160783087 0.435290797 -0.885816415
vn 0.15294001 0.498035416 -0.853563166
vn 0.027450771 0.960776984 -0.27596022
vn 0.0352938484 0.945090829 -0.324896399
vn -0.0588230806 0.937247751 0.34366626
vn -0.0588230806 0.929404674 0.364344339
vn -0.0745092355 0.356860022 0.931181668
vn -0.0745092355 0.356860022 0.931181668
vn 0.0117646161 -0.388232332 0.921486435
vn 0.0196076935 -0.419604642 0.90749517
vn -0.999930803 -0.0117638918 -0
vn -0.999992311 -0.00392153847 -0
vn -0.999992311 -0.00392153847 -0
vn -0.999930803 -0.0117638918 -0
vn -0.999623435 -0.0274406433 -0
vn -0.999623435 -0.0274406433 -0
vn -0.999377744 -0.0352721557 -0
vn -0.999377744 -0.0352721557 -0
vn 0.999623435 0.0274406433 -0
vn 0.992149293 0.0352938484 0.119975515
vn 0.992149293 0.0352938484 0.119975515
vn 0.999623435 0.0274406433 -0
vn 0.999992311 0.00392153847 -0
vn 0.999992311 0.00392153847 -0
vn 0.992149293 -0.0196076935 -0.123512422
vn 0.992149293 -0.0196076935 -0.123512422
vn -0.81960159 0.568623113 0.0701497636
vn -0.921561596 0.0431369258 0.385828238
vn -0.998703027 0.050914272 -0
vn -0.803915435 0.443133874 0.396676622
vn -0.858183677 0.513342747 -0
vn -0.780386203 0.537250803 0.319935851
vn -0.951005304 0.309174564 -0
vn -0.8509739 0.341173868 0.399304162
vn -0.317644635 0.945090829 0.0768453717
vn -0.474506184 0.866660055 0.154091634
vn 0.419604642 0.325487713 -0.847342725
vn 0.427447719 0.890189287 -0.157643525
vn 0.192155397 0.866660055 -0.460409224
vn 0.890189287 0.341173868 -0.301932817
vn 0.325487713 0.419604642 -0.847342725
vn 0.843130822 0.427447719 0.326219043
vn 0.349016945 0.921561596 0.170033514
vn 0.8509739 0.443133874 -0.281914511
vn 0.623524655 0.349016945 0.699574283
vn 0.6078385 0.458820029 0.64808683
vn 0.176469242 0.921561596 0.345807505
vn 0.270586171 0.427447719 0.862595833
vn -0.176469242 0.890189287 0.420025762
vn -0.317644635 0.380389255 0.868565427
vn -0.474506184 0.866660055 0.154091634
vn -0.8509739 0.341173868 0.399304162
vn 0.207841552 0.537250803 0.817412665
vn -0.278429248 0.537250803 0.796139892
vn -0.780386203 0.537250803 0.319935851
vn -0.803915435 0.443133874 0.396676622
vn 0.239213861 0.458820029 0.855722449
vn -0.341173868 0.443133874 0.828995031
vn -0.921561596 0.0431369258 0.385828238
vn -0.380389255 -0.00392153871 0.924818164
vn 0.270586171 -0.0431369258 0.961728823
vn 0.631367732 0.372546177 0.680135378
vn 0.686269274 -0.0509800032 0.725558766
vn 0.882346209 0.3647031 0.297416906
vn 0.952933906 -0.0509800032 0.298861188
vn 0.8509739 0.435290797 0.293879813
vn 0.866660055 0.3647031 -0.340429139
vn 0.929404674 -0.0352938484 -0.367370789
vn 0.39607541 0.00392153871 -0.918209612
vn 0.403918487 0.3647031 -0.838952624
vn 0.39607541 0.00392153871 -0.918209612
vn 0.00392153871 0.309801558 -0.950793151
vn -0.00392153871 0.027450771 -0.999615464
vn 0.403918487 0.3647031 -0.838952624
vn 0.325487713 0.419604642 -0.847342725
vn 0.0117646161 0.301958481 -0.953248483
vn 0.0117646161 0.301958481 -0.953248483
vn 0.419604642 0.325487713 -0.847342725
vn 0.192155397 0.866660055 -0.460409224
vn 0.0352938484 0.952933906 -0.301116779
vn 0.427447719 0.890189287 -0.157643525
vn 0.0352938484 0.952933906 -0.301116779
vn 0.192155397 0.866660055 -0.460409224
vn 0.349016945 0.921561596 0.170033514
vn 0.176469242 0.921561596 0.345807505
vn -0.317644635 0.945090829 0.0768453717
vn -0.474506184 0.866660055 0.154091634
vn -0.176469242 0.890189287 0.420025762
vn -0.998703027 0.050914272 -0
vn -0.929404674 0.0352938484 0.367370789
vn -0.998703027 0.050914272 -0
vn -0.937247751 0.0352938484 0.346873171
vn -0.33333079 0.0588230806 0.940973129
vn -0.388232332 -0.0196076935 0.921352915
vn -0.937247751 0.341173868 -0.071882159
vn -0.921561596 0.027450771 0.38726048
vn -0.999070885 0.0430971754 -0
vn -0.81960159 0.427447719 0.381499254
vn -0.3647031 0.403918487 0.838952624
vn -0.160783087 0.278429248 0.946903349
vn 0.945090829 0.0431369258 -0.323948346
vn 0.356860022 0.0196076935 -0.933952067
vn 0.898032364 -0.0352938484 -0.438511365
vn 0.294115403 0.0196076935 -0.955568767
vn -0.0196076935 0.0352938484 -0.999184609
vn -0.0196076935 0.0352938484 -0.999184609
vn 0.8509739 0.39607541 -0.344916935
vn 0.388232332 0.00392153871 -0.921553188
vn 0.968620061 0.199998474 -0.147566215
vn 0.388232332 0.231370784 -0.892044403
vn -0.027450771 0.145096932 -0.989036569
vn -0.0431369258 0.027450771 -0.998691975
vn -0.490192339 0.866660055 0.0927998984
vn -0.0274406433 0.999623435 -0
vn -0.027450771 0.992149293 0.12200916
vn -0.450976951 0.874503132 0.178505074
vn -0.560780035 0.741170816 0.369041426
vn -0.803915435 0.592152345 0.0554578528
vn -0.388232332 0.756856971 0.525778644
vn -0.137253855 0.952933906 0.270330076
vn 0.0196076935 0.984306216 0.175376201
vn 0.388232332 0.231370784 -0.892044403
vn 0.027450771 0.843130822 -0.537007329
vn -0.027450771 0.145096932 -0.989036569
vn 0.1215677 0.796072358 -0.592866001
vn 0.8509739 0.39607541 -0.344916935
vn 0.403918487 0.890189287 -0.210743659
vn 0.403918487 0.898032364 0.174320764
vn 0.874503132 0.3647031 0.319743524
vn 0.599995422 0.247056939 0.760899706
vn 0.137253855 0.874503132 0.465194208
vn -0.325487713 0.945090829 0.0293440684
vn 0.33333079 0.858816977 0.389003836
vn 0.207841552 0.325487713 0.922420532
vn -0.0431369258 0.890189287 0.453544088
vn -0.3647031 0.403918487 0.838952624
vn -0.443133874 0.890189287 0.105808333
vn -0.937247751 0.341173868 -0.071882159
vn -0.81960159 0.427447719 0.381499254
vn -0.709798506 -0.662740042 0.238666541
vn -0.332615423 -0.943062554 -0
vn -0.843130822 -0.529407726 -0.0941162929
vn -0.505878493 -0.858816977 0.0807486828
vn -0.3647031 -0.717641584 0.593280883
vn -0.176469242 -0.882346209 0.43626113
vn 0.184312319 -0.662740042 0.725813066
vn 0.066666158 -0.905875442 0.418264638
vn 0.466663106 -0.874503132 0.132173437
vn -0.0431369258 -0.913718519 -0.404051573
vn 0.33333079 -0.882346209 0.332198361
vn 0.498035416 -0.631367732 0.594420315
vn 0.796072358 -0.568623113 0.207211382
vn 0.654896964 -0.647053887 -0.390424428
vn 0.450976951 -0.858816977 -0.243008619
vn 0.223527706 -0.57646619 -0.785952986
vn 0.0980384677 -0.843130822 -0.528695447
vn -0.0352938484 -0.521564648 -0.852481473
vn 0.403918487 0.874503132 -0.268503497
vn 0.0430971754 0.999070885 -0
vn 0.0431369258 0.921561596 -0.385828238
vn 0.168626164 0.890189287 -0.423235455
vn 0.0431369258 0.654896964 -0.754486032
vn 0.356860022 0.772543126 -0.525193339
vn 0.498035416 0.78822928 -0.361462759
vn 0.513721571 0.796072358 -0.319935851
vn -0.934549665 0.355832718 -0
vn -0.81960159 0.403918487 0.406328795
vn -0.905875442 0.027450771 0.422653687
vn -0.999070885 0.0430971754 -0
vn 0.811758513 0.474506184 -0.340429139
vn 0.341173868 0.498035416 -0.797220871
vn 0.325487713 0.027450771 -0.945147715
vn 0.921561596 -0.027450771 -0.38726048
vn 0.952933906 -0.0509800032 0.298861188
vn 0.890189287 0.301958481 0.341151154
vn 0.662740042 -0.0588230806 0.746535654
vn 0.615681577 0.278429248 0.737165754
vn 0.231370784 -0.0431369258 0.971908826
vn 0.231370784 0.372546177 0.898708466
vn -0.309801558 0.262743093 0.913777359
vn -0.294115403 -0.0196076935 0.955568767
vn -0.905875442 0.027450771 0.422653687
vn -0.81960159 0.403918487 0.406328795
vn 0.325487713 0.027450771 -0.945147715
vn 0.341173868 0.498035416 -0.797220871
vn -0.0745092355 0.3647031 -0.928137933
vn -0.066666158 0.0588230806 -0.996039893
vn -0.639210809 -0.756856971 0.136297715
vn -0.348973993 -0.937132409 -0
vn -0.772543126 -0.631367732 0.0674678157
vn -0.278429248 -0.929404674 0.242248026
vn -0.356860022 -0.843130822 0.402220513
vn 0.0745092355 -0.8509739 0.519895947
vn 0.0117646161 -0.960776984 0.277072521
vn 0.443133874 -0.890189287 0.105808333
vn -0.0509800032 -0.890189287 -0.45272958
vn 0.278429248 -0.913718519 0.295965575
vn 0.490192339 -0.725484661 0.483097793
vn 0.741170816 -0.647053887 0.178849348
vn 0.694112351 -0.584309268 -0.42046489
vn 0.458820029 -0.858816977 -0.227854298
vn 0.215684629 -0.513721571 -0.83040369
vn 0.184312319 -0.803915435 -0.565463475
vn -0.0431369258 -0.474506184 -0.879194567
vn -0.81960159 0.403918487 0.406328795
vn -0.934549665 0.355832718 -0
vn -0.309174564 0.951005304 -0
vn -0.3647031 0.874503132 0.319743524
vn -0.309801558 0.262743093 0.913777359
vn -0.027450771 0.874503132 0.484242426
vn 0.231370784 0.372546177 0.898708466
vn 0.145096932 0.905875442 0.397915273
vn -0.00392153871 0.945090829 -0.326784252
vn 0.33333079 0.843130822 0.42192535
vn 0.615681577 0.278429248 0.737165754
vn 0.890189287 0.301958481 0.341151154
vn 0.466663106 0.858816977 0.211326631
vn 0.442508221 0.896764448 -0
vn 0.811758513 0.474506184 -0.340429139
vn 0.0431369258 0.913718519 -0.404051573
vn -0.0745092355 0.3647031 -0.928137933
vn 0.341173868 0.498035416 -0.797220871
vn -0.890189287 0.450976951 -0.0646747476
vn -0.945090829 0.0352938484 0.324896399
vn -0.998703027 0.050914272 -0
vn -0.905875442 0.15294001 0.394967135
vn -0.858816977 0.482349261 0.172547356
vn -0.584309268 0.741170816 0.330527611
vn -0.54509388 0.835287745 0.071882159
vn -0.997785158 0.0665190105 -0
vn -0.952933906 0.294115403 -0.0735737741
vn -0.945090829 0.0431369258 0.323948346
vn -0.874503132 0.372546177 0.310569828
vn 0.811758513 -0.294115403 -0.504523782
vn 0.945090829 -0.0431369258 0.323948346
vn 0.8509739 0.388232332 -0.353721753
vn 0.905875442 0.262743093 0.332198361
vn 0.756205966 0.654333659 -0
vn 0.780386203 0.57646619 0.242248026
vn 0.647053887 -0.0352938484 0.761626951
vn 0.490192339 0.57646619 0.653756991
vn 0.6078385 0.270586171 0.746535654
vn 0.247056939 -0.027450771 0.968612061
vn 0.215684629 0.294115403 0.931115605
vn 0.184312319 0.6078385 0.772373826
vn -0.309801558 0.686269274 0.658071028
vn -0.443133874 0.113724623 0.889212618
vn -0.403918487 -0.00392153871 0.914786575
vn -0.286272326 0.388232332 0.875970212
vn -0.905875442 0.15294001 0.394967135
vn -0.945090829 0.0352938484 0.324896399
vn -0.858816977 0.482349261 0.172547356
vn -0.584309268 0.741170816 0.330527611
vn 0.921561596 -0.0117646161 -0.388053885
vn 0.372546177 0.129410777 -0.918946242
vn 0.388232332 0.0431369258 -0.92055139
vn 0.913718519 0.231370784 -0.33404495
vn 0.890189287 0.341173868 0.301932817
vn 0.952933906 -0.0588230806 0.297416906
vn 0.631367732 0.411761564 0.657135603
vn 0.686269274 -0.066666158 0.724285929
vn 0.254900016 0.341173868 0.904779738
vn 0.270586171 -0.0509800032 0.961344976
vn -0.411761564 -0.0117646161 0.911215676
vn -0.411761564 0.39607541 0.820717177
vn -0.945090829 0.0431369258 0.323948346
vn -0.874503132 0.372546177 0.310569828
vn -0.262743093 0.960776984 0.0887336169
vn -0.301958481 0.952933906 0.0271670136
vn -0.0509800032 0.992149293 0.114196407
vn -0.0588230806 0.992149293 0.110361339
vn 0.050914272 0.998703027 -0
vn 0.050914272 0.998703027 -0
vn 0.0745092355 0.992149293 0.100439802
vn 0.0823523129 0.992149293 0.0941162929
vn 0.0980384677 0.992149293 0.0776417341
vn 0.0980384677 0.992149293 0.0776417341
vn 0.0901953903 0.992149293 0.0866289305
vn 0.0980384677 0.992149293 0.0776417341
vn 0.066666158 0.992149293 -0.105808333
vn 0.0745092355 0.992149293 -0.100439802
vn 0.0431369258 0.992149293 -0.117383924
vn 0.0431369258 0.992149293 -0.117383924
vn -0.301958481 0.952933906 0.0271670136
vn -0.262743093 0.960776984 0.0887336169
vn -0.403918487 0.913718519 0.0443657964
vn -0.403918487 0.913718519 0.0443657964
vn 0.0117646161 0.3647031 -0.931049538
vn 0.231370784 0.803915435 -0.547893725
vn 0.0352938484 0.701955429 -0.711345851
vn 0.372546177 0.39607541 -0.839245861
vn 0.3647031 -0.223527706 -0.903895466
vn -0.0196076935 -0.160783087 -0.986794982
vn 0.8509739 0.388232332 -0.353721753
vn 0.756205966 0.654333659 -0
vn 0.811758513 -0.294115403 -0.504523782
vn 0.105881545 -0.388232332 -0.915458767
vn -0.0196076935 -0.286272326 -0.957947647
vn 0.39607541 -0.615681577 -0.681219836
vn -0.00392153871 0.0509800032 -0.998691975
vn 0.388232332 0.0431369258 -0.92055139
vn 0.372546177 0.129410777 -0.918946242
vn -0.0117646161 0.145096932 -0.989347499
vn 0.686269274 -0.686269274 0.240975035
vn 0.770460558 -0.63748767 -0
vn 0.388232309 -0.921561541 -0
vn 0.419604642 -0.898032364 0.132173437
vn 0.215684629 -0.945090829 0.245526916
vn 0.435290797 -0.741170816 0.511065303
vn 0.0823523129 -0.882346209 0.463339253
vn 0.15294001 -0.623524655 0.766698349
vn -0.0430971754 -0.999070885 -0
vn -0.0430971754 -0.999070885 -0
vn -0.355832718 -0.934549665 -0
vn -0.207841552 -0.874503132 0.438230717
vn -0.294115403 -0.694112351 0.657041987
vn -0.662740042 -0.701955429 0.260833689
vn -0.458820029 -0.882346209 0.104639132
vn -0.772543126 -0.631367732 -0.0674678157
vn -0.890189287 -0.349016945 0.292831361
vn 0.262743093 -0.33333079 0.905459359
vn 0.411761564 -0.278429248 0.867715142
vn -0.937247751 -0.309801558 0.159967645
vn -0.419604642 0.301958481 -0.856009942
vn -0.192155397 0.380389255 -0.904643752
vn 0.929404674 0.325487713 -0.173967529
vn 0.843130822 0.39607541 -0.363668374
vn 0.262743093 -0.33333079 0.905459359
vn 0.411761564 -0.278429248 0.867715142
vn -0.00392153871 0.027450771 -0.999615464
vn -0.0117646161 0.066666158 -0.997705977
vn -0.14470579 0.989474726 -0
vn -0.215684616 0.97646308 -0
vn 0.00392153871 -0.027450771 -0.999615464
vn -0.0117646161 0.066666158 0.997705977
vn -0.215684616 0.97646308 -0
vn 0.00392153871 -0.0196076935 -0.99980006
vn -0.00392153871 0.027450771 0.999615464
vn 0.14470579 -0.989474726 -0
vn -0.105881545 0.992149293 0.0665498191
vn -0.00392153871 -0.027450771 -0.999615464
vn 0.215684616 -0.97646308 -0
vn -0.0117646161 0.066666158 -0.997705977
vn -0.00392153871 0.027450771 -0.999615464
vn 0.00392153871 -0.027450771 0.999615464
vn 0.215684616 -0.97646308 -0
vn 0.00392153871 -0.027450771 -0.999615464
vn 0.0117638918 0.999930803 -0
vn -0.0117646161 -0.0588230806 -0.998199098
vn 0.00392153871 -0.0196076935 0.99980006
vn 0.0980384677 -0.992149293 -0.0776417341
vn 0.00392153871 -0.0196076935 -0.99980006
vn 0.199998474 0.976463138 -0.0807486828
vn -0.0117646161 -0.027450771 -0.999553925
vn -0.00392153871 -0.027450771 0.999615464
vn -0.0117638918 -0.999930803 -0
vn -0.00392153871 -0.027450771 -0.999615464
vn 0.394862771 0.918740111 -0
vn 0.0196076935 0.066666158 -0.997582659
vn -0.0117646161 -0.0588230806 0.998199098
vn -0.207841552 -0.976463138 0.0576335743
vn -0.0117646161 -0.0588230806 -0.998199098
vn 0.317644635 0.945090829 -0.0768453717
vn 0.00392153871 0.0352938484 -0.999369284
vn -0.0117646161 -0.027450771 0.999553925
vn -0.403918487 -0.913718519 0.0443657964
vn -0.0117646161 -0.027450771 -0.999553925
vn 0.0820750945 0.996626148 -0
vn -0.00392153871 0.0117646161 -0.999923105
vn 0.0196076935 0.066666158 0.997582659
vn -0.309174564 -0.951005304 -0
vn 0.0196076935 0.066666158 -0.997582659
vn -0.0274406433 0.999623435 -0
vn -0.0117646161 -0.0196076935 -0.999738532
vn 0.00392153871 0.0352938484 0.999369284
vn -0.0820750945 -0.996626148 -0
vn 0.00392153871 0.0352938484 -0.999369284
vn -0.058722022 0.998274373 -0
vn -0.00392153871 -0.1215677 -0.992575396
vn 0.00392153871 0.0117646161 0.999923105
vn 0.0274406433 -0.999623435 -0
vn -0.00392153871 0.0117646161 -0.999923105
vn 0.113724623 0.992149293 -0.0520239392
vn -0.137253855 -0.113724623 -0.983985818
vn 0.00392153871 -0.0196076935 0.99980006
vn 0.050914272 -0.998703027 -0
vn -0.0117646161 -0.0196076935 -0.999738532
vn 0.647053887 0.756856971 -0.0921346483
vn -0.113724623 -0.0196076935 -0.993318805
vn 0.027450771 -0.1215677 0.992203482
vn -0.199998474 -0.976463138 -0.0807486828
vn -0.00392153871 -0.1215677 -0.992575396
vn 0.952933906 0.294115403 -0.0735737741
vn -0.066666158 0.00392153871 -0.997767631
vn -0.0745092355 -0.129410777 0.988787755
vn -0.645942241 -0.763386285 -0
vn -0.137253855 -0.113724623 -0.983985818
vn 0.998703027 0.050914272 -0
vn -0.027450771 0.027450771 -0.999246171
vn -0.0509800032 -0.0431369258 0.997767631
vn -0.952933906 -0.301958481 0.0271670136
vn -0.113724623 -0.0196076935 -0.993318805
vn 0.992149293 0.1215677 -0.0293440684
vn 0.137253855 0.1215677 -0.983047646
vn 0.00392153871 -0.0117646161 0.999923105
vn -0.998703027 -0.050914272 -0
vn -0.066666158 0.00392153871 -0.997767631
vn 0.725484661 0.686269274 -0.0520239392
vn -0.0117646161 0.027450771 -0.999553925
vn 0.0431369258 0.0196076935 0.998876741
vn -0.992149293 -0.0980384677 0.0776417341
vn -0.027450771 0.027450771 -0.999246171
vn 0.207841552 0.976463138 -0.0576335743
vn -0.0509800032 -0.105881545 -0.993071064
vn 0.199998474 0.1215677 0.972225234
vn -0.748921716 -0.662658482 -0
vn 0.137253855 0.1215677 -0.983047646
vn 0.28555303 0.95836291 -0
vn -0.1215677 -0.0901953903 -0.988476649
vn 0.0509800032 0.027450771 0.99832234
vn -0.176469231 -0.984306157 -0
vn -0.0117646161 0.027450771 -0.999553925
vn 0.741170816 0.670583119 -0.0313704013
vn -0.105881545 -0.00392153871 -0.994371017
vn -0.0117646161 -0.0980384677 0.995113085
vn -0.28555303 -0.95836291 -0
vn -0.0509800032 -0.105881545 -0.993071064
vn 0.97305722 0.230563759 -0
vn -0.0352938484 0.027450771 -0.9989999
vn -0.0823523129 -0.0980384677 0.991769406
vn -0.741170816 -0.670583119 0.0313704013
vn -0.1215677 -0.0901953903 -0.988476649
vn -0.0509800032 -0.0431369258 0.997767631
vn -0.97305722 -0.230563759 -0
vn -0.105881545 -0.00392153871 -0.994371017
vn -0.999377744 -0.0352721557 -0
vn -0.0352938484 0.027450771 -0.9989999
vn 0.999377744 0.0352721557 -0
vn 0.0823523129 0.0509800032 -0.995298516
vn 0.0196076935 -0.0352938484 0.999184609
vn -0.960776984 -0.262743093 0.0887336169
vn 0.0823523129 0.0509800032 -0.995298516
vn 0.960481557 0.278343635 -0
vn 0.0980384677 0.0980384677 -0.990341819
vn 0.137253855 0.027450771 0.99015546
vn 0.599995422 0.796072358 -0.0792104433
vn 0.00392153871 0.0509800032 -0.998691975
vn -0.654333659 -0.756205966 -0
vn 0.0980384677 0.0980384677 -0.990341819
vn 0.137253855 0.1215677 0.983047646
vn 0.160783087 0.984306216 -0.0727328847
vn -0.00392153871 -0.0588230806 -0.998260721
vn 0.0117638918 0.999930803 -0
vn 0.027450771 0.0823523129 0.996225151
vn 0.00392153871 -0.0196076935 0.99980006
vn -0.160783087 -0.984306216 0.0727328847
vn 0.00392153871 0.0509800032 -0.998691975
vn -0.0117638918 -0.999930803 -0
vn -0.00392153871 -0.0588230806 -0.998260721
vn 0.0431369258 -0.937247751 0.345985344
vn 0.0431369258 -0.929404674 -0.366532615
vn 0.0431369258 -0.929404674 -0.366532615
vn 0.0431369258 -0.937247751 0.345985344
vn 0.0196076935 -0.450976951 0.892320193
vn 0.0196076935 -0.427447719 0.903827409
vn -0.0196076935 0.388232332 0.921352915
vn -0.0196076935 0.3647031 0.93091739
vn -0.0588230806 0.929404674 0.364344339
vn -0.0588230806 0.929404674 0.364344339
vn -0.0588230806 0.937247751 -0.34366626
vn -0.0588230806 0.937247751 -0.34366626
vn -0.0352938484 0.443133874 -0.895760411
vn -0.0352938484 0.427447719 -0.903350868
vn 0.0117646161 -0.388232332 -0.921486435
vn 0.0117646161 -0.372546177 -0.927939082
vn 0.0431369258 -0.929404674 -0.366532615
vn 0.0431369258 -0.929404674 -0.366532615
vn -0.113724623 -0.00392153871 0.993504571
vn -0.00392153871 0.317644635 0.948201723
vn -0.00392153871 0.00392153871 0.999984621
vn -0.1215677 0.39607541 0.910134915
vn -0.474506184 -0.0117646161 0.880173548
vn -0.0117646161 0.905875442 0.423380772
vn -0.466663106 0.388232332 0.794670499
vn -0.858816977 -0.027450771 0.511546533
vn -0.0509800032 0.929404674 0.365524269
vn -0.0509800032 0.929404674 -0.365524269
vn -0.0117646161 0.905875442 -0.423380772
vn -0.00392153871 0.317644635 -0.948201723
vn -0.1215677 0.39607541 -0.910134915
vn 0.00392153871 0.00392153871 -0.999984621
vn -0.113724623 -0.00392153871 -0.993504571
vn -0.474506184 -0.0117646161 -0.880173548
vn -0.199998474 0.921561596 -0.332753414
vn -0.466663106 0.388232332 -0.794670499
vn -0.858816977 -0.027450771 -0.511546533
vn -0.199998474 0.921561596 0.332753414
vn -0.803915435 0.380389255 -0.457191413
vn -0.992149293 -0.0352938484 -0.119975515
vn -0.803915435 0.380389255 0.457191413
vn -0.349016945 0.913718519 -0.208100072
vn -0.349016945 0.913718519 0.208100072
vn -0.913718519 0.380389255 0.142907253
vn -0.992149293 -0.0352938484 0.119975515
vn -0.913718519 0.380389255 -0.142907253
vn -0.372065834 0.928206343 -0
vn -0.372065834 0.928206343 -0
vn 0.027450771 0.513721571 -0.857517698
vn 0.992149293 0.0588230806 -0.110361339
vn 0.992149293 0.0901953903 -0.0866289305
vn 0.027450771 0.709798506 -0.703869687
vn -0.905875442 0.15294001 -0.394967135
vn 0.992149293 0.113724623 -0.0520239392
vn -0.952933906 0.199998474 -0.227854298
vn -0.278429248 -0.599995422 0.749988431
vn 0.027450771 0.952933906 -0.301932817
vn 0.997785158 0.0665190105 -0
vn -0.239213861 -0.749013893 0.617863186
vn 0.992149293 0.0588230806 -0.110361339
vn 0.992149293 0.0901953903 -0.0866289305
vn -0.945090829 0.317644635 -0.0768453717
vn 0.0352721557 0.999377744 -0
vn 0.998274373 0.058722022 -0
vn -0.207841552 -0.937247751 0.27994382
vn 0.992149293 0.113724623 -0.0520239392
vn -0.95836291 0.28555303 -0
vn 0.0588230806 0.992149293 0.110361339
vn 0.996626148 0.0820750945 -0
vn -0.199998474 -0.976463138 0.0807486828
vn 0.997785158 0.0665190105 -0
vn -0.945090829 0.325487713 0.0293440684
vn 0.0823523129 0.905875442 0.415460926
vn 0.999623435 0.0274406433 -0
vn -0.223527706 -0.968620061 -0.108676318
vn 0.998274373 0.058722022 -0
vn -0.921561596 0.349016945 0.170033514
vn 0.113724623 0.537250803 0.835720219
vn 0.999992311 -0.00392153847 -0
vn -0.270586171 -0.882346209 -0.385030247
vn 0.996626148 0.0820750945 -0
vn -0.921561596 0.192155397 0.337343338
vn 0.113724623 0.129410777 0.985047999
vn 0.984306216 0.00392153871 -0.176425325
vn -0.341173868 -0.450976951 -0.824754619
vn 0.999623435 0.0274406433 -0
vn -0.976463138 0.0352938484 0.212777075
vn 0.160783087 0.027450771 0.986607954
vn 0.976463138 0.0117646161 -0.215363259
vn -0.176469242 -0.0980384677 -0.979411591
vn 0.999992311 -0.00392153847 -0
vn -0.984306216 0.0117646161 0.176076311
vn 0.199998474 0.0117646161 0.979725576
vn 0.968620061 0.00392153871 -0.248515189
vn 0.231370784 0.00392153871 0.97285774
vn -0.207841552 -0.0117646161 -0.978091756
vn 0.984306216 0.00392153871 -0.176425325
vn -0.976463138 -0.00392153871 0.215648698
vn -0.968620061 -0.00392153871 0.248515189
vn -0.239213861 -0.0117646161 -0.970895629
vn 0.976463138 0.0117646161 -0.215363259
vn -0.254900016 -0.00392153871 -0.966959463
vn 0.968620061 0.00392153871 -0.248515189
vn -0.223143683 -0.974785564 -0
vn -0.184052092 -0.982916491 -0
vn -0.184052092 -0.982916491 -0
vn -0.223143683 -0.974785564 -0
vn -0.270586171 -0.960776984 0.060751231
vn -0.270586171 -0.960776984 0.060751231
vn -0.270586171 -0.960776984 0.060751231
vn -0.270586171 -0.960776984 0.060751231
vn -0.270586171 -0.960776984 0.060751231
vn -0.270586171 -0.960776984 0.060751231
vn 0.694112351 -0.0588230806 0.717459329
vn 0.207841552 -0.0196076935 0.977965965
vn 0.725484661 -0.0588230806 0.685719951
vn 0.184312319 -0.0117646161 0.982797315
vn -0.0901953903 -0.00392153871 0.995916369
vn -0.0901953903 -0.00392153871 0.995916369
vn -0.647053887 -0.00392153871 0.762434187
vn -0.654896964 -0.00392153871 0.755708004
vn -0.984306216 0.00392153871 0.176425325
vn -0.984306216 0.00392153871 0.176425325
vn -0.984306216 -0.0117646161 -0.176076311
vn -0.984306216 -0.00392153871 -0.176425325
vn -0.725484661 -0.0352938484 -0.68733278
vn -0.701955429 -0.0352938484 -0.711345851
vn -0.184312319 -0.0431369258 -0.981920656
vn -0.184312319 -0.0431369258 -0.981920656
vn 0.215684629 -0.066666158 -0.974184666
vn 0.199998474 -0.066666158 -0.977525567
vn 0.686269274 -0.105881545 -0.719599598
vn 0.686269274 -0.105881545 -0.719599598
vn 0.968620061 -0.105881545 -0.224865017
vn 0.968620061 -0.105881545 -0.224865017
vn 0.976463138 -0.0901953903 0.195919705
vn 0.976463138 -0.0901953903 0.195919705
vn 0.725484661 -0.0588230806 0.685719951
vn 0.694112351 -0.0588230806 0.717459329
vn 0.647053887 -0.341173868 0.68185164
vn 0.6078385 -0.317644635 -0.727759743
vn 0.6078385 -0.317644635 0.727759743
vn 0.647053887 -0.341173868 -0.68185164
vn -0.647053887 0.341173868 -0.68185164
vn -0.6078385 0.317644635 -0.727759743
vn -0.647053887 0.341173868 0.68185164
vn -0.6078385 0.317644635 0.727759743
vn 0.6078385 -0.317644635 0.727759743
vn 0.647053887 -0.341173868 0.68185164
vn -0.874503132 -0.380389255 -0.300912424
vn -0.498035416 -0.380389255 0.779271929
vn 0.0431369258 -0.670583119 0.740579156
vn -0.419604642 -0.686269274 -0.594109778
vn 0.560780035 -0.717641584 0.412936205
vn 0.192155397 -0.717641584 -0.669377966
vn 0.505878493 0.372546177 -0.778007902
vn -0.027450771 0.670583119 -0.741326335
vn -0.552936958 0.717641584 -0.423380772
vn 0.874503132 0.372546177 0.310569828
vn 0.192155397 -0.717641584 -0.669377966
vn 0.560780035 -0.717641584 0.412936205
vn -0.184312319 0.717641584 0.671579873
vn -0.874503132 -0.380389255 -0.300912424
vn -0.498035416 -0.380389255 0.779271929
vn 0.435290797 0.678426197 0.591827524
vn 0.0431369258 -0.670583119 0.740579156
vn 0.560780035 -0.717641584 0.412936205
vn -0.498035416 -0.380389255 0.779271929
vn -0.999070885 -0.0430971754 -0
vn -0.999070885 -0.0430971754 -0
vn -0.999070885 -0.0430971754 -0
vn -0.999070885 -0.0430971754 -0
vn -0.999930803 0.0117638918 -0
vn -0.999930803 0.0117638918 -0
vn -0.999930803 0.0117638918 -0
vn -0.999930803 0.0117638918 -0
vn 0.027450771 -0.00392153871 0.999615464
vn 0.027450771 0.00392153871 0.999615464
vn 0.027450771 -0.00392153871 0.999615464
vn 0.0196076935 0.027450771 0.999430835
vn 0.027450771 0.027450771 0.999246171
vn 0.00392153871 0.0352938484 0.999369284
vn -0.00392153871 0.0352938484 0.999369284
vn -0.00392153871 0.0352938484 0.999369284
vn -0.0196076935 0.0196076935 0.999615464
vn -0.0196076935 0.0196076935 0.999615464
vn -0.027450771 -0.00392153871 0.999615464
vn -0.027450771 -0.00392153871 0.999615464
vn -0.0196076935 -0.00392153871 0.99980006
vn -0.0196076935 -0.00392153871 0.99980006
vn 0.129410777 -0.984306216 0.119975515
vn 0.0196076935 -0.992149293 0.123512422
vn 0.0196076935 -0.992149293 0.123512422
vn 0.1215677 -0.984306216 0.127916254
vn 0.231370784 -0.968620061 0.0907895256
vn 0.231370784 -0.835287745 0.498760407
vn 0.0196076935 -0.105881545 0.994185414
vn 0.00392153871 -0.105881545 0.994371017
vn 0.00392153871 -0.105881545 0.994371017
vn 0.0117646161 -0.105881545 0.994309153
vn 0.599995422 -0.066666158 0.797220871
vn 0.027450771 -0.113724623 0.993133005
vn -0.0745092355 0.00392153871 0.997212613
vn -0.0745092355 0.00392153871 0.997212613
vn -0.0745092355 0.00392153871 0.997212613
vn -0.0745092355 0.00392153871 0.997212613
vn -0.999807822 0.0196040749 -0
vn -0.999807822 0.0196040749 -0
vn -0.999807822 0.0196040749 -0
vn -0.999807822 0.0196040749 -0
vn 0.137034853 -0.990566226 -0
vn 0.0196040749 -0.999807822 -0
vn 0.0196040749 -0.999807822 -0
vn 0.137034853 -0.990566226 -0
vn 0.247056939 -0.968620061 0.0271670136
vn 0.192155397 -0.521564648 0.83129214
vn 0.192155397 -0.521564648 0.83129214
vn 0.0588230806 0.00392153871 0.998260721
vn 0.231370784 -0.835287745 0.498760407
vn 0.0431369258 0.00392153871 0.999061473
vn 0.0352938484 0.00392153871 0.999369284
vn 0.0352938484 0.00392153871 0.999369284
vn 0.996626148 0.0820750945 -0
vn 0.599995422 -0.066666158 0.797220871
vn 0.999377744 0.0352721557 -0
vn 0.996626148 0.0820750945 -0
vn 0.990566226 0.137034853 -0
vn 0.990566226 0.137034853 -0
vn 0.992149293 0.0823523129 0.0941162929
vn 0.999377744 0.0352721557 -0
vn 0.999377744 0.0352721557 -0
vn 0.992149293 0.0823523129 0.0941162929
vn 0.991600411 0.129339184 -0
vn 0.991600411 0.129339184 -0
vn -0.0901953903 0.992149293 0.0866289305
vn -0.160783087 0.913718519 0.373185298
vn -0.168626164 0.984306216 0.0520239392
vn -0.0823523129 0.905875442 0.415460926
vn -0.113724623 0.686269274 0.718401833
vn -0.066666158 0.694112351 0.716773093
vn 0.207841552 0.890189287 0.405419441
vn 0.223527706 0.968620061 0.108676318
vn 0.105881545 0.694112351 0.712037318
vn 0.662740042 0.631367732 0.402679058
vn 0.717641584 0.694112351 0.056556177
vn 0.466663106 0.505878493 0.72547398
vn 0.976463138 0.207841552 0.0576335743
vn 0.898032364 0.199998474 0.391839869
vn 0.999930803 -0.0117638918 -0
vn 0.701955429 0.129410777 0.70036521
vn 0.921561596 -0.0117646161 0.388053885
vn 0.725484661 -0.0117646161 0.688137777
vn 0.137034853 -0.990566226 -0
vn 0.137034853 -0.990566226 -0
vn 0.137034853 -0.990566226 -0
vn 0.137034853 -0.990566226 -0
vn 0.129410777 -0.0117646161 0.991521278
vn 0.129410777 -0.0117646161 0.991521278
vn 0.129410777 -0.0117646161 0.991521278
vn 0.129410777 -0.0117646161 0.991521278
vn 0.191602233 0.981472661 -0
vn 0.403918487 0.913718519 0.0443657964
vn 0.403918487 0.913718519 0.0443657964
vn 0.192155397 0.976463138 0.0979593944
vn -0.00392153847 0.999992311 -0
vn -0.00392153847 0.999992311 -0
vn 0.192155397 0.686269274 -0.701506085
vn 0.39607541 0.349016945 -0.84930056
vn 0.411761564 0.639210809 -0.649509011
vn 0.176469242 0.3647031 -0.914248465
vn 0.325487713 0.00392153871 -0.945538138
vn 0.113724623 0.00392153871 -0.993504571
vn -0.027450771 0.380389255 -0.924418991
vn -0.0117646161 0.701955429 -0.712123704
vn -0.0431369258 0.00392153871 -0.999061473
vn 0.137034853 0.990566226 -0
vn 0.137034853 0.990566226 -0
vn 0.137034853 0.990566226 -0
vn 0.137034853 0.990566226 -0
vn 0.113724623 -0.1215677 -0.986046654
vn 0.113724623 -0.1215677 -0.986046654
vn 0.113724623 -0.1215677 -0.986046654
vn 0.113724623 -0.1215677 -0.986046654
vn 0.992149293 -0.0431369258 -0.117383924
vn 0.992149293 -0.0431369258 -0.117383924
vn 0.992149293 -0.0431369258 -0.117383924
vn 0.992149293 -0.0431369258 -0.117383924
vn 0.992149293 0.0980384677 -0.0776417341
vn 0.992149293 0.0980384677 -0.0776417341
vn 0.992149293 0.0980384677 -0.0776417341
vn 0.992149293 0.0980384677 -0.0776417341
vn -0.00392153847 -0.999992311 -0
vn -0.00392153847 -0.999992311 -0
vn -0.00392153847 -0.999992311 -0
vn -0.00392153847 -0.999992311 -0
vn -0.00392153871 -0.1215677 -0.992575396
vn -0.00392153871 -0.1215677 -0.992575396
vn -0.00392153871 -0.1215677 -0.992575396
vn -0.00392153871 -0.1215677 -0.992575396
vn 0.996626148 -0.0820750945 -0
vn 0.996626148 -0.0820750945 -0
vn 0.996626148 -0.0820750945 -0
vn 0.996626148 -0.0820750945 -0
vn 0.992149293 -0.027450771 0.12200916
vn 0.992149293 -0.027450771 0.12200916
vn 0.992149293 -0.027450771 0.12200916
vn 0.992149293 -0.027450771 0.12200916
vn 0.00392153871 -0.0117646161 0.999923105
vn 0.00392153871 -0.0117646161 0.999923105
vn 0.00392153871 -0.0117646161 0.999923105
vn 0.00392153871 -0.0117646161 0.999923105
vn -0.00392153847 0.999992311 -0
vn -0.00392153847 0.999992311 -0
vn -0.00392153847 0.999992311 -0
vn -0.00392153847 0.999992311 -0
vn -0.631367732 -0.772543126 0.0674678157
vn 0.0901953903 -0.945090829 0.314114815
vn 0.0980384677 -0.992149293 0.0776417341
vn -0.599995422 -0.733327738 0.319743524
vn -0.992149293 -0.0980384677 0.0776417341
vn 0.0509800032 -0.521564648 0.851687359
vn -0.945090829 -0.0901953903 0.314114815
vn -0.772543126 0.631367732 0.0674678157
vn -0.33333079 -0.403918487 0.851904009
vn 0.00392153871 -0.0509800032 0.998691975
vn -0.027450771 -0.0352938484 0.9989999
vn -0.521564648 -0.0509800032 0.851687359
vn -0.0509800032 -0.00392153871 0.998691975
vn -0.733327738 0.599995422 0.319743524
vn -0.0980384677 0.992149293 0.0776417341
vn -0.403918487 0.33333079 0.851904009
vn -0.0352938484 0.027450771 0.9989999
vn -0.0901953903 0.945090829 0.314114815
vn 0.631367732 0.772543126 0.0674678157
vn -0.0509800032 0.521564648 0.851687359
vn -0.00392153871 0.0509800032 0.998691975
vn 0.599995422 0.733327738 0.319743524
vn 0.992149293 0.0980384677 0.0776417341
vn 0.33333079 0.403918487 0.851904009
vn 0.027450771 0.0352938484 0.9989999
vn 0.945090829 0.0901953903 0.314114815
vn 0.772543126 -0.631367732 0.0674678157
vn 0.521564648 0.0509800032 0.851687359
vn 0.0509800032 0.00392153871 0.998691975
vn 0.733327738 -0.599995422 0.319743524
vn 0.0980384677 -0.992149293 0.0776417341
vn 0.0901953903 -0.945090829 0.314114815
vn 0.403918487 -0.33333079 0.851904009
vn 0.0352938484 -0.027450771 0.9989999
vn 0.0509800032 -0.521564648 0.851687359
vn 0.00392153871 -0.0509800032 0.998691975
vn -0.631367732 -0.772543126 0.0674678157
vn 0.0980384677 -0.992149293 0.0776417341
vn 0.0980384677 -0.992149293 0.0776417341
vn -0.631367732 -0.772543126 0.0674678157
vn -0.992149293 -0.0980384677 0.0776417341
vn -0.992149293 -0.0980384677 0.0776417341
vn -0.772543126 0.631367732 0.0674678157
vn -0.772543126 0.631367732 0.0674678157
vn -0.0980384677 0.992149293 0.0776417341
vn -0.0980384677 0.992149293 0.0776417341
vn 0.631367732 0.772543126 0.0674678157
vn 0.631367732 0.772543126 0.0674678157
vn 0.992149293 0.0980384677 0.0776417341
vn 0.992149293 0.0980384677 0.0776417341
vn 0.772543126 -0.631367732 0.0674678157
vn 0.772543126 -0.631367732 0.0674678157
vn 0.0980384677 -0.992149293 0.0776417341
vn 0.0980384677 -0.992149293 0.0776417341
vn -0.686269274 -0.0588230806 0.724965054
vn -0.945090829 -0.027450771 0.325652853
vn -0.725484661 -0.0196076935 0.68795897
vn -0.905875442 -0.066666158 0.418264638
vn -0.662740042 -0.0901953903 0.743397894
vn -0.999623435 -0.0274406433 -0
vn -0.882346209 -0.113724623 0.456652907
vn -0.992149293 -0.0745092355 0.100439802
vn -0.992149293 -0.1215677 0.0293440684
vn 0.0352938484 -0.984306216 -0.172903493
vn 0.0430971754 -0.999070885 -0
vn 0.215684616 -0.97646308 -0
vn 0.247056939 -0.952933906 -0.175726605
vn 0.027450771 -0.905875442 -0.422653687
vn 0.450976951 -0.890189287 0.0646747476
vn 0.247056939 -0.882346209 -0.400534688
vn 0.458820029 -0.874503132 -0.157252833
vn 0.443133874 -0.811758513 -0.380368883
vn 0.160783087 0.1215677 0.979474396
vn 0.0117646161 0.1215677 0.99251342
vn 0.00392153871 0.372546177 0.92800537
vn 0.207841552 0.372546177 0.904439736
vn 0.388232332 0.105881545 0.915458767
vn 0.00392153871 0.599995422 0.799993822
vn 0.419604642 0.325487713 0.847342725
vn 0.207841552 0.584309268 0.784464511
vn 0.419604642 0.54509388 0.725813066
vn 0.874503132 0.482349261 0.0508277732
vn 0.827444667 -0.458820029 -0.323758403
vn 0.874503132 -0.482349261 0.0508277732
vn 0.827444667 0.458820029 -0.323758403
vn 0.631367732 0.356860022 -0.688495251
vn 0.631367732 -0.356860022 -0.688495251
vn 0.160783087 0.81960159 -0.549910931
vn 0.286272326 0.913718519 -0.28838624
vn 0.278343635 0.960481557 -0
vn -0.160783087 0.81960159 -0.549910931
vn -0.278343635 0.960481557 -0
vn -0.286272326 0.913718519 -0.28838624
vn -0.631367732 0.356860022 -0.688495251
vn -0.827444667 0.458820029 -0.323758403
vn -0.874503132 0.482349261 -0.0508277732
vn -0.827444667 -0.458820029 -0.323758403
vn -0.631367732 -0.356860022 -0.688495251
vn -0.874503132 -0.482349261 -0.0508277732
vn -0.160783087 -0.81960159 -0.549910931
vn -0.286272326 -0.913718519 -0.28838624
vn -0.278343635 -0.960481557 -0
vn 0.160783087 -0.81960159 -0.549910931
vn 0.278343635 -0.960481557 -0
vn 0.286272326 -0.913718519 -0.28838624
vn 0.631367732 -0.356860022 -0.688495251
vn 0.827444667 -0.458820029 -0.323758403
vn 0.874503132 -0.482349261 0.0508277732
vn -0.00392153871 0.00392153871 -0.999984621
vn -0.00392153871 0.00392153871 -0.999984621
vn -0.00392153871 0.00392153871 -0.999984621
vn -0.00392153871 0.00392153871 -0.999984621
vn -0.00392153871 -0.00392153871 -0.999984621
vn -0.00392153871 -0.00392153871 -0.999984621
vn -0.00392153871 -0.00392153871 -0.999984621
vn -0.00392153871 -0.00392153871 -0.999984621
vn -0.921561596 0.0117646161 -0.388053885
vn -0.890189287 0.33333079 0.310569828
vn -0.937247751 0.00392153871 0.348642043
vn -0.874503132 0.33333079 -0.352327769
vn -0.341173868 0.317644635 -0.884704627
vn -0.372546177 0.0117646161 -0.927939082
vn -0.349016945 0.866660055 -0.356493369
vn -0.349016945 0.874503132 0.33679585
vn -0.890189287 0.33333079 0.310569828
vn -0.372546177 0.341173868 0.863023602
vn 0.317644635 0.890189287 0.326595957
vn -0.419604642 0.00392153871 0.9076985
vn -0.937247751 0.00392153871 0.348642043
vn 0.341173868 0.356860022 0.869627113
vn 0.866660055 0.356860022 0.348642043
vn 0.3647031 0.00392153871 0.931115605
vn 0.913718519 0.00392153871 0.406328795
vn 0.419604642 0.00392153871 -0.9076985
vn -0.341173868 0.317644635 -0.884704627
vn -0.372546177 0.0117646161 -0.927939082
vn 0.380389255 0.317644635 -0.868565427
vn -0.349016945 0.866660055 -0.356493369
vn 0.349016945 0.866660055 -0.356493369
vn 0.890189287 0.325487713 -0.318780148
vn 0.937247751 0.00392153871 -0.348642043
vn 0.317644635 0.890189287 0.326595957
vn 0.890189287 0.325487713 -0.318780148
vn 0.866660055 0.356860022 0.348642043
vn 0.913718519 0.00392153871 0.406328795
vn 0.937247751 0.00392153871 -0.348642043
vn -0.662658482 -0.748921716 -0
vn -0.145096932 -0.882346209 0.447674041
vn -0.145096932 -0.984306216 0.100439802
vn -0.662740042 -0.662740042 0.348642043
vn -0.1215677 -0.639210809 0.759362124
vn -0.984306216 -0.160783087 0.0727328847
vn -0.984306157 -0.176469231 -0
vn -0.984306216 -0.113724623 0.134936962
vn -0.654896964 -0.474506184 0.588178415
vn -0.0980384677 -0.278429248 0.95544001
vn -0.984306216 -0.0509800032 0.168944704
vn -0.639210809 -0.223527706 0.7358294
vn -0.105881545 0.0901953903 0.990279703
vn -0.984306216 0.0196076935 0.175376201
vn -0.647053887 0.0745092355 0.758794861
vn -0.113724623 0.466663106 0.877093071
vn -0.984306216 0.0823523129 0.156074886
vn -0.647053887 0.356860022 0.673774585
vn -0.1215677 0.780386203 0.613366667
vn -0.984306216 0.137253855 0.110917325
vn -0.654896964 0.584309268 0.479262607
vn -0.1215677 0.952933906 0.277737763
vn -0.984306216 0.168626164 0.0520239392
vn -0.647053887 0.725484661 0.234506448
vn -0.0980384677 0.992149293 -0.0776417341
vn -0.984306157 0.176469231 -0
vn -0.639210809 0.764700048 -0.0815069169
vn -0.0980384677 0.882346209 -0.460275598
vn -0.984306216 0.160783087 -0.0727328847
vn -0.639210809 0.678426197 -0.362142841
vn -0.113724623 0.623524655 -0.773488019
vn -0.984306216 0.113724623 -0.134936962
vn -0.647053887 0.490192339 -0.583980084
vn -0.129410777 0.278429248 -0.951698484
vn -0.984306216 0.0509800032 -0.168944704
vn -0.654896964 0.223527706 -0.721903962
vn -0.129410777 -0.0901953903 -0.987480452
vn -0.984306216 -0.0196076935 -0.175376201
vn -0.654896964 -0.0745092355 -0.752036129
vn -0.1215677 -0.450976951 -0.884217781
vn -0.984306216 -0.0823523129 -0.156074886
vn -0.654896964 -0.3647031 -0.66189245
vn -0.129410777 -0.764700048 -0.631258019
vn -0.984306216 -0.137253855 -0.110917325
vn -0.654896964 -0.584309268 -0.479262607
vn -0.145096932 -0.952933906 -0.26620265
vn -0.984306216 -0.168626164 -0.0520239392
vn -0.662740042 -0.717641584 -0.21393035
vn -0.145096932 -0.984306216 0.100439802
vn -0.984306157 -0.176469231 -0
vn -0.662658482 -0.748921716 -0
vn -0.231370784 0.929404674 0.287531759
vn -0.231370784 0.968620061 -0.0907895256
vn -0.231370784 0.968620061 -0.0907895256
vn -0.231370784 0.929404674 0.287531759
vn -0.231370784 0.749013893 0.620842772
vn -0.231370784 0.749013893 0.620842772
vn -0.231370784 0.458820029 0.857876297
vn -0.231370784 0.458820029 0.857876297
vn -0.231370784 0.0980384677 0.967913229
vn -0.231370784 0.0980384677 0.967913229
vn -0.231370784 -0.286272326 0.929793373
vn -0.231370784 -0.286272326 0.929793373
vn -0.231370784 -0.615681577 0.753262077
vn -0.231370784 -0.615681577 0.753262077
vn -0.231370784 -0.858816977 0.457056846
vn -0.231370784 -0.858816977 0.457056846
vn -0.231370784 -0.968620061 0.0907895256
vn -0.231370784 -0.968620061 0.0907895256
vn -0.231370784 -0.929404674 -0.287531759
vn -0.231370784 -0.929404674 -0.287531759
vn -0.231370784 -0.749013893 -0.620842772
vn -0.231370784 -0.749013893 -0.620842772
vn -0.231370784 -0.458820029 -0.857876297
vn -0.231370784 -0.458820029 -0.857876297
vn -0.231370784 -0.0980384677 -0.967913229
vn -0.231370784 -0.0980384677 -0.967913229
vn -0.231370784 0.286272326 -0.929793373
vn -0.231370784 0.286272326 -0.929793373
vn -0.231370784 0.615681577 -0.753262077
vn -0.231370784 0.615681577 -0.753262077
vn -0.231370784 0.858816977 -0.457056846
vn -0.231370784 0.858816977 -0.457056846
vn -0.231370784 0.968620061 -0.0907895256
vn -0.231370784 0.968620061 -0.0907895256
vn 0.00392153871 0.1215677 -0.992575396
vn 0.00392153871 -0.0823523129 -0.996595564
vn 0.00392153871 -0.0823523129 -0.996595564
vn 0.00392153871 0.1215677 -0.992575396
vn 0.00392153871 0.694112351 -0.719856003
vn 0.00392153871 0.694112351 -0.719856003
vn 0.00392153871 0.984306216 -0.176425325
vn 0.00392153871 0.984306216 -0.176425325
vn 0.00392153871 0.976463138 0.215648698
vn 0.00392153871 0.976463138 0.215648698
vn 0.00392153871 0.811758513 0.583980084
vn 0.00392153871 0.811758513 0.583980084
vn -0.00392153871 0.341173868 0.939992028
vn -0.00392153871 0.341173868 0.939992028
vn -0.00392153871 -0.0509800032 0.998691975
vn -0.00392153871 -0.0509800032 0.998691975
vn -0.066666158 -0.0901953903 0.993690301
vn -0.0588230806 0.113724623 0.991769406
vn -0.0588230806 0.113724623 0.991769406
vn -0.066666158 -0.0901953903 0.993690301
vn -0.113724623 -0.709798506 0.695163859
vn -0.105881545 -0.662740042 0.741326335
vn -0.129410777 -0.984306216 0.119975515
vn -0.129410777 -0.984306216 0.119975515
vn -0.129410777 -0.960776984 -0.24527625
vn -0.129410777 -0.952933906 -0.274171153
vn -0.15294001 -0.78822928 -0.596073783
vn -0.160783087 -0.772543126 -0.614268604
vn -0.113724623 -0.39607541 -0.911148166
vn -0.066666158 -0.231370784 -0.970578788
vn 0.0117646161 0.0588230806 -0.998199098
vn 0.0117646161 0.0588230806 -0.998199098
vn 0.192155397 0.00392153871 -0.981356676
vn 0.192155397 0.00392153871 -0.981356676
vn -0.294115403 0.0117646161 -0.955697506
vn -0.301958481 0.0117646161 -0.953248483
vn -0.725484661 0.00392153871 -0.688227163
vn -0.733327738 0.00392153871 -0.679863993
vn -0.858816977 0.00392153871 -0.512267529
vn -0.858816977 0.00392153871 -0.512267529
vn -0.00392153847 0.999992311 -0
vn 0.00392153847 0.999992311 -0
vn 0.00392153847 0.999992311 -0
vn 0.0117638918 0.999930803 -0
vn 0.0196040749 0.999807822 -0
vn 0.0117638918 0.999930803 -0
vn 0.0117638918 0.999930803 -0
vn -0.00392153847 0.999992311 -0
vn -0.0117638918 0.999930803 -0
vn -0.00392153847 0.999992311 -0
vn -0.0196040749 0.999807822 -0
vn -0.0274406433 0.999623435 -0
vn -0.0196040749 0.999807822 -0
vn -0.0196040749 0.999807822 -0
vn 0.192155397 0.00392153871 -0.981356676
vn 0.647053887 -0.00392153871 -0.762434187
vn 0.192155397 0.00392153871 -0.981356676
vn 0.654896964 -0.00392153871 -0.755708004
vn 0.960776984 -0.00392153871 -0.277294445
vn 0.968620061 -0.00392153871 -0.248515189
vn 0.968620061 0.00392153871 0.248515189
vn 0.968620061 0.00392153871 0.248515189
vn 0.701955429 0.0117646161 0.712123704
vn 0.701955429 0.0117646161 0.712123704
vn 0.239213861 0.0196076935 0.970768905
vn 0.239213861 0.0196076935 0.970768905
vn -0.317644635 0.0117646161 0.948136846
vn -0.317644635 0.0117646161 0.948136846
vn -0.78822928 0.00392153871 0.615369176
vn -0.78822928 0.00392153871 0.615369176
vn -0.921561596 0.00392153871 0.388212372
vn -0.921561596 0.00392153871 0.388212372
vn -0.999992311 -0.00392153847 -0
vn -0.999992311 -0.00392153847 -0
vn -0.999992311 -0.00392153847 -0
vn -0.999992311 -0.00392153847 -0
vn -0.999992311 -0.00392153847 -0
vn -0.999992311 -0.00392153847 -0
vn -0.999992311 -0.00392153847 -0
vn -0.999992311 -0.00392153847 -0
vn -0.999992311 -0.00392153847 -0
vn -0.999992311 -0.00392153847 -0
vn -0.999992311 -0.00392153847 -0
vn -0.999992311 -0.00392153847 -0
vn -0.999992311 -0.00392153847 -0
vn -0.999992311 -0.00392153847 -0
vn -0.999992311 -0.00392153847 -0
vn -0.999992311 -0.00392153847 -0
vn -0.999992311 -0.00392153847 -0
vn -0.999992311 -0.00392153847 -0
vn -0.999992311 -0.00392153847 -0
vn -0.999992311 -0.00392153847 -0
vn -0.050914272 0.998703027 -0
vn -0.058722022 0.998274373 -0
vn -0.058722022 0.998274373 -0
vn -0.0352721557 0.999377744 -0
vn -0.0352721557 0.999377744 -0
vn -0.0117638918 0.999930803 -0
vn -0.00392153847 0.999992311 -0
vn 0.00392153847 0.999992311 -0
vn -0.309801558 -0.00392153871 0.950793151
vn -0.309801558 -0.00392153871 0.950793151
vn -0.309801558 -0.00392153871 0.950793151
vn -0.309801558 -0.00392153871 0.950793151
vn -0.309801558 0.00392153871 -0.950793151
vn -0.309801558 0.00392153871 -0.950793151
vn -0.309801558 0.00392153871 -0.950793151
vn -0.309801558 0.00392153871 -0.950793151
vn -0.301958481 -0.952933906 0.0271670136
vn -0.301958481 -0.952933906 0.0271670136
vn -0.301958481 -0.952933906 0.0271670136
vn -0.301958481 -0.952933906 0.0271670136
vn -0.301958481 0.952933906 0.0271670136
vn -0.301958481 0.952933906 0.0271670136
vn -0.301958481 0.952933906 0.0271670136
vn -0.301958481 0.952933906 0.0271670136
vn 0.160783087 -0.00392153871 -0.986981976
vn 0.160783087 -0.00392153871 -0.986981976
vn 0.937247751 -0.00392153871 -0.348642043
vn 0.937247751 -0.00392153871 -0.348642043
vn 0.772543126 0.00392153871 0.634950188
vn 0.772543126 0.00392153871 0.634950188
vn -0.160783087 0.00392153871 0.986981976
vn 0.772543126 0.00392153871 0.634950188
vn 0.772543126 0.00392153871 0.634950188
vn -0.160783087 0.00392153871 0.986981976
vn -0.937247751 -0.00392153871 0.348642043
vn -0.937247751 -0.00392153871 0.348642043
vn -0.772543126 0.00392153871 -0.634950188
vn -0.772543126 0.00392153871 -0.634950188
vn 0.160783087 -0.00392153871 -0.986981976
vn 0.160783087 -0.00392153871 -0.986981976
vn -0.00392153847 0.999992311 -0
vn -0.00392153847 0.999992311 -0
vn -0.00392153847 0.999992311 -0
vn -0.00392153847 0.999992311 -0
vn -0.00392153847 0.999992311 -0
vn -0.00392153847 0.999992311 -0
vn -0.00392153847 0.999992311 -0
vn -0.00392153847 0.999992311 -0
vn -0.00392153847 0.999992311 -0
vn -0.00392153847 0.999992311 -0
vn -0.00392153847 0.999992311 -0
vn -0.00392153847 0.999992311 -0
vn -0.00392153847 0.999992311 -0
vn -0.00392153847 0.999992311 -0
vn -0.772543126 0.00392153871 -0.634950188
vn 0.160783087 0.00392153871 -0.986981976
vn 0.160783087 0.00392153871 -0.986981976
vn -0.772543126 0.00392153871 -0.634950188
vn -0.937247751 0.00392153871 0.348642043
vn -0.937247751 0.00392153871 0.348642043
vn -0.160783087 0.00392153871 0.986981976
vn -0.160783087 0.00392153871 0.986981976
vn 0.772543126 0.00392153871 0.634950188
vn 0.772543126 0.00392153871 0.634950188
vn -0.00392153847 0.999992311 -0
vn -0.00392153847 0.999992311 -0
vn -0.00392153847 0.999992311 -0
vn -0.00392153847 0.999992311 -0
vn -0.00392153847 0.999992311 -0
vn -0.00392153847 0.999992311 -0
vn -0.00392153847 0.999992311 -0
vn -0.00392153847 0.999992311 -0
vn -0.00392153847 0.999992311 -0
vn -0.00392153847 0.999992311 -0
vn -0.00392153847 0.999992311 -0
vn -0.00392153847 0.999992311 -0
vn -0.00392153847 0.999992311 -0
vn -0.00392153847 0.999992311 -0
vn 0.937247751 0.00392153871 -0.348642043
vn 0.772543126 0.00392153871 0.634950188
vn 0.772543126 0.00392153871 0.634950188
vn 0.937247751 0.00392153871 -0.348642043
vn 0.160783087 0.00392153871 -0.986981976
vn 0.160783087 0.00392153871 -0.986981976
vn 0.160783087 0.0196076935 -0.986794982
vn 0.160783087 0.0196076935 -0.986794982
vn -0.772543126 0.0196076935 -0.634659482
vn -0.772543126 0.0196076935 -0.634659482
vn -0.937247751 0.0196076935 0.348112325
vn -0.937247751 0.0196076935 0.348112325
vn -0.160783087 0.0196076935 0.986794982
vn -0.160783087 0.0196076935 0.986794982
vn 0.772543126 0.0196076935 0.634659482
vn 0.772543126 0.0196076935 0.634659482
vn 0.937247751 0.0196076935 -0.348112325
vn 0.160783087 0.0196076935 -0.986794982
vn 0.160783087 0.0196076935 -0.986794982
vn 0.937247751 0.0196076935 -0.348112325
vn 0.772543126 0.0196076935 0.634659482
vn 0.772543126 0.0196076935 0.634659482
vn 0.999377744 -0.0352721557 -0
vn 0.999377744 -0.0352721557 -0
vn 0.999377744 -0.0352721557 -0
vn 0.999377744 -0.0352721557 -0
vn -0.00392153871 -0.0352938484 0.999369284
vn -0.00392153871 -0.0352938484 0.999369284
vn -0.00392153871 -0.0352938484 0.999369284
vn -0.00392153871 -0.0352938484 0.999369284
vn -0.00392153871 -0.0352938484 0.999369284
vn -0.00392153871 -0.0352938484 0.999369284
vn -0.00392153871 -0.0352938484 0.999369284
vn 0.00392153871 -0.0352938484 0.999369284
vn -0.00392153871 -0.913718519 0.406328795
vn -0.00392153871 -0.952933906 -0.303152754
vn -0.00392153871 -0.952933906 -0.303152754
vn -0.00392153871 -0.913718519 0.406328795
vn -0.00392153871 -0.419604642 0.9076985
vn -0.00392153871 -0.419604642 0.9076985
vn 0.00392153871 0.270586171 0.962687772
vn 0.00392153871 0.270586171 0.962687772
vn -0.00392153871 0.905875442 0.423526039
vn -0.00392153871 0.905875442 0.423526039
vn 0.00392153871 0.913718519 -0.406328795
vn 0.00392153871 0.913718519 -0.406328795
vn 0.00392153871 0.301958481 -0.953313011
vn 0.00392153871 0.301958481 -0.953313011
vn -0.00392153871 -0.521564648 -0.853202754
vn -0.00392153871 -0.521564648 -0.853202754
vn -0.00392153871 -0.952933906 -0.303152754
vn -0.00392153871 -0.952933906 -0.303152754
vn -0.999992311 0.00392153847 -0
vn -0.999992311 0.00392153847 -0
vn -0.999992311 0.00392153847 -0
vn -0.999992311 0.00392153847 -0
vn -0.999992311 0.00392153847 -0
vn -0.999992311 0.00392153847 -0
vn -0.999992311 0.00392153847 -0
vn -0.999992311 0.00392153847 -0
vn -0.521564648 -0.0431369258 0.852120604
vn -0.521564648 -0.0431369258 0.852120604
vn -0.278429248 -0.0352938484 0.959808053
vn -0.262743093 -0.0431369258 0.96390107
vn 0.00392153871 -0.0352938484 0.999369284
vn 0.0117646161 -0.0352938484 0.999307729
vn 0.00392153871 -0.0352938484 0.999369284
vn -0.00392153871 -0.027450771 0.999615464
vn -0.00392153871 -0.0352938484 0.999369284
vn 0.00392153871 -0.0196076935 0.99980006
vn -0.00392153871 -0.0352938484 0.999369284
vn -0.00392153871 -0.027450771 0.999615464
vn 0.278429248 -0.0352938484 0.959808053
vn -0.00392153871 -0.0352938484 0.999369284
vn 0.00392153871 -0.0196076935 0.99980006
vn -0.00392153871 -0.027450771 0.999615464
vn -0.00392153871 -0.027450771 0.999615464
vn -0.0117646161 -0.0352938484 0.999307729
vn -0.00392153871 -0.0352938484 0.999369284
vn 0.262743093 -0.0431369258 0.96390107
vn -0.00392153871 -0.0352938484 0.999369284
vn -0.00392153871 -0.027450771 0.999615464
vn -0.00392153871 -0.027450771 0.999615464
vn 0.00392153871 -0.027450771 0.999615464
vn 0.00392153871 -0.027450771 0.999615464
vn -0.00392153871 -0.0352938484 0.999369284
vn 0.521564648 -0.0431369258 0.852120604
vn 0.521564648 -0.0431369258 0.852120604
vn 0.568623113 -0.0431369258 -0.821466348
vn 0.568623113 -0.0431369258 -0.821466348
vn 0.301958481 -0.0431369258 -0.952344623
vn 0.294115403 -0.0431369258 -0.954795965
vn -0.325487713 -0.0431369258 -0.944561779
vn -0.317644635 -0.0431369258 -0.947228109
vn -0.6078385 -0.0431369258 -0.792888116
vn -0.6078385 -0.0431369258 -0.792888116
vn 0.960776984 -0.0823523129 0.264812546
vn 0.474506184 -0.0745092355 0.877093071
vn 0.505878493 -0.0745092355 0.859380779
vn 0.976463138 -0.0823523129 0.199343513
vn 0.866660055 -0.066666158 -0.494424891
vn 0.835287745 -0.066666158 -0.545756362
vn 0.286272326 -0.0588230806 -0.956340944
vn 0.262743093 -0.0588230806 -0.963071084
vn -0.450976951 -0.0588230806 -0.890595101
vn -0.419604642 -0.0588230806 -0.905798979
vn -0.945090829 -0.0823523129 -0.316261636
vn -0.921561596 -0.0823523129 -0.379397312
vn -0.874503132 -0.0901953903 0.476559612
vn -0.905875442 -0.0901953903 0.413829042
vn -0.278429248 -0.0745092355 0.957562284
vn -0.309801558 -0.0745092355 0.947877296
vn 0.474506184 -0.0745092355 0.877093071
vn 0.505878493 -0.0745092355 0.859380779
vn 0.00392153871 0.952933906 0.303152754
vn 0.00392153871 0.952933906 0.303152754
vn 0.00392153871 0.952933906 0.303152754
vn 0.00392153871 0.952933906 0.303152754
vn 0.00392153871 0.952933906 0.303152754
vn 0.00392153871 0.952933906 0.303152754
vn 0.00392153871 0.945090829 0.326784252
vn 0.00392153871 0.945090829 0.326784252
vn 0.309801558 -0.317644635 -0.89617235
vn -0.952933906 -0.286272326 -0.0998254784
vn 0.450976951 -0.262743093 -0.852986434
vn -0.898032364 -0.349016945 -0.267815319
vn -0.1215677 0.372546177 0.920016652
vn -0.317644635 0.309801558 0.89617235
vn 0.8509739 0.380389255 0.362142841
vn 0.937247751 0.309801558 0.159967645
vn 0.450976951 -0.262743093 -0.852986434
vn 0.309801558 -0.317644635 -0.89617235
vn 0.00392153871 0.00392153871 0.999984621
vn 0.00392153871 0.00392153871 0.999984621
vn 0.00392153871 0.00392153871 0.999984621
vn 0.00392153871 0.00392153871 0.999984621
vn 0.00392153871 0.027450771 0.999615464
vn 0.00392153871 0.027450771 0.999615464
vn 0.00392153871 0.027450771 0.999615464
vn 0.00392153871 0.027450771 0.999615464
vn 0.999377744 0.0352721557 -0
vn 0.999377744 0.0352721557 -0
vn 0.999377744 0.0352721557 -0
vn 0.999377744 0.0352721557 -0
vn -0.00392153871 0.992149293 0.124997606
vn -0.00392153871 0.992149293 0.124997606
vn -0.00392153871 0.992149293 0.124997606
vn -0.00392153871 0.992149293 0.124997606
vn 0.113724623 0.992149293 -0.0520239392
vn 0.113724623 0.992149293 -0.0520239392
vn 0.113724623 0.992149293 -0.0520239392
vn 0.113724623 0.992149293 -0.0520239392
vn -0.999807822 -0.0196040749 -0
vn -0.999807822 -0.0196040749 -0
vn -0.999377744 -0.0352721557 -0
vn -0.999807822 -0.0196040749 -0
vn -0.999070885 -0.0430971754 -0
vn -0.999807822 -0.0196040749 -0
vn -0.999992311 0.00392153847 -0
vn -0.999930803 -0.0117638918 -0
vn -0.999992311 0.00392153847 -0
vn -0.999807822 -0.0196040749 -0
vn -0.999930803 -0.0117638918 -0
vn -0.999807822 -0.0196040749 -0
vn -0.999377744 -0.0352721557 -0
vn -0.999807822 -0.0196040749 -0
vn -0.999377744 -0.0352721557 -0
vn -0.999807822 -0.0196040749 -0
vn -0.999930803 0.0117638918 -0
vn -0.999807822 -0.0196040749 -0
vn -0.999930803 0.0117638918 -0
vn -0.999807822 -0.0196040749 -0
vn -0.00392153871 0.984306216 0.176425325
vn -0.00392153871 0.717641584 0.696401593
vn -0.00392153871 0.733327738 0.679863993
vn -0.00392153871 0.984306216 0.176425325
vn -0.00392153871 0.992149293 -0.124997606
vn -0.00392153871 0.992149293 -0.124997606
vn -0.00392153871 0.717641584 -0.696401593
vn -0.00392153871 0.725484661 -0.688227163
vn -0.00392153871 0.192155397 -0.981356676
vn -0.00392153871 0.717641584 -0.696401593
vn -0.00392153871 0.725484661 -0.688227163
vn -0.00392153871 0.199998474 -0.979788361
vn -0.00392153871 -0.129410777 -0.991583316
vn -0.00392153871 -0.1215677 -0.992575396
vn -0.00392153871 -0.709798506 -0.704393854
vn -0.00392153871 -0.701955429 -0.71221008
vn -0.00392153871 -0.992149293 -0.124997606
vn -0.00392153871 -0.992149293 -0.124997606
vn 0.00392153871 -0.984306216 0.176425325
vn 0.00392153871 -0.984306216 0.176425325
vn 0.00392153871 -0.678426197 0.734658096
vn 0.00392153871 -0.670583119 0.741824037
vn 0.00392153871 -0.105881545 0.994371017
vn 0.00392153871 -0.678426197 0.734658096
vn 0.00392153871 -0.670583119 0.741824037
vn 0.00392153871 -0.0980384677 0.995174899
vn 0.00392153871 0.207841552 0.978154646
vn 0.00392153871 0.215684629 0.976455202
vn -0.00392153871 0.717641584 0.696401593
vn -0.00392153871 0.733327738 0.679863993
vn 0.207841552 -0.976463138 -0.0576335743
vn 0.780386203 -0.623524655 0.0470571923
vn 0.811608702 -0.584201433 -0
vn 0.184052092 -0.982916491 -0
vn -0.473632911 -0.880722355 -0
vn -0.473632911 -0.880722355 -0
vn -0.952933906 -0.294115403 0.0735737741
vn -0.952933906 -0.294115403 0.0735737741
vn -0.843130822 0.537250803 0.022180874
vn -0.858183677 0.513342747 -0
vn -0.239213861 0.968620061 0.0674678157
vn -0.215684616 0.97646308 -0
vn 0.575299505 0.817942834 -0
vn 0.57646619 0.811758513 0.0934604133
vn 0.992149293 0.113724623 0.0520239392
vn 0.992149293 0.0980384677 0.0776417341
vn 0.811608702 -0.584201433 -0
vn 0.780386203 -0.623524655 0.0470571923
vn -0.0117646161 0.00392153871 0.999923105
vn -0.027450771 -0.0117646161 0.999553925
vn -0.027450771 -0.0117646161 0.999553925
vn -0.0117646161 0.00392153871 0.999923105
vn -0.0196076935 0.0117646161 0.999738532
vn -0.0196076935 0.0196076935 0.999615464
vn -0.0352938484 0.0352938484 0.998753567
vn -0.0352938484 0.0352938484 0.998753567
vn -0.00392153871 -0.00392153871 -0.999984621
vn -0.0196076935 -0.00392153871 -0.99980006
vn -0.0196076935 -0.00392153871 -0.99980006
vn -0.00392153871 -0.00392153871 -0.999984621
vn 0.00392153871 -0.00392153871 -0.999984621
vn 0.00392153871 -0.00392153871 -0.999984621
vn -0.00392153871 -0.00392153871 -0.999984621
vn -0.00392153871 -0.00392153871 -0.999984621
vn -0.199998474 -0.976463138 -0.0807486828
vn 0.521564648 -0.8509739 0.0617554839
vn 0.568623113 -0.81960159 0.0701497636
vn -0.223143683 -0.974785564 -0
vn -0.788083812 -0.615567953 -0
vn -0.788083812 -0.615567953 -0
vn -0.992149293 0.113724623 0.0520239392
vn -0.992149293 0.113724623 0.0520239392
vn -0.560780035 0.827444667 0.0293440684
vn -0.584201433 0.811608702 -0
vn 0.168626164 0.984306216 0.0520239392
vn 0.191602233 0.981472661 -0
vn 0.858183677 0.513342747 -0
vn 0.858183677 0.513342747 -0
vn 0.97305722 -0.230563759 -0
vn 0.968620061 -0.239213861 0.0674678157
vn 0.568623113 -0.81960159 0.0701497636
vn 0.521564648 -0.8509739 0.0617554839
vn -0.0117646161 0.00392153871 0.999923105
vn -0.027450771 0.00392153871 0.999615464
vn -0.027450771 0.00392153871 0.999615464
vn -0.0117646161 0.00392153871 0.999923105
vn -0.0117646161 0.0196076935 0.999738532
vn -0.0117646161 0.0196076935 0.999738532
vn -0.0196076935 0.0431369258 0.998876741
vn -0.0196076935 0.0431369258 0.998876741
vn -0.00392153871 -0.00392153871 -0.999984621
vn -0.027450771 0.00392153871 -0.999615464
vn -0.027450771 0.00392153871 -0.999615464
vn -0.00392153871 -0.00392153871 -0.999984621
vn 0.00392153871 -0.00392153871 -0.999984621
vn 0.00392153871 -0.00392153871 -0.999984621
vn -0.00392153871 -0.00392153871 -0.999984621
vn -0.00392153871 -0.00392153871 -0.999984621
vn -0.911701732 -0.410852712 -0
vn -0.388232309 -0.921561541 -0
vn -0.332615423 -0.943062554 -0
vn -0.921561541 -0.388232309 -0
vn -0.960481557 0.278343635 -0
vn -0.960481557 0.278343635 -0
vn -0.490192339 0.866660055 0.0927998984
vn -0.488960668 0.872305832 -0
vn 0.348973993 0.937132409 -0
vn 0.317644635 0.945090829 0.0768453717
vn 0.898032364 0.435290797 0.0637165226
vn 0.905875442 0.419604642 0.0576335743
vn 0.921561541 -0.388232309 -0
vn 0.913718519 -0.39607541 0.0907895256
vn 0.380389255 -0.921561596 0.0776417341
vn 0.372065834 -0.928206343 -0
vn -0.332615423 -0.943062554 -0
vn -0.388232309 -0.921561541 -0
vn -0.00392153871 -0.0117646161 0.999923105
vn -0.0117646161 -0.00392153871 0.999923105
vn -0.0117646161 -0.00392153871 0.999923105
vn -0.00392153871 -0.0117646161 0.999923105
vn 0.0117646161 -0.00392153871 0.999923105
vn 0.0117646161 -0.00392153871 0.999923105
vn 0.0196076935 0.0117646161 0.999738532
vn 0.0196076935 0.0117646161 0.999738532
vn -0.0117646161 0.027450771 -0.999553925
vn -0.0117646161 0.0431369258 -0.9989999
vn -0.0117646161 0.0431369258 -0.9989999
vn -0.0117646161 0.027450771 -0.999553925
vn -0.00392153871 0.0196076935 -0.99980006
vn -0.00392153871 0.0196076935 -0.99980006
vn -0.00392153871 0.027450771 -0.999615464
vn -0.00392153871 0.027450771 -0.999615464
vn -0.967074537 0.254493299 -0
vn -0.513342747 0.858183677 -0
vn -0.505878493 0.858816977 -0.0807486828
vn -0.968620061 0.239213861 -0.0674678157
vn -0.928206343 -0.372065834 -0
vn -0.928206343 -0.372065834 -0
vn -0.410852712 -0.911701732 -0
vn -0.419604642 -0.905875442 0.0576335743
vn 0.498035416 -0.866660055 0.0293440684
vn 0.498035416 -0.866660055 0.0293440684
vn 0.968620061 -0.247056939 0.0271670136
vn 0.967074537 -0.254493299 -0
vn 0.929404674 0.3647031 0.056556177
vn 0.928206343 0.372065834 -0
vn 0.380389255 0.921561596 -0.0776417341
vn 0.410852712 0.911701732 -0
vn -0.505878493 0.858816977 -0.0807486828
vn -0.513342747 0.858183677 -0
vn -0.00392153871 -0.0196076935 0.99980006
vn -0.00392153871 -0.0509800032 0.998691975
vn -0.00392153871 -0.0509800032 0.998691975
vn -0.00392153871 -0.0196076935 0.99980006
vn -0.00392153871 -0.00392153871 0.999984621
vn -0.00392153871 -0.00392153871 0.999984621
vn 0.00392153871 0.00392153871 0.999984621
vn 0.00392153871 0.00392153871 0.999984621
vn -0.00392153871 0.0431369258 -0.999061473
vn -0.0196076935 0.0980384677 -0.994989446
vn -0.0196076935 0.0980384677 -0.994989446
vn -0.00392153871 0.0352938484 -0.999369284
vn 0.00392153871 -0.0196076935 -0.99980006
vn 0.00392153871 -0.0196076935 -0.99980006
vn 0.0117646161 -0.0509800032 -0.998630379
vn 0.0117646161 -0.0509800032 -0.998630379
vn 0.943062554 0.332615423 -0
vn 0.482349261 0.874503132 0.0508277732
vn 0.466663106 0.882346209 0.060751231
vn 0.943062554 0.332615423 -0
vn 0.937247751 -0.341173868 -0.071882159
vn 0.968620061 -0.231370784 -0.0907895256
vn 0.505878493 -0.843130822 -0.182256321
vn 0.435290797 -0.882346209 -0.178849348
vn -0.482349261 -0.8509739 -0.207804265
vn -0.54509388 -0.811758513 -0.209572848
vn -0.97646308 -0.215684616 -0
vn -0.967074537 -0.254493299 -0
vn -0.937247751 0.341173868 0.071882159
vn -0.929404674 0.3647031 0.056556177
vn -0.349016945 0.929404674 0.119975515
vn -0.3647031 0.929404674 0.056556177
vn 0.466663106 0.882346209 0.060751231
vn 0.482349261 0.874503132 0.0508277732
vn -0.0196076935 0.00392153871 0.99980006
vn -0.0352938484 0.00392153871 0.999369284
vn -0.0352938484 0.00392153871 0.999369284
vn -0.0196076935 0.00392153871 0.99980006
vn -0.00392153871 -0.0196076935 0.99980006
vn -0.00392153871 -0.027450771 0.999615464
vn 0.00392153871 -0.066666158 0.997767631
vn 0.00392153871 -0.066666158 0.997767631
vn 0.00392153871 0.0588230806 -0.998260721
vn -0.00392153871 0.168626164 -0.985672277
vn -0.00392153871 0.168626164 -0.985672277
vn 0.00392153871 0.066666158 -0.997767631
vn 0.027450771 -0.0431369258 -0.998691975
vn 0.027450771 -0.0431369258 -0.998691975
vn 0.0588230806 -0.105881545 -0.992637368
vn 0.0588230806 -0.105881545 -0.992637368
vn -0.756856971 -0.349016945 -0.552589086
vn -0.968620061 -0.176469242 -0.175025096
vn -0.764700048 -0.474506184 -0.435979034
vn -0.952933906 -0.027450771 -0.301932817
vn -0.976463138 0.160783087 0.143765567
vn -0.552936958 -0.113724623 -0.825425606
vn -0.952933906 0.301958481 -0.0271670136
vn -0.694112351 0.301958481 -0.653474651
vn -0.694112351 0.623524655 -0.35975693
vn -0.176469242 0.0117646161 -0.984235846
vn -0.215684629 0.803915435 -0.554256361
vn -0.207841552 0.474506184 -0.855362947
vn 0.176469242 0.0117646161 -0.984235846
vn 0.207841552 0.474506184 -0.855362947
vn 0.215684629 0.803915435 -0.554256361
vn 0.552936958 -0.113724623 -0.825425606
vn 0.694112351 0.301958481 -0.653474651
vn 0.694112351 0.623524655 -0.35975693
vn 0.756856971 -0.349016945 -0.552589086
vn 0.952933906 0.301958481 -0.0271670136
vn 0.952933906 -0.027450771 -0.301932817
vn 0.764700048 -0.474506184 -0.435979034
vn 0.984306216 -0.137253855 -0.110917325
vn 0.976463138 0.160783087 0.143765567
vn -0.00392153871 0.00392153871 0.999984621
vn -0.00392153871 -0.00392153871 0.999984621
vn -0.00392153871 -0.00392153871 0.999984621
vn -0.00392153871 0.00392153871 0.999984621
vn 0.00392153871 0.00392153871 0.999984621
vn 0.00392153871 0.00392153871 0.999984621
vn 0.00392153871 0.00392153871 0.999984621
vn 0.00392153871 0.00392153871 0.999984621
vn -0.00392153871 -0.00392153871 -0.999984621
vn -0.00392153871 0.00392153871 -0.999984621
vn -0.00392153871 0.00392153871 -0.999984621
vn -0.00392153871 -0.00392153871 -0.999984621
vn -0.00392153871 -0.00392153871 -0.999984621
vn -0.00392153871 -0.00392153871 -0.999984621
vn -0.00392153871 -0.00392153871 -0.999984621
vn -0.00392153871 -0.00392153871 -0.999984621
vn 0.00392153871 -0.741170816 -0.67130503
vn 0.00392153871 -0.741170816 -0.67130503
vn 0.00392153871 -0.741170816 -0.67130503
vn 0.00392153871 -0.741170816 -0.67130503
vn -0.00392153871 -0.741170816 -0.67130503
vn -0.00392153871 -0.741170816 -0.67130503
vn 0.00392153871 -0.741170816 -0.67130503
vn 0.00392153871 -0.741170816 -0.67130503
vn -0.00392153871 0.741170816 0.67130503
vn -0.00392153871 0.741170816 0.67130503
vn -0.00392153871 0.741170816 0.67130503
vn -0.00392153871 0.741170816 0.67130503
vn -0.00392153871 0.741170816 0.67130503
vn -0.00392153871 0.741170816 0.67130503
vn -0.00392153871 0.741170816 0.67130503
vn -0.00392153871 0.741170816 0.67130503
vn -0.866660055 0.403918487 -0.292831361
vn -0.999623435 -0.0274406433 -0
vn -0.866660055 0.301958481 -0.397141569
vn -0.992149293 0.1215677 0.0293440684
vn -0.866660055 -0.301958481 0.397141569
vn -0.645942241 0.763386285 -0
vn -0.866660055 -0.184312319 0.463604701
vn -0.733327738 0.537250803 0.416643736
vn -0.176469242 0.976463138 0.12400946
vn -0.647053887 0.137253855 0.749988431
vn -0.192155397 0.772543126 0.60518875
vn 0.176469242 0.976463138 0.12400946
vn -0.176469242 0.356860022 0.917338286
vn 0.192155397 0.772543126 0.60518875
vn 0.645942241 0.763386285 -0
vn 0.176469242 0.356860022 0.917338286
vn 0.733327738 0.537250803 0.416643736
vn 0.866660055 0.403918487 -0.292831361
vn 0.647053887 0.137253855 0.749988431
vn 0.992149293 0.1215677 0.0293440684
vn 0.866660055 0.301958481 -0.397141569
vn 0.866660055 -0.184312319 0.463604701
vn 0.999992311 0.00392153847 -0
vn 0.866660055 -0.301958481 0.397141569
vn 0.00392153871 0.615681577 -0.78798529
vn 0.00392153871 0.615681577 -0.78798529
vn 0.00392153871 0.615681577 -0.78798529
vn 0.00392153871 0.615681577 -0.78798529
vn 0.00392153871 0.615681577 -0.78798529
vn 0.00392153871 0.615681577 -0.78798529
vn 0.00392153871 0.615681577 -0.78798529
vn 0.00392153871 0.615681577 -0.78798529
vn -0.00392153871 -0.615681577 0.78798529
vn -0.00392153871 -0.615681577 0.78798529
vn -0.00392153871 -0.615681577 0.78798529
vn -0.00392153871 -0.615681577 0.78798529
vn -0.00392153871 -0.615681577 0.78798529
vn -0.00392153871 -0.615681577 0.78798529
vn 0.00392153871 -0.615681577 0.78798529
vn 0.00392153871 -0.615681577 0.78798529
vn -0.905875442 -0.286272326 -0.312150348
vn -0.945090829 -0.325487713 0.0293440684
vn -0.905875442 -0.403918487 -0.127434454
vn -0.913718519 -0.0901953903 -0.39621113
vn -0.984306216 0.0352938484 -0.172903493
vn -0.984306216 0.027450771 0.174320764
vn -0.984306216 -0.0117646161 0.176076311
vn -0.984306216 0.0980384677 -0.146730135
vn -0.984306216 0.0901953903 0.151677504
vn -0.984306216 0.168626164 0.0520239392
vn -0.984306216 0.168626164 -0.0520239392
vn 0.905875442 -0.403918487 -0.127434454
vn 0.945090829 -0.325487713 0.0293440684
vn 0.905875442 -0.286272326 -0.312150348
vn 0.913718519 -0.0980384677 -0.394343666
vn 0.984306216 0.0352938484 -0.172903493
vn 0.984306216 0.027450771 0.174320764
vn 0.992149293 -0.0117646161 0.124504513
vn 0.984306216 0.0901953903 0.151677504
vn 0.984306216 0.0980384677 -0.146730135
vn 0.984306216 0.160783087 -0.0727328847
vn 0.984306216 0.160783087 0.0727328847
vn -0.984306216 0.027450771 0.174320764
vn -0.756856971 -0.00392153871 0.653568778
vn -0.984306216 -0.0117646161 0.176076311
vn -0.709798506 0.1215677 0.693835265
vn -0.207841552 -0.00392153871 0.978154646
vn -0.733327738 0.356860022 0.57868934
vn -0.984306216 0.0901953903 0.151677504
vn -0.199998474 0.160783087 0.96651405
vn 0.176469242 -0.00392153871 0.984298343
vn -0.207841552 0.505878493 0.837191041
vn -0.733327738 0.568623113 0.372690466
vn -0.984306216 0.168626164 0.0520239392
vn 0.176469242 0.160783087 0.971085684
vn -0.215684629 0.827444667 0.518474168
vn -0.223527706 0.968620061 0.108676318
vn -0.749013893 0.654896964 0.100439802
vn -0.749013893 0.654896964 -0.100439802
vn -0.984306216 0.168626164 -0.0520239392
vn 0.199998474 0.505878493 0.839099255
vn 0.701955429 0.1215677 0.7017691
vn 0.741170816 -0.00392153871 0.67130503
vn 0.984306216 0.027450771 0.174320764
vn 0.992149293 -0.0117646161 0.124504513
vn 0.984306216 0.0901953903 0.151677504
vn 0.725484661 0.349016945 0.59317719
vn 0.984306216 0.160783087 0.0727328847
vn 0.215684629 0.827444667 0.518474168
vn 0.733327738 0.568623113 0.372690466
vn 0.749013893 0.654896964 0.100439802
vn 0.215684629 0.968620061 0.123512422
vn 0.215684629 0.968620061 -0.123512422
vn 0.749013893 0.654896964 -0.100439802
vn 0.984306216 0.160783087 -0.0727328847
vn 0.733327738 0.584309268 -0.3475818
vn 0.984306216 0.0980384677 -0.146730135
vn 0.733327738 0.380389255 -0.563501946
vn 0.984306216 0.0352938484 -0.172903493
vn -0.223527706 0.968620061 -0.108676318
vn 0.215684629 0.8509739 -0.478877399
vn -0.215684629 0.8509739 -0.478877399
vn 0.725484661 0.1215677 -0.677416638
vn 0.913718519 -0.0980384677 -0.394343666
vn -0.733327738 0.584309268 -0.3475818
vn -0.215684629 0.54509388 -0.810156036
vn 0.215684629 0.552936958 -0.804823497
vn -0.725484661 0.380389255 -0.573564313
vn -0.984306216 0.0980384677 -0.146730135
vn 0.372546177 -0.192155397 -0.907901784
vn 0.905875442 -0.286272326 -0.312150348
vn -0.215684629 0.176469242 -0.960384687
vn -0.725484661 0.129410777 -0.675962172
vn -0.984306216 0.0352938484 -0.172903493
vn -0.913718519 -0.0901953903 -0.39621113
vn 0.215684629 0.176469242 -0.960384687
vn -0.372546177 -0.192155397 -0.907901784
vn -0.372546177 -0.615681577 -0.694367008
vn -0.905875442 -0.286272326 -0.312150348
vn 0.372546177 -0.615681577 -0.694367008
vn 0.905875442 -0.403918487 -0.127434454
vn -0.372546177 -0.898032364 -0.233981236
vn -0.905875442 -0.403918487 -0.127434454
vn 0.372546177 -0.898032364 -0.233981236
vn -0.394862771 -0.918740111 -0
vn -0.945090829 -0.325487713 0.0293440684
vn 0.394862771 -0.918740111 -0
vn 0.945090829 -0.325487713 0.0293440684
vn 0.756856971 -0.349016945 -0.552589086
vn 0.764700048 -0.474506184 -0.435979034
vn 0.968620061 -0.176469242 -0.175025096
vn 0.952933906 -0.027450771 -0.301932817
vn 0.976463138 0.160783087 0.143765567
vn 0.552936958 -0.113724623 -0.825425606
vn 0.952933906 0.301958481 -0.0271670136
vn 0.694112351 0.301958481 -0.653474651
vn 0.694112351 0.623524655 -0.35975693
vn 0.176469242 0.0117646161 -0.984235846
vn 0.215684629 0.803915435 -0.554256361
vn 0.207841552 0.474506184 -0.855362947
vn -0.176469242 0.0117646161 -0.984235846
vn -0.207841552 0.474506184 -0.855362947
vn -0.215684629 0.803915435 -0.554256361
vn -0.552936958 -0.113724623 -0.825425606
vn -0.694112351 0.301958481 -0.653474651
vn -0.694112351 0.623524655 -0.35975693
vn -0.756856971 -0.349016945 -0.552589086
vn -0.952933906 0.301958481 -0.0271670136
vn -0.952933906 -0.027450771 -0.301932817
vn -0.764700048 -0.474506184 -0.435979034
vn -0.984306216 -0.137253855 -0.110917325
vn -0.976463138 0.160783087 0.143765567
vn -0.00392153871 0.00392153871 0.999984621
vn -0.00392153871 -0.00392153871 0.999984621
vn -0.00392153871 -0.00392153871 0.999984621
vn -0.00392153871 0.00392153871 0.999984621
vn -0.00392153871 0.00392153871 0.999984621
vn -0.00392153871 0.00392153871 0.999984621
vn -0.00392153871 0.00392153871 0.999984621
vn -0.00392153871 0.00392153871 0.999984621
vn 0.00392153871 -0.00392153871 -0.999984621
vn 0.00392153871 0.00392153871 -0.999984621
vn 0.00392153871 0.00392153871 -0.999984621
vn 0.00392153871 -0.00392153871 -0.999984621
vn 0.00392153871 -0.00392153871 -0.999984621
vn 0.00392153871 -0.00392153871 -0.999984621
vn 0.00392153871 -0.00392153871 -0.999984621
vn 0.00392153871 -0.00392153871 -0.999984621
vn -0.00392153871 -0.741170816 -0.67130503
vn -0.00392153871 -0.741170816 -0.67130503
vn 0.00392153871 -0.741170816 -0.67130503
vn 0.00392153871 -0.741170816 -0.67130503
vn 0.00392153871 -0.741170816 -0.67130503
vn 0.00392153871 -0.741170816 -0.67130503
vn 0.00392153871 -0.741170816 -0.67130503
vn 0.00392153871 -0.741170816 -0.67130503
vn 0.00392153871 0.741170816 0.67130503
vn 0.00392153871 0.741170816 0.67130503
vn 0.00392153871 0.741170816 0.67130503
vn 0.00392153871 0.741170816 0.67130503
vn 0.00392153871 0.741170816 0.67130503
vn 0.00392153871 0.741170816 0.67130503
vn 0.00392153871 0.741170816 0.67130503
vn 0.00392153871 0.741170816 0.67130503
vn 0.866660055 0.403918487 -0.292831361
vn 0.866660055 0.301958481 -0.397141569
vn 0.999623435 -0.0274406433 -0
vn 0.992149293 0.1215677 0.0293440684
vn 0.866660055 -0.301958481 0.397141569
vn 0.645942241 0.763386285 -0
vn 0.866660055 -0.184312319 0.463604701
vn 0.733327738 0.537250803 0.416643736
vn 0.176469242 0.976463138 0.12400946
vn 0.647053887 0.137253855 0.749988431
vn 0.192155397 0.772543126 0.60518875
vn -0.176469242 0.976463138 0.12400946
vn 0.176469242 0.356860022 0.917338286
vn -0.192155397 0.772543126 0.60518875
vn -0.645942241 0.763386285 -0
vn -0.176469242 0.356860022 0.917338286
vn -0.733327738 0.537250803 0.416643736
vn -0.866660055 0.403918487 -0.292831361
vn -0.647053887 0.137253855 0.749988431
vn -0.992149293 0.1215677 0.0293440684
vn -0.866660055 0.301958481 -0.397141569
vn -0.866660055 -0.184312319 0.463604701
vn -0.999992311 0.00392153847 -0
vn -0.866660055 -0.301958481 0.397141569
vn -0.00392153871 0.615681577 -0.78798529
vn -0.00392153871 0.615681577 -0.78798529
vn -0.00392153871 0.615681577 -0.78798529
vn -0.00392153871 0.615681577 -0.78798529
vn -0.00392153871 0.615681577 -0.78798529
vn -0.00392153871 0.615681577 -0.78798529
vn -0.00392153871 0.615681577 -0.78798529
vn -0.00392153871 0.615681577 -0.78798529
vn 0.00392153871 -0.615681577 0.78798529
vn 0.00392153871 -0.615681577 0.78798529
vn 0.00392153871 -0.615681577 0.78798529
vn 0.00392153871 -0.615681577 0.78798529
vn -0.00392153871 -0.615681577 0.78798529
vn -0.00392153871 -0.615681577 0.78798529
vn -0.00392153871 -0.615681577 0.78798529
vn -0.00392153871 -0.615681577 0.78798529
vn 0.905875442 -0.286272326 -0.312150348
vn 0.905875442 -0.403918487 -0.127434454
vn 0.945090829 -0.325487713 0.0293440684
vn 0.913718519 -0.0901953903 -0.39621113
vn 0.984306216 0.0352938484 -0.172903493
vn 0.984306216 0.027450771 0.174320764
vn 0.984306216 -0.0117646161 0.176076311
vn 0.984306216 0.0980384677 -0.146730135
vn 0.984306216 0.0901953903 0.151677504
vn 0.984306216 0.168626164 0.0520239392
vn 0.984306216 0.168626164 -0.0520239392
vn -0.905875442 -0.403918487 -0.127434454
vn -0.905875442 -0.286272326 -0.312150348
vn -0.945090829 -0.325487713 0.0293440684
vn -0.913718519 -0.0980384677 -0.394343666
vn -0.984306216 0.0352938484 -0.172903493
vn -0.984306216 0.027450771 0.174320764
vn -0.992149293 -0.0117646161 0.124504513
vn -0.984306216 0.0901953903 0.151677504
vn -0.984306216 0.0980384677 -0.146730135
vn -0.984306216 0.160783087 -0.0727328847
vn -0.984306216 0.160783087 0.0727328847
vn 0.984306216 0.027450771 0.174320764
vn 0.984306216 -0.0117646161 0.176076311
vn 0.756856971 -0.00392153871 0.653568778
vn 0.709798506 0.1215677 0.693835265
vn 0.207841552 -0.00392153871 0.978154646
vn 0.733327738 0.356860022 0.57868934
vn 0.984306216 0.0901953903 0.151677504
vn 0.199998474 0.160783087 0.96651405
vn -0.176469242 -0.00392153871 0.984298343
vn 0.207841552 0.505878493 0.837191041
vn 0.733327738 0.568623113 0.372690466
vn 0.984306216 0.168626164 0.0520239392
vn -0.176469242 0.160783087 0.971085684
vn 0.215684629 0.827444667 0.518474168
vn 0.223527706 0.968620061 0.108676318
vn 0.749013893 0.654896964 0.100439802
vn 0.749013893 0.654896964 -0.100439802
vn 0.984306216 0.168626164 -0.0520239392
vn -0.199998474 0.505878493 0.839099255
vn -0.701955429 0.1215677 0.7017691
vn -0.741170816 -0.00392153871 0.67130503
vn -0.984306216 0.027450771 0.174320764
vn -0.992149293 -0.0117646161 0.124504513
vn -0.984306216 0.0901953903 0.151677504
vn -0.725484661 0.349016945 0.59317719
vn -0.984306216 0.160783087 0.0727328847
vn -0.215684629 0.827444667 0.518474168
vn -0.733327738 0.568623113 0.372690466
vn -0.749013893 0.654896964 0.100439802
vn -0.215684629 0.968620061 0.123512422
vn -0.215684629 0.968620061 -0.123512422
vn -0.749013893 0.654896964 -0.100439802
vn -0.984306216 0.160783087 -0.0727328847
vn -0.733327738 0.584309268 -0.3475818
vn -0.984306216 0.0980384677 -0.146730135
vn -0.733327738 0.380389255 -0.563501946
vn -0.984306216 0.0352938484 -0.172903493
vn 0.223527706 0.968620061 -0.108676318
vn -0.215684629 0.8509739 -0.478877399
vn 0.215684629 0.8509739 -0.478877399
vn -0.725484661 0.1215677 -0.677416638
vn -0.913718519 -0.0980384677 -0.394343666
vn 0.733327738 0.584309268 -0.3475818
vn 0.215684629 0.54509388 -0.810156036
vn -0.215684629 0.552936958 -0.804823497
vn 0.725484661 0.380389255 -0.573564313
vn 0.984306216 0.0980384677 -0.146730135
vn -0.372546177 -0.192155397 -0.907901784
vn -0.905875442 -0.286272326 -0.312150348
vn 0.215684629 0.176469242 -0.960384687
vn 0.725484661 0.129410777 -0.675962172
vn 0.984306216 0.0352938484 -0.172903493
vn 0.913718519 -0.0901953903 -0.39621113
vn -0.215684629 0.176469242 -0.960384687
vn 0.372546177 -0.192155397 -0.907901784
vn 0.372546177 -0.615681577 -0.694367008
vn 0.905875442 -0.286272326 -0.312150348
vn -0.372546177 -0.615681577 -0.694367008
vn -0.905875442 -0.403918487 -0.127434454
vn 0.372546177 -0.898032364 -0.233981236
vn 0.905875442 -0.403918487 -0.127434454
vn -0.372546177 -0.898032364 -0.233981236
vn 0.394862771 -0.918740111 -0
vn 0.945090829 -0.325487713 0.0293440684
vn -0.394862771 -0.918740111 -0
vn -0.945090829 -0.325487713 0.0293440684
vn -0.662740042 -0.709798506 0.238666541
vn -0.670583119 -0.694112351 -0.261775331
vn -0.858816977 -0.380389255 -0.34312886
vn -0.662740042 -0.247056939 -0.706921853
vn -0.858816977 -0.372546177 0.351628704
vn -0.670583119 -0.239213861 0.702207241
vn -0.631367732 0.15294001 0.760252682
vn -0.882346209 0.278429248 0.379397312
vn -0.725484661 0.568623113 0.387736718
vn -0.749013893 0.631367732 -0.200880498
vn -0.882346209 0.278429248 -0.379397312
vn -0.678426197 0.168626164 -0.715054622
vn -0.890189287 0.341173868 -0.301932817
vn -0.631367732 0.411761564 -0.657135603
vn -0.466663106 0.874503132 -0.132173437
vn -0.913718519 0.231370784 0.33404495
vn -0.160783087 0.898032364 -0.409495631
vn -0.254900016 0.341173868 -0.904779738
vn 0.160783087 0.905875442 -0.391839869
vn 0.411761564 0.39607541 -0.820717177
vn 0.874503132 0.372546177 -0.310569828
vn 0.474506184 0.874503132 -0.100439802
vn 0.952933906 0.294115403 0.0735737741
vn 0.3647031 0.929404674 -0.056556177
vn -0.027450771 0.866660055 0.498143358
vn -0.560780035 0.78822928 0.253417351
vn -0.254900016 0.678426197 0.689031115
vn -0.372546177 0.129410777 0.918946242
vn 0.0117646161 0.145096932 0.989347499
vn 0.890189287 0.341173868 -0.301932817
vn 0.466663106 0.874503132 -0.132173437
vn 0.631367732 0.411761564 -0.657135603
vn 0.913718519 0.231370784 0.33404495
vn 0.160783087 0.898032364 -0.409495631
vn 0.254900016 0.341173868 -0.904779738
vn -0.160783087 0.905875442 -0.391839869
vn -0.411761564 0.39607541 -0.820717177
vn -0.874503132 0.372546177 -0.310569828
vn -0.474506184 0.874503132 -0.100439802
vn -0.952933906 0.294115403 0.0735737741
vn -0.3647031 0.929404674 -0.056556177
vn 0.027450771 0.866660055 0.498143358
vn 0.560780035 0.78822928 0.253417351
vn 0.254900016 0.678426197 0.689031115
vn 0.372546177 0.129410777 0.918946242
vn -0.0117646161 0.145096932 0.989347499
vn -0.890189287 0.341173868 0.301932817
vn -0.466663106 0.874503132 0.132173437
vn -0.631367732 0.411761564 0.657135603
vn -0.913718519 0.231370784 -0.33404495
vn -0.160783087 0.898032364 0.409495631
vn -0.254900016 0.341173868 0.904779738
vn 0.160783087 0.905875442 0.391839869
vn 0.411761564 0.39607541 0.820717177
vn 0.874503132 0.372546177 0.310569828
vn 0.474506184 0.874503132 0.100439802
vn 0.952933906 0.294115403 -0.0735737741
vn 0.3647031 0.929404674 0.056556177
vn -0.027450771 0.866660055 -0.498143358
vn -0.560780035 0.78822928 -0.253417351
vn -0.254900016 0.678426197 -0.689031115
vn -0.372546177 0.129410777 -0.918946242
vn 0.0117646161 0.145096932 -0.989347499
vn -0.15294001 0.976463138 0.15208252
vn 0.0509800032 0.890189287 -0.45272958
vn 0.262743093 0.898032364 -0.352851158
vn 0.599995422 0.341173868 -0.723606167
vn 0.145096932 0.294115403 -0.944692019
vn 0.6078385 -0.0823523129 -0.789778738
vn 0.160783087 -0.066666158 -0.984735712
vn 0.490192339 -0.599995422 -0.632231733
vn 0.137253855 -0.592152345 -0.794050993
vn 0.145096932 -0.968620061 -0.201797071
vn 0.0196076935 -0.937247751 -0.348112325
vn -0.0509800032 -0.929404674 -0.365524269
vn -0.160783087 -0.592152345 -0.789622948
vn -0.160783087 -0.960776984 -0.225956604
vn -0.490192339 -0.623524655 -0.609038978
vn -0.199998474 -0.0980384677 -0.974879002
vn -0.615681577 -0.15294001 -0.773010704
vn -0.207841552 0.294115403 -0.932897647
vn -0.6078385 0.294115403 -0.737582868
vn -0.254900016 0.898032364 -0.358558021
vn -0.066666158 0.890189287 -0.450686873
vn 0.160783087 0.976463138 0.143765567
vn 0.0823523129 0.976463138 0.199343513
vn 0.490192339 0.756856971 0.432295035
vn -0.0588230806 0.976463138 0.207508035
vn -0.176469242 0.725484661 0.665229745
vn -0.466663106 0.764700048 0.444364019
vn -0.33333079 0.560780035 0.75790259
vn 0.341173868 0.560780035 0.754404496
vn 0.199998474 0.725484661 0.658538243
vn -0.254900016 -0.960776984 -0.10924088
vn -0.160783087 -0.960776984 -0.225956604
vn -0.168626164 -0.960776984 -0.220165403
vn -0.0901953903 -0.952933906 -0.289450794
vn -0.278343635 -0.960481557 -0
vn -0.0509800032 -0.937247751 -0.344916935
vn -0.270586171 -0.960776984 0.060751231
vn -0.137034853 -0.990566226 -0
vn 0.0509800032 -0.945090829 -0.322807009
vn 0.0745092355 -0.952933906 -0.293879813
vn 0.192155397 -0.960776984 -0.199959725
vn 0.184312319 -0.960776984 -0.207211382
vn 0.262743093 -0.960776984 -0.0887336169
vn 0.286272326 -0.952933906 -0.0998254784
vn -0.066666158 -0.992149293 0.105808333
vn -0.0823523129 -0.992149293 0.0941162929
vn 0.137034853 -0.990566226 -0
vn 0.270586171 -0.960776984 0.060751231
vn 0.0823523129 -0.992149293 0.0941162929
vn 0.066666158 -0.992149293 0.105808333
vn 0.0117646161 -0.992149293 0.124504513
vn 0.0117646161 -0.992149293 0.124504513
vn -0.027450771 -0.992149293 0.12200916
vn -0.027450771 -0.992149293 0.12200916
vn -0.662740042 0.168626164 -0.729616923
vn -0.654896964 -0.145096932 -0.741658174
vn -0.960776984 -0.105881545 -0.256313648
vn -0.694112351 -0.529407726 -0.48778633
vn -0.960776984 0.0823523129 -0.264812546
vn -0.701955429 0.529407726 -0.476430515
vn -0.960776984 0.199998474 -0.192115065
vn -0.898032364 -0.137253855 0.417970396
vn -0.952933906 0.286272326 -0.0998254784
vn -0.639210809 0.764700048 -0.0815069169
vn -0.647053887 0.749013893 0.142476157
vn -0.945090829 0.309801558 0.104049605
vn -0.694112351 0.54509388 0.4701922
vn -0.952933906 -0.215684629 -0.213065979
vn -0.960776984 -0.270586171 -0.060751231
vn -0.639210809 -0.749013893 -0.174320764
vn -0.639210809 -0.756856971 0.136297715
vn -0.898032364 0.0352938484 0.438511365
vn -0.952933906 -0.294115403 0.0735737741
vn -0.694112351 -0.505878493 0.512147433
vn -0.898032364 0.33333079 0.287103565
vn -0.890189287 -0.450976951 -0.0646747476
vn -0.952933906 0.215684629 0.213065979
vn -0.888877921 -0.458144127 -0
vn -0.890189287 -0.356860022 0.283220688
vn -0.945090829 0.105881545 0.309180245
vn -0.647053887 0.215684629 0.731301175
vn -0.654896964 -0.0901953903 0.750316438
vn -0.945090829 -0.0901953903 0.314114815
vn -0.960776984 -0.199998474 0.192115065
vn -0.905875442 -0.027450771 -0.422653687
vn -0.905875442 -0.15294001 -0.394967135
vn -0.890189287 0.443133874 -0.105808333
vn -0.905875442 -0.356860022 -0.228124108
vn -0.898032364 0.294115403 -0.327160515
vn -0.896764448 0.442508221 -0
vn -0.39607541 -0.341173868 -0.852481473
vn -0.388232332 -0.725484661 -0.568284843
vn -0.39607541 0.0352938484 -0.917539435
vn -0.372546177 -0.913718519 -0.162258478
vn -0.39607541 0.592152345 -0.7017691
vn -0.372546177 0.913718519 -0.162258478
vn -0.372546177 -0.913718519 0.162258478
vn -0.372546177 0.913718519 0.162258478
vn -0.380389255 -0.694112351 0.611156329
vn -0.380389255 0.670583119 0.636884837
vn -0.380389255 -0.262743093 0.886718716
vn -0.380389255 0.145096932 0.91337336
vn -0.145096932 0.113724623 0.982859904
vn -0.560780035 0.537250803 0.629989942
vn -0.129410777 0.615681577 0.777295984
vn -0.15294001 0.952933906 0.261775331
vn -0.654896964 0.105881545 0.748264034
vn -0.15294001 -0.0980384677 0.983360469
vn -0.717641584 0.654896964 0.236855491
vn -0.184052092 0.982916491 -0
vn -0.678426197 -0.066666158 0.73163756
vn -0.984306216 -0.0196076935 0.175376201
vn -0.1215677 -0.466663106 0.876040433
vn -0.968620061 0.1215677 0.216786697
vn -0.989474726 0.14470579 -0
vn -0.631367732 -0.435290797 0.641791796
vn -0.223527706 -0.921561596 0.317426509
vn -0.882346209 -0.450976951 0.134480319
vn -0.231370784 -0.937247751 -0.260833689
vn -0.756856971 0.647053887 0.0921346483
vn -0.780386203 0.615681577 -0.10924088
vn -0.15294001 0.984306216 -0.0880376456
vn -0.568623113 0.639210809 -0.517761815
vn -0.129410777 0.749013893 -0.649793074
vn -0.129410777 0.168626164 -0.977147925
vn -0.976463138 0.0980384677 -0.192115065
vn -0.654896964 0.129410777 -0.744555449
vn -0.984306216 -0.0196076935 -0.175376201
vn -0.992149293 0.113724623 0.0520239392
vn -0.137253855 -0.0745092355 -0.987729595
vn -0.670583119 -0.0588230806 -0.739498564
vn -0.599995422 -0.435290797 -0.67121339
vn -0.105881545 -0.474506184 -0.873860962
vn -0.882346209 -0.443133874 -0.15842202
vn -0.999992311 -0.00392153847 -0
vn -0.999992311 -0.00392153847 -0
vn -0.999992311 -0.00392153847 -0
vn -0.999992311 -0.00392153847 -0
vn -0.999992311 -0.00392153847 -0
vn -0.999992311 -0.00392153847 -0
vn -0.999992311 -0.00392153847 -0
vn -0.999992311 -0.00392153847 -0
vn -0.999992311 -0.00392153847 -0
vn -0.0196076935 0.00392153871 0.99980006
vn -0.0196076935 -0.0196076935 0.999615464
vn -0.0352938484 -0.0117646161 0.999307729
vn -0.027450771 0.0117646161 0.999553925
vn -0.0117646161 0.0196076935 0.999738532
vn -0.0117646161 -0.0196076935 0.999738532
vn 0.0196076935 0.00392153871 0.99980006
vn -0.00392153871 -0.0196076935 0.99980006
vn -0.00392153871 -0.0196076935 0.99980006
vn -0.00392153871 -0.0196076935 0.99980006
vn 0.0117646161 0.0196076935 0.999738532
vn 0.027450771 0.0117646161 0.999553925
vn 0.0352938484 -0.0117646161 0.999307729
vn 0.0117646161 -0.0196076935 0.999738532
vn 0.0117646161 -0.0196076935 0.999738532
vn -0.0196076935 -0.0117646161 0.999738532
vn -0.0196076935 -0.0196076935 0.999615464
vn -0.0352938484 -0.00392153871 0.999369284
vn -0.00392153871 -0.027450771 0.999615464
vn -0.00392153871 -0.0196076935 0.99980006
vn -0.0196076935 0.0196076935 0.999615464
vn 0.0117646161 -0.0117646161 0.999861584
vn -0.0352938484 0.00392153871 0.999369284
vn -0.0196076935 0.0196076935 0.999615464
vn -0.00392153871 0.0352938484 0.999369284
vn 0.00392153871 -0.0117646161 0.999923105
vn 0.0196076935 -0.00392153871 0.99980006
vn 0.0196076935 0.00392153871 0.99980006
vn 0.0117646161 0.0196076935 0.999738532
vn 0.00392153871 0.027450771 0.999615464
vn 0.0196076935 0.0196076935 0.999615464
vn -0.0117646161 -0.00392153871 0.999923105
vn -0.0117646161 -0.0117646161 0.999861584
vn -0.0117646161 -0.00392153871 0.999923105
vn -0.00392153871 -0.0117646161 0.999923105
vn -0.00392153871 0.0117646161 0.999923105
vn 0.00392153871 -0.00392153871 0.999984621
vn -0.0196076935 0.00392153871 0.99980006
vn -0.00392153871 -0.00392153871 0.999984621
vn -0.00392153871 0.0196076935 0.99980006
vn 0.00392153871 0.027450771 0.999615464
vn 0.00392153871 0.0196076935 0.99980006
vn 0.00392153871 0.00392153871 0.999984621
vn 0.0117646161 0.00392153871 0.999923105
vn 0.0117646161 0.00392153871 0.999923105
vn 0.00392153871 0.0117646161 0.999923105
vn 0.0117646161 0.0117646161 0.999861584
vn 0.0352938484 -0.0509800032 0.998075841
vn -0.207841552 0.356860022 0.910743001
vn 0.294115403 0.325487713 0.898640016
vn 0.498035416 0.0431369258 0.866083097
vn -0.0431369258 -0.027450771 0.998691975
vn 0.027450771 -0.0431369258 0.998691975
vn -0.427447719 0.1215677 0.895829081
vn 0.349016945 -0.317644635 0.881639982
vn -0.0117646161 -0.0431369258 0.9989999
vn -0.278429248 -0.309801558 0.909120536
vn 0.874503132 0.3647031 0.319743524
vn 0.921561596 0.0588230806 0.383750009
vn 0.599995422 0.247056939 0.760899706
vn 0.8509739 0.39607541 -0.344916935
vn 0.968620061 0.199998474 -0.147566215
vn 0.960776984 0.160783087 0.225956604
vn 0.945090829 0.0431369258 -0.323948346
vn 0.898032364 -0.0352938484 -0.438511365
vn 0.960776984 -0.066666158 0.269189917
vn 0.694112351 -0.0588230806 0.717459329
vn 0.623524655 0.15294001 0.766698349
vn 0.207841552 0.325487713 0.922420532
vn 0.701955429 0.145096932 0.697284344
vn 0.239213861 0.223527706 0.944887344
vn 0.247056939 -0.0431369258 0.968040327
vn -0.388232332 -0.0196076935 0.921352915
vn -0.33333079 0.0588230806 0.940973129
vn 0.0117646161 0.380389255 0.924751647
vn -0.160783087 0.278429248 0.946903349
vn 0.199998474 0.254900016 0.946058451
vn -0.3647031 0.403918487 0.838952624
vn 0.890189287 0.341173868 0.301932817
vn 0.631367732 0.411761564 0.657135603
vn 0.466663106 0.874503132 0.132173437
vn 0.913718519 0.231370784 -0.33404495
vn 0.160783087 0.898032364 0.409495631
vn 0.254900016 0.341173868 0.904779738
vn -0.160783087 0.905875442 0.391839869
vn -0.411761564 0.39607541 0.820717177
vn -0.874503132 0.372546177 0.310569828
vn -0.474506184 0.874503132 0.100439802
vn -0.952933906 0.294115403 -0.0735737741
vn -0.3647031 0.929404674 0.056556177
vn 0.027450771 0.866660055 -0.498143358
vn 0.560780035 0.78822928 -0.253417351
vn 0.254900016 0.678426197 -0.689031115
vn 0.372546177 0.129410777 -0.918946242
vn -0.0117646161 0.145096932 -0.989347499
vn -0.639210809 -0.717641584 -0.276405678
vn -0.858816977 -0.39607541 0.324896399
vn -0.647053887 -0.725484661 0.234506448
vn -0.686269274 -0.270586171 0.675142657
vn -0.8509739 -0.372546177 -0.370206385
vn -0.662740042 -0.239213861 -0.709614237
vn -0.694112351 0.207841552 -0.689209644
vn -0.882346209 0.317644635 -0.347227667
vn -0.717641584 0.654896964 -0.236855491
vn -0.717641584 0.647053887 0.257510825
vn -0.890189287 0.301958481 0.341151154
vn -0.701955429 0.176469242 0.690012451
vn 0.999807822 -0.0196040749 -0
vn 0.999992311 0.00392153847 -0
vn 0.999807822 -0.0196040749 -0
vn 0.999807822 -0.0196040749 -0
vn 0.999930803 0.0117638918 -0
vn 0.999807822 -0.0196040749 -0
vn 0.999623435 0.0274406433 -0
vn 0.999807822 -0.0196040749 -0
vn 0.999992311 0.00392153847 -0
vn 0.999930803 0.0117638918 -0
vn 0.999930803 -0.0117638918 -0
vn -0.999992311 -0.00392153847 -0
vn -0.999992311 -0.00392153847 -0
vn -0.999930803 -0.0117638918 -0
vn -0.999992311 0.00392153847 -0
vn -0.999807822 -0.0196040749 -0
vn -0.999930803 0.0117638918 -0
vn -0.999807822 -0.0196040749 -0
vn -0.999807822 0.0196040749 -0
vn -0.999807822 -0.0196040749 -0
vn -0.999807822 0.0196040749 -0
vn -0.999807822 -0.0196040749 -0
vn -0.999807822 0.0196040749 -0
vn -0.999930803 -0.0117638918 -0
vn -0.999807822 0.0196040749 -0
vn -0.999992311 -0.00392153847 -0
vn -0.999930803 0.0117638918 -0
vn -0.999992311 0.00392153847 -0
vn -0.349016945 0.866660055 -0.356493369
vn -0.00392153847 0.999992311 -0
vn -0.00392153847 0.999992311 -0
vn -0.00392153847 0.999992311 -0
vn -0.349016945 0.874503132 0.33679585
vn 0.349016945 0.866660055 -0.356493369
vn 0.317644635 0.890189287 0.326595957
vn -0.00392153847 0.999992311 -0
vn 0.999377744 -0.0352721557 -0
vn 0.999070885 -0.0430971754 -0
vn 0.999070885 -0.0430971754 -0
vn 0.999070885 -0.0430971754 -0
vn 0.999377744 -0.0352721557 -0
vn 0.999070885 -0.0430971754 -0
vn 0.999377744 -0.0352721557 -0
vn 0.999377744 -0.0352721557 -0
vn -0.976463138 0.199998474 -0.0807486828
vn -0.843130822 0.184312319 -0.505133037
vn -0.615681577 0.592152345 -0.519895947
vn -0.8509739 0.00392153871 -0.525193339
vn -0.999992311 -0.00392153847 -0
vn -0.858816977 -0.00392153871 0.512267529
vn -0.843130822 0.184312319 0.505133037
vn -0.709798506 0.701955429 -0.0586911971
vn -0.192155397 0.827444667 -0.527647255
vn -0.615681577 0.592152345 0.519895947
vn -0.207841552 0.976463138 -0.0576335743
vn 0.192155397 0.827444667 -0.527647255
vn -0.192155397 0.827444667 0.527647255
vn 0.207841552 0.976463138 -0.0576335743
vn 0.615681577 0.592152345 -0.519895947
vn 0.192155397 0.827444667 0.527647255
vn 0.709798506 0.701955429 -0.0586911971
vn 0.843130822 0.184312319 -0.505133037
vn 0.615681577 0.592152345 0.519895947
vn 0.976463138 0.199998474 -0.0807486828
vn 0.8509739 0.00392153871 -0.525193339
vn 0.843130822 0.184312319 0.505133037
vn 0.999992311 0.00392153847 -0
vn 0.858816977 -0.00392153871 0.512267529
vn 0.976463138 0.199998474 -0.0807486828
vn 0.615681577 0.592152345 -0.519895947
vn 0.843130822 0.184312319 -0.505133037
vn 0.8509739 0.00392153871 -0.525193339
vn 0.999992311 -0.00392153847 -0
vn 0.858816977 -0.00392153871 0.512267529
vn 0.843130822 0.184312319 0.505133037
vn 0.709798506 0.701955429 -0.0586911971
vn 0.192155397 0.827444667 -0.527647255
vn 0.615681577 0.592152345 0.519895947
vn 0.207841552 0.976463138 -0.0576335743
vn -0.192155397 0.827444667 -0.527647255
vn 0.192155397 0.827444667 0.527647255
vn -0.207841552 0.976463138 -0.0576335743
vn -0.615681577 0.592152345 -0.519895947
vn -0.192155397 0.827444667 0.527647255
vn -0.709798506 0.701955429 -0.0586911971
vn -0.843130822 0.184312319 -0.505133037
vn -0.615681577 0.592152345 0.519895947
vn -0.976463138 0.199998474 -0.0807486828
vn -0.8509739 0.00392153871 -0.525193339
vn -0.843130822 0.184312319 0.505133037
vn -0.999992311 -0.00392153847 -0
vn -0.858816977 -0.00392153871 0.512267529
vn -0.835287745 0.3647031 -0.411443838
vn -0.866660055 -0.372546177 -0.33182781
vn -0.701955429 -0.15294001 -0.69560616
vn -0.654896964 -0.560780035 -0.50659226
vn -0.662740042 -0.741170816 -0.106964755
vn -0.858816977 -0.372546177 0.351628704
vn -0.654896964 -0.749013893 0.100439802
vn -0.615681577 -0.6078385 0.501466403
vn -0.662740042 -0.15294001 0.733065475
vn -0.921561596 0.262743093 -0.285815134
vn -0.913718519 0.262743093 0.309975055
vn -0.81960159 0.403918487 0.406328795
vn -0.882346209 -0.3647031 -0.297416906
vn -0.803915435 0.0588230806 -0.591827524
vn -0.937247751 0.192155397 -0.290934625
vn -0.835287745 0.427447719 -0.345807505
vn -0.880722355 0.473632911 -0
vn -0.952933906 0.199998474 0.227854298
vn -0.882346209 0.466663106 0.060751231
vn -0.858816977 0.388232332 0.334229047
vn -0.866660055 0.0901953903 0.490678246
vn -0.905875442 -0.309801558 0.288812533
vn -0.937247751 -0.270586171 -0.219885827
vn -0.945090829 -0.262743093 0.194343491
vn -0.999070885 -0.0430971754 -0
vn -0.999070885 -0.0430971754 -0
vn -0.999070885 -0.0430971754 -0
vn -0.999377744 -0.0352721557 -0
vn -0.999377744 -0.0352721557 -0
vn -0.999377744 -0.0352721557 -0
vn -0.999377744 -0.0352721557 -0
vn -0.999377744 -0.0352721557 -0
g A_build_fangzi_03_B_0
f 3/3/3 2/2/2 1/1/1
f 6/6/6 5/5/5 4/4/4
f 9/9/9 8/8/8 7/7/7
f 12/12/12 11/11/11 10/10/10
f 15/15/15 14/14/14 13/13/13
f 14/14/14 16/16/16 13/13/13
f 13/13/13 16/16/16 17/17/17
f 18/18/18 13/13/13 17/17/17
f 18/18/18 17/17/17 19/19/19
f 17/17/17 20/20/20 19/19/19
f 20/20/20 21/21/21 19/19/19
f 21/21/21 22/22/22 19/19/19
f 22/22/22 21/21/21 23/23/23
f 21/21/21 24/24/24 23/23/23
f 25/25/25 23/23/23 24/24/24
f 26/26/26 25/25/25 24/24/24
f 26/26/26 27/27/27 25/25/25
f 27/27/27 28/28/28 25/25/25
f 27/27/27 29/29/29 28/28/28
f 29/29/29 30/30/30 28/28/28
f 33/33/33 32/32/32 31/31/31
f 32/32/32 34/34/34 31/31/31
f 31/31/31 34/34/34 35/35/35
f 36/36/36 31/31/31 35/35/35
f 35/35/35 37/37/37 36/36/36
f 37/37/37 38/38/38 36/36/36
f 41/41/41 40/40/40 39/39/39
f 40/40/40 42/42/42 39/39/39
f 39/39/39 42/42/42 43/43/43
f 40/40/40 44/44/44 42/42/42
f 42/42/42 45/45/45 43/43/43
f 43/43/43 45/45/45 46/46/46
f 44/44/44 47/47/47 42/42/42
f 42/42/42 47/47/47 45/45/45
f 44/44/44 48/48/48 47/47/47
f 48/48/48 49/49/49 47/47/47
f 47/47/47 49/49/49 50/50/50
f 47/47/47 50/50/50 45/45/45
f 49/49/49 51/51/51 50/50/50
f 45/45/45 52/52/52 46/46/46
f 45/45/45 50/50/50 52/52/52
f 46/46/46 52/52/52 53/53/53
f 50/50/50 51/51/51 54/54/54
f 50/50/50 54/54/54 52/52/52
f 51/51/51 55/55/55 54/54/54
f 52/52/52 56/56/56 53/53/53
f 52/52/52 54/54/54 56/56/56
f 53/53/53 56/56/56 57/57/57
f 54/54/54 55/55/55 58/58/58
f 54/54/54 58/58/58 56/56/56
f 55/55/55 59/59/59 58/58/58
f 56/56/56 60/60/60 57/57/57
f 56/56/56 58/58/58 60/60/60
f 57/57/57 60/60/60 61/61/61
f 58/58/58 59/59/59 62/62/62
f 58/58/58 62/62/62 60/60/60
f 59/59/59 63/63/63 62/62/62
f 60/60/60 64/64/64 61/61/61
f 60/60/60 62/62/62 64/64/64
f 61/61/61 64/64/64 65/65/65
f 62/62/62 63/63/63 66/66/66
f 62/62/62 66/66/66 64/64/64
f 63/63/63 67/67/67 66/66/66
f 64/64/64 68/68/68 65/65/65
f 64/64/64 66/66/66 68/68/68
f 65/65/65 68/68/68 69/69/69
f 68/68/68 70/70/70 69/69/69
f 66/66/66 67/67/67 71/71/71
f 66/66/66 71/71/71 68/68/68
f 68/68/68 71/71/71 70/70/70
f 67/67/67 72/72/72 71/71/71
f 71/71/71 73/73/73 70/70/70
f 71/71/71 72/72/72 73/73/73
f 72/72/72 74/74/74 73/73/73
f 77/77/77 76/76/76 75/75/75
f 76/76/76 78/78/78 75/75/75
f 75/75/75 78/78/78 79/79/79
f 78/78/78 80/80/80 79/79/79
f 79/79/79 80/80/80 81/81/81
f 80/80/80 82/82/82 81/81/81
f 81/81/81 82/82/82 83/83/83
f 82/82/82 84/84/84 83/83/83
f 83/83/83 84/84/84 85/85/85
f 84/84/84 86/86/86 85/85/85
f 85/85/85 86/86/86 87/87/87
f 86/86/86 88/88/88 87/87/87
f 87/87/87 88/88/88 89/89/89
f 88/88/88 90/90/90 89/89/89
f 89/89/89 90/90/90 91/91/91
f 90/90/90 92/92/92 91/91/91
f 95/95/95 94/94/94 93/93/93
f 96/96/96 95/95/95 93/93/93
f 97/97/97 95/95/95 96/96/96
f 98/98/98 97/97/97 96/96/96
f 97/97/97 98/98/98 99/99/99
f 98/98/98 100/100/100 99/99/99
f 99/99/99 100/100/100 101/101/101
f 100/100/100 102/102/102 101/101/101
f 101/101/101 102/102/102 103/103/103
f 104/104/104 101/101/101 103/103/103
f 105/105/105 104/104/104 103/103/103
f 106/106/106 105/105/105 103/103/103
f 105/105/105 106/106/106 107/107/107
f 106/106/106 108/108/108 107/107/107
f 107/107/107 108/108/108 109/109/109
f 108/108/108 110/110/110 109/109/109
f 113/113/113 112/112/112 111/111/111
f 114/114/114 113/113/113 111/111/111
f 117/117/117 116/116/116 115/115/115
f 118/118/118 117/117/117 115/115/115
f 121/121/121 120/120/120 119/119/119
f 122/122/122 121/121/121 119/119/119
f 125/125/125 124/124/124 123/123/123
f 126/126/126 125/125/125 123/123/123
f 129/129/129 128/128/128 127/127/127
f 128/128/128 130/130/130 127/127/127
f 130/130/130 131/131/131 127/127/127
f 131/131/131 132/132/132 127/127/127
f 132/132/132 131/131/131 133/133/133
f 131/131/131 134/134/134 133/133/133
f 135/135/135 133/133/133 134/134/134
f 136/136/136 135/135/135 134/134/134
f 139/139/139 138/138/138 137/137/137
f 138/138/138 140/140/140 137/137/137
f 141/141/141 137/137/137 140/140/140
f 138/138/138 142/142/142 140/140/140
f 138/138/138 143/143/143 142/142/142
f 143/143/143 144/144/144 142/142/142
f 144/144/144 145/145/145 142/142/142
f 146/146/146 144/144/144 143/143/143
f 146/146/146 147/147/147 144/144/144
f 145/145/145 144/144/144 147/147/147
f 146/146/146 148/148/148 147/147/147
f 142/142/142 149/149/149 140/140/140
f 145/145/145 149/149/149 142/142/142
f 150/150/150 141/141/141 140/140/140
f 149/149/149 150/150/150 140/140/140
f 148/148/148 151/151/151 147/147/147
f 148/148/148 152/152/152 151/151/151
f 152/152/152 153/153/153 151/151/151
f 141/141/141 150/150/150 154/154/154
f 155/155/155 141/141/141 154/154/154
f 156/156/156 155/155/155 154/154/154
f 157/157/157 156/156/156 154/154/154
f 157/157/157 154/154/154 158/158/158
f 150/150/150 149/149/149 159/159/159
f 154/154/154 150/150/150 159/159/159
f 154/154/154 159/159/159 158/158/158
f 149/149/149 145/145/145 159/159/159
f 158/158/158 159/159/159 160/160/160
f 159/159/159 161/161/161 160/160/160
f 145/145/145 161/161/161 159/159/159
f 160/160/160 161/161/161 162/162/162
f 161/161/161 163/163/163 162/162/162
f 161/161/161 145/145/145 163/163/163
f 162/162/162 163/163/163 164/164/164
f 145/145/145 165/165/165 163/163/163
f 165/165/165 145/145/145 147/147/147
f 165/165/165 147/147/147 151/151/151
f 166/166/166 165/165/165 151/151/151
f 165/165/165 166/166/166 163/163/163
f 166/166/166 151/151/151 153/153/153
f 167/167/167 166/166/166 153/153/153
f 166/166/166 167/167/167 168/168/168
f 163/163/163 169/169/169 164/164/164
f 166/166/166 169/169/169 163/163/163
f 169/169/169 166/166/166 168/168/168
f 170/170/170 164/164/164 169/169/169
f 168/168/168 170/170/170 169/169/169
f 173/173/173 172/172/172 171/171/171
f 172/172/172 174/174/174 171/171/171
f 172/172/172 175/175/175 174/174/174
f 172/172/172 176/176/176 175/175/175
f 176/176/176 177/177/177 175/175/175
f 177/177/177 178/178/178 175/175/175
f 177/177/177 179/179/179 178/178/178
f 179/179/179 180/180/180 178/178/178
f 183/183/183 182/182/182 181/181/181
f 182/182/182 184/184/184 181/181/181
f 184/184/184 182/182/182 185/185/185
f 182/182/182 186/186/186 185/185/185
f 186/186/186 187/187/187 185/185/185
f 187/187/187 188/188/188 185/185/185
f 191/191/191 190/190/190 189/189/189
f 190/190/190 192/192/192 189/189/189
f 192/192/192 190/190/190 193/193/193
f 190/190/190 194/194/194 193/193/193
f 197/197/197 196/196/196 195/195/195
f 196/196/196 198/198/198 195/195/195
f 196/196/196 199/199/199 198/198/198
f 199/199/199 200/200/200 198/198/198
f 203/203/203 202/202/202 201/201/201
f 202/202/202 204/204/204 201/201/201
f 201/201/201 204/204/204 205/205/205
f 202/202/202 206/206/206 204/204/204
f 204/204/204 207/207/207 205/205/205
f 208/208/208 207/207/207 204/204/204
f 205/205/205 207/207/207 209/209/209
f 206/206/206 210/210/210 204/204/204
f 210/210/210 208/208/208 204/204/204
f 210/210/210 206/206/206 211/211/211
f 212/212/212 210/210/210 211/211/211
f 208/208/208 210/210/210 212/212/212
f 213/213/213 208/208/208 212/212/212
f 208/208/208 213/213/213 214/214/214
f 207/207/207 215/215/215 209/209/209
f 208/208/208 215/215/215 207/207/207
f 209/209/209 215/215/215 216/216/216
f 215/215/215 217/217/217 216/216/216
f 218/218/218 208/208/208 214/214/214
f 208/208/208 218/218/218 215/215/215
f 218/218/218 214/214/214 219/219/219
f 220/220/220 218/218/218 219/219/219
f 218/218/218 220/220/220 215/215/215
f 215/215/215 220/220/220 217/217/217
f 220/220/220 221/221/221 217/217/217
f 224/224/224 223/223/223 222/222/222
f 224/224/224 225/225/225 223/223/223
f 226/226/226 223/223/223 225/225/225
f 227/227/227 226/226/226 225/225/225
f 230/230/230 229/229/229 228/228/228
f 229/229/229 231/231/231 228/228/228
f 232/232/232 231/231/231 229/229/229
f 233/233/233 232/232/232 229/229/229
f 236/236/236 235/235/235 234/234/234
f 237/237/237 236/236/236 234/234/234
f 237/237/237 234/234/234 238/238/238
f 234/234/234 239/239/239 238/238/238
f 237/237/237 238/238/238 240/240/240
f 241/241/241 237/237/237 240/240/240
f 241/241/241 236/236/236 237/237/237
f 241/241/241 242/242/242 236/236/236
f 245/245/245 244/244/244 243/243/243
f 244/244/244 246/246/246 243/243/243
f 246/246/246 247/247/247 243/243/243
f 246/246/246 248/248/248 247/247/247
f 246/246/246 244/244/244 248/248/248
f 248/248/248 249/249/249 247/247/247
f 244/244/244 249/249/249 248/248/248
f 249/249/249 250/250/250 247/247/247
f 249/249/249 251/251/251 250/250/250
f 249/249/249 244/244/244 252/252/252
f 244/244/244 253/253/253 252/252/252
f 251/251/251 249/249/249 254/254/254
f 252/252/252 254/254/254 249/249/249
f 254/254/254 252/252/252 251/251/251
f 252/252/252 255/255/255 251/251/251
f 252/252/252 256/256/256 255/255/255
f 253/253/253 256/256/256 252/252/252
f 256/256/256 257/257/257 255/255/255
f 253/253/253 258/258/258 256/256/256
f 256/256/256 258/258/258 257/257/257
f 258/258/258 253/253/253 259/259/259
f 258/258/258 260/260/260 257/257/257
f 258/258/258 259/259/259 260/260/260
f 263/263/263 262/262/262 261/261/261
f 262/262/262 264/264/264 261/261/261
f 261/261/261 264/264/264 265/265/265
f 264/264/264 266/266/266 265/265/265
f 264/264/264 262/262/262 266/266/266
f 265/265/265 266/266/266 267/267/267
f 262/262/262 268/268/268 266/266/266
f 266/266/266 268/268/268 267/267/267
f 262/262/262 269/269/269 268/268/268
f 262/262/262 270/270/270 269/269/269
f 267/267/267 268/268/268 271/271/271
f 269/269/269 271/271/271 268/268/268
f 267/267/267 271/271/271 272/272/272
f 272/272/272 271/271/271 273/273/273
f 271/271/271 269/269/269 273/273/273
f 273/273/273 269/269/269 274/274/274
f 269/269/269 275/275/275 274/274/274
f 269/269/269 270/270/270 275/275/275
f 274/274/274 275/275/275 276/276/276
f 270/270/270 277/277/277 275/275/275
f 275/275/275 277/277/277 276/276/276
f 277/277/277 270/270/270 278/278/278
f 276/276/276 277/277/277 278/278/278
f 281/281/281 280/280/280 279/279/279
f 282/282/282 281/281/281 279/279/279
f 283/283/283 281/281/281 282/282/282
f 284/284/284 283/283/283 282/282/282
f 282/282/282 285/285/285 284/284/284
f 282/282/282 279/279/279 285/285/285
f 279/279/279 286/286/286 285/285/285
f 289/289/289 288/288/288 287/287/287
f 290/290/290 289/289/289 287/287/287
f 293/293/293 292/292/292 291/291/291
f 294/294/294 293/293/293 291/291/291
f 294/294/294 291/291/291 295/295/295
f 291/291/291 296/296/296 295/295/295
f 295/295/295 296/296/296 297/297/297
f 296/296/296 298/298/298 297/297/297
f 297/297/297 298/298/298 299/299/299
f 298/298/298 300/300/300 299/299/299
f 299/299/299 300/300/300 301/301/301
f 300/300/300 302/302/302 301/301/301
f 303/303/303 301/301/301 302/302/302
f 304/304/304 303/303/303 302/302/302
f 307/307/307 306/306/306 305/305/305
f 308/308/308 307/307/307 305/305/305
f 311/311/311 310/310/310 309/309/309
f 309/309/309 310/310/310 312/312/312
f 309/309/309 312/312/312 313/313/313
f 313/313/313 312/312/312 314/314/314
f 315/315/315 312/312/312 310/310/310
f 312/312/312 315/315/315 314/314/314
f 316/316/316 315/315/315 310/310/310
f 316/316/316 310/310/310 317/317/317
f 314/314/314 315/315/315 318/318/318
f 316/316/316 318/318/318 315/315/315
f 314/314/314 318/318/318 319/319/319
f 319/319/319 318/318/318 320/320/320
f 318/318/318 316/316/316 320/320/320
f 320/320/320 316/316/316 321/321/321
f 316/316/316 322/322/322 321/321/321
f 322/322/322 316/316/316 317/317/317
f 321/321/321 322/322/322 323/323/323
f 324/324/324 322/322/322 317/317/317
f 322/322/322 324/324/324 323/323/323
f 324/324/324 317/317/317 325/325/325
f 323/323/323 324/324/324 325/325/325
f 328/328/328 327/327/327 326/326/326
f 329/329/329 328/328/328 326/326/326
f 329/329/329 326/326/326 330/330/330
f 331/331/331 329/329/329 330/330/330
f 328/328/328 329/329/329 331/331/331
f 331/331/331 330/330/330 332/332/332
f 333/333/333 328/328/328 331/331/331
f 331/331/331 332/332/332 333/333/333
f 334/334/334 328/328/328 333/333/333
f 335/335/335 333/333/333 332/332/332
f 336/336/336 335/335/335 332/332/332
f 335/335/335 336/336/336 337/337/337
f 333/333/333 335/335/335 338/338/338
f 338/338/338 335/335/335 337/337/337
f 338/338/338 334/334/334 333/333/333
f 339/339/339 338/338/338 337/337/337
f 334/334/334 338/338/338 339/339/339
f 340/340/340 339/339/339 337/337/337
f 334/334/334 339/339/339 341/341/341
f 341/341/341 339/339/339 340/340/340
f 342/342/342 334/334/334 341/341/341
f 341/341/341 340/340/340 343/343/343
f 343/343/343 342/342/342 341/341/341
f 346/346/346 345/345/345 344/344/344
f 345/345/345 347/347/347 344/344/344
f 347/347/347 348/348/348 344/344/344
f 344/344/344 348/348/348 349/349/349
f 350/350/350 344/344/344 349/349/349
f 350/350/350 349/349/349 351/351/351
f 352/352/352 350/350/350 351/351/351
f 355/355/355 354/354/354 353/353/353
f 355/355/355 356/356/356 354/354/354
f 359/359/359 358/358/358 357/357/357
f 359/359/359 360/360/360 358/358/358
f 360/360/360 359/359/359 361/361/361
f 362/362/362 360/360/360 361/361/361
f 358/358/358 360/360/360 363/363/363
f 360/360/360 362/362/362 364/364/364
f 360/360/360 365/365/365 363/363/363
f 365/365/365 360/360/360 364/364/364
f 366/366/366 365/365/365 364/364/364
f 367/367/367 363/363/363 365/365/365
f 366/366/366 367/367/367 365/365/365
f 368/368/368 366/366/366 364/364/364
f 369/369/369 367/367/367 366/366/366
f 366/366/366 368/368/368 370/370/370
f 371/371/371 369/369/369 366/366/366
f 372/372/372 366/366/366 370/370/370
f 372/372/372 371/371/371 366/366/366
f 371/371/371 373/373/373 369/369/369
f 373/373/373 371/371/371 372/372/372
f 373/373/373 374/374/374 369/369/369
f 375/375/375 373/373/373 372/372/372
f 375/375/375 372/372/372 370/370/370
f 376/376/376 375/375/375 370/370/370
f 379/379/379 378/378/378 377/377/377
f 378/378/378 380/380/380 377/377/377
f 377/377/377 380/380/380 381/381/381
f 377/377/377 381/381/381 382/382/382
f 381/381/381 383/383/383 382/382/382
f 383/383/383 384/384/384 382/382/382
f 383/383/383 385/385/385 384/384/384
f 385/385/385 386/386/386 384/384/384
f 385/385/385 387/387/387 386/386/386
f 387/387/387 388/388/388 386/386/386
f 389/389/389 388/388/388 387/387/387
f 389/389/389 387/387/387 390/390/390
f 393/393/393 392/392/392 391/391/391
f 394/394/394 393/393/393 391/391/391
f 394/394/394 395/395/395 393/393/393
f 395/395/395 396/396/396 393/393/393
f 396/396/396 395/395/395 397/397/397
f 395/395/395 398/398/398 397/397/397
f 397/397/397 398/398/398 399/399/399
f 398/398/398 400/400/400 399/399/399
f 399/399/399 400/400/400 401/401/401
f 400/400/400 402/402/402 401/401/401
f 403/403/403 401/401/401 402/402/402
f 404/404/404 403/403/403 402/402/402
f 403/403/403 404/404/404 405/405/405
f 406/406/406 403/403/403 405/405/405
f 409/409/409 408/408/408 407/407/407
f 408/408/408 410/410/410 407/407/407
f 410/410/410 411/411/411 407/407/407
f 411/411/411 412/412/412 407/407/407
f 408/408/408 413/413/413 410/410/410
f 410/410/410 413/413/413 411/411/411
f 408/408/408 414/414/414 413/413/413
f 413/413/413 415/415/415 411/411/411
f 412/412/412 411/411/411 416/416/416
f 415/415/415 416/416/416 411/411/411
f 417/417/417 412/412/412 416/416/416
f 415/415/415 418/418/418 416/416/416
f 421/421/421 420/420/420 419/419/419
f 422/422/422 421/421/421 419/419/419
f 425/425/425 424/424/424 423/423/423
f 426/426/426 425/425/425 423/423/423
f 427/427/427 426/426/426 423/423/423
f 428/428/428 427/427/427 423/423/423
f 429/429/429 427/427/427 428/428/428
f 426/426/426 427/427/427 429/429/429
f 430/430/430 429/429/429 428/428/428
f 426/426/426 431/431/431 425/425/425
f 431/431/431 426/426/426 429/429/429
f 431/431/431 432/432/432 425/425/425
f 433/433/433 431/431/431 429/429/429
f 429/429/429 430/430/430 434/434/434
f 429/429/429 434/434/434 433/433/433
f 430/430/430 435/435/435 434/434/434
f 434/434/434 435/435/435 436/436/436
f 434/434/434 437/437/437 433/433/433
f 437/437/437 434/434/434 436/436/436
f 433/433/433 437/437/437 438/438/438
f 437/437/437 436/436/436 438/438/438
f 441/441/441 440/440/440 439/439/439
f 442/442/442 441/441/441 439/439/439
f 443/443/443 442/442/442 439/439/439
f 444/444/444 443/443/443 439/439/439
f 443/443/443 444/444/444 445/445/445
f 446/446/446 443/443/443 445/445/445
f 445/445/445 447/447/447 446/446/446
f 447/447/447 448/448/448 446/446/446
f 451/451/451 450/450/450 449/449/449
f 452/452/452 451/451/451 449/449/449
f 449/449/449 453/453/453 452/452/452
f 454/454/454 451/451/451 452/452/452
f 455/455/455 451/451/451 454/454/454
f 453/453/453 456/456/456 452/452/452
f 456/456/456 454/454/454 452/452/452
f 457/457/457 455/455/455 454/454/454
f 458/458/458 457/457/457 454/454/454
f 457/457/457 459/459/459 455/455/455
f 460/460/460 459/459/459 457/457/457
f 457/457/457 458/458/458 460/460/460
f 461/461/461 459/459/459 460/460/460
f 462/462/462 461/461/461 460/460/460
f 463/463/463 461/461/461 462/462/462
f 464/464/464 463/463/463 462/462/462
f 460/460/460 465/465/465 462/462/462
f 458/458/458 465/465/465 460/460/460
f 462/462/462 466/466/466 464/464/464
f 465/465/465 466/466/466 462/462/462
f 466/466/466 467/467/467 464/464/464
f 467/467/467 466/466/466 468/468/468
f 466/466/466 465/465/465 469/469/469
f 465/465/465 458/458/458 469/469/469
f 466/466/466 470/470/470 468/468/468
f 470/470/470 466/466/466 469/469/469
f 471/471/471 468/468/468 470/470/470
f 472/472/472 471/471/471 470/470/470
f 470/470/470 469/469/469 472/472/472
f 469/469/469 473/473/473 472/472/472
f 469/469/469 474/474/474 473/473/473
f 458/458/458 474/474/474 469/469/469
f 474/474/474 475/475/475 473/473/473
f 474/474/474 476/476/476 475/475/475
f 474/474/474 458/458/458 476/476/476
f 476/476/476 477/477/477 475/475/475
f 458/458/458 478/478/478 476/476/476
f 478/478/478 458/458/458 454/454/454
f 456/456/456 478/478/478 454/454/454
f 478/478/478 456/456/456 476/476/476
f 476/476/476 479/479/479 477/477/477
f 456/456/456 479/479/479 476/476/476
f 479/479/479 480/480/480 477/477/477
f 456/456/456 453/453/453 479/479/479
f 481/481/481 480/480/480 479/479/479
f 453/453/453 482/482/482 479/479/479
f 482/482/482 481/481/481 479/479/479
f 485/485/485 484/484/484 483/483/483
f 486/486/486 485/485/485 483/483/483
f 487/487/487 485/485/485 486/486/486
f 488/488/488 485/485/485 487/487/487
f 489/489/489 488/488/488 487/487/487
f 490/490/490 489/489/489 487/487/487
f 491/491/491 489/489/489 490/490/490
f 492/492/492 491/491/491 490/490/490
f 495/495/495 494/494/494 493/493/493
f 494/494/494 496/496/496 493/493/493
f 496/496/496 497/497/497 493/493/493
f 497/497/497 498/498/498 493/493/493
f 499/499/499 498/498/498 497/497/497
f 500/500/500 499/499/499 497/497/497
f 503/503/503 502/502/502 501/501/501
f 504/504/504 503/503/503 501/501/501
f 503/503/503 504/504/504 505/505/505
f 506/506/506 503/503/503 505/505/505
f 509/509/509 508/508/508 507/507/507
f 510/510/510 509/509/509 507/507/507
f 511/511/511 509/509/509 510/510/510
f 512/512/512 511/511/511 510/510/510
f 515/515/515 514/514/514 513/513/513
f 516/516/516 514/514/514 515/515/515
f 515/515/515 517/517/517 516/516/516
f 517/517/517 518/518/518 516/516/516
f 521/521/521 520/520/520 519/519/519
f 522/522/522 521/521/521 519/519/519
f 522/522/522 523/523/523 521/521/521
f 523/523/523 524/524/524 521/521/521
f 527/527/527 526/526/526 525/525/525
f 526/526/526 528/528/528 525/525/525
f 525/525/525 528/528/528 529/529/529
f 530/530/530 525/525/525 529/529/529
f 529/529/529 528/528/528 531/531/531
f 528/528/528 532/532/532 531/531/531
f 526/526/526 532/532/532 528/528/528
f 533/533/533 532/532/532 526/526/526
f 536/536/536 535/535/535 534/534/534
f 537/537/537 536/536/536 534/534/534
f 538/538/538 537/537/537 534/534/534
f 539/539/539 537/537/537 538/538/538
f 537/537/537 539/539/539 536/536/536
f 540/540/540 539/539/539 538/538/538
f 539/539/539 540/540/540 536/536/536
f 541/541/541 540/540/540 538/538/538
f 542/542/542 540/540/540 541/541/541
f 540/540/540 543/543/543 536/536/536
f 543/543/543 544/544/544 536/536/536
f 540/540/540 542/542/542 545/545/545
f 545/545/545 543/543/543 540/540/540
f 543/543/543 545/545/545 542/542/542
f 546/546/546 543/543/543 542/542/542
f 547/547/547 543/543/543 546/546/546
f 547/547/547 544/544/544 543/543/543
f 548/548/548 547/547/547 546/546/546
f 549/549/549 544/544/544 547/547/547
f 549/549/549 547/547/547 548/548/548
f 544/544/544 549/549/549 550/550/550
f 551/551/551 549/549/549 548/548/548
f 550/550/550 549/549/549 551/551/551
f 554/554/554 553/553/553 552/552/552
f 555/555/555 554/554/554 552/552/552
f 555/555/555 552/552/552 556/556/556
f 557/557/557 555/555/555 556/556/556
f 555/555/555 557/557/557 554/554/554
f 557/557/557 556/556/556 558/558/558
f 557/557/557 559/559/559 554/554/554
f 559/559/559 557/557/557 558/558/558
f 560/560/560 554/554/554 559/559/559
f 561/561/561 554/554/554 560/560/560
f 559/559/559 558/558/558 562/562/562
f 562/562/562 560/560/560 559/559/559
f 562/562/562 558/558/558 563/563/563
f 562/562/562 563/563/563 564/564/564
f 560/560/560 562/562/562 564/564/564
f 560/560/560 564/564/564 565/565/565
f 566/566/566 560/560/560 565/565/565
f 560/560/560 566/566/566 561/561/561
f 566/566/566 565/565/565 567/567/567
f 566/566/566 568/568/568 561/561/561
f 568/568/568 566/566/566 567/567/567
f 561/561/561 568/568/568 569/569/569
f 568/568/568 567/567/567 569/569/569
f 572/572/572 571/571/571 570/570/570
f 571/571/571 573/573/573 570/570/570
f 571/571/571 574/574/574 573/573/573
f 574/574/574 575/575/575 573/573/573
f 576/576/576 573/573/573 575/575/575
f 570/570/570 573/573/573 576/576/576
f 577/577/577 570/570/570 576/576/576
f 580/580/580 579/579/579 578/578/578
f 579/579/579 581/581/581 578/578/578
f 578/578/578 581/581/581 582/582/582
f 581/581/581 583/583/583 582/582/582
f 579/579/579 584/584/584 581/581/581
f 584/584/584 585/585/585 581/581/581
f 584/584/584 579/579/579 586/586/586
f 587/587/587 584/584/584 586/586/586
f 585/585/585 584/584/584 587/587/587
f 588/588/588 585/585/585 587/587/587
f 585/585/585 588/588/588 589/589/589
f 581/581/581 590/590/590 583/583/583
f 581/581/581 585/585/585 590/590/590
f 590/590/590 585/585/585 591/591/591
f 590/590/590 592/592/592 583/583/583
f 590/590/590 591/591/591 592/592/592
f 591/591/591 593/593/593 592/592/592
f 591/591/591 594/594/594 593/593/593
f 591/591/591 595/595/595 594/594/594
f 596/596/596 595/595/595 591/591/591
f 597/597/597 585/585/585 589/589/589
f 585/585/585 597/597/597 591/591/591
f 597/597/597 596/596/596 591/591/591
f 597/597/597 589/589/589 598/598/598
f 596/596/596 597/597/597 598/598/598
f 601/601/601 600/600/600 599/599/599
f 602/602/602 601/601/601 599/599/599
f 605/605/605 604/604/604 603/603/603
f 604/604/604 606/606/606 603/603/603
f 603/603/603 606/606/606 607/607/607
f 608/608/608 603/603/603 607/607/607
f 608/608/608 607/607/607 609/609/609
f 610/610/610 608/608/608 609/609/609
f 610/610/610 609/609/609 611/611/611
f 612/612/612 610/610/610 611/611/611
f 612/612/612 611/611/611 613/613/613
f 614/614/614 612/612/612 613/613/613
f 613/613/613 615/615/615 614/614/614
f 615/615/615 616/616/616 614/614/614
f 619/619/619 618/618/618 617/617/617
f 620/620/620 619/619/619 617/617/617
f 623/623/623 622/622/622 621/621/621
f 623/623/623 621/621/621 624/624/624
f 624/624/624 621/621/621 625/625/625
f 624/624/624 625/625/625 626/626/626
f 624/624/624 627/627/627 623/623/623
f 627/627/627 624/624/624 626/626/626
f 627/627/627 628/628/628 623/623/623
f 623/623/623 628/628/628 629/629/629
f 627/627/627 626/626/626 630/630/630
f 630/630/630 628/628/628 627/627/627
f 630/630/630 626/626/626 631/631/631
f 630/630/630 631/631/631 632/632/632
f 628/628/628 630/630/630 632/632/632
f 628/628/628 632/632/632 633/633/633
f 634/634/634 628/628/628 633/633/633
f 629/629/629 628/628/628 634/634/634
f 634/634/634 633/633/633 635/635/635
f 636/636/636 629/629/629 634/634/634
f 636/636/636 634/634/634 635/635/635
f 629/629/629 636/636/636 637/637/637
f 636/636/636 635/635/635 637/637/637
f 640/640/640 639/639/639 638/638/638
f 639/639/639 641/641/641 638/638/638
f 638/638/638 641/641/641 642/642/642
f 641/641/641 643/643/643 642/642/642
f 643/643/643 641/641/641 639/639/639
f 642/642/642 643/643/643 644/644/644
f 645/645/645 643/643/643 639/639/639
f 644/644/644 643/643/643 645/645/645
f 645/645/645 639/639/639 646/646/646
f 645/645/645 647/647/647 644/644/644
f 647/647/647 648/648/648 644/644/644
f 648/648/648 647/647/647 649/649/649
f 647/647/647 645/645/645 650/650/650
f 647/647/647 650/650/650 649/649/649
f 650/650/650 645/645/645 646/646/646
f 650/650/650 651/651/651 649/649/649
f 650/650/650 646/646/646 651/651/651
f 651/651/651 652/652/652 649/649/649
f 651/651/651 646/646/646 653/653/653
f 651/651/651 653/653/653 652/652/652
f 646/646/646 654/654/654 653/653/653
f 652/652/652 653/653/653 655/655/655
f 654/654/654 655/655/655 653/653/653
f 658/658/658 657/657/657 656/656/656
f 659/659/659 658/658/658 656/656/656
f 660/660/660 659/659/659 656/656/656
f 660/660/660 656/656/656 661/661/661
f 656/656/656 662/662/662 661/661/661
f 661/661/661 662/662/662 663/663/663
f 662/662/662 664/664/664 663/663/663
f 667/667/667 666/666/666 665/665/665
f 667/667/667 668/668/668 666/666/666
f 671/671/671 670/670/670 669/669/669
f 671/671/671 672/672/672 670/670/670
f 670/670/670 672/672/672 673/673/673
f 672/672/672 674/674/674 673/673/673
f 672/672/672 671/671/671 675/675/675
f 674/674/674 672/672/672 676/676/676
f 677/677/677 672/672/672 675/675/675
f 672/672/672 677/677/677 676/676/676
f 677/677/677 678/678/678 676/676/676
f 675/675/675 679/679/679 677/677/677
f 679/679/679 678/678/678 677/677/677
f 678/678/678 680/680/680 676/676/676
f 679/679/679 681/681/681 678/678/678
f 680/680/680 678/678/678 682/682/682
f 681/681/681 683/683/683 678/678/678
f 678/678/678 684/684/684 682/682/682
f 683/683/683 684/684/684 678/678/678
f 685/685/685 683/683/683 681/681/681
f 683/683/683 685/685/685 684/684/684
f 686/686/686 685/685/685 681/681/681
f 685/685/685 687/687/687 684/684/684
f 684/684/684 687/687/687 682/682/682
f 687/687/687 688/688/688 682/682/682
f 691/691/691 690/690/690 689/689/689
f 692/692/692 691/691/691 689/689/689
f 692/692/692 689/689/689 693/693/693
f 693/693/693 689/689/689 694/694/694
f 695/695/695 693/693/693 694/694/694
f 696/696/696 695/695/695 694/694/694
f 697/697/697 695/695/695 696/696/696
f 698/698/698 697/697/697 696/696/696
f 699/699/699 697/697/697 698/698/698
f 700/700/700 699/699/699 698/698/698
f 699/699/699 700/700/700 701/701/701
f 699/699/699 701/701/701 702/702/702
f 705/705/705 704/704/704 703/703/703
f 704/704/704 706/706/706 703/703/703
f 707/707/707 706/706/706 704/704/704
f 708/708/708 707/707/707 704/704/704
f 707/707/707 708/708/708 709/709/709
f 710/710/710 707/707/707 709/709/709
f 710/710/710 709/709/709 711/711/711
f 712/712/712 710/710/710 711/711/711
f 712/712/712 711/711/711 713/713/713
f 714/714/714 712/712/712 713/713/713
f 713/713/713 715/715/715 714/714/714
f 715/715/715 716/716/716 714/714/714
f 716/716/716 715/715/715 717/717/717
f 715/715/715 718/718/718 717/717/717
f 721/721/721 720/720/720 719/719/719
f 722/722/722 721/721/721 719/719/719
f 723/723/723 722/722/722 719/719/719
f 724/724/724 723/723/723 719/719/719
f 725/725/725 721/721/721 722/722/722
f 725/725/725 722/722/722 723/723/723
f 726/726/726 721/721/721 725/725/725
f 727/727/727 725/725/725 723/723/723
f 723/723/723 724/724/724 728/728/728
f 728/728/728 727/727/727 723/723/723
f 724/724/724 729/729/729 728/728/728
f 730/730/730 727/727/727 728/728/728
f 733/733/733 732/732/732 731/731/731
f 734/734/734 733/733/733 731/731/731
f 737/737/737 736/736/736 735/735/735
f 736/736/736 738/738/738 735/735/735
f 738/738/738 739/739/739 735/735/735
f 739/739/739 740/740/740 735/735/735
f 739/739/739 741/741/741 740/740/740
f 739/739/739 738/738/738 741/741/741
f 741/741/741 742/742/742 740/740/740
f 738/738/738 736/736/736 743/743/743
f 741/741/741 738/738/738 743/743/743
f 736/736/736 744/744/744 743/743/743
f 745/745/745 741/741/741 743/743/743
f 742/742/742 741/741/741 746/746/746
f 746/746/746 741/741/741 745/745/745
f 747/747/747 742/742/742 746/746/746
f 747/747/747 746/746/746 748/748/748
f 749/749/749 746/746/746 745/745/745
f 746/746/746 749/749/749 748/748/748
f 749/749/749 745/745/745 750/750/750
f 748/748/748 749/749/749 750/750/750
f 753/753/753 752/752/752 751/751/751
f 754/754/754 753/753/753 751/751/751
f 755/755/755 754/754/754 751/751/751
f 756/756/756 755/755/755 751/751/751
f 755/755/755 756/756/756 757/757/757
f 758/758/758 755/755/755 757/757/757
f 757/757/757 759/759/759 758/758/758
f 759/759/759 760/760/760 758/758/758
f 763/763/763 762/762/762 761/761/761
f 764/764/764 763/763/763 761/761/761
f 761/761/761 765/765/765 764/764/764
f 766/766/766 763/763/763 764/764/764
f 767/767/767 763/763/763 766/766/766
f 768/768/768 767/767/767 766/766/766
f 769/769/769 768/768/768 766/766/766
f 768/768/768 770/770/770 767/767/767
f 771/771/771 770/770/770 768/768/768
f 768/768/768 769/769/769 771/771/771
f 772/772/772 770/770/770 771/771/771
f 773/773/773 766/766/766 764/764/764
f 773/773/773 769/769/769 766/766/766
f 765/765/765 774/774/774 764/764/764
f 774/774/774 773/773/773 764/764/764
f 775/775/775 772/772/772 771/771/771
f 776/776/776 772/772/772 775/775/775
f 777/777/777 776/776/776 775/775/775
f 774/774/774 765/765/765 778/778/778
f 765/765/765 779/779/779 778/778/778
f 779/779/779 780/780/780 778/778/778
f 780/780/780 781/781/781 778/778/778
f 778/778/778 781/781/781 782/782/782
f 773/773/773 774/774/774 783/783/783
f 774/774/774 778/778/778 783/783/783
f 783/783/783 778/778/778 782/782/782
f 769/769/769 773/773/773 783/783/783
f 783/783/783 782/782/782 784/784/784
f 785/785/785 783/783/783 784/784/784
f 785/785/785 769/769/769 783/783/783
f 785/785/785 784/784/784 786/786/786
f 787/787/787 785/785/785 786/786/786
f 769/769/769 785/785/785 787/787/787
f 787/787/787 786/786/786 788/788/788
f 789/789/789 769/769/769 787/787/787
f 769/769/769 789/789/789 771/771/771
f 771/771/771 789/789/789 775/775/775
f 789/789/789 790/790/790 775/775/775
f 790/790/790 789/789/789 787/787/787
f 775/775/775 790/790/790 777/777/777
f 790/790/790 791/791/791 777/777/777
f 791/791/791 790/790/790 792/792/792
f 793/793/793 787/787/787 788/788/788
f 793/793/793 790/790/790 787/787/787
f 790/790/790 793/793/793 792/792/792
f 788/788/788 794/794/794 793/793/793
f 794/794/794 792/792/792 793/793/793
f 797/797/797 796/796/796 795/795/795
f 798/798/798 797/797/797 795/795/795
f 799/799/799 797/797/797 798/798/798
f 800/800/800 797/797/797 799/799/799
f 801/801/801 800/800/800 799/799/799
f 802/802/802 801/801/801 799/799/799
f 803/803/803 801/801/801 802/802/802
f 804/804/804 803/803/803 802/802/802
f 807/807/807 806/806/806 805/805/805
f 806/806/806 808/808/808 805/805/805
f 808/808/808 809/809/809 805/805/805
f 809/809/809 810/810/810 805/805/805
f 811/811/811 810/810/810 809/809/809
f 812/812/812 811/811/811 809/809/809
f 815/815/815 814/814/814 813/813/813
f 816/816/816 815/815/815 813/813/813
f 815/815/815 816/816/816 817/817/817
f 818/818/818 815/815/815 817/817/817
f 821/821/821 820/820/820 819/819/819
f 822/822/822 821/821/821 819/819/819
f 823/823/823 821/821/821 822/822/822
f 824/824/824 823/823/823 822/822/822
f 827/827/827 826/826/826 825/825/825
f 827/827/827 828/828/828 826/826/826
f 829/829/829 828/828/828 827/827/827
f 829/829/829 830/830/830 828/828/828
f 828/828/828 831/831/831 826/826/826
f 831/831/831 832/832/832 826/826/826
f 831/831/831 833/833/833 832/832/832
f 833/833/833 834/834/834 832/832/832
f 833/833/833 835/835/835 834/834/834
f 833/833/833 836/836/836 835/835/835
f 837/837/837 836/836/836 833/833/833
f 830/830/830 838/838/838 828/828/828
f 838/838/838 830/830/830 839/839/839
f 840/840/840 838/838/838 839/839/839
f 828/828/828 841/841/841 831/831/831
f 838/838/838 841/841/841 828/828/828
f 841/841/841 838/838/838 840/840/840
f 831/831/831 841/841/841 833/833/833
f 842/842/842 841/841/841 840/840/840
f 843/843/843 837/837/837 833/833/833
f 841/841/841 843/843/843 833/833/833
f 843/843/843 841/841/841 842/842/842
f 837/837/837 843/843/843 844/844/844
f 843/843/843 842/842/842 845/845/845
f 843/843/843 845/845/845 844/844/844
f 848/848/848 847/847/847 846/846/846
f 849/849/849 847/847/847 848/848/848
f 848/848/848 850/850/850 849/849/849
f 850/850/850 851/851/851 849/849/849
f 854/854/854 853/853/853 852/852/852
f 855/855/855 854/854/854 852/852/852
f 855/855/855 856/856/856 854/854/854
f 856/856/856 857/857/857 854/854/854
f 860/860/860 859/859/859 858/858/858
f 859/859/859 861/861/861 858/858/858
f 858/858/858 861/861/861 862/862/862
f 863/863/863 858/858/858 862/862/862
f 862/862/862 861/861/861 864/864/864
f 861/861/861 865/865/865 864/864/864
f 859/859/859 865/865/865 861/861/861
f 866/866/866 865/865/865 859/859/859
f 869/869/869 868/868/868 867/867/867
f 870/870/870 869/869/869 867/867/867
f 871/871/871 870/870/870 867/867/867
f 872/872/872 870/870/870 871/871/871
f 870/870/870 872/872/872 869/869/869
f 873/873/873 872/872/872 871/871/871
f 872/872/872 873/873/873 869/869/869
f 874/874/874 873/873/873 871/871/871
f 875/875/875 873/873/873 874/874/874
f 873/873/873 876/876/876 869/869/869
f 876/876/876 877/877/877 869/869/869
f 873/873/873 875/875/875 878/878/878
f 878/878/878 876/876/876 873/873/873
f 876/876/876 878/878/878 875/875/875
f 879/879/879 876/876/876 875/875/875
f 880/880/880 876/876/876 879/879/879
f 880/880/880 877/877/877 876/876/876
f 881/881/881 880/880/880 879/879/879
f 882/882/882 877/877/877 880/880/880
f 882/882/882 880/880/880 881/881/881
f 877/877/877 882/882/882 883/883/883
f 884/884/884 882/882/882 881/881/881
f 883/883/883 882/882/882 884/884/884
f 887/887/887 886/886/886 885/885/885
f 888/888/888 887/887/887 885/885/885
f 888/888/888 885/885/885 889/889/889
f 890/890/890 888/888/888 889/889/889
f 888/888/888 890/890/890 887/887/887
f 890/890/890 889/889/889 891/891/891
f 890/890/890 892/892/892 887/887/887
f 892/892/892 890/890/890 891/891/891
f 893/893/893 887/887/887 892/892/892
f 894/894/894 887/887/887 893/893/893
f 892/892/892 891/891/891 895/895/895
f 895/895/895 893/893/893 892/892/892
f 895/895/895 891/891/891 896/896/896
f 895/895/895 896/896/896 897/897/897
f 893/893/893 895/895/895 897/897/897
f 893/893/893 897/897/897 898/898/898
f 899/899/899 893/893/893 898/898/898
f 893/893/893 899/899/899 894/894/894
f 899/899/899 898/898/898 900/900/900
f 899/899/899 901/901/901 894/894/894
f 901/901/901 899/899/899 900/900/900
f 894/894/894 901/901/901 902/902/902
f 901/901/901 900/900/900 902/902/902
f 905/905/905 904/904/904 903/903/903
f 904/904/904 906/906/906 903/903/903
f 904/904/904 907/907/907 906/906/906
f 907/907/907 908/908/908 906/906/906
f 909/909/909 906/906/906 908/908/908
f 903/903/903 906/906/906 909/909/909
f 910/910/910 903/903/903 909/909/909
f 913/913/913 912/912/912 911/911/911
f 914/914/914 913/913/913 911/911/911
f 917/917/917 916/916/916 915/915/915
f 916/916/916 918/918/918 915/915/915
f 915/915/915 918/918/918 919/919/919
f 920/920/920 915/915/915 919/919/919
f 920/920/920 919/919/919 921/921/921
f 922/922/922 920/920/920 921/921/921
f 922/922/922 921/921/921 923/923/923
f 924/924/924 922/922/922 923/923/923
f 924/924/924 923/923/923 925/925/925
f 926/926/926 924/924/924 925/925/925
f 925/925/925 927/927/927 926/926/926
f 927/927/927 928/928/928 926/926/926
f 931/931/931 930/930/930 929/929/929
f 932/932/932 931/931/931 929/929/929
f 935/935/935 934/934/934 933/933/933
f 935/935/935 933/933/933 936/936/936
f 936/936/936 933/933/933 937/937/937
f 936/936/936 937/937/937 938/938/938
f 936/936/936 939/939/939 935/935/935
f 939/939/939 936/936/936 938/938/938
f 939/939/939 940/940/940 935/935/935
f 935/935/935 940/940/940 941/941/941
f 939/939/939 938/938/938 942/942/942
f 942/942/942 940/940/940 939/939/939
f 942/942/942 938/938/938 943/943/943
f 942/942/942 943/943/943 944/944/944
f 940/940/940 942/942/942 944/944/944
f 940/940/940 944/944/944 945/945/945
f 946/946/946 940/940/940 945/945/945
f 941/941/941 940/940/940 946/946/946
f 946/946/946 945/945/945 947/947/947
f 948/948/948 941/941/941 946/946/946
f 948/948/948 946/946/946 947/947/947
f 941/941/941 948/948/948 949/949/949
f 948/948/948 947/947/947 949/949/949
f 952/952/952 951/951/951 950/950/950
f 951/951/951 953/953/953 950/950/950
f 950/950/950 953/953/953 954/954/954
f 953/953/953 955/955/955 954/954/954
f 955/955/955 953/953/953 951/951/951
f 954/954/954 955/955/955 956/956/956
f 957/957/957 955/955/955 951/951/951
f 956/956/956 955/955/955 957/957/957
f 957/957/957 951/951/951 958/958/958
f 957/957/957 959/959/959 956/956/956
f 959/959/959 960/960/960 956/956/956
f 960/960/960 959/959/959 961/961/961
f 959/959/959 957/957/957 962/962/962
f 959/959/959 962/962/962 961/961/961
f 962/962/962 957/957/957 958/958/958
f 962/962/962 963/963/963 961/961/961
f 962/962/962 958/958/958 963/963/963
f 963/963/963 964/964/964 961/961/961
f 963/963/963 958/958/958 965/965/965
f 963/963/963 965/965/965 964/964/964
f 958/958/958 966/966/966 965/965/965
f 964/964/964 965/965/965 967/967/967
f 966/966/966 967/967/967 965/965/965
f 970/970/970 969/969/969 968/968/968
f 971/971/971 970/970/970 968/968/968
f 972/972/972 971/971/971 968/968/968
f 972/972/972 968/968/968 973/973/973
f 968/968/968 974/974/974 973/973/973
f 973/973/973 974/974/974 975/975/975
f 974/974/974 976/976/976 975/975/975
f 979/979/979 978/978/978 977/977/977
f 979/979/979 980/980/980 978/978/978
f 983/983/983 982/982/982 981/981/981
f 983/983/983 984/984/984 982/982/982
f 982/982/982 984/984/984 985/985/985
f 984/984/984 986/986/986 985/985/985
f 984/984/984 983/983/983 987/987/987
f 986/986/986 984/984/984 988/988/988
f 989/989/989 984/984/984 987/987/987
f 984/984/984 989/989/989 988/988/988
f 989/989/989 990/990/990 988/988/988
f 987/987/987 991/991/991 989/989/989
f 991/991/991 990/990/990 989/989/989
f 990/990/990 992/992/992 988/988/988
f 991/991/991 993/993/993 990/990/990
f 992/992/992 990/990/990 994/994/994
f 993/993/993 995/995/995 990/990/990
f 990/990/990 996/996/996 994/994/994
f 995/995/995 996/996/996 990/990/990
f 997/997/997 995/995/995 993/993/993
f 995/995/995 997/997/997 996/996/996
f 998/998/998 997/997/997 993/993/993
f 997/997/997 999/999/999 996/996/996
f 996/996/996 999/999/999 994/994/994
f 999/999/999 1000/1000/1000 994/994/994
f 1003/1003/1003 1002/1002/1002 1001/1001/1001
f 1004/1004/1004 1003/1003/1003 1001/1001/1001
f 1004/1004/1004 1001/1001/1001 1005/1005/1005
f 1005/1005/1005 1001/1001/1001 1006/1006/1006
f 1007/1007/1007 1005/1005/1005 1006/1006/1006
f 1008/1008/1008 1007/1007/1007 1006/1006/1006
f 1009/1009/1009 1007/1007/1007 1008/1008/1008
f 1010/1010/1010 1009/1009/1009 1008/1008/1008
f 1011/1011/1011 1009/1009/1009 1010/1010/1010
f 1012/1012/1012 1011/1011/1011 1010/1010/1010
f 1011/1011/1011 1012/1012/1012 1013/1013/1013
f 1011/1011/1011 1013/1013/1013 1014/1014/1014
f 1017/1017/1017 1016/1016/1016 1015/1015/1015
f 1016/1016/1016 1018/1018/1018 1015/1015/1015
f 1019/1019/1019 1018/1018/1018 1016/1016/1016
f 1020/1020/1020 1019/1019/1019 1016/1016/1016
f 1019/1019/1019 1020/1020/1020 1021/1021/1021
f 1022/1022/1022 1019/1019/1019 1021/1021/1021
f 1022/1022/1022 1021/1021/1021 1023/1023/1023
f 1024/1024/1024 1022/1022/1022 1023/1023/1023
f 1024/1024/1024 1023/1023/1023 1025/1025/1025
f 1026/1026/1026 1024/1024/1024 1025/1025/1025
f 1025/1025/1025 1027/1027/1027 1026/1026/1026
f 1027/1027/1027 1028/1028/1028 1026/1026/1026
f 1028/1028/1028 1027/1027/1027 1029/1029/1029
f 1027/1027/1027 1030/1030/1030 1029/1029/1029
f 1033/1033/1033 1032/1032/1032 1031/1031/1031
f 1034/1034/1034 1033/1033/1033 1031/1031/1031
f 1035/1035/1035 1034/1034/1034 1031/1031/1031
f 1036/1036/1036 1035/1035/1035 1031/1031/1031
f 1037/1037/1037 1033/1033/1033 1034/1034/1034
f 1037/1037/1037 1034/1034/1034 1035/1035/1035
f 1038/1038/1038 1033/1033/1033 1037/1037/1037
f 1039/1039/1039 1037/1037/1037 1035/1035/1035
f 1035/1035/1035 1036/1036/1036 1040/1040/1040
f 1040/1040/1040 1039/1039/1039 1035/1035/1035
f 1036/1036/1036 1041/1041/1041 1040/1040/1040
f 1042/1042/1042 1039/1039/1039 1040/1040/1040
f 1045/1045/1045 1044/1044/1044 1043/1043/1043
f 1046/1046/1046 1045/1045/1045 1043/1043/1043
f 1049/1049/1049 1048/1048/1048 1047/1047/1047
f 1048/1048/1048 1050/1050/1050 1047/1047/1047
f 1050/1050/1050 1051/1051/1051 1047/1047/1047
f 1051/1051/1051 1052/1052/1052 1047/1047/1047
f 1051/1051/1051 1053/1053/1053 1052/1052/1052
f 1051/1051/1051 1050/1050/1050 1053/1053/1053
f 1053/1053/1053 1054/1054/1054 1052/1052/1052
f 1050/1050/1050 1048/1048/1048 1055/1055/1055
f 1053/1053/1053 1050/1050/1050 1055/1055/1055
f 1048/1048/1048 1056/1056/1056 1055/1055/1055
f 1057/1057/1057 1053/1053/1053 1055/1055/1055
f 1054/1054/1054 1053/1053/1053 1058/1058/1058
f 1058/1058/1058 1053/1053/1053 1057/1057/1057
f 1059/1059/1059 1054/1054/1054 1058/1058/1058
f 1059/1059/1059 1058/1058/1058 1060/1060/1060
f 1061/1061/1061 1058/1058/1058 1057/1057/1057
f 1058/1058/1058 1061/1061/1061 1060/1060/1060
f 1061/1061/1061 1057/1057/1057 1062/1062/1062
f 1060/1060/1060 1061/1061/1061 1062/1062/1062
f 1065/1065/1065 1064/1064/1064 1063/1063/1063
f 1064/1064/1064 1066/1066/1066 1063/1063/1063
f 1066/1066/1066 1067/1067/1067 1063/1063/1063
f 1067/1067/1067 1068/1068/1068 1063/1063/1063
f 1069/1069/1069 1068/1068/1068 1067/1067/1067
f 1070/1070/1070 1069/1069/1069 1067/1067/1067
f 1069/1069/1069 1070/1070/1070 1071/1071/1071
f 1072/1072/1072 1069/1069/1069 1071/1071/1071
f 1072/1072/1072 1071/1071/1071 1073/1073/1073
f 1071/1071/1071 1074/1074/1074 1073/1073/1073
f 1073/1073/1073 1074/1074/1074 1075/1075/1075
f 1076/1076/1076 1073/1073/1073 1075/1075/1075
f 1077/1077/1077 1076/1076/1076 1075/1075/1075
f 1078/1078/1078 1077/1077/1077 1075/1075/1075
f 1077/1077/1077 1078/1078/1078 1079/1079/1079
f 1078/1078/1078 1080/1080/1080 1079/1079/1079
f 1083/1083/1083 1082/1082/1082 1081/1081/1081
f 1084/1084/1084 1083/1083/1083 1081/1081/1081
f 1081/1081/1081 1085/1085/1085 1084/1084/1084
f 1085/1085/1085 1086/1086/1086 1084/1084/1084
f 1087/1087/1087 1086/1086/1086 1085/1085/1085
f 1088/1088/1088 1087/1087/1087 1085/1085/1085
f 1091/1091/1091 1090/1090/1090 1089/1089/1089
f 1092/1092/1092 1091/1091/1091 1089/1089/1089
f 1089/1089/1089 1093/1093/1093 1092/1092/1092
f 1093/1093/1093 1094/1094/1094 1092/1092/1092
f 1095/1095/1095 1094/1094/1094 1093/1093/1093
f 1096/1096/1096 1095/1095/1095 1093/1093/1093
f 1099/1099/1099 1098/1098/1098 1097/1097/1097
f 1098/1098/1098 1100/1100/1100 1097/1097/1097
f 1100/1100/1100 1101/1101/1101 1097/1097/1097
f 1101/1101/1101 1102/1102/1102 1097/1097/1097
f 1103/1103/1103 1102/1102/1102 1101/1101/1101
f 1104/1104/1104 1103/1103/1103 1101/1101/1101
f 1103/1103/1103 1104/1104/1104 1105/1105/1105
f 1106/1106/1106 1103/1103/1103 1105/1105/1105
f 1106/1106/1106 1105/1105/1105 1107/1107/1107
f 1105/1105/1105 1108/1108/1108 1107/1107/1107
f 1107/1107/1107 1108/1108/1108 1109/1109/1109
f 1110/1110/1110 1107/1107/1107 1109/1109/1109
f 1111/1111/1111 1110/1110/1110 1109/1109/1109
f 1112/1112/1112 1111/1111/1111 1109/1109/1109
f 1111/1111/1111 1112/1112/1112 1113/1113/1113
f 1112/1112/1112 1114/1114/1114 1113/1113/1113
f 1117/1117/1117 1116/1116/1116 1115/1115/1115
f 1118/1118/1118 1117/1117/1117 1115/1115/1115
f 1115/1115/1115 1119/1119/1119 1118/1118/1118
f 1119/1119/1119 1120/1120/1120 1118/1118/1118
f 1121/1121/1121 1120/1120/1120 1119/1119/1119
f 1122/1122/1122 1121/1121/1121 1119/1119/1119
f 1125/1125/1125 1124/1124/1124 1123/1123/1123
f 1126/1126/1126 1125/1125/1125 1123/1123/1123
f 1123/1123/1123 1127/1127/1127 1126/1126/1126
f 1127/1127/1127 1128/1128/1128 1126/1126/1126
f 1129/1129/1129 1128/1128/1128 1127/1127/1127
f 1130/1130/1130 1129/1129/1129 1127/1127/1127
f 1133/1133/1133 1132/1132/1132 1131/1131/1131
f 1132/1132/1132 1134/1134/1134 1131/1131/1131
f 1134/1134/1134 1135/1135/1135 1131/1131/1131
f 1135/1135/1135 1136/1136/1136 1131/1131/1131
f 1137/1137/1137 1136/1136/1136 1135/1135/1135
f 1138/1138/1138 1137/1137/1137 1135/1135/1135
f 1137/1137/1137 1138/1138/1138 1139/1139/1139
f 1140/1140/1140 1137/1137/1137 1139/1139/1139
f 1140/1140/1140 1139/1139/1139 1141/1141/1141
f 1139/1139/1139 1142/1142/1142 1141/1141/1141
f 1141/1141/1141 1142/1142/1142 1143/1143/1143
f 1144/1144/1144 1141/1141/1141 1143/1143/1143
f 1145/1145/1145 1144/1144/1144 1143/1143/1143
f 1146/1146/1146 1145/1145/1145 1143/1143/1143
f 1145/1145/1145 1146/1146/1146 1147/1147/1147
f 1146/1146/1146 1148/1148/1148 1147/1147/1147
f 1151/1151/1151 1150/1150/1150 1149/1149/1149
f 1152/1152/1152 1151/1151/1151 1149/1149/1149
f 1149/1149/1149 1153/1153/1153 1152/1152/1152
f 1153/1153/1153 1154/1154/1154 1152/1152/1152
f 1155/1155/1155 1154/1154/1154 1153/1153/1153
f 1156/1156/1156 1155/1155/1155 1153/1153/1153
f 1159/1159/1159 1158/1158/1158 1157/1157/1157
f 1160/1160/1160 1159/1159/1159 1157/1157/1157
f 1157/1157/1157 1161/1161/1161 1160/1160/1160
f 1161/1161/1161 1162/1162/1162 1160/1160/1160
f 1163/1163/1163 1162/1162/1162 1161/1161/1161
f 1164/1164/1164 1163/1163/1163 1161/1161/1161
f 1167/1167/1167 1166/1166/1166 1165/1165/1165
f 1166/1166/1166 1168/1168/1168 1165/1165/1165
f 1168/1168/1168 1169/1169/1169 1165/1165/1165
f 1169/1169/1169 1170/1170/1170 1165/1165/1165
f 1171/1171/1171 1170/1170/1170 1169/1169/1169
f 1172/1172/1172 1171/1171/1171 1169/1169/1169
f 1171/1171/1171 1172/1172/1172 1173/1173/1173
f 1174/1174/1174 1171/1171/1171 1173/1173/1173
f 1174/1174/1174 1173/1173/1173 1175/1175/1175
f 1173/1173/1173 1176/1176/1176 1175/1175/1175
f 1175/1175/1175 1176/1176/1176 1177/1177/1177
f 1178/1178/1178 1175/1175/1175 1177/1177/1177
f 1179/1179/1179 1178/1178/1178 1177/1177/1177
f 1180/1180/1180 1179/1179/1179 1177/1177/1177
f 1179/1179/1179 1180/1180/1180 1181/1181/1181
f 1180/1180/1180 1182/1182/1182 1181/1181/1181
f 1185/1185/1185 1184/1184/1184 1183/1183/1183
f 1186/1186/1186 1185/1185/1185 1183/1183/1183
f 1183/1183/1183 1187/1187/1187 1186/1186/1186
f 1187/1187/1187 1188/1188/1188 1186/1186/1186
f 1189/1189/1189 1188/1188/1188 1187/1187/1187
f 1190/1190/1190 1189/1189/1189 1187/1187/1187
f 1193/1193/1193 1192/1192/1192 1191/1191/1191
f 1194/1194/1194 1193/1193/1193 1191/1191/1191
f 1191/1191/1191 1195/1195/1195 1194/1194/1194
f 1195/1195/1195 1196/1196/1196 1194/1194/1194
f 1197/1197/1197 1196/1196/1196 1195/1195/1195
f 1198/1198/1198 1197/1197/1197 1195/1195/1195
f 1201/1201/1201 1200/1200/1200 1199/1199/1199
f 1200/1200/1200 1202/1202/1202 1199/1199/1199
f 1202/1202/1202 1203/1203/1203 1199/1199/1199
f 1203/1203/1203 1204/1204/1204 1199/1199/1199
f 1205/1205/1205 1204/1204/1204 1203/1203/1203
f 1206/1206/1206 1205/1205/1205 1203/1203/1203
f 1205/1205/1205 1206/1206/1206 1207/1207/1207
f 1208/1208/1208 1205/1205/1205 1207/1207/1207
f 1208/1208/1208 1207/1207/1207 1209/1209/1209
f 1207/1207/1207 1210/1210/1210 1209/1209/1209
f 1209/1209/1209 1210/1210/1210 1211/1211/1211
f 1212/1212/1212 1209/1209/1209 1211/1211/1211
f 1213/1213/1213 1212/1212/1212 1211/1211/1211
f 1214/1214/1214 1213/1213/1213 1211/1211/1211
f 1213/1213/1213 1214/1214/1214 1215/1215/1215
f 1214/1214/1214 1216/1216/1216 1215/1215/1215
f 1219/1219/1219 1218/1218/1218 1217/1217/1217
f 1220/1220/1220 1219/1219/1219 1217/1217/1217
f 1217/1217/1217 1221/1221/1221 1220/1220/1220
f 1221/1221/1221 1222/1222/1222 1220/1220/1220
f 1223/1223/1223 1222/1222/1222 1221/1221/1221
f 1224/1224/1224 1223/1223/1223 1221/1221/1221
f 1227/1227/1227 1226/1226/1226 1225/1225/1225
f 1228/1228/1228 1227/1227/1227 1225/1225/1225
f 1225/1225/1225 1229/1229/1229 1228/1228/1228
f 1229/1229/1229 1230/1230/1230 1228/1228/1228
f 1231/1231/1231 1230/1230/1230 1229/1229/1229
f 1232/1232/1232 1231/1231/1231 1229/1229/1229
f 1235/1235/1235 1234/1234/1234 1233/1233/1233
f 1234/1234/1234 1236/1236/1236 1233/1233/1233
f 1236/1236/1236 1237/1237/1237 1233/1233/1233
f 1237/1237/1237 1238/1238/1238 1233/1233/1233
f 1239/1239/1239 1238/1238/1238 1237/1237/1237
f 1240/1240/1240 1239/1239/1239 1237/1237/1237
f 1240/1240/1240 1241/1241/1241 1239/1239/1239
f 1241/1241/1241 1242/1242/1242 1239/1239/1239
f 1242/1242/1242 1241/1241/1241 1243/1243/1243
f 1241/1241/1241 1244/1244/1244 1243/1243/1243
f 1243/1243/1243 1244/1244/1244 1245/1245/1245
f 1246/1246/1246 1243/1243/1243 1245/1245/1245
f 1247/1247/1247 1246/1246/1246 1245/1245/1245
f 1248/1248/1248 1247/1247/1247 1245/1245/1245
f 1249/1249/1249 1247/1247/1247 1248/1248/1248
f 1250/1250/1250 1249/1249/1249 1248/1248/1248
f 1253/1253/1253 1252/1252/1252 1251/1251/1251
f 1254/1254/1254 1253/1253/1253 1251/1251/1251
f 1251/1251/1251 1255/1255/1255 1254/1254/1254
f 1255/1255/1255 1256/1256/1256 1254/1254/1254
f 1257/1257/1257 1256/1256/1256 1255/1255/1255
f 1258/1258/1258 1257/1257/1257 1255/1255/1255
f 1261/1261/1261 1260/1260/1260 1259/1259/1259
f 1262/1262/1262 1261/1261/1261 1259/1259/1259
f 1259/1259/1259 1263/1263/1263 1262/1262/1262
f 1263/1263/1263 1264/1264/1264 1262/1262/1262
f 1265/1265/1265 1264/1264/1264 1263/1263/1263
f 1266/1266/1266 1265/1265/1265 1263/1263/1263
f 1269/1269/1269 1268/1268/1268 1267/1267/1267
f 1268/1268/1268 1270/1270/1270 1267/1267/1267
f 1270/1270/1270 1271/1271/1271 1267/1267/1267
f 1271/1271/1271 1272/1272/1272 1267/1267/1267
f 1273/1273/1273 1272/1272/1272 1271/1271/1271
f 1274/1274/1274 1273/1273/1273 1271/1271/1271
f 1274/1274/1274 1275/1275/1275 1273/1273/1273
f 1275/1275/1275 1276/1276/1276 1273/1273/1273
f 1276/1276/1276 1275/1275/1275 1277/1277/1277
f 1275/1275/1275 1278/1278/1278 1277/1277/1277
f 1277/1277/1277 1278/1278/1278 1279/1279/1279
f 1280/1280/1280 1277/1277/1277 1279/1279/1279
f 1281/1281/1281 1280/1280/1280 1279/1279/1279
f 1282/1282/1282 1281/1281/1281 1279/1279/1279
f 1283/1283/1283 1281/1281/1281 1282/1282/1282
f 1284/1284/1284 1283/1283/1283 1282/1282/1282
f 1287/1287/1287 1286/1286/1286 1285/1285/1285
f 1288/1288/1288 1287/1287/1287 1285/1285/1285
f 1285/1285/1285 1289/1289/1289 1288/1288/1288
f 1289/1289/1289 1290/1290/1290 1288/1288/1288
f 1291/1291/1291 1290/1290/1290 1289/1289/1289
f 1292/1292/1292 1291/1291/1291 1289/1289/1289
f 1295/1295/1295 1294/1294/1294 1293/1293/1293
f 1296/1296/1296 1295/1295/1295 1293/1293/1293
f 1293/1293/1293 1297/1297/1297 1296/1296/1296
f 1297/1297/1297 1298/1298/1298 1296/1296/1296
f 1299/1299/1299 1298/1298/1298 1297/1297/1297
f 1300/1300/1300 1299/1299/1299 1297/1297/1297
f 1303/1303/1303 1302/1302/1302 1301/1301/1301
f 1302/1302/1302 1304/1304/1304 1301/1301/1301
f 1304/1304/1304 1305/1305/1305 1301/1301/1301
f 1305/1305/1305 1306/1306/1306 1301/1301/1301
f 1307/1307/1307 1306/1306/1306 1305/1305/1305
f 1308/1308/1308 1307/1307/1307 1305/1305/1305
f 1308/1308/1308 1309/1309/1309 1307/1307/1307
f 1309/1309/1309 1310/1310/1310 1307/1307/1307
f 1310/1310/1310 1309/1309/1309 1311/1311/1311
f 1309/1309/1309 1312/1312/1312 1311/1311/1311
f 1311/1311/1311 1312/1312/1312 1313/1313/1313
f 1314/1314/1314 1311/1311/1311 1313/1313/1313
f 1315/1315/1315 1314/1314/1314 1313/1313/1313
f 1316/1316/1316 1315/1315/1315 1313/1313/1313
f 1317/1317/1317 1315/1315/1315 1316/1316/1316
f 1318/1318/1318 1317/1317/1317 1316/1316/1316
f 1321/1321/1321 1320/1320/1320 1319/1319/1319
f 1322/1322/1322 1321/1321/1321 1319/1319/1319
f 1319/1319/1319 1323/1323/1323 1322/1322/1322
f 1323/1323/1323 1324/1324/1324 1322/1322/1322
f 1325/1325/1325 1324/1324/1324 1323/1323/1323
f 1326/1326/1326 1325/1325/1325 1323/1323/1323
f 1329/1329/1329 1328/1328/1328 1327/1327/1327
f 1330/1330/1330 1329/1329/1329 1327/1327/1327
f 1327/1327/1327 1331/1331/1331 1330/1330/1330
f 1331/1331/1331 1332/1332/1332 1330/1330/1330
f 1333/1333/1333 1332/1332/1332 1331/1331/1331
f 1334/1334/1334 1333/1333/1333 1331/1331/1331
f 1337/1337/1337 1336/1336/1336 1335/1335/1335
f 1336/1336/1336 1338/1338/1338 1335/1335/1335
f 1338/1338/1338 1339/1339/1339 1335/1335/1335
f 1339/1339/1339 1340/1340/1340 1335/1335/1335
f 1341/1341/1341 1340/1340/1340 1339/1339/1339
f 1342/1342/1342 1341/1341/1341 1339/1339/1339
f 1342/1342/1342 1343/1343/1343 1341/1341/1341
f 1343/1343/1343 1344/1344/1344 1341/1341/1341
f 1344/1344/1344 1343/1343/1343 1345/1345/1345
f 1343/1343/1343 1346/1346/1346 1345/1345/1345
f 1345/1345/1345 1346/1346/1346 1347/1347/1347
f 1348/1348/1348 1345/1345/1345 1347/1347/1347
f 1349/1349/1349 1348/1348/1348 1347/1347/1347
f 1350/1350/1350 1349/1349/1349 1347/1347/1347
f 1351/1351/1351 1349/1349/1349 1350/1350/1350
f 1352/1352/1352 1351/1351/1351 1350/1350/1350
f 1355/1355/1355 1354/1354/1354 1353/1353/1353
f 1356/1356/1356 1355/1355/1355 1353/1353/1353
f 1353/1353/1353 1357/1357/1357 1356/1356/1356
f 1357/1357/1357 1358/1358/1358 1356/1356/1356
f 1359/1359/1359 1358/1358/1358 1357/1357/1357
f 1360/1360/1360 1359/1359/1359 1357/1357/1357
f 1363/1363/1363 1362/1362/1362 1361/1361/1361
f 1364/1364/1364 1363/1363/1363 1361/1361/1361
f 1361/1361/1361 1365/1365/1365 1364/1364/1364
f 1365/1365/1365 1366/1366/1366 1364/1364/1364
f 1367/1367/1367 1366/1366/1366 1365/1365/1365
f 1368/1368/1368 1367/1367/1367 1365/1365/1365
f 1371/1371/1371 1370/1370/1370 1369/1369/1369
f 1370/1370/1370 1372/1372/1372 1369/1369/1369
f 1372/1372/1372 1373/1373/1373 1369/1369/1369
f 1373/1373/1373 1374/1374/1374 1369/1369/1369
f 1375/1375/1375 1374/1374/1374 1373/1373/1373
f 1376/1376/1376 1375/1375/1375 1373/1373/1373
f 1376/1376/1376 1377/1377/1377 1375/1375/1375
f 1377/1377/1377 1378/1378/1378 1375/1375/1375
f 1378/1378/1378 1377/1377/1377 1379/1379/1379
f 1377/1377/1377 1380/1380/1380 1379/1379/1379
f 1379/1379/1379 1380/1380/1380 1381/1381/1381
f 1382/1382/1382 1379/1379/1379 1381/1381/1381
f 1383/1383/1383 1382/1382/1382 1381/1381/1381
f 1384/1384/1384 1383/1383/1383 1381/1381/1381
f 1385/1385/1385 1383/1383/1383 1384/1384/1384
f 1386/1386/1386 1385/1385/1385 1384/1384/1384
f 1389/1389/1389 1388/1388/1388 1387/1387/1387
f 1390/1390/1390 1389/1389/1389 1387/1387/1387
f 1387/1387/1387 1391/1391/1391 1390/1390/1390
f 1391/1391/1391 1392/1392/1392 1390/1390/1390
f 1393/1393/1393 1392/1392/1392 1391/1391/1391
f 1394/1394/1394 1393/1393/1393 1391/1391/1391
f 1397/1397/1397 1396/1396/1396 1395/1395/1395
f 1398/1398/1398 1397/1397/1397 1395/1395/1395
f 1395/1395/1395 1399/1399/1399 1398/1398/1398
f 1399/1399/1399 1400/1400/1400 1398/1398/1398
f 1401/1401/1401 1400/1400/1400 1399/1399/1399
f 1402/1402/1402 1401/1401/1401 1399/1399/1399
f 1405/1405/1405 1404/1404/1404 1403/1403/1403
f 1404/1404/1404 1406/1406/1406 1403/1403/1403
f 1406/1406/1406 1407/1407/1407 1403/1403/1403
f 1407/1407/1407 1408/1408/1408 1403/1403/1403
f 1409/1409/1409 1408/1408/1408 1407/1407/1407
f 1410/1410/1410 1409/1409/1409 1407/1407/1407
f 1410/1410/1410 1411/1411/1411 1409/1409/1409
f 1411/1411/1411 1412/1412/1412 1409/1409/1409
f 1412/1412/1412 1411/1411/1411 1413/1413/1413
f 1411/1411/1411 1414/1414/1414 1413/1413/1413
f 1413/1413/1413 1414/1414/1414 1415/1415/1415
f 1416/1416/1416 1413/1413/1413 1415/1415/1415
f 1417/1417/1417 1416/1416/1416 1415/1415/1415
f 1418/1418/1418 1417/1417/1417 1415/1415/1415
f 1419/1419/1419 1417/1417/1417 1418/1418/1418
f 1420/1420/1420 1419/1419/1419 1418/1418/1418
f 1423/1423/1423 1422/1422/1422 1421/1421/1421
f 1424/1424/1424 1423/1423/1423 1421/1421/1421
f 1421/1421/1421 1425/1425/1425 1424/1424/1424
f 1425/1425/1425 1426/1426/1426 1424/1424/1424
f 1427/1427/1427 1426/1426/1426 1425/1425/1425
f 1428/1428/1428 1427/1427/1427 1425/1425/1425
f 1431/1431/1431 1430/1430/1430 1429/1429/1429
f 1432/1432/1432 1431/1431/1431 1429/1429/1429
f 1429/1429/1429 1433/1433/1433 1432/1432/1432
f 1433/1433/1433 1434/1434/1434 1432/1432/1432
f 1435/1435/1435 1434/1434/1434 1433/1433/1433
f 1436/1436/1436 1435/1435/1435 1433/1433/1433
f 1439/1439/1439 1438/1438/1438 1437/1437/1437
f 1438/1438/1438 1440/1440/1440 1437/1437/1437
f 1440/1440/1440 1441/1441/1441 1437/1437/1437
f 1441/1441/1441 1442/1442/1442 1437/1437/1437
f 1443/1443/1443 1442/1442/1442 1441/1441/1441
f 1444/1444/1444 1443/1443/1443 1441/1441/1441
f 1443/1443/1443 1444/1444/1444 1445/1445/1445
f 1446/1446/1446 1443/1443/1443 1445/1445/1445
f 1446/1446/1446 1445/1445/1445 1447/1447/1447
f 1445/1445/1445 1448/1448/1448 1447/1447/1447
f 1447/1447/1447 1448/1448/1448 1449/1449/1449
f 1450/1450/1450 1447/1447/1447 1449/1449/1449
f 1451/1451/1451 1450/1450/1450 1449/1449/1449
f 1452/1452/1452 1451/1451/1451 1449/1449/1449
f 1451/1451/1451 1452/1452/1452 1453/1453/1453
f 1452/1452/1452 1454/1454/1454 1453/1453/1453
f 1457/1457/1457 1456/1456/1456 1455/1455/1455
f 1458/1458/1458 1457/1457/1457 1455/1455/1455
f 1455/1455/1455 1459/1459/1459 1458/1458/1458
f 1459/1459/1459 1460/1460/1460 1458/1458/1458
f 1461/1461/1461 1460/1460/1460 1459/1459/1459
f 1462/1462/1462 1461/1461/1461 1459/1459/1459
f 1465/1465/1465 1464/1464/1464 1463/1463/1463
f 1466/1466/1466 1465/1465/1465 1463/1463/1463
f 1463/1463/1463 1467/1467/1467 1466/1466/1466
f 1467/1467/1467 1468/1468/1468 1466/1466/1466
f 1469/1469/1469 1468/1468/1468 1467/1467/1467
f 1470/1470/1470 1469/1469/1469 1467/1467/1467
f 1473/1473/1473 1472/1472/1472 1471/1471/1471
f 1472/1472/1472 1474/1474/1474 1471/1471/1471
f 1472/1472/1472 1475/1475/1475 1474/1474/1474
f 1475/1475/1475 1476/1476/1476 1474/1474/1474
f 1476/1476/1476 1475/1475/1475 1477/1477/1477
f 1478/1478/1478 1476/1476/1476 1477/1477/1477
f 1481/1481/1481 1480/1480/1480 1479/1479/1479
f 1482/1482/1482 1481/1481/1481 1479/1479/1479
f 1479/1479/1479 1483/1483/1483 1482/1482/1482
f 1483/1483/1483 1484/1484/1484 1482/1482/1482
f 1485/1485/1485 1484/1484/1484 1483/1483/1483
f 1486/1486/1486 1485/1485/1485 1483/1483/1483
f 1489/1489/1489 1488/1488/1488 1487/1487/1487
f 1490/1490/1490 1489/1489/1489 1487/1487/1487
f 1490/1490/1490 1487/1487/1487 1491/1491/1491
f 1487/1487/1487 1492/1492/1492 1491/1491/1491
f 1487/1487/1487 1493/1493/1493 1492/1492/1492
f 1494/1494/1494 1492/1492/1492 1493/1493/1493
f 1495/1495/1495 1494/1494/1494 1493/1493/1493
f 1495/1495/1495 1493/1493/1493 1496/1496/1496
f 1497/1497/1497 1495/1495/1495 1496/1496/1496
f 1500/1500/1500 1499/1499/1499 1498/1498/1498
f 1501/1501/1501 1500/1500/1500 1498/1498/1498
f 1501/1501/1501 1502/1502/1502 1500/1500/1500
f 1502/1502/1502 1503/1503/1503 1500/1500/1500
f 1503/1503/1503 1502/1502/1502 1504/1504/1504
f 1505/1505/1505 1503/1503/1503 1504/1504/1504
f 1508/1508/1508 1507/1507/1507 1506/1506/1506
f 1509/1509/1509 1508/1508/1508 1506/1506/1506
f 1509/1509/1509 1506/1506/1506 1510/1510/1510
f 1509/1509/1509 1511/1511/1511 1508/1508/1508
f 1511/1511/1511 1512/1512/1512 1508/1508/1508
f 1513/1513/1513 1509/1509/1509 1510/1510/1510
f 1511/1511/1511 1509/1509/1509 1513/1513/1513
f 1511/1511/1511 1514/1514/1514 1512/1512/1512
f 1514/1514/1514 1515/1515/1515 1512/1512/1512
f 1516/1516/1516 1513/1513/1513 1510/1510/1510
f 1517/1517/1517 1516/1516/1516 1510/1510/1510
f 1518/1518/1518 1511/1511/1511 1513/1513/1513
f 1518/1518/1518 1513/1513/1513 1516/1516/1516
f 1514/1514/1514 1511/1511/1511 1518/1518/1518
f 1519/1519/1519 1518/1518/1518 1516/1516/1516
f 1518/1518/1518 1519/1519/1519 1520/1520/1520
f 1520/1520/1520 1514/1514/1514 1518/1518/1518
f 1519/1519/1519 1521/1521/1521 1520/1520/1520
f 1521/1521/1521 1522/1522/1522 1520/1520/1520
f 1514/1514/1514 1523/1523/1523 1515/1515/1515
f 1523/1523/1523 1524/1524/1524 1515/1515/1515
f 1524/1524/1524 1523/1523/1523 1525/1525/1525
f 1520/1520/1520 1526/1526/1526 1514/1514/1514
f 1522/1522/1522 1526/1526/1526 1520/1520/1520
f 1526/1526/1526 1523/1523/1523 1514/1514/1514
f 1523/1523/1523 1527/1527/1527 1525/1525/1525
f 1523/1523/1523 1526/1526/1526 1527/1527/1527
f 1526/1526/1526 1522/1522/1522 1528/1528/1528
f 1526/1526/1526 1528/1528/1528 1527/1527/1527
f 1522/1522/1522 1529/1529/1529 1528/1528/1528
f 1530/1530/1530 1528/1528/1528 1529/1529/1529
f 1528/1528/1528 1530/1530/1530 1527/1527/1527
f 1531/1531/1531 1530/1530/1530 1529/1529/1529
f 1525/1525/1525 1527/1527/1527 1532/1532/1532
f 1530/1530/1530 1532/1532/1532 1527/1527/1527
f 1533/1533/1533 1525/1525/1525 1532/1532/1532
f 1533/1533/1533 1532/1532/1532 1534/1534/1534
f 1534/1534/1534 1532/1532/1532 1530/1530/1530
f 1535/1535/1535 1533/1533/1533 1534/1534/1534
f 1536/1536/1536 1534/1534/1534 1530/1530/1530
f 1536/1536/1536 1530/1530/1530 1531/1531/1531
f 1537/1537/1537 1536/1536/1536 1531/1531/1531
f 1540/1540/1540 1539/1539/1539 1538/1538/1538
f 1541/1541/1541 1540/1540/1540 1538/1538/1538
f 1541/1541/1541 1538/1538/1538 1542/1542/1542
f 1538/1538/1538 1543/1543/1543 1542/1542/1542
f 1542/1542/1542 1543/1543/1543 1544/1544/1544
f 1543/1543/1543 1545/1545/1545 1544/1544/1544
f 1548/1548/1548 1547/1547/1547 1546/1546/1546
f 1549/1549/1549 1548/1548/1548 1546/1546/1546
f 1549/1549/1549 1546/1546/1546 1550/1550/1550
f 1548/1548/1548 1549/1549/1549 1551/1551/1551
f 1552/1552/1552 1548/1548/1548 1551/1551/1551
f 1552/1552/1552 1551/1551/1551 1553/1553/1553
f 1554/1554/1554 1552/1552/1552 1553/1553/1553
f 1554/1554/1554 1553/1553/1553 1555/1555/1555
f 1556/1556/1556 1549/1549/1549 1550/1550/1550
f 1551/1551/1551 1549/1549/1549 1556/1556/1556
f 1550/1550/1550 1557/1557/1557 1556/1556/1556
f 1557/1557/1557 1558/1558/1558 1556/1556/1556
f 1559/1559/1559 1551/1551/1551 1556/1556/1556
f 1559/1559/1559 1556/1556/1556 1558/1558/1558
f 1553/1553/1553 1551/1551/1551 1559/1559/1559
f 1560/1560/1560 1559/1559/1559 1558/1558/1558
f 1559/1559/1559 1560/1560/1560 1561/1561/1561
f 1561/1561/1561 1553/1553/1553 1559/1559/1559
f 1560/1560/1560 1562/1562/1562 1561/1561/1561
f 1561/1561/1561 1562/1562/1562 1563/1563/1563
f 1564/1564/1564 1561/1561/1561 1563/1563/1563
f 1553/1553/1553 1561/1561/1561 1564/1564/1564
f 1564/1564/1564 1563/1563/1563 1565/1565/1565
f 1553/1553/1553 1566/1566/1566 1555/1555/1555
f 1566/1566/1566 1553/1553/1553 1564/1564/1564
f 1555/1555/1555 1566/1566/1566 1567/1567/1567
f 1568/1568/1568 1564/1564/1564 1565/1565/1565
f 1568/1568/1568 1565/1565/1565 1569/1569/1569
f 1570/1570/1570 1566/1566/1566 1564/1564/1564
f 1566/1566/1566 1570/1570/1570 1567/1567/1567
f 1568/1568/1568 1570/1570/1570 1564/1564/1564
f 1567/1567/1567 1570/1570/1570 1571/1571/1571
f 1571/1571/1571 1570/1570/1570 1568/1568/1568
f 1572/1572/1572 1567/1567/1567 1571/1571/1571
f 1573/1573/1573 1572/1572/1572 1571/1571/1571
f 1574/1574/1574 1573/1573/1573 1571/1571/1571
f 1569/1569/1569 1574/1574/1574 1575/1575/1575
f 1575/1575/1575 1568/1568/1568 1569/1569/1569
f 1575/1575/1575 1574/1574/1574 1571/1571/1571
f 1575/1575/1575 1571/1571/1571 1568/1568/1568
f 1578/1578/1578 1577/1577/1577 1576/1576/1576
f 1577/1577/1577 1579/1579/1579 1576/1576/1576
f 1579/1579/1579 1580/1580/1580 1576/1576/1576
f 1580/1580/1580 1581/1581/1581 1576/1576/1576
f 1580/1580/1580 1582/1582/1582 1581/1581/1581
f 1582/1582/1582 1583/1583/1583 1581/1581/1581
f 1586/1586/1586 1585/1585/1585 1584/1584/1584
f 1585/1585/1585 1587/1587/1587 1584/1584/1584
f 1587/1587/1587 1585/1585/1585 1588/1588/1588
f 1585/1585/1585 1589/1589/1589 1588/1588/1588
f 1588/1588/1588 1589/1589/1589 1590/1590/1590
f 1589/1589/1589 1591/1591/1591 1590/1590/1590
f 1594/1594/1594 1593/1593/1593 1592/1592/1592
f 1593/1593/1593 1595/1595/1595 1592/1592/1592
f 1593/1593/1593 1596/1596/1596 1595/1595/1595
f 1595/1595/1595 1597/1597/1597 1592/1592/1592
f 1597/1597/1597 1598/1598/1598 1592/1592/1592
f 1597/1597/1597 1599/1599/1599 1598/1598/1598
f 1599/1599/1599 1600/1600/1600 1598/1598/1598
f 1599/1599/1599 1601/1601/1601 1600/1600/1600
f 1601/1601/1601 1602/1602/1602 1600/1600/1600
f 1603/1603/1603 1602/1602/1602 1601/1601/1601
f 1604/1604/1604 1603/1603/1603 1601/1601/1601
f 1603/1603/1603 1604/1604/1604 1605/1605/1605
f 1606/1606/1606 1601/1601/1601 1599/1599/1599
f 1604/1604/1604 1601/1601/1601 1606/1606/1606
f 1607/1607/1607 1599/1599/1599 1597/1597/1597
f 1607/1607/1607 1606/1606/1606 1599/1599/1599
f 1597/1597/1597 1595/1595/1595 1608/1608/1608
f 1608/1608/1608 1607/1607/1607 1597/1597/1597
f 1596/1596/1596 1609/1609/1609 1595/1595/1595
f 1595/1595/1595 1609/1609/1609 1608/1608/1608
f 1596/1596/1596 1610/1610/1610 1609/1609/1609
f 1596/1596/1596 1611/1611/1611 1610/1610/1610
f 1610/1610/1610 1612/1612/1612 1609/1609/1609
f 1612/1612/1612 1608/1608/1608 1609/1609/1609
f 1613/1613/1613 1608/1608/1608 1612/1612/1612
f 1613/1613/1613 1607/1607/1607 1608/1608/1608
f 1613/1613/1613 1614/1614/1614 1607/1607/1607
f 1614/1614/1614 1606/1606/1606 1607/1607/1607
f 1614/1614/1614 1615/1615/1615 1606/1606/1606
f 1615/1615/1615 1616/1616/1616 1606/1606/1606
f 1616/1616/1616 1604/1604/1604 1606/1606/1606
f 1615/1615/1615 1617/1617/1617 1616/1616/1616
f 1617/1617/1617 1618/1618/1618 1616/1616/1616
f 1604/1604/1604 1616/1616/1616 1618/1618/1618
f 1617/1617/1617 1619/1619/1619 1618/1618/1618
f 1619/1619/1619 1620/1620/1620 1618/1618/1618
f 1618/1618/1618 1620/1620/1620 1621/1621/1621
f 1622/1622/1622 1604/1604/1604 1618/1618/1618
f 1622/1622/1622 1618/1618/1618 1621/1621/1621
f 1604/1604/1604 1622/1622/1622 1605/1605/1605
f 1621/1621/1621 1623/1623/1623 1622/1622/1622
f 1623/1623/1623 1605/1605/1605 1622/1622/1622
f 1626/1626/1626 1625/1625/1625 1624/1624/1624
f 1627/1627/1627 1626/1626/1626 1624/1624/1624
f 1627/1627/1627 1624/1624/1624 1628/1628/1628
f 1624/1624/1624 1629/1629/1629 1628/1628/1628
f 1629/1629/1629 1630/1630/1630 1628/1628/1628
f 1630/1630/1630 1631/1631/1631 1628/1628/1628
f 1634/1634/1634 1633/1633/1633 1632/1632/1632
f 1635/1635/1635 1634/1634/1634 1632/1632/1632
f 1636/1636/1636 1635/1635/1635 1632/1632/1632
f 1637/1637/1637 1636/1636/1636 1632/1632/1632
f 1636/1636/1636 1637/1637/1637 1638/1638/1638
f 1637/1637/1637 1639/1639/1639 1638/1638/1638
f 1642/1642/1642 1641/1641/1641 1640/1640/1640
f 1641/1641/1641 1643/1643/1643 1640/1640/1640
f 1640/1640/1640 1643/1643/1643 1644/1644/1644
f 1645/1645/1645 1640/1640/1640 1644/1644/1644
f 1645/1645/1645 1644/1644/1644 1646/1646/1646
f 1645/1645/1645 1646/1646/1646 1647/1647/1647
f 1644/1644/1644 1648/1648/1648 1646/1646/1646
f 1646/1646/1646 1649/1649/1649 1647/1647/1647
f 1648/1648/1648 1644/1644/1644 1650/1650/1650
f 1644/1644/1644 1651/1651/1651 1650/1650/1650
f 1649/1649/1649 1652/1652/1652 1647/1647/1647
f 1652/1652/1652 1653/1653/1653 1647/1647/1647
f 1654/1654/1654 1653/1653/1653 1652/1652/1652
f 1650/1650/1650 1651/1651/1651 1655/1655/1655
f 1652/1652/1652 1656/1656/1656 1654/1654/1654
f 1650/1650/1650 1655/1655/1655 1656/1656/1656
f 1656/1656/1656 1657/1657/1657 1654/1654/1654
f 1658/1658/1658 1657/1657/1657 1656/1656/1656
f 1655/1655/1655 1658/1658/1658 1656/1656/1656
f 1659/1659/1659 1658/1658/1658 1655/1655/1655
f 1660/1660/1660 1659/1659/1659 1655/1655/1655
f 1663/1663/1663 1662/1662/1662 1661/1661/1661
f 1662/1662/1662 1664/1664/1664 1661/1661/1661
f 1661/1661/1661 1664/1664/1664 1665/1665/1665
f 1664/1664/1664 1666/1666/1666 1665/1665/1665
f 1666/1666/1666 1667/1667/1667 1665/1665/1665
f 1667/1667/1667 1668/1668/1668 1665/1665/1665
f 1669/1669/1669 1668/1668/1668 1667/1667/1667
f 1670/1670/1670 1669/1669/1669 1667/1667/1667
f 1669/1669/1669 1670/1670/1670 1671/1671/1671
f 1672/1672/1672 1669/1669/1669 1671/1671/1671
f 1673/1673/1673 1672/1672/1672 1671/1671/1671
f 1674/1674/1674 1673/1673/1673 1671/1671/1671
f 1674/1674/1674 1675/1675/1675 1673/1673/1673
f 1675/1675/1675 1676/1676/1676 1673/1673/1673
f 1677/1677/1677 1676/1676/1676 1675/1675/1675
f 1678/1678/1678 1677/1677/1677 1675/1675/1675
f 1681/1681/1681 1680/1680/1680 1679/1679/1679
f 1682/1682/1682 1681/1681/1681 1679/1679/1679
f 1682/1682/1682 1683/1683/1683 1681/1681/1681
f 1683/1683/1683 1684/1684/1684 1681/1681/1681
f 1684/1684/1684 1683/1683/1683 1685/1685/1685
f 1686/1686/1686 1684/1684/1684 1685/1685/1685
f 1689/1689/1689 1688/1688/1688 1687/1687/1687
f 1690/1690/1690 1689/1689/1689 1687/1687/1687
f 1691/1691/1691 1690/1690/1690 1687/1687/1687
f 1692/1692/1692 1691/1691/1691 1687/1687/1687
f 1691/1691/1691 1692/1692/1692 1693/1693/1693
f 1694/1694/1694 1691/1691/1691 1693/1693/1693
f 1693/1693/1693 1695/1695/1695 1694/1694/1694
f 1695/1695/1695 1696/1696/1696 1694/1694/1694
f 1696/1696/1696 1695/1695/1695 1697/1697/1697
f 1695/1695/1695 1698/1698/1698 1697/1697/1697
f 1697/1697/1697 1698/1698/1698 1699/1699/1699
f 1700/1700/1700 1697/1697/1697 1699/1699/1699
f 1699/1699/1699 1701/1701/1701 1700/1700/1700
f 1701/1701/1701 1702/1702/1702 1700/1700/1700
f 1701/1701/1701 1703/1703/1703 1702/1702/1702
f 1703/1703/1703 1704/1704/1704 1702/1702/1702
f 1707/1707/1707 1706/1706/1706 1705/1705/1705
f 1706/1706/1706 1708/1708/1708 1705/1705/1705
f 1709/1709/1709 1708/1708/1708 1706/1706/1706
f 1710/1710/1710 1709/1709/1709 1706/1706/1706
f 1709/1709/1709 1710/1710/1710 1711/1711/1711
f 1710/1710/1710 1712/1712/1712 1711/1711/1711
f 1715/1715/1715 1714/1714/1714 1713/1713/1713
f 1716/1716/1716 1715/1715/1715 1713/1713/1713
f 1719/1719/1719 1718/1718/1718 1717/1717/1717
f 1720/1720/1720 1719/1719/1719 1717/1717/1717
f 1723/1723/1723 1722/1722/1722 1721/1721/1721
f 1724/1724/1724 1723/1723/1723 1721/1721/1721
f 1727/1727/1727 1726/1726/1726 1725/1725/1725
f 1728/1728/1728 1727/1727/1727 1725/1725/1725
f 1731/1731/1731 1730/1730/1730 1729/1729/1729
f 1732/1732/1732 1731/1731/1731 1729/1729/1729
f 1735/1735/1735 1734/1734/1734 1733/1733/1733
f 1734/1734/1734 1736/1736/1736 1733/1733/1733
f 1736/1736/1736 1737/1737/1737 1733/1733/1733
f 1737/1737/1737 1738/1738/1738 1733/1733/1733
f 1736/1736/1736 1739/1739/1739 1737/1737/1737
f 1739/1739/1739 1740/1740/1740 1737/1737/1737
f 1743/1743/1743 1742/1742/1742 1741/1741/1741
f 1744/1744/1744 1743/1743/1743 1741/1741/1741
f 1745/1745/1745 1744/1744/1744 1741/1741/1741
f 1741/1741/1741 1746/1746/1746 1745/1745/1745
f 1744/1744/1744 1747/1747/1747 1743/1743/1743
f 1747/1747/1747 1748/1748/1748 1743/1743/1743
f 1751/1751/1751 1750/1750/1750 1749/1749/1749
f 1752/1752/1752 1751/1751/1751 1749/1749/1749
f 1753/1753/1753 1752/1752/1752 1749/1749/1749
f 1754/1754/1754 1753/1753/1753 1749/1749/1749
f 1754/1754/1754 1755/1755/1755 1753/1753/1753
f 1755/1755/1755 1756/1756/1756 1753/1753/1753
f 1752/1752/1752 1757/1757/1757 1751/1751/1751
f 1758/1758/1758 1751/1751/1751 1757/1757/1757
f 1759/1759/1759 1758/1758/1758 1757/1757/1757
f 1753/1753/1753 1760/1760/1760 1752/1752/1752
f 1760/1760/1760 1757/1757/1757 1752/1752/1752
f 1757/1757/1757 1760/1760/1760 1759/1759/1759
f 1756/1756/1756 1760/1760/1760 1753/1753/1753
f 1760/1760/1760 1761/1761/1761 1759/1759/1759
f 1760/1760/1760 1756/1756/1756 1761/1761/1761
f 1756/1756/1756 1762/1762/1762 1761/1761/1761
f 1765/1765/1765 1764/1764/1764 1763/1763/1763
f 1766/1766/1766 1765/1765/1765 1763/1763/1763
f 1766/1766/1766 1767/1767/1767 1765/1765/1765
f 1768/1768/1768 1765/1765/1765 1767/1767/1767
f 1769/1769/1769 1768/1768/1768 1767/1767/1767
f 1770/1770/1770 1769/1769/1769 1767/1767/1767
f 1771/1771/1771 1767/1767/1767 1766/1766/1766
f 1771/1771/1771 1770/1770/1770 1767/1767/1767
f 1772/1772/1772 1766/1766/1766 1763/1763/1763
f 1772/1772/1772 1771/1771/1771 1766/1766/1766
f 1770/1770/1770 1771/1771/1771 1773/1773/1773
f 1771/1771/1771 1772/1772/1772 1773/1773/1773
f 1774/1774/1774 1770/1770/1770 1773/1773/1773
f 1775/1775/1775 1772/1772/1772 1763/1763/1763
f 1772/1772/1772 1775/1775/1775 1773/1773/1773
f 1775/1775/1775 1763/1763/1763 1776/1776/1776
f 1773/1773/1773 1777/1777/1777 1774/1774/1774
f 1777/1777/1777 1773/1773/1773 1775/1775/1775
f 1777/1777/1777 1778/1778/1778 1774/1774/1774
f 1779/1779/1779 1775/1775/1775 1776/1776/1776
f 1779/1779/1779 1777/1777/1777 1775/1775/1775
f 1776/1776/1776 1780/1780/1780 1779/1779/1779
f 1780/1780/1780 1781/1781/1781 1779/1779/1779
f 1781/1781/1781 1777/1777/1777 1779/1779/1779
f 1777/1777/1777 1781/1781/1781 1778/1778/1778
f 1781/1781/1781 1782/1782/1782 1778/1778/1778
f 1785/1785/1785 1784/1784/1784 1783/1783/1783
f 1786/1786/1786 1785/1785/1785 1783/1783/1783
f 1787/1787/1787 1786/1786/1786 1783/1783/1783
f 1788/1788/1788 1787/1787/1787 1783/1783/1783
f 1788/1788/1788 1789/1789/1789 1787/1787/1787
f 1786/1786/1786 1790/1790/1790 1785/1785/1785
f 1786/1786/1786 1787/1787/1787 1790/1790/1790
f 1791/1791/1791 1785/1785/1785 1790/1790/1790
f 1792/1792/1792 1791/1791/1791 1790/1790/1790
f 1792/1792/1792 1790/1790/1790 1793/1793/1793
f 1787/1787/1787 1793/1793/1793 1790/1790/1790
f 1794/1794/1794 1792/1792/1792 1793/1793/1793
f 1789/1789/1789 1795/1795/1795 1787/1787/1787
f 1789/1789/1789 1796/1796/1796 1795/1795/1795
f 1796/1796/1796 1797/1797/1797 1795/1795/1795
f 1797/1797/1797 1798/1798/1798 1795/1795/1795
f 1798/1798/1798 1799/1799/1799 1794/1794/1794
f 1794/1794/1794 1793/1793/1793 1800/1800/1800
f 1793/1793/1793 1787/1787/1787 1800/1800/1800
f 1787/1787/1787 1795/1795/1795 1800/1800/1800
f 1798/1798/1798 1800/1800/1800 1795/1795/1795
f 1800/1800/1800 1798/1798/1798 1794/1794/1794
f 1803/1803/1803 1802/1802/1802 1801/1801/1801
f 1804/1804/1804 1803/1803/1803 1801/1801/1801
f 1803/1803/1803 1804/1804/1804 1805/1805/1805
f 1804/1804/1804 1806/1806/1806 1805/1805/1805
f 1806/1806/1806 1807/1807/1807 1805/1805/1805
f 1807/1807/1807 1808/1808/1808 1805/1805/1805
f 1808/1808/1808 1807/1807/1807 1809/1809/1809
f 1807/1807/1807 1810/1810/1810 1809/1809/1809
f 1809/1809/1809 1810/1810/1810 1811/1811/1811
f 1810/1810/1810 1812/1812/1812 1811/1811/1811
f 1815/1815/1815 1814/1814/1814 1813/1813/1813
f 1814/1814/1814 1816/1816/1816 1813/1813/1813
f 1813/1813/1813 1816/1816/1816 1817/1817/1817
f 1816/1816/1816 1814/1814/1814 1818/1818/1818
f 1814/1814/1814 1819/1819/1819 1818/1818/1818
f 1819/1819/1819 1820/1820/1820 1818/1818/1818
f 1820/1820/1820 1821/1821/1821 1818/1818/1818
f 1822/1822/1822 1818/1818/1818 1821/1821/1821
f 1818/1818/1818 1822/1822/1822 1816/1816/1816
f 1823/1823/1823 1822/1822/1822 1821/1821/1821
f 1822/1822/1822 1823/1823/1823 1824/1824/1824
f 1816/1816/1816 1825/1825/1825 1817/1817/1817
f 1822/1822/1822 1825/1825/1825 1816/1816/1816
f 1817/1817/1817 1825/1825/1825 1826/1826/1826
f 1825/1825/1825 1827/1827/1827 1826/1826/1826
f 1828/1828/1828 1827/1827/1827 1825/1825/1825
f 1822/1822/1822 1828/1828/1828 1825/1825/1825
f 1828/1828/1828 1822/1822/1822 1824/1824/1824
f 1824/1824/1824 1830/1830/1830 1829/1829/1829
f 1830/1830/1830 1831/1831/1831 1829/1829/1829
f 1830/1830/1830 1832/1832/1832 1831/1831/1831
f 1831/1831/1831 1833/1833/1833 1829/1829/1829
f 1833/1833/1833 1831/1831/1831 1834/1834/1834
f 1835/1835/1835 1833/1833/1833 1834/1834/1834
f 1833/1833/1833 1836/1836/1836 1829/1829/1829
f 1833/1833/1833 1835/1835/1835 1836/1836/1836
f 1835/1835/1835 1837/1837/1837 1836/1836/1836
f 1838/1838/1838 1837/1837/1837 1835/1835/1835
f 1832/1832/1832 1839/1839/1839 1831/1831/1831
f 1831/1831/1831 1839/1839/1839 1834/1834/1834
f 1839/1839/1839 1832/1832/1832 1840/1840/1840
f 1839/1839/1839 1840/1840/1840 1834/1834/1834
f 1832/1832/1832 1841/1841/1841 1840/1840/1840
f 1840/1840/1840 1842/1842/1842 1834/1834/1834
f 1842/1842/1842 1843/1843/1843 1834/1834/1834
f 1843/1843/1843 1844/1844/1844 1834/1834/1834
f 1844/1844/1844 1835/1835/1835 1834/1834/1834
f 1844/1844/1844 1843/1843/1843 1845/1845/1845
f 1835/1835/1835 1844/1844/1844 1846/1846/1846
f 1846/1846/1846 1844/1844/1844 1845/1845/1845
f 1847/1847/1847 1838/1838/1838 1835/1835/1835
f 1847/1847/1847 1835/1835/1835 1846/1846/1846
f 1846/1846/1846 1845/1845/1845 1848/1848/1848
f 1847/1847/1847 1846/1846/1846 1848/1848/1848
f 1845/1845/1845 1849/1849/1849 1848/1848/1848
f 1849/1849/1849 1850/1850/1850 1848/1848/1848
f 1838/1838/1838 1847/1847/1847 1851/1851/1851
f 1851/1851/1851 1847/1847/1847 1848/1848/1848
f 1852/1852/1852 1838/1838/1838 1851/1851/1851
f 1850/1850/1850 1853/1853/1853 1848/1848/1848
f 1851/1851/1851 1848/1848/1848 1853/1853/1853
f 1852/1852/1852 1851/1851/1851 1854/1854/1854
f 1854/1854/1854 1851/1851/1851 1853/1853/1853
f 1854/1854/1854 1853/1853/1853 1855/1855/1855
f 1856/1856/1856 1852/1852/1852 1854/1854/1854
f 1856/1856/1856 1854/1854/1854 1855/1855/1855
f 1857/1857/1857 1856/1856/1856 1855/1855/1855
f 1858/1858/1858 1857/1857/1857 1855/1855/1855
f 1853/1853/1853 1850/1850/1850 1859/1859/1859
f 1853/1853/1853 1859/1859/1859 1855/1855/1855
f 1855/1855/1855 1859/1859/1859 1860/1860/1860
f 1850/1850/1850 1861/1861/1861 1859/1859/1859
f 1859/1859/1859 1861/1861/1861 1860/1860/1860
f 1861/1861/1861 1862/1862/1862 1860/1860/1860
f 1862/1862/1862 1863/1863/1863 1860/1860/1860
f 1863/1863/1863 1864/1864/1864 1860/1860/1860
f 1864/1864/1864 1865/1865/1865 1860/1860/1860
f 1866/1866/1866 1858/1858/1858 1855/1855/1855
f 1866/1866/1866 1855/1855/1855 1860/1860/1860
f 1865/1865/1865 1866/1866/1866 1860/1860/1860
f 1867/1867/1867 1858/1858/1858 1866/1866/1866
f 1865/1865/1865 1867/1867/1867 1866/1866/1866
f 1870/1870/1870 1869/1869/1869 1868/1868/1868
f 1869/1869/1869 1871/1871/1871 1868/1868/1868
f 1871/1871/1871 1869/1869/1869 1872/1872/1872
f 1869/1869/1869 1873/1873/1873 1872/1872/1872
f 1872/1872/1872 1873/1873/1873 1874/1874/1874
f 1873/1873/1873 1875/1875/1875 1874/1874/1874
f 1874/1874/1874 1875/1875/1875 1876/1876/1876
f 1875/1875/1875 1877/1877/1877 1876/1876/1876
f 1877/1877/1877 1878/1878/1878 1876/1876/1876
f 1878/1878/1878 1879/1879/1879 1876/1876/1876
f 1882/1882/1882 1881/1881/1881 1880/1880/1880
f 1881/1881/1881 1883/1883/1883 1880/1880/1880
f 1880/1880/1880 1883/1883/1883 1884/1884/1884
f 1883/1883/1883 1885/1885/1885 1884/1884/1884
f 1884/1884/1884 1885/1885/1885 1886/1886/1886
f 1887/1887/1887 1884/1884/1884 1886/1886/1886
f 1887/1887/1887 1886/1886/1886 1888/1888/1888
f 1886/1886/1886 1889/1889/1889 1888/1888/1888
f 1889/1889/1889 1890/1890/1890 1888/1888/1888
f 1890/1890/1890 1891/1891/1891 1888/1888/1888
f 1892/1892/1892 1891/1891/1891 1890/1890/1890
f 1893/1893/1893 1892/1892/1892 1890/1890/1890
f 1892/1892/1892 1893/1893/1893 1894/1894/1894
f 1895/1895/1895 1892/1892/1892 1894/1894/1894
f 1898/1898/1898 1897/1897/1897 1896/1896/1896
f 1899/1899/1899 1898/1898/1898 1896/1896/1896
f 1902/1902/1902 1901/1901/1901 1900/1900/1900
f 1903/1903/1903 1902/1902/1902 1900/1900/1900
f 1903/1903/1903 1900/1900/1900 1904/1904/1904
f 1905/1905/1905 1903/1903/1903 1904/1904/1904
f 1906/1906/1906 1905/1905/1905 1904/1904/1904
f 1907/1907/1907 1906/1906/1906 1904/1904/1904
f 1906/1906/1906 1907/1907/1907 1908/1908/1908
f 1909/1909/1909 1906/1906/1906 1908/1908/1908
f 1909/1909/1909 1908/1908/1908 1910/1910/1910
f 1908/1908/1908 1911/1911/1911 1910/1910/1910
f 1911/1911/1911 1912/1912/1912 1910/1910/1910
f 1912/1912/1912 1913/1913/1913 1910/1910/1910
f 1914/1914/1914 1913/1913/1913 1912/1912/1912
f 1915/1915/1915 1914/1914/1914 1912/1912/1912
f 1918/1918/1918 1917/1917/1917 1916/1916/1916
f 1919/1919/1919 1918/1918/1918 1916/1916/1916
f 1922/1922/1922 1921/1921/1921 1920/1920/1920
f 1921/1921/1921 1923/1923/1923 1920/1920/1920
f 1923/1923/1923 1921/1921/1921 1924/1924/1924
f 1921/1921/1921 1925/1925/1925 1924/1924/1924
f 1924/1924/1924 1925/1925/1925 1926/1926/1926
f 1925/1925/1925 1927/1927/1927 1926/1926/1926
f 1926/1926/1926 1927/1927/1927 1928/1928/1928
f 1929/1929/1929 1926/1926/1926 1928/1928/1928
f 1929/1929/1929 1928/1928/1928 1930/1930/1930
f 1931/1931/1931 1929/1929/1929 1930/1930/1930
f 1931/1931/1931 1930/1930/1930 1932/1932/1932
f 1933/1933/1933 1931/1931/1931 1932/1932/1932
f 1933/1933/1933 1932/1932/1932 1934/1934/1934
f 1935/1935/1935 1933/1933/1933 1934/1934/1934
f 1934/1934/1934 1936/1936/1936 1935/1935/1935
f 1936/1936/1936 1937/1937/1937 1935/1935/1935
f 1936/1936/1936 1938/1938/1938 1937/1937/1937
f 1938/1938/1938 1939/1939/1939 1937/1937/1937
f 1940/1940/1940 1939/1939/1939 1938/1938/1938
f 1941/1941/1941 1940/1940/1940 1938/1938/1938
f 1942/1942/1942 1940/1940/1940 1941/1941/1941
f 1943/1943/1943 1942/1942/1942 1941/1941/1941
f 1942/1942/1942 1943/1943/1943 1944/1944/1944
f 1945/1945/1945 1942/1942/1942 1944/1944/1944
f 1947/1947/1947 1946/1946/1946 1945/1945/1945
f 1948/1948/1948 1947/1947/1947 1945/1945/1945
f 1951/1951/1951 1950/1950/1950 1949/1949/1949
f 1950/1950/1950 1952/1952/1952 1949/1949/1949
f 1952/1952/1952 1953/1953/1953 1949/1949/1949
f 1953/1953/1953 1954/1954/1954 1949/1949/1949
f 1953/1953/1953 1955/1955/1955 1954/1954/1954
f 1955/1955/1955 1956/1956/1956 1954/1954/1954
f 1956/1956/1956 1955/1955/1955 1957/1957/1957
f 1958/1958/1958 1956/1956/1956 1957/1957/1957
f 1958/1958/1958 1957/1957/1957 1959/1959/1959
f 1960/1960/1960 1958/1958/1958 1959/1959/1959
f 1959/1959/1959 1961/1961/1961 1960/1960/1960
f 1961/1961/1961 1962/1962/1962 1960/1960/1960
f 1962/1962/1962 1961/1961/1961 1963/1963/1963
f 1964/1964/1964 1962/1962/1962 1963/1963/1963
f 1964/1964/1964 1963/1963/1963 1965/1965/1965
f 1966/1966/1966 1964/1964/1964 1965/1965/1965
f 1969/1969/1969 1968/1968/1968 1967/1967/1967
f 1970/1970/1970 1969/1969/1969 1967/1967/1967
f 1969/1969/1969 1970/1970/1970 1971/1971/1971
f 1972/1972/1972 1969/1969/1969 1971/1971/1971
f 1972/1972/1972 1971/1971/1971 1973/1973/1973
f 1974/1974/1974 1972/1972/1972 1973/1973/1973
f 1977/1977/1977 1976/1976/1976 1975/1975/1975
f 1976/1976/1976 1978/1978/1978 1975/1975/1975
f 1978/1978/1978 1979/1979/1979 1975/1975/1975
f 1979/1979/1979 1980/1980/1980 1975/1975/1975
f 1979/1979/1979 1981/1981/1981 1980/1980/1980
f 1981/1981/1981 1982/1982/1982 1980/1980/1980
f 1981/1981/1981 1983/1983/1983 1982/1982/1982
f 1983/1983/1983 1984/1984/1984 1982/1982/1982
f 1983/1983/1983 1985/1985/1985 1984/1984/1984
f 1985/1985/1985 1986/1986/1986 1984/1984/1984
f 1989/1989/1989 1988/1988/1988 1987/1987/1987
f 1988/1988/1988 1990/1990/1990 1987/1987/1987
f 1990/1990/1990 1988/1988/1988 1991/1991/1991
f 1990/1990/1990 1992/1992/1992 1987/1987/1987
f 1992/1992/1992 1993/1993/1993 1987/1987/1987
f 1994/1994/1994 1990/1990/1990 1991/1991/1991
f 1990/1990/1990 1994/1994/1994 1992/1992/1992
f 1994/1994/1994 1995/1995/1995 1992/1992/1992
f 1994/1994/1994 1991/1991/1991 1996/1996/1996
f 1994/1994/1994 1997/1997/1997 1995/1995/1995
f 1997/1997/1997 1994/1994/1994 1996/1996/1996
f 1997/1997/1997 1998/1998/1998 1995/1995/1995
f 1998/1998/1998 1997/1997/1997 1999/1999/1999
f 1997/1997/1997 1996/1996/1996 2000/2000/2000
f 1997/1997/1997 2000/2000/2000 1999/1999/1999
f 1996/1996/1996 2001/2001/2001 2000/2000/2000
f 1999/1999/1999 2000/2000/2000 2002/2002/2002
f 2003/2003/2003 2000/2000/2000 2001/2001/2001
f 2000/2000/2000 2003/2003/2003 2002/2002/2002
f 2004/2004/2004 2003/2003/2003 2001/2001/2001
f 2002/2002/2002 2003/2003/2003 2005/2005/2005
f 2004/2004/2004 2006/2006/2006 2003/2003/2003
f 2003/2003/2003 2007/2007/2007 2005/2005/2005
f 2006/2006/2006 2007/2007/2007 2003/2003/2003
f 2005/2005/2005 2007/2007/2007 2008/2008/2008
f 2007/2007/2007 2006/2006/2006 2009/2009/2009
f 2007/2007/2007 2009/2009/2009 2008/2008/2008
f 2006/2006/2006 2010/2010/2010 2009/2009/2009
f 2008/2008/2008 2009/2009/2009 2011/2011/2011
f 2012/2012/2012 2009/2009/2009 2010/2010/2010
f 2009/2009/2009 2012/2012/2012 2011/2011/2011
f 2013/2013/2013 2012/2012/2012 2010/2010/2010
f 2011/2011/2011 2012/2012/2012 2014/2014/2014
f 2015/2015/2015 2012/2012/2012 2013/2013/2013
f 2012/2012/2012 2015/2015/2015 2014/2014/2014
f 2016/2016/2016 2015/2015/2015 2013/2013/2013
f 2014/2014/2014 2015/2015/2015 2017/2017/2017
f 2015/2015/2015 2018/2018/2018 2017/2017/2017
f 2018/2018/2018 2015/2015/2015 2019/2019/2019
f 2020/2020/2020 2018/2018/2018 2019/2019/2019
f 2017/2017/2017 2018/2018/2018 2021/2021/2021
f 2020/2020/2020 2022/2022/2022 2018/2018/2018
f 2018/2018/2018 2023/2023/2023 2021/2021/2021
f 2022/2022/2022 2023/2023/2023 2018/2018/2018
f 2021/2021/2021 2023/2023/2023 2024/2024/2024
f 2023/2023/2023 2025/2025/2025 2024/2024/2024
f 2025/2025/2025 2023/2023/2023 2022/2022/2022
f 2026/2026/2026 2025/2025/2025 2022/2022/2022
f 2029/2029/2029 2028/2028/2028 2027/2027/2027
f 2030/2030/2030 2029/2029/2029 2027/2027/2027
f 2030/2030/2030 2027/2027/2027 2031/2031/2031
f 2029/2029/2029 2030/2030/2030 2032/2032/2032
f 2033/2033/2033 2029/2029/2029 2032/2032/2032
f 2033/2033/2033 2032/2032/2032 2034/2034/2034
f 2034/2034/2034 2032/2032/2032 2035/2035/2035
f 2036/2036/2036 2033/2033/2033 2034/2034/2034
f 2036/2036/2036 2034/2034/2034 2037/2037/2037
f 2037/2037/2037 2034/2034/2034 2035/2035/2035
f 2038/2038/2038 2036/2036/2036 2037/2037/2037
f 2032/2032/2032 2030/2030/2030 2039/2039/2039
f 2032/2032/2032 2039/2039/2039 2035/2035/2035
f 2040/2040/2040 2030/2030/2030 2031/2031/2031
f 2030/2030/2030 2040/2040/2040 2039/2039/2039
f 2040/2040/2040 2031/2031/2031 2041/2041/2041
f 2039/2039/2039 2040/2040/2040 2041/2041/2041
f 2031/2031/2031 2042/2042/2042 2041/2041/2041
f 2041/2041/2041 2042/2042/2042 2043/2043/2043
f 2044/2044/2044 2041/2041/2041 2043/2043/2043
f 2044/2044/2044 2045/2045/2045 2041/2041/2041
f 2046/2046/2046 2039/2039/2039 2041/2041/2041
f 2045/2045/2045 2046/2046/2046 2041/2041/2041
f 2035/2035/2035 2039/2039/2039 2046/2046/2046
f 2045/2045/2045 2047/2047/2047 2046/2046/2046
f 2047/2047/2047 2048/2048/2048 2046/2046/2046
f 2048/2048/2048 2035/2035/2035 2046/2046/2046
f 2047/2047/2047 2049/2049/2049 2048/2048/2048
f 2049/2049/2049 2050/2050/2050 2048/2048/2048
f 2035/2035/2035 2048/2048/2048 2050/2050/2050
f 2050/2050/2050 2049/2049/2049 2051/2051/2051
f 2052/2052/2052 2035/2035/2035 2050/2050/2050
f 2052/2052/2052 2037/2037/2037 2035/2035/2035
f 2052/2052/2052 2050/2050/2050 2053/2053/2053
f 2037/2037/2037 2052/2052/2052 2053/2053/2053
f 2054/2054/2054 2050/2050/2050 2051/2051/2051
f 2050/2050/2050 2054/2054/2054 2053/2053/2053
f 2055/2055/2055 2037/2037/2037 2053/2053/2053
f 2038/2038/2038 2037/2037/2037 2055/2055/2055
f 2056/2056/2056 2038/2038/2038 2055/2055/2055
f 2057/2057/2057 2056/2056/2056 2055/2055/2055
f 2058/2058/2058 2054/2054/2054 2051/2051/2051
f 2059/2059/2059 2058/2058/2058 2051/2051/2051
f 2060/2060/2060 2053/2053/2053 2054/2054/2054
f 2055/2055/2055 2053/2053/2053 2060/2060/2060
f 2058/2058/2058 2060/2060/2060 2054/2054/2054
f 2061/2061/2061 2057/2057/2057 2055/2055/2055
f 2061/2061/2061 2055/2055/2055 2060/2060/2060
f 2062/2062/2062 2057/2057/2057 2061/2061/2061
f 2063/2063/2063 2058/2058/2058 2059/2059/2059
f 2064/2064/2064 2063/2063/2063 2059/2059/2059
f 2065/2065/2065 2060/2060/2060 2058/2058/2058
f 2061/2061/2061 2060/2060/2060 2065/2065/2065
f 2063/2063/2063 2065/2065/2065 2058/2058/2058
f 2066/2066/2066 2062/2062/2062 2061/2061/2061
f 2066/2066/2066 2061/2061/2061 2065/2065/2065
f 2067/2067/2067 2062/2062/2062 2066/2066/2066
f 2063/2063/2063 2064/2064/2064 2068/2068/2068
f 2064/2064/2064 2069/2069/2069 2068/2068/2068
f 2069/2069/2069 2070/2070/2070 2068/2068/2068
f 2071/2071/2071 2065/2065/2065 2063/2063/2063
f 2068/2068/2068 2071/2071/2071 2063/2063/2063
f 2072/2072/2072 2066/2066/2066 2065/2065/2065
f 2072/2072/2072 2067/2067/2067 2066/2066/2066
f 2071/2071/2071 2072/2072/2072 2065/2065/2065
f 2072/2072/2072 2073/2073/2073 2067/2067/2067
f 2072/2072/2072 2071/2071/2071 2073/2073/2073
f 2073/2073/2073 2074/2074/2074 2067/2067/2067
f 2075/2075/2075 2074/2074/2074 2073/2073/2073
f 2070/2070/2070 2076/2076/2076 2068/2068/2068
f 2068/2068/2068 2076/2076/2076 2071/2071/2071
f 2071/2071/2071 2077/2077/2077 2073/2073/2073
f 2076/2076/2076 2077/2077/2077 2071/2071/2071
f 2073/2073/2073 2077/2077/2077 2078/2078/2078
f 2078/2078/2078 2077/2077/2077 2076/2076/2076
f 2079/2079/2079 2075/2075/2075 2073/2073/2073
f 2079/2079/2079 2073/2073/2073 2078/2078/2078
f 2080/2080/2080 2075/2075/2075 2079/2079/2079
f 2081/2081/2081 2080/2080/2080 2079/2079/2079
f 2081/2081/2081 2079/2079/2079 2078/2078/2078
f 2082/2082/2082 2081/2081/2081 2078/2078/2078
f 2082/2082/2082 2078/2078/2078 2083/2083/2083
f 2084/2084/2084 2076/2076/2076 2070/2070/2070
f 2084/2084/2084 2078/2078/2078 2076/2076/2076
f 2078/2078/2078 2084/2084/2084 2083/2083/2083
f 2085/2085/2085 2084/2084/2084 2070/2070/2070
f 2084/2084/2084 2085/2085/2085 2083/2083/2083
f 2085/2085/2085 2086/2086/2086 2083/2083/2083
f 2089/2089/2089 2088/2088/2088 2087/2087/2087
f 2088/2088/2088 2090/2090/2090 2087/2087/2087
f 2087/2087/2087 2090/2090/2090 2091/2091/2091
f 2090/2090/2090 2088/2088/2088 2092/2092/2092
f 2090/2090/2090 2093/2093/2093 2091/2091/2091
f 2091/2091/2091 2093/2093/2093 2094/2094/2094
f 2093/2093/2093 2095/2095/2095 2094/2094/2094
f 2096/2096/2096 2095/2095/2095 2093/2093/2093
f 2097/2097/2097 2094/2094/2094 2095/2095/2095
f 2098/2098/2098 2097/2097/2097 2095/2095/2095
f 2098/2098/2098 2095/2095/2095 2096/2096/2096
f 2099/2099/2099 2098/2098/2098 2096/2096/2096
f 2100/2100/2100 2099/2099/2099 2096/2096/2096
f 2101/2101/2101 2093/2093/2093 2090/2090/2090
f 2101/2101/2101 2096/2096/2096 2093/2093/2093
f 2101/2101/2101 2102/2102/2102 2096/2096/2096
f 2103/2103/2103 2100/2100/2100 2096/2096/2096
f 2102/2102/2102 2103/2103/2103 2096/2096/2096
f 2100/2100/2100 2103/2103/2103 2104/2104/2104
f 2105/2105/2105 2101/2101/2101 2090/2090/2090
f 2101/2101/2101 2105/2105/2105 2102/2102/2102
f 2105/2105/2105 2090/2090/2090 2092/2092/2092
f 2103/2103/2103 2106/2106/2106 2104/2104/2104
f 2103/2103/2103 2102/2102/2102 2106/2106/2106
f 2104/2104/2104 2106/2106/2106 2107/2107/2107
f 2106/2106/2106 2108/2108/2108 2107/2107/2107
f 2105/2105/2105 2092/2092/2092 2109/2109/2109
f 2105/2105/2105 2109/2109/2109 2102/2102/2102
f 2092/2092/2092 2110/2110/2110 2109/2109/2109
f 2106/2106/2106 2111/2111/2111 2108/2108/2108
f 2102/2102/2102 2111/2111/2111 2106/2106/2106
f 2111/2111/2111 2112/2112/2112 2108/2108/2108
f 2113/2113/2113 2112/2112/2112 2111/2111/2111
f 2109/2109/2109 2114/2114/2114 2102/2102/2102
f 2109/2109/2109 2110/2110/2110 2114/2114/2114
f 2114/2114/2114 2111/2111/2111 2102/2102/2102
f 2114/2114/2114 2113/2113/2113 2111/2111/2111
f 2110/2110/2110 2115/2115/2115 2114/2114/2114
f 2114/2114/2114 2115/2115/2115 2113/2113/2113
f 2115/2115/2115 2116/2116/2116 2113/2113/2113
f 2119/2119/2119 2118/2118/2118 2117/2117/2117
f 2120/2120/2120 2119/2119/2119 2117/2117/2117
f 2121/2121/2121 2119/2119/2119 2120/2120/2120
f 2120/2120/2120 2117/2117/2117 2122/2122/2122
f 2117/2117/2117 2123/2123/2123 2122/2122/2122
f 2122/2122/2122 2123/2123/2123 2124/2124/2124
f 2125/2125/2125 2121/2121/2121 2120/2120/2120
f 2126/2126/2126 2121/2121/2121 2125/2125/2125
f 2127/2127/2127 2122/2122/2122 2124/2124/2124
f 2127/2127/2127 2124/2124/2124 2128/2128/2128
f 2129/2129/2129 2127/2127/2127 2128/2128/2128
f 2120/2120/2120 2122/2122/2122 2130/2130/2130
f 2130/2130/2130 2122/2122/2122 2127/2127/2127
f 2125/2125/2125 2120/2120/2120 2130/2130/2130
f 2131/2131/2131 2127/2127/2127 2129/2129/2129
f 2131/2131/2131 2130/2130/2130 2127/2127/2127
f 2132/2132/2132 2131/2131/2131 2129/2129/2129
f 2133/2133/2133 2131/2131/2131 2132/2132/2132
f 2130/2130/2130 2131/2131/2131 2133/2133/2133
f 2134/2134/2134 2133/2133/2133 2132/2132/2132
f 2135/2135/2135 2126/2126/2126 2125/2125/2125
f 2136/2136/2136 2126/2126/2126 2135/2135/2135
f 2125/2125/2125 2130/2130/2130 2137/2137/2137
f 2137/2137/2137 2130/2130/2130 2133/2133/2133
f 2135/2135/2135 2125/2125/2125 2137/2137/2137
f 2138/2138/2138 2133/2133/2133 2134/2134/2134
f 2139/2139/2139 2138/2138/2138 2134/2134/2134
f 2140/2140/2140 2137/2137/2137 2133/2133/2133
f 2135/2135/2135 2137/2137/2137 2140/2140/2140
f 2138/2138/2138 2140/2140/2140 2133/2133/2133
f 2141/2141/2141 2138/2138/2138 2139/2139/2139
f 2138/2138/2138 2141/2141/2141 2140/2140/2140
f 2142/2142/2142 2141/2141/2141 2139/2139/2139
f 2143/2143/2143 2136/2136/2136 2135/2135/2135
f 2143/2143/2143 2135/2135/2135 2140/2140/2140
f 2141/2141/2141 2144/2144/2144 2140/2140/2140
f 2140/2140/2140 2144/2144/2144 2143/2143/2143
f 2141/2141/2141 2142/2142/2142 2145/2145/2145
f 2141/2141/2141 2145/2145/2145 2144/2144/2144
f 2142/2142/2142 2146/2146/2146 2145/2145/2145
f 2143/2143/2143 2147/2147/2147 2136/2136/2136
f 2144/2144/2144 2147/2147/2147 2143/2143/2143
f 2147/2147/2147 2148/2148/2148 2136/2136/2136
f 2148/2148/2148 2147/2147/2147 2149/2149/2149
f 2147/2147/2147 2150/2150/2150 2149/2149/2149
f 2147/2147/2147 2144/2144/2144 2150/2150/2150
f 2151/2151/2151 2149/2149/2149 2150/2150/2150
f 2152/2152/2152 2145/2145/2145 2146/2146/2146
f 2153/2153/2153 2152/2152/2152 2146/2146/2146
f 2145/2145/2145 2154/2154/2154 2144/2144/2144
f 2144/2144/2144 2154/2154/2154 2150/2150/2150
f 2145/2145/2145 2152/2152/2152 2154/2154/2154
f 2155/2155/2155 2151/2151/2151 2150/2150/2150
f 2150/2150/2150 2154/2154/2154 2155/2155/2155
f 2156/2156/2156 2151/2151/2151 2155/2155/2155
f 2157/2157/2157 2152/2152/2152 2153/2153/2153
f 2157/2157/2157 2158/2158/2158 2152/2152/2152
f 2159/2159/2159 2157/2157/2157 2153/2153/2153
f 2159/2159/2159 2160/2160/2160 2157/2157/2157
f 2160/2160/2160 2161/2161/2161 2157/2157/2157
f 2158/2158/2158 2157/2157/2157 2161/2161/2161
f 2162/2162/2162 2158/2158/2158 2161/2161/2161
f 2162/2162/2162 2163/2163/2163 2158/2158/2158
f 2164/2164/2164 2156/2156/2156 2163/2163/2163
f 2152/2152/2152 2165/2165/2165 2154/2154/2154
f 2154/2154/2154 2165/2165/2165 2155/2155/2155
f 2158/2158/2158 2165/2165/2165 2152/2152/2152
f 2155/2155/2155 2165/2165/2165 2158/2158/2158
f 2163/2163/2163 2166/2166/2166 2158/2158/2158
f 2156/2156/2156 2166/2166/2166 2163/2163/2163
f 2166/2166/2166 2155/2155/2155 2158/2158/2158
f 2166/2166/2166 2156/2156/2156 2155/2155/2155
f 2169/2169/2169 2168/2168/2168 2167/2167/2167
f 2170/2170/2170 2169/2169/2169 2167/2167/2167
f 2170/2170/2170 2171/2171/2171 2169/2169/2169
f 2172/2172/2172 2171/2171/2171 2170/2170/2170
f 2172/2172/2172 2173/2173/2173 2171/2171/2171
f 2171/2171/2171 2173/2173/2173 2174/2174/2174
f 2171/2171/2171 2175/2175/2175 2169/2169/2169
f 2169/2169/2169 2175/2175/2175 2176/2176/2176
f 2171/2171/2171 2174/2174/2174 2177/2177/2177
f 2171/2171/2171 2177/2177/2177 2175/2175/2175
f 2174/2174/2174 2178/2178/2178 2177/2177/2177
f 2174/2174/2174 2179/2179/2179 2178/2178/2178
f 2178/2178/2178 2180/2180/2180 2177/2177/2177
f 2178/2178/2178 2181/2181/2181 2180/2180/2180
f 2181/2181/2181 2182/2182/2182 2180/2180/2180
f 2180/2180/2180 2183/2183/2183 2177/2177/2177
f 2177/2177/2177 2183/2183/2183 2175/2175/2175
f 2180/2180/2180 2184/2184/2184 2183/2183/2183
f 2175/2175/2175 2185/2185/2185 2176/2176/2176
f 2175/2175/2175 2183/2183/2183 2185/2185/2185
f 2184/2184/2184 2186/2186/2186 2183/2183/2183
f 2183/2183/2183 2186/2186/2186 2185/2185/2185
f 2186/2186/2186 2184/2184/2184 2187/2187/2187
f 2186/2186/2186 2187/2187/2187 2185/2185/2185
f 2184/2184/2184 2188/2188/2188 2187/2187/2187
f 2187/2187/2187 2189/2189/2189 2185/2185/2185
f 2185/2185/2185 2189/2189/2189 2176/2176/2176
f 2189/2189/2189 2190/2190/2190 2176/2176/2176
f 2193/2193/2193 2192/2192/2192 2191/2191/2191
f 2194/2194/2194 2193/2193/2193 2191/2191/2191
f 2194/2194/2194 2191/2191/2191 2195/2195/2195
f 2191/2191/2191 2196/2196/2196 2195/2195/2195
f 2191/2191/2191 2197/2197/2197 2196/2196/2196
f 2194/2194/2194 2195/2195/2195 2198/2198/2198
f 2199/2199/2199 2198/2198/2198 2195/2195/2195
f 2199/2199/2199 2200/2200/2200 2198/2198/2198
f 2194/2194/2194 2198/2198/2198 2201/2201/2201
f 2194/2194/2194 2201/2201/2201 2202/2202/2202
f 2201/2201/2201 2203/2203/2203 2202/2202/2202
f 2203/2203/2203 2204/2204/2204 2202/2202/2202
f 2207/2207/2207 2206/2206/2206 2205/2205/2205
f 2206/2206/2206 2208/2208/2208 2205/2205/2205
f 2208/2208/2208 2209/2209/2209 2205/2205/2205
f 2209/2209/2209 2210/2210/2210 2205/2205/2205
f 2211/2211/2211 2210/2210/2210 2209/2209/2209
f 2212/2212/2212 2208/2208/2208 2206/2206/2206
f 2213/2213/2213 2212/2212/2212 2206/2206/2206
f 2214/2214/2214 2211/2211/2211 2209/2209/2209
f 2215/2215/2215 2211/2211/2211 2214/2214/2214
f 2216/2216/2216 2215/2215/2215 2214/2214/2214
f 2217/2217/2217 2209/2209/2209 2208/2208/2208
f 2214/2214/2214 2209/2209/2209 2217/2217/2217
f 2212/2212/2212 2217/2217/2217 2208/2208/2208
f 2216/2216/2216 2214/2214/2214 2218/2218/2218
f 2218/2218/2218 2214/2214/2214 2217/2217/2217
f 2219/2219/2219 2218/2218/2218 2217/2217/2217
f 2220/2220/2220 2216/2216/2216 2218/2218/2218
f 2220/2220/2220 2218/2218/2218 2219/2219/2219
f 2221/2221/2221 2220/2220/2220 2219/2219/2219
f 2222/2222/2222 2221/2221/2221 2219/2219/2219
f 2212/2212/2212 2213/2213/2213 2223/2223/2223
f 2213/2213/2213 2224/2224/2224 2223/2223/2223
f 2224/2224/2224 2225/2225/2225 2223/2223/2223
f 2226/2226/2226 2217/2217/2217 2212/2212/2212
f 2226/2226/2226 2219/2219/2219 2217/2217/2217
f 2223/2223/2223 2226/2226/2226 2212/2212/2212
f 2226/2226/2226 2227/2227/2227 2219/2219/2219
f 2226/2226/2226 2223/2223/2223 2227/2227/2227
f 2228/2228/2228 2222/2222/2222 2219/2219/2219
f 2227/2227/2227 2228/2228/2228 2219/2219/2219
f 2229/2229/2229 2222/2222/2222 2228/2228/2228
f 2230/2230/2230 2229/2229/2229 2228/2228/2228
f 2230/2230/2230 2228/2228/2228 2227/2227/2227
f 2231/2231/2231 2230/2230/2230 2227/2227/2227
f 2231/2231/2231 2227/2227/2227 2232/2232/2232
f 2233/2233/2233 2232/2232/2232 2225/2225/2225
f 2223/2223/2223 2234/2234/2234 2227/2227/2227
f 2225/2225/2225 2234/2234/2234 2223/2223/2223
f 2227/2227/2227 2234/2234/2234 2232/2232/2232
f 2232/2232/2232 2234/2234/2234 2225/2225/2225
f 2237/2237/2237 2236/2236/2236 2235/2235/2235
f 2238/2238/2238 2237/2237/2237 2235/2235/2235
f 2241/2241/2241 2240/2240/2240 2239/2239/2239
f 2242/2242/2242 2241/2241/2241 2239/2239/2239
f 2245/2245/2245 2244/2244/2244 2243/2243/2243
f 2246/2246/2246 2245/2245/2245 2243/2243/2243
f 2249/2249/2249 2248/2248/2248 2247/2247/2247
f 2250/2250/2250 2249/2249/2249 2247/2247/2247
f 2253/2253/2253 2252/2252/2252 2251/2251/2251
f 2254/2254/2254 2253/2253/2253 2251/2251/2251
f 2257/2257/2257 2256/2256/2256 2255/2255/2255
f 2258/2258/2258 2257/2257/2257 2255/2255/2255
f 2261/2261/2261 2260/2260/2260 2259/2259/2259
f 2262/2262/2262 2261/2261/2261 2259/2259/2259
f 2265/2265/2265 2264/2264/2264 2263/2263/2263
f 2266/2266/2266 2265/2265/2265 2263/2263/2263
f 2269/2269/2269 2268/2268/2268 2267/2267/2267
f 2270/2270/2270 2269/2269/2269 2267/2267/2267
f 2273/2273/2273 2272/2272/2272 2271/2271/2271
f 2274/2274/2274 2273/2273/2273 2271/2271/2271
f 2277/2277/2277 2276/2276/2276 2275/2275/2275
f 2278/2278/2278 2277/2277/2277 2275/2275/2275
f 2281/2281/2281 2280/2280/2280 2279/2279/2279
f 2282/2282/2282 2281/2281/2281 2279/2279/2279
f 2285/2285/2285 2284/2284/2284 2283/2283/2283
f 2286/2286/2286 2285/2285/2285 2283/2283/2283
f 2289/2289/2289 2288/2288/2288 2287/2287/2287
f 2290/2290/2290 2289/2289/2289 2287/2287/2287
f 2293/2293/2293 2292/2292/2292 2291/2291/2291
f 2292/2292/2292 2294/2294/2294 2291/2291/2291
f 2294/2294/2294 2295/2295/2295 2291/2291/2291
f 2295/2295/2295 2296/2296/2296 2291/2291/2291
f 2299/2299/2299 2298/2298/2298 2297/2297/2297
f 2298/2298/2298 2300/2300/2300 2297/2297/2297
f 2297/2297/2297 2300/2300/2300 2301/2301/2301
f 2300/2300/2300 2302/2302/2302 2301/2301/2301
f 2305/2305/2305 2304/2304/2304 2303/2303/2303
f 2306/2306/2306 2305/2305/2305 2303/2303/2303
f 2309/2309/2309 2308/2308/2308 2307/2307/2307
f 2310/2310/2310 2309/2309/2309 2307/2307/2307
f 2313/2313/2313 2312/2312/2312 2311/2311/2311
f 2314/2314/2314 2313/2313/2313 2311/2311/2311
f 2317/2317/2317 2316/2316/2316 2315/2315/2315
f 2318/2318/2318 2317/2317/2317 2315/2315/2315
f 2321/2321/2321 2320/2320/2320 2319/2319/2319
f 2322/2322/2322 2321/2321/2321 2319/2319/2319
f 2325/2325/2325 2324/2324/2324 2323/2323/2323
f 2326/2326/2326 2325/2325/2325 2323/2323/2323
f 2329/2329/2329 2328/2328/2328 2327/2327/2327
f 2330/2330/2330 2329/2329/2329 2327/2327/2327
f 2333/2333/2333 2332/2332/2332 2331/2331/2331
f 2334/2334/2334 2333/2333/2333 2331/2331/2331
f 2337/2337/2337 2336/2336/2336 2335/2335/2335
f 2338/2338/2338 2337/2337/2337 2335/2335/2335
f 2341/2341/2341 2340/2340/2340 2339/2339/2339
f 2342/2342/2342 2341/2341/2341 2339/2339/2339
f 2345/2345/2345 2344/2344/2344 2343/2343/2343
f 2346/2346/2346 2345/2345/2345 2343/2343/2343
f 2349/2349/2349 2348/2348/2348 2347/2347/2347
f 2350/2350/2350 2349/2349/2349 2347/2347/2347
f 2353/2353/2353 2352/2352/2352 2351/2351/2351
f 2352/2352/2352 2354/2354/2354 2351/2351/2351
f 2351/2351/2351 2354/2354/2354 2355/2355/2355
f 2354/2354/2354 2352/2352/2352 2356/2356/2356
f 2352/2352/2352 2357/2357/2357 2356/2356/2356
f 2354/2354/2354 2356/2356/2356 2358/2358/2358
f 2354/2354/2354 2359/2359/2359 2355/2355/2355
f 2359/2359/2359 2354/2354/2354 2358/2358/2358
f 2359/2359/2359 2360/2360/2360 2355/2355/2355
f 2360/2360/2360 2359/2359/2359 2358/2358/2358
f 2360/2360/2360 2361/2361/2361 2355/2355/2355
f 2362/2362/2362 2360/2360/2360 2358/2358/2358
f 2360/2360/2360 2363/2363/2363 2361/2361/2361
f 2363/2363/2363 2360/2360/2360 2362/2362/2362
f 2364/2364/2364 2363/2363/2363 2362/2362/2362
f 2363/2363/2363 2365/2365/2365 2361/2361/2361
f 2363/2363/2363 2364/2364/2364 2366/2366/2366
f 2365/2365/2365 2363/2363/2363 2367/2367/2367
f 2367/2367/2367 2363/2363/2363 2366/2366/2366
f 2368/2368/2368 2365/2365/2365 2367/2367/2367
f 2368/2368/2368 2367/2367/2367 2369/2369/2369
f 2367/2367/2367 2366/2366/2366 2370/2370/2370
f 2367/2367/2367 2371/2371/2371 2369/2369/2369
f 2371/2371/2371 2367/2367/2367 2370/2370/2370
f 2369/2369/2369 2371/2371/2371 2372/2372/2372
f 2371/2371/2371 2370/2370/2370 2373/2373/2373
f 2371/2371/2371 2373/2373/2373 2372/2372/2372
f 2370/2370/2370 2374/2374/2374 2373/2373/2373
f 2373/2373/2373 2374/2374/2374 2375/2375/2375
f 2372/2372/2372 2373/2373/2373 2376/2376/2376
f 2376/2376/2376 2373/2373/2373 2375/2375/2375
f 2377/2377/2377 2372/2372/2372 2376/2376/2376
f 2378/2378/2378 2376/2376/2376 2375/2375/2375
f 2376/2376/2376 2378/2378/2378 2377/2377/2377
f 2379/2379/2379 2378/2378/2378 2375/2375/2375
f 2378/2378/2378 2380/2380/2380 2377/2377/2377
f 2381/2381/2381 2378/2378/2378 2379/2379/2379
f 2378/2378/2378 2381/2381/2381 2380/2380/2380
f 2382/2382/2382 2381/2381/2381 2379/2379/2379
f 2381/2381/2381 2383/2383/2383 2380/2380/2380
f 2382/2382/2382 2384/2384/2384 2381/2381/2381
f 2381/2381/2381 2385/2385/2385 2383/2383/2383
f 2384/2384/2384 2385/2385/2385 2381/2381/2381
f 2385/2385/2385 2386/2386/2386 2383/2383/2383
f 2385/2385/2385 2384/2384/2384 2387/2387/2387
f 2386/2386/2386 2385/2385/2385 2388/2388/2388
f 2389/2389/2389 2385/2385/2385 2387/2387/2387
f 2385/2385/2385 2389/2389/2389 2388/2388/2388
f 2392/2392/2392 2391/2391/2391 2390/2390/2390
f 2393/2393/2393 2392/2392/2392 2390/2390/2390
f 2396/2396/2396 2395/2395/2395 2394/2394/2394
f 2397/2397/2397 2396/2396/2396 2394/2394/2394
f 2400/2400/2400 2399/2399/2399 2398/2398/2398
f 2401/2401/2401 2400/2400/2400 2398/2398/2398
f 2404/2404/2404 2403/2403/2403 2402/2402/2402
f 2405/2405/2405 2404/2404/2404 2402/2402/2402
f 2408/2408/2408 2407/2407/2407 2406/2406/2406
f 2409/2409/2409 2408/2408/2408 2406/2406/2406
f 2412/2412/2412 2411/2411/2411 2410/2410/2410
f 2413/2413/2413 2412/2412/2412 2410/2410/2410
f 2416/2416/2416 2415/2415/2415 2414/2414/2414
f 2417/2417/2417 2416/2416/2416 2414/2414/2414
f 2420/2420/2420 2419/2419/2419 2418/2418/2418
f 2421/2421/2421 2420/2420/2420 2418/2418/2418
f 2424/2424/2424 2423/2423/2423 2422/2422/2422
f 2425/2425/2425 2424/2424/2424 2422/2422/2422
f 2428/2428/2428 2427/2427/2427 2426/2426/2426
f 2429/2429/2429 2428/2428/2428 2426/2426/2426
f 2432/2432/2432 2431/2431/2431 2430/2430/2430
f 2433/2433/2433 2432/2432/2432 2430/2430/2430
f 2436/2436/2436 2435/2435/2435 2434/2434/2434
f 2437/2437/2437 2436/2436/2436 2434/2434/2434
f 2440/2440/2440 2439/2439/2439 2438/2438/2438
f 2439/2439/2439 2441/2441/2441 2438/2438/2438
f 2441/2441/2441 2439/2439/2439 2442/2442/2442
f 2439/2439/2439 2443/2443/2443 2442/2442/2442
f 2441/2441/2441 2442/2442/2442 2444/2444/2444
f 2438/2438/2438 2441/2441/2441 2445/2445/2445
f 2445/2445/2445 2441/2441/2441 2444/2444/2444
f 2446/2446/2446 2438/2438/2438 2445/2445/2445
f 2447/2447/2447 2445/2445/2445 2444/2444/2444
f 2445/2445/2445 2447/2447/2447 2446/2446/2446
f 2448/2448/2448 2447/2447/2447 2444/2444/2444
f 2447/2447/2447 2449/2449/2449 2446/2446/2446
f 2450/2450/2450 2447/2447/2447 2448/2448/2448
f 2447/2447/2447 2450/2450/2450 2449/2449/2449
f 2451/2451/2451 2450/2450/2450 2448/2448/2448
f 2450/2450/2450 2452/2452/2452 2449/2449/2449
f 2450/2450/2450 2451/2451/2451 2453/2453/2453
f 2452/2452/2452 2450/2450/2450 2454/2454/2454
f 2454/2454/2454 2450/2450/2450 2453/2453/2453
f 2455/2455/2455 2452/2452/2452 2454/2454/2454
f 2455/2455/2455 2454/2454/2454 2456/2456/2456
f 2454/2454/2454 2453/2453/2453 2457/2457/2457
f 2454/2454/2454 2458/2458/2458 2456/2456/2456
f 2458/2458/2458 2454/2454/2454 2457/2457/2457
f 2456/2456/2456 2458/2458/2458 2459/2459/2459
f 2458/2458/2458 2457/2457/2457 2460/2460/2460
f 2458/2458/2458 2460/2460/2460 2459/2459/2459
f 2457/2457/2457 2461/2461/2461 2460/2460/2460
f 2460/2460/2460 2461/2461/2461 2462/2462/2462
f 2459/2459/2459 2460/2460/2460 2463/2463/2463
f 2463/2463/2463 2460/2460/2460 2462/2462/2462
f 2464/2464/2464 2459/2459/2459 2463/2463/2463
f 2463/2463/2463 2462/2462/2462 2465/2465/2465
f 2463/2463/2463 2466/2466/2466 2464/2464/2464
f 2466/2466/2466 2463/2463/2463 2465/2465/2465
f 2466/2466/2466 2467/2467/2467 2464/2464/2464
f 2466/2466/2466 2465/2465/2465 2468/2468/2468
f 2466/2466/2466 2469/2469/2469 2467/2467/2467
f 2469/2469/2469 2466/2466/2466 2468/2468/2468
f 2469/2469/2469 2470/2470/2470 2467/2467/2467
f 2469/2469/2469 2468/2468/2468 2471/2471/2471
f 2470/2470/2470 2469/2469/2469 2472/2472/2472
f 2472/2472/2472 2469/2469/2469 2471/2471/2471
f 2473/2473/2473 2470/2470/2470 2472/2472/2472
f 2472/2472/2472 2471/2471/2471 2474/2474/2474
f 2473/2473/2473 2472/2472/2472 2475/2475/2475
f 2476/2476/2476 2472/2472/2472 2474/2474/2474
f 2472/2472/2472 2476/2476/2476 2475/2475/2475
f 2479/2479/2479 2478/2478/2478 2477/2477/2477
f 2480/2480/2480 2479/2479/2479 2477/2477/2477
f 2483/2483/2483 2482/2482/2482 2481/2481/2481
f 2484/2484/2484 2483/2483/2483 2481/2481/2481
f 2487/2487/2487 2486/2486/2486 2485/2485/2485
f 2488/2488/2488 2487/2487/2487 2485/2485/2485
f 2491/2491/2491 2490/2490/2490 2489/2489/2489
f 2492/2492/2492 2491/2491/2491 2489/2489/2489
f 2495/2495/2495 2494/2494/2494 2493/2493/2493
f 2496/2496/2496 2495/2495/2495 2493/2493/2493
f 2499/2499/2499 2498/2498/2498 2497/2497/2497
f 2500/2500/2500 2499/2499/2499 2497/2497/2497
f 2503/2503/2503 2502/2502/2502 2501/2501/2501
f 2504/2504/2504 2503/2503/2503 2501/2501/2501
f 2507/2507/2507 2506/2506/2506 2505/2505/2505
f 2508/2508/2508 2507/2507/2507 2505/2505/2505
f 2511/2511/2511 2510/2510/2510 2509/2509/2509
f 2512/2512/2512 2511/2511/2511 2509/2509/2509
f 2515/2515/2515 2514/2514/2514 2513/2513/2513
f 2516/2516/2516 2515/2515/2515 2513/2513/2513
f 2519/2519/2519 2518/2518/2518 2517/2517/2517
f 2518/2518/2518 2520/2520/2520 2517/2517/2517
f 2521/2521/2521 2520/2520/2520 2518/2518/2518
f 2522/2522/2522 2521/2521/2521 2518/2518/2518
f 2523/2523/2523 2521/2521/2521 2522/2522/2522
f 2524/2524/2524 2523/2523/2523 2522/2522/2522
f 2525/2525/2525 2523/2523/2523 2524/2524/2524
f 2526/2526/2526 2525/2525/2525 2524/2524/2524
f 2527/2527/2527 2525/2525/2525 2526/2526/2526
f 2528/2528/2528 2527/2527/2527 2526/2526/2526
f 2527/2527/2527 2528/2528/2528 2529/2529/2529
f 2528/2528/2528 2530/2530/2530 2529/2529/2529
f 2529/2529/2529 2530/2530/2530 2531/2531/2531
f 2530/2530/2530 2532/2532/2532 2531/2531/2531
f 2535/2535/2535 2534/2534/2534 2533/2533/2533
f 2536/2536/2536 2535/2535/2535 2533/2533/2533
f 2536/2536/2536 2537/2537/2537 2535/2535/2535
f 2537/2537/2537 2538/2538/2538 2535/2535/2535
f 2537/2537/2537 2539/2539/2539 2538/2538/2538
f 2539/2539/2539 2540/2540/2540 2538/2538/2538
f 2540/2540/2540 2541/2541/2541 2538/2538/2538
f 2541/2541/2541 2540/2540/2540 2542/2542/2542
f 2543/2543/2543 2541/2541/2541 2542/2542/2542
f 2543/2543/2543 2542/2542/2542 2544/2544/2544
f 2542/2542/2542 2545/2545/2545 2544/2544/2544
f 2545/2545/2545 2546/2546/2546 2544/2544/2544
f 2546/2546/2546 2547/2547/2547 2544/2544/2544
f 2546/2546/2546 2548/2548/2548 2547/2547/2547
f 2548/2548/2548 2549/2549/2549 2547/2547/2547
f 2549/2549/2549 2550/2550/2550 2547/2547/2547
f 2553/2553/2553 2552/2552/2552 2551/2551/2551
f 2554/2554/2554 2553/2553/2553 2551/2551/2551
f 2553/2553/2553 2554/2554/2554 2555/2555/2555
f 2554/2554/2554 2556/2556/2556 2555/2555/2555
f 2555/2555/2555 2556/2556/2556 2557/2557/2557
f 2556/2556/2556 2558/2558/2558 2557/2557/2557
f 2559/2559/2559 2557/2557/2557 2558/2558/2558
f 2560/2560/2560 2559/2559/2559 2558/2558/2558
f 2561/2561/2561 2559/2559/2559 2560/2560/2560
f 2562/2562/2562 2561/2561/2561 2560/2560/2560
f 2561/2561/2561 2562/2562/2562 2563/2563/2563
f 2564/2564/2564 2561/2561/2561 2563/2563/2563
f 2563/2563/2563 2565/2565/2565 2564/2564/2564
f 2565/2565/2565 2566/2566/2566 2564/2564/2564
f 2565/2565/2565 2567/2567/2567 2566/2566/2566
f 2567/2567/2567 2568/2568/2568 2566/2566/2566
f 2568/2568/2568 2567/2567/2567 2569/2569/2569
f 2570/2570/2570 2568/2568/2568 2569/2569/2569
f 2573/2573/2573 2572/2572/2572 2571/2571/2571
f 2572/2572/2572 2574/2574/2574 2571/2571/2571
f 2574/2574/2574 2575/2575/2575 2571/2571/2571
f 2574/2574/2574 2576/2576/2576 2575/2575/2575
f 2576/2576/2576 2577/2577/2577 2575/2575/2575
f 2577/2577/2577 2576/2576/2576 2578/2578/2578
f 2576/2576/2576 2579/2579/2579 2578/2578/2578
f 2579/2579/2579 2580/2580/2580 2578/2578/2578
f 2580/2580/2580 2581/2581/2581 2578/2578/2578
f 2580/2580/2580 2582/2582/2582 2581/2581/2581
f 2582/2582/2582 2583/2583/2583 2581/2581/2581
f 2582/2582/2582 2584/2584/2584 2583/2583/2583
f 2582/2582/2582 2585/2585/2585 2584/2584/2584
f 2585/2585/2585 2586/2586/2586 2584/2584/2584
f 2586/2586/2586 2585/2585/2585 2587/2587/2587
f 2585/2585/2585 2588/2588/2588 2587/2587/2587
f 2591/2591/2591 2590/2590/2590 2589/2589/2589
f 2592/2592/2592 2591/2591/2591 2589/2589/2589
f 2593/2593/2593 2592/2592/2592 2589/2589/2589
f 2593/2593/2593 2594/2594/2594 2592/2592/2592
f 2594/2594/2594 2595/2595/2595 2592/2592/2592
f 2595/2595/2595 2596/2596/2596 2592/2592/2592
f 2592/2592/2592 2596/2596/2596 2591/2591/2591
f 2596/2596/2596 2597/2597/2597 2591/2591/2591
f 2600/2600/2600 2599/2599/2599 2598/2598/2598
f 2601/2601/2601 2600/2600/2600 2598/2598/2598
f 2602/2602/2602 2601/2601/2601 2598/2598/2598
f 2603/2603/2603 2600/2600/2600 2601/2601/2601
f 2602/2602/2602 2604/2604/2604 2601/2601/2601
f 2605/2605/2605 2603/2603/2603 2601/2601/2601
f 2604/2604/2604 2606/2606/2606 2601/2601/2601
f 2606/2606/2606 2605/2605/2605 2601/2601/2601
f 2609/2609/2609 2608/2608/2608 2607/2607/2607
f 2610/2610/2610 2609/2609/2609 2607/2607/2607
f 2610/2610/2610 2607/2607/2607 2611/2611/2611
f 2612/2612/2612 2610/2610/2610 2611/2611/2611
f 2610/2610/2610 2612/2612/2612 2613/2613/2613
f 2609/2609/2609 2610/2610/2610 2614/2614/2614
f 2614/2614/2614 2610/2610/2610 2613/2613/2613
f 2615/2615/2615 2609/2609/2609 2614/2614/2614
f 2613/2613/2613 2616/2616/2616 2614/2614/2614
f 2614/2614/2614 2617/2617/2617 2615/2615/2615
f 2616/2616/2616 2617/2617/2617 2614/2614/2614
f 2617/2617/2617 2618/2618/2618 2615/2615/2615
f 2616/2616/2616 2619/2619/2619 2617/2617/2617
f 2617/2617/2617 2620/2620/2620 2618/2618/2618
f 2619/2619/2619 2620/2620/2620 2617/2617/2617
f 2620/2620/2620 2621/2621/2621 2618/2618/2618
f 2622/2622/2622 2620/2620/2620 2619/2619/2619
f 2620/2620/2620 2622/2622/2622 2621/2621/2621
f 2623/2623/2623 2622/2622/2622 2619/2619/2619
f 2622/2622/2622 2624/2624/2624 2621/2621/2621
f 2622/2622/2622 2623/2623/2623 2625/2625/2625
f 2622/2622/2622 2626/2626/2626 2624/2624/2624
f 2626/2626/2626 2622/2622/2622 2625/2625/2625
f 2626/2626/2626 2627/2627/2627 2624/2624/2624
f 2625/2625/2625 2628/2628/2628 2626/2626/2626
f 2626/2626/2626 2629/2629/2629 2627/2627/2627
f 2628/2628/2628 2629/2629/2629 2626/2626/2626
f 2629/2629/2629 2630/2630/2630 2627/2627/2627
f 2628/2628/2628 2631/2631/2631 2629/2629/2629
f 2629/2629/2629 2632/2632/2632 2630/2630/2630
f 2631/2631/2631 2632/2632/2632 2629/2629/2629
f 2632/2632/2632 2633/2633/2633 2630/2630/2630
f 2632/2632/2632 2631/2631/2631 2634/2634/2634
f 2633/2633/2633 2632/2632/2632 2635/2635/2635
f 2636/2636/2636 2632/2632/2632 2634/2634/2634
f 2632/2632/2632 2636/2636/2636 2635/2635/2635
f 2636/2636/2636 2634/2634/2634 2637/2637/2637
f 2635/2635/2635 2636/2636/2636 2638/2638/2638
f 2639/2639/2639 2636/2636/2636 2637/2637/2637
f 2636/2636/2636 2639/2639/2639 2638/2638/2638
f 2637/2637/2637 2640/2640/2640 2639/2639/2639
f 2641/2641/2641 2638/2638/2638 2639/2639/2639
f 2640/2640/2640 2642/2642/2642 2639/2639/2639
f 2642/2642/2642 2641/2641/2641 2639/2639/2639
f 2645/2645/2645 2644/2644/2644 2643/2643/2643
f 2646/2646/2646 2645/2645/2645 2643/2643/2643
f 2647/2647/2647 2646/2646/2646 2643/2643/2643
f 2646/2646/2646 2648/2648/2648 2645/2645/2645
f 2649/2649/2649 2647/2647/2647 2643/2643/2643
f 2647/2647/2647 2649/2649/2649 2650/2650/2650
f 2651/2651/2651 2647/2647/2647 2650/2650/2650
f 2648/2648/2648 2652/2652/2652 2645/2645/2645
f 2653/2653/2653 2647/2647/2647 2651/2651/2651
f 2654/2654/2654 2652/2652/2652 2648/2648/2648
f 2655/2655/2655 2654/2654/2654 2648/2648/2648
f 2656/2656/2656 2655/2655/2655 2648/2648/2648
f 2653/2653/2653 2656/2656/2656 2648/2648/2648
f 2657/2657/2657 2653/2653/2653 2651/2651/2651
f 2656/2656/2656 2653/2653/2653 2658/2658/2658
f 2653/2653/2653 2657/2657/2657 2658/2658/2658
f 2661/2661/2661 2660/2660/2660 2659/2659/2659
f 2660/2660/2660 2662/2662/2662 2659/2659/2659
f 2662/2662/2662 2663/2663/2663 2659/2659/2659
f 2663/2663/2663 2664/2664/2664 2659/2659/2659
f 2665/2665/2665 2664/2664/2664 2663/2663/2663
f 2666/2666/2666 2665/2665/2665 2663/2663/2663
f 2665/2665/2665 2666/2666/2666 2667/2667/2667
f 2668/2668/2668 2665/2665/2665 2667/2667/2667
f 2668/2668/2668 2667/2667/2667 2669/2669/2669
f 2667/2667/2667 2670/2670/2670 2669/2669/2669
f 2669/2669/2669 2670/2670/2670 2671/2671/2671
f 2672/2672/2672 2669/2669/2669 2671/2671/2671
f 2673/2673/2673 2672/2672/2672 2671/2671/2671
f 2674/2674/2674 2673/2673/2673 2671/2671/2671
f 2673/2673/2673 2674/2674/2674 2675/2675/2675
f 2674/2674/2674 2676/2676/2676 2675/2675/2675
f 2679/2679/2679 2678/2678/2678 2677/2677/2677
f 2680/2680/2680 2679/2679/2679 2677/2677/2677
f 2677/2677/2677 2681/2681/2681 2680/2680/2680
f 2681/2681/2681 2682/2682/2682 2680/2680/2680
f 2683/2683/2683 2682/2682/2682 2681/2681/2681
f 2684/2684/2684 2683/2683/2683 2681/2681/2681
f 2687/2687/2687 2686/2686/2686 2685/2685/2685
f 2688/2688/2688 2687/2687/2687 2685/2685/2685
f 2685/2685/2685 2689/2689/2689 2688/2688/2688
f 2689/2689/2689 2690/2690/2690 2688/2688/2688
f 2691/2691/2691 2690/2690/2690 2689/2689/2689
f 2692/2692/2692 2691/2691/2691 2689/2689/2689
f 2695/2695/2695 2694/2694/2694 2693/2693/2693
f 2694/2694/2694 2696/2696/2696 2693/2693/2693
f 2696/2696/2696 2697/2697/2697 2693/2693/2693
f 2697/2697/2697 2698/2698/2698 2693/2693/2693
f 2699/2699/2699 2698/2698/2698 2697/2697/2697
f 2700/2700/2700 2699/2699/2699 2697/2697/2697
f 2700/2700/2700 2701/2701/2701 2699/2699/2699
f 2701/2701/2701 2702/2702/2702 2699/2699/2699
f 2702/2702/2702 2701/2701/2701 2703/2703/2703
f 2701/2701/2701 2704/2704/2704 2703/2703/2703
f 2703/2703/2703 2704/2704/2704 2705/2705/2705
f 2706/2706/2706 2703/2703/2703 2705/2705/2705
f 2707/2707/2707 2706/2706/2706 2705/2705/2705
f 2708/2708/2708 2707/2707/2707 2705/2705/2705
f 2709/2709/2709 2707/2707/2707 2708/2708/2708
f 2710/2710/2710 2709/2709/2709 2708/2708/2708
f 2713/2713/2713 2712/2712/2712 2711/2711/2711
f 2714/2714/2714 2713/2713/2713 2711/2711/2711
f 2711/2711/2711 2715/2715/2715 2714/2714/2714
f 2715/2715/2715 2716/2716/2716 2714/2714/2714
f 2717/2717/2717 2716/2716/2716 2715/2715/2715
f 2718/2718/2718 2717/2717/2717 2715/2715/2715
f 2721/2721/2721 2720/2720/2720 2719/2719/2719
f 2722/2722/2722 2721/2721/2721 2719/2719/2719
f 2719/2719/2719 2723/2723/2723 2722/2722/2722
f 2723/2723/2723 2724/2724/2724 2722/2722/2722
f 2725/2725/2725 2724/2724/2724 2723/2723/2723
f 2726/2726/2726 2725/2725/2725 2723/2723/2723
f 2729/2729/2729 2728/2728/2728 2727/2727/2727
f 2728/2728/2728 2730/2730/2730 2727/2727/2727
f 2730/2730/2730 2731/2731/2731 2727/2727/2727
f 2730/2730/2730 2732/2732/2732 2731/2731/2731
f 2731/2731/2731 2732/2732/2732 2733/2733/2733
f 2732/2732/2732 2734/2734/2734 2733/2733/2733
f 2735/2735/2735 2733/2733/2733 2734/2734/2734
f 2736/2736/2736 2735/2735/2735 2734/2734/2734
f 2739/2739/2739 2738/2738/2738 2737/2737/2737
f 2738/2738/2738 2740/2740/2740 2737/2737/2737
f 2741/2741/2741 2737/2737/2737 2740/2740/2740
f 2738/2738/2738 2742/2742/2742 2740/2740/2740
f 2738/2738/2738 2743/2743/2743 2742/2742/2742
f 2744/2744/2744 2741/2741/2741 2740/2740/2740
f 2742/2742/2742 2744/2744/2744 2740/2740/2740
f 2743/2743/2743 2745/2745/2745 2742/2742/2742
f 2745/2745/2745 2746/2746/2746 2742/2742/2742
f 2747/2747/2747 2745/2745/2745 2743/2743/2743
f 2747/2747/2747 2748/2748/2748 2745/2745/2745
f 2746/2746/2746 2745/2745/2745 2748/2748/2748
f 2747/2747/2747 2749/2749/2749 2748/2748/2748
f 2749/2749/2749 2750/2750/2750 2748/2748/2748
f 2749/2749/2749 2751/2751/2751 2750/2750/2750
f 2751/2751/2751 2752/2752/2752 2750/2750/2750
f 2753/2753/2753 2748/2748/2748 2750/2750/2750
f 2753/2753/2753 2746/2746/2746 2748/2748/2748
f 2754/2754/2754 2750/2750/2750 2752/2752/2752
f 2754/2754/2754 2753/2753/2753 2750/2750/2750
f 2755/2755/2755 2754/2754/2754 2752/2752/2752
f 2754/2754/2754 2755/2755/2755 2756/2756/2756
f 2753/2753/2753 2754/2754/2754 2757/2757/2757
f 2746/2746/2746 2753/2753/2753 2757/2757/2757
f 2758/2758/2758 2754/2754/2754 2756/2756/2756
f 2754/2754/2754 2758/2758/2758 2757/2757/2757
f 2756/2756/2756 2759/2759/2759 2758/2758/2758
f 2759/2759/2759 2760/2760/2760 2758/2758/2758
f 2757/2757/2757 2758/2758/2758 2760/2760/2760
f 2761/2761/2761 2757/2757/2757 2760/2760/2760
f 2762/2762/2762 2757/2757/2757 2761/2761/2761
f 2762/2762/2762 2746/2746/2746 2757/2757/2757
f 2763/2763/2763 2762/2762/2762 2761/2761/2761
f 2764/2764/2764 2762/2762/2762 2763/2763/2763
f 2746/2746/2746 2762/2762/2762 2764/2764/2764
f 2765/2765/2765 2764/2764/2764 2763/2763/2763
f 2766/2766/2766 2746/2746/2746 2764/2764/2764
f 2746/2746/2746 2766/2766/2766 2742/2742/2742
f 2742/2742/2742 2766/2766/2766 2744/2744/2744
f 2744/2744/2744 2766/2766/2766 2764/2764/2764
f 2767/2767/2767 2764/2764/2764 2765/2765/2765
f 2767/2767/2767 2744/2744/2744 2764/2764/2764
f 2768/2768/2768 2767/2767/2767 2765/2765/2765
f 2741/2741/2741 2744/2744/2744 2767/2767/2767
f 2768/2768/2768 2769/2769/2769 2767/2767/2767
f 2770/2770/2770 2741/2741/2741 2767/2767/2767
f 2769/2769/2769 2770/2770/2770 2767/2767/2767
f 2773/2773/2773 2772/2772/2772 2771/2771/2771
f 2772/2772/2772 2774/2774/2774 2771/2771/2771
f 2772/2772/2772 2775/2775/2775 2774/2774/2774
f 2772/2772/2772 2776/2776/2776 2775/2775/2775
f 2776/2776/2776 2777/2777/2777 2775/2775/2775
f 2777/2777/2777 2778/2778/2778 2775/2775/2775
f 2777/2777/2777 2779/2779/2779 2778/2778/2778
f 2777/2777/2777 2780/2780/2780 2779/2779/2779
f 2783/2783/2783 2782/2782/2782 2781/2781/2781
f 2782/2782/2782 2784/2784/2784 2781/2781/2781
f 2784/2784/2784 2782/2782/2782 2785/2785/2785
f 2782/2782/2782 2786/2786/2786 2785/2785/2785
f 2786/2786/2786 2787/2787/2787 2785/2785/2785
f 2787/2787/2787 2788/2788/2788 2785/2785/2785
f 2791/2791/2791 2790/2790/2790 2789/2789/2789
f 2790/2790/2790 2792/2792/2792 2789/2789/2789
f 2792/2792/2792 2790/2790/2790 2793/2793/2793
f 2790/2790/2790 2794/2794/2794 2793/2793/2793
f 2797/2797/2797 2796/2796/2796 2795/2795/2795
f 2796/2796/2796 2798/2798/2798 2795/2795/2795
f 2796/2796/2796 2799/2799/2799 2798/2798/2798
f 2796/2796/2796 2800/2800/2800 2799/2799/2799
f 2803/2803/2803 2802/2802/2802 2801/2801/2801
f 2803/2803/2803 2804/2804/2804 2802/2802/2802
f 2805/2805/2805 2802/2802/2802 2804/2804/2804
f 2806/2806/2806 2805/2805/2805 2804/2804/2804
f 2809/2809/2809 2808/2808/2808 2807/2807/2807
f 2808/2808/2808 2810/2810/2810 2807/2807/2807
f 2811/2811/2811 2810/2810/2810 2808/2808/2808
f 2812/2812/2812 2811/2811/2811 2808/2808/2808
f 2815/2815/2815 2814/2814/2814 2813/2813/2813
f 2816/2816/2816 2815/2815/2815 2813/2813/2813
f 2816/2816/2816 2813/2813/2813 2817/2817/2817
f 2813/2813/2813 2818/2818/2818 2817/2817/2817
f 2816/2816/2816 2817/2817/2817 2819/2819/2819
f 2820/2820/2820 2816/2816/2816 2819/2819/2819
f 2820/2820/2820 2815/2815/2815 2816/2816/2816
f 2820/2820/2820 2821/2821/2821 2815/2815/2815
f 2824/2824/2824 2823/2823/2823 2822/2822/2822
f 2823/2823/2823 2825/2825/2825 2822/2822/2822
f 2825/2825/2825 2826/2826/2826 2822/2822/2822
f 2825/2825/2825 2827/2827/2827 2826/2826/2826
f 2825/2825/2825 2823/2823/2823 2827/2827/2827
f 2827/2827/2827 2828/2828/2828 2826/2826/2826
f 2823/2823/2823 2828/2828/2828 2827/2827/2827
f 2828/2828/2828 2829/2829/2829 2826/2826/2826
f 2828/2828/2828 2830/2830/2830 2829/2829/2829
f 2828/2828/2828 2823/2823/2823 2831/2831/2831
f 2823/2823/2823 2832/2832/2832 2831/2831/2831
f 2830/2830/2830 2828/2828/2828 2833/2833/2833
f 2831/2831/2831 2833/2833/2833 2828/2828/2828
f 2833/2833/2833 2831/2831/2831 2830/2830/2830
f 2831/2831/2831 2834/2834/2834 2830/2830/2830
f 2831/2831/2831 2835/2835/2835 2834/2834/2834
f 2832/2832/2832 2835/2835/2835 2831/2831/2831
f 2835/2835/2835 2836/2836/2836 2834/2834/2834
f 2832/2832/2832 2837/2837/2837 2835/2835/2835
f 2835/2835/2835 2837/2837/2837 2836/2836/2836
f 2837/2837/2837 2832/2832/2832 2838/2838/2838
f 2837/2837/2837 2839/2839/2839 2836/2836/2836
f 2837/2837/2837 2838/2838/2838 2839/2839/2839
f 2842/2842/2842 2841/2841/2841 2840/2840/2840
f 2841/2841/2841 2843/2843/2843 2840/2840/2840
f 2840/2840/2840 2843/2843/2843 2844/2844/2844
f 2843/2843/2843 2845/2845/2845 2844/2844/2844
f 2843/2843/2843 2841/2841/2841 2845/2845/2845
f 2844/2844/2844 2845/2845/2845 2846/2846/2846
f 2841/2841/2841 2847/2847/2847 2845/2845/2845
f 2845/2845/2845 2847/2847/2847 2846/2846/2846
f 2841/2841/2841 2848/2848/2848 2847/2847/2847
f 2841/2841/2841 2849/2849/2849 2848/2848/2848
f 2846/2846/2846 2847/2847/2847 2850/2850/2850
f 2848/2848/2848 2850/2850/2850 2847/2847/2847
f 2851/2851/2851 2846/2846/2846 2850/2850/2850
f 2851/2851/2851 2850/2850/2850 2852/2852/2852
f 2850/2850/2850 2848/2848/2848 2852/2852/2852
f 2852/2852/2852 2848/2848/2848 2853/2853/2853
f 2848/2848/2848 2854/2854/2854 2853/2853/2853
f 2848/2848/2848 2849/2849/2849 2854/2854/2854
f 2853/2853/2853 2854/2854/2854 2855/2855/2855
f 2849/2849/2849 2856/2856/2856 2854/2854/2854
f 2854/2854/2854 2856/2856/2856 2855/2855/2855
f 2856/2856/2856 2849/2849/2849 2857/2857/2857
f 2855/2855/2855 2856/2856/2856 2857/2857/2857
f 2860/2860/2860 2859/2859/2859 2858/2858/2858
f 2861/2861/2861 2860/2860/2860 2858/2858/2858
f 2862/2862/2862 2860/2860/2860 2861/2861/2861
f 2863/2863/2863 2862/2862/2862 2861/2861/2861
f 2861/2861/2861 2864/2864/2864 2863/2863/2863
f 2861/2861/2861 2858/2858/2858 2864/2864/2864
f 2858/2858/2858 2865/2865/2865 2864/2864/2864
f 2868/2868/2868 2867/2867/2867 2866/2866/2866
f 2869/2869/2869 2868/2868/2868 2866/2866/2866
f 2872/2872/2872 2871/2871/2871 2870/2870/2870
f 2873/2873/2873 2872/2872/2872 2870/2870/2870
f 2873/2873/2873 2870/2870/2870 2874/2874/2874
f 2870/2870/2870 2875/2875/2875 2874/2874/2874
f 2874/2874/2874 2875/2875/2875 2876/2876/2876
f 2875/2875/2875 2877/2877/2877 2876/2876/2876
f 2876/2876/2876 2877/2877/2877 2878/2878/2878
f 2877/2877/2877 2879/2879/2879 2878/2878/2878
f 2878/2878/2878 2879/2879/2879 2880/2880/2880
f 2878/2878/2878 2880/2880/2880 2881/2881/2881
f 2882/2882/2882 2881/2881/2881 2880/2880/2880
f 2883/2883/2883 2882/2882/2882 2880/2880/2880
f 2886/2886/2886 2885/2885/2885 2884/2884/2884
f 2887/2887/2887 2886/2886/2886 2884/2884/2884
f 2890/2890/2890 2889/2889/2889 2888/2888/2888
f 2888/2888/2888 2889/2889/2889 2891/2891/2891
f 2888/2888/2888 2891/2891/2891 2892/2892/2892
f 2892/2892/2892 2891/2891/2891 2893/2893/2893
f 2894/2894/2894 2891/2891/2891 2889/2889/2889
f 2891/2891/2891 2894/2894/2894 2893/2893/2893
f 2895/2895/2895 2894/2894/2894 2889/2889/2889
f 2895/2895/2895 2889/2889/2889 2896/2896/2896
f 2893/2893/2893 2894/2894/2894 2897/2897/2897
f 2895/2895/2895 2897/2897/2897 2894/2894/2894
f 2893/2893/2893 2897/2897/2897 2898/2898/2898
f 2898/2898/2898 2897/2897/2897 2899/2899/2899
f 2897/2897/2897 2895/2895/2895 2899/2899/2899
f 2899/2899/2899 2895/2895/2895 2900/2900/2900
f 2895/2895/2895 2901/2901/2901 2900/2900/2900
f 2901/2901/2901 2895/2895/2895 2896/2896/2896
f 2900/2900/2900 2901/2901/2901 2902/2902/2902
f 2903/2903/2903 2901/2901/2901 2896/2896/2896
f 2901/2901/2901 2903/2903/2903 2902/2902/2902
f 2903/2903/2903 2896/2896/2896 2904/2904/2904
f 2902/2902/2902 2903/2903/2903 2904/2904/2904
f 2907/2907/2907 2906/2906/2906 2905/2905/2905
f 2908/2908/2908 2907/2907/2907 2905/2905/2905
f 2908/2908/2908 2905/2905/2905 2909/2909/2909
f 2910/2910/2910 2908/2908/2908 2909/2909/2909
f 2907/2907/2907 2908/2908/2908 2910/2910/2910
f 2910/2910/2910 2909/2909/2909 2911/2911/2911
f 2912/2912/2912 2907/2907/2907 2910/2910/2910
f 2910/2910/2910 2911/2911/2911 2912/2912/2912
f 2913/2913/2913 2907/2907/2907 2912/2912/2912
f 2914/2914/2914 2912/2912/2912 2911/2911/2911
f 2915/2915/2915 2914/2914/2914 2911/2911/2911
f 2914/2914/2914 2915/2915/2915 2916/2916/2916
f 2912/2912/2912 2914/2914/2914 2917/2917/2917
f 2917/2917/2917 2914/2914/2914 2916/2916/2916
f 2917/2917/2917 2913/2913/2913 2912/2912/2912
f 2918/2918/2918 2917/2917/2917 2916/2916/2916
f 2913/2913/2913 2917/2917/2917 2918/2918/2918
f 2919/2919/2919 2918/2918/2918 2916/2916/2916
f 2913/2913/2913 2918/2918/2918 2920/2920/2920
f 2920/2920/2920 2918/2918/2918 2919/2919/2919
f 2921/2921/2921 2913/2913/2913 2920/2920/2920
f 2920/2920/2920 2919/2919/2919 2922/2922/2922
f 2922/2922/2922 2921/2921/2921 2920/2920/2920
f 2925/2925/2925 2924/2924/2924 2923/2923/2923
f 2924/2924/2924 2926/2926/2926 2923/2923/2923
f 2926/2926/2926 2927/2927/2927 2923/2923/2923
f 2923/2923/2923 2927/2927/2927 2928/2928/2928
f 2929/2929/2929 2923/2923/2923 2928/2928/2928
f 2932/2932/2932 2931/2931/2931 2930/2930/2930
f 2932/2932/2932 2933/2933/2933 2931/2931/2931
f 2936/2936/2936 2935/2935/2935 2934/2934/2934
f 2936/2936/2936 2937/2937/2937 2935/2935/2935
f 2937/2937/2937 2936/2936/2936 2938/2938/2938
f 2939/2939/2939 2937/2937/2937 2938/2938/2938
f 2935/2935/2935 2937/2937/2937 2940/2940/2940
f 2937/2937/2937 2939/2939/2939 2941/2941/2941
f 2937/2937/2937 2942/2942/2942 2940/2940/2940
f 2942/2942/2942 2937/2937/2937 2941/2941/2941
f 2943/2943/2943 2940/2940/2940 2942/2942/2942
f 2944/2944/2944 2942/2942/2942 2941/2941/2941
f 2944/2944/2944 2943/2943/2943 2942/2942/2942
f 2945/2945/2945 2944/2944/2944 2941/2941/2941
f 2944/2944/2944 2945/2945/2945 2946/2946/2946
f 2947/2947/2947 2943/2943/2943 2944/2944/2944
f 2947/2947/2947 2948/2948/2948 2943/2943/2943
f 2949/2949/2949 2944/2944/2944 2946/2946/2946
f 2949/2949/2949 2947/2947/2947 2944/2944/2944
f 2947/2947/2947 2950/2950/2950 2948/2948/2948
f 2950/2950/2950 2947/2947/2947 2949/2949/2949
f 2950/2950/2950 2951/2951/2951 2948/2948/2948
f 2952/2952/2952 2950/2950/2950 2949/2949/2949
f 2952/2952/2952 2949/2949/2949 2946/2946/2946
f 2953/2953/2953 2952/2952/2952 2946/2946/2946
f 2956/2956/2956 2955/2955/2955 2954/2954/2954
f 2955/2955/2955 2957/2957/2957 2954/2954/2954
f 2954/2954/2954 2957/2957/2957 2958/2958/2958
f 2954/2954/2954 2958/2958/2958 2959/2959/2959
f 2958/2958/2958 2960/2960/2960 2959/2959/2959
f 2960/2960/2960 2961/2961/2961 2959/2959/2959
f 2960/2960/2960 2962/2962/2962 2961/2961/2961
f 2962/2962/2962 2963/2963/2963 2961/2961/2961
f 2962/2962/2962 2964/2964/2964 2963/2963/2963
f 2962/2962/2962 2965/2965/2965 2964/2964/2964
f 2966/2966/2966 2964/2964/2964 2965/2965/2965
f 2966/2966/2966 2965/2965/2965 2967/2967/2967
f 2970/2970/2970 2969/2969/2969 2968/2968/2968
f 2971/2971/2971 2970/2970/2970 2968/2968/2968
f 2971/2971/2971 2972/2972/2972 2970/2970/2970
f 2972/2972/2972 2973/2973/2973 2970/2970/2970
f 2973/2973/2973 2972/2972/2972 2974/2974/2974
f 2972/2972/2972 2975/2975/2975 2974/2974/2974
f 2974/2974/2974 2975/2975/2975 2976/2976/2976
f 2975/2975/2975 2977/2977/2977 2976/2976/2976
f 2976/2976/2976 2977/2977/2977 2978/2978/2978
f 2977/2977/2977 2979/2979/2979 2978/2978/2978
f 2980/2980/2980 2978/2978/2978 2979/2979/2979
f 2981/2981/2981 2980/2980/2980 2979/2979/2979
f 2980/2980/2980 2981/2981/2981 2982/2982/2982
f 2983/2983/2983 2980/2980/2980 2982/2982/2982
f 2986/2986/2986 2985/2985/2985 2984/2984/2984
f 2987/2987/2987 2986/2986/2986 2984/2984/2984
f 2990/2990/2990 2989/2989/2989 2988/2988/2988
f 2989/2989/2989 2991/2991/2991 2988/2988/2988
f 2991/2991/2991 2992/2992/2992 2988/2988/2988
f 2992/2992/2992 2993/2993/2993 2988/2988/2988
f 2989/2989/2989 2994/2994/2994 2991/2991/2991
f 2991/2991/2991 2994/2994/2994 2992/2992/2992
f 2989/2989/2989 2995/2995/2995 2994/2994/2994
f 2994/2994/2994 2996/2996/2996 2992/2992/2992
f 2993/2993/2993 2992/2992/2992 2997/2997/2997
f 2996/2996/2996 2997/2997/2997 2992/2992/2992
f 2998/2998/2998 2993/2993/2993 2997/2997/2997
f 2996/2996/2996 2999/2999/2999 2997/2997/2997
f 3002/3002/3002 3001/3001/3001 3000/3000/3000
f 3003/3003/3003 3002/3002/3002 3000/3000/3000
f 3006/3006/3006 3005/3005/3005 3004/3004/3004
f 3007/3007/3007 3006/3006/3006 3004/3004/3004
f 3008/3008/3008 3007/3007/3007 3004/3004/3004
f 3009/3009/3009 3008/3008/3008 3004/3004/3004
f 3010/3010/3010 3008/3008/3008 3009/3009/3009
f 3007/3007/3007 3008/3008/3008 3010/3010/3010
f 3011/3011/3011 3010/3010/3010 3009/3009/3009
f 3007/3007/3007 3012/3012/3012 3006/3006/3006
f 3012/3012/3012 3007/3007/3007 3010/3010/3010
f 3012/3012/3012 3013/3013/3013 3006/3006/3006
f 3014/3014/3014 3012/3012/3012 3010/3010/3010
f 3010/3010/3010 3011/3011/3011 3015/3015/3015
f 3010/3010/3010 3015/3015/3015 3014/3014/3014
f 3011/3011/3011 3016/3016/3016 3015/3015/3015
f 3015/3015/3015 3016/3016/3016 3017/3017/3017
f 3015/3015/3015 3018/3018/3018 3014/3014/3014
f 3018/3018/3018 3015/3015/3015 3017/3017/3017
f 3014/3014/3014 3018/3018/3018 3019/3019/3019
f 3018/3018/3018 3017/3017/3017 3019/3019/3019
f 3022/3022/3022 3021/3021/3021 3020/3020/3020
f 3023/3023/3023 3022/3022/3022 3020/3020/3020
f 3020/3020/3020 3024/3024/3024 3023/3023/3023
f 3024/3024/3024 3025/3025/3025 3023/3023/3023
f 3024/3024/3024 3026/3026/3026 3025/3025/3025
f 3026/3026/3026 3027/3027/3027 3025/3025/3025
f 3027/3027/3027 3026/3026/3026 3028/3028/3028
f 3029/3029/3029 3027/3027/3027 3028/3028/3028
f 3032/3032/3032 3031/3031/3031 3030/3030/3030
f 3033/3033/3033 3032/3032/3032 3030/3030/3030
f 3033/3033/3033 3030/3030/3030 3034/3034/3034
f 3035/3035/3035 3032/3032/3032 3033/3033/3033
f 3036/3036/3036 3033/3033/3033 3034/3034/3034
f 3036/3036/3036 3034/3034/3034 3037/3037/3037
f 3038/3038/3038 3035/3035/3035 3033/3033/3033
f 3038/3038/3038 3033/3033/3033 3036/3036/3036
f 3039/3039/3039 3035/3035/3035 3038/3038/3038
f 3040/3040/3040 3036/3036/3036 3037/3037/3037
f 3040/3040/3040 3037/3037/3037 3041/3041/3041
f 3042/3042/3042 3039/3039/3039 3038/3038/3038
f 3043/3043/3043 3039/3039/3039 3042/3042/3042
f 3044/3044/3044 3043/3043/3043 3042/3042/3042
f 3045/3045/3045 3038/3038/3038 3036/3036/3036
f 3042/3042/3042 3038/3038/3038 3045/3045/3045
f 3045/3045/3045 3036/3036/3036 3040/3040/3040
f 3044/3044/3044 3042/3042/3042 3046/3046/3046
f 3046/3046/3046 3042/3042/3042 3045/3045/3045
f 3047/3047/3047 3044/3044/3044 3046/3046/3046
f 3048/3048/3048 3040/3040/3040 3041/3041/3041
f 3048/3048/3048 3041/3041/3041 3049/3049/3049
f 3050/3050/3050 3045/3045/3045 3040/3040/3040
f 3046/3046/3046 3045/3045/3045 3050/3050/3050
f 3050/3050/3050 3040/3040/3040 3048/3048/3048
f 3047/3047/3047 3046/3046/3046 3051/3051/3051
f 3051/3051/3051 3046/3046/3046 3050/3050/3050
f 3052/3052/3052 3047/3047/3047 3051/3051/3051
f 3053/3053/3053 3048/3048/3048 3049/3049/3049
f 3053/3053/3053 3049/3049/3049 3054/3054/3054
f 3055/3055/3055 3050/3050/3050 3048/3048/3048
f 3051/3051/3051 3050/3050/3050 3055/3055/3055
f 3055/3055/3055 3048/3048/3048 3053/3053/3053
f 3052/3052/3052 3051/3051/3051 3056/3056/3056
f 3056/3056/3056 3051/3051/3051 3055/3055/3055
f 3057/3057/3057 3052/3052/3052 3056/3056/3056
f 3058/3058/3058 3053/3053/3053 3054/3054/3054
f 3058/3058/3058 3054/3054/3054 3059/3059/3059
f 3060/3060/3060 3055/3055/3055 3053/3053/3053
f 3056/3056/3056 3055/3055/3055 3060/3060/3060
f 3060/3060/3060 3053/3053/3053 3058/3058/3058
f 3057/3057/3057 3056/3056/3056 3061/3061/3061
f 3061/3061/3061 3056/3056/3056 3060/3060/3060
f 3062/3062/3062 3057/3057/3057 3061/3061/3061
f 3063/3063/3063 3058/3058/3058 3059/3059/3059
f 3063/3063/3063 3059/3059/3059 3064/3064/3064
f 3065/3065/3065 3060/3060/3060 3058/3058/3058
f 3061/3061/3061 3060/3060/3060 3065/3065/3065
f 3065/3065/3065 3058/3058/3058 3063/3063/3063
f 3062/3062/3062 3061/3061/3061 3066/3066/3066
f 3066/3066/3066 3061/3061/3061 3065/3065/3065
f 3067/3067/3067 3062/3062/3062 3066/3066/3066
f 3068/3068/3068 3063/3063/3063 3064/3064/3064
f 3068/3068/3068 3064/3064/3064 3069/3069/3069
f 3070/3070/3070 3065/3065/3065 3063/3063/3063
f 3066/3066/3066 3065/3065/3065 3070/3070/3070
f 3070/3070/3070 3063/3063/3063 3068/3068/3068
f 3067/3067/3067 3066/3066/3066 3071/3071/3071
f 3071/3071/3071 3066/3066/3066 3070/3070/3070
f 3072/3072/3072 3067/3067/3067 3071/3071/3071
f 3073/3073/3073 3068/3068/3068 3069/3069/3069
f 3073/3073/3073 3069/3069/3069 3074/3074/3074
f 3075/3075/3075 3070/3070/3070 3068/3068/3068
f 3071/3071/3071 3070/3070/3070 3075/3075/3075
f 3075/3075/3075 3068/3068/3068 3073/3073/3073
f 3072/3072/3072 3071/3071/3071 3076/3076/3076
f 3076/3076/3076 3071/3071/3071 3075/3075/3075
f 3077/3077/3077 3072/3072/3072 3076/3076/3076
f 3078/3078/3078 3073/3073/3073 3074/3074/3074
f 3078/3078/3078 3074/3074/3074 3079/3079/3079
f 3080/3080/3080 3075/3075/3075 3073/3073/3073
f 3076/3076/3076 3075/3075/3075 3080/3080/3080
f 3080/3080/3080 3073/3073/3073 3078/3078/3078
f 3077/3077/3077 3076/3076/3076 3081/3081/3081
f 3081/3081/3081 3076/3076/3076 3080/3080/3080
f 3082/3082/3082 3077/3077/3077 3081/3081/3081
f 3083/3083/3083 3078/3078/3078 3079/3079/3079
f 3083/3083/3083 3079/3079/3079 3084/3084/3084
f 3085/3085/3085 3080/3080/3080 3078/3078/3078
f 3081/3081/3081 3080/3080/3080 3085/3085/3085
f 3085/3085/3085 3078/3078/3078 3083/3083/3083
f 3082/3082/3082 3081/3081/3081 3086/3086/3086
f 3086/3086/3086 3081/3081/3081 3085/3085/3085
f 3087/3087/3087 3082/3082/3082 3086/3086/3086
f 3088/3088/3088 3083/3083/3083 3084/3084/3084
f 3088/3088/3088 3084/3084/3084 3089/3089/3089
f 3090/3090/3090 3085/3085/3085 3083/3083/3083
f 3086/3086/3086 3085/3085/3085 3090/3090/3090
f 3090/3090/3090 3083/3083/3083 3088/3088/3088
f 3087/3087/3087 3086/3086/3086 3091/3091/3091
f 3091/3091/3091 3086/3086/3086 3090/3090/3090
f 3092/3092/3092 3087/3087/3087 3091/3091/3091
f 3093/3093/3093 3088/3088/3088 3089/3089/3089
f 3093/3093/3093 3089/3089/3089 3094/3094/3094
f 3095/3095/3095 3090/3090/3090 3088/3088/3088
f 3091/3091/3091 3090/3090/3090 3095/3095/3095
f 3095/3095/3095 3088/3088/3088 3093/3093/3093
f 3092/3092/3092 3091/3091/3091 3096/3096/3096
f 3096/3096/3096 3091/3091/3091 3095/3095/3095
f 3097/3097/3097 3092/3092/3092 3096/3096/3096
f 3098/3098/3098 3093/3093/3093 3094/3094/3094
f 3098/3098/3098 3094/3094/3094 3099/3099/3099
f 3100/3100/3100 3095/3095/3095 3093/3093/3093
f 3096/3096/3096 3095/3095/3095 3100/3100/3100
f 3100/3100/3100 3093/3093/3093 3098/3098/3098
f 3097/3097/3097 3096/3096/3096 3101/3101/3101
f 3101/3101/3101 3096/3096/3096 3100/3100/3100
f 3102/3102/3102 3097/3097/3097 3101/3101/3101
f 3103/3103/3103 3098/3098/3098 3099/3099/3099
f 3103/3103/3103 3099/3099/3099 3104/3104/3104
f 3105/3105/3105 3100/3100/3100 3098/3098/3098
f 3101/3101/3101 3100/3100/3100 3105/3105/3105
f 3105/3105/3105 3098/3098/3098 3103/3103/3103
f 3102/3102/3102 3101/3101/3101 3106/3106/3106
f 3106/3106/3106 3101/3101/3101 3105/3105/3105
f 3107/3107/3107 3102/3102/3102 3106/3106/3106
f 3108/3108/3108 3103/3103/3103 3104/3104/3104
f 3108/3108/3108 3104/3104/3104 3109/3109/3109
f 3110/3110/3110 3105/3105/3105 3103/3103/3103
f 3106/3106/3106 3105/3105/3105 3110/3110/3110
f 3110/3110/3110 3103/3103/3103 3108/3108/3108
f 3107/3107/3107 3106/3106/3106 3111/3111/3111
f 3111/3111/3111 3106/3106/3106 3110/3110/3110
f 3112/3112/3112 3107/3107/3107 3111/3111/3111
f 3113/3113/3113 3108/3108/3108 3109/3109/3109
f 3113/3113/3113 3109/3109/3109 3114/3114/3114
f 3115/3115/3115 3110/3110/3110 3108/3108/3108
f 3111/3111/3111 3110/3110/3110 3115/3115/3115
f 3115/3115/3115 3108/3108/3108 3113/3113/3113
f 3112/3112/3112 3111/3111/3111 3116/3116/3116
f 3116/3116/3116 3111/3111/3111 3115/3115/3115
f 3117/3117/3117 3112/3112/3112 3116/3116/3116
f 3118/3118/3118 3113/3113/3113 3114/3114/3114
f 3118/3118/3118 3114/3114/3114 3119/3119/3119
f 3120/3120/3120 3115/3115/3115 3113/3113/3113
f 3116/3116/3116 3115/3115/3115 3120/3120/3120
f 3120/3120/3120 3113/3113/3113 3118/3118/3118
f 3117/3117/3117 3116/3116/3116 3121/3121/3121
f 3121/3121/3121 3116/3116/3116 3120/3120/3120
f 3122/3122/3122 3117/3117/3117 3121/3121/3121
f 3123/3123/3123 3118/3118/3118 3119/3119/3119
f 3123/3123/3123 3119/3119/3119 3124/3124/3124
f 3125/3125/3125 3120/3120/3120 3118/3118/3118
f 3121/3121/3121 3120/3120/3120 3125/3125/3125
f 3125/3125/3125 3118/3118/3118 3123/3123/3123
f 3122/3122/3122 3121/3121/3121 3126/3126/3126
f 3126/3126/3126 3121/3121/3121 3125/3125/3125
f 3127/3127/3127 3122/3122/3122 3126/3126/3126
f 3128/3128/3128 3123/3123/3123 3124/3124/3124
f 3124/3124/3124 3129/3129/3129 3128/3128/3128
f 3130/3130/3130 3125/3125/3125 3123/3123/3123
f 3126/3126/3126 3125/3125/3125 3130/3130/3130
f 3130/3130/3130 3123/3123/3123 3128/3128/3128
f 3127/3127/3127 3126/3126/3126 3131/3131/3131
f 3131/3131/3131 3126/3126/3126 3130/3130/3130
f 3132/3132/3132 3127/3127/3127 3131/3131/3131
f 3131/3131/3131 3130/3130/3130 3133/3133/3133
f 3133/3133/3133 3130/3130/3130 3128/3128/3128
f 3132/3132/3132 3131/3131/3131 3134/3134/3134
f 3134/3134/3134 3131/3131/3131 3133/3133/3133
f 3135/3135/3135 3132/3132/3132 3134/3134/3134
f 3134/3134/3134 3136/3136/3136 3135/3135/3135
f 3136/3136/3136 3134/3134/3134 3133/3133/3133
f 3136/3136/3136 3137/3137/3137 3135/3135/3135
f 3129/3129/3129 3138/3138/3138 3128/3128/3128
f 3129/3129/3129 3139/3139/3139 3138/3138/3138
f 3140/3140/3140 3133/3133/3133 3128/3128/3128
f 3140/3140/3140 3136/3136/3136 3133/3133/3133
f 3138/3138/3138 3140/3140/3140 3128/3128/3128
f 3136/3136/3136 3141/3141/3141 3137/3137/3137
f 3136/3136/3136 3140/3140/3140 3141/3141/3141
f 3141/3141/3141 3142/3142/3142 3137/3137/3137
f 3139/3139/3139 3143/3143/3143 3138/3138/3138
f 3143/3143/3143 3139/3139/3139 3144/3144/3144
f 3145/3145/3145 3140/3140/3140 3138/3138/3138
f 3143/3143/3143 3145/3145/3145 3138/3138/3138
f 3140/3140/3140 3145/3145/3145 3141/3141/3141
f 3146/3146/3146 3143/3143/3143 3144/3144/3144
f 3145/3145/3145 3143/3143/3143 3146/3146/3146
f 3146/3146/3146 3144/3144/3144 3147/3147/3147
f 3142/3142/3142 3141/3141/3141 3148/3148/3148
f 3149/3149/3149 3142/3142/3142 3148/3148/3148
f 3141/3141/3141 3145/3145/3145 3150/3150/3150
f 3150/3150/3150 3145/3145/3145 3146/3146/3146
f 3148/3148/3148 3141/3141/3141 3150/3150/3150
f 3151/3151/3151 3146/3146/3146 3147/3147/3147
f 3150/3150/3150 3146/3146/3146 3151/3151/3151
f 3151/3151/3151 3147/3147/3147 3152/3152/3152
f 3153/3153/3153 3151/3151/3151 3152/3152/3152
f 3154/3154/3154 3150/3150/3150 3151/3151/3151
f 3154/3154/3154 3151/3151/3151 3153/3153/3153
f 3148/3148/3148 3150/3150/3150 3154/3154/3154
f 3155/3155/3155 3154/3154/3154 3153/3153/3153
f 3149/3149/3149 3148/3148/3148 3156/3156/3156
f 3156/3156/3156 3148/3148/3148 3154/3154/3154
f 3156/3156/3156 3154/3154/3154 3155/3155/3155
f 3157/3157/3157 3149/3149/3149 3156/3156/3156
f 3158/3158/3158 3156/3156/3156 3155/3155/3155
f 3157/3157/3157 3156/3156/3156 3158/3158/3158
f 3159/3159/3159 3157/3157/3157 3158/3158/3158
f 3162/3162/3162 3161/3161/3161 3160/3160/3160
f 3163/3163/3163 3162/3162/3162 3160/3160/3160
f 3160/3160/3160 3164/3164/3164 3163/3163/3163
f 3164/3164/3164 3165/3165/3165 3163/3163/3163
f 3165/3165/3165 3164/3164/3164 3166/3166/3166
f 3167/3167/3167 3165/3165/3165 3166/3166/3166
f 3167/3167/3167 3166/3166/3166 3168/3168/3168
f 3169/3169/3169 3167/3167/3167 3168/3168/3168
f 3169/3169/3169 3168/3168/3168 3170/3170/3170
f 3168/3168/3168 3171/3171/3171 3170/3170/3170
f 3171/3171/3171 3172/3172/3172 3170/3170/3170
f 3172/3172/3172 3173/3173/3173 3170/3170/3170
f 3173/3173/3173 3172/3172/3172 3174/3174/3174
f 3175/3175/3175 3173/3173/3173 3174/3174/3174
f 3175/3175/3175 3174/3174/3174 3176/3176/3176
f 3177/3177/3177 3175/3175/3175 3176/3176/3176
f 3180/3180/3180 3179/3179/3179 3178/3178/3178
f 3179/3179/3179 3181/3181/3181 3178/3178/3178
f 3178/3178/3178 3181/3181/3181 3182/3182/3182
f 3181/3181/3181 3179/3179/3179 3183/3183/3183
f 3181/3181/3181 3184/3184/3184 3182/3182/3182
f 3182/3182/3182 3184/3184/3184 3185/3185/3185
f 3186/3186/3186 3181/3181/3181 3183/3183/3183
f 3184/3184/3184 3181/3181/3181 3186/3186/3186
f 3187/3187/3187 3186/3186/3186 3183/3183/3183
f 3188/3188/3188 3187/3187/3187 3183/3183/3183
f 3187/3187/3187 3188/3188/3188 3189/3189/3189
f 3190/3190/3190 3187/3187/3187 3189/3189/3189
f 3190/3190/3190 3189/3189/3189 3191/3191/3191
f 3192/3192/3192 3190/3190/3190 3191/3191/3191
f 3192/3192/3192 3193/3193/3193 3190/3190/3190
f 3186/3186/3186 3187/3187/3187 3194/3194/3194
f 3187/3187/3187 3190/3190/3190 3194/3194/3194
f 3193/3193/3193 3195/3195/3195 3190/3190/3190
f 3190/3190/3190 3195/3195/3195 3194/3194/3194
f 3193/3193/3193 3196/3196/3196 3195/3195/3195
f 3197/3197/3197 3184/3184/3184 3186/3186/3186
f 3197/3197/3197 3186/3186/3186 3194/3194/3194
f 3196/3196/3196 3198/3198/3198 3195/3195/3195
f 3196/3196/3196 3199/3199/3199 3198/3198/3198
f 3200/3200/3200 3184/3184/3184 3197/3197/3197
f 3184/3184/3184 3200/3200/3200 3185/3185/3185
f 3194/3194/3194 3195/3195/3195 3201/3201/3201
f 3195/3195/3195 3198/3198/3198 3201/3201/3201
f 3197/3197/3197 3194/3194/3194 3202/3202/3202
f 3202/3202/3202 3200/3200/3200 3197/3197/3197
f 3194/3194/3194 3201/3201/3201 3202/3202/3202
f 3200/3200/3200 3203/3203/3203 3185/3185/3185
f 3203/3203/3203 3200/3200/3200 3202/3202/3202
f 3203/3203/3203 3204/3204/3204 3185/3185/3185
f 3205/3205/3205 3199/3199/3199 3204/3204/3204
f 3199/3199/3199 3205/3205/3205 3198/3198/3198
f 3203/3203/3203 3205/3205/3205 3204/3204/3204
f 3201/3201/3201 3198/3198/3198 3206/3206/3206
f 3198/3198/3198 3205/3205/3205 3206/3206/3206
f 3201/3201/3201 3206/3206/3206 3202/3202/3202
f 3206/3206/3206 3205/3205/3205 3203/3203/3203
f 3207/3207/3207 3203/3203/3203 3202/3202/3202
f 3207/3207/3207 3206/3206/3206 3203/3203/3203
f 3206/3206/3206 3207/3207/3207 3202/3202/3202
f 3210/3210/3210 3209/3209/3209 3208/3208/3208
f 3211/3211/3211 3210/3210/3210 3208/3208/3208
f 3211/3211/3211 3208/3208/3208 3212/3212/3212
f 3213/3213/3213 3210/3210/3210 3211/3211/3211
f 3214/3214/3214 3211/3211/3211 3212/3212/3212
f 3214/3214/3214 3212/3212/3212 3215/3215/3215
f 3216/3216/3216 3213/3213/3213 3211/3211/3211
f 3216/3216/3216 3211/3211/3211 3214/3214/3214
f 3217/3217/3217 3213/3213/3213 3216/3216/3216
f 3218/3218/3218 3214/3214/3214 3215/3215/3215
f 3218/3218/3218 3215/3215/3215 3219/3219/3219
f 3220/3220/3220 3218/3218/3218 3219/3219/3219
f 3221/3221/3221 3216/3216/3216 3214/3214/3214
f 3221/3221/3221 3214/3214/3214 3218/3218/3218
f 3222/3222/3222 3217/3217/3217 3216/3216/3216
f 3222/3222/3222 3216/3216/3216 3221/3221/3221
f 3223/3223/3223 3217/3217/3217 3222/3222/3222
f 3224/3224/3224 3218/3218/3218 3220/3220/3220
f 3224/3224/3224 3221/3221/3221 3218/3218/3218
f 3225/3225/3225 3224/3224/3224 3220/3220/3220
f 3226/3226/3226 3222/3222/3222 3221/3221/3221
f 3226/3226/3226 3221/3221/3221 3224/3224/3224
f 3227/3227/3227 3223/3223/3223 3222/3222/3222
f 3227/3227/3227 3222/3222/3222 3226/3226/3226
f 3228/3228/3228 3223/3223/3223 3227/3227/3227
f 3229/3229/3229 3224/3224/3224 3225/3225/3225
f 3229/3229/3229 3226/3226/3226 3224/3224/3224
f 3230/3230/3230 3229/3229/3229 3225/3225/3225
f 3231/3231/3231 3227/3227/3227 3226/3226/3226
f 3231/3231/3231 3226/3226/3226 3229/3229/3229
f 3232/3232/3232 3228/3228/3228 3227/3227/3227
f 3232/3232/3232 3227/3227/3227 3231/3231/3231
f 3233/3233/3233 3228/3228/3228 3232/3232/3232
f 3234/3234/3234 3229/3229/3229 3230/3230/3230
f 3234/3234/3234 3231/3231/3231 3229/3229/3229
f 3235/3235/3235 3234/3234/3234 3230/3230/3230
f 3236/3236/3236 3232/3232/3232 3231/3231/3231
f 3236/3236/3236 3231/3231/3231 3234/3234/3234
f 3237/3237/3237 3233/3233/3233 3232/3232/3232
f 3237/3237/3237 3232/3232/3232 3236/3236/3236
f 3238/3238/3238 3233/3233/3233 3237/3237/3237
f 3239/3239/3239 3234/3234/3234 3235/3235/3235
f 3239/3239/3239 3236/3236/3236 3234/3234/3234
f 3240/3240/3240 3239/3239/3239 3235/3235/3235
f 3241/3241/3241 3237/3237/3237 3236/3236/3236
f 3241/3241/3241 3236/3236/3236 3239/3239/3239
f 3242/3242/3242 3238/3238/3238 3237/3237/3237
f 3242/3242/3242 3237/3237/3237 3241/3241/3241
f 3243/3243/3243 3238/3238/3238 3242/3242/3242
f 3244/3244/3244 3239/3239/3239 3240/3240/3240
f 3244/3244/3244 3241/3241/3241 3239/3239/3239
f 3245/3245/3245 3244/3244/3244 3240/3240/3240
f 3246/3246/3246 3242/3242/3242 3241/3241/3241
f 3246/3246/3246 3241/3241/3241 3244/3244/3244
f 3247/3247/3247 3243/3243/3243 3242/3242/3242
f 3247/3247/3247 3242/3242/3242 3246/3246/3246
f 3248/3248/3248 3243/3243/3243 3247/3247/3247
f 3249/3249/3249 3244/3244/3244 3245/3245/3245
f 3249/3249/3249 3246/3246/3246 3244/3244/3244
f 3250/3250/3250 3249/3249/3249 3245/3245/3245
f 3251/3251/3251 3247/3247/3247 3246/3246/3246
f 3251/3251/3251 3246/3246/3246 3249/3249/3249
f 3252/3252/3252 3248/3248/3248 3247/3247/3247
f 3252/3252/3252 3247/3247/3247 3251/3251/3251
f 3253/3253/3253 3248/3248/3248 3252/3252/3252
f 3254/3254/3254 3253/3253/3253 3252/3252/3252
f 3255/3255/3255 3249/3249/3249 3250/3250/3250
f 3255/3255/3255 3251/3251/3251 3249/3249/3249
f 3256/3256/3256 3255/3255/3255 3250/3250/3250
f 3257/3257/3257 3252/3252/3252 3251/3251/3251
f 3254/3254/3254 3252/3252/3252 3257/3257/3257
f 3257/3257/3257 3251/3251/3251 3255/3255/3255
f 3258/3258/3258 3254/3254/3254 3257/3257/3257
f 3259/3259/3259 3255/3255/3255 3256/3256/3256
f 3259/3259/3259 3257/3257/3257 3255/3255/3255
f 3258/3258/3258 3257/3257/3257 3259/3259/3259
f 3260/3260/3260 3259/3259/3259 3256/3256/3256
f 3261/3261/3261 3258/3258/3258 3259/3259/3259
f 3261/3261/3261 3259/3259/3259 3260/3260/3260
f 3262/3262/3262 3261/3261/3261 3260/3260/3260
f 3265/3265/3265 3264/3264/3264 3263/3263/3263
f 3266/3266/3266 3265/3265/3265 3263/3263/3263
f 3267/3267/3267 3266/3266/3266 3263/3263/3263
f 3268/3268/3268 3267/3267/3267 3263/3263/3263
f 3269/3269/3269 3267/3267/3267 3268/3268/3268
f 3270/3270/3270 3267/3267/3267 3269/3269/3269
f 3269/3269/3269 3271/3271/3271 3270/3270/3270
f 3271/3271/3271 3272/3272/3272 3270/3270/3270
f 3275/3275/3275 3274/3274/3274 3273/3273/3273
f 3274/3274/3274 3276/3276/3276 3273/3273/3273
f 3274/3274/3274 3277/3277/3277 3276/3276/3276
f 3277/3277/3277 3278/3278/3278 3276/3276/3276
f 3279/3279/3279 3278/3278/3278 3277/3277/3277
f 3280/3280/3280 3279/3279/3279 3277/3277/3277
f 3279/3279/3279 3280/3280/3280 3281/3281/3281
f 3280/3280/3280 3282/3282/3282 3281/3281/3281
f 3282/3282/3282 3283/3283/3283 3281/3281/3281
f 3283/3283/3283 3284/3284/3284 3281/3281/3281
f 3284/3284/3284 3283/3283/3283 3285/3285/3285
f 3283/3283/3283 3286/3286/3286 3285/3285/3285
f 3285/3285/3285 3286/3286/3286 3287/3287/3287
f 3286/3286/3286 3288/3288/3288 3287/3287/3287
f 3288/3288/3288 3289/3289/3289 3287/3287/3287
f 3289/3289/3289 3290/3290/3290 3287/3287/3287
f 3290/3290/3290 3289/3289/3289 3291/3291/3291
f 3289/3289/3289 3292/3292/3292 3291/3291/3291
f 3291/3291/3291 3292/3292/3292 3293/3293/3293
f 3294/3294/3294 3291/3291/3291 3293/3293/3293
f 3293/3293/3293 3295/3295/3295 3294/3294/3294
f 3295/3295/3295 3296/3296/3296 3294/3294/3294
f 3295/3295/3295 3297/3297/3297 3296/3296/3296
f 3297/3297/3297 3298/3298/3298 3296/3296/3296
f 3301/3301/3301 3300/3300/3300 3299/3299/3299
f 3300/3300/3300 3302/3302/3302 3299/3299/3299
f 3300/3300/3300 3303/3303/3303 3302/3302/3302
f 3303/3303/3303 3304/3304/3304 3302/3302/3302
f 3303/3303/3303 3305/3305/3305 3304/3304/3304
f 3305/3305/3305 3306/3306/3306 3304/3304/3304
f 3305/3305/3305 3307/3307/3307 3306/3306/3306
f 3307/3307/3307 3308/3308/3308 3306/3306/3306
f 3311/3311/3311 3310/3310/3310 3309/3309/3309
f 3312/3312/3312 3311/3311/3311 3309/3309/3309
f 3311/3311/3311 3312/3312/3312 3313/3313/3313
f 3312/3312/3312 3314/3314/3314 3313/3313/3313
f 3315/3315/3315 3314/3314/3314 3312/3312/3312
f 3316/3316/3316 3312/3312/3312 3309/3309/3309
f 3315/3315/3315 3312/3312/3312 3316/3316/3316
f 3316/3316/3316 3309/3309/3309 3317/3317/3317
f 3315/3315/3315 3316/3316/3316 3318/3318/3318
f 3315/3315/3315 3318/3318/3318 3319/3319/3319
f 3318/3318/3318 3320/3320/3320 3319/3319/3319
f 3316/3316/3316 3317/3317/3317 3321/3321/3321
f 3317/3317/3317 3322/3322/3322 3321/3321/3321
f 3322/3322/3322 3323/3323/3323 3321/3321/3321
f 3316/3316/3316 3324/3324/3324 3318/3318/3318
f 3324/3324/3324 3316/3316/3316 3321/3321/3321
f 3318/3318/3318 3324/3324/3324 3325/3325/3325
f 3321/3321/3321 3325/3325/3325 3324/3324/3324
f 3318/3318/3318 3325/3325/3325 3326/3326/3326
f 3321/3321/3321 3327/3327/3327 3325/3325/3325
f 3330/3330/3330 3329/3329/3329 3328/3328/3328
f 3330/3330/3330 3331/3331/3331 3329/3329/3329
f 3334/3334/3334 3333/3333/3333 3332/3332/3332
f 3335/3335/3335 3334/3334/3334 3332/3332/3332
f 3338/3338/3338 3337/3337/3337 3336/3336/3336
f 3337/3337/3337 3339/3339/3339 3336/3336/3336
f 3337/3337/3337 3340/3340/3340 3339/3339/3339
f 3340/3340/3340 3341/3341/3341 3339/3339/3339
f 3341/3341/3341 3342/3342/3342 3339/3339/3339
f 3342/3342/3342 3343/3343/3343 3339/3339/3339
f 3343/3343/3343 3342/3342/3342 3344/3344/3344
f 3342/3342/3342 3345/3345/3345 3344/3344/3344
f 3345/3345/3345 3346/3346/3346 3344/3344/3344
f 3346/3346/3346 3347/3347/3347 3344/3344/3344
f 3346/3346/3346 3348/3348/3348 3347/3347/3347
f 3348/3348/3348 3349/3349/3349 3347/3347/3347
f 3352/3352/3352 3351/3351/3351 3350/3350/3350
f 3351/3351/3351 3353/3353/3353 3350/3350/3350
f 3353/3353/3353 3354/3354/3354 3350/3350/3350
f 3354/3354/3354 3355/3355/3355 3350/3350/3350
f 3358/3358/3358 3357/3357/3357 3356/3356/3356
f 3357/3357/3357 3359/3359/3359 3356/3356/3356
f 3360/3360/3360 3356/3356/3356 3359/3359/3359
f 3361/3361/3361 3360/3360/3360 3359/3359/3359
f 3364/3364/3364 3363/3363/3363 3362/3362/3362
f 3365/3365/3365 3364/3364/3364 3362/3362/3362
f 3368/3368/3368 3367/3367/3367 3366/3366/3366
f 3369/3369/3369 3368/3368/3368 3366/3366/3366
f 3372/3372/3372 3371/3371/3371 3370/3370/3370
f 3371/3371/3371 3373/3373/3373 3370/3370/3370
f 3370/3370/3370 3373/3373/3373 3374/3374/3374
f 3373/3373/3373 3375/3375/3375 3374/3374/3374
f 3378/3378/3378 3377/3377/3377 3376/3376/3376
f 3377/3377/3377 3379/3379/3379 3376/3376/3376
f 3379/3379/3379 3377/3377/3377 3380/3380/3380
f 3381/3381/3381 3379/3379/3379 3380/3380/3380
f 3384/3384/3384 3383/3383/3383 3382/3382/3382
f 3383/3383/3383 3385/3385/3385 3382/3382/3382
f 3385/3385/3385 3386/3386/3386 3382/3382/3382
f 3386/3386/3386 3387/3387/3387 3382/3382/3382
f 3390/3390/3390 3389/3389/3389 3388/3388/3388
f 3389/3389/3389 3391/3391/3391 3388/3388/3388
f 3391/3391/3391 3392/3392/3392 3388/3388/3388
f 3392/3392/3392 3393/3393/3393 3388/3388/3388
f 3396/3396/3396 3395/3395/3395 3394/3394/3394
f 3395/3395/3395 3397/3397/3397 3394/3394/3394
f 3397/3397/3397 3395/3395/3395 3398/3398/3398
f 3399/3399/3399 3397/3397/3397 3398/3398/3398
f 3397/3397/3397 3400/3400/3400 3394/3394/3394
f 3400/3400/3400 3397/3397/3397 3399/3399/3399
f 3400/3400/3400 3401/3401/3401 3394/3394/3394
f 3402/3402/3402 3400/3400/3400 3399/3399/3399
f 3401/3401/3401 3400/3400/3400 3403/3403/3403
f 3403/3403/3403 3400/3400/3400 3402/3402/3402
f 3404/3404/3404 3401/3401/3401 3403/3403/3403
f 3405/3405/3405 3403/3403/3403 3402/3402/3402
f 3406/3406/3406 3404/3404/3404 3403/3403/3403
f 3407/3407/3407 3403/3403/3403 3405/3405/3405
f 3407/3407/3407 3406/3406/3406 3403/3403/3403
f 3406/3406/3406 3407/3407/3407 3408/3408/3408
f 3409/3409/3409 3407/3407/3407 3405/3405/3405
f 3407/3407/3407 3410/3410/3410 3408/3408/3408
f 3410/3410/3410 3407/3407/3407 3409/3409/3409
f 3411/3411/3411 3410/3410/3410 3409/3409/3409
f 3414/3414/3414 3413/3413/3413 3412/3412/3412
f 3415/3415/3415 3414/3414/3414 3412/3412/3412
f 3418/3418/3418 3417/3417/3417 3416/3416/3416
f 3419/3419/3419 3418/3418/3418 3416/3416/3416
f 3422/3422/3422 3421/3421/3421 3420/3420/3420
f 3421/3421/3421 3423/3423/3423 3420/3420/3420
f 3420/3420/3420 3423/3423/3423 3424/3424/3424
f 3423/3423/3423 3425/3425/3425 3424/3424/3424
f 3428/3428/3428 3427/3427/3427 3426/3426/3426
f 3427/3427/3427 3429/3429/3429 3426/3426/3426
f 3427/3427/3427 3430/3430/3430 3429/3429/3429
f 3430/3430/3430 3431/3431/3431 3429/3429/3429
f 3429/3429/3429 3432/3432/3432 3426/3426/3426
f 3429/3429/3429 3431/3431/3431 3432/3432/3432
f 3432/3432/3432 3433/3433/3433 3426/3426/3426
f 3431/3431/3431 3434/3434/3434 3432/3432/3432
f 3437/3437/3437 3436/3436/3436 3435/3435/3435
f 3438/3438/3438 3437/3437/3437 3435/3435/3435
f 3441/3441/3441 3440/3440/3440 3439/3439/3439
f 3442/3442/3442 3441/3441/3441 3439/3439/3439
f 3445/3445/3445 3444/3444/3444 3443/3443/3443
f 3446/3446/3446 3445/3445/3445 3443/3443/3443
f 3449/3449/3449 3448/3448/3448 3447/3447/3447
f 3450/3450/3450 3449/3449/3449 3447/3447/3447
f 3453/3453/3453 3452/3452/3452 3451/3451/3451
f 3454/3454/3454 3453/3453/3453 3451/3451/3451
f 3457/3457/3457 3456/3456/3456 3455/3455/3455
f 3458/3458/3458 3457/3457/3457 3455/3455/3455
f 3461/3461/3461 3460/3460/3460 3459/3459/3459
f 3462/3462/3462 3461/3461/3461 3459/3459/3459
f 3465/3465/3465 3464/3464/3464 3463/3463/3463
f 3466/3466/3466 3465/3465/3465 3463/3463/3463
f 3469/3469/3469 3468/3468/3468 3467/3467/3467
f 3470/3470/3470 3469/3469/3469 3467/3467/3467
f 3473/3473/3473 3472/3472/3472 3471/3471/3471
f 3474/3474/3474 3473/3473/3473 3471/3471/3471
f 3477/3477/3477 3476/3476/3476 3475/3475/3475
f 3476/3476/3476 3478/3478/3478 3475/3475/3475
f 3475/3475/3475 3478/3478/3478 3479/3479/3479
f 3476/3476/3476 3480/3480/3480 3478/3478/3478
f 3478/3478/3478 3481/3481/3481 3479/3479/3479
f 3479/3479/3479 3481/3481/3481 3482/3482/3482
f 3480/3480/3480 3483/3483/3483 3478/3478/3478
f 3478/3478/3478 3483/3483/3483 3481/3481/3481
f 3480/3480/3480 3484/3484/3484 3483/3483/3483
f 3484/3484/3484 3485/3485/3485 3483/3483/3483
f 3483/3483/3483 3485/3485/3485 3486/3486/3486
f 3483/3483/3483 3486/3486/3486 3481/3481/3481
f 3485/3485/3485 3487/3487/3487 3486/3486/3486
f 3481/3481/3481 3488/3488/3488 3482/3482/3482
f 3481/3481/3481 3486/3486/3486 3488/3488/3488
f 3482/3482/3482 3488/3488/3488 3489/3489/3489
f 3486/3486/3486 3487/3487/3487 3490/3490/3490
f 3486/3486/3486 3490/3490/3490 3488/3488/3488
f 3487/3487/3487 3491/3491/3491 3490/3490/3490
f 3488/3488/3488 3492/3492/3492 3489/3489/3489
f 3488/3488/3488 3490/3490/3490 3492/3492/3492
f 3489/3489/3489 3492/3492/3492 3493/3493/3493
f 3490/3490/3490 3491/3491/3491 3494/3494/3494
f 3490/3490/3490 3494/3494/3494 3492/3492/3492
f 3491/3491/3491 3495/3495/3495 3494/3494/3494
f 3492/3492/3492 3496/3496/3496 3493/3493/3493
f 3492/3492/3492 3494/3494/3494 3496/3496/3496
f 3493/3493/3493 3496/3496/3496 3497/3497/3497
f 3494/3494/3494 3495/3495/3495 3498/3498/3498
f 3494/3494/3494 3498/3498/3498 3496/3496/3496
f 3495/3495/3495 3499/3499/3499 3498/3498/3498
f 3496/3496/3496 3500/3500/3500 3497/3497/3497
f 3496/3496/3496 3498/3498/3498 3500/3500/3500
f 3497/3497/3497 3500/3500/3500 3501/3501/3501
f 3498/3498/3498 3499/3499/3499 3502/3502/3502
f 3498/3498/3498 3502/3502/3502 3500/3500/3500
f 3499/3499/3499 3503/3503/3503 3502/3502/3502
f 3500/3500/3500 3504/3504/3504 3501/3501/3501
f 3500/3500/3500 3502/3502/3502 3504/3504/3504
f 3501/3501/3501 3504/3504/3504 3505/3505/3505
f 3504/3504/3504 3506/3506/3506 3505/3505/3505
f 3502/3502/3502 3503/3503/3503 3507/3507/3507
f 3502/3502/3502 3507/3507/3507 3504/3504/3504
f 3504/3504/3504 3507/3507/3507 3506/3506/3506
f 3503/3503/3503 3508/3508/3508 3507/3507/3507
f 3507/3507/3507 3509/3509/3509 3506/3506/3506
f 3507/3507/3507 3508/3508/3508 3509/3509/3509
f 3508/3508/3508 3510/3510/3510 3509/3509/3509
f 3513/3513/3513 3512/3512/3512 3511/3511/3511
f 3512/3512/3512 3514/3514/3514 3511/3511/3511
f 3511/3511/3511 3514/3514/3514 3515/3515/3515
f 3514/3514/3514 3516/3516/3516 3515/3515/3515
f 3515/3515/3515 3516/3516/3516 3517/3517/3517
f 3516/3516/3516 3518/3518/3518 3517/3517/3517
f 3517/3517/3517 3518/3518/3518 3519/3519/3519
f 3518/3518/3518 3520/3520/3520 3519/3519/3519
f 3519/3519/3519 3520/3520/3520 3521/3521/3521
f 3520/3520/3520 3522/3522/3522 3521/3521/3521
f 3521/3521/3521 3522/3522/3522 3523/3523/3523
f 3522/3522/3522 3524/3524/3524 3523/3523/3523
f 3523/3523/3523 3524/3524/3524 3525/3525/3525
f 3524/3524/3524 3526/3526/3526 3525/3525/3525
f 3525/3525/3525 3526/3526/3526 3527/3527/3527
f 3526/3526/3526 3528/3528/3528 3527/3527/3527
f 3531/3531/3531 3530/3530/3530 3529/3529/3529
f 3530/3530/3530 3532/3532/3532 3529/3529/3529
f 3529/3529/3529 3532/3532/3532 3533/3533/3533
f 3530/3530/3530 3534/3534/3534 3532/3532/3532
f 3532/3532/3532 3535/3535/3535 3533/3533/3533
f 3534/3534/3534 3536/3536/3536 3532/3532/3532
f 3537/3537/3537 3535/3535/3535 3532/3532/3532
f 3536/3536/3536 3537/3537/3537 3532/3532/3532
f 3540/3540/3540 3539/3539/3539 3538/3538/3538
f 3541/3541/3541 3540/3540/3540 3538/3538/3538
f 3538/3538/3538 3542/3542/3542 3541/3541/3541
f 3543/3543/3543 3540/3540/3540 3541/3541/3541
f 3542/3542/3542 3544/3544/3544 3541/3541/3541
f 3545/3545/3545 3543/3543/3543 3541/3541/3541
f 3541/3541/3541 3544/3544/3544 3545/3545/3545
f 3544/3544/3544 3546/3546/3546 3545/3545/3545
f 3549/3549/3549 3548/3548/3548 3547/3547/3547
f 3550/3550/3550 3549/3549/3549 3547/3547/3547
f 3550/3550/3550 3547/3547/3547 3551/3551/3551
f 3549/3549/3549 3550/3550/3550 3552/3552/3552
f 3553/3553/3553 3550/3550/3550 3551/3551/3551
f 3550/3550/3550 3554/3554/3554 3552/3552/3552
f 3550/3550/3550 3553/3553/3553 3554/3554/3554
f 3553/3553/3553 3555/3555/3555 3554/3554/3554
f 3558/3558/3558 3557/3557/3557 3556/3556/3556
f 3557/3557/3557 3559/3559/3559 3556/3556/3556
f 3559/3559/3559 3557/3557/3557 3560/3560/3560
f 3557/3557/3557 3561/3561/3561 3560/3560/3560
f 3560/3560/3560 3562/3562/3562 3559/3559/3559
f 3559/3559/3559 3563/3563/3563 3556/3556/3556
f 3562/3562/3562 3563/3563/3563 3559/3559/3559
f 3563/3563/3563 3564/3564/3564 3556/3556/3556
f 3563/3563/3563 3562/3562/3562 3565/3565/3565
f 3564/3564/3564 3563/3563/3563 3566/3566/3566
f 3567/3567/3567 3563/3563/3563 3565/3565/3565
f 3563/3563/3563 3567/3567/3567 3566/3566/3566
f 3567/3567/3567 3565/3565/3565 3568/3568/3568
f 3566/3566/3566 3567/3567/3567 3569/3569/3569
f 3569/3569/3569 3567/3567/3567 3568/3568/3568
f 3570/3570/3570 3566/3566/3566 3569/3569/3569
f 3571/3571/3571 3569/3569/3569 3568/3568/3568
f 3569/3569/3569 3571/3571/3571 3570/3570/3570
f 3572/3572/3572 3571/3571/3571 3568/3568/3568
f 3571/3571/3571 3573/3573/3573 3570/3570/3570
f 3572/3572/3572 3574/3574/3574 3571/3571/3571
f 3571/3571/3571 3575/3575/3575 3573/3573/3573
f 3574/3574/3574 3575/3575/3575 3571/3571/3571
f 3575/3575/3575 3576/3576/3576 3573/3573/3573
f 3575/3575/3575 3574/3574/3574 3577/3577/3577
f 3576/3576/3576 3575/3575/3575 3578/3578/3578
f 3579/3579/3579 3575/3575/3575 3577/3577/3577
f 3575/3575/3575 3579/3579/3579 3578/3578/3578
f 3579/3579/3579 3577/3577/3577 3580/3580/3580
f 3581/3581/3581 3579/3579/3579 3580/3580/3580
f 3578/3578/3578 3579/3579/3579 3581/3581/3581
f 3582/3582/3582 3578/3578/3578 3581/3581/3581
f 3585/3585/3585 3584/3584/3584 3583/3583/3583
f 3586/3586/3586 3585/3585/3585 3583/3583/3583
f 3586/3586/3586 3583/3583/3583 3587/3587/3587
f 3583/3583/3583 3588/3588/3588 3587/3587/3587
f 3588/3588/3588 3589/3589/3589 3587/3587/3587
f 3589/3589/3589 3590/3590/3590 3587/3587/3587
f 3593/3593/3593 3592/3592/3592 3591/3591/3591
f 3592/3592/3592 3594/3594/3594 3591/3591/3591
f 3594/3594/3594 3595/3595/3595 3591/3591/3591
f 3595/3595/3595 3596/3596/3596 3591/3591/3591
f 3594/3594/3594 3597/3597/3597 3595/3595/3595
f 3594/3594/3594 3592/3592/3592 3597/3597/3597
f 3592/3592/3592 3598/3598/3598 3597/3597/3597
f 3600/3600/3600 3598/3598/3598 3599/3599/3599
f 3601/3601/3601 3598/3598/3598 3600/3600/3600
f 3600/3600/3600 3599/3599/3599 3602/3602/3602
f 3599/3599/3599 3603/3603/3603 3602/3602/3602
f 3604/3604/3604 3601/3601/3601 3600/3600/3600
f 3604/3604/3604 3600/3600/3600 3602/3602/3602
f 3605/3605/3605 3601/3601/3601 3604/3604/3604
f 3606/3606/3606 3604/3604/3604 3602/3602/3602
f 3607/3607/3607 3605/3605/3605 3604/3604/3604
f 3606/3606/3606 3607/3607/3607 3604/3604/3604
f 3610/3610/3610 3609/3609/3609 3608/3608/3608
f 3609/3609/3609 3611/3611/3611 3608/3608/3608
f 3609/3609/3609 3612/3612/3612 3611/3611/3611
f 3612/3612/3612 3613/3613/3613 3611/3611/3611
f 3611/3611/3611 3614/3614/3614 3608/3608/3608
f 3611/3611/3611 3613/3613/3613 3614/3614/3614
f 3614/3614/3614 3615/3615/3615 3608/3608/3608
f 3617/3617/3617 3613/3613/3613 3616/3616/3616
f 3618/3618/3618 3617/3617/3617 3616/3616/3616
f 3617/3617/3617 3618/3618/3618 3619/3619/3619
f 3620/3620/3620 3617/3617/3617 3619/3619/3619
f 3623/3623/3623 3622/3622/3622 3621/3621/3621
f 3622/3622/3622 3624/3624/3624 3621/3621/3621
f 3622/3622/3622 3625/3625/3625 3624/3624/3624
f 3624/3624/3624 3626/3626/3626 3621/3621/3621
f 3626/3626/3626 3627/3627/3627 3621/3621/3621
f 3628/3628/3628 3626/3626/3626 3624/3624/3624
f 3625/3625/3625 3629/3629/3629 3624/3624/3624
f 3629/3629/3629 3628/3628/3628 3624/3624/3624
f 3625/3625/3625 3630/3630/3630 3629/3629/3629
f 3631/3631/3631 3628/3628/3628 3629/3629/3629
f 3630/3630/3630 3632/3632/3632 3629/3629/3629
f 3632/3632/3632 3631/3631/3631 3629/3629/3629
f 3630/3630/3630 3633/3633/3633 3632/3632/3632
f 3634/3634/3634 3631/3631/3631 3632/3632/3632
f 3633/3633/3633 3635/3635/3635 3632/3632/3632
f 3635/3635/3635 3634/3634/3634 3632/3632/3632
f 3633/3633/3633 3636/3636/3636 3635/3635/3635
f 3637/3637/3637 3634/3634/3634 3635/3635/3635
f 3636/3636/3636 3638/3638/3638 3635/3635/3635
f 3638/3638/3638 3637/3637/3637 3635/3635/3635
f 3636/3636/3636 3639/3639/3639 3638/3638/3638
f 3640/3640/3640 3637/3637/3637 3638/3638/3638
f 3639/3639/3639 3641/3641/3641 3638/3638/3638
f 3641/3641/3641 3640/3640/3640 3638/3638/3638
f 3639/3639/3639 3642/3642/3642 3641/3641/3641
f 3643/3643/3643 3640/3640/3640 3641/3641/3641
f 3642/3642/3642 3644/3644/3644 3641/3641/3641
f 3644/3644/3644 3643/3643/3643 3641/3641/3641
f 3642/3642/3642 3645/3645/3645 3644/3644/3644
f 3646/3646/3646 3643/3643/3643 3644/3644/3644
f 3645/3645/3645 3647/3647/3647 3644/3644/3644
f 3647/3647/3647 3646/3646/3646 3644/3644/3644
f 3645/3645/3645 3648/3648/3648 3647/3647/3647
f 3649/3649/3649 3646/3646/3646 3647/3647/3647
f 3648/3648/3648 3650/3650/3650 3647/3647/3647
f 3650/3650/3650 3649/3649/3649 3647/3647/3647
f 3648/3648/3648 3651/3651/3651 3650/3650/3650
f 3652/3652/3652 3649/3649/3649 3650/3650/3650
f 3651/3651/3651 3653/3653/3653 3650/3650/3650
f 3653/3653/3653 3652/3652/3652 3650/3650/3650
f 3651/3651/3651 3654/3654/3654 3653/3653/3653
f 3655/3655/3655 3652/3652/3652 3653/3653/3653
f 3654/3654/3654 3656/3656/3656 3653/3653/3653
f 3656/3656/3656 3655/3655/3655 3653/3653/3653
f 3654/3654/3654 3657/3657/3657 3656/3656/3656
f 3658/3658/3658 3655/3655/3655 3656/3656/3656
f 3657/3657/3657 3659/3659/3659 3656/3656/3656
f 3659/3659/3659 3658/3658/3658 3656/3656/3656
f 3657/3657/3657 3660/3660/3660 3659/3659/3659
f 3661/3661/3661 3658/3658/3658 3659/3659/3659
f 3660/3660/3660 3662/3662/3662 3659/3659/3659
f 3662/3662/3662 3661/3661/3661 3659/3659/3659
f 3660/3660/3660 3663/3663/3663 3662/3662/3662
f 3664/3664/3664 3661/3661/3661 3662/3662/3662
f 3663/3663/3663 3665/3665/3665 3662/3662/3662
f 3665/3665/3665 3664/3664/3664 3662/3662/3662
f 3663/3663/3663 3666/3666/3666 3665/3665/3665
f 3667/3667/3667 3664/3664/3664 3665/3665/3665
f 3666/3666/3666 3668/3668/3668 3665/3665/3665
f 3668/3668/3668 3667/3667/3667 3665/3665/3665
f 3666/3666/3666 3669/3669/3669 3668/3668/3668
f 3670/3670/3670 3667/3667/3667 3668/3668/3668
f 3669/3669/3669 3671/3671/3671 3668/3668/3668
f 3671/3671/3671 3670/3670/3670 3668/3668/3668
f 3674/3674/3674 3673/3673/3673 3672/3672/3672
f 3675/3675/3675 3674/3674/3674 3672/3672/3672
f 3675/3675/3675 3672/3672/3672 3676/3676/3676
f 3677/3677/3677 3675/3675/3675 3676/3676/3676
f 3677/3677/3677 3676/3676/3676 3678/3678/3678
f 3679/3679/3679 3677/3677/3677 3678/3678/3678
f 3679/3679/3679 3678/3678/3678 3680/3680/3680
f 3681/3681/3681 3679/3679/3679 3680/3680/3680
f 3681/3681/3681 3680/3680/3680 3682/3682/3682
f 3683/3683/3683 3681/3681/3681 3682/3682/3682
f 3683/3683/3683 3682/3682/3682 3684/3684/3684
f 3685/3685/3685 3683/3683/3683 3684/3684/3684
f 3685/3685/3685 3684/3684/3684 3686/3686/3686
f 3687/3687/3687 3685/3685/3685 3686/3686/3686
f 3687/3687/3687 3686/3686/3686 3688/3688/3688
f 3689/3689/3689 3687/3687/3687 3688/3688/3688
f 3689/3689/3689 3688/3688/3688 3690/3690/3690
f 3691/3691/3691 3689/3689/3689 3690/3690/3690
f 3691/3691/3691 3690/3690/3690 3692/3692/3692
f 3693/3693/3693 3691/3691/3691 3692/3692/3692
f 3693/3693/3693 3692/3692/3692 3694/3694/3694
f 3695/3695/3695 3693/3693/3693 3694/3694/3694
f 3695/3695/3695 3694/3694/3694 3696/3696/3696
f 3697/3697/3697 3695/3695/3695 3696/3696/3696
f 3697/3697/3697 3696/3696/3696 3698/3698/3698
f 3699/3699/3699 3697/3697/3697 3698/3698/3698
f 3699/3699/3699 3698/3698/3698 3700/3700/3700
f 3698/3698/3698 3701/3701/3701 3700/3700/3700
f 3700/3700/3700 3701/3701/3701 3702/3702/3702
f 3703/3703/3703 3700/3700/3700 3702/3702/3702
f 3703/3703/3703 3702/3702/3702 3704/3704/3704
f 3705/3705/3705 3703/3703/3703 3704/3704/3704
f 3708/3708/3708 3707/3707/3707 3706/3706/3706
f 3709/3709/3709 3708/3708/3708 3706/3706/3706
f 3710/3710/3710 3709/3709/3709 3706/3706/3706
f 3711/3711/3711 3710/3710/3710 3706/3706/3706
f 3712/3712/3712 3710/3710/3710 3711/3711/3711
f 3713/3713/3713 3712/3712/3712 3711/3711/3711
f 3712/3712/3712 3713/3713/3713 3714/3714/3714
f 3713/3713/3713 3715/3715/3715 3714/3714/3714
f 3714/3714/3714 3715/3715/3715 3716/3716/3716
f 3715/3715/3715 3717/3717/3717 3716/3716/3716
f 3718/3718/3718 3716/3716/3716 3717/3717/3717
f 3719/3719/3719 3718/3718/3718 3717/3717/3717
f 3718/3718/3718 3719/3719/3719 3720/3720/3720
f 3721/3721/3721 3718/3718/3718 3720/3720/3720
f 3724/3724/3724 3723/3723/3723 3722/3722/3722
f 3725/3725/3725 3724/3724/3724 3722/3722/3722
f 3725/3725/3725 3722/3722/3722 3726/3726/3726
f 3722/3722/3722 3727/3727/3727 3726/3726/3726
f 3726/3726/3726 3727/3727/3727 3728/3728/3728
f 3727/3727/3727 3729/3729/3729 3728/3728/3728
f 3728/3728/3728 3729/3729/3729 3730/3730/3730
f 3729/3729/3729 3731/3731/3731 3730/3730/3730
f 3732/3732/3732 3730/3730/3730 3731/3731/3731
f 3733/3733/3733 3732/3732/3732 3731/3731/3731
f 3734/3734/3734 3732/3732/3732 3733/3733/3733
f 3735/3735/3735 3734/3734/3734 3733/3733/3733
f 3734/3734/3734 3735/3735/3735 3736/3736/3736
f 3735/3735/3735 3737/3737/3737 3736/3736/3736
f 3740/3740/3740 3739/3739/3739 3738/3738/3738
f 3741/3741/3741 3740/3740/3740 3738/3738/3738
f 3740/3740/3740 3741/3741/3741 3742/3742/3742
f 3741/3741/3741 3743/3743/3743 3742/3742/3742
f 3742/3742/3742 3743/3743/3743 3744/3744/3744
f 3743/3743/3743 3745/3745/3745 3744/3744/3744
f 3748/3748/3748 3747/3747/3747 3746/3746/3746
f 3747/3747/3747 3748/3748/3748 3749/3749/3749
f 3749/3749/3749 3748/3748/3748 3750/3750/3750
f 3748/3748/3748 3751/3751/3751 3750/3750/3750
f 3751/3751/3751 3752/3752/3752 3750/3750/3750
f 3752/3752/3752 3751/3751/3751 3753/3753/3753
f 3753/3753/3753 3751/3751/3751 3754/3754/3754
f 3755/3755/3755 3753/3753/3753 3754/3754/3754
f 3754/3754/3754 3756/3756/3756 3755/3755/3755
f 3756/3756/3756 3754/3754/3754 3757/3757/3757
f 3757/3757/3757 3754/3754/3754 3758/3758/3758
f 3759/3759/3759 3757/3757/3757 3758/3758/3758
f 3762/3762/3762 3761/3761/3761 3760/3760/3760
f 3761/3761/3761 3763/3763/3763 3760/3760/3760
f 3763/3763/3763 3761/3761/3761 3764/3764/3764
f 3765/3765/3765 3763/3763/3763 3764/3764/3764
f 3764/3764/3764 3766/3766/3766 3765/3765/3765
f 3766/3766/3766 3767/3767/3767 3765/3765/3765
f 3766/3766/3766 3768/3768/3768 3767/3767/3767
f 3768/3768/3768 3769/3769/3769 3767/3767/3767
f 3769/3769/3769 3768/3768/3768 3770/3770/3770
f 3771/3771/3771 3769/3769/3769 3770/3770/3770
f 3771/3771/3771 3770/3770/3770 3772/3772/3772
f 3770/3770/3770 3773/3773/3773 3772/3772/3772
f 3773/3773/3773 3774/3774/3774 3772/3772/3772
f 3774/3774/3774 3775/3775/3775 3772/3772/3772
f 3775/3775/3775 3774/3774/3774 3776/3776/3776
f 3774/3774/3774 3777/3777/3777 3776/3776/3776
f 3780/3780/3780 3779/3779/3779 3778/3778/3778
f 3781/3781/3781 3780/3780/3780 3778/3778/3778
f 3781/3781/3781 3778/3778/3778 3782/3782/3782
f 3778/3778/3778 3783/3783/3783 3782/3782/3782
f 3784/3784/3784 3782/3782/3782 3783/3783/3783
f 3785/3785/3785 3784/3784/3784 3783/3783/3783
f 3786/3786/3786 3784/3784/3784 3785/3785/3785
f 3787/3787/3787 3786/3786/3786 3785/3785/3785
f 3788/3788/3788 3786/3786/3786 3787/3787/3787
f 3789/3789/3789 3788/3788/3788 3787/3787/3787
f 3789/3789/3789 3790/3790/3790 3788/3788/3788
f 3790/3790/3790 3791/3791/3791 3788/3788/3788
f 3792/3792/3792 3791/3791/3791 3790/3790/3790
f 3793/3793/3793 3792/3792/3792 3790/3790/3790
f 3794/3794/3794 3792/3792/3792 3793/3793/3793
f 3795/3795/3795 3792/3792/3792 3794/3794/3794
f 3796/3796/3796 3795/3795/3795 3794/3794/3794
f 3797/3797/3797 3796/3796/3796 3794/3794/3794
f 3800/3800/3800 3799/3799/3799 3798/3798/3798
f 3799/3799/3799 3801/3801/3801 3798/3798/3798
f 3801/3801/3801 3802/3802/3802 3798/3798/3798
f 3802/3802/3802 3801/3801/3801 3803/3803/3803
f 3803/3803/3803 3801/3801/3801 3804/3804/3804
f 3801/3801/3801 3805/3805/3805 3804/3804/3804
f 3808/3808/3808 3807/3807/3807 3806/3806/3806
f 3809/3809/3809 3808/3808/3808 3806/3806/3806
f 3812/3812/3812 3811/3811/3811 3810/3810/3810
f 3813/3813/3813 3812/3812/3812 3810/3810/3810
f 3816/3816/3816 3815/3815/3815 3814/3814/3814
f 3817/3817/3817 3816/3816/3816 3814/3814/3814
f 3820/3820/3820 3819/3819/3819 3818/3818/3818
f 3821/3821/3821 3820/3820/3820 3818/3818/3818
f 3824/3824/3824 3823/3823/3823 3822/3822/3822
f 3825/3825/3825 3824/3824/3824 3822/3822/3822
f 3824/3824/3824 3825/3825/3825 3826/3826/3826
f 3827/3827/3827 3824/3824/3824 3826/3826/3826
f 3830/3830/3830 3829/3829/3829 3828/3828/3828
f 3831/3831/3831 3830/3830/3830 3828/3828/3828
f 3831/3831/3831 3828/3828/3828 3832/3832/3832
f 3833/3833/3833 3831/3831/3831 3832/3832/3832
f 3833/3833/3833 3832/3832/3832 3834/3834/3834
f 3835/3835/3835 3833/3833/3833 3834/3834/3834
f 3835/3835/3835 3834/3834/3834 3836/3836/3836
f 3837/3837/3837 3835/3835/3835 3836/3836/3836
f 3840/3840/3840 3839/3839/3839 3838/3838/3838
f 3841/3841/3841 3840/3840/3840 3838/3838/3838
f 3842/3842/3842 3840/3840/3840 3841/3841/3841
f 3843/3843/3843 3842/3842/3842 3841/3841/3841
f 3844/3844/3844 3842/3842/3842 3843/3843/3843
f 3845/3845/3845 3844/3844/3844 3843/3843/3843
f 3846/3846/3846 3844/3844/3844 3845/3845/3845
f 3847/3847/3847 3846/3846/3846 3845/3845/3845
f 3848/3848/3848 3846/3846/3846 3847/3847/3847
f 3849/3849/3849 3848/3848/3848 3847/3847/3847
f 3848/3848/3848 3849/3849/3849 3850/3850/3850
f 3851/3851/3851 3848/3848/3848 3850/3850/3850
f 3854/3854/3854 3853/3853/3853 3852/3852/3852
f 3853/3853/3853 3855/3855/3855 3852/3852/3852
f 3855/3855/3855 3856/3856/3856 3852/3852/3852
f 3856/3856/3856 3857/3857/3857 3852/3852/3852
f 3857/3857/3857 3856/3856/3856 3858/3858/3858
f 3856/3856/3856 3859/3859/3859 3858/3858/3858
f 3859/3859/3859 3860/3860/3860 3858/3858/3858
f 3860/3860/3860 3861/3861/3861 3858/3858/3858
f 3864/3864/3864 3863/3863/3863 3862/3862/3862
f 3865/3865/3865 3864/3864/3864 3862/3862/3862
f 3866/3866/3866 3865/3865/3865 3862/3862/3862
f 3867/3867/3867 3866/3866/3866 3862/3862/3862
f 3866/3866/3866 3867/3867/3867 3868/3868/3868
f 3869/3869/3869 3866/3866/3866 3868/3868/3868
f 3869/3869/3869 3868/3868/3868 3870/3870/3870
f 3871/3871/3871 3869/3869/3869 3870/3870/3870
f 3871/3871/3871 3870/3870/3870 3872/3872/3872
f 3873/3873/3873 3871/3871/3871 3872/3872/3872
f 3874/3874/3874 3873/3873/3873 3872/3872/3872
f 3875/3875/3875 3874/3874/3874 3872/3872/3872
f 3878/3878/3878 3877/3877/3877 3876/3876/3876
f 3877/3877/3877 3879/3879/3879 3876/3876/3876
f 3879/3879/3879 3880/3880/3880 3876/3876/3876
f 3880/3880/3880 3881/3881/3881 3876/3876/3876
f 3884/3884/3884 3883/3883/3883 3882/3882/3882
f 3885/3885/3885 3884/3884/3884 3882/3882/3882
f 3885/3885/3885 3886/3886/3886 3884/3884/3884
f 3886/3886/3886 3887/3887/3887 3884/3884/3884
f 3886/3886/3886 3888/3888/3888 3887/3887/3887
f 3888/3888/3888 3889/3889/3889 3887/3887/3887
f 3890/3890/3890 3889/3889/3889 3888/3888/3888
f 3891/3891/3891 3890/3890/3890 3888/3888/3888
f 3894/3894/3894 3893/3893/3893 3892/3892/3892
f 3893/3893/3893 3895/3895/3895 3892/3892/3892
f 3892/3892/3892 3895/3895/3895 3896/3896/3896
f 3895/3895/3895 3897/3897/3897 3896/3896/3896
f 3900/3900/3900 3899/3899/3899 3898/3898/3898
f 3901/3901/3901 3900/3900/3900 3898/3898/3898
f 3904/3904/3904 3903/3903/3903 3902/3902/3902
f 3904/3904/3904 3905/3905/3905 3903/3903/3903
f 3908/3908/3908 3907/3907/3907 3906/3906/3906
f 3908/3908/3908 3909/3909/3909 3907/3907/3907
f 3912/3912/3912 3911/3911/3911 3910/3910/3910
f 3913/3913/3913 3912/3912/3912 3910/3910/3910
f 3910/3910/3910 3914/3914/3914 3913/3913/3913
f 3914/3914/3914 3915/3915/3915 3913/3913/3913
f 3914/3914/3914 3916/3916/3916 3915/3915/3915
f 3916/3916/3916 3917/3917/3917 3915/3915/3915
f 3917/3917/3917 3916/3916/3916 3918/3918/3918
f 3919/3919/3919 3917/3917/3917 3918/3918/3918
f 3918/3918/3918 3920/3920/3920 3919/3919/3919
f 3920/3920/3920 3921/3921/3921 3919/3919/3919
f 3920/3920/3920 3922/3922/3922 3921/3921/3921
f 3922/3922/3922 3923/3923/3923 3921/3921/3921
f 3923/3923/3923 3922/3922/3922 3924/3924/3924
f 3925/3925/3925 3923/3923/3923 3924/3924/3924
f 3925/3925/3925 3924/3924/3924 3926/3926/3926
f 3927/3927/3927 3925/3925/3925 3926/3926/3926
f 3930/3930/3930 3929/3929/3929 3928/3928/3928
f 3929/3929/3929 3931/3931/3931 3928/3928/3928
f 3931/3931/3931 3929/3929/3929 3932/3932/3932
f 3929/3929/3929 3933/3933/3933 3932/3932/3932
f 3934/3934/3934 3932/3932/3932 3933/3933/3933
f 3935/3935/3935 3934/3934/3934 3933/3933/3933
f 3938/3938/3938 3937/3937/3937 3936/3936/3936
f 3939/3939/3939 3938/3938/3938 3936/3936/3936
f 3939/3939/3939 3940/3940/3940 3938/3938/3938
f 3939/3939/3939 3941/3941/3941 3940/3940/3940
f 3940/3940/3940 3942/3942/3942 3938/3938/3938
f 3942/3942/3942 3943/3943/3943 3938/3938/3938
f 3944/3944/3944 3942/3942/3942 3940/3940/3940
f 3943/3943/3943 3945/3945/3945 3938/3938/3938
f 3944/3944/3944 3940/3940/3940 3946/3946/3946
f 3945/3945/3945 3947/3947/3947 3938/3938/3938
f 3947/3947/3947 3948/3948/3948 3938/3938/3938
f 3945/3945/3945 3944/3944/3944 3949/3949/3949
f 3947/3947/3947 3945/3945/3945 3949/3949/3949
f 3949/3949/3949 3944/3944/3944 3946/3946/3946
f 3947/3947/3947 3950/3950/3950 3948/3948/3948
f 3948/3948/3948 3950/3950/3950 3951/3951/3951
f 3946/3946/3946 3952/3952/3952 3949/3949/3949
f 3946/3946/3946 3953/3953/3953 3952/3952/3952
f 3946/3946/3946 3954/3954/3954 3953/3953/3953
f 3953/3953/3953 3954/3954/3954 3955/3955/3955
f 3952/3952/3952 3956/3956/3956 3949/3949/3949
f 3957/3957/3957 3953/3953/3953 3955/3955/3955
f 3958/3958/3958 3951/3951/3951 3949/3949/3949
f 3956/3956/3956 3958/3958/3958 3949/3949/3949
f 3957/3957/3957 3959/3959/3959 3956/3956/3956
f 3959/3959/3959 3958/3958/3958 3956/3956/3956
f 3959/3959/3959 3957/3957/3957 3955/3955/3955
f 3958/3958/3958 3960/3960/3960 3951/3951/3951
f 3948/3948/3948 3951/3951/3951 3960/3960/3960
f 3948/3948/3948 3960/3960/3960 3955/3955/3955
f 3961/3961/3961 3959/3959/3959 3955/3955/3955
f 3960/3960/3960 3961/3961/3961 3955/3955/3955
f 3948/3948/3948 3955/3955/3955 3962/3962/3962
f 3955/3955/3955 3963/3963/3963 3962/3962/3962
f 3966/3966/3966 3965/3965/3965 3964/3964/3964
f 3967/3967/3967 3966/3966/3966 3964/3964/3964
f 3968/3968/3968 3966/3966/3966 3967/3967/3967
f 3969/3969/3969 3968/3968/3968 3967/3967/3967
f 3970/3970/3970 3968/3968/3968 3969/3969/3969
f 3971/3971/3971 3970/3970/3970 3969/3969/3969
f 3974/3974/3974 3973/3973/3973 3972/3972/3972
f 3975/3975/3975 3974/3974/3974 3972/3972/3972
f 3975/3975/3975 3972/3972/3972 3976/3976/3976
f 3977/3977/3977 3975/3975/3975 3976/3976/3976
f 3977/3977/3977 3976/3976/3976 3978/3978/3978
f 3979/3979/3979 3977/3977/3977 3978/3978/3978
f 3979/3979/3979 3978/3978/3978 3980/3980/3980
f 3981/3981/3981 3979/3979/3979 3980/3980/3980
f 3981/3981/3981 3980/3980/3980 3982/3982/3982
f 3983/3983/3983 3981/3981/3981 3982/3982/3982
f 3983/3983/3983 3982/3982/3982 3984/3984/3984
f 3985/3985/3985 3983/3983/3983 3984/3984/3984
f 3985/3985/3985 3984/3984/3984 3986/3986/3986
f 3987/3987/3987 3985/3985/3985 3986/3986/3986
f 3987/3987/3987 3986/3986/3986 3988/3988/3988
f 3989/3989/3989 3987/3987/3987 3988/3988/3988
f 3992/3992/3992 3991/3991/3991 3990/3990/3990
f 3991/3991/3991 3993/3993/3993 3990/3990/3990
f 3993/3993/3993 3994/3994/3994 3990/3990/3990
f 3994/3994/3994 3995/3995/3995 3990/3990/3990
f 3994/3994/3994 3996/3996/3996 3995/3995/3995
f 3996/3996/3996 3997/3997/3997 3995/3995/3995
f 4000/4000/4000 3999/3999/3999 3998/3998/3998
f 3999/3999/3999 4001/4001/4001 3998/3998/3998
f 3999/3999/3999 4002/4002/4002 4001/4001/4001
f 4002/4002/4002 4003/4003/4003 4001/4001/4001
f 4002/4002/4002 4004/4004/4004 4003/4003/4003
f 4004/4004/4004 4005/4005/4005 4003/4003/4003
f 4004/4004/4004 4006/4006/4006 4005/4005/4005
f 4006/4006/4006 4007/4007/4007 4005/4005/4005
f 4010/4010/4010 4009/4009/4009 4008/4008/4008
f 4011/4011/4011 4010/4010/4010 4008/4008/4008
f 4014/4014/4014 4013/4013/4013 4012/4012/4012
f 4015/4015/4015 4014/4014/4014 4012/4012/4012
f 4018/4018/4018 4017/4017/4017 4016/4016/4016
f 4019/4019/4019 4018/4018/4018 4016/4016/4016
f 4022/4022/4022 4021/4021/4021 4020/4020/4020
f 4023/4023/4023 4022/4022/4022 4020/4020/4020
f 4026/4026/4026 4025/4025/4025 4024/4024/4024
f 4027/4027/4027 4026/4026/4026 4024/4024/4024
f 4030/4030/4030 4029/4029/4029 4028/4028/4028
f 4030/4030/4030 4028/4028/4028 4031/4031/4031
f 4032/4032/4032 4030/4030/4030 4031/4031/4031
f 4033/4033/4033 4032/4032/4032 4031/4031/4031
f 4034/4034/4034 4033/4033/4033 4031/4031/4031
f 4034/4034/4034 4031/4031/4031 4035/4035/4035
f 4036/4036/4036 4034/4034/4034 4035/4035/4035
f 4037/4037/4037 4036/4036/4036 4035/4035/4035
f 4040/4040/4040 4039/4039/4039 4038/4038/4038
f 4040/4040/4040 4038/4038/4038 4041/4041/4041
f 4042/4042/4042 4040/4040/4040 4041/4041/4041
f 4043/4043/4043 4042/4042/4042 4041/4041/4041
f 4044/4044/4044 4043/4043/4043 4041/4041/4041
f 4044/4044/4044 4041/4041/4041 4045/4045/4045
f 4046/4046/4046 4044/4044/4044 4045/4045/4045
f 4047/4047/4047 4046/4046/4046 4045/4045/4045
f 4050/4050/4050 4049/4049/4049 4048/4048/4048
f 4051/4051/4051 4050/4050/4050 4048/4048/4048
f 4051/4051/4051 4048/4048/4048 4052/4052/4052
f 4053/4053/4053 4051/4051/4051 4052/4052/4052
f 4053/4053/4053 4052/4052/4052 4054/4054/4054
f 4055/4055/4055 4053/4053/4053 4054/4054/4054
f 4058/4058/4058 4057/4057/4057 4056/4056/4056
f 4059/4059/4059 4058/4058/4058 4056/4056/4056
f 4059/4059/4059 4056/4056/4056 4060/4060/4060
f 4061/4061/4061 4059/4059/4059 4060/4060/4060
f 4061/4061/4061 4060/4060/4060 4062/4062/4062
f 4063/4063/4063 4061/4061/4061 4062/4062/4062
f 4063/4063/4063 4062/4062/4062 4064/4064/4064
f 4065/4065/4065 4063/4063/4063 4064/4064/4064
f 4065/4065/4065 4064/4064/4064 4066/4066/4066
f 4067/4067/4067 4065/4065/4065 4066/4066/4066
f 4067/4067/4067 4066/4066/4066 4068/4068/4068
f 4069/4069/4069 4067/4067/4067 4068/4068/4068
f 4072/4072/4072 4071/4071/4071 4070/4070/4070
f 4073/4073/4073 4072/4072/4072 4070/4070/4070
f 4073/4073/4073 4070/4070/4070 4074/4074/4074
f 4075/4075/4075 4073/4073/4073 4074/4074/4074
f 4075/4075/4075 4074/4074/4074 4076/4076/4076
f 4077/4077/4077 4075/4075/4075 4076/4076/4076
f 4080/4080/4080 4079/4079/4079 4078/4078/4078
f 4079/4079/4079 4081/4081/4081 4078/4078/4078
f 4081/4081/4081 4082/4082/4082 4078/4078/4078
f 4082/4082/4082 4083/4083/4083 4078/4078/4078
f 4084/4084/4084 4083/4083/4083 4082/4082/4082
f 4085/4085/4085 4084/4084/4084 4082/4082/4082
f 4085/4085/4085 4086/4086/4086 4084/4084/4084
f 4086/4086/4086 4087/4087/4087 4084/4084/4084
f 4087/4087/4087 4086/4086/4086 4088/4088/4088
f 4086/4086/4086 4089/4089/4089 4088/4088/4088
f 4088/4088/4088 4089/4089/4089 4090/4090/4090
f 4091/4091/4091 4088/4088/4088 4090/4090/4090
f 4092/4092/4092 4091/4091/4091 4090/4090/4090
f 4093/4093/4093 4092/4092/4092 4090/4090/4090
f 4094/4094/4094 4092/4092/4092 4093/4093/4093
f 4095/4095/4095 4094/4094/4094 4093/4093/4093
f 4098/4098/4098 4097/4097/4097 4096/4096/4096
f 4099/4099/4099 4098/4098/4098 4096/4096/4096
f 4096/4096/4096 4100/4100/4100 4099/4099/4099
f 4100/4100/4100 4101/4101/4101 4099/4099/4099
f 4102/4102/4102 4101/4101/4101 4100/4100/4100
f 4103/4103/4103 4102/4102/4102 4100/4100/4100
f 4106/4106/4106 4105/4105/4105 4104/4104/4104
f 4107/4107/4107 4106/4106/4106 4104/4104/4104
f 4104/4104/4104 4108/4108/4108 4107/4107/4107
f 4108/4108/4108 4109/4109/4109 4107/4107/4107
f 4110/4110/4110 4109/4109/4109 4108/4108/4108
f 4111/4111/4111 4110/4110/4110 4108/4108/4108
f 4114/4114/4114 4113/4113/4113 4112/4112/4112
f 4113/4113/4113 4115/4115/4115 4112/4112/4112
f 4115/4115/4115 4116/4116/4116 4112/4112/4112
f 4116/4116/4116 4117/4117/4117 4112/4112/4112
f 4118/4118/4118 4117/4117/4117 4116/4116/4116
f 4119/4119/4119 4118/4118/4118 4116/4116/4116
f 4119/4119/4119 4120/4120/4120 4118/4118/4118
f 4120/4120/4120 4121/4121/4121 4118/4118/4118
f 4121/4121/4121 4120/4120/4120 4122/4122/4122
f 4120/4120/4120 4123/4123/4123 4122/4122/4122
f 4122/4122/4122 4123/4123/4123 4124/4124/4124
f 4125/4125/4125 4122/4122/4122 4124/4124/4124
f 4126/4126/4126 4125/4125/4125 4124/4124/4124
f 4127/4127/4127 4126/4126/4126 4124/4124/4124
f 4128/4128/4128 4126/4126/4126 4127/4127/4127
f 4129/4129/4129 4128/4128/4128 4127/4127/4127
f 4132/4132/4132 4131/4131/4131 4130/4130/4130
f 4133/4133/4133 4132/4132/4132 4130/4130/4130
f 4130/4130/4130 4134/4134/4134 4133/4133/4133
f 4134/4134/4134 4135/4135/4135 4133/4133/4133
f 4136/4136/4136 4135/4135/4135 4134/4134/4134
f 4137/4137/4137 4136/4136/4136 4134/4134/4134
f 4140/4140/4140 4139/4139/4139 4138/4138/4138
f 4141/4141/4141 4140/4140/4140 4138/4138/4138
f 4138/4138/4138 4142/4142/4142 4141/4141/4141
f 4142/4142/4142 4143/4143/4143 4141/4141/4141
f 4144/4144/4144 4143/4143/4143 4142/4142/4142
f 4145/4145/4145 4144/4144/4144 4142/4142/4142
f 4148/4148/4148 4147/4147/4147 4146/4146/4146
f 4147/4147/4147 4149/4149/4149 4146/4146/4146
f 4149/4149/4149 4150/4150/4150 4146/4146/4146
f 4150/4150/4150 4151/4151/4151 4146/4146/4146
f 4152/4152/4152 4151/4151/4151 4150/4150/4150
f 4153/4153/4153 4152/4152/4152 4150/4150/4150
f 4153/4153/4153 4154/4154/4154 4152/4152/4152
f 4154/4154/4154 4155/4155/4155 4152/4152/4152
f 4155/4155/4155 4154/4154/4154 4156/4156/4156
f 4154/4154/4154 4157/4157/4157 4156/4156/4156
f 4156/4156/4156 4157/4157/4157 4158/4158/4158
f 4159/4159/4159 4156/4156/4156 4158/4158/4158
f 4160/4160/4160 4159/4159/4159 4158/4158/4158
f 4161/4161/4161 4160/4160/4160 4158/4158/4158
f 4162/4162/4162 4160/4160/4160 4161/4161/4161
f 4163/4163/4163 4162/4162/4162 4161/4161/4161
f 4166/4166/4166 4165/4165/4165 4164/4164/4164
f 4167/4167/4167 4166/4166/4166 4164/4164/4164
f 4164/4164/4164 4168/4168/4168 4167/4167/4167
f 4168/4168/4168 4169/4169/4169 4167/4167/4167
f 4170/4170/4170 4169/4169/4169 4168/4168/4168
f 4171/4171/4171 4170/4170/4170 4168/4168/4168
f 4174/4174/4174 4173/4173/4173 4172/4172/4172
f 4175/4175/4175 4174/4174/4174 4172/4172/4172
f 4172/4172/4172 4176/4176/4176 4175/4175/4175
f 4176/4176/4176 4177/4177/4177 4175/4175/4175
f 4178/4178/4178 4177/4177/4177 4176/4176/4176
f 4179/4179/4179 4178/4178/4178 4176/4176/4176
f 4182/4182/4182 4181/4181/4181 4180/4180/4180
f 4181/4181/4181 4183/4183/4183 4180/4180/4180
f 4183/4183/4183 4184/4184/4184 4180/4180/4180
f 4184/4184/4184 4185/4185/4185 4180/4180/4180
f 4186/4186/4186 4185/4185/4185 4184/4184/4184
f 4187/4187/4187 4186/4186/4186 4184/4184/4184
f 4186/4186/4186 4187/4187/4187 4188/4188/4188
f 4189/4189/4189 4186/4186/4186 4188/4188/4188
f 4189/4189/4189 4188/4188/4188 4190/4190/4190
f 4188/4188/4188 4191/4191/4191 4190/4190/4190
f 4190/4190/4190 4191/4191/4191 4192/4192/4192
f 4193/4193/4193 4190/4190/4190 4192/4192/4192
f 4194/4194/4194 4193/4193/4193 4192/4192/4192
f 4195/4195/4195 4194/4194/4194 4192/4192/4192
f 4194/4194/4194 4195/4195/4195 4196/4196/4196
f 4195/4195/4195 4197/4197/4197 4196/4196/4196
f 4200/4200/4200 4199/4199/4199 4198/4198/4198
f 4201/4201/4201 4200/4200/4200 4198/4198/4198
f 4198/4198/4198 4202/4202/4202 4201/4201/4201
f 4202/4202/4202 4203/4203/4203 4201/4201/4201
f 4204/4204/4204 4203/4203/4203 4202/4202/4202
f 4205/4205/4205 4204/4204/4204 4202/4202/4202
f 4208/4208/4208 4207/4207/4207 4206/4206/4206
f 4209/4209/4209 4208/4208/4208 4206/4206/4206
f 4206/4206/4206 4210/4210/4210 4209/4209/4209
f 4210/4210/4210 4211/4211/4211 4209/4209/4209
f 4212/4212/4212 4211/4211/4211 4210/4210/4210
f 4213/4213/4213 4212/4212/4212 4210/4210/4210
f 4216/4216/4216 4215/4215/4215 4214/4214/4214
f 4215/4215/4215 4217/4217/4217 4214/4214/4214
f 4217/4217/4217 4218/4218/4218 4214/4214/4214
f 4218/4218/4218 4219/4219/4219 4214/4214/4214
f 4220/4220/4220 4219/4219/4219 4218/4218/4218
f 4221/4221/4221 4220/4220/4220 4218/4218/4218
f 4221/4221/4221 4222/4222/4222 4220/4220/4220
f 4222/4222/4222 4223/4223/4223 4220/4220/4220
f 4223/4223/4223 4222/4222/4222 4224/4224/4224
f 4222/4222/4222 4225/4225/4225 4224/4224/4224
f 4224/4224/4224 4225/4225/4225 4226/4226/4226
f 4227/4227/4227 4224/4224/4224 4226/4226/4226
f 4228/4228/4228 4227/4227/4227 4226/4226/4226
f 4229/4229/4229 4228/4228/4228 4226/4226/4226
f 4230/4230/4230 4228/4228/4228 4229/4229/4229
f 4231/4231/4231 4230/4230/4230 4229/4229/4229
f 4234/4234/4234 4233/4233/4233 4232/4232/4232
f 4235/4235/4235 4234/4234/4234 4232/4232/4232
f 4232/4232/4232 4236/4236/4236 4235/4235/4235
f 4236/4236/4236 4237/4237/4237 4235/4235/4235
f 4238/4238/4238 4237/4237/4237 4236/4236/4236
f 4239/4239/4239 4238/4238/4238 4236/4236/4236
f 4242/4242/4242 4241/4241/4241 4240/4240/4240
f 4243/4243/4243 4242/4242/4242 4240/4240/4240
f 4240/4240/4240 4244/4244/4244 4243/4243/4243
f 4244/4244/4244 4245/4245/4245 4243/4243/4243
f 4246/4246/4246 4245/4245/4245 4244/4244/4244
f 4247/4247/4247 4246/4246/4246 4244/4244/4244
f 4250/4250/4250 4249/4249/4249 4248/4248/4248
f 4249/4249/4249 4251/4251/4251 4248/4248/4248
f 4249/4249/4249 4252/4252/4252 4251/4251/4251
f 4253/4253/4253 4248/4248/4248 4251/4251/4251
f 4252/4252/4252 4254/4254/4254 4251/4251/4251
f 4255/4255/4255 4253/4253/4253 4251/4251/4251
f 4251/4251/4251 4254/4254/4254 4255/4255/4255
f 4254/4254/4254 4256/4256/4256 4255/4255/4255
f 4257/4257/4257 4253/4253/4253 4255/4255/4255
f 4256/4256/4256 4258/4258/4258 4255/4255/4255
f 4259/4259/4259 4257/4257/4257 4255/4255/4255
f 4258/4258/4258 4259/4259/4259 4255/4255/4255
f 4257/4257/4257 4259/4259/4259 4260/4260/4260
f 4259/4259/4259 4258/4258/4258 4261/4261/4261
f 4259/4259/4259 4261/4261/4261 4260/4260/4260
f 4258/4258/4258 4262/4262/4262 4261/4261/4261
f 4263/4263/4263 4260/4260/4260 4261/4261/4261
f 4261/4261/4261 4262/4262/4262 4264/4264/4264
f 4264/4264/4264 4263/4263/4263 4261/4261/4261
f 4262/4262/4262 4265/4265/4265 4264/4264/4264
f 4266/4266/4266 4263/4263/4263 4264/4264/4264
f 4265/4265/4265 4267/4267/4267 4264/4264/4264
f 4268/4268/4268 4266/4266/4266 4264/4264/4264
f 4267/4267/4267 4268/4268/4268 4264/4264/4264
f 4269/4269/4269 4266/4266/4266 4268/4268/4268
f 4270/4270/4270 4269/4269/4269 4268/4268/4268
f 4270/4270/4270 4268/4268/4268 4267/4267/4267
f 4271/4271/4271 4270/4270/4270 4267/4267/4267
f 4274/4274/4274 4273/4273/4273 4272/4272/4272
f 4273/4273/4273 4275/4275/4275 4272/4272/4272
f 4272/4272/4272 4275/4275/4275 4276/4276/4276
f 4275/4275/4275 4277/4277/4277 4276/4276/4276
f 4276/4276/4276 4277/4277/4277 4278/4278/4278
f 4277/4277/4277 4279/4279/4279 4278/4278/4278
f 4282/4282/4282 4281/4281/4281 4280/4280/4280
f 4281/4281/4281 4283/4283/4283 4280/4280/4280
f 4280/4280/4280 4283/4283/4283 4284/4284/4284
f 4283/4283/4283 4285/4285/4285 4284/4284/4284
f 4284/4284/4284 4285/4285/4285 4286/4286/4286
f 4285/4285/4285 4287/4287/4287 4286/4286/4286
f 4290/4290/4290 4289/4289/4289 4288/4288/4288
f 4289/4289/4289 4291/4291/4291 4288/4288/4288
f 4291/4291/4291 4289/4289/4289 4292/4292/4292
f 4289/4289/4289 4293/4293/4293 4292/4292/4292
f 4292/4292/4292 4293/4293/4293 4294/4294/4294
f 4293/4293/4293 4295/4295/4295 4294/4294/4294
f 4298/4298/4298 4297/4297/4297 4296/4296/4296
f 4297/4297/4297 4299/4299/4299 4296/4296/4296
f 4299/4299/4299 4297/4297/4297 4300/4300/4300
f 4297/4297/4297 4301/4301/4301 4300/4300/4300
f 4300/4300/4300 4301/4301/4301 4302/4302/4302
f 4301/4301/4301 4303/4303/4303 4302/4302/4302
f 4306/4306/4306 4305/4305/4305 4304/4304/4304
f 4305/4305/4305 4307/4307/4307 4304/4304/4304
f 4305/4305/4305 4308/4308/4308 4307/4307/4307
f 4309/4309/4309 4304/4304/4304 4307/4307/4307
f 4308/4308/4308 4310/4310/4310 4307/4307/4307
f 4311/4311/4311 4309/4309/4309 4307/4307/4307
f 4311/4311/4311 4307/4307/4307 4310/4310/4310
f 4312/4312/4312 4309/4309/4309 4311/4311/4311
f 4313/4313/4313 4311/4311/4311 4310/4310/4310
f 4314/4314/4314 4312/4312/4312 4311/4311/4311
f 4314/4314/4314 4311/4311/4311 4313/4313/4313
f 4312/4312/4312 4314/4314/4314 4315/4315/4315
f 4316/4316/4316 4314/4314/4314 4313/4313/4313
f 4314/4314/4314 4317/4317/4317 4315/4315/4315
f 4314/4314/4314 4316/4316/4316 4317/4317/4317
f 4318/4318/4318 4315/4315/4315 4317/4317/4317
f 4316/4316/4316 4319/4319/4319 4317/4317/4317
f 4320/4320/4320 4318/4318/4318 4317/4317/4317
f 4320/4320/4320 4317/4317/4317 4319/4319/4319
f 4321/4321/4321 4318/4318/4318 4320/4320/4320
f 4322/4322/4322 4320/4320/4320 4319/4319/4319
f 4323/4323/4323 4321/4321/4321 4320/4320/4320
f 4323/4323/4323 4320/4320/4320 4322/4322/4322
f 4324/4324/4324 4321/4321/4321 4323/4323/4323
f 4325/4325/4325 4323/4323/4323 4322/4322/4322
f 4326/4326/4326 4324/4324/4324 4323/4323/4323
f 4323/4323/4323 4325/4325/4325 4327/4327/4327
f 4326/4326/4326 4323/4323/4323 4327/4327/4327
f 4330/4330/4330 4329/4329/4329 4328/4328/4328
f 4329/4329/4329 4331/4331/4331 4328/4328/4328
f 4331/4331/4331 4329/4329/4329 4332/4332/4332
f 4329/4329/4329 4333/4333/4333 4332/4332/4332
f 4332/4332/4332 4333/4333/4333 4334/4334/4334
f 4333/4333/4333 4335/4335/4335 4334/4334/4334
f 4338/4338/4338 4337/4337/4337 4336/4336/4336
f 4339/4339/4339 4338/4338/4338 4336/4336/4336
f 4339/4339/4339 4336/4336/4336 4340/4340/4340
f 4336/4336/4336 4341/4341/4341 4340/4340/4340
f 4340/4340/4340 4341/4341/4341 4342/4342/4342
f 4341/4341/4341 4343/4343/4343 4342/4342/4342
f 4346/4346/4346 4345/4345/4345 4344/4344/4344
f 4345/4345/4345 4347/4347/4347 4344/4344/4344
f 4348/4348/4348 4347/4347/4347 4345/4345/4345
f 4345/4345/4345 4349/4349/4349 4348/4348/4348
f 4345/4345/4345 4350/4350/4350 4349/4349/4349
f 4348/4348/4348 4349/4349/4349 4351/4351/4351
f 4349/4349/4349 4352/4352/4352 4351/4351/4351
f 4352/4352/4352 4353/4353/4353 4351/4351/4351
f 4353/4353/4353 4354/4354/4354 4351/4351/4351
f 4357/4357/4357 4356/4356/4356 4355/4355/4355
f 4356/4356/4356 4357/4357/4357 4358/4358/4358
f 4359/4359/4359 4356/4356/4356 4358/4358/4358
f 4356/4356/4356 4359/4359/4359 4360/4360/4360
f 4356/4356/4356 4360/4360/4360 4361/4361/4361
f 4360/4360/4360 4359/4359/4359 4362/4362/4362
f 4359/4359/4359 4363/4363/4363 4362/4362/4362
f 4363/4363/4363 4364/4364/4364 4362/4362/4362
f 4364/4364/4364 4365/4365/4365 4362/4362/4362
f 4368/4368/4368 4367/4367/4367 4366/4366/4366
f 4367/4367/4367 4369/4369/4369 4366/4366/4366
f 4367/4367/4367 4370/4370/4370 4369/4369/4369
f 4369/4369/4369 4371/4371/4371 4366/4366/4366
f 4371/4371/4371 4372/4372/4372 4366/4366/4366
f 4370/4370/4370 4373/4373/4373 4369/4369/4369
f 4370/4370/4370 4374/4374/4374 4373/4373/4373
f 4373/4373/4373 4375/4375/4375 4369/4369/4369
f 4375/4375/4375 4371/4371/4371 4369/4369/4369
f 4371/4371/4371 4376/4376/4376 4372/4372/4372
f 4376/4376/4376 4377/4377/4377 4372/4372/4372
f 4374/4374/4374 4378/4378/4378 4373/4373/4373
f 4373/4373/4373 4378/4378/4378 4375/4375/4375
f 4375/4375/4375 4379/4379/4379 4371/4371/4371
f 4379/4379/4379 4376/4376/4376 4371/4371/4371
f 4379/4379/4379 4380/4380/4380 4376/4376/4376
f 4376/4376/4376 4381/4381/4381 4377/4377/4377
f 4380/4380/4380 4381/4381/4381 4376/4376/4376
f 4381/4381/4381 4382/4382/4382 4377/4377/4377
f 4381/4381/4381 4380/4380/4380 4382/4382/4382
f 4382/4382/4382 4383/4383/4383 4377/4377/4377
f 4375/4375/4375 4384/4384/4384 4379/4379/4379
f 4378/4378/4378 4384/4384/4384 4375/4375/4375
f 4385/4385/4385 4378/4378/4378 4374/4374/4374
f 4386/4386/4386 4385/4385/4385 4374/4374/4374
f 4387/4387/4387 4385/4385/4385 4386/4386/4386
f 4388/4388/4388 4387/4387/4387 4386/4386/4386
f 4385/4385/4385 4387/4387/4387 4389/4389/4389
f 4378/4378/4378 4385/4385/4385 4390/4390/4390
f 4390/4390/4390 4385/4385/4385 4389/4389/4389
f 4384/4384/4384 4378/4378/4378 4390/4390/4390
f 4390/4390/4390 4389/4389/4389 4391/4391/4391
f 4384/4384/4384 4392/4392/4392 4379/4379/4379
f 4379/4379/4379 4392/4392/4392 4380/4380/4380
f 4384/4384/4384 4390/4390/4390 4393/4393/4393
f 4393/4393/4393 4390/4390/4390 4391/4391/4391
f 4392/4392/4392 4384/4384/4384 4393/4393/4393
f 4394/4394/4394 4393/4393/4393 4391/4391/4391
f 4392/4392/4392 4393/4393/4393 4394/4394/4394
f 4392/4392/4392 4395/4395/4395 4380/4380/4380
f 4395/4395/4395 4392/4392/4392 4394/4394/4394
f 4380/4380/4380 4395/4395/4395 4396/4396/4396
f 4395/4395/4395 4394/4394/4394 4396/4396/4396
f 4394/4394/4394 4391/4391/4391 4397/4397/4397
f 4394/4394/4394 4397/4397/4397 4396/4396/4396
f 4391/4391/4391 4398/4398/4398 4397/4397/4397
f 4399/4399/4399 4397/4397/4397 4398/4398/4398
f 4396/4396/4396 4397/4397/4397 4399/4399/4399
f 4399/4399/4399 4398/4398/4398 4400/4400/4400
f 4401/4401/4401 4399/4399/4399 4400/4400/4400
f 4401/4401/4401 4400/4400/4400 4402/4402/4402
f 4403/4403/4403 4380/4380/4380 4396/4396/4396
f 4380/4380/4380 4403/4403/4403 4382/4382/4382
f 4404/4404/4404 4396/4396/4396 4399/4399/4399
f 4404/4404/4404 4399/4399/4399 4401/4401/4401
f 4405/4405/4405 4403/4403/4403 4396/4396/4396
f 4403/4403/4403 4405/4405/4405 4382/4382/4382
f 4404/4404/4404 4405/4405/4405 4396/4396/4396
f 4406/4406/4406 4401/4401/4401 4402/4402/4402
f 4407/4407/4407 4406/4406/4406 4402/4402/4402
f 4405/4405/4405 4408/4408/4408 4382/4382/4382
f 4382/4382/4382 4408/4408/4408 4383/4383/4383
f 4409/4409/4409 4405/4405/4405 4404/4404/4404
f 4405/4405/4405 4409/4409/4409 4408/4408/4408
f 4410/4410/4410 4404/4404/4404 4401/4401/4401
f 4410/4410/4410 4401/4401/4401 4406/4406/4406
f 4410/4410/4410 4409/4409/4409 4404/4404/4404
f 4408/4408/4408 4411/4411/4411 4383/4383/4383
f 4409/4409/4409 4411/4411/4411 4408/4408/4408
f 4411/4411/4411 4412/4412/4412 4383/4383/4383
f 4406/4406/4406 4407/4407/4407 4413/4413/4413
f 4413/4413/4413 4407/4407/4407 4414/4414/4414
f 4415/4415/4415 4409/4409/4409 4410/4410/4410
f 4409/4409/4409 4415/4415/4415 4411/4411/4411
f 4411/4411/4411 4416/4416/4416 4412/4412/4412
f 4415/4415/4415 4416/4416/4416 4411/4411/4411
f 4416/4416/4416 4417/4417/4417 4412/4412/4412
f 4418/4418/4418 4417/4417/4417 4416/4416/4416
f 4419/4419/4419 4410/4410/4410 4406/4406/4406
f 4419/4419/4419 4415/4415/4415 4410/4410/4410
f 4413/4413/4413 4419/4419/4419 4406/4406/4406
f 4420/4420/4420 4416/4416/4416 4415/4415/4415
f 4420/4420/4420 4415/4415/4415 4419/4419/4419
f 4420/4420/4420 4418/4418/4418 4416/4416/4416
f 4413/4413/4413 4420/4420/4420 4419/4419/4419
f 4420/4420/4420 4421/4421/4421 4418/4418/4418
f 4420/4420/4420 4413/4413/4413 4421/4421/4421
f 4421/4421/4421 4422/4422/4422 4418/4418/4418
f 4423/4423/4423 4413/4413/4413 4414/4414/4414
f 4413/4413/4413 4423/4423/4423 4421/4421/4421
f 4423/4423/4423 4414/4414/4414 4424/4424/4424
f 4421/4421/4421 4425/4425/4425 4422/4422/4422
f 4421/4421/4421 4423/4423/4423 4425/4425/4425
f 4425/4425/4425 4426/4426/4426 4422/4422/4422
f 4427/4427/4427 4423/4423/4423 4424/4424/4424
f 4423/4423/4423 4427/4427/4427 4425/4425/4425
f 4426/4426/4426 4425/4425/4425 4428/4428/4428
f 4428/4428/4428 4425/4425/4425 4427/4427/4427
f 4429/4429/4429 4426/4426/4426 4428/4428/4428
f 4430/4430/4430 4428/4428/4428 4427/4427/4427
f 4430/4430/4430 4427/4427/4427 4424/4424/4424
f 4431/4431/4431 4430/4430/4430 4424/4424/4424
f 4434/4434/4434 4433/4433/4433 4432/4432/4432
f 4435/4435/4435 4434/4434/4434 4432/4432/4432
f 4436/4436/4436 4434/4434/4434 4435/4435/4435
f 4432/4432/4432 4437/4437/4437 4435/4435/4435
f 4438/4438/4438 4436/4436/4436 4435/4435/4435
f 4437/4437/4437 4439/4439/4439 4435/4435/4435
f 4438/4438/4438 4435/4435/4435 4439/4439/4439
f 4440/4440/4440 4438/4438/4438 4439/4439/4439
f 4437/4437/4437 4441/4441/4441 4439/4439/4439
f 4442/4442/4442 4440/4440/4440 4439/4439/4439
f 4441/4441/4441 4443/4443/4443 4439/4439/4439
f 4443/4443/4443 4442/4442/4442 4439/4439/4439
f 4443/4443/4443 4441/4441/4441 4444/4444/4444
f 4442/4442/4442 4443/4443/4443 4445/4445/4445
f 4445/4445/4445 4443/4443/4443 4444/4444/4444
f 4446/4446/4446 4442/4442/4442 4445/4445/4445
f 4444/4444/4444 4447/4447/4447 4445/4445/4445
f 4446/4446/4446 4445/4445/4445 4448/4448/4448
f 4447/4447/4447 4448/4448/4448 4445/4445/4445
f 4449/4449/4449 4446/4446/4446 4448/4448/4448
f 4447/4447/4447 4450/4450/4450 4448/4448/4448
f 4451/4451/4451 4449/4449/4449 4448/4448/4448
f 4450/4450/4450 4452/4452/4452 4448/4448/4448
f 4452/4452/4452 4451/4451/4451 4448/4448/4448
f 4450/4450/4450 4453/4453/4453 4452/4452/4452
f 4453/4453/4453 4454/4454/4454 4452/4452/4452
f 4452/4452/4452 4454/4454/4454 4451/4451/4451
f 4454/4454/4454 4455/4455/4455 4451/4451/4451
f 4458/4458/4458 4457/4457/4457 4456/4456/4456
f 4459/4459/4459 4458/4458/4458 4456/4456/4456
f 4459/4459/4459 4456/4456/4456 4460/4460/4460
f 4461/4461/4461 4459/4459/4459 4460/4460/4460
f 4461/4461/4461 4460/4460/4460 4462/4462/4462
f 4463/4463/4463 4461/4461/4461 4462/4462/4462
f 4466/4466/4466 4465/4465/4465 4464/4464/4464
f 4467/4467/4467 4466/4466/4466 4464/4464/4464
f 4467/4467/4467 4464/4464/4464 4468/4468/4468
f 4469/4469/4469 4467/4467/4467 4468/4468/4468
f 4469/4469/4469 4468/4468/4468 4470/4470/4470
f 4471/4471/4471 4469/4469/4469 4470/4470/4470
f 4474/4474/4474 4473/4473/4473 4472/4472/4472
f 4475/4475/4475 4474/4474/4474 4472/4472/4472
f 4474/4474/4474 4475/4475/4475 4476/4476/4476
f 4477/4477/4477 4474/4474/4474 4476/4476/4476
f 4477/4477/4477 4476/4476/4476 4478/4478/4478
f 4479/4479/4479 4477/4477/4477 4478/4478/4478
f 4482/4482/4482 4481/4481/4481 4480/4480/4480
f 4483/4483/4483 4482/4482/4482 4480/4480/4480
f 4482/4482/4482 4483/4483/4483 4484/4484/4484
f 4485/4485/4485 4482/4482/4482 4484/4484/4484
f 4485/4485/4485 4484/4484/4484 4486/4486/4486
f 4487/4487/4487 4485/4485/4485 4486/4486/4486
f 4490/4490/4490 4489/4489/4489 4488/4488/4488
f 4491/4491/4491 4490/4490/4490 4488/4488/4488
f 4492/4492/4492 4490/4490/4490 4491/4491/4491
f 4488/4488/4488 4493/4493/4493 4491/4491/4491
f 4494/4494/4494 4492/4492/4492 4491/4491/4491
f 4493/4493/4493 4495/4495/4495 4491/4491/4491
f 4491/4491/4491 4495/4495/4495 4494/4494/4494
f 4493/4493/4493 4496/4496/4496 4495/4495/4495
f 4495/4495/4495 4497/4497/4497 4494/4494/4494
f 4496/4496/4496 4498/4498/4498 4495/4495/4495
f 4495/4495/4495 4498/4498/4498 4497/4497/4497
f 4498/4498/4498 4496/4496/4496 4499/4499/4499
f 4498/4498/4498 4500/4500/4500 4497/4497/4497
f 4501/4501/4501 4498/4498/4498 4499/4499/4499
f 4500/4500/4500 4498/4498/4498 4501/4501/4501
f 4499/4499/4499 4502/4502/4502 4501/4501/4501
f 4503/4503/4503 4500/4500/4500 4501/4501/4501
f 4502/4502/4502 4504/4504/4504 4501/4501/4501
f 4501/4501/4501 4504/4504/4504 4503/4503/4503
f 4502/4502/4502 4505/4505/4505 4504/4504/4504
f 4504/4504/4504 4506/4506/4506 4503/4503/4503
f 4505/4505/4505 4507/4507/4507 4504/4504/4504
f 4504/4504/4504 4507/4507/4507 4506/4506/4506
f 4505/4505/4505 4508/4508/4508 4507/4507/4507
f 4507/4507/4507 4509/4509/4509 4506/4506/4506
f 4508/4508/4508 4510/4510/4510 4507/4507/4507
f 4509/4509/4509 4507/4507/4507 4511/4511/4511
f 4507/4507/4507 4510/4510/4510 4511/4511/4511
f 4514/4514/4514 4513/4513/4513 4512/4512/4512
f 4515/4515/4515 4514/4514/4514 4512/4512/4512
f 4514/4514/4514 4515/4515/4515 4516/4516/4516
f 4517/4517/4517 4514/4514/4514 4516/4516/4516
f 4517/4517/4517 4516/4516/4516 4518/4518/4518
f 4519/4519/4519 4517/4517/4517 4518/4518/4518
f 4522/4522/4522 4521/4521/4521 4520/4520/4520
f 4521/4521/4521 4523/4523/4523 4520/4520/4520
f 4520/4520/4520 4523/4523/4523 4524/4524/4524
f 4525/4525/4525 4520/4520/4520 4524/4524/4524
f 4525/4525/4525 4524/4524/4524 4526/4526/4526
f 4527/4527/4527 4525/4525/4525 4526/4526/4526
f 4530/4530/4530 4529/4529/4529 4528/4528/4528
f 4531/4531/4531 4530/4530/4530 4528/4528/4528
f 4531/4531/4531 4532/4532/4532 4530/4530/4530
f 4533/4533/4533 4530/4530/4530 4532/4532/4532
f 4534/4534/4534 4530/4530/4530 4533/4533/4533
f 4533/4533/4533 4532/4532/4532 4535/4535/4535
f 4536/4536/4536 4533/4533/4533 4535/4535/4535
f 4537/4537/4537 4536/4536/4536 4535/4535/4535
f 4538/4538/4538 4537/4537/4537 4535/4535/4535
f 4541/4541/4541 4540/4540/4540 4539/4539/4539
f 4540/4540/4540 4541/4541/4541 4542/4542/4542
f 4541/4541/4541 4543/4543/4543 4542/4542/4542
f 4543/4543/4543 4541/4541/4541 4544/4544/4544
f 4544/4544/4544 4541/4541/4541 4545/4545/4545
f 4543/4543/4543 4544/4544/4544 4546/4546/4546
f 4547/4547/4547 4543/4543/4543 4546/4546/4546
f 4548/4548/4548 4547/4547/4547 4546/4546/4546
f 4549/4549/4549 4548/4548/4548 4546/4546/4546
f 4552/4552/4552 4551/4551/4551 4550/4550/4550
f 4553/4553/4553 4552/4552/4552 4550/4550/4550
f 4554/4554/4554 4552/4552/4552 4553/4553/4553
f 4555/4555/4555 4553/4553/4553 4550/4550/4550
f 4556/4556/4556 4555/4555/4555 4550/4550/4550
f 4557/4557/4557 4554/4554/4554 4553/4553/4553
f 4558/4558/4558 4554/4554/4554 4557/4557/4557
f 4559/4559/4559 4557/4557/4557 4553/4553/4553
f 4555/4555/4555 4559/4559/4559 4553/4553/4553
f 4560/4560/4560 4555/4555/4555 4556/4556/4556
f 4561/4561/4561 4560/4560/4560 4556/4556/4556
f 4562/4562/4562 4558/4558/4558 4557/4557/4557
f 4562/4562/4562 4557/4557/4557 4559/4559/4559
f 4563/4563/4563 4559/4559/4559 4555/4555/4555
f 4560/4560/4560 4563/4563/4563 4555/4555/4555
f 4564/4564/4564 4563/4563/4563 4560/4560/4560
f 4565/4565/4565 4560/4560/4560 4561/4561/4561
f 4565/4565/4565 4564/4564/4564 4560/4560/4560
f 4566/4566/4566 4565/4565/4565 4561/4561/4561
f 4564/4564/4564 4565/4565/4565 4566/4566/4566
f 4567/4567/4567 4566/4566/4566 4561/4561/4561
f 4568/4568/4568 4559/4559/4559 4563/4563/4563
f 4568/4568/4568 4562/4562/4562 4559/4559/4559
f 4562/4562/4562 4569/4569/4569 4558/4558/4558
f 4569/4569/4569 4570/4570/4570 4558/4558/4558
f 4569/4569/4569 4571/4571/4571 4570/4570/4570
f 4571/4571/4571 4572/4572/4572 4570/4570/4570
f 4571/4571/4571 4569/4569/4569 4573/4573/4573
f 4569/4569/4569 4562/4562/4562 4574/4574/4574
f 4569/4569/4569 4574/4574/4574 4573/4573/4573
f 4562/4562/4562 4568/4568/4568 4574/4574/4574
f 4573/4573/4573 4574/4574/4574 4575/4575/4575
f 4576/4576/4576 4568/4568/4568 4563/4563/4563
f 4576/4576/4576 4563/4563/4563 4564/4564/4564
f 4574/4574/4574 4568/4568/4568 4577/4577/4577
f 4574/4574/4574 4577/4577/4577 4575/4575/4575
f 4568/4568/4568 4576/4576/4576 4577/4577/4577
f 4577/4577/4577 4578/4578/4578 4575/4575/4575
f 4577/4577/4577 4576/4576/4576 4578/4578/4578
f 4579/4579/4579 4576/4576/4576 4564/4564/4564
f 4576/4576/4576 4579/4579/4579 4578/4578/4578
f 4579/4579/4579 4564/4564/4564 4580/4580/4580
f 4578/4578/4578 4579/4579/4579 4580/4580/4580
f 4575/4575/4575 4578/4578/4578 4581/4581/4581
f 4581/4581/4581 4578/4578/4578 4580/4580/4580
f 4582/4582/4582 4575/4575/4575 4581/4581/4581
f 4581/4581/4581 4583/4583/4583 4582/4582/4582
f 4581/4581/4581 4580/4580/4580 4583/4583/4583
f 4582/4582/4582 4583/4583/4583 4584/4584/4584
f 4583/4583/4583 4585/4585/4585 4584/4584/4584
f 4584/4584/4584 4585/4585/4585 4586/4586/4586
f 4564/4564/4564 4587/4587/4587 4580/4580/4580
f 4587/4587/4587 4564/4564/4564 4566/4566/4566
f 4580/4580/4580 4588/4588/4588 4583/4583/4583
f 4583/4583/4583 4588/4588/4588 4585/4585/4585
f 4587/4587/4587 4589/4589/4589 4580/4580/4580
f 4589/4589/4589 4587/4587/4587 4566/4566/4566
f 4589/4589/4589 4588/4588/4588 4580/4580/4580
f 4585/4585/4585 4590/4590/4590 4586/4586/4586
f 4590/4590/4590 4591/4591/4591 4586/4586/4586
f 4592/4592/4592 4589/4589/4589 4566/4566/4566
f 4592/4592/4592 4566/4566/4566 4567/4567/4567
f 4589/4589/4589 4593/4593/4593 4588/4588/4588
f 4593/4593/4593 4589/4589/4589 4592/4592/4592
f 4588/4588/4588 4594/4594/4594 4585/4585/4585
f 4585/4585/4585 4594/4594/4594 4590/4590/4590
f 4593/4593/4593 4594/4594/4594 4588/4588/4588
f 4595/4595/4595 4592/4592/4592 4567/4567/4567
f 4595/4595/4595 4593/4593/4593 4592/4592/4592
f 4596/4596/4596 4595/4595/4595 4567/4567/4567
f 4591/4591/4591 4590/4590/4590 4597/4597/4597
f 4591/4591/4591 4597/4597/4597 4598/4598/4598
f 4593/4593/4593 4599/4599/4599 4594/4594/4594
f 4599/4599/4599 4593/4593/4593 4595/4595/4595
f 4600/4600/4600 4595/4595/4595 4596/4596/4596
f 4600/4600/4600 4599/4599/4599 4595/4595/4595
f 4601/4601/4601 4600/4600/4600 4596/4596/4596
f 4601/4601/4601 4602/4602/4602 4600/4600/4600
f 4594/4594/4594 4603/4603/4603 4590/4590/4590
f 4599/4599/4599 4603/4603/4603 4594/4594/4594
f 4603/4603/4603 4597/4597/4597 4590/4590/4590
f 4600/4600/4600 4604/4604/4604 4599/4599/4599
f 4599/4599/4599 4604/4604/4604 4603/4603/4603
f 4602/4602/4602 4604/4604/4604 4600/4600/4600
f 4604/4604/4604 4597/4597/4597 4603/4603/4603
f 4605/4605/4605 4604/4604/4604 4602/4602/4602
f 4597/4597/4597 4604/4604/4604 4605/4605/4605
f 4606/4606/4606 4605/4605/4605 4602/4602/4602
f 4597/4597/4597 4607/4607/4607 4598/4598/4598
f 4607/4607/4607 4597/4597/4597 4605/4605/4605
f 4598/4598/4598 4607/4607/4607 4608/4608/4608
f 4609/4609/4609 4605/4605/4605 4606/4606/4606
f 4607/4607/4607 4605/4605/4605 4609/4609/4609
f 4610/4610/4610 4609/4609/4609 4606/4606/4606
f 4607/4607/4607 4611/4611/4611 4608/4608/4608
f 4611/4611/4611 4607/4607/4607 4609/4609/4609
f 4609/4609/4609 4610/4610/4610 4612/4612/4612
f 4609/4609/4609 4612/4612/4612 4611/4611/4611
f 4610/4610/4610 4613/4613/4613 4612/4612/4612
f 4612/4612/4612 4614/4614/4614 4611/4611/4611
f 4611/4611/4611 4614/4614/4614 4608/4608/4608
f 4614/4614/4614 4615/4615/4615 4608/4608/4608
f 4618/4618/4618 4617/4617/4617 4616/4616/4616
f 4619/4619/4619 4617/4617/4617 4618/4618/4618
f 4620/4620/4620 4618/4618/4618 4616/4616/4616
f 4621/4621/4621 4620/4620/4620 4616/4616/4616
f 4621/4621/4621 4622/4622/4622 4620/4620/4620
f 4622/4622/4622 4623/4623/4623 4620/4620/4620
f 4620/4620/4620 4623/4623/4623 4618/4618/4618
f 4622/4622/4622 4624/4624/4624 4623/4623/4623
f 4624/4624/4624 4625/4625/4625 4623/4623/4623
f 4619/4619/4619 4618/4618/4618 4626/4626/4626
f 4623/4623/4623 4626/4626/4626 4618/4618/4618
f 4625/4625/4625 4626/4626/4626 4623/4623/4623
f 4627/4627/4627 4619/4619/4619 4626/4626/4626
f 4627/4627/4627 4626/4626/4626 4625/4625/4625
f 4630/4630/4630 4629/4629/4629 4628/4628/4628
f 4628/4628/4628 4631/4631/4631 4630/4630/4630
f 4632/4632/4632 4629/4629/4629 4630/4630/4630
f 4632/4632/4632 4633/4633/4633 4629/4629/4629
f 4633/4633/4633 4632/4632/4632 4634/4634/4634
f 4635/4635/4635 4633/4633/4633 4634/4634/4634
f 4634/4634/4634 4636/4636/4636 4635/4635/4635
f 4637/4637/4637 4634/4634/4634 4632/4632/4632
f 4634/4634/4634 4637/4637/4637 4636/4636/4636
f 4637/4637/4637 4632/4632/4632 4630/4630/4630
f 4638/4638/4638 4636/4636/4636 4637/4637/4637
f 4639/4639/4639 4638/4638/4638 4637/4637/4637
f 4639/4639/4639 4637/4637/4637 4630/4630/4630
f 4639/4639/4639 4630/4630/4630 4640/4640/4640
f 4631/4631/4631 4641/4641/4641 4630/4630/4630
f 4630/4630/4630 4641/4641/4641 4640/4640/4640
f 4642/4642/4642 4641/4641/4641 4631/4631/4631
f 4641/4641/4641 4642/4642/4642 4640/4640/4640
f 4642/4642/4642 4631/4631/4631 4643/4643/4643
f 4640/4640/4640 4642/4642/4642 4644/4644/4644
f 4642/4642/4642 4643/4643/4643 4644/4644/4644
f 4647/4647/4647 4646/4646/4646 4645/4645/4645
f 4648/4648/4648 4645/4645/4645 4646/4646/4646
f 4647/4647/4647 4649/4649/4649 4646/4646/4646
f 4650/4650/4650 4649/4649/4649 4647/4647/4647
f 4649/4649/4649 4650/4650/4650 4651/4651/4651
f 4650/4650/4650 4652/4652/4652 4651/4651/4651
f 4653/4653/4653 4651/4651/4651 4652/4652/4652
f 4651/4651/4651 4654/4654/4654 4649/4649/4649
f 4654/4654/4654 4651/4651/4651 4653/4653/4653
f 4649/4649/4649 4654/4654/4654 4646/4646/4646
f 4653/4653/4653 4655/4655/4655 4654/4654/4654
f 4655/4655/4655 4656/4656/4656 4654/4654/4654
f 4654/4654/4654 4656/4656/4656 4646/4646/4646
f 4646/4646/4646 4656/4656/4656 4657/4657/4657
f 4658/4658/4658 4648/4648/4648 4646/4646/4646
f 4658/4658/4658 4646/4646/4646 4657/4657/4657
f 4658/4658/4658 4659/4659/4659 4648/4648/4648
f 4659/4659/4659 4658/4658/4658 4657/4657/4657
f 4648/4648/4648 4659/4659/4659 4660/4660/4660
f 4659/4659/4659 4657/4657/4657 4661/4661/4661
f 4660/4660/4660 4659/4659/4659 4661/4661/4661
f 4664/4664/4664 4663/4663/4663 4662/4662/4662
f 4665/4665/4665 4662/4662/4662 4663/4663/4663
f 4664/4664/4664 4666/4666/4666 4663/4663/4663
f 4667/4667/4667 4666/4666/4666 4664/4664/4664
f 4666/4666/4666 4667/4667/4667 4668/4668/4668
f 4667/4667/4667 4669/4669/4669 4668/4668/4668
f 4670/4670/4670 4668/4668/4668 4669/4669/4669
f 4668/4668/4668 4671/4671/4671 4666/4666/4666
f 4671/4671/4671 4668/4668/4668 4670/4670/4670
f 4666/4666/4666 4671/4671/4671 4663/4663/4663
f 4670/4670/4670 4672/4672/4672 4671/4671/4671
f 4672/4672/4672 4673/4673/4673 4671/4671/4671
f 4671/4671/4671 4673/4673/4673 4663/4663/4663
f 4663/4663/4663 4673/4673/4673 4674/4674/4674
f 4675/4675/4675 4665/4665/4665 4663/4663/4663
f 4675/4675/4675 4663/4663/4663 4674/4674/4674
f 4675/4675/4675 4676/4676/4676 4665/4665/4665
f 4676/4676/4676 4675/4675/4675 4674/4674/4674
f 4665/4665/4665 4676/4676/4676 4677/4677/4677
f 4676/4676/4676 4674/4674/4674 4678/4678/4678
f 4677/4677/4677 4676/4676/4676 4678/4678/4678
f 4681/4681/4681 4680/4680/4680 4679/4679/4679
f 4681/4681/4681 4682/4682/4682 4680/4680/4680
f 4682/4682/4682 4683/4683/4683 4680/4680/4680
f 4682/4682/4682 4684/4684/4684 4683/4683/4683
f 4684/4684/4684 4685/4685/4685 4683/4683/4683
f 4684/4684/4684 4686/4686/4686 4685/4685/4685
f 4686/4686/4686 4687/4687/4687 4685/4685/4685
f 4686/4686/4686 4688/4688/4688 4687/4687/4687
f 4688/4688/4688 4689/4689/4689 4687/4687/4687
f 4687/4687/4687 4689/4689/4689 4690/4690/4690
f 4691/4691/4691 4687/4687/4687 4690/4690/4690
f 4687/4687/4687 4691/4691/4691 4685/4685/4685
f 4691/4691/4691 4690/4690/4690 4692/4692/4692
f 4693/4693/4693 4691/4691/4691 4692/4692/4692
f 4691/4691/4691 4694/4694/4694 4685/4685/4685
f 4694/4694/4694 4691/4691/4691 4693/4693/4693
f 4685/4685/4685 4694/4694/4694 4683/4683/4683
f 4695/4695/4695 4694/4694/4694 4693/4693/4693
f 4694/4694/4694 4695/4695/4695 4696/4696/4696
f 4694/4694/4694 4696/4696/4696 4683/4683/4683
f 4695/4695/4695 4697/4697/4697 4696/4696/4696
f 4696/4696/4696 4697/4697/4697 4698/4698/4698
f 4683/4683/4683 4696/4696/4696 4699/4699/4699
f 4699/4699/4699 4696/4696/4696 4698/4698/4698
f 4699/4699/4699 4698/4698/4698 4700/4700/4700
f 4680/4680/4680 4683/4683/4683 4699/4699/4699
f 4701/4701/4701 4699/4699/4699 4700/4700/4700
f 4680/4680/4680 4699/4699/4699 4701/4701/4701
f 4701/4701/4701 4700/4700/4700 4702/4702/4702
f 4703/4703/4703 4680/4680/4680 4701/4701/4701
f 4680/4680/4680 4703/4703/4703 4679/4679/4679
f 4679/4679/4679 4703/4703/4703 4704/4704/4704
f 4704/4704/4704 4703/4703/4703 4701/4701/4701
f 4705/4705/4705 4679/4679/4679 4704/4704/4704
f 4706/4706/4706 4705/4705/4705 4704/4704/4704
f 4707/4707/4707 4706/4706/4706 4704/4704/4704
f 4707/4707/4707 4708/4708/4708 4702/4702/4702
f 4708/4708/4708 4701/4701/4701 4702/4702/4702
f 4708/4708/4708 4707/4707/4707 4704/4704/4704
f 4708/4708/4708 4704/4704/4704 4701/4701/4701
f 4711/4711/4711 4710/4710/4710 4709/4709/4709
f 4711/4711/4711 4712/4712/4712 4710/4710/4710
f 4710/4710/4710 4713/4713/4713 4709/4709/4709
f 4712/4712/4712 4714/4714/4714 4710/4710/4710
f 4709/4709/4709 4713/4713/4713 4715/4715/4715
f 4716/4716/4716 4709/4709/4709 4715/4715/4715
f 4714/4714/4714 4712/4712/4712 4717/4717/4717
f 4712/4712/4712 4718/4718/4718 4717/4717/4717
f 4717/4717/4717 4718/4718/4718 4719/4719/4719
f 4720/4720/4720 4717/4717/4717 4719/4719/4719
f 4719/4719/4719 4721/4721/4721 4720/4720/4720
f 4721/4721/4721 4722/4722/4722 4720/4720/4720
f 4723/4723/4723 4716/4716/4716 4715/4715/4715
f 4724/4724/4724 4723/4723/4723 4715/4715/4715
f 4722/4722/4722 4721/4721/4721 4725/4725/4725
f 4726/4726/4726 4722/4722/4722 4725/4725/4725
f 4726/4726/4726 4725/4725/4725 4727/4727/4727
f 4725/4725/4725 4728/4728/4728 4727/4727/4727
f 4729/4729/4729 4727/4727/4727 4728/4728/4728
f 4730/4730/4730 4729/4729/4729 4728/4728/4728
f 4724/4724/4724 4731/4731/4731 4723/4723/4723
f 4729/4729/4729 4730/4730/4730 4731/4731/4731
f 4731/4731/4731 4732/4732/4732 4723/4723/4723
f 4730/4730/4730 4732/4732/4732 4731/4731/4731
f 4735/4735/4735 4734/4734/4734 4733/4733/4733
f 4734/4734/4734 4735/4735/4735 4736/4736/4736
f 4737/4737/4737 4735/4735/4735 4733/4733/4733
f 4733/4733/4733 4738/4738/4738 4737/4737/4737
f 4738/4738/4738 4739/4739/4739 4737/4737/4737
f 4735/4735/4735 4737/4737/4737 4740/4740/4740
f 4737/4737/4737 4739/4739/4739 4740/4740/4740
f 4739/4739/4739 4738/4738/4738 4741/4741/4741
f 4738/4738/4738 4742/4742/4742 4741/4741/4741
f 4742/4742/4742 4743/4743/4743 4741/4741/4741
f 4743/4743/4743 4744/4744/4744 4741/4741/4741
f 4744/4744/4744 4743/4743/4743 4745/4745/4745
f 4735/4735/4735 4746/4746/4746 4736/4736/4736
f 4746/4746/4746 4747/4747/4747 4736/4736/4736
f 4747/4747/4747 4748/4748/4748 4736/4736/4736
f 4748/4748/4748 4747/4747/4747 4749/4749/4749
f 4746/4746/4746 4735/4735/4735 4750/4750/4750
f 4750/4750/4750 4735/4735/4735 4740/4740/4740
f 4747/4747/4747 4751/4751/4751 4749/4749/4749
f 4752/4752/4752 4749/4749/4749 4751/4751/4751
f 4753/4753/4753 4746/4746/4746 4750/4750/4750
f 4746/4746/4746 4753/4753/4753 4747/4747/4747
f 4741/4741/4741 4744/4744/4744 4754/4754/4754
f 4755/4755/4755 4744/4744/4744 4745/4745/4745
f 4754/4754/4754 4744/4744/4744 4755/4755/4755
f 4756/4756/4756 4741/4741/4741 4754/4754/4754
f 4739/4739/4739 4741/4741/4741 4756/4756/4756
f 4739/4739/4739 4757/4757/4757 4740/4740/4740
f 4757/4757/4757 4739/4739/4739 4756/4756/4756
f 4758/4758/4758 4755/4755/4755 4745/4745/4745
f 4759/4759/4759 4758/4758/4758 4745/4745/4745
f 4759/4759/4759 4760/4760/4760 4758/4758/4758
f 4760/4760/4760 4761/4761/4761 4758/4758/4758
f 4760/4760/4760 4752/4752/4752 4761/4761/4761
f 4752/4752/4752 4762/4762/4762 4761/4761/4761
f 4762/4762/4762 4752/4752/4752 4751/4751/4751
f 4758/4758/4758 4761/4761/4761 4763/4763/4763
f 4763/4763/4763 4761/4761/4761 4762/4762/4762
f 4755/4755/4755 4758/4758/4758 4764/4764/4764
f 4764/4764/4764 4758/4758/4758 4763/4763/4763
f 4762/4762/4762 4751/4751/4751 4765/4765/4765
f 4765/4765/4765 4751/4751/4751 4747/4747/4747
f 4766/4766/4766 4755/4755/4755 4764/4764/4764
f 4766/4766/4766 4754/4754/4754 4755/4755/4755
f 4767/4767/4767 4763/4763/4763 4762/4762/4762
f 4767/4767/4767 4762/4762/4762 4765/4765/4765
f 4768/4768/4768 4765/4765/4765 4747/4747/4747
f 4753/4753/4753 4768/4768/4768 4747/4747/4747
f 4766/4766/4766 4764/4764/4764 4769/4769/4769
f 4770/4770/4770 4766/4766/4766 4769/4769/4769
f 4766/4766/4766 4770/4770/4770 4754/4754/4754
f 4769/4769/4769 4764/4764/4764 4771/4771/4771
f 4764/4764/4764 4763/4763/4763 4771/4771/4771
f 4770/4770/4770 4772/4772/4772 4754/4754/4754
f 4773/4773/4773 4771/4771/4771 4763/4763/4763
f 4767/4767/4767 4773/4773/4773 4763/4763/4763
f 4756/4756/4756 4754/4754/4754 4772/4772/4772
f 4773/4773/4773 4767/4767/4767 4774/4774/4774
f 4767/4767/4767 4765/4765/4765 4774/4774/4774
f 4775/4775/4775 4756/4756/4756 4772/4772/4772
f 4774/4774/4774 4765/4765/4765 4776/4776/4776
f 4756/4756/4756 4775/4775/4775 4757/4757/4757
f 4765/4765/4765 4768/4768/4768 4776/4776/4776
f 4775/4775/4775 4777/4777/4777 4757/4757/4757
f 4778/4778/4778 4776/4776/4776 4768/4768/4768
f 4757/4757/4757 4777/4777/4777 4740/4740/4740
f 4753/4753/4753 4778/4778/4778 4768/4768/4768
f 4777/4777/4777 4779/4779/4779 4740/4740/4740
f 4778/4778/4778 4753/4753/4753 4780/4780/4780
f 4750/4750/4750 4740/4740/4740 4779/4779/4779
f 4753/4753/4753 4750/4750/4750 4780/4780/4780
f 4780/4780/4780 4750/4750/4750 4779/4779/4779
f 4783/4783/4783 4782/4782/4782 4781/4781/4781
f 4782/4782/4782 4783/4783/4783 4784/4784/4784
f 4782/4782/4782 4785/4785/4785 4781/4781/4781
f 4781/4781/4781 4785/4785/4785 4786/4786/4786
f 4787/4787/4787 4782/4782/4782 4784/4784/4784
f 4787/4787/4787 4784/4784/4784 4788/4788/4788
f 4785/4785/4785 4789/4789/4789 4786/4786/4786
f 4789/4789/4789 4785/4785/4785 4790/4790/4790
f 4786/4786/4786 4789/4789/4789 4791/4791/4791
f 4785/4785/4785 4782/4782/4782 4792/4792/4792
f 4782/4782/4782 4787/4787/4787 4792/4792/4792
f 4785/4785/4785 4792/4792/4792 4790/4790/4790
f 4792/4792/4792 4787/4787/4787 4793/4793/4793
f 4792/4792/4792 4793/4793/4793 4790/4790/4790
f 4789/4789/4789 4794/4794/4794 4791/4791/4791
f 4794/4794/4794 4789/4789/4789 4790/4790/4790
f 4791/4791/4791 4794/4794/4794 4795/4795/4795
f 4794/4794/4794 4796/4796/4796 4795/4795/4795
f 4796/4796/4796 4794/4794/4794 4790/4790/4790
f 4795/4795/4795 4796/4796/4796 4797/4797/4797
f 4798/4798/4798 4787/4787/4787 4788/4788/4788
f 4787/4787/4787 4798/4798/4798 4793/4793/4793
f 4799/4799/4799 4798/4798/4798 4788/4788/4788
f 4800/4800/4800 4799/4799/4799 4788/4788/4788
f 4801/4801/4801 4799/4799/4799 4800/4800/4800
f 4802/4802/4802 4801/4801/4801 4800/4800/4800
f 4801/4801/4801 4802/4802/4802 4803/4803/4803
f 4799/4799/4799 4804/4804/4804 4798/4798/4798
f 4799/4799/4799 4801/4801/4801 4804/4804/4804
f 4805/4805/4805 4801/4801/4801 4803/4803/4803
f 4801/4801/4801 4805/4805/4805 4804/4804/4804
f 4804/4804/4804 4805/4805/4805 4806/4806/4806
f 4804/4804/4804 4806/4806/4806 4807/4807/4807
f 4804/4804/4804 4807/4807/4807 4798/4798/4798
f 4807/4807/4807 4793/4793/4793 4798/4798/4798
f 4805/4805/4805 4803/4803/4803 4808/4808/4808
f 4809/4809/4809 4805/4805/4805 4808/4808/4808
f 4805/4805/4805 4809/4809/4809 4806/4806/4806
f 4810/4810/4810 4809/4809/4809 4808/4808/4808
f 4809/4809/4809 4810/4810/4810 4806/4806/4806
f 4811/4811/4811 4810/4810/4810 4808/4808/4808
f 4797/4797/4797 4810/4810/4810 4811/4811/4811
f 4812/4812/4812 4810/4810/4810 4797/4797/4797
f 4810/4810/4810 4812/4812/4812 4806/4806/4806
f 4796/4796/4796 4812/4812/4812 4797/4797/4797
f 4813/4813/4813 4812/4812/4812 4796/4796/4796
f 4813/4813/4813 4796/4796/4796 4814/4814/4814
f 4815/4815/4815 4812/4812/4812 4813/4813/4813
f 4812/4812/4812 4815/4815/4815 4806/4806/4806
f 4814/4814/4814 4796/4796/4796 4790/4790/4790
f 4806/4806/4806 4815/4815/4815 4816/4816/4816
f 4814/4814/4814 4790/4790/4790 4817/4817/4817
f 4818/4818/4818 4806/4806/4806 4816/4816/4816
f 4793/4793/4793 4817/4817/4817 4790/4790/4790
f 4817/4817/4817 4793/4793/4793 4819/4819/4819
f 4819/4819/4819 4793/4793/4793 4820/4820/4820
f 4807/4807/4807 4806/4806/4806 4818/4818/4818
f 4793/4793/4793 4807/4807/4807 4820/4820/4820
f 4807/4807/4807 4818/4818/4818 4821/4821/4821
f 4807/4807/4807 4821/4821/4821 4820/4820/4820
f 4824/4824/4824 4823/4823/4823 4822/4822/4822
f 4825/4825/4825 4824/4824/4824 4822/4822/4822
f 4822/4822/4822 4826/4826/4826 4825/4825/4825
f 4823/4823/4823 4827/4827/4827 4822/4822/4822
f 4826/4826/4826 4822/4822/4822 4828/4828/4828
f 4827/4827/4827 4823/4823/4823 4829/4829/4829
f 4827/4827/4827 4829/4829/4829 4830/4830/4830
f 4830/4830/4830 4831/4831/4831 4827/4827/4827
f 4832/4832/4832 4826/4826/4826 4828/4828/4828
f 4828/4828/4828 4833/4833/4833 4832/4832/4832
f 4828/4828/4828 4834/4834/4834 4833/4833/4833
f 4831/4831/4831 4835/4835/4835 4827/4827/4827
f 4834/4834/4834 4828/4828/4828 4835/4835/4835
f 4835/4835/4835 4831/4831/4831 4836/4836/4836
f 4836/4836/4836 4834/4834/4834 4835/4835/4835
f 4839/4839/4839 4838/4838/4838 4837/4837/4837
f 4837/4837/4837 4838/4838/4838 4840/4840/4840
f 4840/4840/4840 4841/4841/4841 4837/4837/4837
f 4837/4837/4837 4842/4842/4842 4839/4839/4839
f 4841/4841/4841 4843/4843/4843 4837/4837/4837
f 4842/4842/4842 4844/4844/4844 4839/4839/4839
f 4844/4844/4844 4842/4842/4842 4845/4845/4845
f 4842/4842/4842 4846/4846/4846 4845/4845/4845
f 4843/4843/4843 4841/4841/4841 4847/4847/4847
f 4843/4843/4843 4847/4847/4847 4848/4848/4848
f 4848/4848/4848 4849/4849/4849 4843/4843/4843
f 4846/4846/4846 4842/4842/4842 4850/4850/4850
f 4849/4849/4849 4850/4850/4850 4843/4843/4843
f 4851/4851/4851 4846/4846/4846 4850/4850/4850
f 4850/4850/4850 4849/4849/4849 4852/4852/4852
f 4850/4850/4850 4852/4852/4852 4851/4851/4851
f 4855/4855/4855 4854/4854/4854 4853/4853/4853
f 4853/4853/4853 4854/4854/4854 4856/4856/4856
f 4855/4855/4855 4853/4853/4853 4857/4857/4857
f 4853/4853/4853 4856/4856/4856 4858/4858/4858
f 4859/4859/4859 4855/4855/4855 4857/4857/4857
f 4856/4856/4856 4860/4860/4860 4858/4858/4858
f 4859/4859/4859 4857/4857/4857 4861/4861/4861
f 4857/4857/4857 4862/4862/4862 4861/4861/4861
f 4862/4862/4862 4857/4857/4857 4863/4863/4863
f 4858/4858/4858 4860/4860/4860 4864/4864/4864
f 4858/4858/4858 4864/4864/4864 4865/4865/4865
f 4865/4865/4865 4866/4866/4866 4858/4858/4858
f 4857/4857/4857 4867/4867/4867 4863/4863/4863
f 4866/4866/4866 4867/4867/4867 4858/4858/4858
f 4867/4867/4867 4868/4868/4868 4863/4863/4863
f 4867/4867/4867 4866/4866/4866 4868/4868/4868
f 4871/4871/4871 4870/4870/4870 4869/4869/4869
f 4869/4869/4869 4872/4872/4872 4871/4871/4871
f 4870/4870/4870 4873/4873/4873 4869/4869/4869
f 4872/4872/4872 4869/4869/4869 4874/4874/4874
f 4873/4873/4873 4870/4870/4870 4875/4875/4875
f 4876/4876/4876 4872/4872/4872 4874/4874/4874
f 4877/4877/4877 4873/4873/4873 4875/4875/4875
f 4876/4876/4876 4874/4874/4874 4877/4877/4877
f 4877/4877/4877 4875/4875/4875 4878/4878/4878
f 4878/4878/4878 4876/4876/4876 4877/4877/4877
f 4881/4881/4881 4880/4880/4880 4879/4879/4879
f 4879/4879/4879 4880/4880/4880 4882/4882/4882
f 4880/4880/4880 4883/4883/4883 4882/4882/4882
f 4883/4883/4883 4880/4880/4880 4884/4884/4884
f 4885/4885/4885 4883/4883/4883 4884/4884/4884
f 4886/4886/4886 4885/4885/4885 4884/4884/4884
f 4886/4886/4886 4884/4884/4884 4887/4887/4887
f 4887/4887/4887 4884/4884/4884 4888/4888/4888
f 4881/4881/4881 4889/4889/4889 4880/4880/4880
f 4880/4880/4880 4889/4889/4889 4884/4884/4884
f 4889/4889/4889 4881/4881/4881 4890/4890/4890
f 4884/4884/4884 4891/4891/4891 4888/4888/4888
f 4889/4889/4889 4891/4891/4891 4884/4884/4884
f 4889/4889/4889 4892/4892/4892 4891/4891/4891
f 4888/4888/4888 4891/4891/4891 4893/4893/4893
f 4891/4891/4891 4892/4892/4892 4893/4893/4893
f 4893/4893/4893 4892/4892/4892 4894/4894/4894
f 4892/4892/4892 4895/4895/4895 4894/4894/4894
f 4892/4892/4892 4896/4896/4896 4895/4895/4895
f 4892/4892/4892 4897/4897/4897 4896/4896/4896
f 4898/4898/4898 4889/4889/4889 4890/4890/4890
f 4889/4889/4889 4898/4898/4898 4892/4892/4892
f 4898/4898/4898 4897/4897/4897 4892/4892/4892
f 4898/4898/4898 4890/4890/4890 4899/4899/4899
f 4897/4897/4897 4898/4898/4898 4899/4899/4899
f 4902/4902/4902 4901/4901/4901 4900/4900/4900
f 4900/4900/4900 4903/4903/4903 4902/4902/4902
f 4904/4904/4904 4901/4901/4901 4902/4902/4902
f 4904/4904/4904 4905/4905/4905 4901/4901/4901
f 4905/4905/4905 4904/4904/4904 4906/4906/4906
f 4907/4907/4907 4905/4905/4905 4906/4906/4906
f 4906/4906/4906 4908/4908/4908 4907/4907/4907
f 4909/4909/4909 4906/4906/4906 4904/4904/4904
f 4906/4906/4906 4909/4909/4909 4908/4908/4908
f 4909/4909/4909 4904/4904/4904 4902/4902/4902
f 4910/4910/4910 4908/4908/4908 4909/4909/4909
f 4911/4911/4911 4910/4910/4910 4909/4909/4909
f 4911/4911/4911 4909/4909/4909 4902/4902/4902
f 4911/4911/4911 4902/4902/4902 4912/4912/4912
f 4903/4903/4903 4913/4913/4913 4902/4902/4902
f 4902/4902/4902 4913/4913/4913 4912/4912/4912
f 4914/4914/4914 4913/4913/4913 4903/4903/4903
f 4913/4913/4913 4914/4914/4914 4912/4912/4912
f 4914/4914/4914 4903/4903/4903 4915/4915/4915
f 4912/4912/4912 4914/4914/4914 4916/4916/4916
f 4914/4914/4914 4915/4915/4915 4916/4916/4916
f 4919/4919/4919 4918/4918/4918 4917/4917/4917
f 4919/4919/4919 4920/4920/4920 4918/4918/4918
f 4918/4918/4918 4921/4921/4921 4917/4917/4917
f 4921/4921/4921 4922/4922/4922 4917/4917/4917
f 4923/4923/4923 4922/4922/4922 4921/4921/4921
f 4924/4924/4924 4923/4923/4923 4921/4921/4921
f 4921/4921/4921 4918/4918/4918 4924/4924/4924
f 4925/4925/4925 4923/4923/4923 4924/4924/4924
f 4926/4926/4926 4925/4925/4925 4924/4924/4924
f 4918/4918/4918 4920/4920/4920 4927/4927/4927
f 4918/4918/4918 4927/4927/4927 4924/4924/4924
f 4927/4927/4927 4926/4926/4926 4924/4924/4924
f 4920/4920/4920 4928/4928/4928 4927/4927/4927
f 4927/4927/4927 4928/4928/4928 4926/4926/4926
f 4931/4931/4931 4930/4930/4930 4929/4929/4929
f 4932/4932/4932 4931/4931/4931 4929/4929/4929
f 4930/4930/4930 4933/4933/4933 4929/4929/4929
f 4934/4934/4934 4932/4932/4932 4929/4929/4929
f 4930/4930/4930 4935/4935/4935 4933/4933/4933
f 4934/4934/4934 4936/4936/4936 4932/4932/4932
f 4933/4933/4933 4935/4935/4935 4937/4937/4937
f 4934/4934/4934 4937/4937/4937 4936/4936/4936
f 4935/4935/4935 4938/4938/4938 4937/4937/4937
f 4937/4937/4937 4939/4939/4939 4936/4936/4936
f 4937/4937/4937 4938/4938/4938 4939/4939/4939
f 4942/4942/4942 4941/4941/4941 4940/4940/4940
f 4940/4940/4940 4941/4941/4941 4943/4943/4943
f 4944/4944/4944 4941/4941/4941 4942/4942/4942
f 4941/4941/4941 4945/4945/4945 4943/4943/4943
f 4941/4941/4941 4944/4944/4944 4946/4946/4946
f 4945/4945/4945 4941/4941/4941 4947/4947/4947
f 4941/4941/4941 4946/4946/4946 4948/4948/4948
f 4941/4941/4941 4949/4949/4949 4947/4947/4947
f 4941/4941/4941 4948/4948/4948 4950/4950/4950
f 4941/4941/4941 4951/4951/4951 4949/4949/4949
f 4941/4941/4941 4950/4950/4950 4952/4952/4952
f 4941/4941/4941 4953/4953/4953 4951/4951/4951
f 4941/4941/4941 4952/4952/4952 4954/4954/4954
f 4941/4941/4941 4955/4955/4955 4953/4953/4953
f 4941/4941/4941 4954/4954/4954 4956/4956/4956
f 4941/4941/4941 4956/4956/4956 4955/4955/4955
f 4959/4959/4959 4958/4958/4958 4957/4957/4957
f 4958/4958/4958 4960/4960/4960 4957/4957/4957
f 4961/4961/4961 4959/4959/4959 4957/4957/4957
f 4960/4960/4960 4962/4962/4962 4957/4957/4957
f 4959/4959/4959 4961/4961/4961 4963/4963/4963
f 4962/4962/4962 4960/4960/4960 4963/4963/4963
f 4964/4964/4964 4959/4959/4959 4963/4963/4963
f 4960/4960/4960 4964/4964/4964 4963/4963/4963
f 4967/4967/4967 4966/4966/4966 4965/4965/4965
f 4966/4966/4966 4967/4967/4967 4968/4968/4968
f 4965/4965/4965 4966/4966/4966 4969/4969/4969
f 4966/4966/4966 4968/4968/4968 4970/4970/4970
f 4971/4971/4971 4965/4965/4965 4969/4969/4969
f 4970/4970/4970 4968/4968/4968 4971/4971/4971
f 4972/4972/4972 4971/4971/4971 4969/4969/4969
f 4970/4970/4970 4971/4971/4971 4972/4972/4972
f 4975/4975/4975 4974/4974/4974 4973/4973/4973
f 4973/4973/4973 4974/4974/4974 4976/4976/4976
f 4977/4977/4977 4973/4973/4973 4976/4976/4976
f 4977/4977/4977 4978/4978/4978 4973/4973/4973
f 4978/4978/4978 4979/4979/4979 4973/4973/4973
f 4980/4980/4980 4975/4975/4975 4973/4973/4973
f 4980/4980/4980 4973/4973/4973 4979/4979/4979
f 4981/4981/4981 4975/4975/4975 4980/4980/4980
f 4982/4982/4982 4980/4980/4980 4979/4979/4979
f 4983/4983/4983 4981/4981/4981 4980/4980/4980
f 4983/4983/4983 4980/4980/4980 4982/4982/4982
f 4981/4981/4981 4983/4983/4983 4984/4984/4984
f 4985/4985/4985 4983/4983/4983 4982/4982/4982
f 4983/4983/4983 4986/4986/4986 4984/4984/4984
f 4983/4983/4983 4985/4985/4985 4986/4986/4986
f 4987/4987/4987 4984/4984/4984 4986/4986/4986
f 4985/4985/4985 4988/4988/4988 4986/4986/4986
f 4989/4989/4989 4987/4987/4987 4986/4986/4986
f 4989/4989/4989 4986/4986/4986 4988/4988/4988
f 4990/4990/4990 4987/4987/4987 4989/4989/4989
f 4991/4991/4991 4989/4989/4989 4988/4988/4988
f 4992/4992/4992 4990/4990/4990 4989/4989/4989
f 4992/4992/4992 4989/4989/4989 4991/4991/4991
f 4993/4993/4993 4990/4990/4990 4992/4992/4992
f 4994/4994/4994 4992/4992/4992 4991/4991/4991
f 4995/4995/4995 4993/4993/4993 4992/4992/4992
f 4994/4994/4994 4996/4996/4996 4992/4992/4992
f 4996/4996/4996 4995/4995/4995 4992/4992/4992
f 4999/4999/4999 4998/4998/4998 4997/4997/4997
f 4999/4999/4999 4997/4997/4997 5000/5000/5000
f 4997/4997/4997 5001/5001/5001 5000/5000/5000
f 5002/5002/5002 5001/5001/5001 4997/4997/4997
f 5003/5003/5003 5002/5002/5002 4997/4997/4997
f 4998/4998/4998 5004/5004/5004 4997/4997/4997
f 4997/4997/4997 5004/5004/5004 5003/5003/5003
f 4998/4998/4998 5005/5005/5005 5004/5004/5004
f 5004/5004/5004 5006/5006/5006 5003/5003/5003
f 5005/5005/5005 5007/5007/5007 5004/5004/5004
f 5004/5004/5004 5007/5007/5007 5006/5006/5006
f 5007/5007/5007 5005/5005/5005 5008/5008/5008
f 5007/5007/5007 5009/5009/5009 5006/5006/5006
f 5010/5010/5010 5007/5007/5007 5008/5008/5008
f 5009/5009/5009 5007/5007/5007 5010/5010/5010
f 5008/5008/5008 5011/5011/5011 5010/5010/5010
f 5012/5012/5012 5009/5009/5009 5010/5010/5010
f 5011/5011/5011 5013/5013/5013 5010/5010/5010
f 5010/5010/5010 5013/5013/5013 5012/5012/5012
f 5011/5011/5011 5014/5014/5014 5013/5013/5013
f 5013/5013/5013 5015/5015/5015 5012/5012/5012
f 5014/5014/5014 5016/5016/5016 5013/5013/5013
f 5013/5013/5013 5016/5016/5016 5015/5015/5015
f 5014/5014/5014 5017/5017/5017 5016/5016/5016
f 5016/5016/5016 5018/5018/5018 5015/5015/5015
f 5017/5017/5017 5019/5019/5019 5016/5016/5016
f 5020/5020/5020 5018/5018/5018 5016/5016/5016
f 5019/5019/5019 5020/5020/5020 5016/5016/5016
f 5023/5023/5023 5022/5022/5022 5021/5021/5021
f 5023/5023/5023 5024/5024/5024 5022/5022/5022
f 5024/5024/5024 5025/5025/5025 5022/5022/5022
f 5022/5022/5022 5025/5025/5025 5026/5026/5026
f 5025/5025/5025 5027/5027/5027 5026/5026/5026
f 5027/5027/5027 5028/5028/5028 5026/5026/5026
f 5028/5028/5028 5029/5029/5029 5026/5026/5026
f 5022/5022/5022 5030/5030/5030 5021/5021/5021
f 5030/5030/5030 5022/5022/5022 5026/5026/5026
f 5031/5031/5031 5026/5026/5026 5029/5029/5029
f 5031/5031/5031 5030/5030/5030 5026/5026/5026
f 5030/5030/5030 5031/5031/5031 5021/5021/5021
f 5032/5032/5032 5031/5031/5031 5029/5029/5029
f 5031/5031/5031 5032/5032/5032 5021/5021/5021
f 5035/5035/5035 5034/5034/5034 5033/5033/5033
f 5036/5036/5036 5034/5034/5034 5035/5035/5035
f 5037/5037/5037 5036/5036/5036 5035/5035/5035
f 5037/5037/5037 5035/5035/5035 5038/5038/5038
f 5039/5039/5039 5037/5037/5037 5038/5038/5038
f 5038/5038/5038 5040/5040/5040 5039/5039/5039
f 5041/5041/5041 5040/5040/5040 5038/5038/5038
f 5042/5042/5042 5041/5041/5041 5038/5038/5038
f 5043/5043/5043 5035/5035/5035 5033/5033/5033
f 5038/5038/5038 5035/5035/5035 5043/5043/5043
f 5043/5043/5043 5033/5033/5033 5042/5042/5042
f 5044/5044/5044 5042/5042/5042 5038/5038/5038
f 5044/5044/5044 5043/5043/5043 5042/5042/5042
f 5044/5044/5044 5038/5038/5038 5043/5043/5043
f 5047/5047/5047 5046/5046/5046 5045/5045/5045
f 5048/5048/5048 5045/5045/5045 5046/5046/5046
f 5047/5047/5047 5045/5045/5045 5049/5049/5049
f 5046/5046/5046 5050/5050/5050 5048/5048/5048
f 5051/5051/5051 5047/5047/5047 5049/5049/5049
f 5048/5048/5048 5050/5050/5050 5052/5052/5052
f 5051/5051/5051 5049/5049/5049 5052/5052/5052
f 5050/5050/5050 5051/5051/5051 5052/5052/5052
