g A_Build_fangzi_05_A
v -0.527069618 -0.612411902 10.6603774
v -0.529033818 -0.589578077 10.6834567
v -0.552358693 -0.612411902 10.6834567
v 2.55402359 -0.589578077 10.6549758
v 2.55132282 -0.612411902 10.6318965
v 2.57710294 -0.612411902 10.6544848
v -0.614230993 -0.612411902 11.3554586
v -0.590906118 -0.589578077 11.3554586
v -0.593361368 -0.612411902 11.378538
v 2.64020287 -0.589578077 11.3554586
v 2.66328222 -0.612411902 11.3557042
v 2.64314917 -0.612411902 11.378538
v -0.527069618 -0.666181877 10.6603774
v -0.552358693 -0.666181877 10.6834567
v -0.529033818 -0.689261227 10.6834567
v 2.57710294 -0.666181877 10.6544848
v 2.55132282 -0.666181877 10.6318965
v 2.55402359 -0.689261227 10.6549758
v -0.614230993 -0.666181877 11.3554586
v -0.593361368 -0.666181877 11.378538
v -0.590906118 -0.689261227 11.3554586
v 2.64314917 -0.666181877 11.378538
v 2.66328222 -0.666181877 11.3557042
v 2.64020287 -0.689261227 11.3554586
v 4.03969536 -0.999113775 0.489258768
v 4.16368549 -1.29816322 0.489258768
v 3.99869269 -1.31043947 3.37344093
v 3.92307099 -1.1280144 3.37344093
v 3.74064591 -0.875123651 0.489258768
v 3.90735739 -1.14495562 11.786355
v 3.97659544 -1.31191262 11.786355
v 3.74064591 -1.0759631 11.786355
v 3.74064591 -1.0523927 3.37344093
v 3.44135094 -0.999113775 0.489258768
v 3.57368891 -1.14495562 11.786355
v 3.55797531 -1.1280144 3.37344093
v 3.31760634 -1.29816322 0.489258768
v 3.50469639 -1.31191262 11.786355
v 3.48235361 -1.31043947 3.37344093
v 3.44135094 -1.5974582 0.489258768
v 3.57368891 -1.4786241 11.786355
v 3.55797531 -1.49311007 3.37344093
v 3.74064591 -1.72144832 0.489258768
v 3.74064591 -1.54786215 11.786355
v 3.74064591 -1.56873177 3.37344093
v 4.03969536 -1.5974582 0.489258768
v 3.90735739 -1.4786241 11.786355
v 3.92307099 -1.49311007 3.37344093
v 4.16368549 -1.29816322 0.489258768
v 3.97659544 -1.31191262 11.786355
v 3.99869269 -1.31043947 3.37344093
v 3.90735739 -1.14495562 11.786355
v 3.97659544 -1.31191262 11.786355
v 3.90735739 -1.4786241 11.786355
v 3.74064591 -1.0759631 11.786355
v 3.57368891 -1.14495562 11.786355
v 3.74064591 -1.54786215 11.786355
v 3.50469639 -1.31191262 11.786355
v 3.57368891 -1.4786241 11.786355
v -1.59755861 -1.34063905 4.4024362
v -1.84087389 -1.34063905 4.4024362
v -1.84087389 -1.34063905 5.22887335
v -1.59755861 -1.34063905 5.22887335
v -1.59755861 0.646149242 5.22887335
v -1.84087389 0.646149242 5.22887335
v -1.84087389 0.646149242 4.4024362
v -1.59755861 0.646149242 4.4024362
v -1.59755861 -1.27410177 4.33982733
v -1.84087389 -1.34063905 4.4024362
v -1.59755861 -1.34063905 4.4024362
v -1.84087389 -1.27410177 4.33982733
v -1.59755861 0.579857493 4.33982733
v -1.84087389 0.579857493 4.33982733
v -1.59755861 0.646149242 4.4024362
v -1.84087389 0.646149242 4.4024362
v -1.59755861 -1.34063905 5.22887335
v -1.84087389 -1.34063905 5.22887335
v -1.84087389 -1.27410177 5.29541062
v -1.59755861 -1.27410177 5.29541062
v -1.84087389 0.579857493 5.29541062
v -1.59755861 0.579857493 5.29541062
v -1.84087389 0.646149242 5.22887335
v -1.59755861 0.646149242 5.22887335
v -1.84087389 -1.27410177 5.29541062
v -1.84087389 0.646149242 5.22887335
v -1.84087389 0.579857493 5.29541062
v -1.84087389 -1.34063905 5.22887335
v -1.84087389 -1.34063905 4.4024362
v -1.84087389 0.646149242 4.4024362
v -1.84087389 0.579857493 4.33982733
v -1.84087389 -1.27410177 4.33982733
v -0.06204527 -2.18254427 9.15874648
v 0.327602903 -2.26405857 9.15874648
v 0.421884503 -1.8135202 9.15874648
v 0.0319908046 -1.7320059 9.15874648
v -0.06204527 -2.18254427 9.57073743
v 0.0319908046 -1.7320059 9.57073743
v 0.421884503 -1.8135202 9.57073743
v 0.327602903 -2.26405857 9.57073743
v -0.06204527 -2.18254427 9.15874648
v -0.06204527 -2.18254427 9.57073743
v 0.327602903 -2.26405857 9.57073743
v 0.327602903 -2.26405857 9.15874648
v 0.327602903 -2.26405857 9.15874648
v 0.327602903 -2.26405857 9.57073743
v 0.421884503 -1.8135202 9.57073743
v 0.421884503 -1.8135202 9.15874648
v 0.421884503 -1.8135202 9.15874648
v 0.421884503 -1.8135202 9.57073743
v 0.0319908046 -1.7320059 9.57073743
v 0.0319908046 -1.7320059 9.15874648
v 0.0319908046 -1.7320059 9.15874648
v 0.0319908046 -1.7320059 9.57073743
v -0.06204527 -2.18254427 9.57073743
v -0.06204527 -2.18254427 9.15874648
v -0.487785618 -2.20120417 7.26255691
v -0.487785618 -2.20120417 7.50538114
v -0.16663892 -2.20120417 7.50538114
v -0.16663892 -2.20120417 7.26255691
v -0.487785618 -2.07917825 7.26255691
v -0.487785618 -2.20120417 7.26255691
v -0.16663892 -2.20120417 7.26255691
v -0.16663892 -2.07917825 7.26255691
v -0.16663892 -2.07917825 7.26255691
v -0.16663892 -2.20120417 7.26255691
v -0.16663892 -2.20120417 7.50538114
v -0.16663892 -2.07917825 7.50538114
v -0.16663892 -2.07917825 7.50538114
v -0.16663892 -2.20120417 7.50538114
v -0.487785618 -2.20120417 7.50538114
v -0.487785618 -2.07917825 7.50538114
v -0.487785618 -2.07917825 7.50538114
v -0.487785618 -2.20120417 7.50538114
v -0.487785618 -2.20120417 7.26255691
v -0.487785618 -2.07917825 7.26255691
v -0.299713469 -2.20120417 6.94607519
v -0.299713469 -2.20120417 7.18889941
v -0.0107305453 -2.20120417 7.18889941
v -0.0107305453 -2.20120417 6.94607519
v -0.299713469 -2.07917825 6.94607519
v -0.299713469 -2.20120417 6.94607519
v -0.0107305453 -2.20120417 6.94607519
v -0.0107305453 -2.07917825 6.94607519
v -0.0107305453 -2.07917825 6.94607519
v -0.0107305453 -2.20120417 6.94607519
v -0.0107305453 -2.20120417 7.18889941
v -0.0107305453 -2.07917825 7.18889941
v -0.0107305453 -2.07917825 7.18889941
v -0.0107305453 -2.20120417 7.18889941
v -0.299713469 -2.20120417 7.18889941
v -0.299713469 -2.07917825 7.18889941
v -0.299713469 -2.07917825 7.18889941
v -0.299713469 -2.20120417 7.18889941
v -0.299713469 -2.20120417 6.94607519
v -0.299713469 -2.07917825 6.94607519
v -3.48147193 -0.573127902 0.998968666
v -1.97984104 -0.573127902 0.998968666
v -2.03017366 -0.641383852 1.61916481
v -3.43776848 -0.641383852 1.61916481
v -2.14630699 -0.760709001 1.72572266
v -3.32286278 -0.760709001 1.72572266
v -3.32286278 -2.35760359 1.72572266
v -3.43776848 -2.47692874 1.61916481
v -3.43776848 -0.641383852 1.61916481
v -3.48147193 -2.54543022 0.998968666
v -3.48147193 -0.573127902 0.998968666
v -2.14630699 -2.36595144 1.72572266
v -2.03017366 -0.641383852 1.61916481
v -2.03017366 -2.47692874 1.61916481
v -1.97984104 -0.573127902 0.998968666
v -1.97984104 -2.54543022 0.998968666
v -2.03017366 -2.47692874 1.61916481
v -3.43776848 -2.47692874 1.61916481
v -3.48147193 -2.54543022 0.998968666
v -1.97984104 -2.54543022 0.998968666
v -3.46281203 -0.597680402 0.996022366
v -2.04760594 -0.664463202 1.60099596
v -1.99874646 -0.597680402 0.996022366
v -3.42009068 -0.664463202 1.60075044
v -2.16079296 -0.780596526 1.70485304
v -3.30813128 -0.780596526 1.70485304
v -3.30813128 -2.33771607 1.70485304
v -3.42009068 -2.45384939 1.60075044
v -3.42009068 -0.664463202 1.60075044
v -3.46281203 -2.52087772 0.996022366
v -3.46281203 -0.597680402 0.996022366
v -2.16079296 -2.34581839 1.70485304
v -2.04760594 -0.664463202 1.60099596
v -2.04760594 -2.45384939 1.60099596
v -1.99874646 -0.597680402 0.996022366
v -1.99874646 -2.52087772 0.996022366
v -2.04760594 -2.45384939 1.60099596
v -3.42009068 -2.45384939 1.60075044
v -3.46281203 -2.52087772 0.996022366
v -1.99874646 -2.52087772 0.996022366
v 3.05366697 -0.684596252 2.88337303
v 3.05366697 -0.684596252 3.12374201
v 3.05366697 -0.395858853 3.12374201
v 3.05366697 -0.395858853 2.88337303
v 2.93655154 -0.684596252 2.88337303
v 3.05366697 -0.684596252 2.88337303
v 3.05366697 -0.395858853 2.88337303
v 2.93655154 -0.395858853 2.88337303
v 2.93655154 -0.395858853 2.88337303
v 3.05366697 -0.395858853 2.88337303
v 3.05366697 -0.395858853 3.12374201
v 2.93655154 -0.395858853 3.12374201
v 2.93655154 -0.395858853 3.12374201
v 3.05366697 -0.395858853 3.12374201
v 3.05366697 -0.684596252 3.12374201
v 2.93655154 -0.684596252 3.12374201
v 2.93655154 -0.684596252 3.12374201
v 3.05366697 -0.684596252 3.12374201
v 3.05366697 -0.684596252 2.88337303
v 2.93655154 -0.684596252 2.88337303
v 3.05366697 -0.874632601 3.20157343
v 3.05366697 -0.874632601 3.44194241
v 3.05366697 -0.549557502 3.44194241
v 3.05366697 -0.549557502 3.20157343
v 2.93655154 -0.874632601 3.20157343
v 3.05366697 -0.874632601 3.20157343
v 3.05366697 -0.549557502 3.20157343
v 2.93655154 -0.549557502 3.20157343
v 2.93655154 -0.549557502 3.20157343
v 3.05366697 -0.549557502 3.20157343
v 3.05366697 -0.549557502 3.44194241
v 2.93655154 -0.549557502 3.44194241
v 2.93655154 -0.549557502 3.44194241
v 3.05366697 -0.549557502 3.44194241
v 3.05366697 -0.874632601 3.44194241
v 2.93655154 -0.874632601 3.44194241
v 2.93655154 -0.874632601 3.44194241
v 3.05366697 -0.874632601 3.44194241
v 3.05366697 -0.874632601 3.20157343
v 2.93655154 -0.874632601 3.20157343
v 0.478846303 -3.19582594 0.727418017
v 0.478846303 -2.04946972 0.727418017
v 1.94364845 -2.04946972 0.727418017
v 1.94364845 -3.19582594 0.727418017
v 0.478846303 -3.19582594 0.504235793
v 0.478846303 -3.19582594 0.727418017
v 1.94364845 -3.19582594 0.727418017
v 1.94364845 -3.19582594 0.504235793
v 1.94364845 -3.19582594 0.504235793
v 1.94364845 -3.19582594 0.727418017
v 1.94364845 -2.04946972 0.727418017
v 1.94364845 -2.04946972 0.504235793
v 1.94364845 -2.04946972 0.504235793
v 1.94364845 -2.04946972 0.727418017
v 0.478846303 -2.04946972 0.727418017
v 0.478846303 -2.04946972 0.504235793
v 0.478846303 -2.04946972 0.504235793
v 0.478846303 -2.04946972 0.727418017
v 0.478846303 -3.19582594 0.727418017
v 0.478846303 -3.19582594 0.504235793
v 1.86581702 -2.1935929 8.39737346
v 1.90264577 -2.19089212 8.61662728
v 2.17616062 -2.1935929 8.57120516
v 2.13393032 -2.1935929 8.35317896
v 1.86581702 -2.07917825 8.39737346
v 1.86581702 -2.1935929 8.39737346
v 2.13393032 -2.1935929 8.35317896
v 2.13393032 -2.07917825 8.35317896
v 2.13393032 -2.07917825 8.35317896
v 2.13393032 -2.1935929 8.35317896
v 2.17616062 -2.1935929 8.57120516
v 2.17616062 -2.07917825 8.57120516
v 2.17616062 -2.07917825 8.57120516
v 2.17616062 -2.1935929 8.57120516
v 1.90264577 -2.19089212 8.61662728
v 1.90264577 -2.07647747 8.61662728
v 1.90264577 -2.07647747 8.61662728
v 1.90264577 -2.19089212 8.61662728
v 1.86581702 -2.1935929 8.39737346
v 1.86581702 -2.07917825 8.39737346
v 3.01070009 1.40825884 4.30643593
v 2.97288924 1.85167699 4.48370498
v 3.02371292 1.81116536 4.25143833
v 2.94097099 1.46153776 4.62979235
v 2.95324724 1.79667939 4.58044183
v 2.90708854 1.86518086 4.5566259
v 2.84988122 1.40482149 4.27255348
v 3.01070009 1.40825884 4.30643593
v 3.02371292 1.81116536 4.25143833
v 2.86559482 1.81337509 4.21019013
v 2.86559482 1.81337509 4.21019013
v 3.02371292 1.81116536 4.25143833
v 2.97288924 1.85167699 4.48370498
v 2.79046417 1.86640849 4.53256445
v 2.90708854 1.86518086 4.5566259
v 2.79046417 1.86640849 4.53256445
v 2.90708854 1.86518086 4.5566259
v 2.95324724 1.79667939 4.58044183
v 2.77745134 1.45859146 4.59615543
v 2.94097099 1.46153776 4.62979235
v 2.77745134 1.45859146 4.59615543
v 2.94097099 1.46153776 4.62979235
v 3.01070009 1.40825884 4.30643593
v 2.84988122 1.40482149 4.27255348
v -0.110413695 -2.09710157 7.78871699
v -0.114833145 -2.27363404 7.78798041
v 0.000809129698 -2.39713312 7.78429754
v 1.45087977 -2.30260599 7.71776026
v 1.53534037 -2.06051835 7.71407739
v 1.53534037 -2.2122528 7.71407739
v 1.53534037 -2.06051835 7.71407739
v 1.53534037 -2.2122528 7.97163311
v 1.53534037 -2.06051835 7.97163311
v 1.53534037 -2.2122528 7.71407739
v 1.45087977 -2.30260599 7.71776026
v 1.45087977 -2.30260599 7.97728019
v 0.000809129698 -2.39713312 7.78429754
v 0.000563604699 -2.39713312 8.07352598
v -0.114833145 -2.27363404 7.78798041
v -0.114833145 -2.27363404 8.07990963
v -0.110413695 -2.09710157 8.08064621
v -0.110413695 -2.09710157 7.78871699
v 1.53534037 -2.06051835 7.97163311
v 1.53534037 -2.2122528 7.97163311
v 1.45087977 -2.30260599 7.97728019
v -0.110413695 -2.09710157 8.08064621
v 0.000563604699 -2.39713312 8.07352598
v -0.114833145 -2.27363404 8.07990963
v 2.84619834 -2.14571552 1.05789467
v 2.84619834 2.30663481 1.05789467
v 2.99498649 2.49225171 1.05789467
v 2.99498649 -2.14571552 1.05789467
v 2.84619834 -2.14571552 0.431560393
v 2.84619834 -2.14571552 1.05789467
v 2.99498649 -2.14571552 1.05789467
v 2.99498649 -2.14571552 0.431560393
v 2.99498649 -2.14571552 0.431560393
v 2.99498649 -2.14571552 1.05789467
v 2.99498649 2.49225171 1.05789467
v 2.99498649 2.49225171 0.431560393
v -1.67293479 -1.8233412 0.431560393
v -1.67293479 -1.8233412 1.05789467
v -1.56637694 -1.81965832 1.05789467
v -1.56637694 -1.81965832 0.431560393
v 2.84619834 2.30663481 1.05789467
v -1.55655594 2.30982664 1.05789467
v -1.67293479 2.49323381 1.05789467
v 2.99498649 2.49225171 1.05789467
v 2.99498649 2.49225171 1.05789467
v -1.67293479 2.49323381 1.05789467
v -1.67293479 2.49323381 0.431560393
v 2.99498649 2.49225171 0.431560393
v -1.67293479 2.49323381 1.05789467
v -1.55655594 2.30982664 1.05789467
v -1.56637694 -1.81965832 1.05789467
v -1.67293479 -1.8233412 1.05789467
v -1.67293479 2.49323381 1.05789467
v -1.67293479 -1.8233412 1.05789467
v -1.67293479 -1.8233412 0.431560393
v -1.67293479 2.49323381 0.431560393
v 0.177832654 -2.01264097 6.69613074
v 1.22057732 -2.22502009 6.69613074
v 1.22057732 -2.01264097 6.69613074
v 0.177832654 -2.23754187 6.69613074
v 1.22057732 -2.22502009 6.81521037
v 0.177832654 -2.23754187 6.81521037
v 1.22057732 -2.01264097 6.81521037
v 0.177832654 -2.01264097 6.81521037
v -0.0119581702 -2.04382265 6.30402732
v -0.0119581702 -2.26037569 6.30402732
v 0.101474379 -2.36914327 6.30402732
v 1.41454207 -2.04382265 6.30402732
v 1.31191262 -2.31635539 6.30402732
v 1.41454207 -2.20906097 6.30402732
v 1.41454207 -2.04382265 6.30402732
v 1.41454207 -2.20906097 6.53580292
v 1.41454207 -2.04382265 6.53580292
v 1.41454207 -2.20906097 6.30402732
v 1.31191262 -2.31635539 6.30402732
v 1.31191262 -2.31635539 6.53580292
v 0.101474379 -2.36914327 6.30402732
v 0.101474379 -2.36914327 6.53580292
v -0.0119581702 -2.26037569 6.30402732
v -0.0119581702 -2.26037569 6.53580292
v -0.0119581702 -2.04382265 6.53580292
v -0.0119581702 -2.04382265 6.30402732
v 1.41454207 -2.04382265 6.53580292
v 1.41454207 -2.20906097 6.53580292
v 1.31191262 -2.31635539 6.53580292
v -0.0119581702 -2.04382265 6.53580292
v 0.101474379 -2.36914327 6.53580292
v -0.0119581702 -2.26037569 6.53580292
v -2.69775613 -0.332513403 6.71896457
v -2.69775613 -0.436124953 6.71896457
v -2.60838503 -0.436124953 6.69981362
v -2.60838503 -0.332513403 6.69981362
v -2.03262891 -0.332513403 9.71436955
v -1.94350334 -0.332513403 9.69399098
v -1.94350334 -0.436124953 9.69399098
v -2.03262891 -0.436124953 9.71436955
v -2.69775613 -0.332513403 6.71896457
v -2.60838503 -0.332513403 6.69981362
v -1.94350334 -0.332513403 9.69399098
v -2.03262891 -0.332513403 9.71436955
v -2.60838503 -0.332513403 6.69981362
v -2.60838503 -0.436124953 6.69981362
v -1.94350334 -0.436124953 9.69399098
v -1.94350334 -0.332513403 9.69399098
v -2.60838503 -0.436124953 6.69981362
v -2.69775613 -0.436124953 6.71896457
v -2.03262891 -0.436124953 9.71436955
v -1.94350334 -0.436124953 9.69399098
v -2.69775613 -0.436124953 6.71896457
v -2.69775613 -0.332513403 6.71896457
v -2.03262891 -0.332513403 9.71436955
v -2.03262891 -0.436124953 9.71436955
v -1.80871011 1.71933901 4.7962583
v -2.94622743 1.71344641 4.7795626
v -2.94941926 1.46767589 4.7795626
v -1.80871011 1.47013114 4.78864702
v -1.80871011 1.71933901 4.93989042
v -1.80871011 1.47013114 4.93890832
v -2.95187451 1.46767589 4.87335315
v -2.95187451 1.71344641 4.87335315
v -1.80871011 1.71933901 4.7962583
v -1.80871011 1.71933901 4.93989042
v -2.95187451 1.71344641 4.87335315
v -2.94622743 1.71344641 4.7795626
v -2.94622743 1.71344641 4.7795626
v -2.95187451 1.71344641 4.87335315
v -2.95187451 1.46767589 4.87335315
v -2.94941926 1.46767589 4.7795626
v -2.94941926 1.46767589 4.7795626
v -2.95187451 1.46767589 4.87335315
v -1.80871011 1.47013114 4.93890832
v -1.80871011 1.47013114 4.78864702
v -1.80871011 1.47013114 4.78864702
v -1.80871011 1.47013114 4.93890832
v -1.80871011 1.71933901 4.93989042
v -1.80871011 1.71933901 4.7962583
v -2.95555738 1.47111324 4.0940568
v -1.80502724 1.47111324 4.0940568
v -1.80502724 1.71688376 4.0940568
v -2.95555738 1.71688376 4.0940568
v -2.95555738 1.47111324 4.20159675
v -2.95555738 1.71688376 4.20159675
v -1.80502724 1.71688376 4.20159675
v -1.80502724 1.47111324 4.20159675
v -2.95555738 1.47111324 4.0940568
v -2.95555738 1.47111324 4.20159675
v -1.80502724 1.47111324 4.20159675
v -1.80502724 1.47111324 4.0940568
v -1.80502724 1.47111324 4.0940568
v -1.80502724 1.47111324 4.20159675
v -1.80502724 1.71688376 4.20159675
v -1.80502724 1.71688376 4.0940568
v -1.80502724 1.71688376 4.0940568
v -1.80502724 1.71688376 4.20159675
v -2.95555738 1.71688376 4.20159675
v -2.95555738 1.71688376 4.0940568
v -2.95555738 1.71688376 4.0940568
v -2.95555738 1.71688376 4.20159675
v -2.95555738 1.47111324 4.20159675
v -2.95555738 1.47111324 4.0940568
v -1.81877664 -1.93677375 5.44468982
v -1.72817791 -1.93701927 5.5338154
v -1.72817791 -1.81622097 5.5338154
v -1.81877664 -1.81572992 5.44468982
v -2.97519938 -1.93775585 6.54734259
v -2.97519938 -1.81671202 6.54734259
v -2.89491271 -1.81818517 6.63229424
v -2.89589481 -1.9411932 6.63745027
v -1.81877664 -1.93677375 5.44468982
v -2.97519938 -1.93775585 6.54734259
v -2.89589481 -1.9411932 6.63745027
v -1.72817791 -1.93701927 5.5338154
v -1.72817791 -1.93701927 5.5338154
v -2.89589481 -1.9411932 6.63745027
v -2.89491271 -1.81818517 6.63229424
v -1.72817791 -1.81622097 5.5338154
v -1.72817791 -1.81622097 5.5338154
v -2.89491271 -1.81818517 6.63229424
v -2.97519938 -1.81671202 6.54734259
v -1.81877664 -1.81572992 5.44468982
v -1.81877664 -1.81572992 5.44468982
v -2.97519938 -1.81671202 6.54734259
v -2.97519938 -1.93775585 6.54734259
v -1.81877664 -1.93677375 5.44468982
v -1.26094384 -2.42684164 0.516266518
v -1.26094384 -3.66968919 1.23000769
v -1.26094384 -3.66968919 0.516266518
v -1.26094384 -2.91322667 1.47651479
v -1.26094384 -2.90733407 2.33609781
v -1.26094384 -2.42806927 2.92928621
v -1.26045279 -2.97657212 2.43357123
v -1.26094384 -3.21424032 2.92265703
v -1.26094384 -3.23510994 2.47752021
v -1.26094384 -3.30189274 2.58432358
v -1.26094384 -3.26801029 2.87453413
v -1.26094384 -3.32153474 2.68891723
v -1.26094384 -3.30729429 2.79645718
v -0.177196495 -3.66968919 1.23000769
v -0.177196495 -2.42438639 0.516266518
v -0.177196495 -3.66968919 0.516266518
v -0.177196495 -2.91322667 1.47651479
v -0.177196495 -2.42806927 2.92928621
v -0.178178595 -2.91322667 2.32971416
v -0.17793307 -2.97313477 2.42522338
v -0.177196495 -3.21424032 2.92658543
v -0.177196495 -3.23510994 2.47752021
v -0.17793307 -3.30606667 2.56934656
v -0.177196495 -3.26801029 2.87134231
v -0.177196495 -3.32055264 2.68228806
v -0.177196495 -3.30483904 2.79007353
v 3.28200522 -2.23975159 0.543028743
v 3.41827159 -3.00357987 0.543028743
v 3.41655291 -2.96871532 1.37609506
v 3.34756039 -2.60190097 1.48191634
v 3.33086469 -2.50639174 2.12420974
v 3.28200522 -2.23975159 2.35672191
v 3.24959592 -2.22330142 2.37587286
v 3.24959592 -2.22330142 0.543028743
v 3.34756039 -2.59944572 2.38250203
v 3.34952459 -2.63480132 2.12985681
v 2.40695412 -2.37356272 0.543028743
v 3.24959592 -2.22330142 0.543028743
v 3.24959592 -2.22330142 2.37587286
v 2.40695412 -2.37356272 2.37587286
v 2.44967547 -2.79488362 2.12985681
v 2.42733269 -2.67064797 2.12445526
v 2.44672917 -2.75854592 2.37218998
v 2.38215609 -2.40007942 2.35672191
v 2.39467787 -2.40130704 0.543028743
v 2.44771127 -2.76222879 1.48191634
v 2.51670379 -3.12928867 1.37609506
v 2.51842247 -3.16390769 0.543028743
v 2.40695412 -2.37356272 0.543028743
v 2.40695412 -2.37356272 2.37587286
v 3.19459832 -2.55205939 2.10088486
v 3.17323764 -2.52799794 2.09597436
v 2.58545079 -2.63283712 2.09597436
v 2.57342007 -2.66279117 2.10088486
v 3.32595419 -2.67310322 2.10063934
v 3.30312037 -2.53266292 2.10088486
v 3.34952459 -2.63480132 2.12985681
v 3.33086469 -2.50639174 2.12420974
v 2.48331239 -2.82336452 2.10063934
v 2.46047857 -2.68292422 2.10088486
v 2.42733269 -2.67064797 2.12445526
v 2.44967547 -2.79488362 2.12985681
v 3.05219382 -1.73667087 4.42281478
v 3.06520664 -1.73667087 5.00102615
v 3.05955957 -1.38213277 5.01256582
v 3.04875647 -1.37501255 4.42453345
v 2.84644387 -1.73765297 4.42281478
v 3.05219382 -1.73667087 4.42281478
v 3.04875647 -1.37501255 4.42453345
v 2.84300652 -1.37599465 4.42453345
v 2.84300652 -1.37599465 4.42453345
v 3.04875647 -1.37501255 4.42453345
v 3.05955957 -1.38213277 5.01256582
v 2.85380962 -1.38286935 5.01256582
v 2.85380962 -1.38286935 5.01256582
v 3.05955957 -1.38213277 5.01256582
v 3.06520664 -1.73667087 5.00102615
v 2.85945669 -1.73765297 5.00102615
v 2.85945669 -1.73765297 5.00102615
v 3.06520664 -1.73667087 5.00102615
v 3.05219382 -1.73667087 4.42281478
v 2.84644387 -1.73765297 4.42281478
v -0.157554495 -2.34630944 8.65689338
v 0.0413207545 -2.34630944 8.65689338
v 0.0413207545 -2.43371634 8.80838231
v -0.157554495 -2.43371634 8.80838231
v 0.0413207545 -2.60853014 8.80838231
v -0.157554495 -2.60853014 8.80838231
v 0.0413207545 -2.69593704 8.65689338
v -0.157554495 -2.69593704 8.65689338
v 0.0413207545 -2.60853014 8.50564998
v -0.157554495 -2.60853014 8.50564998
v 0.0413207545 -2.43371634 8.50564998
v -0.157554495 -2.43371634 8.50564998
v 0.0413207545 -2.34630944 8.65689338
v -0.157554495 -2.34630944 8.65689338
v -0.157554495 -2.60853014 8.50564998
v -0.157554495 -2.43371634 8.50564998
v -0.157554495 -2.34630944 8.65689338
v -0.157554495 -2.69593704 8.65689338
v -0.157554495 -2.60853014 8.80838231
v -0.157554495 -2.43371634 8.80838231
v 0.0413207545 -2.69593704 8.65689338
v 0.0413207545 -2.43371634 8.50564998
v 0.0413207545 -2.60853014 8.50564998
v 0.0413207545 -2.34630944 8.65689338
v 0.0413207545 -2.43371634 8.80838231
v 0.0413207545 -2.60853014 8.80838231
v 1.53313065 -0.620268702 10.0060533
v 1.69738687 -0.617076877 10.6807559
v 1.9824414 -0.617076877 10.6215844
v 1.95862547 -0.617322402 10.0121914
v 2.26798697 -0.617076877 10.6613595
v 2.28615582 -0.620759752 9.96750583
v -0.620369118 0.601954743 11.00534
v -0.703111042 0.585504568 11.0090229
v -0.742395042 1.63512394 10.8300351
v -0.658916542 1.63586051 10.828562
v -0.751479467 1.63095001 9.15457256
v -0.668246492 1.63217764 9.15334493
v -0.658425492 1.63487841 9.39715125
v -0.741658467 1.63389631 9.39837888
v -0.742395042 1.63512394 10.8300351
v -0.658916542 1.63586051 10.828562
v -0.668246492 1.63217764 9.15334493
v -0.623806468 0.583785893 9.16365698
v -0.614476518 0.604655518 9.41163723
v -0.658425492 1.63487841 9.39715125
v -0.658916542 1.63586051 10.828562
v -0.620369118 0.601954743 11.00534
v -0.697218442 0.587714293 9.41286485
v -0.623806468 0.583785893 9.16365698
v -0.706302867 0.566844668 9.16488461
v -0.614476518 0.604655518 9.41163723
v -0.703111042 0.585504568 11.0090229
v -0.620369118 0.601954743 11.00534
v -0.706302867 0.566844668 9.16488461
v -0.751479467 1.63095001 9.15457256
v -0.741658467 1.63389631 9.39837888
v -0.697218442 0.587714293 9.41286485
v -0.703111042 0.585504568 11.0090229
v -0.742395042 1.63512394 10.8300351
v -0.751479467 1.63095001 9.15457256
v -0.706302867 0.566844668 9.16488461
v -0.623806468 0.583785893 9.16365698
v -0.668246492 1.63217764 9.15334493
v 0.878561001 -0.606028252 10.1170306
v 0.902622451 -0.659061652 10.1256239
v -0.506199993 -0.663481102 10.1096648
v -0.506445518 -0.610693227 10.1008259
v -0.506445518 -0.610693227 10.1008259
v -0.506199993 -0.663481102 10.1096648
v -0.506199993 -0.858427951 9.4035349
v -0.506445518 -0.805394551 9.39494153
v -0.506199993 -0.923246551 9.16832196
v -0.506445518 -0.870458676 9.15972858
v -0.506445518 -0.610693227 10.1008259
v 0.854745076 -0.804166926 9.39886993
v 0.878561001 -0.606028252 10.1170306
v -0.506445518 -0.805394551 9.39494153
v -0.506445518 -0.870458676 9.15972858
v 0.878561001 -0.870458676 9.15972858
v 0.902622451 -0.659061652 10.1256239
v 0.878561001 -0.606028252 10.1170306
v 0.854745076 -0.804166926 9.39886993
v 0.878561001 -0.857200326 9.40770883
v 0.878561001 -0.870458676 9.15972858
v 0.902622451 -0.923246551 9.16832196
v 0.878561001 -0.857200326 9.40770883
v -0.506199993 -0.663481102 10.1096648
v 0.902622451 -0.659061652 10.1256239
v -0.506199993 -0.858427951 9.4035349
v 0.902622451 -0.923246551 9.16832196
v -0.506199993 -0.923246551 9.16832196
v -0.506199993 -0.923246551 9.16832196
v 0.902622451 -0.923246551 9.16832196
v 0.878561001 -0.870458676 9.15972858
v -0.506445518 -0.870458676 9.15972858
v 0.650713802 -0.737384126 11.48706
v 0.659552702 -1.02808573 11.5130857
v 0.676002877 -1.02538495 11.5720117
v 0.634509152 -0.740330426 11.4273975
v 0.677967077 2.43921831 11.275172
v 0.661516902 2.43651753 11.2155094
v 0.676002877 -1.02538495 11.5720117
v 0.659552702 -1.02808573 11.5130857
v -0.797883692 -1.02808573 11.5170141
v -0.797883692 -1.02538495 11.5759401
v -0.795919492 2.41982183 11.2776272
v -0.795919492 2.41712106 11.2177191
v 0.661516902 2.43651753 11.2155094
v 0.677967077 2.43921831 11.275172
v -0.797883692 -1.02538495 11.5759401
v -0.797883692 -1.02808573 11.5170141
v -0.797883692 -0.744995401 11.4286251
v -0.797883692 -0.742294626 11.4880421
v -0.795919492 2.41982183 11.2776272
v -0.795919492 2.41712106 11.2177191
v -0.797883692 -0.744995401 11.4286251
v -0.797883692 -1.02808573 11.5170141
v 0.659552702 -1.02808573 11.5130857
v 0.634509152 -0.740330426 11.4273975
v -0.795919492 2.41712106 11.2177191
v 0.661516902 2.43651753 11.2155094
v 0.676002877 -1.02538495 11.5720117
v -0.797883692 -1.02538495 11.5759401
v -0.797883692 -0.742294626 11.4880421
v 0.650713802 -0.737384126 11.48706
v 0.677967077 2.43921831 11.275172
v -0.795919492 2.41982183 11.2776272
v 3.64783746 -0.350682253 11.0429053
v 3.64734641 -0.408135103 11.0429053
v 3.64734641 -0.408135103 11.1109157
v 3.64783746 -0.350682253 11.1109157
v 3.60757136 -0.309679578 11.0429053
v 3.60757136 -0.309679578 11.1109157
v 3.55011851 -0.309188528 11.0429053
v 3.55011851 -0.309188528 11.1109157
v 3.50911584 -0.349454628 11.0429053
v 3.50911584 -0.349454628 11.1109157
v 3.50862479 -0.406907478 11.0429053
v 3.50862479 -0.406907478 11.1109157
v 3.54889089 -0.447910153 11.0429053
v 3.54889089 -0.447910153 11.1109157
v 3.60634374 -0.448401203 11.0429053
v 3.60634374 -0.448401203 11.1109157
v 3.64734641 -0.408135103 11.0429053
v 3.64734641 -0.408135103 11.1109157
v 3.64734641 -0.408135103 11.1109157
v 3.62868651 -0.503153277 11.1109157
v 3.70185296 -0.431214453 11.1109157
v 3.60634374 -0.448401203 11.1109157
v 3.52581154 -0.502416702 11.1109157
v 3.54889089 -0.447910153 11.1109157
v 3.45362719 -0.429250253 11.1109157
v 3.50862479 -0.406907478 11.1109157
v 3.45460929 -0.326375278 11.1109157
v 3.50911584 -0.349454628 11.1109157
v 3.52777574 -0.254190929 11.1109157
v 3.55011851 -0.309188528 11.1109157
v 3.63065071 -0.255173029 11.1109157
v 3.60757136 -0.309679578 11.1109157
v 3.70283506 -0.328339478 11.1109157
v 3.64783746 -0.350682253 11.1109157
v 3.70185296 -0.431214453 11.1109157
v 3.64734641 -0.408135103 11.1109157
v 3.70283506 -0.328339478 11.1109157
v 3.70185296 -0.431214453 11.1109157
v 3.70185296 -0.431214453 11.1661589
v 3.70283506 -0.328339478 11.1661589
v 3.63065071 -0.255173029 11.1109157
v 3.63065071 -0.255173029 11.1661589
v 3.52777574 -0.254190929 11.1109157
v 3.52777574 -0.254190929 11.1661589
v 3.45460929 -0.326375278 11.1109157
v 3.45460929 -0.326375278 11.1661589
v 3.45362719 -0.429250253 11.1109157
v 3.45362719 -0.429250253 11.1661589
v 3.52581154 -0.502416702 11.1109157
v 3.52581154 -0.502416702 11.1661589
v 3.62868651 -0.503153277 11.1109157
v 3.62868651 -0.503153277 11.1661589
v 3.70185296 -0.431214453 11.1109157
v 3.70185296 -0.431214453 11.1661589
v 3.45460929 -0.326375278 11.1661589
v 3.52777574 -0.254190929 11.1661589
v 3.63065071 -0.255173029 11.1661589
v 3.70283506 -0.328339478 11.1661589
v 3.45362719 -0.429250253 11.1661589
v 3.70185296 -0.431214453 11.1661589
v 3.52581154 -0.502416702 11.1661589
v 3.62868651 -0.503153277 11.1661589
v 3.69497826 -0.331531303 11.3895866
v 3.69424169 -0.427777103 11.2768906
v 3.69424169 -0.427777103 11.3895866
v 3.69497826 -0.331531303 11.2768906
v 3.62745889 -0.262784304 11.3895866
v 3.62745889 -0.262784304 11.2768906
v 3.53096756 -0.262047729 11.3895866
v 3.53096756 -0.262047729 11.2768906
v 3.46222056 -0.329567103 11.3895866
v 3.46222056 -0.329567103 11.2768906
v 3.46148399 -0.426058428 11.3895866
v 3.46148399 -0.426058428 11.2768906
v 3.52900336 -0.494559903 11.3895866
v 3.52900336 -0.494559903 11.2768906
v 3.62549469 -0.495542003 11.3895866
v 3.62549469 -0.495542003 11.2768906
v 3.69424169 -0.427777103 11.3895866
v 3.69424169 -0.427777103 11.2768906
v 2.36521487 0.688379542 11.4173309
v 2.37847322 0.689361642 11.4566149
v 1.46561127 0.823418292 11.4585791
v 1.46512022 0.820226467 11.4192951
v 1.20118085 -0.770530001 11.5786409
v 1.2006898 -0.773476301 11.5393569
v 1.46512022 0.820226467 11.4192951
v 1.46561127 0.823418292 11.4585791
v 1.2006898 -0.773476301 11.5393569
v 2.09783815 -0.921773401 11.5393569
v 2.36521487 0.688379542 11.4173309
v 1.46512022 0.820226467 11.4192951
v 2.09783815 -0.921773401 11.5393569
v 2.1110965 -0.920791301 11.5786409
v 2.37847322 0.689361642 11.4566149
v 2.36521487 0.688379542 11.4173309
v 2.1110965 -0.920791301 11.5786409
v 1.20118085 -0.770530001 11.5786409
v 1.46561127 0.823418292 11.4585791
v 2.37847322 0.689361642 11.4566149
v 1.20118085 -0.770530001 11.5786409
v 2.1110965 -0.920791301 11.5786409
v 2.09783815 -0.921773401 11.5393569
v 1.2006898 -0.773476301 11.5393569
v -1.26094384 -3.21424032 2.92265703
v -1.26094384 -2.42806927 2.92928621
v -1.23172636 -2.40449887 2.95040136
v -1.23172636 -3.21939634 2.95040136
v -1.26094384 -3.26801029 2.87453413
v -0.206168444 -2.40449887 2.95040136
v -1.23172636 -3.27734024 2.90326056
v -1.26094384 -3.30729429 2.79645718
v -0.206168444 -3.21939634 2.95040136
v -0.177196495 -2.42806927 2.92928621
v -0.177196495 -3.21424032 2.92658543
v -0.206168444 -3.27611262 2.90006873
v -0.177196495 -3.26801029 2.87134231
v -1.23172636 -3.32693629 2.80505056
v -1.26094384 -3.32153474 2.68891723
v -0.206168444 -3.32448104 2.79891243
v -0.177196495 -3.30483904 2.79007353
v -1.23172636 -3.34264989 2.68818066
v -1.26094384 -3.30189274 2.58432358
v -0.206168444 -3.34142227 2.68228806
v -0.177196495 -3.32055264 2.68228806
v -1.23172636 -3.31907949 2.55510611
v -1.26094384 -3.23510994 2.47752021
v -0.206168444 -3.31907949 2.54945903
v -0.17793307 -3.30606667 2.56934656
v -1.23172636 -3.23609204 2.44830273
v -1.26045279 -2.97657212 2.43357123
v -0.206168444 -3.23609204 2.44830273
v -0.177196495 -3.23510994 2.47752021
v -1.23172636 -2.98884837 2.41000083
v -1.26094384 -2.90733407 2.33609781
v -0.206905019 -2.99424992 2.40558138
v -0.17793307 -2.97313477 2.42522338
v -1.23172636 -2.92599397 2.31326399
v -1.26094384 -2.91322667 1.47651479
v -1.23172636 -2.93606049 1.50204939
v -1.26094384 -3.66968919 1.23000769
v -0.207150544 -2.93164104 2.30737139
v -0.178178595 -2.91322667 2.32971416
v -0.204204244 -2.93606049 1.50204939
v -0.177196495 -2.91322667 1.47651479
v -0.203222144 -3.69620589 1.25456019
v -0.177196495 -3.66968919 1.23000769
v -0.206168444 -3.69890666 0.516266518
v -0.177196495 -3.66968919 0.516266518
v -1.23172636 -3.69890666 0.516266518
v -1.23491819 -3.69866114 1.25382361
v -1.26094384 -3.66968919 0.516266518
v -0.255764494 -3.03451602 1.46448406
v -1.12467747 -3.03451602 1.46448406
v -0.257728694 -3.59529511 1.28205899
v -1.12664167 -3.59529511 1.28205899
v -0.283263294 -3.04482807 1.41881641
v -1.09717867 -3.04482807 1.41881641
v -1.09914287 -3.57000604 1.24793101
v -0.285227494 -3.57000604 1.24793101
v -0.177196495 -2.42438639 0.516266518
v -0.177196495 -2.42806927 2.92928621
v -0.206168444 -2.40449887 2.95040136
v -0.206168444 -2.40449887 0.516266518
v -1.23172636 -2.40449887 2.95040136
v -1.23172636 -2.40449887 0.516266518
v -1.26094384 -2.42806927 2.92928621
v -1.26094384 -2.42684164 0.516266518
v 2.40695412 -2.37356272 2.37587286
v 2.44672917 -2.75854592 2.37218998
v 2.38215609 -2.40007942 2.35672191
v 2.48061162 -2.77720582 2.39747906
v 3.24959592 -2.22330142 2.37587286
v 3.32300789 -2.63038187 2.39993431
v 3.28200522 -2.23975159 2.35672191
v 3.34756039 -2.59944572 2.38250203
v 3.39470119 -3.03721679 0.543028743
v 3.41655291 -2.96871532 1.37609506
v 3.41827159 -3.00357987 0.543028743
v 3.39298251 -3.00161567 1.39819231
v 3.34756039 -2.60190097 1.48191634
v 3.28446047 -3.02101214 1.39819231
v 3.28617914 -3.05661327 0.543028743
v 3.32079817 -2.61786009 1.50892409
v 3.33086469 -2.50639174 2.12420974
v 3.30312037 -2.53266292 2.10088486
v 3.19459832 -2.55205939 2.10088486
v 3.21227612 -2.63725657 1.50892409
v 3.17323764 -2.52799794 2.09597436
v 3.19091544 -2.60853014 1.49983966
v 2.58545079 -2.63283712 2.09597436
v 3.26285427 -2.99695069 1.37314876
v 3.26457294 -3.03255182 0.543519793
v 2.67506742 -3.10178987 1.37314876
v 2.67678609 -3.13739099 0.543519793
v 2.60312859 -2.71336932 1.49983966
v 2.57342007 -2.66279117 2.10088486
v 2.66328222 -3.13174392 1.39819231
v 2.66500089 -3.16734504 0.543028743
v 2.59109787 -2.74798834 1.50892409
v 2.55034072 -3.15187697 1.39819231
v 2.55205939 -3.18747809 0.543028743
v 2.51842247 -3.16390769 0.543028743
v 2.51670379 -3.12928867 1.37609506
v 2.47815637 -2.76812139 1.50892409
v 2.46047857 -2.68292422 2.10088486
v 2.44771127 -2.76222879 1.48191634
v 2.42733269 -2.67064797 2.12445526
v 2.48061162 -2.77720582 2.39747906
v 2.44967547 -2.79488362 2.12985681
v 2.44672917 -2.75854592 2.37218998
v 2.48331239 -2.82336452 2.10063934
v 3.32595419 -2.67310322 2.10063934
v 3.32300789 -2.63038187 2.39993431
v 3.34756039 -2.59944572 2.38250203
v 3.34952459 -2.63480132 2.12985681
v -1.78342104 -2.44132762 5.36734945
v -1.74855649 -2.48822289 5.37005022
v -1.71663824 -2.52529717 5.31308842
v -1.80723696 -2.43077004 5.31063317
v -1.76107826 -2.17959797 5.37815255
v -1.78243894 -2.45188519 4.9808931
v -1.75273041 -2.48233029 4.98236625
v -1.68545656 -2.42487744 4.63052892
v -1.80429066 -2.18254427 5.27625967
v -1.76156931 -2.11723462 5.32536467
v -1.77949264 -2.11379727 4.9946425
v -1.73603471 -2.06174597 5.00888295
v -1.72007559 -2.39295919 4.62070793
v -1.69748729 -2.27682587 4.56497375
v -1.73308841 -2.07009382 4.65753667
v -1.67809081 -2.01141335 4.6410865
v -1.61376326 -2.07058487 4.5595722
v -1.61376326 -2.07058487 4.5595722
v -1.30096441 -2.00453865 4.60131145
v -1.67809081 -2.01141335 4.6410865
v -1.30170099 -2.05241602 4.55711695
v 2.97632659 -2.00871257 4.62070793
v 2.99645964 -2.04971525 4.56620138
v 2.96626007 -2.33427872 4.5389481
v -1.31152199 -2.35244757 4.55613485
v -1.69748729 -2.27682587 4.56497375
v 3.00947247 -2.42880584 4.6823347
v -1.68545656 -2.42487744 4.63052892
v -1.33312819 -2.38903079 4.56202745
v 3.03672574 -2.47373692 5.01281135
v -1.37953241 -2.48061162 4.98261177
v -1.75273041 -2.48233029 4.98236625
v -1.71663824 -2.52529717 5.31308842
v -1.34245814 -2.52726137 5.31628025
v 2.95717564 -2.52701584 5.3216818
v 3.02494054 -2.46367039 5.38232647
v -1.37904136 -2.48306687 5.37397862
v 2.96846979 -2.16535752 5.3874825
v -1.74855649 -2.48822289 5.37005022
v -1.38763474 -2.155291 5.37643387
v 3.02886894 -2.10250312 5.3108787
v -1.76107826 -2.17959797 5.37815255
v -1.78342104 -2.44132762 5.36734945
v -1.76156931 -2.11723462 5.32536467
v -1.38395186 -2.10864125 5.33297595
v 3.03132419 -2.05830862 5.0044635
v -1.73603471 -2.06174597 5.00888295
v -1.35718964 -2.06027282 5.0083919
v 2.97632659 -2.00871257 4.62070793
v -1.67809081 -2.01141335 4.6410865
v -1.30096441 -2.00453865 4.60131145
v -3.17849408 -0.316063228 3.37835143
v -3.23840218 -0.316063228 3.33980401
v -3.61921145 -0.295193603 3.33587561
v -3.72920665 -0.269167954 3.36509308
v -3.86105358 -0.260820104 3.30984996
v -3.7660354 -0.278988953 3.27744066
v -3.90033758 -0.262293254 3.21311311
v -3.80286415 -0.278006853 3.16597231
v -3.86498198 -0.174886354 3.31353283
v -3.7405008 0.059835545 3.37614171
v -3.9035294 -0.256646179 3.17456568
v -3.80458283 -0.254681979 3.12791593
v -3.90623018 -0.237740754 3.15394158
v -3.81293068 -0.244369929 3.10729183
v -3.17702093 0.434506693 3.39873001
v -2.43455333 -0.301822778 3.5185462
v -3.90377493 -0.213679304 3.21311311
v -3.90794885 -0.210487479 3.15688788
v -3.811212 -0.217853229 3.11318443
v -3.80777465 -0.171203479 3.13945561
v -3.90966753 -0.179060279 3.17137386
v -3.90917648 -0.140512854 3.21360416
v -3.9153146 -0.121852954 3.17652988
v -3.8053194 -0.115714829 3.14780346
v -3.92390798 -0.0734845294 3.15836103
v -3.95091573 0.05909897 3.22686251
v -3.81293068 -0.0678374544 3.13037118
v -3.88609713 0.059835545 3.32531803
v -4.04151445 0.326475694 3.26099048
v -3.9457597 0.325984644 3.34422346
v -4.03267555 0.527069618 3.25534341
v -3.93544765 -0.0253616296 3.14141981
v -3.82447035 -0.0197145546 3.11342996
v -3.77364668 0.426895418 3.39136426
v -3.9477239 0.0119581702 3.14461163
v -3.83699213 0.0178507702 3.11637626
v -3.9909363 0.10722187 3.19347111
v -3.8662096 0.10722187 3.15639683
v -4.01106935 0.143805095 3.19690846
v -3.88634265 0.143805095 3.15958866
v -4.07073193 0.242506144 3.15983418
v -3.94625075 0.242506144 3.12275991
v -4.09356575 0.302905294 3.16940966
v -3.96883905 0.303150819 3.13208986
v -4.11320775 0.392030869 3.19396216
v -3.98872658 0.392030869 3.15688788
v -4.12204665 0.459795768 3.16842756
v -3.99756548 0.459795768 3.13135328
v -4.1205735 0.526824093 3.14240191
v -3.99609233 0.526824093 3.10557316
v -4.07392375 0.660389692 3.17579331
v -3.94919705 0.660389692 3.13871903
v -4.04470628 0.724471717 3.15074976
v -3.94060368 0.861720192 3.23668351
v -3.92660875 0.726435917 3.13258091
v -4.01180593 0.792482142 3.12521516
v -3.8937084 0.792482142 3.10704631
v -3.95828148 0.885290591 3.14903108
v -3.84018395 0.884308491 3.13086223
v -3.9300461 0.961157816 3.14952213
v -3.81194858 0.961157816 3.13135328
v -3.9251356 1.01910172 3.13871903
v -3.81096648 1.04881024 3.10974708
v -3.77119143 1.06010439 3.29757371
v -3.870138 1.03113244 3.34520556
v -3.92857295 0.527806193 3.34594213
v -3.88216873 0.859755992 3.35723628
v -3.73141638 0.860983617 3.38989111
v -3.72994323 1.03088692 3.38989111
v -3.64474605 1.05863124 3.35625418
v -3.11539416 1.06427832 3.37074016
v -3.17677541 1.06133202 3.41812648
v -2.43381676 0.441872443 3.52885825
v -1.84946726 -0.293965978 3.67813745
v -1.84357466 0.442609018 3.6805927
v -2.43160703 1.03972582 3.54162555
v -2.40607243 1.03677952 3.47361513
v -1.84750306 1.01124492 3.7110378
v -1.86002484 1.02229354 3.64302738
v -3.17849408 -0.316063228 3.37835143
v -3.62043908 -0.374498178 3.32409041
v -3.23840218 -0.316063228 3.33980401
v -3.73902765 -0.397577528 3.36288336
v -3.7640712 -0.388984153 3.25878076
v -3.86866485 -0.417956103 3.30616708
v -3.7925521 -0.403961178 3.14215638
v -3.90917648 -0.440298878 3.18659641
v -3.92980058 -0.540964127 3.21139443
v -3.80384625 -0.473690278 3.08544011
v -3.92243483 -0.481792603 3.12472411
v -3.82226063 -0.540964127 3.06334286
v -3.94256788 -0.542437277 3.09722531
v -3.84926838 -0.607010352 3.08691326
v -3.9703122 -0.604800627 3.11809493
v -3.8829053 -0.673302102 3.11318443
v -3.99314603 -0.740330426 3.22833566
v -4.00394913 -0.673302102 3.14436611
v -3.92145273 -0.740330426 3.10066266
v -4.04249655 -0.740330426 3.13184433
v -3.95631728 -0.807113226 3.08789536
v -4.0773611 -0.807113226 3.11883151
v -3.97792348 -0.873650501 3.11392101
v -4.0989673 -0.873650501 3.14485716
v -3.99118183 -0.940433301 3.13822798
v -4.05035335 -1.00697058 3.24355821
v -4.11222565 -0.940433301 3.16940966
v -3.99903863 -1.00697058 3.12079571
v -4.12008245 -1.00697058 3.15197738
v -3.99658338 -1.07326232 3.10164476
v -4.1176272 -1.07326232 3.13282643
v -3.9771869 -1.14029065 3.12104123
v -4.09823073 -1.14029065 3.15197738
v -3.95680833 -1.18915012 3.13970113
v -3.98970868 -1.27361072 3.24012086
v -4.07809768 -1.18915012 3.17063728
v -3.89493603 -1.2733652 3.34127716
v -3.94109473 -1.22597887 3.13724588
v -4.06213855 -1.22597887 3.16818203
v -3.91973405 -1.27361072 3.11367548
v -4.04077788 -1.27361072 3.14461163
v -3.88609713 -1.33965695 3.08789536
v -4.00714095 -1.33965695 3.11883151
v -3.84313025 -1.4069308 3.10262686
v -3.96417408 -1.39686427 3.13356301
v -3.8023731 -1.47420465 3.11784941
v -3.89640918 -1.54000535 3.23177301
v -3.92341693 -1.47420465 3.14878556
v -3.77561088 -1.54025087 3.09305138
v -3.8966547 -1.54491585 3.12398753
v -3.75375915 -1.60605157 3.06948098
v -3.87480298 -1.60605157 3.10066266
v -3.7306798 -1.66841492 3.08642221
v -3.85172363 -1.66792387 3.11760388
v -3.71152885 -1.73053275 3.10336343
v -3.83404583 -1.87711117 3.22465278
v -3.82520693 -1.87711117 3.32531803
v -3.860317 -1.53926877 3.33513903
v -3.83257268 -1.72955065 3.13429958
v -3.69974365 -1.81180152 3.07291833
v -3.82078748 -1.81131047 3.10385448
v -3.69458763 -1.86876332 3.06383391
v -3.81563145 -1.86827227 3.09477006
v -3.70048023 -1.9657457 3.10630973
v -3.82152405 -1.9657457 3.13724588
v -3.7434471 -2.0286001 3.09329691
v -3.86473645 -2.0286001 3.12447858
v -3.77831165 -2.07058487 3.06506153
v -3.8976368 -2.09120897 3.22980881
v -3.89812785 -2.07033935 3.09575216
v -3.7896058 -2.10741362 3.01448338
v -3.9113862 -2.09120897 3.15811551
v -3.90426598 -2.10544942 3.04296428
v -3.87652165 -2.1209175 3.00809973
v -3.78494083 -2.13049297 2.97691806
v -3.67445458 -2.18524505 3.15590578
v -3.88437845 -2.11674357 3.14461163
v -3.77757508 -2.16069255 3.21163996
v -3.84926838 -2.0924366 3.31451493
v -3.64106318 -2.16732172 3.27817723
v -3.5214925 -2.174933 3.19789056
v -3.713002 -2.09759262 3.37074016
v -3.17775751 -2.10250312 3.41198836
v -3.09943503 -2.15062602 3.27179358
v -3.02160361 -2.16388437 3.23594693
v -2.32087526 -2.22502009 3.46084783
v -2.25826639 -2.24932707 3.39455608
v -1.99260834 -2.27314299 3.56593253
v -3.71152885 -1.880303 3.38252536
v -3.7316619 -1.536568 3.38915453
v -3.17530226 -1.0857841 3.40020316
v -3.73878213 -1.27189205 3.38964558
v -2.01691531 -2.27289747 3.61700173
v -1.85241356 -2.24859049 3.60742625
v -1.83964626 -2.25423757 3.6707717
v -1.85315014 -2.0236896 3.66414253
v -2.43185256 -2.13245717 3.51019835
v -1.85486881 -1.13906302 3.6609507
v -2.43700858 -1.10960002 3.50135945
v -2.43455333 -0.301822778 3.5185462
v -1.84946726 -0.293965978 3.67813745
v -3.77708403 -1.00697058 3.38792691
v -3.76137043 -0.740330426 3.37442303
v -3.94060368 -1.00697058 3.34176821
v -3.91310488 -0.740330426 3.32409041
v -3.87824033 -0.536299152 3.31181416
v 0.396840953 -2.13614005 0.534189843
v 0.396840953 -2.13614005 3.7405008
v 1.9667278 -2.13614005 3.7405008
v 1.9667278 -2.13614005 0.534189843
v -1.56023881 2.30565271 4.5389481
v -1.65599356 2.36752501 8.76197808
v -1.74487361 2.33855306 8.76197808
v -1.48363501 2.33437914 4.53870258
v -1.56760456 2.30565271 0.534680893
v 2.94244414 2.36752501 8.76197808
v -1.48977314 2.33437914 0.534926418
v 2.78187079 2.33437914 4.53870258
v 3.03598917 2.33855306 8.76197808
v 2.80593224 2.33437914 0.534926418
v 2.86313957 2.30565271 4.5389481
v 2.88842864 2.30565271 0.534680893
v -1.56023881 2.30565271 4.5389481
v -1.59706756 2.22364736 0.534926418
v -1.56760456 2.30565271 0.534680893
v -1.58945629 2.22561156 4.53870258
v -1.74487361 2.33855306 8.76197808
v -1.77630081 2.25802086 8.76197808
v -1.59731309 -1.95764337 4.53870258
v -1.60492436 -2.037439 0.534926418
v -1.57570689 -2.11846225 0.534680893
v -1.77630081 -1.9569068 8.76197808
v -1.56809561 -2.03793005 4.5389481
v -1.74487361 -2.03793005 8.76197808
v -1.74487361 -2.03793005 8.76197808
v -1.48707236 -2.06641095 4.53870258
v -1.56809561 -2.03793005 4.5389481
v -1.66213169 -2.06641095 8.76197808
v 0.176113979 -2.06641095 6.50854964
v 0.136338929 -2.06641095 7.75630769
v 1.2262244 -2.06641095 6.50928622
v 2.97804527 -2.06641095 8.76197808
v 1.31584102 -2.06641095 7.68019494
v 2.78285289 -2.06641095 4.53870258
v 3.04949304 -2.03793005 8.76197808
v 2.86313957 -2.03793005 4.5389481
v 2.86313957 -2.03793005 4.5389481
v 2.91789164 -1.998155 0.534926418
v 2.86633139 -2.11846225 0.534680893
v 2.89898622 -1.94978657 4.53845705
v 3.04949304 -2.03793005 8.76197808
v 2.91789164 2.21333531 0.534926418
v 2.89088389 2.21824581 4.53870258
v 2.88842864 2.30565271 0.534680893
v 2.86313957 2.30565271 4.5389481
v 3.03598917 2.33855306 8.76197808
v 3.07993814 -1.95518812 8.76222361
v 3.07183582 2.25728429 8.76197808
v 2.97878184 -0.442263078 6.46754697
v 3.03451602 -0.479337353 7.76514659
v 2.97608107 0.627734868 6.45625282
v 3.02837789 0.702374467 7.67675759
v -0.603427893 1.94571306 10.5466993
v -0.593361368 1.93859284 9.13173873
v 2.55549674 1.93859284 9.13173873
v 2.61933324 1.93490996 10.5457172
v -0.652041842 2.07903314 11.2471821
v 2.66843824 2.07903314 11.2405529
v 2.61933324 1.93490996 10.5457172
v 2.55549674 1.93859284 9.13173873
v 2.55549674 -0.601363277 9.13173873
v 2.65665304 -0.596207252 10.6601318
v 2.66843824 2.07903314 11.2405529
v 2.69520047 -0.596207252 11.363561
v -0.652041842 2.07903314 11.2471821
v 2.66843824 2.07903314 11.2405529
v 2.69520047 -0.596207252 11.363561
v -0.652041842 -0.596207252 11.363561
v -0.652041842 2.07903314 11.2471821
v -0.652041842 -0.596207252 11.363561
v -0.576665668 -0.596207252 10.6601318
v -0.603427893 1.94571306 10.5466993
v -0.593361368 1.93859284 9.13173873
v -0.576665668 -0.596207252 9.13173873
v 1.04478143 -0.371797403 9.13173873
v 1.04478143 -0.371797403 10.632633
v 2.19629367 -0.371797403 10.6156918
v 2.17959797 -0.371797403 9.13173873
v 2.55549674 -0.601363277 9.13173873
v 2.17959797 -0.605537202 9.13173873
v 2.19629367 -0.596207252 10.6156918
v 2.65665304 -0.596207252 10.6601318
v 2.69520047 -0.596207252 11.363561
v 1.04478143 -0.596207252 10.632633
v -0.652041842 -0.596207252 11.363561
v -0.576665668 -0.596207252 10.6601318
v 1.04478143 -0.596207252 9.13173873
v -0.576665668 -0.596207252 9.13173873
v 2.17959797 -0.605537202 9.13173873
v 2.17959797 -0.371797403 9.13173873
v 2.19629367 -0.371797403 10.6156918
v 2.19629367 -0.596207252 10.6156918
v 2.19629367 -0.596207252 10.6156918
v 2.19629367 -0.371797403 10.6156918
v 1.04478143 -0.371797403 10.632633
v 1.04478143 -0.596207252 10.632633
v 1.04478143 -0.596207252 10.632633
v 1.04478143 -0.371797403 10.632633
v 1.04478143 -0.371797403 9.13173873
v 1.04478143 -0.596207252 9.13173873
v 3.60020561 -1.4943377 5.31529815
v 3.98396119 -1.4943377 5.33076622
v 3.98396119 -1.4943377 5.91413362
v 3.60020561 -1.4943377 5.93573982
v 3.60020561 -1.61685467 5.31529815
v 3.60020561 -1.61685467 5.93573982
v 3.98396119 -1.61685467 5.91413362
v 3.98396119 -1.61685467 5.33076622
v 3.60020561 -1.4943377 5.31529815
v 3.60020561 -1.61685467 5.31529815
v 3.98396119 -1.61685467 5.33076622
v 3.98396119 -1.4943377 5.33076622
v 3.98396119 -1.4943377 5.33076622
v 3.98396119 -1.61685467 5.33076622
v 3.98396119 -1.61685467 5.91413362
v 3.98396119 -1.4943377 5.91413362
v 3.98396119 -1.4943377 5.91413362
v 3.98396119 -1.61685467 5.91413362
v 3.60020561 -1.61685467 5.93573982
v 3.60020561 -1.4943377 5.93573982
v 3.60020561 -1.4943377 5.93573982
v 3.60020561 -1.61685467 5.93573982
v 3.60020561 -1.61685467 5.31529815
v 3.60020561 -1.4943377 5.31529815
v 1.68020012 -2.1798435 2.22192869
v 1.68020012 -2.1798435 1.80846459
v 1.77276305 -2.1798435 1.80846459
v 1.77276305 -2.1798435 2.22192869
v 1.68020012 -2.1916287 1.76746191
v 1.68020012 -2.0973471 1.76746191
v 1.68020012 -2.0973471 1.80846459
v 1.68020012 -2.1798435 1.80846459
v 1.68020012 -2.21986407 1.80846459
v 1.68020012 -2.21986407 2.22192869
v 1.68020012 -2.1798435 2.22192869
v 1.68020012 -2.1916287 2.25875744
v 1.68020012 -2.0973471 2.25875744
v 1.68020012 -2.0973471 2.22192869
v 1.68020012 -2.1798435 1.80846459
v 1.68020012 -2.0973471 1.80846459
v 1.77276305 -2.0973471 1.80846459
v 1.77276305 -2.1798435 1.80846459
v 1.77276305 -2.1798435 1.80846459
v 1.77276305 -2.0973471 1.80846459
v 1.77276305 -2.0973471 1.76746191
v 1.77276305 -2.1916287 1.76746191
v 1.77276305 -2.21986407 1.80846459
v 1.77276305 -2.1798435 2.22192869
v 1.77276305 -2.21986407 2.22192869
v 1.77276305 -2.1916287 2.25875744
v 1.77276305 -2.0973471 2.22192869
v 1.77276305 -2.0973471 2.25875744
v 1.77276305 -2.1916287 1.76746191
v 1.77276305 -2.0973471 1.76746191
v 1.68020012 -2.0973471 1.76746191
v 1.68020012 -2.1916287 1.76746191
v 1.68020012 -2.21986407 1.80846459
v 1.77276305 -2.21986407 1.80846459
v 1.77276305 -2.21986407 2.22192869
v 1.68020012 -2.21986407 2.22192869
v 1.77276305 -2.1916287 2.25875744
v 1.68020012 -2.1916287 2.25875744
v 1.77276305 -2.0973471 2.25875744
v 1.68020012 -2.0973471 2.25875744
v 1.77276305 -2.1798435 2.22192869
v 1.77276305 -2.0973471 2.22192869
v 1.68020012 -2.0973471 2.22192869
v 1.68020012 -2.1798435 2.22192869
v -3.12668831 1.47897004 6.59963942
v -3.12668831 1.47897004 6.75211044
v -3.12668831 -2.05634442 6.75211044
v -3.12668831 -2.05634442 6.59963942
v -1.57644346 1.52537426 6.54095894
v -3.06800783 -2.1150249 6.54095894
v -1.57644346 -2.1150249 6.54095894
v -3.06800783 1.52537426 6.54095894
v -3.12668831 1.47897004 6.59963942
v -3.12668831 -2.05634442 6.59963942
v -1.57644346 -2.1150249 6.54095894
v -3.06800783 -2.1150249 6.81079092
v -1.57644346 -2.1150249 6.81079092
v -3.06800783 -2.1150249 6.54095894
v -3.12668831 -2.05634442 6.59963942
v -3.12668831 -2.05634442 6.75211044
v -1.57644346 -2.1150249 6.81079092
v -3.06800783 1.52537426 6.81079092
v -1.57644346 1.52537426 6.81079092
v -3.06800783 -2.1150249 6.81079092
v -3.12668831 -2.05634442 6.75211044
v -3.12668831 1.47897004 6.75211044
v -1.57644346 1.52537426 6.81079092
v -3.06800783 1.52537426 6.54095894
v -1.57644346 1.52537426 6.54095894
v -3.06800783 1.52537426 6.81079092
v -3.12668831 1.47897004 6.75211044
v -3.12668831 1.47897004 6.59963942
v 3.65692189 -0.210487479 10.5896662
v 4.10893341 -2.53413607 10.6709349
v 4.10893341 -2.53413607 10.956726
v 3.64268144 -0.140267329 11.0522353
v 3.41581634 -0.262047729 10.5896662
v 3.40182141 -0.191827579 11.0522353
v 3.85751581 -2.57096482 10.956726
v 3.85751581 -2.57096482 10.6709349
v 3.65692189 -0.210487479 10.5896662
v 3.41581634 -0.262047729 10.5896662
v 3.85751581 -2.57096482 10.6709349
v 4.10893341 -2.53413607 10.6709349
v 4.10893341 -2.53413607 10.6709349
v 3.85751581 -2.57096482 10.6709349
v 3.85751581 -2.57096482 10.956726
v 4.10893341 -2.53413607 10.956726
v 4.10893341 -2.53413607 10.956726
v 3.85751581 -2.57096482 10.956726
v 3.40182141 -0.191827579 11.0522353
v 3.64268144 -0.140267329 11.0522353
v 3.64268144 -0.140267329 11.0522353
v 3.40182141 -0.191827579 11.0522353
v 3.41581634 -0.262047729 10.5896662
v 3.65692189 -0.210487479 10.5896662
v 3.64292696 -0.210487479 9.65765328
v 4.05810974 -2.46489802 9.74285045
v 4.07406886 -2.53413607 10.0993528
v 3.62868651 -0.140267329 10.0443552
v 3.43472176 -0.262047729 9.65765328
v 3.42072684 -0.191827579 10.0443552
v 3.87617571 -2.57096482 10.0993528
v 3.85997106 -2.50172677 9.74285045
v 3.64292696 -0.210487479 9.65765328
v 3.43472176 -0.262047729 9.65765328
v 3.85997106 -2.50172677 9.74285045
v 4.05810974 -2.46489802 9.74285045
v 4.05810974 -2.46489802 9.74285045
v 3.85997106 -2.50172677 9.74285045
v 3.87617571 -2.57096482 10.0993528
v 4.07406886 -2.53413607 10.0993528
v 4.07406886 -2.53413607 10.0993528
v 3.87617571 -2.57096482 10.0993528
v 3.42072684 -0.191827579 10.0443552
v 3.62868651 -0.140267329 10.0443552
v 3.62868651 -0.140267329 10.0443552
v 3.42072684 -0.191827579 10.0443552
v 3.43472176 -0.262047729 9.65765328
v 3.64292696 -0.210487479 9.65765328
v -0.405043694 -3.27537604 1.36038146
v -0.436225368 -3.22995392 1.40040204
v -0.436225368 -3.22307922 1.37388534
v -0.405043694 -3.28225074 1.38714369
v -0.436225368 -3.32767287 1.34712311
v -0.449974768 -3.24959592 1.40212071
v -0.436225368 -3.33454757 1.37388534
v -0.498588718 -3.32767287 1.34712311
v -0.433033543 -3.27832234 1.39843784
v -0.452675543 -3.25327879 1.48117976
v -0.437944043 -3.27905892 1.48068871
v -0.449974768 -3.30729429 1.39450944
v -0.452675543 -3.30459352 1.48019766
v -0.498588718 -3.33454757 1.37388534
v -0.529770393 -3.27537604 1.36038146
v -0.483611693 -3.30729429 1.39450944
v -0.482384068 -3.30459352 1.48019766
v -0.529770393 -3.28225074 1.38714369
v -0.498588718 -3.22307922 1.37388534
v -0.500307393 -3.27832234 1.39843784
v -0.497115568 -3.27905892 1.48068871
v -0.498588718 -3.22995392 1.40040204
v -0.436225368 -3.22307922 1.37388534
v -0.436225368 -3.22995392 1.40040204
v -0.483611693 -3.24959592 1.40212071
v -0.482384068 -3.25327879 1.48117976
v -0.449974768 -3.24959592 1.40212071
v -0.452675543 -3.25327879 1.48117976
v -2.51336686 -1.61660915 1.85216804
v -2.51336686 -1.61660915 2.08173391
v -2.92192046 -1.61660915 2.08173391
v -2.92192046 -1.61660915 1.85216804
v -2.92192046 -1.93259982 2.08173391
v -2.92192046 -1.93259982 1.85216804
v -2.51336686 -1.93259982 2.08173391
v -2.51336686 -1.93259982 1.85216804
v -2.51336686 -1.61660915 2.08173391
v -2.51336686 -1.61660915 1.85216804
v 4.30412579 3.9202251 -0.000563604699
v 4.29283164 -3.85923449 0.457831568
v 4.29381374 3.81980538 0.456112893
v 4.30117949 -3.94541376 -0.0010546547
v 4.22162939 -4.05639106 -0.0010546547
v 4.17424306 -4.05614554 0.393749544
v -4.1598575 4.05649148 -0.000563604699
v 4.19241191 4.04912573 0.458568143
v -4.12990345 4.03758605 0.476491468
v 4.24176244 4.04863468 -0.000563604699
v 4.30412579 3.9202251 -0.000563604699
v 4.29381374 3.81980538 0.456112893
v -4.1598575 4.05649148 -0.000563604699
v -4.12990345 4.03758605 0.476491468
v -4.2944052 3.94747838 0.460532343
v -4.29514178 3.99118183 -0.00154570469
v -4.2963694 -3.94860559 0.320583094
v -4.29661493 -3.70479926 0.447273993
v -4.29784255 -3.97070284 -0.0013001797
v -4.24014418 -4.04288719 0.335560119
v -4.23376053 -4.05000741 -0.000563604699
v -4.2963694 -3.94860559 0.320583094
v -4.19594968 -4.04116851 0.410936293
v -4.24014418 -4.04288719 0.335560119
v -4.1323587 -3.97561334 0.546957143
v 4.17424306 -4.05614554 0.393749544
v -4.19447653 -3.78876881 0.546957143
v -4.29661493 -3.70479926 0.447273993
v 3.92626281 -3.96554681 0.546957143
v 4.15263686 -3.75635951 0.546957143
v 4.29283164 -3.85923449 0.457831568
v 4.29381374 3.81980538 0.456112893
v -4.19693178 3.90303835 0.546957143
v -4.2944052 3.94747838 0.460532343
v -4.12990345 4.03758605 0.476491468
v 4.16098471 3.89812785 0.546957143
v 4.19241191 4.04912573 0.458568143
v -1.43011056 -2.09071792 0.546220568
v -1.43011056 2.19369331 0.546220568
v 2.77475057 -2.09071792 0.546220568
v 2.77475057 2.19369331 0.546220568
v 1.9235154 -2.26258542 0.932185866
v 1.9235154 -2.35711254 0.932185866
v 1.89454345 -2.35711254 1.22485166
v 1.89454345 -2.26258542 1.22485166
v 0.465587953 -2.26332199 0.799847892
v 0.402488028 -2.26258542 1.09398684
v 0.403715653 -2.35834017 1.09202264
v 0.465587953 -2.35784912 0.799602367
v 1.97212935 -2.29867759 3.09108718
v 1.97212935 -2.39320472 3.09108718
v 1.92498855 -2.39320472 3.34299583
v 1.92498855 -2.29867759 3.34299583
v 0.433178653 -2.29401262 2.78958248
v 0.351909878 -2.29818654 3.03338881
v 0.351909878 -2.39271367 3.03338881
v 0.433178653 -2.38853974 2.78958248
v 0.465587953 -2.35784912 0.799602367
v 0.515184002 -2.26332199 0.766947542
v 0.465587953 -2.26332199 0.799847892
v 0.515184002 -2.35784912 0.766947542
v 1.88545902 -2.26258542 0.891919766
v 1.88545902 -2.35711254 0.891919766
v 1.9235154 -2.26258542 0.932185866
v 1.9235154 -2.35711254 0.932185866
v 0.438825728 -2.35834017 1.13228874
v 0.465587953 -2.35784912 0.799602367
v 0.403715653 -2.35834017 1.09202264
v 0.515184002 -2.35784912 0.766947542
v 1.84813922 -2.35711254 1.25775201
v 1.88545902 -2.35711254 0.891919766
v 1.9235154 -2.35711254 0.932185866
v 1.89454345 -2.35711254 1.22485166
v 0.437843628 -2.26258542 1.13449847
v 0.403715653 -2.35834017 1.09202264
v 0.402488028 -2.26258542 1.09398684
v 0.438825728 -2.35834017 1.13228874
v 1.84813922 -2.35711254 1.25775201
v 1.8478937 -2.26258542 1.25775201
v 1.89454345 -2.35711254 1.22485166
v 1.89454345 -2.26258542 1.22485166
v 0.465587953 -2.26332199 0.799847892
v 0.437843628 -2.26258542 1.13449847
v 0.402488028 -2.26258542 1.09398684
v 0.515184002 -2.26332199 0.766947542
v 1.8478937 -2.26258542 1.25775201
v 1.88545902 -2.26258542 0.891919766
v 1.89454345 -2.26258542 1.22485166
v 1.9235154 -2.26258542 0.932185866
v 0.433178653 -2.38853974 2.78958248
v 0.487439678 -2.29376709 2.76773076
v 0.433178653 -2.29401262 2.78958248
v 0.487439678 -2.38829422 2.76773076
v 1.93382745 -2.29867759 3.05082108
v 1.93382745 -2.39320472 3.05082108
v 1.97212935 -2.29867759 3.09108718
v 1.97212935 -2.39320472 3.09108718
v 0.387265478 -2.39320472 3.07267281
v 0.433178653 -2.38853974 2.78958248
v 0.351909878 -2.39271367 3.03338881
v 0.487439678 -2.38829422 2.76773076
v 1.87367382 -2.39320472 3.36558413
v 1.93382745 -2.39320472 3.05082108
v 1.97212935 -2.39320472 3.09108718
v 1.92498855 -2.39320472 3.34299583
v 0.351909878 -2.29818654 3.03338881
v 0.387265478 -2.39320472 3.07267281
v 0.351909878 -2.39271367 3.03338881
v 0.387265478 -2.29867759 3.07267281
v 1.87367382 -2.39320472 3.36558413
v 1.87367382 -2.29867759 3.36558413
v 1.92498855 -2.39320472 3.34299583
v 1.92498855 -2.29867759 3.34299583
v 0.433178653 -2.29401262 2.78958248
v 0.387265478 -2.29867759 3.07267281
v 0.351909878 -2.29818654 3.03338881
v 0.487439678 -2.29376709 2.76773076
v 1.87367382 -2.29867759 3.36558413
v 1.93382745 -2.29867759 3.05082108
v 1.92498855 -2.29867759 3.34299583
v 1.97212935 -2.29867759 3.09108718
v 0.424339753 -2.08728057 3.7355903
v -1.58184501 -2.08728057 0.533453268
v 0.424094228 -2.08728057 0.533453268
v -1.71320089 -2.08728057 3.7355903
v -1.77016269 -2.08728057 4.55024225
v 3.04360044 -2.08728057 4.55024225
v 1.96795542 -2.08728057 3.7355903
v 2.97853632 -2.08728057 3.75891518
v 2.85184542 -2.08728057 0.533453268
v 1.96009862 -2.08728057 0.533453268
v 0.424339753 -2.32863164 3.7355903
v 0.424094228 -2.32863164 0.533453268
v -1.57865319 -2.32863164 0.533453268
v -1.71786586 -2.32863164 3.7355903
v -1.76377904 -2.32863164 4.55024225
v 1.96795542 -2.32863164 3.7355903
v 3.04360044 -2.32863164 4.55024225
v 2.97853632 -2.32863164 3.75891518
v 2.87590687 -2.32863164 0.533453268
v 1.96009862 -2.32863164 0.533453268
v 2.97853632 -2.08728057 3.75891518
v 2.85184542 -2.08728057 0.533453268
v 2.87590687 -2.32863164 0.533453268
v 2.97853632 -2.32863164 3.75891518
v 3.04360044 -2.08728057 4.55024225
v 3.04360044 -2.32863164 4.55024225
v -1.71320089 -2.08728057 3.7355903
v -1.77016269 -2.08728057 4.55024225
v -1.76377904 -2.32863164 4.55024225
v -1.71786586 -2.32863164 3.7355903
v -1.58184501 -2.08728057 0.533453268
v -1.57865319 -2.32863164 0.533453268
v 3.04360044 -2.08728057 4.55024225
v 3.04360044 -2.32863164 4.55024225
v -1.76377904 -2.32863164 4.55024225
v -1.77016269 -2.08728057 4.55024225
v 0.424339753 -2.08728057 3.7355903
v 0.424339753 -2.32863164 3.7355903
v 1.96795542 -2.32863164 3.7355903
v 1.96795542 -2.08728057 3.7355903
v 1.96795542 -2.32863164 3.7355903
v 1.96009862 -2.32863164 0.533453268
v 1.96009862 -2.08728057 0.533453268
v 1.96795542 -2.08728057 3.7355903
v 0.424094228 -2.32863164 0.533453268
v 0.424339753 -2.32863164 3.7355903
v 0.424339753 -2.08728057 3.7355903
v 0.424094228 -2.08728057 0.533453268
v -3.09157823 -1.97826747 2.15318169
v -2.41810316 -2.00257445 2.04220439
v -3.04419191 -2.0030655 2.04343201
v -2.37145341 -1.97826747 2.15318169
v -2.31915659 -1.88840532 2.60151033
v -3.14387506 -1.88840532 2.60151033
v -3.05646816 -1.86679912 2.69677403
v -2.40631796 -1.86679912 2.69677403
v -2.99164956 -1.48328907 1.96510954
v -2.47113656 -1.48328907 1.96510954
v -2.41638448 -1.45750895 2.07731446
v -3.04640163 -1.45750895 2.07731446
v -3.09182376 -1.38679775 2.44363776
v -2.37096236 -1.38679775 2.44363776
v -3.00515343 -1.3656826 2.53816488
v -2.45763268 -1.3656826 2.53816488
v -2.99164956 -1.48328907 1.96510954
v -2.41810316 -2.00257445 2.04220439
v -2.47113656 -1.48328907 1.96510954
v -3.04419191 -2.0030655 2.04343201
v -3.04640163 -1.45750895 2.07731446
v -3.09157823 -1.97826747 2.15318169
v -3.14387506 -1.88840532 2.60151033
v -3.09182376 -1.38679775 2.44363776
v -3.00515343 -1.3656826 2.53816488
v -3.05646816 -1.86679912 2.69677403
v -2.40631796 -1.86679912 2.69677403
v -2.45763268 -1.3656826 2.53816488
v -2.37096236 -1.38679775 2.44363776
v -2.31915659 -1.88840532 2.60151033
v -2.37145341 -1.97826747 2.15318169
v -2.41638448 -1.45750895 2.07731446
v -2.47113656 -1.48328907 1.96510954
v -2.41810316 -2.00257445 2.04220439
v -3.19690846 -1.2566695 1.66802429
v -2.27815391 -1.2566695 1.68963049
v -2.27839944 -1.2566695 1.95062356
v -3.19690846 -1.2566695 1.95062356
v -3.19690846 -1.2566695 1.66802429
v -3.19690846 -1.2566695 1.95062356
v -3.19936371 -2.10053892 1.87401976
v -3.19617188 -2.42315877 1.79201441
v -3.19690846 -2.42094904 1.66606009
v -3.19690846 -2.42094904 1.66606009
v -3.19617188 -2.42315877 1.79201441
v -2.27889049 -2.42315877 1.79201441
v -2.27839944 -2.42094904 1.66728771
v -3.19617188 -2.42315877 1.79201441
v -3.19936371 -2.10053892 1.87401976
v -3.13970113 -2.14473342 1.88654154
v -3.13994666 -2.39222262 1.82000426
v -2.27889049 -2.42315877 1.79201441
v -3.19617188 -2.42315877 1.79201441
v -3.13994666 -2.39222262 1.82000426
v -2.33167836 -2.39222262 1.82098636
v -2.33167836 -2.39222262 1.82098636
v -2.33241494 -2.14399685 1.88654154
v -2.27569866 -2.10053892 1.87401976
v -2.27889049 -2.42315877 1.79201441
v -2.27569866 -2.10053892 1.87401976
v -2.33241494 -2.14399685 1.88654154
v -3.13970113 -2.14473342 1.88654154
v -3.19936371 -2.10053892 1.87401976
v -3.19690846 -1.2566695 1.95062356
v -2.27839944 -1.2566695 1.95062356
v -2.27839944 -2.42094904 1.66728771
v -2.27889049 -2.42315877 1.79201441
v -2.27569866 -2.10053892 1.87401976
v -2.27815391 -1.2566695 1.68963049
v -2.27839944 -1.2566695 1.95062356
v -2.33241494 -2.14399685 1.88654154
v -2.33167836 -2.39222262 1.82098636
v -2.34911063 -2.39246814 1.87058241
v -2.34911063 -2.16781277 1.93049051
v -2.34911063 -2.16781277 1.93049051
v -3.12619726 -2.16781277 1.93049051
v -3.13970113 -2.14473342 1.88654154
v -2.33241494 -2.14399685 1.88654154
v -3.13970113 -2.14473342 1.88654154
v -3.12619726 -2.16781277 1.93049051
v -3.12619726 -2.39246814 1.87058241
v -3.13994666 -2.39222262 1.82000426
v -3.12619726 -2.16781277 1.93049051
v -2.34911063 -2.16781277 1.93049051
v -2.34911063 -2.39246814 1.87058241
v -3.12619726 -2.39246814 1.87058241
v -2.33167836 -2.39222262 1.82098636
v -3.13994666 -2.39222262 1.82000426
v -3.12619726 -2.39246814 1.87058241
v -2.34911063 -2.39246814 1.87058241
v 2.66328222 -0.666181877 11.3557042
v 2.66328222 -0.612411902 11.3557042
v 2.57710294 -0.612411902 10.6544848
v 2.57710294 -0.666181877 10.6544848
v -0.552358693 -0.666181877 10.6834567
v -0.552358693 -0.612411902 10.6834567
v -0.614230993 -0.612411902 11.3554586
v -0.614230993 -0.666181877 11.3554586
v 2.64020287 -0.589578077 11.3554586
v -0.590906118 -0.589578077 11.3554586
v -0.529033818 -0.589578077 10.6834567
v 2.55402359 -0.589578077 10.6549758
v 2.55402359 -0.689261227 10.6549758
v -0.529033818 -0.689261227 10.6834567
v -0.590906118 -0.689261227 11.3554586
v 2.64020287 -0.689261227 11.3554586
v 2.55132282 -0.666181877 10.6318965
v 2.55132282 -0.612411902 10.6318965
v -0.527069618 -0.612411902 10.6603774
v -0.527069618 -0.666181877 10.6603774
v -0.593361368 -0.666181877 11.378538
v -0.593361368 -0.612411902 11.378538
v 2.64314917 -0.612411902 11.378538
v 2.64314917 -0.666181877 11.378538
v -0.529033818 -0.589578077 10.6834567
v -0.590906118 -0.589578077 11.3554586
v -0.614230993 -0.612411902 11.3554586
v -0.552358693 -0.612411902 10.6834567
v -0.590906118 -0.589578077 11.3554586
v 2.64020287 -0.589578077 11.3554586
v 2.64314917 -0.612411902 11.378538
v -0.593361368 -0.612411902 11.378538
v 2.64020287 -0.589578077 11.3554586
v 2.55402359 -0.589578077 10.6549758
v 2.57710294 -0.612411902 10.6544848
v 2.66328222 -0.612411902 11.3557042
v 2.55402359 -0.589578077 10.6549758
v -0.529033818 -0.589578077 10.6834567
v -0.527069618 -0.612411902 10.6603774
v 2.55132282 -0.612411902 10.6318965
v -0.529033818 -0.689261227 10.6834567
v 2.55402359 -0.689261227 10.6549758
v 2.55132282 -0.666181877 10.6318965
v -0.527069618 -0.666181877 10.6603774
v 2.55402359 -0.689261227 10.6549758
v 2.64020287 -0.689261227 11.3554586
v 2.66328222 -0.666181877 11.3557042
v 2.57710294 -0.666181877 10.6544848
v 2.64020287 -0.689261227 11.3554586
v -0.590906118 -0.689261227 11.3554586
v -0.593361368 -0.666181877 11.378538
v 2.64314917 -0.666181877 11.378538
v -0.590906118 -0.689261227 11.3554586
v -0.529033818 -0.689261227 10.6834567
v -0.552358693 -0.666181877 10.6834567
v -0.614230993 -0.666181877 11.3554586
v 2.55132282 -0.612411902 10.6318965
v 2.55132282 -0.666181877 10.6318965
v 2.57710294 -0.666181877 10.6544848
v 2.57710294 -0.612411902 10.6544848
v -0.527069618 -0.666181877 10.6603774
v -0.527069618 -0.612411902 10.6603774
v -0.552358693 -0.612411902 10.6834567
v -0.552358693 -0.666181877 10.6834567
v 2.66328222 -0.612411902 11.3557042
v 2.66328222 -0.666181877 11.3557042
v 2.64314917 -0.666181877 11.378538
v 2.64314917 -0.612411902 11.378538
v -0.593361368 -0.612411902 11.378538
v -0.593361368 -0.666181877 11.378538
v -0.614230993 -0.666181877 11.3554586
v -0.614230993 -0.612411902 11.3554586
v 2.93777917 -2.48208477 9.15260836
v -1.59142049 -2.49976257 9.15260836
v -1.75592224 -2.45679569 9.15260836
v 3.10792799 -2.42635059 9.15260836
v 3.21718662 -2.32887717 9.15260836
v -1.85953379 -2.38313819 9.15260836
v -1.93490996 -2.27879007 9.15260836
v 3.26555504 -2.22403799 9.15260836
v 3.29747329 -2.0649378 9.15260836
v -1.99260834 -2.11944435 9.15260836
v -0.504235793 -0.317045328 9.15260836
v -1.97198424 2.26906949 9.15260836
v 2.49239682 -0.299367528 9.15260836
v -0.496133468 1.88261314 9.15260836
v 3.28126864 2.25188274 9.15260836
v 2.48871394 1.87696606 9.15260836
v 3.24394884 2.40386271 9.15260836
v -1.92926289 2.39134093 9.15260836
v -1.86714506 2.48562253 9.15260836
v 3.18183102 2.52760731 9.15260836
v -1.75150279 2.55559716 9.15260836
v 3.10817352 2.58064071 9.15260836
v -1.60271464 2.59414458 9.15260836
v 3.00947247 2.62434416 9.15260836
v 3.26211769 -2.42045799 9.05783571
v 3.10792799 -2.42635059 9.15260836
v 3.21718662 -2.32887717 9.15260836
v 3.12560579 -2.52112324 9.05783571
v 3.20491037 -2.36300514 8.83465348
v 2.93777917 -2.48208477 9.15260836
v 3.06594322 -2.46858089 8.84619316
v 3.13248049 -2.29057527 8.75412128
v 3.01634717 -2.38264714 8.75559443
v 2.85037227 -2.42340429 8.75731311
v 2.92992237 -2.56163487 9.05783571
v 2.86682244 -2.51228434 8.85797836
v -1.50843304 -2.42536849 8.79414186
v -1.58209054 -2.56973719 9.06053648
v -1.59142049 -2.49976257 9.15260836
v -1.52881161 -2.51965009 8.86288886
v -1.67170716 -2.40204362 8.79242318
v -1.72130321 -2.48994157 8.86092466
v -1.77949264 -2.33968027 8.79021346
v -1.78022921 -2.53217187 9.04973338
v -1.75592224 -2.45679569 9.15260836
v -1.85953379 -2.38313819 9.15260836
v -1.85241356 -2.41211014 8.85896046
v -1.91256719 -2.44304629 9.04138553
v -2.00537564 -2.30211494 9.04801471
v -1.93490996 -2.27879007 9.15260836
v -1.99260834 -2.11944435 9.15260836
v -1.96388191 -2.26160332 8.85871493
v -1.87549291 -2.21249832 8.79021346
v -1.92214266 -2.02246197 8.79021346
v -2.04662384 -2.09980235 9.05783571
v -1.97198424 2.26906949 9.15260836
v -2.01666979 -2.0423495 8.85896046
v -1.98794336 2.20744271 8.84152818
v -1.89317071 2.19123806 8.76001388
v -1.85241356 2.32234841 8.76811621
v -2.04637831 2.25311036 9.05709913
v -1.95577959 2.39428723 8.85306786
v -1.76819849 2.42104946 8.77597301
v -1.86493534 2.53742831 8.86141571
v -2.01396901 2.44732063 9.05611703
v -1.92926289 2.39134093 9.15260836
v -1.92042399 2.59610878 9.06151858
v -1.86714506 2.48562253 9.15260836
v 1.0101624 -0.581721277 9.86855925
v 1.02071998 -0.588595977 10.661605
v 1.40373897 -0.588595977 10.5872109
v 1.39833742 -0.585158627 9.86487638
v 1.77988327 -0.588595977 10.6267404
v 1.80222605 -0.588595977 9.81184298
v -0.567335718 0.514547843 10.8644086
v -0.753934717 0.494660318 10.6638147
v -0.566844668 0.492941643 10.6643058
v -0.754916817 0.517003093 10.8644086
v -0.568317818 0.523141218 11.0490434
v -0.755407867 0.525350943 11.049289
v -0.755407867 0.505708943 11.0944656
v -0.568808868 0.504235793 11.0939745
v -0.755407867 0.470844393 11.1060052
v -0.568317818 0.470107818 11.1047776
v -0.755162342 0.316163644 11.1045321
v -0.567581243 0.316163644 11.1030589
v -0.566353618 0.0276717702 11.0925014
v -0.753934717 0.0274262452 11.0939745
v -0.753198142 -0.149597279 11.0821893
v -0.566108093 -0.148860704 11.0809617
v -0.753198142 -0.182988679 11.0603376
v -0.566353618 -0.181515529 11.0598465
v -0.753689192 -0.195019404 11.0244909
v -0.566353618 -0.193055204 11.0244909
v -0.568317818 -0.181270004 10.8553242
v -0.755898917 -0.183970779 10.8553242
v -0.570773068 -0.156717504 10.6704439
v -0.757617592 -0.158681704 10.6699528
v -0.757863117 -0.115223779 10.6318965
v -0.570773068 -0.114732729 10.6331241
v -0.754180242 0.445800843 10.6237941
v -0.567090193 0.445309793 10.6250218
v -0.753934717 0.494660318 10.6638147
v -0.566844668 0.492941643 10.6643058
v 0.409608253 -2.44722022 3.8986189
v 0.409608253 -2.44722022 4.46774585
v 2.01165887 -2.44722022 4.46774585
v 2.01165887 -2.44722022 3.8986189
v 0.409608253 -2.28885659 3.8986189
v 0.409608253 -2.44722022 3.8986189
v 2.01165887 -2.44722022 3.8986189
v 2.01165887 -2.28885659 3.8986189
v 2.01165887 -2.28885659 3.8986189
v 2.01165887 -2.44722022 3.8986189
v 2.01165887 -2.44722022 4.46774585
v 2.01165887 -2.28885659 4.46774585
v 2.01165887 -2.28885659 4.46774585
v 2.01165887 -2.44722022 4.46774585
v 0.409608253 -2.44722022 4.46774585
v 0.409608253 -2.28885659 4.46774585
v 0.409608253 -2.28885659 4.46774585
v 0.409608253 -2.44722022 4.46774585
v 0.409608253 -2.44722022 3.8986189
v 0.409608253 -2.28885659 3.8986189
v 1.32615307 -2.04652342 6.53555739
v 1.4177339 -2.23778739 7.70867584
v 1.4177339 -2.04652342 7.70867584
v 1.31927837 -2.23778739 6.53555739
v 1.15232137 -2.23778739 6.53555739
v 1.25053137 -2.23778739 7.70867584
v 1.25053137 -2.04652342 7.70867584
v 1.15895055 -2.04652342 6.53555739
v 0.219571904 -2.06027282 6.53850369
v 0.161136954 -2.24662629 7.79190881
v 0.161136954 -2.06027282 7.79190881
v 0.219571904 -2.24662629 6.53850369
v 0.0828144793 -2.24662629 6.53850369
v 0.0383744545 -2.24662629 7.79190881
v 0.0307631796 -2.174933 6.53825817
v -0.0146589452 -2.18524505 7.79190881
v -0.00483794528 -2.06027282 7.79190881
v 0.0396020795 -2.06027282 6.53850369
v -3.31476046 -2.54984967 0.519949393
v -3.45667391 -2.54984967 0.519949393
v -3.40977863 -2.49755284 1.07164407
v -3.26614651 -2.49755284 1.07164407
v -3.31476046 -2.40106152 0.519949393
v -3.31476046 -2.54984967 0.519949393
v -3.26614651 -2.49755284 1.07164407
v -3.26614651 -2.34655497 1.07164407
v -3.31476046 -2.40106152 0.519949393
v -3.26614651 -2.34655497 1.07164407
v -3.40977863 -2.34655497 1.07164407
v -3.45667391 -2.40106152 0.519949393
v -3.45667391 -2.40106152 0.519949393
v -3.40977863 -2.34655497 1.07164407
v -3.40977863 -2.49755284 1.07164407
v -3.45667391 -2.54984967 0.519949393
v -2.18141706 -2.55107729 0.522404643
v -2.22634814 -2.49853494 1.07508142
v -2.08247049 -2.49853494 1.07508142
v -2.03582074 -2.55107729 0.522404643
v -2.03582074 -2.39836074 0.522404643
v -2.03582074 -2.55107729 0.522404643
v -2.08247049 -2.49853494 1.07508142
v -2.08247049 -2.34753707 1.07508142
v -2.18141706 -2.39836074 0.522404643
v -2.03582074 -2.39836074 0.522404643
v -2.08247049 -2.34753707 1.07508142
v -2.22634814 -2.34753707 1.07508142
v -2.18141706 -2.39836074 0.522404643
v -2.22634814 -2.34753707 1.07508142
v -2.22634814 -2.49853494 1.07508142
v -2.18141706 -2.55107729 0.522404643
v -2.17552446 -0.757762701 0.518230718
v -2.22512051 -0.809322951 1.07483589
v -2.07927866 -0.809322951 1.07483589
v -2.03115576 -0.757762701 0.518230718
v -2.03115576 -0.757762701 0.518230718
v -2.07927866 -0.809322951 1.07483589
v -2.07927866 -0.656360877 1.07483589
v -2.03115576 -0.606273777 0.518230718
v -2.17552446 -0.606273777 0.518230718
v -2.03115576 -0.606273777 0.518230718
v -2.07927866 -0.656360877 1.07483589
v -2.22512051 -0.656360877 1.07483589
v -2.17552446 -0.757762701 0.518230718
v -2.17552446 -0.606273777 0.518230718
v -2.22512051 -0.656360877 1.07483589
v -2.22512051 -0.809322951 1.07483589
v -3.31328731 -0.756044026 0.518230718
v -3.45495523 -0.756044026 0.518230718
v -3.40658681 -0.807849801 1.07557247
v -3.26320021 -0.807849801 1.07557247
v -3.31328731 -0.756044026 0.518230718
v -3.26320021 -0.807849801 1.07557247
v -3.26320021 -0.657588502 1.07557247
v -3.31328731 -0.607255877 0.518230718
v -3.31328731 -0.607255877 0.518230718
v -3.26320021 -0.657588502 1.07557247
v -3.40658681 -0.657588502 1.07557247
v -3.45495523 -0.607255877 0.518230718
v -3.45495523 -0.756044026 0.518230718
v -3.45495523 -0.607255877 0.518230718
v -3.40658681 -0.657588502 1.07557247
v -3.40658681 -0.807849801 1.07557247
v -3.69409658 -2.12558247 3.06088761
v -3.53401428 -2.12558247 3.06088761
v -3.53401428 1.23639134 3.06088761
v -3.69409658 1.23639134 3.06088761
v -3.69409658 -2.12558247 3.22710803
v -3.69409658 1.23639134 3.22710803
v -3.53401428 1.23639134 3.22710803
v -3.53401428 -2.12558247 3.22710803
v -3.69409658 -2.12558247 3.06088761
v -3.69409658 -2.12558247 3.22710803
v -3.53401428 -2.12558247 3.22710803
v -3.53401428 -2.12558247 3.06088761
v -3.53401428 -2.12558247 3.06088761
v -3.53401428 -2.12558247 3.22710803
v -3.53401428 1.23639134 3.22710803
v -3.53401428 1.23639134 3.06088761
v -3.53401428 1.23639134 3.06088761
v -3.53401428 1.23639134 3.22710803
v -3.69409658 1.23639134 3.22710803
v -3.69409658 1.23639134 3.06088761
v -3.69409658 1.23639134 3.06088761
v -3.69409658 1.23639134 3.22710803
v -3.69409658 -2.12558247 3.22710803
v -3.69409658 -2.12558247 3.06088761
v -2.89761348 -1.9254796 3.29855581
v -1.84308361 -1.9254796 2.68768961
v -1.84308361 -1.79535135 2.68768961
v -2.89761348 -1.79535135 3.29855581
v -2.81953653 -1.9254796 3.37982458
v -2.81953653 -1.79535135 3.37982458
v -1.76034169 -1.79535135 2.76404788
v -1.76034169 -1.9254796 2.76404788
v -2.89761348 -1.9254796 3.29855581
v -2.81953653 -1.9254796 3.37982458
v -1.76034169 -1.9254796 2.76404788
v -1.84308361 -1.9254796 2.68768961
v -1.84308361 -1.9254796 2.68768961
v -1.76034169 -1.9254796 2.76404788
v -1.76034169 -1.79535135 2.76404788
v -1.84308361 -1.79535135 2.68768961
v -1.84308361 -1.79535135 2.68768961
v -1.76034169 -1.79535135 2.76404788
v -2.81953653 -1.79535135 3.37982458
v -2.89761348 -1.79535135 3.29855581
v -2.89761348 -1.79535135 3.29855581
v -2.81953653 -1.79535135 3.37982458
v -2.81953653 -1.9254796 3.37982458
v -2.89761348 -1.9254796 3.29855581
v -0.934395591 -3.33160127 1.34024841
v -0.934395591 -3.32423552 1.31103094
v -0.891183191 -3.33798492 1.30759359
v -0.891183191 -3.34559619 1.33681106
v -0.876942741 -3.37972416 1.29703601
v -0.876942741 -3.38708991 1.32625349
v -0.891183191 -3.42146341 1.28647844
v -0.891183191 -3.42882916 1.31569591
v -0.934395591 -3.43545834 1.28304109
v -0.934395591 -3.44282409 1.31225856
v -0.977362466 -3.42146341 1.28647844
v -0.977362466 -3.42882916 1.31569591
v -0.991602916 -3.37972416 1.29703601
v -0.991602916 -3.38708991 1.32625349
v -0.977362466 -3.33798492 1.30759359
v -0.977362466 -3.34559619 1.33681106
v -0.934395591 -3.32423552 1.31103094
v -0.934395591 -3.33160127 1.34024841
v 2.79144627 -2.76321089 1.48829999
v 2.79144627 -2.75658172 1.46227434
v 2.82999369 -2.76910349 1.45908251
v 2.82999369 -2.77573267 1.48535369
v 2.84276099 -2.80642329 1.44975256
v 2.84276099 -2.81305247 1.47577821
v 2.82999369 -2.84374309 1.44017709
v 2.82999369 -2.85037227 1.46644826
v 2.79144627 -2.85601934 1.43698526
v 2.79144627 -2.86264852 1.46325644
v 2.75289884 -2.84374309 1.44017709
v 2.75289884 -2.85037227 1.46644826
v 2.74013154 -2.80642329 1.44975256
v 2.74013154 -2.81305247 1.47577821
v 2.75289884 -2.76910349 1.45908251
v 2.75289884 -2.77573267 1.48535369
v 2.79144627 -2.75658172 1.46227434
v 2.79144627 -2.76321089 1.48829999
v 3.14573884 -2.75928249 1.42839189
v 3.13198944 -2.73546657 1.51408011
v 3.13198944 -2.73546657 1.42839189
v 3.14573884 -2.75928249 1.51408011
v 3.13198944 -2.78309842 1.42839189
v 3.13198944 -2.78309842 1.51408011
v 3.10449064 -2.78309842 1.42839189
v 3.10449064 -2.78309842 1.51408011
v 3.09074124 -2.75928249 1.42839189
v 3.09074124 -2.75928249 1.51408011
v 3.10449064 -2.73546657 1.42839189
v 3.10449064 -2.73546657 1.51408011
v 3.13198944 -2.73546657 1.42839189
v 3.13198944 -2.73546657 1.51408011
v -4.23376053 -2.25448309 1.02155697
v -4.17999055 -1.74305452 1.17304589
v -4.3042262 -2.25300994 1.17353694
v -4.11001593 -1.74133585 1.02155697
v -4.10952488 -1.74158137 0.548430293
v -4.23376053 -2.25448309 0.548430293
v -3.80114548 -2.35932227 1.02155697
v -4.23376053 -2.29155737 1.11166464
v -3.80188205 -2.39565997 1.11166464
v -4.23376053 -2.25448309 1.02155697
v -3.8033552 -2.35956779 0.548430293
v -4.23376053 -2.25448309 0.548430293
v -4.23376053 -2.25448309 1.02155697
v -4.22492163 -2.28370057 1.11436542
v -4.23376053 -2.29155737 1.11166464
v -4.22492163 -2.24760839 1.02622194
v -3.80654703 -2.38461134 1.11436542
v -3.80188205 -2.39565997 1.11166464
v -4.23376053 -2.29155737 1.11166464
v -3.80581045 -2.34925574 1.02622194
v -4.22541268 -2.24809944 0.566108093
v -3.80777465 -2.34999232 0.566108093
v -3.80188205 -2.39565997 1.11166464
v -3.80114548 -2.35932227 1.02155697
v -4.22492163 -2.24760839 1.02622194
v -4.23376053 -2.25448309 1.02155697
v -4.3042262 -2.25300994 1.17353694
v -4.29366863 -2.24613524 1.17476457
v -4.10559648 -1.7516479 1.02622194
v -4.22541268 -2.24809944 0.566108093
v -4.10510543 -1.75115685 0.566108093
v -4.17385243 -1.75336657 1.17427352
v -4.11001593 -1.74133585 1.02155697
v -4.17999055 -1.74305452 1.17304589
v -4.3042262 -2.25300994 1.17353694
v -4.17999055 -1.74305452 1.17304589
v -3.68697635 -1.8537863 1.02622194
v -3.80777465 -2.34999232 0.566108093
v -3.6874674 -1.85304972 0.566108093
v -3.80581045 -2.34925574 1.02622194
v -3.61945698 -1.85354077 1.17574667
v -3.60914493 -1.84666607 1.17451904
v -3.67813745 -1.8469116 1.02155697
v -3.7395187 -2.34925574 1.17574667
v -3.80114548 -2.35932227 1.02155697
v -3.73338058 -2.35956779 1.17451904
v -3.60914493 -1.84666607 1.17451904
v -3.73338058 -2.35956779 1.17451904
v -3.67813745 -1.8469116 1.02155697
v -3.73338058 -2.35956779 1.17451904
v -3.60914493 -1.84666607 1.17451904
v -3.80114548 -2.35932227 1.02155697
v -3.8033552 -2.35956779 0.548430293
v -3.67911955 -1.84666607 0.548430293
v -4.11001593 -1.74133585 1.02155697
v -3.67813745 -1.80124395 1.08858529
v -4.1097704 -1.69591372 1.08833977
v -3.67813745 -1.8469116 1.02155697
v -3.67911955 -1.84666607 0.548430293
v -4.10952488 -1.74158137 0.548430293
v -3.67813745 -1.8469116 1.02155697
v -3.68697635 -1.80910075 1.09177712
v -3.67813745 -1.80124395 1.08858529
v -3.68697635 -1.8537863 1.02622194
v -4.10510543 -1.70720787 1.09153159
v -4.1097704 -1.69591372 1.08833977
v -3.67813745 -1.80124395 1.08858529
v -4.10559648 -1.7516479 1.02622194
v -3.6874674 -1.85304972 0.566108093
v -4.10510543 -1.75115685 0.566108093
v -4.1097704 -1.69591372 1.08833977
v -4.11001593 -1.74133585 1.02155697
v -3.6874674 -1.85304972 0.566108093
v -3.80777465 -2.34999232 0.566108093
v -4.22541268 -2.24809944 0.566108093
v -4.10510543 -1.75115685 0.566108093
v -3.67911955 -1.84666607 0.548430293
v -4.10952488 -1.74158137 0.548430293
v -4.23376053 -2.25448309 0.548430293
v -3.8033552 -2.35956779 0.548430293
v -0.622578843 -0.429741303 10.3301463
v -0.690834792 -0.444963853 10.3350567
v -0.655970242 0.619632543 10.3068214
v -0.587959818 0.618650443 10.3019109
v -0.835203492 0.614967568 9.16218383
v -0.767438592 0.613739943 9.15727333
v -0.726435917 0.614967568 9.39788783
v -0.794200817 0.615949668 9.40279833
v -0.655970242 0.619632543 10.3068214
v -0.587959818 0.618650443 10.3019109
v -0.767438592 0.613739943 9.15727333
v -0.804512867 -0.434651803 9.16881301
v -0.762282567 -0.415255328 9.41360143
v -0.726435917 0.614967568 9.39788783
v -0.587959818 0.618650443 10.3019109
v -0.622578843 -0.429741303 10.3301463
v -0.830538517 -0.430477878 9.41851193
v -0.804512867 -0.434651803 9.16881301
v -0.873014341 -0.449874353 9.17396903
v -0.762282567 -0.415255328 9.41360143
v -0.690834792 -0.444963853 10.3350567
v -0.622578843 -0.429741303 10.3301463
v -0.873014341 -0.449874353 9.17396903
v -0.835203492 0.614967568 9.16218383
v -0.794200817 0.615949668 9.40279833
v -0.830538517 -0.430477878 9.41851193
v -0.690834792 -0.444963853 10.3350567
v -0.655970242 0.619632543 10.3068214
v -0.835203492 0.614967568 9.16218383
v -0.873014341 -0.449874353 9.17396903
v -0.804512867 -0.434651803 9.16881301
v -0.767438592 0.613739943 9.15727333
v 1.98784295 -2.81231589 0.543028743
v 2.31193594 -2.79733887 0.543028743
v 2.29450367 -2.42463192 0.543028743
v 1.97041067 -2.43960894 0.543028743
v 1.98784295 -2.81231589 0.881607716
v 1.97041067 -2.43960894 0.881607716
v 2.29450367 -2.42463192 0.881607716
v 2.31193594 -2.79733887 0.881607716
v 1.98784295 -2.81231589 0.543028743
v 1.98784295 -2.81231589 0.881607716
v 2.31193594 -2.79733887 0.881607716
v 2.31193594 -2.79733887 0.543028743
v 2.31193594 -2.79733887 0.543028743
v 2.31193594 -2.79733887 0.881607716
v 2.29450367 -2.42463192 0.881607716
v 2.29450367 -2.42463192 0.543028743
v 2.29450367 -2.42463192 0.543028743
v 2.29450367 -2.42463192 0.881607716
v 1.97041067 -2.43960894 0.881607716
v 1.97041067 -2.43960894 0.543028743
v 1.97041067 -2.43960894 0.543028743
v 1.97041067 -2.43960894 0.881607716
v 1.98784295 -2.81231589 0.881607716
v 1.98784295 -2.81231589 0.543028743
v 3.13714547 -2.0325285 8.66548676
v 2.99523202 -1.64631767 8.67997273
v 3.13714547 -1.64509005 8.68095483
v 3.01094562 -1.99275345 8.66720543
v 3.07993814 -2.1935929 8.65762996
v 2.93630602 -2.27510719 8.65566576
v 2.42757822 -1.99766395 8.66769648
v 2.43469844 -2.27166984 8.66082178
v 2.94121652 -2.25399204 8.05486608
v 2.43469844 -2.24638077 8.05290188
v 2.43469844 -2.27166984 8.66082178
v 2.93630602 -2.27510719 8.65566576
v 3.06594322 -2.1710046 8.05486608
v 3.07993814 -2.1935929 8.65762996
v 3.13321707 -2.02491722 8.06124973
v 3.13714547 -2.0325285 8.66548676
v 3.13149839 -1.6141539 8.08555671
v 3.13714547 -1.64509005 8.68095483
v 2.43469844 -2.24638077 8.05290188
v 2.42757822 -2.0069939 8.05953106
v 2.42757822 -1.99766395 8.66769648
v 2.43469844 -2.27166984 8.66082178
v 3.13198944 -1.98980715 7.48942201
v 2.95693012 -1.64189822 7.51618424
v 3.12511474 -1.61243522 7.50832744
v 2.95398382 -2.0119044 7.49531461
v 3.06667979 -2.16192017 7.48794886
v 2.88302709 -2.26233989 7.49899749
v 2.64879624 -2.00773047 7.52256789
v 2.65051492 -2.25865702 7.51569319
v 2.88130842 -2.23385899 6.72313849
v 2.65076044 -2.24122474 6.73885209
v 2.65051492 -2.25865702 7.51569319
v 2.88302709 -2.26233989 7.49899749
v 3.04261834 -2.1415416 6.71896457
v 3.06667979 -2.16192017 7.48794886
v 3.10105329 -1.9794951 6.71970114
v 3.13198944 -1.98980715 7.48942201
v 3.09516069 -1.58542747 6.74081629
v 3.12511474 -1.61243522 7.50832744
v 2.65051492 -2.25865702 7.51569319
v 2.65076044 -2.24122474 6.73885209
v 2.64904177 -1.998155 6.73688789
v 2.64879624 -2.00773047 7.52256789
v 2.93777917 -2.01435965 5.91781649
v 2.87860764 -1.59917687 5.94187794
v 2.92771264 -1.59672162 5.93966822
v 2.87885317 -1.9834235 5.92223594
v 2.86240299 -2.14767972 5.92076279
v 2.71214169 -2.23140374 5.90897759
v 2.18352637 -2.0040476 5.93328457
v 2.16535752 -2.22821192 5.90922312
v 2.70060202 -2.20660572 5.46433182
v 2.1680583 -2.2102886 5.47562597
v 2.16535752 -2.22821192 5.90922312
v 2.71214169 -2.23140374 5.90897759
v 2.85872012 -2.12951087 5.47071547
v 2.86240299 -2.14767972 5.92076279
v 2.92943132 -2.02516275 5.4758715
v 2.93777917 -2.01435965 5.91781649
v 2.92182004 -1.5591563 5.5033703
v 2.92771264 -1.59672162 5.93966822
v 2.16535752 -2.22821192 5.90922312
v 2.1680583 -2.2102886 5.47562597
v 2.18499952 -2.00380207 5.4837283
v 2.18352637 -2.0040476 5.93328457
v -1.60197806 -1.78970427 6.42408904
v -1.73210631 -2.08286112 6.41451357
v -1.72817791 -1.78872217 6.42384352
v -1.58773761 -2.00552075 6.41721434
v -1.66065854 -2.25669282 6.40984859
v -1.49689336 -2.31954722 6.40616572
v -1.19858049 -2.00674837 6.41745987
v -1.20987464 -2.31635539 6.40641124
v -1.72670476 -1.7752183 5.95464524
v -1.72817791 -1.78872217 6.42384352
v -1.73210631 -2.08286112 6.41451357
v -1.73136974 -2.05094287 5.94040479
v -1.66065854 -2.25669282 6.40984859
v -1.66041301 -2.22698429 5.93279352
v -1.49689336 -2.31954722 6.40616572
v -1.49689336 -2.29769549 5.93009274
v -1.20987464 -2.31635539 6.40641124
v -1.20692834 -2.30751649 5.93353009
v -1.19735287 -2.00846705 5.95096237
v -1.20692834 -2.30751649 5.93353009
v -1.20987464 -2.31635539 6.40641124
v -1.19858049 -2.00674837 6.41745987
v -1.54648941 -2.30702544 6.92496004
v -1.05052892 -2.31021727 7.81989866
v -1.04979234 -2.30015074 6.94091916
v -1.54624389 -2.31414567 7.80099324
v -1.73235184 -2.20955202 6.92225926
v -1.75125726 -2.22084617 7.78871699
v -1.80821906 -2.0286001 6.92741529
v -1.82417819 -2.0315464 7.80099324
v -1.78759496 -1.58444537 6.94460204
v -1.80797354 -1.60482395 7.82579126
v -1.04881024 -1.98956162 6.93821839
v -1.04979234 -2.30015074 6.94091916
v -1.05052892 -2.31021727 7.81989866
v -1.04930129 -1.9942266 7.83315701
v -1.65132859 -2.26160332 8.29916346
v -1.07508142 -2.26725039 8.73742558
v -1.07508142 -2.25865702 8.30579263
v -1.65132859 -2.27535272 8.71311861
v -1.77580976 -2.19040107 8.29695373
v -1.79496071 -2.2053781 8.71311861
v -1.84308361 -2.06469227 8.29965451
v -1.85216804 -2.066902 8.71680148
v -1.85216804 -1.7339701 8.29916346
v -1.85216804 -1.7339701 8.72269408
v -1.07508142 -2.25865702 8.30579263
v -1.07508142 -2.26725039 8.73742558
v -1.06697909 -2.00429312 8.73742558
v -1.06697909 -1.99987367 8.30579263
v -1.54624389 -2.31414567 7.80099324
v -1.04930129 -1.9942266 7.83315701
v -1.05052892 -2.31021727 7.81989866
v -1.66900639 -1.97212935 7.80983214
v -1.75125726 -2.22084617 7.78871699
v -1.82417819 -2.0315464 7.80099324
v -1.64150759 -1.63305932 7.82971966
v -1.80797354 -1.60482395 7.82579126
v -1.69257679 -1.7339701 8.30039108
v -1.70485304 -1.7339701 8.72539486
v -1.85216804 -1.7339701 8.72269408
v -1.85216804 -1.7339701 8.29916346
v -1.70485304 -1.7339701 8.72539486
v -1.85216804 -2.066902 8.71680148
v -1.85216804 -1.7339701 8.72269408
v -1.70706276 -2.0060118 8.72048436
v -1.79496071 -2.2053781 8.71311861
v -1.65132859 -2.27535272 8.71311861
v -1.06697909 -2.00429312 8.73742558
v -1.07508142 -2.26725039 8.73742558
v -1.78759496 -1.58444537 6.94460204
v -1.62579399 -1.6171002 6.94288336
v -1.64150759 -1.63305932 7.82971966
v -1.80797354 -1.60482395 7.82579126
v -1.72670476 -1.7752183 5.95464524
v -1.60075044 -1.77202647 5.95660944
v -1.60197806 -1.78970427 6.42408904
v -1.72817791 -1.78872217 6.42384352
v 2.99523202 -1.64631767 8.67997273
v 2.99056704 -1.61857335 8.08211936
v 3.13149839 -1.6141539 8.08555671
v 3.13714547 -1.64509005 8.68095483
v 3.12511474 -1.61243522 7.50832744
v 2.95693012 -1.64189822 7.51618424
v 2.93753364 -1.62446595 6.73860657
v 3.09516069 -1.58542747 6.74081629
v 2.92771264 -1.59672162 5.93966822
v 2.87860764 -1.59917687 5.94187794
v 2.87320609 -1.56333022 5.50312477
v 2.92182004 -1.5591563 5.5033703
v 2.87320609 -1.56333022 5.50312477
v 2.92943132 -2.02516275 5.4758715
v 2.92182004 -1.5591563 5.5033703
v 2.87173294 -1.99177135 5.47734465
v 2.85872012 -2.12951087 5.47071547
v 2.70060202 -2.20660572 5.46433182
v 2.18499952 -2.00380207 5.4837283
v 2.1680583 -2.2102886 5.47562597
v 2.93753364 -1.62446595 6.73860657
v 3.10105329 -1.9794951 6.71970114
v 3.09516069 -1.58542747 6.74081629
v 2.92943132 -2.01435965 6.72338402
v 3.04261834 -2.1415416 6.71896457
v 2.88130842 -2.23385899 6.72313849
v 2.64904177 -1.998155 6.73688789
v 2.65076044 -2.24122474 6.73885209
v 2.99056704 -1.61857335 8.08211936
v 3.13321707 -2.02491722 8.06124973
v 3.13149839 -1.6141539 8.08555671
v 2.99056704 -2.00453865 8.06247736
v 3.06594322 -2.1710046 8.05486608
v 2.94121652 -2.25399204 8.05486608
v 2.42757822 -2.0069939 8.05953106
v 2.43469844 -2.24638077 8.05290188
v -1.19735287 -2.00846705 5.95096237
v -1.49689336 -2.29769549 5.93009274
v -1.20692834 -2.30751649 5.93353009
v -1.59363021 -2.0011013 5.94629739
v -1.66041301 -2.22698429 5.93279352
v -1.73136974 -2.05094287 5.94040479
v -1.60075044 -1.77202647 5.95660944
v -1.72670476 -1.7752183 5.95464524
v -1.04881024 -1.98956162 6.93821839
v -1.54648941 -2.30702544 6.92496004
v -1.04979234 -2.30015074 6.94091916
v -1.62530294 -2.00674837 6.92962501
v -1.73235184 -2.20955202 6.92225926
v -1.80821906 -2.0286001 6.92741529
v -1.62579399 -1.6171002 6.94288336
v -1.78759496 -1.58444537 6.94460204
v -1.06697909 -1.99987367 8.30579263
v -1.65132859 -2.26160332 8.29916346
v -1.07508142 -2.25865702 8.30579263
v -1.67391689 -1.99349002 8.30112766
v -1.77580976 -2.19040107 8.29695373
v -1.84308361 -2.06469227 8.29965451
v -1.69257679 -1.7339701 8.30039108
v -1.85216804 -1.7339701 8.29916346
v 3.54569906 -0.673302102 10.695733
v 3.57123366 -1.3214881 10.7053084
v 3.57123366 -1.35046005 10.9402759
v 3.54569906 -0.666181877 10.9334012
v 3.47056841 -0.677721552 10.695733
v 3.47056841 -0.670601327 10.9334012
v 3.49610301 -1.3548795 10.9402759
v 3.49610301 -1.32590755 10.7053084
v 3.54569906 -0.673302102 10.695733
v 3.47056841 -0.677721552 10.695733
v 3.49610301 -1.32590755 10.7053084
v 3.57123366 -1.3214881 10.7053084
v 3.57123366 -1.3214881 10.7053084
v 3.49610301 -1.32590755 10.7053084
v 3.49610301 -1.3548795 10.9402759
v 3.57123366 -1.35046005 10.9402759
v 3.57123366 -1.35046005 10.9402759
v 3.49610301 -1.3548795 10.9402759
v 3.47056841 -0.670601327 10.9334012
v 3.54569906 -0.666181877 10.9334012
v 3.54569906 -0.666181877 10.9334012
v 3.47056841 -0.670601327 10.9334012
v 3.47056841 -0.677721552 10.695733
v 3.54569906 -0.673302102 10.695733
v 3.54569906 -0.673302102 9.76519323
v 3.57123366 -1.3214881 9.7747687
v 3.57123366 -1.35046005 10.0097361
v 3.54569906 -0.666181877 10.0026159
v 3.47056841 -0.677721552 9.76519323
v 3.47056841 -0.670601327 10.0026159
v 3.49610301 -1.3548795 10.0097361
v 3.49610301 -1.32590755 9.7747687
v 3.54569906 -0.673302102 9.76519323
v 3.47056841 -0.677721552 9.76519323
v 3.49610301 -1.32590755 9.7747687
v 3.57123366 -1.3214881 9.7747687
v 3.57123366 -1.3214881 9.7747687
v 3.49610301 -1.32590755 9.7747687
v 3.49610301 -1.3548795 10.0097361
v 3.57123366 -1.35046005 10.0097361
v 3.57123366 -1.35046005 10.0097361
v 3.49610301 -1.3548795 10.0097361
v 3.47056841 -0.670601327 10.0026159
v 3.54569906 -0.666181877 10.0026159
v 3.54569906 -0.666181877 10.0026159
v 3.47056841 -0.670601327 10.0026159
v 3.47056841 -0.677721552 9.76519323
v 3.54569906 -0.673302102 9.76519323
v 3.60118771 -1.41601522 9.7688761
v 3.80890186 -2.0315464 9.7786971
v 3.81651314 -2.05929072 10.013419
v 3.59946904 -1.40914052 10.0065443
v 3.52998546 -1.44007667 9.7688761
v 3.52802126 -1.43320197 10.0065443
v 3.74531089 -2.08310665 10.013419
v 3.73769961 -2.05536232 9.7786971
v 3.60118771 -1.41601522 9.7688761
v 3.52998546 -1.44007667 9.7688761
v 3.73769961 -2.05536232 9.7786971
v 3.80890186 -2.0315464 9.7786971
v 3.80890186 -2.0315464 9.7786971
v 3.73769961 -2.05536232 9.7786971
v 3.74531089 -2.08310665 10.013419
v 3.81651314 -2.05929072 10.013419
v 3.81651314 -2.05929072 10.013419
v 3.74531089 -2.08310665 10.013419
v 3.52802126 -1.43320197 10.0065443
v 3.59946904 -1.40914052 10.0065443
v 3.59946904 -1.40914052 10.0065443
v 3.52802126 -1.43320197 10.0065443
v 3.52998546 -1.44007667 9.7688761
v 3.60118771 -1.41601522 9.7688761
v 3.60118771 -1.41601522 10.6994158
v 3.80890186 -2.0315464 10.7092368
v 3.81651314 -2.05929072 10.9442043
v 3.59946904 -1.40914052 10.937084
v 3.52998546 -1.44007667 10.6994158
v 3.52802126 -1.43320197 10.937084
v 3.74531089 -2.08310665 10.9442043
v 3.73769961 -2.05536232 10.7092368
v 3.60118771 -1.41601522 10.6994158
v 3.52998546 -1.44007667 10.6994158
v 3.73769961 -2.05536232 10.7092368
v 3.80890186 -2.0315464 10.7092368
v 3.80890186 -2.0315464 10.7092368
v 3.73769961 -2.05536232 10.7092368
v 3.74531089 -2.08310665 10.9442043
v 3.81651314 -2.05929072 10.9442043
v 3.81651314 -2.05929072 10.9442043
v 3.74531089 -2.08310665 10.9442043
v 3.52802126 -1.43320197 10.937084
v 3.59946904 -1.40914052 10.937084
v 3.59946904 -1.40914052 10.937084
v 3.52802126 -1.43320197 10.937084
v 3.52998546 -1.44007667 10.6994158
v 3.60118771 -1.41601522 10.6994158
v -0.629944593 0.546220568 10.9294728
v -0.629944593 0.518476243 10.9294728
v -0.618404918 0.518476243 10.9368385
v -0.618404918 0.546220568 10.9368385
v -0.618404918 0.546220568 11.0090229
v -0.618404918 0.521177018 11.0090229
v -0.629944593 0.521177018 11.0163886
v -0.629944593 0.546220568 11.0163886
v -0.742640567 0.546220568 11.0163886
v -0.742640567 0.521177018 11.0163886
v -0.754180242 0.521177018 11.0090229
v -0.754180242 0.546220568 11.0090229
v -0.754180242 0.546220568 10.9368385
v -0.754180242 0.518476243 10.9368385
v -0.742640567 0.518476243 10.9294728
v -0.742640567 0.546220568 10.9294728
v -0.629944593 0.546220568 10.9294728
v -0.629944593 0.518476243 10.9294728
v -0.667264392 0.068674445 11.0753146
v -0.627980393 0.0374927701 11.0753146
v -0.622578843 0.0394569701 11.137678
v -0.665300192 0.073093895 11.1489721
v -0.717351492 0.063763945 11.0753146
v -0.720297792 0.06793787 11.1472534
v -0.749515267 0.0257075702 11.0753146
v -0.755162342 0.0269351952 11.133504
v -0.745341342 -0.0238884796 11.0753146
v -0.749760792 -0.0253616296 11.1163173
v -0.705811817 -0.0560522545 11.0753146
v -0.707039442 -0.0585075044 11.1052687
v -0.654497092 -0.0508962295 11.0753146
v -0.652532892 -0.0533514795 11.1069873
v -0.622333318 -0.0118577546 11.0753146
v -0.617422818 -0.0128398546 11.1202457
v -0.627980393 0.0374927701 11.0753146
v -0.622578843 0.0394569701 11.137678
v -0.784134292 0.189227219 10.8511503
v -0.784134292 0.212061044 10.85336
v -0.792236617 0.208869219 10.8594981
v -0.792236617 0.191191419 10.8577795
v -0.784134292 0.17154942 10.8656363
v -0.784134292 0.189227219 10.8511503
v -0.792236617 0.191191419 10.8577795
v -0.792236617 0.177687545 10.8690736
v -0.784134292 0.169339695 10.8884701
v -0.784134292 0.17154942 10.8656363
v -0.792236617 0.177687545 10.8690736
v -0.792236617 0.17596887 10.8865059
v -0.784134292 0.183825669 10.9061479
v -0.784134292 0.169339695 10.8884701
v -0.792236617 0.17596887 10.8865059
v -0.792236617 0.187263019 10.9000098
v -0.784134292 0.206659494 10.9083576
v -0.784134292 0.183825669 10.9061479
v -0.792236617 0.187263019 10.9000098
v -0.792236617 0.204695294 10.9017284
v -0.784134292 0.224337294 10.8938716
v -0.784134292 0.206659494 10.9083576
v -0.792236617 0.204695294 10.9017284
v -0.792236617 0.218199169 10.8906798
v -0.784134292 0.226547019 10.8710378
v -0.784134292 0.224337294 10.8938716
v -0.792236617 0.218199169 10.8906798
v -0.792236617 0.219917844 10.873002
v -0.784134292 0.226547019 10.8710378
v -0.792236617 0.219917844 10.873002
v -0.792236617 0.208869219 10.8594981
v -0.784134292 0.212061044 10.85336
v -0.714650717 0.057380295 11.1575655
v -0.668737542 0.061799745 11.1590386
v -0.633136418 0.0340554201 11.1497087
v -0.743868192 0.0234978452 11.1462713
v -0.739448742 -0.0199600796 11.1320309
v -0.628716968 -0.00964802966 11.1354682
v -0.703847617 -0.0477044045 11.1229465
v -0.657934442 -0.0435304795 11.1244196
v -0.792236617 0.187263019 10.9000098
v -0.792236617 0.191191419 10.8577795
v -0.792236617 0.208869219 10.8594981
v -0.792236617 0.204695294 10.9017284
v -0.792236617 0.218199169 10.8906798
v -0.792236617 0.219917844 10.873002
v -0.792236617 0.177687545 10.8690736
v -0.792236617 0.191191419 10.8577795
v -0.792236617 0.187263019 10.9000098
v -0.792236617 0.17596887 10.8865059
v -0.618404918 0.546220568 11.0090229
v -0.629944593 0.546220568 10.9294728
v -0.618404918 0.546220568 10.9368385
v -0.629944593 0.546220568 11.0163886
v -0.742640567 0.546220568 11.0163886
v -0.742640567 0.546220568 10.9294728
v -0.754180242 0.546220568 10.9368385
v -0.754180242 0.546220568 11.0090229
v 3.12241397 -2.01165887 7.98292726
v 2.98590207 -1.59033797 8.00944396
v 3.12364159 -1.59230217 8.00281479
v 2.96994294 -1.99962815 7.99471246
v 3.04482807 -2.17247775 7.98734671
v 2.90095042 -2.25399204 7.98538251
v 2.38804869 -2.0089581 8.01754629
v 2.36840669 -2.25914807 8.00576109
v 2.88769207 -2.24588972 7.53779044
v 2.36349619 -2.23876949 7.54908459
v 2.36840669 -2.25914807 8.00576109
v 2.90095042 -2.25399204 7.98538251
v 3.02862342 -2.15283575 7.51986711
v 3.04482807 -2.17247775 7.98734671
v 3.10178987 -2.02098882 7.52354999
v 3.12241397 -2.01165887 7.98292726
v 3.09761594 -1.54859872 7.54319199
v 3.12364159 -1.59230217 8.00281479
v 2.36349619 -2.23876949 7.54908459
v 2.38485687 -1.99054372 7.55374956
v 2.38804869 -2.0089581 8.01754629
v 2.36840669 -2.25914807 8.00576109
v 2.98221919 -1.99643632 6.29396079
v 2.89849517 -1.6210286 6.31630357
v 2.98516549 -1.61587257 6.31704014
v 2.89849517 -1.99398107 6.29715262
v 2.93213209 -2.14080502 6.28684057
v 2.83343104 -2.21912749 6.28855924
v 2.46317934 -2.00576627 6.29224212
v 2.44722022 -2.24417104 6.27873824
v 2.82140032 -2.2083244 5.89719239
v 2.44451944 -2.20685125 5.89596477
v 2.44722022 -2.24417104 6.27873824
v 2.83343104 -2.21912749 6.28855924
v 2.93483287 -2.1238638 5.89571924
v 2.93213209 -2.14080502 6.28684057
v 2.98663864 -2.00429312 5.89940212
v 2.98221919 -1.99643632 6.29396079
v 2.98909389 -1.58199012 5.92370909
v 2.98516549 -1.61587257 6.31704014
v 2.44451944 -2.20685125 5.89596477
v 2.46146067 -1.97826747 5.90136632
v 2.46317934 -2.00576627 6.29224212
v 2.44722022 -2.24417104 6.27873824
v -1.45392649 -2.25963912 5.4748894
v -1.04267212 -2.29622234 5.90062974
v -1.04267212 -2.25963912 5.4670326
v -1.46178329 -2.29622234 5.90848654
v -1.58724656 -2.21740882 5.47832675
v -1.59731309 -2.24343447 5.91339704
v -1.68668419 -2.03817557 5.47759017
v -1.68668419 -2.0747588 5.91781649
v -1.68521104 -1.6377243 5.48053647
v -1.68521104 -1.6377243 5.93033827
v -1.04267212 -2.25963912 5.4670326
v -1.04267212 -2.29622234 5.90062974
v -1.04267212 -2.01214992 5.90774997
v -1.04267212 -1.9912803 5.4670326
v -1.51064276 -2.24024264 6.39781787
v -1.07802772 -2.26307647 6.93895496
v -1.07802772 -2.22870297 6.39781787
v -1.51064276 -2.27019669 6.94754834
v -1.65992196 -2.16879487 6.40346494
v -1.65820329 -2.20022207 6.94730281
v -1.74266389 -1.99275345 6.41156727
v -1.73898101 -2.02712695 6.96007011
v -1.73529814 -1.57658857 6.41574119
v -1.73161526 -1.6112076 6.96007011
v -1.07802772 -2.22870297 6.39781787
v -1.07802772 -2.26307647 6.93895496
v -1.09030397 -2.0109223 6.93895496
v -1.09030397 -1.97433907 6.39781787
v -1.60467884 -2.26307647 7.84911614
v -1.23933764 -2.26307647 8.28615063
v -1.21257541 -2.26307647 7.87735151
v -1.64150759 -2.27363404 8.25766973
v -1.74561019 -2.1965392 7.84297801
v -1.78759496 -2.20292285 8.24833978
v -1.81779454 -2.05462575 7.83389359
v -1.85462329 -2.05462575 8.24588453
v -1.80846459 -1.73176037 7.83512121
v -1.84382019 -1.74133585 8.25644211
v -1.21257541 -2.0069939 7.87735151
v -1.21257541 -2.26307647 7.87735151
v -1.23933764 -2.26307647 8.28615063
v -1.23933764 -2.0069939 8.28615063
v -1.68668419 -2.0747588 5.91781649
v -1.68521104 -1.6377243 5.93033827
v -1.59510336 -1.6377243 5.92861959
v -1.59854071 -2.0119044 5.91757097
v -1.59731309 -2.24343447 5.91339704
v -1.46178329 -2.29622234 5.90848654
v -1.04267212 -2.01214992 5.90774997
v -1.04267212 -2.29622234 5.90062974
v -1.73898101 -2.02712695 6.96007011
v -1.73161526 -1.6112076 6.96007011
v -1.66556904 -1.62348385 6.95761486
v -1.66728771 -1.99349002 6.95761486
v -1.65820329 -2.20022207 6.94730281
v -1.51064276 -2.27019669 6.94754834
v -1.09030397 -2.0109223 6.93895496
v -1.07802772 -2.26307647 6.93895496
v -1.85462329 -2.05462575 8.24588453
v -1.84382019 -1.74133585 8.25644211
v -1.69012154 -1.73937165 8.26405338
v -1.68324684 -2.0040476 8.26012498
v -1.78759496 -2.20292285 8.24833978
v -1.64150759 -2.27363404 8.25766973
v -1.23933764 -2.0069939 8.28615063
v -1.23933764 -2.26307647 8.28615063
v -1.80846459 -1.73176037 7.83512121
v -1.65697566 -1.73249695 7.84592431
v -1.69012154 -1.73937165 8.26405338
v -1.84382019 -1.74133585 8.25644211
v -1.73529814 -1.57658857 6.41574119
v -1.66876086 -1.58837377 6.41377699
v -1.66556904 -1.62348385 6.95761486
v -1.73161526 -1.6112076 6.96007011
v -1.68521104 -1.6377243 5.48053647
v -1.59510336 -1.6377243 5.47857227
v -1.59510336 -1.6377243 5.92861959
v -1.68521104 -1.6377243 5.93033827
v 2.98590207 -1.59033797 8.00944396
v 2.96478692 -1.5522816 7.54687486
v 3.09761594 -1.54859872 7.54319199
v 3.12364159 -1.59230217 8.00281479
v 2.98516549 -1.61587257 6.31704014
v 2.89849517 -1.6210286 6.31630357
v 2.90168699 -1.5905835 5.92125384
v 2.98909389 -1.58199012 5.92370909
v 2.90168699 -1.5905835 5.92125384
v 2.98663864 -2.00429312 5.89940212
v 2.98909389 -1.58199012 5.92370909
v 2.88450024 -2.00159235 5.89473714
v 2.93483287 -2.1238638 5.89571924
v 2.82140032 -2.2083244 5.89719239
v 2.46146067 -1.97826747 5.90136632
v 2.44451944 -2.20685125 5.89596477
v 2.96478692 -1.5522816 7.54687486
v 3.10178987 -2.02098882 7.52354999
v 3.09761594 -1.54859872 7.54319199
v 2.94465387 -2.00183787 7.51348346
v 3.02862342 -2.15283575 7.51986711
v 2.88769207 -2.24588972 7.53779044
v 2.38485687 -1.99054372 7.55374956
v 2.36349619 -2.23876949 7.54908459
v -1.04267212 -1.9912803 5.4670326
v -1.45392649 -2.25963912 5.4748894
v -1.04267212 -2.25963912 5.4670326
v -1.58970181 -2.0099402 5.47562597
v -1.58724656 -2.21740882 5.47832675
v -1.68668419 -2.03817557 5.47759017
v -1.59510336 -1.6377243 5.47857227
v -1.68521104 -1.6377243 5.48053647
v -1.21257541 -2.0069939 7.87735151
v -1.60467884 -2.26307647 7.84911614
v -1.21257541 -2.26307647 7.87735151
v -1.66385036 -2.00232892 7.84371459
v -1.74561019 -2.1965392 7.84297801
v -1.81779454 -2.05462575 7.83389359
v -1.65697566 -1.73249695 7.84592431
v -1.80846459 -1.73176037 7.83512121
v -1.09030397 -1.97433907 6.39781787
v -1.51064276 -2.24024264 6.39781787
v -1.07802772 -2.22870297 6.39781787
v -1.65206516 -2.00331102 6.40911202
v -1.65992196 -2.16879487 6.40346494
v -1.74266389 -1.99275345 6.41156727
v -1.66876086 -1.58837377 6.41377699
v -1.73529814 -1.57658857 6.41574119
v 3.07306344 0.621105693 6.48841659
v 3.07306344 -0.432442078 6.50142942
v 3.07306344 -0.473199228 7.79829246
v 3.07306344 0.696972917 7.71235871
v 1.30994842 -2.1307385 7.71235871
v 1.22057732 -2.1307385 6.54194104
v 0.187899179 -2.1307385 6.54194104
v 0.139776279 -2.1307385 7.79829246
v -1.83596339 -1.95813442 3.62436748
v -1.67784529 -1.95813442 3.62436748
v -1.67784529 -1.80050737 3.62436748
v -1.83596339 -1.80050737 3.62436748
v -1.83596339 -1.95813442 6.67673427
v -1.83596339 -1.80050737 6.67673427
v -1.67784529 -1.80050737 6.67673427
v -1.67784529 -1.95813442 6.67673427
v -1.83596339 -1.95813442 3.62436748
v -1.83596339 -1.95813442 6.67673427
v -1.67784529 -1.95813442 6.67673427
v -1.67784529 -1.95813442 3.62436748
v -1.67784529 -1.95813442 3.62436748
v -1.67784529 -1.95813442 6.67673427
v -1.67784529 -1.80050737 6.67673427
v -1.67784529 -1.80050737 3.62436748
v -1.67784529 -1.80050737 3.62436748
v -1.67784529 -1.80050737 6.67673427
v -1.83596339 -1.80050737 6.67673427
v -1.83596339 -1.80050737 3.62436748
v -1.83596339 -1.80050737 3.62436748
v -1.83596339 -1.80050737 6.67673427
v -1.83596339 -1.95813442 6.67673427
v -1.83596339 -1.95813442 3.62436748
v -0.0136768452 -3.56583211 0.560706543
v 0.275551603 -3.41925369 0.560706543
v 0.107121454 -3.08632179 0.560706543
v -0.182352519 -3.23265469 0.560706543
v -0.0136768452 -3.56583211 0.899531041
v -0.182352519 -3.23265469 0.899531041
v 0.107121454 -3.08632179 0.899531041
v 0.275551603 -3.41925369 0.899531041
v -0.0136768452 -3.56583211 0.560706543
v -0.0136768452 -3.56583211 0.899531041
v 0.275551603 -3.41925369 0.899531041
v 0.275551603 -3.41925369 0.560706543
v 0.275551603 -3.41925369 0.560706543
v 0.275551603 -3.41925369 0.899531041
v 0.107121454 -3.08632179 0.899531041
v 0.107121454 -3.08632179 0.560706543
v 0.107121454 -3.08632179 0.560706543
v 0.107121454 -3.08632179 0.899531041
v -0.182352519 -3.23265469 0.899531041
v -0.182352519 -3.23265469 0.560706543
v -0.182352519 -3.23265469 0.560706543
v -0.182352519 -3.23265469 0.899531041
v -0.0136768452 -3.56583211 0.899531041
v -0.0136768452 -3.56583211 0.560706543
v -2.16815871 -0.486212053 9.35713068
v -1.96118114 -0.486212053 9.30704358
v -1.96118114 0.324265969 9.30704358
v -2.16815871 0.324265969 9.35713068
v -2.14655251 -0.486212053 9.44502863
v -2.14655251 0.324265969 9.44502863
v -1.94006599 0.324265969 9.394696
v -1.94006599 -0.486212053 9.394696
v -2.16815871 -0.486212053 9.35713068
v -2.14655251 -0.486212053 9.44502863
v -1.94006599 -0.486212053 9.394696
v -1.96118114 -0.486212053 9.30704358
v -1.96118114 -0.486212053 9.30704358
v -1.94006599 -0.486212053 9.394696
v -1.94006599 0.324265969 9.394696
v -1.96118114 0.324265969 9.30704358
v -1.96118114 0.324265969 9.30704358
v -1.94006599 0.324265969 9.394696
v -2.14655251 0.324265969 9.44502863
v -2.16815871 0.324265969 9.35713068
v -2.16815871 0.324265969 9.35713068
v -2.14655251 0.324265969 9.44502863
v -2.14655251 -0.486212053 9.44502863
v -2.16815871 -0.486212053 9.35713068
v -2.95555738 1.47111324 6.07151514
v -1.80502724 1.47111324 6.07151514
v -1.80502724 1.71688376 6.07151514
v -2.95555738 1.71688376 6.07151514
v -2.95555738 1.47111324 6.17930062
v -2.95555738 1.71688376 6.17930062
v -1.80502724 1.71688376 6.17930062
v -1.80502724 1.47111324 6.17930062
v -2.95555738 1.47111324 6.07151514
v -2.95555738 1.47111324 6.17930062
v -1.80502724 1.47111324 6.17930062
v -1.80502724 1.47111324 6.07151514
v -1.80502724 1.47111324 6.07151514
v -1.80502724 1.47111324 6.17930062
v -1.80502724 1.71688376 6.17930062
v -1.80502724 1.71688376 6.07151514
v -1.80502724 1.71688376 6.07151514
v -1.80502724 1.71688376 6.17930062
v -2.95555738 1.71688376 6.17930062
v -2.95555738 1.71688376 6.07151514
v -2.95555738 1.71688376 6.07151514
v -2.95555738 1.71688376 6.17930062
v -2.95555738 1.47111324 6.17930062
v -2.95555738 1.47111324 6.07151514
v -2.95555738 1.42691874 5.48937537
v -1.81067431 1.47111324 5.47267967
v -1.80723696 1.71688376 5.47267967
v -2.95555738 1.71688376 5.47709912
v -2.95555738 1.42691874 5.59716085
v -2.95555738 1.71688376 5.6320254
v -1.80502724 1.71688376 5.5662247
v -1.80502724 1.47111324 5.5662247
v -2.95555738 1.42691874 5.48937537
v -2.95555738 1.42691874 5.59716085
v -1.80502724 1.47111324 5.5662247
v -1.81067431 1.47111324 5.47267967
v -1.81067431 1.47111324 5.47267967
v -1.80502724 1.47111324 5.5662247
v -1.80502724 1.71688376 5.5662247
v -1.80723696 1.71688376 5.47267967
v -1.80723696 1.71688376 5.47267967
v -1.80502724 1.71688376 5.5662247
v -2.95555738 1.71688376 5.6320254
v -2.95555738 1.71688376 5.47709912
v -2.95555738 1.71688376 5.47709912
v -2.95555738 1.71688376 5.6320254
v -2.95555738 1.42691874 5.59716085
v -2.95555738 1.42691874 5.48937537
v -2.95555738 1.47111324 3.50258708
v -1.80502724 1.47111324 3.50258708
v -1.80502724 1.71688376 3.50258708
v -2.95555738 1.71688376 3.50258708
v -2.95555738 1.47111324 3.61037255
v -2.95555738 1.71688376 3.61037255
v -1.80502724 1.71688376 3.61037255
v -1.80502724 1.47111324 3.61037255
v -2.95555738 1.47111324 3.50258708
v -2.95555738 1.47111324 3.61037255
v -1.80502724 1.47111324 3.61037255
v -1.80502724 1.47111324 3.50258708
v -1.80502724 1.47111324 3.50258708
v -1.80502724 1.47111324 3.61037255
v -1.80502724 1.71688376 3.61037255
v -1.80502724 1.71688376 3.50258708
v -1.80502724 1.71688376 3.50258708
v -1.80502724 1.71688376 3.61037255
v -2.95555738 1.71688376 3.61037255
v -2.95555738 1.71688376 3.50258708
v -2.95555738 1.71688376 3.50258708
v -2.95555738 1.71688376 3.61037255
v -2.95555738 1.47111324 3.61037255
v -2.95555738 1.47111324 3.50258708
v -2.95555738 1.47111324 1.08735767
v -1.80502724 1.47111324 1.08735767
v -1.80502724 1.71688376 1.08735767
v -2.95555738 1.71688376 1.08735767
v -2.95555738 1.47111324 1.19514314
v -2.95555738 1.71688376 1.19514314
v -1.80502724 1.71688376 1.19514314
v -1.80502724 1.47111324 1.19514314
v -2.95555738 1.47111324 1.08735767
v -2.95555738 1.47111324 1.19514314
v -1.80502724 1.47111324 1.19514314
v -1.80502724 1.47111324 1.08735767
v -1.80502724 1.47111324 1.08735767
v -1.80502724 1.47111324 1.19514314
v -1.80502724 1.71688376 1.19514314
v -1.80502724 1.71688376 1.08735767
v -1.80502724 1.71688376 1.08735767
v -1.80502724 1.71688376 1.19514314
v -2.95555738 1.71688376 1.19514314
v -2.95555738 1.71688376 1.08735767
v -2.95555738 1.71688376 1.08735767
v -2.95555738 1.71688376 1.19514314
v -2.95555738 1.47111324 1.19514314
v -2.95555738 1.47111324 1.08735767
v -2.85317346 1.04954682 3.29806476
v -2.85317346 0.919418566 3.29806476
v -1.83694549 0.919418566 2.68056938
v -1.83694549 1.04954682 2.68056938
v -2.77362336 1.04954682 3.37761486
v -1.76009616 1.04954682 2.76011948
v -1.76009616 0.919418566 2.76011948
v -2.77362336 0.919418566 3.37761486
v -2.85317346 1.04954682 3.29806476
v -1.83694549 1.04954682 2.68056938
v -1.76009616 1.04954682 2.76011948
v -2.77362336 1.04954682 3.37761486
v -1.83694549 1.04954682 2.68056938
v -1.83694549 0.919418566 2.68056938
v -1.76009616 0.919418566 2.76011948
v -1.76009616 1.04954682 2.76011948
v -1.83694549 0.919418566 2.68056938
v -2.85317346 0.919418566 3.29806476
v -2.77362336 0.919418566 3.37761486
v -1.76009616 0.919418566 2.76011948
v -2.85317346 0.919418566 3.29806476
v -2.85317346 1.04954682 3.29806476
v -2.77362336 1.04954682 3.37761486
v -2.77362336 0.919418566 3.37761486
v -2.28527414 -0.476636578 8.87393748
v -2.08492574 -0.479091828 8.82311381
v -2.08075181 0.324757019 8.82679668
v -2.31473714 0.321074144 8.88081218
v -2.26145821 -0.482283653 8.95299653
v -2.29632276 0.322547294 8.97951323
v -2.05227091 0.321810719 8.95152338
v -2.06552926 -0.484738903 8.89824446
v -2.28527414 -0.476636578 8.87393748
v -2.26145821 -0.482283653 8.95299653
v -2.06552926 -0.484738903 8.89824446
v -2.08492574 -0.479091828 8.82311381
v -2.08492574 -0.479091828 8.82311381
v -2.06552926 -0.484738903 8.89824446
v -2.05227091 0.321810719 8.95152338
v -2.08075181 0.324757019 8.82679668
v -2.08075181 0.324757019 8.82679668
v -2.05227091 0.321810719 8.95152338
v -2.29632276 0.322547294 8.97951323
v -2.31473714 0.321074144 8.88081218
v -2.31473714 0.321074144 8.88081218
v -2.29632276 0.322547294 8.97951323
v -2.26145821 -0.482283653 8.95299653
v -2.28527414 -0.476636578 8.87393748
v -2.21824581 0.311498669 8.26086156
v -2.41957631 0.317145744 8.31070313
v -2.42448681 -0.482038128 8.31070313
v -2.21038901 -0.484493378 8.26945493
v -2.20596956 0.319355469 8.34900503
v -2.18706414 -0.482038128 8.39074428
v -2.39183198 -0.484493378 8.44696951
v -2.40435376 0.322056244 8.39369058
v -2.21824581 0.311498669 8.26086156
v -2.20596956 0.319355469 8.34900503
v -2.40435376 0.322056244 8.39369058
v -2.41957631 0.317145744 8.31070313
v -2.41957631 0.317145744 8.31070313
v -2.40435376 0.322056244 8.39369058
v -2.39183198 -0.484493378 8.44696951
v -2.42448681 -0.482038128 8.31070313
v -2.42448681 -0.482038128 8.31070313
v -2.39183198 -0.484493378 8.44696951
v -2.18706414 -0.482038128 8.39074428
v -2.21038901 -0.484493378 8.26945493
v -2.21038901 -0.484493378 8.26945493
v -2.18706414 -0.482038128 8.39074428
v -2.20596956 0.319355469 8.34900503
v -2.21824581 0.311498669 8.26086156
v -2.95555738 1.42691874 2.47408286
v -1.81067431 1.47111324 2.45738716
v -1.80723696 1.71688376 2.45738716
v -2.95555738 1.71688376 2.46205213
v -2.95555738 1.42691874 2.58186833
v -2.95555738 1.71688376 2.61673288
v -1.80502724 1.71688376 2.55117771
v -1.80502724 1.47111324 2.55117771
v -2.95555738 1.42691874 2.47408286
v -2.95555738 1.42691874 2.58186833
v -1.80502724 1.47111324 2.55117771
v -1.81067431 1.47111324 2.45738716
v -1.81067431 1.47111324 2.45738716
v -1.80502724 1.47111324 2.55117771
v -1.80502724 1.71688376 2.55117771
v -1.80723696 1.71688376 2.45738716
v -1.80723696 1.71688376 2.45738716
v -1.80502724 1.71688376 2.55117771
v -2.95555738 1.71688376 2.61673288
v -2.95555738 1.71688376 2.46205213
v -2.95555738 1.71688376 2.46205213
v -2.95555738 1.71688376 2.61673288
v -2.95555738 1.42691874 2.58186833
v -2.95555738 1.42691874 2.47408286
v -1.80871011 1.71933901 1.78121131
v -2.94622743 1.71344641 1.76451561
v -2.94941926 1.46767589 1.76451561
v -1.80871011 1.47037666 1.77335451
v -1.80871011 1.71933901 1.92459791
v -1.80871011 1.47037666 1.92361581
v -2.95187451 1.46767589 1.85806064
v -2.95187451 1.71344641 1.85806064
v -1.80871011 1.71933901 1.78121131
v -1.80871011 1.71933901 1.92459791
v -2.95187451 1.71344641 1.85806064
v -2.94622743 1.71344641 1.76451561
v -2.94622743 1.71344641 1.76451561
v -2.95187451 1.71344641 1.85806064
v -2.95187451 1.46767589 1.85806064
v -2.94941926 1.46767589 1.76451561
v -2.94941926 1.46767589 1.76451561
v -2.95187451 1.46767589 1.85806064
v -1.80871011 1.47037666 1.92361581
v -1.80871011 1.47037666 1.77335451
v -1.80871011 1.47037666 1.77335451
v -1.80871011 1.47037666 1.92361581
v -1.80871011 1.71933901 1.92459791
v -1.80871011 1.71933901 1.78121131
v -1.83596339 -1.95739785 0.520440443
v -1.67784529 -1.95739785 0.520440443
v -1.67784529 -1.79952527 0.520440443
v -1.83596339 -1.79952527 0.520440443
v -1.83596339 -1.95739785 3.57305275
v -1.83596339 -1.79952527 3.57305275
v -1.67784529 -1.79952527 3.57305275
v -1.67784529 -1.95739785 3.57305275
v -1.83596339 -1.95739785 0.520440443
v -1.83596339 -1.95739785 3.57305275
v -1.67784529 -1.95739785 3.57305275
v -1.67784529 -1.95739785 0.520440443
v -1.67784529 -1.95739785 0.520440443
v -1.67784529 -1.95739785 3.57305275
v -1.67784529 -1.79952527 3.57305275
v -1.67784529 -1.79952527 0.520440443
v -1.67784529 -1.79952527 0.520440443
v -1.67784529 -1.79952527 3.57305275
v -1.83596339 -1.79952527 3.57305275
v -1.83596339 -1.79952527 0.520440443
v -1.83596339 -1.79952527 0.520440443
v -1.83596339 -1.79952527 3.57305275
v -1.83596339 -1.95739785 3.57305275
v -1.83596339 -1.95739785 0.520440443
v -1.83596339 0.889955566 0.520194918
v -1.67784529 0.889955566 0.520194918
v -1.67784529 1.04782814 0.520194918
v -1.83596339 1.04782814 0.520194918
v -1.83596339 0.889955566 3.57280723
v -1.83596339 1.04782814 3.57280723
v -1.67784529 1.04782814 3.57280723
v -1.67784529 0.889955566 3.57280723
v -1.83596339 0.889955566 0.520194918
v -1.83596339 0.889955566 3.57280723
v -1.67784529 0.889955566 3.57280723
v -1.67784529 0.889955566 0.520194918
v -1.67784529 0.889955566 0.520194918
v -1.67784529 0.889955566 3.57280723
v -1.67784529 1.04782814 3.57280723
v -1.67784529 1.04782814 0.520194918
v -1.67784529 1.04782814 0.520194918
v -1.67784529 1.04782814 3.57280723
v -1.83596339 1.04782814 3.57280723
v -1.83596339 1.04782814 0.520194918
v -1.83596339 1.04782814 0.520194918
v -1.83596339 1.04782814 3.57280723
v -1.83596339 0.889955566 3.57280723
v -1.83596339 0.889955566 0.520194918
v -1.83596339 0.965822791 3.6265772
v -1.67784529 0.965822791 3.6265772
v -1.67784529 1.12344984 3.6265772
v -1.83596339 1.12344984 3.6265772
v -1.83596339 0.965822791 6.67918952
v -1.83596339 1.12344984 6.67918952
v -1.67784529 1.12344984 6.67918952
v -1.67784529 0.965822791 6.67918952
v -1.83596339 0.965822791 3.6265772
v -1.83596339 0.965822791 6.67918952
v -1.67784529 0.965822791 6.67918952
v -1.67784529 0.965822791 3.6265772
v -1.67784529 0.965822791 3.6265772
v -1.67784529 0.965822791 6.67918952
v -1.67784529 1.12344984 6.67918952
v -1.67784529 1.12344984 3.6265772
v -1.67784529 1.12344984 3.6265772
v -1.67784529 1.12344984 6.67918952
v -1.83596339 1.12344984 6.67918952
v -1.83596339 1.12344984 3.6265772
v -1.83596339 1.12344984 3.6265772
v -1.83596339 1.12344984 6.67918952
v -1.83596339 0.965822791 6.67918952
v -1.83596339 0.965822791 3.6265772
v -2.69800166 0.256255544 6.71822799
v -2.69800166 0.152643995 6.71822799
v -2.60838503 0.152643995 6.69907704
v -2.60838503 0.256255544 6.69907704
v -2.03287444 0.256255544 9.7138785
v -1.94350334 0.256255544 9.69349993
v -1.94350334 0.152643995 9.69349993
v -2.03287444 0.152643995 9.7138785
v -2.69800166 0.256255544 6.71822799
v -2.60838503 0.256255544 6.69907704
v -1.94350334 0.256255544 9.69349993
v -2.03287444 0.256255544 9.7138785
v -2.60838503 0.256255544 6.69907704
v -2.60838503 0.152643995 6.69907704
v -1.94350334 0.152643995 9.69349993
v -1.94350334 0.256255544 9.69349993
v -2.60838503 0.152643995 6.69907704
v -2.69800166 0.152643995 6.71822799
v -2.03287444 0.152643995 9.7138785
v -1.94350334 0.152643995 9.69349993
v -2.69800166 0.152643995 6.71822799
v -2.69800166 0.256255544 6.71822799
v -2.03287444 0.256255544 9.7138785
v -2.03287444 0.152643995 9.7138785
v 2.99375887 -0.722407102 7.78871699
v 3.17004582 -0.725844452 7.78798041
v 3.29256279 -0.608974552 7.78429754
v 3.18649599 0.840359517 7.71776026
v 2.94367177 0.922855916 7.71407739
v 3.09565174 0.924083541 7.71407739
v 2.94367177 0.922855916 7.71407739
v 3.09565174 0.924083541 7.97163311
v 2.94367177 0.922855916 7.97163311
v 3.09565174 0.924083541 7.71407739
v 3.18649599 0.840359517 7.71776026
v 3.18649599 0.840359517 7.97728019
v 3.29256279 -0.608974552 7.78429754
v 3.29256279 -0.609220077 8.07352598
v 3.17004582 -0.725844452 7.78798041
v 3.17004582 -0.725844452 8.07990963
v 2.99375887 -0.722407102 8.08064621
v 2.99375887 -0.722407102 7.78871699
v 2.94367177 0.922855916 7.97163311
v 3.09565174 0.924083541 7.97163311
v 3.18649599 0.840359517 7.97728019
v 2.99375887 -0.722407102 8.08064621
v 3.29256279 -0.609220077 8.07352598
v 3.17004582 -0.725844452 8.07990963
v 2.93139552 0.713423092 6.53555739
v 3.12216844 0.806477067 7.70867584
v 2.93065894 0.805003917 7.70867584
v 3.12290502 0.708267067 6.53555739
v 3.12413264 0.541064543 6.53555739
v 3.12339607 0.639520067 7.70867584
v 2.93213209 0.638046918 7.70867584
v 2.93286867 0.546466093 6.53555739
v 2.95398382 -0.392912553 6.53850369
v 3.14082834 -0.449874353 7.79190881
v 2.95447487 -0.451347503 7.79190881
v 3.14033729 -0.391439403 6.53850369
v 3.14156492 -0.528196827 6.53850369
v 3.14181044 -0.572636852 7.79190881
v 3.07036267 -0.580739177 6.53825817
v 3.08067472 -0.626161302 7.79190881
v 2.95570249 -0.617322402 7.79190881
v 2.95545697 -0.572882377 6.53850369
v 2.93949784 -0.624688152 6.30402732
v 3.15605089 -0.622969477 6.30402732
v 3.26383637 -0.508554827 6.30402732
v 2.92795817 0.801812092 6.30402732
v 3.20147302 0.701392367 6.30402732
v 3.09319649 0.803039717 6.30402732
v 2.92795817 0.801812092 6.30402732
v 3.09319649 0.803039717 6.53580292
v 2.92795817 0.801812092 6.53580292
v 3.09319649 0.803039717 6.30402732
v 3.20147302 0.701392367 6.30402732
v 3.20147302 0.701392367 6.53580292
v 3.26383637 -0.508554827 6.30402732
v 3.26383637 -0.508554827 6.53580292
v 3.15605089 -0.622969477 6.30402732
v 3.15605089 -0.622969477 6.53580292
v 2.93949784 -0.624688152 6.53580292
v 2.93949784 -0.624688152 6.30402732
v 2.92795817 0.801812092 6.53580292
v 3.09319649 0.803039717 6.53580292
v 3.20147302 0.701392367 6.53580292
v 2.93949784 -0.624688152 6.53580292
v 3.26383637 -0.508554827 6.53580292
v 3.15605089 -0.622969477 6.53580292
v 2.71435142 -2.91961032 1.43673974
v 2.71435142 -2.91322667 1.41071409
v 2.75265332 -2.92550292 1.40752226
v 2.75265332 -2.93213209 1.43379344
v 2.76542062 -2.96257719 1.39819231
v 2.76542062 -2.96920637 1.42421796
v 2.75265332 -2.99965147 1.38886236
v 2.75265332 -3.00628064 1.41488801
v 2.71435142 -3.01192772 1.38591606
v 2.71435142 -3.01855689 1.41194171
v 2.67629504 -2.99965147 1.38886236
v 2.67629504 -3.00628064 1.41488801
v 2.66352774 -2.96257719 1.39819231
v 2.66352774 -2.96920637 1.42421796
v 2.67629504 -2.92550292 1.40752226
v 2.67629504 -2.93213209 1.43379344
v 2.71435142 -2.91322667 1.41071409
v 2.71435142 -2.91961032 1.43673974
v -1.78931364 0.984482691 5.431677
v -1.69871491 0.984237166 5.52080257
v -1.69871491 1.10503547 5.52080257
v -1.78931364 1.10552652 5.431677
v -2.94573638 0.983746116 6.53432977
v -2.94573638 1.10454442 6.53432977
v -2.86544971 1.10331679 6.61928142
v -2.86643181 0.980063241 6.62443744
v -1.78931364 0.984482691 5.431677
v -2.94573638 0.983746116 6.53432977
v -2.86643181 0.980063241 6.62443744
v -1.69871491 0.984237166 5.52080257
v -1.69871491 0.984237166 5.52080257
v -2.86643181 0.980063241 6.62443744
v -2.86544971 1.10331679 6.61928142
v -1.69871491 1.10503547 5.52080257
v -1.69871491 1.10503547 5.52080257
v -2.86544971 1.10331679 6.61928142
v -2.94573638 1.10454442 6.53432977
v -1.78931364 1.10552652 5.431677
v -1.78931364 1.10552652 5.431677
v -2.94573638 1.10454442 6.53432977
v -2.94573638 0.983746116 6.53432977
v -1.78931364 0.984482691 5.431677
v -1.39745574 -2.24269789 1.86960031
v -1.55704699 -2.24269789 2.05104329
v -1.55704699 -2.24269789 1.86960031
v -1.39745574 -2.24269789 2.05104329
v -1.31790564 -2.38092847 1.86960031
v -1.31790564 -2.38092847 2.05104329
v -1.39745574 -2.51891352 1.86960031
v -1.39745574 -2.51891352 2.05104329
v -1.55704699 -2.51891352 1.86960031
v -1.55704699 -2.51891352 2.05104329
v -1.63659709 -2.38092847 1.86960031
v -1.63659709 -2.38092847 2.05104329
v -1.55704699 -2.24269789 1.86960031
v -1.55704699 -2.24269789 2.05104329
v -1.55704699 -2.51891352 1.86960031
v -1.39745574 -2.51891352 1.86960031
v -1.31790564 -2.38092847 1.86960031
v -1.63659709 -2.38092847 1.86960031
v -1.55704699 -2.24269789 1.86960031
v -1.39745574 -2.24269789 1.86960031
v -1.63659709 -2.38092847 2.05104329
v -1.39745574 -2.51891352 2.05104329
v -1.55704699 -2.51891352 2.05104329
v -1.31790564 -2.38092847 2.05104329
v -1.39745574 -2.24269789 2.05104329
v -1.55704699 -2.24269789 2.05104329
v -1.28328661 -2.27658034 3.73632688
v -1.41783431 -2.27658034 3.9369208
v -1.44140471 -2.27658034 3.75695098
v -1.25996174 -2.27658034 3.9162967
v -1.20422757 -2.41481092 3.72626035
v -1.18090269 -2.41481092 3.90598465
v -1.28328661 -2.55279597 3.73632688
v -1.25996174 -2.55279597 3.9162967
v -1.44140471 -2.55279597 3.75695098
v -1.41783431 -2.55279597 3.9369208
v -1.52046376 -2.41481092 3.76726303
v -1.49689336 -2.41481092 3.94698733
v -1.44140471 -2.27658034 3.75695098
v -1.41783431 -2.27658034 3.9369208
v -1.44140471 -2.55279597 3.75695098
v -1.28328661 -2.55279597 3.73632688
v -1.20422757 -2.41481092 3.72626035
v -1.52046376 -2.41481092 3.76726303
v -1.44140471 -2.27658034 3.75695098
v -1.28328661 -2.27658034 3.73632688
v -1.49689336 -2.41481092 3.94698733
v -1.25996174 -2.55279597 3.9162967
v -1.41783431 -2.55279597 3.9369208
v -1.18090269 -2.41481092 3.90598465
v -1.25996174 -2.27658034 3.9162967
v -1.41783431 -2.27658034 3.9369208
v -1.19514314 -2.48748632 4.61137798
v -1.35473439 -2.48748632 4.79282095
v -1.35473439 -2.48748632 4.61137798
v -1.19514314 -2.48748632 4.79282095
v -1.11559304 -2.62547137 4.61137798
v -1.11559304 -2.62547137 4.79282095
v -1.19514314 -2.76370194 4.61137798
v -1.19514314 -2.76370194 4.79282095
v -1.35473439 -2.76370194 4.61137798
v -1.35473439 -2.76370194 4.79282095
v -1.43428449 -2.62547137 4.61137798
v -1.43428449 -2.62547137 4.79282095
v -1.35473439 -2.48748632 4.61137798
v -1.35473439 -2.48748632 4.79282095
v -1.35473439 -2.76370194 4.61137798
v -1.19514314 -2.76370194 4.61137798
v -1.11559304 -2.62547137 4.61137798
v -1.43428449 -2.62547137 4.61137798
v -1.35473439 -2.48748632 4.61137798
v -1.19514314 -2.48748632 4.61137798
v -1.43428449 -2.62547137 4.79282095
v -1.19514314 -2.76370194 4.79282095
v -1.35473439 -2.76370194 4.79282095
v -1.11559304 -2.62547137 4.79282095
v -1.19514314 -2.48748632 4.79282095
v -1.35473439 -2.48748632 4.79282095
v -1.38665264 -2.55770647 5.39509377
v -1.46644826 -2.38534792 5.54437297
v -1.46644826 -2.42266772 5.3668584
v -1.38665264 -2.52063219 5.57260835
v -1.46644826 -2.69299074 5.42357467
v -1.46644826 -2.65567094 5.60108925
v -1.62579399 -2.69299074 5.42357467
v -1.62579399 -2.65567094 5.60108925
v -1.70558961 -2.55770647 5.39509377
v -1.70558961 -2.52063219 5.57260835
v -1.62579399 -2.42266772 5.3668584
v -1.62579399 -2.38534792 5.54437297
v -1.46644826 -2.42266772 5.3668584
v -1.46644826 -2.38534792 5.54437297
v -1.62579399 -2.69299074 5.42357467
v -1.46644826 -2.69299074 5.42357467
v -1.38665264 -2.55770647 5.39509377
v -1.70558961 -2.55770647 5.39509377
v -1.62579399 -2.42266772 5.3668584
v -1.46644826 -2.42266772 5.3668584
v -1.70558961 -2.52063219 5.57260835
v -1.46644826 -2.65567094 5.60108925
v -1.62579399 -2.65567094 5.60108925
v -1.38665264 -2.52063219 5.57260835
v -1.46644826 -2.38534792 5.54437297
v -1.62579399 -2.38534792 5.54437297
v -1.44410549 -2.31684644 8.37282096
v -1.63438736 -2.31684644 8.58937401
v -1.63438736 -2.31684644 8.37282096
v -1.44410549 -2.31684644 8.58937401
v -1.34884179 -2.48159372 8.37282096
v -1.34884179 -2.48159372 8.58937401
v -1.44410549 -2.64658652 8.37282096
v -1.44410549 -2.64658652 8.58937401
v -1.63438736 -2.64658652 8.37282096
v -1.63438736 -2.64658652 8.58937401
v -1.72940554 -2.48159372 8.37282096
v -1.72940554 -2.48159372 8.58937401
v -1.63438736 -2.31684644 8.37282096
v -1.63438736 -2.31684644 8.58937401
v -1.63438736 -2.64658652 8.37282096
v -1.44410549 -2.64658652 8.37282096
v -1.34884179 -2.48159372 8.37282096
v -1.72940554 -2.48159372 8.37282096
v -1.63438736 -2.31684644 8.37282096
v -1.44410549 -2.31684644 8.37282096
v -1.72940554 -2.48159372 8.58937401
v -1.44410549 -2.64658652 8.58937401
v -1.63438736 -2.64658652 8.58937401
v -1.34884179 -2.48159372 8.58937401
v -1.44410549 -2.31684644 8.58937401
v -1.63438736 -2.31684644 8.58937401
v 3.14868514 1.72768686 8.04725481
v 3.06029614 1.57472479 8.24784873
v 3.06029614 1.57472479 8.04725481
v 3.14868514 1.72768686 8.24784873
v 3.32497209 1.72768686 8.04725481
v 3.32497209 1.72768686 8.24784873
v 3.41311556 1.57472479 8.04725481
v 3.41311556 1.57472479 8.24784873
v 3.32497209 1.42200824 8.04725481
v 3.32497209 1.42200824 8.24784873
v 3.14868514 1.42200824 8.04725481
v 3.14868514 1.42200824 8.24784873
v 3.06029614 1.57472479 8.04725481
v 3.06029614 1.57472479 8.24784873
v 3.14868514 1.42200824 8.04725481
v 3.32497209 1.42200824 8.04725481
v 3.41311556 1.57472479 8.04725481
v 3.06029614 1.57472479 8.04725481
v 3.14868514 1.72768686 8.04725481
v 3.32497209 1.72768686 8.04725481
v 3.06029614 1.57472479 8.24784873
v 3.32497209 1.42200824 8.24784873
v 3.14868514 1.42200824 8.24784873
v 3.41311556 1.57472479 8.24784873
v 3.32497209 1.72768686 8.24784873
v 3.14868514 1.72768686 8.24784873
v 3.14893067 0.951336816 8.76836173
v 3.06029614 0.749515267 8.61466308
v 3.06029614 0.951336816 8.61466308
v 3.14893067 0.749515267 8.76836173
v 3.32644524 0.951336816 8.76836173
v 3.32644524 0.749515267 8.76836173
v 3.41507976 0.951336816 8.61466308
v 3.41507976 0.749515267 8.61466308
v 3.32644524 0.951336816 8.46120996
v 3.32644524 0.749515267 8.46120996
v 3.14893067 0.951336816 8.46120996
v 3.14893067 0.749515267 8.46120996
v 3.06029614 0.951336816 8.61466308
v 3.06029614 0.749515267 8.61466308
v 3.14893067 0.951336816 8.46120996
v 3.32644524 0.951336816 8.46120996
v 3.41507976 0.951336816 8.61466308
v 3.06029614 0.951336816 8.61466308
v 3.14893067 0.951336816 8.76836173
v 3.32644524 0.951336816 8.76836173
v 3.06029614 0.749515267 8.61466308
v 3.32644524 0.749515267 8.46120996
v 3.14893067 0.749515267 8.46120996
v 3.41507976 0.749515267 8.61466308
v 3.32644524 0.749515267 8.76836173
v 3.14893067 0.749515267 8.76836173
v 3.10449064 -1.20019875 8.76492438
v 3.01708374 -1.399074 8.61343546
v 3.01708374 -1.20019875 8.61343546
v 3.10449064 -1.399074 8.76492438
v 3.27930444 -1.20019875 8.76492438
v 3.27930444 -1.399074 8.76492438
v 3.36671134 -1.20019875 8.61343546
v 3.36671134 -1.399074 8.61343546
v 3.27930444 -1.20019875 8.46219206
v 3.27930444 -1.399074 8.46219206
v 3.10449064 -1.20019875 8.46219206
v 3.10449064 -1.399074 8.46219206
v 3.01708374 -1.20019875 8.61343546
v 3.01708374 -1.399074 8.61343546
v 3.10449064 -1.20019875 8.46219206
v 3.27930444 -1.20019875 8.46219206
v 3.36671134 -1.20019875 8.61343546
v 3.01708374 -1.20019875 8.61343546
v 3.10449064 -1.20019875 8.76492438
v 3.27930444 -1.20019875 8.76492438
v 3.01708374 -1.399074 8.61343546
v 3.27930444 -1.399074 8.46219206
v 3.10449064 -1.399074 8.46219206
v 3.36671134 -1.399074 8.61343546
v 3.27930444 -1.399074 8.76492438
v 3.10449064 -1.399074 8.76492438
v 2.59257102 -2.34630944 8.62227436
v 2.79144627 -2.34630944 8.62227436
v 2.79144627 -2.43371634 8.77376328
v 2.59257102 -2.43371634 8.77376328
v 2.79144627 -2.60853014 8.77376328
v 2.59257102 -2.60853014 8.77376328
v 2.79144627 -2.69593704 8.62227436
v 2.59257102 -2.69593704 8.62227436
v 2.79144627 -2.60853014 8.47103096
v 2.59257102 -2.60853014 8.47103096
v 2.79144627 -2.43371634 8.47103096
v 2.59257102 -2.43371634 8.47103096
v 2.79144627 -2.34630944 8.62227436
v 2.59257102 -2.34630944 8.62227436
v 2.59257102 -2.60853014 8.47103096
v 2.59257102 -2.43371634 8.47103096
v 2.59257102 -2.34630944 8.62227436
v 2.59257102 -2.69593704 8.62227436
v 2.59257102 -2.60853014 8.77376328
v 2.59257102 -2.43371634 8.77376328
v 2.79144627 -2.69593704 8.62227436
v 2.79144627 -2.43371634 8.47103096
v 2.79144627 -2.60853014 8.47103096
v 2.79144627 -2.34630944 8.62227436
v 2.79144627 -2.43371634 8.77376328
v 2.79144627 -2.60853014 8.77376328
v 3.70872766 -1.5994224 5.31038765
v 3.73671751 -1.5336217 5.205794
v 3.75832371 -1.5021945 5.27675072
v 3.70185296 -1.6141539 5.27724177
v 3.80276374 -1.65442 5.3452522
v 3.66502421 -1.5503174 5.1753489
v 3.77158206 -1.69640477 5.25023402
v 3.85211426 -1.5571921 5.31161527
v 3.65913161 -1.6220107 5.26398342
v 3.15261354 -1.5385322 5.17755862
v 3.80644661 -1.6161181 5.17878625
v 3.75832371 -1.5021945 5.27675072
v 3.73671751 -1.5336217 5.205794
v 3.67852809 -1.7192386 5.2077582
v 3.12830657 -1.6082613 5.26398342
v 3.01806584 -1.5375501 5.097763
v 3.68442069 -1.6475453 5.11887815
v 3.66502421 -1.5503174 5.1753489
v 3.13812757 -1.70769892 5.20898582
v 2.94809122 -1.60752472 5.15202402
v 2.97657212 -1.54859872 4.97058105
v 3.16268007 -1.6377243 5.12256102
v 3.15261354 -1.5385322 5.17755862
v 2.99498649 -1.70671682 5.12354312
v 2.88965627 -1.62127412 4.98506702
v 2.97632659 -1.54221507 4.83284152
v 3.06496112 -1.63649667 5.0692821
v 3.01806584 -1.5375501 5.097763
v 2.94980989 -1.71850202 4.98604912
v 2.88891969 -1.61439942 4.8217929
v 2.98811179 -1.47518675 4.40881985
v 3.03672574 -1.6455811 4.97156315
v 2.97657212 -1.54859872 4.97058105
v 2.94907332 -1.7103997 4.80927112
v 2.90021384 -1.54786215 4.40268173
v 2.99228572 -1.49998477 3.958527
v 3.03648022 -1.63821535 4.82031975
v 2.97632659 -1.54221507 4.83284152
v 2.95987642 -1.644599 4.39875333
v 2.90438777 -1.5719236 3.96883905
v 2.97239819 -1.5866551 3.49252055
v 3.04777437 -1.57216912 4.40464593
v 2.98811179 -1.47518675 4.40881985
v 2.96380482 -1.66866045 3.98136083
v 2.88548234 -1.65491105 3.5205104
v 2.96797874 -1.7270954 3.24183953
v 3.05170277 -1.59672162 3.97104878
v 2.99228572 -1.49998477 3.958527
v 2.94563597 -1.74796502 3.54579948
v 2.88130842 -1.78577587 3.28726166
v 3.04458254 -2.0580631 2.98182856
v 3.03279734 -1.67970907 3.51780963
v 2.97239819 -1.5866551 3.49252055
v 2.94195309 -1.85304972 3.35576313
v 2.96036747 -2.12410932 3.02160361
v 3.07969262 -2.15381785 2.80848791
v 3.02862342 -1.79412372 3.31034101
v 2.96797874 -1.7270954 3.24183953
v 3.02101214 -2.1818077 3.09820741
v 3.00161567 -2.23606872 2.81904548
v 3.09344202 -2.17026802 2.63416516
v 3.10498169 -2.116007 3.05843236
v 3.04458254 -2.0580631 2.98182856
v 3.07159029 -2.32052932 2.84826296
v 3.01659269 -2.25472862 2.62974571
v 3.08877704 -2.12631905 2.11929924
v 3.14991277 -2.23827844 2.83770538
v 3.07969262 -2.15381785 2.80848791
v 3.08926809 -2.34287209 2.63220096
v 3.01266429 -2.2112707 2.12543736
v 3.07772842 -2.16486647 1.95356986
v 3.16587189 -2.25841149 2.63662041
v 3.09344202 -2.17026802 2.63416516
v 3.08583074 -2.29892312 2.12445526
v 3.00431644 -2.23459557 2.00169276
v 3.06815294 -2.30457019 1.84897621
v 3.16194349 -2.21397147 2.11807161
v 3.08877704 -2.12631905 2.11929924
v 3.08018367 -2.30776202 2.04024019
v 2.99866937 -2.31979274 1.93834731
v 3.06618874 -2.44427392 1.85658749
v 2.99744174 -2.42389534 1.94546754
v 3.15359564 -2.23778739 1.99211729
v 3.07772842 -2.16486647 1.95356986
v 3.07846499 -2.33820712 2.01814294
v 3.07772842 -2.40572649 2.02452659
v 3.14794857 -2.32298457 1.92877184
v 3.06815294 -2.30457019 1.84897621
v 3.14647542 -2.42585954 1.93589206
v 3.06618874 -2.44427392 1.85658749
v 0.283408403 -2.12705562 6.63941447
v 0.241178104 -2.25988464 6.54095894
v 0.244124404 -2.10864125 6.56060094
v 0.280462103 -2.27707139 6.62001799
v 0.357802478 -2.11551595 6.59030947
v 0.227674229 -2.35441177 6.52770059
v 0.354610653 -2.27338852 6.56943984
v 0.318764003 -2.09710157 6.51149594
v 0.266467179 -2.37307167 6.60675964
v 0.207050129 -2.41088252 6.52229904
v 0.315326653 -2.25620177 6.49038079
v 0.244124404 -2.10864125 6.56060094
v 0.241178104 -2.25988464 6.54095894
v 0.233566829 -2.45090309 6.59742969
v 0.180533429 -2.41800274 6.50413019
v 0.338160478 -2.38485687 6.55372624
v 0.299122003 -2.36595144 6.47491272
v 0.227674229 -2.35441177 6.52770059
v 0.145177829 -2.49067814 6.53408424
v 0.143704679 -2.40597202 6.40199179
v 0.294702553 -2.48503107 6.54120447
v 0.268185854 -2.44501049 6.46631934
v 0.207050129 -2.41088252 6.52229904
v 0.0914078543 -2.47913847 6.40592019
v 0.127254504 -2.40400782 6.24117292
v 0.210733004 -2.52996214 6.48890764
v 0.246088604 -2.45728674 6.45895359
v 0.180533429 -2.41800274 6.50413019
v 0.0747121544 -2.47717427 6.24436474
v 0.126272404 -2.44893889 5.6497032
v 0.169730329 -2.52014114 6.38947002
v 0.222027154 -2.44697469 6.38554162
v 0.143704679 -2.40597202 6.40199179
v 0.0747121544 -2.51891352 5.6693452
v 0.00842040466 -2.54813099 5.30056665
v 0.154507779 -2.51866799 6.24068187
v 0.206804604 -2.44550154 6.23749004
v 0.127254504 -2.40400782 6.24117292
v 0.126272404 -2.44893889 5.6497032
v -0.0424032701 -2.61393169 5.33469462
v -0.0895440699 -2.58275002 5.09506222
v 0.154016729 -2.56089829 5.67204597
v 0.205576979 -2.49067814 5.65240397
v -0.132019895 -2.64683204 5.14146645
v -0.250608469 -2.58594184 5.00470902
v 0.0300266046 -2.66279117 5.31431605
v 0.0808502793 -2.59699047 5.28018807
v 0.00842040466 -2.54813099 5.30056665
v -0.271969144 -2.64928729 5.0643716
v -0.543274268 -2.56580879 4.97573707
v -0.075549145 -2.69961992 5.0957988
v -0.0328277952 -2.63553789 5.04939457
v -0.0895440699 -2.58275002 5.09506222
v -0.548184768 -2.63013634 5.04153777
v -1.17967507 -2.49927152 5.01944052
v -0.250608469 -2.70330279 4.9966067
v -0.229493319 -2.63971182 4.93694412
v -0.250608469 -2.58594184 5.00470902
v -1.19121474 -2.56286249 5.08180387
v -1.36136356 -2.48674974 4.97254525
v -0.554077368 -2.68243317 4.96886237
v -0.548921343 -2.61835114 4.90306167
v -0.543274268 -2.56580879 4.97573707
v -1.17967507 -2.49927152 5.01944052
v -1.39352734 -2.54935862 5.02852495
v -1.45368096 -2.49681627 4.84683645
v -1.18875949 -2.61614142 5.00961952
v -1.17746534 -2.55255044 4.9475017
v -1.50941514 -2.56065277 4.87359867
v -1.48609026 -2.49730732 4.685281
v -1.35964489 -2.60435622 4.96591607
v -1.32723559 -2.54174734 4.90993637
v -1.36136356 -2.48674974 4.97254525
v -1.54894466 -2.56138934 4.68749072
v -1.66753324 -2.28517372 3.7679996
v -1.44214129 -2.61393169 4.8492917
v -1.38665264 -2.54984967 4.82228395
v -1.45368096 -2.49681627 4.84683645
v -1.73112421 -2.34851917 3.76578988
v -2.03508416 -1.89233372 2.54454853
v -1.47774241 -2.61368617 4.67104055
v -1.41488801 -2.54960414 4.66907635
v -1.48609026 -2.49730732 4.685281
v -1.66753324 -2.28517372 3.7679996
v -2.09695646 -1.95739785 2.54651273
v -2.24157069 -1.72390357 2.15490036
v -1.66311379 -2.39737864 3.73313505
v -1.59952281 -2.33378767 3.73534478
v -2.29926906 -1.79240505 2.16423031
v -2.35402113 -1.65491105 2.05104329
v -2.03336549 -2.00183787 2.50133613
v -1.97149319 -1.93677375 2.49937193
v -2.03508416 -1.89233372 2.54454853
v -2.39993431 -1.7300417 2.06896661
v -2.45763268 -1.60948892 2.04343201
v -2.47874783 -1.69493162 2.06110981
v -2.24648119 -1.82849722 2.10088486
v -2.18902834 -1.75999575 2.09155491
v -2.24157069 -1.72390357 2.15490036
v -2.37464523 -1.75017475 1.98524259
v -2.51189371 -1.6907577 1.97763131
v -2.32873206 -1.6750441 1.96707374
v -2.35402113 -1.65491105 2.05104329
v -2.49077856 -1.60506947 1.95995351
v -2.45763268 -1.60948892 2.04343201
v 0.400523828 -2.11625252 6.66372144
v 0.312871403 -2.24269789 6.61019699
v 0.319746103 -2.10741362 6.62566507
v 0.391930453 -2.26602277 6.64579812
v 0.451101978 -2.0993113 6.59129157
v 0.273096354 -2.30776202 6.60798727
v 0.440544403 -2.26602277 6.56993089
v 0.370078728 -2.09022687 6.55323519
v 0.315817703 -2.37380824 6.64383392
v 0.198211229 -2.31537329 6.62100009
v 0.361239828 -2.24269789 6.53457529
v 0.319746103 -2.10741362 6.62566507
v 0.312871403 -2.24269789 6.61019699
v 0.190108904 -2.39443234 6.66200277
v 0.0840421043 -2.28149084 6.60209467
v 0.332513403 -2.41481092 6.56821222
v 0.289546528 -2.34876469 6.53212004
v 0.273096354 -2.30776202 6.60798727
v 0.0432849545 -2.35195652 6.63843237
v -0.0237433702 -2.23803292 6.50805859
v 0.180533429 -2.44599259 6.58908184
v 0.188390229 -2.36693354 6.54807917
v 0.198211229 -2.31537329 6.62100009
v -0.0848790949 -2.30064179 6.52868269
v -0.05909897 -2.23287689 6.37154669
v 0.0499141295 -2.40940937 6.57115852
v 0.0909168043 -2.33894369 6.53482082
v 0.0840421043 -2.28149084 6.60209467
v -0.123180995 -2.29474919 6.38308637
v -0.067692345 -2.24515314 6.21195544
v -0.0428943201 -2.37159852 6.49283604
v 0.0179958796 -2.30898964 6.47221194
v -0.0237433702 -2.23803292 6.50805859
v -0.13226542 -2.30751649 6.21686594
v -0.06499157 -2.32273904 5.70224555
v -0.07186627 -2.36791564 6.37768482
v -0.00778424526 -2.30604334 6.36639067
v -0.05909897 -2.23287689 6.37154669
v -0.12931912 -2.38313819 5.72016887
v -0.0966642949 -2.33378767 5.59887952
v -0.0797230699 -2.38019189 6.22128539
v -0.0151499952 -2.31782854 6.21637489
v -0.067692345 -2.24515314 6.21195544
v -0.152152945 -2.39222262 5.6389001
v -0.185298819 -2.32912269 5.52865937
v -0.077513345 -2.45679569 5.7223786
v -0.0134313202 -2.39639654 5.70445527
v -0.06499157 -2.32273904 5.70224555
v -0.221145469 -2.38804869 5.58635775
v -0.407253419 -2.30211494 5.47513492
v -0.11115027 -2.46808984 5.61385655
v -0.0559071451 -2.40990042 5.57359045
v -0.0966642949 -2.33378767 5.59887952
v -0.424194643 -2.36325067 5.5387259
v -0.846006592 -2.25251889 5.4660505
v -0.203222144 -2.46342487 5.5406901
v -0.167375495 -2.40449887 5.48299172
v -0.185298819 -2.32912269 5.52865937
v -0.849934992 -2.31488224 5.53037805
v -1.30906674 -2.22968507 5.4866746
v -0.425667793 -2.43641712 5.4866746
v -0.408972094 -2.37528139 5.42308362
v -0.407253419 -2.30211494 5.47513492
v -1.30440176 -2.29253947 5.55075662
v -1.49100076 -2.24613524 5.48888432
v -0.857546267 -2.38731212 5.47759017
v -0.853617867 -2.32494877 5.41326262
v -0.846006592 -2.25251889 5.4660505
v -1.48216186 -2.30849859 5.55296635
v -1.64543599 -2.28762897 5.47611702
v -1.30317414 -2.36521487 5.49772322
v -1.30759359 -2.30236047 5.4336412
v -1.30906674 -2.22968507 5.4866746
v -1.63045896 -2.34827364 5.54093562
v -1.75960511 -2.36619697 5.43830617
v -1.46792141 -2.37945532 5.49993295
v -1.47676031 -2.31709197 5.4356054
v -1.49100076 -2.24613524 5.48888432
v -1.73726234 -2.42119457 5.50582555
v -1.80379961 -2.47447349 5.37324205
v -1.59215706 -2.41186462 5.49035747
v -1.60713409 -2.35146547 5.42553887
v -1.64543599 -2.28762897 5.47611702
v -1.78342104 -2.53339949 5.43806065
v -1.80036226 -2.59870914 5.17903177
v -1.66556904 -2.45974199 5.46776917
v -1.68791181 -2.40474439 5.4002498
v -1.75960511 -2.36619697 5.43830617
v -1.78170236 -2.67924134 5.2126687
v -1.76623429 -2.66794719 4.72996655
v -1.69527756 -2.53978314 5.42234705
v -1.71541061 -2.48085714 5.35752845
v -1.80379961 -2.47447349 5.37324205
v -1.74585571 -2.75510857 4.73610467
v -1.69036706 -2.64855072 4.15224623
v -1.69208574 -2.67261217 5.2136508
v -1.71074564 -2.59232549 5.1802594
v -1.80036226 -2.59870914 5.17903177
v -1.66851534 -2.73571209 4.1480723
v -1.56686799 -2.57022824 3.57280723
v -1.65673014 -2.74700624 4.74469805
v -1.67710871 -2.65984487 4.73855992
v -1.76623429 -2.66794719 4.72996655
v -1.54403416 -2.65665304 3.56347728
v -1.38714369 -2.46367039 3.11220233
v -1.58037186 -2.72760977 4.16354038
v -1.60222359 -2.64044839 4.16746878
v -1.69036706 -2.64855072 4.15224623
v -1.36308224 -2.54935862 3.09992608
v -1.20398204 -2.38019189 2.90522476
v -1.45810041 -2.65002387 3.58901188
v -1.48093424 -2.56359907 3.59834183
v -1.56686799 -2.57022824 3.57280723
v -1.17893849 -2.46563459 2.89196641
v -1.04660052 -2.33035032 2.84286141
v -1.02155697 -2.41554749 2.82960306
v -1.28770606 -2.54862204 3.14780346
v -1.31176751 -2.46268829 3.15983418
v -1.38714369 -2.46367039 3.11220233
v -1.13719924 -2.47913847 2.97053441
v -1.03088692 -2.44501049 2.91406366
v -1.16199727 -2.39369577 2.98379276
v -1.20398204 -2.38019189 2.90522476
v -1.05617599 -2.35981332 2.92707648
v -1.04660052 -2.33035032 2.84286141
v 2.23901502 -1.8969987 9.08386136
v 2.36865222 -1.8636073 9.09245473
v 2.23655977 -1.84568397 9.04924233
v 2.34360867 -1.90755627 9.12093563
v 2.24318894 -1.86999095 9.13935001
v 2.40548097 -1.9205691 9.09810181
v 2.35686702 -1.88300377 9.17937058
v 2.24073369 -1.81867622 9.10473098
v 2.35220204 -1.919587 9.12560061
v 2.36668802 -1.99668185 9.10988701
v 2.38191057 -1.83880927 9.14794338
v 2.23655977 -1.84568397 9.04924233
v 2.36865222 -1.8636073 9.09245473
v 2.37552692 -1.91099362 9.18624528
v 2.32715849 -1.95666127 9.12903796
v 2.1886824 -2.1248459 9.12903796
v 2.42905137 -1.91197572 9.15481808
v 2.40548097 -1.9205691 9.09810181
v 2.15971045 -2.07598642 9.15359046
v 1.78258405 -2.33845264 9.13885896
v 2.34508182 -1.96353597 9.19483865
v 2.38485687 -2.00331102 9.16881301
v 2.36668802 -1.99668185 9.10988701
v 1.7575405 -2.28738344 9.16341146
v 1.24120142 -2.57415664 9.10767728
v 2.17174117 -2.0875261 9.21325303
v 2.20071312 -2.13638557 9.18870053
v 2.1886824 -2.1248459 9.12903796
v 1.2144392 -2.52357849 9.13173873
v 1.04109855 -2.63995734 8.99228053
v 1.76269652 -2.30260599 9.2228285
v 1.7879856 -2.35367519 9.198276
v 1.78258405 -2.33845264 9.13885896
v 1.0101624 -2.59085234 9.01290463
v 0.9718605 -2.64928729 8.87246433
v 1.2036361 -2.54543022 9.18796396
v 1.23039832 -2.59600837 9.16439356
v 1.24120142 -2.57415664 9.10767728
v 0.939942251 -2.60042782 8.89284291
v 0.873896026 -2.64658652 8.76516991
v 0.979962825 -2.61835114 9.05390731
v 1.01089898 -2.66770167 9.03352873
v 1.04109855 -2.63995734 8.99228053
v 0.854499551 -2.59797257 8.79708816
v 0.643348052 -2.63799314 8.70722601
v 0.898448526 -2.63038187 8.92427011
v 0.930366776 -2.67948687 8.90413706
v 0.9718605 -2.64928729 8.87246433
v 0.645557777 -2.58987024 8.74577343
v 0.379654203 -2.62669899 8.76001388
v 0.825282076 -2.62841767 8.84128266
v 0.844433026 -2.67727714 8.80911888
v 0.873896026 -2.64658652 8.76516991
v 0.392667028 -2.57931267 8.79733368
v 0.0229063796 -2.61196749 8.90143628
v 0.644575677 -2.62178849 8.79856131
v 0.642365952 -2.66966587 8.76001388
v 0.643348052 -2.63799314 8.70722601
v 0.0430394295 -2.56458117 8.93580978
v -0.233176194 -2.60337412 9.07354931
v 0.406170903 -2.61147644 8.84840288
v 0.393158078 -2.65910829 8.81108308
v 0.379654203 -2.62669899 8.76001388
v -0.203222144 -2.55696989 9.10129363
v -0.352746869 -2.54272944 9.14941653
v 0.0668553544 -2.59723599 8.98245953
v 0.0467223045 -2.64462232 8.94808603
v 0.0229063796 -2.61196749 8.90143628
v -0.303150819 -2.51228434 9.16537566
v -0.384174069 -2.42635059 9.16586671
v -0.17547782 -2.58913367 9.14597918
v -0.205431869 -2.63578342 9.11848038
v -0.233176194 -2.60337412 9.07354931
v -0.323529394 -2.42438639 9.17691533
v -0.337524319 -2.20169522 9.14843443
v -0.297012694 -2.52922557 9.22331955
v -0.346363219 -2.55967067 9.20736043
v -0.352746869 -2.54272944 9.14941653
v -0.279334894 -2.21740882 9.16120173
v -0.222864144 -1.96500912 9.11995353
v -0.325984644 -2.42242219 9.23878763
v -0.386629319 -2.42438639 9.227739
v -0.384174069 -2.42635059 9.16586671
v -0.171794945 -1.99668185 9.13394846
v -0.06646472 -1.79117742 9.11872591
v -0.281299094 -2.21053412 9.22258298
v -0.339488519 -2.194575 9.2100612
v -0.337524319 -2.20169522 9.14843443
v -0.0306180702 -1.8390548 9.13296636
v 0.215889029 -1.68240985 9.14180526
v -0.17449572 -1.99103477 9.19557523
v -0.225564919 -1.95936205 9.18158031
v -0.222864144 -1.96500912 9.11995353
v 0.218098754 -1.74231795 9.15334493
v 0.372779503 -1.70966312 9.15359046
v -0.0357740951 -1.83586297 9.19459313
v -0.071620745 -1.7879856 9.18035268
v -0.06646472 -1.79117742 9.11872591
v 0.341352303 -1.76122337 9.16292041
v 0.457240103 -1.81278362 9.14327841
v 0.212451679 -1.74010822 9.2149717
v 0.210241954 -1.6799546 9.20343203
v 0.215889029 -1.68240985 9.14180526
v 0.400278303 -1.83168905 9.14254183
v 0.457976678 -1.93063562 9.06692013
v 0.398805153 -1.92302435 9.08287926
v 0.340370203 -1.7604868 9.2247927
v 0.371797403 -1.70892655 9.21546275
v 0.372779503 -1.70966312 9.15359046
v 0.404943278 -1.83831822 9.20785148
v 0.403961178 -1.93677375 9.14303288
v 0.461905078 -1.81965832 9.20662385
v 0.457240103 -1.81278362 9.14327841
v 0.463132703 -1.94438502 9.12682823
v 0.457976678 -1.93063562 9.06692013
v -2.29656829 -0.486212053 7.78724384
v -2.50379138 -0.486212053 7.83733094
v -2.50379138 0.324265969 7.83733094
v -2.29656829 0.324265969 7.78724384
v -2.31817449 -0.486212053 7.69934589
v -2.31817449 0.324265969 7.69934589
v -2.52490653 0.324265969 7.74967851
v -2.52490653 -0.486212053 7.74967851
v -2.29656829 -0.486212053 7.78724384
v -2.31817449 -0.486212053 7.69934589
v -2.52490653 -0.486212053 7.74967851
v -2.50379138 -0.486212053 7.83733094
v -2.50379138 -0.486212053 7.83733094
v -2.52490653 -0.486212053 7.74967851
v -2.52490653 0.324265969 7.74967851
v -2.50379138 0.324265969 7.83733094
v -2.50379138 0.324265969 7.83733094
v -2.52490653 0.324265969 7.74967851
v -2.31817449 0.324265969 7.69934589
v -2.29656829 0.324265969 7.78724384
v -2.29656829 0.324265969 7.78724384
v -2.31817449 0.324265969 7.69934589
v -2.31817449 -0.486212053 7.69934589
v -2.29656829 -0.486212053 7.78724384
v -2.60961266 0.324265969 7.36690504
v -2.40337166 0.324265969 7.31411716
v -2.40337166 -0.486212053 7.31411716
v -2.60961266 -0.486212053 7.36690504
v -2.63170991 0.324265969 7.27925261
v -2.63170991 -0.486212053 7.27925261
v -2.42571443 -0.486212053 7.22695579
v -2.42571443 0.324265969 7.22695579
v -2.60961266 0.324265969 7.36690504
v -2.63170991 0.324265969 7.27925261
v -2.42571443 0.324265969 7.22695579
v -2.40337166 0.324265969 7.31411716
v -2.40337166 0.324265969 7.31411716
v -2.42571443 0.324265969 7.22695579
v -2.42571443 -0.486212053 7.22695579
v -2.40337166 -0.486212053 7.31411716
v -2.40337166 -0.486212053 7.31411716
v -2.42571443 -0.486212053 7.22695579
v -2.63170991 -0.486212053 7.27925261
v -2.60961266 -0.486212053 7.36690504
v -2.60961266 -0.486212053 7.36690504
v -2.63170991 -0.486212053 7.27925261
v -2.63170991 0.324265969 7.27925261
v -2.60961266 0.324265969 7.36690504
v -2.78123463 1.50229491 0.360358144
v -2.78933696 1.58921076 0.605637618
v -2.80652371 1.54771704 0.350291619
v -2.76453893 1.54280654 0.609811543
v -2.83058516 1.48584474 0.370424669
v -2.77558756 1.61720061 0.999705241
v -2.81413498 1.52512874 0.614230993
v -2.85587423 1.53126686 0.360358144
v -2.75103506 1.57055086 1.00142392
v -2.76502998 1.63389631 1.50794199
v -2.83893301 1.57177849 0.610057068
v -2.80652371 1.54771704 0.350291619
v -2.78933696 1.58921076 0.605637618
v -2.74023196 1.58724656 1.50867856
v -2.75668213 1.64126206 2.10383116
v -2.80087663 1.55287306 1.00387917
v -2.82542913 1.59952281 1.00216049
v -2.77558756 1.61720061 0.999705241
v -2.73212963 1.59461231 2.10383116
v -2.75054401 1.64126206 2.76011948
v -2.79007353 1.56932324 1.50990619
v -2.81487156 1.61621851 1.50916961
v -2.76502998 1.63389631 1.50794199
v -2.72599151 1.59436679 2.75962843
v -2.78295331 1.63536946 3.45004473
v -2.78197121 1.57693451 2.10432221
v -2.80652371 1.62358426 2.10432221
v -2.75668213 1.64126206 2.10383116
v -2.75840081 1.58871971 3.44930816
v -2.79252878 1.62554846 4.14635363
v -2.77583308 1.57668899 2.76011948
v -2.80063111 1.62358426 2.76036501
v -2.75054401 1.64126206 2.76011948
v -2.76797628 1.57889871 4.14561705
v -2.74145958 1.61376326 4.82203842
v -2.77141363 1.57079639 3.44955368
v -2.83279488 1.61769166 3.45004473
v -2.78295331 1.63536946 3.45004473
v -2.71690708 1.56686799 4.82105632
v -2.74047748 1.60124149 5.44960032
v -2.78639066 1.55802909 4.1461081
v -2.84237036 1.60787066 4.14635363
v -2.79252878 1.62554846 4.14635363
v -2.71567946 1.55434621 5.44861822
v -2.71101448 1.59019286 6.00203157
v -2.76674866 1.54919019 4.8208108
v -2.79130116 1.59583994 4.8217929
v -2.74145958 1.61376326 4.82203842
v -2.68646198 1.54329759 6.00104947
v -2.73875881 1.58233606 6.45207889
v -2.76552103 1.53666841 5.4483727
v -2.79031906 1.58356369 5.4493548
v -2.74047748 1.60124149 5.44960032
v -2.75054401 1.52561979 6.00080394
v -2.76085606 1.57251506 6.00178604
v -2.71101448 1.59019286 6.00203157
v -2.71396078 1.53544079 6.45134232
v -2.78860038 1.56441274 6.45207889
v -2.73875881 1.58233606 6.45207889
v -2.73728566 1.57914424 6.77248902
v -2.78712723 1.56146644 6.77273454
v -2.76257473 1.51457116 6.77248902
v -2.76380236 1.51776299 6.45134232
v -2.71273316 1.53249449 6.77224349
v -2.73728566 1.57914424 6.77248902
v -2.73728566 1.57914424 6.77248902
v -2.71273316 1.53249449 6.77224349
v -2.78712723 1.56146644 6.77273454
v -2.76257473 1.51457116 6.77248902
v -1.39549154 -2.30211494 0.537136143
v -1.51113381 -2.25178232 1.92656211
v -1.49812099 -2.27461614 0.537627193
v -1.40850436 -2.27928112 1.92803526
v -1.36799274 -2.40474439 0.536890618
v -1.43133819 -2.25178232 2.69996586
v -1.38100556 -2.38191057 1.92828079
v -1.44312339 -2.47987504 0.537381668
v -1.32870874 -2.27928112 2.70119348
v -1.42004404 -2.25178232 3.62706825
v -1.45613621 -2.45704122 1.92729869
v -1.54575284 -2.45237624 0.538118243
v -1.30120994 -2.38191057 2.70168453
v -1.31741459 -2.27928112 3.62829588
v -1.29973679 -2.52235087 4.7294755
v -1.55876566 -2.42954242 1.92607106
v -1.57325164 -2.34974679 0.538118243
v -1.37634059 -2.45704122 2.70070243
v -1.28991579 -2.38191057 3.62878693
v -1.19710734 -2.54984967 4.73070312
v -1.56416721 -2.49878047 5.36440315
v -1.58626446 -2.32691297 1.92558001
v -1.49812099 -2.27461614 0.537627193
v -1.51113381 -2.25178232 1.92656211
v -1.47897004 -2.42954242 2.69922928
v -1.50646884 -2.32691297 2.69873823
v -1.43133819 -2.25178232 2.69996586
v -1.36504644 -2.45704122 3.62780483
v -1.16960854 -2.65247912 4.73119417
v -1.46153776 -2.52627927 5.36563077
v -1.57226954 -2.33059584 5.88933559
v -1.49517469 -2.32691297 3.62584063
v -1.42004404 -2.25178232 3.62706825
v -1.46767589 -2.42954242 3.62633168
v -1.24473919 -2.72760977 4.73021207
v -1.43403896 -2.62890872 5.3658763
v -1.46964009 -2.35809464 5.89031769
v -1.58405474 -2.30727097 7.40422484
v -1.37486744 -2.59748152 4.7284934
v -1.29973679 -2.52235087 4.7294755
v -1.34736864 -2.70011097 4.72873892
v -1.50916961 -2.70403937 5.3648942
v -1.45834594 -2.34115342 7.40496141
v -1.58012634 -2.32789507 7.98759224
v -1.44214129 -2.46072409 5.89056322
v -1.63929786 -2.57391112 5.36342105
v -1.56416721 -2.49878047 5.36440315
v -1.61179906 -2.67654057 5.3639121
v -1.47749689 -2.35539387 7.98734671
v -1.58847419 -2.35269309 8.41775203
v -1.51727194 -2.53585474 5.88982664
v -1.42446349 -2.46686222 7.40496141
v -1.64740019 -2.40572649 5.88859902
v -1.57226954 -2.33059584 5.88933559
v -1.61990139 -2.50835594 5.88884454
v -1.46571169 -2.38633002 8.38878008
v -1.55557384 -2.40204362 8.62841248
v -1.51678089 -2.55917962 7.40447036
v -1.44999809 -2.45802332 7.98734671
v -1.67637214 -2.39958837 7.40348826
v -1.58405474 -2.30727097 7.40422484
v -1.64248969 -2.52529717 7.40373379
v -1.47307744 -2.42635059 8.56629466
v -1.43477554 -2.44009999 8.73988083
v -1.52512874 -2.53315397 7.98734671
v -1.43305686 -2.51228434 8.38116881
v -1.65525699 -2.40302572 7.98759224
v -1.58012634 -2.32789507 7.98759224
v -1.62775819 -2.50565517 7.98759224
v -1.39843784 -2.46759879 8.64388056
v -1.27469324 -2.44009999 8.74871973
v -1.52267349 -2.60460174 8.40228396
v -1.43968604 -2.54371154 8.55917443
v -1.67809081 -2.44476497 8.43911271
v -1.58847419 -2.35269309 8.41775203
v -1.64519046 -2.57071929 8.43125591
v -1.25726096 -2.46759879 8.64756343
v -0.263130244 -2.44009999 8.71974778
v -1.51309801 -2.61933324 8.59772186
v -1.38861684 -2.57022824 8.61810043
v -1.61670956 -2.47840189 8.67678091
v -1.55557384 -2.40204362 8.62841248
v -1.59927729 -2.58864262 8.66548676
v -0.261166044 -2.46759879 8.61711833
v 2.64609547 -2.44132762 8.63209536
v -1.41537906 -2.64535889 8.68832058
v -1.25259599 -2.57022824 8.62031016
v -1.46129224 -2.51523064 8.81010098
v -1.43477554 -2.44009999 8.73988083
v -1.45147124 -2.61786009 8.78432086
v 2.64855072 -2.46833537 8.52946591
v 2.83514972 -2.35883122 8.63209536
v -1.28746054 -2.51523064 8.82262276
v -1.27469324 -2.44009999 8.74871973
v -1.26536329 -2.64535889 8.69445871
v -1.28279556 -2.61786009 8.79561501
v -0.260674994 -2.57022824 8.58961953
v -0.262148144 -2.64535889 8.66475018
v 2.85356409 -2.37700007 8.52922038
v 3.02125767 -2.12410932 8.63381403
v 2.66401879 -2.56949167 8.50147606
v -0.264603394 -2.51523064 8.79487843
v -0.263130244 -2.44009999 8.71974778
v -0.264112344 -2.61786009 8.76737963
v 3.04679227 -2.13221165 8.53093906
v 3.09638832 -1.72046622 8.63749691
v 2.92476634 -2.44746574 8.50073948
v 2.67703162 -2.64388574 8.57611566
v 2.65935382 -2.51572169 8.70698048
v 2.64609547 -2.44132762 8.63209536
v 2.67482189 -2.61687799 8.67899063
v 3.12315054 -1.7241491 8.53462193
v 3.09786147 -0.678949177 8.64682686
v 3.14352912 -2.16633962 8.50270368
v 2.97730869 -2.49976257 8.57537908
v 2.88769207 -2.41112804 8.70648943
v 2.83514972 -2.35883122 8.63209536
v 2.95889432 -2.48159372 8.67825406
v 3.12511474 -0.679440227 8.54395188
v 3.12658789 0.383928544 8.65296498
v 3.22406132 -1.74133585 8.50663208
v 3.21448584 -2.19211975 8.57734328
v 3.09245992 -2.14988945 8.70845363
v 3.02125767 -2.12410932 8.63381403
v 3.18895124 -2.1837719 8.68021826
v 3.15359564 0.383683019 8.55033553
v 3.14917619 0.993321591 8.65689338
v 3.22749867 -0.684105202 8.51596203
v 3.29820987 -1.75508525 8.58151721
v 3.17053687 -1.7339701 8.71213651
v 3.09638832 -1.72046622 8.63749691
v 3.27144764 -1.75140237 8.68414666
v 3.17544737 0.978835616 8.55573708
v 3.17667499 1.45024361 8.49656556
v 3.25597957 0.381227769 8.52234568
v 3.30262932 -0.688279127 8.59084716
v 3.17323764 -0.683123102 8.72146646
v 3.09786147 -0.678949177 8.64682686
v 3.27562157 -0.687788077 8.69372213
v 3.20024539 1.38640711 8.41603336
v 3.16930924 1.59731309 8.25325028
v 3.27758577 0.969751191 8.52823828
v 3.33160127 0.379509094 8.59723081
v 3.20196407 0.382209869 8.72785011
v 3.12658789 0.383928544 8.65296498
v 3.30434799 0.380000144 8.70010578
v 3.19582594 1.49934861 8.22697911
v 3.09491517 1.60320569 8.07647228
v 3.30164722 1.36430986 8.39369058
v 3.35345299 0.975398266 8.60214131
v 3.22479789 0.998723141 8.73079641
v 3.14917619 0.993321591 8.65689338
v 3.32718182 0.989638716 8.70329761
v 3.10129882 1.50254044 8.04971006
v 3.01364639 1.61032591 8.06763338
v 2.97190714 1.51972719 8.03105016
v 3.29575462 1.47455059 8.20169003
v 3.37972416 1.40580359 8.45188001
v 3.14794857 1.47872451 7.96377631
v 2.94784569 1.50990619 7.92792966
v 3.25450642 1.49198286 8.55475498
v 3.17667499 1.45024361 8.49656556
v 3.35615376 1.46988561 8.53241221
v 3.36916659 1.54747151 8.20291766
v 3.18821467 1.55581936 7.90460479
v 2.96576902 1.59068391 7.86139239
v 3.34264989 1.64543599 8.22918883
v 3.24272122 1.67047954 8.25447791
v 3.16930924 1.59731309 8.25325028
v 3.18183102 1.65648461 7.93112149
v 3.00775379 1.68128264 7.89797561
v 3.13518127 1.68030054 8.01705524
v 3.09491517 1.60320569 8.07647228
v 3.03156972 1.69110364 8.00109611
v 3.01364639 1.61032591 8.06763338
v -1.73357946 -0.0864973543 4.35996038
v -1.72474056 -0.147633079 4.2227119
v -1.73112421 -0.119152179 4.37076348
v -1.72744134 -0.113750629 4.21829245
v -1.76795296 -0.0833055293 4.361188
v -1.68692971 -0.139776279 4.01008725
v -1.76156931 -0.111786429 4.2148551
v -1.76549771 -0.115960354 4.3719911
v -1.69061259 -0.105648304 4.01303355
v -1.69601414 -0.102702004 3.81857775
v -1.75886854 -0.145668879 4.21927455
v -1.73112421 -0.119152179 4.37076348
v -1.72474056 -0.147633079 4.2227119
v -1.69969701 -0.0693106044 3.82569798
v -1.77949264 -0.0786405544 3.7080915
v -1.72474056 -0.103929629 4.00885963
v -1.72105769 -0.138057604 4.00591333
v -1.68692971 -0.139776279 4.01008725
v -1.78292999 -0.0452491545 3.71545725
v -1.89709911 -0.0756942544 3.6452371
v -1.73259736 -0.0698016544 3.83748318
v -1.72866896 -0.103193054 3.83036295
v -1.69601414 -0.102702004 3.81857775
v -1.90127304 -0.0423028545 3.65235733
v -2.09916619 -0.0837965793 3.60619863
v -1.80576381 -0.0484409795 3.74197395
v -1.80208094 -0.0818323793 3.7346082
v -1.77949264 -0.0786405544 3.7080915
v -2.09916619 -0.0506507045 3.61700173
v -2.29705934 -0.0472133545 3.55930335
v -1.91330376 -0.0457402045 3.6845211
v -1.90937536 -0.0791316044 3.67740088
v -1.89709911 -0.0756942544 3.6452371
v -2.28011811 -0.0194690296 3.5764901
v -2.35156588 0.0222702202 3.54678158
v -2.10653194 -0.0538425295 3.64990208
v -2.10677746 -0.0872339293 3.6393445
v -2.09916619 -0.0837965793 3.60619863
v -2.32308499 0.0347919951 3.56740568
v -2.35917716 0.11360552 3.5470271
v -2.28895701 -0.0221698046 3.60914493
v -2.30589824 -0.0499141295 3.59195818
v -2.29705934 -0.0472133545 3.55930335
v -2.32848654 0.111395795 3.5676512
v -2.31547371 0.274669919 3.55169208
v -2.33339704 0.0340554201 3.59956945
v -2.36187793 0.0215336452 3.57919088
v -2.35156588 0.0222702202 3.54678158
v -2.28674729 0.263375769 3.56789673
v -2.19713066 0.544747418 3.58164613
v -2.33904411 0.112377895 3.59981498
v -2.36973473 0.11458762 3.5794364
v -2.35917716 0.11360552 3.5470271
v -2.16864976 0.532716693 3.59588658
v -2.17797971 0.680522742 3.60276128
v -2.29705934 0.265094444 3.60055155
v -2.32603129 0.276634119 3.5843469
v -2.31547371 0.274669919 3.55169208
v -2.14851671 0.683960092 3.61798383
v -2.21971896 0.766702017 3.59146713
v -2.17920734 0.533944318 3.62878693
v -2.20793376 0.545975043 3.61454648
v -2.19713066 0.544747418 3.58164613
v -2.15931981 0.681013792 3.65063865
v -2.18878281 0.677576442 3.6354161
v -2.17797971 0.680522742 3.60276128
v -2.20375984 0.792973192 3.60227023
v -2.22733024 0.758354167 3.62510405
v -2.21971896 0.766702017 3.59146713
v -2.21161664 0.784625342 3.6363982
v -2.47531048 0.839868467 3.5303314
v -2.48537701 0.810896517 3.51633648
v -2.48022098 0.830538517 3.56347728
v -2.49053303 0.801566567 3.54923683
v -2.48537701 0.810896517 3.51633648
v -2.57769441 0.866385166 3.51731858
v -2.59144381 0.838640842 3.50209603
v -2.64521378 0.908369941 3.49964078
v -2.58309596 0.857055217 3.55021893
v -2.59659983 0.829310892 3.53499638
v -2.59144381 0.838640842 3.50209603
v -2.61599631 0.909597566 3.51486333
v -2.58137728 1.00731652 3.5028326
v -2.65380716 0.905423641 3.5322956
v -2.64521378 0.908369941 3.49964078
v -2.62458968 0.906405741 3.54751815
v -2.55952556 0.983746116 3.51633648
v -2.45051246 1.10282574 3.48540033
v -2.58604226 1.01320912 3.53548743
v -2.58137728 1.00731652 3.5028326
v -2.56419053 0.989884241 3.5489913
v -2.42915178 1.07876429 3.49767658
v -2.34272699 1.18949607 3.41910858
v -2.44830273 1.11411989 3.51780963
v -2.45051246 1.10282574 3.48540033
v -2.42718758 1.08981292 3.52984035
v -2.31400056 1.17181827 3.42500118
v -2.31768344 1.24228394 3.32900091
v -2.33045074 1.20962911 3.44366108
v -2.34272699 1.18949607 3.41910858
v -2.30172431 1.19195132 3.44930816
v -2.28551966 1.23270846 3.32138963
v -2.34911063 1.27150141 3.23643798
v -2.31964764 1.26487224 3.21974228
v -2.26931501 1.26143489 3.33121063
v -2.30638929 1.29654496 3.22047886
v -2.30147879 1.27101036 3.33882191
v -2.31768344 1.24228394 3.32900091
v -2.33585229 1.30317414 3.23717456
v -2.34911063 1.27150141 3.23643798
v 1.7359343 -0.737384126 11.4902519
v 1.7447732 -1.02808573 11.5130857
v 1.76097785 -1.02513943 11.574958
v 1.71948412 -0.740330426 11.4273975
v 1.76294205 2.43921831 11.2783638
v 1.7467374 2.43651753 11.2155094
v 1.76097785 -1.02513943 11.574958
v 1.7447732 -1.02808573 11.5130857
v 0.287091278 -1.02808573 11.5170141
v 0.287336803 -1.02513943 11.5788864
v 0.289301003 2.41982183 11.2805735
v 0.289301003 2.41712106 11.2177191
v 1.7467374 2.43651753 11.2155094
v 1.76294205 2.43921831 11.2783638
v 0.287336803 -1.02513943 11.5788864
v 0.287091278 -1.02808573 11.5170141
v 0.287091278 -0.744995401 11.4286251
v 0.287336803 -0.742294626 11.491234
v 0.289301003 2.41982183 11.2805735
v 0.289301003 2.41712106 11.2177191
v 0.287091278 -0.744995401 11.4286251
v 0.287091278 -1.02808573 11.5170141
v 1.7447732 -1.02808573 11.5130857
v 1.71948412 -0.740330426 11.4273975
v 0.289301003 2.41712106 11.2177191
v 1.7467374 2.43651753 11.2155094
v 1.76097785 -1.02513943 11.574958
v 0.287336803 -1.02513943 11.5788864
v 0.287336803 -0.742294626 11.491234
v 1.7359343 -0.737384126 11.4902519
v 1.76294205 2.43921831 11.2783638
v 0.289301003 2.41982183 11.2805735
v 2.72564557 2.43651753 11.2155094
v 2.74185022 2.43921831 11.2773817
v 1.26820917 2.41982183 11.2795914
v 1.26796365 2.41712106 11.2177191
v 1.26599945 -1.02808573 11.5170141
v 1.26599945 -1.02513943 11.5779043
v 2.73988602 -1.02513943 11.5739759
v 2.72343584 -1.02808573 11.5130857
v 2.71459694 -0.737384126 11.4892698
v 2.72343584 -1.02808573 11.5130857
v 2.73988602 -1.02513943 11.5739759
v 2.69839229 -0.740330426 11.4273975
v 2.74185022 2.43921831 11.2773817
v 2.72564557 2.43651753 11.2155094
v 1.26599945 -1.02513943 11.5779043
v 1.26599945 -1.02808573 11.5170141
v 1.26599945 -0.744995401 11.4286251
v 1.26599945 -0.742294626 11.4902519
v 1.26820917 2.41982183 11.2795914
v 1.26796365 2.41712106 11.2177191
v 1.26599945 -0.744995401 11.4286251
v 1.26599945 -1.02808573 11.5170141
v 2.72343584 -1.02808573 11.5130857
v 2.69839229 -0.740330426 11.4273975
v 2.72564557 2.43651753 11.2155094
v 1.26796365 2.41712106 11.2177191
v 2.73988602 -1.02513943 11.5739759
v 1.26599945 -1.02513943 11.5779043
v 1.26599945 -0.742294626 11.4902519
v 2.71459694 -0.737384126 11.4892698
v 2.74185022 2.43921831 11.2773817
v 1.26820917 2.41982183 11.2795914
v 4.00605844 -2.22993059 10.0949333
v 4.00556739 -2.28738344 10.0949333
v 4.00556739 -2.28738344 10.1639258
v 4.00605844 -2.22993059 10.1639258
v 3.96579234 -2.18892792 10.0949333
v 3.96579234 -2.18892792 10.1639258
v 3.90833949 -2.18843687 10.0949333
v 3.90833949 -2.18843687 10.1639258
v 3.86733681 -2.22870297 10.0949333
v 3.86733681 -2.22870297 10.1639258
v 3.86684576 -2.28615582 10.0949333
v 3.86684576 -2.28615582 10.1639258
v 3.90711186 -2.32715849 10.0949333
v 3.90711186 -2.32715849 10.1639258
v 3.96481024 -2.32764954 10.0949333
v 3.96481024 -2.32764954 10.1639258
v 4.00556739 -2.28738344 10.0949333
v 4.00556739 -2.28738344 10.1639258
v 4.00556739 -2.28738344 10.1639258
v 3.98690749 -2.38264714 10.1639258
v 4.06007394 -2.31046279 10.1639258
v 3.96481024 -2.32764954 10.1639258
v 3.88403251 -2.38166504 10.1639258
v 3.90711186 -2.32715849 10.1639258
v 3.81209369 -2.30849859 10.1639258
v 3.86684576 -2.28615582 10.1639258
v 3.81283026 -2.20562362 10.1639258
v 3.86733681 -2.22870297 10.1639258
v 3.88624224 -2.13343927 10.1639258
v 3.90833949 -2.18843687 10.1639258
v 3.98887169 -2.13442137 10.1639258
v 3.96579234 -2.18892792 10.1639258
v 4.06105604 -2.20758782 10.1639258
v 4.00605844 -2.22993059 10.1639258
v 4.06007394 -2.31046279 10.1639258
v 4.00556739 -2.28738344 10.1639258
v 4.06105604 -2.20758782 10.1639258
v 4.06007394 -2.31046279 10.1639258
v 4.06007394 -2.31046279 10.2199055
v 4.06105604 -2.20758782 10.2199055
v 3.98887169 -2.13442137 10.1639258
v 3.98887169 -2.13442137 10.2199055
v 3.88624224 -2.13343927 10.1639258
v 3.88624224 -2.13343927 10.2199055
v 3.81283026 -2.20562362 10.1639258
v 3.81283026 -2.20562362 10.2199055
v 3.81209369 -2.30849859 10.1639258
v 3.81209369 -2.30849859 10.2199055
v 3.88403251 -2.38166504 10.1639258
v 3.88403251 -2.38166504 10.2199055
v 3.98690749 -2.38264714 10.1639258
v 3.98690749 -2.38264714 10.2199055
v 4.06007394 -2.31046279 10.1639258
v 4.06007394 -2.31046279 10.2199055
v 3.81283026 -2.20562362 10.2199055
v 3.88624224 -2.13343927 10.2199055
v 3.98887169 -2.13442137 10.2199055
v 4.06105604 -2.20758782 10.2199055
v 3.81209369 -2.30849859 10.2199055
v 4.06007394 -2.31046279 10.2199055
v 3.88403251 -2.38166504 10.2199055
v 3.98690749 -2.38264714 10.2199055
v 4.05319924 -2.21077965 10.4381772
v 4.05246266 -2.30727097 10.3289186
v 4.05246266 -2.30727097 10.4381772
v 4.05319924 -2.21077965 10.3289186
v 3.98567986 -2.14203265 10.4381772
v 3.98567986 -2.14203265 10.3289186
v 3.88918854 -2.14129607 10.4381772
v 3.88918854 -2.14129607 10.3289186
v 3.82068706 -2.20881545 10.4381772
v 3.82068706 -2.20881545 10.3289186
v 3.81995049 -2.30530677 10.4381772
v 3.81995049 -2.30530677 10.3289186
v 3.88746986 -2.37405377 10.4381772
v 3.88746986 -2.37405377 10.3289186
v 3.98371566 -2.37479034 10.4381772
v 3.98371566 -2.37479034 10.3289186
v 4.05246266 -2.30727097 10.4381772
v 4.05246266 -2.30727097 10.3289186
v 3.64783746 -0.350682253 10.0465649
v 3.64734641 -0.408135103 10.0465649
v 3.64734641 -0.408135103 10.1140843
v 3.64783746 -0.350682253 10.1140843
v 3.60757136 -0.309679578 10.0465649
v 3.60757136 -0.309679578 10.1140843
v 3.55011851 -0.309188528 10.0465649
v 3.55011851 -0.309188528 10.1140843
v 3.50911584 -0.349454628 10.0465649
v 3.50911584 -0.349454628 10.1140843
v 3.50862479 -0.406907478 10.0465649
v 3.50862479 -0.406907478 10.1140843
v 3.54889089 -0.447910153 10.0465649
v 3.54889089 -0.447910153 10.1140843
v 3.60634374 -0.448401203 10.0465649
v 3.60634374 -0.448401203 10.1140843
v 3.64734641 -0.408135103 10.0465649
v 3.64734641 -0.408135103 10.1140843
v 3.64734641 -0.408135103 10.1140843
v 3.62868651 -0.503153277 10.1140843
v 3.70185296 -0.431214453 10.1140843
v 3.60634374 -0.448401203 10.1140843
v 3.52581154 -0.502416702 10.1140843
v 3.54889089 -0.447910153 10.1140843
v 3.45387271 -0.429250253 10.1140843
v 3.50862479 -0.406907478 10.1140843
v 3.45460929 -0.326375278 10.1140843
v 3.50911584 -0.349454628 10.1140843
v 3.52777574 -0.254190929 10.1140843
v 3.55011851 -0.309188528 10.1140843
v 3.63065071 -0.255173029 10.1140843
v 3.60757136 -0.309679578 10.1140843
v 3.70283506 -0.328339478 10.1140843
v 3.64783746 -0.350682253 10.1140843
v 3.70185296 -0.431214453 10.1140843
v 3.64734641 -0.408135103 10.1140843
v 3.70283506 -0.328339478 10.1140843
v 3.70185296 -0.431214453 10.1140843
v 3.70185296 -0.431214453 10.1688363
v 3.70283506 -0.328339478 10.1688363
v 3.63065071 -0.255173029 10.1140843
v 3.63065071 -0.255173029 10.1688363
v 3.52777574 -0.254190929 10.1140843
v 3.52777574 -0.254190929 10.1688363
v 3.45460929 -0.326375278 10.1140843
v 3.45460929 -0.326375278 10.1688363
v 3.45387271 -0.429250253 10.1140843
v 3.45387271 -0.429250253 10.1688363
v 3.52581154 -0.502416702 10.1140843
v 3.52581154 -0.502416702 10.1688363
v 3.62868651 -0.503153277 10.1140843
v 3.62868651 -0.503153277 10.1688363
v 3.70185296 -0.431214453 10.1140843
v 3.70185296 -0.431214453 10.1688363
v 3.45460929 -0.326375278 10.1688363
v 3.52777574 -0.254190929 10.1688363
v 3.63065071 -0.255173029 10.1688363
v 3.70283506 -0.328339478 10.1688363
v 3.45387271 -0.429250253 10.1688363
v 3.70185296 -0.431214453 10.1688363
v 3.52581154 -0.502416702 10.1688363
v 3.62868651 -0.503153277 10.1688363
v 3.69497826 -0.331531303 10.3898088
v 3.69424169 -0.427777103 10.2807957
v 3.69424169 -0.427777103 10.3898088
v 3.69497826 -0.331531303 10.2807957
v 3.62745889 -0.262784304 10.3898088
v 3.62745889 -0.262784304 10.2807957
v 3.53096756 -0.262047729 10.3898088
v 3.53096756 -0.262047729 10.2807957
v 3.46246609 -0.329567103 10.3898088
v 3.46246609 -0.329567103 10.2807957
v 3.46148399 -0.426058428 10.3898088
v 3.46148399 -0.426058428 10.2807957
v 3.52924889 -0.494559903 10.3898088
v 3.52924889 -0.494559903 10.2807957
v 3.62549469 -0.495542003 10.3898088
v 3.62549469 -0.495542003 10.2807957
v 3.69424169 -0.427777103 10.3898088
v 3.69424169 -0.427777103 10.2807957
v 4.00630396 -2.22870297 10.9606544
v 4.00581291 -2.28615582 10.9606544
v 4.00581291 -2.28615582 11.039468
v 4.00630396 -2.22870297 11.039468
v 3.96603786 -2.18794582 10.9606544
v 3.96603786 -2.18794582 11.039468
v 3.90858501 -2.18745477 10.9606544
v 3.90858501 -2.18745477 11.039468
v 3.86758234 -2.22772087 10.9606544
v 3.86758234 -2.22772087 11.039468
v 3.86709129 -2.28517372 10.9606544
v 3.86709129 -2.28517372 11.039468
v 3.90735739 -2.32617639 10.9606544
v 3.90735739 -2.32617639 11.039468
v 3.96481024 -2.32666744 10.9606544
v 3.96481024 -2.32666744 11.039468
v 4.00581291 -2.28615582 10.9606544
v 4.00581291 -2.28615582 11.039468
v 4.00581291 -2.28615582 11.039468
v 3.98715301 -2.38141952 11.039468
v 4.06031946 -2.30948069 11.039468
v 3.96481024 -2.32666744 11.039468
v 3.88427804 -2.38068294 11.039468
v 3.90735739 -2.32617639 11.039468
v 3.81233921 -2.30727097 11.039468
v 3.86709129 -2.28517372 11.039468
v 3.81307579 -2.20464152 11.039468
v 3.86758234 -2.22772087 11.039468
v 3.88624224 -2.13245717 11.039468
v 3.90858501 -2.18745477 11.039468
v 3.98911721 -2.13319375 11.039468
v 3.96603786 -2.18794582 11.039468
v 4.06130156 -2.20660572 11.039468
v 4.00630396 -2.22870297 11.039468
v 4.06031946 -2.30948069 11.039468
v 4.00581291 -2.28615582 11.039468
v 4.06130156 -2.20660572 11.039468
v 4.06031946 -2.30948069 11.039468
v 4.06031946 -2.30948069 11.1033045
v 4.06130156 -2.20660572 11.1033045
v 3.98911721 -2.13319375 11.039468
v 3.98911721 -2.13319375 11.1033045
v 3.88624224 -2.13245717 11.039468
v 3.88624224 -2.13245717 11.1033045
v 3.81307579 -2.20464152 11.039468
v 3.81307579 -2.20464152 11.1033045
v 3.81233921 -2.30727097 11.039468
v 3.81233921 -2.30727097 11.1033045
v 3.88427804 -2.38068294 11.039468
v 3.88427804 -2.38068294 11.1033045
v 3.98715301 -2.38141952 11.039468
v 3.98715301 -2.38141952 11.1033045
v 4.06031946 -2.30948069 11.039468
v 4.06031946 -2.30948069 11.1033045
v 3.81307579 -2.20464152 11.1033045
v 3.88624224 -2.13245717 11.1033045
v 3.98911721 -2.13319375 11.1033045
v 4.06130156 -2.20660572 11.1033045
v 3.81233921 -2.30727097 11.1033045
v 4.06031946 -2.30948069 11.1033045
v 3.88427804 -2.38068294 11.1033045
v 3.98715301 -2.38141952 11.1033045
v 4.05344476 -2.20979755 11.3230493
v 4.05270819 -2.30604334 11.2140362
v 4.05270819 -2.30604334 11.3230493
v 4.05344476 -2.20979755 11.2140362
v 3.98592539 -2.14105055 11.3230493
v 3.98592539 -2.14105055 11.2140362
v 3.88943406 -2.14031397 11.3230493
v 3.88943406 -2.14031397 11.2140362
v 3.82093259 -2.20783335 11.3230493
v 3.82093259 -2.20783335 11.2140362
v 3.81995049 -2.30407914 11.3230493
v 3.81995049 -2.30407914 11.2140362
v 3.88771539 -2.37282614 11.3230493
v 3.88771539 -2.37282614 11.2140362
v 3.98396119 -2.37356272 11.3230493
v 3.98396119 -2.37356272 11.2140362
v 4.05270819 -2.30604334 11.3230493
v 4.05270819 -2.30604334 11.2140362
v -1.93417339 1.52463769 0.360358144
v -1.99138071 1.59117496 0.606374193
v -1.97984104 1.54943571 0.350782669
v -1.94546754 1.56539484 0.611039168
v -1.96682821 1.48412606 0.369933619
v -2.00537564 1.61916481 1.00068734
v -1.97787684 1.52365559 0.614722043
v -2.01249586 1.50892409 0.360358144
v -1.95921694 1.59338469 1.00363364
v -2.02035266 1.63586051 1.50916961
v -2.02379001 1.54943571 0.609811543
v -1.97984104 1.54943571 0.350782669
v -1.99138071 1.59117496 0.606374193
v -1.97419396 1.61008039 1.51088829
v -2.03532969 1.64347179 2.10481326
v -1.99162624 1.55139991 1.00461574
v -2.03753941 1.57718004 1.00191497
v -2.00537564 1.61916481 1.00068734
v -1.98917099 1.61744614 2.10604089
v -2.04883356 1.64322626 2.76134711
v -2.00660326 1.56809561 1.51113381
v -2.05251644 1.59387574 1.50916961
v -2.02035266 1.63586051 1.50916961
v -2.00267486 1.61744614 2.76208368
v -2.05963666 1.63733366 3.45102683
v -2.02133476 1.57546136 2.10554984
v -2.06749346 1.60148701 2.10432221
v -2.03532969 1.64347179 2.10481326
v -2.01372349 1.61155354 3.45127236
v -2.06651136 1.62751266 4.14733573
v -2.03508416 1.57546136 2.76110158
v -2.08099734 1.60124149 2.76061053
v -2.04883356 1.64322626 2.76134711
v -2.02035266 1.60173254 4.1470902
v -2.04220439 1.61548194 4.82252947
v -2.04588726 1.56956876 3.45053578
v -2.09204596 1.59534889 3.45029026
v -2.05963666 1.63733366 3.45102683
v -1.99604569 1.58970181 4.82203842
v -2.06307401 1.60296016 5.45009137
v -2.05276196 1.55974776 4.1461081
v -2.09892066 1.58552789 4.14635363
v -2.06651136 1.62751266 4.14733573
v -2.01716084 1.57718004 5.44886375
v -2.01642426 1.59191154 6.00252262
v -2.05423511 1.54771704 4.82130185
v -2.07436816 1.57349716 4.82203842
v -2.04220439 1.61548194 4.82252947
v -1.97026556 1.56613141 6.00031289
v -2.02820946 1.58380921 6.45281547
v -2.04932461 1.53519526 5.44861822
v -2.09548331 1.56097539 5.44984585
v -2.06307401 1.60296016 5.45009137
v -2.03631179 1.52414664 6.00080394
v -2.04858804 1.54992676 6.00301367
v -2.01642426 1.59191154 6.00252262
v -1.98205076 1.55802909 6.44888707
v -2.06037324 1.54182444 6.45453414
v -2.02820946 1.58380921 6.45281547
v -2.01323244 1.58086291 6.77371664
v -2.04515069 1.53887814 6.77862714
v -1.99948304 1.51309801 6.77150692
v -2.01421454 1.51604431 6.45085127
v -1.96756479 1.55508279 6.76659642
v -2.01323244 1.58086291 6.77371664
v -2.01323244 1.58086291 6.77371664
v -1.96756479 1.55508279 6.76659642
v -2.04515069 1.53887814 6.77862714
v -1.99948304 1.51309801 6.77150692
v 1.93186325 -2.26258542 1.31839669
v 1.93186325 -2.35711254 1.31839669
v 1.93186325 -2.35711254 1.61548194
v 1.93186325 -2.26258542 1.61548194
v 0.471235028 -2.26258542 1.40801331
v 0.452329603 -2.26258542 1.70681724
v 0.452329603 -2.35711254 1.70681724
v 0.471235028 -2.35711254 1.40801331
v 1.77890117 -2.26258542 2.29804144
v 1.77890117 -2.35711254 2.29804144
v 1.96918305 -2.35711254 2.49347933
v 1.96918305 -2.26258542 2.49347933
v 0.538263352 -2.26258542 3.46870463
v 0.701783002 -2.26258542 3.69655183
v 0.701783002 -2.35711254 3.69655183
v 0.538263352 -2.35711254 3.46870463
v 0.471235028 -2.35711254 1.40801331
v 0.515429527 -2.26258542 1.36823826
v 0.471235028 -2.26258542 1.40801331
v 0.515429527 -2.35711254 1.36823826
v 1.88987847 -2.26258542 1.28377766
v 1.88987847 -2.35711254 1.28377766
v 1.93186325 -2.26258542 1.31839669
v 1.93186325 -2.35711254 1.31839669
v 0.492595703 -2.35711254 1.74143626
v 0.471235028 -2.35711254 1.40801331
v 0.452329603 -2.35711254 1.70681724
v 0.515429527 -2.35711254 1.36823826
v 1.8891419 -2.35711254 1.65525699
v 1.88987847 -2.35711254 1.28377766
v 1.93186325 -2.35711254 1.61548194
v 1.93186325 -2.35711254 1.31839669
v 0.452329603 -2.26258542 1.70681724
v 0.492595703 -2.35711254 1.74143626
v 0.452329603 -2.35711254 1.70681724
v 0.492595703 -2.26258542 1.74143626
v 1.8891419 -2.35711254 1.65525699
v 1.8891419 -2.26258542 1.65525699
v 1.93186325 -2.35711254 1.61548194
v 1.93186325 -2.26258542 1.61548194
v 0.471235028 -2.26258542 1.40801331
v 0.492595703 -2.26258542 1.74143626
v 0.452329603 -2.26258542 1.70681724
v 0.515429527 -2.26258542 1.36823826
v 1.8891419 -2.26258542 1.65525699
v 1.88987847 -2.26258542 1.28377766
v 1.93186325 -2.26258542 1.61548194
v 1.93186325 -2.26258542 1.31839669
v 0.538263352 -2.35711254 3.46870463
v 0.553485902 -2.26258542 3.40658681
v 0.538263352 -2.26258542 3.46870463
v 0.553485902 -2.35711254 3.40658681
v 1.71948412 -2.26258542 2.30712586
v 1.71948412 -2.35711254 2.30712586
v 1.77890117 -2.26258542 2.29804144
v 1.77890117 -2.35711254 2.29804144
v 0.758744801 -2.35711254 3.6904137
v 0.538263352 -2.35711254 3.46870463
v 0.701783002 -2.35711254 3.69655183
v 0.553485902 -2.35711254 3.40658681
v 1.95641575 -2.35711254 2.55265086
v 1.71948412 -2.35711254 2.30712586
v 1.77890117 -2.35711254 2.29804144
v 1.96918305 -2.35711254 2.49347933
v 0.701783002 -2.26258542 3.69655183
v 0.758744801 -2.35711254 3.6904137
v 0.701783002 -2.35711254 3.69655183
v 0.758744801 -2.26258542 3.6904137
v 1.95641575 -2.35711254 2.55265086
v 1.95641575 -2.26258542 2.55265086
v 1.96918305 -2.35711254 2.49347933
v 1.96918305 -2.26258542 2.49347933
v 0.538263352 -2.26258542 3.46870463
v 0.758744801 -2.26258542 3.6904137
v 0.701783002 -2.26258542 3.69655183
v 0.553485902 -2.26258542 3.40658681
v 1.95641575 -2.26258542 2.55265086
v 1.71948412 -2.26258542 2.30712586
v 1.96918305 -2.26258542 2.49347933
v 1.77890117 -2.26258542 2.29804144
v -4.23376053 -4.05000741 -0.000563604699
v 4.17424306 -4.05614554 0.393749544
v 4.22162939 -4.05639106 -0.0010546547
v -4.24014418 -4.04288719 0.335560119
v -4.19594968 -4.04116851 0.410936293
v 2.99645964 -2.04971525 4.56620138
v 3.05759537 -2.0953829 4.6194803
v 2.97632659 -2.00871257 4.62070793
v 3.03132419 -2.05830862 5.0044635
v 3.03844442 -2.33403319 4.5939457
v 2.96626007 -2.33427872 4.5389481
v 3.00947247 -2.42880584 4.6823347
v 3.09687937 -2.12263617 4.9916962
v 3.02886894 -2.10250312 5.3108787
v 3.08386654 -2.40228914 5.0054456
v 3.03672574 -2.47373692 5.01281135
v 3.10350854 -2.1857361 5.27797835
v 2.96846979 -2.16535752 5.3874825
v 3.02494054 -2.46367039 5.38232647
v 3.09835252 -2.41186462 5.32020865
v 2.95717564 -2.52701584 5.3216818
v 2.85282752 -2.02246197 8.75412128
v 2.85037227 -2.42340429 8.75731311
v 3.01634717 -2.38264714 8.75559443
v 3.13248049 -2.29057527 8.75412128
v 3.20147302 -2.18254427 8.75387576
v -1.50843304 -2.42536849 8.79414186
v 3.23731967 -2.02246197 8.75412128
v 2.82876607 2.19123806 8.72392171
v -1.50843304 -2.02246197 8.79021346
v 3.18772362 2.15956534 8.75363023
v -1.67170716 -2.40204362 8.79242318
v 3.18183102 2.31670134 8.75804968
v -1.77949264 -2.33968027 8.79021346
v 3.12977972 2.44118251 8.76025941
v -1.87549291 -2.21249832 8.79021346
v -1.92214266 -2.02246197 8.79021346
v -1.89317071 2.19123806 8.76001388
v 3.04188177 2.49986298 8.75657653
v 2.92329319 2.52048708 8.75191156
v -1.49370154 2.50575558 8.77351776
v -1.50843304 2.19123806 8.76001388
v -1.85241356 2.32234841 8.76811621
v -1.64420836 2.48537701 8.77621853
v -1.76819849 2.42104946 8.77597301
v 3.20491037 -2.36300514 8.83465348
v 3.26211769 -2.42045799 9.05783571
v 3.33552967 -2.28983869 9.05783571
v 3.21718662 -2.32887717 9.15260836
v 3.26555504 -2.22403799 9.15260836
v 3.27807682 -2.23189479 8.83268928
v 3.13248049 -2.29057527 8.75412128
v 3.20147302 -2.18254427 8.75387576
v 3.36744791 -2.09980235 9.05783571
v 3.29747329 -2.0649378 9.15260836
v 3.31024059 -2.0423495 8.83465348
v 3.23731967 -2.02246197 8.75412128
v 3.38021521 2.25188274 9.06151858
v 3.28126864 2.25188274 9.15260836
v 3.30312037 2.21088006 8.82900641
v 3.18772362 2.15956534 8.75363023
v 3.18183102 2.31670134 8.75804968
v 3.27807682 2.36678843 8.83342586
v 3.12977972 2.44118251 8.76025941
v 3.34731487 2.41245608 9.06004543
v 3.24394884 2.40386271 9.15260836
v 3.20883877 2.49838983 8.83489901
v 3.26776477 2.54847693 9.05857228
v 3.18183102 2.52760731 9.15260836
v 3.15752404 2.64619588 9.05709913
v 3.10817352 2.58064071 9.15260836
v 3.00947247 2.62434416 9.15260836
v 3.10056224 2.59389906 8.82679668
v 3.04188177 2.49986298 8.75657653
v 2.92329319 2.52048708 8.75191156
v 3.01241877 2.70389426 9.05636256
v 2.95594802 2.64889666 8.81771226
v -1.53028476 2.63981223 8.84079161
v -1.49370154 2.50575558 8.77351776
v -1.64420836 2.48537701 8.77621853
v -1.58503684 2.69800166 9.09687418
v -1.60271464 2.59414458 9.15260836
v -1.71762034 2.61722393 8.85282233
v -1.76819849 2.42104946 8.77597301
v -1.86493534 2.53742831 8.86141571
v -1.77286346 2.67590441 9.07993296
v -1.75150279 2.55559716 9.15260836
v -1.92042399 2.59610878 9.06151858
v -1.86714506 2.48562253 9.15260836
v -0.753689192 -0.195019404 11.0244909
v -0.796165017 -0.172922154 11.0573913
v -0.753198142 -0.182988679 11.0603376
v -0.753198142 -0.149597279 11.0821893
v -0.797883692 -0.180533429 11.0242454
v -0.755898917 -0.183970779 10.8553242
v -0.802794192 -0.145668879 11.0630384
v -0.753934717 0.0274262452 11.0939745
v -0.800584467 -0.167766129 10.8555697
v -0.757617592 -0.158681704 10.6699528
v -0.810896517 -0.144441254 11.0262096
v -0.814088342 0.0308635952 11.0325933
v -0.814088342 -0.131919479 10.8563063
v -0.801321042 -0.146405454 10.6716715
v -0.757863117 -0.115223779 10.6318965
v -0.813106242 -0.116205879 10.6706894
v -0.754180242 0.445800843 10.6237941
v -0.804758392 0.0291449202 11.0716317
v -0.814333867 0.316654694 11.0426598
v -0.805494967 0.315672594 11.0821893
v -0.755162342 0.316163644 11.1045321
v -0.805003917 0.468880193 11.0853811
v -0.755407867 0.470844393 11.1060052
v -0.812860717 0.468389143 11.0458516
v -0.813842817 0.459550243 10.8634265
v -0.813842817 0.315181544 10.9402759
v -0.814333867 0.273196769 10.9989563
v -0.814088342 0.204695294 11.0232633
v -0.814088342 0.10182032 10.990363
v -0.813597292 0.336296694 10.9105673
v -0.814088342 0.0541884701 10.8769304
v -0.814088342 0.11262342 10.7625158
v -0.813106242 0.322547294 10.7936974
v -0.810405467 0.447765043 10.6655334
v -0.813597292 0.224091769 10.7337893
v -0.794200817 0.485084843 10.6657789
v -0.753934717 0.494660318 10.6638147
v -0.754916817 0.517003093 10.8644086
v -0.796165017 0.503744743 10.8641631
v -0.796410542 0.513320218 11.0478158
v -0.755407867 0.525350943 11.049289
v -0.794937392 0.498343193 11.0905372
v -0.755407867 0.505708943 11.0944656
v -0.511601543 -3.31834292 1.58822866
v -0.527315143 -3.27316632 1.60394226
v -0.466424943 -3.27316632 1.62432084
v -0.547448193 -3.27316632 1.54305206
v -0.466424943 -3.33405652 1.60394226
v -0.405534744 -3.27316632 1.60394226
v -0.527315143 -3.33405652 1.54305206
v -0.527315143 -3.27316632 1.48240739
v -0.511601543 -3.31834292 1.49812099
v -0.466424943 -3.27316632 1.46202881
v -0.466424943 -3.35443509 1.54305206
v -0.466424943 -3.33405652 1.48240739
v -0.405534744 -3.27316632 1.48240739
v -0.421493868 -3.31834292 1.58822866
v -0.405534744 -3.33405652 1.54305206
v -0.385401694 -3.27316632 1.54305206
v -0.421493868 -3.31834292 1.49812099
v 3.07772842 -2.79562019 1.61327221
v 3.06348797 -2.75486304 1.62751266
v 3.11848557 -2.75486304 1.64568151
v 3.04531912 -2.75486304 1.57251506
v 3.11848557 -2.80986064 1.62751266
v 3.17323764 -2.75486304 1.62751266
v 3.06348797 -2.80986064 1.57251506
v 3.06348797 -2.75486304 1.51776299
v 3.07772842 -2.79562019 1.53200344
v 3.11848557 -2.75486304 1.49959414
v 3.11848557 -2.82802949 1.57251506
v 3.11848557 -2.80986064 1.51776299
v 3.17323764 -2.75486304 1.51776299
v 3.15899719 -2.79562019 1.61327221
v 3.17323764 -2.80986064 1.57251506
v 3.19165202 -2.75486304 1.57251506
v 3.15899719 -2.79562019 1.53200344
v -0.421493868 -3.22823524 1.58822866
v -0.405534744 -3.27316632 1.60394226
v -0.466424943 -3.27316632 1.62432084
v -0.385401694 -3.27316632 1.54305206
v -0.466424943 -3.21252164 1.60394226
v -0.527315143 -3.27316632 1.60394226
v -0.405534744 -3.21252164 1.54305206
v -0.405534744 -3.27316632 1.48240739
v -0.421493868 -3.22823524 1.49812099
v -0.466424943 -3.27316632 1.46202881
v -0.466424943 -3.19214307 1.54305206
v -0.466424943 -3.21252164 1.48240739
v -0.527315143 -3.27316632 1.48240739
v -0.511601543 -3.22823524 1.58822866
v -0.527315143 -3.21252164 1.54305206
v -0.547448193 -3.27316632 1.54305206
v -0.511601543 -3.22823524 1.49812099
v 3.15899719 -2.71435142 1.61327221
v 3.17323764 -2.75486304 1.62751266
v 3.11848557 -2.75486304 1.64568151
v 3.19165202 -2.75486304 1.57251506
v 3.11848557 -2.70011097 1.62751266
v 3.06348797 -2.75486304 1.62751266
v 3.17323764 -2.70011097 1.57251506
v 3.17323764 -2.75486304 1.51776299
v 3.15899719 -2.71435142 1.53200344
v 3.11848557 -2.75486304 1.49959414
v 3.11848557 -2.68169659 1.57251506
v 3.11848557 -2.70011097 1.51776299
v 3.06348797 -2.75486304 1.51776299
v 3.07772842 -2.71435142 1.61327221
v 3.06348797 -2.70011097 1.57251506
v 3.04531912 -2.75486304 1.57251506
v 3.07772842 -2.71435142 1.53200344
v 3.62745889 -0.262784304 11.3895866
v 3.69497826 -0.331531303 11.3895866
v 3.67680941 -0.338897053 11.4217504
v 3.61984761 -0.280707628 11.4217504
v 3.53096756 -0.262047729 11.3895866
v 3.67631836 -0.420411353 11.4217504
v 3.69424169 -0.427777103 11.3895866
v 3.61812894 -0.477373153 11.4217504
v 3.62549469 -0.495542003 11.3895866
v 3.53661464 -0.476882103 11.4217504
v 3.52900336 -0.494559903 11.3895866
v 3.53833331 -0.280216578 11.4217504
v 3.46222056 -0.329567103 11.3895866
v 3.48014389 -0.337178378 11.4217504
v 3.46148399 -0.426058428 11.3895866
v 3.47965284 -0.418692678 11.4217504
v 3.66698841 -0.169730329 11.2319596
v 3.63948961 -0.234057879 11.1698417
v 3.72395021 -0.319746103 11.1698417
v 3.78876881 -0.293474928 11.2319596
v 3.49291119 -0.168257179 11.2319596
v 3.72296811 -0.440053353 11.1698417
v 3.78729566 -0.467306628 11.2319596
v 3.51942789 -0.233075779 11.1698417
v 3.36916659 -0.290037578 11.2319596
v 3.43349414 -0.317536378 11.1698417
v 3.36769344 -0.463869278 11.2319596
v 3.43251204 -0.437598103 11.1698417
v 3.48947384 -0.587859402 11.2319596
v 3.63727989 -0.524513952 11.1698417
v 3.66355106 -0.589332552 11.2319596
v 3.51697264 -0.523286327 11.1698417
v -0.934395591 -3.43324861 1.31545039
v -0.934395591 -3.44282409 1.31225856
v -0.977362466 -3.42882916 1.31569591
v -0.969751191 -3.42170894 1.31839669
v -0.991602916 -3.38708991 1.32625349
v -0.898794466 -3.42170894 1.31839669
v -0.891183191 -3.42882916 1.31569591
v -0.981536391 -3.38733544 1.32699006
v -0.977362466 -3.34559619 1.33681106
v -0.887009266 -3.38733544 1.32699006
v -0.876942741 -3.38708991 1.32625349
v -0.969751191 -3.35296194 1.33582896
v -0.934395591 -3.33160127 1.34024841
v -0.898794466 -3.35296194 1.33582896
v -0.891183191 -3.34559619 1.33681106
v -0.934395591 -3.34166779 1.33877526
v -0.908124416 -3.41925369 1.34614101
v -0.934395591 -3.43054784 1.35277019
v -0.898794466 -3.39617434 1.36160909
v -0.960666766 -3.41925369 1.34614101
v -0.969751191 -3.39617434 1.36160909
v -0.934395591 -3.39887511 1.37290324
v -0.908124416 -3.36843001 1.35890831
v -0.934395591 -3.36180084 1.37020246
v -0.960666766 -3.36843001 1.35890831
v 2.79144627 -2.85405514 1.46620274
v 2.79144627 -2.86264852 1.46325644
v 2.75289884 -2.85037227 1.46644826
v 2.75977354 -2.84398862 1.46890351
v 2.74013154 -2.81305247 1.47577821
v 2.82311899 -2.84398862 1.46890351
v 2.82999369 -2.85037227 1.46644826
v 2.74921597 -2.81329799 1.47651479
v 2.75289884 -2.77573267 1.48535369
v 2.83367657 -2.81329799 1.47651479
v 2.84276099 -2.81305247 1.47577821
v 2.75977354 -2.78236184 1.48437159
v 2.79144627 -2.76321089 1.48829999
v 2.82311899 -2.78236184 1.48437159
v 2.82999369 -2.77573267 1.48535369
v 2.79144627 -2.77229532 1.48682684
v 2.81501667 -2.84177889 1.49370154
v 2.79144627 -2.85159989 1.49959414
v 2.82311899 -2.82090927 1.50720541
v 2.76787587 -2.84177889 1.49370154
v 2.75977354 -2.82090927 1.50720541
v 2.79144627 -2.82361004 1.51751746
v 2.81501667 -2.79611124 1.50499569
v 2.79144627 -2.79021864 1.51506221
v 2.76787587 -2.79611124 1.50499569
v -0.622578843 0.0394569701 11.137678
v -0.633136418 0.0340554201 11.1497087
v -0.668737542 0.061799745 11.1590386
v -0.665300192 0.073093895 11.1489721
v -0.617422818 -0.0128398546 11.1202457
v -0.714650717 0.057380295 11.1575655
v -0.628716968 -0.00964802966 11.1354682
v -0.720297792 0.06793787 11.1472534
v -0.652532892 -0.0533514795 11.1069873
v -0.743868192 0.0234978452 11.1462713
v -0.657934442 -0.0435304795 11.1244196
v -0.755162342 0.0269351952 11.133504
v -0.707039442 -0.0585075044 11.1052687
v -0.739448742 -0.0199600796 11.1320309
v -0.703847617 -0.0477044045 11.1229465
v -0.749760792 -0.0253616296 11.1163173
v -0.829556417 -0.0749576794 10.9513245
v -0.795919492 -0.0970549293 10.9687568
v -0.795919492 -0.0749576794 10.9513245
v -0.829556417 -0.0970549293 10.9687568
v -0.795919492 -0.103684104 11.0215446
v -0.829556417 -0.103684104 11.0215446
v -0.795919492 -0.0857607793 11.0389769
v -0.829556417 0.00950292026 10.9513245
v -0.795919492 0.00950292026 10.9513245
v -0.842569242 -0.0842876293 10.9699844
v -0.829556417 -0.0857607793 11.0389769
v -0.795919492 0.0203060202 11.0389769
v -0.829556417 0.0316001702 10.9687568
v -0.795919492 0.0316001702 10.9687568
v -0.842569242 -0.0710292794 10.9594268
v -0.829556417 0.0203060202 11.0389769
v -0.795919492 0.0379838201 11.0215446
v -0.829556417 0.0379838201 11.0215446
v -0.842569242 0.0252165202 11.0215446
v -0.842078192 0.00680214527 10.9586902
v -0.842078192 0.0173597202 11.0303835
v -0.842569242 0.0188328702 10.9699844
v -0.842569242 -0.0815868543 11.0311201
v -0.842569242 -0.0906712793 11.0215446
v -0.814824917 0.354711069 10.927263
v -0.791991092 0.359130519 10.8639176
v -0.791991092 0.352992394 10.926772
v -0.814824917 0.361094719 10.8636721
v -0.791991092 0.340716144 10.8035184
v -0.814824917 0.324511494 10.9837338
v -0.791991092 0.323038344 10.9825062
v -0.814824917 0.342434819 10.8025363
v -0.791991092 0.300695569 10.754659
v -0.814824917 0.275160969 11.0242454
v -0.791991092 0.274178869 11.0225267
v -0.814824917 0.301923194 10.7531858
v -0.791991092 0.244961394 10.7247049
v -0.814824917 0.214025244 11.0429053
v -0.791991092 0.213779719 11.0409411
v -0.814824917 0.245452444 10.7229862
v -0.791991092 0.182106995 10.7185668
v -0.814824917 0.15043427 11.0365217
v -0.791991092 0.15092532 11.034803
v -0.814824917 0.18186147 10.7166026
v -0.791991092 0.121707845 10.7369812
v -0.814824917 0.0939635199 11.0065676
v -0.791991092 0.0951911449 11.0048489
v -0.814824917 0.120725745 10.7352625
v -0.791991092 0.07284837 10.7770017
v -0.814824917 0.0534518951 10.9569716
v -0.791991092 0.0551705701 10.956235
v -0.814824917 0.07137522 10.7757741
v -0.791991092 0.0428943201 10.8327359
v -0.814824917 0.0347919951 10.8958358
v -0.791991092 0.0367561951 10.8955903
v -0.814824917 0.0411756451 10.8322449
v -0.829065367 0.15485372 11.0215446
v -0.829065367 0.104030045 10.9942914
v -0.829065367 0.067201295 10.9496058
v -0.829065367 0.0505055951 10.8943627
v -0.829065367 0.0561526701 10.8369098
v -0.829065367 0.0834059449 10.7858406
v -0.829065367 0.212552094 11.0271917
v -0.829065367 0.128091495 10.7492574
v -0.829065367 0.267795219 11.010496
v -0.829065367 0.183334619 10.7323162
v -0.829065367 0.312480769 10.9736673
v -0.829065367 0.241032994 10.7379633
v -0.829065367 0.339734044 10.9228436
v -0.829065367 0.291856669 10.7652165
v -0.829065367 0.345381119 10.8651452
v -0.829065367 0.328685419 10.8099021
v -0.830538517 0.296767169 10.9609
v -0.830538517 0.320337569 10.916951
v -0.830538517 0.325248069 10.8673549
v -0.830538517 0.310762094 10.8194776
v -0.830538517 0.279089369 10.7809301
v -0.830538517 0.235140394 10.7573597
v -0.830538517 0.258219744 10.9925727
v -0.830538517 0.185298819 10.7524492
v -0.830538517 0.210587894 11.0070587
v -0.830538517 0.13766697 10.7669352
v -0.830538517 0.16074632 11.0021482
v -0.830538517 0.0991195449 10.7986079
v -0.830538517 0.116797345 10.9785778
v -0.830538517 0.075549145 10.8425569
v -0.830538517 0.070638645 10.8923985
v -0.830538517 0.0851246199 10.9400303
v -0.784134292 0.0863522449 10.8459943
v -0.784134292 0.0819327949 10.8911709
v -0.784134292 0.0951911449 10.9346288
v -0.784134292 0.12391757 10.9699844
v -0.784134292 0.169339695 10.8884701
v -0.784134292 0.17154942 10.8656363
v -0.784134292 0.183825669 10.9061479
v -0.784134292 0.16418367 10.9913451
v -0.784134292 0.10771292 10.8057282
v -0.784134292 0.189227219 10.8511503
v -0.784134292 0.209360269 10.9957645
v -0.784134292 0.206659494 10.9083576
v -0.784134292 0.14306852 10.7770017
v -0.784134292 0.252818194 10.9825062
v -0.784134292 0.224337294 10.8938716
v -0.784134292 0.186526444 10.7637434
v -0.784134292 0.212061044 10.85336
v -0.784134292 0.288173794 10.9537797
v -0.784134292 0.231703044 10.7681628
v -0.784134292 0.309534469 10.9135136
v -0.784134292 0.226547019 10.8710378
v -0.784134292 0.271969144 10.7895235
v -0.784134292 0.313953919 10.868337
v -0.784134292 0.300695569 10.8248791
v 2.71435142 -3.00996352 1.41464249
v 2.71435142 -3.01855689 1.41194171
v 2.67629504 -3.00628064 1.41488801
v 2.68292422 -2.99989699 1.41734326
v 2.66352774 -2.96920637 1.42421796
v 2.74602414 -2.99989699 1.41734326
v 2.75265332 -3.00628064 1.41488801
v 2.67236664 -2.96920637 1.42495454
v 2.67629504 -2.93213209 1.43379344
v 2.75633619 -2.96920637 1.42495454
v 2.76542062 -2.96920637 1.42421796
v 2.68292422 -2.93876127 1.43281134
v 2.71435142 -2.91961032 1.43673974
v 2.74602414 -2.93876127 1.43281134
v 2.75265332 -2.93213209 1.43379344
v 2.71435142 -2.92844922 1.43526659
v 2.73767629 -2.99768727 1.44189576
v 2.71435142 -3.00750827 1.44778836
v 2.74602414 -2.97706317 1.45564516
v 2.69102654 -2.99768727 1.44189576
v 2.68292422 -2.97706317 1.45564516
v 2.71435142 -2.97951842 1.46571169
v 2.73767629 -2.95226514 1.45343544
v 2.71435142 -2.94637254 1.46325644
v 2.69102654 -2.95226514 1.45343544
v 3.99771059 -2.11330622 10.2218697
v 4.14698979 -2.17272327 10.2839876
v 4.02520939 -2.04897867 10.2839876
v 4.08217119 -2.19899445 10.2218697
v 4.14576216 -2.34680049 10.2839876
v 3.87764886 -2.11232412 10.2218697
v 3.85137769 -2.04750552 10.2839876
v 3.79196064 -2.19678472 10.2218697
v 3.72738756 -2.16928592 10.2839876
v 4.08118909 -2.31930169 10.2218697
v 4.02177204 -2.46858089 10.2839876
v 3.79097854 -2.31684644 10.2218697
v 3.72591441 -2.34336314 10.2839876
v 3.99550086 -2.40376229 10.2218697
v 3.84794034 -2.46710774 10.2839876
v 3.87519361 -2.40278019 10.2218697
v 3.98567986 -2.14203265 10.4381772
v 4.05319924 -2.21077965 10.4381772
v 4.03527591 -2.21814539 10.4737784
v 3.97806859 -2.15995597 10.4737784
v 3.88918854 -2.14129607 10.4381772
v 4.03453934 -2.29965969 10.4737784
v 4.05246266 -2.30727097 10.4381772
v 3.97634991 -2.35662149 10.4737784
v 3.98371566 -2.37479034 10.4381772
v 3.89508114 -2.35613044 10.4737784
v 3.88746986 -2.37405377 10.4381772
v 3.89655429 -2.15946492 10.4737784
v 3.82068706 -2.20881545 10.4381772
v 3.83861039 -2.21642672 10.4737784
v 3.81995049 -2.30530677 10.4381772
v 3.83787381 -2.29794102 10.4737784
v 3.63948961 -0.234057879 10.1735013
v 3.78876881 -0.293474928 10.2358647
v 3.66698841 -0.169730329 10.2358647
v 3.72395021 -0.319746103 10.1735013
v 3.78729566 -0.467306628 10.2358647
v 3.51942789 -0.233075779 10.1735013
v 3.49315671 -0.168257179 10.2358647
v 3.43349414 -0.317536378 10.1735013
v 3.36916659 -0.290037578 10.2358647
v 3.72296811 -0.440053353 10.1735013
v 3.66355106 -0.589332552 10.2358647
v 3.43251204 -0.437598103 10.1735013
v 3.36769344 -0.463869278 10.2358647
v 3.63727989 -0.524268427 10.1735013
v 3.48971936 -0.587859402 10.2358647
v 3.51697264 -0.523286327 10.1735013
v 3.62745889 -0.262784304 10.3898088
v 3.69497826 -0.331531303 10.3898088
v 3.67680941 -0.338897053 10.4254099
v 3.61984761 -0.280707628 10.4254099
v 3.53096756 -0.262047729 10.3898088
v 3.67631836 -0.420411353 10.4254099
v 3.69424169 -0.427777103 10.3898088
v 3.61812894 -0.477373153 10.4254099
v 3.62549469 -0.495542003 10.3898088
v 3.53661464 -0.476636578 10.4254099
v 3.52924889 -0.494559903 10.3898088
v 3.53833331 -0.280216578 10.4254099
v 3.46246609 -0.329567103 10.3898088
v 3.48014389 -0.337178378 10.4254099
v 3.46148399 -0.426058428 10.3898088
v 3.47965284 -0.418692678 10.4254099
v 3.99795611 -2.11232412 11.1067418
v 4.14723531 -2.17174117 11.1691052
v 4.02545491 -2.04775105 11.1691052
v 4.08241671 -2.19801235 11.1067418
v 4.14576216 -2.34557287 11.1691052
v 3.87789439 -2.11134202 11.1067418
v 3.85162321 -2.0462779 11.1691052
v 3.79196064 -2.1955571 11.1067418
v 3.72763309 -2.16830382 11.1691052
v 4.08143461 -2.31831959 11.1067418
v 4.02201756 -2.46759879 11.1691052
v 3.79097854 -2.31586434 11.1067418
v 3.72615994 -2.34213552 11.1691052
v 3.99574639 -2.40253467 11.1067418
v 3.84818586 -2.46612564 11.1691052
v 3.87543914 -2.40155257 11.1067418
v 3.98592539 -2.14105055 11.3230493
v 4.05344476 -2.20979755 11.3230493
v 4.03527591 -2.21716329 11.3586505
v 3.97831411 -2.15897387 11.3586505
v 3.88943406 -2.14031397 11.3230493
v 4.03478486 -2.29843207 11.3586505
v 4.05270819 -2.30604334 11.3230493
v 3.97659544 -2.35563939 11.3586505
v 3.98396119 -2.37356272 11.3230493
v 3.89508114 -2.35490282 11.3586505
v 3.88771539 -2.37282614 11.3230493
v 3.89679981 -2.1582373 11.3586505
v 3.82093259 -2.20783335 11.3230493
v 3.83885591 -2.21544462 11.3586505
v 3.81995049 -2.30407914 11.3230493
v 3.83811934 -2.29695892 11.3586505
v 3.51942789 -0.233075779 11.2940774
v 3.43349414 -0.317536378 11.2940774
v 3.36916659 -0.290037578 11.2319596
v 3.49291119 -0.168257179 11.2319596
v 3.36769344 -0.463869278 11.2319596
v 3.63948961 -0.234057879 11.2940774
v 3.66698841 -0.169730329 11.2319596
v 3.72395021 -0.319746103 11.2940774
v 3.78876881 -0.293474928 11.2319596
v 3.43251204 -0.437598103 11.2940774
v 3.48947384 -0.587859402 11.2319596
v 3.72296811 -0.440053353 11.2940774
v 3.78729566 -0.467306628 11.2319596
v 3.51697264 -0.523286327 11.2940774
v 3.66355106 -0.589332552 11.2319596
v 3.63727989 -0.524513952 11.2940774
v 3.72738756 -2.16928592 10.2839876
v 3.85137769 -2.04750552 10.2839876
v 3.87764886 -2.11232412 10.3461054
v 3.79196064 -2.19678472 10.3461054
v 3.72591441 -2.34336314 10.2839876
v 3.99771059 -2.11330622 10.3461054
v 4.02520939 -2.04897867 10.2839876
v 4.08217119 -2.19899445 10.3461054
v 4.14698979 -2.17272327 10.2839876
v 3.79097854 -2.31684644 10.3461054
v 3.84794034 -2.46710774 10.2839876
v 4.08118909 -2.31930169 10.3461054
v 4.14576216 -2.34680049 10.2839876
v 3.87519361 -2.40278019 10.3461054
v 4.02177204 -2.46858089 10.2839876
v 3.99550086 -2.40376229 10.3461054
v 3.36916659 -0.290037578 10.2358647
v 3.49315671 -0.168257179 10.2358647
v 3.51942789 -0.233075779 10.2979825
v 3.43349414 -0.317536378 10.2979825
v 3.36769344 -0.463869278 10.2358647
v 3.63948961 -0.234057879 10.2979825
v 3.66698841 -0.169730329 10.2358647
v 3.72395021 -0.319746103 10.2979825
v 3.78876881 -0.293474928 10.2358647
v 3.43251204 -0.437598103 10.2979825
v 3.48971936 -0.587859402 10.2358647
v 3.72296811 -0.440053353 10.2979825
v 3.78729566 -0.467306628 10.2358647
v 3.51697264 -0.523286327 10.2979825
v 3.66355106 -0.589332552 10.2358647
v 3.63727989 -0.524268427 10.2979825
v 3.72763309 -2.16830382 11.1691052
v 3.85162321 -2.0462779 11.1691052
v 3.87789439 -2.11134202 11.231223
v 3.79196064 -2.1955571 11.231223
v 3.72615994 -2.34213552 11.1691052
v 3.99795611 -2.11232412 11.231223
v 4.02545491 -2.04775105 11.1691052
v 4.08241671 -2.19801235 11.231223
v 4.14723531 -2.17174117 11.1691052
v 3.79097854 -2.31586434 11.231223
v 3.84818586 -2.46612564 11.1691052
v 4.08143461 -2.31831959 11.231223
v 4.14576216 -2.34557287 11.1691052
v 3.87543914 -2.40155257 11.231223
v 4.02201756 -2.46759879 11.1691052
v 3.99574639 -2.40253467 11.231223
vt 0.038540565 0.771573214
vt 0.0395127568 0.772545406
vt 0.0395127568 0.771573214
vt 0.0404849487 0.777406365
vt 0.0395127568 0.778378557
vt 0.0404849487 0.778378557
vt 0.0696507039 0.771573214
vt 0.0696507039 0.772545406
vt 0.0706228958 0.771573214
vt 0.0715950876 0.777406365
vt 0.0715950876 0.778378557
vt 0.0725672795 0.778378557
vt 0.038540565 0.768656639
vt 0.0395127568 0.768656639
vt 0.0395127568 0.767684447
vt 0.0404849487 0.780322941
vt 0.0395127568 0.780322941
vt 0.0404849487 0.781295133
vt 0.0696507039 0.768656639
vt 0.0706228958 0.768656639
vt 0.0696507039 0.767684447
vt 0.0725672795 0.780322941
vt 0.0715950876 0.780322941
vt 0.0715950876 0.781295133
vt 0.91740199 0.487693196
vt 0.931012676 0.485748812
vt 0.910596648 0.365197024
vt 0.901846921 0.365197024
vt 0.904763496 0.488665388
vt 0.898930345 0.00451385051
vt 0.90670788 0.00451385051
vt 0.891152811 0.00451385051
vt 0.894069386 0.366169216
vt 0.891152811 0.48963758
vt 0.884347468 0.00451385051
vt 0.88531966 0.366169216
vt 0.877542125 0.490609772
vt 0.876569933 0.00451385051
vt 0.877542125 0.366169216
vt 0.864903631 0.48963758
vt 0.868792398 0.00451385051
vt 0.868792398 0.366169216
vt 0.851292945 0.488665388
vt 0.861987055 0.00451385051
vt 0.861014864 0.366169216
vt 0.837682259 0.487693196
vt 0.854209521 0.00451385051
vt 0.853237329 0.366169216
vt 0.825043765 0.485748812
vt 0.846431986 0.00451385051
vt 0.844487602 0.365197024
vt 0.777406365 0.240756468
vt 0.781295133 0.23103455
vt 0.777406365 0.22034044
vt 0.767684447 0.245617427
vt 0.756990336 0.240756468
vt 0.767684447 0.216451672
vt 0.753101569 0.23103455
vt 0.756990336 0.22034044
vt 0.588801148 0.302976746
vt 0.588801148 0.290338252
vt 0.546024707 0.290338252
vt 0.546024707 0.302976746
vt 0.587828956 0.320476199
vt 0.587828956 0.307837705
vt 0.546024707 0.307837705
vt 0.546024707 0.320476199
vt 0.593662107 0.302976746
vt 0.588801148 0.290338252
vt 0.588801148 0.302976746
vt 0.593662107 0.290338252
vt 0.688936907 0.302976746
vt 0.688936907 0.28936606
vt 0.693797867 0.302976746
vt 0.693797867 0.28936606
vt 0.692825675 0.320476199
vt 0.692825675 0.307837705
vt 0.687964716 0.307837705
vt 0.687964716 0.320476199
vt 0.592689915 0.307837705
vt 0.592689915 0.320476199
vt 0.587828956 0.307837705
vt 0.587828956 0.320476199
vt 0.654910193 0.380752093
vt 0.546024707 0.376863326
vt 0.548941282 0.380752093
vt 0.65879896 0.376863326
vt 0.65879896 0.33117031
vt 0.546024707 0.33117031
vt 0.548941282 0.328253734
vt 0.654910193 0.328253734
vt 0.358391681 0.458527441
vt 0.372974559 0.458527441
vt 0.372974559 0.438111412
vt 0.358391681 0.438111412
vt 0.372974559 0.458527441
vt 0.372974559 0.438111412
vt 0.358391681 0.438111412
vt 0.358391681 0.458527441
vt 0.369085791 0.390474012
vt 0.369085791 0.407001273
vt 0.384640861 0.407001273
vt 0.384640861 0.390474012
vt 0.370057983 0.432278261
vt 0.386585245 0.432278261
vt 0.386585245 0.411862232
vt 0.370057983 0.411862232
vt 0.369085791 0.390474012
vt 0.369085791 0.407001273
vt 0.384640861 0.407001273
vt 0.384640861 0.390474012
vt 0.370057983 0.432278261
vt 0.386585245 0.432278261
vt 0.386585245 0.411862232
vt 0.370057983 0.411862232
vt 0.593662107 0.446861139
vt 0.593662107 0.464360592
vt 0.616994711 0.464360592
vt 0.616994711 0.446861139
vt 0.883375276 0.815321847
vt 0.883375276 0.825043765
vt 0.907680072 0.825043765
vt 0.907680072 0.815321847
vt 0.638382932 0.588801148
vt 0.629633205 0.588801148
vt 0.629633205 0.607272793
vt 0.638382932 0.607272793
vt 0.706436361 0.65879896
vt 0.715186087 0.65879896
vt 0.715186087 0.635466356
vt 0.706436361 0.635466356
vt 0.384640861 0.438111412
vt 0.376863326 0.438111412
vt 0.376863326 0.456583057
vt 0.384640861 0.456583057
vt 0.180480574 0.579079229
vt 0.198952219 0.579079229
vt 0.198952219 0.558663201
vt 0.180480574 0.558663201
vt 0.166869888 0.647132658
vt 0.166869888 0.63741074
vt 0.146453859 0.63741074
vt 0.146453859 0.647132658
vt 0.171730847 0.63741074
vt 0.171730847 0.646160466
vt 0.190202492 0.646160466
vt 0.190202492 0.63741074
vt 0.175619615 0.558663201
vt 0.165897696 0.558663201
vt 0.165897696 0.579079229
vt 0.175619615 0.579079229
vt 0.213535097 0.646160466
vt 0.213535097 0.63741074
vt 0.195063452 0.63741074
vt 0.195063452 0.646160466
vt 0.836710068 0.381724285
vt 0.836710068 0.316587432
vt 0.809488696 0.318531816
vt 0.809488696 0.379779902
vt 0.802683353 0.323392775
vt 0.802683353 0.374918942
vt 0.73268554 0.374918942
vt 0.726852389 0.381724285
vt 0.807544312 0.381724285
vt 0.723935814 0.407973465
vt 0.810460888 0.407973465
vt 0.73268554 0.323392775
vt 0.807544312 0.316587432
vt 0.726852389 0.316587432
vt 0.810460888 0.290338252
vt 0.723935814 0.290338252
vt 0.725880198 0.318531816
vt 0.725880198 0.379779902
vt 0.697686634 0.381724285
vt 0.697686634 0.316587432
vt 0.836710068 0.381724285
vt 0.809488696 0.318531816
vt 0.836710068 0.316587432
vt 0.809488696 0.379779902
vt 0.802683353 0.323392775
vt 0.802683353 0.374918942
vt 0.73268554 0.374918942
vt 0.726852389 0.381724285
vt 0.807544312 0.381724285
vt 0.723935814 0.407973465
vt 0.810460888 0.407973465
vt 0.73268554 0.323392775
vt 0.807544312 0.316587432
vt 0.726852389 0.316587432
vt 0.810460888 0.290338252
vt 0.723935814 0.290338252
vt 0.725880198 0.318531816
vt 0.725880198 0.379779902
vt 0.697686634 0.381724285
vt 0.697686634 0.316587432
vt 0.472138127 0.360336065
vt 0.454638674 0.360336065
vt 0.454638674 0.380752093
vt 0.472138127 0.380752093
vt 0.208674137 0.0958998837
vt 0.200896603 0.0958998837
vt 0.200896603 0.116315912
vt 0.208674137 0.116315912
vt 0.1415929 0.646160466
vt 0.1415929 0.638382932
vt 0.124093447 0.638382932
vt 0.124093447 0.646160466
vt 0.117288104 0.647132658
vt 0.117288104 0.638382932
vt 0.0968720755 0.638382932
vt 0.0968720755 0.647132658
vt 0.454638674 0.384640861
vt 0.454638674 0.392418396
vt 0.472138127 0.392418396
vt 0.472138127 0.384640861
vt 0.189230301 0.156175778
vt 0.171730847 0.156175778
vt 0.171730847 0.179508382
vt 0.189230301 0.179508382
vt 0.201868795 0.155203586
vt 0.19409126 0.155203586
vt 0.19409126 0.179508382
vt 0.201868795 0.179508382
vt 0.195063452 0.116315912
vt 0.195063452 0.107566186
vt 0.17853619 0.107566186
vt 0.17853619 0.116315912
vt 0.15714797 0.179508382
vt 0.165897696 0.179508382
vt 0.165897696 0.155203586
vt 0.15714797 0.155203586
vt 0.173675231 0.117288104
vt 0.173675231 0.108538378
vt 0.156175778 0.108538378
vt 0.156175778 0.117288104
vt 0.471165935 0.64810485
vt 0.471165935 0.706436361
vt 0.542135939 0.706436361
vt 0.542135939 0.64810485
vt 0.471165935 0.709352936
vt 0.471165935 0.716158279
vt 0.543108131 0.716158279
vt 0.543108131 0.709352936
vt 0.458527441 0.649077042
vt 0.45269429 0.649077042
vt 0.45269429 0.709352936
vt 0.458527441 0.709352936
vt 0.471165935 0.720047046
vt 0.471165935 0.725880198
vt 0.542135939 0.725880198
vt 0.542135939 0.720047046
vt 0.448805522 0.649077042
vt 0.443944563 0.649077042
vt 0.443944563 0.709352936
vt 0.448805522 0.709352936
vt 0.171730847 0.145481668
vt 0.189230301 0.145481668
vt 0.189230301 0.123121255
vt 0.171730847 0.123121255
vt 0.156175778 0.145481668
vt 0.165897696 0.145481668
vt 0.165897696 0.123121255
vt 0.156175778 0.123121255
vt 0.196035643 0.102705227
vt 0.196035643 0.0929833082
vt 0.177563998 0.0929833082
vt 0.177563998 0.102705227
vt 0.203813178 0.123121255
vt 0.19409126 0.123121255
vt 0.19409126 0.145481668
vt 0.203813178 0.145481668
vt 0.173675231 0.102705227
vt 0.173675231 0.0929833082
vt 0.156175778 0.0929833082
vt 0.156175778 0.102705227
vt 0.305893322 0.995177338
vt 0.31561524 0.977677885
vt 0.305893322 0.977677885
vt 0.319504007 0.995177338
vt 0.318531816 0.98059446
vt 0.319504007 0.976705693
vt 0.29422702 0.99614953
vt 0.301032362 0.99614953
vt 0.301032362 0.978650077
vt 0.29422702 0.977677885
vt 0.291310444 0.951428705
vt 0.291310444 0.958234048
vt 0.301032362 0.958234048
vt 0.305893322 0.951428705
vt 0.30492113 0.957261856
vt 0.320476199 0.971844734
vt 0.319504007 0.966983774
vt 0.316587432 0.966011583
vt 0.302004554 0.973789117
vt 0.302004554 0.966011583
vt 0.283532909 0.966011583
vt 0.283532909 0.973789117
vt 0.297143595 0.972816925
vt 0.297143595 0.966011583
vt 0.491581964 0.480887853
vt 0.491581964 0.487693196
vt 0.495470731 0.491581964
vt 0.54796909 0.488665388
vt 0.550885666 0.479915661
vt 0.550885666 0.485748812
vt 0.625744438 0.496442923
vt 0.619911287 0.506164841
vt 0.625744438 0.506164841
vt 0.619911287 0.496442923
vt 0.616022519 0.496442923
vt 0.615050327 0.506164841
vt 0.562551968 0.496442923
vt 0.562551968 0.507137033
vt 0.556718817 0.495470731
vt 0.556718817 0.507137033
vt 0.549913474 0.506164841
vt 0.549913474 0.495470731
vt 0.549913474 0.473110319
vt 0.548941282 0.468249359
vt 0.546024707 0.464360592
vt 0.490609772 0.476026894
vt 0.493526347 0.464360592
vt 0.48963758 0.469221551
vt 0.558663201 0.641299507
vt 0.558663201 0.804627737
vt 0.56352416 0.81143308
vt 0.56352416 0.641299507
vt 0.419639767 0.58491238
vt 0.419639767 0.607272793
vt 0.424500726 0.607272793
vt 0.424500726 0.58491238
vt 0.617966903 0.63741074
vt 0.596578682 0.63741074
vt 0.596578682 0.808516504
vt 0.617966903 0.808516504
vt 0.419639767 0.58491238
vt 0.419639767 0.607272793
vt 0.424500726 0.607272793
vt 0.424500726 0.58491238
vt 0.553802241 0.804627737
vt 0.55283005 0.643243891
vt 0.546996899 0.639355124
vt 0.546996899 0.809488696
vt 0.590745531 0.809488696
vt 0.590745531 0.638382932
vt 0.568385119 0.638382932
vt 0.568385119 0.809488696
vt 0.56352416 0.81143308
vt 0.558663201 0.804627737
vt 0.558663201 0.641299507
vt 0.56352416 0.641299507
vt 0.617966903 0.808516504
vt 0.617966903 0.63741074
vt 0.596578682 0.63741074
vt 0.596578682 0.808516504
vt 0.388529628 0.490609772
vt 0.397279355 0.439083604
vt 0.388529628 0.439083604
vt 0.397279355 0.490609772
vt 0.404084698 0.439083604
vt 0.404084698 0.490609772
vt 0.412834424 0.439083604
vt 0.412834424 0.490609772
vt 0.545052515 0.505192649
vt 0.545052515 0.497415115
vt 0.540191556 0.493526347
vt 0.494498539 0.505192649
vt 0.498387306 0.495470731
vt 0.494498539 0.499359498
vt 0.487693196 0.459499633
vt 0.493526347 0.451722098
vt 0.487693196 0.451722098
vt 0.493526347 0.459499633
vt 0.498387306 0.459499633
vt 0.498387306 0.451722098
vt 0.538247172 0.459499633
vt 0.538247172 0.450749906
vt 0.544080323 0.459499633
vt 0.544080323 0.450749906
vt 0.550885666 0.450749906
vt 0.550885666 0.459499633
vt 0.482832237 0.442972371
vt 0.476999086 0.442972371
vt 0.473110319 0.446861139
vt 0.484776621 0.493526347
vt 0.472138127 0.490609772
vt 0.476999086 0.494498539
vt 0.533386213 0.875597741
vt 0.533386213 0.868792398
vt 0.540191556 0.868792398
vt 0.540191556 0.875597741
vt 0.301032362 0.947539938
vt 0.29422702 0.947539938
vt 0.29422702 0.941706786
vt 0.301032362 0.941706786
vt 0.539219364 0.987399803
vt 0.539219364 0.995177338
vt 0.417695383 0.995177338
vt 0.417695383 0.987399803
vt 0.417695383 0.953373089
vt 0.417695383 0.945595554
vt 0.539219364 0.945595554
vt 0.539219364 0.953373089
vt 0.539219364 0.973789117
vt 0.539219364 0.981566652
vt 0.417695383 0.981566652
vt 0.417695383 0.973789117
vt 0.539219364 0.95920624
vt 0.539219364 0.966983774
vt 0.417695383 0.966983774
vt 0.417695383 0.95920624
vt 0.68504814 0.735602116
vt 0.641299507 0.735602116
vt 0.641299507 0.745324034
vt 0.68504814 0.745324034
vt 0.641299507 0.706436361
vt 0.641299507 0.716158279
vt 0.68504814 0.716158279
vt 0.68504814 0.706436361
vt 0.68504814 0.765740063
vt 0.68504814 0.759906912
vt 0.641299507 0.761851296
vt 0.641299507 0.765740063
vt 0.607272793 0.883375276
vt 0.61116156 0.883375276
vt 0.61116156 0.870736782
vt 0.607272793 0.870736782
vt 0.68504814 0.751157185
vt 0.68504814 0.754073761
vt 0.641299507 0.756990336
vt 0.641299507 0.751157185
vt 0.677270605 0.852265137
vt 0.672409646 0.852265137
vt 0.673381838 0.863931439
vt 0.677270605 0.863931439
vt 0.68504814 0.788100475
vt 0.641299507 0.788100475
vt 0.641299507 0.800738969
vt 0.68504814 0.800738969
vt 0.641299507 0.770601022
vt 0.641299507 0.783239516
vt 0.68504814 0.783239516
vt 0.68504814 0.770601022
vt 0.686992524 0.818238423
vt 0.682131565 0.818238423
vt 0.682131565 0.861987055
vt 0.686992524 0.861987055
vt 0.677270605 0.834765684
vt 0.672409646 0.834765684
vt 0.672409646 0.846431986
vt 0.677270605 0.846431986
vt 0.641299507 0.805599929
vt 0.641299507 0.810460888
vt 0.68504814 0.810460888
vt 0.68504814 0.805599929
vt 0.676298414 0.817266231
vt 0.671437454 0.817266231
vt 0.671437454 0.828932533
vt 0.676298414 0.828932533
vt 0.321448391 0.947539938
vt 0.321448391 0.940734595
vt 0.314643048 0.940734595
vt 0.314643048 0.947539938
vt 0.322420583 0.952400897
vt 0.31561524 0.952400897
vt 0.31561524 0.95920624
vt 0.322420583 0.95920624
vt 0.412834424 0.963095007
vt 0.324364967 0.963095007
vt 0.324364967 0.970872542
vt 0.412834424 0.970872542
vt 0.412834424 0.987399803
vt 0.324364967 0.987399803
vt 0.324364967 0.995177338
vt 0.412834424 0.995177338
vt 0.412834424 0.975733501
vt 0.324364967 0.975733501
vt 0.324364967 0.982538844
vt 0.412834424 0.983511036
vt 0.53727498 0.881430892
vt 0.449777714 0.881430892
vt 0.449777714 0.889208427
vt 0.53727498 0.889208427
vt 0.293254828 0.43713922
vt 0.353530722 0.475054702
vt 0.353530722 0.43713922
vt 0.316587432 0.487693196
vt 0.31561524 0.532414021
vt 0.292282636 0.562551968
vt 0.318531816 0.53727498
vt 0.330198118 0.562551968
vt 0.33117031 0.540191556
vt 0.335059077 0.545052515
vt 0.333114693 0.560607584
vt 0.335059077 0.550885666
vt 0.334086885 0.556718817
vt 0.353530722 0.475054702
vt 0.293254828 0.43713922
vt 0.353530722 0.43713922
vt 0.316587432 0.487693196
vt 0.292282636 0.562551968
vt 0.31561524 0.532414021
vt 0.318531816 0.53727498
vt 0.330198118 0.562551968
vt 0.33117031 0.540191556
vt 0.335059077 0.545052515
vt 0.333114693 0.560607584
vt 0.335059077 0.550885666
vt 0.334086885 0.555746625
vt 0.410890041 0.715186087
vt 0.454638674 0.715186087
vt 0.45269429 0.764767871
vt 0.431306069 0.771573214
vt 0.42644511 0.808516504
vt 0.409917849 0.824071574
vt 0.407973465 0.825043765
vt 0.407973465 0.715186087
vt 0.432278261 0.824071574
vt 0.433250453 0.810460888
vt 0.293254828 0.824071574
vt 0.34186442 0.824071574
vt 0.34186442 0.715186087
vt 0.293254828 0.715186087
vt 0.433250453 0.810460888
vt 0.42644511 0.809488696
vt 0.432278261 0.824071574
vt 0.409917849 0.824071574
vt 0.410890041 0.715186087
vt 0.431306069 0.771573214
vt 0.45269429 0.764767871
vt 0.454638674 0.715186087
vt 0.407973465 0.715186087
vt 0.407973465 0.825043765
vt 0.277699758 0.791989243
vt 0.275755375 0.792961435
vt 0.274783183 0.827960341
vt 0.276727566 0.828932533
vt 0.286449485 0.786156092
vt 0.277699758 0.7851839
vt 0.286449485 0.783239516
vt 0.277699758 0.783239516
vt 0.286449485 0.835737876
vt 0.276727566 0.835737876
vt 0.276727566 0.837682259
vt 0.285477293 0.837682259
vt 0.244645236 0.908652264
vt 0.244645236 0.942678978
vt 0.263116881 0.942678978
vt 0.263116881 0.908652264
vt 0.267005648 0.913513223
vt 0.267005648 0.923235141
vt 0.285477293 0.923235141
vt 0.285477293 0.913513223
vt 0.293254828 0.892125003
vt 0.293254828 0.901846921
vt 0.323392775 0.901846921
vt 0.323392775 0.892125003
vt 0.26797784 0.928096101
vt 0.26797784 0.937818019
vt 0.285477293 0.937818019
vt 0.285477293 0.928096101
vt 0.263116881 0.948512129
vt 0.254367154 0.947539938
vt 0.254367154 0.981566652
vt 0.263116881 0.981566652
vt 0.425472918 0.497415115
vt 0.413806616 0.497415115
vt 0.413806616 0.507137033
vt 0.425472918 0.507137033
vt 0.413806616 0.516858951
vt 0.425472918 0.516858951
vt 0.413806616 0.52658087
vt 0.425472918 0.52658087
vt 0.413806616 0.536302788
vt 0.425472918 0.536302788
vt 0.413806616 0.546024707
vt 0.425472918 0.546024707
vt 0.413806616 0.555746625
vt 0.425472918 0.555746625
vt 0.374918942 0.4633884
vt 0.364224832 0.4633884
vt 0.359363873 0.473110319
vt 0.380752093 0.473110319
vt 0.374918942 0.482832237
vt 0.364224832 0.482832237
vt 0.380752093 0.473110319
vt 0.364224832 0.482832237
vt 0.374918942 0.482832237
vt 0.359363873 0.473110319
vt 0.364224832 0.4633884
vt 0.374918942 0.4633884
vt 0.158120162 0.186313725
vt 0.170758656 0.254367154
vt 0.197980027 0.250478387
vt 0.198952219 0.189230301
vt 0.225201399 0.255339346
vt 0.230062358 0.186313725
vt 0.722963622 0.895041578
vt 0.726852389 0.895041578
vt 0.726852389 0.844487602
vt 0.722963622 0.844487602
vt 0.709352936 0.810460888
vt 0.705464169 0.810460888
vt 0.704491977 0.823099382
vt 0.708380744 0.823099382
vt 0.708380744 0.896985962
vt 0.704491977 0.896985962
vt 0.691853483 0.994205146
vt 0.743379651 0.994205146
vt 0.742407459 0.98059446
vt 0.691853483 0.981566652
vt 0.691853483 0.90670788
vt 0.742407459 0.897958154
vt 0.69574225 0.815321847
vt 0.699631018 0.802683353
vt 0.69574225 0.802683353
vt 0.699631018 0.815321847
vt 0.69574225 0.898930345
vt 0.699631018 0.897958154
vt 0.749212802 0.994205146
vt 0.800738969 0.995177338
vt 0.800738969 0.982538844
vt 0.750184994 0.981566652
vt 0.750184994 0.897958154
vt 0.800738969 0.907680072
vt 0.717130471 0.896985962
vt 0.717130471 0.845459794
vt 0.713241704 0.845459794
vt 0.713241704 0.896985962
vt 0.602411834 0.872681166
vt 0.603384025 0.868792398
vt 0.545052515 0.868792398
vt 0.545052515 0.872681166
vt 0.607272793 0.890180619
vt 0.61116156 0.891152811
vt 0.61116156 0.925179525
vt 0.607272793 0.925179525
vt 0.61116156 0.936845827
vt 0.607272793 0.936845827
vt 0.545052515 0.945595554
vt 0.602411834 0.982538844
vt 0.602411834 0.945595554
vt 0.545052515 0.982538844
vt 0.545052515 0.995177338
vt 0.602411834 0.995177338
vt 0.606300601 0.947539938
vt 0.61116156 0.946567746
vt 0.61116156 0.982538844
vt 0.606300601 0.982538844
vt 0.61116156 0.994205146
vt 0.606300601 0.994205146
vt 0.603384025 0.902819113
vt 0.545052515 0.938790211
vt 0.603384025 0.938790211
vt 0.545052515 0.902819113
vt 0.603384025 0.890180619
vt 0.545052515 0.890180619
vt 0.545052515 0.883375276
vt 0.603384025 0.883375276
vt 0.602411834 0.878514317
vt 0.545052515 0.878514317
vt 0.409917849 0.602411834
vt 0.407001273 0.613105944
vt 0.409917849 0.613105944
vt 0.407001273 0.602411834
vt 0.409917849 0.496442923
vt 0.407001273 0.496442923
vt 0.339920036 0.57421827
vt 0.339920036 0.568385119
vt 0.292282636 0.568385119
vt 0.292282636 0.57421827
vt 0.292282636 0.702547593
vt 0.292282636 0.706436361
vt 0.339920036 0.706436361
vt 0.339920036 0.702547593
vt 0.402140314 0.496442923
vt 0.399223738 0.496442923
vt 0.399223738 0.506164841
vt 0.402140314 0.506164841
vt 0.402140314 0.612133752
vt 0.399223738 0.612133752
vt 0.394362779 0.506164841
vt 0.394362779 0.496442923
vt 0.347697571 0.496442923
vt 0.347697571 0.506164841
vt 0.394362779 0.612133752
vt 0.347697571 0.612133752
vt 0.339920036 0.579079229
vt 0.292282636 0.579079229
vt 0.292282636 0.588801148
vt 0.339920036 0.588801148
vt 0.339920036 0.698658826
vt 0.292282636 0.698658826
vt 0.66365992 0.362280448
vt 0.66365992 0.367141408
vt 0.668520879 0.367141408
vt 0.668520879 0.362280448
vt 0.66365992 0.357419489
vt 0.668520879 0.357419489
vt 0.66365992 0.35255853
vt 0.668520879 0.35255853
vt 0.66365992 0.347697571
vt 0.668520879 0.347697571
vt 0.66365992 0.342836612
vt 0.668520879 0.342836612
vt 0.66365992 0.337975652
vt 0.668520879 0.337975652
vt 0.66365992 0.332142501
vt 0.668520879 0.332142501
vt 0.66365992 0.327281542
vt 0.668520879 0.327281542
vt 0.383668669 0.641299507
vt 0.381724285 0.634494164
vt 0.387557436 0.639355124
vt 0.380752093 0.638382932
vt 0.373946751 0.634494164
vt 0.375891134 0.638382932
vt 0.369085791 0.639355124
vt 0.372974559 0.641299507
vt 0.369085791 0.64810485
vt 0.372974559 0.646160466
vt 0.374918942 0.652965809
vt 0.375891134 0.649077042
vt 0.382696477 0.652965809
vt 0.380752093 0.649077042
vt 0.387557436 0.647132658
vt 0.383668669 0.646160466
vt 0.387557436 0.639355124
vt 0.383668669 0.641299507
vt 0.467277167 0.655882385
vt 0.467277167 0.64810485
vt 0.462416208 0.64810485
vt 0.462416208 0.655882385
vt 0.467277167 0.662687728
vt 0.462416208 0.662687728
vt 0.467277167 0.670465262
vt 0.462416208 0.670465262
vt 0.467277167 0.678242797
vt 0.462416208 0.678242797
vt 0.467277167 0.686020332
vt 0.462416208 0.686020332
vt 0.467277167 0.693797867
vt 0.462416208 0.693797867
vt 0.467277167 0.701575401
vt 0.462416208 0.701575401
vt 0.467277167 0.709352936
vt 0.462416208 0.709352936
vt 0.345753187 0.647132658
vt 0.350614146 0.651993617
vt 0.358391681 0.651993617
vt 0.364224832 0.647132658
vt 0.345753187 0.639355124
vt 0.364224832 0.638382932
vt 0.350614146 0.633521972
vt 0.358391681 0.633521972
vt 0.635466356 0.45269429
vt 0.645188275 0.444916755
vt 0.635466356 0.444916755
vt 0.645188275 0.45269429
vt 0.635466356 0.460471825
vt 0.645188275 0.460471825
vt 0.635466356 0.468249359
vt 0.645188275 0.468249359
vt 0.635466356 0.476026894
vt 0.645188275 0.476026894
vt 0.635466356 0.483804429
vt 0.645188275 0.483804429
vt 0.635466356 0.491581964
vt 0.645188275 0.491581964
vt 0.635466356 0.498387306
vt 0.645188275 0.498387306
vt 0.635466356 0.506164841
vt 0.645188275 0.506164841
vt 0.519775527 0.862959247
vt 0.523664294 0.863931439
vt 0.523664294 0.818238423
vt 0.519775527 0.818238423
vt 0.597550874 0.820182806
vt 0.597550874 0.817266231
vt 0.534358405 0.817266231
vt 0.534358405 0.820182806
vt 0.665604303 0.863931439
vt 0.665604303 0.826988149
vt 0.602411834 0.826988149
vt 0.602411834 0.863931439
vt 0.602411834 0.818238423
vt 0.602411834 0.82212719
vt 0.666576495 0.82212719
vt 0.666576495 0.818238423
vt 0.534358405 0.826015957
vt 0.534358405 0.862959247
vt 0.597550874 0.862959247
vt 0.597550874 0.826015957
vt 0.530469637 0.862959247
vt 0.530469637 0.817266231
vt 0.527553062 0.818238423
vt 0.527553062 0.862959247
vt 0.232006742 0.607272793
vt 0.232006742 0.649077042
vt 0.233951125 0.650049234
vt 0.233951125 0.607272793
vt 0.232006742 0.602411834
vt 0.286449485 0.651021426
vt 0.233951125 0.603384025
vt 0.232978933 0.597550874
vt 0.286449485 0.607272793
vt 0.288393868 0.649077042
vt 0.288393868 0.607272793
vt 0.286449485 0.603384025
vt 0.288393868 0.603384025
vt 0.234923317 0.597550874
vt 0.232978933 0.590745531
vt 0.286449485 0.597550874
vt 0.288393868 0.597550874
vt 0.234923317 0.590745531
vt 0.232978933 0.58491238
vt 0.286449485 0.590745531
vt 0.288393868 0.590745531
vt 0.234923317 0.583940189
vt 0.232978933 0.577134846
vt 0.286449485 0.583940189
vt 0.288393868 0.583940189
vt 0.234923317 0.577134846
vt 0.232978933 0.564496352
vt 0.286449485 0.577134846
vt 0.288393868 0.577134846
vt 0.234923317 0.56352416
vt 0.232978933 0.557691009
vt 0.286449485 0.56352416
vt 0.288393868 0.56352416
vt 0.234923317 0.557691009
vt 0.233951125 0.514914568
vt 0.235895509 0.51588676
vt 0.233951125 0.47408251
vt 0.286449485 0.557691009
vt 0.287421677 0.557691009
vt 0.286449485 0.51588676
vt 0.288393868 0.51588676
vt 0.286449485 0.475054702
vt 0.288393868 0.47408251
vt 0.286449485 0.43713922
vt 0.288393868 0.43713922
vt 0.236867701 0.43713922
vt 0.235895509 0.47408251
vt 0.233951125 0.43713922
vt 0.283532909 0.5110258
vt 0.240756468 0.510053609
vt 0.283532909 0.479915661
vt 0.24172866 0.479915661
vt 0.281588526 0.509081417
vt 0.242700852 0.508109225
vt 0.242700852 0.480887853
vt 0.281588526 0.481860045
vt 0.287421677 0.778378557
vt 0.287421677 0.659771152
vt 0.285477293 0.657826769
vt 0.285477293 0.779350749
vt 0.236867701 0.657826769
vt 0.236867701 0.779350749
vt 0.234923317 0.65879896
vt 0.234923317 0.778378557
vt 0.269922223 0.835737876
vt 0.247561811 0.837682259
vt 0.26797784 0.837682259
vt 0.245617427 0.835737876
vt 0.269922223 0.7851839
vt 0.245617427 0.7851839
vt 0.268950032 0.783239516
vt 0.247561811 0.783239516
vt 0.401168122 0.715186087
vt 0.403112506 0.764767871
vt 0.403112506 0.715186087
vt 0.401168122 0.764767871
vt 0.403112506 0.787128284
vt 0.394362779 0.764767871
vt 0.394362779 0.715186087
vt 0.401168122 0.788100475
vt 0.403112506 0.826015957
vt 0.401168122 0.825043765
vt 0.394362779 0.825043765
vt 0.394362779 0.788100475
vt 0.392418396 0.825043765
vt 0.392418396 0.789072667
vt 0.357419489 0.825043765
vt 0.392418396 0.764767871
vt 0.392418396 0.715186087
vt 0.357419489 0.764767871
vt 0.357419489 0.715186087
vt 0.357419489 0.789072667
vt 0.355475106 0.825043765
vt 0.355475106 0.764767871
vt 0.355475106 0.715186087
vt 0.355475106 0.788100475
vt 0.348669763 0.764767871
vt 0.348669763 0.715186087
vt 0.346725379 0.715186087
vt 0.346725379 0.764767871
vt 0.348669763 0.788100475
vt 0.348669763 0.825043765
vt 0.346725379 0.788100475
vt 0.346725379 0.826015957
vt 0.264089072 0.900874729
vt 0.247561811 0.904763496
vt 0.262144689 0.903791305
vt 0.244645236 0.901846921
vt 0.244645236 0.845459794
vt 0.264089072 0.844487602
vt 0.263116881 0.842543219
vt 0.247561811 0.842543219
vt 0.0997886511 0.728796773
vt 0.0968720755 0.728796773
vt 0.0949276918 0.730741157
vt 0.0997886511 0.730741157
vt 0.109510569 0.728796773
vt 0.0978442674 0.742407459
vt 0.0958998837 0.742407459
vt 0.0968720755 0.756018145
vt 0.108538378 0.73268554
vt 0.111454953 0.731713349
vt 0.110482761 0.743379651
vt 0.112427145 0.743379651
vt 0.0988164592 0.756018145
vt 0.102705227 0.75893472
vt 0.110482761 0.756018145
vt 0.112427145 0.757962528
vt 0.110482761 0.761851296
vt 0.00840261788 0.989344187
vt 0.00548604236 0.975733501
vt 0.00451385051 0.992260762
vt 0.00840261788 0.975733501
vt 0.00451385051 0.789072667
vt 0.00743042604 0.788100475
vt 0.0190967281 0.789072667
vt 0.02006892 0.976705693
vt 0.0171523445 0.993232954
vt 0.025902071 0.787128284
vt 0.0239576874 0.993232954
vt 0.0210411118 0.977677885
vt 0.0395127568 0.786156092
vt 0.038540565 0.979622268
vt 0.038540565 0.99614953
vt 0.0521512508 0.994205146
vt 0.0521512508 0.977677885
vt 0.0521512508 0.789072667
vt 0.0560400182 0.786156092
vt 0.0550678263 0.979622268
vt 0.0677063203 0.789072667
vt 0.0550678263 0.995177338
vt 0.0686785121 0.979622268
vt 0.0715950876 0.786156092
vt 0.0677063203 0.99614953
vt 0.05701221 0.997121722
vt 0.0706228958 0.99614953
vt 0.0706228958 0.979622268
vt 0.0842335816 0.786156092
vt 0.0842335816 0.995177338
vt 0.0842335816 0.978650077
vt 0.0997886511 0.789072667
vt 0.0988164592 0.992260762
vt 0.100760843 0.975733501
vt 0.705464169 0.54796909
vt 0.701575401 0.546024707
vt 0.679214989 0.548941282
vt 0.67435403 0.55283005
vt 0.666576495 0.553802241
vt 0.669493071 0.548941282
vt 0.662687728 0.55283005
vt 0.66365992 0.546996899
vt 0.666576495 0.557691009
vt 0.67435403 0.570329503
vt 0.661715536 0.551857858
vt 0.660743344 0.546996899
vt 0.660743344 0.551857858
vt 0.65879896 0.546996899
vt 0.706436361 0.591717723
vt 0.750184994 0.548941282
vt 0.661715536 0.554774433
vt 0.659771152 0.55283005
vt 0.656854577 0.54796909
vt 0.654910193 0.550885666
vt 0.659771152 0.554774433
vt 0.660743344 0.557691009
vt 0.657826769 0.557691009
vt 0.651993617 0.553802241
vt 0.655882385 0.560607584
vt 0.657826769 0.570329503
vt 0.650049234 0.556718817
vt 0.664632111 0.570329503
vt 0.655882385 0.586856764
vt 0.662687728 0.585884572
vt 0.656854577 0.597550874
vt 0.654910193 0.56352416
vt 0.649077042 0.559635392
vt 0.672409646 0.591717723
vt 0.653938001 0.565468544
vt 0.64810485 0.561579776
vt 0.653938001 0.573246078
vt 0.647132658 0.568385119
vt 0.652965809 0.575190462
vt 0.646160466 0.570329503
vt 0.651021426 0.581995805
vt 0.644216083 0.578107037
vt 0.650049234 0.585884572
vt 0.643243891 0.582967997
vt 0.651021426 0.590745531
vt 0.643243891 0.588801148
vt 0.650049234 0.594634299
vt 0.642271699 0.594634299
vt 0.650049234 0.597550874
vt 0.643243891 0.599495258
vt 0.651993617 0.604356217
vt 0.645188275 0.608244985
vt 0.651993617 0.608244985
vt 0.660743344 0.616022519
vt 0.647132658 0.613105944
vt 0.652965809 0.613105944
vt 0.64810485 0.617966903
vt 0.655882385 0.617966903
vt 0.651021426 0.623800054
vt 0.657826769 0.62185567
vt 0.654910193 0.627688821
vt 0.65879896 0.624772246
vt 0.65879896 0.629633205
vt 0.669493071 0.627688821
vt 0.667548687 0.622827862
vt 0.664632111 0.597550874
vt 0.667548687 0.615050327
vt 0.675326222 0.615050327
vt 0.67435403 0.624772246
vt 0.678242797 0.627688821
vt 0.709352936 0.630605397
vt 0.706436361 0.627688821
vt 0.750184994 0.591717723
vt 0.7851839 0.548941282
vt 0.786156092 0.591717723
vt 0.750184994 0.62671663
vt 0.751157185 0.630605397
vt 0.786156092 0.625744438
vt 0.784211708 0.629633205
vt 0.715186087 0.535330596
vt 0.688936907 0.533386213
vt 0.71129732 0.536302788
vt 0.683103756 0.529497445
vt 0.679214989 0.533386213
vt 0.677270605 0.527553062
vt 0.671437454 0.535330596
vt 0.671437454 0.527553062
vt 0.670465262 0.522692102
vt 0.665604303 0.534358405
vt 0.667548687 0.527553062
vt 0.661715536 0.531441829
vt 0.664632111 0.525608678
vt 0.65879896 0.527553062
vt 0.66365992 0.521719911
vt 0.656854577 0.522692102
vt 0.666576495 0.5110258
vt 0.662687728 0.516858951
vt 0.654910193 0.517831143
vt 0.660743344 0.511997992
vt 0.652965809 0.511997992
vt 0.65879896 0.508109225
vt 0.651993617 0.507137033
vt 0.65879896 0.504220457
vt 0.651993617 0.502276074
vt 0.66365992 0.496442923
vt 0.65879896 0.50033169
vt 0.651021426 0.497415115
vt 0.657826769 0.496442923
vt 0.650049234 0.492554155
vt 0.657826769 0.493526347
vt 0.651021426 0.487693196
vt 0.657826769 0.48963758
vt 0.651021426 0.483804429
vt 0.664632111 0.480887853
vt 0.65879896 0.486721004
vt 0.673381838 0.480887853
vt 0.651021426 0.480887853
vt 0.65879896 0.484776621
vt 0.651021426 0.476999086
vt 0.657826769 0.480887853
vt 0.651993617 0.471165935
vt 0.657826769 0.476026894
vt 0.653938001 0.466304976
vt 0.659771152 0.472138127
vt 0.654910193 0.461444016
vt 0.668520879 0.4633884
vt 0.661715536 0.466304976
vt 0.654910193 0.457555249
vt 0.661715536 0.461444016
vt 0.655882385 0.453666482
vt 0.661715536 0.457555249
vt 0.656854577 0.449777714
vt 0.662687728 0.453666482
vt 0.657826769 0.445888947
vt 0.672409646 0.442972371
vt 0.678242797 0.443944563
vt 0.675326222 0.464360592
vt 0.664632111 0.449777714
vt 0.65879896 0.441027988
vt 0.664632111 0.443944563
vt 0.659771152 0.438111412
vt 0.665604303 0.441027988
vt 0.662687728 0.433250453
vt 0.669493071 0.436167028
vt 0.665604303 0.431306069
vt 0.671437454 0.433250453
vt 0.668520879 0.428389494
vt 0.677270605 0.433250453
vt 0.672409646 0.430333877
vt 0.670465262 0.425472918
vt 0.675326222 0.431306069
vt 0.673381838 0.428389494
vt 0.672409646 0.427417302
vt 0.672409646 0.424500726
vt 0.683103756 0.424500726
vt 0.675326222 0.430333877
vt 0.681159373 0.429361686
vt 0.680187181 0.434222645
vt 0.686992524 0.428389494
vt 0.691853483 0.422556343
vt 0.68504814 0.434222645
vt 0.714213895 0.432278261
vt 0.717130471 0.422556343
vt 0.721019238 0.419639767
vt 0.763795679 0.421584151
vt 0.765740063 0.416723192
vt 0.783239516 0.417695383
vt 0.68504814 0.444916755
vt 0.683103756 0.465332784
vt 0.716158279 0.490609772
vt 0.683103756 0.479915661
vt 0.783239516 0.420611959
vt 0.791989243 0.417695383
vt 0.793933626 0.421584151
vt 0.793933626 0.435194837
vt 0.757962528 0.429361686
vt 0.794905818 0.486721004
vt 0.75893472 0.488665388
vt 0.759906912 0.535330596
vt 0.794905818 0.536302788
vt 0.681159373 0.495470731
vt 0.682131565 0.510053609
vt 0.672409646 0.496442923
vt 0.673381838 0.5110258
vt 0.676298414 0.521719911
vt 0.430333877 0.510053609
vt 0.430333877 0.644216083
vt 0.492554155 0.644216083
vt 0.492554155 0.510053609
vt 0.542135939 0.140620708
vt 0.539219364 0.284505101
vt 0.542135939 0.284505101
vt 0.539219364 0.140620708
vt 0.542135939 0.00451385051
vt 0.394362779 0.284505101
vt 0.539219364 0.00451385051
vt 0.394362779 0.140620708
vt 0.391446204 0.284505101
vt 0.394362779 0.00451385051
vt 0.391446204 0.140620708
vt 0.391446204 0.00451385051
vt 0.546024707 0.140620708
vt 0.548941282 0.00451385051
vt 0.546024707 0.00451385051
vt 0.548941282 0.140620708
vt 0.546024707 0.284505101
vt 0.548941282 0.284505101
vt 0.687964716 0.140620708
vt 0.687964716 0.00451385051
vt 0.690881291 0.00451385051
vt 0.687964716 0.284505101
vt 0.690881291 0.140620708
vt 0.690881291 0.284505101
vt 0.391446204 0.432278261
vt 0.393390587 0.290338252
vt 0.391446204 0.290338252
vt 0.393390587 0.432278261
vt 0.450749906 0.356447297
vt 0.449777714 0.398251547
vt 0.483804429 0.356447297
vt 0.538247172 0.432278261
vt 0.486721004 0.395334971
vt 0.538247172 0.290338252
vt 0.540191556 0.432278261
vt 0.540191556 0.290338252
vt 0.694770059 0.140620708
vt 0.698658826 0.00451385051
vt 0.694770059 0.00451385051
vt 0.698658826 0.140620708
vt 0.694770059 0.284505101
vt 0.836710068 0.00451385051
vt 0.836710068 0.140620708
vt 0.839626643 0.00451385051
vt 0.839626643 0.140620708
vt 0.839626643 0.284505101
vt 0.698658826 0.284505101
vt 0.836710068 0.284505101
vt 0.749212802 0.206729754
vt 0.74824061 0.251450578
vt 0.7851839 0.205757562
vt 0.789072667 0.247561811
vt 0.994205146 0.780322941
vt 0.993232954 0.729768965
vt 0.876569933 0.729768965
vt 0.873653358 0.780322941
vt 0.995177338 0.805599929
vt 0.872681166 0.805599929
vt 0.860042672 0.781295133
vt 0.861987055 0.730741157
vt 0.767684447 0.727824581
vt 0.765740063 0.783239516
vt 0.863931439 0.80657212
vt 0.764767871 0.808516504
vt 0.983511036 0.527553062
vt 0.857126096 0.527553062
vt 0.856153904 0.62671663
vt 0.983511036 0.62671663
vt 0.772545406 0.721019238
vt 0.868792398 0.724908006
vt 0.868792398 0.698658826
vt 0.777406365 0.694770059
vt 0.777406365 0.642271699
vt 0.868792398 0.642271699
vt 0.931984868 0.303948938
vt 0.931984868 0.360336065
vt 0.976705693 0.360336065
vt 0.973789117 0.303948938
vt 0.993232954 0.639355124
vt 0.979622268 0.639355124
vt 0.98059446 0.696714442
vt 0.994205146 0.696714442
vt 0.99614953 0.722963622
vt 0.935873635 0.696714442
vt 0.875597741 0.722963622
vt 0.878514317 0.696714442
vt 0.935873635 0.639355124
vt 0.878514317 0.639355124
vt 0.968928158 0.24172866
vt 0.961150623 0.24172866
vt 0.961150623 0.298115787
vt 0.968928158 0.298115787
vt 0.976705693 0.373946751
vt 0.976705693 0.365197024
vt 0.931984868 0.365197024
vt 0.931984868 0.373946751
vt 0.916429799 0.366169216
vt 0.924207333 0.366169216
vt 0.924207333 0.302976746
vt 0.916429799 0.302976746
vt 0.285477293 0.879486509
vt 0.26797784 0.8804587
vt 0.26797784 0.909624456
vt 0.285477293 0.911568839
vt 0.26797784 0.842543219
vt 0.26797784 0.874625549
vt 0.284505101 0.873653358
vt 0.284505101 0.84351541
vt 0.26797784 0.955317472
vt 0.26797784 0.962122815
vt 0.285477293 0.962122815
vt 0.285477293 0.955317472
vt 0.29422702 0.905735688
vt 0.29422702 0.911568839
vt 0.320476199 0.911568839
vt 0.320476199 0.905735688
vt 0.26797784 0.94365117
vt 0.26797784 0.949484321
vt 0.285477293 0.949484321
vt 0.285477293 0.94365117
vt 0.250478387 0.948512129
vt 0.244645236 0.948512129
vt 0.244645236 0.979622268
vt 0.250478387 0.979622268
vt 0.532414021 0.549913474
vt 0.509081417 0.549913474
vt 0.509081417 0.554774433
vt 0.532414021 0.554774433
vt 0.338947844 0.487693196
vt 0.332142501 0.487693196
vt 0.332142501 0.490609772
vt 0.337975652 0.490609772
vt 0.340892228 0.490609772
vt 0.340892228 0.521719911
vt 0.337975652 0.521719911
vt 0.338947844 0.524636486
vt 0.332142501 0.524636486
vt 0.332142501 0.521719911
vt 0.509081417 0.549913474
vt 0.505192649 0.549913474
vt 0.505192649 0.554774433
vt 0.509081417 0.554774433
vt 0.324364967 0.498387306
vt 0.330198118 0.498387306
vt 0.330198118 0.495470731
vt 0.323392775 0.495470731
vt 0.321448391 0.498387306
vt 0.324364967 0.529497445
vt 0.321448391 0.529497445
vt 0.323392775 0.532414021
vt 0.330198118 0.529497445
vt 0.330198118 0.532414021
vt 0.351586338 0.486721004
vt 0.346725379 0.486721004
vt 0.346725379 0.492554155
vt 0.351586338 0.492554155
vt 0.353530722 0.492554155
vt 0.353530722 0.486721004
vt 0.376863326 0.486721004
vt 0.376863326 0.492554155
vt 0.37880771 0.486721004
vt 0.37880771 0.492554155
vt 0.383668669 0.486721004
vt 0.383668669 0.492554155
vt 0.532414021 0.554774433
vt 0.536302788 0.554774433
vt 0.536302788 0.549913474
vt 0.532414021 0.549913474
vt 0.649077042 0.44200018
vt 0.649077042 0.43713922
vt 0.534358405 0.43713922
vt 0.534358405 0.44200018
vt 0.546024707 0.387557436
vt 0.657826769 0.431306069
vt 0.657826769 0.387557436
vt 0.546024707 0.431306069
vt 0.54796909 0.433250453
vt 0.655882385 0.433250453
vt 0.62185567 0.445888947
vt 0.630605397 0.488665388
vt 0.630605397 0.445888947
vt 0.62185567 0.488665388
vt 0.623800054 0.492554155
vt 0.628661013 0.492554155
vt 0.546024707 0.387557436
vt 0.657826769 0.431306069
vt 0.657826769 0.387557436
vt 0.546024707 0.431306069
vt 0.54796909 0.433250453
vt 0.655882385 0.433250453
vt 0.62185567 0.445888947
vt 0.630605397 0.488665388
vt 0.630605397 0.445888947
vt 0.62185567 0.488665388
vt 0.623800054 0.492554155
vt 0.628661013 0.492554155
vt 0.207701946 0.868792398
vt 0.106593994 0.868792398
vt 0.106593994 0.883375276
vt 0.210618521 0.892125003
vt 0.108538378 0.912541031
vt 0.106593994 0.889208427
vt 0.209646329 0.897958154
vt 0.209646329 0.912541031
vt 0.106593994 0.935873635
vt 0.106593994 0.947539938
vt 0.207701946 0.948512129
vt 0.207701946 0.935873635
vt 0.29422702 0.914485415
vt 0.29422702 0.925179525
vt 0.305893322 0.925179525
vt 0.305893322 0.914485415
vt 0.106593994 0.91740199
vt 0.106593994 0.930040484
vt 0.210618521 0.930040484
vt 0.210618521 0.91740199
vt 0.26797784 0.992260762
vt 0.27867195 0.992260762
vt 0.27867195 0.968928158
vt 0.26797784 0.968928158
vt 0.203813178 0.953373089
vt 0.110482761 0.953373089
vt 0.106593994 0.970872542
vt 0.206729754 0.971844734
vt 0.109510569 0.976705693
vt 0.106593994 0.995177338
vt 0.205757562 0.993232954
vt 0.202840986 0.976705693
vt 0.226173591 0.868792398
vt 0.216451672 0.86976459
vt 0.216451672 0.979622268
vt 0.226173591 0.979622268
vt 0.211590713 0.984483228
vt 0.211590713 0.994205146
vt 0.227145782 0.994205146
vt 0.227145782 0.984483228
vt 0.239784276 0.870736782
vt 0.23103455 0.870736782
vt 0.23103455 0.993232954
vt 0.239784276 0.994205146
vt 0.244645236 0.986427611
vt 0.244645236 0.99614953
vt 0.261172497 0.99614953
vt 0.261172497 0.986427611
vt 0.615050327 0.473110319
vt 0.616994711 0.479915661
vt 0.618939095 0.477971278
vt 0.614078136 0.475054702
vt 0.610189368 0.470193743
vt 0.615050327 0.479915661
vt 0.609217176 0.472138127
vt 0.604356217 0.469221551
vt 0.612133752 0.477971278
vt 0.61116156 0.486721004
vt 0.609217176 0.485748812
vt 0.608244985 0.476026894
vt 0.607272793 0.484776621
vt 0.604356217 0.472138127
vt 0.598523066 0.471165935
vt 0.604356217 0.476026894
vt 0.604356217 0.483804429
vt 0.599495258 0.47408251
vt 0.593662107 0.475054702
vt 0.60046745 0.476999086
vt 0.602411834 0.484776621
vt 0.594634299 0.476999086
vt 0.588801148 0.47894347
vt 0.591717723 0.480887853
vt 0.596578682 0.47894347
vt 0.60046745 0.485748812
vt 0.593662107 0.480887853
vt 0.597550874 0.487693196
vt 0.787128284 0.896985962
vt 0.798794586 0.896985962
vt 0.798794586 0.874625549
vt 0.787128284 0.874625549
vt 0.798794586 0.857126096
vt 0.787128284 0.857126096
vt 0.798794586 0.833793492
vt 0.787128284 0.833793492
vt 0.798794586 0.816294039
vt 0.787128284 0.816294039
vt 0.0375683732 0.407973465
vt 0.350614146 0.38950182
vt 0.0414571405 0.38950182
vt 0.353530722 0.407973465
vt 0.359363873 0.407973465
vt 0.359363873 0.38950182
vt 0.038540565 0.361308257
vt 0.380752093 0.343808803
vt 0.038540565 0.343808803
vt 0.380752093 0.361308257
vt 0.383668669 0.361308257
vt 0.383668669 0.343808803
vt 0.366169216 0.433250453
vt 0.366169216 0.413806616
vt 0.359363873 0.413806616
vt 0.359363873 0.433250453
vt 0.0414571405 0.419639767
vt 0.0511790589 0.413806616
vt 0.0414571405 0.433250453
vt 0.0375683732 0.418667575
vt 0.0375683732 0.433250453
vt 0.0365961813 0.00840261788
vt 0.0414571405 0.00548604236
vt 0.038540565 0.00548604236
vt 0.0434015242 0.0113191934
vt 0.376863326 0.00354165867
vt 0.0424293324 0.0132635771
vt 0.0375683732 0.0161801526
vt 0.367141408 0.0103470016
vt 0.375891134 0.0181245363
vt 0.382696477 0.0132635771
vt 0.383668669 0.327281542
vt 0.0414571405 0.33117031
vt 0.0365961813 0.333114693
vt 0.0434015242 0.337003461
vt 0.376863326 0.330198118
vt 0.37880771 0.337003461
vt 0.152287011 0.0861779653
vt 0.152287011 0.261172497
vt 0.321448391 0.0861779653
vt 0.321448391 0.261172497
vt 0.394362779 0.894069386
vt 0.394362779 0.899902537
vt 0.412834424 0.899902537
vt 0.412834424 0.894069386
vt 0.349641955 0.899902537
vt 0.367141408 0.899902537
vt 0.367141408 0.895041578
vt 0.349641955 0.895041578
vt 0.372974559 0.894069386
vt 0.372974559 0.899902537
vt 0.390474012 0.899902537
vt 0.390474012 0.894069386
vt 0.327281542 0.899902537
vt 0.344780995 0.899902537
vt 0.344780995 0.895041578
vt 0.327281542 0.895041578
vt 0.441027988 0.875597741
vt 0.439083604 0.879486509
vt 0.441027988 0.879486509
vt 0.439083604 0.875597741
vt 0.372974559 0.879486509
vt 0.372974559 0.875597741
vt 0.371030175 0.879486509
vt 0.371030175 0.875597741
vt 0.44200018 0.829904725
vt 0.44200018 0.847404178
vt 0.442972371 0.831849108
vt 0.439083604 0.849348561
vt 0.374918942 0.829904725
vt 0.374918942 0.849348561
vt 0.372974559 0.847404178
vt 0.372974559 0.831849108
vt 0.44200018 0.88531966
vt 0.443944563 0.889208427
vt 0.443944563 0.88531966
vt 0.44200018 0.889208427
vt 0.373946751 0.889208427
vt 0.373946751 0.88531966
vt 0.372002367 0.889208427
vt 0.372002367 0.88531966
vt 0.44200018 0.855181713
vt 0.441027988 0.871708974
vt 0.442972371 0.86976459
vt 0.439083604 0.853237329
vt 0.372002367 0.871708974
vt 0.372974559 0.854209521
vt 0.370057983 0.86976459
vt 0.370057983 0.856153904
vt 0.36325264 0.874625549
vt 0.361308257 0.879486509
vt 0.36325264 0.879486509
vt 0.361308257 0.874625549
vt 0.295199211 0.879486509
vt 0.295199211 0.874625549
vt 0.293254828 0.879486509
vt 0.293254828 0.874625549
vt 0.366169216 0.828932533
vt 0.366169216 0.846431986
vt 0.3681136 0.830876916
vt 0.364224832 0.84837637
vt 0.295199211 0.828932533
vt 0.295199211 0.84837637
vt 0.292282636 0.846431986
vt 0.292282636 0.830876916
vt 0.366169216 0.884347468
vt 0.364224832 0.889208427
vt 0.366169216 0.889208427
vt 0.364224832 0.884347468
vt 0.296171403 0.889208427
vt 0.296171403 0.884347468
vt 0.293254828 0.889208427
vt 0.293254828 0.884347468
vt 0.365197024 0.855181713
vt 0.364224832 0.871708974
vt 0.367141408 0.86976459
vt 0.36325264 0.854209521
vt 0.29422702 0.871708974
vt 0.29422702 0.853237329
vt 0.291310444 0.86976459
vt 0.292282636 0.855181713
vt 0.879486509 0.934901444
vt 0.802683353 0.817266231
vt 0.879486509 0.817266231
vt 0.805599929 0.934901444
vt 0.80657212 0.965039391
vt 0.966983774 0.965039391
vt 0.930040484 0.934901444
vt 0.966983774 0.935873635
vt 0.966983774 0.817266231
vt 0.930040484 0.817266231
vt 0.879486509 0.934901444
vt 0.879486509 0.817266231
vt 0.802683353 0.817266231
vt 0.805599929 0.934901444
vt 0.80657212 0.965039391
vt 0.930040484 0.934901444
vt 0.966983774 0.965039391
vt 0.966983774 0.935873635
vt 0.966983774 0.817266231
vt 0.930040484 0.817266231
vt 0.987399803 0.956289664
vt 0.987399803 0.814349655
vt 0.99614953 0.814349655
vt 0.99614953 0.956289664
vt 0.987399803 0.993232954
vt 0.99614953 0.993232954
vt 0.987399803 0.955317472
vt 0.987399803 0.993232954
vt 0.99614953 0.993232954
vt 0.99614953 0.955317472
vt 0.987399803 0.814349655
vt 0.99614953 0.814349655
vt 0.967955966 0.979622268
vt 0.967955966 0.970872542
vt 0.807544312 0.970872542
vt 0.807544312 0.979622268
vt 0.70060321 0.745324034
vt 0.692825675 0.745324034
vt 0.692825675 0.796850202
vt 0.70060321 0.796850202
vt 0.808516504 0.994205146
vt 0.981566652 0.994205146
vt 0.981566652 0.986427611
vt 0.808516504 0.986427611
vt 0.981566652 0.979622268
vt 0.981566652 0.815321847
vt 0.973789117 0.815321847
vt 0.973789117 0.979622268
vt 0.595606491 0.551857858
vt 0.633521972 0.545052515
vt 0.598523066 0.545052515
vt 0.636438548 0.551857858
vt 0.639355124 0.579079229
vt 0.592689915 0.579079229
vt 0.597550874 0.58491238
vt 0.634494164 0.58491238
vt 0.554774433 0.580051421
vt 0.583940189 0.580051421
vt 0.586856764 0.573246078
vt 0.550885666 0.573246078
vt 0.548941282 0.550885666
vt 0.58977334 0.550885666
vt 0.553802241 0.545052515
vt 0.58491238 0.545052515
vt 0.531441829 0.540191556
vt 0.498387306 0.5110258
vt 0.501303882 0.540191556
vt 0.532414021 0.5110258
vt 0.539219364 0.540191556
vt 0.538247172 0.5110258
vt 0.562551968 0.5110258
vt 0.561579776 0.540191556
vt 0.570329503 0.540191556
vt 0.568385119 0.5110258
vt 0.604356217 0.5110258
vt 0.601439642 0.540191556
vt 0.608244985 0.540191556
vt 0.61116156 0.5110258
vt 0.636438548 0.5110258
vt 0.628661013 0.540191556
vt 0.635466356 0.540191556
vt 0.643243891 0.5110258
vt 0.496442923 0.624772246
vt 0.543108131 0.624772246
vt 0.543108131 0.610189368
vt 0.496442923 0.610189368
vt 0.65879896 0.639355124
vt 0.644216083 0.639355124
vt 0.64810485 0.682131565
vt 0.652965809 0.698658826
vt 0.659771152 0.698658826
vt 0.430333877 0.498387306
vt 0.430333877 0.505192649
vt 0.488665388 0.505192649
vt 0.488665388 0.498387306
vt 0.496442923 0.544080323
vt 0.496442923 0.561579776
vt 0.499359498 0.559635392
vt 0.499359498 0.546024707
vt 0.543108131 0.544080323
vt 0.496442923 0.544080323
vt 0.499359498 0.546024707
vt 0.540191556 0.546024707
vt 0.540191556 0.546024707
vt 0.540191556 0.559635392
vt 0.543108131 0.561579776
vt 0.543108131 0.544080323
vt 0.543108131 0.561579776
vt 0.540191556 0.559635392
vt 0.499359498 0.559635392
vt 0.496442923 0.561579776
vt 0.496442923 0.606300601
vt 0.543108131 0.606300601
vt 0.659771152 0.698658826
vt 0.652965809 0.698658826
vt 0.64810485 0.682131565
vt 0.65879896 0.639355124
vt 0.644216083 0.639355124
vt 0.411862232 0.623800054
vt 0.395334971 0.623800054
vt 0.396307163 0.62671663
vt 0.410890041 0.627688821
vt 0.390474012 0.623800054
vt 0.345753187 0.623800054
vt 0.344780995 0.62671663
vt 0.391446204 0.62671663
vt 0.411862232 0.619911287
vt 0.411862232 0.616994711
vt 0.396307163 0.616994711
vt 0.395334971 0.619911287
vt 0.498387306 0.642271699
vt 0.540191556 0.642271699
vt 0.540191556 0.629633205
vt 0.498387306 0.629633205
vt 0.391446204 0.616022519
vt 0.344780995 0.616022519
vt 0.345753187 0.618939095
vt 0.390474012 0.618939095
vt 0.0715950876 0.780322941
vt 0.0715950876 0.778378557
vt 0.0404849487 0.778378557
vt 0.0404849487 0.780322941
vt 0.0395127568 0.768656639
vt 0.0395127568 0.771573214
vt 0.0696507039 0.771573214
vt 0.0696507039 0.768656639
vt 0.24172866 0.828932533
vt 0.10464961 0.828932533
vt 0.106593994 0.861987055
vt 0.237839893 0.863931439
vt 0.237839893 0.789072667
vt 0.107566186 0.789072667
vt 0.10464961 0.823099382
vt 0.24172866 0.823099382
vt 0.237839893 0.787128284
vt 0.237839893 0.7851839
vt 0.107566186 0.7851839
vt 0.107566186 0.787128284
vt 0.10464961 0.825043765
vt 0.10464961 0.826988149
vt 0.24172866 0.826988149
vt 0.24172866 0.825043765
vt 0.0395127568 0.772545406
vt 0.0696507039 0.772545406
vt 0.0696507039 0.771573214
vt 0.0395127568 0.771573214
vt 0.10464961 0.828932533
vt 0.24172866 0.828932533
vt 0.24172866 0.826988149
vt 0.10464961 0.826988149
vt 0.0715950876 0.777406365
vt 0.0404849487 0.777406365
vt 0.0404849487 0.778378557
vt 0.0715950876 0.778378557
vt 0.237839893 0.783239516
vt 0.106593994 0.783239516
vt 0.107566186 0.7851839
vt 0.237839893 0.7851839
vt 0.107566186 0.789072667
vt 0.237839893 0.789072667
vt 0.237839893 0.787128284
vt 0.107566186 0.787128284
vt 0.0404849487 0.781295133
vt 0.0715950876 0.781295133
vt 0.0715950876 0.780322941
vt 0.0404849487 0.780322941
vt 0.24172866 0.823099382
vt 0.10464961 0.823099382
vt 0.10464961 0.825043765
vt 0.24172866 0.825043765
vt 0.0696507039 0.767684447
vt 0.0395127568 0.767684447
vt 0.0395127568 0.768656639
vt 0.0696507039 0.768656639
vt 0.0395127568 0.778378557
vt 0.0395127568 0.780322941
vt 0.0404849487 0.780322941
vt 0.0404849487 0.778378557
vt 0.038540565 0.768656639
vt 0.038540565 0.771573214
vt 0.0395127568 0.771573214
vt 0.0395127568 0.768656639
vt 0.0715950876 0.778378557
vt 0.0715950876 0.780322941
vt 0.0725672795 0.780322941
vt 0.0725672795 0.778378557
vt 0.0706228958 0.771573214
vt 0.0706228958 0.768656639
vt 0.0696507039 0.768656639
vt 0.0696507039 0.771573214
vt 0.217423864 0.438111412
vt 0.0852057734 0.439083604
vt 0.0813170061 0.441027988
vt 0.222284823 0.440055796
vt 0.226173591 0.44200018
vt 0.0764560468 0.44200018
vt 0.075483855 0.446861139
vt 0.227145782 0.446861139
vt 0.228117974 0.451722098
vt 0.0735394713 0.451722098
vt 0.118260296 0.511997992
vt 0.0764560468 0.599495258
vt 0.205757562 0.511997992
vt 0.119232488 0.585884572
vt 0.230062358 0.597550874
vt 0.206729754 0.58491238
vt 0.228117974 0.602411834
vt 0.0774282387 0.603384025
vt 0.0793726224 0.607272793
vt 0.227145782 0.607272793
vt 0.0832613897 0.609217176
vt 0.224229207 0.609217176
vt 0.0871501571 0.61116156
vt 0.222284823 0.610189368
vt 0.0472902916 0.441027988
vt 0.0511790589 0.445888947
vt 0.0511790589 0.441027988
vt 0.0472902916 0.445888947
vt 0.0414571405 0.441027988
vt 0.0511790589 0.451722098
vt 0.0414571405 0.445888947
vt 0.0375683732 0.441027988
vt 0.0375683732 0.445888947
vt 0.0375683732 0.451722098
vt 0.0472902916 0.451722098
vt 0.0414571405 0.451722098
vt 0.0375683732 0.593662107
vt 0.0472902916 0.593662107
vt 0.0511790589 0.593662107
vt 0.0414571405 0.593662107
vt 0.0375683732 0.598523066
vt 0.0414571405 0.598523066
vt 0.0375683732 0.604356217
vt 0.0472902916 0.598523066
vt 0.0511790589 0.598523066
vt 0.0511790589 0.604356217
vt 0.0414571405 0.604356217
vt 0.0472902916 0.604356217
vt 0.0472902916 0.610189368
vt 0.0511790589 0.610189368
vt 0.0511790589 0.616022519
vt 0.0414571405 0.610189368
vt 0.0375683732 0.610189368
vt 0.0375683732 0.616022519
vt 0.0472902916 0.616022519
vt 0.0511790589 0.753101569
vt 0.0414571405 0.616022519
vt 0.0414571405 0.753101569
vt 0.0375683732 0.753101569
vt 0.0375683732 0.757962528
vt 0.0472902916 0.753101569
vt 0.0414571405 0.757962528
vt 0.0375683732 0.762823488
vt 0.0414571405 0.762823488
vt 0.0472902916 0.757962528
vt 0.0511790589 0.757962528
vt 0.0472902916 0.762823488
vt 0.0511790589 0.762823488
vt 0.242700852 0.17853619
vt 0.238812085 0.254367154
vt 0.273810991 0.249506195
vt 0.277699758 0.181452766
vt 0.307837705 0.256311538
vt 0.31561524 0.17853619
vt 0.63741074 0.79587801
vt 0.622827862 0.81143308
vt 0.63741074 0.81143308
vt 0.622827862 0.79587801
vt 0.63741074 0.781295133
vt 0.622827862 0.781295133
vt 0.622827862 0.777406365
vt 0.63741074 0.777406365
vt 0.622827862 0.77448979
vt 0.63741074 0.77448979
vt 0.622827862 0.762823488
vt 0.63741074 0.762823488
vt 0.63741074 0.739490883
vt 0.622827862 0.739490883
vt 0.622827862 0.725880198
vt 0.63741074 0.725880198
vt 0.622827862 0.722963622
vt 0.63741074 0.722963622
vt 0.622827862 0.720047046
vt 0.63741074 0.720047046
vt 0.63741074 0.706436361
vt 0.622827862 0.706436361
vt 0.63741074 0.691853483
vt 0.622827862 0.691853483
vt 0.622827862 0.687964716
vt 0.63741074 0.687964716
vt 0.622827862 0.644216083
vt 0.63741074 0.644216083
vt 0.622827862 0.639355124
vt 0.63741074 0.639355124
vt 0.344780995 0.67435403
vt 0.344780995 0.709352936
vt 0.439083604 0.709352936
vt 0.439083604 0.67435403
vt 0.344780995 0.65879896
vt 0.344780995 0.668520879
vt 0.440055796 0.668520879
vt 0.440055796 0.65879896
vt 0.425472918 0.616994711
vt 0.416723192 0.616994711
vt 0.416723192 0.651993617
vt 0.425472918 0.651993617
vt 0.344780995 0.65879896
vt 0.344780995 0.668520879
vt 0.440055796 0.668520879
vt 0.440055796 0.65879896
vt 0.425472918 0.616994711
vt 0.416723192 0.616994711
vt 0.416723192 0.651993617
vt 0.425472918 0.651993617
vt 0.441027988 0.438111412
vt 0.432278261 0.492554155
vt 0.441027988 0.492554155
vt 0.432278261 0.438111412
vt 0.424500726 0.438111412
vt 0.424500726 0.492554155
vt 0.416723192 0.492554155
vt 0.416723192 0.438111412
vt 0.468249359 0.438111412
vt 0.460471825 0.492554155
vt 0.468249359 0.492554155
vt 0.460471825 0.438111412
vt 0.453666482 0.438111412
vt 0.453666482 0.492554155
vt 0.448805522 0.438111412
vt 0.448805522 0.492554155
vt 0.443944563 0.492554155
vt 0.443944563 0.438111412
vt 0.490609772 0.43713922
vt 0.490609772 0.445888947
vt 0.528525254 0.445888947
vt 0.528525254 0.43713922
vt 0.713241704 0.410890041
vt 0.720047046 0.410890041
vt 0.720047046 0.386585245
vt 0.713241704 0.386585245
vt 0.651021426 0.546996899
vt 0.651021426 0.522692102
vt 0.644216083 0.522692102
vt 0.644216083 0.546996899
vt 0.558663201 0.492554155
vt 0.586856764 0.492554155
vt 0.586856764 0.484776621
vt 0.558663201 0.484776621
vt 0.490609772 0.445888947
vt 0.528525254 0.445888947
vt 0.528525254 0.43713922
vt 0.490609772 0.43713922
vt 0.558663201 0.484776621
vt 0.558663201 0.492554155
vt 0.586856764 0.492554155
vt 0.586856764 0.484776621
vt 0.644216083 0.546996899
vt 0.651021426 0.546996899
vt 0.651021426 0.522692102
vt 0.644216083 0.522692102
vt 0.720047046 0.410890041
vt 0.720047046 0.386585245
vt 0.713241704 0.386585245
vt 0.713241704 0.410890041
vt 0.651021426 0.546996899
vt 0.651021426 0.522692102
vt 0.644216083 0.522692102
vt 0.644216083 0.546996899
vt 0.558663201 0.492554155
vt 0.586856764 0.492554155
vt 0.586856764 0.484776621
vt 0.558663201 0.484776621
vt 0.490609772 0.43713922
vt 0.490609772 0.445888947
vt 0.528525254 0.445888947
vt 0.528525254 0.43713922
vt 0.713241704 0.410890041
vt 0.720047046 0.410890041
vt 0.720047046 0.386585245
vt 0.713241704 0.386585245
vt 0.644216083 0.546996899
vt 0.651021426 0.546996899
vt 0.651021426 0.522692102
vt 0.644216083 0.522692102
vt 0.720047046 0.410890041
vt 0.720047046 0.386585245
vt 0.713241704 0.386585245
vt 0.713241704 0.410890041
vt 0.490609772 0.445888947
vt 0.528525254 0.445888947
vt 0.528525254 0.43713922
vt 0.490609772 0.43713922
vt 0.558663201 0.484776621
vt 0.558663201 0.492554155
vt 0.586856764 0.492554155
vt 0.586856764 0.484776621
vt 0.540191556 0.927123909
vt 0.540191556 0.920318566
vt 0.417695383 0.920318566
vt 0.417695383 0.927123909
vt 0.540191556 0.93295706
vt 0.417695383 0.93295706
vt 0.417695383 0.939762403
vt 0.540191556 0.939762403
vt 0.310754281 0.941706786
vt 0.30492113 0.941706786
vt 0.30492113 0.947539938
vt 0.310754281 0.947539938
vt 0.540191556 0.901846921
vt 0.540191556 0.894069386
vt 0.417695383 0.894069386
vt 0.417695383 0.901846921
vt 0.28936606 0.982538844
vt 0.283532909 0.982538844
vt 0.283532909 0.988371995
vt 0.28936606 0.988371995
vt 0.540191556 0.914485415
vt 0.540191556 0.90670788
vt 0.417695383 0.90670788
vt 0.417695383 0.914485415
vt 0.327281542 0.942678978
vt 0.411862232 0.942678978
vt 0.411862232 0.931984868
vt 0.327281542 0.931984868
vt 0.411862232 0.957261856
vt 0.411862232 0.947539938
vt 0.327281542 0.947539938
vt 0.327281542 0.957261856
vt 0.412834424 0.927123909
vt 0.410890041 0.918374182
vt 0.32630935 0.918374182
vt 0.328253734 0.927123909
vt 0.320476199 0.923235141
vt 0.320476199 0.915457607
vt 0.311726473 0.915457607
vt 0.311726473 0.923235141
vt 0.409917849 0.913513223
vt 0.412834424 0.904763496
vt 0.328253734 0.904763496
vt 0.32630935 0.913513223
vt 0.320476199 0.936845827
vt 0.320476199 0.928096101
vt 0.311726473 0.928096101
vt 0.311726473 0.936845827
vt 0.686020332 0.385613053
vt 0.689909099 0.385613053
vt 0.689909099 0.377835518
vt 0.686020332 0.377835518
vt 0.689909099 0.371030175
vt 0.686020332 0.371030175
vt 0.689909099 0.36325264
vt 0.686020332 0.36325264
vt 0.689909099 0.355475106
vt 0.686020332 0.355475106
vt 0.689909099 0.348669763
vt 0.686020332 0.348669763
vt 0.689909099 0.340892228
vt 0.686020332 0.340892228
vt 0.689909099 0.333114693
vt 0.686020332 0.333114693
vt 0.689909099 0.32630935
vt 0.686020332 0.32630935
vt 0.675326222 0.384640861
vt 0.680187181 0.384640861
vt 0.680187181 0.377835518
vt 0.675326222 0.377835518
vt 0.680187181 0.370057983
vt 0.675326222 0.370057983
vt 0.680187181 0.36325264
vt 0.675326222 0.36325264
vt 0.680187181 0.355475106
vt 0.675326222 0.355475106
vt 0.680187181 0.347697571
vt 0.675326222 0.347697571
vt 0.680187181 0.340892228
vt 0.675326222 0.340892228
vt 0.680187181 0.333114693
vt 0.675326222 0.333114693
vt 0.680187181 0.325337158
vt 0.675326222 0.325337158
vt 0.414778808 0.562551968
vt 0.423528535 0.559635392
vt 0.414778808 0.559635392
vt 0.423528535 0.562551968
vt 0.414778808 0.566440735
vt 0.423528535 0.566440735
vt 0.414778808 0.569357311
vt 0.423528535 0.569357311
vt 0.414778808 0.572273886
vt 0.423528535 0.572273886
vt 0.414778808 0.576162654
vt 0.423528535 0.576162654
vt 0.414778808 0.579079229
vt 0.423528535 0.579079229
vt 0.201868795 0.728796773
vt 0.212562905 0.762823488
vt 0.212562905 0.728796773
vt 0.201868795 0.762823488
vt 0.170758656 0.762823488
vt 0.170758656 0.728796773
vt 0.156175778 0.51588676
vt 0.162008929 0.545052515
vt 0.162008929 0.51588676
vt 0.156175778 0.545052515
vt 0.125065639 0.51588676
vt 0.125065639 0.545052515
vt 0.182424958 0.684075948
vt 0.175619615 0.682131565
vt 0.175619615 0.684075948
vt 0.182424958 0.682131565
vt 0.175619615 0.653938001
vt 0.174647423 0.653938001
vt 0.174647423 0.682131565
vt 0.182424958 0.653938001
vt 0.212562905 0.682131565
vt 0.212562905 0.653938001
vt 0.175619615 0.651993617
vt 0.182424958 0.651993617
vt 0.152287011 0.722963622
vt 0.152287011 0.723935814
vt 0.162981121 0.723935814
vt 0.162981121 0.722963622
vt 0.152287011 0.688936907
vt 0.121176872 0.722963622
vt 0.121176872 0.688936907
vt 0.162981121 0.688936907
vt 0.152287011 0.687964716
vt 0.162981121 0.687964716
vt 0.163953313 0.722963622
vt 0.163953313 0.688936907
vt 0.199924411 0.72199143
vt 0.169786464 0.687964716
vt 0.169786464 0.72199143
vt 0.199924411 0.687964716
vt 0.210618521 0.72199143
vt 0.210618521 0.722963622
vt 0.199924411 0.722963622
vt 0.210618521 0.687964716
vt 0.199924411 0.686992524
vt 0.210618521 0.686992524
vt 0.212562905 0.72199143
vt 0.212562905 0.687964716
vt 0.153259202 0.729768965
vt 0.163953313 0.763795679
vt 0.163953313 0.729768965
vt 0.153259202 0.763795679
vt 0.122149063 0.763795679
vt 0.122149063 0.729768965
vt 0.123121255 0.652965809
vt 0.127982214 0.681159373
vt 0.127982214 0.652965809
vt 0.123121255 0.681159373
vt 0.0920111163 0.681159373
vt 0.0920111163 0.652965809
vt 0.163953313 0.652965809
vt 0.169786464 0.652965809
vt 0.169786464 0.652965809
vt 0.163953313 0.652965809
vt 0.169786464 0.682131565
vt 0.170758656 0.682131565
vt 0.170758656 0.652965809
vt 0.163953313 0.682131565
vt 0.132843174 0.652965809
vt 0.132843174 0.682131565
vt 0.169786464 0.682131565
vt 0.163953313 0.682131565
vt 0.125065639 0.578107037
vt 0.159092353 0.578107037
vt 0.159092353 0.549913474
vt 0.125065639 0.549913474
vt 0.169786464 0.551857858
vt 0.198952219 0.551857858
vt 0.198952219 0.516858951
vt 0.169786464 0.516858951
vt 0.688936907 0.870736782
vt 0.68504814 0.86976459
vt 0.68504814 0.928096101
vt 0.688936907 0.928096101
vt 0.677270605 0.934901444
vt 0.673381838 0.935873635
vt 0.673381838 0.947539938
vt 0.677270605 0.947539938
vt 0.677270605 0.993232954
vt 0.673381838 0.993232954
vt 0.615050327 0.936845827
vt 0.615050327 0.993232954
vt 0.62671663 0.992260762
vt 0.62671663 0.936845827
vt 0.668520879 0.936845827
vt 0.668520879 0.993232954
vt 0.673381838 0.883375276
vt 0.677270605 0.870736782
vt 0.672409646 0.870736782
vt 0.677270605 0.883375276
vt 0.672409646 0.929068293
vt 0.677270605 0.929068293
vt 0.615050327 0.871708974
vt 0.615050327 0.929068293
vt 0.62671663 0.929068293
vt 0.62671663 0.872681166
vt 0.668520879 0.871708974
vt 0.668520879 0.929068293
vt 0.687964716 0.992260762
vt 0.687964716 0.933929252
vt 0.684075948 0.934901444
vt 0.684075948 0.992260762
vt 0.287421677 0.171730847
vt 0.316587432 0.171730847
vt 0.316587432 0.136731941
vt 0.287421677 0.136731941
vt 0.282560717 0.133815366
vt 0.282560717 0.0978442674
vt 0.25242277 0.0978442674
vt 0.25242277 0.133815366
vt 0.316587432 0.129926598
vt 0.316587432 0.0978442674
vt 0.287421677 0.0978442674
vt 0.287421677 0.129926598
vt 0.247561811 0.129926598
vt 0.247561811 0.0978442674
vt 0.213535097 0.0978442674
vt 0.213535097 0.129926598
vt 0.282560717 0.172703039
vt 0.282560717 0.140620708
vt 0.25242277 0.140620708
vt 0.25242277 0.172703039
vt 0.245617427 0.172703039
vt 0.245617427 0.140620708
vt 0.211590713 0.140620708
vt 0.211590713 0.172703039
vt 0.930040484 0.436167028
vt 0.935873635 0.418667575
vt 0.929068293 0.419639767
vt 0.935873635 0.434222645
vt 0.93295706 0.442972371
vt 0.939762403 0.446861139
vt 0.961150623 0.433250453
vt 0.961150623 0.445888947
vt 0.974761309 0.407001273
vt 0.974761309 0.427417302
vt 0.944623362 0.427417302
vt 0.944623362 0.407001273
vt 0.974761309 0.401168122
vt 0.94365117 0.401168122
vt 0.974761309 0.395334971
vt 0.94365117 0.394362779
vt 0.973789117 0.380752093
vt 0.94365117 0.380752093
vt 0.934901444 0.409917849
vt 0.924207333 0.409917849
vt 0.924207333 0.381724285
vt 0.934901444 0.381724285
vt 0.835737876 0.588801148
vt 0.851292945 0.596578682
vt 0.852265137 0.58977334
vt 0.834765684 0.596578682
vt 0.827960341 0.590745531
vt 0.823099382 0.599495258
vt 0.833793492 0.609217176
vt 0.823099382 0.609217176
vt 0.939762403 0.659771152
vt 0.940734595 0.649077042
vt 0.975733501 0.64810485
vt 0.974761309 0.65879896
vt 0.939762403 0.668520879
vt 0.974761309 0.668520879
vt 0.939762403 0.675326222
vt 0.974761309 0.676298414
vt 0.939762403 0.690881291
vt 0.974761309 0.691853483
vt 0.816294039 0.57421827
vt 0.852265137 0.57421827
vt 0.852265137 0.583940189
vt 0.816294039 0.58491238
vt 0.965039391 0.503248266
vt 0.946567746 0.502276074
vt 0.946567746 0.504220457
vt 0.963095007 0.501303882
vt 0.970872542 0.50033169
vt 0.973789117 0.493526347
vt 0.963095007 0.470193743
vt 0.972816925 0.469221551
vt 0.914485415 0.497415115
vt 0.938790211 0.497415115
vt 0.939762403 0.516858951
vt 0.914485415 0.517831143
vt 0.90670788 0.498387306
vt 0.90670788 0.517831143
vt 0.900874729 0.498387306
vt 0.899902537 0.517831143
vt 0.882403084 0.499359498
vt 0.883375276 0.518803335
vt 0.948512129 0.48963758
vt 0.948512129 0.469221551
vt 0.957261856 0.469221551
vt 0.957261856 0.490609772
vt 0.753101569 0.836710068
vt 0.747268418 0.824071574
vt 0.747268418 0.836710068
vt 0.754073761 0.826988149
vt 0.751157185 0.816294039
vt 0.757962528 0.813377463
vt 0.770601022 0.826988149
vt 0.770601022 0.813377463
vt 0.75893472 0.773517598
vt 0.7375465 0.772545406
vt 0.7375465 0.760879104
vt 0.75893472 0.761851296
vt 0.7375465 0.754073761
vt 0.75893472 0.754073761
vt 0.738518691 0.745324034
vt 0.759906912 0.746296226
vt 0.738518691 0.73268554
vt 0.759906912 0.73268554
vt 0.731713349 0.84351541
vt 0.744351843 0.84351541
vt 0.743379651 0.865875823
vt 0.731713349 0.865875823
vt 0.884347468 0.901846921
vt 0.926151717 0.929068293
vt 0.884347468 0.929068293
vt 0.926151717 0.901846921
vt 0.884347468 0.890180619
vt 0.926151717 0.890180619
vt 0.884347468 0.8804587
vt 0.926151717 0.8804587
vt 0.884347468 0.860042672
vt 0.926151717 0.860042672
vt 0.925179525 0.842543219
vt 0.925179525 0.829904725
vt 0.884347468 0.829904725
vt 0.884347468 0.842543219
vt 0.819210614 0.505192649
vt 0.800738969 0.477971278
vt 0.820182806 0.477971278
vt 0.800738969 0.504220457
vt 0.819210614 0.5110258
vt 0.800738969 0.5110258
vt 0.819210614 0.516858951
vt 0.800738969 0.517831143
vt 0.819210614 0.530469637
vt 0.800738969 0.530469637
vt 0.853237329 0.507137033
vt 0.853237329 0.528525254
vt 0.84351541 0.528525254
vt 0.84351541 0.507137033
vt 0.751157185 0.883375276
vt 0.764767871 0.861014864
vt 0.750184994 0.861014864
vt 0.765740063 0.888236235
vt 0.755045953 0.892125003
vt 0.763795679 0.895041578
vt 0.781295133 0.886291851
vt 0.782267324 0.894069386
vt 0.852265137 0.536302788
vt 0.852265137 0.554774433
vt 0.845459794 0.554774433
vt 0.845459794 0.536302788
vt 0.852265137 0.561579776
vt 0.837682259 0.567412927
vt 0.852265137 0.567412927
vt 0.840598835 0.561579776
vt 0.831849108 0.565468544
vt 0.827960341 0.558663201
vt 0.839626643 0.533386213
vt 0.828932533 0.533386213
vt 0.88531966 0.855181713
vt 0.88531966 0.84837637
vt 0.925179525 0.84837637
vt 0.925179525 0.855181713
vt 0.776434173 0.816294039
vt 0.781295133 0.816294039
vt 0.781295133 0.837682259
vt 0.776434173 0.837682259
vt 0.972816925 0.459499633
vt 0.972816925 0.432278261
vt 0.978650077 0.432278261
vt 0.978650077 0.459499633
vt 0.940734595 0.644216083
vt 0.939762403 0.63741074
vt 0.974761309 0.636438548
vt 0.974761309 0.643243891
vt 0.983511036 0.487693196
vt 0.98059446 0.487693196
vt 0.98059446 0.468249359
vt 0.982538844 0.468249359
vt 0.981566652 0.493526347
vt 0.984483228 0.513942376
vt 0.983511036 0.492554155
vt 0.981566652 0.511997992
vt 0.98059446 0.517831143
vt 0.973789117 0.521719911
vt 0.951428705 0.512970184
vt 0.950456513 0.521719911
vt 0.841571027 0.608244985
vt 0.84837637 0.623800054
vt 0.84837637 0.607272793
vt 0.841571027 0.625744438
vt 0.846431986 0.631577589
vt 0.838654451 0.635466356
vt 0.828932533 0.624772246
vt 0.828932533 0.635466356
vt 0.94365117 0.481860045
vt 0.935873635 0.464360592
vt 0.936845827 0.482832237
vt 0.941706786 0.465332784
vt 0.937818019 0.457555249
vt 0.942678978 0.453666482
vt 0.966011583 0.462416208
vt 0.965039391 0.451722098
vt 0.74824061 0.781295133
vt 0.761851296 0.793933626
vt 0.761851296 0.781295133
vt 0.74824061 0.798794586
vt 0.75893472 0.801711161
vt 0.751157185 0.804627737
vt 0.738518691 0.798794586
vt 0.738518691 0.804627737
vt 0.749212802 0.856153904
vt 0.771573214 0.841571027
vt 0.749212802 0.842543219
vt 0.77448979 0.855181713
vt 0.779350749 0.846431986
vt 0.782267324 0.854209521
vt 0.77448979 0.872681166
vt 0.782267324 0.873653358
vt 0.839626643 0.528525254
vt 0.826988149 0.503248266
vt 0.827960341 0.528525254
vt 0.838654451 0.501303882
vt 0.829904725 0.497415115
vt 0.835737876 0.494498539
vt 0.850320753 0.50033169
vt 0.850320753 0.493526347
vt 0.505192649 0.790044859
vt 0.476026894 0.790044859
vt 0.47408251 0.800738969
vt 0.506164841 0.801711161
vt 0.448805522 0.840598835
vt 0.447833331 0.852265137
vt 0.479915661 0.852265137
vt 0.477971278 0.840598835
vt 0.483804429 0.872681166
vt 0.483804429 0.876569933
vt 0.513942376 0.876569933
vt 0.513942376 0.872681166
vt 0.470193743 0.776434173
vt 0.47408251 0.776434173
vt 0.47408251 0.764767871
vt 0.470193743 0.764767871
vt 0.483804429 0.863931439
vt 0.483804429 0.867820206
vt 0.51588676 0.867820206
vt 0.51588676 0.863931439
vt 0.518803335 0.872681166
vt 0.518803335 0.876569933
vt 0.529497445 0.876569933
vt 0.529497445 0.872681166
vt 0.479915661 0.825043765
vt 0.449777714 0.825043765
vt 0.447833331 0.836710068
vt 0.479915661 0.836710068
vt 0.483804429 0.823099382
vt 0.483804429 0.834765684
vt 0.514914568 0.834765684
vt 0.513942376 0.823099382
vt 0.512970184 0.808516504
vt 0.512970184 0.812405271
vt 0.542135939 0.812405271
vt 0.542135939 0.808516504
vt 0.464360592 0.714213895
vt 0.461444016 0.714213895
vt 0.461444016 0.724908006
vt 0.464360592 0.724908006
vt 0.483804429 0.847404178
vt 0.483804429 0.851292945
vt 0.514914568 0.851292945
vt 0.514914568 0.847404178
vt 0.464360592 0.780322941
vt 0.464360592 0.784211708
vt 0.475054702 0.784211708
vt 0.475054702 0.780322941
vt 0.470193743 0.793933626
vt 0.440055796 0.793933626
vt 0.439083604 0.805599929
vt 0.470193743 0.805599929
vt 0.476999086 0.80657212
vt 0.476026894 0.818238423
vt 0.508109225 0.818238423
vt 0.506164841 0.80657212
vt 0.512970184 0.800738969
vt 0.512970184 0.803655545
vt 0.542135939 0.803655545
vt 0.542135939 0.800738969
vt 0.471165935 0.75893472
vt 0.47408251 0.75893472
vt 0.47408251 0.74824061
vt 0.471165935 0.74824061
vt 0.483804429 0.856153904
vt 0.483804429 0.860042672
vt 0.51588676 0.860042672
vt 0.51588676 0.856153904
vt 0.510053609 0.792961435
vt 0.510053609 0.79587801
vt 0.520747719 0.79587801
vt 0.520747719 0.792961435
vt 0.472138127 0.809488696
vt 0.44200018 0.809488696
vt 0.441027988 0.821154998
vt 0.472138127 0.821154998
vt 0.448805522 0.857126096
vt 0.447833331 0.867820206
vt 0.479915661 0.867820206
vt 0.477971278 0.857126096
vt 0.447833331 0.872681166
vt 0.447833331 0.876569933
vt 0.477971278 0.876569933
vt 0.477971278 0.872681166
vt 0.455610865 0.791017051
vt 0.459499633 0.791017051
vt 0.459499633 0.779350749
vt 0.455610865 0.779350749
vt 0.483804429 0.839626643
vt 0.483804429 0.84351541
vt 0.514914568 0.84351541
vt 0.514914568 0.839626643
vt 0.473110319 0.742407459
vt 0.476999086 0.742407459
vt 0.476999086 0.730741157
vt 0.473110319 0.730741157
vt 0.53727498 0.734629924
vt 0.53727498 0.730741157
vt 0.536302788 0.730741157
vt 0.536302788 0.734629924
vt 0.52658087 0.734629924
vt 0.52658087 0.730741157
vt 0.524636486 0.730741157
vt 0.524636486 0.734629924
vt 0.510053609 0.734629924
vt 0.510053609 0.730741157
vt 0.508109225 0.730741157
vt 0.508109225 0.734629924
vt 0.499359498 0.734629924
vt 0.499359498 0.730741157
vt 0.497415115 0.730741157
vt 0.497415115 0.734629924
vt 0.482832237 0.734629924
vt 0.482832237 0.730741157
vt 0.457555249 0.767684447
vt 0.455610865 0.773517598
vt 0.461444016 0.775461981
vt 0.464360592 0.770601022
vt 0.458527441 0.762823488
vt 0.466304976 0.764767871
vt 0.459499633 0.756990336
vt 0.466304976 0.757962528
vt 0.460471825 0.752129377
vt 0.465332784 0.752129377
vt 0.460471825 0.746296226
vt 0.464360592 0.746296226
vt 0.460471825 0.740463075
vt 0.464360592 0.740463075
vt 0.460471825 0.735602116
vt 0.465332784 0.734629924
vt 0.459499633 0.729768965
vt 0.465332784 0.728796773
vt 0.682131565 0.653938001
vt 0.682131565 0.655882385
vt 0.682131565 0.654910193
vt 0.682131565 0.653938001
vt 0.683103756 0.652965809
vt 0.682131565 0.653938001
vt 0.682131565 0.653938001
vt 0.683103756 0.653938001
vt 0.684075948 0.652965809
vt 0.683103756 0.652965809
vt 0.683103756 0.653938001
vt 0.684075948 0.652965809
vt 0.686020332 0.652965809
vt 0.684075948 0.652965809
vt 0.684075948 0.652965809
vt 0.686020332 0.653938001
vt 0.686020332 0.654910193
vt 0.686020332 0.652965809
vt 0.686020332 0.653938001
vt 0.686020332 0.654910193
vt 0.68504814 0.655882385
vt 0.686020332 0.654910193
vt 0.686020332 0.654910193
vt 0.68504814 0.654910193
vt 0.684075948 0.655882385
vt 0.68504814 0.655882385
vt 0.68504814 0.654910193
vt 0.684075948 0.655882385
vt 0.684075948 0.655882385
vt 0.684075948 0.655882385
vt 0.682131565 0.654910193
vt 0.682131565 0.655882385
vt 0.504220457 0.759906912
vt 0.503248266 0.763795679
vt 0.505192649 0.766712255
vt 0.507137033 0.757962528
vt 0.510053609 0.75893472
vt 0.509081417 0.766712255
vt 0.511997992 0.761851296
vt 0.511997992 0.764767871
vt 0.686020332 0.653938001
vt 0.682131565 0.653938001
vt 0.682131565 0.654910193
vt 0.686020332 0.654910193
vt 0.68504814 0.654910193
vt 0.684075948 0.655882385
vt 0.683103756 0.653938001
vt 0.682131565 0.653938001
vt 0.686020332 0.653938001
vt 0.684075948 0.652965809
vt 0.542135939 0.788100475
vt 0.541163747 0.796850202
vt 0.542135939 0.79587801
vt 0.542135939 0.788100475
vt 0.527553062 0.788100475
vt 0.528525254 0.796850202
vt 0.527553062 0.79587801
vt 0.52658087 0.788100475
vt 0.662687728 0.388529628
vt 0.668520879 0.370057983
vt 0.662687728 0.370057983
vt 0.669493071 0.388529628
vt 0.666576495 0.395334971
vt 0.672409646 0.399223738
vt 0.694770059 0.388529628
vt 0.69574225 0.40019593
vt 0.800738969 0.438111412
vt 0.801711161 0.414778808
vt 0.82212719 0.414778808
vt 0.82212719 0.438111412
vt 0.800738969 0.444916755
vt 0.82212719 0.444916755
vt 0.800738969 0.451722098
vt 0.82212719 0.45269429
vt 0.800738969 0.469221551
vt 0.82212719 0.468249359
vt 0.630605397 0.613105944
vt 0.640327315 0.613105944
vt 0.640327315 0.635466356
vt 0.630605397 0.634494164
vt 0.725880198 0.729768965
vt 0.709352936 0.725880198
vt 0.708380744 0.729768965
vt 0.724908006 0.725880198
vt 0.731713349 0.727824581
vt 0.735602116 0.722963622
vt 0.725880198 0.707408552
vt 0.736574308 0.706436361
vt 0.761851296 0.708380744
vt 0.761851296 0.726852389
vt 0.744351843 0.726852389
vt 0.744351843 0.708380744
vt 0.761851296 0.702547593
vt 0.744351843 0.702547593
vt 0.761851296 0.696714442
vt 0.744351843 0.696714442
vt 0.761851296 0.681159373
vt 0.744351843 0.681159373
vt 0.664632111 0.696714442
vt 0.673381838 0.696714442
vt 0.673381838 0.678242797
vt 0.664632111 0.678242797
vt 0.726852389 0.754073761
vt 0.707408552 0.735602116
vt 0.727824581 0.736574308
vt 0.706436361 0.754073761
vt 0.725880198 0.760879104
vt 0.706436361 0.759906912
vt 0.726852389 0.768656639
vt 0.706436361 0.767684447
vt 0.726852389 0.784211708
vt 0.706436361 0.7851839
vt 0.743379651 0.871708974
vt 0.744351843 0.893097194
vt 0.733657732 0.893097194
vt 0.73268554 0.871708974
vt 0.752129377 0.660743344
vt 0.772545406 0.636438548
vt 0.772545406 0.660743344
vt 0.752129377 0.636438548
vt 0.745324034 0.660743344
vt 0.745324034 0.636438548
vt 0.7375465 0.660743344
vt 0.7375465 0.636438548
vt 0.721019238 0.660743344
vt 0.721019238 0.636438548
vt 0.743379651 0.665604303
vt 0.771573214 0.665604303
vt 0.771573214 0.675326222
vt 0.743379651 0.675326222
vt 0.791989243 0.559635392
vt 0.809488696 0.542135939
vt 0.791989243 0.542135939
vt 0.810460888 0.559635392
vt 0.791989243 0.566440735
vt 0.810460888 0.566440735
vt 0.791989243 0.573246078
vt 0.810460888 0.573246078
vt 0.791989243 0.587828956
vt 0.810460888 0.587828956
vt 0.878514317 0.499359498
vt 0.867820206 0.499359498
vt 0.867820206 0.518803335
vt 0.878514317 0.518803335
vt 0.742407459 0.829904725
vt 0.743379651 0.810460888
vt 0.739490883 0.810460888
vt 0.738518691 0.826988149
vt 0.738518691 0.836710068
vt 0.73268554 0.839626643
vt 0.714213895 0.826015957
vt 0.714213895 0.838654451
vt 0.708380744 0.683103756
vt 0.708380744 0.664632111
vt 0.705464169 0.664632111
vt 0.705464169 0.681159373
vt 0.704491977 0.690881291
vt 0.698658826 0.693797867
vt 0.680187181 0.682131565
vt 0.679214989 0.692825675
vt 0.820182806 0.627688821
vt 0.819210614 0.613105944
vt 0.812405271 0.613105944
vt 0.812405271 0.624772246
vt 0.817266231 0.633521972
vt 0.81143308 0.63741074
vt 0.792961435 0.625744438
vt 0.792961435 0.63741074
vt 0.821154998 0.551857858
vt 0.814349655 0.551857858
vt 0.814349655 0.570329503
vt 0.821154998 0.570329503
vt 0.679214989 0.698658826
vt 0.679214989 0.701575401
vt 0.702547593 0.701575401
vt 0.702547593 0.698658826
vt 0.728796773 0.798794586
vt 0.73268554 0.798794586
vt 0.73268554 0.819210614
vt 0.728796773 0.819210614
vt 0.858098288 0.518803335
vt 0.857126096 0.499359498
vt 0.862959247 0.499359498
vt 0.863931439 0.518803335
vt 0.716158279 0.687964716
vt 0.720047046 0.687964716
vt 0.720047046 0.670465262
vt 0.716158279 0.670465262
vt 0.696714442 0.735602116
vt 0.692825675 0.717130471
vt 0.692825675 0.736574308
vt 0.696714442 0.717130471
vt 0.694770059 0.712269512
vt 0.699631018 0.708380744
vt 0.715186087 0.717130471
vt 0.716158279 0.707408552
vt 0.701575401 0.386585245
vt 0.708380744 0.407001273
vt 0.707408552 0.385613053
vt 0.701575401 0.406029081
vt 0.705464169 0.412834424
vt 0.699631018 0.416723192
vt 0.677270605 0.407001273
vt 0.676298414 0.417695383
vt 0.723935814 0.818238423
vt 0.713241704 0.799766778
vt 0.712269512 0.818238423
vt 0.723935814 0.794905818
vt 0.715186087 0.793933626
vt 0.722963622 0.790044859
vt 0.740463075 0.794905818
vt 0.740463075 0.791017051
vt 0.804627737 0.618939095
vt 0.791989243 0.602411834
vt 0.792961435 0.619911287
vt 0.803655545 0.599495258
vt 0.794905818 0.596578682
vt 0.800738969 0.592689915
vt 0.815321847 0.599495258
vt 0.815321847 0.592689915
vt 0.726852389 0.671437454
vt 0.7375465 0.690881291
vt 0.738518691 0.672409646
vt 0.726852389 0.696714442
vt 0.734629924 0.696714442
vt 0.726852389 0.70060321
vt 0.709352936 0.696714442
vt 0.708380744 0.699631018
vt 0.623800054 0.594634299
vt 0.592689915 0.592689915
vt 0.588801148 0.631577589
vt 0.622827862 0.631577589
vt 0.551857858 0.591717723
vt 0.551857858 0.62671663
vt 0.581995805 0.629633205
vt 0.585884572 0.591717723
vt 0.301032362 0.947539938
vt 0.301032362 0.941706786
vt 0.29422702 0.941706786
vt 0.29422702 0.947539938
vt 0.540191556 0.868792398
vt 0.533386213 0.868792398
vt 0.533386213 0.875597741
vt 0.540191556 0.875597741
vt 0.539219364 0.95920624
vt 0.417695383 0.95920624
vt 0.417695383 0.966983774
vt 0.539219364 0.966983774
vt 0.539219364 0.973789117
vt 0.417695383 0.973789117
vt 0.417695383 0.981566652
vt 0.539219364 0.981566652
vt 0.539219364 0.945595554
vt 0.417695383 0.945595554
vt 0.417695383 0.953373089
vt 0.539219364 0.953373089
vt 0.539219364 0.987399803
vt 0.417695383 0.987399803
vt 0.417695383 0.995177338
vt 0.539219364 0.995177338
vt 0.287421677 0.171730847
vt 0.316587432 0.171730847
vt 0.316587432 0.136731941
vt 0.287421677 0.136731941
vt 0.282560717 0.133815366
vt 0.282560717 0.0978442674
vt 0.25242277 0.0978442674
vt 0.25242277 0.133815366
vt 0.316587432 0.129926598
vt 0.316587432 0.0978442674
vt 0.287421677 0.0978442674
vt 0.287421677 0.129926598
vt 0.247561811 0.129926598
vt 0.247561811 0.0978442674
vt 0.213535097 0.0978442674
vt 0.213535097 0.129926598
vt 0.282560717 0.172703039
vt 0.282560717 0.140620708
vt 0.25242277 0.140620708
vt 0.25242277 0.172703039
vt 0.245617427 0.172703039
vt 0.245617427 0.140620708
vt 0.211590713 0.140620708
vt 0.211590713 0.172703039
vt 0.68504814 0.783239516
vt 0.68504814 0.770601022
vt 0.641299507 0.770601022
vt 0.641299507 0.783239516
vt 0.68504814 0.788100475
vt 0.641299507 0.788100475
vt 0.641299507 0.800738969
vt 0.68504814 0.800738969
vt 0.676298414 0.817266231
vt 0.671437454 0.817266231
vt 0.671437454 0.828932533
vt 0.676298414 0.828932533
vt 0.682131565 0.861987055
vt 0.686992524 0.861987055
vt 0.686992524 0.818238423
vt 0.682131565 0.818238423
vt 0.672409646 0.846431986
vt 0.677270605 0.846431986
vt 0.677270605 0.834765684
vt 0.672409646 0.834765684
vt 0.641299507 0.805599929
vt 0.641299507 0.810460888
vt 0.68504814 0.810460888
vt 0.68504814 0.805599929
vt 0.68504814 0.788100475
vt 0.641299507 0.788100475
vt 0.641299507 0.800738969
vt 0.68504814 0.800738969
vt 0.641299507 0.770601022
vt 0.641299507 0.783239516
vt 0.68504814 0.783239516
vt 0.68504814 0.770601022
vt 0.686992524 0.818238423
vt 0.682131565 0.818238423
vt 0.682131565 0.861987055
vt 0.686992524 0.861987055
vt 0.677270605 0.834765684
vt 0.672409646 0.834765684
vt 0.672409646 0.846431986
vt 0.677270605 0.846431986
vt 0.641299507 0.805599929
vt 0.641299507 0.810460888
vt 0.68504814 0.810460888
vt 0.68504814 0.805599929
vt 0.676298414 0.817266231
vt 0.671437454 0.817266231
vt 0.671437454 0.828932533
vt 0.676298414 0.828932533
vt 0.68504814 0.735602116
vt 0.641299507 0.735602116
vt 0.641299507 0.745324034
vt 0.68504814 0.745324034
vt 0.641299507 0.721019238
vt 0.641299507 0.731713349
vt 0.68504814 0.731713349
vt 0.68504814 0.721019238
vt 0.68504814 0.765740063
vt 0.68504814 0.759906912
vt 0.641299507 0.761851296
vt 0.641299507 0.765740063
vt 0.607272793 0.883375276
vt 0.61116156 0.883375276
vt 0.61116156 0.870736782
vt 0.607272793 0.870736782
vt 0.68504814 0.751157185
vt 0.68504814 0.754073761
vt 0.641299507 0.756990336
vt 0.641299507 0.751157185
vt 0.677270605 0.852265137
vt 0.672409646 0.852265137
vt 0.673381838 0.863931439
vt 0.677270605 0.863931439
vt 0.68504814 0.788100475
vt 0.641299507 0.788100475
vt 0.641299507 0.800738969
vt 0.68504814 0.800738969
vt 0.641299507 0.770601022
vt 0.641299507 0.783239516
vt 0.68504814 0.783239516
vt 0.68504814 0.770601022
vt 0.686992524 0.818238423
vt 0.682131565 0.818238423
vt 0.682131565 0.861987055
vt 0.686992524 0.861987055
vt 0.677270605 0.834765684
vt 0.672409646 0.834765684
vt 0.672409646 0.846431986
vt 0.677270605 0.846431986
vt 0.641299507 0.805599929
vt 0.641299507 0.810460888
vt 0.68504814 0.810460888
vt 0.68504814 0.805599929
vt 0.676298414 0.817266231
vt 0.671437454 0.817266231
vt 0.671437454 0.828932533
vt 0.676298414 0.828932533
vt 0.68504814 0.788100475
vt 0.641299507 0.788100475
vt 0.641299507 0.800738969
vt 0.68504814 0.800738969
vt 0.641299507 0.770601022
vt 0.641299507 0.783239516
vt 0.68504814 0.783239516
vt 0.68504814 0.770601022
vt 0.686992524 0.818238423
vt 0.682131565 0.818238423
vt 0.682131565 0.861987055
vt 0.686992524 0.861987055
vt 0.677270605 0.834765684
vt 0.672409646 0.834765684
vt 0.672409646 0.846431986
vt 0.677270605 0.846431986
vt 0.641299507 0.805599929
vt 0.641299507 0.810460888
vt 0.68504814 0.810460888
vt 0.68504814 0.805599929
vt 0.676298414 0.817266231
vt 0.671437454 0.817266231
vt 0.671437454 0.828932533
vt 0.676298414 0.828932533
vt 0.327281542 0.942678978
vt 0.327281542 0.931984868
vt 0.411862232 0.931984868
vt 0.411862232 0.942678978
vt 0.411862232 0.957261856
vt 0.327281542 0.957261856
vt 0.327281542 0.947539938
vt 0.411862232 0.947539938
vt 0.412834424 0.927123909
vt 0.328253734 0.927123909
vt 0.32630935 0.918374182
vt 0.410890041 0.918374182
vt 0.320476199 0.923235141
vt 0.311726473 0.923235141
vt 0.311726473 0.915457607
vt 0.320476199 0.915457607
vt 0.409917849 0.913513223
vt 0.32630935 0.913513223
vt 0.328253734 0.904763496
vt 0.412834424 0.904763496
vt 0.303948938 0.936845827
vt 0.295199211 0.936845827
vt 0.295199211 0.929068293
vt 0.303948938 0.929068293
vt 0.68504814 0.745324034
vt 0.68504814 0.735602116
vt 0.641299507 0.735602116
vt 0.641299507 0.745324034
vt 0.68504814 0.706436361
vt 0.641299507 0.706436361
vt 0.641299507 0.716158279
vt 0.68504814 0.716158279
vt 0.607272793 0.883375276
vt 0.61116156 0.883375276
vt 0.61116156 0.870736782
vt 0.607272793 0.870736782
vt 0.68504814 0.751157185
vt 0.68504814 0.754073761
vt 0.641299507 0.756990336
vt 0.641299507 0.751157185
vt 0.677270605 0.852265137
vt 0.672409646 0.852265137
vt 0.673381838 0.863931439
vt 0.677270605 0.863931439
vt 0.68504814 0.765740063
vt 0.68504814 0.759906912
vt 0.641299507 0.761851296
vt 0.641299507 0.765740063
vt 0.68504814 0.745324034
vt 0.68504814 0.735602116
vt 0.641299507 0.735602116
vt 0.641299507 0.745324034
vt 0.68504814 0.706436361
vt 0.641299507 0.706436361
vt 0.641299507 0.716158279
vt 0.68504814 0.716158279
vt 0.607272793 0.883375276
vt 0.61116156 0.883375276
vt 0.61116156 0.870736782
vt 0.607272793 0.870736782
vt 0.68504814 0.751157185
vt 0.68504814 0.754073761
vt 0.641299507 0.756990336
vt 0.641299507 0.751157185
vt 0.677270605 0.852265137
vt 0.672409646 0.852265137
vt 0.673381838 0.863931439
vt 0.677270605 0.863931439
vt 0.68504814 0.765740063
vt 0.68504814 0.759906912
vt 0.641299507 0.761851296
vt 0.641299507 0.765740063
vt 0.68504814 0.735602116
vt 0.641299507 0.735602116
vt 0.641299507 0.745324034
vt 0.68504814 0.745324034
vt 0.641299507 0.706436361
vt 0.641299507 0.716158279
vt 0.68504814 0.716158279
vt 0.68504814 0.706436361
vt 0.68504814 0.765740063
vt 0.68504814 0.759906912
vt 0.641299507 0.761851296
vt 0.641299507 0.765740063
vt 0.607272793 0.883375276
vt 0.61116156 0.883375276
vt 0.61116156 0.870736782
vt 0.607272793 0.870736782
vt 0.68504814 0.751157185
vt 0.68504814 0.754073761
vt 0.641299507 0.756990336
vt 0.641299507 0.751157185
vt 0.677270605 0.852265137
vt 0.672409646 0.852265137
vt 0.673381838 0.863931439
vt 0.677270605 0.863931439
vt 0.68504814 0.735602116
vt 0.641299507 0.735602116
vt 0.641299507 0.745324034
vt 0.68504814 0.745324034
vt 0.641299507 0.706436361
vt 0.641299507 0.716158279
vt 0.68504814 0.716158279
vt 0.68504814 0.706436361
vt 0.68504814 0.765740063
vt 0.68504814 0.759906912
vt 0.641299507 0.761851296
vt 0.641299507 0.765740063
vt 0.607272793 0.883375276
vt 0.61116156 0.883375276
vt 0.61116156 0.870736782
vt 0.607272793 0.870736782
vt 0.68504814 0.751157185
vt 0.68504814 0.754073761
vt 0.641299507 0.756990336
vt 0.641299507 0.751157185
vt 0.677270605 0.852265137
vt 0.672409646 0.852265137
vt 0.673381838 0.863931439
vt 0.677270605 0.863931439
vt 0.301032362 0.947539938
vt 0.301032362 0.941706786
vt 0.29422702 0.941706786
vt 0.29422702 0.947539938
vt 0.540191556 0.868792398
vt 0.533386213 0.868792398
vt 0.533386213 0.875597741
vt 0.540191556 0.875597741
vt 0.539219364 0.95920624
vt 0.417695383 0.95920624
vt 0.417695383 0.966983774
vt 0.539219364 0.966983774
vt 0.539219364 0.973789117
vt 0.417695383 0.973789117
vt 0.417695383 0.981566652
vt 0.539219364 0.981566652
vt 0.539219364 0.945595554
vt 0.417695383 0.945595554
vt 0.417695383 0.953373089
vt 0.539219364 0.953373089
vt 0.539219364 0.987399803
vt 0.417695383 0.987399803
vt 0.417695383 0.995177338
vt 0.539219364 0.995177338
vt 0.301032362 0.947539938
vt 0.301032362 0.941706786
vt 0.29422702 0.941706786
vt 0.29422702 0.947539938
vt 0.540191556 0.868792398
vt 0.533386213 0.868792398
vt 0.533386213 0.875597741
vt 0.540191556 0.875597741
vt 0.539219364 0.95920624
vt 0.417695383 0.95920624
vt 0.417695383 0.966983774
vt 0.539219364 0.966983774
vt 0.539219364 0.973789117
vt 0.417695383 0.973789117
vt 0.417695383 0.981566652
vt 0.539219364 0.981566652
vt 0.539219364 0.945595554
vt 0.417695383 0.945595554
vt 0.417695383 0.953373089
vt 0.539219364 0.953373089
vt 0.539219364 0.987399803
vt 0.417695383 0.987399803
vt 0.417695383 0.995177338
vt 0.539219364 0.995177338
vt 0.301032362 0.947539938
vt 0.301032362 0.941706786
vt 0.29422702 0.941706786
vt 0.29422702 0.947539938
vt 0.540191556 0.868792398
vt 0.533386213 0.868792398
vt 0.533386213 0.875597741
vt 0.540191556 0.875597741
vt 0.539219364 0.95920624
vt 0.417695383 0.95920624
vt 0.417695383 0.966983774
vt 0.539219364 0.966983774
vt 0.539219364 0.973789117
vt 0.417695383 0.973789117
vt 0.417695383 0.981566652
vt 0.539219364 0.981566652
vt 0.539219364 0.945595554
vt 0.417695383 0.945595554
vt 0.417695383 0.953373089
vt 0.539219364 0.953373089
vt 0.539219364 0.987399803
vt 0.417695383 0.987399803
vt 0.417695383 0.995177338
vt 0.539219364 0.995177338
vt 0.533386213 0.875597741
vt 0.533386213 0.868792398
vt 0.540191556 0.868792398
vt 0.540191556 0.875597741
vt 0.301032362 0.947539938
vt 0.29422702 0.947539938
vt 0.29422702 0.941706786
vt 0.301032362 0.941706786
vt 0.539219364 0.987399803
vt 0.539219364 0.995177338
vt 0.417695383 0.995177338
vt 0.417695383 0.987399803
vt 0.417695383 0.953373089
vt 0.417695383 0.945595554
vt 0.539219364 0.945595554
vt 0.539219364 0.953373089
vt 0.539219364 0.973789117
vt 0.539219364 0.981566652
vt 0.417695383 0.981566652
vt 0.417695383 0.973789117
vt 0.539219364 0.95920624
vt 0.539219364 0.966983774
vt 0.417695383 0.966983774
vt 0.417695383 0.95920624
vt 0.491581964 0.480887853
vt 0.491581964 0.487693196
vt 0.495470731 0.491581964
vt 0.54796909 0.488665388
vt 0.550885666 0.479915661
vt 0.550885666 0.485748812
vt 0.625744438 0.496442923
vt 0.619911287 0.506164841
vt 0.625744438 0.506164841
vt 0.619911287 0.496442923
vt 0.616022519 0.496442923
vt 0.615050327 0.506164841
vt 0.562551968 0.496442923
vt 0.562551968 0.507137033
vt 0.556718817 0.495470731
vt 0.556718817 0.507137033
vt 0.549913474 0.506164841
vt 0.549913474 0.495470731
vt 0.549913474 0.473110319
vt 0.548941282 0.468249359
vt 0.546024707 0.464360592
vt 0.490609772 0.476026894
vt 0.493526347 0.464360592
vt 0.48963758 0.469221551
vt 0.441027988 0.438111412
vt 0.432278261 0.492554155
vt 0.441027988 0.492554155
vt 0.432278261 0.438111412
vt 0.424500726 0.438111412
vt 0.424500726 0.492554155
vt 0.416723192 0.492554155
vt 0.416723192 0.438111412
vt 0.468249359 0.438111412
vt 0.460471825 0.492554155
vt 0.468249359 0.492554155
vt 0.460471825 0.438111412
vt 0.453666482 0.438111412
vt 0.453666482 0.492554155
vt 0.448805522 0.438111412
vt 0.448805522 0.492554155
vt 0.443944563 0.492554155
vt 0.443944563 0.438111412
vt 0.545052515 0.505192649
vt 0.545052515 0.497415115
vt 0.540191556 0.493526347
vt 0.494498539 0.505192649
vt 0.498387306 0.495470731
vt 0.494498539 0.499359498
vt 0.487693196 0.459499633
vt 0.493526347 0.451722098
vt 0.487693196 0.451722098
vt 0.493526347 0.459499633
vt 0.498387306 0.459499633
vt 0.498387306 0.451722098
vt 0.538247172 0.459499633
vt 0.538247172 0.450749906
vt 0.544080323 0.459499633
vt 0.544080323 0.450749906
vt 0.550885666 0.450749906
vt 0.550885666 0.459499633
vt 0.482832237 0.442972371
vt 0.476999086 0.442972371
vt 0.473110319 0.446861139
vt 0.484776621 0.493526347
vt 0.472138127 0.490609772
vt 0.476999086 0.494498539
vt 0.686020332 0.385613053
vt 0.689909099 0.385613053
vt 0.689909099 0.377835518
vt 0.686020332 0.377835518
vt 0.689909099 0.371030175
vt 0.686020332 0.371030175
vt 0.689909099 0.36325264
vt 0.686020332 0.36325264
vt 0.689909099 0.355475106
vt 0.686020332 0.355475106
vt 0.689909099 0.348669763
vt 0.686020332 0.348669763
vt 0.689909099 0.340892228
vt 0.686020332 0.340892228
vt 0.689909099 0.333114693
vt 0.686020332 0.333114693
vt 0.689909099 0.32630935
vt 0.686020332 0.32630935
vt 0.321448391 0.947539938
vt 0.321448391 0.940734595
vt 0.314643048 0.940734595
vt 0.314643048 0.947539938
vt 0.322420583 0.952400897
vt 0.31561524 0.952400897
vt 0.31561524 0.95920624
vt 0.322420583 0.95920624
vt 0.412834424 0.963095007
vt 0.324364967 0.963095007
vt 0.324364967 0.970872542
vt 0.412834424 0.970872542
vt 0.412834424 0.987399803
vt 0.324364967 0.987399803
vt 0.324364967 0.995177338
vt 0.412834424 0.995177338
vt 0.412834424 0.975733501
vt 0.324364967 0.975733501
vt 0.324364967 0.982538844
vt 0.412834424 0.983511036
vt 0.53727498 0.881430892
vt 0.449777714 0.881430892
vt 0.449777714 0.889208427
vt 0.53727498 0.889208427
vt 0.413806616 0.507137033
vt 0.425472918 0.497415115
vt 0.413806616 0.497415115
vt 0.425472918 0.507137033
vt 0.413806616 0.516858951
vt 0.425472918 0.516858951
vt 0.413806616 0.52658087
vt 0.425472918 0.52658087
vt 0.413806616 0.536302788
vt 0.425472918 0.536302788
vt 0.413806616 0.546024707
vt 0.425472918 0.546024707
vt 0.413806616 0.555746625
vt 0.425472918 0.555746625
vt 0.374918942 0.4633884
vt 0.364224832 0.4633884
vt 0.359363873 0.473110319
vt 0.380752093 0.473110319
vt 0.374918942 0.482832237
vt 0.364224832 0.482832237
vt 0.380752093 0.473110319
vt 0.364224832 0.482832237
vt 0.374918942 0.482832237
vt 0.359363873 0.473110319
vt 0.364224832 0.4633884
vt 0.374918942 0.4633884
vt 0.413806616 0.507137033
vt 0.425472918 0.497415115
vt 0.413806616 0.497415115
vt 0.425472918 0.507137033
vt 0.413806616 0.516858951
vt 0.425472918 0.516858951
vt 0.413806616 0.52658087
vt 0.425472918 0.52658087
vt 0.413806616 0.536302788
vt 0.425472918 0.536302788
vt 0.413806616 0.546024707
vt 0.425472918 0.546024707
vt 0.413806616 0.555746625
vt 0.425472918 0.555746625
vt 0.374918942 0.4633884
vt 0.364224832 0.4633884
vt 0.359363873 0.473110319
vt 0.380752093 0.473110319
vt 0.374918942 0.482832237
vt 0.364224832 0.482832237
vt 0.380752093 0.473110319
vt 0.364224832 0.482832237
vt 0.374918942 0.482832237
vt 0.359363873 0.473110319
vt 0.364224832 0.4633884
vt 0.374918942 0.4633884
vt 0.413806616 0.507137033
vt 0.425472918 0.497415115
vt 0.413806616 0.497415115
vt 0.425472918 0.507137033
vt 0.413806616 0.516858951
vt 0.425472918 0.516858951
vt 0.413806616 0.52658087
vt 0.425472918 0.52658087
vt 0.413806616 0.536302788
vt 0.425472918 0.536302788
vt 0.413806616 0.546024707
vt 0.425472918 0.546024707
vt 0.413806616 0.555746625
vt 0.425472918 0.555746625
vt 0.374918942 0.4633884
vt 0.364224832 0.4633884
vt 0.359363873 0.473110319
vt 0.380752093 0.473110319
vt 0.374918942 0.482832237
vt 0.364224832 0.482832237
vt 0.380752093 0.473110319
vt 0.364224832 0.482832237
vt 0.374918942 0.482832237
vt 0.359363873 0.473110319
vt 0.364224832 0.4633884
vt 0.374918942 0.4633884
vt 0.425472918 0.546024707
vt 0.413806616 0.555746625
vt 0.425472918 0.555746625
vt 0.413806616 0.546024707
vt 0.425472918 0.536302788
vt 0.413806616 0.536302788
vt 0.425472918 0.52658087
vt 0.413806616 0.52658087
vt 0.425472918 0.516858951
vt 0.413806616 0.516858951
vt 0.425472918 0.507137033
vt 0.413806616 0.507137033
vt 0.425472918 0.497415115
vt 0.413806616 0.497415115
vt 0.374918942 0.4633884
vt 0.364224832 0.4633884
vt 0.359363873 0.473110319
vt 0.380752093 0.473110319
vt 0.374918942 0.482832237
vt 0.364224832 0.482832237
vt 0.380752093 0.473110319
vt 0.364224832 0.482832237
vt 0.374918942 0.482832237
vt 0.359363873 0.473110319
vt 0.364224832 0.4633884
vt 0.374918942 0.4633884
vt 0.413806616 0.507137033
vt 0.425472918 0.497415115
vt 0.413806616 0.497415115
vt 0.425472918 0.507137033
vt 0.413806616 0.516858951
vt 0.425472918 0.516858951
vt 0.413806616 0.52658087
vt 0.425472918 0.52658087
vt 0.413806616 0.536302788
vt 0.425472918 0.536302788
vt 0.413806616 0.546024707
vt 0.425472918 0.546024707
vt 0.413806616 0.555746625
vt 0.425472918 0.555746625
vt 0.374918942 0.4633884
vt 0.364224832 0.4633884
vt 0.359363873 0.473110319
vt 0.380752093 0.473110319
vt 0.374918942 0.482832237
vt 0.364224832 0.482832237
vt 0.380752093 0.473110319
vt 0.364224832 0.482832237
vt 0.374918942 0.482832237
vt 0.359363873 0.473110319
vt 0.364224832 0.4633884
vt 0.374918942 0.4633884
vt 0.413806616 0.507137033
vt 0.425472918 0.497415115
vt 0.413806616 0.497415115
vt 0.425472918 0.507137033
vt 0.413806616 0.516858951
vt 0.425472918 0.516858951
vt 0.413806616 0.52658087
vt 0.425472918 0.52658087
vt 0.413806616 0.536302788
vt 0.425472918 0.536302788
vt 0.413806616 0.546024707
vt 0.425472918 0.546024707
vt 0.413806616 0.555746625
vt 0.425472918 0.555746625
vt 0.374918942 0.4633884
vt 0.364224832 0.4633884
vt 0.359363873 0.473110319
vt 0.380752093 0.473110319
vt 0.374918942 0.482832237
vt 0.364224832 0.482832237
vt 0.380752093 0.473110319
vt 0.364224832 0.482832237
vt 0.374918942 0.482832237
vt 0.359363873 0.473110319
vt 0.364224832 0.4633884
vt 0.374918942 0.4633884
vt 0.413806616 0.507137033
vt 0.425472918 0.497415115
vt 0.413806616 0.497415115
vt 0.425472918 0.507137033
vt 0.413806616 0.516858951
vt 0.425472918 0.516858951
vt 0.413806616 0.52658087
vt 0.425472918 0.52658087
vt 0.413806616 0.536302788
vt 0.425472918 0.536302788
vt 0.413806616 0.546024707
vt 0.425472918 0.546024707
vt 0.413806616 0.555746625
vt 0.425472918 0.555746625
vt 0.374918942 0.4633884
vt 0.364224832 0.4633884
vt 0.359363873 0.473110319
vt 0.380752093 0.473110319
vt 0.374918942 0.482832237
vt 0.364224832 0.482832237
vt 0.380752093 0.473110319
vt 0.364224832 0.482832237
vt 0.374918942 0.482832237
vt 0.359363873 0.473110319
vt 0.364224832 0.4633884
vt 0.374918942 0.4633884
vt 0.413806616 0.507137033
vt 0.425472918 0.497415115
vt 0.413806616 0.497415115
vt 0.425472918 0.507137033
vt 0.413806616 0.516858951
vt 0.425472918 0.516858951
vt 0.413806616 0.52658087
vt 0.425472918 0.52658087
vt 0.413806616 0.536302788
vt 0.425472918 0.536302788
vt 0.413806616 0.546024707
vt 0.425472918 0.546024707
vt 0.413806616 0.555746625
vt 0.425472918 0.555746625
vt 0.374918942 0.4633884
vt 0.364224832 0.4633884
vt 0.359363873 0.473110319
vt 0.380752093 0.473110319
vt 0.374918942 0.482832237
vt 0.364224832 0.482832237
vt 0.380752093 0.473110319
vt 0.364224832 0.482832237
vt 0.374918942 0.482832237
vt 0.359363873 0.473110319
vt 0.364224832 0.4633884
vt 0.374918942 0.4633884
vt 0.425472918 0.497415115
vt 0.413806616 0.497415115
vt 0.413806616 0.507137033
vt 0.425472918 0.507137033
vt 0.413806616 0.516858951
vt 0.425472918 0.516858951
vt 0.413806616 0.52658087
vt 0.425472918 0.52658087
vt 0.413806616 0.536302788
vt 0.425472918 0.536302788
vt 0.413806616 0.546024707
vt 0.425472918 0.546024707
vt 0.413806616 0.555746625
vt 0.425472918 0.555746625
vt 0.374918942 0.4633884
vt 0.364224832 0.4633884
vt 0.359363873 0.473110319
vt 0.380752093 0.473110319
vt 0.374918942 0.482832237
vt 0.364224832 0.482832237
vt 0.380752093 0.473110319
vt 0.364224832 0.482832237
vt 0.374918942 0.482832237
vt 0.359363873 0.473110319
vt 0.364224832 0.4633884
vt 0.374918942 0.4633884
vt 0.942678978 0.185341533
vt 0.937818019 0.181452766
vt 0.937818019 0.185341533
vt 0.942678978 0.181452766
vt 0.947539938 0.185341533
vt 0.937818019 0.177563998
vt 0.947539938 0.181452766
vt 0.951428705 0.185341533
vt 0.942678978 0.177563998
vt 0.937818019 0.156175778
vt 0.951428705 0.181452766
vt 0.956289664 0.185341533
vt 0.956289664 0.181452766
vt 0.947539938 0.177563998
vt 0.942678978 0.156175778
vt 0.937818019 0.149370435
vt 0.951428705 0.177563998
vt 0.956289664 0.177563998
vt 0.947539938 0.156175778
vt 0.942678978 0.149370435
vt 0.937818019 0.143537284
vt 0.951428705 0.156175778
vt 0.956289664 0.156175778
vt 0.947539938 0.149370435
vt 0.942678978 0.143537284
vt 0.937818019 0.136731941
vt 0.951428705 0.149370435
vt 0.956289664 0.149370435
vt 0.947539938 0.143537284
vt 0.942678978 0.136731941
vt 0.937818019 0.12020468
vt 0.951428705 0.143537284
vt 0.956289664 0.143537284
vt 0.947539938 0.136731941
vt 0.942678978 0.12020468
vt 0.937818019 0.101733035
vt 0.951428705 0.136731941
vt 0.956289664 0.136731941
vt 0.947539938 0.12020468
vt 0.942678978 0.101733035
vt 0.937818019 0.0832613897
vt 0.951428705 0.12020468
vt 0.956289664 0.12020468
vt 0.947539938 0.101733035
vt 0.942678978 0.0832613897
vt 0.937818019 0.0725672795
vt 0.951428705 0.101733035
vt 0.956289664 0.101733035
vt 0.947539938 0.0832613897
vt 0.942678978 0.0725672795
vt 0.937818019 0.0550678263
vt 0.951428705 0.0832613897
vt 0.956289664 0.0832613897
vt 0.947539938 0.0725672795
vt 0.942678978 0.0550678263
vt 0.937818019 0.044373716
vt 0.951428705 0.0725672795
vt 0.956289664 0.0725672795
vt 0.947539938 0.0550678263
vt 0.942678978 0.044373716
vt 0.937818019 0.0365961813
vt 0.951428705 0.0550678263
vt 0.956289664 0.0550678263
vt 0.947539938 0.044373716
vt 0.942678978 0.0365961813
vt 0.937818019 0.0152079608
vt 0.951428705 0.044373716
vt 0.956289664 0.044373716
vt 0.947539938 0.0365961813
vt 0.942678978 0.0152079608
vt 0.937818019 0.00937480973
vt 0.951428705 0.0365961813
vt 0.956289664 0.0365961813
vt 0.947539938 0.0152079608
vt 0.942678978 0.00937480973
vt 0.937818019 0.00548604236
vt 0.951428705 0.0152079608
vt 0.956289664 0.0152079608
vt 0.947539938 0.00937480973
vt 0.942678978 0.00548604236
vt 0.937818019 0.00451385051
vt 0.942678978 0.00451385051
vt 0.951428705 0.00937480973
vt 0.956289664 0.00937480973
vt 0.947539938 0.00548604236
vt 0.947539938 0.00451385051
vt 0.951428705 0.00548604236
vt 0.956289664 0.00548604236
vt 0.951428705 0.00451385051
vt 0.956289664 0.00451385051
vt 0.919346374 0.296171403
vt 0.914485415 0.292282636
vt 0.914485415 0.296171403
vt 0.919346374 0.292282636
vt 0.924207333 0.296171403
vt 0.914485415 0.287421677
vt 0.924207333 0.292282636
vt 0.928096101 0.296171403
vt 0.919346374 0.287421677
vt 0.914485415 0.283532909
vt 0.928096101 0.292282636
vt 0.93295706 0.296171403
vt 0.93295706 0.292282636
vt 0.919346374 0.283532909
vt 0.914485415 0.280616334
vt 0.924207333 0.287421677
vt 0.928096101 0.287421677
vt 0.93295706 0.287421677
vt 0.919346374 0.280616334
vt 0.914485415 0.275755375
vt 0.924207333 0.283532909
vt 0.928096101 0.283532909
vt 0.93295706 0.283532909
vt 0.919346374 0.275755375
vt 0.914485415 0.268950032
vt 0.924207333 0.280616334
vt 0.928096101 0.280616334
vt 0.93295706 0.280616334
vt 0.919346374 0.268950032
vt 0.914485415 0.242700852
vt 0.924207333 0.275755375
vt 0.928096101 0.275755375
vt 0.93295706 0.275755375
vt 0.919346374 0.242700852
vt 0.914485415 0.226173591
vt 0.924207333 0.268950032
vt 0.928096101 0.268950032
vt 0.93295706 0.268950032
vt 0.93295706 0.242700852
vt 0.919346374 0.226173591
vt 0.914485415 0.21547948
vt 0.924207333 0.242700852
vt 0.928096101 0.242700852
vt 0.919346374 0.21547948
vt 0.914485415 0.206729754
vt 0.924207333 0.226173591
vt 0.928096101 0.226173591
vt 0.93295706 0.226173591
vt 0.919346374 0.206729754
vt 0.914485415 0.193119068
vt 0.924207333 0.21547948
vt 0.928096101 0.21547948
vt 0.93295706 0.21547948
vt 0.919346374 0.193119068
vt 0.914485415 0.164925504
vt 0.924207333 0.206729754
vt 0.928096101 0.206729754
vt 0.93295706 0.206729754
vt 0.919346374 0.164925504
vt 0.914485415 0.15714797
vt 0.924207333 0.193119068
vt 0.928096101 0.193119068
vt 0.93295706 0.193119068
vt 0.93295706 0.164925504
vt 0.919346374 0.15714797
vt 0.914485415 0.150342627
vt 0.924207333 0.164925504
vt 0.928096101 0.164925504
vt 0.919346374 0.150342627
vt 0.914485415 0.142565092
vt 0.924207333 0.15714797
vt 0.928096101 0.15714797
vt 0.93295706 0.15714797
vt 0.919346374 0.142565092
vt 0.914485415 0.0997886511
vt 0.924207333 0.150342627
vt 0.928096101 0.150342627
vt 0.93295706 0.150342627
vt 0.919346374 0.0997886511
vt 0.914485415 0.0395127568
vt 0.924207333 0.142565092
vt 0.928096101 0.142565092
vt 0.93295706 0.142565092
vt 0.93295706 0.0997886511
vt 0.919346374 0.0395127568
vt 0.914485415 0.0181245363
vt 0.924207333 0.0997886511
vt 0.928096101 0.0997886511
vt 0.919346374 0.0181245363
vt 0.914485415 0.0103470016
vt 0.924207333 0.0395127568
vt 0.928096101 0.0395127568
vt 0.93295706 0.0395127568
vt 0.919346374 0.0103470016
vt 0.914485415 0.00548604236
vt 0.919346374 0.00548604236
vt 0.924207333 0.0181245363
vt 0.928096101 0.0181245363
vt 0.93295706 0.0181245363
vt 0.924207333 0.0103470016
vt 0.924207333 0.00548604236
vt 0.928096101 0.0103470016
vt 0.93295706 0.0103470016
vt 0.928096101 0.00548604236
vt 0.93295706 0.00548604236
vt 0.942678978 0.297143595
vt 0.937818019 0.292282636
vt 0.937818019 0.297143595
vt 0.942678978 0.292282636
vt 0.947539938 0.297143595
vt 0.937818019 0.287421677
vt 0.947539938 0.292282636
vt 0.951428705 0.297143595
vt 0.942678978 0.287421677
vt 0.937818019 0.281588526
vt 0.951428705 0.292282636
vt 0.956289664 0.297143595
vt 0.956289664 0.292282636
vt 0.942678978 0.281588526
vt 0.937818019 0.275755375
vt 0.947539938 0.287421677
vt 0.951428705 0.287421677
vt 0.956289664 0.287421677
vt 0.942678978 0.275755375
vt 0.937818019 0.268950032
vt 0.947539938 0.281588526
vt 0.951428705 0.281588526
vt 0.956289664 0.281588526
vt 0.942678978 0.268950032
vt 0.937818019 0.262144689
vt 0.947539938 0.275755375
vt 0.951428705 0.275755375
vt 0.956289664 0.275755375
vt 0.942678978 0.262144689
vt 0.937818019 0.254367154
vt 0.947539938 0.268950032
vt 0.951428705 0.268950032
vt 0.956289664 0.268950032
vt 0.942678978 0.254367154
vt 0.937818019 0.230062358
vt 0.947539938 0.262144689
vt 0.951428705 0.262144689
vt 0.956289664 0.262144689
vt 0.942678978 0.230062358
vt 0.937818019 0.225201399
vt 0.947539938 0.254367154
vt 0.951428705 0.254367154
vt 0.956289664 0.254367154
vt 0.942678978 0.225201399
vt 0.937818019 0.219368248
vt 0.947539938 0.230062358
vt 0.951428705 0.230062358
vt 0.956289664 0.230062358
vt 0.942678978 0.219368248
vt 0.937818019 0.207701946
vt 0.947539938 0.225201399
vt 0.951428705 0.225201399
vt 0.956289664 0.225201399
vt 0.942678978 0.207701946
vt 0.937818019 0.187285917
vt 0.947539938 0.219368248
vt 0.951428705 0.219368248
vt 0.956289664 0.219368248
vt 0.942678978 0.187285917
vt 0.937818019 0.164925504
vt 0.947539938 0.207701946
vt 0.951428705 0.207701946
vt 0.956289664 0.207701946
vt 0.942678978 0.164925504
vt 0.937818019 0.15714797
vt 0.947539938 0.187285917
vt 0.951428705 0.187285917
vt 0.956289664 0.187285917
vt 0.942678978 0.15714797
vt 0.937818019 0.150342627
vt 0.947539938 0.164925504
vt 0.951428705 0.164925504
vt 0.956289664 0.164925504
vt 0.942678978 0.150342627
vt 0.937818019 0.144509476
vt 0.947539938 0.15714797
vt 0.951428705 0.15714797
vt 0.956289664 0.15714797
vt 0.942678978 0.144509476
vt 0.937818019 0.138676325
vt 0.947539938 0.150342627
vt 0.951428705 0.150342627
vt 0.956289664 0.150342627
vt 0.942678978 0.138676325
vt 0.937818019 0.127010023
vt 0.947539938 0.144509476
vt 0.951428705 0.144509476
vt 0.956289664 0.144509476
vt 0.942678978 0.127010023
vt 0.937818019 0.10464961
vt 0.947539938 0.138676325
vt 0.951428705 0.138676325
vt 0.956289664 0.138676325
vt 0.942678978 0.10464961
vt 0.937818019 0.0764560468
vt 0.947539938 0.127010023
vt 0.951428705 0.127010023
vt 0.956289664 0.127010023
vt 0.942678978 0.0764560468
vt 0.937818019 0.0482624834
vt 0.947539938 0.10464961
vt 0.951428705 0.10464961
vt 0.956289664 0.10464961
vt 0.942678978 0.0482624834
vt 0.937818019 0.0239576874
vt 0.947539938 0.0764560468
vt 0.951428705 0.0764560468
vt 0.956289664 0.0764560468
vt 0.942678978 0.0239576874
vt 0.937818019 0.0113191934
vt 0.947539938 0.0482624834
vt 0.951428705 0.0482624834
vt 0.956289664 0.0482624834
vt 0.942678978 0.0113191934
vt 0.937818019 0.00451385051
vt 0.942678978 0.00451385051
vt 0.947539938 0.0239576874
vt 0.951428705 0.0239576874
vt 0.956289664 0.0239576874
vt 0.947539938 0.0113191934
vt 0.947539938 0.00451385051
vt 0.951428705 0.0113191934
vt 0.956289664 0.0113191934
vt 0.951428705 0.00451385051
vt 0.956289664 0.00451385051
vt 0.965039391 0.236867701
vt 0.962122815 0.232006742
vt 0.962122815 0.236867701
vt 0.965039391 0.232006742
vt 0.968928158 0.236867701
vt 0.962122815 0.229090166
vt 0.968928158 0.232006742
vt 0.972816925 0.236867701
vt 0.965039391 0.229090166
vt 0.962122815 0.226173591
vt 0.972816925 0.232006742
vt 0.976705693 0.236867701
vt 0.976705693 0.232006742
vt 0.968928158 0.229090166
vt 0.965039391 0.226173591
vt 0.962122815 0.21547948
vt 0.972816925 0.229090166
vt 0.976705693 0.229090166
vt 0.965039391 0.21547948
vt 0.962122815 0.193119068
vt 0.968928158 0.226173591
vt 0.972816925 0.226173591
vt 0.976705693 0.226173591
vt 0.965039391 0.193119068
vt 0.962122815 0.163953313
vt 0.968928158 0.21547948
vt 0.972816925 0.21547948
vt 0.976705693 0.21547948
vt 0.965039391 0.163953313
vt 0.962122815 0.151314819
vt 0.968928158 0.193119068
vt 0.972816925 0.193119068
vt 0.976705693 0.193119068
vt 0.965039391 0.151314819
vt 0.962122815 0.144509476
vt 0.968928158 0.163953313
vt 0.972816925 0.163953313
vt 0.976705693 0.163953313
vt 0.965039391 0.144509476
vt 0.962122815 0.138676325
vt 0.968928158 0.151314819
vt 0.972816925 0.151314819
vt 0.976705693 0.151314819
vt 0.965039391 0.138676325
vt 0.962122815 0.127982214
vt 0.968928158 0.144509476
vt 0.972816925 0.144509476
vt 0.976705693 0.144509476
vt 0.965039391 0.127982214
vt 0.962122815 0.115343721
vt 0.968928158 0.138676325
vt 0.972816925 0.138676325
vt 0.976705693 0.138676325
vt 0.965039391 0.115343721
vt 0.962122815 0.0978442674
vt 0.968928158 0.127982214
vt 0.972816925 0.127982214
vt 0.976705693 0.127982214
vt 0.965039391 0.0978442674
vt 0.962122815 0.0832613897
vt 0.968928158 0.115343721
vt 0.972816925 0.115343721
vt 0.976705693 0.115343721
vt 0.965039391 0.0832613897
vt 0.962122815 0.075483855
vt 0.968928158 0.0978442674
vt 0.972816925 0.0978442674
vt 0.976705693 0.0978442674
vt 0.965039391 0.075483855
vt 0.962122815 0.0696507039
vt 0.968928158 0.0832613897
vt 0.972816925 0.0832613897
vt 0.976705693 0.0832613897
vt 0.965039391 0.0696507039
vt 0.962122815 0.0589565937
vt 0.968928158 0.075483855
vt 0.972816925 0.075483855
vt 0.976705693 0.075483855
vt 0.965039391 0.0589565937
vt 0.962122815 0.0463180997
vt 0.968928158 0.0696507039
vt 0.972816925 0.0696507039
vt 0.976705693 0.0696507039
vt 0.965039391 0.0463180997
vt 0.962122815 0.0356239895
vt 0.968928158 0.0589565937
vt 0.972816925 0.0589565937
vt 0.976705693 0.0589565937
vt 0.965039391 0.0356239895
vt 0.962122815 0.0220133037
vt 0.968928158 0.0463180997
vt 0.972816925 0.0463180997
vt 0.976705693 0.0463180997
vt 0.965039391 0.0220133037
vt 0.962122815 0.0152079608
vt 0.968928158 0.0356239895
vt 0.972816925 0.0356239895
vt 0.976705693 0.0356239895
vt 0.965039391 0.0152079608
vt 0.962122815 0.00937480973
vt 0.968928158 0.0220133037
vt 0.972816925 0.0220133037
vt 0.976705693 0.0220133037
vt 0.965039391 0.00937480973
vt 0.962122815 0.00451385051
vt 0.965039391 0.00451385051
vt 0.968928158 0.0152079608
vt 0.972816925 0.0152079608
vt 0.976705693 0.0152079608
vt 0.968928158 0.00937480973
vt 0.968928158 0.00451385051
vt 0.972816925 0.00937480973
vt 0.976705693 0.00937480973
vt 0.972816925 0.00451385051
vt 0.976705693 0.00451385051
vt 0.68504814 0.783239516
vt 0.68504814 0.770601022
vt 0.641299507 0.770601022
vt 0.641299507 0.783239516
vt 0.68504814 0.788100475
vt 0.641299507 0.788100475
vt 0.641299507 0.800738969
vt 0.68504814 0.800738969
vt 0.676298414 0.817266231
vt 0.671437454 0.817266231
vt 0.671437454 0.828932533
vt 0.676298414 0.828932533
vt 0.682131565 0.861987055
vt 0.686992524 0.861987055
vt 0.686992524 0.818238423
vt 0.682131565 0.818238423
vt 0.672409646 0.846431986
vt 0.677270605 0.846431986
vt 0.677270605 0.834765684
vt 0.672409646 0.834765684
vt 0.641299507 0.805599929
vt 0.641299507 0.810460888
vt 0.68504814 0.810460888
vt 0.68504814 0.805599929
vt 0.68504814 0.783239516
vt 0.68504814 0.770601022
vt 0.641299507 0.770601022
vt 0.641299507 0.783239516
vt 0.68504814 0.788100475
vt 0.641299507 0.788100475
vt 0.641299507 0.800738969
vt 0.68504814 0.800738969
vt 0.676298414 0.817266231
vt 0.671437454 0.817266231
vt 0.671437454 0.828932533
vt 0.676298414 0.828932533
vt 0.682131565 0.861987055
vt 0.686992524 0.861987055
vt 0.686992524 0.818238423
vt 0.682131565 0.818238423
vt 0.672409646 0.846431986
vt 0.677270605 0.846431986
vt 0.677270605 0.834765684
vt 0.672409646 0.834765684
vt 0.641299507 0.805599929
vt 0.641299507 0.810460888
vt 0.68504814 0.810460888
vt 0.68504814 0.805599929
vt 0.992260762 0.429361686
vt 0.995177338 0.412834424
vt 0.995177338 0.429361686
vt 0.992260762 0.412834424
vt 0.988371995 0.429361686
vt 0.995177338 0.386585245
vt 0.988371995 0.412834424
vt 0.985455419 0.429361686
vt 0.992260762 0.386585245
vt 0.995177338 0.35255853
vt 0.985455419 0.412834424
vt 0.981566652 0.429361686
vt 0.981566652 0.412834424
vt 0.992260762 0.35255853
vt 0.995177338 0.313670856
vt 0.988371995 0.386585245
vt 0.985455419 0.386585245
vt 0.981566652 0.386585245
vt 0.992260762 0.313670856
vt 0.995177338 0.269922223
vt 0.988371995 0.35255853
vt 0.985455419 0.35255853
vt 0.981566652 0.35255853
vt 0.992260762 0.269922223
vt 0.995177338 0.224229207
vt 0.988371995 0.313670856
vt 0.985455419 0.313670856
vt 0.981566652 0.313670856
vt 0.992260762 0.224229207
vt 0.995177338 0.17853619
vt 0.988371995 0.269922223
vt 0.985455419 0.269922223
vt 0.981566652 0.269922223
vt 0.992260762 0.17853619
vt 0.995177338 0.133815366
vt 0.988371995 0.224229207
vt 0.985455419 0.224229207
vt 0.981566652 0.224229207
vt 0.992260762 0.133815366
vt 0.995177338 0.0920111163
vt 0.988371995 0.17853619
vt 0.985455419 0.17853619
vt 0.981566652 0.17853619
vt 0.992260762 0.0920111163
vt 0.995177338 0.0540956345
vt 0.988371995 0.133815366
vt 0.985455419 0.133815366
vt 0.981566652 0.133815366
vt 0.992260762 0.0540956345
vt 0.995177338 0.0239576874
vt 0.988371995 0.0920111163
vt 0.985455419 0.0920111163
vt 0.981566652 0.0920111163
vt 0.988371995 0.0540956345
vt 0.985455419 0.0540956345
vt 0.981566652 0.0540956345
vt 0.992260762 0.0239576874
vt 0.985455419 0.0239576874
vt 0.981566652 0.0239576874
vt 0.981566652 0.00256946683
vt 0.985455419 0.00256946683
vt 0.988371995 0.00256946683
vt 0.988371995 0.0239576874
vt 0.992260762 0.00256946683
vt 0.995177338 0.00256946683
vt 0.994205146 0.455610865
vt 0.99128857 0.45269429
vt 0.99128857 0.459499633
vt 0.988371995 0.455610865
vt 0.0268742629 0.00354165867
vt 0.0317352221 0.0657619366
vt 0.0317352221 0.00354165867
vt 0.0268742629 0.0657619366
vt 0.0229854955 0.00354165867
vt 0.0317352221 0.100760843
vt 0.0229854955 0.0657619366
vt 0.0181245363 0.00354165867
vt 0.0268742629 0.100760843
vt 0.0317352221 0.142565092
vt 0.0181245363 0.0657619366
vt 0.0132635771 0.00354165867
vt 0.0229854955 0.100760843
vt 0.0268742629 0.142565092
vt 0.0317352221 0.19409126
vt 0.0132635771 0.0657619366
vt 0.00840261788 0.00354165867
vt 0.0181245363 0.100760843
vt 0.0229854955 0.142565092
vt 0.0268742629 0.19409126
vt 0.0317352221 0.225201399
vt 0.00840261788 0.0657619366
vt 0.00354165867 0.00354165867
vt 0.00354165867 0.0657619366
vt 0.0132635771 0.100760843
vt 0.00840261788 0.100760843
vt 0.00354165867 0.100760843
vt 0.0181245363 0.142565092
vt 0.0229854955 0.19409126
vt 0.0268742629 0.225201399
vt 0.0317352221 0.250478387
vt 0.00840261788 0.142565092
vt 0.00354165867 0.142565092
vt 0.0132635771 0.142565092
vt 0.0181245363 0.19409126
vt 0.0229854955 0.225201399
vt 0.0268742629 0.250478387
vt 0.0317352221 0.318531816
vt 0.00840261788 0.19409126
vt 0.00354165867 0.19409126
vt 0.0132635771 0.19409126
vt 0.0181245363 0.225201399
vt 0.0268742629 0.318531816
vt 0.0317352221 0.344780995
vt 0.0229854955 0.250478387
vt 0.00840261788 0.225201399
vt 0.00354165867 0.225201399
vt 0.0132635771 0.225201399
vt 0.0268742629 0.344780995
vt 0.0317352221 0.364224832
vt 0.0181245363 0.250478387
vt 0.0229854955 0.318531816
vt 0.00840261788 0.250478387
vt 0.00354165867 0.250478387
vt 0.0132635771 0.250478387
vt 0.0268742629 0.364224832
vt 0.0317352221 0.372974559
vt 0.0181245363 0.318531816
vt 0.0229854955 0.344780995
vt 0.00840261788 0.318531816
vt 0.00354165867 0.318531816
vt 0.0132635771 0.318531816
vt 0.0268742629 0.372974559
vt 0.0317352221 0.379779902
vt 0.0181245363 0.344780995
vt 0.0229854955 0.364224832
vt 0.00840261788 0.344780995
vt 0.00354165867 0.344780995
vt 0.0132635771 0.344780995
vt 0.0268742629 0.379779902
vt 0.0317352221 0.387557436
vt 0.0181245363 0.364224832
vt 0.0229854955 0.372974559
vt 0.00840261788 0.364224832
vt 0.00354165867 0.364224832
vt 0.0132635771 0.364224832
vt 0.0268742629 0.387557436
vt 0.0317352221 0.432278261
vt 0.0181245363 0.372974559
vt 0.0229854955 0.379779902
vt 0.00840261788 0.372974559
vt 0.00354165867 0.372974559
vt 0.0132635771 0.372974559
vt 0.0268742629 0.432278261
vt 0.0317352221 0.56352416
vt 0.0181245363 0.379779902
vt 0.0229854955 0.387557436
vt 0.00840261788 0.379779902
vt 0.00354165867 0.379779902
vt 0.0132635771 0.379779902
vt 0.0268742629 0.56352416
vt 0.0317352221 0.575190462
vt 0.00840261788 0.387557436
vt 0.00354165867 0.387557436
vt 0.0181245363 0.387557436
vt 0.0132635771 0.387557436
vt 0.0229854955 0.432278261
vt 0.0181245363 0.432278261
vt 0.0268742629 0.575190462
vt 0.0317352221 0.590745531
vt 0.0229854955 0.56352416
vt 0.00840261788 0.432278261
vt 0.00354165867 0.432278261
vt 0.0132635771 0.432278261
vt 0.0268742629 0.590745531
vt 0.0317352221 0.610189368
vt 0.0229854955 0.575190462
vt 0.0181245363 0.56352416
vt 0.00840261788 0.56352416
vt 0.00354165867 0.56352416
vt 0.0132635771 0.56352416
vt 0.0268742629 0.610189368
vt 0.0317352221 0.657826769
vt 0.0229854955 0.590745531
vt 0.0181245363 0.575190462
vt 0.00840261788 0.575190462
vt 0.00354165867 0.575190462
vt 0.0132635771 0.575190462
vt 0.0268742629 0.657826769
vt 0.0317352221 0.705464169
vt 0.0229854955 0.610189368
vt 0.0181245363 0.590745531
vt 0.00840261788 0.590745531
vt 0.00354165867 0.590745531
vt 0.0132635771 0.590745531
vt 0.0268742629 0.705464169
vt 0.0317352221 0.73268554
vt 0.0229854955 0.657826769
vt 0.0181245363 0.610189368
vt 0.00840261788 0.610189368
vt 0.00354165867 0.610189368
vt 0.0132635771 0.610189368
vt 0.0268742629 0.73268554
vt 0.0317352221 0.754073761
vt 0.0229854955 0.705464169
vt 0.0181245363 0.657826769
vt 0.00840261788 0.657826769
vt 0.00354165867 0.657826769
vt 0.0132635771 0.657826769
vt 0.0268742629 0.754073761
vt 0.0317352221 0.766712255
vt 0.0229854955 0.73268554
vt 0.0181245363 0.705464169
vt 0.00840261788 0.705464169
vt 0.00354165867 0.705464169
vt 0.0132635771 0.705464169
vt 0.0268742629 0.766712255
vt 0.0317352221 0.778378557
vt 0.0229854955 0.754073761
vt 0.0181245363 0.73268554
vt 0.00840261788 0.73268554
vt 0.00354165867 0.73268554
vt 0.0132635771 0.73268554
vt 0.0268742629 0.778378557
vt 0.0317352221 0.782267324
vt 0.0268742629 0.782267324
vt 0.0229854955 0.766712255
vt 0.0181245363 0.754073761
vt 0.0229854955 0.778378557
vt 0.0229854955 0.782267324
vt 0.00840261788 0.754073761
vt 0.00354165867 0.754073761
vt 0.0132635771 0.754073761
vt 0.0181245363 0.766712255
vt 0.0181245363 0.778378557
vt 0.0181245363 0.782267324
vt 0.0132635771 0.766712255
vt 0.00840261788 0.766712255
vt 0.00354165867 0.766712255
vt 0.0132635771 0.778378557
vt 0.0132635771 0.782267324
vt 0.00840261788 0.778378557
vt 0.00354165867 0.778378557
vt 0.00840261788 0.782267324
vt 0.00354165867 0.782267324
vt 0.993232954 0.465332784
vt 0.995177338 0.472138127
vt 0.995177338 0.465332784
vt 0.993232954 0.472138127
vt 0.992260762 0.465332784
vt 0.995177338 0.482832237
vt 0.992260762 0.472138127
vt 0.990316379 0.465332784
vt 0.993232954 0.482832237
vt 0.995177338 0.492554155
vt 0.990316379 0.472138127
vt 0.989344187 0.465332784
vt 0.989344187 0.472138127
vt 0.993232954 0.492554155
vt 0.995177338 0.499359498
vt 0.992260762 0.482832237
vt 0.990316379 0.482832237
vt 0.989344187 0.482832237
vt 0.993232954 0.499359498
vt 0.995177338 0.506164841
vt 0.992260762 0.492554155
vt 0.990316379 0.492554155
vt 0.989344187 0.492554155
vt 0.993232954 0.506164841
vt 0.995177338 0.51588676
vt 0.992260762 0.499359498
vt 0.990316379 0.499359498
vt 0.989344187 0.499359498
vt 0.993232954 0.51588676
vt 0.995177338 0.52658087
vt 0.992260762 0.506164841
vt 0.990316379 0.506164841
vt 0.989344187 0.506164841
vt 0.993232954 0.52658087
vt 0.995177338 0.530469637
vt 0.992260762 0.51588676
vt 0.990316379 0.51588676
vt 0.989344187 0.51588676
vt 0.993232954 0.530469637
vt 0.995177338 0.534358405
vt 0.992260762 0.52658087
vt 0.990316379 0.52658087
vt 0.989344187 0.52658087
vt 0.993232954 0.534358405
vt 0.995177338 0.543108131
vt 0.992260762 0.530469637
vt 0.990316379 0.530469637
vt 0.989344187 0.530469637
vt 0.993232954 0.543108131
vt 0.995177338 0.557691009
vt 0.992260762 0.534358405
vt 0.990316379 0.534358405
vt 0.989344187 0.534358405
vt 0.993232954 0.557691009
vt 0.995177338 0.565468544
vt 0.992260762 0.543108131
vt 0.990316379 0.543108131
vt 0.989344187 0.543108131
vt 0.993232954 0.565468544
vt 0.995177338 0.571301695
vt 0.992260762 0.557691009
vt 0.990316379 0.557691009
vt 0.989344187 0.557691009
vt 0.992260762 0.565468544
vt 0.990316379 0.565468544
vt 0.989344187 0.565468544
vt 0.993232954 0.571301695
vt 0.990316379 0.571301695
vt 0.989344187 0.571301695
vt 0.992260762 0.571301695
vt 0.993232954 0.58491238
vt 0.995177338 0.58491238
vt 0.992260762 0.58491238
vt 0.990316379 0.58491238
vt 0.989344187 0.58491238
vt 0.993232954 0.590745531
vt 0.995177338 0.590745531
vt 0.995177338 0.594634299
vt 0.992260762 0.590745531
vt 0.990316379 0.590745531
vt 0.989344187 0.590745531
vt 0.993232954 0.594634299
vt 0.995177338 0.60046745
vt 0.990316379 0.594634299
vt 0.989344187 0.594634299
vt 0.992260762 0.594634299
vt 0.993232954 0.60046745
vt 0.995177338 0.608244985
vt 0.990316379 0.60046745
vt 0.989344187 0.60046745
vt 0.992260762 0.60046745
vt 0.993232954 0.608244985
vt 0.995177338 0.616994711
vt 0.990316379 0.608244985
vt 0.989344187 0.608244985
vt 0.992260762 0.608244985
vt 0.993232954 0.616994711
vt 0.995177338 0.622827862
vt 0.990316379 0.616994711
vt 0.989344187 0.616994711
vt 0.992260762 0.616994711
vt 0.993232954 0.622827862
vt 0.995177338 0.628661013
vt 0.993232954 0.628661013
vt 0.992260762 0.622827862
vt 0.992260762 0.628661013
vt 0.990316379 0.622827862
vt 0.989344187 0.622827862
vt 0.990316379 0.628661013
vt 0.989344187 0.628661013
vt 0.409917849 0.602411834
vt 0.407001273 0.613105944
vt 0.409917849 0.613105944
vt 0.407001273 0.602411834
vt 0.409917849 0.496442923
vt 0.407001273 0.496442923
vt 0.339920036 0.57421827
vt 0.339920036 0.568385119
vt 0.292282636 0.568385119
vt 0.292282636 0.57421827
vt 0.292282636 0.702547593
vt 0.292282636 0.706436361
vt 0.339920036 0.706436361
vt 0.339920036 0.702547593
vt 0.402140314 0.496442923
vt 0.399223738 0.496442923
vt 0.399223738 0.506164841
vt 0.402140314 0.506164841
vt 0.402140314 0.612133752
vt 0.399223738 0.612133752
vt 0.394362779 0.506164841
vt 0.394362779 0.496442923
vt 0.347697571 0.496442923
vt 0.347697571 0.506164841
vt 0.394362779 0.612133752
vt 0.347697571 0.612133752
vt 0.339920036 0.579079229
vt 0.292282636 0.579079229
vt 0.292282636 0.588801148
vt 0.339920036 0.588801148
vt 0.339920036 0.698658826
vt 0.292282636 0.698658826
vt 0.339920036 0.706436361
vt 0.339920036 0.702547593
vt 0.292282636 0.702547593
vt 0.292282636 0.706436361
vt 0.292282636 0.568385119
vt 0.292282636 0.57421827
vt 0.339920036 0.57421827
vt 0.339920036 0.568385119
vt 0.409917849 0.602411834
vt 0.407001273 0.613105944
vt 0.409917849 0.613105944
vt 0.407001273 0.602411834
vt 0.409917849 0.496442923
vt 0.407001273 0.496442923
vt 0.402140314 0.496442923
vt 0.399223738 0.496442923
vt 0.399223738 0.506164841
vt 0.402140314 0.506164841
vt 0.402140314 0.612133752
vt 0.399223738 0.612133752
vt 0.394362779 0.506164841
vt 0.394362779 0.496442923
vt 0.347697571 0.496442923
vt 0.347697571 0.506164841
vt 0.347697571 0.612133752
vt 0.394362779 0.612133752
vt 0.339920036 0.579079229
vt 0.292282636 0.579079229
vt 0.292282636 0.588801148
vt 0.339920036 0.588801148
vt 0.339920036 0.698658826
vt 0.292282636 0.698658826
vt 0.66365992 0.362280448
vt 0.66365992 0.367141408
vt 0.668520879 0.367141408
vt 0.668520879 0.362280448
vt 0.66365992 0.357419489
vt 0.668520879 0.357419489
vt 0.66365992 0.35255853
vt 0.668520879 0.35255853
vt 0.66365992 0.347697571
vt 0.668520879 0.347697571
vt 0.66365992 0.342836612
vt 0.668520879 0.342836612
vt 0.66365992 0.337975652
vt 0.668520879 0.337975652
vt 0.66365992 0.332142501
vt 0.668520879 0.332142501
vt 0.66365992 0.327281542
vt 0.668520879 0.327281542
vt 0.383668669 0.641299507
vt 0.381724285 0.634494164
vt 0.387557436 0.639355124
vt 0.380752093 0.638382932
vt 0.373946751 0.634494164
vt 0.375891134 0.638382932
vt 0.369085791 0.639355124
vt 0.372974559 0.641299507
vt 0.369085791 0.64810485
vt 0.372974559 0.646160466
vt 0.374918942 0.652965809
vt 0.375891134 0.649077042
vt 0.382696477 0.652965809
vt 0.380752093 0.649077042
vt 0.387557436 0.647132658
vt 0.383668669 0.646160466
vt 0.387557436 0.639355124
vt 0.383668669 0.641299507
vt 0.467277167 0.655882385
vt 0.467277167 0.64810485
vt 0.462416208 0.64810485
vt 0.462416208 0.655882385
vt 0.467277167 0.662687728
vt 0.462416208 0.662687728
vt 0.467277167 0.670465262
vt 0.462416208 0.670465262
vt 0.467277167 0.678242797
vt 0.462416208 0.678242797
vt 0.467277167 0.686020332
vt 0.462416208 0.686020332
vt 0.467277167 0.693797867
vt 0.462416208 0.693797867
vt 0.467277167 0.701575401
vt 0.462416208 0.701575401
vt 0.467277167 0.709352936
vt 0.462416208 0.709352936
vt 0.345753187 0.647132658
vt 0.350614146 0.651993617
vt 0.358391681 0.651993617
vt 0.364224832 0.647132658
vt 0.345753187 0.639355124
vt 0.364224832 0.638382932
vt 0.350614146 0.633521972
vt 0.358391681 0.633521972
vt 0.635466356 0.45269429
vt 0.645188275 0.444916755
vt 0.635466356 0.444916755
vt 0.645188275 0.45269429
vt 0.635466356 0.460471825
vt 0.645188275 0.460471825
vt 0.635466356 0.468249359
vt 0.645188275 0.468249359
vt 0.635466356 0.476026894
vt 0.645188275 0.476026894
vt 0.635466356 0.483804429
vt 0.645188275 0.483804429
vt 0.635466356 0.491581964
vt 0.645188275 0.491581964
vt 0.635466356 0.498387306
vt 0.645188275 0.498387306
vt 0.635466356 0.506164841
vt 0.645188275 0.506164841
vt 0.66365992 0.362280448
vt 0.66365992 0.367141408
vt 0.668520879 0.367141408
vt 0.668520879 0.362280448
vt 0.66365992 0.357419489
vt 0.668520879 0.357419489
vt 0.66365992 0.35255853
vt 0.668520879 0.35255853
vt 0.66365992 0.347697571
vt 0.668520879 0.347697571
vt 0.66365992 0.342836612
vt 0.668520879 0.342836612
vt 0.66365992 0.337975652
vt 0.668520879 0.337975652
vt 0.66365992 0.332142501
vt 0.668520879 0.332142501
vt 0.66365992 0.327281542
vt 0.668520879 0.327281542
vt 0.383668669 0.641299507
vt 0.381724285 0.634494164
vt 0.387557436 0.639355124
vt 0.380752093 0.638382932
vt 0.373946751 0.634494164
vt 0.375891134 0.638382932
vt 0.369085791 0.639355124
vt 0.372974559 0.641299507
vt 0.369085791 0.64810485
vt 0.372974559 0.646160466
vt 0.374918942 0.652965809
vt 0.375891134 0.649077042
vt 0.382696477 0.652965809
vt 0.380752093 0.649077042
vt 0.387557436 0.647132658
vt 0.383668669 0.646160466
vt 0.387557436 0.639355124
vt 0.383668669 0.641299507
vt 0.467277167 0.655882385
vt 0.467277167 0.64810485
vt 0.462416208 0.64810485
vt 0.462416208 0.655882385
vt 0.467277167 0.662687728
vt 0.462416208 0.662687728
vt 0.467277167 0.670465262
vt 0.462416208 0.670465262
vt 0.467277167 0.678242797
vt 0.462416208 0.678242797
vt 0.467277167 0.686020332
vt 0.462416208 0.686020332
vt 0.467277167 0.693797867
vt 0.462416208 0.693797867
vt 0.467277167 0.701575401
vt 0.462416208 0.701575401
vt 0.467277167 0.709352936
vt 0.462416208 0.709352936
vt 0.345753187 0.647132658
vt 0.350614146 0.651993617
vt 0.358391681 0.651993617
vt 0.364224832 0.647132658
vt 0.345753187 0.639355124
vt 0.364224832 0.638382932
vt 0.350614146 0.633521972
vt 0.358391681 0.633521972
vt 0.635466356 0.45269429
vt 0.645188275 0.444916755
vt 0.635466356 0.444916755
vt 0.645188275 0.45269429
vt 0.635466356 0.460471825
vt 0.645188275 0.460471825
vt 0.635466356 0.468249359
vt 0.645188275 0.468249359
vt 0.635466356 0.476026894
vt 0.645188275 0.476026894
vt 0.635466356 0.483804429
vt 0.645188275 0.483804429
vt 0.635466356 0.491581964
vt 0.645188275 0.491581964
vt 0.635466356 0.498387306
vt 0.645188275 0.498387306
vt 0.635466356 0.506164841
vt 0.645188275 0.506164841
vt 0.66365992 0.362280448
vt 0.66365992 0.367141408
vt 0.668520879 0.367141408
vt 0.668520879 0.362280448
vt 0.66365992 0.357419489
vt 0.668520879 0.357419489
vt 0.66365992 0.35255853
vt 0.668520879 0.35255853
vt 0.66365992 0.347697571
vt 0.668520879 0.347697571
vt 0.66365992 0.342836612
vt 0.668520879 0.342836612
vt 0.66365992 0.337975652
vt 0.668520879 0.337975652
vt 0.66365992 0.332142501
vt 0.668520879 0.332142501
vt 0.66365992 0.327281542
vt 0.668520879 0.327281542
vt 0.383668669 0.641299507
vt 0.381724285 0.634494164
vt 0.387557436 0.639355124
vt 0.380752093 0.638382932
vt 0.373946751 0.634494164
vt 0.375891134 0.638382932
vt 0.369085791 0.639355124
vt 0.372974559 0.641299507
vt 0.369085791 0.64810485
vt 0.372974559 0.646160466
vt 0.374918942 0.652965809
vt 0.375891134 0.649077042
vt 0.382696477 0.652965809
vt 0.380752093 0.649077042
vt 0.387557436 0.647132658
vt 0.383668669 0.646160466
vt 0.387557436 0.639355124
vt 0.383668669 0.641299507
vt 0.467277167 0.655882385
vt 0.467277167 0.64810485
vt 0.462416208 0.64810485
vt 0.462416208 0.655882385
vt 0.467277167 0.662687728
vt 0.462416208 0.662687728
vt 0.467277167 0.670465262
vt 0.462416208 0.670465262
vt 0.467277167 0.678242797
vt 0.462416208 0.678242797
vt 0.467277167 0.686020332
vt 0.462416208 0.686020332
vt 0.467277167 0.693797867
vt 0.462416208 0.693797867
vt 0.467277167 0.701575401
vt 0.462416208 0.701575401
vt 0.467277167 0.709352936
vt 0.462416208 0.709352936
vt 0.345753187 0.647132658
vt 0.350614146 0.651993617
vt 0.358391681 0.651993617
vt 0.364224832 0.647132658
vt 0.345753187 0.639355124
vt 0.364224832 0.638382932
vt 0.350614146 0.633521972
vt 0.358391681 0.633521972
vt 0.635466356 0.45269429
vt 0.645188275 0.444916755
vt 0.635466356 0.444916755
vt 0.645188275 0.45269429
vt 0.635466356 0.460471825
vt 0.645188275 0.460471825
vt 0.635466356 0.468249359
vt 0.645188275 0.468249359
vt 0.635466356 0.476026894
vt 0.645188275 0.476026894
vt 0.635466356 0.483804429
vt 0.645188275 0.483804429
vt 0.635466356 0.491581964
vt 0.645188275 0.491581964
vt 0.635466356 0.498387306
vt 0.645188275 0.498387306
vt 0.635466356 0.506164841
vt 0.645188275 0.506164841
vt 0.992260762 0.00256946683
vt 0.995177338 0.0190967281
vt 0.995177338 0.00256946683
vt 0.992260762 0.0190967281
vt 0.988371995 0.00256946683
vt 0.995177338 0.0463180997
vt 0.988371995 0.0190967281
vt 0.985455419 0.00256946683
vt 0.992260762 0.0463180997
vt 0.995177338 0.0803448142
vt 0.985455419 0.0190967281
vt 0.981566652 0.00256946683
vt 0.981566652 0.0190967281
vt 0.992260762 0.0803448142
vt 0.995177338 0.12020468
vt 0.988371995 0.0463180997
vt 0.985455419 0.0463180997
vt 0.981566652 0.0463180997
vt 0.992260762 0.12020468
vt 0.995177338 0.163953313
vt 0.988371995 0.0803448142
vt 0.985455419 0.0803448142
vt 0.981566652 0.0803448142
vt 0.992260762 0.163953313
vt 0.995177338 0.209646329
vt 0.988371995 0.12020468
vt 0.985455419 0.12020468
vt 0.981566652 0.12020468
vt 0.992260762 0.209646329
vt 0.995177338 0.256311538
vt 0.988371995 0.163953313
vt 0.985455419 0.163953313
vt 0.981566652 0.163953313
vt 0.992260762 0.256311538
vt 0.995177338 0.302004554
vt 0.988371995 0.209646329
vt 0.985455419 0.209646329
vt 0.981566652 0.209646329
vt 0.992260762 0.302004554
vt 0.995177338 0.343808803
vt 0.988371995 0.256311538
vt 0.985455419 0.256311538
vt 0.981566652 0.256311538
vt 0.992260762 0.343808803
vt 0.995177338 0.381724285
vt 0.988371995 0.302004554
vt 0.985455419 0.302004554
vt 0.981566652 0.302004554
vt 0.992260762 0.381724285
vt 0.995177338 0.411862232
vt 0.988371995 0.343808803
vt 0.985455419 0.343808803
vt 0.981566652 0.343808803
vt 0.988371995 0.381724285
vt 0.985455419 0.381724285
vt 0.981566652 0.381724285
vt 0.992260762 0.411862232
vt 0.985455419 0.411862232
vt 0.981566652 0.411862232
vt 0.981566652 0.433250453
vt 0.985455419 0.433250453
vt 0.988371995 0.433250453
vt 0.988371995 0.411862232
vt 0.992260762 0.433250453
vt 0.995177338 0.433250453
vt 0.994205146 0.443944563
vt 0.99128857 0.440055796
vt 0.99128857 0.446861139
vt 0.988371995 0.442972371
vt 0.327281542 0.895041578
vt 0.327281542 0.899902537
vt 0.344780995 0.899902537
vt 0.344780995 0.895041578
vt 0.372974559 0.899902537
vt 0.390474012 0.899902537
vt 0.390474012 0.894069386
vt 0.372974559 0.894069386
vt 0.394362779 0.894069386
vt 0.394362779 0.899902537
vt 0.412834424 0.899902537
vt 0.412834424 0.894069386
vt 0.349641955 0.899902537
vt 0.367141408 0.899902537
vt 0.367141408 0.895041578
vt 0.349641955 0.895041578
vt 0.36325264 0.874625549
vt 0.361308257 0.879486509
vt 0.36325264 0.879486509
vt 0.361308257 0.874625549
vt 0.295199211 0.879486509
vt 0.295199211 0.874625549
vt 0.293254828 0.879486509
vt 0.293254828 0.874625549
vt 0.366169216 0.828932533
vt 0.366169216 0.846431986
vt 0.3681136 0.830876916
vt 0.364224832 0.84837637
vt 0.295199211 0.828932533
vt 0.295199211 0.84837637
vt 0.292282636 0.830876916
vt 0.292282636 0.846431986
vt 0.366169216 0.884347468
vt 0.364224832 0.889208427
vt 0.366169216 0.889208427
vt 0.364224832 0.884347468
vt 0.296171403 0.889208427
vt 0.296171403 0.884347468
vt 0.293254828 0.889208427
vt 0.293254828 0.884347468
vt 0.365197024 0.855181713
vt 0.364224832 0.871708974
vt 0.367141408 0.86976459
vt 0.36325264 0.854209521
vt 0.29422702 0.871708974
vt 0.29422702 0.853237329
vt 0.291310444 0.86976459
vt 0.292282636 0.855181713
vt 0.441027988 0.875597741
vt 0.439083604 0.879486509
vt 0.441027988 0.879486509
vt 0.439083604 0.875597741
vt 0.372974559 0.879486509
vt 0.372974559 0.875597741
vt 0.371030175 0.879486509
vt 0.371030175 0.875597741
vt 0.44200018 0.829904725
vt 0.44200018 0.847404178
vt 0.442972371 0.831849108
vt 0.439083604 0.849348561
vt 0.374918942 0.829904725
vt 0.374918942 0.849348561
vt 0.372974559 0.847404178
vt 0.372974559 0.831849108
vt 0.443944563 0.88531966
vt 0.44200018 0.889208427
vt 0.443944563 0.889208427
vt 0.44200018 0.88531966
vt 0.373946751 0.889208427
vt 0.373946751 0.88531966
vt 0.372002367 0.889208427
vt 0.372002367 0.88531966
vt 0.44200018 0.855181713
vt 0.441027988 0.871708974
vt 0.442972371 0.86976459
vt 0.439083604 0.853237329
vt 0.372002367 0.871708974
vt 0.372974559 0.854209521
vt 0.370057983 0.86976459
vt 0.370057983 0.856153904
vt 0.0365961813 0.367141408
vt 0.380752093 0.385613053
vt 0.380752093 0.367141408
vt 0.0365961813 0.384640861
vt 0.0375683732 0.385613053
vt 0.108538378 0.689909099
vt 0.107566186 0.692825675
vt 0.111454953 0.691853483
vt 0.112427145 0.706436361
vt 0.0988164592 0.693797867
vt 0.0978442674 0.690881291
vt 0.0958998837 0.696714442
vt 0.109510569 0.706436361
vt 0.112427145 0.718102663
vt 0.0988164592 0.709352936
vt 0.0958998837 0.709352936
vt 0.108538378 0.717130471
vt 0.111454953 0.722963622
vt 0.0997886511 0.722963622
vt 0.101733035 0.720047046
vt 0.0949276918 0.72199143
vt 0.0871501571 0.632549781
vt 0.0871501571 0.619911287
vt 0.0832613897 0.62185567
vt 0.0784004305 0.623800054
vt 0.0774282387 0.627688821
vt 0.217423864 0.619911287
vt 0.075483855 0.632549781
vt 0.088122349 0.766712255
vt 0.217423864 0.632549781
vt 0.0774282387 0.765740063
vt 0.221312631 0.620883479
vt 0.0784004305 0.770601022
vt 0.226173591 0.62185567
vt 0.0793726224 0.775461981
vt 0.228117974 0.627688821
vt 0.229090166 0.632549781
vt 0.229090166 0.767684447
vt 0.0822891979 0.776434173
vt 0.0852057734 0.777406365
vt 0.216451672 0.777406365
vt 0.217423864 0.767684447
vt 0.227145782 0.770601022
vt 0.22034044 0.775461981
vt 0.225201399 0.77448979
vt 0.0667341284 0.440055796
vt 0.0599287855 0.440055796
vt 0.0599287855 0.445888947
vt 0.0560400182 0.440055796
vt 0.0560400182 0.445888947
vt 0.0667341284 0.445888947
vt 0.0706228958 0.440055796
vt 0.0706228958 0.445888947
vt 0.0599287855 0.450749906
vt 0.0560400182 0.450749906
vt 0.0667341284 0.450749906
vt 0.0706228958 0.450749906
vt 0.0599287855 0.587828956
vt 0.0560400182 0.587828956
vt 0.0667341284 0.587828956
vt 0.0706228958 0.587828956
vt 0.0706228958 0.592689915
vt 0.0667341284 0.592689915
vt 0.0706228958 0.598523066
vt 0.0599287855 0.592689915
vt 0.0560400182 0.592689915
vt 0.0667341284 0.598523066
vt 0.0599287855 0.598523066
vt 0.0560400182 0.598523066
vt 0.0599287855 0.602411834
vt 0.0560400182 0.602411834
vt 0.0560400182 0.606300601
vt 0.0667341284 0.602411834
vt 0.0706228958 0.602411834
vt 0.0706228958 0.606300601
vt 0.0599287855 0.606300601
vt 0.0667341284 0.606300601
vt 0.0667341284 0.752129377
vt 0.0706228958 0.752129377
vt 0.0706228958 0.756990336
vt 0.0599287855 0.752129377
vt 0.0560400182 0.752129377
vt 0.0667341284 0.756990336
vt 0.0706228958 0.762823488
vt 0.0667341284 0.762823488
vt 0.0599287855 0.756990336
vt 0.0560400182 0.756990336
vt 0.0599287855 0.762823488
vt 0.0560400182 0.762823488
vt 0.543108131 0.77448979
vt 0.539219364 0.775461981
vt 0.542135939 0.777406365
vt 0.538247172 0.780322941
vt 0.539219364 0.773517598
vt 0.543108131 0.759906912
vt 0.53727498 0.776434173
vt 0.523664294 0.783239516
vt 0.539219364 0.759906912
vt 0.539219364 0.744351843
vt 0.536302788 0.773517598
vt 0.522692102 0.77448979
vt 0.535330596 0.760879104
vt 0.536302788 0.745324034
vt 0.534358405 0.740463075
vt 0.534358405 0.746296226
vt 0.487693196 0.740463075
vt 0.522692102 0.778378557
vt 0.497415115 0.776434173
vt 0.497415115 0.779350749
vt 0.497415115 0.784211708
vt 0.484776621 0.779350749
vt 0.483804429 0.783239516
vt 0.484776621 0.776434173
vt 0.486721004 0.761851296
vt 0.498387306 0.767684447
vt 0.501303882 0.772545406
vt 0.507137033 0.77448979
vt 0.516858951 0.771573214
vt 0.496442923 0.765740063
vt 0.520747719 0.762823488
vt 0.514914568 0.753101569
vt 0.498387306 0.756018145
vt 0.487693196 0.746296226
vt 0.506164841 0.751157185
vt 0.484776621 0.745324034
vt 0.482832237 0.744351843
vt 0.47894347 0.760879104
vt 0.481860045 0.760879104
vt 0.481860045 0.776434173
vt 0.477971278 0.777406365
vt 0.482832237 0.779350749
vt 0.479915661 0.781295133
vt 0.82212719 0.30492113
vt 0.819210614 0.308809897
vt 0.826015957 0.310754281
vt 0.815321847 0.302004554
vt 0.826015957 0.305893322
vt 0.8328213 0.308809897
vt 0.821154998 0.302004554
vt 0.818238423 0.29422702
vt 0.82212719 0.298115787
vt 0.826015957 0.292282636
vt 0.826015957 0.302004554
vt 0.826015957 0.298115787
vt 0.831849108 0.29422702
vt 0.828932533 0.30492113
vt 0.829904725 0.302004554
vt 0.835737876 0.302004554
vt 0.828932533 0.298115787
vt 0.82212719 0.30492113
vt 0.819210614 0.308809897
vt 0.826015957 0.310754281
vt 0.815321847 0.302004554
vt 0.826015957 0.305893322
vt 0.8328213 0.308809897
vt 0.821154998 0.302004554
vt 0.818238423 0.29422702
vt 0.82212719 0.298115787
vt 0.826015957 0.292282636
vt 0.826015957 0.302004554
vt 0.826015957 0.298115787
vt 0.831849108 0.29422702
vt 0.828932533 0.30492113
vt 0.829904725 0.302004554
vt 0.835737876 0.302004554
vt 0.828932533 0.298115787
vt 0.828932533 0.298115787
vt 0.831849108 0.29422702
vt 0.826015957 0.292282636
vt 0.835737876 0.302004554
vt 0.826015957 0.298115787
vt 0.818238423 0.29422702
vt 0.829904725 0.302004554
vt 0.8328213 0.308809897
vt 0.828932533 0.30492113
vt 0.826015957 0.310754281
vt 0.826015957 0.302004554
vt 0.826015957 0.305893322
vt 0.819210614 0.308809897
vt 0.82212719 0.298115787
vt 0.821154998 0.302004554
vt 0.815321847 0.302004554
vt 0.82212719 0.30492113
vt 0.828932533 0.298115787
vt 0.831849108 0.29422702
vt 0.826015957 0.292282636
vt 0.835737876 0.302004554
vt 0.826015957 0.298115787
vt 0.818238423 0.29422702
vt 0.829904725 0.302004554
vt 0.8328213 0.308809897
vt 0.828932533 0.30492113
vt 0.826015957 0.310754281
vt 0.826015957 0.302004554
vt 0.826015957 0.305893322
vt 0.819210614 0.308809897
vt 0.82212719 0.298115787
vt 0.821154998 0.302004554
vt 0.815321847 0.302004554
vt 0.82212719 0.30492113
vt 0.406029081 0.652965809
vt 0.411862232 0.647132658
vt 0.408945657 0.646160466
vt 0.40505689 0.651021426
vt 0.398251547 0.653938001
vt 0.408945657 0.639355124
vt 0.411862232 0.638382932
vt 0.40505689 0.635466356
vt 0.406029081 0.632549781
vt 0.399223738 0.635466356
vt 0.398251547 0.632549781
vt 0.399223738 0.651021426
vt 0.392418396 0.647132658
vt 0.395334971 0.646160466
vt 0.392418396 0.638382932
vt 0.395334971 0.639355124
vt 0.580051421 0.445888947
vt 0.577134846 0.451722098
vt 0.583940189 0.458527441
vt 0.58977334 0.455610865
vt 0.565468544 0.445888947
vt 0.583940189 0.467277167
vt 0.58977334 0.470193743
vt 0.568385119 0.451722098
vt 0.554774433 0.455610865
vt 0.561579776 0.458527441
vt 0.554774433 0.470193743
vt 0.561579776 0.467277167
vt 0.565468544 0.480887853
vt 0.577134846 0.47408251
vt 0.580051421 0.480887853
vt 0.568385119 0.47408251
vt 0.834765684 0.397279355
vt 0.835737876 0.397279355
vt 0.8328213 0.388529628
vt 0.831849108 0.38950182
vt 0.825043765 0.384640861
vt 0.831849108 0.404084698
vt 0.8328213 0.40505689
vt 0.825043765 0.386585245
vt 0.817266231 0.387557436
vt 0.825043765 0.407001273
vt 0.825043765 0.407973465
vt 0.818238423 0.388529628
vt 0.814349655 0.396307163
vt 0.817266231 0.403112506
vt 0.816294039 0.404084698
vt 0.815321847 0.396307163
vt 0.828932533 0.401168122
vt 0.829904725 0.396307163
vt 0.825043765 0.401168122
vt 0.828932533 0.392418396
vt 0.825043765 0.391446204
vt 0.825043765 0.396307163
vt 0.821154998 0.40019593
vt 0.820182806 0.396307163
vt 0.821154998 0.392418396
vt 0.719074855 0.302004554
vt 0.720047046 0.302004554
vt 0.717130471 0.293254828
vt 0.716158279 0.29422702
vt 0.709352936 0.290338252
vt 0.716158279 0.308809897
vt 0.717130471 0.309782089
vt 0.709352936 0.291310444
vt 0.701575401 0.292282636
vt 0.708380744 0.311726473
vt 0.708380744 0.312698665
vt 0.702547593 0.29422702
vt 0.697686634 0.301032362
vt 0.701575401 0.308809897
vt 0.70060321 0.309782089
vt 0.699631018 0.301032362
vt 0.713241704 0.305893322
vt 0.714213895 0.301032362
vt 0.708380744 0.305893322
vt 0.713241704 0.297143595
vt 0.709352936 0.296171403
vt 0.709352936 0.301032362
vt 0.704491977 0.305893322
vt 0.704491977 0.301032362
vt 0.705464169 0.297143595
vt 0.505192649 0.767684447
vt 0.505192649 0.766712255
vt 0.503248266 0.763795679
vt 0.502276074 0.763795679
vt 0.509081417 0.768656639
vt 0.504220457 0.759906912
vt 0.509081417 0.766712255
vt 0.503248266 0.759906912
vt 0.512970184 0.765740063
vt 0.507137033 0.757962528
vt 0.511997992 0.764767871
vt 0.507137033 0.756990336
vt 0.513942376 0.761851296
vt 0.510053609 0.75893472
vt 0.511997992 0.761851296
vt 0.511997992 0.757962528
vt 0.44200018 0.777406365
vt 0.44200018 0.773517598
vt 0.440055796 0.776434173
vt 0.442972371 0.776434173
vt 0.447833331 0.771573214
vt 0.447833331 0.775461981
vt 0.450749906 0.77448979
vt 0.44200018 0.784211708
vt 0.440055796 0.7851839
vt 0.443944563 0.777406365
vt 0.448805522 0.776434173
vt 0.450749906 0.787128284
vt 0.442972371 0.786156092
vt 0.44200018 0.788100475
vt 0.442972371 0.778378557
vt 0.448805522 0.786156092
vt 0.447833331 0.790044859
vt 0.447833331 0.787128284
vt 0.446861139 0.7851839
vt 0.442972371 0.784211708
vt 0.447833331 0.7851839
vt 0.443944563 0.7851839
vt 0.447833331 0.777406365
vt 0.446861139 0.776434173
vt 0.689909099 0.668520879
vt 0.684075948 0.672409646
vt 0.690881291 0.670465262
vt 0.684075948 0.670465262
vt 0.677270605 0.670465262
vt 0.694770059 0.665604303
vt 0.69574225 0.666576495
vt 0.678242797 0.668520879
vt 0.672409646 0.666576495
vt 0.698658826 0.660743344
vt 0.699631018 0.660743344
vt 0.673381838 0.665604303
vt 0.668520879 0.660743344
vt 0.699631018 0.653938001
vt 0.701575401 0.653938001
vt 0.669493071 0.660743344
vt 0.666576495 0.653938001
vt 0.698658826 0.64810485
vt 0.699631018 0.647132658
vt 0.668520879 0.653938001
vt 0.668520879 0.647132658
vt 0.694770059 0.643243891
vt 0.696714442 0.642271699
vt 0.670465262 0.64810485
vt 0.672409646 0.642271699
vt 0.689909099 0.639355124
vt 0.690881291 0.638382932
vt 0.673381838 0.643243891
vt 0.677270605 0.638382932
vt 0.684075948 0.638382932
vt 0.684075948 0.636438548
vt 0.678242797 0.640327315
vt 0.696714442 0.649077042
vt 0.693797867 0.644216083
vt 0.689909099 0.641299507
vt 0.684075948 0.640327315
vt 0.679214989 0.641299507
vt 0.67435403 0.644216083
vt 0.697686634 0.653938001
vt 0.671437454 0.649077042
vt 0.696714442 0.659771152
vt 0.670465262 0.653938001
vt 0.693797867 0.664632111
vt 0.671437454 0.659771152
vt 0.688936907 0.667548687
vt 0.67435403 0.664632111
vt 0.684075948 0.668520879
vt 0.679214989 0.667548687
vt 0.692825675 0.66365992
vt 0.688936907 0.666576495
vt 0.684075948 0.667548687
vt 0.679214989 0.666576495
vt 0.675326222 0.66365992
vt 0.672409646 0.659771152
vt 0.69574225 0.65879896
vt 0.671437454 0.653938001
vt 0.696714442 0.653938001
vt 0.672409646 0.649077042
vt 0.69574225 0.649077042
vt 0.675326222 0.645188275
vt 0.692825675 0.645188275
vt 0.679214989 0.642271699
vt 0.684075948 0.641299507
vt 0.688936907 0.642271699
vt 0.681159373 0.646160466
vt 0.684075948 0.645188275
vt 0.687964716 0.646160466
vt 0.690881291 0.64810485
vt 0.684075948 0.652965809
vt 0.683103756 0.652965809
vt 0.686020332 0.652965809
vt 0.692825675 0.651021426
vt 0.678242797 0.64810485
vt 0.682131565 0.653938001
vt 0.692825675 0.653938001
vt 0.686020332 0.654910193
vt 0.675326222 0.651021426
vt 0.692825675 0.657826769
vt 0.68504814 0.655882385
vt 0.675326222 0.653938001
vt 0.682131565 0.655882385
vt 0.690881291 0.660743344
vt 0.675326222 0.657826769
vt 0.687964716 0.662687728
vt 0.684075948 0.655882385
vt 0.677270605 0.660743344
vt 0.684075948 0.66365992
vt 0.680187181 0.662687728
vt 0.834765684 0.397279355
vt 0.835737876 0.397279355
vt 0.8328213 0.388529628
vt 0.831849108 0.38950182
vt 0.825043765 0.384640861
vt 0.831849108 0.404084698
vt 0.8328213 0.40505689
vt 0.825043765 0.386585245
vt 0.817266231 0.387557436
vt 0.825043765 0.407001273
vt 0.825043765 0.407973465
vt 0.818238423 0.388529628
vt 0.814349655 0.396307163
vt 0.817266231 0.403112506
vt 0.816294039 0.404084698
vt 0.815321847 0.396307163
vt 0.828932533 0.401168122
vt 0.829904725 0.396307163
vt 0.825043765 0.401168122
vt 0.828932533 0.392418396
vt 0.825043765 0.391446204
vt 0.825043765 0.396307163
vt 0.821154998 0.40019593
vt 0.820182806 0.396307163
vt 0.821154998 0.392418396
vt 0.577134846 0.451722098
vt 0.58977334 0.455610865
vt 0.580051421 0.445888947
vt 0.583940189 0.458527441
vt 0.58977334 0.470193743
vt 0.568385119 0.451722098
vt 0.565468544 0.445888947
vt 0.561579776 0.458527441
vt 0.554774433 0.455610865
vt 0.583940189 0.467277167
vt 0.580051421 0.480887853
vt 0.561579776 0.467277167
vt 0.554774433 0.470193743
vt 0.577134846 0.47408251
vt 0.565468544 0.480887853
vt 0.568385119 0.47408251
vt 0.406029081 0.652965809
vt 0.411862232 0.647132658
vt 0.408945657 0.646160466
vt 0.40505689 0.651021426
vt 0.398251547 0.653938001
vt 0.408945657 0.639355124
vt 0.411862232 0.638382932
vt 0.40505689 0.635466356
vt 0.406029081 0.632549781
vt 0.399223738 0.635466356
vt 0.398251547 0.632549781
vt 0.399223738 0.651021426
vt 0.392418396 0.647132658
vt 0.395334971 0.646160466
vt 0.392418396 0.638382932
vt 0.395334971 0.639355124
vt 0.577134846 0.451722098
vt 0.58977334 0.455610865
vt 0.580051421 0.445888947
vt 0.583940189 0.458527441
vt 0.58977334 0.470193743
vt 0.568385119 0.451722098
vt 0.565468544 0.445888947
vt 0.561579776 0.458527441
vt 0.554774433 0.455610865
vt 0.583940189 0.467277167
vt 0.580051421 0.480887853
vt 0.561579776 0.467277167
vt 0.554774433 0.470193743
vt 0.577134846 0.47408251
vt 0.565468544 0.480887853
vt 0.568385119 0.47408251
vt 0.406029081 0.652965809
vt 0.411862232 0.647132658
vt 0.408945657 0.646160466
vt 0.40505689 0.651021426
vt 0.398251547 0.653938001
vt 0.408945657 0.639355124
vt 0.411862232 0.638382932
vt 0.40505689 0.635466356
vt 0.406029081 0.632549781
vt 0.399223738 0.635466356
vt 0.398251547 0.632549781
vt 0.399223738 0.651021426
vt 0.392418396 0.647132658
vt 0.395334971 0.646160466
vt 0.392418396 0.638382932
vt 0.395334971 0.639355124
vt 0.577134846 0.451722098
vt 0.58977334 0.455610865
vt 0.580051421 0.445888947
vt 0.583940189 0.458527441
vt 0.58977334 0.470193743
vt 0.568385119 0.451722098
vt 0.565468544 0.445888947
vt 0.561579776 0.458527441
vt 0.554774433 0.455610865
vt 0.583940189 0.467277167
vt 0.580051421 0.480887853
vt 0.561579776 0.467277167
vt 0.554774433 0.470193743
vt 0.577134846 0.47408251
vt 0.565468544 0.480887853
vt 0.568385119 0.47408251
vt 0.406029081 0.652965809
vt 0.411862232 0.647132658
vt 0.408945657 0.646160466
vt 0.40505689 0.651021426
vt 0.398251547 0.653938001
vt 0.408945657 0.639355124
vt 0.411862232 0.638382932
vt 0.40505689 0.635466356
vt 0.406029081 0.632549781
vt 0.399223738 0.635466356
vt 0.398251547 0.632549781
vt 0.399223738 0.651021426
vt 0.392418396 0.647132658
vt 0.395334971 0.646160466
vt 0.392418396 0.638382932
vt 0.395334971 0.639355124
vt 0.568385119 0.47408251
vt 0.561579776 0.467277167
vt 0.554774433 0.470193743
vt 0.565468544 0.480887853
vt 0.554774433 0.455610865
vt 0.577134846 0.47408251
vt 0.580051421 0.480887853
vt 0.583940189 0.467277167
vt 0.58977334 0.470193743
vt 0.561579776 0.458527441
vt 0.565468544 0.445888947
vt 0.583940189 0.458527441
vt 0.58977334 0.455610865
vt 0.568385119 0.451722098
vt 0.580051421 0.445888947
vt 0.577134846 0.451722098
vt 0.554774433 0.470193743
vt 0.565468544 0.480887853
vt 0.568385119 0.47408251
vt 0.561579776 0.467277167
vt 0.554774433 0.455610865
vt 0.577134846 0.47408251
vt 0.580051421 0.480887853
vt 0.583940189 0.467277167
vt 0.58977334 0.470193743
vt 0.561579776 0.458527441
vt 0.565468544 0.445888947
vt 0.583940189 0.458527441
vt 0.58977334 0.455610865
vt 0.568385119 0.451722098
vt 0.580051421 0.445888947
vt 0.577134846 0.451722098
vt 0.554774433 0.470193743
vt 0.565468544 0.480887853
vt 0.568385119 0.47408251
vt 0.561579776 0.467277167
vt 0.554774433 0.455610865
vt 0.577134846 0.47408251
vt 0.580051421 0.480887853
vt 0.583940189 0.467277167
vt 0.58977334 0.470193743
vt 0.561579776 0.458527441
vt 0.565468544 0.445888947
vt 0.583940189 0.458527441
vt 0.58977334 0.455610865
vt 0.568385119 0.451722098
vt 0.580051421 0.445888947
vt 0.577134846 0.451722098
vt 0.554774433 0.470193743
vt 0.565468544 0.480887853
vt 0.568385119 0.47408251
vt 0.561579776 0.467277167
vt 0.554774433 0.455610865
vt 0.577134846 0.47408251
vt 0.580051421 0.480887853
vt 0.583940189 0.467277167
vt 0.58977334 0.470193743
vt 0.561579776 0.458527441
vt 0.565468544 0.445888947
vt 0.583940189 0.458527441
vt 0.58977334 0.455610865
vt 0.568385119 0.451722098
vt 0.580051421 0.445888947
vt 0.577134846 0.451722098
vn -0.560780035 0.560780035 -0.609139971
vn -0.560780035 0.560780035 -0.609139971
vn -0.560780035 0.560780035 -0.609139971
vn 0.54509388 0.560780035 -0.623216185
vn 0.54509388 0.560780035 -0.623216185
vn 0.54509388 0.560780035 -0.623216185
vn -0.592152345 0.599995422 0.537922944
vn -0.592152345 0.599995422 0.537922944
vn -0.592152345 0.599995422 0.537922944
vn 0.599995422 0.6078385 0.520132532
vn 0.599995422 0.6078385 0.520132532
vn 0.599995422 0.6078385 0.520132532
vn -0.560780035 -0.560780035 -0.609139971
vn -0.560780035 -0.560780035 -0.609139971
vn -0.560780035 -0.560780035 -0.609139971
vn 0.54509388 -0.560780035 -0.623216185
vn 0.54509388 -0.560780035 -0.623216185
vn 0.54509388 -0.560780035 -0.623216185
vn -0.592152345 -0.599995422 0.537922944
vn -0.592152345 -0.599995422 0.537922944
vn -0.592152345 -0.599995422 0.537922944
vn 0.599995422 -0.6078385 0.520132532
vn 0.599995422 -0.6078385 0.520132532
vn 0.599995422 -0.6078385 0.520132532
vn 0.701955429 0.709798506 0.0586911971
vn 0.999992311 0.00392153847 -0
vn 0.999992311 -0.00392153847 -0
vn 0.707106781 0.707106781 -0
vn -0.00392153847 0.999992311 -0
vn 0.707106781 0.707106781 -0
vn 0.999992311 -0.00392153847 -0
vn -0.00392153847 0.999992311 -0
vn -0.00392153847 0.999992311 -0
vn -0.701955429 0.709798506 0.0586911971
vn -0.707106781 0.707106781 -0
vn -0.707106781 0.707106781 -0
vn -0.999992311 0.00392153847 -0
vn -0.999992311 -0.00392153847 -0
vn -0.999992311 -0.00392153847 -0
vn -0.709798506 -0.701955429 0.0586911971
vn -0.707106781 -0.707106781 -0
vn -0.707106781 -0.707106781 -0
vn -0.00392153847 -0.999992311 -0
vn -0.00392153847 -0.999992311 -0
vn -0.00392153847 -0.999992311 -0
vn 0.709798506 -0.701955429 0.0586911971
vn 0.707106781 -0.707106781 -0
vn 0.707106781 -0.707106781 -0
vn 0.999992311 0.00392153847 -0
vn 0.999992311 -0.00392153847 -0
vn 0.999992311 -0.00392153847 -0
vn -0.00392153871 0.00392153871 0.999984621
vn -0.00392153871 0.00392153871 0.999984621
vn -0.00392153871 0.00392153871 0.999984621
vn -0.00392153871 0.00392153871 0.999984621
vn -0.00392153871 0.00392153871 0.999984621
vn -0.00392153871 0.00392153871 0.999984621
vn -0.00392153871 0.00392153871 0.999984621
vn -0.00392153871 0.00392153871 0.999984621
vn -0.00392153847 -0.999992311 -0
vn -0.00392153847 -0.999992311 -0
vn -0.00392153847 -0.999992311 -0
vn -0.00392153847 -0.999992311 -0
vn 0.00392153847 0.999992311 -0
vn 0.00392153847 0.999992311 -0
vn 0.00392153847 0.999992311 -0
vn 0.00392153847 0.999992311 -0
vn -0.00392153871 -0.372546177 -0.92800537
vn -0.00392153871 -0.686269274 -0.727336996
vn -0.00392153871 -0.686269274 -0.727336996
vn -0.00392153871 -0.372546177 -0.92800537
vn 0.00392153871 0.372546177 -0.92800537
vn 0.00392153871 0.372546177 -0.92800537
vn 0.00392153871 0.686269274 -0.727336996
vn 0.00392153871 0.686269274 -0.727336996
vn -0.00392153871 -0.709798506 0.704393854
vn -0.00392153871 -0.709798506 0.704393854
vn -0.00392153871 -0.380389255 0.924818164
vn -0.00392153871 -0.380389255 0.924818164
vn 0.00392153871 0.380389255 0.924818164
vn 0.00392153871 0.380389255 0.924818164
vn 0.00392153871 0.709798506 0.704393854
vn 0.00392153871 0.709798506 0.704393854
vn -0.999992311 0.00392153847 -0
vn -0.999992311 0.00392153847 -0
vn -0.999992311 0.00392153847 -0
vn -0.999992311 0.00392153847 -0
vn -0.999992311 0.00392153847 -0
vn -0.999992311 0.00392153847 -0
vn -0.999992311 0.00392153847 -0
vn -0.999992311 0.00392153847 -0
vn -0.00392153871 0.00392153871 -0.999984621
vn -0.00392153871 0.00392153871 -0.999984621
vn -0.00392153871 0.00392153871 -0.999984621
vn -0.00392153871 0.00392153871 -0.999984621
vn -0.00392153871 0.00392153871 0.999984621
vn -0.00392153871 0.00392153871 0.999984621
vn -0.00392153871 0.00392153871 0.999984621
vn -0.00392153871 0.00392153871 0.999984621
vn -0.207841552 -0.976463138 -0.0576335743
vn -0.207841552 -0.976463138 -0.0576335743
vn -0.207841552 -0.976463138 -0.0576335743
vn -0.207841552 -0.976463138 -0.0576335743
vn 0.976463138 -0.207841552 -0.0576335743
vn 0.976463138 -0.207841552 -0.0576335743
vn 0.976463138 -0.207841552 -0.0576335743
vn 0.976463138 -0.207841552 -0.0576335743
vn 0.207841552 0.976463138 -0.0576335743
vn 0.207841552 0.976463138 -0.0576335743
vn 0.207841552 0.976463138 -0.0576335743
vn 0.207841552 0.976463138 -0.0576335743
vn -0.976463138 0.207841552 -0.0576335743
vn -0.976463138 0.207841552 -0.0576335743
vn -0.976463138 0.207841552 -0.0576335743
vn -0.976463138 0.207841552 -0.0576335743
vn -0.00392153847 -0.999992311 -0
vn -0.00392153847 -0.999992311 -0
vn -0.00392153847 -0.999992311 -0
vn -0.00392153847 -0.999992311 -0
vn -0.00392153871 0.00392153871 -0.999984621
vn -0.00392153871 0.00392153871 -0.999984621
vn -0.00392153871 0.00392153871 -0.999984621
vn -0.00392153871 0.00392153871 -0.999984621
vn 0.999992311 0.00392153847 -0
vn 0.999992311 0.00392153847 -0
vn 0.999992311 0.00392153847 -0
vn 0.999992311 0.00392153847 -0
vn -0.00392153871 0.00392153871 0.999984621
vn -0.00392153871 0.00392153871 0.999984621
vn -0.00392153871 0.00392153871 0.999984621
vn -0.00392153871 0.00392153871 0.999984621
vn -0.999992311 0.00392153847 -0
vn -0.999992311 0.00392153847 -0
vn -0.999992311 0.00392153847 -0
vn -0.999992311 0.00392153847 -0
vn -0.00392153847 -0.999992311 -0
vn -0.00392153847 -0.999992311 -0
vn -0.00392153847 -0.999992311 -0
vn -0.00392153847 -0.999992311 -0
vn -0.00392153871 0.00392153871 -0.999984621
vn -0.00392153871 0.00392153871 -0.999984621
vn -0.00392153871 0.00392153871 -0.999984621
vn -0.00392153871 0.00392153871 -0.999984621
vn 0.999992311 0.00392153847 -0
vn 0.999992311 0.00392153847 -0
vn 0.999992311 0.00392153847 -0
vn 0.999992311 0.00392153847 -0
vn -0.00392153871 0.00392153871 0.999984621
vn -0.00392153871 0.00392153871 0.999984621
vn -0.00392153871 0.00392153871 0.999984621
vn -0.00392153871 0.00392153871 0.999984621
vn -0.999992311 0.00392153847 -0
vn -0.999992311 0.00392153847 -0
vn -0.999992311 0.00392153847 -0
vn -0.999992311 0.00392153847 -0
vn -0.694112351 0.709798506 0.119975515
vn 0.694112351 0.709798506 0.119975515
vn 0.631367732 0.623524655 0.461076775
vn -0.631367732 0.623524655 0.461076775
vn 0.286272326 0.278429248 0.916801674
vn -0.286272326 0.278429248 0.916801674
vn -0.286272326 -0.286272326 0.914383022
vn -0.631367732 -0.623524655 0.461076775
vn -0.631367732 0.623524655 0.461076775
vn -0.694112351 -0.709798506 0.119975515
vn -0.694112351 0.709798506 0.119975515
vn 0.278429248 -0.286272326 0.916801674
vn 0.631367732 0.623524655 0.461076775
vn 0.631367732 -0.615681577 0.471498656
vn 0.694112351 0.709798506 0.119975515
vn 0.694112351 -0.709798506 0.119975515
vn 0.631367732 -0.615681577 0.471498656
vn -0.631367732 -0.623524655 0.461076775
vn -0.694112351 -0.709798506 0.119975515
vn 0.694112351 -0.709798506 0.119975515
vn 0.694112351 -0.709798506 -0.119975515
vn -0.631367732 -0.623524655 -0.461076775
vn -0.694112351 -0.709798506 -0.119975515
vn 0.631367732 -0.623524655 -0.461076775
vn -0.286272326 -0.278429248 -0.916801674
vn 0.286272326 -0.278429248 -0.916801674
vn 0.286272326 0.286272326 -0.914383022
vn 0.631367732 0.623524655 -0.461076775
vn 0.631367732 -0.623524655 -0.461076775
vn 0.694112351 0.709798506 -0.119975515
vn 0.694112351 -0.709798506 -0.119975515
vn -0.278429248 0.286272326 -0.916801674
vn -0.631367732 -0.623524655 -0.461076775
vn -0.631367732 0.615681577 -0.471498656
vn -0.694112351 -0.709798506 -0.119975515
vn -0.694112351 0.709798506 -0.119975515
vn -0.631367732 0.615681577 -0.471498656
vn 0.631367732 0.623524655 -0.461076775
vn 0.694112351 0.709798506 -0.119975515
vn -0.694112351 0.709798506 -0.119975515
vn 0.999992311 0.00392153847 -0
vn 0.999992311 0.00392153847 -0
vn 0.999992311 0.00392153847 -0
vn 0.999992311 0.00392153847 -0
vn -0.00392153871 0.00392153871 -0.999984621
vn -0.00392153871 0.00392153871 -0.999984621
vn -0.00392153871 0.00392153871 -0.999984621
vn -0.00392153871 0.00392153871 -0.999984621
vn -0.00392153847 0.999992311 -0
vn -0.00392153847 0.999992311 -0
vn -0.00392153847 0.999992311 -0
vn -0.00392153847 0.999992311 -0
vn -0.00392153871 0.00392153871 0.999984621
vn -0.00392153871 0.00392153871 0.999984621
vn -0.00392153871 0.00392153871 0.999984621
vn -0.00392153871 0.00392153871 0.999984621
vn -0.00392153847 -0.999992311 -0
vn -0.00392153847 -0.999992311 -0
vn -0.00392153847 -0.999992311 -0
vn -0.00392153847 -0.999992311 -0
vn 0.999992311 0.00392153847 -0
vn 0.999992311 0.00392153847 -0
vn 0.999992311 0.00392153847 -0
vn 0.999992311 0.00392153847 -0
vn -0.00392153871 0.00392153871 -0.999984621
vn -0.00392153871 0.00392153871 -0.999984621
vn -0.00392153871 0.00392153871 -0.999984621
vn -0.00392153871 0.00392153871 -0.999984621
vn -0.00392153847 0.999992311 -0
vn -0.00392153847 0.999992311 -0
vn -0.00392153847 0.999992311 -0
vn -0.00392153847 0.999992311 -0
vn -0.00392153871 0.00392153871 0.999984621
vn -0.00392153871 0.00392153871 0.999984621
vn -0.00392153871 0.00392153871 0.999984621
vn -0.00392153871 0.00392153871 0.999984621
vn -0.00392153847 -0.999992311 -0
vn -0.00392153847 -0.999992311 -0
vn -0.00392153847 -0.999992311 -0
vn -0.00392153847 -0.999992311 -0
vn -0.00392153871 0.00392153871 0.999984621
vn -0.00392153871 0.00392153871 0.999984621
vn -0.00392153871 0.00392153871 0.999984621
vn -0.00392153871 0.00392153871 0.999984621
vn -0.00392153847 -0.999992311 -0
vn -0.00392153847 -0.999992311 -0
vn -0.00392153847 -0.999992311 -0
vn -0.00392153847 -0.999992311 -0
vn 0.999992311 0.00392153847 -0
vn 0.999992311 0.00392153847 -0
vn 0.999992311 0.00392153847 -0
vn 0.999992311 0.00392153847 -0
vn -0.00392153847 0.999992311 -0
vn -0.00392153847 0.999992311 -0
vn -0.00392153847 0.999992311 -0
vn -0.00392153847 0.999992311 -0
vn -0.999992311 0.00392153847 -0
vn -0.999992311 0.00392153847 -0
vn -0.999992311 0.00392153847 -0
vn -0.999992311 0.00392153847 -0
vn -0.00392153847 -0.999992311 -0
vn -0.00392153847 -0.999992311 -0
vn -0.00392153847 -0.999992311 -0
vn -0.00392153847 -0.999992311 -0
vn -0.160783087 0.00392153871 -0.986981976
vn -0.160783087 0.00392153871 -0.986981976
vn -0.160783087 0.00392153871 -0.986981976
vn -0.160783087 0.00392153871 -0.986981976
vn 0.984306216 0.00392153871 -0.176425325
vn 0.984306216 0.00392153871 -0.176425325
vn 0.984306216 0.00392153871 -0.176425325
vn 0.984306216 0.00392153871 -0.176425325
vn 0.160783087 0.00392153871 0.986981976
vn 0.160783087 0.00392153871 0.986981976
vn 0.160783087 0.00392153871 0.986981976
vn 0.160783087 0.00392153871 0.986981976
vn -0.984306216 0.00392153871 0.176425325
vn -0.984306216 0.00392153871 0.176425325
vn -0.984306216 0.00392153871 0.176425325
vn -0.984306216 0.00392153871 0.176425325
vn 0.976463138 -0.00392153871 0.215648698
vn 0.945090829 0.15294001 0.288812533
vn 0.976463138 -0.00392153871 0.215648698
vn 0.976463138 -0.00392153871 0.215648698
vn 0.937247751 0.192155397 0.290934625
vn 0.647053887 0.599995422 0.470453782
vn 0.223527706 -0.145096932 -0.96383725
vn 0.223527706 -0.145096932 -0.96383725
vn 0.223527706 -0.145096932 -0.96383725
vn 0.223527706 -0.145096932 -0.96383725
vn 0.0431369258 0.984306216 -0.171115397
vn 0.0431369258 0.984306216 -0.171115397
vn 0.0431369258 0.984306216 -0.171115397
vn 0.0431369258 0.984306216 -0.171115397
vn 0.0431369258 0.992149293 -0.117383924
vn -0.207841552 0.168626164 0.963518088
vn -0.192155397 0.207841552 0.959102806
vn -0.207841552 0.168626164 0.963518088
vn -0.207841552 0.15294001 0.966132104
vn -0.207841552 0.15294001 0.966132104
vn -0.0117646161 -0.984306216 0.176076311
vn -0.0117646161 -0.984306216 0.176076311
vn -0.0117646161 -0.984306216 0.176076311
vn -0.0117646161 -0.984306216 0.176076311
vn -0.0431369258 0.00392153871 -0.999061473
vn -0.027450771 0.00392153871 -0.999615464
vn -0.0431369258 -0.00392153871 -0.999061473
vn -0.0431369258 -0.00392153871 -0.999061473
vn -0.0431369258 -0.00392153871 -0.999061473
vn -0.0431369258 0.00392153871 -0.999061473
vn 0.999992311 0.00392153847 -0
vn 0.928206343 -0.372065834 -0
vn 0.999992311 0.00392153847 -0
vn 0.929404674 -0.3647031 -0.056556177
vn 0.435290797 -0.898032364 -0.0637165226
vn 0.411761564 -0.905875442 -0.0992073505
vn -0.355832718 -0.934549665 -0
vn -0.380389255 -0.921561596 -0.0776417341
vn -0.934549665 -0.355832718 -0
vn -0.937132409 -0.348973993 -0
vn -0.999623435 0.0274406433 -0
vn -0.999623435 0.0274406433 -0
vn 0.066666158 0.00392153871 0.997767631
vn 0.066666158 0.00392153871 0.997767631
vn 0.066666158 0.00392153871 0.997767631
vn 0.0588230806 -0.00392153871 0.998260721
vn 0.066666158 -0.00392153871 0.997767631
vn 0.0509800032 -0.00392153871 0.998691975
vn -0.00392153871 0.00392153871 0.999984621
vn -0.00392153871 0.00392153871 0.999984621
vn -0.00392153871 0.00392153871 0.999984621
vn -0.00392153871 0.00392153871 0.999984621
vn -0.00392153847 -0.999992311 -0
vn -0.00392153847 -0.999992311 -0
vn -0.00392153847 -0.999992311 -0
vn -0.00392153847 -0.999992311 -0
vn 0.999992311 0.00392153847 -0
vn 0.999992311 0.00392153847 -0
vn 0.999992311 0.00392153847 -0
vn 0.999992311 0.00392153847 -0
vn 0.0352721557 -0.999377744 -0
vn 0.0352721557 -0.999377744 -0
vn 0.0352721557 -0.999377744 -0
vn 0.0352721557 -0.999377744 -0
vn -0.00392153871 0.00392153871 0.999984621
vn -0.00392153871 0.00392153871 0.999984621
vn -0.00392153871 0.00392153871 0.999984621
vn -0.00392153871 0.00392153871 0.999984621
vn 0.00392153847 0.999992311 -0
vn 0.00392153847 0.999992311 -0
vn 0.00392153847 0.999992311 -0
vn 0.00392153847 0.999992311 -0
vn -0.00392153871 0.00392153871 0.999984621
vn -0.00392153871 0.00392153871 0.999984621
vn -0.00392153871 0.00392153871 0.999984621
vn -0.00392153871 0.00392153871 0.999984621
vn -0.999992311 0.00392153847 -0
vn -0.999992311 0.00392153847 -0
vn -0.999992311 0.00392153847 -0
vn -0.999992311 0.00392153847 -0
vn -0.00392153871 0.00392153871 -0.999984621
vn 0.0117646161 -0.701955429 -0.712123704
vn -0.00392153871 0.00392153871 -0.999984621
vn 0.0117646161 -0.709798506 -0.70430652
vn 0.0117646161 -0.701955429 0.712123704
vn 0.0117646161 -0.709798506 0.70430652
vn -0.00392153871 0.00392153871 0.999984621
vn -0.00392153871 0.00392153871 0.999984621
vn -0.00392153871 0.00392153871 -0.999984621
vn -0.00392153871 0.00392153871 -0.999984621
vn -0.00392153871 0.00392153871 -0.999984621
vn -0.00392153871 0.00392153871 -0.999984621
vn -0.00392153871 0.00392153871 -0.999984621
vn -0.00392153871 0.00392153871 -0.999984621
vn 0.999992311 0.00392153847 -0
vn 0.928206343 -0.372065834 -0
vn 0.999992311 0.00392153847 -0
vn 0.928206343 -0.372065834 -0
vn 0.410852712 -0.911701732 -0
vn 0.410852712 -0.911701732 -0
vn -0.348973993 -0.937132409 -0
vn -0.348973993 -0.937132409 -0
vn -0.918740111 -0.394862771 -0
vn -0.918740111 -0.394862771 -0
vn -0.999992311 0.00392153847 -0
vn -0.999992311 0.00392153847 -0
vn -0.00392153871 0.00392153871 0.999984621
vn -0.00392153871 0.00392153871 0.999984621
vn -0.00392153871 0.00392153871 0.999984621
vn -0.00392153871 0.00392153871 0.999984621
vn -0.00392153871 0.00392153871 0.999984621
vn -0.00392153871 0.00392153871 0.999984621
vn -0.207841552 0.00392153871 -0.978154646
vn -0.207841552 0.00392153871 -0.978154646
vn -0.207841552 0.00392153871 -0.978154646
vn -0.207841552 0.00392153871 -0.978154646
vn 0.223527706 0.00392153871 0.974689687
vn 0.223527706 0.00392153871 0.974689687
vn 0.223527706 0.00392153871 0.974689687
vn 0.223527706 0.00392153871 0.974689687
vn -0.00392153847 0.999992311 -0
vn -0.00392153847 0.999992311 -0
vn -0.00392153847 0.999992311 -0
vn -0.00392153847 0.999992311 -0
vn 0.976463138 0.00392153871 -0.215648698
vn 0.976463138 0.00392153871 -0.215648698
vn 0.976463138 0.00392153871 -0.215648698
vn 0.976463138 0.00392153871 -0.215648698
vn -0.00392153847 -0.999992311 -0
vn -0.00392153847 -0.999992311 -0
vn -0.00392153847 -0.999992311 -0
vn -0.00392153847 -0.999992311 -0
vn -0.976463138 0.00392153871 0.215648698
vn -0.976463138 0.00392153871 0.215648698
vn -0.976463138 0.00392153871 0.215648698
vn -0.976463138 0.00392153871 0.215648698
vn 0.0117646161 0.0117646161 -0.999861584
vn 0.0117646161 0.0117646161 -0.999861584
vn 0.0117646161 0.0117646161 -0.999861584
vn 0.0117646161 0.0117646161 -0.999861584
vn -0.0588230806 -0.00392153871 0.998260721
vn -0.0588230806 -0.00392153871 0.998260721
vn -0.0588230806 -0.00392153871 0.998260721
vn -0.0588230806 -0.00392153871 0.998260721
vn -0.00392153847 0.999992311 -0
vn -0.00392153847 0.999992311 -0
vn -0.00392153847 0.999992311 -0
vn -0.00392153847 0.999992311 -0
vn -0.999992311 0.00392153847 -0
vn -0.999992311 0.00392153847 -0
vn -0.999992311 0.00392153847 -0
vn -0.999992311 0.00392153847 -0
vn 0.00392153847 -0.999992311 -0
vn 0.00392153847 -0.999992311 -0
vn 0.00392153847 -0.999992311 -0
vn 0.00392153847 -0.999992311 -0
vn 0.999992311 0.00392153847 -0
vn 0.999992311 0.00392153847 -0
vn 0.999992311 0.00392153847 -0
vn 0.999992311 0.00392153847 -0
vn -0.00392153871 0.00392153871 -0.999984621
vn -0.00392153871 0.00392153871 -0.999984621
vn -0.00392153871 0.00392153871 -0.999984621
vn -0.00392153871 0.00392153871 -0.999984621
vn -0.00392153871 0.00392153871 0.999984621
vn -0.00392153871 0.00392153871 0.999984621
vn -0.00392153871 0.00392153871 0.999984621
vn -0.00392153871 0.00392153871 0.999984621
vn -0.00392153847 -0.999992311 -0
vn -0.00392153847 -0.999992311 -0
vn -0.00392153847 -0.999992311 -0
vn -0.00392153847 -0.999992311 -0
vn 0.999992311 0.00392153847 -0
vn 0.999992311 0.00392153847 -0
vn 0.999992311 0.00392153847 -0
vn 0.999992311 0.00392153847 -0
vn -0.00392153847 0.999992311 -0
vn -0.00392153847 0.999992311 -0
vn -0.00392153847 0.999992311 -0
vn -0.00392153847 0.999992311 -0
vn -0.999992311 0.00392153847 -0
vn -0.999992311 0.00392153847 -0
vn -0.999992311 0.00392153847 -0
vn -0.999992311 0.00392153847 -0
vn 0.701955429 0.00392153871 -0.71221008
vn 0.701955429 0.00392153871 -0.71221008
vn 0.701955429 0.00392153871 -0.71221008
vn 0.701955429 0.00392153871 -0.71221008
vn -0.741170816 0.0196076935 0.671030074
vn -0.741170816 0.0196076935 0.671030074
vn -0.741170816 0.0196076935 0.671030074
vn -0.741170816 0.0196076935 0.671030074
vn -0.0117638918 -0.999930803 -0
vn -0.0117638918 -0.999930803 -0
vn -0.0117638918 -0.999930803 -0
vn -0.0117638918 -0.999930803 -0
vn 0.686269274 0.0117646161 0.727252417
vn 0.686269274 0.0117646161 0.727252417
vn 0.686269274 0.0117646161 0.727252417
vn 0.686269274 0.0117646161 0.727252417
vn 0.00392153847 0.999992311 -0
vn 0.00392153847 0.999992311 -0
vn 0.00392153847 0.999992311 -0
vn 0.00392153847 0.999992311 -0
vn -0.686269274 0.00392153871 -0.727336996
vn -0.686269274 0.00392153871 -0.727336996
vn -0.686269274 0.00392153871 -0.727336996
vn -0.686269274 0.00392153871 -0.727336996
vn -0.999992311 0.00392153847 -0
vn -0.999992311 0.00392153847 -0
vn -0.999992311 0.00392153847 -0
vn -0.999992311 0.00392153847 -0
vn -0.999992311 -0.00392153847 -0
vn -0.999992311 -0.00392153847 -0
vn -0.999992311 -0.00392153847 -0
vn -0.999992311 0.00392153847 -0
vn -0.999992311 0.00392153847 -0
vn -0.999992311 0.00392153847 -0
vn -0.999992311 0.00392153847 -0
vn -0.999992311 -0.00392153847 -0
vn -0.999992311 -0.00392153847 -0
vn 0.999992311 -0.00392153847 -0
vn 0.999992311 -0.00392153847 -0
vn 0.999992311 -0.00392153847 -0
vn 0.999992311 -0.00392153847 -0
vn 0.999992311 -0.00392153847 -0
vn 0.999992311 -0.00392153847 -0
vn 0.999992311 0.00392153847 -0
vn 0.999992311 -0.00392153847 -0
vn 0.999992311 0.00392153847 -0
vn 0.999992311 -0.00392153847 -0
vn 0.999992311 -0.00392153847 -0
vn 0.999930803 0.0117638918 -0
vn 0.999930803 0.0117638918 -0
vn 0.801405145 0.598121889 -0
vn 0.974785564 -0.223143683 -0
vn 0.945090829 -0.176469242 0.275067141
vn 0.984306216 -0.00392153871 0.176425325
vn 0.999807822 0.0196040749 -0
vn 0.764700048 0.639210809 0.0815069169
vn 0.0820750945 0.996626148 -0
vn 0.14470579 0.989474726 -0
vn 0.984306216 0.168626164 -0.0520239392
vn 0.989474726 0.14470579 -0
vn -0.54292733 0.839779682 -0
vn 0.14470579 0.989474726 -0
vn 0.0820750945 0.996626148 -0
vn -0.473632911 0.880722355 -0
vn -0.984306157 -0.176469231 -0
vn -0.945090829 -0.317644635 0.0768453717
vn -0.984306157 -0.176469231 -0
vn -0.965123596 0.26179466 -0
vn -0.97646308 0.215684616 -0
vn -0.921561596 -0.349016945 0.170033514
vn -0.81960159 -0.498035416 0.283220688
vn -0.839779682 -0.54292733 -0
vn -0.54292733 0.839779682 -0
vn -0.473632911 0.880722355 -0
vn 0.00392153871 -0.0431369258 -0.999061473
vn 0.0352938484 -0.176469242 -0.983673193
vn 0.0352938484 -0.176469242 -0.983673193
vn 0.00392153871 -0.0431369258 -0.999061473
vn 0.247056939 0.0352938484 -0.968357999
vn 0.403918487 0.0509800032 -0.91337336
vn 0.654896964 0.0901953903 -0.750316438
vn 0.654896964 0.0901953903 -0.750316438
vn -0.254900016 -0.0509800032 -0.965622608
vn -0.39607541 -0.0745092355 -0.91518995
vn -0.662740042 -0.129410777 -0.737582868
vn -0.662740042 -0.129410777 -0.737582868
vn 0.999930803 0.0117638918 -0
vn 0.999930803 0.0117638918 -0
vn 0.999930803 0.0117638918 -0
vn 0.999930803 0.0117638918 -0
vn -0.00392153871 0.00392153871 -0.999984621
vn -0.00392153871 0.00392153871 -0.999984621
vn -0.00392153871 0.00392153871 -0.999984621
vn -0.00392153871 0.00392153871 -0.999984621
vn -0.00392153847 0.999992311 -0
vn -0.00392153847 0.999992311 -0
vn -0.00392153847 0.999992311 -0
vn -0.00392153847 0.999992311 -0
vn 0.00392153871 -0.0352938484 0.999369284
vn 0.00392153871 -0.0352938484 0.999369284
vn 0.00392153871 -0.0352938484 0.999369284
vn 0.00392153871 -0.0352938484 0.999369284
vn 0.00392153847 -0.999992311 -0
vn 0.00392153847 -0.999992311 -0
vn 0.00392153847 -0.999992311 -0
vn 0.00392153847 -0.999992311 -0
vn 0.00392153847 0.999992311 -0
vn 0.00392153847 0.999992311 -0
vn 0.00392153871 0.498035416 0.867147822
vn 0.00392153871 0.498035416 0.867147822
vn -0.00392153871 -0.498035416 0.867147822
vn -0.00392153871 -0.498035416 0.867147822
vn -0.00392153847 -0.999992311 -0
vn -0.00392153847 -0.999992311 -0
vn -0.00392153871 -0.498035416 -0.867147822
vn -0.00392153871 -0.498035416 -0.867147822
vn 0.00392153871 0.498035416 -0.867147822
vn 0.00392153871 0.498035416 -0.867147822
vn 0.00392153847 0.999992311 -0
vn 0.00392153847 0.999992311 -0
vn -0.999992311 0.00392153847 -0
vn -0.999992311 0.00392153847 -0
vn -0.999992311 0.00392153847 -0
vn -0.999992311 0.00392153847 -0
vn -0.999992311 0.00392153847 -0
vn -0.999992311 0.00392153847 -0
vn 0.999992311 -0.00392153847 -0
vn 0.999992311 -0.00392153847 -0
vn 0.999992311 -0.00392153847 -0
vn 0.999992311 -0.00392153847 -0
vn 0.999992311 -0.00392153847 -0
vn 0.999992311 -0.00392153847 -0
vn 0.00392153847 -0.999992311 -0
vn 0.00392153847 -0.999992311 -0
vn -0.00392153847 -0.999992311 -0
vn -0.00392153847 -0.999992311 -0
vn -0.00392153847 -0.999992311 -0
vn -0.00392153847 -0.999992311 -0
vn 0.0117646161 0.168626164 0.985609867
vn 0.0117646161 0.168626164 0.985609867
vn 0.0117646161 0.168626164 0.985609867
vn 0.0117646161 0.168626164 0.985609867
vn -0.0117638918 0.999930803 -0
vn -0.0117638918 0.999930803 -0
vn -0.0117638918 0.999930803 -0
vn -0.0117638918 0.999930803 -0
vn -0.0117638918 0.999930803 -0
vn -0.0117638918 0.999930803 -0
vn 0.999070885 0.0430971754 -0
vn 0.999070885 0.0430971754 -0
vn 0.999070885 0.0430971754 -0
vn 0.999070885 0.0430971754 -0
vn 0.999070885 0.0430971754 -0
vn 0.999070885 0.0430971754 -0
vn 0.199998474 -0.976463138 0.0807486828
vn 0.199998474 -0.976463138 0.0807486828
vn 0.199998474 -0.976463138 0.0807486828
vn 0.199998474 -0.976463138 0.0807486828
vn 0.199998474 -0.976463138 -0.0807486828
vn 0.199998474 -0.976463138 -0.0807486828
vn -0.999070885 -0.0430971754 -0
vn -0.999070885 -0.0430971754 -0
vn -0.999070885 -0.0430971754 -0
vn -0.999070885 -0.0430971754 -0
vn -0.999070885 -0.0430971754 -0
vn -0.999070885 -0.0430971754 -0
vn -0.0117646161 -0.0117646161 -0.999861584
vn -0.0117646161 -0.0117646161 -0.999861584
vn -0.0117646161 -0.0117646161 -0.999861584
vn -0.0117646161 -0.0117646161 -0.999861584
vn -0.0117646161 0.160783087 0.986919649
vn -0.0117646161 0.160783087 0.986919649
vn -0.0117646161 0.160783087 0.986919649
vn -0.0117646161 0.160783087 0.986919649
vn -0.999992311 -0.00392153847 -0
vn -0.999992311 -0.00392153847 -0
vn -0.999992311 -0.00392153847 -0
vn -0.999992311 -0.00392153847 -0
vn -0.999992311 -0.00392153847 -0
vn -0.999992311 -0.00392153847 -0
vn -0.00392153871 0.960776984 -0.277294445
vn 0.00392153871 0.960776984 -0.277294445
vn -0.00392153871 0.960776984 -0.277294445
vn 0.00392153871 0.960776984 -0.277294445
vn 0.00392153871 0.960776984 -0.277294445
vn 0.00392153871 0.960776984 -0.277294445
vn 0.913718519 0.388232332 -0.119975515
vn 0.913718519 0.388232332 -0.119975515
vn 0.913718519 0.39607541 -0.0907895256
vn 0.913718519 0.39607541 -0.0907895256
vn 0.911701732 0.410852712 -0
vn 0.911701732 0.410852712 -0
vn 0.00392153871 -0.960776984 0.277294445
vn 0.00392153871 -0.960776984 0.277294445
vn 0.00392153871 -0.960776984 0.277294445
vn 0.00392153871 -0.960776984 0.277294445
vn -0.00392153871 -0.960776984 0.277294445
vn -0.00392153871 -0.960776984 0.277294445
vn 0.00392153871 -0.160783087 -0.986981976
vn 0.00392153871 -0.160783087 -0.986981976
vn 0.00392153871 -0.160783087 -0.986981976
vn 0.00392153871 -0.160783087 -0.986981976
vn 0.960776984 -0.0117646161 -0.277072521
vn 0.960776984 0.00392153871 -0.277294445
vn 0.960776984 0.00392153871 -0.277294445
vn 0.960776984 -0.0117646161 -0.277072521
vn 0.960776984 -0.027450771 -0.27596022
vn 0.960776984 -0.027450771 -0.27596022
vn 0.00392153847 -0.999992311 -0
vn 0.00392153847 -0.999992311 -0
vn 0.00392153847 -0.999992311 -0
vn 0.00392153847 -0.999992311 -0
vn -0.0117638918 0.999930803 -0
vn -0.0117638918 0.999930803 -0
vn -0.0117638918 0.999930803 -0
vn -0.0117638918 0.999930803 -0
vn -0.999992311 0.00392153847 -0
vn -0.999992311 0.00392153847 -0
vn -0.999992311 0.00392153847 -0
vn -0.999992311 0.00392153847 -0
vn -0.999992311 0.00392153847 -0
vn -0.999992311 0.00392153847 -0
vn -0.00392153871 -0.184312319 -0.982859904
vn -0.00392153871 -0.294115403 -0.955761869
vn -0.00392153871 -0.294115403 -0.955761869
vn -0.00392153871 -0.184312319 -0.982859904
vn -0.00392153871 -0.066666158 -0.997767631
vn -0.00392153871 -0.066666158 -0.997767631
vn 0.00392153871 0.286272326 0.95814027
vn 0.00392153871 0.286272326 0.95814027
vn 0.00392153871 0.176469242 0.984298343
vn 0.00392153871 0.184312319 0.982859904
vn 0.00392153871 0.066666158 0.997767631
vn 0.00392153871 0.066666158 0.997767631
vn 0.928206343 0.372065834 -0
vn 0.921561541 -0.388232309 -0
vn 0.921561541 -0.388232309 -0
vn 0.928206343 0.372065834 -0
vn 0.388232309 0.921561541 -0
vn 0.388232309 0.921561541 -0
vn -0.372065834 0.928206343 -0
vn -0.372065834 0.928206343 -0
vn -0.921561541 0.388232309 -0
vn -0.921561541 0.388232309 -0
vn -0.928206343 -0.372065834 -0
vn -0.928206343 -0.372065834 -0
vn -0.388232309 -0.921561541 -0
vn -0.388232309 -0.921561541 -0
vn 0.372065834 -0.928206343 -0
vn 0.372065834 -0.928206343 -0
vn 0.921561541 -0.388232309 -0
vn 0.921561541 -0.388232309 -0
vn -0.00392153871 0.00392153871 -0.999984621
vn -0.00392153871 0.00392153871 -0.999984621
vn -0.00392153871 0.00392153871 -0.999984621
vn -0.00392153871 0.00392153871 -0.999984621
vn -0.00392153871 0.00392153871 -0.999984621
vn -0.00392153871 0.00392153871 -0.999984621
vn -0.00392153871 0.00392153871 -0.999984621
vn -0.00392153871 0.00392153871 -0.999984621
vn -0.00392153871 0.00392153871 -0.999984621
vn -0.00392153871 0.00392153871 -0.999984621
vn -0.00392153871 0.00392153871 -0.999984621
vn -0.00392153871 0.00392153871 -0.999984621
vn -0.00392153871 0.00392153871 -0.999984621
vn -0.00392153871 0.00392153871 -0.999984621
vn -0.00392153871 0.00392153871 -0.999984621
vn -0.00392153871 0.00392153871 -0.999984621
vn -0.00392153871 0.00392153871 -0.999984621
vn -0.00392153871 0.00392153871 -0.999984621
vn 0.928206343 0.372065834 -0
vn 0.921561541 -0.388232309 -0
vn 0.921561541 -0.388232309 -0
vn 0.928206343 0.372065834 -0
vn 0.388232309 0.921561541 -0
vn 0.388232309 0.921561541 -0
vn -0.372065834 0.928206343 -0
vn -0.372065834 0.928206343 -0
vn -0.921561541 0.388232309 -0
vn -0.921561541 0.388232309 -0
vn -0.928206343 -0.372065834 -0
vn -0.928206343 -0.372065834 -0
vn -0.388232309 -0.921561541 -0
vn -0.388232309 -0.921561541 -0
vn 0.372065834 -0.928206343 -0
vn 0.372065834 -0.928206343 -0
vn 0.921561541 -0.388232309 -0
vn 0.921561541 -0.388232309 -0
vn -0.00392153871 0.00392153871 0.999984621
vn -0.00392153871 0.00392153871 0.999984621
vn -0.00392153871 0.00392153871 0.999984621
vn -0.00392153871 0.00392153871 0.999984621
vn -0.00392153871 0.00392153871 0.999984621
vn -0.00392153871 0.00392153871 0.999984621
vn -0.00392153871 0.00392153871 0.999984621
vn -0.00392153871 0.00392153871 0.999984621
vn 0.898032364 0.3647031 0.246027482
vn 0.921561541 -0.388232309 -0
vn 0.890189287 -0.380389255 0.250733023
vn 0.928206343 0.372065834 -0
vn 0.380389255 0.890189287 0.250733023
vn 0.388232309 0.921561541 -0
vn -0.3647031 0.898032364 0.246027482
vn -0.372065834 0.928206343 -0
vn -0.890189287 0.380389255 0.250733023
vn -0.921561541 0.388232309 -0
vn -0.898032364 -0.3647031 0.246027482
vn -0.928206343 -0.372065834 -0
vn -0.380389255 -0.890189287 0.250733023
vn -0.388232309 -0.921561541 -0
vn 0.3647031 -0.898032364 0.246027482
vn 0.372065834 -0.928206343 -0
vn 0.890189287 -0.380389255 0.250733023
vn 0.921561541 -0.388232309 -0
vn 0.145096932 0.984306216 -0.100439802
vn 0.145096932 0.984306216 -0.100439802
vn 0.145096932 0.984306216 -0.100439802
vn 0.145096932 0.984306216 -0.100439802
vn -0.984306216 0.160783087 0.0727328847
vn -0.984306216 0.160783087 0.0727328847
vn -0.984306216 0.160783087 0.0727328847
vn -0.984306216 0.160783087 0.0727328847
vn -0.0117646161 -0.0745092355 -0.997150925
vn -0.0117646161 -0.0745092355 -0.997150925
vn -0.0117646161 -0.0745092355 -0.997150925
vn -0.0117646161 -0.0745092355 -0.997150925
vn 0.929404674 -0.176469242 -0.324138179
vn 0.929404674 -0.176469242 -0.324138179
vn 0.929404674 -0.176469242 -0.324138179
vn 0.929404674 -0.176469242 -0.324138179
vn 0.0117646161 0.0745092355 0.997150925
vn 0.0117646161 0.0745092355 0.997150925
vn 0.0117646161 0.0745092355 0.997150925
vn 0.0117646161 0.0745092355 0.997150925
vn -0.160783087 -0.984306216 0.0727328847
vn -0.160783087 -0.984306216 0.0727328847
vn -0.160783087 -0.984306216 0.0727328847
vn -0.160783087 -0.984306216 0.0727328847
vn -0.678426197 -0.270586171 0.68302344
vn -0.756856971 0.458820029 0.465458599
vn -0.3647031 0.670583119 0.645995301
vn -0.341173868 -0.309801558 0.887481485
vn -0.631367732 -0.639210809 0.439072122
vn 0.341173868 0.670583119 0.658725036
vn -0.33333079 -0.733327738 0.592554649
vn -0.592152345 -0.772543126 0.229200174
vn 0.325487713 -0.325487713 0.887758693
vn 0.733327738 0.474506184 0.486902772
vn 0.647053887 -0.301958481 0.700101667
vn 0.317644635 -0.749013893 0.581446535
vn 0.599995422 -0.678426197 0.423961542
vn -0.301958481 -0.913718519 0.271918267
vn -0.592152345 -0.803915435 -0.0554578528
vn 0.301958481 -0.913718519 0.271918267
vn 0.584309268 -0.780386203 0.22266579
vn -0.301958481 -0.952933906 -0.0271670136
vn -0.615681577 -0.741170816 -0.267585533
vn 0.28555303 -0.95836291 -0
vn 0.560780035 -0.827444667 -0.0293440684
vn -0.317644635 -0.858816977 -0.401914525
vn -0.686269274 -0.443133874 -0.576772792
vn 0.286272326 -0.866660055 -0.408593325
vn 0.568623113 -0.772543126 -0.282568354
vn -0.349016945 -0.450976951 -0.821466348
vn -0.701955429 -0.372546177 -0.607015586
vn 0.325487713 -0.458820029 -0.826765946
vn 0.639210809 -0.450976951 -0.622920003
vn -0.419604642 -0.498035416 -0.758875925
vn -0.654896964 -0.709798506 -0.259414816
vn 0.419604642 -0.490192339 -0.763965586
vn 0.709798506 -0.419604642 -0.565789736
vn -0.356860022 -0.905875442 -0.228124108
vn -0.756856971 -0.521564648 0.393875416
vn -0.466663106 -0.749013893 0.470323009
vn -0.803915435 -0.490192339 0.33679585
vn 0.3647031 -0.905875442 -0.215363259
vn 0.670583119 -0.694112351 -0.261775331
vn 0.474506184 -0.749013893 0.462408985
vn 0.764700048 -0.513721571 0.389003836
vn 0.388232332 -0.733327738 0.558127301
vn 0.803915435 -0.505878493 0.312740984
vn 0.388232309 -0.921561541 -0
vn 0.709798506 -0.701955429 -0.0586911971
vn -0.394862771 -0.918740111 -0
vn -0.388232332 -0.741170816 0.547669132
vn -0.725484661 -0.686269274 -0.0520239392
vn -0.192155397 -0.450976951 0.871605469
vn 0.168626164 -0.458820029 0.872381452
vn -0.223527706 -0.129410777 0.966068432
vn 0.199998474 -0.129410777 0.971212367
vn -0.372546177 -0.639210809 0.672769564
vn 0.372546177 -0.639210809 0.672769564
vn 0.3647031 0.223527706 0.903895466
vn -0.3647031 0.223527706 0.903895466
vn 0.599995422 0.796072358 0.0792104433
vn 0.733327738 0.474506184 0.486902772
vn 0.341173868 0.670583119 0.658725036
vn 0.317644635 0.945090829 0.0768453717
vn -0.3647031 0.670583119 0.645995301
vn -0.325487713 0.945090829 0.0293440684
vn -0.756856971 0.458820029 0.465458599
vn -0.623524655 0.780386203 0.0470571923
vn -0.254900016 0.00392153871 0.966959463
vn -0.599995422 -0.066666158 0.797220871
vn -0.599995422 -0.066666158 0.797220871
vn -0.247056939 0.00392153871 0.968993029
vn 0.199998474 0.0980384677 0.974879002
vn 0.184312319 0.0901953903 0.978720471
vn 0.505878493 0.145096932 0.85031396
vn 0.505878493 0.145096932 0.85031396
vn 0.537250803 -0.843130822 0.022180874
vn 0.945090829 -0.176469242 0.275067141
vn 0.974785564 -0.223143683 -0
vn 0.498035416 -0.647053887 0.577305805
vn 0.984306216 -0.00392153871 0.176425325
vn -0.309801558 -0.764700048 0.565028168
vn -0.325487713 -0.945090829 0.0293440684
vn 0.505878493 -0.662740042 0.552143629
vn 0.999807822 0.0196040749 -0
vn 0.443133874 -0.882346209 0.15842202
vn -0.349016945 -0.929404674 0.119975515
vn -0.513721571 -0.662740042 0.544853911
vn -0.356860022 -0.929404674 0.0941162929
vn -0.33333079 -0.772543126 0.540432885
vn 0.647053887 -0.749013893 0.142476157
vn -0.513721571 -0.717641584 0.4701922
vn -0.341173868 -0.937247751 0.071882159
vn 0.717641584 -0.498035416 0.486776419
vn 0.639210809 -0.764700048 0.0815069169
vn 0.57646619 -0.6078385 0.546094396
vn 0.639210809 -0.756856971 0.136297715
vn 0.552936958 -0.6078385 0.569906202
vn 0.623524655 -0.780386203 0.0470571923
vn 0.694112351 -0.450976951 0.561095208
vn -0.239213861 -0.780386203 0.577731861
vn -0.215684616 -0.97646308 -0
vn -0.839779682 -0.54292733 -0
vn -0.81960159 -0.498035416 0.283220688
vn -0.239213861 -0.803915435 0.544515107
vn -0.0901953903 -0.984306216 0.151677504
vn -0.921561596 -0.349016945 0.170033514
vn -0.945090829 -0.317644635 0.0768453717
vn -0.137253855 -0.976463138 0.166376437
vn -0.560780035 -0.81960159 0.117383924
vn -0.560780035 -0.81960159 0.117383924
vn -0.105881545 -0.984306216 0.141174969
vn 0.427447719 -0.890189287 0.157643525
vn 0.498035416 -0.858816977 0.119975515
vn 0.811758513 -0.57646619 0.0934604133
vn 0.811758513 -0.57646619 0.0934604133
vn -0.639210809 -0.286272326 0.713763054
vn -0.39607541 -0.568623113 0.720966036
vn -0.317644635 -0.929404674 0.18790646
vn -0.945090829 -0.301958481 0.124997606
vn -0.490192339 0.294115403 0.820492292
vn -0.905875442 -0.403918487 -0.127434454
vn -0.39607541 -0.905875442 -0.150046507
vn -0.262743093 -0.78822928 -0.556471624
vn -0.960776984 0.247056939 0.125978002
vn -0.482349261 0.772543126 0.412936205
vn -0.937247751 0.341173868 -0.071882159
vn -0.443133874 0.890189287 0.105808333
vn -0.709798506 -0.403918487 -0.577092659
vn -0.537250803 -0.0823523129 -0.839392442
vn -0.858816977 0.356860022 -0.367538194
vn -0.419604642 0.835287745 -0.355283447
vn -0.239213861 0.380389255 -0.89335365
vn -0.239213861 0.380389255 -0.89335365
vn -0.0196076935 0.952933906 -0.3025434
vn -0.419604642 0.835287745 -0.355283447
vn -0.0196076935 0.419604642 -0.90749517
vn 0.325487713 0.913718519 -0.243261622
vn 0.411761564 0.458820029 -0.787360524
vn 0.254900016 -0.3647031 -0.895554371
vn -0.027450771 -0.33333079 -0.942410229
vn -0.537250803 -0.0823523129 -0.839392442
vn 0.450976951 -0.811758513 -0.37103626
vn -0.262743093 -0.78822928 -0.556471624
vn -0.0352938484 -0.803915435 -0.593695475
vn 0.466663106 -0.874503132 -0.132173437
vn 0.0117646161 -0.984306216 -0.176076311
vn -0.39607541 -0.905875442 -0.150046507
vn -0.317644635 -0.929404674 0.18790646
vn 0.00392153871 -0.960776984 0.277294445
vn 0.247056939 -0.937247751 0.246027482
vn 0.466663106 -0.482349261 0.741326335
vn -0.00392153871 -0.443133874 0.89644687
vn 0.239213861 0.3647031 0.899871312
vn -0.39607541 -0.568623113 0.720966036
vn -0.0117646161 0.380389255 0.924751647
vn 0.435290797 0.764700048 0.475137621
vn -0.490192339 0.294115403 0.820492292
vn -0.639210809 -0.286272326 0.713763054
vn -0.482349261 0.772543126 0.412936205
vn -0.0117646161 0.890189287 0.455438939
vn 0.411761564 0.905875442 0.0992073505
vn -0.443133874 0.890189287 0.105808333
vn -0.00392153871 0.992149293 0.124997606
vn 0.325487713 0.913718519 -0.243261622
vn -0.419604642 0.835287745 -0.355283447
vn -0.0196076935 0.952933906 -0.3025434
vn -0.113724623 -0.00392153871 0.993504571
vn -0.419604642 0.0588230806 0.905798979
vn -0.0901953903 -0.952933906 0.289450794
vn -0.215684629 -0.6078385 0.764207105
vn -0.584309268 -0.592152345 0.554921869
vn -0.15294001 -0.976463138 0.15208252
vn -0.756205966 -0.654333659 -0
vn -0.192155397 -0.968620061 -0.157643525
vn -0.686269274 -0.0823523129 0.722670451
vn -0.168626164 -0.0509800032 0.984360836
vn -0.717641584 -0.654896964 -0.236855491
vn -0.247056939 -0.866660055 -0.433431908
vn -0.78822928 -0.309801558 -0.531711949
vn -0.39607541 -0.403918487 -0.824605436
vn -0.0980384677 -0.0196076935 0.994989446
vn -0.215684629 -0.0117646161 0.976392203
vn -0.968620061 -0.066666158 0.239438512
vn -0.827444667 0.168626164 -0.535630973
vn -0.380389255 0.286272326 -0.879404441
vn -0.301958481 0.278429248 -0.911755576
vn -0.866660055 0.105881545 -0.487534048
vn -0.960776984 -0.1215677 0.249256659
vn -0.8509739 -0.176469242 -0.494673659
vn -0.254900016 -0.137253855 -0.957176766
vn -0.741170816 -0.3647031 -0.563611099
vn -0.858816977 -0.317644635 0.401914525
vn -0.207841552 -0.372546177 -0.904439736
vn -0.584309268 -0.15294001 0.796989356
vn -0.741170816 -0.15294001 0.653662891
vn -0.513721571 -0.0901953903 0.853202754
vn -0.725484661 0.137253855 0.674413364
vn -0.733327738 -0.262743093 -0.627053821
vn -0.231370784 -0.215684629 -0.948655734
vn -0.145096932 -0.0196076935 0.989223139
vn -0.796072358 -0.0823523129 -0.599572262
vn -0.254900016 0.137253855 -0.957176766
vn -0.835287745 -0.33333079 -0.437247033
vn -0.270586171 0.192155397 -0.943323607
vn -0.827444667 -0.521564648 -0.208100072
vn -0.278429248 -0.215684629 -0.935925902
vn -0.827444667 -0.372546177 -0.420172189
vn -0.270586171 -0.286272326 -0.919147039
vn -0.905875442 -0.176469242 -0.385030247
vn -0.286272326 0.105881545 -0.952280029
vn -0.999623435 -0.0274406433 -0
vn -0.286272326 -0.066666158 -0.955826228
vn -0.960776984 -0.184312319 -0.207211382
vn -0.262743093 -0.356860022 -0.89644687
vn -0.905875442 0.105881545 -0.410096065
vn -0.286272326 0.027450771 -0.957754985
vn -0.780386203 0.623524655 0.0470571923
vn -0.247056939 0.0509800032 -0.967658984
vn -0.905875442 0.15294001 -0.394967135
vn -0.874503132 0.262743093 0.407689023
vn -0.168626164 -0.239213861 -0.956212291
vn -0.725484661 0.270586171 -0.632815242
vn -0.145096932 0.113724623 -0.982859904
vn -0.764700048 0.443133874 -0.467831386
vn -0.145096932 0.160783087 -0.976266193
vn -0.81960159 0.129410777 -0.558127301
vn -0.160783087 -0.0901953903 -0.982859904
vn -0.741170816 0.435290797 -0.511065303
vn -0.341173868 0.670583119 -0.658725036
vn -0.192155397 0.960776984 0.199959725
vn -0.57646619 0.592152345 0.563065122
vn -0.513721571 0.066666158 0.855362947
vn -0.57646619 0.0823523129 0.812960533
vn -0.137253855 0.00392153871 0.990528142
vn -0.160783087 0.54509388 0.822813138
vn -0.066666158 0.952933906 0.295757661
vn 0.0117638918 0.999930803 -0
vn -0.0823523129 0.631367732 0.771098491
vn -0.215684629 -0.0196076935 0.976266193
vn -0.262743093 -0.0117646161 0.964794103
vn -0.262743093 -0.0196076935 0.964666577
vn -0.129410777 0.701955429 0.70036521
vn 0.0274406433 0.999623435 -0
vn -0.207841552 0.529407726 0.822514042
vn 0.0196040749 0.999807822 -0
vn -0.113724623 -0.00392153871 0.993504571
vn -0.15294001 0.976463138 0.15208252
vn -0.419604642 0.0588230806 0.905798979
vn -0.231370784 0.623524655 0.74678281
vn -0.231370784 0.968620061 0.0907895256
vn -0.615681577 0.615681577 0.491805237
vn -0.341173868 0.874503132 -0.344738545
vn -0.749013893 0.654896964 -0.100439802
vn -0.921561596 0.254900016 0.292831361
vn -0.325487713 0.592152345 -0.737165754
vn -0.725484661 0.513721571 -0.457997985
vn -0.286272326 0.176469242 -0.941757274
vn -0.717641584 0.231370784 -0.656854716
vn -0.247056939 -0.231370784 -0.940973129
vn -0.827444667 0.105881545 -0.551474769
vn -0.247056939 -0.0509800032 -0.967658984
vn -0.803915435 0.278429248 0.5255446
vn -0.811758513 0.513721571 -0.277737763
vn -0.239213861 0.309801558 -0.920217215
vn -0.78822928 0.498035416 -0.361462759
vn -0.247056939 0.0823523129 -0.965495192
vn -0.81960159 0.231370784 -0.524138144
vn -0.239213861 -0.286272326 -0.927806491
vn -0.952933906 0.0117646161 -0.302949772
vn -0.247056939 -0.0352938484 -0.968357999
vn -0.741170816 -0.00392153871 0.67130503
vn -0.952933906 0.286272326 -0.0998254784
vn -0.239213861 0.270586171 -0.932501932
vn -0.952933906 0.105881545 -0.284088136
vn -0.247056939 -0.066666158 -0.966704967
vn -0.890189287 -0.105881545 -0.443116387
vn -0.231370784 -0.388232332 -0.892044403
vn -0.866660055 -0.435290797 -0.24376684
vn -0.247056939 -0.199998474 -0.948136846
vn -0.78822928 -0.286272326 0.544741
vn -0.952933906 -0.301958481 -0.0271670136
vn -0.560780035 -0.113724623 0.820117347
vn -0.239213861 0.207841552 -0.948461184
vn -0.890189287 -0.309801558 -0.33404495
vn -0.239213861 0.278429248 -0.93019024
vn -0.858816977 -0.192155397 -0.47487862
vn -0.254900016 -0.176469242 -0.950728452
vn -0.780386203 -0.33333079 -0.529044382
vn -0.247056939 -0.349016945 -0.903963518
vn -0.733327738 -0.498035416 -0.4628079
vn -0.254900016 0.0431369258 -0.966004755
vn -0.945090829 -0.262743093 0.194343491
vn -0.741170816 -0.3647031 -0.563611099
vn -0.247056939 0.254900016 -0.934873709
vn -0.78822928 -0.066666158 -0.611759941
vn -0.247056939 -0.105881545 -0.96319882
vn -0.717641584 -0.176469242 -0.673683282
vn -0.239213861 -0.325487713 -0.914786575
vn -0.694112351 -0.341173868 -0.633883614
vn -0.247056939 0.0431369258 -0.968040327
vn -0.999070885 0.0430971754 -0
vn -0.749013893 -0.0117646161 0.662449833
vn -0.694112351 -0.1215677 0.709527546
vn -0.57646619 -0.215684629 -0.788141404
vn -0.239213861 0.207841552 -0.948461184
vn -0.725484661 0.0980384677 -0.681219836
vn -0.247056939 -0.1215677 -0.961344976
vn -0.678426197 -0.105881545 -0.726998621
vn -0.247056939 -0.113724623 -0.962304307
vn -0.560780035 0.231370784 -0.79498007
vn -0.223527706 0.458820029 -0.859953223
vn -0.639210809 0.57646619 -0.509015002
vn -0.160783087 0.733327738 -0.66059006
vn -0.921561596 -0.341173868 0.185269037
vn -0.678426197 0.654896964 -0.332938226
vn -0.113724623 0.843130822 -0.5255446
vn -0.974785564 -0.223143683 -0
vn -0.81960159 -0.0431369258 -0.571307657
vn -0.584309268 -0.176469242 -0.792111915
vn -0.419604642 -0.639210809 -0.644469926
vn -0.113724623 -0.992149293 0.0520239392
vn -0.521564648 -0.8509739 0.0617554839
vn -0.286272326 -0.945090829 0.157643525
vn -0.670583119 -0.427447719 0.606305804
vn -0.066666158 -0.945090829 0.319935851
vn 0.00392153871 -0.984306216 0.176425325
vn -0.231370784 -0.513721571 0.826170508
vn -0.0901953903 -0.513721571 0.853202754
vn -0.0509800032 -0.945090829 0.322807009
vn -0.113724623 -0.976463138 0.183266062
vn -0.239213861 -0.913718519 0.328474043
vn -0.160783087 -0.984306216 0.0727328847
vn -0.0117638918 -0.999930803 -0
vn -0.231370784 -0.027450771 0.972478285
vn -0.207841552 -0.0196076935 0.977965965
vn -0.0901953903 0.0117646161 0.995854601
vn -0.160783087 -0.0196076935 0.986794982
vn -0.207841552 -0.725484661 0.656105095
vn 0.14470579 -0.989474726 -0
vn -0.168626164 -0.568623113 0.805129165
vn -0.262743093 0.00392153871 0.964857859
vn -0.231370784 -0.450976951 0.862025144
vn -0.262743093 -0.00392153871 0.964857859
vn -0.207841552 -0.00392153871 0.978154646
vn -0.215684629 -0.0117646161 0.976392203
vn -0.262743093 -0.0117646161 0.964794103
vn -0.160783087 0.0196076935 0.986794982
vn -0.176469242 0.0588230806 0.982546921
vn -0.521564648 0.0117646161 0.853130653
vn -0.568623113 0.145096932 0.809700337
vn -0.654896964 0.15294001 0.740080617
vn -0.00392153847 -0.999992311 -0
vn -0.00392153847 -0.999992311 -0
vn -0.00392153847 -0.999992311 -0
vn -0.00392153847 -0.999992311 -0
vn -0.701955429 0.709798506 -0.0586911971
vn -0.168626164 0.984306216 -0.0520239392
vn -0.701955429 0.709798506 -0.0586911971
vn -0.168626164 0.984306216 -0.0520239392
vn -0.709798506 0.701955429 0.0586911971
vn 0.160783087 0.984306216 -0.0727328847
vn -0.176469231 0.984306157 -0
vn 0.160783087 0.984306216 -0.0727328847
vn 0.694112351 0.717641584 -0.056556177
vn 0.168626164 0.984306216 0.0520239392
vn 0.701955429 0.709798506 -0.0586911971
vn 0.717641584 0.694112351 0.056556177
vn -0.701955429 0.709798506 -0.0586911971
vn -0.984306157 0.176469231 -0
vn -0.709798506 0.701955429 0.0586911971
vn -0.984306157 0.176469231 -0
vn -0.701955429 0.709798506 -0.0586911971
vn -0.984306157 0.176469231 -0
vn -0.984306157 -0.176469231 -0
vn -0.984306157 -0.176469231 -0
vn -0.937247751 -0.341173868 0.071882159
vn -0.984306157 -0.176469231 -0
vn -0.796072358 -0.599995422 -0.0792104433
vn -0.701955429 -0.709798506 -0.0586911971
vn -0.701955429 -0.709798506 -0.0586911971
vn -0.160783087 -0.984306216 -0.0727328847
vn -0.796072358 -0.599995422 -0.0792104433
vn -0.168626164 -0.984306216 -0.0520239392
vn -0.00392153847 -0.999992311 -0
vn -0.00392153847 -0.999992311 -0
vn -0.00392153847 -0.999992311 -0
vn 0.184052092 -0.982916491 -0
vn -0.00392153847 -0.999992311 -0
vn 0.176469231 -0.984306157 -0
vn 0.709798506 -0.701955429 -0.0586911971
vn 0.78822928 -0.6078385 -0.0960570652
vn 0.78822928 -0.6078385 -0.0960570652
vn 0.976463138 -0.199998474 0.0807486828
vn 0.921561541 -0.388232309 -0
vn 0.981472661 -0.191602233 -0
vn 0.709798506 -0.701955429 -0.0586911971
vn 0.984306216 0.15294001 0.0880376456
vn 0.984306216 0.168626164 -0.0520239392
vn 0.717641584 0.694112351 0.056556177
vn 0.701955429 0.709798506 -0.0586911971
vn 0.694112351 0.717641584 -0.056556177
vn 0.982916491 -0.184052092 -0
vn 0.984306157 0.176469231 -0
vn 0.999992311 0.00392153847 -0
vn 0.999992311 0.00392153847 -0
vn 0.999992311 0.00392153847 -0
vn 0.999992311 0.00392153847 -0
vn 0.00392153871 0.992149293 -0.124997606
vn 0.00392153847 0.999992311 -0
vn 0.00392153847 0.999992311 -0
vn 0.00392153871 0.992149293 -0.124997606
vn 0.00392153871 0.984306216 -0.176425325
vn 0.00392153871 0.984306216 -0.176425325
vn 0.999992311 0.00392153847 -0
vn 0.999992311 0.00392153847 -0
vn 0.999992311 0.00392153847 -0
vn 0.999992311 0.00392153847 -0
vn 0.999930803 0.0117638918 -0
vn 0.999930803 0.0117638918 -0
vn 0.00392153871 0.0431369258 0.999061473
vn 0.00392153871 0.0431369258 0.999061473
vn 0.00392153871 0.0431369258 0.999061473
vn 0.00392153871 0.0431369258 0.999061473
vn -0.999930803 -0.0117638918 -0
vn -0.999930803 -0.0117638918 -0
vn -0.999930803 -0.0117638918 -0
vn -0.999930803 -0.0117638918 -0
vn -0.999930803 -0.0117638918 -0
vn -0.999930803 -0.0117638918 -0
vn -0.00392153847 -0.999992311 -0
vn -0.00392153847 -0.999992311 -0
vn -0.00392153847 -0.999992311 -0
vn -0.00392153847 -0.999992311 -0
vn 0.00392153847 -0.999992311 -0
vn 0.00392153847 -0.999992311 -0
vn 0.00392153847 -0.999992311 -0
vn 0.00392153847 -0.999992311 -0
vn 0.00392153847 -0.999992311 -0
vn -0.00392153847 -0.999992311 -0
vn -0.00392153847 -0.999992311 -0
vn -0.00392153847 -0.999992311 -0
vn -0.00392153847 -0.999992311 -0
vn -0.00392153847 -0.999992311 -0
vn -0.999992311 0.00392153847 -0
vn -0.999992311 0.00392153847 -0
vn -0.999992311 0.00392153847 -0
vn -0.999992311 0.00392153847 -0
vn -0.0117646161 0.00392153871 -0.999923105
vn -0.0117646161 0.00392153871 -0.999923105
vn -0.0117646161 0.00392153871 -0.999923105
vn -0.0117646161 0.00392153871 -0.999923105
vn 0.999992311 0.00392153847 -0
vn 0.999992311 0.00392153847 -0
vn 0.999992311 0.00392153847 -0
vn 0.999992311 0.00392153847 -0
vn -0.00392153847 0.999992311 -0
vn -0.00392153847 0.999992311 -0
vn -0.00392153847 0.999992311 -0
vn -0.00392153847 0.999992311 -0
vn -0.00392153847 -0.999992311 -0
vn -0.00392153847 -0.999992311 -0
vn -0.00392153847 -0.999992311 -0
vn -0.00392153847 -0.999992311 -0
vn 0.0431369258 0.00392153871 -0.999061473
vn 0.0431369258 0.00392153871 -0.999061473
vn 0.0431369258 0.00392153871 -0.999061473
vn 0.0431369258 0.00392153871 -0.999061473
vn 0.999992311 0.00392153847 -0
vn 0.999992311 0.00392153847 -0
vn 0.999992311 0.00392153847 -0
vn 0.999992311 0.00392153847 -0
vn 0.0588230806 0.00392153871 0.998260721
vn 0.0588230806 0.00392153871 0.998260721
vn 0.0588230806 0.00392153871 0.998260721
vn 0.0588230806 0.00392153871 0.998260721
vn -0.999992311 0.00392153847 -0
vn -0.999992311 0.00392153847 -0
vn -0.999992311 0.00392153847 -0
vn -0.999992311 0.00392153847 -0
vn -0.00392153847 0.999992311 -0
vn -0.00392153847 0.999992311 -0
vn -0.00392153847 0.999992311 -0
vn -0.00392153847 0.999992311 -0
vn -0.999992311 0.00392153847 -0
vn -0.999992311 0.00392153847 -0
vn -0.999992311 0.00392153847 -0
vn -0.999992311 -0.00392153847 -0
vn -0.999992311 -0.00392153847 -0
vn -0.999992311 -0.00392153847 -0
vn -0.999992311 -0.00392153847 -0
vn -0.999992311 -0.00392153847 -0
vn -0.999992311 0.00392153847 -0
vn -0.999992311 0.00392153847 -0
vn -0.00392153871 0.00392153871 0.999984621
vn -0.00392153871 0.00392153871 0.999984621
vn -0.00392153871 0.00392153871 0.999984621
vn -0.00392153871 0.00392153871 0.999984621
vn 0.999992311 0.00392153847 -0
vn 0.999992311 0.00392153847 -0
vn 0.999992311 0.00392153847 -0
vn 0.999992311 0.00392153847 -0
vn 0.999992311 0.00392153847 -0
vn 0.999992311 0.00392153847 -0
vn 0.999992311 0.00392153847 -0
vn 0.999992311 0.00392153847 -0
vn 0.999992311 0.00392153847 -0
vn 0.999992311 0.00392153847 -0
vn -0.00392153871 -0.466663106 -0.884426462
vn -0.00392153871 0.00392153871 -0.999984621
vn -0.00392153871 0.00392153871 -0.999984621
vn -0.00392153871 -0.466663106 -0.884426462
vn -0.00392153871 -0.952933906 -0.303152754
vn -0.00392153871 -0.952933906 -0.303152754
vn -0.00392153871 -0.945090829 0.326784252
vn -0.00392153871 -0.945090829 0.326784252
vn -0.00392153871 -0.443133874 0.89644687
vn -0.00392153871 -0.443133874 0.89644687
vn -0.00392153871 0.00392153871 0.999984621
vn -0.00392153871 0.00392153871 0.999984621
vn -0.00392153871 0.00392153871 -0.999984621
vn -0.00392153871 0.00392153871 -0.999984621
vn -0.00392153871 0.00392153871 -0.999984621
vn -0.00392153871 0.00392153871 -0.999984621
vn -0.898032364 0.00392153871 -0.439911917
vn -0.898032364 0.00392153871 0.439911917
vn -0.898032364 0.00392153871 0.439911917
vn -0.898032364 0.00392153871 -0.439911917
vn -0.00392153871 0.00392153871 -0.999984621
vn -0.286272326 0.00392153871 -0.95814027
vn -0.00392153871 0.00392153871 -0.999984621
vn -0.309801558 0.00392153871 -0.950793151
vn -0.898032364 0.00392153871 -0.439911917
vn -0.898032364 0.00392153871 -0.439911917
vn -0.00392153847 -0.999992311 -0
vn -0.28555303 -0.95836291 -0
vn -0.00392153847 -0.999992311 -0
vn -0.28555303 -0.95836291 -0
vn -0.707106781 -0.707106781 -0
vn -0.707106781 -0.707106781 -0
vn -0.00392153871 -0.00392153871 0.999984621
vn -0.309801558 -0.00392153871 0.950793151
vn -0.00392153871 -0.00392153871 0.999984621
vn -0.286272326 -0.00392153871 0.95814027
vn -0.898032364 0.00392153871 0.439911917
vn -0.898032364 0.00392153871 0.439911917
vn 0.00392153847 0.999992311 -0
vn -0.239213861 0.968620061 -0.0674678157
vn 0.00392153847 0.999992311 -0
vn -0.239213861 0.968620061 -0.0674678157
vn -0.623524655 0.780386203 -0.0470571923
vn -0.623524655 0.780386203 -0.0470571923
vn 0.981472661 0.191602233 -0
vn 0.981472661 0.191602233 -0
vn 0.981472661 0.191602233 -0
vn 0.981472661 0.191602233 -0
vn -0.982916491 -0.184052092 -0
vn -0.982916491 -0.184052092 -0
vn -0.982916491 -0.184052092 -0
vn -0.982916491 -0.184052092 -0
vn 0.00392153871 -0.0352938484 -0.999369284
vn 0.00392153871 -0.0352938484 -0.999369284
vn 0.00392153871 -0.0352938484 -0.999369284
vn 0.00392153871 -0.0352938484 -0.999369284
vn 0.14470579 -0.989474726 -0
vn 0.14470579 -0.989474726 -0
vn 0.14470579 -0.989474726 -0
vn 0.14470579 -0.989474726 -0
vn 0.00392153871 -0.0352938484 0.999369284
vn 0.00392153871 -0.0352938484 0.999369284
vn 0.00392153871 -0.0352938484 0.999369284
vn 0.00392153871 -0.0352938484 0.999369284
vn -0.207841552 0.968620061 -0.136297715
vn -0.207841552 0.968620061 -0.136297715
vn -0.207841552 0.968620061 -0.136297715
vn -0.207841552 0.968620061 -0.136297715
vn 0.982916491 0.184052092 -0
vn 0.982916491 0.184052092 -0
vn 0.982916491 0.184052092 -0
vn 0.982916491 0.184052092 -0
vn -0.982916491 -0.184052092 -0
vn -0.982916491 -0.184052092 -0
vn -0.982916491 -0.184052092 -0
vn -0.982916491 -0.184052092 -0
vn 0.0117646161 -0.0352938484 -0.999307729
vn 0.0117646161 -0.0352938484 -0.999307729
vn 0.0117646161 -0.0352938484 -0.999307729
vn 0.0117646161 -0.0352938484 -0.999307729
vn 0.176469242 -0.960776984 -0.21393035
vn 0.176469242 -0.960776984 -0.21393035
vn 0.176469242 -0.960776984 -0.21393035
vn 0.176469242 -0.960776984 -0.21393035
vn -0.00392153871 0.0196076935 0.99980006
vn -0.00392153871 0.0196076935 0.99980006
vn -0.00392153871 0.0196076935 0.99980006
vn -0.00392153871 0.0196076935 0.99980006
vn -0.239213861 0.952933906 -0.186262447
vn -0.239213861 0.952933906 -0.186262447
vn -0.239213861 0.952933906 -0.186262447
vn -0.239213861 0.952933906 -0.186262447
vn 0.999992311 0.00392153847 -0
vn 0.435290797 0.592152345 0.678142701
vn 0.498035416 0.835287745 0.232927258
vn 0.866660055 -0.129410777 0.48182279
vn 0.498035416 -0.835287745 -0.232927258
vn 0.380389255 0.466663106 0.798454482
vn 0.427447719 -0.8509739 0.305175145
vn -0.498035416 -0.835287745 -0.232927258
vn 0.709798506 -0.160783087 0.685809653
vn 0.498035416 0.866660055 0.0293440684
vn 0.999992311 0.00392153847 -0
vn 0.341173868 -0.733327738 0.588073822
vn 0.498035416 -0.866660055 0.0293440684
vn -0.427447719 -0.8509739 0.305175145
vn -0.999992311 0.00392153847 -0
vn -0.33333079 -0.733327738 0.592554649
vn -0.498035416 -0.866660055 0.0293440684
vn -0.866660055 -0.129410777 0.48182279
vn -0.498035416 0.835287745 0.232927258
vn -0.709798506 -0.160783087 0.685809653
vn -0.999992311 0.00392153847 -0
vn -0.435290797 0.592152345 0.678142701
vn 0.498035416 0.835287745 0.232927258
vn 0.435290797 0.592152345 0.678142701
vn -0.372546177 0.474506184 0.797529452
vn -0.498035416 0.866660055 0.0293440684
vn 0.380389255 0.466663106 0.798454482
vn 0.498035416 0.866660055 0.0293440684
vn 0.707106781 0.707106781 -0
vn 0.707106781 0.707106781 -0
vn -0.707106781 0.707106781 -0
vn -0.707106781 0.707106781 -0
vn -0.707106781 -0.707106781 -0
vn -0.707106781 -0.707106781 -0
vn 0.707106781 -0.707106781 -0
vn 0.707106781 -0.707106781 -0
vn 0.707106781 0.707106781 -0
vn 0.707106781 0.707106781 -0
vn 0.968620061 0.239213861 0.0674678157
vn 0.803915435 -0.286272326 0.521313848
vn 0.874503132 0.15294001 0.460275598
vn 0.945090829 -0.317644635 0.0768453717
vn 0.498035416 -0.866660055 0.0293440684
vn 0.419604642 -0.81960159 0.390109188
vn -0.247056939 0.968620061 0.0271670136
vn 0.450976951 0.764700048 0.460275598
vn -0.192155397 0.8509739 0.488794155
vn 0.560780035 0.81960159 0.117383924
vn 0.968620061 0.239213861 0.0674678157
vn 0.874503132 0.15294001 0.460275598
vn -0.247056939 0.968620061 0.0271670136
vn -0.192155397 0.8509739 0.488794155
vn -0.803915435 0.443133874 0.396676622
vn -0.843130822 0.537250803 0.022180874
vn -0.929404674 -0.294115403 0.22294188
vn -0.913718519 -0.0745092355 0.399458185
vn -0.951005304 -0.309174564 -0
vn -0.537250803 -0.81960159 0.199034691
vn -0.458144127 -0.888877921 -0
vn -0.929404674 -0.294115403 0.22294188
vn -0.427447719 -0.811758513 0.397915273
vn -0.537250803 -0.81960159 0.199034691
vn -0.309801558 -0.482349261 0.819366942
vn 0.419604642 -0.81960159 0.390109188
vn -0.458820029 -0.113724623 0.88122125
vn -0.913718519 -0.0745092355 0.399458185
vn 0.0745092355 -0.505878493 0.859380779
vn 0.294115403 -0.1215677 0.94800708
vn 0.803915435 -0.286272326 0.521313848
vn 0.874503132 0.15294001 0.460275598
vn -0.33333079 0.247056939 0.909864525
vn -0.803915435 0.443133874 0.396676622
vn -0.192155397 0.8509739 0.488794155
vn 0.294115403 0.231370784 0.927342272
vn 0.450976951 0.764700048 0.460275598
vn 0.00392153871 0.00392153871 0.999984621
vn 0.00392153871 -0.00392153871 0.999984621
vn -0.00392153871 0.00392153871 0.999984621
vn -0.00392153871 -0.00392153871 0.999984621
vn 0.992149293 0.00392153871 0.124997606
vn 0.992149293 0.00392153871 0.124997606
vn 0.992149293 0.00392153871 0.124997606
vn 0.992149293 0.00392153871 0.124997606
vn -0.976463138 -0.00392153871 -0.215648698
vn -0.976463138 -0.00392153871 -0.215648698
vn -0.976463138 -0.00392153871 -0.215648698
vn -0.976463138 -0.00392153871 -0.215648698
vn 0.984306216 0.00392153871 0.176425325
vn 0.984306216 0.00392153871 0.176425325
vn 0.984306216 0.00392153871 0.176425325
vn 0.984306216 0.00392153871 0.176425325
vn -0.945090829 0.00392153871 -0.326784252
vn -0.945090829 0.00392153871 -0.326784252
vn -0.945090829 0.00392153871 -0.326784252
vn -0.945090829 0.00392153871 -0.326784252
vn -0.552936958 0.00392153871 -0.833213863
vn -0.247056939 0.00392153871 -0.968993029
vn -0.552936958 0.00392153871 -0.833213863
vn -0.247056939 0.00392153871 -0.968993029
vn 0.435290797 -0.00392153871 -0.900281369
vn 0.435290797 -0.00392153871 -0.900281369
vn 0.725484661 -0.00392153871 -0.688227163
vn 0.725484661 -0.00392153871 -0.688227163
vn 0.00392153847 -0.999992311 -0
vn 0.00392153847 -0.999992311 -0
vn 0.00392153847 -0.999992311 -0
vn 0.00392153847 -0.999992311 -0
vn 0.00392153847 -0.999992311 -0
vn 0.00392153847 -0.999992311 -0
vn 0.00392153847 -0.999992311 -0
vn 0.00392153847 -0.999992311 -0
vn -0.450976951 -0.0196076935 0.892320193
vn -0.756856971 -0.0196076935 0.653286357
vn -0.756856971 -0.0196076935 0.653286357
vn -0.450976951 -0.0196076935 0.892320193
vn 0.262743093 -0.00392153871 0.964857859
vn 0.262743093 -0.00392153871 0.964857859
vn 0.57646619 -0.00392153871 0.817111592
vn 0.57646619 -0.00392153871 0.817111592
vn -0.00392153847 0.999992311 -0
vn -0.00392153847 0.999992311 -0
vn -0.00392153847 0.999992311 -0
vn -0.00392153847 0.999992311 -0
vn -0.00392153847 0.999992311 -0
vn -0.00392153847 0.999992311 -0
vn -0.00392153847 0.999992311 -0
vn -0.00392153847 0.999992311 -0
vn -0.372546177 0.00392153871 -0.92800537
vn -0.0980384677 0.00392153871 -0.995174899
vn -0.372546177 0.00392153871 -0.92800537
vn -0.0980384677 0.00392153871 -0.995174899
vn 0.482349261 0.00392153871 -0.875970212
vn 0.482349261 0.00392153871 -0.875970212
vn 0.725484661 0.00392153871 -0.688227163
vn 0.725484661 0.00392153871 -0.688227163
vn 0.00392153847 -0.999992311 -0
vn 0.00392153847 -0.999992311 -0
vn 0.00392153847 -0.999992311 -0
vn 0.00392153847 -0.999992311 -0
vn -0.00392153847 -0.999992311 -0
vn -0.00392153847 -0.999992311 -0
vn -0.00392153847 -0.999992311 -0
vn -0.00392153847 -0.999992311 -0
vn -0.749013893 0.00392153871 0.662542685
vn -0.498035416 0.00392153871 0.867147822
vn -0.749013893 0.00392153871 0.662542685
vn -0.498035416 0.00392153871 0.867147822
vn 0.113724623 0.00392153871 0.993504571
vn 0.113724623 0.00392153871 0.993504571
vn 0.403918487 0.00392153871 0.914786575
vn 0.403918487 0.00392153871 0.914786575
vn -0.00392153847 0.999992311 -0
vn -0.00392153847 0.999992311 -0
vn -0.00392153847 0.999992311 -0
vn -0.00392153847 0.999992311 -0
vn 0.00392153847 0.999992311 -0
vn 0.00392153847 0.999992311 -0
vn 0.00392153847 0.999992311 -0
vn 0.00392153847 0.999992311 -0
vn -0.00392153847 0.999992311 -0
vn -0.00392153847 0.999992311 -0
vn -0.00392153847 0.999992311 -0
vn -0.00392153847 0.999992311 -0
vn -0.00392153847 0.999992311 -0
vn -0.00392153847 0.999992311 -0
vn -0.00392153847 0.999992311 -0
vn -0.00392153847 0.999992311 -0
vn -0.00392153847 0.999992311 -0
vn -0.00392153847 0.999992311 -0
vn -0.00392153847 -0.999992311 -0
vn -0.00392153847 -0.999992311 -0
vn -0.00392153847 -0.999992311 -0
vn -0.00392153847 -0.999992311 -0
vn -0.00392153847 -0.999992311 -0
vn -0.00392153847 -0.999992311 -0
vn -0.00392153847 -0.999992311 -0
vn -0.00392153847 -0.999992311 -0
vn -0.00392153847 -0.999992311 -0
vn -0.00392153847 -0.999992311 -0
vn 0.999623435 0.0274406433 -0
vn 0.998703027 0.050914272 -0
vn 0.998703027 0.050914272 -0
vn 0.999623435 0.0274406433 -0
vn 0.999992311 -0.00392153847 -0
vn 0.999992311 -0.00392153847 -0
vn -0.999992311 -0.00392153847 -0
vn -0.999992311 -0.00392153847 -0
vn -0.999992311 -0.00392153847 -0
vn -0.999992311 -0.00392153847 -0
vn -0.999992311 0.00392153847 -0
vn -0.999992311 0.00392153847 -0
vn -0.00392153871 0.00392153871 0.999984621
vn -0.00392153871 0.00392153871 0.999984621
vn -0.00392153871 0.00392153871 0.999984621
vn -0.00392153871 0.00392153871 0.999984621
vn -0.00392153871 -0.00392153871 -0.999984621
vn -0.00392153871 -0.00392153871 -0.999984621
vn -0.00392153871 -0.00392153871 -0.999984621
vn -0.00392153871 -0.00392153871 -0.999984621
vn -0.999992311 0.00392153847 -0
vn -0.999992311 0.00392153847 -0
vn -0.999992311 0.00392153847 -0
vn -0.999992311 0.00392153847 -0
vn 0.999992311 0.00392153847 -0
vn 0.999992311 0.00392153847 -0
vn 0.999992311 0.00392153847 -0
vn 0.999992311 0.00392153847 -0
vn 0.00392153871 -0.976463138 0.215648698
vn 0.00392153871 -0.976463138 0.215648698
vn 0.00392153871 -0.976463138 0.215648698
vn 0.00392153871 -0.976463138 0.215648698
vn -0.00392153871 -0.976463138 0.215648698
vn -0.00392153871 -0.976463138 0.215648698
vn -0.00392153871 -0.976463138 0.215648698
vn -0.00392153871 -0.976463138 0.215648698
vn -0.00392153871 0.976463138 -0.215648698
vn -0.00392153871 0.976463138 -0.215648698
vn -0.00392153871 0.976463138 -0.215648698
vn -0.00392153871 0.976463138 -0.215648698
vn -0.00392153871 0.976463138 -0.215648698
vn -0.00392153871 0.976463138 -0.215648698
vn 0.00392153871 0.976463138 -0.215648698
vn 0.00392153871 0.976463138 -0.215648698
vn -0.529407726 -0.0745092355 -0.845089246
vn 0.552936958 -0.0745092355 -0.829884989
vn 0.529407726 -0.0745092355 -0.845089246
vn -0.552936958 -0.0745092355 -0.829884989
vn -0.960776984 0.0431369258 -0.273946698
vn -0.960776984 0.0431369258 -0.273946698
vn -0.945090829 0.184312319 0.26987459
vn -0.952933906 0.176469242 0.246527032
vn -0.39607541 0.317644635 0.861525482
vn -0.419604642 0.309801558 0.853202754
vn 0.419604642 0.309801558 0.853202754
vn 0.39607541 0.317644635 0.861525482
vn 0.952933906 0.176469242 0.246527032
vn 0.945090829 0.184312319 0.26987459
vn 0.960776984 0.0431369258 -0.273946698
vn 0.960776984 0.0431369258 -0.273946698
vn 0.529407726 -0.0745092355 -0.845089246
vn 0.552936958 -0.0745092355 -0.829884989
vn 0.00392153847 0.999992311 -0
vn 0.00392153847 0.999992311 -0
vn 0.00392153847 0.999992311 -0
vn 0.00392153847 0.999992311 -0
vn -0.999992311 0.00392153847 -0
vn -0.999992311 0.00392153847 -0
vn -0.999992311 -0.00392153847 -0
vn -0.999992311 -0.00392153847 -0
vn -0.999992311 -0.00392153847 -0
vn 0.00392153847 -0.999992311 -0
vn 0.00392153847 -0.999992311 -0
vn 0.00392153847 -0.999992311 -0
vn 0.00392153847 -0.999992311 -0
vn -0.341173868 -0.239213861 0.90905287
vn -0.341173868 -0.239213861 0.90905287
vn -0.341173868 -0.239213861 0.90905287
vn -0.341173868 -0.239213861 0.90905287
vn -0.00392153871 -0.678426197 0.734658096
vn -0.00392153871 -0.678426197 0.734658096
vn -0.00392153871 -0.678426197 0.734658096
vn -0.00392153871 -0.678426197 0.734658096
vn 0.3647031 -0.231370784 0.901919736
vn 0.3647031 -0.231370784 0.901919736
vn 0.3647031 -0.231370784 0.901919736
vn 0.3647031 -0.231370784 0.901919736
vn -0.00392153871 0.0196076935 0.99980006
vn -0.00392153871 0.270586171 0.962687772
vn -0.00392153871 0.270586171 0.962687772
vn -0.00392153871 0.0196076935 0.99980006
vn -0.00392153871 -0.0901953903 0.995916369
vn -0.00392153871 -0.0901953903 0.995916369
vn 0.999992311 -0.00392153847 -0
vn 0.999992311 -0.00392153847 -0
vn 0.999992311 -0.00392153847 -0
vn 0.999992311 0.00392153847 -0
vn 0.999992311 0.00392153847 -0
vn 0.945090829 -0.0823523129 0.316261636
vn 0.945090829 -0.0823523129 0.316261636
vn 0.945090829 -0.0823523129 0.316261636
vn 0.945090829 -0.0823523129 0.316261636
vn -0.00392153871 0.882346209 0.470584518
vn -0.00392153871 0.882346209 0.470584518
vn -0.00392153871 0.882346209 0.470584518
vn -0.00392153871 0.882346209 0.470584518
vn -0.960776984 -0.066666158 0.269189917
vn -0.960776984 -0.066666158 0.269189917
vn -0.960776984 -0.066666158 0.269189917
vn -0.960776984 -0.066666158 0.269189917
vn -0.00392153871 -0.254900016 0.966959463
vn -0.00392153871 -0.254900016 0.966959463
vn -0.00392153871 -0.254900016 0.966959463
vn -0.00392153871 -0.254900016 0.966959463
vn 0.00392153847 -0.999992311 -0
vn 0.00392153847 -0.999992311 -0
vn 0.00392153847 -0.999992311 -0
vn 0.00392153847 -0.999992311 -0
vn 0.992149293 0.00392153871 -0.124997606
vn 0.992149293 0.00392153871 -0.124997606
vn 0.992149293 0.00392153871 -0.124997606
vn 0.992149293 0.00392153871 -0.124997606
vn -0.992149293 0.00392153871 -0.124997606
vn -0.992149293 0.00392153871 -0.124997606
vn -0.992149293 0.00392153871 -0.124997606
vn -0.992149293 0.00392153871 -0.124997606
vn -0.00392153847 0.999992311 -0
vn -0.00392153847 0.999992311 -0
vn -0.00392153847 0.999992311 -0
vn -0.00392153847 0.999992311 -0
vn -0.00392153847 -0.999992311 -0
vn -0.00392153847 -0.999992311 -0
vn -0.00392153847 -0.999992311 -0
vn -0.00392153847 -0.999992311 -0
vn -0.0117646161 0.00392153871 -0.999923105
vn -0.0117646161 0.00392153871 -0.999923105
vn -0.0117646161 0.00392153871 -0.999923105
vn -0.0117646161 0.00392153871 -0.999923105
vn -0.00392153871 0.00392153871 0.999984621
vn -0.00392153871 0.00392153871 0.999984621
vn -0.00392153871 0.00392153871 0.999984621
vn -0.00392153871 0.00392153871 0.999984621
vn -0.701955429 0.709798506 -0.0586911971
vn -0.701955429 0.709798506 -0.0586911971
vn -0.701955429 0.709798506 -0.0586911971
vn -0.701955429 0.709798506 -0.0586911971
vn -0.00392153871 0.709798506 0.704393854
vn -0.00392153871 0.709798506 0.704393854
vn -0.00392153871 0.709798506 0.704393854
vn -0.00392153871 0.709798506 0.704393854
vn 0.701955429 0.709798506 -0.0586911971
vn 0.701955429 0.709798506 -0.0586911971
vn 0.701955429 0.709798506 -0.0586911971
vn 0.701955429 0.709798506 -0.0586911971
vn -0.00392153871 0.709798506 -0.704393854
vn -0.00392153871 0.709798506 -0.704393854
vn -0.00392153871 0.709798506 -0.704393854
vn -0.00392153871 0.709798506 -0.704393854
vn -0.00392153871 -0.709798506 -0.704393854
vn -0.00392153871 -0.709798506 -0.704393854
vn -0.00392153871 -0.709798506 -0.704393854
vn -0.00392153871 -0.709798506 -0.704393854
vn 0.701955429 -0.709798506 -0.0586911971
vn 0.701955429 -0.709798506 -0.0586911971
vn 0.701955429 -0.709798506 -0.0586911971
vn 0.701955429 -0.709798506 -0.0586911971
vn -0.00392153871 -0.709798506 0.704393854
vn -0.00392153871 -0.709798506 0.704393854
vn -0.00392153871 -0.709798506 0.704393854
vn -0.00392153871 -0.709798506 0.704393854
vn -0.701955429 -0.709798506 -0.0586911971
vn -0.701955429 -0.709798506 -0.0586911971
vn -0.701955429 -0.709798506 -0.0586911971
vn -0.701955429 -0.709798506 -0.0586911971
vn 0.662740042 0.00392153871 -0.748839274
vn 0.662740042 0.00392153871 -0.748839274
vn 0.662740042 0.00392153871 -0.748839274
vn 0.662740042 0.00392153871 -0.748839274
vn -0.678426197 0.00392153871 -0.734658096
vn -0.678426197 0.00392153871 -0.734658096
vn -0.678426197 0.00392153871 -0.734658096
vn -0.678426197 0.00392153871 -0.734658096
vn 0.749013893 0.00392153871 0.662542685
vn 0.749013893 0.00392153871 0.662542685
vn 0.749013893 0.00392153871 0.662542685
vn 0.749013893 0.00392153871 0.662542685
vn -0.741170816 0.00392153871 0.67130503
vn -0.741170816 0.00392153871 0.67130503
vn -0.741170816 0.00392153871 0.67130503
vn -0.741170816 0.00392153871 0.67130503
vn 0.0588230806 -0.443133874 0.894523457
vn -0.0588230806 -0.466663106 0.88247685
vn -0.207841552 -0.443133874 0.872028818
vn 0.207841552 -0.380389255 0.901169187
vn 0.349016945 -0.262743093 0.899529454
vn -0.349016945 -0.349016945 0.869697846
vn -0.450976951 -0.223527706 0.864092098
vn 0.419604642 -0.129410777 0.898434636
vn 0.435290797 -0.0352938484 0.899597836
vn -0.513721571 -0.0823523129 0.853995459
vn -0.00392153871 0.00392153871 0.999984621
vn -0.474506184 0.0588230806 0.878284536
vn -0.00392153871 0.00392153871 0.999984621
vn -0.00392153871 0.00392153871 0.999984621
vn 0.403918487 0.0431369258 0.913777359
vn -0.00392153871 0.00392153871 0.999984621
vn 0.372546177 0.15294001 0.915324368
vn -0.388232332 0.15294001 0.908782157
vn -0.278429248 0.239213861 0.93019024
vn 0.341173868 0.309801558 0.887481485
vn -0.137253855 0.270586171 0.952861219
vn 0.231370784 0.388232332 0.892044403
vn -0.0431369258 0.309801558 0.949822194
vn 0.0980384677 0.411761564 0.906002689
vn 0.733327738 -0.654896964 0.182593522
vn 0.207841552 -0.380389255 0.901169187
vn 0.349016945 -0.262743093 0.899529454
vn 0.411761564 -0.890189287 0.194975506
vn 0.615681577 -0.552936958 -0.561424007
vn 0.0588230806 -0.443133874 0.894523457
vn 0.33333079 -0.780386203 -0.529044382
vn 0.270586171 -0.254900016 -0.928336742
vn 0.15294001 -0.380389255 -0.912092851
vn 0.0352938484 -0.403918487 -0.914113888
vn 0.113724623 -0.968620061 0.221002009
vn 0.0823523129 -0.866660055 -0.492055329
vn -0.0196076935 -0.356860022 -0.933952067
vn -0.0980384677 -0.976463138 0.192115065
vn -0.0588230806 -0.466663106 0.88247685
vn -0.0588230806 -0.843130822 -0.534481302
vn -0.0901953903 -0.317644635 -0.943910312
vn -0.270586171 -0.772543126 -0.57442166
vn -0.207841552 -0.247056939 -0.946448498
vn -0.388232332 -0.905875442 0.169308419
vn -0.207841552 -0.443133874 0.872028818
vn -0.349016945 -0.349016945 0.869697846
vn -0.54509388 -0.599995422 -0.585557986
vn -0.694112351 -0.709798506 0.119975515
vn -0.898032364 -0.411761564 0.154887982
vn -0.450976951 -0.223527706 0.864092098
vn -0.513721571 -0.0823523129 0.853995459
vn -0.756856971 -0.33333079 -0.562190457
vn -0.294115403 -0.137253855 -0.945863367
vn -0.33333079 -0.0352938484 -0.942149101
vn -0.976463138 -0.1215677 0.178160135
vn -0.474506184 0.0588230806 0.878284536
vn -0.843130822 -0.0823523129 -0.531364765
vn -0.835287745 0.0901953903 -0.54236443
vn -0.341173868 0.066666158 -0.937633199
vn -0.294115403 0.184312319 -0.937829995
vn -0.976463138 0.0980384677 0.192115065
vn -0.733327738 0.317644635 -0.601109236
vn -0.192155397 0.247056939 -0.949757428
vn -0.521564648 0.584309268 -0.621733864
vn -0.905875442 0.380389255 0.186262447
vn -0.388232332 0.15294001 0.908782157
vn -0.662740042 0.709798506 0.238666541
vn -0.278429248 0.239213861 0.93019024
vn -0.00392153847 -0.999992311 -0
vn -0.00392153847 -0.999992311 -0
vn -0.00392153847 -0.999992311 -0
vn -0.00392153847 -0.999992311 -0
vn -0.00392153847 -0.999992311 -0
vn -0.00392153847 -0.999992311 -0
vn 0.0117638918 0.999930803 -0
vn -0.113724623 0.874503132 -0.471498656
vn 0.0117646161 0.882346209 -0.470453782
vn -0.137253855 0.984306216 -0.110917325
vn 0.0117646161 0.984306216 0.176076311
vn -0.129410777 0.976463138 0.172547356
vn -0.137253855 0.654896964 0.743149612
vn 0.0117646161 0.670583119 0.74174111
vn -0.168626164 0.105881545 0.979976691
vn 0.00392153871 0.15294001 0.988227694
vn -0.199998474 -0.027450771 0.979411591
vn 0.0117646161 -0.027450771 0.999553925
vn 0.0117646161 -0.0509800032 0.998630379
vn -0.199998474 -0.0509800032 0.978469034
vn -0.160783087 -0.278429248 0.946903349
vn 0.00392153871 -0.317644635 0.948201723
vn -0.137253855 -0.780386203 0.610048157
vn 0.0117646161 -0.78822928 0.615269206
vn -0.145096932 -0.984306216 0.100439802
vn 0.0117646161 -0.992149293 0.124504513
vn 0.0117646161 -0.992149293 -0.124504513
vn -0.15294001 -0.984306216 -0.0880376456
vn 0.0117646161 -0.882346209 -0.470453782
vn -0.129410777 -0.882346209 -0.452457752
vn -0.247056939 -0.309801558 -0.918142616
vn 0.00392153871 -0.356860022 -0.934149638
vn -0.254900016 0.278429248 -0.926014652
vn 0.00392153871 0.33333079 -0.942801785
vn -0.113724623 0.874503132 -0.471498656
vn 0.0117646161 0.882346209 -0.470453782
vn -0.00392153847 -0.999992311 -0
vn -0.00392153847 -0.999992311 -0
vn -0.00392153847 -0.999992311 -0
vn -0.00392153847 -0.999992311 -0
vn -0.00392153871 0.00392153871 -0.999984621
vn -0.00392153871 0.00392153871 -0.999984621
vn -0.00392153871 0.00392153871 -0.999984621
vn -0.00392153871 0.00392153871 -0.999984621
vn 0.999992311 0.00392153847 -0
vn 0.999992311 0.00392153847 -0
vn 0.999992311 0.00392153847 -0
vn 0.999992311 0.00392153847 -0
vn 0.00392153871 -0.00392153871 0.999984621
vn 0.00392153871 -0.00392153871 0.999984621
vn 0.00392153871 -0.00392153871 0.999984621
vn 0.00392153871 -0.00392153871 0.999984621
vn -0.999992311 0.00392153847 -0
vn -0.999992311 0.00392153847 -0
vn -0.999992311 0.00392153847 -0
vn -0.999992311 0.00392153847 -0
vn 0.999807822 -0.0196040749 -0
vn 0.717641584 -0.694112351 -0.056556177
vn 0.999807822 -0.0196040749 -0
vn 0.678426197 -0.733327738 -0.0443657964
vn -0.733327738 -0.678426197 0.0443657964
vn -0.694112351 -0.717641584 0.056556177
vn -0.999807822 0.0196040749 -0
vn -0.999807822 0.0196040749 -0
vn 0.999992311 0.00392153847 -0
vn 0.694112351 -0.717641584 0.056556177
vn 0.999992311 0.00392153847 -0
vn 0.717641584 -0.694112351 0.056556177
vn -0.426739521 -0.90437458 -0
vn -0.442508221 -0.896764448 -0
vn -0.952933906 -0.294115403 -0.0735737741
vn -0.952933906 -0.286272326 -0.0998254784
vn -0.997235649 0.0743038327 -0
vn -0.997235649 0.0743038327 -0
vn -0.00392153871 -0.992149293 0.124997606
vn -0.00392153871 -0.992149293 0.124997606
vn -0.00392153871 -0.992149293 0.124997606
vn -0.00392153871 -0.992149293 0.124997606
vn 0.999992311 0.00392153847 -0
vn 0.999992311 0.00392153847 -0
vn 0.999992311 0.00392153847 -0
vn 0.999992311 0.00392153847 -0
vn -0.00392153871 0.992149293 -0.124997606
vn -0.00392153871 0.992149293 -0.124997606
vn -0.00392153871 0.992149293 -0.124997606
vn -0.00392153871 0.992149293 -0.124997606
vn -0.999992311 -0.00392153847 -0
vn -0.999992311 -0.00392153847 -0
vn -0.999992311 -0.00392153847 -0
vn -0.999992311 -0.00392153847 -0
vn -0.00392153871 -0.992149293 0.124997606
vn -0.00392153871 -0.992149293 0.124997606
vn -0.00392153871 -0.992149293 0.124997606
vn -0.00392153871 -0.992149293 0.124997606
vn 0.999992311 -0.00392153847 -0
vn 0.999992311 -0.00392153847 -0
vn 0.999992311 -0.00392153847 -0
vn 0.999992311 -0.00392153847 -0
vn -0.00392153871 0.992149293 -0.124997606
vn -0.00392153871 0.992149293 -0.124997606
vn -0.00392153871 0.992149293 -0.124997606
vn -0.00392153871 0.992149293 -0.124997606
vn -0.999992311 0.00392153847 -0
vn -0.999992311 0.00392153847 -0
vn -0.999992311 0.00392153847 -0
vn -0.999992311 0.00392153847 -0
vn -0.00392153871 -0.992149293 -0.124997606
vn -0.00392153871 -0.992149293 -0.124997606
vn -0.00392153871 -0.992149293 -0.124997606
vn -0.00392153871 -0.992149293 -0.124997606
vn 0.999992311 0.00392153847 -0
vn 0.999992311 0.00392153847 -0
vn 0.999992311 0.00392153847 -0
vn 0.999992311 0.00392153847 -0
vn -0.00392153871 0.992149293 0.124997606
vn -0.00392153871 0.992149293 0.124997606
vn -0.00392153871 0.992149293 0.124997606
vn -0.00392153871 0.992149293 0.124997606
vn -0.992149293 0.00392153871 -0.124997606
vn -0.992149293 0.00392153871 -0.124997606
vn -0.992149293 0.00392153871 -0.124997606
vn -0.992149293 0.00392153871 -0.124997606
vn -0.00392153871 -0.992149293 -0.124997606
vn -0.00392153871 -0.992149293 -0.124997606
vn -0.00392153871 -0.992149293 -0.124997606
vn -0.00392153871 -0.992149293 -0.124997606
vn 0.992149293 -0.00392153871 -0.124997606
vn 0.992149293 -0.00392153871 -0.124997606
vn 0.992149293 -0.00392153871 -0.124997606
vn 0.992149293 -0.00392153871 -0.124997606
vn -0.00392153871 0.992149293 0.124997606
vn -0.00392153871 0.992149293 0.124997606
vn -0.00392153871 0.992149293 0.124997606
vn -0.00392153871 0.992149293 0.124997606
vn -0.999992311 0.00392153847 -0
vn -0.999992311 0.00392153847 -0
vn -0.999992311 0.00392153847 -0
vn -0.999992311 0.00392153847 -0
vn -0.00392153871 -0.00392153871 -0.999984621
vn -0.00392153871 -0.00392153871 -0.999984621
vn -0.00392153871 -0.00392153871 -0.999984621
vn -0.00392153871 -0.00392153871 -0.999984621
vn -0.00392153871 0.00392153871 0.999984621
vn -0.00392153871 0.00392153871 0.999984621
vn -0.00392153871 0.00392153871 0.999984621
vn -0.00392153871 0.00392153871 0.999984621
vn -0.00392153847 -0.999992311 -0
vn -0.00392153847 -0.999992311 -0
vn -0.00392153847 -0.999992311 -0
vn -0.00392153847 -0.999992311 -0
vn 0.999992311 0.00392153847 -0
vn 0.999992311 0.00392153847 -0
vn 0.999992311 0.00392153847 -0
vn 0.999992311 0.00392153847 -0
vn -0.00392153847 0.999992311 -0
vn -0.00392153847 0.999992311 -0
vn -0.00392153847 0.999992311 -0
vn -0.00392153847 0.999992311 -0
vn -0.999992311 0.00392153847 -0
vn -0.999992311 0.00392153847 -0
vn -0.999992311 0.00392153847 -0
vn -0.999992311 0.00392153847 -0
vn -0.498035416 0.00392153871 -0.867147822
vn -0.498035416 0.00392153871 -0.867147822
vn -0.498035416 0.00392153871 -0.867147822
vn -0.498035416 0.00392153871 -0.867147822
vn 0.505878493 0.00392153871 0.862595833
vn 0.505878493 0.00392153871 0.862595833
vn 0.505878493 0.00392153871 0.862595833
vn 0.505878493 0.00392153871 0.862595833
vn -0.00392153847 -0.999992311 -0
vn -0.00392153847 -0.999992311 -0
vn -0.00392153847 -0.999992311 -0
vn -0.00392153847 -0.999992311 -0
vn 0.678426197 0.00392153871 -0.734658096
vn 0.678426197 0.00392153871 -0.734658096
vn 0.678426197 0.00392153871 -0.734658096
vn 0.678426197 0.00392153871 -0.734658096
vn -0.00392153847 0.999992311 -0
vn -0.00392153847 0.999992311 -0
vn -0.00392153847 0.999992311 -0
vn -0.00392153847 0.999992311 -0
vn -0.717641584 0.00392153871 0.696401593
vn -0.717641584 0.00392153871 0.696401593
vn -0.717641584 0.00392153871 0.696401593
vn -0.717641584 0.00392153871 0.696401593
vn -0.00392153871 0.968620061 0.248515189
vn -0.00392153871 0.968620061 0.248515189
vn 0.709798506 0.686269274 0.158809837
vn 0.709798506 0.686269274 0.158809837
vn 0.999992311 -0.00392153847 -0
vn 0.999992311 -0.00392153847 -0
vn 0.709798506 -0.686269274 -0.158809837
vn 0.709798506 -0.686269274 -0.158809837
vn -0.00392153871 -0.968620061 -0.248515189
vn -0.00392153871 -0.968620061 -0.248515189
vn -0.709798506 -0.686269274 -0.158809837
vn -0.709798506 -0.686269274 -0.158809837
vn -0.999992311 -0.00392153847 -0
vn -0.999992311 -0.00392153847 -0
vn -0.709798506 0.686269274 0.158809837
vn -0.709798506 0.686269274 0.158809837
vn -0.00392153871 0.968620061 0.248515189
vn -0.00392153871 0.968620061 0.248515189
vn -0.00392153871 0.968620061 0.248515189
vn -0.00392153871 0.968620061 0.248515189
vn 0.709798506 0.686269274 0.158809837
vn 0.709798506 0.686269274 0.158809837
vn 0.999992311 -0.00392153847 -0
vn 0.999992311 0.00392153847 -0
vn 0.709798506 -0.686269274 -0.158809837
vn 0.709798506 -0.686269274 -0.158809837
vn -0.00392153871 -0.968620061 -0.248515189
vn -0.00392153871 -0.968620061 -0.248515189
vn -0.709798506 -0.686269274 -0.158809837
vn -0.709798506 -0.686269274 -0.158809837
vn -0.999992311 -0.00392153847 -0
vn -0.999992311 0.00392153847 -0
vn -0.709798506 0.686269274 0.158809837
vn -0.709798506 0.686269274 0.158809837
vn -0.00392153871 0.968620061 0.248515189
vn -0.00392153871 0.968620061 0.248515189
vn 0.999992311 -0.00392153847 -0
vn 0.498035416 0.866660055 -0.0293440684
vn 0.498035416 0.866660055 -0.0293440684
vn 0.999992311 -0.00392153847 -0
vn 0.498035416 -0.866660055 -0.0293440684
vn 0.498035416 -0.866660055 -0.0293440684
vn -0.498035416 -0.866660055 -0.0293440684
vn -0.498035416 -0.866660055 -0.0293440684
vn -0.999992311 -0.00392153847 -0
vn -0.999992311 -0.00392153847 -0
vn -0.498035416 0.866660055 -0.0293440684
vn -0.498035416 0.866660055 -0.0293440684
vn 0.498035416 0.866660055 -0.0293440684
vn 0.498035416 0.866660055 -0.0293440684
vn -0.952933906 0.231370784 -0.195919705
vn -0.890189287 0.215684629 -0.40130185
vn -0.890189287 0.215684629 -0.40130185
vn -0.952933906 0.231370784 -0.195919705
vn -0.968620061 0.231370784 -0.0907895256
vn -0.968620061 0.231370784 -0.0907895256
vn -0.231370784 -0.952933906 -0.195919705
vn -0.215684629 -0.905875442 -0.364513134
vn -0.215684629 -0.905875442 -0.364513134
vn -0.231370784 -0.952933906 -0.195919705
vn -0.239213861 -0.968620061 0.0674678157
vn -0.239213861 -0.968620061 0.0674678157
vn -0.678426197 0.678426197 0.281914511
vn -0.223527706 0.529407726 0.818390386
vn -0.568623113 0.411761564 0.712123704
vn -0.113724623 0.960776984 0.25293141
vn 0.482349261 0.380389255 0.789077439
vn 0.733327738 0.15294001 0.662449833
vn -0.568623113 0.411761564 0.712123704
vn 0.513721571 0.835287745 0.195919705
vn 0.239213861 0.968620061 -0.0674678157
vn 0.239213861 0.968620061 -0.0674678157
vn 0.733327738 0.15294001 0.662449833
vn 0.921561596 0.349016945 0.170033514
vn 0.858816977 -0.458820029 0.227854298
vn 0.521564648 -0.81960159 0.237115059
vn 0.356860022 -0.654896964 0.666153804
vn 0.450976951 -0.403918487 0.795908063
vn 0.960776984 0.0509800032 0.272596088
vn 0.968620061 -0.231370784 -0.0907895256
vn 0.968620061 -0.231370784 -0.0907895256
vn 0.552936958 0.129410777 0.823112126
vn 0.772543126 0.513721571 0.373185298
vn 0.552936958 0.427447719 0.715226655
vn 0.356860022 -0.654896964 0.666153804
vn 0.552936958 0.427447719 0.715226655
vn -0.858816977 0.458820029 0.227854298
vn -0.968620061 0.231370784 0.0907895256
vn -0.968620061 0.231370784 0.0907895256
vn -0.960776984 -0.0509800032 0.272596088
vn -0.450976951 0.403918487 0.795908063
vn -0.3647031 0.662740042 0.654039208
vn -0.521564648 0.81960159 0.237115059
vn -0.560780035 -0.129410777 0.81778885
vn -0.78822928 -0.513721571 0.338798981
vn -0.568623113 -0.427447719 0.702820178
vn -0.3647031 0.662740042 0.654039208
vn -0.568623113 -0.427447719 0.702820178
vn 0.952933906 -0.231370784 -0.195919705
vn 0.890189287 -0.215684629 -0.40130185
vn 0.890189287 -0.215684629 -0.40130185
vn 0.952933906 -0.231370784 -0.195919705
vn 0.968620061 -0.231370784 -0.0907895256
vn 0.968620061 -0.231370784 -0.0907895256
vn 0.223527706 0.929404674 -0.293670422
vn 0.199998474 0.811758513 -0.548679075
vn 0.199998474 0.811758513 -0.548679075
vn 0.231370784 0.937247751 -0.260833689
vn 0.239213861 0.968620061 0.0674678157
vn 0.239213861 0.968620061 0.0674678157
vn 0.686269274 -0.599995422 0.411144715
vn 0.239213861 -0.419604642 0.875619023
vn 0.537250803 -0.286272326 0.793353471
vn 0.105881545 -0.921561596 0.373514822
vn -0.474506184 -0.286272326 0.832401368
vn -0.670583119 -0.0745092355 0.738083094
vn 0.537250803 -0.286272326 0.793353471
vn -0.490192339 -0.81960159 0.296588444
vn -0.239213861 -0.968620061 -0.0674678157
vn -0.239213861 -0.968620061 -0.0674678157
vn -0.670583119 -0.0745092355 0.738083094
vn -0.921561596 -0.317644635 0.223217628
vn -0.00392153871 0.00392153871 0.999984621
vn -0.00392153871 0.00392153871 0.999984621
vn -0.00392153871 0.00392153871 0.999984621
vn -0.00392153871 0.00392153871 0.999984621
vn 0.00392153871 -0.00392153871 -0.999984621
vn 0.00392153871 -0.00392153871 -0.999984621
vn 0.00392153871 -0.00392153871 -0.999984621
vn 0.00392153871 -0.00392153871 -0.999984621
vn 0.066666158 0.027450771 0.997397653
vn 0.066666158 0.027450771 0.997397653
vn 0.066666158 0.027450771 0.997397653
vn 0.066666158 0.027450771 0.997397653
vn 0.0117638918 0.999930803 -0
vn 0.0117638918 0.999930803 -0
vn 0.0117638918 0.999930803 -0
vn 0.0117638918 0.999930803 -0
vn 0.0117638918 0.999930803 -0
vn 0.0117638918 0.999930803 -0
vn 0.984306216 -0.0352938484 -0.172903493
vn 0.984306216 -0.0352938484 -0.172903493
vn 0.984306216 -0.0352938484 -0.172903493
vn 0.984306216 -0.0352938484 -0.172903493
vn 0.984306216 -0.0352938484 -0.172903493
vn 0.984306216 -0.0352938484 -0.172903493
vn 0.215684616 -0.97646308 -0
vn 0.215684616 -0.97646308 -0
vn 0.215684616 -0.97646308 -0
vn 0.215684616 -0.97646308 -0
vn 0.215684616 -0.97646308 -0
vn 0.215684616 -0.97646308 -0
vn -0.984306216 0.0352938484 0.172903493
vn -0.984306216 0.0352938484 0.172903493
vn -0.984306216 0.0352938484 0.172903493
vn -0.984306216 0.0352938484 0.172903493
vn -0.984306216 0.0352938484 0.172903493
vn -0.984306216 0.0352938484 0.172903493
vn -0.0745092355 -0.0117646161 -0.997150925
vn -0.0745092355 -0.0117646161 -0.997150925
vn -0.0745092355 -0.0117646161 -0.997150925
vn -0.0745092355 -0.0117646161 -0.997150925
vn -0.00392153871 0.00392153871 -0.999984621
vn -0.00392153871 0.00392153871 -0.999984621
vn -0.00392153871 0.00392153871 -0.999984621
vn -0.00392153871 0.00392153871 -0.999984621
vn -0.00392153871 -0.00392153871 0.999984621
vn -0.00392153871 -0.00392153871 0.999984621
vn -0.00392153871 -0.00392153871 0.999984621
vn -0.00392153871 -0.00392153871 0.999984621
vn 0.0430971754 -0.999070885 -0
vn 0.0430971754 -0.999070885 -0
vn 0.0430971754 -0.999070885 -0
vn 0.0430971754 -0.999070885 -0
vn 0.999070885 0.0430971754 -0
vn 0.999070885 0.0430971754 -0
vn 0.999070885 0.0430971754 -0
vn 0.999070885 0.0430971754 -0
vn -0.0430971754 0.999070885 -0
vn -0.0430971754 0.999070885 -0
vn -0.0430971754 0.999070885 -0
vn -0.0430971754 0.999070885 -0
vn -0.999070885 -0.0430971754 -0
vn -0.999070885 -0.0430971754 -0
vn -0.999070885 -0.0430971754 -0
vn -0.999070885 -0.0430971754 -0
vn -0.00392153871 -0.0431369258 0.999061473
vn -0.00392153871 -0.0352938484 0.999369284
vn -0.00392153871 -0.0352938484 0.999369284
vn 0.00392153871 -0.0431369258 0.999061473
vn 0.00392153871 -0.0431369258 0.999061473
vn 0.00392153871 -0.0352938484 0.999369284
vn 0.00392153871 -0.027450771 0.999615464
vn 0.0117646161 -0.027450771 0.999553925
vn 0.270586171 -0.960776984 -0.060751231
vn -0.0117638918 -0.999930803 -0
vn -0.0117638918 -0.999930803 -0
vn 0.262743093 -0.960776984 -0.0887336169
vn 0.763386285 -0.645942241 -0
vn 0.763386285 -0.645942241 -0
vn 0.981472661 -0.191602233 -0
vn 0.982916491 -0.184052092 -0
vn 0.999992311 0.00392153847 -0
vn 0.999992311 0.00392153847 -0
vn -0.999623435 -0.0274406433 -0
vn -0.999623435 -0.0274406433 -0
vn -0.999623435 -0.0274406433 -0
vn -0.999623435 -0.0274406433 -0
vn 0.0431369258 -0.0431369258 0.998137471
vn 0.0509800032 -0.0509800032 0.997397653
vn 0.0509800032 -0.0509800032 0.997397653
vn 0.0588230806 -0.027450771 0.997890926
vn 0.0588230806 -0.0117646161 0.998199098
vn 0.0745092355 -0.0117646161 0.997150925
vn 0.0745092355 -0.0196076935 0.997027538
vn 0.0745092355 -0.027450771 0.996842429
vn 0.262743093 -0.960776984 -0.0887336169
vn 0.00392153847 -0.999992311 -0
vn 0.00392153847 -0.999992311 -0
vn 0.247056939 -0.968620061 -0.0271670136
vn 0.756856971 -0.647053887 -0.0921346483
vn 0.756205966 -0.654333659 -0
vn 0.984306216 -0.168626164 -0.0520239392
vn 0.984306216 -0.160783087 -0.0727328847
vn 0.999807822 0.0196040749 -0
vn 0.999807822 0.0196040749 -0
vn -0.999992311 -0.00392153847 -0
vn -0.999992311 -0.00392153847 -0
vn -0.999992311 -0.00392153847 -0
vn -0.999992311 -0.00392153847 -0
vn 0.0588230806 -0.027450771 0.997890926
vn 0.0509800032 -0.0509800032 0.997397653
vn 0.0509800032 -0.0509800032 0.997397653
vn 0.0352938484 -0.0431369258 0.998445567
vn -0.0588230806 -0.00392153871 0.998260721
vn -0.00392153871 -0.066666158 0.997767631
vn 0.0117646161 -0.0823523129 0.996533838
vn 0.0117646161 -0.0823523129 0.996533838
vn 0.239213861 -0.968620061 -0.0674678157
vn -0.00392153847 -0.999992311 -0
vn -0.00392153847 -0.999992311 -0
vn 0.247056939 -0.968620061 -0.0271670136
vn 0.678426197 -0.733327738 -0.0443657964
vn 0.683291457 -0.730145728 -0
vn 0.960481557 -0.278343635 -0
vn 0.967074537 -0.254493299 -0
vn 0.999807822 0.0196040749 -0
vn 0.999807822 0.0196040749 -0
vn -0.996626148 0.0820750945 -0
vn -0.996626148 0.0820750945 -0
vn -0.996626148 0.0820750945 -0
vn -0.996626148 0.0820750945 -0
vn -0.00392153871 -0.0352938484 0.999369284
vn -0.00392153871 -0.027450771 0.999615464
vn -0.00392153871 -0.0352938484 0.999369284
vn -0.00392153871 -0.0352938484 0.999369284
vn 0.00392153871 -0.0352938484 0.999369284
vn 0.00392153871 -0.0352938484 0.999369284
vn -0.00392153871 -0.0352938484 0.999369284
vn -0.00392153871 -0.0352938484 0.999369284
vn -0.709798506 0.701955429 0.0586911971
vn -0.701955429 0.709798506 0.0586911971
vn -0.981472661 -0.191602233 -0
vn -0.982916491 -0.184052092 -0
vn -0.701955429 -0.709798506 -0.0586911971
vn -0.709798506 -0.701955429 -0.0586911971
vn -0.199998474 -0.976463138 -0.0807486828
vn -0.199998474 -0.976463138 -0.0807486828
vn -0.0117638918 -0.999930803 -0
vn -0.0117638918 -0.999930803 -0
vn 0.999377744 -0.0352721557 -0
vn 0.999377744 -0.0352721557 -0
vn 0.999377744 -0.0352721557 -0
vn 0.999377744 -0.0352721557 -0
vn -0.223143683 -0.974785564 -0
vn 0.0117638918 -0.999930803 -0
vn 0.0117638918 -0.999930803 -0
vn -0.215684616 -0.97646308 -0
vn -0.730145728 -0.683291457 -0
vn -0.733327738 -0.678426197 -0.0443657964
vn -0.984306216 -0.168626164 -0.0520239392
vn -0.984306216 -0.160783087 -0.0727328847
vn -0.999070885 0.0430971754 -0
vn -0.999070885 0.0430971754 -0
vn 0.999992311 -0.00392153847 -0
vn 0.999992311 -0.00392153847 -0
vn 0.999992311 -0.00392153847 -0
vn 0.999992311 -0.00392153847 -0
vn -0.239213861 -0.968620061 -0.0674678157
vn 0.0117638918 -0.999930803 -0
vn 0.0117638918 -0.999930803 -0
vn -0.231370784 -0.968620061 -0.0907895256
vn -0.717641584 -0.694112351 -0.056556177
vn -0.725484661 -0.686269274 -0.0520239392
vn -0.974785564 -0.223143683 -0
vn -0.974785564 -0.223143683 -0
vn -0.999930803 -0.0117638918 -0
vn -0.999930803 -0.0117638918 -0
vn 0.999623435 -0.0274406433 -0
vn 0.999623435 -0.0274406433 -0
vn 0.999623435 -0.0274406433 -0
vn 0.999623435 -0.0274406433 -0
vn -0.0509800032 -0.0431369258 0.997767631
vn -0.0352938484 -0.0431369258 0.998445567
vn -0.0352938484 -0.0431369258 0.998445567
vn -0.0431369258 -0.0588230806 0.997335977
vn -0.066666158 -0.0588230806 0.996039893
vn -0.027450771 -0.066666158 0.997397653
vn -0.0352938484 -0.0588230806 0.99764432
vn -0.0352938484 -0.0588230806 0.99764432
vn -0.00392153847 0.999992311 -0
vn -0.00392153847 0.999992311 -0
vn -0.00392153847 0.999992311 -0
vn -0.00392153847 0.999992311 -0
vn -0.0196076935 -0.0196076935 0.999615464
vn -0.0117646161 -0.027450771 0.999553925
vn -0.0196076935 -0.0196076935 0.999615464
vn -0.0196076935 -0.0196076935 0.999615464
vn -0.0117646161 -0.027450771 0.999553925
vn -0.027450771 -0.0196076935 0.999430835
vn -0.0352938484 -0.0196076935 0.999184609
vn -0.0352938484 -0.0196076935 0.999184609
vn 0.184052092 0.982916491 -0
vn 0.184052092 0.982916491 -0
vn 0.184052092 0.982916491 -0
vn 0.184052092 0.982916491 -0
vn -0.709798506 0.701955429 0.0586911971
vn -0.0117638918 0.999930803 -0
vn -0.0117638918 0.999930803 -0
vn -0.701955429 0.709798506 0.0586911971
vn -0.0196040749 0.999807822 -0
vn -0.0196040749 0.999807822 -0
vn -0.0196040749 0.999807822 -0
vn -0.0196040749 0.999807822 -0
vn -0.207841552 0.976463138 0.0576335743
vn -0.207841552 0.976463138 0.0576335743
vn -0.207841552 0.976463138 0.0576335743
vn -0.207841552 0.976463138 0.0576335743
vn -0.066666158 0.992149293 0.105808333
vn -0.066666158 0.992149293 0.105808333
vn -0.066666158 0.992149293 0.105808333
vn -0.066666158 0.992149293 0.105808333
vn 0.00392153871 0.0588230806 -0.998260721
vn 0.00392153871 0.0509800032 -0.998691975
vn 0.00392153871 0.0588230806 -0.998260721
vn 0.00392153871 0.0509800032 -0.998691975
vn 0.0117646161 0.0431369258 -0.9989999
vn -0.0117646161 0.0588230806 -0.998199098
vn -0.0117646161 0.0588230806 -0.998199098
vn -0.0117646161 0.0588230806 -0.998199098
vn -0.0117646161 0.0431369258 -0.9989999
vn -0.0196076935 0.0352938484 -0.999184609
vn -0.0117646161 0.0431369258 -0.9989999
vn -0.0352938484 0.0196076935 -0.999184609
vn -0.027450771 0.0117646161 -0.999553925
vn -0.0509800032 0.00392153871 -0.998691975
vn -0.0588230806 0.00392153871 -0.998260721
vn -0.0588230806 0.00392153871 -0.998260721
vn 0.0117646161 0.0588230806 -0.998199098
vn 0.00392153871 0.0509800032 -0.998691975
vn 0.0117646161 0.0588230806 -0.998199098
vn 0.00392153871 0.0431369258 -0.999061473
vn -0.00392153871 0.0352938484 -0.999369284
vn 0.00392153871 0.027450771 -0.999615464
vn 0.00392153871 0.027450771 -0.999615464
vn 0.00392153871 0.027450771 -0.999615464
vn 0.0117646161 0.0588230806 -0.998199098
vn 0.0117646161 0.0588230806 -0.998199098
vn 0.0117646161 0.0588230806 -0.998199098
vn 0.0196076935 0.0509800032 -0.998507175
vn 0.0117646161 0.0588230806 -0.998199098
vn 0.0196076935 0.0509800032 -0.998507175
vn 0.0196076935 0.0509800032 -0.998507175
vn 0.0196076935 0.0509800032 -0.998507175
vn 0.0196076935 0.00392153871 -0.99980006
vn 0.027450771 0.0117646161 -0.999553925
vn 0.0196076935 0.00392153871 -0.99980006
vn 0.0117646161 0.027450771 -0.999553925
vn 0.0196076935 0.027450771 -0.999430835
vn 0.00392153871 0.0352938484 -0.999369284
vn 0.00392153871 0.0352938484 -0.999369284
vn 0.00392153871 0.0352938484 -0.999369284
vn 0.0117646161 0.00392153871 -0.999923105
vn 0.0117646161 0.00392153871 -0.999923105
vn 0.0117646161 0.00392153871 -0.999923105
vn 0.0117646161 0.00392153871 -0.999923105
vn 0.0117646161 0.0117646161 -0.999861584
vn 0.00392153871 0.0117646161 -0.999923105
vn 0.0117646161 -0.00392153871 -0.999923105
vn 0.0117646161 -0.00392153871 -0.999923105
vn 0.999377744 0.0352721557 -0
vn 0.999377744 0.0352721557 -0
vn 0.999377744 0.0352721557 -0
vn 0.999377744 0.0352721557 -0
vn -0.999377744 -0.0352721557 -0
vn -0.999377744 -0.0352721557 -0
vn -0.999377744 -0.0352721557 -0
vn -0.999377744 -0.0352721557 -0
vn 0.00392153871 -0.0117646161 -0.999923105
vn 0.00392153871 -0.0117646161 -0.999923105
vn 0.00392153871 -0.0117646161 -0.999923105
vn 0.00392153871 -0.0117646161 -0.999923105
vn 0.0588230806 -0.992149293 -0.110361339
vn 0.0588230806 -0.992149293 -0.110361339
vn 0.0588230806 -0.992149293 -0.110361339
vn 0.0588230806 -0.992149293 -0.110361339
vn -0.00392153871 0.0117646161 0.999923105
vn -0.00392153871 0.0117646161 0.999923105
vn -0.00392153871 0.0117646161 0.999923105
vn -0.00392153871 0.0117646161 0.999923105
vn -0.058722022 0.998274373 -0
vn -0.058722022 0.998274373 -0
vn -0.058722022 0.998274373 -0
vn -0.058722022 0.998274373 -0
vn 0.999377744 0.0352721557 -0
vn 0.999377744 0.0352721557 -0
vn 0.999377744 0.0352721557 -0
vn 0.999377744 0.0352721557 -0
vn -0.999377744 -0.0352721557 -0
vn -0.999377744 -0.0352721557 -0
vn -0.999377744 -0.0352721557 -0
vn -0.999377744 -0.0352721557 -0
vn 0.00392153871 -0.0117646161 -0.999923105
vn 0.00392153871 -0.0117646161 -0.999923105
vn 0.00392153871 -0.0117646161 -0.999923105
vn 0.00392153871 -0.0117646161 -0.999923105
vn 0.0588230806 -0.992149293 -0.110361339
vn 0.0588230806 -0.992149293 -0.110361339
vn 0.0588230806 -0.992149293 -0.110361339
vn 0.0588230806 -0.992149293 -0.110361339
vn -0.00392153871 0.0117646161 0.999923105
vn -0.00392153871 0.0117646161 0.999923105
vn -0.00392153871 0.0117646161 0.999923105
vn -0.00392153871 0.0117646161 0.999923105
vn -0.058722022 0.998274373 -0
vn -0.058722022 0.998274373 -0
vn -0.058722022 0.998274373 -0
vn -0.058722022 0.998274373 -0
vn 0.945090829 0.317644635 0.0768453717
vn 0.945090829 0.317644635 0.0768453717
vn 0.945090829 0.317644635 0.0768453717
vn 0.945090829 0.317644635 0.0768453717
vn -0.945090829 -0.317644635 -0.0768453717
vn -0.945090829 -0.317644635 -0.0768453717
vn -0.945090829 -0.317644635 -0.0768453717
vn -0.945090829 -0.317644635 -0.0768453717
vn 0.00392153871 -0.0117646161 -0.999923105
vn 0.00392153871 -0.0117646161 -0.999923105
vn 0.00392153871 -0.0117646161 -0.999923105
vn 0.00392153871 -0.0117646161 -0.999923105
vn 0.317644635 -0.937247751 -0.143765567
vn 0.317644635 -0.937247751 -0.143765567
vn 0.317644635 -0.937247751 -0.143765567
vn 0.317644635 -0.937247751 -0.143765567
vn -0.00392153871 0.0117646161 0.999923105
vn -0.00392153871 0.0117646161 0.999923105
vn -0.00392153871 0.0117646161 0.999923105
vn -0.00392153871 0.0117646161 0.999923105
vn -0.317644635 0.945090829 -0.0768453717
vn -0.317644635 0.945090829 -0.0768453717
vn -0.317644635 0.945090829 -0.0768453717
vn -0.317644635 0.945090829 -0.0768453717
vn 0.945090829 0.317644635 0.0768453717
vn 0.945090829 0.317644635 0.0768453717
vn 0.945090829 0.317644635 0.0768453717
vn 0.945090829 0.317644635 0.0768453717
vn -0.945090829 -0.317644635 -0.0768453717
vn -0.945090829 -0.317644635 -0.0768453717
vn -0.945090829 -0.317644635 -0.0768453717
vn -0.945090829 -0.317644635 -0.0768453717
vn 0.00392153871 -0.0117646161 -0.999923105
vn 0.00392153871 -0.0117646161 -0.999923105
vn 0.00392153871 -0.0117646161 -0.999923105
vn 0.00392153871 -0.0117646161 -0.999923105
vn 0.317644635 -0.937247751 -0.143765567
vn 0.317644635 -0.937247751 -0.143765567
vn 0.317644635 -0.937247751 -0.143765567
vn 0.317644635 -0.937247751 -0.143765567
vn -0.00392153871 0.0117646161 0.999923105
vn -0.00392153871 0.0117646161 0.999923105
vn -0.00392153871 0.0117646161 0.999923105
vn -0.00392153871 0.0117646161 0.999923105
vn -0.317644635 0.945090829 -0.0768453717
vn -0.317644635 0.945090829 -0.0768453717
vn -0.317644635 0.945090829 -0.0768453717
vn -0.317644635 0.945090829 -0.0768453717
vn 0.278429248 0.00392153871 -0.960448736
vn 0.278429248 0.00392153871 -0.960448736
vn 0.874503132 0.00392153871 -0.485004014
vn 0.874503132 0.00392153871 -0.485004014
vn 0.874503132 0.00392153871 0.485004014
vn 0.882346209 0.00392153871 0.470584518
vn 0.278429248 0.00392153871 0.960448736
vn 0.278429248 0.00392153871 0.960448736
vn -0.278429248 0.00392153871 0.960448736
vn -0.278429248 0.00392153871 0.960448736
vn -0.882346209 0.00392153871 0.470584518
vn -0.874503132 0.00392153871 0.485004014
vn -0.874503132 0.00392153871 -0.485004014
vn -0.874503132 0.00392153871 -0.485004014
vn -0.278429248 0.00392153871 -0.960448736
vn -0.278429248 0.00392153871 -0.960448736
vn 0.278429248 0.00392153871 -0.960448736
vn 0.278429248 0.00392153871 -0.960448736
vn 0.278343635 0.960481557 -0
vn 0.866660055 0.498035416 -0.0293440684
vn 0.866660055 0.388232332 0.313330506
vn 0.294115403 0.874503132 0.385668772
vn -0.450976951 0.890189287 -0.0646747476
vn -0.466663106 0.803915435 0.368707904
vn -0.945090829 0.317644635 -0.0768453717
vn -0.929404674 0.207841552 0.30497351
vn -0.882346209 -0.466663106 -0.060751231
vn -0.827444667 -0.513721571 0.226771846
vn -0.286272326 -0.952933906 -0.0998254784
vn -0.262743093 -0.945090829 0.194343491
vn 0.466663106 -0.882346209 -0.060751231
vn 0.435290797 -0.874503132 0.21393035
vn 0.952933906 -0.278429248 -0.119975515
vn 0.905875442 -0.341173868 0.250978239
vn 0.866660055 0.498035416 -0.0293440684
vn 0.866660055 0.388232332 0.313330506
vn -0.631367732 0.0745092355 -0.771895822
vn -0.631367732 0.0745092355 -0.771895822
vn -0.631367732 0.0745092355 -0.771895822
vn -0.631367732 0.0745092355 -0.771895822
vn -0.631367732 -0.490192339 -0.600904533
vn -0.631367732 -0.490192339 -0.600904533
vn -0.631367732 -0.490192339 -0.600904533
vn -0.631367732 -0.490192339 -0.600904533
vn -0.631367732 -0.772543126 -0.0674678157
vn -0.631367732 -0.772543126 -0.0674678157
vn -0.631367732 -0.772543126 -0.0674678157
vn -0.631367732 -0.772543126 -0.0674678157
vn -0.631367732 -0.599995422 0.491304671
vn -0.631367732 -0.599995422 0.491304671
vn -0.631367732 -0.599995422 0.491304671
vn -0.631367732 -0.599995422 0.491304671
vn -0.631367732 -0.0745092355 0.771895822
vn -0.631367732 -0.0745092355 0.771895822
vn -0.631367732 -0.0745092355 0.771895822
vn -0.631367732 -0.0745092355 0.771895822
vn -0.631367732 0.490192339 0.600904533
vn -0.631367732 0.490192339 0.600904533
vn -0.631367732 0.490192339 0.600904533
vn -0.631367732 0.490192339 0.600904533
vn -0.631367732 0.772543126 0.0674678157
vn -0.631367732 0.772543126 0.0674678157
vn -0.631367732 0.772543126 0.0674678157
vn -0.631367732 0.772543126 0.0674678157
vn -0.631367732 0.599995422 -0.491304671
vn -0.631367732 0.599995422 -0.491304671
vn -0.631367732 0.599995422 -0.491304671
vn -0.631367732 0.599995422 -0.491304671
vn 0.00392153871 -0.309801558 0.950793151
vn 0.00392153871 -0.309801558 0.950793151
vn 0.00392153871 -0.309801558 0.950793151
vn 0.00392153871 -0.309801558 0.950793151
vn 0.00392153871 -0.309801558 0.950793151
vn 0.00392153871 -0.309801558 0.950793151
vn 0.00392153871 -0.309801558 0.950793151
vn 0.00392153871 -0.309801558 0.950793151
vn -0.999992311 0.00392153847 -0
vn -0.999992311 0.00392153847 -0
vn -0.999992311 0.00392153847 -0
vn -0.999992311 0.00392153847 -0
vn -0.999992311 0.00392153847 -0
vn -0.999992311 0.00392153847 -0
vn -0.999992311 0.00392153847 -0
vn -0.999992311 0.00392153847 -0
vn -0.999992311 0.00392153847 -0
vn -0.999992311 0.00392153847 -0
vn -0.00392153847 0.999992311 -0
vn -0.00392153847 0.999992311 -0
vn -0.00392153847 0.999992311 -0
vn -0.00392153847 0.999992311 -0
vn -0.00392153847 0.999992311 -0
vn -0.00392153847 0.999992311 -0
vn -0.00392153847 0.999992311 -0
vn -0.00392153847 0.999992311 -0
vn 0.066666158 -0.027450771 0.997397653
vn 0.0588230806 -0.0431369258 0.997335977
vn 0.0588230806 -0.0431369258 0.997335977
vn 0.0509800032 -0.0352938484 0.998075841
vn 0.0352938484 -0.027450771 0.9989999
vn 0.027450771 -0.0431369258 0.998691975
vn 0.0431369258 -0.0509800032 0.997767631
vn 0.0431369258 -0.0509800032 0.997767631
vn 0.278343635 -0.960481557 -0
vn -0.00392153847 -0.999992311 -0
vn -0.00392153847 -0.999992311 -0
vn 0.270586171 -0.960776984 -0.060751231
vn 0.741170816 -0.670583119 -0.0313704013
vn 0.733327738 -0.678426197 -0.0443657964
vn 0.968620061 -0.239213861 -0.0674678157
vn 0.974785564 -0.223143683 -0
vn 0.999992311 0.00392153847 -0
vn 0.999992311 0.00392153847 -0
vn -0.996626148 0.0820750945 -0
vn -0.996626148 0.0820750945 -0
vn -0.996626148 0.0820750945 -0
vn -0.996626148 0.0820750945 -0
vn 0.027450771 -0.0588230806 0.997890926
vn 0.0117646161 -0.0588230806 0.998199098
vn 0.0117646161 -0.0588230806 0.998199098
vn 0.0196076935 -0.0509800032 0.998507175
vn 0.0588230806 -0.0588230806 0.996533838
vn 0.00392153871 -0.0509800032 0.998691975
vn -0.0196076935 -0.0431369258 0.998876741
vn -0.0196076935 -0.0431369258 0.998876741
vn 0.332615423 -0.943062554 -0
vn 0.0352721557 -0.999377744 -0
vn 0.0352721557 -0.999377744 -0
vn 0.341173868 -0.937247751 -0.071882159
vn 0.803915435 -0.592152345 -0.0554578528
vn 0.796072358 -0.599995422 -0.0792104433
vn 0.981472661 -0.191602233 -0
vn 0.984306157 -0.176469231 -0
vn 0.999992311 -0.00392153847 -0
vn 0.999992311 -0.00392153847 -0
vn -0.997785158 0.0665190105 -0
vn -0.997785158 0.0665190105 -0
vn -0.997785158 0.0665190105 -0
vn -0.997785158 0.0665190105 -0
vn -0.168626164 -0.984306216 -0.0520239392
vn -0.00392153847 -0.999992311 -0
vn -0.00392153847 -0.999992311 -0
vn -0.176469231 -0.984306157 -0
vn -0.647053887 -0.756856971 -0.0921346483
vn -0.647053887 -0.756856971 -0.0921346483
vn -0.97305722 -0.230563759 -0
vn -0.967074537 -0.254493299 -0
vn -0.999992311 0.00392153847 -0
vn -0.999992311 0.00392153847 -0
vn 0.999992311 0.00392153847 -0
vn 0.999992311 0.00392153847 -0
vn 0.999992311 0.00392153847 -0
vn 0.999992311 0.00392153847 -0
vn -0.207841552 -0.976463138 -0.0576335743
vn 0.0196040749 -0.999807822 -0
vn 0.0196040749 -0.999807822 -0
vn -0.207841552 -0.976463138 -0.0576335743
vn -0.709798506 -0.701955429 -0.0586911971
vn -0.709798506 -0.701955429 -0.0586911971
vn -0.976463138 -0.199998474 -0.0807486828
vn -0.97646308 -0.215684616 -0
vn -0.999807822 0.0196040749 -0
vn -0.999807822 0.0196040749 -0
vn 0.998703027 0.050914272 -0
vn 0.998703027 0.050914272 -0
vn 0.998703027 0.050914272 -0
vn 0.998703027 0.050914272 -0
vn -0.207841552 -0.976463138 -0.0576335743
vn 0.0117638918 -0.999930803 -0
vn 0.0117638918 -0.999930803 -0
vn -0.215684616 -0.97646308 -0
vn -0.701955429 -0.709798506 -0.0586911971
vn -0.701955429 -0.701955429 -0.120487145
vn -0.976463138 -0.207841552 -0.0576335743
vn -0.976463138 -0.199998474 -0.0807486828
vn -0.992149293 0.0352938484 -0.119975515
vn -0.992149293 0.0352938484 -0.119975515
vn 0.999992311 0.00392153847 -0
vn 0.999992311 0.00392153847 -0
vn 0.999992311 0.00392153847 -0
vn 0.999992311 0.00392153847 -0
vn 0.0196076935 -0.0196076935 0.999615464
vn 0.0196076935 -0.027450771 0.999430835
vn 0.0196076935 -0.027450771 0.999430835
vn 0.0196076935 -0.027450771 0.999430835
vn 0.027450771 -0.0196076935 0.999430835
vn 0.0196076935 -0.0196076935 0.999615464
vn 0.0196076935 -0.027450771 0.999430835
vn 0.0196076935 -0.027450771 0.999430835
vn 0.0431369258 -0.027450771 0.998691975
vn 0.0352938484 -0.00392153871 0.999369284
vn 0.0352938484 -0.00392153871 0.999369284
vn 0.0352938484 -0.0196076935 0.999184609
vn -0.0117646161 -0.0509800032 0.998630379
vn 0.0117646161 -0.0196076935 0.999738532
vn 0.027450771 -0.0117646161 0.999553925
vn 0.027450771 -0.0117646161 0.999553925
vn -0.0745092355 -0.0196076935 0.997027538
vn -0.066666158 -0.027450771 0.997397653
vn -0.066666158 -0.027450771 0.997397653
vn -0.066666158 -0.0196076935 0.997582659
vn -0.0745092355 -0.0196076935 0.997027538
vn -0.066666158 -0.0117646161 0.997705977
vn -0.066666158 -0.0117646161 0.997705977
vn -0.066666158 -0.0117646161 0.997705977
vn -0.00392153847 0.999992311 -0
vn -0.00392153847 0.999992311 -0
vn -0.00392153847 0.999992311 -0
vn -0.00392153847 0.999992311 -0
vn 0.176469231 0.984306157 -0
vn 0.176469231 0.984306157 -0
vn 0.176469231 0.984306157 -0
vn 0.176469231 0.984306157 -0
vn -0.00392153847 0.999992311 -0
vn -0.00392153847 0.999992311 -0
vn -0.00392153847 0.999992311 -0
vn -0.00392153847 0.999992311 -0
vn -0.00392153847 0.999992311 -0
vn -0.00392153847 0.999992311 -0
vn -0.00392153847 0.999992311 -0
vn -0.00392153847 0.999992311 -0
vn -0.0823523129 0.992149293 0.0941162929
vn -0.0823523129 0.992149293 0.0941162929
vn -0.0823523129 0.992149293 0.0941162929
vn -0.0823523129 0.992149293 0.0941162929
vn 0.0352938484 0.0588230806 -0.99764432
vn 0.0431369258 0.0352938484 -0.998445567
vn 0.0352938484 0.0588230806 -0.99764432
vn 0.0196076935 0.0196076935 -0.999615464
vn 0.0117646161 -0.00392153871 -0.999923105
vn -0.00392153871 0.00392153871 -0.999984621
vn -0.00392153871 0.0117646161 -0.999923105
vn -0.00392153871 0.0117646161 -0.999923105
vn 0.027450771 0.0588230806 -0.997890926
vn 0.0431369258 0.027450771 -0.998691975
vn 0.027450771 0.0588230806 -0.997890926
vn -0.00392153871 -0.00392153871 -0.999984621
vn -0.0196076935 -0.0509800032 -0.998507175
vn -0.0588230806 -0.0431369258 -0.997335977
vn -0.0509800032 -0.0352938484 -0.998075841
vn -0.0509800032 -0.0352938484 -0.998075841
vn -0.0196076935 -0.00392153871 -0.99980006
vn -0.0196076935 -0.00392153871 -0.99980006
vn -0.0196076935 -0.00392153871 -0.99980006
vn -0.0196076935 -0.00392153871 -0.99980006
vn -0.027450771 -0.0117646161 -0.999553925
vn -0.0196076935 -0.00392153871 -0.99980006
vn -0.0196076935 0.00392153871 -0.99980006
vn -0.0196076935 0.00392153871 -0.99980006
vn 0.0745092355 -0.00392153871 -0.997212613
vn 0.0588230806 -0.00392153871 -0.998260721
vn 0.0745092355 -0.00392153871 -0.997212613
vn 0.066666158 -0.00392153871 -0.997767631
vn 0.0509800032 -0.0196076935 -0.998507175
vn 0.066666158 -0.0117646161 -0.997705977
vn 0.066666158 0.00392153871 -0.997767631
vn 0.066666158 0.00392153871 -0.997767631
vn -0.0117646161 0.0196076935 -0.999738532
vn -0.0117646161 0.0196076935 -0.999738532
vn -0.0117646161 0.0196076935 -0.999738532
vn -0.0196076935 0.027450771 -0.999430835
vn -0.0196076935 0.0352938484 -0.999184609
vn -0.027450771 0.0196076935 -0.999430835
vn -0.027450771 0.0117646161 -0.999553925
vn -0.027450771 0.0117646161 -0.999553925
vn 0.999992311 0.00392153847 -0
vn 0.999992311 0.00392153847 -0
vn 0.999992311 0.00392153847 -0
vn 0.999992311 0.00392153847 -0
vn 0.00392153847 -0.999992311 -0
vn 0.00392153847 -0.999992311 -0
vn 0.00392153847 -0.999992311 -0
vn 0.00392153847 -0.999992311 -0
vn -0.00392153871 0.00392153871 -0.999984621
vn -0.00392153871 0.00392153871 -0.999984621
vn -0.00392153871 0.00392153871 -0.999984621
vn -0.00392153871 0.00392153871 -0.999984621
vn -0.00392153871 0.00392153871 0.999984621
vn -0.00392153871 0.00392153871 0.999984621
vn -0.00392153871 0.00392153871 0.999984621
vn -0.00392153871 0.00392153871 0.999984621
vn -0.00392153847 -0.999992311 -0
vn -0.00392153847 -0.999992311 -0
vn -0.00392153847 -0.999992311 -0
vn -0.00392153847 -0.999992311 -0
vn 0.999992311 0.00392153847 -0
vn 0.999992311 0.00392153847 -0
vn 0.999992311 0.00392153847 -0
vn 0.999992311 0.00392153847 -0
vn -0.00392153847 0.999992311 -0
vn -0.00392153847 0.999992311 -0
vn -0.00392153847 0.999992311 -0
vn -0.00392153847 0.999992311 -0
vn -0.999992311 0.00392153847 -0
vn -0.999992311 0.00392153847 -0
vn -0.999992311 0.00392153847 -0
vn -0.999992311 0.00392153847 -0
vn -0.00392153871 0.00392153871 -0.999984621
vn -0.00392153871 0.00392153871 -0.999984621
vn -0.00392153871 0.00392153871 -0.999984621
vn -0.00392153871 0.00392153871 -0.999984621
vn -0.00392153871 0.00392153871 0.999984621
vn -0.00392153871 0.00392153871 0.999984621
vn -0.00392153871 0.00392153871 0.999984621
vn -0.00392153871 0.00392153871 0.999984621
vn 0.450976951 -0.890189287 -0.0646747476
vn 0.450976951 -0.890189287 -0.0646747476
vn 0.450976951 -0.890189287 -0.0646747476
vn 0.450976951 -0.890189287 -0.0646747476
vn 0.890189287 0.450976951 -0.0646747476
vn 0.890189287 0.450976951 -0.0646747476
vn 0.890189287 0.450976951 -0.0646747476
vn 0.890189287 0.450976951 -0.0646747476
vn -0.450976951 0.890189287 -0.0646747476
vn -0.450976951 0.890189287 -0.0646747476
vn -0.450976951 0.890189287 -0.0646747476
vn -0.450976951 0.890189287 -0.0646747476
vn -0.890189287 -0.450976951 -0.0646747476
vn -0.890189287 -0.450976951 -0.0646747476
vn -0.890189287 -0.450976951 -0.0646747476
vn -0.890189287 -0.450976951 -0.0646747476
vn -0.231370784 0.00392153871 -0.97285774
vn -0.231370784 0.00392153871 -0.97285774
vn -0.231370784 0.00392153871 -0.97285774
vn -0.231370784 0.00392153871 -0.97285774
vn 0.239213861 0.00392153871 0.970958985
vn 0.239213861 0.00392153871 0.970958985
vn 0.239213861 0.00392153871 0.970958985
vn 0.239213861 0.00392153871 0.970958985
vn -0.00392153847 -0.999992311 -0
vn -0.00392153847 -0.999992311 -0
vn -0.00392153847 -0.999992311 -0
vn -0.00392153847 -0.999992311 -0
vn 0.968620061 0.00392153871 -0.248515189
vn 0.968620061 0.00392153871 -0.248515189
vn 0.968620061 0.00392153871 -0.248515189
vn 0.968620061 0.00392153871 -0.248515189
vn -0.00392153847 0.999992311 -0
vn -0.00392153847 0.999992311 -0
vn -0.00392153847 0.999992311 -0
vn -0.00392153847 0.999992311 -0
vn -0.968620061 0.00392153871 0.248515189
vn -0.968620061 0.00392153871 0.248515189
vn -0.968620061 0.00392153871 0.248515189
vn -0.968620061 0.00392153871 0.248515189
vn -0.00392153871 0.00392153871 -0.999984621
vn -0.00392153871 0.00392153871 -0.999984621
vn -0.00392153871 0.00392153871 -0.999984621
vn -0.00392153871 0.00392153871 -0.999984621
vn -0.00392153871 0.00392153871 0.999984621
vn -0.00392153871 0.00392153871 0.999984621
vn -0.00392153871 0.00392153871 0.999984621
vn -0.00392153871 0.00392153871 0.999984621
vn -0.00392153847 -0.999992311 -0
vn -0.00392153847 -0.999992311 -0
vn -0.00392153847 -0.999992311 -0
vn -0.00392153847 -0.999992311 -0
vn 0.999992311 0.00392153847 -0
vn 0.999992311 0.00392153847 -0
vn 0.999992311 0.00392153847 -0
vn 0.999992311 0.00392153847 -0
vn -0.00392153847 0.999992311 -0
vn -0.00392153847 0.999992311 -0
vn -0.00392153847 0.999992311 -0
vn -0.00392153847 0.999992311 -0
vn -0.999992311 0.00392153847 -0
vn -0.999992311 0.00392153847 -0
vn -0.999992311 0.00392153847 -0
vn -0.999992311 0.00392153847 -0
vn -0.0117646161 -0.0196076935 -0.999738532
vn -0.0117646161 -0.0196076935 -0.999738532
vn -0.0117646161 -0.0196076935 -0.999738532
vn -0.0117646161 -0.0196076935 -0.999738532
vn 0.0431369258 -0.066666158 0.996842429
vn 0.0431369258 -0.066666158 0.996842429
vn 0.0431369258 -0.066666158 0.996842429
vn 0.0431369258 -0.066666158 0.996842429
vn 0.0352721557 -0.999377744 -0
vn 0.0352721557 -0.999377744 -0
vn 0.0352721557 -0.999377744 -0
vn 0.0352721557 -0.999377744 -0
vn 0.999992311 -0.00392153847 -0
vn 0.999992311 -0.00392153847 -0
vn 0.999992311 -0.00392153847 -0
vn 0.999992311 -0.00392153847 -0
vn -0.00392153847 0.999992311 -0
vn -0.00392153847 0.999992311 -0
vn -0.00392153847 0.999992311 -0
vn -0.00392153847 0.999992311 -0
vn -0.999992311 0.00392153847 -0
vn -0.999992311 0.00392153847 -0
vn -0.999992311 0.00392153847 -0
vn -0.999992311 0.00392153847 -0
vn -0.00392153871 0.00392153871 -0.999984621
vn -0.00392153871 0.00392153871 -0.999984621
vn -0.00392153871 0.00392153871 -0.999984621
vn -0.00392153871 0.00392153871 -0.999984621
vn -0.00392153871 0.00392153871 0.999984621
vn -0.00392153871 0.00392153871 0.999984621
vn -0.00392153871 0.00392153871 0.999984621
vn -0.00392153871 0.00392153871 0.999984621
vn -0.00392153847 -0.999992311 -0
vn -0.00392153847 -0.999992311 -0
vn -0.00392153847 -0.999992311 -0
vn -0.00392153847 -0.999992311 -0
vn 0.999992311 0.00392153847 -0
vn 0.999992311 0.00392153847 -0
vn 0.999992311 0.00392153847 -0
vn 0.999992311 0.00392153847 -0
vn -0.00392153847 0.999992311 -0
vn -0.00392153847 0.999992311 -0
vn -0.00392153847 0.999992311 -0
vn -0.00392153847 0.999992311 -0
vn -0.999992311 0.00392153847 -0
vn -0.999992311 0.00392153847 -0
vn -0.999992311 0.00392153847 -0
vn -0.999992311 0.00392153847 -0
vn -0.00392153871 0.00392153871 -0.999984621
vn -0.00392153871 0.00392153871 -0.999984621
vn -0.00392153871 0.00392153871 -0.999984621
vn -0.00392153871 0.00392153871 -0.999984621
vn -0.00392153871 0.00392153871 0.999984621
vn -0.00392153871 0.00392153871 0.999984621
vn -0.00392153871 0.00392153871 0.999984621
vn -0.00392153871 0.00392153871 0.999984621
vn -0.00392153847 -0.999992311 -0
vn -0.00392153847 -0.999992311 -0
vn -0.00392153847 -0.999992311 -0
vn -0.00392153847 -0.999992311 -0
vn 0.999992311 0.00392153847 -0
vn 0.999992311 0.00392153847 -0
vn 0.999992311 0.00392153847 -0
vn 0.999992311 0.00392153847 -0
vn -0.00392153847 0.999992311 -0
vn -0.00392153847 0.999992311 -0
vn -0.00392153847 0.999992311 -0
vn -0.00392153847 0.999992311 -0
vn -0.999992311 0.00392153847 -0
vn -0.999992311 0.00392153847 -0
vn -0.999992311 0.00392153847 -0
vn -0.999992311 0.00392153847 -0
vn -0.521564648 0.00392153871 -0.853202754
vn -0.521564648 0.00392153871 -0.853202754
vn -0.521564648 0.00392153871 -0.853202754
vn -0.521564648 0.00392153871 -0.853202754
vn 0.521564648 0.00392153871 0.853202754
vn 0.521564648 0.00392153871 0.853202754
vn 0.521564648 0.00392153871 0.853202754
vn 0.521564648 0.00392153871 0.853202754
vn -0.00392153847 0.999992311 -0
vn -0.00392153847 0.999992311 -0
vn -0.00392153847 0.999992311 -0
vn -0.00392153847 0.999992311 -0
vn 0.717641584 0.00392153871 -0.696401593
vn 0.717641584 0.00392153871 -0.696401593
vn 0.717641584 0.00392153871 -0.696401593
vn 0.717641584 0.00392153871 -0.696401593
vn -0.00392153847 -0.999992311 -0
vn -0.00392153847 -0.999992311 -0
vn -0.00392153847 -0.999992311 -0
vn -0.00392153847 -0.999992311 -0
vn -0.709798506 0.00392153871 0.704393854
vn -0.709798506 0.00392153871 0.704393854
vn -0.709798506 0.00392153871 0.704393854
vn -0.709798506 0.00392153871 0.704393854
vn -0.231370784 0.00392153871 -0.97285774
vn -0.231370784 0.00392153871 -0.97285774
vn -0.231370784 0.00392153871 -0.97285774
vn -0.231370784 0.00392153871 -0.97285774
vn 0.184312319 -0.0431369258 0.981920656
vn 0.184312319 -0.0431369258 0.981920656
vn 0.184312319 -0.0431369258 0.981920656
vn 0.184312319 -0.0431369258 0.981920656
vn -0.0274406433 -0.999623435 -0
vn -0.0274406433 -0.999623435 -0
vn -0.0274406433 -0.999623435 -0
vn -0.0274406433 -0.999623435 -0
vn 0.968620061 -0.00392153871 -0.248515189
vn 0.968620061 -0.00392153871 -0.248515189
vn 0.968620061 -0.00392153871 -0.248515189
vn 0.968620061 -0.00392153871 -0.248515189
vn -0.00392153847 0.999992311 -0
vn -0.00392153847 0.999992311 -0
vn -0.00392153847 0.999992311 -0
vn -0.00392153847 0.999992311 -0
vn -0.968620061 -0.0431369258 0.244774147
vn -0.968620061 -0.0431369258 0.244774147
vn -0.968620061 -0.0431369258 0.244774147
vn -0.968620061 -0.0431369258 0.244774147
vn -0.215684629 -0.00392153871 -0.976455202
vn -0.215684629 -0.00392153871 -0.976455202
vn -0.215684629 -0.00392153871 -0.976455202
vn -0.215684629 -0.00392153871 -0.976455202
vn 0.239213861 0.0588230806 0.969183457
vn 0.239213861 0.0588230806 0.969183457
vn 0.239213861 0.0588230806 0.969183457
vn 0.239213861 0.0588230806 0.969183457
vn 0.00392153847 0.999992311 -0
vn 0.00392153847 0.999992311 -0
vn 0.00392153847 0.999992311 -0
vn 0.00392153847 0.999992311 -0
vn -0.976463138 0.00392153871 0.215648698
vn -0.976463138 0.00392153871 0.215648698
vn -0.976463138 0.00392153871 0.215648698
vn -0.976463138 0.00392153871 0.215648698
vn -0.00392153847 -0.999992311 -0
vn -0.00392153847 -0.999992311 -0
vn -0.00392153847 -0.999992311 -0
vn -0.00392153847 -0.999992311 -0
vn 0.984306216 0.0117646161 -0.176076311
vn 0.984306216 0.0117646161 -0.176076311
vn 0.984306216 0.0117646161 -0.176076311
vn 0.984306216 0.0117646161 -0.176076311
vn -0.0117646161 -0.0196076935 -0.999738532
vn -0.0117646161 -0.0196076935 -0.999738532
vn -0.0117646161 -0.0196076935 -0.999738532
vn -0.0117646161 -0.0196076935 -0.999738532
vn 0.0431369258 -0.066666158 0.996842429
vn 0.0431369258 -0.066666158 0.996842429
vn 0.0431369258 -0.066666158 0.996842429
vn 0.0431369258 -0.066666158 0.996842429
vn 0.0352721557 -0.999377744 -0
vn 0.0352721557 -0.999377744 -0
vn 0.0352721557 -0.999377744 -0
vn 0.0352721557 -0.999377744 -0
vn 0.999992311 -0.00392153847 -0
vn 0.999992311 -0.00392153847 -0
vn 0.999992311 -0.00392153847 -0
vn 0.999992311 -0.00392153847 -0
vn -0.00392153847 0.999992311 -0
vn -0.00392153847 0.999992311 -0
vn -0.00392153847 0.999992311 -0
vn -0.00392153847 0.999992311 -0
vn -0.999992311 0.00392153847 -0
vn -0.999992311 0.00392153847 -0
vn -0.999992311 0.00392153847 -0
vn -0.999992311 0.00392153847 -0
vn 0.0117646161 0.0117646161 -0.999861584
vn 0.0117646161 0.0117646161 -0.999861584
vn 0.0117646161 0.0117646161 -0.999861584
vn 0.0117646161 0.0117646161 -0.999861584
vn -0.0588230806 -0.00392153871 0.998260721
vn -0.0588230806 -0.00392153871 0.998260721
vn -0.0588230806 -0.00392153871 0.998260721
vn -0.0588230806 -0.00392153871 0.998260721
vn -0.00392153847 0.999992311 -0
vn -0.00392153847 0.999992311 -0
vn -0.00392153847 0.999992311 -0
vn -0.00392153847 0.999992311 -0
vn -0.999992311 0.00392153847 -0
vn -0.999992311 0.00392153847 -0
vn -0.999992311 0.00392153847 -0
vn -0.999992311 0.00392153847 -0
vn 0.00392153847 -0.999992311 -0
vn 0.00392153847 -0.999992311 -0
vn 0.00392153847 -0.999992311 -0
vn 0.00392153847 -0.999992311 -0
vn 0.999992311 0.00392153847 -0
vn 0.999992311 0.00392153847 -0
vn 0.999992311 0.00392153847 -0
vn 0.999992311 0.00392153847 -0
vn -0.00392153871 0.00392153871 -0.999984621
vn -0.00392153871 0.00392153871 -0.999984621
vn -0.00392153871 0.00392153871 -0.999984621
vn -0.00392153871 0.00392153871 -0.999984621
vn -0.00392153871 0.00392153871 0.999984621
vn -0.00392153871 0.00392153871 0.999984621
vn -0.00392153871 0.00392153871 0.999984621
vn -0.00392153871 0.00392153871 0.999984621
vn -0.00392153847 -0.999992311 -0
vn -0.00392153847 -0.999992311 -0
vn -0.00392153847 -0.999992311 -0
vn -0.00392153847 -0.999992311 -0
vn 0.999992311 0.00392153847 -0
vn 0.999992311 0.00392153847 -0
vn 0.999992311 0.00392153847 -0
vn 0.999992311 0.00392153847 -0
vn -0.00392153847 0.999992311 -0
vn -0.00392153847 0.999992311 -0
vn -0.00392153847 0.999992311 -0
vn -0.00392153847 0.999992311 -0
vn -0.999992311 0.00392153847 -0
vn -0.999992311 0.00392153847 -0
vn -0.999992311 0.00392153847 -0
vn -0.999992311 0.00392153847 -0
vn -0.00392153871 0.00392153871 -0.999984621
vn -0.00392153871 0.00392153871 -0.999984621
vn -0.00392153871 0.00392153871 -0.999984621
vn -0.00392153871 0.00392153871 -0.999984621
vn -0.00392153871 0.00392153871 0.999984621
vn -0.00392153871 0.00392153871 0.999984621
vn -0.00392153871 0.00392153871 0.999984621
vn -0.00392153871 0.00392153871 0.999984621
vn -0.00392153847 -0.999992311 -0
vn -0.00392153847 -0.999992311 -0
vn -0.00392153847 -0.999992311 -0
vn -0.00392153847 -0.999992311 -0
vn 0.999992311 0.00392153847 -0
vn 0.999992311 0.00392153847 -0
vn 0.999992311 0.00392153847 -0
vn 0.999992311 0.00392153847 -0
vn -0.00392153847 0.999992311 -0
vn -0.00392153847 0.999992311 -0
vn -0.00392153847 0.999992311 -0
vn -0.00392153847 0.999992311 -0
vn -0.999992311 0.00392153847 -0
vn -0.999992311 0.00392153847 -0
vn -0.999992311 0.00392153847 -0
vn -0.999992311 0.00392153847 -0
vn -0.00392153871 0.00392153871 -0.999984621
vn -0.00392153871 0.00392153871 -0.999984621
vn -0.00392153871 0.00392153871 -0.999984621
vn -0.00392153871 0.00392153871 -0.999984621
vn -0.00392153871 0.00392153871 0.999984621
vn -0.00392153871 0.00392153871 0.999984621
vn -0.00392153871 0.00392153871 0.999984621
vn -0.00392153871 0.00392153871 0.999984621
vn -0.00392153847 -0.999992311 -0
vn -0.00392153847 -0.999992311 -0
vn -0.00392153847 -0.999992311 -0
vn -0.00392153847 -0.999992311 -0
vn 0.999992311 0.00392153847 -0
vn 0.999992311 0.00392153847 -0
vn 0.999992311 0.00392153847 -0
vn 0.999992311 0.00392153847 -0
vn -0.00392153847 0.999992311 -0
vn -0.00392153847 0.999992311 -0
vn -0.00392153847 0.999992311 -0
vn -0.00392153847 0.999992311 -0
vn -0.999992311 0.00392153847 -0
vn -0.999992311 0.00392153847 -0
vn -0.999992311 0.00392153847 -0
vn -0.999992311 0.00392153847 -0
vn -0.207841552 0.00392153871 -0.978154646
vn -0.207841552 0.00392153871 -0.978154646
vn -0.207841552 0.00392153871 -0.978154646
vn -0.207841552 0.00392153871 -0.978154646
vn 0.223527706 0.00392153871 0.974689687
vn 0.223527706 0.00392153871 0.974689687
vn 0.223527706 0.00392153871 0.974689687
vn 0.223527706 0.00392153871 0.974689687
vn -0.00392153847 0.999992311 -0
vn -0.00392153847 0.999992311 -0
vn -0.00392153847 0.999992311 -0
vn -0.00392153847 0.999992311 -0
vn 0.976463138 0.00392153871 -0.215648698
vn 0.976463138 0.00392153871 -0.215648698
vn 0.976463138 0.00392153871 -0.215648698
vn 0.976463138 0.00392153871 -0.215648698
vn -0.00392153847 -0.999992311 -0
vn -0.00392153847 -0.999992311 -0
vn -0.00392153847 -0.999992311 -0
vn -0.00392153847 -0.999992311 -0
vn -0.976463138 0.00392153871 0.215648698
vn -0.976463138 0.00392153871 0.215648698
vn -0.976463138 0.00392153871 0.215648698
vn -0.976463138 0.00392153871 0.215648698
vn 0.00392153871 -0.0431369258 -0.999061473
vn -0.00392153871 -0.027450771 -0.999615464
vn 0.00392153871 -0.0431369258 -0.999061473
vn 0.00392153871 -0.0431369258 -0.999061473
vn 0.00392153871 -0.0431369258 -0.999061473
vn 0.00392153871 -0.0431369258 -0.999061473
vn -0.0117638918 0.999930803 -0
vn 0.3647031 0.929404674 -0.056556177
vn -0.0117638918 0.999930803 -0
vn 0.355832718 0.934549665 -0
vn 0.896764448 0.442508221 -0
vn 0.905875442 0.419604642 -0.0576335743
vn 0.937132409 -0.348973993 -0
vn 0.928206343 -0.372065834 -0
vn 0.3647031 -0.929404674 -0.056556177
vn 0.355832718 -0.934549665 -0
vn -0.0196040749 -0.999807822 -0
vn -0.0196040749 -0.999807822 -0
vn -0.00392153871 0.066666158 0.997767631
vn -0.00392153871 0.066666158 0.997767631
vn -0.00392153871 0.066666158 0.997767631
vn 0.00392153871 0.0588230806 0.998260721
vn 0.00392153871 0.066666158 0.997767631
vn 0.00392153871 0.0509800032 0.998691975
vn 0.0117638918 0.999930803 -0
vn 0.686269274 0.725484661 -0.0520239392
vn 0.0117638918 0.999930803 -0
vn 0.725484661 0.686269274 -0.0520239392
vn 0.686269274 -0.725484661 0.0520239392
vn 0.725484661 -0.686269274 0.0520239392
vn -0.0117638918 -0.999930803 -0
vn -0.0117638918 -0.999930803 -0
vn -0.0117638918 0.999930803 -0
vn 0.709798506 0.701955429 0.0586911971
vn -0.0117638918 0.999930803 -0
vn 0.691311319 0.722557029 -0
vn 0.905875442 -0.419604642 -0.0576335743
vn 0.898032364 -0.435290797 -0.0637165226
vn 0.301958481 -0.952933906 -0.0271670136
vn 0.294115403 -0.952933906 -0.0735737741
vn -0.0665190105 -0.997785158 -0
vn -0.0665190105 -0.997785158 -0
vn -0.00392153871 0.00392153871 -0.999984621
vn -0.00392153871 0.00392153871 -0.999984621
vn -0.00392153871 0.00392153871 -0.999984621
vn -0.00392153871 0.00392153871 -0.999984621
vn -0.00392153871 0.00392153871 -0.999984621
vn -0.00392153871 0.00392153871 -0.999984621
vn -0.0117638918 0.999930803 -0
vn 0.3647031 0.929404674 -0.056556177
vn -0.0117638918 0.999930803 -0
vn 0.3647031 0.929404674 -0.056556177
vn 0.905875442 0.419604642 0.0576335743
vn 0.905875442 0.419604642 0.0576335743
vn 0.937247751 -0.341173868 0.071882159
vn 0.937247751 -0.341173868 0.071882159
vn 0.403918487 -0.913718519 0.0443657964
vn 0.403918487 -0.913718519 0.0443657964
vn 0.0117638918 -0.999930803 -0
vn 0.0117638918 -0.999930803 -0
vn -0.00392153871 0.00392153871 0.999984621
vn -0.00392153871 0.00392153871 0.999984621
vn -0.00392153871 0.00392153871 0.999984621
vn -0.00392153871 0.00392153871 0.999984621
vn -0.00392153871 0.00392153871 0.999984621
vn -0.00392153871 0.00392153871 0.999984621
vn -0.00392153871 0.968620061 0.248515189
vn -0.00392153871 0.968620061 0.248515189
vn 0.709798506 0.686269274 0.158809837
vn 0.709798506 0.686269274 0.158809837
vn 0.999992311 0.00392153847 -0
vn 0.999992311 -0.00392153847 -0
vn 0.709798506 -0.686269274 -0.158809837
vn 0.709798506 -0.686269274 -0.158809837
vn -0.00392153871 -0.968620061 -0.248515189
vn -0.00392153871 -0.968620061 -0.248515189
vn -0.709798506 -0.686269274 -0.158809837
vn -0.709798506 -0.686269274 -0.158809837
vn -0.999992311 0.00392153847 -0
vn -0.999992311 -0.00392153847 -0
vn -0.709798506 0.686269274 0.158809837
vn -0.709798506 0.686269274 0.158809837
vn -0.00392153871 0.968620061 0.248515189
vn -0.00392153871 0.968620061 0.248515189
vn 0.701955429 0.00392153871 -0.71221008
vn 0.701955429 0.00392153871 -0.71221008
vn 0.701955429 0.00392153871 -0.71221008
vn 0.701955429 0.00392153871 -0.71221008
vn -0.741170816 0.0196076935 0.671030074
vn -0.741170816 0.0196076935 0.671030074
vn -0.741170816 0.0196076935 0.671030074
vn -0.741170816 0.0196076935 0.671030074
vn -0.0117638918 -0.999930803 -0
vn -0.0117638918 -0.999930803 -0
vn -0.0117638918 -0.999930803 -0
vn -0.0117638918 -0.999930803 -0
vn 0.686269274 0.0117646161 0.727252417
vn 0.686269274 0.0117646161 0.727252417
vn 0.686269274 0.0117646161 0.727252417
vn 0.686269274 0.0117646161 0.727252417
vn 0.00392153847 0.999992311 -0
vn 0.00392153847 0.999992311 -0
vn 0.00392153847 0.999992311 -0
vn 0.00392153847 0.999992311 -0
vn -0.686269274 0.00392153871 -0.727336996
vn -0.686269274 0.00392153871 -0.727336996
vn -0.686269274 0.00392153871 -0.727336996
vn -0.686269274 0.00392153871 -0.727336996
vn 0.498035416 0.866660055 -0.0293440684
vn -0.498035416 0.866660055 -0.0293440684
vn -0.498035416 0.866660055 -0.0293440684
vn 0.498035416 0.866660055 -0.0293440684
vn 0.999992311 0.00392153847 -0
vn 0.999992311 0.00392153847 -0
vn 0.498035416 -0.866660055 -0.0293440684
vn 0.498035416 -0.866660055 -0.0293440684
vn -0.498035416 -0.866660055 -0.0293440684
vn -0.498035416 -0.866660055 -0.0293440684
vn -0.999992311 0.00392153847 -0
vn -0.999992311 0.00392153847 -0
vn -0.498035416 0.866660055 -0.0293440684
vn -0.498035416 0.866660055 -0.0293440684
vn -0.00392153871 0.00392153871 -0.999984621
vn -0.00392153871 0.00392153871 -0.999984621
vn -0.00392153871 0.00392153871 -0.999984621
vn -0.00392153871 0.00392153871 -0.999984621
vn -0.00392153871 0.00392153871 -0.999984621
vn -0.00392153871 0.00392153871 -0.999984621
vn -0.00392153871 0.00392153871 0.999984621
vn -0.00392153871 0.00392153871 0.999984621
vn -0.00392153871 0.00392153871 0.999984621
vn -0.00392153871 0.00392153871 0.999984621
vn -0.00392153871 0.00392153871 0.999984621
vn -0.00392153871 0.00392153871 0.999984621
vn 0.498035416 0.866660055 -0.0293440684
vn -0.498035416 0.866660055 0.0293440684
vn -0.498035416 0.866660055 0.0293440684
vn 0.498035416 0.866660055 -0.0293440684
vn 0.992149293 0.00392153871 -0.124997606
vn 0.992149293 0.00392153871 -0.124997606
vn 0.498035416 -0.866660055 -0.0293440684
vn 0.498035416 -0.866660055 -0.0293440684
vn -0.498035416 -0.866660055 0.0293440684
vn -0.498035416 -0.866660055 0.0293440684
vn -0.992149293 0.00392153871 0.124997606
vn -0.992149293 0.00392153871 0.124997606
vn -0.498035416 0.866660055 0.0293440684
vn -0.498035416 0.866660055 0.0293440684
vn -0.129410777 0.00392153871 -0.991583316
vn -0.129410777 0.00392153871 -0.991583316
vn -0.129410777 0.00392153871 -0.991583316
vn -0.129410777 0.00392153871 -0.991583316
vn -0.129410777 0.00392153871 -0.991583316
vn -0.129410777 0.00392153871 -0.991583316
vn 0.129410777 0.00392153871 0.991583316
vn 0.129410777 0.00392153871 0.991583316
vn 0.129410777 0.00392153871 0.991583316
vn 0.129410777 0.00392153871 0.991583316
vn 0.129410777 -0.00392153871 0.991583316
vn 0.129410777 -0.00392153871 0.991583316
vn 0.498035416 0.866660055 -0.0293440684
vn -0.498035416 0.866660055 -0.0293440684
vn -0.498035416 0.866660055 -0.0293440684
vn 0.498035416 0.866660055 -0.0293440684
vn 0.999992311 0.00392153847 -0
vn 0.999992311 0.00392153847 -0
vn 0.498035416 -0.866660055 -0.0293440684
vn 0.498035416 -0.866660055 -0.0293440684
vn -0.498035416 -0.866660055 -0.0293440684
vn -0.498035416 -0.866660055 -0.0293440684
vn -0.999992311 0.00392153847 -0
vn -0.999992311 0.00392153847 -0
vn -0.498035416 0.866660055 -0.0293440684
vn -0.498035416 0.866660055 -0.0293440684
vn -0.00392153871 0.00392153871 -0.999984621
vn -0.00392153871 0.00392153871 -0.999984621
vn -0.00392153871 0.00392153871 -0.999984621
vn -0.00392153871 0.00392153871 -0.999984621
vn -0.00392153871 0.00392153871 -0.999984621
vn -0.00392153871 0.00392153871 -0.999984621
vn -0.00392153871 0.00392153871 0.999984621
vn -0.00392153871 0.00392153871 0.999984621
vn -0.00392153871 0.00392153871 0.999984621
vn -0.00392153871 0.00392153871 0.999984621
vn -0.00392153871 0.00392153871 0.999984621
vn -0.00392153871 0.00392153871 0.999984621
vn 0.999992311 -0.00392153847 -0
vn 0.498035416 0.8509739 -0.166745754
vn 0.498035416 0.8509739 -0.166745754
vn 0.999992311 -0.00392153847 -0
vn 0.498035416 -0.8509739 0.166745754
vn 0.498035416 -0.8509739 0.166745754
vn -0.498035416 -0.8509739 0.166745754
vn -0.498035416 -0.8509739 0.166745754
vn -0.999992311 -0.00392153847 -0
vn -0.999992311 -0.00392153847 -0
vn -0.498035416 0.8509739 -0.166745754
vn -0.498035416 0.8509739 -0.166745754
vn 0.498035416 0.8509739 -0.166745754
vn 0.498035416 0.8509739 -0.166745754
vn -0.00392153871 -0.207841552 -0.978154646
vn -0.00392153871 -0.207841552 -0.978154646
vn -0.00392153871 -0.207841552 -0.978154646
vn -0.00392153871 -0.207841552 -0.978154646
vn -0.00392153871 -0.207841552 -0.978154646
vn -0.00392153871 -0.207841552 -0.978154646
vn -0.00392153871 0.207841552 0.978154646
vn -0.00392153871 0.207841552 0.978154646
vn -0.00392153871 0.207841552 0.978154646
vn -0.00392153871 0.207841552 0.978154646
vn -0.00392153871 0.207841552 0.978154646
vn -0.00392153871 0.207841552 0.978154646
vn 0.498035416 0.866660055 -0.0293440684
vn -0.498035416 0.866660055 -0.0293440684
vn -0.498035416 0.866660055 -0.0293440684
vn 0.498035416 0.866660055 -0.0293440684
vn 0.999992311 -0.00392153847 -0
vn 0.999992311 -0.00392153847 -0
vn 0.498035416 -0.866660055 -0.0293440684
vn 0.498035416 -0.866660055 -0.0293440684
vn -0.498035416 -0.866660055 -0.0293440684
vn -0.498035416 -0.866660055 -0.0293440684
vn -0.999992311 0.00392153847 -0
vn -0.999992311 0.00392153847 -0
vn -0.498035416 0.866660055 -0.0293440684
vn -0.498035416 0.866660055 -0.0293440684
vn -0.00392153871 0.00392153871 -0.999984621
vn -0.00392153871 0.00392153871 -0.999984621
vn -0.00392153871 0.00392153871 -0.999984621
vn -0.00392153871 0.00392153871 -0.999984621
vn -0.00392153871 0.00392153871 -0.999984621
vn -0.00392153871 0.00392153871 -0.999984621
vn -0.00392153871 0.00392153871 0.999984621
vn -0.00392153871 0.00392153871 0.999984621
vn -0.00392153871 0.00392153871 0.999984621
vn -0.00392153871 0.00392153871 0.999984621
vn -0.00392153871 0.00392153871 0.999984621
vn -0.00392153871 0.00392153871 0.999984621
vn -0.498035416 0.866660055 -0.0293440684
vn -0.999992311 0.00392153847 -0
vn -0.999992311 0.00392153847 -0
vn -0.498035416 0.866660055 -0.0293440684
vn 0.498035416 0.866660055 -0.0293440684
vn 0.498035416 0.866660055 -0.0293440684
vn 0.999992311 0.00392153847 -0
vn 0.999992311 0.00392153847 -0
vn 0.498035416 -0.866660055 -0.0293440684
vn 0.498035416 -0.866660055 -0.0293440684
vn -0.498035416 -0.866660055 -0.0293440684
vn -0.498035416 -0.866660055 -0.0293440684
vn -0.999992311 0.00392153847 -0
vn -0.999992311 0.00392153847 -0
vn -0.00392153871 0.00392153871 -0.999984621
vn -0.00392153871 0.00392153871 -0.999984621
vn -0.00392153871 0.00392153871 -0.999984621
vn -0.00392153871 0.00392153871 -0.999984621
vn -0.00392153871 0.00392153871 -0.999984621
vn -0.00392153871 0.00392153871 -0.999984621
vn -0.00392153871 0.00392153871 0.999984621
vn -0.00392153871 0.00392153871 0.999984621
vn -0.00392153871 0.00392153871 0.999984621
vn -0.00392153871 0.00392153871 0.999984621
vn -0.00392153871 0.00392153871 0.999984621
vn -0.00392153871 0.00392153871 0.999984621
vn -0.498035416 0.00392153871 0.867147822
vn -0.999992311 0.00392153847 -0
vn -0.999992311 0.00392153847 -0
vn -0.498035416 0.00392153871 0.867147822
vn 0.498035416 0.00392153871 0.867147822
vn 0.498035416 0.00392153871 0.867147822
vn 0.999992311 0.00392153847 -0
vn 0.999992311 0.00392153847 -0
vn 0.498035416 0.00392153871 -0.867147822
vn 0.498035416 0.00392153871 -0.867147822
vn -0.498035416 0.00392153871 -0.867147822
vn -0.498035416 0.00392153871 -0.867147822
vn -0.999992311 0.00392153847 -0
vn -0.999992311 0.00392153847 -0
vn -0.00392153847 0.999992311 -0
vn -0.00392153847 0.999992311 -0
vn -0.00392153847 0.999992311 -0
vn -0.00392153847 0.999992311 -0
vn -0.00392153847 0.999992311 -0
vn -0.00392153847 0.999992311 -0
vn -0.00392153847 -0.999992311 -0
vn -0.00392153847 -0.999992311 -0
vn -0.00392153847 -0.999992311 -0
vn -0.00392153847 -0.999992311 -0
vn -0.00392153847 -0.999992311 -0
vn -0.00392153847 -0.999992311 -0
vn -0.498035416 0.00392153871 0.867147822
vn -0.999992311 0.00392153847 -0
vn -0.999992311 0.00392153847 -0
vn -0.498035416 0.00392153871 0.867147822
vn 0.498035416 0.00392153871 0.867147822
vn 0.498035416 0.00392153871 0.867147822
vn 0.999992311 0.00392153847 -0
vn 0.999992311 0.00392153847 -0
vn 0.498035416 0.00392153871 -0.867147822
vn 0.498035416 0.00392153871 -0.867147822
vn -0.498035416 0.00392153871 -0.867147822
vn -0.498035416 0.00392153871 -0.867147822
vn -0.999992311 0.00392153847 -0
vn -0.999992311 0.00392153847 -0
vn -0.00392153847 0.999992311 -0
vn -0.00392153847 0.999992311 -0
vn -0.00392153847 0.999992311 -0
vn -0.00392153847 0.999992311 -0
vn -0.00392153847 0.999992311 -0
vn -0.00392153847 0.999992311 -0
vn -0.00392153847 -0.999992311 -0
vn -0.00392153847 -0.999992311 -0
vn -0.00392153847 -0.999992311 -0
vn -0.00392153847 -0.999992311 -0
vn -0.00392153847 -0.999992311 -0
vn -0.00392153847 -0.999992311 -0
vn 0.00392153847 0.999992311 -0
vn 0.00392153847 0.999992311 -0
vn 0.00392153871 0.498035416 0.867147822
vn 0.00392153871 0.498035416 0.867147822
vn -0.00392153871 -0.498035416 0.867147822
vn -0.00392153871 -0.498035416 0.867147822
vn -0.00392153847 -0.999992311 -0
vn -0.00392153847 -0.999992311 -0
vn -0.00392153871 -0.498035416 -0.867147822
vn -0.00392153871 -0.498035416 -0.867147822
vn 0.00392153871 0.498035416 -0.867147822
vn 0.00392153871 0.498035416 -0.867147822
vn 0.00392153847 0.999992311 -0
vn 0.00392153847 0.999992311 -0
vn -0.999992311 0.00392153847 -0
vn -0.999992311 0.00392153847 -0
vn -0.999992311 0.00392153847 -0
vn -0.999992311 0.00392153847 -0
vn -0.999992311 0.00392153847 -0
vn -0.999992311 0.00392153847 -0
vn 0.999992311 -0.00392153847 -0
vn 0.999992311 -0.00392153847 -0
vn 0.999992311 -0.00392153847 -0
vn 0.999992311 -0.00392153847 -0
vn 0.999992311 -0.00392153847 -0
vn 0.999992311 -0.00392153847 -0
vn -0.929404674 -0.15294001 0.335881386
vn -0.0352938484 0.921561596 -0.386624583
vn -0.0745092355 0.905875442 -0.416938914
vn -0.725484661 -0.0352938484 0.68733278
vn 0.435290797 -0.874503132 0.21393035
vn -0.0117646161 0.960776984 -0.277072521
vn 0.341173868 -0.929404674 0.140738567
vn 0.929404674 0.0823523129 -0.35975693
vn -0.192155397 0.137253855 0.971718932
vn 0.0196040749 0.999807822 -0
vn 0.749013893 -0.0431369258 -0.661148541
vn -0.0745092355 0.905875442 -0.416938914
vn -0.0352938484 0.921561596 -0.386624583
vn 0.105881545 -0.992149293 0.0665498191
vn -0.262743093 0.184312319 0.947098219
vn -0.00392153847 0.999992311 -0
vn 0.223527706 -0.199998474 -0.953958057
vn -0.0117646161 0.960776984 -0.277072521
vn -0.105881545 -0.945090829 0.309180245
vn -0.772543126 0.192155397 0.60518875
vn 0.0901953903 0.992149293 -0.0866289305
vn 0.247056939 -0.215684629 -0.944692019
vn 0.0196040749 0.999807822 -0
vn -0.254900016 -0.929404674 0.266894987
vn -0.976463138 0.129410777 0.172547356
vn 0.160783087 0.984306216 0.0727328847
vn 0.764700048 -0.215684629 -0.607218229
vn -0.00392153847 0.999992311 -0
vn -0.223143683 -0.974785564 -0
vn -0.990566226 0.137034853 -0
vn 0.160783087 0.984306216 0.0727328847
vn 0.968620061 -0.207841552 -0.136297715
vn 0.0901953903 0.992149293 -0.0866289305
vn -0.160783087 -0.984306216 -0.0727328847
vn -0.976463138 0.207841552 -0.0576335743
vn 0.168626164 0.976463138 -0.134480319
vn 0.982916491 -0.184052092 -0
vn 0.160783087 0.984306216 0.0727328847
vn -0.168626164 -0.984306216 -0.0520239392
vn -0.981472661 0.191602233 -0
vn 0.137253855 0.929404674 -0.342590618
vn 0.992149293 -0.1215677 0.0293440684
vn 0.160783087 0.984306216 0.0727328847
vn -0.160783087 -0.976463138 0.143765567
vn -0.97646308 0.215684616 -0
vn 0.0901953903 0.756856971 -0.647327056
vn 0.990566226 -0.137034853 -0
vn 0.168626164 0.976463138 -0.134480319
vn -0.168626164 -0.921561596 0.349699072
vn -0.976463138 0.113724623 -0.183266062
vn 0.137253855 0.772543126 -0.6199504
vn 0.992149293 -0.0901953903 -0.0866289305
vn 0.137253855 0.929404674 -0.342590618
vn -0.215684629 -0.756856971 0.616966504
vn -0.984306216 -0.0901953903 -0.151677504
vn 0.0823523129 0.952933906 -0.291779141
vn 0.992149293 0.0117646161 0.124504513
vn 0.0901953903 0.756856971 -0.647327056
vn -0.113724623 -0.764700048 0.634271666
vn -0.992149293 -0.066666158 -0.105808333
vn 0.050914272 0.998703027 -0
vn 0.960776984 -0.0431369258 0.273946698
vn 0.137253855 0.772543126 -0.6199504
vn -0.027450771 -0.952933906 0.301932817
vn -0.999930803 -0.0117638918 -0
vn 0.0274406433 0.999623435 -0
vn 0.984306216 -0.0823523129 0.156074886
vn 0.0823523129 0.952933906 -0.291779141
vn -0.00392153847 -0.999992311 -0
vn -0.997235649 0.0743038327 -0
vn -0.0196076935 0.843130822 -0.537350868
vn 0.998274373 -0.058722022 -0
vn 0.050914272 0.998703027 -0
vn -0.00392153847 -0.999992311 -0
vn -0.989474726 0.14470579 -0
vn -0.0588230806 0.278429248 -0.958653743
vn 0.999377744 0.0352721557 -0
vn 0.0274406433 0.999623435 -0
vn 0.0117646161 -0.858816977 0.512147433
vn -0.992149293 0.0745092355 -0.100439802
vn -0.066666158 -0.0588230806 -0.996039893
vn -0.999807822 0.0196040749 -0
vn 0.984306216 0.105881545 -0.141174969
vn -0.0196076935 0.843130822 -0.537350868
vn 0.0588230806 -0.294115403 0.953958057
vn 0.066666158 0.0823523129 0.994371017
vn 0.976463138 0.0431369258 -0.211326631
vn -0.0588230806 0.278429248 -0.958653743
vn 0.992149293 -0.0117646161 -0.124504513
vn -0.066666158 -0.0588230806 -0.996039893
vn -0.262743093 -0.1215677 0.957176766
vn -0.960776984 0.113724623 -0.25293141
vn -0.952933906 0.0588230806 -0.297416906
vn -0.223527706 -0.113724623 0.968040327
vn 0.976463138 -0.0431369258 0.211326631
vn -0.929404674 0.278429248 -0.242248026
vn 0.968620061 -0.113724623 0.221002009
vn 0.254900016 0.1215677 -0.959295198
vn -0.192155397 -0.0823523129 0.977903063
vn -0.725484661 0.678426197 -0.115801133
vn 0.278429248 0.105881545 -0.954602667
vn -0.952933906 0.0588230806 -0.297416906
vn -0.960776984 0.113724623 -0.25293141
vn -0.231370784 -0.247056939 0.940973129
vn -0.403918487 0.898032364 0.174320764
vn 0.937247751 -0.286272326 0.199034691
vn 0.286272326 0.0352938484 -0.957498042
vn -0.929404674 0.278429248 -0.242248026
vn -0.709798506 -0.317644635 0.628719306
vn -0.254900016 0.960776984 0.10924088
vn 0.678426197 -0.709798506 0.189536214
vn 0.443133874 -0.0196076935 -0.896240988
vn -0.725484661 0.678426197 -0.115801133
vn -0.952933906 -0.215684629 0.213065979
vn -0.247056939 0.968620061 -0.0271670136
vn 0.207841552 -0.976463138 0.0576335743
vn 0.749013893 0.15294001 -0.644660795
vn -0.403918487 0.898032364 0.174320764
vn -0.976463138 -0.207841552 0.0576335743
vn -0.160783087 0.976463138 -0.143765567
vn 0.168626164 -0.984306216 -0.0520239392
vn 0.937247751 0.278429248 -0.209866163
vn -0.254900016 0.960776984 0.10924088
vn -0.968620061 -0.160783087 0.189536214
vn -0.184312319 0.968620061 -0.166745754
vn 0.215684616 -0.97646308 -0
vn 0.967074537 0.254493299 -0
vn -0.247056939 0.968620061 -0.0271670136
vn -0.160783087 0.976463138 -0.143765567
vn -0.898032364 -0.160783087 0.409495631
vn -0.027450771 0.992149293 -0.12200916
vn 0.294115403 -0.945090829 0.142476157
vn 0.952933906 0.223527706 -0.204822692
vn -0.709798506 -0.137253855 0.690903365
vn 0.0352721557 0.999377744 -0
vn 0.215684629 -0.968620061 0.123512422
vn 0.913718519 0.0980384677 -0.394343666
vn -0.184312319 0.968620061 -0.166745754
vn -0.294115403 -0.0980384677 0.950728452
vn 0.0901953903 0.992149293 0.0866289305
vn 0.199998474 -0.976463138 -0.0807486828
vn 0.725484661 0.0431369258 -0.686885152
vn -0.027450771 0.992149293 -0.12200916
vn -0.0196076935 -0.0901953903 0.995731053
vn 0.066666158 0.984306216 0.163391851
vn 0.0196076935 -0.992149293 -0.123512422
vn 0.309801558 0.0431369258 -0.949822194
vn 0.0352721557 0.999377744 -0
vn -0.0980384677 -0.0588230806 0.993442653
vn -0.113724623 0.984306216 0.134936962
vn -0.0823523129 -0.992149293 -0.0941162929
vn 0.0196076935 0.066666158 -0.997582659
vn 0.0901953903 0.992149293 0.0866289305
vn 0.066666158 0.984306216 0.163391851
vn -0.552936958 -0.0196076935 0.832992352
vn -0.168626164 0.984306216 0.0520239392
vn -0.0901953903 -0.992149293 -0.0866289305
vn 0.0980384677 0.0901953903 -0.991086904
vn -0.905875442 -0.0823523129 0.415460926
vn -0.0745092355 0.992149293 0.100439802
vn -0.0588230806 -0.992149293 0.110361339
vn 0.57646619 0.113724623 -0.809168364
vn -0.113724623 0.984306216 0.134936962
vn -0.976463138 -0.145096932 0.159582642
vn -0.027450771 0.960776984 0.27596022
vn 0.0117638918 -0.999930803 -0
vn 0.913718519 0.0745092355 -0.399458185
vn -0.168626164 0.984306216 0.0520239392
vn -0.968620061 -0.1215677 0.216786697
vn 0.0196076935 0.937247751 0.348112325
vn 0.066666158 -0.992149293 -0.105808333
vn 0.984306216 0.0431369258 -0.171115397
vn -0.0745092355 0.992149293 0.100439802
vn -0.027450771 0.960776984 0.27596022
vn -0.929404674 -0.168626164 0.328286717
vn 0.0823523129 0.905875442 0.415460926
vn 0.0588230806 -0.960776984 -0.271011869
vn 0.968620061 0.0823523129 -0.234506448
vn -0.827444667 -0.254900016 0.500361174
vn 0.231370784 0.858816977 0.457056846
vn 0.0509800032 -0.929404674 -0.365524269
vn 0.929404674 0.1215677 -0.34846556
vn 0.0196076935 0.937247751 0.348112325
vn -0.54509388 -0.458820029 0.70168144
vn 0.317644635 0.835287745 0.448771956
vn -0.309801558 -0.57646619 0.75611489
vn 0.0117646161 -0.874503132 -0.484877166
vn 0.81960159 0.199998474 -0.536892768
vn 0.0823523129 0.905875442 0.415460926
vn -0.129410777 -0.756856971 -0.640640599
vn -0.247056939 -0.639210809 -0.728266716
vn 0.505878493 0.3647031 -0.781715165
vn 0.231370784 0.858816977 0.457056846
vn 0.239213861 0.450976951 -0.859881688
vn 0.317644635 0.835287745 0.448771956
vn 0.301958481 -0.129410777 0.944496653
vn -0.898032364 0.294115403 0.327160515
vn -0.976463138 0.027450771 0.21393035
vn 0.356860022 -0.223527706 0.907020556
vn 0.952933906 -0.0196076935 -0.3025434
vn -0.498035416 0.803915435 0.325085677
vn 0.913718519 -0.286272326 -0.28838624
vn -0.231370784 0.129410777 -0.964220105
vn 0.309801558 -0.349016945 0.884426462
vn 0.0509800032 0.937247751 0.344916935
vn -0.168626164 0.105881545 -0.979976691
vn -0.976463138 0.027450771 0.21393035
vn -0.898032364 0.294115403 0.327160515
vn -0.00392153871 -0.294115403 0.955761869
vn 0.160783087 0.929404674 0.332198361
vn 0.498035416 -0.81960159 -0.283220688
vn -0.129410777 0.0823523129 -0.988165445
vn -0.498035416 0.803915435 0.325085677
vn -0.443133874 -0.0980384677 0.891078464
vn 0.0352938484 0.976463138 0.212777075
vn -0.0588230806 -0.984306216 -0.166376437
vn 0.0196076935 0.145096932 -0.989223139
vn 0.0509800032 0.937247751 0.344916935
vn -0.843130822 0.0980384677 0.528695447
vn 0.0430971754 0.999070885 -0
vn -0.286272326 -0.952933906 -0.0998254784
vn 0.443133874 0.113724623 -0.889212618
vn 0.160783087 0.929404674 0.332198361
vn -0.984306216 0.113724623 0.134936962
vn 0.0745092355 0.992149293 -0.100439802
vn -0.270586171 -0.960776984 -0.060751231
vn 0.8509739 0.00392153871 -0.525193339
vn 0.0352938484 0.976463138 0.212777075
vn -0.992149293 0.105881545 0.0665498191
vn 0.160783087 0.976463138 -0.143765567
vn -0.14470579 -0.989474726 -0
vn 0.984306216 -0.0745092355 -0.159967645
vn 0.0430971754 0.999070885 -0
vn -0.984306216 0.105881545 0.141174969
vn 0.223527706 0.952933906 -0.204822692
vn -0.105881545 -0.984306216 0.141174969
vn 0.997235649 -0.0743038327 -0
vn 0.0745092355 0.992149293 -0.100439802
vn -0.81960159 0.137253855 0.556250495
vn 0.176469242 0.968620061 -0.175025096
vn -0.0196076935 -0.992149293 0.123512422
vn 0.984306216 -0.113724623 -0.134936962
vn 0.160783087 0.976463138 -0.143765567
vn -0.419604642 0.129410777 0.898434636
vn 0.137253855 0.984306216 -0.110917325
vn 0.0117638918 -0.999930803 -0
vn 0.81960159 -0.160783087 -0.549910931
vn 0.223527706 0.952933906 -0.204822692
vn -0.113724623 0.105881545 0.987854143
vn 0.0823523129 0.992149293 -0.0941162929
vn -0.0820750945 -0.996626148 -0
vn 0.435290797 -0.137253855 -0.889765869
vn 0.176469242 0.968620061 -0.175025096
vn 0.0196076935 0.0980384677 0.994989446
vn -0.0196040749 0.999807822 -0
vn -0.1215677 -0.992149293 0.0293440684
vn 0.1215677 -0.0980384677 -0.987729595
vn 0.137253855 0.984306216 -0.110917325
vn 0.027450771 0.105881545 0.993999775
vn -0.168626164 0.984306216 -0.0520239392
vn -0.0823523129 -0.992149293 0.0941162929
vn -0.0196076935 -0.0745092355 -0.997027538
vn 0.0823523129 0.992149293 -0.0941162929
vn -0.0509800032 0.105881545 0.993071064
vn -0.403918487 0.913718519 -0.0443657964
vn 0.0196076935 -0.992149293 0.123512422
vn -0.027450771 -0.0509800032 -0.99832234
vn -0.0196040749 0.999807822 -0
vn -0.223527706 0.0823523129 0.971212367
vn -0.717641584 0.678426197 -0.157252833
vn 0.168626164 -0.976463138 0.134480319
vn 0.0352938484 -0.0431369258 -0.998445567
vn -0.168626164 0.984306216 -0.0520239392
vn -0.482349261 -0.0823523129 0.872099356
vn -0.866660055 0.435290797 -0.24376684
vn 0.372546177 -0.913718519 0.162258478
vn 0.168626164 0.027450771 -0.985297758
vn -0.403918487 0.913718519 -0.0443657964
vn -0.584309268 -0.482349261 0.6526269
vn -0.8509739 0.474506184 -0.22513841
vn 0.639210809 -0.701955429 0.314114815
vn 0.341173868 0.215684629 -0.914921053
vn -0.717641584 0.678426197 -0.157252833
vn -0.57646619 -0.772543126 0.26620265
vn -0.827444667 0.54509388 -0.134936962
vn 0.709798506 -0.568623113 0.415756944
vn 0.592152345 0.505878493 -0.62724999
vn -0.866660055 0.435290797 -0.24376684
vn -0.575299505 -0.817942834 -0
vn -0.827444667 0.560780035 -0.0293440684
vn 0.749013893 -0.6078385 0.263648527
vn 0.639210809 0.733327738 -0.231603042
vn -0.8509739 0.474506184 -0.22513841
vn -0.568623113 -0.803915435 -0.174320764
vn -0.81960159 0.560780035 -0.117383924
vn 0.780386203 -0.615681577 0.10924088
vn 0.592152345 0.803915435 0.0554578528
vn -0.827444667 0.54509388 -0.134936962
vn -0.54509388 -0.780386203 -0.306382173
vn -0.764700048 0.57646619 -0.287959317
vn 0.78822928 -0.6078385 0.0960570652
vn 0.560780035 0.811758513 0.163014936
vn -0.827444667 0.560780035 -0.0293440684
vn -0.474506184 -0.717641584 -0.50973958
vn -0.584309268 0.654896964 -0.479262607
vn 0.772543126 -0.623524655 0.119975515
vn 0.521564648 0.796072358 0.306983907
vn -0.81960159 0.560780035 -0.117383924
vn -0.294115403 -0.6078385 -0.737582868
vn -0.443133874 0.584309268 -0.679863993
vn -0.199998474 -0.458820029 -0.865727897
vn 0.709798506 -0.670583119 0.215648698
vn 0.419604642 0.772543126 0.476559612
vn -0.764700048 0.57646619 -0.287959317
vn 0.57646619 -0.733327738 0.36044023
vn 0.443133874 -0.843130822 0.304569838
vn 0.262743093 0.701955429 0.66198538
vn -0.584309268 0.654896964 -0.479262607
vn 0.129410777 0.709798506 0.692415288
vn -0.443133874 0.584309268 -0.679863993
vn 0.027450771 -0.913718519 -0.405419441
vn 0.411761564 0.309801558 -0.857015408
vn 0.341173868 0.223527706 -0.913036558
vn -0.427447719 -0.835287745 -0.345807505
vn -0.325487713 -0.207841552 0.922420532
vn 0.529407726 -0.0745092355 -0.845089246
vn -0.223527706 0.0352938484 0.97405837
vn 0.105881545 0.992149293 0.0665498191
vn -0.890189287 -0.0823523129 -0.448086075
vn 0.341173868 -0.403918487 -0.848793407
vn 0.466663106 0.835287745 0.290723113
vn 0.341173868 0.223527706 -0.913036558
vn 0.411761564 0.309801558 -0.857015408
vn -0.0745092355 0.160783087 0.984173345
vn -0.678426197 0.552936958 -0.483734035
vn 0.207841552 -0.435290797 -0.875970212
vn 0.960776984 0.0901953903 0.262244885
vn 0.529407726 -0.0745092355 -0.845089246
vn -0.490192339 0.749013893 -0.445746182
vn 0.207841552 -0.403918487 -0.890871341
vn -0.15294001 0.317644635 0.935794443
vn 0.733327738 -0.568623113 0.372690466
vn 0.341173868 -0.403918487 -0.848793407
vn -0.388232332 0.81960159 -0.421341773
vn 0.403918487 -0.372546177 -0.835499373
vn -0.168626164 0.372546177 0.912564826
vn 0.498035416 -0.756856971 0.423235455
vn 0.207841552 -0.435290797 -0.875970212
vn -0.247056939 0.905875442 -0.344024059
vn 0.717641584 -0.294115403 -0.631258019
vn -0.192155397 0.3647031 0.911080651
vn 0.380389255 -0.811758513 0.443116387
vn 0.207841552 -0.403918487 -0.890871341
vn -0.0509800032 0.976463138 -0.209572848
vn 0.796072358 -0.199998474 -0.571199975
vn -0.380389255 0.254900016 0.88900506
vn 0.184312319 -0.858816977 0.477977373
vn 0.403918487 -0.372546177 -0.835499373
vn 0.176469242 0.968620061 -0.175025096
vn 0.505878493 -0.176469242 -0.844361035
vn -0.709798506 0.15294001 0.687601217
vn -0.0823523129 -0.945090829 0.316261636
vn 0.717641584 -0.294115403 -0.631258019
vn 0.176469242 0.952933906 -0.246527032
vn 0.0117646161 -0.160783087 -0.986919649
vn -0.78822928 0.176469242 0.589536435
vn -0.105881545 -0.984306216 0.141174969
vn 0.796072358 -0.199998474 -0.571199975
vn 0.0509800032 0.960776984 -0.272596088
vn -0.286272326 -0.15294001 -0.945863367
vn -0.490192339 0.223527706 0.842464739
vn -0.058722022 -0.998274373 -0
vn 0.505878493 -0.176469242 -0.844361035
vn -0.0196076935 0.976463138 -0.214791242
vn -0.466663106 -0.145096932 -0.872451962
vn -0.0117646161 0.192155397 0.981293991
vn -0.0352938484 -0.992149293 0.119975515
vn 0.0117646161 -0.160783087 -0.986919649
vn -0.066666158 0.976463138 -0.205122799
vn -0.592152345 -0.239213861 -0.769501351
vn 0.286272326 0.168626164 0.943193179
vn -0.00392153871 -0.992149293 0.124997606
vn -0.286272326 -0.15294001 -0.945863367
vn 0.0823523129 0.960776984 -0.264812546
vn -0.701955429 -0.254900016 -0.665044779
vn 0.466663106 0.168626164 0.868211243
vn 0.0196076935 -0.992149293 0.123512422
vn -0.466663106 -0.145096932 -0.872451962
vn 0.505878493 0.662740042 -0.552143629
vn -0.709798506 -0.0196076935 -0.704131819
vn 0.54509388 0.0745092355 0.835057504
vn -0.0901953903 -0.960776984 0.262244885
vn -0.592152345 -0.239213861 -0.769501351
vn 0.756856971 0.0431369258 -0.65215545
vn -0.631367732 0.137253855 -0.763240569
vn 0.498035416 -0.027450771 0.866722089
vn -0.552936958 -0.654896964 0.515141424
vn -0.701955429 -0.254900016 -0.665044779
vn 0.717641584 -0.309801558 -0.623709509
vn -0.537250803 0.301958481 -0.787516762
vn 0.529407726 -0.027450771 0.847923296
vn -0.796072358 -0.0431369258 0.603662163
vn -0.709798506 -0.0196076935 -0.704131819
vn 0.623524655 -0.466663106 -0.62724999
vn -0.341173868 0.54509388 -0.765815287
vn 0.552936958 -0.105881545 0.826468281
vn -0.749013893 0.309801558 0.585663028
vn -0.631367732 0.137253855 -0.763240569
vn 0.450976951 -0.615681577 -0.64618572
vn -0.0117646161 0.686269274 -0.727252417
vn 0.482349261 -0.262743093 0.83564661
vn -0.678426197 0.498035416 0.540091307
vn -0.537250803 0.301958481 -0.787516762
vn 0.129410777 -0.733327738 -0.667445338
vn 0.388232332 0.662740042 -0.640352476
vn 0.262743093 -0.435290797 0.861096969
vn -0.498035416 0.686269274 0.530089811
vn -0.341173868 0.54509388 -0.765815287
vn -0.356860022 -0.592152345 -0.72250019
vn 0.686269274 0.450976951 -0.570661259
vn -0.0117646161 -0.529407726 0.848285951
vn -0.1215677 0.811758513 0.571199975
vn -0.0117646161 0.686269274 -0.727252417
vn -0.749013893 0.0196076935 -0.662264091
vn 0.584309268 0.450976951 -0.674686942
vn -0.662740042 0.411761564 -0.625482255
vn -0.254900016 -0.458820029 0.851181627
vn 0.39607541 0.678426197 0.618758568
vn 0.388232332 0.662740042 -0.640352476
vn -0.39607541 -0.474506184 0.786109504
vn -0.639210809 -0.411761564 0.649509011
vn 0.764700048 0.0823523129 0.639102443
vn 0.686269274 0.450976951 -0.570661259
vn 0.882346209 -0.247056939 0.400534688
vn 0.584309268 0.450976951 -0.674686942
vn 0.231370784 0.00392153871 0.97285774
vn 0.231370784 0.00392153871 0.97285774
vn 0.231370784 0.00392153871 0.97285774
vn 0.231370784 0.00392153871 0.97285774
vn -0.239213861 0.00392153871 -0.970958985
vn -0.239213861 0.00392153871 -0.970958985
vn -0.239213861 0.00392153871 -0.970958985
vn -0.239213861 0.00392153871 -0.970958985
vn -0.00392153847 -0.999992311 -0
vn -0.00392153847 -0.999992311 -0
vn -0.00392153847 -0.999992311 -0
vn -0.00392153847 -0.999992311 -0
vn -0.968620061 0.00392153871 0.248515189
vn -0.968620061 0.00392153871 0.248515189
vn -0.968620061 0.00392153871 0.248515189
vn -0.968620061 0.00392153871 0.248515189
vn -0.00392153847 0.999992311 -0
vn -0.00392153847 0.999992311 -0
vn -0.00392153847 0.999992311 -0
vn -0.00392153847 0.999992311 -0
vn 0.968620061 0.00392153871 -0.248515189
vn 0.968620061 0.00392153871 -0.248515189
vn 0.968620061 0.00392153871 -0.248515189
vn 0.968620061 0.00392153871 -0.248515189
vn 0.247056939 0.00392153871 0.968993029
vn 0.247056939 0.00392153871 0.968993029
vn 0.247056939 0.00392153871 0.968993029
vn 0.247056939 0.00392153871 0.968993029
vn -0.247056939 0.00392153871 -0.968993029
vn -0.247056939 0.00392153871 -0.968993029
vn -0.247056939 0.00392153871 -0.968993029
vn -0.247056939 0.00392153871 -0.968993029
vn -0.00392153847 0.999992311 -0
vn -0.00392153847 0.999992311 -0
vn -0.00392153847 0.999992311 -0
vn -0.00392153847 0.999992311 -0
vn 0.968620061 0.00392153871 -0.248515189
vn 0.968620061 0.00392153871 -0.248515189
vn 0.968620061 0.00392153871 -0.248515189
vn 0.968620061 0.00392153871 -0.248515189
vn -0.00392153847 -0.999992311 -0
vn -0.00392153847 -0.999992311 -0
vn -0.00392153847 -0.999992311 -0
vn -0.00392153847 -0.999992311 -0
vn -0.968620061 0.00392153871 0.248515189
vn -0.968620061 0.00392153871 0.248515189
vn -0.968620061 0.00392153871 0.248515189
vn -0.968620061 0.00392153871 0.248515189
vn 0.951005304 -0.309174564 -0
vn 0.356860022 0.921561596 -0.152889334
vn 0.356860022 0.921561596 -0.152889334
vn 0.937247751 -0.341173868 -0.071882159
vn -0.356860022 -0.913718519 0.194343491
vn 0.3647031 0.929404674 -0.056556177
vn -0.356860022 -0.921561596 0.152889334
vn -0.911701732 0.410852712 -0
vn 0.934549665 -0.355832718 -0
vn 0.3647031 0.929404674 -0.056556177
vn -0.921561596 0.380389255 0.0776417341
vn 0.356860022 0.921561596 -0.152889334
vn 0.356860022 0.921561596 -0.152889334
vn 0.934549665 -0.355832718 -0
vn 0.3647031 0.929404674 -0.056556177
vn -0.3647031 -0.929404674 0.056556177
vn -0.928206343 0.372065834 -0
vn 0.3647031 0.929404674 -0.056556177
vn 0.929404674 -0.356860022 -0.0941162929
vn 0.372065834 0.928206343 -0
vn -0.3647031 -0.929404674 0.056556177
vn -0.929404674 0.3647031 0.056556177
vn 0.3647031 0.929404674 -0.056556177
vn 0.945090829 -0.317644635 0.0768453717
vn 0.355832718 0.934549665 -0
vn -0.3647031 -0.929404674 0.056556177
vn -0.929404674 0.3647031 0.056556177
vn 0.3647031 0.929404674 -0.056556177
vn 0.982916491 -0.184052092 -0
vn 0.348973993 0.937132409 -0
vn -0.26179466 -0.965123596 -0
vn -0.945090829 0.317644635 -0.0768453717
vn 0.372065834 0.928206343 -0
vn 0.982916491 -0.184052092 -0
vn 0.372065834 0.928206343 -0
vn -0.0274406433 -0.999623435 -0
vn -0.976463138 0.207841552 -0.0576335743
vn 0.355832718 0.934549665 -0
vn 0.945090829 -0.317644635 -0.0768453717
vn 0.355832718 0.934549665 -0
vn -0.058722022 -0.998274373 -0
vn -0.97646308 0.215684616 -0
vn 0.348973993 0.937132409 -0
vn 0.928206343 -0.372065834 -0
vn 0.380389255 0.921561596 0.0776417341
vn -0.270586171 -0.960776984 -0.060751231
vn -0.945090829 0.325487713 0.0293440684
vn 0.372065834 0.928206343 -0
vn 0.928206343 -0.372065834 -0
vn 0.348973993 0.937132409 -0
vn -0.403918487 -0.913718519 -0.0443657964
vn -0.921561541 0.388232309 -0
vn 0.355832718 0.934549665 -0
vn -0.426739521 -0.90437458 -0
vn -0.898032364 0.435290797 0.0637165226
vn 0.380389255 0.921561596 0.0776417341
vn 0.921561596 -0.380389255 0.0776417341
vn -0.921561541 0.388232309 -0
vn 0.348973993 0.937132409 -0
vn 0.3647031 0.929404674 0.056556177
vn -0.934549665 0.355832718 -0
vn -0.3647031 -0.929404674 -0.056556177
vn -0.403918487 -0.913718519 -0.0443657964
vn 0.929404674 -0.3647031 -0.056556177
vn 0.3647031 0.929404674 0.056556177
vn 0.00392153871 0.00392153871 0.999984621
vn 0.00392153871 0.00392153871 0.999984621
vn 0.00392153871 0.00392153871 0.999984621
vn 0.00392153871 0.00392153871 0.999984621
vn 0.709798506 0.701955429 -0.0586911971
vn -0.278343635 0.960481557 -0
vn -0.254493299 0.967074537 -0
vn 0.694112351 0.717641584 -0.056556177
vn 0.965123596 -0.26179466 -0
vn -0.247056939 0.968620061 0.0271670136
vn 0.960776984 -0.262743093 -0.0887336169
vn 0.26179466 -0.965123596 -0
vn 0.709798506 0.701955429 -0.0586911971
vn -0.262743093 0.960776984 0.0887336169
vn 0.239213861 -0.968620061 -0.0674678157
vn -0.701955429 -0.709798506 0.0586911971
vn 0.967074537 -0.254493299 -0
vn 0.678426197 0.733327738 0.0443657964
vn -0.192155397 0.976463138 0.0979593944
vn -0.717641584 -0.694112351 0.056556177
vn -0.967074537 0.254493299 -0
vn 0.270586171 -0.960776984 -0.060751231
vn 0.968620061 -0.223527706 -0.108676318
vn 0.749013893 0.639210809 0.174320764
vn -0.309801558 0.921561596 -0.233981236
vn -0.967074537 0.254493299 -0
vn -0.254493299 0.967074537 -0
vn -0.278343635 0.960481557 -0
vn -0.69925076 -0.714876475 -0
vn -0.960776984 0.262743093 0.0887336169
vn -0.247056939 0.968620061 0.0271670136
vn 0.254900016 -0.960776984 -0.10924088
vn 0.952933906 -0.278429248 0.119975515
vn 0.694112351 0.717641584 0.056556177
vn -0.247056939 0.960776984 -0.125978002
vn -0.952933906 0.286272326 0.0998254784
vn -0.262743093 0.960776984 0.0887336169
vn -0.733327738 -0.678426197 -0.0443657964
vn 0.317644635 -0.945090829 -0.0768453717
vn 0.913718519 -0.301958481 0.271918267
vn 0.678426197 0.725484661 -0.115801133
vn -0.26179466 0.965123596 -0
vn -0.960776984 0.239213861 -0.140300807
vn -0.192155397 0.976463138 0.0979593944
vn -0.631367732 -0.756856971 -0.168944704
vn 0.176469242 -0.960776984 0.21393035
vn 0.707106781 0.707106781 -0
vn -0.254493299 0.967074537 -0
vn 0.976463138 -0.207841552 0.0576335743
vn -0.952933906 0.192155397 -0.234506448
vn -0.309801558 0.921561596 -0.233981236
vn -0.709798506 -0.701955429 -0.0586911971
vn 0.701955429 0.709798506 0.0586911971
vn -0.239213861 0.960776984 0.140300807
vn 0.270586171 -0.952933906 0.13674829
vn 0.965123596 -0.26179466 -0
vn -0.952933906 0.301958481 -0.0271670136
vn -0.247056939 0.960776984 -0.125978002
vn -0.733327738 -0.678426197 0.0443657964
vn 0.717641584 0.694112351 0.056556177
vn -0.192155397 0.921561596 0.337343338
vn 0.254493299 -0.967074537 -0
vn 0.968620061 -0.239213861 -0.0674678157
vn -0.967074537 0.254493299 -0
vn -0.26179466 0.965123596 -0
vn -0.707106781 -0.707106781 -0
vn 0.670583119 0.741170816 -0.0313704013
vn -0.0509800032 0.921561596 0.38487045
vn 0.254900016 -0.960776984 -0.10924088
vn 0.967074537 -0.254493299 -0
vn -0.960481557 0.278343635 -0
vn -0.254493299 0.967074537 -0
vn -0.717641584 -0.694112351 -0.056556177
vn 0.380389255 0.756856971 -0.531480518
vn -0.00392153871 0.960776984 0.277294445
vn 0.223527706 -0.968620061 -0.108676318
vn 0.874503132 -0.294115403 -0.385668772
vn -0.952933906 0.262743093 0.151271403
vn -0.239213861 0.960776984 0.140300807
vn -0.741170816 -0.670583119 -0.0313704013
vn -0.00392153871 0.709798506 -0.704393854
vn 0.00392153871 0.968620061 0.248515189
vn 0.0352938484 -0.984306216 -0.172903493
vn 0.33333079 -0.349016945 -0.875829753
vn -0.796072358 0.262743093 0.545192505
vn -0.192155397 0.921561596 0.337343338
vn -0.701955429 -0.623524655 0.34420282
vn -0.0196076935 0.709798506 -0.704131819
vn -0.199998474 0.937247751 0.28559983
vn -0.027450771 -0.984306216 -0.174320764
vn -0.00392153871 -0.254900016 -0.966959463
vn -0.349016945 0.223527706 0.910067325
vn -0.0509800032 0.921561596 0.38487045
vn -0.317644635 -0.678426197 0.662449833
vn -0.15294001 0.654896964 -0.740080617
vn -0.584309268 0.764700048 0.271691951
vn -0.0196076935 0.254900016 0.966768597
vn -0.00392153871 0.960776984 0.277294445
vn -0.00392153871 -0.968620061 -0.248515189
vn -0.0117646161 -0.694112351 0.719770545
vn -0.027450771 -0.254900016 -0.966577693
vn -0.00392153871 -0.968620061 -0.248515189
vn -0.411761564 0.537250803 -0.736080151
vn -0.866660055 0.403918487 0.292831361
vn 0.0588230806 -0.309801558 -0.948979894
vn 0.027450771 0.254900016 0.966577693
vn 0.00392153871 0.968620061 0.248515189
vn 0.0196076935 -0.709798506 0.704131819
vn -0.6078385 0.286272326 -0.740662213
vn -0.960776984 0.0823523129 0.264812546
vn 0.199998474 -0.254900016 -0.946058451
vn 0.207841552 -0.945090829 -0.252200743
vn -0.0196076935 0.192155397 0.98116861
vn -0.199998474 0.937247751 0.28559983
vn 0.176469242 -0.725484661 0.665229745
vn -0.694112351 0.0745092355 -0.716000292
vn -0.968620061 0.0117646161 0.24826754
vn 0.294115403 -0.129410777 -0.94696831
vn 0.615681577 -0.749013893 -0.244774147
vn -0.113724623 0.137253855 0.983985818
vn -0.584309268 0.764700048 0.271691951
vn 0.466663106 -0.584309268 0.663933901
vn -0.709798506 0.0117646161 -0.70430652
vn -0.960776984 0.027450771 0.27596022
vn 0.278429248 -0.0196076935 -0.960256576
vn 0.882346209 -0.388232332 -0.265971471
vn -0.168626164 0.0588230806 0.983923301
vn -0.866660055 0.403918487 0.292831361
vn 0.678426197 -0.309801558 0.666153804
vn -0.709798506 0.027450771 -0.703869687
vn -0.945090829 0.0980384677 0.311755969
vn 0.254900016 0.00392153871 -0.966959463
vn 0.960776984 -0.0901953903 -0.262244885
vn -0.223527706 0.0117646161 0.974626574
vn -0.960776984 0.0823523129 0.264812546
vn 0.717641584 -0.0745092355 0.692415288
vn -0.741170816 -0.0745092355 -0.667168791
vn -0.921561596 0.262743093 0.285815134
vn 0.254900016 -0.00392153871 -0.966959463
vn 0.968620061 -0.0117646161 -0.24826754
vn -0.262743093 -0.00392153871 0.964857859
vn -0.968620061 0.0117646161 0.24826754
vn 0.709798506 -0.0196076935 0.704131819
vn -0.78822928 -0.380389255 -0.483734035
vn -0.890189287 0.309801558 0.33404495
vn 0.254900016 -0.168626164 -0.952150828
vn 0.960776984 -0.027450771 -0.27596022
vn -0.254900016 0.00392153871 0.966959463
vn -0.960776984 0.027450771 0.27596022
vn 0.709798506 -0.027450771 0.703869687
vn -0.725484661 -0.686269274 -0.0520239392
vn -0.568623113 0.270586171 0.776821009
vn 0.262743093 -0.615681577 -0.742901247
vn 0.976463138 -0.0823523129 -0.199343513
vn -0.239213861 0.168626164 0.956212291
vn -0.945090829 0.0980384677 0.311755969
vn 0.686269274 0.0901953903 0.721733521
vn -0.388232332 -0.811758513 0.43626113
vn -0.1215677 0.137253855 0.983047646
vn -0.192155397 -0.81960159 0.539749513
vn 0.309801558 -0.874503132 -0.373185298
vn 0.984306216 -0.1215677 -0.127916254
vn 0.168626164 -0.913718519 -0.369707566
vn -0.0509800032 -0.898032364 -0.436965573
vn -0.184312319 0.631367732 0.753262077
vn -0.921561596 0.262743093 0.285815134
vn 0.694112351 0.450976951 0.561095208
vn 0.937247751 -0.145096932 -0.317038693
vn 0.537250803 -0.215684629 -0.815378265
vn 0.137253855 -0.254900016 -0.957176766
vn 0.717641584 0.694112351 0.056556177
vn -0.15294001 0.937247751 0.313330506
vn -0.890189287 0.309801558 0.33404495
vn 0.482349261 0.662740042 -0.572813082
vn 0.223527706 0.631367732 -0.742569964
vn -0.00392153871 0.984306216 0.176425325
vn -0.568623113 0.270586171 0.776821009
vn 0.0745092355 0.952933906 0.293879813
vn -0.1215677 0.137253855 0.983047646
vn 0.709798506 0.694112351 -0.119975515
vn 0.662740042 -0.733327738 0.151677504
vn 0.647053887 -0.741170816 0.178849348
vn 0.707106781 0.707106781 -0
vn -0.756856971 0.631367732 -0.168944704
vn 0.733327738 -0.678426197 -0.0443657964
vn -0.749013893 0.647053887 -0.142476157
vn -0.701955429 -0.701955429 0.120487145
vn 0.717641584 0.686269274 0.118427366
vn 0.733327738 -0.560780035 -0.384390661
vn -0.686269274 -0.725484661 -0.0520239392
vn 0.647053887 -0.741170816 0.178849348
vn 0.662740042 -0.733327738 0.151677504
vn 0.701955429 0.701955429 -0.120487145
vn 0.521564648 -0.513721571 -0.681219836
vn -0.725484661 0.686269274 0.0520239392
vn -0.639210809 -0.756856971 -0.136297715
vn 0.733327738 -0.678426197 -0.0443657964
vn 0.458820029 0.780386203 -0.424831208
vn 0.286272326 -0.529407726 -0.79860855
vn -0.6078385 0.701955429 0.371202013
vn -0.575299505 -0.817942834 -0
vn 0.733327738 -0.560780035 -0.384390661
vn 0.192155397 0.796072358 -0.573885968
vn 0.129410777 -0.592152345 -0.795366866
vn -0.435290797 0.654896964 0.617763619
vn -0.411761564 -0.843130822 0.345807505
vn 0.521564648 -0.513721571 -0.681219836
vn 0.168626164 0.827444667 -0.535630973
vn -0.137253855 -0.552936958 -0.821840678
vn -0.262743093 0.615681577 0.742901247
vn -0.168626164 -0.8509739 0.497401889
vn 0.286272326 -0.529407726 -0.79860855
vn 0.529407726 0.686269274 -0.498760407
vn -0.388232332 -0.223527706 -0.894041957
vn -0.145096932 0.505878493 0.85031396
vn -0.168626164 -0.843130822 0.51058362
vn 0.129410777 -0.592152345 -0.795366866
vn 0.858816977 0.301958481 -0.413829042
vn -0.403918487 0.0509800032 -0.91337336
vn -0.0117646161 0.33333079 0.942736537
vn -0.54509388 -0.749013893 0.376630919
vn -0.137253855 -0.552936958 -0.821840678
vn 0.929404674 -0.0823523129 -0.35975693
vn -0.356860022 0.184312319 -0.915794679
vn 0.168626164 0.129410777 0.977147925
vn -0.898032364 -0.325487713 0.295965575
vn -0.388232332 -0.223527706 -0.894041957
vn 0.874503132 -0.278429248 -0.397141569
vn -0.286272326 0.207841552 -0.935334189
vn 0.254900016 -0.0352938484 0.966323096
vn -0.945090829 0.0823523129 0.316261636
vn -0.403918487 0.0509800032 -0.91337336
vn 0.898032364 -0.207841552 -0.387736718
vn -0.254900016 -0.0196076935 -0.966768597
vn 0.309801558 -0.168626164 0.935728706
vn -0.890189287 0.294115403 0.347935574
vn -0.356860022 0.184312319 -0.915794679
vn 0.945090829 0.160783087 -0.284520868
vn 0.0509800032 -0.301958481 -0.951956992
vn 0.411761564 -0.223527706 0.883452194
vn -0.890189287 0.199998474 0.409345385
vn -0.286272326 0.207841552 -0.935334189
vn 0.450976951 0.066666158 0.890042366
vn -0.874503132 -0.145096932 0.4628079
vn -0.254900016 -0.0196076935 -0.966768597
vn 0.592152345 0.741170816 -0.316261636
vn -0.615681577 -0.584309268 0.528695447
vn 0.0509800032 -0.301958481 -0.951956992
vn 0.223527706 0.513721571 0.828326936
vn 0.286272326 0.843130822 -0.455168729
vn 0.0745092355 -0.458820029 -0.885399658
vn -0.0901953903 0.458820029 0.883939462
vn -0.262743093 -0.882346209 0.390424428
vn 0.0745092355 -0.458820029 -0.885399658
vn 0.521564648 0.725484661 -0.449046016
vn -0.231370784 -0.443133874 -0.866083097
vn -0.592152345 0.0117646161 -0.805740153
vn 0.0352938484 0.270586171 0.962048579
vn -0.537250803 -0.780386203 0.319935851
vn -0.231370784 -0.443133874 -0.866083097
vn 0.81960159 0.0196076935 -0.572598264
vn -0.419604642 0.33333079 -0.844288179
vn -0.937247751 -0.066666158 0.34223132
vn -0.592152345 0.0117646161 -0.805740153
vn 0.0901953903 0.0117646161 0.995854601
vn 0.623524655 -0.639210809 -0.450140585
vn -0.498035416 0.247056939 -0.831218138
vn -0.639210809 0.631367732 0.439072122
vn -0.419604642 0.33333079 -0.844288179
vn 0.286272326 -0.247056939 0.925748899
vn 0.466663106 -0.78822928 -0.401148535
vn -0.796072358 -0.027450771 -0.604578577
vn -0.39607541 0.764700048 0.508289392
vn -0.498035416 0.247056939 -0.831218138
vn 0.466663106 -0.199998474 0.861525482
vn 0.466663106 -0.81960159 -0.332383482
vn -0.937247751 -0.33333079 -0.102260633
vn -0.262743093 0.827444667 0.496287607
vn -0.796072358 -0.027450771 -0.604578577
vn 0.78822928 0.0509800032 0.61326637
vn 0.466663106 -0.803915435 -0.368707904
vn -0.882346209 -0.443133874 0.15842202
vn 0.411761564 -0.81960159 -0.398378774
vn 0.929404674 0.341173868 0.140738567
vn 0.882346209 0.443133874 -0.15842202
vn -0.239213861 0.882346209 0.405267684
vn -0.937247751 -0.33333079 -0.102260633
vn -0.294115403 0.874503132 0.385668772
vn -0.882346209 -0.443133874 0.15842202
vn 0.968620061 -0.00392153871 -0.248515189
vn 0.968620061 0.0117646161 -0.24826754
vn 0.968620061 0.0117646161 -0.24826754
vn 0.968620061 -0.0117646161 -0.24826754
vn 0.968620061 -0.027450771 -0.247025571
vn 0.968620061 -0.027450771 -0.247025571
vn 0.00392153847 -0.999992311 -0
vn 0.00392153847 -0.999992311 -0
vn 0.00392153847 -0.999992311 -0
vn 0.00392153847 -0.999992311 -0
vn -0.0117638918 0.999930803 -0
vn -0.0117638918 0.999930803 -0
vn -0.0117638918 0.999930803 -0
vn -0.0117638918 0.999930803 -0
vn -0.999992311 0.00392153847 -0
vn -0.999992311 0.00392153847 -0
vn -0.999992311 0.00392153847 -0
vn -0.999992311 0.00392153847 -0
vn -0.999992311 0.00392153847 -0
vn -0.999992311 0.00392153847 -0
vn -0.00392153871 -0.184312319 -0.982859904
vn -0.00392153871 -0.294115403 -0.955761869
vn -0.00392153871 -0.294115403 -0.955761869
vn -0.00392153871 -0.184312319 -0.982859904
vn -0.00392153871 -0.066666158 -0.997767631
vn -0.00392153871 -0.066666158 -0.997767631
vn 0.00392153871 0.286272326 0.95814027
vn 0.00392153871 0.286272326 0.95814027
vn 0.00392153871 0.176469242 0.984298343
vn 0.00392153871 0.184312319 0.982859904
vn 0.00392153871 0.066666158 0.997767631
vn 0.00392153871 0.066666158 0.997767631
vn -0.0117638918 0.999930803 -0
vn -0.0117638918 0.999930803 -0
vn -0.0117638918 0.999930803 -0
vn -0.0117638918 0.999930803 -0
vn 0.00392153847 -0.999992311 -0
vn 0.00392153847 -0.999992311 -0
vn 0.00392153847 -0.999992311 -0
vn 0.00392153847 -0.999992311 -0
vn 0.968620061 -0.00392153871 -0.248515189
vn 0.968620061 0.0117646161 -0.24826754
vn 0.968620061 0.0117646161 -0.24826754
vn 0.968620061 -0.0117646161 -0.24826754
vn 0.968620061 -0.027450771 -0.247025571
vn 0.968620061 -0.027450771 -0.247025571
vn -0.999992311 0.00392153847 -0
vn -0.999992311 0.00392153847 -0
vn -0.999992311 0.00392153847 -0
vn -0.999992311 0.00392153847 -0
vn -0.999992311 0.00392153847 -0
vn -0.999992311 0.00392153847 -0
vn -0.00392153871 -0.184312319 -0.982859904
vn -0.00392153871 -0.294115403 -0.955761869
vn -0.00392153871 -0.294115403 -0.955761869
vn -0.00392153871 -0.184312319 -0.982859904
vn -0.00392153871 -0.066666158 -0.997767631
vn -0.00392153871 -0.066666158 -0.997767631
vn 0.00392153871 0.286272326 0.95814027
vn 0.00392153871 0.286272326 0.95814027
vn 0.00392153871 0.176469242 0.984298343
vn 0.00392153871 0.184312319 0.982859904
vn 0.00392153871 0.066666158 0.997767631
vn 0.00392153871 0.066666158 0.997767631
vn 0.928206343 0.372065834 -0
vn 0.921561541 -0.388232309 -0
vn 0.921561541 -0.388232309 -0
vn 0.928206343 0.372065834 -0
vn 0.388232309 0.921561541 -0
vn 0.388232309 0.921561541 -0
vn -0.372065834 0.928206343 -0
vn -0.372065834 0.928206343 -0
vn -0.921561541 0.388232309 -0
vn -0.921561541 0.388232309 -0
vn -0.928206343 -0.372065834 -0
vn -0.928206343 -0.372065834 -0
vn -0.388232309 -0.921561541 -0
vn -0.388232309 -0.921561541 -0
vn 0.372065834 -0.928206343 -0
vn 0.372065834 -0.928206343 -0
vn 0.921561541 -0.388232309 -0
vn 0.921561541 -0.388232309 -0
vn -0.00392153871 0.00392153871 -0.999984621
vn -0.00392153871 0.00392153871 -0.999984621
vn -0.00392153871 0.00392153871 -0.999984621
vn -0.00392153871 0.00392153871 -0.999984621
vn -0.00392153871 0.00392153871 -0.999984621
vn -0.00392153871 0.00392153871 -0.999984621
vn -0.00392153871 0.00392153871 -0.999984621
vn -0.00392153871 0.00392153871 -0.999984621
vn -0.00392153871 0.00392153871 -0.999984621
vn -0.00392153871 0.00392153871 -0.999984621
vn -0.00392153871 0.00392153871 -0.999984621
vn -0.00392153871 0.00392153871 -0.999984621
vn -0.00392153871 0.00392153871 -0.999984621
vn -0.00392153871 0.00392153871 -0.999984621
vn -0.00392153871 0.00392153871 -0.999984621
vn -0.00392153871 0.00392153871 -0.999984621
vn -0.00392153871 0.00392153871 -0.999984621
vn -0.00392153871 0.00392153871 -0.999984621
vn 0.928206343 0.372065834 -0
vn 0.921561541 -0.388232309 -0
vn 0.921561541 -0.388232309 -0
vn 0.928206343 0.372065834 -0
vn 0.388232309 0.921561541 -0
vn 0.388232309 0.921561541 -0
vn -0.372065834 0.928206343 -0
vn -0.372065834 0.928206343 -0
vn -0.921561541 0.388232309 -0
vn -0.921561541 0.388232309 -0
vn -0.928206343 -0.372065834 -0
vn -0.928206343 -0.372065834 -0
vn -0.388232309 -0.921561541 -0
vn -0.388232309 -0.921561541 -0
vn 0.372065834 -0.928206343 -0
vn 0.372065834 -0.928206343 -0
vn 0.921561541 -0.388232309 -0
vn 0.921561541 -0.388232309 -0
vn -0.00392153871 0.00392153871 0.999984621
vn -0.00392153871 0.00392153871 0.999984621
vn -0.00392153871 0.00392153871 0.999984621
vn -0.00392153871 0.00392153871 0.999984621
vn -0.00392153871 -0.00392153871 0.999984621
vn -0.00392153871 -0.00392153871 0.999984621
vn -0.00392153871 0.00392153871 0.999984621
vn -0.00392153871 0.00392153871 0.999984621
vn 0.898032364 0.3647031 0.246027482
vn 0.921561541 -0.388232309 -0
vn 0.898032364 -0.380389255 0.221002009
vn 0.928206343 0.372065834 -0
vn 0.380389255 0.898032364 0.221002009
vn 0.388232309 0.921561541 -0
vn -0.3647031 0.898032364 0.246027482
vn -0.372065834 0.928206343 -0
vn -0.898032364 0.380389255 0.221002009
vn -0.921561541 0.388232309 -0
vn -0.898032364 -0.3647031 0.246027482
vn -0.928206343 -0.372065834 -0
vn -0.380389255 -0.898032364 0.221002009
vn -0.388232309 -0.921561541 -0
vn 0.3647031 -0.898032364 0.246027482
vn 0.372065834 -0.928206343 -0
vn 0.898032364 -0.380389255 0.221002009
vn 0.921561541 -0.388232309 -0
vn 0.928206343 0.372065834 -0
vn 0.921561541 -0.388232309 -0
vn 0.921561541 -0.388232309 -0
vn 0.928206343 0.372065834 -0
vn 0.388232309 0.921561541 -0
vn 0.388232309 0.921561541 -0
vn -0.372065834 0.928206343 -0
vn -0.372065834 0.928206343 -0
vn -0.921561541 0.388232309 -0
vn -0.921561541 0.388232309 -0
vn -0.928206343 -0.372065834 -0
vn -0.928206343 -0.372065834 -0
vn -0.388232309 -0.921561541 -0
vn -0.388232309 -0.921561541 -0
vn 0.372065834 -0.928206343 -0
vn 0.372065834 -0.928206343 -0
vn 0.921561541 -0.388232309 -0
vn 0.921561541 -0.388232309 -0
vn -0.00392153871 0.00392153871 -0.999984621
vn -0.00392153871 0.00392153871 -0.999984621
vn -0.00392153871 0.00392153871 -0.999984621
vn -0.00392153871 0.00392153871 -0.999984621
vn -0.00392153871 0.00392153871 -0.999984621
vn -0.00392153871 0.00392153871 -0.999984621
vn -0.00392153871 0.00392153871 -0.999984621
vn -0.00392153871 0.00392153871 -0.999984621
vn -0.00392153871 0.00392153871 -0.999984621
vn -0.00392153871 0.00392153871 -0.999984621
vn -0.00392153871 0.00392153871 -0.999984621
vn -0.00392153871 0.00392153871 -0.999984621
vn -0.00392153871 0.00392153871 -0.999984621
vn -0.00392153871 0.00392153871 -0.999984621
vn -0.00392153871 0.00392153871 -0.999984621
vn -0.00392153871 0.00392153871 -0.999984621
vn -0.00392153871 0.00392153871 -0.999984621
vn -0.00392153871 0.00392153871 -0.999984621
vn 0.928206343 0.372065834 -0
vn 0.921561541 -0.388232309 -0
vn 0.921561541 -0.388232309 -0
vn 0.928206343 0.372065834 -0
vn 0.388232309 0.921561541 -0
vn 0.388232309 0.921561541 -0
vn -0.372065834 0.928206343 -0
vn -0.372065834 0.928206343 -0
vn -0.921561541 0.388232309 -0
vn -0.921561541 0.388232309 -0
vn -0.928206343 -0.372065834 -0
vn -0.928206343 -0.372065834 -0
vn -0.388232309 -0.921561541 -0
vn -0.388232309 -0.921561541 -0
vn 0.372065834 -0.928206343 -0
vn 0.372065834 -0.928206343 -0
vn 0.921561541 -0.388232309 -0
vn 0.921561541 -0.388232309 -0
vn -0.00392153871 0.00392153871 0.999984621
vn -0.00392153871 0.00392153871 0.999984621
vn -0.00392153871 0.00392153871 0.999984621
vn -0.00392153871 0.00392153871 0.999984621
vn -0.00392153871 0.00392153871 0.999984621
vn -0.00392153871 0.00392153871 0.999984621
vn -0.00392153871 0.00392153871 0.999984621
vn -0.00392153871 0.00392153871 0.999984621
vn 0.898032364 0.3647031 0.246027482
vn 0.921561541 -0.388232309 -0
vn 0.898032364 -0.380389255 0.221002009
vn 0.928206343 0.372065834 -0
vn 0.380389255 0.898032364 0.221002009
vn 0.388232309 0.921561541 -0
vn -0.3647031 0.898032364 0.246027482
vn -0.372065834 0.928206343 -0
vn -0.898032364 0.380389255 0.221002009
vn -0.921561541 0.388232309 -0
vn -0.898032364 -0.3647031 0.246027482
vn -0.928206343 -0.372065834 -0
vn -0.380389255 -0.898032364 0.221002009
vn -0.388232309 -0.921561541 -0
vn 0.3647031 -0.898032364 0.246027482
vn 0.372065834 -0.928206343 -0
vn 0.898032364 -0.380389255 0.221002009
vn 0.921561541 -0.388232309 -0
vn 0.928206343 0.372065834 -0
vn 0.921561541 -0.388232309 -0
vn 0.921561541 -0.388232309 -0
vn 0.928206343 0.372065834 -0
vn 0.388232309 0.921561541 -0
vn 0.388232309 0.921561541 -0
vn -0.372065834 0.928206343 -0
vn -0.372065834 0.928206343 -0
vn -0.921561541 0.388232309 -0
vn -0.921561541 0.388232309 -0
vn -0.928206343 -0.372065834 -0
vn -0.928206343 -0.372065834 -0
vn -0.388232309 -0.921561541 -0
vn -0.388232309 -0.921561541 -0
vn 0.372065834 -0.928206343 -0
vn 0.372065834 -0.928206343 -0
vn 0.921561541 -0.388232309 -0
vn 0.921561541 -0.388232309 -0
vn -0.00392153871 0.00392153871 -0.999984621
vn -0.00392153871 0.00392153871 -0.999984621
vn -0.00392153871 0.00392153871 -0.999984621
vn -0.00392153871 0.00392153871 -0.999984621
vn -0.00392153871 0.00392153871 -0.999984621
vn -0.00392153871 0.00392153871 -0.999984621
vn -0.00392153871 0.00392153871 -0.999984621
vn -0.00392153871 0.00392153871 -0.999984621
vn -0.00392153871 0.00392153871 -0.999984621
vn -0.00392153871 0.00392153871 -0.999984621
vn -0.00392153871 0.00392153871 -0.999984621
vn -0.00392153871 0.00392153871 -0.999984621
vn -0.00392153871 0.00392153871 -0.999984621
vn -0.00392153871 0.00392153871 -0.999984621
vn -0.00392153871 0.00392153871 -0.999984621
vn -0.00392153871 0.00392153871 -0.999984621
vn -0.00392153871 0.00392153871 -0.999984621
vn -0.00392153871 0.00392153871 -0.999984621
vn 0.928206343 0.372065834 -0
vn 0.921561541 -0.388232309 -0
vn 0.921561541 -0.388232309 -0
vn 0.928206343 0.372065834 -0
vn 0.388232309 0.921561541 -0
vn 0.388232309 0.921561541 -0
vn -0.372065834 0.928206343 -0
vn -0.372065834 0.928206343 -0
vn -0.921561541 0.388232309 -0
vn -0.921561541 0.388232309 -0
vn -0.928206343 -0.372065834 -0
vn -0.928206343 -0.372065834 -0
vn -0.388232309 -0.921561541 -0
vn -0.388232309 -0.921561541 -0
vn 0.372065834 -0.928206343 -0
vn 0.372065834 -0.928206343 -0
vn 0.921561541 -0.388232309 -0
vn 0.921561541 -0.388232309 -0
vn -0.00392153871 0.00392153871 0.999984621
vn -0.00392153871 0.00392153871 0.999984621
vn -0.00392153871 0.00392153871 0.999984621
vn -0.00392153871 0.00392153871 0.999984621
vn -0.00392153871 -0.00392153871 0.999984621
vn -0.00392153871 -0.00392153871 0.999984621
vn 0.00392153871 0.00392153871 0.999984621
vn 0.00392153871 0.00392153871 0.999984621
vn 0.898032364 0.3647031 0.246027482
vn 0.921561541 -0.388232309 -0
vn 0.898032364 -0.380389255 0.221002009
vn 0.928206343 0.372065834 -0
vn 0.380389255 0.898032364 0.221002009
vn 0.388232309 0.921561541 -0
vn -0.3647031 0.898032364 0.246027482
vn -0.372065834 0.928206343 -0
vn -0.898032364 0.380389255 0.221002009
vn -0.921561541 0.388232309 -0
vn -0.898032364 -0.3647031 0.246027482
vn -0.928206343 -0.372065834 -0
vn -0.380389255 -0.898032364 0.221002009
vn -0.388232309 -0.921561541 -0
vn 0.3647031 -0.898032364 0.246027482
vn 0.372065834 -0.928206343 -0
vn 0.898032364 -0.380389255 0.221002009
vn 0.921561541 -0.388232309 -0
vn 0.967074537 0.254493299 -0
vn -0.192155397 0.976463138 -0.0979593944
vn -0.192155397 0.968620061 -0.157643525
vn 0.974785564 0.223143683 -0
vn 0.199998474 -0.968620061 0.147566215
vn -0.199998474 0.976463138 -0.0807486828
vn 0.199998474 -0.968620061 0.147566215
vn -0.989474726 -0.14470579 -0
vn 0.976463138 0.207841552 0.0576335743
vn -0.199998474 0.976463138 -0.0807486828
vn -0.984306157 -0.176469231 -0
vn -0.192155397 0.968620061 -0.157643525
vn -0.192155397 0.976463138 -0.0979593944
vn 0.976463138 0.207841552 0.0576335743
vn -0.199998474 0.976463138 -0.0807486828
vn 0.199998474 -0.976463138 0.0807486828
vn -0.981472661 -0.191602233 -0
vn -0.199998474 0.976463138 -0.0807486828
vn 0.976463138 0.207841552 0.0576335743
vn -0.199998474 0.976463138 0.0807486828
vn 0.199998474 -0.976463138 0.0807486828
vn -0.976463138 -0.192155397 -0.0979593944
vn -0.199998474 0.976463138 -0.0807486828
vn 0.976463138 0.199998474 0.0807486828
vn -0.199998474 0.976463138 0.0807486828
vn 0.199998474 -0.976463138 0.0807486828
vn -0.976463138 -0.199998474 -0.0807486828
vn -0.199998474 0.976463138 -0.0807486828
vn 0.976463138 0.199998474 0.0807486828
vn -0.207841552 0.976463138 0.0576335743
vn 0.199998474 -0.976463138 -0.0807486828
vn -0.976463138 -0.199998474 -0.0807486828
vn -0.199998474 0.976463138 0.0807486828
vn 0.984306216 0.168626164 -0.0520239392
vn -0.184052092 0.982916491 -0
vn 0.199998474 -0.976463138 -0.0807486828
vn -0.976463138 -0.199998474 -0.0807486828
vn -0.199998474 0.976463138 0.0807486828
vn 0.992149293 0.1215677 0.0293440684
vn -0.223143683 0.974785564 -0
vn 0.1215677 -0.992149293 -0.0293440684
vn -0.984306216 -0.160783087 0.0727328847
vn -0.207841552 0.976463138 0.0576335743
vn 0.992149293 0.113724623 -0.0520239392
vn -0.176469231 0.984306157 -0
vn 0.0430971754 -0.999070885 -0
vn -0.991600411 -0.129339184 -0
vn -0.184052092 0.982916491 -0
vn 0.992149293 0.0980384677 -0.0776417341
vn -0.215684616 0.97646308 -0
vn 0.0117638918 -0.999930803 -0
vn -0.992149293 -0.105881545 0.0665498191
vn -0.223143683 0.974785564 -0
vn -0.0117638918 -0.999930803 -0
vn -0.992149293 -0.0980384677 0.0776417341
vn -0.176469231 0.984306157 -0
vn 0.984306216 0.15294001 -0.0880376456
vn -0.989474726 -0.14470579 -0
vn -0.215684616 0.97646308 -0
vn -0.247056939 0.968620061 0.0271670136
vn -0.976463138 -0.199998474 0.0807486828
vn 0.160783087 -0.984306216 -0.0727328847
vn 0.0980384677 -0.992149293 -0.0776417341
vn 0.976463138 0.207841552 -0.0576335743
vn -0.247056939 0.968620061 0.0271670136
vn 0.15294001 -0.00392153871 0.988227694
vn 0.15294001 -0.00392153871 0.988227694
vn 0.15294001 -0.00392153871 0.988227694
vn 0.15294001 -0.00392153871 0.988227694
vn 0.999992311 -0.00392153847 -0
vn 0.999992311 -0.00392153847 -0
vn 0.999992311 -0.00392153847 -0
vn 0.999992311 -0.00392153847 -0
vn -0.999992311 0.00392153847 -0
vn -0.999992311 0.00392153847 -0
vn -0.999992311 0.00392153847 -0
vn -0.999992311 0.00392153847 -0
vn 0.717641584 0.00392153871 -0.696401593
vn 0.717641584 0.00392153871 -0.696401593
vn 0.717641584 0.00392153871 -0.696401593
vn 0.717641584 0.00392153871 -0.696401593
vn -0.811758513 0.00392153871 0.583980084
vn -0.811758513 0.00392153871 0.583980084
vn -0.811758513 0.00392153871 0.583980084
vn -0.811758513 0.00392153871 0.583980084
vn -0.670583119 0.00392153871 -0.741824037
vn -0.388232332 0.00392153871 -0.921553188
vn -0.670583119 0.00392153871 -0.741824037
vn -0.388232332 0.00392153871 -0.921553188
vn 0.309801558 -0.00392153871 -0.950793151
vn 0.309801558 -0.00392153871 -0.950793151
vn 0.639210809 -0.00392153871 -0.769021562
vn 0.639210809 -0.00392153871 -0.769021562
vn 0.00392153847 -0.999992311 -0
vn 0.00392153847 -0.999992311 -0
vn 0.00392153847 -0.999992311 -0
vn 0.00392153847 -0.999992311 -0
vn -0.00392153847 -0.999992311 -0
vn -0.00392153847 -0.999992311 -0
vn -0.00392153847 -0.999992311 -0
vn -0.00392153847 -0.999992311 -0
vn -0.654896964 0.00392153871 0.755708004
vn -0.317644635 0.00392153871 0.948201723
vn -0.654896964 0.00392153871 0.755708004
vn -0.317644635 0.00392153871 0.948201723
vn 0.39607541 0.00392153871 0.918209612
vn 0.39607541 0.00392153871 0.918209612
vn 0.678426197 0.00392153871 0.734658096
vn 0.678426197 0.00392153871 0.734658096
vn -0.00392153847 0.999992311 -0
vn -0.00392153847 0.999992311 -0
vn -0.00392153847 0.999992311 -0
vn -0.00392153847 0.999992311 -0
vn -0.00392153847 0.999992311 -0
vn -0.00392153847 0.999992311 -0
vn -0.00392153847 0.999992311 -0
vn -0.00392153847 0.999992311 -0
vn -0.968620061 -0.00392153871 -0.248515189
vn -0.866660055 0.00392153871 -0.498883725
vn -0.968620061 -0.00392153871 -0.248515189
vn -0.866660055 0.00392153871 -0.498883725
vn -0.435290797 0.00392153871 -0.900281369
vn -0.435290797 0.00392153871 -0.900281369
vn -0.15294001 0.00392153871 -0.988227694
vn -0.15294001 0.00392153871 -0.988227694
vn 0.00392153847 -0.999992311 -0
vn 0.00392153847 -0.999992311 -0
vn 0.00392153847 -0.999992311 -0
vn 0.00392153847 -0.999992311 -0
vn -0.00392153847 -0.999992311 -0
vn -0.00392153847 -0.999992311 -0
vn -0.00392153847 -0.999992311 -0
vn -0.00392153847 -0.999992311 -0
vn 0.105881545 -0.00392153871 0.994371017
vn 0.419604642 -0.00392153871 0.9076985
vn 0.105881545 -0.00392153871 0.994371017
vn 0.419604642 -0.00392153871 0.9076985
vn 0.874503132 -0.00392153871 0.485004014
vn 0.874503132 -0.00392153871 0.485004014
vn 0.976463138 -0.00392153871 0.215648698
vn 0.976463138 -0.00392153871 0.215648698
vn -0.00392153847 0.999992311 -0
vn -0.00392153847 0.999992311 -0
vn -0.00392153847 0.999992311 -0
vn -0.00392153847 0.999992311 -0
vn -0.00392153847 0.999992311 -0
vn -0.00392153847 0.999992311 -0
vn -0.00392153847 0.999992311 -0
vn -0.00392153847 0.999992311 -0
vn -0.458144127 -0.888877921 -0
vn 0.419604642 -0.81960159 0.390109188
vn 0.498035416 -0.866660055 0.0293440684
vn -0.537250803 -0.81960159 0.199034691
vn -0.427447719 -0.811758513 0.397915273
vn 0.411761564 0.458820029 -0.787360524
vn 0.882346209 0.301958481 -0.360951857
vn 0.325487713 0.913718519 -0.243261622
vn 0.411761564 0.905875442 0.0992073505
vn 0.796072358 -0.317644635 -0.515141424
vn 0.254900016 -0.3647031 -0.895554371
vn 0.450976951 -0.811758513 -0.37103626
vn 0.934549665 0.355832718 -0
vn 0.435290797 0.764700048 0.475137621
vn 0.937247751 -0.341173868 -0.071882159
vn 0.466663106 -0.874503132 -0.132173437
vn 0.890189287 0.270586171 0.366532615
vn 0.239213861 0.3647031 0.899871312
vn 0.466663106 -0.482349261 0.741326335
vn 0.882346209 -0.286272326 0.373514822
vn 0.247056939 -0.937247751 0.246027482
vn 0.0117646161 -0.00392153871 -0.999923105
vn 0.0352938484 -0.403918487 -0.914113888
vn 0.15294001 -0.380389255 -0.912092851
vn 0.270586171 -0.254900016 -0.928336742
vn 0.372546177 -0.129410777 -0.918946242
vn -0.0196076935 -0.356860022 -0.933952067
vn 0.388232332 -0.0352938484 -0.920885444
vn 0.0352938484 0.0352938484 -0.998753567
vn -0.00392153871 -0.00392153871 -0.999984621
vn 0.349016945 0.027450771 -0.936714272
vn -0.0901953903 -0.317644635 -0.943910312
vn 0.349016945 0.105881545 -0.931115605
vn -0.207841552 -0.247056939 -0.946448498
vn 0.309801558 0.231370784 -0.922220448
vn -0.294115403 -0.137253855 -0.945863367
vn -0.33333079 -0.0352938484 -0.942149101
vn -0.341173868 0.066666158 -0.937633199
vn 0.184312319 0.286272326 -0.940253755
vn 0.0588230806 0.278429248 -0.958653743
vn -0.027450771 0.262743093 -0.964475257
vn -0.00392153871 0.0352938484 -0.999369284
vn -0.294115403 0.184312319 -0.937829995
vn -0.105881545 0.262743093 -0.959038667
vn -0.192155397 0.247056939 -0.949757428
vn 0.615681577 -0.552936958 -0.561424007
vn 0.733327738 -0.654896964 0.182593522
vn 0.921561596 -0.341173868 0.185269037
vn 0.349016945 -0.262743093 0.899529454
vn 0.419604642 -0.129410777 0.898434636
vn 0.796072358 -0.286272326 -0.5332138
vn 0.270586171 -0.254900016 -0.928336742
vn 0.372546177 -0.129410777 -0.918946242
vn 0.976463138 -0.0980384677 0.192115065
vn 0.435290797 -0.0352938484 0.899597836
vn 0.8509739 -0.0745092355 -0.519895947
vn 0.388232332 -0.0352938484 -0.920885444
vn 0.968620061 0.0980384677 0.2283936
vn 0.403918487 0.0431369258 0.913777359
vn 0.811758513 0.066666158 -0.580175612
vn 0.349016945 0.027450771 -0.936714272
vn 0.349016945 0.105881545 -0.931115605
vn 0.764700048 0.262743093 -0.588387545
vn 0.309801558 0.231370784 -0.922220448
vn 0.913718519 0.33333079 0.232398477
vn 0.372546177 0.15294001 0.915324368
vn 0.639210809 0.498035416 -0.585978042
vn 0.772543126 0.6078385 0.183601409
vn 0.341173868 0.309801558 0.887481485
vn 0.521564648 0.835287745 0.173967529
vn 0.231370784 0.388232332 0.892044403
vn 0.0980384677 0.411761564 0.906002689
vn 0.419604642 0.686269274 -0.594109778
vn 0.184312319 0.286272326 -0.940253755
vn 0.0588230806 0.278429248 -0.958653743
vn 0.199998474 0.945090829 0.258464574
vn 0.137253855 0.780386203 -0.610048157
vn -0.0588230806 0.780386203 -0.622524875
vn -0.027450771 0.262743093 -0.964475257
vn -0.105881545 0.262743093 -0.959038667
vn -0.0745092355 0.929404674 0.361462759
vn -0.0431369258 0.309801558 0.949822194
vn -0.239213861 0.749013893 -0.617863186
vn -0.192155397 0.247056939 -0.949757428
vn -0.521564648 0.584309268 -0.621733864
vn -0.325487713 0.890189287 0.318780148
vn -0.137253855 0.270586171 0.952861219
vn -0.662740042 0.709798506 0.238666541
vn -0.278429248 0.239213861 0.93019024
vn -0.145096932 -0.984306216 0.100439802
vn -0.592152345 -0.615681577 0.519895947
vn -0.137253855 -0.780386203 0.610048157
vn -0.160783087 -0.278429248 0.946903349
vn -0.678426197 -0.725484661 0.115801133
vn -0.15294001 -0.984306216 -0.0880376456
vn -0.749013893 -0.223527706 0.623709509
vn -0.199998474 -0.0509800032 0.978469034
vn -0.694112351 -0.717641584 -0.056556177
vn -0.129410777 -0.882346209 -0.452457752
vn -0.976463138 -0.176469242 0.12400946
vn -0.992149293 -0.0117646161 0.124504513
vn -0.982916491 -0.184052092 -0
vn -0.631367732 -0.639210809 -0.439072122
vn -0.247056939 -0.309801558 -0.918142616
vn -0.882346209 -0.160783087 -0.442282676
vn -0.254900016 0.278429248 -0.926014652
vn -0.764700048 -0.0352938484 0.643419133
vn -0.992149293 -0.00392153871 0.124997606
vn -0.772543126 -0.0196076935 0.634659482
vn -0.199998474 -0.027450771 0.979411591
vn -0.78822928 0.137253855 0.599879972
vn -0.168626164 0.105881545 0.979976691
vn -0.976463138 0.176469242 0.12400946
vn -0.981472661 0.191602233 -0
vn -0.999992311 -0.00392153847 -0
vn -0.999992311 0.00392153847 -0
vn -0.999992311 -0.00392153847 -0
vn -0.999992311 -0.00392153847 -0
vn -0.999992311 -0.00392153847 -0
vn -0.999992311 -0.00392153847 -0
vn -0.999992311 0.00392153847 -0
vn -0.999992311 0.00392153847 -0
vn -0.882346209 0.168626164 -0.439352232
vn -0.999992311 0.00392153847 -0
vn -0.6078385 0.670583119 -0.425265374
vn -0.113724623 0.874503132 -0.471498656
vn -0.137253855 0.984306216 -0.110917325
vn -0.670583119 0.741170816 -0.0313704013
vn -0.654896964 0.741170816 0.147566215
vn -0.129410777 0.976463138 0.172547356
vn -0.57646619 0.513721571 0.635434402
vn -0.137253855 0.654896964 0.743149612
vn -0.57646619 -0.57646619 0.579114378
vn -0.709798506 -0.00392153871 0.704393854
vn -0.00392153871 -0.00392153871 0.999984621
vn -0.999992311 -0.00392153847 -0
vn -0.00392153871 -0.709798506 0.704393854
vn 0.709798506 -0.00392153871 0.704393854
vn -0.707106781 -0.707106781 -0
vn -0.709798506 -0.00392153871 -0.704393854
vn -0.57646619 -0.57646619 -0.579114378
vn -0.00392153871 -0.00392153871 -0.999984621
vn -0.00392153847 -0.999992311 -0
vn -0.00392153871 -0.709798506 -0.704393854
vn 0.709798506 -0.00392153871 -0.704393854
vn 0.57646619 -0.57646619 0.579114378
vn 0.707106781 -0.707106781 -0
vn 0.999992311 -0.00392153847 -0
vn 0.57646619 -0.57646619 -0.579114378
vn -0.57646619 -0.57646619 0.579114378
vn -0.709798506 0.00392153871 0.704393854
vn -0.00392153871 0.00392153871 0.999984621
vn -0.999992311 0.00392153847 -0
vn -0.00392153871 -0.709798506 0.704393854
vn 0.709798506 0.00392153871 0.704393854
vn -0.707106781 -0.707106781 -0
vn -0.709798506 0.00392153871 -0.704393854
vn -0.57646619 -0.57646619 -0.579114378
vn -0.00392153871 0.00392153871 -0.999984621
vn -0.00392153847 -0.999992311 -0
vn -0.00392153871 -0.709798506 -0.704393854
vn 0.709798506 0.00392153871 -0.704393854
vn 0.57646619 -0.57646619 0.579114378
vn 0.707106781 -0.707106781 -0
vn 0.999992311 0.00392153847 -0
vn 0.57646619 -0.57646619 -0.579114378
vn 0.57646619 0.57646619 0.579114378
vn 0.709798506 -0.00392153871 0.704393854
vn -0.00392153871 -0.00392153871 0.999984621
vn 0.999992311 -0.00392153847 -0
vn -0.00392153871 0.709798506 0.704393854
vn -0.709798506 -0.00392153871 0.704393854
vn 0.707106781 0.707106781 -0
vn 0.709798506 -0.00392153871 -0.704393854
vn 0.57646619 0.57646619 -0.579114378
vn -0.00392153871 -0.00392153871 -0.999984621
vn -0.00392153847 0.999992311 -0
vn -0.00392153871 0.709798506 -0.704393854
vn -0.709798506 -0.00392153871 -0.704393854
vn -0.57646619 0.57646619 0.579114378
vn -0.707106781 0.707106781 -0
vn -0.999992311 -0.00392153847 -0
vn -0.57646619 0.57646619 -0.579114378
vn 0.57646619 0.57646619 0.579114378
vn 0.709798506 0.00392153871 0.704393854
vn -0.00392153871 0.00392153871 0.999984621
vn 0.999992311 0.00392153847 -0
vn -0.00392153871 0.709798506 0.704393854
vn -0.709798506 0.00392153871 0.704393854
vn 0.707106781 0.707106781 -0
vn 0.709798506 0.00392153871 -0.704393854
vn 0.57646619 0.57646619 -0.579114378
vn -0.00392153871 0.00392153871 -0.999984621
vn -0.00392153847 0.999992311 -0
vn -0.00392153871 0.709798506 -0.704393854
vn -0.709798506 0.00392153871 -0.704393854
vn -0.57646619 0.57646619 0.579114378
vn -0.707106781 0.707106781 -0
vn -0.999992311 0.00392153847 -0
vn -0.57646619 0.57646619 -0.579114378
vn 0.380389255 0.890189287 0.250733023
vn 0.898032364 0.3647031 0.246027482
vn 0.529407726 0.215684629 0.820492292
vn 0.223527706 0.529407726 0.818390386
vn -0.3647031 0.898032364 0.246027482
vn 0.529407726 -0.223527706 0.818390386
vn 0.890189287 -0.380389255 0.250733023
vn 0.215684629 -0.529407726 0.820492292
vn 0.3647031 -0.898032364 0.246027482
vn -0.223527706 -0.529407726 0.818390386
vn -0.380389255 -0.890189287 0.250733023
vn -0.215684629 0.529407726 0.820492292
vn -0.890189287 0.380389255 0.250733023
vn -0.529407726 0.223527706 0.818390386
vn -0.898032364 -0.3647031 0.246027482
vn -0.529407726 -0.215684629 0.820492292
vn 0.388232309 0.921561541 -0
vn 0.168626164 0.39607541 -0.90260151
vn 0.39607541 0.160783087 -0.904031564
vn 0.928206343 0.372065834 -0
vn -0.372065834 0.928206343 -0
vn 0.39607541 -0.168626164 -0.90260151
vn 0.921561541 -0.388232309 -0
vn -0.160783087 0.39607541 -0.904031564
vn -0.921561541 0.388232309 -0
vn -0.39607541 0.168626164 -0.90260151
vn -0.928206343 -0.372065834 -0
vn -0.39607541 -0.160783087 -0.904031564
vn -0.388232309 -0.921561541 -0
vn 0.160783087 -0.39607541 -0.904031564
vn 0.372065834 -0.928206343 -0
vn -0.168626164 -0.39607541 -0.90260151
vn -0.00392153871 -0.709798506 0.704393854
vn -0.00392153871 -0.325487713 0.945538138
vn -0.0588230806 -0.294115403 0.953958057
vn -0.33333079 -0.537250803 0.77475942
vn -0.0823523129 -0.247056939 0.965495192
vn 0.33333079 -0.537250803 0.77475942
vn 0.0588230806 -0.294115403 0.953958057
vn -0.513721571 -0.207841552 0.832401368
vn -0.0588230806 -0.192155397 0.979599994
vn 0.513721571 -0.207841552 0.832401368
vn 0.0823523129 -0.247056939 0.965495192
vn -0.33333079 0.105881545 0.936845602
vn -0.00392153871 -0.160783087 0.986981976
vn 0.33333079 0.105881545 0.936845602
vn 0.0588230806 -0.192155397 0.979599994
vn -0.00392153871 0.286272326 0.95814027
vn 0.57646619 -0.701955429 0.418264638
vn -0.00392153871 -0.858816977 0.512267529
vn 0.709798506 -0.176469242 0.68194185
vn -0.57646619 -0.701955429 0.418264638
vn -0.709798506 -0.176469242 0.68194185
vn -0.00392153871 -0.247056939 0.968993029
vn 0.57646619 0.419604642 0.701155244
vn -0.00392153871 0.513721571 0.857947999
vn -0.57646619 0.419604642 0.701155244
vn -0.00392153871 -0.709798506 0.704393854
vn -0.00392153871 -0.325487713 0.945538138
vn -0.0588230806 -0.294115403 0.953958057
vn -0.33333079 -0.537250803 0.77475942
vn -0.0823523129 -0.247056939 0.965495192
vn 0.33333079 -0.537250803 0.77475942
vn 0.0588230806 -0.294115403 0.953958057
vn -0.513721571 -0.207841552 0.832401368
vn -0.0588230806 -0.192155397 0.979599994
vn 0.513721571 -0.207841552 0.832401368
vn 0.0823523129 -0.247056939 0.965495192
vn -0.33333079 0.105881545 0.936845602
vn -0.00392153871 -0.160783087 0.986981976
vn 0.33333079 0.105881545 0.936845602
vn 0.0588230806 -0.192155397 0.979599994
vn -0.00392153871 0.286272326 0.95814027
vn 0.57646619 -0.701955429 0.418264638
vn -0.00392153871 -0.858816977 0.512267529
vn 0.709798506 -0.176469242 0.68194185
vn -0.57646619 -0.701955429 0.418264638
vn -0.709798506 -0.176469242 0.68194185
vn -0.00392153871 -0.247056939 0.968993029
vn 0.57646619 0.419604642 0.701155244
vn -0.00392153871 0.513721571 0.857947999
vn -0.57646619 0.419604642 0.701155244
vn 0.866660055 0.388232332 0.313330506
vn 0.686269274 0.215684629 0.694632726
vn 0.231370784 0.6078385 0.759605107
vn 0.294115403 0.874503132 0.385668772
vn 0.905875442 -0.341173868 0.250978239
vn -0.372546177 0.54509388 0.751053931
vn 0.701955429 -0.372546177 0.607015586
vn -0.466663106 0.803915435 0.368707904
vn 0.435290797 -0.874503132 0.21393035
vn -0.733327738 0.066666158 0.676598885
vn 0.325487713 -0.772543126 0.545192505
vn -0.929404674 0.207841552 0.30497351
vn -0.262743093 -0.945090829 0.194343491
vn -0.639210809 -0.498035416 0.585978042
vn -0.199998474 -0.81960159 0.536892768
vn -0.827444667 -0.513721571 0.226771846
vn -0.278429248 -0.317644635 -0.906409973
vn 0.00392153871 -0.874503132 -0.485004014
vn 0.00392153871 -0.325487713 -0.945538138
vn -0.341173868 -0.827444667 -0.446022101
vn 0.00392153871 -0.945090829 0.326784252
vn -0.341173868 -0.898032364 0.277737763
vn 0.00392153871 -0.380389255 0.924818164
vn -0.270586171 0.317644635 -0.908782157
vn -0.00392153871 0.325487713 -0.945538138
vn -0.866660055 -0.403918487 -0.292831361
vn -0.286272326 -0.3647031 0.88602472
vn -0.00392153871 0.380389255 0.924818164
vn -0.33333079 0.835287745 -0.437247033
vn -0.00392153871 0.874503132 -0.485004014
vn -0.843130822 -0.168626164 -0.51058362
vn -0.286272326 0.3647031 0.88602472
vn -0.00392153871 0.945090829 0.326784252
vn -0.341173868 0.898032364 0.277737763
vn -0.874503132 0.435290797 0.21393035
vn -0.835287745 0.184312319 -0.517999375
vn -0.835287745 0.215684629 0.505741559
vn -0.874503132 0.39607541 -0.27994382
vn -0.843130822 -0.199998474 0.49913027
vn -0.866660055 -0.450976951 0.213354492
vn -0.349016945 0.898032364 0.267815319
vn 0.0823523129 0.992149293 -0.0941162929
vn 0.0823523129 0.952933906 0.291779141
vn -0.349016945 0.929404674 -0.119975515
vn 0.0823523129 0.882346209 -0.463339253
vn -0.349016945 0.725484661 0.59317719
vn 0.0823523129 0.772543126 0.62959925
vn -0.349016945 0.827444667 -0.439911917
vn 0.0823523129 0.631367732 -0.771098491
vn -0.349016945 0.443133874 0.825723647
vn 0.0823523129 0.466663106 0.880592779
vn -0.349016945 0.592152345 -0.726321397
vn 0.0823523129 0.286272326 -0.954602667
vn -0.349016945 0.0901953903 0.93276576
vn 0.0823523129 0.0980384677 0.991769406
vn -0.349016945 0.270586171 -0.897201369
vn 0.0823523129 -0.0980384677 -0.991769406
vn -0.349016945 -0.270586171 0.897201369
vn 0.0823523129 -0.286272326 0.954602667
vn -0.349016945 -0.0901953903 -0.93276576
vn 0.0823523129 -0.466663106 -0.880592779
vn -0.349016945 -0.592152345 0.726321397
vn 0.0823523129 -0.631367732 0.771098491
vn -0.349016945 -0.443133874 -0.825723647
vn 0.0823523129 -0.772543126 -0.62959925
vn -0.349016945 -0.827444667 0.439911917
vn 0.0823523129 -0.882346209 0.463339253
vn -0.349016945 -0.725484661 -0.59317719
vn 0.0823523129 -0.952933906 -0.291779141
vn -0.349016945 -0.929404674 0.119975515
vn 0.0823523129 -0.992149293 0.0941162929
vn -0.349016945 -0.898032364 -0.267815319
vn -0.905875442 -0.1215677 0.405722785
vn -0.905875442 -0.270586171 0.325841692
vn -0.905875442 -0.380389255 0.186262447
vn -0.90437458 -0.426739521 -0
vn -0.905875442 -0.411761564 -0.0992073505
vn -0.905875442 -0.33333079 -0.261304934
vn -0.905875442 0.0431369258 0.421341773
vn -0.905875442 -0.199998474 -0.373350097
vn -0.905875442 0.199998474 0.373350097
vn -0.905875442 -0.0431369258 -0.421341773
vn -0.905875442 0.33333079 0.261304934
vn -0.905875442 0.1215677 -0.405722785
vn -0.905875442 0.411761564 0.0992073505
vn -0.905875442 0.270586171 -0.325841692
vn -0.90437458 0.426739521 -0
vn -0.905875442 0.380389255 -0.186262447
vn -0.8509739 -0.403918487 -0.335698195
vn -0.8509739 -0.505878493 -0.141174969
vn -0.8509739 -0.521564648 0.0617554839
vn -0.8509739 -0.466663106 0.240975035
vn -0.8509739 -0.33333079 0.405874373
vn -0.8509739 -0.15294001 0.502446789
vn -0.8509739 -0.247056939 -0.463471996
vn -0.8509739 0.0509800032 0.522727904
vn -0.8509739 -0.0509800032 -0.522727904
vn -0.8509739 0.247056939 0.463471996
vn -0.8509739 0.15294001 -0.502446789
vn -0.8509739 0.403918487 0.335698195
vn -0.8509739 0.33333079 -0.405874373
vn -0.8509739 0.505878493 0.141174969
vn -0.8509739 0.521564648 -0.0617554839
vn -0.8509739 0.466663106 -0.240975035
vn -0.749013893 0.631367732 0.200880498
vn -0.749013893 0.654896964 -0.100439802
vn -0.749013893 0.584309268 -0.312347351
vn -0.749013893 0.419604642 -0.51274763
vn -0.999992311 0.00392153847 -0
vn -0.999992311 0.00392153847 -0
vn -0.999992311 0.00392153847 -0
vn -0.749013893 0.192155397 -0.63407767
vn -0.749013893 0.513721571 0.418411682
vn -0.999992311 0.00392153847 -0
vn -0.749013893 -0.066666158 -0.659191786
vn -0.999992311 -0.00392153847 -0
vn -0.749013893 0.309801558 0.585663028
vn -0.749013893 -0.309801558 -0.585663028
vn -0.999992311 -0.00392153847 -0
vn -0.749013893 0.066666158 0.659191786
vn -0.999992311 -0.00392153847 -0
vn -0.749013893 -0.513721571 -0.418411682
vn -0.749013893 -0.192155397 0.63407767
vn -0.749013893 -0.631367732 -0.200880498
vn -0.999992311 -0.00392153847 -0
vn -0.749013893 -0.419604642 0.51274763
vn -0.749013893 -0.654896964 0.100439802
vn -0.749013893 -0.584309268 0.312347351
vn -0.00392153871 -0.709798506 0.704393854
vn -0.00392153871 -0.325487713 0.945538138
vn -0.0588230806 -0.294115403 0.953958057
vn -0.33333079 -0.537250803 0.77475942
vn -0.0823523129 -0.247056939 0.965495192
vn 0.33333079 -0.537250803 0.77475942
vn 0.0588230806 -0.294115403 0.953958057
vn -0.513721571 -0.207841552 0.832401368
vn -0.0588230806 -0.192155397 0.979599994
vn 0.513721571 -0.207841552 0.832401368
vn 0.0823523129 -0.247056939 0.965495192
vn -0.33333079 0.105881545 0.936845602
vn -0.00392153871 -0.160783087 0.986981976
vn 0.33333079 0.105881545 0.936845602
vn 0.0588230806 -0.192155397 0.979599994
vn -0.00392153871 0.286272326 0.95814027
vn 0.57646619 -0.701955429 0.418264638
vn -0.00392153871 -0.858816977 0.512267529
vn 0.709798506 -0.176469242 0.68194185
vn -0.57646619 -0.701955429 0.418264638
vn -0.709798506 -0.176469242 0.68194185
vn -0.00392153871 -0.247056939 0.968993029
vn 0.57646619 0.419604642 0.701155244
vn -0.00392153871 0.513721571 0.857947999
vn -0.57646619 0.419604642 0.701155244
vn 0.168626164 0.39607541 -0.90260151
vn 0.928206343 0.372065834 -0
vn 0.388232309 0.921561541 -0
vn 0.39607541 0.160783087 -0.904031564
vn 0.921561541 -0.388232309 -0
vn -0.160783087 0.39607541 -0.904031564
vn -0.372065834 0.928206343 -0
vn -0.39607541 0.168626164 -0.90260151
vn -0.921561541 0.388232309 -0
vn 0.39607541 -0.168626164 -0.90260151
vn 0.372065834 -0.928206343 -0
vn -0.39607541 -0.160783087 -0.904031564
vn -0.928206343 -0.372065834 -0
vn 0.160783087 -0.39607541 -0.904031564
vn -0.388232309 -0.921561541 -0
vn -0.168626164 -0.39607541 -0.90260151
vn 0.380389255 0.898032364 0.221002009
vn 0.898032364 0.3647031 0.246027482
vn 0.552936958 0.223527706 0.802680562
vn 0.231370784 0.54509388 0.805816494
vn -0.3647031 0.898032364 0.246027482
vn 0.54509388 -0.231370784 0.805816494
vn 0.898032364 -0.380389255 0.221002009
vn 0.223527706 -0.552936958 0.802680562
vn 0.3647031 -0.898032364 0.246027482
vn -0.231370784 -0.54509388 0.805816494
vn -0.380389255 -0.898032364 0.221002009
vn -0.223527706 0.552936958 0.802680562
vn -0.898032364 0.380389255 0.221002009
vn -0.54509388 0.231370784 0.805816494
vn -0.898032364 -0.3647031 0.246027482
vn -0.552936958 -0.223527706 0.802680562
vn 0.168626164 0.39607541 -0.90260151
vn 0.928206343 0.372065834 -0
vn 0.388232309 0.921561541 -0
vn 0.39607541 0.160783087 -0.904031564
vn 0.921561541 -0.388232309 -0
vn -0.160783087 0.39607541 -0.904031564
vn -0.372065834 0.928206343 -0
vn -0.39607541 0.168626164 -0.90260151
vn -0.921561541 0.388232309 -0
vn 0.39607541 -0.168626164 -0.90260151
vn 0.372065834 -0.928206343 -0
vn -0.39607541 -0.160783087 -0.904031564
vn -0.928206343 -0.372065834 -0
vn 0.160783087 -0.39607541 -0.904031564
vn -0.388232309 -0.921561541 -0
vn -0.168626164 -0.39607541 -0.90260151
vn 0.380389255 0.898032364 0.221002009
vn 0.898032364 0.3647031 0.246027482
vn 0.552936958 0.223527706 0.802680562
vn 0.231370784 0.54509388 0.805816494
vn -0.3647031 0.898032364 0.246027482
vn 0.54509388 -0.231370784 0.805816494
vn 0.898032364 -0.380389255 0.221002009
vn 0.223527706 -0.552936958 0.802680562
vn 0.3647031 -0.898032364 0.246027482
vn -0.231370784 -0.54509388 0.805816494
vn -0.380389255 -0.898032364 0.221002009
vn -0.223527706 0.552936958 0.802680562
vn -0.898032364 0.380389255 0.221002009
vn -0.54509388 0.231370784 0.805816494
vn -0.898032364 -0.3647031 0.246027482
vn -0.552936958 -0.223527706 0.802680562
vn 0.168626164 0.39607541 -0.90260151
vn 0.928206343 0.372065834 -0
vn 0.388232309 0.921561541 -0
vn 0.39607541 0.160783087 -0.904031564
vn 0.921561541 -0.388232309 -0
vn -0.160783087 0.39607541 -0.904031564
vn -0.372065834 0.928206343 -0
vn -0.39607541 0.168626164 -0.90260151
vn -0.921561541 0.388232309 -0
vn 0.39607541 -0.168626164 -0.90260151
vn 0.372065834 -0.928206343 -0
vn -0.39607541 -0.160783087 -0.904031564
vn -0.928206343 -0.372065834 -0
vn 0.160783087 -0.39607541 -0.904031564
vn -0.388232309 -0.921561541 -0
vn -0.168626164 -0.39607541 -0.90260151
vn 0.380389255 0.898032364 0.221002009
vn 0.898032364 0.3647031 0.246027482
vn 0.552936958 0.223527706 0.802680562
vn 0.231370784 0.54509388 0.805816494
vn -0.3647031 0.898032364 0.246027482
vn 0.54509388 -0.231370784 0.805816494
vn 0.898032364 -0.380389255 0.221002009
vn 0.223527706 -0.552936958 0.802680562
vn 0.3647031 -0.898032364 0.246027482
vn -0.231370784 -0.54509388 0.805816494
vn -0.380389255 -0.898032364 0.221002009
vn -0.223527706 0.552936958 0.802680562
vn -0.898032364 0.380389255 0.221002009
vn -0.54509388 0.231370784 0.805816494
vn -0.898032364 -0.3647031 0.246027482
vn -0.552936958 -0.223527706 0.802680562
vn -0.160783087 0.39607541 0.904031564
vn -0.39607541 0.168626164 0.90260151
vn -0.921561541 0.388232309 -0
vn -0.372065834 0.928206343 -0
vn -0.928206343 -0.372065834 -0
vn 0.168626164 0.39607541 0.90260151
vn 0.388232309 0.921561541 -0
vn 0.39607541 0.160783087 0.904031564
vn 0.928206343 0.372065834 -0
vn -0.39607541 -0.160783087 0.904031564
vn -0.388232309 -0.921561541 -0
vn 0.39607541 -0.168626164 0.90260151
vn 0.921561541 -0.388232309 -0
vn -0.168626164 -0.39607541 0.90260151
vn 0.372065834 -0.928206343 -0
vn 0.160783087 -0.39607541 0.904031564
vn -0.921561541 0.388232309 -0
vn -0.372065834 0.928206343 -0
vn -0.160783087 0.39607541 0.904031564
vn -0.39607541 0.168626164 0.90260151
vn -0.928206343 -0.372065834 -0
vn 0.168626164 0.39607541 0.90260151
vn 0.388232309 0.921561541 -0
vn 0.39607541 0.160783087 0.904031564
vn 0.928206343 0.372065834 -0
vn -0.39607541 -0.160783087 0.904031564
vn -0.388232309 -0.921561541 -0
vn 0.39607541 -0.168626164 0.90260151
vn 0.921561541 -0.388232309 -0
vn -0.168626164 -0.39607541 0.90260151
vn 0.372065834 -0.928206343 -0
vn 0.160783087 -0.39607541 0.904031564
vn -0.921561541 0.388232309 -0
vn -0.372065834 0.928206343 -0
vn -0.160783087 0.39607541 0.904031564
vn -0.39607541 0.168626164 0.90260151
vn -0.928206343 -0.372065834 -0
vn 0.168626164 0.39607541 0.90260151
vn 0.388232309 0.921561541 -0
vn 0.39607541 0.160783087 0.904031564
vn 0.928206343 0.372065834 -0
vn -0.39607541 -0.160783087 0.904031564
vn -0.388232309 -0.921561541 -0
vn 0.39607541 -0.168626164 0.90260151
vn 0.921561541 -0.388232309 -0
vn -0.168626164 -0.39607541 0.90260151
vn 0.372065834 -0.928206343 -0
vn 0.160783087 -0.39607541 0.904031564
vn -0.921561541 0.388232309 -0
vn -0.372065834 0.928206343 -0
vn -0.160783087 0.39607541 0.904031564
vn -0.39607541 0.168626164 0.90260151
vn -0.928206343 -0.372065834 -0
vn 0.168626164 0.39607541 0.90260151
vn 0.388232309 0.921561541 -0
vn 0.39607541 0.160783087 0.904031564
vn 0.928206343 0.372065834 -0
vn -0.39607541 -0.160783087 0.904031564
vn -0.388232309 -0.921561541 -0
vn 0.39607541 -0.168626164 0.90260151
vn 0.921561541 -0.388232309 -0
vn -0.168626164 -0.39607541 0.90260151
vn 0.372065834 -0.928206343 -0
vn 0.160783087 -0.39607541 0.904031564
g A_Build_fangzi_05_A_0
f 3/3/3 2/2/2 1/1/1
f 6/6/6 5/5/5 4/4/4
f 9/9/9 8/8/8 7/7/7
f 12/12/12 11/11/11 10/10/10
f 15/15/15 14/14/14 13/13/13
f 18/18/18 17/17/17 16/16/16
f 21/21/21 20/20/20 19/19/19
f 24/24/24 23/23/23 22/22/22
f 27/27/27 26/26/26 25/25/25
f 28/28/28 27/27/27 25/25/25
f 28/28/28 25/25/25 29/29/29
f 27/27/27 28/28/28 30/30/30
f 31/31/31 27/27/27 30/30/30
f 30/30/30 28/28/28 32/32/32
f 33/33/33 28/28/28 29/29/29
f 28/28/28 33/33/33 32/32/32
f 33/33/33 29/29/29 34/34/34
f 32/32/32 33/33/33 35/35/35
f 36/36/36 33/33/33 34/34/34
f 33/33/33 36/36/36 35/35/35
f 36/36/36 34/34/34 37/37/37
f 35/35/35 36/36/36 38/38/38
f 39/39/39 36/36/36 37/37/37
f 36/36/36 39/39/39 38/38/38
f 39/39/39 37/37/37 40/40/40
f 38/38/38 39/39/39 41/41/41
f 42/42/42 39/39/39 40/40/40
f 39/39/39 42/42/42 41/41/41
f 42/42/42 40/40/40 43/43/43
f 41/41/41 42/42/42 44/44/44
f 45/45/45 42/42/42 43/43/43
f 42/42/42 45/45/45 44/44/44
f 45/45/45 43/43/43 46/46/46
f 44/44/44 45/45/45 47/47/47
f 48/48/48 45/45/45 46/46/46
f 45/45/45 48/48/48 47/47/47
f 48/48/48 46/46/46 49/49/49
f 47/47/47 48/48/48 50/50/50
f 51/51/51 48/48/48 49/49/49
f 48/48/48 51/51/51 50/50/50
f 54/54/54 53/53/53 52/52/52
f 55/55/55 54/54/54 52/52/52
f 54/54/54 55/55/55 56/56/56
f 57/57/57 54/54/54 56/56/56
f 57/57/57 56/56/56 58/58/58
f 59/59/59 57/57/57 58/58/58
f 62/62/62 61/61/61 60/60/60
f 63/63/63 62/62/62 60/60/60
f 66/66/66 65/65/65 64/64/64
f 67/67/67 66/66/66 64/64/64
f 70/70/70 69/69/69 68/68/68
f 69/69/69 71/71/71 68/68/68
f 68/68/68 71/71/71 72/72/72
f 71/71/71 73/73/73 72/72/72
f 74/74/74 72/72/72 73/73/73
f 75/75/75 74/74/74 73/73/73
f 78/78/78 77/77/77 76/76/76
f 79/79/79 78/78/78 76/76/76
f 80/80/80 78/78/78 79/79/79
f 81/81/81 80/80/80 79/79/79
f 82/82/82 80/80/80 81/81/81
f 83/83/83 82/82/82 81/81/81
f 86/86/86 85/85/85 84/84/84
f 85/85/85 87/87/87 84/84/84
f 87/87/87 85/85/85 88/88/88
f 85/85/85 89/89/89 88/88/88
f 88/88/88 89/89/89 90/90/90
f 91/91/91 88/88/88 90/90/90
f 94/94/94 93/93/93 92/92/92
f 95/95/95 94/94/94 92/92/92
f 98/98/98 97/97/97 96/96/96
f 99/99/99 98/98/98 96/96/96
f 102/102/102 101/101/101 100/100/100
f 103/103/103 102/102/102 100/100/100
f 106/106/106 105/105/105 104/104/104
f 107/107/107 106/106/106 104/104/104
f 110/110/110 109/109/109 108/108/108
f 111/111/111 110/110/110 108/108/108
f 114/114/114 113/113/113 112/112/112
f 115/115/115 114/114/114 112/112/112
f 118/118/118 117/117/117 116/116/116
f 119/119/119 118/118/118 116/116/116
f 122/122/122 121/121/121 120/120/120
f 123/123/123 122/122/122 120/120/120
f 126/126/126 125/125/125 124/124/124
f 127/127/127 126/126/126 124/124/124
f 130/130/130 129/129/129 128/128/128
f 131/131/131 130/130/130 128/128/128
f 134/134/134 133/133/133 132/132/132
f 135/135/135 134/134/134 132/132/132
f 138/138/138 137/137/137 136/136/136
f 139/139/139 138/138/138 136/136/136
f 142/142/142 141/141/141 140/140/140
f 143/143/143 142/142/142 140/140/140
f 146/146/146 145/145/145 144/144/144
f 147/147/147 146/146/146 144/144/144
f 150/150/150 149/149/149 148/148/148
f 151/151/151 150/150/150 148/148/148
f 154/154/154 153/153/153 152/152/152
f 155/155/155 154/154/154 152/152/152
f 158/158/158 157/157/157 156/156/156
f 159/159/159 158/158/158 156/156/156
f 160/160/160 158/158/158 159/159/159
f 161/161/161 160/160/160 159/159/159
f 161/161/161 162/162/162 160/160/160
f 163/163/163 162/162/162 161/161/161
f 164/164/164 163/163/163 161/161/161
f 165/165/165 163/163/163 164/164/164
f 166/166/166 165/165/165 164/164/164
f 162/162/162 167/167/167 160/160/160
f 160/160/160 167/167/167 168/168/168
f 167/167/167 169/169/169 168/168/168
f 168/168/168 169/169/169 170/170/170
f 169/169/169 171/171/171 170/170/170
f 167/167/167 162/162/162 172/172/172
f 162/162/162 173/173/173 172/172/172
f 172/172/172 173/173/173 174/174/174
f 175/175/175 172/172/172 174/174/174
f 178/178/178 177/177/177 176/176/176
f 177/177/177 179/179/179 176/176/176
f 177/177/177 180/180/180 179/179/179
f 180/180/180 181/181/181 179/179/179
f 182/182/182 181/181/181 180/180/180
f 182/182/182 183/183/183 181/181/181
f 183/183/183 184/184/184 181/181/181
f 183/183/183 185/185/185 184/184/184
f 185/185/185 186/186/186 184/184/184
f 187/187/187 182/182/182 180/180/180
f 187/187/187 180/180/180 188/188/188
f 189/189/189 187/187/187 188/188/188
f 189/189/189 188/188/188 190/190/190
f 191/191/191 189/189/189 190/190/190
f 182/182/182 187/187/187 192/192/192
f 193/193/193 182/182/182 192/192/192
f 193/193/193 192/192/192 194/194/194
f 192/192/192 195/195/195 194/194/194
f 198/198/198 197/197/197 196/196/196
f 199/199/199 198/198/198 196/196/196
f 202/202/202 201/201/201 200/200/200
f 203/203/203 202/202/202 200/200/200
f 206/206/206 205/205/205 204/204/204
f 207/207/207 206/206/206 204/204/204
f 210/210/210 209/209/209 208/208/208
f 211/211/211 210/210/210 208/208/208
f 214/214/214 213/213/213 212/212/212
f 215/215/215 214/214/214 212/212/212
f 218/218/218 217/217/217 216/216/216
f 219/219/219 218/218/218 216/216/216
f 222/222/222 221/221/221 220/220/220
f 223/223/223 222/222/222 220/220/220
f 226/226/226 225/225/225 224/224/224
f 227/227/227 226/226/226 224/224/224
f 230/230/230 229/229/229 228/228/228
f 231/231/231 230/230/230 228/228/228
f 234/234/234 233/233/233 232/232/232
f 235/235/235 234/234/234 232/232/232
f 238/238/238 237/237/237 236/236/236
f 239/239/239 238/238/238 236/236/236
f 242/242/242 241/241/241 240/240/240
f 243/243/243 242/242/242 240/240/240
f 246/246/246 245/245/245 244/244/244
f 247/247/247 246/246/246 244/244/244
f 250/250/250 249/249/249 248/248/248
f 251/251/251 250/250/250 248/248/248
f 254/254/254 253/253/253 252/252/252
f 255/255/255 254/254/254 252/252/252
f 258/258/258 257/257/257 256/256/256
f 259/259/259 258/258/258 256/256/256
f 262/262/262 261/261/261 260/260/260
f 263/263/263 262/262/262 260/260/260
f 266/266/266 265/265/265 264/264/264
f 267/267/267 266/266/266 264/264/264
f 270/270/270 269/269/269 268/268/268
f 271/271/271 270/270/270 268/268/268
f 274/274/274 273/273/273 272/272/272
f 275/275/275 274/274/274 272/272/272
f 278/278/278 277/277/277 276/276/276
f 277/277/277 279/279/279 276/276/276
f 280/280/280 279/279/279 277/277/277
f 280/280/280 277/277/277 281/281/281
f 284/284/284 283/283/283 282/282/282
f 285/285/285 284/284/284 282/282/282
f 288/288/288 287/287/287 286/286/286
f 289/289/289 288/288/288 286/286/286
f 290/290/290 288/288/288 289/289/289
f 293/293/293 292/292/292 291/291/291
f 293/293/293 291/291/291 294/294/294
f 295/295/295 293/293/293 294/294/294
f 298/298/298 297/297/297 296/296/296
f 299/299/299 298/298/298 296/296/296
f 302/302/302 301/301/301 300/300/300
f 303/303/303 302/302/302 300/300/300
f 304/304/304 303/303/303 300/300/300
f 305/305/305 303/303/303 304/304/304
f 308/308/308 307/307/307 306/306/306
f 307/307/307 309/309/309 306/306/306
f 309/309/309 307/307/307 310/310/310
f 307/307/307 311/311/311 310/310/310
f 310/310/310 311/311/311 312/312/312
f 311/311/311 313/313/313 312/312/312
f 314/314/314 312/312/312 313/313/313
f 315/315/315 314/314/314 313/313/313
f 314/314/314 315/315/315 316/316/316
f 317/317/317 314/314/314 316/316/316
f 320/320/320 319/319/319 318/318/318
f 320/320/320 318/318/318 321/321/321
f 322/322/322 320/320/320 321/321/321
f 323/323/323 322/322/322 321/321/321
f 326/326/326 325/325/325 324/324/324
f 327/327/327 326/326/326 324/324/324
f 330/330/330 329/329/329 328/328/328
f 331/331/331 330/330/330 328/328/328
f 334/334/334 333/333/333 332/332/332
f 335/335/335 334/334/334 332/332/332
f 338/338/338 337/337/337 336/336/336
f 339/339/339 338/338/338 336/336/336
f 342/342/342 341/341/341 340/340/340
f 343/343/343 342/342/342 340/340/340
f 346/346/346 345/345/345 344/344/344
f 347/347/347 346/346/346 344/344/344
f 350/350/350 349/349/349 348/348/348
f 351/351/351 350/350/350 348/348/348
f 354/354/354 353/353/353 352/352/352
f 355/355/355 354/354/354 352/352/352
f 358/358/358 357/357/357 356/356/356
f 357/357/357 359/359/359 356/356/356
f 357/357/357 360/360/360 359/359/359
f 360/360/360 361/361/361 359/359/359
f 361/361/361 360/360/360 362/362/362
f 363/363/363 361/361/361 362/362/362
f 366/366/366 365/365/365 364/364/364
f 366/366/366 364/364/364 367/367/367
f 368/368/368 366/366/366 367/367/367
f 369/369/369 368/368/368 367/367/367
f 372/372/372 371/371/371 370/370/370
f 371/371/371 373/373/373 370/370/370
f 373/373/373 371/371/371 374/374/374
f 371/371/371 375/375/375 374/374/374
f 374/374/374 375/375/375 376/376/376
f 375/375/375 377/377/377 376/376/376
f 378/378/378 376/376/376 377/377/377
f 379/379/379 378/378/378 377/377/377
f 378/378/378 379/379/379 380/380/380
f 381/381/381 378/378/378 380/380/380
f 384/384/384 383/383/383 382/382/382
f 384/384/384 382/382/382 385/385/385
f 386/386/386 384/384/384 385/385/385
f 387/387/387 386/386/386 385/385/385
f 390/390/390 389/389/389 388/388/388
f 391/391/391 390/390/390 388/388/388
f 394/394/394 393/393/393 392/392/392
f 395/395/395 394/394/394 392/392/392
f 398/398/398 397/397/397 396/396/396
f 399/399/399 398/398/398 396/396/396
f 402/402/402 401/401/401 400/400/400
f 403/403/403 402/402/402 400/400/400
f 406/406/406 405/405/405 404/404/404
f 407/407/407 406/406/406 404/404/404
f 410/410/410 409/409/409 408/408/408
f 411/411/411 410/410/410 408/408/408
f 414/414/414 413/413/413 412/412/412
f 415/415/415 414/414/414 412/412/412
f 418/418/418 417/417/417 416/416/416
f 419/419/419 418/418/418 416/416/416
f 422/422/422 421/421/421 420/420/420
f 423/423/423 422/422/422 420/420/420
f 426/426/426 425/425/425 424/424/424
f 427/427/427 426/426/426 424/424/424
f 430/430/430 429/429/429 428/428/428
f 431/431/431 430/430/430 428/428/428
f 434/434/434 433/433/433 432/432/432
f 435/435/435 434/434/434 432/432/432
f 438/438/438 437/437/437 436/436/436
f 439/439/439 438/438/438 436/436/436
f 442/442/442 441/441/441 440/440/440
f 443/443/443 442/442/442 440/440/440
f 446/446/446 445/445/445 444/444/444
f 447/447/447 446/446/446 444/444/444
f 450/450/450 449/449/449 448/448/448
f 451/451/451 450/450/450 448/448/448
f 454/454/454 453/453/453 452/452/452
f 455/455/455 454/454/454 452/452/452
f 458/458/458 457/457/457 456/456/456
f 459/459/459 458/458/458 456/456/456
f 462/462/462 461/461/461 460/460/460
f 463/463/463 462/462/462 460/460/460
f 466/466/466 465/465/465 464/464/464
f 467/467/467 466/466/466 464/464/464
f 470/470/470 469/469/469 468/468/468
f 471/471/471 470/470/470 468/468/468
f 474/474/474 473/473/473 472/472/472
f 475/475/475 474/474/474 472/472/472
f 478/478/478 477/477/477 476/476/476
f 479/479/479 478/478/478 476/476/476
f 482/482/482 481/481/481 480/480/480
f 483/483/483 482/482/482 480/480/480
f 486/486/486 485/485/485 484/484/484
f 485/485/485 487/487/487 484/484/484
f 484/484/484 487/487/487 488/488/488
f 489/489/489 484/484/484 488/488/488
f 488/488/488 490/490/490 489/489/489
f 489/489/489 490/490/490 491/491/491
f 490/490/490 492/492/492 491/491/491
f 492/492/492 493/493/493 491/491/491
f 493/493/493 494/494/494 491/491/491
f 493/493/493 495/495/495 494/494/494
f 495/495/495 496/496/496 494/494/494
f 499/499/499 498/498/498 497/497/497
f 498/498/498 500/500/500 497/497/497
f 500/500/500 498/498/498 501/501/501
f 502/502/502 500/500/500 501/501/501
f 502/502/502 501/501/501 503/503/503
f 501/501/501 504/504/504 503/503/503
f 503/503/503 504/504/504 505/505/505
f 505/505/505 504/504/504 506/506/506
f 504/504/504 507/507/507 506/506/506
f 508/508/508 506/506/506 507/507/507
f 509/509/509 508/508/508 507/507/507
f 512/512/512 511/511/511 510/510/510
f 513/513/513 512/512/512 510/510/510
f 514/514/514 513/513/513 510/510/510
f 515/515/515 514/514/514 510/510/510
f 516/516/516 515/515/515 510/510/510
f 517/517/517 516/516/516 510/510/510
f 518/518/518 514/514/514 515/515/515
f 519/519/519 514/514/514 518/518/518
f 522/522/522 521/521/521 520/520/520
f 523/523/523 522/522/522 520/520/520
f 526/526/526 525/525/525 524/524/524
f 527/527/527 525/525/525 526/526/526
f 527/527/527 528/528/528 525/525/525
f 528/528/528 529/529/529 525/525/525
f 530/530/530 529/529/529 528/528/528
f 531/531/531 530/530/530 528/528/528
f 528/528/528 527/527/527 532/532/532
f 527/527/527 533/533/533 532/532/532
f 536/536/536 535/535/535 534/534/534
f 537/537/537 536/536/536 534/534/534
f 537/537/537 534/534/534 538/538/538
f 538/538/538 534/534/534 539/539/539
f 538/538/538 539/539/539 540/540/540
f 539/539/539 541/541/541 540/540/540
f 542/542/542 537/537/537 538/538/538
f 543/543/543 537/537/537 542/542/542
f 543/543/543 542/542/542 544/544/544
f 542/542/542 545/545/545 544/544/544
f 548/548/548 547/547/547 546/546/546
f 549/549/549 548/548/548 546/546/546
f 552/552/552 551/551/551 550/550/550
f 553/553/553 552/552/552 550/550/550
f 556/556/556 555/555/555 554/554/554
f 557/557/557 556/556/556 554/554/554
f 560/560/560 559/559/559 558/558/558
f 561/561/561 560/560/560 558/558/558
f 564/564/564 563/563/563 562/562/562
f 565/565/565 564/564/564 562/562/562
f 568/568/568 567/567/567 566/566/566
f 569/569/569 568/568/568 566/566/566
f 570/570/570 568/568/568 569/569/569
f 571/571/571 570/570/570 569/569/569
f 572/572/572 570/570/570 571/571/571
f 573/573/573 572/572/572 571/571/571
f 574/574/574 572/572/572 573/573/573
f 575/575/575 574/574/574 573/573/573
f 576/576/576 574/574/574 575/575/575
f 577/577/577 576/576/576 575/575/575
f 578/578/578 576/576/576 577/577/577
f 579/579/579 578/578/578 577/577/577
f 582/582/582 581/581/581 580/580/580
f 583/583/583 582/582/582 580/580/580
f 582/582/582 583/583/583 584/584/584
f 585/585/585 582/582/582 584/584/584
f 588/588/588 587/587/587 586/586/586
f 587/587/587 589/589/589 586/586/586
f 586/586/586 589/589/589 590/590/590
f 591/591/591 586/586/586 590/590/590
f 594/594/594 593/593/593 592/592/592
f 595/595/595 594/594/594 592/592/592
f 596/596/596 594/594/594 595/595/595
f 597/597/597 596/596/596 595/595/595
f 600/600/600 599/599/599 598/598/598
f 601/601/601 600/600/600 598/598/598
f 604/604/604 603/603/603 602/602/602
f 605/605/605 604/604/604 602/602/602
f 604/604/604 605/605/605 606/606/606
f 607/607/607 604/604/604 606/606/606
f 610/610/610 609/609/609 608/608/608
f 611/611/611 610/610/610 608/608/608
f 610/610/610 611/611/611 612/612/612
f 613/613/613 610/610/610 612/612/612
f 616/616/616 615/615/615 614/614/614
f 615/615/615 617/617/617 614/614/614
f 614/614/614 617/617/617 618/618/618
f 617/617/617 619/619/619 618/618/618
f 622/622/622 621/621/621 620/620/620
f 623/623/623 622/622/622 620/620/620
f 622/622/622 623/623/623 624/624/624
f 625/625/625 622/622/622 624/624/624
f 628/628/628 627/627/627 626/626/626
f 629/629/629 628/628/628 626/626/626
f 632/632/632 631/631/631 630/630/630
f 633/633/633 632/632/632 630/630/630
f 636/636/636 635/635/635 634/634/634
f 637/637/637 636/636/636 634/634/634
f 636/636/636 637/637/637 638/638/638
f 637/637/637 639/639/639 638/638/638
f 642/642/642 641/641/641 640/640/640
f 641/641/641 643/643/643 640/640/640
f 643/643/643 641/641/641 644/644/644
f 641/641/641 645/645/645 644/644/644
f 648/648/648 647/647/647 646/646/646
f 649/649/649 648/648/648 646/646/646
f 650/650/650 648/648/648 649/649/649
f 651/651/651 650/650/650 649/649/649
f 654/654/654 653/653/653 652/652/652
f 653/653/653 655/655/655 652/652/652
f 652/652/652 655/655/655 656/656/656
f 655/655/655 657/657/657 656/656/656
f 660/660/660 659/659/659 658/658/658
f 661/661/661 660/660/660 658/658/658
f 664/664/664 663/663/663 662/662/662
f 663/663/663 665/665/665 662/662/662
f 662/662/662 665/665/665 666/666/666
f 665/665/665 667/667/667 666/666/666
f 670/670/670 669/669/669 668/668/668
f 671/671/671 670/670/670 668/668/668
f 674/674/674 673/673/673 672/672/672
f 675/675/675 674/674/674 672/672/672
f 678/678/678 677/677/677 676/676/676
f 679/679/679 678/678/678 676/676/676
f 678/678/678 679/679/679 680/680/680
f 681/681/681 678/678/678 680/680/680
f 684/684/684 683/683/683 682/682/682
f 685/685/685 684/684/684 682/682/682
f 682/682/682 686/686/686 685/685/685
f 686/686/686 687/687/687 685/685/685
f 690/690/690 689/689/689 688/688/688
f 691/691/691 690/690/690 688/688/688
f 691/691/691 692/692/692 690/690/690
f 692/692/692 693/693/693 690/690/690
f 696/696/696 695/695/695 694/694/694
f 697/697/697 696/696/696 694/694/694
f 697/697/697 694/694/694 698/698/698
f 699/699/699 697/697/697 698/698/698
f 699/699/699 698/698/698 700/700/700
f 701/701/701 699/699/699 700/700/700
f 701/701/701 700/700/700 702/702/702
f 703/703/703 701/701/701 702/702/702
f 703/703/703 702/702/702 704/704/704
f 705/705/705 703/703/703 704/704/704
f 705/705/705 704/704/704 706/706/706
f 707/707/707 705/705/705 706/706/706
f 707/707/707 706/706/706 708/708/708
f 709/709/709 707/707/707 708/708/708
f 709/709/709 708/708/708 710/710/710
f 711/711/711 709/709/709 710/710/710
f 714/714/714 713/713/713 712/712/712
f 713/713/713 715/715/715 712/712/712
f 713/713/713 716/716/716 715/715/715
f 716/716/716 717/717/717 715/715/715
f 716/716/716 718/718/718 717/717/717
f 718/718/718 719/719/719 717/717/717
f 718/718/718 720/720/720 719/719/719
f 720/720/720 721/721/721 719/719/719
f 720/720/720 722/722/722 721/721/721
f 722/722/722 723/723/723 721/721/721
f 722/722/722 724/724/724 723/723/723
f 724/724/724 725/725/725 723/723/723
f 724/724/724 726/726/726 725/725/725
f 726/726/726 727/727/727 725/725/725
f 726/726/726 728/728/728 727/727/727
f 728/728/728 729/729/729 727/727/727
f 732/732/732 731/731/731 730/730/730
f 733/733/733 732/732/732 730/730/730
f 733/733/733 730/730/730 734/734/734
f 735/735/735 733/733/733 734/734/734
f 735/735/735 734/734/734 736/736/736
f 737/737/737 735/735/735 736/736/736
f 737/737/737 736/736/736 738/738/738
f 739/739/739 737/737/737 738/738/738
f 739/739/739 738/738/738 740/740/740
f 741/741/741 739/739/739 740/740/740
f 741/741/741 740/740/740 742/742/742
f 743/743/743 741/741/741 742/742/742
f 743/743/743 742/742/742 744/744/744
f 745/745/745 743/743/743 744/744/744
f 745/745/745 744/744/744 746/746/746
f 747/747/747 745/745/745 746/746/746
f 750/750/750 749/749/749 748/748/748
f 751/751/751 750/750/750 748/748/748
f 751/751/751 748/748/748 752/752/752
f 753/753/753 751/751/751 752/752/752
f 753/753/753 752/752/752 754/754/754
f 755/755/755 753/753/753 754/754/754
f 758/758/758 757/757/757 756/756/756
f 757/757/757 759/759/759 756/756/756
f 756/756/756 759/759/759 760/760/760
f 759/759/759 761/761/761 760/760/760
f 760/760/760 761/761/761 762/762/762
f 761/761/761 763/763/763 762/762/762
f 762/762/762 763/763/763 764/764/764
f 763/763/763 765/765/765 764/764/764
f 764/764/764 765/765/765 766/766/766
f 765/765/765 767/767/767 766/766/766
f 766/766/766 767/767/767 768/768/768
f 767/767/767 769/769/769 768/768/768
f 768/768/768 769/769/769 770/770/770
f 769/769/769 771/771/771 770/770/770
f 770/770/770 771/771/771 772/772/772
f 771/771/771 773/773/773 772/772/772
f 776/776/776 775/775/775 774/774/774
f 777/777/777 776/776/776 774/774/774
f 780/780/780 779/779/779 778/778/778
f 781/781/781 780/780/780 778/778/778
f 784/784/784 783/783/783 782/782/782
f 785/785/785 784/784/784 782/782/782
f 788/788/788 787/787/787 786/786/786
f 789/789/789 788/788/788 786/786/786
f 792/792/792 791/791/791 790/790/790
f 793/793/793 792/792/792 790/790/790
f 796/796/796 795/795/795 794/794/794
f 797/797/797 796/796/796 794/794/794
f 800/800/800 799/799/799 798/798/798
f 801/801/801 800/800/800 798/798/798
f 801/801/801 798/798/798 802/802/802
f 800/800/800 801/801/801 803/803/803
f 804/804/804 801/801/801 802/802/802
f 804/804/804 802/802/802 805/805/805
f 801/801/801 806/806/806 803/803/803
f 806/806/806 801/801/801 804/804/804
f 803/803/803 806/806/806 807/807/807
f 806/806/806 808/808/808 807/807/807
f 806/806/806 809/809/809 808/808/808
f 809/809/809 806/806/806 804/804/804
f 809/809/809 810/810/810 808/808/808
f 811/811/811 804/804/804 805/805/805
f 809/809/809 804/804/804 811/811/811
f 811/811/811 805/805/805 812/812/812
f 809/809/809 813/813/813 810/810/810
f 813/813/813 809/809/809 811/811/811
f 813/813/813 814/814/814 810/810/810
f 815/815/815 811/811/811 812/812/812
f 811/811/811 815/815/815 813/813/813
f 815/815/815 812/812/812 816/816/816
f 813/813/813 817/817/817 814/814/814
f 815/815/815 817/817/817 813/813/813
f 817/817/817 818/818/818 814/814/814
f 819/819/819 815/815/815 816/816/816
f 815/815/815 819/819/819 817/817/817
f 819/819/819 816/816/816 820/820/820
f 817/817/817 821/821/821 818/818/818
f 819/819/819 821/821/821 817/817/817
f 821/821/821 822/822/822 818/818/818
f 823/823/823 819/819/819 820/820/820
f 819/819/819 823/823/823 821/821/821
f 823/823/823 820/820/820 824/824/824
f 821/821/821 825/825/825 822/822/822
f 823/823/823 825/825/825 821/821/821
f 825/825/825 826/826/826 822/822/822
f 827/827/827 823/823/823 824/824/824
f 823/823/823 827/827/827 825/825/825
f 827/827/827 824/824/824 828/828/828
f 825/825/825 829/829/829 826/826/826
f 827/827/827 829/829/829 825/825/825
f 829/829/829 830/830/830 826/826/826
f 831/831/831 827/827/827 828/828/828
f 827/827/827 831/831/831 829/829/829
f 831/831/831 828/828/828 832/832/832
f 833/833/833 831/831/831 832/832/832
f 832/832/832 834/834/834 833/833/833
f 830/830/830 829/829/829 835/835/835
f 831/831/831 835/835/835 829/829/829
f 831/831/831 833/833/833 835/835/835
f 836/836/836 830/830/830 835/835/835
f 835/835/835 837/837/837 836/836/836
f 833/833/833 837/837/837 835/835/835
f 837/837/837 838/838/838 836/836/836
f 838/838/838 837/837/837 839/839/839
f 840/840/840 838/838/838 839/839/839
f 839/839/839 841/841/841 840/840/840
f 841/841/841 842/842/842 840/840/840
f 843/843/843 841/841/841 839/839/839
f 834/834/834 844/844/844 833/833/833
f 844/844/844 843/843/843 839/839/839
f 844/844/844 834/834/834 845/845/845
f 843/843/843 844/844/844 845/845/845
f 837/837/837 846/846/846 839/839/839
f 833/833/833 847/847/847 837/837/837
f 847/847/847 846/846/846 837/837/837
f 839/839/839 848/848/848 844/844/844
f 846/846/846 848/848/848 839/839/839
f 844/844/844 849/849/849 833/833/833
f 849/849/849 847/847/847 833/833/833
f 848/848/848 849/849/849 844/844/844
f 846/846/846 850/850/850 848/848/848
f 847/847/847 851/851/851 846/846/846
f 851/851/851 850/850/850 846/846/846
f 852/852/852 851/851/851 847/847/847
f 849/849/849 852/852/852 847/847/847
f 851/851/851 852/852/852 850/850/850
f 848/848/848 853/853/853 849/849/849
f 850/850/850 853/853/853 848/848/848
f 852/852/852 853/853/853 850/850/850
f 853/853/853 852/852/852 849/849/849
f 856/856/856 855/855/855 854/854/854
f 857/857/857 856/856/856 854/854/854
f 858/858/858 856/856/856 857/857/857
f 859/859/859 858/858/858 857/857/857
f 858/858/858 859/859/859 860/860/860
f 859/859/859 861/861/861 860/860/860
f 864/864/864 863/863/863 862/862/862
f 863/863/863 865/865/865 862/862/862
f 862/862/862 865/865/865 866/866/866
f 865/865/865 867/867/867 866/866/866
f 868/868/868 866/866/866 867/867/867
f 869/869/869 868/868/868 867/867/867
f 872/872/872 871/871/871 870/870/870
f 871/871/871 873/873/873 870/870/870
f 873/873/873 871/871/871 874/874/874
f 873/873/873 875/875/875 870/870/870
f 875/875/875 876/876/876 870/870/870
f 877/877/877 873/873/873 874/874/874
f 875/875/875 873/873/873 877/877/877
f 877/877/877 874/874/874 878/878/878
f 879/879/879 877/877/877 878/878/878
f 879/879/879 880/880/880 877/877/877
f 880/880/880 881/881/881 877/877/877
f 881/881/881 875/875/875 877/877/877
f 880/880/880 882/882/882 881/881/881
f 882/882/882 883/883/883 881/881/881
f 881/881/881 883/883/883 875/875/875
f 882/882/882 884/884/884 883/883/883
f 875/875/875 885/885/885 876/876/876
f 883/883/883 885/885/885 875/875/875
f 885/885/885 886/886/886 876/876/876
f 885/885/885 887/887/887 886/886/886
f 887/887/887 885/885/885 883/883/883
f 887/887/887 888/888/888 886/886/886
f 884/884/884 889/889/889 883/883/883
f 889/889/889 887/887/887 883/883/883
f 889/889/889 884/884/884 890/890/890
f 888/888/888 887/887/887 891/891/891
f 892/892/892 888/888/888 891/891/891
f 887/887/887 889/889/889 893/893/893
f 893/893/893 889/889/889 890/890/890
f 891/891/891 887/887/887 893/893/893
f 891/891/891 894/894/894 892/892/892
f 894/894/894 891/891/891 893/893/893
f 894/894/894 895/895/895 892/892/892
f 896/896/896 895/895/895 894/894/894
f 897/897/897 896/896/896 894/894/894
f 893/893/893 890/890/890 898/898/898
f 898/898/898 894/894/894 893/893/893
f 894/894/894 898/898/898 897/897/897
f 890/890/890 899/899/899 898/898/898
f 898/898/898 900/900/900 897/897/897
f 898/898/898 899/899/899 900/900/900
f 899/899/899 901/901/901 900/900/900
f 904/904/904 903/903/903 902/902/902
f 903/903/903 905/905/905 902/902/902
f 905/905/905 906/906/906 902/902/902
f 906/906/906 907/907/907 902/902/902
f 908/908/908 907/907/907 906/906/906
f 909/909/909 908/908/908 906/906/906
f 912/912/912 911/911/911 910/910/910
f 913/913/913 912/912/912 910/910/910
f 910/910/910 914/914/914 913/913/913
f 913/913/913 915/915/915 912/912/912
f 915/915/915 916/916/916 912/912/912
f 916/916/916 915/915/915 917/917/917
f 914/914/914 918/918/918 913/913/913
f 913/913/913 918/918/918 915/915/915
f 918/918/918 914/914/914 919/919/919
f 920/920/920 918/918/918 919/919/919
f 918/918/918 920/920/920 915/915/915
f 921/921/921 920/920/920 919/919/919
f 915/915/915 922/922/922 917/917/917
f 915/915/915 920/920/920 922/922/922
f 922/922/922 923/923/923 917/917/917
f 924/924/924 920/920/920 921/921/921
f 920/920/920 924/924/924 922/922/922
f 923/923/923 922/922/922 924/924/924
f 925/925/925 924/924/924 921/921/921
f 926/926/926 923/923/923 924/924/924
f 924/924/924 925/925/925 926/926/926
f 929/929/929 928/928/928 927/927/927
f 928/928/928 930/930/930 927/927/927
f 930/930/930 928/928/928 931/931/931
f 932/932/932 930/930/930 931/931/931
f 930/930/930 932/932/932 933/933/933
f 927/927/927 930/930/930 934/934/934
f 934/934/934 930/930/930 933/933/933
f 935/935/935 927/927/927 934/934/934
f 934/934/934 933/933/933 936/936/936
f 935/935/935 934/934/934 937/937/937
f 938/938/938 934/934/934 936/936/936
f 934/934/934 938/938/938 937/937/937
f 938/938/938 936/936/936 939/939/939
f 937/937/937 938/938/938 940/940/940
f 940/940/940 938/938/938 939/939/939
f 941/941/941 937/937/937 940/940/940
f 941/941/941 940/940/940 942/942/942
f 943/943/943 940/940/940 939/939/939
f 940/940/940 943/943/943 942/942/942
f 944/944/944 943/943/943 939/939/939
f 943/943/943 944/944/944 945/945/945
f 942/942/942 943/943/943 946/946/946
f 946/946/946 943/943/943 945/945/945
f 946/946/946 945/945/945 947/947/947
f 948/948/948 942/942/942 946/946/946
f 949/949/949 946/946/946 947/947/947
f 948/948/948 946/946/946 949/949/949
f 949/949/949 947/947/947 950/950/950
f 949/949/949 951/951/951 948/948/948
f 951/951/951 952/952/952 948/948/948
f 951/951/951 949/949/949 953/953/953
f 954/954/954 949/949/949 950/950/950
f 949/949/949 954/954/954 953/953/953
f 954/954/954 950/950/950 955/955/955
f 953/953/953 954/954/954 956/956/956
f 957/957/957 954/954/954 955/955/955
f 954/954/954 957/957/957 956/956/956
f 957/957/957 955/955/955 958/958/958
f 956/956/956 957/957/957 959/959/959
f 960/960/960 957/957/957 958/958/958
f 957/957/957 960/960/960 959/959/959
f 963/963/963 962/962/962 961/961/961
f 964/964/964 963/963/963 961/961/961
f 964/964/964 965/965/965 963/963/963
f 965/965/965 966/966/966 963/963/963
f 966/966/966 965/965/965 967/967/967
f 968/968/968 966/966/966 967/967/967
f 965/965/965 964/964/964 969/969/969
f 967/967/967 965/965/965 969/969/969
f 961/961/961 970/970/970 964/964/964
f 964/964/964 970/970/970 969/969/969
f 967/967/967 971/971/971 968/968/968
f 971/971/971 972/972/972 968/968/968
f 971/971/971 973/973/973 972/972/972
f 973/973/973 971/971/971 967/967/967
f 973/973/973 974/974/974 972/972/972
f 975/975/975 970/970/970 961/961/961
f 975/975/975 961/961/961 976/976/976
f 977/977/977 967/967/967 969/969/969
f 977/977/977 973/973/973 967/967/967
f 973/973/973 978/978/978 974/974/974
f 978/978/978 979/979/979 974/974/974
f 979/979/979 978/978/978 980/980/980
f 978/978/978 973/973/973 981/981/981
f 973/973/973 977/977/977 981/981/981
f 978/978/978 981/981/981 980/980/980
f 982/982/982 977/977/977 969/969/969
f 982/982/982 981/981/981 977/977/977
f 981/981/981 983/983/983 980/980/980
f 981/981/981 982/982/982 983/983/983
f 983/983/983 984/984/984 980/980/980
f 983/983/983 985/985/985 984/984/984
f 983/983/983 982/982/982 985/985/985
f 986/986/986 985/985/985 982/982/982
f 985/985/985 987/987/987 984/984/984
f 982/982/982 969/969/969 988/988/988
f 986/986/986 982/982/982 988/988/988
f 970/970/970 988/988/988 969/969/969
f 989/989/989 986/986/986 988/988/988
f 990/990/990 989/989/989 988/988/988
f 989/989/989 990/990/990 991/991/991
f 985/985/985 992/992/992 987/987/987
f 985/985/985 986/986/986 992/992/992
f 992/992/992 993/993/993 987/987/987
f 970/970/970 994/994/994 988/988/988
f 994/994/994 990/990/990 988/988/988
f 975/975/975 994/994/994 970/970/970
f 992/992/992 995/995/995 993/993/993
f 992/992/992 986/986/986 995/995/995
f 995/995/995 996/996/996 993/993/993
f 995/995/995 997/997/997 996/996/996
f 995/995/995 986/986/986 997/997/997
f 997/997/997 998/998/998 996/996/996
f 997/997/997 986/986/986 999/999/999
f 997/997/997 999/999/999 998/998/998
f 986/986/986 989/989/989 999/999/999
f 999/999/999 1000/1000/1000 998/998/998
f 999/999/999 1001/1001/1001 1000/1000/1000
f 989/989/989 1001/1001/1001 999/999/999
f 1001/1001/1001 1002/1002/1002 1000/1000/1000
f 1001/1001/1001 1003/1003/1003 1002/1002/1002
f 1001/1001/1001 989/989/989 1003/1003/1003
f 1003/1003/1003 1004/1004/1004 1002/1002/1002
f 1003/1003/1003 1005/1005/1005 1004/1004/1004
f 1003/1003/1003 989/989/989 1005/1005/1005
f 1005/1005/1005 1006/1006/1006 1004/1004/1004
f 1005/1005/1005 989/989/989 1007/1007/1007
f 1005/1005/1005 1007/1007/1007 1006/1006/1006
f 1007/1007/1007 1008/1008/1008 1006/1006/1006
f 989/989/989 991/991/991 1007/1007/1007
f 1007/1007/1007 1009/1009/1009 1008/1008/1008
f 1007/1007/1007 991/991/991 1009/1009/1009
f 1009/1009/1009 1010/1010/1010 1008/1008/1008
f 1009/1009/1009 1011/1011/1011 1010/1010/1010
f 1009/1009/1009 991/991/991 1011/1011/1011
f 1011/1011/1011 1012/1012/1012 1010/1010/1010
f 1011/1011/1011 1013/1013/1013 1012/1012/1012
f 1011/1011/1011 991/991/991 1013/1013/1013
f 991/991/991 1014/1014/1014 1013/1013/1013
f 1013/1013/1013 1015/1015/1015 1012/1012/1012
f 1013/1013/1013 1016/1016/1016 1015/1015/1015
f 1013/1013/1013 1014/1014/1014 1016/1016/1016
f 1016/1016/1016 1017/1017/1017 1015/1015/1015
f 1016/1016/1016 1018/1018/1018 1017/1017/1017
f 1016/1016/1016 1014/1014/1014 1018/1018/1018
f 1018/1018/1018 1019/1019/1019 1017/1017/1017
f 1018/1018/1018 1020/1020/1020 1019/1019/1019
f 1018/1018/1018 1014/1014/1014 1020/1020/1020
f 1020/1020/1020 1021/1021/1021 1019/1019/1019
f 1020/1020/1020 1022/1022/1022 1021/1021/1021
f 1022/1022/1022 1023/1023/1023 1021/1021/1021
f 1024/1024/1024 1023/1023/1023 1022/1022/1022
f 1020/1020/1020 1025/1025/1025 1022/1022/1022
f 1025/1025/1025 1024/1024/1024 1022/1022/1022
f 1014/1014/1014 1025/1025/1025 1020/1020/1020
f 991/991/991 1026/1026/1026 1014/1014/1014
f 990/990/990 1026/1026/1026 991/991/991
f 994/994/994 1026/1026/1026 990/990/990
f 1026/1026/1026 1027/1027/1027 1014/1014/1014
f 1014/1014/1014 1027/1027/1027 1025/1025/1025
f 994/994/994 1028/1028/1028 1026/1026/1026
f 1028/1028/1028 1027/1027/1027 1026/1026/1026
f 1027/1027/1027 1028/1028/1028 1025/1025/1025
f 975/975/975 1028/1028/1028 994/994/994
f 1025/1025/1025 1029/1029/1029 1024/1024/1024
f 1028/1028/1028 1029/1029/1029 1025/1025/1025
f 1029/1029/1029 1030/1030/1030 1024/1024/1024
f 1030/1030/1030 1029/1029/1029 1031/1031/1031
f 1032/1032/1032 1029/1029/1029 1028/1028/1028
f 975/975/975 1032/1032/1032 1028/1028/1028
f 1029/1029/1029 1032/1032/1032 1031/1031/1031
f 975/975/975 1033/1033/1033 1032/1032/1032
f 1033/1033/1033 975/975/975 976/976/976
f 1033/1033/1033 976/976/976 1034/1034/1034
f 1035/1035/1035 1033/1033/1033 1034/1034/1034
f 1031/1031/1031 1032/1032/1032 1036/1036/1036
f 1033/1033/1033 1036/1036/1036 1032/1032/1032
f 1033/1033/1033 1035/1035/1035 1036/1036/1036
f 1037/1037/1037 1031/1031/1031 1036/1036/1036
f 1035/1035/1035 1038/1038/1038 1036/1036/1036
f 1039/1039/1039 1037/1037/1037 1036/1036/1036
f 1038/1038/1038 1039/1039/1039 1036/1036/1036
f 1042/1042/1042 1041/1041/1041 1040/1040/1040
f 1041/1041/1041 1043/1043/1043 1040/1040/1040
f 1041/1041/1041 1044/1044/1044 1043/1043/1043
f 1044/1044/1044 1045/1045/1045 1043/1043/1043
f 1044/1044/1044 1046/1046/1046 1045/1045/1045
f 1046/1046/1046 1047/1047/1047 1045/1045/1045
f 1047/1047/1047 1048/1048/1048 1045/1045/1045
f 1046/1046/1046 1049/1049/1049 1047/1047/1047
f 1049/1049/1049 1050/1050/1050 1047/1047/1047
f 1047/1047/1047 1050/1050/1050 1048/1048/1048
f 1049/1049/1049 1051/1051/1051 1050/1050/1050
f 1051/1051/1051 1052/1052/1052 1050/1050/1050
f 1052/1052/1052 1048/1048/1048 1050/1050/1050
f 1051/1051/1051 1053/1053/1053 1052/1052/1052
f 1053/1053/1053 1054/1054/1054 1052/1052/1052
f 1054/1054/1054 1048/1048/1048 1052/1052/1052
f 1054/1054/1054 1053/1053/1053 1055/1055/1055
f 1056/1056/1056 1048/1048/1048 1054/1054/1054
f 1057/1057/1057 1056/1056/1056 1054/1054/1054
f 1057/1057/1057 1054/1054/1054 1055/1055/1055
f 1057/1057/1057 1055/1055/1055 1058/1058/1058
f 1059/1059/1059 1057/1057/1057 1058/1058/1058
f 1059/1059/1059 1056/1056/1056 1057/1057/1057
f 1059/1059/1059 1058/1058/1058 1060/1060/1060
f 1061/1061/1061 1059/1059/1059 1060/1060/1060
f 1061/1061/1061 1056/1056/1056 1059/1059/1059
f 1061/1061/1061 1060/1060/1060 1062/1062/1062
f 1063/1063/1063 1061/1061/1061 1062/1062/1062
f 1063/1063/1063 1056/1056/1056 1061/1061/1061
f 1063/1063/1063 1062/1062/1062 1064/1064/1064
f 1065/1065/1065 1056/1056/1056 1063/1063/1063
f 1066/1066/1066 1065/1065/1065 1063/1063/1063
f 1066/1066/1066 1063/1063/1063 1064/1064/1064
f 1066/1066/1066 1064/1064/1064 1067/1067/1067
f 1068/1068/1068 1066/1066/1066 1067/1067/1067
f 1068/1068/1068 1065/1065/1065 1066/1066/1066
f 1068/1068/1068 1067/1067/1067 1069/1069/1069
f 1070/1070/1070 1068/1068/1068 1069/1069/1069
f 1070/1070/1070 1065/1065/1065 1068/1068/1068
f 1070/1070/1070 1069/1069/1069 1071/1071/1071
f 1072/1072/1072 1070/1070/1070 1071/1071/1071
f 1072/1072/1072 1065/1065/1065 1070/1070/1070
f 1072/1072/1072 1071/1071/1071 1073/1073/1073
f 1074/1074/1074 1065/1065/1065 1072/1072/1072
f 1075/1075/1075 1074/1074/1074 1072/1072/1072
f 1075/1075/1075 1072/1072/1072 1073/1073/1073
f 1074/1074/1074 1076/1076/1076 1065/1065/1065
f 1075/1075/1075 1073/1073/1073 1077/1077/1077
f 1078/1078/1078 1075/1075/1075 1077/1077/1077
f 1078/1078/1078 1074/1074/1074 1075/1075/1075
f 1078/1078/1078 1077/1077/1077 1079/1079/1079
f 1080/1080/1080 1078/1078/1078 1079/1079/1079
f 1080/1080/1080 1074/1074/1074 1078/1078/1078
f 1080/1080/1080 1079/1079/1079 1081/1081/1081
f 1082/1082/1082 1080/1080/1080 1081/1081/1081
f 1082/1082/1082 1074/1074/1074 1080/1080/1080
f 1082/1082/1082 1081/1081/1081 1083/1083/1083
f 1084/1084/1084 1082/1082/1082 1083/1083/1083
f 1084/1084/1084 1074/1074/1074 1082/1082/1082
f 1084/1084/1084 1083/1083/1083 1085/1085/1085
f 1086/1086/1086 1074/1074/1074 1084/1084/1084
f 1087/1087/1087 1086/1086/1086 1084/1084/1084
f 1087/1087/1087 1084/1084/1084 1085/1085/1085
f 1087/1087/1087 1085/1085/1085 1088/1088/1088
f 1089/1089/1089 1087/1087/1087 1088/1088/1088
f 1089/1089/1089 1086/1086/1086 1087/1087/1087
f 1089/1089/1089 1088/1088/1088 1090/1090/1090
f 1091/1091/1091 1089/1089/1089 1090/1090/1090
f 1091/1091/1091 1086/1086/1086 1089/1089/1089
f 1091/1091/1091 1090/1090/1090 1092/1092/1092
f 1093/1093/1093 1091/1091/1091 1092/1092/1092
f 1093/1093/1093 1086/1086/1086 1091/1091/1091
f 1093/1093/1093 1092/1092/1092 1094/1094/1094
f 1095/1095/1095 1086/1086/1086 1093/1093/1093
f 1095/1095/1095 1096/1096/1096 1086/1086/1086
f 1086/1086/1086 1097/1097/1097 1074/1074/1074
f 1096/1096/1096 1097/1097/1097 1086/1086/1086
f 1097/1097/1097 1076/1076/1076 1074/1074/1074
f 1098/1098/1098 1093/1093/1093 1094/1094/1094
f 1098/1098/1098 1095/1095/1095 1093/1093/1093
f 1098/1098/1098 1094/1094/1094 1099/1099/1099
f 1100/1100/1100 1098/1098/1098 1099/1099/1099
f 1100/1100/1100 1095/1095/1095 1098/1098/1098
f 1100/1100/1100 1099/1099/1099 1101/1101/1101
f 1102/1102/1102 1100/1100/1100 1101/1101/1101
f 1102/1102/1102 1095/1095/1095 1100/1100/1100
f 1102/1102/1102 1101/1101/1101 1103/1103/1103
f 1104/1104/1104 1102/1102/1102 1103/1103/1103
f 1095/1095/1095 1102/1102/1102 1104/1104/1104
f 1104/1104/1104 1103/1103/1103 1105/1105/1105
f 1106/1106/1106 1104/1104/1104 1105/1105/1105
f 1106/1106/1106 1095/1095/1095 1104/1104/1104
f 1106/1106/1106 1105/1105/1105 1107/1107/1107
f 1095/1095/1095 1106/1106/1106 1108/1108/1108
f 1096/1096/1096 1095/1095/1095 1108/1108/1108
f 1109/1109/1109 1106/1106/1106 1107/1107/1107
f 1109/1109/1109 1107/1107/1107 1110/1110/1110
f 1109/1109/1109 1111/1111/1111 1106/1106/1106
f 1106/1106/1106 1111/1111/1111 1108/1108/1108
f 1112/1112/1112 1109/1109/1109 1110/1110/1110
f 1112/1112/1112 1111/1111/1111 1109/1109/1109
f 1113/1113/1113 1112/1112/1112 1110/1110/1110
f 1114/1114/1114 1113/1113/1113 1110/1110/1110
f 1114/1114/1114 1115/1115/1115 1113/1113/1113
f 1116/1116/1116 1111/1111/1111 1112/1112/1112
f 1116/1116/1116 1112/1112/1112 1113/1113/1113
f 1111/1111/1111 1116/1116/1116 1117/1117/1117
f 1117/1117/1117 1116/1116/1116 1113/1113/1113
f 1108/1108/1108 1111/1111/1111 1117/1117/1117
f 1115/1115/1115 1117/1117/1117 1113/1113/1113
f 1108/1108/1108 1117/1117/1117 1118/1118/1118
f 1118/1118/1118 1096/1096/1096 1108/1108/1108
f 1117/1117/1117 1115/1115/1115 1119/1119/1119
f 1118/1118/1118 1117/1117/1117 1119/1119/1119
f 1115/1115/1115 1120/1120/1120 1119/1119/1119
f 1118/1118/1118 1121/1121/1121 1096/1096/1096
f 1121/1121/1121 1118/1118/1118 1119/1119/1119
f 1121/1121/1121 1119/1119/1119 1122/1122/1122
f 1119/1119/1119 1123/1123/1123 1122/1122/1122
f 1119/1119/1119 1120/1120/1120 1123/1123/1123
f 1120/1120/1120 1124/1124/1124 1123/1123/1123
f 1125/1125/1125 1123/1123/1123 1124/1124/1124
f 1122/1122/1122 1123/1123/1123 1125/1125/1125
f 1126/1126/1126 1125/1125/1125 1124/1124/1124
f 1126/1126/1126 1127/1127/1127 1125/1125/1125
f 1121/1121/1121 1128/1128/1128 1096/1096/1096
f 1122/1122/1122 1128/1128/1128 1121/1121/1121
f 1128/1128/1128 1129/1129/1129 1096/1096/1096
f 1129/1129/1129 1128/1128/1128 1122/1122/1122
f 1130/1130/1130 1129/1129/1129 1122/1122/1122
f 1129/1129/1129 1097/1097/1097 1096/1096/1096
f 1129/1129/1129 1131/1131/1131 1097/1097/1097
f 1130/1130/1130 1131/1131/1131 1129/1129/1129
f 1131/1131/1131 1076/1076/1076 1097/1097/1097
f 1127/1127/1127 1132/1132/1132 1125/1125/1125
f 1132/1132/1132 1127/1127/1127 1133/1133/1133
f 1134/1134/1134 1132/1132/1132 1133/1133/1133
f 1132/1132/1132 1134/1134/1134 1135/1135/1135
f 1125/1125/1125 1132/1132/1132 1136/1136/1136
f 1132/1132/1132 1135/1135/1135 1136/1136/1136
f 1136/1136/1136 1122/1122/1122 1125/1125/1125
f 1136/1136/1136 1135/1135/1135 1137/1137/1137
f 1122/1122/1122 1136/1136/1136 1138/1138/1138
f 1138/1138/1138 1136/1136/1136 1137/1137/1137
f 1130/1130/1130 1122/1122/1122 1138/1138/1138
f 1139/1139/1139 1138/1138/1138 1137/1137/1137
f 1138/1138/1138 1139/1139/1139 1130/1130/1130
f 1140/1140/1140 1139/1139/1139 1137/1137/1137
f 1139/1139/1139 1040/1040/1040 1130/1130/1130
f 1131/1131/1131 1141/1141/1141 1076/1076/1076
f 1130/1130/1130 1141/1141/1141 1131/1131/1131
f 1130/1130/1130 1040/1040/1040 1142/1142/1142
f 1130/1130/1130 1142/1142/1142 1141/1141/1141
f 1142/1142/1142 1040/1040/1040 1043/1043/1043
f 1141/1141/1141 1143/1143/1143 1076/1076/1076
f 1141/1141/1141 1142/1142/1142 1143/1143/1143
f 1076/1076/1076 1143/1143/1143 1065/1065/1065
f 1065/1065/1065 1143/1143/1143 1056/1056/1056
f 1142/1142/1142 1144/1144/1144 1143/1143/1143
f 1143/1143/1143 1144/1144/1144 1056/1056/1056
f 1142/1142/1142 1043/1043/1043 1144/1144/1144
f 1048/1048/1048 1056/1056/1056 1144/1144/1144
f 1043/1043/1043 1145/1145/1145 1144/1144/1144
f 1145/1145/1145 1048/1048/1048 1144/1144/1144
f 1145/1145/1145 1043/1043/1043 1045/1045/1045
f 1048/1048/1048 1145/1145/1145 1045/1045/1045
f 1148/1148/1148 1147/1147/1147 1146/1146/1146
f 1149/1149/1149 1148/1148/1148 1146/1146/1146
f 1152/1152/1152 1151/1151/1151 1150/1150/1150
f 1151/1151/1151 1153/1153/1153 1150/1150/1150
f 1150/1150/1150 1153/1153/1153 1154/1154/1154
f 1151/1151/1151 1155/1155/1155 1153/1153/1153
f 1153/1153/1153 1156/1156/1156 1154/1154/1154
f 1155/1155/1155 1157/1157/1157 1153/1153/1153
f 1153/1153/1153 1157/1157/1157 1156/1156/1156
f 1157/1157/1157 1155/1155/1155 1158/1158/1158
f 1157/1157/1157 1159/1159/1159 1156/1156/1156
f 1160/1160/1160 1157/1157/1157 1158/1158/1158
f 1159/1159/1159 1157/1157/1157 1160/1160/1160
f 1161/1161/1161 1159/1159/1159 1160/1160/1160
f 1164/1164/1164 1163/1163/1163 1162/1162/1162
f 1163/1163/1163 1165/1165/1165 1162/1162/1162
f 1162/1162/1162 1165/1165/1165 1166/1166/1166
f 1165/1165/1165 1167/1167/1167 1166/1166/1166
f 1165/1165/1165 1163/1163/1163 1168/1168/1168
f 1165/1165/1165 1168/1168/1168 1167/1167/1167
f 1163/1163/1163 1169/1169/1169 1168/1168/1168
f 1168/1168/1168 1169/1169/1169 1170/1170/1170
f 1168/1168/1168 1171/1171/1171 1167/1167/1167
f 1172/1172/1172 1168/1168/1168 1170/1170/1170
f 1171/1171/1171 1168/1168/1168 1172/1172/1172
f 1173/1173/1173 1171/1171/1171 1172/1172/1172
f 1176/1176/1176 1175/1175/1175 1174/1174/1174
f 1175/1175/1175 1177/1177/1177 1174/1174/1174
f 1175/1175/1175 1178/1178/1178 1177/1177/1177
f 1178/1178/1178 1179/1179/1179 1177/1177/1177
f 1178/1178/1178 1175/1175/1175 1180/1180/1180
f 1177/1177/1177 1179/1179/1179 1181/1181/1181
f 1179/1179/1179 1182/1182/1182 1181/1181/1181
f 1182/1182/1182 1180/1180/1180 1181/1181/1181
f 1175/1175/1175 1183/1183/1183 1180/1180/1180
f 1180/1180/1180 1183/1183/1183 1181/1181/1181
f 1184/1184/1184 1181/1181/1181 1183/1183/1183
f 1185/1185/1185 1184/1184/1184 1183/1183/1183
f 1188/1188/1188 1187/1187/1187 1186/1186/1186
f 1187/1187/1187 1189/1189/1189 1186/1186/1186
f 1186/1186/1186 1189/1189/1189 1190/1190/1190
f 1187/1187/1187 1191/1191/1191 1189/1189/1189
f 1191/1191/1191 1192/1192/1192 1189/1189/1189
f 1192/1192/1192 1191/1191/1191 1193/1193/1193
f 1194/1194/1194 1192/1192/1192 1193/1193/1193
f 1194/1194/1194 1195/1195/1195 1192/1192/1192
f 1189/1189/1189 1196/1196/1196 1190/1190/1190
f 1195/1195/1195 1197/1197/1197 1192/1192/1192
f 1196/1196/1196 1189/1189/1189 1198/1198/1198
f 1198/1198/1198 1189/1189/1189 1192/1192/1192
f 1199/1199/1199 1196/1196/1196 1198/1198/1198
f 1197/1197/1197 1196/1196/1196 1199/1199/1199
f 1200/1200/1200 1198/1198/1198 1192/1192/1192
f 1201/1201/1201 1197/1197/1197 1199/1199/1199
f 1192/1192/1192 1197/1197/1197 1201/1201/1201
f 1200/1200/1200 1192/1192/1192 1201/1201/1201
f 1204/1204/1204 1203/1203/1203 1202/1202/1202
f 1205/1205/1205 1204/1204/1204 1202/1202/1202
f 1205/1205/1205 1202/1202/1202 1206/1206/1206
f 1207/1207/1207 1205/1205/1205 1206/1206/1206
f 1210/1210/1210 1209/1209/1209 1208/1208/1208
f 1211/1211/1211 1210/1210/1210 1208/1208/1208
f 1211/1211/1211 1208/1208/1208 1212/1212/1212
f 1213/1213/1213 1211/1211/1211 1212/1212/1212
f 1216/1216/1216 1215/1215/1215 1214/1214/1214
f 1217/1217/1217 1216/1216/1216 1214/1214/1214
f 1220/1220/1220 1219/1219/1219 1218/1218/1218
f 1221/1221/1221 1220/1220/1220 1218/1218/1218
f 1220/1220/1220 1221/1221/1221 1222/1222/1222
f 1223/1223/1223 1220/1220/1220 1222/1222/1222
f 1226/1226/1226 1225/1225/1225 1224/1224/1224
f 1227/1227/1227 1226/1226/1226 1224/1224/1224
f 1230/1230/1230 1229/1229/1229 1228/1228/1228
f 1231/1231/1231 1230/1230/1230 1228/1228/1228
f 1232/1232/1232 1230/1230/1230 1231/1231/1231
f 1233/1233/1233 1230/1230/1230 1232/1232/1232
f 1234/1234/1234 1233/1233/1233 1232/1232/1232
f 1235/1235/1235 1233/1233/1233 1234/1234/1234
f 1236/1236/1236 1233/1233/1233 1235/1235/1235
f 1237/1237/1237 1236/1236/1236 1235/1235/1235
f 1240/1240/1240 1239/1239/1239 1238/1238/1238
f 1241/1241/1241 1240/1240/1240 1238/1238/1238
f 1244/1244/1244 1243/1243/1243 1242/1242/1242
f 1245/1245/1245 1244/1244/1244 1242/1242/1242
f 1248/1248/1248 1247/1247/1247 1246/1246/1246
f 1249/1249/1249 1248/1248/1248 1246/1246/1246
f 1252/1252/1252 1251/1251/1251 1250/1250/1250
f 1253/1253/1253 1252/1252/1252 1250/1250/1250
f 1256/1256/1256 1255/1255/1255 1254/1254/1254
f 1257/1257/1257 1256/1256/1256 1254/1254/1254
f 1260/1260/1260 1259/1259/1259 1258/1258/1258
f 1261/1261/1261 1260/1260/1260 1258/1258/1258
f 1264/1264/1264 1263/1263/1263 1262/1262/1262
f 1265/1265/1265 1264/1264/1264 1262/1262/1262
f 1268/1268/1268 1267/1267/1267 1266/1266/1266
f 1269/1269/1269 1268/1268/1268 1266/1266/1266
f 1272/1272/1272 1271/1271/1271 1270/1270/1270
f 1273/1273/1273 1272/1272/1272 1270/1270/1270
f 1276/1276/1276 1275/1275/1275 1274/1274/1274
f 1277/1277/1277 1276/1276/1276 1274/1274/1274
f 1280/1280/1280 1279/1279/1279 1278/1278/1278
f 1281/1281/1281 1280/1280/1280 1278/1278/1278
f 1278/1278/1278 1282/1282/1282 1281/1281/1281
f 1282/1282/1282 1283/1283/1283 1281/1281/1281
f 1283/1283/1283 1284/1284/1284 1281/1281/1281
f 1284/1284/1284 1283/1283/1283 1285/1285/1285
f 1285/1285/1285 1286/1286/1286 1284/1284/1284
f 1286/1286/1286 1287/1287/1287 1284/1284/1284
f 1290/1290/1290 1289/1289/1289 1288/1288/1288
f 1291/1291/1291 1290/1290/1290 1288/1288/1288
f 1294/1294/1294 1293/1293/1293 1292/1292/1292
f 1295/1295/1295 1294/1294/1294 1292/1292/1292
f 1292/1292/1292 1296/1296/1296 1295/1295/1295
f 1296/1296/1296 1292/1292/1292 1297/1297/1297
f 1298/1298/1298 1296/1296/1296 1297/1297/1297
f 1299/1299/1299 1298/1298/1298 1297/1297/1297
f 1297/1297/1297 1300/1300/1300 1299/1299/1299
f 1300/1300/1300 1301/1301/1301 1299/1299/1299
f 1304/1304/1304 1303/1303/1303 1302/1302/1302
f 1305/1305/1305 1304/1304/1304 1302/1302/1302
f 1306/1306/1306 1305/1305/1305 1302/1302/1302
f 1307/1307/1307 1306/1306/1306 1302/1302/1302
f 1306/1306/1306 1307/1307/1307 1308/1308/1308
f 1309/1309/1309 1306/1306/1306 1308/1308/1308
f 1309/1309/1309 1308/1308/1308 1310/1310/1310
f 1311/1311/1311 1309/1309/1309 1310/1310/1310
f 1310/1310/1310 1312/1312/1312 1311/1311/1311
f 1312/1312/1312 1313/1313/1313 1311/1311/1311
f 1316/1316/1316 1315/1315/1315 1314/1314/1314
f 1317/1317/1317 1316/1316/1316 1314/1314/1314
f 1320/1320/1320 1319/1319/1319 1318/1318/1318
f 1321/1321/1321 1320/1320/1320 1318/1318/1318
f 1324/1324/1324 1323/1323/1323 1322/1322/1322
f 1323/1323/1323 1325/1325/1325 1322/1322/1322
f 1325/1325/1325 1323/1323/1323 1326/1326/1326
f 1323/1323/1323 1327/1327/1327 1326/1326/1326
f 1330/1330/1330 1329/1329/1329 1328/1328/1328
f 1329/1329/1329 1331/1331/1331 1328/1328/1328
f 1331/1331/1331 1329/1329/1329 1332/1332/1332
f 1329/1329/1329 1333/1333/1333 1332/1332/1332
f 1336/1336/1336 1335/1335/1335 1334/1334/1334
f 1335/1335/1335 1337/1337/1337 1334/1334/1334
f 1337/1337/1337 1335/1335/1335 1338/1338/1338
f 1335/1335/1335 1339/1339/1339 1338/1338/1338
f 1342/1342/1342 1341/1341/1341 1340/1340/1340
f 1341/1341/1341 1343/1343/1343 1340/1340/1340
f 1343/1343/1343 1341/1341/1341 1344/1344/1344
f 1341/1341/1341 1345/1345/1345 1344/1344/1344
f 1348/1348/1348 1347/1347/1347 1346/1346/1346
f 1349/1349/1349 1348/1348/1348 1346/1346/1346
f 1352/1352/1352 1351/1351/1351 1350/1350/1350
f 1353/1353/1353 1352/1352/1352 1350/1350/1350
f 1356/1356/1356 1355/1355/1355 1354/1354/1354
f 1357/1357/1357 1356/1356/1356 1354/1354/1354
f 1360/1360/1360 1359/1359/1359 1358/1358/1358
f 1361/1361/1361 1360/1360/1360 1358/1358/1358
f 1364/1364/1364 1363/1363/1363 1362/1362/1362
f 1365/1365/1365 1364/1364/1364 1362/1362/1362
f 1368/1368/1368 1367/1367/1367 1366/1366/1366
f 1369/1369/1369 1368/1368/1368 1366/1366/1366
f 1372/1372/1372 1371/1371/1371 1370/1370/1370
f 1373/1373/1373 1372/1372/1372 1370/1370/1370
f 1376/1376/1376 1375/1375/1375 1374/1374/1374
f 1377/1377/1377 1376/1376/1376 1374/1374/1374
f 1380/1380/1380 1379/1379/1379 1378/1378/1378
f 1381/1381/1381 1380/1380/1380 1378/1378/1378
f 1384/1384/1384 1383/1383/1383 1382/1382/1382
f 1385/1385/1385 1384/1384/1384 1382/1382/1382
f 1388/1388/1388 1387/1387/1387 1386/1386/1386
f 1389/1389/1389 1388/1388/1388 1386/1386/1386
f 1392/1392/1392 1391/1391/1391 1390/1390/1390
f 1393/1393/1393 1392/1392/1392 1390/1390/1390
f 1396/1396/1396 1395/1395/1395 1394/1394/1394
f 1395/1395/1395 1397/1397/1397 1394/1394/1394
f 1394/1394/1394 1397/1397/1397 1398/1398/1398
f 1395/1395/1395 1399/1399/1399 1397/1397/1397
f 1397/1397/1397 1400/1400/1400 1398/1398/1398
f 1398/1398/1398 1400/1400/1400 1401/1401/1401
f 1399/1399/1399 1402/1402/1402 1397/1397/1397
f 1397/1397/1397 1402/1402/1402 1400/1400/1400
f 1399/1399/1399 1403/1403/1403 1402/1402/1402
f 1403/1403/1403 1404/1404/1404 1402/1402/1402
f 1402/1402/1402 1404/1404/1404 1405/1405/1405
f 1402/1402/1402 1405/1405/1405 1400/1400/1400
f 1404/1404/1404 1406/1406/1406 1405/1405/1405
f 1400/1400/1400 1407/1407/1407 1401/1401/1401
f 1400/1400/1400 1405/1405/1405 1407/1407/1407
f 1401/1401/1401 1407/1407/1407 1408/1408/1408
f 1405/1405/1405 1406/1406/1406 1409/1409/1409
f 1405/1405/1405 1409/1409/1409 1407/1407/1407
f 1406/1406/1406 1410/1410/1410 1409/1409/1409
f 1407/1407/1407 1411/1411/1411 1408/1408/1408
f 1407/1407/1407 1409/1409/1409 1411/1411/1411
f 1408/1408/1408 1411/1411/1411 1412/1412/1412
f 1409/1409/1409 1410/1410/1410 1413/1413/1413
f 1409/1409/1409 1413/1413/1413 1411/1411/1411
f 1410/1410/1410 1414/1414/1414 1413/1413/1413
f 1411/1411/1411 1415/1415/1415 1412/1412/1412
f 1411/1411/1411 1413/1413/1413 1415/1415/1415
f 1412/1412/1412 1415/1415/1415 1416/1416/1416
f 1415/1415/1415 1417/1417/1417 1416/1416/1416
f 1413/1413/1413 1414/1414/1414 1418/1418/1418
f 1413/1413/1413 1418/1418/1418 1415/1415/1415
f 1415/1415/1415 1418/1418/1418 1417/1417/1417
f 1414/1414/1414 1419/1419/1419 1418/1418/1418
f 1418/1418/1418 1420/1420/1420 1417/1417/1417
f 1418/1418/1418 1419/1419/1419 1420/1420/1420
f 1419/1419/1419 1421/1421/1421 1420/1420/1420
f 1424/1424/1424 1423/1423/1423 1422/1422/1422
f 1425/1425/1425 1424/1424/1424 1422/1422/1422
f 1426/1426/1426 1424/1424/1424 1425/1425/1425
f 1427/1427/1427 1426/1426/1426 1425/1425/1425
f 1428/1428/1428 1426/1426/1426 1427/1427/1427
f 1429/1429/1429 1428/1428/1428 1427/1427/1427
f 1430/1430/1430 1428/1428/1428 1429/1429/1429
f 1431/1431/1431 1430/1430/1430 1429/1429/1429
f 1434/1434/1434 1433/1433/1433 1432/1432/1432
f 1433/1433/1433 1435/1435/1435 1432/1432/1432
f 1435/1435/1435 1433/1433/1433 1436/1436/1436
f 1433/1433/1433 1437/1437/1437 1436/1436/1436
f 1440/1440/1440 1439/1439/1439 1438/1438/1438
f 1439/1439/1439 1441/1441/1441 1438/1438/1438
f 1441/1441/1441 1439/1439/1439 1442/1442/1442
f 1439/1439/1439 1443/1443/1443 1442/1442/1442
f 1446/1446/1446 1445/1445/1445 1444/1444/1444
f 1447/1447/1447 1446/1446/1446 1444/1444/1444
f 1448/1448/1448 1446/1446/1446 1447/1447/1447
f 1449/1449/1449 1446/1446/1446 1448/1448/1448
f 1450/1450/1450 1448/1448/1448 1447/1447/1447
f 1448/1448/1448 1450/1450/1450 1451/1451/1451
f 1450/1450/1450 1452/1452/1452 1451/1451/1451
f 1455/1455/1455 1454/1454/1454 1453/1453/1453
f 1454/1454/1454 1456/1456/1456 1453/1453/1453
f 1454/1454/1454 1457/1457/1457 1456/1456/1456
f 1456/1456/1456 1458/1458/1458 1453/1453/1453
f 1458/1458/1458 1459/1459/1459 1453/1453/1453
f 1457/1457/1457 1460/1460/1460 1456/1456/1456
f 1458/1458/1458 1456/1456/1456 1460/1460/1460
f 1461/1461/1461 1458/1458/1458 1460/1460/1460
f 1460/1460/1460 1457/1457/1457 1462/1462/1462
f 1461/1461/1461 1460/1460/1460 1462/1462/1462
f 1462/1462/1462 1463/1463/1463 1461/1461/1461
f 1459/1459/1459 1458/1458/1458 1464/1464/1464
f 1465/1465/1465 1459/1459/1459 1464/1464/1464
f 1464/1464/1464 1466/1466/1466 1465/1465/1465
f 1463/1463/1463 1467/1467/1467 1461/1461/1461
f 1466/1466/1466 1464/1464/1464 1467/1467/1467
f 1467/1467/1467 1463/1463/1463 1468/1468/1468
f 1468/1468/1468 1466/1466/1466 1467/1467/1467
f 1464/1464/1464 1458/1458/1458 1469/1469/1469
f 1469/1469/1469 1458/1458/1458 1461/1461/1461
f 1470/1470/1470 1464/1464/1464 1469/1469/1469
f 1467/1467/1467 1464/1464/1464 1470/1470/1470
f 1471/1471/1471 1469/1469/1469 1461/1461/1461
f 1472/1472/1472 1467/1467/1467 1470/1470/1470
f 1472/1472/1472 1471/1471/1471 1461/1461/1461
f 1467/1467/1467 1472/1472/1472 1461/1461/1461
f 1475/1475/1475 1474/1474/1474 1473/1473/1473
f 1476/1476/1476 1475/1475/1475 1473/1473/1473
f 1479/1479/1479 1478/1478/1478 1477/1477/1477
f 1480/1480/1480 1479/1479/1479 1477/1477/1477
f 1483/1483/1483 1482/1482/1482 1481/1481/1481
f 1484/1484/1484 1483/1483/1483 1481/1481/1481
f 1487/1487/1487 1486/1486/1486 1485/1485/1485
f 1488/1488/1488 1487/1487/1487 1485/1485/1485
f 1491/1491/1491 1490/1490/1490 1489/1489/1489
f 1490/1490/1490 1492/1492/1492 1489/1489/1489
f 1490/1490/1490 1493/1493/1493 1492/1492/1492
f 1493/1493/1493 1494/1494/1494 1492/1492/1492
f 1494/1494/1494 1493/1493/1493 1495/1495/1495
f 1496/1496/1496 1494/1494/1494 1495/1495/1495
f 1499/1499/1499 1498/1498/1498 1497/1497/1497
f 1498/1498/1498 1500/1500/1500 1497/1497/1497
f 1497/1497/1497 1500/1500/1500 1501/1501/1501
f 1500/1500/1500 1502/1502/1502 1501/1501/1501
f 1501/1501/1501 1502/1502/1502 1503/1503/1503
f 1504/1504/1504 1501/1501/1501 1503/1503/1503
f 1507/1507/1507 1506/1506/1506 1505/1505/1505
f 1506/1506/1506 1508/1508/1508 1505/1505/1505
f 1508/1508/1508 1509/1509/1509 1505/1505/1505
f 1509/1509/1509 1510/1510/1510 1505/1505/1505
f 1510/1510/1510 1509/1509/1509 1511/1511/1511
f 1512/1512/1512 1510/1510/1510 1511/1511/1511
f 1515/1515/1515 1514/1514/1514 1513/1513/1513
f 1514/1514/1514 1516/1516/1516 1513/1513/1513
f 1514/1514/1514 1517/1517/1517 1516/1516/1516
f 1517/1517/1517 1518/1518/1518 1516/1516/1516
f 1518/1518/1518 1517/1517/1517 1519/1519/1519
f 1520/1520/1520 1518/1518/1518 1519/1519/1519
f 1523/1523/1523 1522/1522/1522 1521/1521/1521
f 1522/1522/1522 1524/1524/1524 1521/1521/1521
f 1522/1522/1522 1525/1525/1525 1524/1524/1524
f 1525/1525/1525 1526/1526/1526 1524/1524/1524
f 1526/1526/1526 1525/1525/1525 1527/1527/1527
f 1528/1528/1528 1526/1526/1526 1527/1527/1527
f 1531/1531/1531 1530/1530/1530 1529/1529/1529
f 1530/1530/1530 1532/1532/1532 1529/1529/1529
f 1529/1529/1529 1532/1532/1532 1533/1533/1533
f 1532/1532/1532 1534/1534/1534 1533/1533/1533
f 1533/1533/1533 1534/1534/1534 1535/1535/1535
f 1536/1536/1536 1533/1533/1533 1535/1535/1535
f 1539/1539/1539 1538/1538/1538 1537/1537/1537
f 1538/1538/1538 1540/1540/1540 1537/1537/1537
f 1538/1538/1538 1541/1541/1541 1540/1540/1540
f 1541/1541/1541 1542/1542/1542 1540/1540/1540
f 1542/1542/1542 1541/1541/1541 1543/1543/1543
f 1544/1544/1544 1542/1542/1542 1543/1543/1543
f 1547/1547/1547 1546/1546/1546 1545/1545/1545
f 1546/1546/1546 1548/1548/1548 1545/1545/1545
f 1546/1546/1546 1549/1549/1549 1548/1548/1548
f 1549/1549/1549 1550/1550/1550 1548/1548/1548
f 1550/1550/1550 1549/1549/1549 1551/1551/1551
f 1552/1552/1552 1550/1550/1550 1551/1551/1551
f 1555/1555/1555 1554/1554/1554 1553/1553/1553
f 1554/1554/1554 1556/1556/1556 1553/1553/1553
f 1557/1557/1557 1553/1553/1553 1556/1556/1556
f 1553/1553/1553 1557/1557/1557 1558/1558/1558
f 1559/1559/1559 1553/1553/1553 1558/1558/1558
f 1560/1560/1560 1559/1559/1559 1558/1558/1558
f 1560/1560/1560 1561/1561/1561 1559/1559/1559
f 1561/1561/1561 1562/1562/1562 1559/1559/1559
f 1565/1565/1565 1564/1564/1564 1563/1563/1563
f 1566/1566/1566 1565/1565/1565 1563/1563/1563
f 1566/1566/1566 1563/1563/1563 1567/1567/1567
f 1563/1563/1563 1568/1568/1568 1567/1567/1567
f 1568/1568/1568 1569/1569/1569 1567/1567/1567
f 1569/1569/1569 1568/1568/1568 1570/1570/1570
f 1570/1570/1570 1568/1568/1568 1571/1571/1571
f 1568/1568/1568 1572/1572/1572 1571/1571/1571
f 1575/1575/1575 1574/1574/1574 1573/1573/1573
f 1576/1576/1576 1575/1575/1575 1573/1573/1573
f 1576/1576/1576 1573/1573/1573 1577/1577/1577
f 1578/1578/1578 1576/1576/1576 1577/1577/1577
f 1581/1581/1581 1580/1580/1580 1579/1579/1579
f 1582/1582/1582 1581/1581/1581 1579/1579/1579
f 1582/1582/1582 1579/1579/1579 1583/1583/1583
f 1584/1584/1584 1582/1582/1582 1583/1583/1583
f 1587/1587/1587 1586/1586/1586 1585/1585/1585
f 1588/1588/1588 1587/1587/1587 1585/1585/1585
f 1591/1591/1591 1590/1590/1590 1589/1589/1589
f 1592/1592/1592 1591/1591/1591 1589/1589/1589
f 1595/1595/1595 1594/1594/1594 1593/1593/1593
f 1596/1596/1596 1595/1595/1595 1593/1593/1593
f 1599/1599/1599 1598/1598/1598 1597/1597/1597
f 1600/1600/1600 1599/1599/1599 1597/1597/1597
f 1603/1603/1603 1602/1602/1602 1601/1601/1601
f 1602/1602/1602 1604/1604/1604 1601/1601/1601
f 1601/1601/1601 1604/1604/1604 1605/1605/1605
f 1606/1606/1606 1601/1601/1601 1605/1605/1605
f 1607/1607/1607 1606/1606/1606 1605/1605/1605
f 1608/1608/1608 1607/1607/1607 1605/1605/1605
f 1611/1611/1611 1610/1610/1610 1609/1609/1609
f 1612/1612/1612 1611/1611/1611 1609/1609/1609
f 1611/1611/1611 1612/1612/1612 1613/1613/1613
f 1614/1614/1614 1611/1611/1611 1613/1613/1613
f 1614/1614/1614 1613/1613/1613 1615/1615/1615
f 1616/1616/1616 1614/1614/1614 1615/1615/1615
f 1619/1619/1619 1618/1618/1618 1617/1617/1617
f 1618/1618/1618 1620/1620/1620 1617/1617/1617
f 1617/1617/1617 1620/1620/1620 1621/1621/1621
f 1620/1620/1620 1622/1622/1622 1621/1621/1621
f 1622/1622/1622 1623/1623/1623 1621/1621/1621
f 1623/1623/1623 1624/1624/1624 1621/1621/1621
f 1624/1624/1624 1623/1623/1623 1625/1625/1625
f 1623/1623/1623 1626/1626/1626 1625/1625/1625
f 1626/1626/1626 1627/1627/1627 1625/1625/1625
f 1627/1627/1627 1628/1628/1628 1625/1625/1625
f 1628/1628/1628 1627/1627/1627 1629/1629/1629
f 1627/1627/1627 1630/1630/1630 1629/1629/1629
f 1629/1629/1629 1630/1630/1630 1631/1631/1631
f 1632/1632/1632 1629/1629/1629 1631/1631/1631
f 1632/1632/1632 1631/1631/1631 1633/1633/1633
f 1631/1631/1631 1634/1634/1634 1633/1633/1633
f 1637/1637/1637 1636/1636/1636 1635/1635/1635
f 1638/1638/1638 1637/1637/1637 1635/1635/1635
f 1641/1641/1641 1640/1640/1640 1639/1639/1639
f 1642/1642/1642 1641/1641/1641 1639/1639/1639
f 1643/1643/1643 1642/1642/1642 1639/1639/1639
f 1646/1646/1646 1645/1645/1645 1644/1644/1644
f 1647/1647/1647 1646/1646/1646 1644/1644/1644
f 1650/1650/1650 1649/1649/1649 1648/1648/1648
f 1651/1651/1651 1650/1650/1650 1648/1648/1648
f 1654/1654/1654 1653/1653/1653 1652/1652/1652
f 1655/1655/1655 1654/1654/1654 1652/1652/1652
f 1658/1658/1658 1657/1657/1657 1656/1656/1656
f 1659/1659/1659 1658/1658/1658 1656/1656/1656
f 1662/1662/1662 1661/1661/1661 1660/1660/1660
f 1663/1663/1663 1662/1662/1662 1660/1660/1660
f 1663/1663/1663 1660/1660/1660 1664/1664/1664
f 1660/1660/1660 1665/1665/1665 1664/1664/1664
f 1668/1668/1668 1667/1667/1667 1666/1666/1666
f 1669/1669/1669 1668/1668/1668 1666/1666/1666
f 1670/1670/1670 1668/1668/1668 1669/1669/1669
f 1673/1673/1673 1672/1672/1672 1671/1671/1671
f 1674/1674/1674 1673/1673/1673 1671/1671/1671
f 1677/1677/1677 1676/1676/1676 1675/1675/1675
f 1678/1678/1678 1677/1677/1677 1675/1675/1675
f 1681/1681/1681 1680/1680/1680 1679/1679/1679
f 1682/1682/1682 1681/1681/1681 1679/1679/1679
f 1685/1685/1685 1684/1684/1684 1683/1683/1683
f 1686/1686/1686 1685/1685/1685 1683/1683/1683
f 1689/1689/1689 1688/1688/1688 1687/1687/1687
f 1690/1690/1690 1689/1689/1689 1687/1687/1687
f 1693/1693/1693 1692/1692/1692 1691/1691/1691
f 1694/1694/1694 1693/1693/1693 1691/1691/1691
f 1697/1697/1697 1696/1696/1696 1695/1695/1695
f 1698/1698/1698 1697/1697/1697 1695/1695/1695
f 1701/1701/1701 1700/1700/1700 1699/1699/1699
f 1702/1702/1702 1701/1701/1701 1699/1699/1699
f 1705/1705/1705 1704/1704/1704 1703/1703/1703
f 1706/1706/1706 1705/1705/1705 1703/1703/1703
f 1709/1709/1709 1708/1708/1708 1707/1707/1707
f 1710/1710/1710 1709/1709/1709 1707/1707/1707
f 1713/1713/1713 1712/1712/1712 1711/1711/1711
f 1714/1714/1714 1713/1713/1713 1711/1711/1711
f 1717/1717/1717 1716/1716/1716 1715/1715/1715
f 1718/1718/1718 1717/1717/1717 1715/1715/1715
f 1721/1721/1721 1720/1720/1720 1719/1719/1719
f 1722/1722/1722 1721/1721/1721 1719/1719/1719
f 1725/1725/1725 1724/1724/1724 1723/1723/1723
f 1726/1726/1726 1725/1725/1725 1723/1723/1723
f 1729/1729/1729 1728/1728/1728 1727/1727/1727
f 1730/1730/1730 1729/1729/1729 1727/1727/1727
f 1733/1733/1733 1732/1732/1732 1731/1731/1731
f 1734/1734/1734 1733/1733/1733 1731/1731/1731
f 1737/1737/1737 1736/1736/1736 1735/1735/1735
f 1738/1738/1738 1737/1737/1737 1735/1735/1735
f 1741/1741/1741 1740/1740/1740 1739/1739/1739
f 1742/1742/1742 1741/1741/1741 1739/1739/1739
f 1745/1745/1745 1744/1744/1744 1743/1743/1743
f 1746/1746/1746 1745/1745/1745 1743/1743/1743
f 1749/1749/1749 1748/1748/1748 1747/1747/1747
f 1750/1750/1750 1749/1749/1749 1747/1747/1747
f 1753/1753/1753 1752/1752/1752 1751/1751/1751
f 1754/1754/1754 1753/1753/1753 1751/1751/1751
f 1757/1757/1757 1756/1756/1756 1755/1755/1755
f 1758/1758/1758 1757/1757/1757 1755/1755/1755
f 1761/1761/1761 1760/1760/1760 1759/1759/1759
f 1762/1762/1762 1761/1761/1761 1759/1759/1759
f 1765/1765/1765 1764/1764/1764 1763/1763/1763
f 1766/1766/1766 1765/1765/1765 1763/1763/1763
f 1765/1765/1765 1766/1766/1766 1767/1767/1767
f 1768/1768/1768 1765/1765/1765 1767/1767/1767
f 1769/1769/1769 1768/1768/1768 1767/1767/1767
f 1770/1770/1770 1769/1769/1769 1767/1767/1767
f 1769/1769/1769 1770/1770/1770 1771/1771/1771
f 1772/1772/1772 1769/1769/1769 1771/1771/1771
f 1773/1773/1773 1772/1772/1772 1771/1771/1771
f 1774/1774/1774 1772/1772/1772 1773/1773/1773
f 1775/1775/1775 1773/1773/1773 1771/1771/1771
f 1776/1776/1776 1774/1774/1774 1773/1773/1773
f 1775/1775/1775 1771/1771/1771 1777/1777/1777
f 1778/1778/1778 1775/1775/1775 1777/1777/1777
f 1776/1776/1776 1778/1778/1778 1774/1774/1774
f 1778/1778/1778 1777/1777/1777 1774/1774/1774
f 1777/1777/1777 1779/1779/1779 1774/1774/1774
f 1779/1779/1779 1780/1780/1780 1774/1774/1774
f 1780/1780/1780 1779/1779/1779 1781/1781/1781
f 1779/1779/1779 1782/1782/1782 1781/1781/1781
f 1781/1781/1781 1782/1782/1782 1783/1783/1783
f 1782/1782/1782 1784/1784/1784 1783/1783/1783
f 1783/1783/1783 1784/1784/1784 1785/1785/1785
f 1784/1784/1784 1786/1786/1786 1785/1785/1785
f 1789/1789/1789 1788/1788/1788 1787/1787/1787
f 1788/1788/1788 1790/1790/1790 1787/1787/1787
f 1787/1787/1787 1790/1790/1790 1791/1791/1791
f 1790/1790/1790 1788/1788/1788 1792/1792/1792
f 1790/1790/1790 1793/1793/1793 1791/1791/1791
f 1791/1791/1791 1793/1793/1793 1794/1794/1794
f 1793/1793/1793 1795/1795/1795 1794/1794/1794
f 1795/1795/1795 1793/1793/1793 1796/1796/1796
f 1797/1797/1797 1790/1790/1790 1792/1792/1792
f 1790/1790/1790 1797/1797/1797 1793/1793/1793
f 1793/1793/1793 1798/1798/1798 1796/1796/1796
f 1797/1797/1797 1798/1798/1798 1793/1793/1793
f 1799/1799/1799 1796/1796/1796 1798/1798/1798
f 1797/1797/1797 1792/1792/1792 1800/1800/1800
f 1797/1797/1797 1800/1800/1800 1798/1798/1798
f 1792/1792/1792 1801/1801/1801 1800/1800/1800
f 1802/1802/1802 1799/1799/1799 1798/1798/1798
f 1800/1800/1800 1802/1802/1802 1798/1798/1798
f 1799/1799/1799 1802/1802/1802 1803/1803/1803
f 1802/1802/1802 1804/1804/1804 1803/1803/1803
f 1804/1804/1804 1802/1802/1802 1800/1800/1800
f 1803/1803/1803 1804/1804/1804 1805/1805/1805
f 1806/1806/1806 1800/1800/1800 1801/1801/1801
f 1806/1806/1806 1804/1804/1804 1800/1800/1800
f 1807/1807/1807 1806/1806/1806 1801/1801/1801
f 1806/1806/1806 1807/1807/1807 1808/1808/1808
f 1804/1804/1804 1809/1809/1809 1805/1805/1805
f 1809/1809/1809 1804/1804/1804 1806/1806/1806
f 1810/1810/1810 1806/1806/1806 1808/1808/1808
f 1810/1810/1810 1809/1809/1809 1806/1806/1806
f 1811/1811/1811 1810/1810/1810 1808/1808/1808
f 1809/1809/1809 1810/1810/1810 1811/1811/1811
f 1812/1812/1812 1811/1811/1811 1808/1808/1808
f 1811/1811/1811 1812/1812/1812 1813/1813/1813
f 1809/1809/1809 1814/1814/1814 1805/1805/1805
f 1814/1814/1814 1809/1809/1809 1811/1811/1811
f 1814/1814/1814 1815/1815/1815 1805/1805/1805
f 1815/1815/1815 1814/1814/1814 1816/1816/1816
f 1817/1817/1817 1811/1811/1811 1813/1813/1813
f 1814/1814/1814 1811/1811/1811 1817/1817/1817
f 1813/1813/1813 1818/1818/1818 1817/1817/1817
f 1814/1814/1814 1819/1819/1819 1816/1816/1816
f 1819/1819/1819 1814/1814/1814 1817/1817/1817
f 1819/1819/1819 1820/1820/1820 1816/1816/1816
f 1819/1819/1819 1817/1817/1817 1820/1820/1820
f 1820/1820/1820 1821/1821/1821 1816/1816/1816
f 1821/1821/1821 1820/1820/1820 1822/1822/1822
f 1818/1818/1818 1823/1823/1823 1817/1817/1817
f 1817/1817/1817 1823/1823/1823 1820/1820/1820
f 1820/1820/1820 1824/1824/1824 1822/1822/1822
f 1820/1820/1820 1823/1823/1823 1824/1824/1824
f 1822/1822/1822 1824/1824/1824 1825/1825/1825
f 1824/1824/1824 1826/1826/1826 1825/1825/1825
f 1827/1827/1827 1823/1823/1823 1818/1818/1818
f 1823/1823/1823 1827/1827/1827 1824/1824/1824
f 1824/1824/1824 1827/1827/1827 1826/1826/1826
f 1828/1828/1828 1827/1827/1827 1818/1818/1818
f 1827/1827/1827 1829/1829/1829 1826/1826/1826
f 1827/1827/1827 1828/1828/1828 1830/1830/1830
f 1829/1829/1829 1827/1827/1827 1830/1830/1830
f 1833/1833/1833 1832/1832/1832 1831/1831/1831
f 1834/1834/1834 1833/1833/1833 1831/1831/1831
f 1835/1835/1835 1833/1833/1833 1834/1834/1834
f 1836/1836/1836 1835/1835/1835 1834/1834/1834
f 1839/1839/1839 1838/1838/1838 1837/1837/1837
f 1838/1838/1838 1840/1840/1840 1837/1837/1837
f 1837/1837/1837 1840/1840/1840 1841/1841/1841
f 1840/1840/1840 1842/1842/1842 1841/1841/1841
f 1841/1841/1841 1842/1842/1842 1843/1843/1843
f 1844/1844/1844 1841/1841/1841 1843/1843/1843
f 1844/1844/1844 1843/1843/1843 1845/1845/1845
f 1846/1846/1846 1844/1844/1844 1845/1845/1845
f 1845/1845/1845 1847/1847/1847 1846/1846/1846
f 1847/1847/1847 1848/1848/1848 1846/1846/1846
f 1849/1849/1849 1848/1848/1848 1847/1847/1847
f 1850/1850/1850 1849/1849/1849 1847/1847/1847
f 1850/1850/1850 1851/1851/1851 1849/1849/1849
f 1851/1851/1851 1852/1852/1852 1849/1849/1849
f 1851/1851/1851 1853/1853/1853 1852/1852/1852
f 1853/1853/1853 1854/1854/1854 1852/1852/1852
f 1853/1853/1853 1855/1855/1855 1854/1854/1854
f 1855/1855/1855 1856/1856/1856 1854/1854/1854
f 1857/1857/1857 1856/1856/1856 1855/1855/1855
f 1858/1858/1858 1857/1857/1857 1855/1855/1855
f 1859/1859/1859 1857/1857/1857 1858/1858/1858
f 1860/1860/1860 1859/1859/1859 1858/1858/1858
f 1859/1859/1859 1860/1860/1860 1861/1861/1861
f 1862/1862/1862 1859/1859/1859 1861/1861/1861
f 1862/1862/1862 1861/1861/1861 1863/1863/1863
f 1864/1864/1864 1862/1862/1862 1863/1863/1863
f 1863/1863/1863 1865/1865/1865 1864/1864/1864
f 1865/1865/1865 1866/1866/1866 1864/1864/1864
f 1869/1869/1869 1868/1868/1868 1867/1867/1867
f 1870/1870/1870 1869/1869/1869 1867/1867/1867
f 1873/1873/1873 1872/1872/1872 1871/1871/1871
f 1874/1874/1874 1873/1873/1873 1871/1871/1871
f 1877/1877/1877 1876/1876/1876 1875/1875/1875
f 1878/1878/1878 1877/1877/1877 1875/1875/1875
f 1881/1881/1881 1880/1880/1880 1879/1879/1879
f 1882/1882/1882 1881/1881/1881 1879/1879/1879
f 1885/1885/1885 1884/1884/1884 1883/1883/1883
f 1886/1886/1886 1885/1885/1885 1883/1883/1883
f 1889/1889/1889 1888/1888/1888 1887/1887/1887
f 1888/1888/1888 1890/1890/1890 1887/1887/1887
f 1890/1890/1890 1888/1888/1888 1891/1891/1891
f 1888/1888/1888 1892/1892/1892 1891/1891/1891
f 1891/1891/1891 1892/1892/1892 1893/1893/1893
f 1894/1894/1894 1891/1891/1891 1893/1893/1893
f 1897/1897/1897 1896/1896/1896 1895/1895/1895
f 1896/1896/1896 1898/1898/1898 1895/1895/1895
f 1898/1898/1898 1896/1896/1896 1899/1899/1899
f 1896/1896/1896 1900/1900/1900 1899/1899/1899
f 1901/1901/1901 1899/1899/1899 1900/1900/1900
f 1902/1902/1902 1901/1901/1901 1900/1900/1900
f 1901/1901/1901 1902/1902/1902 1903/1903/1903
f 1904/1904/1904 1901/1901/1901 1903/1903/1903
f 1907/1907/1907 1906/1906/1906 1905/1905/1905
f 1908/1908/1908 1907/1907/1907 1905/1905/1905
f 1911/1911/1911 1910/1910/1910 1909/1909/1909
f 1912/1912/1912 1911/1911/1911 1909/1909/1909
f 1915/1915/1915 1914/1914/1914 1913/1913/1913
f 1916/1916/1916 1915/1915/1915 1913/1913/1913
f 1919/1919/1919 1918/1918/1918 1917/1917/1917
f 1920/1920/1920 1919/1919/1919 1917/1917/1917
f 1923/1923/1923 1922/1922/1922 1921/1921/1921
f 1924/1924/1924 1923/1923/1923 1921/1921/1921
f 1927/1927/1927 1926/1926/1926 1925/1925/1925
f 1928/1928/1928 1927/1927/1927 1925/1925/1925
f 1931/1931/1931 1930/1930/1930 1929/1929/1929
f 1932/1932/1932 1931/1931/1931 1929/1929/1929
f 1935/1935/1935 1934/1934/1934 1933/1933/1933
f 1936/1936/1936 1935/1935/1935 1933/1933/1933
f 1939/1939/1939 1938/1938/1938 1937/1937/1937
f 1940/1940/1940 1939/1939/1939 1937/1937/1937
f 1943/1943/1943 1942/1942/1942 1941/1941/1941
f 1944/1944/1944 1943/1943/1943 1941/1941/1941
f 1947/1947/1947 1946/1946/1946 1945/1945/1945
f 1948/1948/1948 1947/1947/1947 1945/1945/1945
f 1951/1951/1951 1950/1950/1950 1949/1949/1949
f 1952/1952/1952 1951/1951/1951 1949/1949/1949
f 1955/1955/1955 1954/1954/1954 1953/1953/1953
f 1956/1956/1956 1955/1955/1955 1953/1953/1953
f 1959/1959/1959 1958/1958/1958 1957/1957/1957
f 1960/1960/1960 1959/1959/1959 1957/1957/1957
f 1963/1963/1963 1962/1962/1962 1961/1961/1961
f 1964/1964/1964 1963/1963/1963 1961/1961/1961
f 1967/1967/1967 1966/1966/1966 1965/1965/1965
f 1968/1968/1968 1967/1967/1967 1965/1965/1965
f 1971/1971/1971 1970/1970/1970 1969/1969/1969
f 1972/1972/1972 1971/1971/1971 1969/1969/1969
f 1975/1975/1975 1974/1974/1974 1973/1973/1973
f 1976/1976/1976 1975/1975/1975 1973/1973/1973
f 1979/1979/1979 1978/1978/1978 1977/1977/1977
f 1980/1980/1980 1979/1979/1979 1977/1977/1977
f 1983/1983/1983 1982/1982/1982 1981/1981/1981
f 1984/1984/1984 1983/1983/1983 1981/1981/1981
f 1987/1987/1987 1986/1986/1986 1985/1985/1985
f 1988/1988/1988 1987/1987/1987 1985/1985/1985
f 1991/1991/1991 1990/1990/1990 1989/1989/1989
f 1992/1992/1992 1991/1991/1991 1989/1989/1989
f 1995/1995/1995 1994/1994/1994 1993/1993/1993
f 1996/1996/1996 1995/1995/1995 1993/1993/1993
f 1999/1999/1999 1998/1998/1998 1997/1997/1997
f 2000/2000/2000 1999/1999/1999 1997/1997/1997
f 2003/2003/2003 2002/2002/2002 2001/2001/2001
f 2004/2004/2004 2003/2003/2003 2001/2001/2001
f 2007/2007/2007 2006/2006/2006 2005/2005/2005
f 2008/2008/2008 2007/2007/2007 2005/2005/2005
f 2011/2011/2011 2010/2010/2010 2009/2009/2009
f 2012/2012/2012 2011/2011/2011 2009/2009/2009
f 2015/2015/2015 2014/2014/2014 2013/2013/2013
f 2016/2016/2016 2015/2015/2015 2013/2013/2013
f 2019/2019/2019 2018/2018/2018 2017/2017/2017
f 2020/2020/2020 2019/2019/2019 2017/2017/2017
f 2021/2021/2021 2019/2019/2019 2020/2020/2020
f 2022/2022/2022 2021/2021/2021 2020/2020/2020
f 2023/2023/2023 2021/2021/2021 2022/2022/2022
f 2024/2024/2024 2023/2023/2023 2022/2022/2022
f 2025/2025/2025 2023/2023/2023 2024/2024/2024
f 2026/2026/2026 2025/2025/2025 2024/2024/2024
f 2027/2027/2027 2025/2025/2025 2026/2026/2026
f 2028/2028/2028 2027/2027/2027 2026/2026/2026
f 2029/2029/2029 2027/2027/2027 2028/2028/2028
f 2030/2030/2030 2029/2029/2029 2028/2028/2028
f 2031/2031/2031 2029/2029/2029 2030/2030/2030
f 2032/2032/2032 2031/2031/2031 2030/2030/2030
f 2033/2033/2033 2031/2031/2031 2032/2032/2032
f 2034/2034/2034 2033/2033/2033 2032/2032/2032
f 2037/2037/2037 2036/2036/2036 2035/2035/2035
f 2038/2038/2038 2037/2037/2037 2035/2035/2035
f 2039/2039/2039 2037/2037/2037 2038/2038/2038
f 2040/2040/2040 2039/2039/2039 2038/2038/2038
f 2041/2041/2041 2039/2039/2039 2040/2040/2040
f 2042/2042/2042 2041/2041/2041 2040/2040/2040
f 2043/2043/2043 2041/2041/2041 2042/2042/2042
f 2044/2044/2044 2043/2043/2043 2042/2042/2042
f 2045/2045/2045 2043/2043/2043 2044/2044/2044
f 2046/2046/2046 2045/2045/2045 2044/2044/2044
f 2047/2047/2047 2045/2045/2045 2046/2046/2046
f 2048/2048/2048 2047/2047/2047 2046/2046/2046
f 2049/2049/2049 2047/2047/2047 2048/2048/2048
f 2050/2050/2050 2049/2049/2049 2048/2048/2048
f 2051/2051/2051 2049/2049/2049 2050/2050/2050
f 2052/2052/2052 2051/2051/2051 2050/2050/2050
f 2055/2055/2055 2054/2054/2054 2053/2053/2053
f 2054/2054/2054 2056/2056/2056 2053/2053/2053
f 2053/2053/2053 2056/2056/2056 2057/2057/2057
f 2056/2056/2056 2058/2058/2058 2057/2057/2057
f 2057/2057/2057 2058/2058/2058 2059/2059/2059
f 2058/2058/2058 2060/2060/2060 2059/2059/2059
f 2059/2059/2059 2060/2060/2060 2061/2061/2061
f 2060/2060/2060 2062/2062/2062 2061/2061/2061
f 2061/2061/2061 2062/2062/2062 2063/2063/2063
f 2062/2062/2062 2064/2064/2064 2063/2063/2063
f 2063/2063/2063 2064/2064/2064 2065/2065/2065
f 2064/2064/2064 2066/2066/2066 2065/2065/2065
f 2069/2069/2069 2068/2068/2068 2067/2067/2067
f 2068/2068/2068 2070/2070/2070 2067/2067/2067
f 2070/2070/2070 2071/2071/2071 2067/2067/2067
f 2071/2071/2071 2072/2072/2072 2067/2067/2067
f 2075/2075/2075 2074/2074/2074 2073/2073/2073
f 2074/2074/2074 2076/2076/2076 2073/2073/2073
f 2077/2077/2077 2073/2073/2073 2076/2076/2076
f 2078/2078/2078 2077/2077/2077 2076/2076/2076
f 2081/2081/2081 2080/2080/2080 2079/2079/2079
f 2080/2080/2080 2082/2082/2082 2079/2079/2079
f 2080/2080/2080 2083/2083/2083 2082/2082/2082
f 2083/2083/2083 2080/2080/2080 2084/2084/2084
f 2080/2080/2080 2085/2085/2085 2084/2084/2084
f 2083/2083/2083 2086/2086/2086 2082/2082/2082
f 2082/2082/2082 2086/2086/2086 2087/2087/2087
f 2086/2086/2086 2088/2088/2088 2087/2087/2087
f 2083/2083/2083 2089/2089/2089 2086/2086/2086
f 2089/2089/2089 2090/2090/2090 2086/2086/2086
f 2093/2093/2093 2092/2092/2092 2091/2091/2091
f 2094/2094/2094 2093/2093/2093 2091/2091/2091
f 2094/2094/2094 2091/2091/2091 2095/2095/2095
f 2095/2095/2095 2091/2091/2091 2096/2096/2096
f 2097/2097/2097 2095/2095/2095 2096/2096/2096
f 2098/2098/2098 2094/2094/2094 2095/2095/2095
f 2098/2098/2098 2095/2095/2095 2099/2099/2099
f 2100/2100/2100 2098/2098/2098 2099/2099/2099
f 2094/2094/2094 2098/2098/2098 2101/2101/2101
f 2098/2098/2098 2102/2102/2102 2101/2101/2101
f 2105/2105/2105 2104/2104/2104 2103/2103/2103
f 2104/2104/2104 2106/2106/2106 2103/2103/2103
f 2107/2107/2107 2103/2103/2103 2106/2106/2106
f 2107/2107/2107 2108/2108/2108 2103/2103/2103
f 2108/2108/2108 2109/2109/2109 2103/2103/2103
f 2110/2110/2110 2107/2107/2107 2106/2106/2106
f 2110/2110/2110 2106/2106/2106 2111/2111/2111
f 2112/2112/2112 2110/2110/2110 2111/2111/2111
f 2107/2107/2107 2110/2110/2110 2113/2113/2113
f 2110/2110/2110 2114/2114/2114 2113/2113/2113
f 2117/2117/2117 2116/2116/2116 2115/2115/2115
f 2116/2116/2116 2118/2118/2118 2115/2115/2115
f 2118/2118/2118 2119/2119/2119 2115/2115/2115
f 2119/2119/2119 2120/2120/2120 2115/2115/2115
f 2123/2123/2123 2122/2122/2122 2121/2121/2121
f 2122/2122/2122 2124/2124/2124 2121/2121/2121
f 2124/2124/2124 2125/2125/2125 2121/2121/2121
f 2125/2125/2125 2126/2126/2126 2121/2121/2121
f 2129/2129/2129 2128/2128/2128 2127/2127/2127
f 2128/2128/2128 2130/2130/2130 2127/2127/2127
f 2128/2128/2128 2131/2131/2131 2130/2130/2130
f 2131/2131/2131 2128/2128/2128 2132/2132/2132
f 2128/2128/2128 2133/2133/2133 2132/2132/2132
f 2131/2131/2131 2134/2134/2134 2130/2130/2130
f 2135/2135/2135 2130/2130/2130 2134/2134/2134
f 2136/2136/2136 2135/2135/2135 2134/2134/2134
f 2131/2131/2131 2137/2137/2137 2134/2134/2134
f 2137/2137/2137 2138/2138/2138 2134/2134/2134
f 2141/2141/2141 2140/2140/2140 2139/2139/2139
f 2142/2142/2142 2141/2141/2141 2139/2139/2139
f 2145/2145/2145 2144/2144/2144 2143/2143/2143
f 2146/2146/2146 2145/2145/2145 2143/2143/2143
f 2149/2149/2149 2148/2148/2148 2147/2147/2147
f 2150/2150/2150 2149/2149/2149 2147/2147/2147
f 2153/2153/2153 2152/2152/2152 2151/2151/2151
f 2154/2154/2154 2153/2153/2153 2151/2151/2151
f 2153/2153/2153 2154/2154/2154 2155/2155/2155
f 2156/2156/2156 2153/2153/2153 2155/2155/2155
f 2159/2159/2159 2158/2158/2158 2157/2157/2157
f 2160/2160/2160 2159/2159/2159 2157/2157/2157
f 2159/2159/2159 2160/2160/2160 2161/2161/2161
f 2162/2162/2162 2159/2159/2159 2161/2161/2161
f 2165/2165/2165 2164/2164/2164 2163/2163/2163
f 2164/2164/2164 2166/2166/2166 2163/2163/2163
f 2163/2163/2163 2166/2166/2166 2167/2167/2167
f 2166/2166/2166 2168/2168/2168 2167/2167/2167
f 2171/2171/2171 2170/2170/2170 2169/2169/2169
f 2172/2172/2172 2171/2171/2171 2169/2169/2169
f 2171/2171/2171 2172/2172/2172 2173/2173/2173
f 2174/2174/2174 2171/2171/2171 2173/2173/2173
f 2177/2177/2177 2176/2176/2176 2175/2175/2175
f 2178/2178/2178 2177/2177/2177 2175/2175/2175
f 2181/2181/2181 2180/2180/2180 2179/2179/2179
f 2182/2182/2182 2181/2181/2181 2179/2179/2179
f 2185/2185/2185 2184/2184/2184 2183/2183/2183
f 2186/2186/2186 2185/2185/2185 2183/2183/2183
f 2189/2189/2189 2188/2188/2188 2187/2187/2187
f 2190/2190/2190 2189/2189/2189 2187/2187/2187
f 2193/2193/2193 2192/2192/2192 2191/2191/2191
f 2194/2194/2194 2193/2193/2193 2191/2191/2191
f 2197/2197/2197 2196/2196/2196 2195/2195/2195
f 2198/2198/2198 2197/2197/2197 2195/2195/2195
f 2201/2201/2201 2200/2200/2200 2199/2199/2199
f 2202/2202/2202 2201/2201/2201 2199/2199/2199
f 2205/2205/2205 2204/2204/2204 2203/2203/2203
f 2204/2204/2204 2206/2206/2206 2203/2203/2203
f 2206/2206/2206 2207/2207/2207 2203/2203/2203
f 2208/2208/2208 2207/2207/2207 2206/2206/2206
f 2209/2209/2209 2208/2208/2208 2206/2206/2206
f 2209/2209/2209 2210/2210/2210 2208/2208/2208
f 2213/2213/2213 2212/2212/2212 2211/2211/2211
f 2214/2214/2214 2213/2213/2213 2211/2211/2211
f 2211/2211/2211 2215/2215/2215 2214/2214/2214
f 2215/2215/2215 2216/2216/2216 2214/2214/2214
f 2215/2215/2215 2217/2217/2217 2216/2216/2216
f 2217/2217/2217 2218/2218/2218 2216/2216/2216
f 2218/2218/2218 2217/2217/2217 2219/2219/2219
f 2220/2220/2220 2218/2218/2218 2219/2219/2219
f 2223/2223/2223 2222/2222/2222 2221/2221/2221
f 2224/2224/2224 2223/2223/2223 2221/2221/2221
f 2227/2227/2227 2226/2226/2226 2225/2225/2225
f 2226/2226/2226 2228/2228/2228 2225/2225/2225
f 2228/2228/2228 2229/2229/2229 2225/2225/2225
f 2230/2230/2230 2229/2229/2229 2228/2228/2228
f 2231/2231/2231 2230/2230/2230 2228/2228/2228
f 2231/2231/2231 2232/2232/2232 2230/2230/2230
f 2235/2235/2235 2234/2234/2234 2233/2233/2233
f 2236/2236/2236 2235/2235/2235 2233/2233/2233
f 2233/2233/2233 2237/2237/2237 2236/2236/2236
f 2237/2237/2237 2238/2238/2238 2236/2236/2236
f 2237/2237/2237 2239/2239/2239 2238/2238/2238
f 2239/2239/2239 2240/2240/2240 2238/2238/2238
f 2240/2240/2240 2239/2239/2239 2241/2241/2241
f 2242/2242/2242 2240/2240/2240 2241/2241/2241
f 2245/2245/2245 2244/2244/2244 2243/2243/2243
f 2246/2246/2246 2245/2245/2245 2243/2243/2243
f 2249/2249/2249 2248/2248/2248 2247/2247/2247
f 2248/2248/2248 2250/2250/2250 2247/2247/2247
f 2250/2250/2250 2251/2251/2251 2247/2247/2247
f 2250/2250/2250 2252/2252/2252 2251/2251/2251
f 2250/2250/2250 2253/2253/2253 2252/2252/2252
f 2253/2253/2253 2254/2254/2254 2252/2252/2252
f 2257/2257/2257 2256/2256/2256 2255/2255/2255
f 2258/2258/2258 2257/2257/2257 2255/2255/2255
f 2255/2255/2255 2259/2259/2259 2258/2258/2258
f 2259/2259/2259 2260/2260/2260 2258/2258/2258
f 2259/2259/2259 2261/2261/2261 2260/2260/2260
f 2261/2261/2261 2262/2262/2262 2260/2260/2260
f 2262/2262/2262 2261/2261/2261 2263/2263/2263
f 2264/2264/2264 2262/2262/2262 2263/2263/2263
f 2267/2267/2267 2266/2266/2266 2265/2265/2265
f 2268/2268/2268 2267/2267/2267 2265/2265/2265
f 2271/2271/2271 2270/2270/2270 2269/2269/2269
f 2270/2270/2270 2272/2272/2272 2269/2269/2269
f 2273/2273/2273 2272/2272/2272 2270/2270/2270
f 2274/2274/2274 2272/2272/2272 2273/2273/2273
f 2275/2275/2275 2272/2272/2272 2274/2274/2274
f 2276/2276/2276 2275/2275/2275 2274/2274/2274
f 2279/2279/2279 2278/2278/2278 2277/2277/2277
f 2280/2280/2280 2279/2279/2279 2277/2277/2277
f 2281/2281/2281 2279/2279/2279 2280/2280/2280
f 2282/2282/2282 2281/2281/2281 2280/2280/2280
f 2283/2283/2283 2281/2281/2281 2282/2282/2282
f 2284/2284/2284 2283/2283/2283 2282/2282/2282
f 2285/2285/2285 2283/2283/2283 2284/2284/2284
f 2286/2286/2286 2285/2285/2285 2284/2284/2284
f 2289/2289/2289 2288/2288/2288 2287/2287/2287
f 2290/2290/2290 2289/2289/2289 2287/2287/2287
f 2293/2293/2293 2292/2292/2292 2291/2291/2291
f 2292/2292/2292 2294/2294/2294 2291/2291/2291
f 2295/2295/2295 2291/2291/2291 2294/2294/2294
f 2296/2296/2296 2295/2295/2295 2294/2294/2294
f 2297/2297/2297 2295/2295/2295 2296/2296/2296
f 2298/2298/2298 2297/2297/2297 2296/2296/2296
f 2297/2297/2297 2298/2298/2298 2299/2299/2299
f 2298/2298/2298 2300/2300/2300 2299/2299/2299
f 2303/2303/2303 2302/2302/2302 2301/2301/2301
f 2304/2304/2304 2303/2303/2303 2301/2301/2301
f 2307/2307/2307 2306/2306/2306 2305/2305/2305
f 2306/2306/2306 2308/2308/2308 2305/2305/2305
f 2309/2309/2309 2305/2305/2305 2308/2308/2308
f 2310/2310/2310 2309/2309/2309 2308/2308/2308
f 2311/2311/2311 2309/2309/2309 2310/2310/2310
f 2312/2312/2312 2311/2311/2311 2310/2310/2310
f 2311/2311/2311 2312/2312/2312 2313/2313/2313
f 2312/2312/2312 2314/2314/2314 2313/2313/2313
f 2317/2317/2317 2316/2316/2316 2315/2315/2315
f 2318/2318/2318 2317/2317/2317 2315/2315/2315
f 2321/2321/2321 2320/2320/2320 2319/2319/2319
f 2320/2320/2320 2322/2322/2322 2319/2319/2319
f 2319/2319/2319 2322/2322/2322 2323/2323/2323
f 2323/2323/2323 2322/2322/2322 2324/2324/2324
f 2324/2324/2324 2322/2322/2322 2325/2325/2325
f 2326/2326/2326 2324/2324/2324 2325/2325/2325
f 2329/2329/2329 2328/2328/2328 2327/2327/2327
f 2330/2330/2330 2329/2329/2329 2327/2327/2327
f 2333/2333/2333 2332/2332/2332 2331/2331/2331
f 2332/2332/2332 2334/2334/2334 2331/2331/2331
f 2335/2335/2335 2334/2334/2334 2332/2332/2332
f 2336/2336/2336 2334/2334/2334 2335/2335/2335
f 2337/2337/2337 2334/2334/2334 2336/2336/2336
f 2338/2338/2338 2337/2337/2337 2336/2336/2336
f 2341/2341/2341 2340/2340/2340 2339/2339/2339
f 2342/2342/2342 2341/2341/2341 2339/2339/2339
f 2345/2345/2345 2344/2344/2344 2343/2343/2343
f 2346/2346/2346 2345/2345/2345 2343/2343/2343
f 2349/2349/2349 2348/2348/2348 2347/2347/2347
f 2350/2350/2350 2349/2349/2349 2347/2347/2347
f 2353/2353/2353 2352/2352/2352 2351/2351/2351
f 2354/2354/2354 2353/2353/2353 2351/2351/2351
f 2357/2357/2357 2356/2356/2356 2355/2355/2355
f 2358/2358/2358 2357/2357/2357 2355/2355/2355
f 2361/2361/2361 2360/2360/2360 2359/2359/2359
f 2360/2360/2360 2362/2362/2362 2359/2359/2359
f 2363/2363/2363 2362/2362/2362 2360/2360/2360
f 2364/2364/2364 2362/2362/2362 2363/2363/2363
f 2365/2365/2365 2362/2362/2362 2364/2364/2364
f 2366/2366/2366 2365/2365/2365 2364/2364/2364
f 2369/2369/2369 2368/2368/2368 2367/2367/2367
f 2368/2368/2368 2370/2370/2370 2367/2367/2367
f 2371/2371/2371 2370/2370/2370 2368/2368/2368
f 2372/2372/2372 2370/2370/2370 2371/2371/2371
f 2373/2373/2373 2370/2370/2370 2372/2372/2372
f 2374/2374/2374 2373/2373/2373 2372/2372/2372
f 2377/2377/2377 2376/2376/2376 2375/2375/2375
f 2376/2376/2376 2378/2378/2378 2375/2375/2375
f 2379/2379/2379 2378/2378/2378 2376/2376/2376
f 2379/2379/2379 2380/2380/2380 2378/2378/2378
f 2380/2380/2380 2381/2381/2381 2378/2378/2378
f 2382/2382/2382 2381/2381/2381 2380/2380/2380
f 2385/2385/2385 2384/2384/2384 2383/2383/2383
f 2384/2384/2384 2386/2386/2386 2383/2383/2383
f 2387/2387/2387 2386/2386/2386 2384/2384/2384
f 2388/2388/2388 2386/2386/2386 2387/2387/2387
f 2389/2389/2389 2386/2386/2386 2388/2388/2388
f 2390/2390/2390 2389/2389/2389 2388/2388/2388
f 2393/2393/2393 2392/2392/2392 2391/2391/2391
f 2392/2392/2392 2394/2394/2394 2391/2391/2391
f 2395/2395/2395 2394/2394/2394 2392/2392/2392
f 2396/2396/2396 2394/2394/2394 2395/2395/2395
f 2397/2397/2397 2394/2394/2394 2396/2396/2396
f 2398/2398/2398 2397/2397/2397 2396/2396/2396
f 2401/2401/2401 2400/2400/2400 2399/2399/2399
f 2400/2400/2400 2402/2402/2402 2399/2399/2399
f 2403/2403/2403 2402/2402/2402 2400/2400/2400
f 2404/2404/2404 2402/2402/2402 2403/2403/2403
f 2405/2405/2405 2402/2402/2402 2404/2404/2404
f 2406/2406/2406 2405/2405/2405 2404/2404/2404
f 2409/2409/2409 2408/2408/2408 2407/2407/2407
f 2410/2410/2410 2409/2409/2409 2407/2407/2407
f 2413/2413/2413 2412/2412/2412 2411/2411/2411
f 2414/2414/2414 2413/2413/2413 2411/2411/2411
f 2417/2417/2417 2416/2416/2416 2415/2415/2415
f 2418/2418/2418 2417/2417/2417 2415/2415/2415
f 2421/2421/2421 2420/2420/2420 2419/2419/2419
f 2422/2422/2422 2421/2421/2421 2419/2419/2419
f 2425/2425/2425 2424/2424/2424 2423/2423/2423
f 2426/2426/2426 2425/2425/2425 2423/2423/2423
f 2429/2429/2429 2428/2428/2428 2427/2427/2427
f 2430/2430/2430 2429/2429/2429 2427/2427/2427
f 2433/2433/2433 2432/2432/2432 2431/2431/2431
f 2434/2434/2434 2433/2433/2433 2431/2431/2431
f 2437/2437/2437 2436/2436/2436 2435/2435/2435
f 2438/2438/2438 2437/2437/2437 2435/2435/2435
f 2441/2441/2441 2440/2440/2440 2439/2439/2439
f 2442/2442/2442 2441/2441/2441 2439/2439/2439
f 2445/2445/2445 2444/2444/2444 2443/2443/2443
f 2446/2446/2446 2445/2445/2445 2443/2443/2443
f 2449/2449/2449 2448/2448/2448 2447/2447/2447
f 2450/2450/2450 2449/2449/2449 2447/2447/2447
f 2453/2453/2453 2452/2452/2452 2451/2451/2451
f 2454/2454/2454 2453/2453/2453 2451/2451/2451
f 2457/2457/2457 2456/2456/2456 2455/2455/2455
f 2458/2458/2458 2457/2457/2457 2455/2455/2455
f 2461/2461/2461 2460/2460/2460 2459/2459/2459
f 2462/2462/2462 2461/2461/2461 2459/2459/2459
f 2465/2465/2465 2464/2464/2464 2463/2463/2463
f 2466/2466/2466 2465/2465/2465 2463/2463/2463
f 2469/2469/2469 2468/2468/2468 2467/2467/2467
f 2470/2470/2470 2469/2469/2469 2467/2467/2467
f 2473/2473/2473 2472/2472/2472 2471/2471/2471
f 2474/2474/2474 2473/2473/2473 2471/2471/2471
f 2477/2477/2477 2476/2476/2476 2475/2475/2475
f 2478/2478/2478 2477/2477/2477 2475/2475/2475
f 2481/2481/2481 2480/2480/2480 2479/2479/2479
f 2482/2482/2482 2481/2481/2481 2479/2479/2479
f 2485/2485/2485 2484/2484/2484 2483/2483/2483
f 2486/2486/2486 2485/2485/2485 2483/2483/2483
f 2489/2489/2489 2488/2488/2488 2487/2487/2487
f 2490/2490/2490 2489/2489/2489 2487/2487/2487
f 2493/2493/2493 2492/2492/2492 2491/2491/2491
f 2494/2494/2494 2493/2493/2493 2491/2491/2491
f 2497/2497/2497 2496/2496/2496 2495/2495/2495
f 2498/2498/2498 2497/2497/2497 2495/2495/2495
f 2501/2501/2501 2500/2500/2500 2499/2499/2499
f 2502/2502/2502 2501/2501/2501 2499/2499/2499
f 2505/2505/2505 2504/2504/2504 2503/2503/2503
f 2506/2506/2506 2505/2505/2505 2503/2503/2503
f 2505/2505/2505 2506/2506/2506 2507/2507/2507
f 2508/2508/2508 2505/2505/2505 2507/2507/2507
f 2508/2508/2508 2507/2507/2507 2509/2509/2509
f 2507/2507/2507 2510/2510/2510 2509/2509/2509
f 2509/2509/2509 2510/2510/2510 2511/2511/2511
f 2512/2512/2512 2509/2509/2509 2511/2511/2511
f 2513/2513/2513 2512/2512/2512 2511/2511/2511
f 2514/2514/2514 2513/2513/2513 2511/2511/2511
f 2514/2514/2514 2515/2515/2515 2513/2513/2513
f 2515/2515/2515 2516/2516/2516 2513/2513/2513
f 2516/2516/2516 2515/2515/2515 2517/2517/2517
f 2515/2515/2515 2518/2518/2518 2517/2517/2517
f 2517/2517/2517 2518/2518/2518 2519/2519/2519
f 2520/2520/2520 2517/2517/2517 2519/2519/2519
f 2523/2523/2523 2522/2522/2522 2521/2521/2521
f 2524/2524/2524 2523/2523/2523 2521/2521/2521
f 2524/2524/2524 2521/2521/2521 2525/2525/2525
f 2526/2526/2526 2524/2524/2524 2525/2525/2525
f 2526/2526/2526 2525/2525/2525 2527/2527/2527
f 2528/2528/2528 2526/2526/2526 2527/2527/2527
f 2528/2528/2528 2527/2527/2527 2529/2529/2529
f 2530/2530/2530 2528/2528/2528 2529/2529/2529
f 2530/2530/2530 2529/2529/2529 2531/2531/2531
f 2532/2532/2532 2530/2530/2530 2531/2531/2531
f 2532/2532/2532 2531/2531/2531 2533/2533/2533
f 2534/2534/2534 2532/2532/2532 2533/2533/2533
f 2534/2534/2534 2533/2533/2533 2535/2535/2535
f 2536/2536/2536 2534/2534/2534 2535/2535/2535
f 2536/2536/2536 2535/2535/2535 2537/2537/2537
f 2538/2538/2538 2536/2536/2536 2537/2537/2537
f 2541/2541/2541 2540/2540/2540 2539/2539/2539
f 2542/2542/2542 2541/2541/2541 2539/2539/2539
f 2545/2545/2545 2544/2544/2544 2543/2543/2543
f 2546/2546/2546 2545/2545/2545 2543/2543/2543
f 2549/2549/2549 2548/2548/2548 2547/2547/2547
f 2550/2550/2550 2549/2549/2549 2547/2547/2547
f 2553/2553/2553 2552/2552/2552 2551/2551/2551
f 2554/2554/2554 2553/2553/2553 2551/2551/2551
f 2557/2557/2557 2556/2556/2556 2555/2555/2555
f 2558/2558/2558 2557/2557/2557 2555/2555/2555
f 2561/2561/2561 2560/2560/2560 2559/2559/2559
f 2562/2562/2562 2561/2561/2561 2559/2559/2559
f 2565/2565/2565 2564/2564/2564 2563/2563/2563
f 2566/2566/2566 2565/2565/2565 2563/2563/2563
f 2569/2569/2569 2568/2568/2568 2567/2567/2567
f 2570/2570/2570 2569/2569/2569 2567/2567/2567
f 2573/2573/2573 2572/2572/2572 2571/2571/2571
f 2574/2574/2574 2573/2573/2573 2571/2571/2571
f 2573/2573/2573 2574/2574/2574 2575/2575/2575
f 2576/2576/2576 2573/2573/2573 2575/2575/2575
f 2576/2576/2576 2575/2575/2575 2577/2577/2577
f 2578/2578/2578 2576/2576/2576 2577/2577/2577
f 2581/2581/2581 2580/2580/2580 2579/2579/2579
f 2582/2582/2582 2581/2581/2581 2579/2579/2579
f 2581/2581/2581 2582/2582/2582 2583/2583/2583
f 2584/2584/2584 2581/2581/2581 2583/2583/2583
f 2587/2587/2587 2586/2586/2586 2585/2585/2585
f 2588/2588/2588 2587/2587/2587 2585/2585/2585
f 2591/2591/2591 2590/2590/2590 2589/2589/2589
f 2590/2590/2590 2592/2592/2592 2589/2589/2589
f 2593/2593/2593 2592/2592/2592 2590/2590/2590
f 2594/2594/2594 2593/2593/2593 2590/2590/2590
f 2593/2593/2593 2594/2594/2594 2595/2595/2595
f 2596/2596/2596 2593/2593/2593 2595/2595/2595
f 2599/2599/2599 2598/2598/2598 2597/2597/2597
f 2598/2598/2598 2600/2600/2600 2597/2597/2597
f 2600/2600/2600 2601/2601/2601 2597/2597/2597
f 2600/2600/2600 2602/2602/2602 2601/2601/2601
f 2600/2600/2600 2603/2603/2603 2602/2602/2602
f 2603/2603/2603 2604/2604/2604 2602/2602/2602
f 2607/2607/2607 2606/2606/2606 2605/2605/2605
f 2608/2608/2608 2607/2607/2607 2605/2605/2605
f 2605/2605/2605 2609/2609/2609 2608/2608/2608
f 2609/2609/2609 2610/2610/2610 2608/2608/2608
f 2609/2609/2609 2611/2611/2611 2610/2610/2610
f 2611/2611/2611 2612/2612/2612 2610/2610/2610
f 2612/2612/2612 2611/2611/2611 2613/2613/2613
f 2614/2614/2614 2612/2612/2612 2613/2613/2613
f 2617/2617/2617 2616/2616/2616 2615/2615/2615
f 2618/2618/2618 2617/2617/2617 2615/2615/2615
f 2621/2621/2621 2620/2620/2620 2619/2619/2619
f 2620/2620/2620 2622/2622/2622 2619/2619/2619
f 2622/2622/2622 2623/2623/2623 2619/2619/2619
f 2622/2622/2622 2624/2624/2624 2623/2623/2623
f 2622/2622/2622 2625/2625/2625 2624/2624/2624
f 2625/2625/2625 2626/2626/2626 2624/2624/2624
f 2629/2629/2629 2628/2628/2628 2627/2627/2627
f 2630/2630/2630 2629/2629/2629 2627/2627/2627
f 2627/2627/2627 2631/2631/2631 2630/2630/2630
f 2631/2631/2631 2632/2632/2632 2630/2630/2630
f 2631/2631/2631 2633/2633/2633 2632/2632/2632
f 2633/2633/2633 2634/2634/2634 2632/2632/2632
f 2634/2634/2634 2633/2633/2633 2635/2635/2635
f 2636/2636/2636 2634/2634/2634 2635/2635/2635
f 2639/2639/2639 2638/2638/2638 2637/2637/2637
f 2640/2640/2640 2639/2639/2639 2637/2637/2637
f 2643/2643/2643 2642/2642/2642 2641/2641/2641
f 2642/2642/2642 2644/2644/2644 2641/2641/2641
f 2645/2645/2645 2641/2641/2641 2644/2644/2644
f 2646/2646/2646 2645/2645/2645 2644/2644/2644
f 2647/2647/2647 2645/2645/2645 2646/2646/2646
f 2648/2648/2648 2647/2647/2647 2646/2646/2646
f 2647/2647/2647 2648/2648/2648 2649/2649/2649
f 2648/2648/2648 2650/2650/2650 2649/2649/2649
f 2653/2653/2653 2652/2652/2652 2651/2651/2651
f 2654/2654/2654 2653/2653/2653 2651/2651/2651
f 2657/2657/2657 2656/2656/2656 2655/2655/2655
f 2656/2656/2656 2658/2658/2658 2655/2655/2655
f 2659/2659/2659 2655/2655/2655 2658/2658/2658
f 2660/2660/2660 2659/2659/2659 2658/2658/2658
f 2661/2661/2661 2659/2659/2659 2660/2660/2660
f 2662/2662/2662 2661/2661/2661 2660/2660/2660
f 2661/2661/2661 2662/2662/2662 2663/2663/2663
f 2662/2662/2662 2664/2664/2664 2663/2663/2663
f 2667/2667/2667 2666/2666/2666 2665/2665/2665
f 2668/2668/2668 2667/2667/2667 2665/2665/2665
f 2671/2671/2671 2670/2670/2670 2669/2669/2669
f 2670/2670/2670 2672/2672/2672 2669/2669/2669
f 2673/2673/2673 2669/2669/2669 2672/2672/2672
f 2674/2674/2674 2673/2673/2673 2672/2672/2672
f 2675/2675/2675 2673/2673/2673 2674/2674/2674
f 2676/2676/2676 2675/2675/2675 2674/2674/2674
f 2675/2675/2675 2676/2676/2676 2677/2677/2677
f 2676/2676/2676 2678/2678/2678 2677/2677/2677
f 2681/2681/2681 2680/2680/2680 2679/2679/2679
f 2682/2682/2682 2681/2681/2681 2679/2679/2679
f 2685/2685/2685 2684/2684/2684 2683/2683/2683
f 2686/2686/2686 2685/2685/2685 2683/2683/2683
f 2687/2687/2687 2686/2686/2686 2683/2683/2683
f 2688/2688/2688 2686/2686/2686 2687/2687/2687
f 2689/2689/2689 2686/2686/2686 2688/2688/2688
f 2690/2690/2690 2689/2689/2689 2688/2688/2688
f 2693/2693/2693 2692/2692/2692 2691/2691/2691
f 2694/2694/2694 2693/2693/2693 2691/2691/2691
f 2695/2695/2695 2694/2694/2694 2691/2691/2691
f 2696/2696/2696 2694/2694/2694 2695/2695/2695
f 2697/2697/2697 2694/2694/2694 2696/2696/2696
f 2698/2698/2698 2697/2697/2697 2696/2696/2696
f 2701/2701/2701 2700/2700/2700 2699/2699/2699
f 2702/2702/2702 2701/2701/2701 2699/2699/2699
f 2703/2703/2703 2702/2702/2702 2699/2699/2699
f 2704/2704/2704 2702/2702/2702 2703/2703/2703
f 2705/2705/2705 2702/2702/2702 2704/2704/2704
f 2706/2706/2706 2705/2705/2705 2704/2704/2704
f 2709/2709/2709 2708/2708/2708 2707/2707/2707
f 2710/2710/2710 2709/2709/2709 2707/2707/2707
f 2713/2713/2713 2712/2712/2712 2711/2711/2711
f 2714/2714/2714 2713/2713/2713 2711/2711/2711
f 2717/2717/2717 2716/2716/2716 2715/2715/2715
f 2718/2718/2718 2717/2717/2717 2715/2715/2715
f 2721/2721/2721 2720/2720/2720 2719/2719/2719
f 2722/2722/2722 2721/2721/2721 2719/2719/2719
f 2725/2725/2725 2724/2724/2724 2723/2723/2723
f 2726/2726/2726 2725/2725/2725 2723/2723/2723
f 2729/2729/2729 2728/2728/2728 2727/2727/2727
f 2728/2728/2728 2730/2730/2730 2727/2727/2727
f 2731/2731/2731 2730/2730/2730 2728/2728/2728
f 2732/2732/2732 2730/2730/2730 2731/2731/2731
f 2733/2733/2733 2730/2730/2730 2732/2732/2732
f 2734/2734/2734 2733/2733/2733 2732/2732/2732
f 2737/2737/2737 2736/2736/2736 2735/2735/2735
f 2736/2736/2736 2738/2738/2738 2735/2735/2735
f 2736/2736/2736 2739/2739/2739 2738/2738/2738
f 2740/2740/2740 2738/2738/2738 2739/2739/2739
f 2741/2741/2741 2738/2738/2738 2740/2740/2740
f 2742/2742/2742 2741/2741/2741 2740/2740/2740
f 2745/2745/2745 2744/2744/2744 2743/2743/2743
f 2744/2744/2744 2746/2746/2746 2743/2743/2743
f 2747/2747/2747 2746/2746/2746 2744/2744/2744
f 2748/2748/2748 2746/2746/2746 2747/2747/2747
f 2749/2749/2749 2746/2746/2746 2748/2748/2748
f 2750/2750/2750 2749/2749/2749 2748/2748/2748
f 2753/2753/2753 2752/2752/2752 2751/2751/2751
f 2752/2752/2752 2754/2754/2754 2751/2751/2751
f 2755/2755/2755 2754/2754/2754 2752/2752/2752
f 2756/2756/2756 2754/2754/2754 2755/2755/2755
f 2757/2757/2757 2754/2754/2754 2756/2756/2756
f 2758/2758/2758 2757/2757/2757 2756/2756/2756
f 2761/2761/2761 2760/2760/2760 2759/2759/2759
f 2760/2760/2760 2762/2762/2762 2759/2759/2759
f 2763/2763/2763 2762/2762/2762 2760/2760/2760
f 2764/2764/2764 2762/2762/2762 2763/2763/2763
f 2765/2765/2765 2762/2762/2762 2764/2764/2764
f 2766/2766/2766 2765/2765/2765 2764/2764/2764
f 2769/2769/2769 2768/2768/2768 2767/2767/2767
f 2770/2770/2770 2769/2769/2769 2767/2767/2767
f 2773/2773/2773 2772/2772/2772 2771/2771/2771
f 2774/2774/2774 2773/2773/2773 2771/2771/2771
f 2777/2777/2777 2776/2776/2776 2775/2775/2775
f 2778/2778/2778 2777/2777/2777 2775/2775/2775
f 2781/2781/2781 2780/2780/2780 2779/2779/2779
f 2782/2782/2782 2781/2781/2781 2779/2779/2779
f 2785/2785/2785 2784/2784/2784 2783/2783/2783
f 2786/2786/2786 2785/2785/2785 2783/2783/2783
f 2789/2789/2789 2788/2788/2788 2787/2787/2787
f 2790/2790/2790 2789/2789/2789 2787/2787/2787
f 2793/2793/2793 2792/2792/2792 2791/2791/2791
f 2794/2794/2794 2793/2793/2793 2791/2791/2791
f 2797/2797/2797 2796/2796/2796 2795/2795/2795
f 2798/2798/2798 2797/2797/2797 2795/2795/2795
f 2801/2801/2801 2800/2800/2800 2799/2799/2799
f 2802/2802/2802 2801/2801/2801 2799/2799/2799
f 2805/2805/2805 2804/2804/2804 2803/2803/2803
f 2806/2806/2806 2805/2805/2805 2803/2803/2803
f 2809/2809/2809 2808/2808/2808 2807/2807/2807
f 2810/2810/2810 2809/2809/2809 2807/2807/2807
f 2813/2813/2813 2812/2812/2812 2811/2811/2811
f 2814/2814/2814 2813/2813/2813 2811/2811/2811
f 2817/2817/2817 2816/2816/2816 2815/2815/2815
f 2818/2818/2818 2817/2817/2817 2815/2815/2815
f 2821/2821/2821 2820/2820/2820 2819/2819/2819
f 2822/2822/2822 2821/2821/2821 2819/2819/2819
f 2825/2825/2825 2824/2824/2824 2823/2823/2823
f 2826/2826/2826 2825/2825/2825 2823/2823/2823
f 2829/2829/2829 2828/2828/2828 2827/2827/2827
f 2830/2830/2830 2829/2829/2829 2827/2827/2827
f 2833/2833/2833 2832/2832/2832 2831/2831/2831
f 2834/2834/2834 2833/2833/2833 2831/2831/2831
f 2837/2837/2837 2836/2836/2836 2835/2835/2835
f 2838/2838/2838 2837/2837/2837 2835/2835/2835
f 2841/2841/2841 2840/2840/2840 2839/2839/2839
f 2842/2842/2842 2841/2841/2841 2839/2839/2839
f 2845/2845/2845 2844/2844/2844 2843/2843/2843
f 2846/2846/2846 2845/2845/2845 2843/2843/2843
f 2849/2849/2849 2848/2848/2848 2847/2847/2847
f 2850/2850/2850 2849/2849/2849 2847/2847/2847
f 2853/2853/2853 2852/2852/2852 2851/2851/2851
f 2854/2854/2854 2853/2853/2853 2851/2851/2851
f 2857/2857/2857 2856/2856/2856 2855/2855/2855
f 2858/2858/2858 2857/2857/2857 2855/2855/2855
f 2861/2861/2861 2860/2860/2860 2859/2859/2859
f 2862/2862/2862 2861/2861/2861 2859/2859/2859
f 2865/2865/2865 2864/2864/2864 2863/2863/2863
f 2866/2866/2866 2865/2865/2865 2863/2863/2863
f 2869/2869/2869 2868/2868/2868 2867/2867/2867
f 2870/2870/2870 2869/2869/2869 2867/2867/2867
f 2873/2873/2873 2872/2872/2872 2871/2871/2871
f 2874/2874/2874 2873/2873/2873 2871/2871/2871
f 2877/2877/2877 2876/2876/2876 2875/2875/2875
f 2878/2878/2878 2877/2877/2877 2875/2875/2875
f 2881/2881/2881 2880/2880/2880 2879/2879/2879
f 2882/2882/2882 2881/2881/2881 2879/2879/2879
f 2885/2885/2885 2884/2884/2884 2883/2883/2883
f 2886/2886/2886 2885/2885/2885 2883/2883/2883
f 2889/2889/2889 2888/2888/2888 2887/2887/2887
f 2890/2890/2890 2889/2889/2889 2887/2887/2887
f 2893/2893/2893 2892/2892/2892 2891/2891/2891
f 2894/2894/2894 2893/2893/2893 2891/2891/2891
f 2897/2897/2897 2896/2896/2896 2895/2895/2895
f 2898/2898/2898 2897/2897/2897 2895/2895/2895
f 2901/2901/2901 2900/2900/2900 2899/2899/2899
f 2902/2902/2902 2901/2901/2901 2899/2899/2899
f 2905/2905/2905 2904/2904/2904 2903/2903/2903
f 2906/2906/2906 2905/2905/2905 2903/2903/2903
f 2909/2909/2909 2908/2908/2908 2907/2907/2907
f 2910/2910/2910 2909/2909/2909 2907/2907/2907
f 2913/2913/2913 2912/2912/2912 2911/2911/2911
f 2914/2914/2914 2913/2913/2913 2911/2911/2911
f 2917/2917/2917 2916/2916/2916 2915/2915/2915
f 2918/2918/2918 2917/2917/2917 2915/2915/2915
f 2921/2921/2921 2920/2920/2920 2919/2919/2919
f 2922/2922/2922 2921/2921/2921 2919/2919/2919
f 2925/2925/2925 2924/2924/2924 2923/2923/2923
f 2926/2926/2926 2925/2925/2925 2923/2923/2923
f 2929/2929/2929 2928/2928/2928 2927/2927/2927
f 2930/2930/2930 2929/2929/2929 2927/2927/2927
f 2933/2933/2933 2932/2932/2932 2931/2931/2931
f 2934/2934/2934 2933/2933/2933 2931/2931/2931
f 2937/2937/2937 2936/2936/2936 2935/2935/2935
f 2938/2938/2938 2937/2937/2937 2935/2935/2935
f 2941/2941/2941 2940/2940/2940 2939/2939/2939
f 2942/2942/2942 2941/2941/2941 2939/2939/2939
f 2945/2945/2945 2944/2944/2944 2943/2943/2943
f 2946/2946/2946 2945/2945/2945 2943/2943/2943
f 2949/2949/2949 2948/2948/2948 2947/2947/2947
f 2950/2950/2950 2949/2949/2949 2947/2947/2947
f 2953/2953/2953 2952/2952/2952 2951/2951/2951
f 2954/2954/2954 2953/2953/2953 2951/2951/2951
f 2957/2957/2957 2956/2956/2956 2955/2955/2955
f 2958/2958/2958 2957/2957/2957 2955/2955/2955
f 2961/2961/2961 2960/2960/2960 2959/2959/2959
f 2962/2962/2962 2961/2961/2961 2959/2959/2959
f 2965/2965/2965 2964/2964/2964 2963/2963/2963
f 2966/2966/2966 2965/2965/2965 2963/2963/2963
f 2969/2969/2969 2968/2968/2968 2967/2967/2967
f 2970/2970/2970 2969/2969/2969 2967/2967/2967
f 2973/2973/2973 2972/2972/2972 2971/2971/2971
f 2974/2974/2974 2973/2973/2973 2971/2971/2971
f 2977/2977/2977 2976/2976/2976 2975/2975/2975
f 2978/2978/2978 2977/2977/2977 2975/2975/2975
f 2981/2981/2981 2980/2980/2980 2979/2979/2979
f 2982/2982/2982 2981/2981/2981 2979/2979/2979
f 2985/2985/2985 2984/2984/2984 2983/2983/2983
f 2986/2986/2986 2985/2985/2985 2983/2983/2983
f 2989/2989/2989 2988/2988/2988 2987/2987/2987
f 2990/2990/2990 2989/2989/2989 2987/2987/2987
f 2993/2993/2993 2992/2992/2992 2991/2991/2991
f 2994/2994/2994 2993/2993/2993 2991/2991/2991
f 2997/2997/2997 2996/2996/2996 2995/2995/2995
f 2998/2998/2998 2997/2997/2997 2995/2995/2995
f 3001/3001/3001 3000/3000/3000 2999/2999/2999
f 3002/3002/3002 3001/3001/3001 2999/2999/2999
f 3005/3005/3005 3004/3004/3004 3003/3003/3003
f 3006/3006/3006 3005/3005/3005 3003/3003/3003
f 3009/3009/3009 3008/3008/3008 3007/3007/3007
f 3010/3010/3010 3009/3009/3009 3007/3007/3007
f 3013/3013/3013 3012/3012/3012 3011/3011/3011
f 3014/3014/3014 3013/3013/3013 3011/3011/3011
f 3017/3017/3017 3016/3016/3016 3015/3015/3015
f 3018/3018/3018 3017/3017/3017 3015/3015/3015
f 3021/3021/3021 3020/3020/3020 3019/3019/3019
f 3022/3022/3022 3021/3021/3021 3019/3019/3019
f 3025/3025/3025 3024/3024/3024 3023/3023/3023
f 3026/3026/3026 3025/3025/3025 3023/3023/3023
f 3029/3029/3029 3028/3028/3028 3027/3027/3027
f 3030/3030/3030 3029/3029/3029 3027/3027/3027
f 3033/3033/3033 3032/3032/3032 3031/3031/3031
f 3034/3034/3034 3033/3033/3033 3031/3031/3031
f 3037/3037/3037 3036/3036/3036 3035/3035/3035
f 3038/3038/3038 3037/3037/3037 3035/3035/3035
f 3041/3041/3041 3040/3040/3040 3039/3039/3039
f 3042/3042/3042 3041/3041/3041 3039/3039/3039
f 3045/3045/3045 3044/3044/3044 3043/3043/3043
f 3046/3046/3046 3045/3045/3045 3043/3043/3043
f 3049/3049/3049 3048/3048/3048 3047/3047/3047
f 3050/3050/3050 3049/3049/3049 3047/3047/3047
f 3053/3053/3053 3052/3052/3052 3051/3051/3051
f 3054/3054/3054 3053/3053/3053 3051/3051/3051
f 3057/3057/3057 3056/3056/3056 3055/3055/3055
f 3058/3058/3058 3057/3057/3057 3055/3055/3055
f 3061/3061/3061 3060/3060/3060 3059/3059/3059
f 3062/3062/3062 3061/3061/3061 3059/3059/3059
f 3065/3065/3065 3064/3064/3064 3063/3063/3063
f 3066/3066/3066 3065/3065/3065 3063/3063/3063
f 3069/3069/3069 3068/3068/3068 3067/3067/3067
f 3070/3070/3070 3069/3069/3069 3067/3067/3067
f 3073/3073/3073 3072/3072/3072 3071/3071/3071
f 3074/3074/3074 3073/3073/3073 3071/3071/3071
f 3077/3077/3077 3076/3076/3076 3075/3075/3075
f 3078/3078/3078 3077/3077/3077 3075/3075/3075
f 3081/3081/3081 3080/3080/3080 3079/3079/3079
f 3082/3082/3082 3081/3081/3081 3079/3079/3079
f 3085/3085/3085 3084/3084/3084 3083/3083/3083
f 3086/3086/3086 3085/3085/3085 3083/3083/3083
f 3089/3089/3089 3088/3088/3088 3087/3087/3087
f 3090/3090/3090 3089/3089/3089 3087/3087/3087
f 3093/3093/3093 3092/3092/3092 3091/3091/3091
f 3094/3094/3094 3093/3093/3093 3091/3091/3091
f 3097/3097/3097 3096/3096/3096 3095/3095/3095
f 3098/3098/3098 3097/3097/3097 3095/3095/3095
f 3101/3101/3101 3100/3100/3100 3099/3099/3099
f 3102/3102/3102 3101/3101/3101 3099/3099/3099
f 3105/3105/3105 3104/3104/3104 3103/3103/3103
f 3106/3106/3106 3105/3105/3105 3103/3103/3103
f 3109/3109/3109 3108/3108/3108 3107/3107/3107
f 3110/3110/3110 3109/3109/3109 3107/3107/3107
f 3113/3113/3113 3112/3112/3112 3111/3111/3111
f 3114/3114/3114 3113/3113/3113 3111/3111/3111
f 3117/3117/3117 3116/3116/3116 3115/3115/3115
f 3118/3118/3118 3117/3117/3117 3115/3115/3115
f 3121/3121/3121 3120/3120/3120 3119/3119/3119
f 3122/3122/3122 3121/3121/3121 3119/3119/3119
f 3125/3125/3125 3124/3124/3124 3123/3123/3123
f 3126/3126/3126 3125/3125/3125 3123/3123/3123
f 3129/3129/3129 3128/3128/3128 3127/3127/3127
f 3130/3130/3130 3129/3129/3129 3127/3127/3127
f 3133/3133/3133 3132/3132/3132 3131/3131/3131
f 3134/3134/3134 3133/3133/3133 3131/3131/3131
f 3137/3137/3137 3136/3136/3136 3135/3135/3135
f 3138/3138/3138 3137/3137/3137 3135/3135/3135
f 3141/3141/3141 3140/3140/3140 3139/3139/3139
f 3142/3142/3142 3141/3141/3141 3139/3139/3139
f 3145/3145/3145 3144/3144/3144 3143/3143/3143
f 3146/3146/3146 3145/3145/3145 3143/3143/3143
f 3149/3149/3149 3148/3148/3148 3147/3147/3147
f 3150/3150/3150 3149/3149/3149 3147/3147/3147
f 3153/3153/3153 3152/3152/3152 3151/3151/3151
f 3154/3154/3154 3153/3153/3153 3151/3151/3151
f 3157/3157/3157 3156/3156/3156 3155/3155/3155
f 3158/3158/3158 3157/3157/3157 3155/3155/3155
f 3161/3161/3161 3160/3160/3160 3159/3159/3159
f 3162/3162/3162 3161/3161/3161 3159/3159/3159
f 3163/3163/3163 3162/3162/3162 3159/3159/3159
f 3164/3164/3164 3162/3162/3162 3163/3163/3163
f 3167/3167/3167 3166/3166/3166 3165/3165/3165
f 3166/3166/3166 3168/3168/3168 3165/3165/3165
f 3168/3168/3168 3166/3166/3166 3169/3169/3169
f 3166/3166/3166 3170/3170/3170 3169/3169/3169
f 3169/3169/3169 3170/3170/3170 3171/3171/3171
f 3170/3170/3170 3172/3172/3172 3171/3171/3171
f 3173/3173/3173 3171/3171/3171 3172/3172/3172
f 3174/3174/3174 3173/3173/3173 3172/3172/3172
f 3173/3173/3173 3174/3174/3174 3175/3175/3175
f 3176/3176/3176 3173/3173/3173 3175/3175/3175
f 3179/3179/3179 3178/3178/3178 3177/3177/3177
f 3179/3179/3179 3177/3177/3177 3180/3180/3180
f 3181/3181/3181 3179/3179/3179 3180/3180/3180
f 3182/3182/3182 3181/3181/3181 3180/3180/3180
f 3185/3185/3185 3184/3184/3184 3183/3183/3183
f 3184/3184/3184 3186/3186/3186 3183/3183/3183
f 3186/3186/3186 3184/3184/3184 3187/3187/3187
f 3184/3184/3184 3188/3188/3188 3187/3187/3187
f 3187/3187/3187 3188/3188/3188 3189/3189/3189
f 3190/3190/3190 3187/3187/3187 3189/3189/3189
f 3193/3193/3193 3192/3192/3192 3191/3191/3191
f 3192/3192/3192 3194/3194/3194 3191/3191/3191
f 3194/3194/3194 3192/3192/3192 3195/3195/3195
f 3192/3192/3192 3196/3196/3196 3195/3195/3195
f 3197/3197/3197 3195/3195/3195 3196/3196/3196
f 3198/3198/3198 3197/3197/3197 3196/3196/3196
f 3197/3197/3197 3198/3198/3198 3199/3199/3199
f 3200/3200/3200 3197/3197/3197 3199/3199/3199
f 3203/3203/3203 3202/3202/3202 3201/3201/3201
f 3203/3203/3203 3201/3201/3201 3204/3204/3204
f 3205/3205/3205 3203/3203/3203 3204/3204/3204
f 3206/3206/3206 3205/3205/3205 3204/3204/3204
f 3209/3209/3209 3208/3208/3208 3207/3207/3207
f 3208/3208/3208 3210/3210/3210 3207/3207/3207
f 3210/3210/3210 3208/3208/3208 3211/3211/3211
f 3208/3208/3208 3212/3212/3212 3211/3211/3211
f 3211/3211/3211 3212/3212/3212 3213/3213/3213
f 3212/3212/3212 3214/3214/3214 3213/3213/3213
f 3215/3215/3215 3213/3213/3213 3214/3214/3214
f 3216/3216/3216 3215/3215/3215 3214/3214/3214
f 3215/3215/3215 3216/3216/3216 3217/3217/3217
f 3218/3218/3218 3215/3215/3215 3217/3217/3217
f 3221/3221/3221 3220/3220/3220 3219/3219/3219
f 3221/3221/3221 3219/3219/3219 3222/3222/3222
f 3223/3223/3223 3221/3221/3221 3222/3222/3222
f 3224/3224/3224 3223/3223/3223 3222/3222/3222
f 3227/3227/3227 3226/3226/3226 3225/3225/3225
f 3228/3228/3228 3227/3227/3227 3225/3225/3225
f 3229/3229/3229 3227/3227/3227 3228/3228/3228
f 3230/3230/3230 3229/3229/3229 3228/3228/3228
f 3231/3231/3231 3229/3229/3229 3230/3230/3230
f 3232/3232/3232 3231/3231/3231 3230/3230/3230
f 3233/3233/3233 3231/3231/3231 3232/3232/3232
f 3234/3234/3234 3233/3233/3233 3232/3232/3232
f 3235/3235/3235 3233/3233/3233 3234/3234/3234
f 3236/3236/3236 3235/3235/3235 3234/3234/3234
f 3237/3237/3237 3235/3235/3235 3236/3236/3236
f 3238/3238/3238 3237/3237/3237 3236/3236/3236
f 3239/3239/3239 3237/3237/3237 3238/3238/3238
f 3240/3240/3240 3239/3239/3239 3238/3238/3238
f 3241/3241/3241 3239/3239/3239 3240/3240/3240
f 3242/3242/3242 3241/3241/3241 3240/3240/3240
f 3245/3245/3245 3244/3244/3244 3243/3243/3243
f 3246/3246/3246 3245/3245/3245 3243/3243/3243
f 3249/3249/3249 3248/3248/3248 3247/3247/3247
f 3250/3250/3250 3249/3249/3249 3247/3247/3247
f 3253/3253/3253 3252/3252/3252 3251/3251/3251
f 3254/3254/3254 3253/3253/3253 3251/3251/3251
f 3257/3257/3257 3256/3256/3256 3255/3255/3255
f 3258/3258/3258 3257/3257/3257 3255/3255/3255
f 3261/3261/3261 3260/3260/3260 3259/3259/3259
f 3262/3262/3262 3261/3261/3261 3259/3259/3259
f 3265/3265/3265 3264/3264/3264 3263/3263/3263
f 3266/3266/3266 3265/3265/3265 3263/3263/3263
f 3269/3269/3269 3268/3268/3268 3267/3267/3267
f 3268/3268/3268 3270/3270/3270 3267/3267/3267
f 3267/3267/3267 3270/3270/3270 3271/3271/3271
f 3270/3270/3270 3272/3272/3272 3271/3271/3271
f 3271/3271/3271 3272/3272/3272 3273/3273/3273
f 3272/3272/3272 3274/3274/3274 3273/3273/3273
f 3273/3273/3273 3274/3274/3274 3275/3275/3275
f 3274/3274/3274 3276/3276/3276 3275/3275/3275
f 3275/3275/3275 3276/3276/3276 3277/3277/3277
f 3276/3276/3276 3278/3278/3278 3277/3277/3277
f 3277/3277/3277 3278/3278/3278 3279/3279/3279
f 3278/3278/3278 3280/3280/3280 3279/3279/3279
f 3283/3283/3283 3282/3282/3282 3281/3281/3281
f 3284/3284/3284 3283/3283/3283 3281/3281/3281
f 3283/3283/3283 3284/3284/3284 3285/3285/3285
f 3286/3286/3286 3283/3283/3283 3285/3285/3285
f 3289/3289/3289 3288/3288/3288 3287/3287/3287
f 3288/3288/3288 3290/3290/3290 3287/3287/3287
f 3287/3287/3287 3290/3290/3290 3291/3291/3291
f 3292/3292/3292 3287/3287/3287 3291/3291/3291
f 3295/3295/3295 3294/3294/3294 3293/3293/3293
f 3294/3294/3294 3296/3296/3296 3293/3293/3293
f 3293/3293/3293 3296/3296/3296 3297/3297/3297
f 3296/3296/3296 3298/3298/3298 3297/3297/3297
f 3297/3297/3297 3298/3298/3298 3299/3299/3299
f 3298/3298/3298 3300/3300/3300 3299/3299/3299
f 3299/3299/3299 3300/3300/3300 3301/3301/3301
f 3300/3300/3300 3302/3302/3302 3301/3301/3301
f 3301/3301/3301 3302/3302/3302 3303/3303/3303
f 3302/3302/3302 3304/3304/3304 3303/3303/3303
f 3303/3303/3303 3304/3304/3304 3305/3305/3305
f 3304/3304/3304 3306/3306/3306 3305/3305/3305
f 3309/3309/3309 3308/3308/3308 3307/3307/3307
f 3310/3310/3310 3309/3309/3309 3307/3307/3307
f 3309/3309/3309 3310/3310/3310 3311/3311/3311
f 3312/3312/3312 3309/3309/3309 3311/3311/3311
f 3315/3315/3315 3314/3314/3314 3313/3313/3313
f 3314/3314/3314 3316/3316/3316 3313/3313/3313
f 3313/3313/3313 3316/3316/3316 3317/3317/3317
f 3318/3318/3318 3313/3313/3313 3317/3317/3317
f 3321/3321/3321 3320/3320/3320 3319/3319/3319
f 3320/3320/3320 3322/3322/3322 3319/3319/3319
f 3319/3319/3319 3322/3322/3322 3323/3323/3323
f 3322/3322/3322 3324/3324/3324 3323/3323/3323
f 3323/3323/3323 3324/3324/3324 3325/3325/3325
f 3324/3324/3324 3326/3326/3326 3325/3325/3325
f 3325/3325/3325 3326/3326/3326 3327/3327/3327
f 3326/3326/3326 3328/3328/3328 3327/3327/3327
f 3327/3327/3327 3328/3328/3328 3329/3329/3329
f 3328/3328/3328 3330/3330/3330 3329/3329/3329
f 3329/3329/3329 3330/3330/3330 3331/3331/3331
f 3330/3330/3330 3332/3332/3332 3331/3331/3331
f 3335/3335/3335 3334/3334/3334 3333/3333/3333
f 3336/3336/3336 3335/3335/3335 3333/3333/3333
f 3335/3335/3335 3336/3336/3336 3337/3337/3337
f 3338/3338/3338 3335/3335/3335 3337/3337/3337
f 3341/3341/3341 3340/3340/3340 3339/3339/3339
f 3340/3340/3340 3342/3342/3342 3339/3339/3339
f 3339/3339/3339 3342/3342/3342 3343/3343/3343
f 3344/3344/3344 3339/3339/3339 3343/3343/3343
f 3347/3347/3347 3346/3346/3346 3345/3345/3345
f 3346/3346/3346 3348/3348/3348 3345/3345/3345
f 3345/3345/3345 3348/3348/3348 3349/3349/3349
f 3348/3348/3348 3350/3350/3350 3349/3349/3349
f 3349/3349/3349 3350/3350/3350 3351/3351/3351
f 3350/3350/3350 3352/3352/3352 3351/3351/3351
f 3351/3351/3351 3352/3352/3352 3353/3353/3353
f 3352/3352/3352 3354/3354/3354 3353/3353/3353
f 3353/3353/3353 3354/3354/3354 3355/3355/3355
f 3354/3354/3354 3356/3356/3356 3355/3355/3355
f 3355/3355/3355 3356/3356/3356 3357/3357/3357
f 3356/3356/3356 3358/3358/3358 3357/3357/3357
f 3361/3361/3361 3360/3360/3360 3359/3359/3359
f 3362/3362/3362 3361/3361/3361 3359/3359/3359
f 3361/3361/3361 3362/3362/3362 3363/3363/3363
f 3364/3364/3364 3361/3361/3361 3363/3363/3363
f 3367/3367/3367 3366/3366/3366 3365/3365/3365
f 3366/3366/3366 3368/3368/3368 3365/3365/3365
f 3365/3365/3365 3368/3368/3368 3369/3369/3369
f 3370/3370/3370 3365/3365/3365 3369/3369/3369
f 3373/3373/3373 3372/3372/3372 3371/3371/3371
f 3372/3372/3372 3374/3374/3374 3371/3371/3371
f 3371/3371/3371 3374/3374/3374 3375/3375/3375
f 3374/3374/3374 3376/3376/3376 3375/3375/3375
f 3375/3375/3375 3376/3376/3376 3377/3377/3377
f 3376/3376/3376 3378/3378/3378 3377/3377/3377
f 3377/3377/3377 3378/3378/3378 3379/3379/3379
f 3378/3378/3378 3380/3380/3380 3379/3379/3379
f 3379/3379/3379 3380/3380/3380 3381/3381/3381
f 3380/3380/3380 3382/3382/3382 3381/3381/3381
f 3381/3381/3381 3382/3382/3382 3383/3383/3383
f 3382/3382/3382 3384/3384/3384 3383/3383/3383
f 3387/3387/3387 3386/3386/3386 3385/3385/3385
f 3388/3388/3388 3387/3387/3387 3385/3385/3385
f 3387/3387/3387 3388/3388/3388 3389/3389/3389
f 3390/3390/3390 3387/3387/3387 3389/3389/3389
f 3393/3393/3393 3392/3392/3392 3391/3391/3391
f 3392/3392/3392 3394/3394/3394 3391/3391/3391
f 3391/3391/3391 3394/3394/3394 3395/3395/3395
f 3396/3396/3396 3391/3391/3391 3395/3395/3395
f 3399/3399/3399 3398/3398/3398 3397/3397/3397
f 3398/3398/3398 3400/3400/3400 3397/3397/3397
f 3397/3397/3397 3400/3400/3400 3401/3401/3401
f 3400/3400/3400 3402/3402/3402 3401/3401/3401
f 3401/3401/3401 3402/3402/3402 3403/3403/3403
f 3402/3402/3402 3404/3404/3404 3403/3403/3403
f 3403/3403/3403 3404/3404/3404 3405/3405/3405
f 3404/3404/3404 3406/3406/3406 3405/3405/3405
f 3405/3405/3405 3406/3406/3406 3407/3407/3407
f 3406/3406/3406 3408/3408/3408 3407/3407/3407
f 3407/3407/3407 3408/3408/3408 3409/3409/3409
f 3408/3408/3408 3410/3410/3410 3409/3409/3409
f 3413/3413/3413 3412/3412/3412 3411/3411/3411
f 3414/3414/3414 3413/3413/3413 3411/3411/3411
f 3413/3413/3413 3414/3414/3414 3415/3415/3415
f 3416/3416/3416 3413/3413/3413 3415/3415/3415
f 3419/3419/3419 3418/3418/3418 3417/3417/3417
f 3418/3418/3418 3420/3420/3420 3417/3417/3417
f 3417/3417/3417 3420/3420/3420 3421/3421/3421
f 3422/3422/3422 3417/3417/3417 3421/3421/3421
f 3425/3425/3425 3424/3424/3424 3423/3423/3423
f 3424/3424/3424 3426/3426/3426 3423/3423/3423
f 3423/3423/3423 3426/3426/3426 3427/3427/3427
f 3426/3426/3426 3428/3428/3428 3427/3427/3427
f 3427/3427/3427 3428/3428/3428 3429/3429/3429
f 3428/3428/3428 3430/3430/3430 3429/3429/3429
f 3429/3429/3429 3430/3430/3430 3431/3431/3431
f 3430/3430/3430 3432/3432/3432 3431/3431/3431
f 3431/3431/3431 3432/3432/3432 3433/3433/3433
f 3432/3432/3432 3434/3434/3434 3433/3433/3433
f 3433/3433/3433 3434/3434/3434 3435/3435/3435
f 3434/3434/3434 3436/3436/3436 3435/3435/3435
f 3439/3439/3439 3438/3438/3438 3437/3437/3437
f 3440/3440/3440 3439/3439/3439 3437/3437/3437
f 3439/3439/3439 3440/3440/3440 3441/3441/3441
f 3442/3442/3442 3439/3439/3439 3441/3441/3441
f 3445/3445/3445 3444/3444/3444 3443/3443/3443
f 3444/3444/3444 3446/3446/3446 3443/3443/3443
f 3443/3443/3443 3446/3446/3446 3447/3447/3447
f 3448/3448/3448 3443/3443/3443 3447/3447/3447
f 3451/3451/3451 3450/3450/3450 3449/3449/3449
f 3450/3450/3450 3452/3452/3452 3449/3449/3449
f 3449/3449/3449 3452/3452/3452 3453/3453/3453
f 3452/3452/3452 3454/3454/3454 3453/3453/3453
f 3453/3453/3453 3454/3454/3454 3455/3455/3455
f 3454/3454/3454 3456/3456/3456 3455/3455/3455
f 3455/3455/3455 3456/3456/3456 3457/3457/3457
f 3456/3456/3456 3458/3458/3458 3457/3457/3457
f 3457/3457/3457 3458/3458/3458 3459/3459/3459
f 3458/3458/3458 3460/3460/3460 3459/3459/3459
f 3459/3459/3459 3460/3460/3460 3461/3461/3461
f 3460/3460/3460 3462/3462/3462 3461/3461/3461
f 3465/3465/3465 3464/3464/3464 3463/3463/3463
f 3466/3466/3466 3465/3465/3465 3463/3463/3463
f 3465/3465/3465 3466/3466/3466 3467/3467/3467
f 3468/3468/3468 3465/3465/3465 3467/3467/3467
f 3471/3471/3471 3470/3470/3470 3469/3469/3469
f 3470/3470/3470 3472/3472/3472 3469/3469/3469
f 3469/3469/3469 3472/3472/3472 3473/3473/3473
f 3474/3474/3474 3469/3469/3469 3473/3473/3473
f 3477/3477/3477 3476/3476/3476 3475/3475/3475
f 3478/3478/3478 3477/3477/3477 3475/3475/3475
f 3479/3479/3479 3477/3477/3477 3478/3478/3478
f 3480/3480/3480 3479/3479/3479 3478/3478/3478
f 3481/3481/3481 3479/3479/3479 3480/3480/3480
f 3482/3482/3482 3481/3481/3481 3480/3480/3480
f 3483/3483/3483 3481/3481/3481 3482/3482/3482
f 3484/3484/3484 3483/3483/3483 3482/3482/3482
f 3485/3485/3485 3483/3483/3483 3484/3484/3484
f 3486/3486/3486 3485/3485/3485 3484/3484/3484
f 3487/3487/3487 3485/3485/3485 3486/3486/3486
f 3488/3488/3488 3487/3487/3487 3486/3486/3486
f 3491/3491/3491 3490/3490/3490 3489/3489/3489
f 3492/3492/3492 3491/3491/3491 3489/3489/3489
f 3491/3491/3491 3492/3492/3492 3493/3493/3493
f 3494/3494/3494 3491/3491/3491 3493/3493/3493
f 3497/3497/3497 3496/3496/3496 3495/3495/3495
f 3496/3496/3496 3498/3498/3498 3495/3495/3495
f 3495/3495/3495 3498/3498/3498 3499/3499/3499
f 3500/3500/3500 3495/3495/3495 3499/3499/3499
f 3503/3503/3503 3502/3502/3502 3501/3501/3501
f 3502/3502/3502 3504/3504/3504 3501/3501/3501
f 3501/3501/3501 3504/3504/3504 3505/3505/3505
f 3502/3502/3502 3506/3506/3506 3504/3504/3504
f 3504/3504/3504 3507/3507/3507 3505/3505/3505
f 3505/3505/3505 3507/3507/3507 3508/3508/3508
f 3506/3506/3506 3509/3509/3509 3504/3504/3504
f 3504/3504/3504 3509/3509/3509 3507/3507/3507
f 3506/3506/3506 3510/3510/3510 3509/3509/3509
f 3507/3507/3507 3511/3511/3511 3508/3508/3508
f 3508/3508/3508 3511/3511/3511 3512/3512/3512
f 3511/3511/3511 3513/3513/3513 3512/3512/3512
f 3509/3509/3509 3514/3514/3514 3507/3507/3507
f 3507/3507/3507 3514/3514/3514 3511/3511/3511
f 3510/3510/3510 3515/3515/3515 3509/3509/3509
f 3509/3509/3509 3515/3515/3515 3514/3514/3514
f 3510/3510/3510 3516/3516/3516 3515/3515/3515
f 3511/3511/3511 3517/3517/3517 3513/3513/3513
f 3514/3514/3514 3517/3517/3517 3511/3511/3511
f 3517/3517/3517 3518/3518/3518 3513/3513/3513
f 3515/3515/3515 3519/3519/3519 3514/3514/3514
f 3514/3514/3514 3519/3519/3519 3517/3517/3517
f 3516/3516/3516 3520/3520/3520 3515/3515/3515
f 3515/3515/3515 3520/3520/3520 3519/3519/3519
f 3516/3516/3516 3521/3521/3521 3520/3520/3520
f 3517/3517/3517 3522/3522/3522 3518/3518/3518
f 3519/3519/3519 3522/3522/3522 3517/3517/3517
f 3522/3522/3522 3523/3523/3523 3518/3518/3518
f 3520/3520/3520 3524/3524/3524 3519/3519/3519
f 3519/3519/3519 3524/3524/3524 3522/3522/3522
f 3521/3521/3521 3525/3525/3525 3520/3520/3520
f 3520/3520/3520 3525/3525/3525 3524/3524/3524
f 3521/3521/3521 3526/3526/3526 3525/3525/3525
f 3522/3522/3522 3527/3527/3527 3523/3523/3523
f 3524/3524/3524 3527/3527/3527 3522/3522/3522
f 3527/3527/3527 3528/3528/3528 3523/3523/3523
f 3525/3525/3525 3529/3529/3529 3524/3524/3524
f 3524/3524/3524 3529/3529/3529 3527/3527/3527
f 3526/3526/3526 3530/3530/3530 3525/3525/3525
f 3525/3525/3525 3530/3530/3530 3529/3529/3529
f 3526/3526/3526 3531/3531/3531 3530/3530/3530
f 3527/3527/3527 3532/3532/3532 3528/3528/3528
f 3529/3529/3529 3532/3532/3532 3527/3527/3527
f 3532/3532/3532 3533/3533/3533 3528/3528/3528
f 3530/3530/3530 3534/3534/3534 3529/3529/3529
f 3529/3529/3529 3534/3534/3534 3532/3532/3532
f 3531/3531/3531 3535/3535/3535 3530/3530/3530
f 3530/3530/3530 3535/3535/3535 3534/3534/3534
f 3531/3531/3531 3536/3536/3536 3535/3535/3535
f 3532/3532/3532 3537/3537/3537 3533/3533/3533
f 3534/3534/3534 3537/3537/3537 3532/3532/3532
f 3537/3537/3537 3538/3538/3538 3533/3533/3533
f 3535/3535/3535 3539/3539/3539 3534/3534/3534
f 3534/3534/3534 3539/3539/3539 3537/3537/3537
f 3536/3536/3536 3540/3540/3540 3535/3535/3535
f 3535/3535/3535 3540/3540/3540 3539/3539/3539
f 3536/3536/3536 3541/3541/3541 3540/3540/3540
f 3537/3537/3537 3542/3542/3542 3538/3538/3538
f 3539/3539/3539 3542/3542/3542 3537/3537/3537
f 3542/3542/3542 3543/3543/3543 3538/3538/3538
f 3540/3540/3540 3544/3544/3544 3539/3539/3539
f 3539/3539/3539 3544/3544/3544 3542/3542/3542
f 3541/3541/3541 3545/3545/3545 3540/3540/3540
f 3540/3540/3540 3545/3545/3545 3544/3544/3544
f 3541/3541/3541 3546/3546/3546 3545/3545/3545
f 3542/3542/3542 3547/3547/3547 3543/3543/3543
f 3544/3544/3544 3547/3547/3547 3542/3542/3542
f 3547/3547/3547 3548/3548/3548 3543/3543/3543
f 3545/3545/3545 3549/3549/3549 3544/3544/3544
f 3544/3544/3544 3549/3549/3549 3547/3547/3547
f 3546/3546/3546 3550/3550/3550 3545/3545/3545
f 3545/3545/3545 3550/3550/3550 3549/3549/3549
f 3546/3546/3546 3551/3551/3551 3550/3550/3550
f 3547/3547/3547 3552/3552/3552 3548/3548/3548
f 3549/3549/3549 3552/3552/3552 3547/3547/3547
f 3552/3552/3552 3553/3553/3553 3548/3548/3548
f 3550/3550/3550 3554/3554/3554 3549/3549/3549
f 3549/3549/3549 3554/3554/3554 3552/3552/3552
f 3551/3551/3551 3555/3555/3555 3550/3550/3550
f 3550/3550/3550 3555/3555/3555 3554/3554/3554
f 3551/3551/3551 3556/3556/3556 3555/3555/3555
f 3552/3552/3552 3557/3557/3557 3553/3553/3553
f 3554/3554/3554 3557/3557/3557 3552/3552/3552
f 3557/3557/3557 3558/3558/3558 3553/3553/3553
f 3555/3555/3555 3559/3559/3559 3554/3554/3554
f 3554/3554/3554 3559/3559/3559 3557/3557/3557
f 3556/3556/3556 3560/3560/3560 3555/3555/3555
f 3555/3555/3555 3560/3560/3560 3559/3559/3559
f 3556/3556/3556 3561/3561/3561 3560/3560/3560
f 3557/3557/3557 3562/3562/3562 3558/3558/3558
f 3559/3559/3559 3562/3562/3562 3557/3557/3557
f 3562/3562/3562 3563/3563/3563 3558/3558/3558
f 3560/3560/3560 3564/3564/3564 3559/3559/3559
f 3559/3559/3559 3564/3564/3564 3562/3562/3562
f 3561/3561/3561 3565/3565/3565 3560/3560/3560
f 3560/3560/3560 3565/3565/3565 3564/3564/3564
f 3561/3561/3561 3566/3566/3566 3565/3565/3565
f 3562/3562/3562 3567/3567/3567 3563/3563/3563
f 3564/3564/3564 3567/3567/3567 3562/3562/3562
f 3567/3567/3567 3568/3568/3568 3563/3563/3563
f 3565/3565/3565 3569/3569/3569 3564/3564/3564
f 3564/3564/3564 3569/3569/3569 3567/3567/3567
f 3566/3566/3566 3570/3570/3570 3565/3565/3565
f 3565/3565/3565 3570/3570/3570 3569/3569/3569
f 3566/3566/3566 3571/3571/3571 3570/3570/3570
f 3567/3567/3567 3572/3572/3572 3568/3568/3568
f 3569/3569/3569 3572/3572/3572 3567/3567/3567
f 3572/3572/3572 3573/3573/3573 3568/3568/3568
f 3570/3570/3570 3574/3574/3574 3569/3569/3569
f 3569/3569/3569 3574/3574/3574 3572/3572/3572
f 3571/3571/3571 3575/3575/3575 3570/3570/3570
f 3570/3570/3570 3575/3575/3575 3574/3574/3574
f 3571/3571/3571 3576/3576/3576 3575/3575/3575
f 3572/3572/3572 3577/3577/3577 3573/3573/3573
f 3574/3574/3574 3577/3577/3577 3572/3572/3572
f 3577/3577/3577 3578/3578/3578 3573/3573/3573
f 3575/3575/3575 3579/3579/3579 3574/3574/3574
f 3574/3574/3574 3579/3579/3579 3577/3577/3577
f 3576/3576/3576 3580/3580/3580 3575/3575/3575
f 3575/3575/3575 3580/3580/3580 3579/3579/3579
f 3576/3576/3576 3581/3581/3581 3580/3580/3580
f 3581/3581/3581 3582/3582/3582 3580/3580/3580
f 3577/3577/3577 3583/3583/3583 3578/3578/3578
f 3579/3579/3579 3583/3583/3583 3577/3577/3577
f 3583/3583/3583 3584/3584/3584 3578/3578/3578
f 3580/3580/3580 3585/3585/3585 3579/3579/3579
f 3580/3580/3580 3582/3582/3582 3585/3585/3585
f 3579/3579/3579 3585/3585/3585 3583/3583/3583
f 3582/3582/3582 3586/3586/3586 3585/3585/3585
f 3583/3583/3583 3587/3587/3587 3584/3584/3584
f 3585/3585/3585 3587/3587/3587 3583/3583/3583
f 3585/3585/3585 3586/3586/3586 3587/3587/3587
f 3587/3587/3587 3588/3588/3588 3584/3584/3584
f 3586/3586/3586 3589/3589/3589 3587/3587/3587
f 3587/3587/3587 3589/3589/3589 3588/3588/3588
f 3589/3589/3589 3590/3590/3590 3588/3588/3588
f 3593/3593/3593 3592/3592/3592 3591/3591/3591
f 3592/3592/3592 3594/3594/3594 3591/3591/3591
f 3591/3591/3591 3594/3594/3594 3595/3595/3595
f 3592/3592/3592 3596/3596/3596 3594/3594/3594
f 3594/3594/3594 3597/3597/3597 3595/3595/3595
f 3595/3595/3595 3597/3597/3597 3598/3598/3598
f 3596/3596/3596 3599/3599/3599 3594/3594/3594
f 3594/3594/3594 3599/3599/3599 3597/3597/3597
f 3596/3596/3596 3600/3600/3600 3599/3599/3599
f 3597/3597/3597 3601/3601/3601 3598/3598/3598
f 3598/3598/3598 3601/3601/3601 3602/3602/3602
f 3601/3601/3601 3603/3603/3603 3602/3602/3602
f 3600/3600/3600 3604/3604/3604 3599/3599/3599
f 3600/3600/3600 3605/3605/3605 3604/3604/3604
f 3599/3599/3599 3606/3606/3606 3597/3597/3597
f 3597/3597/3597 3606/3606/3606 3601/3601/3601
f 3599/3599/3599 3604/3604/3604 3606/3606/3606
f 3601/3601/3601 3607/3607/3607 3603/3603/3603
f 3606/3606/3606 3607/3607/3607 3601/3601/3601
f 3607/3607/3607 3608/3608/3608 3603/3603/3603
f 3605/3605/3605 3609/3609/3609 3604/3604/3604
f 3605/3605/3605 3610/3610/3610 3609/3609/3609
f 3604/3604/3604 3611/3611/3611 3606/3606/3606
f 3606/3606/3606 3611/3611/3611 3607/3607/3607
f 3604/3604/3604 3609/3609/3609 3611/3611/3611
f 3607/3607/3607 3612/3612/3612 3608/3608/3608
f 3611/3611/3611 3612/3612/3612 3607/3607/3607
f 3612/3612/3612 3613/3613/3613 3608/3608/3608
f 3610/3610/3610 3614/3614/3614 3609/3609/3609
f 3610/3610/3610 3615/3615/3615 3614/3614/3614
f 3609/3609/3609 3616/3616/3616 3611/3611/3611
f 3611/3611/3611 3616/3616/3616 3612/3612/3612
f 3609/3609/3609 3614/3614/3614 3616/3616/3616
f 3612/3612/3612 3617/3617/3617 3613/3613/3613
f 3616/3616/3616 3617/3617/3617 3612/3612/3612
f 3617/3617/3617 3618/3618/3618 3613/3613/3613
f 3615/3615/3615 3619/3619/3619 3614/3614/3614
f 3615/3615/3615 3620/3620/3620 3619/3619/3619
f 3614/3614/3614 3621/3621/3621 3616/3616/3616
f 3616/3616/3616 3621/3621/3621 3617/3617/3617
f 3614/3614/3614 3619/3619/3619 3621/3621/3621
f 3617/3617/3617 3622/3622/3622 3618/3618/3618
f 3621/3621/3621 3622/3622/3622 3617/3617/3617
f 3622/3622/3622 3623/3623/3623 3618/3618/3618
f 3620/3620/3620 3624/3624/3624 3619/3619/3619
f 3620/3620/3620 3625/3625/3625 3624/3624/3624
f 3619/3619/3619 3626/3626/3626 3621/3621/3621
f 3621/3621/3621 3626/3626/3626 3622/3622/3622
f 3619/3619/3619 3624/3624/3624 3626/3626/3626
f 3622/3622/3622 3627/3627/3627 3623/3623/3623
f 3626/3626/3626 3627/3627/3627 3622/3622/3622
f 3627/3627/3627 3628/3628/3628 3623/3623/3623
f 3629/3629/3629 3628/3628/3628 3627/3627/3627
f 3625/3625/3625 3630/3630/3630 3624/3624/3624
f 3625/3625/3625 3631/3631/3631 3630/3630/3630
f 3624/3624/3624 3632/3632/3632 3626/3626/3626
f 3626/3626/3626 3632/3632/3632 3627/3627/3627
f 3624/3624/3624 3630/3630/3630 3632/3632/3632
f 3633/3633/3633 3629/3629/3629 3627/3627/3627
f 3632/3632/3632 3633/3633/3633 3627/3627/3627
f 3631/3631/3631 3634/3634/3634 3630/3630/3630
f 3631/3631/3631 3635/3635/3635 3634/3634/3634
f 3630/3630/3630 3636/3636/3636 3632/3632/3632
f 3632/3632/3632 3636/3636/3636 3633/3633/3633
f 3630/3630/3630 3634/3634/3634 3636/3636/3636
f 3633/3633/3633 3637/3637/3637 3629/3629/3629
f 3636/3636/3636 3637/3637/3637 3633/3633/3633
f 3637/3637/3637 3638/3638/3638 3629/3629/3629
f 3635/3635/3635 3639/3639/3639 3634/3634/3634
f 3635/3635/3635 3640/3640/3640 3639/3639/3639
f 3634/3634/3634 3641/3641/3641 3636/3636/3636
f 3636/3636/3636 3641/3641/3641 3637/3637/3637
f 3634/3634/3634 3639/3639/3639 3641/3641/3641
f 3637/3637/3637 3642/3642/3642 3638/3638/3638
f 3641/3641/3641 3642/3642/3642 3637/3637/3637
f 3642/3642/3642 3643/3643/3643 3638/3638/3638
f 3640/3640/3640 3644/3644/3644 3639/3639/3639
f 3640/3640/3640 3645/3645/3645 3644/3644/3644
f 3639/3639/3639 3646/3646/3646 3641/3641/3641
f 3641/3641/3641 3646/3646/3646 3642/3642/3642
f 3639/3639/3639 3644/3644/3644 3646/3646/3646
f 3642/3642/3642 3647/3647/3647 3643/3643/3643
f 3646/3646/3646 3647/3647/3647 3642/3642/3642
f 3647/3647/3647 3648/3648/3648 3643/3643/3643
f 3645/3645/3645 3649/3649/3649 3644/3644/3644
f 3645/3645/3645 3650/3650/3650 3649/3649/3649
f 3644/3644/3644 3651/3651/3651 3646/3646/3646
f 3646/3646/3646 3651/3651/3651 3647/3647/3647
f 3644/3644/3644 3649/3649/3649 3651/3651/3651
f 3647/3647/3647 3652/3652/3652 3648/3648/3648
f 3651/3651/3651 3652/3652/3652 3647/3647/3647
f 3652/3652/3652 3653/3653/3653 3648/3648/3648
f 3654/3654/3654 3653/3653/3653 3652/3652/3652
f 3650/3650/3650 3655/3655/3655 3649/3649/3649
f 3650/3650/3650 3656/3656/3656 3655/3655/3655
f 3649/3649/3649 3657/3657/3657 3651/3651/3651
f 3651/3651/3651 3657/3657/3657 3652/3652/3652
f 3649/3649/3649 3655/3655/3655 3657/3657/3657
f 3658/3658/3658 3654/3654/3654 3652/3652/3652
f 3657/3657/3657 3658/3658/3658 3652/3652/3652
f 3656/3656/3656 3659/3659/3659 3655/3655/3655
f 3656/3656/3656 3660/3660/3660 3659/3659/3659
f 3655/3655/3655 3661/3661/3661 3657/3657/3657
f 3657/3657/3657 3661/3661/3661 3658/3658/3658
f 3655/3655/3655 3659/3659/3659 3661/3661/3661
f 3658/3658/3658 3662/3662/3662 3654/3654/3654
f 3661/3661/3661 3662/3662/3662 3658/3658/3658
f 3662/3662/3662 3663/3663/3663 3654/3654/3654
f 3660/3660/3660 3664/3664/3664 3659/3659/3659
f 3660/3660/3660 3665/3665/3665 3664/3664/3664
f 3659/3659/3659 3666/3666/3666 3661/3661/3661
f 3661/3661/3661 3666/3666/3666 3662/3662/3662
f 3659/3659/3659 3664/3664/3664 3666/3666/3666
f 3662/3662/3662 3667/3667/3667 3663/3663/3663
f 3666/3666/3666 3667/3667/3667 3662/3662/3662
f 3667/3667/3667 3668/3668/3668 3663/3663/3663
f 3665/3665/3665 3669/3669/3669 3664/3664/3664
f 3665/3665/3665 3670/3670/3670 3669/3669/3669
f 3664/3664/3664 3671/3671/3671 3666/3666/3666
f 3666/3666/3666 3671/3671/3671 3667/3667/3667
f 3664/3664/3664 3669/3669/3669 3671/3671/3671
f 3667/3667/3667 3672/3672/3672 3668/3668/3668
f 3671/3671/3671 3672/3672/3672 3667/3667/3667
f 3672/3672/3672 3673/3673/3673 3668/3668/3668
f 3674/3674/3674 3673/3673/3673 3672/3672/3672
f 3670/3670/3670 3675/3675/3675 3669/3669/3669
f 3670/3670/3670 3676/3676/3676 3675/3675/3675
f 3669/3669/3669 3677/3677/3677 3671/3671/3671
f 3671/3671/3671 3677/3677/3677 3672/3672/3672
f 3669/3669/3669 3675/3675/3675 3677/3677/3677
f 3678/3678/3678 3674/3674/3674 3672/3672/3672
f 3677/3677/3677 3678/3678/3678 3672/3672/3672
f 3676/3676/3676 3679/3679/3679 3675/3675/3675
f 3676/3676/3676 3680/3680/3680 3679/3679/3679
f 3675/3675/3675 3681/3681/3681 3677/3677/3677
f 3677/3677/3677 3681/3681/3681 3678/3678/3678
f 3675/3675/3675 3679/3679/3679 3681/3681/3681
f 3678/3678/3678 3682/3682/3682 3674/3674/3674
f 3681/3681/3681 3682/3682/3682 3678/3678/3678
f 3682/3682/3682 3683/3683/3683 3674/3674/3674
f 3680/3680/3680 3684/3684/3684 3679/3679/3679
f 3680/3680/3680 3685/3685/3685 3684/3684/3684
f 3685/3685/3685 3686/3686/3686 3684/3684/3684
f 3679/3679/3679 3687/3687/3687 3681/3681/3681
f 3681/3681/3681 3687/3687/3687 3682/3682/3682
f 3679/3679/3679 3684/3684/3684 3687/3687/3687
f 3682/3682/3682 3688/3688/3688 3683/3683/3683
f 3687/3687/3687 3688/3688/3688 3682/3682/3682
f 3688/3688/3688 3689/3689/3689 3683/3683/3683
f 3684/3684/3684 3686/3686/3686 3690/3690/3690
f 3684/3684/3684 3690/3690/3690 3687/3687/3687
f 3687/3687/3687 3690/3690/3690 3688/3688/3688
f 3686/3686/3686 3691/3691/3691 3690/3690/3690
f 3688/3688/3688 3692/3692/3692 3689/3689/3689
f 3690/3690/3690 3692/3692/3692 3688/3688/3688
f 3690/3690/3690 3691/3691/3691 3692/3692/3692
f 3692/3692/3692 3693/3693/3693 3689/3689/3689
f 3691/3691/3691 3694/3694/3694 3692/3692/3692
f 3692/3692/3692 3694/3694/3694 3693/3693/3693
f 3694/3694/3694 3695/3695/3695 3693/3693/3693
f 3698/3698/3698 3697/3697/3697 3696/3696/3696
f 3697/3697/3697 3699/3699/3699 3696/3696/3696
f 3696/3696/3696 3699/3699/3699 3700/3700/3700
f 3697/3697/3697 3701/3701/3701 3699/3699/3699
f 3699/3699/3699 3702/3702/3702 3700/3700/3700
f 3700/3700/3700 3702/3702/3702 3703/3703/3703
f 3701/3701/3701 3704/3704/3704 3699/3699/3699
f 3699/3699/3699 3704/3704/3704 3702/3702/3702
f 3701/3701/3701 3705/3705/3705 3704/3704/3704
f 3702/3702/3702 3706/3706/3706 3703/3703/3703
f 3703/3703/3703 3706/3706/3706 3707/3707/3707
f 3706/3706/3706 3708/3708/3708 3707/3707/3707
f 3705/3705/3705 3709/3709/3709 3704/3704/3704
f 3705/3705/3705 3710/3710/3710 3709/3709/3709
f 3704/3704/3704 3711/3711/3711 3702/3702/3702
f 3702/3702/3702 3711/3711/3711 3706/3706/3706
f 3704/3704/3704 3709/3709/3709 3711/3711/3711
f 3706/3706/3706 3712/3712/3712 3708/3708/3708
f 3711/3711/3711 3712/3712/3712 3706/3706/3706
f 3712/3712/3712 3713/3713/3713 3708/3708/3708
f 3710/3710/3710 3714/3714/3714 3709/3709/3709
f 3710/3710/3710 3715/3715/3715 3714/3714/3714
f 3709/3709/3709 3716/3716/3716 3711/3711/3711
f 3711/3711/3711 3716/3716/3716 3712/3712/3712
f 3709/3709/3709 3714/3714/3714 3716/3716/3716
f 3712/3712/3712 3717/3717/3717 3713/3713/3713
f 3716/3716/3716 3717/3717/3717 3712/3712/3712
f 3717/3717/3717 3718/3718/3718 3713/3713/3713
f 3715/3715/3715 3719/3719/3719 3714/3714/3714
f 3715/3715/3715 3720/3720/3720 3719/3719/3719
f 3714/3714/3714 3721/3721/3721 3716/3716/3716
f 3716/3716/3716 3721/3721/3721 3717/3717/3717
f 3714/3714/3714 3719/3719/3719 3721/3721/3721
f 3717/3717/3717 3722/3722/3722 3718/3718/3718
f 3721/3721/3721 3722/3722/3722 3717/3717/3717
f 3722/3722/3722 3723/3723/3723 3718/3718/3718
f 3720/3720/3720 3724/3724/3724 3719/3719/3719
f 3720/3720/3720 3725/3725/3725 3724/3724/3724
f 3719/3719/3719 3726/3726/3726 3721/3721/3721
f 3721/3721/3721 3726/3726/3726 3722/3722/3722
f 3719/3719/3719 3724/3724/3724 3726/3726/3726
f 3722/3722/3722 3727/3727/3727 3723/3723/3723
f 3726/3726/3726 3727/3727/3727 3722/3722/3722
f 3727/3727/3727 3728/3728/3728 3723/3723/3723
f 3725/3725/3725 3729/3729/3729 3724/3724/3724
f 3725/3725/3725 3730/3730/3730 3729/3729/3729
f 3724/3724/3724 3731/3731/3731 3726/3726/3726
f 3726/3726/3726 3731/3731/3731 3727/3727/3727
f 3724/3724/3724 3729/3729/3729 3731/3731/3731
f 3727/3727/3727 3732/3732/3732 3728/3728/3728
f 3731/3731/3731 3732/3732/3732 3727/3727/3727
f 3732/3732/3732 3733/3733/3733 3728/3728/3728
f 3730/3730/3730 3734/3734/3734 3729/3729/3729
f 3730/3730/3730 3735/3735/3735 3734/3734/3734
f 3729/3729/3729 3736/3736/3736 3731/3731/3731
f 3731/3731/3731 3736/3736/3736 3732/3732/3732
f 3729/3729/3729 3734/3734/3734 3736/3736/3736
f 3732/3732/3732 3737/3737/3737 3733/3733/3733
f 3736/3736/3736 3737/3737/3737 3732/3732/3732
f 3737/3737/3737 3738/3738/3738 3733/3733/3733
f 3735/3735/3735 3739/3739/3739 3734/3734/3734
f 3735/3735/3735 3740/3740/3740 3739/3739/3739
f 3734/3734/3734 3741/3741/3741 3736/3736/3736
f 3736/3736/3736 3741/3741/3741 3737/3737/3737
f 3734/3734/3734 3739/3739/3739 3741/3741/3741
f 3737/3737/3737 3742/3742/3742 3738/3738/3738
f 3741/3741/3741 3742/3742/3742 3737/3737/3737
f 3742/3742/3742 3743/3743/3743 3738/3738/3738
f 3740/3740/3740 3744/3744/3744 3739/3739/3739
f 3740/3740/3740 3745/3745/3745 3744/3744/3744
f 3739/3739/3739 3746/3746/3746 3741/3741/3741
f 3741/3741/3741 3746/3746/3746 3742/3742/3742
f 3739/3739/3739 3744/3744/3744 3746/3746/3746
f 3742/3742/3742 3747/3747/3747 3743/3743/3743
f 3746/3746/3746 3747/3747/3747 3742/3742/3742
f 3747/3747/3747 3748/3748/3748 3743/3743/3743
f 3745/3745/3745 3749/3749/3749 3744/3744/3744
f 3745/3745/3745 3750/3750/3750 3749/3749/3749
f 3744/3744/3744 3751/3751/3751 3746/3746/3746
f 3746/3746/3746 3751/3751/3751 3747/3747/3747
f 3744/3744/3744 3749/3749/3749 3751/3751/3751
f 3747/3747/3747 3752/3752/3752 3748/3748/3748
f 3751/3751/3751 3752/3752/3752 3747/3747/3747
f 3752/3752/3752 3753/3753/3753 3748/3748/3748
f 3750/3750/3750 3754/3754/3754 3749/3749/3749
f 3750/3750/3750 3755/3755/3755 3754/3754/3754
f 3749/3749/3749 3756/3756/3756 3751/3751/3751
f 3751/3751/3751 3756/3756/3756 3752/3752/3752
f 3749/3749/3749 3754/3754/3754 3756/3756/3756
f 3752/3752/3752 3757/3757/3757 3753/3753/3753
f 3756/3756/3756 3757/3757/3757 3752/3752/3752
f 3757/3757/3757 3758/3758/3758 3753/3753/3753
f 3755/3755/3755 3759/3759/3759 3754/3754/3754
f 3755/3755/3755 3760/3760/3760 3759/3759/3759
f 3754/3754/3754 3761/3761/3761 3756/3756/3756
f 3756/3756/3756 3761/3761/3761 3757/3757/3757
f 3754/3754/3754 3759/3759/3759 3761/3761/3761
f 3757/3757/3757 3762/3762/3762 3758/3758/3758
f 3761/3761/3761 3762/3762/3762 3757/3757/3757
f 3762/3762/3762 3763/3763/3763 3758/3758/3758
f 3760/3760/3760 3764/3764/3764 3759/3759/3759
f 3760/3760/3760 3765/3765/3765 3764/3764/3764
f 3759/3759/3759 3766/3766/3766 3761/3761/3761
f 3761/3761/3761 3766/3766/3766 3762/3762/3762
f 3759/3759/3759 3764/3764/3764 3766/3766/3766
f 3762/3762/3762 3767/3767/3767 3763/3763/3763
f 3766/3766/3766 3767/3767/3767 3762/3762/3762
f 3767/3767/3767 3768/3768/3768 3763/3763/3763
f 3765/3765/3765 3769/3769/3769 3764/3764/3764
f 3765/3765/3765 3770/3770/3770 3769/3769/3769
f 3764/3764/3764 3771/3771/3771 3766/3766/3766
f 3766/3766/3766 3771/3771/3771 3767/3767/3767
f 3764/3764/3764 3769/3769/3769 3771/3771/3771
f 3767/3767/3767 3772/3772/3772 3768/3768/3768
f 3771/3771/3771 3772/3772/3772 3767/3767/3767
f 3772/3772/3772 3773/3773/3773 3768/3768/3768
f 3770/3770/3770 3774/3774/3774 3769/3769/3769
f 3770/3770/3770 3775/3775/3775 3774/3774/3774
f 3769/3769/3769 3776/3776/3776 3771/3771/3771
f 3771/3771/3771 3776/3776/3776 3772/3772/3772
f 3769/3769/3769 3774/3774/3774 3776/3776/3776
f 3772/3772/3772 3777/3777/3777 3773/3773/3773
f 3776/3776/3776 3777/3777/3777 3772/3772/3772
f 3777/3777/3777 3778/3778/3778 3773/3773/3773
f 3775/3775/3775 3779/3779/3779 3774/3774/3774
f 3775/3775/3775 3780/3780/3780 3779/3779/3779
f 3774/3774/3774 3781/3781/3781 3776/3776/3776
f 3776/3776/3776 3781/3781/3781 3777/3777/3777
f 3774/3774/3774 3779/3779/3779 3781/3781/3781
f 3777/3777/3777 3782/3782/3782 3778/3778/3778
f 3781/3781/3781 3782/3782/3782 3777/3777/3777
f 3782/3782/3782 3783/3783/3783 3778/3778/3778
f 3780/3780/3780 3784/3784/3784 3779/3779/3779
f 3780/3780/3780 3785/3785/3785 3784/3784/3784
f 3779/3779/3779 3786/3786/3786 3781/3781/3781
f 3781/3781/3781 3786/3786/3786 3782/3782/3782
f 3779/3779/3779 3784/3784/3784 3786/3786/3786
f 3782/3782/3782 3787/3787/3787 3783/3783/3783
f 3786/3786/3786 3787/3787/3787 3782/3782/3782
f 3787/3787/3787 3788/3788/3788 3783/3783/3783
f 3785/3785/3785 3789/3789/3789 3784/3784/3784
f 3785/3785/3785 3790/3790/3790 3789/3789/3789
f 3784/3784/3784 3791/3791/3791 3786/3786/3786
f 3786/3786/3786 3791/3791/3791 3787/3787/3787
f 3784/3784/3784 3789/3789/3789 3791/3791/3791
f 3787/3787/3787 3792/3792/3792 3788/3788/3788
f 3791/3791/3791 3792/3792/3792 3787/3787/3787
f 3792/3792/3792 3793/3793/3793 3788/3788/3788
f 3790/3790/3790 3794/3794/3794 3789/3789/3789
f 3790/3790/3790 3795/3795/3795 3794/3794/3794
f 3789/3789/3789 3796/3796/3796 3791/3791/3791
f 3791/3791/3791 3796/3796/3796 3792/3792/3792
f 3789/3789/3789 3794/3794/3794 3796/3796/3796
f 3792/3792/3792 3797/3797/3797 3793/3793/3793
f 3796/3796/3796 3797/3797/3797 3792/3792/3792
f 3797/3797/3797 3798/3798/3798 3793/3793/3793
f 3795/3795/3795 3799/3799/3799 3794/3794/3794
f 3795/3795/3795 3800/3800/3800 3799/3799/3799
f 3794/3794/3794 3801/3801/3801 3796/3796/3796
f 3796/3796/3796 3801/3801/3801 3797/3797/3797
f 3794/3794/3794 3799/3799/3799 3801/3801/3801
f 3797/3797/3797 3802/3802/3802 3798/3798/3798
f 3801/3801/3801 3802/3802/3802 3797/3797/3797
f 3802/3802/3802 3803/3803/3803 3798/3798/3798
f 3800/3800/3800 3804/3804/3804 3799/3799/3799
f 3800/3800/3800 3805/3805/3805 3804/3804/3804
f 3799/3799/3799 3806/3806/3806 3801/3801/3801
f 3801/3801/3801 3806/3806/3806 3802/3802/3802
f 3799/3799/3799 3804/3804/3804 3806/3806/3806
f 3802/3802/3802 3807/3807/3807 3803/3803/3803
f 3806/3806/3806 3807/3807/3807 3802/3802/3802
f 3807/3807/3807 3808/3808/3808 3803/3803/3803
f 3805/3805/3805 3809/3809/3809 3804/3804/3804
f 3805/3805/3805 3810/3810/3810 3809/3809/3809
f 3810/3810/3810 3811/3811/3811 3809/3809/3809
f 3804/3804/3804 3812/3812/3812 3806/3806/3806
f 3806/3806/3806 3812/3812/3812 3807/3807/3807
f 3804/3804/3804 3809/3809/3809 3812/3812/3812
f 3807/3807/3807 3813/3813/3813 3808/3808/3808
f 3812/3812/3812 3813/3813/3813 3807/3807/3807
f 3813/3813/3813 3814/3814/3814 3808/3808/3808
f 3809/3809/3809 3811/3811/3811 3815/3815/3815
f 3809/3809/3809 3815/3815/3815 3812/3812/3812
f 3812/3812/3812 3815/3815/3815 3813/3813/3813
f 3811/3811/3811 3816/3816/3816 3815/3815/3815
f 3813/3813/3813 3817/3817/3817 3814/3814/3814
f 3815/3815/3815 3817/3817/3817 3813/3813/3813
f 3815/3815/3815 3816/3816/3816 3817/3817/3817
f 3817/3817/3817 3818/3818/3818 3814/3814/3814
f 3816/3816/3816 3819/3819/3819 3817/3817/3817
f 3817/3817/3817 3819/3819/3819 3818/3818/3818
f 3819/3819/3819 3820/3820/3820 3818/3818/3818
f 3823/3823/3823 3822/3822/3822 3821/3821/3821
f 3822/3822/3822 3824/3824/3824 3821/3821/3821
f 3821/3821/3821 3824/3824/3824 3825/3825/3825
f 3822/3822/3822 3826/3826/3826 3824/3824/3824
f 3824/3824/3824 3827/3827/3827 3825/3825/3825
f 3825/3825/3825 3827/3827/3827 3828/3828/3828
f 3826/3826/3826 3829/3829/3829 3824/3824/3824
f 3824/3824/3824 3829/3829/3829 3827/3827/3827
f 3826/3826/3826 3830/3830/3830 3829/3829/3829
f 3827/3827/3827 3831/3831/3831 3828/3828/3828
f 3828/3828/3828 3831/3831/3831 3832/3832/3832
f 3831/3831/3831 3833/3833/3833 3832/3832/3832
f 3829/3829/3829 3834/3834/3834 3827/3827/3827
f 3827/3827/3827 3834/3834/3834 3831/3831/3831
f 3830/3830/3830 3835/3835/3835 3829/3829/3829
f 3829/3829/3829 3835/3835/3835 3834/3834/3834
f 3830/3830/3830 3836/3836/3836 3835/3835/3835
f 3831/3831/3831 3837/3837/3837 3833/3833/3833
f 3834/3834/3834 3837/3837/3837 3831/3831/3831
f 3837/3837/3837 3838/3838/3838 3833/3833/3833
f 3836/3836/3836 3839/3839/3839 3835/3835/3835
f 3836/3836/3836 3840/3840/3840 3839/3839/3839
f 3835/3835/3835 3841/3841/3841 3834/3834/3834
f 3834/3834/3834 3841/3841/3841 3837/3837/3837
f 3835/3835/3835 3839/3839/3839 3841/3841/3841
f 3837/3837/3837 3842/3842/3842 3838/3838/3838
f 3841/3841/3841 3842/3842/3842 3837/3837/3837
f 3842/3842/3842 3843/3843/3843 3838/3838/3838
f 3840/3840/3840 3844/3844/3844 3839/3839/3839
f 3840/3840/3840 3845/3845/3845 3844/3844/3844
f 3839/3839/3839 3846/3846/3846 3841/3841/3841
f 3841/3841/3841 3846/3846/3846 3842/3842/3842
f 3839/3839/3839 3844/3844/3844 3846/3846/3846
f 3842/3842/3842 3847/3847/3847 3843/3843/3843
f 3846/3846/3846 3847/3847/3847 3842/3842/3842
f 3847/3847/3847 3848/3848/3848 3843/3843/3843
f 3845/3845/3845 3849/3849/3849 3844/3844/3844
f 3845/3845/3845 3850/3850/3850 3849/3849/3849
f 3844/3844/3844 3851/3851/3851 3846/3846/3846
f 3846/3846/3846 3851/3851/3851 3847/3847/3847
f 3844/3844/3844 3849/3849/3849 3851/3851/3851
f 3847/3847/3847 3852/3852/3852 3848/3848/3848
f 3851/3851/3851 3852/3852/3852 3847/3847/3847
f 3852/3852/3852 3853/3853/3853 3848/3848/3848
f 3850/3850/3850 3854/3854/3854 3849/3849/3849
f 3850/3850/3850 3855/3855/3855 3854/3854/3854
f 3849/3849/3849 3856/3856/3856 3851/3851/3851
f 3851/3851/3851 3856/3856/3856 3852/3852/3852
f 3849/3849/3849 3854/3854/3854 3856/3856/3856
f 3852/3852/3852 3857/3857/3857 3853/3853/3853
f 3856/3856/3856 3857/3857/3857 3852/3852/3852
f 3857/3857/3857 3858/3858/3858 3853/3853/3853
f 3855/3855/3855 3859/3859/3859 3854/3854/3854
f 3855/3855/3855 3860/3860/3860 3859/3859/3859
f 3854/3854/3854 3861/3861/3861 3856/3856/3856
f 3856/3856/3856 3861/3861/3861 3857/3857/3857
f 3854/3854/3854 3859/3859/3859 3861/3861/3861
f 3857/3857/3857 3862/3862/3862 3858/3858/3858
f 3861/3861/3861 3862/3862/3862 3857/3857/3857
f 3862/3862/3862 3863/3863/3863 3858/3858/3858
f 3860/3860/3860 3864/3864/3864 3859/3859/3859
f 3860/3860/3860 3865/3865/3865 3864/3864/3864
f 3859/3859/3859 3866/3866/3866 3861/3861/3861
f 3861/3861/3861 3866/3866/3866 3862/3862/3862
f 3859/3859/3859 3864/3864/3864 3866/3866/3866
f 3862/3862/3862 3867/3867/3867 3863/3863/3863
f 3866/3866/3866 3867/3867/3867 3862/3862/3862
f 3867/3867/3867 3868/3868/3868 3863/3863/3863
f 3865/3865/3865 3869/3869/3869 3864/3864/3864
f 3865/3865/3865 3870/3870/3870 3869/3869/3869
f 3864/3864/3864 3871/3871/3871 3866/3866/3866
f 3866/3866/3866 3871/3871/3871 3867/3867/3867
f 3864/3864/3864 3869/3869/3869 3871/3871/3871
f 3867/3867/3867 3872/3872/3872 3868/3868/3868
f 3871/3871/3871 3872/3872/3872 3867/3867/3867
f 3872/3872/3872 3873/3873/3873 3868/3868/3868
f 3870/3870/3870 3874/3874/3874 3869/3869/3869
f 3870/3870/3870 3875/3875/3875 3874/3874/3874
f 3869/3869/3869 3876/3876/3876 3871/3871/3871
f 3871/3871/3871 3876/3876/3876 3872/3872/3872
f 3869/3869/3869 3874/3874/3874 3876/3876/3876
f 3872/3872/3872 3877/3877/3877 3873/3873/3873
f 3876/3876/3876 3877/3877/3877 3872/3872/3872
f 3877/3877/3877 3878/3878/3878 3873/3873/3873
f 3875/3875/3875 3879/3879/3879 3874/3874/3874
f 3875/3875/3875 3880/3880/3880 3879/3879/3879
f 3874/3874/3874 3881/3881/3881 3876/3876/3876
f 3876/3876/3876 3881/3881/3881 3877/3877/3877
f 3874/3874/3874 3879/3879/3879 3881/3881/3881
f 3877/3877/3877 3882/3882/3882 3878/3878/3878
f 3881/3881/3881 3882/3882/3882 3877/3877/3877
f 3882/3882/3882 3883/3883/3883 3878/3878/3878
f 3880/3880/3880 3884/3884/3884 3879/3879/3879
f 3880/3880/3880 3885/3885/3885 3884/3884/3884
f 3879/3879/3879 3886/3886/3886 3881/3881/3881
f 3881/3881/3881 3886/3886/3886 3882/3882/3882
f 3879/3879/3879 3884/3884/3884 3886/3886/3886
f 3882/3882/3882 3887/3887/3887 3883/3883/3883
f 3886/3886/3886 3887/3887/3887 3882/3882/3882
f 3887/3887/3887 3888/3888/3888 3883/3883/3883
f 3885/3885/3885 3889/3889/3889 3884/3884/3884
f 3885/3885/3885 3890/3890/3890 3889/3889/3889
f 3884/3884/3884 3891/3891/3891 3886/3886/3886
f 3886/3886/3886 3891/3891/3891 3887/3887/3887
f 3884/3884/3884 3889/3889/3889 3891/3891/3891
f 3887/3887/3887 3892/3892/3892 3888/3888/3888
f 3891/3891/3891 3892/3892/3892 3887/3887/3887
f 3892/3892/3892 3893/3893/3893 3888/3888/3888
f 3890/3890/3890 3894/3894/3894 3889/3889/3889
f 3890/3890/3890 3895/3895/3895 3894/3894/3894
f 3889/3889/3889 3896/3896/3896 3891/3891/3891
f 3891/3891/3891 3896/3896/3896 3892/3892/3892
f 3889/3889/3889 3894/3894/3894 3896/3896/3896
f 3892/3892/3892 3897/3897/3897 3893/3893/3893
f 3896/3896/3896 3897/3897/3897 3892/3892/3892
f 3897/3897/3897 3898/3898/3898 3893/3893/3893
f 3895/3895/3895 3899/3899/3899 3894/3894/3894
f 3895/3895/3895 3900/3900/3900 3899/3899/3899
f 3894/3894/3894 3901/3901/3901 3896/3896/3896
f 3896/3896/3896 3901/3901/3901 3897/3897/3897
f 3894/3894/3894 3899/3899/3899 3901/3901/3901
f 3897/3897/3897 3902/3902/3902 3898/3898/3898
f 3901/3901/3901 3902/3902/3902 3897/3897/3897
f 3902/3902/3902 3903/3903/3903 3898/3898/3898
f 3900/3900/3900 3904/3904/3904 3899/3899/3899
f 3900/3900/3900 3905/3905/3905 3904/3904/3904
f 3899/3899/3899 3906/3906/3906 3901/3901/3901
f 3901/3901/3901 3906/3906/3906 3902/3902/3902
f 3899/3899/3899 3904/3904/3904 3906/3906/3906
f 3902/3902/3902 3907/3907/3907 3903/3903/3903
f 3906/3906/3906 3907/3907/3907 3902/3902/3902
f 3907/3907/3907 3908/3908/3908 3903/3903/3903
f 3905/3905/3905 3909/3909/3909 3904/3904/3904
f 3905/3905/3905 3910/3910/3910 3909/3909/3909
f 3904/3904/3904 3911/3911/3911 3906/3906/3906
f 3906/3906/3906 3911/3911/3911 3907/3907/3907
f 3904/3904/3904 3909/3909/3909 3911/3911/3911
f 3907/3907/3907 3912/3912/3912 3908/3908/3908
f 3911/3911/3911 3912/3912/3912 3907/3907/3907
f 3912/3912/3912 3913/3913/3913 3908/3908/3908
f 3910/3910/3910 3914/3914/3914 3909/3909/3909
f 3910/3910/3910 3915/3915/3915 3914/3914/3914
f 3909/3909/3909 3916/3916/3916 3911/3911/3911
f 3911/3911/3911 3916/3916/3916 3912/3912/3912
f 3909/3909/3909 3914/3914/3914 3916/3916/3916
f 3912/3912/3912 3917/3917/3917 3913/3913/3913
f 3916/3916/3916 3917/3917/3917 3912/3912/3912
f 3917/3917/3917 3918/3918/3918 3913/3913/3913
f 3915/3915/3915 3919/3919/3919 3914/3914/3914
f 3915/3915/3915 3920/3920/3920 3919/3919/3919
f 3914/3914/3914 3921/3921/3921 3916/3916/3916
f 3916/3916/3916 3921/3921/3921 3917/3917/3917
f 3914/3914/3914 3919/3919/3919 3921/3921/3921
f 3917/3917/3917 3922/3922/3922 3918/3918/3918
f 3921/3921/3921 3922/3922/3922 3917/3917/3917
f 3922/3922/3922 3923/3923/3923 3918/3918/3918
f 3920/3920/3920 3924/3924/3924 3919/3919/3919
f 3920/3920/3920 3925/3925/3925 3924/3924/3924
f 3925/3925/3925 3926/3926/3926 3924/3924/3924
f 3919/3919/3919 3927/3927/3927 3921/3921/3921
f 3921/3921/3921 3927/3927/3927 3922/3922/3922
f 3919/3919/3919 3924/3924/3924 3927/3927/3927
f 3922/3922/3922 3928/3928/3928 3923/3923/3923
f 3927/3927/3927 3928/3928/3928 3922/3922/3922
f 3928/3928/3928 3929/3929/3929 3923/3923/3923
f 3924/3924/3924 3926/3926/3926 3930/3930/3930
f 3924/3924/3924 3930/3930/3930 3927/3927/3927
f 3927/3927/3927 3930/3930/3930 3928/3928/3928
f 3926/3926/3926 3931/3931/3931 3930/3930/3930
f 3928/3928/3928 3932/3932/3932 3929/3929/3929
f 3930/3930/3930 3932/3932/3932 3928/3928/3928
f 3930/3930/3930 3931/3931/3931 3932/3932/3932
f 3932/3932/3932 3933/3933/3933 3929/3929/3929
f 3931/3931/3931 3934/3934/3934 3932/3932/3932
f 3932/3932/3932 3934/3934/3934 3933/3933/3933
f 3934/3934/3934 3935/3935/3935 3933/3933/3933
f 3938/3938/3938 3937/3937/3937 3936/3936/3936
f 3939/3939/3939 3938/3938/3938 3936/3936/3936
f 3942/3942/3942 3941/3941/3941 3940/3940/3940
f 3943/3943/3943 3942/3942/3942 3940/3940/3940
f 3946/3946/3946 3945/3945/3945 3944/3944/3944
f 3947/3947/3947 3946/3946/3946 3944/3944/3944
f 3950/3950/3950 3949/3949/3949 3948/3948/3948
f 3951/3951/3951 3950/3950/3950 3948/3948/3948
f 3954/3954/3954 3953/3953/3953 3952/3952/3952
f 3955/3955/3955 3954/3954/3954 3952/3952/3952
f 3958/3958/3958 3957/3957/3957 3956/3956/3956
f 3959/3959/3959 3958/3958/3958 3956/3956/3956
f 3962/3962/3962 3961/3961/3961 3960/3960/3960
f 3963/3963/3963 3962/3962/3962 3960/3960/3960
f 3966/3966/3966 3965/3965/3965 3964/3964/3964
f 3967/3967/3967 3966/3966/3966 3964/3964/3964
f 3970/3970/3970 3969/3969/3969 3968/3968/3968
f 3971/3971/3971 3970/3970/3970 3968/3968/3968
f 3974/3974/3974 3973/3973/3973 3972/3972/3972
f 3975/3975/3975 3974/3974/3974 3972/3972/3972
f 3978/3978/3978 3977/3977/3977 3976/3976/3976
f 3979/3979/3979 3978/3978/3978 3976/3976/3976
f 3982/3982/3982 3981/3981/3981 3980/3980/3980
f 3983/3983/3983 3982/3982/3982 3980/3980/3980
f 3986/3986/3986 3985/3985/3985 3984/3984/3984
f 3985/3985/3985 3987/3987/3987 3984/3984/3984
f 3984/3984/3984 3987/3987/3987 3988/3988/3988
f 3985/3985/3985 3989/3989/3989 3987/3987/3987
f 3987/3987/3987 3990/3990/3990 3988/3988/3988
f 3988/3988/3988 3990/3990/3990 3991/3991/3991
f 3989/3989/3989 3992/3992/3992 3987/3987/3987
f 3987/3987/3987 3992/3992/3992 3990/3990/3990
f 3989/3989/3989 3993/3993/3993 3992/3992/3992
f 3990/3990/3990 3994/3994/3994 3991/3991/3991
f 3991/3991/3991 3994/3994/3994 3995/3995/3995
f 3994/3994/3994 3996/3996/3996 3995/3995/3995
f 3993/3993/3993 3997/3997/3997 3992/3992/3992
f 3993/3993/3993 3998/3998/3998 3997/3997/3997
f 3992/3992/3992 3999/3999/3999 3990/3990/3990
f 3990/3990/3990 3999/3999/3999 3994/3994/3994
f 3992/3992/3992 3997/3997/3997 3999/3999/3999
f 3994/3994/3994 4000/4000/4000 3996/3996/3996
f 3999/3999/3999 4000/4000/4000 3994/3994/3994
f 4000/4000/4000 4001/4001/4001 3996/3996/3996
f 3998/3998/3998 4002/4002/4002 3997/3997/3997
f 3998/3998/3998 4003/4003/4003 4002/4002/4002
f 3997/3997/3997 4004/4004/4004 3999/3999/3999
f 3999/3999/3999 4004/4004/4004 4000/4000/4000
f 3997/3997/3997 4002/4002/4002 4004/4004/4004
f 4000/4000/4000 4005/4005/4005 4001/4001/4001
f 4004/4004/4004 4005/4005/4005 4000/4000/4000
f 4005/4005/4005 4006/4006/4006 4001/4001/4001
f 4003/4003/4003 4007/4007/4007 4002/4002/4002
f 4003/4003/4003 4008/4008/4008 4007/4007/4007
f 4002/4002/4002 4009/4009/4009 4004/4004/4004
f 4004/4004/4004 4009/4009/4009 4005/4005/4005
f 4002/4002/4002 4007/4007/4007 4009/4009/4009
f 4005/4005/4005 4010/4010/4010 4006/4006/4006
f 4009/4009/4009 4010/4010/4010 4005/4005/4005
f 4010/4010/4010 4011/4011/4011 4006/4006/4006
f 4008/4008/4008 4012/4012/4012 4007/4007/4007
f 4008/4008/4008 4013/4013/4013 4012/4012/4012
f 4007/4007/4007 4014/4014/4014 4009/4009/4009
f 4009/4009/4009 4014/4014/4014 4010/4010/4010
f 4007/4007/4007 4012/4012/4012 4014/4014/4014
f 4010/4010/4010 4015/4015/4015 4011/4011/4011
f 4014/4014/4014 4015/4015/4015 4010/4010/4010
f 4015/4015/4015 4016/4016/4016 4011/4011/4011
f 4013/4013/4013 4017/4017/4017 4012/4012/4012
f 4013/4013/4013 4018/4018/4018 4017/4017/4017
f 4012/4012/4012 4019/4019/4019 4014/4014/4014
f 4014/4014/4014 4019/4019/4019 4015/4015/4015
f 4012/4012/4012 4017/4017/4017 4019/4019/4019
f 4015/4015/4015 4020/4020/4020 4016/4016/4016
f 4019/4019/4019 4020/4020/4020 4015/4015/4015
f 4020/4020/4020 4021/4021/4021 4016/4016/4016
f 4018/4018/4018 4022/4022/4022 4017/4017/4017
f 4018/4018/4018 4023/4023/4023 4022/4022/4022
f 4017/4017/4017 4024/4024/4024 4019/4019/4019
f 4019/4019/4019 4024/4024/4024 4020/4020/4020
f 4017/4017/4017 4022/4022/4022 4024/4024/4024
f 4020/4020/4020 4025/4025/4025 4021/4021/4021
f 4024/4024/4024 4025/4025/4025 4020/4020/4020
f 4025/4025/4025 4026/4026/4026 4021/4021/4021
f 4023/4023/4023 4027/4027/4027 4022/4022/4022
f 4023/4023/4023 4028/4028/4028 4027/4027/4027
f 4022/4022/4022 4029/4029/4029 4024/4024/4024
f 4024/4024/4024 4029/4029/4029 4025/4025/4025
f 4022/4022/4022 4027/4027/4027 4029/4029/4029
f 4025/4025/4025 4030/4030/4030 4026/4026/4026
f 4029/4029/4029 4030/4030/4030 4025/4025/4025
f 4030/4030/4030 4031/4031/4031 4026/4026/4026
f 4028/4028/4028 4032/4032/4032 4027/4027/4027
f 4028/4028/4028 4033/4033/4033 4032/4032/4032
f 4027/4027/4027 4034/4034/4034 4029/4029/4029
f 4029/4029/4029 4034/4034/4034 4030/4030/4030
f 4027/4027/4027 4032/4032/4032 4034/4034/4034
f 4030/4030/4030 4035/4035/4035 4031/4031/4031
f 4034/4034/4034 4035/4035/4035 4030/4030/4030
f 4035/4035/4035 4036/4036/4036 4031/4031/4031
f 4032/4032/4032 4037/4037/4037 4034/4034/4034
f 4034/4034/4034 4037/4037/4037 4035/4035/4035
f 4035/4035/4035 4038/4038/4038 4036/4036/4036
f 4037/4037/4037 4038/4038/4038 4035/4035/4035
f 4038/4038/4038 4039/4039/4039 4036/4036/4036
f 4033/4033/4033 4040/4040/4040 4032/4032/4032
f 4032/4032/4032 4040/4040/4040 4037/4037/4037
f 4038/4038/4038 4041/4041/4041 4039/4039/4039
f 4041/4041/4041 4042/4042/4042 4039/4039/4039
f 4043/4043/4043 4042/4042/4042 4041/4041/4041
f 4044/4044/4044 4043/4043/4043 4041/4041/4041
f 4045/4045/4045 4044/4044/4044 4041/4041/4041
f 4037/4037/4037 4046/4046/4046 4038/4038/4038
f 4046/4046/4046 4041/4041/4041 4038/4038/4038
f 4046/4046/4046 4045/4045/4045 4041/4041/4041
f 4040/4040/4040 4046/4046/4046 4037/4037/4037
f 4047/4047/4047 4045/4045/4045 4046/4046/4046
f 4040/4040/4040 4047/4047/4047 4046/4046/4046
f 4047/4047/4047 4040/4040/4040 4033/4033/4033
f 4048/4048/4048 4047/4047/4047 4033/4033/4033
f 4051/4051/4051 4050/4050/4050 4049/4049/4049
f 4052/4052/4052 4050/4050/4050 4051/4051/4051
f 4055/4055/4055 4054/4054/4054 4053/4053/4053
f 4054/4054/4054 4056/4056/4056 4053/4053/4053
f 4053/4053/4053 4056/4056/4056 4057/4057/4057
f 4054/4054/4054 4058/4058/4058 4056/4056/4056
f 4056/4056/4056 4059/4059/4059 4057/4057/4057
f 4057/4057/4057 4059/4059/4059 4060/4060/4060
f 4058/4058/4058 4061/4061/4061 4056/4056/4056
f 4056/4056/4056 4061/4061/4061 4059/4059/4059
f 4058/4058/4058 4062/4062/4062 4061/4061/4061
f 4059/4059/4059 4063/4063/4063 4060/4060/4060
f 4060/4060/4060 4063/4063/4063 4064/4064/4064
f 4061/4061/4061 4065/4065/4065 4059/4059/4059
f 4059/4059/4059 4065/4065/4065 4063/4063/4063
f 4062/4062/4062 4066/4066/4066 4061/4061/4061
f 4061/4061/4061 4066/4066/4066 4065/4065/4065
f 4062/4062/4062 4067/4067/4067 4066/4066/4066
f 4063/4063/4063 4068/4068/4068 4064/4064/4064
f 4064/4064/4064 4068/4068/4068 4069/4069/4069
f 4065/4065/4065 4070/4070/4070 4063/4063/4063
f 4063/4063/4063 4070/4070/4070 4068/4068/4068
f 4066/4066/4066 4071/4071/4071 4065/4065/4065
f 4065/4065/4065 4071/4071/4071 4070/4070/4070
f 4067/4067/4067 4072/4072/4072 4066/4066/4066
f 4066/4066/4066 4072/4072/4072 4071/4071/4071
f 4067/4067/4067 4073/4073/4073 4072/4072/4072
f 4068/4068/4068 4074/4074/4074 4069/4069/4069
f 4069/4069/4069 4074/4074/4074 4075/4075/4075
f 4074/4074/4074 4076/4076/4076 4075/4075/4075
f 4070/4070/4070 4077/4077/4077 4068/4068/4068
f 4068/4068/4068 4077/4077/4077 4074/4074/4074
f 4074/4074/4074 4078/4078/4078 4076/4076/4076
f 4077/4077/4077 4078/4078/4078 4074/4074/4074
f 4078/4078/4078 4079/4079/4079 4076/4076/4076
f 4071/4071/4071 4080/4080/4080 4070/4070/4070
f 4070/4070/4070 4080/4080/4080 4077/4077/4077
f 4072/4072/4072 4081/4081/4081 4071/4071/4071
f 4071/4071/4071 4081/4081/4081 4080/4080/4080
f 4073/4073/4073 4082/4082/4082 4072/4072/4072
f 4072/4072/4072 4082/4082/4082 4081/4081/4081
f 4073/4073/4073 4083/4083/4083 4082/4082/4082
f 4078/4078/4078 4084/4084/4084 4079/4079/4079
f 4084/4084/4084 4085/4085/4085 4079/4079/4079
f 4077/4077/4077 4086/4086/4086 4078/4078/4078
f 4080/4080/4080 4086/4086/4086 4077/4077/4077
f 4086/4086/4086 4084/4084/4084 4078/4078/4078
f 4081/4081/4081 4087/4087/4087 4080/4080/4080
f 4080/4080/4080 4087/4087/4087 4086/4086/4086
f 4082/4082/4082 4088/4088/4088 4081/4081/4081
f 4081/4081/4081 4088/4088/4088 4087/4087/4087
f 4083/4083/4083 4089/4089/4089 4082/4082/4082
f 4082/4082/4082 4089/4089/4089 4088/4088/4088
f 4083/4083/4083 4090/4090/4090 4089/4089/4089
f 4084/4084/4084 4091/4091/4091 4085/4085/4085
f 4091/4091/4091 4092/4092/4092 4085/4085/4085
f 4086/4086/4086 4093/4093/4093 4084/4084/4084
f 4087/4087/4087 4093/4093/4093 4086/4086/4086
f 4093/4093/4093 4091/4091/4091 4084/4084/4084
f 4088/4088/4088 4094/4094/4094 4087/4087/4087
f 4087/4087/4087 4094/4094/4094 4093/4093/4093
f 4090/4090/4090 4095/4095/4095 4089/4089/4089
f 4090/4090/4090 4096/4096/4096 4095/4095/4095
f 4089/4089/4089 4097/4097/4097 4088/4088/4088
f 4088/4088/4088 4097/4097/4097 4094/4094/4094
f 4089/4089/4089 4095/4095/4095 4097/4097/4097
f 4091/4091/4091 4098/4098/4098 4092/4092/4092
f 4098/4098/4098 4099/4099/4099 4092/4092/4092
f 4093/4093/4093 4100/4100/4100 4091/4091/4091
f 4094/4094/4094 4100/4100/4100 4093/4093/4093
f 4100/4100/4100 4098/4098/4098 4091/4091/4091
f 4096/4096/4096 4101/4101/4101 4095/4095/4095
f 4096/4096/4096 4102/4102/4102 4101/4101/4101
f 4097/4097/4097 4103/4103/4103 4094/4094/4094
f 4094/4094/4094 4103/4103/4103 4100/4100/4100
f 4095/4095/4095 4104/4104/4104 4097/4097/4097
f 4095/4095/4095 4101/4101/4101 4104/4104/4104
f 4097/4097/4097 4104/4104/4104 4103/4103/4103
f 4098/4098/4098 4105/4105/4105 4099/4099/4099
f 4105/4105/4105 4106/4106/4106 4099/4099/4099
f 4100/4100/4100 4107/4107/4107 4098/4098/4098
f 4103/4103/4103 4107/4107/4107 4100/4100/4100
f 4107/4107/4107 4105/4105/4105 4098/4098/4098
f 4102/4102/4102 4108/4108/4108 4101/4101/4101
f 4102/4102/4102 4109/4109/4109 4108/4108/4108
f 4104/4104/4104 4110/4110/4110 4103/4103/4103
f 4103/4103/4103 4110/4110/4110 4107/4107/4107
f 4101/4101/4101 4111/4111/4111 4104/4104/4104
f 4101/4101/4101 4108/4108/4108 4111/4111/4111
f 4104/4104/4104 4111/4111/4111 4110/4110/4110
f 4105/4105/4105 4112/4112/4112 4106/4106/4106
f 4112/4112/4112 4113/4113/4113 4106/4106/4106
f 4107/4107/4107 4114/4114/4114 4105/4105/4105
f 4110/4110/4110 4114/4114/4114 4107/4107/4107
f 4114/4114/4114 4112/4112/4112 4105/4105/4105
f 4109/4109/4109 4115/4115/4115 4108/4108/4108
f 4109/4109/4109 4116/4116/4116 4115/4115/4115
f 4111/4111/4111 4117/4117/4117 4110/4110/4110
f 4110/4110/4110 4117/4117/4117 4114/4114/4114
f 4108/4108/4108 4118/4118/4118 4111/4111/4111
f 4108/4108/4108 4115/4115/4115 4118/4118/4118
f 4111/4111/4111 4118/4118/4118 4117/4117/4117
f 4112/4112/4112 4119/4119/4119 4113/4113/4113
f 4119/4119/4119 4120/4120/4120 4113/4113/4113
f 4114/4114/4114 4121/4121/4121 4112/4112/4112
f 4117/4117/4117 4121/4121/4121 4114/4114/4114
f 4121/4121/4121 4119/4119/4119 4112/4112/4112
f 4116/4116/4116 4122/4122/4122 4115/4115/4115
f 4116/4116/4116 4123/4123/4123 4122/4122/4122
f 4118/4118/4118 4124/4124/4124 4117/4117/4117
f 4117/4117/4117 4124/4124/4124 4121/4121/4121
f 4115/4115/4115 4125/4125/4125 4118/4118/4118
f 4115/4115/4115 4122/4122/4122 4125/4125/4125
f 4118/4118/4118 4125/4125/4125 4124/4124/4124
f 4119/4119/4119 4126/4126/4126 4120/4120/4120
f 4126/4126/4126 4127/4127/4127 4120/4120/4120
f 4121/4121/4121 4128/4128/4128 4119/4119/4119
f 4124/4124/4124 4128/4128/4128 4121/4121/4121
f 4128/4128/4128 4126/4126/4126 4119/4119/4119
f 4123/4123/4123 4129/4129/4129 4122/4122/4122
f 4123/4123/4123 4130/4130/4130 4129/4129/4129
f 4125/4125/4125 4131/4131/4131 4124/4124/4124
f 4124/4124/4124 4131/4131/4131 4128/4128/4128
f 4122/4122/4122 4132/4132/4132 4125/4125/4125
f 4122/4122/4122 4129/4129/4129 4132/4132/4132
f 4125/4125/4125 4132/4132/4132 4131/4131/4131
f 4126/4126/4126 4133/4133/4133 4127/4127/4127
f 4133/4133/4133 4134/4134/4134 4127/4127/4127
f 4128/4128/4128 4135/4135/4135 4126/4126/4126
f 4131/4131/4131 4135/4135/4135 4128/4128/4128
f 4135/4135/4135 4133/4133/4133 4126/4126/4126
f 4130/4130/4130 4136/4136/4136 4129/4129/4129
f 4130/4130/4130 4137/4137/4137 4136/4136/4136
f 4132/4132/4132 4138/4138/4138 4131/4131/4131
f 4131/4131/4131 4138/4138/4138 4135/4135/4135
f 4129/4129/4129 4139/4139/4139 4132/4132/4132
f 4129/4129/4129 4136/4136/4136 4139/4139/4139
f 4132/4132/4132 4139/4139/4139 4138/4138/4138
f 4133/4133/4133 4140/4140/4140 4134/4134/4134
f 4140/4140/4140 4141/4141/4141 4134/4134/4134
f 4135/4135/4135 4142/4142/4142 4133/4133/4133
f 4138/4138/4138 4142/4142/4142 4135/4135/4135
f 4142/4142/4142 4140/4140/4140 4133/4133/4133
f 4137/4137/4137 4143/4143/4143 4136/4136/4136
f 4137/4137/4137 4144/4144/4144 4143/4143/4143
f 4140/4140/4140 4145/4145/4145 4141/4141/4141
f 4145/4145/4145 4146/4146/4146 4141/4141/4141
f 4138/4138/4138 4147/4147/4147 4142/4142/4142
f 4139/4139/4139 4147/4147/4147 4138/4138/4138
f 4142/4142/4142 4148/4148/4148 4140/4140/4140
f 4147/4147/4147 4148/4148/4148 4142/4142/4142
f 4148/4148/4148 4145/4145/4145 4140/4140/4140
f 4136/4136/4136 4149/4149/4149 4139/4139/4139
f 4136/4136/4136 4143/4143/4143 4149/4149/4149
f 4150/4150/4150 4147/4147/4147 4139/4139/4139
f 4147/4147/4147 4150/4150/4150 4148/4148/4148
f 4149/4149/4149 4150/4150/4150 4139/4139/4139
f 4144/4144/4144 4151/4151/4151 4143/4143/4143
f 4144/4144/4144 4152/4152/4152 4151/4151/4151
f 4143/4143/4143 4153/4153/4153 4149/4149/4149
f 4149/4149/4149 4153/4153/4153 4150/4150/4150
f 4143/4143/4143 4151/4151/4151 4153/4153/4153
f 4145/4145/4145 4154/4154/4154 4146/4146/4146
f 4154/4154/4154 4155/4155/4155 4146/4146/4146
f 4148/4148/4148 4156/4156/4156 4145/4145/4145
f 4150/4150/4150 4156/4156/4156 4148/4148/4148
f 4156/4156/4156 4154/4154/4154 4145/4145/4145
f 4152/4152/4152 4157/4157/4157 4151/4151/4151
f 4152/4152/4152 4158/4158/4158 4157/4157/4157
f 4151/4151/4151 4159/4159/4159 4153/4153/4153
f 4151/4151/4151 4157/4157/4157 4159/4159/4159
f 4153/4153/4153 4160/4160/4160 4150/4150/4150
f 4150/4150/4150 4160/4160/4160 4156/4156/4156
f 4153/4153/4153 4159/4159/4159 4160/4160/4160
f 4154/4154/4154 4161/4161/4161 4155/4155/4155
f 4161/4161/4161 4162/4162/4162 4155/4155/4155
f 4156/4156/4156 4163/4163/4163 4154/4154/4154
f 4160/4160/4160 4163/4163/4163 4156/4156/4156
f 4163/4163/4163 4161/4161/4161 4154/4154/4154
f 4158/4158/4158 4164/4164/4164 4157/4157/4157
f 4158/4158/4158 4165/4165/4165 4164/4164/4164
f 4157/4157/4157 4166/4166/4166 4159/4159/4159
f 4157/4157/4157 4164/4164/4164 4166/4166/4166
f 4159/4159/4159 4167/4167/4167 4160/4160/4160
f 4160/4160/4160 4167/4167/4167 4163/4163/4163
f 4159/4159/4159 4166/4166/4166 4167/4167/4167
f 4161/4161/4161 4168/4168/4168 4162/4162/4162
f 4168/4168/4168 4169/4169/4169 4162/4162/4162
f 4163/4163/4163 4170/4170/4170 4161/4161/4161
f 4167/4167/4167 4170/4170/4170 4163/4163/4163
f 4170/4170/4170 4168/4168/4168 4161/4161/4161
f 4165/4165/4165 4171/4171/4171 4164/4164/4164
f 4165/4165/4165 4172/4172/4172 4171/4171/4171
f 4164/4164/4164 4173/4173/4173 4166/4166/4166
f 4164/4164/4164 4171/4171/4171 4173/4173/4173
f 4166/4166/4166 4174/4174/4174 4167/4167/4167
f 4167/4167/4167 4174/4174/4174 4170/4170/4170
f 4166/4166/4166 4173/4173/4173 4174/4174/4174
f 4168/4168/4168 4175/4175/4175 4169/4169/4169
f 4175/4175/4175 4176/4176/4176 4169/4169/4169
f 4170/4170/4170 4177/4177/4177 4168/4168/4168
f 4174/4174/4174 4177/4177/4177 4170/4170/4170
f 4177/4177/4177 4175/4175/4175 4168/4168/4168
f 4172/4172/4172 4178/4178/4178 4171/4171/4171
f 4172/4172/4172 4179/4179/4179 4178/4178/4178
f 4171/4171/4171 4180/4180/4180 4173/4173/4173
f 4171/4171/4171 4178/4178/4178 4180/4180/4180
f 4173/4173/4173 4181/4181/4181 4174/4174/4174
f 4174/4174/4174 4181/4181/4181 4177/4177/4177
f 4173/4173/4173 4180/4180/4180 4181/4181/4181
f 4175/4175/4175 4182/4182/4182 4176/4176/4176
f 4182/4182/4182 4183/4183/4183 4176/4176/4176
f 4177/4177/4177 4184/4184/4184 4175/4175/4175
f 4181/4181/4181 4184/4184/4184 4177/4177/4177
f 4184/4184/4184 4182/4182/4182 4175/4175/4175
f 4179/4179/4179 4185/4185/4185 4178/4178/4178
f 4179/4179/4179 4186/4186/4186 4185/4185/4185
f 4178/4178/4178 4187/4187/4187 4180/4180/4180
f 4178/4178/4178 4185/4185/4185 4187/4187/4187
f 4180/4180/4180 4188/4188/4188 4181/4181/4181
f 4181/4181/4181 4188/4188/4188 4184/4184/4184
f 4180/4180/4180 4187/4187/4187 4188/4188/4188
f 4182/4182/4182 4189/4189/4189 4183/4183/4183
f 4189/4189/4189 4190/4190/4190 4183/4183/4183
f 4184/4184/4184 4191/4191/4191 4182/4182/4182
f 4188/4188/4188 4191/4191/4191 4184/4184/4184
f 4191/4191/4191 4189/4189/4189 4182/4182/4182
f 4186/4186/4186 4192/4192/4192 4185/4185/4185
f 4186/4186/4186 4193/4193/4193 4192/4192/4192
f 4185/4185/4185 4194/4194/4194 4187/4187/4187
f 4185/4185/4185 4192/4192/4192 4194/4194/4194
f 4187/4187/4187 4195/4195/4195 4188/4188/4188
f 4188/4188/4188 4195/4195/4195 4191/4191/4191
f 4187/4187/4187 4194/4194/4194 4195/4195/4195
f 4189/4189/4189 4196/4196/4196 4190/4190/4190
f 4196/4196/4196 4197/4197/4197 4190/4190/4190
f 4191/4191/4191 4198/4198/4198 4189/4189/4189
f 4195/4195/4195 4198/4198/4198 4191/4191/4191
f 4198/4198/4198 4196/4196/4196 4189/4189/4189
f 4193/4193/4193 4199/4199/4199 4192/4192/4192
f 4193/4193/4193 4200/4200/4200 4199/4199/4199
f 4192/4192/4192 4201/4201/4201 4194/4194/4194
f 4192/4192/4192 4199/4199/4199 4201/4201/4201
f 4194/4194/4194 4202/4202/4202 4195/4195/4195
f 4195/4195/4195 4202/4202/4202 4198/4198/4198
f 4194/4194/4194 4201/4201/4201 4202/4202/4202
f 4196/4196/4196 4203/4203/4203 4197/4197/4197
f 4203/4203/4203 4204/4204/4204 4197/4197/4197
f 4198/4198/4198 4205/4205/4205 4196/4196/4196
f 4202/4202/4202 4205/4205/4205 4198/4198/4198
f 4205/4205/4205 4203/4203/4203 4196/4196/4196
f 4200/4200/4200 4206/4206/4206 4199/4199/4199
f 4200/4200/4200 4207/4207/4207 4206/4206/4206
f 4207/4207/4207 4208/4208/4208 4206/4206/4206
f 4199/4199/4199 4209/4209/4209 4201/4201/4201
f 4199/4199/4199 4206/4206/4206 4209/4209/4209
f 4201/4201/4201 4210/4210/4210 4202/4202/4202
f 4202/4202/4202 4210/4210/4210 4205/4205/4205
f 4201/4201/4201 4209/4209/4209 4210/4210/4210
f 4206/4206/4206 4208/4208/4208 4211/4211/4211
f 4206/4206/4206 4211/4211/4211 4209/4209/4209
f 4208/4208/4208 4212/4212/4212 4211/4211/4211
f 4203/4203/4203 4213/4213/4213 4204/4204/4204
f 4213/4213/4213 4214/4214/4214 4204/4204/4204
f 4205/4205/4205 4215/4215/4215 4203/4203/4203
f 4210/4210/4210 4215/4215/4215 4205/4205/4205
f 4215/4215/4215 4213/4213/4213 4203/4203/4203
f 4209/4209/4209 4216/4216/4216 4210/4210/4210
f 4209/4209/4209 4211/4211/4211 4216/4216/4216
f 4210/4210/4210 4216/4216/4216 4215/4215/4215
f 4211/4211/4211 4212/4212/4212 4217/4217/4217
f 4211/4211/4211 4217/4217/4217 4216/4216/4216
f 4212/4212/4212 4218/4218/4218 4217/4217/4217
f 4216/4216/4216 4219/4219/4219 4215/4215/4215
f 4215/4215/4215 4219/4219/4219 4213/4213/4213
f 4216/4216/4216 4217/4217/4217 4219/4219/4219
f 4213/4213/4213 4220/4220/4220 4214/4214/4214
f 4219/4219/4219 4220/4220/4220 4213/4213/4213
f 4220/4220/4220 4221/4221/4221 4214/4214/4214
f 4217/4217/4217 4218/4218/4218 4222/4222/4222
f 4217/4217/4217 4222/4222/4222 4219/4219/4219
f 4219/4219/4219 4222/4222/4222 4220/4220/4220
f 4218/4218/4218 4223/4223/4223 4222/4222/4222
f 4220/4220/4220 4224/4224/4224 4221/4221/4221
f 4222/4222/4222 4224/4224/4224 4220/4220/4220
f 4222/4222/4222 4223/4223/4223 4224/4224/4224
f 4224/4224/4224 4225/4225/4225 4221/4221/4221
f 4223/4223/4223 4226/4226/4226 4224/4224/4224
f 4224/4224/4224 4226/4226/4226 4225/4225/4225
f 4226/4226/4226 4227/4227/4227 4225/4225/4225
f 4230/4230/4230 4229/4229/4229 4228/4228/4228
f 4229/4229/4229 4231/4231/4231 4228/4228/4228
f 4228/4228/4228 4231/4231/4231 4232/4232/4232
f 4229/4229/4229 4233/4233/4233 4231/4231/4231
f 4231/4231/4231 4234/4234/4234 4232/4232/4232
f 4232/4232/4232 4234/4234/4234 4235/4235/4235
f 4233/4233/4233 4236/4236/4236 4231/4231/4231
f 4231/4231/4231 4236/4236/4236 4234/4234/4234
f 4233/4233/4233 4237/4237/4237 4236/4236/4236
f 4234/4234/4234 4238/4238/4238 4235/4235/4235
f 4235/4235/4235 4238/4238/4238 4239/4239/4239
f 4238/4238/4238 4240/4240/4240 4239/4239/4239
f 4237/4237/4237 4241/4241/4241 4236/4236/4236
f 4237/4237/4237 4242/4242/4242 4241/4241/4241
f 4236/4236/4236 4243/4243/4243 4234/4234/4234
f 4234/4234/4234 4243/4243/4243 4238/4238/4238
f 4236/4236/4236 4241/4241/4241 4243/4243/4243
f 4238/4238/4238 4244/4244/4244 4240/4240/4240
f 4243/4243/4243 4244/4244/4244 4238/4238/4238
f 4244/4244/4244 4245/4245/4245 4240/4240/4240
f 4242/4242/4242 4246/4246/4246 4241/4241/4241
f 4242/4242/4242 4247/4247/4247 4246/4246/4246
f 4241/4241/4241 4248/4248/4248 4243/4243/4243
f 4243/4243/4243 4248/4248/4248 4244/4244/4244
f 4241/4241/4241 4246/4246/4246 4248/4248/4248
f 4244/4244/4244 4249/4249/4249 4245/4245/4245
f 4248/4248/4248 4249/4249/4249 4244/4244/4244
f 4249/4249/4249 4250/4250/4250 4245/4245/4245
f 4247/4247/4247 4251/4251/4251 4246/4246/4246
f 4247/4247/4247 4252/4252/4252 4251/4251/4251
f 4246/4246/4246 4253/4253/4253 4248/4248/4248
f 4248/4248/4248 4253/4253/4253 4249/4249/4249
f 4246/4246/4246 4251/4251/4251 4253/4253/4253
f 4249/4249/4249 4254/4254/4254 4250/4250/4250
f 4253/4253/4253 4254/4254/4254 4249/4249/4249
f 4254/4254/4254 4255/4255/4255 4250/4250/4250
f 4252/4252/4252 4256/4256/4256 4251/4251/4251
f 4252/4252/4252 4257/4257/4257 4256/4256/4256
f 4251/4251/4251 4258/4258/4258 4253/4253/4253
f 4253/4253/4253 4258/4258/4258 4254/4254/4254
f 4251/4251/4251 4256/4256/4256 4258/4258/4258
f 4254/4254/4254 4259/4259/4259 4255/4255/4255
f 4258/4258/4258 4259/4259/4259 4254/4254/4254
f 4259/4259/4259 4260/4260/4260 4255/4255/4255
f 4257/4257/4257 4261/4261/4261 4256/4256/4256
f 4257/4257/4257 4262/4262/4262 4261/4261/4261
f 4256/4256/4256 4263/4263/4263 4258/4258/4258
f 4258/4258/4258 4263/4263/4263 4259/4259/4259
f 4256/4256/4256 4261/4261/4261 4263/4263/4263
f 4259/4259/4259 4264/4264/4264 4260/4260/4260
f 4263/4263/4263 4264/4264/4264 4259/4259/4259
f 4264/4264/4264 4265/4265/4265 4260/4260/4260
f 4262/4262/4262 4266/4266/4266 4261/4261/4261
f 4262/4262/4262 4267/4267/4267 4266/4266/4266
f 4261/4261/4261 4268/4268/4268 4263/4263/4263
f 4263/4263/4263 4268/4268/4268 4264/4264/4264
f 4261/4261/4261 4266/4266/4266 4268/4268/4268
f 4264/4264/4264 4269/4269/4269 4265/4265/4265
f 4268/4268/4268 4269/4269/4269 4264/4264/4264
f 4269/4269/4269 4270/4270/4270 4265/4265/4265
f 4267/4267/4267 4271/4271/4271 4266/4266/4266
f 4267/4267/4267 4272/4272/4272 4271/4271/4271
f 4266/4266/4266 4273/4273/4273 4268/4268/4268
f 4268/4268/4268 4273/4273/4273 4269/4269/4269
f 4266/4266/4266 4271/4271/4271 4273/4273/4273
f 4269/4269/4269 4274/4274/4274 4270/4270/4270
f 4273/4273/4273 4274/4274/4274 4269/4269/4269
f 4274/4274/4274 4275/4275/4275 4270/4270/4270
f 4272/4272/4272 4276/4276/4276 4271/4271/4271
f 4272/4272/4272 4277/4277/4277 4276/4276/4276
f 4271/4271/4271 4278/4278/4278 4273/4273/4273
f 4273/4273/4273 4278/4278/4278 4274/4274/4274
f 4271/4271/4271 4276/4276/4276 4278/4278/4278
f 4274/4274/4274 4279/4279/4279 4275/4275/4275
f 4278/4278/4278 4279/4279/4279 4274/4274/4274
f 4279/4279/4279 4280/4280/4280 4275/4275/4275
f 4277/4277/4277 4281/4281/4281 4276/4276/4276
f 4277/4277/4277 4282/4282/4282 4281/4281/4281
f 4276/4276/4276 4283/4283/4283 4278/4278/4278
f 4278/4278/4278 4283/4283/4283 4279/4279/4279
f 4276/4276/4276 4281/4281/4281 4283/4283/4283
f 4279/4279/4279 4284/4284/4284 4280/4280/4280
f 4283/4283/4283 4284/4284/4284 4279/4279/4279
f 4284/4284/4284 4285/4285/4285 4280/4280/4280
f 4282/4282/4282 4286/4286/4286 4281/4281/4281
f 4282/4282/4282 4287/4287/4287 4286/4286/4286
f 4281/4281/4281 4288/4288/4288 4283/4283/4283
f 4283/4283/4283 4288/4288/4288 4284/4284/4284
f 4281/4281/4281 4286/4286/4286 4288/4288/4288
f 4284/4284/4284 4289/4289/4289 4285/4285/4285
f 4288/4288/4288 4289/4289/4289 4284/4284/4284
f 4289/4289/4289 4290/4290/4290 4285/4285/4285
f 4286/4286/4286 4291/4291/4291 4288/4288/4288
f 4288/4288/4288 4291/4291/4291 4289/4289/4289
f 4289/4289/4289 4292/4292/4292 4290/4290/4290
f 4291/4291/4291 4292/4292/4292 4289/4289/4289
f 4292/4292/4292 4293/4293/4293 4290/4290/4290
f 4287/4287/4287 4294/4294/4294 4286/4286/4286
f 4286/4286/4286 4294/4294/4294 4291/4291/4291
f 4292/4292/4292 4295/4295/4295 4293/4293/4293
f 4295/4295/4295 4296/4296/4296 4293/4293/4293
f 4291/4291/4291 4297/4297/4297 4292/4292/4292
f 4294/4294/4294 4297/4297/4297 4291/4291/4291
f 4297/4297/4297 4295/4295/4295 4292/4292/4292
f 4294/4294/4294 4287/4287/4287 4298/4298/4298
f 4287/4287/4287 4299/4299/4299 4298/4298/4298
f 4297/4297/4297 4294/4294/4294 4300/4300/4300
f 4297/4297/4297 4300/4300/4300 4295/4295/4295
f 4294/4294/4294 4298/4298/4298 4300/4300/4300
f 4295/4295/4295 4301/4301/4301 4296/4296/4296
f 4300/4300/4300 4301/4301/4301 4295/4295/4295
f 4301/4301/4301 4302/4302/4302 4296/4296/4296
f 4303/4303/4303 4298/4298/4298 4299/4299/4299
f 4304/4304/4304 4303/4303/4303 4299/4299/4299
f 4304/4304/4304 4305/4305/4305 4303/4303/4303
f 4306/4306/4306 4300/4300/4300 4298/4298/4298
f 4301/4301/4301 4300/4300/4300 4306/4306/4306
f 4303/4303/4303 4306/4306/4306 4298/4298/4298
f 4302/4302/4302 4301/4301/4301 4307/4307/4307
f 4307/4307/4307 4301/4301/4301 4306/4306/4306
f 4308/4308/4308 4302/4302/4302 4307/4307/4307
f 4305/4305/4305 4309/4309/4309 4303/4303/4303
f 4303/4303/4303 4309/4309/4309 4306/4306/4306
f 4305/4305/4305 4310/4310/4310 4309/4309/4309
f 4307/4307/4307 4311/4311/4311 4308/4308/4308
f 4311/4311/4311 4312/4312/4312 4308/4308/4308
f 4306/4306/4306 4313/4313/4313 4307/4307/4307
f 4309/4309/4309 4313/4313/4313 4306/4306/4306
f 4313/4313/4313 4311/4311/4311 4307/4307/4307
f 4310/4310/4310 4314/4314/4314 4309/4309/4309
f 4309/4309/4309 4314/4314/4314 4313/4313/4313
f 4310/4310/4310 4315/4315/4315 4314/4314/4314
f 4311/4311/4311 4316/4316/4316 4312/4312/4312
f 4316/4316/4316 4317/4317/4317 4312/4312/4312
f 4313/4313/4313 4318/4318/4318 4311/4311/4311
f 4314/4314/4314 4318/4318/4318 4313/4313/4313
f 4318/4318/4318 4316/4316/4316 4311/4311/4311
f 4315/4315/4315 4319/4319/4319 4314/4314/4314
f 4314/4314/4314 4319/4319/4319 4318/4318/4318
f 4315/4315/4315 4320/4320/4320 4319/4319/4319
f 4316/4316/4316 4321/4321/4321 4317/4317/4317
f 4321/4321/4321 4322/4322/4322 4317/4317/4317
f 4318/4318/4318 4323/4323/4323 4316/4316/4316
f 4319/4319/4319 4323/4323/4323 4318/4318/4318
f 4323/4323/4323 4321/4321/4321 4316/4316/4316
f 4320/4320/4320 4324/4324/4324 4319/4319/4319
f 4319/4319/4319 4324/4324/4324 4323/4323/4323
f 4320/4320/4320 4325/4325/4325 4324/4324/4324
f 4321/4321/4321 4326/4326/4326 4322/4322/4322
f 4326/4326/4326 4327/4327/4327 4322/4322/4322
f 4323/4323/4323 4328/4328/4328 4321/4321/4321
f 4324/4324/4324 4328/4328/4328 4323/4323/4323
f 4328/4328/4328 4326/4326/4326 4321/4321/4321
f 4325/4325/4325 4329/4329/4329 4324/4324/4324
f 4324/4324/4324 4329/4329/4329 4328/4328/4328
f 4325/4325/4325 4330/4330/4330 4329/4329/4329
f 4330/4330/4330 4331/4331/4331 4329/4329/4329
f 4329/4329/4329 4332/4332/4332 4328/4328/4328
f 4329/4329/4329 4331/4331/4331 4332/4332/4332
f 4328/4328/4328 4332/4332/4332 4326/4326/4326
f 4331/4331/4331 4333/4333/4333 4332/4332/4332
f 4326/4326/4326 4334/4334/4334 4327/4327/4327
f 4332/4332/4332 4334/4334/4334 4326/4326/4326
f 4332/4332/4332 4333/4333/4333 4334/4334/4334
f 4334/4334/4334 4335/4335/4335 4327/4327/4327
f 4333/4333/4333 4336/4336/4336 4334/4334/4334
f 4334/4334/4334 4336/4336/4336 4335/4335/4335
f 4336/4336/4336 4337/4337/4337 4335/4335/4335
f 4340/4340/4340 4339/4339/4339 4338/4338/4338
f 4339/4339/4339 4341/4341/4341 4338/4338/4338
f 4338/4338/4338 4341/4341/4341 4342/4342/4342
f 4341/4341/4341 4343/4343/4343 4342/4342/4342
f 4346/4346/4346 4345/4345/4345 4344/4344/4344
f 4347/4347/4347 4346/4346/4346 4344/4344/4344
f 4350/4350/4350 4349/4349/4349 4348/4348/4348
f 4351/4351/4351 4350/4350/4350 4348/4348/4348
f 4354/4354/4354 4353/4353/4353 4352/4352/4352
f 4355/4355/4355 4354/4354/4354 4352/4352/4352
f 4354/4354/4354 4355/4355/4355 4356/4356/4356
f 4357/4357/4357 4354/4354/4354 4356/4356/4356
f 4360/4360/4360 4359/4359/4359 4358/4358/4358
f 4361/4361/4361 4360/4360/4360 4358/4358/4358
f 4358/4358/4358 4362/4362/4362 4361/4361/4361
f 4362/4362/4362 4363/4363/4363 4361/4361/4361
f 4366/4366/4366 4365/4365/4365 4364/4364/4364
f 4367/4367/4367 4366/4366/4366 4364/4364/4364
f 4367/4367/4367 4368/4368/4368 4366/4366/4366
f 4368/4368/4368 4369/4369/4369 4366/4366/4366
f 4372/4372/4372 4371/4371/4371 4370/4370/4370
f 4373/4373/4373 4372/4372/4372 4370/4370/4370
f 4376/4376/4376 4375/4375/4375 4374/4374/4374
f 4377/4377/4377 4376/4376/4376 4374/4374/4374
f 4380/4380/4380 4379/4379/4379 4378/4378/4378
f 4379/4379/4379 4381/4381/4381 4378/4378/4378
f 4378/4378/4378 4381/4381/4381 4382/4382/4382
f 4381/4381/4381 4383/4383/4383 4382/4382/4382
f 4386/4386/4386 4385/4385/4385 4384/4384/4384
f 4387/4387/4387 4386/4386/4386 4384/4384/4384
f 4386/4386/4386 4387/4387/4387 4388/4388/4388
f 4389/4389/4389 4386/4386/4386 4388/4388/4388
f 4392/4392/4392 4391/4391/4391 4390/4390/4390
f 4393/4393/4393 4392/4392/4392 4390/4390/4390
f 4393/4393/4393 4390/4390/4390 4394/4394/4394
f 4390/4390/4390 4395/4395/4395 4394/4394/4394
f 4398/4398/4398 4397/4397/4397 4396/4396/4396
f 4399/4399/4399 4398/4398/4398 4396/4396/4396
f 4398/4398/4398 4399/4399/4399 4400/4400/4400
f 4401/4401/4401 4398/4398/4398 4400/4400/4400
f 4404/4404/4404 4403/4403/4403 4402/4402/4402
f 4405/4405/4405 4404/4404/4404 4402/4402/4402
f 4405/4405/4405 4402/4402/4402 4406/4406/4406
f 4407/4407/4407 4405/4405/4405 4406/4406/4406
f 4407/4407/4407 4406/4406/4406 4408/4408/4408
f 4409/4409/4409 4407/4407/4407 4408/4408/4408
f 4409/4409/4409 4408/4408/4408 4410/4410/4410
f 4411/4411/4411 4409/4409/4409 4410/4410/4410
f 4411/4411/4411 4410/4410/4410 4412/4412/4412
f 4413/4413/4413 4411/4411/4411 4412/4412/4412
f 4413/4413/4413 4412/4412/4412 4414/4414/4414
f 4415/4415/4415 4413/4413/4413 4414/4414/4414
f 4415/4415/4415 4414/4414/4414 4416/4416/4416
f 4417/4417/4417 4415/4415/4415 4416/4416/4416
f 4417/4417/4417 4416/4416/4416 4418/4418/4418
f 4419/4419/4419 4417/4417/4417 4418/4418/4418
f 4422/4422/4422 4421/4421/4421 4420/4420/4420
f 4421/4421/4421 4423/4423/4423 4420/4420/4420
f 4421/4421/4421 4424/4424/4424 4423/4423/4423
f 4424/4424/4424 4425/4425/4425 4423/4423/4423
f 4424/4424/4424 4426/4426/4426 4425/4425/4425
f 4426/4426/4426 4427/4427/4427 4425/4425/4425
f 4426/4426/4426 4428/4428/4428 4427/4427/4427
f 4428/4428/4428 4429/4429/4429 4427/4427/4427
f 4428/4428/4428 4430/4430/4430 4429/4429/4429
f 4430/4430/4430 4431/4431/4431 4429/4429/4429
f 4430/4430/4430 4432/4432/4432 4431/4431/4431
f 4432/4432/4432 4433/4433/4433 4431/4431/4431
f 4432/4432/4432 4434/4434/4434 4433/4433/4433
f 4434/4434/4434 4435/4435/4435 4433/4433/4433
f 4434/4434/4434 4436/4436/4436 4435/4435/4435
f 4436/4436/4436 4437/4437/4437 4435/4435/4435
f 4440/4440/4440 4439/4439/4439 4438/4438/4438
f 4441/4441/4441 4440/4440/4440 4438/4438/4438
f 4441/4441/4441 4438/4438/4438 4442/4442/4442
f 4443/4443/4443 4441/4441/4441 4442/4442/4442
f 4443/4443/4443 4442/4442/4442 4444/4444/4444
f 4445/4445/4445 4443/4443/4443 4444/4444/4444
f 4445/4445/4445 4444/4444/4444 4446/4446/4446
f 4447/4447/4447 4445/4445/4445 4446/4446/4446
f 4447/4447/4447 4446/4446/4446 4448/4448/4448
f 4449/4449/4449 4447/4447/4447 4448/4448/4448
f 4449/4449/4449 4448/4448/4448 4450/4450/4450
f 4451/4451/4451 4449/4449/4449 4450/4450/4450
f 4451/4451/4451 4450/4450/4450 4452/4452/4452
f 4453/4453/4453 4451/4451/4451 4452/4452/4452
f 4453/4453/4453 4452/4452/4452 4454/4454/4454
f 4455/4455/4455 4453/4453/4453 4454/4454/4454
f 4458/4458/4458 4457/4457/4457 4456/4456/4456
f 4459/4459/4459 4458/4458/4458 4456/4456/4456
f 4459/4459/4459 4456/4456/4456 4460/4460/4460
f 4461/4461/4461 4459/4459/4459 4460/4460/4460
f 4461/4461/4461 4460/4460/4460 4462/4462/4462
f 4463/4463/4463 4461/4461/4461 4462/4462/4462
f 4466/4466/4466 4465/4465/4465 4464/4464/4464
f 4465/4465/4465 4467/4467/4467 4464/4464/4464
f 4464/4464/4464 4467/4467/4467 4468/4468/4468
f 4467/4467/4467 4469/4469/4469 4468/4468/4468
f 4468/4468/4468 4469/4469/4469 4470/4470/4470
f 4469/4469/4469 4471/4471/4471 4470/4470/4470
f 4470/4470/4470 4471/4471/4471 4472/4472/4472
f 4471/4471/4471 4473/4473/4473 4472/4472/4472
f 4472/4472/4472 4473/4473/4473 4474/4474/4474
f 4473/4473/4473 4475/4475/4475 4474/4474/4474
f 4474/4474/4474 4475/4475/4475 4476/4476/4476
f 4475/4475/4475 4477/4477/4477 4476/4476/4476
f 4476/4476/4476 4477/4477/4477 4478/4478/4478
f 4477/4477/4477 4479/4479/4479 4478/4478/4478
f 4478/4478/4478 4479/4479/4479 4480/4480/4480
f 4479/4479/4479 4481/4481/4481 4480/4480/4480
f 4484/4484/4484 4483/4483/4483 4482/4482/4482
f 4485/4485/4485 4484/4484/4484 4482/4482/4482
f 4485/4485/4485 4482/4482/4482 4486/4486/4486
f 4487/4487/4487 4485/4485/4485 4486/4486/4486
f 4487/4487/4487 4486/4486/4486 4488/4488/4488
f 4489/4489/4489 4487/4487/4487 4488/4488/4488
f 4489/4489/4489 4488/4488/4488 4490/4490/4490
f 4491/4491/4491 4489/4489/4489 4490/4490/4490
f 4491/4491/4491 4490/4490/4490 4492/4492/4492
f 4493/4493/4493 4491/4491/4491 4492/4492/4492
f 4493/4493/4493 4492/4492/4492 4494/4494/4494
f 4495/4495/4495 4493/4493/4493 4494/4494/4494
f 4495/4495/4495 4494/4494/4494 4496/4496/4496
f 4497/4497/4497 4495/4495/4495 4496/4496/4496
f 4497/4497/4497 4496/4496/4496 4498/4498/4498
f 4499/4499/4499 4497/4497/4497 4498/4498/4498
f 4502/4502/4502 4501/4501/4501 4500/4500/4500
f 4501/4501/4501 4503/4503/4503 4500/4500/4500
f 4501/4501/4501 4504/4504/4504 4503/4503/4503
f 4504/4504/4504 4505/4505/4505 4503/4503/4503
f 4504/4504/4504 4506/4506/4506 4505/4505/4505
f 4506/4506/4506 4507/4507/4507 4505/4505/4505
f 4506/4506/4506 4508/4508/4508 4507/4507/4507
f 4508/4508/4508 4509/4509/4509 4507/4507/4507
f 4508/4508/4508 4510/4510/4510 4509/4509/4509
f 4510/4510/4510 4511/4511/4511 4509/4509/4509
f 4510/4510/4510 4512/4512/4512 4511/4511/4511
f 4512/4512/4512 4513/4513/4513 4511/4511/4511
f 4512/4512/4512 4514/4514/4514 4513/4513/4513
f 4514/4514/4514 4515/4515/4515 4513/4513/4513
f 4514/4514/4514 4516/4516/4516 4515/4515/4515
f 4516/4516/4516 4517/4517/4517 4515/4515/4515
f 4520/4520/4520 4519/4519/4519 4518/4518/4518
f 4521/4521/4521 4520/4520/4520 4518/4518/4518
f 4521/4521/4521 4518/4518/4518 4522/4522/4522
f 4523/4523/4523 4521/4521/4521 4522/4522/4522
f 4523/4523/4523 4522/4522/4522 4524/4524/4524
f 4525/4525/4525 4523/4523/4523 4524/4524/4524
f 4525/4525/4525 4524/4524/4524 4526/4526/4526
f 4527/4527/4527 4525/4525/4525 4526/4526/4526
f 4527/4527/4527 4526/4526/4526 4528/4528/4528
f 4529/4529/4529 4527/4527/4527 4528/4528/4528
f 4529/4529/4529 4528/4528/4528 4530/4530/4530
f 4531/4531/4531 4529/4529/4529 4530/4530/4530
f 4531/4531/4531 4530/4530/4530 4532/4532/4532
f 4533/4533/4533 4531/4531/4531 4532/4532/4532
f 4533/4533/4533 4532/4532/4532 4534/4534/4534
f 4535/4535/4535 4533/4533/4533 4534/4534/4534
f 4538/4538/4538 4537/4537/4537 4536/4536/4536
f 4539/4539/4539 4538/4538/4538 4536/4536/4536
f 4539/4539/4539 4536/4536/4536 4540/4540/4540
f 4541/4541/4541 4539/4539/4539 4540/4540/4540
f 4541/4541/4541 4540/4540/4540 4542/4542/4542
f 4543/4543/4543 4541/4541/4541 4542/4542/4542
f 4546/4546/4546 4545/4545/4545 4544/4544/4544
f 4545/4545/4545 4547/4547/4547 4544/4544/4544
f 4544/4544/4544 4547/4547/4547 4548/4548/4548
f 4547/4547/4547 4549/4549/4549 4548/4548/4548
f 4548/4548/4548 4549/4549/4549 4550/4550/4550
f 4549/4549/4549 4551/4551/4551 4550/4550/4550
f 4550/4550/4550 4551/4551/4551 4552/4552/4552
f 4551/4551/4551 4553/4553/4553 4552/4552/4552
f 4552/4552/4552 4553/4553/4553 4554/4554/4554
f 4553/4553/4553 4555/4555/4555 4554/4554/4554
f 4554/4554/4554 4555/4555/4555 4556/4556/4556
f 4555/4555/4555 4557/4557/4557 4556/4556/4556
f 4556/4556/4556 4557/4557/4557 4558/4558/4558
f 4557/4557/4557 4559/4559/4559 4558/4558/4558
f 4558/4558/4558 4559/4559/4559 4560/4560/4560
f 4559/4559/4559 4561/4561/4561 4560/4560/4560
f 4564/4564/4564 4563/4563/4563 4562/4562/4562
f 4565/4565/4565 4564/4564/4564 4562/4562/4562
f 4565/4565/4565 4562/4562/4562 4566/4566/4566
f 4567/4567/4567 4565/4565/4565 4566/4566/4566
f 4567/4567/4567 4566/4566/4566 4568/4568/4568
f 4569/4569/4569 4567/4567/4567 4568/4568/4568
f 4569/4569/4569 4568/4568/4568 4570/4570/4570
f 4571/4571/4571 4569/4569/4569 4570/4570/4570
f 4571/4571/4571 4570/4570/4570 4572/4572/4572
f 4573/4573/4573 4571/4571/4571 4572/4572/4572
f 4573/4573/4573 4572/4572/4572 4574/4574/4574
f 4575/4575/4575 4573/4573/4573 4574/4574/4574
f 4575/4575/4575 4574/4574/4574 4576/4576/4576
f 4577/4577/4577 4575/4575/4575 4576/4576/4576
f 4577/4577/4577 4576/4576/4576 4578/4578/4578
f 4579/4579/4579 4577/4577/4577 4578/4578/4578
f 4582/4582/4582 4581/4581/4581 4580/4580/4580
f 4581/4581/4581 4583/4583/4583 4580/4580/4580
f 4581/4581/4581 4584/4584/4584 4583/4583/4583
f 4584/4584/4584 4585/4585/4585 4583/4583/4583
f 4584/4584/4584 4586/4586/4586 4585/4585/4585
f 4586/4586/4586 4587/4587/4587 4585/4585/4585
f 4586/4586/4586 4588/4588/4588 4587/4587/4587
f 4588/4588/4588 4589/4589/4589 4587/4587/4587
f 4588/4588/4588 4590/4590/4590 4589/4589/4589
f 4590/4590/4590 4591/4591/4591 4589/4589/4589
f 4590/4590/4590 4592/4592/4592 4591/4591/4591
f 4592/4592/4592 4593/4593/4593 4591/4591/4591
f 4592/4592/4592 4594/4594/4594 4593/4593/4593
f 4594/4594/4594 4595/4595/4595 4593/4593/4593
f 4594/4594/4594 4596/4596/4596 4595/4595/4595
f 4596/4596/4596 4597/4597/4597 4595/4595/4595
f 4600/4600/4600 4599/4599/4599 4598/4598/4598
f 4601/4601/4601 4600/4600/4600 4598/4598/4598
f 4601/4601/4601 4598/4598/4598 4602/4602/4602
f 4603/4603/4603 4601/4601/4601 4602/4602/4602
f 4603/4603/4603 4602/4602/4602 4604/4604/4604
f 4605/4605/4605 4603/4603/4603 4604/4604/4604
f 4605/4605/4605 4604/4604/4604 4606/4606/4606
f 4607/4607/4607 4605/4605/4605 4606/4606/4606
f 4607/4607/4607 4606/4606/4606 4608/4608/4608
f 4609/4609/4609 4607/4607/4607 4608/4608/4608
f 4609/4609/4609 4608/4608/4608 4610/4610/4610
f 4611/4611/4611 4609/4609/4609 4610/4610/4610
f 4611/4611/4611 4610/4610/4610 4612/4612/4612
f 4613/4613/4613 4611/4611/4611 4612/4612/4612
f 4613/4613/4613 4612/4612/4612 4614/4614/4614
f 4615/4615/4615 4613/4613/4613 4614/4614/4614
f 4618/4618/4618 4617/4617/4617 4616/4616/4616
f 4619/4619/4619 4618/4618/4618 4616/4616/4616
f 4619/4619/4619 4616/4616/4616 4620/4620/4620
f 4621/4621/4621 4619/4619/4619 4620/4620/4620
f 4621/4621/4621 4620/4620/4620 4622/4622/4622
f 4623/4623/4623 4621/4621/4621 4622/4622/4622
f 4626/4626/4626 4625/4625/4625 4624/4624/4624
f 4625/4625/4625 4627/4627/4627 4624/4624/4624
f 4624/4624/4624 4627/4627/4627 4628/4628/4628
f 4627/4627/4627 4629/4629/4629 4628/4628/4628
f 4628/4628/4628 4629/4629/4629 4630/4630/4630
f 4629/4629/4629 4631/4631/4631 4630/4630/4630
f 4630/4630/4630 4631/4631/4631 4632/4632/4632
f 4631/4631/4631 4633/4633/4633 4632/4632/4632
f 4632/4632/4632 4633/4633/4633 4634/4634/4634
f 4633/4633/4633 4635/4635/4635 4634/4634/4634
f 4634/4634/4634 4635/4635/4635 4636/4636/4636
f 4635/4635/4635 4637/4637/4637 4636/4636/4636
f 4636/4636/4636 4637/4637/4637 4638/4638/4638
f 4637/4637/4637 4639/4639/4639 4638/4638/4638
f 4638/4638/4638 4639/4639/4639 4640/4640/4640
f 4639/4639/4639 4641/4641/4641 4640/4640/4640
f 4644/4644/4644 4643/4643/4643 4642/4642/4642
f 4643/4643/4643 4645/4645/4645 4642/4642/4642
f 4642/4642/4642 4645/4645/4645 4646/4646/4646
f 4643/4643/4643 4647/4647/4647 4645/4645/4645
f 4645/4645/4645 4648/4648/4648 4646/4646/4646
f 4646/4646/4646 4648/4648/4648 4649/4649/4649
f 4647/4647/4647 4650/4650/4650 4645/4645/4645
f 4645/4645/4645 4650/4650/4650 4648/4648/4648
f 4647/4647/4647 4651/4651/4651 4650/4650/4650
f 4648/4648/4648 4652/4652/4652 4649/4649/4649
f 4649/4649/4649 4652/4652/4652 4653/4653/4653
f 4652/4652/4652 4654/4654/4654 4653/4653/4653
f 4651/4651/4651 4655/4655/4655 4650/4650/4650
f 4651/4651/4651 4656/4656/4656 4655/4655/4655
f 4650/4650/4650 4657/4657/4657 4648/4648/4648
f 4648/4648/4648 4657/4657/4657 4652/4652/4652
f 4650/4650/4650 4655/4655/4655 4657/4657/4657
f 4652/4652/4652 4658/4658/4658 4654/4654/4654
f 4657/4657/4657 4658/4658/4658 4652/4652/4652
f 4658/4658/4658 4659/4659/4659 4654/4654/4654
f 4656/4656/4656 4660/4660/4660 4655/4655/4655
f 4656/4656/4656 4661/4661/4661 4660/4660/4660
f 4655/4655/4655 4662/4662/4662 4657/4657/4657
f 4657/4657/4657 4662/4662/4662 4658/4658/4658
f 4655/4655/4655 4660/4660/4660 4662/4662/4662
f 4658/4658/4658 4663/4663/4663 4659/4659/4659
f 4662/4662/4662 4663/4663/4663 4658/4658/4658
f 4663/4663/4663 4664/4664/4664 4659/4659/4659
f 4661/4661/4661 4665/4665/4665 4660/4660/4660
f 4661/4661/4661 4666/4666/4666 4665/4665/4665
f 4660/4660/4660 4667/4667/4667 4662/4662/4662
f 4662/4662/4662 4667/4667/4667 4663/4663/4663
f 4660/4660/4660 4665/4665/4665 4667/4667/4667
f 4663/4663/4663 4668/4668/4668 4664/4664/4664
f 4667/4667/4667 4668/4668/4668 4663/4663/4663
f 4668/4668/4668 4669/4669/4669 4664/4664/4664
f 4666/4666/4666 4670/4670/4670 4665/4665/4665
f 4666/4666/4666 4671/4671/4671 4670/4670/4670
f 4665/4665/4665 4672/4672/4672 4667/4667/4667
f 4667/4667/4667 4672/4672/4672 4668/4668/4668
f 4665/4665/4665 4670/4670/4670 4672/4672/4672
f 4668/4668/4668 4673/4673/4673 4669/4669/4669
f 4672/4672/4672 4673/4673/4673 4668/4668/4668
f 4673/4673/4673 4674/4674/4674 4669/4669/4669
f 4671/4671/4671 4675/4675/4675 4670/4670/4670
f 4671/4671/4671 4676/4676/4676 4675/4675/4675
f 4670/4670/4670 4677/4677/4677 4672/4672/4672
f 4672/4672/4672 4677/4677/4677 4673/4673/4673
f 4670/4670/4670 4675/4675/4675 4677/4677/4677
f 4673/4673/4673 4678/4678/4678 4674/4674/4674
f 4677/4677/4677 4678/4678/4678 4673/4673/4673
f 4678/4678/4678 4679/4679/4679 4674/4674/4674
f 4676/4676/4676 4680/4680/4680 4675/4675/4675
f 4676/4676/4676 4681/4681/4681 4680/4680/4680
f 4675/4675/4675 4682/4682/4682 4677/4677/4677
f 4677/4677/4677 4682/4682/4682 4678/4678/4678
f 4675/4675/4675 4680/4680/4680 4682/4682/4682
f 4678/4678/4678 4683/4683/4683 4679/4679/4679
f 4682/4682/4682 4683/4683/4683 4678/4678/4678
f 4683/4683/4683 4684/4684/4684 4679/4679/4679
f 4681/4681/4681 4685/4685/4685 4680/4680/4680
f 4681/4681/4681 4686/4686/4686 4685/4685/4685
f 4680/4680/4680 4687/4687/4687 4682/4682/4682
f 4682/4682/4682 4687/4687/4687 4683/4683/4683
f 4680/4680/4680 4685/4685/4685 4687/4687/4687
f 4683/4683/4683 4688/4688/4688 4684/4684/4684
f 4687/4687/4687 4688/4688/4688 4683/4683/4683
f 4688/4688/4688 4689/4689/4689 4684/4684/4684
f 4686/4686/4686 4690/4690/4690 4685/4685/4685
f 4686/4686/4686 4691/4691/4691 4690/4690/4690
f 4685/4685/4685 4692/4692/4692 4687/4687/4687
f 4687/4687/4687 4692/4692/4692 4688/4688/4688
f 4685/4685/4685 4690/4690/4690 4692/4692/4692
f 4688/4688/4688 4693/4693/4693 4689/4689/4689
f 4692/4692/4692 4693/4693/4693 4688/4688/4688
f 4693/4693/4693 4694/4694/4694 4689/4689/4689
f 4690/4690/4690 4695/4695/4695 4692/4692/4692
f 4692/4692/4692 4695/4695/4695 4693/4693/4693
f 4693/4693/4693 4696/4696/4696 4694/4694/4694
f 4695/4695/4695 4696/4696/4696 4693/4693/4693
f 4696/4696/4696 4697/4697/4697 4694/4694/4694
f 4691/4691/4691 4698/4698/4698 4690/4690/4690
f 4690/4690/4690 4698/4698/4698 4695/4695/4695
f 4696/4696/4696 4699/4699/4699 4697/4697/4697
f 4699/4699/4699 4700/4700/4700 4697/4697/4697
f 4701/4701/4701 4700/4700/4700 4699/4699/4699
f 4702/4702/4702 4701/4701/4701 4699/4699/4699
f 4703/4703/4703 4702/4702/4702 4699/4699/4699
f 4695/4695/4695 4704/4704/4704 4696/4696/4696
f 4704/4704/4704 4699/4699/4699 4696/4696/4696
f 4704/4704/4704 4703/4703/4703 4699/4699/4699
f 4698/4698/4698 4704/4704/4704 4695/4695/4695
f 4705/4705/4705 4703/4703/4703 4704/4704/4704
f 4698/4698/4698 4705/4705/4705 4704/4704/4704
f 4705/4705/4705 4698/4698/4698 4691/4691/4691
f 4706/4706/4706 4705/4705/4705 4691/4691/4691
f 4709/4709/4709 4708/4708/4708 4707/4707/4707
f 4710/4710/4710 4708/4708/4708 4709/4709/4709
f 4713/4713/4713 4712/4712/4712 4711/4711/4711
f 4714/4714/4714 4713/4713/4713 4711/4711/4711
f 4717/4717/4717 4716/4716/4716 4715/4715/4715
f 4718/4718/4718 4717/4717/4717 4715/4715/4715
f 4721/4721/4721 4720/4720/4720 4719/4719/4719
f 4722/4722/4722 4721/4721/4721 4719/4719/4719
f 4725/4725/4725 4724/4724/4724 4723/4723/4723
f 4726/4726/4726 4725/4725/4725 4723/4723/4723
f 4729/4729/4729 4728/4728/4728 4727/4727/4727
f 4728/4728/4728 4730/4730/4730 4727/4727/4727
f 4728/4728/4728 4731/4731/4731 4730/4730/4730
f 4731/4731/4731 4732/4732/4732 4730/4730/4730
f 4732/4732/4732 4731/4731/4731 4733/4733/4733
f 4734/4734/4734 4732/4732/4732 4733/4733/4733
f 4737/4737/4737 4736/4736/4736 4735/4735/4735
f 4736/4736/4736 4738/4738/4738 4735/4735/4735
f 4735/4735/4735 4738/4738/4738 4739/4739/4739
f 4738/4738/4738 4740/4740/4740 4739/4739/4739
f 4741/4741/4741 4739/4739/4739 4740/4740/4740
f 4742/4742/4742 4741/4741/4741 4740/4740/4740
f 4745/4745/4745 4744/4744/4744 4743/4743/4743
f 4744/4744/4744 4746/4746/4746 4743/4743/4743
f 4744/4744/4744 4747/4747/4747 4746/4746/4746
f 4747/4747/4747 4748/4748/4748 4746/4746/4746
f 4748/4748/4748 4747/4747/4747 4749/4749/4749
f 4750/4750/4750 4748/4748/4748 4749/4749/4749
f 4753/4753/4753 4752/4752/4752 4751/4751/4751
f 4752/4752/4752 4754/4754/4754 4751/4751/4751
f 4752/4752/4752 4755/4755/4755 4754/4754/4754
f 4755/4755/4755 4756/4756/4756 4754/4754/4754
f 4756/4756/4756 4755/4755/4755 4757/4757/4757
f 4758/4758/4758 4756/4756/4756 4757/4757/4757
f 4761/4761/4761 4760/4760/4760 4759/4759/4759
f 4760/4760/4760 4762/4762/4762 4759/4759/4759
f 4760/4760/4760 4763/4763/4763 4762/4762/4762
f 4763/4763/4763 4764/4764/4764 4762/4762/4762
f 4764/4764/4764 4763/4763/4763 4765/4765/4765
f 4766/4766/4766 4764/4764/4764 4765/4765/4765
f 4769/4769/4769 4768/4768/4768 4767/4767/4767
f 4768/4768/4768 4770/4770/4770 4767/4767/4767
f 4767/4767/4767 4770/4770/4770 4771/4771/4771
f 4770/4770/4770 4772/4772/4772 4771/4771/4771
f 4771/4771/4771 4772/4772/4772 4773/4773/4773
f 4774/4774/4774 4771/4771/4771 4773/4773/4773
f 4777/4777/4777 4776/4776/4776 4775/4775/4775
f 4776/4776/4776 4778/4778/4778 4775/4775/4775
f 4776/4776/4776 4779/4779/4779 4778/4778/4778
f 4779/4779/4779 4780/4780/4780 4778/4778/4778
f 4780/4780/4780 4779/4779/4779 4781/4781/4781
f 4782/4782/4782 4780/4780/4780 4781/4781/4781
f 4785/4785/4785 4784/4784/4784 4783/4783/4783
f 4784/4784/4784 4786/4786/4786 4783/4783/4783
f 4784/4784/4784 4787/4787/4787 4786/4786/4786
f 4787/4787/4787 4788/4788/4788 4786/4786/4786
f 4788/4788/4788 4787/4787/4787 4789/4789/4789
f 4790/4790/4790 4788/4788/4788 4789/4789/4789
f 4793/4793/4793 4792/4792/4792 4791/4791/4791
f 4792/4792/4792 4794/4794/4794 4791/4791/4791
f 4795/4795/4795 4794/4794/4794 4792/4792/4792
f 4798/4798/4798 4797/4797/4797 4796/4796/4796
f 4798/4798/4798 4799/4799/4799 4797/4797/4797
f 4796/4796/4796 4797/4797/4797 4800/4800/4800
f 4801/4801/4801 4796/4796/4796 4800/4800/4800
f 4802/4802/4802 4801/4801/4801 4800/4800/4800
f 4799/4799/4799 4803/4803/4803 4797/4797/4797
f 4800/4800/4800 4797/4797/4797 4803/4803/4803
f 4803/4803/4803 4799/4799/4799 4804/4804/4804
f 4800/4800/4800 4805/4805/4805 4802/4802/4802
f 4805/4805/4805 4800/4800/4800 4803/4803/4803
f 4805/4805/4805 4806/4806/4806 4802/4802/4802
f 4807/4807/4807 4803/4803/4803 4804/4804/4804
f 4805/4805/4805 4803/4803/4803 4807/4807/4807
f 4808/4808/4808 4807/4807/4807 4804/4804/4804
f 4808/4808/4808 4809/4809/4809 4807/4807/4807
f 4806/4806/4806 4805/4805/4805 4810/4810/4810
f 4810/4810/4810 4805/4805/4805 4807/4807/4807
f 4809/4809/4809 4810/4810/4810 4807/4807/4807
f 4811/4811/4811 4806/4806/4806 4810/4810/4810
f 4809/4809/4809 4811/4811/4811 4810/4810/4810
f 4814/4814/4814 4813/4813/4813 4812/4812/4812
f 4815/4815/4815 4814/4814/4814 4812/4812/4812
f 4815/4815/4815 4812/4812/4812 4816/4816/4816
f 4812/4812/4812 4813/4813/4813 4817/4817/4817
f 4812/4812/4812 4818/4818/4818 4816/4816/4816
f 4812/4812/4812 4819/4819/4819 4818/4818/4818
f 4820/4820/4820 4812/4812/4812 4817/4817/4817
f 4819/4819/4819 4821/4821/4821 4818/4818/4818
f 4820/4820/4820 4817/4817/4817 4822/4822/4822
f 4821/4821/4821 4819/4819/4819 4823/4823/4823
f 4824/4824/4824 4820/4820/4820 4822/4822/4822
f 4819/4819/4819 4825/4825/4825 4823/4823/4823
f 4824/4824/4824 4826/4826/4826 4820/4820/4820
f 4826/4826/4826 4827/4827/4827 4820/4820/4820
f 4820/4820/4820 4827/4827/4827 4828/4828/4828
f 4825/4825/4825 4819/4819/4819 4829/4829/4829
f 4819/4819/4819 4830/4830/4830 4829/4829/4829
f 4831/4831/4831 4830/4830/4830 4819/4819/4819
f 4832/4832/4832 4820/4820/4820 4828/4828/4828
f 4832/4832/4832 4831/4831/4831 4819/4819/4819
f 4828/4828/4828 4833/4833/4833 4832/4832/4832
f 4834/4834/4834 4831/4831/4831 4832/4832/4832
f 4833/4833/4833 4835/4835/4835 4832/4832/4832
f 4835/4835/4835 4834/4834/4834 4832/4832/4832
f 4838/4838/4838 4837/4837/4837 4836/4836/4836
f 4837/4837/4837 4838/4838/4838 4839/4839/4839
f 4838/4838/4838 4840/4840/4840 4839/4839/4839
f 4841/4841/4841 4838/4838/4838 4836/4836/4836
f 4841/4841/4841 4836/4836/4836 4842/4842/4842
f 4843/4843/4843 4841/4841/4841 4842/4842/4842
f 4840/4840/4840 4838/4838/4838 4844/4844/4844
f 4844/4844/4844 4838/4838/4838 4841/4841/4841
f 4845/4845/4845 4840/4840/4840 4844/4844/4844
f 4846/4846/4846 4841/4841/4841 4843/4843/4843
f 4846/4846/4846 4844/4844/4844 4841/4841/4841
f 4847/4847/4847 4846/4846/4846 4843/4843/4843
f 4844/4844/4844 4848/4848/4848 4845/4845/4845
f 4848/4848/4848 4844/4844/4844 4846/4846/4846
f 4848/4848/4848 4849/4849/4849 4845/4845/4845
f 4846/4846/4846 4847/4847/4847 4850/4850/4850
f 4850/4850/4850 4848/4848/4848 4846/4846/4846
f 4847/4847/4847 4851/4851/4851 4850/4850/4850
f 4851/4851/4851 4852/4852/4852 4850/4850/4850
f 4852/4852/4852 4853/4853/4853 4850/4850/4850
f 4848/4848/4848 4850/4850/4850 4853/4853/4853
f 4853/4853/4853 4852/4852/4852 4854/4854/4854
f 4848/4848/4848 4855/4855/4855 4849/4849/4849
f 4855/4855/4855 4848/4848/4848 4853/4853/4853
f 4855/4855/4855 4856/4856/4856 4849/4849/4849
f 4857/4857/4857 4853/4853/4853 4854/4854/4854
f 4855/4855/4855 4853/4853/4853 4857/4857/4857
f 4856/4856/4856 4855/4855/4855 4858/4858/4858
f 4858/4858/4858 4855/4855/4855 4857/4857/4857
f 4859/4859/4859 4856/4856/4856 4858/4858/4858
f 4858/4858/4858 4860/4860/4860 4859/4859/4859
f 4860/4860/4860 4858/4858/4858 4857/4857/4857
f 4860/4860/4860 4861/4861/4861 4859/4859/4859
f 4861/4861/4861 4860/4860/4860 4862/4862/4862
f 4863/4863/4863 4857/4857/4857 4854/4854/4854
f 4863/4863/4863 4860/4860/4860 4857/4857/4857
f 4864/4864/4864 4863/4863/4863 4854/4854/4854
f 4863/4863/4863 4864/4864/4864 4865/4865/4865
f 4860/4860/4860 4866/4866/4866 4862/4862/4862
f 4866/4866/4866 4860/4860/4860 4863/4863/4863
f 4867/4867/4867 4863/4863/4863 4865/4865/4865
f 4867/4867/4867 4866/4866/4866 4863/4863/4863
f 4867/4867/4867 4865/4865/4865 4868/4868/4868
f 4866/4866/4866 4867/4867/4867 4868/4868/4868
f 4865/4865/4865 4869/4869/4869 4868/4868/4868
f 4869/4869/4869 4870/4870/4870 4868/4868/4868
f 4866/4866/4866 4871/4871/4871 4862/4862/4862
f 4871/4871/4871 4866/4866/4866 4868/4868/4868
f 4871/4871/4871 4872/4872/4872 4862/4862/4862
f 4870/4870/4870 4873/4873/4873 4868/4868/4868
f 4871/4871/4871 4868/4868/4868 4873/4873/4873
f 4873/4873/4873 4870/4870/4870 4874/4874/4874
f 4875/4875/4875 4873/4873/4873 4874/4874/4874
f 4871/4871/4871 4876/4876/4876 4872/4872/4872
f 4876/4876/4876 4871/4871/4871 4873/4873/4873
f 4876/4876/4876 4873/4873/4873 4875/4875/4875
f 4876/4876/4876 4877/4877/4877 4872/4872/4872
f 4878/4878/4878 4876/4876/4876 4875/4875/4875
f 4877/4877/4877 4876/4876/4876 4879/4879/4879
f 4876/4876/4876 4878/4878/4878 4879/4879/4879
f 4882/4882/4882 4881/4881/4881 4880/4880/4880
f 4881/4881/4881 4882/4882/4882 4883/4883/4883
f 4881/4881/4881 4884/4884/4884 4880/4880/4880
f 4880/4880/4880 4884/4884/4884 4885/4885/4885
f 4886/4886/4886 4881/4881/4881 4883/4883/4883
f 4886/4886/4886 4883/4883/4883 4887/4887/4887
f 4884/4884/4884 4888/4888/4888 4885/4885/4885
f 4889/4889/4889 4885/4885/4885 4888/4888/4888
f 4884/4884/4884 4881/4881/4881 4890/4890/4890
f 4881/4881/4881 4886/4886/4886 4890/4890/4890
f 4890/4890/4890 4886/4886/4886 4891/4891/4891
f 4884/4884/4884 4890/4890/4890 4892/4892/4892
f 4888/4888/4888 4884/4884/4884 4892/4892/4892
f 4890/4890/4890 4891/4891/4891 4892/4892/4892
f 4893/4893/4893 4889/4889/4889 4888/4888/4888
f 4888/4888/4888 4892/4892/4892 4893/4893/4893
f 4889/4889/4889 4893/4893/4893 4894/4894/4894
f 4893/4893/4893 4895/4895/4895 4894/4894/4894
f 4892/4892/4892 4895/4895/4895 4893/4893/4893
f 4894/4894/4894 4895/4895/4895 4896/4896/4896
f 4897/4897/4897 4886/4886/4886 4887/4887/4887
f 4886/4886/4886 4897/4897/4897 4891/4891/4891
f 4898/4898/4898 4891/4891/4891 4897/4897/4897
f 4899/4899/4899 4897/4897/4897 4887/4887/4887
f 4899/4899/4899 4898/4898/4898 4897/4897/4897
f 4900/4900/4900 4899/4899/4899 4887/4887/4887
f 4901/4901/4901 4899/4899/4899 4900/4900/4900
f 4902/4902/4902 4901/4901/4901 4900/4900/4900
f 4901/4901/4901 4903/4903/4903 4899/4899/4899
f 4903/4903/4903 4898/4898/4898 4899/4899/4899
f 4903/4903/4903 4904/4904/4904 4898/4898/4898
f 4898/4898/4898 4904/4904/4904 4905/4905/4905
f 4898/4898/4898 4905/4905/4905 4906/4906/4906
f 4898/4898/4898 4906/4906/4906 4907/4907/4907
f 4891/4891/4891 4898/4898/4898 4907/4907/4907
f 4908/4908/4908 4891/4891/4891 4907/4907/4907
f 4909/4909/4909 4905/4905/4905 4904/4904/4904
f 4910/4910/4910 4891/4891/4891 4908/4908/4908
f 4891/4891/4891 4910/4910/4910 4892/4892/4892
f 4895/4895/4895 4892/4892/4892 4910/4910/4910
f 4911/4911/4911 4895/4895/4895 4910/4910/4910
f 4912/4912/4912 4909/4909/4909 4904/4904/4904
f 4913/4913/4913 4895/4895/4895 4911/4911/4911
f 4913/4913/4913 4912/4912/4912 4904/4904/4904
f 4914/4914/4914 4913/4913/4913 4911/4911/4911
f 4912/4912/4912 4913/4913/4913 4914/4914/4914
f 4895/4895/4895 4913/4913/4913 4896/4896/4896
f 4913/4913/4913 4915/4915/4915 4896/4896/4896
f 4915/4915/4915 4913/4913/4913 4904/4904/4904
f 4896/4896/4896 4915/4915/4915 4916/4916/4916
f 4917/4917/4917 4916/4916/4916 4915/4915/4915
f 4918/4918/4918 4915/4915/4915 4904/4904/4904
f 4918/4918/4918 4917/4917/4917 4915/4915/4915
f 4919/4919/4919 4918/4918/4918 4904/4904/4904
f 4918/4918/4918 4919/4919/4919 4917/4917/4917
f 4903/4903/4903 4919/4919/4919 4904/4904/4904
f 4919/4919/4919 4920/4920/4920 4917/4917/4917
f 4921/4921/4921 4919/4919/4919 4903/4903/4903
f 4919/4919/4919 4921/4921/4921 4920/4920/4920
f 4901/4901/4901 4921/4921/4921 4903/4903/4903
f 4921/4921/4921 4922/4922/4922 4920/4920/4920
f 4921/4921/4921 4901/4901/4901 4902/4902/4902
f 4922/4922/4922 4921/4921/4921 4902/4902/4902
f 4925/4925/4925 4924/4924/4924 4923/4923/4923
f 4924/4924/4924 4926/4926/4926 4923/4923/4923
f 4927/4927/4927 4925/4925/4925 4923/4923/4923
f 4928/4928/4928 4925/4925/4925 4927/4927/4927
f 4926/4926/4926 4929/4929/4929 4923/4923/4923
f 4923/4923/4923 4929/4929/4929 4927/4927/4927
f 4929/4929/4929 4926/4926/4926 4930/4930/4930
f 4931/4931/4931 4929/4929/4929 4930/4930/4930
f 4930/4930/4930 4932/4932/4932 4931/4931/4931
f 4929/4929/4929 4933/4933/4933 4927/4927/4927
f 4933/4933/4933 4929/4929/4929 4931/4931/4931
f 4932/4932/4932 4934/4934/4934 4931/4931/4931
f 4934/4934/4934 4933/4933/4933 4931/4931/4931
f 4934/4934/4934 4932/4932/4932 4935/4935/4935
f 4936/4936/4936 4928/4928/4928 4927/4927/4927
f 4927/4927/4927 4933/4933/4933 4936/4936/4936
f 4936/4936/4936 4937/4937/4937 4928/4928/4928
f 4933/4933/4933 4937/4937/4937 4936/4936/4936
f 4937/4937/4937 4933/4933/4933 4934/4934/4934
f 4937/4937/4937 4938/4938/4938 4928/4928/4928
f 4939/4939/4939 4934/4934/4934 4935/4935/4935
f 4935/4935/4935 4938/4938/4938 4939/4939/4939
f 4939/4939/4939 4937/4937/4937 4934/4934/4934
f 4938/4938/4938 4937/4937/4937 4939/4939/4939
f 4942/4942/4942 4941/4941/4941 4940/4940/4940
f 4941/4941/4941 4943/4943/4943 4940/4940/4940
f 4944/4944/4944 4942/4942/4942 4940/4940/4940
f 4945/4945/4945 4942/4942/4942 4944/4944/4944
f 4943/4943/4943 4946/4946/4946 4940/4940/4940
f 4940/4940/4940 4946/4946/4946 4944/4944/4944
f 4946/4946/4946 4943/4943/4943 4947/4947/4947
f 4948/4948/4948 4946/4946/4946 4947/4947/4947
f 4947/4947/4947 4949/4949/4949 4948/4948/4948
f 4946/4946/4946 4950/4950/4950 4944/4944/4944
f 4950/4950/4950 4946/4946/4946 4948/4948/4948
f 4949/4949/4949 4951/4951/4951 4948/4948/4948
f 4951/4951/4951 4950/4950/4950 4948/4948/4948
f 4951/4951/4951 4949/4949/4949 4952/4952/4952
f 4953/4953/4953 4945/4945/4945 4944/4944/4944
f 4944/4944/4944 4950/4950/4950 4953/4953/4953
f 4953/4953/4953 4954/4954/4954 4945/4945/4945
f 4950/4950/4950 4954/4954/4954 4953/4953/4953
f 4954/4954/4954 4950/4950/4950 4951/4951/4951
f 4954/4954/4954 4955/4955/4955 4945/4945/4945
f 4956/4956/4956 4951/4951/4951 4952/4952/4952
f 4952/4952/4952 4955/4955/4955 4956/4956/4956
f 4956/4956/4956 4954/4954/4954 4951/4951/4951
f 4955/4955/4955 4954/4954/4954 4956/4956/4956
f 4959/4959/4959 4958/4958/4958 4957/4957/4957
f 4958/4958/4958 4960/4960/4960 4957/4957/4957
f 4961/4961/4961 4959/4959/4959 4957/4957/4957
f 4962/4962/4962 4959/4959/4959 4961/4961/4961
f 4960/4960/4960 4963/4963/4963 4957/4957/4957
f 4957/4957/4957 4963/4963/4963 4961/4961/4961
f 4963/4963/4963 4960/4960/4960 4964/4964/4964
f 4965/4965/4965 4963/4963/4963 4964/4964/4964
f 4964/4964/4964 4966/4966/4966 4965/4965/4965
f 4963/4963/4963 4967/4967/4967 4961/4961/4961
f 4967/4967/4967 4963/4963/4963 4965/4965/4965
f 4966/4966/4966 4968/4968/4968 4965/4965/4965
f 4968/4968/4968 4967/4967/4967 4965/4965/4965
f 4968/4968/4968 4966/4966/4966 4969/4969/4969
f 4970/4970/4970 4962/4962/4962 4961/4961/4961
f 4961/4961/4961 4967/4967/4967 4970/4970/4970
f 4970/4970/4970 4971/4971/4971 4962/4962/4962
f 4967/4967/4967 4971/4971/4971 4970/4970/4970
f 4971/4971/4971 4967/4967/4967 4968/4968/4968
f 4971/4971/4971 4972/4972/4972 4962/4962/4962
f 4973/4973/4973 4968/4968/4968 4969/4969/4969
f 4969/4969/4969 4972/4972/4972 4973/4973/4973
f 4973/4973/4973 4971/4971/4971 4968/4968/4968
f 4972/4972/4972 4971/4971/4971 4973/4973/4973
f 4976/4976/4976 4975/4975/4975 4974/4974/4974
f 4975/4975/4975 4977/4977/4977 4974/4974/4974
f 4978/4978/4978 4976/4976/4976 4974/4974/4974
f 4979/4979/4979 4976/4976/4976 4978/4978/4978
f 4977/4977/4977 4980/4980/4980 4974/4974/4974
f 4974/4974/4974 4980/4980/4980 4978/4978/4978
f 4980/4980/4980 4977/4977/4977 4981/4981/4981
f 4982/4982/4982 4980/4980/4980 4981/4981/4981
f 4981/4981/4981 4983/4983/4983 4982/4982/4982
f 4980/4980/4980 4984/4984/4984 4978/4978/4978
f 4984/4984/4984 4980/4980/4980 4982/4982/4982
f 4983/4983/4983 4985/4985/4985 4982/4982/4982
f 4985/4985/4985 4984/4984/4984 4982/4982/4982
f 4985/4985/4985 4983/4983/4983 4986/4986/4986
f 4987/4987/4987 4979/4979/4979 4978/4978/4978
f 4978/4978/4978 4984/4984/4984 4987/4987/4987
f 4987/4987/4987 4988/4988/4988 4979/4979/4979
f 4984/4984/4984 4988/4988/4988 4987/4987/4987
f 4988/4988/4988 4984/4984/4984 4985/4985/4985
f 4988/4988/4988 4989/4989/4989 4979/4979/4979
f 4990/4990/4990 4985/4985/4985 4986/4986/4986
f 4986/4986/4986 4989/4989/4989 4990/4990/4990
f 4990/4990/4990 4988/4988/4988 4985/4985/4985
f 4989/4989/4989 4988/4988/4988 4990/4990/4990
f 4993/4993/4993 4992/4992/4992 4991/4991/4991
f 4994/4994/4994 4993/4993/4993 4991/4991/4991
f 4994/4994/4994 4991/4991/4991 4995/4995/4995
f 4993/4993/4993 4996/4996/4996 4992/4992/4992
f 4993/4993/4993 4994/4994/4994 4996/4996/4996
f 4996/4996/4996 4997/4997/4997 4992/4992/4992
f 4996/4996/4996 4998/4998/4998 4997/4997/4997
f 4994/4994/4994 4998/4998/4998 4996/4996/4996
f 4998/4998/4998 4999/4999/4999 4997/4997/4997
f 4998/4998/4998 5000/5000/5000 4999/4999/4999
f 4998/4998/4998 4994/4994/4994 5000/5000/5000
f 5000/5000/5000 5001/5001/5001 4999/4999/4999
f 5002/5002/5002 4994/4994/4994 4995/4995/4995
f 4994/4994/4994 5002/5002/5002 5000/5000/5000
f 5002/5002/5002 4995/4995/4995 5003/5003/5003
f 5004/5004/5004 5002/5002/5002 5003/5003/5003
f 5000/5000/5000 5002/5002/5002 5004/5004/5004
f 5004/5004/5004 5003/5003/5003 5005/5005/5005
f 5006/5006/5006 5005/5005/5005 5001/5001/5001
f 5000/5000/5000 5006/5006/5006 5001/5001/5001
f 5006/5006/5006 5004/5004/5004 5005/5005/5005
f 5006/5006/5006 5000/5000/5000 5004/5004/5004
f 5009/5009/5009 5008/5008/5008 5007/5007/5007
f 5010/5010/5010 5009/5009/5009 5007/5007/5007
f 5007/5007/5007 5008/5008/5008 5011/5011/5011
f 5012/5012/5012 5009/5009/5009 5010/5010/5010
f 5013/5013/5013 5012/5012/5012 5010/5010/5010
f 5008/5008/5008 5014/5014/5014 5011/5011/5011
f 5011/5011/5011 5014/5014/5014 5015/5015/5015
f 5008/5008/5008 5009/5009/5009 5016/5016/5016
f 5014/5014/5014 5008/5008/5008 5016/5016/5016
f 5014/5014/5014 5016/5016/5016 5015/5015/5015
f 5016/5016/5016 5009/5009/5009 5012/5012/5012
f 5015/5015/5015 5016/5016/5016 5017/5017/5017
f 5016/5016/5016 5018/5018/5018 5017/5017/5017
f 5018/5018/5018 5016/5016/5016 5012/5012/5012
f 5017/5017/5017 5018/5018/5018 5019/5019/5019
f 5020/5020/5020 5012/5012/5012 5013/5013/5013
f 5018/5018/5018 5012/5012/5012 5020/5020/5020
f 5021/5021/5021 5020/5020/5020 5013/5013/5013
f 5019/5019/5019 5022/5022/5022 5021/5021/5021
f 5018/5018/5018 5022/5022/5022 5019/5019/5019
f 5022/5022/5022 5020/5020/5020 5021/5021/5021
f 5022/5022/5022 5018/5018/5018 5020/5020/5020
f 5025/5025/5025 5024/5024/5024 5023/5023/5023
f 5026/5026/5026 5025/5025/5025 5023/5023/5023
f 5027/5027/5027 5025/5025/5025 5026/5026/5026
f 5023/5023/5023 5024/5024/5024 5028/5028/5028
f 5024/5024/5024 5029/5029/5029 5028/5028/5028
f 5030/5030/5030 5027/5027/5027 5026/5026/5026
f 5031/5031/5031 5027/5027/5027 5030/5030/5030
f 5028/5028/5028 5029/5029/5029 5032/5032/5032
f 5029/5029/5029 5033/5033/5033 5032/5032/5032
f 5034/5034/5034 5031/5031/5031 5030/5030/5030
f 5035/5035/5035 5031/5031/5031 5034/5034/5034
f 5032/5032/5032 5033/5033/5033 5036/5036/5036
f 5033/5033/5033 5037/5037/5037 5036/5036/5036
f 5037/5037/5037 5035/5035/5035 5038/5038/5038
f 5038/5038/5038 5035/5035/5035 5034/5034/5034
f 5036/5036/5036 5037/5037/5037 5038/5038/5038
f 5023/5023/5023 5028/5028/5028 5039/5039/5039
f 5026/5026/5026 5023/5023/5023 5040/5040/5040
f 5040/5040/5040 5023/5023/5023 5039/5039/5039
f 5039/5039/5039 5028/5028/5028 5041/5041/5041
f 5028/5028/5028 5032/5032/5032 5041/5041/5041
f 5039/5039/5039 5041/5041/5041 5040/5040/5040
f 5030/5030/5030 5026/5026/5026 5042/5042/5042
f 5042/5042/5042 5026/5026/5026 5040/5040/5040
f 5034/5034/5034 5030/5030/5030 5043/5043/5043
f 5043/5043/5043 5030/5030/5030 5042/5042/5042
f 5040/5040/5040 5044/5044/5044 5042/5042/5042
f 5041/5041/5041 5044/5044/5044 5040/5040/5040
f 5044/5044/5044 5043/5043/5043 5042/5042/5042
f 5041/5041/5041 5032/5032/5032 5045/5045/5045
f 5032/5032/5032 5036/5036/5036 5045/5045/5045
f 5044/5044/5044 5041/5041/5041 5045/5045/5045
f 5045/5045/5045 5036/5036/5036 5046/5046/5046
f 5046/5046/5046 5044/5044/5044 5045/5045/5045
f 5043/5043/5043 5044/5044/5044 5046/5046/5046
f 5036/5036/5036 5038/5038/5038 5046/5046/5046
f 5038/5038/5038 5034/5034/5034 5047/5047/5047
f 5047/5047/5047 5034/5034/5034 5043/5043/5043
f 5047/5047/5047 5043/5043/5043 5046/5046/5046
f 5046/5046/5046 5038/5038/5038 5047/5047/5047
f 5050/5050/5050 5049/5049/5049 5048/5048/5048
f 5051/5051/5051 5050/5050/5050 5048/5048/5048
f 5052/5052/5052 5050/5050/5050 5051/5051/5051
f 5048/5048/5048 5049/5049/5049 5053/5053/5053
f 5049/5049/5049 5054/5054/5054 5053/5053/5053
f 5055/5055/5055 5052/5052/5052 5051/5051/5051
f 5056/5056/5056 5052/5052/5052 5055/5055/5055
f 5053/5053/5053 5054/5054/5054 5057/5057/5057
f 5054/5054/5054 5058/5058/5058 5057/5057/5057
f 5059/5059/5059 5056/5056/5056 5055/5055/5055
f 5060/5060/5060 5056/5056/5056 5059/5059/5059
f 5057/5057/5057 5058/5058/5058 5061/5061/5061
f 5058/5058/5058 5062/5062/5062 5061/5061/5061
f 5062/5062/5062 5060/5060/5060 5063/5063/5063
f 5063/5063/5063 5060/5060/5060 5059/5059/5059
f 5061/5061/5061 5062/5062/5062 5063/5063/5063
f 5048/5048/5048 5053/5053/5053 5064/5064/5064
f 5051/5051/5051 5048/5048/5048 5065/5065/5065
f 5065/5065/5065 5048/5048/5048 5064/5064/5064
f 5064/5064/5064 5053/5053/5053 5066/5066/5066
f 5053/5053/5053 5057/5057/5057 5066/5066/5066
f 5064/5064/5064 5066/5066/5066 5065/5065/5065
f 5055/5055/5055 5051/5051/5051 5067/5067/5067
f 5067/5067/5067 5051/5051/5051 5065/5065/5065
f 5059/5059/5059 5055/5055/5055 5068/5068/5068
f 5068/5068/5068 5055/5055/5055 5067/5067/5067
f 5065/5065/5065 5069/5069/5069 5067/5067/5067
f 5066/5066/5066 5069/5069/5069 5065/5065/5065
f 5069/5069/5069 5068/5068/5068 5067/5067/5067
f 5066/5066/5066 5057/5057/5057 5070/5070/5070
f 5057/5057/5057 5061/5061/5061 5070/5070/5070
f 5069/5069/5069 5066/5066/5066 5070/5070/5070
f 5070/5070/5070 5061/5061/5061 5071/5071/5071
f 5071/5071/5071 5069/5069/5069 5070/5070/5070
f 5068/5068/5068 5069/5069/5069 5071/5071/5071
f 5061/5061/5061 5063/5063/5063 5071/5071/5071
f 5063/5063/5063 5059/5059/5059 5072/5072/5072
f 5072/5072/5072 5059/5059/5059 5068/5068/5068
f 5072/5072/5072 5068/5068/5068 5071/5071/5071
f 5071/5071/5071 5063/5063/5063 5072/5072/5072
f 5075/5075/5075 5074/5074/5074 5073/5073/5073
f 5076/5076/5076 5075/5075/5075 5073/5073/5073
f 5073/5073/5073 5074/5074/5074 5077/5077/5077
f 5078/5078/5078 5075/5075/5075 5076/5076/5076
f 5074/5074/5074 5079/5079/5079 5077/5077/5077
f 5080/5080/5080 5078/5078/5078 5076/5076/5076
f 5077/5077/5077 5079/5079/5079 5081/5081/5081
f 5082/5082/5082 5078/5078/5078 5080/5080/5080
f 5079/5079/5079 5083/5083/5083 5081/5081/5081
f 5084/5084/5084 5082/5082/5082 5080/5080/5080
f 5081/5081/5081 5083/5083/5083 5085/5085/5085
f 5086/5086/5086 5082/5082/5082 5084/5084/5084
f 5083/5083/5083 5087/5087/5087 5085/5085/5085
f 5088/5088/5088 5086/5086/5086 5084/5084/5084
f 5085/5085/5085 5087/5087/5087 5088/5088/5088
f 5087/5087/5087 5086/5086/5086 5088/5088/5088
f 5091/5091/5091 5090/5090/5090 5089/5089/5089
f 5090/5090/5090 5092/5092/5092 5089/5089/5089
f 5092/5092/5092 5090/5090/5090 5093/5093/5093
f 5094/5094/5094 5092/5092/5092 5093/5093/5093
f 5094/5094/5094 5093/5093/5093 5095/5095/5095
f 5089/5089/5089 5096/5096/5096 5091/5091/5091
f 5096/5096/5096 5097/5097/5097 5091/5091/5091
f 5092/5092/5092 5098/5098/5098 5089/5089/5089
f 5098/5098/5098 5092/5092/5092 5094/5094/5094
f 5099/5099/5099 5094/5094/5094 5095/5095/5095
f 5095/5095/5095 5100/5100/5100 5099/5099/5099
f 5096/5096/5096 5101/5101/5101 5097/5097/5097
f 5101/5101/5101 5102/5102/5102 5097/5097/5097
f 5096/5096/5096 5089/5089/5089 5103/5103/5103
f 5098/5098/5098 5103/5103/5103 5089/5089/5089
f 5100/5100/5100 5104/5104/5104 5099/5099/5099
f 5100/5100/5100 5105/5105/5105 5104/5104/5104
f 5105/5105/5105 5102/5102/5102 5106/5106/5106
f 5102/5102/5102 5101/5101/5101 5106/5106/5106
f 5105/5105/5105 5106/5106/5106 5104/5104/5104
f 5106/5106/5106 5107/5107/5107 5104/5104/5104
f 5107/5107/5107 5106/5106/5106 5101/5101/5101
f 5101/5101/5101 5096/5096/5096 5108/5108/5108
f 5108/5108/5108 5096/5096/5096 5103/5103/5103
f 5104/5104/5104 5109/5109/5109 5099/5099/5099
f 5107/5107/5107 5109/5109/5109 5104/5104/5104
f 5109/5109/5109 5108/5108/5108 5103/5103/5103
f 5108/5108/5108 5109/5109/5109 5107/5107/5107
f 5110/5110/5110 5101/5101/5101 5108/5108/5108
f 5110/5110/5110 5107/5107/5107 5101/5101/5101
f 5110/5110/5110 5108/5108/5108 5107/5107/5107
f 5109/5109/5109 5111/5111/5111 5099/5099/5099
f 5111/5111/5111 5109/5109/5109 5103/5103/5103
f 5111/5111/5111 5103/5103/5103 5098/5098/5098
f 5094/5094/5094 5099/5099/5099 5111/5111/5111
f 5112/5112/5112 5098/5098/5098 5094/5094/5094
f 5112/5112/5112 5094/5094/5094 5111/5111/5111
f 5112/5112/5112 5111/5111/5111 5098/5098/5098
f 5115/5115/5115 5114/5114/5114 5113/5113/5113
f 5114/5114/5114 5116/5116/5116 5113/5113/5113
f 5114/5114/5114 5117/5117/5117 5116/5116/5116
f 5115/5115/5115 5113/5113/5113 5118/5118/5118
f 5119/5119/5119 5115/5115/5115 5118/5118/5118
f 5117/5117/5117 5120/5120/5120 5116/5116/5116
f 5117/5117/5117 5121/5121/5121 5120/5120/5120
f 5119/5119/5119 5118/5118/5118 5122/5122/5122
f 5123/5123/5123 5119/5119/5119 5122/5122/5122
f 5121/5121/5121 5124/5124/5124 5120/5120/5120
f 5121/5121/5121 5125/5125/5125 5124/5124/5124
f 5123/5123/5123 5122/5122/5122 5126/5126/5126
f 5127/5127/5127 5123/5123/5123 5126/5126/5126
f 5125/5125/5125 5128/5128/5128 5124/5124/5124
f 5125/5125/5125 5129/5129/5129 5128/5128/5128
f 5127/5127/5127 5126/5126/5126 5130/5130/5130
f 5131/5131/5131 5127/5127/5127 5130/5130/5130
f 5129/5129/5129 5132/5132/5132 5128/5128/5128
f 5129/5129/5129 5133/5133/5133 5132/5132/5132
f 5131/5131/5131 5130/5130/5130 5134/5134/5134
f 5135/5135/5135 5131/5131/5131 5134/5134/5134
f 5133/5133/5133 5136/5136/5136 5132/5132/5132
f 5133/5133/5133 5137/5137/5137 5136/5136/5136
f 5135/5135/5135 5134/5134/5134 5138/5138/5138
f 5139/5139/5139 5135/5135/5135 5138/5138/5138
f 5137/5137/5137 5140/5140/5140 5136/5136/5136
f 5137/5137/5137 5141/5141/5141 5140/5140/5140
f 5139/5139/5139 5138/5138/5138 5142/5142/5142
f 5143/5143/5143 5139/5139/5139 5142/5142/5142
f 5141/5141/5141 5143/5143/5143 5144/5144/5144
f 5141/5141/5141 5144/5144/5144 5140/5140/5140
f 5143/5143/5143 5142/5142/5142 5144/5144/5144
f 5130/5130/5130 5145/5145/5145 5134/5134/5134
f 5134/5134/5134 5146/5146/5146 5138/5138/5138
f 5145/5145/5145 5146/5146/5146 5134/5134/5134
f 5138/5138/5138 5147/5147/5147 5142/5142/5142
f 5146/5146/5146 5147/5147/5147 5138/5138/5138
f 5142/5142/5142 5148/5148/5148 5144/5144/5144
f 5147/5147/5147 5148/5148/5148 5142/5142/5142
f 5144/5144/5144 5149/5149/5149 5140/5140/5140
f 5148/5148/5148 5149/5149/5149 5144/5144/5144
f 5140/5140/5140 5150/5150/5150 5136/5136/5136
f 5149/5149/5149 5150/5150/5150 5140/5140/5140
f 5151/5151/5151 5145/5145/5145 5130/5130/5130
f 5126/5126/5126 5151/5151/5151 5130/5130/5130
f 5150/5150/5150 5152/5152/5152 5136/5136/5136
f 5136/5136/5136 5152/5152/5152 5132/5132/5132
f 5153/5153/5153 5151/5151/5151 5126/5126/5126
f 5122/5122/5122 5153/5153/5153 5126/5126/5126
f 5152/5152/5152 5154/5154/5154 5132/5132/5132
f 5132/5132/5132 5154/5154/5154 5128/5128/5128
f 5155/5155/5155 5153/5153/5153 5122/5122/5122
f 5118/5118/5118 5155/5155/5155 5122/5122/5122
f 5154/5154/5154 5156/5156/5156 5128/5128/5128
f 5128/5128/5128 5156/5156/5156 5124/5124/5124
f 5157/5157/5157 5155/5155/5155 5118/5118/5118
f 5113/5113/5113 5157/5157/5157 5118/5118/5118
f 5156/5156/5156 5158/5158/5158 5124/5124/5124
f 5124/5124/5124 5158/5158/5158 5120/5120/5120
f 5159/5159/5159 5157/5157/5157 5113/5113/5113
f 5116/5116/5116 5159/5159/5159 5113/5113/5113
f 5120/5120/5120 5160/5160/5160 5116/5116/5116
f 5158/5158/5158 5160/5160/5160 5120/5120/5120
f 5160/5160/5160 5159/5159/5159 5116/5116/5116
f 5153/5153/5153 5155/5155/5155 5161/5161/5161
f 5155/5155/5155 5157/5157/5157 5162/5162/5162
f 5161/5161/5161 5155/5155/5155 5162/5162/5162
f 5157/5157/5157 5159/5159/5159 5163/5163/5163
f 5162/5162/5162 5157/5157/5157 5163/5163/5163
f 5159/5159/5159 5160/5160/5160 5164/5164/5164
f 5163/5163/5163 5159/5159/5159 5164/5164/5164
f 5160/5160/5160 5158/5158/5158 5165/5165/5165
f 5164/5164/5164 5160/5160/5160 5165/5165/5165
f 5158/5158/5158 5156/5156/5156 5166/5166/5166
f 5165/5165/5165 5158/5158/5158 5166/5166/5166
f 5167/5167/5167 5153/5153/5153 5161/5161/5161
f 5151/5151/5151 5153/5153/5153 5167/5167/5167
f 5166/5166/5166 5156/5156/5156 5168/5168/5168
f 5156/5156/5156 5154/5154/5154 5168/5168/5168
f 5169/5169/5169 5151/5151/5151 5167/5167/5167
f 5145/5145/5145 5151/5151/5151 5169/5169/5169
f 5168/5168/5168 5154/5154/5154 5170/5170/5170
f 5154/5154/5154 5152/5152/5152 5170/5170/5170
f 5171/5171/5171 5145/5145/5145 5169/5169/5169
f 5146/5146/5146 5145/5145/5145 5171/5171/5171
f 5170/5170/5170 5152/5152/5152 5172/5172/5172
f 5152/5152/5152 5150/5150/5150 5172/5172/5172
f 5173/5173/5173 5146/5146/5146 5171/5171/5171
f 5147/5147/5147 5146/5146/5146 5173/5173/5173
f 5172/5172/5172 5150/5150/5150 5174/5174/5174
f 5150/5150/5150 5149/5149/5149 5174/5174/5174
f 5174/5174/5174 5149/5149/5149 5175/5175/5175
f 5149/5149/5149 5148/5148/5148 5175/5175/5175
f 5148/5148/5148 5147/5147/5147 5176/5176/5176
f 5176/5176/5176 5147/5147/5147 5173/5173/5173
f 5175/5175/5175 5148/5148/5148 5176/5176/5176
f 5177/5177/5177 5174/5174/5174 5175/5175/5175
f 5174/5174/5174 5177/5177/5177 5172/5172/5172
f 5178/5178/5178 5175/5175/5175 5176/5176/5176
f 5178/5178/5178 5177/5177/5177 5175/5175/5175
f 5179/5179/5179 5176/5176/5176 5173/5173/5173
f 5179/5179/5179 5178/5178/5178 5176/5176/5176
f 5180/5180/5180 5173/5173/5173 5171/5171/5171
f 5180/5180/5180 5179/5179/5179 5173/5173/5173
f 5181/5181/5181 5178/5178/5178 5179/5179/5179
f 5181/5181/5181 5179/5179/5179 5180/5180/5180
f 5181/5181/5181 5182/5182/5182 5178/5178/5178
f 5182/5182/5182 5177/5177/5177 5178/5178/5178
f 5183/5183/5183 5181/5181/5181 5180/5180/5180
f 5184/5184/5184 5180/5180/5180 5171/5171/5171
f 5183/5183/5183 5180/5180/5180 5184/5184/5184
f 5184/5184/5184 5171/5171/5171 5169/5169/5169
f 5182/5182/5182 5185/5185/5185 5177/5177/5177
f 5177/5177/5177 5185/5185/5185 5172/5172/5172
f 5182/5182/5182 5186/5186/5186 5185/5185/5185
f 5183/5183/5183 5184/5184/5184 5187/5187/5187
f 5187/5187/5187 5184/5184/5184 5169/5169/5169
f 5188/5188/5188 5183/5183/5183 5187/5187/5187
f 5187/5187/5187 5169/5169/5169 5167/5167/5167
f 5185/5185/5185 5189/5189/5189 5172/5172/5172
f 5186/5186/5186 5189/5189/5189 5185/5185/5185
f 5189/5189/5189 5170/5170/5170 5172/5172/5172
f 5188/5188/5188 5187/5187/5187 5190/5190/5190
f 5190/5190/5190 5187/5187/5187 5167/5167/5167
f 5190/5190/5190 5167/5167/5167 5161/5161/5161
f 5188/5188/5188 5190/5190/5190 5191/5191/5191
f 5186/5186/5186 5192/5192/5192 5189/5189/5189
f 5189/5189/5189 5192/5192/5192 5170/5170/5170
f 5192/5192/5192 5168/5168/5168 5170/5170/5170
f 5186/5186/5186 5193/5193/5193 5192/5192/5192
f 5194/5194/5194 5190/5190/5190 5161/5161/5161
f 5190/5190/5190 5194/5194/5194 5191/5191/5191
f 5194/5194/5194 5161/5161/5161 5162/5162/5162
f 5192/5192/5192 5195/5195/5195 5168/5168/5168
f 5193/5193/5193 5195/5195/5195 5192/5192/5192
f 5195/5195/5195 5166/5166/5166 5168/5168/5168
f 5191/5191/5191 5194/5194/5194 5196/5196/5196
f 5196/5196/5196 5194/5194/5194 5162/5162/5162
f 5196/5196/5196 5162/5162/5162 5163/5163/5163
f 5191/5191/5191 5196/5196/5196 5197/5197/5197
f 5195/5195/5195 5198/5198/5198 5166/5166/5166
f 5193/5193/5193 5198/5198/5198 5195/5195/5195
f 5198/5198/5198 5165/5165/5165 5166/5166/5166
f 5199/5199/5199 5196/5196/5196 5163/5163/5163
f 5196/5196/5196 5199/5199/5199 5197/5197/5197
f 5199/5199/5199 5163/5163/5163 5164/5164/5164
f 5200/5200/5200 5198/5198/5198 5193/5193/5193
f 5198/5198/5198 5200/5200/5200 5165/5165/5165
f 5197/5197/5197 5200/5200/5200 5193/5193/5193
f 5200/5200/5200 5164/5164/5164 5165/5165/5165
f 5200/5200/5200 5197/5197/5197 5199/5199/5199
f 5200/5200/5200 5199/5199/5199 5164/5164/5164
f 5203/5203/5203 5202/5202/5202 5201/5201/5201
f 5204/5204/5204 5203/5203/5203 5201/5201/5201
f 5205/5205/5205 5203/5203/5203 5204/5204/5204
f 5201/5201/5201 5202/5202/5202 5206/5206/5206
f 5202/5202/5202 5207/5207/5207 5206/5206/5206
f 5208/5208/5208 5205/5205/5205 5204/5204/5204
f 5209/5209/5209 5205/5205/5205 5208/5208/5208
f 5206/5206/5206 5207/5207/5207 5210/5210/5210
f 5207/5207/5207 5211/5211/5211 5210/5210/5210
f 5212/5212/5212 5209/5209/5209 5208/5208/5208
f 5213/5213/5213 5209/5209/5209 5212/5212/5212
f 5210/5210/5210 5211/5211/5211 5214/5214/5214
f 5211/5211/5211 5215/5215/5215 5214/5214/5214
f 5215/5215/5215 5213/5213/5213 5216/5216/5216
f 5216/5216/5216 5213/5213/5213 5212/5212/5212
f 5214/5214/5214 5215/5215/5215 5216/5216/5216
f 5201/5201/5201 5206/5206/5206 5217/5217/5217
f 5204/5204/5204 5201/5201/5201 5218/5218/5218
f 5218/5218/5218 5201/5201/5201 5217/5217/5217
f 5217/5217/5217 5206/5206/5206 5219/5219/5219
f 5206/5206/5206 5210/5210/5210 5219/5219/5219
f 5217/5217/5217 5219/5219/5219 5218/5218/5218
f 5208/5208/5208 5204/5204/5204 5220/5220/5220
f 5220/5220/5220 5204/5204/5204 5218/5218/5218
f 5212/5212/5212 5208/5208/5208 5221/5221/5221
f 5221/5221/5221 5208/5208/5208 5220/5220/5220
f 5218/5218/5218 5222/5222/5222 5220/5220/5220
f 5219/5219/5219 5222/5222/5222 5218/5218/5218
f 5222/5222/5222 5221/5221/5221 5220/5220/5220
f 5219/5219/5219 5210/5210/5210 5223/5223/5223
f 5210/5210/5210 5214/5214/5214 5223/5223/5223
f 5222/5222/5222 5219/5219/5219 5223/5223/5223
f 5223/5223/5223 5214/5214/5214 5224/5224/5224
f 5224/5224/5224 5222/5222/5222 5223/5223/5223
f 5221/5221/5221 5222/5222/5222 5224/5224/5224
f 5214/5214/5214 5216/5216/5216 5224/5224/5224
f 5216/5216/5216 5212/5212/5212 5225/5225/5225
f 5225/5225/5225 5212/5212/5212 5221/5221/5221
f 5225/5225/5225 5221/5221/5221 5224/5224/5224
f 5224/5224/5224 5216/5216/5216 5225/5225/5225
f 5228/5228/5228 5227/5227/5227 5226/5226/5226
f 5227/5227/5227 5229/5229/5229 5226/5226/5226
f 5227/5227/5227 5230/5230/5230 5229/5229/5229
f 5228/5228/5228 5226/5226/5226 5231/5231/5231
f 5231/5231/5231 5226/5226/5226 5229/5229/5229
f 5232/5232/5232 5228/5228/5228 5231/5231/5231
f 5232/5232/5232 5231/5231/5231 5233/5233/5233
f 5233/5233/5233 5231/5231/5231 5229/5229/5229
f 5234/5234/5234 5232/5232/5232 5233/5233/5233
f 5230/5230/5230 5235/5235/5235 5229/5229/5229
f 5233/5233/5233 5229/5229/5229 5235/5235/5235
f 5230/5230/5230 5236/5236/5236 5235/5235/5235
f 5234/5234/5234 5233/5233/5233 5237/5237/5237
f 5237/5237/5237 5233/5233/5233 5235/5235/5235
f 5238/5238/5238 5234/5234/5234 5237/5237/5237
f 5236/5236/5236 5239/5239/5239 5235/5235/5235
f 5237/5237/5237 5235/5235/5235 5239/5239/5239
f 5236/5236/5236 5240/5240/5240 5239/5239/5239
f 5238/5238/5238 5237/5237/5237 5241/5241/5241
f 5241/5241/5241 5237/5237/5237 5239/5239/5239
f 5240/5240/5240 5241/5241/5241 5239/5239/5239
f 5240/5240/5240 5238/5238/5238 5241/5241/5241
f 5244/5244/5244 5243/5243/5243 5242/5242/5242
f 5245/5245/5245 5244/5244/5244 5242/5242/5242
f 5245/5245/5245 5242/5242/5242 5246/5246/5246
f 5244/5244/5244 5247/5247/5247 5243/5243/5243
f 5244/5244/5244 5245/5245/5245 5247/5247/5247
f 5247/5247/5247 5248/5248/5248 5243/5243/5243
f 5247/5247/5247 5249/5249/5249 5248/5248/5248
f 5245/5245/5245 5249/5249/5249 5247/5247/5247
f 5249/5249/5249 5250/5250/5250 5248/5248/5248
f 5249/5249/5249 5251/5251/5251 5250/5250/5250
f 5249/5249/5249 5245/5245/5245 5251/5251/5251
f 5251/5251/5251 5252/5252/5252 5250/5250/5250
f 5253/5253/5253 5245/5245/5245 5246/5246/5246
f 5245/5245/5245 5253/5253/5253 5251/5251/5251
f 5253/5253/5253 5246/5246/5246 5254/5254/5254
f 5255/5255/5255 5253/5253/5253 5254/5254/5254
f 5251/5251/5251 5253/5253/5253 5255/5255/5255
f 5255/5255/5255 5254/5254/5254 5256/5256/5256
f 5257/5257/5257 5256/5256/5256 5252/5252/5252
f 5251/5251/5251 5257/5257/5257 5252/5252/5252
f 5257/5257/5257 5255/5255/5255 5256/5256/5256
f 5257/5257/5257 5251/5251/5251 5255/5255/5255
f 5260/5260/5260 5259/5259/5259 5258/5258/5258
f 5259/5259/5259 5261/5261/5261 5258/5258/5258
f 5259/5259/5259 5262/5262/5262 5261/5261/5261
f 5260/5260/5260 5258/5258/5258 5263/5263/5263
f 5263/5263/5263 5258/5258/5258 5261/5261/5261
f 5264/5264/5264 5260/5260/5260 5263/5263/5263
f 5264/5264/5264 5263/5263/5263 5265/5265/5265
f 5265/5265/5265 5263/5263/5263 5261/5261/5261
f 5266/5266/5266 5264/5264/5264 5265/5265/5265
f 5262/5262/5262 5267/5267/5267 5261/5261/5261
f 5265/5265/5265 5261/5261/5261 5267/5267/5267
f 5262/5262/5262 5268/5268/5268 5267/5267/5267
f 5266/5266/5266 5265/5265/5265 5269/5269/5269
f 5269/5269/5269 5265/5265/5265 5267/5267/5267
f 5270/5270/5270 5266/5266/5266 5269/5269/5269
f 5268/5268/5268 5271/5271/5271 5267/5267/5267
f 5269/5269/5269 5267/5267/5267 5271/5271/5271
f 5268/5268/5268 5272/5272/5272 5271/5271/5271
f 5270/5270/5270 5269/5269/5269 5273/5273/5273
f 5273/5273/5273 5269/5269/5269 5271/5271/5271
f 5272/5272/5272 5273/5273/5273 5271/5271/5271
f 5272/5272/5272 5270/5270/5270 5273/5273/5273
f 5276/5276/5276 5275/5275/5275 5274/5274/5274
f 5277/5277/5277 5276/5276/5276 5274/5274/5274
f 5277/5277/5277 5274/5274/5274 5278/5278/5278
f 5276/5276/5276 5279/5279/5279 5275/5275/5275
f 5276/5276/5276 5277/5277/5277 5279/5279/5279
f 5279/5279/5279 5280/5280/5280 5275/5275/5275
f 5279/5279/5279 5281/5281/5281 5280/5280/5280
f 5277/5277/5277 5281/5281/5281 5279/5279/5279
f 5281/5281/5281 5282/5282/5282 5280/5280/5280
f 5281/5281/5281 5283/5283/5283 5282/5282/5282
f 5281/5281/5281 5277/5277/5277 5283/5283/5283
f 5283/5283/5283 5284/5284/5284 5282/5282/5282
f 5285/5285/5285 5277/5277/5277 5278/5278/5278
f 5277/5277/5277 5285/5285/5285 5283/5283/5283
f 5285/5285/5285 5278/5278/5278 5286/5286/5286
f 5287/5287/5287 5285/5285/5285 5286/5286/5286
f 5283/5283/5283 5285/5285/5285 5287/5287/5287
f 5287/5287/5287 5286/5286/5286 5288/5288/5288
f 5289/5289/5289 5288/5288/5288 5284/5284/5284
f 5283/5283/5283 5289/5289/5289 5284/5284/5284
f 5289/5289/5289 5287/5287/5287 5288/5288/5288
f 5289/5289/5289 5283/5283/5283 5287/5287/5287
f 5292/5292/5292 5291/5291/5291 5290/5290/5290
f 5291/5291/5291 5293/5293/5293 5290/5290/5290
f 5291/5291/5291 5294/5294/5294 5293/5293/5293
f 5292/5292/5292 5290/5290/5290 5295/5295/5295
f 5295/5295/5295 5290/5290/5290 5293/5293/5293
f 5296/5296/5296 5292/5292/5292 5295/5295/5295
f 5296/5296/5296 5295/5295/5295 5297/5297/5297
f 5297/5297/5297 5295/5295/5295 5293/5293/5293
f 5298/5298/5298 5296/5296/5296 5297/5297/5297
f 5294/5294/5294 5299/5299/5299 5293/5293/5293
f 5297/5297/5297 5293/5293/5293 5299/5299/5299
f 5294/5294/5294 5300/5300/5300 5299/5299/5299
f 5298/5298/5298 5297/5297/5297 5301/5301/5301
f 5301/5301/5301 5297/5297/5297 5299/5299/5299
f 5302/5302/5302 5298/5298/5298 5301/5301/5301
f 5300/5300/5300 5303/5303/5303 5299/5299/5299
f 5301/5301/5301 5299/5299/5299 5303/5303/5303
f 5300/5300/5300 5304/5304/5304 5303/5303/5303
f 5302/5302/5302 5301/5301/5301 5305/5305/5305
f 5305/5305/5305 5301/5301/5301 5303/5303/5303
f 5304/5304/5304 5305/5305/5305 5303/5303/5303
f 5304/5304/5304 5302/5302/5302 5305/5305/5305
f 5308/5308/5308 5307/5307/5307 5306/5306/5306
f 5309/5309/5309 5308/5308/5308 5306/5306/5306
f 5309/5309/5309 5306/5306/5306 5310/5310/5310
f 5308/5308/5308 5311/5311/5311 5307/5307/5307
f 5308/5308/5308 5309/5309/5309 5311/5311/5311
f 5311/5311/5311 5312/5312/5312 5307/5307/5307
f 5311/5311/5311 5313/5313/5313 5312/5312/5312
f 5309/5309/5309 5313/5313/5313 5311/5311/5311
f 5313/5313/5313 5314/5314/5314 5312/5312/5312
f 5313/5313/5313 5315/5315/5315 5314/5314/5314
f 5313/5313/5313 5309/5309/5309 5315/5315/5315
f 5315/5315/5315 5316/5316/5316 5314/5314/5314
f 5317/5317/5317 5309/5309/5309 5310/5310/5310
f 5309/5309/5309 5317/5317/5317 5315/5315/5315
f 5317/5317/5317 5310/5310/5310 5318/5318/5318
f 5319/5319/5319 5317/5317/5317 5318/5318/5318
f 5315/5315/5315 5317/5317/5317 5319/5319/5319
f 5319/5319/5319 5318/5318/5318 5320/5320/5320
f 5321/5321/5321 5320/5320/5320 5316/5316/5316
f 5315/5315/5315 5321/5321/5321 5316/5316/5316
f 5321/5321/5321 5319/5319/5319 5320/5320/5320
f 5321/5321/5321 5315/5315/5315 5319/5319/5319
f 5324/5324/5324 5323/5323/5323 5322/5322/5322
f 5325/5325/5325 5324/5324/5324 5322/5322/5322
f 5324/5324/5324 5326/5326/5326 5323/5323/5323
f 5325/5325/5325 5322/5322/5322 5327/5327/5327
f 5328/5328/5328 5325/5325/5325 5327/5327/5327
f 5327/5327/5327 5322/5322/5322 5329/5329/5329
f 5328/5328/5328 5327/5327/5327 5329/5329/5329
f 5322/5322/5322 5323/5323/5323 5329/5329/5329
f 5330/5330/5330 5328/5328/5328 5329/5329/5329
f 5326/5326/5326 5331/5331/5331 5323/5323/5323
f 5329/5329/5329 5323/5323/5323 5331/5331/5331
f 5326/5326/5326 5332/5332/5332 5331/5331/5331
f 5330/5330/5330 5329/5329/5329 5333/5333/5333
f 5333/5333/5333 5329/5329/5329 5331/5331/5331
f 5334/5334/5334 5330/5330/5330 5333/5333/5333
f 5332/5332/5332 5335/5335/5335 5331/5331/5331
f 5333/5333/5333 5331/5331/5331 5335/5335/5335
f 5332/5332/5332 5336/5336/5336 5335/5335/5335
f 5334/5334/5334 5333/5333/5333 5337/5337/5337
f 5337/5337/5337 5333/5333/5333 5335/5335/5335
f 5336/5336/5336 5337/5337/5337 5335/5335/5335
f 5336/5336/5336 5334/5334/5334 5337/5337/5337
f 5340/5340/5340 5339/5339/5339 5338/5338/5338
f 5341/5341/5341 5340/5340/5340 5338/5338/5338
f 5341/5341/5341 5338/5338/5338 5342/5342/5342
f 5340/5340/5340 5343/5343/5343 5339/5339/5339
f 5343/5343/5343 5340/5340/5340 5341/5341/5341
f 5343/5343/5343 5344/5344/5344 5339/5339/5339
f 5343/5343/5343 5345/5345/5345 5344/5344/5344
f 5345/5345/5345 5343/5343/5343 5341/5341/5341
f 5345/5345/5345 5346/5346/5346 5344/5344/5344
f 5347/5347/5347 5341/5341/5341 5342/5342/5342
f 5345/5345/5345 5341/5341/5341 5347/5347/5347
f 5347/5347/5347 5342/5342/5342 5348/5348/5348
f 5345/5345/5345 5349/5349/5349 5346/5346/5346
f 5349/5349/5349 5345/5345/5345 5347/5347/5347
f 5349/5349/5349 5350/5350/5350 5346/5346/5346
f 5351/5351/5351 5347/5347/5347 5348/5348/5348
f 5349/5349/5349 5347/5347/5347 5351/5351/5351
f 5351/5351/5351 5348/5348/5348 5352/5352/5352
f 5353/5353/5353 5352/5352/5352 5350/5350/5350
f 5349/5349/5349 5353/5353/5353 5350/5350/5350
f 5353/5353/5353 5351/5351/5351 5352/5352/5352
f 5353/5353/5353 5349/5349/5349 5351/5351/5351
f 5356/5356/5356 5355/5355/5355 5354/5354/5354
f 5357/5357/5357 5356/5356/5356 5354/5354/5354
f 5357/5357/5357 5354/5354/5354 5358/5358/5358
f 5356/5356/5356 5359/5359/5359 5355/5355/5355
f 5359/5359/5359 5356/5356/5356 5357/5357/5357
f 5359/5359/5359 5360/5360/5360 5355/5355/5355
f 5359/5359/5359 5361/5361/5361 5360/5360/5360
f 5361/5361/5361 5359/5359/5359 5357/5357/5357
f 5361/5361/5361 5362/5362/5362 5360/5360/5360
f 5363/5363/5363 5357/5357/5357 5358/5358/5358
f 5361/5361/5361 5357/5357/5357 5363/5363/5363
f 5363/5363/5363 5358/5358/5358 5364/5364/5364
f 5361/5361/5361 5365/5365/5365 5362/5362/5362
f 5365/5365/5365 5361/5361/5361 5363/5363/5363
f 5365/5365/5365 5366/5366/5366 5362/5362/5362
f 5367/5367/5367 5363/5363/5363 5364/5364/5364
f 5365/5365/5365 5363/5363/5363 5367/5367/5367
f 5367/5367/5367 5364/5364/5364 5368/5368/5368
f 5369/5369/5369 5368/5368/5368 5366/5366/5366
f 5365/5365/5365 5369/5369/5369 5366/5366/5366
f 5369/5369/5369 5367/5367/5367 5368/5368/5368
f 5369/5369/5369 5365/5365/5365 5367/5367/5367
f 5372/5372/5372 5371/5371/5371 5370/5370/5370
f 5373/5373/5373 5372/5372/5372 5370/5370/5370
f 5373/5373/5373 5370/5370/5370 5374/5374/5374
f 5372/5372/5372 5375/5375/5375 5371/5371/5371
f 5375/5375/5375 5372/5372/5372 5373/5373/5373
f 5375/5375/5375 5376/5376/5376 5371/5371/5371
f 5375/5375/5375 5377/5377/5377 5376/5376/5376
f 5377/5377/5377 5375/5375/5375 5373/5373/5373
f 5377/5377/5377 5378/5378/5378 5376/5376/5376
f 5379/5379/5379 5373/5373/5373 5374/5374/5374
f 5377/5377/5377 5373/5373/5373 5379/5379/5379
f 5379/5379/5379 5374/5374/5374 5380/5380/5380
f 5377/5377/5377 5381/5381/5381 5378/5378/5378
f 5381/5381/5381 5377/5377/5377 5379/5379/5379
f 5381/5381/5381 5382/5382/5382 5378/5378/5378
f 5383/5383/5383 5379/5379/5379 5380/5380/5380
f 5381/5381/5381 5379/5379/5379 5383/5383/5383
f 5383/5383/5383 5380/5380/5380 5384/5384/5384
f 5385/5385/5385 5384/5384/5384 5382/5382/5382
f 5381/5381/5381 5385/5385/5385 5382/5382/5382
f 5385/5385/5385 5383/5383/5383 5384/5384/5384
f 5385/5385/5385 5381/5381/5381 5383/5383/5383
