g sangshi_boss
v 0.441257745 1.58124506 0.191914305
v 0.419454455 1.51839471 -0.154628694
v 0.393377483 1.59757912 -0.126261279
v 0.464007109 1.51139951 0.147502214
v 0.624859452 1.59309006 0.423024297
v 0.506459057 1.34638703 0.0701660588
v 0.428736895 1.37141204 -0.22539109
v 0.629473507 1.51102793 0.38135767
v 0.897797704 1.64014578 0.47812438
v 0.660741389 1.32476008 0.282441944
v 0.538182437 1.13642871 -0.0159583837
v 0.437283427 1.14651191 -0.295571446
v 0.915739238 1.52454042 0.460127711
v 1.10600388 1.6970681 0.34109062
v 0.914858162 1.3321867 0.350549221
v 0.69372344 1.12422168 0.171098471
v 0.587257326 0.901898921 -0.120842576
v 0.504555404 0.919185758 -0.374475271
v 1.1092149 1.55685318 0.341603339
v 1.23876894 1.74096918 0.134277374
v 1.11304033 1.35455835 0.258374751
v 0.905387104 1.13292468 0.230699614
v 0.729263425 0.895039797 0.071665369
v 0.629365742 0.662159026 -0.166357368
v 0.573872149 0.670775831 -0.411354959
v 0.593301117 0.507009089 -0.406487495
v 1.23722994 1.59138775 0.108930722
v 1.26211679 1.7718817 -0.181357339
v 0.747991264 0.68709141 0.0174239576
v 0.635152817 0.507649779 -0.187818527
v 0.614705622 0.360852659 -0.393197179
v 0.916767716 0.908334255 0.151408643
v 1.26309645 1.39601266 0.0243563652
v 0.928542256 0.729104042 0.10942059
v 1.10644901 0.924176455 0.0899680406
v 1.10870636 0.725606084 0.0432557203
v 1.1086359 1.15370405 0.163452014
v 1.28531528 1.18968284 -0.0481053926
v 1.2720418 0.945145786 -0.13317655
v 1.26586366 0.724828541 -0.180575565
v 1.31486595 1.43714106 -0.254144311
v 1.35458994 1.21462214 -0.33542186
v 1.32269645 0.966663063 -0.40955776
v 1.29431283 0.727266729 -0.44011417
v 1.26327479 0.565002263 -0.195143521
v 1.27213144 1.62537122 -0.177341595
v 1.19237566 1.65019166 -0.490590453
v 1.18342531 1.78270102 -0.484362662
v 0.972849727 1.76698685 -0.671851695
v 1.23348713 1.47195303 -0.590629637
v 1.28663361 1.24362159 -0.672916174
v 1.24190903 0.993469298 -0.680228472
v 1.19624949 0.72873801 -0.656190574
v 1.29662561 0.563349307 -0.444893748
v 0.97769773 1.64842749 -0.674086452
v 0.979569554 1.47447491 -0.760053456
v 1.00041008 1.24245417 -0.857692838
v 1.00448251 1.00132751 -0.82737267
v 1.01413047 0.729722023 -0.767155647
v 1.19011497 0.558716238 -0.642731011
v 0.717804015 1.62686813 -0.6735816
v 0.70924902 1.71438932 -0.641929746
v 0.4724226 1.63867402 -0.427936435
v 0.713083923 1.46063232 -0.741506815
v 0.724808931 1.22331202 -0.822376013
v 0.779176712 0.987933934 -0.795207977
v 0.816081047 0.719158292 -0.747362375
v 1.31581545 0.420956969 -0.451000273
v 1.0192939 0.558399022 -0.743168533
v 1.20498979 0.425380856 -0.649887383
v 0.482951254 1.42013168 -0.536505759
v 0.484850377 1.1864264 -0.615194678
v 0.575866938 0.953781486 -0.626036823
v 0.644384503 0.693281233 -0.611403108
v 0.829299808 0.544228911 -0.7317155
v 1.01649225 0.407603294 -0.764658332
v 0.481560558 1.55450273 -0.469437331
v 0.419454455 1.51839471 -0.154628694
v 0.393377483 1.59757912 -0.126261279
v 0.428736895 1.37141204 -0.22539109
v 0.437283427 1.14651191 -0.295571446
v 0.504555404 0.919185758 -0.374475271
v 0.573872149 0.670775831 -0.411354959
v 0.662003458 0.520130813 -0.601003528
v 0.593301117 0.507009089 -0.406487495
v 0.833270252 0.384346992 -0.760303319
v 0.647468269 0.361575574 -0.6005795
v 0.614705622 0.360852659 -0.393197179
v 0.638650894 0.205636993 -0.397657394
v 0.638435841 0.207347214 -0.607628167
v 0.68078804 0.0893139988 -0.39757967
v 0.715107024 0.216088921 -0.735040903
v 0.660196066 0.0855773911 -0.606547356
v 0.742732048 -0.00257126265 -0.397423387
v 0.730233312 -0.00649231253 -0.596439064
v 0.789649308 -0.00803966168 -0.705082059
v 0.730259538 0.0866693556 -0.739168167
v 0.865637183 0.0928198025 -0.812567472
v 0.884085417 -0.0076489686 -0.753429115
v 0.852007449 0.238625214 -0.803056002
v 1.01912093 0.100901887 -0.827776909
v 1.01748323 -0.00480476907 -0.767798245
v 1.15936005 0.113755964 -0.773690164
v 1.1316539 -0.00211534766 -0.728594124
v 1.20392823 -0.00203705113 -0.639927983
v 1.01209366 0.253613591 -0.807691693
v 1.13897705 0.27205044 -0.756505847
v 1.24643207 0.269467562 -0.638843954
v 1.25873804 0.108857118 -0.651589096
v 1.28757751 -0.00272421888 -0.437892914
v 1.31936169 0.2503061 -0.441796184
v 1.33866966 0.107655935 -0.440250754
v 1.38663363 -0.00232445775 -0.202428356
v 1.29114962 0.433684647 -0.189655185
v 1.39431393 0.234115869 -0.167896137
v 1.4213655 0.104555249 -0.204191774
v 1.48003745 0.0983154401 -0.0234928895
v 1.44790113 -0.00224583433 -0.0295204893
v 1.51008391 0.0232820306 0.134507686
v 1.1194607 0.609434903 0.0411640294
v 0.942920148 0.617658079 0.134630486
v 1.15167749 0.507969439 0.0946838036
v 0.742904425 0.565624058 0.0574729107
v 0.726648986 0.491363138 0.134309873
v 0.953229129 0.539219618 0.20993413
v 1.29764605 0.378436774 -0.0368022919
v 1.19006431 0.394409776 0.250789344
v 1.34732223 0.302477062 0.129353613
v 0.631182194 0.368497282 -0.184172645
v 0.969360888 0.41958496 0.354387611
v 1.46143675 0.193159074 0.0120316017
v 1.51797998 0.173096895 0.200561702
v 0.653611004 0.202502564 -0.180616722
v 0.638650894 0.205636993 -0.397657394
v 0.700307429 0.105796516 -0.181538925
v 0.68078804 0.0893139988 -0.39757967
v 0.655565798 0.137090653 0.0147954337
v 0.761237621 0.0264039468 -0.178829253
v 0.742732048 -0.00257126265 -0.397423387
v 0.717761815 -0.000139410273 0.0113214264
v 0.682504237 0.0628525019 0.00555864861
v 0.649356842 0.0572465323 0.221744373
v 0.695711493 -0.00877723936 0.212113813
v 0.66328603 0.0534694605 0.409569621
v 0.63647759 0.285195559 0.0393773913
v 0.62950784 0.209761962 0.258297563
v 0.693841279 0.357896656 0.296571732
v 0.643215477 0.180923149 0.428288102
v 0.69464606 0.287342638 0.446045399
v 0.922712028 0.316325843 0.48848632
v 0.655868828 0.174129084 0.514301896
v 0.688731551 0.0252581574 0.630021155
v 0.694467247 0.260485619 0.537150502
v 0.670350254 0.165316999 0.65645349
v 1.10542214 0.297412366 0.470209211
v 0.891394019 0.296772659 0.54676199
v 0.708782971 0.158623651 0.712012172
v 0.72055912 0.0235494804 0.677486718
v 0.896330297 0.164308414 0.724068046
v 0.895785749 0.0302036572 0.684488118
v 0.726090252 0.2379352 0.705147386
v 0.702685177 0.245258227 0.663559914
v 0.737299919 0.272452533 0.67738837
v 0.929280519 0.151608884 0.69045043
v 0.931794584 0.0479734205 0.651888728
v 0.884061098 0.271901995 0.680873096
v 0.927319705 0.225845963 0.677214444
v 0.887199104 0.238987461 0.710542679
v 0.967794597 0.145250872 0.715987623
v 0.970885515 0.0386317521 0.691216946
v 1.1073097 0.0364975333 0.668905079
v 0.953686476 0.292414725 0.542884111
v 1.09459281 0.27141726 0.531891167
v 1.11320162 0.136451885 0.688946128
v 0.970420718 0.224134475 0.703205526
v 0.97950232 0.260583162 0.677772284
v 1.09721422 0.251051486 0.663625777
v 1.13236892 0.204308659 0.63122946
v 1.1036824 0.212299228 0.679214239
v 1.13553011 0.130690336 0.650324941
v 1.17159975 0.125465468 0.668452144
v 1.12646091 0.0308998171 0.627236903
v 1.16370237 0.0201341286 0.637071311
v 1.28308725 0.017353978 0.597639084
v 1.14184701 0.258725375 0.521209538
v 1.29788482 0.112633795 0.622217357
v 1.30073333 0.0326606743 0.567061424
v 1.17824304 0.214835227 0.649013877
v 1.18538105 0.236310631 0.626341224
v 1.27357066 0.236493722 0.472309411
v 1.29067183 0.19426772 0.614760041
v 1.30915308 0.170707315 0.570288122
v 1.28068352 0.222084701 0.602585793
v 1.3102423 0.109788798 0.579518557
v 1.35001183 0.100313507 0.587841451
v 1.33081508 0.0114732999 0.5556072
v 1.27657723 0.262698978 0.403701365
v 1.45257044 0.0849500224 0.526661873
v 1.43280578 0.00541089335 0.498723835
v 1.31228518 0.22267887 0.457802117
v 1.41469693 0.220618173 0.308199883
v 1.35339797 0.175951287 0.574795663
v 1.46103621 0.0805650502 0.476923734
v 1.4547888 0.0424182117 0.460178643
v 1.48909128 0.0787584186 0.466776758
v 1.45886803 0.139485419 0.46682772
v 1.48190987 0.0223095268 0.445868641
v 1.57434571 0.0218249168 0.374570608
v 1.44533074 0.16799137 0.520460546
v 1.35425019 0.199189872 0.555060744
v 1.44354117 0.190162152 0.505055964
v 1.40647399 0.199466243 0.385156065
v 1.42896223 0.190493271 0.365585625
v 1.58541405 0.0682217777 0.386331201
v 1.54744124 0.0333863311 0.241119459
v 1.56374419 0.0843622461 0.25260964
v 1.52056098 0.0377973653 0.191206083
v 1.58269858 0.13004455 0.390758306
v 1.49166536 0.151546016 0.457323402
v 1.48992395 0.171838284 0.436666638
v 1.57596862 0.158533648 0.385035634
v 1.55124366 0.158591896 0.27419284
v 1.53456342 0.0904356092 0.177578822
v -0.441257745 1.58124506 0.191914305
v -0.393377483 1.59757912 -0.126261279
v -0.419454455 1.51839471 -0.154628694
v -0.464007109 1.51139951 0.147502214
v -0.624859452 1.59309006 0.423024297
v -0.506459057 1.34638703 0.0701660588
v -0.428736895 1.37141204 -0.22539109
v -0.629473507 1.51102793 0.38135767
v -0.897797704 1.64014578 0.47812438
v -0.538182437 1.13642871 -0.0159583837
v -0.437283427 1.14651191 -0.295571446
v -0.660741389 1.32476008 0.282441944
v -0.915739238 1.52454042 0.460127711
v -1.10600388 1.6970681 0.34109062
v -0.587257326 0.901898921 -0.120842576
v -0.504555404 0.919185758 -0.374475271
v -0.69372344 1.12422168 0.171098471
v -0.914858162 1.3321867 0.350549221
v -1.1092149 1.55685318 0.341603339
v -1.23876894 1.74096918 0.134277374
v -0.629365742 0.662159026 -0.166357368
v -0.573872149 0.670775831 -0.411354959
v -0.593301117 0.507009089 -0.406487495
v -0.729263425 0.895039797 0.071665369
v -0.905387104 1.13292468 0.230699614
v -1.11304033 1.35455835 0.258374751
v -1.23722994 1.59138775 0.108930722
v -1.26211679 1.7718817 -0.181357339
v -0.635152817 0.507649779 -0.187818527
v -0.614705622 0.360852659 -0.393197179
v -0.916767716 0.908334255 0.151408643
v -1.1086359 1.15370405 0.163452014
v -1.26309645 1.39601266 0.0243563652
v -0.747991264 0.68709141 0.0174239576
v -1.10644901 0.924176455 0.0899680406
v -1.28531528 1.18968284 -0.0481053926
v -0.928542256 0.729104042 0.10942059
v -1.2720418 0.945145786 -0.13317655
v -1.10870636 0.725606084 0.0432557203
v -1.26586366 0.724828541 -0.180575565
v -1.35458994 1.21462214 -0.33542186
v -1.32269645 0.966663063 -0.40955776
v -1.29431283 0.727266729 -0.44011417
v -1.26327479 0.565002263 -0.195143521
v -1.1194607 0.609434903 0.0411640294
v -0.942920148 0.617658079 0.134630486
v -1.31486595 1.43714106 -0.254144311
v -0.742904425 0.565624058 0.0574729107
v -0.726648986 0.491363138 0.134309873
v -0.953229129 0.539219618 0.20993413
v -1.15167749 0.507969439 0.0946838036
v -1.29114962 0.433684647 -0.189655185
v -1.27213144 1.62537122 -0.177341595
v -1.19237566 1.65019166 -0.490590453
v -1.18342531 1.78270102 -0.484362662
v -0.972849727 1.76698685 -0.671851695
v -1.23348713 1.47195303 -0.590629637
v -1.28663361 1.24362159 -0.672916174
v -1.24190903 0.993469298 -0.680228472
v -1.19624949 0.72873801 -0.656190574
v -1.29662561 0.563349307 -0.444893748
v -1.31581545 0.420956969 -0.451000273
v -1.19011497 0.558716238 -0.642731011
v -1.01413047 0.729722023 -0.767155647
v -1.00448251 1.00132751 -0.82737267
v -1.00041008 1.24245417 -0.857692838
v -0.979569554 1.47447491 -0.760053456
v -0.97769773 1.64842749 -0.674086452
v -0.717804015 1.62686813 -0.6735816
v -0.70924902 1.71438932 -0.641929746
v -0.4724226 1.63867402 -0.427936435
v -0.713083923 1.46063232 -0.741506815
v -0.724808931 1.22331202 -0.822376013
v -0.779176712 0.987933934 -0.795207977
v -0.816081047 0.719158292 -0.747362375
v -1.0192939 0.558399022 -0.743168533
v -1.20498979 0.425380856 -0.649887383
v -0.481560558 1.55450273 -0.469437331
v -0.482951254 1.42013168 -0.536505759
v -0.419454455 1.51839471 -0.154628694
v -0.393377483 1.59757912 -0.126261279
v -0.428736895 1.37141204 -0.22539109
v -0.437283427 1.14651191 -0.295571446
v -0.484850377 1.1864264 -0.615194678
v -0.504555404 0.919185758 -0.374475271
v -0.575866938 0.953781486 -0.626036823
v -0.573872149 0.670775831 -0.411354959
v -0.644384503 0.693281233 -0.611403108
v -0.662003458 0.520130813 -0.601003528
v -0.593301117 0.507009089 -0.406487495
v -0.829299808 0.544228911 -0.7317155
v -0.647468269 0.361575574 -0.6005795
v -0.614705622 0.360852659 -0.393197179
v -0.638650894 0.205636993 -0.397657394
v -1.01649225 0.407603294 -0.764658332
v -0.833270252 0.384346992 -0.760303319
v -0.638435841 0.207347214 -0.607628167
v -0.68078804 0.0893139988 -0.39757967
v -0.715107024 0.216088921 -0.735040903
v -0.660196066 0.0855773911 -0.606547356
v -0.742732048 -0.00257126265 -0.397423387
v -0.730233312 -0.00649231253 -0.596439064
v -0.789649308 -0.00803966168 -0.705082059
v -0.730259538 0.0866693556 -0.739168167
v -0.865637183 0.0928198025 -0.812567472
v -0.884085417 -0.0076489686 -0.753429115
v -0.852007449 0.238625214 -0.803056002
v -1.01912093 0.100901887 -0.827776909
v -1.01748323 -0.00480476907 -0.767798245
v -1.15936005 0.113755964 -0.773690164
v -1.1316539 -0.00211534766 -0.728594124
v -1.20392823 -0.00203705113 -0.639927983
v -1.01209366 0.253613591 -0.807691693
v -1.13897705 0.27205044 -0.756505847
v -1.24643207 0.269467562 -0.638843954
v -1.25873804 0.108857118 -0.651589096
v -1.28757751 -0.00272421888 -0.437892914
v -1.31936169 0.2503061 -0.441796184
v -1.33866966 0.107655935 -0.440250754
v -1.38663363 -0.00232445775 -0.202428356
v -1.39431393 0.234115869 -0.167896137
v -1.4213655 0.104555249 -0.204191774
v -1.48003745 0.0983154401 -0.0234928895
v -1.44790113 -0.00224583433 -0.0295204893
v -1.51008391 0.0232820306 0.134507686
v -1.29764605 0.378436774 -0.0368022919
v -1.46143675 0.193159074 0.0120316017
v -1.53456342 0.0904356092 0.177578822
v -1.52056098 0.0377973653 0.191206083
v -1.19006431 0.394409776 0.250789344
v -1.34732223 0.302477062 0.129353613
v -1.51797998 0.173096895 0.200561702
v -1.56374419 0.0843622461 0.25260964
v -1.54744124 0.0333863311 0.241119459
v -0.969360888 0.41958496 0.354387611
v -1.58541405 0.0682217777 0.386331201
v -1.57434571 0.0218249168 0.374570608
v -1.48909128 0.0787584186 0.466776758
v -1.48190987 0.0223095268 0.445868641
v -1.4547888 0.0424182117 0.460178643
v -1.58269858 0.13004455 0.390758306
v -1.55124366 0.158591896 0.27419284
v -1.46103621 0.0805650502 0.476923734
v -1.45886803 0.139485419 0.46682772
v -1.43280578 0.00541089335 0.498723835
v -1.49166536 0.151546016 0.457323402
v -1.45257044 0.0849500224 0.526661873
v -1.33081508 0.0114732999 0.5556072
v -1.57596862 0.158533648 0.385035634
v -1.41469693 0.220618173 0.308199883
v -1.48992395 0.171838284 0.436666638
v -1.42896223 0.190493271 0.365585625
v -1.27657723 0.262698978 0.403701365
v -1.40647399 0.199466243 0.385156065
v -1.35001183 0.100313507 0.587841451
v -1.30073333 0.0326606743 0.567061424
v -1.10542214 0.297412366 0.470209211
v -1.44354117 0.190162152 0.505055964
v -1.31228518 0.22267887 0.457802117
v -1.27357066 0.236493722 0.472309411
v -1.30915308 0.170707315 0.570288122
v -1.35425019 0.199189872 0.555060744
v -1.44533074 0.16799137 0.520460546
v -1.35339797 0.175951287 0.574795663
v -1.3102423 0.109788798 0.579518557
v -1.29788482 0.112633795 0.622217357
v -1.28308725 0.017353978 0.597639084
v -1.17159975 0.125465468 0.668452144
v -1.16370237 0.0201341286 0.637071311
v -1.12646091 0.0308998171 0.627236903
v -1.29067183 0.19426772 0.614760041
v -1.28068352 0.222084701 0.602585793
v -1.17824304 0.214835227 0.649013877
v -1.13236892 0.204308659 0.63122946
v -1.13553011 0.130690336 0.650324941
v -1.1073097 0.0364975333 0.668905079
v -1.18538105 0.236310631 0.626341224
v -1.14184701 0.258725375 0.521209538
v -1.09459281 0.27141726 0.531891167
v -0.922712028 0.316325843 0.48848632
v -0.693841279 0.357896656 0.296571732
v -1.11320162 0.136451885 0.688946128
v -1.1036824 0.212299228 0.679214239
v -1.09721422 0.251051486 0.663625777
v -0.967794597 0.145250872 0.715987623
v -0.970885515 0.0386317521 0.691216946
v -0.931794584 0.0479734205 0.651888728
v -0.970420718 0.224134475 0.703205526
v -0.927319705 0.225845963 0.677214444
v -0.929280519 0.151608884 0.69045043
v -0.895785749 0.0302036572 0.684488118
v -0.953686476 0.292414725 0.542884111
v -0.97950232 0.260583162 0.677772284
v -0.896330297 0.164308414 0.724068046
v -0.72055912 0.0235494804 0.677486718
v -0.891394019 0.296772659 0.54676199
v -0.887199104 0.238987461 0.710542679
v -0.708782971 0.158623651 0.712012172
v -0.688731551 0.0252581574 0.630021155
v -0.884061098 0.271901995 0.680873096
v -0.726090252 0.2379352 0.705147386
v -0.670350254 0.165316999 0.65645349
v -0.737299919 0.272452533 0.67738837
v -0.69464606 0.287342638 0.446045399
v -0.702685177 0.245258227 0.663559914
v -0.694467247 0.260485619 0.537150502
v -0.655868828 0.174129084 0.514301896
v -0.66328603 0.0534694605 0.409569621
v -0.643215477 0.180923149 0.428288102
v -0.62950784 0.209761962 0.258297563
v -0.649356842 0.0572465323 0.221744373
v -0.695711493 -0.00877723936 0.212113813
v -0.717761815 -0.000139410273 0.0113214264
v -0.63647759 0.285195559 0.0393773913
v -0.631182194 0.368497282 -0.184172645
v -0.655565798 0.137090653 0.0147954337
v -0.653611004 0.202502564 -0.180616722
v -0.638650894 0.205636993 -0.397657394
v -0.700307429 0.105796516 -0.181538925
v -0.68078804 0.0893139988 -0.39757967
v -0.682504237 0.0628525019 0.00555864861
v -0.761237621 0.0264039468 -0.178829253
v -0.742732048 -0.00257126265 -0.397423387
v -0 3.83554077 -1.02735591
v -0 3.85125804 -0.987242937
v -0.52204746 3.84720135 -0.976824701
v -0.52549541 3.82421994 -1.0005424
v -0 3.74038529 -1.01838684
v -0.905753016 3.82384539 -0.848888814
v -0.519786 3.73499441 -0.996112883
v -0 3.71194887 -1.0368793
v -0.921223938 3.80423474 -0.873168111
v -1.13176692 3.79484463 -0.604796588
v -0.518235803 3.71306396 -1.01812243
v -0 3.54966474 -1.04837596
v -0.923239887 3.71619201 -0.869672477
v -1.16476893 3.76811767 -0.612831116
v -1.26146185 3.74959087 -0.214068964
v -0.51432699 3.54885793 -1.03252256
v -0 3.3649981 -1.04623437
v -0.937177122 3.68761325 -0.886158645
v -1.16349351 3.68339825 -0.610706627
v -1.30078065 3.71808147 -0.231908396
v -1.22275126 3.69879985 0.21021229
v -0.508129835 3.36184812 -1.03723967
v -0 3.31438684 -0.998177469
v -0.940384209 3.53558183 -0.909918249
v -1.17636192 3.65916109 -0.62434876
v -1.28097093 3.63306022 -0.221762612
v -1.26081324 3.67038345 0.213597178
v -1.02547586 3.64648867 0.586489499
v -0.496304601 3.3168292 -0.988928735
v -0 3.11792779 -1.01108086
v -0.941372216 3.36267304 -0.932643592
v -1.18353152 3.50414228 -0.643885314
v -1.3001945 3.61457634 -0.220168382
v -1.23717451 3.57702208 0.181638852
v -1.06221461 3.62371421 0.61135906
v -0.738687873 3.60844874 0.838439703
v -0.497451156 3.11607909 -1.03093088
v -0 2.88675594 -1.01516628
v -0.487877578 2.86810732 -1.05353963
v -0 2.71627259 -0.883849621
v -0.758722603 3.57937908 0.877397597
v -0.394795686 3.58510852 0.982917249
v -1.03180385 3.50720811 0.585102856
v -1.26198828 3.55388045 0.185022578
v -0.898525894 3.3077178 -0.897429645
v -0.410453379 3.5656817 1.02027023
v -0 3.57506394 1.04082739
v -0.746499181 3.46904445 0.821234405
v -0 3.55345249 1.07308769
v 0.394795686 3.58510852 0.982917249
v -1.3048085 3.45962238 -0.236734554
v -1.18212533 3.32760978 -0.660789371
v -1.0491333 3.48469687 0.584310532
v -0.401996195 3.44184566 0.966657817
v 0.410453379 3.5656817 1.02027023
v 0.738687873 3.60844874 0.838439703
v -1.27406204 3.40383744 0.159809127
v -1.29731929 3.28367352 -0.254235119
v -0.75412029 3.44507813 0.833923221
v -0 3.43115616 1.02304435
v 0.758722603 3.57937908 0.877397597
v 1.02547586 3.64648867 0.586489499
v -1.06083393 3.33548093 0.555173695
v -0.410790473 3.41600585 0.986248732
v 0.401996195 3.44184566 0.966657817
v 1.06221461 3.62371421 0.61135906
v 1.22275126 3.69879985 0.21021229
v -1.27129769 3.23412585 0.126496509
v -0.755273163 3.28903031 0.810054481
v -0 3.40279651 1.04004276
v 0.746499181 3.46904445 0.821234405
v 1.26081324 3.67038345 0.213597178
v 1.26146185 3.74959087 -0.214068964
v -1.06819713 3.16697431 0.517434657
v -0.404136986 3.25700855 0.962247014
v 0.410790473 3.41600585 0.986248732
v 1.03180385 3.50720811 0.585102856
v 1.30078065 3.71808147 -0.231908396
v 1.13176692 3.79484463 -0.604796588
v -0 3.24403596 1.02030241
v -0.393572479 3.0786705 0.924694598
v 0.75412029 3.44507813 0.833923221
v 1.23717451 3.57702208 0.181638852
v 1.16476893 3.76811767 -0.612831116
v 0.905753016 3.82384539 -0.848888814
v 1.0491333 3.48469687 0.584310532
v 0.755273163 3.28903031 0.810054481
v 0.404136986 3.25700855 0.962247014
v 1.28097093 3.63306022 -0.221762612
v 0.921223938 3.80423474 -0.873168111
v 0.52204746 3.84720135 -0.976824701
v 1.26198828 3.55388045 0.185022578
v -0 3.0672574 0.980112493
v 1.16349351 3.68339825 -0.610706627
v 0.52549541 3.82421994 -1.0005424
v -0 3.85125804 -0.987242937
v -0 3.83554077 -1.02735591
v 0.923239887 3.71619201 -0.869672477
v 0.519786 3.73499441 -0.996112883
v -0 3.74038529 -1.01838684
v 1.3001945 3.61457634 -0.220168382
v 1.17636192 3.65916109 -0.62434876
v 0.518235803 3.71306396 -1.01812243
v -0 3.71194887 -1.0368793
v 0.937177122 3.68761325 -0.886158645
v 0.51432699 3.54885793 -1.03252256
v -0 3.54966474 -1.04837596
v 0.940384209 3.53558183 -0.909918249
v 1.18353152 3.50414228 -0.643885314
v 1.3048085 3.45962238 -0.236734554
v 1.27406204 3.40383744 0.159809127
v 0.508129835 3.36184812 -1.03723967
v -0 3.3649981 -1.04623437
v 0.941372216 3.36267304 -0.932643592
v 1.18212533 3.32760978 -0.660789371
v 1.29731929 3.28367352 -0.254235119
v 0.496304601 3.3168292 -0.988928735
v -0 3.31438684 -0.998177469
v 0.898525894 3.3077178 -0.897429645
v 1.13113594 3.27436948 -0.628183186
v 0.497451156 3.11607909 -1.03093088
v -0 3.11792779 -1.01108086
v 0.921835124 3.11655426 -0.924988687
v 0.487877578 2.86810732 -1.05353963
v -0 2.88675594 -1.01516628
v 1.27129769 3.23412585 0.126496509
v 1.23968422 3.22851944 -0.273598403
v 1.15578198 3.09327054 -0.656965137
v 0.933156252 2.88801837 -0.948796391
v 0.32158491 2.66641235 -0.937427044
v -0 2.71627259 -0.883849621
v -0 2.62798238 -0.579936743
v 1.23113513 3.17451429 0.107039467
v 1.2956177 3.05667353 -0.303474128
v 1.18955851 2.88654566 -0.680050135
v 0.161024943 2.55177593 -0.590961754
v -0 2.6108768 -0.266957432
v 1.27707183 3.01227021 0.113663442
v 1.32977939 2.85508728 -0.320475698
v 1.30563021 2.81511354 0.112547003
v 1.20195198 2.66445732 -0.693621874
v 1.34770632 2.63115144 -0.340320736
v 1.33299005 2.57812858 0.102851354
v 0.954728246 2.65040612 -0.893523991
v 0.644453108 2.58566093 -0.913978577
v 0.435413569 2.48947668 -0.757041216
v 1.10441399 2.7650454 0.478613228
v 1.14507306 2.54257083 0.471089989
v 1.07177544 2.95483994 0.470218033
v 1.03651452 3.12294793 0.468913406
v 1.06819713 3.16697431 0.517434657
v 1.06083393 3.33548093 0.555173695
v 0.749076903 3.11431837 0.771177649
v 0.715174377 3.07521653 0.689577162
v 0.73525846 2.91419101 0.662598252
v 0.758321106 2.71647048 0.659930229
v 0.393572479 3.0786705 0.924694598
v 0.37180382 3.03808761 0.824849129
v 0.379723668 2.88026738 0.758274376
v -0 3.02770734 0.889510274
v 0.799675882 2.49192214 0.656503379
v 0.399494767 2.69917345 0.642665625
v -0 2.85973382 0.811784089
v -0.37180382 3.03808761 0.824849129
v -0 2.71572566 0.678548396
v -0.379723668 2.88026738 0.758274376
v -0.399494767 2.69917345 0.642665625
v -0.73525846 2.91419101 0.662598252
v -0.715174377 3.07521653 0.689577162
v 0.468484759 2.43204474 0.630331874
v -0.749076903 3.11431837 0.771177649
v -1.03651452 3.12294793 0.468913406
v -1.07177544 2.95483994 0.470218033
v -1.23113513 3.17451429 0.107039467
v -1.27707183 3.01227021 0.113663442
v -1.23968422 3.22851944 -0.273598403
v -1.2956177 3.05667353 -0.303474128
v -1.13113594 3.27436948 -0.628183186
v -1.15578198 3.09327054 -0.656965137
v -0.921835124 3.11655426 -0.924988687
v -0.933156252 2.88801837 -0.948796391
v -1.18955851 2.88654566 -0.680050135
v -1.32977939 2.85508728 -0.320475698
v -0.954728246 2.65040612 -0.893523991
v -1.30563021 2.81511354 0.112547003
v -1.20195198 2.66445732 -0.693621874
v -1.10441399 2.7650454 0.478613228
v -1.34770632 2.63115144 -0.340320736
v -0.758321106 2.71647048 0.659930229
v -1.33299005 2.57812858 0.102851354
v -1.14507306 2.54257083 0.471089989
v -0.799675882 2.49192214 0.656503379
v -1.20030808 2.34301376 -0.694904089
v -1.35338318 2.33297944 -0.352883369
v -1.36037326 2.27725339 0.0559101328
v -1.17512918 2.23349261 0.446225226
v -0.976118743 2.3279562 -0.847008049
v -1.21107614 2.06126237 -0.672638774
v -1.3579663 2.03553128 -0.371572614
v -1.37864792 1.99809587 0.00916273892
v -1.01222444 2.04489803 -0.80344826
v -0.850802541 2.18610168 0.62426883
v -1.19146693 1.95158565 0.40688765
v -0.468484759 2.43204474 0.630331874
v -0.729348183 2.28753114 -0.841738403
v -0.779844105 2.00574493 -0.822928429
v -0.644453108 2.58566093 -0.913978577
v -0.32158491 2.66641235 -0.937427044
v -0.161024943 2.55177593 -0.590961754
v -0 2.62798238 -0.579936743
v -0.0664308369 2.52992344 -0.262232333
v -0 2.6108768 -0.266957432
v -0 2.60724425 -0.00053524645
v -0.0543541424 2.52885485 0.00434572669
v -0.0967762172 2.31189609 -0.00330664031
v -0.128727183 2.31681943 -0.270368755
v -0.163317829 2.05850673 -0.021195583
v -0.246959925 2.37621474 -0.545097947
v -0.204531297 2.08014297 -0.276223063
v -0.22812444 1.79323471 -0.0375991948
v -0.435413569 2.48947668 -0.757041216
v -0.311456949 2.13946009 -0.523518324
v -0.27526015 1.82407653 -0.282771647
v -0.250101298 1.55780196 -0.0756681114
v -0.51062429 2.21451402 -0.730822861
v -0.371364862 1.87446833 -0.520346045
v -0.544706583 1.93177223 -0.716568947
v -0.274331361 1.57657206 -0.355498642
v -0.360039741 1.61258841 -0.605779231
v -0.558374763 1.68380201 -0.796012878
v -0.263062239 1.4260745 -0.294718146
v -0.263335824 1.44722915 -0.123164587
v -0.29701376 1.44077623 -0.127450019
v -0.289831728 1.41912532 -0.288614511
v -0.29649201 1.37431657 -0.504282236
v -0.321803391 1.36767423 -0.501759529
v -0.359040588 1.51347256 -0.650193453
v -0.385807782 1.4943943 -0.643074453
v -0.486267149 1.56078184 -0.789287925
v -0.501365125 1.53656244 -0.768233299
v -0.807913065 1.74751842 -0.874459505
v -0.684350371 1.61018765 -0.880277991
v -0.701891363 1.48759246 -0.902600586
v -0.704296112 1.47430325 -0.875512242
v -0.832563698 1.56792665 -0.908894718
v -0.835759282 1.54471207 -0.877190769
v -1.02563334 1.7814256 -0.83560288
v -1.05164683 1.61747503 -0.865008593
v -1.05097055 1.59320605 -0.834703326
v -1.2220583 1.79470038 -0.714080095
v -1.24019527 1.64306962 -0.752370179
v -1.22009385 1.61727774 -0.72566998
v -1.34253716 1.63162625 -0.640360415
v -1.30201733 1.6101712 -0.625685394
v -1.38306344 1.79359353 -0.428470373
v -1.41491163 1.4953146 -0.531184018
v -1.38066268 1.48368847 -0.525179863
v -1.40465629 1.63112152 -0.49154976
v -1.45418942 1.45110869 -0.363575935
v -1.41876376 1.44110215 -0.366399616
v -1.43994844 1.60293174 -0.295348763
v -1.44225669 1.40405619 -0.117539845
v -1.40446877 1.40660584 -0.118924215
v -1.41344619 1.52082825 -0.0574711934
v -1.37549174 1.51983702 -0.0646272898
v -1.40373552 1.76023948 -0.0781379268
v -1.3720845 1.65464067 0.0322599299
v -1.32793784 1.64885652 0.0207696911
v -1.32864511 1.74733102 0.155166492
v -1.33072817 1.67092836 0.131328866
v -1.2957269 1.65598571 0.117241047
v -1.1991781 1.69683516 0.364613593
v -1.29286742 1.61969876 0.221542537
v -1.26798379 1.60745597 0.191216141
v -1.25617397 1.5231117 0.287172288
v -1.22784805 1.51309431 0.253371149
v -1.21337092 1.50553107 0.350586921
v -1.20880067 1.37292433 0.337236017
v -1.1812762 1.37660289 0.304810137
v -1.11136794 1.32700074 0.359787583
v -0.885600388 1.90722799 0.577257872
v -1.12705195 1.32465971 0.394739062
v -0.921773493 1.65449476 0.534888506
v -0.531257629 2.13363552 0.60093534
v -1.02955592 1.29912841 0.434024423
v -1.01560438 1.29882538 0.405009389
v -0.976415932 1.34038651 0.4619582
v -0.961833537 1.34406078 0.434131622
v -0.957598865 1.45939553 0.49483043
v -0.884109318 1.3816154 0.485919148
v -0.878098607 1.38293374 0.446818769
v -0.750894964 1.41132987 0.494651407
v -0.761747777 1.41136324 0.45180285
v -0.633070946 1.36181223 0.444726467
v -0.650565505 1.36120284 0.406888604
v -0.615156591 1.60246241 0.501578987
v -0.44493553 1.28445613 0.267859668
v -0.471896023 1.28974271 0.244465664
v -0.424288422 1.55587387 0.352120817
v -0.301722258 1.30520427 0.0296389386
v -0.327639371 1.31147075 0.0174947251
v -0.583484054 1.85524309 0.551694274
v -0.263335824 1.44722915 -0.123164587
v -0.29701376 1.44077623 -0.127450019
v -0.300145805 1.53876686 0.144544497
v -0.250101298 1.55780196 -0.0756681114
v -0.22812444 1.79323471 -0.0375991948
v -0.269775689 1.79588175 0.199491397
v -0.163317829 2.05850673 -0.021195583
v -0.387163073 1.82238185 0.404696107
v -0.199075416 2.07368445 0.245631859
v -0.0967762172 2.31189609 -0.00330664031
v -0.333861947 2.09670162 0.461455286
v -0.132422119 2.35433722 0.26073274
v -0.272795826 2.38724375 0.497117788
v -0.196486369 2.63646841 0.497136682
v -0.0639414415 2.5814147 0.262126327
v -0.0543541424 2.52885485 0.00434572669
v -0 2.60724425 -0.00053524645
v -0 2.61967587 0.266550571
v 0.0543541424 2.52885485 0.00434572669
v -0 2.66529942 0.526808441
v 0.0639414415 2.5814147 0.262126327
v 0.196486369 2.63646841 0.497136682
v 0.272788852 2.38724136 0.49712494
v 0.132422119 2.35433722 0.26073274
v 0.0967762172 2.31189609 -0.00330664031
v 0.163317829 2.05850673 -0.021195583
v 0.199075416 2.07368445 0.245631859
v 0.22812444 1.79323471 -0.0375991948
v 0.333861947 2.09670162 0.461455286
v 0.269775689 1.79588175 0.199491397
v 0.250101298 1.55780196 -0.0756681114
v 0.531257629 2.13363552 0.60093534
v 0.387163073 1.82238185 0.404696107
v 0.300145805 1.53876686 0.144544497
v 0.263335824 1.44722915 -0.123164587
v 0.850802541 2.18610168 0.62426883
v 0.583484054 1.85524309 0.551694274
v 1.17512918 2.23349261 0.446225226
v 0.301722258 1.30520427 0.0296389386
v 0.29701376 1.44077623 -0.127450019
v 0.327639371 1.31147075 0.0174947251
v 0.44493553 1.28445613 0.267859668
v 0.471896023 1.28974271 0.244465664
v 0.424288422 1.55587387 0.352120817
v 0.633070946 1.36181223 0.444726467
v 0.650565505 1.36120284 0.406888604
v 0.885600388 1.90722799 0.577257872
v 0.615156591 1.60246241 0.501578987
v 0.750894964 1.41132987 0.494651407
v 0.761747777 1.41136324 0.45180285
v 0.921773493 1.65449476 0.534888506
v 1.19146693 1.95158565 0.40688765
v 0.884109318 1.3816154 0.485919148
v 0.878098607 1.38293374 0.446818769
v 0.957598865 1.45939553 0.49483043
v 0.976415932 1.34038651 0.4619582
v 0.961833537 1.34406078 0.434131622
v 1.02955592 1.29912841 0.434024423
v 1.01560438 1.29882538 0.405009389
v 1.11136794 1.32700074 0.359787583
v 1.12705195 1.32465971 0.394739062
v 1.21337092 1.50553107 0.350586921
v 1.20880067 1.37292433 0.337236017
v 1.1812762 1.37660289 0.304810137
v 1.25617397 1.5231117 0.287172288
v 1.22784805 1.51309431 0.253371149
v 1.1991781 1.69683516 0.364613593
v 1.29286742 1.61969876 0.221542537
v 1.26798379 1.60745597 0.191216141
v 1.32864511 1.74733102 0.155166492
v 1.33072817 1.67092836 0.131328866
v 1.40373552 1.76023948 -0.0781379268
v 1.2957269 1.65598571 0.117241047
v 1.3720845 1.65464067 0.0322599299
v 1.32793784 1.64885652 0.0207696911
v 1.41344619 1.52082825 -0.0574711934
v 1.37549174 1.51983702 -0.0646272898
v 1.37864792 1.99809587 0.00916273892
v 1.44225669 1.40405619 -0.117539845
v 1.40446877 1.40660584 -0.118924215
v 1.43994844 1.60293174 -0.295348763
v 1.45418942 1.45110869 -0.363575935
v 1.41876376 1.44110215 -0.366399616
v 1.41491163 1.4953146 -0.531184018
v 1.38066268 1.48368847 -0.525179863
v 1.40465629 1.63112152 -0.49154976
v 1.34253716 1.63162625 -0.640360415
v 1.30201733 1.6101712 -0.625685394
v 1.38306344 1.79359353 -0.428470373
v 1.24019527 1.64306962 -0.752370179
v 1.22009385 1.61727774 -0.72566998
v 1.3579663 2.03553128 -0.371572614
v 1.2220583 1.79470038 -0.714080095
v 1.05164683 1.61747503 -0.865008593
v 1.05097055 1.59320605 -0.834703326
v 1.21107614 2.06126237 -0.672638774
v 1.02563334 1.7814256 -0.83560288
v 0.832563698 1.56792665 -0.908894718
v 0.835759282 1.54471207 -0.877190769
v 1.01222444 2.04489803 -0.80344826
v 0.807913065 1.74751842 -0.874459505
v 0.701891363 1.48759246 -0.902600586
v 0.704296112 1.47430325 -0.875512242
v 0.684350371 1.61018765 -0.880277991
v 0.486267149 1.56078184 -0.789287925
v 0.501365125 1.53656244 -0.768233299
v 0.779844105 2.00574493 -0.822928429
v 0.558374763 1.68380201 -0.796012878
v 0.359040588 1.51347256 -0.650193453
v 0.385807782 1.4943943 -0.643074453
v 0.544706583 1.93177223 -0.716568947
v 0.360039741 1.61258841 -0.605779231
v 0.29649201 1.37431657 -0.504282236
v 0.321803391 1.36767423 -0.501759529
v 0.274331361 1.57657206 -0.355498642
v 0.263062239 1.4260745 -0.294718146
v 0.289831728 1.41912532 -0.288614511
v 0.263335824 1.44722915 -0.123164587
v 0.29701376 1.44077623 -0.127450019
v 0.250101298 1.55780196 -0.0756681114
v 0.22812444 1.79323471 -0.0375991948
v 0.27526015 1.82407653 -0.282771647
v 0.163317829 2.05850673 -0.021195583
v 0.371364862 1.87446833 -0.520346045
v 0.204531297 2.08014297 -0.276223063
v 0.0967762172 2.31189609 -0.00330664031
v 0.311456949 2.13946009 -0.523518324
v 0.128727183 2.31681943 -0.270368755
v 0.0543541424 2.52885485 0.00434572669
v 0.51062429 2.21451402 -0.730822861
v 0.246959925 2.37621474 -0.545097947
v 0.0664308369 2.52992344 -0.262232333
v -0 2.60724425 -0.00053524645
v 0.729348183 2.28753114 -0.841738403
v 0.976118743 2.3279562 -0.847008049
v 1.20030808 2.34301376 -0.694904089
v 1.35338318 2.33297944 -0.352883369
v 1.36037326 2.27725339 0.0559101328
v 1.1812762 1.37660289 0.304810137
v 1.22784805 1.51309431 0.253371149
v 1.11136794 1.32700074 0.359787583
v 0.961833537 1.34406078 0.434131622
v 1.01560438 1.29882538 0.405009389
v 0.799256504 1.6849705 -0.163396761
v 0.878098607 1.38293374 0.446818769
v 0.803037167 1.68611002 -0.167341679
v 0.792724311 1.68362749 -0.16304943
v 0.761747777 1.41136324 0.45180285
v 1.26798379 1.60745597 0.191216141
v 1.2957269 1.65598571 0.117241047
v 0.650565505 1.36120284 0.406888604
v 1.32793784 1.64885652 0.0207696911
v 0.78688544 1.68320704 -0.170804366
v 0.805085063 1.6872915 -0.175311461
v 0.29701376 1.44077623 -0.127450019
v 0.471896023 1.28974271 0.244465664
v 0.327639371 1.31147075 0.0174947251
v 0.787874281 1.68423128 -0.179340512
v 1.30201733 1.6101712 -0.625685394
v 1.37549174 1.51983702 -0.0646272898
v 0.80290395 1.68746436 -0.181616366
v 0.385807782 1.4943943 -0.643074453
v 0.289831728 1.41912532 -0.288614511
v 0.321803391 1.36767423 -0.501759529
v 0.792785347 1.68570578 -0.184405878
v 0.501365125 1.53656244 -0.768233299
v 0.835759282 1.54471207 -0.877190769
v 0.704296112 1.47430325 -0.875512242
v 0.799001515 1.68695903 -0.184478521
v 1.05097055 1.59320605 -0.834703326
v 1.22009385 1.61727774 -0.72566998
v 1.41876376 1.44110215 -0.366399616
v 1.38066268 1.48368847 -0.525179863
v 1.40446877 1.40660584 -0.118924215
v -1.41876376 1.44110215 -0.366399616
v -1.40446877 1.40660584 -0.118924215
v -1.37549174 1.51983702 -0.0646272898
v -1.30201733 1.6101712 -0.625685394
v -1.38066268 1.48368847 -0.525179863
v -1.32793784 1.64885652 0.0207696911
v -0.805085063 1.6872915 -0.175311461
v -0.80290395 1.68746436 -0.181616366
v -1.22009385 1.61727774 -0.72566998
v -0.799001515 1.68695903 -0.184478521
v -1.05097055 1.59320605 -0.834703326
v -0.803037167 1.68611002 -0.167341679
v -0.792785347 1.68570578 -0.184405878
v -1.2957269 1.65598571 0.117241047
v -1.26798379 1.60745597 0.191216141
v -1.22784805 1.51309431 0.253371149
v -0.835759282 1.54471207 -0.877190769
v -0.799256504 1.6849705 -0.163396761
v -0.501365125 1.53656244 -0.768233299
v -0.704296112 1.47430325 -0.875512242
v -0.787874281 1.68423128 -0.179340512
v -0.385807782 1.4943943 -0.643074453
v -0.29701376 1.44077623 -0.127450019
v -0.78688544 1.68320704 -0.170804366
v -0.792724311 1.68362749 -0.16304943
v -0.289831728 1.41912532 -0.288614511
v -0.321803391 1.36767423 -0.501759529
v -0.650565505 1.36120284 0.406888604
v -0.471896023 1.28974271 0.244465664
v -0.327639371 1.31147075 0.0174947251
v -0.761747777 1.41136324 0.45180285
v -0.878098607 1.38293374 0.446818769
v -0.961833537 1.34406078 0.434131622
v -1.11136794 1.32700074 0.359787583
v -1.1812762 1.37660289 0.304810137
v -1.01560438 1.29882538 0.405009389
v -0.501756489 3.79534698 -0.940579057
v -0 3.85125804 -0.987242937
v -0 3.79773068 -0.91950351
v -0.52204746 3.84720135 -0.976824701
v -0.884867013 3.76865292 -0.782733679
v -0.905753016 3.82384539 -0.848888814
v -1.10522079 3.74650192 -0.547892451
v -1.13176692 3.79484463 -0.604796588
v -1.22800827 3.70523095 -0.22712709
v -1.26146185 3.74959087 -0.214068964
v -1.18005884 3.65525723 0.164357722
v -1.22275126 3.69879985 0.21021229
v -0.990758181 3.62012911 0.505761087
v -1.02547586 3.64648867 0.586489499
v -0.702308774 3.59524465 0.811214864
v -0.738687873 3.60844874 0.838439703
v -0.344206601 3.57313442 0.96202904
v -0.394795686 3.58510852 0.982917249
v -0 3.55293965 1.00839138
v -0 3.57506394 1.04082739
v 0.344206601 3.56061697 0.96202904
v 0.394795686 3.58510852 0.982917249
v 0.702308774 3.58272696 0.811214864
v 0.738687873 3.60844874 0.838439703
v 0.990758181 3.61392713 0.505761087
v 1.02547586 3.64648867 0.586489499
v 1.18005884 3.65525723 0.164357722
v 1.22275126 3.69879985 0.21021229
v 1.22800827 3.71378493 -0.227127075
v 1.26146185 3.74959087 -0.214068964
v 1.10522079 3.74650192 -0.547892451
v 1.13176692 3.79484463 -0.604796588
v 0.884867013 3.75806499 -0.782733679
v 0.905753016 3.82384539 -0.848888814
v 0.501756489 3.79534698 -0.940579057
v 0.52204746 3.84720135 -0.976824701
v -0 3.79773068 -0.91950351
v -0 3.85125804 -0.987242937
v 0.477971971 7.59927416 0.43949753
v 0.477971971 7.62367773 0.520317495
v 0.477971971 7.54580069 0.374167204
v 0.477971971 7.47140121 0.334275156
v 0.477971971 7.38739252 0.325887561
v 0.477971971 7.30657434 0.350287646
v 0.477971971 7.2412467 0.403761923
v 0.477971971 7.2013526 0.478166103
v 0.477971971 7.19296265 0.562168777
v 0.477971971 7.21736479 0.642988801
v 0.477971971 7.27084017 0.708319545
v 0.477971971 7.34523964 0.748211801
v 0.477971971 7.42924643 0.756598353
v 0.477971971 7.51006842 0.732199013
v 0.477971971 7.57539415 0.678725719
v 0.477971971 7.61528969 0.604322672
v 0.609543979 7.1614275 0.466000587
v 0.477971971 7.2013526 0.478166103
v 0.477971971 7.19296265 0.562168777
v 0.609543681 7.15142298 0.566203535
v 0.477971971 7.21736479 0.642988801
v 0.760736585 7.13650751 0.567266107
v 0.760736585 7.14717579 0.461869717
v 0.760736585 7.16647768 0.669054389
v 0.609543681 7.18052959 0.662615776
v 0.760736585 7.2117157 0.72759515
v 0.477971971 7.27084017 0.708319545
v 0.714734912 7.23554039 0.749360025
v 0.609544039 7.24432039 0.740548372
v 0.477971971 7.34523964 0.748211801
v 0.609543979 7.33306932 0.788135529
v 0.714734912 7.33068752 0.800486267
v 0.609543979 7.43328333 0.798141837
v 0.477971971 7.42924643 0.756598353
v 0.760736585 7.36156034 0.808382273
v 0.760736585 7.43513155 0.813947022
v 0.477971971 7.51006842 0.732199013
v 0.760736585 7.53698969 0.782486379
v 0.609544039 7.52969599 0.769031644
v 0.477971971 7.57539415 0.678725719
v 0.760736585 7.61940718 0.714890957
v 0.609543979 7.60762072 0.705247164
v 0.477971971 7.61528969 0.604322672
v 0.760736585 7.66950417 0.620958447
v 0.609544039 7.65521097 0.616490304
v 0.477971971 7.62367773 0.520317495
v 0.760736585 7.6805234 0.514043391
v 0.609544039 7.66521788 0.516282022
v 0.477971971 7.59927416 0.43949753
v 0.760736585 7.65043211 0.412273735
v 0.609543979 7.63610935 0.419869989
v 0.760736585 7.60529947 0.354320526
v 0.477971971 7.54580069 0.374167204
v 0.714734912 7.58139944 0.332916111
v 0.609544039 7.57231808 0.341937333
v 0.477971971 7.47140121 0.334275156
v 0.609543979 7.48356867 0.294350386
v 0.714734912 7.48615694 0.28196013
v 0.609543681 7.38335419 0.284344107
v 0.477971971 7.38739252 0.325887561
v 0.760736585 7.45479679 0.274174333
v 0.760736585 7.38198948 0.269677341
v 0.477971971 7.30657434 0.350287646
v 0.760736585 7.28108931 0.299897224
v 0.609543979 7.28694487 0.313453853
v 0.477971971 7.2412467 0.403761923
v 0.760736585 7.1977849 0.367481768
v 0.609543979 7.20901966 0.377244115
v 0.477971971 7.2013526 0.478166103
v 0.760736585 7.14717579 0.461869717
v 0.609543979 7.1614275 0.466000587
v 0.760736585 7.43513155 0.813947022
v 0.760736585 7.53698969 0.782486379
v 0.760736585 7.61940718 0.714890957
v 0.760736585 7.66950417 0.620958447
v 0.760736585 7.6805234 0.514043391
v 0.760736585 7.65043211 0.412273735
v 0.760736585 7.36156034 0.808382273
v 0.760736585 7.60529947 0.354320526
v 0.714734912 7.33068752 0.800486267
v 0.714734912 7.58139944 0.332916111
v 0.714734912 7.48615694 0.28196013
v 0.714734912 7.23554039 0.749360025
v 0.760736585 7.2117157 0.72759515
v 0.760736585 7.45479679 0.274174333
v 0.760736585 7.38198948 0.269677341
v 0.760736585 7.16647768 0.669054389
v 0.760736585 7.28108931 0.299897224
v 0.760736585 7.1977849 0.367481768
v 0.760736585 7.14717579 0.461869717
v 0.760736585 7.13650751 0.567266107
v -0.196144342 6.68286896 0.752239347
v -0.187923357 6.74603271 0.732787669
v -0.197084934 6.74551201 0.732778311
v -0.187406436 6.68368006 0.75088644
v -0.190724343 6.6809082 0.75779736
v -0.11018867 6.76810884 0.798065186
v -0.10996227 6.70262337 0.825880349
v -0.105765551 6.70709276 0.821632683
v -0.108540371 6.7696147 0.805048883
v -0.105459131 6.70794439 0.828539193
v -0.122538619 6.71004915 0.848778367
v -0.125379354 6.77077484 0.826269686
v -0.133811161 6.76956654 0.825443029
v -0.12612538 6.70443821 0.845911622
v -0.10996227 6.70262337 0.825880349
v -0.190724343 6.6809082 0.75779736
v -0.129782289 6.70939207 0.848553896
v -0.204325885 6.68214464 0.775742471
v -0.208657891 6.68676186 0.778316736
v -0.209007353 6.74769068 0.758617699
v -0.209340334 6.7463541 0.750809789
v -0.209345162 6.68501806 0.771123052
v -0.196144342 6.68286896 0.752239347
v -0.197084934 6.74551201 0.732778311
v 0.223343 6.77270508 0.723924994
v 0.203897566 6.77548313 0.710008979
v 0.209135845 6.69207954 0.718129814
v 0.230981976 6.68916845 0.733689308
v 0.227057531 6.77400637 0.731300652
v 0.227457762 6.68286705 0.738390505
v 0.205948099 6.68583059 0.724487722
v 0.132217214 6.69864559 0.80850178
v 0.232872322 6.68929863 0.742582619
v 0.155797049 6.69538784 0.824498296
v 0.161250114 6.70382547 0.826389134
v 0.161107704 6.79062891 0.808245361
v 0.150765434 6.79149532 0.809023321
v 0.150520936 6.7043047 0.827847898
v 0.127545521 6.79474163 0.794197857
v 0.128083095 6.70673561 0.812309027
v 0.127760947 6.79386711 0.786625862
v 0.128160238 6.70601988 0.802627444
v 0.132217214 6.69864559 0.80850178
v 0.205948099 6.68583059 0.724487722
v 0.200133696 6.69355202 0.719798803
v 0.193628579 6.77729797 0.710323751
v 0.209135845 6.69207954 0.718129814
v 0.203897566 6.77548313 0.710008979
v -0.293548584 6.73735809 0.756969333
v -0.214396268 6.62916565 0.751314402
v -0.207205862 6.6335845 0.752657533
v -0.286107481 6.7427268 0.758224368
v -0.292947799 6.74557257 0.76245749
v -0.142837554 6.65863609 0.840502381
v -0.210892811 6.78048801 0.868684292
v -0.206612796 6.776968 0.864099205
v -0.142350197 6.65697289 0.847369671
v -0.203388974 6.77611065 0.872765124
v -0.220236436 6.76186705 0.888299406
v -0.158860892 6.64477873 0.860976398
v -0.167099476 6.64078617 0.862823546
v -0.229046762 6.76613522 0.887364924
v -0.210892811 6.78048801 0.868684292
v -0.292947799 6.74557257 0.76245749
v -0.229404896 6.75798273 0.890468299
v -0.306929678 6.73446512 0.781005442
v -0.306991845 6.72661018 0.783144116
v -0.229865164 6.61627722 0.776175439
v -0.230202675 6.61717272 0.768021286
v -0.308979899 6.72716761 0.775084376
v -0.293548584 6.73735809 0.756969333
v -0.214396268 6.62916565 0.751314402
v 0.288810879 6.72736788 0.742724359
v 0.231667697 6.635499 0.735746145
v 0.24741745 6.62710142 0.75204879
v 0.304420948 6.7165451 0.761661649
v 0.286976367 6.733778 0.748335838
v 0.302873373 6.71526527 0.770573497
v 0.24797681 6.62551641 0.761028707
v 0.191631123 6.64039278 0.84033668
v 0.304045945 6.72278261 0.766318321
v 0.230271474 6.75184536 0.836018145
v 0.246525332 6.73514271 0.855397165
v 0.24640651 6.74126816 0.854535878
v 0.239463151 6.73743629 0.8589679
v 0.185589746 6.64320183 0.84294343
v 0.223564684 6.74860907 0.840492606
v 0.167935029 6.6540513 0.825046599
v 0.223704353 6.74835682 0.832634866
v 0.168893844 6.65450907 0.818666756
v 0.230271474 6.75184536 0.836018145
v 0.224049732 6.63822412 0.736703336
v 0.28197059 6.73133516 0.744074106
v 0.286976367 6.733778 0.748335838
v 0.288810879 6.72736788 0.742724359
v 0.231667697 6.635499 0.735746145
v -0.123034105 6.7248168 0.883945882
v -0.112803206 6.65083838 0.900026619
v -0.105343074 6.65213537 0.872683108
v -0.127264842 6.72440147 0.911553144
v -0.104402348 6.65046501 0.904812396
v -0.123182006 6.73102903 0.915783882
v -0.117711596 6.73138285 0.88548094
v -0.119647026 6.72337818 0.919247746
v -0.0139008565 6.74282455 0.93335104
v -0.0078213606 6.74482727 0.906439066
v -0.0155440997 6.73587513 0.937204897
v -0.0107652312 6.65943956 0.920843482
v -0.00407133717 6.66102648 0.918503642
v -0.00762099307 6.73530674 0.93289727
v 0.00105899922 6.66357899 0.894249499
v -0.00123416074 6.73725128 0.90652442
v -0.00312260911 6.66336489 0.887717903
v -0.0079771895 6.73694134 0.900030494
v -0.0078213606 6.74482727 0.906439066
v -0.117711596 6.73138285 0.88548094
v -0.113907628 6.72576094 0.88042289
v -0.0972655118 6.65343142 0.86922276
v -0.123034105 6.7248168 0.883945882
v -0.105343074 6.65213537 0.872683108
v -0.32808575 7.33218002 0.763166249
v -0.341895908 7.32684183 0.753397822
v -0.348693103 7.31178951 0.749188423
v -0.344201267 7.23882294 0.753382981
v -0.35702613 7.26404381 0.743759036
v -0.354451299 7.24740601 0.745315969
v -0.282909125 7.32343006 0.797637522
v -0.295252919 7.22511196 0.793630302
v -0.206891507 7.30657625 0.858151972
v -0.216093421 7.20739937 0.853151143
v -0.13385956 7.28945923 0.90975523
v -0.139976323 7.1933403 0.905767024
v -0.091263026 7.2778964 0.934851944
v -0.0932168365 7.1862936 0.934339106
v -0.0750559866 7.26940155 0.943436921
v -0.0712357089 7.25390863 0.945139825
v -0.074492529 7.20224714 0.945001781
v -0.0801368803 7.18782759 0.942484081
v 0.328490436 7.33218002 0.763166249
v 0.349097818 7.31178951 0.749188423
v 0.342300594 7.32684183 0.753397822
v 0.344605982 7.23882294 0.753382981
v 0.357430786 7.26404381 0.743759036
v 0.354855955 7.24740601 0.745315969
v 0.283313811 7.32343006 0.797637522
v 0.295657605 7.22511196 0.793630302
v 0.207296237 7.30657625 0.858151972
v 0.216498137 7.20739937 0.853151143
v 0.134264261 7.28945923 0.90975523
v 0.140381008 7.1933403 0.905767024
v 0.0916677266 7.2778964 0.934851944
v 0.0936215371 7.1862936 0.934339106
v 0.0754606798 7.26940155 0.943436921
v 0.0716404021 7.25390863 0.945139825
v 0.0748972222 7.20224714 0.945001781
v 0.0805415735 7.18782759 0.942484081
v 0.486607581 7.28997278 0.539070547
v 0.266134769 7.29022312 0.539070547
v 0.266134769 7.31363869 0.611138701
v 0.486607581 7.31343603 0.611285627
v 0.266134769 7.3749423 0.655678689
v 0.486607581 7.3748641 0.655916572
v 0.266134769 7.45071888 0.655678689
v 0.486607581 7.45079613 0.655916572
v 0.266134769 7.51202154 0.611138701
v 0.486607581 7.51222372 0.611285627
v 0.266134769 7.53543615 0.539070547
v 0.486607581 7.53568697 0.539070547
v 0.266134769 7.51202059 0.467006147
v 0.486607581 7.51222372 0.466859162
v 0.266134769 7.45071888 0.422466159
v 0.486607581 7.45079613 0.422228277
v 0.266134769 7.3749423 0.422466189
v 0.486607581 7.3748641 0.422228277
v 0.266134769 7.31363869 0.467005938
v 0.486607581 7.31343651 0.466859013
v 0.266134769 7.29022312 0.539070547
v 0.486607581 7.28997278 0.539070547
v -0.23535946 7.29079199 0.539070547
v -0.513997614 7.29110813 0.539070547
v -0.513997614 7.3143549 0.610618472
v -0.23535946 7.31409979 0.61080426
v -0.513997614 7.37521601 0.654836535
v -0.23535946 7.37511826 0.6551373
v -0.513997614 7.45044613 0.654836535
v -0.23535946 7.45054388 0.6551373
v -0.513997614 7.51130486 0.610618472
v -0.23535946 7.51156092 0.61080426
v -0.513997614 7.53455067 0.539070547
v -0.23535946 7.53486729 0.539070547
v -0.513997614 7.51130342 0.467526227
v -0.23535946 7.51156044 0.467340469
v -0.513997614 7.45044613 0.423308045
v -0.23535946 7.45054388 0.423007369
v -0.513997614 7.37521601 0.423308164
v -0.23535946 7.37511826 0.423007488
v -0.513997614 7.3143549 0.467526197
v -0.23535946 7.31409979 0.46734041
v -0.513997614 7.29110813 0.539070547
v -0.23535946 7.29079199 0.539070547
v 0.340018839 3.44118094 1.05409479
v 0.340601951 3.45234156 0.987926602
v 0.4800376 3.2952702 0.974529266
v 0.480831355 3.29328823 1.04588532
v 0.26783061 3.36284328 1.06599474
v 0.597938955 3.09278703 0.960485637
v 0.369960636 3.20828176 1.06059313
v 0.199719086 3.27414155 1.0485028
v 0.597036958 3.08768511 1.02932048
v 0.679105878 2.84905243 0.951102972
v 0.256829053 3.12983537 1.03890276
v 0.187403202 3.268466 0.989665747
v 0.240338802 3.13281894 0.983879387
v 0.455792308 3.02236986 1.04751801
v 0.51637429 2.808146 1.03095698
v 0.673742592 2.84580016 1.015311
v 0.711827815 2.61680079 0.93627888
v 0.31767565 2.96080399 1.02997994
v 0.30241999 2.96054292 0.974474311
v 0.709570885 2.61511779 1.00045824
v 0.728301764 2.42713547 0.921450198
v 0.356224 2.77399135 1.01787889
v 0.34067902 2.7767694 0.961432636
v 0.377841592 2.58465123 1.00091469
v 0.364140958 2.59075975 0.946930826
v 0.725800216 2.42959762 0.979019523
v 0.566497445 2.3962431 0.921823859
v 0.54565537 2.59890151 1.01285052
v 0.564000249 2.40279651 0.984142959
v 0.38314718 2.38423562 0.920280874
v 0.397484124 2.39276385 0.975243747
v 0.38314718 2.38423562 0.920280874
v 0.566497445 2.3962431 0.921823859
v 0.364140958 2.59075975 0.946930826
v 0.711827815 2.61680079 0.93627888
v 0.728301764 2.42713547 0.921450198
v 0.679105878 2.84905243 0.951102972
v 0.34067902 2.7767694 0.961432636
v 0.597938955 3.09278703 0.960485637
v 0.30241999 2.96054292 0.974474311
v 0.4800376 3.2952702 0.974529266
v 0.240338802 3.13281894 0.983879387
v 0.187403202 3.268466 0.989665747
v 0.340601951 3.45234156 0.987926602
v -0.581094146 2.37633324 0.966185212
v -0.4065983 2.34682035 0.958712161
v -0.571092308 2.55100322 0.976874888
v -0.224981487 2.51700306 0.969826579
v -0.240554005 2.33841491 0.951460719
v -0.546978891 2.74836946 0.984097362
v -0.199693829 2.72370863 0.986958146
v -0.498415947 2.94257092 0.991375387
v -0.16351147 2.88980436 0.996498466
v -0.406547874 3.14669752 1.00098658
v -0.115452573 3.02822328 1.00316012
v -0.0670441315 3.13361692 1.01107585
v -0.280234158 3.31915617 1.0198859
v -0.152068138 3.42529845 1.03629231
v -0.0383383557 3.22263217 1.01923609
v -0.280234158 3.31915617 1.0198859
v -0.152068138 3.42529845 1.03629231
v -0.156515196 3.41239119 1.08687806
v -0.286686659 3.31341553 1.07649672
v -0.10208454 3.3374455 1.0960176
v -0.409438014 3.14298034 1.06596076
v -0.406547874 3.14669752 1.00098658
v -0.180468455 3.22862959 1.09478784
v -0.0329857096 3.22297907 1.06996965
v -0.496036142 2.94323325 1.05445683
v -0.498415947 2.94257092 0.991375387
v -0.271788806 3.08452344 1.08588588
v -0.538453996 2.74090695 1.04531527
v -0.546978891 2.74836946 0.984097362
v -0.338407367 2.91043878 1.07314312
v -0.558138013 2.54859829 1.03248835
v -0.571092308 2.55100322 0.976874888
v -0.370774716 2.72791839 1.05896091
v -0.566154242 2.38628745 1.01347148
v -0.581094146 2.37633324 0.966185212
v -0.385714114 2.53437233 1.04167652
v -0.402725518 2.35212374 1.01262605
v -0.4065983 2.34682035 0.958712161
v -0.243514135 2.34626675 1.00548506
v -0.240554005 2.33841491 0.951460719
v -0.227655634 2.51783657 1.0242492
v -0.224981487 2.51700306 0.969826579
v -0.20280695 2.71629095 1.0401839
v -0.199693829 2.72370863 0.986958146
v -0.170565799 2.88533521 1.05096936
v -0.16351147 2.88980436 0.996498466
v -0.12073832 3.02511334 1.06140625
v -0.115452573 3.02822328 1.00316012
v -0.0663737729 3.13080978 1.0679723
v -0.0670441315 3.13361692 1.01107585
v -0.0383383557 3.22263217 1.01923609
v 1.66527498 4.34732294 -0.23875007
v 1.6131109 4.58526802 -0.514063358
v 1.53759456 4.57099533 -0.296762109
v 1.69060218 4.33031321 -0.496929616
v 1.84725308 4.13230562 -0.65177983
v 1.77774167 4.17404413 -0.2337735
v 1.98712945 3.94150233 -0.16099754
v 1.7526983 4.45780802 -0.753423214
v 1.65688372 4.77475548 -0.720847785
v 1.79460669 4.77605295 -0.929955781
v 1.68261957 5.00083876 -0.8585217
v 2.03715873 4.88802242 -1.04505277
v 1.94999421 5.05274868 -0.976942897
v 2.27397132 5.10167456 -0.942267656
v 1.89408994 4.51534367 -0.981741011
v 2.01449323 4.256845 -0.945199251
v 2.01353168 3.93557358 -0.522004902
v 2.14558959 4.66954803 -1.08971512
v 2.43493199 4.8310461 -1.02609754
v 2.22952795 3.74674034 -0.439364165
v 2.16340828 3.7553134 -0.106322743
v 2.17785168 4.04129553 -0.837075174
v 2.29367542 4.44905806 -1.04538679
v 2.56313467 4.61239624 -0.99717319
v 2.65149927 4.93170452 -0.807242692
v 2.52070284 5.10103226 -0.779112101
v 2.67706537 4.99712372 -0.419643611
v 2.79831243 4.73910713 -0.773368359
v 2.42541075 4.23504734 -0.970138073
v 2.84212613 4.76294231 -0.353213876
v 2.6826334 4.44146872 -0.926370502
v 2.95932102 4.48614979 -0.682526052
v 2.7340064 4.70136213 -0.0141933886
v 2.60878158 4.88036013 -0.0561666153
v 2.82033253 4.26282883 -0.899070263
v 2.56411028 4.01530933 -0.943027318
v 2.98827386 4.63408899 -0.317844599
v 3.25435448 4.27130842 -0.629818678
v 2.488693 4.7853384 0.231617525
v 2.40662622 4.91999912 0.226573706
v 2.33720827 4.70371437 0.447456002
v 2.10680747 4.98487949 0.4223032
v 2.62938833 4.59987402 0.288784206
v 2.36507177 3.8533206 -0.752987683
v 3.09528089 3.98050404 -0.917611539
v 2.82698298 3.71140552 -0.930191934
v 2.59564042 3.55765915 -0.658216476
v 1.92223155 4.83796835 0.479872853
v 1.77242935 5.04196072 0.415760785
v 2.89786029 4.56471014 0.0351049714
v 2.42002225 3.45103955 -0.410571545
v 2.28724933 3.4092257 -0.0632295236
v 2.52034807 3.14245391 0.0253181122
v 2.64197683 3.15252423 -0.336088032
v 2.83334088 3.28179598 -0.594805896
v 2.90838528 2.95204639 -0.182736561
v 2.79119825 2.98245239 0.123292357
v 3.11904287 3.03528047 -0.440793365
v 3.08507109 3.46242905 -0.769686878
v 3.13271928 2.82656598 -0.0455171578
v 3.0158298 2.87273908 0.226984426
v 3.3256588 2.86034346 -0.298332989
v 3.4883275 2.71840835 -0.178415596
v 3.2836926 2.72358322 0.0461076051
v 3.15431523 2.75755405 0.296829969
v 3.34433198 3.22011852 -0.599790156
v 3.59828329 3.4598515 -0.573860228
v 3.35691881 3.74409008 -0.77696377
v 3.54172301 2.98953462 -0.41139999
v 3.5587914 4.02173042 -0.523741543
v 3.33318686 2.57930422 0.111812636
v 3.43078899 2.55626988 -0.071292609
v 3.42881393 2.39437199 0.163061827
v 3.23820925 2.62180018 0.332787246
v 3.08738303 2.59696674 0.565264821
v 3.35065961 2.51042104 0.366571963
v 3.26003313 2.48430562 0.586016893
v 3.43138003 2.42709827 0.65579164
v 3.01968932 2.56172657 0.732819378
v 3.17023849 2.44608974 0.763734102
v 2.9747107 2.4886148 0.91950804
v 3.49460602 2.35444307 0.413625717
v 3.10889888 2.40396881 0.924466848
v 3.32149315 2.40812612 0.81546855
v 3.06380153 2.30946946 1.02491987
v 2.94167066 2.38438869 1.04833961
v 2.92495418 2.29074931 1.13856792
v 3.02651238 2.22074389 1.12253261
v 2.89410996 2.15240097 1.24645996
v 3.21844172 2.29160404 1.08603334
v 3.2715323 2.38009644 0.999973118
v 3.45022941 2.41555715 0.839371443
v 3.45269346 2.42338181 1.01101243
v 3.53796935 2.3358295 0.886160254
v 3.526618 2.32326889 0.697131336
v 3.32032514 2.35763121 1.19595671
v 3.38413167 2.43882632 1.13320076
v 3.45500684 2.46857882 1.1213392
v 3.16659427 2.21473217 1.17590094
v 3.25985193 2.24668765 1.27214205
v 3.21606612 2.11692405 1.34352291
v 3.52908278 2.35647035 1.04301906
v 3.54044271 2.4403758 1.15029633
v 3.12072253 2.07558775 1.25844789
v 3.14389205 2.03980255 1.45640481
v 3.59731007 2.2712307 1.08089638
v 3.61887741 2.34816289 1.20208216
v 3.67085004 2.21118402 1.24879754
v 3.62036562 2.23776722 0.911185026
v 2.98633528 2.08183718 1.20857215
v 3.05404782 1.99682629 1.37850404
v 3.06964254 2.04036379 1.52771354
v 2.99289393 2.02078986 1.49338603
v 2.92282653 2.02088308 1.43292868
v 2.95835257 2.00201035 1.32679486
v 2.88696837 2.04994845 1.35027158
v 3.66832972 2.16491199 1.11676431
v 3.67267609 2.08843541 1.13858604
v 3.68882322 2.12555647 1.27941978
v 3.6918149 1.94669473 1.32158196
v 3.78944063 2.11654449 0.977587938
v 3.79475284 2.05562639 1.01914108
v 3.67850304 1.92663443 1.17927277
v 3.79521179 1.89254785 1.06307304
v 3.78525496 1.84608305 1.070719
v 3.66712093 1.88241768 1.18418396
v 3.68279481 1.89650917 1.32939863
v 3.62287164 1.68569207 1.34717476
v 3.62082458 1.6863265 1.20250905
v 3.71545291 1.6518693 1.09165788
v 3.58915544 1.56132019 1.353212
v 3.66539788 1.52568233 1.10491145
v 3.57983685 1.56199622 1.20845628
v 3.573313 1.47868145 1.31377149
v 3.62999606 1.45342088 1.14328218
v 3.58925509 1.44981468 1.22372603
v -1.66527498 4.34732294 -0.23875007
v -1.53759456 4.57099533 -0.296762109
v -1.6131109 4.58526802 -0.514063358
v -1.69060218 4.33031321 -0.496929616
v -1.84725308 4.13230562 -0.65177983
v -1.77774167 4.17404413 -0.2337735
v -1.98712945 3.94150233 -0.16099754
v -1.7526983 4.45780802 -0.753423214
v -1.65688372 4.77475548 -0.720847785
v -1.79460669 4.77605295 -0.929955781
v -1.68261957 5.00083876 -0.8585217
v -2.03715873 4.88802242 -1.04505277
v -1.94999421 5.05274868 -0.976942897
v -2.27397132 5.10167456 -0.942267656
v -1.89408994 4.51534367 -0.981741011
v -2.01449323 4.256845 -0.945199251
v -2.01353168 3.93557358 -0.522004902
v -2.14558959 4.66954803 -1.08971512
v -2.43493199 4.8310461 -1.02609754
v -2.22952795 3.74674034 -0.439364165
v -2.16340828 3.7553134 -0.106322743
v -2.17785168 4.04129553 -0.837075174
v -2.29367542 4.44905806 -1.04538679
v -2.56313467 4.61239624 -0.99717319
v -2.65149927 4.93170452 -0.807242692
v -2.52070284 5.10103226 -0.779112101
v -2.67706537 4.99712372 -0.419643611
v -2.79831243 4.73910713 -0.773368359
v -2.42541075 4.23504734 -0.970138073
v -2.84212613 4.76294231 -0.353213876
v -2.6826334 4.44146872 -0.926370502
v -2.95932102 4.48614979 -0.682526052
v -2.7340064 4.70136213 -0.0141933886
v -2.60878158 4.88036013 -0.0561666153
v -2.82033253 4.26282883 -0.899070263
v -2.56411028 4.01530933 -0.943027318
v -2.98827386 4.63408899 -0.317844599
v -3.25435448 4.27130842 -0.629818678
v -2.488693 4.7853384 0.231617525
v -2.40662622 4.91999912 0.226573706
v -2.33720827 4.70371437 0.447456002
v -2.10680747 4.98487949 0.4223032
v -2.62938833 4.59987402 0.288784206
v -2.36507177 3.8533206 -0.752987683
v -3.09528089 3.98050404 -0.917611539
v -2.82698298 3.71140552 -0.930191934
v -2.59564042 3.55765915 -0.658216476
v -1.92223155 4.83796835 0.479872853
v -1.77242935 5.04196072 0.415760785
v -2.89786029 4.56471014 0.0351049714
v -2.42002225 3.45103955 -0.410571545
v -2.28724933 3.4092257 -0.0632295236
v -2.52034807 3.14245391 0.0253181122
v -2.64197683 3.15252423 -0.336088032
v -2.83334088 3.28179598 -0.594805896
v -2.90838528 2.95204639 -0.182736561
v -2.79119825 2.98245239 0.123292357
v -3.11904287 3.03528047 -0.440793365
v -3.08507109 3.46242905 -0.769686878
v -3.13271928 2.82656598 -0.0455171578
v -3.0158298 2.87273908 0.226984426
v -3.3256588 2.86034346 -0.298332989
v -3.4883275 2.71840835 -0.178415596
v -3.2836926 2.72358322 0.0461076051
v -3.15431523 2.75755405 0.296829969
v -3.34433198 3.22011852 -0.599790156
v -3.59828329 3.4598515 -0.573860228
v -3.35691881 3.74409008 -0.77696377
v -3.54172301 2.98953462 -0.41139999
v -3.5587914 4.02173042 -0.523741543
v -3.33318686 2.57930422 0.111812636
v -3.43078899 2.55626988 -0.071292609
v -3.42881393 2.39437199 0.163061827
v -3.23820925 2.62180018 0.332787246
v -3.08738303 2.59696674 0.565264821
v -3.35065961 2.51042104 0.366571963
v -3.26003313 2.48430562 0.586016893
v -3.43138003 2.42709827 0.65579164
v -3.01968932 2.56172657 0.732819378
v -3.17023849 2.44608974 0.763734102
v -2.9747107 2.4886148 0.91950804
v -3.49460602 2.35444307 0.413625717
v -3.10889888 2.40396881 0.924466848
v -3.32149315 2.40812612 0.81546855
v -3.06380153 2.30946946 1.02491987
v -2.94167066 2.38438869 1.04833961
v -2.92495418 2.29074931 1.13856792
v -3.02651238 2.22074389 1.12253261
v -2.89410996 2.15240097 1.24645996
v -3.21844172 2.29160404 1.08603334
v -3.2715323 2.38009644 0.999973118
v -3.45022941 2.41555715 0.839371443
v -3.45269346 2.42338181 1.01101243
v -3.53796935 2.3358295 0.886160254
v -3.526618 2.32326889 0.697131336
v -3.32032514 2.35763121 1.19595671
v -3.38413167 2.43882632 1.13320076
v -3.45500684 2.46857882 1.1213392
v -3.16659427 2.21473217 1.17590094
v -3.25985193 2.24668765 1.27214205
v -3.21606612 2.11692405 1.34352291
v -3.52908278 2.35647035 1.04301906
v -3.54044271 2.4403758 1.15029633
v -3.12072253 2.07558775 1.25844789
v -3.14389205 2.03980255 1.45640481
v -3.59731007 2.2712307 1.08089638
v -3.61887741 2.34816289 1.20208216
v -3.67085004 2.21118402 1.24879754
v -3.62036562 2.23776722 0.911185026
v -2.98633528 2.08183718 1.20857215
v -3.05404782 1.99682629 1.37850404
v -3.06964254 2.04036379 1.52771354
v -2.99289393 2.02078986 1.49338603
v -2.92282653 2.02088308 1.43292868
v -2.95835257 2.00201035 1.32679486
v -2.88696837 2.04994845 1.35027158
v -3.62316012 2.2012198 0.747941017
v -3.63291883 2.17516017 0.553935468
v -3.621593 2.1866951 0.34366855
v -3.78944063 2.11654449 0.977587938
v -3.76227379 2.08064961 0.796419799
v -3.66832972 2.16491199 1.11676431
v -3.67267609 2.08843541 1.13858604
v -3.68882322 2.12555647 1.27941978
v -3.6918149 1.94669473 1.32158196
v -3.79475284 2.05562639 1.01914108
v -3.67850304 1.92663443 1.17927277
v -3.79521179 1.89254785 1.06307304
v -3.78525496 1.84608305 1.070719
v -3.66712093 1.88241768 1.18418396
v -3.68279481 1.89650917 1.32939863
v -3.62287164 1.68569207 1.34717476
v -3.62082458 1.6863265 1.20250905
v -3.71545291 1.6518693 1.09165788
v -3.58915544 1.56132019 1.353212
v -3.66539788 1.52568233 1.10491145
v -3.57983685 1.56199622 1.20845628
v -3.573313 1.47868145 1.31377149
v -3.62999606 1.45342088 1.14328218
v -3.58925509 1.44981468 1.22372603
v -0.443149894 7.13377714 0.0907248855
v -0.421510994 7.17601919 -0.00966338348
v -0.420256555 7.24062443 0.088115558
v -0.440184921 7.20241499 0.127303421
v -0.426070839 7.28099155 0.163753524
v -0.436666399 7.24775267 0.182152808
v -0.422033846 7.2776885 0.251616925
v -0.481162906 7.212883 0.136333615
v -0.436083972 7.24993515 0.248781711
v -0.462012231 7.24398565 0.190631136
v -0.428464144 7.22123957 0.315470934
v -0.419056684 7.24278975 0.318529546
v -0.418259203 7.18278551 0.356639117
v -0.458491176 7.24132538 0.25879851
v -0.449281454 7.16595888 0.298358798
v -0.411031216 7.07020044 0.38140434
v -0.473160893 7.19481754 0.266560256
v -0.490039051 7.24393368 0.198685035
v -0.524989545 7.21539831 0.151083663
v -0.50903362 7.20179796 0.21669817
v -0.532405734 7.18646717 0.180811912
v -0.478700429 7.1806097 0.199930072
v -0.446215689 7.17803431 0.244223163
v -0.546041846 7.1690855 0.122376114
v -0.546199799 7.15346193 0.157970339
v -0.522455573 7.14417791 0.161790922
v -0.493575782 7.15884638 0.102541909
v -0.506030321 7.09723473 0.0949413851
v -0.557078958 7.10463428 0.113354392
v -0.508968294 7.0423522 0.102567889
v -0.460754603 7.05356932 0.0924916938
v -0.549153984 7.10449553 0.149206787
v -0.55820334 7.0519886 0.122775361
v -0.507060409 6.98899746 0.123273559
v -0.459391236 6.98395967 0.114963971
v -0.548993826 7.05661583 0.153129965
v -0.546607673 6.99732018 0.143273562
v -0.490050465 6.93540859 0.164402917
v -0.450463861 6.93831396 0.15272896
v -0.440893173 6.89791441 0.195162252
v -0.472162426 6.90115786 0.244544536
v -0.42613712 6.70521641 0.204218149
v -0.519194841 6.94256592 0.184144229
v -0.53494966 7.01011086 0.172439039
v -0.500330389 7.05438328 0.186514467
v -0.498760134 7.09979296 0.182783678
v -0.480433553 7.1383338 0.199606851
v -0.434547961 7.07700777 0.20434314
v -0.449811846 7.14073038 0.227500319
v -0.484335035 7.01639271 0.212068781
v -0.512597919 6.97211027 0.205662608
v -0.464043558 6.9499836 0.273522228
v -0.42469272 7.15114498 0.265449494
v -0.424585491 7.11964035 0.249306515
v -0.398497909 7.06401777 0.262055784
v -0.427015096 7.11087465 0.308454365
v -0.405457407 7.1113205 0.273993284
v -0.42816937 7.06374073 0.288777322
v -0.453464359 7.00221539 0.26496911
v -0.416091591 6.99105692 0.366108567
v -0.389871985 7.07270861 0.476219237
v -0.421265632 6.89525414 0.375187218
v -0.381564945 6.89678621 0.481680453
v -0.363339603 7.07529211 0.588246047
v -0.381552815 7.16445112 0.490848064
v -0.438711494 6.73014259 0.391966403
v -0.351005614 7.1655035 0.587419629
v -0.362322301 7.23388958 0.527114868
v -0.3378025 7.30085897 0.592823923
v -0.471674442 6.71300602 0.265977174
v -0.460249394 6.54736519 0.282625169
v -0.394892335 6.52377129 0.222626418
v -0.336273879 6.45268154 0.274903834
v -0.441988885 6.5453763 0.407389045
v -0.427838624 6.49403572 0.366973341
v -0.267971486 6.39306021 0.360508502
v -0.326219201 7.17142916 0.646608114
v -0.387592196 6.77427578 0.490202397
v -0.328280717 6.90281343 0.618431032
v -0.392527759 6.4438343 0.488384783
v -0.401209086 6.51848602 0.531376064
v -0.376069069 6.66934395 0.528579473
v -0.330940157 6.79834938 0.593589783
v -0.26987654 6.36399651 0.570471585
v -0.179033771 6.34504461 0.451861858
v -0.175986126 6.30865479 0.733232379
v -0.094617568 6.31925821 0.534680843
v -5.06568881E-17 6.30652094 0.577894092
v -0.316216111 7.0315485 0.708018243
v -0.254540622 6.92517138 0.711321831
v -0.200772926 7.0553441 0.778061032
v -0.318362176 7.12894964 0.66718483
v -0.280450046 7.0912962 0.723510206
v -0.351742178 6.3843236 0.650663376
v -0.299108922 6.32665634 0.809412122
v -0.362394094 6.48675585 0.683288634
v -0.315506846 6.38291121 0.83720696
v -0.241797522 6.29468727 0.893172503
v -0.285813093 7.16491175 0.696239352
v -0.253880829 7.12415981 0.731973648
v -0.220048532 7.09565163 0.762265205
v -0.33116737 7.2215147 0.677164674
v -0.245504647 7.14360952 0.755912304
v -0.215315267 7.11606741 0.77665925
v -0.270110577 7.18259001 0.731683075
v -0.324220151 7.28033066 0.747901917
v -0.283683926 7.21184778 0.779335022
v -0.24830164 7.18419409 0.746718824
v -0.307017803 7.34018517 0.713701069
v -0.332178116 7.4013629 0.579669952
v -0.299900115 7.42882681 0.692866564
v -0.326570719 7.50028896 0.572855532
v -0.315466255 7.54078293 0.593728185
v -0.292498648 7.54879618 0.655498385
v -0.268424481 7.34387016 0.782631457
v -0.252554148 7.43025208 0.758839071
v -0.189112246 7.33807611 0.843962133
v -0.242399484 7.54502869 0.724218071
v -0.292714238 7.27425957 0.812562764
v -0.20029515 7.21246624 0.86261487
v -0.17735666 7.43339396 0.812165976
v -0.0880797356 7.43588734 0.845368028
v -0.169339478 7.54732513 0.771248102
v -0.088174656 7.54390287 0.80441016
v -0.00173813081 7.53205252 0.819802463
v -0.227490172 7.18955994 0.773901403
v -0.210410088 7.26141787 0.878669858
v -0.115177743 7.24615526 0.923756003
v -0.0852075666 7.32837248 0.879335284
v -0.00261973008 7.43316889 0.854003727
v 0.0903516635 7.53697109 0.807956517
v -1.21466957E-17 7.32678461 0.884984016
v 0.0852075666 7.32837248 0.879335284
v 0.0909700468 7.43216705 0.847669482
v 0.182794869 7.43436766 0.815340698
v 0.167370766 7.54376268 0.774704635
v 0.255294442 7.43505764 0.762790978
v 0.240797698 7.55348253 0.719100833
v 0.286364943 7.5488987 0.668034494
v 0.299203664 7.42648125 0.696585655
v 0.310070276 7.51069307 0.6331352
v 0.316432983 7.4422617 0.624851584
v 0.329613894 7.33538914 0.613703012
v 0.307017803 7.34018517 0.713701069
v 0.268424481 7.34387016 0.782631457
v 0.189112246 7.33807611 0.843962133
v 0.324220151 7.28033066 0.747901917
v 0.210410088 7.26141787 0.878669858
v 0.292714238 7.27425957 0.812562764
v 0.20029515 7.21246624 0.86261487
v 0.115177743 7.24615526 0.923756003
v 0.283683926 7.21184778 0.779335022
v 0.0568454713 7.2392211 0.933953166
v 0.33116737 7.2215147 0.677164674
v 0.110575825 7.20233488 0.899545968
v 0.0501521081 7.18579102 0.918489814
v 1.76331679E-17 7.25019646 0.927627563
v -0.0568454713 7.2392211 0.933953166
v -0.0501521081 7.18579102 0.918489814
v -0.110575825 7.20233488 0.899545968
v 1.83523188E-17 7.18864536 0.927187622
v 7.93709642E-17 7.14190531 0.969195902
v -0.0956960395 7.18482828 0.854028463
v -0.0634665638 7.17013788 0.875091672
v -0.168773755 7.18797064 0.822905481
v -0.172461122 7.18297052 0.753538668
v -0.219833001 7.18176937 0.747272015
v -0.221102983 7.1577096 0.748203397
v -0.228036508 7.15160179 0.755752683
v -0.198402703 7.13670111 0.763434947
v -0.205043733 7.13189459 0.771370232
v -0.168910056 7.13269043 0.770338595
v -0.170816571 7.12491751 0.781492889
v -0.139587909 7.13777208 0.776881397
v -0.128036693 7.18291998 0.770830452
v -0.173713475 7.10525751 0.792270124
v -0.0896287784 7.17254829 0.797183156
v -0.138555765 7.13012934 0.788821518
v -0.117698275 7.14828968 0.780618787
v -0.172724783 7.08561087 0.784338057
v -0.113929771 7.14375162 0.790521085
v -0.133903399 7.11268473 0.801589787
v -0.0667074695 7.16011763 0.815095127
v -0.104672089 7.13281679 0.802594364
v -0.129407868 7.09465075 0.799774468
v -0.0927674249 7.12052584 0.805855215
v -0.0576188564 7.12461758 0.842463374
v -0.102950454 7.07233858 0.822494566
v -0.0515107289 7.13105965 0.901156306
v -0.0609244518 7.09278679 0.864638567
v -0.180440962 7.01201153 0.785632372
v -0.0366161019 7.1355648 0.955376565
v -0.054831896 7.08926153 0.930181086
v -0.0562929474 7.09717989 0.89310813
v -0.0682909861 7.08333015 0.8978706
v -0.0642170012 7.0481143 0.936216533
v -0.0376371704 7.08281136 0.968985736
v -0.074659802 7.06891155 0.855380476
v -0.0806104988 7.03570318 0.865202844
v -0.076762557 7.05173922 0.900157154
v -0.067170158 7.01363277 0.88803196
v -0.0404063985 6.99767971 0.903059661
v -0.116073988 6.97063828 0.863694429
v -0.202906683 6.85679913 0.815977752
v -0.128828242 6.86961555 0.890763521
v -0.272496134 6.82431793 0.704007566
v -0.243934318 6.7137394 0.784104884
v -0.285676271 6.68845367 0.700970829
v -0.190009907 6.73863125 0.849967957
v -0.324988365 6.65563011 0.623638928
v -0.361565739 6.59707832 0.581714034
v -0.327792913 6.59775877 0.706071079
v -0.296422213 6.65937281 0.647719264
v -0.320461303 6.64144468 0.623985171
v -0.26614657 6.68025064 0.697664917
v -0.221310586 6.70298672 0.76477921
v -0.261105537 6.66364813 0.645513117
v -0.178863525 6.72745848 0.842116356
v -0.16659379 6.72035122 0.828633428
v -0.292221993 6.64733267 0.64161557
v -0.261596888 6.65427208 0.644826055
v -0.290100634 6.65221977 0.695696473
v -0.260973483 6.64957952 0.70102185
v -0.205226317 6.66171694 0.800255179
v -0.118408926 6.74751997 0.887715876
v -0.107317485 6.73713589 0.866123259
v -0.126887754 6.76158476 0.901288211
v -0.313165188 6.63799286 0.702758133
v -0.232497007 6.68371582 0.835473597
v -0.151639566 6.66713238 0.847132802
v -0.0514151789 6.75684738 0.910158515
v -0.0447525717 6.74488401 0.881174088
v -0.0566664971 6.77720833 0.925558925
v -0.269042283 6.65161037 0.865358174
v -0.172643006 6.70067358 0.901639521
v -0.0818549544 6.66893435 0.87686944
v -5.69698727E-18 6.75568628 0.90833962
v 6.77870996E-18 6.74637938 0.885283649
v -0.0503878258 6.87918997 0.918923259
v -1.22536708E-17 6.77424002 0.918280542
v -0.200832248 6.69106197 0.929949522
v -0.0917725712 6.70626307 0.933317721
v 5.23051034E-18 6.6654892 0.886437893
v 0.0514151789 6.75684738 0.910158515
v 0.0447525717 6.74488401 0.881174088
v 0.0566664971 6.77720833 0.925558925
v -1.12839521E-17 6.87568569 0.907978058
v 9.91650754E-18 6.70606327 0.941004694
v 0.0818549544 6.66893435 0.87686944
v -0.100643329 6.70081902 0.973193109
v 0.118408926 6.74751997 0.887715876
v 0.107317485 6.73713589 0.866123259
v -6.26329116E-17 6.98818827 0.90674156
v 0.0503878258 6.87918997 0.918923259
v 0.0404063985 6.99767971 0.903059661
v 0.126887754 6.76158476 0.901288211
v 0.178863525 6.72745848 0.842116356
v 0.16659379 6.72035122 0.828633428
v 0.221310586 6.70298672 0.76477921
v -4.26782878E-17 7.02262783 0.983386457
v 0.128828242 6.86961555 0.890763521
v 0.190009907 6.73863125 0.849967957
v 0.243934318 6.7137394 0.784104884
v 0.202906683 6.85679913 0.815977752
v 0.285676271 6.68845367 0.700970829
v 0.26614657 6.68025064 0.697664917
v -0.035095498 7.03005743 0.968434095
v -2.13577517E-18 7.03989935 0.990004778
v -0.0384108871 7.04579067 0.975527763
v 0.116073988 6.97063828 0.863694429
v 0.272496134 6.82431793 0.704007566
v 0.296422213 6.65937281 0.647719264
v 0.261105537 6.66364813 0.645513117
v 0.261596888 6.65427208 0.644826055
v 7.9216394E-17 7.08246756 0.983245671
v 0.0376371704 7.08281136 0.968985736
v 0.324988365 6.65563011 0.623638928
v 0.320461303 6.64144468 0.623985171
v 0.292221993 6.64733267 0.64161557
v 0.260973483 6.64957952 0.70102185
v 0.290100634 6.65221977 0.695696473
v 0.232497007 6.68371582 0.835473597
v 0.205226317 6.66171694 0.800255179
v 0.0366161019 7.1355648 0.955376565
v 0.313165188 6.63799286 0.702758133
v 0.172643006 6.70067358 0.901639521
v 0.151639566 6.66713238 0.847132802
v 0.0917725712 6.70626307 0.933317721
v -8.58739786E-18 6.7007556 0.979090571
v 0.100643329 6.70081902 0.973193109
v 0.200832248 6.69106197 0.929949522
v 0.269042283 6.65161037 0.865358174
v -0.103309169 6.67362165 0.993182659
v -7.43417243E-18 6.67497301 1.00177407
v 0.103309169 6.67362165 0.993182659
v 0.214338034 6.66342688 0.944349647
v 0.275174558 6.59844446 0.860545814
v -0.214338034 6.66342688 0.944349647
v -0.100622743 6.59736633 0.985580564
v 7.24984516E-18 6.59913254 0.993635058
v 0.100622743 6.59736633 0.985580564
v -0.275174558 6.59844446 0.860545814
v 0.204408392 6.59757805 0.947899282
v -0.204408392 6.59757805 0.947899282
v -0.304307729 6.45027494 0.855166197
v -0.239529759 6.42878723 0.959250152
v -0.13345556 6.41655827 1.00323713
v -0.251712173 6.35326052 0.936630368
v -1.09332122E-18 6.41337681 1.0125246
v -0.143600166 6.33896875 0.980437934
v 0.13345556 6.41655827 1.00323713
v -0.145174459 6.28264761 0.930350602
v -2.49216466E-17 6.33473492 0.991342068
v 0.239529759 6.42878723 0.959250152
v -1.60004987E-17 6.28833532 0.78005439
v -2.03016179E-17 6.27902222 0.940868676
v 0.143600166 6.33896875 0.980437934
v 0.304307729 6.45027494 0.855166197
v 0.175986126 6.30865479 0.733232379
v 0.094617568 6.31925821 0.534680843
v 0.145174459 6.28264761 0.930350602
v 0.251712173 6.35326052 0.936630368
v 0.241797522 6.29468727 0.893172503
v 0.26987654 6.36399651 0.570471585
v 0.179033771 6.34504461 0.451861858
v 0.267971486 6.39306021 0.360508502
v 0.315506846 6.38291121 0.83720696
v 0.299108922 6.32665634 0.809412122
v 0.392527759 6.4438343 0.488384783
v 0.336273879 6.45268154 0.274903834
v 0.351742178 6.3843236 0.650663376
v 0.362394094 6.48675585 0.683288634
v 0.427838624 6.49403572 0.366973341
v 0.441988885 6.5453763 0.407389045
v 0.394892335 6.52377129 0.222626418
v 0.401209086 6.51848602 0.531376064
v 0.327792913 6.59775877 0.706071079
v 0.361565739 6.59707832 0.581714034
v 0.376069069 6.66934395 0.528579473
v 0.460249394 6.54736519 0.282625169
v 0.471674442 6.71300602 0.265977174
v 0.42613712 6.70521641 0.204218149
v 0.440893173 6.89791441 0.195162252
v 0.472162426 6.90115786 0.244544536
v 0.438711494 6.73014259 0.391966403
v 0.330940157 6.79834938 0.593589783
v 0.490050465 6.93540859 0.164402917
v 0.450463861 6.93831396 0.15272896
v 0.387592196 6.77427578 0.490202397
v 0.381564945 6.89678621 0.481680453
v 0.254540622 6.92517138 0.711321831
v 0.421265632 6.89525414 0.375187218
v 0.507060409 6.98899746 0.123273559
v 0.459391236 6.98395967 0.114963971
v 0.328280717 6.90281343 0.618431032
v 0.180440962 7.01201153 0.785632372
v 0.508968294 7.0423522 0.102567889
v 0.460754603 7.05356932 0.0924916938
v 0.506030321 7.09723473 0.0949413851
v 0.443149894 7.13377714 0.0907248855
v 0.546607673 6.99732018 0.143273562
v 0.55820334 7.0519886 0.122775361
v 0.557078958 7.10463428 0.113354392
v 0.546041846 7.1690855 0.122376114
v 0.548993826 7.05661583 0.153129965
v 0.493575782 7.15884638 0.102541909
v 0.481162906 7.212883 0.136333615
v 0.519194841 6.94256592 0.184144229
v 0.512597919 6.97211027 0.205662608
v 0.549153984 7.10449553 0.149206787
v 0.440184921 7.20241499 0.127303421
v 0.406485677 7.20934725 -0.00528467586
v 0.416358709 7.2579608 0.0792293623
v 0.436666399 7.24775267 0.182152808
v 0.424675137 7.28936338 0.16129677
v 0.53494966 7.01011086 0.172439039
v 0.464043558 6.9499836 0.273522228
v 0.416091591 6.99105692 0.366108567
v 0.453464359 7.00221539 0.26496911
v 0.484335035 7.01639271 0.212068781
v 0.500330389 7.05438328 0.186514467
v 0.498760134 7.09979296 0.182783678
v 0.434547961 7.07700777 0.20434314
v 0.398497909 7.06401777 0.262055784
v 0.42816937 7.06374073 0.288777322
v 0.39212203 7.07837868 0.466526926
v 0.414681882 7.07596684 0.36825633
v 0.363339603 7.07529211 0.588246047
v 0.427015096 7.11087465 0.308454365
v 0.448288769 7.16654205 0.302984357
v 0.41904062 7.17500496 0.35730511
v 0.405457407 7.1113205 0.273993284
v 0.424585491 7.11964035 0.249306515
v 0.42469272 7.15114498 0.265449494
v 0.449811846 7.14073038 0.227500319
v 0.480433553 7.1383338 0.199606851
v 0.446215689 7.17803431 0.244223163
v 0.522455573 7.14417791 0.161790922
v 0.473160893 7.19481754 0.266560256
v 0.478700429 7.1806097 0.199930072
v 0.429006845 7.21997309 0.315655053
v 0.420146555 7.24167061 0.31737712
v 0.546199799 7.15346193 0.157970339
v 0.532405734 7.18646717 0.180811912
v 0.458491176 7.24132538 0.25879851
v 0.436083972 7.24993515 0.248781711
v 0.422777623 7.28243828 0.247998998
v 0.50903362 7.20179796 0.21669817
v 0.524989545 7.21539831 0.151083663
v 0.490039051 7.24393368 0.198685035
v 0.462012231 7.24398565 0.190631136
v 0.406485677 7.20934725 -0.00528467586
v 0.460754603 7.05356932 0.0924916938
v 0.443149894 7.13377714 0.0907248855
v 0.473727971 7.05180645 -0.0035725187
v 0.459391236 6.98395967 0.114963971
v 0.450463861 6.93831396 0.15272896
v 0.478113502 7.10084772 -0.109351642
v 0.391608715 7.21489382 -0.0701593086
v 0.472263932 6.90120506 0.0740600452
v 0.440893173 6.89791441 0.195162252
v 0.42613712 6.70521641 0.204218149
v 0.443643987 7.13589525 -0.220383272
v 0.325878352 7.23782253 -0.148930773
v 0.555751264 6.89704227 -0.0616843812
v 0.301194847 7.12634945 -0.328495473
v 0.159955591 7.24076414 -0.214239657
v 0.472000748 6.76441288 0.106413648
v 0.55657047 6.75336218 -0.00418683654
v 0.752886176 6.87465382 -0.22194314
v 0.576546371 6.99215031 -0.166122362
v 0.567820787 7.0388298 -0.293422431
v 0.466219395 6.61031485 0.133495793
v 0.394892335 6.52377129 0.222626418
v 0.561245441 6.58350086 0.036030706
v 0.430375934 6.39987183 0.211464763
v 0.4716914 7.0288744 -0.431711882
v 0.750988781 6.74195337 -0.0982088894
v 0.345472217 6.43166065 0.244995877
v 0.336273879 6.45268154 0.274903834
v 0.288026541 6.3362627 0.305823445
v 0.267971486 6.39306021 0.360508502
v 0.20102039 6.2373147 0.375674039
v 0.179033771 6.34504461 0.451861858
v 0.369855106 6.28868532 0.301804185
v 0.544028163 6.34870529 0.1179111
v 0.745296836 6.55579329 -0.0134098632
v 0.0887930095 6.24278307 0.465636551
v 0.094617568 6.31925821 0.534680843
v -1.55452466E-17 6.22601509 0.49996832
v -5.06568881E-17 6.30652094 0.577894092
v -0.094617568 6.31925821 0.534680843
v 0.0949687287 6.15017462 0.429808497
v -0.0887930095 6.24278307 0.465636551
v -0.179033771 6.34504461 0.451861858
v -0.20102039 6.2373147 0.375674039
v -0.267971486 6.39306021 0.360508502
v -0.0949687287 6.15017462 0.429808497
v -0.288026541 6.3362627 0.305823445
v -0.336273879 6.45268154 0.274903834
v 2.99530802E-17 6.10358524 0.43963635
v -0.259184271 6.16418552 0.402359605
v -0.163459867 6.08439445 0.455424666
v -0.373360395 6.00573301 0.478191137
v -7.6144179E-17 6.00465679 0.479750663
v -0.345472217 6.43166065 0.244995877
v -0.394892335 6.52377129 0.222626418
v -0.369855106 6.28868532 0.301804185
v -0.430375934 6.39987183 0.211464763
v -0.466219395 6.61031485 0.133495793
v -0.42613712 6.70521641 0.204218149
v -0.544028163 6.34870529 0.1179111
v 0.163459867 6.08439445 0.455424666
v 0.259184271 6.16418552 0.402359605
v -0.492486835 6.14370108 0.258298188
v -0.472000748 6.76441288 0.106413648
v -0.440893173 6.89791441 0.195162252
v 0.180713654 5.99226809 0.556269944
v 0.492486835 6.14370108 0.258298188
v -0.472263932 6.90120506 0.0740600452
v -0.450463861 6.93831396 0.15272896
v -0.459391236 6.98395967 0.114963971
v -0.473727971 7.05180645 -0.0035725187
v -0.460754603 7.05356932 0.0924916938
v -0.443149894 7.13377714 0.0907248855
v -0.421510994 7.17601919 -0.00966338348
v -0.397154003 7.20362329 -0.0857499614
v -0.555751264 6.89704227 -0.0616843812
v 0.373360395 6.00573301 0.478191137
v -0.55657047 6.75336218 -0.00418683654
v -0.561245441 6.58350086 0.036030706
v -0.478113502 7.10084772 -0.109351642
v -0.576546371 6.99215031 -0.166122362
v -0.443643987 7.13589525 -0.220383272
v -0.330171496 7.2306695 -0.154513836
v -0.301194847 7.12634945 -0.328495473
v -0.159552798 7.23819399 -0.216171712
v -0.164065897 7.11542416 -0.336431831
v 0.000458077411 7.24052095 -0.225245774
v 4.6713834E-18 7.10526609 -0.333515644
v -1.22685154E-18 6.95962095 -0.480430335
v -0.179111362 6.96896458 -0.478531569
v 1.62309694E-17 6.777318 -0.644032836
v -0.353665084 7.00415897 -0.487670511
v -0.4716914 7.0288744 -0.431711882
v -0.214739382 6.80350304 -0.666788995
v 3.03761367E-17 6.58120584 -0.828033209
v -0.449426532 6.87069178 -0.685898423
v -0.567820787 7.0388298 -0.293422431
v -0.624025464 6.9196496 -0.552851617
v -0.7291857 6.92595911 -0.39028874
v -0.752886176 6.87465382 -0.22194314
v -0.750988781 6.74195337 -0.0982088894
v -0.964697599 6.78689766 -0.287759572
v -0.929684043 6.81460333 -0.475655735
v -0.818163514 6.77829266 -0.67416662
v -0.745296836 6.55579329 -0.0134098632
v -0.946827471 6.69183922 -0.147078156
v -0.541145325 6.71492863 -0.878180087
v -0.760403514 6.3652668 0.0598852448
v -0.269739956 6.63631201 -0.909530401
v -0.322357118 6.43553257 -1.12398088
v 6.32519074E-17 6.36609316 -1.03387654
v 7.79865484E-17 6.12767124 -1.19803882
v -0.722192526 6.18135977 0.148381457
v -0.366302699 6.2000432 -1.30311334
v 1.60097102E-17 5.88408899 -1.32175028
v -0.574357152 6.01718473 0.36572364
v -0.633547902 6.52046967 -1.06705141
v -0.729979992 6.32348967 -1.20926797
v -0.858634949 6.56972837 -0.937965393
v -1.02349806 6.39406109 -1.00018096
v -1.04422557 6.62625647 -0.746270061
v -1.23279786 6.46150923 -0.779162824
v -0.677993238 6.00180531 -1.39582658
v -0.946974933 6.05903435 -1.22383571
v -0.758239448 5.72222376 -1.42304564
v -0.385582864 5.93198729 -1.42413616
v -0.403452992 5.6621027 -1.47597229
v -3.50812029E-17 5.62277651 -1.41303682
v -2.11007653E-17 5.31781673 -1.41030061
v -0.441697299 5.35654879 -1.48023617
v 6.66194432E-18 5.02741146 -1.33129382
v -0.466513813 5.07382727 -1.44367063
v 9.67937595E-19 4.76070786 -1.21752334
v -0.812024951 5.44436979 -1.43948305
v -0.484179676 4.76696682 -1.37304044
v -3.73617928E-17 4.44262362 -1.09398639
v -1.09228635 5.81107187 -1.24619734
v -1.06565654 5.51842213 -1.35097229
v -1.19471169 5.2518692 -1.30603111
v -0.86002624 5.14367247 -1.42590249
v -0.926428139 4.81188297 -1.33905673
v -0.530646563 4.45321035 -1.24673176
v -0.558782637 4.19801664 -1.1148082
v -1.00330763E-17 4.04127169 -0.961734593
v -1.03178561 4.5302825 -1.1941613
v -1.12530375 6.13641119 -1.0722729
v -1.29617369 5.59503174 -1.19693184
v -0.519041717 4.01561832 -0.996038795
v -1.88958873E-17 3.79773068 -0.91950351
v -0.501756489 3.79534698 -0.940579057
v -0.884867013 3.76865292 -0.782733679
v -0.95231092 3.97014689 -0.876285255
v -1.17376387 4.27205753 -0.995213091
v -1.16963243 3.89655375 -0.601089418
v -1.10522079 3.74650192 -0.547892451
v -1.33615446 4.06263399 -0.662086248
v -1.27427125 3.85401177 -0.243282497
v -1.22800827 3.70523095 -0.22712709
v -1.38153648 4.04295588 -0.246168211
v -1.51727915 4.27373648 -0.633947194
v -1.48506248 4.2689147 -0.232473522
v -1.48418117 4.44410801 -0.912261963
v -1.6131109 4.58526802 -0.514063358
v -1.53759456 4.57099533 -0.296762109
v -1.65688372 4.77475548 -0.720847785
v -1.41434824 4.69066763 -1.08951342
v -1.68261957 5.00083876 -0.8585217
v -1.32899058 4.95744419 -1.20794654
v -1.61756802 5.19527626 -0.996552944
v -1.94999421 5.05274868 -0.976942897
v -1.48133981 5.38955498 -1.11191583
v -1.89753532 5.27158356 -1.06645715
v -1.77860105 5.49954891 -1.14199054
v -1.63692987 5.70717621 -1.16260064
v -2.20628858 5.31126928 -0.992428958
v -2.27397132 5.10167456 -0.942267656
v -2.52070284 5.10103226 -0.779112101
v -2.10583472 5.57061625 -1.06011224
v -2.46004844 5.31207991 -0.776718557
v -2.67706537 4.99712372 -0.419643611
v -1.40111947 5.91116095 -1.14871871
v -2.61774611 5.25082684 -0.415168017
v -2.60878158 4.88036013 -0.0561666153
v -2.58277273 5.17793465 -0.0476974472
v -2.40662622 4.91999912 0.226573706
v -2.56729221 5.53184938 -0.435199201
v -2.39595795 5.59382725 -0.821222961
v -1.97401118 5.79718208 -1.06385231
v -1.74901688 6.01268435 -1.04722965
v -1.49380493 6.15409756 -0.998355687
v -2.25310826 5.84499788 -0.832801044
v -2.37677121 5.84546423 -0.510121465
v -2.02890873 6.07715607 -0.847411394
v -1.28320098 6.2319355 -0.937853813
v -1.73047376 6.25380278 -0.831837595
v -2.15707493 6.09374142 -0.554283082
v -1.43592632 6.30086756 -0.770661056
v -1.88270199 6.29498816 -0.580165148
v -1.35355556 6.50584888 -0.564432323
v -1.55172896 6.34384632 -0.565986156
v -1.89208186 6.30440903 -0.286063373
v -2.12905979 6.10290432 -0.20845519
v -1.15891933 6.67033482 -0.531213284
v -1.60230386 6.35539246 -0.371575415
v -1.18678284 6.6546936 -0.345157623
v -1.39067054 6.49333954 -0.364581406
v -1.16798902 6.58774042 -0.189570382
v -1.34074795 6.45176697 -0.18295759
v -1.55338585 6.31062508 -0.142275527
v -1.76896954 6.25663185 -0.035965424
v -1.37656736 6.23915815 0.0264557116
v -1.19641519 6.352952 -0.0169627666
v -1.04075336 6.45679903 -0.028760748
v -1.96940672 6.07576656 0.0656063631
v -1.53981233 6.1561594 0.165272817
v -0.896324456 6.53168201 -0.0338748172
v -0.984241068 6.2554822 0.0846484825
v -1.10783935 6.13478374 0.150231391
v -0.828893542 6.04307222 0.251281977
v -1.2248584 6.02517939 0.296374112
v -0.930711091 5.94480753 0.400629729
v -1.40246773 5.81725836 0.476360381
v -1.69371593 6.02581644 0.279172868
v -1.8320266 5.81108809 0.382831603
v -0.692406237 5.91701365 0.547692418
v -2.12025619 5.8293786 0.169604838
v -2.32464218 5.85322142 -0.129360572
v -2.26927996 5.51699686 0.265977174
v -2.51467109 5.52939796 -0.071894668
v -1.95445096 5.55050898 0.466039121
v -2.3482666 5.19988823 0.273168325
v -2.10680747 4.98487949 0.4223032
v -2.0501833 5.25730515 0.472639829
v -1.58180285 5.54991245 0.560344398
v -1.71889186 5.26933146 0.54360646
v -1.77242935 5.04196072 0.415760785
v -1.28169751 5.48996067 0.588826358
v -1.43493629 5.24165535 0.520362973
v -1.51531303 5.06079674 0.288851917
v -1.11030674 5.7510252 0.535100162
v -1.0810287 5.38912201 0.772955
v -0.858370185 5.68707132 0.708637834
v -0.448602974 5.91924286 0.672118962
v -0.180713654 5.99226809 0.556269944
v -1.19898663E-17 5.95444345 0.548651576
v -0.195936307 5.92134619 0.719751418
v 3.67535504E-17 5.87449694 0.707841456
v -0.204398856 5.66157007 0.908349454
v -0.484929651 5.6609931 0.877067089
v 0.195936307 5.92134619 0.719751418
v -0.795961201 5.37046051 0.947611034
v 5.06669863E-17 5.63563013 0.884353936
v -0.49303636 5.39260197 1.0254811
v -0.206432506 5.3991313 1.0353843
v -0.498887748 5.113904 1.13735116
v -1.02918994 5.03684235 0.964957416
v -0.773563445 5.06511879 1.08779657
v -1.24677253 5.11401081 0.74183476
v -1.374789 4.93901682 0.531963289
v -1.17907667 4.77721119 0.822413027
v -0.99536407 4.74681759 0.969662547
v -1.30010164 4.71732998 0.31594938
v -1.44687569 4.88031769 0.108941324
v -1.49401581 4.67810726 -0.0733934417
v -1.33958113 4.42060041 0.202071369
v -1.53759456 4.57099533 -0.296762109
v -1.48506248 4.2689147 -0.232473522
v -1.13679039 4.56162596 0.634076536
v -0.934864163 4.56719351 0.874764919
v -0.73090893 4.78875828 1.10816109
v -1.27785981 4.04631805 0.176224679
v -1.38153648 4.04295588 -0.246168211
v -1.27427125 3.85401177 -0.243282497
v -1.13909221 4.32501984 0.603951991
v -1.11020267 4.06941032 0.589279294
v -1.2113359 3.80208611 0.159845427
v -1.18005884 3.65525723 0.164357722
v -1.22800827 3.70523095 -0.22712709
v -1.0233351 3.79897547 0.529398859
v -0.990758181 3.61392713 0.505761087
v -0.903935432 4.31826448 0.883792996
v -0.709227204 3.78858685 0.846167326
v -0.702308774 3.58272696 0.811214864
v -0.344206601 3.56061697 0.96202904
v -0.758842766 4.06574535 0.94357419
v -0.652529836 4.33990479 1.03670466
v -0.369122535 4.07044125 1.07136166
v -0.354733795 3.77138758 1.01257336
v -0.672014296 4.62160873 1.02957916
v -0 3.77400661 1.04665256
v 9.73561472E-18 3.55293965 1.00839138
v -0.367331177 4.40218544 1.11636674
v -1.78430137E-17 4.42503595 1.13369012
v -5.52307378E-18 4.06778669 1.08731258
v 0.369122535 4.07044125 1.07136166
v 0.354733795 3.77138758 1.01257336
v 0.344206601 3.56061697 0.96202904
v 0.709227204 3.78858685 0.846167326
v 0.702308774 3.58272696 0.811214864
v -0.396542281 4.67265177 1.10149503
v -0.469339907 4.84907198 1.16754651
v -0.173729703 4.72861147 1.11134303
v -0.217829764 5.14084816 1.13429987
v 1.0233351 3.79897547 0.529398859
v 0.990758181 3.61392713 0.505761087
v 1.2113359 3.80208611 0.159845427
v 1.18005884 3.65525723 0.164357722
v 1.11020267 4.06941032 0.589279294
v 1.27427125 3.85401177 -0.243282497
v 1.22800827 3.70523095 -0.22712709
v 1.27785981 4.04631805 0.176224679
v 1.38153648 4.04295588 -0.246168211
v 1.48506248 4.2689147 -0.232473522
v -0.208209619 4.91594458 1.17205417
v 0.758842766 4.06574535 0.94357419
v 1.13909221 4.32501984 0.603951991
v 1.33958113 4.42060041 0.202071369
v 0.903935432 4.31826448 0.883792996
v 0.652529836 4.33990479 1.03670466
v 1.49401581 4.67810726 -0.0733934417
v 1.53759456 4.57099533 -0.296762109
v 1.44687569 4.88031769 0.108941324
v 1.30010164 4.71732998 0.31594938
v 0.367331177 4.40218544 1.11636674
v 1.13679039 4.56162596 0.634076536
v 1.374789 4.93901682 0.531963289
v 1.51531303 5.06079674 0.288851917
v 1.17907667 4.77721119 0.822413027
v 1.24677253 5.11401081 0.74183476
v 0.396542281 4.67265177 1.10149503
v 0.173729703 4.72861147 1.11134303
v 0.672014296 4.62160873 1.02957916
v 0.934864163 4.56719351 0.874764919
v 0.99536407 4.74681759 0.969662547
v -8.23924664E-18 4.83630991 1.09899902
v 0.208209619 4.91594458 1.17205417
v -4.38906963E-17 4.94122839 1.12475824
v 0.469339907 4.84907198 1.16754651
v 0.73090893 4.78875828 1.10816109
v 1.02918994 5.03684235 0.964957416
v -2.5524562E-17 5.13269758 1.09500062
v 0.217829764 5.14084816 1.13429987
v 0.498887748 5.113904 1.13735116
v 0.773563445 5.06511879 1.08779657
v 4.03506313E-17 5.37955809 1.01212537
v 0.206432506 5.3991313 1.0353843
v 0.49303636 5.39260197 1.0254811
v 0.484929651 5.6609931 0.877067089
v 0.204398856 5.66157007 0.908349454
v 0.795961201 5.37046051 0.947611034
v 1.0810287 5.38912201 0.772955
v 0.448602974 5.91924286 0.672118962
v 0.858370185 5.68707132 0.708637834
v 1.11030674 5.7510252 0.535100162
v 0.692406237 5.91701365 0.547692418
v 0.574357152 6.01718473 0.36572364
v 1.28169751 5.48996067 0.588826358
v 0.828893542 6.04307222 0.251281977
v 1.43493629 5.24165535 0.520362973
v 1.58180285 5.54991245 0.560344398
v 1.71889186 5.26933146 0.54360646
v 1.77242935 5.04196072 0.415760785
v 2.0501833 5.25730515 0.472639829
v 2.10680747 4.98487949 0.4223032
v 2.40662622 4.91999912 0.226573706
v 0.930711091 5.94480753 0.400629729
v 0.722192526 6.18135977 0.148381457
v 1.10783935 6.13478374 0.150231391
v 1.2248584 6.02517939 0.296374112
v 0.760403514 6.3652668 0.0598852448
v 0.984241068 6.2554822 0.0846484825
v 2.3482666 5.19988823 0.273168325
v 2.60878158 4.88036013 -0.0561666153
v 1.40246773 5.81725836 0.476360381
v 1.37656736 6.23915815 0.0264557116
v 2.58277273 5.17793465 -0.0476974472
v 2.67706537 4.99712372 -0.419643611
v 2.61774611 5.25082684 -0.415168017
v 2.52070284 5.10103226 -0.779112101
v 2.51467109 5.52939796 -0.071894668
v 2.26927996 5.51699686 0.265977174
v 1.95445096 5.55050898 0.466039121
v 2.12025619 5.8293786 0.169604838
v 1.8320266 5.81108809 0.382831603
v 1.69371593 6.02581644 0.279172868
v 1.53981233 6.1561594 0.165272817
v 2.32464218 5.85322142 -0.129360572
v 1.96940672 6.07576656 0.0656063631
v 1.76896954 6.25663185 -0.035965424
v 1.55338585 6.31062508 -0.142275527
v 2.12905979 6.10290432 -0.20845519
v 2.56729221 5.53184938 -0.435199201
v 1.19641519 6.352952 -0.0169627666
v 1.04075336 6.45679903 -0.028760748
v 1.89208186 6.30440903 -0.286063373
v 1.34074795 6.45176697 -0.18295759
v 1.60230386 6.35539246 -0.371575415
v 1.88270199 6.29498816 -0.580165148
v 2.15707493 6.09374142 -0.554283082
v 2.37677121 5.84546423 -0.510121465
v 0.896324456 6.53168201 -0.0338748172
v 0.946827471 6.69183922 -0.147078156
v 1.16798902 6.58774042 -0.189570382
v 0.964697599 6.78689766 -0.287759572
v 1.39067054 6.49333954 -0.364581406
v 1.18678284 6.6546936 -0.345157623
v 1.55172896 6.34384632 -0.565986156
v 1.35355556 6.50584888 -0.564432323
v 1.15891933 6.67033482 -0.531213284
v 0.929684043 6.81460333 -0.475655735
v 1.23279786 6.46150923 -0.779162824
v 1.43592632 6.30086756 -0.770661056
v 0.7291857 6.92595911 -0.39028874
v 0.818163514 6.77829266 -0.67416662
v 0.624025464 6.9196496 -0.552851617
v 1.73047376 6.25380278 -0.831837595
v 2.02890873 6.07715607 -0.847411394
v 1.49380493 6.15409756 -0.998355687
v 2.25310826 5.84499788 -0.832801044
v 1.04422557 6.62625647 -0.746270061
v 1.28320098 6.2319355 -0.937853813
v 1.02349806 6.39406109 -1.00018096
v 0.858634949 6.56972837 -0.937965393
v 1.74901688 6.01268435 -1.04722965
v 1.12530375 6.13641119 -1.0722729
v 2.39595795 5.59382725 -0.821222961
v 2.46004844 5.31207991 -0.776718557
v 2.10583472 5.57061625 -1.06011224
v 2.20628858 5.31126928 -0.992428958
v 2.27397132 5.10167456 -0.942267656
v 1.94999421 5.05274868 -0.976942897
v 1.89753532 5.27158356 -1.06645715
v 1.68261957 5.00083876 -0.8585217
v 1.97401118 5.79718208 -1.06385231
v 1.77860105 5.49954891 -1.14199054
v 1.63692987 5.70717621 -1.16260064
v 1.40111947 5.91116095 -1.14871871
v 1.09228635 5.81107187 -1.24619734
v 1.29617369 5.59503174 -1.19693184
v 1.48133981 5.38955498 -1.11191583
v 1.61756802 5.19527626 -0.996552944
v 1.19471169 5.2518692 -1.30603111
v 1.32899058 4.95744419 -1.20794654
v 0.946974933 6.05903435 -1.22383571
v 1.06565654 5.51842213 -1.35097229
v 0.758239448 5.72222376 -1.42304564
v 0.729979992 6.32348967 -1.20926797
v 0.812024951 5.44436979 -1.43948305
v 0.86002624 5.14367247 -1.42590249
v 1.41434824 4.69066763 -1.08951342
v 1.65688372 4.77475548 -0.720847785
v 0.677993238 6.00180531 -1.39582658
v 0.441697299 5.35654879 -1.48023617
v 0.926428139 4.81188297 -1.33905673
v 0.403452992 5.6621027 -1.47597229
v 1.48418117 4.44410801 -0.912261963
v 1.03178561 4.5302825 -1.1941613
v 0.484179676 4.76696682 -1.37304044
v 0.466513813 5.07382727 -1.44367063
v 1.51727915 4.27373648 -0.633947194
v 1.6131109 4.58526802 -0.514063358
v 1.48506248 4.2689147 -0.232473522
v 1.53759456 4.57099533 -0.296762109
v 1.38153648 4.04295588 -0.246168211
v 1.33615446 4.06263399 -0.662086248
v 1.27427125 3.85401177 -0.243282497
v 1.17376387 4.27205753 -0.995213091
v 1.16963243 3.89655375 -0.601089418
v 1.10522079 3.74650192 -0.547892451
v 1.22800827 3.70523095 -0.22712709
v 0.95231092 3.97014689 -0.876285255
v 0.884867013 3.76865292 -0.782733679
v 0.530646563 4.45321035 -1.24673176
v 0.519041717 4.01561832 -0.996038795
v 0.501756489 3.79534698 -0.940579057
v 0.558782637 4.19801664 -1.1148082
v -1.00330763E-17 4.04127169 -0.961734593
v -1.88958873E-17 3.79773068 -0.91950351
v -3.73617928E-17 4.44262362 -1.09398639
v 9.67937595E-19 4.76070786 -1.21752334
v 6.66194432E-18 5.02741146 -1.33129382
v -2.11007653E-17 5.31781673 -1.41030061
v -3.50812029E-17 5.62277651 -1.41303682
v 0.385582864 5.93198729 -1.42413616
v 1.60097102E-17 5.88408899 -1.32175028
v 7.79865484E-17 6.12767124 -1.19803882
v 0.366302699 6.2000432 -1.30311334
v 6.32519074E-17 6.36609316 -1.03387654
v 0.322357118 6.43553257 -1.12398088
v 0.633547902 6.52046967 -1.06705141
v 0.541145325 6.71492863 -0.878180087
v 0.269739956 6.63631201 -0.909530401
v 3.03761367E-17 6.58120584 -0.828033209
v 0.449426532 6.87069178 -0.685898423
v 0.214739382 6.80350304 -0.666788995
v 1.62309694E-17 6.777318 -0.644032836
v 0.353665084 7.00415897 -0.487670511
v 0.179111362 6.96896458 -0.478531569
v -1.22685154E-18 6.95962095 -0.480430335
v 4.6713834E-18 7.10526609 -0.333515644
v 0.164065897 7.11542416 -0.336431831
v 0.000458077411 7.24052095 -0.225245774
v 0.13379693 6.72781372 0.871396542
v 0.140357599 6.72096968 0.869165421
v 0.140917629 6.7185626 0.897618592
v 0.130868524 6.63352823 0.838481963
v 0.129504308 6.6310153 0.868710279
v 0.136851981 6.71773195 0.905278683
v 0.124021053 6.63109112 0.876888514
v 0.0273793563 6.63952065 0.905739903
v 0.135516867 6.72548914 0.899916828
v 0.0265882537 6.72397566 0.925146639
v 0.0253509302 6.73099184 0.920488238
v 0.0240157004 6.73253775 0.890717685
v 0.018972218 6.72646904 0.92095691
v 0.0213064812 6.64036465 0.901757479
v 0.0172084682 6.72722626 0.890616059
v 0.0247579589 6.64485073 0.87005055
v 0.0235899221 6.72771788 0.884911299
v 0.0295017194 6.64538193 0.861913383
v 0.0240157004 6.73253775 0.890717685
v 0.131983846 6.72226238 0.864085674
v 0.123113245 6.6345396 0.834200561
v 0.13379693 6.72781372 0.871396542
v 0.130868524 6.63352823 0.838481963
v 0.140357599 6.72096968 0.869165421
v -0.341895908 7.32684183 0.753397822
v -0.357282966 7.31220913 0.760872185
v -0.348693103 7.31178951 0.749188423
v -0.35702613 7.26404381 0.743759036
v -0.366067946 7.26427841 0.755348504
v -0.354451299 7.24740601 0.745315969
v -0.363222599 7.2443943 0.757547975
v -0.344201267 7.23882294 0.753382981
v -0.351657867 7.23420763 0.76740551
v -0.295252919 7.22511196 0.793630302
v -0.36311546 7.24651861 0.766838491
v -0.305975229 7.22027349 0.806568801
v -0.216093421 7.20739937 0.853151143
v -0.364754885 7.26258707 0.768206
v -0.353996336 7.23925638 0.779804826
v -0.224777222 7.20237589 0.870225906
v -0.139976323 7.1933403 0.905767024
v -0.310552508 7.22522211 0.818998218
v -0.147491708 7.18789148 0.920894086
v -0.0932168365 7.1862936 0.934339106
v -0.23090826 7.20697117 0.883153796
v -0.30681479 7.27417898 0.826958299
v -0.348024428 7.28480434 0.786539435
v -0.0972123519 7.18147182 0.949543834
v -0.0801368803 7.18782759 0.942484081
v -0.153478965 7.19192076 0.933294475
v -0.355332106 7.31223726 0.773554802
v -0.340188682 7.33119011 0.784743249
v -0.229975879 7.25616693 0.890060782
v -0.350368023 7.32746315 0.774494171
v -0.349708736 7.32924223 0.766065896
v -0.335988075 7.33564758 0.775353134
v -0.32808575 7.33218002 0.763166249
v -0.296110481 7.32292175 0.823301017
v -0.289742172 7.32785177 0.811920226
v -0.282909125 7.32343006 0.797637522
v -0.222187325 7.30491495 0.885405958
v -0.214110136 7.3107419 0.873344302
v -0.206891507 7.30657625 0.858151972
v -0.151982918 7.23825836 0.940105498
v -0.138498262 7.29334354 0.925853789
v -0.13385956 7.28945923 0.90975523
v -0.144924521 7.28740454 0.938015401
v -0.0937103257 7.28046608 0.948775291
v -0.091263026 7.2778964 0.934851944
v -0.0976208672 7.27566528 0.960738122
v -0.100542083 7.18453836 0.960522652
v -0.0758949369 7.26981974 0.957701862
v -0.0750559866 7.26940155 0.943436921
v -0.0814679414 7.2668767 0.965293884
v -0.070338957 7.25130606 0.960499942
v -0.0712357089 7.25390863 0.945139825
v -0.0995664597 7.22867393 0.965415657
v -0.0783417001 7.25085115 0.970212698
v -0.0823294818 7.20057774 0.969109178
v -0.0745794252 7.20205498 0.959617794
v -0.074492529 7.20224714 0.945001781
v -0.0857865587 7.18646955 0.964722037
v -0.0811565667 7.18504763 0.957407951
v 0.342300594 7.32684183 0.753397822
v 0.349097818 7.31178951 0.749188423
v 0.357687622 7.31220913 0.760872185
v 0.357430786 7.26404381 0.743759036
v 0.366472572 7.26427841 0.755348504
v 0.354855955 7.24740601 0.745315969
v 0.363627285 7.2443943 0.757547975
v 0.344605982 7.23882294 0.753382981
v 0.352062553 7.23420763 0.76740551
v 0.295657605 7.22511196 0.793630302
v 0.363520086 7.24651861 0.766838491
v 0.306379944 7.22027349 0.806568801
v 0.216498137 7.20739937 0.853151143
v 0.365159512 7.26258707 0.768206
v 0.354400963 7.23925638 0.779804826
v 0.225181922 7.20237589 0.870225906
v 0.140381008 7.1933403 0.905767024
v 0.310957223 7.22522211 0.818998218
v 0.147896394 7.18789148 0.920894086
v 0.0936215371 7.1862936 0.934339106
v 0.231312975 7.20697117 0.883153796
v 0.307219535 7.27417898 0.826958299
v 0.348429143 7.28480434 0.786539435
v 0.097617045 7.18147182 0.949543834
v 0.0805415735 7.18782759 0.942484081
v 0.153883666 7.19192076 0.933294475
v 0.355736762 7.31223726 0.773554802
v 0.340593368 7.33119011 0.784743249
v 0.23038061 7.25616693 0.890060782
v 0.350772768 7.32746315 0.774494171
v 0.350113451 7.32924223 0.766065896
v 0.33639282 7.33564758 0.775353134
v 0.328490436 7.33218002 0.763166249
v 0.296515197 7.32292175 0.823301017
v 0.290146858 7.32785177 0.811920226
v 0.283313811 7.32343006 0.797637522
v 0.222592041 7.30491495 0.885405958
v 0.214514866 7.3107419 0.873344302
v 0.207296237 7.30657625 0.858151972
v 0.152387619 7.23825836 0.940105498
v 0.138902962 7.29334354 0.925853789
v 0.134264261 7.28945923 0.90975523
v 0.145329222 7.28740454 0.938015401
v 0.0941150188 7.28046608 0.948775291
v 0.0916677266 7.2778964 0.934851944
v 0.0980255678 7.27566528 0.960738122
v 0.100946784 7.18453836 0.960522652
v 0.076299645 7.26981974 0.957701862
v 0.0754606798 7.26940155 0.943436921
v 0.0818726346 7.2668767 0.965293884
v 0.0707436576 7.25130606 0.960499942
v 0.0716404021 7.25390863 0.945139825
v 0.0999711528 7.22867393 0.965415657
v 0.0787464008 7.25085115 0.970212698
v 0.0827341825 7.20057774 0.969109178
v 0.0749841183 7.20205498 0.959617794
v 0.0748972222 7.20224714 0.945001781
v 0.0861912593 7.18646955 0.964722037
v 0.0815612748 7.18504763 0.957407951
v 0.327670634 3.52019644 0.979854465
v 0.188016564 3.55934954 1.10664463
v 0.185828239 3.55532932 1.01314723
v 0.160974503 3.54728436 1.01622581
v 0.333882123 3.52131104 1.07774448
v 0.436399311 3.47702479 0.951843381
v 0.162029624 3.55656362 1.10435402
v 0.140523374 3.53096223 1.01786923
v 0.457386762 3.46167922 1.03030109
v 0.438278139 3.44254136 0.944559932
v 0.177834481 3.50988817 1.16446674
v 0.325563133 3.46502042 1.13233101
v 0.460954934 3.42275238 1.02230799
v 0.383048862 3.31815004 0.94169724
v 0.444626331 3.416574 1.0788511
v 0.403767794 3.31884241 1.10899615
v 0.420645118 3.30643415 1.04940474
v 0.320536733 3.21012259 0.92323041
v 0.361975342 3.18692613 1.04386151
v 0.290507346 3.36586857 1.16302228
v 0.314417958 3.09248233 1.02275312
v 0.2688739 3.11379027 0.883922279
v 0.260435909 2.99785733 0.980472386
v 0.210124582 3.02818942 0.835702479
v 0.29800871 3.09026074 1.09361053
v 0.344441146 3.1875813 1.11183107
v 0.220227137 2.95273924 0.945636809
v 0.161108077 2.97652102 0.808042407
v 0.232458591 3.2289269 1.16553414
v 0.239550278 2.99076939 1.050421
v 0.13637796 2.94703245 0.884174228
v 0.0375251584 3.00025439 0.845266998
v 0.178458244 3.12419915 1.146294
v 0.188933104 2.9354465 0.973983109
v 0.0399999805 2.97241569 0.900683284
v -0.0759173781 3.03707337 0.876812577
v 0.129519075 3.02307916 1.10212922
v 0.0697913542 2.95424604 1.01469159
v -0.0802410394 3.0174191 0.932940185
v -0.0554753765 3.01101995 1.04788089
v -0.0095517803 3.07590604 1.12450898
v 0.0416210741 3.18108797 1.17391372
v -0.0995241031 3.05900407 0.94673568
v -0.0966798738 3.06693172 0.910865009
v -0.0792343989 3.12061429 0.946877897
v -0.0404583216 3.09442306 1.11756623
v -0.08083909 3.04984927 1.04800463
v 0.0885955691 3.28124237 1.19607437
v -0.0785631016 3.09192371 1.04720604
v -0.108731017 3.18459773 1.10231221
v -0.0927189514 3.21222401 0.966982961
v -0.11888925 3.29788542 0.977719069
v -0.0582889728 3.10999036 1.0945282
v 0.0123473117 3.19649887 1.1681428
v -0.0099933818 3.209131 1.14279854
v -0.0786707476 3.19208074 1.13513434
v -0.1375352 3.27281976 1.11946762
v -0.11033155 3.2860806 1.15186918
v -0.168498069 3.36603999 1.12301469
v -0.161578327 3.38358188 0.984968603
v 0.0345887206 3.30888176 1.16024315
v 0.0551545881 3.29426455 1.18807709
v -0.19312717 3.43365574 1.09695804
v -0.147742227 3.38651562 1.14664316
v 0.0131368078 3.41527891 1.16331673
v 0.0847549215 3.42487288 1.16276634
v 0.110110588 3.42072892 1.18914008
v -0.201389953 3.46672988 1.06042552
v -0.19615829 3.46624708 0.993465126
v -0.00346547621 3.4895277 1.13762617
v -0.17430909 3.4540844 1.11314201
v -0.184912696 3.48789454 1.06887269
v -0.182712823 3.48819065 0.999610186
v -0.0187061131 3.52477598 1.0149219
v -0.0126342177 3.52553463 1.08378947
v 0.139379814 3.54325485 1.09760118
v 0.122153737 3.50287986 1.14401639
v 0.148031726 3.51082134 1.1594348
v 0.1427885 3.4106319 1.19622707
v 1.49401581 4.67810726 -0.0733934417
v 1.44687569 4.88031769 0.108941324
v 1.55754483 4.71723604 0.179887056
v 1.65825284 4.42067575 0.00945548154
v 1.53759456 4.57099533 -0.296762109
v 1.66527498 4.34732294 -0.23875007
v 1.51531303 5.06079674 0.288851917
v 1.77774167 4.17404413 -0.2337735
v 1.64228415 4.88087034 0.369039834
v 1.76077235 4.68049288 0.445163876
v 1.78178751 4.22577333 0.0143446773
v 1.98712945 3.94150233 -0.16099754
v 1.67308223 4.51886892 0.269162595
v 1.82605195 4.26672363 0.309973538
v 1.9473927 4.39418745 0.528981149
v 2.01959705 4.02301264 0.301296294
v 2.22853613 3.77076101 0.278738558
v 2.16340828 3.7553134 -0.106322743
v 2.28724933 3.4092257 -0.0632295236
v 2.14878178 4.56581688 0.562867761
v 2.16281581 4.10654974 0.534008324
v 2.36103606 4.28383303 0.592427969
v 2.34774828 3.49621391 0.333116025
v 2.52034807 3.14245391 0.0253181122
v 2.43679643 3.81645632 0.485673219
v 2.52578306 4.4622283 0.486664712
v 2.54196644 3.2592721 0.408691555
v 2.79119825 2.98245239 0.123292357
v 2.52952123 3.66711783 0.549763262
v 2.61122847 3.97782516 0.567277372
v 2.80599117 4.43734837 0.324255973
v 2.69322729 3.45048547 0.636903346
v 2.76390624 3.09582472 0.470454246
v 2.72765565 3.85929489 0.674797058
v 2.72383714 4.24119902 0.523363709
v 3.21114564 4.48990822 0.141026288
v 2.93825221 2.96303558 0.56589222
v 3.0158298 2.87273908 0.226984426
v 3.15431523 2.75755405 0.296829969
v 2.91880727 4.12557125 0.671879351
v 3.07063508 4.35036325 0.4637447
v 3.37522888 4.13137484 0.574581504
v 3.29438591 4.48875761 -0.239247262
v 3.16922045 3.93477249 0.774290144
v 3.50701737 4.22978735 0.251294345
v 3.60071445 4.1897974 -0.112761803
v 3.75241256 3.85558438 0.367307663
v 3.82020259 3.80782866 0.0331730507
v 3.5799818 3.80397272 0.657427609
v 2.90603089 3.67349243 0.800027192
v 3.363796 3.66609836 0.840063095
v 3.52894831 3.36977983 0.900492668
v 3.06844878 3.46147871 0.886956096
v 3.90489411 3.48563218 0.47085762
v 3.76713371 3.68093777 -0.339932591
v 3.93366933 3.31273437 -0.144380555
v 2.86755323 3.28257132 0.730115056
v 3.0104115 3.11683774 0.816014946
v 3.74210691 3.45715499 0.742811084
v 3.97068238 3.42742729 0.170889273
v 4.07767725 3.12530684 0.29692623
v 4.01088285 3.17584467 0.572542548
v 3.21629453 3.25350237 0.949103057
v 2.98018003 2.81889439 0.641878664
v 3.08738303 2.59696674 0.565264821
v 3.01968932 2.56172657 0.732819378
v 3.08667016 2.99806523 0.905248523
v 2.94044828 2.76704741 0.835806489
v 3.33101821 3.05518556 1.03151333
v 3.85069013 3.17598343 0.823226273
v 2.90217519 2.66422963 1.00434828
v 2.9747107 2.4886148 0.91950804
v 3.0798223 2.9018743 1.04359138
v 3.63793325 3.13414001 0.962162018
v 2.88514948 2.54151869 1.13168895
v 3.00962925 2.62668967 1.27922451
v 2.94167066 2.38438869 1.04833961
v 2.87506413 2.45767975 1.2184782
v 2.92495418 2.29074931 1.13856792
v 3.03601766 2.78659296 1.17117608
v 3.30122089 2.9016583 1.14968598
v 3.5208292 2.90042424 1.10593164
v 3.71077394 2.91610599 1.04697967
v 3.24980664 2.76960516 1.25553358
v 3.48342705 2.67403078 1.18930519
v 3.92417908 2.93326569 0.893885851
v 3.63840628 2.67847776 1.1820972
v 3.80820537 2.71681905 1.14139485
v 4.06748819 2.90625453 0.641280353
v 3.99848318 2.72091579 0.974128306
v 4.12920904 2.84359741 0.385171503
v 4.11612988 2.67528629 0.690015495
v 4.08950901 2.75753164 0.139796659
v 4.15739965 2.61560655 0.420642018
v 4.06028128 3.02034903 0.011136502
v 3.94175935 2.90928555 -0.180998743
v 3.79070354 3.17433834 -0.344797194
v 3.69553828 2.78811884 -0.236902311
v 3.97175527 2.68415666 -0.0635166988
v 3.76463246 2.63269258 -0.163119987
v 4.11998463 2.55170369 0.178373054
v 3.55588484 2.58079529 -0.148937732
v 4.01565647 2.506073 -0.0191922486
v 3.83947897 2.46967411 -0.15509969
v 3.63286209 2.43294311 -0.155073047
v 3.4727447 2.38903928 -0.0477648899
v 4.22528744 2.37259436 0.449368596
v 4.17704296 2.34038758 0.205358401
v 4.06900263 2.32084537 -0.0130967181
v 3.93739963 2.29718184 -0.132583126
v 4.21414471 2.42026639 0.695892572
v 4.15827036 2.4562242 0.903787076
v 3.58586931 2.1971314 0.166180834
v 3.59564853 2.22386193 -0.0274426453
v 3.74603152 2.27127719 -0.139504805
v 3.81905293 2.10360575 -0.114127487
v 3.99736857 2.10077548 -0.115423508
v 3.621593 2.1866951 0.34366855
v 3.68500543 2.09532261 -0.00334614608
v 3.63291883 2.17516017 0.553935468
v 3.62316012 2.2012198 0.747941017
v 3.76227379 2.08064961 0.796419799
v 3.79449415 2.00614262 0.825580895
v 3.85557723 2.04960346 0.956828892
v 3.86605787 1.81808615 0.989150047
v 3.82002854 1.80296552 0.860795856
v 3.85718751 1.7479856 1.00070024
v 3.86969686 1.98511088 0.690810561
v 3.86459684 2.03776717 0.642245412
v 3.86687493 1.77532828 0.742918134
v 3.86175036 1.70976508 0.758715451
v 3.81687808 1.73876619 0.87075001
v 3.80474877 1.53775704 1.02196014
v 3.7750845 1.53547537 0.898223877
v 3.72684717 1.41428506 0.907627404
v 3.81807828 1.50690413 0.790966809
v 3.76067472 1.42309856 1.03415251
v 3.77276731 1.39925933 0.802739084
v 3.74098039 1.33825052 1.00986445
v 3.75675321 1.31759799 0.836375117
v 3.73693419 1.29813647 0.933059156
v 3.78633356 2.03040075 0.505060792
v 3.82357287 1.9776547 0.504523575
v 3.90837812 1.99480879 0.617737353
v 3.79831862 2.05694962 0.305882752
v 3.83832288 1.96810174 0.381720394
v 3.83095026 1.85252678 0.524209738
v 3.83986378 1.83073652 0.40221113
v 3.91945267 1.84412444 0.63160795
v 3.82148981 1.7714752 0.411686361
v 3.81859636 1.79515529 0.535692632
v 3.90523648 1.78030682 0.64331764
v 3.84496331 1.63528275 0.669317007
v 3.77829337 1.65168107 0.562205553
v 3.7646687 1.63739121 0.446184158
v 3.79086185 1.4985652 0.687506378
v 3.72292471 1.5078584 0.592524111
v 3.72023988 1.48041701 0.475318283
v 3.75971818 1.41619325 0.668634117
v 3.70993829 1.42156458 0.529911101
v 3.72005463 1.39901567 0.596460223
v 3.99402452 1.97350204 0.302052379
v 3.79831862 2.05694962 0.305882752
v 3.83832288 1.96810174 0.381720394
v 3.83986378 1.83073652 0.40221113
v 3.98656058 2.0146451 0.266724825
v 3.84684157 2.00913715 0.274163425
v 3.94052887 1.80079889 0.350622773
v 4.16624355 1.9655236 0.291938335
v 3.91416407 1.72960019 0.366969734
v 3.82148981 1.7714752 0.411686361
v 3.7646687 1.63739121 0.446184158
v 3.98029613 1.97805929 0.239037737
v 4.12427521 2.03876996 0.210222647
v 3.93444204 1.83654201 0.261541009
v 3.80767441 1.8734082 0.285852283
v 3.90524554 1.7739495 0.276661813
v 3.78400993 1.82206666 0.298184514
v 4.02210188 1.81067884 0.174014509
v 3.84503627 1.663486 0.308785409
v 3.72522092 1.71624112 0.326768667
v 4.12366343 2.00416589 0.118724123
v 3.98144317 1.73570478 0.199054316
v 3.99267817 1.79255402 0.0603306852
v 4.23452616 2.12745881 0.24383229
v 4.17250156 2.11193252 0.0893279836
v 3.8290236 1.63410842 0.317328602
v 3.78088641 1.56798828 0.342605799
v 3.67879319 1.606354 0.357490957
v 3.73351359 1.50722241 0.348114163
v 3.63670254 1.53665018 0.341778189
v 3.87719178 1.59075451 0.248323753
v 3.82785535 1.51717126 0.272656828
v 3.79073 1.47484565 0.29005453
v 3.677737 1.4714154 0.320582181
v 3.89909291 1.62120521 0.237973347
v 3.85558581 1.57319689 0.140380755
v 3.6301105 1.46194732 0.252805561
v 3.5926981 1.51955974 0.274843544
v 3.87599301 1.60329163 0.128473163
v 3.80112576 1.49615932 0.17222181
v 3.74367785 1.44284177 0.277385622
v 3.60974121 1.47993255 0.181797311
v 3.57503653 1.53805161 0.201393783
v 3.76647949 1.44621086 0.191260606
v 3.70910335 1.43171692 0.216983333
v 3.68873644 1.44127631 0.159991965
v 3.62272644 1.50915706 0.128962502
v 3.70515585 1.47063351 0.116106085
v 3.79721117 1.58700776 0.0673300996
v 3.74002957 1.51010215 0.0965428054
v 3.65396047 1.56182492 0.090993166
v 3.58403134 1.60263228 0.155619979
v 3.59510732 1.6161685 0.271051258
v 3.5926981 1.51955974 0.274843544
v 3.63670254 1.53665018 0.341778189
v 3.67879319 1.606354 0.357490957
v 3.72522092 1.71624112 0.326768667
v 3.62976575 1.69958627 0.117842302
v 3.64576292 1.72514462 0.236671045
v 3.78400993 1.82206666 0.298184514
v 3.70515275 1.64454758 0.0539014041
v 3.691118 1.83066499 0.20580107
v 3.71177936 1.87986588 0.190300524
v 3.80767441 1.8734082 0.285852283
v 3.68055177 1.81563294 0.0750547498
v 3.81588793 1.61654496 0.0559881665
v 3.77472973 1.77574384 0.00152217376
v 3.88611412 1.72760987 0.0133408923
v 3.70064044 1.87460089 0.057129845
v 3.7235477 2.01113653 0.166501582
v 3.84684157 2.00913715 0.274163425
v 3.71227908 2.01479554 0.0101940641
v 3.69664288 2.07208514 0.161175832
v 3.8279922 2.00446367 -0.0794078112
v 3.79942608 1.83980215 -0.0220432375
v 3.98762512 2.00181603 -0.0846717209
v 3.92208147 1.80004942 -0.0135573121
v 4.10545969 2.10718393 -0.0195707716
v 3.95272517 1.71645224 0.0836988539
v 4.08068085 2.0017581 0.00990733039
v 4.28763103 2.13448977 0.383804798
v 4.23249817 1.9770422 0.421663851
v 4.07406425 1.76511109 0.357532084
v 4.03493261 1.68592429 0.375009149
v 4.15099192 1.75933683 0.461066544
v 4.23277235 1.97063589 0.546392143
v 4.30123663 2.13238311 0.522651136
v 4.30308151 2.14813542 0.698392868
v 3.86436701 1.61020935 0.391614258
v 3.84911728 1.57364833 0.3991611
v 3.72023988 1.48041701 0.475318283
v 3.96182704 1.56253433 0.402757257
v 4.11458874 1.67551565 0.476147741
v 4.2253809 2.02252316 0.630567551
v 4.2464509 1.9952023 0.72731626
v 4.28704548 2.17230654 0.836715519
v 4.1455884 1.76850104 0.580348074
v 4.06652403 1.94097459 0.620620549
v 4.06588554 1.98114526 0.640845537
v 4.04028654 1.54737759 0.502457559
v 4.10505438 1.69307292 0.594817996
v 4.01087189 1.72379243 0.652701378
v 4.03473711 1.78961706 0.642403841
v 3.90837812 1.99480879 0.617737353
v 3.91945267 1.84412444 0.63160795
v 3.90523648 1.78030682 0.64331764
v 3.86459684 2.03776717 0.642245412
v 3.84496331 1.63528275 0.669317007
v 4.05802917 1.95402122 0.672131717
v 3.86969686 1.98511088 0.690810561
v 3.86687493 1.77532828 0.742918134
v 4.01232052 1.74702787 0.725999057
v 3.86175036 1.70976508 0.758715451
v 3.99588728 1.67750299 0.739217579
v 3.81807828 1.50690413 0.790966809
v 3.93906116 1.57252991 0.679142892
v 3.89468861 1.4511776 0.696638763
v 3.79086185 1.4985652 0.687506378
v 3.86430407 1.38949323 0.695025325
v 3.75971818 1.41619325 0.668634117
v 4.03327131 1.5755676 0.622064471
v 3.95011091 1.41507661 0.654667675
v 4.0112896 1.53958428 0.630408168
v 4.01753283 1.50813794 0.510514379
v 3.93944001 1.52474868 0.411254495
v 3.94827867 1.39066827 0.538457453
v 3.79167867 1.44606411 0.428240269
v 3.91621995 1.36073947 0.661433637
v 3.87989879 1.40644026 0.438709795
v 3.76286387 1.38382912 0.467306882
v 3.70993829 1.42156458 0.529911101
v 3.84570241 1.3469758 0.461343229
v 3.7633605 1.34964836 0.508377433
v 3.72005463 1.39901567 0.596460223
v 3.91323042 1.3257978 0.557008207
v 3.88258719 1.32307029 0.638367653
v 3.83935714 1.3204689 0.500932455
v 3.78420401 1.33060074 0.592245102
v 3.86111021 1.30817854 0.570729494
v 3.81866145 1.34509254 0.660120368
v 3.95567393 2.04961967 1.06189227
v 3.78944063 2.11654449 0.977587938
v 3.79475284 2.05562639 1.01914108
v 3.79521179 1.89254785 1.06307304
v 3.97927094 2.09855366 1.02639687
v 3.85557723 2.04960346 0.956828892
v 3.91972923 1.85865593 1.0983218
v 3.78525496 1.84608305 1.070719
v 4.08679008 2.13053107 1.15966046
v 3.90758777 1.80718517 1.1043905
v 3.71545291 1.6518693 1.09165788
v 4.01520205 1.81847942 1.21013331
v 3.86026239 1.64163697 1.11899543
v 3.84809947 1.59909081 1.12274897
v 3.66539788 1.52568233 1.10491145
v 4.03386211 1.88276541 1.2052319
v 3.93324709 1.62040341 1.21166492
v 4.00640631 1.84390938 1.32547343
v 3.79509139 1.48593605 1.12583196
v 3.912184 1.56949782 1.21205854
v 3.92068911 1.62844157 1.32338512
v 3.74716473 1.41636896 1.14063001
v 3.62999606 1.45342088 1.14328218
v 3.71069479 1.38789392 1.17450345
v 3.58925509 1.44981468 1.22372603
v 3.8570087 1.44749701 1.20594859
v 3.81679654 1.38537383 1.21205556
v 3.79114914 1.3663516 1.2428205
v 3.66570306 1.38679779 1.26005173
v 3.89865947 1.57306623 1.32284832
v 3.84026122 1.44799376 1.32077456
v 3.81184435 1.38557613 1.32031417
v 3.63598037 1.41640627 1.34148359
v 3.573313 1.47868145 1.31377149
v 3.76524782 1.36683547 1.30662072
v 3.73239183 1.39777493 1.37902224
v 3.73503828 1.42791104 1.40115976
v 3.63607788 1.45525336 1.37845242
v 3.58915544 1.56132019 1.353212
v 3.7636354 1.47668815 1.40921795
v 3.66364455 1.52754986 1.40282357
v 3.62287164 1.68569207 1.34717476
v 3.82357454 1.60225892 1.41144192
v 3.71094584 1.6527313 1.40642321
v 3.68279481 1.89650917 1.32939863
v 3.84090233 1.65778148 1.41165495
v 3.77112389 1.89104354 1.39573789
v 3.90832686 1.87382209 1.41248369
v 3.78202868 1.94899821 1.38879263
v 3.6918149 1.94669473 1.32158196
v 3.68882322 2.12555647 1.27941978
v 3.92090988 1.94037902 1.40200055
v 3.79881716 2.16283393 1.3527962
v 4.01657867 1.91362607 1.31679118
v 3.7797699 2.28068018 1.32459438
v 3.67085004 2.21118402 1.24879754
v 3.61887741 2.34816289 1.20208216
v 3.94130206 2.18170571 1.35553706
v 4.03651428 2.16555071 1.27534413
v 3.95094585 2.32381153 1.33429182
v 3.72705507 2.46472979 1.25697434
v 3.54044271 2.4403758 1.15029633
v 3.45500684 2.46857882 1.1213392
v 3.89036131 2.52209473 1.25096107
v 3.40092969 2.59570885 1.22924805
v 3.38413167 2.43882632 1.13320076
v 4.06017637 2.29997516 1.25145555
v 4.08118629 2.48465633 1.06873763
v 4.12905788 2.25912452 1.14010036
v 4.22066069 2.2073369 0.982339442
v 4.18019199 2.04677653 1.01175714
v 4.09959745 2.15000129 1.06201601
v 4.24909115 2.01358294 0.866646349
v 4.18054628 1.72324288 0.90812254
v 3.99443865 2.02722836 1.00670338
v 4.10531378 1.76145184 1.05051768
v 3.97375512 1.78496468 1.04513514
v 3.86605787 1.81808615 0.989150047
v 3.95987368 1.71335196 1.05635786
v 3.85718751 1.7479856 1.00070024
v 3.89175653 1.50625849 1.07347476
v 3.80474877 1.53775704 1.02196014
v 3.76067472 1.42309856 1.03415251
v 4.08065128 1.67986846 1.05836117
v 4.15867186 1.71781051 0.78773421
v 4.1601634 1.63965559 0.920455933
v 4.13073063 1.63739824 0.800046682
v 4.01748848 1.5063138 1.06459737
v 4.07853365 1.47011757 0.941219091
v 4.04912233 1.46798563 0.820389032
v 4.02658033 1.4211899 0.826008081
v 3.94926143 1.49731672 0.766822338
v 4.05598497 1.42328691 0.946954429
v 3.93638229 1.44754481 0.774447441
v 3.8955493 1.35359979 0.787319303
v 3.77276731 1.39925933 0.802739084
v 4.00004148 1.45837367 1.06632006
v 3.9569509 1.36387813 1.06766593
v 4.00330639 1.33294582 0.953546703
v 3.97863722 1.3289392 0.833965421
v 3.86414266 1.29337704 0.802226007
v 3.75675321 1.31759799 0.836375117
v 3.9524529 1.27676749 0.84423238
v 3.83818197 1.24136996 0.857571602
v 3.73693419 1.29813647 0.933059156
v 3.93045378 1.23930216 0.876490176
v 3.95902205 1.24980116 0.960087895
v 3.82184744 1.23302591 0.951984823
v 3.81434631 1.27259254 1.04459977
v 3.74098039 1.33825052 1.00986445
v 3.92303038 1.23537004 0.961042285
v 3.92813158 1.30616057 1.06565011
v 3.91145253 1.26280212 1.04050362
v 3.82586551 1.33049119 1.08138978
v 3.85080934 1.39159405 1.08593857
v 3.18890977 2.61512256 1.35336578
v 3.3222754 2.47498083 1.28796136
v 3.32032514 2.35763121 1.19595671
v 3.25985193 2.24668765 1.27214205
v 3.15133357 2.51891661 1.41512656
v 3.25637698 2.33791614 1.37113082
v 2.98765993 2.53389788 1.35526574
v 2.9730289 2.45048571 1.40600908
v 3.21024537 2.22364759 1.44534802
v 3.21606612 2.11692405 1.34352291
v 3.12842917 2.43436813 1.45636153
v 3.0987227 2.29298234 1.51481962
v 2.87521744 2.38341999 1.26542664
v 3.151191 2.09908104 1.51603913
v 3.14389205 2.03980255 1.45640481
v 3.06964254 2.04036379 1.52771354
v 2.96512413 2.30186605 1.46620262
v 2.93190432 2.15915275 1.54453826
v 2.87047362 2.25385404 1.34476864
v 2.89410996 2.15240097 1.24645996
v 2.88696837 2.04994845 1.35027158
v 3.06106949 2.16612887 1.57921112
v 2.85489058 2.13221097 1.43385291
v 2.92282653 2.02088308 1.43292868
v 3.01662374 2.12338471 1.58127666
v 2.89022827 2.10181355 1.49852765
v 2.99289393 2.02078986 1.49338603
v 2.94560242 2.10505438 1.54790306
v -1.49401581 4.67810726 -0.0733934417
v -1.55754483 4.71723604 0.179887056
v -1.44687569 4.88031769 0.108941324
v -1.65825284 4.42067575 0.00945548154
v -1.53759456 4.57099533 -0.296762109
v -1.66527498 4.34732294 -0.23875007
v -1.51531303 5.06079674 0.288851917
v -1.77774167 4.17404413 -0.2337735
v -1.64228415 4.88087034 0.369039834
v -1.76077235 4.68049288 0.445163876
v -1.78178751 4.22577333 0.0143446773
v -1.98712945 3.94150233 -0.16099754
v -1.67308223 4.51886892 0.269162595
v -1.82605195 4.26672363 0.309973538
v -1.9473927 4.39418745 0.528981149
v -2.01959705 4.02301264 0.301296294
v -2.22853613 3.77076101 0.278738558
v -2.16340828 3.7553134 -0.106322743
v -2.28724933 3.4092257 -0.0632295236
v -2.14878178 4.56581688 0.562867761
v -2.16281581 4.10654974 0.534008324
v -2.36103606 4.28383303 0.592427969
v -2.34774828 3.49621391 0.333116025
v -2.52034807 3.14245391 0.0253181122
v -2.43679643 3.81645632 0.485673219
v -2.52578306 4.4622283 0.486664712
v -2.54196644 3.2592721 0.408691555
v -2.79119825 2.98245239 0.123292357
v -2.52952123 3.66711783 0.549763262
v -2.61122847 3.97782516 0.567277372
v -2.80599117 4.43734837 0.324255973
v -2.69322729 3.45048547 0.636903346
v -2.76390624 3.09582472 0.470454246
v -2.72765565 3.85929489 0.674797058
v -2.72383714 4.24119902 0.523363709
v -3.21114564 4.48990822 0.141026288
v -2.93825221 2.96303558 0.56589222
v -3.0158298 2.87273908 0.226984426
v -3.15431523 2.75755405 0.296829969
v -2.91880727 4.12557125 0.671879351
v -3.07063508 4.35036325 0.4637447
v -3.37522888 4.13137484 0.574581504
v -3.29438591 4.48875761 -0.239247262
v -3.16922045 3.93477249 0.774290144
v -3.50701737 4.22978735 0.251294345
v -3.60071445 4.1897974 -0.112761803
v -3.75241256 3.85558438 0.367307663
v -3.82020259 3.80782866 0.0331730507
v -3.5799818 3.80397272 0.657427609
v -2.90603089 3.67349243 0.800027192
v -3.363796 3.66609836 0.840063095
v -3.52894831 3.36977983 0.900492668
v -3.06844878 3.46147871 0.886956096
v -3.90489411 3.48563218 0.47085762
v -3.76713371 3.68093777 -0.339932591
v -3.93366933 3.31273437 -0.144380555
v -2.86755323 3.28257132 0.730115056
v -3.0104115 3.11683774 0.816014946
v -3.74210691 3.45715499 0.742811084
v -3.97068238 3.42742729 0.170889273
v -4.07767725 3.12530684 0.29692623
v -4.01088285 3.17584467 0.572542548
v -3.21629453 3.25350237 0.949103057
v -2.98018003 2.81889439 0.641878664
v -3.08738303 2.59696674 0.565264821
v -3.01968932 2.56172657 0.732819378
v -3.08667016 2.99806523 0.905248523
v -2.94044828 2.76704741 0.835806489
v -3.33101821 3.05518556 1.03151333
v -3.85069013 3.17598343 0.823226273
v -2.90217519 2.66422963 1.00434828
v -2.9747107 2.4886148 0.91950804
v -3.0798223 2.9018743 1.04359138
v -3.63793325 3.13414001 0.962162018
v -2.88514948 2.54151869 1.13168895
v -3.00962925 2.62668967 1.27922451
v -2.94167066 2.38438869 1.04833961
v -2.87506413 2.45767975 1.2184782
v -2.92495418 2.29074931 1.13856792
v -3.03601766 2.78659296 1.17117608
v -3.30122089 2.9016583 1.14968598
v -3.5208292 2.90042424 1.10593164
v -3.71077394 2.91610599 1.04697967
v -3.24980664 2.76960516 1.25553358
v -3.48342705 2.67403078 1.18930519
v -3.92417908 2.93326569 0.893885851
v -3.63840628 2.67847776 1.1820972
v -3.80820537 2.71681905 1.14139485
v -4.06748819 2.90625453 0.641280353
v -3.99848318 2.72091579 0.974128306
v -4.12920904 2.84359741 0.385171503
v -4.11612988 2.67528629 0.690015495
v -4.08950901 2.75753164 0.139796659
v -4.15739965 2.61560655 0.420642018
v -4.06028128 3.02034903 0.011136502
v -3.94175935 2.90928555 -0.180998743
v -3.79070354 3.17433834 -0.344797194
v -3.69553828 2.78811884 -0.236902311
v -3.97175527 2.68415666 -0.0635166988
v -3.76463246 2.63269258 -0.163119987
v -4.11998463 2.55170369 0.178373054
v -3.55588484 2.58079529 -0.148937732
v -4.01565647 2.506073 -0.0191922486
v -3.83947897 2.46967411 -0.15509969
v -3.63286209 2.43294311 -0.155073047
v -3.4727447 2.38903928 -0.0477648899
v -3.58586931 2.1971314 0.166180834
v -3.59564853 2.22386193 -0.0274426453
v -4.22528744 2.37259436 0.449368596
v -4.17704296 2.34038758 0.205358401
v -4.06900263 2.32084537 -0.0130967181
v -3.93739963 2.29718184 -0.132583126
v -3.74603152 2.27127719 -0.139504805
v -3.81905293 2.10360575 -0.114127487
v -3.68500543 2.09532261 -0.00334614608
v -4.21414471 2.42026639 0.695892572
v -3.99736857 2.10077548 -0.115423508
v -4.15827036 2.4562242 0.903787076
v -4.10545969 2.10718393 -0.0195707716
v -3.98762512 2.00181603 -0.0846717209
v -3.8279922 2.00446367 -0.0794078112
v -4.17250156 2.11193252 0.0893279836
v -4.30308151 2.14813542 0.698392868
v -4.28704548 2.17230654 0.836715519
v -4.2464509 1.9952023 0.72731626
v -4.2253809 2.02252316 0.630567551
v -4.30123663 2.13238311 0.522651136
v -4.28763103 2.13448977 0.383804798
v -4.23452616 2.12745881 0.24383229
v -4.23277235 1.97063589 0.546392143
v -4.23249817 1.9770422 0.421663851
v -4.12366343 2.00416589 0.118724123
v -4.12427521 2.03876996 0.210222647
v -4.16624355 1.9655236 0.291938335
v -4.08068085 2.0017581 0.00990733039
v -3.92208147 1.80004942 -0.0135573121
v -3.99267817 1.79255402 0.0603306852
v -3.79942608 1.83980215 -0.0220432375
v -3.98029613 1.97805929 0.239037737
v -3.98656058 2.0146451 0.266724825
v -4.02210188 1.81067884 0.174014509
v -3.95272517 1.71645224 0.0836988539
v -3.88611412 1.72760987 0.0133408923
v -3.98144317 1.73570478 0.199054316
v -3.70064044 1.87460089 0.057129845
v -3.77472973 1.77574384 0.00152217376
v -3.71227908 2.01479554 0.0101940641
v -3.69664288 2.07208514 0.161175832
v -3.79831862 2.05694962 0.305882752
v -3.7235477 2.01113653 0.166501582
v -3.71177936 1.87986588 0.190300524
v -3.84684157 2.00913715 0.274163425
v -3.80767441 1.8734082 0.285852283
v -3.78400993 1.82206666 0.298184514
v -3.78633356 2.03040075 0.505060792
v -3.83832288 1.96810174 0.381720394
v -3.68055177 1.81563294 0.0750547498
v -3.691118 1.83066499 0.20580107
v -3.72522092 1.71624112 0.326768667
v -3.86459684 2.03776717 0.642245412
v -3.82357287 1.9776547 0.504523575
v -3.90837812 1.99480879 0.617737353
v -3.86969686 1.98511088 0.690810561
v -3.83095026 1.85252678 0.524209738
v -3.83986378 1.83073652 0.40221113
v -3.91945267 1.84412444 0.63160795
v -3.82148981 1.7714752 0.411686361
v -3.81859636 1.79515529 0.535692632
v -3.90523648 1.78030682 0.64331764
v -3.84496331 1.63528275 0.669317007
v -3.77829337 1.65168107 0.562205553
v -3.7646687 1.63739121 0.446184158
v -3.79086185 1.4985652 0.687506378
v -3.72292471 1.5078584 0.592524111
v -3.72023988 1.48041701 0.475318283
v -3.75971818 1.41619325 0.668634117
v -3.70993829 1.42156458 0.529911101
v -3.72005463 1.39901567 0.596460223
v -3.72684717 1.41428506 0.907627404
v -3.77276731 1.39925933 0.802739084
v -3.75675321 1.31759799 0.836375117
v -3.73693419 1.29813647 0.933059156
v -3.74098039 1.33825052 1.00986445
v -3.76067472 1.42309856 1.03415251
v -3.81807828 1.50690413 0.790966809
v -3.80474877 1.53775704 1.02196014
v -3.7750845 1.53547537 0.898223877
v -3.86175036 1.70976508 0.758715451
v -3.81687808 1.73876619 0.87075001
v -3.85718751 1.7479856 1.00070024
v -3.82002854 1.80296552 0.860795856
v -3.86687493 1.77532828 0.742918134
v -3.86605787 1.81808615 0.989150047
v -3.79449415 2.00614262 0.825580895
v -3.85557723 2.04960346 0.956828892
v -3.99402452 1.97350204 0.302052379
v -3.83832288 1.96810174 0.381720394
v -3.79831862 2.05694962 0.305882752
v -3.83986378 1.83073652 0.40221113
v -3.84684157 2.00913715 0.274163425
v -3.93444204 1.83654201 0.261541009
v -3.80767441 1.8734082 0.285852283
v -3.90524554 1.7739495 0.276661813
v -3.78400993 1.82206666 0.298184514
v -3.94052887 1.80079889 0.350622773
v -3.84503627 1.663486 0.308785409
v -3.72522092 1.71624112 0.326768667
v -3.89909291 1.62120521 0.237973347
v -3.91416407 1.72960019 0.366969734
v -3.82148981 1.7714752 0.411686361
v -3.7646687 1.63739121 0.446184158
v -4.07406425 1.76511109 0.357532084
v -4.03493261 1.68592429 0.375009149
v -4.15099192 1.75933683 0.461066544
v -3.86436701 1.61020935 0.391614258
v -3.84911728 1.57364833 0.3991611
v -3.72023988 1.48041701 0.475318283
v -3.96182704 1.56253433 0.402757257
v -4.11458874 1.67551565 0.476147741
v -4.1455884 1.76850104 0.580348074
v -4.06652403 1.94097459 0.620620549
v -4.06588554 1.98114526 0.640845537
v -3.79167867 1.44606411 0.428240269
v -3.93944001 1.52474868 0.411254495
v -4.04028654 1.54737759 0.502457559
v -4.10505438 1.69307292 0.594817996
v -4.01087189 1.72379243 0.652701378
v -4.03473711 1.78961706 0.642403841
v -4.03327131 1.5755676 0.622064471
v -3.90837812 1.99480879 0.617737353
v -3.91945267 1.84412444 0.63160795
v -3.90523648 1.78030682 0.64331764
v -3.86459684 2.03776717 0.642245412
v -3.84496331 1.63528275 0.669317007
v -4.05802917 1.95402122 0.672131717
v -3.86969686 1.98511088 0.690810561
v -3.86687493 1.77532828 0.742918134
v -4.01232052 1.74702787 0.725999057
v -3.86175036 1.70976508 0.758715451
v -3.93906116 1.57252991 0.679142892
v -3.99588728 1.67750299 0.739217579
v -3.81807828 1.50690413 0.790966809
v -3.89468861 1.4511776 0.696638763
v -3.79086185 1.4985652 0.687506378
v -3.86430407 1.38949323 0.695025325
v -3.75971818 1.41619325 0.668634117
v -3.95011091 1.41507661 0.654667675
v -4.0112896 1.53958428 0.630408168
v -4.01753283 1.50813794 0.510514379
v -3.94827867 1.39066827 0.538457453
v -3.81866145 1.34509254 0.660120368
v -3.72005463 1.39901567 0.596460223
v -3.91621995 1.36073947 0.661433637
v -3.88258719 1.32307029 0.638367653
v -3.78420401 1.33060074 0.592245102
v -3.91323042 1.3257978 0.557008207
v -3.87989879 1.40644026 0.438709795
v -3.84570241 1.3469758 0.461343229
v -3.86111021 1.30817854 0.570729494
v -3.83935714 1.3204689 0.500932455
v -3.7633605 1.34964836 0.508377433
v -3.70993829 1.42156458 0.529911101
v -3.76286387 1.38382912 0.467306882
v -3.59510732 1.6161685 0.271051258
v -3.67879319 1.606354 0.357490957
v -3.63670254 1.53665018 0.341778189
v -3.5926981 1.51955974 0.274843544
v -3.57503653 1.53805161 0.201393783
v -3.64576292 1.72514462 0.236671045
v -3.62976575 1.69958627 0.117842302
v -3.58403134 1.60263228 0.155619979
v -3.70515275 1.64454758 0.0539014041
v -3.65396047 1.56182492 0.090993166
v -3.62272644 1.50915706 0.128962502
v -3.81588793 1.61654496 0.0559881665
v -3.79721117 1.58700776 0.0673300996
v -3.87599301 1.60329163 0.128473163
v -3.85558581 1.57319689 0.140380755
v -3.74002957 1.51010215 0.0965428054
v -3.80112576 1.49615932 0.17222181
v -3.87719178 1.59075451 0.248323753
v -3.82785535 1.51717126 0.272656828
v -3.8290236 1.63410842 0.317328602
v -3.78088641 1.56798828 0.342605799
v -3.67879319 1.606354 0.357490957
v -3.79073 1.47484565 0.29005453
v -3.73351359 1.50722241 0.348114163
v -3.63670254 1.53665018 0.341778189
v -3.70515585 1.47063351 0.116106085
v -3.677737 1.4714154 0.320582181
v -3.76647949 1.44621086 0.191260606
v -3.68873644 1.44127631 0.159991965
v -3.6301105 1.46194732 0.252805561
v -3.5926981 1.51955974 0.274843544
v -3.74367785 1.44284177 0.277385622
v -3.70910335 1.43171692 0.216983333
v -3.60974121 1.47993255 0.181797311
v -3.95567393 2.04961967 1.06189227
v -3.79475284 2.05562639 1.01914108
v -3.78944063 2.11654449 0.977587938
v -3.79521179 1.89254785 1.06307304
v -3.97927094 2.09855366 1.02639687
v -3.85557723 2.04960346 0.956828892
v -3.91972923 1.85865593 1.0983218
v -3.78525496 1.84608305 1.070719
v -4.08679008 2.13053107 1.15966046
v -3.90758777 1.80718517 1.1043905
v -3.71545291 1.6518693 1.09165788
v -4.01520205 1.81847942 1.21013331
v -3.86026239 1.64163697 1.11899543
v -3.84809947 1.59909081 1.12274897
v -3.66539788 1.52568233 1.10491145
v -4.03386211 1.88276541 1.2052319
v -3.93324709 1.62040341 1.21166492
v -4.00640631 1.84390938 1.32547343
v -3.79509139 1.48593605 1.12583196
v -3.912184 1.56949782 1.21205854
v -3.92068911 1.62844157 1.32338512
v -3.74716473 1.41636896 1.14063001
v -3.62999606 1.45342088 1.14328218
v -3.71069479 1.38789392 1.17450345
v -3.58925509 1.44981468 1.22372603
v -3.8570087 1.44749701 1.20594859
v -3.81679654 1.38537383 1.21205556
v -3.79114914 1.3663516 1.2428205
v -3.66570306 1.38679779 1.26005173
v -3.89865947 1.57306623 1.32284832
v -3.84026122 1.44799376 1.32077456
v -3.81184435 1.38557613 1.32031417
v -3.63598037 1.41640627 1.34148359
v -3.573313 1.47868145 1.31377149
v -3.76524782 1.36683547 1.30662072
v -3.73239183 1.39777493 1.37902224
v -3.73503828 1.42791104 1.40115976
v -3.63607788 1.45525336 1.37845242
v -3.58915544 1.56132019 1.353212
v -3.7636354 1.47668815 1.40921795
v -3.66364455 1.52754986 1.40282357
v -3.62287164 1.68569207 1.34717476
v -3.82357454 1.60225892 1.41144192
v -3.71094584 1.6527313 1.40642321
v -3.68279481 1.89650917 1.32939863
v -3.84090233 1.65778148 1.41165495
v -3.77112389 1.89104354 1.39573789
v -3.90832686 1.87382209 1.41248369
v -3.78202868 1.94899821 1.38879263
v -3.6918149 1.94669473 1.32158196
v -3.68882322 2.12555647 1.27941978
v -3.92090988 1.94037902 1.40200055
v -3.79881716 2.16283393 1.3527962
v -4.01657867 1.91362607 1.31679118
v -3.7797699 2.28068018 1.32459438
v -3.67085004 2.21118402 1.24879754
v -3.61887741 2.34816289 1.20208216
v -3.94130206 2.18170571 1.35553706
v -4.03651428 2.16555071 1.27534413
v -3.95094585 2.32381153 1.33429182
v -3.72705507 2.46472979 1.25697434
v -3.54044271 2.4403758 1.15029633
v -3.45500684 2.46857882 1.1213392
v -3.89036131 2.52209473 1.25096107
v -3.40092969 2.59570885 1.22924805
v -3.38413167 2.43882632 1.13320076
v -4.06017637 2.29997516 1.25145555
v -4.08118629 2.48465633 1.06873763
v -4.12905788 2.25912452 1.14010036
v -4.22066069 2.2073369 0.982339442
v -4.18019199 2.04677653 1.01175714
v -4.09959745 2.15000129 1.06201601
v -4.24909115 2.01358294 0.866646349
v -4.18054628 1.72324288 0.90812254
v -3.99443865 2.02722836 1.00670338
v -4.10531378 1.76145184 1.05051768
v -3.97375512 1.78496468 1.04513514
v -3.86605787 1.81808615 0.989150047
v -3.95987368 1.71335196 1.05635786
v -3.85718751 1.7479856 1.00070024
v -3.89175653 1.50625849 1.07347476
v -3.80474877 1.53775704 1.02196014
v -3.76067472 1.42309856 1.03415251
v -4.08065128 1.67986846 1.05836117
v -4.15867186 1.71781051 0.78773421
v -4.1601634 1.63965559 0.920455933
v -4.13073063 1.63739824 0.800046682
v -4.01748848 1.5063138 1.06459737
v -4.07853365 1.47011757 0.941219091
v -4.04912233 1.46798563 0.820389032
v -3.94926143 1.49731672 0.766822338
v -3.93638229 1.44754481 0.774447441
v -4.02658033 1.4211899 0.826008081
v -3.8955493 1.35359979 0.787319303
v -3.77276731 1.39925933 0.802739084
v -4.05598497 1.42328691 0.946954429
v -4.00004148 1.45837367 1.06632006
v -3.9569509 1.36387813 1.06766593
v -4.00330639 1.33294582 0.953546703
v -3.97863722 1.3289392 0.833965421
v -3.86414266 1.29337704 0.802226007
v -3.75675321 1.31759799 0.836375117
v -3.9524529 1.27676749 0.84423238
v -3.83818197 1.24136996 0.857571602
v -3.73693419 1.29813647 0.933059156
v -3.93045378 1.23930216 0.876490176
v -3.95902205 1.24980116 0.960087895
v -3.82184744 1.23302591 0.951984823
v -3.81434631 1.27259254 1.04459977
v -3.74098039 1.33825052 1.00986445
v -3.92303038 1.23537004 0.961042285
v -3.92813158 1.30616057 1.06565011
v -3.91145253 1.26280212 1.04050362
v -3.82586551 1.33049119 1.08138978
v -3.85080934 1.39159405 1.08593857
v -3.18890977 2.61512256 1.35336578
v -3.3222754 2.47498083 1.28796136
v -3.32032514 2.35763121 1.19595671
v -3.25985193 2.24668765 1.27214205
v -3.15133357 2.51891661 1.41512656
v -3.25637698 2.33791614 1.37113082
v -2.98765993 2.53389788 1.35526574
v -2.9730289 2.45048571 1.40600908
v -3.21024537 2.22364759 1.44534802
v -3.21606612 2.11692405 1.34352291
v -3.12842917 2.43436813 1.45636153
v -3.0987227 2.29298234 1.51481962
v -2.87521744 2.38341999 1.26542664
v -3.151191 2.09908104 1.51603913
v -3.14389205 2.03980255 1.45640481
v -3.06964254 2.04036379 1.52771354
v -2.96512413 2.30186605 1.46620262
v -2.93190432 2.15915275 1.54453826
v -2.87047362 2.25385404 1.34476864
v -2.89410996 2.15240097 1.24645996
v -2.88696837 2.04994845 1.35027158
v -3.06106949 2.16612887 1.57921112
v -2.85489058 2.13221097 1.43385291
v -2.92282653 2.02088308 1.43292868
v -3.01662374 2.12338471 1.58127666
v -2.89022827 2.10181355 1.49852765
v -2.99289393 2.02078986 1.49338603
v -2.94560242 2.10505438 1.54790306
v 0.035095498 7.03005743 0.968434095
v 0.0642170012 7.0481143 0.936216533
v 0.0384108871 7.04579067 0.975527763
v 0.067170158 7.01363277 0.88803196
v 0.0806104988 7.03570318 0.865202844
v 0.102950454 7.07233858 0.822494566
v 0.076762557 7.05173922 0.900157154
v 0.054831896 7.08926153 0.930181086
v 0.074659802 7.06891155 0.855380476
v 0.0682909861 7.08333015 0.8978706
v 0.0515107289 7.13105965 0.901156306
v 0.0609244518 7.09278679 0.864638567
v 0.0562929474 7.09717989 0.89310813
v 0.0634665638 7.17013788 0.875091672
v 0.0576188564 7.12461758 0.842463374
v 0.0956960395 7.18482828 0.854028463
v 0.0927674249 7.12052584 0.805855215
v 0.0667074695 7.16011763 0.815095127
v 0.168773755 7.18797064 0.822905481
v 0.0896287784 7.17254829 0.797183156
v 0.104672089 7.13281679 0.802594364
v 0.227490172 7.18955994 0.773901403
v 0.172461122 7.18297052 0.753538668
v 0.128036693 7.18291998 0.770830452
v 0.24830164 7.18419409 0.746718824
v 0.219833001 7.18176937 0.747272015
v 0.270110577 7.18259001 0.731683075
v 0.221102983 7.1577096 0.748203397
v 0.117698275 7.14828968 0.780618787
v 0.139587909 7.13777208 0.776881397
v 0.113929771 7.14375162 0.790521085
v 0.138555765 7.13012934 0.788821518
v 0.168910056 7.13269043 0.770338595
v 0.133903399 7.11268473 0.801589787
v 0.198402703 7.13670111 0.763434947
v 0.170816571 7.12491751 0.781492889
v 0.129407868 7.09465075 0.799774468
v 0.205043733 7.13189459 0.771370232
v 0.173713475 7.10525751 0.792270124
v 0.172724783 7.08561087 0.784338057
v 0.228036508 7.15160179 0.755752683
v 0.215315267 7.11606741 0.77665925
v 0.245504647 7.14360952 0.755912304
v 0.200772926 7.0553441 0.778061032
v 0.220048532 7.09565163 0.762265205
v 0.253880829 7.12415981 0.731973648
v 0.316216111 7.0315485 0.708018243
v 0.280450046 7.0912962 0.723510206
v 0.285813093 7.16491175 0.696239352
v 0.318362176 7.12894964 0.66718483
v 0.326219201 7.17142916 0.646608114
v 0.35028097 7.17141628 0.587398529
v 0.358590961 7.26490831 0.529035091
v 0.381019175 7.18532276 0.483346343
v 1.12646091 0.0308998171 0.627236903
v 1.09661698 -0.0086757252 0.556220412
v 1.1073097 0.0364975333 0.668905079
v 0.970885515 0.0386317521 0.691216946
v 1.14510202 -0.00977931172 0.536470056
v 1.16370237 0.0201341286 0.637071311
v 0.960709214 -0.00646288088 0.55628562
v 0.931794584 0.0479734205 0.651888728
v 1.26148391 -0.0131901558 0.492082596
v 1.28308725 0.017353978 0.597639084
v 1.30073333 0.0326606743 0.567061424
v 1.10786355 0.0617507733 0.43416813
v 0.905172944 -0.00736647239 0.558102965
v 0.895785749 0.0302036572 0.684488118
v 1.3008157 -0.00939727668 0.467744857
v 1.33081508 0.0114732999 0.5556072
v 1.43280578 0.00541089335 0.498723835
v 1.270329 0.0587349944 0.382549703
v 1.4015671 -0.0115646617 0.408698529
v 1.39892519 0.0411958098 0.308992803
v 1.4547888 0.0424182117 0.460178643
v 1.44712532 -0.00274381042 0.384913713
v 1.48190987 0.0223095268 0.445868641
v 1.53994429 -0.00986711029 0.348003924
v 1.57434571 0.0218249168 0.374570608
v 1.54744124 0.0333863311 0.241119459
v 1.51037264 0.0245996229 0.253989905
v 1.52056098 0.0377973653 0.191206083
v 1.49513149 0.0252281018 0.218775302
v 1.48732269 6.65158295E-05 0.149361432
v 1.51008391 0.0232820306 0.134507686
v 1.44790113 -0.00224583433 -0.0295204893
v 1.07543361 -0.0067995498 0.120343819
v 1.38663363 -0.00232445775 -0.202428356
v 1.37337649 -0.00672414387 0.273369998
v 1.25123072 -0.00880478229 0.345776498
v 1.10324419 -0.0114709111 0.399431974
v 0.924771011 0.048734419 0.45289126
v 0.921360135 -0.00511704665 0.408499211
v 0.718041003 0.0264234226 0.4037368
v 1.03900635 -0.00469521992 -0.174339786
v 1.28757751 -0.00272421888 -0.437892914
v 0.695711493 -0.00877723936 0.212113813
v 0.717761815 -0.000139410273 0.0113214264
v 0.761237621 0.0264039468 -0.178829253
v 0.66328603 0.0534694605 0.409569621
v 0.742732048 -0.00257126265 -0.397423387
v 0.729550838 -0.0104970336 0.594350278
v 0.688731551 0.0252581574 0.630021155
v 0.72055912 0.0235494804 0.677486718
v 1.01024461 -0.00683609582 -0.420022428
v 0.981959105 -0.0081220977 -0.60354501
v 0.730233312 -0.00649231253 -0.596439064
v 1.20392823 -0.00203705113 -0.639927983
v 0.789649308 -0.00803966168 -0.705082059
v 1.1316539 -0.00211534766 -0.728594124
v 0.884085417 -0.0076489686 -0.753429115
v 1.01748323 -0.00480476907 -0.767798245
v -0.970885515 0.0386317521 0.691216946
v -1.09661698 -0.0086757252 0.556220412
v -1.1073097 0.0364975333 0.668905079
v -1.12646091 0.0308998171 0.627236903
v -0.960709214 -0.00646288088 0.55628562
v -0.931794584 0.0479734205 0.651888728
v -1.14510202 -0.00977931172 0.536470056
v -1.16370237 0.0201341286 0.637071311
v -1.10786355 0.0617507733 0.43416813
v -1.26148391 -0.0131901558 0.492082596
v -1.28308725 0.017353978 0.597639084
v -1.30073333 0.0326606743 0.567061424
v -0.905172944 -0.00736647239 0.558102965
v -0.895785749 0.0302036572 0.684488118
v -1.3008157 -0.00939727668 0.467744857
v -1.33081508 0.0114732999 0.5556072
v -1.43280578 0.00541089335 0.498723835
v -1.270329 0.0587349944 0.382549703
v -1.4015671 -0.0115646617 0.408698529
v -1.39892519 0.0411958098 0.308992803
v -1.4547888 0.0424182117 0.460178643
v -1.44712532 -0.00274381042 0.384913713
v -1.48190987 0.0223095268 0.445868641
v -1.53994429 -0.00986711029 0.348003924
v -1.57434571 0.0218249168 0.374570608
v -1.54744124 0.0333863311 0.241119459
v -1.51037264 0.0245996229 0.253989905
v -1.52056098 0.0377973653 0.191206083
v -1.49513149 0.0252281018 0.218775302
v -1.48732269 6.65158295E-05 0.149361432
v -1.51008391 0.0232820306 0.134507686
v -1.44790113 -0.00224583433 -0.0295204893
v -1.07543361 -0.0067995498 0.120343819
v -1.38663363 -0.00232445775 -0.202428356
v -1.37337649 -0.00672414387 0.273369998
v -1.25123072 -0.00880478229 0.345776498
v -1.10324419 -0.0114709111 0.399431974
v -0.924771011 0.048734419 0.45289126
v -0.921360135 -0.00511704665 0.408499211
v -0.718041003 0.0264234226 0.4037368
v -1.03900635 -0.00469521992 -0.174339786
v -1.28757751 -0.00272421888 -0.437892914
v -0.695711493 -0.00877723936 0.212113813
v -0.717761815 -0.000139410273 0.0113214264
v -0.761237621 0.0264039468 -0.178829253
v -0.66328603 0.0534694605 0.409569621
v -0.742732048 -0.00257126265 -0.397423387
v -0.729550838 -0.0104970336 0.594350278
v -0.688731551 0.0252581574 0.630021155
v -0.72055912 0.0235494804 0.677486718
v -1.01024461 -0.00683609582 -0.420022428
v -0.981959105 -0.0081220977 -0.60354501
v -0.730233312 -0.00649231253 -0.596439064
v -1.20392823 -0.00203705113 -0.639927983
v -0.789649308 -0.00803966168 -0.705082059
v -1.1316539 -0.00211534766 -0.728594124
v -0.884085417 -0.0076489686 -0.753429115
v -1.01748323 -0.00480476907 -0.767798245
v -0.088174656 7.54390287 0.80441016
v -0.169339478 7.54732513 0.771248102
v -0.20385465 7.59619665 0.789958477
v -0.242399484 7.54502869 0.724218071
v -0.268936157 7.58813763 0.737719417
v -0.292498648 7.54879618 0.655498385
v -0.316998273 7.57581091 0.662539184
v -0.315466255 7.54078293 0.593728185
v -0.350161672 7.55493641 0.579463184
v -0.326570719 7.50028896 0.572855532
v -0.276087791 7.66441822 0.768997192
v -0.35138008 7.49637842 0.548600733
v -0.387127906 7.51628208 0.457840264
v -0.332178116 7.4013629 0.579669952
v -0.355597377 7.40261841 0.56087333
v -0.3378025 7.30085897 0.592823923
v -0.389451146 7.40785933 0.460872024
v -0.418539792 7.4114852 0.315681875
v -0.368192792 7.31673431 0.568107367
v -0.362322301 7.23388958 0.527114868
v -0.395823747 7.25079107 0.494974434
v -0.381552815 7.16445112 0.490848064
v -0.412855029 7.26029301 0.428792864
v -0.403393507 7.17831182 0.467075557
v -0.389871985 7.07270861 0.476219237
v -0.404837102 7.09794283 0.45557487
v -0.411031216 7.07020044 0.38140434
v -0.423495084 7.18942308 0.385180265
v -0.416679949 7.0969243 0.401817381
v -0.418259203 7.18278551 0.356639117
v -0.419056684 7.24278975 0.318529546
v -0.42918849 7.27284956 0.338031709
v -0.422033846 7.2776885 0.251616925
v -0.43335253 7.31228304 0.258144855
v -0.426070839 7.28099155 0.163753524
v -0.434412599 7.31536865 0.152803913
v -0.420256555 7.24062443 0.088115558
v -0.432166219 7.26276398 0.0606666692
v -0.421510994 7.17601919 -0.00966338348
v -0.422483891 7.4095788 0.148508683
v -0.382800817 7.3993454 -0.0194514692
v -0.430381626 7.21462822 -0.00984588638
v -0.397154003 7.20362329 -0.0857499614
v -0.40345636 7.22830439 -0.0852663666
v -0.330171496 7.2306695 -0.154513836
v -0.408052504 7.51914597 0.312153339
v -0.328832388 7.25817108 -0.156987414
v -0.159552798 7.23819399 -0.216171712
v -0.301734775 7.40611029 -0.106778465
v -0.160157815 7.26832867 -0.215641633
v 0.000458077411 7.24052095 -0.225245774
v -0.000684559112 7.27446651 -0.226269051
v 0.159955591 7.24076414 -0.214239657
v -0.159710974 7.41976309 -0.15872927
v 0.165282339 7.27550936 -0.217626184
v 0.325878352 7.23782253 -0.148930773
v -0.28004843 7.51490784 -0.0629586652
v -0.000839149347 7.42652369 -0.173095107
v 0.333751827 7.26617193 -0.147573233
v 0.391608715 7.21489382 -0.0701593086
v -0.148095623 7.52702427 -0.114871249
v 0.163904279 7.41869593 -0.163107544
v 0.396895319 7.24405098 -0.0709935427
v 0.406485677 7.20934725 -0.00528467586
v 0.417656511 7.24032068 -0.0133511741
v 0.416358709 7.2579608 0.0792293623
v 0.388335079 7.39582014 -0.0320660882
v 0.315300703 7.40986443 -0.106004067
v 0.171777993 7.54075193 -0.111999892
v 0.431379855 7.28846216 0.0718668029
v 0.424675137 7.28936338 0.16129677
v -0.0148060918 7.58908081 -0.119968571
v -0.132022962 7.62894106 -0.0733997077
v 0.422472745 7.40314198 0.0662049949
v 0.427828044 7.41695786 0.163580656
v 0.438085347 7.32067871 0.159368709
v 0.422777623 7.28243828 0.247998998
v 0.43426609 7.31327438 0.268006176
v 0.420146555 7.24167061 0.31737712
v 0.42567116 7.53526974 0.0845224559
v -0.257405311 7.61636209 -0.011031148
v -0.249191597 7.68763971 0.019588735
v 0.426091999 7.26242113 0.357938796
v 0.396471858 7.43138456 0.438684314
v 0.417903483 7.42549419 0.291076958
v 0.41904062 7.17500496 0.35730511
v 0.4050318 7.53560019 0.306451112
v 0.423880905 7.17878151 0.388872445
v 0.414681882 7.07596684 0.36825633
v -0.355304509 7.51348686 0.014371613
v -0.403420985 7.51979971 0.156360626
v -0.336752623 7.64299774 0.106864087
v -0.377726972 7.67304897 0.260426939
v 0.37994206 7.28073835 0.513261497
v 0.419552654 7.09430408 0.38711828
v 0.39212203 7.07837868 0.466526926
v 0.400533974 7.19044304 0.461628526
v 0.409082025 7.09611845 0.449580312
v 0.381019175 7.18532276 0.483346343
v 0.358590961 7.26490831 0.529035091
v 0.329613894 7.33538914 0.613703012
v 0.354002565 7.35672283 0.595881641
v 0.316432983 7.4422617 0.624851584
v 0.34642604 7.45035362 0.602009594
v 0.310070276 7.51069307 0.6331352
v 0.334976315 7.52662706 0.614064097
v 0.286364943 7.5488987 0.668034494
v 0.367429465 7.5335269 0.524755776
v 0.306784093 7.57546377 0.655348361
v 0.240797698 7.55348253 0.719100833
v 0.399164051 7.53968143 0.420688391
v 0.400161743 7.65346193 0.401833326
v 0.33371824 7.59623289 0.573548079
v 0.287964612 7.65675497 0.655709624
v 0.305621743 7.67863512 0.525694311
v 0.249097317 7.58525753 0.724131525
v 0.167370766 7.54376268 0.774704635
v 0.367676675 7.61457729 0.485458702
v 0.184444264 7.60026121 0.787947893
v 0.243636683 7.64892197 0.724521339
v 0.112636872 7.62044525 0.861570477
v 0.0903516635 7.53697109 0.807956517
v 0.180072367 7.65790939 0.781168342
v 0.221924514 7.72195673 0.726899028
v 0.00398607785 7.59013033 0.896809518
v -0.00173813081 7.53205252 0.819802463
v -0.0628987551 7.59564686 0.877713621
v 0.0422016792 7.66836786 0.926923037
v 0.123678051 7.67569733 0.838059843
v -0.0323709957 7.64281368 0.938851476
v -0.122449271 7.62535572 0.847842336
v -0.12275558 7.67306328 0.882589996
v -0.0675028861 7.70408058 0.959397554
v -0.14202787 7.5918932 0.80891645
v -0.151156425 7.66205072 0.791605115
v -0.130287841 7.69767237 0.834080994
v -0.130387872 7.72035694 0.906940877
v -0.0192795657 7.72172546 0.951646686
v -0.108007021 7.75823736 0.95206815
v 0.064442873 7.71098757 0.897074699
v 0.0286513362 7.75102139 0.819817722
v 0.00702791987 7.74560404 0.925298989
v -0.0735803172 7.7790885 0.942565918
v -0.0195920467 7.772717 0.869615078
v -0.144756347 7.79483175 0.922501028
v -0.14100942 7.7620697 0.918998599
v -0.136452392 7.77077579 0.901531756
v -0.0755887702 7.79143286 0.908481181
v -0.1092292 7.78338671 0.890962839
v -0.0748661906 7.76162338 0.838119745
v -0.128563777 7.73781729 0.875159144
v -0.0567478016 7.74455357 0.782585204
v -0.115274586 7.72015953 0.724936724
v 0.0333545208 7.73147011 0.696156502
v 0.0242977515 7.7420578 0.760869026
v 0.0826431438 7.72982264 0.758886456
v -0.231478423 7.73861265 0.72555685
v 0.137575448 7.69123745 0.794731975
v 0.154233143 7.72044277 0.766838849
v 0.10457965 7.76651096 0.711342812
v 0.166952208 7.78628397 0.742210925
v 0.226718917 7.79575062 0.696503043
v 0.161243677 7.85694122 0.689107478
v 0.262890786 7.73096418 0.678017497
v 0.224554151 7.81204367 0.645843923
v 0.268696368 7.74532557 0.605555058
v 0.235007241 7.77937794 0.560442209
v 0.182396039 7.81587315 0.595001638
v 0.182400599 7.78664303 0.525441587
v 0.127509698 7.79194021 0.64316076
v 0.086250186 7.75416374 0.596173644
v 0.264758557 7.72720337 0.476819605
v 0.224767208 7.7423358 0.43545413
v 0.323218882 7.71635532 0.47211498
v 0.28484726 7.73182583 0.456408828
v -0.0175976437 7.83691072 0.591615975
v 0.122557409 7.76358366 0.490038812
v -0.0974140242 7.79327631 0.651511192
v -0.218093231 7.7477293 0.627074599
v 0.19028835 7.74613428 0.39225319
v 0.253040791 7.7456584 0.406435132
v 0.313478053 7.76470375 0.423581392
v 0.129662529 7.75768518 0.39651534
v 0.0273312405 7.86615086 0.430820733
v 0.338325888 7.75979614 0.435276508
v 0.0939449072 7.76592636 0.330187142
v -0.0922727957 7.94009399 0.474548697
v -0.0044332752 7.85620022 0.362029403
v 0.0285850894 7.77648687 0.260666072
v 0.187518224 7.78251266 0.313832551
v -0.138400838 7.8961401 0.576855302
v -0.194252804 7.82603025 0.574445486
v -0.209571496 7.96530867 0.492122144
v -0.142078862 7.9187417 0.400362164
v -0.224474505 7.83636951 0.457384795
v -0.0977761075 7.8600316 0.320875883
v -0.076541841 7.76589823 0.189649507
v -0.180235073 7.77091742 0.235686183
v -0.196496293 7.8266058 0.345269114
v -0.281724602 7.72759485 0.529537857
v -0.27034536 7.76120949 0.42881304
v -0.25435859 7.74210882 0.292526811
v -0.177283004 7.80235624 0.141543329
v -0.15692994 7.78253174 0.0456885584
v -0.24755761 7.77694464 0.195517004
v -0.270492584 7.82964706 0.0966471285
v -0.354428589 7.72158003 0.574347377
v -0.303957671 7.74602604 0.615251482
v -0.323486626 7.76632071 0.31592083
v -0.322363019 7.71590853 0.222181931
v -0.359141648 7.72768307 0.467064261
v -0.343952507 7.68797827 0.530335188
v -0.334332049 7.78583622 0.382188648
v -0.41692251 7.80781174 0.341629297
v -0.359468609 7.74783754 0.283728123
v -0.389792502 7.76690912 0.416310668
v -0.41361931 7.72888184 0.385227501
v -0.405183256 7.72694969 0.332672447
v -0.390277594 7.66900969 0.450613081
v -0.398262024 7.64789581 0.323899657
v -0.373712331 7.62682962 0.518314719
v -0.319015622 7.75949669 0.155789435
v -0.374187469 7.63351202 0.581306398
v -0.321275175 7.7107501 0.103803597
v -0.326157331 7.79737186 0.113049999
v -0.327176899 7.76164055 0.0911359861
v -0.339491636 7.82004786 0.071065478
v -0.37511602 7.68941593 0.576428771
v -0.350480139 7.62839603 0.665256858
v -0.397002965 7.68256092 0.609572232
v -0.428413391 7.749331 0.608035743
v -0.346952647 7.71987915 0.715134442
v -0.386786401 7.68607473 0.653754592
v -0.320625186 7.75302267 0.695157051
v -0.393969744 7.73896694 0.665986001
v -0.38106665 7.75770664 0.657238603
v -0.373428822 7.75221586 0.617977738
v 0.401686966 7.55342245 0.00972475018
v 0.307171434 7.53739786 -0.0694030672
v 0.199071571 7.61304426 -0.0648835376
v 0.30247435 7.63007021 -0.0308811106
v 0.104999542 7.64266443 -0.0763186365
v 0.0877882168 7.70491505 -0.0296062585
v 0.0235130135 7.70813942 -0.0975319818
v 0.0142675471 7.73607159 -0.0608239882
v -0.0306529608 7.68305349 -0.11543262
v -0.0491837449 7.75388718 -0.100513645
v -0.0387842096 7.7367363 -0.0309767947
v -0.0851027071 7.68776941 -0.082506381
v -0.0749644488 7.71486044 -0.0460214615
v -0.115375385 7.70157337 -0.0118177673
v -0.0332768448 7.73289251 0.0416126102
v 0.180190146 7.70581388 0.00204793061
v 0.268737555 7.7201705 0.0660038143
v 0.105784774 7.79839945 0.0443419591
v 0.0157642625 7.78478193 0.0778519437
v 0.174329296 7.79950047 0.0794682354
v 0.302029461 7.72017431 0.143355355
v 0.0895757973 7.87112427 0.0983997583
v 0.0398934931 7.85112762 0.116427682
v 0.0203153081 7.84414911 0.153778419
v 0.0505606644 7.92157507 0.14803721
v 0.132503718 7.88455105 0.148830682
v 0.0606408566 7.85371876 0.2062307
v 0.160323784 7.84027529 0.259190351
v 0.113338538 7.89572382 0.201221153
v 0.199853241 7.83178282 0.211393431
v 0.209543049 7.81176662 0.145198151
v 0.249278337 7.77088118 0.247080147
v 0.237641737 7.74464989 0.346938461
v 0.281072289 7.73082209 0.288560271
v 0.304657221 7.76355934 0.364089161
v 0.298135906 7.76898336 0.394367397
v 0.331505656 7.80361557 0.397219419
v 0.348774105 7.75224447 0.337929904
v 0.378715545 7.74011469 0.394800812
v 0.369547874 7.74220514 0.359703332
v 0.385973543 7.65172815 0.319696069
v 0.330554038 7.71254873 0.286100775
v 0.416028231 7.55310392 0.206610143
v 0.326192111 7.69250965 0.218144447
v 0.369003713 7.65655375 0.2239227
v 0.35890162 7.72338057 0.132488325
v 0.420728445 7.70360565 0.145132288
v 0.44571802 7.64572239 0.104180865
v 0.337573916 7.72462702 0.0591604225
v 0.440224439 7.74451017 0.0484844148
v 0.42015928 7.63444805 0.0311583932
v 0.36323753 7.67363405 0.00365505274
v -0.195276886 7.7433548 0.0201043859
v -0.279051572 7.7894187 0.0449583717
v -0.254914731 7.81579494 0.0514368378
v -0.301741332 7.75943947 0.0519945659
v 0.0793249011 6.7492137 0.814974248
v 0.0447525717 6.74488401 0.881174088
v 0.107317485 6.73713589 0.866123259
v 0.16659379 6.72035122 0.828633428
v 0.0418950394 6.75397015 0.828764319
v 6.77870996E-18 6.74637938 0.885283649
v 7.66428498E-18 6.75722027 0.836034477
v -0.0447525717 6.74488401 0.881174088
v -0.0418950394 6.75397015 0.828764319
v -0.107317485 6.73713589 0.866123259
v 0.113373064 6.74157953 0.789147675
v 0.0371115878 6.75796175 0.784889281
v 3.59117733E-18 6.76362801 0.772331238
v -0.0371115878 6.75796175 0.784889281
v -0.0518305637 6.75453711 0.737672329
v -0.0793249011 6.7492137 0.814974248
v -0.113373064 6.74157953 0.789147675
v -0.16659379 6.72035122 0.828633428
v -0.158942372 6.72903347 0.744079411
v -0.221310586 6.70298672 0.76477921
v 0.0518305637 6.75453711 0.737672329
v 0.0729070902 6.74257755 0.650564969
v 2.98546978E-18 6.75966978 0.710884392
v -0.203481942 6.7069931 0.700937688
v -0.26614657 6.68025064 0.697664917
v -0.261105537 6.66364813 0.645513117
v -0.0729070902 6.74257755 0.650564969
v -4.34380498E-17 6.74222898 0.642586946
v -0.201489672 6.65215015 0.597621024
v -0.261596888 6.65427208 0.644826055
v -0.156867757 6.70638418 0.648838401
v -0.082274273 6.70604467 0.573546767
v -0.197600365 6.61611176 0.698763013
v -0.260973483 6.64957952 0.70102185
v -0.205226317 6.66171694 0.800255179
v -5.47571397E-17 6.70805645 0.566677094
v -0.0936245322 6.65191555 0.55791533
v -0.144220591 6.64698982 0.804086387
v -0.151639566 6.66713238 0.847132802
v -0.104458824 6.5986681 0.664239883
v -0.0801716372 6.64091158 0.820722699
v -0.0818549544 6.66893435 0.87686944
v 4.11123356E-17 6.65137291 0.549662113
v 3.85403035E-17 6.59066629 0.65902853
v -1.37600651E-17 6.63143587 0.822151184
v 5.23051034E-18 6.6654892 0.886437893
v 0.082274273 6.70604467 0.573546767
v 0.0936245322 6.65191555 0.55791533
v 0.104458824 6.5986681 0.664239883
v 0.0801716372 6.64091158 0.820722699
v 0.0818549544 6.66893435 0.87686944
v 0.144220591 6.64698982 0.804086387
v 0.151639566 6.66713238 0.847132802
v 0.205226317 6.66171694 0.800255179
v 0.197600365 6.61611176 0.698763013
v 0.260973483 6.64957952 0.70102185
v 0.261596888 6.65427208 0.644826055
v 0.201489672 6.65215015 0.597621024
v 0.261105537 6.66364813 0.645513117
v 0.156867757 6.70638418 0.648838401
v 0.203481942 6.7069931 0.700937688
v 0.26614657 6.68025064 0.697664917
v 0.221310586 6.70298672 0.76477921
v 0.158942372 6.72903347 0.744079411
v -0.117395468 7.26867151 0.702157855
v -0.152649432 7.2757163 0.700069129
v -0.150661796 7.26397848 0.665877819
v -0.119883388 7.25782919 0.667703629
v -0.181450367 7.25785398 0.664175987
v -0.0875199959 7.24865294 0.704071462
v -0.0938001126 7.24034643 0.669373095
v -0.187915683 7.26870346 0.698119104
v -0.207562029 7.24039412 0.662857592
v -0.067564711 7.21870041 0.705521524
v -0.0763826892 7.21419239 0.670640409
v -0.217826128 7.24870872 0.696606278
v -0.225021631 7.21425724 0.662122011
v -0.0605628341 7.18337345 0.706290543
v -0.0702830181 7.18335056 0.671309412
v -0.237816989 7.21857595 0.695736349
v -0.231171295 7.18342066 0.662091792
v -0.0676174462 7.14805603 0.706262112
v -0.076430358 7.15251732 0.671286941
v -0.244861603 7.18322563 0.695694864
v -0.225073695 7.15258026 0.662766457
v -0.0876289904 7.11811733 0.705440342
v -0.0938890502 7.12637806 0.670568705
v -0.237891227 7.14812708 0.696501374
v -0.207657039 7.12642813 0.664047122
v -0.117540449 7.09812403 0.703945041
v -0.12000154 7.10891724 0.669263899
v -0.217943534 7.11817169 0.69796735
v -0.18157275 7.10894394 0.665732741
v -0.152809441 7.09110928 0.702000439
v -0.150792077 7.10279417 0.66756469
v -0.188066572 7.09815359 0.699901104
v -0.0892653093 7.11652613 0.74250114
v -0.119933277 7.09602833 0.740969121
v -0.156089455 7.08884144 0.73897469
v -0.192231953 7.0960598 0.736822426
v -0.222857878 7.11658192 0.73484081
v -0.243297935 7.14716721 0.733319461
v -0.0687155873 7.14721107 0.743345916
v -0.250366688 7.18170834 0.732289851
v -0.0614689663 7.18341351 0.743376315
v -0.243146166 7.21803617 0.732339025
v -0.0686629191 7.21962309 0.742585719
v -0.222721741 7.2503252 0.733435094
v -0.0891440585 7.25032759 0.741098523
v -0.192060769 7.27088118 0.734996378
v -0.119768448 7.27084923 0.739138901
v -0.155907646 7.27806997 0.736995578
v -0.0768914744 7.18346119 0.77690202
v -0.0831427202 7.21495342 0.776215851
v -0.1009546 7.24166012 0.774919212
v -0.127593264 7.25951385 0.773212254
v -0.159030482 7.26579285 0.771349251
v -0.190481186 7.25954151 0.769609332
v -0.083195962 7.15196991 0.776875973
v -0.217155904 7.24168682 0.768256843
v -0.101071224 7.12528038 0.776139736
v -0.234937951 7.21383572 0.767338693
v -0.127750963 7.10745001 0.774805963
v -0.241222754 7.18225813 0.767296731
v -0.159203738 7.1011939 0.773069263
v -0.235063717 7.15196991 0.768158734
v -0.190643266 7.1074748 0.771197438
v -0.217283085 7.12532902 0.76947546
v -0.137423187 7.12697363 0.799420834
v -0.160811111 7.12232399 0.798130274
v -0.1417768 7.15327501 0.814757526
v -0.117585704 7.14022684 0.800414026
v -0.104310907 7.16007566 0.800962985
v -0.184188679 7.12699366 0.79673934
v -0.203997061 7.14026356 0.795458734
v -0.169051513 7.14785624 0.813249707
v -0.0996287912 7.1834898 0.800982058
v -0.217220008 7.16012335 0.794488966
v -0.126304522 7.17642021 0.815397501
v -0.104264006 7.20690775 0.800471604
v -0.117492713 7.22676849 0.799508214
v -0.19215095 7.1633358 0.811760068
v -0.221837699 7.18340397 0.793956995
v -0.197543561 7.19064331 0.811163306
v -0.217161044 7.20683479 0.793982625
v -0.203900129 7.22680569 0.794556081
v -0.182070956 7.21378708 0.811809063
v -0.184063166 7.24005842 0.795558393
v -0.154797092 7.21920872 0.81331718
v -0.160676703 7.24470806 0.796851456
v -0.137300372 7.24003839 0.798236609
v -0.131697923 7.20372868 0.814801693
v -0.177745298 7.1938467 0.817930877
v -0.165951461 7.20172596 0.818524659
v -0.162511438 7.18353796 0.820890665
v -0.18052645 7.17992592 0.81791836
v -0.152053118 7.19895077 0.819349706
v -0.172665536 7.16812468 0.818493724
v -0.144192278 7.18714905 0.819925189
v -0.158767253 7.16534758 0.819320381
v -0.146973222 7.17322731 0.819912255
v 0.117395468 7.26867151 0.702157855
v 0.119883388 7.25782919 0.667703629
v 0.150661796 7.26397848 0.665877819
v 0.152649432 7.2757163 0.700069129
v 0.181450367 7.25785398 0.664175987
v 0.0875199959 7.24865294 0.704071462
v 0.0938001126 7.24034643 0.669373095
v 0.187915683 7.26870346 0.698119104
v 0.207562029 7.24039412 0.662857592
v 0.067564711 7.21870041 0.705521524
v 0.0763826892 7.21419239 0.670640409
v 0.217826128 7.24870872 0.696606278
v 0.225021631 7.21425724 0.662122011
v 0.0605628341 7.18337345 0.706290543
v 0.0702830181 7.18335056 0.671309412
v 0.237816989 7.21857595 0.695736349
v 0.231171295 7.18342066 0.662091792
v 0.0676174462 7.14805603 0.706262112
v 0.076430358 7.15251732 0.671286941
v 0.244861603 7.18322563 0.695694864
v 0.225073695 7.15258026 0.662766457
v 0.0876289904 7.11811733 0.705440342
v 0.0938890502 7.12637806 0.670568705
v 0.237891227 7.14812708 0.696501374
v 0.207657039 7.12642813 0.664047122
v 0.117540449 7.09812403 0.703945041
v 0.12000154 7.10891724 0.669263899
v 0.217943534 7.11817169 0.69796735
v 0.18157275 7.10894394 0.665732741
v 0.152809441 7.09110928 0.702000439
v 0.150792077 7.10279417 0.66756469
v 0.188066572 7.09815359 0.699901104
v 0.0892653093 7.11652613 0.74250114
v 0.119933277 7.09602833 0.740969121
v 0.156089455 7.08884144 0.73897469
v 0.192231953 7.0960598 0.736822426
v 0.222857878 7.11658192 0.73484081
v 0.243297935 7.14716721 0.733319461
v 0.0687155873 7.14721107 0.743345916
v 0.250366688 7.18170834 0.732289851
v 0.0614689663 7.18341351 0.743376315
v 0.243146166 7.21803617 0.732339025
v 0.0686629191 7.21962309 0.742585719
v 0.222721741 7.2503252 0.733435094
v 0.0891440585 7.25032759 0.741098523
v 0.192060769 7.27088118 0.734996378
v 0.119768448 7.27084923 0.739138901
v 0.155907646 7.27806997 0.736995578
v 0.0768914744 7.18346119 0.77690202
v 0.0831427202 7.21495342 0.776215851
v 0.1009546 7.24166012 0.774919212
v 0.127593264 7.25951385 0.773212254
v 0.159030482 7.26579285 0.771349251
v 0.190481186 7.25954151 0.769609332
v 0.083195962 7.15196991 0.776875973
v 0.217155904 7.24168682 0.768256843
v 0.101071224 7.12528038 0.776139736
v 0.234937951 7.21383572 0.767338693
v 0.127750963 7.10745001 0.774805963
v 0.241222754 7.18225813 0.767296731
v 0.159203738 7.1011939 0.773069263
v 0.235063717 7.15196991 0.768158734
v 0.190643266 7.1074748 0.771197438
v 0.217283085 7.12532902 0.76947546
v 0.137423187 7.12697363 0.799420834
v 0.160811111 7.12232399 0.798130274
v 0.1417768 7.15327501 0.814757526
v 0.117585704 7.14022684 0.800414026
v 0.104310907 7.16007566 0.800962985
v 0.184188679 7.12699366 0.79673934
v 0.203997061 7.14026356 0.795458734
v 0.169051513 7.14785624 0.813249707
v 0.0996287912 7.1834898 0.800982058
v 0.217220008 7.16012335 0.794488966
v 0.126304522 7.17642021 0.815397501
v 0.104264006 7.20690775 0.800471604
v 0.117492713 7.22676849 0.799508214
v 0.19215095 7.1633358 0.811760068
v 0.221837699 7.18340397 0.793956995
v 0.197543561 7.19064331 0.811163306
v 0.217161044 7.20683479 0.793982625
v 0.203900129 7.22680569 0.794556081
v 0.182070956 7.21378708 0.811809063
v 0.184063166 7.24005842 0.795558393
v 0.154797092 7.21920872 0.81331718
v 0.160676703 7.24470806 0.796851456
v 0.137300372 7.24003839 0.798236609
v 0.131697923 7.20372868 0.814801693
v 0.177745298 7.1938467 0.817930877
v 0.165951461 7.20172596 0.818524659
v 0.162511438 7.18353796 0.820890665
v 0.18052645 7.17992592 0.81791836
v 0.152053118 7.19895077 0.819349706
v 0.172665536 7.16812468 0.818493724
v 0.144192278 7.18714905 0.819925189
v 0.158767253 7.16534758 0.819320381
v 0.146973222 7.17322731 0.819912255
v -0.513997614 7.37521601 0.654836535
v -0.540798128 7.44296598 0.63181591
v -0.513997614 7.45044613 0.654836535
v -0.540798128 7.38269567 0.63181591
v -0.513997614 7.3143549 0.610618472
v -0.540798128 7.49172449 0.596392095
v -0.513997614 7.51130486 0.610618472
v -0.540798128 7.51034689 0.539070547
v -0.513997614 7.53455067 0.539070547
v -0.540798128 7.33393764 0.596392095
v -0.513997614 7.29110813 0.539070547
v -0.540798128 7.31531286 0.539070547
v -0.513997614 7.3143549 0.467526197
v -0.540798128 7.33393908 0.481751978
v -0.513997614 7.37521601 0.423308164
v -0.540798128 7.38269472 0.446327806
v -0.513997614 7.45044613 0.423308045
v -0.540798128 7.44296598 0.446327835
v -0.513997614 7.51130342 0.467526227
v -0.540798128 7.49172449 0.481751978
vt 0.303222656 0.303710938
vt 0.330078125 0.281982422
vt 0.331787109 0.303710938
vt 0.30078125 0.280517578
vt 0.274902344 0.303710938
vt 0.298828125 0.260009766
vt 0.328613281 0.262207031
vt 0.273681641 0.279052734
vt 0.250244141 0.303710938
vt 0.2734375 0.258056641
vt 0.297851562 0.237548828
vt 0.326904297 0.241821289
vt 0.24987793 0.279785156
vt 0.227294922 0.303710938
vt 0.248779297 0.256347656
vt 0.272949219 0.23449707
vt 0.301757812 0.211914062
vt 0.328857422 0.217407227
vt 0.229370117 0.278076172
vt 0.199951172 0.303710938
vt 0.226074219 0.254150391
vt 0.249145508 0.231933594
vt 0.274902344 0.206787109
vt 0.304443359 0.185668945
vt 0.330566406 0.19543457
vt 0.333496094 0.178588867
vt 0.201660156 0.274902344
vt 0.172363281 0.303710938
vt 0.278076172 0.180908203
vt 0.312011719 0.170166016
vt 0.337890625 0.159301758
vt 0.249389648 0.204101562
vt 0.199462891 0.253173828
vt 0.24987793 0.180053711
vt 0.225708008 0.202026367
vt 0.223388672 0.177246094
vt 0.225952148 0.230224609
vt 0.198364258 0.230224609
vt 0.193603516 0.202514648
vt 0.188720703 0.177490234
vt 0.172363281 0.254882812
vt 0.169311523 0.230834961
vt 0.163452148 0.204589844
vt 0.158081055 0.179931641
vt 0.184448242 0.159667969
vt 0.175170898 0.275634766
vt 0.143798828 0.278076172
vt 0.143798828 0.303710938
vt 0.116149902 0.303710938
vt 0.140014648 0.257568359
vt 0.138427734 0.233398438
vt 0.135131836 0.209106445
vt 0.130981445 0.18371582
vt 0.154785156 0.162963867
vt 0.114562988 0.280029297
vt 0.11340332 0.259765625
vt 0.109619141 0.235961914
vt 0.108520508 0.213378906
vt 0.10760498 0.186889648
vt 0.128417969 0.166748047
vt 0.087097168 0.281494141
vt 0.0861206055 0.303710938
vt 0.0530090332 0.303710938
vt 0.0861206055 0.262451172
vt 0.0852050781 0.23828125
vt 0.0869140625 0.215332031
vt 0.0860595703 0.188964844
vt 0.151245117 0.147827148
vt 0.105957031 0.169555664
vt 0.126953125 0.153198242
vt 0.0565185547 0.262939453
vt 0.0585021973 0.240112305
vt 0.0614013672 0.216552734
vt 0.0628051758 0.19152832
vt 0.0841064453 0.171508789
vt 0.102478027 0.154418945
vt 0.0534362793 0.282470703
vt 0.0217132568 0.281982422
vt 0.0207977295 0.303710938
vt 0.0237121582 0.262207031
vt 0.0284118652 0.241821289
vt 0.0347290039 0.217407227
vt 0.0372619629 0.19543457
vt 0.0604858398 0.173583984
vt 0.036529541 0.178588867
vt 0.0824584961 0.154785156
vt 0.0561218262 0.156738281
vt 0.0344848633 0.159301758
vt 0.0322265625 0.143188477
vt 0.0536804199 0.140014648
vt 0.0319824219 0.125488281
vt 0.0679321289 0.138427734
vt 0.0530090332 0.125610352
vt 0.0324707031 0.116333008
vt 0.0540771484 0.112670898
vt 0.0686645508 0.110534668
vt 0.0675048828 0.123535156
vt 0.08203125 0.122558594
vt 0.0809326172 0.109191895
vt 0.082824707 0.138427734
vt 0.0963745117 0.121704102
vt 0.0958251953 0.108215332
vt 0.109924316 0.121826172
vt 0.107666016 0.108154297
vt 0.118652344 0.106628418
vt 0.098449707 0.138183594
vt 0.111999512 0.138427734
vt 0.127685547 0.13659668
vt 0.123840332 0.119750977
vt 0.139648438 0.101501465
vt 0.147949219 0.129272461
vt 0.144042969 0.11340332
vt 0.160400391 0.094543457
vt 0.180297852 0.14440918
vt 0.173217773 0.118530273
vt 0.164794922 0.105041504
vt 0.178222656 0.0952148438
vt 0.172851562 0.0865478516
vt 0.184326172 0.0776977539
vt 0.220581055 0.162841797
vt 0.248901367 0.165161133
vt 0.219848633 0.14831543
vt 0.279785156 0.165527344
vt 0.279052734 0.153564453
vt 0.249023438 0.151367188
vt 0.193481445 0.133178711
vt 0.224731445 0.125488281
vt 0.202880859 0.115661621
vt 0.318359375 0.155761719
vt 0.250732422 0.128417969
vt 0.185302734 0.103759766
vt 0.195922852 0.0877685547
vt 0.326904297 0.137817383
vt 0.344726562 0.143188477
vt 0.331542969 0.126220703
vt 0.350097656 0.13269043
vt 0.314941406 0.125244141
vt 0.334228516 0.114746094
vt 0.353271484 0.116333008
vt 0.322021484 0.109558105
vt 0.319580078 0.116821289
vt 0.306152344 0.108886719
vt 0.310302734 0.103210449
vt 0.301025391 0.0961914062
vt 0.304443359 0.138793945
vt 0.295654297 0.120178223
vt 0.280761719 0.130615234
vt 0.291259766 0.105712891
vt 0.280761719 0.112915039
vt 0.258300781 0.110412598
vt 0.289550781 0.0988769531
vt 0.296142578 0.0768432617
vt 0.281005859 0.10345459
vt 0.286132812 0.0875854492
vt 0.240478516 0.10369873
vt 0.262207031 0.104003906
vt 0.283203125 0.082824707
vt 0.292480469 0.072265625
vt 0.270263672 0.0772705078
vt 0.277832031 0.0629272461
vt 0.278564453 0.088684082
vt 0.280029297 0.0920410156
vt 0.276611328 0.0924682617
vt 0.267822266 0.0749511719
vt 0.272949219 0.0624389648
vt 0.267089844 0.0894165039
vt 0.264160156 0.0850830078
vt 0.268310547 0.085144043
vt 0.264648438 0.0735473633
vt 0.268554688 0.0613708496
vt 0.254882812 0.0594787598
vt 0.257324219 0.102600098
vt 0.243896484 0.0966796875
vt 0.251953125 0.0704956055
vt 0.26171875 0.0822143555
vt 0.259521484 0.0866699219
vt 0.250244141 0.0830078125
vt 0.24621582 0.0802001953
vt 0.250732422 0.0787353516
vt 0.248901367 0.0698852539
vt 0.245849609 0.0689086914
vt 0.251464844 0.0576782227
vt 0.248046875 0.0564575195
vt 0.235229492 0.0556640625
vt 0.240112305 0.0946655273
vt 0.234130859 0.0670166016
vt 0.231689453 0.0574035645
vt 0.243164062 0.0785522461
vt 0.241577148 0.0814208984
vt 0.228027344 0.0911254883
vt 0.233642578 0.0755615234
vt 0.229736328 0.0754394531
vt 0.233642578 0.0787963867
vt 0.230834961 0.0669555664
vt 0.227783203 0.0659179688
vt 0.228759766 0.0549621582
vt 0.224121094 0.098449707
vt 0.218505859 0.0648193359
vt 0.218017578 0.0553588867
vt 0.224731445 0.0891113281
vt 0.209960938 0.0930175781
vt 0.22668457 0.0738525391
vt 0.214599609 0.0649414062
vt 0.213623047 0.0598144531
vt 0.212158203 0.0651245117
vt 0.214355469 0.0717773438
vt 0.210327148 0.0583496094
vt 0.200683594 0.0616455078
vt 0.219116211 0.072265625
vt 0.225585938 0.0767822266
vt 0.218505859 0.075012207
vt 0.213500977 0.0867919922
vt 0.2109375 0.0858154297
vt 0.202758789 0.0662841797
vt 0.19152832 0.0709838867
vt 0.194946289 0.0754394531
vt 0.188476562 0.0751953125
vt 0.204467773 0.0701293945
vt 0.211669922 0.0716552734
vt 0.21081543 0.0746459961
vt 0.205078125 0.0731201172
vt 0.19909668 0.0801391602
vt 0.190673828 0.0815429688
vt 0.303222656 0.303710938
vt 0.331787109 0.303710938
vt 0.330078125 0.281982422
vt 0.30078125 0.280517578
vt 0.274902344 0.303710938
vt 0.298828125 0.260009766
vt 0.328613281 0.262207031
vt 0.273681641 0.279052734
vt 0.250244141 0.303710938
vt 0.297851562 0.237548828
vt 0.326904297 0.241821289
vt 0.2734375 0.258056641
vt 0.24987793 0.279785156
vt 0.227294922 0.303710938
vt 0.301757812 0.211914062
vt 0.328857422 0.217407227
vt 0.272949219 0.23449707
vt 0.248779297 0.256347656
vt 0.229370117 0.278076172
vt 0.199951172 0.303710938
vt 0.304443359 0.185668945
vt 0.330566406 0.19543457
vt 0.333496094 0.178588867
vt 0.274902344 0.206787109
vt 0.249145508 0.231933594
vt 0.226074219 0.254150391
vt 0.201660156 0.274902344
vt 0.172363281 0.303710938
vt 0.312011719 0.170166016
vt 0.337890625 0.159301758
vt 0.249389648 0.204101562
vt 0.225952148 0.230224609
vt 0.199462891 0.253173828
vt 0.278076172 0.180908203
vt 0.225708008 0.202026367
vt 0.198364258 0.230224609
vt 0.24987793 0.180053711
vt 0.193603516 0.202514648
vt 0.223388672 0.177246094
vt 0.188720703 0.177490234
vt 0.169311523 0.230834961
vt 0.163452148 0.204589844
vt 0.158081055 0.179931641
vt 0.184448242 0.159667969
vt 0.220581055 0.162841797
vt 0.248901367 0.165161133
vt 0.172363281 0.254882812
vt 0.279785156 0.165527344
vt 0.279052734 0.153564453
vt 0.249023438 0.151367188
vt 0.219848633 0.14831543
vt 0.180297852 0.14440918
vt 0.175170898 0.275634766
vt 0.143798828 0.278076172
vt 0.143798828 0.303710938
vt 0.116149902 0.303710938
vt 0.140014648 0.257568359
vt 0.138427734 0.233398438
vt 0.135131836 0.209106445
vt 0.130981445 0.18371582
vt 0.154785156 0.162963867
vt 0.151245117 0.147827148
vt 0.128417969 0.166748047
vt 0.10760498 0.186889648
vt 0.108520508 0.213378906
vt 0.109619141 0.235961914
vt 0.11340332 0.259765625
vt 0.114562988 0.280029297
vt 0.087097168 0.281494141
vt 0.0861206055 0.303710938
vt 0.0530090332 0.303710938
vt 0.0861206055 0.262451172
vt 0.0852050781 0.23828125
vt 0.0869140625 0.215332031
vt 0.0860595703 0.188964844
vt 0.105957031 0.169555664
vt 0.126953125 0.153198242
vt 0.0534362793 0.282470703
vt 0.0565185547 0.262939453
vt 0.0217132568 0.281982422
vt 0.0207977295 0.303710938
vt 0.0237121582 0.262207031
vt 0.0284118652 0.241821289
vt 0.0585021973 0.240112305
vt 0.0347290039 0.217407227
vt 0.0614013672 0.216552734
vt 0.0372619629 0.19543457
vt 0.0628051758 0.19152832
vt 0.0604858398 0.173583984
vt 0.036529541 0.178588867
vt 0.0841064453 0.171508789
vt 0.0561218262 0.156738281
vt 0.0344848633 0.159301758
vt 0.0322265625 0.143188477
vt 0.102478027 0.154418945
vt 0.0824584961 0.154785156
vt 0.0536804199 0.140014648
vt 0.0319824219 0.125488281
vt 0.0679321289 0.138427734
vt 0.0530090332 0.125610352
vt 0.0324707031 0.116333008
vt 0.0540771484 0.112670898
vt 0.0686645508 0.110534668
vt 0.0675048828 0.123535156
vt 0.08203125 0.122558594
vt 0.0809326172 0.109191895
vt 0.082824707 0.138427734
vt 0.0963745117 0.121704102
vt 0.0958251953 0.108215332
vt 0.109924316 0.121826172
vt 0.107666016 0.108154297
vt 0.118652344 0.106628418
vt 0.098449707 0.138183594
vt 0.111999512 0.138427734
vt 0.127685547 0.13659668
vt 0.123840332 0.119750977
vt 0.139648438 0.101501465
vt 0.147949219 0.129272461
vt 0.144042969 0.11340332
vt 0.160400391 0.094543457
vt 0.173217773 0.118530273
vt 0.164794922 0.105041504
vt 0.178222656 0.0952148438
vt 0.172851562 0.0865478516
vt 0.184326172 0.0776977539
vt 0.193481445 0.133178711
vt 0.185302734 0.103759766
vt 0.190673828 0.0815429688
vt 0.188476562 0.0751953125
vt 0.224731445 0.125488281
vt 0.202880859 0.115661621
vt 0.195922852 0.0877685547
vt 0.194946289 0.0754394531
vt 0.19152832 0.0709838867
vt 0.250732422 0.128417969
vt 0.202758789 0.0662841797
vt 0.200683594 0.0616455078
vt 0.212158203 0.0651245117
vt 0.210327148 0.0583496094
vt 0.213623047 0.0598144531
vt 0.204467773 0.0701293945
vt 0.19909668 0.0801391602
vt 0.214599609 0.0649414062
vt 0.214355469 0.0717773438
vt 0.218017578 0.0553588867
vt 0.211669922 0.0716552734
vt 0.218505859 0.0648193359
vt 0.228759766 0.0549621582
vt 0.205078125 0.0731201172
vt 0.209960938 0.0930175781
vt 0.21081543 0.0746459961
vt 0.2109375 0.0858154297
vt 0.224121094 0.098449707
vt 0.213500977 0.0867919922
vt 0.227783203 0.0659179688
vt 0.231689453 0.0574035645
vt 0.240478516 0.10369873
vt 0.218505859 0.075012207
vt 0.224731445 0.0891113281
vt 0.228027344 0.0911254883
vt 0.229736328 0.0754394531
vt 0.225585938 0.0767822266
vt 0.219116211 0.072265625
vt 0.22668457 0.0738525391
vt 0.230834961 0.0669555664
vt 0.234130859 0.0670166016
vt 0.235229492 0.0556640625
vt 0.245849609 0.0689086914
vt 0.248046875 0.0564575195
vt 0.251464844 0.0576782227
vt 0.233642578 0.0755615234
vt 0.233642578 0.0787963867
vt 0.243164062 0.0785522461
vt 0.24621582 0.0802001953
vt 0.248901367 0.0698852539
vt 0.254882812 0.0594787598
vt 0.241577148 0.0814208984
vt 0.240112305 0.0946655273
vt 0.243896484 0.0966796875
vt 0.258300781 0.110412598
vt 0.280761719 0.130615234
vt 0.251953125 0.0704956055
vt 0.250732422 0.0787353516
vt 0.250244141 0.0830078125
vt 0.264648438 0.0735473633
vt 0.268554688 0.0613708496
vt 0.272949219 0.0624389648
vt 0.26171875 0.0822143555
vt 0.264160156 0.0850830078
vt 0.267822266 0.0749511719
vt 0.277832031 0.0629272461
vt 0.257324219 0.102600098
vt 0.259521484 0.0866699219
vt 0.270263672 0.0772705078
vt 0.292480469 0.072265625
vt 0.262207031 0.104003906
vt 0.268310547 0.085144043
vt 0.283203125 0.082824707
vt 0.296142578 0.0768432617
vt 0.267089844 0.0894165039
vt 0.278564453 0.088684082
vt 0.286132812 0.0875854492
vt 0.276611328 0.0924682617
vt 0.280761719 0.112915039
vt 0.280029297 0.0920410156
vt 0.281005859 0.10345459
vt 0.289550781 0.0988769531
vt 0.301025391 0.0961914062
vt 0.291259766 0.105712891
vt 0.295654297 0.120178223
vt 0.306152344 0.108886719
vt 0.310302734 0.103210449
vt 0.322021484 0.109558105
vt 0.304443359 0.138793945
vt 0.318359375 0.155761719
vt 0.314941406 0.125244141
vt 0.326904297 0.137817383
vt 0.344726562 0.143188477
vt 0.331542969 0.126220703
vt 0.350097656 0.13269043
vt 0.319580078 0.116821289
vt 0.334228516 0.114746094
vt 0.353271484 0.116333008
vt 0.397216797 0.228759766
vt 0.397216797 0.233154297
vt 0.436035156 0.233154297
vt 0.436279297 0.228759766
vt 0.397216797 0.220703125
vt 0.475341797 0.233154297
vt 0.436523438 0.220703125
vt 0.397216797 0.215454102
vt 0.474365234 0.228759766
vt 0.504882812 0.233154297
vt 0.436279297 0.215454102
vt 0.397216797 0.20300293
vt 0.473876953 0.220703125
vt 0.504394531 0.228759766
vt 0.535644531 0.233154297
vt 0.436035156 0.20300293
vt 0.397216797 0.188232422
vt 0.473388672 0.215454102
vt 0.502929688 0.220703125
vt 0.533691406 0.228759766
vt 0.564453125 0.233154297
vt 0.435791016 0.188232422
vt 0.397216797 0.180175781
vt 0.471679688 0.20300293
vt 0.501953125 0.215454102
vt 0.532714844 0.220703125
vt 0.562988281 0.228759766
vt 0.592773438 0.233154297
vt 0.435302734 0.180175781
vt 0.397216797 0.16394043
vt 0.469970703 0.188232422
vt 0.499267578 0.20300293
vt 0.532714844 0.215454102
vt 0.561035156 0.220703125
vt 0.592285156 0.228759766
vt 0.618164062 0.233154297
vt 0.435058594 0.163696289
vt 0.397216797 0.145263672
vt 0.434326172 0.143554688
vt 0.397216797 0.128540039
vt 0.618164062 0.228759766
vt 0.642578125 0.233154297
vt 0.591796875 0.220703125
vt 0.560058594 0.215454102
vt 0.468017578 0.180175781
vt 0.642089844 0.228759766
vt 0.668457031 0.233154297
vt 0.6171875 0.220703125
vt 0.668457031 0.228759766
vt 0.693847656 0.233154297
vt 0.529785156 0.20300293
vt 0.496826172 0.188232422
vt 0.590820312 0.215454102
vt 0.642089844 0.220703125
vt 0.694824219 0.228759766
vt 0.717773438 0.233154297
vt 0.557617188 0.20300293
vt 0.527832031 0.188232422
vt 0.6171875 0.215454102
vt 0.668945312 0.220703125
vt 0.71875 0.228759766
vt 0.743164062 0.233154297
vt 0.588867188 0.20300293
vt 0.642089844 0.215454102
vt 0.695800781 0.220703125
vt 0.744628906 0.228759766
vt 0.778808594 0.233154297
vt 0.555175781 0.188232422
vt 0.616210938 0.20300293
vt 0.668945312 0.215454102
vt 0.720703125 0.220703125
vt 0.778808594 0.228759766
vt 0.818847656 0.233154297
vt 0.586914062 0.188232422
vt 0.642089844 0.20300293
vt 0.696289062 0.215454102
vt 0.747070312 0.220703125
vt 0.818847656 0.228759766
vt 0.858886719 0.233154297
vt 0.669433594 0.20300293
vt 0.642578125 0.188232422
vt 0.721191406 0.215454102
vt 0.782714844 0.220703125
vt 0.859375 0.228759766
vt 0.889648438 0.233154297
vt 0.748535156 0.215454102
vt 0.723144531 0.20300293
vt 0.696777344 0.20300293
vt 0.818847656 0.220703125
vt 0.889160156 0.228759766
vt 0.923828125 0.233154297
vt 0.783691406 0.215454102
vt 0.669921875 0.188232422
vt 0.857910156 0.220703125
vt 0.923339844 0.228759766
vt 0.959472656 0.233154297
vt 0.959472656 0.228759766
vt 0.888183594 0.220703125
vt 0.922851562 0.220703125
vt 0.959472656 0.220703125
vt 0.818847656 0.215454102
vt 0.857910156 0.215454102
vt 0.922851562 0.215454102
vt 0.959472656 0.215454102
vt 0.887695312 0.215454102
vt 0.922363281 0.20300293
vt 0.959472656 0.20300293
vt 0.887207031 0.20300293
vt 0.857910156 0.20300293
vt 0.820800781 0.20300293
vt 0.787109375 0.20300293
vt 0.921875 0.188232422
vt 0.959472656 0.188232422
vt 0.887207031 0.188232422
vt 0.858398438 0.188232422
vt 0.822753906 0.188232422
vt 0.921875 0.180175781
vt 0.959472656 0.180175781
vt 0.888671875 0.180175781
vt 0.857910156 0.180175781
vt 0.921386719 0.163696289
vt 0.959472656 0.16394043
vt 0.887207031 0.164672852
vt 0.920898438 0.143676758
vt 0.959472656 0.145263672
vt 0.790527344 0.188232422
vt 0.825195312 0.180175781
vt 0.857910156 0.165527344
vt 0.886230469 0.146362305
vt 0.932617188 0.125610352
vt 0.959472656 0.128540039
vt 0.963378906 0.10723877
vt 0.791992188 0.180175781
vt 0.826660156 0.166137695
vt 0.857910156 0.148803711
vt 0.951171875 0.100769043
vt 0.977050781 0.0889892578
vt 0.792480469 0.167602539
vt 0.826171875 0.150512695
vt 0.793457031 0.152709961
vt 0.857421875 0.131347656
vt 0.827636719 0.133178711
vt 0.794433594 0.134887695
vt 0.882324219 0.127563477
vt 0.906738281 0.118896484
vt 0.924804688 0.105102539
vt 0.760742188 0.153808594
vt 0.763671875 0.137329102
vt 0.759277344 0.167724609
vt 0.756835938 0.180175781
vt 0.754882812 0.188232422
vt 0.751953125 0.20300293
vt 0.724609375 0.188232422
vt 0.726074219 0.180175781
vt 0.728027344 0.16796875
vt 0.729980469 0.153564453
vt 0.696777344 0.188232422
vt 0.697753906 0.180175781
vt 0.69921875 0.167114258
vt 0.669921875 0.180175781
vt 0.734375 0.137329102
vt 0.702148438 0.151000977
vt 0.670410156 0.167358398
vt 0.642578125 0.180175781
vt 0.670898438 0.153564453
vt 0.642089844 0.167480469
vt 0.640136719 0.151611328
vt 0.613769531 0.168579102
vt 0.615234375 0.180175781
vt 0.711425781 0.13269043
vt 0.615722656 0.188232422
vt 0.585449219 0.180175781
vt 0.583984375 0.168212891
vt 0.553710938 0.180175781
vt 0.553710938 0.16796875
vt 0.524902344 0.180175781
vt 0.522949219 0.166381836
vt 0.496337891 0.180175781
vt 0.494873047 0.165649414
vt 0.468017578 0.164794922
vt 0.467529297 0.146606445
vt 0.494384766 0.149291992
vt 0.522949219 0.151245117
vt 0.470703125 0.127929688
vt 0.553222656 0.153686523
vt 0.494140625 0.132202148
vt 0.583496094 0.155029297
vt 0.521484375 0.134277344
vt 0.612792969 0.154663086
vt 0.552246094 0.136474609
vt 0.581054688 0.139038086
vt 0.608886719 0.139038086
vt 0.495117188 0.108459473
vt 0.522460938 0.112121582
vt 0.55078125 0.113891602
vt 0.579101562 0.116516113
vt 0.475097656 0.103881836
vt 0.499023438 0.087890625
vt 0.523925781 0.0903930664
vt 0.550292969 0.0926513672
vt 0.482177734 0.0834350586
vt 0.603515625 0.1171875
vt 0.578125 0.0954589844
vt 0.631347656 0.134033203
vt 0.456542969 0.0972900391
vt 0.465576172 0.0762329102
vt 0.447265625 0.118835449
vt 0.422119141 0.124755859
vt 0.403320312 0.100341797
vt 0.391113281 0.107055664
vt 0.3828125 0.0829467773
vt 0.376953125 0.0883789062
vt 0.363769531 0.0755615234
vt 0.367919922 0.0698852539
vt 0.377929688 0.0576782227
vt 0.394042969 0.0708007812
vt 0.389404297 0.0434570312
vt 0.411621094 0.0872192383
vt 0.405273438 0.0562133789
vt 0.401123047 0.0276947021
vt 0.429199219 0.104614258
vt 0.421142578 0.0706787109
vt 0.416259766 0.0396118164
vt 0.411621094 0.0141601562
vt 0.439941406 0.0850219727
vt 0.431884766 0.0525512695
vt 0.448242188 0.064453125
vt 0.428466797 0.0250549316
vt 0.444091797 0.0351867676
vt 0.458740234 0.0475769043
vt 0.429931641 0.0126495361
vt 0.417724609 0.00672531128
vt 0.419677734 0.00473403931
vt 0.430664062 0.0105895996
vt 0.444335938 0.0160369873
vt 0.445800781 0.0146636963
vt 0.449951172 0.0293579102
vt 0.451660156 0.0276641846
vt 0.459228516 0.0370178223
vt 0.460205078 0.0345458984
vt 0.473632812 0.0580749512
vt 0.470214844 0.0456542969
vt 0.474853516 0.0377502441
vt 0.475585938 0.0356750488
vt 0.48046875 0.0454711914
vt 0.482177734 0.0430297852
vt 0.487304688 0.0643310547
vt 0.491943359 0.0525817871
vt 0.493408203 0.0501708984
vt 0.502441406 0.0680541992
vt 0.50390625 0.0565795898
vt 0.504882812 0.0534973145
vt 0.513183594 0.0565490723
vt 0.512207031 0.0529785156
vt 0.523925781 0.0722045898
vt 0.522949219 0.0485534668
vt 0.522460938 0.0460205078
vt 0.522949219 0.059173584
vt 0.534179688 0.0477905273
vt 0.534179688 0.0449523926
vt 0.536132812 0.0601501465
vt 0.549804688 0.0483703613
vt 0.551269531 0.0462341309
vt 0.553222656 0.0566711426
vt 0.555664062 0.0553588867
vt 0.547851562 0.0740966797
vt 0.557128906 0.0673217773
vt 0.559570312 0.0648803711
vt 0.562988281 0.0759887695
vt 0.5625 0.0700073242
vt 0.562988281 0.0668334961
vt 0.578125 0.0758666992
vt 0.568359375 0.0674438477
vt 0.567382812 0.0648193359
vt 0.573730469 0.0611877441
vt 0.571777344 0.058380127
vt 0.578613281 0.0612792969
vt 0.580078125 0.0513916016
vt 0.578613281 0.0489807129
vt 0.5859375 0.0463562012
vt 0.600585938 0.0956420898
vt 0.586914062 0.0491638184
vt 0.598632812 0.076171875
vt 0.623535156 0.11340332
vt 0.59375 0.0482177734
vt 0.594238281 0.0460205078
vt 0.597167969 0.0516662598
vt 0.598632812 0.0498657227
vt 0.59765625 0.0610656738
vt 0.602050781 0.0551147461
vt 0.603515625 0.0523376465
vt 0.609863281 0.0573425293
vt 0.609375 0.0539855957
vt 0.616699219 0.0532836914
vt 0.616210938 0.0501708984
vt 0.617675781 0.0718994141
vt 0.631347656 0.0440063477
vt 0.630371094 0.0415039062
vt 0.632324219 0.0650634766
vt 0.6484375 0.0386047363
vt 0.6484375 0.0365905762
vt 0.619628906 0.0914306641
vt 0.662597656 0.041809082
vt 0.662597656 0.0391235352
vt 0.647949219 0.057800293
vt 0.663085938 0.0512390137
vt 0.664550781 0.0685424805
vt 0.649414062 0.0764770508
vt 0.665527344 0.0850219727
vt 0.634765625 0.0848999023
vt 0.651855469 0.0957641602
vt 0.667480469 0.0985107422
vt 0.637695312 0.10559082
vt 0.657714844 0.112915039
vt 0.645019531 0.125854492
vt 0.656738281 0.139770508
vt 0.665527344 0.122192383
vt 0.668945312 0.10760498
vt 0.670898438 0.110473633
vt 0.670898438 0.123779297
vt 0.672851562 0.108154297
vt 0.671386719 0.142456055
vt 0.67578125 0.122009277
vt 0.686035156 0.139282227
vt 0.697265625 0.12487793
vt 0.684082031 0.112487793
vt 0.674316406 0.0996704102
vt 0.674804688 0.0860595703
vt 0.689941406 0.0950927734
vt 0.676757812 0.0686645508
vt 0.704589844 0.104248047
vt 0.692382812 0.0757446289
vt 0.677734375 0.0513916016
vt 0.719238281 0.11151123
vt 0.707519531 0.0834960938
vt 0.693359375 0.0570983887
vt 0.677734375 0.0419921875
vt 0.740234375 0.114868164
vt 0.723144531 0.0894165039
vt 0.765625 0.113952637
vt 0.691894531 0.0379943848
vt 0.677734375 0.039276123
vt 0.69140625 0.0359802246
vt 0.709472656 0.0425415039
vt 0.709960938 0.0399780273
vt 0.709472656 0.0635986328
vt 0.725097656 0.0511779785
vt 0.725585938 0.048034668
vt 0.743164062 0.0932006836
vt 0.725097656 0.0698242188
vt 0.732910156 0.0550231934
vt 0.732910156 0.0516357422
vt 0.745117188 0.0736083984
vt 0.767089844 0.0927734375
vt 0.740722656 0.0526733398
vt 0.739746094 0.0499267578
vt 0.74609375 0.0585327148
vt 0.746582031 0.0491333008
vt 0.744628906 0.0473632812
vt 0.75 0.0456237793
vt 0.749023438 0.0434570312
vt 0.757324219 0.0436401367
vt 0.756835938 0.0464782715
vt 0.765625 0.0584411621
vt 0.763671875 0.0485534668
vt 0.765625 0.0461120605
vt 0.770996094 0.0582580566
vt 0.772949219 0.0553588867
vt 0.766601562 0.073059082
vt 0.776855469 0.064453125
vt 0.778320312 0.0618286133
vt 0.783691406 0.0731811523
vt 0.783691406 0.0670776367
vt 0.800292969 0.0716552734
vt 0.783203125 0.0639648438
vt 0.790527344 0.0645751953
vt 0.788085938 0.0620117188
vt 0.795410156 0.0540161133
vt 0.79296875 0.0526123047
vt 0.797363281 0.0902099609
vt 0.799316406 0.0458068848
vt 0.797851562 0.0436401367
vt 0.812988281 0.0579223633
vt 0.815429688 0.0455932617
vt 0.815429688 0.0427856445
vt 0.827148438 0.0466308594
vt 0.827636719 0.0440979004
vt 0.826660156 0.057220459
vt 0.837890625 0.0548095703
vt 0.838867188 0.0512695312
vt 0.825683594 0.0703125
vt 0.84765625 0.0550537109
vt 0.846679688 0.051940918
vt 0.825195312 0.0885620117
vt 0.848632812 0.0666503906
vt 0.860351562 0.0513916016
vt 0.858886719 0.0489196777
vt 0.8515625 0.0866699219
vt 0.864746094 0.0633544922
vt 0.873046875 0.0446777344
vt 0.87109375 0.0421142578
vt 0.869628906 0.0827026367
vt 0.87890625 0.0575256348
vt 0.87890625 0.0370788574
vt 0.878417969 0.0350036621
vt 0.883300781 0.0451965332
vt 0.895019531 0.0368347168
vt 0.894042969 0.0343322754
vt 0.887207031 0.0759277344
vt 0.89453125 0.047454834
vt 0.904296875 0.0293579102
vt 0.902832031 0.0276031494
vt 0.904785156 0.0645751953
vt 0.91015625 0.0353393555
vt 0.91015625 0.01612854
vt 0.909179688 0.0147171021
vt 0.926269531 0.0255279541
vt 0.924804688 0.0130767822
vt 0.924316406 0.0109939575
vt 0.9375 0.00843048096
vt 0.934570312 0.00617980957
vt 0.942871094 0.0147476196
vt 0.953125 0.0286407471
vt 0.937988281 0.0402526855
vt 0.964355469 0.0444030762
vt 0.921875 0.0529785156
vt 0.948730469 0.0569458008
vt 0.976074219 0.0587768555
vt 0.932617188 0.0712280273
vt 0.959960938 0.0715332031
vt 0.986328125 0.0707397461
vt 0.913574219 0.0852661133
vt 0.942382812 0.0877685547
vt 0.971191406 0.0836181641
vt 0.990722656 0.076171875
vt 0.896484375 0.0971679688
vt 0.876953125 0.10333252
vt 0.855957031 0.107421875
vt 0.826660156 0.110351562
vt 0.796386719 0.111572266
vt 0.220336914 0.661621094
vt 0.225952148 0.658691406
vt 0.216186523 0.661621094
vt 0.21081543 0.657226562
vt 0.211914062 0.66015625
vt 0.217895508 0.653320312
vt 0.208740234 0.653808594
vt 0.231445312 0.650878906
vt 0.208129883 0.643554688
vt 0.205932617 0.648925781
vt 0.230957031 0.65625
vt 0.234741211 0.654296875
vt 0.201171875 0.645019531
vt 0.239868164 0.652832031
vt 0.208129883 0.623046875
vt 0.245361328 0.641113281
vt 0.207275391 0.616699219
vt 0.197509766 0.633789062
vt 0.19934082 0.621582031
vt 0.221801758 0.609863281
vt 0.2578125 0.632324219
vt 0.246826172 0.654296875
vt 0.250244141 0.62890625
vt 0.226196289 0.603027344
vt 0.211425781 0.610351562
vt 0.217285156 0.602539062
vt 0.238525391 0.610351562
vt 0.234741211 0.602050781
vt 0.250244141 0.607421875
vt 0.245849609 0.602050781
vt 0.247924805 0.619140625
vt 0.255615234 0.616699219
vt 0.257568359 0.625976562
vt 0.258300781 0.646972656
vt 0.260253906 0.639648438
vt 0.251953125 0.655761719
vt 0.125 0.635253906
vt 0.123535156 0.645996094
vt 0.128051758 0.648925781
vt 0.135620117 0.625
vt 0.128662109 0.62890625
vt 0.134155273 0.652832031
vt 0.138305664 0.640136719
vt 0.143432617 0.627929688
vt 0.140136719 0.620605469
vt 0.151855469 0.622558594
vt 0.148193359 0.615234375
vt 0.141723633 0.656738281
vt 0.164306641 0.622558594
vt 0.137084961 0.657226562
vt 0.138671875 0.661132812
vt 0.140869141 0.666015625
vt 0.158081055 0.612304688
vt 0.151000977 0.66796875
vt 0.172607422 0.619140625
vt 0.164794922 0.611328125
vt 0.176147461 0.633789062
vt 0.177856445 0.625488281
vt 0.182739258 0.647949219
vt 0.177978516 0.65234375
vt 0.165161133 0.66796875
vt 0.18371582 0.640625
vt 0.184326172 0.630859375
vt 0.169799805 0.673339844
vt 0.17956543 0.666992188
vt 0.185546875 0.656738281
vt 0.163085938 0.673828125
vt 0.157470703 0.674804688
vt 0.153320312 0.67578125
vt 0.146118164 0.674804688
vt 0.142944336 0.672363281
vt 0.150512695 0.677246094
vt 0.43359375 0.24230957
vt 0.396484375 0.237304688
vt 0.396484375 0.24230957
vt 0.434326172 0.237304688
vt 0.474365234 0.24230957
vt 0.473876953 0.237304688
vt 0.504882812 0.24230957
vt 0.50390625 0.237304688
vt 0.537109375 0.24230957
vt 0.535644531 0.237304688
vt 0.565429688 0.24230957
vt 0.563964844 0.237304688
vt 0.59375 0.24230957
vt 0.592285156 0.237304688
vt 0.619140625 0.24230957
vt 0.618164062 0.237304688
vt 0.643066406 0.24230957
vt 0.643066406 0.237304688
vt 0.668457031 0.24230957
vt 0.668457031 0.237304688
vt 0.693359375 0.24230957
vt 0.693359375 0.237304688
vt 0.717773438 0.24230957
vt 0.719238281 0.237304688
vt 0.744628906 0.24230957
vt 0.744140625 0.237304688
vt 0.777832031 0.24230957
vt 0.779296875 0.237304688
vt 0.817871094 0.24230957
vt 0.819335938 0.237304688
vt 0.859863281 0.24230957
vt 0.860351562 0.237304688
vt 0.891113281 0.24230957
vt 0.890625 0.237304688
vt 0.925292969 0.24230957
vt 0.925292969 0.237304688
vt 0.9609375 0.24230957
vt 0.9609375 0.237304688
vt 0.0509643555 0.559082031
vt 0.0463562012 0.551269531
vt 0.0523376465 0.567871094
vt 0.050201416 0.576171875
vt 0.0449523926 0.583496094
vt 0.0373535156 0.588378906
vt 0.0285491943 0.589355469
vt 0.0199127197 0.587402344
vt 0.0127334595 0.58203125
vt 0.00811767578 0.574707031
vt 0.00676345825 0.565917969
vt 0.00888061523 0.557128906
vt 0.0141372681 0.549804688
vt 0.0217437744 0.545410156
vt 0.0305328369 0.543945312
vt 0.0391845703 0.545898438
vt 0.0849609375 0.633300781
vt 0.0647583008 0.638183594
vt 0.0647583008 0.646972656
vt 0.0849609375 0.645507812
vt 0.0647583008 0.657226562
vt 0.107849121 0.643066406
vt 0.107849121 0.628417969
vt 0.107849121 0.655273438
vt 0.0849609375 0.65625
vt 0.107849121 0.663574219
vt 0.0647583008 0.66796875
vt 0.101867676 0.668945312
vt 0.0849609375 0.668457031
vt 0.0647583008 0.684570312
vt 0.0849609375 0.684570312
vt 0.101867676 0.68359375
vt 0.0849609375 0.69921875
vt 0.0647583008 0.69921875
vt 0.107849121 0.687988281
vt 0.107849121 0.698242188
vt 0.0647583008 0.711914062
vt 0.107849121 0.711425781
vt 0.0849609375 0.711914062
vt 0.0647583008 0.72265625
vt 0.107849121 0.72265625
vt 0.0849609375 0.72265625
vt 0.0647583008 0.731445312
vt 0.107849121 0.731445312
vt 0.0849609375 0.731933594
vt 0.0647583008 0.739746094
vt 0.107849121 0.740722656
vt 0.0849609375 0.740722656
vt 0.0647583008 0.750488281
vt 0.107849121 0.751464844
vt 0.0849609375 0.750488281
vt 0.107849121 0.758300781
vt 0.0647583008 0.761230469
vt 0.101867676 0.76171875
vt 0.0849609375 0.761230469
vt 0.0647583008 0.773925781
vt 0.0849609375 0.773925781
vt 0.101867676 0.773925781
vt 0.0849609375 0.786621094
vt 0.0647583008 0.786621094
vt 0.107849121 0.777832031
vt 0.107849121 0.78515625
vt 0.0647583008 0.795410156
vt 0.107849121 0.796386719
vt 0.0849609375 0.795898438
vt 0.0647583008 0.806640625
vt 0.107849121 0.809570312
vt 0.0849609375 0.80859375
vt 0.0647583008 0.817871094
vt 0.107849121 0.823242188
vt 0.0849609375 0.820800781
vt 0.0601501465 0.613769531
vt 0.0681152344 0.621582031
vt 0.0784912109 0.625976562
vt 0.0897216797 0.625976562
vt 0.100219727 0.622070312
vt 0.108154297 0.614257812
vt 0.0570373535 0.606933594
vt 0.111328125 0.606933594
vt 0.0562744141 0.601074219
vt 0.112182617 0.601074219
vt 0.112182617 0.58984375
vt 0.0562744141 0.58984375
vt 0.0570983887 0.583984375
vt 0.111328125 0.583984375
vt 0.108093262 0.576660156
vt 0.0603027344 0.576660156
vt 0.100280762 0.568847656
vt 0.08984375 0.564453125
vt 0.0785522461 0.564453125
vt 0.0682373047 0.568847656
vt 0.807128906 0.693359375
vt 0.807128906 0.708496094
vt 0.80859375 0.708007812
vt 0.805664062 0.693847656
vt 0.805664062 0.692871094
vt 0.7890625 0.708984375
vt 0.785644531 0.692871094
vt 0.785644531 0.693847656
vt 0.787597656 0.708984375
vt 0.784179688 0.693359375
vt 0.780273438 0.694824219
vt 0.781738281 0.708984375
vt 0.779785156 0.708984375
vt 0.779296875 0.694335938
vt 0.782226562 0.691894531
vt 0.758300781 0.691894531
vt 0.778808594 0.6953125
vt 0.759765625 0.694335938
vt 0.759765625 0.6953125
vt 0.756347656 0.708984375
vt 0.754394531 0.708984375
vt 0.758789062 0.694824219
vt 0.756347656 0.692871094
vt 0.750488281 0.708007812
vt 0.806640625 0.745117188
vt 0.811035156 0.745117188
vt 0.805664062 0.727539062
vt 0.802734375 0.729980469
vt 0.805175781 0.745117188
vt 0.801757812 0.729492188
vt 0.803222656 0.725585938
vt 0.78125 0.726074219
vt 0.801269531 0.730957031
vt 0.784179688 0.729003906
vt 0.784667969 0.73046875
vt 0.784179688 0.745117188
vt 0.782226562 0.745117188
vt 0.783203125 0.729980469
vt 0.776855469 0.745117188
vt 0.778808594 0.728027344
vt 0.775390625 0.745117188
vt 0.77734375 0.728515625
vt 0.77734375 0.7265625
vt 0.757324219 0.7265625
vt 0.7578125 0.728515625
vt 0.758300781 0.745117188
vt 0.755859375 0.728027344
vt 0.756347656 0.745117188
vt 0.872558594 0.817382812
vt 0.870605469 0.796386719
vt 0.869140625 0.796386719
vt 0.870605469 0.816894531
vt 0.87109375 0.818847656
vt 0.847167969 0.796386719
vt 0.844726562 0.819335938
vt 0.844726562 0.817871094
vt 0.845703125 0.796386719
vt 0.843261719 0.818359375
vt 0.839355469 0.815917969
vt 0.840332031 0.796386719
vt 0.838378906 0.796386719
vt 0.838378906 0.816894531
vt 0.840820312 0.820800781
vt 0.8125 0.8203125
vt 0.837890625 0.815429688
vt 0.814941406 0.815917969
vt 0.814941406 0.814941406
vt 0.814941406 0.796386719
vt 0.812988281 0.796386719
vt 0.813964844 0.815429688
vt 0.810058594 0.817871094
vt 0.808105469 0.796386719
vt 0.868164062 0.779785156
vt 0.872558594 0.758789062
vt 0.868164062 0.758789062
vt 0.864746094 0.776855469
vt 0.866210938 0.781738281
vt 0.86328125 0.776367188
vt 0.866210938 0.758789062
vt 0.846679688 0.758789062
vt 0.863769531 0.777832031
vt 0.84375 0.779296875
vt 0.846679688 0.774414062
vt 0.846191406 0.775390625
vt 0.845214844 0.774414062
vt 0.844726562 0.758789062
vt 0.841308594 0.77734375
vt 0.839355469 0.758789062
vt 0.83984375 0.776855469
vt 0.837890625 0.758789062
vt 0.83984375 0.778320312
vt 0.819824219 0.758789062
vt 0.819335938 0.777832031
vt 0.819824219 0.778808594
vt 0.817871094 0.777832031
vt 0.818359375 0.758789062
vt 0.825195312 0.706054688
vt 0.827148438 0.691894531
vt 0.822265625 0.691894531
vt 0.828613281 0.703125
vt 0.829101562 0.691894531
vt 0.830078125 0.703613281
vt 0.827148438 0.708496094
vt 0.830566406 0.702148438
vt 0.84765625 0.703613281
vt 0.850585938 0.708007812
vt 0.847167969 0.702148438
vt 0.847167969 0.691894531
vt 0.848632812 0.691894531
vt 0.848632812 0.702148438
vt 0.853515625 0.691894531
vt 0.852539062 0.705566406
vt 0.854980469 0.691894531
vt 0.854492188 0.705078125
vt 0.854003906 0.70703125
vt 0.875488281 0.706542969
vt 0.875 0.705078125
vt 0.873535156 0.692871094
vt 0.876953125 0.705566406
vt 0.875488281 0.692871094
vt 0.355957031 0.951660156
vt 0.358154297 0.950195312
vt 0.358886719 0.948242188
vt 0.356201172 0.938476562
vt 0.358886719 0.94140625
vt 0.358154297 0.939453125
vt 0.348144531 0.951660156
vt 0.347167969 0.937988281
vt 0.334472656 0.952148438
vt 0.333251953 0.938476562
vt 0.321777344 0.952148438
vt 0.3203125 0.938964844
vt 0.314697266 0.951660156
vt 0.312744141 0.939453125
vt 0.312011719 0.951171875
vt 0.311035156 0.94921875
vt 0.310058594 0.941894531
vt 0.310546875 0.939941406
vt 0.355957031 0.951660156
vt 0.358886719 0.948242188
vt 0.358154297 0.950195312
vt 0.356201172 0.938476562
vt 0.358886719 0.94140625
vt 0.358154297 0.939453125
vt 0.348144531 0.951660156
vt 0.347167969 0.937988281
vt 0.334472656 0.952148438
vt 0.333251953 0.938476562
vt 0.321777344 0.952148438
vt 0.3203125 0.938964844
vt 0.314697266 0.951660156
vt 0.312744141 0.939453125
vt 0.312011719 0.951171875
vt 0.311035156 0.94921875
vt 0.310058594 0.941894531
vt 0.310546875 0.939941406
vt 0.0396118164 0.596191406
vt 0.0102005005 0.596191406
vt 0.0102005005 0.606445312
vt 0.0396118164 0.606445312
vt 0.0102005005 0.616210938
vt 0.0396118164 0.616210938
vt 0.0102005005 0.626464844
vt 0.0396118164 0.626464844
vt 0.0102005005 0.63671875
vt 0.0396118164 0.63671875
vt 0.0102005005 0.646484375
vt 0.0396118164 0.646484375
vt 0.0102005005 0.656738281
vt 0.0396118164 0.656738281
vt 0.0102005005 0.666992188
vt 0.0396118164 0.666992188
vt 0.0102005005 0.676757812
vt 0.0396118164 0.676757812
vt 0.0102005005 0.687011719
vt 0.0396118164 0.687011719
vt 0.0102005005 0.697265625
vt 0.0396118164 0.697265625
vt 0.0470581055 0.702148438
vt 0.00993347168 0.702148438
vt 0.00993347168 0.712402344
vt 0.0470581055 0.712402344
vt 0.00993347168 0.722167969
vt 0.0470581055 0.722167969
vt 0.00993347168 0.732421875
vt 0.0470581055 0.732421875
vt 0.00993347168 0.7421875
vt 0.0470581055 0.7421875
vt 0.00993347168 0.752441406
vt 0.0470581055 0.752441406
vt 0.00993347168 0.762207031
vt 0.0470581055 0.762207031
vt 0.00993347168 0.772460938
vt 0.0470581055 0.772460938
vt 0.00993347168 0.782226562
vt 0.0470581055 0.782226562
vt 0.00993347168 0.792480469
vt 0.0470581055 0.792480469
vt 0.00993347168 0.802734375
vt 0.0470275879 0.802734375
vt 0.963867188 0.925292969
vt 0.967285156 0.927246094
vt 0.978027344 0.909179688
vt 0.972167969 0.906738281
vt 0.954101562 0.919921875
vt 0.983886719 0.886230469
vt 0.958984375 0.901855469
vt 0.944335938 0.913085938
vt 0.978027344 0.884765625
vt 0.986328125 0.859863281
vt 0.9453125 0.897460938
vt 0.939941406 0.912597656
vt 0.940429688 0.897460938
vt 0.962402344 0.881835938
vt 0.964355469 0.859375
vt 0.980957031 0.859863281
vt 0.985839844 0.835449219
vt 0.947265625 0.878417969
vt 0.942382812 0.878417969
vt 0.979980469 0.836425781
vt 0.979003906 0.81640625
vt 0.947753906 0.858886719
vt 0.942871094 0.858886719
vt 0.946289062 0.839355469
vt 0.941894531 0.838867188
vt 0.977050781 0.819335938
vt 0.961914062 0.812988281
vt 0.963378906 0.838867188
vt 0.962402344 0.818359375
vt 0.943847656 0.818359375
vt 0.947265625 0.820800781
vt 0.924316406 0.691894531
vt 0.907714844 0.689453125
vt 0.924804688 0.711425781
vt 0.890136719 0.708984375
vt 0.891601562 0.689941406
vt 0.890136719 0.732421875
vt 0.923828125 0.729980469
vt 0.895019531 0.7578125
vt 0.92578125 0.749023438
vt 0.903808594 0.779296875
vt 0.9296875 0.767089844
vt 0.932617188 0.78125
vt 0.914550781 0.797363281
vt 0.9765625 0.689941406
vt 0.959472656 0.689941406
vt 0.979492188 0.706542969
vt 0.944335938 0.710449219
vt 0.942871094 0.692871094
vt 0.981445312 0.726074219
vt 0.947265625 0.730957031
vt 0.98046875 0.74609375
vt 0.947265625 0.748046875
vt 0.975585938 0.768066406
vt 0.944824219 0.762695312
vt 0.942382812 0.773925781
vt 0.966796875 0.787597656
vt 0.958496094 0.798339844
vt 0.94140625 0.783203125
vt 0.892089844 0.915527344
vt 0.899902344 0.927734375
vt 0.903320312 0.924804688
vt 0.896484375 0.913085938
vt 0.912109375 0.919433594
vt 0.890136719 0.894042969
vt 0.884765625 0.895507812
vt 0.909179688 0.908691406
vt 0.923339844 0.912597656
vt 0.88671875 0.873046875
vt 0.881347656 0.873046875
vt 0.904785156 0.892089844
vt 0.886230469 0.853027344
vt 0.880859375 0.853027344
vt 0.903320312 0.873535156
vt 0.888671875 0.833984375
vt 0.883789062 0.832519531
vt 0.903320312 0.85546875
vt 0.891601562 0.818359375
vt 0.889160156 0.815429688
vt 0.905273438 0.836425781
vt 0.906738281 0.817382812
vt 0.907226562 0.8125
vt 0.920898438 0.8203125
vt 0.923828125 0.817382812
vt 0.921875 0.836425781
vt 0.926757812 0.835449219
vt 0.920898438 0.857421875
vt 0.925292969 0.857421875
vt 0.920410156 0.875
vt 0.924804688 0.875
vt 0.921386719 0.890625
vt 0.926269531 0.890625
vt 0.922851562 0.902832031
vt 0.927734375 0.90234375
vt 0.927734375 0.912109375
vt 0.671875 0.647460938
vt 0.69140625 0.663085938
vt 0.672363281 0.663085938
vt 0.689453125 0.647460938
vt 0.700195312 0.630859375
vt 0.671875 0.629882812
vt 0.671386719 0.61328125
vt 0.709472656 0.653808594
vt 0.713867188 0.673339844
vt 0.730957031 0.669433594
vt 0.733398438 0.687011719
vt 0.751953125 0.665039062
vt 0.75390625 0.677734375
vt 0.776367188 0.665527344
vt 0.728027344 0.650878906
vt 0.723632812 0.632324219
vt 0.6953125 0.612304688
vt 0.748535156 0.6484375
vt 0.770996094 0.64453125
vt 0.693359375 0.590820312
vt 0.671386719 0.588867188
vt 0.719726562 0.61328125
vt 0.747070312 0.630859375
vt 0.768066406 0.627441406
vt 0.791992188 0.637695312
vt 0.795410156 0.65234375
vt 0.819335938 0.634277344
vt 0.791015625 0.62109375
vt 0.743652344 0.613769531
vt 0.820800781 0.61328125
vt 0.767578125 0.612792969
vt 0.790527344 0.599609375
vt 0.84765625 0.609863281
vt 0.846191406 0.625
vt 0.766113281 0.59765625
vt 0.740234375 0.596679688
vt 0.819824219 0.600097656
vt 0.791015625 0.575683594
vt 0.869628906 0.621582031
vt 0.869628906 0.632324219
vt 0.889160156 0.622070312
vt 0.890136719 0.647949219
vt 0.872070312 0.604980469
vt 0.718261719 0.594726562
vt 0.763671875 0.572265625
vt 0.740234375 0.570800781
vt 0.715820312 0.567871094
vt 0.907226562 0.647460938
vt 0.907226562 0.665527344
vt 0.84765625 0.595214844
vt 0.6953125 0.564941406
vt 0.671386719 0.561523438
vt 0.672363281 0.534179688
vt 0.696777344 0.538085938
vt 0.718261719 0.541992188
vt 0.697265625 0.512207031
vt 0.673828125 0.510253906
vt 0.721679688 0.514160156
vt 0.740722656 0.544921875
vt 0.698730469 0.4921875
vt 0.674804688 0.491699219
vt 0.723632812 0.492431641
vt 0.725097656 0.473876953
vt 0.698242188 0.475830078
vt 0.675292969 0.476806641
vt 0.743652344 0.518554688
vt 0.767089844 0.520019531
vt 0.765625 0.548339844
vt 0.745117188 0.493164062
vt 0.791503906 0.548828125
vt 0.692382812 0.457275391
vt 0.711914062 0.454833984
vt 0.689453125 0.435791016
vt 0.670898438 0.460693359
vt 0.643554688 0.467041016
vt 0.66796875 0.4453125
vt 0.643554688 0.447265625
vt 0.639648438 0.428955078
vt 0.626953125 0.470214844
vt 0.624023438 0.451660156
vt 0.608886719 0.470703125
vt 0.665527344 0.424316406
vt 0.606445312 0.455322266
vt 0.62109375 0.435791016
vt 0.592773438 0.458251953
vt 0.594238281 0.472167969
vt 0.582519531 0.473144531
vt 0.579589844 0.461425781
vt 0.565429688 0.475830078
vt 0.588378906 0.443115234
vt 0.601074219 0.437744141
vt 0.62109375 0.422851562
vt 0.604003906 0.418945312
vt 0.619140625 0.410400391
vt 0.637695312 0.414550781
vt 0.582519531 0.428710938
vt 0.591308594 0.423095703
vt 0.592285156 0.417236328
vt 0.576171875 0.447021484
vt 0.570800781 0.434814453
vt 0.556640625 0.440185547
vt 0.603515625 0.408203125
vt 0.58984375 0.409667969
vt 0.561035156 0.451904297
vt 0.541503906 0.446289062
vt 0.602050781 0.396972656
vt 0.588378906 0.398681641
vt 0.587402344 0.385253906
vt 0.619140625 0.397705078
vt 0.563476562 0.464599609
vt 0.546875 0.457275391
vt 0.533203125 0.452636719
vt 0.53515625 0.461425781
vt 0.540527344 0.469726562
vt 0.55078125 0.466308594
vt 0.549804688 0.474609375
vt 0.601074219 0.383544922
vt 0.599121094 0.375488281
vt 0.585449219 0.377197266
vt 0.58203125 0.360595703
vt 0.6171875 0.377441406
vt 0.614746094 0.371337891
vt 0.595703125 0.358642578
vt 0.612304688 0.355712891
vt 0.611328125 0.351318359
vt 0.595214844 0.354003906
vt 0.581054688 0.355957031
vt 0.578125 0.334716797
vt 0.592285156 0.334472656
vt 0.606933594 0.33203125
vt 0.577148438 0.322021484
vt 0.604003906 0.319091797
vt 0.590820312 0.321777344
vt 0.581054688 0.313720703
vt 0.599121094 0.311767578
vt 0.590332031 0.311035156
vt 0.671875 0.647460938
vt 0.672363281 0.663085938
vt 0.69140625 0.663085938
vt 0.689453125 0.647460938
vt 0.700195312 0.630859375
vt 0.671875 0.629882812
vt 0.671386719 0.61328125
vt 0.709472656 0.653808594
vt 0.713867188 0.673339844
vt 0.730957031 0.669433594
vt 0.733398438 0.687011719
vt 0.751953125 0.665039062
vt 0.75390625 0.677734375
vt 0.776367188 0.665527344
vt 0.728027344 0.650878906
vt 0.723632812 0.632324219
vt 0.6953125 0.612304688
vt 0.748535156 0.6484375
vt 0.770996094 0.64453125
vt 0.693359375 0.590820312
vt 0.671386719 0.588867188
vt 0.719726562 0.61328125
vt 0.747070312 0.630859375
vt 0.768066406 0.627441406
vt 0.791992188 0.637695312
vt 0.795410156 0.65234375
vt 0.819335938 0.634277344
vt 0.791015625 0.62109375
vt 0.743652344 0.613769531
vt 0.820800781 0.61328125
vt 0.767578125 0.612792969
vt 0.790527344 0.599609375
vt 0.84765625 0.609863281
vt 0.846191406 0.625
vt 0.766113281 0.59765625
vt 0.740234375 0.596679688
vt 0.819824219 0.600097656
vt 0.791015625 0.575683594
vt 0.869628906 0.621582031
vt 0.869628906 0.632324219
vt 0.889160156 0.622070312
vt 0.890136719 0.647949219
vt 0.872070312 0.604980469
vt 0.718261719 0.594726562
vt 0.763671875 0.572265625
vt 0.740234375 0.570800781
vt 0.715820312 0.567871094
vt 0.907226562 0.647460938
vt 0.907226562 0.665527344
vt 0.84765625 0.595214844
vt 0.6953125 0.564941406
vt 0.671386719 0.561523438
vt 0.672363281 0.534179688
vt 0.696777344 0.538085938
vt 0.718261719 0.541992188
vt 0.697265625 0.512207031
vt 0.673828125 0.510253906
vt 0.721679688 0.514160156
vt 0.740722656 0.544921875
vt 0.698730469 0.4921875
vt 0.674804688 0.491699219
vt 0.723632812 0.492431641
vt 0.725097656 0.473876953
vt 0.698242188 0.475830078
vt 0.675292969 0.476806641
vt 0.743652344 0.518554688
vt 0.767089844 0.520019531
vt 0.765625 0.548339844
vt 0.745117188 0.493164062
vt 0.791503906 0.548828125
vt 0.692382812 0.457275391
vt 0.711914062 0.454833984
vt 0.689453125 0.435791016
vt 0.670898438 0.460693359
vt 0.643554688 0.467041016
vt 0.66796875 0.4453125
vt 0.643554688 0.447265625
vt 0.639648438 0.428955078
vt 0.626953125 0.470214844
vt 0.624023438 0.451660156
vt 0.608886719 0.470703125
vt 0.665527344 0.424316406
vt 0.606445312 0.455322266
vt 0.62109375 0.435791016
vt 0.592773438 0.458251953
vt 0.594238281 0.472167969
vt 0.582519531 0.473144531
vt 0.579589844 0.461425781
vt 0.565429688 0.475830078
vt 0.588378906 0.443115234
vt 0.601074219 0.437744141
vt 0.62109375 0.422851562
vt 0.604003906 0.418945312
vt 0.619140625 0.410400391
vt 0.637695312 0.414550781
vt 0.582519531 0.428710938
vt 0.591308594 0.423095703
vt 0.592285156 0.417236328
vt 0.576171875 0.447021484
vt 0.570800781 0.434814453
vt 0.556640625 0.440185547
vt 0.603515625 0.408203125
vt 0.58984375 0.409667969
vt 0.561035156 0.451904297
vt 0.541503906 0.446289062
vt 0.602050781 0.396972656
vt 0.588378906 0.398681641
vt 0.587402344 0.385253906
vt 0.619140625 0.397705078
vt 0.563476562 0.464599609
vt 0.546875 0.457275391
vt 0.533203125 0.452636719
vt 0.53515625 0.461425781
vt 0.540527344 0.469726562
vt 0.55078125 0.466308594
vt 0.549804688 0.474609375
vt 0.635742188 0.398681641
vt 0.654785156 0.400390625
vt 0.674804688 0.406005859
vt 0.6171875 0.377441406
vt 0.633789062 0.379638672
vt 0.601074219 0.383544922
vt 0.599121094 0.375488281
vt 0.585449219 0.377197266
vt 0.58203125 0.360595703
vt 0.614746094 0.371337891
vt 0.595703125 0.358642578
vt 0.612304688 0.355712891
vt 0.611328125 0.351318359
vt 0.595214844 0.354003906
vt 0.581054688 0.355957031
vt 0.578125 0.334716797
vt 0.592285156 0.334472656
vt 0.606933594 0.33203125
vt 0.577148438 0.322021484
vt 0.604003906 0.319091797
vt 0.590820312 0.321777344
vt 0.581054688 0.313720703
vt 0.599121094 0.311767578
vt 0.590332031 0.311035156
vt 0.021774292 0.483642578
vt 0.00742340088 0.48828125
vt 0.0196075439 0.5
vt 0.0259399414 0.495605469
vt 0.0309448242 0.508300781
vt 0.0345153809 0.504394531
vt 0.0450134277 0.511230469
vt 0.03125 0.494384766
vt 0.0457458496 0.507324219
vt 0.0372314453 0.501953125
vt 0.0579528809 0.505859375
vt 0.0571594238 0.509277344
vt 0.0667114258 0.502929688
vt 0.0477600098 0.504394531
vt 0.0596923828 0.497558594
vt 0.0774536133 0.487548828
vt 0.0521240234 0.498779297
vt 0.0397644043 0.499267578
vt 0.0364990234 0.492431641
vt 0.0445251465 0.495117188
vt 0.0411071777 0.490722656
vt 0.0475769043 0.491699219
vt 0.053527832 0.493896484
vt 0.0353393555 0.486083984
vt 0.0398254395 0.485595703
vt 0.0427246094 0.485107422
vt 0.0286712646 0.485839844
vt 0.0301208496 0.476806641
vt 0.0363464355 0.478515625
vt 0.0332336426 0.469482422
vt 0.0264129639 0.46875
vt 0.0406188965 0.479736328
vt 0.0387573242 0.472900391
vt 0.0388183594 0.463134766
vt 0.0346374512 0.458251953
vt 0.0425109863 0.474121094
vt 0.0426940918 0.467041016
vt 0.0468444824 0.45703125
vt 0.043548584 0.452880859
vt 0.0528564453 0.450195312
vt 0.0603637695 0.454833984
vt 0.0631103516 0.422119141
vt 0.0495910645 0.460693359
vt 0.0466003418 0.468994141
vt 0.0495300293 0.475341797
vt 0.047668457 0.480957031
vt 0.0490112305 0.486572266
vt 0.0551452637 0.480957031
vt 0.0534667969 0.488769531
vt 0.0545654297 0.471191406
vt 0.052520752 0.464599609
vt 0.0640869141 0.463623047
vt 0.0582275391 0.4921875
vt 0.0579223633 0.487792969
vt 0.0622558594 0.481689453
vt 0.0656738281 0.489746094
vt 0.061706543 0.487548828
vt 0.0661621094 0.481933594
vt 0.0629882812 0.471435547
vt 0.0775146484 0.475097656
vt 0.0914306641 0.493408203
vt 0.0805053711 0.461181641
vt 0.0958251953 0.467285156
vt 0.10760498 0.498535156
vt 0.0936889648 0.509277344
vt 0.0875854492 0.4375
vt 0.108276367 0.512695312
vt 0.0994873047 0.521484375
vt 0.110107422 0.534667969
vt 0.0720825195 0.428222656
vt 0.0833129883 0.405517578
vt 0.0772705078 0.394287109
vt 0.0906982422 0.3828125
vt 0.0978393555 0.410888672
vt 0.0964355469 0.400634766
vt 0.109619141 0.372314453
vt 0.117736816 0.515136719
vt 0.100036621 0.449462891
vt 0.115844727 0.474609375
vt 0.113830566 0.398681641
vt 0.113647461 0.412597656
vt 0.108459473 0.436279297
vt 0.114379883 0.458984375
vt 0.134887695 0.382324219
vt 0.133300781 0.363769531
vt 0.159179688 0.383056641
vt 0.158813477 0.359619141
vt 0.183227539 0.358154297
vt 0.125244141 0.495849609
vt 0.132324219 0.481933594
vt 0.143920898 0.500488281
vt 0.120666504 0.509277344
vt 0.130126953 0.504394531
vt 0.133911133 0.3984375
vt 0.150756836 0.399902344
vt 0.130859375 0.414306641
vt 0.148803711 0.407470703
vt 0.16003418 0.401123047
vt 0.127319336 0.515136719
vt 0.133911133 0.509277344
vt 0.140136719 0.505371094
vt 0.121826172 0.523925781
vt 0.137329102 0.512207031
vt 0.141845703 0.508300781
vt 0.133300781 0.518554688
vt 0.131103516 0.534179688
vt 0.137329102 0.525878906
vt 0.137329102 0.518554688
vt 0.128173828 0.54296875
vt 0.110168457 0.55078125
vt 0.127319336 0.555175781
vt 0.110839844 0.564941406
vt 0.114562988 0.570800781
vt 0.124206543 0.572265625
vt 0.139770508 0.544921875
vt 0.139648438 0.556640625
vt 0.154663086 0.545410156
vt 0.137451172 0.572265625
vt 0.140258789 0.534667969
vt 0.153320312 0.529296875
vt 0.154052734 0.558105469
vt 0.169189453 0.559082031
vt 0.151855469 0.57421875
vt 0.166992188 0.574707031
vt 0.182739258 0.573730469
vt 0.142211914 0.521484375
vt 0.153930664 0.53515625
vt 0.167724609 0.532226562
vt 0.171020508 0.544433594
vt 0.182861328 0.559082031
vt 0.19934082 0.573730469
vt 0.18347168 0.543945312
vt 0.196044922 0.544921875
vt 0.197753906 0.559082031
vt 0.213134766 0.55859375
vt 0.213989258 0.57421875
vt 0.227050781 0.557617188
vt 0.229125977 0.57421875
vt 0.239624023 0.573242188
vt 0.239013672 0.555664062
vt 0.246337891 0.567871094
vt 0.249267578 0.557617188
vt 0.254150391 0.540527344
vt 0.239013672 0.54296875
vt 0.227294922 0.544921875
vt 0.212402344 0.545898438
vt 0.236206055 0.534179688
vt 0.213256836 0.53515625
vt 0.227050781 0.53515625
vt 0.213989258 0.529296875
vt 0.199462891 0.532714844
vt 0.230102539 0.526367188
vt 0.191650391 0.530761719
vt 0.245605469 0.523925781
vt 0.201049805 0.526367188
vt 0.192138672 0.522949219
vt 0.18359375 0.531738281
vt 0.175537109 0.530761719
vt 0.175170898 0.522949219
vt 0.166381836 0.526367188
vt 0.18371582 0.5234375
vt 0.18371582 0.516601562
vt 0.163208008 0.520996094
vt 0.168457031 0.519042969
vt 0.153076172 0.5234375
vt 0.147094727 0.516601562
vt 0.141357422 0.517578125
vt 0.14074707 0.514648438
vt 0.139648438 0.513183594
vt 0.143676758 0.511230469
vt 0.142944336 0.510253906
vt 0.147583008 0.510742188
vt 0.147705078 0.509277344
vt 0.151245117 0.51171875
vt 0.152709961 0.516601562
vt 0.147705078 0.506835938
vt 0.158081055 0.516113281
vt 0.151977539 0.510253906
vt 0.154052734 0.512695312
vt 0.147583008 0.504394531
vt 0.155029297 0.512207031
vt 0.153198242 0.5078125
vt 0.161376953 0.515136719
vt 0.156738281 0.510742188
vt 0.154052734 0.505859375
vt 0.158447266 0.509765625
vt 0.164794922 0.512207031
vt 0.159179688 0.50390625
vt 0.17175293 0.514648438
vt 0.166870117 0.508300781
vt 0.147338867 0.495117188
vt 0.178710938 0.515625
vt 0.174438477 0.509277344
vt 0.170288086 0.509765625
vt 0.170532227 0.507324219
vt 0.174926758 0.50390625
vt 0.179077148 0.509277344
vt 0.165161133 0.504882812
vt 0.166625977 0.500488281
vt 0.170776367 0.503417969
vt 0.171142578 0.497802734
vt 0.176635742 0.49609375
vt 0.162963867 0.491943359
vt 0.149047852 0.476318359
vt 0.1640625 0.480224609
vt 0.130981445 0.468017578
vt 0.143676758 0.457519531
vt 0.131713867 0.450683594
vt 0.154785156 0.463378906
vt 0.122131348 0.440429688
vt 0.11730957 0.428222656
vt 0.131713867 0.431152344
vt 0.126708984 0.443115234
vt 0.123046875 0.438232422
vt 0.133544922 0.448974609
vt 0.14440918 0.453857422
vt 0.130371094 0.444580078
vt 0.155639648 0.461669922
vt 0.15612793 0.459472656
vt 0.127075195 0.441162109
vt 0.130493164 0.443847656
vt 0.133300781 0.440429688
vt 0.135131836 0.444335938
vt 0.149536133 0.450927734
vt 0.166259766 0.466064453
vt 0.166870117 0.463623047
vt 0.165649414 0.468261719
vt 0.132568359 0.436767578
vt 0.151367188 0.446533203
vt 0.159912109 0.454589844
vt 0.176269531 0.468505859
vt 0.176757812 0.465332031
vt 0.17578125 0.471191406
vt 0.151123047 0.439941406
vt 0.162109375 0.448974609
vt 0.171386719 0.457275391
vt 0.18371582 0.468505859
vt 0.18371582 0.465820312
vt 0.176147461 0.482177734
vt 0.18371582 0.470703125
vt 0.161376953 0.444824219
vt 0.172607422 0.450439453
vt 0.183837891 0.457763672
vt 0.191162109 0.468505859
vt 0.190673828 0.465332031
vt 0.191772461 0.471191406
vt 0.183837891 0.482177734
vt 0.183837891 0.451416016
vt 0.196289062 0.457519531
vt 0.172973633 0.446533203
vt 0.201293945 0.466064453
vt 0.200683594 0.463623047
vt 0.183837891 0.495117188
vt 0.19140625 0.482177734
vt 0.191040039 0.49609375
vt 0.201782227 0.468261719
vt 0.212036133 0.461914062
vt 0.211547852 0.459716797
vt 0.223510742 0.454345703
vt 0.183837891 0.502929688
vt 0.203613281 0.480224609
vt 0.212890625 0.463623047
vt 0.224121094 0.457763672
vt 0.21862793 0.476318359
vt 0.235839844 0.449951172
vt 0.234008789 0.448242188
vt 0.17980957 0.503417969
vt 0.183837891 0.504882812
vt 0.1796875 0.505371094
vt 0.204589844 0.491943359
vt 0.236694336 0.467773438
vt 0.240844727 0.442626953
vt 0.237182617 0.443847656
vt 0.236938477 0.442871094
vt 0.18371582 0.509765625
vt 0.188476562 0.509277344
vt 0.245483398 0.439941406
vt 0.244506836 0.437744141
vt 0.240478516 0.440673828
vt 0.232666016 0.444335938
vt 0.234375 0.440429688
vt 0.216430664 0.446777344
vt 0.218261719 0.451171875
vt 0.188720703 0.515625
vt 0.234985352 0.436767578
vt 0.205566406 0.448974609
vt 0.207885742 0.455078125
vt 0.19519043 0.450683594
vt 0.183837891 0.447753906
vt 0.194824219 0.446777344
vt 0.206420898 0.444824219
vt 0.216674805 0.440185547
vt 0.173217773 0.443115234
vt 0.183837891 0.444091797
vt 0.194580078 0.443359375
vt 0.206787109 0.44140625
vt 0.218139648 0.433837891
vt 0.161010742 0.441162109
vt 0.173339844 0.435546875
vt 0.183837891 0.436035156
vt 0.194458008 0.435546875
vt 0.149536133 0.43359375
vt 0.206176758 0.434570312
vt 0.161499023 0.434570312
vt 0.1484375 0.416015625
vt 0.160400391 0.416748047
vt 0.171386719 0.416748047
vt 0.159790039 0.408691406
vt 0.18371582 0.416748047
vt 0.170654297 0.408203125
vt 0.196166992 0.416748047
vt 0.169921875 0.399902344
vt 0.18371582 0.407958984
vt 0.20715332 0.416748047
vt 0.18347168 0.381591797
vt 0.18359375 0.399658203
vt 0.196777344 0.408203125
vt 0.218994141 0.416015625
vt 0.207763672 0.3828125
vt 0.207519531 0.359375
vt 0.197387695 0.399902344
vt 0.207519531 0.408447266
vt 0.207275391 0.401123047
vt 0.231811523 0.381835938
vt 0.233032227 0.363525391
vt 0.256835938 0.371582031
vt 0.218505859 0.407470703
vt 0.216430664 0.399658203
vt 0.253173828 0.398193359
vt 0.275878906 0.381835938
vt 0.233154297 0.398193359
vt 0.236450195 0.4140625
vt 0.270507812 0.399902344
vt 0.269287109 0.41015625
vt 0.289550781 0.393310547
vt 0.253417969 0.412109375
vt 0.235717773 0.430908203
vt 0.25 0.427734375
vt 0.259033203 0.435791016
vt 0.283691406 0.404785156
vt 0.295166016 0.427490234
vt 0.304199219 0.421142578
vt 0.314697266 0.449462891
vt 0.307128906 0.454345703
vt 0.279785156 0.437011719
vt 0.253173828 0.458740234
vt 0.320556641 0.456542969
vt 0.323974609 0.452148438
vt 0.267578125 0.44921875
vt 0.271972656 0.467041016
vt 0.235473633 0.481689453
vt 0.287109375 0.460693359
vt 0.328613281 0.462402344
vt 0.332763672 0.457275391
vt 0.251953125 0.474365234
vt 0.220214844 0.495117188
vt 0.334472656 0.46875
vt 0.341064453 0.467773438
vt 0.337646484 0.475830078
vt 0.345947266 0.482666016
vt 0.324951172 0.466308594
vt 0.328857422 0.472167969
vt 0.331298828 0.477783203
vt 0.332519531 0.485107422
vt 0.325195312 0.473388672
vt 0.339111328 0.484863281
vt 0.336914062 0.493408203
vt 0.317871094 0.460205078
vt 0.315185547 0.464111328
vt 0.327148438 0.479003906
vt 0.342041016 0.494628906
vt 0.360595703 0.492431641
vt 0.350097656 0.501464844
vt 0.333740234 0.503417969
vt 0.338134766 0.508300781
vt 0.321044922 0.468261719
vt 0.303466797 0.463134766
vt 0.290283203 0.474853516
vt 0.3046875 0.471191406
vt 0.312988281 0.470703125
vt 0.318115234 0.474609375
vt 0.320068359 0.480224609
vt 0.312744141 0.48046875
vt 0.305419922 0.481445312
vt 0.301513672 0.481445312
vt 0.277832031 0.493896484
vt 0.292236328 0.487792969
vt 0.260009766 0.498535156
vt 0.302246094 0.489501953
vt 0.308105469 0.497314453
vt 0.301025391 0.501464844
vt 0.306152344 0.487060547
vt 0.310058594 0.487304688
vt 0.309814453 0.491699219
vt 0.314453125 0.48828125
vt 0.318847656 0.486083984
vt 0.314453125 0.493408203
vt 0.325195312 0.484375
vt 0.316162109 0.498291016
vt 0.320556641 0.490966797
vt 0.310302734 0.505371094
vt 0.311523438 0.508789062
vt 0.328125 0.484863281
vt 0.326904297 0.489990234
vt 0.320556641 0.503417969
vt 0.322753906 0.506347656
vt 0.324462891 0.510742188
vt 0.323486328 0.494628906
vt 0.331542969 0.491455078
vt 0.328369141 0.498535156
vt 0.331054688 0.500976562
vt 0.476806641 0.861816406
vt 0.476074219 0.846191406
vt 0.473388672 0.852050781
vt 0.483642578 0.849121094
vt 0.476318359 0.840332031
vt 0.474365234 0.8359375
vt 0.489501953 0.857421875
vt 0.48046875 0.865234375
vt 0.481689453 0.834960938
vt 0.471923828 0.831542969
vt 0.473632812 0.815917969
vt 0.494384766 0.866699219
vt 0.482421875 0.873535156
vt 0.494384766 0.838378906
vt 0.497314453 0.882324219
vt 0.481201172 0.888671875
vt 0.481445312 0.822753906
vt 0.492675781 0.82421875
vt 0.515625 0.839355469
vt 0.500488281 0.849609375
vt 0.506835938 0.859863281
vt 0.480712891 0.809082031
vt 0.472167969 0.799804688
vt 0.491943359 0.80859375
vt 0.475585938 0.7890625
vt 0.512695312 0.873535156
vt 0.510253906 0.82421875
vt 0.468261719 0.790527344
vt 0.465820312 0.792480469
vt 0.461669922 0.781738281
vt 0.457275391 0.786132812
vt 0.451904297 0.771972656
vt 0.447265625 0.781738281
vt 0.467773438 0.77734375
vt 0.487792969 0.787109375
vt 0.506835938 0.806152344
vt 0.439208984 0.772949219
vt 0.438232422 0.78125
vt 0.430664062 0.772949219
vt 0.430664062 0.782226562
vt 0.422851562 0.78125
vt 0.440185547 0.764648438
vt 0.421875 0.772949219
vt 0.4140625 0.781738281
vt 0.409423828 0.771972656
vt 0.404052734 0.786132812
vt 0.420898438 0.764648438
vt 0.399658203 0.781738281
vt 0.395507812 0.792480469
vt 0.430664062 0.761230469
vt 0.405273438 0.764648438
vt 0.415283203 0.7578125
vt 0.396972656 0.749023438
vt 0.430664062 0.751953125
vt 0.393066406 0.790527344
vt 0.388916016 0.799316406
vt 0.393310547 0.77734375
vt 0.385498047 0.7890625
vt 0.380371094 0.80859375
vt 0.387695312 0.815917969
vt 0.373291016 0.787109375
vt 0.446044922 0.7578125
vt 0.455810547 0.765136719
vt 0.381591797 0.767089844
vt 0.379638672 0.822753906
vt 0.389160156 0.831542969
vt 0.446533203 0.745605469
vt 0.479736328 0.767089844
vt 0.379394531 0.834472656
vt 0.386474609 0.835449219
vt 0.384521484 0.840332031
vt 0.377197266 0.849121094
vt 0.384765625 0.846191406
vt 0.387451172 0.852050781
vt 0.382080078 0.858886719
vt 0.37890625 0.864746094
vt 0.366455078 0.837890625
vt 0.464355469 0.749023438
vt 0.368408203 0.82421875
vt 0.369140625 0.80859375
vt 0.371337891 0.856933594
vt 0.360595703 0.849609375
vt 0.366455078 0.866210938
vt 0.377685547 0.873046875
vt 0.363769531 0.881835938
vt 0.379638672 0.888183594
vt 0.366943359 0.893066406
vt 0.384033203 0.900390625
vt 0.371337891 0.905761719
vt 0.356201172 0.912597656
vt 0.3515625 0.898925781
vt 0.338134766 0.921875
vt 0.347412109 0.884765625
vt 0.348144531 0.873535156
vt 0.331787109 0.905761719
vt 0.317382812 0.932128906
vt 0.326904297 0.88671875
vt 0.354003906 0.859863281
vt 0.331298828 0.868164062
vt 0.337646484 0.852539062
vt 0.345458984 0.839355469
vt 0.350585938 0.823730469
vt 0.327880859 0.830566406
vt 0.319824219 0.844238281
vt 0.311523438 0.861328125
vt 0.354003906 0.806152344
vt 0.334716797 0.817871094
vt 0.305908203 0.889160156
vt 0.355224609 0.788085938
vt 0.308105469 0.911621094
vt 0.284179688 0.917480469
vt 0.293212891 0.942871094
vt 0.269042969 0.952148438
vt 0.360839844 0.771484375
vt 0.260498047 0.922851562
vt 0.24597168 0.959960938
vt 0.377441406 0.752441406
vt 0.283203125 0.891601562
vt 0.262695312 0.892089844
vt 0.285644531 0.87109375
vt 0.267089844 0.864257812
vt 0.291992188 0.850585938
vt 0.275146484 0.840820312
vt 0.236572266 0.905761719
vt 0.238037109 0.880859375
vt 0.213623047 0.905273438
vt 0.237548828 0.928710938
vt 0.216064453 0.934082031
vt 0.222045898 0.965820312
vt 0.196044922 0.972167969
vt 0.19152832 0.937011719
vt 0.170654297 0.977539062
vt 0.168701172 0.939453125
vt 0.145629883 0.982421875
vt 0.19140625 0.906738281
vt 0.145019531 0.942382812
vt 0.117675781 0.986328125
vt 0.215332031 0.875
vt 0.192138672 0.884765625
vt 0.168945312 0.87890625
vt 0.167602539 0.908203125
vt 0.14050293 0.907714844
vt 0.116333008 0.942382812
vt 0.0930786133 0.942871094
vt 0.0830688477 0.989257812
vt 0.11505127 0.90234375
vt 0.243896484 0.862792969
vt 0.193359375 0.862792969
vt 0.0762329102 0.947753906
vt 0.0657348633 0.991210938
vt 0.0598144531 0.951171875
vt 0.0465698242 0.918457031
vt 0.0645141602 0.911621094
vt 0.0889892578 0.892578125
vt 0.0461120605 0.888183594
vt 0.0340576172 0.89453125
vt 0.060546875 0.875488281
vt 0.0243225098 0.866699219
vt 0.0150680542 0.874023438
vt 0.0358581543 0.853027344
vt 0.0727539062 0.856445312
vt 0.0485229492 0.836425781
vt 0.0963134766 0.864746094
vt 0.0819091797 0.834472656
vt 0.0661621094 0.82421875
vt 0.106445312 0.835449219
vt 0.119750977 0.868652344
vt 0.132446289 0.833007812
vt 0.143066406 0.872070312
vt 0.151977539 0.838867188
vt 0.140625 0.809082031
vt 0.171875 0.850097656
vt 0.159057617 0.815917969
vt 0.178100586 0.826660156
vt 0.196289062 0.836425781
vt 0.162109375 0.7890625
vt 0.146606445 0.779785156
vt 0.151733398 0.752441406
vt 0.181396484 0.80078125
vt 0.166870117 0.761230469
vt 0.161010742 0.716796875
vt 0.217529297 0.850097656
vt 0.177246094 0.729003906
vt 0.177856445 0.686523438
vt 0.194213867 0.703125
vt 0.205078125 0.670898438
vt 0.194091797 0.742675781
vt 0.185913086 0.772949219
vt 0.19921875 0.810058594
vt 0.219238281 0.823242188
vt 0.237548828 0.8359375
vt 0.204101562 0.784667969
vt 0.213500977 0.762207031
vt 0.222900391 0.798828125
vt 0.251708984 0.846191406
vt 0.241455078 0.814941406
vt 0.231445312 0.778808594
vt 0.259765625 0.828613281
vt 0.250244141 0.794921875
vt 0.284423828 0.822753906
vt 0.268798828 0.811035156
vt 0.263183594 0.778808594
vt 0.247802734 0.760742188
vt 0.301269531 0.833007812
vt 0.27734375 0.796386719
vt 0.309570312 0.8203125
vt 0.293212891 0.808105469
vt 0.317138672 0.80859375
vt 0.304443359 0.796386719
vt 0.290527344 0.781738281
vt 0.278808594 0.766113281
vt 0.308349609 0.770996094
vt 0.3203125 0.784179688
vt 0.331542969 0.794433594
vt 0.266601562 0.748046875
vt 0.299316406 0.754882812
vt 0.342041016 0.802734375
vt 0.339111328 0.775878906
vt 0.331298828 0.762207031
vt 0.354980469 0.755859375
vt 0.325195312 0.744628906
vt 0.349365234 0.738769531
vt 0.313476562 0.71875
vt 0.290283203 0.738769531
vt 0.279785156 0.719238281
vt 0.371337891 0.733398438
vt 0.254638672 0.728027344
vt 0.232421875 0.7421875
vt 0.239379883 0.705566406
vt 0.212524414 0.722167969
vt 0.267822266 0.69921875
vt 0.222900391 0.686523438
vt 0.237060547 0.662109375
vt 0.252685547 0.6796875
vt 0.297607422 0.694824219
vt 0.280761719 0.674316406
vt 0.266601562 0.657226562
vt 0.321289062 0.689941406
vt 0.303466797 0.667480469
vt 0.285888672 0.646972656
vt 0.336425781 0.715332031
vt 0.341796875 0.680664062
vt 0.359619141 0.708007812
vt 0.393310547 0.73046875
vt 0.414550781 0.745605469
vt 0.430664062 0.745117188
vt 0.414306641 0.73046875
vt 0.430664062 0.729492188
vt 0.414550781 0.704101562
vt 0.392089844 0.703613281
vt 0.447021484 0.73046875
vt 0.368164062 0.677734375
vt 0.430664062 0.704101562
vt 0.392822266 0.6796875
vt 0.414794922 0.680664062
vt 0.393310547 0.655761719
vt 0.350830078 0.650878906
vt 0.372314453 0.65234375
vt 0.327148438 0.657226562
vt 0.308349609 0.641601562
vt 0.335693359 0.630371094
vt 0.353027344 0.627929688
vt 0.297851562 0.6171875
vt 0.276367188 0.627441406
vt 0.264648438 0.604492188
vt 0.291748047 0.591796875
vt 0.248291016 0.592285156
vt 0.257568359 0.573730469
vt 0.327636719 0.608886719
vt 0.352783203 0.611328125
vt 0.375244141 0.630859375
vt 0.296386719 0.561523438
vt 0.262451172 0.5546875
vt 0.268310547 0.538085938
vt 0.327636719 0.58984375
vt 0.330810547 0.569335938
vt 0.301025391 0.541503906
vt 0.304443359 0.530273438
vt 0.272705078 0.526855469
vt 0.333984375 0.546386719
vt 0.3359375 0.531738281
vt 0.356445312 0.591796875
vt 0.370117188 0.548339844
vt 0.370117188 0.532714844
vt 0.40234375 0.531738281
vt 0.369384766 0.572265625
vt 0.379394531 0.59375
vt 0.401611328 0.572265625
vt 0.402099609 0.548339844
vt 0.377441406 0.615722656
vt 0.430908203 0.548339844
vt 0.430908203 0.531738281
vt 0.40234375 0.598632812
vt 0.430908203 0.600585938
vt 0.430908203 0.571777344
vt 0.459960938 0.572265625
vt 0.459716797 0.548339844
vt 0.459472656 0.531738281
vt 0.491699219 0.548339844
vt 0.491455078 0.532714844
vt 0.399902344 0.620117188
vt 0.395263672 0.635253906
vt 0.417480469 0.625
vt 0.4140625 0.658691406
vt 0.527832031 0.546386719
vt 0.525878906 0.531738281
vt 0.560546875 0.541992188
vt 0.557128906 0.530273438
vt 0.530761719 0.569335938
vt 0.593261719 0.538574219
vt 0.588867188 0.52734375
vt 0.565429688 0.562011719
vt 0.599121094 0.5546875
vt 0.604003906 0.57421875
vt 0.414794922 0.640625
vt 0.4921875 0.572265625
vt 0.533691406 0.58984375
vt 0.569824219 0.592285156
vt 0.505371094 0.591796875
vt 0.482177734 0.594238281
vt 0.597167969 0.604492188
vt 0.61328125 0.592773438
vt 0.584960938 0.627929688
vt 0.563476562 0.617675781
vt 0.459228516 0.599121094
vt 0.534179688 0.609375
vt 0.553222656 0.641601562
vt 0.575683594 0.646972656
vt 0.525878906 0.630859375
vt 0.534179688 0.657714844
vt 0.461669922 0.620117188
vt 0.444091797 0.625
vt 0.484130859 0.616210938
vt 0.508789062 0.611328125
vt 0.508300781 0.628417969
vt 0.430664062 0.633789062
vt 0.446777344 0.640625
vt 0.430664062 0.642578125
vt 0.466308594 0.635253906
vt 0.486328125 0.630859375
vt 0.510742188 0.650878906
vt 0.430664062 0.658691406
vt 0.447265625 0.658691406
vt 0.468261719 0.65625
vt 0.489257812 0.65234375
vt 0.430664062 0.680175781
vt 0.446533203 0.680664062
vt 0.46875 0.6796875
vt 0.469238281 0.703613281
vt 0.446777344 0.704101562
vt 0.493164062 0.678222656
vt 0.51953125 0.680664062
vt 0.467773438 0.73046875
vt 0.501464844 0.708007812
vt 0.524902344 0.715820312
vt 0.489990234 0.733398438
vt 0.483642578 0.752441406
vt 0.540039062 0.690429688
vt 0.506347656 0.755859375
vt 0.558105469 0.667480469
vt 0.563476562 0.6953125
vt 0.580566406 0.674804688
vt 0.594726562 0.657226562
vt 0.608886719 0.6796875
vt 0.624511719 0.662597656
vt 0.65625 0.671386719
vt 0.51171875 0.739257812
vt 0.500488281 0.771484375
vt 0.529785156 0.762695312
vt 0.536132812 0.745117188
vt 0.505859375 0.788574219
vt 0.521972656 0.775878906
vt 0.638671875 0.686523438
vt 0.68359375 0.687011719
vt 0.547851562 0.719238281
vt 0.552734375 0.771484375
vt 0.666992188 0.703125
vt 0.700195312 0.717285156
vt 0.684082031 0.729492188
vt 0.709472656 0.752929688
vt 0.648925781 0.72265625
vt 0.622070312 0.706054688
vt 0.59375 0.69921875
vt 0.606445312 0.728515625
vt 0.581542969 0.719726562
vt 0.571289062 0.738769531
vt 0.562011719 0.754882812
vt 0.62890625 0.742675781
vt 0.594726562 0.748046875
vt 0.582519531 0.766601562
vt 0.570800781 0.781738281
vt 0.61328125 0.760742188
vt 0.666992188 0.743164062
vt 0.541015625 0.784179688
vt 0.529785156 0.794921875
vt 0.598144531 0.779296875
vt 0.556640625 0.796875
vt 0.583496094 0.796875
vt 0.610839844 0.795410156
vt 0.629882812 0.778808594
vt 0.647949219 0.762695312
vt 0.519042969 0.802734375
vt 0.526367188 0.818359375
vt 0.543945312 0.80859375
vt 0.533203125 0.831054688
vt 0.567871094 0.80859375
vt 0.551757812 0.8203125
vt 0.592285156 0.811523438
vt 0.576660156 0.823242188
vt 0.560058594 0.833496094
vt 0.541015625 0.844726562
vt 0.5859375 0.841308594
vt 0.601074219 0.829101562
vt 0.5234375 0.853027344
vt 0.549804688 0.861816406
vt 0.529785156 0.868652344
vt 0.619628906 0.815429688
vt 0.638183594 0.799316406
vt 0.623535156 0.836425781
vt 0.657226562 0.78515625
vt 0.568847656 0.851074219
vt 0.609375 0.846679688
vt 0.59375 0.864746094
vt 0.575683594 0.871582031
vt 0.642089844 0.823242188
vt 0.6171875 0.86328125
vt 0.675292969 0.7734375
vt 0.694335938 0.76171875
vt 0.6796875 0.801269531
vt 0.69921875 0.789550781
vt 0.714355469 0.780273438
vt 0.720703125 0.809570312
vt 0.702148438 0.81640625
vt 0.728515625 0.833496094
vt 0.662109375 0.810546875
vt 0.683105469 0.827148438
vt 0.665039062 0.836425781
vt 0.643554688 0.850097656
vt 0.645996094 0.875488281
vt 0.66796875 0.86328125
vt 0.688964844 0.850585938
vt 0.708984375 0.839355469
vt 0.691894531 0.879394531
vt 0.718261719 0.872558594
vt 0.623046875 0.881347656
vt 0.668945312 0.885253906
vt 0.647460938 0.905761719
vt 0.598144531 0.892578125
vt 0.669921875 0.907226562
vt 0.693359375 0.908691406
vt 0.741210938 0.869140625
vt 0.754882812 0.8359375
vt 0.624511719 0.90625
vt 0.669433594 0.937011719
vt 0.720703125 0.907714844
vt 0.645019531 0.934082031
vt 0.764648438 0.865234375
vt 0.74609375 0.902832031
vt 0.716308594 0.942382812
vt 0.692382812 0.939941406
vt 0.788574219 0.856933594
vt 0.779296875 0.834960938
vt 0.8125 0.836914062
vt 0.794921875 0.824707031
vt 0.825195312 0.853515625
vt 0.80078125 0.875976562
vt 0.836914062 0.8671875
vt 0.771972656 0.893066406
vt 0.814941406 0.888671875
vt 0.827148438 0.895019531
vt 0.846191406 0.874511719
vt 0.796386719 0.912109375
vt 0.814453125 0.918945312
vt 0.744628906 0.942871094
vt 0.784667969 0.948242188
vt 0.801269531 0.951171875
vt 0.768066406 0.943359375
vt 0.777832031 0.989746094
vt 0.795410156 0.991699219
vt 0.743652344 0.986328125
vt 0.715332031 0.982910156
vt 0.690429688 0.978027344
vt 0.665039062 0.97265625
vt 0.639160156 0.966308594
vt 0.623535156 0.929199219
vt 0.615234375 0.959960938
vt 0.591796875 0.952148438
vt 0.600585938 0.923339844
vt 0.567871094 0.942871094
vt 0.576660156 0.917480469
vt 0.577636719 0.892089844
vt 0.555175781 0.889160156
vt 0.553222656 0.912109375
vt 0.543945312 0.932617188
vt 0.534179688 0.88671875
vt 0.529296875 0.90625
vt 0.522949219 0.922363281
vt 0.513671875 0.885253906
vt 0.509765625 0.899414062
vt 0.504882812 0.913085938
vt 0.489746094 0.905761719
vt 0.494140625 0.893554688
vt 0.477050781 0.900878906
vt 0.871582031 0.743652344
vt 0.873535156 0.741210938
vt 0.870117188 0.738769531
vt 0.880859375 0.723144531
vt 0.875488281 0.723144531
vt 0.869140625 0.737792969
vt 0.873535156 0.723144531
vt 0.850585938 0.723144531
vt 0.869140625 0.739257812
vt 0.851074219 0.737792969
vt 0.850585938 0.739257812
vt 0.848632812 0.7421875
vt 0.850097656 0.73828125
vt 0.849121094 0.723144531
vt 0.846191406 0.740234375
vt 0.842285156 0.723144531
vt 0.844238281 0.739746094
vt 0.840332031 0.723144531
vt 0.844726562 0.741210938
vt 0.823730469 0.740234375
vt 0.820800781 0.723144531
vt 0.823730469 0.7421875
vt 0.819335938 0.723144531
vt 0.822265625 0.740722656
vt 0.305908203 0.983886719
vt 0.306640625 0.98046875
vt 0.3046875 0.980957031
vt 0.3046875 0.973144531
vt 0.306396484 0.973632812
vt 0.305908203 0.970214844
vt 0.307617188 0.971191406
vt 0.308105469 0.968261719
vt 0.309570312 0.969726562
vt 0.317871094 0.965820312
vt 0.30859375 0.971679688
vt 0.318115234 0.968261719
vt 0.332519531 0.965332031
vt 0.308349609 0.973632812
vt 0.310791016 0.971191406
vt 0.333007812 0.967773438
vt 0.346679688 0.965820312
vt 0.318847656 0.970214844
vt 0.346679688 0.968261719
vt 0.355224609 0.968261719
vt 0.333251953 0.970214844
vt 0.319091797 0.977050781
vt 0.311035156 0.977050781
vt 0.354492188 0.970214844
vt 0.357910156 0.970703125
vt 0.346191406 0.970214844
vt 0.308349609 0.98046875
vt 0.310302734 0.983398438
vt 0.332763672 0.977050781
vt 0.30859375 0.982421875
vt 0.307617188 0.982910156
vt 0.309326172 0.984375
vt 0.308349609 0.986328125
vt 0.318359375 0.984375
vt 0.317626953 0.986328125
vt 0.316894531 0.98828125
vt 0.33203125 0.984375
vt 0.331787109 0.986328125
vt 0.331542969 0.988769531
vt 0.345214844 0.977050781
vt 0.345458984 0.985839844
vt 0.345214844 0.98828125
vt 0.345214844 0.983886719
vt 0.352783203 0.984863281
vt 0.353271484 0.986816406
vt 0.352539062 0.982910156
vt 0.354003906 0.971679688
vt 0.35546875 0.982910156
vt 0.356689453 0.984375
vt 0.354736328 0.982421875
vt 0.356933594 0.980957031
vt 0.358642578 0.981933594
vt 0.353027344 0.977050781
vt 0.35546875 0.98046875
vt 0.355957031 0.974121094
vt 0.357421875 0.974121094
vt 0.359375 0.973632812
vt 0.355712891 0.972167969
vt 0.356445312 0.971679688
vt 0.305908203 0.983886719
vt 0.3046875 0.980957031
vt 0.306640625 0.98046875
vt 0.3046875 0.973144531
vt 0.306396484 0.973632812
vt 0.305908203 0.970214844
vt 0.307617188 0.971191406
vt 0.308105469 0.968261719
vt 0.309570312 0.969726562
vt 0.317871094 0.965820312
vt 0.30859375 0.971679688
vt 0.318115234 0.968261719
vt 0.332519531 0.965332031
vt 0.308349609 0.973632812
vt 0.310791016 0.971191406
vt 0.333007812 0.967773438
vt 0.346679688 0.965820312
vt 0.318847656 0.970214844
vt 0.346679688 0.968261719
vt 0.355224609 0.968261719
vt 0.333251953 0.970214844
vt 0.319091797 0.977050781
vt 0.311035156 0.977050781
vt 0.354492188 0.970214844
vt 0.357910156 0.970703125
vt 0.346191406 0.970214844
vt 0.308349609 0.98046875
vt 0.310302734 0.983398438
vt 0.332763672 0.977050781
vt 0.30859375 0.982421875
vt 0.307617188 0.982910156
vt 0.309326172 0.984375
vt 0.308349609 0.986328125
vt 0.318359375 0.984375
vt 0.317626953 0.986328125
vt 0.316894531 0.98828125
vt 0.33203125 0.984375
vt 0.331787109 0.986328125
vt 0.331542969 0.988769531
vt 0.345214844 0.977050781
vt 0.345458984 0.985839844
vt 0.345214844 0.98828125
vt 0.345214844 0.983886719
vt 0.352783203 0.984863281
vt 0.353271484 0.986816406
vt 0.352539062 0.982910156
vt 0.354003906 0.971679688
vt 0.35546875 0.982910156
vt 0.356689453 0.984375
vt 0.354736328 0.982421875
vt 0.356933594 0.980957031
vt 0.358642578 0.981933594
vt 0.353027344 0.977050781
vt 0.35546875 0.98046875
vt 0.355957031 0.974121094
vt 0.357421875 0.974121094
vt 0.359375 0.973632812
vt 0.355712891 0.972167969
vt 0.356445312 0.971679688
vt 0.884765625 0.981445312
vt 0.866210938 0.981933594
vt 0.868652344 0.987304688
vt 0.865234375 0.987304688
vt 0.880859375 0.9765625
vt 0.896484375 0.970703125
vt 0.863769531 0.982421875
vt 0.861816406 0.987304688
vt 0.892089844 0.967285156
vt 0.8984375 0.965820312
vt 0.863769531 0.975585938
vt 0.877441406 0.970214844
vt 0.892578125 0.963867188
vt 0.896972656 0.94921875
vt 0.887695312 0.963867188
vt 0.883300781 0.955566406
vt 0.888183594 0.952636719
vt 0.890625 0.934570312
vt 0.8828125 0.940917969
vt 0.872558594 0.961425781
vt 0.877441406 0.932128906
vt 0.882324219 0.922363281
vt 0.870117188 0.923339844
vt 0.87109375 0.912109375
vt 0.872558594 0.936523438
vt 0.877441406 0.944335938
vt 0.865234375 0.918945312
vt 0.861816406 0.908203125
vt 0.866699219 0.950683594
vt 0.866699219 0.928222656
vt 0.857910156 0.912597656
vt 0.845703125 0.91015625
vt 0.861328125 0.941894531
vt 0.861816406 0.920898438
vt 0.847167969 0.914550781
vt 0.833007812 0.918457031
vt 0.856933594 0.933105469
vt 0.8515625 0.923828125
vt 0.835449219 0.921875
vt 0.840820312 0.9296875
vt 0.844726562 0.938476562
vt 0.849609375 0.947753906
vt 0.83203125 0.92578125
vt 0.829589844 0.922851562
vt 0.827148438 0.931152344
vt 0.841308594 0.939453125
vt 0.837402344 0.932617188
vt 0.854003906 0.956542969
vt 0.834960938 0.935546875
vt 0.833496094 0.946289062
vt 0.822265625 0.941894531
vt 0.819335938 0.952148438
vt 0.838378906 0.939941406
vt 0.846679688 0.94921875
vt 0.84375 0.949707031
vt 0.837402344 0.948242188
vt 0.831542969 0.955078125
vt 0.834960938 0.956542969
vt 0.829589844 0.963867188
vt 0.818847656 0.963867188
vt 0.848144531 0.958984375
vt 0.851074219 0.957519531
vt 0.827636719 0.970214844
vt 0.832519531 0.965820312
vt 0.847167969 0.96875
vt 0.854003906 0.969726562
vt 0.856933594 0.968261719
vt 0.825195312 0.973632812
vt 0.822265625 0.976074219
vt 0.845703125 0.9765625
vt 0.830078125 0.971679688
vt 0.827148438 0.975585938
vt 0.82421875 0.979003906
vt 0.843261719 0.984375
vt 0.844726562 0.981445312
vt 0.860839844 0.982910156
vt 0.858398438 0.977050781
vt 0.861328125 0.9765625
vt 0.859863281 0.967285156
vt 0.961425781 0.665039062
vt 0.94140625 0.676757812
vt 0.94140625 0.662109375
vt 0.960449219 0.645507812
vt 0.979492188 0.663085938
vt 0.979003906 0.647460938
vt 0.922363281 0.6796875
vt 0.979980469 0.629882812
vt 0.922363281 0.663574219
vt 0.922851562 0.646484375
vt 0.963378906 0.628417969
vt 0.979492188 0.603027344
vt 0.940917969 0.645019531
vt 0.943359375 0.624023438
vt 0.924804688 0.622558594
vt 0.946777344 0.602050781
vt 0.951171875 0.579101562
vt 0.979492188 0.588867188
vt 0.979980469 0.561523438
vt 0.906738281 0.622070312
vt 0.927734375 0.59765625
vt 0.908691406 0.597167969
vt 0.953125 0.556640625
vt 0.979492188 0.534179688
vt 0.930664062 0.568359375
vt 0.890136719 0.599609375
vt 0.953613281 0.532714844
vt 0.978027344 0.510253906
vt 0.931152344 0.554199219
vt 0.912109375 0.567871094
vt 0.87109375 0.587890625
vt 0.931640625 0.531738281
vt 0.952636719 0.51171875
vt 0.911132812 0.552734375
vt 0.891601562 0.577636719
vt 0.844726562 0.572753906
vt 0.949707031 0.494873047
vt 0.9765625 0.491699219
vt 0.975097656 0.477539062
vt 0.889648438 0.558105469
vt 0.868652344 0.56640625
vt 0.864257812 0.540039062
vt 0.819824219 0.576660156
vt 0.885253906 0.534667969
vt 0.842285156 0.545898438
vt 0.818847656 0.546875
vt 0.83984375 0.515136719
vt 0.817382812 0.516601562
vt 0.862792969 0.513671875
vt 0.909179688 0.53125
vt 0.883789062 0.511230469
vt 0.883300781 0.487792969
vt 0.908203125 0.510742188
vt 0.83984375 0.487060547
vt 0.791503906 0.51953125
vt 0.791015625 0.489013672
vt 0.9296875 0.512207031
vt 0.927734375 0.49609375
vt 0.86328125 0.486816406
vt 0.81640625 0.487060547
vt 0.814941406 0.461669922
vt 0.838378906 0.461425781
vt 0.907714844 0.492675781
vt 0.947753906 0.482421875
vt 0.964355469 0.464355469
vt 0.960449219 0.460693359
vt 0.92578125 0.483154297
vt 0.944335938 0.471679688
vt 0.908691406 0.474121094
vt 0.861816406 0.462646484
vt 0.947265625 0.458496094
vt 0.962890625 0.454589844
vt 0.926757812 0.467285156
vt 0.886230469 0.468261719
vt 0.954589844 0.446777344
vt 0.941894531 0.438964844
vt 0.971191406 0.447753906
vt 0.9609375 0.439208984
vt 0.979003906 0.441894531
vt 0.932128906 0.453125
vt 0.912597656 0.453369141
vt 0.896972656 0.444824219
vt 0.880859375 0.438232422
vt 0.921386719 0.439697266
vt 0.908203125 0.423583984
vt 0.858886719 0.433349609
vt 0.897460938 0.418701172
vt 0.8828125 0.415039062
vt 0.834960938 0.431152344
vt 0.861816406 0.409667969
vt 0.812011719 0.430419922
vt 0.835449219 0.40625
vt 0.7890625 0.432128906
vt 0.810546875 0.406494141
vt 0.790039062 0.462890625
vt 0.768554688 0.465576172
vt 0.76953125 0.491455078
vt 0.745117188 0.470214844
vt 0.767089844 0.437988281
vt 0.745605469 0.446289062
vt 0.787597656 0.410400391
vt 0.725585938 0.453125
vt 0.766601562 0.418212891
vt 0.74609375 0.427246094
vt 0.727539062 0.434814453
vt 0.709472656 0.437011719
vt 0.809082031 0.379638672
vt 0.78515625 0.386962891
vt 0.764160156 0.398681641
vt 0.747558594 0.406982422
vt 0.832519531 0.378173828
vt 0.853027344 0.379638672
vt 0.692382812 0.411132812
vt 0.711425781 0.416015625
vt 0.729980469 0.414306641
vt 0.729492188 0.396484375
vt 0.745605469 0.387939453
vt 0.674804688 0.406005859
vt 0.711914062 0.399658203
vt 0.654785156 0.400390625
vt 0.635742188 0.398681641
vt 0.633789062 0.379638672
vt 0.6328125 0.370605469
vt 0.618164062 0.369140625
vt 0.620605469 0.347900391
vt 0.633300781 0.349365234
vt 0.620605469 0.341308594
vt 0.646972656 0.369140625
vt 0.649902344 0.374267578
vt 0.645996094 0.348876953
vt 0.645996094 0.342773438
vt 0.633789062 0.342773438
vt 0.622558594 0.320556641
vt 0.635253906 0.322265625
vt 0.63671875 0.309570312
vt 0.646972656 0.322509766
vt 0.624023438 0.30859375
vt 0.647460938 0.311035156
vt 0.627929688 0.300537109
vt 0.645507812 0.302246094
vt 0.63671875 0.298095703
vt 0.661621094 0.381347656
vt 0.663085938 0.374755859
vt 0.650878906 0.369140625
vt 0.676757812 0.385986328
vt 0.674804688 0.377197266
vt 0.665039062 0.362548828
vt 0.676269531 0.365478516
vt 0.65234375 0.356445312
vt 0.677246094 0.360107422
vt 0.666015625 0.356689453
vt 0.653808594 0.350830078
vt 0.658203125 0.337402344
vt 0.668945312 0.343261719
vt 0.678710938 0.346679688
vt 0.663574219 0.325195312
vt 0.673339844 0.330322266
vt 0.682617188 0.333496094
vt 0.669433594 0.318847656
vt 0.681152344 0.324951172
vt 0.677246094 0.320800781
vt 0.763671875 0.333740234
vt 0.750976562 0.322998047
vt 0.752929688 0.319335938
vt 0.755371094 0.311523438
vt 0.760253906 0.337158203
vt 0.749511719 0.327148438
vt 0.765625 0.316650391
vt 0.779785156 0.342773438
vt 0.764648438 0.309570312
vt 0.754394531 0.306396484
vt 0.751953125 0.292236328
vt 0.757324219 0.339599609
vt 0.770019531 0.352539062
vt 0.744140625 0.336669922
vt 0.741210938 0.323730469
vt 0.73828125 0.334228516
vt 0.736816406 0.321289062
vt 0.744140625 0.348876953
vt 0.728027344 0.329345703
vt 0.725097656 0.317138672
vt 0.76171875 0.360351562
vt 0.737792969 0.344970703
vt 0.73828125 0.358642578
vt 0.783203125 0.362304688
vt 0.768066406 0.370605469
vt 0.725097656 0.328125
vt 0.717773438 0.326171875
vt 0.712402344 0.316650391
vt 0.711425781 0.325927734
vt 0.703125 0.321289062
vt 0.725097656 0.336669922
vt 0.71875 0.333740234
vt 0.714355469 0.332275391
vt 0.706054688 0.327392578
vt 0.727539062 0.338378906
vt 0.721679688 0.345947266
vt 0.701660156 0.332763672
vt 0.696289062 0.329345703
vt 0.724121094 0.34765625
vt 0.715820312 0.341308594
vt 0.710449219 0.332275391
vt 0.700683594 0.339111328
vt 0.696289062 0.340332031
vt 0.711914062 0.338623047
vt 0.707519531 0.336181641
vt 0.706542969 0.340087891
vt 0.702148438 0.344238281
vt 0.708496094 0.343994141
vt 0.716796875 0.352050781
vt 0.711425781 0.346923828
vt 0.705078125 0.349853516
vt 0.697753906 0.348388672
vt 0.689941406 0.345947266
vt 0.691894531 0.337646484
vt 0.685058594 0.339599609
vt 0.681152344 0.344726562
vt 0.680664062 0.354003906
vt 0.700683594 0.358642578
vt 0.690429688 0.357177734
vt 0.680664062 0.366455078
vt 0.709472656 0.357177734
vt 0.692382812 0.368896484
vt 0.693359375 0.374267578
vt 0.681152344 0.371337891
vt 0.705078125 0.370605469
vt 0.71875 0.354003906
vt 0.716796875 0.368164062
vt 0.726074219 0.361328125
vt 0.70703125 0.376464844
vt 0.694824219 0.387939453
vt 0.679199219 0.381591797
vt 0.711425781 0.390625
vt 0.694824219 0.394775391
vt 0.7265625 0.387207031
vt 0.719726562 0.373291016
vt 0.7421875 0.379882812
vt 0.730957031 0.365966797
vt 0.757324219 0.379150391
vt 0.732421875 0.354492188
vt 0.752929688 0.370361328
vt 0.798339844 0.356445312
vt 0.796386719 0.339111328
vt 0.778320312 0.320068359
vt 0.776367188 0.311523438
vt 0.790527344 0.318115234
vt 0.810058594 0.331542969
vt 0.8125 0.350830078
vt 0.830566406 0.34765625
vt 0.762695312 0.297363281
vt 0.76171875 0.293457031
vt 0.754882812 0.274414062
vt 0.771972656 0.298828125
vt 0.788085938 0.310058594
vt 0.821777344 0.331298828
vt 0.834472656 0.329345703
vt 0.845703125 0.349121094
vt 0.80078125 0.311767578
vt 0.817871094 0.310546875
vt 0.821777344 0.310302734
vt 0.783691406 0.297607422
vt 0.797363281 0.304443359
vt 0.803710938 0.295898438
vt 0.807128906 0.301269531
vt 0.817871094 0.292724609
vt 0.8125 0.29296875
vt 0.810546875 0.288330078
vt 0.819824219 0.289794922
vt 0.804199219 0.274902344
vt 0.825195312 0.308349609
vt 0.823242188 0.287841797
vt 0.833984375 0.280761719
vt 0.83984375 0.292480469
vt 0.837402344 0.275878906
vt 0.84375 0.286621094
vt 0.850585938 0.258544922
vt 0.796875 0.281494141
vt 0.789550781 0.272949219
vt 0.79296875 0.262695312
vt 0.78515625 0.269287109
vt 0.781738281 0.259765625
vt 0.79296875 0.291992188
vt 0.786621094 0.278320312
vt 0.791503906 0.288330078
vt 0.782226562 0.293701172
vt 0.770996094 0.294921875
vt 0.778808594 0.283203125
vt 0.76171875 0.280273438
vt 0.783691406 0.274414062
vt 0.76953125 0.283203125
vt 0.763671875 0.273193359
vt 0.76171875 0.265136719
vt 0.769042969 0.277832031
vt 0.767089844 0.270019531
vt 0.770019531 0.259521484
vt 0.776855469 0.277099609
vt 0.780273438 0.272216797
vt 0.770996094 0.274902344
vt 0.7734375 0.266845703
vt 0.775390625 0.272949219
vt 0.779785156 0.266601562
vt 0.900878906 0.333251953
vt 0.907714844 0.317626953
vt 0.911132812 0.319335938
vt 0.923339844 0.319335938
vt 0.894042969 0.333007812
vt 0.903320312 0.318115234
vt 0.921875 0.330322266
vt 0.928710938 0.317871094
vt 0.891601562 0.351074219
vt 0.927246094 0.329101562
vt 0.952148438 0.313964844
vt 0.924316406 0.342285156
vt 0.944335938 0.327636719
vt 0.948730469 0.327148438
vt 0.96875 0.317626953
vt 0.91796875 0.343994141
vt 0.943359375 0.337890625
vt 0.926269531 0.352294922
vt 0.9609375 0.326660156
vt 0.948242188 0.336669922
vt 0.9453125 0.34765625
vt 0.968261719 0.328613281
vt 0.978515625 0.325683594
vt 0.97265625 0.331542969
vt 0.986328125 0.336181641
vt 0.958984375 0.334960938
vt 0.96484375 0.335449219
vt 0.967285156 0.337402344
vt 0.977539062 0.339111328
vt 0.950195312 0.346435547
vt 0.960449219 0.343994141
vt 0.965332031 0.342529297
vt 0.978515625 0.347412109
vt 0.985351562 0.350341797
vt 0.969238281 0.341796875
vt 0.970703125 0.347412109
vt 0.969238281 0.349853516
vt 0.977050781 0.352050781
vt 0.979492188 0.362792969
vt 0.965332031 0.351806641
vt 0.972167969 0.358154297
vt 0.967773438 0.372558594
vt 0.955078125 0.356201172
vt 0.9609375 0.364746094
vt 0.946777344 0.382080078
vt 0.950195312 0.357421875
vt 0.939941406 0.373535156
vt 0.931640625 0.363037109
vt 0.935058594 0.374755859
vt 0.941894531 0.383300781
vt 0.928710938 0.389648438
vt 0.926269531 0.364501953
vt 0.91796875 0.380859375
vt 0.919921875 0.353759766
vt 0.911132812 0.38671875
vt 0.923828125 0.393310547
vt 0.91796875 0.399902344
vt 0.907226562 0.371582031
vt 0.898925781 0.362304688
vt 0.897949219 0.378417969
vt 0.902832031 0.399414062
vt 0.916503906 0.405029297
vt 0.920410156 0.405761719
vt 0.888671875 0.39453125
vt 0.918945312 0.419189453
vt 0.92578125 0.401611328
vt 0.888671875 0.369873047
vt 0.868652344 0.384033203
vt 0.879882812 0.360595703
vt 0.862792969 0.352783203
vt 0.869140625 0.337158203
vt 0.881835938 0.345947266
vt 0.850585938 0.333740234
vt 0.860351562 0.307861328
vt 0.889160156 0.328857422
vt 0.875976562 0.310546875
vt 0.888183594 0.308837891
vt 0.898925781 0.308105469
vt 0.889648438 0.302490234
vt 0.900390625 0.302490234
vt 0.89453125 0.283447266
vt 0.904296875 0.281982422
vt 0.903808594 0.267333984
vt 0.877929688 0.303466797
vt 0.849609375 0.303466797
vt 0.863769531 0.300292969
vt 0.853515625 0.295898438
vt 0.8828125 0.288085938
vt 0.870605469 0.285888672
vt 0.861328125 0.280273438
vt 0.86328125 0.275878906
vt 0.854980469 0.272216797
vt 0.872070312 0.281738281
vt 0.857910156 0.268310547
vt 0.864257812 0.260986328
vt 0.862304688 0.249511719
vt 0.883789062 0.283691406
vt 0.885742188 0.276123047
vt 0.875488281 0.274169922
vt 0.868164062 0.268310547
vt 0.869628906 0.257080078
vt 0.873535156 0.247192383
vt 0.87109375 0.264648438
vt 0.875976562 0.255615234
vt 0.887695312 0.248779297
vt 0.875 0.262939453
vt 0.87890625 0.267333984
vt 0.883789062 0.257324219
vt 0.890625 0.26171875
vt 0.896972656 0.256835938
vt 0.880371094 0.264892578
vt 0.886230469 0.271240234
vt 0.885253906 0.267333984
vt 0.893554688 0.266601562
vt 0.89453125 0.272216797
vt 0.934082031 0.427246094
vt 0.931640625 0.41015625
vt 0.935058594 0.395019531
vt 0.948730469 0.387451172
vt 0.942871094 0.420410156
vt 0.947265625 0.400634766
vt 0.949707031 0.431152344
vt 0.956542969 0.425537109
vt 0.960449219 0.395751953
vt 0.96484375 0.382080078
vt 0.950195312 0.415039062
vt 0.962890625 0.407226562
vt 0.966796875 0.434814453
vt 0.975585938 0.393066406
vt 0.979492188 0.386962891
vt 0.985839844 0.395263672
vt 0.968261719 0.417236328
vt 0.98046875 0.41015625
vt 0.977539062 0.426757812
vt 0.990722656 0.432373047
vt 0.997558594 0.420410156
vt 0.975585938 0.40234375
vt 0.987304688 0.417724609
vt 0.997070312 0.410644531
vt 0.98046875 0.403076172
vt 0.987304688 0.411865234
vt 0.993164062 0.401611328
vt 0.984375 0.407226562
vt 0.961425781 0.665039062
vt 0.94140625 0.662109375
vt 0.94140625 0.676757812
vt 0.960449219 0.645507812
vt 0.979492188 0.663085938
vt 0.979003906 0.647460938
vt 0.922363281 0.6796875
vt 0.979980469 0.629882812
vt 0.922363281 0.663574219
vt 0.922851562 0.646484375
vt 0.963378906 0.628417969
vt 0.979492188 0.603027344
vt 0.940917969 0.645019531
vt 0.943359375 0.624023438
vt 0.924804688 0.622558594
vt 0.946777344 0.602050781
vt 0.951171875 0.579101562
vt 0.979492188 0.588867188
vt 0.979980469 0.561523438
vt 0.906738281 0.622070312
vt 0.927734375 0.59765625
vt 0.908691406 0.597167969
vt 0.953125 0.556640625
vt 0.979492188 0.534179688
vt 0.930664062 0.568359375
vt 0.890136719 0.599609375
vt 0.953613281 0.532714844
vt 0.978027344 0.510253906
vt 0.931152344 0.554199219
vt 0.912109375 0.567871094
vt 0.87109375 0.587890625
vt 0.931640625 0.531738281
vt 0.952636719 0.51171875
vt 0.911132812 0.552734375
vt 0.891601562 0.577636719
vt 0.844726562 0.572753906
vt 0.949707031 0.494873047
vt 0.9765625 0.491699219
vt 0.975097656 0.477539062
vt 0.889648438 0.558105469
vt 0.868652344 0.56640625
vt 0.864257812 0.540039062
vt 0.819824219 0.576660156
vt 0.885253906 0.534667969
vt 0.842285156 0.545898438
vt 0.818847656 0.546875
vt 0.83984375 0.515136719
vt 0.817382812 0.516601562
vt 0.862792969 0.513671875
vt 0.909179688 0.53125
vt 0.883789062 0.511230469
vt 0.883300781 0.487792969
vt 0.908203125 0.510742188
vt 0.83984375 0.487060547
vt 0.791503906 0.51953125
vt 0.791015625 0.489013672
vt 0.9296875 0.512207031
vt 0.927734375 0.49609375
vt 0.86328125 0.486816406
vt 0.81640625 0.487060547
vt 0.814941406 0.461669922
vt 0.838378906 0.461425781
vt 0.907714844 0.492675781
vt 0.947753906 0.482421875
vt 0.964355469 0.464355469
vt 0.960449219 0.460693359
vt 0.92578125 0.483154297
vt 0.944335938 0.471679688
vt 0.908691406 0.474121094
vt 0.861816406 0.462646484
vt 0.947265625 0.458496094
vt 0.962890625 0.454589844
vt 0.926757812 0.467285156
vt 0.886230469 0.468261719
vt 0.954589844 0.446777344
vt 0.941894531 0.438964844
vt 0.971191406 0.447753906
vt 0.9609375 0.439208984
vt 0.979003906 0.441894531
vt 0.932128906 0.453125
vt 0.912597656 0.453369141
vt 0.896972656 0.444824219
vt 0.880859375 0.438232422
vt 0.921386719 0.439697266
vt 0.908203125 0.423583984
vt 0.858886719 0.433349609
vt 0.897460938 0.418701172
vt 0.8828125 0.415039062
vt 0.834960938 0.431152344
vt 0.861816406 0.409667969
vt 0.812011719 0.430419922
vt 0.835449219 0.40625
vt 0.7890625 0.432128906
vt 0.810546875 0.406494141
vt 0.790039062 0.462890625
vt 0.768554688 0.465576172
vt 0.76953125 0.491455078
vt 0.745117188 0.470214844
vt 0.767089844 0.437988281
vt 0.745605469 0.446289062
vt 0.787597656 0.410400391
vt 0.725585938 0.453125
vt 0.766601562 0.418212891
vt 0.74609375 0.427246094
vt 0.727539062 0.434814453
vt 0.709472656 0.437011719
vt 0.692382812 0.411132812
vt 0.711425781 0.416015625
vt 0.809082031 0.379638672
vt 0.78515625 0.386962891
vt 0.764160156 0.398681641
vt 0.747558594 0.406982422
vt 0.729980469 0.414306641
vt 0.729492188 0.396484375
vt 0.711914062 0.399658203
vt 0.832519531 0.378173828
vt 0.745605469 0.387939453
vt 0.853027344 0.379638672
vt 0.757324219 0.379150391
vt 0.7421875 0.379882812
vt 0.7265625 0.387207031
vt 0.768066406 0.370605469
vt 0.830566406 0.34765625
vt 0.845703125 0.349121094
vt 0.834472656 0.329345703
vt 0.821777344 0.331298828
vt 0.8125 0.350830078
vt 0.798339844 0.356445312
vt 0.783203125 0.362304688
vt 0.810058594 0.331542969
vt 0.796386719 0.339111328
vt 0.76171875 0.360351562
vt 0.770019531 0.352539062
vt 0.779785156 0.342773438
vt 0.752929688 0.370361328
vt 0.730957031 0.365966797
vt 0.73828125 0.358642578
vt 0.719726562 0.373291016
vt 0.757324219 0.339599609
vt 0.760253906 0.337158203
vt 0.744140625 0.348876953
vt 0.732421875 0.354492188
vt 0.726074219 0.361328125
vt 0.737792969 0.344970703
vt 0.70703125 0.376464844
vt 0.716796875 0.368164062
vt 0.711425781 0.390625
vt 0.694824219 0.394775391
vt 0.676757812 0.385986328
vt 0.694824219 0.387939453
vt 0.693359375 0.374267578
vt 0.679199219 0.381591797
vt 0.681152344 0.371337891
vt 0.680664062 0.366455078
vt 0.661621094 0.381347656
vt 0.674804688 0.377197266
vt 0.705078125 0.370605469
vt 0.692382812 0.368896484
vt 0.680664062 0.354003906
vt 0.649902344 0.374267578
vt 0.663085938 0.374755859
vt 0.650878906 0.369140625
vt 0.646972656 0.369140625
vt 0.665039062 0.362548828
vt 0.676269531 0.365478516
vt 0.65234375 0.356445312
vt 0.677246094 0.360107422
vt 0.666015625 0.356689453
vt 0.653808594 0.350830078
vt 0.658203125 0.337402344
vt 0.668945312 0.343261719
vt 0.678710938 0.346679688
vt 0.663574219 0.325195312
vt 0.673339844 0.330322266
vt 0.682617188 0.333496094
vt 0.669433594 0.318847656
vt 0.681152344 0.324951172
vt 0.677246094 0.320800781
vt 0.63671875 0.309570312
vt 0.647460938 0.311035156
vt 0.645507812 0.302246094
vt 0.63671875 0.298095703
vt 0.627929688 0.300537109
vt 0.624023438 0.30859375
vt 0.646972656 0.322509766
vt 0.622558594 0.320556641
vt 0.635253906 0.322265625
vt 0.645996094 0.342773438
vt 0.633789062 0.342773438
vt 0.620605469 0.341308594
vt 0.633300781 0.349365234
vt 0.645996094 0.348876953
vt 0.620605469 0.347900391
vt 0.6328125 0.370605469
vt 0.618164062 0.369140625
vt 0.763671875 0.333740234
vt 0.752929688 0.319335938
vt 0.750976562 0.322998047
vt 0.755371094 0.311523438
vt 0.749511719 0.327148438
vt 0.744140625 0.336669922
vt 0.741210938 0.323730469
vt 0.73828125 0.334228516
vt 0.736816406 0.321289062
vt 0.765625 0.316650391
vt 0.728027344 0.329345703
vt 0.725097656 0.317138672
vt 0.727539062 0.338378906
vt 0.764648438 0.309570312
vt 0.754394531 0.306396484
vt 0.751953125 0.292236328
vt 0.778320312 0.320068359
vt 0.776367188 0.311523438
vt 0.790527344 0.318115234
vt 0.762695312 0.297363281
vt 0.76171875 0.293457031
vt 0.754882812 0.274414062
vt 0.771972656 0.298828125
vt 0.788085938 0.310058594
vt 0.80078125 0.311767578
vt 0.817871094 0.310546875
vt 0.821777344 0.310302734
vt 0.76171875 0.280273438
vt 0.770996094 0.294921875
vt 0.783691406 0.297607422
vt 0.797363281 0.304443359
vt 0.803710938 0.295898438
vt 0.807128906 0.301269531
vt 0.79296875 0.291992188
vt 0.817871094 0.292724609
vt 0.8125 0.29296875
vt 0.810546875 0.288330078
vt 0.819824219 0.289794922
vt 0.804199219 0.274902344
vt 0.825195312 0.308349609
vt 0.823242188 0.287841797
vt 0.833984375 0.280761719
vt 0.83984375 0.292480469
vt 0.837402344 0.275878906
vt 0.796875 0.281494141
vt 0.84375 0.286621094
vt 0.850585938 0.258544922
vt 0.789550781 0.272949219
vt 0.79296875 0.262695312
vt 0.78515625 0.269287109
vt 0.781738281 0.259765625
vt 0.786621094 0.278320312
vt 0.791503906 0.288330078
vt 0.782226562 0.293701172
vt 0.778808594 0.283203125
vt 0.779785156 0.266601562
vt 0.770019531 0.259521484
vt 0.783691406 0.274414062
vt 0.780273438 0.272216797
vt 0.7734375 0.266845703
vt 0.776855469 0.277099609
vt 0.76953125 0.283203125
vt 0.769042969 0.277832031
vt 0.775390625 0.272949219
vt 0.770996094 0.274902344
vt 0.767089844 0.270019531
vt 0.76171875 0.265136719
vt 0.763671875 0.273193359
vt 0.689941406 0.345947266
vt 0.681152344 0.344726562
vt 0.685058594 0.339599609
vt 0.691894531 0.337646484
vt 0.696289062 0.340332031
vt 0.690429688 0.357177734
vt 0.700683594 0.358642578
vt 0.697753906 0.348388672
vt 0.709472656 0.357177734
vt 0.705078125 0.349853516
vt 0.702148438 0.344238281
vt 0.71875 0.354003906
vt 0.716796875 0.352050781
vt 0.724121094 0.34765625
vt 0.721679688 0.345947266
vt 0.711425781 0.346923828
vt 0.715820312 0.341308594
vt 0.725097656 0.336669922
vt 0.71875 0.333740234
vt 0.725097656 0.328125
vt 0.717773438 0.326171875
vt 0.712402344 0.316650391
vt 0.714355469 0.332275391
vt 0.711425781 0.325927734
vt 0.703125 0.321289062
vt 0.708496094 0.343994141
vt 0.706054688 0.327392578
vt 0.711914062 0.338623047
vt 0.706542969 0.340087891
vt 0.701660156 0.332763672
vt 0.696289062 0.329345703
vt 0.710449219 0.332275391
vt 0.707519531 0.336181641
vt 0.700683594 0.339111328
vt 0.900878906 0.333251953
vt 0.911132812 0.319335938
vt 0.907714844 0.317626953
vt 0.923339844 0.319335938
vt 0.894042969 0.333007812
vt 0.903320312 0.318115234
vt 0.921875 0.330322266
vt 0.928710938 0.317871094
vt 0.891601562 0.351074219
vt 0.927246094 0.329101562
vt 0.952148438 0.313964844
vt 0.924316406 0.342285156
vt 0.944335938 0.327636719
vt 0.948730469 0.327148438
vt 0.96875 0.317626953
vt 0.91796875 0.343994141
vt 0.943359375 0.337890625
vt 0.926269531 0.352294922
vt 0.9609375 0.326660156
vt 0.948242188 0.336669922
vt 0.9453125 0.34765625
vt 0.968261719 0.328613281
vt 0.978515625 0.325683594
vt 0.97265625 0.331542969
vt 0.986328125 0.336181641
vt 0.958984375 0.334960938
vt 0.96484375 0.335449219
vt 0.967285156 0.337402344
vt 0.977539062 0.339111328
vt 0.950195312 0.346435547
vt 0.960449219 0.343994141
vt 0.965332031 0.342529297
vt 0.978515625 0.347412109
vt 0.985351562 0.350341797
vt 0.969238281 0.341796875
vt 0.970703125 0.347412109
vt 0.969238281 0.349853516
vt 0.977050781 0.352050781
vt 0.979492188 0.362792969
vt 0.965332031 0.351806641
vt 0.972167969 0.358154297
vt 0.967773438 0.372558594
vt 0.955078125 0.356201172
vt 0.9609375 0.364746094
vt 0.946777344 0.382080078
vt 0.950195312 0.357421875
vt 0.939941406 0.373535156
vt 0.931640625 0.363037109
vt 0.935058594 0.374755859
vt 0.941894531 0.383300781
vt 0.928710938 0.389648438
vt 0.926269531 0.364501953
vt 0.91796875 0.380859375
vt 0.919921875 0.353759766
vt 0.911132812 0.38671875
vt 0.923828125 0.393310547
vt 0.91796875 0.399902344
vt 0.907226562 0.371582031
vt 0.898925781 0.362304688
vt 0.897949219 0.378417969
vt 0.902832031 0.399414062
vt 0.916503906 0.405029297
vt 0.920410156 0.405761719
vt 0.888671875 0.39453125
vt 0.918945312 0.419189453
vt 0.92578125 0.401611328
vt 0.888671875 0.369873047
vt 0.868652344 0.384033203
vt 0.879882812 0.360595703
vt 0.862792969 0.352783203
vt 0.869140625 0.337158203
vt 0.881835938 0.345947266
vt 0.850585938 0.333740234
vt 0.860351562 0.307861328
vt 0.889160156 0.328857422
vt 0.875976562 0.310546875
vt 0.888183594 0.308837891
vt 0.898925781 0.308105469
vt 0.889648438 0.302490234
vt 0.900390625 0.302490234
vt 0.89453125 0.283447266
vt 0.904296875 0.281982422
vt 0.903808594 0.267333984
vt 0.877929688 0.303466797
vt 0.849609375 0.303466797
vt 0.863769531 0.300292969
vt 0.853515625 0.295898438
vt 0.8828125 0.288085938
vt 0.870605469 0.285888672
vt 0.861328125 0.280273438
vt 0.854980469 0.272216797
vt 0.857910156 0.268310547
vt 0.86328125 0.275878906
vt 0.864257812 0.260986328
vt 0.862304688 0.249511719
vt 0.872070312 0.281738281
vt 0.883789062 0.283691406
vt 0.885742188 0.276123047
vt 0.875488281 0.274169922
vt 0.868164062 0.268310547
vt 0.869628906 0.257080078
vt 0.873535156 0.247192383
vt 0.87109375 0.264648438
vt 0.875976562 0.255615234
vt 0.887695312 0.248779297
vt 0.875 0.262939453
vt 0.87890625 0.267333984
vt 0.883789062 0.257324219
vt 0.890625 0.26171875
vt 0.896972656 0.256835938
vt 0.880371094 0.264892578
vt 0.886230469 0.271240234
vt 0.885253906 0.267333984
vt 0.893554688 0.266601562
vt 0.89453125 0.272216797
vt 0.934082031 0.427246094
vt 0.931640625 0.41015625
vt 0.935058594 0.395019531
vt 0.948730469 0.387451172
vt 0.942871094 0.420410156
vt 0.947265625 0.400634766
vt 0.949707031 0.431152344
vt 0.956542969 0.425537109
vt 0.960449219 0.395751953
vt 0.96484375 0.382080078
vt 0.950195312 0.415039062
vt 0.962890625 0.407226562
vt 0.966796875 0.434814453
vt 0.975585938 0.393066406
vt 0.979492188 0.386962891
vt 0.985839844 0.395263672
vt 0.968261719 0.417236328
vt 0.98046875 0.41015625
vt 0.977539062 0.426757812
vt 0.990722656 0.432373047
vt 0.997558594 0.420410156
vt 0.975585938 0.40234375
vt 0.987304688 0.417724609
vt 0.997070312 0.410644531
vt 0.98046875 0.403076172
vt 0.987304688 0.411865234
vt 0.993164062 0.401611328
vt 0.984375 0.407226562
vt 0.187744141 0.503417969
vt 0.192626953 0.50390625
vt 0.187866211 0.505371094
vt 0.196411133 0.497802734
vt 0.201049805 0.500488281
vt 0.208496094 0.50390625
vt 0.196777344 0.503417969
vt 0.193115234 0.509277344
vt 0.202392578 0.504882812
vt 0.197021484 0.507324219
vt 0.195678711 0.514648438
vt 0.200683594 0.508300781
vt 0.197265625 0.509765625
vt 0.19909668 0.519042969
vt 0.202758789 0.512207031
vt 0.204223633 0.520996094
vt 0.209106445 0.509765625
vt 0.206176758 0.515136719
vt 0.214355469 0.5234375
vt 0.209350586 0.516113281
vt 0.21081543 0.510742188
vt 0.225219727 0.521484375
vt 0.220336914 0.517089844
vt 0.21484375 0.516601562
vt 0.230102539 0.518554688
vt 0.226074219 0.517578125
vt 0.23425293 0.518554688
vt 0.226806641 0.514648438
vt 0.213500977 0.512695312
vt 0.216308594 0.51171875
vt 0.212524414 0.512207031
vt 0.215576172 0.510253906
vt 0.219970703 0.510742188
vt 0.214355469 0.5078125
vt 0.223876953 0.51171875
vt 0.219848633 0.509277344
vt 0.213500977 0.505859375
vt 0.224609375 0.510253906
vt 0.219848633 0.506835938
vt 0.219970703 0.504394531
vt 0.227905273 0.513671875
vt 0.225830078 0.508300781
vt 0.230224609 0.512207031
vt 0.223754883 0.500488281
vt 0.227416992 0.505371094
vt 0.233764648 0.509277344
vt 0.242431641 0.495849609
vt 0.237426758 0.504394531
vt 0.240234375 0.515136719
vt 0.247070312 0.509277344
vt 0.25 0.515136719
vt 0.259277344 0.513671875
vt 0.267822266 0.526367188
vt 0.274902344 0.512695312
vt 0.0188140869 0.0573120117
vt 0.0254821777 0.0598449707
vt 0.0153198242 0.0603942871
vt 0.0169372559 0.0764770508
vt 0.0262298584 0.0532226562
vt 0.0176696777 0.0534362793
vt 0.0275726318 0.0749511719
vt 0.020111084 0.0802001953
vt 0.0296173096 0.0401000977
vt 0.020690918 0.0397338867
vt 0.0226135254 0.0361938477
vt 0.0414733887 0.0551452637
vt 0.0288391113 0.0818481445
vt 0.0192871094 0.0852661133
vt 0.0317382812 0.0343322754
vt 0.0242614746 0.0326843262
vt 0.0287628174 0.0228271484
vt 0.0438232422 0.0384216309
vt 0.0361022949 0.0241851807
vt 0.0494995117 0.0240478516
vt 0.031463623 0.0177764893
vt 0.038482666 0.0182342529
vt 0.0341796875 0.015411377
vt 0.0433349609 0.0118942261
vt 0.0403137207 0.00737380981
vt 0.0533752441 0.00904846191
vt 0.0522460938 0.0135040283
vt 0.0586242676 0.0106506348
vt 0.0563354492 0.0141448975
vt 0.0637207031 0.0140304565
vt 0.0646362305 0.0108184814
vt 0.0823364258 0.0139007568
vt 0.0761108398 0.0572814941
vt 0.101013184 0.0168762207
vt 0.0547180176 0.0260162354
vt 0.0491638184 0.0397338867
vt 0.0458679199 0.0550231934
vt 0.0433959961 0.0757446289
vt 0.0491943359 0.0752563477
vt 0.052947998 0.0958251953
vt 0.10546875 0.0520629883
vt 0.126464844 0.0212860107
vt 0.0731201172 0.0941772461
vt 0.092956543 0.087890625
vt 0.111633301 0.0803833008
vt 0.0534362793 0.102111816
vt 0.134033203 0.0772705078
vt 0.0333557129 0.0980834961
vt 0.0309143066 0.104248047
vt 0.0252685547 0.102111816
vt 0.130615234 0.0497741699
vt 0.149414062 0.0487365723
vt 0.154296875 0.0740356445
vt 0.148803711 0.0267028809
vt 0.163818359 0.0656738281
vt 0.159179688 0.0317993164
vt 0.166625977 0.0552062988
vt 0.165283203 0.0414733887
vt 0.0169372559 0.0764770508
vt 0.0254821777 0.0598449707
vt 0.0153198242 0.0603942871
vt 0.0188140869 0.0573120117
vt 0.0275726318 0.0749511719
vt 0.020111084 0.0802001953
vt 0.0262298584 0.0532226562
vt 0.0176696777 0.0534362793
vt 0.0414733887 0.0551452637
vt 0.0296173096 0.0401000977
vt 0.020690918 0.0397338867
vt 0.0226135254 0.0361938477
vt 0.0288391113 0.0818481445
vt 0.0192871094 0.0852661133
vt 0.0317382812 0.0343322754
vt 0.0242614746 0.0326843262
vt 0.0287628174 0.0228271484
vt 0.0438232422 0.0384216309
vt 0.0361022949 0.0241851807
vt 0.0494995117 0.0240478516
vt 0.031463623 0.0177764893
vt 0.038482666 0.0182342529
vt 0.0341796875 0.015411377
vt 0.0433349609 0.0118942261
vt 0.0403137207 0.00737380981
vt 0.0533752441 0.00904846191
vt 0.0522460938 0.0135040283
vt 0.0586242676 0.0106506348
vt 0.0563354492 0.0141448975
vt 0.0637207031 0.0140304565
vt 0.0646362305 0.0108184814
vt 0.0823364258 0.0139007568
vt 0.0761108398 0.0572814941
vt 0.101013184 0.0168762207
vt 0.0547180176 0.0260162354
vt 0.0491638184 0.0397338867
vt 0.0458679199 0.0550231934
vt 0.0433959961 0.0757446289
vt 0.0491943359 0.0752563477
vt 0.052947998 0.0958251953
vt 0.10546875 0.0520629883
vt 0.126464844 0.0212860107
vt 0.0731201172 0.0941772461
vt 0.092956543 0.087890625
vt 0.111633301 0.0803833008
vt 0.0534362793 0.102111816
vt 0.134033203 0.0772705078
vt 0.0333557129 0.0980834961
vt 0.0309143066 0.104248047
vt 0.0252685547 0.102111816
vt 0.130615234 0.0497741699
vt 0.149414062 0.0487365723
vt 0.154296875 0.0740356445
vt 0.148803711 0.0267028809
vt 0.163818359 0.0656738281
vt 0.159179688 0.0317993164
vt 0.166625977 0.0552062988
vt 0.165283203 0.0414733887
vt 0.408447266 0.260742188
vt 0.391357422 0.271240234
vt 0.391357422 0.280517578
vt 0.374023438 0.282226562
vt 0.377197266 0.288574219
vt 0.360351562 0.297363281
vt 0.363525391 0.301025391
vt 0.3515625 0.312011719
vt 0.353027344 0.318603516
vt 0.344238281 0.320068359
vt 0.386230469 0.293701172
vt 0.343505859 0.325927734
vt 0.345214844 0.342285156
vt 0.328613281 0.325195312
vt 0.329101562 0.329589844
vt 0.313476562 0.327880859
vt 0.330810547 0.345947266
vt 0.334960938 0.370605469
vt 0.31640625 0.333007812
vt 0.304931641 0.340820312
vt 0.30859375 0.347167969
vt 0.296142578 0.349853516
vt 0.311523438 0.357666016
vt 0.299072266 0.354003906
vt 0.283935547 0.35546875
vt 0.288330078 0.358154297
vt 0.286132812 0.369384766
vt 0.302978516 0.366210938
vt 0.289550781 0.365966797
vt 0.302734375 0.370849609
vt 0.3125 0.376220703
vt 0.315917969 0.372314453
vt 0.320800781 0.387695312
vt 0.325195312 0.385009766
vt 0.328125 0.404296875
vt 0.333496094 0.403564453
vt 0.330566406 0.420898438
vt 0.3359375 0.422607422
vt 0.334472656 0.440917969
vt 0.344482422 0.397949219
vt 0.359863281 0.423339844
vt 0.338378906 0.436767578
vt 0.346923828 0.448730469
vt 0.349121094 0.445800781
vt 0.363525391 0.45703125
vt 0.348876953 0.366699219
vt 0.365966797 0.454101562
vt 0.395507812 0.469970703
vt 0.375976562 0.435546875
vt 0.396484375 0.465820312
vt 0.426269531 0.474365234
vt 0.426269531 0.469726562
vt 0.457275391 0.470947266
vt 0.399902344 0.444335938
vt 0.45703125 0.466064453
vt 0.489746094 0.459228516
vt 0.3828125 0.422119141
vt 0.426513672 0.447753906
vt 0.489013672 0.455078125
vt 0.5078125 0.449707031
vt 0.403564453 0.429931641
vt 0.454345703 0.446044922
vt 0.505371094 0.446289062
vt 0.517578125 0.441894531
vt 0.513671875 0.438964844
vt 0.523925781 0.424316406
vt 0.49609375 0.427490234
vt 0.480224609 0.436767578
vt 0.453369141 0.4296875
vt 0.51953125 0.421875
vt 0.529296875 0.40625
vt 0.425048828 0.426757812
vt 0.407958984 0.416748047
vt 0.507324219 0.412841797
vt 0.514648438 0.396728516
vt 0.525390625 0.404052734
vt 0.536621094 0.388916016
vt 0.533691406 0.383789062
vt 0.545410156 0.376464844
vt 0.497070312 0.401123047
vt 0.388671875 0.409667969
vt 0.392578125 0.401611328
vt 0.543945312 0.369140625
vt 0.522949219 0.349609375
vt 0.520507812 0.374755859
vt 0.556152344 0.370605469
vt 0.506835938 0.367675781
vt 0.556152344 0.365722656
vt 0.570800781 0.370361328
vt 0.369384766 0.411132812
vt 0.356933594 0.390625
vt 0.375976562 0.391601562
vt 0.369873047 0.369140625
vt 0.544433594 0.341552734
vt 0.567871094 0.367431641
vt 0.572265625 0.355712891
vt 0.556152344 0.353515625
vt 0.568847656 0.358398438
vt 0.557617188 0.349365234
vt 0.547363281 0.338134766
vt 0.536132812 0.321289062
vt 0.532714844 0.325195312
vt 0.51953125 0.315185547
vt 0.518554688 0.320800781
vt 0.506835938 0.310546875
vt 0.505859375 0.315917969
vt 0.496337891 0.301269531
vt 0.5078125 0.331787109
vt 0.494873047 0.306640625
vt 0.485839844 0.287353516
vt 0.508300781 0.349609375
vt 0.494384766 0.350097656
vt 0.496826172 0.322021484
vt 0.483886719 0.30859375
vt 0.484863281 0.329589844
vt 0.482910156 0.290771484
vt 0.469970703 0.271728516
vt 0.497558594 0.337158203
vt 0.467529297 0.279785156
vt 0.476074219 0.295654297
vt 0.450927734 0.273681641
vt 0.453369141 0.260009766
vt 0.463378906 0.287353516
vt 0.467773438 0.299804688
vt 0.432617188 0.265136719
vt 0.430908203 0.254882812
vt 0.419921875 0.266357422
vt 0.437988281 0.274902344
vt 0.451904297 0.283203125
vt 0.427978516 0.270996094
vt 0.409423828 0.274414062
vt 0.413818359 0.277587891
vt 0.425537109 0.276611328
vt 0.402099609 0.2734375
vt 0.404052734 0.285888672
vt 0.411132812 0.285400391
vt 0.417724609 0.280761719
vt 0.431152344 0.278320312
vt 0.424072266 0.280761719
vt 0.441162109 0.281738281
vt 0.437255859 0.29296875
vt 0.434082031 0.282226562
vt 0.427246094 0.283203125
vt 0.431152344 0.289550781
vt 0.422607422 0.284179688
vt 0.420654297 0.282958984
vt 0.420166016 0.284423828
vt 0.426025391 0.286621094
vt 0.422119141 0.286621094
vt 0.422607422 0.291259766
vt 0.416748047 0.284912109
vt 0.422851562 0.296630859
vt 0.412109375 0.300292969
vt 0.436523438 0.305908203
vt 0.435791016 0.298828125
vt 0.4453125 0.297607422
vt 0.395751953 0.302490234
vt 0.454589844 0.289306641
vt 0.456542969 0.294677734
vt 0.447753906 0.3046875
vt 0.457275391 0.302734375
vt 0.46484375 0.308105469
vt 0.45703125 0.310791016
vt 0.473388672 0.307861328
vt 0.46484375 0.314453125
vt 0.474121094 0.318359375
vt 0.467773438 0.324707031
vt 0.459472656 0.3203125
vt 0.459960938 0.329101562
vt 0.450683594 0.314697266
vt 0.444580078 0.319824219
vt 0.473876953 0.3359375
vt 0.466308594 0.341308594
vt 0.482421875 0.338134766
vt 0.475585938 0.339111328
vt 0.428710938 0.321533203
vt 0.451416016 0.333740234
vt 0.416259766 0.312744141
vt 0.397705078 0.315673828
vt 0.460693359 0.346923828
vt 0.468994141 0.345703125
vt 0.476806641 0.345458984
vt 0.452148438 0.346191406
vt 0.434570312 0.341796875
vt 0.479980469 0.344726562
vt 0.446044922 0.354492188
vt 0.419921875 0.337646484
vt 0.430175781 0.350341797
vt 0.434326172 0.362792969
vt 0.458251953 0.358154297
vt 0.413818359 0.326171875
vt 0.402832031 0.32421875
vt 0.409423828 0.336181641
vt 0.413085938 0.345947266
vt 0.3984375 0.33984375
vt 0.417236328 0.35546875
vt 0.419433594 0.374023438
vt 0.404541016 0.368164062
vt 0.402832031 0.353759766
vt 0.384521484 0.329833984
vt 0.388916016 0.343505859
vt 0.392333984 0.362548828
vt 0.40625 0.379150391
vt 0.408203125 0.391845703
vt 0.395751953 0.373046875
vt 0.397216797 0.383544922
vt 0.377197266 0.323730469
vt 0.38671875 0.318847656
vt 0.384277344 0.358886719
vt 0.380859375 0.372314453
vt 0.374755859 0.339355469
vt 0.372802734 0.329833984
vt 0.382568359 0.350097656
vt 0.376464844 0.354980469
vt 0.378417969 0.363525391
vt 0.375488281 0.34765625
vt 0.370117188 0.351074219
vt 0.37109375 0.358154297
vt 0.365234375 0.341552734
vt 0.36328125 0.360839844
vt 0.361572266 0.330810547
vt 0.386962891 0.379638672
vt 0.364013672 0.320800781
vt 0.383056641 0.388427734
vt 0.390869141 0.384033203
vt 0.388183594 0.387207031
vt 0.392822266 0.386962891
vt 0.371826172 0.322753906
vt 0.367919922 0.305908203
vt 0.370849609 0.317382812
vt 0.375976562 0.317382812
vt 0.381591797 0.305664062
vt 0.372314453 0.311279297
vt 0.385986328 0.309082031
vt 0.378173828 0.312255859
vt 0.380371094 0.313720703
vt 0.379882812 0.317871094
vt 0.487792969 0.409912109
vt 0.473632812 0.422119141
vt 0.456054688 0.41796875
vt 0.469482422 0.410888672
vt 0.442626953 0.416992188
vt 0.440185547 0.406738281
vt 0.430664062 0.413085938
vt 0.429443359 0.407470703
vt 0.423583984 0.416259766
vt 0.423095703 0.409912109
vt 0.422851562 0.403808594
vt 0.416259766 0.412597656
vt 0.417724609 0.406738281
vt 0.411621094 0.404296875
vt 0.423339844 0.395263672
vt 0.452636719 0.403808594
vt 0.464355469 0.394042969
vt 0.442871094 0.393066406
vt 0.430664062 0.389404297
vt 0.452392578 0.389404297
vt 0.471191406 0.382568359
vt 0.442382812 0.384033203
vt 0.436035156 0.382568359
vt 0.43359375 0.377929688
vt 0.440429688 0.378173828
vt 0.448242188 0.37890625
vt 0.439208984 0.37109375
vt 0.452636719 0.365966797
vt 0.446289062 0.373535156
vt 0.45703125 0.372070312
vt 0.457763672 0.380859375
vt 0.466308594 0.367675781
vt 0.466552734 0.354003906
vt 0.47265625 0.363037109
vt 0.474365234 0.353027344
vt 0.474365234 0.348876953
vt 0.478027344 0.349609375
vt 0.480224609 0.356445312
vt 0.484863281 0.350097656
vt 0.483642578 0.354492188
vt 0.492431641 0.362060547
vt 0.480224609 0.364257812
vt 0.501464844 0.382080078
vt 0.479492188 0.373291016
vt 0.487792969 0.374267578
vt 0.476074219 0.384765625
vt 0.483398438 0.385742188
vt 0.489257812 0.392089844
vt 0.471435547 0.393798828
vt 0.479736328 0.394042969
vt 0.484375 0.401367188
vt 0.475097656 0.402832031
vt 0.402587891 0.397460938
vt 0.395507812 0.391113281
vt 0.398925781 0.388671875
vt 0.391357422 0.391601562
vt 0.441894531 0.893554688
vt 0.437744141 0.90234375
vt 0.446289062 0.899414062
vt 0.453857422 0.893554688
vt 0.437011719 0.895996094
vt 0.431396484 0.902832031
vt 0.431396484 0.896972656
vt 0.425292969 0.90234375
vt 0.42578125 0.895996094
vt 0.416748047 0.899902344
vt 0.446289062 0.889648438
vt 0.436279297 0.890625
vt 0.431396484 0.889160156
vt 0.426513672 0.890625
vt 0.424804688 0.885253906
vt 0.420898438 0.894042969
vt 0.416503906 0.890136719
vt 0.408935547 0.893554688
vt 0.412109375 0.883300781
vt 0.402587891 0.883789062
vt 0.437988281 0.884765625
vt 0.440185547 0.877929688
vt 0.431396484 0.8828125
vt 0.406005859 0.875488281
vt 0.397949219 0.873535156
vt 0.399169922 0.867675781
vt 0.422363281 0.877929688
vt 0.431152344 0.874511719
vt 0.406738281 0.8671875
vt 0.398925781 0.866210938
vt 0.412109375 0.872558594
vt 0.421630859 0.87109375
vt 0.406494141 0.857910156
vt 0.398925781 0.860351562
vt 0.404541016 0.846679688
vt 0.431152344 0.870605469
vt 0.420166016 0.8671875
vt 0.412353516 0.845214844
vt 0.410888672 0.839355469
vt 0.41796875 0.855957031
vt 0.420410156 0.841796875
vt 0.419677734 0.834472656
vt 0.431152344 0.866699219
vt 0.431152344 0.857421875
vt 0.430908203 0.841308594
vt 0.430908203 0.832519531
vt 0.440917969 0.870605469
vt 0.442382812 0.8671875
vt 0.444335938 0.855957031
vt 0.441650391 0.841796875
vt 0.442138672 0.833984375
vt 0.449707031 0.844726562
vt 0.451171875 0.838867188
vt 0.457519531 0.846191406
vt 0.455810547 0.857421875
vt 0.463378906 0.859863281
vt 0.463378906 0.865722656
vt 0.455810547 0.8671875
vt 0.463378906 0.8671875
vt 0.450195312 0.872070312
vt 0.456542969 0.875
vt 0.464355469 0.873046875
vt 0.459960938 0.883300781
vt 0.450683594 0.8828125
vt 0.406982422 0.965820312
vt 0.402099609 0.966796875
vt 0.402587891 0.969726562
vt 0.408447266 0.967773438
vt 0.396240234 0.96875
vt 0.411132812 0.962402344
vt 0.413085938 0.964355469
vt 0.396728516 0.966308594
vt 0.390625 0.965820312
vt 0.413818359 0.958007812
vt 0.416015625 0.958984375
vt 0.392089844 0.963378906
vt 0.386474609 0.960449219
vt 0.414794922 0.953125
vt 0.417480469 0.953613281
vt 0.388671875 0.958984375
vt 0.384765625 0.954101562
vt 0.4140625 0.948242188
vt 0.416503906 0.947753906
vt 0.387207031 0.953613281
vt 0.385742188 0.946777344
vt 0.411132812 0.943847656
vt 0.413330078 0.942382812
vt 0.388183594 0.948242188
vt 0.389892578 0.94140625
vt 0.406982422 0.940429688
vt 0.408447266 0.938476562
vt 0.391357422 0.943359375
vt 0.395507812 0.937988281
vt 0.401611328 0.939453125
vt 0.402099609 0.937011719
vt 0.396240234 0.940429688
vt 0.408447266 0.945800781
vt 0.405273438 0.943359375
vt 0.401123047 0.942871094
vt 0.397216797 0.943359375
vt 0.393554688 0.945800781
vt 0.391357422 0.94921875
vt 0.410644531 0.94921875
vt 0.390625 0.953125
vt 0.411376953 0.953125
vt 0.391357422 0.957519531
vt 0.410644531 0.95703125
vt 0.394042969 0.9609375
vt 0.408691406 0.960449219
vt 0.397460938 0.962890625
vt 0.405273438 0.962890625
vt 0.401367188 0.963378906
vt 0.408203125 0.953125
vt 0.407714844 0.955566406
vt 0.406005859 0.958007812
vt 0.403808594 0.959472656
vt 0.401123047 0.960449219
vt 0.3984375 0.959960938
vt 0.407470703 0.950195312
vt 0.395996094 0.958496094
vt 0.406005859 0.948242188
vt 0.394287109 0.956054688
vt 0.403564453 0.946289062
vt 0.393798828 0.953125
vt 0.400878906 0.945800781
vt 0.394287109 0.950683594
vt 0.398193359 0.946289062
vt 0.395751953 0.948242188
vt 0.402832031 0.948242188
vt 0.400878906 0.948242188
vt 0.40234375 0.950683594
vt 0.404296875 0.949707031
vt 0.405517578 0.951171875
vt 0.398925781 0.948730469
vt 0.397216797 0.949707031
vt 0.400390625 0.950195312
vt 0.406005859 0.953125
vt 0.396240234 0.951171875
vt 0.403564453 0.952636719
vt 0.405517578 0.955078125
vt 0.404541016 0.956542969
vt 0.3984375 0.951660156
vt 0.395996094 0.953125
vt 0.398193359 0.953613281
vt 0.396240234 0.955078125
vt 0.397460938 0.956542969
vt 0.399414062 0.955566406
vt 0.399169922 0.958007812
vt 0.401367188 0.956054688
vt 0.400878906 0.958007812
vt 0.402832031 0.957519531
vt 0.403320312 0.954589844
vt 0.399658203 0.954101562
vt 0.400634766 0.954589844
vt 0.400878906 0.953125
vt 0.399414062 0.952636719
vt 0.401611328 0.954101562
vt 0.400146484 0.952148438
vt 0.40234375 0.953125
vt 0.401123047 0.951660156
vt 0.402099609 0.952148438
vt 0.406982422 0.965820312
vt 0.408447266 0.967773438
vt 0.402587891 0.969726562
vt 0.402099609 0.966796875
vt 0.396240234 0.96875
vt 0.411132812 0.962402344
vt 0.413085938 0.964355469
vt 0.396728516 0.966308594
vt 0.390625 0.965820312
vt 0.413818359 0.958007812
vt 0.416015625 0.958984375
vt 0.392089844 0.963378906
vt 0.386474609 0.960449219
vt 0.414794922 0.953125
vt 0.417480469 0.953613281
vt 0.388671875 0.958984375
vt 0.384765625 0.954101562
vt 0.4140625 0.948242188
vt 0.416503906 0.947753906
vt 0.387207031 0.953613281
vt 0.385742188 0.946777344
vt 0.411132812 0.943847656
vt 0.413330078 0.942382812
vt 0.388183594 0.948242188
vt 0.389892578 0.94140625
vt 0.406982422 0.940429688
vt 0.408447266 0.938476562
vt 0.391357422 0.943359375
vt 0.395507812 0.937988281
vt 0.401611328 0.939453125
vt 0.402099609 0.937011719
vt 0.396240234 0.940429688
vt 0.408447266 0.945800781
vt 0.405273438 0.943359375
vt 0.401123047 0.942871094
vt 0.397216797 0.943359375
vt 0.393554688 0.945800781
vt 0.391357422 0.94921875
vt 0.410644531 0.94921875
vt 0.390625 0.953125
vt 0.411376953 0.953125
vt 0.391357422 0.957519531
vt 0.410644531 0.95703125
vt 0.394042969 0.9609375
vt 0.408691406 0.960449219
vt 0.397460938 0.962890625
vt 0.405273438 0.962890625
vt 0.401367188 0.963378906
vt 0.408203125 0.953125
vt 0.407714844 0.955566406
vt 0.406005859 0.958007812
vt 0.403808594 0.959472656
vt 0.401123047 0.960449219
vt 0.3984375 0.959960938
vt 0.407470703 0.950195312
vt 0.395996094 0.958496094
vt 0.406005859 0.948242188
vt 0.394287109 0.956054688
vt 0.403564453 0.946289062
vt 0.393798828 0.953125
vt 0.400878906 0.945800781
vt 0.394287109 0.950683594
vt 0.398193359 0.946289062
vt 0.395751953 0.948242188
vt 0.402832031 0.948242188
vt 0.400878906 0.948242188
vt 0.40234375 0.950683594
vt 0.404296875 0.949707031
vt 0.405517578 0.951171875
vt 0.398925781 0.948730469
vt 0.397216797 0.949707031
vt 0.400390625 0.950195312
vt 0.406005859 0.953125
vt 0.396240234 0.951171875
vt 0.403564453 0.952636719
vt 0.405517578 0.955078125
vt 0.404541016 0.956542969
vt 0.3984375 0.951660156
vt 0.395996094 0.953125
vt 0.398193359 0.953613281
vt 0.396240234 0.955078125
vt 0.397460938 0.956542969
vt 0.399414062 0.955566406
vt 0.399169922 0.958007812
vt 0.401367188 0.956054688
vt 0.400878906 0.958007812
vt 0.402832031 0.957519531
vt 0.403320312 0.954589844
vt 0.399658203 0.954101562
vt 0.400634766 0.954589844
vt 0.400878906 0.953125
vt 0.399414062 0.952636719
vt 0.401611328 0.954101562
vt 0.400146484 0.952148438
vt 0.40234375 0.953125
vt 0.401123047 0.951660156
vt 0.402099609 0.952148438
vt 0.0369262695 0.816894531
vt 0.0352783203 0.827148438
vt 0.0401000977 0.827148438
vt 0.0330200195 0.819335938
vt 0.0281982422 0.810058594
vt 0.0326538086 0.834472656
vt 0.036529541 0.837402344
vt 0.0260772705 0.839355469
vt 0.027557373 0.84375
vt 0.0266876221 0.814941406
vt 0.0172576904 0.810058594
vt 0.018737793 0.814453125
vt 0.00828552246 0.81640625
vt 0.0121765137 0.818847656
vt 0.00470733643 0.826660156
vt 0.00953674316 0.826660156
vt 0.00789642334 0.836914062
vt 0.0118103027 0.833984375
vt 0.0166320801 0.84375
vt 0.0181274414 0.838867188
vn -0.817746043 -0.420574099 0.392948925
vn -0.986192167 -0.165605098 -7.02834077E-05
vn -0.965644062 -0.257652432 -0.0338635817
vn -0.855144441 -0.373479605 0.359500796
vn -0.398473442 -0.371049523 0.838773549
vn -0.867601752 -0.311592132 0.387527555
vn -0.996036947 -0.0823010504 0.0337199084
vn -0.469127685 -0.450761169 0.759429753
vn 0.20406124 -0.166481063 0.964698374
vn -0.497413963 -0.470883101 0.728593469
vn -0.852416873 -0.316755325 0.415994644
vn -0.980493963 -0.191896483 0.042514611
vn 0.150504664 -0.356833786 0.921964288
vn 0.754928112 -0.0291065648 0.655161202
vn 0.0885474756 -0.481117398 0.872172832
vn -0.534434915 -0.427137971 0.729336977
vn -0.862839878 -0.309755921 0.399447948
vn -0.957534373 -0.287930787 -0.014962336
vn 0.709869266 -0.175736368 0.68205744
vn 0.956498206 -0.00612165779 0.291673779
vn 0.675592661 -0.29251796 0.6767627
vn 0.0331905819 -0.433387876 0.900596023
vn -0.59535563 -0.332399905 0.731479287
vn -0.916101456 -0.164576724 0.365612566
vn -0.977541924 -0.2025695 -0.0581148751
vn -0.995168447 -0.0766364038 -0.0613726974
vn 0.942963183 -0.0263771731 0.33185038
vn 0.995376229 0.0465375967 -0.0840266794
vn -0.705384314 -0.104721829 0.701046646
vn -0.964490175 0.024422925 0.262987196
vn -0.997167766 -0.0718946084 -0.0220839102
vn -0.0112472912 -0.310921282 0.95036912
vn 0.931499839 -0.0388230607 0.361663967
vn -0.0551421791 -0.0934305713 0.99409759
vn 0.629761994 -0.223580986 0.743916214
vn 0.680158794 -0.0863407478 0.727962434
vn 0.628859997 -0.288909525 0.721849263
vn 0.91195935 -0.121049359 0.392016828
vn 0.915137708 -0.156805918 0.371395975
vn 0.937776089 -0.0753076747 0.338975966
vn 0.97994566 0.198420465 -0.0183309931
vn 0.999249279 0.0295519847 -0.0250498634
vn 0.988745153 -0.124446444 -0.0830429047
vn 0.986613691 -0.0809124038 -0.141585797
vn 0.948383331 0.127480805 0.290374964
vn 0.990355492 0.13623628 -0.0252125021
vn 0.85115689 0.265969872 -0.452539533
vn 0.868983984 0.0679635704 -0.490150899
vn 0.384953141 0.108349547 -0.916554153
vn 0.784646511 0.367837667 -0.499024272
vn 0.816569805 0.131251618 -0.562126994
vn 0.781896949 -0.127079323 -0.610317886
vn 0.750135779 -0.124261208 -0.649504006
vn 0.983821034 0.064745456 -0.167045757
vn 0.331223637 0.338562071 -0.880719364
vn 0.245372787 0.411638409 -0.877693534
vn 0.247435063 0.14929834 -0.95733273
vn 0.243428543 -0.149229571 -0.95837003
vn 0.240051374 -0.166328087 -0.956404865
vn 0.734559298 0.0251039974 -0.678079963
vn -0.395618528 0.321151406 -0.860434651
vn -0.420997649 0.204572901 -0.883691609
vn -0.884117842 0.0443212017 -0.465157419
vn -0.419066578 0.326855361 -0.847082496
vn -0.423922479 0.0691208094 -0.903057039
vn -0.38316679 -0.197951794 -0.90221858
vn -0.37530151 -0.182689026 -0.908720791
vn 0.960604906 0.183114856 -0.20906271
vn 0.2476331 0.00117657916 -0.968853176
vn 0.764227867 0.142856315 -0.62892592
vn -0.870814204 0.160835549 -0.464558482
vn -0.859420478 -0.04908593 -0.508907735
vn -0.793162286 -0.245657593 -0.557266474
vn -0.78602463 -0.192625284 -0.587418735
vn -0.390087694 -0.00347441295 -0.920771122
vn 0.179962143 0.209262833 -0.961156964
vn -0.871431887 0.151887834 -0.466408223
vn -0.986192167 -0.165605098 -7.02834077E-05
vn -0.965644062 -0.257652432 -0.0338635817
vn -0.996036947 -0.0823010504 0.0337199084
vn -0.980493963 -0.191896483 0.042514611
vn -0.957534373 -0.287930787 -0.014962336
vn -0.977541924 -0.2025695 -0.0581148751
vn -0.812742293 -0.0423741117 -0.581080437
vn -0.995168447 -0.0766364038 -0.0613726974
vn -0.355998665 0.19709295 -0.913465559
vn -0.900420845 0.0460903309 -0.432571352
vn -0.997167766 -0.0718946084 -0.0220839102
vn -0.980745792 -0.193139955 0.0288915243
vn -0.975013316 -0.112908185 -0.191313207
vn -0.888854623 -0.450125128 0.0855849236
vn -0.679039836 0.0740177035 -0.730360389
vn -0.908541083 -0.386560231 -0.158506393
vn -0.809698939 -0.577652574 0.103465773
vn -0.792628348 -0.59775728 -0.120110124
vn -0.559239984 -0.568365633 -0.603499174
vn -0.660422623 -0.280375451 -0.696585655
vn -0.248781025 -0.187330142 -0.950271249
vn -0.221093848 -0.517728209 -0.826483548
vn -0.221054941 0.145668983 -0.964321077
vn 0.138858542 -0.136607587 -0.980844855
vn 0.13426432 -0.481648415 -0.866018355
vn 0.586708784 -0.080696106 -0.805767298
vn 0.534633338 -0.432085246 -0.726270974
vn 0.791402459 -0.41906482 -0.445047081
vn 0.100127511 0.187970787 -0.977057576
vn 0.556561708 0.19665876 -0.807195306
vn 0.870993018 0.117306925 -0.477085173
vn 0.872021258 -0.11460036 -0.475863218
vn 0.857043862 -0.389855593 -0.336880624
vn 0.948308289 0.184149697 -0.258457571
vn 0.938235521 -0.0861430913 -0.335102171
vn 0.886109889 -0.326642573 -0.328806877
vn 0.94690448 0.302842915 0.107972883
vn 0.920035005 0.363884181 -0.145340621
vn 0.948964298 -0.0184656642 -0.314842641
vn 0.953582942 0.0582719818 -0.295438766
vn 0.907699287 -0.282666296 -0.310131848
vn 0.940807045 -0.21063827 -0.265543967
vn 0.743144214 0.249628708 0.62082386
vn -0.00815508794 0.476341844 0.879222274
vn 0.637839139 0.635834694 0.43459788
vn -0.787860334 0.273834467 0.551625669
vn -0.702094734 0.563356638 0.435536951
vn 0.00968497712 0.771407962 0.636267126
vn 0.750452161 0.650620341 0.1162531
vn 0.517433226 0.760929465 0.391470551
vn 0.681255758 0.721988916 0.120923698
vn -0.992569864 0.00224797963 0.12165565
vn -0.0195472669 0.82389313 0.566407919
vn 0.836951613 0.527318001 -0.146450132
vn 0.77441144 0.625804901 -0.0930330455
vn -0.975461185 -0.219122335 0.0214699134
vn -0.980745792 -0.193139955 0.0288915243
vn -0.874092221 -0.485121667 0.0248931944
vn -0.888854623 -0.450125128 0.0855849236
vn -0.983601272 -0.164997712 -0.0728304759
vn -0.806454301 -0.59106499 0.0165420566
vn -0.809698939 -0.577652574 0.103465773
vn -0.834920824 -0.521324575 -0.176430762
vn -0.89755255 -0.409377038 -0.163736939
vn -0.972574532 -0.231352732 -0.0239725932
vn -0.820887566 -0.568657756 -0.052650664
vn -0.982293427 -0.172531366 0.0730241612
vn -0.99137491 0.12476708 0.0401105732
vn -0.990589261 0.12494304 0.055875998
vn -0.647794127 0.658973157 0.382252961
vn -0.985280931 0.122270845 0.119462416
vn -0.533820271 0.765762448 0.358669698
vn -0.139683932 0.87456727 0.464349508
vn -0.985807896 0.120528363 0.116857603
vn -0.94405973 -0.175238132 0.279361486
vn -0.588427126 0.793604314 0.154744089
vn -0.96228534 0.0668435618 0.263702393
vn 0.273167253 0.835210681 0.477286905
vn -0.0966752842 0.968923688 0.227685601
vn -0.326131254 -0.0903959647 0.940992534
vn -0.411138386 -0.267398328 0.871472001
vn 0.154748142 -0.057322152 0.98628962
vn 0.195125148 -0.282672167 0.939160645
vn -0.165007949 0.244145006 0.955596924
vn -0.874504089 0.450539052 0.179602861
vn -0.1785831 0.962518752 0.204121664
vn 0.112836614 -0.118057944 0.986575067
vn 0.0887308568 -0.305948079 0.947904289
vn 0.206987515 0.919385433 0.334494501
vn 0.160732165 0.661156297 0.732828498
vn 0.101568572 0.259870976 0.960286856
vn -0.0352985151 -0.0693292916 0.996969163
vn -0.0530814081 -0.234108478 0.970760345
vn 0.369612068 -0.215714023 0.903799891
vn 0.104958683 0.939339697 0.326534152
vn 0.217656657 0.931524992 0.291353345
vn 0.364448667 -0.0566019043 0.929501712
vn -0.00121497456 0.233394057 0.972381532
vn -0.0797234625 0.915554583 0.394212902
vn 0.351264834 0.869909167 0.346224189
vn 0.375865638 0.634747565 0.675144851
vn 0.37646541 0.207898363 0.902802289
vn 0.347917974 -0.0116382893 0.937452674
vn 0.153803974 -0.075791128 0.985190332
vn 0.224029645 -0.25083673 0.941749275
vn 0.154950365 -0.281614155 0.946933866
vn 0.430599362 -0.287992656 0.855362117
vn 0.253876865 0.912665427 0.320294231
vn 0.486075044 -0.102683388 0.867863476
vn 0.525949836 -0.27784133 0.803853869
vn 0.15338999 0.247529373 0.956661165
vn 0.0331405886 0.957523942 0.286442995
vn 0.339998782 0.890209436 0.303196281
vn 0.488963693 0.193067282 0.85067004
vn 0.642885447 0.519892991 0.562502921
vn 0.450506538 0.864297688 0.223681301
vn 0.583365798 -0.0633575618 0.809734643
vn 0.363759726 -0.139302328 0.921017826
vn 0.352359384 -0.374013871 0.857879043
vn 0.44219932 0.823189795 0.35611558
vn 0.649241805 -0.165386945 0.742382824
vn 0.539059877 -0.390549004 0.746247947
vn 0.348827571 0.905468702 0.241755709
vn 0.466842532 0.860430658 0.204247415
vn 0.382176399 0.229950577 0.895021796
vn 0.863663495 -0.109481364 0.492035896
vn 0.780001938 -0.364490986 0.508668244
vn 0.521092176 -0.158945099 0.83856988
vn 0.843692482 0.401295751 0.356573761
vn 0.541073322 -0.346949309 0.766071737
vn 0.906927049 -0.319756806 0.274297178
vn 0.653963268 0.214808032 0.725389242
vn 0.112856567 0.897127211 0.427113712
vn 0.498489261 0.852510333 0.157272741
vn 0.445912331 0.872196794 0.201084271
vn 0.323811233 0.940824747 0.0999754295
vn 0.965696633 -0.119206779 0.230693892
vn 0.927019596 -0.24043496 -0.287794262
vn 0.963838458 0.0231248327 -0.26548183
vn 0.905614078 -0.271481723 -0.325823277
vn 0.975071549 0.140352607 0.171861991
vn 0.488601536 0.243109927 0.837953448
vn 0.158330798 0.977088094 0.142232955
vn 0.359876484 0.93134886 0.0554808825
vn 0.693489909 0.717190325 -0.0686278716
vn 0.94666183 0.152427346 -0.283896595
vn 0.817745924 -0.420574069 0.392949015
vn 0.965644062 -0.257652491 -0.0338636488
vn 0.986192167 -0.165605143 -7.02607431E-05
vn 0.85514456 -0.373479575 0.359500766
vn 0.398473322 -0.371049434 0.838773727
vn 0.867601752 -0.311592102 0.387527496
vn 0.996036947 -0.0823010877 0.0337199196
vn 0.469127595 -0.45076105 0.759429991
vn -0.204061195 -0.166481227 0.964698374
vn 0.852416933 -0.316755325 0.415994525
vn 0.980493963 -0.191896558 0.0425146297
vn 0.497413963 -0.470883071 0.728593409
vn -0.150504693 -0.356833786 0.921964288
vn -0.754928172 -0.0291069243 0.655161202
vn 0.862839818 -0.309755921 0.399447978
vn 0.957534373 -0.287930787 -0.0149623323
vn 0.534435034 -0.42713812 0.729336858
vn -0.0885475725 -0.481117398 0.872172832
vn -0.709869325 -0.175736487 0.682057381
vn -0.956498206 -0.00612184079 0.291673779
vn 0.916101515 -0.164576769 0.365612507
vn 0.977541924 -0.202569529 -0.0581148826
vn 0.995168447 -0.0766364336 -0.0613726228
vn 0.59535563 -0.332399964 0.731479228
vn -0.0331905633 -0.433387965 0.900596023
vn -0.675592721 -0.292517811 0.67676276
vn -0.942963183 -0.026377188 0.33185038
vn -0.995376229 0.0465374775 -0.0840266198
vn 0.964490175 0.0244228728 0.262987226
vn 0.997167766 -0.0718946755 -0.0220838804
vn 0.0112473303 -0.310921371 0.95036912
vn -0.628860056 -0.288909346 0.721849263
vn -0.931499779 -0.0388230495 0.361664057
vn 0.705384254 -0.104721844 0.701046646
vn -0.629762053 -0.223580942 0.743916273
vn -0.91195935 -0.121049382 0.392016828
vn 0.0551421121 -0.0934305862 0.99409759
vn -0.915137589 -0.156805977 0.371396005
vn -0.680158794 -0.0863408223 0.727962375
vn -0.937776089 -0.0753077641 0.338975966
vn -0.999249279 0.0295517668 -0.0250498839
vn -0.988745034 -0.124446608 -0.0830428973
vn -0.986613691 -0.0809124708 -0.141585782
vn -0.948383451 0.127480671 0.290374994
vn -0.743144333 0.249628603 0.620823801
vn 0.00815500505 0.476341993 0.879222274
vn -0.97994566 0.198420346 -0.0183310304
vn 0.787860334 0.273834497 0.551625609
vn 0.702094734 0.563356698 0.435536802
vn -0.00968500413 0.771408021 0.636267066
vn -0.637839139 0.635834694 0.434597939
vn -0.94690448 0.302842915 0.107972935
vn -0.990355492 0.136236072 -0.0252125151
vn -0.85115689 0.265969723 -0.452539474
vn -0.868983984 0.0679635555 -0.490150899
vn -0.384953022 0.108349577 -0.916554153
vn -0.784646511 0.367837667 -0.499024302
vn -0.816569805 0.131251559 -0.562126994
vn -0.781896949 -0.127079353 -0.610317886
vn -0.750135839 -0.124261208 -0.649504006
vn -0.983821034 0.0647451654 -0.167045727
vn -0.960604906 0.183114722 -0.20906274
vn -0.734559298 0.0251038335 -0.678079963
vn -0.240051389 -0.166328028 -0.956404865
vn -0.243428573 -0.149229527 -0.95837003
vn -0.247435078 0.1492984 -0.95733273
vn -0.245372757 0.411638439 -0.877693534
vn -0.331223667 0.338562161 -0.880719364
vn 0.395618618 0.321151406 -0.860434651
vn 0.420998037 0.204572871 -0.883691549
vn 0.884117901 0.0443211012 -0.465157062
vn 0.419066608 0.326855361 -0.847082496
vn 0.423922539 0.0691207647 -0.903057039
vn 0.383166701 -0.197951809 -0.90221858
vn 0.375301391 -0.182689026 -0.908720791
vn -0.24763307 0.00117658509 -0.968853176
vn -0.764227927 0.14285624 -0.628925979
vn 0.871431947 0.151887834 -0.466408044
vn 0.870814204 0.160835475 -0.464558482
vn 0.986192167 -0.165605143 -7.02607431E-05
vn 0.965644062 -0.257652491 -0.0338636488
vn 0.996036947 -0.0823010877 0.0337199196
vn 0.980493963 -0.191896558 0.0425146297
vn 0.859420478 -0.049086079 -0.508907735
vn 0.957534373 -0.287930787 -0.0149623323
vn 0.793162227 -0.245657697 -0.557266533
vn 0.977541924 -0.202569529 -0.0581148826
vn 0.78602463 -0.192625284 -0.587418854
vn 0.812742174 -0.0423740558 -0.581080437
vn 0.995168447 -0.0766364336 -0.0613726228
vn 0.390087605 -0.00347437663 -0.920771122
vn 0.900420845 0.0460903458 -0.432571292
vn 0.997167766 -0.0718946755 -0.0220838804
vn 0.980745792 -0.19314 0.0288915318
vn -0.179962158 0.209262833 -0.961156964
vn 0.355998635 0.19709307 -0.913465559
vn 0.975013316 -0.112908274 -0.191313207
vn 0.888854623 -0.450125188 0.0855849236
vn 0.679040015 0.0740177557 -0.730360329
vn 0.908541083 -0.386560261 -0.158506408
vn 0.809698939 -0.577652633 0.103465773
vn 0.792628229 -0.597757518 -0.120110132
vn 0.559239864 -0.568365693 -0.603499174
vn 0.660422623 -0.280375451 -0.696585655
vn 0.248780861 -0.187330082 -0.950271249
vn 0.221093521 -0.517728209 -0.826483607
vn 0.221054941 0.145669028 -0.964321077
vn -0.138858616 -0.136607617 -0.980844855
vn -0.134264588 -0.481648475 -0.866018295
vn -0.586708724 -0.0806960687 -0.805767357
vn -0.534633458 -0.432085335 -0.726270795
vn -0.7914024 -0.41906479 -0.44504711
vn -0.100127488 0.187970817 -0.977057576
vn -0.556561649 0.19665885 -0.807195306
vn -0.870993018 0.11730703 -0.477085173
vn -0.872021258 -0.114600256 -0.475863218
vn -0.857043862 -0.389855504 -0.336880714
vn -0.948308289 0.184149668 -0.258457571
vn -0.938235521 -0.0861430615 -0.335102171
vn -0.886109948 -0.326642305 -0.328806877
vn -0.920034945 0.36388424 -0.145340651
vn -0.948964298 -0.0184656177 -0.314842641
vn -0.953582942 0.0582720824 -0.295438796
vn -0.907699347 -0.282666117 -0.310131848
vn -0.940807223 -0.210637227 -0.265544027
vn -0.750452042 0.650620282 0.116253115
vn -0.836951554 0.52731812 -0.146450162
vn -0.94666183 0.152427495 -0.283896536
vn -0.905613959 -0.27148208 -0.325823396
vn -0.517433345 0.760929406 0.391470581
vn -0.681255698 0.721988976 0.120923713
vn -0.77441144 0.625804901 -0.093033053
vn -0.963838458 0.0231242292 -0.265481889
vn -0.927019417 -0.240436018 -0.287794262
vn 0.0195472408 0.823893189 0.56640774
vn -0.965696514 -0.11920739 0.23069407
vn -0.906926751 -0.319757551 0.274297416
vn -0.521092117 -0.158944711 0.83856988
vn -0.541073263 -0.346949011 0.766071856
vn -0.78000176 -0.364491075 0.508668303
vn -0.975071549 0.140352607 0.171862006
vn -0.693489909 0.717190325 -0.0686278641
vn -0.863663375 -0.109481283 0.492035985
vn -0.843692303 0.4012959 0.356573701
vn -0.539059699 -0.390548825 0.746248066
vn -0.488601506 0.243110731 0.837953389
vn -0.649241805 -0.165386781 0.742382824
vn -0.352359205 -0.374013811 0.857879221
vn -0.359876245 0.931348979 0.0554809123
vn -0.466842473 0.860430777 0.204247445
vn -0.158330753 0.977088094 0.142232969
vn -0.323811203 0.940824747 0.0999754295
vn -0.44219923 0.823189795 0.356115699
vn -0.445912212 0.872196853 0.201084346
vn -0.363759637 -0.139302209 0.921017826
vn -0.525949657 -0.277841747 0.803853869
vn -0.273167282 0.835210621 0.477286935
vn -0.498489261 0.852510273 0.157272726
vn -0.348827422 0.905468702 0.241755784
vn -0.339998841 0.890209436 0.303196281
vn -0.642885566 0.519892752 0.56250304
vn -0.112856694 0.897127151 0.427113861
vn -0.653963387 0.214807868 0.725389123
vn -0.382176459 0.229950503 0.895021796
vn -0.583365738 -0.063357994 0.809734643
vn -0.486075044 -0.102683403 0.867863476
vn -0.430599183 -0.287992477 0.855362356
vn -0.153804109 -0.0757910162 0.985190332
vn -0.154950336 -0.281613886 0.946933985
vn -0.224030063 -0.250837028 0.941749156
vn -0.488963902 0.193067044 0.85066998
vn -0.450506687 0.864297688 0.223681226
vn -0.153390259 0.247529447 0.956661165
vn -0.375865817 0.634747803 0.675144553
vn -0.347918302 -0.0116382688 0.937452614
vn -0.369612217 -0.215714082 0.903799891
vn -0.0331407413 0.957523942 0.286442816
vn -0.253876984 0.912665427 0.320294201
vn -0.217656612 0.931524992 0.291353285
vn 0.139683902 0.87456727 0.464349627
vn 0.647794068 0.658973157 0.382252961
vn -0.364448786 -0.0566019677 0.929501593
vn -0.376465499 0.207898498 0.902802229
vn -0.351264685 0.869909048 0.346224308
vn 0.0352985337 -0.0693293437 0.996969163
vn 0.0530813374 -0.234108597 0.970760345
vn -0.0887309164 -0.305948019 0.947904289
vn 0.0012151429 0.233394027 0.972381532
vn -0.160732299 0.661156476 0.732828319
vn -0.112836547 -0.118057996 0.986575067
vn -0.195125014 -0.282672256 0.939160645
vn -0.104958691 0.939339697 0.326534212
vn 0.0797234029 0.915554583 0.39421311
vn -0.154748261 -0.0573221967 0.98628962
vn 0.411138296 -0.267398685 0.871471882
vn 0.0966752991 0.968923688 0.227685601
vn -0.101568766 0.259870917 0.960286856
vn 0.326131076 -0.0903961137 0.940992534
vn 0.94405961 -0.175238445 0.279361486
vn -0.20698753 0.919385433 0.334494501
vn 0.165007874 0.244145021 0.955596983
vn 0.96228534 0.0668434426 0.263702422
vn 0.178582981 0.962518752 0.204121739
vn 0.533820331 0.765762269 0.358669668
vn 0.874504209 0.450538784 0.179602847
vn 0.588427186 0.793604255 0.154744118
vn 0.985807896 0.120528199 0.116857588
vn 0.982293427 -0.172531381 0.0730241612
vn 0.985280931 0.122270823 0.119462386
vn 0.990589261 0.12494304 0.0558759607
vn 0.972574532 -0.231352732 -0.0239725877
vn 0.820887566 -0.568657815 -0.0526506342
vn 0.834920704 -0.521324813 -0.176430717
vn 0.99137491 0.12476705 0.0401105396
vn 0.992569864 0.00224797707 0.12165565
vn 0.983601272 -0.164997667 -0.072830461
vn 0.975461185 -0.219122306 0.0214699041
vn 0.980745792 -0.19314 0.0288915318
vn 0.874092221 -0.485121667 0.0248932205
vn 0.888854623 -0.450125188 0.0855849236
vn 0.89755255 -0.409377158 -0.16373691
vn 0.806454301 -0.59106493 0.0165421069
vn 0.809698939 -0.577652633 0.103465773
vn -0 0.218360454 -0.975868225
vn -0 0.85585624 -0.517213762
vn -0.116080403 0.826350033 -0.551063478
vn -0.164260432 0.199295223 -0.966074467
vn -0 0.112293951 -0.993674934
vn -0.367343992 0.788409233 -0.493426025
vn -0.162713483 0.129570484 -0.978128731
vn -0 0.172110215 -0.98507762
vn -0.506029665 0.193347976 -0.840565622
vn -0.559240043 0.795499623 -0.233304247
vn -0.152129248 0.186561361 -0.970593452
vn -0 0.0405360088 -0.999177992
vn -0.523253262 0.168113723 -0.835430384
vn -0.856003404 0.23203738 -0.461970568
vn -0.617647529 0.785639107 0.0358154625
vn -0.141050369 0.064091295 -0.987925649
vn -0 -0.192478821 -0.981301069
vn -0.509216011 0.202830613 -0.836396337
vn -0.873324931 0.112115659 -0.474060833
vn -0.980687976 0.163510501 -0.107310429
vn -0.535134792 0.808930397 0.243438676
vn -0.125249937 -0.163511008 -0.978558421
vn -0 -0.086546354 -0.996247828
vn -0.500368536 0.0960355327 -0.860469937
vn -0.8703565 0.176665798 -0.459639847
vn -0.996827662 0.0168753639 -0.0777798146
vn -0.95244956 0.0433255024 0.301600307
vn -0.36232689 0.84588623 0.391402185
vn -0.103804536 -0.0766194239 -0.991642118
vn -0 0.0936196223 -0.995608032
vn -0.488459677 -0.138775393 -0.861480415
vn -0.882268131 0.0632986575 -0.46647203
vn -0.983935714 0.155907467 -0.0869680047
vn -0.955324709 -0.0725237057 0.28652212
vn -0.800446272 -0.0224550106 0.598983884
vn -0.220026046 0.858992219 0.462299585
vn -0.0916189626 0.113354452 -0.989321351
vn -0 -0.195489585 -0.980705738
vn -0.0578611232 -0.130166978 -0.989802301
vn -0 -0.756456912 -0.654043555
vn -0.521011412 -0.0780103058 0.849977314
vn -0.0980899855 0.866207778 0.489961743
vn -0.778885365 -0.185612991 0.59907043
vn -0.941852033 0.118946783 0.314271361
vn -0.465750873 -0.093089141 -0.880006015
vn -0.258497149 -0.115700491 0.959058225
vn -0 0.865833342 0.500332475
vn -0.528671086 -0.23960042 0.814308643
vn -0 -0.133622393 0.991032302
vn 0.0980901271 0.866208136 0.489960968
vn -0.993839324 0.0180737153 -0.109347291
vn -0.857100487 -0.186826661 -0.480077535
vn -0.779171228 0.0378918424 0.625664771
vn -0.253654212 -0.22584489 0.940560281
vn 0.258497536 -0.115700781 0.959057987
vn 0.220026046 0.858992696 0.46229884
vn -0.957259953 -0.0277963895 0.287890077
vn -0.969285846 -0.208514124 -0.130409911
vn -0.529742777 -0.029313229 0.847651601
vn -0 -0.211354658 0.977409482
vn 0.52101177 -0.078010343 0.849977136
vn 0.362326682 0.84588623 0.391402423
vn -0.784986556 -0.0937748551 0.612374365
vn -0.270989001 -0.0307656322 0.962090671
vn 0.25365448 -0.225845218 0.940560162
vn 0.800445974 -0.022454856 0.598984063
vn 0.535134673 0.808930278 0.243439212
vn -0.94161123 -0.23643215 0.239725336
vn -0.531213462 -0.159996718 0.83199352
vn -0 -0.026020173 0.999661446
vn 0.528671384 -0.239600137 0.814308405
vn 0.952449441 0.0433257222 0.301600665
vn 0.617647886 0.785638809 0.0358151607
vn -0.762135208 -0.32877925 0.55772233
vn -0.272697926 -0.181318194 0.944859564
vn 0.270988852 -0.0307654962 0.96209079
vn 0.778885245 -0.185612485 0.599070847
vn 0.980687976 0.163510531 -0.107310213
vn 0.559239984 0.795499086 -0.233306229
vn -0 -0.180980861 0.983486652
vn -0.25632447 -0.50769949 0.822519898
vn 0.529742718 -0.0293129757 0.847651601
vn 0.95532459 -0.0725238025 0.286522478
vn 0.856003404 0.232037202 -0.461970717
vn 0.367343515 0.788408637 -0.493427306
vn 0.77917099 0.0378916934 0.625665009
vn 0.531213343 -0.159996718 0.83199358
vn 0.272697955 -0.181318238 0.944859564
vn 0.996827662 0.0168753359 -0.0777793303
vn 0.506029427 0.19334805 -0.840565801
vn 0.116080411 0.826350868 -0.551062286
vn 0.941851914 0.118946321 0.314271599
vn -0 -0.508465827 0.861082256
vn 0.87332499 0.112115338 -0.474060684
vn 0.164260417 0.199295476 -0.966074467
vn -0 0.85585624 -0.517213762
vn -0 0.218360454 -0.975868225
vn 0.523253202 0.168113708 -0.835430443
vn 0.162713423 0.129570544 -0.978128731
vn -0 0.112293951 -0.993674934
vn 0.983935833 0.155906975 -0.0869679302
vn 0.8703565 0.176665217 -0.459639996
vn 0.152129292 0.186561406 -0.970593452
vn -0 0.172110215 -0.98507762
vn 0.509215832 0.202830285 -0.836396456
vn 0.141050339 0.0640912876 -0.987925649
vn -0 0.0405360088 -0.999177992
vn 0.500368476 0.0960354358 -0.860469937
vn 0.882268131 0.063298434 -0.46647203
vn 0.993839324 0.0180735644 -0.109347314
vn 0.957259953 -0.0277963988 0.287890196
vn 0.125249907 -0.163510948 -0.978558421
vn -0 -0.192478821 -0.981301069
vn 0.488459617 -0.138775423 -0.861480415
vn 0.857100487 -0.186826736 -0.480077595
vn 0.969285846 -0.208514079 -0.130409956
vn 0.103804499 -0.076619342 -0.991642118
vn -0 -0.086546354 -0.996247828
vn 0.465750694 -0.0930891037 -0.880006015
vn 0.861539781 -0.0857511088 -0.500395834
vn 0.091618903 0.11335443 -0.989321351
vn -0 0.0936196223 -0.995608032
vn 0.477872699 0.155735463 -0.864513755
vn 0.057861045 -0.130166948 -0.989802301
vn -0 -0.195489585 -0.980705738
vn 0.94161129 -0.236432001 0.239725024
vn 0.987990201 -0.025081465 -0.152467027
vn 0.845442832 0.197351933 -0.496264726
vn 0.430833429 -0.0354942456 -0.90173316
vn -0.223576665 -0.649878263 -0.726410151
vn -0 -0.756456912 -0.654043555
vn -0 -0.95330888 -0.301997125
vn 0.967298746 -0.0269205514 0.252207071
vn 0.967006266 0.219592705 -0.12914291
vn 0.838661194 0.105050698 -0.53442663
vn -0.535151005 -0.736961007 -0.412918866
vn -0 -0.99199599 -0.126269281
vn 0.936830163 0.199482471 0.287325323
vn 0.981972277 0.130491778 -0.136756435
vn 0.952913404 0.126392335 0.275646806
vn 0.815913498 0.0135728512 -0.578014731
vn 0.9839378 0.0610027015 -0.167764783
vn 0.964027882 0.0696420223 0.256515861
vn 0.390393317 -0.147168219 -0.908809423
vn -0.0111932289 -0.311656654 -0.950128853
vn -0.493909031 -0.463173091 -0.735883534
vn 0.696524084 0.103154235 0.710079849
vn 0.721635699 0.0445179194 0.690840185
vn 0.705307305 0.123405725 0.698077679
vn 0.746632934 -0.202385738 0.633702815
vn 0.762135208 -0.328779131 0.557722449
vn 0.784986496 -0.0937748775 0.612374604
vn 0.497840971 -0.459025711 0.735832751
vn 0.435714513 -0.461147606 0.772978544
vn 0.398595691 -0.058596354 0.915252924
vn 0.244756728 0.0238257591 0.969291687
vn 0.256324559 -0.507699311 0.822519958
vn 0.224122584 -0.612187445 0.758284569
vn 0.213981211 -0.408527255 0.887309134
vn -0 -0.658864737 0.75226146
vn 0.228126392 -0.0303958971 0.973156929
vn -0.136229828 -0.327982932 0.934809327
vn -0 -0.5045771 0.863366604
vn -0.224122733 -0.612187743 0.75828445
vn -0 -0.816626012 0.577167153
vn -0.213981211 -0.408527255 0.887309134
vn 0.1362326 -0.327989757 0.934806645
vn -0.398595899 -0.0585963316 0.915252864
vn -0.435714513 -0.461147785 0.772978365
vn -0.263257623 -0.128670394 0.956106305
vn -0.49784109 -0.45902586 0.735832632
vn -0.746632874 -0.202385485 0.633702934
vn -0.705307424 0.123405904 0.698077679
vn -0.967298746 -0.0269201249 0.252207398
vn -0.936830163 0.19948265 0.287325174
vn -0.987990201 -0.0250812117 -0.152466953
vn -0.967006266 0.219592899 -0.12914288
vn -0.8615399 -0.0857511461 -0.500395656
vn -0.845442832 0.197351992 -0.496264726
vn -0.477872699 0.155735418 -0.864513755
vn -0.430833429 -0.0354943424 -0.90173316
vn -0.838661134 0.105050743 -0.534426749
vn -0.981972277 0.130491868 -0.13675639
vn -0.390393287 -0.147168279 -0.908809423
vn -0.952913404 0.126392335 0.275646746
vn -0.815913498 0.0135728354 -0.578014731
vn -0.696524203 0.103154227 0.71007973
vn -0.9839378 0.0610026866 -0.167764723
vn -0.244756892 0.0238257758 0.969291687
vn -0.964027882 0.0696419775 0.256515861
vn -0.721635699 0.0445179008 0.690840185
vn -0.228126347 -0.0303958822 0.973156929
vn -0.793432057 -0.00973574631 -0.608581007
vn -0.979650259 0.0350457802 -0.197628587
vn -0.9738186 0.0300696772 0.225329131
vn -0.740314066 -0.0181493554 0.672016203
vn -0.333817095 -0.0985049754 -0.937476873
vn -0.786045611 0.0631928965 -0.614930093
vn -0.971311331 0.0794280469 -0.224155307
vn -0.983584642 0.0424597003 0.175380871
vn -0.334665149 0.0281554107 -0.941916347
vn -0.248105019 -0.0956987962 0.963994622
vn -0.71980226 -0.05303251 0.692150474
vn 0.263264745 -0.128672257 0.9561041
vn 0.177102581 -0.178205505 -0.967924297
vn 0.180796027 0.0268207882 -0.983154774
vn 0.0111932075 -0.311656713 -0.950128853
vn 0.223576695 -0.649878204 -0.726410329
vn 0.535151005 -0.736960948 -0.412918985
vn -0 -0.95330888 -0.301997125
vn 0.855596542 -0.484349996 -0.182646424
vn -0 -0.99199599 -0.126269281
vn -0 -0.998861432 0.0477054901
vn 0.93268621 -0.359240651 0.0322893187
vn 0.967800915 -0.250895649 0.0203159656
vn 0.919847608 -0.288188577 -0.266134828
vn 0.966510355 -0.256614208 -0.00263624545
vn 0.744173944 -0.380605489 -0.548948646
vn 0.919117987 -0.250494093 -0.30409652
vn 0.985669136 -0.168614775 0.00505763991
vn 0.493909031 -0.463173032 -0.735883534
vn 0.784565449 -0.220992222 -0.579326808
vn 0.958353162 -0.0896208733 -0.271158993
vn 0.996539235 -0.0792423561 0.0251053851
vn 0.551620781 -0.196189776 -0.810693562
vn 0.843063414 -0.010900192 -0.537703693
vn 0.591886997 0.0368290916 -0.805179119
vn 0.970347106 0.0655687153 -0.232652739
vn 0.852067649 0.179469168 -0.491702616
vn 0.580175757 0.22535032 -0.782696187
vn 0.970386147 -0.234586716 -0.0576167926
vn 0.945313156 -0.32333976 0.04282986
vn 0.213766724 -0.920005679 -0.328471214
vn 0.24788624 -0.955744863 0.158442706
vn 0.929750025 -0.191624254 -0.314396441
vn 0.267946124 -0.905835569 -0.328126311
vn 0.859021723 -0.026412474 -0.51125735
vn 0.284114063 -0.705337644 -0.649444461
vn 0.663783312 0.0278094653 -0.747407734
vn 0.426801652 -0.755033493 -0.49775967
vn 0.11629504 0.200322226 -0.972803354
vn 0.328792989 0.220317677 -0.918343842
vn 0.257892936 -0.327750802 -0.908884227
vn 0.186085224 -0.844300091 -0.502523124
vn -0.130959421 0.00572396908 -0.991371155
vn -0.338385582 -0.756363571 -0.559829772
vn -0.312945753 0.184489861 -0.931680501
vn -0.338550061 0.0659243539 -0.938636124
vn -0.358772546 -0.755774617 -0.547801971
vn -0.711870074 0.194297254 -0.674899638
vn -0.575325251 0.0468286425 -0.816583097
vn -0.401830703 -0.790498137 -0.462217212
vn -0.804738224 0.132066473 -0.578752816
vn -0.209262595 -0.741759956 -0.637182355
vn -0.95127517 0.16972962 -0.257424504
vn -0.91344583 -0.120499931 -0.388711244
vn -0.152353048 -0.777383208 -0.610298097
vn -0.952750504 0.186573744 -0.239701569
vn -0.976995349 -0.157737777 -0.143522888
vn -0.179975599 -0.958003938 -0.223242655
vn -0.986614048 0.161279783 -0.0241142213
vn -0.91311574 -0.353760451 0.20266518
vn -0.0302522518 -0.954082131 0.298013628
vn -0.917764008 -0.0548766442 0.393316537
vn 0.12514253 -0.538502216 0.83327949
vn -0.993599057 0.100858413 0.0508777983
vn -0.867339611 -0.176057607 0.465537935
vn 0.000343751133 -0.801903784 0.597452998
vn -0.905645132 0.0220920015 0.423460454
vn -0.91194874 -0.15391314 0.380342364
vn -0.384582371 -0.922557533 -0.0313687511
vn -0.613944113 -0.0680156499 0.786413789
vn -0.909378827 -0.105556555 0.402352929
vn -0.65185535 -0.676859915 -0.341972739
vn -0.938252747 -0.12992081 0.320628196
vn -0.718551993 -0.486327976 -0.497160107
vn -0.596211016 -0.0383519903 0.801911235
vn -0.84591794 -0.498916805 0.188427463
vn -0.60888499 -0.62446624 -0.489183933
vn -0.291383535 -0.928784728 -0.229029834
vn -0.248275712 -0.140935674 0.95838207
vn -0.533810794 -0.270787835 0.801074207
vn -0.283758163 -0.126566395 0.95050633
vn 0.263212085 -0.184230134 0.946984053
vn -0.331945091 -0.444675773 0.831911027
vn 0.0770386681 -0.997022569 0.00332394755
vn -0.231196627 -0.365911871 0.901474714
vn 0.454260647 -0.883363903 0.115392566
vn -0.399570227 -0.0937370956 0.91189748
vn 0.0968614742 -0.62217778 0.776860714
vn 0.295917004 -0.955209613 0.00275869365
vn 0.0934212133 -0.317156196 0.943760753
vn -0.0633496866 -0.996617973 0.0523407012
vn 0.408936203 -0.465238124 0.785063565
vn -0.298229814 -0.946096718 0.12633352
vn 0.322910935 -0.207072228 0.923498631
vn 0.728618979 -0.402580827 0.55411464
vn -0.1972128 -0.980317473 -0.00921127014
vn 0.733215213 -0.234686136 0.638214648
vn 0.872617126 -0.349753469 0.340898693
vn 0.0197794996 -0.920714021 -0.389736503
vn 0.278402001 -0.217321545 0.93555522
vn 0.945313156 -0.32333976 0.04282986
vn 0.213766724 -0.920005679 -0.328471214
vn 0.896992147 -0.19540976 0.396509886
vn 0.996539235 -0.0792423561 0.0251053851
vn 0.985669136 -0.168614775 0.00505763991
vn 0.906151414 -0.231274307 0.354121268
vn 0.966510355 -0.256614208 -0.00263624545
vn 0.697113037 -0.252278209 0.671110392
vn 0.899481416 -0.257656604 0.352911055
vn 0.967800915 -0.250895649 0.0203159656
vn 0.688449621 -0.245706528 0.682396889
vn 0.902159572 -0.247251883 0.353517592
vn 0.686469078 -0.217469499 0.693878353
vn 0.487565517 -0.614640713 0.620077848
vn 0.793021262 -0.510187984 0.332904756
vn 0.93268621 -0.359240651 0.0322893187
vn -0 -0.998861432 0.0477054901
vn -0 -0.974931479 0.222505301
vn -0.93268621 -0.359240592 0.0322893038
vn -0 -0.943140745 0.332393706
vn -0.793028116 -0.51018101 0.332898855
vn -0.487572283 -0.61463064 0.620082557
vn -0.686468363 -0.217469141 0.693879187
vn -0.902162969 -0.247252196 0.353508562
vn -0.967800915 -0.250895649 0.0203159656
vn -0.966510355 -0.256614149 -0.00263621053
vn -0.899482012 -0.257661045 0.352906495
vn -0.985669136 -0.16861476 0.00505772186
vn -0.688447237 -0.245715231 0.682396054
vn -0.906151414 -0.231274307 0.354121298
vn -0.996539235 -0.0792423338 0.0251054373
vn -0.263206929 -0.184232965 0.946984887
vn -0.697113037 -0.252278179 0.671110332
vn -0.896992147 -0.19540973 0.396509916
vn -0.945313156 -0.32333979 0.04282986
vn 0.248105079 -0.0956988335 0.963994622
vn -0.278401971 -0.21732153 0.935555279
vn 0.740314066 -0.018149307 0.672016203
vn -0.872617185 -0.34975332 0.340898693
vn -0.213766754 -0.920005679 -0.328471243
vn -0.0197794978 -0.920713902 -0.389736682
vn -0.728619099 -0.402580738 0.55411458
vn 0.197212577 -0.980317473 -0.00921195652
vn -0.733215272 -0.234686062 0.638214588
vn -0.408936292 -0.465237945 0.785063446
vn 0.298229635 -0.946096778 0.126332968
vn 0.248275712 -0.140935704 0.95838207
vn -0.322910875 -0.207072273 0.923498511
vn -0.0934212357 -0.317156225 0.943760753
vn 0.0633495972 -0.996617973 0.0523402542
vn 0.283758074 -0.126566455 0.95050633
vn 0.71980232 -0.0530325286 0.692150354
vn -0.0968613997 -0.622178137 0.776860476
vn -0.295916945 -0.955209732 0.00275764312
vn 0.399570197 -0.0937371328 0.91189748
vn 0.231196508 -0.365911931 0.901474714
vn -0.454260916 -0.883363903 0.115391843
vn 0.331944883 -0.444675624 0.831911206
vn -0.0770392418 -0.99702245 0.00332445907
vn 0.291383356 -0.928784788 -0.229029596
vn 0.533810735 -0.270787627 0.801074386
vn 0.596211076 -0.038352102 0.801911116
vn 0.845918059 -0.498916566 0.188427538
vn 0.608885109 -0.624465764 -0.489184409
vn 0.938252628 -0.129920945 0.320628196
vn 0.718551695 -0.486328006 -0.497160494
vn 0.613944232 -0.0680157989 0.78641355
vn 0.909378767 -0.105557039 0.402352899
vn 0.651854753 -0.676860631 -0.341972291
vn 0.905645132 0.0220916942 0.423460424
vn 0.91194874 -0.153913483 0.380342126
vn 0.993599057 0.100858428 0.0508778095
vn 0.384582222 -0.922557652 -0.0313689187
vn 0.867339611 -0.176057622 0.465538144
vn -0.000343826658 -0.801903963 0.597452939
vn 0.917763889 -0.0548765846 0.393316567
vn -0.125142619 -0.538501859 0.833279729
vn 0.983584642 0.0424597338 0.175380856
vn 0.91311574 -0.353760481 0.202665225
vn 0.0302523058 -0.954082072 0.298013717
vn 0.986614168 0.161279723 -0.0241142325
vn 0.976995349 -0.15773797 -0.143522814
vn 0.179975316 -0.958003998 -0.223242313
vn 0.913445771 -0.120500118 -0.388711423
vn 0.152352586 -0.777383327 -0.610298157
vn 0.952750504 0.186573684 -0.239701569
vn 0.804738224 0.132065862 -0.578753114
vn 0.20926246 -0.741759896 -0.637182474
vn 0.95127517 0.169729501 -0.257424504
vn 0.575325191 0.0468287319 -0.816583097
vn 0.401830673 -0.790497899 -0.462217718
vn 0.971311331 0.0794280544 -0.224155307
vn 0.711870074 0.19429715 -0.674899638
vn 0.338550061 0.0659244135 -0.938636124
vn 0.358772486 -0.755774498 -0.54780215
vn 0.786045611 0.0631929263 -0.614930093
vn 0.312945724 0.184489891 -0.931680501
vn 0.130959421 0.00572397746 -0.991371155
vn 0.338385642 -0.756363571 -0.559829772
vn 0.33466509 0.0281554759 -0.941916466
vn -0.11629495 0.200322196 -0.972803354
vn -0.257892758 -0.327750802 -0.908884346
vn -0.186085179 -0.844299972 -0.502523541
vn -0.328792661 0.220317438 -0.918343902
vn -0.66378355 0.0278092865 -0.747407496
vn -0.426801503 -0.755034089 -0.497758895
vn -0.180796087 0.0268207733 -0.983154774
vn -0.580175698 0.225350335 -0.782696247
vn -0.859021783 -0.026412772 -0.511257172
vn -0.28411445 -0.70533824 -0.649443567
vn -0.591886938 0.036829073 -0.805179119
vn -0.852067649 0.179469123 -0.491702527
vn -0.929750025 -0.191624194 -0.314396262
vn -0.267946512 -0.90583545 -0.328126281
vn -0.970347106 0.0655687153 -0.232652664
vn -0.970386147 -0.234586775 -0.0576168001
vn -0.24788636 -0.955744863 0.158442736
vn -0.945313156 -0.32333979 0.04282986
vn -0.213766754 -0.920005679 -0.328471243
vn -0.996539235 -0.0792423338 0.0251054373
vn -0.985669136 -0.16861476 0.00505772186
vn -0.958353162 -0.0896208659 -0.271158993
vn -0.966510355 -0.256614149 -0.00263621053
vn -0.843063414 -0.010900218 -0.537703872
vn -0.919117987 -0.250494093 -0.30409658
vn -0.967800915 -0.250895649 0.0203159656
vn -0.78456533 -0.220992163 -0.579326868
vn -0.919847608 -0.288188547 -0.266134888
vn -0.93268621 -0.359240592 0.0322893038
vn -0.551620841 -0.196189821 -0.810693502
vn -0.744173944 -0.380605459 -0.548948646
vn -0.855596542 -0.484349996 -0.182646275
vn -0 -0.998861432 0.0477054901
vn -0.177102581 -0.17820546 -0.967924297
vn 0.333817095 -0.0985049158 -0.937476873
vn 0.793431997 -0.00973568484 -0.608581007
vn 0.979650259 0.035045851 -0.197628602
vn 0.9738186 0.0300697908 0.225329131
vn -0.561119735 -0.117335632 -0.819375932
vn 0.202540487 -0.790216804 -0.578389764
vn -0.458890676 -0.199196309 -0.865875304
vn -0.0114678964 -0.839885771 -0.542641997
vn -0.4395006 0.0547795184 -0.896570325
vn -0.0411744863 -0.882852614 -0.467841774
vn -0.323449761 -0.864762068 -0.384144187
vn 0.145808265 -0.917752028 -0.369420022
vn 0.29385969 -0.871499121 -0.392601132
vn 0.138840929 -0.907274842 -0.396957785
vn 0.351336628 -0.709252596 -0.611165524
vn 0.0832400173 -0.96560663 -0.246322721
vn 0.444059163 -0.811549425 -0.37973544
vn -0.233963534 -0.97011888 0.0642687231
vn 0.386083037 -0.842922986 -0.374727607
vn -0.0958766714 -0.993644834 0.0589712523
vn 0.439781725 -0.869550645 -0.22466363
vn 0.686119616 -0.502031922 -0.526501477
vn 0.754802585 -0.402135313 -0.518228054
vn 0.418313235 -0.908265352 0.00825926661
vn -0.217388496 -0.974591255 0.0539815463
vn -0.919077218 -0.39233008 0.0370688103
vn 0.0222056694 -0.989227891 0.144689471
vn 0.44759202 -0.894081235 0.0167355649
vn 0.791462123 -0.605166793 0.0857958049
vn 0.946287751 -0.251864254 0.202740952
vn 0.237829641 -0.95998913 0.147844166
vn 0.187064782 -0.967570066 0.169749841
vn 0.134302095 -0.964997888 0.225259721
vn 0.279053271 -0.50150913 0.818912685
vn 0.113301881 -0.97628057 0.184496433
vn 0.113924168 -0.976165593 0.184720874
vn -0.0194009282 -0.993360758 0.113393277
vn -0.850903273 -0.525035203 0.0173671357
vn -0.874099314 -0.478894532 0.0813043639
vn -0.97431004 -0.20841907 -0.085331209
vn 0.850903273 -0.525035203 0.0173671357
vn 0.97431004 -0.20841907 -0.085331209
vn 0.919077218 -0.39233008 0.0370688103
vn 0.217388526 -0.974591255 0.0539815463
vn 0.874099314 -0.478894532 0.0813043639
vn 0.233963609 -0.97011888 0.0642687306
vn 0.0958766714 -0.993644834 0.0589709692
vn -0.022205634 -0.98922801 0.144688725
vn 0.0194009114 -0.993360758 0.113393262
vn -0.113301896 -0.976280451 0.184496552
vn -0.113924213 -0.976165593 0.184720993
vn -0.145808056 -0.917751551 -0.369421273
vn -0.2378297 -0.959989071 0.14784427
vn -0.0832399949 -0.96560663 -0.246322721
vn -0.351336688 -0.709252298 -0.611165881
vn -0.202540547 -0.790216804 -0.578389823
vn -0.134302124 -0.964997888 0.225259826
vn 0.0411745682 -0.882852435 -0.467841923
vn -0.187064826 -0.967570066 0.169749841
vn -0.279053271 -0.50150913 0.818912685
vn -0.418313235 -0.908265352 0.00825926661
vn -0.447592139 -0.894081235 0.0167355649
vn -0.439781725 -0.869550645 -0.224663705
vn -0.386083007 -0.842922926 -0.374727726
vn -0.293859631 -0.871499121 -0.392601252
vn -0.791462123 -0.605166793 0.0857958496
vn -0.946287751 -0.251864254 0.202740952
vn -0.444059104 -0.811549425 -0.379735529
vn -0.686119616 -0.502031922 -0.526501536
vn -0.754802585 -0.402135313 -0.518228054
vn -0.138840869 -0.907274842 -0.396957815
vn 0.32344982 -0.864762068 -0.384144276
vn 0.0114679635 -0.839885771 -0.542641997
vn 0.458890676 -0.199196309 -0.865875304
vn 0.561119795 -0.11733564 -0.819375932
vn 0.4395006 0.0547795184 -0.896570325
vn 0.0749290958 0.711466312 0.698714018
vn -0 0.701218009 0.712946892
vn -0 0.701218009 0.712946892
vn 0.0992852449 0.713362753 0.693726301
vn 0.323775887 0.750891745 0.575613439
vn 0.285223961 0.741756916 0.60699594
vn 0.611761928 0.686136842 0.393654257
vn 0.514505982 0.73404932 0.443232536
vn 0.744906783 0.644558311 0.172216251
vn 0.749695122 0.648791254 0.130487651
vn 0.652294576 0.754315794 -0.0742927343
vn 0.594081402 0.79671967 -0.110928439
vn 0.426553071 0.888746142 -0.167877376
vn 0.358008862 0.918188334 -0.169587567
vn 0.217800856 0.956454039 -0.194315121
vn 0.240828425 0.953036785 -0.183637142
vn 0.117175743 0.907990098 -0.402273417
vn 0.147517174 0.95325923 -0.263695776
vn -0.00664689019 0.841868639 -0.5396415
vn -0.00601003412 0.842133403 -0.539235711
vn -0.145879596 0.817610025 -0.556985557
vn -0.219657689 0.849070728 -0.480447143
vn -0.305086941 0.886347651 -0.34829551
vn -0.326274067 0.893619835 -0.308202446
vn -0.47135067 0.858205438 -0.203253627
vn -0.421698153 0.878318191 -0.225228235
vn -0.6420964 0.762928367 -0.0751831979
vn -0.598312497 0.79278636 -0.116241291
vn -0.714311123 0.677533686 0.17523621
vn -0.719983041 0.682055116 0.12816146
vn -0.601077676 0.693953037 0.396402121
vn -0.529031515 0.716931283 0.454021096
vn -0.347646624 0.717723966 0.603335738
vn -0.305033803 0.709129155 0.635680914
vn -0.080283232 0.697520018 0.712053657
vn -0.10461513 0.695556641 0.710814118
vn -0 0.701218009 0.712946892
vn -0 0.701218009 0.712946892
vn -1 0 0
vn -1 0 0
vn -1 0 0
vn -1 0 0
vn -1 0 0
vn -1 0 0
vn -1 -3.68743571E-07 0
vn -1 0 0
vn -1 0 0
vn -1 0 0
vn -1 0 0
vn -1 0 0
vn -1 0 0
vn -1 0 0
vn -1 0 0
vn -1 0 0
vn -0.187972441 -0.939325213 -0.2869398
vn -0.302362859 -0.911776781 -0.277920485
vn -0.302366585 -0.948724866 0.092172049
vn -0.18887572 -0.97749263 0.0939901769
vn -0.30237028 -0.841220438 0.448241532
vn -0.0993370861 -0.990609169 0.0939452574
vn -0.0979002416 -0.951746583 -0.290850461
vn -0.0998821035 -0.921963036 0.374176055
vn -0.211275429 -0.884417772 0.416134477
vn -0.102377318 -0.782734215 0.613877892
vn -0.302373677 -0.605658412 0.736035347
vn -0.11425072 -0.601604223 0.790581465
vn -0.228176087 -0.596511006 0.769487083
vn -0.302374303 -0.277893394 0.911781251
vn -0.228345454 -0.311109781 0.922533989
vn -0.115049981 -0.326295108 0.938240349
vn -0.21221827 0.142916515 0.966715157
vn -0.302374512 0.0921709016 0.948722363
vn -0.105487354 -0.0808572024 0.991127849
vn -0.102714017 0.19731763 0.974943876
vn -0.302370787 0.448236555 0.841222882
vn -0.101632304 0.46950382 0.877061665
vn -0.189991325 0.462578148 0.865981877
vn -0.302362114 0.736052811 0.605642915
vn -0.100003526 0.768809557 0.631609976
vn -0.189124733 0.75851661 0.623605967
vn -0.302355528 0.911780357 0.277916789
vn -0.0994934216 0.951852202 0.28996256
vn -0.188725591 0.939416528 0.286145538
vn -0.302362889 0.948725402 -0.0921778679
vn -0.102084063 0.990329623 -0.0939463153
vn -0.190180466 0.977339804 -0.0929421857
vn -0.30236873 0.841217697 -0.448247492
vn -0.104646184 0.92098248 -0.375287116
vn -0.213135496 0.884053051 -0.415960908
vn -0.107930154 0.780482292 -0.615790904
vn -0.302371174 0.605661571 -0.736033797
vn -0.117348075 0.600651085 -0.790852547
vn -0.229168624 0.596123159 -0.769492567
vn -0.30237326 0.277895659 -0.911780834
vn -0.228995547 0.310739845 -0.922497571
vn -0.116012454 0.325149715 -0.938519478
vn -0.210463122 -0.141802594 -0.967262805
vn -0.302378863 -0.0921690762 -0.94872117
vn -0.100692421 0.0718399957 -0.992320597
vn -0.0969748944 -0.197821587 -0.975429416
vn -0.302373469 -0.448255122 -0.841211975
vn -0.097275883 -0.466529429 -0.879140258
vn -0.187684759 -0.46201852 -0.866783261
vn -0.302362442 -0.736055493 -0.605639577
vn -0.0971727222 -0.767584503 -0.633538842
vn -0.18742165 -0.758197129 -0.624508023
vn -0.302362859 -0.911776781 -0.277920485
vn -0.0979002416 -0.951746583 -0.290850461
vn -0.187972441 -0.939325213 -0.2869398
vn 1 0 0
vn 1 1.42199769E-06 0
vn 1 1.42199758E-06 0
vn 1 -1.06465768E-06 0
vn 1 0 0
vn 1 0 0
vn 0.846941113 -0.468518794 -0.251358181
vn 0.847176254 -0.468188554 -0.251181006
vn 0.956597507 -0.256790787 -0.137766898
vn 0.956533015 -0.25697723 -0.137866944
vn 0.957100928 0.255366504 0.136915073
vn 0.957074881 0.25544259 0.136955887
vn 0.845854402 0.470108211 0.252048582
vn 0.844656348 0.471778482 0.252944082
vn 1 7.53652955E-07 0
vn 1 7.53653126E-07 0
vn 1 0 0
vn 1 0 0
vn 1 0 0
vn 1 -2.87586317E-06 0
vn -0.554430306 -0.356714219 -0.75190556
vn 0.581968427 -0.223596022 -0.781867921
vn -0.486339837 -0.260913759 -0.833904982
vn 0.583984256 -0.351668686 -0.731636167
vn 0.188879669 -0.980839729 0.0477278754
vn 0.717834711 -0.198944896 -0.667183816
vn 0.235399336 -0.967743993 0.0897711143
vn 0.725546002 -0.320257008 -0.609112978
vn 0.929889262 0.171121627 0.325612247
vn 0.886639476 0.0921244472 0.453192621
vn 0.501121223 0.202815145 0.841275036
vn 0.526472569 0.318719715 0.788190603
vn -0.623678446 0.242790535 0.743019521
vn 0.0396050625 -0.94840008 0.314593047
vn 0.235399336 -0.967743993 0.0897711143
vn 0.188879669 -0.980839729 0.0477278754
vn -0.619371772 0.100164659 0.778681993
vn -0.00597477611 -0.962789297 0.27018708
vn -0.731383145 0.0676093325 0.678607047
vn -0.751797855 0.19935599 0.628535748
vn -0.929623961 -0.117388465 -0.349312484
vn -0.925496519 -0.243534595 -0.290081203
vn -0.554430306 -0.356714219 -0.75190556
vn -0.486339837 -0.260913759 -0.833904982
vn 0.685745895 -0.0258098431 -0.727383196
vn 0.360732287 -0.0708395019 -0.929975212
vn 0.432091624 -0.112585731 -0.894774437
vn 0.705690622 -0.0907270685 -0.702687263
vn 0.834076941 0.129067495 0.53633678
vn 0.0685603917 -0.988299966 0.136244744
vn -0.24198246 -0.961767673 -0.128247216
vn -0.323222399 -0.944974124 -0.0505100898
vn 0.823514342 -0.0130936457 0.567144334
vn -0.0112086954 -0.9800964 0.198205426
vn 0.689019322 0.0121451188 0.724641263
vn 0.678293347 0.151953429 0.718907595
vn -0.386490107 0.189969972 0.902516961
vn -0.370244026 0.11586839 0.921679914
vn -0.74045074 0.136436671 0.658116758
vn -0.688147783 0.094861649 0.719342649
vn -0.816542268 -0.111189388 -0.566476524
vn -0.802446246 -0.220146522 -0.554630876
vn -0.323222399 -0.944974124 -0.0505100898
vn -0.24198246 -0.961767673 -0.128247216
vn -0.682004154 -0.247677326 -0.688132465
vn -0.703485429 -0.132501647 -0.698248863
vn 0.432091624 -0.112585731 -0.894774437
vn 0.360732287 -0.0708395019 -0.929975212
vn -0.461126417 -0.229416236 -0.857164264
vn -0.420734257 -0.255593628 -0.870433629
vn 0.5837937 0.456418753 -0.671466172
vn 0.545490801 0.500187457 -0.672497034
vn -0.331379175 0.933292747 -0.138391986
vn 0.66841048 0.482476145 -0.566078007
vn -0.308815062 0.950649917 0.0299685244
vn 0.622665703 0.532582581 -0.573274136
vn 0.726383209 0.233215913 0.646512032
vn 0.715629697 0.280182898 0.639821589
vn 0.492642105 0.1093738 0.863331437
vn 0.513574719 0.0730464906 0.854929984
vn -0.552351117 -0.459106922 0.695793867
vn -0.646908641 0.676086426 0.352726877
vn -0.308815062 0.950649917 0.0299685244
vn -0.331379175 0.933292747 -0.138391986
vn -0.603547573 -0.398324996 0.69070065
vn -0.71588707 0.650295317 0.254207969
vn -0.709802747 -0.435744017 0.553450167
vn -0.67038846 -0.503878593 0.544688702
vn -0.674845099 -0.451014578 -0.584097505
vn -0.695451796 -0.402684301 -0.595140457
vn -0.461126417 -0.229416236 -0.857164264
vn -0.420734257 -0.255593628 -0.870433629
vn 0.509516776 -0.186951637 -0.839905798
vn 0.454569221 -0.211365253 -0.865269601
vn 0.711352408 -0.393241137 -0.582528293
vn 0.736355424 -0.344843447 -0.582119942
vn 0.33110413 0.942911565 -0.0358845741
vn 0.722195387 -0.448855817 0.526271999
vn 0.697259724 -0.487046033 0.525942028
vn 0.652547121 -0.469331503 0.594903469
vn 0.577045321 0.801395714 0.157428384
vn 0.307602465 0.950127065 0.0513739027
vn 0.675413847 -0.435624093 0.595019281
vn 0.549183071 0.795730054 0.2553657
vn -0.450160772 0.174943537 0.875642598
vn -0.490083873 0.141670972 0.860085547
vn -0.690837681 0.358398855 0.627927959
vn -0.730348468 0.324502915 0.601073205
vn -0.684596181 0.515853643 -0.514998257
vn -0.703497589 0.48290959 -0.521430194
vn 0.307602465 0.950127065 0.0513739027
vn -0.663450301 0.464888901 -0.586269557
vn -0.638479531 0.49480021 -0.589505434
vn 0.33110413 0.942911565 -0.0358845741
vn 0.509516776 -0.186951637 -0.839905798
vn 0.454569221 -0.211365253 -0.865269601
vn -0.920853317 -0.0794828087 -0.381722093
vn -0.973436892 -0.223475128 0.0497945622
vn -0.880168796 -0.124442115 -0.458057821
vn -0.990342498 -0.130665094 0.0463505313
vn -0.181408271 -0.223426715 0.957690775
vn -0.216823012 0.938455522 0.268866122
vn -0.134302109 0.952637136 -0.272846997
vn -0.1962955 -0.152163506 0.968666255
vn -0.0711333454 0.931630194 0.356377959
vn 0.0376733951 0.972860217 -0.228306144
vn -0.116572112 -0.14463225 0.982594788
vn -0.105692714 -0.216413587 0.970563889
vn 0.90836221 -0.042960573 0.415971518
vn 0.899388969 0.031222526 0.436032802
vn 0.999092102 0.0410341695 -0.0114476169
vn 0.994346321 0.0952814072 0.0468697064
vn 0.208415106 0.180746511 -0.961193979
vn 0.20439963 0.245690882 -0.947553098
vn 0.0376733951 0.972860217 -0.228306144
vn -0.134302109 0.952637136 -0.272846997
vn 0.108833268 0.238003626 -0.965147436
vn 0.126577064 0.17307429 -0.976741314
vn -0.920853317 -0.0794828087 -0.381722093
vn -0.880168796 -0.124442115 -0.458057821
vn 0.611540794 -0.0327516645 -0.790534794
vn 0.571292102 -0.0148243457 -0.820612907
vn 0.572088361 -0.0146018835 -0.820062041
vn 0.614271224 -0.0334414765 -0.788386047
vn 0.58837682 -0.00933403801 -0.808533072
vn 0.63115865 0.0251328778 -0.775246382
vn 0.610815167 -0.0319250301 -0.791129351
vn 0.61052084 -0.0317646489 -0.791362941
vn 0.591434956 -0.0196599923 -0.806113005
vn 0.589889646 -0.018662218 -0.807268143
vn 0.55404669 -0.00535112759 -0.832468331
vn 0.550795078 -0.00503489049 -0.834625304
vn 0.506759763 -0.00162136112 -0.862085819
vn 0.511943579 -0.00313691096 -0.859013319
vn 0.455072075 -0.00196377118 -0.890452445
vn 0.458037972 -0.00335626421 -0.888926268
vn 0.514726639 -0.0314973257 -0.856775522
vn 0.532747924 -0.0611712225 -0.844060302
vn -0.611540437 -0.0327513702 -0.790534973
vn -0.57208693 -0.0146025419 -0.820062995
vn -0.571290851 -0.0148250712 -0.820613801
vn -0.614270985 -0.033441104 -0.788386166
vn -0.588374138 -0.00933364499 -0.80853492
vn -0.631189942 0.0251321252 -0.77522105
vn -0.610815465 -0.0319250152 -0.791129112
vn -0.610521257 -0.0317646563 -0.791362643
vn -0.591435611 -0.0196600351 -0.806112587
vn -0.589890242 -0.0186622478 -0.807267785
vn -0.554046869 -0.00535099953 -0.832468271
vn -0.550795317 -0.00503477827 -0.834625185
vn -0.506759465 -0.00162142469 -0.862085938
vn -0.5119434 -0.00313697988 -0.859013498
vn -0.455070019 -0.00196377304 -0.890453517
vn -0.458035886 -0.00335626514 -0.888927341
vn -0.514724135 -0.0314973444 -0.856777132
vn -0.532735109 -0.0611689575 -0.844068527
vn -0.00113465893 -0.999999404 0
vn -0.00113465881 -0.999999404 0
vn -0.0011355743 -0.809022486 0.587776542
vn -0.00113557442 -0.809022725 0.587776244
vn -0.00113512413 -0.309015006 0.95105654
vn -0.00113512401 -0.309016287 0.951056004
vn -0.00113482552 0.30901894 0.951055288
vn -0.00113482552 0.309019268 0.95105505
vn -0.00113596884 0.809028387 0.587768435
vn -0.00113596884 0.809028506 0.587768257
vn -0.00113744813 0.999999404 0
vn -0.00113744824 0.999999404 0
vn -0.00113700656 0.809019327 -0.587780952
vn -0.00113700656 0.809019864 -0.587780178
vn -0.00113525696 0.309018552 -0.951055348
vn -0.00113525696 0.30901894 -0.951055288
vn -0.00113497477 -0.309013546 -0.951057017
vn -0.00113497488 -0.309014827 -0.95105654
vn -0.00113463914 -0.809013844 -0.587788522
vn -0.00113463926 -0.809013724 -0.587788701
vn -0.00113465881 -0.999999404 0
vn -0.00113465893 -0.999999404 0
vn -0.00113346486 -0.999999404 0
vn -0.0639372319 -0.997953892 0
vn -0.0639357939 -0.80736649 0.586576104
vn -0.00113371597 -0.809020877 0.587778807
vn -0.0639364868 -0.308381647 0.9491117
vn -0.0011344495 -0.309013933 0.951056778
vn -0.0639361814 0.30838576 0.949110329
vn -0.00113508094 0.309018314 0.951055467
vn -0.0639345795 0.807373166 0.586567044
vn -0.00113598211 0.809028208 0.587768734
vn -0.0639333874 0.99795413 -4.62953813E-06
vn -0.00113726186 0.999999404 -4.87967873E-06
vn -0.0639335588 0.807364762 -0.586578786
vn -0.00113679445 0.809019864 -0.587780178
vn -0.0639340505 0.308386922 -0.949110091
vn -0.001135158 0.309019417 -0.95105505
vn -0.0639343634 -0.308381498 -0.949111819
vn -0.0011341474 -0.309014201 -0.951056778
vn -0.063935101 -0.807358503 -0.58658725
vn -0.00113364006 -0.809012115 -0.587790847
vn -0.0639372319 -0.997953892 0
vn -0.00113346486 -0.999999404 0
vn 0.458272189 0.374345481 0.806134045
vn 0.737069428 0.672857583 0.0631759614
vn 0.813617408 0.579809487 0.0429842696
vn 0.483422995 0.287680626 0.826766014
vn 0.0263791177 -0.01437381 0.999548614
vn 0.914310813 0.402481705 0.0452115275
vn 0.0253420975 -0.0388769135 0.998922527
vn -0.337632209 -0.192924678 0.921295047
vn 0.500006616 0.156861156 0.851697087
vn 0.971359372 0.228767544 0.0642363578
vn -0.378889054 -0.201032341 0.90334332
vn -0.899825394 -0.366696715 0.236321315
vn -0.903128803 -0.35313043 0.24424836
vn 0.0351512171 -0.0526572764 0.997993827
vn 0.0303461384 -0.0663441047 0.997335136
vn 0.47367236 0.051982563 0.879165709
vn 0.991874874 0.115819499 0.0526320003
vn -0.337489069 -0.159979224 0.927635491
vn -0.927146494 -0.275560796 0.253900826
vn 0.423541158 -0.0392542146 0.905025899
vn 0.815429509 -0.573396564 0.0793162957
vn -0.322638452 -0.129040509 0.937684894
vn -0.952433527 -0.175147608 0.249386489
vn -0.323021889 -0.141180858 0.935801744
vn -0.960232139 -0.130867571 0.246633455
vn 0.414647698 -0.326809913 0.849271834
vn 0.117343843 -0.987875938 0.101643927
vn 0.0159431938 -0.104322314 0.99441576
vn 0.0390123688 -0.397804022 0.91664058
vn -0.643102467 -0.722166419 0.254744858
vn -0.303539664 -0.420563519 0.854979575
vn -3.48395297E-05 0.12797609 -0.991777301
vn -0.0264805313 0.095415324 -0.995085299
vn -0.0359656923 0.0746196806 -0.996563256
vn -0.0376500078 0.0708634108 -0.99677521
vn -0.0169031247 0.0764752924 -0.996928155
vn -0.0451274738 0.0515305996 -0.997651279
vn -0.0450633615 0.051686164 -0.997646153
vn -0.0556597859 0.0357404798 -0.997809947
vn -0.0552111901 0.035959933 -0.997826874
vn -0.0586424395 0.0315633304 -0.997779906
vn -0.0590731427 0.031750571 -0.997748554
vn -0.0543457679 0.0296953619 -0.998080492
vn -0.0543457754 0.0296953619 -0.998080492
vn -0.0320828669 0.0628838092 -0.997505009
vn -0.0198955834 0.0806514248 -0.996543705
vn -0.00538591295 0.0637040585 -0.997954249
vn -0.00574954739 0.0669009611 -0.997743011
vn -0.0380560122 0.105508707 -0.993689895
vn 0.00665545836 0.0526673831 -0.998589933
vn 0.00782986451 0.0514886864 -0.998642862
vn 0.0189313777 0.040895842 -0.998984039
vn 0.0194714908 0.0404790156 -0.998990595
vn 0.0263218656 0.0533894598 -0.998226821
vn 0.0267989188 0.0551035702 -0.998120964
vn 0.0334802568 0.0817012861 -0.996094286
vn 0.0337823369 0.0836116821 -0.995925665
vn 0.0358074009 0.0964314491 -0.994695365
vn 0.0358074009 0.0964314416 -0.994695365
vn -0.736940503 0.675616562 0.0214671772
vn -0.624772251 0.777505636 0.0717259496
vn -0.385498255 0.413994163 0.824621081
vn -0.443956256 0.335776716 0.830756843
vn -0.0131554529 -0.00179013505 0.999911904
vn -0.482380241 0.215088755 0.84914434
vn -0.868636906 0.495426536 -0.00475684367
vn -0.0099449195 -0.0306489598 0.999480784
vn 0.355410188 -0.168709531 0.91935885
vn -0.469931453 0.102870822 0.876688123
vn -0.947901726 0.314416289 0.051232554
vn -0.0267613046 -0.0469899252 0.998536825
vn -0.402352601 0.0042884564 0.915474653
vn -0.976463675 0.164537042 0.139450163
vn -0.0153368032 -0.0594722331 0.998112202
vn -0.336687565 -0.0684928149 0.939122021
vn -0.973104119 0.0687568337 0.21986571
vn 0.00370504614 -0.0733118579 0.997302175
vn -0.3276425 -0.336328298 0.88291204
vn -0.731988847 -0.619635701 0.283273667
vn 0.0127390902 -0.108287103 0.994037986
vn -0.0198531058 -0.398319572 0.917031825
vn -0.109228745 -0.982497156 0.150892228
vn 0.343363911 -0.399166167 0.85015738
vn 0.644476533 -0.754446745 0.12433856
vn 0.376270533 -0.139279619 0.915981174
vn 0.992428124 -0.1111224 0.0523288138
vn 0.380027175 -0.129979685 0.915797174
vn 0.984858036 -0.163646474 0.0572237931
vn 0.355897278 -0.163777635 0.920061946
vn 0.960142851 -0.269234836 0.0750879943
vn 0.3460401 -0.210384026 0.914327443
vn 0.922377586 -0.383049279 0.0499285534
vn 0.380767107 -0.221490502 0.897751808
vn 0.920703411 -0.389866859 -0.017582098
vn 0.94530189 -0.32058847 -0.0602275468
vn -0.860285759 -0.50980705 -0.00227292767
vn -0.895782709 -0.316806585 -0.311780125
vn -0.885739744 -0.463236332 -0.029617561
vn -0.871081471 -0.444264323 -0.209395006
vn -0.690900922 -0.637203097 -0.341508597
vn -0.786467493 -0.617626011 0.00262755249
vn -0.731904745 -0.68013525 0.0416095592
vn -0.829267323 -0.284125865 -0.4812361
vn -0.844328761 -0.225056872 -0.486269742
vn -0.622832477 -0.0651174486 -0.779640555
vn -0.559715033 0.00762528647 -0.828649998
vn -0.253785968 0.150775135 -0.955436826
vn -0.333954275 0.173940182 -0.926401258
vn 0.309020132 0.449154824 -0.838311732
vn -0.509373784 -0.210816517 -0.834322989
vn -0.34793362 -0.48204577 -0.804098368
vn -0.632682562 -0.727103174 -0.266521752
vn -0.112073004 -0.0611927211 -0.991814017
vn 0.380353332 0.261890888 -0.886986196
vn -0.694277287 -0.621857882 -0.362314582
vn -0.833969831 -0.551701367 0.0109530669
vn -0.360462636 -0.614928484 -0.701377034
vn 0.045558881 -0.23511073 -0.970900238
vn 0.411343038 0.0436189361 -0.910436273
vn 0.667796791 0.479446143 -0.569367111
vn 0.573205531 0.551784933 -0.605779529
vn 0.798359156 0.595648885 0.0884595662
vn 0.761712372 0.438965827 -0.4765535
vn 0.0226174034 -0.285628438 -0.958073497
vn 0.758890569 0.6455428 0.0857875794
vn 0.379997224 0.0112798885 -0.92491883
vn 0.606766939 0.584028125 -0.539207816
vn 0.625515699 0.682743847 0.377612054
vn 0.717947602 0.589573979 0.370072812
vn 0.288625211 0.236212298 -0.927846551
vn -0.153065756 -0.242488995 -0.958003044
vn 0.608230114 0.782101631 -0.135547191
vn 0.590890408 0.59213686 -0.547925591
vn 0.606724083 0.536722422 0.586357236
vn 0.609372556 0.483783543 0.628186703
vn 0.390613109 0.429031402 0.814465106
vn 0.283201605 0.383073509 0.879233539
vn 0.531486154 0.625324428 0.571394563
vn -0.472640842 -0.574547529 -0.668210924
vn 0.330182582 0.107775047 -0.937744141
vn -0.0914332792 -0.342755646 -0.934964478
vn -0.467295527 -0.560789645 -0.68348366
vn -0.0996066928 0.206009611 0.97346729
vn -0.296063632 0.138731718 0.94503957
vn 0.3224186 0.867244959 0.379384428
vn -0.687095463 -0.570334613 -0.450131297
vn -0.846408308 -0.53055799 -0.0458394103
vn -0.676495433 -0.736434579 -0.00423964998
vn -0.524960339 -0.73294431 -0.432676792
vn -0.301362783 -0.644947767 -0.702298284
vn -0.399283856 -0.8557688 -0.328986347
vn -0.533740699 -0.84467113 0.0406389907
vn -0.182054177 -0.727426529 -0.661594272
vn 0.0742717907 -0.462247193 -0.883635223
vn -0.414299577 -0.870415926 -0.265954912
vn -0.579529524 -0.814586043 -0.0243931226
vn -0.18150042 -0.769956052 -0.611739576
vn -0.222434282 -0.664393306 -0.71351558
vn -0.593061507 -0.737502873 -0.323059678
vn -0.733021617 -0.63966614 -0.2313146
vn 0.194333941 -0.474392623 -0.858595252
vn 0.611112118 -0.110758401 -0.783756733
vn 0.510953128 -0.0891704783 -0.854971111
vn 0.254475206 -0.486128926 -0.836014926
vn 0.776085079 0.401264966 -0.486496121
vn -0.829815567 -0.501009226 -0.245755687
vn -0.746112406 -0.326826841 -0.580086648
vn -0.812352538 -0.577066958 -0.0841251388
vn -0.714551032 -0.626329482 -0.311654031
vn -0.734494567 -0.551274419 -0.395745367
vn -0.683175623 -0.712025642 -0.162143469
vn -0.392516404 -0.859078944 -0.328502834
vn -0.478681028 -0.871293366 -0.108223967
vn -0.789203644 -0.48438707 -0.377527177
vn -0.335165679 -0.880428553 -0.335424423
vn -0.798304081 -0.424961567 -0.426753104
vn -0.767951965 -0.637474716 0.062255308
vn -0.250698984 -0.837167144 -0.486108273
vn -0.0760436803 -0.976244926 -0.202886969
vn -0.134180576 -0.715141594 -0.685979605
vn -0.749822438 -0.39648506 -0.529684663
vn -0.775137305 -0.315842956 -0.54717958
vn -0.12331561 -0.61959815 -0.775171876
vn -0.835180402 -0.269675672 -0.479321182
vn 0.434908748 -0.759741724 -0.483370245
vn 0.248645917 -0.922423422 -0.295482963
vn -0.497105271 -0.866765916 0.0400415435
vn -0.244693384 -0.951994896 0.183931425
vn -0.747499287 -0.661075115 0.0649965331
vn -0.765240371 -0.641553462 0.0530694798
vn 0.846619725 -0.530314863 0.0447330885
vn 0.670168698 -0.677084386 0.30402416
vn 0.0732398704 -0.575129509 0.814777195
vn 0.466332465 -0.662834406 -0.585819602
vn 0.887379408 -0.455778301 -0.0694537982
vn 0.837456822 -0.535573602 -0.108751878
vn -0.745270431 -0.630590379 0.216628224
vn -0.485160261 -0.185512975 0.854519963
vn 0.44279772 -0.709861934 -0.54774648
vn 0.717654884 -0.688910246 0.10185343
vn -0.798416317 -0.590366304 0.118317403
vn -0.688333333 -0.07919655 0.721058369
vn -0.799820423 -0.0551484153 0.597700536
vn -0.71407187 -0.696471453 0.0709140673
vn -0.130280539 -0.654366016 -0.744870424
vn 0.314224869 -0.917470992 -0.243946031
vn 0.166847825 -0.672807932 0.720757484
vn -0.227034375 -0.812162578 0.537445128
vn -0.579172373 -0.76059109 0.29336071
vn -0.197250709 -0.860075533 -0.470491499
vn -0.870079219 -0.408709705 -0.27553311
vn -0.846512198 -0.527846277 -0.0692491531
vn -0.935396552 -0.153170481 -0.318703949
vn -0.851260424 0.0757381693 0.519248903
vn -0.857194364 0.131188452 0.498003274
vn -0.678034604 -0.734491646 -0.0281267855
vn -0.330367118 -0.341899782 -0.879751086
vn -0.937027156 -0.0538100563 -0.345086604
vn -0.258322597 -0.21136111 -0.942653656
vn -0.317753822 -0.0140007716 -0.948069811
vn -0.906612575 0.201820835 -0.370569736
vn -0.850922346 0.250467479 0.461732864
vn -0.856170356 0.260278523 0.446349114
vn -0.904289365 0.233921185 -0.357129723
vn -0.362531751 0.0299916361 -0.931488693
vn -0.865980983 0.216557309 0.450754732
vn -0.367750019 -0.00106694596 -0.929924071
vn -0.91782403 0.211181715 -0.336156785
vn -0.952673912 -0.227395847 0.201751173
vn -0.60606128 -0.418031216 -0.676712334
vn -0.842349887 -0.48739022 -0.22999458
vn 0.860285759 -0.50980711 -0.00227284594
vn 0.885739744 -0.463236451 -0.0296174251
vn 0.895782709 -0.316807002 -0.311779708
vn 0.871081471 -0.444264472 -0.209394827
vn 0.690900981 -0.637203038 -0.341508538
vn 0.786467493 -0.617626131 0.0026275611
vn 0.731904626 -0.680135369 0.0416094847
vn 0.829267442 -0.284125984 -0.481236041
vn 0.844328821 -0.225057036 -0.486269623
vn 0.622832179 -0.0651174039 -0.779640853
vn 0.559714139 0.00762517983 -0.828650653
vn 0.2537857 0.150774971 -0.955436885
vn 0.333953559 0.173939705 -0.926401675
vn -0.309020162 0.449154764 -0.838311791
vn 0.509373724 -0.210816458 -0.834322989
vn 0.347933501 -0.48204571 -0.804098427
vn 0.632682621 -0.727103174 -0.266521543
vn 0.112072758 -0.0611927621 -0.991814137
vn -0.380353451 0.261890829 -0.886986077
vn 0.694277465 -0.621857822 -0.362314314
vn 0.833969831 -0.551701367 0.0109529905
vn 0.360462815 -0.614928484 -0.701376975
vn -0.0455591194 -0.235110715 -0.970900238
vn -0.411343306 0.0436188653 -0.910436213
vn -0.667796612 0.479446113 -0.56936717
vn -0.573205173 0.551784933 -0.605779827
vn -0.798359156 0.595648885 0.0884595141
vn -0.761712372 0.438965857 -0.47655353
vn -0.0226173978 -0.285628349 -0.958073497
vn -0.758890629 0.645542741 0.0857875496
vn -0.379997194 0.0112798503 -0.92491883
vn -0.60676688 0.584028184 -0.539207757
vn -0.625515819 0.682743728 0.377612114
vn -0.717947662 0.589573622 0.37007311
vn -0.28862527 0.236212447 -0.927846491
vn 0.153065726 -0.242488965 -0.958003044
vn -0.608230114 0.782101631 -0.13554734
vn -0.590890348 0.5921368 -0.547925711
vn -0.606724083 0.536722422 0.586357296
vn -0.609372556 0.483783662 0.628186703
vn -0.390613168 0.429031402 0.814465106
vn -0.283201516 0.383073449 0.879233539
vn -0.531486273 0.625324368 0.571394682
vn 0.472641051 -0.574547589 -0.668210745
vn -0.330182642 0.107775144 -0.937744021
vn 0.091433242 -0.342755705 -0.934964478
vn 0.467295587 -0.560789645 -0.683483601
vn 0.0996066034 0.206009537 0.97346729
vn 0.296063632 0.138731524 0.94503957
vn -0.32241872 0.867245138 0.379383892
vn 0.687095463 -0.570334613 -0.450131208
vn 0.846408308 -0.530557871 -0.0458392687
vn 0.676495373 -0.736434639 -0.00423955824
vn 0.524960399 -0.73294425 -0.432676792
vn 0.301362753 -0.644947827 -0.702298224
vn 0.399283856 -0.8557688 -0.328986555
vn 0.533740819 -0.84467113 0.0406387225
vn 0.182054073 -0.727426589 -0.661594212
vn -0.0742718279 -0.462247252 -0.883635223
vn 0.414299428 -0.870415926 -0.265955061
vn 0.579529643 -0.814586043 -0.0243935864
vn 0.181500316 -0.769956112 -0.611739576
vn 0.222434178 -0.664393425 -0.71351558
vn 0.59306109 -0.737503171 -0.323059678
vn 0.733021557 -0.63966614 -0.231314972
vn -0.194333985 -0.474392653 -0.858595252
vn -0.611112118 -0.110758618 -0.783756673
vn -0.510953307 -0.0891704634 -0.854970932
vn -0.254475206 -0.486128867 -0.836014986
vn -0.776085019 0.401264876 -0.48649615
vn 0.829815328 -0.501009524 -0.245756134
vn 0.746112347 -0.326826781 -0.580086648
vn 0.812352359 -0.577067137 -0.0841256306
vn 0.714550912 -0.626329601 -0.31165415
vn 0.734494686 -0.551274121 -0.395745248
vn 0.683175623 -0.712025642 -0.162143663
vn 0.392516434 -0.859078884 -0.328503132
vn 0.478681445 -0.871293008 -0.108224384
vn 0.789203644 -0.484386981 -0.377527237
vn 0.33516559 -0.880428374 -0.335425049
vn 0.798304021 -0.424961746 -0.426753074
vn 0.767951906 -0.637474835 0.0622549132
vn 0.250698775 -0.837166965 -0.486108512
vn 0.0760436133 -0.976244688 -0.202887937
vn 0.134180665 -0.715141535 -0.685979784
vn 0.749822438 -0.396485239 -0.529684544
vn 0.775137246 -0.315843165 -0.54717952
vn 0.12331593 -0.619597733 -0.775172114
vn 0.835180342 -0.269676149 -0.479320943
vn -0.434908897 -0.759741724 -0.483370155
vn -0.248646319 -0.922423124 -0.29548347
vn 0.497105241 -0.866765797 0.0400419496
vn 0.244693473 -0.951995015 0.183931187
vn 0.747499347 -0.661074996 0.0649967119
vn 0.76524061 -0.641553164 0.0530698486
vn -0.846619964 -0.530314505 0.0447330177
vn -0.670169294 -0.67708385 0.304023862
vn -0.073239699 -0.575129509 0.814777315
vn -0.466332465 -0.662834108 -0.58581984
vn -0.887379706 -0.455777884 -0.069453977
vn -0.837456882 -0.535573483 -0.108751878
vn 0.745270133 -0.630590737 0.21662797
vn 0.485160261 -0.185513094 0.854519963
vn -0.44279778 -0.709861696 -0.547746778
vn -0.717654169 -0.688911021 0.101853237
vn 0.798416018 -0.59036684 0.118317418
vn 0.688333333 -0.0791967735 0.721058369
vn 0.799820542 -0.0551482625 0.597700417
vn 0.714071393 -0.696471989 0.0709140524
vn 0.130280599 -0.654365897 -0.744870663
vn -0.31422478 -0.917471111 -0.243946016
vn -0.166847736 -0.672808349 0.720757067
vn 0.227034196 -0.812162638 0.537445188
vn 0.579172134 -0.760591388 0.293360531
vn 0.197250575 -0.860075593 -0.47049132
vn 0.87007916 -0.408710003 -0.275532812
vn 0.674080133 -0.734737694 0.0760036781
vn 0.692274511 -0.721242607 0.0237749945
vn 0.725901902 -0.681914747 0.089770034
vn 0.678033769 -0.734492421 -0.0281265862
vn 0.661132872 -0.747914314 0.0593927279
vn 0.846512079 -0.527846456 -0.0692489296
vn 0.935396552 -0.153170198 -0.318703949
vn 0.851260424 0.0757386535 0.519248843
vn 0.857194304 0.131188974 0.498003304
vn 0.330367446 -0.341900229 -0.879750907
vn 0.937027156 -0.053810183 -0.345086455
vn 0.258322865 -0.211361617 -0.942653477
vn 0.317754 -0.0140010472 -0.948069811
vn 0.906612694 0.201820701 -0.370569646
vn 0.850922287 0.250467539 0.461732924
vn 0.856170356 0.260278672 0.446349084
vn 0.904289365 0.233921289 -0.357129663
vn 0.362531841 0.0299917758 -0.931488693
vn 0.865980923 0.216557682 0.450754702
vn 0.367750078 -0.00106687366 -0.929924071
vn 0.91782403 0.2111817 -0.336156607
vn 0.952673793 -0.227396384 0.201751336
vn 0.606060863 -0.418031991 -0.676712215
vn 0.842348695 -0.487392247 -0.22999458
vn -0.911414385 0.31673944 -0.262678444
vn -0.944200873 0.328462899 0.0244331826
vn -0.997381389 0.0368457064 -0.0622317009
vn -0.802284122 0.408934921 -0.434870601
vn -0.998985946 -0.0426314101 -0.0144754909
vn -0.779731989 0.588595271 -0.213479638
vn -0.998820245 -0.0447386317 0.0188793745
vn -0.10448356 0.691131413 -0.715136826
vn -0.743855059 0.654242158 0.136553437
vn -0.124638863 0.936447084 -0.327920586
vn -0.833579421 0.294992834 0.467038095
vn -0.998762608 -0.0454152152 -0.0202655122
vn -0.992528319 -0.0338862911 0.117214464
vn -0.660228074 0.581638038 0.475180179
vn -0.956879139 -0.152195886 0.247424334
vn -0.982228994 -0.0473876148 0.181605428
vn -0.87324357 0.00908869971 0.487199366
vn -0.580533743 0.808018625 0.100431137
vn -0.580517769 0.725014865 -0.370611221
vn -0.849127591 0.191749215 0.492152929
vn -0.874132395 0.206511497 0.43959713
vn -0.630976915 -0.439283967 0.639451146
vn -0.751227558 -0.613191366 0.244240791
vn -0.64471519 0.395993143 -0.653859019
vn -0.945143521 0.134985805 0.297460049
vn -0.491781086 -0.139556423 0.859462202
vn -0.170358911 0.385607064 -0.906799316
vn -0.239065126 0.0122710699 -0.970925927
vn -0.717137098 0.0701622739 -0.693391323
vn -0.269813091 -0.234567463 -0.933905244
vn -0.914911747 0.149053603 -0.375125974
vn -0.844867647 0.0792581886 0.529071629
vn -0.79141289 -0.204409361 -0.576092362
vn -0.32845208 -0.503666162 -0.799024105
vn -0.988434553 -0.109595306 -0.104813427
vn -0.8000049 0.0347704887 0.598985195
vn -0.816310048 -0.441725284 -0.372178108
vn -0.353940755 -0.729069114 -0.585819244
vn -0.976507425 -0.201024234 -0.0776055604
vn -0.994104445 -0.0961156115 -0.050181374
vn -0.995194256 -0.0828986242 -0.0521163307
vn -0.983199298 -0.0812315121 -0.163464636
vn -0.852493107 -0.518509328 0.0663597733
vn -0.829776764 0.00493187504 0.558073699
vn -0.489399135 0.185563982 0.852088273
vn -0.495954245 0.0148538323 0.868221641
vn -0.638981402 -0.136937529 0.75693512
vn -0.669866383 0.191925943 0.717247128
vn -0.730496347 -0.235343322 0.641083956
vn -0.658757031 0.393850327 0.641031384
vn -0.825325131 0.0156934224 0.564439654
vn -0.881771028 0.0655627027 0.467098951
vn -0.829050481 -0.532505631 -0.170625329
vn -0.799955428 -0.309104204 0.514320731
vn -0.931752622 0.357577741 0.0630496815
vn -0.9504686 -0.235964492 -0.202312097
vn -0.914475083 -0.175527811 -0.364589334
vn -0.977298558 0.197401524 -0.0769433677
vn -0.813240886 0.360745877 0.456619948
vn -0.952080071 0.0442185923 0.302635342
vn -0.963166356 -0.0117261829 0.268650502
vn -0.920622587 0.107418284 0.375387132
vn -0.930953503 0.0139476787 0.364871204
vn -0.949297309 -0.00627698703 0.314316988
vn -0.916256011 0.0271181986 0.399674237
vn -0.92999512 0.0660692677 0.361585259
vn -0.941710472 0.0899391696 0.32417959
vn -0.869662166 -0.108597711 0.481554002
vn -0.939699292 0.0425181426 0.339348495
vn -0.970321715 -0.0612676293 -0.23392728
vn -0.868853688 -0.360102475 -0.339734435
vn -0.934874475 -0.35296762 0.0377304219
vn -0.635800838 -0.764208138 -0.108365923
vn -0.953757584 -0.0567686483 0.295167506
vn -0.686380267 -0.718137324 -0.114720963
vn -0.643682003 -0.763370574 0.0542107858
vn -0.92223084 0.0184456725 0.386199534
vn -0.906541944 0.0638799444 0.41725415
vn -0.881172895 -0.114914455 0.458616465
vn -0.7703197 -0.637635291 -0.00537248235
vn -0.961717725 -0.00606276607 0.273974806
vn -0.897709608 0.0899248868 0.431312948
vn -0.893191576 0.0336716622 0.448413938
vn -0.336659193 -0.930458248 -0.144595742
vn -0.479653388 -0.866843998 0.136066601
vn -0.163321733 -0.97880429 -0.123565041
vn -0.266493201 -0.962255001 0.0551965646
vn -0 -0.9977355 0.0672594756
vn -0.778285801 -0.135258928 0.613169074
vn -0.763135493 -0.0580234155 0.643628478
vn -0.491302162 -0.075269036 0.867730796
vn -0.850448489 0.153817251 0.503068209
vn -0.629706562 0.179223388 0.755876124
vn -0.831004083 -0.555673778 0.025668418
vn -0.594150364 -0.80390662 0.026823299
vn -0.960558116 0.0670379028 0.269877642
vn -0.907888591 -0.180379435 0.378419876
vn -0.453571111 -0.847242653 0.276501507
vn -0.76996994 -0.068828024 0.634357035
vn -0.745332181 0.0143380193 0.666539073
vn -0.587036192 -0.0998833403 0.803375244
vn -0.970287979 -0.168969169 0.173178241
vn -0.732668579 -0.145895436 0.664764106
vn -0.529689014 -0.103638463 0.841836452
vn -0.74271673 -0.508749306 0.435368866
vn -0.951436937 0.0726382881 0.299151272
vn -0.686987042 -0.562485695 0.460063696
vn -0.357151955 -0.639302075 0.680981219
vn -0.924369693 0.218881547 0.312460452
vn -0.918260396 0.109848633 0.380435377
vn -0.917280376 0.156373695 0.366256684
vn -0.907762825 0.0375990607 0.417795271
vn -0.899089634 -0.173576504 0.401881874
vn -0.840730071 -0.218989253 0.495193452
vn -0.647720873 0.369531184 0.666261494
vn -0.657162428 0.287124425 0.696919739
vn -0.405263007 0.403898776 0.820138752
vn -0.658438504 -0.0310322959 0.75199461
vn -0.686754942 0.197450683 0.699557662
vn -0.459637791 -0.634584785 0.621317387
vn -0.434645325 0.318536162 0.842388391
vn -0.215156168 0.320120126 0.922621727
vn -0.47455731 0.113415882 0.872887254
vn -0.326324254 0.0587652698 0.94342947
vn -0.0198971834 0.0259260535 0.999465883
vn -0.245172247 -0.927387655 0.282564372
vn -0.443839967 0.31960541 0.837172985
vn -0.282387435 0.29515025 0.912767112
vn -0.184901685 0.393839002 0.900390029
vn -0.00538602192 0.313763261 0.949485958
vn 0.323414892 0.000898299157 0.946256876
vn -0.00158374361 0.381877691 0.924211442
vn 0.177371368 0.384828359 0.905785024
vn 0.198442712 0.314154625 0.928400457
vn 0.436373204 0.314765155 0.842912316
vn 0.514345646 0.0795244873 0.853887796
vn 0.66399008 0.283845305 0.691772461
vn 0.650893629 0.126935259 0.74848175
vn 0.785892487 0.0160747115 0.618154168
vn 0.91149044 0.160323277 0.378789812
vn 0.797888756 0.0028416689 0.602798045
vn 0.883236349 0.0594508015 0.465144217
vn 0.936527073 0.0147172445 0.350286275
vn 0.911103368 0.233033091 0.339979738
vn 0.660887778 0.340609461 0.668739617
vn 0.405067146 0.383827835 0.829817295
vn 0.954516709 0.0539225377 0.293240577
vn 0.443839282 0.319602698 0.837174296
vn 0.686755955 0.197449774 0.699556828
vn 0.459638119 -0.634584188 0.621317685
vn 0.282385796 0.295146823 0.912768662
vn 0.686987698 -0.562485516 0.46006307
vn 0.0596065596 0.297628999 0.95281899
vn 0.98126018 -0.142767698 0.129405513
vn 0.338755876 -0.702930987 0.625405908
vn 0.492156059 -0.157666847 0.8561095
vn -0 0.415438026 0.909621537
vn -0.0596056208 0.297629297 0.952818871
vn -0.492154568 -0.157665104 0.856110752
vn -0.33875531 -0.702930868 0.625406444
vn -3.05670596E-07 0.360043317 0.932935596
vn 5.78835056E-07 0.449185431 0.893438578
vn -0.294090837 -0.92672056 0.233879536
vn -0.784285963 -0.563582838 0.259364694
vn -0.192630857 -0.949082196 0.249271527
vn -0.204571053 -0.784486771 0.585432529
vn -0.0773846507 -0.621418178 0.779648006
vn -0.0525611676 0.361341089 0.930951118
vn -0.0322374962 0.488216847 0.872126758
vn -0.10789714 0.541649103 0.833651245
vn -0.120085016 0.555324912 0.822917819
vn -0.197977722 0.526430607 0.826846898
vn -0.209564835 0.599667251 0.772322297
vn -0.329546481 0.46360445 0.822477937
vn -0.331103772 -0.8308357 0.447305739
vn -0.330346972 -0.0213823859 0.943617344
vn -0.409189731 -0.828941345 0.381339818
vn -0.32542491 0.599095821 0.731561959
vn -0.487836957 0.32727474 0.809262812
vn -0.413437545 0.0774493441 0.907232583
vn -0.489031434 0.521309435 0.699345946
vn -0.24224928 0.13940239 0.960147083
vn -0.839356601 -0.321171463 0.438553751
vn -0.317627847 0.210402757 0.924577355
vn -0.364342391 0.180961758 0.91351378
vn -0.551595926 0.272713572 0.788269699
vn -0.929384649 0.136806473 0.342823982
vn -0.600242019 0.33066082 0.728267014
vn -0.978344679 0.008630272 0.206802413
vn -0.884048283 0.343149394 0.317343801
vn -0.684262455 0.146894559 0.714287758
vn -0.714271247 0.264485925 0.647968948
vn -0.918079376 0.228278518 0.32406652
vn -0.950523973 0.29272911 0.103989743
vn -0.903052866 0.394673645 0.169494048
vn -0.874688387 -0.236894697 0.42284897
vn -0.593279958 0.186820894 0.783017874
vn -0.858917058 0.287374258 0.423883855
vn -0.720473528 0.303990275 0.62330389
vn -0.974074185 -0.000780149654 0.226227567
vn -0.704735279 -0.104371436 0.701751232
vn -0.283191442 -0.0999373496 0.953842282
vn -0.632011831 0.27233246 0.725531578
vn -0.783534646 0.169417068 0.59780544
vn -0.535752773 0.155697122 0.829896033
vn -0.882185161 0.100927748 0.459959745
vn -0.828529119 -0.108375467 0.54935807
vn -0.881866336 -0.0319947898 0.470412672
vn -0.7074157 -0.0516924039 0.704904914
vn -0.874543488 0.0656373575 0.480484426
vn -0.916393638 0.224329963 0.331509709
vn -0.924491763 0.237933084 0.297830105
vn -0.216692269 -0.765286386 0.606119752
vn -0.864893734 0.358314753 0.351524174
vn 0.0881979167 -0.939360142 0.33139655
vn 0.136470199 -0.972307265 0.189722121
vn 0.319738477 -0.825658917 0.46481666
vn -0.166120052 -0.841005623 0.514891863
vn 0.204467684 -0.974243522 0.0950918496
vn -0.224376157 0.926900268 0.300850719
vn 0.257292181 0.918621182 0.299893051
vn -0.145140946 0.984773874 -0.0956800804
vn 0.29779762 0.929413021 -0.217963234
vn 0.26414457 0.897537291 -0.353064239
vn -0.103387199 -0.815646291 0.569238305
vn 0.149214223 -0.982413888 0.11224179
vn -0.440445721 -0.0782195404 0.894365311
vn -0.87133038 0.442647576 0.211769953
vn -0.174889982 0.971348226 -0.160922363
vn 0.196151674 0.875531673 -0.441552758
vn -0.0273621418 -0.784604251 0.619392872
vn 0.0756227002 -0.99478972 0.0683722869
vn -0.151698396 -0.0209684242 0.98820436
vn -0.864597619 0.326880991 0.381601602
vn 0.0268669184 0.972631276 -0.230795518
vn 0.121396601 0.859190702 -0.497045428
vn -0 -0.782624483 0.622494161
vn -0 -0.999192655 0.0401766859
vn -0.133742988 0.0978048593 0.986177921
vn -2.39081459E-07 -0.0471707731 0.998886883
vn -0.395294428 0.809752703 0.433639079
vn 0.0318918936 0.96682626 -0.25343588
vn -0 0.854493737 -0.519461691
vn 0.0273623709 -0.784608305 0.619387805
vn -0.075622797 -0.994789958 0.0683683455
vn 0.151698768 -0.0209695585 0.98820436
vn 1.41858152E-07 0.0740000382 0.997258186
vn -0 0.954899728 -0.296928495
vn -0.121396452 0.859190106 -0.49704653
vn -0.167796865 0.848473072 0.501933992
vn 0.103387147 -0.815648496 0.569235027
vn -0.149214014 -0.982414186 0.112238757
vn 5.06538697E-07 -0.162692711 0.986676812
vn 0.133742779 0.0978046507 0.986178041
vn 0.283191949 -0.0999375358 0.953842103
vn 0.44044596 -0.078220427 0.894365072
vn 0.166120052 -0.841005445 0.51489228
vn -0.204467356 -0.97424376 0.0950911641
vn -0.13647081 -0.972307146 0.18972218
vn 3.01384262E-07 -0.767539442 0.641001761
vn 0.535752892 0.155697078 0.829896033
vn 0.70741564 -0.0516922139 0.704905033
vn 0.828528881 -0.10837473 0.549358547
vn 0.783534944 0.169417068 0.597805142
vn 0.881866217 -0.0319945663 0.47041288
vn -0.0881972238 -0.939357698 0.331403494
vn -0.537791073 -0.65754205 0.527654409
vn 4.65394351E-07 -0.0268140901 0.999640465
vn -0.535344958 -0.00273853308 0.844629109
vn 0.63201201 0.2723324 0.725531399
vn 0.88218534 0.100927718 0.459959328
vn 0.216692179 -0.765285254 0.606121182
vn -0.319738448 -0.825656414 0.46482116
vn -0.257293969 0.91861856 0.299899578
vn -0 0.193289176 0.981141865
vn 0.593280613 0.186821014 0.783017218
vn 0.874543667 0.0656372979 0.480484158
vn 0.86489445 0.358314425 0.351522923
vn 0.224377111 0.926897645 0.30085814
vn -0.297797799 0.929413795 -0.21795997
vn 0.145140797 0.984773993 -0.0956785902
vn 0.174889579 0.971348464 -0.16092141
vn -0.264144868 0.897538245 -0.353061527
vn 0.714271665 0.26448676 0.647968113
vn 0.871330559 0.442647427 0.211769536
vn -0.0268669371 0.972631335 -0.230795205
vn -0.196151733 0.875531375 -0.441553265
vn -0.0318918079 0.966826499 -0.253435254
vn -1.64714237E-07 0.874192536 0.485579491
vn 0.167798132 0.848472655 0.50193423
vn 0.395295501 0.809752882 0.433638006
vn 0.864598095 0.326881886 0.381599903
vn -0.240239903 0.138700649 0.960753322
vn -3.05572257E-07 0.127504796 0.991838038
vn 0.240239918 0.138701946 0.960753083
vn 0.584338605 0.118097231 0.80287075
vn 0.877631843 0.165860206 0.449725211
vn -0.584338784 0.118095152 0.802870929
vn -0.205743372 0.0675558671 0.976271391
vn -0 0.0492331199 0.998787344
vn 0.205742955 0.0675557479 0.97627151
vn -0.877631664 0.165860146 0.449725389
vn 0.570763052 0.106660999 0.814157844
vn -0.57076329 0.106661029 0.814157724
vn -0.878085792 0.137527838 0.458313733
vn -0.605377316 0.0685564727 0.792980611
vn -0.218326554 -1.74850757E-05 0.975875795
vn -0.649087727 -0.317067474 0.691486239
vn -0 -0.0240560453 0.999710619
vn -0.217723459 -0.447115719 0.867573678
vn 0.218326256 -1.76515696E-05 0.975875795
vn -0.14675805 -0.934634686 0.323913753
vn -0 -0.474648595 0.880175352
vn 0.605377078 0.0685562715 0.79298085
vn -0 -0.995629191 -0.0933938026
vn -0 -0.925077438 0.379778385
vn 0.217723683 -0.447116286 0.867573202
vn 0.878085792 0.137527749 0.458313733
vn 0.163321659 -0.978804171 -0.123565406
vn 0.26649338 -0.96225512 0.0551956259
vn 0.146758258 -0.934634805 0.323913097
vn 0.64908731 -0.317067862 0.691486597
vn 0.453570962 -0.847242832 0.276501328
vn 0.336659074 -0.930458188 -0.144596785
vn 0.479653358 -0.866844177 0.136065587
vn 0.643682122 -0.763370574 0.0542101599
vn 0.907888591 -0.180379346 0.378419966
vn 0.594150305 -0.803906679 0.026823163
vn 0.7703197 -0.637635291 -0.00537301926
vn 0.635801017 -0.764208019 -0.10836675
vn 0.831004083 -0.555673897 0.0256681331
vn 0.960558116 0.0670378208 0.269877762
vn 0.686380208 -0.718137324 -0.11472144
vn 0.953757465 -0.0567684397 0.295167893
vn 0.934874654 -0.352966994 0.0377307348
vn 0.961717725 -0.00606264966 0.273974776
vn 0.924491763 0.237933055 0.297830373
vn 0.916393638 0.224329978 0.331509858
vn 0.897709548 0.0899250358 0.431313217
vn 0.868853986 -0.360102415 -0.339733839
vn 0.970321834 -0.0612676069 -0.233927011
vn 0.983199358 -0.0812315494 -0.163464114
vn 0.994104445 -0.0961156711 -0.0501810499
vn 0.995194256 -0.0828985497 -0.0521163642
vn 0.929995 0.0660692975 0.361585528
vn 0.893191755 0.0336716324 0.448413432
vn 0.353940696 -0.729068995 -0.585819483
vn 0.976507545 -0.201024011 -0.0776045471
vn 0.906541884 0.0638799742 0.417254299
vn 0.931419194 0.0139569826 0.363680661
vn 0.763135612 -0.058023192 0.64362824
vn 0.920622468 0.107418232 0.375387222
vn 0.328451276 -0.503665805 -0.799024701
vn 0.988434672 -0.109595381 -0.104812831
vn 0.881172955 -0.11491438 0.458616227
vn 0.684261978 0.146894872 0.714288116
vn 0.269812465 -0.234567046 -0.933905482
vn 0.920213282 0.173535109 -0.350846201
vn 0.239065304 0.0122711714 -0.970925927
vn 0.913298786 0.323678493 -0.247219652
vn 0.816309512 -0.44172442 -0.372180492
vn 0.791411996 -0.204408303 -0.576093972
vn 0.717137158 0.0701620355 -0.693391383
vn 0.644715369 0.395993352 -0.65385896
vn 0.800005794 0.0347710475 0.598983884
vn 0.170358628 0.385607541 -0.906799197
vn 0.104483612 0.691132069 -0.715136111
vn 0.852493346 -0.518508911 0.0663584545
vn 0.825326025 0.0156933963 0.564438283
vn 0.844867826 0.0792580992 0.52907151
vn 0.823266804 0.368423015 -0.431852162
vn 0.954385877 0.2985425 -0.00448823161
vn 0.992236316 0.00677317753 -0.124182373
vn 0.830225766 0.522189319 -0.195047319
vn 0.996738613 -0.0698874742 -0.0403471477
vn 0.82977879 0.00493208459 0.55807066
vn 0.881771207 0.0655628443 0.467098475
vn 0.951938629 0.041601032 0.303450376
vn 0.813241184 0.360745907 0.456619292
vn 0.658757448 0.393850118 0.641031086
vn 0.489400089 0.185564026 0.852087736
vn 0.495954067 0.0148530332 0.8682217
vn 0.669866979 0.191924855 0.71724695
vn 0.931752801 0.357577115 0.0630490631
vn 0.974737465 0.20367381 -0.0916726366
vn 0.961163223 -0.00308381137 0.275963277
vn 0.982738078 -0.0558239482 0.176379085
vn 0.951018393 -0.000616957899 0.309133768
vn 0.945941031 -0.222940177 -0.235570118
vn 0.956928134 -0.151382968 0.247733057
vn 0.994448185 -0.0169428047 0.10385412
vn 0.920081019 -0.167045608 -0.354325473
vn 0.799956381 -0.309104383 0.514319301
vn 0.835738242 -0.528463244 -0.149225473
vn 0.730496466 -0.235343233 0.641083837
vn 0.638981521 -0.136937916 0.756935
vn 0.747482359 -0.617918849 0.243816271
vn 0.491780013 -0.139557332 0.859462738
vn 0.879648149 -0.00068876677 0.475624412
vn 0.630976617 -0.439283192 0.63945204
vn 0.829589307 0.296997905 0.472835988
vn 0.999300241 -0.0366143137 0.00763887959
vn 0.9451437 0.134984985 0.29745993
vn 0.874132216 0.206512064 0.439597249
vn 0.657695055 0.58807826 0.470745265
vn 0.779091895 0.61163187 0.137557924
vn 0.996928632 -0.0767196342 0.0157277696
vn 0.84912771 0.191748992 0.49215287
vn 0.580516934 0.725016057 -0.370610207
vn 0.580532253 0.808019638 0.100430921
vn 0.1246389 0.936447024 -0.327920854
vn 0.954385877 0.2985425 -0.00448823161
vn 0.920213282 0.173535109 -0.350846201
vn 0.913298786 0.323678493 -0.247219652
vn 0.894836187 0.364807874 0.257261217
vn 0.988434672 -0.109595381 -0.104812831
vn 0.976507545 -0.201024011 -0.0776045471
vn 0.812550128 0.553556323 0.182586342
vn 0.858313024 0.503256261 -0.100159146
vn 0.894024551 0.123758443 0.430585563
vn 0.994104445 -0.0961156711 -0.0501810499
vn 0.983199358 -0.0812315494 -0.163464114
vn 0.542046845 0.810242534 -0.222917557
vn 0.434564263 0.644350171 -0.629258871
vn 0.67959094 0.405699909 0.611198664
vn 0.0688071772 0.792299449 -0.606240332
vn 0.095412679 0.590406001 -0.801446915
vn 0.861073315 0.0920388252 0.500081599
vn 0.590930283 0.306564629 0.746203363
vn 0.519698024 0.747970939 0.412860096
vn 0.701820493 0.648706257 0.294326454
vn 0.548383415 0.83242774 -0.0796220228
vn 0.746446133 0.120837793 0.654382408
vn 0.934874654 -0.352966994 0.0377307348
vn 0.481684864 0.263565898 0.835770786
vn 0.636465192 0.243675068 0.731802225
vn 0.256519854 0.858643591 -0.443766385
vn 0.401369303 0.490325123 0.773617446
vn 0.484690577 0.231910169 0.843381643
vn 0.635801017 -0.764208019 -0.10836675
vn 0.460190654 0.278038114 0.843160331
vn 0.643682122 -0.763370574 0.0542101599
vn 0.382744223 0.215628669 0.89833796
vn 0.479653358 -0.866844177 0.136065587
vn 0.507788718 0.39774555 0.76416558
vn 0.469589382 0.316777587 0.82409817
vn 0.268885195 0.362154335 0.892493665
vn 0.467773467 -0.4615587 0.753758252
vn 0.26649338 -0.96225512 0.0551956259
vn -0 -0.552897573 0.833249211
vn -0 -0.9977355 0.0672594756
vn -0.266493201 -0.962255001 0.0551965646
vn 0.1906479 0.116912179 0.974671662
vn -0.46777311 -0.461558491 0.753758609
vn -0.479653388 -0.866843998 0.136066601
vn -0.382744491 0.215630084 0.898337483
vn -0.643682003 -0.763370574 0.0542107858
vn -0.190647766 0.116913527 0.974671543
vn -0.460190803 0.2780388 0.843159974
vn -0.635800838 -0.764208138 -0.108365923
vn -0 0.11828199 0.992980063
vn -0.340146542 0.502345979 0.794952095
vn -0.060664244 0.567503572 0.821133018
vn -0.225433275 0.819220304 0.52731204
vn 1.63957509E-07 0.597087801 0.802175939
vn -0.484690279 0.23191011 0.843381941
vn -0.934874475 -0.35296762 0.0377304219
vn -0.507788837 0.397745669 0.764165461
vn -0.63646549 0.243675128 0.731801927
vn -0.74644649 0.120837927 0.65438211
vn -0.983199298 -0.0812315121 -0.163464636
vn -0.46958971 0.316777557 0.824097991
vn 0.0606642105 0.567502618 0.821133733
vn 0.340146512 0.502345562 0.794952393
vn -0.403999865 0.549991488 0.730953813
vn -0.861073315 0.0920389071 0.50008148
vn -0.994104445 -0.0961156115 -0.050181374
vn -0.0165513735 0.861212552 0.507975459
vn 0.403999776 0.549991608 0.730953813
vn -0.89402473 0.123758525 0.430585206
vn -0.976507425 -0.201024234 -0.0776055604
vn -0.988434553 -0.109595306 -0.104813427
vn -0.891659141 0.362140477 0.271658272
vn -0.914911747 0.149053603 -0.375125974
vn -0.911414385 0.31673944 -0.262678444
vn -0.944200873 0.328462899 0.0244331826
vn -0.851441085 0.505350828 -0.140244633
vn -0.679590881 0.40569979 0.611198723
vn 0.225433171 0.819219589 0.527313113
vn -0.590930283 0.30656445 0.746203423
vn -0.481685162 0.263565958 0.835770547
vn -0.807868481 0.557035446 0.192509755
vn -0.701820731 0.648706317 0.294325918
vn -0.539080262 0.813604534 -0.217807591
vn -0.408249497 0.676421642 -0.613013983
vn -0.0666558295 0.793649614 -0.604712546
vn -0.0886175036 0.608714163 -0.788425088
vn 0.0494461246 0.700888276 -0.711555123
vn 0.000176957386 0.573070645 -0.81950593
vn -0.000168187733 0.685417354 -0.728150427
vn -0 0.688796401 -0.724954784
vn 0.133340418 0.720455587 -0.680561602
vn -0 0.697518885 -0.716566384
vn 0.0711097419 0.780626655 -0.620939195
vn -0.256519735 0.858643353 -0.443767101
vn 0.216016591 0.736471474 -0.641051233
vn -0 0.708219826 -0.705991983
vn 0.0125734881 0.7950508 -0.60641253
vn -0.548383474 0.832427561 -0.0796231031
vn -0.278155148 0.844255149 -0.458107919
vn -0.460986495 0.879126251 -0.120948061
vn -0.519698083 0.747970939 0.412859827
vn -0.401369303 0.490325034 0.773617446
vn -0.494516283 0.822539985 0.280858725
vn -0.455432177 0.869445741 -0.191430613
vn -0.326031178 0.819444239 -0.471396714
vn -0.268885165 0.362154335 0.892493665
vn -0.391134411 0.619379997 0.680721939
vn -0.014451826 0.76097399 -0.64862138
vn -0.192059815 0.376791388 0.906168461
vn 0.228230789 0.702642798 -0.67394644
vn 0.189777628 0.617589295 -0.763261378
vn -0 0.624501526 -0.781023562
vn -0 0.492088437 -0.870545149
vn -0.173316851 0.5858531 0.791667521
vn 0.182220146 0.502375484 -0.84523052
vn -0 0.337390542 -0.941364765
vn -0.193854243 0.837246895 0.511310279
vn -0.084984988 0.656151474 -0.749828577
vn -0.208473265 0.55092442 -0.808097184
vn -0.340325385 0.67672044 -0.652861536
vn -0.429686636 0.568237543 -0.701765895
vn -0.453327686 0.731515408 -0.50929296
vn -0.512392402 0.649077415 -0.562274337
vn -0.20451577 0.298283935 -0.932309031
vn -0.453834057 0.359186947 -0.815487206
vn -0.224840522 0.169761419 -0.959493518
vn 0.136467755 0.290593296 -0.947064936
vn 0.0776419267 0.109710954 -0.990926504
vn -0 0.106712274 -0.994289875
vn -0 -0.114742883 -0.993395269
vn 0.0591566786 -0.0799852759 -0.995039165
vn -0 -0.267151415 -0.963654518
vn 0.0653104708 -0.212555125 -0.974964023
vn -0 -0.355607063 -0.93463552
vn -0.19930163 0.00313368929 -0.979933143
vn 0.0847762078 -0.33206445 -0.939439356
vn -0 -0.37044248 -0.92885536
vn -0.305716902 0.269546807 -0.913171232
vn -0.410681367 0.110555328 -0.905051589
vn -0.433925867 -0.0345186442 -0.900287032
vn -0.217098624 -0.128855437 -0.967607677
vn -0.234445155 -0.277645588 -0.931637466
vn 0.0164553579 -0.430389553 -0.902493238
vn -0.0640685558 -0.479720443 -0.875079095
vn -0 -0.269832104 -0.962907314
vn -0.269875258 -0.407862008 -0.872247636
vn -0.326210827 0.45570448 -0.828202844
vn -0.314822346 0.0628525391 -0.94706732
vn -0.0677201748 -0.380520761 -0.922289431
vn -0 -0.204007506 -0.978969336
vn -0.0904102996 -0.282666773 -0.954947889
vn -0.425321192 -0.429982007 -0.796377659
vn -0.38230598 -0.523890138 -0.761170983
vn -0.364315391 -0.518853009 -0.773347259
vn -0.616054356 -0.590095878 -0.521788955
vn -0.749967039 -0.449744344 -0.485056013
vn -0.603775203 -0.647481322 -0.464998305
vn -0.915976524 -0.4006567 -0.0214767382
vn -0.943476379 -0.319157064 -0.0893929303
vn -0.893339097 -0.44098717 0.0864615738
vn -0.891777992 -0.42240414 -0.16219312
vn -0.935176313 -0.252951711 0.247912735
vn -0.712163806 -0.40102759 -0.576194108
vn -0.952311993 -0.288537085 -0.0992380232
vn -0.935918987 -0.135379434 0.325158745
vn -0.896947861 -0.293580353 -0.330597967
vn -0.534341753 -0.301526636 -0.789658546
vn -0.459843844 -0.405815691 -0.789846361
vn -0.473131478 -0.175320312 -0.863370955
vn -0.216967225 -0.36825797 -0.904052675
vn -0.0185337756 -0.390363127 -0.92047441
vn -0.264589787 -0.162000388 -0.950656712
vn -0.0943098813 -0.323569208 -0.941492736
vn -0.145822555 -0.155922517 -0.976946294
vn -0.168421507 0.0866622105 -0.981898129
vn -0.453778654 -0.0753882974 -0.887919784
vn -0.439094096 -0.0628950745 -0.896236897
vn -0.836603463 0.19799538 -0.510776281
vn -0.457628608 0.0865386277 -0.884922028
vn -0.819386303 0.134433404 -0.557255626
vn -0.98192054 0.188140199 -0.0208614636
vn -0.164499238 0.273759186 -0.947626412
vn -0.978018105 0.189610884 -0.0867656395
vn -0.912262559 0.10594938 0.395666182
vn -0.906856656 0.155228183 0.391810328
vn -0.733002365 0.0307680741 0.679529905
vn -0.935162544 0.342362076 -0.090880923
vn -0.792492628 0.263209671 -0.550160229
vn -0.395503372 0.315685242 -0.862507939
vn -0.287977487 0.477688909 -0.829989374
vn -0.161109805 0.689540088 -0.706100523
vn -0.6951437 0.486828685 -0.52893579
vn -0.819548607 0.564243257 -0.0998480767
vn -0.533479869 0.648278952 -0.543262064
vn -0.329948306 0.673779905 -0.661176741
vn -0.282712817 0.826080859 -0.487507969
vn -0.684463978 0.7151317 -0.141759038
vn -0.311640263 0.814833701 -0.488801003
vn -0.425566643 0.886154354 -0.183367223
vn -0.586645901 0.752498925 -0.299319237
vn -0.318606973 0.920483172 -0.226274848
vn -0.431280196 0.891106844 0.141159758
vn -0.664136291 0.713297129 0.22389771
vn -0.536879539 0.805779755 -0.249958739
vn -0.303290457 0.950269103 0.0707351118
vn -0.576472104 0.799139261 0.170458928
vn -0.586573303 0.802263618 0.110927634
vn -0.469278097 0.664957106 0.581042409
vn -0.45077467 0.727771997 0.516865611
vn -0.209708735 0.89448297 0.394870311
vn -0.281345874 0.85249126 0.440571427
vn -0.0926295519 0.779869318 0.619050622
vn -0.26753211 0.598967254 0.754761338
vn -0.295562595 0.509159744 0.808331132
vn -0.496150523 0.678502262 0.54172802
vn -0.0927544162 0.795478225 0.598841369
vn -0.253128409 0.445560277 0.858721197
vn -0.111632191 0.538689911 0.835075736
vn -0.0209566932 0.716829181 0.696933866
vn -0.092078045 0.768960714 0.632630169
vn -0.00118224951 0.726607144 0.68705225
vn -0.133057147 0.759623289 0.636606812
vn -0.102959342 0.482622266 0.869755805
vn -0.278673977 0.651792765 0.705341816
vn -0.358485341 0.489848465 0.794692814
vn -0.254539639 0.764112532 0.592740715
vn -0.59022522 0.538996398 0.600930214
vn -0.759158194 0.576232433 0.302712679
vn -0.664754808 0.339355797 0.665536284
vn -0.857519031 0.369558901 0.357892752
vn -0.388832241 0.297097743 0.872090876
vn -0.699119508 0.109631255 0.706550062
vn -0.389217317 -0.141196609 0.910260022
vn -0.374567807 -0.011352472 0.927130044
vn -0.149781048 0.194685712 0.969362259
vn -0.0660845935 -0.235202581 0.969697058
vn 0.0468335003 -0.491366714 0.869692683
vn -0.334114134 0.271643043 0.90253967
vn -0.428492129 -0.189461038 0.883458495
vn -0.603786886 -0.579879105 0.546974957
vn -0.229446307 0.554087222 0.800213575
vn -0.516587257 0.381911457 0.7663427
vn -0.351527959 0.589147568 0.727552891
vn -0.20477739 0.74188894 0.638488054
vn 0.0165512934 0.86121279 0.507974863
vn -0 0.887685657 0.460449964
vn 0.0130455811 0.729464531 0.683894217
vn -0 0.708905101 0.705303848
vn 0.0121814078 0.530444622 0.84763211
vn -0.199534252 0.568315208 0.798250616
vn -0.0130455717 0.729464531 0.683894157
vn -0.342275172 0.429866403 0.835501432
vn -0 0.516037107 0.85656631
vn -0.142022505 0.414477527 0.89890939
vn 0.0344950892 0.405340284 0.913514793
vn -0.142152339 0.254810065 0.956485569
vn -0.539655864 0.132238001 0.831435323
vn -0.329421699 0.181668594 0.926540852
vn -0.732424438 0.105845094 0.672570646
vn -0.865293622 -0.341270745 0.367152959
vn -0.783291519 -0.377704799 0.493754447
vn -0.509838521 -0.322747111 0.797432721
vn -0.892752528 -0.270048976 0.36064738
vn -0.886440694 -0.296336949 0.35553807
vn -0.916463852 -0.134803325 0.376725465
vn -0.907962441 -0.125572607 0.399794668
vn -0.935918987 -0.135379434 0.325158745
vn -0.935176313 -0.252951711 0.247912735
vn -0.850947976 -0.257401109 0.457856148
vn -0.605606079 -0.274881333 0.746780694
vn -0.308099598 -0.197656721 0.930594742
vn -0.914044917 -0.247632697 0.321247429
vn -0.893339097 -0.44098717 0.0864615738
vn -0.915976524 -0.4006567 -0.0214767382
vn -0.866446793 -0.106332973 0.487814724
vn -0.807490885 -0.254673272 0.532071292
vn -0.919203937 -0.29138276 0.264877707
vn -0.923972607 -0.21831283 0.3140288
vn -0.943476379 -0.319157064 -0.0893929303
vn -0.754842103 -0.287325352 0.589624941
vn -0.786138475 -0.183769584 0.590097487
vn -0.651736915 -0.100642689 0.751737952
vn -0.549937844 -0.275988013 0.788288593
vn -0.573382556 -0.189952374 0.796963394
vn -0.266508609 -0.203705668 0.942060113
vn -0.527449071 -0.285773486 0.800081849
vn -0.374742299 -0.0625985488 0.925013304
vn -0.197938234 -0.201895818 0.959196866
vn -0.240846291 -0.218860328 0.945565104
vn -0.334030598 -0.212879047 0.918208122
vn -0 -0.182189852 0.983263373
vn -0 -0.204099402 0.978950143
vn -0.158030912 -0.0437700078 0.986463547
vn -0 -0.0459296517 0.9989447
vn -0 -0.152560472 0.988294125
vn 0.197938219 -0.201895833 0.959196866
vn 0.240846202 -0.218860328 0.945565104
vn 0.26650849 -0.203705624 0.942060113
vn 0.549937904 -0.275988013 0.788288593
vn 0.573382556 -0.189952329 0.796963394
vn -0.125663161 -0.171187088 0.977191746
vn -0.100107335 -0.108707935 0.989020288
vn 0.0381414182 -0.103168823 0.993932307
vn 0.0500968248 0.265936971 0.96268785
vn 0.754842103 -0.287325382 0.589624941
vn 0.786138594 -0.183769614 0.590097249
vn 0.919203937 -0.291382849 0.264877707
vn 0.923972607 -0.218312979 0.314028829
vn 0.807491004 -0.254673302 0.532071292
vn 0.915976524 -0.40065679 -0.0214766655
vn 0.94347626 -0.319157243 -0.0893927813
vn 0.914044917 -0.247632653 0.32124728
vn 0.893339097 -0.44098714 0.0864615366
vn 0.935176313 -0.252951771 0.247912675
vn 0.0802740231 -0.0257860888 0.996439278
vn 0.527449071 -0.285773516 0.800081849
vn 0.866446912 -0.10633292 0.487814635
vn 0.907962441 -0.125572577 0.399794668
vn 0.651737094 -0.100642696 0.751737893
vn 0.37474218 -0.0625985935 0.925013423
vn 0.916463852 -0.134803399 0.376725554
vn 0.935918987 -0.135379508 0.325158745
vn 0.886440516 -0.296337038 0.355538487
vn 0.892752349 -0.270048976 0.360647649
vn 0.158030823 -0.0437700152 0.986463547
vn 0.850947917 -0.25740099 0.457856268
vn 0.865293622 -0.341270834 0.367152959
vn 0.603786767 -0.579878986 0.546975017
vn 0.783291519 -0.377704769 0.493754536
vn 0.732424617 0.105844907 0.672570407
vn 0.125663087 -0.171187103 0.977191746
vn -0.038141463 -0.103168704 0.993932307
vn 0.334030479 -0.212879211 0.918208122
vn 0.605606198 -0.274881333 0.746780694
vn 0.509838581 -0.322747111 0.797432721
vn -1.79896332E-07 -0.134246379 0.990947902
vn -0.0802740529 -0.0257860497 0.996439278
vn -0 0.0087538939 0.999961734
vn 0.10010732 -0.108707935 0.989020288
vn 0.308099568 -0.197656751 0.930594742
vn 0.539655805 0.132238001 0.831435323
vn -0 0.261272281 0.965265155
vn -0.0500968173 0.265937001 0.96268779
vn 0.14215225 0.254810065 0.956485569
vn 0.32942161 0.181668639 0.926540852
vn -0 0.388238847 0.921558797
vn -0.0344950408 0.405340344 0.913514793
vn 0.142022386 0.414477468 0.89890939
vn 0.199534431 0.568315566 0.798250318
vn -0.0121813361 0.530444801 0.847631991
vn 0.342275202 0.429866403 0.835501432
vn 0.516587377 0.381911427 0.76634264
vn 0.204777539 0.741888881 0.638488114
vn 0.35152787 0.589147747 0.727552772
vn 0.229446083 0.554086864 0.800213814
vn 0.254539639 0.764112115 0.592741191
vn 0.193854228 0.837246358 0.511311173
vn 0.334114105 0.271642894 0.90253967
vn 0.0920779929 0.768960297 0.632630825
vn 0.428492337 -0.189461127 0.883458376
vn 0.149780899 0.194685414 0.969362259
vn 0.0660846382 -0.23520261 0.969697058
vn -0.0468333997 -0.491366714 0.869692683
vn 0.374567807 -0.0113524059 0.927130044
vn 0.389217019 -0.141196683 0.910260141
vn 0.733002245 0.030768102 0.679530025
vn 0.133056968 0.759622753 0.636607528
vn 0.173316821 0.585852981 0.791667581
vn 0.0209565964 0.716829181 0.696933866
vn 0.00118221517 0.726607084 0.68705225
vn 0.192059606 0.376791298 0.90616858
vn 0.111632131 0.538689554 0.835075915
vn 0.699119508 0.109631509 0.706549942
vn 0.912262559 0.10594938 0.395666182
vn 0.102959298 0.482621878 0.869755983
vn 0.0926294476 0.779869735 0.619050086
vn 0.906856656 0.155228317 0.391810209
vn 0.98192054 0.188140199 -0.0208612755
vn 0.978018105 0.189610884 -0.086765483
vn 0.836603642 0.197995439 -0.510776103
vn 0.85751915 0.36955896 0.357892543
vn 0.664754987 0.339355916 0.665536165
vn 0.38883245 0.297097743 0.872090757
vn 0.59022522 0.53899616 0.600930452
vn 0.358485401 0.489848524 0.794692814
vn 0.278673887 0.651792645 0.705341876
vn 0.0927543417 0.795478702 0.598840654
vn 0.759158373 0.576232314 0.302712798
vn 0.496150404 0.678502142 0.541728497
vn 0.281345874 0.852491438 0.44057098
vn 0.209708765 0.894483328 0.394869357
vn 0.664136291 0.713297129 0.223897904
vn 0.935162425 0.342362016 -0.0908811688
vn 0.2675322 0.598967314 0.754761279
vn 0.295562804 0.509159982 0.808330774
vn 0.431280106 0.891106844 0.141159713
vn 0.450774759 0.727772295 0.516865075
vn 0.303290486 0.950269103 0.070734635
vn 0.425566703 0.886154413 -0.183366552
vn 0.684464037 0.71513176 -0.141758785
vn 0.819548547 0.564243197 -0.0998484269
vn 0.253128469 0.445560217 0.858721197
vn 0.391134411 0.619379818 0.680722058
vn 0.469278127 0.664957285 0.581042111
vn 0.494516313 0.822539866 0.280858934
vn 0.586573184 0.802263677 0.110926777
vn 0.576472044 0.79913944 0.170458779
vn 0.318606913 0.920483172 -0.226275191
vn 0.586645722 0.752498686 -0.299320012
vn 0.536879361 0.805779696 -0.249959305
vn 0.455432117 0.869445622 -0.191431135
vn 0.512392282 0.649077296 -0.562274694
vn 0.311640114 0.814833641 -0.488801271
vn 0.460986465 0.87912637 -0.12094757
vn 0.326031089 0.819444001 -0.471397191
vn 0.278155237 0.844255269 -0.458107769
vn 0.282713026 0.826080978 -0.487507313
vn 0.533480108 0.64827919 -0.543261528
vn 0.161109984 0.689540327 -0.706100225
vn 0.69514364 0.486828536 -0.528936028
vn 0.453327477 0.73151505 -0.509293497
vn 0.329948187 0.673779964 -0.661176741
vn 0.429686725 0.568237722 -0.701765776
vn 0.340325445 0.67672044 -0.652861416
vn 0.287977785 0.477689296 -0.829989076
vn 0.326210916 0.455704898 -0.828202486
vn 0.792492449 0.263209492 -0.550160408
vn 0.819386363 0.134433344 -0.557255447
vn 0.457628608 0.086538367 -0.884922147
vn 0.453778535 -0.0753884241 -0.887919903
vn 0.439094126 -0.0628950223 -0.896236897
vn 0.0185337774 -0.390363157 -0.92047441
vn 0.0943100825 -0.32356903 -0.941492736
vn 0.459843576 -0.405815721 -0.789846539
vn 0.39550367 0.315685302 -0.86250782
vn 0.145822763 -0.155922458 -0.976946175
vn 0.168421671 0.0866620392 -0.981898129
vn 0.164499447 0.273759544 -0.947626293
vn 0.305716902 0.269546807 -0.913171232
vn 0.314822346 0.0628523901 -0.94706732
vn 0.264589936 -0.162000582 -0.950656593
vn 0.216967165 -0.368258029 -0.904052675
vn 0.433925956 -0.034518715 -0.900287032
vn 0.473131418 -0.175320417 -0.863370955
vn 0.453834176 0.359187007 -0.815487146
vn 0.410681456 0.110555276 -0.905051589
vn 0.224840567 0.169761524 -0.959493518
vn 0.208473414 0.550924599 -0.808097124
vn 0.199301705 0.00313374493 -0.979933143
vn 0.217098728 -0.128855437 -0.967607558
vn 0.534341812 -0.301526636 -0.789658546
vn 0.896947861 -0.293580443 -0.330598056
vn 0.204515904 0.298283935 -0.932308912
vn -0.0591568388 -0.0799852386 -0.995039165
vn 0.23444517 -0.277645528 -0.931637526
vn -0.0776418075 0.109711081 -0.990926504
vn 0.712163925 -0.40102756 -0.576193988
vn 0.269875228 -0.407862008 -0.872247636
vn -0.0847762227 -0.33206439 -0.939439356
vn -0.0653105676 -0.212555155 -0.974964023
vn 0.891777992 -0.422404259 -0.162193194
vn 0.952311993 -0.288537234 -0.0992380455
vn 0.935176313 -0.252951771 0.247912675
vn 0.935918987 -0.135379508 0.325158745
vn 0.893339097 -0.44098714 0.0864615366
vn 0.603775203 -0.647481322 -0.464998335
vn 0.915976524 -0.40065679 -0.0214766655
vn 0.364315331 -0.518852949 -0.773347259
vn 0.616054296 -0.590095937 -0.521789134
vn 0.749967039 -0.449744344 -0.485056102
vn 0.94347626 -0.319157243 -0.0893927813
vn 0.38230595 -0.523890197 -0.761170983
vn 0.425320953 -0.429981858 -0.796377838
vn -0.0164553449 -0.430389494 -0.902493238
vn 0.0677202195 -0.380520731 -0.92228955
vn 0.0904103145 -0.282666743 -0.954947889
vn 0.0640685856 -0.479720414 -0.875079095
vn -0 -0.269832104 -0.962907314
vn -0 -0.204007506 -0.978969336
vn -0 -0.37044248 -0.92885536
vn -0 -0.355607063 -0.93463552
vn -0 -0.267151415 -0.963654518
vn -0 -0.114742883 -0.993395269
vn -0 0.106712274 -0.994289875
vn -0.136467546 0.290593415 -0.947064936
vn -0 0.337390542 -0.941364765
vn -0 0.492088437 -0.870545149
vn -0.182220176 0.502375782 -0.845230401
vn -0 0.624501526 -0.781023562
vn -0.189777672 0.617589355 -0.763261318
vn 0.0849849731 0.656151533 -0.749828517
vn 0.0144516211 0.760974467 -0.648620903
vn -0.228231028 0.702643156 -0.673946023
vn -0 0.708219826 -0.705991983
vn -0.012573679 0.795051455 -0.606411636
vn -0.216016844 0.736472487 -0.641049862
vn -0 0.697518885 -0.716566384
vn -0.0711098462 0.780627429 -0.620938182
vn -0.133340552 0.720456183 -0.680560827
vn -0 0.688796401 -0.724954784
vn -0.000168187733 0.685417354 -0.728150427
vn -0.0494458862 0.700476825 -0.711960316
vn 0.000176957386 0.573070645 -0.81950593
vn 0.102889076 0.976953685 -0.187017143
vn 0.942864716 0.0946120396 -0.319460154
vn 0.975201488 -0.0774582475 0.207321614
vn 0.90498817 0.0384245813 -0.423698008
vn 0.964904964 -0.188397989 0.182933494
vn 0.305023193 -0.165202647 0.937906623
vn 0.357078999 -0.337120503 0.871116757
vn 0.112033114 -0.268398076 0.956771195
vn 0.182498902 0.912779629 0.365414113
vn 0.0827341303 -0.0889389291 0.992595017
vn 0.0373579785 0.931200922 0.362586915
vn -0.0490617529 0.985606611 -0.16177918
vn -0.937305093 0.0215328448 0.347844124
vn -0.960732043 -0.118175589 0.251054376
vn -0.981276989 0.0918979719 -0.169264153
vn -0.943953633 0.00291513978 -0.330065191
vn -0.254984111 0.344658673 -0.903434336
vn -0.265914083 0.275432914 -0.92381084
vn -0.0490617529 0.985606611 -0.16177918
vn -0.0847980753 0.381604344 -0.920427799
vn -0.118834861 0.331279486 -0.936019301
vn 0.102889076 0.976953685 -0.187017143
vn 0.90498817 0.0384245813 -0.423698008
vn 0.942864716 0.0946120396 -0.319460154
vn -0.396706074 0.810616434 -0.430726469
vn -0.936477125 0.235267907 -0.260114759
vn -0.769990683 0.24657546 -0.588485241
vn -0.784559488 0.150553271 -0.601498306
vn -0.946568012 0.152293444 -0.284280837
vn -0.558945179 -0.616351187 -0.554699421
vn -0.686577559 -0.647985578 -0.329736203
vn -0.0884295404 -0.926260948 -0.366361827
vn -0.239080831 -0.957380831 -0.162056223
vn 0.0126953125 -0.95010668 -0.311666608
vn -0.871894538 -0.418379605 0.254476964
vn -0.174939275 -0.979947805 -0.0953858495
vn 0.0210504103 -0.953754902 -0.299847424
vn -0.909220636 0.0722441673 0.409998238
vn -0.705695927 -0.40188238 0.583510041
vn -0.145617351 -0.98594451 -0.0819081366
vn 0.0308749154 -0.953356862 -0.300262213
vn -0.649988055 -0.335221022 0.682013512
vn -0.113696516 -0.990281701 -0.0800950378
vn 0.0830111057 -0.954078913 -0.287824154
vn -0.600409627 -0.314603478 0.735209525
vn -0.637062669 0.0518324487 0.769067347
vn -0.708386004 0.0687240884 0.702471495
vn -0.044882644 -0.997603595 -0.0526554585
vn 0.503698051 -0.850524902 -0.151312843
vn -0.530282557 -0.373733371 0.761001885
vn -0.886935174 0.165128097 0.431368351
vn -0.540905893 0.520551205 0.660641491
vn -0.587707937 0.0325577967 0.808417797
vn -0.733084917 0.598273039 0.32350558
vn -0.4998281 0.828035057 -0.254027009
vn 0.0357931592 0.999227166 0.0162495226
vn 0.170733258 0.968268991 -0.182497308
vn -0.52548933 0.423062086 0.738159478
vn 0.130405739 0.987231672 0.0914767012
vn 0.296779156 0.946341455 -0.127906293
vn -0.503947079 0.362869173 0.783813298
vn 0.128381386 0.983431637 0.127985343
vn 0.309939861 0.942388356 -0.125862673
vn -0.520534873 0.00968244858 0.853785574
vn 0.141163558 0.977175474 0.158747613
vn 0.313526034 0.941261828 -0.125410512
vn -0.428671032 0.3603701 0.828477263
vn 0.243190795 0.952546775 0.183065087
vn 0.368022561 0.923934758 -0.104421593
vn -0.264469802 0.42304194 0.866655231
vn -0.421527147 -0.459410071 0.781829476
vn 0.613022506 0.746024847 0.26009652
vn 0.657083452 0.753561616 -0.0196517967
vn 0.284516901 0.609728158 0.739784896
vn 0.962896168 -0.0308824833 0.26809907
vn 0.999314427 -0.0202026553 -0.0310230199
vn -0.389725804 0.00468901685 0.920919001
vn 0.270876586 0.0380597562 0.961861432
vn 0.259219646 -0.117377058 0.95865941
vn 0.949981451 -0.116310202 0.289839774
vn 0.992946208 -0.114930347 -0.0291375648
vn 0.187371418 -0.602903187 0.775499701
vn 0.583868802 -0.810113192 0.0530446209
vn 0.396702677 0.81061399 -0.430734247
vn 0.769993782 0.246575981 -0.58848089
vn 0.936479211 0.235267103 -0.260107905
vn 0.784561694 0.150554299 -0.601495087
vn 0.946570396 0.152293384 -0.284273177
vn 0.558934748 -0.616334081 -0.554729044
vn 0.686575711 -0.64797771 -0.329755574
vn 0.0884287283 -0.926261544 -0.366360307
vn 0.239081502 -0.957382143 -0.162047505
vn -0.0126954522 -0.950114787 -0.311642021
vn 0.871892691 -0.418374926 0.254490852
vn 0.174939424 -0.979949415 -0.0953688323
vn -0.0210502725 -0.953758121 -0.299837202
vn 0.909219682 0.0722440034 0.410000384
vn 0.705696106 -0.401879936 0.583511531
vn 0.145617068 -0.985945165 -0.0819005594
vn -0.0308748353 -0.953354478 -0.300269723
vn 0.649985969 -0.335219026 0.682016492
vn 0.113696441 -0.99028182 -0.0800937936
vn -0.0830119774 -0.954084098 -0.287806243
vn 0.600408316 -0.314603478 0.735210538
vn 0.637061596 0.0518319644 0.769068241
vn 0.708388448 0.0687233508 0.70246917
vn 0.0448822528 -0.997604072 -0.0526464656
vn -0.50370121 -0.850530267 -0.151272297
vn 0.530282855 -0.373735487 0.761000633
vn 0.886934817 0.165127963 0.431369364
vn 0.540909946 0.520556211 0.660634279
vn 0.587707758 0.0325575769 0.808417857
vn 0.733093619 0.598276198 0.32348007
vn 0.499825329 0.828031778 -0.254043281
vn -0.0357922614 0.999227285 0.0162411928
vn -0.170733482 0.968270004 -0.182491869
vn 0.525489748 0.423062146 0.73815912
vn -0.130405247 0.987232447 0.0914697126
vn -0.296778589 0.946341336 -0.127908051
vn 0.503949046 0.362869799 0.783811748
vn -0.128381193 0.983432889 0.127976701
vn -0.309939414 0.942387938 -0.12586689
vn 0.520536005 0.00968264509 0.8537848
vn -0.141164109 0.977178454 0.158728927
vn -0.313525856 0.941261351 -0.125413731
vn 0.428674251 0.36037159 0.828474879
vn -0.243192762 0.952551007 0.183040574
vn -0.368022829 0.923933744 -0.104429454
vn 0.264475644 0.423047513 0.866650641
vn 0.421528518 -0.45941323 0.781826854
vn -0.613027096 0.746029735 0.260071933
vn -0.657084346 0.75356102 -0.0196467806
vn -0.284520447 0.609743178 0.739771128
vn -0.962895513 -0.0308822282 0.268101662
vn -0.999314308 -0.0202024709 -0.0310263801
vn 0.389727294 0.00468932418 0.920918286
vn -0.270872235 0.0380598642 0.961862624
vn -0.259222627 -0.117377102 0.958658636
vn -0.949981272 -0.11631009 0.289840788
vn -0.992945969 -0.114930369 -0.0291419998
vn -0.187372968 -0.60289973 0.775501966
vn -0.583869278 -0.810111344 0.0530693121
vn 0.325692445 0.945391476 -0.0126290945
vn 0.243993849 0.906502843 0.344557136
vn 0.186577633 0.981595039 -0.0407439023
vn -0.37874189 0.921356559 -0.0875022858
vn 0.388808221 0.861127317 0.327548206
vn 0.491256535 0.870861411 -0.0163534172
vn -0.341440201 0.90805161 0.242612526
vn -0.149742082 0.984637141 -0.0898169801
vn 0.568700492 0.770057857 0.289120585
vn 0.904774308 -0.269552946 -0.329734236
vn 0.244602233 0.417379975 0.875193477
vn 0.39599368 0.355204999 0.846769392
vn 0.956467688 -0.277881444 -0.0891711339
vn 0.845903814 -0.401594043 -0.350954354
vn 0.671257973 0.173780814 0.720564365
vn 0.607454121 -0.142989069 0.781379342
vn 0.913632691 -0.400019377 -0.072524555
vn 0.858464241 -0.372648776 -0.352380365
vn 0.898138642 -0.419001997 -0.133358032
vn 0.31622535 0.0101543898 0.948629797
vn 0.890250623 -0.427551836 -0.15701361
vn 0.865502715 -0.353615731 -0.354769021
vn 0.853530884 -0.492781132 -0.16926831
vn 0.833531439 -0.405689418 -0.375021935
vn 0.509995282 -0.483333766 0.711542845
vn 0.558633447 -0.315504581 0.767062962
vn 0.672243118 -0.719559371 -0.174136475
vn 0.159880012 -0.875654936 -0.455704689
vn 0.245600373 -0.183675364 0.951810837
vn 0.362065107 -0.697632194 0.618237853
vn -0.158196658 -0.962531686 -0.220242336
vn -0.341122806 -0.851859391 -0.397455513
vn 0.151477426 -0.37130037 0.916073442
vn 0.0676224604 -0.953768194 0.292836577
vn -0.332274765 -0.9289276 -0.163361773
vn -0.484836608 -0.80137372 -0.350333422
vn 0.0348533839 -0.613936961 0.788585246
vn -0.195349172 -0.916038096 0.350303859
vn -0.526368976 -0.84614408 -0.0835219771
vn -0.391522557 -0.831588745 0.393916726
vn -0.146052092 -0.544042408 0.826248527
vn -0.0135681089 -0.308869153 0.951007724
vn -0.983563423 -0.159371063 0.0848757103
vn -0.960844338 -0.232412145 -0.150873065
vn -0.996150374 -0.0750445202 -0.045309402
vn -0.615843475 -0.223050117 0.755635917
vn -0.901015937 -0.26011762 0.347144186
vn 0.0868229941 -0.124786623 0.988377512
vn -0.989885092 -0.110703275 0.0887257382
vn -0.943943441 -0.319057494 0.0846938789
vn -0.962596297 -0.231579974 -0.140637949
vn -0.933621705 -0.323035419 -0.154915154
vn -0.718800485 -0.261546284 0.644142389
vn -0.529105663 -0.0388342887 0.84766686
vn -0.301496416 -0.10143663 0.948056221
vn -0.272434473 -0.321866035 0.906742454
vn -0.937607229 -0.341554552 0.0650629029
vn -0.206187457 -0.11802119 0.971369028
vn -0.934175134 -0.332134157 0.130397871
vn -0.92008698 -0.369746178 -0.129335135
vn -0.253971249 0.0283101853 0.966797411
vn -0.476796508 0.123413667 0.870306909
vn -0.959576905 -0.172478929 0.222403347
vn -0.236269459 0.123267204 0.963837028
vn -0.100248054 0.153845504 0.982996404
vn -0.30094865 0.291269988 0.908070385
vn -0.403456956 0.275024444 0.872687817
vn -0.998035729 0.0373119824 0.050323721
vn -0.994897068 -0.0736750439 -0.0689324513
vn -0.167540044 0.563649297 0.808844745
vn -0.303851664 0.531282961 0.790830255
vn -0.315509439 0.905637801 0.283326626
vn -0.317504674 0.948245227 -0.0046762065
vn -0.151467845 0.987775683 -0.0368338414
vn -0.171320379 0.950710118 0.258456111
vn -0.207955554 0.958403945 0.195490032
vn -0.249254271 0.641586781 0.725423098
vn -0.313132554 0.557022214 0.769203722
vn 0.161320657 0.0648175031 0.984771192
vn -0.865285158 -0.46659112 0.183232889
vn -0.794010341 -0.319998145 0.5168643
vn -0.833621323 -0.346048295 0.430495203
vn -0.854120314 -0.488195688 0.179285631
vn -0.885739744 -0.463236332 -0.029617561
vn -0.860285759 -0.50980705 -0.00227292767
vn -0.723095298 -0.211442068 0.657590628
vn -0.786467493 -0.617626011 0.00262755249
vn -0.641413569 -0.114965253 0.758532524
vn -0.559449077 -0.0973877236 0.823123515
vn -0.803147256 -0.569950044 0.17352654
vn -0.731904745 -0.68013525 0.0416095592
vn -0.81617409 -0.376856893 0.437994033
vn -0.747212291 -0.475636393 0.46415931
vn -0.471790284 -0.209546372 0.85644865
vn -0.687148333 -0.601125419 0.40801394
vn -0.787903726 -0.481013089 0.38449195
vn -0.833969831 -0.551701367 0.0109530669
vn -0.846408308 -0.53055799 -0.0458394103
vn 0.00273749279 0.174175248 0.984710872
vn -0.396610469 -0.370992392 0.839681327
vn 0.0260991715 0.0350758471 0.999043763
vn -0.820946574 -0.393913239 0.413375199
vn -0.676495433 -0.736434579 -0.00423964998
vn -0.49724251 -0.257736087 0.828445494
vn 0.361174375 0.410499841 0.837283134
vn -0.699018836 -0.5622769 0.441834092
vn -0.533740699 -0.84467113 0.0406389907
vn -0.625185013 -0.115151972 0.771935046
vn -0.248684287 0.0698284507 0.966064215
vn 0.220502034 0.789454818 0.572834969
vn -0.607245505 -0.217776135 0.764085352
vn -0.636765778 -0.66687429 0.387050241
vn -0.433445215 0.167831182 0.885414004
vn 0.0236001723 0.48989892 0.871459782
vn 0.342905432 0.88345468 0.319255084
vn -0.774504662 -0.578481197 0.255933762
vn -0.579529524 -0.814586043 -0.0243931226
vn -0.733021617 -0.63966614 -0.2313146
vn -0.115132384 0.514576674 0.849679589
vn 0.120405138 0.775490344 0.619771957
vn 0.454303086 0.6089347 0.650236249
vn 0.619990647 0.74482125 -0.24668403
vn 0.0826480091 0.428257197 0.899869442
vn 0.714559853 0.641979754 0.277968198
vn 0.809265852 0.568022609 -0.149796531
vn 0.805028617 0.511339128 0.300767869
vn 0.902481973 0.424622297 -0.0722633377
vn 0.586232364 0.489839733 0.645281732
vn -0.341189057 0.123911463 0.931791842
vn 0.202147827 0.353205889 0.913445055
vn 0.248063281 0.358524382 0.899958313
vn -0.257179588 0.113106705 0.959721625
vn 0.848045707 0.425682187 0.315615594
vn 0.864203751 0.239578798 -0.442440927
vn 0.898920834 0.188595742 -0.395440191
vn -0.620402932 -0.265314162 0.738043725
vn -0.701546192 -0.163860634 0.693529129
vn 0.623797715 0.435712963 0.64886868
vn 0.93825084 0.342099398 -0.0515102595
vn 0.964871228 0.262672812 -0.00515038706
vn 0.874975324 0.356823772 0.327253729
vn -0.19207643 0.192931071 0.962228715
vn -0.967689514 -0.246221215 -0.0543335527
vn -0.734494567 -0.551274419 -0.395745367
vn -0.789203644 -0.48438707 -0.377527177
vn -0.76319021 0.31465143 0.564389229
vn -0.973187327 0.21833536 -0.0723614767
vn -0.14317672 0.437784076 0.887606621
vn 0.658139169 0.40587306 0.634129286
vn -0.973233044 0.229575396 0.0106160678
vn -0.798304081 -0.424961567 -0.426753104
vn -0.616197944 0.663921595 0.42368421
vn 0.307043791 0.405447662 0.861008942
vn -0.970831096 0.219016612 0.0975636169
vn -0.571471572 0.557226181 0.60242784
vn -0.749822438 -0.39648506 -0.529684663
vn -0.930787921 0.289280385 0.223496407
vn -0.775137305 -0.315842956 -0.54717958
vn -0.585676491 0.621695995 0.520074189
vn -0.0905945674 0.623170376 0.776821375
vn 0.151466399 0.438331693 0.885959029
vn 0.388765872 0.457609087 0.799659312
vn 0.0698104873 0.528196633 0.846247435
vn 0.199089527 0.133898869 0.970790684
vn 0.704325736 0.406823754 0.581738472
vn -0.0173139237 0.302290708 0.953058541
vn 0.390269399 0.499082416 0.773696661
vn 0.909241736 0.284925044 0.303475291
vn 0.715715885 0.463813841 0.522137403
vn 0.986816704 0.161275297 0.0135344546
vn 0.927587509 0.311804891 0.205813155
vn 0.95469892 0.0364633352 -0.295331091
vn 0.974453688 0.219461352 -0.0477162525
vn 0.935560286 0.113087907 -0.33457157
vn 0.686348617 -0.158504024 -0.70979017
vn 0.654663146 -0.138432696 -0.743136883
vn 0.260449082 -0.426366925 -0.866243362
vn 0.72855705 -0.103404157 -0.677135289
vn 0.256504029 -0.193563551 -0.946962953
vn 0.930248499 0.15646854 -0.331896394
vn -0.218443155 -0.243846253 -0.944892347
vn 0.753177881 0.130846873 -0.644672215
vn 0.298247278 0.0235669389 -0.954197645
vn -0.245440155 -0.206116706 -0.947246015
vn -0.734489024 -0.474242002 -0.485407472
vn 0.95328331 0.289724231 -0.0855033845
vn 0.915631533 0.227248162 -0.331627995
vn 0.761812031 0.186572745 -0.62034905
vn 0.371695578 0.0477429628 -0.927126169
vn 0.943146586 0.327260792 0.0580935739
vn 0.88142693 0.371035278 0.292265981
vn -0.759264767 -0.650254786 0.0261843409
vn -0.681768656 -0.556585729 -0.474767238
vn -0.214072004 -0.25324598 -0.943419218
vn -0.223439991 -0.264440328 -0.938160896
vn 0.389906913 -0.0830916017 -0.917097747
vn -0.72590214 -0.681914449 0.0897705704
vn -0.723638475 -0.507728338 -0.467503309
vn -0.69227457 -0.721242547 0.0237748828
vn -0.674080551 -0.734737217 0.0760037452
vn -0.661133468 -0.747913718 0.0593929328
vn -0.972535491 -0.232046157 0.0181433819
vn -0.679582775 -0.156362772 0.716741204
vn -0.684613049 0.100308329 0.721971691
vn -0.998737633 -0.0499402061 -0.00540275546
vn -0.757369757 0.230730295 0.610863805
vn -0.577216685 -0.348014295 -0.738719881
vn -0.603836656 -0.796997547 -0.0132708987
vn -0.545084357 -0.194874197 -0.815418422
vn -0.601299524 -0.0265589301 -0.798582256
vn -0.98465389 0.167695716 -0.0483203568
vn -0.754522085 0.281944185 0.592624605
vn -0.962979615 0.260561287 -0.0691226497
vn -0.95944643 0.267318487 -0.0894616097
vn -0.607564449 0.0620171018 -0.791845441
vn -0.777305722 0.288059026 0.559301198
vn -0.61263299 0.0885295346 -0.785393715
vn -0.881873727 -0.19056949 0.431256264
vn -0.732550979 -0.39791742 -0.552295923
vn -0.86312604 -0.504661322 -0.0181779265
vn -0.691328704 -0.713097513 0.116433091
vn -0.929221988 -0.269524127 0.252790838
vn -0.469597667 -0.208469808 0.857915103
vn -0.63378042 -0.773139656 0.0240311399
vn -0.740691483 -0.374088675 -0.558062613
vn -0.941404819 0.0769257769 0.328389227
vn -0.770448923 -0.0430644602 -0.636045396
vn -0.36332044 0.133466423 0.922054768
vn -0.826480031 0.168109104 -0.537280202
vn -0.886417985 0.338579088 0.315637916
vn -0.410699159 0.282364607 0.866946578
vn -0.433361411 0.302523702 0.8489272
vn -0.880429745 0.36434111 0.303478181
vn -0.878400505 0.217445835 -0.425593466
vn -0.473634779 0.253985733 0.84330374
vn -0.898751736 0.323021114 0.296483755
vn -0.878025413 0.149276376 -0.454739362
vn -0.648774922 -0.183461338 0.738534451
vn -0.97174871 -0.196214452 -0.131165341
vn -0.891093969 -0.34545517 0.294299453
vn -0.203934282 -0.429619014 -0.879680812
vn -0.63378042 -0.773139656 0.0240311399
vn -0.740691483 -0.374088675 -0.558062613
vn -0.770448923 -0.0430644602 -0.636045396
vn -0.0470749624 -0.959140003 -0.278988153
vn -0.247729525 -0.134907559 0.959390461
vn -0.225116283 -0.194120035 -0.95479846
vn 0.555917859 -0.487196386 -0.673494697
vn -0.218820795 -0.126569346 -0.967521429
vn -0.826480031 0.168109104 -0.537280202
vn -0.878400505 0.217445835 -0.425593466
vn 0.500509083 -0.251247108 0.828471839
vn 0.469679534 -0.841885805 -0.265762031
vn 0.490776092 -0.0393213369 0.870398045
vn -0.231724888 0.198811159 0.952248752
vn 0.476432174 -0.0234002061 0.878899753
vn -0.181036219 0.331390768 0.92596215
vn 0.884382606 -0.345426649 0.31392315
vn 0.461417317 -0.0203754064 0.886949122
vn -0.266542047 0.376087785 0.887419403
vn 0.885166228 -0.462504923 0.0506948568
vn 0.852084994 -0.431670487 0.295992732
vn 0.766487837 -0.475905836 -0.431288809
vn 0.907711029 -0.160471305 -0.387697756
vn 0.907780886 -0.0664917976 -0.41414094
vn 0.479322404 -0.0225030575 0.87735033
vn 0.435435057 -0.0477144904 0.898954749
vn -0.297375768 0.313961923 0.901662707
vn 0.269703895 -0.420863748 0.866102517
vn -0.588031292 -0.229252279 0.775669038
vn 0.833811998 -0.479560614 0.273457646
vn 0.801866233 -0.489199579 0.343065917
vn 0.575091898 -0.603571475 0.552241564
vn -0.265322775 -0.768566966 0.582158566
vn 0.829400957 -0.457268208 0.320935756
vn 0.713018537 -0.623289466 -0.321115136
vn -0.548860431 -0.803104877 0.231893972
vn -0.838555813 -0.387949556 0.382517129
vn 0.721713722 -0.615625918 -0.31643939
vn 0.706948459 -0.631103694 -0.319268018
vn 0.088956736 -0.901935399 0.422610044
vn -0.65288192 -0.731283188 -0.197408259
vn -0.972812176 -0.2283912 -0.0383915156
vn 0.56926924 -0.781057835 -0.256673396
vn -0.205606446 -0.975495279 0.078325659
vn -0.320208699 -0.884518504 -0.3392542
vn -0.532530248 -0.45026353 -0.716710806
vn -0.136002958 -0.622362196 -0.7708233
vn 0.265724391 -0.517824173 -0.813171983
vn 0.158368379 -0.514682591 -0.842627585
vn -0.424721777 -0.178209439 -0.887610793
vn -0.915313482 0.241940945 -0.321971953
vn -0.82933718 0.406394273 0.383462399
vn -0.838555813 -0.387949556 0.382517129
vn -0.588031292 -0.229252279 0.775669038
vn -0.297375768 0.313961923 0.901662707
vn -0.266542047 0.376087785 0.887419403
vn -0.877083421 0.251003385 -0.409538865
vn -0.80945015 0.472169966 0.34906444
vn -0.181036219 0.331390768 0.92596215
vn -0.394125044 -0.157020345 -0.905544043
vn -0.818267524 0.4579584 0.347436905
vn -0.865624547 0.256603479 0.429940403
vn -0.231724888 0.198811159 0.952248752
vn -0.863107562 0.197240621 -0.46491009
vn 0.228469864 -0.482860565 -0.845368087
vn -0.337106049 -0.196225315 -0.920790553
vn 0.255748063 -0.473267108 -0.842977583
vn -0.912593007 0.0131392162 -0.408657998
vn -0.914140761 -0.0833109394 0.39674437
vn -0.247729525 -0.134907559 0.959390461
vn -0.856456339 -0.205978423 -0.473344862
vn -0.74454385 -0.654590249 0.131019622
vn -0.283562958 -0.301907629 -0.910188854
vn -0.307711482 -0.259580255 -0.915386081
vn 0.335448861 -0.3787283 -0.862576902
vn 0.316411912 -0.415774882 -0.852651596
vn 0.751768887 -0.0464793146 -0.657786548
vn 0.738086283 -0.581135929 -0.342796952
vn 0.765861273 -0.423001915 -0.484278738
vn 0.969204545 -0.0885278806 -0.229794279
vn 0.882491529 -0.409913033 -0.230607718
vn 0.405434608 -0.396335602 -0.823735833
vn 0.394737661 -0.392293394 -0.83083576
vn 0.869351566 -0.428164512 -0.246785164
vn 0.871970117 -0.380529881 0.308001846
vn 0.995693803 0.0880250409 -0.0290762112
vn 0.993743479 0.111412063 0.00782662071
vn -0.230043426 -0.118316703 -0.965961337
vn -0.269270092 -0.109028295 -0.956873298
vn -0.878025413 0.149276376 -0.454739362
vn 0.375719726 -0.400252193 -0.83584255
vn 0.828393817 -0.501414537 -0.249694362
vn 0.669396579 -0.739581883 0.0701917931
vn 0.833226383 -0.40164721 -0.380017668
vn 0.968365133 0.0527388826 0.243900895
vn 0.796459913 -0.231553033 0.558600724
vn 0.25730285 -0.13574402 0.956749022
vn 0.131259933 -0.990139425 0.0489352979
vn 0.810992658 -0.531467259 -0.24460873
vn 0.792260408 -0.326537967 0.515457392
vn 0.260735512 0.0434149392 0.96443361
vn 0.267736763 0.04403238 0.962485433
vn -0.469597667 -0.208469808 0.857915103
vn -0.36332044 0.133466423 0.922054768
vn -0.410699159 0.282364607 0.866946578
vn -0.603836656 -0.796997547 -0.0132708987
vn -0.433361411 0.302523702 0.8489272
vn 0.124804705 -0.407578051 -0.904601514
vn -0.577216685 -0.348014295 -0.738719881
vn -0.545084357 -0.194874197 -0.815418422
vn 0.117559709 -0.266643554 -0.95659858
vn -0.601299524 -0.0265589301 -0.798582256
vn 0.0947668925 -0.201043218 -0.974987566
vn -0.607564449 0.0620171018 -0.791845441
vn 0.21544683 0.0589696802 0.974733353
vn 0.246914536 0.000719305943 0.969036937
vn -0.473634779 0.253985733 0.84330374
vn 0.0821318179 -0.319890529 0.943887889
vn -0.648774922 -0.183461338 0.738534451
vn 0.76074785 -0.321423769 0.563870072
vn 0.801910281 -0.351153255 0.4833543
vn 0.828283131 -0.355752856 0.43288213
vn 0.824942589 -0.512679636 -0.237968951
vn 0.394597322 -0.406766355 -0.823913872
vn 0.823499322 -0.512512922 -0.243268102
vn -0.289556235 -0.16326198 -0.943134487
vn 0.558164895 -0.527821124 0.640200675
vn 0.345055759 -0.436201245 -0.831062615
vn -0.437747151 -0.475132197 -0.763299882
vn -0.97174871 -0.196214452 -0.131165341
vn 0.0504818708 -0.608908117 -0.791632771
vn -0.527433336 -0.806030095 -0.268569559
vn -0.891093969 -0.34545517 0.294299453
vn 0.716380537 -0.668983519 -0.198141292
vn 0.0934756026 -0.875702679 0.473716378
vn -0.197902516 -0.924249649 -0.326492399
vn -0.453595251 -0.878495872 0.149987936
vn -0.139263645 -0.989199996 0.0457056127
vn -0.276940197 -0.750674546 0.599826515
vn 0.50632447 -0.381222427 -0.773501694
vn -0.678034604 -0.734491646 -0.0281267855
vn -0.330367118 -0.341899782 -0.879751086
vn -0.258322597 -0.21136111 -0.942653656
vn 0.152988523 -0.879973412 0.449712455
vn -0.679582775 -0.156362772 0.716741204
vn 0.505434215 -0.255016416 -0.824319661
vn -0.317753822 -0.0140007716 -0.948069811
vn 0.961977661 -0.273128241 -0.000104310566
vn 0.48404634 -0.231103793 -0.843972802
vn -0.362531751 0.0299916361 -0.931488693
vn 0.908309579 -0.335833222 -0.249378443
vn 0.47193858 -0.229514018 -0.851232767
vn 0.454244256 -0.230951965 -0.860420465
vn -0.367750019 -0.00106694596 -0.929924071
vn 0.931068182 -0.223472401 -0.288395762
vn 0.890151501 -0.357442737 -0.282603979
vn 0.8273139 -0.259846985 0.498027384
vn 0.404540509 -0.27348268 -0.87267077
vn 0.885062039 -0.390181631 -0.253818035
vn 0.821389258 -0.317388833 0.473902941
vn 0.237370968 -0.56769985 -0.788271487
vn -0.60606128 -0.418031216 -0.676712334
vn -0.187827155 -0.914577901 -0.358145505
vn -0.842349887 -0.48739022 -0.22999458
vn 0.831970394 -0.447301775 -0.328247428
vn 0.555898488 -0.680227876 -0.477772981
vn 0.0281744674 -0.982885718 -0.182048962
vn -0.367646277 -0.929905653 0.0105740773
vn 0.823106647 -0.368908376 0.431743205
vn 0.810148895 -0.393994153 0.434082299
vn 0.708211541 -0.563343406 0.42553556
vn -0.467379719 -0.81375742 0.345477849
vn -0.952673912 -0.227395847 0.201751173
vn -0.149218321 -0.979676902 0.134040594
vn -0.218899816 -0.851031601 0.477313519
vn -0.048157841 -0.385709822 0.92136246
vn -0.442599118 -0.316396296 0.839046717
vn -0.865980983 0.216557309 0.450754732
vn 0.27419734 -0.209257841 0.938630342
vn -0.277530044 0.0225135144 0.960453093
vn -0.856170356 0.260278523 0.446349114
vn 0.389267296 -0.185770512 0.90219748
vn -0.293423295 0.105595127 0.950132847
vn -0.850922346 0.250467479 0.461732864
vn 0.297571212 -0.10003078 0.949444711
vn -0.286823541 0.126813918 0.949552715
vn 0.320950687 -0.0626148358 0.945023835
vn -0.297521561 0.187085971 0.93620497
vn -0.857194364 0.131188452 0.498003274
vn -0.851260424 0.0757381693 0.519248903
vn 0.328140616 0.127710447 0.935956061
vn -0.280052453 0.17842643 0.943257391
vn 0.844047129 -0.0236424245 0.535747588
vn -0.307894111 0.217910334 0.926129699
vn -0.799820423 -0.0551484153 0.597700536
vn -0.688333333 -0.07919655 0.721058369
vn 0.31524384 0.13624537 0.939179659
vn 0.804445624 -0.0159432739 0.593812287
vn 0.202678204 0.294871032 0.933794677
vn -0.267844141 0.26265642 0.926968694
vn -0.485160261 -0.185512975 0.854519963
vn 0.0732398704 -0.575129509 0.814777195
vn 0.336424112 0.485366732 0.806993186
vn 0.553589165 0.0746396258 0.829438388
vn 0.670168698 -0.677084386 0.30402416
vn 0.753857315 0.226567417 0.616738617
vn 0.748323321 0.443144619 0.493593991
vn 0.891271293 0.156607985 0.425569654
vn 0.887687504 0.145224482 0.436944753
vn 0.63371408 -0.0947271883 0.767745554
vn 0.523548186 -0.581486344 0.622712612
vn 0.942398787 -0.20951961 0.260741174
vn 0.944898427 -0.219742283 0.24265258
vn -0.168809697 0.00857676193 0.98561132
vn 0.53555572 -0.0191212613 0.844283402
vn -0.165880814 0.154325977 0.973995328
vn -0.684613049 0.100308329 0.721971691
vn -0.19498533 0.13961114 0.970818996
vn -0.757369757 0.230730295 0.610863805
vn -0.201518193 0.139643595 0.969479203
vn -0.754522085 0.281944185 0.592624605
vn -0.777305722 0.288059026 0.559301198
vn 0.5322721 -0.124724403 0.837335169
vn 0.728215814 -0.333664685 -0.598639786
vn 0.914980769 -0.34424603 0.210487247
vn 0.690575063 -0.365345001 -0.624202728
vn 0.508308709 -0.15667744 0.846802473
vn 0.897389054 -0.392288357 0.201996952
vn 0.678278744 -0.38619858 -0.625130892
vn 0.724319816 -0.426602304 -0.541637659
vn 0.0945517868 -0.190694168 -0.977085352
vn 0.882622242 -0.439844906 0.165874705
vn 0.12190862 -0.17850554 -0.97635752
vn 0.0990853682 -0.199724242 -0.974829316
vn -0.61263299 0.0885295346 -0.785393715
vn 0.574317455 -0.226211905 0.786757708
vn 0.499520481 -0.225182831 0.836523712
vn 0.873259425 -0.461408228 0.15658991
vn 0.67634362 -0.438201934 -0.592062771
vn 0.0148864556 -0.500281215 -0.865735054
vn -0.732550979 -0.39791742 -0.552295923
vn 0.498792231 -0.588597953 -0.636206508
vn -0.176328003 -0.90720284 -0.381957233
vn -0.86312604 -0.504661322 -0.0181779265
vn 0.19053863 -0.923749506 -0.332237691
vn 0.798555851 -0.578811169 0.165185094
vn -0.245455474 -0.961335659 0.124841198
vn -0.279158682 -0.76238656 0.583812594
vn -0.881873727 -0.19056949 0.431256264
vn 0.042688638 -0.986727059 0.156675979
vn 0.342145771 -0.374393672 0.86183852
vn 0.0849350989 -0.801845372 0.591464341
vn -0.195677802 -0.246922672 0.949072838
vn -0.131694973 0.0868438035 0.987478852
vn 0.103710748 0.474698603 0.874016821
vn 0.750887454 -0.03504657 0.659499645
vn 0.846619725 -0.530314863 0.0447330885
vn 0.887379408 -0.455778301 -0.0694537982
vn 0.0933582038 0.487963289 0.867857218
vn 0.839268506 -0.0373062715 0.542435884
vn -0.562571943 0.537204087 0.628430307
vn -0.592003524 0.400193512 0.699554801
vn 0.818578303 -0.00695673795 0.57435292
vn 0.837456822 -0.535573602 -0.108751878
vn 0.143122464 0.3788535 0.914322674
vn 0.27777952 0.327998906 0.902914822
vn -0.970214546 0.161657974 0.18041724
vn 0.750600994 -0.142485306 0.645210147
vn 0.717654884 -0.688910246 0.10185343
vn 0.166847825 -0.672807932 0.720757484
vn -0.585818648 0.402711421 0.703306496
vn -0.580426395 0.417224646 0.699305832
vn -0.987997651 0.122302949 0.0943536535
vn -0.835180402 -0.269675672 -0.479321182
vn -0.870079219 -0.408709705 -0.27553311
vn 0.361847341 0.153759107 0.919469714
vn -0.994554639 -0.0546468683 0.0887398273
vn -0.579172373 -0.76059109 0.29336071
vn 0.0307591297 -0.374756962 0.926612675
vn -0.738703132 -0.486115307 0.466914922
vn -0.227034375 -0.812162578 0.537445128
vn -0.388177693 -0.555357695 0.735456288
vn 0.865285158 -0.46659112 0.183233082
vn 0.833621144 -0.346048236 0.43049556
vn 0.79401058 -0.319998205 0.516864061
vn 0.854120314 -0.488195688 0.179285809
vn 0.885739744 -0.463236451 -0.0296174251
vn 0.860285759 -0.50980711 -0.00227284594
vn 0.723095596 -0.211442053 0.65759033
vn 0.786467493 -0.617626131 0.0026275611
vn 0.641413331 -0.114965178 0.758532763
vn 0.559448838 -0.097387664 0.823123753
vn 0.803147256 -0.569950104 0.17352654
vn 0.731904626 -0.680135369 0.0416094847
vn 0.816173851 -0.376856863 0.437994391
vn 0.747212172 -0.475636452 0.464159369
vn 0.471790195 -0.209546372 0.85644865
vn 0.687148273 -0.601125717 0.408013672
vn 0.787903845 -0.481013119 0.384491771
vn 0.833969831 -0.551701367 0.0109529905
vn 0.846408308 -0.530557871 -0.0458392687
vn -0.00273758988 0.174175292 0.984710872
vn 0.396610618 -0.370992482 0.839681268
vn -0.0260991435 0.0350758806 0.999043763
vn 0.820946574 -0.393913031 0.413375318
vn 0.676495373 -0.736434639 -0.00423955824
vn 0.49724254 -0.257735968 0.828445554
vn -0.361174375 0.410499841 0.837283134
vn 0.699018776 -0.562276959 0.441834211
vn 0.533740819 -0.84467113 0.0406387225
vn 0.625184834 -0.115151748 0.771935225
vn 0.248684347 0.0698284954 0.966064215
vn -0.220502093 0.789455295 0.572834432
vn 0.607245564 -0.217775837 0.764085412
vn 0.636765778 -0.66687429 0.387050241
vn 0.433444917 0.167831078 0.885414124
vn -0.0236001089 0.489899099 0.871459663
vn -0.342905402 0.883454859 0.319254339
vn 0.77450484 -0.57848084 0.255933553
vn 0.579529643 -0.814586043 -0.0243935864
vn 0.733021557 -0.63966614 -0.231314972
vn 0.115132242 0.514576674 0.849679589
vn -0.120405078 0.775490701 0.6197716
vn -0.454302877 0.6089347 0.650236547
vn -0.619990706 0.744821191 -0.246684119
vn -0.082647942 0.428257018 0.899869502
vn -0.714559913 0.641979635 0.277968347
vn -0.809265971 0.568022609 -0.149796635
vn -0.805028617 0.511339009 0.300768137
vn -0.902481973 0.424622297 -0.0722633749
vn -0.586232185 0.489839613 0.645282209
vn 0.341188967 0.123911627 0.931791842
vn -0.202147618 0.35320583 0.913445175
vn -0.248063296 0.358524561 0.899958134
vn 0.257179677 0.113106921 0.959721506
vn -0.848045647 0.425682098 0.315615773
vn -0.864203751 0.239578724 -0.442440927
vn -0.898920953 0.188595533 -0.395440161
vn 0.620403051 -0.265313655 0.738043785
vn 0.701546192 -0.163860261 0.693529129
vn -0.623797596 0.435713053 0.64886874
vn -0.938250959 0.342099428 -0.0515101887
vn -0.964871228 0.262672663 -0.00515042944
vn -0.874975324 0.356823802 0.327253819
vn 0.192076445 0.192931116 0.962228715
vn 0.967689633 -0.246220917 -0.0543334968
vn 0.734494686 -0.551274121 -0.395745248
vn 0.789203644 -0.484386981 -0.377527237
vn 0.763189971 0.3146514 0.564389527
vn 0.973187327 0.21833539 -0.0723610967
vn 0.143176705 0.437784106 0.887606621
vn -0.65813911 0.405873239 0.634129226
vn 0.973233044 0.229575291 0.0106163397
vn 0.798304021 -0.424961746 -0.426753074
vn 0.616197705 0.663921297 0.423684716
vn -0.30704385 0.4054479 0.861008763
vn 0.970831215 0.219016001 0.0975640118
vn 0.571471572 0.557225883 0.602428138
vn 0.749822438 -0.396485239 -0.529684544
vn 0.93078804 0.289280266 0.223496497
vn 0.775137246 -0.315843165 -0.54717952
vn 0.585676372 0.621695697 0.520074546
vn 0.0905945748 0.623170078 0.776821494
vn -0.151466295 0.438331872 0.885958791
vn -0.388765842 0.457609594 0.799659014
vn -0.0698104203 0.528196454 0.846247613
vn -0.199089244 0.133899108 0.970790684
vn -0.704325736 0.406824052 0.581738353
vn 0.0173140317 0.302291036 0.953058481
vn -0.390269369 0.499082536 0.773696601
vn -0.909241736 0.284925044 0.303475231
vn -0.715716064 0.463813543 0.522137403
vn -0.986816704 0.161275104 0.0135343894
vn -0.927587748 0.311804414 0.205813259
vn -0.95469892 0.0364634246 -0.295330942
vn -0.974453688 0.219460875 -0.0477162786
vn -0.935560286 0.113088049 -0.334571421
vn -0.686348796 -0.158503771 -0.709790111
vn -0.654663086 -0.13843298 -0.743136883
vn -0.260449141 -0.426366597 -0.866243422
vn -0.728557169 -0.103403747 -0.677135229
vn -0.256504029 -0.193563402 -0.946962953
vn -0.930248618 0.156468406 -0.331896394
vn 0.218443036 -0.243846253 -0.944892347
vn -0.753177941 0.130847052 -0.644672036
vn -0.298247188 0.0235670805 -0.954197705
vn 0.245440066 -0.206116855 -0.947246015
vn 0.734488904 -0.474242121 -0.485407472
vn 0.759264648 -0.650254965 0.0261838045
vn 0.681768417 -0.556585908 -0.474767268
vn -0.953283429 0.289723903 -0.0855033696
vn -0.915631473 0.227248386 -0.331628025
vn -0.761811912 0.186573148 -0.620349169
vn -0.371695518 0.0477432087 -0.927126169
vn 0.214071929 -0.253246099 -0.943419099
vn 0.223439917 -0.264440298 -0.938160896
vn 0.723638475 -0.507728279 -0.467503428
vn -0.943146706 0.327260524 0.0580935255
vn -0.389906824 -0.0830914527 -0.917097867
vn -0.88142705 0.37103498 0.292265922
vn -0.751768768 -0.0464788899 -0.657786787
vn -0.335448772 -0.378728241 -0.862577021
vn 0.283563077 -0.301907241 -0.910189033
vn -0.907780766 -0.0664914474 -0.414141059
vn -0.993743598 0.111411251 0.00782660581
vn -0.968365133 0.0527389534 0.243900955
vn -0.833226264 -0.401647389 -0.380017638
vn -0.669396639 -0.739581823 0.0701916739
vn -0.995693803 0.0880247056 -0.0290762428
vn -0.969204545 -0.0885270089 -0.229794264
vn -0.907711029 -0.160471395 -0.387697607
vn -0.871970177 -0.380529732 0.308001697
vn -0.882491827 -0.409912497 -0.230607823
vn -0.885166228 -0.462504834 0.0506949089
vn -0.469679415 -0.841885805 -0.265762299
vn -0.555918217 -0.487195909 -0.673494756
vn -0.765861213 -0.423001885 -0.484278888
vn -0.316411942 -0.415774882 -0.852651596
vn -0.766488016 -0.475905597 -0.431288898
vn 0.307711661 -0.259579927 -0.91538614
vn -0.500509083 -0.251246631 0.828472018
vn 0.0470748842 -0.959140241 -0.278987437
vn -0.884382904 -0.345426053 0.31392318
vn -0.738086402 -0.58113575 -0.342796832
vn -0.255748034 -0.473267347 -0.842977405
vn -0.852085233 -0.431669891 0.295992821
vn 0.912593007 0.0131393084 -0.408657998
vn 0.337106168 -0.196225509 -0.920790434
vn 0.856456339 -0.205978215 -0.473344982
vn 0.74454385 -0.654590309 0.13101925
vn 0.633780479 -0.773139536 0.024031369
vn 0.914140761 -0.0833113194 0.396744311
vn 0.865624726 0.256603062 0.429940403
vn 0.247729614 -0.134907678 0.959390342
vn 0.231724918 0.19881101 0.952248752
vn 0.181036234 0.33139056 0.925962269
vn 0.691328585 -0.713097513 0.116433434
vn 0.740691841 -0.374088764 -0.558061957
vn 0.863107562 0.197240353 -0.464910358
vn 0.818267047 0.457958668 0.34743762
vn 0.266542196 0.376087099 0.887419701
vn 0.603836477 -0.796997786 -0.0132708224
vn 0.929221869 -0.269524366 0.252791017
vn 0.469597608 -0.208470076 0.857915103
vn 0.577216506 -0.348014474 -0.738719881
vn 0.941404819 0.076925464 0.328389227
vn 0.770448983 -0.043064326 -0.636045456
vn 0.363320321 0.133466139 0.922054887
vn 0.826479912 0.168109506 -0.537280381
vn 0.886417985 0.338579208 0.315638036
vn 0.41069904 0.282364517 0.866946638
vn 0.43336159 0.302523911 0.848926961
vn 0.880429685 0.364341438 0.303478152
vn 0.878400385 0.217446253 -0.425593525
vn 0.473635048 0.253985584 0.84330374
vn 0.898751795 0.323021024 0.296483636
vn 0.878025591 0.14927642 -0.454739124
vn 0.648774922 -0.183461085 0.73853451
vn 0.971748829 -0.196213827 -0.131165609
vn 0.891094267 -0.345454395 0.294299692
vn 0.959446311 0.267318934 -0.0894615576
vn 0.612633049 0.0885294974 -0.785393715
vn 0.732551157 -0.397916645 -0.552296221
vn 0.86312604 -0.504661322 -0.0181779154
vn 0.881873488 -0.190570697 0.431256354
vn 0.777305663 0.288059324 0.559301198
vn 0.607564569 0.0620171316 -0.791845441
vn 0.754521966 0.281944454 0.592624545
vn 0.962979496 0.260561705 -0.069122687
vn 0.601299345 -0.0265592225 -0.798582315
vn 0.984654009 0.16769512 -0.048320394
vn 0.757369757 0.230730176 0.610863805
vn 0.998737633 -0.0499407202 -0.00540278712
vn 0.545084059 -0.19487448 -0.815418422
vn 0.684613049 0.100308321 0.721971691
vn 0.972535491 -0.232046202 0.0181433745
vn 0.679582477 -0.156362891 0.716741323
vn 0.203934252 -0.429618865 -0.879680872
vn 0.740691841 -0.374088764 -0.558061957
vn 0.633780479 -0.773139536 0.024031369
vn 0.770448983 -0.043064326 -0.636045456
vn 0.247729614 -0.134907678 0.959390342
vn -0.490776002 -0.0393210091 0.870398045
vn 0.231724918 0.19881101 0.952248752
vn -0.476432145 -0.02339991 0.878899753
vn 0.181036234 0.33139056 0.925962269
vn 0.225116178 -0.194119856 -0.954798579
vn -0.461417526 -0.0203749575 0.886949122
vn 0.266542196 0.376087099 0.887419701
vn -0.829401314 -0.457267612 0.320935875
vn 0.218820661 -0.126569182 -0.967521429
vn 0.826479912 0.168109506 -0.537280381
vn 0.878400385 0.217446253 -0.425593525
vn -0.405434608 -0.396335751 -0.823735833
vn -0.394737661 -0.392293811 -0.830835521
vn -0.869351387 -0.428165138 -0.246784985
vn 0.230043441 -0.118316188 -0.965961337
vn 0.269270241 -0.109028243 -0.956873238
vn 0.878025591 0.14927642 -0.454739124
vn -0.375720203 -0.400252312 -0.835842311
vn -0.828393638 -0.501414955 -0.249693796
vn -0.796459675 -0.231553584 0.558600843
vn -0.257302999 -0.135744303 0.956749022
vn -0.131259963 -0.990139425 0.0489348732
vn 0.289556444 -0.16326198 -0.943134427
vn -0.39459765 -0.406766146 -0.823913872
vn -0.810993135 -0.531466663 -0.244608343
vn -0.792260349 -0.326538235 0.515457273
vn -0.260735422 0.0434147045 0.96443361
vn -0.267736763 0.0440323614 0.962485433
vn -0.760748029 -0.321423709 0.563869834
vn 0.469597608 -0.208470076 0.857915103
vn 0.363320321 0.133466139 0.922054887
vn 0.41069904 0.282364517 0.866946638
vn 0.603836477 -0.796997786 -0.0132708224
vn 0.43336159 0.302523911 0.848926961
vn -0.124804519 -0.407577872 -0.904601634
vn 0.577216506 -0.348014474 -0.738719881
vn 0.545084059 -0.19487448 -0.815418422
vn -0.117559545 -0.266643494 -0.956598699
vn 0.601299345 -0.0265592225 -0.798582315
vn -0.215446949 0.0589695312 0.974733353
vn -0.0947667062 -0.20104298 -0.974987686
vn 0.607564569 0.0620171316 -0.791845441
vn -0.246914729 0.000719457807 0.969036937
vn 0.473635048 0.253985584 0.84330374
vn -0.0821315348 -0.319890589 0.943887949
vn 0.648774922 -0.183461085 0.73853451
vn -0.801909447 -0.351154894 0.483354419
vn -0.828282654 -0.355753958 0.43288222
vn -0.824942231 -0.512680292 -0.237968802
vn -0.823498785 -0.512513757 -0.243268207
vn 0.276940465 -0.750674427 0.599826515
vn 0.891094267 -0.345454395 0.294299692
vn -0.558164716 -0.527821481 0.640200496
vn -0.0934757888 -0.875702679 0.473716319
vn 0.453594834 -0.87849611 0.149988353
vn -0.716380835 -0.668983161 -0.198141888
vn -0.345056117 -0.436200738 -0.831062675
vn -0.0504820496 -0.608907878 -0.79163301
vn 0.139263406 -0.989199996 0.0457059443
vn 0.1979018 -0.92424953 -0.326493025
vn 0.527432978 -0.806030273 -0.268569231
vn 0.971748829 -0.196213827 -0.131165609
vn 0.437747598 -0.475132138 -0.763299704
vn 0.829337358 0.406393617 0.383462816
vn 0.297376007 0.313961208 0.901662767
vn 0.58803165 -0.229251698 0.775669158
vn 0.838555634 -0.387949497 0.382517457
vn 0.972812533 -0.228389636 -0.0383920334
vn 0.80945003 0.472169608 0.349065304
vn 0.877083302 0.251003504 -0.409538954
vn 0.915313482 0.24194102 -0.321971923
vn 0.394125372 -0.157020167 -0.905543983
vn 0.424721658 -0.178208724 -0.887610853
vn 0.532530069 -0.450262785 -0.716711342
vn -0.228470117 -0.482860804 -0.845367908
vn -0.26572448 -0.517824531 -0.813171744
vn -0.721713841 -0.615625978 -0.316439211
vn -0.713017941 -0.623290241 -0.321114838
vn -0.158367962 -0.514682412 -0.842627764
vn -0.706947923 -0.63110429 -0.319267809
vn -0.83381182 -0.479560852 0.273457885
vn -0.801865757 -0.489200205 0.343066126
vn -0.479322314 -0.022502562 0.87735045
vn -0.435434997 -0.0477143452 0.898954868
vn 0.297376007 0.313961208 0.901662767
vn -0.575092077 -0.603571594 0.552241325
vn -0.269704163 -0.420863986 0.866102219
vn 0.58803165 -0.229251698 0.775669158
vn 0.136003017 -0.62236172 -0.770823658
vn 0.265322894 -0.768566787 0.582158804
vn -0.569269955 -0.781057179 -0.256673574
vn 0.320208728 -0.884518504 -0.339254141
vn 0.548860192 -0.803105056 0.231893927
vn 0.838555634 -0.387949497 0.382517457
vn -0.088957496 -0.901935518 0.422609597
vn 0.205606401 -0.975495398 0.0783250853
vn 0.652881444 -0.731283486 -0.19740884
vn -0.50632441 -0.381222934 -0.773501515
vn 0.330367446 -0.341900229 -0.879750907
vn 0.678033769 -0.734492421 -0.0281265862
vn 0.258322865 -0.211361617 -0.942653477
vn -0.152988046 -0.879973054 0.4497132
vn 0.679582477 -0.156362891 0.716741323
vn -0.505433857 -0.255016506 -0.82431978
vn 0.317754 -0.0140010472 -0.948069811
vn -0.961977661 -0.273128182 -0.000104104496
vn -0.48404637 -0.231103972 -0.843972743
vn 0.362531841 0.0299917758 -0.931488693
vn -0.908309817 -0.335832655 -0.249378502
vn -0.471938848 -0.229514331 -0.851232588
vn -0.454244524 -0.230952024 -0.860420287
vn 0.367750078 -0.00106687366 -0.929924071
vn -0.931068301 -0.223471954 -0.288395792
vn -0.890151501 -0.357442737 -0.2826038
vn -0.827314079 -0.259846568 0.498027295
vn -0.404540837 -0.27348271 -0.872670591
vn -0.885062039 -0.390181422 -0.253818333
vn -0.821389258 -0.317388862 0.473903
vn -0.237371221 -0.56769973 -0.788271487
vn 0.606060863 -0.418031991 -0.676712215
vn 0.187826827 -0.914577961 -0.358145624
vn 0.842348695 -0.487392247 -0.22999458
vn -0.831970513 -0.447301507 -0.328247488
vn -0.555898547 -0.680227578 -0.477773219
vn -0.0281733628 -0.982885838 -0.182048991
vn 0.367645591 -0.929905832 0.0105743418
vn -0.823106647 -0.368908554 0.431743056
vn -0.810149193 -0.393993765 0.434081942
vn -0.708212733 -0.563342094 0.425535381
vn 0.467379004 -0.813757777 0.345478088
vn 0.952673793 -0.227396384 0.201751336
vn 0.149218723 -0.979676902 0.13404052
vn 0.218899637 -0.851031244 0.477314174
vn 0.0481574945 -0.385708064 0.921363175
vn 0.442598939 -0.316395432 0.839047134
vn 0.865980923 0.216557682 0.450754702
vn -0.274197191 -0.209257647 0.938630462
vn 0.277530372 0.0225135945 0.960453093
vn 0.856170356 0.260278672 0.446349084
vn -0.389267117 -0.18577081 0.90219748
vn 0.293423384 0.105595149 0.950132847
vn 0.850922287 0.250467539 0.461732924
vn -0.297571123 -0.100030847 0.949444711
vn 0.286823422 0.126813963 0.949552834
vn -0.320950687 -0.0626149327 0.945023835
vn 0.297521502 0.187086225 0.93620497
vn 0.857194304 0.131188974 0.498003304
vn 0.851260424 0.0757386535 0.519248843
vn -0.328140616 0.127710745 0.935956061
vn 0.280052453 0.178426713 0.943257391
vn -0.844047368 -0.0236417409 0.53574729
vn 0.30789417 0.21791023 0.926129699
vn 0.799820542 -0.0551482625 0.597700417
vn 0.688333333 -0.0791967735 0.721058369
vn -0.31524393 0.136245668 0.939179659
vn -0.804445744 -0.0159431137 0.593812168
vn -0.202678517 0.294871032 0.933794677
vn 0.267844141 0.262656301 0.926968813
vn 0.485160261 -0.185513094 0.854519963
vn -0.073239699 -0.575129509 0.814777315
vn -0.336424112 0.485366315 0.806993365
vn -0.553589165 0.0746394843 0.829438388
vn -0.670169294 -0.67708385 0.304023862
vn -0.753857434 0.226567075 0.616738498
vn -0.748323381 0.443144321 0.49359408
vn -0.891271412 0.156607762 0.425569534
vn -0.887687504 0.145224512 0.436944634
vn -0.633713961 -0.0947268307 0.767745674
vn -0.523548245 -0.581485868 0.622713029
vn -0.942398787 -0.20951955 0.260741293
vn -0.944898307 -0.219742462 0.242652729
vn 0.168809965 0.00857678428 0.98561132
vn -0.535555482 -0.0191212967 0.844283521
vn 0.165881082 0.154326141 0.973995328
vn 0.684613049 0.100308321 0.721971691
vn 0.194985494 0.139611125 0.970818996
vn 0.757369757 0.230730176 0.610863805
vn 0.201518491 0.139643401 0.969479203
vn 0.754521966 0.281944454 0.592624545
vn 0.777305663 0.288059324 0.559301198
vn -0.53227216 -0.124724336 0.837335169
vn -0.728215754 -0.333664805 -0.598639786
vn -0.91498059 -0.344246358 0.2104875
vn -0.690574646 -0.365345478 -0.624202847
vn -0.508308887 -0.156677321 0.846802354
vn -0.897389174 -0.392288119 0.201996967
vn -0.678278804 -0.386198282 -0.625131071
vn -0.0945517644 -0.190693751 -0.977085352
vn -0.121908747 -0.178505197 -0.976357639
vn -0.724320173 -0.42660144 -0.541637778
vn -0.0990855172 -0.199724078 -0.974829435
vn 0.612633049 0.0885294974 -0.785393715
vn -0.882622242 -0.439845175 0.165874094
vn -0.574317276 -0.226212904 0.786757469
vn -0.499520153 -0.225183815 0.836523652
vn -0.873259246 -0.461408645 0.156589657
vn -0.676343501 -0.438201785 -0.59206301
vn -0.0148866372 -0.500281036 -0.865735114
vn 0.732551157 -0.397916645 -0.552296221
vn -0.49879241 -0.588597834 -0.636206448
vn 0.176328033 -0.90720284 -0.381957293
vn 0.86312604 -0.504661322 -0.0181779154
vn -0.190538645 -0.923749387 -0.33223781
vn -0.798555672 -0.578811467 0.16518493
vn 0.245455503 -0.961335719 0.124840975
vn 0.279158533 -0.76238662 0.583812535
vn 0.881873488 -0.190570697 0.431256354
vn -0.0426884107 -0.986727178 0.156675369
vn -0.342145562 -0.374394327 0.861838281
vn -0.0849349871 -0.80184561 0.591463923
vn 0.195677742 -0.246923372 0.949072719
vn 0.131695196 0.0868434533 0.987478971
vn -0.103710525 0.474698305 0.874016881
vn -0.750887334 -0.035046339 0.659499705
vn -0.846619964 -0.530314505 0.0447330177
vn -0.887379706 -0.455777884 -0.069453977
vn -0.0933576748 0.48796317 0.867857277
vn -0.839268506 -0.0373057872 0.542435884
vn 0.562572002 0.53720367 0.628430545
vn 0.592003703 0.400193542 0.699554622
vn -0.818578243 -0.00695650047 0.57435292
vn -0.837456882 -0.535573483 -0.108751878
vn -0.143122122 0.37885347 0.914322793
vn -0.27777943 0.327998936 0.902914941
vn 0.970214665 0.161657333 0.180417284
vn -0.750600994 -0.142486036 0.645210028
vn -0.717654169 -0.688911021 0.101853237
vn -0.166847736 -0.672808349 0.720757067
vn 0.585818589 0.402711242 0.703306556
vn 0.580426097 0.417225152 0.699305773
vn 0.987997651 0.122302338 0.094353877
vn 0.835180342 -0.269676149 -0.479320943
vn 0.87007916 -0.408710003 -0.275532812
vn -0.36184746 0.153758973 0.919469714
vn 0.994554639 -0.054646343 0.0887397081
vn 0.579172134 -0.760591388 0.293360531
vn -0.0307590365 -0.37475729 0.926612616
vn 0.738703012 -0.486115664 0.466914743
vn 0.227034196 -0.812162638 0.537445188
vn 0.388177574 -0.555357635 0.735456288
vn 0.537791431 -0.657542288 0.527653754
vn 0.874688387 -0.236894906 0.422848672
vn 0.535345793 -0.00273837871 0.844628513
vn 0.704734981 -0.104372337 0.701751292
vn 0.72047323 0.303990185 0.623304367
vn 0.600241661 0.33066079 0.728267372
vn 0.974074185 -0.000780173053 0.226227701
vn 0.918078899 0.228278548 0.32406792
vn 0.858914852 0.287374109 0.423888594
vn 0.903052509 0.394673854 0.169495866
vn 0.978344679 0.00863041542 0.206802383
vn 0.884048223 0.343149841 0.317343384
vn 0.950524092 0.292728871 0.103989758
vn 0.784286022 -0.563583612 0.259362519
vn 0.929384947 0.136806741 0.342822969
vn 0.294090867 -0.9267205 0.233879551
vn 0.551596642 0.272714257 0.788269043
vn 0.839357376 -0.321169496 0.438553751
vn 0.192630664 -0.94908154 0.249274388
vn 0.409193218 -0.828939199 0.381340683
vn 0.317632198 0.210407168 0.924574792
vn 0.245172113 -0.927387357 0.282565743
vn 0.204571187 -0.784486771 0.58543241
vn 0.331103951 -0.830836177 0.447304666
vn 0.357153296 -0.639299273 0.680983126
vn 0.0773857832 -0.621415436 0.779650092
vn 0.742716312 -0.508747816 0.435371131
vn 0.0525620468 0.36133945 0.930951655
vn 0.487842321 0.327278078 0.809258223
vn 0.329548657 0.463606358 0.822476029
vn 0.489039481 0.521315694 0.699335694
vn 0.325428098 0.599099517 0.731557429
vn 0.197978109 0.526431322 0.826846242
vn 0.242251739 0.139403403 0.960146189
vn 0.107897155 0.541649163 0.833651245
vn 0.209565759 0.599667907 0.772321582
vn 0.36434114 0.180960163 0.913514674
vn 0.12008927 0.555326283 0.822916389
vn 0.330350965 -0.02138355 0.943615973
vn 0.413437933 0.0774458945 0.907232761
vn 0.0322423913 0.488218307 0.872125745
vn 0.529692173 -0.103635348 0.841834843
vn 0.73266989 -0.145893067 0.664763153
vn 0.491301596 -0.0752689838 0.867731154
vn 0.587037742 -0.0998864472 0.803373754
vn 0.745330691 0.014335731 0.666540861
vn 0.778286219 -0.135258541 0.613168538
vn 0.629706264 0.179223016 0.755876422
vn 0.769969165 -0.0688297004 0.63435787
vn 0.851327181 0.153317645 0.501732767
vn 0.921522558 0.0285262335 0.387275487
vn 0.945368767 0.0878215581 0.313950956
vn 0.896529913 -0.0847705528 0.434796542
vn 0.917196214 0.0321249813 0.397138506
vn 0.0796099603 -0.931338727 0.355345517
vn -0.00571949268 -0.9959324 -0.0899221748
vn 0.0675483868 -0.928271353 0.365717977
vn -0.072660014 -0.937158406 0.341254413
vn -0.054568097 -0.997774184 -0.0383261032
vn 0.0230771657 -0.960534275 0.277202845
vn -0.0156590715 -0.992999673 -0.117074817
vn 0.0203025602 -0.928608298 0.37050581
vn -0.0372382253 -0.991851866 -0.121832408
vn 0.118169822 -0.959026337 0.257496357
vn 0.339179456 -0.910742104 0.235597163
vn 0.0260519423 -0.994065523 0.105617173
vn 0.0858052224 -0.992678046 -0.0850168169
vn 0.1457697 -0.939105332 0.31117928
vn -0.129109725 -0.974540412 -0.183307454
vn -0.0910651162 -0.961447358 0.259472549
vn 0.253512293 -0.961047411 0.110087879
vn -0.028646281 -0.999023199 0.0336472541
vn -0.0929065049 -0.969155729 -0.228266105
vn 0.00276816171 -0.997508287 0.0704950169
vn 0.538094938 -0.83050096 0.143951729
vn -0.0445309319 -0.995181501 -0.0873536393
vn 0.00197237893 -0.898457825 0.439055234
vn 0.179299414 -0.980870664 -0.0757921115
vn 0.568379521 -0.794912577 0.212270603
vn 0.286360472 -0.921853542 -0.261120081
vn -0.106201917 -0.971678436 -0.211097568
vn 0.461280793 -0.887160838 0.0128706601
vn 0.298862666 -0.933865368 0.196409464
vn 0.0866264924 -0.99622345 0.00588279543
vn 0.679219604 -0.727581799 -0.0963607058
vn 0.0122867506 -0.999921679 -0.00240125577
vn 0.00098249095 -0.999970794 -0.00758826267
vn 0.00902943406 -0.999955177 -0.00286439131
vn 0.0883265361 -0.993004858 0.0783574656
vn 0.0952360034 -0.977458775 0.18842645
vn 0.0394136235 -0.972428977 0.229844391
vn 0.0811659098 -0.996468663 -0.0215025228
vn -0.0314632468 -0.986381531 0.161436066
vn -0.17867063 -0.982634366 0.0500640087
vn -0.00742943212 -0.999972343 -0.000457841845
vn 0.0133482143 -0.999910831 0.000480496383
vn -0.0277607143 -0.999472797 0.0168410931
vn -0.0294826068 -0.998170853 -0.0527810492
vn -0.111174643 -0.993785262 -0.00558406068
vn -0.469012648 -0.882772565 0.0271996483
vn -0.0323158093 -0.998690665 0.039657183
vn -0.16582337 -0.985946476 0.0203055292
vn -0.62182796 -0.779995739 0.0702607483
vn -0.0346333981 -0.926158786 0.375540286
vn 0.00392376445 -0.99998033 0.00489801494
vn 0.00582771422 -0.999977946 0.00320422812
vn -0.00983719248 -0.999851704 0.0141333155
vn 0.0204604138 -0.999772966 -0.0059419293
vn -0.00376753137 -0.999972939 0.00632378738
vn 0.025816733 -0.999520302 -0.0171071738
vn 0.00944221579 -0.999912024 -0.00932208449
vn 0.0241810605 -0.999595702 -0.0149584692
vn 0.0726600438 -0.937158406 0.341254354
vn 0.00571944425 -0.9959324 -0.0899221227
vn -0.0675483495 -0.928271353 0.365717798
vn -0.0796105489 -0.931338549 0.355345905
vn 0.0156590287 -0.992999554 -0.117074907
vn -0.0203024112 -0.928608179 0.37050581
vn 0.0545680597 -0.997774184 -0.0383260436
vn -0.0230771732 -0.960534275 0.277202785
vn -0.0260519162 -0.994065523 0.105617091
vn 0.0372381844 -0.991851866 -0.121832378
vn -0.118169703 -0.959026456 0.257496268
vn -0.339178741 -0.910742402 0.23559697
vn -0.0858052447 -0.992678046 -0.0850168318
vn -0.145769686 -0.939105332 0.311179191
vn 0.129109785 -0.974540412 -0.183307692
vn 0.0910651237 -0.961447477 0.259472311
vn -0.253511846 -0.96104753 0.110087819
vn 0.0286463294 -0.999023199 0.0336470865
vn 0.0929066539 -0.969155729 -0.228266165
vn -0.00276812073 -0.997508287 0.0704949424
vn -0.538093746 -0.830501735 0.143951431
vn 0.0445309877 -0.995181501 -0.0873536319
vn -0.00197237567 -0.898457944 0.439055115
vn -0.179299459 -0.980870664 -0.0757919624
vn -0.568379521 -0.794912457 0.212270543
vn -0.286360502 -0.921853542 -0.261120081
vn 0.106201924 -0.971678436 -0.211097479
vn -0.461280704 -0.887160957 0.0128706163
vn -0.298862636 -0.933865368 0.19640936
vn -0.0866264924 -0.99622345 0.00588278892
vn -0.679219604 -0.727581859 -0.0963608027
vn -0.0122867506 -0.999921679 -0.00240125787
vn -0.000982491765 -0.999970794 -0.00758826267
vn -0.00902943406 -0.999955177 -0.00286439178
vn -0.0883264914 -0.993004858 0.0783574134
vn -0.095235981 -0.977458775 0.188426375
vn -0.0394136086 -0.972428977 0.229844421
vn -0.0811659545 -0.996468663 -0.0215026941
vn 0.0314632505 -0.986381531 0.161436096
vn 0.17867057 -0.982634366 0.0500640012
vn 0.00742943073 -0.999972343 -0.00045783908
vn -0.0133482153 -0.999910831 0.000480496965
vn 0.0277607124 -0.999472797 0.0168410931
vn 0.0294825993 -0.998170853 -0.0527810343
vn 0.111174643 -0.993785262 -0.00558402948
vn 0.469012588 -0.882772565 0.0271996371
vn 0.0323158018 -0.998690665 0.039657183
vn 0.165823415 -0.985946357 0.0203055032
vn 0.621828198 -0.779995561 0.0702607408
vn 0.0346333683 -0.926158845 0.375540167
vn -0.00392376352 -0.99998033 0.00489801681
vn -0.00582771422 -0.999977946 0.00320422952
vn 0.00983719248 -0.999851704 0.0141333155
vn -0.02046041 -0.999772966 -0.0059419293
vn 0.0037675323 -0.999972939 0.00632378692
vn -0.025816733 -0.999520302 -0.0171071738
vn -0.00944221951 -0.999912024 -0.00932208262
vn -0.0241810605 -0.999595702 -0.0149584692
vn -0.326324254 0.0587652698 0.94342947
vn -0.47455731 0.113415882 0.872887254
vn -0.386031508 -0.271563649 0.881608129
vn -0.658438504 -0.0310322959 0.75199461
vn -0.632889807 -0.46101138 0.622028232
vn -0.840730071 -0.218989253 0.495193452
vn -0.742515206 -0.476599902 0.470663041
vn -0.899089634 -0.173576504 0.401881874
vn -0.89523989 -0.263169557 0.359565675
vn -0.907762825 0.0375990607 0.417795271
vn -0.513379991 0.0434710532 0.857059598
vn -0.910205245 -0.0133500351 0.413942248
vn -0.979421973 0.0244200341 0.200340405
vn -0.918260396 0.109848633 0.380435377
vn -0.86383009 0.107379563 0.492206633
vn -0.939699292 0.0425181426 0.339348495
vn -0.967735291 0.0850147232 0.237193644
vn -0.988953829 0.107293881 0.102265634
vn -0.884074211 0.00987924822 0.467242151
vn -0.869662166 -0.108597711 0.481554002
vn -0.932038844 0.00793128926 0.362271458
vn -0.916256011 0.0271181986 0.399674237
vn -0.970816314 0.0892830119 0.222585365
vn -0.916781843 -0.0528658815 0.395874113
vn -0.963166356 -0.0117261829 0.268650502
vn -0.932774782 -0.109457403 0.343438953
vn -0.982228994 -0.0473876148 0.181605428
vn -0.995061457 -0.0447484441 0.0886014625
vn -0.986651897 -0.12044131 0.109599181
vn -0.992528319 -0.0338862911 0.117214464
vn -0.998762608 -0.0454152152 -0.0202655122
vn -0.989331365 0.0514520444 0.136294127
vn -0.998820245 -0.0447386317 0.0188793745
vn -0.998782337 0.0439019091 0.0225033183
vn -0.998985946 -0.0426314101 -0.0144754909
vn -0.990121663 0.105522506 -0.0923250094
vn -0.997381389 0.0368457064 -0.0622317009
vn -0.986724734 0.102574416 -0.125907734
vn -0.944200873 0.328462899 0.0244331826
vn -0.974872231 0.180350631 -0.130758554
vn -0.844718993 0.293019146 -0.447872192
vn -0.985761762 0.0375951119 -0.16389139
vn -0.851441085 0.505350828 -0.140244633
vn -0.800663233 0.230359063 -0.553057909
vn -0.408249497 0.676421642 -0.613013983
vn -0.994462788 0.0964300781 0.0417741425
vn -0.51784873 0.294395417 -0.803221107
vn -0.0886175036 0.608714163 -0.788425088
vn -0.507932842 0.364872813 -0.780302525
vn -0.213348627 0.28681308 -0.933927536
vn 0.000176957386 0.573070645 -0.81950593
vn -0.0116349375 0.27987051 -0.959967315
vn 0.095412679 0.590406001 -0.801446915
vn -0.23655647 0.362711608 -0.901377439
vn 0.21730265 0.262962222 -0.94001621
vn 0.434564263 0.644350171 -0.629258871
vn -0.495196372 0.416050911 -0.762680948
vn -0.00794044323 0.340207517 -0.940316856
vn 0.536626756 0.228337958 -0.812338173
vn 0.858313024 0.503256261 -0.100159146
vn -0.303291947 0.398616433 -0.865516543
vn 0.222026259 0.337115765 -0.91490835
vn 0.81539613 0.128726751 -0.564409792
vn 0.954385877 0.2985425 -0.00448823161
vn 0.972786129 -0.0195565689 -0.230877966
vn 0.992236316 0.00677317753 -0.124182373
vn 0.831178367 0.155764714 -0.533741474
vn 0.503168881 0.280869424 -0.817271888
vn 0.232567236 0.356342494 -0.90494895
vn 0.98567158 0.00931102876 -0.168419063
vn 0.996738613 -0.0698874742 -0.0403471477
vn -0.00307236542 0.262056172 -0.965047717
vn -0.382727116 0.430726886 -0.817309201
vn 0.973185599 0.056725774 -0.22291705
vn 0.99630034 0.0818102807 0.0263199247
vn 0.999868393 0.0151820704 -0.00572845479
vn 0.996928632 -0.0767196342 0.0157277696
vn 0.994590402 0.0541192554 0.0886635259
vn 0.999300241 -0.0366143137 0.00763887959
vn 0.983777761 -0.0425770804 -0.17426534
vn -0.501199245 0.463287294 -0.730865359
vn -0.520142257 0.338302612 -0.784221411
vn 0.985379875 0.0507084355 0.16265057
vn 0.97884357 0.0574740358 0.196372017
vn 0.99029094 0.0889678076 0.106811136
vn 0.994448185 -0.0169428047 0.10385412
vn 0.992242634 0.113759182 0.050132554
vn 0.987662971 0.00974545814 0.156291008
vn 0.982738078 -0.0558239482 0.176379085
vn -0.827200234 0.344728351 -0.443736464
vn -0.958619416 0.226001501 -0.173124611
vn -0.845426619 0.351733834 -0.401916862
vn -0.937245309 0.26655668 -0.224763989
vn 0.930282056 -0.0396027192 0.364701003
vn 0.985223293 -0.127639219 0.114207067
vn 0.961163223 -0.00308381137 0.275963277
vn 0.905995011 -0.0211556666 0.422759205
vn 0.920955718 -0.108483158 0.374261707
vn 0.917196214 0.0321249813 0.397138506
vn 0.896529913 -0.0847705528 0.434796542
vn 0.936527073 0.0147172445 0.350286275
vn 0.881248772 -0.0486810543 0.470139146
vn 0.883236349 0.0594508015 0.465144217
vn 0.883693516 0.0322374888 0.466954499
vn 0.797888756 0.0028416689 0.602798045
vn 0.859430492 0.0699956417 0.506438315
vn 0.785892487 0.0160747115 0.618154168
vn 0.944865882 0.0879440606 0.315427393
vn 0.836858451 0.0683258176 0.543138564
vn 0.650893629 0.126935259 0.74848175
vn 0.990673602 0.0603731424 0.122150905
vn 0.966336548 0.195818931 0.166879356
vn 0.889748156 0.324392498 0.321119457
vn 0.87703377 0.227163985 0.423330069
vn 0.818554938 0.481181502 0.313739032
vn 0.73348397 -0.0430094376 0.678344667
vn 0.514345646 0.0795244873 0.853887796
vn 0.848240674 0.300780416 0.435911626
vn 0.639755964 -0.181774065 0.746773422
vn 0.731241584 0.155207992 0.664225996
vn 0.601105571 -0.247563824 0.759858072
vn 0.323414892 0.000898299157 0.946256876
vn 0.665184915 0.194946527 0.72078079
vn 0.658670783 0.227481812 0.717220187
vn 0.146479368 -0.66163373 0.73538053
vn -0.0198971834 0.0259260535 0.999465883
vn -0.421144813 -0.632825613 0.649745166
vn 0.515603244 -0.102981396 0.850616336
vn 0.718689024 0.474021167 0.50871408
vn -0.104347333 -0.446034282 0.888912261
vn -0.681507587 -0.421469301 0.598256707
vn -0.811941922 -0.362506092 0.457536608
vn -0.197212502 -0.293514431 0.935391128
vn -0.52077657 -0.363775194 0.772307873
vn -0.424354464 0.494412899 0.758603513
vn -0.873760879 0.476111114 -0.0992981419
vn -0.887613595 -0.292926669 0.355437756
vn 0.328689158 0.0602077134 0.942517161
vn -0.372472197 0.0272899773 0.927641988
vn 0.679117739 0.575369895 0.455794454
vn 0.437725365 0.898029625 0.0440376624
vn 0.56094867 0.685980916 0.463429362
vn 0.30186829 0.765963912 0.567604423
vn 0.31673789 0.947067201 -0.0523532517
vn -0.463496298 0.789033949 0.403232783
vn -0.927540362 -0.23039858 0.294253856
vn -0.792363584 0.274541318 -0.544781625
vn 0.233940735 0.972022891 -0.0210547224
vn -0.27599743 0.791133881 -0.545831859
vn -0.297164261 0.84299016 -0.448398203
vn -0.852570713 0.346821696 -0.390944719
vn -0.232530266 0.940557003 -0.247552156
vn -0.17207481 0.853502452 0.491857409
vn 0.0601819083 0.928606927 0.366151869
vn 0.0708050355 0.985489309 -0.154263973
vn 0.328969538 0.90160054 0.280883342
vn 0.0216750186 0.901351869 0.432544768
vn 0.407391161 0.71125257 0.572845757
vn 0.339227051 0.423203468 0.84013325
vn -0.553869188 0.764438391 0.329943836
vn 0.0306919962 0.476605743 0.878581166
vn 0.750675619 0.500561059 0.431189865
vn -0.239096493 0.947143972 0.213895231
vn 0.872018218 0.297325164 0.388821214
vn 0.731423914 0.681847751 -0.010135903
vn 0.887495637 0.457616061 0.0542125143
vn 0.597074211 0.768161893 -0.231148809
vn -0.126960412 0.915493071 -0.381776631
vn 0.0726580173 0.965409338 -0.250410765
vn -0.679471254 0.706405997 -0.198265776
vn 0.225863501 0.950691581 0.212535024
vn 0.489350557 0.871715486 -0.0254595205
vn 0.343144208 0.926200151 -0.156221882
vn 0.649497151 0.47216326 0.59599936
vn -0.00688362494 0.865067065 0.501609027
vn 0.440520138 0.758286119 0.480566323
vn 0.353067815 0.933939397 0.0556804687
vn -0.149240077 0.67711544 0.720584571
vn -0.284830779 0.881676018 0.376189768
vn 0.0605255067 0.998163402 -0.00255236286
vn -0.195894331 0.968227744 0.155436352
vn -0.298055559 0.764328897 0.571807921
vn 0.423208922 0.886016548 -0.189390793
vn 0.611779094 0.790986598 0.00815707538
vn 0.602946222 0.420336157 0.678065896
vn 0.270432174 0.956225991 0.111795872
vn 0.3923392 0.913742363 0.105569519
vn 0.448761165 0.796167374 -0.405870587
vn -0.0873904452 0.986073732 0.141497746
vn 0.180453062 0.852732956 0.490186751
vn -0.0352771208 0.697489917 0.715725839
vn -0.662564218 0.494776487 0.562320948
vn -0.658436298 0.750374556 0.0583070628
vn -0.239338487 0.793290138 -0.559828401
vn -0.9022668 0.426219523 -0.0652044564
vn -0.00163944717 0.82071197 -0.571339786
vn -0.00566217117 0.982885838 -0.184128895
vn -0.241742522 0.946309805 -0.214612201
vn -0.624380112 0.685361803 -0.374738038
vn -0.519007623 0.848888218 0.10009902
vn -0.426792264 0.900876045 0.0791878179
vn -0.279725462 0.937617958 -0.206461027
vn 0.29026261 0.956715524 0.0210462734
vn 0.315629661 0.893411338 -0.319678217
vn -0.269507349 0.867448986 0.418208182
vn 0.0296943896 0.985332072 0.168043926
vn -0.208704367 0.842274606 -0.497007012
vn -0.00141559192 0.991027772 -0.133648291
vn 0.259628445 0.916754067 -0.3035703
vn -0.685168087 0.704120934 -0.186436251
vn -0.539838254 0.640461862 0.546244681
vn -0.856811702 0.497732759 0.1346692
vn 0.209251001 0.962496579 0.1726688
vn -0.516989708 0.827766061 -0.218002066
vn -0.262565136 0.717074931 -0.645649254
vn -0.442812055 0.647666037 0.620037317
vn -0.978453636 -0.0518317595 0.199854478
vn -0.96725893 -0.0899720713 -0.237308398
vn -0.973976254 0.0678953528 0.216241732
vn -0.998785079 0.0491997227 -0.00278548198
vn -0.973329902 0.0513369106 0.223592058
vn -0.823036909 0.476174951 0.309625089
vn -0.958727121 -0.265945226 0.10057608
vn -0.934026957 0.0940891057 -0.344588012
vn -0.634072244 0.586497426 0.50395745
vn -0.938629389 -0.214824602 -0.2698614
vn -0.706105828 0.657800317 -0.262132436
vn -0.831659794 0.148007035 -0.535197079
vn -0.779252946 -0.379894078 0.498442829
vn -0.890650153 -0.453885436 0.0270247776
vn -0.903182209 0.328998357 -0.275721103
vn -0.638293564 0.0108818365 0.769716203
vn -0.793022573 -0.372141749 0.482312799
vn -0.0223830231 0.975471914 0.218982995
vn -0.715250134 0.227102682 0.660939932
vn -0.122401141 0.971477568 0.20309934
vn 0.073649399 0.962925494 -0.259519607
vn 0.806658328 0.0826459974 -0.585211098
vn 0.456762135 0.300777376 -0.837198436
vn 0.254532397 0.546679378 -0.797718525
vn 0.278321624 0.518966675 -0.808214426
vn 0.281630456 0.463398904 -0.840205789
vn 0.187579304 0.738593996 -0.647528231
vn 0.419921011 0.332844824 -0.844322622
vn 0.382547796 0.917504907 -0.108820237
vn -0.0354243256 0.0901385546 -0.995299041
vn -0.249153063 0.767903388 -0.590124786
vn -0.0342153348 0.991470277 0.125761464
vn -0.580333769 0.260818511 -0.771483243
vn -0.618213892 0.774298608 -0.135178238
vn -0.303958774 0.664901495 -0.682286739
vn -0.00468168501 0.936029792 -0.35188964
vn 0.275745571 0.639725924 -0.717436552
vn 0.303039491 0.777844131 -0.550568461
vn -0.0955384821 0.643854916 -0.759159625
vn -0.457153738 0.656675518 -0.599823058
vn 0.512138844 0.669834971 -0.537619591
vn 0.516308665 0.853442609 -0.0711410269
vn -0.0420547128 0.657591164 -0.752200305
vn -0.585695684 0.542965949 -0.601787746
vn -0.713432789 0.696349084 0.0781771839
vn -0.389384001 0.921075046 -0.000955655647
vn 0.533424675 0.792450309 -0.295771092
vn -0.465189427 0.644036055 0.607302547
vn 0.115264133 0.801323473 0.587022066
vn 0.10812065 0.857920468 0.502277195
vn 0.679686427 0.72105521 0.134557247
vn 0.679020166 0.703410923 -0.210106388
vn 0.678340137 0.721447945 0.139167339
vn 0.250223041 0.958336174 0.137768552
vn 0.541269541 0.840733767 0.013927076
vn -0.246982351 0.913487554 -0.323326856
vn -0.444755524 0.882751644 0.151466653
vn 0.300066501 0.953737617 0.018566357
vn 0.562435508 0.596966505 -0.57209903
vn 0.913300455 0.314016461 0.259375989
vn 0.868558288 0.360442609 -0.340128809
vn 0.958707809 0.264812678 -0.103699073
vn 0.6539765 0.657837987 -0.373582482
vn 0.979819357 0.128865853 0.152798861
vn 0.653832197 0.752412558 0.0798670352
vn 0.891131103 0.389578134 0.232625112
vn 0.0300672986 0.974020898 0.224453241
vn 0.756024659 0.408985406 0.51103574
vn 0.984871447 0.0311543252 0.170463324
vn -0.135059893 0.895103276 -0.424910575
vn 0.60187757 0.706512272 -0.372268647
vn 0.764750838 -0.0186639745 -0.644055665
vn 0.198367402 0.422647804 -0.884318471
vn -0.13379173 0.33407107 -0.933003902
vn -0.17278792 0.265689611 -0.948447883
vn 0.204721645 0.841567934 -0.499852449
vn -0.582597375 -0.0840451121 -0.80840379
vn -0.226946428 -0.971280396 -0.0714823306
vn -0.075622797 -0.994789958 0.0683683455
vn -0.149214014 -0.982414186 0.112238757
vn -0.204467356 -0.97424376 0.0950911641
vn -0.126955509 -0.982272029 -0.137927115
vn -0 -0.999192655 0.0401766859
vn -0 -0.989079058 -0.14738588
vn 0.0756227002 -0.99478972 0.0683722869
vn 0.126955524 -0.982272625 -0.137923673
vn 0.149214223 -0.982413888 0.11224179
vn -0.259577632 -0.965718091 0.00285150064
vn -0.163383156 -0.986086726 -0.0306406468
vn -0 -0.999716818 -0.0237940326
vn 0.16338329 -0.986086607 -0.0306469854
vn 0.187197328 -0.978889227 0.0820552632
vn 0.226946458 -0.971280277 -0.0714829415
vn 0.259577632 -0.965718091 0.00284996256
vn 0.204467684 -0.974243522 0.0950918496
vn 0.304720283 -0.947372258 0.0981393903
vn 0.136470199 -0.972307265 0.189722121
vn -0.187197298 -0.978889108 0.0820569098
vn -0.187728345 -0.947598815 0.258485049
vn -0 -0.98735714 0.158511519
vn 0.348931342 -0.894096076 0.280783176
vn 0.0881979167 -0.939360142 0.33139655
vn 0.319738477 -0.825658917 0.46481666
vn 0.187728375 -0.947598696 0.258485526
vn -0 -0.946950555 0.321379095
vn 0.510141611 0.321608037 0.797699034
vn 0.257292181 0.918621182 0.299893051
vn 0.366629183 -0.825666308 0.428786904
vn 0.235359728 -0.691310823 0.683150887
vn 0.241367385 0.96908164 0.0512115881
vn 0.29779762 0.929413021 -0.217963234
vn 0.26414457 0.897537291 -0.353064239
vn -0 -0.692598224 0.721323729
vn 0.26931721 0.545100749 0.793935418
vn 0.166762501 0.923352838 -0.345846593
vn 0.196151674 0.875531673 -0.441552758
vn 0.133523062 0.982253253 0.131719723
vn 0.111206472 0.940638244 -0.320675462
vn 0.121396601 0.859190702 -0.497045428
vn -0 0.649675965 0.760211229
vn -0 0.997028649 0.077031821
vn -0 0.95062536 -0.310340971
vn -0 0.854493737 -0.519461691
vn -0.235359028 -0.691310525 0.683151424
vn -0.269316107 0.545102 0.793934882
vn -0.133523017 0.982253373 0.131719306
vn -0.11120642 0.940637946 -0.320676416
vn -0.121396452 0.859190106 -0.49704653
vn -0.166762531 0.923352659 -0.3458471
vn -0.196151733 0.875531375 -0.441553265
vn -0.264144868 0.897538245 -0.353061527
vn -0.241367251 0.96908164 0.0512113683
vn -0.297797799 0.929413795 -0.21795997
vn -0.257293969 0.91861856 0.299899578
vn -0.510140061 0.321611553 0.797698617
vn -0.319738448 -0.825656414 0.46482116
vn -0.366628736 -0.825665832 0.428788275
vn -0.348931044 -0.89409554 0.280785441
vn -0.0881972238 -0.939357698 0.331403494
vn -0.13647081 -0.972307146 0.18972218
vn -0.304720253 -0.947372377 0.0981382355
vn 0.388860315 0.907764018 -0.157328337
vn 0.0130415102 0.982616842 -0.185186401
vn 0.0190440342 0.945984364 -0.323652565
vn 0.381305039 0.873571754 -0.302454889
vn -0.343260348 0.873717427 -0.344659626
vn 0.707158625 0.694308102 -0.133651897
vn 0.687971473 0.667703688 -0.284371346
vn -0.36282748 0.907250106 -0.212728664
vn -0.650915921 0.667458117 -0.361674219
vn 0.919471085 0.375068426 -0.117883384
vn 0.892335534 0.360084772 -0.27216953
vn -0.684970617 0.69045043 -0.232579961
vn -0.855153263 0.360479623 -0.372514904
vn 0.993690968 -0.0018200276 -0.112138025
vn 0.963536084 -0.0024852776 -0.267566562
vn -0.894493639 0.373828858 -0.245220274
vn -0.926184237 -0.00143150252 -0.37706852
vn 0.918185294 -0.378513783 -0.116888829
vn 0.890831649 -0.364677846 -0.270978034
vn -0.966711044 0.000779276423 -0.255869329
vn -0.853347659 -0.364581794 -0.37266317
vn 0.705058098 -0.696810842 -0.131710723
vn 0.685633183 -0.671066344 -0.282094181
vn -0.889947414 -0.37979582 -0.252485007
vn -0.648863673 -0.670415461 -0.359887481
vn 0.386902332 -0.909044266 -0.15474169
vn 0.37918967 -0.875534952 -0.299422354
vn -0.679202318 -0.695471227 -0.234529197
vn -0.342823386 -0.875099897 -0.341573238
vn 0.0120572364 -0.983151436 -0.182395041
vn 0.0180813801 -0.947136164 -0.320321858
vn -0.362300962 -0.908014774 -0.210350081
vn 0.689175606 -0.69873029 0.191867128
vn 0.369947135 -0.914439499 0.164132565
vn -0.00812541042 -0.991378069 0.130780026
vn -0.387129545 -0.916903377 0.0970512629
vn -0.708401203 -0.702520013 0.0680695549
vn -0.921592116 -0.385219067 0.0476881787
vn 0.90191406 -0.377526164 0.209821075
vn -0.999138355 -0.00141301437 0.0414785333
vn 0.976485729 0.00139463251 0.215577647
vn -0.926673472 0.372292578 0.0517155863
vn 0.901341259 0.379634053 0.208475053
vn -0.715741754 0.694932282 0.0691585019
vn 0.688707769 0.699847817 0.189459026
vn -0.385992736 0.917632878 0.0946548283
vn 0.370091856 0.914909422 0.161160737
vn -0.00710126804 0.991769433 0.127839625
vn 0.848396778 0.00456388853 0.529341221
vn 0.781119943 0.341217816 0.52289772
vn 0.591915965 0.626240432 0.507403731
vn 0.308339804 0.818212569 0.485236824
vn -0.0278827734 0.887743056 0.459494174
vn -0.366614312 0.823098898 0.433707446
vn 0.782873452 -0.333261102 0.525401056
vn -0.664972961 0.62526834 0.408473313
vn 0.594122291 -0.62055254 0.511794209
vn -0.855434835 0.339275509 0.391309649
vn 0.309449852 -0.814528167 0.490698218
vn -0.919953406 0.00605794461 0.391980827
vn -0.0290443916 -0.884797931 0.465068907
vn -0.849640369 -0.341220498 0.402094394
vn -0.369396806 -0.819142938 0.438806117
vn -0.658329427 -0.627153754 0.416269779
vn 0.229406595 -0.657376885 0.717794001
vn -0.035505034 -0.70927465 0.704037547
vn 0.200665697 -0.369476378 0.907315016
vn 0.467256814 -0.496255934 0.73171109
vn 0.613610089 -0.27081871 0.74171418
vn -0.319518685 -0.655941427 0.683848441
vn -0.543225944 -0.504105866 0.671403646
vn -0.137317434 -0.4408907 0.886994541
vn 0.670644879 0.0109139811 0.741698265
vn -0.703082442 -0.263228655 0.660595119
vn 0.391858459 -0.0833683237 0.916240513
vn 0.615959048 0.273617655 0.738734007
vn 0.456956327 0.512017846 0.727343559
vn -0.433371693 -0.246234462 0.866924286
vn -0.759553194 0.00656739902 0.650412023
vn -0.500099003 0.10316854 0.859800756
vn -0.703256249 0.285554588 0.651067793
vn -0.553959846 0.506959498 0.660394192
vn -0.301408291 0.390657812 0.869792819
vn -0.306940436 0.66651392 0.67937237
vn 0.0373158716 0.453747034 0.890348852
vn -0.0437989458 0.719427228 0.693185449
vn 0.236059263 0.662568867 0.710829437
vn 0.325227529 0.260794252 0.908962846
vn -0.260221899 0.147279814 0.954250038
vn -0.103179149 0.251039952 0.962462008
vn -0.0573421828 0.0104745775 0.998299658
vn -0.297807992 -0.0379823372 0.953869939
vn 0.08043015 0.213612139 0.973601937
vn -0.192912489 -0.195298567 0.961583674
vn 0.184088185 0.0577669293 0.981210709
vn -0.00787731353 -0.231468499 0.972810507
vn 0.147950083 -0.126202673 0.980909646
vn -0.388860255 0.907763898 -0.157328784
vn -0.381304443 0.87357074 -0.302458346
vn -0.0190439727 0.945984364 -0.323652625
vn -0.0130412709 0.982617199 -0.185184658
vn 0.343259901 0.873717129 -0.344660729
vn -0.707158864 0.694308043 -0.133650929
vn -0.687971532 0.667703211 -0.284372568
vn 0.36282751 0.907250404 -0.212727353
vn 0.650915623 0.667457759 -0.361675322
vn -0.919471502 0.375068694 -0.117879532
vn -0.892337024 0.360085428 -0.272163689
vn 0.684971273 0.690450966 -0.232576296
vn 0.85515368 0.360479653 -0.37251389
vn -0.993691206 -0.00181991945 -0.112136036
vn -0.963537216 -0.00248510134 -0.267562985
vn 0.894494772 0.373829186 -0.245216057
vn 0.926185966 -0.00143157644 -0.377064228
vn -0.918185294 -0.378513932 -0.116888702
vn -0.890831292 -0.364677846 -0.270979196
vn 0.966711581 0.000779276364 -0.255867183
vn 0.853346109 -0.364579946 -0.372668624
vn -0.705058455 -0.696811616 -0.13170521
vn -0.685634136 -0.671067774 -0.282088399
vn 0.889947414 -0.379795462 -0.252485365
vn 0.648861289 -0.670414269 -0.359894097
vn -0.386902958 -0.909044504 -0.154739305
vn -0.379190922 -0.875536025 -0.299417615
vn 0.67920202 -0.695471644 -0.234528676
vn 0.34282431 -0.875101745 -0.341567606
vn -0.0120572215 -0.983150899 -0.182397798
vn -0.0180813596 -0.947136581 -0.320320785
vn 0.362301469 -0.908015251 -0.210347354
vn -0.689175069 -0.698729515 0.191871792
vn -0.369946718 -0.91443938 0.164133966
vn 0.00812522043 -0.991378665 0.130775586
vn 0.387129426 -0.916903377 0.0970516577
vn 0.708401024 -0.702519715 0.0680742934
vn 0.921591997 -0.385219246 0.0476907343
vn -0.901914477 -0.377526134 0.209819973
vn 0.999138355 -0.00141281739 0.0414780304
vn -0.976485968 0.00139431714 0.215576544
vn 0.926673293 0.372292548 0.0517186858
vn -0.901340663 0.379633665 0.208478495
vn 0.715741515 0.694932222 0.0691613629
vn -0.688707113 0.699847817 0.189461485
vn 0.385992855 0.917632878 0.0946536437
vn -0.370091826 0.914909363 0.161160782
vn 0.00710181566 0.991769433 0.127839759
vn -0.848398685 0.00456348201 0.529338121
vn -0.781118691 0.341216683 0.522900224
vn -0.591914713 0.626240373 0.507405162
vn -0.308339953 0.818212569 0.485236615
vn 0.0278838221 0.887744546 0.459491014
vn 0.366615474 0.823101103 0.43370226
vn -0.782874703 -0.333260745 0.525399446
vn 0.664972305 0.625268698 0.408474028
vn -0.594120562 -0.620550156 0.511799037
vn 0.855434418 0.339275092 0.391311198
vn -0.30944851 -0.814528286 0.490698695
vn 0.919953525 0.00605809689 0.391980827
vn 0.0290442444 -0.884799123 0.465066612
vn 0.849640012 -0.341220021 0.402095348
vn 0.369396418 -0.819141686 0.438808799
vn 0.658328831 -0.627152503 0.416272879
vn -0.229405835 -0.65737772 0.717793465
vn 0.035505008 -0.709275782 0.704036474
vn -0.200666115 -0.369475514 0.907315314
vn -0.467255652 -0.496253133 0.731713712
vn -0.613611519 -0.270818055 0.741713226
vn 0.319518149 -0.655938864 0.683851123
vn 0.54322505 -0.504104257 0.671405554
vn 0.137317762 -0.440890342 0.8869946
vn -0.670648634 0.0109137008 0.741694927
vn 0.703080952 -0.263227612 0.660596967
vn -0.391858429 -0.083369337 0.916240394
vn -0.615959823 0.273617536 0.738733351
vn -0.45695594 0.512018323 0.727343559
vn 0.433372855 -0.246235698 0.866923273
vn 0.759551823 0.00656731706 0.650413632
vn 0.500098646 0.103168495 0.859800935
vn 0.70325321 0.285553098 0.651071727
vn 0.553956807 0.506957829 0.660398126
vn 0.301408708 0.390658677 0.869792283
vn 0.306941658 0.666515887 0.679369748
vn -0.0373150818 0.453748822 0.890348017
vn 0.0438007005 0.719428837 0.693183661
vn -0.236058787 0.66256696 0.710831463
vn -0.325225443 0.260793895 0.908963621
vn 0.260221362 0.147280067 0.954250157
vn 0.103180833 0.251042396 0.962461114
vn 0.0573417284 0.0104752239 0.998299658
vn 0.297808677 -0.0379826762 0.953869641
vn -0.0804340914 0.213612184 0.973601758
vn 0.192909881 -0.195295662 0.961584926
vn -0.184087053 0.0577659123 0.981210947
vn 0.00787907094 -0.231465533 0.972811162
vn -0.147951081 -0.126203001 0.980909407
vn -0.0639364868 -0.308381647 0.9491117
vn -0.890559494 0.140558526 0.432604998
vn -0.0639361814 0.30838576 0.949110329
vn -0.932216406 -0.111830398 0.344189852
vn -0.0639357939 -0.80736649 0.586576104
vn -0.801371574 0.48393774 0.351578981
vn -0.0639345795 0.807373166 0.586567044
vn -0.919051409 0.394137591 -1.74927857E-06
vn -0.0639333874 0.99795413 -4.62953813E-06
vn -0.949476659 -0.253899544 0.184470162
vn -0.0639372319 -0.997953892 0
vn -0.954188645 -0.29920572 -6.17529281E-07
vn -0.063935101 -0.807358503 -0.58658725
vn -0.949477375 -0.253894925 -0.184472531
vn -0.0639343634 -0.308381498 -0.949111819
vn -0.932211816 -0.111836225 -0.344200134
vn -0.0639340505 0.308386922 -0.949110091
vn -0.890555143 0.140560821 -0.432613432
vn -0.0639335588 0.807364762 -0.586578786
vn -0.80136025 0.48394534 -0.351594329
g sangshi_boss_0
f 3/3/3 2/2/2 1/1/1
f 2/2/2 4/4/4 1/1/1
f 1/1/1 4/4/4 5/5/5
f 6/6/6 4/4/4 2/2/2
f 7/7/7 6/6/6 2/2/2
f 4/4/4 8/8/8 5/5/5
f 9/9/9 5/5/5 8/8/8
f 6/6/6 10/10/10 4/4/4
f 10/10/10 8/8/8 4/4/4
f 11/11/11 6/6/6 7/7/7
f 12/12/12 11/11/11 7/7/7
f 13/13/13 9/9/9 8/8/8
f 9/9/9 13/13/13 14/14/14
f 10/10/10 15/15/15 8/8/8
f 15/15/15 13/13/13 8/8/8
f 16/16/16 10/10/10 6/6/6
f 11/11/11 16/16/16 6/6/6
f 17/17/17 11/11/11 12/12/12
f 18/18/18 17/17/17 12/12/12
f 13/13/13 19/19/19 14/14/14
f 20/20/20 14/14/14 19/19/19
f 15/15/15 21/21/21 13/13/13
f 21/21/21 19/19/19 13/13/13
f 22/22/22 15/15/15 10/10/10
f 16/16/16 22/22/22 10/10/10
f 23/23/23 16/16/16 11/11/11
f 17/17/17 23/23/23 11/11/11
f 24/24/24 17/17/17 18/18/18
f 25/25/25 24/24/24 18/18/18
f 24/24/24 25/25/25 26/26/26
f 27/27/27 20/20/20 19/19/19
f 20/20/20 27/27/27 28/28/28
f 24/24/24 29/29/29 17/17/17
f 29/29/29 23/23/23 17/17/17
f 30/30/30 24/24/24 26/26/26
f 29/29/29 24/24/24 30/30/30
f 30/30/30 26/26/26 31/31/31
f 23/23/23 32/32/32 16/16/16
f 32/32/32 22/22/22 16/16/16
f 33/33/33 27/27/27 19/19/19
f 21/21/21 33/33/33 19/19/19
f 29/29/29 34/34/34 23/23/23
f 34/34/34 32/32/32 23/23/23
f 32/32/32 35/35/35 22/22/22
f 34/34/34 36/36/36 32/32/32
f 36/36/36 35/35/35 32/32/32
f 35/35/35 37/37/37 22/22/22
f 22/22/22 37/37/37 15/15/15
f 37/37/37 21/21/21 15/15/15
f 37/37/37 38/38/38 21/21/21
f 38/38/38 33/33/33 21/21/21
f 35/35/35 39/39/39 37/37/37
f 39/39/39 38/38/38 37/37/37
f 36/36/36 40/40/40 35/35/35
f 40/40/40 39/39/39 35/35/35
f 33/33/33 41/41/41 27/27/27
f 38/38/38 42/42/42 33/33/33
f 42/42/42 41/41/41 33/33/33
f 39/39/39 43/43/43 38/38/38
f 43/43/43 42/42/42 38/38/38
f 40/40/40 44/44/44 39/39/39
f 44/44/44 43/43/43 39/39/39
f 40/40/40 36/36/36 45/45/45
f 44/44/44 40/40/40 45/45/45
f 41/41/41 46/46/46 27/27/27
f 27/27/27 46/46/46 28/28/28
f 28/28/28 46/46/46 47/47/47
f 48/48/48 28/28/28 47/47/47
f 49/49/49 48/48/48 47/47/47
f 41/41/41 50/50/50 46/46/46
f 50/50/50 47/47/47 46/46/46
f 42/42/42 51/51/51 41/41/41
f 51/51/51 50/50/50 41/41/41
f 43/43/43 52/52/52 42/42/42
f 52/52/52 51/51/51 42/42/42
f 44/44/44 53/53/53 43/43/43
f 53/53/53 52/52/52 43/43/43
f 54/54/54 44/44/44 45/45/45
f 53/53/53 44/44/44 54/54/54
f 55/55/55 49/49/49 47/47/47
f 50/50/50 56/56/56 47/47/47
f 56/56/56 55/55/55 47/47/47
f 51/51/51 57/57/57 50/50/50
f 57/57/57 56/56/56 50/50/50
f 52/52/52 58/58/58 51/51/51
f 58/58/58 57/57/57 51/51/51
f 53/53/53 59/59/59 52/52/52
f 59/59/59 58/58/58 52/52/52
f 60/60/60 53/53/53 54/54/54
f 59/59/59 53/53/53 60/60/60
f 49/49/49 55/55/55 61/61/61
f 62/62/62 49/49/49 61/61/61
f 62/62/62 61/61/61 63/63/63
f 56/56/56 64/64/64 55/55/55
f 64/64/64 61/61/61 55/55/55
f 57/57/57 65/65/65 56/56/56
f 65/65/65 64/64/64 56/56/56
f 58/58/58 66/66/66 57/57/57
f 66/66/66 65/65/65 57/57/57
f 59/59/59 67/67/67 58/58/58
f 67/67/67 66/66/66 58/58/58
f 60/60/60 54/54/54 68/68/68
f 68/68/68 54/54/54 45/45/45
f 69/69/69 59/59/59 60/60/60
f 67/67/67 59/59/59 69/69/69
f 70/70/70 60/60/60 68/68/68
f 69/69/69 60/60/60 70/70/70
f 64/64/64 71/71/71 61/61/61
f 65/65/65 72/72/72 64/64/64
f 72/72/72 71/71/71 64/64/64
f 66/66/66 73/73/73 65/65/65
f 73/73/73 72/72/72 65/65/65
f 67/67/67 74/74/74 66/66/66
f 74/74/74 73/73/73 66/66/66
f 75/75/75 67/67/67 69/69/69
f 74/74/74 67/67/67 75/75/75
f 76/76/76 69/69/69 70/70/70
f 75/75/75 69/69/69 76/76/76
f 71/71/71 77/77/77 61/61/61
f 61/61/61 77/77/77 63/63/63
f 63/63/63 77/77/77 78/78/78
f 79/79/79 63/63/63 78/78/78
f 80/80/80 78/78/78 77/77/77
f 71/71/71 80/80/80 77/77/77
f 81/81/81 80/80/80 71/71/71
f 72/72/72 81/81/81 71/71/71
f 82/82/82 81/81/81 72/72/72
f 73/73/73 82/82/82 72/72/72
f 83/83/83 82/82/82 73/73/73
f 74/74/74 83/83/83 73/73/73
f 83/83/83 74/74/74 84/84/84
f 84/84/84 74/74/74 75/75/75
f 85/85/85 83/83/83 84/84/84
f 84/84/84 75/75/75 86/86/86
f 86/86/86 75/75/75 76/76/76
f 85/85/85 84/84/84 87/87/87
f 87/87/87 84/84/84 86/86/86
f 88/88/88 85/85/85 87/87/87
f 88/88/88 87/87/87 89/89/89
f 87/87/87 90/90/90 89/89/89
f 91/91/91 89/89/89 90/90/90
f 86/86/86 92/92/92 87/87/87
f 87/87/87 92/92/92 90/90/90
f 93/93/93 91/91/91 90/90/90
f 90/90/90 92/92/92 93/93/93
f 91/91/91 93/93/93 94/94/94
f 93/93/93 95/95/95 94/94/94
f 95/95/95 93/93/93 96/96/96
f 93/93/93 97/97/97 96/96/96
f 92/92/92 97/97/97 93/93/93
f 96/96/96 97/97/97 98/98/98
f 98/98/98 97/97/97 92/92/92
f 99/99/99 96/96/96 98/98/98
f 100/100/100 92/92/92 86/86/86
f 100/100/100 98/98/98 92/92/92
f 86/86/86 76/76/76 100/100/100
f 98/98/98 101/101/101 99/99/99
f 101/101/101 102/102/102 99/99/99
f 101/101/101 103/103/103 102/102/102
f 103/103/103 104/104/104 102/102/102
f 105/105/105 104/104/104 103/103/103
f 100/100/100 106/106/106 98/98/98
f 106/106/106 101/101/101 98/98/98
f 76/76/76 106/106/106 100/100/100
f 101/101/101 106/106/106 103/103/103
f 76/76/76 107/107/107 106/106/106
f 106/106/106 107/107/107 103/103/103
f 70/70/70 107/107/107 76/76/76
f 108/108/108 107/107/107 70/70/70
f 107/107/107 108/108/108 103/103/103
f 70/70/70 68/68/68 108/108/108
f 109/109/109 105/105/105 103/103/103
f 108/108/108 109/109/109 103/103/103
f 105/105/105 109/109/109 110/110/110
f 68/68/68 111/111/111 108/108/108
f 109/109/109 108/108/108 111/111/111
f 109/109/109 112/112/112 110/110/110
f 112/112/112 109/109/109 111/111/111
f 110/110/110 112/112/112 113/113/113
f 68/68/68 114/114/114 111/111/111
f 114/114/114 68/68/68 45/45/45
f 111/111/111 115/115/115 112/112/112
f 114/114/114 115/115/115 111/111/111
f 112/112/112 116/116/116 113/113/113
f 115/115/115 116/116/116 112/112/112
f 113/113/113 116/116/116 117/117/117
f 118/118/118 113/113/113 117/117/117
f 118/118/118 117/117/117 119/119/119
f 45/45/45 120/120/120 114/114/114
f 36/36/36 120/120/120 45/45/45
f 120/120/120 36/36/36 34/34/34
f 121/121/121 120/120/120 34/34/34
f 121/121/121 34/34/34 29/29/29
f 120/120/120 122/122/122 114/114/114
f 120/120/120 121/121/121 122/122/122
f 123/123/123 121/121/121 29/29/29
f 123/123/123 29/29/29 30/30/30
f 123/123/123 30/30/30 124/124/124
f 121/121/121 123/123/123 125/125/125
f 121/121/121 125/125/125 122/122/122
f 123/123/123 124/124/124 125/125/125
f 122/122/122 126/126/126 114/114/114
f 126/126/126 115/115/115 114/114/114
f 127/127/127 122/122/122 125/125/125
f 126/126/126 122/122/122 127/127/127
f 115/115/115 126/126/126 128/128/128
f 128/128/128 126/126/126 127/127/127
f 30/30/30 129/129/129 124/124/124
f 129/129/129 30/30/30 31/31/31
f 130/130/130 127/127/127 125/125/125
f 125/125/125 124/124/124 130/130/130
f 131/131/131 115/115/115 128/128/128
f 116/116/116 115/115/115 131/131/131
f 117/117/117 116/116/116 131/131/131
f 117/117/117 131/131/131 132/132/132
f 131/131/131 128/128/128 132/132/132
f 129/129/129 31/31/31 133/133/133
f 31/31/31 134/134/134 133/133/133
f 133/133/133 134/134/134 135/135/135
f 134/134/134 136/136/136 135/135/135
f 133/133/133 137/137/137 129/129/129
f 133/133/133 135/135/135 137/137/137
f 135/135/135 136/136/136 138/138/138
f 136/136/136 139/139/139 138/138/138
f 138/138/138 140/140/140 135/135/135
f 141/141/141 135/135/135 140/140/140
f 137/137/137 135/135/135 141/141/141
f 141/141/141 140/140/140 142/142/142
f 137/137/137 141/141/141 142/142/142
f 142/142/142 140/140/140 143/143/143
f 143/143/143 144/144/144 142/142/142
f 137/137/137 145/145/145 129/129/129
f 145/145/145 137/137/137 142/142/142
f 124/124/124 129/129/129 145/145/145
f 146/146/146 145/145/145 142/142/142
f 145/145/145 146/146/146 124/124/124
f 142/142/142 144/144/144 146/146/146
f 146/146/146 147/147/147 124/124/124
f 124/124/124 147/147/147 130/130/130
f 144/144/144 148/148/148 146/146/146
f 147/147/147 146/146/146 149/149/149
f 146/146/146 148/148/148 149/149/149
f 130/130/130 147/147/147 150/150/150
f 147/147/147 149/149/149 150/150/150
f 148/148/148 144/144/144 151/151/151
f 151/151/151 144/144/144 152/152/152
f 149/149/149 148/148/148 153/153/153
f 148/148/148 151/151/151 153/153/153
f 154/154/154 151/151/151 152/152/152
f 151/151/151 154/154/154 153/153/153
f 150/150/150 155/155/155 130/130/130
f 155/155/155 127/127/127 130/130/130
f 149/149/149 153/153/153 156/156/156
f 150/150/150 149/149/149 156/156/156
f 157/157/157 154/154/154 152/152/152
f 158/158/158 157/157/157 152/152/152
f 158/158/158 159/159/159 157/157/157
f 158/158/158 160/160/160 159/159/159
f 157/157/157 161/161/161 154/154/154
f 157/157/157 159/159/159 161/161/161
f 154/154/154 162/162/162 153/153/153
f 161/161/161 162/162/162 154/154/154
f 162/162/162 163/163/163 153/153/153
f 153/153/153 163/163/163 156/156/156
f 161/161/161 163/163/163 162/162/162
f 164/164/164 159/159/159 160/160/160
f 165/165/165 164/164/164 160/160/160
f 166/166/166 163/163/163 161/161/161
f 156/156/156 163/163/163 166/166/166
f 166/166/166 167/167/167 156/156/156
f 159/159/159 168/168/168 161/161/161
f 166/166/166 161/161/161 168/168/168
f 168/168/168 159/159/159 164/164/164
f 168/168/168 167/167/167 166/166/166
f 167/167/167 168/168/168 164/164/164
f 169/169/169 164/164/164 165/165/165
f 167/167/167 164/164/164 169/169/169
f 170/170/170 169/169/169 165/165/165
f 169/169/169 170/170/170 171/171/171
f 156/156/156 167/167/167 172/172/172
f 150/150/150 156/156/156 172/172/172
f 150/150/150 172/172/172 173/173/173
f 155/155/155 150/150/150 173/173/173
f 174/174/174 169/169/169 171/171/171
f 175/175/175 167/167/167 169/169/169
f 175/175/175 169/169/169 174/174/174
f 176/176/176 172/172/172 167/167/167
f 175/175/175 176/176/176 167/167/167
f 172/172/172 176/176/176 177/177/177
f 177/177/177 176/176/176 175/175/175
f 173/173/173 172/172/172 177/177/177
f 177/177/177 178/178/178 173/173/173
f 177/177/177 175/175/175 179/179/179
f 179/179/179 175/175/175 174/174/174
f 179/179/179 178/178/178 177/177/177
f 180/180/180 174/174/174 171/171/171
f 179/179/179 174/174/174 180/180/180
f 178/178/178 179/179/179 180/180/180
f 178/178/178 180/180/180 181/181/181
f 182/182/182 180/180/180 171/171/171
f 181/181/181 180/180/180 182/182/182
f 183/183/183 181/181/181 182/182/182
f 183/183/183 184/184/184 181/181/181
f 173/173/173 178/178/178 185/185/185
f 155/155/155 173/173/173 185/185/185
f 184/184/184 186/186/186 181/181/181
f 184/184/184 187/187/187 186/186/186
f 188/188/188 178/178/178 181/181/181
f 178/178/178 189/189/189 185/185/185
f 188/188/188 189/189/189 178/178/178
f 155/155/155 185/185/185 190/190/190
f 185/185/185 189/189/189 190/190/190
f 188/188/188 181/181/181 191/191/191
f 181/181/181 186/186/186 191/191/191
f 191/191/191 186/186/186 192/192/192
f 191/191/191 192/192/192 193/193/193
f 191/191/191 193/193/193 188/188/188
f 193/193/193 189/189/189 188/188/188
f 190/190/190 189/189/189 193/193/193
f 193/193/193 192/192/192 190/190/190
f 187/187/187 194/194/194 186/186/186
f 186/186/186 194/194/194 192/192/192
f 195/195/195 194/194/194 187/187/187
f 192/192/192 194/194/194 195/195/195
f 196/196/196 195/195/195 187/187/187
f 197/197/197 155/155/155 190/190/190
f 197/197/197 127/127/127 155/155/155
f 197/197/197 128/128/128 127/127/127
f 198/198/198 195/195/195 196/196/196
f 199/199/199 198/198/198 196/196/196
f 200/200/200 190/190/190 192/192/192
f 200/200/200 197/197/197 190/190/190
f 201/201/201 128/128/128 197/197/197
f 132/132/132 128/128/128 201/201/201
f 202/202/202 192/192/192 195/195/195
f 202/202/202 195/195/195 198/198/198
f 203/203/203 198/198/198 199/199/199
f 204/204/204 203/203/203 199/199/199
f 205/205/205 203/203/203 204/204/204
f 206/206/206 203/203/203 205/205/205
f 207/207/207 205/205/205 204/204/204
f 207/207/207 208/208/208 205/205/205
f 209/209/209 198/198/198 203/203/203
f 209/209/209 202/202/202 198/198/198
f 206/206/206 209/209/209 203/203/203
f 202/202/202 210/210/210 192/192/192
f 210/210/210 200/200/200 192/192/192
f 209/209/209 211/211/211 202/202/202
f 211/211/211 210/210/210 202/202/202
f 200/200/200 210/210/210 211/211/211
f 209/209/209 206/206/206 211/211/211
f 212/212/212 200/200/200 211/211/211
f 211/211/211 206/206/206 212/212/212
f 197/197/197 200/200/200 212/212/212
f 201/201/201 197/197/197 212/212/212
f 213/213/213 201/201/201 212/212/212
f 212/212/212 206/206/206 213/213/213
f 208/208/208 214/214/214 205/205/205
f 214/214/214 208/208/208 215/215/215
f 216/216/216 214/214/214 215/215/215
f 215/215/215 217/217/217 216/216/216
f 205/205/205 214/214/214 218/218/218
f 214/214/214 216/216/216 218/218/218
f 219/219/219 206/206/206 205/205/205
f 219/219/219 205/205/205 218/218/218
f 219/219/219 220/220/220 206/206/206
f 206/206/206 220/220/220 213/213/213
f 219/219/219 221/221/221 220/220/220
f 218/218/218 221/221/221 219/219/219
f 220/220/220 221/221/221 213/213/213
f 213/213/213 222/222/222 201/201/201
f 221/221/221 222/222/222 213/213/213
f 218/218/218 222/222/222 221/221/221
f 216/216/216 222/222/222 218/218/218
f 222/222/222 132/132/132 201/201/201
f 222/222/222 216/216/216 132/132/132
f 217/217/217 223/223/223 216/216/216
f 216/216/216 223/223/223 132/132/132
f 119/119/119 223/223/223 217/217/217
f 223/223/223 117/117/117 132/132/132
f 119/119/119 117/117/117 223/223/223
f 226/226/226 225/225/225 224/224/224
f 227/227/227 226/226/226 224/224/224
f 227/227/227 224/224/224 228/228/228
f 227/227/227 229/229/229 226/226/226
f 229/229/229 230/230/230 226/226/226
f 231/231/231 227/227/227 228/228/228
f 228/228/228 232/232/232 231/231/231
f 229/229/229 233/233/233 230/230/230
f 233/233/233 234/234/234 230/230/230
f 235/235/235 229/229/229 227/227/227
f 231/231/231 235/235/235 227/227/227
f 232/232/232 236/236/236 231/231/231
f 236/236/236 232/232/232 237/237/237
f 233/233/233 238/238/238 234/234/234
f 238/238/238 239/239/239 234/234/234
f 240/240/240 233/233/233 229/229/229
f 235/235/235 240/240/240 229/229/229
f 241/241/241 235/235/235 231/231/231
f 236/236/236 241/241/241 231/231/231
f 242/242/242 236/236/236 237/237/237
f 237/237/237 243/243/243 242/242/242
f 238/238/238 244/244/244 239/239/239
f 244/244/244 245/245/245 239/239/239
f 245/245/245 244/244/244 246/246/246
f 247/247/247 238/238/238 233/233/233
f 240/240/240 247/247/247 233/233/233
f 248/248/248 240/240/240 235/235/235
f 241/241/241 248/248/248 235/235/235
f 249/249/249 241/241/241 236/236/236
f 242/242/242 249/249/249 236/236/236
f 243/243/243 250/250/250 242/242/242
f 250/250/250 243/243/243 251/251/251
f 244/244/244 252/252/252 246/246/246
f 246/246/246 252/252/252 253/253/253
f 254/254/254 247/247/247 240/240/240
f 248/248/248 254/254/254 240/240/240
f 255/255/255 248/248/248 241/241/241
f 249/249/249 255/255/255 241/241/241
f 256/256/256 249/249/249 242/242/242
f 250/250/250 256/256/256 242/242/242
f 244/244/244 257/257/257 252/252/252
f 257/257/257 244/244/244 238/238/238
f 247/247/247 257/257/257 238/238/238
f 258/258/258 254/254/254 248/248/248
f 255/255/255 258/258/258 248/248/248
f 259/259/259 255/255/255 249/249/249
f 256/256/256 259/259/259 249/249/249
f 254/254/254 260/260/260 247/247/247
f 260/260/260 257/257/257 247/247/247
f 261/261/261 258/258/258 255/255/255
f 259/259/259 261/261/261 255/255/255
f 258/258/258 262/262/262 254/254/254
f 262/262/262 260/260/260 254/254/254
f 261/261/261 263/263/263 258/258/258
f 263/263/263 262/262/262 258/258/258
f 264/264/264 259/259/259 256/256/256
f 265/265/265 261/261/261 259/259/259
f 264/264/264 265/265/265 259/259/259
f 266/266/266 263/263/263 261/261/261
f 265/265/265 266/266/266 261/261/261
f 262/262/262 263/263/263 267/267/267
f 263/263/263 266/266/266 267/267/267
f 262/262/262 268/268/268 260/260/260
f 268/268/268 262/262/262 267/267/267
f 260/260/260 269/269/269 257/257/257
f 268/268/268 269/269/269 260/260/260
f 270/270/270 264/264/264 256/256/256
f 270/270/270 256/256/256 250/250/250
f 269/269/269 271/271/271 257/257/257
f 257/257/257 271/271/271 252/252/252
f 252/252/252 271/271/271 272/272/272
f 271/271/271 269/269/269 273/273/273
f 272/272/272 271/271/271 273/273/273
f 269/269/269 268/268/268 274/274/274
f 273/273/273 269/269/269 274/274/274
f 268/268/268 267/267/267 275/275/275
f 274/274/274 268/268/268 275/275/275
f 276/276/276 270/270/270 250/250/250
f 276/276/276 250/250/250 251/251/251
f 276/276/276 251/251/251 277/277/277
f 251/251/251 278/278/278 277/277/277
f 278/278/278 279/279/279 277/277/277
f 280/280/280 270/270/270 276/276/276
f 277/277/277 280/280/280 276/276/276
f 280/280/280 281/281/281 270/270/270
f 281/281/281 264/264/264 270/270/270
f 281/281/281 282/282/282 264/264/264
f 282/282/282 265/265/265 264/264/264
f 282/282/282 283/283/283 265/265/265
f 283/283/283 266/266/266 265/265/265
f 266/266/266 283/283/283 284/284/284
f 266/266/266 284/284/284 267/267/267
f 284/284/284 285/285/285 267/267/267
f 285/285/285 275/275/275 267/267/267
f 283/283/283 286/286/286 284/284/284
f 284/284/284 286/286/286 285/285/285
f 287/287/287 283/283/283 282/282/282
f 283/283/283 287/287/287 286/286/286
f 288/288/288 282/282/282 281/281/281
f 288/288/288 287/287/287 282/282/282
f 289/289/289 281/281/281 280/280/280
f 289/289/289 288/288/288 281/281/281
f 290/290/290 289/289/289 280/280/280
f 290/290/290 280/280/280 277/277/277
f 291/291/291 290/290/290 277/277/277
f 279/279/279 291/291/291 277/277/277
f 291/291/291 279/279/279 292/292/292
f 279/279/279 293/293/293 292/292/292
f 292/292/292 293/293/293 294/294/294
f 295/295/295 290/290/290 291/291/291
f 292/292/292 295/295/295 291/291/291
f 296/296/296 289/289/289 290/290/290
f 295/295/295 296/296/296 290/290/290
f 297/297/297 288/288/288 289/289/289
f 296/296/296 297/297/297 289/289/289
f 298/298/298 287/287/287 288/288/288
f 297/297/297 298/298/298 288/288/288
f 287/287/287 298/298/298 299/299/299
f 287/287/287 299/299/299 286/286/286
f 286/286/286 299/299/299 300/300/300
f 286/286/286 300/300/300 285/285/285
f 301/301/301 292/292/292 294/294/294
f 302/302/302 295/295/295 292/292/292
f 301/301/301 302/302/302 292/292/292
f 301/301/301 294/294/294 303/303/303
f 294/294/294 304/304/304 303/303/303
f 303/303/303 305/305/305 301/301/301
f 305/305/305 302/302/302 301/301/301
f 305/305/305 306/306/306 302/302/302
f 302/302/302 307/307/307 295/295/295
f 306/306/306 307/307/307 302/302/302
f 307/307/307 296/296/296 295/295/295
f 306/306/306 308/308/308 307/307/307
f 307/307/307 309/309/309 296/296/296
f 308/308/308 309/309/309 307/307/307
f 309/309/309 297/297/297 296/296/296
f 308/308/308 310/310/310 309/309/309
f 309/309/309 311/311/311 297/297/297
f 310/310/310 311/311/311 309/309/309
f 311/311/311 298/298/298 297/297/297
f 311/311/311 310/310/310 312/312/312
f 310/310/310 313/313/313 312/312/312
f 298/298/298 311/311/311 314/314/314
f 311/311/311 312/312/312 314/314/314
f 298/298/298 314/314/314 299/299/299
f 312/312/312 313/313/313 315/315/315
f 313/313/313 316/316/316 315/315/315
f 315/315/315 316/316/316 317/317/317
f 299/299/299 314/314/314 318/318/318
f 299/299/299 318/318/318 300/300/300
f 314/314/314 312/312/312 319/319/319
f 312/312/312 315/315/315 319/319/319
f 314/314/314 319/319/319 318/318/318
f 320/320/320 315/315/315 317/317/317
f 317/317/317 321/321/321 320/320/320
f 322/322/322 319/319/319 315/315/315
f 322/322/322 315/315/315 320/320/320
f 321/321/321 323/323/323 320/320/320
f 322/322/322 320/320/320 323/323/323
f 323/323/323 321/321/321 324/324/324
f 325/325/325 323/323/323 324/324/324
f 323/323/323 325/325/325 326/326/326
f 327/327/327 323/323/323 326/326/326
f 327/327/327 322/322/322 323/323/323
f 327/327/327 326/326/326 328/328/328
f 327/327/327 328/328/328 322/322/322
f 326/326/326 329/329/329 328/328/328
f 322/322/322 330/330/330 319/319/319
f 318/318/318 319/319/319 330/330/330
f 328/328/328 330/330/330 322/322/322
f 331/331/331 328/328/328 329/329/329
f 332/332/332 331/331/331 329/329/329
f 333/333/333 331/331/331 332/332/332
f 334/334/334 333/333/333 332/332/332
f 334/334/334 335/335/335 333/333/333
f 336/336/336 330/330/330 328/328/328
f 331/331/331 336/336/336 328/328/328
f 336/336/336 318/318/318 330/330/330
f 336/336/336 331/331/331 333/333/333
f 337/337/337 318/318/318 336/336/336
f 337/337/337 336/336/336 333/333/333
f 337/337/337 300/300/300 318/318/318
f 337/337/337 338/338/338 300/300/300
f 338/338/338 337/337/337 333/333/333
f 285/285/285 300/300/300 338/338/338
f 335/335/335 339/339/339 333/333/333
f 339/339/339 338/338/338 333/333/333
f 339/339/339 335/335/335 340/340/340
f 341/341/341 285/285/285 338/338/338
f 338/338/338 339/339/339 341/341/341
f 275/275/275 285/285/285 341/341/341
f 342/342/342 339/339/339 340/340/340
f 339/339/339 342/342/342 341/341/341
f 342/342/342 340/340/340 343/343/343
f 344/344/344 275/275/275 341/341/341
f 344/344/344 341/341/341 342/342/342
f 345/345/345 342/342/342 343/343/343
f 345/345/345 344/344/344 342/342/342
f 345/345/345 343/343/343 346/346/346
f 343/343/343 347/347/347 346/346/346
f 346/346/346 347/347/347 348/348/348
f 344/344/344 349/349/349 275/275/275
f 349/349/349 274/274/274 275/275/275
f 344/344/344 345/345/345 350/350/350
f 345/345/345 346/346/346 350/350/350
f 346/346/346 348/348/348 351/351/351
f 351/351/351 348/348/348 352/352/352
f 274/274/274 349/349/349 353/353/353
f 274/274/274 353/353/353 273/273/273
f 349/349/349 344/344/344 354/354/354
f 344/344/344 350/350/350 354/354/354
f 349/349/349 354/354/354 353/353/353
f 350/350/350 346/346/346 355/355/355
f 346/346/346 351/351/351 355/355/355
f 354/354/354 350/350/350 355/355/355
f 351/351/351 352/352/352 356/356/356
f 351/351/351 356/356/356 355/355/355
f 352/352/352 357/357/357 356/356/356
f 353/353/353 358/358/358 273/273/273
f 272/272/272 273/273/273 358/358/358
f 359/359/359 356/356/356 357/357/357
f 360/360/360 359/359/359 357/357/357
f 359/359/359 360/360/360 361/361/361
f 360/360/360 362/362/362 361/361/361
f 361/361/361 362/362/362 363/363/363
f 356/356/356 359/359/359 364/364/364
f 359/359/359 361/361/361 364/364/364
f 356/356/356 365/365/365 355/355/355
f 365/365/365 356/356/356 364/364/364
f 366/366/366 361/361/361 363/363/363
f 366/366/366 367/367/367 361/361/361
f 366/366/366 363/363/363 368/368/368
f 361/361/361 369/369/369 364/364/364
f 367/367/367 369/369/369 361/361/361
f 370/370/370 366/366/366 368/368/368
f 370/370/370 368/368/368 371/371/371
f 372/372/372 364/364/364 369/369/369
f 365/365/365 364/364/364 372/372/372
f 355/355/355 365/365/365 373/373/373
f 354/354/354 355/355/355 373/373/373
f 372/372/372 369/369/369 374/374/374
f 374/374/374 369/369/369 367/367/367
f 365/365/365 372/372/372 375/375/375
f 372/372/372 374/374/374 375/375/375
f 365/365/365 375/375/375 373/373/373
f 374/374/374 367/367/367 375/375/375
f 354/354/354 373/373/373 376/376/376
f 354/354/354 376/376/376 353/353/353
f 373/373/373 375/375/375 377/377/377
f 367/367/367 377/377/377 375/375/375
f 376/376/376 373/373/373 377/377/377
f 378/378/378 370/370/370 371/371/371
f 378/378/378 371/371/371 379/379/379
f 353/353/353 376/376/376 380/380/380
f 353/353/353 380/380/380 358/358/358
f 367/367/367 381/381/381 377/377/377
f 382/382/382 376/376/376 377/377/377
f 382/382/382 377/377/377 381/381/381
f 380/380/380 376/376/376 383/383/383
f 376/376/376 382/382/382 383/383/383
f 383/383/383 382/382/382 384/384/384
f 382/382/382 385/385/385 384/384/384
f 385/385/385 382/382/382 381/381/381
f 367/367/367 386/386/386 381/381/381
f 386/386/386 367/367/367 366/366/366
f 370/370/370 386/386/386 366/366/366
f 385/385/385 381/381/381 387/387/387
f 381/381/381 386/386/386 387/387/387
f 387/387/387 386/386/386 370/370/370
f 378/378/378 387/387/387 370/370/370
f 385/385/385 387/387/387 384/384/384
f 384/384/384 387/387/387 378/378/378
f 388/388/388 384/384/384 378/378/378
f 388/388/388 378/378/378 379/379/379
f 388/388/388 379/379/379 389/389/389
f 388/388/388 389/389/389 384/384/384
f 379/379/379 390/390/390 389/389/389
f 389/389/389 390/390/390 391/391/391
f 390/390/390 392/392/392 391/391/391
f 391/391/391 392/392/392 393/393/393
f 389/389/389 394/394/394 384/384/384
f 389/389/389 391/391/391 394/394/394
f 384/384/384 394/394/394 395/395/395
f 384/384/384 395/395/395 383/383/383
f 395/395/395 394/394/394 396/396/396
f 391/391/391 396/396/396 394/394/394
f 397/397/397 396/396/396 391/391/391
f 398/398/398 391/391/391 393/393/393
f 398/398/398 397/397/397 391/391/391
f 398/398/398 393/393/393 399/399/399
f 400/400/400 395/395/395 396/396/396
f 400/400/400 383/383/383 395/395/395
f 400/400/400 396/396/396 397/397/397
f 400/400/400 401/401/401 383/383/383
f 400/400/400 397/397/397 401/401/401
f 401/401/401 380/380/380 383/383/383
f 402/402/402 380/380/380 401/401/401
f 397/397/397 402/402/402 401/401/401
f 403/403/403 380/380/380 402/402/402
f 380/380/380 403/403/403 358/358/358
f 404/404/404 358/358/358 403/403/403
f 404/404/404 272/272/272 358/358/358
f 405/405/405 398/398/398 399/399/399
f 406/406/406 397/397/397 398/398/398
f 405/405/405 406/406/406 398/398/398
f 397/397/397 407/407/407 402/402/402
f 397/397/397 406/406/406 407/407/407
f 408/408/408 405/405/405 399/399/399
f 409/409/409 408/408/408 399/399/399
f 408/408/408 409/409/409 410/410/410
f 411/411/411 406/406/406 405/405/405
f 411/411/411 407/407/407 406/406/406
f 408/408/408 411/411/411 405/405/405
f 412/412/412 411/411/411 408/408/408
f 413/413/413 408/408/408 410/410/410
f 413/413/413 412/412/412 408/408/408
f 413/413/413 410/410/410 414/414/414
f 415/415/415 402/402/402 407/407/407
f 415/415/415 403/403/403 402/402/402
f 411/411/411 416/416/416 407/407/407
f 416/416/416 411/411/411 412/412/412
f 416/416/416 415/415/415 407/407/407
f 415/415/415 416/416/416 412/412/412
f 417/417/417 413/413/413 414/414/414
f 417/417/417 414/414/414 418/418/418
f 419/419/419 403/403/403 415/415/415
f 412/412/412 419/419/419 415/415/415
f 420/420/420 412/412/412 413/413/413
f 417/417/417 420/420/420 413/413/413
f 417/417/417 418/418/418 421/421/421
f 421/421/421 418/418/418 422/422/422
f 412/412/412 420/420/420 423/423/423
f 412/412/412 423/423/423 419/419/419
f 420/420/420 417/417/417 424/424/424
f 417/417/417 421/421/421 424/424/424
f 424/424/424 423/423/423 420/420/420
f 425/425/425 421/421/421 422/422/422
f 424/424/424 421/421/421 425/425/425
f 424/424/424 426/426/426 423/423/423
f 426/426/426 419/419/419 423/423/423
f 427/427/427 403/403/403 419/419/419
f 427/427/427 404/404/404 403/403/403
f 426/426/426 424/424/424 428/428/428
f 428/428/428 424/424/424 425/425/425
f 426/426/426 429/429/429 419/419/419
f 426/426/426 428/428/428 429/429/429
f 428/428/428 425/425/425 429/429/429
f 429/429/429 427/427/427 419/419/419
f 430/430/430 425/425/425 422/422/422
f 425/425/425 430/430/430 429/429/429
f 431/431/431 430/430/430 422/422/422
f 430/430/430 432/432/432 429/429/429
f 432/432/432 427/427/427 429/429/429
f 431/431/431 432/432/432 430/430/430
f 433/433/433 404/404/404 427/427/427
f 432/432/432 433/433/433 427/427/427
f 432/432/432 431/431/431 433/433/433
f 404/404/404 433/433/433 272/272/272
f 431/431/431 434/434/434 433/433/433
f 431/431/431 435/435/435 434/434/434
f 436/436/436 434/434/434 435/435/435
f 433/433/433 437/437/437 272/272/272
f 437/437/437 433/433/433 434/434/434
f 438/438/438 272/272/272 437/437/437
f 438/438/438 252/252/252 272/272/272
f 252/252/252 438/438/438 253/253/253
f 439/439/439 437/437/437 434/434/434
f 437/437/437 439/439/439 438/438/438
f 253/253/253 438/438/438 440/440/440
f 439/439/439 440/440/440 438/438/438
f 441/441/441 253/253/253 440/440/440
f 441/441/441 440/440/440 442/442/442
f 442/442/442 440/440/440 439/439/439
f 443/443/443 441/441/441 442/442/442
f 444/444/444 439/439/439 434/434/434
f 436/436/436 444/444/444 434/434/434
f 442/442/442 439/439/439 444/444/444
f 442/442/442 444/444/444 436/436/436
f 436/436/436 445/445/445 442/442/442
f 443/443/443 442/442/442 445/445/445
f 446/446/446 443/443/443 445/445/445
f 449/449/449 448/448/448 447/447/447
f 450/450/450 449/449/449 447/447/447
f 447/447/447 451/451/451 450/450/450
f 452/452/452 449/449/449 450/450/450
f 451/451/451 453/453/453 450/450/450
f 453/453/453 451/451/451 454/454/454
f 455/455/455 452/452/452 450/450/450
f 450/450/450 453/453/453 455/455/455
f 456/456/456 452/452/452 455/455/455
f 457/457/457 453/453/453 454/454/454
f 457/457/457 454/454/454 458/458/458
f 453/453/453 459/459/459 455/455/455
f 453/453/453 457/457/457 459/459/459
f 460/460/460 456/456/456 455/455/455
f 455/455/455 459/459/459 460/460/460
f 461/461/461 456/456/456 460/460/460
f 462/462/462 457/457/457 458/458/458
f 462/462/462 458/458/458 463/463/463
f 457/457/457 464/464/464 459/459/459
f 464/464/464 457/457/457 462/462/462
f 459/459/459 465/465/465 460/460/460
f 465/465/465 459/459/459 464/464/464
f 466/466/466 461/461/461 460/460/460
f 460/460/460 465/465/465 466/466/466
f 467/467/467 461/461/461 466/466/466
f 468/468/468 462/462/462 463/463/463
f 468/468/468 463/463/463 469/469/469
f 470/470/470 464/464/464 462/462/462
f 470/470/470 462/462/462 468/468/468
f 471/471/471 465/465/465 464/464/464
f 471/471/471 464/464/464 470/470/470
f 465/465/465 472/472/472 466/466/466
f 465/465/465 471/471/471 472/472/472
f 473/473/473 467/467/467 466/466/466
f 466/466/466 472/472/472 473/473/473
f 474/474/474 467/467/467 473/473/473
f 475/475/475 468/468/468 469/469/469
f 475/475/475 469/469/469 476/476/476
f 477/477/477 470/470/470 468/468/468
f 477/477/477 468/468/468 475/475/475
f 478/478/478 471/471/471 470/470/470
f 478/478/478 470/470/470 477/477/477
f 471/471/471 479/479/479 472/472/472
f 479/479/479 471/471/471 478/478/478
f 472/472/472 480/480/480 473/473/473
f 472/472/472 479/479/479 480/480/480
f 481/481/481 474/474/474 473/473/473
f 481/481/481 473/473/473 480/480/480
f 482/482/482 474/474/474 481/481/481
f 483/483/483 475/475/475 476/476/476
f 483/483/483 476/476/476 484/484/484
f 485/485/485 483/483/483 484/484/484
f 485/485/485 484/484/484 486/486/486
f 487/487/487 482/482/482 481/481/481
f 488/488/488 482/482/482 487/487/487
f 489/489/489 481/481/481 480/480/480
f 487/487/487 481/481/481 489/489/489
f 479/479/479 490/490/490 480/480/480
f 480/480/480 490/490/490 489/489/489
f 491/491/491 475/475/475 483/483/483
f 491/491/491 477/477/477 475/475/475
f 492/492/492 488/488/488 487/487/487
f 493/493/493 488/488/488 492/492/492
f 494/494/494 487/487/487 489/489/489
f 487/487/487 494/494/494 492/492/492
f 495/495/495 493/493/493 492/492/492
f 496/496/496 493/493/493 495/495/495
f 490/490/490 479/479/479 497/497/497
f 497/497/497 479/479/479 478/478/478
f 498/498/498 478/478/478 477/477/477
f 498/498/498 477/477/477 491/491/491
f 497/497/497 478/478/478 498/498/498
f 490/490/490 499/499/499 489/489/489
f 489/489/489 499/499/499 494/494/494
f 494/494/494 500/500/500 492/492/492
f 492/492/492 500/500/500 495/495/495
f 501/501/501 496/496/496 495/495/495
f 502/502/502 496/496/496 501/501/501
f 503/503/503 490/490/490 497/497/497
f 499/499/499 490/490/490 503/503/503
f 504/504/504 497/497/497 498/498/498
f 503/503/503 497/497/497 504/504/504
f 499/499/499 505/505/505 494/494/494
f 500/500/500 494/494/494 505/505/505
f 500/500/500 506/506/506 495/495/495
f 495/495/495 506/506/506 501/501/501
f 507/507/507 502/502/502 501/501/501
f 508/508/508 502/502/502 507/507/507
f 509/509/509 499/499/499 503/503/503
f 505/505/505 499/499/499 509/509/509
f 510/510/510 500/500/500 505/505/505
f 500/500/500 510/510/510 506/506/506
f 506/506/506 511/511/511 501/501/501
f 501/501/501 511/511/511 507/507/507
f 512/512/512 508/508/508 507/507/507
f 513/513/513 508/508/508 512/512/512
f 509/509/509 503/503/503 514/514/514
f 514/514/514 503/503/503 504/504/504
f 515/515/515 505/505/505 509/509/509
f 510/510/510 505/505/505 515/515/515
f 510/510/510 516/516/516 506/506/506
f 506/506/506 516/516/516 511/511/511
f 511/511/511 517/517/517 507/507/507
f 512/512/512 507/507/507 517/517/517
f 518/518/518 513/513/513 512/512/512
f 519/519/519 513/513/513 518/518/518
f 520/520/520 509/509/509 514/514/514
f 515/515/515 509/509/509 520/520/520
f 510/510/510 521/521/521 516/516/516
f 521/521/521 510/510/510 515/515/515
f 516/516/516 522/522/522 511/511/511
f 517/517/517 511/511/511 522/522/522
f 523/523/523 512/512/512 517/517/517
f 518/518/518 512/512/512 523/523/523
f 524/524/524 519/519/519 518/518/518
f 525/525/525 519/519/519 524/524/524
f 521/521/521 526/526/526 516/516/516
f 516/516/516 526/526/526 522/522/522
f 521/521/521 515/515/515 527/527/527
f 521/521/521 527/527/527 526/526/526
f 528/528/528 517/517/517 522/522/522
f 517/517/517 528/528/528 523/523/523
f 529/529/529 518/518/518 523/523/523
f 518/518/518 529/529/529 524/524/524
f 530/530/530 525/525/525 524/524/524
f 531/531/531 525/525/525 530/530/530
f 528/528/528 532/532/532 523/523/523
f 523/523/523 532/532/532 529/529/529
f 533/533/533 528/528/528 522/522/522
f 532/532/532 528/528/528 533/533/533
f 526/526/526 534/534/534 522/522/522
f 534/534/534 533/533/533 522/522/522
f 529/529/529 535/535/535 524/524/524
f 524/524/524 535/535/535 530/530/530
f 536/536/536 531/531/531 530/530/530
f 537/537/537 531/531/531 536/536/536
f 532/532/532 538/538/538 529/529/529
f 529/529/529 538/538/538 535/535/535
f 526/526/526 539/539/539 534/534/534
f 527/527/527 539/539/539 526/526/526
f 535/535/535 540/540/540 530/530/530
f 530/530/530 540/540/540 536/536/536
f 541/541/541 537/537/537 536/536/536
f 542/542/542 537/537/537 541/541/541
f 543/543/543 542/542/542 541/541/541
f 536/536/536 544/544/544 541/541/541
f 540/540/540 544/544/544 536/536/536
f 541/541/541 545/545/545 543/543/543
f 544/544/544 545/545/545 541/541/541
f 545/545/545 546/546/546 543/543/543
f 535/535/535 547/547/547 540/540/540
f 538/538/538 547/547/547 535/535/535
f 544/544/544 540/540/540 548/548/548
f 547/547/547 548/548/548 540/540/540
f 546/546/546 545/545/545 549/549/549
f 550/550/550 546/546/546 549/549/549
f 544/544/544 551/551/551 545/545/545
f 551/551/551 544/544/544 548/548/548
f 551/551/551 549/549/549 545/545/545
f 550/550/550 549/549/549 552/552/552
f 553/553/553 550/550/550 552/552/552
f 549/549/549 551/551/551 554/554/554
f 552/552/552 549/549/549 554/554/554
f 551/551/551 548/548/548 555/555/555
f 554/554/554 551/551/551 555/555/555
f 548/548/548 547/547/547 556/556/556
f 555/555/555 548/548/548 556/556/556
f 547/547/547 538/538/538 557/557/557
f 556/556/556 547/547/547 557/557/557
f 553/553/553 552/552/552 558/558/558
f 559/559/559 553/553/553 558/558/558
f 552/552/552 554/554/554 560/560/560
f 558/558/558 552/552/552 560/560/560
f 554/554/554 555/555/555 561/561/561
f 560/560/560 554/554/554 561/561/561
f 555/555/555 556/556/556 562/562/562
f 561/561/561 555/555/555 562/562/562
f 559/559/559 558/558/558 563/563/563
f 564/564/564 559/559/559 563/563/563
f 558/558/558 560/560/560 565/565/565
f 563/563/563 558/558/558 565/565/565
f 560/560/560 561/561/561 566/566/566
f 565/565/565 560/560/560 566/566/566
f 564/564/564 563/563/563 567/567/567
f 568/568/568 564/564/564 567/567/567
f 563/563/563 565/565/565 569/569/569
f 567/567/567 563/563/563 569/569/569
f 568/568/568 567/567/567 570/570/570
f 571/571/571 568/568/568 570/570/570
f 562/562/562 556/556/556 572/572/572
f 556/556/556 557/557/557 572/572/572
f 562/562/562 573/573/573 561/561/561
f 573/573/573 566/566/566 561/561/561
f 565/565/565 566/566/566 574/574/574
f 569/569/569 565/565/565 574/574/574
f 567/567/567 569/569/569 575/575/575
f 570/570/570 567/567/567 575/575/575
f 571/571/571 570/570/570 576/576/576
f 577/577/577 571/571/571 576/576/576
f 578/578/578 577/577/577 576/576/576
f 573/573/573 562/562/562 579/579/579
f 562/562/562 572/572/572 579/579/579
f 566/566/566 573/573/573 580/580/580
f 574/574/574 566/566/566 580/580/580
f 569/569/569 574/574/574 581/581/581
f 575/575/575 569/569/569 581/581/581
f 582/582/582 578/578/578 576/576/576
f 578/578/578 582/582/582 583/583/583
f 573/573/573 579/579/579 584/584/584
f 580/580/580 573/573/573 584/584/584
f 574/574/574 580/580/580 585/585/585
f 581/581/581 574/574/574 585/585/585
f 580/580/580 584/584/584 586/586/586
f 585/585/585 580/580/580 586/586/586
f 575/575/575 581/581/581 587/587/587
f 581/581/581 585/585/585 588/588/588
f 587/587/587 581/581/581 588/588/588
f 586/586/586 589/589/589 585/585/585
f 589/589/589 588/588/588 585/585/585
f 590/590/590 575/575/575 587/587/587
f 570/570/570 575/575/575 590/590/590
f 591/591/591 570/570/570 590/590/590
f 591/591/591 576/576/576 570/570/570
f 591/591/591 592/592/592 576/576/576
f 582/582/582 576/576/576 592/592/592
f 586/586/586 584/584/584 593/593/593
f 594/594/594 589/589/589 586/586/586
f 593/593/593 594/594/594 586/586/586
f 584/584/584 595/595/595 593/593/593
f 584/584/584 579/579/579 595/595/595
f 579/579/579 596/596/596 595/595/595
f 579/579/579 572/572/572 596/596/596
f 572/572/572 597/597/597 596/596/596
f 572/572/572 557/557/557 597/597/597
f 557/557/557 598/598/598 597/597/597
f 557/557/557 538/538/538 598/598/598
f 538/538/538 532/532/532 598/598/598
f 598/598/598 532/532/532 533/533/533
f 597/597/597 598/598/598 599/599/599
f 598/598/598 533/533/533 599/599/599
f 600/600/600 596/596/596 597/597/597
f 599/599/599 600/600/600 597/597/597
f 601/601/601 595/595/595 596/596/596
f 600/600/600 601/601/601 596/596/596
f 602/602/602 593/593/593 595/595/595
f 601/601/601 602/602/602 595/595/595
f 603/603/603 599/599/599 533/533/533
f 534/534/534 603/603/603 533/533/533
f 539/539/539 603/603/603 534/534/534
f 600/600/600 599/599/599 604/604/604
f 599/599/599 603/603/603 604/604/604
f 601/601/601 600/600/600 605/605/605
f 600/600/600 604/604/604 605/605/605
f 603/603/603 539/539/539 606/606/606
f 604/604/604 603/603/603 606/606/606
f 593/593/593 602/602/602 607/607/607
f 594/594/594 593/593/593 607/607/607
f 602/602/602 601/601/601 608/608/608
f 601/601/601 605/605/605 608/608/608
f 605/605/605 604/604/604 609/609/609
f 604/604/604 606/606/606 609/609/609
f 606/606/606 539/539/539 610/610/610
f 539/539/539 527/527/527 610/610/610
f 605/605/605 609/609/609 611/611/611
f 608/608/608 605/605/605 611/611/611
f 609/609/609 606/606/606 612/612/612
f 606/606/606 610/610/610 612/612/612
f 611/611/611 609/609/609 612/612/612
f 613/613/613 611/611/611 612/612/612
f 612/612/612 610/610/610 614/614/614
f 613/613/613 612/612/612 614/614/614
f 610/610/610 527/527/527 615/615/615
f 610/610/610 615/615/615 614/614/614
f 602/602/602 608/608/608 616/616/616
f 607/607/607 602/602/602 616/616/616
f 527/527/527 617/617/617 615/615/615
f 515/515/515 617/617/617 527/527/527
f 617/617/617 515/515/515 520/520/520
f 618/618/618 615/615/615 617/617/617
f 520/520/520 618/618/618 617/617/617
f 619/619/619 614/614/614 615/615/615
f 618/618/618 619/619/619 615/615/615
f 618/618/618 520/520/520 620/620/620
f 520/520/520 514/514/514 620/620/620
f 619/619/619 618/618/618 621/621/621
f 618/618/618 620/620/620 621/621/621
f 620/620/620 514/514/514 622/622/622
f 514/514/514 504/504/504 622/622/622
f 621/621/621 620/620/620 623/623/623
f 620/620/620 622/622/622 623/623/623
f 624/624/624 622/622/622 504/504/504
f 498/498/498 624/624/624 504/504/504
f 624/624/624 498/498/498 491/491/491
f 622/622/622 624/624/624 625/625/625
f 623/623/623 622/622/622 625/625/625
f 624/624/624 491/491/491 626/626/626
f 625/625/625 624/624/624 626/626/626
f 626/626/626 491/491/491 483/483/483
f 626/626/626 483/483/483 485/485/485
f 625/625/625 626/626/626 627/627/627
f 627/627/627 626/626/626 485/485/485
f 623/623/623 625/625/625 628/628/628
f 628/628/628 625/625/625 627/627/627
f 621/621/621 623/623/623 629/629/629
f 629/629/629 623/623/623 628/628/628
f 628/628/628 627/627/627 630/630/630
f 630/630/630 627/627/627 485/485/485
f 631/631/631 621/621/621 629/629/629
f 619/619/619 621/621/621 631/631/631
f 629/629/629 628/628/628 632/632/632
f 632/632/632 628/628/628 630/630/630
f 633/633/633 619/619/619 631/631/631
f 619/619/619 633/633/633 614/614/614
f 629/629/629 634/634/634 631/631/631
f 634/634/634 629/629/629 632/632/632
f 633/633/633 635/635/635 614/614/614
f 613/613/613 614/614/614 635/635/635
f 631/631/631 636/636/636 633/633/633
f 634/634/634 636/636/636 631/631/631
f 635/635/635 633/633/633 637/637/637
f 636/636/636 637/637/637 633/633/633
f 613/613/613 635/635/635 638/638/638
f 638/638/638 635/635/635 637/637/637
f 632/632/632 639/639/639 634/634/634
f 634/634/634 640/640/640 636/636/636
f 639/639/639 640/640/640 634/634/634
f 636/636/636 641/641/641 637/637/637
f 640/640/640 641/641/641 636/636/636
f 637/637/637 642/642/642 638/638/638
f 641/641/641 642/642/642 637/637/637
f 643/643/643 639/639/639 632/632/632
f 630/630/630 643/643/643 632/632/632
f 639/639/639 644/644/644 640/640/640
f 640/640/640 645/645/645 641/641/641
f 644/644/644 645/645/645 640/640/640
f 641/641/641 646/646/646 642/642/642
f 645/645/645 646/646/646 641/641/641
f 643/643/643 647/647/647 639/639/639
f 647/647/647 644/644/644 639/639/639
f 642/642/642 648/648/648 638/638/638
f 646/646/646 649/649/649 642/642/642
f 642/642/642 649/649/649 648/648/648
f 638/638/638 648/648/648 650/650/650
f 650/650/650 613/613/613 638/638/638
f 651/651/651 643/643/643 630/630/630
f 652/652/652 647/647/647 643/643/643
f 651/651/651 652/652/652 643/643/643
f 653/653/653 651/651/651 630/630/630
f 653/653/653 630/630/630 485/485/485
f 485/485/485 654/654/654 653/653/653
f 654/654/654 485/485/485 486/486/486
f 654/654/654 486/486/486 655/655/655
f 486/486/486 656/656/656 655/655/655
f 657/657/657 655/655/655 656/656/656
f 658/658/658 657/657/657 656/656/656
f 657/657/657 658/658/658 659/659/659
f 660/660/660 657/657/657 659/659/659
f 660/660/660 661/661/661 657/657/657
f 661/661/661 662/662/662 657/657/657
f 657/657/657 662/662/662 655/655/655
f 661/661/661 663/663/663 662/662/662
f 654/654/654 655/655/655 664/664/664
f 662/662/662 664/664/664 655/655/655
f 663/663/663 665/665/665 662/662/662
f 662/662/662 665/665/665 664/664/664
f 663/663/663 666/666/666 665/665/665
f 654/654/654 667/667/667 653/653/653
f 667/667/667 654/654/654 664/664/664
f 665/665/665 668/668/668 664/664/664
f 664/664/664 668/668/668 667/667/667
f 666/666/666 669/669/669 665/665/665
f 665/665/665 669/669/669 668/668/668
f 666/666/666 670/670/670 669/669/669
f 667/667/667 671/671/671 653/653/653
f 668/668/668 671/671/671 667/667/667
f 671/671/671 651/651/651 653/653/653
f 669/669/669 672/672/672 668/668/668
f 668/668/668 672/672/672 671/671/671
f 671/671/671 673/673/673 651/651/651
f 672/672/672 673/673/673 671/671/671
f 673/673/673 652/652/652 651/651/651
f 670/670/670 674/674/674 669/669/669
f 669/669/669 674/674/674 672/672/672
f 672/672/672 675/675/675 673/673/673
f 674/674/674 675/675/675 672/672/672
f 673/673/673 676/676/676 652/652/652
f 675/675/675 676/676/676 673/673/673
f 670/670/670 677/677/677 674/674/674
f 677/677/677 670/670/670 678/678/678
f 677/677/677 678/678/678 679/679/679
f 680/680/680 677/677/677 679/679/679
f 681/681/681 677/677/677 680/680/680
f 677/677/677 681/681/681 674/674/674
f 682/682/682 681/681/681 680/680/680
f 683/683/683 674/674/674 681/681/681
f 683/683/683 681/681/681 682/682/682
f 683/683/683 675/675/675 674/674/674
f 684/684/684 683/683/683 682/682/682
f 685/685/685 675/675/675 683/683/683
f 685/685/685 683/683/683 684/684/684
f 685/685/685 676/676/676 675/675/675
f 686/686/686 685/685/685 684/684/684
f 676/676/676 687/687/687 652/652/652
f 652/652/652 687/687/687 647/647/647
f 676/676/676 685/685/685 688/688/688
f 687/687/687 676/676/676 688/688/688
f 689/689/689 685/685/685 686/686/686
f 685/685/685 689/689/689 688/688/688
f 690/690/690 689/689/689 686/686/686
f 691/691/691 688/688/688 689/689/689
f 691/691/691 689/689/689 690/690/690
f 691/691/691 687/687/687 688/688/688
f 692/692/692 691/691/691 690/690/690
f 687/687/687 693/693/693 647/647/647
f 693/693/693 687/687/687 691/691/691
f 647/647/647 693/693/693 644/644/644
f 694/694/694 691/691/691 692/692/692
f 694/694/694 693/693/693 691/691/691
f 695/695/695 694/694/694 692/692/692
f 693/693/693 696/696/696 644/644/644
f 696/696/696 693/693/693 694/694/694
f 644/644/644 696/696/696 645/645/645
f 697/697/697 694/694/694 695/695/695
f 697/697/697 696/696/696 694/694/694
f 698/698/698 697/697/697 695/695/695
f 699/699/699 697/697/697 698/698/698
f 699/699/699 696/696/696 697/697/697
f 700/700/700 699/699/699 698/698/698
f 696/696/696 701/701/701 645/645/645
f 699/699/699 701/701/701 696/696/696
f 645/645/645 701/701/701 646/646/646
f 702/702/702 699/699/699 700/700/700
f 703/703/703 702/702/702 700/700/700
f 704/704/704 701/701/701 699/699/699
f 704/704/704 699/699/699 702/702/702
f 705/705/705 702/702/702 703/703/703
f 706/706/706 705/705/705 703/703/703
f 704/704/704 702/702/702 707/707/707
f 701/701/701 704/704/704 707/707/707
f 702/702/702 705/705/705 707/707/707
f 705/705/705 706/706/706 708/708/708
f 707/707/707 705/705/705 708/708/708
f 706/706/706 709/709/709 708/708/708
f 708/708/708 709/709/709 710/710/710
f 710/710/710 707/707/707 708/708/708
f 709/709/709 711/711/711 710/710/710
f 701/701/701 707/707/707 712/712/712
f 701/701/701 712/712/712 646/646/646
f 710/710/710 712/712/712 707/707/707
f 713/713/713 710/710/710 711/711/711
f 710/710/710 713/713/713 712/712/712
f 714/714/714 713/713/713 711/711/711
f 646/646/646 712/712/712 715/715/715
f 715/715/715 712/712/712 713/713/713
f 646/646/646 715/715/715 649/649/649
f 716/716/716 713/713/713 714/714/714
f 716/716/716 715/715/715 713/713/713
f 717/717/717 716/716/716 714/714/714
f 715/715/715 718/718/718 649/649/649
f 718/718/718 715/715/715 716/716/716
f 719/719/719 716/716/716 717/717/717
f 719/719/719 718/718/718 716/716/716
f 720/720/720 719/719/719 717/717/717
f 721/721/721 719/719/719 720/720/720
f 722/722/722 721/721/721 720/720/720
f 721/721/721 723/723/723 719/719/719
f 723/723/723 718/718/718 719/719/719
f 724/724/724 721/721/721 722/722/722
f 723/723/723 721/721/721 724/724/724
f 725/725/725 724/724/724 722/722/722
f 724/724/724 725/725/725 726/726/726
f 649/649/649 718/718/718 727/727/727
f 649/649/649 727/727/727 648/648/648
f 728/728/728 724/724/724 726/726/726
f 723/723/723 724/724/724 728/728/728
f 729/729/729 718/718/718 723/723/723
f 718/718/718 729/729/729 727/727/727
f 648/648/648 727/727/727 730/730/730
f 648/648/648 730/730/730 650/650/650
f 728/728/728 726/726/726 731/731/731
f 726/726/726 732/732/732 731/731/731
f 731/731/731 732/732/732 733/733/733
f 728/728/728 731/731/731 733/733/733
f 732/732/732 734/734/734 733/733/733
f 735/735/735 723/723/723 728/728/728
f 735/735/735 728/728/728 733/733/733
f 735/735/735 729/729/729 723/723/723
f 736/736/736 733/733/733 734/734/734
f 735/735/735 733/733/733 736/736/736
f 737/737/737 736/736/736 734/734/734
f 735/735/735 736/736/736 738/738/738
f 738/738/738 736/736/736 737/737/737
f 729/729/729 735/735/735 738/738/738
f 739/739/739 738/738/738 737/737/737
f 740/740/740 738/738/738 739/739/739
f 741/741/741 740/740/740 739/739/739
f 742/742/742 729/729/729 738/738/738
f 738/738/738 740/740/740 742/742/742
f 743/743/743 740/740/740 741/741/741
f 744/744/744 743/743/743 741/741/741
f 740/740/740 743/743/743 745/745/745
f 742/742/742 740/740/740 745/745/745
f 746/746/746 743/743/743 744/744/744
f 745/745/745 743/743/743 746/746/746
f 747/747/747 746/746/746 744/744/744
f 729/729/729 742/742/742 748/748/748
f 727/727/727 729/729/729 748/748/748
f 727/727/727 748/748/748 730/730/730
f 749/749/749 746/746/746 747/747/747
f 750/750/750 749/749/749 747/747/747
f 749/749/749 751/751/751 746/746/746
f 751/751/751 745/745/745 746/746/746
f 749/749/749 752/752/752 751/751/751
f 751/751/751 752/752/752 753/753/753
f 754/754/754 751/751/751 753/753/753
f 745/745/745 751/751/751 754/754/754
f 754/754/754 753/753/753 755/755/755
f 742/742/742 745/745/745 756/756/756
f 748/748/748 742/742/742 756/756/756
f 756/756/756 745/745/745 754/754/754
f 757/757/757 754/754/754 755/755/755
f 756/756/756 754/754/754 757/757/757
f 757/757/757 755/755/755 758/758/758
f 748/748/748 756/756/756 759/759/759
f 759/759/759 756/756/756 757/757/757
f 730/730/730 748/748/748 759/759/759
f 760/760/760 757/757/757 758/758/758
f 759/759/759 757/757/757 760/760/760
f 730/730/730 759/759/759 761/761/761
f 761/761/761 759/759/759 760/760/760
f 650/650/650 730/730/730 761/761/761
f 650/650/650 761/761/761 762/762/762
f 762/762/762 761/761/761 760/760/760
f 613/613/613 650/650/650 762/762/762
f 760/760/760 758/758/758 763/763/763
f 763/763/763 762/762/762 760/760/760
f 758/758/758 764/764/764 763/763/763
f 764/764/764 765/765/765 763/763/763
f 765/765/765 766/766/766 763/763/763
f 763/763/763 766/766/766 762/762/762
f 766/766/766 765/765/765 767/767/767
f 762/762/762 768/768/768 613/613/613
f 766/766/766 768/768/768 762/762/762
f 768/768/768 611/611/611 613/613/613
f 769/769/769 766/766/766 767/767/767
f 768/768/768 766/766/766 769/769/769
f 611/611/611 768/768/768 770/770/770
f 770/770/770 768/768/768 769/769/769
f 608/608/608 611/611/611 770/770/770
f 770/770/770 771/771/771 608/608/608
f 771/771/771 770/770/770 769/769/769
f 771/771/771 616/616/616 608/608/608
f 769/769/769 767/767/767 772/772/772
f 772/772/772 771/771/771 769/769/769
f 767/767/767 773/773/773 772/772/772
f 773/773/773 774/774/774 772/772/772
f 774/774/774 775/775/775 772/772/772
f 772/772/772 775/775/775 771/771/771
f 774/774/774 776/776/776 775/775/775
f 771/771/771 777/777/777 616/616/616
f 775/775/775 777/777/777 771/771/771
f 776/776/776 778/778/778 775/775/775
f 775/775/775 778/778/778 777/777/777
f 776/776/776 779/779/779 778/778/778
f 777/777/777 780/780/780 616/616/616
f 616/616/616 780/780/780 607/607/607
f 778/778/778 781/781/781 777/777/777
f 777/777/777 781/781/781 780/780/780
f 779/779/779 782/782/782 778/778/778
f 778/778/778 782/782/782 781/781/781
f 782/782/782 779/779/779 783/783/783
f 780/780/780 784/784/784 607/607/607
f 607/607/607 784/784/784 594/594/594
f 781/781/781 785/785/785 780/780/780
f 780/780/780 785/785/785 784/784/784
f 784/784/784 786/786/786 594/594/594
f 594/594/594 786/786/786 589/589/589
f 787/787/787 782/782/782 783/783/783
f 787/787/787 783/783/783 788/788/788
f 789/789/789 787/787/787 788/788/788
f 790/790/790 787/787/787 789/789/789
f 787/787/787 790/790/790 782/782/782
f 791/791/791 790/790/790 789/789/789
f 782/782/782 792/792/792 781/781/781
f 790/790/790 792/792/792 782/782/782
f 781/781/781 792/792/792 785/785/785
f 793/793/793 790/790/790 791/791/791
f 792/792/792 790/790/790 793/793/793
f 794/794/794 793/793/793 791/791/791
f 785/785/785 795/795/795 784/784/784
f 784/784/784 795/795/795 786/786/786
f 792/792/792 796/796/796 785/785/785
f 792/792/792 793/793/793 796/796/796
f 785/785/785 796/796/796 795/795/795
f 797/797/797 793/793/793 794/794/794
f 796/796/796 793/793/793 797/797/797
f 798/798/798 797/797/797 794/794/794
f 796/796/796 799/799/799 795/795/795
f 797/797/797 799/799/799 796/796/796
f 795/795/795 800/800/800 786/786/786
f 795/795/795 799/799/799 800/800/800
f 801/801/801 797/797/797 798/798/798
f 802/802/802 801/801/801 798/798/798
f 797/797/797 801/801/801 803/803/803
f 797/797/797 803/803/803 799/799/799
f 804/804/804 801/801/801 802/802/802
f 801/801/801 804/804/804 803/803/803
f 805/805/805 804/804/804 802/802/802
f 804/804/804 805/805/805 806/806/806
f 805/805/805 807/807/807 806/806/806
f 806/806/806 807/807/807 808/808/808
f 804/804/804 806/806/806 809/809/809
f 803/803/803 804/804/804 809/809/809
f 809/809/809 806/806/806 808/808/808
f 803/803/803 810/810/810 799/799/799
f 803/803/803 809/809/809 810/810/810
f 809/809/809 808/808/808 811/811/811
f 809/809/809 811/811/811 810/810/810
f 808/808/808 812/812/812 811/811/811
f 813/813/813 811/811/811 812/812/812
f 811/811/811 813/813/813 810/810/810
f 814/814/814 813/813/813 812/812/812
f 810/810/810 815/815/815 799/799/799
f 815/815/815 810/810/810 813/813/813
f 799/799/799 815/815/815 800/800/800
f 816/816/816 813/813/813 814/814/814
f 816/816/816 815/815/815 813/813/813
f 817/817/817 816/816/816 814/814/814
f 818/818/818 815/815/815 816/816/816
f 800/800/800 815/815/815 818/818/818
f 819/819/819 816/816/816 817/817/817
f 819/819/819 818/818/818 816/816/816
f 820/820/820 818/818/818 819/819/819
f 821/821/821 819/819/819 817/817/817
f 822/822/822 819/819/819 821/821/821
f 822/822/822 820/820/820 819/819/819
f 823/823/823 822/822/822 821/821/821
f 824/824/824 822/822/822 823/823/823
f 824/824/824 820/820/820 822/822/822
f 825/825/825 824/824/824 823/823/823
f 800/800/800 818/818/818 826/826/826
f 818/818/818 820/820/820 826/826/826
f 824/824/824 825/825/825 827/827/827
f 825/825/825 828/828/828 827/827/827
f 824/824/824 827/827/827 829/829/829
f 824/824/824 829/829/829 820/820/820
f 827/827/827 828/828/828 830/830/830
f 827/827/827 830/830/830 829/829/829
f 828/828/828 831/831/831 830/830/830
f 832/832/832 830/830/830 831/831/831
f 833/833/833 832/832/832 831/831/831
f 829/829/829 830/830/830 834/834/834
f 830/830/830 832/832/832 834/834/834
f 835/835/835 832/832/832 833/833/833
f 834/834/834 832/832/832 835/835/835
f 836/836/836 835/835/835 833/833/833
f 829/829/829 834/834/834 837/837/837
f 820/820/820 829/829/829 837/837/837
f 834/834/834 835/835/835 837/837/837
f 838/838/838 835/835/835 836/836/836
f 839/839/839 838/838/838 836/836/836
f 820/820/820 837/837/837 840/840/840
f 826/826/826 820/820/820 840/840/840
f 841/841/841 837/837/837 835/835/835
f 838/838/838 841/841/841 835/835/835
f 842/842/842 838/838/838 839/839/839
f 843/843/843 842/842/842 839/839/839
f 840/840/840 837/837/837 844/844/844
f 837/837/837 841/841/841 844/844/844
f 845/845/845 841/841/841 838/838/838
f 842/842/842 845/845/845 838/838/838
f 846/846/846 842/842/842 843/843/843
f 847/847/847 846/846/846 843/843/843
f 844/844/844 841/841/841 848/848/848
f 841/841/841 845/845/845 848/848/848
f 849/849/849 845/845/845 842/842/842
f 846/846/846 849/849/849 842/842/842
f 850/850/850 846/846/846 847/847/847
f 851/851/851 850/850/850 847/847/847
f 850/850/850 852/852/852 846/846/846
f 852/852/852 849/849/849 846/846/846
f 853/853/853 850/850/850 851/851/851
f 852/852/852 850/850/850 853/853/853
f 854/854/854 853/853/853 851/851/851
f 848/848/848 845/845/845 855/855/855
f 845/845/845 849/849/849 855/855/855
f 852/852/852 856/856/856 849/849/849
f 852/852/852 853/853/853 856/856/856
f 857/857/857 853/853/853 854/854/854
f 858/858/858 857/857/857 854/854/854
f 855/855/855 849/849/849 859/859/859
f 849/849/849 856/856/856 859/859/859
f 860/860/860 856/856/856 853/853/853
f 857/857/857 860/860/860 853/853/853
f 861/861/861 857/857/857 858/858/858
f 862/862/862 861/861/861 858/858/858
f 861/861/861 863/863/863 857/857/857
f 863/863/863 860/860/860 857/857/857
f 864/864/864 861/861/861 862/862/862
f 863/863/863 861/861/861 864/864/864
f 865/865/865 864/864/864 862/862/862
f 866/866/866 864/864/864 865/865/865
f 867/867/867 866/866/866 865/865/865
f 866/866/866 868/868/868 864/864/864
f 863/863/863 864/864/864 868/868/868
f 863/863/863 868/868/868 869/869/869
f 870/870/870 863/863/863 869/869/869
f 860/860/860 863/863/863 870/870/870
f 870/870/870 869/869/869 871/871/871
f 856/856/856 860/860/860 872/872/872
f 872/872/872 860/860/860 870/870/870
f 859/859/859 856/856/856 872/872/872
f 873/873/873 870/870/870 871/871/871
f 872/872/872 870/870/870 873/873/873
f 873/873/873 871/871/871 874/874/874
f 859/859/859 872/872/872 875/875/875
f 875/875/875 872/872/872 873/873/873
f 876/876/876 873/873/873 874/874/874
f 875/875/875 873/873/873 876/876/876
f 876/876/876 874/874/874 877/877/877
f 878/878/878 859/859/859 875/875/875
f 855/855/855 859/859/859 878/878/878
f 879/879/879 875/875/875 876/876/876
f 878/878/878 875/875/875 879/879/879
f 880/880/880 876/876/876 877/877/877
f 879/879/879 876/876/876 880/880/880
f 583/583/583 880/880/880 877/877/877
f 881/881/881 583/583/583 877/877/877
f 582/582/582 880/880/880 583/583/583
f 582/582/582 879/879/879 880/880/880
f 879/879/879 582/582/582 592/592/592
f 592/592/592 878/878/878 879/879/879
f 882/882/882 855/855/855 878/878/878
f 882/882/882 878/878/878 592/592/592
f 848/848/848 855/855/855 882/882/882
f 591/591/591 882/882/882 592/592/592
f 883/883/883 848/848/848 882/882/882
f 883/883/883 882/882/882 591/591/591
f 844/844/844 848/848/848 883/883/883
f 590/590/590 883/883/883 591/591/591
f 884/884/884 844/844/844 883/883/883
f 884/884/884 883/883/883 590/590/590
f 840/840/840 844/844/844 884/884/884
f 587/587/587 884/884/884 590/590/590
f 885/885/885 840/840/840 884/884/884
f 885/885/885 884/884/884 587/587/587
f 826/826/826 840/840/840 885/885/885
f 588/588/588 885/885/885 587/587/587
f 886/886/886 826/826/826 885/885/885
f 886/886/886 885/885/885 588/588/588
f 800/800/800 826/826/826 886/886/886
f 589/589/589 886/886/886 588/588/588
f 786/786/786 800/800/800 886/886/886
f 786/786/786 886/886/886 589/589/589
f 889/889/889 888/888/888 887/887/887
f 890/890/890 888/888/888 889/889/889
f 889/889/889 891/891/891 890/890/890
f 890/890/890 892/892/892 888/888/888
f 890/890/890 893/893/893 892/892/892
f 892/892/892 894/894/894 888/888/888
f 892/892/892 893/893/893 895/895/895
f 893/893/893 896/896/896 895/895/895
f 897/897/897 888/888/888 894/894/894
f 897/897/897 894/894/894 898/898/898
f 896/896/896 899/899/899 895/895/895
f 900/900/900 898/898/898 894/894/894
f 901/901/901 895/895/895 899/899/899
f 902/902/902 900/900/900 894/894/894
f 903/903/903 901/901/901 899/899/899
f 903/903/903 899/899/899 904/904/904
f 903/903/903 904/904/904 905/905/905
f 901/901/901 903/903/903 906/906/906
f 907/907/907 900/900/900 902/902/902
f 907/907/907 908/908/908 900/900/900
f 902/902/902 909/909/909 907/907/907
f 903/903/903 910/910/910 906/906/906
f 903/903/903 911/911/911 910/910/910
f 911/911/911 912/912/912 910/910/910
f 906/906/906 910/910/910 913/913/913
f 910/910/910 914/914/914 913/913/913
f 914/914/914 915/915/915 913/913/913
f 914/914/914 916/916/916 915/915/915
f 917/917/917 913/913/913 915/915/915
f 918/918/918 917/917/917 915/915/915
f 917/917/917 918/918/918 909/909/909
f 918/918/918 919/919/919 909/909/909
f 909/909/909 919/919/919 907/907/907
f 908/908/908 907/907/907 920/920/920
f 920/920/920 907/907/907 921/921/921
f 920/920/920 922/922/922 908/908/908
f 925/925/925 924/924/924 923/923/923
f 925/925/925 923/923/923 926/926/926
f 927/927/927 926/926/926 923/923/923
f 926/926/926 928/928/928 925/925/925
f 926/926/926 929/929/929 928/928/928
f 926/926/926 930/930/930 929/929/929
f 926/926/926 931/931/931 930/930/930
f 930/930/930 931/931/931 932/932/932
f 931/931/931 933/933/933 932/932/932
f 934/934/934 928/928/928 929/929/929
f 935/935/935 932/932/932 933/933/933
f 936/936/936 928/928/928 934/934/934
f 936/936/936 934/934/934 937/937/937
f 938/938/938 937/937/937 934/934/934
f 939/939/939 935/935/935 933/933/933
f 938/938/938 934/934/934 940/940/940
f 941/941/941 935/935/935 939/939/939
f 941/941/941 939/939/939 942/942/942
f 935/935/935 941/941/941 943/943/943
f 941/941/941 944/944/944 943/943/943
f 944/944/944 945/945/945 943/943/943
f 943/943/943 945/945/945 946/946/946
f 946/946/946 945/945/945 947/947/947
f 944/944/944 948/948/948 945/945/945
f 948/948/948 944/944/944 949/949/949
f 945/945/945 950/950/950 947/947/947
f 945/945/945 951/951/951 950/950/950
f 945/945/945 952/952/952 951/951/951
f 950/950/950 953/953/953 947/947/947
f 947/947/947 953/953/953 940/940/940
f 953/953/953 954/954/954 940/940/940
f 954/954/954 955/955/955 940/940/940
f 955/955/955 938/938/938 940/940/940
f 955/955/955 956/956/956 938/938/938
f 956/956/956 957/957/957 938/938/938
f 956/956/956 955/955/955 958/958/958
f 961/961/961 960/960/960 959/959/959
f 960/960/960 962/962/962 959/959/959
f 959/959/959 962/962/962 963/963/963
f 962/962/962 964/964/964 963/963/963
f 963/963/963 964/964/964 965/965/965
f 964/964/964 966/966/966 965/965/965
f 965/965/965 966/966/966 967/967/967
f 966/966/966 968/968/968 967/967/967
f 967/967/967 968/968/968 969/969/969
f 968/968/968 970/970/970 969/969/969
f 969/969/969 970/970/970 971/971/971
f 970/970/970 972/972/972 971/971/971
f 971/971/971 972/972/972 973/973/973
f 972/972/972 974/974/974 973/973/973
f 973/973/973 974/974/974 975/975/975
f 974/974/974 976/976/976 975/975/975
f 975/975/975 976/976/976 977/977/977
f 976/976/976 978/978/978 977/977/977
f 977/977/977 978/978/978 979/979/979
f 978/978/978 980/980/980 979/979/979
f 979/979/979 980/980/980 981/981/981
f 980/980/980 982/982/982 981/981/981
f 981/981/981 982/982/982 983/983/983
f 982/982/982 984/984/984 983/983/983
f 983/983/983 984/984/984 985/985/985
f 984/984/984 986/986/986 985/985/985
f 985/985/985 986/986/986 987/987/987
f 986/986/986 988/988/988 987/987/987
f 987/987/987 988/988/988 989/989/989
f 988/988/988 990/990/990 989/989/989
f 989/989/989 990/990/990 991/991/991
f 990/990/990 992/992/992 991/991/991
f 991/991/991 992/992/992 993/993/993
f 992/992/992 994/994/994 993/993/993
f 993/993/993 994/994/994 995/995/995
f 994/994/994 996/996/996 995/995/995
f 999/999/999 998/998/998 997/997/997
f 1000/1000/1000 998/998/998 999/999/999
f 1001/1001/1001 998/998/998 1000/1000/1000
f 1002/1002/1002 998/998/998 1001/1001/1001
f 1003/1003/1003 998/998/998 1002/1002/1002
f 1004/1004/1004 998/998/998 1003/1003/1003
f 1005/1005/1005 998/998/998 1004/1004/1004
f 1006/1006/1006 998/998/998 1005/1005/1005
f 1007/1007/1007 998/998/998 1006/1006/1006
f 1008/1008/1008 998/998/998 1007/1007/1007
f 1009/1009/1009 998/998/998 1008/1008/1008
f 1010/1010/1010 998/998/998 1009/1009/1009
f 1011/1011/1011 998/998/998 1010/1010/1010
f 1012/1012/1012 998/998/998 1011/1011/1011
f 1015/1015/1015 1014/1014/1014 1013/1013/1013
f 1016/1016/1016 1015/1015/1015 1013/1013/1013
f 1017/1017/1017 1015/1015/1015 1016/1016/1016
f 1016/1016/1016 1013/1013/1013 1018/1018/1018
f 1013/1013/1013 1019/1019/1019 1018/1018/1018
f 1016/1016/1016 1018/1018/1018 1020/1020/1020
f 1021/1021/1021 1017/1017/1017 1016/1016/1016
f 1021/1021/1021 1016/1016/1016 1020/1020/1020
f 1021/1021/1021 1020/1020/1020 1022/1022/1022
f 1023/1023/1023 1017/1017/1017 1021/1021/1021
f 1024/1024/1024 1021/1021/1021 1022/1022/1022
f 1025/1025/1025 1023/1023/1023 1021/1021/1021
f 1021/1021/1021 1024/1024/1024 1025/1025/1025
f 1026/1026/1026 1023/1023/1023 1025/1025/1025
f 1025/1025/1025 1024/1024/1024 1027/1027/1027
f 1027/1027/1027 1026/1026/1026 1025/1025/1025
f 1024/1024/1024 1028/1028/1028 1027/1027/1027
f 1027/1027/1027 1028/1028/1028 1029/1029/1029
f 1030/1030/1030 1026/1026/1026 1027/1027/1027
f 1029/1029/1029 1030/1030/1030 1027/1027/1027
f 1029/1029/1029 1028/1028/1028 1031/1031/1031
f 1029/1029/1029 1031/1031/1031 1032/1032/1032
f 1033/1033/1033 1030/1030/1030 1029/1029/1029
f 1029/1029/1029 1032/1032/1032 1034/1034/1034
f 1035/1035/1035 1033/1033/1033 1029/1029/1029
f 1035/1035/1035 1029/1029/1029 1034/1034/1034
f 1036/1036/1036 1033/1033/1033 1035/1035/1035
f 1035/1035/1035 1034/1034/1034 1037/1037/1037
f 1038/1038/1038 1036/1036/1036 1035/1035/1035
f 1038/1038/1038 1035/1035/1035 1037/1037/1037
f 1039/1039/1039 1036/1036/1036 1038/1038/1038
f 1038/1038/1038 1037/1037/1037 1040/1040/1040
f 1041/1041/1041 1039/1039/1039 1038/1038/1038
f 1041/1041/1041 1038/1038/1038 1040/1040/1040
f 1042/1042/1042 1039/1039/1039 1041/1041/1041
f 1041/1041/1041 1040/1040/1040 1043/1043/1043
f 1044/1044/1044 1042/1042/1042 1041/1041/1041
f 1044/1044/1044 1041/1041/1041 1043/1043/1043
f 1045/1045/1045 1042/1042/1042 1044/1044/1044
f 1044/1044/1044 1043/1043/1043 1046/1046/1046
f 1047/1047/1047 1045/1045/1045 1044/1044/1044
f 1047/1047/1047 1044/1044/1044 1046/1046/1046
f 1047/1047/1047 1046/1046/1046 1048/1048/1048
f 1049/1049/1049 1045/1045/1045 1047/1047/1047
f 1050/1050/1050 1047/1047/1047 1048/1048/1048
f 1051/1051/1051 1049/1049/1049 1047/1047/1047
f 1047/1047/1047 1050/1050/1050 1051/1051/1051
f 1052/1052/1052 1049/1049/1049 1051/1051/1051
f 1051/1051/1051 1050/1050/1050 1053/1053/1053
f 1053/1053/1053 1052/1052/1052 1051/1051/1051
f 1050/1050/1050 1054/1054/1054 1053/1053/1053
f 1053/1053/1053 1054/1054/1054 1055/1055/1055
f 1056/1056/1056 1052/1052/1052 1053/1053/1053
f 1055/1055/1055 1056/1056/1056 1053/1053/1053
f 1055/1055/1055 1054/1054/1054 1057/1057/1057
f 1055/1055/1055 1057/1057/1057 1058/1058/1058
f 1059/1059/1059 1056/1056/1056 1055/1055/1055
f 1055/1055/1055 1058/1058/1058 1060/1060/1060
f 1061/1061/1061 1059/1059/1059 1055/1055/1055
f 1061/1061/1061 1055/1055/1055 1060/1060/1060
f 1062/1062/1062 1059/1059/1059 1061/1061/1061
f 1061/1061/1061 1060/1060/1060 1063/1063/1063
f 1064/1064/1064 1062/1062/1062 1061/1061/1061
f 1064/1064/1064 1061/1061/1061 1063/1063/1063
f 1065/1065/1065 1062/1062/1062 1064/1064/1064
f 1064/1064/1064 1063/1063/1063 1066/1066/1066
f 1067/1067/1067 1065/1065/1065 1064/1064/1064
f 1067/1067/1067 1064/1064/1064 1066/1066/1066
f 1070/1070/1070 1069/1069/1069 1068/1068/1068
f 1071/1071/1071 1070/1070/1070 1068/1068/1068
f 1072/1072/1072 1071/1071/1071 1068/1068/1068
f 1073/1073/1073 1072/1072/1072 1068/1068/1068
f 1073/1073/1073 1068/1068/1068 1074/1074/1074
f 1075/1075/1075 1073/1073/1073 1074/1074/1074
f 1074/1074/1074 1076/1076/1076 1075/1075/1075
f 1076/1076/1076 1077/1077/1077 1075/1075/1075
f 1077/1077/1077 1076/1076/1076 1078/1078/1078
f 1076/1076/1076 1079/1079/1079 1078/1078/1078
f 1078/1078/1078 1079/1079/1079 1080/1080/1080
f 1081/1081/1081 1078/1078/1078 1080/1080/1080
f 1082/1082/1082 1081/1081/1081 1080/1080/1080
f 1083/1083/1083 1082/1082/1082 1080/1080/1080
f 1083/1083/1083 1084/1084/1084 1082/1082/1082
f 1084/1084/1084 1083/1083/1083 1085/1085/1085
f 1083/1083/1083 1086/1086/1086 1085/1085/1085
f 1083/1083/1083 1087/1087/1087 1086/1086/1086
f 1090/1090/1090 1089/1089/1089 1088/1088/1088
f 1089/1089/1089 1091/1091/1091 1088/1088/1088
f 1092/1092/1092 1088/1088/1088 1091/1091/1091
f 1089/1089/1089 1093/1093/1093 1091/1091/1091
f 1094/1094/1094 1092/1092/1092 1091/1091/1091
f 1093/1093/1093 1095/1095/1095 1091/1091/1091
f 1095/1095/1095 1094/1094/1094 1091/1091/1091
f 1093/1093/1093 1096/1096/1096 1095/1095/1095
f 1095/1095/1095 1097/1097/1097 1094/1094/1094
f 1096/1096/1096 1097/1097/1097 1095/1095/1095
f 1096/1096/1096 1098/1098/1098 1097/1097/1097
f 1096/1096/1096 1099/1099/1099 1098/1098/1098
f 1098/1098/1098 1099/1099/1099 1100/1100/1100
f 1098/1098/1098 1101/1101/1101 1097/1097/1097
f 1101/1101/1101 1102/1102/1102 1097/1097/1097
f 1102/1102/1102 1101/1101/1101 1103/1103/1103
f 1104/1104/1104 1098/1098/1098 1100/1100/1100
f 1098/1098/1098 1104/1104/1104 1101/1101/1101
f 1101/1101/1101 1105/1105/1105 1103/1103/1103
f 1105/1105/1105 1101/1101/1101 1104/1104/1104
f 1100/1100/1100 1106/1106/1106 1104/1104/1104
f 1106/1106/1106 1105/1105/1105 1104/1104/1104
f 1100/1100/1100 1107/1107/1107 1106/1106/1106
f 1107/1107/1107 1108/1108/1108 1106/1106/1106
f 1103/1103/1103 1105/1105/1105 1109/1109/1109
f 1109/1109/1109 1105/1105/1105 1106/1106/1106
f 1108/1108/1108 1109/1109/1109 1106/1106/1106
f 1110/1110/1110 1103/1103/1103 1109/1109/1109
f 1108/1108/1108 1110/1110/1110 1109/1109/1109
f 1108/1108/1108 1111/1111/1111 1110/1110/1110
f 1114/1114/1114 1113/1113/1113 1112/1112/1112
f 1115/1115/1115 1114/1114/1114 1112/1112/1112
f 1115/1115/1115 1112/1112/1112 1116/1116/1116
f 1115/1115/1115 1117/1117/1117 1114/1114/1114
f 1117/1117/1117 1118/1118/1118 1114/1114/1114
f 1119/1119/1119 1118/1118/1118 1117/1117/1117
f 1120/1120/1120 1115/1115/1115 1116/1116/1116
f 1117/1117/1117 1115/1115/1115 1120/1120/1120
f 1121/1121/1121 1119/1119/1119 1117/1117/1117
f 1121/1121/1121 1117/1117/1117 1120/1120/1120
f 1122/1122/1122 1120/1120/1120 1116/1116/1116
f 1122/1122/1122 1121/1121/1121 1120/1120/1120
f 1122/1122/1122 1116/1116/1116 1123/1123/1123
f 1123/1123/1123 1124/1124/1124 1122/1122/1122
f 1119/1119/1119 1121/1121/1121 1125/1125/1125
f 1121/1121/1121 1122/1122/1122 1125/1125/1125
f 1124/1124/1124 1125/1125/1125 1122/1122/1122
f 1125/1125/1125 1124/1124/1124 1126/1126/1126
f 1127/1127/1127 1119/1119/1119 1125/1125/1125
f 1127/1127/1127 1125/1125/1125 1126/1126/1126
f 1127/1127/1127 1126/1126/1126 1128/1128/1128
f 1129/1129/1129 1127/1127/1127 1128/1128/1128
f 1130/1130/1130 1127/1127/1127 1129/1129/1129
f 1130/1130/1130 1129/1129/1129 1131/1131/1131
f 1132/1132/1132 1129/1129/1129 1128/1128/1128
f 1129/1129/1129 1132/1132/1132 1131/1131/1131
f 1132/1132/1132 1128/1128/1128 1133/1133/1133
f 1132/1132/1132 1134/1134/1134 1131/1131/1131
f 1132/1132/1132 1133/1133/1133 1135/1135/1135
f 1134/1134/1134 1132/1132/1132 1135/1135/1135
f 1138/1138/1138 1137/1137/1137 1136/1136/1136
f 1139/1139/1139 1138/1138/1138 1136/1136/1136
f 1140/1140/1140 1139/1139/1139 1136/1136/1136
f 1139/1139/1139 1141/1141/1141 1138/1138/1138
f 1139/1139/1139 1140/1140/1140 1142/1142/1142
f 1141/1141/1141 1139/1139/1139 1143/1143/1143
f 1143/1143/1143 1139/1139/1139 1142/1142/1142
f 1144/1144/1144 1141/1141/1141 1143/1143/1143
f 1145/1145/1145 1143/1143/1143 1142/1142/1142
f 1145/1145/1145 1144/1144/1144 1143/1143/1143
f 1144/1144/1144 1145/1145/1145 1146/1146/1146
f 1147/1147/1147 1144/1144/1144 1146/1146/1146
f 1148/1148/1148 1147/1147/1147 1146/1146/1146
f 1149/1149/1149 1146/1146/1146 1145/1145/1145
f 1150/1150/1150 1149/1149/1149 1145/1145/1145
f 1150/1150/1150 1151/1151/1151 1149/1149/1149
f 1152/1152/1152 1148/1148/1148 1146/1146/1146
f 1146/1146/1146 1149/1149/1149 1152/1152/1152
f 1151/1151/1151 1153/1153/1153 1149/1149/1149
f 1149/1149/1149 1153/1153/1153 1152/1152/1152
f 1152/1152/1152 1154/1154/1154 1148/1148/1148
f 1153/1153/1153 1154/1154/1154 1152/1152/1152
f 1154/1154/1154 1155/1155/1155 1148/1148/1148
f 1156/1156/1156 1155/1155/1155 1154/1154/1154
f 1157/1157/1157 1153/1153/1153 1151/1151/1151
f 1153/1153/1153 1157/1157/1157 1154/1154/1154
f 1157/1157/1157 1156/1156/1156 1154/1154/1154
f 1158/1158/1158 1157/1157/1157 1151/1151/1151
f 1159/1159/1159 1156/1156/1156 1157/1157/1157
f 1158/1158/1158 1159/1159/1159 1157/1157/1157
f 1162/1162/1162 1161/1161/1161 1160/1160/1160
f 1163/1163/1163 1162/1162/1162 1160/1160/1160
f 1163/1163/1163 1160/1160/1160 1164/1164/1164
f 1163/1163/1163 1165/1165/1165 1162/1162/1162
f 1165/1165/1165 1166/1166/1166 1162/1162/1162
f 1166/1166/1166 1165/1165/1165 1167/1167/1167
f 1168/1168/1168 1163/1163/1163 1164/1164/1164
f 1163/1163/1163 1168/1168/1168 1165/1165/1165
f 1168/1168/1168 1164/1164/1164 1169/1169/1169
f 1165/1165/1165 1170/1170/1170 1167/1167/1167
f 1165/1165/1165 1168/1168/1168 1170/1170/1170
f 1171/1171/1171 1168/1168/1168 1169/1169/1169
f 1168/1168/1168 1171/1171/1171 1170/1170/1170
f 1167/1167/1167 1170/1170/1170 1172/1172/1172
f 1172/1172/1172 1170/1170/1170 1171/1171/1171
f 1171/1171/1171 1169/1169/1169 1172/1172/1172
f 1173/1173/1173 1167/1167/1167 1172/1172/1172
f 1169/1169/1169 1174/1174/1174 1172/1172/1172
f 1175/1175/1175 1173/1173/1173 1172/1172/1172
f 1174/1174/1174 1175/1175/1175 1172/1172/1172
f 1175/1175/1175 1174/1174/1174 1176/1176/1176
f 1177/1177/1177 1175/1175/1175 1176/1176/1176
f 1176/1176/1176 1174/1174/1174 1178/1178/1178
f 1179/1179/1179 1177/1177/1177 1176/1176/1176
f 1176/1176/1176 1178/1178/1178 1180/1180/1180
f 1180/1180/1180 1179/1179/1179 1176/1176/1176
f 1178/1178/1178 1181/1181/1181 1180/1180/1180
f 1182/1182/1182 1180/1180/1180 1181/1181/1181
f 1180/1180/1180 1182/1182/1182 1179/1179/1179
f 1182/1182/1182 1183/1183/1183 1179/1179/1179
f 1186/1186/1186 1185/1185/1185 1184/1184/1184
f 1185/1185/1185 1187/1187/1187 1184/1184/1184
f 1187/1187/1187 1185/1185/1185 1188/1188/1188
f 1187/1187/1187 1189/1189/1189 1184/1184/1184
f 1189/1189/1189 1190/1190/1190 1184/1184/1184
f 1191/1191/1191 1187/1187/1187 1188/1188/1188
f 1191/1191/1191 1189/1189/1189 1187/1187/1187
f 1189/1189/1189 1192/1192/1192 1190/1190/1190
f 1192/1192/1192 1189/1189/1189 1191/1191/1191
f 1192/1192/1192 1193/1193/1193 1190/1190/1190
f 1194/1194/1194 1191/1191/1191 1188/1188/1188
f 1194/1194/1194 1192/1192/1192 1191/1191/1191
f 1195/1195/1195 1194/1194/1194 1188/1188/1188
f 1195/1195/1195 1196/1196/1196 1194/1194/1194
f 1192/1192/1192 1197/1197/1197 1193/1193/1193
f 1197/1197/1197 1192/1192/1192 1194/1194/1194
f 1196/1196/1196 1197/1197/1197 1194/1194/1194
f 1196/1196/1196 1198/1198/1198 1197/1197/1197
f 1197/1197/1197 1199/1199/1199 1193/1193/1193
f 1198/1198/1198 1199/1199/1199 1197/1197/1197
f 1199/1199/1199 1198/1198/1198 1200/1200/1200
f 1201/1201/1201 1199/1199/1199 1200/1200/1200
f 1202/1202/1202 1199/1199/1199 1201/1201/1201
f 1203/1203/1203 1202/1202/1202 1201/1201/1201
f 1204/1204/1204 1201/1201/1201 1200/1200/1200
f 1204/1204/1204 1203/1203/1203 1201/1201/1201
f 1205/1205/1205 1204/1204/1204 1200/1200/1200
f 1204/1204/1204 1206/1206/1206 1203/1203/1203
f 1205/1205/1205 1207/1207/1207 1204/1204/1204
f 1207/1207/1207 1206/1206/1206 1204/1204/1204
f 1210/1210/1210 1209/1209/1209 1208/1208/1208
f 1211/1211/1211 1210/1210/1210 1208/1208/1208
f 1210/1210/1210 1211/1211/1211 1212/1212/1212
f 1213/1213/1213 1212/1212/1212 1211/1211/1211
f 1211/1211/1211 1208/1208/1208 1214/1214/1214
f 1215/1215/1215 1211/1211/1211 1214/1214/1214
f 1215/1215/1215 1214/1214/1214 1216/1216/1216
f 1217/1217/1217 1215/1215/1215 1216/1216/1216
f 1217/1217/1217 1216/1216/1216 1218/1218/1218
f 1219/1219/1219 1217/1217/1217 1218/1218/1218
f 1219/1219/1219 1218/1218/1218 1220/1220/1220
f 1221/1221/1221 1219/1219/1219 1220/1220/1220
f 1221/1221/1221 1220/1220/1220 1222/1222/1222
f 1223/1223/1223 1221/1221/1221 1222/1222/1222
f 1223/1223/1223 1224/1224/1224 1221/1221/1221
f 1225/1225/1225 1221/1221/1221 1224/1224/1224
f 1228/1228/1228 1227/1227/1227 1226/1226/1226
f 1227/1227/1227 1229/1229/1229 1226/1226/1226
f 1229/1229/1229 1227/1227/1227 1230/1230/1230
f 1230/1230/1230 1231/1231/1231 1229/1229/1229
f 1226/1226/1226 1229/1229/1229 1232/1232/1232
f 1229/1229/1229 1233/1233/1233 1232/1232/1232
f 1232/1232/1232 1233/1233/1233 1234/1234/1234
f 1233/1233/1233 1235/1235/1235 1234/1234/1234
f 1234/1234/1234 1235/1235/1235 1236/1236/1236
f 1235/1235/1235 1237/1237/1237 1236/1236/1236
f 1236/1236/1236 1237/1237/1237 1238/1238/1238
f 1237/1237/1237 1239/1239/1239 1238/1238/1238
f 1238/1238/1238 1239/1239/1239 1240/1240/1240
f 1239/1239/1239 1241/1241/1241 1240/1240/1240
f 1242/1242/1242 1241/1241/1241 1239/1239/1239
f 1239/1239/1239 1243/1243/1243 1242/1242/1242
f 1246/1246/1246 1245/1245/1245 1244/1244/1244
f 1247/1247/1247 1246/1246/1246 1244/1244/1244
f 1248/1248/1248 1246/1246/1246 1247/1247/1247
f 1249/1249/1249 1248/1248/1248 1247/1247/1247
f 1250/1250/1250 1248/1248/1248 1249/1249/1249
f 1251/1251/1251 1250/1250/1250 1249/1249/1249
f 1252/1252/1252 1250/1250/1250 1251/1251/1251
f 1253/1253/1253 1252/1252/1252 1251/1251/1251
f 1254/1254/1254 1252/1252/1252 1253/1253/1253
f 1255/1255/1255 1254/1254/1254 1253/1253/1253
f 1256/1256/1256 1254/1254/1254 1255/1255/1255
f 1257/1257/1257 1256/1256/1256 1255/1255/1255
f 1258/1258/1258 1256/1256/1256 1257/1257/1257
f 1259/1259/1259 1258/1258/1258 1257/1257/1257
f 1260/1260/1260 1258/1258/1258 1259/1259/1259
f 1261/1261/1261 1260/1260/1260 1259/1259/1259
f 1262/1262/1262 1260/1260/1260 1261/1261/1261
f 1263/1263/1263 1262/1262/1262 1261/1261/1261
f 1264/1264/1264 1262/1262/1262 1263/1263/1263
f 1265/1265/1265 1264/1264/1264 1263/1263/1263
f 1268/1268/1268 1267/1267/1267 1266/1266/1266
f 1269/1269/1269 1268/1268/1268 1266/1266/1266
f 1270/1270/1270 1268/1268/1268 1269/1269/1269
f 1271/1271/1271 1270/1270/1270 1269/1269/1269
f 1272/1272/1272 1270/1270/1270 1271/1271/1271
f 1273/1273/1273 1272/1272/1272 1271/1271/1271
f 1274/1274/1274 1272/1272/1272 1273/1273/1273
f 1275/1275/1275 1274/1274/1274 1273/1273/1273
f 1276/1276/1276 1274/1274/1274 1275/1275/1275
f 1277/1277/1277 1276/1276/1276 1275/1275/1275
f 1278/1278/1278 1276/1276/1276 1277/1277/1277
f 1279/1279/1279 1278/1278/1278 1277/1277/1277
f 1280/1280/1280 1278/1278/1278 1279/1279/1279
f 1281/1281/1281 1280/1280/1280 1279/1279/1279
f 1282/1282/1282 1280/1280/1280 1281/1281/1281
f 1283/1283/1283 1282/1282/1282 1281/1281/1281
f 1284/1284/1284 1282/1282/1282 1283/1283/1283
f 1285/1285/1285 1284/1284/1284 1283/1283/1283
f 1286/1286/1286 1284/1284/1284 1285/1285/1285
f 1287/1287/1287 1286/1286/1286 1285/1285/1285
f 1290/1290/1290 1289/1289/1289 1288/1288/1288
f 1291/1291/1291 1290/1290/1290 1288/1288/1288
f 1291/1291/1291 1288/1288/1288 1292/1292/1292
f 1293/1293/1293 1290/1290/1290 1291/1291/1291
f 1294/1294/1294 1291/1291/1291 1292/1292/1292
f 1294/1294/1294 1292/1292/1292 1295/1295/1295
f 1296/1296/1296 1293/1293/1293 1291/1291/1291
f 1293/1293/1293 1296/1296/1296 1297/1297/1297
f 1298/1298/1298 1294/1294/1294 1295/1295/1295
f 1298/1298/1298 1295/1295/1295 1299/1299/1299
f 1300/1300/1300 1298/1298/1298 1299/1299/1299
f 1294/1294/1294 1301/1301/1301 1291/1291/1291
f 1294/1294/1294 1298/1298/1298 1301/1301/1301
f 1301/1301/1301 1296/1296/1296 1291/1291/1291
f 1301/1301/1301 1302/1302/1302 1296/1296/1296
f 1296/1296/1296 1303/1303/1303 1297/1297/1297
f 1302/1302/1302 1303/1303/1303 1296/1296/1296
f 1304/1304/1304 1297/1297/1297 1303/1303/1303
f 1305/1305/1305 1298/1298/1298 1300/1300/1300
f 1298/1298/1298 1305/1305/1305 1301/1301/1301
f 1301/1301/1301 1305/1305/1305 1302/1302/1302
f 1306/1306/1306 1305/1305/1305 1300/1300/1300
f 1307/1307/1307 1304/1304/1304 1303/1303/1303
f 1307/1307/1307 1303/1303/1303 1302/1302/1302
f 1304/1304/1304 1307/1307/1307 1308/1308/1308
f 1309/1309/1309 1305/1305/1305 1306/1306/1306
f 1305/1305/1305 1309/1309/1309 1302/1302/1302
f 1310/1310/1310 1309/1309/1309 1306/1306/1306
f 1311/1311/1311 1309/1309/1309 1310/1310/1310
f 1302/1302/1302 1309/1309/1309 1311/1311/1311
f 1312/1312/1312 1311/1311/1311 1310/1310/1310
f 1307/1307/1307 1313/1313/1313 1308/1308/1308
f 1308/1308/1308 1313/1313/1313 1314/1314/1314
f 1315/1315/1315 1307/1307/1307 1302/1302/1302
f 1307/1307/1307 1315/1315/1315 1313/1313/1313
f 1315/1315/1315 1302/1302/1302 1311/1311/1311
f 1313/1313/1313 1316/1316/1316 1314/1314/1314
f 1315/1315/1315 1316/1316/1316 1313/1313/1313
f 1315/1315/1315 1311/1311/1311 1316/1316/1316
f 1317/1317/1317 1314/1314/1314 1316/1316/1316
f 1318/1318/1318 1311/1311/1311 1312/1312/1312
f 1311/1311/1311 1318/1318/1318 1316/1316/1316
f 1317/1317/1317 1318/1318/1318 1312/1312/1312
f 1318/1318/1318 1317/1317/1317 1316/1316/1316
f 1321/1321/1321 1320/1320/1320 1319/1319/1319
f 1321/1321/1321 1322/1322/1322 1320/1320/1320
f 1322/1322/1322 1323/1323/1323 1320/1320/1320
f 1324/1324/1324 1322/1322/1322 1321/1321/1321
f 1325/1325/1325 1324/1324/1324 1321/1321/1321
f 1326/1326/1326 1324/1324/1324 1325/1325/1325
f 1327/1327/1327 1326/1326/1326 1325/1325/1325
f 1326/1326/1326 1327/1327/1327 1328/1328/1328
f 1327/1327/1327 1329/1329/1329 1328/1328/1328
f 1328/1328/1328 1329/1329/1329 1330/1330/1330
f 1331/1331/1331 1328/1328/1328 1330/1330/1330
f 1334/1334/1334 1333/1333/1333 1332/1332/1332
f 1334/1334/1334 1335/1335/1335 1333/1333/1333
f 1333/1333/1333 1335/1335/1335 1336/1336/1336
f 1335/1335/1335 1334/1334/1334 1337/1337/1337
f 1338/1338/1338 1335/1335/1335 1337/1337/1337
f 1338/1338/1338 1337/1337/1337 1339/1339/1339
f 1340/1340/1340 1338/1338/1338 1339/1339/1339
f 1340/1340/1340 1339/1339/1339 1341/1341/1341
f 1342/1342/1342 1340/1340/1340 1341/1341/1341
f 1342/1342/1342 1341/1341/1341 1343/1343/1343
f 1341/1341/1341 1344/1344/1344 1343/1343/1343
f 1344/1344/1344 1345/1345/1345 1343/1343/1343
f 1345/1345/1345 1346/1346/1346 1343/1343/1343
f 1349/1349/1349 1348/1348/1348 1347/1347/1347
f 1350/1350/1350 1349/1349/1349 1347/1347/1347
f 1351/1351/1351 1349/1349/1349 1350/1350/1350
f 1350/1350/1350 1347/1347/1347 1352/1352/1352
f 1347/1347/1347 1353/1353/1353 1352/1352/1352
f 1354/1354/1354 1351/1351/1351 1350/1350/1350
f 1351/1351/1351 1354/1354/1354 1355/1355/1355
f 1356/1356/1356 1352/1352/1352 1353/1353/1353
f 1357/1357/1357 1356/1356/1356 1353/1353/1353
f 1350/1350/1350 1352/1352/1352 1358/1358/1358
f 1354/1354/1354 1350/1350/1350 1358/1358/1358
f 1359/1359/1359 1356/1356/1356 1357/1357/1357
f 1360/1360/1360 1359/1359/1359 1357/1357/1357
f 1356/1356/1356 1361/1361/1361 1352/1352/1352
f 1361/1361/1361 1358/1358/1358 1352/1352/1352
f 1362/1362/1362 1359/1359/1359 1360/1360/1360
f 1363/1363/1363 1362/1362/1362 1360/1360/1360
f 1359/1359/1359 1364/1364/1364 1356/1356/1356
f 1364/1364/1364 1361/1361/1361 1356/1356/1356
f 1365/1365/1365 1362/1362/1362 1363/1363/1363
f 1366/1366/1366 1365/1365/1365 1363/1363/1363
f 1362/1362/1362 1367/1367/1367 1359/1359/1359
f 1367/1367/1367 1362/1362/1362 1365/1365/1365
f 1367/1367/1367 1364/1364/1364 1359/1359/1359
f 1365/1365/1365 1366/1366/1366 1368/1368/1368
f 1368/1368/1368 1367/1367/1367 1365/1365/1365
f 1366/1366/1366 1369/1369/1369 1368/1368/1368
f 1370/1370/1370 1368/1368/1368 1369/1369/1369
f 1368/1368/1368 1370/1370/1370 1367/1367/1367
f 1371/1371/1371 1370/1370/1370 1369/1369/1369
f 1370/1370/1370 1372/1372/1372 1367/1367/1367
f 1370/1370/1370 1371/1371/1371 1372/1372/1372
f 1364/1364/1364 1367/1367/1367 1372/1372/1372
f 1371/1371/1371 1373/1373/1373 1372/1372/1372
f 1374/1374/1374 1364/1364/1364 1372/1372/1372
f 1372/1372/1372 1373/1373/1373 1374/1374/1374
f 1361/1361/1361 1364/1364/1364 1374/1374/1374
f 1373/1373/1373 1375/1375/1375 1374/1374/1374
f 1376/1376/1376 1361/1361/1361 1374/1374/1374
f 1376/1376/1376 1374/1374/1374 1375/1375/1375
f 1361/1361/1361 1376/1376/1376 1358/1358/1358
f 1377/1377/1377 1376/1376/1376 1375/1375/1375
f 1376/1376/1376 1378/1378/1378 1358/1358/1358
f 1376/1376/1376 1377/1377/1377 1378/1378/1378
f 1354/1354/1354 1358/1358/1358 1378/1378/1378
f 1377/1377/1377 1379/1379/1379 1378/1378/1378
f 1380/1380/1380 1354/1354/1354 1378/1378/1378
f 1380/1380/1380 1378/1378/1378 1379/1379/1379
f 1354/1354/1354 1380/1380/1380 1355/1355/1355
f 1381/1381/1381 1380/1380/1380 1379/1379/1379
f 1380/1380/1380 1381/1381/1381 1355/1355/1355
f 1381/1381/1381 1382/1382/1382 1355/1355/1355
f 1385/1385/1385 1384/1384/1384 1383/1383/1383
f 1384/1384/1384 1386/1386/1386 1383/1383/1383
f 1383/1383/1383 1386/1386/1386 1387/1387/1387
f 1388/1388/1388 1383/1383/1383 1387/1387/1387
f 1389/1389/1389 1388/1388/1388 1387/1387/1387
f 1390/1390/1390 1386/1386/1386 1384/1384/1384
f 1387/1387/1387 1386/1386/1386 1390/1390/1390
f 1391/1391/1391 1390/1390/1390 1384/1384/1384
f 1391/1391/1391 1392/1392/1392 1390/1390/1390
f 1393/1393/1393 1392/1392/1392 1391/1391/1391
f 1394/1394/1394 1392/1392/1392 1393/1393/1393
f 1395/1395/1395 1394/1394/1394 1393/1393/1393
f 1395/1395/1395 1396/1396/1396 1394/1394/1394
f 1392/1392/1392 1397/1397/1397 1390/1390/1390
f 1397/1397/1397 1392/1392/1392 1394/1394/1394
f 1390/1390/1390 1398/1398/1398 1387/1387/1387
f 1398/1398/1398 1390/1390/1390 1397/1397/1397
f 1399/1399/1399 1389/1389/1389 1387/1387/1387
f 1399/1399/1399 1387/1387/1387 1398/1398/1398
f 1400/1400/1400 1397/1397/1397 1394/1394/1394
f 1398/1398/1398 1397/1397/1397 1400/1400/1400
f 1394/1394/1394 1396/1396/1396 1401/1401/1401
f 1400/1400/1400 1394/1394/1394 1401/1401/1401
f 1389/1389/1389 1399/1399/1399 1402/1402/1402
f 1403/1403/1403 1389/1389/1389 1402/1402/1402
f 1404/1404/1404 1399/1399/1399 1398/1398/1398
f 1399/1399/1399 1404/1404/1404 1402/1402/1402
f 1405/1405/1405 1398/1398/1398 1400/1400/1400
f 1398/1398/1398 1405/1405/1405 1404/1404/1404
f 1405/1405/1405 1400/1400/1400 1406/1406/1406
f 1400/1400/1400 1401/1401/1401 1406/1406/1406
f 1401/1401/1401 1396/1396/1396 1407/1407/1407
f 1396/1396/1396 1408/1408/1408 1407/1407/1407
f 1408/1408/1408 1409/1409/1409 1407/1407/1407
f 1401/1401/1401 1407/1407/1407 1410/1410/1410
f 1406/1406/1406 1401/1401/1401 1410/1410/1410
f 1405/1405/1405 1406/1406/1406 1411/1411/1411
f 1405/1405/1405 1411/1411/1411 1404/1404/1404
f 1409/1409/1409 1412/1412/1412 1407/1407/1407
f 1410/1410/1410 1407/1407/1407 1412/1412/1412
f 1410/1410/1410 1413/1413/1413 1406/1406/1406
f 1406/1406/1406 1413/1413/1413 1411/1411/1411
f 1414/1414/1414 1413/1413/1413 1410/1410/1410
f 1410/1410/1410 1412/1412/1412 1414/1414/1414
f 1415/1415/1415 1412/1412/1412 1409/1409/1409
f 1416/1416/1416 1415/1415/1415 1409/1409/1409
f 1411/1411/1411 1413/1413/1413 1417/1417/1417
f 1417/1417/1417 1413/1413/1413 1414/1414/1414
f 1411/1411/1411 1418/1418/1418 1404/1404/1404
f 1418/1418/1418 1411/1411/1411 1417/1417/1417
f 1412/1412/1412 1419/1419/1419 1414/1414/1414
f 1412/1412/1412 1415/1415/1415 1419/1419/1419
f 1417/1417/1417 1414/1414/1414 1420/1420/1420
f 1420/1420/1420 1414/1414/1414 1419/1419/1419
f 1416/1416/1416 1421/1421/1421 1415/1415/1415
f 1422/1422/1422 1421/1421/1421 1416/1416/1416
f 1421/1421/1421 1422/1422/1422 1423/1423/1423
f 1422/1422/1422 1424/1424/1424 1423/1423/1423
f 1415/1415/1415 1421/1421/1421 1425/1425/1425
f 1421/1421/1421 1423/1423/1423 1425/1425/1425
f 1418/1418/1418 1426/1426/1426 1404/1404/1404
f 1404/1404/1404 1426/1426/1426 1402/1402/1402
f 1418/1418/1418 1417/1417/1417 1427/1427/1427
f 1427/1427/1427 1417/1417/1417 1420/1420/1420
f 1418/1418/1418 1428/1428/1428 1426/1426/1426
f 1428/1428/1428 1418/1418/1418 1427/1427/1427
f 1402/1402/1402 1426/1426/1426 1429/1429/1429
f 1428/1428/1428 1429/1429/1429 1426/1426/1426
f 1424/1424/1424 1430/1430/1430 1423/1423/1423
f 1431/1431/1431 1430/1430/1430 1424/1424/1424
f 1432/1432/1432 1415/1415/1415 1425/1425/1425
f 1415/1415/1415 1432/1432/1432 1419/1419/1419
f 1433/1433/1433 1402/1402/1402 1429/1429/1429
f 1403/1403/1403 1402/1402/1402 1433/1433/1433
f 1434/1434/1434 1403/1403/1403 1433/1433/1433
f 1435/1435/1435 1434/1434/1434 1433/1433/1433
f 1436/1436/1436 1433/1433/1433 1429/1429/1429
f 1436/1436/1436 1435/1435/1435 1433/1433/1433
f 1437/1437/1437 1429/1429/1429 1428/1428/1428
f 1437/1437/1437 1436/1436/1436 1429/1429/1429
f 1436/1436/1436 1438/1438/1438 1435/1435/1435
f 1438/1438/1438 1439/1439/1439 1435/1435/1435
f 1437/1437/1437 1440/1440/1440 1436/1436/1436
f 1440/1440/1440 1438/1438/1438 1436/1436/1436
f 1441/1441/1441 1437/1437/1437 1428/1428/1428
f 1440/1440/1440 1437/1437/1437 1441/1441/1441
f 1438/1438/1438 1442/1442/1442 1439/1439/1439
f 1442/1442/1442 1443/1443/1443 1439/1439/1439
f 1440/1440/1440 1444/1444/1444 1438/1438/1438
f 1444/1444/1444 1442/1442/1442 1438/1438/1438
f 1444/1444/1444 1445/1445/1445 1442/1442/1442
f 1443/1443/1443 1442/1442/1442 1446/1446/1446
f 1445/1445/1445 1446/1446/1446 1442/1442/1442
f 1447/1447/1447 1443/1443/1443 1446/1446/1446
f 1444/1444/1444 1440/1440/1440 1448/1448/1448
f 1448/1448/1448 1440/1440/1440 1441/1441/1441
f 1449/1449/1449 1448/1448/1448 1441/1441/1441
f 1441/1441/1441 1428/1428/1428 1450/1450/1450
f 1450/1450/1450 1449/1449/1449 1441/1441/1441
f 1428/1428/1428 1427/1427/1427 1450/1450/1450
f 1451/1451/1451 1444/1444/1444 1448/1448/1448
f 1445/1445/1445 1444/1444/1444 1451/1451/1451
f 1451/1451/1451 1448/1448/1448 1449/1449/1449
f 1450/1450/1450 1427/1427/1427 1452/1452/1452
f 1450/1450/1450 1452/1452/1452 1449/1449/1449
f 1427/1427/1427 1420/1420/1420 1452/1452/1452
f 1447/1447/1447 1446/1446/1446 1453/1453/1453
f 1454/1454/1454 1446/1446/1446 1445/1445/1445
f 1454/1454/1454 1453/1453/1453 1446/1446/1446
f 1455/1455/1455 1453/1453/1453 1454/1454/1454
f 1456/1456/1456 1447/1447/1447 1453/1453/1453
f 1453/1453/1453 1455/1455/1455 1456/1456/1456
f 1457/1457/1457 1447/1447/1447 1456/1456/1456
f 1457/1457/1457 1456/1456/1456 1458/1458/1458
f 1455/1455/1455 1458/1458/1458 1456/1456/1456
f 1459/1459/1459 1457/1457/1457 1458/1458/1458
f 1458/1458/1458 1460/1460/1460 1459/1459/1459
f 1457/1457/1457 1459/1459/1459 1461/1461/1461
f 1459/1459/1459 1462/1462/1462 1461/1461/1461
f 1459/1459/1459 1460/1460/1460 1462/1462/1462
f 1461/1461/1461 1462/1462/1462 1463/1463/1463
f 1464/1464/1464 1458/1458/1458 1455/1455/1455
f 1464/1464/1464 1460/1460/1460 1458/1458/1458
f 1462/1462/1462 1465/1465/1465 1463/1463/1463
f 1460/1460/1460 1466/1466/1466 1462/1462/1462
f 1462/1462/1462 1466/1466/1466 1465/1465/1465
f 1463/1463/1463 1465/1465/1465 1467/1467/1467
f 1468/1468/1468 1463/1463/1463 1467/1467/1467
f 1468/1468/1468 1467/1467/1467 1469/1469/1469
f 1467/1467/1467 1470/1470/1470 1469/1469/1469
f 1471/1471/1471 1469/1469/1469 1470/1470/1470
f 1467/1467/1467 1465/1465/1465 1472/1472/1472
f 1467/1467/1467 1472/1472/1472 1470/1470/1470
f 1466/1466/1466 1473/1473/1473 1465/1465/1465
f 1465/1465/1465 1473/1473/1473 1472/1472/1472
f 1460/1460/1460 1474/1474/1474 1466/1466/1466
f 1466/1466/1466 1474/1474/1474 1475/1475/1475
f 1473/1473/1473 1466/1466/1466 1475/1475/1475
f 1474/1474/1474 1460/1460/1460 1476/1476/1476
f 1474/1474/1474 1476/1476/1476 1475/1475/1475
f 1464/1464/1464 1477/1477/1477 1460/1460/1460
f 1460/1460/1460 1477/1477/1477 1476/1476/1476
f 1472/1472/1472 1473/1473/1473 1478/1478/1478
f 1473/1473/1473 1479/1479/1479 1478/1478/1478
f 1479/1479/1479 1473/1473/1473 1475/1475/1475
f 1480/1480/1480 1479/1479/1479 1475/1475/1475
f 1472/1472/1472 1478/1478/1478 1481/1481/1481
f 1472/1472/1472 1481/1481/1481 1470/1470/1470
f 1478/1478/1478 1482/1482/1482 1481/1481/1481
f 1481/1481/1481 1482/1482/1482 1483/1483/1483
f 1475/1475/1475 1484/1484/1484 1480/1480/1480
f 1476/1476/1476 1484/1484/1484 1475/1475/1475
f 1484/1484/1484 1485/1485/1485 1480/1480/1480
f 1486/1486/1486 1481/1481/1481 1483/1483/1483
f 1470/1470/1470 1481/1481/1481 1486/1486/1486
f 1486/1486/1486 1483/1483/1483 1487/1487/1487
f 1484/1484/1484 1488/1488/1488 1485/1485/1485
f 1488/1488/1488 1489/1489/1489 1485/1485/1485
f 1490/1490/1490 1489/1489/1489 1488/1488/1488
f 1484/1484/1484 1476/1476/1476 1491/1491/1491
f 1488/1488/1488 1484/1484/1484 1491/1491/1491
f 1492/1492/1492 1470/1470/1470 1486/1486/1486
f 1492/1492/1492 1471/1471/1471 1470/1470/1470
f 1493/1493/1493 1486/1486/1486 1487/1487/1487
f 1492/1492/1492 1486/1486/1486 1493/1493/1493
f 1493/1493/1493 1487/1487/1487 1494/1494/1494
f 1493/1493/1493 1494/1494/1494 1495/1495/1495
f 1493/1493/1493 1495/1495/1495 1496/1496/1496
f 1492/1492/1492 1497/1497/1497 1471/1471/1471
f 1497/1497/1497 1492/1492/1492 1493/1493/1493
f 1493/1493/1493 1496/1496/1496 1497/1497/1497
f 1497/1497/1497 1498/1498/1498 1471/1471/1471
f 1497/1497/1497 1496/1496/1496 1498/1498/1498
f 1499/1499/1499 1490/1490/1490 1488/1488/1488
f 1488/1488/1488 1491/1491/1491 1499/1499/1499
f 1499/1499/1499 1500/1500/1500 1490/1490/1490
f 1500/1500/1500 1501/1501/1501 1490/1490/1490
f 1502/1502/1502 1501/1501/1501 1500/1500/1500
f 1491/1491/1491 1503/1503/1503 1499/1499/1499
f 1504/1504/1504 1500/1500/1500 1499/1499/1499
f 1503/1503/1503 1504/1504/1504 1499/1499/1499
f 1505/1505/1505 1500/1500/1500 1504/1504/1504
f 1505/1505/1505 1502/1502/1502 1500/1500/1500
f 1506/1506/1506 1505/1505/1505 1504/1504/1504
f 1505/1505/1505 1506/1506/1506 1507/1507/1507
f 1502/1502/1502 1505/1505/1505 1508/1508/1508
f 1508/1508/1508 1505/1505/1505 1507/1507/1507
f 1509/1509/1509 1502/1502/1502 1508/1508/1508
f 1510/1510/1510 1509/1509/1509 1508/1508/1508
f 1508/1508/1508 1507/1507/1507 1511/1511/1511
f 1511/1511/1511 1510/1510/1510 1508/1508/1508
f 1507/1507/1507 1512/1512/1512 1511/1511/1511
f 1513/1513/1513 1510/1510/1510 1511/1511/1511
f 1511/1511/1511 1512/1512/1512 1514/1514/1514
f 1515/1515/1515 1513/1513/1513 1511/1511/1511
f 1515/1515/1515 1511/1511/1511 1514/1514/1514
f 1516/1516/1516 1513/1513/1513 1515/1515/1515
f 1515/1515/1515 1514/1514/1514 1517/1517/1517
f 1516/1516/1516 1515/1515/1515 1518/1518/1518
f 1518/1518/1518 1515/1515/1515 1517/1517/1517
f 1521/1521/1521 1520/1520/1520 1519/1519/1519
f 1522/1522/1522 1521/1521/1521 1519/1519/1519
f 1522/1522/1522 1519/1519/1519 1523/1523/1523
f 1519/1519/1519 1524/1524/1524 1523/1523/1523
f 1524/1524/1524 1525/1525/1525 1523/1523/1523
f 1522/1522/1522 1526/1526/1526 1521/1521/1521
f 1522/1522/1522 1523/1523/1523 1526/1526/1526
f 1526/1526/1526 1527/1527/1527 1521/1521/1521
f 1528/1528/1528 1527/1527/1527 1526/1526/1526
f 1528/1528/1528 1529/1529/1529 1527/1527/1527
f 1528/1528/1528 1530/1530/1530 1529/1529/1529
f 1530/1530/1530 1531/1531/1531 1529/1529/1529
f 1532/1532/1532 1531/1531/1531 1530/1530/1530
f 1533/1533/1533 1528/1528/1528 1526/1526/1526
f 1528/1528/1528 1533/1533/1533 1530/1530/1530
f 1534/1534/1534 1526/1526/1526 1523/1523/1523
f 1526/1526/1526 1534/1534/1534 1533/1533/1533
f 1525/1525/1525 1535/1535/1535 1523/1523/1523
f 1523/1523/1523 1535/1535/1535 1534/1534/1534
f 1533/1533/1533 1536/1536/1536 1530/1530/1530
f 1533/1533/1533 1534/1534/1534 1536/1536/1536
f 1532/1532/1532 1530/1530/1530 1537/1537/1537
f 1530/1530/1530 1536/1536/1536 1537/1537/1537
f 1535/1535/1535 1525/1525/1525 1538/1538/1538
f 1525/1525/1525 1539/1539/1539 1538/1538/1538
f 1535/1535/1535 1540/1540/1540 1534/1534/1534
f 1540/1540/1540 1535/1535/1535 1538/1538/1538
f 1534/1534/1534 1541/1541/1541 1536/1536/1536
f 1541/1541/1541 1534/1534/1534 1540/1540/1540
f 1536/1536/1536 1541/1541/1541 1542/1542/1542
f 1537/1537/1537 1536/1536/1536 1542/1542/1542
f 1532/1532/1532 1537/1537/1537 1543/1543/1543
f 1544/1544/1544 1532/1532/1532 1543/1543/1543
f 1545/1545/1545 1544/1544/1544 1543/1543/1543
f 1543/1543/1543 1537/1537/1537 1546/1546/1546
f 1537/1537/1537 1542/1542/1542 1546/1546/1546
f 1542/1542/1542 1541/1541/1541 1547/1547/1547
f 1547/1547/1547 1541/1541/1541 1540/1540/1540
f 1548/1548/1548 1545/1545/1545 1543/1543/1543
f 1543/1543/1543 1546/1546/1546 1548/1548/1548
f 1549/1549/1549 1546/1546/1546 1542/1542/1542
f 1549/1549/1549 1542/1542/1542 1547/1547/1547
f 1549/1549/1549 1550/1550/1550 1546/1546/1546
f 1548/1548/1548 1546/1546/1546 1550/1550/1550
f 1548/1548/1548 1551/1551/1551 1545/1545/1545
f 1551/1551/1551 1552/1552/1552 1545/1545/1545
f 1549/1549/1549 1547/1547/1547 1553/1553/1553
f 1549/1549/1549 1553/1553/1553 1550/1550/1550
f 1554/1554/1554 1547/1547/1547 1540/1540/1540
f 1547/1547/1547 1554/1554/1554 1553/1553/1553
f 1555/1555/1555 1548/1548/1548 1550/1550/1550
f 1551/1551/1551 1548/1548/1548 1555/1555/1555
f 1550/1550/1550 1553/1553/1553 1556/1556/1556
f 1550/1550/1550 1556/1556/1556 1555/1555/1555
f 1557/1557/1557 1552/1552/1552 1551/1551/1551
f 1557/1557/1557 1558/1558/1558 1552/1552/1552
f 1558/1558/1558 1557/1557/1557 1559/1559/1559
f 1560/1560/1560 1558/1558/1558 1559/1559/1559
f 1557/1557/1557 1551/1551/1551 1561/1561/1561
f 1559/1559/1559 1557/1557/1557 1561/1561/1561
f 1562/1562/1562 1554/1554/1554 1540/1540/1540
f 1562/1562/1562 1540/1540/1540 1538/1538/1538
f 1553/1553/1553 1554/1554/1554 1563/1563/1563
f 1553/1553/1553 1563/1563/1563 1556/1556/1556
f 1564/1564/1564 1554/1554/1554 1562/1562/1562
f 1554/1554/1554 1564/1564/1564 1563/1563/1563
f 1562/1562/1562 1538/1538/1538 1565/1565/1565
f 1565/1565/1565 1564/1564/1564 1562/1562/1562
f 1566/1566/1566 1560/1560/1560 1559/1559/1559
f 1566/1566/1566 1567/1567/1567 1560/1560/1560
f 1551/1551/1551 1568/1568/1568 1561/1561/1561
f 1568/1568/1568 1551/1551/1551 1555/1555/1555
f 1538/1538/1538 1569/1569/1569 1565/1565/1565
f 1538/1538/1538 1539/1539/1539 1569/1569/1569
f 1539/1539/1539 1570/1570/1570 1569/1569/1569
f 1570/1570/1570 1571/1571/1571 1569/1569/1569
f 1569/1569/1569 1572/1572/1572 1565/1565/1565
f 1571/1571/1571 1572/1572/1572 1569/1569/1569
f 1565/1565/1565 1573/1573/1573 1564/1564/1564
f 1572/1572/1572 1573/1573/1573 1565/1565/1565
f 1574/1574/1574 1572/1572/1572 1571/1571/1571
f 1575/1575/1575 1574/1574/1574 1571/1571/1571
f 1576/1576/1576 1573/1573/1573 1572/1572/1572
f 1574/1574/1574 1576/1576/1576 1572/1572/1572
f 1573/1573/1573 1577/1577/1577 1564/1564/1564
f 1573/1573/1573 1576/1576/1576 1577/1577/1577
f 1578/1578/1578 1574/1574/1574 1575/1575/1575
f 1579/1579/1579 1578/1578/1578 1575/1575/1575
f 1580/1580/1580 1576/1576/1576 1574/1574/1574
f 1578/1578/1578 1580/1580/1580 1574/1574/1574
f 1581/1581/1581 1580/1580/1580 1578/1578/1578
f 1578/1578/1578 1579/1579/1579 1582/1582/1582
f 1582/1582/1582 1581/1581/1581 1578/1578/1578
f 1579/1579/1579 1583/1583/1583 1582/1582/1582
f 1576/1576/1576 1580/1580/1580 1584/1584/1584
f 1576/1576/1576 1584/1584/1584 1577/1577/1577
f 1584/1584/1584 1585/1585/1585 1577/1577/1577
f 1564/1564/1564 1577/1577/1577 1586/1586/1586
f 1585/1585/1585 1586/1586/1586 1577/1577/1577
f 1563/1563/1563 1564/1564/1564 1586/1586/1586
f 1580/1580/1580 1587/1587/1587 1584/1584/1584
f 1580/1580/1580 1581/1581/1581 1587/1587/1587
f 1584/1584/1584 1587/1587/1587 1585/1585/1585
f 1563/1563/1563 1586/1586/1586 1588/1588/1588
f 1588/1588/1588 1586/1586/1586 1585/1585/1585
f 1556/1556/1556 1563/1563/1563 1588/1588/1588
f 1582/1582/1582 1583/1583/1583 1589/1589/1589
f 1582/1582/1582 1590/1590/1590 1581/1581/1581
f 1589/1589/1589 1590/1590/1590 1582/1582/1582
f 1589/1589/1589 1591/1591/1591 1590/1590/1590
f 1583/1583/1583 1592/1592/1592 1589/1589/1589
f 1591/1591/1591 1589/1589/1589 1592/1592/1592
f 1583/1583/1583 1593/1593/1593 1592/1592/1592
f 1592/1592/1592 1593/1593/1593 1594/1594/1594
f 1594/1594/1594 1591/1591/1591 1592/1592/1592
f 1593/1593/1593 1595/1595/1595 1594/1594/1594
f 1596/1596/1596 1594/1594/1594 1595/1595/1595
f 1595/1595/1595 1593/1593/1593 1597/1597/1597
f 1598/1598/1598 1595/1595/1595 1597/1597/1597
f 1596/1596/1596 1595/1595/1595 1598/1598/1598
f 1598/1598/1598 1597/1597/1597 1599/1599/1599
f 1594/1594/1594 1600/1600/1600 1591/1591/1591
f 1596/1596/1596 1600/1600/1600 1594/1594/1594
f 1601/1601/1601 1598/1598/1598 1599/1599/1599
f 1602/1602/1602 1596/1596/1596 1598/1598/1598
f 1602/1602/1602 1598/1598/1598 1601/1601/1601
f 1601/1601/1601 1599/1599/1599 1603/1603/1603
f 1599/1599/1599 1604/1604/1604 1603/1603/1603
f 1603/1603/1603 1604/1604/1604 1605/1605/1605
f 1606/1606/1606 1603/1603/1603 1605/1605/1605
f 1605/1605/1605 1607/1607/1607 1606/1606/1606
f 1601/1601/1601 1603/1603/1603 1608/1608/1608
f 1608/1608/1608 1603/1603/1603 1606/1606/1606
f 1609/1609/1609 1602/1602/1602 1601/1601/1601
f 1609/1609/1609 1601/1601/1601 1608/1608/1608
f 1610/1610/1610 1596/1596/1596 1602/1602/1602
f 1610/1610/1610 1602/1602/1602 1611/1611/1611
f 1602/1602/1602 1609/1609/1609 1611/1611/1611
f 1596/1596/1596 1610/1610/1610 1612/1612/1612
f 1612/1612/1612 1610/1610/1610 1611/1611/1611
f 1613/1613/1613 1600/1600/1600 1596/1596/1596
f 1613/1613/1613 1596/1596/1596 1612/1612/1612
f 1609/1609/1609 1608/1608/1608 1614/1614/1614
f 1615/1615/1615 1609/1609/1609 1614/1614/1614
f 1609/1609/1609 1615/1615/1615 1611/1611/1611
f 1615/1615/1615 1616/1616/1616 1611/1611/1611
f 1614/1614/1614 1608/1608/1608 1617/1617/1617
f 1617/1617/1617 1608/1608/1608 1606/1606/1606
f 1618/1618/1618 1614/1614/1614 1617/1617/1617
f 1618/1618/1618 1617/1617/1617 1619/1619/1619
f 1620/1620/1620 1611/1611/1611 1616/1616/1616
f 1620/1620/1620 1612/1612/1612 1611/1611/1611
f 1621/1621/1621 1620/1620/1620 1616/1616/1616
f 1617/1617/1617 1622/1622/1622 1619/1619/1619
f 1617/1617/1617 1606/1606/1606 1622/1622/1622
f 1619/1619/1619 1622/1622/1622 1623/1623/1623
f 1624/1624/1624 1620/1620/1620 1621/1621/1621
f 1625/1625/1625 1624/1624/1624 1621/1621/1621
f 1625/1625/1625 1626/1626/1626 1624/1624/1624
f 1612/1612/1612 1620/1620/1620 1627/1627/1627
f 1620/1620/1620 1624/1624/1624 1627/1627/1627
f 1606/1606/1606 1628/1628/1628 1622/1622/1622
f 1607/1607/1607 1628/1628/1628 1606/1606/1606
f 1622/1622/1622 1629/1629/1629 1623/1623/1623
f 1622/1622/1622 1628/1628/1628 1629/1629/1629
f 1623/1623/1623 1629/1629/1629 1630/1630/1630
f 1630/1630/1630 1629/1629/1629 1631/1631/1631
f 1631/1631/1631 1629/1629/1629 1632/1632/1632
f 1633/1633/1633 1628/1628/1628 1607/1607/1607
f 1628/1628/1628 1633/1633/1633 1629/1629/1629
f 1632/1632/1632 1629/1629/1629 1633/1633/1633
f 1634/1634/1634 1633/1633/1633 1607/1607/1607
f 1632/1632/1632 1633/1633/1633 1634/1634/1634
f 1612/1612/1612 1627/1627/1627 1635/1635/1635
f 1613/1613/1613 1612/1612/1612 1635/1635/1635
f 1613/1613/1613 1635/1635/1635 1636/1636/1636
f 1600/1600/1600 1613/1613/1613 1636/1636/1636
f 1636/1636/1636 1637/1637/1637 1600/1600/1600
f 1600/1600/1600 1637/1637/1637 1591/1591/1591
f 1627/1627/1627 1638/1638/1638 1635/1635/1635
f 1636/1636/1636 1635/1635/1635 1639/1639/1639
f 1638/1638/1638 1639/1639/1639 1635/1635/1635
f 1638/1638/1638 1627/1627/1627 1640/1640/1640
f 1627/1627/1627 1624/1624/1624 1640/1640/1640
f 1626/1626/1626 1640/1640/1640 1624/1624/1624
f 1641/1641/1641 1640/1640/1640 1626/1626/1626
f 1642/1642/1642 1641/1641/1641 1626/1626/1626
f 1642/1642/1642 1643/1643/1643 1641/1641/1641
f 1644/1644/1644 1638/1638/1638 1640/1640/1640
f 1641/1641/1641 1644/1644/1644 1640/1640/1640
f 1641/1641/1641 1645/1645/1645 1644/1644/1644
f 1643/1643/1643 1645/1645/1645 1641/1641/1641
f 1645/1645/1645 1646/1646/1646 1644/1644/1644
f 1646/1646/1646 1645/1645/1645 1647/1647/1647
f 1645/1645/1645 1643/1643/1643 1648/1648/1648
f 1645/1645/1645 1648/1648/1648 1647/1647/1647
f 1643/1643/1643 1649/1649/1649 1648/1648/1648
f 1649/1649/1649 1650/1650/1650 1648/1648/1648
f 1647/1647/1647 1648/1648/1648 1651/1651/1651
f 1650/1650/1650 1651/1651/1651 1648/1648/1648
f 1652/1652/1652 1647/1647/1647 1651/1651/1651
f 1650/1650/1650 1653/1653/1653 1651/1651/1651
f 1652/1652/1652 1651/1651/1651 1654/1654/1654
f 1653/1653/1653 1655/1655/1655 1651/1651/1651
f 1651/1651/1651 1655/1655/1655 1654/1654/1654
f 1653/1653/1653 1656/1656/1656 1655/1655/1655
f 1654/1654/1654 1655/1655/1655 1657/1657/1657
f 1655/1655/1655 1656/1656/1656 1658/1658/1658
f 1655/1655/1655 1658/1658/1658 1657/1657/1657
f 1661/1661/1661 1660/1660/1660 1659/1659/1659
f 1662/1662/1662 1661/1661/1661 1659/1659/1659
f 1663/1663/1663 1661/1661/1661 1662/1662/1662
f 1664/1664/1664 1663/1663/1663 1662/1662/1662
f 1665/1665/1665 1663/1663/1663 1664/1664/1664
f 1666/1666/1666 1662/1662/1662 1659/1659/1659
f 1662/1662/1662 1666/1666/1666 1664/1664/1664
f 1667/1667/1667 1665/1665/1665 1664/1664/1664
f 1666/1666/1666 1668/1668/1668 1664/1664/1664
f 1664/1664/1664 1668/1668/1668 1667/1667/1667
f 1665/1665/1665 1667/1667/1667 1669/1669/1669
f 1670/1670/1670 1665/1665/1665 1669/1669/1669
f 1669/1669/1669 1671/1671/1671 1670/1670/1670
f 1668/1668/1668 1672/1672/1672 1667/1667/1667
f 1667/1667/1667 1672/1672/1672 1669/1669/1669
f 1673/1673/1673 1671/1671/1671 1669/1669/1669
f 1673/1673/1673 1674/1674/1674 1671/1671/1671
f 1672/1672/1672 1675/1675/1675 1669/1669/1669
f 1675/1675/1675 1673/1673/1673 1669/1669/1669
f 1668/1668/1668 1676/1676/1676 1672/1672/1672
f 1666/1666/1666 1677/1677/1677 1668/1668/1668
f 1677/1677/1677 1676/1676/1676 1668/1668/1668
f 1672/1672/1672 1676/1676/1676 1678/1678/1678
f 1675/1675/1675 1672/1672/1672 1678/1678/1678
f 1678/1678/1678 1676/1676/1676 1679/1679/1679
f 1676/1676/1676 1677/1677/1677 1679/1679/1679
f 1678/1678/1678 1680/1680/1680 1675/1675/1675
f 1678/1678/1678 1679/1679/1679 1680/1680/1680
f 1675/1675/1675 1681/1681/1681 1673/1673/1673
f 1680/1680/1680 1681/1681/1681 1675/1675/1675
f 1682/1682/1682 1677/1677/1677 1666/1666/1666
f 1679/1679/1679 1677/1677/1677 1683/1683/1683
f 1677/1677/1677 1682/1682/1682 1683/1683/1683
f 1680/1680/1680 1679/1679/1679 1684/1684/1684
f 1679/1679/1679 1683/1683/1683 1684/1684/1684
f 1685/1685/1685 1682/1682/1682 1666/1666/1666
f 1685/1685/1685 1666/1666/1666 1659/1659/1659
f 1685/1685/1685 1686/1686/1686 1682/1682/1682
f 1685/1685/1685 1659/1659/1659 1686/1686/1686
f 1683/1683/1683 1682/1682/1682 1687/1687/1687
f 1686/1686/1686 1687/1687/1687 1682/1682/1682
f 1688/1688/1688 1686/1686/1686 1659/1659/1659
f 1689/1689/1689 1688/1688/1688 1659/1659/1659
f 1683/1683/1683 1690/1690/1690 1684/1684/1684
f 1690/1690/1690 1683/1683/1683 1687/1687/1687
f 1691/1691/1691 1687/1687/1687 1686/1686/1686
f 1688/1688/1688 1691/1691/1691 1686/1686/1686
f 1692/1692/1692 1688/1688/1688 1689/1689/1689
f 1693/1693/1693 1692/1692/1692 1689/1689/1689
f 1690/1690/1690 1687/1687/1687 1694/1694/1694
f 1687/1687/1687 1691/1691/1691 1694/1694/1694
f 1695/1695/1695 1691/1691/1691 1688/1688/1688
f 1692/1692/1692 1695/1695/1695 1688/1688/1688
f 1696/1696/1696 1692/1692/1692 1693/1693/1693
f 1697/1697/1697 1696/1696/1696 1693/1693/1693
f 1696/1696/1696 1697/1697/1697 1698/1698/1698
f 1698/1698/1698 1699/1699/1699 1696/1696/1696
f 1698/1698/1698 1700/1700/1700 1699/1699/1699
f 1696/1696/1696 1701/1701/1701 1692/1692/1692
f 1701/1701/1701 1695/1695/1695 1692/1692/1692
f 1699/1699/1699 1701/1701/1701 1696/1696/1696
f 1691/1691/1691 1695/1695/1695 1702/1702/1702
f 1694/1694/1694 1691/1691/1691 1702/1702/1702
f 1695/1695/1695 1701/1701/1701 1702/1702/1702
f 1694/1694/1694 1703/1703/1703 1690/1690/1690
f 1703/1703/1703 1694/1694/1694 1702/1702/1702
f 1703/1703/1703 1704/1704/1704 1690/1690/1690
f 1684/1684/1684 1690/1690/1690 1704/1704/1704
f 1684/1684/1684 1704/1704/1704 1705/1705/1705
f 1680/1680/1680 1684/1684/1684 1705/1705/1705
f 1706/1706/1706 1704/1704/1704 1703/1703/1703
f 1705/1705/1705 1704/1704/1704 1706/1706/1706
f 1705/1705/1705 1707/1707/1707 1680/1680/1680
f 1707/1707/1707 1705/1705/1705 1706/1706/1706
f 1707/1707/1707 1681/1681/1681 1680/1680/1680
f 1708/1708/1708 1703/1703/1703 1702/1702/1702
f 1706/1706/1706 1703/1703/1703 1708/1708/1708
f 1701/1701/1701 1709/1709/1709 1702/1702/1702
f 1708/1708/1708 1702/1702/1702 1709/1709/1709
f 1709/1709/1709 1701/1701/1701 1710/1710/1710
f 1708/1708/1708 1709/1709/1709 1710/1710/1710
f 1701/1701/1701 1699/1699/1699 1710/1710/1710
f 1681/1681/1681 1707/1707/1707 1711/1711/1711
f 1681/1681/1681 1711/1711/1711 1673/1673/1673
f 1712/1712/1712 1707/1707/1707 1706/1706/1706
f 1707/1707/1707 1712/1712/1712 1711/1711/1711
f 1708/1708/1708 1713/1713/1713 1706/1706/1706
f 1712/1712/1712 1706/1706/1706 1713/1713/1713
f 1714/1714/1714 1673/1673/1673 1711/1711/1711
f 1673/1673/1673 1714/1714/1714 1674/1674/1674
f 1712/1712/1712 1715/1715/1715 1711/1711/1711
f 1715/1715/1715 1714/1714/1714 1711/1711/1711
f 1713/1713/1713 1715/1715/1715 1712/1712/1712
f 1714/1714/1714 1715/1715/1715 1716/1716/1716
f 1674/1674/1674 1714/1714/1714 1716/1716/1716
f 1715/1715/1715 1713/1713/1713 1716/1716/1716
f 1708/1708/1708 1717/1717/1717 1713/1713/1713
f 1717/1717/1717 1716/1716/1716 1713/1713/1713
f 1717/1717/1717 1708/1708/1708 1710/1710/1710
f 1718/1718/1718 1674/1674/1674 1716/1716/1716
f 1718/1718/1718 1716/1716/1716 1717/1717/1717
f 1717/1717/1717 1710/1710/1710 1718/1718/1718
f 1674/1674/1674 1718/1718/1718 1719/1719/1719
f 1710/1710/1710 1720/1720/1720 1718/1718/1718
f 1720/1720/1720 1710/1710/1710 1699/1699/1699
f 1718/1718/1718 1721/1721/1721 1719/1719/1719
f 1718/1718/1718 1720/1720/1720 1721/1721/1721
f 1722/1722/1722 1719/1719/1719 1721/1721/1721
f 1719/1719/1719 1722/1722/1722 1723/1723/1723
f 1720/1720/1720 1699/1699/1699 1724/1724/1724
f 1720/1720/1720 1724/1724/1724 1721/1721/1721
f 1722/1722/1722 1725/1725/1725 1723/1723/1723
f 1726/1726/1726 1723/1723/1723 1725/1725/1725
f 1726/1726/1726 1725/1725/1725 1727/1727/1727
f 1724/1724/1724 1699/1699/1699 1728/1728/1728
f 1700/1700/1700 1728/1728/1728 1699/1699/1699
f 1728/1728/1728 1700/1700/1700 1729/1729/1729
f 1700/1700/1700 1730/1730/1730 1729/1729/1729
f 1730/1730/1730 1731/1731/1731 1729/1729/1729
f 1732/1732/1732 1724/1724/1724 1728/1728/1728
f 1732/1732/1732 1728/1728/1728 1729/1729/1729
f 1731/1731/1731 1733/1733/1733 1729/1729/1729
f 1729/1729/1729 1733/1733/1733 1732/1732/1732
f 1731/1731/1731 1734/1734/1734 1733/1733/1733
f 1725/1725/1725 1722/1722/1722 1735/1735/1735
f 1725/1725/1725 1735/1735/1735 1727/1727/1727
f 1724/1724/1724 1732/1732/1732 1736/1736/1736
f 1724/1724/1724 1736/1736/1736 1721/1721/1721
f 1737/1737/1737 1722/1722/1722 1721/1721/1721
f 1737/1737/1737 1721/1721/1721 1736/1736/1736
f 1734/1734/1734 1738/1738/1738 1733/1733/1733
f 1732/1732/1732 1733/1733/1733 1739/1739/1739
f 1733/1733/1733 1738/1738/1738 1739/1739/1739
f 1732/1732/1732 1740/1740/1740 1736/1736/1736
f 1732/1732/1732 1739/1739/1739 1740/1740/1740
f 1741/1741/1741 1737/1737/1737 1736/1736/1736
f 1736/1736/1736 1740/1740/1740 1741/1741/1741
f 1734/1734/1734 1742/1742/1742 1738/1738/1738
f 1734/1734/1734 1743/1743/1743 1742/1742/1742
f 1744/1744/1744 1742/1742/1742 1743/1743/1743
f 1745/1745/1745 1744/1744/1744 1743/1743/1743
f 1744/1744/1744 1745/1745/1745 1746/1746/1746
f 1722/1722/1722 1737/1737/1737 1747/1747/1747
f 1748/1748/1748 1737/1737/1737 1741/1741/1741
f 1748/1748/1748 1747/1747/1747 1737/1737/1737
f 1749/1749/1749 1747/1747/1747 1748/1748/1748
f 1750/1750/1750 1722/1722/1722 1747/1747/1747
f 1722/1722/1722 1750/1750/1750 1735/1735/1735
f 1749/1749/1749 1751/1751/1751 1747/1747/1747
f 1750/1750/1750 1747/1747/1747 1751/1751/1751
f 1742/1742/1742 1752/1752/1752 1738/1738/1738
f 1744/1744/1744 1753/1753/1753 1742/1742/1742
f 1753/1753/1753 1752/1752/1752 1742/1742/1742
f 1738/1738/1738 1752/1752/1752 1754/1754/1754
f 1739/1739/1739 1738/1738/1738 1754/1754/1754
f 1755/1755/1755 1752/1752/1752 1753/1753/1753
f 1755/1755/1755 1754/1754/1754 1752/1752/1752
f 1744/1744/1744 1756/1756/1756 1753/1753/1753
f 1755/1755/1755 1753/1753/1753 1756/1756/1756
f 1750/1750/1750 1757/1757/1757 1735/1735/1735
f 1751/1751/1751 1758/1758/1758 1750/1750/1750
f 1758/1758/1758 1757/1757/1757 1750/1750/1750
f 1749/1749/1749 1759/1759/1759 1751/1751/1751
f 1758/1758/1758 1751/1751/1751 1759/1759/1759
f 1757/1757/1757 1760/1760/1760 1735/1735/1735
f 1735/1735/1735 1760/1760/1760 1727/1727/1727
f 1758/1758/1758 1761/1761/1761 1757/1757/1757
f 1759/1759/1759 1762/1762/1762 1758/1758/1758
f 1762/1762/1762 1761/1761/1761 1758/1758/1758
f 1760/1760/1760 1757/1757/1757 1763/1763/1763
f 1761/1761/1761 1763/1763/1763 1757/1757/1757
f 1764/1764/1764 1727/1727/1727 1760/1760/1760
f 1760/1760/1760 1763/1763/1763 1765/1765/1765
f 1764/1764/1764 1760/1760/1760 1765/1765/1765
f 1761/1761/1761 1766/1766/1766 1763/1763/1763
f 1766/1766/1766 1765/1765/1765 1763/1763/1763
f 1764/1764/1764 1767/1767/1767 1727/1727/1727
f 1768/1768/1768 1727/1727/1727 1767/1767/1767
f 1769/1769/1769 1768/1768/1768 1767/1767/1767
f 1770/1770/1770 1768/1768/1768 1769/1769/1769
f 1771/1771/1771 1770/1770/1770 1769/1769/1769
f 1772/1772/1772 1771/1771/1771 1769/1769/1769
f 1764/1764/1764 1773/1773/1773 1767/1767/1767
f 1767/1767/1767 1773/1773/1773 1769/1769/1769
f 1772/1772/1772 1769/1769/1769 1774/1774/1774
f 1773/1773/1773 1774/1774/1774 1769/1769/1769
f 1774/1774/1774 1773/1773/1773 1775/1775/1775
f 1776/1776/1776 1772/1772/1772 1774/1774/1774
f 1764/1764/1764 1777/1777/1777 1773/1773/1773
f 1777/1777/1777 1764/1764/1764 1765/1765/1765
f 1775/1775/1775 1773/1773/1773 1777/1777/1777
f 1778/1778/1778 1777/1777/1777 1765/1765/1765
f 1776/1776/1776 1774/1774/1774 1779/1779/1779
f 1779/1779/1779 1774/1774/1774 1775/1775/1775
f 1780/1780/1780 1779/1779/1779 1775/1775/1775
f 1781/1781/1781 1776/1776/1776 1779/1779/1779
f 1779/1779/1779 1780/1780/1780 1781/1781/1781
f 1780/1780/1780 1782/1782/1782 1781/1781/1781
f 1783/1783/1783 1782/1782/1782 1780/1780/1780
f 1778/1778/1778 1765/1765/1765 1784/1784/1784
f 1784/1784/1784 1765/1765/1765 1766/1766/1766
f 1778/1778/1778 1785/1785/1785 1777/1777/1777
f 1785/1785/1785 1775/1775/1775 1777/1777/1777
f 1785/1785/1785 1786/1786/1786 1775/1775/1775
f 1786/1786/1786 1785/1785/1785 1778/1778/1778
f 1787/1787/1787 1780/1780/1780 1775/1775/1775
f 1786/1786/1786 1787/1787/1787 1775/1775/1775
f 1788/1788/1788 1783/1783/1783 1780/1780/1780
f 1789/1789/1789 1783/1783/1783 1788/1788/1788
f 1787/1787/1787 1790/1790/1790 1780/1780/1780
f 1790/1790/1790 1788/1788/1788 1780/1780/1780
f 1788/1788/1788 1790/1790/1790 1791/1791/1791
f 1792/1792/1792 1789/1789/1789 1788/1788/1788
f 1792/1792/1792 1788/1788/1788 1791/1791/1791
f 1789/1789/1789 1792/1792/1792 1793/1793/1793
f 1793/1793/1793 1792/1792/1792 1791/1791/1791
f 1794/1794/1794 1789/1789/1789 1793/1793/1793
f 1793/1793/1793 1795/1795/1795 1794/1794/1794
f 1795/1795/1795 1796/1796/1796 1794/1794/1794
f 1795/1795/1795 1797/1797/1797 1796/1796/1796
f 1795/1795/1795 1798/1798/1798 1797/1797/1797
f 1798/1798/1798 1799/1799/1799 1797/1797/1797
f 1798/1798/1798 1800/1800/1800 1799/1799/1799
f 1801/1801/1801 1800/1800/1800 1798/1798/1798
f 1798/1798/1798 1795/1795/1795 1802/1802/1802
f 1802/1802/1802 1801/1801/1801 1798/1798/1798
f 1803/1803/1803 1795/1795/1795 1793/1793/1793
f 1795/1795/1795 1803/1803/1803 1802/1802/1802
f 1804/1804/1804 1793/1793/1793 1791/1791/1791
f 1804/1804/1804 1803/1803/1803 1793/1793/1793
f 1801/1801/1801 1802/1802/1802 1805/1805/1805
f 1802/1802/1802 1803/1803/1803 1805/1805/1805
f 1803/1803/1803 1804/1804/1804 1806/1806/1806
f 1804/1804/1804 1791/1791/1791 1806/1806/1806
f 1803/1803/1803 1807/1807/1807 1805/1805/1805
f 1807/1807/1807 1803/1803/1803 1806/1806/1806
f 1807/1807/1807 1806/1806/1806 1808/1808/1808
f 1791/1791/1791 1809/1809/1809 1806/1806/1806
f 1806/1806/1806 1809/1809/1809 1808/1808/1808
f 1810/1810/1810 1805/1805/1805 1807/1807/1807
f 1810/1810/1810 1807/1807/1807 1808/1808/1808
f 1791/1791/1791 1811/1811/1811 1809/1809/1809
f 1811/1811/1811 1791/1791/1791 1790/1790/1790
f 1801/1801/1801 1805/1805/1805 1812/1812/1812
f 1812/1812/1812 1805/1805/1805 1810/1810/1810
f 1809/1809/1809 1813/1813/1813 1808/1808/1808
f 1809/1809/1809 1811/1811/1811 1813/1813/1813
f 1811/1811/1811 1814/1814/1814 1813/1813/1813
f 1815/1815/1815 1811/1811/1811 1790/1790/1790
f 1815/1815/1815 1814/1814/1814 1811/1811/1811
f 1790/1790/1790 1787/1787/1787 1815/1815/1815
f 1787/1787/1787 1816/1816/1816 1815/1815/1815
f 1816/1816/1816 1817/1817/1817 1815/1815/1815
f 1786/1786/1786 1816/1816/1816 1787/1787/1787
f 1818/1818/1818 1816/1816/1816 1786/1786/1786
f 1818/1818/1818 1817/1817/1817 1816/1816/1816
f 1818/1818/1818 1786/1786/1786 1778/1778/1778
f 1815/1815/1815 1819/1819/1819 1814/1814/1814
f 1817/1817/1817 1819/1819/1819 1815/1815/1815
f 1819/1819/1819 1820/1820/1820 1814/1814/1814
f 1817/1817/1817 1820/1820/1820 1819/1819/1819
f 1821/1821/1821 1818/1818/1818 1778/1778/1778
f 1822/1822/1822 1817/1817/1817 1818/1818/1818
f 1821/1821/1821 1822/1822/1822 1818/1818/1818
f 1821/1821/1821 1778/1778/1778 1823/1823/1823
f 1778/1778/1778 1784/1784/1784 1823/1823/1823
f 1784/1784/1784 1824/1824/1824 1823/1823/1823
f 1784/1784/1784 1825/1825/1825 1824/1824/1824
f 1784/1784/1784 1766/1766/1766 1825/1825/1825
f 1825/1825/1825 1766/1766/1766 1826/1826/1826
f 1824/1824/1824 1825/1825/1825 1826/1826/1826
f 1766/1766/1766 1827/1827/1827 1826/1826/1826
f 1761/1761/1761 1827/1827/1827 1766/1766/1766
f 1826/1826/1826 1827/1827/1827 1828/1828/1828
f 1828/1828/1828 1824/1824/1824 1826/1826/1826
f 1827/1827/1827 1761/1761/1761 1829/1829/1829
f 1827/1827/1827 1829/1829/1829 1828/1828/1828
f 1761/1761/1761 1762/1762/1762 1829/1829/1829
f 1828/1828/1828 1829/1829/1829 1830/1830/1830
f 1830/1830/1830 1824/1824/1824 1828/1828/1828
f 1829/1829/1829 1762/1762/1762 1831/1831/1831
f 1829/1829/1829 1831/1831/1831 1830/1830/1830
f 1830/1830/1830 1832/1832/1832 1824/1824/1824
f 1830/1830/1830 1831/1831/1831 1832/1832/1832
f 1833/1833/1833 1823/1823/1823 1824/1824/1824
f 1833/1833/1833 1824/1824/1824 1832/1832/1832
f 1762/1762/1762 1834/1834/1834 1831/1831/1831
f 1834/1834/1834 1762/1762/1762 1759/1759/1759
f 1835/1835/1835 1823/1823/1823 1833/1833/1833
f 1835/1835/1835 1821/1821/1821 1823/1823/1823
f 1831/1831/1831 1836/1836/1836 1832/1832/1832
f 1831/1831/1831 1834/1834/1834 1836/1836/1836
f 1833/1833/1833 1832/1832/1832 1837/1837/1837
f 1833/1833/1833 1837/1837/1837 1835/1835/1835
f 1832/1832/1832 1836/1836/1836 1837/1837/1837
f 1838/1838/1838 1834/1834/1834 1759/1759/1759
f 1759/1759/1759 1749/1749/1749 1838/1838/1838
f 1836/1836/1836 1839/1839/1839 1837/1837/1837
f 1837/1837/1837 1839/1839/1839 1835/1835/1835
f 1834/1834/1834 1840/1840/1840 1836/1836/1836
f 1840/1840/1840 1834/1834/1834 1838/1838/1838
f 1836/1836/1836 1840/1840/1840 1839/1839/1839
f 1835/1835/1835 1841/1841/1841 1821/1821/1821
f 1841/1841/1841 1822/1822/1822 1821/1821/1821
f 1839/1839/1839 1842/1842/1842 1835/1835/1835
f 1840/1840/1840 1842/1842/1842 1839/1839/1839
f 1842/1842/1842 1841/1841/1841 1835/1835/1835
f 1843/1843/1843 1840/1840/1840 1838/1838/1838
f 1842/1842/1842 1840/1840/1840 1843/1843/1843
f 1838/1838/1838 1749/1749/1749 1843/1843/1843
f 1842/1842/1842 1844/1844/1844 1841/1841/1841
f 1844/1844/1844 1842/1842/1842 1843/1843/1843
f 1845/1845/1845 1822/1822/1822 1841/1841/1841
f 1845/1845/1845 1841/1841/1841 1844/1844/1844
f 1749/1749/1749 1846/1846/1846 1843/1843/1843
f 1844/1844/1844 1843/1843/1843 1846/1846/1846
f 1845/1845/1845 1847/1847/1847 1822/1822/1822
f 1817/1817/1817 1822/1822/1822 1847/1847/1847
f 1844/1844/1844 1848/1848/1848 1845/1845/1845
f 1844/1844/1844 1846/1846/1846 1848/1848/1848
f 1847/1847/1847 1845/1845/1845 1848/1848/1848
f 1846/1846/1846 1749/1749/1749 1849/1849/1849
f 1849/1849/1849 1749/1749/1749 1748/1748/1748
f 1817/1817/1817 1847/1847/1847 1850/1850/1850
f 1817/1817/1817 1850/1850/1850 1820/1820/1820
f 1851/1851/1851 1850/1850/1850 1847/1847/1847
f 1852/1852/1852 1847/1847/1847 1848/1848/1848
f 1852/1852/1852 1851/1851/1851 1847/1847/1847
f 1852/1852/1852 1848/1848/1848 1853/1853/1853
f 1852/1852/1852 1853/1853/1853 1851/1851/1851
f 1854/1854/1854 1851/1851/1851 1853/1853/1853
f 1851/1851/1851 1855/1855/1855 1850/1850/1850
f 1855/1855/1855 1820/1820/1820 1850/1850/1850
f 1855/1855/1855 1851/1851/1851 1854/1854/1854
f 1856/1856/1856 1848/1848/1848 1846/1846/1846
f 1853/1853/1853 1848/1848/1848 1856/1856/1856
f 1846/1846/1846 1857/1857/1857 1856/1856/1856
f 1857/1857/1857 1846/1846/1846 1849/1849/1849
f 1858/1858/1858 1853/1853/1853 1856/1856/1856
f 1858/1858/1858 1854/1854/1854 1853/1853/1853
f 1856/1856/1856 1857/1857/1857 1858/1858/1858
f 1859/1859/1859 1858/1858/1858 1857/1857/1857
f 1859/1859/1859 1854/1854/1854 1858/1858/1858
f 1859/1859/1859 1860/1860/1860 1854/1854/1854
f 1859/1859/1859 1857/1857/1857 1861/1861/1861
f 1857/1857/1857 1849/1849/1849 1861/1861/1861
f 1860/1860/1860 1859/1859/1859 1861/1861/1861
f 1862/1862/1862 1861/1861/1861 1849/1849/1849
f 1748/1748/1748 1862/1862/1862 1849/1849/1849
f 1861/1861/1861 1863/1863/1863 1860/1860/1860
f 1863/1863/1863 1861/1861/1861 1862/1862/1862
f 1748/1748/1748 1864/1864/1864 1862/1862/1862
f 1748/1748/1748 1741/1741/1741 1864/1864/1864
f 1862/1862/1862 1864/1864/1864 1865/1865/1865
f 1864/1864/1864 1741/1741/1741 1866/1866/1866
f 1866/1866/1866 1865/1865/1865 1864/1864/1864
f 1867/1867/1867 1863/1863/1863 1862/1862/1862
f 1862/1862/1862 1865/1865/1865 1867/1867/1867
f 1741/1741/1741 1868/1868/1868 1866/1866/1866
f 1740/1740/1740 1868/1868/1868 1741/1741/1741
f 1868/1868/1868 1740/1740/1740 1869/1869/1869
f 1739/1739/1739 1869/1869/1869 1740/1740/1740
f 1870/1870/1870 1869/1869/1869 1739/1739/1739
f 1754/1754/1754 1870/1870/1870 1739/1739/1739
f 1866/1866/1866 1868/1868/1868 1871/1871/1871
f 1872/1872/1872 1868/1868/1868 1869/1869/1869
f 1871/1871/1871 1868/1868/1868 1872/1872/1872
f 1865/1865/1865 1866/1866/1866 1873/1873/1873
f 1873/1873/1873 1866/1866/1866 1871/1871/1871
f 1874/1874/1874 1865/1865/1865 1873/1873/1873
f 1875/1875/1875 1873/1873/1873 1871/1871/1871
f 1876/1876/1876 1865/1865/1865 1874/1874/1874
f 1877/1877/1877 1876/1876/1876 1874/1874/1874
f 1876/1876/1876 1867/1867/1867 1865/1865/1865
f 1871/1871/1871 1878/1878/1878 1875/1875/1875
f 1878/1878/1878 1871/1871/1871 1872/1872/1872
f 1878/1878/1878 1879/1879/1879 1875/1875/1875
f 1878/1878/1878 1880/1880/1880 1879/1879/1879
f 1880/1880/1880 1878/1878/1878 1872/1872/1872
f 1880/1880/1880 1881/1881/1881 1879/1879/1879
f 1881/1881/1881 1880/1880/1880 1882/1882/1882
f 1883/1883/1883 1876/1876/1876 1877/1877/1877
f 1884/1884/1884 1883/1883/1883 1877/1877/1877
f 1885/1885/1885 1867/1867/1867 1876/1876/1876
f 1883/1883/1883 1885/1885/1885 1876/1876/1876
f 1867/1867/1867 1885/1885/1885 1863/1863/1863
f 1886/1886/1886 1880/1880/1880 1872/1872/1872
f 1886/1886/1886 1872/1872/1872 1869/1869/1869
f 1870/1870/1870 1886/1886/1886 1869/1869/1869
f 1880/1880/1880 1887/1887/1887 1882/1882/1882
f 1880/1880/1880 1886/1886/1886 1887/1887/1887
f 1888/1888/1888 1882/1882/1882 1887/1887/1887
f 1883/1883/1883 1884/1884/1884 1889/1889/1889
f 1884/1884/1884 1890/1890/1890 1889/1889/1889
f 1885/1885/1885 1883/1883/1883 1891/1891/1891
f 1863/1863/1863 1885/1885/1885 1891/1891/1891
f 1883/1883/1883 1889/1889/1889 1891/1891/1891
f 1886/1886/1886 1870/1870/1870 1892/1892/1892
f 1886/1886/1886 1892/1892/1892 1887/1887/1887
f 1893/1893/1893 1888/1888/1888 1887/1887/1887
f 1888/1888/1888 1893/1893/1893 1894/1894/1894
f 1895/1895/1895 1889/1889/1889 1890/1890/1890
f 1896/1896/1896 1895/1895/1895 1890/1890/1890
f 1897/1897/1897 1863/1863/1863 1891/1891/1891
f 1863/1863/1863 1897/1897/1897 1860/1860/1860
f 1898/1898/1898 1891/1891/1891 1889/1889/1889
f 1895/1895/1895 1898/1898/1898 1889/1889/1889
f 1897/1897/1897 1891/1891/1891 1898/1898/1898
f 1887/1887/1887 1899/1899/1899 1893/1893/1893
f 1887/1887/1887 1892/1892/1892 1899/1899/1899
f 1893/1893/1893 1900/1900/1900 1894/1894/1894
f 1893/1893/1893 1899/1899/1899 1900/1900/1900
f 1901/1901/1901 1894/1894/1894 1900/1900/1900
f 1902/1902/1902 1895/1895/1895 1896/1896/1896
f 1903/1903/1903 1902/1902/1902 1896/1896/1896
f 1904/1904/1904 1898/1898/1898 1895/1895/1895
f 1902/1902/1902 1904/1904/1904 1895/1895/1895
f 1905/1905/1905 1897/1897/1897 1898/1898/1898
f 1898/1898/1898 1904/1904/1904 1905/1905/1905
f 1906/1906/1906 1901/1901/1901 1900/1900/1900
f 1907/1907/1907 1901/1901/1901 1906/1906/1906
f 1899/1899/1899 1908/1908/1908 1900/1900/1900
f 1906/1906/1906 1900/1900/1900 1908/1908/1908
f 1902/1902/1902 1903/1903/1903 1909/1909/1909
f 1903/1903/1903 1910/1910/1910 1909/1909/1909
f 1897/1897/1897 1905/1905/1905 1911/1911/1911
f 1860/1860/1860 1897/1897/1897 1911/1911/1911
f 1904/1904/1904 1912/1912/1912 1905/1905/1905
f 1911/1911/1911 1905/1905/1905 1912/1912/1912
f 1913/1913/1913 1911/1911/1911 1912/1912/1912
f 1904/1904/1904 1902/1902/1902 1914/1914/1914
f 1904/1904/1904 1914/1914/1914 1912/1912/1912
f 1902/1902/1902 1909/1909/1909 1914/1914/1914
f 1915/1915/1915 1909/1909/1909 1910/1910/1910
f 1916/1916/1916 1915/1915/1915 1910/1910/1910
f 1917/1917/1917 1915/1915/1915 1916/1916/1916
f 1860/1860/1860 1911/1911/1911 1918/1918/1918
f 1913/1913/1913 1918/1918/1918 1911/1911/1911
f 1914/1914/1914 1919/1919/1919 1912/1912/1912
f 1913/1913/1913 1912/1912/1912 1919/1919/1919
f 1920/1920/1920 1914/1914/1914 1909/1909/1909
f 1915/1915/1915 1920/1920/1920 1909/1909/1909
f 1919/1919/1919 1914/1914/1914 1920/1920/1920
f 1917/1917/1917 1921/1921/1921 1915/1915/1915
f 1921/1921/1921 1920/1920/1920 1915/1915/1915
f 1922/1922/1922 1919/1919/1919 1920/1920/1920
f 1920/1920/1920 1921/1921/1921 1922/1922/1922
f 1923/1923/1923 1921/1921/1921 1917/1917/1917
f 1924/1924/1924 1923/1923/1923 1917/1917/1917
f 1860/1860/1860 1918/1918/1918 1925/1925/1925
f 1925/1925/1925 1918/1918/1918 1926/1926/1926
f 1860/1860/1860 1925/1925/1925 1854/1854/1854
f 1927/1927/1927 1854/1854/1854 1925/1925/1925
f 1927/1927/1927 1925/1925/1925 1926/1926/1926
f 1855/1855/1855 1854/1854/1854 1927/1927/1927
f 1927/1927/1927 1926/1926/1926 1855/1855/1855
f 1928/1928/1928 1919/1919/1919 1922/1922/1922
f 1913/1913/1913 1919/1919/1919 1928/1928/1928
f 1921/1921/1921 1929/1929/1929 1922/1922/1922
f 1929/1929/1929 1921/1921/1921 1923/1923/1923
f 1930/1930/1930 1923/1923/1923 1924/1924/1924
f 1930/1930/1930 1924/1924/1924 1931/1931/1931
f 1931/1931/1931 1932/1932/1932 1930/1930/1930
f 1926/1926/1926 1933/1933/1933 1855/1855/1855
f 1855/1855/1855 1933/1933/1933 1820/1820/1820
f 1820/1820/1820 1933/1933/1933 1934/1934/1934
f 1934/1934/1934 1933/1933/1933 1926/1926/1926
f 1923/1923/1923 1935/1935/1935 1929/1929/1929
f 1930/1930/1930 1935/1935/1935 1923/1923/1923
f 1936/1936/1936 1935/1935/1935 1930/1930/1930
f 1932/1932/1932 1937/1937/1937 1930/1930/1930
f 1937/1937/1937 1936/1936/1936 1930/1930/1930
f 1932/1932/1932 1938/1938/1938 1937/1937/1937
f 1938/1938/1938 1939/1939/1939 1937/1937/1937
f 1936/1936/1936 1937/1937/1937 1939/1939/1939
f 1940/1940/1940 1939/1939/1939 1938/1938/1938
f 1941/1941/1941 1940/1940/1940 1938/1938/1938
f 1942/1942/1942 1820/1820/1820 1934/1934/1934
f 1820/1820/1820 1942/1942/1942 1814/1814/1814
f 1936/1936/1936 1939/1939/1939 1943/1943/1943
f 1940/1940/1940 1943/1943/1943 1939/1939/1939
f 1940/1940/1940 1941/1941/1941 1944/1944/1944
f 1941/1941/1941 1945/1945/1945 1944/1944/1944
f 1946/1946/1946 1944/1944/1944 1945/1945/1945
f 1907/1907/1907 1946/1946/1946 1945/1945/1945
f 1946/1946/1946 1907/1907/1907 1906/1906/1906
f 1946/1946/1946 1906/1906/1906 1947/1947/1947
f 1947/1947/1947 1906/1906/1906 1908/1908/1908
f 1946/1946/1946 1948/1948/1948 1944/1944/1944
f 1948/1948/1948 1946/1946/1946 1947/1947/1947
f 1944/1944/1944 1949/1949/1949 1940/1940/1940
f 1948/1948/1948 1949/1949/1949 1944/1944/1944
f 1940/1940/1940 1950/1950/1950 1943/1943/1943
f 1949/1949/1949 1950/1950/1950 1940/1940/1940
f 1947/1947/1947 1908/1908/1908 1951/1951/1951
f 1948/1948/1948 1947/1947/1947 1952/1952/1952
f 1952/1952/1952 1947/1947/1947 1951/1951/1951
f 1948/1948/1948 1953/1953/1953 1949/1949/1949
f 1953/1953/1953 1948/1948/1948 1952/1952/1952
f 1949/1949/1949 1954/1954/1954 1950/1950/1950
f 1953/1953/1953 1954/1954/1954 1949/1949/1949
f 1950/1950/1950 1955/1955/1955 1943/1943/1943
f 1955/1955/1955 1950/1950/1950 1954/1954/1954
f 1956/1956/1956 1951/1951/1951 1908/1908/1908
f 1899/1899/1899 1956/1956/1956 1908/1908/1908
f 1892/1892/1892 1956/1956/1956 1899/1899/1899
f 1951/1951/1951 1957/1957/1957 1952/1952/1952
f 1957/1957/1957 1951/1951/1951 1956/1956/1956
f 1952/1952/1952 1958/1958/1958 1953/1953/1953
f 1957/1957/1957 1958/1958/1958 1952/1952/1952
f 1954/1954/1954 1953/1953/1953 1959/1959/1959
f 1958/1958/1958 1959/1959/1959 1953/1953/1953
f 1956/1956/1956 1892/1892/1892 1960/1960/1960
f 1870/1870/1870 1960/1960/1960 1892/1892/1892
f 1960/1960/1960 1870/1870/1870 1754/1754/1754
f 1961/1961/1961 1955/1955/1955 1954/1954/1954
f 1961/1961/1961 1954/1954/1954 1959/1959/1959
f 1962/1962/1962 1957/1957/1957 1956/1956/1956
f 1962/1962/1962 1956/1956/1956 1960/1960/1960
f 1963/1963/1963 1960/1960/1960 1754/1754/1754
f 1755/1755/1755 1963/1963/1963 1754/1754/1754
f 1963/1963/1963 1964/1964/1964 1960/1960/1960
f 1964/1964/1964 1962/1962/1962 1960/1960/1960
f 1964/1964/1964 1963/1963/1963 1755/1755/1755
f 1965/1965/1965 1957/1957/1957 1962/1962/1962
f 1964/1964/1964 1965/1965/1965 1962/1962/1962
f 1966/1966/1966 1964/1964/1964 1755/1755/1755
f 1964/1964/1964 1966/1966/1966 1965/1965/1965
f 1966/1966/1966 1755/1755/1755 1756/1756/1756
f 1965/1965/1965 1967/1967/1967 1957/1957/1957
f 1967/1967/1967 1958/1958/1958 1957/1957/1957
f 1966/1966/1966 1968/1968/1968 1965/1965/1965
f 1966/1966/1966 1756/1756/1756 1968/1968/1968
f 1967/1967/1967 1965/1965/1965 1968/1968/1968
f 1958/1958/1958 1967/1967/1967 1969/1969/1969
f 1959/1959/1959 1958/1958/1958 1969/1969/1969
f 1756/1756/1756 1970/1970/1970 1968/1968/1968
f 1744/1744/1744 1970/1970/1970 1756/1756/1756
f 1971/1971/1971 1967/1967/1967 1968/1968/1968
f 1969/1969/1969 1967/1967/1967 1971/1971/1971
f 1971/1971/1971 1968/1968/1968 1970/1970/1970
f 1959/1959/1959 1969/1969/1969 1972/1972/1972
f 1961/1961/1961 1959/1959/1959 1972/1972/1972
f 1973/1973/1973 1970/1970/1970 1744/1744/1744
f 1973/1973/1973 1744/1744/1744 1746/1746/1746
f 1974/1974/1974 1971/1971/1971 1970/1970/1970
f 1973/1973/1973 1974/1974/1974 1970/1970/1970
f 1975/1975/1975 1969/1969/1969 1971/1971/1971
f 1975/1975/1975 1971/1971/1971 1974/1974/1974
f 1972/1972/1972 1969/1969/1969 1975/1975/1975
f 1961/1961/1961 1972/1972/1972 1976/1976/1976
f 1955/1955/1955 1961/1961/1961 1976/1976/1976
f 1973/1973/1973 1746/1746/1746 1977/1977/1977
f 1746/1746/1746 1978/1978/1978 1977/1977/1977
f 1973/1973/1973 1979/1979/1979 1974/1974/1974
f 1979/1979/1979 1975/1975/1975 1974/1974/1974
f 1973/1973/1973 1977/1977/1977 1979/1979/1979
f 1980/1980/1980 1972/1972/1972 1975/1975/1975
f 1972/1972/1972 1980/1980/1980 1976/1976/1976
f 1975/1975/1975 1979/1979/1979 1981/1981/1981
f 1980/1980/1980 1975/1975/1975 1981/1981/1981
f 1981/1981/1981 1979/1979/1979 1977/1977/1977
f 1977/1977/1977 1978/1978/1978 1982/1982/1982
f 1978/1978/1978 1983/1983/1983 1982/1982/1982
f 1982/1982/1982 1983/1983/1983 1984/1984/1984
f 1980/1980/1980 1985/1985/1985 1976/1976/1976
f 1980/1980/1980 1981/1981/1981 1985/1985/1985
f 1986/1986/1986 1981/1981/1981 1977/1977/1977
f 1977/1977/1977 1982/1982/1982 1986/1986/1986
f 1981/1981/1981 1986/1986/1986 1985/1985/1985
f 1987/1987/1987 1982/1982/1982 1984/1984/1984
f 1987/1987/1987 1984/1984/1984 1988/1988/1988
f 1982/1982/1982 1989/1989/1989 1986/1986/1986
f 1985/1985/1985 1986/1986/1986 1989/1989/1989
f 1987/1987/1987 1989/1989/1989 1982/1982/1982
f 1976/1976/1976 1985/1985/1985 1990/1990/1990
f 1985/1985/1985 1989/1989/1989 1990/1990/1990
f 1976/1976/1976 1990/1990/1990 1955/1955/1955
f 1991/1991/1991 1987/1987/1987 1988/1988/1988
f 1987/1987/1987 1991/1991/1991 1992/1992/1992
f 1991/1991/1991 1988/1988/1988 1993/1993/1993
f 1987/1987/1987 1994/1994/1994 1989/1989/1989
f 1994/1994/1994 1990/1990/1990 1989/1989/1989
f 1994/1994/1994 1987/1987/1987 1992/1992/1992
f 1990/1990/1990 1995/1995/1995 1955/1955/1955
f 1955/1955/1955 1995/1995/1995 1943/1943/1943
f 1936/1936/1936 1943/1943/1943 1995/1995/1995
f 1994/1994/1994 1996/1996/1996 1990/1990/1990
f 1996/1996/1996 1995/1995/1995 1990/1990/1990
f 1996/1996/1996 1936/1936/1936 1995/1995/1995
f 1996/1996/1996 1994/1994/1994 1992/1992/1992
f 1996/1996/1996 1997/1997/1997 1936/1936/1936
f 1997/1997/1997 1996/1996/1996 1992/1992/1992
f 1997/1997/1997 1935/1935/1935 1936/1936/1936
f 1998/1998/1998 1991/1991/1991 1993/1993/1993
f 1998/1998/1998 1992/1992/1992 1991/1991/1991
f 1998/1998/1998 1993/1993/1993 1999/1999/1999
f 1998/1998/1998 1999/1999/1999 1992/1992/1992
f 1993/1993/1993 2000/2000/2000 1999/1999/1999
f 1999/1999/1999 2000/2000/2000 2001/2001/2001
f 2002/2002/2002 1999/1999/1999 2001/2001/2001
f 2003/2003/2003 1992/1992/1992 1999/1999/1999
f 1997/1997/1997 1992/1992/1992 2003/2003/2003
f 1999/1999/1999 2002/2002/2002 2003/2003/2003
f 2004/2004/2004 1935/1935/1935 1997/1997/1997
f 1935/1935/1935 2004/2004/2004 1929/1929/1929
f 2005/2005/2005 2002/2002/2002 2001/2001/2001
f 2001/2001/2001 2006/2006/2006 2005/2005/2005
f 2007/2007/2007 1997/1997/1997 2003/2003/2003
f 2004/2004/2004 1997/1997/1997 2007/2007/2007
f 2008/2008/2008 2007/2007/2007 2003/2003/2003
f 2007/2007/2007 2008/2008/2008 2004/2004/2004
f 2009/2009/2009 1929/1929/1929 2004/2004/2004
f 1922/1922/1922 1929/1929/1929 2009/2009/2009
f 2010/2010/2010 2003/2003/2003 2002/2002/2002
f 2010/2010/2010 2008/2008/2008 2003/2003/2003
f 2011/2011/2011 2005/2005/2005 2006/2006/2006
f 2012/2012/2012 2011/2011/2011 2006/2006/2006
f 2009/2009/2009 2004/2004/2004 2013/2013/2013
f 2008/2008/2008 2013/2013/2013 2004/2004/2004
f 2014/2014/2014 1922/1922/1922 2009/2009/2009
f 2014/2014/2014 1928/1928/1928 1922/1922/1922
f 2015/2015/2015 2011/2011/2011 2012/2012/2012
f 2016/2016/2016 2015/2015/2015 2012/2012/2012
f 2017/2017/2017 2015/2015/2015 2016/2016/2016
f 2018/2018/2018 2017/2017/2017 2016/2016/2016
f 2011/2011/2011 2019/2019/2019 2005/2005/2005
f 2015/2015/2015 2020/2020/2020 2011/2011/2011
f 2020/2020/2020 2019/2019/2019 2011/2011/2011
f 2021/2021/2021 2020/2020/2020 2015/2015/2015
f 2017/2017/2017 2021/2021/2021 2015/2015/2015
f 2022/2022/2022 2021/2021/2021 2017/2017/2017
f 2023/2023/2023 2020/2020/2020 2021/2021/2021
f 2019/2019/2019 2020/2020/2020 2023/2023/2023
f 2024/2024/2024 2017/2017/2017 2018/2018/2018
f 2024/2024/2024 2022/2022/2022 2017/2017/2017
f 2024/2024/2024 2018/2018/2018 2025/2025/2025
f 2024/2024/2024 2025/2025/2025 2022/2022/2022
f 2019/2019/2019 2026/2026/2026 2005/2005/2005
f 2005/2005/2005 2026/2026/2026 2002/2002/2002
f 2027/2027/2027 2026/2026/2026 2019/2019/2019
f 2002/2002/2002 2026/2026/2026 2027/2027/2027
f 2028/2028/2028 2021/2021/2021 2022/2022/2022
f 2028/2028/2028 2023/2023/2023 2021/2021/2021
f 2018/2018/2018 2029/2029/2029 2025/2025/2025
f 2018/2018/2018 2030/2030/2030 2029/2029/2029
f 2030/2030/2030 2031/2031/2031 2029/2029/2029
f 2029/2029/2029 2031/2031/2031 2032/2032/2032
f 2031/2031/2031 2033/2033/2033 2032/2032/2032
f 2034/2034/2034 2019/2019/2019 2023/2023/2023
f 2034/2034/2034 2027/2027/2027 2019/2019/2019
f 2035/2035/2035 2002/2002/2002 2027/2027/2027
f 2002/2002/2002 2035/2035/2035 2010/2010/2010
f 2036/2036/2036 2010/2010/2010 2035/2035/2035
f 2008/2008/2008 2010/2010/2010 2036/2036/2036
f 2035/2035/2035 2027/2027/2027 2037/2037/2037
f 2036/2036/2036 2035/2035/2035 2037/2037/2037
f 2027/2027/2027 2034/2034/2034 2038/2038/2038
f 2027/2027/2027 2038/2038/2038 2037/2037/2037
f 2034/2034/2034 2023/2023/2023 2039/2039/2039
f 2034/2034/2034 2039/2039/2039 2038/2038/2038
f 2040/2040/2040 2039/2039/2039 2023/2023/2023
f 2028/2028/2028 2040/2040/2040 2023/2023/2023
f 2038/2038/2038 2039/2039/2039 2041/2041/2041
f 2039/2039/2039 2040/2040/2040 2041/2041/2041
f 2042/2042/2042 2037/2037/2037 2038/2038/2038
f 2041/2041/2041 2042/2042/2042 2038/2038/2038
f 2037/2037/2037 2043/2043/2043 2036/2036/2036
f 2042/2042/2042 2043/2043/2043 2037/2037/2037
f 2044/2044/2044 2008/2008/2008 2036/2036/2036
f 2043/2043/2043 2045/2045/2045 2036/2036/2036
f 2044/2044/2044 2036/2036/2036 2045/2045/2045
f 2008/2008/2008 2044/2044/2044 2046/2046/2046
f 2008/2008/2008 2046/2046/2046 2013/2013/2013
f 2043/2043/2043 2047/2047/2047 2045/2045/2045
f 2043/2043/2043 2042/2042/2042 2047/2047/2047
f 2045/2045/2045 2047/2047/2047 2048/2048/2048
f 2049/2049/2049 2045/2045/2045 2048/2048/2048
f 2042/2042/2042 2050/2050/2050 2047/2047/2047
f 2048/2048/2048 2047/2047/2047 2050/2050/2050
f 2051/2051/2051 2050/2050/2050 2042/2042/2042
f 2042/2042/2042 2041/2041/2041 2051/2051/2051
f 2052/2052/2052 2050/2050/2050 2051/2051/2051
f 2052/2052/2052 2048/2048/2048 2050/2050/2050
f 2041/2041/2041 2053/2053/2053 2051/2051/2051
f 2052/2052/2052 2051/2051/2051 2053/2053/2053
f 2041/2041/2041 2054/2054/2054 2053/2053/2053
f 2041/2041/2041 2040/2040/2040 2054/2054/2054
f 2052/2052/2052 2053/2053/2053 2055/2055/2055
f 2055/2055/2055 2053/2053/2053 2054/2054/2054
f 2054/2054/2054 2040/2040/2040 2056/2056/2056
f 2040/2040/2040 2028/2028/2028 2056/2056/2056
f 2052/2052/2052 2055/2055/2055 2057/2057/2057
f 2048/2048/2048 2052/2052/2052 2057/2057/2057
f 2058/2058/2058 2055/2055/2055 2054/2054/2054
f 2054/2054/2054 2056/2056/2056 2058/2058/2058
f 2057/2057/2057 2055/2055/2055 2058/2058/2058
f 2049/2049/2049 2048/2048/2048 2059/2059/2059
f 2060/2060/2060 2049/2049/2049 2059/2059/2059
f 2061/2061/2061 2056/2056/2056 2028/2028/2028
f 2061/2061/2061 2028/2028/2028 2022/2022/2022
f 2056/2056/2056 2061/2061/2061 2062/2062/2062
f 2056/2056/2056 2062/2062/2062 2058/2058/2058
f 2061/2061/2061 2022/2022/2022 2062/2062/2062
f 2059/2059/2059 2048/2048/2048 2063/2063/2063
f 2048/2048/2048 2057/2057/2057 2063/2063/2063
f 2059/2059/2059 2064/2064/2064 2060/2060/2060
f 2059/2059/2059 2063/2063/2063 2064/2064/2064
f 2064/2064/2064 2065/2065/2065 2060/2060/2060
f 2033/2033/2033 2065/2065/2065 2064/2064/2064
f 2032/2032/2032 2033/2033/2033 2064/2064/2064
f 2064/2064/2064 2063/2063/2063 2032/2032/2032
f 2066/2066/2066 2057/2057/2057 2058/2058/2058
f 2062/2062/2062 2066/2066/2066 2058/2058/2058
f 2022/2022/2022 2067/2067/2067 2062/2062/2062
f 2062/2062/2062 2067/2067/2067 2066/2066/2066
f 2025/2025/2025 2067/2067/2067 2022/2022/2022
f 2066/2066/2066 2068/2068/2068 2057/2057/2057
f 2067/2067/2067 2068/2068/2068 2066/2066/2066
f 2068/2068/2068 2063/2063/2063 2057/2057/2057
f 2068/2068/2068 2067/2067/2067 2025/2025/2025
f 2063/2063/2063 2069/2069/2069 2032/2032/2032
f 2063/2063/2063 2068/2068/2068 2069/2069/2069
f 2069/2069/2069 2068/2068/2068 2025/2025/2025
f 2032/2032/2032 2069/2069/2069 2029/2029/2029
f 2069/2069/2069 2025/2025/2025 2029/2029/2029
f 2072/2072/2072 2071/2071/2071 2070/2070/2070
f 2071/2071/2071 2073/2073/2073 2070/2070/2070
f 2071/2071/2071 2074/2074/2074 2073/2073/2073
f 2074/2074/2074 2075/2075/2075 2073/2073/2073
f 2073/2073/2073 2076/2076/2076 2070/2070/2070
f 2076/2076/2076 2077/2077/2077 2070/2070/2070
f 2075/2075/2075 2078/2078/2078 2073/2073/2073
f 2078/2078/2078 2075/2075/2075 2079/2079/2079
f 2079/2079/2079 2080/2080/2080 2078/2078/2078
f 2077/2077/2077 2076/2076/2076 2081/2081/2081
f 2082/2082/2082 2077/2077/2077 2081/2081/2081
f 2078/2078/2078 2083/2083/2083 2073/2073/2073
f 2076/2076/2076 2073/2073/2073 2083/2083/2083
f 2082/2082/2082 2081/2081/2081 2084/2084/2084
f 2085/2085/2085 2082/2082/2082 2084/2084/2084
f 2080/2080/2080 2086/2086/2086 2078/2078/2078
f 2087/2087/2087 2083/2083/2083 2078/2078/2078
f 2086/2086/2086 2087/2087/2087 2078/2078/2078
f 2088/2088/2088 2083/2083/2083 2087/2087/2087
f 2089/2089/2089 2076/2076/2076 2083/2083/2083
f 2088/2088/2088 2089/2089/2089 2083/2083/2083
f 2076/2076/2076 2089/2089/2089 2090/2090/2090
f 2081/2081/2081 2076/2076/2076 2090/2090/2090
f 2090/2090/2090 2089/2089/2089 2088/2088/2088
f 2086/2086/2086 2080/2080/2080 2091/2091/2091
f 2091/2091/2091 2080/2080/2080 2092/2092/2092
f 2087/2087/2087 2086/2086/2086 2093/2093/2093
f 2086/2086/2086 2091/2091/2091 2093/2093/2093
f 2091/2091/2091 2092/2092/2092 2094/2094/2094
f 2093/2093/2093 2091/2091/2091 2094/2094/2094
f 2090/2090/2090 2095/2095/2095 2081/2081/2081
f 2095/2095/2095 2084/2084/2084 2081/2081/2081
f 2096/2096/2096 2088/2088/2088 2087/2087/2087
f 2096/2096/2096 2087/2087/2087 2093/2093/2093
f 2092/2092/2092 2097/2097/2097 2094/2094/2094
f 2092/2092/2092 2098/2098/2098 2097/2097/2097
f 2099/2099/2099 2097/2097/2097 2098/2098/2098
f 2094/2094/2094 2097/2097/2097 2099/2099/2099
f 2100/2100/2100 2099/2099/2099 2098/2098/2098
f 2099/2099/2099 2100/2100/2100 2101/2101/2101
f 2100/2100/2100 2102/2102/2102 2101/2101/2101
f 2103/2103/2103 2094/2094/2094 2099/2099/2099
f 2103/2103/2103 2099/2099/2099 2101/2101/2101
f 2104/2104/2104 2093/2093/2093 2094/2094/2094
f 2104/2104/2104 2094/2094/2094 2103/2103/2103
f 2105/2105/2105 2096/2096/2096 2093/2093/2093
f 2105/2105/2105 2093/2093/2093 2104/2104/2104
f 2101/2101/2101 2102/2102/2102 2106/2106/2106
f 2102/2102/2102 2107/2107/2107 2106/2106/2106
f 2106/2106/2106 2107/2107/2107 2108/2108/2108
f 2107/2107/2107 2109/2109/2109 2108/2108/2108
f 2108/2108/2108 2109/2109/2109 2110/2110/2110
f 2106/2106/2106 2111/2111/2111 2101/2101/2101
f 2106/2106/2106 2108/2108/2108 2111/2111/2111
f 2112/2112/2112 2108/2108/2108 2110/2110/2110
f 2112/2112/2112 2110/2110/2110 2113/2113/2113
f 2114/2114/2114 2112/2112/2112 2113/2113/2113
f 2114/2114/2114 2113/2113/2113 2115/2115/2115
f 2112/2112/2112 2116/2116/2116 2108/2108/2108
f 2114/2114/2114 2116/2116/2116 2112/2112/2112
f 2114/2114/2114 2115/2115/2115 2117/2117/2117
f 2118/2118/2118 2117/2117/2117 2115/2115/2115
f 2108/2108/2108 2119/2119/2119 2111/2111/2111
f 2116/2116/2116 2119/2119/2119 2108/2108/2108
f 2116/2116/2116 2114/2114/2114 2120/2120/2120
f 2114/2114/2114 2117/2117/2117 2120/2120/2120
f 2116/2116/2116 2121/2121/2121 2119/2119/2119
f 2121/2121/2121 2116/2116/2116 2120/2120/2120
f 2121/2121/2121 2120/2120/2120 2122/2122/2122
f 2119/2119/2119 2123/2123/2123 2111/2111/2111
f 2121/2121/2121 2123/2123/2123 2119/2119/2119
f 2118/2118/2118 2124/2124/2124 2117/2117/2117
f 2124/2124/2124 2118/2118/2118 2125/2125/2125
f 2117/2117/2117 2126/2126/2126 2120/2120/2120
f 2122/2122/2122 2120/2120/2120 2126/2126/2126
f 2117/2117/2117 2124/2124/2124 2127/2127/2127
f 2124/2124/2124 2125/2125/2125 2127/2127/2127
f 2126/2126/2126 2117/2117/2117 2127/2127/2127
f 2127/2127/2127 2125/2125/2125 2128/2128/2128
f 2125/2125/2125 2129/2129/2129 2128/2128/2128
f 2126/2126/2126 2127/2127/2127 2130/2130/2130
f 2127/2127/2127 2128/2128/2128 2130/2130/2130
f 2123/2123/2123 2131/2131/2131 2111/2111/2111
f 2101/2101/2101 2111/2111/2111 2131/2131/2131
f 2132/2132/2132 2101/2101/2101 2131/2131/2131
f 2132/2132/2132 2103/2103/2103 2101/2101/2101
f 2133/2133/2133 2122/2122/2122 2126/2126/2126
f 2133/2133/2133 2126/2126/2126 2130/2130/2130
f 2128/2128/2128 2129/2129/2129 2134/2134/2134
f 2134/2134/2134 2129/2129/2129 2135/2135/2135
f 2136/2136/2136 2131/2131/2131 2123/2123/2123
f 2132/2132/2132 2131/2131/2131 2136/2136/2136
f 2103/2103/2103 2132/2132/2132 2137/2137/2137
f 2137/2137/2137 2104/2104/2104 2103/2103/2103
f 2138/2138/2138 2134/2134/2134 2135/2135/2135
f 2139/2139/2139 2138/2138/2138 2135/2135/2135
f 2138/2138/2138 2139/2139/2139 2140/2140/2140
f 2141/2141/2141 2138/2138/2138 2140/2140/2140
f 2141/2141/2141 2140/2140/2140 2142/2142/2142
f 2141/2141/2141 2142/2142/2142 2143/2143/2143
f 2144/2144/2144 2141/2141/2141 2143/2143/2143
f 2144/2144/2144 2145/2145/2145 2141/2141/2141
f 2138/2138/2138 2146/2146/2146 2134/2134/2134
f 2146/2146/2146 2138/2138/2138 2141/2141/2141
f 2132/2132/2132 2147/2147/2147 2137/2137/2137
f 2147/2147/2147 2132/2132/2132 2136/2136/2136
f 2146/2146/2146 2148/2148/2148 2134/2134/2134
f 2128/2128/2128 2134/2134/2134 2148/2148/2148
f 2149/2149/2149 2128/2128/2128 2148/2148/2148
f 2128/2128/2128 2149/2149/2149 2130/2130/2130
f 2145/2145/2145 2150/2150/2150 2141/2141/2141
f 2141/2141/2141 2150/2150/2150 2151/2151/2151
f 2146/2146/2146 2141/2141/2141 2151/2151/2151
f 2152/2152/2152 2150/2150/2150 2145/2145/2145
f 2151/2151/2151 2150/2150/2150 2152/2152/2152
f 2153/2153/2153 2152/2152/2152 2145/2145/2145
f 2153/2153/2153 2154/2154/2154 2152/2152/2152
f 2153/2153/2153 2155/2155/2155 2154/2154/2154
f 2155/2155/2155 2156/2156/2156 2154/2154/2154
f 2155/2155/2155 2157/2157/2157 2156/2156/2156
f 2157/2157/2157 2158/2158/2158 2156/2156/2156
f 2156/2156/2156 2158/2158/2158 2159/2159/2159
f 2160/2160/2160 2156/2156/2156 2159/2159/2159
f 2160/2160/2160 2159/2159/2159 2161/2161/2161
f 2154/2154/2154 2156/2156/2156 2162/2162/2162
f 2156/2156/2156 2160/2160/2160 2162/2162/2162
f 2152/2152/2152 2154/2154/2154 2163/2163/2163
f 2162/2162/2162 2163/2163/2163 2154/2154/2154
f 2164/2164/2164 2160/2160/2160 2161/2161/2161
f 2164/2164/2164 2161/2161/2161 2165/2165/2165
f 2162/2162/2162 2160/2160/2160 2166/2166/2166
f 2160/2160/2160 2164/2164/2164 2166/2166/2166
f 2152/2152/2152 2163/2163/2163 2167/2167/2167
f 2167/2167/2167 2151/2151/2151 2152/2152/2152
f 2168/2168/2168 2163/2163/2163 2162/2162/2162
f 2166/2166/2166 2168/2168/2168 2162/2162/2162
f 2169/2169/2169 2167/2167/2167 2163/2163/2163
f 2151/2151/2151 2167/2167/2167 2169/2169/2169
f 2168/2168/2168 2169/2169/2169 2163/2163/2163
f 2170/2170/2170 2151/2151/2151 2169/2169/2169
f 2146/2146/2146 2151/2151/2151 2170/2170/2170
f 2146/2146/2146 2170/2170/2170 2171/2171/2171
f 2148/2148/2148 2146/2146/2146 2171/2171/2171
f 2170/2170/2170 2169/2169/2169 2172/2172/2172
f 2171/2171/2171 2170/2170/2170 2172/2172/2172
f 2173/2173/2173 2169/2169/2169 2168/2168/2168
f 2169/2169/2169 2173/2173/2173 2172/2172/2172
f 2174/2174/2174 2168/2168/2168 2166/2166/2166
f 2174/2174/2174 2173/2173/2173 2168/2168/2168
f 2148/2148/2148 2171/2171/2171 2175/2175/2175
f 2149/2149/2149 2148/2148/2148 2175/2175/2175
f 2176/2176/2176 2171/2171/2171 2172/2172/2172
f 2175/2175/2175 2171/2171/2171 2176/2176/2176
f 2177/2177/2177 2174/2174/2174 2166/2166/2166
f 2166/2166/2166 2164/2164/2164 2177/2177/2177
f 2149/2149/2149 2175/2175/2175 2178/2178/2178
f 2130/2130/2130 2149/2149/2149 2178/2178/2178
f 2164/2164/2164 2179/2179/2179 2177/2177/2177
f 2177/2177/2177 2179/2179/2179 2180/2180/2180
f 2179/2179/2179 2164/2164/2164 2165/2165/2165
f 2179/2179/2179 2165/2165/2165 2180/2180/2180
f 2165/2165/2165 2181/2181/2181 2180/2180/2180
f 2181/2181/2181 2182/2182/2182 2180/2180/2180
f 2183/2183/2183 2130/2130/2130 2178/2178/2178
f 2183/2183/2183 2133/2133/2133 2130/2130/2130
f 2182/2182/2182 2184/2184/2184 2180/2180/2180
f 2182/2182/2182 2185/2185/2185 2184/2184/2184
f 2133/2133/2133 2183/2183/2183 2186/2186/2186
f 2122/2122/2122 2133/2133/2133 2186/2186/2186
f 2187/2187/2187 2177/2177/2177 2180/2180/2180
f 2184/2184/2184 2188/2188/2188 2180/2180/2180
f 2188/2188/2188 2187/2187/2187 2180/2180/2180
f 2187/2187/2187 2189/2189/2189 2177/2177/2177
f 2177/2177/2177 2189/2189/2189 2174/2174/2174
f 2188/2188/2188 2190/2190/2190 2187/2187/2187
f 2190/2190/2190 2189/2189/2189 2187/2187/2187
f 2189/2189/2189 2191/2191/2191 2174/2174/2174
f 2173/2173/2173 2174/2174/2174 2191/2191/2191
f 2190/2190/2190 2192/2192/2192 2189/2189/2189
f 2192/2192/2192 2191/2191/2191 2189/2189/2189
f 2193/2193/2193 2188/2188/2188 2184/2184/2184
f 2188/2188/2188 2194/2194/2194 2190/2190/2190
f 2193/2193/2193 2194/2194/2194 2188/2188/2188
f 2194/2194/2194 2193/2193/2193 2195/2195/2195
f 2193/2193/2193 2184/2184/2184 2196/2196/2196
f 2193/2193/2193 2196/2196/2196 2195/2195/2195
f 2185/2185/2185 2196/2196/2196 2184/2184/2184
f 2196/2196/2196 2185/2185/2185 2197/2197/2197
f 2196/2196/2196 2197/2197/2197 2195/2195/2195
f 2185/2185/2185 2198/2198/2198 2197/2197/2197
f 2198/2198/2198 2199/2199/2199 2197/2197/2197
f 2199/2199/2199 2200/2200/2200 2197/2197/2197
f 2195/2195/2195 2197/2197/2197 2200/2200/2200
f 2199/2199/2199 2201/2201/2201 2200/2200/2200
f 2201/2201/2201 2202/2202/2202 2200/2200/2200
f 2201/2201/2201 2203/2203/2203 2202/2202/2202
f 2204/2204/2204 2195/2195/2195 2200/2200/2200
f 2204/2204/2204 2200/2200/2200 2202/2202/2202
f 2203/2203/2203 2205/2205/2205 2202/2202/2202
f 2203/2203/2203 2206/2206/2206 2205/2205/2205
f 2194/2194/2194 2195/2195/2195 2207/2207/2207
f 2195/2195/2195 2204/2204/2204 2208/2208/2208
f 2207/2207/2207 2195/2195/2195 2208/2208/2208
f 2208/2208/2208 2204/2204/2204 2209/2209/2209
f 2210/2210/2210 2204/2204/2204 2202/2202/2202
f 2204/2204/2204 2210/2210/2210 2209/2209/2209
f 2210/2210/2210 2202/2202/2202 2211/2211/2211
f 2202/2202/2202 2205/2205/2205 2211/2211/2211
f 2209/2209/2209 2210/2210/2210 2211/2211/2211
f 2206/2206/2206 2212/2212/2212 2205/2205/2205
f 2211/2211/2211 2205/2205/2205 2212/2212/2212
f 2213/2213/2213 2212/2212/2212 2206/2206/2206
f 2213/2213/2213 2206/2206/2206 2214/2214/2214
f 2215/2215/2215 2211/2211/2211 2212/2212/2212
f 2215/2215/2215 2212/2212/2212 2213/2213/2213
f 2216/2216/2216 2194/2194/2194 2207/2207/2207
f 2194/2194/2194 2216/2216/2216 2190/2190/2190
f 2208/2208/2208 2217/2217/2217 2207/2207/2207
f 2208/2208/2208 2209/2209/2209 2217/2217/2217
f 2214/2214/2214 2218/2218/2218 2213/2213/2213
f 2214/2214/2214 2219/2219/2219 2218/2218/2218
f 2219/2219/2219 2220/2220/2220 2218/2218/2218
f 2218/2218/2218 2220/2220/2220 2221/2221/2221
f 2222/2222/2222 2213/2213/2213 2218/2218/2218
f 2222/2222/2222 2218/2218/2218 2221/2221/2221
f 2223/2223/2223 2215/2215/2215 2213/2213/2213
f 2213/2213/2213 2222/2222/2222 2223/2223/2223
f 2222/2222/2222 2221/2221/2221 2224/2224/2224
f 2221/2221/2221 2225/2225/2225 2224/2224/2224
f 2222/2222/2222 2224/2224/2224 2226/2226/2226
f 2223/2223/2223 2222/2222/2222 2226/2226/2226
f 2224/2224/2224 2225/2225/2225 2227/2227/2227
f 2224/2224/2224 2227/2227/2227 2226/2226/2226
f 2225/2225/2225 2228/2228/2228 2227/2227/2227
f 2227/2227/2227 2229/2229/2229 2226/2226/2226
f 2229/2229/2229 2230/2230/2230 2226/2226/2226
f 2229/2229/2229 2231/2231/2231 2230/2230/2230
f 2232/2232/2232 2223/2223/2223 2226/2226/2226
f 2230/2230/2230 2232/2232/2232 2226/2226/2226
f 2231/2231/2231 2233/2233/2233 2230/2230/2230
f 2230/2230/2230 2233/2233/2233 2232/2232/2232
f 2231/2231/2231 2234/2234/2234 2233/2233/2233
f 2233/2233/2233 2235/2235/2235 2232/2232/2232
f 2223/2223/2223 2232/2232/2232 2236/2236/2236
f 2236/2236/2236 2232/2232/2232 2235/2235/2235
f 2215/2215/2215 2223/2223/2223 2236/2236/2236
f 2236/2236/2236 2235/2235/2235 2237/2237/2237
f 2215/2215/2215 2236/2236/2236 2238/2238/2238
f 2238/2238/2238 2236/2236/2236 2237/2237/2237
f 2211/2211/2211 2215/2215/2215 2238/2238/2238
f 2238/2238/2238 2209/2209/2209 2211/2211/2211
f 2238/2238/2238 2237/2237/2237 2239/2239/2239
f 2209/2209/2209 2238/2238/2238 2239/2239/2239
f 2239/2239/2239 2237/2237/2237 2240/2240/2240
f 2209/2209/2209 2239/2239/2239 2241/2241/2241
f 2209/2209/2209 2241/2241/2241 2217/2217/2217
f 2242/2242/2242 2239/2239/2239 2240/2240/2240
f 2241/2241/2241 2239/2239/2239 2243/2243/2243
f 2239/2239/2239 2242/2242/2242 2243/2243/2243
f 2217/2217/2217 2241/2241/2241 2244/2244/2244
f 2241/2241/2241 2243/2243/2243 2244/2244/2244
f 2245/2245/2245 2242/2242/2242 2240/2240/2240
f 2246/2246/2246 2245/2245/2245 2240/2240/2240
f 2246/2246/2246 2247/2247/2247 2245/2245/2245
f 2248/2248/2248 2243/2243/2243 2242/2242/2242
f 2245/2245/2245 2248/2248/2248 2242/2242/2242
f 2244/2244/2244 2243/2243/2243 2248/2248/2248
f 2247/2247/2247 2249/2249/2249 2245/2245/2245
f 2245/2245/2245 2249/2249/2249 2248/2248/2248
f 2249/2249/2249 2247/2247/2247 2250/2250/2250
f 2244/2244/2244 2251/2251/2251 2217/2217/2217
f 2251/2251/2251 2207/2207/2207 2217/2217/2217
f 2251/2251/2251 2216/2216/2216 2207/2207/2207
f 2252/2252/2252 2249/2249/2249 2250/2250/2250
f 2252/2252/2252 2250/2250/2250 2253/2253/2253
f 2254/2254/2254 2252/2252/2252 2253/2253/2253
f 2254/2254/2254 2253/2253/2253 2255/2255/2255
f 2252/2252/2252 2256/2256/2256 2249/2249/2249
f 2252/2252/2252 2254/2254/2254 2256/2256/2256
f 2249/2249/2249 2257/2257/2257 2248/2248/2248
f 2256/2256/2256 2257/2257/2257 2249/2249/2249
f 2258/2258/2258 2244/2244/2244 2248/2248/2248
f 2258/2258/2258 2248/2248/2248 2257/2257/2257
f 2259/2259/2259 2251/2251/2251 2244/2244/2244
f 2258/2258/2258 2259/2259/2259 2244/2244/2244
f 2260/2260/2260 2216/2216/2216 2251/2251/2251
f 2259/2259/2259 2260/2260/2260 2251/2251/2251
f 2261/2261/2261 2258/2258/2258 2257/2257/2257
f 2258/2258/2258 2261/2261/2261 2259/2259/2259
f 2256/2256/2256 2262/2262/2262 2257/2257/2257
f 2262/2262/2262 2261/2261/2261 2257/2257/2257
f 2261/2261/2261 2263/2263/2263 2259/2259/2259
f 2259/2259/2259 2263/2263/2263 2260/2260/2260
f 2264/2264/2264 2216/2216/2216 2260/2260/2260
f 2190/2190/2190 2216/2216/2216 2264/2264/2264
f 2190/2190/2190 2264/2264/2264 2192/2192/2192
f 2264/2264/2264 2260/2260/2260 2265/2265/2265
f 2263/2263/2263 2265/2265/2265 2260/2260/2260
f 2266/2266/2266 2263/2263/2263 2261/2261/2261
f 2262/2262/2262 2266/2266/2266 2261/2261/2261
f 2264/2264/2264 2267/2267/2267 2192/2192/2192
f 2267/2267/2267 2264/2264/2264 2265/2265/2265
f 2268/2268/2268 2265/2265/2265 2263/2263/2263
f 2266/2266/2266 2268/2268/2268 2263/2263/2263
f 2269/2269/2269 2192/2192/2192 2267/2267/2267
f 2191/2191/2191 2192/2192/2192 2269/2269/2269
f 2270/2270/2270 2267/2267/2267 2265/2265/2265
f 2268/2268/2268 2270/2270/2270 2265/2265/2265
f 2270/2270/2270 2269/2269/2269 2267/2267/2267
f 2271/2271/2271 2268/2268/2268 2266/2266/2266
f 2268/2268/2268 2271/2271/2271 2270/2270/2270
f 2272/2272/2272 2266/2266/2266 2262/2262/2262
f 2272/2272/2272 2271/2271/2271 2266/2266/2266
f 2273/2273/2273 2191/2191/2191 2269/2269/2269
f 2273/2273/2273 2173/2173/2173 2191/2191/2191
f 2270/2270/2270 2274/2274/2274 2269/2269/2269
f 2271/2271/2271 2274/2274/2274 2270/2270/2270
f 2173/2173/2173 2273/2273/2273 2275/2275/2275
f 2172/2172/2172 2173/2173/2173 2275/2275/2275
f 2273/2273/2273 2269/2269/2269 2276/2276/2276
f 2274/2274/2274 2276/2276/2276 2269/2269/2269
f 2275/2275/2275 2273/2273/2273 2276/2276/2276
f 2172/2172/2172 2275/2275/2275 2277/2277/2277
f 2176/2176/2176 2172/2172/2172 2277/2277/2277
f 2275/2275/2275 2276/2276/2276 2278/2278/2278
f 2277/2277/2277 2275/2275/2275 2278/2278/2278
f 2274/2274/2274 2279/2279/2279 2276/2276/2276
f 2279/2279/2279 2278/2278/2278 2276/2276/2276
f 2271/2271/2271 2280/2280/2280 2274/2274/2274
f 2280/2280/2280 2279/2279/2279 2274/2274/2274
f 2278/2278/2278 2279/2279/2279 2281/2281/2281
f 2281/2281/2281 2279/2279/2279 2280/2280/2280
f 2277/2277/2277 2278/2278/2278 2282/2282/2282
f 2282/2282/2282 2278/2278/2278 2281/2281/2281
f 2176/2176/2176 2277/2277/2277 2283/2283/2283
f 2283/2283/2283 2277/2277/2277 2282/2282/2282
f 2284/2284/2284 2280/2280/2280 2271/2271/2271
f 2272/2272/2272 2284/2284/2284 2271/2271/2271
f 2285/2285/2285 2281/2281/2281 2280/2280/2280
f 2280/2280/2280 2284/2284/2284 2285/2285/2285
f 2286/2286/2286 2176/2176/2176 2283/2283/2283
f 2286/2286/2286 2175/2175/2175 2176/2176/2176
f 2175/2175/2175 2286/2286/2286 2283/2283/2283
f 2178/2178/2178 2175/2175/2175 2283/2283/2283
f 2287/2287/2287 2178/2178/2178 2283/2283/2283
f 2283/2283/2283 2282/2282/2282 2287/2287/2287
f 2287/2287/2287 2183/2183/2183 2178/2178/2178
f 2282/2282/2282 2281/2281/2281 2288/2288/2288
f 2287/2287/2287 2282/2282/2282 2288/2288/2288
f 2281/2281/2281 2285/2285/2285 2288/2288/2288
f 2183/2183/2183 2287/2287/2287 2289/2289/2289
f 2287/2287/2287 2288/2288/2288 2289/2289/2289
f 2183/2183/2183 2289/2289/2289 2186/2186/2186
f 2285/2285/2285 2290/2290/2290 2288/2288/2288
f 2288/2288/2288 2290/2290/2290 2289/2289/2289
f 2186/2186/2186 2289/2289/2289 2291/2291/2291
f 2290/2290/2290 2291/2291/2291 2289/2289/2289
f 2290/2290/2290 2292/2292/2292 2291/2291/2291
f 2285/2285/2285 2293/2293/2293 2290/2290/2290
f 2293/2293/2293 2292/2292/2292 2290/2290/2290
f 2284/2284/2284 2293/2293/2293 2285/2285/2285
f 2294/2294/2294 2293/2293/2293 2284/2284/2284
f 2293/2293/2293 2294/2294/2294 2292/2292/2292
f 2295/2295/2295 2186/2186/2186 2291/2291/2291
f 2186/2186/2186 2295/2295/2295 2122/2122/2122
f 2296/2296/2296 2294/2294/2294 2284/2284/2284
f 2284/2284/2284 2272/2272/2272 2296/2296/2296
f 2272/2272/2272 2297/2297/2297 2296/2296/2296
f 2297/2297/2297 2272/2272/2272 2262/2262/2262
f 2294/2294/2294 2296/2296/2296 2298/2298/2298
f 2296/2296/2296 2297/2297/2297 2298/2298/2298
f 2299/2299/2299 2297/2297/2297 2262/2262/2262
f 2297/2297/2297 2299/2299/2299 2298/2298/2298
f 2256/2256/2256 2299/2299/2299 2262/2262/2262
f 2254/2254/2254 2299/2299/2299 2256/2256/2256
f 2298/2298/2298 2299/2299/2299 2254/2254/2254
f 2300/2300/2300 2294/2294/2294 2298/2298/2298
f 2294/2294/2294 2300/2300/2300 2292/2292/2292
f 2301/2301/2301 2298/2298/2298 2254/2254/2254
f 2300/2300/2300 2298/2298/2298 2301/2301/2301
f 2301/2301/2301 2254/2254/2254 2255/2255/2255
f 2301/2301/2301 2255/2255/2255 2302/2302/2302
f 2303/2303/2303 2300/2300/2300 2301/2301/2301
f 2303/2303/2303 2301/2301/2301 2302/2302/2302
f 2304/2304/2304 2300/2300/2300 2303/2303/2303
f 2300/2300/2300 2304/2304/2304 2292/2292/2292
f 2305/2305/2305 2303/2303/2303 2302/2302/2302
f 2305/2305/2305 2304/2304/2304 2303/2303/2303
f 2306/2306/2306 2305/2305/2305 2302/2302/2302
f 2292/2292/2292 2304/2304/2304 2307/2307/2307
f 2304/2304/2304 2305/2305/2305 2307/2307/2307
f 2305/2305/2305 2306/2306/2306 2308/2308/2308
f 2305/2305/2305 2308/2308/2308 2307/2307/2307
f 2306/2306/2306 2309/2309/2309 2308/2308/2308
f 2310/2310/2310 2292/2292/2292 2307/2307/2307
f 2292/2292/2292 2310/2310/2310 2291/2291/2291
f 2310/2310/2310 2307/2307/2307 2311/2311/2311
f 2307/2307/2307 2308/2308/2308 2311/2311/2311
f 2310/2310/2310 2312/2312/2312 2291/2291/2291
f 2312/2312/2312 2310/2310/2310 2311/2311/2311
f 2312/2312/2312 2295/2295/2295 2291/2291/2291
f 2295/2295/2295 2312/2312/2312 2313/2313/2313
f 2295/2295/2295 2313/2313/2313 2122/2122/2122
f 2314/2314/2314 2122/2122/2122 2313/2313/2313
f 2314/2314/2314 2121/2121/2121 2122/2122/2122
f 2123/2123/2123 2121/2121/2121 2314/2314/2314
f 2315/2315/2315 2123/2123/2123 2314/2314/2314
f 2136/2136/2136 2123/2123/2123 2315/2315/2315
f 2314/2314/2314 2316/2316/2316 2315/2315/2315
f 2316/2316/2316 2314/2314/2314 2313/2313/2313
f 2315/2315/2315 2317/2317/2317 2136/2136/2136
f 2316/2316/2316 2317/2317/2317 2315/2315/2315
f 2318/2318/2318 2316/2316/2316 2313/2313/2313
f 2316/2316/2316 2318/2318/2318 2317/2317/2317
f 2312/2312/2312 2319/2319/2319 2313/2313/2313
f 2319/2319/2319 2318/2318/2318 2313/2313/2313
f 2317/2317/2317 2320/2320/2320 2136/2136/2136
f 2147/2147/2147 2136/2136/2136 2320/2320/2320
f 2319/2319/2319 2312/2312/2312 2321/2321/2321
f 2311/2311/2311 2321/2321/2321 2312/2312/2312
f 2318/2318/2318 2322/2322/2322 2317/2317/2317
f 2317/2317/2317 2322/2322/2322 2320/2320/2320
f 2318/2318/2318 2319/2319/2319 2323/2323/2323
f 2319/2319/2319 2321/2321/2321 2323/2323/2323
f 2324/2324/2324 2318/2318/2318 2323/2323/2323
f 2318/2318/2318 2324/2324/2324 2322/2322/2322
f 2325/2325/2325 2323/2323/2323 2321/2321/2321
f 2324/2324/2324 2323/2323/2323 2325/2325/2325
f 2326/2326/2326 2321/2321/2321 2311/2311/2311
f 2327/2327/2327 2325/2325/2325 2321/2321/2321
f 2326/2326/2326 2327/2327/2327 2321/2321/2321
f 2328/2328/2328 2326/2326/2326 2311/2311/2311
f 2308/2308/2308 2328/2328/2328 2311/2311/2311
f 2328/2328/2328 2308/2308/2308 2329/2329/2329
f 2308/2308/2308 2309/2309/2309 2329/2329/2329
f 2326/2326/2326 2328/2328/2328 2330/2330/2330
f 2329/2329/2329 2330/2330/2330 2328/2328/2328
f 2327/2327/2327 2326/2326/2326 2331/2331/2331
f 2331/2331/2331 2326/2326/2326 2330/2330/2330
f 2329/2329/2329 2309/2309/2309 2332/2332/2332
f 2309/2309/2309 2333/2333/2333 2332/2332/2332
f 2333/2333/2333 2334/2334/2334 2332/2332/2332
f 2334/2334/2334 2335/2335/2335 2332/2332/2332
f 2334/2334/2334 2336/2336/2336 2335/2335/2335
f 2336/2336/2336 2337/2337/2337 2335/2335/2335
f 2329/2329/2329 2332/2332/2332 2338/2338/2338
f 2330/2330/2330 2329/2329/2329 2338/2338/2338
f 2332/2332/2332 2335/2335/2335 2338/2338/2338
f 2330/2330/2330 2338/2338/2338 2339/2339/2339
f 2331/2331/2331 2330/2330/2330 2339/2339/2339
f 2340/2340/2340 2327/2327/2327 2331/2331/2331
f 2325/2325/2325 2327/2327/2327 2340/2340/2340
f 2341/2341/2341 2335/2335/2335 2337/2337/2337
f 2341/2341/2341 2337/2337/2337 2342/2342/2342
f 2341/2341/2341 2342/2342/2342 2343/2343/2343
f 2335/2335/2335 2344/2344/2344 2338/2338/2338
f 2338/2338/2338 2344/2344/2344 2339/2339/2339
f 2341/2341/2341 2345/2345/2345 2335/2335/2335
f 2345/2345/2345 2344/2344/2344 2335/2335/2335
f 2346/2346/2346 2341/2341/2341 2343/2343/2343
f 2341/2341/2341 2346/2346/2346 2345/2345/2345
f 2346/2346/2346 2343/2343/2343 2347/2347/2347
f 2343/2343/2343 2348/2348/2348 2347/2347/2347
f 2346/2346/2346 2347/2347/2347 2349/2349/2349
f 2346/2346/2346 2349/2349/2349 2345/2345/2345
f 2347/2347/2347 2350/2350/2350 2349/2349/2349
f 2351/2351/2351 2344/2344/2344 2345/2345/2345
f 2344/2344/2344 2351/2351/2351 2339/2339/2339
f 2352/2352/2352 2349/2349/2349 2350/2350/2350
f 2353/2353/2353 2352/2352/2352 2350/2350/2350
f 2352/2352/2352 2353/2353/2353 2354/2354/2354
f 2355/2355/2355 2345/2345/2345 2349/2349/2349
f 2351/2351/2351 2345/2345/2345 2355/2355/2355
f 2352/2352/2352 2355/2355/2355 2349/2349/2349
f 2339/2339/2339 2351/2351/2351 2356/2356/2356
f 2356/2356/2356 2351/2351/2351 2355/2355/2355
f 2357/2357/2357 2355/2355/2355 2352/2352/2352
f 2357/2357/2357 2356/2356/2356 2355/2355/2355
f 2358/2358/2358 2352/2352/2352 2354/2354/2354
f 2358/2358/2358 2357/2357/2357 2352/2352/2352
f 2359/2359/2359 2339/2339/2339 2356/2356/2356
f 2331/2331/2331 2339/2339/2339 2359/2359/2359
f 2340/2340/2340 2331/2331/2331 2359/2359/2359
f 2358/2358/2358 2354/2354/2354 2360/2360/2360
f 2354/2354/2354 2361/2361/2361 2360/2360/2360
f 2359/2359/2359 2356/2356/2356 2362/2362/2362
f 2357/2357/2357 2362/2362/2362 2356/2356/2356
f 2357/2357/2357 2363/2363/2363 2362/2362/2362
f 2357/2357/2357 2358/2358/2358 2364/2364/2364
f 2358/2358/2358 2360/2360/2360 2364/2364/2364
f 2357/2357/2357 2364/2364/2364 2363/2363/2363
f 2364/2364/2364 2360/2360/2360 2365/2365/2365
f 2363/2363/2363 2364/2364/2364 2365/2365/2365
f 2360/2360/2360 2361/2361/2361 2366/2366/2366
f 2360/2360/2360 2366/2366/2366 2365/2365/2365
f 2361/2361/2361 2367/2367/2367 2366/2366/2366
f 2366/2366/2366 2367/2367/2367 2368/2368/2368
f 2366/2366/2366 2368/2368/2368 2365/2365/2365
f 2367/2367/2367 2369/2369/2369 2368/2368/2368
f 2340/2340/2340 2359/2359/2359 2370/2370/2370
f 2370/2370/2370 2359/2359/2359 2362/2362/2362
f 2371/2371/2371 2340/2340/2340 2370/2370/2370
f 2371/2371/2371 2325/2325/2325 2340/2340/2340
f 2372/2372/2372 2370/2370/2370 2362/2362/2362
f 2372/2372/2372 2362/2362/2362 2363/2363/2363
f 2371/2371/2371 2370/2370/2370 2372/2372/2372
f 2373/2373/2373 2325/2325/2325 2371/2371/2371
f 2373/2373/2373 2324/2324/2324 2325/2325/2325
f 2374/2374/2374 2368/2368/2368 2369/2369/2369
f 2375/2375/2375 2374/2374/2374 2369/2369/2369
f 2374/2374/2374 2375/2375/2375 2376/2376/2376
f 2375/2375/2375 2377/2377/2377 2376/2376/2376
f 2374/2374/2374 2378/2378/2378 2368/2368/2368
f 2378/2378/2378 2374/2374/2374 2376/2376/2376
f 2376/2376/2376 2377/2377/2377 2379/2379/2379
f 2377/2377/2377 2380/2380/2380 2379/2379/2379
f 2376/2376/2376 2379/2379/2379 2381/2381/2381
f 2378/2378/2378 2376/2376/2376 2381/2381/2381
f 2379/2379/2379 2382/2382/2382 2381/2381/2381
f 2382/2382/2382 2383/2383/2383 2381/2381/2381
f 2384/2384/2384 2373/2373/2373 2371/2371/2371
f 2384/2384/2384 2371/2371/2371 2372/2372/2372
f 2378/2378/2378 2385/2385/2385 2368/2368/2368
f 2368/2368/2368 2385/2385/2385 2365/2365/2365
f 2386/2386/2386 2378/2378/2378 2381/2381/2381
f 2383/2383/2383 2387/2387/2387 2381/2381/2381
f 2387/2387/2387 2386/2386/2386 2381/2381/2381
f 2385/2385/2385 2378/2378/2378 2388/2388/2388
f 2378/2378/2378 2386/2386/2386 2388/2388/2388
f 2385/2385/2385 2389/2389/2389 2365/2365/2365
f 2388/2388/2388 2389/2389/2389 2385/2385/2385
f 2387/2387/2387 2383/2383/2383 2390/2390/2390
f 2383/2383/2383 2391/2391/2391 2390/2390/2390
f 2387/2387/2387 2390/2390/2390 2392/2392/2392
f 2386/2386/2386 2387/2387/2387 2393/2393/2393
f 2393/2393/2393 2387/2387/2387 2392/2392/2392
f 2389/2389/2389 2394/2394/2394 2365/2365/2365
f 2394/2394/2394 2363/2363/2363 2365/2365/2365
f 2388/2388/2388 2386/2386/2386 2395/2395/2395
f 2395/2395/2395 2386/2386/2386 2393/2393/2393
f 2393/2393/2393 2392/2392/2392 2396/2396/2396
f 2392/2392/2392 2397/2397/2397 2396/2396/2396
f 2393/2393/2393 2396/2396/2396 2398/2398/2398
f 2395/2395/2395 2393/2393/2393 2398/2398/2398
f 2396/2396/2396 2397/2397/2397 2399/2399/2399
f 2399/2399/2399 2398/2398/2398 2396/2396/2396
f 2394/2394/2394 2389/2389/2389 2400/2400/2400
f 2363/2363/2363 2394/2394/2394 2401/2401/2401
f 2394/2394/2394 2400/2400/2400 2401/2401/2401
f 2389/2389/2389 2388/2388/2388 2402/2402/2402
f 2389/2389/2389 2402/2402/2402 2400/2400/2400
f 2403/2403/2403 2388/2388/2388 2395/2395/2395
f 2388/2388/2388 2403/2403/2403 2402/2402/2402
f 2395/2395/2395 2398/2398/2398 2404/2404/2404
f 2403/2403/2403 2395/2395/2395 2404/2404/2404
f 2401/2401/2401 2405/2405/2405 2363/2363/2363
f 2363/2363/2363 2405/2405/2405 2372/2372/2372
f 2401/2401/2401 2400/2400/2400 2406/2406/2406
f 2401/2401/2401 2406/2406/2406 2405/2405/2405
f 2405/2405/2405 2407/2407/2407 2372/2372/2372
f 2406/2406/2406 2407/2407/2407 2405/2405/2405
f 2407/2407/2407 2384/2384/2384 2372/2372/2372
f 2400/2400/2400 2402/2402/2402 2408/2408/2408
f 2400/2400/2400 2408/2408/2408 2406/2406/2406
f 2402/2402/2402 2403/2403/2403 2409/2409/2409
f 2403/2403/2403 2404/2404/2404 2409/2409/2409
f 2402/2402/2402 2409/2409/2409 2408/2408/2408
f 2398/2398/2398 2410/2410/2410 2404/2404/2404
f 2404/2404/2404 2410/2410/2410 2409/2409/2409
f 2398/2398/2398 2399/2399/2399 2410/2410/2410
f 2384/2384/2384 2407/2407/2407 2411/2411/2411
f 2373/2373/2373 2384/2384/2384 2411/2411/2411
f 2407/2407/2407 2406/2406/2406 2412/2412/2412
f 2411/2411/2411 2407/2407/2407 2412/2412/2412
f 2408/2408/2408 2413/2413/2413 2406/2406/2406
f 2413/2413/2413 2412/2412/2412 2406/2406/2406
f 2409/2409/2409 2414/2414/2414 2408/2408/2408
f 2414/2414/2414 2413/2413/2413 2408/2408/2408
f 2410/2410/2410 2414/2414/2414 2409/2409/2409
f 2373/2373/2373 2411/2411/2411 2415/2415/2415
f 2324/2324/2324 2373/2373/2373 2415/2415/2415
f 2324/2324/2324 2415/2415/2415 2322/2322/2322
f 2411/2411/2411 2412/2412/2412 2416/2416/2416
f 2415/2415/2415 2411/2411/2411 2416/2416/2416
f 2413/2413/2413 2417/2417/2417 2412/2412/2412
f 2417/2417/2417 2413/2413/2413 2414/2414/2414
f 2417/2417/2417 2416/2416/2416 2412/2412/2412
f 2417/2417/2417 2418/2418/2418 2416/2416/2416
f 2322/2322/2322 2415/2415/2415 2419/2419/2419
f 2415/2415/2415 2416/2416/2416 2419/2419/2419
f 2418/2418/2418 2419/2419/2419 2416/2416/2416
f 2322/2322/2322 2419/2419/2419 2320/2320/2320
f 2320/2320/2320 2419/2419/2419 2418/2418/2418
f 2420/2420/2420 2417/2417/2417 2414/2414/2414
f 2420/2420/2420 2414/2414/2414 2410/2410/2410
f 2417/2417/2417 2420/2420/2420 2418/2418/2418
f 2421/2421/2421 2420/2420/2420 2410/2410/2410
f 2421/2421/2421 2410/2410/2410 2399/2399/2399
f 2422/2422/2422 2320/2320/2320 2418/2418/2418
f 2422/2422/2422 2147/2147/2147 2320/2320/2320
f 2420/2420/2420 2423/2423/2423 2418/2418/2418
f 2423/2423/2423 2420/2420/2420 2421/2421/2421
f 2423/2423/2423 2421/2421/2421 2424/2424/2424
f 2418/2418/2418 2423/2423/2423 2425/2425/2425
f 2422/2422/2422 2418/2418/2418 2425/2425/2425
f 2425/2425/2425 2423/2423/2423 2424/2424/2424
f 2147/2147/2147 2422/2422/2422 2426/2426/2426
f 2422/2422/2422 2425/2425/2425 2426/2426/2426
f 2426/2426/2426 2137/2137/2137 2147/2147/2147
f 2421/2421/2421 2399/2399/2399 2427/2427/2427
f 2421/2421/2421 2427/2427/2427 2424/2424/2424
f 2428/2428/2428 2426/2426/2426 2425/2425/2425
f 2426/2426/2426 2428/2428/2428 2137/2137/2137
f 2399/2399/2399 2429/2429/2429 2427/2427/2427
f 2397/2397/2397 2429/2429/2429 2399/2399/2399
f 2427/2427/2427 2429/2429/2429 2430/2430/2430
f 2427/2427/2427 2430/2430/2430 2424/2424/2424
f 2429/2429/2429 2397/2397/2397 2431/2431/2431
f 2429/2429/2429 2431/2431/2431 2430/2430/2430
f 2397/2397/2397 2432/2432/2432 2431/2431/2431
f 2433/2433/2433 2431/2431/2431 2432/2432/2432
f 2434/2434/2434 2433/2433/2433 2432/2432/2432
f 2434/2434/2434 2435/2435/2435 2433/2433/2433
f 2436/2436/2436 2428/2428/2428 2425/2425/2425
f 2436/2436/2436 2425/2425/2425 2424/2424/2424
f 2428/2428/2428 2437/2437/2437 2137/2137/2137
f 2137/2137/2137 2437/2437/2437 2104/2104/2104
f 2428/2428/2428 2436/2436/2436 2438/2438/2438
f 2428/2428/2428 2438/2438/2438 2437/2437/2437
f 2436/2436/2436 2424/2424/2424 2439/2439/2439
f 2436/2436/2436 2439/2439/2439 2438/2438/2438
f 2440/2440/2440 2104/2104/2104 2437/2437/2437
f 2440/2440/2440 2105/2105/2105 2104/2104/2104
f 2438/2438/2438 2441/2441/2441 2437/2437/2437
f 2441/2441/2441 2440/2440/2440 2437/2437/2437
f 2435/2435/2435 2442/2442/2442 2433/2433/2433
f 2435/2435/2435 2443/2443/2443 2442/2442/2442
f 2424/2424/2424 2444/2444/2444 2439/2439/2439
f 2430/2430/2430 2444/2444/2444 2424/2424/2424
f 2438/2438/2438 2445/2445/2445 2441/2441/2441
f 2438/2438/2438 2439/2439/2439 2445/2445/2445
f 2443/2443/2443 2446/2446/2446 2442/2442/2442
f 2443/2443/2443 2447/2447/2447 2446/2446/2446
f 2447/2447/2447 2448/2448/2448 2446/2446/2446
f 2447/2447/2447 2449/2449/2449 2448/2448/2448
f 2446/2446/2446 2450/2450/2450 2442/2442/2442
f 2450/2450/2450 2446/2446/2446 2448/2448/2448
f 2442/2442/2442 2451/2451/2451 2433/2433/2433
f 2450/2450/2450 2451/2451/2451 2442/2442/2442
f 2451/2451/2451 2452/2452/2452 2433/2433/2433
f 2433/2433/2433 2452/2452/2452 2431/2431/2431
f 2452/2452/2452 2430/2430/2430 2431/2431/2431
f 2451/2451/2451 2453/2453/2453 2452/2452/2452
f 2451/2451/2451 2450/2450/2450 2453/2453/2453
f 2430/2430/2430 2452/2452/2452 2454/2454/2454
f 2453/2453/2453 2454/2454/2454 2452/2452/2452
f 2444/2444/2444 2430/2430/2430 2454/2454/2454
f 2444/2444/2444 2454/2454/2454 2455/2455/2455
f 2455/2455/2455 2454/2454/2454 2453/2453/2453
f 2439/2439/2439 2444/2444/2444 2455/2455/2455
f 2439/2439/2439 2455/2455/2455 2456/2456/2456
f 2439/2439/2439 2456/2456/2456 2445/2445/2445
f 2450/2450/2450 2457/2457/2457 2453/2453/2453
f 2458/2458/2458 2455/2455/2455 2453/2453/2453
f 2453/2453/2453 2457/2457/2457 2458/2458/2458
f 2456/2456/2456 2455/2455/2455 2459/2459/2459
f 2455/2455/2455 2458/2458/2458 2459/2459/2459
f 2460/2460/2460 2445/2445/2445 2456/2456/2456
f 2459/2459/2459 2460/2460/2460 2456/2456/2456
f 2459/2459/2459 2458/2458/2458 2461/2461/2461
f 2457/2457/2457 2461/2461/2461 2458/2458/2458
f 2457/2457/2457 2450/2450/2450 2462/2462/2462
f 2462/2462/2462 2450/2450/2450 2448/2448/2448
f 2445/2445/2445 2460/2460/2460 2463/2463/2463
f 2445/2445/2445 2463/2463/2463 2441/2441/2441
f 2441/2441/2441 2463/2463/2463 2464/2464/2464
f 2441/2441/2441 2464/2464/2464 2440/2440/2440
f 2465/2465/2465 2459/2459/2459 2461/2461/2461
f 2460/2460/2460 2459/2459/2459 2465/2465/2465
f 2460/2460/2460 2466/2466/2466 2463/2463/2463
f 2463/2463/2463 2466/2466/2466 2464/2464/2464
f 2467/2467/2467 2460/2460/2460 2465/2465/2465
f 2466/2466/2466 2460/2460/2460 2467/2467/2467
f 2468/2468/2468 2465/2465/2465 2461/2461/2461
f 2467/2467/2467 2465/2465/2465 2468/2468/2468
f 2469/2469/2469 2461/2461/2461 2457/2457/2457
f 2469/2469/2469 2468/2468/2468 2461/2461/2461
f 2470/2470/2470 2457/2457/2457 2462/2462/2462
f 2470/2470/2470 2469/2469/2469 2457/2457/2457
f 2464/2464/2464 2471/2471/2471 2440/2440/2440
f 2471/2471/2471 2105/2105/2105 2440/2440/2440
f 2471/2471/2471 2472/2472/2472 2105/2105/2105
f 2471/2471/2471 2464/2464/2464 2472/2472/2472
f 2472/2472/2472 2096/2096/2096 2105/2105/2105
f 2466/2466/2466 2473/2473/2473 2464/2464/2464
f 2464/2464/2464 2473/2473/2473 2472/2472/2472
f 2472/2472/2472 2474/2474/2474 2096/2096/2096
f 2472/2472/2472 2473/2473/2473 2474/2474/2474
f 2474/2474/2474 2088/2088/2088 2096/2096/2096
f 2466/2466/2466 2475/2475/2475 2473/2473/2473
f 2475/2475/2475 2466/2466/2466 2467/2467/2467
f 2473/2473/2473 2476/2476/2476 2474/2474/2474
f 2475/2475/2475 2476/2476/2476 2473/2473/2473
f 2475/2475/2475 2467/2467/2467 2477/2477/2477
f 2477/2477/2477 2467/2467/2467 2468/2468/2468
f 2475/2475/2475 2478/2478/2478 2476/2476/2476
f 2478/2478/2478 2475/2475/2475 2477/2477/2477
f 2476/2476/2476 2479/2479/2479 2474/2474/2474
f 2478/2478/2478 2479/2479/2479 2476/2476/2476
f 2474/2474/2474 2480/2480/2480 2088/2088/2088
f 2479/2479/2479 2480/2480/2480 2474/2474/2474
f 2481/2481/2481 2478/2478/2478 2477/2477/2477
f 2478/2478/2478 2481/2481/2481 2479/2479/2479
f 2482/2482/2482 2477/2477/2477 2468/2468/2468
f 2482/2482/2482 2481/2481/2481 2477/2477/2477
f 2480/2480/2480 2483/2483/2483 2088/2088/2088
f 2483/2483/2483 2090/2090/2090 2088/2088/2088
f 2484/2484/2484 2480/2480/2480 2479/2479/2479
f 2483/2483/2483 2480/2480/2480 2484/2484/2484
f 2090/2090/2090 2483/2483/2483 2485/2485/2485
f 2485/2485/2485 2483/2483/2483 2484/2484/2484
f 2095/2095/2095 2090/2090/2090 2485/2485/2485
f 2486/2486/2486 2482/2482/2482 2468/2468/2468
f 2486/2486/2486 2468/2468/2468 2469/2469/2469
f 2487/2487/2487 2486/2486/2486 2469/2469/2469
f 2487/2487/2487 2469/2469/2469 2470/2470/2470
f 2486/2486/2486 2488/2488/2488 2482/2482/2482
f 2488/2488/2488 2486/2486/2486 2487/2487/2487
f 2489/2489/2489 2487/2487/2487 2470/2470/2470
f 2489/2489/2489 2470/2470/2470 2462/2462/2462
f 2490/2490/2490 2484/2484/2484 2479/2479/2479
f 2481/2481/2481 2490/2490/2490 2479/2479/2479
f 2481/2481/2481 2482/2482/2482 2491/2491/2491
f 2488/2488/2488 2491/2491/2491 2482/2482/2482
f 2490/2490/2490 2481/2481/2481 2492/2492/2492
f 2492/2492/2492 2481/2481/2481 2491/2491/2491
f 2490/2490/2490 2493/2493/2493 2484/2484/2484
f 2493/2493/2493 2490/2490/2490 2492/2492/2492
f 2494/2494/2494 2488/2488/2488 2487/2487/2487
f 2494/2494/2494 2487/2487/2487 2489/2489/2489
f 2488/2488/2488 2495/2495/2495 2491/2491/2491
f 2491/2491/2491 2495/2495/2495 2492/2492/2492
f 2496/2496/2496 2489/2489/2489 2462/2462/2462
f 2496/2496/2496 2462/2462/2462 2448/2448/2448
f 2497/2497/2497 2496/2496/2496 2448/2448/2448
f 2449/2449/2449 2497/2497/2497 2448/2448/2448
f 2496/2496/2496 2498/2498/2498 2489/2489/2489
f 2498/2498/2498 2496/2496/2496 2497/2497/2497
f 2499/2499/2499 2497/2497/2497 2449/2449/2449
f 2499/2499/2499 2498/2498/2498 2497/2497/2497
f 2500/2500/2500 2499/2499/2499 2449/2449/2449
f 2500/2500/2500 2501/2501/2501 2499/2499/2499
f 2501/2501/2501 2502/2502/2502 2499/2499/2499
f 2499/2499/2499 2502/2502/2502 2498/2498/2498
f 2501/2501/2501 2503/2503/2503 2502/2502/2502
f 2498/2498/2498 2504/2504/2504 2489/2489/2489
f 2504/2504/2504 2494/2494/2494 2489/2489/2489
f 2498/2498/2498 2505/2505/2505 2504/2504/2504
f 2502/2502/2502 2505/2505/2505 2498/2498/2498
f 2504/2504/2504 2506/2506/2506 2494/2494/2494
f 2505/2505/2505 2506/2506/2506 2504/2504/2504
f 2506/2506/2506 2507/2507/2507 2494/2494/2494
f 2494/2494/2494 2507/2507/2507 2488/2488/2488
f 2507/2507/2507 2495/2495/2495 2488/2488/2488
f 2508/2508/2508 2507/2507/2507 2506/2506/2506
f 2508/2508/2508 2495/2495/2495 2507/2507/2507
f 2506/2506/2506 2505/2505/2505 2509/2509/2509
f 2509/2509/2509 2508/2508/2508 2506/2506/2506
f 2505/2505/2505 2502/2502/2502 2510/2510/2510
f 2505/2505/2505 2510/2510/2510 2509/2509/2509
f 2502/2502/2502 2511/2511/2511 2510/2510/2510
f 2503/2503/2503 2511/2511/2511 2502/2502/2502
f 2509/2509/2509 2510/2510/2510 2512/2512/2512
f 2510/2510/2510 2511/2511/2511 2512/2512/2512
f 2511/2511/2511 2503/2503/2503 2513/2513/2513
f 2512/2512/2512 2511/2511/2511 2513/2513/2513
f 2508/2508/2508 2514/2514/2514 2495/2495/2495
f 2492/2492/2492 2495/2495/2495 2514/2514/2514
f 2508/2508/2508 2509/2509/2509 2515/2515/2515
f 2515/2515/2515 2509/2509/2509 2512/2512/2512
f 2508/2508/2508 2515/2515/2515 2516/2516/2516
f 2514/2514/2514 2508/2508/2508 2516/2516/2516
f 2492/2492/2492 2514/2514/2514 2517/2517/2517
f 2493/2493/2493 2492/2492/2492 2517/2517/2517
f 2515/2515/2515 2512/2512/2512 2518/2518/2518
f 2515/2515/2515 2518/2518/2518 2516/2516/2516
f 2512/2512/2512 2519/2519/2519 2518/2518/2518
f 2519/2519/2519 2512/2512/2512 2513/2513/2513
f 2513/2513/2513 2503/2503/2503 2520/2520/2520
f 2503/2503/2503 2521/2521/2521 2520/2520/2520
f 2516/2516/2516 2522/2522/2522 2514/2514/2514
f 2522/2522/2522 2517/2517/2517 2514/2514/2514
f 2523/2523/2523 2516/2516/2516 2518/2518/2518
f 2523/2523/2523 2518/2518/2518 2519/2519/2519
f 2524/2524/2524 2519/2519/2519 2513/2513/2513
f 2513/2513/2513 2520/2520/2520 2524/2524/2524
f 2516/2516/2516 2525/2525/2525 2522/2522/2522
f 2523/2523/2523 2525/2525/2525 2516/2516/2516
f 2521/2521/2521 2526/2526/2526 2520/2520/2520
f 2520/2520/2520 2527/2527/2527 2524/2524/2524
f 2520/2520/2520 2526/2526/2526 2527/2527/2527
f 2524/2524/2524 2528/2528/2528 2519/2519/2519
f 2528/2528/2528 2524/2524/2524 2527/2527/2527
f 2529/2529/2529 2523/2523/2523 2519/2519/2519
f 2528/2528/2528 2529/2529/2529 2519/2519/2519
f 2526/2526/2526 2521/2521/2521 2530/2530/2530
f 2521/2521/2521 2531/2531/2531 2530/2530/2530
f 2530/2530/2530 2531/2531/2531 2532/2532/2532
f 2531/2531/2531 2533/2533/2533 2532/2532/2532
f 2530/2530/2530 2532/2532/2532 2534/2534/2534
f 2535/2535/2535 2530/2530/2530 2534/2534/2534
f 2535/2535/2535 2526/2526/2526 2530/2530/2530
f 2535/2535/2535 2534/2534/2534 2536/2536/2536
f 2526/2526/2526 2537/2537/2537 2527/2527/2527
f 2535/2535/2535 2537/2537/2537 2526/2526/2526
f 2538/2538/2538 2535/2535/2535 2536/2536/2536
f 2535/2535/2535 2538/2538/2538 2537/2537/2537
f 2538/2538/2538 2536/2536/2536 2539/2539/2539
f 2536/2536/2536 2540/2540/2540 2539/2539/2539
f 2538/2538/2538 2539/2539/2539 2541/2541/2541
f 2538/2538/2538 2541/2541/2541 2537/2537/2537
f 2539/2539/2539 2542/2542/2542 2541/2541/2541
f 2543/2543/2543 2527/2527/2527 2537/2537/2537
f 2543/2543/2543 2528/2528/2528 2527/2527/2527
f 2541/2541/2541 2542/2542/2542 2544/2544/2544
f 2542/2542/2542 2545/2545/2545 2544/2544/2544
f 2537/2537/2537 2541/2541/2541 2546/2546/2546
f 2541/2541/2541 2544/2544/2544 2546/2546/2546
f 2546/2546/2546 2543/2543/2543 2537/2537/2537
f 2544/2544/2544 2545/2545/2545 2547/2547/2547
f 2546/2546/2546 2544/2544/2544 2547/2547/2547
f 2545/2545/2545 2548/2548/2548 2547/2547/2547
f 2547/2547/2547 2549/2549/2549 2546/2546/2546
f 2549/2549/2549 2543/2543/2543 2546/2546/2546
f 2543/2543/2543 2549/2549/2549 2550/2550/2550
f 2528/2528/2528 2543/2543/2543 2550/2550/2550
f 2528/2528/2528 2550/2550/2550 2551/2551/2551
f 2529/2529/2529 2528/2528/2528 2551/2551/2551
f 2529/2529/2529 2551/2551/2551 2552/2552/2552
f 2523/2523/2523 2529/2529/2529 2552/2552/2552
f 2523/2523/2523 2552/2552/2552 2553/2553/2553
f 2525/2525/2525 2523/2523/2523 2553/2553/2553
f 2525/2525/2525 2553/2553/2553 2554/2554/2554
f 2553/2553/2553 2555/2555/2555 2554/2554/2554
f 2525/2525/2525 2554/2554/2554 2522/2522/2522
f 2554/2554/2554 2555/2555/2555 2556/2556/2556
f 2522/2522/2522 2554/2554/2554 2557/2557/2557
f 2557/2557/2557 2554/2554/2554 2556/2556/2556
f 2522/2522/2522 2557/2557/2557 2517/2517/2517
f 2557/2557/2557 2556/2556/2556 2558/2558/2558
f 2557/2557/2557 2559/2559/2559 2517/2517/2517
f 2559/2559/2559 2557/2557/2557 2558/2558/2558
f 2559/2559/2559 2560/2560/2560 2517/2517/2517
f 2560/2560/2560 2493/2493/2493 2517/2517/2517
f 2561/2561/2561 2493/2493/2493 2560/2560/2560
f 2561/2561/2561 2560/2560/2560 2559/2559/2559
f 2493/2493/2493 2561/2561/2561 2484/2484/2484
f 2485/2485/2485 2484/2484/2484 2561/2561/2561
f 2559/2559/2559 2558/2558/2558 2562/2562/2562
f 2562/2562/2562 2561/2561/2561 2559/2559/2559
f 2558/2558/2558 2563/2563/2563 2562/2562/2562
f 2564/2564/2564 2485/2485/2485 2561/2561/2561
f 2564/2564/2564 2561/2561/2561 2562/2562/2562
f 2095/2095/2095 2485/2485/2485 2564/2564/2564
f 2563/2563/2563 2565/2565/2565 2562/2562/2562
f 2565/2565/2565 2564/2564/2564 2562/2562/2562
f 2563/2563/2563 2566/2566/2566 2565/2565/2565
f 2567/2567/2567 2095/2095/2095 2564/2564/2564
f 2567/2567/2567 2564/2564/2564 2565/2565/2565
f 2084/2084/2084 2095/2095/2095 2567/2567/2567
f 2566/2566/2566 2568/2568/2568 2565/2565/2565
f 2568/2568/2568 2567/2567/2567 2565/2565/2565
f 2084/2084/2084 2567/2567/2567 2568/2568/2568
f 2566/2566/2566 2569/2569/2569 2568/2568/2568
f 2569/2569/2569 2570/2570/2570 2568/2568/2568
f 2571/2571/2571 2084/2084/2084 2568/2568/2568
f 2570/2570/2570 2571/2571/2571 2568/2568/2568
f 2085/2085/2085 2084/2084/2084 2571/2571/2571
f 2571/2571/2571 2570/2570/2570 2085/2085/2085
f 2570/2570/2570 2572/2572/2572 2085/2085/2085
f 2575/2575/2575 2574/2574/2574 2573/2573/2573
f 2576/2576/2576 2574/2574/2574 2575/2575/2575
f 2577/2577/2577 2576/2576/2576 2575/2575/2575
f 2577/2577/2577 2575/2575/2575 2578/2578/2578
f 2579/2579/2579 2577/2577/2577 2578/2578/2578
f 2579/2579/2579 2578/2578/2578 2580/2580/2580
f 2581/2581/2581 2575/2575/2575 2573/2573/2573
f 2578/2578/2578 2575/2575/2575 2581/2581/2581
f 2578/2578/2578 2582/2582/2582 2580/2580/2580
f 2582/2582/2582 2578/2578/2578 2581/2581/2581
f 2583/2583/2583 2581/2581/2581 2573/2573/2573
f 2583/2583/2583 2582/2582/2582 2581/2581/2581
f 2583/2583/2583 2573/2573/2573 2584/2584/2584
f 2580/2580/2580 2582/2582/2582 2585/2585/2585
f 2582/2582/2582 2583/2583/2583 2585/2585/2585
f 2585/2585/2585 2583/2583/2583 2584/2584/2584
f 2586/2586/2586 2580/2580/2580 2585/2585/2585
f 2587/2587/2587 2585/2585/2585 2584/2584/2584
f 2585/2585/2585 2587/2587/2587 2586/2586/2586
f 2587/2587/2587 2588/2588/2588 2586/2586/2586
f 2587/2587/2587 2589/2589/2589 2588/2588/2588
f 2589/2589/2589 2590/2590/2590 2588/2588/2588
f 2589/2589/2589 2587/2587/2587 2591/2591/2591
f 2592/2592/2592 2590/2590/2590 2589/2589/2589
f 2589/2589/2589 2591/2591/2591 2592/2592/2592
f 2592/2592/2592 2593/2593/2593 2590/2590/2590
f 2591/2591/2591 2594/2594/2594 2592/2592/2592
f 2595/2595/2595 2593/2593/2593 2592/2592/2592
f 2594/2594/2594 2596/2596/2596 2592/2592/2592
f 2596/2596/2596 2595/2595/2595 2592/2592/2592
f 2599/2599/2599 2598/2598/2598 2597/2597/2597
f 2599/2599/2599 2600/2600/2600 2598/2598/2598
f 2600/2600/2600 2601/2601/2601 2598/2598/2598
f 2602/2602/2602 2601/2601/2601 2600/2600/2600
f 2602/2602/2602 2603/2603/2603 2601/2601/2601
f 2603/2603/2603 2602/2602/2602 2604/2604/2604
f 2605/2605/2605 2603/2603/2603 2604/2604/2604
f 2605/2605/2605 2604/2604/2604 2606/2606/2606
f 2603/2603/2603 2607/2607/2607 2601/2601/2601
f 2607/2607/2607 2603/2603/2603 2605/2605/2605
f 2608/2608/2608 2605/2605/2605 2606/2606/2606
f 2608/2608/2608 2606/2606/2606 2609/2609/2609
f 2607/2607/2607 2610/2610/2610 2601/2601/2601
f 2598/2598/2598 2601/2601/2601 2610/2610/2610
f 2611/2611/2611 2607/2607/2607 2605/2605/2605
f 2611/2611/2611 2605/2605/2605 2608/2608/2608
f 2607/2607/2607 2611/2611/2611 2610/2610/2610
f 2612/2612/2612 2608/2608/2608 2609/2609/2609
f 2612/2612/2612 2609/2609/2609 2613/2613/2613
f 2614/2614/2614 2611/2611/2611 2608/2608/2608
f 2614/2614/2614 2608/2608/2608 2612/2612/2612
f 2615/2615/2615 2612/2612/2612 2613/2613/2613
f 2615/2615/2615 2613/2613/2613 2616/2616/2616
f 2617/2617/2617 2614/2614/2614 2612/2612/2612
f 2617/2617/2617 2612/2612/2612 2615/2615/2615
f 2611/2611/2611 2614/2614/2614 2618/2618/2618
f 2614/2614/2614 2617/2617/2617 2618/2618/2618
f 2611/2611/2611 2619/2619/2619 2610/2610/2610
f 2611/2611/2611 2618/2618/2618 2619/2619/2619
f 2620/2620/2620 2615/2615/2615 2616/2616/2616
f 2620/2620/2620 2616/2616/2616 2621/2621/2621
f 2622/2622/2622 2617/2617/2617 2615/2615/2615
f 2622/2622/2622 2615/2615/2615 2620/2620/2620
f 2623/2623/2623 2610/2610/2610 2619/2619/2619
f 2623/2623/2623 2598/2598/2598 2610/2610/2610
f 2623/2623/2623 2619/2619/2619 2624/2624/2624
f 2619/2619/2619 2618/2618/2618 2624/2624/2624
f 2617/2617/2617 2625/2625/2625 2618/2618/2618
f 2617/2617/2617 2622/2622/2622 2625/2625/2625
f 2598/2598/2598 2623/2623/2623 2626/2626/2626
f 2623/2623/2623 2624/2624/2624 2626/2626/2626
f 2598/2598/2598 2626/2626/2626 2627/2627/2627
f 2626/2626/2626 2624/2624/2624 2627/2627/2627
f 2598/2598/2598 2627/2627/2627 2597/2597/2597
f 2627/2627/2627 2628/2628/2628 2597/2597/2597
f 2624/2624/2624 2628/2628/2628 2627/2627/2627
f 2628/2628/2628 2629/2629/2629 2597/2597/2597
f 2618/2618/2618 2630/2630/2630 2624/2624/2624
f 2624/2624/2624 2630/2630/2630 2628/2628/2628
f 2618/2618/2618 2625/2625/2625 2630/2630/2630
f 2628/2628/2628 2631/2631/2631 2629/2629/2629
f 2630/2630/2630 2631/2631/2631 2628/2628/2628
f 2631/2631/2631 2632/2632/2632 2629/2629/2629
f 2625/2625/2625 2633/2633/2633 2630/2630/2630
f 2630/2630/2630 2633/2633/2633 2631/2631/2631
f 2631/2631/2631 2634/2634/2634 2632/2632/2632
f 2633/2633/2633 2634/2634/2634 2631/2631/2631
f 2634/2634/2634 2635/2635/2635 2632/2632/2632
f 2625/2625/2625 2636/2636/2636 2633/2633/2633
f 2622/2622/2622 2636/2636/2636 2625/2625/2625
f 2634/2634/2634 2637/2637/2637 2635/2635/2635
f 2637/2637/2637 2638/2638/2638 2635/2635/2635
f 2633/2633/2633 2639/2639/2639 2634/2634/2634
f 2636/2636/2636 2639/2639/2639 2633/2633/2633
f 2639/2639/2639 2637/2637/2637 2634/2634/2634
f 2637/2637/2637 2640/2640/2640 2638/2638/2638
f 2640/2640/2640 2641/2641/2641 2638/2638/2638
f 2639/2639/2639 2642/2642/2642 2637/2637/2637
f 2636/2636/2636 2642/2642/2642 2639/2639/2639
f 2642/2642/2642 2640/2640/2640 2637/2637/2637
f 2622/2622/2622 2643/2643/2643 2636/2636/2636
f 2643/2643/2643 2622/2622/2622 2620/2620/2620
f 2640/2640/2640 2644/2644/2644 2641/2641/2641
f 2644/2644/2644 2645/2645/2645 2641/2641/2641
f 2646/2646/2646 2644/2644/2644 2640/2640/2640
f 2642/2642/2642 2646/2646/2646 2640/2640/2640
f 2647/2647/2647 2645/2645/2645 2644/2644/2644
f 2647/2647/2647 2644/2644/2644 2646/2646/2646
f 2647/2647/2647 2648/2648/2648 2645/2645/2645
f 2636/2636/2636 2649/2649/2649 2642/2642/2642
f 2643/2643/2643 2649/2649/2649 2636/2636/2636
f 2650/2650/2650 2646/2646/2646 2642/2642/2642
f 2649/2649/2649 2650/2650/2650 2642/2642/2642
f 2650/2650/2650 2647/2647/2647 2646/2646/2646
f 2649/2649/2649 2651/2651/2651 2650/2650/2650
f 2643/2643/2643 2651/2651/2651 2649/2649/2649
f 2650/2650/2650 2651/2651/2651 2647/2647/2647
f 2647/2647/2647 2652/2652/2652 2648/2648/2648
f 2651/2651/2651 2652/2652/2652 2647/2647/2647
f 2652/2652/2652 2653/2653/2653 2648/2648/2648
f 2621/2621/2621 2653/2653/2653 2652/2652/2652
f 2643/2643/2643 2654/2654/2654 2651/2651/2651
f 2654/2654/2654 2652/2652/2652 2651/2651/2651
f 2654/2654/2654 2643/2643/2643 2620/2620/2620
f 2655/2655/2655 2620/2620/2620 2621/2621/2621
f 2655/2655/2655 2621/2621/2621 2652/2652/2652
f 2654/2654/2654 2655/2655/2655 2652/2652/2652
f 2654/2654/2654 2620/2620/2620 2655/2655/2655
f 2658/2658/2658 2657/2657/2657 2656/2656/2656
f 2659/2659/2659 2657/2657/2657 2658/2658/2658
f 2660/2660/2660 2659/2659/2659 2658/2658/2658
f 2660/2660/2660 2661/2661/2661 2659/2659/2659
f 2662/2662/2662 2661/2661/2661 2660/2660/2660
f 2661/2661/2661 2662/2662/2662 2663/2663/2663
f 2662/2662/2662 2664/2664/2664 2663/2663/2663
f 2663/2663/2663 2664/2664/2664 2665/2665/2665
f 2666/2666/2666 2662/2662/2662 2660/2660/2660
f 2662/2662/2662 2666/2666/2666 2664/2664/2664
f 2664/2664/2664 2667/2667/2667 2665/2665/2665
f 2665/2665/2665 2667/2667/2667 2668/2668/2668
f 2669/2669/2669 2666/2666/2666 2660/2660/2660
f 2660/2660/2660 2658/2658/2658 2669/2669/2669
f 2666/2666/2666 2670/2670/2670 2664/2664/2664
f 2664/2664/2664 2670/2670/2670 2667/2667/2667
f 2670/2670/2670 2666/2666/2666 2669/2669/2669
f 2667/2667/2667 2671/2671/2671 2668/2668/2668
f 2668/2668/2668 2671/2671/2671 2672/2672/2672
f 2670/2670/2670 2673/2673/2673 2667/2667/2667
f 2667/2667/2667 2673/2673/2673 2671/2671/2671
f 2671/2671/2671 2674/2674/2674 2672/2672/2672
f 2672/2672/2672 2674/2674/2674 2675/2675/2675
f 2673/2673/2673 2676/2676/2676 2671/2671/2671
f 2671/2671/2671 2676/2676/2676 2674/2674/2674
f 2673/2673/2673 2670/2670/2670 2677/2677/2677
f 2676/2676/2676 2673/2673/2673 2677/2677/2677
f 2678/2678/2678 2670/2670/2670 2669/2669/2669
f 2677/2677/2677 2670/2670/2670 2678/2678/2678
f 2674/2674/2674 2679/2679/2679 2675/2675/2675
f 2675/2675/2675 2679/2679/2679 2680/2680/2680
f 2676/2676/2676 2681/2681/2681 2674/2674/2674
f 2674/2674/2674 2681/2681/2681 2679/2679/2679
f 2669/2669/2669 2682/2682/2682 2678/2678/2678
f 2658/2658/2658 2682/2682/2682 2669/2669/2669
f 2678/2678/2678 2682/2682/2682 2683/2683/2683
f 2677/2677/2677 2678/2678/2678 2683/2683/2683
f 2684/2684/2684 2676/2676/2676 2677/2677/2677
f 2681/2681/2681 2676/2676/2676 2684/2684/2684
f 2682/2682/2682 2658/2658/2658 2685/2685/2685
f 2683/2683/2683 2682/2682/2682 2685/2685/2685
f 2685/2685/2685 2658/2658/2658 2686/2686/2686
f 2683/2683/2683 2685/2685/2685 2686/2686/2686
f 2686/2686/2686 2658/2658/2658 2656/2656/2656
f 2687/2687/2687 2686/2686/2686 2656/2656/2656
f 2687/2687/2687 2683/2683/2683 2686/2686/2686
f 2688/2688/2688 2687/2687/2687 2656/2656/2656
f 2689/2689/2689 2677/2677/2677 2683/2683/2683
f 2689/2689/2689 2683/2683/2683 2687/2687/2687
f 2684/2684/2684 2677/2677/2677 2689/2689/2689
f 2690/2690/2690 2687/2687/2687 2688/2688/2688
f 2690/2690/2690 2689/2689/2689 2687/2687/2687
f 2691/2691/2691 2690/2690/2690 2688/2688/2688
f 2692/2692/2692 2684/2684/2684 2689/2689/2689
f 2692/2692/2692 2689/2689/2689 2690/2690/2690
f 2693/2693/2693 2690/2690/2690 2691/2691/2691
f 2693/2693/2693 2692/2692/2692 2690/2690/2690
f 2694/2694/2694 2693/2693/2693 2691/2691/2691
f 2695/2695/2695 2684/2684/2684 2692/2692/2692
f 2695/2695/2695 2681/2681/2681 2684/2684/2684
f 2696/2696/2696 2693/2693/2693 2694/2694/2694
f 2697/2697/2697 2696/2696/2696 2694/2694/2694
f 2698/2698/2698 2692/2692/2692 2693/2693/2693
f 2698/2698/2698 2695/2695/2695 2692/2692/2692
f 2696/2696/2696 2698/2698/2698 2693/2693/2693
f 2699/2699/2699 2696/2696/2696 2697/2697/2697
f 2700/2700/2700 2699/2699/2699 2697/2697/2697
f 2701/2701/2701 2698/2698/2698 2696/2696/2696
f 2701/2701/2701 2695/2695/2695 2698/2698/2698
f 2699/2699/2699 2701/2701/2701 2696/2696/2696
f 2702/2702/2702 2681/2681/2681 2695/2695/2695
f 2681/2681/2681 2702/2702/2702 2679/2679/2679
f 2703/2703/2703 2699/2699/2699 2700/2700/2700
f 2704/2704/2704 2703/2703/2703 2700/2700/2700
f 2703/2703/2703 2705/2705/2705 2699/2699/2699
f 2705/2705/2705 2701/2701/2701 2699/2699/2699
f 2704/2704/2704 2706/2706/2706 2703/2703/2703
f 2703/2703/2703 2706/2706/2706 2705/2705/2705
f 2707/2707/2707 2706/2706/2706 2704/2704/2704
f 2708/2708/2708 2695/2695/2695 2701/2701/2701
f 2708/2708/2708 2702/2702/2702 2695/2695/2695
f 2705/2705/2705 2709/2709/2709 2701/2701/2701
f 2709/2709/2709 2708/2708/2708 2701/2701/2701
f 2706/2706/2706 2709/2709/2709 2705/2705/2705
f 2710/2710/2710 2708/2708/2708 2709/2709/2709
f 2710/2710/2710 2702/2702/2702 2708/2708/2708
f 2710/2710/2710 2709/2709/2709 2706/2706/2706
f 2711/2711/2711 2706/2706/2706 2707/2707/2707
f 2711/2711/2711 2710/2710/2710 2706/2706/2706
f 2712/2712/2712 2711/2711/2711 2707/2707/2707
f 2712/2712/2712 2680/2680/2680 2711/2711/2711
f 2713/2713/2713 2702/2702/2702 2710/2710/2710
f 2711/2711/2711 2713/2713/2713 2710/2710/2710
f 2702/2702/2702 2713/2713/2713 2679/2679/2679
f 2679/2679/2679 2714/2714/2714 2680/2680/2680
f 2680/2680/2680 2714/2714/2714 2711/2711/2711
f 2714/2714/2714 2713/2713/2713 2711/2711/2711
f 2679/2679/2679 2713/2713/2713 2714/2714/2714
f 2717/2717/2717 2716/2716/2716 2715/2715/2715
f 2716/2716/2716 2717/2717/2717 2718/2718/2718
f 2716/2716/2716 2719/2719/2719 2715/2715/2715
f 2715/2715/2715 2719/2719/2719 2720/2720/2720
f 2721/2721/2721 2716/2716/2716 2718/2718/2718
f 2721/2721/2721 2718/2718/2718 2722/2722/2722
f 2719/2719/2719 2723/2723/2723 2720/2720/2720
f 2724/2724/2724 2720/2720/2720 2723/2723/2723
f 2719/2719/2719 2716/2716/2716 2725/2725/2725
f 2716/2716/2716 2721/2721/2721 2725/2725/2725
f 2723/2723/2723 2719/2719/2719 2726/2726/2726
f 2726/2726/2726 2719/2719/2719 2725/2725/2725
f 2727/2727/2727 2724/2724/2724 2723/2723/2723
f 2728/2728/2728 2724/2724/2724 2727/2727/2727
f 2729/2729/2729 2723/2723/2723 2726/2726/2726
f 2729/2729/2729 2727/2727/2727 2723/2723/2723
f 2730/2730/2730 2729/2729/2729 2726/2726/2726
f 2727/2727/2727 2729/2729/2729 2730/2730/2730
f 2731/2731/2731 2728/2728/2728 2727/2727/2727
f 2731/2731/2731 2727/2727/2727 2730/2730/2730
f 2728/2728/2728 2731/2731/2731 2732/2732/2732
f 2731/2731/2731 2733/2733/2733 2732/2732/2732
f 2731/2731/2731 2730/2730/2730 2733/2733/2733
f 2734/2734/2734 2726/2726/2726 2725/2725/2725
f 2734/2734/2734 2730/2730/2730 2726/2726/2726
f 2733/2733/2733 2735/2735/2735 2732/2732/2732
f 2735/2735/2735 2736/2736/2736 2732/2732/2732
f 2735/2735/2735 2737/2737/2737 2736/2736/2736
f 2737/2737/2737 2738/2738/2738 2736/2736/2736
f 2735/2735/2735 2733/2733/2733 2739/2739/2739
f 2735/2735/2735 2739/2739/2739 2737/2737/2737
f 2730/2730/2730 2740/2740/2740 2733/2733/2733
f 2733/2733/2733 2740/2740/2740 2739/2739/2739
f 2738/2738/2738 2737/2737/2737 2741/2741/2741
f 2741/2741/2741 2742/2742/2742 2738/2738/2738
f 2743/2743/2743 2740/2740/2740 2730/2730/2730
f 2734/2734/2734 2743/2743/2743 2730/2730/2730
f 2739/2739/2739 2744/2744/2744 2737/2737/2737
f 2737/2737/2737 2744/2744/2744 2741/2741/2741
f 2741/2741/2741 2745/2745/2745 2742/2742/2742
f 2742/2742/2742 2745/2745/2745 2746/2746/2746
f 2747/2747/2747 2739/2739/2739 2740/2740/2740
f 2743/2743/2743 2747/2747/2747 2740/2740/2740
f 2741/2741/2741 2748/2748/2748 2745/2745/2745
f 2744/2744/2744 2748/2748/2748 2741/2741/2741
f 2745/2745/2745 2749/2749/2749 2746/2746/2746
f 2749/2749/2749 2745/2745/2745 2748/2748/2748
f 2750/2750/2750 2746/2746/2746 2749/2749/2749
f 2751/2751/2751 2744/2744/2744 2739/2739/2739
f 2747/2747/2747 2751/2751/2751 2739/2739/2739
f 2752/2752/2752 2748/2748/2748 2744/2744/2744
f 2752/2752/2752 2749/2749/2749 2748/2748/2748
f 2751/2751/2751 2752/2752/2752 2744/2744/2744
f 2753/2753/2753 2750/2750/2750 2749/2749/2749
f 2749/2749/2749 2752/2752/2752 2753/2753/2753
f 2754/2754/2754 2752/2752/2752 2751/2751/2751
f 2752/2752/2752 2754/2754/2754 2753/2753/2753
f 2755/2755/2755 2751/2751/2751 2747/2747/2747
f 2755/2755/2755 2754/2754/2754 2751/2751/2751
f 2756/2756/2756 2747/2747/2747 2743/2743/2743
f 2756/2756/2756 2755/2755/2755 2747/2747/2747
f 2750/2750/2750 2753/2753/2753 2757/2757/2757
f 2758/2758/2758 2750/2750/2750 2757/2757/2757
f 2758/2758/2758 2757/2757/2757 2759/2759/2759
f 2754/2754/2754 2755/2755/2755 2760/2760/2760
f 2760/2760/2760 2755/2755/2755 2756/2756/2756
f 2754/2754/2754 2761/2761/2761 2753/2753/2753
f 2761/2761/2761 2757/2757/2757 2753/2753/2753
f 2761/2761/2761 2754/2754/2754 2760/2760/2760
f 2762/2762/2762 2756/2756/2756 2743/2743/2743
f 2743/2743/2743 2734/2734/2734 2762/2762/2762
f 2759/2759/2759 2757/2757/2757 2763/2763/2763
f 2757/2757/2757 2761/2761/2761 2763/2763/2763
f 2759/2759/2759 2763/2763/2763 2764/2764/2764
f 2765/2765/2765 2759/2759/2759 2764/2764/2764
f 2766/2766/2766 2765/2765/2765 2764/2764/2764
f 2763/2763/2763 2761/2761/2761 2767/2767/2767
f 2761/2761/2761 2760/2760/2760 2767/2767/2767
f 2764/2764/2764 2763/2763/2763 2767/2767/2767
f 2768/2768/2768 2760/2760/2760 2756/2756/2756
f 2768/2768/2768 2756/2756/2756 2762/2762/2762
f 2767/2767/2767 2760/2760/2760 2769/2769/2769
f 2760/2760/2760 2768/2768/2768 2769/2769/2769
f 2770/2770/2770 2764/2764/2764 2767/2767/2767
f 2767/2767/2767 2769/2769/2769 2770/2770/2770
f 2771/2771/2771 2766/2766/2766 2764/2764/2764
f 2764/2764/2764 2770/2770/2770 2771/2771/2771
f 2772/2772/2772 2770/2770/2770 2769/2769/2769
f 2770/2770/2770 2772/2772/2772 2771/2771/2771
f 2771/2771/2771 2773/2773/2773 2766/2766/2766
f 2771/2771/2771 2772/2772/2772 2773/2773/2773
f 2773/2773/2773 2774/2774/2774 2766/2766/2766
f 2775/2775/2775 2769/2769/2769 2768/2768/2768
f 2775/2775/2775 2772/2772/2772 2769/2769/2769
f 2776/2776/2776 2768/2768/2768 2762/2762/2762
f 2776/2776/2776 2775/2775/2775 2768/2768/2768
f 2774/2774/2774 2773/2773/2773 2777/2777/2777
f 2772/2772/2772 2778/2778/2778 2773/2773/2773
f 2773/2773/2773 2778/2778/2778 2777/2777/2777
f 2775/2775/2775 2779/2779/2779 2772/2772/2772
f 2779/2779/2779 2778/2778/2778 2772/2772/2772
f 2775/2775/2775 2776/2776/2776 2780/2780/2780
f 2775/2775/2775 2780/2780/2780 2779/2779/2779
f 2776/2776/2776 2762/2762/2762 2781/2781/2781
f 2776/2776/2776 2781/2781/2781 2780/2780/2780
f 2777/2777/2777 2782/2782/2782 2774/2774/2774
f 2782/2782/2782 2783/2783/2783 2774/2774/2774
f 2779/2779/2779 2784/2784/2784 2778/2778/2778
f 2779/2779/2779 2780/2780/2780 2784/2784/2784
f 2778/2778/2778 2785/2785/2785 2777/2777/2777
f 2777/2777/2777 2785/2785/2785 2782/2782/2782
f 2784/2784/2784 2785/2785/2785 2778/2778/2778
f 2782/2782/2782 2786/2786/2786 2783/2783/2783
f 2785/2785/2785 2786/2786/2786 2782/2782/2782
f 2786/2786/2786 2787/2787/2787 2783/2783/2783
f 2788/2788/2788 2787/2787/2787 2786/2786/2786
f 2789/2789/2789 2786/2786/2786 2785/2785/2785
f 2789/2789/2789 2788/2788/2788 2786/2786/2786
f 2784/2784/2784 2789/2789/2789 2785/2785/2785
f 2722/2722/2722 2788/2788/2788 2789/2789/2789
f 2790/2790/2790 2722/2722/2722 2789/2789/2789
f 2790/2790/2790 2789/2789/2789 2784/2784/2784
f 2790/2790/2790 2721/2721/2721 2722/2722/2722
f 2780/2780/2780 2791/2791/2791 2784/2784/2784
f 2791/2791/2791 2790/2790/2790 2784/2784/2784
f 2791/2791/2791 2780/2780/2780 2781/2781/2781
f 2721/2721/2721 2790/2790/2790 2792/2792/2792
f 2790/2790/2790 2791/2791/2791 2792/2792/2792
f 2792/2792/2792 2791/2791/2791 2781/2781/2781
f 2721/2721/2721 2792/2792/2792 2725/2725/2725
f 2792/2792/2792 2781/2781/2781 2793/2793/2793
f 2725/2725/2725 2792/2792/2792 2793/2793/2793
f 2762/2762/2762 2793/2793/2793 2781/2781/2781
f 2793/2793/2793 2734/2734/2734 2725/2725/2725
f 2734/2734/2734 2793/2793/2793 2762/2762/2762
f 2796/2796/2796 2795/2795/2795 2794/2794/2794
f 2794/2794/2794 2797/2797/2797 2796/2796/2796
f 2794/2794/2794 2798/2798/2798 2797/2797/2797
f 2798/2798/2798 2799/2799/2799 2797/2797/2797
f 2795/2795/2795 2796/2796/2796 2800/2800/2800
f 2799/2799/2799 2801/2801/2801 2797/2797/2797
f 2796/2796/2796 2802/2802/2802 2800/2800/2800
f 2800/2800/2800 2802/2802/2802 1431/1431/1431
f 1431/1431/1431 2802/2802/2802 1430/1430/1430
f 2803/2803/2803 2802/2802/2802 2796/2796/2796
f 2802/2802/2802 2803/2803/2803 1430/1430/1430
f 2801/2801/2801 2804/2804/2804 2797/2797/2797
f 2804/2804/2804 2801/2801/2801 2805/2805/2805
f 2797/2797/2797 2806/2806/2806 2796/2796/2796
f 2806/2806/2806 2803/2803/2803 2796/2796/2796
f 2807/2807/2807 2806/2806/2806 2797/2797/2797
f 2804/2804/2804 2807/2807/2807 2797/2797/2797
f 2806/2806/2806 2807/2807/2807 2803/2803/2803
f 2803/2803/2803 2808/2808/2808 1430/1430/1430
f 2807/2807/2807 2808/2808/2808 2803/2803/2803
f 2807/2807/2807 2804/2804/2804 2809/2809/2809
f 2809/2809/2809 2804/2804/2804 2805/2805/2805
f 2807/2807/2807 2809/2809/2809 2808/2808/2808
f 2809/2809/2809 2805/2805/2805 2810/2810/2810
f 2805/2805/2805 2811/2811/2811 2810/2810/2810
f 2811/2811/2811 2812/2812/2812 2810/2810/2810
f 2808/2808/2808 2813/2813/2813 1430/1430/1430
f 1430/1430/1430 2813/2813/2813 1423/1423/1423
f 2809/2809/2809 2814/2814/2814 2808/2808/2808
f 2809/2809/2809 2810/2810/2810 2814/2814/2814
f 2815/2815/2815 2813/2813/2813 2808/2808/2808
f 2813/2813/2813 2815/2815/2815 1423/1423/1423
f 2814/2814/2814 2815/2815/2815 2808/2808/2808
f 2812/2812/2812 2816/2816/2816 2810/2810/2810
f 2812/2812/2812 2817/2817/2817 2816/2816/2816
f 2810/2810/2810 2818/2818/2818 2814/2814/2814
f 2814/2814/2814 2818/2818/2818 2815/2815/2815
f 2815/2815/2815 2819/2819/2819 1423/1423/1423
f 1423/1423/1423 2819/2819/2819 1425/1425/1425
f 2817/2817/2817 2820/2820/2820 2816/2816/2816
f 2817/2817/2817 2821/2821/2821 2820/2820/2820
f 2810/2810/2810 2816/2816/2816 2822/2822/2822
f 2818/2818/2818 2810/2810/2810 2822/2822/2822
f 2818/2818/2818 2823/2823/2823 2815/2815/2815
f 2815/2815/2815 2823/2823/2823 2819/2819/2819
f 2824/2824/2824 1425/1425/1425 2819/2819/2819
f 2824/2824/2824 1432/1432/1432 1425/1425/1425
f 2820/2820/2820 2825/2825/2825 2816/2816/2816
f 2825/2825/2825 2822/2822/2822 2816/2816/2816
f 2821/2821/2821 2826/2826/2826 2820/2820/2820
f 2820/2820/2820 2826/2826/2826 2825/2825/2825
f 2818/2818/2818 2822/2822/2822 2827/2827/2827
f 2823/2823/2823 2818/2818/2818 2827/2827/2827
f 2823/2823/2823 2828/2828/2828 2819/2819/2819
f 2828/2828/2828 2824/2824/2824 2819/2819/2819
f 2829/2829/2829 1432/1432/1432 2824/2824/2824
f 2829/2829/2829 1419/1419/1419 1432/1432/1432
f 2830/2830/2830 2826/2826/2826 2821/2821/2821
f 2831/2831/2831 2830/2830/2830 2821/2821/2821
f 2831/2831/2831 2832/2832/2832 2830/2830/2830
f 2828/2828/2828 2823/2823/2823 2833/2833/2833
f 2823/2823/2823 2827/2827/2827 2833/2833/2833
f 2834/2834/2834 2824/2824/2824 2828/2828/2828
f 2834/2834/2834 2829/2829/2829 2824/2824/2824
f 2833/2833/2833 2834/2834/2834 2828/2828/2828
f 2835/2835/2835 2834/2834/2834 2833/2833/2833
f 2829/2829/2829 2834/2834/2834 2835/2835/2835
f 2829/2829/2829 2836/2836/2836 1419/1419/1419
f 2836/2836/2836 1420/1420/1420 1419/1419/1419
f 2833/2833/2833 2827/2827/2827 2837/2837/2837
f 2837/2837/2837 2835/2835/2835 2833/2833/2833
f 2838/2838/2838 2836/2836/2836 2829/2829/2829
f 2829/2829/2829 2835/2835/2835 2838/2838/2838
f 1420/1420/1420 2836/2836/2836 2839/2839/2839
f 2838/2838/2838 2839/2839/2839 2836/2836/2836
f 1452/1452/1452 1420/1420/1420 2839/2839/2839
f 2838/2838/2838 2835/2835/2835 2840/2840/2840
f 2838/2838/2838 2840/2840/2840 2839/2839/2839
f 2839/2839/2839 2841/2841/2841 1452/1452/1452
f 2840/2840/2840 2841/2841/2841 2839/2839/2839
f 2835/2835/2835 2842/2842/2842 2840/2840/2840
f 2835/2835/2835 2837/2837/2837 2842/2842/2842
f 2827/2827/2827 2843/2843/2843 2837/2837/2837
f 2843/2843/2843 2827/2827/2827 2822/2822/2822
f 2825/2825/2825 2843/2843/2843 2822/2822/2822
f 2844/2844/2844 2837/2837/2837 2843/2843/2843
f 2837/2837/2837 2844/2844/2844 2842/2842/2842
f 2844/2844/2844 2845/2845/2845 2842/2842/2842
f 2846/2846/2846 2844/2844/2844 2843/2843/2843
f 2846/2846/2846 2843/2843/2843 2825/2825/2825
f 2844/2844/2844 2846/2846/2846 2845/2845/2845
f 2840/2840/2840 2842/2842/2842 2847/2847/2847
f 2840/2840/2840 2847/2847/2847 2841/2841/2841
f 2841/2841/2841 2848/2848/2848 1452/1452/1452
f 2849/2849/2849 2848/2848/2848 2841/2841/2841
f 1452/1452/1452 2848/2848/2848 1449/1449/1449
f 2848/2848/2848 2849/2849/2849 1449/1449/1449
f 2850/2850/2850 2846/2846/2846 2825/2825/2825
f 2826/2826/2826 2850/2850/2850 2825/2825/2825
f 2850/2850/2850 2826/2826/2826 2830/2830/2830
f 2846/2846/2846 2850/2850/2850 2851/2851/2851
f 2851/2851/2851 2850/2850/2850 2830/2830/2830
f 2845/2845/2845 2852/2852/2852 2842/2842/2842
f 2842/2842/2842 2852/2852/2852 2847/2847/2847
f 2847/2847/2847 2853/2853/2853 2841/2841/2841
f 2853/2853/2853 2849/2849/2849 2841/2841/2841
f 2854/2854/2854 2853/2853/2853 2847/2847/2847
f 2853/2853/2853 2854/2854/2854 2849/2849/2849
f 2847/2847/2847 2852/2852/2852 2855/2855/2855
f 2855/2855/2855 2854/2854/2854 2847/2847/2847
f 2846/2846/2846 2856/2856/2856 2845/2845/2845
f 2856/2856/2856 2846/2846/2846 2851/2851/2851
f 2851/2851/2851 2830/2830/2830 2857/2857/2857
f 2832/2832/2832 2857/2857/2857 2830/2830/2830
f 2857/2857/2857 2832/2832/2832 2858/2858/2858
f 2858/2858/2858 2859/2859/2859 2857/2857/2857
f 2856/2856/2856 2851/2851/2851 2860/2860/2860
f 2860/2860/2860 2851/2851/2851 2857/2857/2857
f 2859/2859/2859 2861/2861/2861 2857/2857/2857
f 2857/2857/2857 2861/2861/2861 2860/2860/2860
f 2862/2862/2862 2856/2856/2856 2860/2860/2860
f 2845/2845/2845 2856/2856/2856 2862/2862/2862
f 2852/2852/2852 2845/2845/2845 2863/2863/2863
f 2852/2852/2852 2863/2863/2863 2855/2855/2855
f 2864/2864/2864 2861/2861/2861 2859/2859/2859
f 2865/2865/2865 2864/2864/2864 2859/2859/2859
f 2861/2861/2861 2866/2866/2866 2860/2860/2860
f 2862/2862/2862 2860/2860/2860 2866/2866/2866
f 2866/2866/2866 2861/2861/2861 2864/2864/2864
f 2845/2845/2845 2867/2867/2867 2863/2863/2863
f 2867/2867/2867 2845/2845/2845 2862/2862/2862
f 2868/2868/2868 2864/2864/2864 2865/2865/2865
f 2868/2868/2868 2869/2869/2869 2864/2864/2864
f 2870/2870/2870 2868/2868/2868 2865/2865/2865
f 2870/2870/2870 2871/2871/2871 2868/2868/2868
f 2868/2868/2868 2871/2871/2871 2869/2869/2869
f 2870/2870/2870 2872/2872/2872 2871/2871/2871
f 2873/2873/2873 2866/2866/2866 2864/2864/2864
f 2869/2869/2869 2873/2873/2873 2864/2864/2864
f 2874/2874/2874 2862/2862/2862 2866/2866/2866
f 2874/2874/2874 2866/2866/2866 2873/2873/2873
f 2867/2867/2867 2862/2862/2862 2875/2875/2875
f 2875/2875/2875 2862/2862/2862 2874/2874/2874
f 2863/2863/2863 2867/2867/2867 2876/2876/2876
f 2876/2876/2876 2867/2867/2867 2875/2875/2875
f 2877/2877/2877 2874/2874/2874 2873/2873/2873
f 2877/2877/2877 2873/2873/2873 2869/2869/2869
f 2878/2878/2878 2875/2875/2875 2874/2874/2874
f 2878/2878/2878 2874/2874/2874 2877/2877/2877
f 2879/2879/2879 2863/2863/2863 2876/2876/2876
f 2855/2855/2855 2863/2863/2863 2879/2879/2879
f 2876/2876/2876 2875/2875/2875 2880/2880/2880
f 2878/2878/2878 2880/2880/2880 2875/2875/2875
f 2879/2879/2879 2876/2876/2876 2881/2881/2881
f 2881/2881/2881 2876/2876/2876 2880/2880/2880
f 2882/2882/2882 2855/2855/2855 2879/2879/2879
f 2883/2883/2883 2879/2879/2879 2881/2881/2881
f 2882/2882/2882 2879/2879/2879 2883/2883/2883
f 2855/2855/2855 2882/2882/2882 2884/2884/2884
f 2854/2854/2854 2855/2855/2855 2884/2884/2884
f 2885/2885/2885 2882/2882/2882 2883/2883/2883
f 2884/2884/2884 2882/2882/2882 2885/2885/2885
f 2884/2884/2884 2886/2886/2886 2854/2854/2854
f 2887/2887/2887 2884/2884/2884 2885/2885/2885
f 2886/2886/2886 2884/2884/2884 2887/2887/2887
f 2886/2886/2886 2888/2888/2888 2854/2854/2854
f 2854/2854/2854 2888/2888/2888 2849/2849/2849
f 2888/2888/2888 2889/2889/2889 2849/2849/2849
f 2888/2888/2888 2886/2886/2886 2889/2889/2889
f 2889/2889/2889 2890/2890/2890 2849/2849/2849
f 2849/2849/2849 2890/2890/2890 1449/1449/1449
f 2890/2890/2890 1451/1451/1451 1449/1449/1449
f 2891/2891/2891 1451/1451/1451 2890/2890/2890
f 2889/2889/2889 2891/2891/2891 2890/2890/2890
f 2891/2891/2891 1445/1445/1445 1451/1451/1451
f 2886/2886/2886 2892/2892/2892 2889/2889/2889
f 2891/2891/2891 2889/2889/2889 2892/2892/2892
f 1445/1445/1445 2891/2891/2891 2893/2893/2893
f 2893/2893/2893 2891/2891/2891 2892/2892/2892
f 2886/2886/2886 2894/2894/2894 2892/2892/2892
f 2894/2894/2894 2886/2886/2886 2887/2887/2887
f 2895/2895/2895 1445/1445/1445 2893/2893/2893
f 1454/1454/1454 1445/1445/1445 2895/2895/2895
f 2893/2893/2893 2892/2892/2892 2896/2896/2896
f 2894/2894/2894 2896/2896/2896 2892/2892/2892
f 2895/2895/2895 2893/2893/2893 2897/2897/2897
f 2897/2897/2897 2893/2893/2893 2896/2896/2896
f 1454/1454/1454 2895/2895/2895 2898/2898/2898
f 2898/2898/2898 2895/2895/2895 2897/2897/2897
f 2899/2899/2899 1454/1454/1454 2898/2898/2898
f 2899/2899/2899 1455/1455/1455 1454/1454/1454
f 2887/2887/2887 2900/2900/2900 2894/2894/2894
f 2894/2894/2894 2901/2901/2901 2896/2896/2896
f 2900/2900/2900 2901/2901/2901 2894/2894/2894
f 2896/2896/2896 2902/2902/2902 2897/2897/2897
f 2901/2901/2901 2902/2902/2902 2896/2896/2896
f 2898/2898/2898 2897/2897/2897 2903/2903/2903
f 2902/2902/2902 2903/2903/2903 2897/2897/2897
f 2904/2904/2904 2900/2900/2900 2887/2887/2887
f 2885/2885/2885 2904/2904/2904 2887/2887/2887
f 2905/2905/2905 2904/2904/2904 2885/2885/2885
f 2883/2883/2883 2905/2905/2905 2885/2885/2885
f 1455/1455/1455 2899/2899/2899 2906/2906/2906
f 2907/2907/2907 2899/2899/2899 2898/2898/2898
f 2899/2899/2899 2907/2907/2907 2906/2906/2906
f 2908/2908/2908 2898/2898/2898 2903/2903/2903
f 2908/2908/2908 2907/2907/2907 2898/2898/2898
f 2909/2909/2909 2908/2908/2908 2903/2903/2903
f 2908/2908/2908 2909/2909/2909 2907/2907/2907
f 2903/2903/2903 2902/2902/2902 2910/2910/2910
f 2910/2910/2910 2909/2909/2909 2903/2903/2903
f 2906/2906/2906 2911/2911/2911 1455/1455/1455
f 2911/2911/2911 1464/1464/1464 1455/1455/1455
f 2907/2907/2907 2912/2912/2912 2906/2906/2906
f 2909/2909/2909 2912/2912/2912 2907/2907/2907
f 2911/2911/2911 2913/2913/2913 1464/1464/1464
f 1477/1477/1477 1464/1464/1464 2913/2913/2913
f 2914/2914/2914 1477/1477/1477 2913/2913/2913
f 1476/1476/1476 1477/1477/1477 2914/2914/2914
f 1491/1491/1491 1476/1476/1476 2914/2914/2914
f 1503/1503/1503 1491/1491/1491 2914/2914/2914
f 2915/2915/2915 1503/1503/1503 2914/2914/2914
f 2914/2914/2914 2913/2913/2913 2915/2915/2915
f 1503/1503/1503 2915/2915/2915 2916/2916/2916
f 2917/2917/2917 1503/1503/1503 2916/2916/2916
f 2917/2917/2917 2916/2916/2916 2918/2918/2918
f 2916/2916/2916 2919/2919/2919 2918/2918/2918
f 2920/2920/2920 2918/2918/2918 2919/2919/2919
f 2916/2916/2916 2915/2915/2915 2921/2921/2921
f 2919/2919/2919 2916/2916/2916 2921/2921/2921
f 2915/2915/2915 2922/2922/2922 2921/2921/2921
f 2913/2913/2913 2922/2922/2922 2915/2915/2915
f 2923/2923/2923 2919/2919/2919 2921/2921/2921
f 2919/2919/2919 2923/2923/2923 2924/2924/2924
f 2925/2925/2925 2920/2920/2920 2919/2919/2919
f 2925/2925/2925 2919/2919/2919 2924/2924/2924
f 2920/2920/2920 2925/2925/2925 2926/2926/2926
f 2927/2927/2927 2925/2925/2925 2924/2924/2924
f 2925/2925/2925 2927/2927/2927 2926/2926/2926
f 2926/2926/2926 2927/2927/2927 2928/2928/2928
f 2929/2929/2929 2927/2927/2927 2924/2924/2924
f 2928/2928/2928 2927/2927/2927 2929/2929/2929
f 2930/2930/2930 2926/2926/2926 2928/2928/2928
f 2931/2931/2931 2928/2928/2928 2929/2929/2929
f 2932/2932/2932 2930/2930/2930 2928/2928/2928
f 2931/2931/2931 2933/2933/2933 2928/2928/2928
f 2928/2928/2928 2934/2934/2934 2932/2932/2932
f 2933/2933/2933 2934/2934/2934 2928/2928/2928
f 2922/2922/2922 2913/2913/2913 2935/2935/2935
f 2935/2935/2935 2913/2913/2913 2911/2911/2911
f 2922/2922/2922 2935/2935/2935 2936/2936/2936
f 2937/2937/2937 2922/2922/2922 2936/2936/2936
f 2911/2911/2911 2938/2938/2938 2935/2935/2935
f 2911/2911/2911 2906/2906/2906 2938/2938/2938
f 2936/2936/2936 2935/2935/2935 2939/2939/2939
f 2935/2935/2935 2938/2938/2938 2939/2939/2939
f 2936/2936/2936 2940/2940/2940 2937/2937/2937
f 2936/2936/2936 2939/2939/2939 2940/2940/2940
f 2939/2939/2939 2941/2941/2941 2940/2940/2940
f 2940/2940/2940 2942/2942/2942 2937/2937/2937
f 2941/2941/2941 2943/2943/2943 2940/2940/2940
f 2940/2940/2940 2944/2944/2944 2942/2942/2942
f 2943/2943/2943 2944/2944/2944 2940/2940/2940
f 2944/2944/2944 2945/2945/2945 2942/2942/2942
f 2946/2946/2946 2945/2945/2945 2944/2944/2944
f 2944/2944/2944 2943/2943/2943 2947/2947/2947
f 2947/2947/2947 2946/2946/2946 2944/2944/2944
f 2943/2943/2943 2948/2948/2948 2947/2947/2947
f 2946/2946/2946 2947/2947/2947 2949/2949/2949
f 2947/2947/2947 2948/2948/2948 2950/2950/2950
f 2947/2947/2947 2950/2950/2950 2949/2949/2949
f 2948/2948/2948 2951/2951/2951 2950/2950/2950
f 2950/2950/2950 2952/2952/2952 2949/2949/2949
f 2950/2950/2950 2951/2951/2951 2953/2953/2953
f 2952/2952/2952 2950/2950/2950 2954/2954/2954
f 2954/2954/2954 2950/2950/2950 2953/2953/2953
f 2957/2957/2957 2956/2956/2956 2955/2955/2955
f 2957/2957/2957 2955/2955/2955 2958/2958/2958
f 2956/2956/2956 2959/2959/2959 2955/2955/2955
f 2959/2959/2959 2956/2956/2956 2960/2960/2960
f 2955/2955/2955 2961/2961/2961 2958/2958/2958
f 2955/2955/2955 2959/2959/2959 2962/2962/2962
f 2955/2955/2955 2962/2962/2962 2961/2961/2961
f 2961/2961/2961 2963/2963/2963 2958/2958/2958
f 2963/2963/2963 2964/2964/2964 2958/2958/2958
f 2965/2965/2965 2964/2964/2964 2963/2963/2963
f 2966/2966/2966 2959/2959/2959 2960/2960/2960
f 2959/2959/2959 2967/2967/2967 2962/2962/2962
f 2959/2959/2959 2966/2966/2966 2967/2967/2967
f 2968/2968/2968 2966/2966/2966 2960/2960/2960
f 2969/2969/2969 2968/2968/2968 2960/2960/2960
f 2970/2970/2970 2968/2968/2968 2969/2969/2969
f 2971/2971/2971 2970/2970/2970 2969/2969/2969
f 2966/2966/2966 2968/2968/2968 2972/2972/2972
f 2972/2972/2972 2968/2968/2968 2970/2970/2970
f 2973/2973/2973 2970/2970/2970 2971/2971/2971
f 2974/2974/2974 2973/2973/2973 2971/2971/2971
f 2966/2966/2966 2975/2975/2975 2967/2967/2967
f 2975/2975/2975 2966/2966/2966 2972/2972/2972
f 2976/2976/2976 2972/2972/2972 2970/2970/2970
f 2976/2976/2976 2970/2970/2970 2973/2973/2973
f 2975/2975/2975 2972/2972/2972 2977/2977/2977
f 2972/2972/2972 2976/2976/2976 2977/2977/2977
f 2978/2978/2978 2962/2962/2962 2967/2967/2967
f 2979/2979/2979 2967/2967/2967 2975/2975/2975
f 2979/2979/2979 2978/2978/2978 2967/2967/2967
f 2980/2980/2980 2973/2973/2973 2974/2974/2974
f 2981/2981/2981 2980/2980/2980 2974/2974/2974
f 2982/2982/2982 2981/2981/2981 2974/2974/2974
f 2983/2983/2983 2981/2981/2981 2982/2982/2982
f 2983/2983/2983 2982/2982/2982 2984/2984/2984
f 2973/2973/2973 2980/2980/2980 2985/2985/2985
f 2980/2980/2980 2981/2981/2981 2986/2986/2986
f 2985/2985/2985 2980/2980/2980 2986/2986/2986
f 2981/2981/2981 2983/2983/2983 2987/2987/2987
f 2986/2986/2986 2981/2981/2981 2987/2987/2987
f 2984/2984/2984 2988/2988/2988 2983/2983/2983
f 2983/2983/2983 2988/2988/2988 2987/2987/2987
f 2989/2989/2989 2973/2973/2973 2985/2985/2985
f 2989/2989/2989 2976/2976/2976 2973/2973/2973
f 2990/2990/2990 2985/2985/2985 2986/2986/2986
f 2985/2985/2985 2990/2990/2990 2989/2989/2989
f 2991/2991/2991 2988/2988/2988 2984/2984/2984
f 2992/2992/2992 2991/2991/2991 2984/2984/2984
f 2989/2989/2989 2993/2993/2993 2976/2976/2976
f 2990/2990/2990 2993/2993/2993 2989/2989/2989
f 2994/2994/2994 2990/2990/2990 2986/2986/2986
f 2994/2994/2994 2986/2986/2986 2987/2987/2987
f 2988/2988/2988 2995/2995/2995 2987/2987/2987
f 2995/2995/2995 2988/2988/2988 2991/2991/2991
f 2996/2996/2996 2991/2991/2991 2992/2992/2992
f 2997/2997/2997 2996/2996/2996 2992/2992/2992
f 2998/2998/2998 2987/2987/2987 2995/2995/2995
f 2994/2994/2994 2987/2987/2987 2998/2998/2998
f 2999/2999/2999 2995/2995/2995 2991/2991/2991
f 2999/2999/2999 2991/2991/2991 2996/2996/2996
f 2999/2999/2999 2998/2998/2998 2995/2995/2995
f 3000/3000/3000 2999/2999/2999 2996/2996/2996
f 3000/3000/3000 2998/2998/2998 2999/2999/2999
f 2996/2996/2996 3001/3001/3001 3000/3000/3000
f 3001/3001/3001 2996/2996/2996 2997/2997/2997
f 3000/3000/3000 3002/3002/3002 2998/2998/2998
f 2994/2994/2994 2998/2998/2998 3002/3002/3002
f 3001/3001/3001 3002/3002/3002 3000/3000/3000
f 3003/3003/3003 2990/2990/2990 2994/2994/2994
f 2993/2993/2993 2990/2990/2990 3003/3003/3003
f 3004/3004/3004 2994/2994/2994 3002/3002/3002
f 3002/3002/3002 3001/3001/3001 3004/3004/3004
f 3004/3004/3004 3003/3003/3003 2994/2994/2994
f 3001/3001/3001 3005/3005/3005 3004/3004/3004
f 3003/3003/3003 3004/3004/3004 3005/3005/3005
f 2997/2997/2997 3006/3006/3006 3001/3001/3001
f 3006/3006/3006 3005/3005/3005 3001/3001/3001
f 3006/3006/3006 2997/2997/2997 3007/3007/3007
f 3007/3007/3007 2997/2997/2997 3008/3008/3008
f 3007/3007/3007 3008/3008/3008 3009/3009/3009
f 3009/3009/3009 3010/3010/3010 3007/3007/3007
f 3007/3007/3007 3010/3010/3010 3011/3011/3011
f 3006/3006/3006 3012/3012/3012 3005/3005/3005
f 3006/3006/3006 3007/3007/3007 3012/3012/3012
f 3013/3013/3013 3007/3007/3007 3011/3011/3011
f 3007/3007/3007 3013/3013/3013 3012/3012/3012
f 3011/3011/3011 3014/3014/3014 3013/3013/3013
f 3015/3015/3015 3003/3003/3003 3005/3005/3005
f 3012/3012/3012 3015/3015/3015 3005/3005/3005
f 3014/3014/3014 3016/3016/3016 3013/3013/3013
f 3013/3013/3013 3016/3016/3016 3012/3012/3012
f 3016/3016/3016 3014/3014/3014 3017/3017/3017
f 3014/3014/3014 3018/3018/3018 3017/3017/3017
f 3016/3016/3016 3019/3019/3019 3012/3012/3012
f 3012/3012/3012 3019/3019/3019 3015/3015/3015
f 3019/3019/3019 3016/3016/3016 3017/3017/3017
f 3020/3020/3020 3003/3003/3003 3015/3015/3015
f 3020/3020/3020 2993/2993/2993 3003/3003/3003
f 3019/3019/3019 3021/3021/3021 3015/3015/3015
f 3015/3015/3015 3021/3021/3021 3020/3020/3020
f 3020/3020/3020 3022/3022/3022 2993/2993/2993
f 3021/3021/3021 3022/3022/3022 3020/3020/3020
f 3021/3021/3021 3019/3019/3019 3023/3023/3023
f 3023/3023/3023 3019/3019/3019 3017/3017/3017
f 3024/3024/3024 3017/3017/3017 3018/3018/3018
f 3025/3025/3025 3024/3024/3024 3018/3018/3018
f 3025/3025/3025 2938/2938/2938 3024/3024/3024
f 3024/3024/3024 3026/3026/3026 3017/3017/3017
f 3026/3026/3026 3023/3023/3023 3017/3017/3017
f 2938/2938/2938 3027/3027/3027 3024/3024/3024
f 3024/3024/3024 3027/3027/3027 3026/3026/3026
f 2906/2906/2906 3027/3027/3027 2938/2938/2938
f 2912/2912/2912 3027/3027/3027 2906/2906/2906
f 3027/3027/3027 2912/2912/2912 3026/3026/3026
f 3026/3026/3026 2912/2912/2912 3028/3028/3028
f 3023/3023/3023 3026/3026/3026 3028/3028/3028
f 2912/2912/2912 2909/2909/2909 3028/3028/3028
f 3029/3029/3029 3021/3021/3021 3023/3023/3023
f 3029/3029/3029 3023/3023/3023 3028/3028/3028
f 3022/3022/3022 3021/3021/3021 3029/3029/3029
f 3028/3028/3028 2909/2909/2909 3030/3030/3030
f 3029/3029/3029 3028/3028/3028 3030/3030/3030
f 2909/2909/2909 2910/2910/2910 3030/3030/3030
f 3031/3031/3031 3022/3022/3022 3029/3029/3029
f 3031/3031/3031 3029/3029/3029 3030/3030/3030
f 2910/2910/2910 3032/3032/3032 3030/3030/3030
f 2902/2902/2902 3032/3032/3032 2910/2910/2910
f 3033/3033/3033 3022/3022/3022 3031/3031/3031
f 3022/3022/3022 3033/3033/3033 2993/2993/2993
f 2993/2993/2993 3033/3033/3033 2976/2976/2976
f 2976/2976/2976 3033/3033/3033 2977/2977/2977
f 2977/2977/2977 3033/3033/3033 3031/3031/3031
f 3030/3030/3030 3034/3034/3034 3031/3031/3031
f 3034/3034/3034 2977/2977/2977 3031/3031/3031
f 3032/3032/3032 3034/3034/3034 3030/3030/3030
f 3034/3034/3034 2975/2975/2975 2977/2977/2977
f 3034/3034/3034 3032/3032/3032 2975/2975/2975
f 3032/3032/3032 2979/2979/2979 2975/2975/2975
f 2979/2979/2979 3032/3032/3032 2902/2902/2902
f 2979/2979/2979 2902/2902/2902 2901/2901/2901
f 2978/2978/2978 2979/2979/2979 2901/2901/2901
f 3035/3035/3035 2978/2978/2978 2901/2901/2901
f 3035/3035/3035 2901/2901/2901 2900/2900/2900
f 2978/2978/2978 3035/3035/3035 3036/3036/3036
f 2962/2962/2962 2978/2978/2978 3036/3036/3036
f 3037/3037/3037 2962/2962/2962 3036/3036/3036
f 2962/2962/2962 3037/3037/3037 2961/2961/2961
f 3037/3037/3037 3038/3038/3038 2961/2961/2961
f 3038/3038/3038 2963/2963/2963 2961/2961/2961
f 3039/3039/3039 3037/3037/3037 3036/3036/3036
f 3038/3038/3038 3037/3037/3037 3039/3039/3039
f 3036/3036/3036 3035/3035/3035 3040/3040/3040
f 3036/3036/3036 3040/3040/3040 3039/3039/3039
f 3035/3035/3035 2900/2900/2900 3041/3041/3041
f 3035/3035/3035 3041/3041/3041 3040/3040/3040
f 3041/3041/3041 2900/2900/2900 3042/3042/3042
f 2900/2900/2900 2904/2904/2904 3042/3042/3042
f 2963/2963/2963 3038/3038/3038 3043/3043/3043
f 3043/3043/3043 2965/2965/2965 2963/2963/2963
f 3043/3043/3043 3044/3044/3044 2965/2965/2965
f 3045/3045/3045 2965/2965/2965 3044/3044/3044
f 3038/3038/3038 3046/3046/3046 3043/3043/3043
f 3043/3043/3043 3046/3046/3046 3044/3044/3044
f 3047/3047/3047 3038/3038/3038 3039/3039/3039
f 3038/3038/3038 3047/3047/3047 3046/3046/3046
f 3048/3048/3048 3040/3040/3040 3041/3041/3041
f 3048/3048/3048 3041/3041/3041 3042/3042/3042
f 3049/3049/3049 3048/3048/3048 3042/3042/3042
f 3049/3049/3049 3042/3042/3042 3050/3050/3050
f 3042/3042/3042 2904/2904/2904 3050/3050/3050
f 2905/2905/2905 3050/3050/3050 2904/2904/2904
f 3040/3040/3040 3051/3051/3051 3039/3039/3039
f 3047/3047/3047 3039/3039/3039 3051/3051/3051
f 3052/3052/3052 3040/3040/3040 3048/3048/3048
f 3040/3040/3040 3052/3052/3052 3051/3051/3051
f 3048/3048/3048 3049/3049/3049 3053/3053/3053
f 3053/3053/3053 3052/3052/3052 3048/3048/3048
f 3047/3047/3047 3054/3054/3054 3046/3046/3046
f 3055/3055/3055 3047/3047/3047 3051/3051/3051
f 3054/3054/3054 3047/3047/3047 3055/3055/3055
f 3056/3056/3056 3055/3055/3055 3051/3051/3051
f 3052/3052/3052 3057/3057/3057 3051/3051/3051
f 3057/3057/3057 3056/3056/3056 3051/3051/3051
f 3052/3052/3052 3058/3058/3058 3057/3057/3057
f 3052/3052/3052 3053/3053/3053 3058/3058/3058
f 3058/3058/3058 3059/3059/3059 3057/3057/3057
f 3056/3056/3056 3057/3057/3057 3059/3059/3059
f 3060/3060/3060 3056/3056/3056 3059/3059/3059
f 3053/3053/3053 3061/3061/3061 3058/3058/3058
f 3056/3056/3056 3060/3060/3060 3062/3062/3062
f 3053/3053/3053 3063/3063/3063 3061/3061/3061
f 3063/3063/3063 3064/3064/3064 3061/3061/3061
f 3064/3064/3064 3063/3063/3063 3065/3065/3065
f 3049/3049/3049 3063/3063/3063 3053/3053/3053
f 3063/3063/3063 3066/3066/3066 3065/3065/3065
f 3063/3063/3063 3049/3049/3049 3066/3066/3066
f 3067/3067/3067 3065/3065/3065 3066/3066/3066
f 3068/3068/3068 3067/3067/3067 3066/3066/3066
f 3067/3067/3067 3068/3068/3068 3069/3069/3069
f 3070/3070/3070 3056/3056/3056 3062/3062/3062
f 3070/3070/3070 3062/3062/3062 3071/3071/3071
f 3062/3062/3062 3072/3072/3072 3071/3071/3071
f 3072/3072/3072 3073/3073/3073 3071/3071/3071
f 3072/3072/3072 3074/3074/3074 3073/3073/3073
f 3070/3070/3070 3075/3075/3075 3056/3056/3056
f 3075/3075/3075 3055/3055/3055 3056/3056/3056
f 3075/3075/3075 3054/3054/3054 3055/3055/3055
f 3071/3071/3071 3076/3076/3076 3070/3070/3070
f 3071/3071/3071 3073/3073/3073 3076/3076/3076
f 3070/3070/3070 3077/3077/3077 3075/3075/3075
f 3076/3076/3076 3077/3077/3077 3070/3070/3070
f 3077/3077/3077 3078/3078/3078 3075/3075/3075
f 3078/3078/3078 3054/3054/3054 3075/3075/3075
f 3078/3078/3078 3077/3077/3077 3076/3076/3076
f 3054/3054/3054 3078/3078/3078 3079/3079/3079
f 3046/3046/3046 3054/3054/3054 3079/3079/3079
f 3046/3046/3046 3079/3079/3079 3044/3044/3044
f 3080/3080/3080 3078/3078/3078 3076/3076/3076
f 3079/3079/3079 3078/3078/3078 3080/3080/3080
f 3081/3081/3081 3044/3044/3044 3079/3079/3079
f 3081/3081/3081 3045/3045/3045 3044/3044/3044
f 3073/3073/3073 3082/3082/3082 3076/3076/3076
f 3080/3080/3080 3076/3076/3076 3082/3082/3082
f 3083/3083/3083 3079/3079/3079 3080/3080/3080
f 3083/3083/3083 3081/3081/3081 3079/3079/3079
f 3045/3045/3045 3081/3081/3081 3084/3084/3084
f 3085/3085/3085 3045/3045/3045 3084/3084/3084
f 3081/3081/3081 3083/3083/3083 3086/3086/3086
f 3080/3080/3080 3086/3086/3086 3083/3083/3083
f 3084/3084/3084 3081/3081/3081 3086/3086/3086
f 3085/3085/3085 3084/3084/3084 3087/3087/3087
f 3087/3087/3087 3084/3084/3084 3086/3086/3086
f 3085/3085/3085 3087/3087/3087 3088/3088/3088
f 3089/3089/3089 3080/3080/3080 3082/3082/3082
f 3080/3080/3080 3089/3089/3089 3086/3086/3086
f 3082/3082/3082 3073/3073/3073 3090/3090/3090
f 3089/3089/3089 3082/3082/3082 3090/3090/3090
f 3091/3091/3091 3087/3087/3087 3086/3086/3086
f 3091/3091/3091 3086/3086/3086 3089/3089/3089
f 3087/3087/3087 3092/3092/3092 3088/3088/3088
f 3092/3092/3092 3087/3087/3087 3091/3091/3091
f 3091/3091/3091 3089/3089/3089 3093/3093/3093
f 3093/3093/3093 3089/3089/3089 3090/3090/3090
f 3093/3093/3093 3092/3092/3092 3091/3091/3091
f 3092/3092/3092 3093/3093/3093 3090/3090/3090
f 3073/3073/3073 3094/3094/3094 3090/3090/3090
f 3094/3094/3094 3092/3092/3092 3090/3090/3090
f 3088/3088/3088 3092/3092/3092 3094/3094/3094
f 3073/3073/3073 3074/3074/3074 3094/3094/3094
f 3074/3074/3074 3088/3088/3088 3094/3094/3094
f 3097/3097/3097 3096/3096/3096 3095/3095/3095
f 3097/3097/3097 3095/3095/3095 3098/3098/3098
f 3096/3096/3096 3099/3099/3099 3095/3095/3095
f 3096/3096/3096 3100/3100/3100 3099/3099/3099
f 3095/3095/3095 3101/3101/3101 3098/3098/3098
f 3102/3102/3102 3098/3098/3098 3101/3101/3101
f 3103/3103/3103 3095/3095/3095 3099/3099/3099
f 3095/3095/3095 3103/3103/3103 3101/3101/3101
f 3104/3104/3104 3102/3102/3102 3101/3101/3101
f 3105/3105/3105 3102/3102/3102 3104/3104/3104
f 3106/3106/3106 3104/3104/3104 3101/3101/3101
f 3107/3107/3107 3105/3105/3105 3104/3104/3104
f 3104/3104/3104 3106/3106/3106 3107/3107/3107
f 3107/3107/3107 3108/3108/3108 3105/3105/3105
f 3105/3105/3105 3108/3108/3108 3109/3109/3109
f 3103/3103/3103 3110/3110/3110 3101/3101/3101
f 3110/3110/3110 3106/3106/3106 3101/3101/3101
f 3106/3106/3106 3111/3111/3111 3107/3107/3107
f 3107/3107/3107 3111/3111/3111 3108/3108/3108
f 3106/3106/3106 3110/3110/3110 3112/3112/3112
f 3106/3106/3106 3112/3112/3112 3111/3111/3111
f 3108/3108/3108 3113/3113/3113 3109/3109/3109
f 3111/3111/3111 3114/3114/3114 3108/3108/3108
f 3113/3113/3113 3108/3108/3108 3114/3114/3114
f 3112/3112/3112 3115/3115/3115 3111/3111/3111
f 3111/3111/3111 3115/3115/3115 3114/3114/3114
f 3109/3109/3109 3113/3113/3113 3116/3116/3116
f 3117/3117/3117 3109/3109/3109 3116/3116/3116
f 3116/3116/3116 3118/3118/3118 3117/3117/3117
f 3119/3119/3119 3117/3117/3117 3118/3118/3118
f 3120/3120/3120 3113/3113/3113 3114/3114/3114
f 3121/3121/3121 3116/3116/3116 3113/3113/3113
f 3120/3120/3120 3121/3121/3121 3113/3113/3113
f 3122/3122/3122 3118/3118/3118 3116/3116/3116
f 3121/3121/3121 3122/3122/3122 3116/3116/3116
f 3123/3123/3123 3119/3119/3119 3118/3118/3118
f 3123/3123/3123 3118/3118/3118 3122/3122/3122
f 3120/3120/3120 3114/3114/3114 3124/3124/3124
f 3115/3115/3115 3124/3124/3124 3114/3114/3114
f 3121/3121/3121 3120/3120/3120 3125/3125/3125
f 3125/3125/3125 3120/3120/3120 3124/3124/3124
f 3122/3122/3122 3121/3121/3121 3126/3126/3126
f 3121/3121/3121 3125/3125/3125 3126/3126/3126
f 3119/3119/3119 3123/3123/3123 3127/3127/3127
f 3119/3119/3119 3127/3127/3127 3128/3128/3128
f 3129/3129/3129 3123/3123/3123 3122/3122/3122
f 3122/3122/3122 3126/3126/3126 3129/3129/3129
f 3129/3129/3129 3130/3130/3130 3123/3123/3123
f 3129/3129/3129 3126/3126/3126 3130/3130/3130
f 3130/3130/3130 3127/3127/3127 3123/3123/3123
f 3126/3126/3126 3131/3131/3131 3130/3130/3130
f 3130/3130/3130 3131/3131/3131 3127/3127/3127
f 3126/3126/3126 3125/3125/3125 3131/3131/3131
f 3128/3128/3128 3127/3127/3127 3132/3132/3132
f 3131/3131/3131 3132/3132/3132 3127/3127/3127
f 3133/3133/3133 3128/3128/3128 3132/3132/3132
f 3125/3125/3125 3134/3134/3134 3131/3131/3131
f 3132/3132/3132 3131/3131/3131 3134/3134/3134
f 3135/3135/3135 3133/3133/3133 3132/3132/3132
f 3135/3135/3135 3132/3132/3132 3134/3134/3134
f 3136/3136/3136 3133/3133/3133 3135/3135/3135
f 3137/3137/3137 3134/3134/3134 3125/3125/3125
f 3134/3134/3134 3137/3137/3137 3135/3135/3135
f 3124/3124/3124 3137/3137/3137 3125/3125/3125
f 3138/3138/3138 3136/3136/3136 3135/3135/3135
f 3137/3137/3137 3138/3138/3138 3135/3135/3135
f 3136/3136/3136 3138/3138/3138 3139/3139/3139
f 3140/3140/3140 3137/3137/3137 3124/3124/3124
f 3137/3137/3137 3140/3140/3140 3138/3138/3138
f 3115/3115/3115 3140/3140/3140 3124/3124/3124
f 3138/3138/3138 3141/3141/3141 3139/3139/3139
f 3138/3138/3138 3140/3140/3140 3141/3141/3141
f 3142/3142/3142 3140/3140/3140 3115/3115/3115
f 3140/3140/3140 3142/3142/3142 3141/3141/3141
f 3112/3112/3112 3142/3142/3142 3115/3115/3115
f 3141/3141/3141 3143/3143/3143 3139/3139/3139
f 3143/3143/3143 3144/3144/3144 3139/3139/3139
f 3144/3144/3144 3143/3143/3143 3145/3145/3145
f 3142/3142/3142 3146/3146/3146 3141/3141/3141
f 3142/3142/3142 3112/3112/3112 3146/3146/3146
f 3146/3146/3146 3143/3143/3143 3141/3141/3141
f 3143/3143/3143 3147/3147/3147 3145/3145/3145
f 3143/3143/3143 3146/3146/3146 3147/3147/3147
f 3112/3112/3112 3148/3148/3148 3146/3146/3146
f 3110/3110/3110 3148/3148/3148 3112/3112/3112
f 3147/3147/3147 3149/3149/3149 3145/3145/3145
f 3149/3149/3149 3150/3150/3150 3145/3145/3145
f 3151/3151/3151 3150/3150/3150 3149/3149/3149
f 3146/3146/3146 3152/3152/3152 3147/3147/3147
f 3152/3152/3152 3146/3146/3146 3148/3148/3148
f 3147/3147/3147 3152/3152/3152 3149/3149/3149
f 3148/3148/3148 3110/3110/3110 3153/3153/3153
f 3153/3153/3153 3152/3152/3152 3148/3148/3148
f 3110/3110/3110 3103/3103/3103 3153/3153/3153
f 3152/3152/3152 3154/3154/3154 3149/3149/3149
f 3152/3152/3152 3153/3153/3153 3154/3154/3154
f 3155/3155/3155 3151/3151/3151 3149/3149/3149
f 3149/3149/3149 3154/3154/3154 3155/3155/3155
f 3151/3151/3151 3155/3155/3155 2880/2880/2880
f 3156/3156/3156 3151/3151/3151 2880/2880/2880
f 3156/3156/3156 2880/2880/2880 2878/2878/2878
f 2880/2880/2880 3155/3155/3155 2881/2881/2881
f 3157/3157/3157 3156/3156/3156 2878/2878/2878
f 3155/3155/3155 3158/3158/3158 2881/2881/2881
f 3154/3154/3154 3158/3158/3158 3155/3155/3155
f 2883/2883/2883 2881/2881/2881 3158/3158/3158
f 2878/2878/2878 3159/3159/3159 3157/3157/3157
f 3159/3159/3159 3160/3160/3160 3157/3157/3157
f 3159/3159/3159 2878/2878/2878 2877/2877/2877
f 3153/3153/3153 3161/3161/3161 3154/3154/3154
f 3158/3158/3158 3154/3154/3154 3161/3161/3161
f 3162/3162/3162 2883/2883/2883 3158/3158/3158
f 3162/3162/3162 3158/3158/3158 3161/3161/3161
f 3162/3162/3162 2905/2905/2905 2883/2883/2883
f 3161/3161/3161 3153/3153/3153 3163/3163/3163
f 3162/3162/3162 3161/3161/3161 3163/3163/3163
f 3153/3153/3153 3103/3103/3103 3163/3163/3163
f 2905/2905/2905 3162/3162/3162 3164/3164/3164
f 3162/3162/3162 3163/3163/3163 3164/3164/3164
f 2905/2905/2905 3164/3164/3164 3050/3050/3050
f 3050/3050/3050 3164/3164/3164 3165/3165/3165
f 3163/3163/3163 3103/3103/3103 3166/3166/3166
f 3164/3164/3164 3163/3163/3163 3166/3166/3166
f 3164/3164/3164 3166/3166/3166 3165/3165/3165
f 3166/3166/3166 3103/3103/3103 3099/3099/3099
f 3166/3166/3166 3099/3099/3099 3165/3165/3165
f 3167/3167/3167 3050/3050/3050 3165/3165/3165
f 3167/3167/3167 3049/3049/3049 3050/3050/3050
f 3167/3167/3167 3168/3168/3168 3049/3049/3049
f 3167/3167/3167 3165/3165/3165 3168/3168/3168
f 3099/3099/3099 3169/3169/3169 3165/3165/3165
f 3100/3100/3100 3169/3169/3169 3099/3099/3099
f 3170/3170/3170 3165/3165/3165 3169/3169/3169
f 3165/3165/3165 3170/3170/3170 3168/3168/3168
f 3171/3171/3171 3169/3169/3169 3100/3100/3100
f 3171/3171/3171 3170/3170/3170 3169/3169/3169
f 3172/3172/3172 3171/3171/3171 3100/3100/3100
f 3173/3173/3173 3171/3171/3171 3172/3172/3172
f 3170/3170/3170 3171/3171/3171 3173/3173/3173
f 3174/3174/3174 3173/3173/3173 3172/3172/3172
f 3173/3173/3173 3174/3174/3174 3175/3175/3175
f 3174/3174/3174 3176/3176/3176 3175/3175/3175
f 3175/3175/3175 3176/3176/3176 3177/3177/3177
f 3178/3178/3178 3170/3170/3170 3173/3173/3173
f 3168/3168/3168 3170/3170/3170 3178/3178/3178
f 3168/3168/3168 3179/3179/3179 3049/3049/3049
f 3049/3049/3049 3179/3179/3179 3066/3066/3066
f 3179/3179/3179 3168/3168/3168 3180/3180/3180
f 3180/3180/3180 3168/3168/3168 3178/3178/3178
f 3066/3066/3066 3179/3179/3179 3181/3181/3181
f 3181/3181/3181 3179/3179/3179 3180/3180/3180
f 3068/3068/3068 3066/3066/3066 3181/3181/3181
f 3182/3182/3182 3178/3178/3178 3173/3173/3173
f 3175/3175/3175 3182/3182/3182 3173/3173/3173
f 3180/3180/3180 3178/3178/3178 3183/3183/3183
f 3178/3178/3178 3182/3182/3182 3183/3183/3183
f 3181/3181/3181 3180/3180/3180 3184/3184/3184
f 3180/3180/3180 3183/3183/3183 3184/3184/3184
f 3184/3184/3184 3183/3183/3183 3185/3185/3185
f 3186/3186/3186 3068/3068/3068 3181/3181/3181
f 3184/3184/3184 3186/3186/3186 3181/3181/3181
f 3184/3184/3184 3185/3185/3185 3186/3186/3186
f 3068/3068/3068 3186/3186/3186 3069/3069/3069
f 3183/3183/3183 3182/3182/3182 3187/3187/3187
f 3183/3183/3183 3187/3187/3187 3185/3185/3185
f 3186/3186/3186 3188/3188/3188 3069/3069/3069
f 3185/3185/3185 3188/3188/3188 3186/3186/3186
f 3069/3069/3069 3188/3188/3188 3189/3189/3189
f 3189/3189/3189 3188/3188/3188 3185/3185/3185
f 3190/3190/3190 3069/3069/3069 3189/3189/3189
f 3175/3175/3175 3191/3191/3191 3182/3182/3182
f 3182/3182/3182 3191/3191/3191 3187/3187/3187
f 3192/3192/3192 3191/3191/3191 3175/3175/3175
f 3187/3187/3187 3191/3191/3191 3192/3192/3192
f 3187/3187/3187 3193/3193/3193 3185/3185/3185
f 3193/3193/3193 3187/3187/3187 3192/3192/3192
f 3194/3194/3194 3189/3189/3189 3185/3185/3185
f 3193/3193/3193 3194/3194/3194 3185/3185/3185
f 3189/3189/3189 3195/3195/3195 3190/3190/3190
f 3195/3195/3195 3196/3196/3196 3190/3190/3190
f 3194/3194/3194 3197/3197/3197 3189/3189/3189
f 3193/3193/3193 3197/3197/3197 3194/3194/3194
f 3197/3197/3197 3195/3195/3195 3189/3189/3189
f 3195/3195/3195 3198/3198/3198 3196/3196/3196
f 3199/3199/3199 3196/3196/3196 3198/3198/3198
f 3197/3197/3197 3200/3200/3200 3195/3195/3195
f 3200/3200/3200 3198/3198/3198 3195/3195/3195
f 3193/3193/3193 3201/3201/3201 3197/3197/3197
f 3201/3201/3201 3200/3200/3200 3197/3197/3197
f 3202/3202/3202 3199/3199/3199 3198/3198/3198
f 3198/3198/3198 3200/3200/3200 3202/3202/3202
f 3199/3199/3199 3202/3202/3202 3203/3203/3203
f 3199/3199/3199 3203/3203/3203 3204/3204/3204
f 3200/3200/3200 3205/3205/3205 3202/3202/3202
f 3201/3201/3201 3205/3205/3205 3200/3200/3200
f 3202/3202/3202 3205/3205/3205 3203/3203/3203
f 3201/3201/3201 3193/3193/3193 3206/3206/3206
f 3193/3193/3193 3192/3192/3192 3206/3206/3206
f 3201/3201/3201 3207/3207/3207 3205/3205/3205
f 3205/3205/3205 3207/3207/3207 3203/3203/3203
f 3201/3201/3201 3206/3206/3206 3207/3207/3207
f 3203/3203/3203 3207/3207/3207 3206/3206/3206
f 3204/3204/3204 3203/3203/3203 3208/3208/3208
f 3208/3208/3208 3203/3203/3203 3206/3206/3206
f 3208/3208/3208 3206/3206/3206 3192/3192/3192
f 3177/3177/3177 3204/3204/3204 3208/3208/3208
f 3209/3209/3209 3208/3208/3208 3192/3192/3192
f 3177/3177/3177 3208/3208/3208 3209/3209/3209
f 3209/3209/3209 3192/3192/3192 3175/3175/3175
f 3209/3209/3209 3175/3175/3175 3177/3177/3177
f 3210/3210/3210 2877/2877/2877 2869/2869/2869
f 3159/3159/3159 2877/2877/2877 3210/3210/3210
f 3211/3211/3211 3159/3159/3159 3210/3210/3210
f 3160/3160/3160 3159/3159/3159 3211/3211/3211
f 3212/3212/3212 3160/3160/3160 3211/3211/3211
f 3212/3212/3212 3211/3211/3211 3213/3213/3213
f 3210/3210/3210 2869/2869/2869 3214/3214/3214
f 3211/3211/3211 3210/3210/3210 3214/3214/3214
f 3211/3211/3211 3215/3215/3215 3213/3213/3213
f 3211/3211/3211 3214/3214/3214 3215/3215/3215
f 2869/2869/2869 3216/3216/3216 3214/3214/3214
f 2871/2871/2871 3216/3216/3216 2869/2869/2869
f 3216/3216/3216 3217/3217/3217 3214/3214/3214
f 3216/3216/3216 2871/2871/2871 3217/3217/3217
f 3213/3213/3213 3215/3215/3215 3218/3218/3218
f 3219/3219/3219 3213/3213/3213 3218/3218/3218
f 3214/3214/3214 3220/3220/3220 3215/3215/3215
f 3217/3217/3217 3220/3220/3220 3214/3214/3214
f 3215/3215/3215 3220/3220/3220 3221/3221/3221
f 3218/3218/3218 3215/3215/3215 3221/3221/3221
f 3221/3221/3221 3220/3220/3220 3217/3217/3217
f 2871/2871/2871 3222/3222/3222 3217/3217/3217
f 3222/3222/3222 2871/2871/2871 2872/2872/2872
f 3219/3219/3219 3218/3218/3218 3223/3223/3223
f 3224/3224/3224 3219/3219/3219 3223/3223/3223
f 3223/3223/3223 3225/3225/3225 3224/3224/3224
f 3226/3226/3226 3217/3217/3217 3222/3222/3222
f 3226/3226/3226 3221/3221/3221 3217/3217/3217
f 3227/3227/3227 3221/3221/3221 3226/3226/3226
f 3228/3228/3228 3222/3222/3222 2872/2872/2872
f 3228/3228/3228 3226/3226/3226 3222/3222/3222
f 3228/3228/3228 3227/3227/3227 3226/3226/3226
f 3229/3229/3229 3228/3228/3228 2872/2872/2872
f 3228/3228/3228 3229/3229/3229 3230/3230/3230
f 3221/3221/3221 3231/3231/3231 3218/3218/3218
f 3231/3231/3231 3223/3223/3223 3218/3218/3218
f 3227/3227/3227 3231/3231/3231 3221/3221/3221
f 3232/3232/3232 3228/3228/3228 3230/3230/3230
f 3228/3228/3228 3232/3232/3232 3227/3227/3227
f 3232/3232/3232 3230/3230/3230 3233/3233/3233
f 3223/3223/3223 3231/3231/3231 3234/3234/3234
f 3225/3225/3225 3223/3223/3223 3234/3234/3234
f 3227/3227/3227 3234/3234/3234 3231/3231/3231
f 3235/3235/3235 3232/3232/3232 3233/3233/3233
f 3232/3232/3232 3235/3235/3235 3227/3227/3227
f 3233/3233/3233 3236/3236/3236 3235/3235/3235
f 3237/3237/3237 3236/3236/3236 3225/3225/3225
f 3234/3234/3234 3237/3237/3237 3225/3225/3225
f 3227/3227/3227 3237/3237/3237 3234/3234/3234
f 3235/3235/3235 3237/3237/3237 3227/3227/3227
f 3236/3236/3236 3237/3237/3237 3235/3235/3235
f 3240/3240/3240 3239/3239/3239 3238/3238/3238
f 3241/3241/3241 3238/3238/3238 3239/3239/3239
f 3242/3242/3242 3238/3238/3238 3241/3241/3241
f 3243/3243/3243 3242/3242/3242 3241/3241/3241
f 3239/3239/3239 3240/3240/3240 3244/3244/3244
f 3245/3245/3245 3243/3243/3243 3241/3241/3241
f 3246/3246/3246 3239/3239/3239 3244/3244/3244
f 3246/3246/3246 3244/3244/3244 1567/1567/1567
f 3246/3246/3246 1567/1567/1567 1566/1566/1566
f 3246/3246/3246 3247/3247/3247 3239/3239/3239
f 3247/3247/3247 3246/3246/3246 1566/1566/1566
f 3248/3248/3248 3245/3245/3245 3241/3241/3241
f 3245/3245/3245 3248/3248/3248 3249/3249/3249
f 3250/3250/3250 3241/3241/3241 3239/3239/3239
f 3247/3247/3247 3250/3250/3250 3239/3239/3239
f 3250/3250/3250 3251/3251/3251 3241/3241/3241
f 3251/3251/3251 3248/3248/3248 3241/3241/3241
f 3251/3251/3251 3250/3250/3250 3247/3247/3247
f 3252/3252/3252 3247/3247/3247 1566/1566/1566
f 3252/3252/3252 3251/3251/3251 3247/3247/3247
f 3248/3248/3248 3251/3251/3251 3253/3253/3253
f 3248/3248/3248 3253/3253/3253 3249/3249/3249
f 3253/3253/3253 3251/3251/3251 3252/3252/3252
f 3249/3249/3249 3253/3253/3253 3254/3254/3254
f 3255/3255/3255 3249/3249/3249 3254/3254/3254
f 3256/3256/3256 3255/3255/3255 3254/3254/3254
f 3257/3257/3257 3252/3252/3252 1566/1566/1566
f 3257/3257/3257 1566/1566/1566 1559/1559/1559
f 3258/3258/3258 3253/3253/3253 3252/3252/3252
f 3254/3254/3254 3253/3253/3253 3258/3258/3258
f 3257/3257/3257 3259/3259/3259 3252/3252/3252
f 3259/3259/3259 3257/3257/3257 1559/1559/1559
f 3259/3259/3259 3258/3258/3258 3252/3252/3252
f 3260/3260/3260 3256/3256/3256 3254/3254/3254
f 3261/3261/3261 3256/3256/3256 3260/3260/3260
f 3262/3262/3262 3254/3254/3254 3258/3258/3258
f 3262/3262/3262 3258/3258/3258 3259/3259/3259
f 3263/3263/3263 3259/3259/3259 1559/1559/1559
f 3263/3263/3263 1559/1559/1559 1561/1561/1561
f 3264/3264/3264 3261/3261/3261 3260/3260/3260
f 3265/3265/3265 3261/3261/3261 3264/3264/3264
f 3260/3260/3260 3254/3254/3254 3266/3266/3266
f 3254/3254/3254 3262/3262/3262 3266/3266/3266
f 3267/3267/3267 3262/3262/3262 3259/3259/3259
f 3267/3267/3267 3259/3259/3259 3263/3263/3263
f 1561/1561/1561 3268/3268/3268 3263/3263/3263
f 1568/1568/1568 3268/3268/3268 1561/1561/1561
f 3269/3269/3269 3264/3264/3264 3260/3260/3260
f 3266/3266/3266 3269/3269/3269 3260/3260/3260
f 3270/3270/3270 3265/3265/3265 3264/3264/3264
f 3270/3270/3270 3264/3264/3264 3269/3269/3269
f 3266/3266/3266 3262/3262/3262 3271/3271/3271
f 3262/3262/3262 3267/3267/3267 3271/3271/3271
f 3272/3272/3272 3267/3267/3267 3263/3263/3263
f 3268/3268/3268 3272/3272/3272 3263/3263/3263
f 1568/1568/1568 3273/3273/3273 3268/3268/3268
f 1555/1555/1555 3273/3273/3273 1568/1568/1568
f 3270/3270/3270 3274/3274/3274 3265/3265/3265
f 3274/3274/3274 3275/3275/3275 3265/3265/3265
f 3276/3276/3276 3275/3275/3275 3274/3274/3274
f 3267/3267/3267 3272/3272/3272 3277/3277/3277
f 3271/3271/3271 3267/3267/3267 3277/3277/3277
f 3268/3268/3268 3278/3278/3278 3272/3272/3272
f 3273/3273/3273 3278/3278/3278 3268/3268/3268
f 3278/3278/3278 3277/3277/3277 3272/3272/3272
f 3278/3278/3278 3279/3279/3279 3277/3277/3277
f 3279/3279/3279 3278/3278/3278 3273/3273/3273
f 1555/1555/1555 3280/3280/3280 3273/3273/3273
f 1556/1556/1556 3280/3280/3280 1555/1555/1555
f 3271/3271/3271 3277/3277/3277 3281/3281/3281
f 3279/3279/3279 3281/3281/3281 3277/3277/3277
f 3280/3280/3280 3282/3282/3282 3273/3273/3273
f 3279/3279/3279 3273/3273/3273 3282/3282/3282
f 3280/3280/3280 1556/1556/1556 3283/3283/3283
f 3280/3280/3280 3283/3283/3283 3282/3282/3282
f 1556/1556/1556 1588/1588/1588 3283/3283/3283
f 3279/3279/3279 3282/3282/3282 3284/3284/3284
f 3284/3284/3284 3282/3282/3282 3283/3283/3283
f 3285/3285/3285 3283/3283/3283 1588/1588/1588
f 3285/3285/3285 3284/3284/3284 3283/3283/3283
f 3286/3286/3286 3279/3279/3279 3284/3284/3284
f 3281/3281/3281 3279/3279/3279 3286/3286/3286
f 3287/3287/3287 3271/3271/3271 3281/3281/3281
f 3271/3271/3271 3287/3287/3287 3266/3266/3266
f 3287/3287/3287 3269/3269/3269 3266/3266/3266
f 3281/3281/3281 3288/3288/3288 3287/3287/3287
f 3288/3288/3288 3281/3281/3281 3286/3286/3286
f 3289/3289/3289 3288/3288/3288 3286/3286/3286
f 3288/3288/3288 3290/3290/3290 3287/3287/3287
f 3287/3287/3287 3290/3290/3290 3269/3269/3269
f 3290/3290/3290 3288/3288/3288 3289/3289/3289
f 3286/3286/3286 3284/3284/3284 3291/3291/3291
f 3291/3291/3291 3284/3284/3284 3285/3285/3285
f 3292/3292/3292 3285/3285/3285 1588/1588/1588
f 3292/3292/3292 3293/3293/3293 3285/3285/3285
f 3292/3292/3292 1588/1588/1588 1585/1585/1585
f 3293/3293/3293 3292/3292/3292 1585/1585/1585
f 3290/3290/3290 3294/3294/3294 3269/3269/3269
f 3294/3294/3294 3270/3270/3270 3269/3269/3269
f 3270/3270/3270 3294/3294/3294 3274/3274/3274
f 3294/3294/3294 3290/3290/3290 3295/3295/3295
f 3294/3294/3294 3295/3295/3295 3274/3274/3274
f 3296/3296/3296 3289/3289/3289 3286/3286/3286
f 3296/3296/3296 3286/3286/3286 3291/3291/3291
f 3297/3297/3297 3291/3291/3291 3285/3285/3285
f 3293/3293/3293 3297/3297/3297 3285/3285/3285
f 3297/3297/3297 3298/3298/3298 3291/3291/3291
f 3298/3298/3298 3297/3297/3297 3293/3293/3293
f 3296/3296/3296 3291/3291/3291 3299/3299/3299
f 3298/3298/3298 3299/3299/3299 3291/3291/3291
f 3300/3300/3300 3290/3290/3290 3289/3289/3289
f 3290/3290/3290 3300/3300/3300 3295/3295/3295
f 3274/3274/3274 3295/3295/3295 3301/3301/3301
f 3301/3301/3301 3276/3276/3276 3274/3274/3274
f 3276/3276/3276 3301/3301/3301 3302/3302/3302
f 3303/3303/3303 3302/3302/3302 3301/3301/3301
f 3295/3295/3295 3300/3300/3300 3304/3304/3304
f 3295/3295/3295 3304/3304/3304 3301/3301/3301
f 3305/3305/3305 3303/3303/3303 3301/3301/3301
f 3305/3305/3305 3301/3301/3301 3304/3304/3304
f 3300/3300/3300 3306/3306/3306 3304/3304/3304
f 3300/3300/3300 3289/3289/3289 3306/3306/3306
f 3289/3289/3289 3296/3296/3296 3307/3307/3307
f 3307/3307/3307 3296/3296/3296 3299/3299/3299
f 3305/3305/3305 3308/3308/3308 3303/3303/3303
f 3308/3308/3308 3309/3309/3309 3303/3303/3303
f 3310/3310/3310 3305/3305/3305 3304/3304/3304
f 3304/3304/3304 3306/3306/3306 3310/3310/3310
f 3305/3305/3305 3310/3310/3310 3308/3308/3308
f 3311/3311/3311 3289/3289/3289 3307/3307/3307
f 3289/3289/3289 3311/3311/3311 3306/3306/3306
f 3308/3308/3308 3312/3312/3312 3309/3309/3309
f 3313/3313/3313 3312/3312/3312 3308/3308/3308
f 3312/3312/3312 3314/3314/3314 3309/3309/3309
f 3315/3315/3315 3314/3314/3314 3312/3312/3312
f 3315/3315/3315 3312/3312/3312 3313/3313/3313
f 3315/3315/3315 3316/3316/3316 3314/3314/3314
f 3310/3310/3310 3317/3317/3317 3308/3308/3308
f 3317/3317/3317 3313/3313/3313 3308/3308/3308
f 3306/3306/3306 3318/3318/3318 3310/3310/3310
f 3310/3310/3310 3318/3318/3318 3317/3317/3317
f 3306/3306/3306 3311/3311/3311 3319/3319/3319
f 3306/3306/3306 3319/3319/3319 3318/3318/3318
f 3311/3311/3311 3307/3307/3307 3320/3320/3320
f 3311/3311/3311 3320/3320/3320 3319/3319/3319
f 3318/3318/3318 3321/3321/3321 3317/3317/3317
f 3317/3317/3317 3321/3321/3321 3313/3313/3313
f 3319/3319/3319 3322/3322/3322 3318/3318/3318
f 3318/3318/3318 3322/3322/3322 3321/3321/3321
f 3307/3307/3307 3323/3323/3323 3320/3320/3320
f 3307/3307/3307 3299/3299/3299 3323/3323/3323
f 3319/3319/3319 3320/3320/3320 3324/3324/3324
f 3319/3319/3319 3324/3324/3324 3322/3322/3322
f 3320/3320/3320 3323/3323/3323 3325/3325/3325
f 3320/3320/3320 3325/3325/3325 3324/3324/3324
f 3299/3299/3299 3326/3326/3326 3323/3323/3323
f 3323/3323/3323 3327/3327/3327 3325/3325/3325
f 3323/3323/3323 3326/3326/3326 3327/3327/3327
f 3326/3326/3326 3299/3299/3299 3328/3328/3328
f 3299/3299/3299 3298/3298/3298 3328/3328/3328
f 3326/3326/3326 3329/3329/3329 3327/3327/3327
f 3326/3326/3326 3328/3328/3328 3329/3329/3329
f 3330/3330/3330 3328/3328/3328 3298/3298/3298
f 3328/3328/3328 3331/3331/3331 3329/3329/3329
f 3328/3328/3328 3330/3330/3330 3331/3331/3331
f 3332/3332/3332 3330/3330/3330 3298/3298/3298
f 3332/3332/3332 3298/3298/3298 3293/3293/3293
f 3333/3333/3333 3332/3332/3332 3293/3293/3293
f 3330/3330/3330 3332/3332/3332 3333/3333/3333
f 3334/3334/3334 3333/3333/3333 3293/3293/3293
f 3334/3334/3334 3293/3293/3293 1585/1585/1585
f 1587/1587/1587 3334/3334/3334 1585/1585/1585
f 1587/1587/1587 3335/3335/3335 3334/3334/3334
f 3335/3335/3335 3333/3333/3333 3334/3334/3334
f 1581/1581/1581 3335/3335/3335 1587/1587/1587
f 3336/3336/3336 3330/3330/3330 3333/3333/3333
f 3333/3333/3333 3335/3335/3335 3336/3336/3336
f 3335/3335/3335 1581/1581/1581 3337/3337/3337
f 3335/3335/3335 3337/3337/3337 3336/3336/3336
f 3338/3338/3338 3330/3330/3330 3336/3336/3336
f 3330/3330/3330 3338/3338/3338 3331/3331/3331
f 1581/1581/1581 3339/3339/3339 3337/3337/3337
f 1581/1581/1581 1590/1590/1590 3339/3339/3339
f 3336/3336/3336 3337/3337/3337 3340/3340/3340
f 3340/3340/3340 3338/3338/3338 3336/3336/3336
f 3337/3337/3337 3339/3339/3339 3341/3341/3341
f 3337/3337/3337 3341/3341/3341 3340/3340/3340
f 3339/3339/3339 1590/1590/1590 3342/3342/3342
f 3339/3339/3339 3342/3342/3342 3341/3341/3341
f 1590/1590/1590 3343/3343/3343 3342/3342/3342
f 1591/1591/1591 3343/3343/3343 1590/1590/1590
f 3343/3343/3343 1591/1591/1591 3344/3344/3344
f 1637/1637/1637 3344/3344/3344 1591/1591/1591
f 3343/3343/3343 3345/3345/3345 3342/3342/3342
f 3345/3345/3345 3343/3343/3343 3344/3344/3344
f 3346/3346/3346 3331/3331/3331 3338/3338/3338
f 3347/3347/3347 3338/3338/3338 3340/3340/3340
f 3347/3347/3347 3346/3346/3346 3338/3338/3338
f 3348/3348/3348 3340/3340/3340 3341/3341/3341
f 3348/3348/3348 3347/3347/3347 3340/3340/3340
f 3341/3341/3341 3342/3342/3342 3349/3349/3349
f 3349/3349/3349 3348/3348/3348 3341/3341/3341
f 3345/3345/3345 3350/3350/3350 3342/3342/3342
f 3342/3342/3342 3350/3350/3350 3349/3349/3349
f 3351/3351/3351 3350/3350/3350 3345/3345/3345
f 3350/3350/3350 3351/3351/3351 3349/3349/3349
f 3352/3352/3352 3345/3345/3345 3344/3344/3344
f 3352/3352/3352 3351/3351/3351 3345/3345/3345
f 3346/3346/3346 3353/3353/3353 3331/3331/3331
f 3353/3353/3353 3329/3329/3329 3331/3331/3331
f 3348/3348/3348 3349/3349/3349 3354/3354/3354
f 3351/3351/3351 3354/3354/3354 3349/3349/3349
f 3353/3353/3353 3355/3355/3355 3329/3329/3329
f 3355/3355/3355 3327/3327/3327 3329/3329/3329
f 3356/3356/3356 3348/3348/3348 3354/3354/3354
f 3354/3354/3354 3351/3351/3351 3357/3357/3357
f 3356/3356/3356 3354/3354/3354 3357/3357/3357
f 3351/3351/3351 3352/3352/3352 3358/3358/3358
f 3351/3351/3351 3358/3358/3358 3357/3357/3357
f 3356/3356/3356 3359/3359/3359 3348/3348/3348
f 3348/3348/3348 3359/3359/3359 3347/3347/3347
f 3353/3353/3353 3346/3346/3346 3360/3360/3360
f 3361/3361/3361 3355/3355/3355 3353/3353/3353
f 3353/3353/3353 3360/3360/3360 3361/3361/3361
f 3360/3360/3360 3362/3362/3362 3361/3361/3361
f 3363/3363/3363 3362/3362/3362 3360/3360/3360
f 3346/3346/3346 3364/3364/3364 3360/3360/3360
f 3364/3364/3364 3363/3363/3363 3360/3360/3360
f 3347/3347/3347 3365/3365/3365 3346/3346/3346
f 3346/3346/3346 3365/3365/3365 3364/3364/3364
f 3359/3359/3359 3366/3366/3366 3347/3347/3347
f 3366/3366/3366 3365/3365/3365 3347/3347/3347
f 3364/3364/3364 3365/3365/3365 3367/3367/3367
f 3367/3367/3367 3363/3363/3363 3364/3364/3364
f 3365/3365/3365 3366/3366/3366 3368/3368/3368
f 3365/3365/3365 3368/3368/3368 3367/3367/3367
f 3359/3359/3359 3356/3356/3356 3369/3369/3369
f 3366/3366/3366 3359/3359/3359 3370/3370/3370
f 3370/3370/3370 3359/3359/3359 3369/3369/3369
f 3366/3366/3366 3371/3371/3371 3368/3368/3368
f 3371/3371/3371 3366/3366/3366 3370/3370/3370
f 3356/3356/3356 3372/3372/3372 3369/3369/3369
f 3372/3372/3372 3356/3356/3356 3357/3357/3357
f 3372/3372/3372 3357/3357/3357 3373/3373/3373
f 3369/3369/3369 3372/3372/3372 3374/3374/3374
f 3374/3374/3374 3372/3372/3372 3373/3373/3373
f 3375/3375/3375 3373/3373/3373 3357/3357/3357
f 3358/3358/3358 3375/3375/3375 3357/3357/3357
f 3369/3369/3369 3376/3376/3376 3370/3370/3370
f 3370/3370/3370 3377/3377/3377 3371/3371/3371
f 3376/3376/3376 3377/3377/3377 3370/3370/3370
f 3378/3378/3378 3369/3369/3369 3374/3374/3374
f 3376/3376/3376 3369/3369/3369 3378/3378/3378
f 3379/3379/3379 3374/3374/3374 3373/3373/3373
f 3380/3380/3380 3373/3373/3373 3375/3375/3375
f 3380/3380/3380 3379/3379/3379 3373/3373/3373
f 3381/3381/3381 3378/3378/3378 3374/3374/3374
f 3379/3379/3379 3381/3381/3381 3374/3374/3374
f 3382/3382/3382 3375/3375/3375 3358/3358/3358
f 3383/3383/3383 3380/3380/3380 3375/3375/3375
f 3383/3383/3383 3375/3375/3375 3382/3382/3382
f 3384/3384/3384 3382/3382/3382 3358/3358/3358
f 3352/3352/3352 3384/3384/3384 3358/3358/3358
f 3352/3352/3352 3385/3385/3385 3384/3384/3384
f 3385/3385/3385 3352/3352/3352 3344/3344/3344
f 3385/3385/3385 3344/3344/3344 3386/3386/3386
f 3344/3344/3344 1637/1637/1637 3386/3386/3386
f 3385/3385/3385 3387/3387/3387 3384/3384/3384
f 3385/3385/3385 3386/3386/3386 3387/3387/3387
f 3382/3382/3382 3384/3384/3384 3388/3388/3388
f 3384/3384/3384 3387/3387/3387 3388/3388/3388
f 3386/3386/3386 3389/3389/3389 3387/3387/3387
f 3387/3387/3387 3389/3389/3389 3390/3390/3390
f 3388/3388/3388 3387/3387/3387 3390/3390/3390
f 3390/3390/3390 3391/3391/3391 3388/3388/3388
f 3386/3386/3386 1637/1637/1637 3392/3392/3392
f 1636/1636/1636 3392/3392/3392 1637/1637/1637
f 3386/3386/3386 3392/3392/3392 3393/3393/3393
f 3394/3394/3394 3382/3382/3382 3388/3388/3388
f 3394/3394/3394 3383/3383/3383 3382/3382/3382
f 3391/3391/3391 3395/3395/3395 3388/3388/3388
f 3395/3395/3395 3394/3394/3394 3388/3388/3388
f 3395/3395/3395 3391/3391/3391 3396/3396/3396
f 1636/1636/1636 3397/3397/3397 3392/3392/3392
f 3397/3397/3397 1636/1636/1636 1639/1639/1639
f 3392/3392/3392 3398/3398/3398 3393/3393/3393
f 3392/3392/3392 3397/3397/3397 3398/3398/3398
f 3397/3397/3397 3399/3399/3399 3398/3398/3398
f 3397/3397/3397 1639/1639/1639 3400/3400/3400
f 3393/3393/3393 3398/3398/3398 3401/3401/3401
f 3401/3401/3401 3398/3398/3398 3399/3399/3399
f 3402/3402/3402 3393/3393/3393 3401/3401/3401
f 3403/3403/3403 3401/3401/3401 3399/3399/3399
f 3404/3404/3404 3402/3402/3402 3401/3401/3401
f 3405/3405/3405 3401/3401/3401 3403/3403/3403
f 3405/3405/3405 3404/3404/3404 3401/3401/3401
f 3406/3406/3406 3405/3405/3405 3403/3403/3403
f 3406/3406/3406 3407/3407/3407 3405/3405/3405
f 3404/3404/3404 3405/3405/3405 3408/3408/3408
f 3407/3407/3407 3408/3408/3408 3405/3405/3405
f 3409/3409/3409 3404/3404/3404 3408/3408/3408
f 3408/3408/3408 3407/3407/3407 3410/3410/3410
f 3409/3409/3409 3408/3408/3408 3411/3411/3411
f 3411/3411/3411 3408/3408/3408 3410/3410/3410
f 3412/3412/3412 3409/3409/3409 3411/3411/3411
f 3413/3413/3413 3411/3411/3411 3410/3410/3410
f 3412/3412/3412 3411/3411/3411 3414/3414/3414
f 3411/3411/3411 3413/3413/3413 3415/3415/3415
f 3411/3411/3411 3415/3415/3415 3414/3414/3414
f 3418/3418/3418 3417/3417/3417 3416/3416/3416
f 3419/3419/3419 3418/3418/3418 3416/3416/3416
f 3419/3419/3419 3416/3416/3416 3420/3420/3420
f 3421/3421/3421 3420/3420/3420 3416/3416/3416
f 3416/3416/3416 3417/3417/3417 3422/3422/3422
f 3423/3423/3423 3421/3421/3421 3416/3416/3416
f 3424/3424/3424 3416/3416/3416 3422/3422/3422
f 3424/3424/3424 3423/3423/3423 3416/3416/3416
f 3424/3424/3424 3422/3422/3422 3425/3425/3425
f 3424/3424/3424 3426/3426/3426 3423/3423/3423
f 3426/3426/3426 3424/3424/3424 3425/3425/3425
f 3426/3426/3426 3427/3427/3427 3423/3423/3423
f 3428/3428/3428 3426/3426/3426 3425/3425/3425
f 3427/3427/3427 3426/3426/3426 3428/3428/3428
f 3429/3429/3429 3428/3428/3428 3425/3425/3425
f 3430/3430/3430 3427/3427/3427 3428/3428/3428
f 3428/3428/3428 3429/3429/3429 3400/3400/3400
f 3428/3428/3428 3431/3431/3431 3430/3430/3430
f 3431/3431/3431 3428/3428/3428 3400/3400/3400
f 3431/3431/3431 3432/3432/3432 3430/3430/3430
f 1639/1639/1639 3431/3431/3431 3400/3400/3400
f 1638/1638/1638 3432/3432/3432 3431/3431/3431
f 1639/1639/1639 1638/1638/1638 3431/3431/3431
f 3435/3435/3435 3434/3434/3434 3433/3433/3433
f 3433/3433/3433 3434/3434/3434 3436/3436/3436
f 3377/3377/3377 3435/3435/3435 3433/3433/3433
f 3435/3435/3435 3377/3377/3377 3437/3437/3437
f 3377/3377/3377 3376/3376/3376 3437/3437/3437
f 3377/3377/3377 3433/3433/3433 3371/3371/3371
f 3376/3376/3376 3438/3438/3438 3437/3437/3437
f 3438/3438/3438 3439/3439/3439 3437/3437/3437
f 3438/3438/3438 3376/3376/3376 3378/3378/3378
f 3438/3438/3438 3440/3440/3440 3439/3439/3439
f 3438/3438/3438 3378/3378/3378 3440/3440/3440
f 3440/3440/3440 3441/3441/3441 3439/3439/3439
f 3378/3378/3378 3381/3381/3381 3440/3440/3440
f 3442/3442/3442 3433/3433/3433 3436/3436/3436
f 3371/3371/3371 3433/3433/3433 3442/3442/3442
f 3440/3440/3440 3443/3443/3443 3441/3441/3441
f 3443/3443/3443 3444/3444/3444 3441/3441/3441
f 3440/3440/3440 3381/3381/3381 3445/3445/3445
f 3443/3443/3443 3440/3440/3440 3445/3445/3445
f 3446/3446/3446 3442/3442/3442 3436/3436/3436
f 3447/3447/3447 3446/3446/3446 3436/3436/3436
f 3447/3447/3447 3448/3448/3448 3446/3446/3446
f 3449/3449/3449 3371/3371/3371 3442/3442/3442
f 3371/3371/3371 3449/3449/3449 3368/3368/3368
f 3446/3446/3446 3450/3450/3450 3442/3442/3442
f 3450/3450/3450 3449/3449/3449 3442/3442/3442
f 3449/3449/3449 3451/3451/3451 3368/3368/3368
f 3449/3449/3449 3450/3450/3450 3451/3451/3451
f 3367/3367/3367 3368/3368/3368 3451/3451/3451
f 3448/3448/3448 3452/3452/3452 3446/3446/3446
f 3450/3450/3450 3446/3446/3446 3452/3452/3452
f 3448/3448/3448 3453/3453/3453 3452/3452/3452
f 3448/3448/3448 3454/3454/3454 3453/3453/3453
f 3455/3455/3455 3450/3450/3450 3452/3452/3452
f 3455/3455/3455 3452/3452/3452 3453/3453/3453
f 3450/3450/3450 3456/3456/3456 3451/3451/3451
f 3456/3456/3456 3450/3450/3450 3455/3455/3455
f 3457/3457/3457 3367/3367/3367 3451/3451/3451
f 3451/3451/3451 3456/3456/3456 3457/3457/3457
f 3458/3458/3458 3367/3367/3367 3457/3457/3457
f 3367/3367/3367 3458/3458/3458 3363/3363/3363
f 3458/3458/3458 3459/3459/3459 3363/3363/3363
f 3362/3362/3362 3363/3363/3363 3459/3459/3459
f 3454/3454/3454 3460/3460/3460 3453/3453/3453
f 3461/3461/3461 3455/3455/3455 3453/3453/3453
f 3453/3453/3453 3460/3460/3460 3461/3461/3461
f 3462/3462/3462 3456/3456/3456 3455/3455/3455
f 3462/3462/3462 3455/3455/3455 3461/3461/3461
f 3456/3456/3456 3463/3463/3463 3457/3457/3457
f 3456/3456/3456 3462/3462/3462 3463/3463/3463
f 3463/3463/3463 3464/3464/3464 3457/3457/3457
f 3465/3465/3465 3458/3458/3458 3457/3457/3457
f 3464/3464/3464 3465/3465/3465 3457/3457/3457
f 3462/3462/3462 3466/3466/3466 3463/3463/3463
f 3463/3463/3463 3466/3466/3466 3464/3464/3464
f 3467/3467/3467 3458/3458/3458 3465/3465/3465
f 3459/3459/3459 3458/3458/3458 3467/3467/3467
f 3468/3468/3468 3467/3467/3467 3465/3465/3465
f 3465/3465/3465 3464/3464/3464 3468/3468/3468
f 3464/3464/3464 3469/3469/3469 3468/3468/3468
f 3470/3470/3470 3459/3459/3459 3467/3467/3467
f 3469/3469/3469 3464/3464/3464 3471/3471/3471
f 3472/3472/3472 3459/3459/3459 3470/3470/3470
f 3473/3473/3473 3472/3472/3472 3470/3470/3470
f 3472/3472/3472 3473/3473/3473 3474/3474/3474
f 3472/3472/3472 3362/3362/3362 3459/3459/3459
f 3475/3475/3475 3472/3472/3472 3474/3474/3474
f 3362/3362/3362 3472/3472/3472 3475/3475/3475
f 3474/3474/3474 3476/3476/3476 3475/3475/3475
f 3464/3464/3464 3477/3477/3477 3471/3471/3471
f 3466/3466/3466 3477/3477/3477 3464/3464/3464
f 3476/3476/3476 3478/3478/3478 3475/3475/3475
f 3478/3478/3478 3476/3476/3476 3479/3479/3479
f 3471/3471/3471 3477/3477/3477 3480/3480/3480
f 3481/3481/3481 3471/3471/3471 3480/3480/3480
f 3482/3482/3482 3481/3481/3481 3480/3480/3480
f 3483/3483/3483 3481/3481/3481 3482/3482/3482
f 3484/3484/3484 3480/3480/3480 3477/3477/3477
f 3482/3482/3482 3480/3480/3480 3484/3484/3484
f 3466/3466/3466 3485/3485/3485 3477/3477/3477
f 3485/3485/3485 3484/3484/3484 3477/3477/3477
f 3486/3486/3486 3485/3485/3485 3466/3466/3466
f 3485/3485/3485 3486/3486/3486 3484/3484/3484
f 3462/3462/3462 3486/3486/3486 3466/3466/3466
f 3486/3486/3486 3462/3462/3462 3461/3461/3461
f 3486/3486/3486 3487/3487/3487 3484/3484/3484
f 3486/3486/3486 3461/3461/3461 3487/3487/3487
f 3483/3483/3483 3482/3482/3482 3488/3488/3488
f 3489/3489/3489 3483/3483/3483 3488/3488/3488
f 3490/3490/3490 3482/3482/3482 3484/3484/3484
f 3484/3484/3484 3487/3487/3487 3490/3490/3490
f 3488/3488/3488 3482/3482/3482 3491/3491/3491
f 3482/3482/3482 3490/3490/3490 3491/3491/3491
f 3492/3492/3492 3489/3489/3489 3488/3488/3488
f 3492/3492/3492 3488/3488/3488 3491/3491/3491
f 3490/3490/3490 3493/3493/3493 3491/3491/3491
f 3487/3487/3487 3493/3493/3493 3490/3490/3490
f 3461/3461/3461 3494/3494/3494 3487/3487/3487
f 3460/3460/3460 3494/3494/3494 3461/3461/3461
f 3495/3495/3495 3487/3487/3487 3494/3494/3494
f 3494/3494/3494 3460/3460/3460 3495/3495/3495
f 3493/3493/3493 3487/3487/3487 3495/3495/3495
f 3493/3493/3493 3496/3496/3496 3491/3491/3491
f 3496/3496/3496 3492/3492/3492 3491/3491/3491
f 3493/3493/3493 3497/3497/3497 3496/3496/3496
f 3492/3492/3492 3496/3496/3496 3497/3497/3497
f 3495/3495/3495 3497/3497/3497 3493/3493/3493
f 3492/3492/3492 3498/3498/3498 3489/3489/3489
f 3498/3498/3498 3492/3492/3492 3497/3497/3497
f 3498/3498/3498 3497/3497/3497 3495/3495/3495
f 3498/3498/3498 3499/3499/3499 3489/3489/3489
f 3460/3460/3460 3500/3500/3500 3495/3495/3495
f 3500/3500/3500 3498/3498/3498 3495/3495/3495
f 3500/3500/3500 3499/3499/3499 3498/3498/3498
f 3460/3460/3460 3454/3454/3454 3500/3500/3500
f 3454/3454/3454 3499/3499/3499 3500/3500/3500
f 3502/3502/3502 3501/3501/3501 3396/3396/3396
f 3502/3502/3502 3503/3503/3503 3501/3501/3501
f 3504/3504/3504 3501/3501/3501 3503/3503/3503
f 3505/3505/3505 3501/3501/3501 3504/3504/3504
f 3501/3501/3501 3506/3506/3506 3396/3396/3396
f 3506/3506/3506 3395/3395/3395 3396/3396/3396
f 3394/3394/3394 3395/3395/3395 3506/3506/3506
f 3507/3507/3507 3394/3394/3394 3506/3506/3506
f 3506/3506/3506 3501/3501/3501 3507/3507/3507
f 3383/3383/3383 3394/3394/3394 3507/3507/3507
f 3505/3505/3505 3508/3508/3508 3501/3501/3501
f 3501/3501/3501 3508/3508/3508 3507/3507/3507
f 3509/3509/3509 3383/3383/3383 3507/3507/3507
f 3380/3380/3380 3383/3383/3383 3509/3509/3509
f 3507/3507/3507 3508/3508/3508 3510/3510/3510
f 3509/3509/3509 3507/3507/3507 3510/3510/3510
f 3508/3508/3508 3505/3505/3505 3511/3511/3511
f 3510/3510/3510 3508/3508/3508 3511/3511/3511
f 3512/3512/3512 3380/3380/3380 3509/3509/3509
f 3379/3379/3379 3380/3380/3380 3512/3512/3512
f 3513/3513/3513 3509/3509/3509 3510/3510/3510
f 3513/3513/3513 3512/3512/3512 3509/3509/3509
f 3514/3514/3514 3379/3379/3379 3512/3512/3512
f 3514/3514/3514 3512/3512/3512 3513/3513/3513
f 3379/3379/3379 3514/3514/3514 3381/3381/3381
f 3514/3514/3514 3445/3445/3445 3381/3381/3381
f 3514/3514/3514 3515/3515/3515 3445/3445/3445
f 3515/3515/3515 3514/3514/3514 3513/3513/3513
f 3516/3516/3516 3513/3513/3513 3510/3510/3510
f 3510/3510/3510 3511/3511/3511 3516/3516/3516
f 3513/3513/3513 3516/3516/3516 3517/3517/3517
f 3515/3515/3515 3513/3513/3513 3517/3517/3517
f 3515/3515/3515 3518/3518/3518 3445/3445/3445
f 3443/3443/3443 3445/3445/3445 3518/3518/3518
f 3518/3518/3518 3515/3515/3515 3519/3519/3519
f 3515/3515/3515 3517/3517/3517 3519/3519/3519
f 3520/3520/3520 3443/3443/3443 3518/3518/3518
f 3520/3520/3520 3518/3518/3518 3519/3519/3519
f 3443/3443/3443 3520/3520/3520 3444/3444/3444
f 3520/3520/3520 3521/3521/3521 3444/3444/3444
f 3521/3521/3521 3520/3520/3520 3519/3519/3519
f 3521/3521/3521 3522/3522/3522 3444/3444/3444
f 3521/3521/3521 3519/3519/3519 3523/3523/3523
f 3519/3519/3519 3517/3517/3517 3523/3523/3523
f 3521/3521/3521 3524/3524/3524 3522/3522/3522
f 3524/3524/3524 3521/3521/3521 3523/3523/3523
f 3522/3522/3522 3524/3524/3524 3525/3525/3525
f 3517/3517/3517 3516/3516/3516 3526/3526/3526
f 3511/3511/3511 3526/3526/3526 3516/3516/3516
f 3527/3527/3527 3525/3525/3525 3524/3524/3524
f 3527/3527/3527 3524/3524/3524 3523/3523/3523
f 3523/3523/3523 3517/3517/3517 3528/3528/3528
f 3528/3528/3528 3517/3517/3517 3526/3526/3526
f 3526/3526/3526 3511/3511/3511 3529/3529/3529
f 3526/3526/3526 3529/3529/3529 3528/3528/3528
f 3527/3527/3527 3530/3530/3530 3525/3525/3525
f 3530/3530/3530 3531/3531/3531 3525/3525/3525
f 3532/3532/3532 3527/3527/3527 3523/3523/3523
f 3523/3523/3523 3528/3528/3528 3532/3532/3532
f 3527/3527/3527 3532/3532/3532 3530/3530/3530
f 3528/3528/3528 3533/3533/3533 3532/3532/3532
f 3528/3528/3528 3529/3529/3529 3533/3533/3533
f 3532/3532/3532 3533/3533/3533 3530/3530/3530
f 3511/3511/3511 3534/3534/3534 3529/3529/3529
f 3533/3533/3533 3529/3529/3529 3534/3534/3534
f 3530/3530/3530 3533/3533/3533 3534/3534/3534
f 3530/3530/3530 3534/3534/3534 3531/3531/3531
f 3534/3534/3534 3511/3511/3511 3505/3505/3505
f 3534/3534/3534 3505/3505/3505 3531/3531/3531
f 3537/3537/3537 3536/3536/3536 3535/3535/3535
f 3535/3535/3535 3536/3536/3536 3538/3538/3538
f 3539/3539/3539 3537/3537/3537 3535/3535/3535
f 3540/3540/3540 3537/3537/3537 3539/3539/3539
f 3541/3541/3541 3535/3535/3535 3538/3538/3538
f 3538/3538/3538 3542/3542/3542 3541/3541/3541
f 3535/3535/3535 3543/3543/3543 3539/3539/3539
f 3543/3543/3543 3535/3535/3535 3541/3541/3541
f 3542/3542/3542 3544/3544/3544 3541/3541/3541
f 3542/3542/3542 3545/3545/3545 3544/3544/3544
f 3544/3544/3544 3546/3546/3546 3541/3541/3541
f 3545/3545/3545 3547/3547/3547 3544/3544/3544
f 3546/3546/3546 3544/3544/3544 3547/3547/3547
f 3545/3545/3545 3548/3548/3548 3547/3547/3547
f 3548/3548/3548 3545/3545/3545 3549/3549/3549
f 3550/3550/3550 3543/3543/3543 3541/3541/3541
f 3546/3546/3546 3550/3550/3550 3541/3541/3541
f 3551/3551/3551 3546/3546/3546 3547/3547/3547
f 3551/3551/3551 3547/3547/3547 3548/3548/3548
f 3550/3550/3550 3546/3546/3546 3552/3552/3552
f 3552/3552/3552 3546/3546/3546 3551/3551/3551
f 3553/3553/3553 3548/3548/3548 3549/3549/3549
f 3554/3554/3554 3551/3551/3551 3548/3548/3548
f 3548/3548/3548 3553/3553/3553 3554/3554/3554
f 3555/3555/3555 3552/3552/3552 3551/3551/3551
f 3555/3555/3555 3551/3551/3551 3554/3554/3554
f 3553/3553/3553 3549/3549/3549 3556/3556/3556
f 3549/3549/3549 3557/3557/3557 3556/3556/3556
f 3558/3558/3558 3556/3556/3556 3557/3557/3557
f 3557/3557/3557 3559/3559/3559 3558/3558/3558
f 3553/3553/3553 3560/3560/3560 3554/3554/3554
f 3556/3556/3556 3561/3561/3561 3553/3553/3553
f 3561/3561/3561 3560/3560/3560 3553/3553/3553
f 3558/3558/3558 3562/3562/3562 3556/3556/3556
f 3562/3562/3562 3561/3561/3561 3556/3556/3556
f 3559/3559/3559 3563/3563/3563 3558/3558/3558
f 3558/3558/3558 3563/3563/3563 3562/3562/3562
f 3554/3554/3554 3560/3560/3560 3564/3564/3564
f 3564/3564/3564 3555/3555/3555 3554/3554/3554
f 3560/3560/3560 3561/3561/3561 3565/3565/3565
f 3560/3560/3560 3565/3565/3565 3564/3564/3564
f 3561/3561/3561 3562/3562/3562 3566/3566/3566
f 3565/3565/3565 3561/3561/3561 3566/3566/3566
f 3563/3563/3563 3559/3559/3559 3567/3567/3567
f 3567/3567/3567 3559/3559/3559 3568/3568/3568
f 3563/3563/3563 3569/3569/3569 3562/3562/3562
f 3566/3566/3566 3562/3562/3562 3569/3569/3569
f 3570/3570/3570 3569/3569/3569 3563/3563/3563
f 3566/3566/3566 3569/3569/3569 3570/3570/3570
f 3567/3567/3567 3570/3570/3570 3563/3563/3563
f 3571/3571/3571 3566/3566/3566 3570/3570/3570
f 3571/3571/3571 3570/3570/3570 3567/3567/3567
f 3565/3565/3565 3566/3566/3566 3571/3571/3571
f 3567/3567/3567 3568/3568/3568 3572/3572/3572
f 3572/3572/3572 3571/3571/3571 3567/3567/3567
f 3568/3568/3568 3573/3573/3573 3572/3572/3572
f 3574/3574/3574 3565/3565/3565 3571/3571/3571
f 3571/3571/3571 3572/3572/3572 3574/3574/3574
f 3573/3573/3573 3575/3575/3575 3572/3572/3572
f 3572/3572/3572 3575/3575/3575 3574/3574/3574
f 3573/3573/3573 3576/3576/3576 3575/3575/3575
f 3574/3574/3574 3577/3577/3577 3565/3565/3565
f 3577/3577/3577 3574/3574/3574 3575/3575/3575
f 3577/3577/3577 3564/3564/3564 3565/3565/3565
f 3576/3576/3576 3578/3578/3578 3575/3575/3575
f 3578/3578/3578 3577/3577/3577 3575/3575/3575
f 3578/3578/3578 3576/3576/3576 3579/3579/3579
f 3577/3577/3577 3580/3580/3580 3564/3564/3564
f 3580/3580/3580 3577/3577/3577 3578/3578/3578
f 3580/3580/3580 3555/3555/3555 3564/3564/3564
f 3581/3581/3581 3578/3578/3578 3579/3579/3579
f 3580/3580/3580 3578/3578/3578 3581/3581/3581
f 3580/3580/3580 3582/3582/3582 3555/3555/3555
f 3582/3582/3582 3580/3580/3580 3581/3581/3581
f 3582/3582/3582 3552/3552/3552 3555/3555/3555
f 3583/3583/3583 3581/3581/3581 3579/3579/3579
f 3584/3584/3584 3583/3583/3583 3579/3579/3579
f 3583/3583/3583 3584/3584/3584 3585/3585/3585
f 3586/3586/3586 3582/3582/3582 3581/3581/3581
f 3552/3552/3552 3582/3582/3582 3586/3586/3586
f 3583/3583/3583 3586/3586/3586 3581/3581/3581
f 3587/3587/3587 3583/3583/3583 3585/3585/3585
f 3586/3586/3586 3583/3583/3583 3587/3587/3587
f 3588/3588/3588 3552/3552/3552 3586/3586/3586
f 3588/3588/3588 3550/3550/3550 3552/3552/3552
f 3589/3589/3589 3587/3587/3587 3585/3585/3585
f 3590/3590/3590 3589/3589/3589 3585/3585/3585
f 3590/3590/3590 3591/3591/3591 3589/3589/3589
f 3592/3592/3592 3586/3586/3586 3587/3587/3587
f 3586/3586/3586 3592/3592/3592 3588/3588/3588
f 3592/3592/3592 3587/3587/3587 3589/3589/3589
f 3550/3550/3550 3588/3588/3588 3593/3593/3593
f 3592/3592/3592 3593/3593/3593 3588/3588/3588
f 3543/3543/3543 3550/3550/3550 3593/3593/3593
f 3594/3594/3594 3592/3592/3592 3589/3589/3589
f 3593/3593/3593 3592/3592/3592 3594/3594/3594
f 3591/3591/3591 3595/3595/3595 3589/3589/3589
f 3594/3594/3594 3589/3589/3589 3595/3595/3595
f 3595/3595/3595 3591/3591/3591 3324/3324/3324
f 3591/3591/3591 3596/3596/3596 3324/3324/3324
f 3324/3324/3324 3596/3596/3596 3322/3322/3322
f 3595/3595/3595 3324/3324/3324 3325/3325/3325
f 3596/3596/3596 3597/3597/3597 3322/3322/3322
f 3598/3598/3598 3595/3595/3595 3325/3325/3325
f 3598/3598/3598 3594/3594/3594 3595/3595/3595
f 3325/3325/3325 3327/3327/3327 3598/3598/3598
f 3599/3599/3599 3322/3322/3322 3597/3597/3597
f 3600/3600/3600 3599/3599/3599 3597/3597/3597
f 3322/3322/3322 3599/3599/3599 3321/3321/3321
f 3601/3601/3601 3593/3593/3593 3594/3594/3594
f 3594/3594/3594 3598/3598/3598 3601/3601/3601
f 3327/3327/3327 3602/3602/3602 3598/3598/3598
f 3598/3598/3598 3602/3602/3602 3601/3601/3601
f 3355/3355/3355 3602/3602/3602 3327/3327/3327
f 3593/3593/3593 3601/3601/3601 3603/3603/3603
f 3601/3601/3601 3602/3602/3602 3603/3603/3603
f 3543/3543/3543 3593/3593/3593 3603/3603/3603
f 3602/3602/3602 3355/3355/3355 3604/3604/3604
f 3603/3603/3603 3602/3602/3602 3604/3604/3604
f 3604/3604/3604 3355/3355/3355 3361/3361/3361
f 3604/3604/3604 3361/3361/3361 3605/3605/3605
f 3543/3543/3543 3603/3603/3603 3606/3606/3606
f 3603/3603/3603 3604/3604/3604 3606/3606/3606
f 3606/3606/3606 3604/3604/3604 3605/3605/3605
f 3543/3543/3543 3606/3606/3606 3539/3539/3539
f 3539/3539/3539 3606/3606/3606 3605/3605/3605
f 3361/3361/3361 3607/3607/3607 3605/3605/3605
f 3362/3362/3362 3607/3607/3607 3361/3361/3361
f 3608/3608/3608 3607/3607/3607 3362/3362/3362
f 3605/3605/3605 3607/3607/3607 3608/3608/3608
f 3609/3609/3609 3539/3539/3539 3605/3605/3605
f 3609/3609/3609 3540/3540/3540 3539/3539/3539
f 3605/3605/3605 3610/3610/3610 3609/3609/3609
f 3610/3610/3610 3605/3605/3605 3608/3608/3608
f 3609/3609/3609 3611/3611/3611 3540/3540/3540
f 3610/3610/3610 3611/3611/3611 3609/3609/3609
f 3611/3611/3611 3612/3612/3612 3540/3540/3540
f 3611/3611/3611 3613/3613/3613 3612/3612/3612
f 3611/3611/3611 3610/3610/3610 3613/3613/3613
f 3613/3613/3613 3614/3614/3614 3612/3612/3612
f 3614/3614/3614 3613/3613/3613 3615/3615/3615
f 3616/3616/3616 3614/3614/3614 3615/3615/3615
f 3616/3616/3616 3615/3615/3615 3617/3617/3617
f 3610/3610/3610 3618/3618/3618 3613/3613/3613
f 3610/3610/3610 3608/3608/3608 3618/3618/3618
f 3619/3619/3619 3608/3608/3608 3362/3362/3362
f 3619/3619/3619 3362/3362/3362 3475/3475/3475
f 3608/3608/3608 3619/3619/3619 3620/3620/3620
f 3608/3608/3608 3620/3620/3620 3618/3618/3618
f 3619/3619/3619 3475/3475/3475 3621/3621/3621
f 3619/3619/3619 3621/3621/3621 3620/3620/3620
f 3475/3475/3475 3478/3478/3478 3621/3621/3621
f 3618/3618/3618 3622/3622/3622 3613/3613/3613
f 3622/3622/3622 3615/3615/3615 3613/3613/3613
f 3618/3618/3618 3620/3620/3620 3623/3623/3623
f 3622/3622/3622 3618/3618/3618 3623/3623/3623
f 3620/3620/3620 3621/3621/3621 3624/3624/3624
f 3623/3623/3623 3620/3620/3620 3624/3624/3624
f 3478/3478/3478 3625/3625/3625 3621/3621/3621
f 3625/3625/3625 3624/3624/3624 3621/3621/3621
f 3625/3625/3625 3478/3478/3478 3479/3479/3479
f 3625/3625/3625 3626/3626/3626 3624/3624/3624
f 3626/3626/3626 3625/3625/3625 3479/3479/3479
f 3623/3623/3623 3624/3624/3624 3627/3627/3627
f 3626/3626/3626 3627/3627/3627 3624/3624/3624
f 3626/3626/3626 3479/3479/3479 3628/3628/3628
f 3626/3626/3626 3628/3628/3628 3627/3627/3627
f 3479/3479/3479 3629/3629/3629 3628/3628/3628
f 3622/3622/3622 3623/3623/3623 3630/3630/3630
f 3630/3630/3630 3623/3623/3623 3627/3627/3627
f 3622/3622/3622 3631/3631/3631 3615/3615/3615
f 3631/3631/3631 3622/3622/3622 3630/3630/3630
f 3631/3631/3631 3632/3632/3632 3615/3615/3615
f 3631/3631/3631 3630/3630/3630 3632/3632/3632
f 3633/3633/3633 3630/3630/3630 3627/3627/3627
f 3630/3630/3630 3633/3633/3633 3632/3632/3632
f 3628/3628/3628 3634/3634/3634 3627/3627/3627
f 3634/3634/3634 3633/3633/3633 3627/3627/3627
f 3635/3635/3635 3628/3628/3628 3629/3629/3629
f 3636/3636/3636 3635/3635/3635 3629/3629/3629
f 3637/3637/3637 3634/3634/3634 3628/3628/3628
f 3637/3637/3637 3633/3633/3633 3634/3634/3634
f 3635/3635/3635 3637/3637/3637 3628/3628/3628
f 3638/3638/3638 3635/3635/3635 3636/3636/3636
f 3636/3636/3636 3639/3639/3639 3638/3638/3638
f 3640/3640/3640 3637/3637/3637 3635/3635/3635
f 3638/3638/3638 3640/3640/3640 3635/3635/3635
f 3641/3641/3641 3633/3633/3633 3637/3637/3637
f 3640/3640/3640 3641/3641/3641 3637/3637/3637
f 3639/3639/3639 3642/3642/3642 3638/3638/3638
f 3640/3640/3640 3638/3638/3638 3642/3642/3642
f 3642/3642/3642 3639/3639/3639 3643/3643/3643
f 3643/3643/3643 3639/3639/3639 3644/3644/3644
f 3645/3645/3645 3640/3640/3640 3642/3642/3642
f 3645/3645/3645 3641/3641/3641 3640/3640/3640
f 3645/3645/3645 3642/3642/3642 3643/3643/3643
f 3633/3633/3633 3641/3641/3641 3646/3646/3646
f 3632/3632/3632 3633/3633/3633 3646/3646/3646
f 3647/3647/3647 3641/3641/3641 3645/3645/3645
f 3647/3647/3647 3645/3645/3645 3643/3643/3643
f 3646/3646/3646 3641/3641/3641 3647/3647/3647
f 3647/3647/3647 3643/3643/3643 3646/3646/3646
f 3643/3643/3643 3644/3644/3644 3648/3648/3648
f 3643/3643/3643 3648/3648/3648 3646/3646/3646
f 3646/3646/3646 3648/3648/3648 3632/3632/3632
f 3644/3644/3644 3617/3617/3617 3648/3648/3648
f 3648/3648/3648 3649/3649/3649 3632/3632/3632
f 3648/3648/3648 3617/3617/3617 3649/3649/3649
f 3632/3632/3632 3649/3649/3649 3615/3615/3615
f 3615/3615/3615 3649/3649/3649 3617/3617/3617
f 3321/3321/3321 3650/3650/3650 3313/3313/3313
f 3321/3321/3321 3599/3599/3599 3650/3650/3650
f 3599/3599/3599 3651/3651/3651 3650/3650/3650
f 3599/3599/3599 3600/3600/3600 3651/3651/3651
f 3600/3600/3600 3652/3652/3652 3651/3651/3651
f 3651/3651/3651 3652/3652/3652 3653/3653/3653
f 3313/3313/3313 3650/3650/3650 3654/3654/3654
f 3654/3654/3654 3650/3650/3650 3651/3651/3651
f 3655/3655/3655 3651/3651/3651 3653/3653/3653
f 3654/3654/3654 3651/3651/3651 3655/3655/3655
f 3656/3656/3656 3313/3313/3313 3654/3654/3654
f 3656/3656/3656 3315/3315/3315 3313/3313/3313
f 3657/3657/3657 3656/3656/3656 3654/3654/3654
f 3315/3315/3315 3656/3656/3656 3657/3657/3657
f 3655/3655/3655 3653/3653/3653 3658/3658/3658
f 3653/3653/3653 3659/3659/3659 3658/3658/3658
f 3660/3660/3660 3654/3654/3654 3655/3655/3655
f 3660/3660/3660 3657/3657/3657 3654/3654/3654
f 3660/3660/3660 3655/3655/3655 3661/3661/3661
f 3655/3655/3655 3658/3658/3658 3661/3661/3661
f 3660/3660/3660 3661/3661/3661 3657/3657/3657
f 3662/3662/3662 3315/3315/3315 3657/3657/3657
f 3315/3315/3315 3662/3662/3662 3316/3316/3316
f 3658/3658/3658 3659/3659/3659 3663/3663/3663
f 3659/3659/3659 3664/3664/3664 3663/3663/3663
f 3665/3665/3665 3663/3663/3663 3664/3664/3664
f 3657/3657/3657 3666/3666/3666 3662/3662/3662
f 3661/3661/3661 3666/3666/3666 3657/3657/3657
f 3661/3661/3661 3667/3667/3667 3666/3666/3666
f 3662/3662/3662 3668/3668/3668 3316/3316/3316
f 3666/3666/3666 3668/3668/3668 3662/3662/3662
f 3667/3667/3667 3668/3668/3668 3666/3666/3666
f 3668/3668/3668 3669/3669/3669 3316/3316/3316
f 3669/3669/3669 3668/3668/3668 3670/3670/3670
f 3671/3671/3671 3661/3661/3661 3658/3658/3658
f 3663/3663/3663 3671/3671/3671 3658/3658/3658
f 3671/3671/3671 3667/3667/3667 3661/3661/3661
f 3668/3668/3668 3672/3672/3672 3670/3670/3670
f 3672/3672/3672 3668/3668/3668 3667/3667/3667
f 3670/3670/3670 3672/3672/3672 3673/3673/3673
f 3671/3671/3671 3663/3663/3663 3674/3674/3674
f 3663/3663/3663 3665/3665/3665 3674/3674/3674
f 3674/3674/3674 3667/3667/3667 3671/3671/3671
f 3672/3672/3672 3675/3675/3675 3673/3673/3673
f 3675/3675/3675 3672/3672/3672 3667/3667/3667
f 3676/3676/3676 3673/3673/3673 3675/3675/3675
f 3677/3677/3677 3674/3674/3674 3665/3665/3665
f 3677/3677/3677 3667/3667/3667 3674/3674/3674
f 3677/3677/3677 3675/3675/3675 3667/3667/3667
f 3676/3676/3676 3677/3677/3677 3665/3665/3665
f 3677/3677/3677 3676/3676/3676 3675/3675/3675
f 1926/1926/1926 1918/1918/1918 3678/3678/3678
f 1913/1913/1913 3678/3678/3678 1918/1918/1918
f 3679/3679/3679 3678/3678/3678 1913/1913/1913
f 3680/3680/3680 1926/1926/1926 3678/3678/3678
f 3680/3680/3680 3678/3678/3678 3679/3679/3679
f 3680/3680/3680 1934/1934/1934 1926/1926/1926
f 3679/3679/3679 1934/1934/1934 3680/3680/3680
f 3679/3679/3679 1913/1913/1913 3681/3681/3681
f 1928/1928/1928 3681/3681/3681 1913/1913/1913
f 1928/1928/1928 3682/3682/3682 3681/3681/3681
f 3682/3682/3682 1928/1928/1928 2014/2014/2014
f 3682/3682/3682 2014/2014/2014 3683/3683/3683
f 3682/3682/3682 3684/3684/3684 3681/3681/3681
f 3684/3684/3684 3679/3679/3679 3681/3681/3681
f 3679/3679/3679 3685/3685/3685 1934/1934/1934
f 1942/1942/1942 1934/1934/1934 3685/3685/3685
f 3684/3684/3684 3682/3682/3682 3686/3686/3686
f 3686/3686/3686 3682/3682/3682 3683/3683/3683
f 3684/3684/3684 3687/3687/3687 3679/3679/3679
f 3684/3684/3684 3686/3686/3686 3687/3687/3687
f 3687/3687/3687 3685/3685/3685 3679/3679/3679
f 3688/3688/3688 1942/1942/1942 3685/3685/3685
f 1942/1942/1942 3688/3688/3688 1814/1814/1814
f 3686/3686/3686 3689/3689/3689 3687/3687/3687
f 3683/3683/3683 3689/3689/3689 3686/3686/3686
f 3690/3690/3690 3685/3685/3685 3687/3687/3687
f 3690/3690/3690 3688/3688/3688 3685/3685/3685
f 3690/3690/3690 3687/3687/3687 3689/3689/3689
f 3690/3690/3690 3689/3689/3689 3688/3688/3688
f 3688/3688/3688 3691/3691/3691 1814/1814/1814
f 1813/1813/1813 1814/1814/1814 3691/3691/3691
f 3689/3689/3689 3692/3692/3692 3688/3688/3688
f 3691/3691/3691 3688/3688/3688 3692/3692/3692
f 3693/3693/3693 1813/1813/1813 3691/3691/3691
f 3693/3693/3693 1808/1808/1808 1813/1813/1813
f 3692/3692/3692 3689/3689/3689 3694/3694/3694
f 3689/3689/3689 3683/3683/3683 3694/3694/3694
f 3695/3695/3695 3691/3691/3691 3692/3692/3692
f 3693/3693/3693 3691/3691/3691 3695/3695/3695
f 3694/3694/3694 3695/3695/3695 3692/3692/3692
f 3693/3693/3693 3696/3696/3696 1808/1808/1808
f 3697/3697/3697 3693/3693/3693 3695/3695/3695
f 3697/3697/3697 3696/3696/3696 3693/3693/3693
f 3695/3695/3695 3694/3694/3694 3698/3698/3698
f 3697/3697/3697 3695/3695/3695 3698/3698/3698
f 3699/3699/3699 1808/1808/1808 3696/3696/3696
f 3699/3699/3699 3696/3696/3696 3700/3700/3700
f 3699/3699/3699 1810/1810/1810 1808/1808/1808
f 3697/3697/3697 3701/3701/3701 3696/3696/3696
f 3700/3700/3700 3696/3696/3696 3701/3701/3701
f 3699/3699/3699 3702/3702/3702 1810/1810/1810
f 3703/3703/3703 3699/3699/3699 3700/3700/3700
f 3702/3702/3702 3699/3699/3699 3703/3703/3703
f 3704/3704/3704 1810/1810/1810 3702/3702/3702
f 1810/1810/1810 3704/3704/3704 1812/1812/1812
f 3705/3705/3705 3703/3703/3703 3700/3700/3700
f 3705/3705/3705 3702/3702/3702 3703/3703/3703
f 3697/3697/3697 3706/3706/3706 3701/3701/3701
f 3706/3706/3706 3707/3707/3707 3701/3701/3701
f 3707/3707/3707 3700/3700/3700 3701/3701/3701
f 3697/3697/3697 3708/3708/3708 3706/3706/3706
f 3706/3706/3706 3708/3708/3708 3707/3707/3707
f 3697/3697/3697 3698/3698/3698 3708/3708/3708
f 3708/3708/3708 3709/3709/3709 3707/3707/3707
f 3708/3708/3708 3698/3698/3698 3709/3709/3709
f 3700/3700/3700 3707/3707/3707 3710/3710/3710
f 3707/3707/3707 3709/3709/3709 3710/3710/3710
f 3698/3698/3698 3711/3711/3711 3709/3709/3709
f 3711/3711/3711 3698/3698/3698 3694/3694/3694
f 3712/3712/3712 3700/3700/3700 3710/3710/3710
f 3705/3705/3705 3700/3700/3700 3712/3712/3712
f 3709/3709/3709 3713/3713/3713 3710/3710/3710
f 3710/3710/3710 3713/3713/3713 3712/3712/3712
f 3709/3709/3709 3711/3711/3711 3713/3713/3713
f 3714/3714/3714 3711/3711/3711 3694/3694/3694
f 3714/3714/3714 3694/3694/3694 3683/3683/3683
f 3712/3712/3712 3715/3715/3715 3705/3705/3705
f 3713/3713/3713 3715/3715/3715 3712/3712/3712
f 3711/3711/3711 3716/3716/3716 3713/3713/3713
f 3716/3716/3716 3711/3711/3711 3714/3714/3714
f 3713/3713/3713 3716/3716/3716 3715/3715/3715
f 3714/3714/3714 3683/3683/3683 3717/3717/3717
f 3717/3717/3717 3716/3716/3716 3714/3714/3714
f 3715/3715/3715 3718/3718/3718 3705/3705/3705
f 3705/3705/3705 3718/3718/3718 3702/3702/3702
f 3716/3716/3716 3719/3719/3719 3715/3715/3715
f 3715/3715/3715 3719/3719/3719 3718/3718/3718
f 3719/3719/3719 3716/3716/3716 3717/3717/3717
f 3702/3702/3702 3718/3718/3718 3720/3720/3720
f 3719/3719/3719 3720/3720/3720 3718/3718/3718
f 3704/3704/3704 3702/3702/3702 3720/3720/3720
f 3683/3683/3683 3721/3721/3721 3717/3717/3717
f 2014/2014/2014 3721/3721/3721 3683/3683/3683
f 2009/2009/2009 3721/3721/3721 2014/2014/2014
f 3722/3722/3722 3719/3719/3719 3717/3717/3717
f 3720/3720/3720 3719/3719/3719 3722/3722/3722
f 3717/3717/3717 3721/3721/3721 3722/3722/3722
f 3704/3704/3704 3720/3720/3720 3723/3723/3723
f 3723/3723/3723 3720/3720/3720 3722/3722/3722
f 2009/2009/2009 3724/3724/3724 3721/3721/3721
f 2013/2013/2013 3724/3724/3724 2009/2009/2009
f 2046/2046/2046 3724/3724/3724 2013/2013/2013
f 3725/3725/3725 3722/3722/3722 3721/3721/3721
f 3722/3722/3722 3725/3725/3725 3723/3723/3723
f 3724/3724/3724 3725/3725/3725 3721/3721/3721
f 3726/3726/3726 3704/3704/3704 3723/3723/3723
f 3726/3726/3726 3723/3723/3723 3725/3725/3725
f 3704/3704/3704 3726/3726/3726 1812/1812/1812
f 3725/3725/3725 3724/3724/3724 3727/3727/3727
f 3724/3724/3724 2046/2046/2046 3727/3727/3727
f 3727/3727/3727 3726/3726/3726 3725/3725/3725
f 1812/1812/1812 3726/3726/3726 3728/3728/3728
f 3728/3728/3728 3726/3726/3726 3727/3727/3727
f 1801/1801/1801 1812/1812/1812 3728/3728/3728
f 3727/3727/3727 2046/2046/2046 3729/3729/3729
f 3728/3728/3728 3727/3727/3727 3729/3729/3729
f 1801/1801/1801 3728/3728/3728 3729/3729/3729
f 3729/3729/3729 2046/2046/2046 2044/2044/2044
f 3730/3730/3730 1801/1801/1801 3729/3729/3729
f 3731/3731/3731 3729/3729/3729 2044/2044/2044
f 3729/3729/3729 3731/3731/3731 3730/3730/3730
f 3734/3734/3734 3733/3733/3733 3732/3732/3732
f 3733/3733/3733 3734/3734/3734 3735/3735/3735
f 3736/3736/3736 3732/3732/3732 3733/3733/3733
f 3737/3737/3737 3732/3732/3732 3736/3736/3736
f 3738/3738/3738 3733/3733/3733 3735/3735/3735
f 3735/3735/3735 3739/3739/3739 3738/3738/3738
f 3737/3737/3737 3736/3736/3736 3740/3740/3740
f 3741/3741/3741 3737/3737/3737 3740/3740/3740
f 3742/3742/3742 3741/3741/3741 3740/3740/3740
f 3733/3733/3733 3743/3743/3743 3736/3736/3736
f 3738/3738/3738 3743/3743/3743 3733/3733/3733
f 3736/3736/3736 3743/3743/3743 3740/3740/3740
f 3738/3738/3738 3739/3739/3739 3744/3744/3744
f 3745/3745/3745 3744/3744/3744 3739/3739/3739
f 3740/3740/3740 3746/3746/3746 3742/3742/3742
f 3742/3742/3742 3746/3746/3746 3747/3747/3747
f 3746/3746/3746 3748/3748/3748 3747/3747/3747
f 3740/3740/3740 3749/3749/3749 3746/3746/3746
f 3743/3743/3743 3749/3749/3749 3740/3740/3740
f 3746/3746/3746 3750/3750/3750 3748/3748/3748
f 3746/3746/3746 3749/3749/3749 3750/3750/3750
f 3749/3749/3749 3751/3751/3751 3750/3750/3750
f 3750/3750/3750 3752/3752/3752 3748/3748/3748
f 3750/3750/3750 3753/3753/3753 3752/3752/3752
f 3753/3753/3753 3750/3750/3750 3751/3751/3751
f 3752/3752/3752 3753/3753/3753 3754/3754/3754
f 3753/3753/3753 3755/3755/3755 3754/3754/3754
f 3755/3755/3755 3753/3753/3753 3751/3751/3751
f 3755/3755/3755 3756/3756/3756 3754/3754/3754
f 3756/3756/3756 3755/3755/3755 3757/3757/3757
f 3755/3755/3755 3758/3758/3758 3757/3757/3757
f 3751/3751/3751 3758/3758/3758 3755/3755/3755
f 3757/3757/3757 3758/3758/3758 3759/3759/3759
f 3758/3758/3758 3760/3760/3760 3759/3759/3759
f 3751/3751/3751 3760/3760/3760 3758/3758/3758
f 3759/3759/3759 3760/3760/3760 3761/3761/3761
f 3762/3762/3762 3759/3759/3759 3761/3761/3761
f 3763/3763/3763 3762/3762/3762 3761/3761/3761
f 3764/3764/3764 3763/3763/3763 3761/3761/3761
f 3765/3765/3765 3763/3763/3763 3764/3764/3764
f 3766/3766/3766 3764/3764/3764 3761/3761/3761
f 3766/3766/3766 3761/3761/3761 3760/3760/3760
f 3751/3751/3751 3766/3766/3766 3760/3760/3760
f 3767/3767/3767 3766/3766/3766 3751/3751/3751
f 3764/3764/3764 3766/3766/3766 3767/3767/3767
f 3767/3767/3767 3751/3751/3751 3749/3749/3749
f 3768/3768/3768 3767/3767/3767 3749/3749/3749
f 3767/3767/3767 3768/3768/3768 3764/3764/3764
f 3768/3768/3768 3749/3749/3749 3743/3743/3743
f 3768/3768/3768 3743/3743/3743 3769/3769/3769
f 3738/3738/3738 3769/3769/3769 3743/3743/3743
f 3744/3744/3744 3769/3769/3769 3738/3738/3738
f 3770/3770/3770 3768/3768/3768 3769/3769/3769
f 3770/3770/3770 3764/3764/3764 3768/3768/3768
f 3771/3771/3771 3769/3769/3769 3744/3744/3744
f 3770/3770/3770 3769/3769/3769 3771/3771/3771
f 3772/3772/3772 3765/3765/3765 3764/3764/3764
f 3773/3773/3773 3765/3765/3765 3772/3772/3772
f 3764/3764/3764 3770/3770/3770 3774/3774/3774
f 3770/3770/3770 3771/3771/3771 3774/3774/3774
f 3775/3775/3775 3764/3764/3764 3774/3774/3774
f 3775/3775/3775 3772/3772/3772 3764/3764/3764
f 3775/3775/3775 3776/3776/3776 3772/3772/3772
f 3771/3771/3771 3777/3777/3777 3774/3774/3774
f 3776/3776/3776 3778/3778/3778 3772/3772/3772
f 3779/3779/3779 3771/3771/3771 3744/3744/3744
f 3777/3777/3777 3771/3771/3771 3779/3779/3779
f 3745/3745/3745 3779/3779/3779 3744/3744/3744
f 3780/3780/3780 3777/3777/3777 3779/3779/3779
f 3745/3745/3745 3781/3781/3781 3779/3779/3779
f 3781/3781/3781 3780/3780/3780 3779/3779/3779
f 3778/3778/3778 3782/3782/3782 3772/3772/3772
f 3782/3782/3782 3773/3773/3773 3772/3772/3772
f 3773/3773/3773 3782/3782/3782 3783/3783/3783
f 3782/3782/3782 3778/3778/3778 3784/3784/3784
f 3783/3783/3783 3782/3782/3782 3784/3784/3784
f 3785/3785/3785 3773/3773/3773 3783/3783/3783
f 3784/3784/3784 3786/3786/3786 3783/3783/3783
f 3787/3787/3787 3785/3785/3785 3783/3783/3783
f 3786/3786/3786 3788/3788/3788 3783/3783/3783
f 3789/3789/3789 3787/3787/3787 3783/3783/3783
f 3783/3783/3783 3788/3788/3788 3789/3789/3789
f 3792/3792/3792 3791/3791/3791 3790/3790/3790
f 3791/3791/3791 3792/3792/3792 3793/3793/3793
f 3791/3791/3791 3794/3794/3794 3790/3790/3790
f 3795/3795/3795 3790/3790/3790 3794/3794/3794
f 3793/3793/3793 3796/3796/3796 3791/3791/3791
f 3793/3793/3793 3797/3797/3797 3796/3796/3796
f 3798/3798/3798 3791/3791/3791 3796/3796/3796
f 3798/3798/3798 3794/3794/3794 3791/3791/3791
f 3796/3796/3796 3797/3797/3797 3799/3799/3799
f 3798/3798/3798 3796/3796/3796 3799/3799/3799
f 3797/3797/3797 3800/3800/3800 3799/3799/3799
f 3800/3800/3800 3801/3801/3801 3799/3799/3799
f 3795/3795/3795 3794/3794/3794 3802/3802/3802
f 3802/3802/3802 3803/3803/3803 3795/3795/3795
f 3804/3804/3804 3799/3799/3799 3801/3801/3801
f 3804/3804/3804 3801/3801/3801 3805/3805/3805
f 3806/3806/3806 3804/3804/3804 3805/3805/3805
f 3807/3807/3807 3799/3799/3799 3804/3804/3804
f 3807/3807/3807 3798/3798/3798 3799/3799/3799
f 3806/3806/3806 3808/3808/3808 3804/3804/3804
f 3807/3807/3807 3804/3804/3804 3808/3808/3808
f 3809/3809/3809 3807/3807/3807 3808/3808/3808
f 3810/3810/3810 3808/3808/3808 3806/3806/3806
f 3811/3811/3811 3808/3808/3808 3810/3810/3810
f 3808/3808/3808 3811/3811/3811 3809/3809/3809
f 3811/3811/3811 3810/3810/3810 3812/3812/3812
f 3813/3813/3813 3811/3811/3811 3812/3812/3812
f 3811/3811/3811 3813/3813/3813 3809/3809/3809
f 3814/3814/3814 3813/3813/3813 3812/3812/3812
f 3813/3813/3813 3814/3814/3814 3815/3815/3815
f 3816/3816/3816 3813/3813/3813 3815/3815/3815
f 3816/3816/3816 3809/3809/3809 3813/3813/3813
f 3816/3816/3816 3815/3815/3815 3817/3817/3817
f 3818/3818/3818 3816/3816/3816 3817/3817/3817
f 3818/3818/3818 3809/3809/3809 3816/3816/3816
f 3818/3818/3818 3817/3817/3817 3819/3819/3819
f 3817/3817/3817 3820/3820/3820 3819/3819/3819
f 3820/3820/3820 3821/3821/3821 3819/3819/3819
f 3821/3821/3821 3822/3822/3822 3819/3819/3819
f 3821/3821/3821 3823/3823/3823 3822/3822/3822
f 3822/3822/3822 3824/3824/3824 3819/3819/3819
f 3819/3819/3819 3824/3824/3824 3818/3818/3818
f 3824/3824/3824 3809/3809/3809 3818/3818/3818
f 3809/3809/3809 3824/3824/3824 3825/3825/3825
f 3824/3824/3824 3822/3822/3822 3825/3825/3825
f 3809/3809/3809 3825/3825/3825 3807/3807/3807
f 3807/3807/3807 3825/3825/3825 3826/3826/3826
f 3826/3826/3826 3825/3825/3825 3822/3822/3822
f 3807/3807/3807 3826/3826/3826 3798/3798/3798
f 3798/3798/3798 3826/3826/3826 3827/3827/3827
f 3798/3798/3798 3827/3827/3827 3794/3794/3794
f 3827/3827/3827 3802/3802/3802 3794/3794/3794
f 3826/3826/3826 3828/3828/3828 3827/3827/3827
f 3822/3822/3822 3828/3828/3828 3826/3826/3826
f 3827/3827/3827 3829/3829/3829 3802/3802/3802
f 3827/3827/3827 3828/3828/3828 3829/3829/3829
f 3823/3823/3823 3830/3830/3830 3822/3822/3822
f 3823/3823/3823 3831/3831/3831 3830/3830/3830
f 3828/3828/3828 3822/3822/3822 3832/3832/3832
f 3829/3829/3829 3828/3828/3828 3832/3832/3832
f 3822/3822/3822 3833/3833/3833 3832/3832/3832
f 3830/3830/3830 3833/3833/3833 3822/3822/3822
f 3830/3830/3830 3834/3834/3834 3833/3833/3833
f 3835/3835/3835 3829/3829/3829 3832/3832/3832
f 3836/3836/3836 3834/3834/3834 3830/3830/3830
f 3829/3829/3829 3837/3837/3837 3802/3802/3802
f 3829/3829/3829 3835/3835/3835 3837/3837/3837
f 3837/3837/3837 3803/3803/3803 3802/3802/3802
f 3835/3835/3835 3838/3838/3838 3837/3837/3837
f 3837/3837/3837 3839/3839/3839 3803/3803/3803
f 3838/3838/3838 3839/3839/3839 3837/3837/3837
f 3840/3840/3840 3836/3836/3836 3830/3830/3830
f 3831/3831/3831 3840/3840/3840 3830/3830/3830
f 3840/3840/3840 3831/3831/3831 3841/3841/3841
f 3836/3836/3836 3840/3840/3840 3842/3842/3842
f 3840/3840/3840 3841/3841/3841 3842/3842/3842
f 3831/3831/3831 3843/3843/3843 3841/3841/3841
f 3844/3844/3844 3842/3842/3842 3841/3841/3841
f 3843/3843/3843 3845/3845/3845 3841/3841/3841
f 3846/3846/3846 3844/3844/3844 3841/3841/3841
f 3845/3845/3845 3847/3847/3847 3841/3841/3841
f 3846/3846/3846 3841/3841/3841 3847/3847/3847
f 3850/3850/3850 3849/3849/3849 3848/3848/3848
f 3849/3849/3849 3850/3850/3850 3851/3851/3851
f 3850/3850/3850 3852/3852/3852 3851/3851/3851
f 3853/3853/3853 3851/3851/3851 3852/3852/3852
f 3854/3854/3854 3853/3853/3853 3852/3852/3852
f 3853/3853/3853 3854/3854/3854 3855/3855/3855
f 3854/3854/3854 3856/3856/3856 3855/3855/3855
f 3855/3855/3855 3856/3856/3856 3857/3857/3857
f 3854/3854/3854 3852/3852/3852 3858/3858/3858
f 3858/3858/3858 3852/3852/3852 3850/3850/3850
f 3856/3856/3856 3859/3859/3859 3857/3857/3857
f 3859/3859/3859 3856/3856/3856 3860/3860/3860
f 3861/3861/3861 3857/3857/3857 3859/3859/3859
f 3862/3862/3862 3861/3861/3861 3859/3859/3859
f 3863/3863/3863 3861/3861/3861 3862/3862/3862
f 3864/3864/3864 3862/3862/3862 3859/3859/3859
f 3860/3860/3860 3864/3864/3864 3859/3859/3859
f 3864/3864/3864 3860/3860/3860 3865/3865/3865
f 3866/3866/3866 3863/3863/3863 3862/3862/3862
f 3864/3864/3864 3866/3866/3866 3862/3862/3862
f 3863/3863/3863 3866/3866/3866 3867/3867/3867
f 3866/3866/3866 3868/3868/3868 3867/3867/3867
f 3866/3866/3866 3864/3864/3864 3868/3868/3868
f 3869/3869/3869 3867/3867/3867 3868/3868/3868
f 3864/3864/3864 3870/3870/3870 3868/3868/3868
f 3870/3870/3870 3864/3864/3864 3865/3865/3865
f 3871/3871/3871 3869/3869/3869 3868/3868/3868
f 3871/3871/3871 3868/3868/3868 3870/3870/3870
f 3872/3872/3872 3869/3869/3869 3871/3871/3871
f 3873/3873/3873 3872/3872/3872 3871/3871/3871
f 3874/3874/3874 3872/3872/3872 3873/3873/3873
f 3871/3871/3871 3870/3870/3870 3875/3875/3875
f 3871/3871/3871 3875/3875/3875 3873/3873/3873
f 3876/3876/3876 3874/3874/3874 3873/3873/3873
f 3875/3875/3875 3876/3876/3876 3873/3873/3873
f 3874/3874/3874 3876/3876/3876 3877/3877/3877
f 3876/3876/3876 3875/3875/3875 3877/3877/3877
f 3878/3878/3878 3877/3877/3877 3875/3875/3875
f 3870/3870/3870 3879/3879/3879 3875/3875/3875
f 3879/3879/3879 3878/3878/3878 3875/3875/3875
f 3879/3879/3879 3870/3870/3870 3865/3865/3865
f 3878/3878/3878 3879/3879/3879 3880/3880/3880
f 3879/3879/3879 3881/3881/3881 3880/3880/3880
f 3881/3881/3881 3879/3879/3879 3865/3865/3865
f 3880/3880/3880 3881/3881/3881 3882/3882/3882
f 3881/3881/3881 3883/3883/3883 3882/3882/3882
f 3881/3881/3881 3865/3865/3865 3883/3883/3883
f 3884/3884/3884 3882/3882/3882 3883/3883/3883
f 3885/3885/3885 3884/3884/3884 3883/3883/3883
f 3886/3886/3886 3884/3884/3884 3885/3885/3885
f 3865/3865/3865 3887/3887/3887 3883/3883/3883
f 3885/3885/3885 3883/3883/3883 3887/3887/3887
f 3888/3888/3888 3885/3885/3885 3887/3887/3887
f 3889/3889/3889 3886/3886/3886 3885/3885/3885
f 3885/3885/3885 3888/3888/3888 3889/3889/3889
f 3886/3886/3886 3889/3889/3889 3890/3890/3890
f 3889/3889/3889 3891/3891/3891 3890/3890/3890
f 3888/3888/3888 3891/3891/3891 3889/3889/3889
f 3890/3890/3890 3891/3891/3891 3892/3892/3892
f 3887/3887/3887 3865/3865/3865 3893/3893/3893
f 3860/3860/3860 3893/3893/3893 3865/3865/3865
f 3891/3891/3891 3894/3894/3894 3892/3892/3892
f 3895/3895/3895 3892/3892/3892 3894/3894/3894
f 3894/3894/3894 3891/3891/3891 3896/3896/3896
f 3891/3891/3891 3888/3888/3888 3896/3896/3896
f 3897/3897/3897 3895/3895/3895 3894/3894/3894
f 3897/3897/3897 3894/3894/3894 3896/3896/3896
f 3895/3895/3895 3897/3897/3897 3898/3898/3898
f 3897/3897/3897 3899/3899/3899 3898/3898/3898
f 3900/3900/3900 3898/3898/3898 3899/3899/3899
f 3901/3901/3901 3897/3897/3897 3896/3896/3896
f 3899/3899/3899 3897/3897/3897 3901/3901/3901
f 3902/3902/3902 3900/3900/3900 3899/3899/3899
f 3903/3903/3903 3900/3900/3900 3902/3902/3902
f 3896/3896/3896 3888/3888/3888 3904/3904/3904
f 3901/3901/3901 3896/3896/3896 3904/3904/3904
f 3905/3905/3905 3899/3899/3899 3901/3901/3901
f 3899/3899/3899 3905/3905/3905 3902/3902/3902
f 3906/3906/3906 3903/3903/3903 3902/3902/3902
f 3907/3907/3907 3903/3903/3903 3906/3906/3906
f 3908/3908/3908 3901/3901/3901 3904/3904/3904
f 3905/3905/3905 3901/3901/3901 3908/3908/3908
f 3905/3905/3905 3909/3909/3909 3902/3902/3902
f 3906/3906/3906 3902/3902/3902 3909/3909/3909
f 3910/3910/3910 3907/3907/3907 3906/3906/3906
f 3907/3907/3907 3910/3910/3910 3911/3911/3911
f 3910/3910/3910 3912/3912/3912 3911/3911/3911
f 3913/3913/3913 3911/3911/3911 3912/3912/3912
f 3914/3914/3914 3910/3910/3910 3906/3906/3906
f 3912/3912/3912 3910/3910/3910 3914/3914/3914
f 3915/3915/3915 3906/3906/3906 3909/3909/3909
f 3915/3915/3915 3914/3914/3914 3906/3906/3906
f 3916/3916/3916 3909/3909/3909 3905/3905/3905
f 3915/3915/3915 3909/3909/3909 3916/3916/3916
f 3917/3917/3917 3913/3913/3913 3912/3912/3912
f 3913/3913/3913 3917/3917/3917 3918/3918/3918
f 3919/3919/3919 3905/3905/3905 3908/3908/3908
f 3916/3916/3916 3905/3905/3905 3919/3919/3919
f 3919/3919/3919 3908/3908/3908 3920/3920/3920
f 3912/3912/3912 3914/3914/3914 3921/3921/3921
f 3917/3917/3917 3912/3912/3912 3921/3921/3921
f 3917/3917/3917 3921/3921/3921 3922/3922/3922
f 3917/3917/3917 3923/3923/3923 3918/3918/3918
f 3923/3923/3923 3917/3917/3917 3922/3922/3922
f 3924/3924/3924 3918/3918/3918 3923/3923/3923
f 3925/3925/3925 3924/3924/3924 3923/3923/3923
f 3925/3925/3925 3923/3923/3923 3922/3922/3922
f 3926/3926/3926 3924/3924/3924 3925/3925/3925
f 3921/3921/3921 3914/3914/3914 3927/3927/3927
f 3922/3922/3922 3921/3921/3921 3927/3927/3927
f 3928/3928/3928 3920/3920/3920 3908/3908/3908
f 3920/3920/3920 3928/3928/3928 3929/3929/3929
f 3904/3904/3904 3928/3928/3928 3908/3908/3908
f 3930/3930/3930 3926/3926/3926 3925/3925/3925
f 3931/3931/3931 3930/3930/3930 3925/3925/3925
f 3932/3932/3932 3931/3931/3931 3925/3925/3925
f 3932/3932/3932 3925/3925/3925 3922/3922/3922
f 3933/3933/3933 3926/3926/3926 3930/3930/3930
f 3932/3932/3932 3922/3922/3922 3934/3934/3934
f 3931/3931/3931 3932/3932/3932 3934/3934/3934
f 3935/3935/3935 3933/3933/3933 3930/3930/3930
f 3936/3936/3936 3933/3933/3933 3935/3935/3935
f 3928/3928/3928 3904/3904/3904 3937/3937/3937
f 3888/3888/3888 3937/3937/3937 3904/3904/3904
f 3937/3937/3937 3888/3888/3888 3938/3938/3938
f 3888/3888/3888 3887/3887/3887 3938/3938/3938
f 3938/3938/3938 3887/3887/3887 3893/3893/3893
f 3928/3928/3928 3937/3937/3937 3939/3939/3939
f 3939/3939/3939 3937/3937/3937 3938/3938/3938
f 3940/3940/3940 3938/3938/3938 3893/3893/3893
f 3940/3940/3940 3939/3939/3939 3938/3938/3938
f 3941/3941/3941 3930/3930/3930 3931/3931/3931
f 3930/3930/3930 3941/3941/3941 3935/3935/3935
f 3942/3942/3942 3936/3936/3936 3935/3935/3935
f 3943/3943/3943 3936/3936/3936 3942/3942/3942
f 3935/3935/3935 3944/3944/3944 3942/3942/3942
f 3941/3941/3941 3944/3944/3944 3935/3935/3935
f 3945/3945/3945 3943/3943/3943 3942/3942/3942
f 3944/3944/3944 3945/3945/3945 3942/3942/3942
f 3943/3943/3943 3945/3945/3945 3946/3946/3946
f 3945/3945/3945 3944/3944/3944 3946/3946/3946
f 3946/3946/3946 3944/3944/3944 3947/3947/3947
f 3944/3944/3944 3941/3941/3941 3947/3947/3947
f 3948/3948/3948 3947/3947/3947 3941/3941/3941
f 3949/3949/3949 3948/3948/3948 3941/3941/3941
f 3949/3949/3949 3941/3941/3941 3931/3931/3931
f 3948/3948/3948 3949/3949/3949 3950/3950/3950
f 3949/3949/3949 3951/3951/3951 3950/3950/3950
f 3951/3951/3951 3949/3949/3949 3931/3931/3931
f 3952/3952/3952 3950/3950/3950 3951/3951/3951
f 3953/3953/3953 3952/3952/3952 3951/3951/3951
f 3954/3954/3954 3952/3952/3952 3953/3953/3953
f 3951/3951/3951 3931/3931/3931 3955/3955/3955
f 3951/3951/3951 3955/3955/3955 3953/3953/3953
f 3956/3956/3956 3954/3954/3954 3953/3953/3953
f 3957/3957/3957 3954/3954/3954 3956/3956/3956
f 3955/3955/3955 3931/3931/3931 3958/3958/3958
f 3958/3958/3958 3931/3931/3931 3934/3934/3934
f 3959/3959/3959 3958/3958/3958 3934/3934/3934
f 3955/3955/3955 3960/3960/3960 3953/3953/3953
f 3956/3956/3956 3953/3953/3953 3960/3960/3960
f 3960/3960/3960 3961/3961/3961 3956/3956/3956
f 3962/3962/3962 3961/3961/3961 3960/3960/3960
f 3963/3963/3963 3957/3957/3957 3956/3956/3956
f 3956/3956/3956 3961/3961/3961 3963/3963/3963
f 3957/3957/3957 3963/3963/3963 3964/3964/3964
f 3965/3965/3965 3955/3955/3955 3958/3958/3958
f 3965/3965/3965 3960/3960/3960 3955/3955/3955
f 3958/3958/3958 3959/3959/3959 3965/3965/3965
f 3962/3962/3962 3960/3960/3960 3965/3965/3965
f 3962/3962/3962 3965/3965/3965 3959/3959/3959
f 3963/3963/3963 3966/3966/3966 3964/3964/3964
f 3961/3961/3961 3967/3967/3967 3963/3963/3963
f 3963/3963/3963 3967/3967/3967 3966/3966/3966
f 3964/3964/3964 3966/3966/3966 3968/3968/3968
f 3969/3969/3969 3964/3964/3964 3968/3968/3968
f 3967/3967/3967 3970/3970/3970 3966/3966/3966
f 3968/3968/3968 3966/3966/3966 3970/3970/3970
f 3971/3971/3971 3967/3967/3967 3961/3961/3961
f 3967/3967/3967 3971/3971/3971 3970/3970/3970
f 3969/3969/3969 3968/3968/3968 3972/3972/3972
f 3969/3969/3969 3972/3972/3972 3973/3973/3973
f 3974/3974/3974 3973/3973/3973 3972/3972/3972
f 3974/3974/3974 3848/3848/3848 3973/3973/3973
f 3968/3968/3968 3975/3975/3975 3972/3972/3972
f 3976/3976/3976 3968/3968/3968 3970/3970/3970
f 3975/3975/3975 3968/3968/3968 3976/3976/3976
f 3977/3977/3977 3974/3974/3974 3972/3972/3972
f 3975/3975/3975 3977/3977/3977 3972/3972/3972
f 3974/3974/3974 3978/3978/3978 3848/3848/3848
f 3977/3977/3977 3979/3979/3979 3974/3974/3974
f 3979/3979/3979 3978/3978/3978 3974/3974/3974
f 3980/3980/3980 3977/3977/3977 3975/3975/3975
f 3979/3979/3979 3977/3977/3977 3980/3980/3980
f 3978/3978/3978 3981/3981/3981 3848/3848/3848
f 3981/3981/3981 3850/3850/3850 3848/3848/3848
f 3850/3850/3850 3981/3981/3981 3982/3982/3982
f 3981/3981/3981 3978/3978/3978 3982/3982/3982
f 3850/3850/3850 3982/3982/3982 3858/3858/3858
f 3978/3978/3978 3979/3979/3979 3983/3983/3983
f 3978/3978/3978 3983/3983/3983 3982/3982/3982
f 3980/3980/3980 3984/3984/3984 3979/3979/3979
f 3979/3979/3979 3984/3984/3984 3983/3983/3983
f 3985/3985/3985 3980/3980/3980 3975/3975/3975
f 3986/3986/3986 3984/3984/3984 3980/3980/3980
f 3980/3980/3980 3985/3985/3985 3986/3986/3986
f 3985/3985/3985 3975/3975/3975 3987/3987/3987
f 3987/3987/3987 3975/3975/3975 3976/3976/3976
f 3988/3988/3988 3987/3987/3987 3976/3976/3976
f 3989/3989/3989 3985/3985/3985 3987/3987/3987
f 3987/3987/3987 3988/3988/3988 3989/3989/3989
f 3990/3990/3990 3985/3985/3985 3989/3989/3989
f 3985/3985/3985 3990/3990/3990 3986/3986/3986
f 3988/3988/3988 3991/3991/3991 3989/3989/3989
f 3989/3989/3989 3991/3991/3991 3990/3990/3990
f 3992/3992/3992 3986/3986/3986 3990/3990/3990
f 3986/3986/3986 3993/3993/3993 3984/3984/3984
f 3992/3992/3992 3993/3993/3993 3986/3986/3986
f 3984/3984/3984 3993/3993/3993 3994/3994/3994
f 3994/3994/3994 3993/3993/3993 3992/3992/3992
f 3990/3990/3990 3995/3995/3995 3992/3992/3992
f 3991/3991/3991 3995/3995/3995 3990/3990/3990
f 3992/3992/3992 3995/3995/3995 3996/3996/3996
f 3996/3996/3996 3995/3995/3995 3991/3991/3991
f 3994/3994/3994 3992/3992/3992 3996/3996/3996
f 3997/3997/3997 3996/3996/3996 3991/3991/3991
f 3994/3994/3994 3996/3996/3996 3997/3997/3997
f 3991/3991/3991 3988/3988/3988 3997/3997/3997
f 3998/3998/3998 3984/3984/3984 3994/3994/3994
f 3998/3998/3998 3994/3994/3994 3997/3997/3997
f 3984/3984/3984 3998/3998/3998 3983/3983/3983
f 3997/3997/3997 3999/3999/3999 3998/3998/3998
f 3999/3999/3999 3983/3983/3983 3998/3998/3998
f 3988/3988/3988 3999/3999/3999 3997/3997/3997
f 3983/3983/3983 3999/3999/3999 4000/4000/4000
f 4001/4001/4001 4000/4000/4000 3999/3999/3999
f 3982/3982/3982 3983/3983/3983 4000/4000/4000
f 4002/4002/4002 3999/3999/3999 3988/3988/3988
f 4002/4002/4002 4001/4001/4001 3999/3999/3999
f 3988/3988/3988 4003/4003/4003 4002/4002/4002
f 4003/4003/4003 4001/4001/4001 4002/4002/4002
f 4003/4003/4003 3988/3988/3988 3976/3976/3976
f 3982/3982/3982 4000/4000/4000 4004/4004/4004
f 3982/3982/3982 4004/4004/4004 3858/3858/3858
f 4003/4003/4003 3976/3976/3976 4005/4005/4005
f 4005/4005/4005 3976/3976/3976 3970/3970/3970
f 4005/4005/4005 3970/3970/3970 4006/4006/4006
f 4003/4003/4003 4005/4005/4005 4006/4006/4006
f 3971/3971/3971 4006/4006/4006 3970/3970/3970
f 4003/4003/4003 4006/4006/4006 4007/4007/4007
f 4001/4001/4001 4003/4003/4003 4007/4007/4007
f 4008/4008/4008 4006/4006/4006 3971/3971/3971
f 4008/4008/4008 4007/4007/4007 4006/4006/4006
f 4008/4008/4008 3971/3971/3971 4009/4009/4009
f 4007/4007/4007 4008/4008/4008 4010/4010/4010
f 4008/4008/4008 4009/4009/4009 4010/4010/4010
f 4009/4009/4009 3971/3971/3971 4011/4011/4011
f 4011/4011/4011 3971/3971/3971 3961/3961/3961
f 4009/4009/4009 4011/4011/4011 4012/4012/4012
f 4009/4009/4009 4012/4012/4012 4010/4010/4010
f 4011/4011/4011 3961/3961/3961 4013/4013/4013
f 4011/4011/4011 4013/4013/4013 4012/4012/4012
f 3961/3961/3961 3962/3962/3962 4013/4013/4013
f 4014/4014/4014 4012/4012/4012 4013/4013/4013
f 4014/4014/4014 4013/4013/4013 3962/3962/3962
f 4015/4015/4015 4010/4010/4010 4012/4012/4012
f 4014/4014/4014 4015/4015/4015 4012/4012/4012
f 4014/4014/4014 4016/4016/4016 4015/4015/4015
f 4017/4017/4017 4010/4010/4010 4015/4015/4015
f 4017/4017/4017 4007/4007/4007 4010/4010/4010
f 4015/4015/4015 4016/4016/4016 4017/4017/4017
f 4007/4007/4007 4017/4017/4017 4018/4018/4018
f 4016/4016/4016 4018/4018/4018 4017/4017/4017
f 4007/4007/4007 4018/4018/4018 4001/4001/4001
f 4014/4014/4014 3962/3962/3962 4019/4019/4019
f 4020/4020/4020 4016/4016/4016 4014/4014/4014
f 4019/4019/4019 4020/4020/4020 4014/4014/4014
f 4019/4019/4019 3962/3962/3962 4021/4021/4021
f 4021/4021/4021 3962/3962/3962 3959/3959/3959
f 4020/4020/4020 4019/4019/4019 4022/4022/4022
f 4022/4022/4022 4019/4019/4019 4021/4021/4021
f 4001/4001/4001 4018/4018/4018 4023/4023/4023
f 4024/4024/4024 4018/4018/4018 4016/4016/4016
f 4018/4018/4018 4024/4024/4024 4023/4023/4023
f 4001/4001/4001 4023/4023/4023 4025/4025/4025
f 4000/4000/4000 4001/4001/4001 4025/4025/4025
f 4026/4026/4026 4000/4000/4000 4025/4025/4025
f 4004/4004/4004 4000/4000/4000 4026/4026/4026
f 4027/4027/4027 4016/4016/4016 4020/4020/4020
f 4028/4028/4028 4020/4020/4020 4022/4022/4022
f 4027/4027/4027 4020/4020/4020 4028/4028/4028
f 4022/4022/4022 4021/4021/4021 4029/4029/4029
f 4022/4022/4022 4029/4029/4029 4028/4028/4028
f 4030/4030/4030 4024/4024/4024 4016/4016/4016
f 4027/4027/4027 4030/4030/4030 4016/4016/4016
f 4024/4024/4024 4030/4030/4030 4031/4031/4031
f 4024/4024/4024 4031/4031/4031 4023/4023/4023
f 4021/4021/4021 4032/4032/4032 4029/4029/4029
f 4021/4021/4021 3959/3959/3959 4032/4032/4032
f 4030/4030/4030 4027/4027/4027 4033/4033/4033
f 4031/4031/4031 4030/4030/4030 4033/4033/4033
f 4034/4034/4034 4023/4023/4023 4031/4031/4031
f 4035/4035/4035 4031/4031/4031 4033/4033/4033
f 4034/4034/4034 4031/4031/4031 4035/4035/4035
f 4035/4035/4035 4033/4033/4033 4036/4036/4036
f 4027/4027/4027 4037/4037/4037 4033/4033/4033
f 4033/4033/4033 4037/4037/4037 4036/4036/4036
f 4034/4034/4034 4038/4038/4038 4023/4023/4023
f 4038/4038/4038 4025/4025/4025 4023/4023/4023
f 4025/4025/4025 4038/4038/4038 4039/4039/4039
f 4039/4039/4039 4026/4026/4026 4025/4025/4025
f 4034/4034/4034 4040/4040/4040 4038/4038/4038
f 4038/4038/4038 4040/4040/4040 4039/4039/4039
f 4041/4041/4041 4034/4034/4034 4035/4035/4035
f 4040/4040/4040 4034/4034/4034 4041/4041/4041
f 4039/4039/4039 4040/4040/4040 4042/4042/4042
f 4040/4040/4040 4041/4041/4041 4042/4042/4042
f 4041/4041/4041 4035/4035/4035 4043/4043/4043
f 4043/4043/4043 4035/4035/4035 4036/4036/4036
f 4036/4036/4036 4044/4044/4044 4043/4043/4043
f 4044/4044/4044 4045/4045/4045 4043/4043/4043
f 4046/4046/4046 4041/4041/4041 4043/4043/4043
f 4046/4046/4046 4042/4042/4042 4041/4041/4041
f 4045/4045/4045 4046/4046/4046 4043/4043/4043
f 4039/4039/4039 4042/4042/4042 4047/4047/4047
f 4026/4026/4026 4039/4039/4039 4047/4047/4047
f 4048/4048/4048 4042/4042/4042 4046/4046/4046
f 4042/4042/4042 4048/4048/4048 4047/4047/4047
f 4045/4045/4045 4049/4049/4049 4046/4046/4046
f 4049/4049/4049 4048/4048/4048 4046/4046/4046
f 4045/4045/4045 4044/4044/4044 4050/4050/4050
f 4051/4051/4051 4050/4050/4050 4044/4044/4044
f 4052/4052/4052 4045/4045/4045 4050/4050/4050
f 4045/4045/4045 4052/4052/4052 4049/4049/4049
f 4053/4053/4053 4050/4050/4050 4051/4051/4051
f 4052/4052/4052 4050/4050/4050 4053/4053/4053
f 4026/4026/4026 4047/4047/4047 4054/4054/4054
f 4055/4055/4055 4026/4026/4026 4054/4054/4054
f 4026/4026/4026 4055/4055/4055 4004/4004/4004
f 4048/4048/4048 4049/4049/4049 4056/4056/4056
f 4052/4052/4052 4057/4057/4057 4049/4049/4049
f 4049/4049/4049 4057/4057/4057 4056/4056/4056
f 4058/4058/4058 4047/4047/4047 4048/4048/4048
f 4054/4054/4054 4047/4047/4047 4059/4059/4059
f 4058/4058/4058 4059/4059/4059 4047/4047/4047
f 4060/4060/4060 4048/4048/4048 4056/4056/4056
f 4058/4058/4058 4048/4048/4048 4060/4060/4060
f 4056/4056/4056 4061/4061/4061 4060/4060/4060
f 4057/4057/4057 4062/4062/4062 4056/4056/4056
f 4061/4061/4061 4056/4056/4056 4062/4062/4062
f 4063/4063/4063 4058/4058/4058 4060/4060/4060
f 4060/4060/4060 4061/4061/4061 4063/4063/4063
f 4058/4058/4058 4063/4063/4063 4064/4064/4064
f 4063/4063/4063 4061/4061/4061 4064/4064/4064
f 4061/4061/4061 4062/4062/4062 4065/4065/4065
f 4064/4064/4064 4061/4061/4061 4065/4065/4065
f 4066/4066/4066 4058/4058/4058 4064/4064/4064
f 4059/4059/4059 4058/4058/4058 4066/4066/4066
f 3940/3940/3940 4065/4065/4065 4062/4062/4062
f 3940/3940/3940 4062/4062/4062 4057/4057/4057
f 4064/4064/4064 4065/4065/4065 4067/4067/4067
f 3940/3940/3940 4067/4067/4067 4065/4065/4065
f 4066/4066/4066 4064/4064/4064 4067/4067/4067
f 4067/4067/4067 3940/3940/3940 3893/3893/3893
f 4067/4067/4067 3893/3893/3893 3860/3860/3860
f 4066/4066/4066 4067/4067/4067 3860/3860/3860
f 3940/3940/3940 4057/4057/4057 3939/3939/3939
f 3860/3860/3860 4068/4068/4068 4066/4066/4066
f 4068/4068/4068 4059/4059/4059 4066/4066/4066
f 3856/3856/3856 4068/4068/4068 3860/3860/3860
f 4057/4057/4057 4069/4069/4069 3939/3939/3939
f 4069/4069/4069 4057/4057/4057 4052/4052/4052
f 4059/4059/4059 4068/4068/4068 4070/4070/4070
f 3856/3856/3856 4070/4070/4070 4068/4068/4068
f 4069/4069/4069 4071/4071/4071 3939/3939/3939
f 3928/3928/3928 3939/3939/3939 4071/4071/4071
f 3929/3929/3929 3928/3928/3928 4071/4071/4071
f 4069/4069/4069 4052/4052/4052 4072/4072/4072
f 4071/4071/4071 4069/4069/4069 4072/4072/4072
f 4052/4052/4052 4053/4053/4053 4072/4072/4072
f 4073/4073/4073 4071/4071/4071 4072/4072/4072
f 3929/3929/3929 4071/4071/4071 4073/4073/4073
f 4053/4053/4053 4074/4074/4074 4072/4072/4072
f 4073/4073/4073 4072/4072/4072 4074/4074/4074
f 4075/4075/4075 4059/4059/4059 4070/4070/4070
f 4075/4075/4075 4054/4054/4054 4059/4059/4059
f 4070/4070/4070 3856/3856/3856 4076/4076/4076
f 3856/3856/3856 3854/3854/3854 4076/4076/4076
f 4076/4076/4076 3854/3854/3854 3858/3858/3858
f 4077/4077/4077 4075/4075/4075 4070/4070/4070
f 4070/4070/4070 4076/4076/4076 4077/4077/4077
f 4075/4075/4075 4078/4078/4078 4054/4054/4054
f 4075/4075/4075 4077/4077/4077 4078/4078/4078
f 3858/3858/3858 4079/4079/4079 4076/4076/4076
f 3858/3858/3858 4004/4004/4004 4079/4079/4079
f 4076/4076/4076 4080/4080/4080 4077/4077/4077
f 4080/4080/4080 4078/4078/4078 4077/4077/4077
f 4079/4079/4079 4080/4080/4080 4076/4076/4076
f 4004/4004/4004 4081/4081/4081 4079/4079/4079
f 4055/4055/4055 4081/4081/4081 4004/4004/4004
f 4082/4082/4082 4080/4080/4080 4079/4079/4079
f 4079/4079/4079 4081/4081/4081 4082/4082/4082
f 4080/4080/4080 4082/4082/4082 4078/4078/4078
f 4081/4081/4081 4083/4083/4083 4082/4082/4082
f 4083/4083/4083 4081/4081/4081 4055/4055/4055
f 4082/4082/4082 4083/4083/4083 4078/4078/4078
f 4054/4054/4054 4078/4078/4078 4084/4084/4084
f 4054/4054/4054 4084/4084/4084 4055/4055/4055
f 4078/4078/4078 4083/4083/4083 4084/4084/4084
f 4084/4084/4084 4083/4083/4083 4055/4055/4055
f 3914/3914/3914 4085/4085/4085 3927/3927/3927
f 3914/3914/3914 3915/3915/3915 4085/4085/4085
f 3915/3915/3915 4086/4086/4086 4085/4085/4085
f 4086/4086/4086 3915/3915/3915 3916/3916/3916
f 4086/4086/4086 3916/3916/3916 4087/4087/4087
f 4088/4088/4088 4085/4085/4085 4086/4086/4086
f 4088/4088/4088 4086/4086/4086 4087/4087/4087
f 4087/4087/4087 3916/3916/3916 4089/4089/4089
f 4089/4089/4089 4090/4090/4090 4087/4087/4087
f 4089/4089/4089 3916/3916/3916 3919/3919/3919
f 4089/4089/4089 3919/3919/3919 4091/4091/4091
f 4092/4092/4092 4090/4090/4090 4089/4089/4089
f 4091/4091/4091 4092/4092/4092 4089/4089/4089
f 3919/3919/3919 4093/4093/4093 4091/4091/4091
f 3919/3919/3919 3920/3920/3920 4093/4093/4093
f 4094/4094/4094 4092/4092/4092 4091/4091/4091
f 4094/4094/4094 4091/4091/4091 4093/4093/4093
f 4092/4092/4092 4095/4095/4095 4090/4090/4090
f 4092/4092/4092 4094/4094/4094 4095/4095/4095
f 4094/4094/4094 4093/4093/4093 4096/4096/4096
f 3920/3920/3920 4096/4096/4096 4093/4093/4093
f 4094/4094/4094 4096/4096/4096 4097/4097/4097
f 4096/4096/4096 3920/3920/3920 4097/4097/4097
f 4095/4095/4095 4094/4094/4094 4097/4097/4097
f 3920/3920/3920 4098/4098/4098 4097/4097/4097
f 4097/4097/4097 4098/4098/4098 4095/4095/4095
f 4098/4098/4098 3920/3920/3920 3929/3929/3929
f 4095/4095/4095 4099/4099/4099 4090/4090/4090
f 4098/4098/4098 4099/4099/4099 4095/4095/4095
f 4090/4090/4090 4100/4100/4100 4087/4087/4087
f 4100/4100/4100 4101/4101/4101 4087/4087/4087
f 4101/4101/4101 4088/4088/4088 4087/4087/4087
f 4100/4100/4100 4090/4090/4090 4102/4102/4102
f 4090/4090/4090 4099/4099/4099 4103/4103/4103
f 4102/4102/4102 4090/4090/4090 4103/4103/4103
f 4100/4100/4100 4102/4102/4102 4104/4104/4104
f 4101/4101/4101 4100/4100/4100 4104/4104/4104
f 4101/4101/4101 4104/4104/4104 4105/4105/4105
f 4106/4106/4106 4102/4102/4102 4103/4103/4103
f 4104/4104/4104 4102/4102/4102 4106/4106/4106
f 4051/4051/4051 4099/4099/4099 4098/4098/4098
f 4103/4103/4103 4099/4099/4099 4044/4044/4044
f 4099/4099/4099 4051/4051/4051 4044/4044/4044
f 4103/4103/4103 4044/4044/4044 4107/4107/4107
f 4107/4107/4107 4106/4106/4106 4103/4103/4103
f 4044/4044/4044 4108/4108/4108 4107/4107/4107
f 4044/4044/4044 4036/4036/4036 4108/4108/4108
f 4107/4107/4107 4109/4109/4109 4106/4106/4106
f 4107/4107/4107 4108/4108/4108 4109/4109/4109
f 4104/4104/4104 4106/4106/4106 4110/4110/4110
f 4109/4109/4109 4110/4110/4110 4106/4106/4106
f 4036/4036/4036 4111/4111/4111 4108/4108/4108
f 4111/4111/4111 4109/4109/4109 4108/4108/4108
f 4111/4111/4111 4036/4036/4036 4112/4112/4112
f 4037/4037/4037 4112/4112/4112 4036/4036/4036
f 4113/4113/4113 4109/4109/4109 4111/4111/4111
f 4113/4113/4113 4111/4111/4111 4112/4112/4112
f 4113/4113/4113 4110/4110/4110 4109/4109/4109
f 4112/4112/4112 4114/4114/4114 4113/4113/4113
f 4114/4114/4114 4110/4110/4110 4113/4113/4113
f 4112/4112/4112 4037/4037/4037 4114/4114/4114
f 4110/4110/4110 4115/4115/4115 4104/4104/4104
f 4114/4114/4114 4115/4115/4115 4110/4110/4110
f 4104/4104/4104 4115/4115/4115 4105/4105/4105
f 4105/4105/4105 4115/4115/4115 4114/4114/4114
f 4037/4037/4037 4116/4116/4116 4114/4114/4114
f 4116/4116/4116 4105/4105/4105 4114/4114/4114
f 4116/4116/4116 4037/4037/4037 4117/4117/4117
f 4027/4027/4027 4117/4117/4117 4037/4037/4037
f 4117/4117/4117 4027/4027/4027 4028/4028/4028
f 4118/4118/4118 4116/4116/4116 4117/4117/4117
f 4116/4116/4116 4118/4118/4118 4105/4105/4105
f 4117/4117/4117 4028/4028/4028 4119/4119/4119
f 4118/4118/4118 4117/4117/4117 4119/4119/4119
f 4028/4028/4028 4120/4120/4120 4119/4119/4119
f 4029/4029/4029 4120/4120/4120 4028/4028/4028
f 4029/4029/4029 4121/4121/4121 4120/4120/4120
f 4119/4119/4119 4120/4120/4120 4121/4121/4121
f 4029/4029/4029 4032/4032/4032 4121/4121/4121
f 4119/4119/4119 4122/4122/4122 4118/4118/4118
f 4119/4119/4119 4121/4121/4121 4122/4122/4122
f 4123/4123/4123 4121/4121/4121 4032/4032/4032
f 3959/3959/3959 4123/4123/4123 4032/4032/4032
f 4124/4124/4124 4122/4122/4122 4121/4121/4121
f 4123/4123/4123 4124/4124/4124 4121/4121/4121
f 4123/4123/4123 3959/3959/3959 4125/4125/4125
f 4124/4124/4124 4123/4123/4123 4125/4125/4125
f 4125/4125/4125 3959/3959/3959 3934/3934/3934
f 4126/4126/4126 4122/4122/4122 4124/4124/4124
f 4122/4122/4122 4126/4126/4126 4118/4118/4118
f 4125/4125/4125 4126/4126/4126 4124/4124/4124
f 4125/4125/4125 3934/3934/3934 4127/4127/4127
f 3922/3922/3922 4127/4127/4127 3934/3934/3934
f 3922/3922/3922 3927/3927/3927 4127/4127/4127
f 4118/4118/4118 4126/4126/4126 4128/4128/4128
f 4118/4118/4118 4128/4128/4128 4105/4105/4105
f 4126/4126/4126 4125/4125/4125 4129/4129/4129
f 4129/4129/4129 4125/4125/4125 4127/4127/4127
f 4128/4128/4128 4126/4126/4126 4129/4129/4129
f 4128/4128/4128 4130/4130/4130 4105/4105/4105
f 4105/4105/4105 4130/4130/4130 4101/4101/4101
f 4129/4129/4129 4131/4131/4131 4128/4128/4128
f 4131/4131/4131 4129/4129/4129 4127/4127/4127
f 4131/4131/4131 4130/4130/4130 4128/4128/4128
f 4132/4132/4132 4127/4127/4127 3927/3927/3927
f 4132/4132/4132 4131/4131/4131 4127/4127/4127
f 4130/4130/4130 4133/4133/4133 4101/4101/4101
f 4088/4088/4088 4101/4101/4101 4133/4133/4133
f 4130/4130/4130 4131/4131/4131 4134/4134/4134
f 4134/4134/4134 4131/4131/4131 4132/4132/4132
f 4130/4130/4130 4134/4134/4134 4133/4133/4133
f 4135/4135/4135 4132/4132/4132 3927/3927/3927
f 4135/4135/4135 4134/4134/4134 4132/4132/4132
f 4085/4085/4085 4135/4135/4135 3927/3927/3927
f 4136/4136/4136 4088/4088/4088 4133/4133/4133
f 4133/4133/4133 4134/4134/4134 4136/4136/4136
f 4135/4135/4135 4136/4136/4136 4134/4134/4134
f 4085/4085/4085 4088/4088/4088 4136/4136/4136
f 4135/4135/4135 4085/4085/4085 4136/4136/4136
f 4051/4051/4051 4098/4098/4098 4137/4137/4137
f 3929/3929/3929 4137/4137/4137 4098/4098/4098
f 4137/4137/4137 4138/4138/4138 4051/4051/4051
f 4137/4137/4137 3929/3929/3929 4138/4138/4138
f 4138/4138/4138 4139/4139/4139 4051/4051/4051
f 4139/4139/4139 4053/4053/4053 4051/4051/4051
f 4139/4139/4139 4074/4074/4074 4053/4053/4053
f 4139/4139/4139 4138/4138/4138 4074/4074/4074
f 3929/3929/3929 4140/4140/4140 4138/4138/4138
f 4138/4138/4138 4140/4140/4140 4074/4074/4074
f 4140/4140/4140 3929/3929/3929 4073/4073/4073
f 4073/4073/4073 4074/4074/4074 4140/4140/4140
f 4143/4143/4143 4142/4142/4142 4141/4141/4141
f 4143/4143/4143 4141/4141/4141 4144/4144/4144
f 4142/4142/4142 4145/4145/4145 4141/4141/4141
f 4142/4142/4142 4146/4146/4146 4145/4145/4145
f 4146/4146/4146 4147/4147/4147 4145/4145/4145
f 4147/4147/4147 4146/4146/4146 4148/4148/4148
f 4149/4149/4149 4147/4147/4147 4148/4148/4148
f 4149/4149/4149 4148/4148/4148 4150/4150/4150
f 4141/4141/4141 4151/4151/4151 4144/4144/4144
f 4141/4141/4141 4145/4145/4145 4152/4152/4152
f 4141/4141/4141 4152/4152/4152 4151/4151/4151
f 4147/4147/4147 4153/4153/4153 4145/4145/4145
f 4153/4153/4153 4152/4152/4152 4145/4145/4145
f 4149/4149/4149 4154/4154/4154 4147/4147/4147
f 4154/4154/4154 4153/4153/4153 4147/4147/4147
f 4155/4155/4155 4153/4153/4153 4154/4154/4154
f 4154/4154/4154 4149/4149/4149 4156/4156/4156
f 4156/4156/4156 4149/4149/4149 4150/4150/4150
f 4155/4155/4155 4154/4154/4154 4156/4156/4156
f 4157/4157/4157 4156/4156/4156 4150/4150/4150
f 4157/4157/4157 4155/4155/4155 4156/4156/4156
f 4158/4158/4158 4157/4157/4157 4150/4150/4150
f 4157/4157/4157 4158/4158/4158 4159/4159/4159
f 4157/4157/4157 4159/4159/4159 4155/4155/4155
f 4158/4158/4158 4160/4160/4160 4159/4159/4159
f 4152/4152/4152 4153/4153/4153 4161/4161/4161
f 4152/4152/4152 4161/4161/4161 4151/4151/4151
f 4161/4161/4161 4162/4162/4162 4151/4151/4151
f 4153/4153/4153 4163/4163/4163 4161/4161/4161
f 4155/4155/4155 4163/4163/4163 4153/4153/4153
f 4162/4162/4162 4161/4161/4161 4163/4163/4163
f 4159/4159/4159 4160/4160/4160 4164/4164/4164
f 4160/4160/4160 4165/4165/4165 4164/4164/4164
f 4166/4166/4166 4164/4164/4164 4165/4165/4165
f 4159/4159/4159 4167/4167/4167 4155/4155/4155
f 4167/4167/4167 4159/4159/4159 4164/4164/4164
f 4163/4163/4163 4155/4155/4155 4168/4168/4168
f 4168/4168/4168 4162/4162/4162 4163/4163/4163
f 4155/4155/4155 4167/4167/4167 4168/4168/4168
f 4164/4164/4164 4166/4166/4166 4169/4169/4169
f 4166/4166/4166 4170/4170/4170 4169/4169/4169
f 4171/4171/4171 4167/4167/4167 4164/4164/4164
f 4171/4171/4171 4164/4164/4164 4169/4169/4169
f 4171/4171/4171 4172/4172/4172 4167/4167/4167
f 4167/4167/4167 4172/4172/4172 4168/4168/4168
f 4171/4171/4171 4169/4169/4169 4172/4172/4172
f 4173/4173/4173 4169/4169/4169 4170/4170/4170
f 4173/4173/4173 4170/4170/4170 4174/4174/4174
f 4174/4174/4174 4175/4175/4175 4173/4173/4173
f 4172/4172/4172 4176/4176/4176 4168/4168/4168
f 4168/4168/4168 4176/4176/4176 4162/4162/4162
f 4169/4169/4169 4177/4177/4177 4172/4172/4172
f 4169/4169/4169 4173/4173/4173 4177/4177/4177
f 4176/4176/4176 4172/4172/4172 4177/4177/4177
f 4173/4173/4173 4175/4175/4175 4178/4178/4178
f 4175/4175/4175 4179/4179/4179 4178/4178/4178
f 4173/4173/4173 4180/4180/4180 4177/4177/4177
f 4173/4173/4173 4178/4178/4178 4180/4180/4180
f 4181/4181/4181 4178/4178/4178 4179/4179/4179
f 4181/4181/4181 4180/4180/4180 4178/4178/4178
f 4182/4182/4182 4181/4181/4181 4179/4179/4179
f 4183/4183/4183 4176/4176/4176 4177/4177/4177
f 4183/4183/4183 4177/4177/4177 4180/4180/4180
f 4184/4184/4184 4180/4180/4180 4181/4181/4181
f 4184/4184/4184 4183/4183/4183 4180/4180/4180
f 4185/4185/4185 4181/4181/4181 4182/4182/4182
f 4185/4185/4185 4184/4184/4184 4181/4181/4181
f 4186/4186/4186 4185/4185/4185 4182/4182/4182
f 4187/4187/4187 4176/4176/4176 4183/4183/4183
f 4176/4176/4176 4187/4187/4187 4162/4162/4162
f 4188/4188/4188 4183/4183/4183 4184/4184/4184
f 4188/4188/4188 4187/4187/4187 4183/4183/4183
f 4189/4189/4189 4184/4184/4184 4185/4185/4185
f 4189/4189/4189 4188/4188/4188 4184/4184/4184
f 4190/4190/4190 4185/4185/4185 4186/4186/4186
f 4190/4190/4190 4189/4189/4189 4185/4185/4185
f 4191/4191/4191 4190/4190/4190 4186/4186/4186
f 4192/4192/4192 4190/4190/4190 4191/4191/4191
f 4192/4192/4192 4189/4189/4189 4190/4190/4190
f 4193/4193/4193 4192/4192/4192 4191/4191/4191
f 4192/4192/4192 4193/4193/4193 4194/4194/4194
f 4192/4192/4192 4194/4194/4194 4195/4195/4195
f 4189/4189/4189 4192/4192/4192 4195/4195/4195
f 4195/4195/4195 4194/4194/4194 4196/4196/4196
f 4196/4196/4196 4197/4197/4197 4195/4195/4195
f 4189/4189/4189 4195/4195/4195 4198/4198/4198
f 4197/4197/4197 4198/4198/4198 4195/4195/4195
f 4188/4188/4188 4189/4189/4189 4198/4198/4198
f 4198/4198/4198 4197/4197/4197 4199/4199/4199
f 4187/4187/4187 4188/4188/4188 4200/4200/4200
f 4188/4188/4188 4198/4198/4198 4200/4200/4200
f 4198/4198/4198 4199/4199/4199 4200/4200/4200
f 4187/4187/4187 4200/4200/4200 4162/4162/4162
f 4199/4199/4199 4201/4201/4201 4200/4200/4200
f 4202/4202/4202 4201/4201/4201 4199/4199/4199
f 4201/4201/4201 4202/4202/4202 4203/4203/4203
f 4204/4204/4204 4162/4162/4162 4200/4200/4200
f 4201/4201/4201 4204/4204/4204 4200/4200/4200
f 4201/4201/4201 4203/4203/4203 4204/4204/4204
f 4162/4162/4162 4204/4204/4204 4151/4151/4151
f 4204/4204/4204 4203/4203/4203 4144/4144/4144
f 4204/4204/4204 4144/4144/4144 4151/4151/4151
f 4207/4207/4207 4206/4206/4206 4205/4205/4205
f 4208/4208/4208 4207/4207/4207 4205/4205/4205
f 4207/4207/4207 4209/4209/4209 4206/4206/4206
f 4208/4208/4208 4205/4205/4205 4210/4210/4210
f 4211/4211/4211 4208/4208/4208 4210/4210/4210
f 4209/4209/4209 4212/4212/4212 4206/4206/4206
f 4209/4209/4209 4213/4213/4213 4212/4212/4212
f 4211/4211/4211 4210/4210/4210 4214/4214/4214
f 4215/4215/4215 4211/4211/4211 4214/4214/4214
f 4213/4213/4213 4216/4216/4216 4212/4212/4212
f 4213/4213/4213 4217/4217/4217 4216/4216/4216
f 4215/4215/4215 4214/4214/4214 4218/4218/4218
f 4219/4219/4219 4215/4215/4215 4218/4218/4218
f 4217/4217/4217 4220/4220/4220 4216/4216/4216
f 4217/4217/4217 4221/4221/4221 4220/4220/4220
f 4219/4219/4219 4218/4218/4218 4222/4222/4222
f 4223/4223/4223 4219/4219/4219 4222/4222/4222
f 4221/4221/4221 4224/4224/4224 4220/4220/4220
f 4221/4221/4221 4225/4225/4225 4224/4224/4224
f 4223/4223/4223 4222/4222/4222 4226/4226/4226
f 4227/4227/4227 4223/4223/4223 4226/4226/4226
f 4225/4225/4225 4228/4228/4228 4224/4224/4224
f 4225/4225/4225 4229/4229/4229 4228/4228/4228
f 4227/4227/4227 4226/4226/4226 4230/4230/4230
f 4231/4231/4231 4227/4227/4227 4230/4230/4230
f 4229/4229/4229 4232/4232/4232 4228/4228/4228
f 4229/4229/4229 4233/4233/4233 4232/4232/4232
f 4231/4231/4231 4230/4230/4230 4234/4234/4234
f 4235/4235/4235 4231/4231/4231 4234/4234/4234
f 4233/4233/4233 4235/4235/4235 4236/4236/4236
f 4233/4233/4233 4236/4236/4236 4232/4232/4232
f 4235/4235/4235 4234/4234/4234 4236/4236/4236
f 4226/4226/4226 4222/4222/4222 4237/4237/4237
f 4230/4230/4230 4226/4226/4226 4238/4238/4238
f 4226/4226/4226 4237/4237/4237 4238/4238/4238
f 4234/4234/4234 4230/4230/4230 4239/4239/4239
f 4230/4230/4230 4238/4238/4238 4239/4239/4239
f 4236/4236/4236 4234/4234/4234 4240/4240/4240
f 4234/4234/4234 4239/4239/4239 4240/4240/4240
f 4232/4232/4232 4236/4236/4236 4241/4241/4241
f 4236/4236/4236 4240/4240/4240 4241/4241/4241
f 4228/4228/4228 4232/4232/4232 4242/4242/4242
f 4232/4232/4232 4241/4241/4241 4242/4242/4242
f 4222/4222/4222 4243/4243/4243 4237/4237/4237
f 4222/4222/4222 4218/4218/4218 4243/4243/4243
f 4228/4228/4228 4242/4242/4242 4244/4244/4244
f 4224/4224/4224 4228/4228/4228 4244/4244/4244
f 4218/4218/4218 4245/4245/4245 4243/4243/4243
f 4218/4218/4218 4214/4214/4214 4245/4245/4245
f 4224/4224/4224 4244/4244/4244 4246/4246/4246
f 4220/4220/4220 4224/4224/4224 4246/4246/4246
f 4214/4214/4214 4247/4247/4247 4245/4245/4245
f 4214/4214/4214 4210/4210/4210 4247/4247/4247
f 4220/4220/4220 4246/4246/4246 4248/4248/4248
f 4216/4216/4216 4220/4220/4220 4248/4248/4248
f 4210/4210/4210 4249/4249/4249 4247/4247/4247
f 4210/4210/4210 4205/4205/4205 4249/4249/4249
f 4216/4216/4216 4248/4248/4248 4250/4250/4250
f 4212/4212/4212 4216/4216/4216 4250/4250/4250
f 4205/4205/4205 4251/4251/4251 4249/4249/4249
f 4205/4205/4205 4206/4206/4206 4251/4251/4251
f 4206/4206/4206 4212/4212/4212 4252/4252/4252
f 4212/4212/4212 4250/4250/4250 4252/4252/4252
f 4206/4206/4206 4252/4252/4252 4251/4251/4251
f 4245/4245/4245 4247/4247/4247 4253/4253/4253
f 4247/4247/4247 4249/4249/4249 4254/4254/4254
f 4247/4247/4247 4254/4254/4254 4253/4253/4253
f 4249/4249/4249 4251/4251/4251 4255/4255/4255
f 4249/4249/4249 4255/4255/4255 4254/4254/4254
f 4251/4251/4251 4252/4252/4252 4256/4256/4256
f 4251/4251/4251 4256/4256/4256 4255/4255/4255
f 4252/4252/4252 4250/4250/4250 4257/4257/4257
f 4252/4252/4252 4257/4257/4257 4256/4256/4256
f 4250/4250/4250 4248/4248/4248 4258/4258/4258
f 4250/4250/4250 4258/4258/4258 4257/4257/4257
f 4245/4245/4245 4253/4253/4253 4259/4259/4259
f 4243/4243/4243 4245/4245/4245 4259/4259/4259
f 4248/4248/4248 4260/4260/4260 4258/4258/4258
f 4248/4248/4248 4246/4246/4246 4260/4260/4260
f 4243/4243/4243 4259/4259/4259 4261/4261/4261
f 4237/4237/4237 4243/4243/4243 4261/4261/4261
f 4246/4246/4246 4262/4262/4262 4260/4260/4260
f 4246/4246/4246 4244/4244/4244 4262/4262/4262
f 4237/4237/4237 4261/4261/4261 4263/4263/4263
f 4238/4238/4238 4237/4237/4237 4263/4263/4263
f 4244/4244/4244 4264/4264/4264 4262/4262/4262
f 4244/4244/4244 4242/4242/4242 4264/4264/4264
f 4238/4238/4238 4263/4263/4263 4265/4265/4265
f 4239/4239/4239 4238/4238/4238 4265/4265/4265
f 4242/4242/4242 4266/4266/4266 4264/4264/4264
f 4242/4242/4242 4241/4241/4241 4266/4266/4266
f 4239/4239/4239 4265/4265/4265 4267/4267/4267
f 4240/4240/4240 4239/4239/4239 4267/4267/4267
f 4241/4241/4241 4240/4240/4240 4268/4268/4268
f 4241/4241/4241 4268/4268/4268 4266/4266/4266
f 4240/4240/4240 4267/4267/4267 4268/4268/4268
f 4263/4263/4263 4261/4261/4261 4269/4269/4269
f 4265/4265/4265 4263/4263/4263 4270/4270/4270
f 4263/4263/4263 4269/4269/4269 4270/4270/4270
f 4270/4270/4270 4269/4269/4269 4271/4271/4271
f 4261/4261/4261 4272/4272/4272 4269/4269/4269
f 4269/4269/4269 4272/4272/4272 4271/4271/4271
f 4261/4261/4261 4259/4259/4259 4272/4272/4272
f 4259/4259/4259 4273/4273/4273 4272/4272/4272
f 4272/4272/4272 4273/4273/4273 4271/4271/4271
f 4259/4259/4259 4253/4253/4253 4273/4273/4273
f 4267/4267/4267 4265/4265/4265 4274/4274/4274
f 4265/4265/4265 4270/4270/4270 4274/4274/4274
f 4268/4268/4268 4267/4267/4267 4275/4275/4275
f 4267/4267/4267 4274/4274/4274 4275/4275/4275
f 4274/4274/4274 4270/4270/4270 4276/4276/4276
f 4270/4270/4270 4271/4271/4271 4276/4276/4276
f 4275/4275/4275 4274/4274/4274 4276/4276/4276
f 4253/4253/4253 4277/4277/4277 4273/4273/4273
f 4253/4253/4253 4254/4254/4254 4277/4277/4277
f 4268/4268/4268 4275/4275/4275 4278/4278/4278
f 4266/4266/4266 4268/4268/4268 4278/4278/4278
f 4273/4273/4273 4277/4277/4277 4279/4279/4279
f 4273/4273/4273 4279/4279/4279 4271/4271/4271
f 4254/4254/4254 4280/4280/4280 4277/4277/4277
f 4277/4277/4277 4280/4280/4280 4279/4279/4279
f 4254/4254/4254 4255/4255/4255 4280/4280/4280
f 4255/4255/4255 4281/4281/4281 4280/4280/4280
f 4255/4255/4255 4256/4256/4256 4281/4281/4281
f 4275/4275/4275 4276/4276/4276 4282/4282/4282
f 4278/4278/4278 4275/4275/4275 4282/4282/4282
f 4266/4266/4266 4278/4278/4278 4283/4283/4283
f 4264/4264/4264 4266/4266/4266 4283/4283/4283
f 4283/4283/4283 4278/4278/4278 4284/4284/4284
f 4278/4278/4278 4282/4282/4282 4284/4284/4284
f 4264/4264/4264 4283/4283/4283 4285/4285/4285
f 4285/4285/4285 4283/4283/4283 4284/4284/4284
f 4262/4262/4262 4264/4264/4264 4285/4285/4285
f 4262/4262/4262 4285/4285/4285 4286/4286/4286
f 4260/4260/4260 4262/4262/4262 4286/4286/4286
f 4286/4286/4286 4285/4285/4285 4287/4287/4287
f 4285/4285/4285 4284/4284/4284 4287/4287/4287
f 4260/4260/4260 4286/4286/4286 4288/4288/4288
f 4288/4288/4288 4286/4286/4286 4287/4287/4287
f 4288/4288/4288 4287/4287/4287 4289/4289/4289
f 4258/4258/4258 4260/4260/4260 4288/4288/4288
f 4258/4258/4258 4288/4288/4288 4290/4290/4290
f 4290/4290/4290 4288/4288/4288 4289/4289/4289
f 4257/4257/4257 4258/4258/4258 4290/4290/4290
f 4257/4257/4257 4290/4290/4290 4291/4291/4291
f 4291/4291/4291 4290/4290/4290 4289/4289/4289
f 4256/4256/4256 4257/4257/4257 4291/4291/4291
f 4256/4256/4256 4291/4291/4291 4281/4281/4281
f 4281/4281/4281 4291/4291/4291 4289/4289/4289
f 4281/4281/4281 4289/4289/4289 4292/4292/4292
f 4280/4280/4280 4281/4281/4281 4292/4292/4292
f 4280/4280/4280 4292/4292/4292 4279/4279/4279
f 4287/4287/4287 4284/4284/4284 4293/4293/4293
f 4289/4289/4289 4287/4287/4287 4294/4294/4294
f 4287/4287/4287 4293/4293/4293 4294/4294/4294
f 4294/4294/4294 4293/4293/4293 4295/4295/4295
f 4284/4284/4284 4296/4296/4296 4293/4293/4293
f 4293/4293/4293 4296/4296/4296 4295/4295/4295
f 4284/4284/4284 4282/4282/4282 4296/4296/4296
f 4289/4289/4289 4294/4294/4294 4297/4297/4297
f 4292/4292/4292 4289/4289/4289 4297/4297/4297
f 4297/4297/4297 4294/4294/4294 4295/4295/4295
f 4282/4282/4282 4298/4298/4298 4296/4296/4296
f 4296/4296/4296 4298/4298/4298 4295/4295/4295
f 4282/4282/4282 4276/4276/4276 4298/4298/4298
f 4292/4292/4292 4297/4297/4297 4299/4299/4299
f 4279/4279/4279 4292/4292/4292 4299/4299/4299
f 4299/4299/4299 4297/4297/4297 4295/4295/4295
f 4276/4276/4276 4300/4300/4300 4298/4298/4298
f 4298/4298/4298 4300/4300/4300 4295/4295/4295
f 4276/4276/4276 4271/4271/4271 4300/4300/4300
f 4279/4279/4279 4299/4299/4299 4301/4301/4301
f 4301/4301/4301 4299/4299/4299 4295/4295/4295
f 4300/4300/4300 4301/4301/4301 4295/4295/4295
f 4271/4271/4271 4279/4279/4279 4301/4301/4301
f 4271/4271/4271 4301/4301/4301 4300/4300/4300
f 4304/4304/4304 4303/4303/4303 4302/4302/4302
f 4305/4305/4305 4304/4304/4304 4302/4302/4302
f 4306/4306/4306 4304/4304/4304 4305/4305/4305
f 4302/4302/4302 4303/4303/4303 4307/4307/4307
f 4303/4303/4303 4308/4308/4308 4307/4307/4307
f 4309/4309/4309 4306/4306/4306 4305/4305/4305
f 4310/4310/4310 4306/4306/4306 4309/4309/4309
f 4307/4307/4307 4308/4308/4308 4311/4311/4311
f 4308/4308/4308 4312/4312/4312 4311/4311/4311
f 4313/4313/4313 4310/4310/4310 4309/4309/4309
f 4314/4314/4314 4310/4310/4310 4313/4313/4313
f 4311/4311/4311 4312/4312/4312 4315/4315/4315
f 4312/4312/4312 4316/4316/4316 4315/4315/4315
f 4317/4317/4317 4314/4314/4314 4313/4313/4313
f 4318/4318/4318 4314/4314/4314 4317/4317/4317
f 4315/4315/4315 4316/4316/4316 4319/4319/4319
f 4316/4316/4316 4320/4320/4320 4319/4319/4319
f 4321/4321/4321 4318/4318/4318 4317/4317/4317
f 4322/4322/4322 4318/4318/4318 4321/4321/4321
f 4319/4319/4319 4320/4320/4320 4323/4323/4323
f 4320/4320/4320 4324/4324/4324 4323/4323/4323
f 4325/4325/4325 4322/4322/4322 4321/4321/4321
f 4326/4326/4326 4322/4322/4322 4325/4325/4325
f 4323/4323/4323 4324/4324/4324 4327/4327/4327
f 4324/4324/4324 4328/4328/4328 4327/4327/4327
f 4329/4329/4329 4326/4326/4326 4325/4325/4325
f 4330/4330/4330 4326/4326/4326 4329/4329/4329
f 4327/4327/4327 4328/4328/4328 4331/4331/4331
f 4328/4328/4328 4332/4332/4332 4331/4331/4331
f 4332/4332/4332 4330/4330/4330 4333/4333/4333
f 4333/4333/4333 4330/4330/4330 4329/4329/4329
f 4331/4331/4331 4332/4332/4332 4333/4333/4333
f 4319/4319/4319 4323/4323/4323 4334/4334/4334
f 4323/4323/4323 4327/4327/4327 4335/4335/4335
f 4334/4334/4334 4323/4323/4323 4335/4335/4335
f 4327/4327/4327 4331/4331/4331 4336/4336/4336
f 4335/4335/4335 4327/4327/4327 4336/4336/4336
f 4331/4331/4331 4333/4333/4333 4337/4337/4337
f 4336/4336/4336 4331/4331/4331 4337/4337/4337
f 4333/4333/4333 4329/4329/4329 4338/4338/4338
f 4337/4337/4337 4333/4333/4333 4338/4338/4338
f 4329/4329/4329 4325/4325/4325 4339/4339/4339
f 4338/4338/4338 4329/4329/4329 4339/4339/4339
f 4340/4340/4340 4319/4319/4319 4334/4334/4334
f 4315/4315/4315 4319/4319/4319 4340/4340/4340
f 4339/4339/4339 4325/4325/4325 4341/4341/4341
f 4325/4325/4325 4321/4321/4321 4341/4341/4341
f 4342/4342/4342 4315/4315/4315 4340/4340/4340
f 4311/4311/4311 4315/4315/4315 4342/4342/4342
f 4341/4341/4341 4321/4321/4321 4343/4343/4343
f 4321/4321/4321 4317/4317/4317 4343/4343/4343
f 4344/4344/4344 4311/4311/4311 4342/4342/4342
f 4307/4307/4307 4311/4311/4311 4344/4344/4344
f 4343/4343/4343 4317/4317/4317 4345/4345/4345
f 4317/4317/4317 4313/4313/4313 4345/4345/4345
f 4346/4346/4346 4307/4307/4307 4344/4344/4344
f 4302/4302/4302 4307/4307/4307 4346/4346/4346
f 4345/4345/4345 4313/4313/4313 4347/4347/4347
f 4313/4313/4313 4309/4309/4309 4347/4347/4347
f 4348/4348/4348 4302/4302/4302 4346/4346/4346
f 4305/4305/4305 4302/4302/4302 4348/4348/4348
f 4309/4309/4309 4305/4305/4305 4349/4349/4349
f 4347/4347/4347 4309/4309/4309 4349/4349/4349
f 4349/4349/4349 4305/4305/4305 4348/4348/4348
f 4344/4344/4344 4342/4342/4342 4350/4350/4350
f 4346/4346/4346 4344/4344/4344 4351/4351/4351
f 4351/4351/4351 4344/4344/4344 4350/4350/4350
f 4348/4348/4348 4346/4346/4346 4352/4352/4352
f 4352/4352/4352 4346/4346/4346 4351/4351/4351
f 4349/4349/4349 4348/4348/4348 4353/4353/4353
f 4353/4353/4353 4348/4348/4348 4352/4352/4352
f 4347/4347/4347 4349/4349/4349 4354/4354/4354
f 4354/4354/4354 4349/4349/4349 4353/4353/4353
f 4345/4345/4345 4347/4347/4347 4355/4355/4355
f 4355/4355/4355 4347/4347/4347 4354/4354/4354
f 4350/4350/4350 4342/4342/4342 4356/4356/4356
f 4342/4342/4342 4340/4340/4340 4356/4356/4356
f 4357/4357/4357 4345/4345/4345 4355/4355/4355
f 4343/4343/4343 4345/4345/4345 4357/4357/4357
f 4356/4356/4356 4340/4340/4340 4358/4358/4358
f 4340/4340/4340 4334/4334/4334 4358/4358/4358
f 4359/4359/4359 4343/4343/4343 4357/4357/4357
f 4341/4341/4341 4343/4343/4343 4359/4359/4359
f 4358/4358/4358 4334/4334/4334 4360/4360/4360
f 4334/4334/4334 4335/4335/4335 4360/4360/4360
f 4361/4361/4361 4341/4341/4341 4359/4359/4359
f 4339/4339/4339 4341/4341/4341 4361/4361/4361
f 4360/4360/4360 4335/4335/4335 4362/4362/4362
f 4335/4335/4335 4336/4336/4336 4362/4362/4362
f 4363/4363/4363 4339/4339/4339 4361/4361/4361
f 4338/4338/4338 4339/4339/4339 4363/4363/4363
f 4362/4362/4362 4336/4336/4336 4364/4364/4364
f 4336/4336/4336 4337/4337/4337 4364/4364/4364
f 4337/4337/4337 4338/4338/4338 4365/4365/4365
f 4365/4365/4365 4338/4338/4338 4363/4363/4363
f 4364/4364/4364 4337/4337/4337 4365/4365/4365
f 4358/4358/4358 4360/4360/4360 4366/4366/4366
f 4360/4360/4360 4362/4362/4362 4367/4367/4367
f 4366/4366/4366 4360/4360/4360 4367/4367/4367
f 4368/4368/4368 4366/4366/4366 4367/4367/4367
f 4369/4369/4369 4358/4358/4358 4366/4366/4366
f 4369/4369/4369 4366/4366/4366 4368/4368/4368
f 4356/4356/4356 4358/4358/4358 4369/4369/4369
f 4370/4370/4370 4356/4356/4356 4369/4369/4369
f 4370/4370/4370 4369/4369/4369 4368/4368/4368
f 4350/4350/4350 4356/4356/4356 4370/4370/4370
f 4362/4362/4362 4364/4364/4364 4371/4371/4371
f 4367/4367/4367 4362/4362/4362 4371/4371/4371
f 4364/4364/4364 4365/4365/4365 4372/4372/4372
f 4371/4371/4371 4364/4364/4364 4372/4372/4372
f 4367/4367/4367 4371/4371/4371 4373/4373/4373
f 4368/4368/4368 4367/4367/4367 4373/4373/4373
f 4373/4373/4373 4371/4371/4371 4372/4372/4372
f 4374/4374/4374 4350/4350/4350 4370/4370/4370
f 4351/4351/4351 4350/4350/4350 4374/4374/4374
f 4372/4372/4372 4365/4365/4365 4375/4375/4375
f 4365/4365/4365 4363/4363/4363 4375/4375/4375
f 4374/4374/4374 4370/4370/4370 4376/4376/4376
f 4376/4376/4376 4370/4370/4370 4368/4368/4368
f 4377/4377/4377 4351/4351/4351 4374/4374/4374
f 4377/4377/4377 4374/4374/4374 4376/4376/4376
f 4352/4352/4352 4351/4351/4351 4377/4377/4377
f 4378/4378/4378 4352/4352/4352 4377/4377/4377
f 4353/4353/4353 4352/4352/4352 4378/4378/4378
f 4373/4373/4373 4372/4372/4372 4379/4379/4379
f 4372/4372/4372 4375/4375/4375 4379/4379/4379
f 4375/4375/4375 4363/4363/4363 4380/4380/4380
f 4363/4363/4363 4361/4361/4361 4380/4380/4380
f 4375/4375/4375 4380/4380/4380 4381/4381/4381
f 4379/4379/4379 4375/4375/4375 4381/4381/4381
f 4380/4380/4380 4361/4361/4361 4382/4382/4382
f 4380/4380/4380 4382/4382/4382 4381/4381/4381
f 4361/4361/4361 4359/4359/4359 4382/4382/4382
f 4382/4382/4382 4359/4359/4359 4383/4383/4383
f 4359/4359/4359 4357/4357/4357 4383/4383/4383
f 4382/4382/4382 4383/4383/4383 4384/4384/4384
f 4381/4381/4381 4382/4382/4382 4384/4384/4384
f 4383/4383/4383 4357/4357/4357 4385/4385/4385
f 4383/4383/4383 4385/4385/4385 4384/4384/4384
f 4384/4384/4384 4385/4385/4385 4386/4386/4386
f 4357/4357/4357 4355/4355/4355 4385/4385/4385
f 4385/4385/4385 4355/4355/4355 4387/4387/4387
f 4385/4385/4385 4387/4387/4387 4386/4386/4386
f 4355/4355/4355 4354/4354/4354 4387/4387/4387
f 4387/4387/4387 4354/4354/4354 4388/4388/4388
f 4387/4387/4387 4388/4388/4388 4386/4386/4386
f 4354/4354/4354 4353/4353/4353 4388/4388/4388
f 4388/4388/4388 4353/4353/4353 4378/4378/4378
f 4386/4386/4386 4388/4388/4388 4378/4378/4378
f 4386/4386/4386 4378/4378/4378 4389/4389/4389
f 4378/4378/4378 4377/4377/4377 4389/4389/4389
f 4389/4389/4389 4377/4377/4377 4376/4376/4376
f 4381/4381/4381 4384/4384/4384 4390/4390/4390
f 4384/4384/4384 4386/4386/4386 4391/4391/4391
f 4390/4390/4390 4384/4384/4384 4391/4391/4391
f 4390/4390/4390 4391/4391/4391 4392/4392/4392
f 4393/4393/4393 4381/4381/4381 4390/4390/4390
f 4393/4393/4393 4390/4390/4390 4392/4392/4392
f 4379/4379/4379 4381/4381/4381 4393/4393/4393
f 4391/4391/4391 4386/4386/4386 4394/4394/4394
f 4386/4386/4386 4389/4389/4389 4394/4394/4394
f 4391/4391/4391 4394/4394/4394 4392/4392/4392
f 4395/4395/4395 4379/4379/4379 4393/4393/4393
f 4395/4395/4395 4393/4393/4393 4392/4392/4392
f 4373/4373/4373 4379/4379/4379 4395/4395/4395
f 4394/4394/4394 4389/4389/4389 4396/4396/4396
f 4389/4389/4389 4376/4376/4376 4396/4396/4396
f 4394/4394/4394 4396/4396/4396 4392/4392/4392
f 4397/4397/4397 4373/4373/4373 4395/4395/4395
f 4397/4397/4397 4395/4395/4395 4392/4392/4392
f 4368/4368/4368 4373/4373/4373 4397/4397/4397
f 4396/4396/4396 4376/4376/4376 4398/4398/4398
f 4396/4396/4396 4398/4398/4398 4392/4392/4392
f 4398/4398/4398 4397/4397/4397 4392/4392/4392
f 4376/4376/4376 4368/4368/4368 4398/4398/4398
f 4398/4398/4398 4368/4368/4368 4397/4397/4397
f 4401/4401/4401 4400/4400/4400 4399/4399/4399
f 4400/4400/4400 4402/4402/4402 4399/4399/4399
f 4399/4399/4399 4402/4402/4402 4403/4403/4403
f 4404/4404/4404 4400/4400/4400 4401/4401/4401
f 4405/4405/4405 4404/4404/4404 4401/4401/4401
f 4400/4400/4400 4404/4404/4404 4406/4406/4406
f 4404/4404/4404 4405/4405/4405 4406/4406/4406
f 4402/4402/4402 4400/4400/4400 4406/4406/4406
f 4405/4405/4405 4407/4407/4407 4406/4406/4406
f 4402/4402/4402 4408/4408/4408 4403/4403/4403
f 4408/4408/4408 4402/4402/4402 4406/4406/4406
f 4403/4403/4403 4408/4408/4408 4409/4409/4409
f 4408/4408/4408 4410/4410/4410 4409/4409/4409
f 4410/4410/4410 4408/4408/4408 4406/4406/4406
f 4409/4409/4409 4410/4410/4410 4411/4411/4411
f 4410/4410/4410 4412/4412/4412 4411/4411/4411
f 4412/4412/4412 4410/4410/4410 4406/4406/4406
f 4411/4411/4411 4412/4412/4412 4413/4413/4413
f 4412/4412/4412 4414/4414/4414 4413/4413/4413
f 4414/4414/4414 4412/4412/4412 4406/4406/4406
f 4413/4413/4413 4414/4414/4414 4415/4415/4415
f 4414/4414/4414 4416/4416/4416 4415/4415/4415
f 4416/4416/4416 4414/4414/4414 4406/4406/4406
f 4415/4415/4415 4416/4416/4416 4417/4417/4417
f 4418/4418/4418 4406/4406/4406 4407/4407/4407
f 4417/4417/4417 4418/4418/4418 4407/4407/4407
f 4418/4418/4418 4416/4416/4416 4406/4406/4406
f 4416/4416/4416 4418/4418/4418 4417/4417/4417
