g O_env_danyaoxiang_01
v -0.357798785 0.460823715 0.311184883
v -0.308688015 0.495025128 0.327211231
v -0.308683246 0.480026126 0.312043399
v -0.367093265 0.470855802 0.327134132
v -0.376313627 0.412480205 0.311193645
v -0.308678925 0.51300931 0.298239768
v -0.391284227 0.412470579 0.327101171
v -0.356586337 0.36597091 0.311167598
v -0.379784256 0.483562529 0.298148274
v -0.308677226 0.519247711 0.292840511
v -0.367098302 0.354090959 0.327134818
v -0.308682948 0.344872117 0.311079741
v -0.308688045 0.32990703 0.327200174
v -0.384194762 0.48797366 0.29280147
v -0.308672041 0.519247651 0.276341051
v -0.40923056 0.412471324 0.298110902
v -0.379784256 0.34138003 0.29814887
v -0.308678895 0.31193316 0.298240334
v -0.384158492 0.48797369 0.27630192
v -0.308670372 0.513009369 0.270941794
v -0.415467948 0.412471324 0.292785287
v -0.384196013 0.336968869 0.292802036
v -0.308677197 0.305694818 0.292840749
v -0.415433496 0.412471324 0.276286125
v -0.384158492 0.336968869 0.276301891
v -0.308672041 0.305694878 0.276340991
v -0.379748791 0.483562469 0.27085045
v -0.379748791 0.34137997 0.27085039
v -0.308670372 0.31193319 0.270941734
v -0.308556765 0.311933309 -0.0907823145
v -0.409195811 0.412471324 0.270811826
v -0.379283667 0.483562618 -0.0908734351
v -0.308556765 0.513009489 -0.09078224
v -0.308547735 0.498474032 -0.119485967
v -0.3689695 0.473284423 -0.119563773
v -0.408731848 0.412471473 -0.09091077
v -0.394159615 0.412471473 -0.119596079
v -0.379283667 0.341380179 -0.0908734798
v -0.3689695 0.351658344 -0.119563818
v -0.308547735 0.326468796 -0.119486026
v -0.357798785 0.460823715 0.311184883
v -0.308683246 0.480026126 0.312043399
v -0.308689028 0.476763934 0.330525756
v -0.353908569 0.457555026 0.330474675
v -0.376313627 0.412480205 0.311193645
v -0.348551214 0.451724112 0.335994482
v -0.308690846 0.469708264 0.33604005
v -0.308692515 0.476764053 0.34155491
v -0.373026788 0.412471265 0.33044365
v -0.356586337 0.36597091 0.311167598
v -0.354210049 0.457933098 0.341497064
v -0.308704168 0.459878832 0.378575355
v -0.365978688 0.412471265 0.335966945
v -0.352056623 0.369909048 0.330475181
v -0.308682948 0.344872117 0.311079741
v -0.308689028 0.348178506 0.330525726
v -0.308690846 0.355234146 0.33604002
v -0.347116202 0.374208212 0.335987359
v -0.342317432 0.445993811 0.378531337
v -0.308705091 0.445436746 0.381624639
v -0.373040617 0.412471324 0.341472536
v -0.354210049 0.367009372 0.341497034
v -0.308692515 0.348178566 0.34155488
v -0.356203467 0.412471294 0.378513873
v -0.342317432 0.378948987 0.378531307
v -0.308704168 0.365063787 0.378575325
v -0.332108438 0.435782105 0.381594598
v -0.341765374 0.412471324 0.38158226
v -0.332108438 0.389160693 0.381594568
v -0.308705091 0.379505813 0.381624609
v -0.308701158 0.384901583 0.369041711
v -0.327634007 0.392946899 0.369035751
v -0.308701158 0.412471175 0.36902678
v -0.336353332 0.412471324 0.369033009
v -0.328552246 0.431992918 0.369035482
v -0.308701158 0.440041065 0.369041741
v -0.259567201 0.460823685 0.311215669
v -0.308683246 0.480026126 0.312043399
v -0.308688015 0.495025128 0.327211231
v -0.250282764 0.470855802 0.327170819
v -0.241052344 0.412480175 0.311236143
v -0.308678925 0.51300931 0.298239768
v -0.226091787 0.412470579 0.327153057
v -0.260779649 0.36597088 0.311197639
v -0.237573609 0.483562529 0.298192948
v -0.308677226 0.519247711 0.292840511
v -0.233159661 0.48797366 0.292848885
v -0.308672041 0.519247651 0.276341051
v -0.250277698 0.354090959 0.327171445
v -0.208127171 0.412471294 0.298174053
v -0.20188646 0.412471324 0.292852312
v -0.233185619 0.48797369 0.276349276
v -0.308688045 0.32990703 0.327200174
v -0.308682948 0.344872117 0.311079741
v -0.237573594 0.34138003 0.298193544
v -0.308678895 0.31193316 0.298240334
v -0.233158454 0.336968869 0.292849541
v -0.308677197 0.305694818 0.292840749
v -0.233185634 0.336968869 0.276349247
v -0.308672041 0.305694878 0.276340991
v -0.237591878 0.483562469 0.270895034
v -0.308670372 0.513009369 0.270941794
v -0.2019106 0.412471324 0.27635321
v -0.208144829 0.412471324 0.270874947
v -0.237591892 0.34137997 0.270894974
v -0.308670372 0.31193319 0.270941734
v -0.308556765 0.311933309 -0.0907823145
v -0.237829834 0.483562618 -0.0908289775
v -0.308556765 0.513009489 -0.09078224
v -0.308547735 0.498474032 -0.119485967
v -0.248125985 0.473284423 -0.119525865
v -0.208381608 0.412471473 -0.0908478424
v -0.222935811 0.412471473 -0.119542249
v -0.237829849 0.341380179 -0.0908290222
v -0.248126 0.351658344 -0.119525909
v -0.308547735 0.326468796 -0.119486026
v -0.308689028 0.476763934 0.330525756
v -0.308683246 0.480026126 0.312043399
v -0.259567201 0.460823685 0.311215669
v -0.263469577 0.457555026 0.330503076
v -0.241052344 0.412480175 0.311236143
v -0.268830329 0.451724112 0.336019605
v -0.308690846 0.469708264 0.33604005
v -0.308692515 0.476764053 0.34155491
v -0.244351283 0.412471265 0.330484062
v -0.260779649 0.36597088 0.311197639
v -0.265321404 0.369909048 0.330502421
v -0.308682948 0.344872117 0.311079741
v -0.308689028 0.348178506 0.330525726
v -0.270265341 0.374208212 0.336011499
v -0.308690846 0.355234146 0.33604002
v -0.251402855 0.412471265 0.336002916
v -0.263174951 0.457933098 0.341525584
v -0.263174951 0.367009372 0.341525555
v -0.308692515 0.348178566 0.34155488
v -0.308704168 0.365063787 0.378575325
v -0.244344354 0.412471324 0.341512889
v -0.275090843 0.445993811 0.378552467
v -0.308704168 0.459878832 0.378575355
v -0.308705091 0.445436746 0.381624639
v -0.275090843 0.378948987 0.378552437
v -0.26120472 0.412471294 0.378543675
v -0.285301805 0.435782105 0.381609231
v -0.285301805 0.389160693 0.381609201
v -0.308705091 0.379505813 0.381624609
v -0.308701158 0.384901583 0.369041711
v -0.275644839 0.412471324 0.381602973
v -0.289768249 0.392946899 0.369047642
v -0.308701158 0.412471175 0.36902678
v -0.281048954 0.412471324 0.369050384
v -0.288850009 0.431992918 0.369048029
v -0.308701158 0.440041065 0.369041741
v -0.335673034 0.404556155 0.480776459
v -0.33564499 0.404556215 0.391484439
v -0.223958969 0.399900854 0.391519576
v -0.223986983 0.399900824 0.480811536
v -0.336623728 0.38191998 0.503492117
v -0.224937677 0.377264619 0.503527224
v -0.34245646 0.241987437 0.503490388
v -0.230770409 0.237332106 0.503525376
v -0.343392819 0.219351292 0.480774015
v -0.231706798 0.21469593 0.480809003
v -0.343364805 0.219351321 0.391481996
v -0.231678754 0.214695975 0.391517043
v -0.223986983 0.399900824 0.480811536
v -0.223958969 0.399900854 0.391519576
v -0.231678754 0.214695975 0.391517043
v -0.231706798 0.21469593 0.480809003
v -0.230770409 0.237332106 0.503525376
v -0.224937677 0.377264619 0.503527224
v -0.343364805 0.219351321 0.391481996
v -0.33564499 0.404556215 0.391484439
v -0.335673034 0.404556155 0.480776459
v -0.343392819 0.219351292 0.480774015
v -0.34245646 0.241987437 0.503490388
v -0.336623728 0.38191998 0.503492117
v -0.343364805 0.219351321 0.391481996
v -0.231678754 0.214695975 0.391517043
v -0.223958969 0.399900854 0.391519576
v -0.33564499 0.404556215 0.391484439
v -0.52162075 0.495396316 0.392674685
v -0.602058113 0.495396316 0.392649323
v -0.601810873 0.495396554 -0.394461423
v -0.52137363 0.495396554 -0.394436181
v -0.602058113 0.0868613869 0.392649204
v -0.601810873 0.0868616626 -0.394461542
v -0.601810873 0.495396554 -0.394461423
v -0.602058113 0.495396316 0.392649323
v -0.552227616 0.0868613869 0.384220749
v -0.552227616 0.497782707 0.384220898
v -0.633235157 0.497782707 0.384195447
v -0.633235157 0.0868613943 0.384195298
v -0.63326335 0.0868613645 0.473768413
v -0.63326335 0.497782677 0.473768562
v -0.55225569 0.0868613571 0.473793894
v -0.55225569 0.497782677 0.473794043
v -0.552227616 0.0868613869 0.384220749
v -0.552227616 0.497782707 0.384220898
v -0.552227616 0.497782707 0.384220898
v -0.55225569 0.497782677 0.473794043
v -0.63326335 0.497782677 0.473768562
v -0.633235157 0.497782707 0.384195447
v -0.551985681 0.0868616551 -0.386001706
v -0.63299334 0.497782946 -0.386027068
v -0.551985681 0.497782946 -0.386001557
v -0.63299334 0.0868616626 -0.386027217
v -0.632966459 0.497782975 -0.471582115
v -0.632966459 0.0868616849 -0.471582264
v -0.551958978 0.0868616849 -0.471556872
v -0.551958978 0.497782975 -0.471556723
v -0.551985681 0.497782946 -0.386001557
v -0.551985681 0.0868616551 -0.386001706
v -0.551958978 0.497782975 -0.471556723
v -0.551985681 0.497782946 -0.386001557
v -0.63299334 0.497782946 -0.386027068
v -0.632966459 0.497782975 -0.471582115
v -0.52137363 0.0868616626 -0.3944363
v -0.52162075 0.0868613794 0.392674565
v -0.52162075 0.495396316 0.392674685
v -0.52137363 0.495396554 -0.394436181
v -0.641520441 -1.69233687E-07 0.482509851
v -0.641217232 1.6451574E-07 -0.48291254
v -0.641217232 0.0924367979 -0.482912511
v -0.641520441 0.0924364701 0.482509881
v -0.000151600441 0.0924364328 0.482711196
v -0.000151605593 -2.05021664E-07 0.482711166
v -0.641520441 -1.69233687E-07 0.482509851
v 0.00015156783 0.0924367607 -0.482711166
v -0.641217232 1.6451574E-07 -0.48291254
v 0.000151562679 1.28727734E-07 -0.482711196
v -0.000117457799 0.494060338 0.373989642
v -0.558334827 0.494060367 0.373814344
v -0.558334827 0.0868613943 0.373814225
v -0.000117480478 0.0868613571 0.373989522
v -0.000138057687 0.494060308 0.439517051
v -0.558355391 0.494060338 0.439341754
v -0.558334827 0.494060367 0.373814344
v -0.000117457799 0.494060338 0.373989642
v -0.000138080373 0.0868613422 0.439516932
v -0.558355391 0.086861372 0.439341635
v -0.558355391 0.494060338 0.439341754
v -0.000138057687 0.494060308 0.439517051
v 0.000139209515 0.49327755 -0.443343878
v -0.558078229 0.49327758 -0.443519115
v -0.558078229 0.08686167 -0.443519235
v 0.000139186872 0.0868616402 -0.443343997
v 0.000118307922 0.49327752 -0.376810104
v -0.55809921 0.49327755 -0.37698549
v -0.558078229 0.49327758 -0.443519115
v 0.000139209515 0.49327755 -0.443343878
v 0.000118285287 0.0868616253 -0.376810223
v -0.55809921 0.0868616551 -0.37698561
v -0.55809921 0.49327755 -0.37698549
v 0.000118307922 0.49327752 -0.376810104
v 0.000151562679 1.28727734E-07 -0.482711196
v -0.641217232 1.6451574E-07 -0.48291254
v -0.641520441 -1.69233687E-07 0.482509851
v -0.000151605593 -2.05021664E-07 0.482711166
v 0.521373808 0.495396256 0.393002123
v 0.521621287 0.495396495 -0.394108623
v 0.602058351 0.495396495 -0.394083381
v 0.601811171 0.495396256 0.393027455
v 0.601811171 0.0868613198 0.393027335
v 0.601811171 0.495396256 0.393027455
v 0.602058351 0.495396495 -0.394083381
v 0.602058411 0.0868615955 -0.39408347
v 0.551986158 0.0868613273 0.384567529
v 0.632993698 0.497782648 0.38459298
v 0.551986158 0.497782648 0.384567678
v 0.632993698 0.0868613198 0.384592831
v 0.632965565 0.08686129 0.474166006
v 0.632965565 0.497782618 0.474166155
v 0.551957965 0.0868612975 0.474140704
v 0.551957965 0.497782618 0.474140853
v 0.551986158 0.0868613273 0.384567529
v 0.551986158 0.497782648 0.384567678
v 0.551986158 0.497782648 0.384567678
v 0.632993698 0.497782648 0.38459298
v 0.632965565 0.497782618 0.474166155
v 0.551957965 0.497782618 0.474140853
v 0.552227974 0.0868615955 -0.385654896
v 0.552227974 0.497782886 -0.385654747
v 0.633235633 0.497782886 -0.385629326
v 0.633235633 0.0868615881 -0.385629475
v 0.633262575 0.497782916 -0.471184552
v 0.633262575 0.0868616179 -0.471184701
v 0.552254975 0.0868616253 -0.471210092
v 0.552254975 0.497782916 -0.471209943
v 0.552227974 0.497782886 -0.385654747
v 0.552227974 0.0868615955 -0.385654896
v 0.552254975 0.497782916 -0.471209943
v 0.633262575 0.497782916 -0.471184552
v 0.633235633 0.497782886 -0.385629326
v 0.552227974 0.497782886 -0.385654747
v 0.521621287 0.086861603 -0.394108742
v 0.521621287 0.495396495 -0.394108623
v 0.521373808 0.495396256 0.393002123
v 0.521373808 0.0868613273 0.393002003
v 0.641217172 -2.40809726E-07 0.482912719
v 0.64152056 0.0924367234 -0.482509702
v 0.64152056 9.29397075E-08 -0.482509732
v 0.641217172 0.0924363956 0.482912749
v -0.000151600441 0.0924364328 0.482711196
v -0.000151605593 -2.05021664E-07 0.482711166
v 0.641217172 -2.40809726E-07 0.482912719
v 0.00015156783 0.0924367607 -0.482711166
v 0.64152056 9.29397075E-08 -0.482509732
v 0.000151562679 1.28727734E-07 -0.482711196
v -0.000117457799 0.494060338 0.373989642
v -0.000117480478 0.0868613571 0.373989522
v 0.558099926 0.0868613273 0.374164879
v 0.558099926 0.494060308 0.374164999
v -0.000138057687 0.494060308 0.439517051
v -0.000117457799 0.494060338 0.373989642
v 0.558099926 0.494060308 0.374164999
v 0.558079302 0.494060278 0.439692497
v -0.000138080373 0.0868613422 0.439516932
v -0.000138057687 0.494060308 0.439517051
v 0.558079302 0.494060278 0.439692497
v 0.558079302 0.0868613124 0.439692378
v 0.000139209515 0.49327755 -0.443343878
v 0.000139186872 0.0868616402 -0.443343997
v 0.558356822 0.0868616104 -0.44316867
v 0.558356822 0.49327752 -0.443168551
v 0.000118307922 0.49327752 -0.376810104
v 0.000139209515 0.49327755 -0.443343878
v 0.558356822 0.49327752 -0.443168551
v 0.558335781 0.49327749 -0.376634806
v 0.000118285287 0.0868616253 -0.376810223
v 0.000118307922 0.49327752 -0.376810104
v 0.558335781 0.49327749 -0.376634806
v 0.558335781 0.0868615955 -0.376634926
v 0.000151562679 1.28727734E-07 -0.482711196
v -0.000151605593 -2.05021664E-07 0.482711166
v 0.641217172 -2.40809726E-07 0.482912719
v 0.64152056 9.29397075E-08 -0.482509732
v 0.612581432 0.0916894004 0.374783844
v 0.612581432 0.229771286 0.374783903
v 0.612735033 0.229771465 -0.114293478
v 0.612735033 0.0916895643 -0.114293531
v -0.238477811 0.334271491 0.488617688
v -0.235113099 0.312796235 0.477041632
v -0.326039404 0.302480847 0.46974948
v -0.329404026 0.323956102 0.481325567
v -0.340149373 0.296104401 0.47747758
v -0.343514055 0.317579597 0.489053577
v -0.340712816 0.279785961 0.507586777
v -0.344077528 0.301261216 0.519162893
v -0.32693392 0.276573449 0.517551601
v -0.330298632 0.298048645 0.529127598
v -0.236007601 0.286888808 0.524843752
v -0.239372343 0.308364004 0.536419749
v -0.221897662 0.293265253 0.517115712
v -0.225262344 0.314740509 0.528691709
v -0.221334219 0.309583694 0.487006396
v -0.224698916 0.331058919 0.498582393
v -0.235113099 0.312796235 0.477041632
v -0.238477811 0.334271491 0.488617688
v -0.348985881 0.335124463 0.454914987
v -0.214603007 0.328512907 0.453846484
v -0.217967734 0.349988133 0.465422511
v -0.345621198 0.313649237 0.443338901
v -0.361863643 0.307844222 0.449386954
v -0.365228325 0.329319477 0.460963011
v -0.367913276 0.297973841 0.465939611
v -0.371277869 0.319449037 0.477515727
v -0.368824661 0.271577597 0.51464349
v -0.372189373 0.293052852 0.526219487
v -0.363411754 0.263007581 0.5321154
v -0.366776466 0.284482777 0.543691456
v -0.347444057 0.260856748 0.540746748
v -0.35080868 0.282331973 0.552322745
v -0.219790578 0.297195673 0.56283021
v -0.216425851 0.275720417 0.551254213
v -0.200183392 0.281525433 0.545206189
v -0.203548089 0.303000659 0.556782246
v -0.194133773 0.291395843 0.528653502
v -0.197498471 0.312871099 0.540229559
v -0.193222329 0.317792088 0.479949713
v -0.196587026 0.339267313 0.491525739
v -0.198635221 0.326362103 0.462477773
v -0.201999947 0.347837329 0.474053741
v -0.214603007 0.328512907 0.453846484
v -0.217967734 0.349988133 0.465422511
v 0.335370958 0.404556125 0.480987191
v 0.223712996 0.399900824 0.391660064
v 0.335399002 0.404556155 0.391695172
v 0.223685026 0.399900794 0.480952144
v 0.336307406 0.38191995 0.503703475
v 0.22462143 0.377264589 0.503668427
v 0.342140079 0.241987407 0.503705323
v 0.230454102 0.237332076 0.503670394
v 0.343090683 0.219351247 0.480989575
v 0.231404811 0.214695916 0.480954528
v 0.343118787 0.219351277 0.391697675
v 0.231432796 0.214695945 0.391662508
v 0.223685026 0.399900794 0.480952144
v 0.231432796 0.214695945 0.391662508
v 0.223712996 0.399900824 0.391660064
v 0.231404811 0.214695916 0.480954528
v 0.230454102 0.237332076 0.503670394
v 0.22462143 0.377264589 0.503668427
v 0.343118787 0.219351277 0.391697675
v 0.335370958 0.404556125 0.480987191
v 0.335399002 0.404556155 0.391695172
v 0.343090683 0.219351247 0.480989575
v 0.342140079 0.241987407 0.503705323
v 0.336307406 0.38191995 0.503703475
v 0.343118787 0.219351277 0.391697675
v 0.335399002 0.404556155 0.391695172
v 0.223712996 0.399900824 0.391660064
v 0.231432796 0.214695945 0.391662508
v 0.236760914 0.357962042 0.49272114
v 0.325011551 0.327141523 0.47552833
v 0.233882263 0.335736692 0.482510477
v 0.327890098 0.349366903 0.485739022
v 0.339287162 0.321592033 0.483583242
v 0.342165709 0.343817383 0.493793935
v 0.340308577 0.30719021 0.514643133
v 0.343187183 0.32941559 0.524854004
v 0.326633096 0.304277003 0.52483964
v 0.329511762 0.326502323 0.535050392
v 0.235503897 0.312872171 0.531821907
v 0.238382474 0.335097492 0.54203254
v 0.221228197 0.318421662 0.523766756
v 0.224106804 0.340647042 0.533977628
v 0.220206857 0.332823455 0.492706865
v 0.223085359 0.355048805 0.502917588
v 0.233882263 0.335736692 0.482510477
v 0.236760914 0.357962042 0.49272114
v 0.347139418 0.359335601 0.458613724
v 0.215828791 0.371720582 0.468674421
v 0.21295017 0.349495262 0.458463728
v 0.344260842 0.337110251 0.448402882
v 0.360650867 0.332077175 0.454737604
v 0.363529533 0.354302555 0.464948416
v 0.366971999 0.323398143 0.471847057
v 0.369850576 0.345623523 0.48205772
v 0.3686243 0.300102204 0.522088826
v 0.371502817 0.322327584 0.53229934
v 0.363457233 0.292506695 0.540078223
v 0.366335899 0.314732045 0.550289035
v 0.347565174 0.290518403 0.548886299
v 0.35044381 0.312743783 0.559096932
v 0.219133183 0.325128764 0.569157839
v 0.216254562 0.302903384 0.558946967
v 0.199864507 0.30793649 0.552612424
v 0.202743068 0.33016184 0.562823117
v 0.19354336 0.316615582 0.53550303
v 0.196421921 0.338840961 0.545713663
v 0.191891193 0.339911461 0.485261351
v 0.194769815 0.362136811 0.495472163
v 0.197058156 0.34750697 0.467271864
v 0.199936703 0.36973232 0.477482527
v 0.21295017 0.349495262 0.458463728
v 0.215828791 0.371720582 0.468674421
v -0.191678375 0.708267272 0.205507264
v -0.192266628 0.686233699 0.194521382
v -0.283672541 0.684526086 0.202840671
v -0.283084333 0.706559658 0.213826373
v -0.296791136 0.679772556 0.213076919
v -0.296202928 0.701806009 0.224062681
v -0.293729782 0.664485037 0.243574455
v -0.293141633 0.68651855 0.254560173
v -0.278812379 0.660255194 0.251258999
v -0.27822417 0.682288826 0.262244791
v -0.187406495 0.661962807 0.242939726
v -0.186818182 0.683996439 0.253925592
v -0.174287945 0.666716337 0.232703537
v -0.173699647 0.688749909 0.243689269
v -0.17734918 0.682003915 0.20220609
v -0.176760957 0.704037428 0.213191837
v -0.192266628 0.686233699 0.194521382
v -0.191678375 0.708267272 0.205507264
v -0.305757791 0.718776464 0.190537915
v -0.174636707 0.699203432 0.16756475
v -0.174048483 0.721236944 0.178550497
v -0.306346029 0.696742833 0.179552108
v -0.321789891 0.692713797 0.188459843
v -0.321201622 0.714747369 0.19944568
v -0.325821579 0.683968425 0.206215918
v -0.32523343 0.706001997 0.21720168
v -0.320869803 0.659239888 0.255547702
v -0.320281535 0.681273341 0.266533494
v -0.313378632 0.650709748 0.272255003
v -0.312790394 0.672743082 0.283240795
v -0.29644233 0.647285461 0.278215796
v -0.295854092 0.669319034 0.289201558
v -0.164144814 0.671779573 0.27721408
v -0.164733008 0.649745941 0.266228408
v -0.149289131 0.653775036 0.257320583
v -0.148700893 0.675808609 0.268306315
v -0.145257413 0.662520528 0.239564523
v -0.14466916 0.684553981 0.25055033
v -0.150209263 0.687249124 0.190232694
v -0.14962098 0.709282696 0.20121856
v -0.15770039 0.695779264 0.173525378
v -0.157112092 0.717812777 0.184511244
v -0.174636707 0.699203432 0.16756475
v -0.174048483 0.721236944 0.178550497
v -0.292470664 0.737000108 0.189704806
v -0.291813105 0.716254413 0.102858722
v -0.18008168 0.719648957 0.102893777
v -0.180739269 0.740394771 0.189739853
v -0.291970491 0.720252752 0.217064962
v -0.180239007 0.723647475 0.217100039
v -0.287844002 0.584097743 0.249620885
v -0.176112548 0.587492347 0.249655977
v -0.28700918 0.556794882 0.23279354
v -0.175277755 0.560189545 0.232828647
v -0.286351651 0.536049068 0.145947441
v -0.174620181 0.539443731 0.145982549
v -0.180739269 0.740394771 0.189739853
v -0.18008168 0.719648957 0.102893777
v -0.174620181 0.539443731 0.145982549
v -0.175277755 0.560189545 0.232828647
v -0.176112548 0.587492347 0.249655977
v -0.180239007 0.723647475 0.217100039
v -0.286351651 0.536049068 0.145947441
v -0.291813105 0.716254413 0.102858722
v -0.292470664 0.737000108 0.189704806
v -0.28700918 0.556794882 0.23279354
v -0.287844002 0.584097743 0.249620885
v -0.291970491 0.720252752 0.217064962
v -0.286351651 0.536049068 0.145947441
v -0.174620181 0.539443731 0.145982549
v -0.18008168 0.719648957 0.102893777
v -0.291813105 0.716254413 0.102858722
v 0.25622952 0.703826368 0.204541415
v 0.349232554 0.68424046 0.205264881
v 0.257729262 0.679790795 0.199388564
v 0.347732753 0.708276093 0.210417762
v 0.362738848 0.682784736 0.21598576
v 0.361239105 0.706820309 0.221138626
v 0.360946298 0.675507843 0.249407426
v 0.359446585 0.699543476 0.254560262
v 0.34638679 0.672687411 0.258325845
v 0.344887078 0.696722984 0.263478726
v 0.254883558 0.668237686 0.252449512
v 0.253383785 0.692273378 0.257602423
v 0.241377369 0.669693291 0.241728723
v 0.239877552 0.693728983 0.24688153
v 0.243169829 0.676970303 0.208306924
v 0.241670072 0.701005876 0.213459954
v 0.257729262 0.679790795 0.199388564
v 0.25622952 0.703826368 0.204541415
v 0.36938256 0.715251505 0.18418178
v 0.237533048 0.708839893 0.175714493
v 0.23903276 0.684804261 0.170561612
v 0.370882273 0.691215932 0.179028884
v 0.386652619 0.690230131 0.18821694
v 0.385152876 0.714265764 0.193369731
v 0.3914074 0.686398923 0.207471117
v 0.389907658 0.710434675 0.212624013
v 0.388507962 0.674628079 0.261533082
v 0.38700822 0.698663712 0.266685963
v 0.381727606 0.670235932 0.280046493
v 0.380227894 0.694271564 0.285199523
v 0.365083396 0.667673945 0.287152857
v 0.363583684 0.691709518 0.292305708
v 0.231734142 0.685297847 0.283838302
v 0.233233899 0.661262274 0.27868548
v 0.217463538 0.662248015 0.269497544
v 0.215963766 0.686283588 0.274650425
v 0.212708741 0.666079104 0.250243187
v 0.211208969 0.690114737 0.255396158
v 0.215608209 0.677850127 0.196181387
v 0.214108422 0.7018857 0.201334253
v 0.222388566 0.682242215 0.177667797
v 0.220888779 0.706277847 0.182820708
v 0.23903276 0.684804261 0.170561612
v 0.237533048 0.708839893 0.175714493
v 0.358987659 0.733309329 0.189909369
v 0.245982334 0.72106725 0.103027575
v 0.35744527 0.712613463 0.10306257
v 0.247524709 0.741763234 0.189874366
v 0.357712001 0.716602266 0.217268929
v 0.246249035 0.725056112 0.217233941
v 0.34739995 0.580774426 0.249820337
v 0.235937044 0.589228272 0.249785304
v 0.345339447 0.55353725 0.232992038
v 0.233876571 0.561991036 0.23295711
v 0.343797028 0.532841325 0.146145254
v 0.232334182 0.541295171 0.146110371
v 0.247524709 0.741763234 0.189874366
v 0.232334182 0.541295171 0.146110371
v 0.245982334 0.72106725 0.103027575
v 0.233876571 0.561991036 0.23295711
v 0.235937044 0.589228272 0.249785304
v 0.246249035 0.725056112 0.217233941
v 0.343797028 0.532841325 0.146145254
v 0.358987659 0.733309329 0.189909369
v 0.35744527 0.712613463 0.10306257
v 0.345339447 0.55353725 0.232992038
v 0.34739995 0.580774426 0.249820337
v 0.357712001 0.716602266 0.217268929
v 0.343797028 0.532841325 0.146145254
v 0.35744527 0.712613463 0.10306257
v 0.245982334 0.72106725 0.103027575
v 0.232334182 0.541295171 0.146110371
v -0.637221098 0.59499687 0.230878904
v -0.63692534 0.383232057 -0.711034
v -0.636918962 0.47341764 -0.731308937
v -0.63721472 0.685182273 0.210602716
v 0.00415412942 0.685182333 0.210804105
v 0.00414778339 0.59499681 0.231080353
v -0.637221098 0.59499687 0.230878904
v 0.00444997754 0.47341761 -0.731107652
v -0.63692534 0.383232057 -0.711034
v 0.00444366271 0.383231997 -0.710832596
v 0.00444366271 0.383231997 -0.710832596
v -0.63692534 0.383232057 -0.711034
v -0.637221098 0.59499687 0.230878904
v 0.00414778339 0.59499681 0.231080353
v 0.645516753 0.59499681 0.231281698
v 0.64581883 0.47341755 -0.730906129
v 0.645812631 0.383231997 -0.710631013
v 0.645523012 0.685182214 0.211005539
v 0.00415412942 0.685182333 0.210804105
v 0.00414778339 0.59499681 0.231080353
v 0.645516753 0.59499681 0.231281698
v 0.00444997754 0.47341761 -0.731107652
v 0.645812631 0.383231997 -0.710631013
v 0.00444366271 0.383231997 -0.710832596
v 0.00444366271 0.383231997 -0.710832596
v 0.00414778339 0.59499681 0.231080353
v 0.645516753 0.59499681 0.231281698
v 0.645812631 0.383231997 -0.710631013
v -0.281919867 0.430708796 -0.709017217
v -0.154597968 0.430708766 -0.695917487
v -0.15459165 0.520894408 -0.716192722
v -0.281913608 0.520894408 -0.729292512
v -0.154597968 0.430708766 -0.695917487
v -0.172737524 0.630927026 0.197078824
v -0.172731131 0.72111243 0.176802814
v -0.15459165 0.520894408 -0.716192722
v -0.281913608 0.520894408 -0.729292512
v -0.32156691 0.72111243 0.176756069
v -0.321573287 0.630926907 0.197032154
v -0.281919867 0.430708796 -0.709017217
v -0.172737524 0.630927026 0.197078824
v -0.321573287 0.630926907 0.197032154
v -0.32156691 0.72111243 0.176756069
v -0.172731131 0.72111243 0.176802814
v 0.308622032 0.430708736 -0.668153882
v 0.30862847 0.520894349 -0.688429117
v 0.191240817 0.520894349 -0.713635862
v 0.191234499 0.430708766 -0.693360567
v 0.191234499 0.430708766 -0.693360567
v 0.210565463 0.72111243 0.176923156
v 0.210559085 0.630927026 0.197199211
v 0.191240817 0.520894349 -0.713635862
v 0.30862847 0.520894349 -0.688429117
v 0.365302712 0.72111243 0.176971748
v 0.365296334 0.630926847 0.197247803
v 0.308622032 0.430708736 -0.668153882
v 0.210559085 0.630927026 0.197199211
v 0.210565463 0.72111243 0.176923156
v 0.365302712 0.72111243 0.176971748
v 0.365296334 0.630926847 0.197247803
v -0.118638992 0.460823745 0.311184853
v -0.0695281848 0.495025128 0.327211231
v -0.0695234239 0.480026156 0.312043369
v -0.127933443 0.470855862 0.327134073
v -0.137153819 0.412480175 0.311193615
v -0.0695191249 0.51300931 0.298239738
v -0.152124405 0.412470579 0.327101141
v -0.11742653 0.36597088 0.311167568
v -0.140624419 0.483562499 0.298148245
v -0.0695174336 0.519247711 0.292840451
v -0.127938524 0.354090959 0.327134788
v -0.0695231631 0.344872087 0.311079711
v -0.069528237 0.32990703 0.327200174
v -0.145034954 0.48797366 0.29280141
v -0.0695122406 0.519247651 0.276341051
v -0.170070812 0.412471294 0.298110873
v -0.140624478 0.34138 0.298148841
v -0.0695191026 0.31193313 0.298240304
v -0.144998699 0.48797369 0.276301891
v -0.0695105493 0.51300931 0.270941764
v -0.176308155 0.412471324 0.292785257
v -0.145036235 0.336968839 0.292802006
v -0.0695174187 0.305694789 0.292840719
v -0.176273704 0.412471324 0.276286066
v -0.144998714 0.336968869 0.276301861
v -0.0695122555 0.305694878 0.276340991
v -0.140588969 0.483562529 0.27085042
v -0.140588984 0.34137997 0.27085036
v -0.0695105642 0.31193319 0.270941705
v -0.0693969652 0.311933279 -0.0907823667
v -0.170035988 0.412471324 0.270811796
v -0.140123829 0.483562648 -0.0908734649
v -0.0693969503 0.513009489 -0.0907822922
v -0.0693879128 0.498474032 -0.119486026
v -0.129809678 0.473284453 -0.119563825
v -0.169572055 0.412471473 -0.0909108222
v -0.154999793 0.412471473 -0.119596109
v -0.140123844 0.341380149 -0.0908735096
v -0.129809693 0.351658344 -0.11956387
v -0.0693879277 0.326468796 -0.119486086
v -0.118638992 0.460823745 0.311184853
v -0.0695234239 0.480026156 0.312043369
v -0.0695292205 0.476763964 0.330525696
v -0.114748761 0.457555026 0.330474645
v -0.137153819 0.412480175 0.311193615
v -0.109391399 0.451724112 0.335994452
v -0.0695310161 0.469708323 0.33603999
v -0.0695327073 0.476764053 0.34155491
v -0.133866951 0.412471265 0.330443591
v -0.11742653 0.36597088 0.311167568
v -0.115050256 0.457933128 0.341497034
v -0.0695443377 0.459878802 0.378575325
v -0.126818866 0.412471265 0.335966885
v -0.112896837 0.369909048 0.330475122
v -0.0695231631 0.344872087 0.311079711
v -0.0695292279 0.348178506 0.330525666
v -0.0695310235 0.355234146 0.33603996
v -0.107956395 0.374208212 0.335987359
v -0.103157632 0.445993781 0.378531337
v -0.0695452988 0.445436716 0.381624639
v -0.133880824 0.412471324 0.341472507
v -0.115050256 0.367009372 0.341497004
v -0.0695327148 0.348178566 0.34155488
v -0.117043689 0.412471265 0.378513873
v -0.103157632 0.378948957 0.378531307
v -0.0695443377 0.365063757 0.378575295
v -0.0929486677 0.435782075 0.381594539
v -0.102605604 0.412471294 0.38158223
v -0.0929486677 0.389160663 0.381594509
v -0.0695452988 0.379505783 0.381624609
v -0.0695413351 0.384901553 0.369041681
v -0.0884742364 0.392946869 0.369035751
v -0.0695413426 0.412471145 0.36902675
v -0.0971935093 0.412471294 0.369033009
v -0.0893924758 0.431992888 0.369035453
v -0.0695413351 0.440041035 0.369041711
v -0.0204074234 0.460823745 0.311215639
v -0.0695234239 0.480026156 0.312043369
v -0.0695281848 0.495025128 0.327211231
v -0.0111229736 0.470855862 0.327170759
v -0.00189255318 0.412480175 0.311236084
v -0.0695191249 0.51300931 0.298239738
v 0.0130679961 0.412470579 0.327153027
v -0.021619847 0.36597088 0.311197609
v 0.00158620847 0.483562499 0.298192918
v -0.0695174336 0.519247711 0.292840451
v 0.00600015093 0.48797366 0.292848855
v -0.0695122406 0.519247651 0.276341051
v -0.0111179072 0.354090959 0.327171385
v 0.0310326442 0.412471294 0.298174024
v 0.0372733437 0.412471294 0.292852312
v 0.00597418705 0.48797366 0.276349276
v -0.069528237 0.32990703 0.327200174
v -0.0695231631 0.344872087 0.311079711
v 0.00158623129 0.34138 0.298193514
v -0.0695191026 0.31193313 0.298240304
v 0.00600137049 0.336968839 0.292849511
v -0.0695174187 0.305694789 0.292840719
v 0.00597417867 0.336968839 0.276349247
v -0.0695122555 0.305694878 0.276340991
v 0.00156792463 0.483562499 0.270894974
v -0.0695105493 0.51300931 0.270941764
v 0.0372492149 0.412471294 0.276353121
v 0.031014977 0.412471294 0.270874888
v 0.00156791671 0.341379941 0.270894915
v -0.0695105642 0.31193319 0.270941705
v -0.0693969652 0.311933279 -0.0907823667
v 0.00133000081 0.483562648 -0.0908290073
v -0.0693969503 0.513009489 -0.0907822922
v -0.0693879128 0.498474032 -0.119486026
v -0.00896615814 0.473284453 -0.119525917
v 0.0307781901 0.412471443 -0.0908478945
v 0.0162239727 0.412471473 -0.119542286
v 0.0013299929 0.341380149 -0.090829052
v -0.00896616466 0.351658344 -0.119525962
v -0.0693879277 0.326468796 -0.119486086
v -0.0695292205 0.476763964 0.330525696
v -0.0695234239 0.480026156 0.312043369
v -0.0204074234 0.460823745 0.311215639
v -0.024309773 0.457555026 0.330503076
v -0.00189255318 0.412480175 0.311236084
v -0.0296705347 0.451724112 0.336019516
v -0.0695310161 0.469708323 0.33603999
v -0.0695327073 0.476764053 0.34155491
v -0.00519145746 0.412471265 0.330484003
v -0.021619847 0.36597088 0.311197609
v -0.0261616278 0.369909048 0.330502331
v -0.0695231631 0.344872087 0.311079711
v -0.0695292279 0.348178506 0.330525666
v -0.0311055612 0.374208212 0.33601141
v -0.0695310235 0.355234146 0.33603996
v -0.0122430744 0.412471265 0.336002886
v -0.0240151733 0.457933128 0.341525555
v -0.0240151789 0.367009372 0.341525525
v -0.0695327148 0.348178566 0.34155488
v -0.0695443377 0.365063757 0.378575295
v -0.00518456381 0.412471324 0.341512829
v -0.0359310582 0.445993781 0.378552407
v -0.0695443377 0.459878802 0.378575325
v -0.0695452988 0.445436716 0.381624639
v -0.035931062 0.378948957 0.378552377
v -0.0220449585 0.412471265 0.378543645
v -0.0461420193 0.435782075 0.381609231
v -0.0461420231 0.389160663 0.381609201
v -0.0695452988 0.379505783 0.381624609
v -0.0695413351 0.384901553 0.369041681
v -0.0364850238 0.412471294 0.381602943
v -0.0506084673 0.392946869 0.369047612
v -0.0695413426 0.412471145 0.36902675
v -0.0418891795 0.412471294 0.369050384
v -0.0496902317 0.431992888 0.36904797
v -0.0695413351 0.440041035 0.369041711
v 0.318855315 0.460823715 0.311184913
v 0.367966145 0.495025128 0.327211261
v 0.367970884 0.480026126 0.312043399
v 0.309560835 0.470855832 0.327134132
v 0.300340474 0.412480146 0.311193675
v 0.367975205 0.51300931 0.298239768
v 0.285369933 0.412470549 0.327101201
v 0.320067793 0.36597085 0.311167598
v 0.296869874 0.483562529 0.298148304
v 0.367976844 0.519247711 0.292840481
v 0.309555769 0.354090959 0.327134877
v 0.367971182 0.344872087 0.311079741
v 0.367966115 0.329907 0.327200204
v 0.292459369 0.48797366 0.29280147
v 0.36798209 0.519247711 0.276341081
v 0.267423511 0.412471294 0.298110962
v 0.296869874 0.34138003 0.29814893
v 0.367975235 0.3119331 0.298240364
v 0.292495638 0.48797369 0.27630195
v 0.367983758 0.513009369 0.270941794
v 0.261186182 0.412471294 0.292785317
v 0.292458057 0.336968869 0.292802066
v 0.367976934 0.305694789 0.292840749
v 0.261220604 0.412471294 0.276286125
v 0.292495638 0.336968869 0.27630192
v 0.36798209 0.305694848 0.276341021
v 0.296905309 0.483562499 0.27085045
v 0.296905309 0.34138 0.27085039
v 0.367983758 0.31193319 0.270941734
v 0.368097395 0.311933249 -0.0907822847
v 0.26745832 0.412471294 0.270811886
v 0.297370464 0.483562648 -0.0908733979
v 0.368097395 0.513009489 -0.0907822102
v 0.368106425 0.498474032 -0.119485982
v 0.30768463 0.473284423 -0.119563743
v 0.267922252 0.412471443 -0.0909107402
v 0.282494545 0.412471443 -0.119596042
v 0.297370464 0.341380179 -0.0908734426
v 0.30768463 0.351658344 -0.119563788
v 0.368106425 0.326468766 -0.119486041
v 0.318855315 0.460823715 0.311184913
v 0.367970884 0.480026126 0.312043399
v 0.367965102 0.476763934 0.330525726
v 0.322745562 0.457554996 0.330474705
v 0.300340474 0.412480146 0.311193675
v 0.328102916 0.451724082 0.335994512
v 0.367963284 0.469708294 0.33604002
v 0.367961615 0.476764023 0.34155494
v 0.303627312 0.412471235 0.330443621
v 0.320067793 0.36597085 0.311167598
v 0.322444081 0.457933098 0.341497093
v 0.367949963 0.459878772 0.378575355
v 0.310675442 0.412471235 0.335966915
v 0.324597448 0.369909048 0.330475152
v 0.367971182 0.344872087 0.311079741
v 0.367965102 0.348178506 0.330525696
v 0.367963284 0.355234146 0.33603999
v 0.329537928 0.374208212 0.335987389
v 0.334336698 0.445993751 0.378531396
v 0.367949039 0.445436686 0.381624669
v 0.303613484 0.412471294 0.341472536
v 0.322444081 0.367009372 0.341497064
v 0.367961615 0.348178595 0.34155491
v 0.320450634 0.412471235 0.378513932
v 0.334336698 0.378948957 0.378531367
v 0.367949963 0.365063787 0.378575325
v 0.344545722 0.435782045 0.381594598
v 0.334888756 0.412471265 0.38158229
v 0.344545722 0.389160693 0.381594568
v 0.367949039 0.379505754 0.381624639
v 0.367952973 0.384901583 0.369041741
v 0.349020123 0.392946869 0.36903581
v 0.367952973 0.412471116 0.36902678
v 0.340300828 0.412471294 0.369033068
v 0.348101884 0.431992888 0.369035512
v 0.367952973 0.440041006 0.369041771
v 0.417086899 0.460823715 0.311215699
v 0.367970884 0.480026126 0.312043399
v 0.367966145 0.495025128 0.327211261
v 0.426371366 0.470855832 0.327170789
v 0.435601711 0.412480146 0.311236203
v 0.367975205 0.51300931 0.298239768
v 0.450562328 0.412470549 0.327153057
v 0.415874481 0.36597085 0.311197698
v 0.439080536 0.483562499 0.298192978
v 0.367976844 0.519247711 0.292840481
v 0.443494469 0.48797363 0.292848915
v 0.36798209 0.519247711 0.276341081
v 0.426376432 0.354090959 0.327171445
v 0.468527019 0.412471265 0.298174113
v 0.474767685 0.412471265 0.292852342
v 0.443468511 0.48797369 0.276349306
v 0.367966115 0.329907 0.327200204
v 0.367971182 0.344872087 0.311079741
v 0.439080566 0.34138 0.298193544
v 0.367975235 0.3119331 0.298240364
v 0.443495661 0.336968839 0.2928496
v 0.367976934 0.305694789 0.292840749
v 0.443468511 0.336968869 0.276349276
v 0.36798209 0.305694848 0.276341021
v 0.439062238 0.483562499 0.270895034
v 0.367983758 0.513009369 0.270941794
v 0.474743575 0.412471294 0.27635324
v 0.468509287 0.412471294 0.270874947
v 0.439062238 0.34138 0.270894974
v 0.367983758 0.31193319 0.270941734
v 0.368097395 0.311933249 -0.0907822847
v 0.438824326 0.483562618 -0.0908289477
v 0.368097395 0.513009489 -0.0907822102
v 0.368106425 0.498474032 -0.119485982
v 0.428528219 0.473284423 -0.119525835
v 0.468272537 0.412471414 -0.0908478126
v 0.453718334 0.412471443 -0.119542234
v 0.438824326 0.341380149 -0.0908289924
v 0.428528219 0.351658344 -0.11952588
v 0.368106425 0.326468766 -0.119486041
v 0.367965102 0.476763934 0.330525726
v 0.367970884 0.480026126 0.312043399
v 0.417086899 0.460823715 0.311215699
v 0.413184524 0.457554996 0.330503166
v 0.435601711 0.412480146 0.311236203
v 0.407823801 0.451724082 0.336019576
v 0.367963284 0.469708294 0.33604002
v 0.367961615 0.476764023 0.34155494
v 0.432302833 0.412471235 0.330484122
v 0.415874481 0.36597085 0.311197698
v 0.411332697 0.369909048 0.330502391
v 0.367971182 0.344872087 0.311079741
v 0.367965102 0.348178506 0.330525696
v 0.40638873 0.374208212 0.336011469
v 0.367963284 0.355234146 0.33603999
v 0.425251275 0.412471235 0.336002946
v 0.413479149 0.457933098 0.341525614
v 0.413479149 0.367009372 0.341525584
v 0.367961615 0.348178595 0.34155491
v 0.367949963 0.365063787 0.378575325
v 0.432309777 0.412471294 0.341512859
v 0.401563257 0.445993751 0.378552496
v 0.367949963 0.459878772 0.378575355
v 0.367949039 0.445436686 0.381624669
v 0.401563257 0.378948957 0.378552467
v 0.415449381 0.412471235 0.378543705
v 0.391352296 0.435782045 0.381609291
v 0.391352296 0.389160693 0.381609261
v 0.367949039 0.379505754 0.381624639
v 0.367952973 0.384901583 0.369041741
v 0.401009291 0.412471265 0.381602973
v 0.386885881 0.392946839 0.369047701
v 0.367952973 0.412471116 0.36902678
v 0.395605117 0.412471265 0.369050413
v 0.387804061 0.431992859 0.369048029
v 0.367952973 0.440041006 0.369041771
v 0.109310284 0.460823745 0.311184883
v 0.158421084 0.495025128 0.327211231
v 0.158425838 0.480026156 0.312043369
v 0.100015819 0.470855862 0.327134103
v 0.0907954425 0.412480175 0.311193645
v 0.158430129 0.51300931 0.298239738
v 0.0758248642 0.412470579 0.327101141
v 0.110522747 0.36597088 0.311167598
v 0.0873248354 0.483562529 0.298148274
v 0.158431828 0.519247711 0.292840451
v 0.100010745 0.354090959 0.327134788
v 0.158426091 0.344872087 0.311079711
v 0.158421025 0.329907 0.327200174
v 0.0829143226 0.48797366 0.29280144
v 0.158437043 0.519247711 0.276341021
v 0.0578784682 0.412471294 0.298110902
v 0.0873248205 0.34138 0.298148841
v 0.158430159 0.31193313 0.298240304
v 0.0829505771 0.48797369 0.27630192
v 0.158438742 0.513009369 0.270941764
v 0.0516411252 0.412471294 0.292785287
v 0.0829130411 0.336968839 0.292802036
v 0.158431843 0.305694789 0.292840689
v 0.0516755618 0.412471294 0.276286066
v 0.0829505697 0.336968839 0.276301891
v 0.158437029 0.305694848 0.276340961
v 0.0873602852 0.483562499 0.27085042
v 0.0873602778 0.341379941 0.27085036
v 0.158438727 0.31193316 0.270941705
v 0.158552274 0.311933279 -0.0907823369
v 0.0579132736 0.412471294 0.270811826
v 0.0878254473 0.483562648 -0.0908734575
v 0.158552289 0.513009489 -0.0907822624
v 0.158561349 0.498474032 -0.119486012
v 0.0981395692 0.473284423 -0.119563788
v 0.0583772175 0.412471443 -0.0909107924
v 0.0729494542 0.412471443 -0.119596072
v 0.0878254399 0.341380149 -0.0908735022
v 0.0981395617 0.351658314 -0.119563833
v 0.158561334 0.326468766 -0.119486071
v 0.109310284 0.460823745 0.311184883
v 0.158425838 0.480026156 0.312043369
v 0.158420041 0.476763934 0.330525696
v 0.113200523 0.457554996 0.330474675
v 0.0907954425 0.412480175 0.311193645
v 0.11855787 0.451724082 0.335994452
v 0.158418253 0.469708294 0.33603999
v 0.158416569 0.476764023 0.34155491
v 0.0940822959 0.412471265 0.330443591
v 0.110522747 0.36597088 0.311167598
v 0.11289902 0.457933098 0.341497034
v 0.158404931 0.459878802 0.378575325
v 0.101130404 0.412471235 0.335966915
v 0.115052424 0.369909018 0.330475122
v 0.158426091 0.344872087 0.311079711
v 0.158420026 0.348178476 0.330525666
v 0.158418238 0.355234116 0.33603996
v 0.119992882 0.374208182 0.3359873
v 0.124791645 0.445993781 0.378531307
v 0.158403978 0.445436716 0.381624639
v 0.0940684229 0.412471294 0.341472477
v 0.11289902 0.367009342 0.341497004
v 0.158416554 0.348178536 0.34155488
v 0.110905595 0.412471265 0.378513873
v 0.124791645 0.378948957 0.378531277
v 0.158404917 0.365063757 0.378575295
v 0.135000631 0.435782075 0.381594568
v 0.125343695 0.412471294 0.38158226
v 0.135000616 0.389160663 0.381594539
v 0.158403963 0.379505783 0.381624609
v 0.158407912 0.384901553 0.369041681
v 0.139475048 0.392946869 0.369035751
v 0.158407941 0.412471145 0.36902675
v 0.130755752 0.412471294 0.369033009
v 0.138556823 0.431992888 0.369035482
v 0.158407927 0.440041035 0.369041711
v 0.207541838 0.460823745 0.311215639
v 0.158425838 0.480026156 0.312043369
v 0.158421084 0.495025128 0.327211231
v 0.21682629 0.470855832 0.327170789
v 0.226056725 0.412480175 0.311236113
v 0.158430129 0.51300931 0.298239738
v 0.241017267 0.412470549 0.327153027
v 0.20632942 0.36597088 0.311197609
v 0.229535475 0.483562529 0.298192918
v 0.158431828 0.519247711 0.292840451
v 0.233949408 0.48797366 0.292848855
v 0.158437043 0.519247711 0.276341021
v 0.216831356 0.354090929 0.327171445
v 0.258981913 0.412471294 0.298174024
v 0.265222579 0.412471294 0.292852283
v 0.23392345 0.48797369 0.276349276
v 0.158421025 0.329907 0.327200174
v 0.158426091 0.344872087 0.311079711
v 0.229535505 0.34138 0.298193485
v 0.158430159 0.31193313 0.298240304
v 0.233950615 0.336968839 0.292849511
v 0.158431843 0.305694789 0.292840689
v 0.233923435 0.336968839 0.276349247
v 0.158437029 0.305694848 0.276340961
v 0.229517192 0.483562499 0.270895004
v 0.158438742 0.513009369 0.270941764
v 0.265198469 0.412471294 0.276353151
v 0.258964241 0.412471294 0.270874918
v 0.229517177 0.341379941 0.270894945
v 0.158438727 0.31193316 0.270941705
v 0.158552274 0.311933279 -0.0907823369
v 0.22927925 0.483562648 -0.0908289775
v 0.158552289 0.513009489 -0.0907822624
v 0.158561349 0.498474032 -0.119486012
v 0.218983099 0.473284423 -0.119525902
v 0.258727461 0.412471443 -0.0908478796
v 0.244173273 0.412471443 -0.119542271
v 0.229279235 0.341380149 -0.0908290222
v 0.218983084 0.351658314 -0.119525947
v 0.158561334 0.326468766 -0.119486071
v 0.158420041 0.476763934 0.330525696
v 0.158425838 0.480026156 0.312043369
v 0.207541838 0.460823745 0.311215639
v 0.203639507 0.457554996 0.330503106
v 0.226056725 0.412480175 0.311236113
v 0.198278725 0.451724082 0.336019546
v 0.158418253 0.469708294 0.33603999
v 0.158416569 0.476764023 0.34155491
v 0.222757801 0.412471235 0.330484033
v 0.20632942 0.36597088 0.311197609
v 0.201787636 0.369909018 0.330502361
v 0.158426091 0.344872087 0.311079711
v 0.158420026 0.348178476 0.330525666
v 0.196843714 0.374208182 0.33601144
v 0.158418238 0.355234116 0.33603996
v 0.215706199 0.412471235 0.336002916
v 0.203934103 0.457933098 0.341525555
v 0.203934088 0.367009342 0.341525525
v 0.158416554 0.348178536 0.34155488
v 0.158404917 0.365063757 0.378575295
v 0.222764716 0.412471294 0.341512829
v 0.192018196 0.445993781 0.378552407
v 0.158404931 0.459878802 0.378575325
v 0.158403978 0.445436716 0.381624639
v 0.192018181 0.378948957 0.378552377
v 0.205904305 0.412471265 0.378543675
v 0.181807265 0.435782075 0.381609201
v 0.18180725 0.389160663 0.381609172
v 0.158403963 0.379505783 0.381624609
v 0.158407912 0.384901553 0.369041681
v 0.191464245 0.412471294 0.381602943
v 0.177340776 0.392946869 0.369047642
v 0.158407941 0.412471145 0.36902675
v 0.186060101 0.412471294 0.369050384
v 0.17825903 0.431992888 0.36904797
v 0.158407927 0.440041035 0.369041711
v -0.331498623 0.435788035 -0.276370138
v -0.308498532 0.445473313 -0.276226401
v -0.308505476 0.472589612 -0.254105628
v -0.308496356 0.412471414 -0.283172488
v -0.35126844 0.454981267 -0.254360765
v -0.308544129 0.507649601 -0.1309793
v -0.375495285 0.479772538 -0.131381452
v -0.308547735 0.498474032 -0.119485967
v -0.3689695 0.473284423 -0.119563773
v -0.394159615 0.412471473 -0.119596079
v -0.368877649 0.412471533 -0.25446552
v -0.341862917 0.412471533 -0.276423901
v -0.403373659 0.412471503 -0.131548151
v -0.375495285 0.3451702 -0.131381512
v -0.3689695 0.351658344 -0.119563818
v -0.308547735 0.326468796 -0.119486026
v -0.308544129 0.317293286 -0.130979374
v -0.308505476 0.352353394 -0.254105657
v -0.35126844 0.369961619 -0.254360795
v -0.331706792 0.389171898 -0.276345223
v -0.308498591 0.379469663 -0.276226282
v -0.24159272 0.479772538 -0.131339327
v -0.248125985 0.473284423 -0.119525865
v -0.308547735 0.498474032 -0.119485967
v -0.308544129 0.507649601 -0.1309793
v -0.222935811 0.412471473 -0.119542249
v -0.308505476 0.472589612 -0.254105628
v -0.213714272 0.412471503 -0.131488562
v -0.241592735 0.3451702 -0.131339386
v -0.248126 0.351658344 -0.119525909
v -0.308547735 0.326468796 -0.119486026
v -0.308544129 0.317293286 -0.130979374
v -0.308505476 0.352353394 -0.254105657
v -0.248133019 0.412471533 -0.254427582
v -0.265742362 0.369961619 -0.254333913
v -0.308498591 0.379469663 -0.276226282
v -0.265742362 0.454981267 -0.254333884
v -0.275134087 0.412471533 -0.276402891
v -0.285290182 0.389171898 -0.27633065
v -0.308496356 0.412471414 -0.283172488
v -0.285498351 0.435788035 -0.276355714
v -0.308498532 0.445473313 -0.276226401
v -0.092338793 0.435788035 -0.276370168
v -0.069338724 0.445473313 -0.276226461
v -0.0693456307 0.472589612 -0.254105717
v -0.0693365782 0.412471414 -0.283172578
v -0.112108633 0.454981297 -0.254360765
v -0.0693843141 0.507649601 -0.130979329
v -0.136335447 0.479772568 -0.131381467
v -0.0693879128 0.498474032 -0.119486026
v -0.129809678 0.473284453 -0.119563825
v -0.154999793 0.412471473 -0.119596109
v -0.129717827 0.412471533 -0.25446561
v -0.102703072 0.412471533 -0.276423961
v -0.164213851 0.412471503 -0.131548211
v -0.136335462 0.3451702 -0.131381527
v -0.129809693 0.351658344 -0.11956387
v -0.0693879277 0.326468796 -0.119486086
v -0.069384329 0.317293286 -0.130979404
v -0.0693456382 0.352353364 -0.254105747
v -0.112108633 0.369961619 -0.254360795
v -0.0925469473 0.389171898 -0.276345283
v -0.0693387464 0.379469663 -0.276226282
v -0.0024329226 0.479772568 -0.131339341
v -0.00896615814 0.473284453 -0.119525917
v -0.0693879128 0.498474032 -0.119486026
v -0.0693843141 0.507649601 -0.130979329
v 0.0162239727 0.412471473 -0.119542286
v -0.0693456307 0.472589612 -0.254105717
v 0.0254455209 0.412471503 -0.131488621
v -0.00243293005 0.3451702 -0.131339401
v -0.00896616466 0.351658344 -0.119525962
v -0.0693879277 0.326468796 -0.119486086
v -0.069384329 0.317293286 -0.130979404
v -0.0693456382 0.352353364 -0.254105747
v -0.00897321198 0.412471503 -0.254427671
v -0.0265825801 0.36996159 -0.254333913
v -0.0693387464 0.379469663 -0.276226282
v -0.0265825745 0.454981267 -0.254333884
v -0.0359742716 0.412471533 -0.27640298
v -0.0461303666 0.389171898 -0.276330709
v -0.0693365782 0.412471414 -0.283172578
v -0.0463385433 0.435788035 -0.276355773
v -0.069338724 0.445473313 -0.276226461
v 0.345155567 0.435788006 -0.276370108
v 0.368155599 0.445473284 -0.276226431
v 0.368148685 0.472589612 -0.254105598
v 0.368157715 0.412471384 -0.283172488
v 0.32538569 0.454981267 -0.254360706
v 0.368110001 0.507649601 -0.13097927
v 0.301158786 0.479772538 -0.131381422
v 0.368106425 0.498474032 -0.119485982
v 0.30768463 0.473284423 -0.119563743
v 0.282494545 0.412471443 -0.119596042
v 0.307776451 0.412471503 -0.254465491
v 0.334791243 0.412471503 -0.276423901
v 0.273280501 0.412471473 -0.131548122
v 0.301158786 0.3451702 -0.131381482
v 0.30768463 0.351658344 -0.119563788
v 0.368106425 0.326468766 -0.119486041
v 0.368110001 0.317293286 -0.130979344
v 0.368148685 0.352353394 -0.254105628
v 0.32538569 0.369961619 -0.254360735
v 0.344947398 0.389171898 -0.276345193
v 0.368155599 0.379469693 -0.276226252
v 0.435061395 0.479772538 -0.131339297
v 0.428528219 0.473284423 -0.119525835
v 0.368106425 0.498474032 -0.119485982
v 0.368110001 0.507649601 -0.13097927
v 0.453718334 0.412471443 -0.119542234
v 0.368148685 0.472589612 -0.254105598
v 0.462939888 0.412471473 -0.131488532
v 0.435061395 0.3451702 -0.131339356
v 0.428528219 0.351658344 -0.11952588
v 0.368106425 0.326468766 -0.119486041
v 0.368110001 0.317293286 -0.130979344
v 0.368148685 0.352353394 -0.254105628
v 0.428521127 0.412471503 -0.254427552
v 0.410911709 0.369961619 -0.254333854
v 0.368155599 0.379469693 -0.276226252
v 0.410911709 0.454981267 -0.254333824
v 0.401520044 0.412471503 -0.276402891
v 0.391363978 0.389171898 -0.27633065
v 0.368157715 0.412471384 -0.283172488
v 0.39115575 0.435788006 -0.276355684
v 0.368155599 0.445473284 -0.276226431
v 0.135610461 0.435788006 -0.276370168
v 0.158610523 0.445473284 -0.276226461
v 0.158603638 0.472589612 -0.254105717
v 0.158612683 0.412471384 -0.283172578
v 0.115840644 0.454981267 -0.254360735
v 0.15856494 0.507649601 -0.130979314
v 0.0916137993 0.479772568 -0.131381437
v 0.158561349 0.498474032 -0.119486012
v 0.0981395692 0.473284423 -0.119563788
v 0.0729494542 0.412471443 -0.119596072
v 0.0982314423 0.412471503 -0.25446558
v 0.125246167 0.412471503 -0.276423931
v 0.063735418 0.412471503 -0.131548166
v 0.0916137919 0.3451702 -0.131381497
v 0.0981395617 0.351658314 -0.119563833
v 0.158561334 0.326468766 -0.119486071
v 0.158564925 0.317293257 -0.130979389
v 0.158603624 0.352353364 -0.254105747
v 0.115840644 0.36996159 -0.254360765
v 0.135402277 0.389171869 -0.276345253
v 0.158610493 0.379469633 -0.276226282
v 0.225516364 0.479772538 -0.131339327
v 0.218983099 0.473284423 -0.119525902
v 0.158561349 0.498474032 -0.119486012
v 0.15856494 0.507649601 -0.130979314
v 0.244173273 0.412471443 -0.119542271
v 0.158603638 0.472589612 -0.254105717
v 0.253394783 0.412471473 -0.131488606
v 0.225516349 0.34517017 -0.131339386
v 0.218983084 0.351658314 -0.119525947
v 0.158561334 0.326468766 -0.119486071
v 0.158564925 0.317293257 -0.130979389
v 0.158603624 0.352353364 -0.254105747
v 0.218976051 0.412471503 -0.254427671
v 0.201366678 0.36996159 -0.254333884
v 0.158610493 0.379469633 -0.276226282
v 0.201366693 0.454981267 -0.254333854
v 0.191974983 0.412471503 -0.27640292
v 0.181818902 0.389171869 -0.27633068
v 0.158612683 0.412471384 -0.283172578
v 0.181610703 0.435788006 -0.276355714
v 0.158610523 0.445473284 -0.276226461
v -0.235113099 0.312796235 0.477041632
v -0.214603007 0.328512907 0.453846484
v -0.345621198 0.313649237 0.443338901
v -0.198635221 0.326362103 0.462477773
v -0.326039404 0.302480847 0.46974948
v -0.221334219 0.309583694 0.487006396
v -0.193222329 0.317792088 0.479949713
v -0.340149373 0.296104401 0.47747758
v -0.221897662 0.293265253 0.517115712
v -0.361863643 0.307844222 0.449386954
v -0.367913276 0.297973841 0.465939611
v -0.368824661 0.271577597 0.51464349
v -0.340712816 0.279785961 0.507586777
v -0.363411754 0.263007581 0.5321154
v -0.32693392 0.276573449 0.517551601
v -0.347444057 0.260856748 0.540746748
v -0.236007601 0.286888808 0.524843752
v -0.216425851 0.275720417 0.551254213
v -0.194133773 0.291395843 0.528653502
v -0.200183392 0.281525433 0.545206189
v -0.197498471 0.312871099 0.540229559
v -0.224698916 0.331058919 0.498582393
v -0.196587026 0.339267313 0.491525739
v -0.201999947 0.347837329 0.474053741
v -0.217967734 0.349988133 0.465422511
v -0.225262344 0.314740509 0.528691709
v -0.238477811 0.334271491 0.488617688
v -0.203548089 0.303000659 0.556782246
v -0.348985881 0.335124463 0.454914987
v -0.329404026 0.323956102 0.481325567
v -0.365228325 0.329319477 0.460963011
v -0.343514055 0.317579597 0.489053577
v -0.371277869 0.319449037 0.477515727
v -0.239372343 0.308364004 0.536419749
v -0.219790578 0.297195673 0.56283021
v -0.35080868 0.282331973 0.552322745
v -0.330298632 0.298048645 0.529127598
v -0.366776466 0.284482777 0.543691456
v -0.344077528 0.301261216 0.519162893
v -0.372189373 0.293052852 0.526219487
v 0.233882263 0.335736692 0.482510477
v 0.325011551 0.327141523 0.47552833
v 0.344260842 0.337110251 0.448402882
v 0.339287162 0.321592033 0.483583242
v 0.21295017 0.349495262 0.458463728
v 0.197058156 0.34750697 0.467271864
v 0.220206857 0.332823455 0.492706865
v 0.191891193 0.339911461 0.485261351
v 0.360650867 0.332077175 0.454737604
v 0.366971999 0.323398143 0.471847057
v 0.3686243 0.300102204 0.522088826
v 0.340308577 0.30719021 0.514643133
v 0.363457233 0.292506695 0.540078223
v 0.326633096 0.304277003 0.52483964
v 0.347565174 0.290518403 0.548886299
v 0.235503897 0.312872171 0.531821907
v 0.216254562 0.302903384 0.558946967
v 0.221228197 0.318421662 0.523766756
v 0.19354336 0.316615582 0.53550303
v 0.199864507 0.30793649 0.552612424
v 0.196421921 0.338840961 0.545713663
v 0.194769815 0.362136811 0.495472163
v 0.223085359 0.355048805 0.502917588
v 0.199936703 0.36973232 0.477482527
v 0.215828791 0.371720582 0.468674421
v 0.224106804 0.340647042 0.533977628
v 0.236760914 0.357962042 0.49272114
v 0.202743068 0.33016184 0.562823117
v 0.347139418 0.359335601 0.458613724
v 0.327890098 0.349366903 0.485739022
v 0.363529533 0.354302555 0.464948416
v 0.342165709 0.343817383 0.493793935
v 0.369850576 0.345623523 0.48205772
v 0.238382474 0.335097492 0.54203254
v 0.219133183 0.325128764 0.569157839
v 0.343187183 0.32941559 0.524854004
v 0.35044381 0.312743783 0.559096932
v 0.329511762 0.326502323 0.535050392
v 0.371502817 0.322327584 0.53229934
v 0.366335899 0.314732045 0.550289035
v -0.192266628 0.686233699 0.194521382
v -0.174636707 0.699203432 0.16756475
v -0.306346029 0.696742833 0.179552108
v -0.15770039 0.695779264 0.173525378
v -0.283672541 0.684526086 0.202840671
v -0.17734918 0.682003915 0.20220609
v -0.150209263 0.687249124 0.190232694
v -0.296791136 0.679772556 0.213076919
v -0.174287945 0.666716337 0.232703537
v -0.321789891 0.692713797 0.188459843
v -0.325821579 0.683968425 0.206215918
v -0.320869803 0.659239888 0.255547702
v -0.293729782 0.664485037 0.243574455
v -0.313378632 0.650709748 0.272255003
v -0.278812379 0.660255194 0.251258999
v -0.29644233 0.647285461 0.278215796
v -0.187406495 0.661962807 0.242939726
v -0.164733008 0.649745941 0.266228408
v -0.145257413 0.662520528 0.239564523
v -0.149289131 0.653775036 0.257320583
v -0.14466916 0.684553981 0.25055033
v -0.176760957 0.704037428 0.213191837
v -0.14962098 0.709282696 0.20121856
v -0.157112092 0.717812777 0.184511244
v -0.174048483 0.721236944 0.178550497
v -0.173699647 0.688749909 0.243689269
v -0.191678375 0.708267272 0.205507264
v -0.148700893 0.675808609 0.268306315
v -0.305757791 0.718776464 0.190537915
v -0.283084333 0.706559658 0.213826373
v -0.321201622 0.714747369 0.19944568
v -0.296202928 0.701806009 0.224062681
v -0.32523343 0.706001997 0.21720168
v -0.186818182 0.683996439 0.253925592
v -0.164144814 0.671779573 0.27721408
v -0.293141633 0.68651855 0.254560173
v -0.295854092 0.669319034 0.289201558
v -0.27822417 0.682288826 0.262244791
v -0.320281535 0.681273341 0.266533494
v -0.312790394 0.672743082 0.283240795
v 0.257729262 0.679790795 0.199388564
v 0.349232554 0.68424046 0.205264881
v 0.370882273 0.691215932 0.179028884
v 0.362738848 0.682784736 0.21598576
v 0.23903276 0.684804261 0.170561612
v 0.222388566 0.682242215 0.177667797
v 0.243169829 0.676970303 0.208306924
v 0.215608209 0.677850127 0.196181387
v 0.386652619 0.690230131 0.18821694
v 0.3914074 0.686398923 0.207471117
v 0.388507962 0.674628079 0.261533082
v 0.360946298 0.675507843 0.249407426
v 0.381727606 0.670235932 0.280046493
v 0.34638679 0.672687411 0.258325845
v 0.365083396 0.667673945 0.287152857
v 0.254883558 0.668237686 0.252449512
v 0.233233899 0.661262274 0.27868548
v 0.241377369 0.669693291 0.241728723
v 0.212708741 0.666079104 0.250243187
v 0.217463538 0.662248015 0.269497544
v 0.211208969 0.690114737 0.255396158
v 0.214108422 0.7018857 0.201334253
v 0.241670072 0.701005876 0.213459954
v 0.220888779 0.706277847 0.182820708
v 0.237533048 0.708839893 0.175714493
v 0.239877552 0.693728983 0.24688153
v 0.25622952 0.703826368 0.204541415
v 0.215963766 0.686283588 0.274650425
v 0.36938256 0.715251505 0.18418178
v 0.347732753 0.708276093 0.210417762
v 0.385152876 0.714265764 0.193369731
v 0.361239105 0.706820309 0.221138626
v 0.389907658 0.710434675 0.212624013
v 0.253383785 0.692273378 0.257602423
v 0.231734142 0.685297847 0.283838302
v 0.359446585 0.699543476 0.254560262
v 0.363583684 0.691709518 0.292305708
v 0.344887078 0.696722984 0.263478726
v 0.38700822 0.698663712 0.266685963
v 0.380227894 0.694271564 0.285199523
vt 0.278808594 0.0593566895
vt 0.28515625 0.0166168213
vt 0.272705078 0.0227661133
vt 0.291748047 0.0575561523
vt 0.279296875 0.101257324
vt 0.307128906 0.00768661499
vt 0.292480469 0.101074219
vt 0.277832031 0.141967773
vt 0.3125 0.0547485352
vt 0.312744141 0.00563430786
vt 0.291748047 0.14440918
vt 0.271728516 0.178466797
vt 0.284667969 0.185058594
vt 0.317382812 0.0542602539
vt 0.324462891 0.00412750244
vt 0.313232422 0.101074219
vt 0.3125 0.147338867
vt 0.306640625 0.194335938
vt 0.327392578 0.0532531738
vt 0.330566406 0.00442886353
vt 0.318115234 0.101074219
vt 0.317382812 0.147827148
vt 0.312255859 0.196411133
vt 0.328125 0.101074219
vt 0.327148438 0.148803711
vt 0.323974609 0.198120117
vt 0.332275391 0.0528259277
vt 0.332275391 0.149291992
vt 0.330078125 0.197875977
vt 0.558105469 0.198364258
vt 0.333007812 0.101135254
vt 0.558105469 0.0529174805
vt 0.55859375 0.00458145142
vt 0.579589844 0.00877380371
vt 0.578125 0.0534667969
vt 0.558105469 0.1015625
vt 0.578613281 0.101623535
vt 0.558105469 0.150024414
vt 0.578125 0.149536133
vt 0.579101562 0.194458008
vt 0.629394531 0.151733398
vt 0.598144531 0.141357422
vt 0.595214844 0.15234375
vt 0.623046875 0.161987305
vt 0.655273438 0.171875
vt 0.620605469 0.166992188
vt 0.594726562 0.157836914
vt 0.591308594 0.162109375
vt 0.646972656 0.179931641
vt 0.673828125 0.198120117
vt 0.617675781 0.171386719
vt 0.586914062 0.188476562
vt 0.643066406 0.18371582
vt 0.663574219 0.203857422
vt 0.684082031 0.229125977
vt 0.672363281 0.231689453
vt 0.666992188 0.232055664
vt 0.659179688 0.206665039
vt 0.606445312 0.192504883
vt 0.589355469 0.198242188
vt 0.640136719 0.186645508
vt 0.653808594 0.209716797
vt 0.663085938 0.235717773
vt 0.622558594 0.203125
vt 0.6328125 0.219726562
vt 0.636230469 0.239746094
vt 0.604003906 0.200195312
vt 0.6171875 0.208740234
vt 0.624511719 0.222290039
vt 0.626464844 0.237304688
vt 0.616699219 0.236083984
vt 0.6171875 0.224609375
vt 0.600097656 0.224975586
vt 0.611816406 0.213989258
vt 0.602050781 0.207763672
vt 0.58984375 0.207763672
vt 1.27832031 0.0593566895
vt 1.27246094 0.0227661133
vt 1.28515625 0.0166168213
vt 1.29199219 0.0575561523
vt 1.27929688 0.101257324
vt 1.30664062 0.00768661499
vt 1.29199219 0.101074219
vt 1.27832031 0.141967773
vt 1.3125 0.0547485352
vt 1.3125 0.00563430786
vt 1.31738281 0.0542602539
vt 1.32421875 0.00412750244
vt 1.29199219 0.14440918
vt 1.31347656 0.101074219
vt 1.31835938 0.101074219
vt 1.32714844 0.0532531738
vt 1.28515625 0.185058594
vt 1.27148438 0.178466797
vt 1.3125 0.147338867
vt 1.30664062 0.194335938
vt 1.31738281 0.147827148
vt 1.3125 0.196411133
vt 1.32714844 0.148803711
vt 1.32421875 0.198120117
vt 1.33203125 0.0528259277
vt 1.33007812 0.00442886353
vt 1.328125 0.101074219
vt 1.33300781 0.101135254
vt 1.33203125 0.149291992
vt 1.33007812 0.197875977
vt 1.55859375 0.198364258
vt 1.55859375 0.0529174805
vt 1.55859375 0.00458145142
vt 1.57910156 0.00877380371
vt 1.578125 0.0534667969
vt 1.55859375 0.1015625
vt 1.578125 0.101623535
vt 1.55761719 0.150024414
vt 1.578125 0.149536133
vt 1.57910156 0.194458008
vt 1.59570312 0.15234375
vt 1.59765625 0.141357422
vt 1.62890625 0.151733398
vt 1.62304688 0.161987305
vt 1.65527344 0.171875
vt 1.62011719 0.166992188
vt 1.59472656 0.157836914
vt 1.59082031 0.162109375
vt 1.64746094 0.179931641
vt 1.67382812 0.198120117
vt 1.66308594 0.203857422
vt 1.68457031 0.229125977
vt 1.67285156 0.231689453
vt 1.65917969 0.206665039
vt 1.66699219 0.232055664
vt 1.64355469 0.18371582
vt 1.6171875 0.171386719
vt 1.65429688 0.209716797
vt 1.66308594 0.235717773
vt 1.63671875 0.239746094
vt 1.63964844 0.186645508
vt 1.60644531 0.192504883
vt 1.58691406 0.188476562
vt 1.58886719 0.198242188
vt 1.6328125 0.219726562
vt 1.62304688 0.203125
vt 1.60351562 0.200195312
vt 1.625 0.222290039
vt 1.62695312 0.237304688
vt 1.6171875 0.236083984
vt 1.6171875 0.208740234
vt 1.6171875 0.224609375
vt 1.59960938 0.224975586
vt 1.61132812 0.213989258
vt 1.6015625 0.207763672
vt 1.58984375 0.207763672
vt 0.881347656 0.15234375
vt 0.881347656 0.197875977
vt 0.938476562 0.197875977
vt 0.938476562 0.15234375
vt 0.881347656 0.135986328
vt 0.938476562 0.135986328
vt 0.881347656 0.0646972656
vt 0.938476562 0.0646972656
vt 0.881347656 0.0483703613
vt 0.938476562 0.0483703613
vt 0.881347656 0.00290489197
vt 0.938476562 0.00290489197
vt 0.952636719 0.147583008
vt 0.998046875 0.147583008
vt 0.998046875 0.0531921387
vt 0.952636719 0.0531921387
vt 0.94140625 0.0646972656
vt 0.94140625 0.135986328
vt 0.821289062 0.0531921387
vt 0.821289062 0.147583008
vt 0.866699219 0.147583008
vt 0.866699219 0.0531921387
vt 0.877929688 0.0646972656
vt 0.877929688 0.135986328
vt 0.817382812 0.0313110352
vt 0.732910156 0.0313110352
vt 0.732910156 0.138305664
vt 0.817382812 0.138305664
vt 0.6953125 0.5625
vt 0.725097656 0.5625
vt 0.725097656 0.268798828
vt 0.6953125 0.268798828
vt 0.883300781 0.5625
vt 0.883300781 0.268798828
vt 0.731445312 0.268798828
vt 0.731445312 0.5625
vt 0.00522613525 0.00424194336
vt 0.00522613525 0.157714844
vt 0.0354614258 0.157714844
vt 0.0354614258 0.00424194336
vt 0.0689086914 0.00424194336
vt 0.0689086914 0.157714844
vt 0.0991821289 0.00424194336
vt 0.0991821289 0.157714844
vt 0.132568359 0.00424194336
vt 0.132568359 0.157714844
vt 0.0991821289 0.194213867
vt 0.0991821289 0.160766602
vt 0.0689086914 0.160766602
vt 0.0689086914 0.194213867
vt 0.263427734 0.00402832031
vt 0.233276367 0.157470703
vt 0.263427734 0.157470703
vt 0.233276367 0.00402832031
vt 0.201293945 0.157470703
vt 0.201293945 0.00402832031
vt 0.171020508 0.00402832031
vt 0.171020508 0.157470703
vt 0.139038086 0.157470703
vt 0.139038086 0.00402832031
vt 0.201293945 0.192016602
vt 0.233276367 0.192016602
vt 0.233276367 0.161743164
vt 0.201293945 0.161743164
vt 0.538574219 0.268798828
vt 0.538574219 0.5625
vt 0.690429688 0.5625
vt 0.690429688 0.268798828
vt 0.256835938 0.602050781
vt 0.256835938 0.962402344
vt 0.291259766 0.962402344
vt 0.291259766 0.602050781
vt 0.530761719 0.602050781
vt 0.530761719 0.567382812
vt 0.291259766 0.567382812
vt 0.530761719 0.962402344
vt 0.291259766 0.996582031
vt 0.530761719 0.996582031
vt 0.844726562 0.570800781
vt 0.844726562 0.779296875
vt 0.996582031 0.779296875
vt 0.996582031 0.570800781
vt 0.81640625 0.570800781
vt 0.81640625 0.779296875
vt 0.840820312 0.779296875
vt 0.840820312 0.570800781
vt 0.66015625 0.570800781
vt 0.66015625 0.779296875
vt 0.812011719 0.779296875
vt 0.812011719 0.570800781
vt 0.844238281 0.786132812
vt 0.844238281 0.994628906
vt 0.99609375 0.994628906
vt 0.99609375 0.786132812
vt 0.815429688 0.786132812
vt 0.815429688 0.994628906
vt 0.840332031 0.994628906
vt 0.840332031 0.786132812
vt 0.659667969 0.786132812
vt 0.659667969 0.994628906
vt 0.811523438 0.994628906
vt 0.811523438 0.786132812
vt 0.530761719 0.202270508
vt 0.291259766 0.202270508
vt 0.291259766 0.5625
vt 0.530761719 0.5625
vt 1.6953125 0.5625
vt 1.6953125 0.268798828
vt 1.72558594 0.268798828
vt 1.72558594 0.5625
vt 1.88378906 0.5625
vt 1.73144531 0.5625
vt 1.73144531 0.268798828
vt 1.88378906 0.268798828
vt 1.00488281 0.00424194336
vt 1.03515625 0.157714844
vt 1.00488281 0.157714844
vt 1.03515625 0.00424194336
vt 1.06933594 0.00424194336
vt 1.06933594 0.157714844
vt 1.09960938 0.00424194336
vt 1.09960938 0.157714844
vt 1.1328125 0.00424194336
vt 1.1328125 0.157714844
vt 1.09960938 0.194213867
vt 1.06933594 0.194213867
vt 1.06933594 0.160766602
vt 1.09960938 0.160766602
vt 1.26367188 0.00402832031
vt 1.26367188 0.157470703
vt 1.23339844 0.157470703
vt 1.23339844 0.00402832031
vt 1.20117188 0.157470703
vt 1.20117188 0.00402832031
vt 1.17089844 0.00402832031
vt 1.17089844 0.157470703
vt 1.13867188 0.157470703
vt 1.13867188 0.00402832031
vt 1.20117188 0.192016602
vt 1.20117188 0.161743164
vt 1.23339844 0.161743164
vt 1.23339844 0.192016602
vt 1.53808594 0.268798828
vt 1.69042969 0.268798828
vt 1.69042969 0.5625
vt 1.53808594 0.5625
vt 1.25683594 0.602050781
vt 1.29101562 0.962402344
vt 1.25683594 0.962402344
vt 1.29101562 0.602050781
vt 1.53125 0.602050781
vt 1.53125 0.567382812
vt 1.29101562 0.567382812
vt 1.53125 0.962402344
vt 1.29101562 0.996582031
vt 1.53125 0.996582031
vt 1.84472656 0.570800781
vt 1.99707031 0.570800781
vt 1.99707031 0.779296875
vt 1.84472656 0.779296875
vt 1.81640625 0.570800781
vt 1.84082031 0.570800781
vt 1.84082031 0.779296875
vt 1.81640625 0.779296875
vt 1.66015625 0.570800781
vt 1.8125 0.570800781
vt 1.8125 0.779296875
vt 1.66015625 0.779296875
vt 1.84472656 0.786132812
vt 1.99609375 0.786132812
vt 1.99609375 0.994628906
vt 1.84472656 0.994628906
vt 1.81542969 0.786132812
vt 1.84082031 0.786132812
vt 1.84082031 0.994628906
vt 1.81542969 0.994628906
vt 1.65917969 0.786132812
vt 1.81152344 0.786132812
vt 1.81152344 0.994628906
vt 1.65917969 0.994628906
vt 1.53125 0.202270508
vt 1.53125 0.5625
vt 1.29101562 0.5625
vt 1.29101562 0.202270508
vt 0.994628906 0.250488281
vt 0.90625 0.250488281
vt 0.90625 0.563964844
vt 0.994628906 0.563964844
vt 0.70703125 0.00770187378
vt 0.70703125 0.0203552246
vt 0.75390625 0.0203552246
vt 0.75390625 0.00770187378
vt 0.763183594 0.0203552246
vt 0.763183594 0.00770187378
vt 0.780761719 0.0203552246
vt 0.780761719 0.00770187378
vt 0.789550781 0.0203552246
vt 0.789550781 0.00770187378
vt 0.836425781 0.0203552246
vt 0.836425781 0.00770187378
vt 0.845703125 0.0203552246
vt 0.845703125 0.00770187378
vt 0.86328125 0.0203552246
vt 0.86328125 0.00770187378
vt 0.872070312 0.0203552246
vt 0.872070312 0.00770187378
vt 0.606933594 0.260742188
vt 0.5390625 0.248046875
vt 0.5390625 0.260742188
vt 0.606933594 0.248046875
vt 0.616699219 0.248046875
vt 0.616699219 0.260742188
vt 0.626953125 0.248046875
vt 0.626953125 0.260742188
vt 0.655273438 0.248046875
vt 0.655273438 0.260742188
vt 0.666015625 0.248046875
vt 0.666015625 0.260742188
vt 0.675292969 0.248046875
vt 0.675292969 0.260742188
vt 0.743164062 0.260742188
vt 0.743164062 0.248046875
vt 0.752441406 0.248046875
vt 0.752441406 0.260742188
vt 0.762695312 0.248046875
vt 0.762695312 0.260742188
vt 0.791503906 0.248046875
vt 0.791503906 0.260742188
vt 0.801757812 0.248046875
vt 0.801757812 0.260742188
vt 0.811035156 0.248046875
vt 0.811035156 0.260742188
vt 1.88183594 0.15234375
vt 1.93847656 0.197875977
vt 1.88183594 0.197875977
vt 1.93847656 0.15234375
vt 1.88183594 0.135986328
vt 1.93847656 0.135986328
vt 1.88183594 0.0646972656
vt 1.93847656 0.0646972656
vt 1.88183594 0.0483703613
vt 1.93847656 0.0483703613
vt 1.88183594 0.00290489197
vt 1.93847656 0.00290489197
vt 1.953125 0.147583008
vt 1.99804688 0.0531921387
vt 1.99804688 0.147583008
vt 1.953125 0.0531921387
vt 1.94140625 0.0646972656
vt 1.94140625 0.135986328
vt 1.82128906 0.0531921387
vt 1.86621094 0.147583008
vt 1.82128906 0.147583008
vt 1.86621094 0.0531921387
vt 1.87792969 0.0646972656
vt 1.87792969 0.135986328
vt 1.81738281 0.0313110352
vt 1.81738281 0.138305664
vt 1.73242188 0.138305664
vt 1.73242188 0.0313110352
vt 1.70703125 0.0203552246
vt 1.75390625 0.00770187378
vt 1.70703125 0.00770187378
vt 1.75390625 0.0203552246
vt 1.76269531 0.00770187378
vt 1.76269531 0.0203552246
vt 1.78027344 0.00770187378
vt 1.78027344 0.0203552246
vt 1.7890625 0.00770187378
vt 1.7890625 0.0203552246
vt 1.83691406 0.00770187378
vt 1.83691406 0.0203552246
vt 1.84570312 0.00770187378
vt 1.84570312 0.0203552246
vt 1.86328125 0.00770187378
vt 1.86328125 0.0203552246
vt 1.87207031 0.00770187378
vt 1.87207031 0.0203552246
vt 1.60742188 0.248046875
vt 1.5390625 0.248046875
vt 1.5390625 0.260742188
vt 1.60742188 0.260742188
vt 1.61621094 0.260742188
vt 1.61621094 0.248046875
vt 1.62695312 0.260742188
vt 1.62695312 0.248046875
vt 1.65527344 0.260742188
vt 1.65527344 0.248046875
vt 1.66601562 0.260742188
vt 1.66601562 0.248046875
vt 1.67480469 0.260742188
vt 1.67480469 0.248046875
vt 1.74316406 0.248046875
vt 1.74316406 0.260742188
vt 1.75292969 0.260742188
vt 1.75292969 0.248046875
vt 1.76269531 0.260742188
vt 1.76269531 0.248046875
vt 1.79101562 0.260742188
vt 1.79101562 0.248046875
vt 1.80175781 0.260742188
vt 1.80175781 0.248046875
vt 1.81152344 0.260742188
vt 1.81152344 0.248046875
vt 1.70703125 0.00770187378
vt 1.70703125 0.0203552246
vt 1.75390625 0.0203552246
vt 1.75390625 0.00770187378
vt 1.76269531 0.0203552246
vt 1.76269531 0.00770187378
vt 1.78027344 0.0203552246
vt 1.78027344 0.00770187378
vt 1.7890625 0.0203552246
vt 1.7890625 0.00770187378
vt 1.83691406 0.0203552246
vt 1.83691406 0.00770187378
vt 1.84570312 0.0203552246
vt 1.84570312 0.00770187378
vt 1.86328125 0.0203552246
vt 1.86328125 0.00770187378
vt 1.87207031 0.0203552246
vt 1.87207031 0.00770187378
vt 1.60742188 0.260742188
vt 1.5390625 0.248046875
vt 1.5390625 0.260742188
vt 1.60742188 0.248046875
vt 1.61621094 0.248046875
vt 1.61621094 0.260742188
vt 1.62695312 0.248046875
vt 1.62695312 0.260742188
vt 1.65527344 0.248046875
vt 1.65527344 0.260742188
vt 1.66601562 0.248046875
vt 1.66601562 0.260742188
vt 1.67480469 0.248046875
vt 1.67480469 0.260742188
vt 1.74316406 0.260742188
vt 1.74316406 0.248046875
vt 1.75292969 0.248046875
vt 1.75292969 0.260742188
vt 1.76269531 0.248046875
vt 1.76269531 0.260742188
vt 1.79101562 0.248046875
vt 1.79101562 0.260742188
vt 1.80175781 0.248046875
vt 1.80175781 0.260742188
vt 1.81152344 0.248046875
vt 1.81152344 0.260742188
vt 1.88183594 0.15234375
vt 1.88183594 0.197875977
vt 1.93847656 0.197875977
vt 1.93847656 0.15234375
vt 1.88183594 0.135986328
vt 1.93847656 0.135986328
vt 1.88183594 0.0646972656
vt 1.93847656 0.0646972656
vt 1.88183594 0.0483703613
vt 1.93847656 0.0483703613
vt 1.88183594 0.00290489197
vt 1.93847656 0.00290489197
vt 1.953125 0.147583008
vt 1.99804688 0.147583008
vt 1.99804688 0.0531921387
vt 1.953125 0.0531921387
vt 1.94140625 0.0646972656
vt 1.94140625 0.135986328
vt 1.82128906 0.0531921387
vt 1.82128906 0.147583008
vt 1.86621094 0.147583008
vt 1.86621094 0.0531921387
vt 1.87792969 0.0646972656
vt 1.87792969 0.135986328
vt 1.81738281 0.0313110352
vt 1.73242188 0.0313110352
vt 1.73242188 0.138305664
vt 1.81738281 0.138305664
vt 1.70703125 0.0203552246
vt 1.75390625 0.00770187378
vt 1.70703125 0.00770187378
vt 1.75390625 0.0203552246
vt 1.76269531 0.00770187378
vt 1.76269531 0.0203552246
vt 1.78027344 0.00770187378
vt 1.78027344 0.0203552246
vt 1.7890625 0.00770187378
vt 1.7890625 0.0203552246
vt 1.83691406 0.00770187378
vt 1.83691406 0.0203552246
vt 1.84570312 0.00770187378
vt 1.84570312 0.0203552246
vt 1.86328125 0.00770187378
vt 1.86328125 0.0203552246
vt 1.87207031 0.00770187378
vt 1.87207031 0.0203552246
vt 1.60742188 0.248046875
vt 1.5390625 0.248046875
vt 1.5390625 0.260742188
vt 1.60742188 0.260742188
vt 1.61621094 0.260742188
vt 1.61621094 0.248046875
vt 1.62695312 0.260742188
vt 1.62695312 0.248046875
vt 1.65527344 0.260742188
vt 1.65527344 0.248046875
vt 1.66601562 0.260742188
vt 1.66601562 0.248046875
vt 1.67480469 0.260742188
vt 1.67480469 0.248046875
vt 1.74316406 0.248046875
vt 1.74316406 0.260742188
vt 1.75292969 0.260742188
vt 1.75292969 0.248046875
vt 1.76269531 0.260742188
vt 1.76269531 0.248046875
vt 1.79101562 0.260742188
vt 1.79101562 0.248046875
vt 1.80175781 0.260742188
vt 1.80175781 0.248046875
vt 1.81152344 0.260742188
vt 1.81152344 0.248046875
vt 1.88183594 0.15234375
vt 1.93847656 0.197875977
vt 1.88183594 0.197875977
vt 1.93847656 0.15234375
vt 1.88183594 0.135986328
vt 1.93847656 0.135986328
vt 1.88183594 0.0646972656
vt 1.93847656 0.0646972656
vt 1.88183594 0.0483703613
vt 1.93847656 0.0483703613
vt 1.88183594 0.00290489197
vt 1.93847656 0.00290489197
vt 1.953125 0.147583008
vt 1.99804688 0.0531921387
vt 1.99804688 0.147583008
vt 1.953125 0.0531921387
vt 1.94140625 0.0646972656
vt 1.94140625 0.135986328
vt 1.82128906 0.0531921387
vt 1.86621094 0.147583008
vt 1.82128906 0.147583008
vt 1.86621094 0.0531921387
vt 1.87792969 0.0646972656
vt 1.87792969 0.135986328
vt 1.81738281 0.0313110352
vt 1.81738281 0.138305664
vt 1.73242188 0.138305664
vt 1.73242188 0.0313110352
vt 0.283203125 0.593261719
vt 0.283203125 0.232666016
vt 0.248657227 0.232666016
vt 0.248657227 0.593261719
vt 0.00916290283 0.593261719
vt 0.00916290283 0.627441406
vt 0.248657227 0.627441406
vt 0.00916290283 0.232666016
vt 0.248657227 0.198242188
vt 0.00916290283 0.198242188
vt 0.00916290283 0.993164062
vt 0.248657227 0.993164062
vt 0.248657227 0.632324219
vt 0.00916290283 0.632324219
vt 1.28320312 0.593261719
vt 1.24902344 0.232666016
vt 1.28320312 0.232666016
vt 1.24902344 0.593261719
vt 1.00878906 0.593261719
vt 1.00878906 0.627441406
vt 1.24902344 0.627441406
vt 1.00878906 0.232666016
vt 1.24902344 0.198242188
vt 1.00878906 0.198242188
vt 1.00878906 0.993164062
vt 1.00878906 0.632324219
vt 1.24902344 0.632324219
vt 1.24902344 0.993164062
vt 0.619140625 0.577148438
vt 0.571777344 0.577148438
vt 0.571777344 0.611816406
vt 0.619140625 0.611816406
vt 0.537109375 0.616210938
vt 0.537109375 0.95703125
vt 0.571777344 0.95703125
vt 0.571777344 0.616210938
vt 0.619140625 0.616210938
vt 0.619140625 0.95703125
vt 0.653808594 0.95703125
vt 0.653808594 0.616210938
vt 0.571777344 0.99609375
vt 0.619140625 0.99609375
vt 0.619140625 0.961425781
vt 0.571777344 0.961425781
vt 1.61914062 0.577148438
vt 1.61914062 0.611816406
vt 1.57226562 0.611816406
vt 1.57226562 0.577148438
vt 1.53710938 0.616210938
vt 1.57226562 0.95703125
vt 1.53710938 0.95703125
vt 1.57226562 0.616210938
vt 1.61914062 0.616210938
vt 1.61914062 0.95703125
vt 1.65429688 0.95703125
vt 1.65429688 0.616210938
vt 1.57226562 0.99609375
vt 1.57226562 0.961425781
vt 1.61914062 0.961425781
vt 1.61914062 0.99609375
vt 0.278808594 0.0593566895
vt 0.28515625 0.0166168213
vt 0.272705078 0.0227661133
vt 0.291748047 0.0575561523
vt 0.279296875 0.101257324
vt 0.307128906 0.00768661499
vt 0.292480469 0.101074219
vt 0.277832031 0.141967773
vt 0.3125 0.0547485352
vt 0.312744141 0.00563430786
vt 0.291748047 0.14440918
vt 0.271728516 0.178466797
vt 0.284667969 0.185058594
vt 0.317382812 0.0542602539
vt 0.324462891 0.00412750244
vt 0.313232422 0.101074219
vt 0.3125 0.147338867
vt 0.306640625 0.194335938
vt 0.327392578 0.0532531738
vt 0.330566406 0.00442886353
vt 0.318115234 0.101074219
vt 0.317382812 0.147827148
vt 0.312255859 0.196411133
vt 0.328125 0.101074219
vt 0.327148438 0.148803711
vt 0.323974609 0.198120117
vt 0.332275391 0.0528259277
vt 0.332275391 0.149291992
vt 0.330078125 0.197875977
vt 0.558105469 0.198364258
vt 0.333007812 0.101135254
vt 0.558105469 0.0529174805
vt 0.55859375 0.00458145142
vt 0.579589844 0.00877380371
vt 0.578125 0.0534667969
vt 0.558105469 0.1015625
vt 0.578613281 0.101623535
vt 0.558105469 0.150024414
vt 0.578125 0.149536133
vt 0.579101562 0.194458008
vt 0.629394531 0.151733398
vt 0.598144531 0.141357422
vt 0.595214844 0.15234375
vt 0.623046875 0.161987305
vt 0.655273438 0.171875
vt 0.620605469 0.166992188
vt 0.594726562 0.157836914
vt 0.591308594 0.162109375
vt 0.646972656 0.179931641
vt 0.673828125 0.198120117
vt 0.617675781 0.171386719
vt 0.586914062 0.188476562
vt 0.643066406 0.18371582
vt 0.663574219 0.203857422
vt 0.684082031 0.229125977
vt 0.672363281 0.231689453
vt 0.666992188 0.232055664
vt 0.659179688 0.206665039
vt 0.606445312 0.192504883
vt 0.589355469 0.198242188
vt 0.640136719 0.186645508
vt 0.653808594 0.209716797
vt 0.663085938 0.235717773
vt 0.622558594 0.203125
vt 0.6328125 0.219726562
vt 0.636230469 0.239746094
vt 0.604003906 0.200195312
vt 0.6171875 0.208740234
vt 0.624511719 0.222290039
vt 0.626464844 0.237304688
vt 0.616699219 0.236083984
vt 0.6171875 0.224609375
vt 0.600097656 0.224975586
vt 0.611816406 0.213989258
vt 0.602050781 0.207763672
vt 0.58984375 0.207763672
vt 1.27832031 0.0593566895
vt 1.27246094 0.0227661133
vt 1.28515625 0.0166168213
vt 1.29199219 0.0575561523
vt 1.27929688 0.101257324
vt 1.30664062 0.00768661499
vt 1.29199219 0.101074219
vt 1.27832031 0.141967773
vt 1.3125 0.0547485352
vt 1.3125 0.00563430786
vt 1.31738281 0.0542602539
vt 1.32421875 0.00412750244
vt 1.29199219 0.14440918
vt 1.31347656 0.101074219
vt 1.31835938 0.101074219
vt 1.32714844 0.0532531738
vt 1.28515625 0.185058594
vt 1.27148438 0.178466797
vt 1.3125 0.147338867
vt 1.30664062 0.194335938
vt 1.31738281 0.147827148
vt 1.3125 0.196411133
vt 1.32714844 0.148803711
vt 1.32421875 0.198120117
vt 1.33203125 0.0528259277
vt 1.33007812 0.00442886353
vt 1.328125 0.101074219
vt 1.33300781 0.101135254
vt 1.33203125 0.149291992
vt 1.33007812 0.197875977
vt 1.55859375 0.198364258
vt 1.55859375 0.0529174805
vt 1.55859375 0.00458145142
vt 1.57910156 0.00877380371
vt 1.578125 0.0534667969
vt 1.55859375 0.1015625
vt 1.578125 0.101623535
vt 1.55761719 0.150024414
vt 1.578125 0.149536133
vt 1.57910156 0.194458008
vt 1.59570312 0.15234375
vt 1.59765625 0.141357422
vt 1.62890625 0.151733398
vt 1.62304688 0.161987305
vt 1.65527344 0.171875
vt 1.62011719 0.166992188
vt 1.59472656 0.157836914
vt 1.59082031 0.162109375
vt 1.64746094 0.179931641
vt 1.67382812 0.198120117
vt 1.66308594 0.203857422
vt 1.68457031 0.229125977
vt 1.67285156 0.231689453
vt 1.65917969 0.206665039
vt 1.66699219 0.232055664
vt 1.64355469 0.18371582
vt 1.6171875 0.171386719
vt 1.65429688 0.209716797
vt 1.66308594 0.235717773
vt 1.63671875 0.239746094
vt 1.63964844 0.186645508
vt 1.60644531 0.192504883
vt 1.58691406 0.188476562
vt 1.58886719 0.198242188
vt 1.6328125 0.219726562
vt 1.62304688 0.203125
vt 1.60351562 0.200195312
vt 1.625 0.222290039
vt 1.62695312 0.237304688
vt 1.6171875 0.236083984
vt 1.6171875 0.208740234
vt 1.6171875 0.224609375
vt 1.59960938 0.224975586
vt 1.61132812 0.213989258
vt 1.6015625 0.207763672
vt 1.58984375 0.207763672
vt 0.278808594 0.0593566895
vt 0.28515625 0.0166168213
vt 0.272705078 0.0227661133
vt 0.291748047 0.0575561523
vt 0.279296875 0.101257324
vt 0.307128906 0.00768661499
vt 0.292480469 0.101074219
vt 0.277832031 0.141967773
vt 0.3125 0.0547485352
vt 0.312744141 0.00563430786
vt 0.291748047 0.14440918
vt 0.271728516 0.178466797
vt 0.284667969 0.185058594
vt 0.317382812 0.0542602539
vt 0.324462891 0.00412750244
vt 0.313232422 0.101074219
vt 0.3125 0.147338867
vt 0.306640625 0.194335938
vt 0.327392578 0.0532531738
vt 0.330566406 0.00442886353
vt 0.318115234 0.101074219
vt 0.317382812 0.147827148
vt 0.312255859 0.196411133
vt 0.328125 0.101074219
vt 0.327148438 0.148803711
vt 0.323974609 0.198120117
vt 0.332275391 0.0528259277
vt 0.332275391 0.149291992
vt 0.330078125 0.197875977
vt 0.558105469 0.198364258
vt 0.333007812 0.101135254
vt 0.558105469 0.0529174805
vt 0.55859375 0.00458145142
vt 0.579589844 0.00877380371
vt 0.578125 0.0534667969
vt 0.558105469 0.1015625
vt 0.578613281 0.101623535
vt 0.558105469 0.150024414
vt 0.578125 0.149536133
vt 0.579101562 0.194458008
vt 0.629394531 0.151733398
vt 0.598144531 0.141357422
vt 0.595214844 0.15234375
vt 0.623046875 0.161987305
vt 0.655273438 0.171875
vt 0.620605469 0.166992188
vt 0.594726562 0.157836914
vt 0.591308594 0.162109375
vt 0.646972656 0.179931641
vt 0.673828125 0.198120117
vt 0.617675781 0.171386719
vt 0.586914062 0.188476562
vt 0.643066406 0.18371582
vt 0.663574219 0.203857422
vt 0.684082031 0.229125977
vt 0.672363281 0.231689453
vt 0.666992188 0.232055664
vt 0.659179688 0.206665039
vt 0.606445312 0.192504883
vt 0.589355469 0.198242188
vt 0.640136719 0.186645508
vt 0.653808594 0.209716797
vt 0.663085938 0.235717773
vt 0.622558594 0.203125
vt 0.6328125 0.219726562
vt 0.636230469 0.239746094
vt 0.604003906 0.200195312
vt 0.6171875 0.208740234
vt 0.624511719 0.222290039
vt 0.626464844 0.237304688
vt 0.616699219 0.236083984
vt 0.6171875 0.224609375
vt 0.600097656 0.224975586
vt 0.611816406 0.213989258
vt 0.602050781 0.207763672
vt 0.58984375 0.207763672
vt 1.27832031 0.0593566895
vt 1.27246094 0.0227661133
vt 1.28515625 0.0166168213
vt 1.29199219 0.0575561523
vt 1.27929688 0.101257324
vt 1.30664062 0.00768661499
vt 1.29199219 0.101074219
vt 1.27832031 0.141967773
vt 1.3125 0.0547485352
vt 1.3125 0.00563430786
vt 1.31738281 0.0542602539
vt 1.32421875 0.00412750244
vt 1.29199219 0.14440918
vt 1.31347656 0.101074219
vt 1.31835938 0.101074219
vt 1.32714844 0.0532531738
vt 1.28515625 0.185058594
vt 1.27148438 0.178466797
vt 1.3125 0.147338867
vt 1.30664062 0.194335938
vt 1.31738281 0.147827148
vt 1.3125 0.196411133
vt 1.32714844 0.148803711
vt 1.32421875 0.198120117
vt 1.33203125 0.0528259277
vt 1.33007812 0.00442886353
vt 1.328125 0.101074219
vt 1.33300781 0.101135254
vt 1.33203125 0.149291992
vt 1.33007812 0.197875977
vt 1.55859375 0.198364258
vt 1.55859375 0.0529174805
vt 1.55859375 0.00458145142
vt 1.57910156 0.00877380371
vt 1.578125 0.0534667969
vt 1.55859375 0.1015625
vt 1.578125 0.101623535
vt 1.55761719 0.150024414
vt 1.578125 0.149536133
vt 1.57910156 0.194458008
vt 1.59570312 0.15234375
vt 1.59765625 0.141357422
vt 1.62890625 0.151733398
vt 1.62304688 0.161987305
vt 1.65527344 0.171875
vt 1.62011719 0.166992188
vt 1.59472656 0.157836914
vt 1.59082031 0.162109375
vt 1.64746094 0.179931641
vt 1.67382812 0.198120117
vt 1.66308594 0.203857422
vt 1.68457031 0.229125977
vt 1.67285156 0.231689453
vt 1.65917969 0.206665039
vt 1.66699219 0.232055664
vt 1.64355469 0.18371582
vt 1.6171875 0.171386719
vt 1.65429688 0.209716797
vt 1.66308594 0.235717773
vt 1.63671875 0.239746094
vt 1.63964844 0.186645508
vt 1.60644531 0.192504883
vt 1.58691406 0.188476562
vt 1.58886719 0.198242188
vt 1.6328125 0.219726562
vt 1.62304688 0.203125
vt 1.60351562 0.200195312
vt 1.625 0.222290039
vt 1.62695312 0.237304688
vt 1.6171875 0.236083984
vt 1.6171875 0.208740234
vt 1.6171875 0.224609375
vt 1.59960938 0.224975586
vt 1.61132812 0.213989258
vt 1.6015625 0.207763672
vt 1.58984375 0.207763672
vt 0.278808594 0.0593566895
vt 0.28515625 0.0166168213
vt 0.272705078 0.0227661133
vt 0.291748047 0.0575561523
vt 0.279296875 0.101257324
vt 0.307128906 0.00768661499
vt 0.292480469 0.101074219
vt 0.277832031 0.141967773
vt 0.3125 0.0547485352
vt 0.312744141 0.00563430786
vt 0.291748047 0.14440918
vt 0.271728516 0.178466797
vt 0.284667969 0.185058594
vt 0.317382812 0.0542602539
vt 0.324462891 0.00412750244
vt 0.313232422 0.101074219
vt 0.3125 0.147338867
vt 0.306640625 0.194335938
vt 0.327392578 0.0532531738
vt 0.330566406 0.00442886353
vt 0.318115234 0.101074219
vt 0.317382812 0.147827148
vt 0.312255859 0.196411133
vt 0.328125 0.101074219
vt 0.327148438 0.148803711
vt 0.323974609 0.198120117
vt 0.332275391 0.0528259277
vt 0.332275391 0.149291992
vt 0.330078125 0.197875977
vt 0.558105469 0.198364258
vt 0.333007812 0.101135254
vt 0.558105469 0.0529174805
vt 0.55859375 0.00458145142
vt 0.579589844 0.00877380371
vt 0.578125 0.0534667969
vt 0.558105469 0.1015625
vt 0.578613281 0.101623535
vt 0.558105469 0.150024414
vt 0.578125 0.149536133
vt 0.579101562 0.194458008
vt 0.629394531 0.151733398
vt 0.598144531 0.141357422
vt 0.595214844 0.15234375
vt 0.623046875 0.161987305
vt 0.655273438 0.171875
vt 0.620605469 0.166992188
vt 0.594726562 0.157836914
vt 0.591308594 0.162109375
vt 0.646972656 0.179931641
vt 0.673828125 0.198120117
vt 0.617675781 0.171386719
vt 0.586914062 0.188476562
vt 0.643066406 0.18371582
vt 0.663574219 0.203857422
vt 0.684082031 0.229125977
vt 0.672363281 0.231689453
vt 0.666992188 0.232055664
vt 0.659179688 0.206665039
vt 0.606445312 0.192504883
vt 0.589355469 0.198242188
vt 0.640136719 0.186645508
vt 0.653808594 0.209716797
vt 0.663085938 0.235717773
vt 0.622558594 0.203125
vt 0.6328125 0.219726562
vt 0.636230469 0.239746094
vt 0.604003906 0.200195312
vt 0.6171875 0.208740234
vt 0.624511719 0.222290039
vt 0.626464844 0.237304688
vt 0.616699219 0.236083984
vt 0.6171875 0.224609375
vt 0.600097656 0.224975586
vt 0.611816406 0.213989258
vt 0.602050781 0.207763672
vt 0.58984375 0.207763672
vt 1.27832031 0.0593566895
vt 1.27246094 0.0227661133
vt 1.28515625 0.0166168213
vt 1.29199219 0.0575561523
vt 1.27929688 0.101257324
vt 1.30664062 0.00768661499
vt 1.29199219 0.101074219
vt 1.27832031 0.141967773
vt 1.3125 0.0547485352
vt 1.3125 0.00563430786
vt 1.31738281 0.0542602539
vt 1.32421875 0.00412750244
vt 1.29199219 0.14440918
vt 1.31347656 0.101074219
vt 1.31835938 0.101074219
vt 1.32714844 0.0532531738
vt 1.28515625 0.185058594
vt 1.27148438 0.178466797
vt 1.3125 0.147338867
vt 1.30664062 0.194335938
vt 1.31738281 0.147827148
vt 1.3125 0.196411133
vt 1.32714844 0.148803711
vt 1.32421875 0.198120117
vt 1.33203125 0.0528259277
vt 1.33007812 0.00442886353
vt 1.328125 0.101074219
vt 1.33300781 0.101135254
vt 1.33203125 0.149291992
vt 1.33007812 0.197875977
vt 1.55859375 0.198364258
vt 1.55859375 0.0529174805
vt 1.55859375 0.00458145142
vt 1.57910156 0.00877380371
vt 1.578125 0.0534667969
vt 1.55859375 0.1015625
vt 1.578125 0.101623535
vt 1.55761719 0.150024414
vt 1.578125 0.149536133
vt 1.57910156 0.194458008
vt 1.59570312 0.15234375
vt 1.59765625 0.141357422
vt 1.62890625 0.151733398
vt 1.62304688 0.161987305
vt 1.65527344 0.171875
vt 1.62011719 0.166992188
vt 1.59472656 0.157836914
vt 1.59082031 0.162109375
vt 1.64746094 0.179931641
vt 1.67382812 0.198120117
vt 1.66308594 0.203857422
vt 1.68457031 0.229125977
vt 1.67285156 0.231689453
vt 1.65917969 0.206665039
vt 1.66699219 0.232055664
vt 1.64355469 0.18371582
vt 1.6171875 0.171386719
vt 1.65429688 0.209716797
vt 1.66308594 0.235717773
vt 1.63671875 0.239746094
vt 1.63964844 0.186645508
vt 1.60644531 0.192504883
vt 1.58691406 0.188476562
vt 1.58886719 0.198242188
vt 1.6328125 0.219726562
vt 1.62304688 0.203125
vt 1.60351562 0.200195312
vt 1.625 0.222290039
vt 1.62695312 0.237304688
vt 1.6171875 0.236083984
vt 1.6171875 0.208740234
vt 1.6171875 0.224609375
vt 1.59960938 0.224975586
vt 1.61132812 0.213989258
vt 1.6015625 0.207763672
vt 1.58984375 0.207763672
vt 0.698730469 0.0425720215
vt 0.703125 0.0279083252
vt 0.6796875 0.0149078369
vt 0.720214844 0.0478820801
vt 0.676757812 0.0425109863
vt 0.592285156 0.0157165527
vt 0.601074219 0.0606689453
vt 0.583496094 0.0190124512
vt 0.592285156 0.0631103516
vt 0.610351562 0.110168457
vt 0.684570312 0.0679321289
vt 0.702636719 0.058013916
vt 0.618164062 0.10559082
vt 0.647949219 0.143432617
vt 0.641113281 0.149658203
vt 0.674316406 0.180053711
vt 0.681640625 0.174194336
vt 0.728027344 0.0996704102
vt 0.702636719 0.087890625
vt 0.713378906 0.0692749023
vt 0.728515625 0.0729370117
vt 1.6015625 0.0606689453
vt 1.59179688 0.0631103516
vt 1.58398438 0.0190124512
vt 1.59277344 0.0157165527
vt 1.61035156 0.110168457
vt 1.6796875 0.0149078369
vt 1.61816406 0.10559082
vt 1.64746094 0.143432617
vt 1.64160156 0.149658203
vt 1.67480469 0.180053711
vt 1.68164062 0.174194336
vt 1.72753906 0.0996704102
vt 1.68457031 0.0679321289
vt 1.70214844 0.087890625
vt 1.72851562 0.0729370117
vt 1.67675781 0.0425109863
vt 1.70214844 0.058013916
vt 1.71386719 0.0692749023
vt 1.72070312 0.0478820801
vt 1.69824219 0.0425720215
vt 1.703125 0.0279083252
vt 0.698730469 0.0425720215
vt 0.703125 0.0279083252
vt 0.6796875 0.0149078369
vt 0.720214844 0.0478820801
vt 0.676757812 0.0425109863
vt 0.592285156 0.0157165527
vt 0.601074219 0.0606689453
vt 0.583496094 0.0190124512
vt 0.592285156 0.0631103516
vt 0.610351562 0.110168457
vt 0.684570312 0.0679321289
vt 0.702636719 0.058013916
vt 0.618164062 0.10559082
vt 0.647949219 0.143432617
vt 0.641113281 0.149658203
vt 0.674316406 0.180053711
vt 0.681640625 0.174194336
vt 0.728027344 0.0996704102
vt 0.702636719 0.087890625
vt 0.713378906 0.0692749023
vt 0.728515625 0.0729370117
vt 1.6015625 0.0606689453
vt 1.59179688 0.0631103516
vt 1.58398438 0.0190124512
vt 1.59277344 0.0157165527
vt 1.61035156 0.110168457
vt 1.6796875 0.0149078369
vt 1.61816406 0.10559082
vt 1.64746094 0.143432617
vt 1.64160156 0.149658203
vt 1.67480469 0.180053711
vt 1.68164062 0.174194336
vt 1.72753906 0.0996704102
vt 1.68457031 0.0679321289
vt 1.70214844 0.087890625
vt 1.72851562 0.0729370117
vt 1.67675781 0.0425109863
vt 1.70214844 0.058013916
vt 1.71386719 0.0692749023
vt 1.72070312 0.0478820801
vt 1.69824219 0.0425720215
vt 1.703125 0.0279083252
vt 0.698730469 0.0425720215
vt 0.703125 0.0279083252
vt 0.6796875 0.0149078369
vt 0.720214844 0.0478820801
vt 0.676757812 0.0425109863
vt 0.592285156 0.0157165527
vt 0.601074219 0.0606689453
vt 0.583496094 0.0190124512
vt 0.592285156 0.0631103516
vt 0.610351562 0.110168457
vt 0.684570312 0.0679321289
vt 0.702636719 0.058013916
vt 0.618164062 0.10559082
vt 0.647949219 0.143432617
vt 0.641113281 0.149658203
vt 0.674316406 0.180053711
vt 0.681640625 0.174194336
vt 0.728027344 0.0996704102
vt 0.702636719 0.087890625
vt 0.713378906 0.0692749023
vt 0.728515625 0.0729370117
vt 1.6015625 0.0606689453
vt 1.59179688 0.0631103516
vt 1.58398438 0.0190124512
vt 1.59277344 0.0157165527
vt 1.61035156 0.110168457
vt 1.6796875 0.0149078369
vt 1.61816406 0.10559082
vt 1.64746094 0.143432617
vt 1.64160156 0.149658203
vt 1.67480469 0.180053711
vt 1.68164062 0.174194336
vt 1.72753906 0.0996704102
vt 1.68457031 0.0679321289
vt 1.70214844 0.087890625
vt 1.72851562 0.0729370117
vt 1.67675781 0.0425109863
vt 1.70214844 0.058013916
vt 1.71386719 0.0692749023
vt 1.72070312 0.0478820801
vt 1.69824219 0.0425720215
vt 1.703125 0.0279083252
vt 0.698730469 0.0425720215
vt 0.703125 0.0279083252
vt 0.6796875 0.0149078369
vt 0.720214844 0.0478820801
vt 0.676757812 0.0425109863
vt 0.592285156 0.0157165527
vt 0.601074219 0.0606689453
vt 0.583496094 0.0190124512
vt 0.592285156 0.0631103516
vt 0.610351562 0.110168457
vt 0.684570312 0.0679321289
vt 0.702636719 0.058013916
vt 0.618164062 0.10559082
vt 0.647949219 0.143432617
vt 0.641113281 0.149658203
vt 0.674316406 0.180053711
vt 0.681640625 0.174194336
vt 0.728027344 0.0996704102
vt 0.702636719 0.087890625
vt 0.713378906 0.0692749023
vt 0.728515625 0.0729370117
vt 1.6015625 0.0606689453
vt 1.59179688 0.0631103516
vt 1.58398438 0.0190124512
vt 1.59277344 0.0157165527
vt 1.61035156 0.110168457
vt 1.6796875 0.0149078369
vt 1.61816406 0.10559082
vt 1.64746094 0.143432617
vt 1.64160156 0.149658203
vt 1.67480469 0.180053711
vt 1.68164062 0.174194336
vt 1.72753906 0.0996704102
vt 1.68457031 0.0679321289
vt 1.70214844 0.087890625
vt 1.72851562 0.0729370117
vt 1.67675781 0.0425109863
vt 1.70214844 0.058013916
vt 1.71386719 0.0692749023
vt 1.72070312 0.0478820801
vt 1.69824219 0.0425720215
vt 1.703125 0.0279083252
vt 0.789550781 0.217041016
vt 0.804199219 0.227539062
vt 0.804199219 0.159545898
vt 0.799804688 0.235839844
vt 0.789550781 0.169921875
vt 0.784667969 0.224365234
vt 0.790039062 0.238769531
vt 0.784667969 0.162719727
vt 0.766601562 0.224365234
vt 0.799804688 0.151123047
vt 0.790039062 0.148193359
vt 0.761230469 0.148193359
vt 0.766601562 0.162719727
vt 0.751464844 0.151123047
vt 0.76171875 0.169921875
vt 0.747070312 0.159545898
vt 0.76171875 0.217041016
vt 0.747070312 0.227539062
vt 0.761230469 0.238769531
vt 0.751464844 0.235839844
vt 0.860351562 0.244018555
vt 0.837402344 0.229492188
vt 0.83203125 0.244018555
vt 0.821777344 0.240966797
vt 0.817382812 0.232666016
vt 0.854980469 0.229492188
vt 0.83203125 0.222290039
vt 0.870117188 0.240966797
vt 0.817382812 0.164672852
vt 0.83203125 0.175048828
vt 0.821777344 0.15637207
vt 0.837402344 0.16784668
vt 0.83203125 0.153320312
vt 0.859863281 0.222290039
vt 0.874511719 0.232666016
vt 0.874511719 0.164672852
vt 0.859863281 0.175048828
vt 0.870117188 0.15637207
vt 0.854980469 0.16784668
vt 0.860351562 0.153320312
vt 1.79003906 0.217041016
vt 1.79003906 0.169921875
vt 1.80371094 0.159545898
vt 1.78417969 0.162719727
vt 1.80371094 0.227539062
vt 1.79980469 0.235839844
vt 1.78417969 0.224365234
vt 1.79003906 0.238769531
vt 1.79980469 0.151123047
vt 1.79003906 0.148193359
vt 1.76171875 0.148193359
vt 1.76660156 0.162719727
vt 1.75097656 0.151123047
vt 1.76171875 0.169921875
vt 1.74707031 0.159545898
vt 1.76171875 0.217041016
vt 1.74707031 0.227539062
vt 1.76660156 0.224365234
vt 1.76171875 0.238769531
vt 1.75097656 0.235839844
vt 1.86035156 0.244018555
vt 1.83203125 0.244018555
vt 1.83691406 0.229492188
vt 1.82226562 0.240966797
vt 1.81738281 0.232666016
vt 1.85449219 0.229492188
vt 1.83203125 0.222290039
vt 1.87011719 0.240966797
vt 1.81738281 0.164672852
vt 1.83203125 0.175048828
vt 1.82226562 0.15637207
vt 1.83691406 0.16784668
vt 1.83203125 0.153320312
vt 1.86035156 0.222290039
vt 1.875 0.232666016
vt 1.85449219 0.16784668
vt 1.875 0.164672852
vt 1.86035156 0.175048828
vt 1.86035156 0.153320312
vt 1.87011719 0.15637207
vt 1.79003906 0.217041016
vt 1.80371094 0.227539062
vt 1.80371094 0.159545898
vt 1.79980469 0.235839844
vt 1.79003906 0.169921875
vt 1.78417969 0.224365234
vt 1.79003906 0.238769531
vt 1.78417969 0.162719727
vt 1.76660156 0.224365234
vt 1.79980469 0.151123047
vt 1.79003906 0.148193359
vt 1.76171875 0.148193359
vt 1.76660156 0.162719727
vt 1.75097656 0.151123047
vt 1.76171875 0.169921875
vt 1.74707031 0.159545898
vt 1.76171875 0.217041016
vt 1.74707031 0.227539062
vt 1.76171875 0.238769531
vt 1.75097656 0.235839844
vt 1.86035156 0.244018555
vt 1.83691406 0.229492188
vt 1.83203125 0.244018555
vt 1.82226562 0.240966797
vt 1.81738281 0.232666016
vt 1.85449219 0.229492188
vt 1.83203125 0.222290039
vt 1.87011719 0.240966797
vt 1.81738281 0.164672852
vt 1.83203125 0.175048828
vt 1.82226562 0.15637207
vt 1.83691406 0.16784668
vt 1.83203125 0.153320312
vt 1.86035156 0.222290039
vt 1.875 0.232666016
vt 1.85449219 0.16784668
vt 1.875 0.164672852
vt 1.86035156 0.175048828
vt 1.86035156 0.153320312
vt 1.87011719 0.15637207
vt 1.79003906 0.217041016
vt 1.79003906 0.169921875
vt 1.80371094 0.159545898
vt 1.78417969 0.162719727
vt 1.80371094 0.227539062
vt 1.79980469 0.235839844
vt 1.78417969 0.224365234
vt 1.79003906 0.238769531
vt 1.79980469 0.151123047
vt 1.79003906 0.148193359
vt 1.76171875 0.148193359
vt 1.76660156 0.162719727
vt 1.75097656 0.151123047
vt 1.76171875 0.169921875
vt 1.74707031 0.159545898
vt 1.76171875 0.217041016
vt 1.74707031 0.227539062
vt 1.76660156 0.224365234
vt 1.76171875 0.238769531
vt 1.75097656 0.235839844
vt 1.86035156 0.244018555
vt 1.83203125 0.244018555
vt 1.83691406 0.229492188
vt 1.82226562 0.240966797
vt 1.81738281 0.232666016
vt 1.85449219 0.229492188
vt 1.83203125 0.222290039
vt 1.87011719 0.240966797
vt 1.81738281 0.164672852
vt 1.83203125 0.175048828
vt 1.82226562 0.15637207
vt 1.83691406 0.16784668
vt 1.83203125 0.153320312
vt 1.86035156 0.222290039
vt 1.875 0.232666016
vt 1.85449219 0.16784668
vt 1.875 0.164672852
vt 1.86035156 0.175048828
vt 1.86035156 0.153320312
vt 1.87011719 0.15637207
vn 0.0308837891 -0.0448303223 0.998535156
vn -0.000262737274 0.547851562 0.836425781
vn -0.000305652618 -0.0309906006 0.999511719
vn -0.377197266 0.385742188 0.841796875
vn 0.0543518066 -0.00491333008 0.998535156
vn -0.000182390213 0.813476562 0.581542969
vn -0.5390625 -0.00292205811 0.842285156
vn 0.030380249 0.0300750732 0.999023438
vn -0.566894531 0.580078125 0.584960938
vn -7.76052475E-05 0.969238281 0.246948242
vn -0.370117188 -0.371826172 0.8515625
vn -0.000300168991 0.0669555664 0.997558594
vn -0.000191926956 -0.528808594 0.848632812
vn -0.673339844 0.696289062 0.247924805
vn 9.1612339E-05 0.969238281 -0.246704102
vn -0.809570312 -0.00645828247 0.586914062
vn -0.571289062 -0.575683594 0.584960938
vn -0.000178217888 -0.811035156 0.584960938
vn -0.672851562 0.696289062 -0.249145508
vn 5.91874123E-05 1 -0.0196228027
vn -0.96875 -0.0101318359 0.248291016
vn -0.682617188 -0.6875 0.247680664
vn -8.16583633E-05 -0.96875 0.248779297
vn -0.968261719 -0.0101089478 -0.25
vn -0.682128906 -0.6875 -0.249023438
vn 7.79032707E-05 -0.96875 -0.248413086
vn -0.694335938 0.719238281 -0.0200805664
vn -0.704101562 -0.709960938 -0.0200958252
vn -0 -1 -0.0194396973
vn -0 -0.999511719 -0.032623291
vn -0.999511719 -0.0107040405 -0.020401001
vn -0.694824219 0.718261719 -0.0337219238
vn -0 0.999511719 -0.0324707031
vn 4.17232513E-05 0.991210938 -0.133666992
vn -0.689453125 0.7109375 -0.137695312
vn -0.999511719 -0.00816345215 -0.0340881348
vn -0.991210938 -0.00308036804 -0.133422852
vn -0.705078125 -0.708496094 -0.0335693359
vn -0.696777344 -0.705566406 -0.129272461
vn 2.95639038E-05 -0.990722656 -0.134155273
vn 0.0308837891 -0.0448303223 0.998535156
vn -0.000305652618 -0.0309906006 0.999511719
vn -0.000162482262 0.848632812 0.529296875
vn -0.658691406 0.66015625 0.360595703
vn 0.0543518066 -0.00491333008 0.998535156
vn -0.634277344 0.625976562 -0.453857422
vn -0 1 -0.0106658936
vn 4.36902046E-05 0.990234375 -0.139282227
vn -0.856933594 -0.0175933838 0.515136719
vn 0.030380249 0.0300750732 0.999023438
vn -0.694824219 0.706054688 -0.136108398
vn -0.000221252441 0.711914062 0.702148438
vn -0.996582031 -0.0175476074 -0.0812988281
vn -0.659667969 -0.656738281 0.366210938
vn -0.000300168991 0.0669555664 0.997558594
vn -0.000159502029 -0.862792969 0.505371094
vn 5.09619713E-05 -0.987792969 -0.155517578
vn -0.580566406 -0.581542969 -0.569824219
vn -0.501953125 0.504394531 0.702636719
vn -0.000306367874 -0.218139648 0.976074219
vn -0.986816406 0.00295639038 -0.161499023
vn -0.691894531 -0.702636719 -0.166503906
vn 5.17368317E-05 -0.985839844 -0.167602539
vn -0.708984375 0.00217247009 0.705078125
vn -0.499267578 -0.504394531 0.704101562
vn -0.000221848488 -0.711425781 0.702636719
vn 0.150512695 -0.154296875 0.9765625
vn 0.212768555 0.00411605835 0.977050781
vn 0.150146484 0.146972656 0.977539062
vn -0.000303506851 0.209594727 0.977539062
vn -0.000275373459 0.671386719 0.741210938
vn 0.463623047 0.473632812 0.748535156
vn -0.000314712524 0 1
vn 0.666015625 0.00833129883 0.745605469
vn 0.474365234 -0.473388672 0.7421875
vn -0.000230431557 -0.666992188 0.745117188
vn -0.0314941406 -0.0448303223 0.998535156
vn -0.000305652618 -0.0309906006 0.999511719
vn -0.000262737274 0.547851562 0.836425781
vn 0.376708984 0.385742188 0.842285156
vn -0.0549621582 -0.00490951538 0.998535156
vn -0.000182390213 0.813476562 0.581542969
vn 0.538574219 -0.0029335022 0.842773438
vn -0.0309906006 0.030090332 0.999023438
vn 0.56640625 0.580078125 0.585449219
vn -7.76052475E-05 0.969238281 0.246948242
vn 0.673339844 0.696289062 0.248291016
vn 9.1612339E-05 0.969238281 -0.246704102
vn 0.370605469 -0.370849609 0.8515625
vn 0.809082031 -0.00630950928 0.587402344
vn 0.968261719 -0.0100860596 0.248901367
vn 0.673339844 0.696289062 -0.248779297
vn -0.000191926956 -0.528808594 0.848632812
vn -0.000300168991 0.0669555664 0.997558594
vn 0.571289062 -0.575683594 0.585449219
vn -0.000178217888 -0.811035156 0.584960938
vn 0.685058594 -0.685058594 0.248168945
vn -8.16583633E-05 -0.96875 0.248779297
vn 0.682128906 -0.6875 -0.248657227
vn 7.79032707E-05 -0.96875 -0.248413086
vn 0.694335938 0.719238281 -0.0196838379
vn 5.91874123E-05 1 -0.0196228027
vn 0.968261719 -0.00952148438 -0.249389648
vn 0.999511719 -0.0107269287 -0.019821167
vn 0.70703125 -0.70703125 -0.0196380615
vn -0 -1 -0.0194396973
vn -0 -0.999511719 -0.032623291
vn 0.694335938 0.71875 -0.0332946777
vn -0 0.999511719 -0.0324707031
vn 4.17232513E-05 0.991210938 -0.133666992
vn 0.689453125 0.7109375 -0.137207031
vn 0.999511719 -0.0103530884 -0.0334472656
vn 0.991210938 0 -0.1328125
vn 0.703613281 -0.709472656 -0.0330810547
vn 0.698730469 -0.704101562 -0.12878418
vn 2.95639038E-05 -0.990722656 -0.134155273
vn -0.000162482262 0.848632812 0.529296875
vn -0.000305652618 -0.0309906006 0.999511719
vn -0.0314941406 -0.0448303223 0.998535156
vn 0.658691406 0.66015625 0.361083984
vn -0.0549621582 -0.00490951538 0.998535156
vn 0.634277344 0.625976562 -0.453613281
vn -0 1 -0.0106658936
vn 4.36902046E-05 0.990234375 -0.139282227
vn 0.856445312 -0.0175933838 0.515625
vn -0.0309906006 0.030090332 0.999023438
vn 0.659179688 -0.656738281 0.366699219
vn -0.000300168991 0.0669555664 0.997558594
vn -0.000159502029 -0.862792969 0.505371094
vn 0.581054688 -0.581542969 -0.569335938
vn 5.09619713E-05 -0.987792969 -0.155517578
vn 0.996582031 -0.0175476074 -0.0806884766
vn 0.694824219 0.706054688 -0.135742188
vn 0.691894531 -0.702636719 -0.166015625
vn 5.17368317E-05 -0.985839844 -0.167602539
vn -0.000221848488 -0.711425781 0.702636719
vn 0.986816406 0.00295448303 -0.160888672
vn 0.501464844 0.504394531 0.703125
vn -0.000221252441 0.711914062 0.702148438
vn -0.000306367874 -0.218139648 0.976074219
vn 0.498779297 -0.504394531 0.704589844
vn 0.708496094 0.0021686554 0.705566406
vn -0.151611328 -0.153808594 0.9765625
vn -0.149902344 0.147827148 0.977539062
vn -0.000303506851 0.209594727 0.977539062
vn -0.000275373459 0.671386719 0.741210938
vn -0.213378906 0.00333213806 0.977050781
vn -0.464111328 0.473632812 0.748535156
vn -0.000314712524 0 1
vn -0.666503906 0.00833892822 0.745605469
vn -0.474853516 -0.473388672 0.741699219
vn -0.000230431557 -0.666992188 0.745117188
vn 0.0406799316 0.979492188 0.198242188
vn 0.0416564941 0.999023438 1.38282776E-05
vn 0.0416564941 0.999023438 1.38282776E-05
vn 0.0407714844 0.979492188 0.198242188
vn 0.0054473877 0.138183594 0.990234375
vn 0.0054473877 0.138183594 0.990234375
vn -0.00606918335 -0.138183594 0.990234375
vn -0.00606918335 -0.138183594 0.990234375
vn -0.0408935547 -0.979492188 0.198242188
vn -0.0408935547 -0.979492188 0.198242188
vn -0.0416564941 -0.999023438 -1.34110451E-05
vn -0.0416564941 -0.999023438 -1.34110451E-05
vn 0.999023438 -0.0416564941 0.000313997269
vn 0.999023438 -0.0416564941 0.000313520432
vn 0.999023438 -0.0416564941 0.000313520432
vn 0.999023438 -0.0416564941 0.000313997269
vn 0.999023438 -0.0416564941 0.000314474106
vn 0.999023438 -0.0416564941 0.000314474106
vn -0.999023438 0.0416564941 -0.000313520432
vn -0.999023438 0.0416564941 -0.000313520432
vn -0.999023438 0.0416564941 -0.000314235687
vn -0.999023438 0.0416564941 -0.000314235687
vn -0.999023438 0.0416564941 -0.000315189362
vn -0.999023438 0.0416564941 -0.000315189362
vn 0.000313997269 0 -1
vn 0.000313997269 0 -1
vn 0.000313997269 0 -1
vn 0.000313997269 0 -1
vn -0 1 0
vn -0 1 0
vn -0 1 0
vn -0 1 0
vn -1 0 -0.000313997269
vn -1 0 -0.000313997269
vn -1 0 -0.000313997269
vn -1 0 -0.000313997269
vn 0.741699219 5.83529472E-05 -0.670410156
vn 0.741699219 0 -0.670410156
vn -0.741699219 1.9967556E-05 -0.670898438
vn -0.741699219 0 -0.670898438
vn -0.741699219 -4.87565994E-05 0.670410156
vn -0.741699219 0 0.670410156
vn 0.741699219 0 0.670898438
vn 0.741699219 -1.75833702E-05 0.670898438
vn 0.741699219 5.83529472E-05 -0.670410156
vn 0.741699219 0 -0.670410156
vn -0 1 0
vn -0 1 0
vn -0 1 0
vn -0 1 0
vn 0.726074219 0 0.687988281
vn -0.7265625 0 0.6875
vn 0.726074219 -2.01463699E-05 0.687988281
vn -0.7265625 -1.32918358E-05 0.6875
vn -0.726074219 0 -0.687988281
vn -0.726074219 0 -0.687988281
vn 0.7265625 1.3589859E-05 -0.6875
vn 0.7265625 0 -0.6875
vn 0.726074219 -2.01463699E-05 0.687988281
vn 0.726074219 0 0.687988281
vn -0 1 0
vn -0 1 0
vn -0 1 0
vn -0 1 0
vn 1 0 0.000313997269
vn 1 0 0.000313997269
vn 1 0 0.000313997269
vn 1 0 0.000313997269
vn -1 0 -0.000313997269
vn -1 0 -0.000313997269
vn -0.142089844 0.985351562 -0.0943603516
vn -0.142089844 0.985351562 0.0942993164
vn -2.9861927E-05 0.995605469 0.0952758789
vn -0.000313997269 0 1
vn -0.000313997269 0 1
vn -0.000397205353 0.995605469 -0.0952758789
vn 0.000313997269 0 -1
vn 0.000313997269 0 -1
vn 0.000313997269 0 -1
vn 0.000313997269 0 -1
vn 0.000313997269 0 -1
vn 0.000313997269 0 -1
vn -0 1 0
vn -0 1 0
vn -0 1 0
vn -0 1 0
vn -0.000314235687 0 1
vn -0.000313997269 0 1
vn -0.000313997269 0 1
vn -0.000314235687 0 1
vn 0.000313997269 0 -1
vn 0.000313997269 0 -1
vn 0.000313997269 0 -1
vn 0.000313997269 0 -1
vn -0 1 0
vn -0 1 0
vn -0 1 0
vn -0 1 0
vn -0.000314235687 0 1
vn -0.000314235687 0 1
vn -0.000314235687 0 1
vn -0.000314235687 0 1
vn -0 -1 0
vn -0 -1 0
vn -0 -1 0
vn -0 -1 0
vn -0 1 0
vn -0 1 0
vn -0 1 0
vn -0 1 0
vn 1 0 0.000313997269
vn 1 0 0.000313997269
vn 1 0 0.000313997269
vn 1 0 0.000313997269
vn -0.741699219 0 -0.670898438
vn 0.741699219 0 -0.670410156
vn -0.741699219 0 -0.670898438
vn 0.741699219 2.47359276E-05 -0.670410156
vn 0.741699219 0 0.670898438
vn 0.741699219 -3.67760658E-05 0.670898438
vn -0.741699219 -1.99079514E-05 0.670410156
vn -0.741699219 0 0.670410156
vn -0.741699219 0 -0.670898438
vn -0.741699219 0 -0.670898438
vn -0 1 0
vn -0 1 0
vn -0 1 0
vn -0 1 0
vn -0.7265625 0 0.6875
vn -0.7265625 0 0.6875
vn 0.726074219 -1.3589859E-05 0.687988281
vn 0.726074219 0 0.687988281
vn 0.7265625 0 -0.6875
vn 0.7265625 2.40206718E-05 -0.6875
vn -0.726074219 0 -0.687988281
vn -0.726074219 1.33514404E-05 -0.687988281
vn -0.7265625 0 0.6875
vn -0.7265625 0 0.6875
vn -0 1 0
vn -0 1 0
vn -0 1 0
vn -0 1 0
vn -1 0 -0.000314474106
vn -1 0 -0.000314474106
vn -1 0 -0.000314474106
vn -1 0 -0.000314474106
vn 1 0 0.000314235687
vn 0.142089844 0.985351562 -0.0942993164
vn 1 0 0.000314235687
vn 0.142089844 0.985351562 0.0943603516
vn -2.9861927E-05 0.995605469 0.0952758789
vn -0.000313997269 0 1
vn -0.000314235687 0 1
vn -0.000397205353 0.995605469 -0.0952758789
vn 0.000314235687 0 -1
vn 0.000313997269 0 -1
vn 0.000313997269 0 -1
vn 0.000313997269 0 -1
vn 0.000314235687 0 -1
vn 0.000314235687 0 -1
vn -0 1 0
vn -0 1 0
vn -0 1 0
vn -0 1 0
vn -0.000314235687 0 1
vn -0.000314235687 0 1
vn -0.000314235687 0 1
vn -0.000314235687 0 1
vn 0.000313997269 0 -1
vn 0.000313997269 0 -1
vn 0.000313997269 0 -1
vn 0.000313997269 0 -1
vn -0 1 0
vn -0 1 0
vn -0 1 0
vn -0 1 0
vn -0.000314235687 0 1
vn -0.000314235687 0 1
vn -0.000313997269 0 1
vn -0.000313997269 0 1
vn -0 -1 0
vn -0 -1 0
vn -0 -1 0
vn -0 -1 0
vn 1 0 0.000313997269
vn 1 0 0.000313997269
vn 1 0 0.000313997269
vn 1 0 0.000313997269
vn -0.110107422 -0.484863281 0.867675781
vn -0.110107422 -0.484863281 0.867675781
vn 0.077331543 -0.463623047 0.8828125
vn 0.077331543 -0.463623047 0.8828125
vn 0.938964844 -0.0371704102 0.341796875
vn 0.938964844 -0.037109375 0.341796875
vn 0.948730469 0.251464844 -0.190429688
vn 0.948730469 0.251464844 -0.190429688
vn 0.110107422 0.484863281 -0.867675781
vn 0.110107422 0.484619141 -0.867675781
vn -0.077331543 0.463623047 -0.8828125
vn -0.077331543 0.463623047 -0.8828125
vn -0.938964844 0.0371704102 -0.341796875
vn -0.938964844 0.0372619629 -0.341796875
vn -0.948730469 -0.251464844 0.190429688
vn -0.948730469 -0.251464844 0.190429688
vn -0.110107422 -0.484863281 0.867675781
vn -0.110107422 -0.484863281 0.867675781
vn -0.0391845703 0.469482422 -0.882324219
vn 0.0720214844 0.481933594 -0.873046875
vn 0.0720214844 0.481933594 -0.873046875
vn -0.0391540527 0.469238281 -0.882324219
vn -0.764648438 0.208740234 -0.609375
vn -0.764648438 0.208740234 -0.609375
vn -0.986328125 -0.0752563477 -0.147094727
vn -0.986328125 -0.0752563477 -0.147094727
vn -0.988769531 -0.148803711 -0.0113372803
vn -0.988769531 -0.148803711 -0.0113372803
vn -0.78515625 -0.384521484 0.485351562
vn -0.78515625 -0.384521484 0.485351562
vn -0.0720214844 -0.481933594 0.873046875
vn -0.0720214844 -0.481933594 0.873046875
vn 0.0391845703 -0.469482422 0.882324219
vn 0.0391540527 -0.469238281 0.882324219
vn 0.764648438 -0.208740234 0.609375
vn 0.764648438 -0.208740234 0.609375
vn 0.986328125 0.0752563477 0.147094727
vn 0.986328125 0.0752563477 0.147094727
vn 0.988769531 0.148803711 0.0113601685
vn 0.988769531 0.148803711 0.0113449097
vn 0.78515625 0.384521484 -0.485351562
vn 0.78515625 0.384521484 -0.485351562
vn 0.0720214844 0.481933594 -0.873046875
vn 0.0720214844 0.481933594 -0.873046875
vn -0.0408935547 0.979492188 0.198242188
vn -0.0416564941 0.999023438 -1.28746033E-05
vn -0.0416564941 0.999023438 -1.28746033E-05
vn -0.0408935547 0.979492188 0.198242188
vn -0.00606918335 0.138183594 0.990234375
vn -0.00606918335 0.138183594 0.990234375
vn 0.0054473877 -0.138183594 0.990234375
vn 0.00532531738 -0.138183594 0.990234375
vn 0.0407714844 -0.979492188 0.198242188
vn 0.0407714844 -0.979492188 0.198242188
vn 0.0416564941 -0.999023438 1.2755394E-05
vn 0.0416564941 -0.999023438 1.2755394E-05
vn -0.999023438 -0.0416564941 -0.000313520432
vn -0.999023438 -0.0416564941 -0.000313043594
vn -0.999023438 -0.0416564941 -0.000313043594
vn -0.999023438 -0.0416564941 -0.000313520432
vn -0.999023438 -0.0416564941 -0.000314712524
vn -0.999023438 -0.0416564941 -0.000314712524
vn 0.999023438 0.0416564941 0.000314235687
vn 0.999023438 0.0416564941 0.000313282013
vn 0.999023438 0.0416564941 0.000314235687
vn 0.999023438 0.0416564941 0.000313282013
vn 0.999023438 0.0416564941 0.000311374664
vn 0.999023438 0.0416564941 0.000311374664
vn 0.000314950943 0 -1
vn 0.000314950943 0 -1
vn 0.000314950943 0 -1
vn 0.000314950943 0 -1
vn 0.123596191 -0.427490234 0.895507812
vn -0.0642700195 -0.409667969 0.91015625
vn 0.123596191 -0.427490234 0.895507812
vn -0.0642700195 -0.409667969 0.91015625
vn -0.937011719 -0.0379333496 0.347167969
vn -0.937011719 -0.0380859375 0.347167969
vn -0.955078125 0.216552734 -0.202026367
vn -0.955078125 0.216552734 -0.202026367
vn -0.123657227 0.427490234 -0.895507812
vn -0.123596191 0.427490234 -0.895507812
vn 0.0642700195 0.409667969 -0.91015625
vn 0.0642700195 0.409667969 -0.91015625
vn 0.937011719 0.0380249023 -0.347167969
vn 0.937011719 0.0380859375 -0.347167969
vn 0.955078125 -0.216552734 0.202148438
vn 0.955078125 -0.216552734 0.202148438
vn 0.123596191 -0.427490234 0.895507812
vn 0.123596191 -0.427490234 0.895507812
vn 0.0259552002 0.414550781 -0.909667969
vn -0.0855102539 0.425048828 -0.900878906
vn -0.0855102539 0.425292969 -0.900878906
vn 0.0259552002 0.414550781 -0.909667969
vn 0.758300781 0.188598633 -0.624023438
vn 0.758300781 0.188598633 -0.624023438
vn 0.987304688 -0.0608825684 -0.145874023
vn 0.987304688 -0.0608825684 -0.145874023
vn 0.9921875 -0.125854492 -0.00582885742
vn 0.9921875 -0.125732422 -0.00582122803
vn 0.795410156 -0.335205078 0.505371094
vn 0.795410156 -0.334960938 0.505371094
vn 0.0855102539 -0.425048828 0.900878906
vn 0.0855102539 -0.425048828 0.900878906
vn -0.0259399414 -0.414550781 0.909667969
vn -0.0259399414 -0.414550781 0.909667969
vn -0.758300781 -0.188598633 0.624023438
vn -0.758300781 -0.188598633 0.624023438
vn -0.987304688 0.0608215332 0.145751953
vn -0.987304688 0.0608825684 0.145874023
vn -0.9921875 0.125854492 0.00583267212
vn -0.9921875 0.125732422 0.00581741333
vn -0.795410156 0.335205078 -0.505371094
vn -0.795410156 0.334960938 -0.505371094
vn -0.0855102539 0.425292969 -0.900878906
vn -0.0855102539 0.425048828 -0.900878906
vn -0.00524520874 -0.446044922 0.895019531
vn -0.0236206055 -0.999511719 0.0160980225
vn 0.0631713867 -0.998046875 0.00817871094
vn 0.183227539 -0.442626953 0.877929688
vn 0.412109375 -0.853515625 -0.318359375
vn 0.976074219 -0.117431641 0.183227539
vn 0.388183594 -0.733886719 -0.557617188
vn 0.921875 0.152832031 -0.355957031
vn -0.0187988281 -0.588867188 -0.808105469
vn 0.00524139404 0.446044922 -0.895019531
vn -0.10559082 -0.590332031 -0.800292969
vn -0.183227539 0.442626953 -0.877929688
vn -0.455078125 -0.749511719 -0.480957031
vn -0.976074219 0.117431641 -0.183227539
vn -0.430908203 -0.869628906 -0.241577148
vn -0.921875 -0.152832031 0.355957031
vn -0.0236206055 -0.999511719 0.0160980225
vn -0.00524520874 -0.446044922 0.895019531
vn -0.145141602 0.444580078 -0.883789062
vn -0.0333557129 0.446777344 -0.894042969
vn -0.0333557129 0.446533203 -0.894042969
vn -0.145141602 0.444580078 -0.883789062
vn -0.834960938 0.263427734 -0.483642578
vn -0.834960938 0.263427734 -0.483642578
vn -0.999511719 0.015914917 0.0216217041
vn -0.999511719 0.0159301758 0.0216369629
vn -0.985839844 -0.0530395508 0.159057617
vn -0.985839844 -0.0530090332 0.159057617
vn -0.723632812 -0.292480469 0.625488281
vn -0.723632812 -0.292480469 0.625488281
vn 0.0333557129 -0.446777344 0.894042969
vn 0.0333557129 -0.446777344 0.894042969
vn 0.145141602 -0.444580078 0.883789062
vn 0.145141602 -0.444580078 0.883789062
vn 0.834960938 -0.263427734 0.483642578
vn 0.834960938 -0.263427734 0.483642578
vn 0.999511719 -0.015914917 -0.0216217041
vn 0.999511719 -0.0158843994 -0.0216064453
vn 0.985839844 0.0529785156 -0.159057617
vn 0.985839844 0.0530090332 -0.159057617
vn 0.723632812 0.292480469 -0.625488281
vn 0.723632812 0.292480469 -0.625488281
vn -0.0333557129 0.446777344 -0.894042969
vn -0.0333557129 0.446533203 -0.894042969
vn -0.0304107666 0.999023438 -0.0350036621
vn -0.0294647217 0.972167969 -0.232421875
vn -0.0294647217 0.972167969 -0.232421875
vn -0.0303344727 0.999023438 -0.0350036621
vn -0.0113677979 0.364501953 0.931152344
vn -0.0112686157 0.364501953 0.931152344
vn -0.00321960449 0.095703125 0.995605469
vn -0.00321960449 0.095703125 0.995605469
vn 0.0274200439 -0.906738281 0.420654297
vn 0.0273284912 -0.906738281 0.420654297
vn 0.0294647217 -0.972167969 0.232421875
vn 0.0294647217 -0.972167969 0.232421875
vn 0.999511719 0.0303649902 0.000313520432
vn 0.999511719 0.0303649902 0.000313997269
vn 0.999511719 0.0303649902 0.000313997269
vn 0.999511719 0.0303649902 0.000313520432
vn 0.999511719 0.0303649902 0.000313043594
vn 0.999511719 0.0303649902 0.000313043594
vn -0.999511719 -0.0303649902 -0.000313520432
vn -0.999511719 -0.0303649902 -0.000313520432
vn -0.999511719 -0.0303649902 -0.000314235687
vn -0.999511719 -0.0303649902 -0.000314235687
vn -0.999511719 -0.0303649902 -0.00031542778
vn -0.999511719 -0.0303649902 -0.00031542778
vn 0.00736236572 -0.232299805 -0.97265625
vn 0.00736236572 -0.232299805 -0.97265625
vn 0.00736236572 -0.232299805 -0.97265625
vn 0.00736236572 -0.232299805 -0.97265625
vn 0.0422363281 -0.20690918 0.977539062
vn -0.146362305 -0.216064453 0.965332031
vn 0.0422058105 -0.206787109 0.977539062
vn -0.146362305 -0.216064453 0.965332031
vn -0.965820312 -0.110473633 0.23449707
vn -0.965820312 -0.110534668 0.23449707
vn -0.934082031 0.0181274414 -0.356445312
vn -0.934082031 0.0181274414 -0.356445312
vn -0.0422363281 0.20690918 -0.977539062
vn -0.0422363281 0.20690918 -0.977539062
vn 0.146362305 0.216064453 -0.965332031
vn 0.146362305 0.216186523 -0.965332031
vn 0.965820312 0.110534668 -0.23449707
vn 0.965820312 0.110534668 -0.23449707
vn 0.934082031 -0.0181274414 0.356445312
vn 0.934082031 -0.0182189941 0.356445312
vn 0.0422058105 -0.206787109 0.977539062
vn 0.0422363281 -0.20690918 0.977539062
vn 0.108215332 0.21472168 -0.970703125
vn -0.003698349 0.209350586 -0.978027344
vn -0.00370597839 0.209472656 -0.978027344
vn 0.108215332 0.21484375 -0.970703125
vn 0.8125 0.170166016 -0.557617188
vn 0.8125 0.170166016 -0.557617188
vn 0.998046875 0.0646972656 -0.0114974976
vn 0.998046875 0.0646972656 -0.0114974976
vn 0.989746094 0.0319213867 0.139160156
vn 0.989746094 0.0318908691 0.139160156
vn 0.747558594 -0.0943603516 0.657714844
vn 0.747558594 -0.0943603516 0.657714844
vn 0.00370025635 -0.209350586 0.978027344
vn 0.0037021637 -0.209350586 0.978027344
vn -0.108215332 -0.21484375 0.970703125
vn -0.108215332 -0.21484375 0.970703125
vn -0.8125 -0.170288086 0.557617188
vn -0.8125 -0.170166016 0.557617188
vn -0.998046875 -0.0647583008 0.0114974976
vn -0.998046875 -0.0647583008 0.0114974976
vn -0.989746094 -0.0319213867 -0.139160156
vn -0.989746094 -0.0318603516 -0.139160156
vn -0.747558594 0.0943603516 -0.657714844
vn -0.747558594 0.0943603516 -0.657714844
vn -0.00370597839 0.209472656 -0.978027344
vn -0.003698349 0.209350586 -0.978027344
vn 0.0756225586 0.996582031 -0.0349731445
vn 0.0736083984 0.969726562 -0.232421875
vn 0.0736083984 0.969726562 -0.232421875
vn 0.0755615234 0.996582031 -0.0349731445
vn 0.0274047852 0.363525391 0.931152344
vn 0.0272827148 0.363769531 0.931152344
vn 0.00692749023 0.0954589844 0.995605469
vn 0.00702285767 0.0954589844 0.995605469
vn -0.0686645508 -0.904785156 0.420654297
vn -0.0687255859 -0.904785156 0.420654297
vn -0.0736083984 -0.969726562 0.232421875
vn -0.0736083984 -0.969726562 0.232421875
vn -0.997070312 0.0756225586 -0.000312805176
vn -0.997070312 0.0756225586 -0.000313043594
vn -0.997070312 0.0756225586 -0.000313043594
vn -0.997070312 0.0756225586 -0.000312805176
vn -0.997070312 0.0756225586 -0.000312566757
vn -0.997070312 0.0756225586 -0.000312566757
vn 0.997070312 -0.0756225586 0.000313043594
vn 0.997070312 -0.0756225586 0.000312566757
vn 0.997070312 -0.0756225586 0.000313043594
vn 0.997070312 -0.0756225586 0.000312566757
vn 0.997070312 -0.0756225586 0.000311613083
vn 0.997070312 -0.0756225586 0.000311613083
vn -0.0172729492 -0.231811523 -0.97265625
vn -0.0172729492 -0.231811523 -0.97265625
vn -0.0172729492 -0.231811523 -0.97265625
vn -0.0172729492 -0.231811523 -0.97265625
vn -1 0 -0.000313997269
vn -1 0 -0.000313997269
vn -0.141967773 0.940429688 -0.308105469
vn -0.141967773 0.981933594 -0.124145508
vn 3.95178795E-05 0.9921875 -0.125366211
vn -0.000306367874 0.219360352 0.975585938
vn -0.000306367874 0.219360352 0.975585938
vn 0.000158309937 0.950195312 -0.311279297
vn 0.000306367874 -0.219360352 -0.975585938
vn 0.000306367874 -0.219360352 -0.975585938
vn -6.8962574E-05 -0.975585938 0.219360352
vn -6.8962574E-05 -0.975585938 0.219360352
vn -6.8962574E-05 -0.975585938 0.219360352
vn -6.8962574E-05 -0.975585938 0.219360352
vn 1 0 0.00031375885
vn 0.142211914 0.940429688 -0.308105469
vn 1 0 0.00031375885
vn 0.142089844 0.981933594 -0.124084473
vn 3.95178795E-05 0.9921875 -0.125366211
vn -0.000306367874 0.219360352 0.975585938
vn -0.000306367874 0.219360352 0.975585938
vn 0.000158309937 0.950195312 -0.311279297
vn 0.000306606293 -0.219360352 -0.975585938
vn 0.000306367874 -0.219360352 -0.975585938
vn -6.8962574E-05 -0.975585938 0.219360352
vn -6.8962574E-05 -0.975585938 0.219360352
vn -6.89029694E-05 -0.975585938 0.219360352
vn -6.89029694E-05 -0.975585938 0.219360352
vn 0.0998535156 -0.218261719 -0.970703125
vn 0.0998535156 -0.218261719 -0.970703125
vn 0.0998535156 -0.218261719 -0.970703125
vn 0.0998535156 -0.218261719 -0.970703125
vn 1 0.00428009033 0.0193481445
vn 1 0.00428009033 0.0193481445
vn 0.554199219 0.814453125 -0.169921875
vn 0.540039062 0.823730469 -0.172241211
vn -0.565917969 0.799316406 -0.202758789
vn -0.563964844 0.800292969 -0.20300293
vn -0.999023438 -0.00930023193 -0.0416564941
vn -0.999023438 -0.00930023193 -0.0416564941
vn -0.000306367874 0.219360352 0.975585938
vn -0.000306367874 0.219360352 0.975585938
vn -0.000306367874 0.219360352 0.975585938
vn -0.000306367874 0.219360352 0.975585938
vn 0.205078125 -0.21472168 -0.955078125
vn 0.205078125 -0.21472168 -0.955078125
vn 0.205078125 -0.21472168 -0.955078125
vn 0.205078125 -0.21472168 -0.955078125
vn -1 0.00471115112 0.0206298828
vn -0.551757812 0.815917969 -0.174438477
vn -1 0.00471115112 0.0206298828
vn -0.618652344 0.768554688 -0.162231445
vn 0.512207031 0.829589844 -0.222290039
vn 0.583496094 0.782714844 -0.216308594
vn 0.998046875 -0.0140304565 -0.0621032715
vn 0.998046875 -0.0140304565 -0.0621032715
vn -0.000306129456 0.219360352 0.975585938
vn -0.000306129456 0.219360352 0.975585938
vn -0.000306129456 0.219360352 0.975585938
vn -0.000306129456 0.219360352 0.975585938
vn 0.0308837891 -0.0448303223 0.998535156
vn -0.000262737274 0.547851562 0.836425781
vn -0.000305652618 -0.0309906006 0.999511719
vn -0.377197266 0.385742188 0.841796875
vn 0.0543518066 -0.00491333008 0.998535156
vn -0.000182628632 0.813476562 0.581542969
vn -0.5390625 -0.00292205811 0.842285156
vn 0.030380249 0.0300750732 0.999023438
vn -0.566894531 0.580078125 0.584960938
vn -7.78436661E-05 0.969238281 0.246948242
vn -0.370117188 -0.371826172 0.8515625
vn -0.000299930573 0.0669555664 0.997558594
vn -0.000241518021 -0.528808594 0.848632812
vn -0.673339844 0.696289062 0.247924805
vn 9.08374786E-05 0.969238281 -0.246704102
vn -0.809570312 -0.00645828247 0.586914062
vn -0.571289062 -0.575683594 0.584960938
vn -0.000179409981 -0.811035156 0.584960938
vn -0.672851562 0.696289062 -0.249145508
vn 5.97238541E-05 1 -0.0196228027
vn -0.96875 -0.0101318359 0.248291016
vn -0.682617188 -0.6875 0.247680664
vn -8.26716423E-05 -0.96875 0.248779297
vn -0.968261719 -0.0101089478 -0.25
vn -0.682128906 -0.6875 -0.249023438
vn 7.84993172E-05 -0.96875 -0.248413086
vn -0.694335938 0.719238281 -0.0200805664
vn -0.704101562 -0.709960938 -0.0200958252
vn -0 -1 -0.0194244385
vn -0 -0.999511719 -0.032623291
vn -0.999511719 -0.0107040405 -0.0204162598
vn -0.694824219 0.718261719 -0.0337219238
vn -0 0.999511719 -0.0324707031
vn 4.15444374E-05 0.991210938 -0.133666992
vn -0.689453125 0.7109375 -0.137695312
vn -0.999511719 -0.00816345215 -0.0340881348
vn -0.991210938 -0.00308036804 -0.133422852
vn -0.705078125 -0.708496094 -0.0335693359
vn -0.696777344 -0.705566406 -0.129272461
vn 2.94446945E-05 -0.990722656 -0.134155273
vn 0.0308837891 -0.0448303223 0.998535156
vn -0.000305652618 -0.0309906006 0.999511719
vn -0.000163078308 0.848632812 0.529296875
vn -0.658691406 0.66015625 0.360595703
vn 0.0543518066 -0.00491333008 0.998535156
vn -0.634277344 0.625976562 -0.453857422
vn -0 1 -0.0106201172
vn 4.41074371E-05 0.990234375 -0.139282227
vn -0.856933594 -0.0175933838 0.515136719
vn 0.030380249 0.0300750732 0.999023438
vn -0.694824219 0.706054688 -0.136108398
vn -0.000220894814 0.711914062 0.702148438
vn -0.996582031 -0.0175476074 -0.0812988281
vn -0.659667969 -0.656738281 0.366210938
vn -0.000299930573 0.0669555664 0.997558594
vn -0.000160098076 -0.862792969 0.505371094
vn 5.39422035E-05 -0.987792969 -0.155517578
vn -0.580566406 -0.581542969 -0.569824219
vn -0.501953125 0.504394531 0.702636719
vn -0.000306129456 -0.218139648 0.976074219
vn -0.986816406 0.00295639038 -0.161499023
vn -0.691894531 -0.702636719 -0.166503906
vn 5.38229942E-05 -0.985839844 -0.167602539
vn -0.708984375 0.00217056274 0.705078125
vn -0.499267578 -0.504394531 0.704101562
vn -0.000220894814 -0.711425781 0.702636719
vn 0.150512695 -0.154296875 0.9765625
vn 0.212768555 0.00411605835 0.977050781
vn 0.150146484 0.146972656 0.977539062
vn -0.000303030014 0.209594727 0.977539062
vn -0.000276565552 0.671386719 0.741210938
vn 0.463623047 0.473632812 0.748535156
vn -0.000314474106 0 1
vn 0.666015625 0.00833129883 0.745605469
vn 0.474365234 -0.473388672 0.7421875
vn -0.000230193138 -0.666992188 0.745117188
vn -0.0314941406 -0.0448303223 0.998535156
vn -0.000305652618 -0.0309906006 0.999511719
vn -0.000262737274 0.547851562 0.836425781
vn 0.376708984 0.385742188 0.842285156
vn -0.0549621582 -0.00490951538 0.998535156
vn -0.000182628632 0.813476562 0.581542969
vn 0.538574219 -0.0029335022 0.842773438
vn -0.0310058594 0.030090332 0.999023438
vn 0.56640625 0.580078125 0.585449219
vn -7.78436661E-05 0.969238281 0.246948242
vn 0.673339844 0.696289062 0.248291016
vn 9.08374786E-05 0.969238281 -0.246704102
vn 0.370605469 -0.370849609 0.8515625
vn 0.809082031 -0.00630950928 0.587402344
vn 0.968261719 -0.0100860596 0.248901367
vn 0.673339844 0.696289062 -0.248779297
vn -0.000241518021 -0.528808594 0.848632812
vn -0.000299930573 0.0669555664 0.997558594
vn 0.571289062 -0.575683594 0.585449219
vn -0.000179409981 -0.811035156 0.584960938
vn 0.685058594 -0.685058594 0.248168945
vn -8.26716423E-05 -0.96875 0.248779297
vn 0.682128906 -0.6875 -0.248657227
vn 7.84993172E-05 -0.96875 -0.248413086
vn 0.694335938 0.719238281 -0.0196838379
vn 5.97238541E-05 1 -0.0196228027
vn 0.968261719 -0.00952148438 -0.249389648
vn 0.999511719 -0.0107269287 -0.019821167
vn 0.70703125 -0.70703125 -0.0196228027
vn -0 -1 -0.0194244385
vn -0 -0.999511719 -0.032623291
vn 0.694335938 0.71875 -0.0332946777
vn -0 0.999511719 -0.0324707031
vn 4.15444374E-05 0.991210938 -0.133666992
vn 0.689453125 0.7109375 -0.137207031
vn 0.999511719 -0.0103530884 -0.0334472656
vn 0.991210938 0 -0.1328125
vn 0.703613281 -0.709472656 -0.0330810547
vn 0.698730469 -0.704101562 -0.12878418
vn 2.94446945E-05 -0.990722656 -0.134155273
vn -0.000163078308 0.848632812 0.529296875
vn -0.000305652618 -0.0309906006 0.999511719
vn -0.0314941406 -0.0448303223 0.998535156
vn 0.658691406 0.66015625 0.361083984
vn -0.0549621582 -0.00490951538 0.998535156
vn 0.634277344 0.625976562 -0.453613281
vn -0 1 -0.0106201172
vn 4.41074371E-05 0.990234375 -0.139282227
vn 0.856445312 -0.0175933838 0.515625
vn -0.0310058594 0.030090332 0.999023438
vn 0.659179688 -0.656738281 0.366699219
vn -0.000299930573 0.0669555664 0.997558594
vn -0.000160098076 -0.862792969 0.505371094
vn 0.581054688 -0.581542969 -0.569335938
vn 5.39422035E-05 -0.987792969 -0.155517578
vn 0.996582031 -0.0175476074 -0.0806884766
vn 0.694824219 0.706054688 -0.135742188
vn 0.691894531 -0.702636719 -0.166015625
vn 5.38229942E-05 -0.985839844 -0.167602539
vn -0.000220894814 -0.711425781 0.702636719
vn 0.986816406 0.00295448303 -0.160888672
vn 0.501464844 0.504394531 0.703125
vn -0.000220894814 0.711914062 0.702148438
vn -0.000306129456 -0.218139648 0.976074219
vn 0.498779297 -0.504394531 0.704589844
vn 0.708496094 0.0021686554 0.705566406
vn -0.151611328 -0.153808594 0.9765625
vn -0.149902344 0.147827148 0.977539062
vn -0.000303030014 0.209594727 0.977539062
vn -0.000276565552 0.671386719 0.741210938
vn -0.213378906 0.00333213806 0.977050781
vn -0.464111328 0.473632812 0.748535156
vn -0.000314474106 0 1
vn -0.666503906 0.00833892822 0.745605469
vn -0.474853516 -0.473388672 0.741699219
vn -0.000230193138 -0.666992188 0.745117188
vn 0.0308837891 -0.0448303223 0.998535156
vn -0.000262260437 0.547851562 0.836425781
vn -0.000288724899 -0.0309906006 0.999511719
vn -0.377197266 0.385742188 0.841796875
vn 0.0543518066 -0.00491333008 0.998535156
vn -0.000182986259 0.813476562 0.581542969
vn -0.5390625 -0.00292205811 0.842285156
vn 0.030380249 0.0300750732 0.999023438
vn -0.566894531 0.580078125 0.584960938
vn -7.82608986E-05 0.969238281 0.246948242
vn -0.370117188 -0.371826172 0.8515625
vn -0.000299215317 0.0669555664 0.997558594
vn -0.000190973282 -0.528808594 0.848632812
vn -0.673339844 0.696289062 0.247924805
vn 0.00014591217 0.969238281 -0.246704102
vn -0.809570312 -0.00645828247 0.586914062
vn -0.571289062 -0.575683594 0.584960938
vn -0.000179886818 -0.811035156 0.584960938
vn -0.672851562 0.696289062 -0.249145508
vn 5.87105751E-05 1 -0.0196228027
vn -0.96875 -0.0101318359 0.248291016
vn -0.682617188 -0.6875 0.247680664
vn -8.21352005E-05 -0.96875 0.248779297
vn -0.968261719 -0.0101089478 -0.25
vn -0.682128906 -0.6875 -0.249023438
vn 7.78436661E-05 -0.96875 -0.248413086
vn -0.694335938 0.719238281 -0.0200653076
vn -0.704101562 -0.709960938 -0.0200958252
vn -0 -1 -0.0194244385
vn -0 -0.999511719 -0.032623291
vn -0.999511719 -0.0107040405 -0.020401001
vn -0.694824219 0.718261719 -0.0337219238
vn -0 0.999511719 -0.0324707031
vn 4.16636467E-05 0.991210938 -0.133666992
vn -0.689453125 0.7109375 -0.137695312
vn -0.999511719 -0.00816345215 -0.0340881348
vn -0.991210938 -0.00308036804 -0.133422852
vn -0.705078125 -0.708496094 -0.0335693359
vn -0.696777344 -0.705566406 -0.129272461
vn 2.96831131E-05 -0.990722656 -0.134155273
vn 0.0308837891 -0.0448303223 0.998535156
vn -0.000288724899 -0.0309906006 0.999511719
vn -0.00016272068 0.848632812 0.529296875
vn -0.658691406 0.66015625 0.360595703
vn 0.0543518066 -0.00491333008 0.998535156
vn -0.634277344 0.625976562 -0.453857422
vn -0 1 -0.0107421875
vn 4.40478325E-05 0.990234375 -0.139282227
vn -0.856933594 -0.0175933838 0.515136719
vn 0.030380249 0.0300750732 0.999023438
vn -0.694824219 0.706054688 -0.136108398
vn -0.000221133232 0.711914062 0.702148438
vn -0.996582031 -0.0175476074 -0.0812988281
vn -0.659667969 -0.656738281 0.366210938
vn -0.000299215317 0.0669555664 0.997558594
vn -0.000159859657 -0.862792969 0.505371094
vn 5.27501106E-05 -0.987792969 -0.155517578
vn -0.580566406 -0.581542969 -0.569824219
vn -0.501953125 0.504394531 0.702636719
vn -0.000307321548 -0.218139648 0.976074219
vn -0.986816406 0.00295639038 -0.161499023
vn -0.691894531 -0.702636719 -0.166503906
vn 5.39422035E-05 -0.985839844 -0.167602539
vn -0.708984375 0.00217056274 0.705078125
vn -0.499267578 -0.504394531 0.704101562
vn -0.000221610069 -0.711425781 0.702636719
vn 0.150512695 -0.154296875 0.9765625
vn 0.212768555 0.00411987305 0.977050781
vn 0.150146484 0.146972656 0.977539062
vn -0.000303268433 0.209594727 0.977539062
vn -0.000274658203 0.671386719 0.741210938
vn 0.463623047 0.473632812 0.748535156
vn -0.000313997269 0 1
vn 0.666015625 0.00833129883 0.745605469
vn 0.474365234 -0.473388672 0.7421875
vn -0.000230431557 -0.666992188 0.745117188
vn -0.0314941406 -0.0448303223 0.998535156
vn -0.000288724899 -0.0309906006 0.999511719
vn -0.000262260437 0.547851562 0.836425781
vn 0.376708984 0.385742188 0.842285156
vn -0.0549621582 -0.00490951538 0.998535156
vn -0.000182986259 0.813476562 0.581542969
vn 0.538574219 -0.0029335022 0.842773438
vn -0.0310058594 0.030090332 0.999023438
vn 0.56640625 0.580078125 0.585449219
vn -7.82608986E-05 0.969238281 0.246948242
vn 0.673339844 0.696289062 0.248291016
vn 0.00014591217 0.969238281 -0.246704102
vn 0.370605469 -0.370849609 0.8515625
vn 0.809082031 -0.00630950928 0.587402344
vn 0.968261719 -0.0100860596 0.248901367
vn 0.673339844 0.696289062 -0.248657227
vn -0.000190973282 -0.528808594 0.848632812
vn -0.000299215317 0.0669555664 0.997558594
vn 0.571289062 -0.575683594 0.585449219
vn -0.000179886818 -0.811035156 0.584960938
vn 0.685058594 -0.685058594 0.248168945
vn -8.21352005E-05 -0.96875 0.248779297
vn 0.682128906 -0.6875 -0.248657227
vn 7.78436661E-05 -0.96875 -0.248413086
vn 0.694335938 0.719238281 -0.0196838379
vn 5.87105751E-05 1 -0.0196228027
vn 0.968261719 -0.00952148438 -0.249389648
vn 0.999511719 -0.0107269287 -0.019821167
vn 0.70703125 -0.70703125 -0.0196228027
vn -0 -1 -0.0194244385
vn -0 -0.999511719 -0.032623291
vn 0.694335938 0.71875 -0.0332641602
vn -0 0.999511719 -0.0324707031
vn 4.16636467E-05 0.991210938 -0.133666992
vn 0.689453125 0.7109375 -0.137207031
vn 0.999511719 -0.0103530884 -0.0334472656
vn 0.991210938 0 -0.1328125
vn 0.703613281 -0.709472656 -0.0330810547
vn 0.698730469 -0.704101562 -0.12878418
vn 2.96831131E-05 -0.990722656 -0.134155273
vn -0.00016272068 0.848632812 0.529296875
vn -0.000288724899 -0.0309906006 0.999511719
vn -0.0314941406 -0.0448303223 0.998535156
vn 0.658691406 0.66015625 0.361083984
vn -0.0549621582 -0.00490951538 0.998535156
vn 0.634277344 0.625976562 -0.453613281
vn -0 1 -0.0107421875
vn 4.40478325E-05 0.990234375 -0.139282227
vn 0.856445312 -0.0175933838 0.515625
vn -0.0310058594 0.030090332 0.999023438
vn 0.659179688 -0.656738281 0.366699219
vn -0.000299215317 0.0669555664 0.997558594
vn -0.000159859657 -0.862792969 0.505371094
vn 0.581054688 -0.581542969 -0.569335938
vn 5.27501106E-05 -0.987792969 -0.155517578
vn 0.996582031 -0.0175476074 -0.0806884766
vn 0.694824219 0.706054688 -0.135742188
vn 0.691894531 -0.702636719 -0.166015625
vn 5.39422035E-05 -0.985839844 -0.167602539
vn -0.000221610069 -0.711425781 0.702636719
vn 0.986816406 0.00295448303 -0.160888672
vn 0.501464844 0.504394531 0.703125
vn -0.000221133232 0.711914062 0.702148438
vn -0.000307321548 -0.218139648 0.976074219
vn 0.498779297 -0.504394531 0.704589844
vn 0.708496094 0.0021686554 0.705566406
vn -0.151611328 -0.153808594 0.9765625
vn -0.149902344 0.147827148 0.977539062
vn -0.000303268433 0.209594727 0.977539062
vn -0.000274658203 0.671386719 0.741210938
vn -0.213378906 0.00333023071 0.977050781
vn -0.464111328 0.473632812 0.748535156
vn -0.000313997269 0 1
vn -0.666503906 0.00833892822 0.745605469
vn -0.474853516 -0.473388672 0.741699219
vn -0.000230431557 -0.666992188 0.745117188
vn 0.0308837891 -0.0448303223 0.998535156
vn -0.00026345253 0.547851562 0.836425781
vn -0.000289201736 -0.0309906006 0.999511719
vn -0.377197266 0.385742188 0.841796875
vn 0.0543518066 -0.00491333008 0.998535156
vn -0.000181913376 0.813476562 0.581542969
vn -0.5390625 -0.00292205811 0.842285156
vn 0.030380249 0.0300750732 0.999023438
vn -0.566894531 0.580078125 0.584960938
vn -7.64727592E-05 0.969238281 0.246948242
vn -0.370117188 -0.371826172 0.8515625
vn -0.000299930573 0.0669555664 0.997558594
vn -0.000241160393 -0.528808594 0.848632812
vn -0.673339844 0.696289062 0.247924805
vn 9.10162926E-05 0.969238281 -0.246704102
vn -0.809570312 -0.00645828247 0.586914062
vn -0.571289062 -0.575683594 0.584960938
vn -0.000179409981 -0.811035156 0.584960938
vn -0.672851562 0.696289062 -0.249145508
vn 5.93662262E-05 1 -0.0196228027
vn -0.96875 -0.0101318359 0.248291016
vn -0.682617188 -0.6875 0.247680664
vn -8.30888748E-05 -0.96875 0.248779297
vn -0.968261719 -0.0101089478 -0.25
vn -0.682128906 -0.6875 -0.249023438
vn 7.802248E-05 -0.96875 -0.248413086
vn -0.694335938 0.719238281 -0.0200805664
vn -0.704101562 -0.709960938 -0.0200958252
vn -0 -1 -0.0194244385
vn -0 -0.999511719 -0.032623291
vn -0.999511719 -0.0107040405 -0.0204162598
vn -0.694824219 0.718261719 -0.0337219238
vn -0 0.999511719 -0.0324707031
vn 4.19020653E-05 0.991210938 -0.133666992
vn -0.689453125 0.7109375 -0.137695312
vn -0.999511719 -0.00816345215 -0.0340881348
vn -0.991210938 -0.00308036804 -0.133422852
vn -0.705078125 -0.708496094 -0.0335693359
vn -0.696777344 -0.705566406 -0.129272461
vn 2.96235085E-05 -0.990722656 -0.134155273
vn 0.0308837891 -0.0448303223 0.998535156
vn -0.000289201736 -0.0309906006 0.999511719
vn -0.000154733658 0.848632812 0.529296875
vn -0.658691406 0.66015625 0.360595703
vn 0.0543518066 -0.00491333008 0.998535156
vn -0.634277344 0.625976562 -0.453857422
vn -0 1 -0.0106201172
vn 4.40478325E-05 0.990234375 -0.139282227
vn -0.856933594 -0.0175933838 0.515136719
vn 0.030380249 0.0300750732 0.999023438
vn -0.694824219 0.706054688 -0.136108398
vn -0.000221133232 0.711914062 0.702148438
vn -0.996582031 -0.0175628662 -0.0812988281
vn -0.659667969 -0.656738281 0.366210938
vn -0.000299930573 0.0669555664 0.997558594
vn -0.000159621239 -0.862792969 0.505371094
vn 5.36441803E-05 -0.987792969 -0.155517578
vn -0.580566406 -0.581542969 -0.569824219
vn -0.501953125 0.504394531 0.702636719
vn -0.000305891037 -0.218139648 0.976074219
vn -0.986816406 0.00295639038 -0.161499023
vn -0.691894531 -0.702636719 -0.166503906
vn 5.2690506E-05 -0.985839844 -0.167602539
vn -0.708984375 0.00217247009 0.705078125
vn -0.499267578 -0.504394531 0.704101562
vn -0.00022149086 -0.711425781 0.702636719
vn 0.150512695 -0.154296875 0.9765625
vn 0.212768555 0.00411605835 0.977050781
vn 0.150146484 0.146972656 0.977539062
vn -0.000303506851 0.209594727 0.977539062
vn -0.000276565552 0.671386719 0.741210938
vn 0.463623047 0.473632812 0.748535156
vn -0.000314712524 0 1
vn 0.666015625 0.00833129883 0.745605469
vn 0.474365234 -0.473388672 0.7421875
vn -0.000229597092 -0.666992188 0.745117188
vn -0.0314941406 -0.0448303223 0.998535156
vn -0.000289201736 -0.0309906006 0.999511719
vn -0.00026345253 0.547851562 0.836425781
vn 0.376708984 0.385742188 0.842285156
vn -0.0549621582 -0.00490951538 0.998535156
vn -0.000181913376 0.813476562 0.581542969
vn 0.538574219 -0.00293159485 0.842773438
vn -0.0309906006 0.030090332 0.999023438
vn 0.56640625 0.580078125 0.585449219
vn -7.64727592E-05 0.969238281 0.246948242
vn 0.673339844 0.696289062 0.248291016
vn 9.10162926E-05 0.969238281 -0.246704102
vn 0.370605469 -0.370849609 0.8515625
vn 0.809082031 -0.00630950928 0.587402344
vn 0.968261719 -0.0100860596 0.248901367
vn 0.673339844 0.696289062 -0.248657227
vn -0.000241160393 -0.528808594 0.848632812
vn -0.000299930573 0.0669555664 0.997558594
vn 0.571289062 -0.575683594 0.585449219
vn -0.000179409981 -0.811035156 0.584960938
vn 0.685058594 -0.685058594 0.248168945
vn -8.30888748E-05 -0.96875 0.248779297
vn 0.682128906 -0.6875 -0.248657227
vn 7.802248E-05 -0.96875 -0.248413086
vn 0.694335938 0.719238281 -0.0196838379
vn 5.93662262E-05 1 -0.0196228027
vn 0.968261719 -0.00952148438 -0.249389648
vn 0.999511719 -0.0107269287 -0.019821167
vn 0.70703125 -0.70703125 -0.0196228027
vn -0 -1 -0.0194244385
vn -0 -0.999511719 -0.032623291
vn 0.694335938 0.71875 -0.0332641602
vn -0 0.999511719 -0.0324707031
vn 4.19020653E-05 0.991210938 -0.133666992
vn 0.689453125 0.7109375 -0.137207031
vn 0.999511719 -0.0103530884 -0.0334472656
vn 0.991210938 0 -0.1328125
vn 0.703613281 -0.709472656 -0.0330810547
vn 0.698730469 -0.704101562 -0.12878418
vn 2.96235085E-05 -0.990722656 -0.134155273
vn -0.000154733658 0.848632812 0.529296875
vn -0.000289201736 -0.0309906006 0.999511719
vn -0.0314941406 -0.0448303223 0.998535156
vn 0.658691406 0.66015625 0.361083984
vn -0.0549621582 -0.00490951538 0.998535156
vn 0.634277344 0.625976562 -0.453613281
vn -0 1 -0.0106201172
vn 4.40478325E-05 0.990234375 -0.139282227
vn 0.856445312 -0.0175933838 0.515625
vn -0.0309906006 0.030090332 0.999023438
vn 0.659179688 -0.656738281 0.366699219
vn -0.000299930573 0.0669555664 0.997558594
vn -0.000159621239 -0.862792969 0.505371094
vn 0.581054688 -0.581542969 -0.569335938
vn 5.36441803E-05 -0.987792969 -0.155517578
vn 0.996582031 -0.0175476074 -0.0806884766
vn 0.694824219 0.706054688 -0.135742188
vn 0.691894531 -0.702636719 -0.166015625
vn 5.2690506E-05 -0.985839844 -0.167602539
vn -0.00022149086 -0.711425781 0.702636719
vn 0.986816406 0.00295448303 -0.160888672
vn 0.501464844 0.504394531 0.703125
vn -0.000221133232 0.711914062 0.702148438
vn -0.000305891037 -0.218139648 0.976074219
vn 0.498779297 -0.504394531 0.704589844
vn 0.708496094 0.0021686554 0.705566406
vn -0.151611328 -0.153808594 0.9765625
vn -0.149902344 0.147827148 0.977539062
vn -0.000303506851 0.209594727 0.977539062
vn -0.000276565552 0.671386719 0.741210938
vn -0.213378906 0.00333213806 0.977050781
vn -0.464111328 0.473632812 0.748535156
vn -0.000314712524 0 1
vn -0.666503906 0.00833892822 0.745605469
vn -0.474853516 -0.473388672 0.741699219
vn -0.000229597092 -0.666992188 0.745117188
vn -0.341796875 0.350585938 -0.872070312
vn 0.00025844574 0.522460938 -0.852539062
vn 0.000186920166 0.801757812 -0.597167969
vn 0.000314474106 -1.57952309E-05 -1
vn -0.588867188 0.604980469 -0.535644531
vn -3.81469727E-05 0.992675781 0.12121582
vn -0.693359375 0.709960938 0.122253418
vn 4.17232513E-05 0.991210938 -0.133666992
vn -0.689453125 0.7109375 -0.137695312
vn -0.991210938 -0.00308036804 -0.133422852
vn -0.797851562 0.00664138794 -0.602539062
vn -0.514160156 0.00254058838 -0.857421875
vn -0.9921875 0.00777816772 0.124938965
vn -0.694824219 -0.708007812 0.125
vn -0.696777344 -0.705566406 -0.129272461
vn 2.95639038E-05 -0.990722656 -0.134155273
vn -3.30805779E-05 -0.992675781 0.122314453
vn 0.000182151794 -0.799804688 -0.600585938
vn -0.58984375 -0.604003906 -0.536132812
vn -0.340332031 -0.348144531 -0.873535156
vn 0.000268697739 -0.51953125 -0.854492188
vn 0.693359375 0.709960938 0.122741699
vn 0.689453125 0.7109375 -0.137207031
vn 4.17232513E-05 0.991210938 -0.133666992
vn -3.81469727E-05 0.992675781 0.12121582
vn 0.991210938 0 -0.1328125
vn 0.000186920166 0.801757812 -0.597167969
vn 0.9921875 0.00776672363 0.125610352
vn 0.694824219 -0.708007812 0.125366211
vn 0.698730469 -0.704101562 -0.12878418
vn 2.95639038E-05 -0.990722656 -0.134155273
vn -3.30805779E-05 -0.992675781 0.122314453
vn 0.000182151794 -0.799804688 -0.600585938
vn 0.798339844 0.0061416626 -0.602050781
vn 0.590332031 -0.604003906 -0.535644531
vn 0.000268697739 -0.51953125 -0.854492188
vn 0.589355469 0.604980469 -0.535644531
vn 0.514648438 0.0033493042 -0.857421875
vn 0.340820312 -0.348144531 -0.873046875
vn 0.000314474106 -1.57952309E-05 -1
vn 0.342285156 0.350585938 -0.871582031
vn 0.00025844574 0.522460938 -0.852539062
vn -0.341796875 0.350585938 -0.872070312
vn 0.000258922577 0.522460938 -0.852539062
vn 0.000187277794 0.801757812 -0.597167969
vn 0.00031375885 -1.60932541E-05 -1
vn -0.588867188 0.604980469 -0.535644531
vn -3.84449959E-05 0.992675781 0.12121582
vn -0.693359375 0.709960938 0.122253418
vn 4.15444374E-05 0.991210938 -0.133666992
vn -0.689453125 0.7109375 -0.137695312
vn -0.991210938 -0.00308036804 -0.133422852
vn -0.797851562 0.00664138794 -0.602539062
vn -0.514160156 0.00254249573 -0.857421875
vn -0.9921875 0.00777816772 0.124938965
vn -0.694824219 -0.708007812 0.125
vn -0.696777344 -0.705566406 -0.129272461
vn 2.94446945E-05 -0.990722656 -0.134155273
vn -2.25305557E-05 -0.992675781 0.122314453
vn 0.000182151794 -0.799804688 -0.600585938
vn -0.58984375 -0.604003906 -0.536132812
vn -0.340332031 -0.348144531 -0.873535156
vn 0.000268220901 -0.51953125 -0.854492188
vn 0.693359375 0.709960938 0.122741699
vn 0.689453125 0.7109375 -0.137207031
vn 4.15444374E-05 0.991210938 -0.133666992
vn -3.84449959E-05 0.992675781 0.12121582
vn 0.991210938 0 -0.1328125
vn 0.000187277794 0.801757812 -0.597167969
vn 0.9921875 0.00776672363 0.125610352
vn 0.694824219 -0.708007812 0.125366211
vn 0.698730469 -0.704101562 -0.12878418
vn 2.94446945E-05 -0.990722656 -0.134155273
vn -2.25305557E-05 -0.992675781 0.122314453
vn 0.000182151794 -0.799804688 -0.600585938
vn 0.798339844 0.0061416626 -0.602050781
vn 0.590332031 -0.604003906 -0.535644531
vn 0.000268220901 -0.51953125 -0.854492188
vn 0.589355469 0.604980469 -0.535644531
vn 0.514648438 0.0033493042 -0.857421875
vn 0.340820312 -0.348144531 -0.873046875
vn 0.00031375885 -1.60932541E-05 -1
vn 0.342285156 0.350585938 -0.871582031
vn 0.000258922577 0.522460938 -0.852539062
vn -0.341796875 0.350585938 -0.872070312
vn 0.000258922577 0.522460938 -0.852539062
vn 0.000187516212 0.801757812 -0.597167969
vn 0.000313282013 -1.60932541E-05 -1
vn -0.588867188 0.604980469 -0.535644531
vn -3.8087368E-05 0.992675781 0.12121582
vn -0.693359375 0.709960938 0.122253418
vn 4.16636467E-05 0.991210938 -0.133666992
vn -0.689453125 0.7109375 -0.137695312
vn -0.991210938 -0.00308036804 -0.133422852
vn -0.797851562 0.00664138794 -0.602539062
vn -0.514160156 0.00254249573 -0.857421875
vn -0.9921875 0.00777816772 0.124938965
vn -0.694824219 -0.708007812 0.125
vn -0.696777344 -0.705566406 -0.129272461
vn 2.96831131E-05 -0.990722656 -0.134155273
vn -2.2649765E-05 -0.992675781 0.122314453
vn 0.000182271004 -0.799804688 -0.600585938
vn -0.58984375 -0.604003906 -0.536132812
vn -0.340332031 -0.348144531 -0.873535156
vn 0.000267982483 -0.51953125 -0.854492188
vn 0.693359375 0.709960938 0.122741699
vn 0.689453125 0.7109375 -0.137207031
vn 4.16636467E-05 0.991210938 -0.133666992
vn -3.8087368E-05 0.992675781 0.12121582
vn 0.991210938 0 -0.1328125
vn 0.000187516212 0.801757812 -0.597167969
vn 0.9921875 0.00776672363 0.125610352
vn 0.694824219 -0.708007812 0.125366211
vn 0.698730469 -0.704101562 -0.12878418
vn 2.96831131E-05 -0.990722656 -0.134155273
vn -2.2649765E-05 -0.992675781 0.122314453
vn 0.000182271004 -0.799804688 -0.600585938
vn 0.798339844 0.0061416626 -0.602050781
vn 0.590332031 -0.604003906 -0.535644531
vn 0.000267982483 -0.51953125 -0.854492188
vn 0.589355469 0.604980469 -0.535644531
vn 0.514648438 0.0033493042 -0.857421875
vn 0.340820312 -0.348144531 -0.873046875
vn 0.000313282013 -1.60932541E-05 -1
vn 0.342285156 0.350585938 -0.871582031
vn 0.000258922577 0.522460938 -0.852539062
vn -0.341796875 0.350585938 -0.872070312
vn 0.000259160995 0.522460938 -0.852539062
vn 0.000187277794 0.801757812 -0.597167969
vn 0.00031375885 -1.59144402E-05 -1
vn -0.588867188 0.604980469 -0.535644531
vn -3.81469727E-05 0.992675781 0.12121582
vn -0.693359375 0.709960938 0.122253418
vn 4.19020653E-05 0.991210938 -0.133666992
vn -0.689453125 0.7109375 -0.137695312
vn -0.991210938 -0.00308036804 -0.133422852
vn -0.797851562 0.00664138794 -0.602539062
vn -0.514160156 0.00254058838 -0.857421875
vn -0.9921875 0.00777816772 0.124938965
vn -0.694824219 -0.708007812 0.125
vn -0.696777344 -0.705566406 -0.129272461
vn 2.96235085E-05 -0.990722656 -0.134155273
vn -3.32593918E-05 -0.992675781 0.122314453
vn 0.000181794167 -0.799804688 -0.600585938
vn -0.58984375 -0.604003906 -0.536132812
vn -0.340332031 -0.348144531 -0.873535156
vn 0.000267982483 -0.51953125 -0.854492188
vn 0.693359375 0.709960938 0.122741699
vn 0.689453125 0.7109375 -0.137207031
vn 4.19020653E-05 0.991210938 -0.133666992
vn -3.81469727E-05 0.992675781 0.12121582
vn 0.991210938 0 -0.1328125
vn 0.000187277794 0.801757812 -0.597167969
vn 0.9921875 0.00776672363 0.125610352
vn 0.694824219 -0.708007812 0.125366211
vn 0.698730469 -0.704101562 -0.12878418
vn 2.96235085E-05 -0.990722656 -0.134155273
vn -3.32593918E-05 -0.992675781 0.122314453
vn 0.000181794167 -0.799804688 -0.600585938
vn 0.798339844 0.0061416626 -0.602050781
vn 0.590332031 -0.604003906 -0.535644531
vn 0.000267982483 -0.51953125 -0.854492188
vn 0.589355469 0.604980469 -0.535644531
vn 0.514648438 0.0033493042 -0.857421875
vn 0.340820312 -0.348144531 -0.873046875
vn 0.00031375885 -1.59144402E-05 -1
vn 0.342285156 0.350585938 -0.871582031
vn 0.000259160995 0.522460938 -0.852539062
vn 0.13659668 -0.872070312 -0.469970703
vn 0.13659668 -0.872070312 -0.469970703
vn 0.13659668 -0.872070312 -0.469970703
vn 0.13659668 -0.872070312 -0.469970703
vn 0.13659668 -0.872070312 -0.469970703
vn 0.13659668 -0.872070312 -0.469970703
vn 0.13659668 -0.872070312 -0.469970703
vn 0.13659668 -0.872070312 -0.469970703
vn 0.13659668 -0.872070312 -0.469970703
vn 0.13659668 -0.872070312 -0.469970703
vn 0.13659668 -0.872070312 -0.469970703
vn 0.13659668 -0.872070312 -0.469970703
vn 0.13659668 -0.872070312 -0.469970703
vn 0.13659668 -0.872070312 -0.469970703
vn 0.13659668 -0.872070312 -0.469970703
vn 0.13659668 -0.872070312 -0.469970703
vn 0.13659668 -0.872070312 -0.469970703
vn 0.13659668 -0.872070312 -0.469970703
vn 0.13659668 -0.872070312 -0.469970703
vn 0.13659668 -0.872070312 -0.469970703
vn -0.13659668 0.872070312 0.469970703
vn -0.13659668 0.872070312 0.469970703
vn -0.13659668 0.872070312 0.469970703
vn -0.13659668 0.872070312 0.469970703
vn -0.13659668 0.872070312 0.469970703
vn -0.13659668 0.872070312 0.469970703
vn -0.13659668 0.872070312 0.469970703
vn -0.13659668 0.872070312 0.469970703
vn -0.13659668 0.872070312 0.469970703
vn -0.13659668 0.872070312 0.469970703
vn -0.13659668 0.872070312 0.469970703
vn -0.13659668 0.872070312 0.469970703
vn -0.13659668 0.872070312 0.469970703
vn -0.13659668 0.872070312 0.469970703
vn -0.13659668 0.872070312 0.469970703
vn -0.13659668 0.872070312 0.469970703
vn -0.13659668 0.872070312 0.469970703
vn -0.13659668 0.872070312 0.469970703
vn -0.13659668 0.872070312 0.469970703
vn -0.13659668 0.872070312 0.469970703
vn -0.116882324 -0.90234375 -0.414550781
vn -0.116882324 -0.90234375 -0.414550781
vn -0.116882324 -0.90234375 -0.414550781
vn -0.116882324 -0.90234375 -0.414550781
vn -0.116882324 -0.90234375 -0.414550781
vn -0.116882324 -0.90234375 -0.414550781
vn -0.116882324 -0.90234375 -0.414550781
vn -0.116882324 -0.90234375 -0.414550781
vn -0.116882324 -0.90234375 -0.414550781
vn -0.116882324 -0.90234375 -0.414550781
vn -0.116882324 -0.90234375 -0.414550781
vn -0.116882324 -0.90234375 -0.414550781
vn -0.116882324 -0.90234375 -0.414550781
vn -0.116882324 -0.90234375 -0.414550781
vn -0.116882324 -0.90234375 -0.414550781
vn -0.116882324 -0.90234375 -0.414550781
vn -0.116882324 -0.90234375 -0.414550781
vn -0.116882324 -0.90234375 -0.414550781
vn -0.116882324 -0.90234375 -0.414550781
vn -0.116882324 -0.90234375 -0.414550781
vn 0.116882324 0.90234375 0.414550781
vn 0.116882324 0.90234375 0.414550781
vn 0.116882324 0.90234375 0.414550781
vn 0.116882324 0.90234375 0.414550781
vn 0.116882324 0.90234375 0.414550781
vn 0.116882324 0.90234375 0.414550781
vn 0.116882324 0.90234375 0.414550781
vn 0.116882324 0.90234375 0.414550781
vn 0.116882324 0.90234375 0.414550781
vn 0.116882324 0.90234375 0.414550781
vn 0.116882324 0.90234375 0.414550781
vn 0.116882324 0.90234375 0.414550781
vn 0.116882324 0.90234375 0.414550781
vn 0.116882324 0.90234375 0.414550781
vn 0.116882324 0.90234375 0.414550781
vn 0.116882324 0.90234375 0.414550781
vn 0.116882324 0.90234375 0.414550781
vn 0.116882324 0.90234375 0.414550781
vn 0.116882324 0.90234375 0.414550781
vn 0.116882324 0.90234375 0.414550781
vn -0.0236206055 -0.999511719 0.0160980225
vn -0.0238800049 -0.89453125 -0.446044922
vn -0.0238800049 -0.89453125 -0.446044922
vn -0.0238800049 -0.89453125 -0.446044922
vn 0.0631713867 -0.998046875 0.00817871094
vn -0.430908203 -0.869628906 -0.241577148
vn -0.0238800049 -0.89453125 -0.446044922
vn 0.412109375 -0.853515625 -0.318359375
vn -0.455078125 -0.749511719 -0.480957031
vn -0.0238800049 -0.89453125 -0.446044922
vn -0.0238800049 -0.89453125 -0.446044922
vn -0.0238800049 -0.89453125 -0.446044922
vn 0.388183594 -0.733886719 -0.557617188
vn -0.0238952637 -0.89453125 -0.446044922
vn -0.0187988281 -0.588867188 -0.808105469
vn -0.0238952637 -0.89453125 -0.446044922
vn -0.10559082 -0.590332031 -0.800292969
vn -0.0238800049 -0.89453125 -0.446044922
vn -0.0238800049 -0.89453125 -0.446044922
vn -0.0238800049 -0.89453125 -0.446044922
vn 0.0238800049 0.89453125 0.446044922
vn 0.0238800049 0.89453125 0.446044922
vn 0.0238800049 0.89453125 0.446044922
vn 0.0238800049 0.89453125 0.446044922
vn 0.0238952637 0.89453125 0.446044922
vn 0.0238800049 0.89453125 0.446044922
vn 0.0238800049 0.89453125 0.446044922
vn 0.0238800049 0.89453125 0.446044922
vn 0.0238800049 0.89453125 0.446044922
vn 0.0238800049 0.89453125 0.446044922
vn 0.0238800049 0.89453125 0.446044922
vn 0.0238800049 0.89453125 0.446044922
vn 0.0238952637 0.89453125 0.446044922
vn 0.0238800049 0.89453125 0.446044922
vn 0.0238800049 0.89453125 0.446044922
vn 0.0238800049 0.89453125 0.446044922
vn 0.0238800049 0.89453125 0.446044922
vn 0.0238800049 0.89453125 0.446044922
vn 0.0238952637 0.89453125 0.446044922
vn 0.0238800049 0.89453125 0.446044922
vn 0.0609130859 -0.976074219 -0.209228516
vn 0.0608825684 -0.976074219 -0.209228516
vn 0.0608825684 -0.976074219 -0.209228516
vn 0.0608825684 -0.976074219 -0.209228516
vn 0.0609130859 -0.976074219 -0.209228516
vn 0.0609130859 -0.976074219 -0.209228516
vn 0.0608825684 -0.976074219 -0.209228516
vn 0.0608825684 -0.976074219 -0.209228516
vn 0.0608825684 -0.976074219 -0.209228516
vn 0.0608825684 -0.976074219 -0.209228516
vn 0.0609130859 -0.976074219 -0.209228516
vn 0.0608825684 -0.976074219 -0.209228516
vn 0.0608825684 -0.976074219 -0.209228516
vn 0.0608825684 -0.976074219 -0.209228516
vn 0.0608825684 -0.976074219 -0.209228516
vn 0.0608825684 -0.976074219 -0.209228516
vn 0.0608825684 -0.976074219 -0.209228516
vn 0.0608825684 -0.976074219 -0.209228516
vn 0.0608825684 -0.976074219 -0.209228516
vn 0.0608825684 -0.976074219 -0.209228516
vn -0.0608825684 0.976074219 0.209228516
vn -0.0608825684 0.976074219 0.209228516
vn -0.0608825684 0.976074219 0.209228516
vn -0.0608825684 0.976074219 0.209228516
vn -0.0608825684 0.976074219 0.209228516
vn -0.0608825684 0.976074219 0.209228516
vn -0.0608825684 0.976074219 0.209228516
vn -0.0609130859 0.976074219 0.209228516
vn -0.0608825684 0.976074219 0.209228516
vn -0.0608825684 0.976074219 0.209228516
vn -0.0608825684 0.976074219 0.209228516
vn -0.0609130859 0.976074219 0.209228516
vn -0.0609130859 0.976074219 0.209228516
vn -0.0608825684 0.976074219 0.209228516
vn -0.0609130859 0.976074219 0.209228516
vn -0.0609130859 0.976074219 0.209228516
vn -0.0609130859 0.976074219 0.209228516
vn -0.0608825684 0.976074219 0.209228516
vn -0.0609130859 0.976074219 0.209228516
vn -0.0609130859 0.976074219 0.209228516
g O_env_danyaoxiang_01_0
f 3/3/3 2/2/2 1/1/1
f 2/2/2 4/4/4 1/1/1
f 1/1/1 4/4/4 5/5/5
f 2/2/2 6/6/6 4/4/4
f 4/4/4 7/7/7 5/5/5
f 5/5/5 7/7/7 8/8/8
f 6/6/6 9/9/9 4/4/4
f 4/4/4 9/9/9 7/7/7
f 6/6/6 10/10/10 9/9/9
f 7/7/7 11/11/11 8/8/8
f 8/8/8 11/11/11 12/12/12
f 11/11/11 13/13/13 12/12/12
f 10/10/10 14/14/14 9/9/9
f 10/10/10 15/15/15 14/14/14
f 9/9/9 16/16/16 7/7/7
f 7/7/7 16/16/16 11/11/11
f 9/9/9 14/14/14 16/16/16
f 11/11/11 17/17/17 13/13/13
f 16/16/16 17/17/17 11/11/11
f 17/17/17 18/18/18 13/13/13
f 15/15/15 19/19/19 14/14/14
f 19/19/19 15/15/15 20/20/20
f 14/14/14 21/21/21 16/16/16
f 16/16/16 21/21/21 17/17/17
f 14/14/14 19/19/19 21/21/21
f 17/17/17 22/22/22 18/18/18
f 21/21/21 22/22/22 17/17/17
f 22/22/22 23/23/23 18/18/18
f 19/19/19 24/24/24 21/21/21
f 21/21/21 24/24/24 22/22/22
f 22/22/22 25/25/25 23/23/23
f 24/24/24 25/25/25 22/22/22
f 25/25/25 26/26/26 23/23/23
f 27/27/27 19/19/19 20/20/20
f 24/24/24 19/19/19 27/27/27
f 26/26/26 25/25/25 28/28/28
f 29/29/29 26/26/26 28/28/28
f 29/29/29 28/28/28 30/30/30
f 25/25/25 24/24/24 31/31/31
f 28/28/28 25/25/25 31/31/31
f 31/31/31 24/24/24 27/27/27
f 27/27/27 20/20/20 32/32/32
f 20/20/20 33/33/33 32/32/32
f 32/32/32 33/33/33 34/34/34
f 35/35/35 32/32/32 34/34/34
f 27/27/27 32/32/32 36/36/36
f 36/36/36 32/32/32 35/35/35
f 31/31/31 27/27/27 36/36/36
f 37/37/37 36/36/36 35/35/35
f 28/28/28 31/31/31 38/38/38
f 31/31/31 36/36/36 38/38/38
f 38/38/38 36/36/36 37/37/37
f 28/28/28 38/38/38 30/30/30
f 39/39/39 38/38/38 37/37/37
f 30/30/30 38/38/38 39/39/39
f 40/40/40 30/30/30 39/39/39
f 43/43/43 42/42/42 41/41/41
f 44/44/44 43/43/43 41/41/41
f 44/44/44 41/41/41 45/45/45
f 44/44/44 46/46/46 43/43/43
f 46/46/46 47/47/47 43/43/43
f 47/47/47 46/46/46 48/48/48
f 49/49/49 44/44/44 45/45/45
f 49/49/49 45/45/45 50/50/50
f 46/46/46 51/51/51 48/48/48
f 48/48/48 51/51/51 52/52/52
f 53/53/53 46/46/46 44/44/44
f 49/49/49 53/53/53 44/44/44
f 46/46/46 53/53/53 51/51/51
f 54/54/54 49/49/49 50/50/50
f 54/54/54 50/50/50 55/55/55
f 56/56/56 54/54/54 55/55/55
f 56/56/56 57/57/57 54/54/54
f 54/54/54 58/58/58 49/49/49
f 58/58/58 53/53/53 49/49/49
f 57/57/57 58/58/58 54/54/54
f 51/51/51 59/59/59 52/52/52
f 52/52/52 59/59/59 60/60/60
f 53/53/53 61/61/61 51/51/51
f 53/53/53 58/58/58 61/61/61
f 51/51/51 61/61/61 59/59/59
f 58/58/58 57/57/57 62/62/62
f 58/58/58 62/62/62 61/61/61
f 57/57/57 63/63/63 62/62/62
f 61/61/61 64/64/64 59/59/59
f 61/61/61 62/62/62 64/64/64
f 62/62/62 63/63/63 65/65/65
f 62/62/62 65/65/65 64/64/64
f 63/63/63 66/66/66 65/65/65
f 59/59/59 67/67/67 60/60/60
f 59/59/59 64/64/64 67/67/67
f 64/64/64 65/65/65 68/68/68
f 64/64/64 68/68/68 67/67/67
f 65/65/65 66/66/66 69/69/69
f 65/65/65 69/69/69 68/68/68
f 66/66/66 70/70/70 69/69/69
f 69/69/69 70/70/70 71/71/71
f 72/72/72 69/69/69 71/71/71
f 68/68/68 69/69/69 72/72/72
f 73/73/73 72/72/72 71/71/71
f 74/74/74 68/68/68 72/72/72
f 67/67/67 68/68/68 74/74/74
f 73/73/73 74/74/74 72/72/72
f 60/60/60 67/67/67 75/75/75
f 75/75/75 67/67/67 74/74/74
f 73/73/73 75/75/75 74/74/74
f 76/76/76 60/60/60 75/75/75
f 73/73/73 76/76/76 75/75/75
f 79/79/79 78/78/78 77/77/77
f 80/80/80 79/79/79 77/77/77
f 80/80/80 77/77/77 81/81/81
f 82/82/82 79/79/79 80/80/80
f 83/83/83 80/80/80 81/81/81
f 83/83/83 81/81/81 84/84/84
f 85/85/85 82/82/82 80/80/80
f 85/85/85 80/80/80 83/83/83
f 82/82/82 85/85/85 86/86/86
f 85/85/85 87/87/87 86/86/86
f 88/88/88 86/86/86 87/87/87
f 89/89/89 83/83/83 84/84/84
f 90/90/90 85/85/85 83/83/83
f 90/90/90 83/83/83 89/89/89
f 87/87/87 85/85/85 91/91/91
f 85/85/85 90/90/90 91/91/91
f 92/92/92 88/88/88 87/87/87
f 87/87/87 91/91/91 92/92/92
f 89/89/89 84/84/84 93/93/93
f 84/84/84 94/94/94 93/93/93
f 95/95/95 89/89/89 93/93/93
f 95/95/95 90/90/90 89/89/89
f 96/96/96 95/95/95 93/93/93
f 90/90/90 95/95/95 97/97/97
f 95/95/95 96/96/96 97/97/97
f 91/91/91 90/90/90 97/97/97
f 96/96/96 98/98/98 97/97/97
f 99/99/99 97/97/97 98/98/98
f 91/91/91 97/97/97 99/99/99
f 100/100/100 99/99/99 98/98/98
f 92/92/92 101/101/101 88/88/88
f 101/101/101 102/102/102 88/88/88
f 91/91/91 103/103/103 92/92/92
f 103/103/103 91/91/91 99/99/99
f 103/103/103 104/104/104 92/92/92
f 104/104/104 103/103/103 99/99/99
f 104/104/104 101/101/101 92/92/92
f 99/99/99 100/100/100 105/105/105
f 105/105/105 104/104/104 99/99/99
f 100/100/100 106/106/106 105/105/105
f 105/105/105 106/106/106 107/107/107
f 102/102/102 101/101/101 108/108/108
f 109/109/109 102/102/102 108/108/108
f 109/109/109 108/108/108 110/110/110
f 108/108/108 111/111/111 110/110/110
f 108/108/108 101/101/101 112/112/112
f 108/108/108 112/112/112 111/111/111
f 101/101/101 104/104/104 112/112/112
f 112/112/112 113/113/113 111/111/111
f 104/104/104 105/105/105 114/114/114
f 112/112/112 104/104/104 114/114/114
f 112/112/112 114/114/114 113/113/113
f 114/114/114 105/105/105 107/107/107
f 114/114/114 115/115/115 113/113/113
f 114/114/114 107/107/107 115/115/115
f 107/107/107 116/116/116 115/115/115
f 119/119/119 118/118/118 117/117/117
f 120/120/120 119/119/119 117/117/117
f 121/121/121 119/119/119 120/120/120
f 120/120/120 117/117/117 122/122/122
f 117/117/117 123/123/123 122/122/122
f 122/122/122 123/123/123 124/124/124
f 125/125/125 121/121/121 120/120/120
f 125/125/125 120/120/120 122/122/122
f 126/126/126 121/121/121 125/125/125
f 127/127/127 126/126/126 125/125/125
f 128/128/128 126/126/126 127/127/127
f 129/129/129 128/128/128 127/127/127
f 129/129/129 127/127/127 130/130/130
f 127/127/127 125/125/125 130/130/130
f 131/131/131 129/129/129 130/130/130
f 132/132/132 125/125/125 122/122/122
f 125/125/125 132/132/132 130/130/130
f 133/133/133 122/122/122 124/124/124
f 132/132/132 122/122/122 133/133/133
f 131/131/131 130/130/130 134/134/134
f 135/135/135 131/131/131 134/134/134
f 135/135/135 134/134/134 136/136/136
f 130/130/130 132/132/132 137/137/137
f 134/134/134 130/130/130 137/137/137
f 137/137/137 132/132/132 133/133/133
f 133/133/133 124/124/124 138/138/138
f 124/124/124 139/139/139 138/138/138
f 138/138/138 139/139/139 140/140/140
f 134/134/134 141/141/141 136/136/136
f 134/134/134 137/137/137 141/141/141
f 137/137/137 133/133/133 142/142/142
f 133/133/133 138/138/138 142/142/142
f 137/137/137 142/142/142 141/141/141
f 143/143/143 138/138/138 140/140/140
f 142/142/142 138/138/138 143/143/143
f 136/136/136 141/141/141 144/144/144
f 145/145/145 136/136/136 144/144/144
f 145/145/145 144/144/144 146/146/146
f 141/141/141 142/142/142 147/147/147
f 144/144/144 141/141/141 147/147/147
f 147/147/147 142/142/142 143/143/143
f 144/144/144 148/148/148 146/146/146
f 144/144/144 147/147/147 148/148/148
f 148/148/148 149/149/149 146/146/146
f 147/147/147 150/150/150 148/148/148
f 147/147/147 143/143/143 150/150/150
f 150/150/150 149/149/149 148/148/148
f 143/143/143 140/140/140 151/151/151
f 143/143/143 151/151/151 150/150/150
f 151/151/151 149/149/149 150/150/150
f 140/140/140 152/152/152 151/151/151
f 152/152/152 149/149/149 151/151/151
f 155/155/155 154/154/154 153/153/153
f 156/156/156 155/155/155 153/153/153
f 156/156/156 153/153/153 157/157/157
f 158/158/158 156/156/156 157/157/157
f 158/158/158 157/157/157 159/159/159
f 160/160/160 158/158/158 159/159/159
f 160/160/160 159/159/159 161/161/161
f 162/162/162 160/160/160 161/161/161
f 162/162/162 161/161/161 163/163/163
f 164/164/164 162/162/162 163/163/163
f 167/167/167 166/166/166 165/165/165
f 168/168/168 167/167/167 165/165/165
f 168/168/168 165/165/165 169/169/169
f 165/165/165 170/170/170 169/169/169
f 173/173/173 172/172/172 171/171/171
f 174/174/174 173/173/173 171/171/171
f 174/174/174 175/175/175 173/173/173
f 175/175/175 176/176/176 173/173/173
f 179/179/179 178/178/178 177/177/177
f 180/180/180 179/179/179 177/177/177
f 183/183/183 182/182/182 181/181/181
f 184/184/184 183/183/183 181/181/181
f 187/187/187 186/186/186 185/185/185
f 188/188/188 187/187/187 185/185/185
f 191/191/191 190/190/190 189/189/189
f 192/192/192 191/191/191 189/189/189
f 192/192/192 193/193/193 191/191/191
f 193/193/193 194/194/194 191/191/191
f 194/194/194 193/193/193 195/195/195
f 196/196/196 194/194/194 195/195/195
f 196/196/196 195/195/195 197/197/197
f 198/198/198 196/196/196 197/197/197
f 201/201/201 200/200/200 199/199/199
f 202/202/202 201/201/201 199/199/199
f 205/205/205 204/204/204 203/203/203
f 204/204/204 206/206/206 203/203/203
f 206/206/206 204/204/204 207/207/207
f 208/208/208 206/206/206 207/207/207
f 208/208/208 207/207/207 209/209/209
f 207/207/207 210/210/210 209/209/209
f 210/210/210 211/211/211 209/209/209
f 211/211/211 212/212/212 209/209/209
f 215/215/215 214/214/214 213/213/213
f 216/216/216 215/215/215 213/213/213
f 219/219/219 218/218/218 217/217/217
f 220/220/220 219/219/219 217/217/217
f 223/223/223 222/222/222 221/221/221
f 224/224/224 223/223/223 221/221/221
f 223/223/223 224/224/224 225/225/225
f 225/225/225 224/224/224 226/226/226
f 224/224/224 227/227/227 226/226/226
f 228/228/228 223/223/223 225/225/225
f 223/223/223 228/228/228 229/229/229
f 228/228/228 230/230/230 229/229/229
f 233/233/233 232/232/232 231/231/231
f 234/234/234 233/233/233 231/231/231
f 237/237/237 236/236/236 235/235/235
f 238/238/238 237/237/237 235/235/235
f 241/241/241 240/240/240 239/239/239
f 242/242/242 241/241/241 239/239/239
f 245/245/245 244/244/244 243/243/243
f 246/246/246 245/245/245 243/243/243
f 249/249/249 248/248/248 247/247/247
f 250/250/250 249/249/249 247/247/247
f 253/253/253 252/252/252 251/251/251
f 254/254/254 253/253/253 251/251/251
f 257/257/257 256/256/256 255/255/255
f 258/258/258 257/257/257 255/255/255
f 261/261/261 260/260/260 259/259/259
f 262/262/262 261/261/261 259/259/259
f 265/265/265 264/264/264 263/263/263
f 266/266/266 265/265/265 263/263/263
f 269/269/269 268/268/268 267/267/267
f 268/268/268 270/270/270 267/267/267
f 271/271/271 270/270/270 268/268/268
f 272/272/272 271/271/271 268/268/268
f 271/271/271 272/272/272 273/273/273
f 272/272/272 274/274/274 273/273/273
f 273/273/273 274/274/274 275/275/275
f 274/274/274 276/276/276 275/275/275
f 279/279/279 278/278/278 277/277/277
f 280/280/280 279/279/279 277/277/277
f 283/283/283 282/282/282 281/281/281
f 284/284/284 283/283/283 281/281/281
f 283/283/283 284/284/284 285/285/285
f 284/284/284 286/286/286 285/285/285
f 285/285/285 286/286/286 287/287/287
f 288/288/288 285/285/285 287/287/287
f 289/289/289 288/288/288 287/287/287
f 290/290/290 289/289/289 287/287/287
f 293/293/293 292/292/292 291/291/291
f 294/294/294 293/293/293 291/291/291
f 297/297/297 296/296/296 295/295/295
f 298/298/298 297/297/297 295/295/295
f 301/301/301 300/300/300 299/299/299
f 300/300/300 302/302/302 299/299/299
f 302/302/302 300/300/300 303/303/303
f 302/302/302 303/303/303 304/304/304
f 305/305/305 302/302/302 304/304/304
f 300/300/300 306/306/306 303/303/303
f 306/306/306 300/300/300 307/307/307
f 308/308/308 306/306/306 307/307/307
f 311/311/311 310/310/310 309/309/309
f 312/312/312 311/311/311 309/309/309
f 315/315/315 314/314/314 313/313/313
f 316/316/316 315/315/315 313/313/313
f 319/319/319 318/318/318 317/317/317
f 320/320/320 319/319/319 317/317/317
f 323/323/323 322/322/322 321/321/321
f 324/324/324 323/323/323 321/321/321
f 327/327/327 326/326/326 325/325/325
f 328/328/328 327/327/327 325/325/325
f 331/331/331 330/330/330 329/329/329
f 332/332/332 331/331/331 329/329/329
f 335/335/335 334/334/334 333/333/333
f 336/336/336 335/335/335 333/333/333
f 339/339/339 338/338/338 337/337/337
f 340/340/340 339/339/339 337/337/337
f 343/343/343 342/342/342 341/341/341
f 344/344/344 343/343/343 341/341/341
f 343/343/343 344/344/344 345/345/345
f 344/344/344 346/346/346 345/345/345
f 345/345/345 346/346/346 347/347/347
f 346/346/346 348/348/348 347/347/347
f 347/347/347 348/348/348 349/349/349
f 348/348/348 350/350/350 349/349/349
f 349/349/349 350/350/350 351/351/351
f 350/350/350 352/352/352 351/351/351
f 351/351/351 352/352/352 353/353/353
f 352/352/352 354/354/354 353/353/353
f 355/355/355 353/353/353 354/354/354
f 356/356/356 355/355/355 354/354/354
f 355/355/355 356/356/356 357/357/357
f 356/356/356 358/358/358 357/357/357
f 361/361/361 360/360/360 359/359/359
f 360/360/360 362/362/362 359/359/359
f 359/359/359 362/362/362 363/363/363
f 364/364/364 359/359/359 363/363/363
f 364/364/364 363/363/363 365/365/365
f 366/366/366 364/364/364 365/365/365
f 365/365/365 367/367/367 366/366/366
f 367/367/367 368/368/368 366/366/366
f 368/368/368 367/367/367 369/369/369
f 370/370/370 368/368/368 369/369/369
f 370/370/370 369/369/369 371/371/371
f 372/372/372 370/370/370 371/371/371
f 373/373/373 372/372/372 371/371/371
f 374/374/374 373/373/373 371/371/371
f 373/373/373 374/374/374 375/375/375
f 376/376/376 373/373/373 375/375/375
f 376/376/376 375/375/375 377/377/377
f 378/378/378 376/376/376 377/377/377
f 378/378/378 377/377/377 379/379/379
f 380/380/380 378/378/378 379/379/379
f 380/380/380 379/379/379 381/381/381
f 382/382/382 380/380/380 381/381/381
f 382/382/382 381/381/381 383/383/383
f 384/384/384 382/382/382 383/383/383
f 387/387/387 386/386/386 385/385/385
f 386/386/386 388/388/388 385/385/385
f 385/385/385 388/388/388 389/389/389
f 388/388/388 390/390/390 389/389/389
f 389/389/389 390/390/390 391/391/391
f 390/390/390 392/392/392 391/391/391
f 391/391/391 392/392/392 393/393/393
f 392/392/392 394/394/394 393/393/393
f 393/393/393 394/394/394 395/395/395
f 394/394/394 396/396/396 395/395/395
f 399/399/399 398/398/398 397/397/397
f 398/398/398 400/400/400 397/397/397
f 397/397/397 400/400/400 401/401/401
f 402/402/402 397/397/397 401/401/401
f 405/405/405 404/404/404 403/403/403
f 404/404/404 406/406/406 403/403/403
f 407/407/407 406/406/406 404/404/404
f 408/408/408 407/407/407 404/404/404
f 411/411/411 410/410/410 409/409/409
f 412/412/412 411/411/411 409/409/409
f 415/415/415 414/414/414 413/413/413
f 414/414/414 416/416/416 413/413/413
f 416/416/416 414/414/414 417/417/417
f 418/418/418 416/416/416 417/417/417
f 418/418/418 417/417/417 419/419/419
f 420/420/420 418/418/418 419/419/419
f 420/420/420 419/419/419 421/421/421
f 422/422/422 420/420/420 421/421/421
f 422/422/422 421/421/421 423/423/423
f 424/424/424 422/422/422 423/423/423
f 424/424/424 423/423/423 425/425/425
f 426/426/426 424/424/424 425/425/425
f 425/425/425 427/427/427 426/426/426
f 427/427/427 428/428/428 426/426/426
f 428/428/428 427/427/427 429/429/429
f 430/430/430 428/428/428 429/429/429
f 433/433/433 432/432/432 431/431/431
f 434/434/434 433/433/433 431/431/431
f 434/434/434 431/431/431 435/435/435
f 431/431/431 436/436/436 435/435/435
f 435/435/435 436/436/436 437/437/437
f 436/436/436 438/438/438 437/437/437
f 439/439/439 437/437/437 438/438/438
f 440/440/440 439/439/439 438/438/438
f 439/439/439 440/440/440 441/441/441
f 440/440/440 442/442/442 441/441/441
f 441/441/441 442/442/442 443/443/443
f 442/442/442 444/444/444 443/443/443
f 444/444/444 445/445/445 443/443/443
f 445/445/445 446/446/446 443/443/443
f 446/446/446 445/445/445 447/447/447
f 445/445/445 448/448/448 447/447/447
f 447/447/447 448/448/448 449/449/449
f 448/448/448 450/450/450 449/449/449
f 449/449/449 450/450/450 451/451/451
f 450/450/450 452/452/452 451/451/451
f 451/451/451 452/452/452 453/453/453
f 452/452/452 454/454/454 453/453/453
f 453/453/453 454/454/454 455/455/455
f 454/454/454 456/456/456 455/455/455
f 459/459/459 458/458/458 457/457/457
f 460/460/460 459/459/459 457/457/457
f 459/459/459 460/460/460 461/461/461
f 460/460/460 462/462/462 461/461/461
f 461/461/461 462/462/462 463/463/463
f 462/462/462 464/464/464 463/463/463
f 463/463/463 464/464/464 465/465/465
f 464/464/464 466/466/466 465/465/465
f 465/465/465 466/466/466 467/467/467
f 466/466/466 468/468/468 467/467/467
f 467/467/467 468/468/468 469/469/469
f 468/468/468 470/470/470 469/469/469
f 471/471/471 469/469/469 470/470/470
f 472/472/472 471/471/471 470/470/470
f 471/471/471 472/472/472 473/473/473
f 472/472/472 474/474/474 473/473/473
f 477/477/477 476/476/476 475/475/475
f 476/476/476 478/478/478 475/475/475
f 475/475/475 478/478/478 479/479/479
f 480/480/480 475/475/475 479/479/479
f 480/480/480 479/479/479 481/481/481
f 482/482/482 480/480/480 481/481/481
f 481/481/481 483/483/483 482/482/482
f 483/483/483 484/484/484 482/482/482
f 484/484/484 483/483/483 485/485/485
f 486/486/486 484/484/484 485/485/485
f 486/486/486 485/485/485 487/487/487
f 488/488/488 486/486/486 487/487/487
f 489/489/489 488/488/488 487/487/487
f 490/490/490 489/489/489 487/487/487
f 489/489/489 490/490/490 491/491/491
f 492/492/492 489/489/489 491/491/491
f 492/492/492 491/491/491 493/493/493
f 494/494/494 492/492/492 493/493/493
f 494/494/494 493/493/493 495/495/495
f 496/496/496 494/494/494 495/495/495
f 496/496/496 495/495/495 497/497/497
f 498/498/498 496/496/496 497/497/497
f 498/498/498 497/497/497 499/499/499
f 500/500/500 498/498/498 499/499/499
f 503/503/503 502/502/502 501/501/501
f 504/504/504 503/503/503 501/501/501
f 504/504/504 501/501/501 505/505/505
f 506/506/506 504/504/504 505/505/505
f 506/506/506 505/505/505 507/507/507
f 508/508/508 506/506/506 507/507/507
f 508/508/508 507/507/507 509/509/509
f 510/510/510 508/508/508 509/509/509
f 510/510/510 509/509/509 511/511/511
f 512/512/512 510/510/510 511/511/511
f 515/515/515 514/514/514 513/513/513
f 516/516/516 515/515/515 513/513/513
f 516/516/516 513/513/513 517/517/517
f 513/513/513 518/518/518 517/517/517
f 521/521/521 520/520/520 519/519/519
f 522/522/522 521/521/521 519/519/519
f 522/522/522 523/523/523 521/521/521
f 523/523/523 524/524/524 521/521/521
f 527/527/527 526/526/526 525/525/525
f 528/528/528 527/527/527 525/525/525
f 531/531/531 530/530/530 529/529/529
f 530/530/530 532/532/532 529/529/529
f 532/532/532 530/530/530 533/533/533
f 534/534/534 532/532/532 533/533/533
f 534/534/534 533/533/533 535/535/535
f 536/536/536 534/534/534 535/535/535
f 536/536/536 535/535/535 537/537/537
f 538/538/538 536/536/536 537/537/537
f 538/538/538 537/537/537 539/539/539
f 540/540/540 538/538/538 539/539/539
f 540/540/540 539/539/539 541/541/541
f 542/542/542 540/540/540 541/541/541
f 541/541/541 543/543/543 542/542/542
f 543/543/543 544/544/544 542/542/542
f 544/544/544 543/543/543 545/545/545
f 546/546/546 544/544/544 545/545/545
f 549/549/549 548/548/548 547/547/547
f 550/550/550 549/549/549 547/547/547
f 550/550/550 547/547/547 551/551/551
f 547/547/547 552/552/552 551/551/551
f 551/551/551 552/552/552 553/553/553
f 552/552/552 554/554/554 553/553/553
f 555/555/555 553/553/553 554/554/554
f 556/556/556 555/555/555 554/554/554
f 555/555/555 556/556/556 557/557/557
f 556/556/556 558/558/558 557/557/557
f 557/557/557 558/558/558 559/559/559
f 558/558/558 560/560/560 559/559/559
f 560/560/560 561/561/561 559/559/559
f 561/561/561 562/562/562 559/559/559
f 562/562/562 561/561/561 563/563/563
f 561/561/561 564/564/564 563/563/563
f 563/563/563 564/564/564 565/565/565
f 564/564/564 566/566/566 565/565/565
f 565/565/565 566/566/566 567/567/567
f 566/566/566 568/568/568 567/567/567
f 567/567/567 568/568/568 569/569/569
f 568/568/568 570/570/570 569/569/569
f 569/569/569 570/570/570 571/571/571
f 570/570/570 572/572/572 571/571/571
f 575/575/575 574/574/574 573/573/573
f 574/574/574 576/576/576 573/573/573
f 573/573/573 576/576/576 577/577/577
f 576/576/576 578/578/578 577/577/577
f 577/577/577 578/578/578 579/579/579
f 578/578/578 580/580/580 579/579/579
f 579/579/579 580/580/580 581/581/581
f 580/580/580 582/582/582 581/581/581
f 581/581/581 582/582/582 583/583/583
f 582/582/582 584/584/584 583/583/583
f 587/587/587 586/586/586 585/585/585
f 586/586/586 588/588/588 585/585/585
f 585/585/585 588/588/588 589/589/589
f 590/590/590 585/585/585 589/589/589
f 593/593/593 592/592/592 591/591/591
f 592/592/592 594/594/594 591/591/591
f 595/595/595 594/594/594 592/592/592
f 596/596/596 595/595/595 592/592/592
f 599/599/599 598/598/598 597/597/597
f 600/600/600 599/599/599 597/597/597
f 603/603/603 602/602/602 601/601/601
f 604/604/604 603/603/603 601/601/601
f 603/603/603 604/604/604 605/605/605
f 605/605/605 604/604/604 606/606/606
f 604/604/604 607/607/607 606/606/606
f 608/608/608 603/603/603 605/605/605
f 603/603/603 608/608/608 609/609/609
f 608/608/608 610/610/610 609/609/609
f 613/613/613 612/612/612 611/611/611
f 614/614/614 613/613/613 611/611/611
f 617/617/617 616/616/616 615/615/615
f 616/616/616 618/618/618 615/615/615
f 618/618/618 616/616/616 619/619/619
f 618/618/618 619/619/619 620/620/620
f 621/621/621 618/618/618 620/620/620
f 616/616/616 622/622/622 619/619/619
f 622/622/622 616/616/616 623/623/623
f 624/624/624 622/622/622 623/623/623
f 627/627/627 626/626/626 625/625/625
f 628/628/628 627/627/627 625/625/625
f 631/631/631 630/630/630 629/629/629
f 632/632/632 631/631/631 629/629/629
f 635/635/635 634/634/634 633/633/633
f 636/636/636 635/635/635 633/633/633
f 636/636/636 637/637/637 635/635/635
f 637/637/637 638/638/638 635/635/635
f 638/638/638 637/637/637 639/639/639
f 637/637/637 640/640/640 639/639/639
f 643/643/643 642/642/642 641/641/641
f 644/644/644 643/643/643 641/641/641
f 647/647/647 646/646/646 645/645/645
f 648/648/648 647/647/647 645/645/645
f 651/651/651 650/650/650 649/649/649
f 650/650/650 652/652/652 649/649/649
f 653/653/653 652/652/652 650/650/650
f 654/654/654 653/653/653 650/650/650
f 653/653/653 654/654/654 655/655/655
f 656/656/656 653/653/653 655/655/655
f 659/659/659 658/658/658 657/657/657
f 660/660/660 659/659/659 657/657/657
f 663/663/663 662/662/662 661/661/661
f 662/662/662 664/664/664 661/661/661
f 661/661/661 664/664/664 665/665/665
f 662/662/662 666/666/666 664/664/664
f 664/664/664 667/667/667 665/665/665
f 665/665/665 667/667/667 668/668/668
f 666/666/666 669/669/669 664/664/664
f 664/664/664 669/669/669 667/667/667
f 666/666/666 670/670/670 669/669/669
f 667/667/667 671/671/671 668/668/668
f 668/668/668 671/671/671 672/672/672
f 671/671/671 673/673/673 672/672/672
f 670/670/670 674/674/674 669/669/669
f 670/670/670 675/675/675 674/674/674
f 669/669/669 676/676/676 667/667/667
f 667/667/667 676/676/676 671/671/671
f 669/669/669 674/674/674 676/676/676
f 671/671/671 677/677/677 673/673/673
f 676/676/676 677/677/677 671/671/671
f 677/677/677 678/678/678 673/673/673
f 675/675/675 679/679/679 674/674/674
f 679/679/679 675/675/675 680/680/680
f 674/674/674 681/681/681 676/676/676
f 676/676/676 681/681/681 677/677/677
f 674/674/674 679/679/679 681/681/681
f 677/677/677 682/682/682 678/678/678
f 681/681/681 682/682/682 677/677/677
f 682/682/682 683/683/683 678/678/678
f 679/679/679 684/684/684 681/681/681
f 681/681/681 684/684/684 682/682/682
f 682/682/682 685/685/685 683/683/683
f 684/684/684 685/685/685 682/682/682
f 685/685/685 686/686/686 683/683/683
f 687/687/687 679/679/679 680/680/680
f 684/684/684 679/679/679 687/687/687
f 686/686/686 685/685/685 688/688/688
f 689/689/689 686/686/686 688/688/688
f 689/689/689 688/688/688 690/690/690
f 685/685/685 684/684/684 691/691/691
f 688/688/688 685/685/685 691/691/691
f 691/691/691 684/684/684 687/687/687
f 687/687/687 680/680/680 692/692/692
f 680/680/680 693/693/693 692/692/692
f 692/692/692 693/693/693 694/694/694
f 695/695/695 692/692/692 694/694/694
f 687/687/687 692/692/692 696/696/696
f 696/696/696 692/692/692 695/695/695
f 691/691/691 687/687/687 696/696/696
f 697/697/697 696/696/696 695/695/695
f 688/688/688 691/691/691 698/698/698
f 691/691/691 696/696/696 698/698/698
f 698/698/698 696/696/696 697/697/697
f 688/688/688 698/698/698 690/690/690
f 699/699/699 698/698/698 697/697/697
f 690/690/690 698/698/698 699/699/699
f 700/700/700 690/690/690 699/699/699
f 703/703/703 702/702/702 701/701/701
f 704/704/704 703/703/703 701/701/701
f 704/704/704 701/701/701 705/705/705
f 704/704/704 706/706/706 703/703/703
f 706/706/706 707/707/707 703/703/703
f 707/707/707 706/706/706 708/708/708
f 709/709/709 704/704/704 705/705/705
f 709/709/709 705/705/705 710/710/710
f 706/706/706 711/711/711 708/708/708
f 708/708/708 711/711/711 712/712/712
f 713/713/713 706/706/706 704/704/704
f 709/709/709 713/713/713 704/704/704
f 706/706/706 713/713/713 711/711/711
f 714/714/714 709/709/709 710/710/710
f 714/714/714 710/710/710 715/715/715
f 716/716/716 714/714/714 715/715/715
f 716/716/716 717/717/717 714/714/714
f 714/714/714 718/718/718 709/709/709
f 718/718/718 713/713/713 709/709/709
f 717/717/717 718/718/718 714/714/714
f 711/711/711 719/719/719 712/712/712
f 712/712/712 719/719/719 720/720/720
f 713/713/713 721/721/721 711/711/711
f 713/713/713 718/718/718 721/721/721
f 711/711/711 721/721/721 719/719/719
f 718/718/718 717/717/717 722/722/722
f 718/718/718 722/722/722 721/721/721
f 717/717/717 723/723/723 722/722/722
f 721/721/721 724/724/724 719/719/719
f 721/721/721 722/722/722 724/724/724
f 722/722/722 723/723/723 725/725/725
f 722/722/722 725/725/725 724/724/724
f 723/723/723 726/726/726 725/725/725
f 719/719/719 727/727/727 720/720/720
f 719/719/719 724/724/724 727/727/727
f 724/724/724 725/725/725 728/728/728
f 724/724/724 728/728/728 727/727/727
f 725/725/725 726/726/726 729/729/729
f 725/725/725 729/729/729 728/728/728
f 726/726/726 730/730/730 729/729/729
f 729/729/729 730/730/730 731/731/731
f 732/732/732 729/729/729 731/731/731
f 728/728/728 729/729/729 732/732/732
f 733/733/733 732/732/732 731/731/731
f 734/734/734 728/728/728 732/732/732
f 727/727/727 728/728/728 734/734/734
f 733/733/733 734/734/734 732/732/732
f 720/720/720 727/727/727 735/735/735
f 735/735/735 727/727/727 734/734/734
f 733/733/733 735/735/735 734/734/734
f 736/736/736 720/720/720 735/735/735
f 733/733/733 736/736/736 735/735/735
f 739/739/739 738/738/738 737/737/737
f 740/740/740 739/739/739 737/737/737
f 740/740/740 737/737/737 741/741/741
f 742/742/742 739/739/739 740/740/740
f 743/743/743 740/740/740 741/741/741
f 743/743/743 741/741/741 744/744/744
f 745/745/745 742/742/742 740/740/740
f 745/745/745 740/740/740 743/743/743
f 742/742/742 745/745/745 746/746/746
f 745/745/745 747/747/747 746/746/746
f 748/748/748 746/746/746 747/747/747
f 749/749/749 743/743/743 744/744/744
f 750/750/750 745/745/745 743/743/743
f 750/750/750 743/743/743 749/749/749
f 747/747/747 745/745/745 751/751/751
f 745/745/745 750/750/750 751/751/751
f 752/752/752 748/748/748 747/747/747
f 747/747/747 751/751/751 752/752/752
f 749/749/749 744/744/744 753/753/753
f 744/744/744 754/754/754 753/753/753
f 755/755/755 749/749/749 753/753/753
f 755/755/755 750/750/750 749/749/749
f 756/756/756 755/755/755 753/753/753
f 750/750/750 755/755/755 757/757/757
f 755/755/755 756/756/756 757/757/757
f 751/751/751 750/750/750 757/757/757
f 756/756/756 758/758/758 757/757/757
f 759/759/759 757/757/757 758/758/758
f 751/751/751 757/757/757 759/759/759
f 760/760/760 759/759/759 758/758/758
f 752/752/752 761/761/761 748/748/748
f 761/761/761 762/762/762 748/748/748
f 751/751/751 763/763/763 752/752/752
f 763/763/763 751/751/751 759/759/759
f 763/763/763 764/764/764 752/752/752
f 764/764/764 763/763/763 759/759/759
f 764/764/764 761/761/761 752/752/752
f 759/759/759 760/760/760 765/765/765
f 765/765/765 764/764/764 759/759/759
f 760/760/760 766/766/766 765/765/765
f 765/765/765 766/766/766 767/767/767
f 762/762/762 761/761/761 768/768/768
f 769/769/769 762/762/762 768/768/768
f 769/769/769 768/768/768 770/770/770
f 768/768/768 771/771/771 770/770/770
f 768/768/768 761/761/761 772/772/772
f 768/768/768 772/772/772 771/771/771
f 761/761/761 764/764/764 772/772/772
f 772/772/772 773/773/773 771/771/771
f 764/764/764 765/765/765 774/774/774
f 772/772/772 764/764/764 774/774/774
f 772/772/772 774/774/774 773/773/773
f 774/774/774 765/765/765 767/767/767
f 774/774/774 775/775/775 773/773/773
f 774/774/774 767/767/767 775/775/775
f 767/767/767 776/776/776 775/775/775
f 779/779/779 778/778/778 777/777/777
f 780/780/780 779/779/779 777/777/777
f 781/781/781 779/779/779 780/780/780
f 780/780/780 777/777/777 782/782/782
f 777/777/777 783/783/783 782/782/782
f 782/782/782 783/783/783 784/784/784
f 785/785/785 781/781/781 780/780/780
f 785/785/785 780/780/780 782/782/782
f 786/786/786 781/781/781 785/785/785
f 787/787/787 786/786/786 785/785/785
f 788/788/788 786/786/786 787/787/787
f 789/789/789 788/788/788 787/787/787
f 789/789/789 787/787/787 790/790/790
f 787/787/787 785/785/785 790/790/790
f 791/791/791 789/789/789 790/790/790
f 792/792/792 785/785/785 782/782/782
f 785/785/785 792/792/792 790/790/790
f 793/793/793 782/782/782 784/784/784
f 792/792/792 782/782/782 793/793/793
f 791/791/791 790/790/790 794/794/794
f 795/795/795 791/791/791 794/794/794
f 795/795/795 794/794/794 796/796/796
f 790/790/790 792/792/792 797/797/797
f 794/794/794 790/790/790 797/797/797
f 797/797/797 792/792/792 793/793/793
f 793/793/793 784/784/784 798/798/798
f 784/784/784 799/799/799 798/798/798
f 798/798/798 799/799/799 800/800/800
f 794/794/794 801/801/801 796/796/796
f 794/794/794 797/797/797 801/801/801
f 797/797/797 793/793/793 802/802/802
f 793/793/793 798/798/798 802/802/802
f 797/797/797 802/802/802 801/801/801
f 803/803/803 798/798/798 800/800/800
f 802/802/802 798/798/798 803/803/803
f 796/796/796 801/801/801 804/804/804
f 805/805/805 796/796/796 804/804/804
f 805/805/805 804/804/804 806/806/806
f 801/801/801 802/802/802 807/807/807
f 804/804/804 801/801/801 807/807/807
f 807/807/807 802/802/802 803/803/803
f 804/804/804 808/808/808 806/806/806
f 804/804/804 807/807/807 808/808/808
f 808/808/808 809/809/809 806/806/806
f 807/807/807 810/810/810 808/808/808
f 807/807/807 803/803/803 810/810/810
f 810/810/810 809/809/809 808/808/808
f 803/803/803 800/800/800 811/811/811
f 803/803/803 811/811/811 810/810/810
f 811/811/811 809/809/809 810/810/810
f 800/800/800 812/812/812 811/811/811
f 812/812/812 809/809/809 811/811/811
f 815/815/815 814/814/814 813/813/813
f 814/814/814 816/816/816 813/813/813
f 813/813/813 816/816/816 817/817/817
f 814/814/814 818/818/818 816/816/816
f 816/816/816 819/819/819 817/817/817
f 817/817/817 819/819/819 820/820/820
f 818/818/818 821/821/821 816/816/816
f 816/816/816 821/821/821 819/819/819
f 818/818/818 822/822/822 821/821/821
f 819/819/819 823/823/823 820/820/820
f 820/820/820 823/823/823 824/824/824
f 823/823/823 825/825/825 824/824/824
f 822/822/822 826/826/826 821/821/821
f 822/822/822 827/827/827 826/826/826
f 821/821/821 828/828/828 819/819/819
f 819/819/819 828/828/828 823/823/823
f 821/821/821 826/826/826 828/828/828
f 823/823/823 829/829/829 825/825/825
f 828/828/828 829/829/829 823/823/823
f 829/829/829 830/830/830 825/825/825
f 827/827/827 831/831/831 826/826/826
f 831/831/831 827/827/827 832/832/832
f 826/826/826 833/833/833 828/828/828
f 828/828/828 833/833/833 829/829/829
f 826/826/826 831/831/831 833/833/833
f 829/829/829 834/834/834 830/830/830
f 833/833/833 834/834/834 829/829/829
f 834/834/834 835/835/835 830/830/830
f 831/831/831 836/836/836 833/833/833
f 833/833/833 836/836/836 834/834/834
f 834/834/834 837/837/837 835/835/835
f 836/836/836 837/837/837 834/834/834
f 837/837/837 838/838/838 835/835/835
f 839/839/839 831/831/831 832/832/832
f 836/836/836 831/831/831 839/839/839
f 838/838/838 837/837/837 840/840/840
f 841/841/841 838/838/838 840/840/840
f 841/841/841 840/840/840 842/842/842
f 837/837/837 836/836/836 843/843/843
f 840/840/840 837/837/837 843/843/843
f 843/843/843 836/836/836 839/839/839
f 839/839/839 832/832/832 844/844/844
f 832/832/832 845/845/845 844/844/844
f 844/844/844 845/845/845 846/846/846
f 847/847/847 844/844/844 846/846/846
f 839/839/839 844/844/844 848/848/848
f 848/848/848 844/844/844 847/847/847
f 843/843/843 839/839/839 848/848/848
f 849/849/849 848/848/848 847/847/847
f 840/840/840 843/843/843 850/850/850
f 843/843/843 848/848/848 850/850/850
f 850/850/850 848/848/848 849/849/849
f 840/840/840 850/850/850 842/842/842
f 851/851/851 850/850/850 849/849/849
f 842/842/842 850/850/850 851/851/851
f 852/852/852 842/842/842 851/851/851
f 855/855/855 854/854/854 853/853/853
f 856/856/856 855/855/855 853/853/853
f 856/856/856 853/853/853 857/857/857
f 856/856/856 858/858/858 855/855/855
f 858/858/858 859/859/859 855/855/855
f 859/859/859 858/858/858 860/860/860
f 861/861/861 856/856/856 857/857/857
f 861/861/861 857/857/857 862/862/862
f 858/858/858 863/863/863 860/860/860
f 860/860/860 863/863/863 864/864/864
f 865/865/865 858/858/858 856/856/856
f 861/861/861 865/865/865 856/856/856
f 858/858/858 865/865/865 863/863/863
f 866/866/866 861/861/861 862/862/862
f 866/866/866 862/862/862 867/867/867
f 868/868/868 866/866/866 867/867/867
f 868/868/868 869/869/869 866/866/866
f 866/866/866 870/870/870 861/861/861
f 870/870/870 865/865/865 861/861/861
f 869/869/869 870/870/870 866/866/866
f 863/863/863 871/871/871 864/864/864
f 864/864/864 871/871/871 872/872/872
f 865/865/865 873/873/873 863/863/863
f 865/865/865 870/870/870 873/873/873
f 863/863/863 873/873/873 871/871/871
f 870/870/870 869/869/869 874/874/874
f 870/870/870 874/874/874 873/873/873
f 869/869/869 875/875/875 874/874/874
f 873/873/873 876/876/876 871/871/871
f 873/873/873 874/874/874 876/876/876
f 874/874/874 875/875/875 877/877/877
f 874/874/874 877/877/877 876/876/876
f 875/875/875 878/878/878 877/877/877
f 871/871/871 879/879/879 872/872/872
f 871/871/871 876/876/876 879/879/879
f 876/876/876 877/877/877 880/880/880
f 876/876/876 880/880/880 879/879/879
f 877/877/877 878/878/878 881/881/881
f 877/877/877 881/881/881 880/880/880
f 878/878/878 882/882/882 881/881/881
f 881/881/881 882/882/882 883/883/883
f 884/884/884 881/881/881 883/883/883
f 880/880/880 881/881/881 884/884/884
f 885/885/885 884/884/884 883/883/883
f 886/886/886 880/880/880 884/884/884
f 879/879/879 880/880/880 886/886/886
f 885/885/885 886/886/886 884/884/884
f 872/872/872 879/879/879 887/887/887
f 887/887/887 879/879/879 886/886/886
f 885/885/885 887/887/887 886/886/886
f 888/888/888 872/872/872 887/887/887
f 885/885/885 888/888/888 887/887/887
f 891/891/891 890/890/890 889/889/889
f 892/892/892 891/891/891 889/889/889
f 892/892/892 889/889/889 893/893/893
f 894/894/894 891/891/891 892/892/892
f 895/895/895 892/892/892 893/893/893
f 895/895/895 893/893/893 896/896/896
f 897/897/897 894/894/894 892/892/892
f 897/897/897 892/892/892 895/895/895
f 894/894/894 897/897/897 898/898/898
f 897/897/897 899/899/899 898/898/898
f 900/900/900 898/898/898 899/899/899
f 901/901/901 895/895/895 896/896/896
f 902/902/902 897/897/897 895/895/895
f 902/902/902 895/895/895 901/901/901
f 899/899/899 897/897/897 903/903/903
f 897/897/897 902/902/902 903/903/903
f 904/904/904 900/900/900 899/899/899
f 899/899/899 903/903/903 904/904/904
f 901/901/901 896/896/896 905/905/905
f 896/896/896 906/906/906 905/905/905
f 907/907/907 901/901/901 905/905/905
f 907/907/907 902/902/902 901/901/901
f 908/908/908 907/907/907 905/905/905
f 902/902/902 907/907/907 909/909/909
f 907/907/907 908/908/908 909/909/909
f 903/903/903 902/902/902 909/909/909
f 908/908/908 910/910/910 909/909/909
f 911/911/911 909/909/909 910/910/910
f 903/903/903 909/909/909 911/911/911
f 912/912/912 911/911/911 910/910/910
f 904/904/904 913/913/913 900/900/900
f 913/913/913 914/914/914 900/900/900
f 903/903/903 915/915/915 904/904/904
f 915/915/915 903/903/903 911/911/911
f 915/915/915 916/916/916 904/904/904
f 916/916/916 915/915/915 911/911/911
f 916/916/916 913/913/913 904/904/904
f 911/911/911 912/912/912 917/917/917
f 917/917/917 916/916/916 911/911/911
f 912/912/912 918/918/918 917/917/917
f 917/917/917 918/918/918 919/919/919
f 914/914/914 913/913/913 920/920/920
f 921/921/921 914/914/914 920/920/920
f 921/921/921 920/920/920 922/922/922
f 920/920/920 923/923/923 922/922/922
f 920/920/920 913/913/913 924/924/924
f 920/920/920 924/924/924 923/923/923
f 913/913/913 916/916/916 924/924/924
f 924/924/924 925/925/925 923/923/923
f 916/916/916 917/917/917 926/926/926
f 924/924/924 916/916/916 926/926/926
f 924/924/924 926/926/926 925/925/925
f 926/926/926 917/917/917 919/919/919
f 926/926/926 927/927/927 925/925/925
f 926/926/926 919/919/919 927/927/927
f 919/919/919 928/928/928 927/927/927
f 931/931/931 930/930/930 929/929/929
f 932/932/932 931/931/931 929/929/929
f 933/933/933 931/931/931 932/932/932
f 932/932/932 929/929/929 934/934/934
f 929/929/929 935/935/935 934/934/934
f 934/934/934 935/935/935 936/936/936
f 937/937/937 933/933/933 932/932/932
f 937/937/937 932/932/932 934/934/934
f 938/938/938 933/933/933 937/937/937
f 939/939/939 938/938/938 937/937/937
f 940/940/940 938/938/938 939/939/939
f 941/941/941 940/940/940 939/939/939
f 941/941/941 939/939/939 942/942/942
f 939/939/939 937/937/937 942/942/942
f 943/943/943 941/941/941 942/942/942
f 944/944/944 937/937/937 934/934/934
f 937/937/937 944/944/944 942/942/942
f 945/945/945 934/934/934 936/936/936
f 944/944/944 934/934/934 945/945/945
f 943/943/943 942/942/942 946/946/946
f 947/947/947 943/943/943 946/946/946
f 947/947/947 946/946/946 948/948/948
f 942/942/942 944/944/944 949/949/949
f 946/946/946 942/942/942 949/949/949
f 949/949/949 944/944/944 945/945/945
f 945/945/945 936/936/936 950/950/950
f 936/936/936 951/951/951 950/950/950
f 950/950/950 951/951/951 952/952/952
f 946/946/946 953/953/953 948/948/948
f 946/946/946 949/949/949 953/953/953
f 949/949/949 945/945/945 954/954/954
f 945/945/945 950/950/950 954/954/954
f 949/949/949 954/954/954 953/953/953
f 955/955/955 950/950/950 952/952/952
f 954/954/954 950/950/950 955/955/955
f 948/948/948 953/953/953 956/956/956
f 957/957/957 948/948/948 956/956/956
f 957/957/957 956/956/956 958/958/958
f 953/953/953 954/954/954 959/959/959
f 956/956/956 953/953/953 959/959/959
f 959/959/959 954/954/954 955/955/955
f 956/956/956 960/960/960 958/958/958
f 956/956/956 959/959/959 960/960/960
f 960/960/960 961/961/961 958/958/958
f 959/959/959 962/962/962 960/960/960
f 959/959/959 955/955/955 962/962/962
f 962/962/962 961/961/961 960/960/960
f 955/955/955 952/952/952 963/963/963
f 955/955/955 963/963/963 962/962/962
f 963/963/963 961/961/961 962/962/962
f 952/952/952 964/964/964 963/963/963
f 964/964/964 961/961/961 963/963/963
f 967/967/967 966/966/966 965/965/965
f 966/966/966 968/968/968 965/965/965
f 965/965/965 968/968/968 969/969/969
f 966/966/966 970/970/970 968/968/968
f 968/968/968 971/971/971 969/969/969
f 969/969/969 971/971/971 972/972/972
f 970/970/970 973/973/973 968/968/968
f 968/968/968 973/973/973 971/971/971
f 970/970/970 974/974/974 973/973/973
f 971/971/971 975/975/975 972/972/972
f 972/972/972 975/975/975 976/976/976
f 975/975/975 977/977/977 976/976/976
f 974/974/974 978/978/978 973/973/973
f 974/974/974 979/979/979 978/978/978
f 973/973/973 980/980/980 971/971/971
f 971/971/971 980/980/980 975/975/975
f 973/973/973 978/978/978 980/980/980
f 975/975/975 981/981/981 977/977/977
f 980/980/980 981/981/981 975/975/975
f 981/981/981 982/982/982 977/977/977
f 979/979/979 983/983/983 978/978/978
f 983/983/983 979/979/979 984/984/984
f 978/978/978 985/985/985 980/980/980
f 980/980/980 985/985/985 981/981/981
f 978/978/978 983/983/983 985/985/985
f 981/981/981 986/986/986 982/982/982
f 985/985/985 986/986/986 981/981/981
f 986/986/986 987/987/987 982/982/982
f 983/983/983 988/988/988 985/985/985
f 985/985/985 988/988/988 986/986/986
f 986/986/986 989/989/989 987/987/987
f 988/988/988 989/989/989 986/986/986
f 989/989/989 990/990/990 987/987/987
f 991/991/991 983/983/983 984/984/984
f 988/988/988 983/983/983 991/991/991
f 990/990/990 989/989/989 992/992/992
f 993/993/993 990/990/990 992/992/992
f 993/993/993 992/992/992 994/994/994
f 989/989/989 988/988/988 995/995/995
f 992/992/992 989/989/989 995/995/995
f 995/995/995 988/988/988 991/991/991
f 991/991/991 984/984/984 996/996/996
f 984/984/984 997/997/997 996/996/996
f 996/996/996 997/997/997 998/998/998
f 999/999/999 996/996/996 998/998/998
f 991/991/991 996/996/996 1000/1000/1000
f 1000/1000/1000 996/996/996 999/999/999
f 995/995/995 991/991/991 1000/1000/1000
f 1001/1001/1001 1000/1000/1000 999/999/999
f 992/992/992 995/995/995 1002/1002/1002
f 995/995/995 1000/1000/1000 1002/1002/1002
f 1002/1002/1002 1000/1000/1000 1001/1001/1001
f 992/992/992 1002/1002/1002 994/994/994
f 1003/1003/1003 1002/1002/1002 1001/1001/1001
f 994/994/994 1002/1002/1002 1003/1003/1003
f 1004/1004/1004 994/994/994 1003/1003/1003
f 1007/1007/1007 1006/1006/1006 1005/1005/1005
f 1008/1008/1008 1007/1007/1007 1005/1005/1005
f 1008/1008/1008 1005/1005/1005 1009/1009/1009
f 1008/1008/1008 1010/1010/1010 1007/1007/1007
f 1010/1010/1010 1011/1011/1011 1007/1007/1007
f 1011/1011/1011 1010/1010/1010 1012/1012/1012
f 1013/1013/1013 1008/1008/1008 1009/1009/1009
f 1013/1013/1013 1009/1009/1009 1014/1014/1014
f 1010/1010/1010 1015/1015/1015 1012/1012/1012
f 1012/1012/1012 1015/1015/1015 1016/1016/1016
f 1017/1017/1017 1010/1010/1010 1008/1008/1008
f 1013/1013/1013 1017/1017/1017 1008/1008/1008
f 1010/1010/1010 1017/1017/1017 1015/1015/1015
f 1018/1018/1018 1013/1013/1013 1014/1014/1014
f 1018/1018/1018 1014/1014/1014 1019/1019/1019
f 1020/1020/1020 1018/1018/1018 1019/1019/1019
f 1020/1020/1020 1021/1021/1021 1018/1018/1018
f 1018/1018/1018 1022/1022/1022 1013/1013/1013
f 1022/1022/1022 1017/1017/1017 1013/1013/1013
f 1021/1021/1021 1022/1022/1022 1018/1018/1018
f 1015/1015/1015 1023/1023/1023 1016/1016/1016
f 1016/1016/1016 1023/1023/1023 1024/1024/1024
f 1017/1017/1017 1025/1025/1025 1015/1015/1015
f 1017/1017/1017 1022/1022/1022 1025/1025/1025
f 1015/1015/1015 1025/1025/1025 1023/1023/1023
f 1022/1022/1022 1021/1021/1021 1026/1026/1026
f 1022/1022/1022 1026/1026/1026 1025/1025/1025
f 1021/1021/1021 1027/1027/1027 1026/1026/1026
f 1025/1025/1025 1028/1028/1028 1023/1023/1023
f 1025/1025/1025 1026/1026/1026 1028/1028/1028
f 1026/1026/1026 1027/1027/1027 1029/1029/1029
f 1026/1026/1026 1029/1029/1029 1028/1028/1028
f 1027/1027/1027 1030/1030/1030 1029/1029/1029
f 1023/1023/1023 1031/1031/1031 1024/1024/1024
f 1023/1023/1023 1028/1028/1028 1031/1031/1031
f 1028/1028/1028 1029/1029/1029 1032/1032/1032
f 1028/1028/1028 1032/1032/1032 1031/1031/1031
f 1029/1029/1029 1030/1030/1030 1033/1033/1033
f 1029/1029/1029 1033/1033/1033 1032/1032/1032
f 1030/1030/1030 1034/1034/1034 1033/1033/1033
f 1033/1033/1033 1034/1034/1034 1035/1035/1035
f 1036/1036/1036 1033/1033/1033 1035/1035/1035
f 1032/1032/1032 1033/1033/1033 1036/1036/1036
f 1037/1037/1037 1036/1036/1036 1035/1035/1035
f 1038/1038/1038 1032/1032/1032 1036/1036/1036
f 1031/1031/1031 1032/1032/1032 1038/1038/1038
f 1037/1037/1037 1038/1038/1038 1036/1036/1036
f 1024/1024/1024 1031/1031/1031 1039/1039/1039
f 1039/1039/1039 1031/1031/1031 1038/1038/1038
f 1037/1037/1037 1039/1039/1039 1038/1038/1038
f 1040/1040/1040 1024/1024/1024 1039/1039/1039
f 1037/1037/1037 1040/1040/1040 1039/1039/1039
f 1043/1043/1043 1042/1042/1042 1041/1041/1041
f 1044/1044/1044 1043/1043/1043 1041/1041/1041
f 1044/1044/1044 1041/1041/1041 1045/1045/1045
f 1046/1046/1046 1043/1043/1043 1044/1044/1044
f 1047/1047/1047 1044/1044/1044 1045/1045/1045
f 1047/1047/1047 1045/1045/1045 1048/1048/1048
f 1049/1049/1049 1046/1046/1046 1044/1044/1044
f 1049/1049/1049 1044/1044/1044 1047/1047/1047
f 1046/1046/1046 1049/1049/1049 1050/1050/1050
f 1049/1049/1049 1051/1051/1051 1050/1050/1050
f 1052/1052/1052 1050/1050/1050 1051/1051/1051
f 1053/1053/1053 1047/1047/1047 1048/1048/1048
f 1054/1054/1054 1049/1049/1049 1047/1047/1047
f 1054/1054/1054 1047/1047/1047 1053/1053/1053
f 1051/1051/1051 1049/1049/1049 1055/1055/1055
f 1049/1049/1049 1054/1054/1054 1055/1055/1055
f 1056/1056/1056 1052/1052/1052 1051/1051/1051
f 1051/1051/1051 1055/1055/1055 1056/1056/1056
f 1053/1053/1053 1048/1048/1048 1057/1057/1057
f 1048/1048/1048 1058/1058/1058 1057/1057/1057
f 1059/1059/1059 1053/1053/1053 1057/1057/1057
f 1059/1059/1059 1054/1054/1054 1053/1053/1053
f 1060/1060/1060 1059/1059/1059 1057/1057/1057
f 1054/1054/1054 1059/1059/1059 1061/1061/1061
f 1059/1059/1059 1060/1060/1060 1061/1061/1061
f 1055/1055/1055 1054/1054/1054 1061/1061/1061
f 1060/1060/1060 1062/1062/1062 1061/1061/1061
f 1063/1063/1063 1061/1061/1061 1062/1062/1062
f 1055/1055/1055 1061/1061/1061 1063/1063/1063
f 1064/1064/1064 1063/1063/1063 1062/1062/1062
f 1056/1056/1056 1065/1065/1065 1052/1052/1052
f 1065/1065/1065 1066/1066/1066 1052/1052/1052
f 1055/1055/1055 1067/1067/1067 1056/1056/1056
f 1067/1067/1067 1055/1055/1055 1063/1063/1063
f 1067/1067/1067 1068/1068/1068 1056/1056/1056
f 1068/1068/1068 1067/1067/1067 1063/1063/1063
f 1068/1068/1068 1065/1065/1065 1056/1056/1056
f 1063/1063/1063 1064/1064/1064 1069/1069/1069
f 1069/1069/1069 1068/1068/1068 1063/1063/1063
f 1064/1064/1064 1070/1070/1070 1069/1069/1069
f 1069/1069/1069 1070/1070/1070 1071/1071/1071
f 1066/1066/1066 1065/1065/1065 1072/1072/1072
f 1073/1073/1073 1066/1066/1066 1072/1072/1072
f 1073/1073/1073 1072/1072/1072 1074/1074/1074
f 1072/1072/1072 1075/1075/1075 1074/1074/1074
f 1072/1072/1072 1065/1065/1065 1076/1076/1076
f 1072/1072/1072 1076/1076/1076 1075/1075/1075
f 1065/1065/1065 1068/1068/1068 1076/1076/1076
f 1076/1076/1076 1077/1077/1077 1075/1075/1075
f 1068/1068/1068 1069/1069/1069 1078/1078/1078
f 1076/1076/1076 1068/1068/1068 1078/1078/1078
f 1076/1076/1076 1078/1078/1078 1077/1077/1077
f 1078/1078/1078 1069/1069/1069 1071/1071/1071
f 1078/1078/1078 1079/1079/1079 1077/1077/1077
f 1078/1078/1078 1071/1071/1071 1079/1079/1079
f 1071/1071/1071 1080/1080/1080 1079/1079/1079
f 1083/1083/1083 1082/1082/1082 1081/1081/1081
f 1084/1084/1084 1083/1083/1083 1081/1081/1081
f 1085/1085/1085 1083/1083/1083 1084/1084/1084
f 1084/1084/1084 1081/1081/1081 1086/1086/1086
f 1081/1081/1081 1087/1087/1087 1086/1086/1086
f 1086/1086/1086 1087/1087/1087 1088/1088/1088
f 1089/1089/1089 1085/1085/1085 1084/1084/1084
f 1089/1089/1089 1084/1084/1084 1086/1086/1086
f 1090/1090/1090 1085/1085/1085 1089/1089/1089
f 1091/1091/1091 1090/1090/1090 1089/1089/1089
f 1092/1092/1092 1090/1090/1090 1091/1091/1091
f 1093/1093/1093 1092/1092/1092 1091/1091/1091
f 1093/1093/1093 1091/1091/1091 1094/1094/1094
f 1091/1091/1091 1089/1089/1089 1094/1094/1094
f 1095/1095/1095 1093/1093/1093 1094/1094/1094
f 1096/1096/1096 1089/1089/1089 1086/1086/1086
f 1089/1089/1089 1096/1096/1096 1094/1094/1094
f 1097/1097/1097 1086/1086/1086 1088/1088/1088
f 1096/1096/1096 1086/1086/1086 1097/1097/1097
f 1095/1095/1095 1094/1094/1094 1098/1098/1098
f 1099/1099/1099 1095/1095/1095 1098/1098/1098
f 1099/1099/1099 1098/1098/1098 1100/1100/1100
f 1094/1094/1094 1096/1096/1096 1101/1101/1101
f 1098/1098/1098 1094/1094/1094 1101/1101/1101
f 1101/1101/1101 1096/1096/1096 1097/1097/1097
f 1097/1097/1097 1088/1088/1088 1102/1102/1102
f 1088/1088/1088 1103/1103/1103 1102/1102/1102
f 1102/1102/1102 1103/1103/1103 1104/1104/1104
f 1098/1098/1098 1105/1105/1105 1100/1100/1100
f 1098/1098/1098 1101/1101/1101 1105/1105/1105
f 1101/1101/1101 1097/1097/1097 1106/1106/1106
f 1097/1097/1097 1102/1102/1102 1106/1106/1106
f 1101/1101/1101 1106/1106/1106 1105/1105/1105
f 1107/1107/1107 1102/1102/1102 1104/1104/1104
f 1106/1106/1106 1102/1102/1102 1107/1107/1107
f 1100/1100/1100 1105/1105/1105 1108/1108/1108
f 1109/1109/1109 1100/1100/1100 1108/1108/1108
f 1109/1109/1109 1108/1108/1108 1110/1110/1110
f 1105/1105/1105 1106/1106/1106 1111/1111/1111
f 1108/1108/1108 1105/1105/1105 1111/1111/1111
f 1111/1111/1111 1106/1106/1106 1107/1107/1107
f 1108/1108/1108 1112/1112/1112 1110/1110/1110
f 1108/1108/1108 1111/1111/1111 1112/1112/1112
f 1112/1112/1112 1113/1113/1113 1110/1110/1110
f 1111/1111/1111 1114/1114/1114 1112/1112/1112
f 1111/1111/1111 1107/1107/1107 1114/1114/1114
f 1114/1114/1114 1113/1113/1113 1112/1112/1112
f 1107/1107/1107 1104/1104/1104 1115/1115/1115
f 1107/1107/1107 1115/1115/1115 1114/1114/1114
f 1115/1115/1115 1113/1113/1113 1114/1114/1114
f 1104/1104/1104 1116/1116/1116 1115/1115/1115
f 1116/1116/1116 1113/1113/1113 1115/1115/1115
f 1119/1119/1119 1118/1118/1118 1117/1117/1117
f 1120/1120/1120 1117/1117/1117 1118/1118/1118
f 1121/1121/1121 1119/1119/1119 1117/1117/1117
f 1122/1122/1122 1119/1119/1119 1121/1121/1121
f 1123/1123/1123 1122/1122/1122 1121/1121/1121
f 1122/1122/1122 1123/1123/1123 1124/1124/1124
f 1123/1123/1123 1125/1125/1125 1124/1124/1124
f 1125/1125/1125 1123/1123/1123 1126/1126/1126
f 1127/1127/1127 1121/1121/1121 1117/1117/1117
f 1123/1123/1123 1121/1121/1121 1127/1127/1127
f 1120/1120/1120 1128/1128/1128 1117/1117/1117
f 1128/1128/1128 1127/1127/1127 1117/1117/1117
f 1123/1123/1123 1129/1129/1129 1126/1126/1126
f 1129/1129/1129 1123/1123/1123 1127/1127/1127
f 1129/1129/1129 1130/1130/1130 1126/1126/1126
f 1129/1129/1129 1127/1127/1127 1130/1130/1130
f 1130/1130/1130 1131/1131/1131 1126/1126/1126
f 1131/1131/1131 1130/1130/1130 1132/1132/1132
f 1130/1130/1130 1133/1133/1133 1132/1132/1132
f 1133/1133/1133 1130/1130/1130 1134/1134/1134
f 1127/1127/1127 1135/1135/1135 1130/1130/1130
f 1135/1135/1135 1127/1127/1127 1128/1128/1128
f 1130/1130/1130 1135/1135/1135 1134/1134/1134
f 1120/1120/1120 1136/1136/1136 1128/1128/1128
f 1136/1136/1136 1135/1135/1135 1128/1128/1128
f 1134/1134/1134 1135/1135/1135 1136/1136/1136
f 1120/1120/1120 1137/1137/1137 1136/1136/1136
f 1137/1137/1137 1134/1134/1134 1136/1136/1136
f 1140/1140/1140 1139/1139/1139 1138/1138/1138
f 1141/1141/1141 1140/1140/1140 1138/1138/1138
f 1138/1138/1138 1139/1139/1139 1142/1142/1142
f 1143/1143/1143 1141/1141/1141 1138/1138/1138
f 1144/1144/1144 1138/1138/1138 1142/1142/1142
f 1144/1144/1144 1142/1142/1142 1145/1145/1145
f 1142/1142/1142 1146/1146/1146 1145/1145/1145
f 1145/1145/1145 1146/1146/1146 1147/1147/1147
f 1148/1148/1148 1145/1145/1145 1147/1147/1147
f 1148/1148/1148 1149/1149/1149 1145/1145/1145
f 1144/1144/1144 1150/1150/1150 1138/1138/1138
f 1144/1144/1144 1145/1145/1145 1150/1150/1150
f 1149/1149/1149 1151/1151/1151 1145/1145/1145
f 1145/1145/1145 1151/1151/1151 1150/1150/1150
f 1149/1149/1149 1152/1152/1152 1151/1151/1151
f 1153/1153/1153 1143/1143/1143 1138/1138/1138
f 1150/1150/1150 1153/1153/1153 1138/1138/1138
f 1150/1150/1150 1151/1151/1151 1154/1154/1154
f 1150/1150/1150 1154/1154/1154 1153/1153/1153
f 1152/1152/1152 1155/1155/1155 1151/1151/1151
f 1151/1151/1151 1155/1155/1155 1154/1154/1154
f 1152/1152/1152 1156/1156/1156 1155/1155/1155
f 1155/1155/1155 1156/1156/1156 1154/1154/1154
f 1153/1153/1153 1157/1157/1157 1143/1143/1143
f 1154/1154/1154 1157/1157/1157 1153/1153/1153
f 1154/1154/1154 1156/1156/1156 1157/1157/1157
f 1157/1157/1157 1158/1158/1158 1143/1143/1143
f 1157/1157/1157 1156/1156/1156 1158/1158/1158
f 1161/1161/1161 1160/1160/1160 1159/1159/1159
f 1162/1162/1162 1159/1159/1159 1160/1160/1160
f 1163/1163/1163 1161/1161/1161 1159/1159/1159
f 1164/1164/1164 1161/1161/1161 1163/1163/1163
f 1165/1165/1165 1164/1164/1164 1163/1163/1163
f 1164/1164/1164 1165/1165/1165 1166/1166/1166
f 1165/1165/1165 1167/1167/1167 1166/1166/1166
f 1167/1167/1167 1165/1165/1165 1168/1168/1168
f 1169/1169/1169 1163/1163/1163 1159/1159/1159
f 1165/1165/1165 1163/1163/1163 1169/1169/1169
f 1162/1162/1162 1170/1170/1170 1159/1159/1159
f 1170/1170/1170 1169/1169/1169 1159/1159/1159
f 1165/1165/1165 1171/1171/1171 1168/1168/1168
f 1171/1171/1171 1165/1165/1165 1169/1169/1169
f 1171/1171/1171 1172/1172/1172 1168/1168/1168
f 1171/1171/1171 1169/1169/1169 1172/1172/1172
f 1172/1172/1172 1173/1173/1173 1168/1168/1168
f 1173/1173/1173 1172/1172/1172 1174/1174/1174
f 1172/1172/1172 1175/1175/1175 1174/1174/1174
f 1175/1175/1175 1172/1172/1172 1176/1176/1176
f 1169/1169/1169 1177/1177/1177 1172/1172/1172
f 1177/1177/1177 1169/1169/1169 1170/1170/1170
f 1172/1172/1172 1177/1177/1177 1176/1176/1176
f 1162/1162/1162 1178/1178/1178 1170/1170/1170
f 1178/1178/1178 1177/1177/1177 1170/1170/1170
f 1176/1176/1176 1177/1177/1177 1178/1178/1178
f 1162/1162/1162 1179/1179/1179 1178/1178/1178
f 1179/1179/1179 1176/1176/1176 1178/1178/1178
f 1182/1182/1182 1181/1181/1181 1180/1180/1180
f 1183/1183/1183 1182/1182/1182 1180/1180/1180
f 1180/1180/1180 1181/1181/1181 1184/1184/1184
f 1185/1185/1185 1183/1183/1183 1180/1180/1180
f 1186/1186/1186 1180/1180/1180 1184/1184/1184
f 1186/1186/1186 1184/1184/1184 1187/1187/1187
f 1184/1184/1184 1188/1188/1188 1187/1187/1187
f 1187/1187/1187 1188/1188/1188 1189/1189/1189
f 1190/1190/1190 1187/1187/1187 1189/1189/1189
f 1190/1190/1190 1191/1191/1191 1187/1187/1187
f 1186/1186/1186 1192/1192/1192 1180/1180/1180
f 1186/1186/1186 1187/1187/1187 1192/1192/1192
f 1191/1191/1191 1193/1193/1193 1187/1187/1187
f 1187/1187/1187 1193/1193/1193 1192/1192/1192
f 1191/1191/1191 1194/1194/1194 1193/1193/1193
f 1195/1195/1195 1185/1185/1185 1180/1180/1180
f 1192/1192/1192 1195/1195/1195 1180/1180/1180
f 1192/1192/1192 1193/1193/1193 1196/1196/1196
f 1192/1192/1192 1196/1196/1196 1195/1195/1195
f 1194/1194/1194 1197/1197/1197 1193/1193/1193
f 1193/1193/1193 1197/1197/1197 1196/1196/1196
f 1194/1194/1194 1198/1198/1198 1197/1197/1197
f 1197/1197/1197 1198/1198/1198 1196/1196/1196
f 1195/1195/1195 1199/1199/1199 1185/1185/1185
f 1196/1196/1196 1199/1199/1199 1195/1195/1195
f 1196/1196/1196 1198/1198/1198 1199/1199/1199
f 1199/1199/1199 1200/1200/1200 1185/1185/1185
f 1199/1199/1199 1198/1198/1198 1200/1200/1200
f 1203/1203/1203 1202/1202/1202 1201/1201/1201
f 1204/1204/1204 1201/1201/1201 1202/1202/1202
f 1205/1205/1205 1203/1203/1203 1201/1201/1201
f 1206/1206/1206 1203/1203/1203 1205/1205/1205
f 1207/1207/1207 1206/1206/1206 1205/1205/1205
f 1206/1206/1206 1207/1207/1207 1208/1208/1208
f 1207/1207/1207 1209/1209/1209 1208/1208/1208
f 1209/1209/1209 1207/1207/1207 1210/1210/1210
f 1211/1211/1211 1205/1205/1205 1201/1201/1201
f 1207/1207/1207 1205/1205/1205 1211/1211/1211
f 1204/1204/1204 1212/1212/1212 1201/1201/1201
f 1212/1212/1212 1211/1211/1211 1201/1201/1201
f 1207/1207/1207 1213/1213/1213 1210/1210/1210
f 1213/1213/1213 1207/1207/1207 1211/1211/1211
f 1213/1213/1213 1214/1214/1214 1210/1210/1210
f 1213/1213/1213 1211/1211/1211 1214/1214/1214
f 1214/1214/1214 1215/1215/1215 1210/1210/1210
f 1215/1215/1215 1214/1214/1214 1216/1216/1216
f 1214/1214/1214 1217/1217/1217 1216/1216/1216
f 1217/1217/1217 1214/1214/1214 1218/1218/1218
f 1211/1211/1211 1219/1219/1219 1214/1214/1214
f 1219/1219/1219 1211/1211/1211 1212/1212/1212
f 1214/1214/1214 1219/1219/1219 1218/1218/1218
f 1204/1204/1204 1220/1220/1220 1212/1212/1212
f 1220/1220/1220 1219/1219/1219 1212/1212/1212
f 1218/1218/1218 1219/1219/1219 1220/1220/1220
f 1204/1204/1204 1221/1221/1221 1220/1220/1220
f 1221/1221/1221 1218/1218/1218 1220/1220/1220
f 1224/1224/1224 1223/1223/1223 1222/1222/1222
f 1225/1225/1225 1224/1224/1224 1222/1222/1222
f 1222/1222/1222 1223/1223/1223 1226/1226/1226
f 1227/1227/1227 1225/1225/1225 1222/1222/1222
f 1228/1228/1228 1222/1222/1222 1226/1226/1226
f 1228/1228/1228 1226/1226/1226 1229/1229/1229
f 1226/1226/1226 1230/1230/1230 1229/1229/1229
f 1229/1229/1229 1230/1230/1230 1231/1231/1231
f 1232/1232/1232 1229/1229/1229 1231/1231/1231
f 1232/1232/1232 1233/1233/1233 1229/1229/1229
f 1228/1228/1228 1234/1234/1234 1222/1222/1222
f 1228/1228/1228 1229/1229/1229 1234/1234/1234
f 1233/1233/1233 1235/1235/1235 1229/1229/1229
f 1229/1229/1229 1235/1235/1235 1234/1234/1234
f 1233/1233/1233 1236/1236/1236 1235/1235/1235
f 1237/1237/1237 1227/1227/1227 1222/1222/1222
f 1234/1234/1234 1237/1237/1237 1222/1222/1222
f 1234/1234/1234 1235/1235/1235 1238/1238/1238
f 1234/1234/1234 1238/1238/1238 1237/1237/1237
f 1236/1236/1236 1239/1239/1239 1235/1235/1235
f 1235/1235/1235 1239/1239/1239 1238/1238/1238
f 1236/1236/1236 1240/1240/1240 1239/1239/1239
f 1239/1239/1239 1240/1240/1240 1238/1238/1238
f 1237/1237/1237 1241/1241/1241 1227/1227/1227
f 1238/1238/1238 1241/1241/1241 1237/1237/1237
f 1238/1238/1238 1240/1240/1240 1241/1241/1241
f 1241/1241/1241 1242/1242/1242 1227/1227/1227
f 1241/1241/1241 1240/1240/1240 1242/1242/1242
f 1245/1245/1245 1244/1244/1244 1243/1243/1243
f 1246/1246/1246 1243/1243/1243 1244/1244/1244
f 1247/1247/1247 1245/1245/1245 1243/1243/1243
f 1248/1248/1248 1245/1245/1245 1247/1247/1247
f 1249/1249/1249 1248/1248/1248 1247/1247/1247
f 1248/1248/1248 1249/1249/1249 1250/1250/1250
f 1249/1249/1249 1251/1251/1251 1250/1250/1250
f 1251/1251/1251 1249/1249/1249 1252/1252/1252
f 1253/1253/1253 1247/1247/1247 1243/1243/1243
f 1249/1249/1249 1247/1247/1247 1253/1253/1253
f 1246/1246/1246 1254/1254/1254 1243/1243/1243
f 1254/1254/1254 1253/1253/1253 1243/1243/1243
f 1249/1249/1249 1255/1255/1255 1252/1252/1252
f 1255/1255/1255 1249/1249/1249 1253/1253/1253
f 1255/1255/1255 1256/1256/1256 1252/1252/1252
f 1255/1255/1255 1253/1253/1253 1256/1256/1256
f 1256/1256/1256 1257/1257/1257 1252/1252/1252
f 1257/1257/1257 1256/1256/1256 1258/1258/1258
f 1256/1256/1256 1259/1259/1259 1258/1258/1258
f 1259/1259/1259 1256/1256/1256 1260/1260/1260
f 1253/1253/1253 1261/1261/1261 1256/1256/1256
f 1261/1261/1261 1253/1253/1253 1254/1254/1254
f 1256/1256/1256 1261/1261/1261 1260/1260/1260
f 1246/1246/1246 1262/1262/1262 1254/1254/1254
f 1262/1262/1262 1261/1261/1261 1254/1254/1254
f 1260/1260/1260 1261/1261/1261 1262/1262/1262
f 1246/1246/1246 1263/1263/1263 1262/1262/1262
f 1263/1263/1263 1260/1260/1260 1262/1262/1262
f 1266/1266/1266 1265/1265/1265 1264/1264/1264
f 1267/1267/1267 1266/1266/1266 1264/1264/1264
f 1264/1264/1264 1265/1265/1265 1268/1268/1268
f 1269/1269/1269 1267/1267/1267 1264/1264/1264
f 1270/1270/1270 1264/1264/1264 1268/1268/1268
f 1270/1270/1270 1268/1268/1268 1271/1271/1271
f 1268/1268/1268 1272/1272/1272 1271/1271/1271
f 1271/1271/1271 1272/1272/1272 1273/1273/1273
f 1274/1274/1274 1271/1271/1271 1273/1273/1273
f 1274/1274/1274 1275/1275/1275 1271/1271/1271
f 1270/1270/1270 1276/1276/1276 1264/1264/1264
f 1270/1270/1270 1271/1271/1271 1276/1276/1276
f 1275/1275/1275 1277/1277/1277 1271/1271/1271
f 1271/1271/1271 1277/1277/1277 1276/1276/1276
f 1275/1275/1275 1278/1278/1278 1277/1277/1277
f 1279/1279/1279 1269/1269/1269 1264/1264/1264
f 1276/1276/1276 1279/1279/1279 1264/1264/1264
f 1276/1276/1276 1277/1277/1277 1280/1280/1280
f 1276/1276/1276 1280/1280/1280 1279/1279/1279
f 1278/1278/1278 1281/1281/1281 1277/1277/1277
f 1277/1277/1277 1281/1281/1281 1280/1280/1280
f 1278/1278/1278 1282/1282/1282 1281/1281/1281
f 1281/1281/1281 1282/1282/1282 1280/1280/1280
f 1279/1279/1279 1283/1283/1283 1269/1269/1269
f 1280/1280/1280 1283/1283/1283 1279/1279/1279
f 1280/1280/1280 1282/1282/1282 1283/1283/1283
f 1283/1283/1283 1284/1284/1284 1269/1269/1269
f 1283/1283/1283 1282/1282/1282 1284/1284/1284
f 1287/1287/1287 1286/1286/1286 1285/1285/1285
f 1285/1285/1285 1286/1286/1286 1288/1288/1288
f 1289/1289/1289 1287/1287/1287 1285/1285/1285
f 1290/1290/1290 1285/1285/1285 1288/1288/1288
f 1290/1290/1290 1288/1288/1288 1291/1291/1291
f 1289/1289/1289 1292/1292/1292 1287/1287/1287
f 1290/1290/1290 1291/1291/1291 1293/1293/1293
f 1292/1292/1292 1294/1294/1294 1287/1287/1287
f 1292/1292/1292 1295/1295/1295 1294/1294/1294
f 1295/1295/1295 1292/1292/1292 1296/1296/1296
f 1292/1292/1292 1297/1297/1297 1296/1296/1296
f 1297/1297/1297 1298/1298/1298 1296/1296/1296
f 1297/1297/1297 1299/1299/1299 1298/1298/1298
f 1299/1299/1299 1300/1300/1300 1298/1298/1298
f 1300/1300/1300 1299/1299/1299 1301/1301/1301
f 1302/1302/1302 1300/1300/1300 1301/1301/1301
f 1301/1301/1301 1293/1293/1293 1302/1302/1302
f 1291/1291/1291 1303/1303/1303 1293/1293/1293
f 1293/1293/1293 1304/1304/1304 1302/1302/1302
f 1293/1293/1293 1303/1303/1303 1304/1304/1304
f 1307/1307/1307 1306/1306/1306 1305/1305/1305
f 1306/1306/1306 1307/1307/1307 1308/1308/1308
f 1308/1308/1308 1309/1309/1309 1306/1306/1306
f 1306/1306/1306 1310/1310/1310 1305/1305/1305
f 1309/1309/1309 1311/1311/1311 1306/1306/1306
f 1310/1310/1310 1312/1312/1312 1305/1305/1305
f 1309/1309/1309 1313/1313/1313 1311/1311/1311
f 1313/1313/1313 1314/1314/1314 1311/1311/1311
f 1313/1313/1313 1315/1315/1315 1314/1314/1314
f 1315/1315/1315 1316/1316/1316 1314/1314/1314
f 1316/1316/1316 1315/1315/1315 1317/1317/1317
f 1312/1312/1312 1310/1310/1310 1318/1318/1318
f 1319/1319/1319 1312/1312/1312 1318/1318/1318
f 1320/1320/1320 1319/1319/1319 1318/1318/1318
f 1321/1321/1321 1320/1320/1320 1318/1318/1318
f 1322/1322/1322 1320/1320/1320 1321/1321/1321
f 1316/1316/1316 1317/1317/1317 1323/1323/1323
f 1323/1323/1323 1322/1322/1322 1321/1321/1321
f 1317/1317/1317 1324/1324/1324 1323/1323/1323
f 1323/1323/1323 1324/1324/1324 1322/1322/1322
f 1327/1327/1327 1326/1326/1326 1325/1325/1325
f 1328/1328/1328 1326/1326/1326 1327/1327/1327
f 1329/1329/1329 1327/1327/1327 1325/1325/1325
f 1329/1329/1329 1325/1325/1325 1330/1330/1330
f 1325/1325/1325 1331/1331/1331 1330/1330/1330
f 1330/1330/1330 1331/1331/1331 1332/1332/1332
f 1333/1333/1333 1328/1328/1328 1327/1327/1327
f 1334/1334/1334 1328/1328/1328 1333/1333/1333
f 1328/1328/1328 1334/1334/1334 1335/1335/1335
f 1336/1336/1336 1328/1328/1328 1335/1335/1335
f 1337/1337/1337 1336/1336/1336 1335/1335/1335
f 1338/1338/1338 1336/1336/1336 1337/1337/1337
f 1339/1339/1339 1338/1338/1338 1337/1337/1337
f 1338/1338/1338 1339/1339/1339 1340/1340/1340
f 1339/1339/1339 1341/1341/1341 1340/1340/1340
f 1332/1332/1332 1331/1331/1331 1342/1342/1342
f 1342/1342/1342 1340/1340/1340 1341/1341/1341
f 1343/1343/1343 1332/1332/1332 1342/1342/1342
f 1344/1344/1344 1342/1342/1342 1341/1341/1341
f 1343/1343/1343 1342/1342/1342 1344/1344/1344
f 1347/1347/1347 1346/1346/1346 1345/1345/1345
f 1346/1346/1346 1347/1347/1347 1348/1348/1348
f 1348/1348/1348 1347/1347/1347 1349/1349/1349
f 1350/1350/1350 1347/1347/1347 1345/1345/1345
f 1347/1347/1347 1351/1351/1351 1349/1349/1349
f 1352/1352/1352 1350/1350/1350 1345/1345/1345
f 1353/1353/1353 1349/1349/1349 1351/1351/1351
f 1354/1354/1354 1353/1353/1353 1351/1351/1351
f 1353/1353/1353 1354/1354/1354 1355/1355/1355
f 1354/1354/1354 1356/1356/1356 1355/1355/1355
f 1355/1355/1355 1356/1356/1356 1357/1357/1357
f 1358/1358/1358 1350/1350/1350 1352/1352/1352
f 1359/1359/1359 1358/1358/1358 1352/1352/1352
f 1357/1357/1357 1356/1356/1356 1360/1360/1360
f 1359/1359/1359 1361/1361/1361 1358/1358/1358
f 1361/1361/1361 1362/1362/1362 1358/1358/1358
f 1360/1360/1360 1362/1362/1362 1361/1361/1361
f 1363/1363/1363 1357/1357/1357 1360/1360/1360
f 1364/1364/1364 1360/1360/1360 1361/1361/1361
f 1363/1363/1363 1360/1360/1360 1364/1364/1364
f 1367/1367/1367 1366/1366/1366 1365/1365/1365
f 1365/1365/1365 1366/1366/1366 1368/1368/1368
f 1369/1369/1369 1367/1367/1367 1365/1365/1365
f 1370/1370/1370 1365/1365/1365 1368/1368/1368
f 1370/1370/1370 1368/1368/1368 1371/1371/1371
f 1369/1369/1369 1372/1372/1372 1367/1367/1367
f 1370/1370/1370 1371/1371/1371 1373/1373/1373
f 1372/1372/1372 1374/1374/1374 1367/1367/1367
f 1372/1372/1372 1375/1375/1375 1374/1374/1374
f 1375/1375/1375 1372/1372/1372 1376/1376/1376
f 1372/1372/1372 1377/1377/1377 1376/1376/1376
f 1377/1377/1377 1378/1378/1378 1376/1376/1376
f 1377/1377/1377 1379/1379/1379 1378/1378/1378
f 1379/1379/1379 1380/1380/1380 1378/1378/1378
f 1380/1380/1380 1379/1379/1379 1381/1381/1381
f 1382/1382/1382 1380/1380/1380 1381/1381/1381
f 1381/1381/1381 1373/1373/1373 1382/1382/1382
f 1371/1371/1371 1383/1383/1383 1373/1373/1373
f 1373/1373/1373 1384/1384/1384 1382/1382/1382
f 1373/1373/1373 1383/1383/1383 1384/1384/1384
f 1387/1387/1387 1386/1386/1386 1385/1385/1385
f 1386/1386/1386 1387/1387/1387 1388/1388/1388
f 1386/1386/1386 1388/1388/1388 1389/1389/1389
f 1386/1386/1386 1390/1390/1390 1385/1385/1385
f 1391/1391/1391 1386/1386/1386 1389/1389/1389
f 1390/1390/1390 1392/1392/1392 1385/1385/1385
f 1389/1389/1389 1393/1393/1393 1391/1391/1391
f 1393/1393/1393 1394/1394/1394 1391/1391/1391
f 1394/1394/1394 1393/1393/1393 1395/1395/1395
f 1396/1396/1396 1394/1394/1394 1395/1395/1395
f 1396/1396/1396 1395/1395/1395 1397/1397/1397
f 1390/1390/1390 1398/1398/1398 1392/1392/1392
f 1398/1398/1398 1399/1399/1399 1392/1392/1392
f 1396/1396/1396 1397/1397/1397 1400/1400/1400
f 1401/1401/1401 1399/1399/1399 1398/1398/1398
f 1402/1402/1402 1401/1401/1401 1398/1398/1398
f 1402/1402/1402 1400/1400/1400 1401/1401/1401
f 1397/1397/1397 1403/1403/1403 1400/1400/1400
f 1400/1400/1400 1404/1404/1404 1401/1401/1401
f 1400/1400/1400 1403/1403/1403 1404/1404/1404
f 1407/1407/1407 1406/1406/1406 1405/1405/1405
f 1408/1408/1408 1406/1406/1406 1407/1407/1407
f 1409/1409/1409 1407/1407/1407 1405/1405/1405
f 1409/1409/1409 1405/1405/1405 1410/1410/1410
f 1405/1405/1405 1411/1411/1411 1410/1410/1410
f 1410/1410/1410 1411/1411/1411 1412/1412/1412
f 1413/1413/1413 1408/1408/1408 1407/1407/1407
f 1414/1414/1414 1408/1408/1408 1413/1413/1413
f 1408/1408/1408 1414/1414/1414 1415/1415/1415
f 1416/1416/1416 1408/1408/1408 1415/1415/1415
f 1417/1417/1417 1416/1416/1416 1415/1415/1415
f 1418/1418/1418 1416/1416/1416 1417/1417/1417
f 1419/1419/1419 1418/1418/1418 1417/1417/1417
f 1418/1418/1418 1419/1419/1419 1420/1420/1420
f 1419/1419/1419 1421/1421/1421 1420/1420/1420
f 1412/1412/1412 1411/1411/1411 1422/1422/1422
f 1422/1422/1422 1420/1420/1420 1421/1421/1421
f 1423/1423/1423 1412/1412/1412 1422/1422/1422
f 1424/1424/1424 1422/1422/1422 1421/1421/1421
f 1423/1423/1423 1422/1422/1422 1424/1424/1424
f 1427/1427/1427 1426/1426/1426 1425/1425/1425
f 1426/1426/1426 1427/1427/1427 1428/1428/1428
f 1428/1428/1428 1427/1427/1427 1429/1429/1429
f 1430/1430/1430 1427/1427/1427 1425/1425/1425
f 1427/1427/1427 1431/1431/1431 1429/1429/1429
f 1432/1432/1432 1430/1430/1430 1425/1425/1425
f 1433/1433/1433 1429/1429/1429 1431/1431/1431
f 1434/1434/1434 1433/1433/1433 1431/1431/1431
f 1433/1433/1433 1434/1434/1434 1435/1435/1435
f 1434/1434/1434 1436/1436/1436 1435/1435/1435
f 1435/1435/1435 1436/1436/1436 1437/1437/1437
f 1438/1438/1438 1430/1430/1430 1432/1432/1432
f 1439/1439/1439 1438/1438/1438 1432/1432/1432
f 1437/1437/1437 1436/1436/1436 1440/1440/1440
f 1439/1439/1439 1441/1441/1441 1438/1438/1438
f 1441/1441/1441 1442/1442/1442 1438/1438/1438
f 1440/1440/1440 1442/1442/1442 1441/1441/1441
f 1443/1443/1443 1437/1437/1437 1440/1440/1440
f 1444/1444/1444 1440/1440/1440 1441/1441/1441
f 1443/1443/1443 1440/1440/1440 1444/1444/1444
